/**
 * generated by fontconvert.py
 * name: inksans_18_regular
 * size: 18
 * mode: 2-bit  compressed: true
 * Command used: fontconvert.py inksans_18_regular 18 ../builtinFonts/source/Inter/Inter-Medium.ttf ../builtinFonts/source/NotoSansHebrew/NotoSansHebrew-Regular.ttf --2bit --compress --pnum --additional-intervals 0x05D0,0x05F4
 */
#pragma once
#include "EpdFontData.h"

static const uint8_t inksans_18_regularBitmaps[39837] = {
    0xCD, 0x5A, 0xBF, 0xB3, 0xE4, 0xC6, 0x71, 0x9E, 0x5D, 0xD4, 0x71, 0xAB, 0x8C, 0x00, 0x4E, 0x5E,
    0x74, 0x01, 0x1C, 0xBA, 0x54, 0xE5, 0xC2, 0x9F, 0x00, 0x50, 0x0E, 0x1C, 0x28, 0xB0, 0x82, 0x5B,
    0xAA, 0x4A, 0x0C, 0x2E, 0xA7, 0x82, 0xE7, 0xD0, 0x91, 0x07, 0x74, 0xA2, 0x80, 0x01, 0x5F, 0xE0,
    0x73, 0xD9, 0x64, 0x40, 0x47, 0x0A, 0x4D, 0xFD, 0x01, 0x26, 0x01, 0xCB, 0x81, 0x02, 0x06, 0x82,
    0xE5, 0x62, 0x4C, 0x48, 0xA5, 0x93, 0x02, 0x06, 0x07, 0xC9, 0x4B, 0x11, 0xEF, 0x08, 0xCC, 0xF8,
    0xFB, 0xBE, 0x06, 0x76, 0xF7, 0xEE, 0xDE, 0x1D, 0x8F, 0x77, 0x47, 0x95, 0xDF, 0xEE, 0x36, 0xF0,
    0x80, 0x99, 0x9E, 0x9E, 0x9E, 0x9E, 0xFE, 0x39, 0xC5, 0x50, 0xE0, 0x93, 0x3F, 0xF9, 0xE9, 0xCF,
    0x3F, 0x6E, 0xF9, 0x4B, 0xBB, 0x62, 0x28, 0x0F, 0xC5, 0x90, 0x76, 0xE5, 0x7F, 0x86, 0xE5, 0xDB,
    0x86, 0xB2, 0xB6, 0xEF, 0x7C, 0xFA, 0x56, 0xB3, 0xDB, 0x4C, 0xAE, 0xA8, 0x09, 0xCB, 0xCA, 0x6D,
    0x47, 0x57, 0x3A, 0x97, 0x1C, 0x16, 0xE8, 0x01, 0x07, 0xF7, 0xB1, 0x73, 0x3B, 0xC2, 0x5D, 0xC4,
    0xDF, 0x9C, 0x12, 0x4E, 0x06, 0x6F, 0xDD, 0xBD, 0xFF, 0xC6, 0x7C, 0xC7, 0x65, 0x2D, 0xFA, 0xB9,
    0x7C, 0x81, 0xE8, 0x07, 0x84, 0x0B, 0x1C, 0x1C, 0xD0, 0xA2, 0x77, 0xC9, 0xF6, 0xBD, 0x41, 0x4F,
    0xD8, 0x5D, 0x34, 0xFB, 0xBB, 0xF7, 0x2B, 0xA0, 0xCD, 0x5A, 0xE7, 0xE6, 0x05, 0xE6, 0x80, 0x2B,
    0x39, 0x8F, 0x11, 0xE5, 0x5C, 0x56, 0xDD, 0x08, 0xB7, 0x71, 0x06, 0x2C, 0x80, 0xD2, 0x39, 0x20,
    0x1E, 0x5D, 0x02, 0x18, 0x5C, 0x1A, 0xB2, 0xBF, 0x89, 0x2E, 0x1B, 0xB3, 0x2A, 0xD6, 0xD9, 0x90,
    0x55, 0xBE, 0xCD, 0x01, 0x2F, 0x2A, 0x42, 0xA7, 0xE7, 0x80, 0x81, 0x30, 0x89, 0x0F, 0x00, 0x37,
    0x42, 0x40, 0x42, 0xF1, 0xCF, 0x6B, 0x31, 0x82, 0x7E, 0x97, 0x0B, 0x75, 0x76, 0x37, 0x12, 0xBE,
    0x1E, 0x6B, 0x8E, 0xE8, 0x5B, 0xC2, 0xB2, 0x2D, 0x5B, 0xC1, 0x8E, 0xB0, 0x00, 0xCE, 0xA6, 0xCD,
    0xE6, 0xEC, 0xAF, 0x63, 0x9D, 0xC6, 0x07, 0x4D, 0x04, 0x51, 0x60, 0x8F, 0x73, 0x4D, 0x8C, 0x03,
    0xB1, 0x85, 0xEA, 0x26, 0xCA, 0x9B, 0x5A, 0xFC, 0xDD, 0x71, 0xAC, 0xAC, 0x77, 0x19, 0x7B, 0x80,
    0x03, 0x45, 0x1B, 0x1C, 0x67, 0x5C, 0x56, 0xE0, 0xBF, 0x6E, 0x4B, 0x72, 0x42, 0x57, 0x31, 0x14,
    0x1F, 0x34, 0xD7, 0x7B, 0x32, 0x8C, 0xED, 0xC9, 0x20, 0xF6, 0x47, 0x73, 0xE2, 0x63, 0x73, 0xE7,
    0xFE, 0xBD, 0x62, 0x73, 0x0D, 0xB7, 0x48, 0x06, 0x9B, 0xF3, 0xAF, 0x74, 0xE9, 0x35, 0xAF, 0xE8,
    0xC8, 0x59, 0xA1, 0xB9, 0x66, 0x9F, 0x0C, 0x9B, 0x29, 0x1D, 0xD8, 0x7C, 0x3B, 0xB2, 0x2B, 0x17,
    0x93, 0x0B, 0x89, 0x71, 0x75, 0x0D, 0x76, 0xDD, 0x4E, 0x4E, 0xEF, 0xF1, 0x55, 0x7B, 0x62, 0x67,
    0xFF, 0xA2, 0x75, 0xC2, 0x47, 0x62, 0x88, 0x7F, 0x4B, 0xDC, 0x58, 0x99, 0x91, 0x73, 0x25, 0x2B,
    0x37, 0xF1, 0x73, 0xB0, 0x72, 0x1B, 0x5C, 0x53, 0xB9, 0x04, 0x6B, 0x5B, 0x9F, 0xA0, 0xAF, 0xDD,
    0x76, 0x76, 0x64, 0x74, 0x4C, 0x38, 0x89, 0xE6, 0x83, 0x51, 0xAB, 0xD1, 0x6B, 0x19, 0xC8, 0xAD,
    0x82, 0x6B, 0x81, 0x71, 0x1C, 0x57, 0x2C, 0xB6, 0x79, 0x97, 0x4D, 0xE5, 0x90, 0x43, 0xD0, 0xB3,
    0xB1, 0xE8, 0xCA, 0x2E, 0x09, 0x5C, 0x93, 0x4D, 0x6C, 0x00, 0x31, 0x1A, 0x56, 0x05, 0x23, 0xBB,
    0xB2, 0x73, 0xD9, 0xEC, 0x8A, 0x83, 0x2B, 0x02, 0xF8, 0xF3, 0x1E, 0x16, 0x97, 0xD2, 0x11, 0xD9,
    0x62, 0x2E, 0x06, 0x97, 0xC6, 0xAB, 0x6C, 0x64, 0x3F, 0x7D, 0xEA, 0xB3, 0x4F, 0xE5, 0x80, 0x00,
    0x44, 0x45, 0x10, 0x4D, 0xCA, 0x40, 0xE2, 0x6E, 0x74, 0xE9, 0xC1, 0x65, 0x03, 0xBF, 0xD8, 0x6A,
    0x45, 0x47, 0xEC, 0x68, 0x75, 0xFC, 0x7A, 0x7D, 0xCF, 0x9F, 0xA0, 0x0D, 0x5A, 0x5A, 0x97, 0x74,
    0x24, 0x92, 0x04, 0x1B, 0x0E, 0xF3, 0xC3, 0x2C, 0x80, 0x9C, 0x63, 0xB2, 0x99, 0xB5, 0x59, 0x1A,
    0x4C, 0x64, 0x10, 0x06, 0x65, 0x1B, 0x4C, 0x1C, 0x42, 0x82, 0x96, 0x8F, 0xE1, 0x7D, 0x64, 0xC8,
    0x9A, 0x6D, 0xD0, 0x52, 0xA4, 0x26, 0x2B, 0xA9, 0x24, 0x72, 0x50, 0x2B, 0x2C, 0x42, 0xDA, 0x1E,
    0x7F, 0x7F, 0x99, 0xB6, 0x7F, 0x57, 0x7E, 0xEF, 0x67, 0xA3, 0xFF, 0xFC, 0x33, 0xEE, 0xE2, 0xCE,
    0x35, 0xE0, 0xAB, 0x1F, 0xB9, 0xBB, 0x6B, 0xFF, 0xD5, 0x83, 0xB1, 0xFC, 0xF1, 0xCF, 0xC7, 0xBF,
    0x4A, 0xDB, 0x9F, 0x9E, 0xF7, 0x71, 0x1B, 0xF2, 0xFE, 0x99, 0xA0, 0xE1, 0xD6, 0x3B, 0x81, 0x8B,
    0x37, 0xC2, 0xFE, 0xFB, 0xCF, 0xD1, 0x2D, 0x93, 0x0A, 0xC3, 0xFA, 0x91, 0xFB, 0x55, 0x09, 0x8D,
    0xF3, 0x0F, 0xEE, 0x23, 0x77, 0xB1, 0xDF, 0x57, 0x9E, 0xF4, 0x2C, 0xBF, 0x93, 0x3A, 0x73, 0x26,
    0x64, 0x35, 0xA5, 0xDF, 0x51, 0x3F, 0xB9, 0x46, 0x62, 0x4C, 0xE5, 0xA1, 0x4D, 0x02, 0xD9, 0x74,
    0x09, 0x44, 0x67, 0x07, 0x71, 0x95, 0x28, 0x0F, 0x26, 0xFD, 0xF9, 0xAB, 0xEB, 0x8A, 0xFD, 0x7C,
    0x25, 0xD9, 0x9C, 0x25, 0x8F, 0xE0, 0x7C, 0x12, 0x7F, 0x12, 0x25, 0x68, 0xA5, 0x98, 0x9E, 0x8D,
    0xAE, 0xE8, 0xDD, 0x6E, 0x22, 0xF7, 0xB1, 0x1E, 0x58, 0x23, 0x8A, 0x7C, 0xCD, 0x85, 0x87, 0xE0,
    0x63, 0x91, 0x28, 0xCF, 0xD1, 0x84, 0xFD, 0x26, 0xA8, 0xB7, 0xD6, 0xD2, 0x7A, 0x19, 0x06, 0xC3,
    0x66, 0x98, 0x6D, 0x94, 0x6C, 0xE2, 0x88, 0x36, 0xFA, 0x46, 0x94, 0x2C, 0x54, 0x19, 0x85, 0x19,
    0x7A, 0x86, 0x4D, 0x0C, 0x69, 0x0C, 0xE5, 0xC3, 0xE0, 0x7F, 0x19, 0xFC, 0x36, 0xFC, 0xFD, 0x36,
    0xFC, 0x39, 0x70, 0xBD, 0xF0, 0x37, 0xE5, 0x9E, 0x6E, 0x16, 0x2D, 0x8B, 0x2D, 0xF5, 0x7E, 0xAC,
    0xB1, 0xBB, 0x3C, 0x36, 0x20, 0x68, 0x02, 0x85, 0xD9, 0x00, 0x79, 0xCC, 0x86, 0x8B, 0x4A, 0xEC,
    0x33, 0x90, 0x13, 0x94, 0xD4, 0xAE, 0x0D, 0x65, 0x89, 0x64, 0xEE, 0xC8, 0xF7, 0x5C, 0x5B, 0x9C,
    0x2F, 0xB1, 0x21, 0x81, 0x90, 0xED, 0xA7, 0xE3, 0x23, 0xEA, 0x23, 0x36, 0x4D, 0xA5, 0xDE, 0xE7,
    0xFD, 0xFE, 0x0E, 0x0D, 0xC7, 0x78, 0x02, 0x36, 0xCB, 0x06, 0x5A, 0x8F, 0xB4, 0x54, 0x59, 0xFC,
    0xE7, 0xD8, 0x82, 0x96, 0x72, 0xE0, 0xA6, 0x17, 0x2D, 0x07, 0x90, 0x91, 0x52, 0x91, 0x0B, 0x88,
    0x16, 0xB0, 0x0F, 0x14, 0xB4, 0xEC, 0x42, 0xFC, 0x07, 0x29, 0x13, 0xB0, 0xFA, 0x87, 0xD2, 0x34,
    0x85, 0x1A, 0x93, 0x86, 0x44, 0x60, 0xDE, 0x13, 0x60, 0xCA, 0xC9, 0x0C, 0xD2, 0x53, 0x28, 0x1C,
    0x57, 0x8C, 0x39, 0x06, 0x1A, 0x68, 0x00, 0xA1, 0x6D, 0x60, 0x68, 0xDC, 0x6D, 0x31, 0x9B, 0x48,
    0x89, 0x8C, 0x30, 0x15, 0xCC, 0x05, 0x4B, 0xC1, 0x86, 0x33, 0x77, 0x11, 0x44, 0x41, 0x99, 0x10,
    0xEE, 0x26, 0x42, 0x91, 0x09, 0x9A, 0x08, 0xA9, 0x82, 0xB8, 0xE3, 0x01, 0xB1, 0xF0, 0x5C, 0x6C,
    0x09, 0x10, 0xB4, 0x02, 0x35, 0x84, 0x6D, 0xE5, 0x6E, 0xD9, 0xF3, 0x80, 0x54, 0x63, 0xB1, 0x3E,
    0x87, 0xFB, 0xFD, 0xDE, 0x7F, 0x4A, 0xF9, 0x2C, 0xA5, 0xE5, 0x6F, 0x84, 0x19, 0xC9, 0x3E, 0x81,
    0xFC, 0x0B, 0xEC, 0x34, 0xB9, 0x0D, 0x14, 0x72, 0xAA, 0x2B, 0x13, 0x75, 0xEB, 0x50, 0xB6, 0x98,
    0x7E, 0xF9, 0x09, 0x38, 0x03, 0xAB, 0x38, 0xCB, 0x86, 0x57, 0xFE, 0xB0, 0x8D, 0xED, 0xAD, 0xCA,
    0x79, 0xB1, 0x4B, 0x4B, 0x7C, 0x64, 0x70, 0x3A, 0xEA, 0xEE, 0x2D, 0x82, 0x48, 0x01, 0xC0, 0xA4,
    0xB1, 0x71, 0x07, 0xD7, 0x74, 0x79, 0x78, 0x93, 0xA6, 0x31, 0x52, 0xB3, 0x91, 0xE9, 0xB7, 0x69,
    0x11, 0xB7, 0x5C, 0xE3, 0x82, 0x2C, 0x24, 0x2D, 0x49, 0xFC, 0x2D, 0xD8, 0x0A, 0x1F, 0xE0, 0x40,
    0x5D, 0x38, 0x61, 0xA1, 0x12, 0xF1, 0xE8, 0x0E, 0xF7, 0x9D, 0xF3, 0x30, 0xDD, 0xAE, 0xF9, 0x2E,
    0x56, 0xBD, 0x01, 0xE5, 0x55, 0x04, 0x31, 0x1D, 0xCC, 0x6A, 0x33, 0xE0, 0x49, 0x3E, 0x46, 0x6E,
    0x0A, 0xAE, 0xEA, 0x0C, 0xB0, 0x9D, 0xB1, 0x6B, 0xB6, 0x41, 0xC0, 0xF3, 0x19, 0xD8, 0x96, 0x4C,
    0xA0, 0x35, 0x9B, 0x20, 0x5E, 0xC5, 0x61, 0x87, 0xFD, 0xD2, 0x73, 0xBB, 0x40, 0xAD, 0x72, 0xB7,
    0x50, 0x8C, 0x28, 0x50, 0xD3, 0x09, 0x40, 0x01, 0xDD, 0x1D, 0xD7, 0xB9, 0x15, 0x8F, 0x88, 0xAF,
    0xB6, 0xE7, 0x56, 0x56, 0x68, 0x5E, 0x85, 0x45, 0xCD, 0x4E, 0x52, 0xEE, 0xD5, 0x8C, 0x76, 0x55,
    0xCD, 0x64, 0x93, 0xD5, 0x6C, 0x3C, 0x36, 0xEB, 0x6F, 0x6E, 0x26, 0xA9, 0x83, 0x2A, 0xBE, 0x32,
    0x83, 0x79, 0x94, 0xEB, 0x0E, 0x5B, 0xA5, 0x1C, 0xC0, 0x92, 0xEC, 0x80, 0x11, 0xD2, 0x03, 0xE5,
    0xC2, 0xEE, 0x64, 0x3A, 0x80, 0xB8, 0xEC, 0x13, 0xB4, 0xAB, 0xCD, 0xCE, 0xFA, 0x78, 0x2D, 0x6F,
    0xAD, 0xCE, 0x67, 0xD7, 0x0C, 0x18, 0x2C, 0x1F, 0x31, 0xD8, 0x6E, 0x6A, 0x28, 0xC8, 0xD4, 0x57,
    0x02, 0xE1, 0x26, 0xB9, 0xDE, 0xC9, 0x3A, 0x4A, 0xAE, 0x53, 0x92, 0xF1, 0xE4, 0x7E, 0xE7, 0x1E,
    0xF3, 0xBD, 0xF6, 0x18, 0xF0, 0xA5, 0x23, 0x51, 0x4D, 0xDC, 0x4C, 0x02, 0x86, 0x9E, 0x2F, 0x82,
    0x87, 0x4A, 0x08, 0x25, 0x1A, 0x07, 0x74, 0x0B, 0x01, 0x98, 0xBF, 0x98, 0xC1, 0xF6, 0x5F, 0xCE,
    0xEE, 0xF6, 0xBC, 0x3D, 0xED, 0xB1, 0xE9, 0xAD, 0x0A, 0x2A, 0xD7, 0x53, 0x75, 0x00, 0x69, 0xD1,
    0x03, 0x3D, 0x7C, 0xA9, 0xF0, 0xBE, 0x4C, 0xB5, 0x64, 0x83, 0xFA, 0x18, 0xF2, 0x72, 0x6E, 0x05,
    0x1E, 0xFF, 0x3B, 0xBD, 0xDB, 0xF5, 0xF9, 0x58, 0x4C, 0xF9, 0xB8, 0xEB, 0x9F, 0x6C, 0x75, 0xB3,
    0xB5, 0xE1, 0xDF, 0x5F, 0xD0, 0x91, 0xE4, 0xCA, 0x5C, 0x0E, 0xE4, 0xFF, 0x40, 0x1E, 0x76, 0xB8,
    0x11, 0x33, 0xAF, 0x70, 0x33, 0xF2, 0x06, 0xAC, 0x90, 0x5F, 0x28, 0x4F, 0x51, 0x8A, 0x36, 0x8F,
    0xD2, 0x27, 0xD2, 0x66, 0x7C, 0xB5, 0x91, 0x12, 0xCE, 0x89, 0x60, 0xD3, 0x10, 0x5F, 0x2A, 0x0F,
    0xEC, 0xA7, 0xE6, 0x75, 0x81, 0x85, 0xC3, 0x09, 0x40, 0xC8, 0x60, 0x23, 0x6F, 0xF8, 0xD3, 0x8B,
    0xC7, 0x1A, 0x73, 0x0F, 0xB8, 0x51, 0x1E, 0xD0, 0xD5, 0x3A, 0x38, 0x49, 0x34, 0x1A, 0xDD, 0x25,
    0x6F, 0x57, 0x4F, 0xB8, 0x23, 0x1D, 0x1C, 0xD7, 0xAF, 0x93, 0x81, 0x3F, 0x84, 0x95, 0x3C, 0x18,
    0x79, 0x22, 0x54, 0x74, 0x6A, 0x32, 0xA4, 0xDD, 0x9D, 0x31, 0xEB, 0x76, 0xD0, 0x34, 0x7A, 0x74,
    0x80, 0x6A, 0xCD, 0xC3, 0x25, 0x94, 0xD1, 0xB0, 0x91, 0x5E, 0x6A, 0x6A, 0xB9, 0x22, 0x6F, 0x55,
    0xA6, 0x1F, 0x8E, 0x02, 0xBC, 0x95, 0x9E, 0x26, 0xA2, 0x72, 0x62, 0xE7, 0x7E, 0x51, 0xDD, 0x92,
    0xFA, 0x93, 0xEE, 0x15, 0x48, 0x6F, 0x58, 0x17, 0x3D, 0xCB, 0xB5, 0xD7, 0xC6, 0xF5, 0x6E, 0x69,
    0x77, 0x6B, 0x6F, 0x4D, 0x20, 0x3D, 0xF2, 0x58, 0xE5, 0x68, 0xB4, 0xF6, 0x20, 0xCA, 0xB3, 0x2C,
    0xC0, 0x90, 0x4B, 0xEE, 0xA0, 0xE6, 0x60, 0x5A, 0x78, 0x6B, 0xEE, 0x22, 0x54, 0x82, 0x3C, 0x46,
    0xFA, 0x6C, 0x07, 0x77, 0x4B, 0x1E, 0x27, 0x76, 0x4B, 0x33, 0x97, 0x30, 0xF8, 0x05, 0xD4, 0x4D,
    0x6C, 0xE0, 0x01, 0x94, 0x35, 0x15, 0x21, 0x24, 0xC1, 0x57, 0xD4, 0x0C, 0x30, 0xF0, 0x7C, 0x06,
    0xFB, 0x5B, 0xD6, 0x0D, 0x9D, 0x84, 0x06, 0x71, 0x48, 0x64, 0x08, 0xE4, 0xE5, 0x67, 0x7F, 0xB4,
    0xDE, 0xCC, 0xF4, 0x8A, 0x8B, 0x7A, 0x79, 0x52, 0xAE, 0x6D, 0x78, 0xD3, 0xB0, 0x97, 0xF0, 0xD0,
    0x27, 0xF3, 0xFC, 0x07, 0xA3, 0x55, 0xB8, 0xAD, 0xF2, 0x87, 0x97, 0xF1, 0x77, 0xD0, 0xA4, 0x2D,
    0x78, 0x7B, 0x09, 0xEE, 0x16, 0xDD, 0x36, 0x62, 0x77, 0xC8, 0x3F, 0xBC, 0xFC, 0xCD, 0x06, 0xBC,
    0x94, 0x3E, 0x71, 0xAB, 0x3E, 0x70, 0x32, 0x2C, 0xAB, 0xBC, 0x7B, 0x3A, 0x2A, 0x95, 0x44, 0xED,
    0xE1, 0x7B, 0x8D, 0x99, 0x9B, 0x68, 0x61, 0x0B, 0x38, 0x10, 0xE5, 0x6D, 0xBB, 0xCD, 0x87, 0xF1,
    0x9F, 0x8C, 0xA9, 0xD1, 0x64, 0x3E, 0x5A, 0xC0, 0x61, 0x6F, 0x8B, 0x68, 0x96, 0xE0, 0x81, 0x3A,
    0xF9, 0x0F, 0xC4, 0xE4, 0xE6, 0x6F, 0x25, 0xA4, 0x51, 0x2B, 0xB5, 0x89, 0x5A, 0xB5, 0xED, 0xBC,
    0xEC, 0x4E, 0x69, 0xB9, 0xDD, 0x24, 0x1D, 0x05, 0x05, 0x1F, 0x4D, 0xDD, 0x11, 0x1B, 0x34, 0x99,
    0x97, 0xF5, 0x72, 0x66, 0xBE, 0xA4, 0xD5, 0xA8, 0x3E, 0x07, 0x29, 0x74, 0x93, 0x32, 0xAE, 0xD1,
    0x26, 0xEE, 0xF7, 0x6F, 0x4E, 0x9A, 0x91, 0xB9, 0xA7, 0x72, 0x24, 0x24, 0x29, 0xA6, 0x13, 0xA1,
    0xE4, 0x0E, 0x52, 0xAF, 0x52, 0xB5, 0xBE, 0x95, 0x7A, 0x2C, 0x3B, 0xCD, 0x4D, 0xC1, 0x9C, 0x7C,
    0xF6, 0x78, 0xEF, 0x8D, 0xD8, 0x47, 0xEA, 0xE3, 0x48, 0x1A, 0x22, 0xE9, 0x01, 0xD8, 0x8D, 0xEB,
    0x9D, 0x9E, 0xF1, 0x2D, 0xA4, 0x60, 0xED, 0x76, 0x70, 0x66, 0x21, 0xD1, 0x97, 0xDD, 0x72, 0xF5,
    0x58, 0x34, 0x15, 0xE9, 0x00, 0xD8, 0x84, 0xF5, 0x4E, 0xCF, 0xB2, 0x09, 0x8D, 0x9B, 0x91, 0xDD,
    0x86, 0xD5, 0xBA, 0xFE, 0x86, 0x1C, 0xA6, 0xC9, 0x4A, 0x35, 0x2D, 0xEE, 0x48, 0x50, 0xFD, 0xF0,
    0x47, 0xB4, 0x5A, 0xD0, 0xB9, 0x03, 0x27, 0x93, 0x1F, 0x28, 0xB7, 0xD0, 0xA5, 0x94, 0xFE, 0xC9,
    0x2C, 0xBD, 0x76, 0x88, 0xE2, 0x3C, 0xB3, 0x1B, 0x47, 0xE8, 0xCE, 0xE0, 0xD9, 0x73, 0x6B, 0xE9,
    0x8F, 0x36, 0x1B, 0xBE, 0x82, 0xB0, 0x19, 0xE6, 0x4C, 0xA3, 0x70, 0x67, 0x35, 0xB0, 0x5F, 0xD7,
    0x18, 0x9D, 0x94, 0x84, 0x95, 0x2A, 0x51, 0x08, 0xCA, 0xAE, 0x9C, 0x31, 0xCD, 0x99, 0x70, 0xC4,
    0x7B, 0x6F, 0x92, 0x0B, 0xE0, 0xCC, 0xE4, 0xE4, 0xF3, 0x98, 0x9B, 0x59, 0x69, 0xCB, 0xB4, 0x51,
    0x23, 0x45, 0x6D, 0x18, 0xC2, 0xDC, 0xE0, 0xA0, 0x75, 0x7E, 0x0A, 0xB4, 0xB7, 0xD6, 0xD2, 0x7A,
    0x19, 0x06, 0xC3, 0x26, 0xCC, 0x36, 0x0A, 0x47, 0xBC, 0xF7, 0xA3, 0x65, 0x0D, 0xBA, 0x13, 0x55,
    0x46, 0xA1, 0x16, 0x69, 0x05, 0xF7, 0xE0, 0x88, 0xC4, 0x23, 0x53, 0xBE, 0x06, 0xA0, 0xB1, 0x10,
    0x54, 0x67, 0xE0, 0x1B, 0xF4, 0x55, 0x8F, 0xEE, 0x51, 0xF0, 0xC2, 0xB4, 0x58, 0x50, 0x0A, 0x79,
    0x38, 0x03, 0xA2, 0xEF, 0x1B, 0x21, 0x38, 0x89, 0xC3, 0x63, 0x72, 0x16, 0x8E, 0x72, 0x86, 0x55,
    0x1F, 0x28, 0x01, 0xC5, 0xB9, 0x9C, 0xCD, 0x5F, 0x2B, 0x67, 0x30, 0x26, 0xD1, 0x24, 0xB6, 0x3A,
    0xC1, 0x46, 0x5E, 0x87, 0x97, 0x37, 0x2E, 0x0C, 0xC1, 0xB0, 0x11, 0xF3, 0xEE, 0x5C, 0xCE, 0xA0,
    0xF8, 0x1F, 0x2E, 0x72, 0x16, 0x45, 0xD5, 0xB8, 0xCA, 0xD9, 0x49, 0x0E, 0x5E, 0x0E, 0x1E, 0xF7,
    0xD9, 0x11, 0x82, 0x7B, 0x97, 0xC3, 0x2B, 0xC3, 0xEF, 0x5E, 0xEC, 0xB3, 0x84, 0x0A, 0xDF, 0x02,
    0x80, 0x09, 0x05, 0x68, 0x17, 0xD0, 0xC9, 0xAD, 0x97, 0x63, 0x0F, 0xC7, 0x07, 0x6E, 0x39, 0x1C,
    0xE5, 0x6A, 0xF7, 0xA8, 0xA3, 0xAC, 0x5D, 0xD5, 0x69, 0x57, 0x51, 0x2E, 0x33, 0xE5, 0x49, 0x0A,
    0xE9, 0xE2, 0xA6, 0x57, 0xD8, 0x0F, 0x8F, 0x0D, 0x06, 0x91, 0xEB, 0xCD, 0xB5, 0x83, 0xF1, 0x3A,
    0x28, 0x90, 0x64, 0x46, 0x4C, 0x49, 0x98, 0xA8, 0x78, 0x2B, 0x2A, 0xBA, 0x8A, 0x65, 0x58, 0xE3,
    0x56, 0x17, 0x03, 0xED, 0x41, 0xA4, 0xFF, 0xE7, 0xE2, 0xC0, 0x78, 0x2C, 0xB6, 0xD4, 0x65, 0xF4,
    0xBD, 0x9C, 0x30, 0xD7, 0x1A, 0xA5, 0x23, 0x44, 0x23, 0x69, 0x50, 0xC2, 0x74, 0x3E, 0xD7, 0x25,
    0xB5, 0x76, 0x7F, 0xF7, 0x82, 0x22, 0xFF, 0xF2, 0x60, 0xD5, 0x07, 0xF5, 0x19, 0x90, 0xD7, 0x01,
    0xFA, 0xCC, 0x45, 0x70, 0x51, 0x81, 0x65, 0x34, 0xC7, 0x89, 0x57, 0x91, 0xBC, 0x5C, 0xB9, 0x67,
    0x7D, 0x2D, 0x43, 0xC0, 0xED, 0xB0, 0x9D, 0x79, 0xED, 0xE4, 0xD1, 0x46, 0xFA, 0x11, 0x30, 0x1A,
    0x91, 0x11, 0x37, 0xEC, 0x4B, 0xCC, 0x0E, 0xD2, 0x82, 0x11, 0x6C, 0xA2, 0xEE, 0x8B, 0x8C, 0xD2,
    0xBA, 0xA8, 0xAC, 0x15, 0xB5, 0x60, 0x54, 0xD0, 0x2E, 0x19, 0xAA, 0x4C, 0x92, 0x9A, 0xB7, 0xED,
    0xEA, 0x7F, 0x36, 0xEB, 0x5A, 0xFE, 0xD7, 0xA4, 0x6B, 0xF1, 0x3F, 0xA3, 0xAE, 0xD9, 0xEF, 0x0E,
    0x76, 0xFD, 0x6A, 0xD0, 0x75, 0x17, 0x7B, 0x5D, 0x13, 0xAD, 0x2A, 0x53, 0x89, 0x76, 0xB5, 0x14,
    0xCF, 0x92, 0x17, 0x52, 0xC4, 0x0C, 0x7A, 0x06, 0xC1, 0x83, 0xE0, 0x24, 0x18, 0x04, 0xCD, 0x1A,
    0x36, 0x8C, 0x81, 0x39, 0x13, 0x40, 0xA3, 0x9F, 0x49, 0x83, 0x43, 0x84, 0x63, 0x04, 0x88, 0xD5,
    0xD3, 0x8C, 0x6A, 0x42, 0xB8, 0xDC, 0x88, 0xD9, 0xCA, 0x9E, 0x10, 0x11, 0x18, 0x20, 0xEC, 0x0D,
    0x60, 0x12, 0x08, 0x37, 0x91, 0xD0, 0xC5, 0x77, 0x09, 0xCB, 0x4F, 0x08, 0x8B, 0xCF, 0x15, 0xE3,
    0x45, 0xC2, 0x9D, 0xE0, 0x56, 0xD0, 0x19, 0xF4, 0x82, 0x94, 0x43, 0xE9, 0xB3, 0xD5, 0x44, 0x99,
    0x46, 0x33, 0x95, 0xE6, 0x4C, 0xC3, 0x38, 0x33, 0x9E, 0xCE, 0xB4, 0x9A, 0x33, 0x45, 0x24, 0xEB,
    0x07, 0x56, 0x9A, 0x8B, 0x69, 0x9A, 0x0D, 0x0C, 0xB5, 0xAC, 0xE9, 0x7A, 0x91, 0xAD, 0x3C, 0x5E,
    0x1E, 0x79, 0xB7, 0x74, 0x58, 0xBA, 0x2F, 0xC8, 0x16, 0xD4, 0xCB, 0x40, 0xCB, 0xB0, 0x0B, 0x11,
    0xCE, 0xEC, 0xE9, 0x4A, 0xE0, 0x42, 0xAE, 0x11, 0x2F, 0x8B, 0xC5, 0xDC, 0xF7, 0xEA, 0x4B, 0xFC,
    0x50, 0x7E, 0x48, 0x29, 0x3F, 0xE4, 0xE4, 0x50, 0xDC, 0x00, 0xF4, 0x22, 0x23, 0xC8, 0xC1, 0x63,
    0x44, 0x04, 0x47, 0x2B, 0xB3, 0xF8, 0x26, 0xF7, 0xF6, 0x2F, 0x66, 0x1F, 0x9E, 0xCE, 0xCF, 0xFE,
    0x1B, 0xF3, 0xB3, 0x7A, 0x01, 0x7E, 0x6E, 0x67, 0xE3, 0x27, 0xC5, 0x1E, 0x03, 0x95, 0x9F, 0x88,
    0x9F, 0xB9, 0xE2, 0xC4, 0x2A, 0x95, 0x07, 0x78, 0x7D, 0xB9, 0xF0, 0x33, 0x9A, 0x3D, 0x93, 0xE7,
    0x79, 0x19, 0x2E, 0xCD, 0xAF, 0x57, 0xAE, 0x40, 0x94, 0x3D, 0xEE, 0xB1, 0x40, 0xDA, 0xC9, 0x60,
    0xE9, 0x38, 0xF9, 0x2D, 0x99, 0x34, 0xCE, 0xCE, 0xBC, 0x97, 0xA7, 0xC0, 0x74, 0x3A, 0xE9, 0x26,
    0xAC, 0xE6, 0xD1, 0xDF, 0x88, 0x95, 0xD5, 0x04, 0x80, 0x93, 0x01, 0x7D, 0x54, 0x48, 0x12, 0xE5,
    0x8A, 0x46, 0x65, 0xA2, 0xA2, 0x92, 0x4F, 0x4C, 0xC7, 0x9E, 0xEB, 0x38, 0x1B, 0x57, 0x38, 0x77,
    0xD2, 0x74, 0x0C, 0xF8, 0x37, 0xCD, 0xB5, 0x7C, 0xEF, 0xB3, 0x42, 0xC3, 0xFD, 0x26, 0xB0, 0x81,
    0x76, 0x12, 0xF5, 0x20, 0x23, 0x1C, 0x16, 0x1A, 0x60, 0x76, 0x2B, 0x05, 0xFA, 0xE6, 0xDF, 0x52,
    0x11, 0xC9, 0x5B, 0x1F, 0xE5, 0x60, 0xCB, 0x9D, 0x2C, 0xE5, 0xAF, 0xBF, 0x66, 0x16, 0xF5, 0xB6,
    0x56, 0x11, 0x7A, 0xAA, 0x3A, 0x66, 0x92, 0x8E, 0x5E, 0xE0, 0x92, 0x1B, 0xEA, 0x08, 0xE9, 0x1F,
    0xB3, 0xD0, 0xC0, 0x18, 0x27, 0x8D, 0xF7, 0x3F, 0x3C, 0x16, 0x1A, 0x3C, 0x03, 0x36, 0x60, 0xBB,
    0x36, 0x0F, 0x3C, 0x0E, 0xE7, 0xF0, 0x62, 0xEF, 0xEF, 0x33, 0xD2, 0x54, 0x72, 0xE2, 0xFF, 0x0D,
    0x3C, 0xF3, 0x36, 0xFF, 0x54, 0xB0, 0xA2, 0xFD, 0xA5, 0x28, 0x97, 0x1D, 0xB9, 0x8B, 0x40, 0x83,
    0x82, 0x5A, 0xE7, 0x13, 0x8D, 0x27, 0xF8, 0xD9, 0xCC, 0xE2, 0xE7, 0x41, 0x4C, 0x6C, 0xC9, 0xCF,
    0x71, 0xC9, 0xD5, 0x94, 0xDD, 0x12, 0x9A, 0x2C, 0x81, 0xCA, 0x12, 0xB6, 0xEC, 0x2C, 0x88, 0x61,
    0x8C, 0x84, 0x90, 0x66, 0x09, 0x70, 0x36, 0x26, 0xAD, 0xD4, 0xD7, 0x94, 0x72, 0x8C, 0xC7, 0x4E,
    0x5E, 0x49, 0x3C, 0xA7, 0x14, 0x87, 0x05, 0x4D, 0xDD, 0x31, 0x84, 0xC2, 0x7B, 0x52, 0xC5, 0xF0,
    0xAA, 0x3A, 0x06, 0x5B, 0xC9, 0xBC, 0xA5, 0x50, 0x6C, 0x83, 0x25, 0x85, 0xE2, 0x72, 0xD9, 0x49,
    0xA0, 0xFC, 0xBB, 0x92, 0xAE, 0xF2, 0x17, 0x76, 0xF9, 0x4C, 0x5C, 0xB5, 0x84, 0x23, 0x84, 0xAD,
    0xB5, 0xF8, 0xAF, 0xB2, 0xC0, 0x79, 0xE1, 0x37, 0x03, 0xC6, 0x58, 0x73, 0x70, 0x09, 0xB0, 0xE4,
    0x13, 0x42, 0xC3, 0x18, 0x6C, 0x50, 0xBE, 0x00, 0xC3, 0x81, 0x90, 0x2D, 0xEE, 0x30, 0x09, 0x16,
    0x23, 0xC0, 0x08, 0xD6, 0x12, 0x10, 0xB9, 0x7D, 0x35, 0xEA, 0x82, 0x7F, 0xBE, 0x9C, 0xF4, 0x0A,
    0x0D, 0xFE, 0x30, 0xA9, 0x39, 0x3A, 0xFD, 0x7E, 0x36, 0x14, 0x2E, 0xEB, 0x83, 0x26, 0x19, 0xC5,
    0x72, 0x0D, 0x55, 0x15, 0x5D, 0x63, 0xC3, 0xD7, 0x65, 0xEB, 0xAB, 0x45, 0x98, 0xEB, 0xB2, 0xF6,
    0xBA, 0xE3, 0x13, 0x4E, 0x9D, 0xAD, 0x8A, 0x56, 0xB9, 0x13, 0xF4, 0xCC, 0x3B, 0x0B, 0x36, 0x80,
    0x5B, 0x4B, 0xA7, 0x11, 0x7E, 0xAF, 0x74, 0x1B, 0x46, 0xE5, 0x0F, 0xF3, 0xFA, 0xA3, 0x51, 0xE3,
    0x44, 0x5D, 0xF2, 0xE5, 0xE8, 0x2C, 0x9F, 0xAB, 0x9C, 0xAE, 0x66, 0xB1, 0x55, 0x0E, 0x44, 0x99,
    0x90, 0x68, 0x01, 0x6E, 0x6F, 0x3F, 0xE3, 0x40, 0xD3, 0x59, 0xA6, 0x19, 0xFB, 0x97, 0x8E, 0x0F,
    0x56, 0x94, 0x8A, 0xB3, 0x18, 0x94, 0x88, 0xF6, 0x9D, 0x69, 0x07, 0x26, 0xBF, 0x5A, 0x65, 0xFB,
    0xCA, 0x5E, 0xE9, 0x04, 0xD8, 0x46, 0x65, 0x39, 0x27, 0x6D, 0x6F, 0xE5, 0x16, 0x39, 0xC6, 0xE2,
    0x7A, 0x9B, 0x8A, 0x2E, 0x67, 0x2B, 0xB6, 0x59, 0x28, 0x5F, 0xD8, 0xC5, 0x2F, 0xD1, 0x9E, 0x56,
    0x45, 0x89, 0x49, 0x25, 0x81, 0x95, 0x17, 0x19, 0x97, 0x4C, 0xB8, 0x82, 0xFF, 0xA6, 0x4D, 0xCC,
    0xA9, 0xA2, 0xF3, 0xC5, 0x5B, 0x65, 0xE8, 0x44, 0x2B, 0x9B, 0x29, 0x13, 0x28, 0x07, 0xAC, 0xB1,
    0xA4, 0xF9, 0x92, 0x40, 0x27, 0x59, 0xD4, 0x0A, 0x93, 0x52, 0x07, 0x89, 0xE9, 0x44, 0xCE, 0x21,
    0x93, 0x57, 0xA7, 0x66, 0x20, 0xD6, 0x77, 0x9A, 0xA3, 0xDC, 0x87, 0x51, 0x72, 0xB6, 0x9B, 0x2C,
    0xF5, 0x18, 0x34, 0x3A, 0x2D, 0xBD, 0x62, 0x89, 0x0F, 0x4C, 0xB2, 0x4C, 0x96, 0x0A, 0xCB, 0x1E,
    0x98, 0x1A, 0x5B, 0xF2, 0x2A, 0x4B, 0xB2, 0xF2, 0x95, 0x5C, 0xA8, 0xA6, 0xC2, 0x09, 0xEC, 0x95,
    0x2F, 0x58, 0x94, 0xE7, 0xB2, 0xF1, 0x8E, 0xA9, 0xA6, 0x95, 0x80, 0xB3, 0x97, 0xDD, 0x33, 0x5E,
    0x96, 0x8F, 0xBC, 0x4C, 0x1E, 0x7B, 0x79, 0x1F, 0x43, 0x31, 0xA3, 0x14, 0x4F, 0xE0, 0x62, 0x5F,
    0x95, 0xB1, 0x5E, 0xBE, 0xB5, 0x7B, 0xC5, 0xDF, 0x4F, 0xCF, 0x90, 0x57, 0x56, 0x53, 0x62, 0xC2,
    0x9D, 0xE9, 0x77, 0xD6, 0x9A, 0x68, 0x40, 0x98, 0x32, 0x64, 0x0D, 0x8A, 0xB5, 0x28, 0xE6, 0x49,
    0x55, 0xCC, 0x9D, 0x97, 0x4C, 0x1D, 0x6B, 0x56, 0xAC, 0x5D, 0xBD, 0xA2, 0xCE, 0x08, 0x0E, 0xA3,
    0xB9, 0x23, 0x2F, 0xF2, 0x59, 0x3A, 0x47, 0xF7, 0x67, 0x57, 0x56, 0x3B, 0x61, 0xFA, 0x8F, 0x59,
    0xAA, 0xB9, 0xC1, 0xC0, 0x65, 0x95, 0x8C, 0x45, 0xBB, 0x1B, 0xB2, 0x2E, 0xEB, 0xD3, 0x3E, 0xC7,
    0x5D, 0x59, 0x27, 0xA3, 0xC7, 0x1B, 0x30, 0xFD, 0x89, 0x20, 0xBC, 0x6C, 0xF3, 0x3E, 0x1D, 0x12,
    0x96, 0xAE, 0x67, 0x4B, 0x3D, 0xAF, 0x95, 0x1D, 0xAB, 0x32, 0xC1, 0x26, 0xFB, 0xF6, 0x76, 0xB7,
    0xD4, 0x28, 0xD6, 0x78, 0xEA, 0x35, 0xF8, 0x3B, 0x97, 0xB0, 0x7D, 0xCC, 0x06, 0xF6, 0x79, 0xBC,
    0x9F, 0xF7, 0x70, 0x39, 0x73, 0x46, 0x56, 0xF9, 0x12, 0x68, 0x81, 0xE7, 0xF8, 0x77, 0x13, 0xFB,
    0xF2, 0xE1, 0x25, 0x9B, 0xC4, 0xCF, 0xD8, 0x38, 0xEF, 0xE1, 0xA1, 0xAA, 0x89, 0x0A, 0xB1, 0xCF,
    0x04, 0x18, 0xC2, 0xFF, 0x18, 0x06, 0xDA, 0x7F, 0xA0, 0x72, 0xE4, 0x7B, 0xB1, 0xF7, 0xAC, 0xBB,
    0x79, 0x96, 0xE0, 0x20, 0x7A, 0xBB, 0x89, 0x45, 0x06, 0x81, 0xD9, 0xD7, 0x06, 0xB6, 0xCB, 0x5D,
    0xBB, 0x80, 0x09, 0xED, 0xD2, 0xC9, 0x7A, 0xA8, 0xAF, 0xB0, 0x08, 0x9F, 0x30, 0x73, 0x0C, 0x58,
    0x1B, 0x16, 0xF5, 0x2D, 0xF2, 0xB3, 0x72, 0x48, 0xAF, 0xDA, 0x35, 0x66, 0x9E, 0x8E, 0x2C, 0x87,
    0x5C, 0x49, 0x96, 0xCB, 0xF6, 0x69, 0x60, 0xE1, 0x4C, 0xF2, 0x6F, 0xEA, 0xA1, 0xBE, 0xC2, 0x22,
    0x7C, 0xC2, 0x6C, 0x63, 0x30, 0x63, 0xF0, 0x35, 0x20, 0x0D, 0xDF, 0x9D, 0xA1, 0xB2, 0x7E, 0x3D,
    0xC3, 0x1E, 0xFE, 0x71, 0xDE, 0xC5, 0x9F, 0x84, 0x99, 0xB5, 0x93, 0x99, 0x51, 0xC4, 0xCC, 0x31,
    0x54, 0x54, 0x99, 0x15, 0x2C, 0xAD, 0x60, 0x73, 0xFE, 0x2F, 0xDF, 0x2A, 0x05, 0x0B, 0x5A, 0xB2,
    0x99, 0xB4, 0x00, 0xCB, 0x6F, 0x03, 0xF1, 0x7D, 0x41, 0xCC, 0xBF, 0xE2, 0x18, 0xAF, 0xCF, 0x56,
    0xC3, 0x63, 0xD1, 0x52, 0x05, 0x19, 0xD6, 0x30, 0x7A, 0x6C, 0x4F, 0x9E, 0x6C, 0xE1, 0xA4, 0x5B,
    0xCB, 0xA4, 0x01, 0xD0, 0xCD, 0x21, 0x98, 0x0D, 0x7C, 0xBA, 0xDF, 0xDF, 0x39, 0xCD, 0x5C, 0x32,
    0x81, 0x1E, 0xC9, 0x08, 0x22, 0xB3, 0x51, 0x95, 0xA4, 0x8D, 0x5C, 0xC0, 0x92, 0x2A, 0xF9, 0x35,
    0x3A, 0x5C, 0x1B, 0xE8, 0xFB, 0x4C, 0x4F, 0x5A, 0xE7, 0x1F, 0xAA, 0x66, 0xCE, 0x1A, 0xAB, 0x55,
    0x5B, 0x2B, 0xA6, 0x95, 0xDB, 0xF5, 0xB7, 0x8F, 0xF7, 0xAA, 0xF5, 0xF9, 0x4B, 0xFD, 0x76, 0xE1,
    0xF5, 0xC0, 0xB9, 0x06, 0x10, 0x73, 0x1D, 0x38, 0xFF, 0x40, 0x4E, 0x04, 0xF2, 0x24, 0x90, 0x3B,
    0x81, 0x7C, 0x0A, 0xE4, 0xD8, 0x11, 0x6C, 0xCE, 0xFF, 0xD5, 0x5B, 0x70, 0x3B, 0x90, 0x1D, 0x81,
    0x2B, 0x10, 0x58, 0xBD, 0x0A, 0x5B, 0xE2, 0x03, 0xCD, 0xBF, 0xE2, 0x39, 0x97, 0xD7, 0xCD, 0x4D,
    0xD0, 0xC2, 0x6D, 0xAE, 0xC0, 0x2C, 0x86, 0xA8, 0x13, 0xCB, 0x46, 0x87, 0x44, 0x4C, 0x68, 0x68,
    0x74, 0xC8, 0x84, 0x6F, 0x20, 0xEE, 0xB3, 0xC4, 0xBD, 0xF2, 0x2C, 0xF8, 0x78, 0xB8, 0x27, 0x9D,
    0xEF, 0xB5, 0x91, 0xC0, 0x66, 0x7F, 0xAC, 0xF2, 0xBE, 0x0C, 0x28, 0xAA, 0xA6, 0x05, 0xBB, 0xDB,
    0xA2, 0x5A, 0x92, 0xDB, 0xF5, 0xF3, 0x7E, 0xDC, 0x7F, 0x50, 0x97, 0x27, 0x51, 0x1A, 0xFD, 0xA3,
    0x53, 0x15, 0x61, 0x13, 0x5E, 0xCD, 0x17, 0xE6, 0xF0, 0x72, 0x72, 0xCD, 0xC8, 0x40, 0xE2, 0xE3,
    0xEA, 0xF9, 0x98, 0xE6, 0x3C, 0x75, 0x09, 0xB6, 0x33, 0x44, 0x18, 0xFF, 0x66, 0x3C, 0xD0, 0x02,
    0x8B, 0x8B, 0x30, 0x0A, 0xD2, 0xF6, 0x8F, 0x74, 0x28, 0xDE, 0x61, 0x29, 0xE9, 0x81, 0x5C, 0x4B,
    0x55, 0x97, 0x54, 0x50, 0xE2, 0xB3, 0x3F, 0xF0, 0x6D, 0xCB, 0x76, 0x35, 0x96, 0xDA, 0x4B, 0xD1,
    0xD5, 0x29, 0x11, 0x08, 0xD5, 0x86, 0x48, 0xC9, 0xFF, 0x9A, 0x7A, 0xA3, 0x7E, 0xC1, 0xCF, 0xDB,
    0x4D, 0xCD, 0x44, 0x90, 0x7F, 0x27, 0x0E, 0x2C, 0xFF, 0x60, 0x6D, 0x27, 0x0F, 0xF5, 0xEA, 0x3F,
    0xBE, 0x3B, 0xB3, 0xC0, 0xE3, 0xB1, 0x5D, 0x06, 0xB0, 0x13, 0x6A, 0x0A, 0x5E, 0x85, 0xE2, 0x3C,
    0xAF, 0x72, 0x8F, 0x8E, 0x97, 0x88, 0xE9, 0x7F, 0xA2, 0xEB, 0xA3, 0xD2, 0xD7, 0x7C, 0x5B, 0xD2,
    0xF7, 0x4C, 0x65, 0x3B, 0xAD, 0x0A, 0xEE, 0xB4, 0x21, 0x2D, 0x4D, 0x1A, 0xD7, 0xBB, 0x4D, 0xD0,
    0x5B, 0xB5, 0x53, 0x8F, 0xA7, 0x2A, 0xDB, 0xC7, 0xCD, 0x47, 0xF3, 0x6D, 0x99, 0x8F, 0xE7, 0x13,
    0x53, 0xBA, 0xAE, 0x54, 0xBB, 0x54, 0xC0, 0x52, 0xC5, 0xAF, 0x4C, 0xB5, 0x47, 0x33, 0x15, 0x32,
    0x1A, 0x66, 0x3E, 0x9E, 0xC3, 0xCC, 0x28, 0x77, 0xFD, 0x76, 0xF0, 0xEF, 0x06, 0xFF, 0x61, 0xF0,
    0xF1, 0x5F, 0x3D, 0x4B, 0xCB, 0xCB, 0x39, 0xAA, 0x55, 0x26, 0xBE, 0xE6, 0x8B, 0xD8, 0xB9, 0xB6,
    0x5C, 0xE9, 0x8E, 0x19, 0x1A, 0xFA, 0x0A, 0x8C, 0xDF, 0x1B, 0x46, 0x3A, 0xA5, 0xC2, 0x1D, 0x2B,
    0xB9, 0x67, 0x4C, 0x9B, 0xEC, 0x74, 0x12, 0x8F, 0xE5, 0x6C, 0x46, 0xDE, 0x3A, 0xE8, 0x77, 0xB2,
    0x9C, 0x4B, 0x2A, 0xB6, 0xC7, 0x16, 0xC8, 0xC3, 0xFB, 0x3A, 0xAE, 0xC0, 0x1C, 0x01, 0x1B, 0xDF,
    0x66, 0x7A, 0x6B, 0x76, 0x4F, 0xFC, 0x58, 0x6D, 0x5F, 0x7F, 0x3F, 0x08, 0x77, 0x6E, 0x6C, 0xF3,
    0xCC, 0x9F, 0x6A, 0xAD, 0xFF, 0xC2, 0x44, 0xAC, 0xB2, 0x92, 0x2C, 0xA2, 0xBE, 0xB4, 0x6C, 0x6B,
    0x9B, 0x94, 0x3A, 0x7A, 0xD1, 0xF1, 0x34, 0xCC, 0xC0, 0xD4, 0x6E, 0x78, 0xF3, 0xC1, 0x90, 0xC5,
    0xF8, 0x0B, 0xEC, 0xF2, 0xC8, 0x62, 0xE3, 0x41, 0xD5, 0xF6, 0x35, 0x20, 0x5C, 0xE3, 0xB7, 0xC3,
    0x1A, 0xFA, 0x4D, 0xCB, 0x29, 0xB2, 0x84, 0x99, 0x42, 0x2A, 0xC5, 0x4C, 0x61, 0x1D, 0x1B, 0x37,
    0x0A, 0xE2, 0xFC, 0x92, 0x97, 0xA0, 0x09, 0x2D, 0x2C, 0x5C, 0xEB, 0xC3, 0x12, 0xAA, 0x59, 0x70,
    0x66, 0x81, 0x19, 0xFD, 0xEE, 0xC3, 0x1A, 0x86, 0xAD, 0xE1, 0x97, 0x42, 0x51, 0x3B, 0xDA, 0xC6,
    0xE8, 0x8F, 0xC7, 0xF1, 0x6A, 0x1E, 0x69, 0x69, 0x75, 0xFC, 0x85, 0x05, 0xCF, 0xA8, 0xD2, 0x68,
    0x8F, 0x81, 0xF3, 0x3E, 0xF9, 0x6A, 0xD8, 0x32, 0xC2, 0x4C, 0xBE, 0x1C, 0x40, 0x54, 0x36, 0xEC,
    0xFE, 0xF7, 0x40, 0xE2, 0x0E, 0xE9, 0xAF, 0x27, 0x52, 0x38, 0x66, 0xFF, 0x3D, 0xA5, 0x8C, 0x54,
    0xB3, 0x76, 0x02, 0x95, 0xDB, 0x29, 0x6F, 0x67, 0x78, 0xC3, 0x9B, 0xB9, 0xA8, 0x3F, 0xA6, 0x67,
    0x1C, 0xCA, 0xCA, 0xD3, 0x4B, 0x6E, 0x4A, 0x57, 0x8A, 0x72, 0xEF, 0x0A, 0x4F, 0x07, 0x18, 0xB8,
    0xA3, 0x95, 0xAC, 0x15, 0xD7, 0x20, 0x4E, 0xCB, 0x82, 0x45, 0x07, 0x3A, 0x72, 0x84, 0x79, 0x33,
    0x8A, 0xD7, 0x41, 0x07, 0x04, 0x0B, 0x4C, 0x8D, 0x82, 0x5C, 0xA6, 0xA1, 0xAA, 0x6D, 0xE0, 0xC2,
    0x29, 0x22, 0xF7, 0xEF, 0xD0, 0xED, 0xFD, 0x6C, 0x58, 0xC2, 0x6E, 0x1D, 0x97, 0x50, 0xFC, 0xA6,
    0x3B, 0x45, 0xE4, 0x0A, 0xD2, 0x9B, 0xEF, 0xB1, 0x0E, 0xAA, 0x03, 0x80, 0x60, 0x34, 0x23, 0xFD,
    0x5A, 0x67, 0x7A, 0x98, 0x0F, 0xE0, 0x39, 0x99, 0x6C, 0x7C, 0xB9, 0xE5, 0xA8, 0x9F, 0xB9, 0x1C,
    0x8A, 0x98, 0x2D, 0x46, 0x3E, 0x8B, 0x8A, 0x97, 0x83, 0x0C, 0x76, 0xAC, 0x65, 0xD1, 0x0E, 0xCD,
    0xA9, 0x3E, 0x29, 0x97, 0x62, 0xF3, 0xE1, 0xB4, 0x04, 0xD6, 0x84, 0x5C, 0x3D, 0x95, 0x12, 0x94,
    0x65, 0xAA, 0x4E, 0xE0, 0x62, 0xFF, 0x83, 0x78, 0x3C, 0xE6, 0x72, 0x58, 0x4F, 0xB8, 0x1C, 0x8F,
    0x7B, 0x29, 0xC2, 0x54, 0xF5, 0xE1, 0xD1, 0x80, 0xCD, 0x38, 0x35, 0xAD, 0x35, 0xFF, 0x92, 0xC7,
    0x91, 0x18, 0x84, 0xD5, 0x27, 0xE0, 0xDC, 0x2D, 0x43, 0x92, 0xEA, 0xE8, 0x42, 0xA5, 0x9C, 0xB2,
    0x4D, 0x99, 0xA7, 0x82, 0x6E, 0xFE, 0xC9, 0xB1, 0xB3, 0x19, 0x78, 0x2E, 0xD2, 0x15, 0x13, 0xD2,
    0xD8, 0xC6, 0xF3, 0x32, 0x37, 0x05, 0x42, 0xD5, 0xD3, 0x7F, 0x3A, 0xEA, 0xC7, 0x48, 0xF9, 0xDA,
    0x0A, 0xE8, 0x3B, 0x4E, 0xE2, 0xB2, 0xFA, 0x0E, 0x5E, 0x7E, 0x5B, 0x9F, 0xEF, 0x8B, 0x23, 0xCC,
    0x09, 0x4F, 0x0C, 0x61, 0x97, 0x43, 0xA2, 0x37, 0x7E, 0x31, 0x3B, 0x1E, 0xB7, 0xD3, 0x79, 0xCF,
    0x34, 0xBA, 0xF2, 0x5A, 0x67, 0x40, 0x9F, 0xD2, 0x58, 0xA7, 0xF6, 0xE0, 0xCF, 0x40, 0x8D, 0x61,
    0xF9, 0xB8, 0x0E, 0x17, 0x5A, 0x5C, 0xDA, 0x26, 0xF4, 0x86, 0xA3, 0xC3, 0x94, 0xA6, 0x36, 0x5C,
    0xF3, 0xF9, 0x4C, 0x95, 0x19, 0x79, 0x26, 0x97, 0x87, 0x92, 0x2F, 0x94, 0xBC, 0xFA, 0x3F, 0xDD,
    0x5B, 0xBF, 0x93, 0xE5, 0xC6, 0x71, 0x9E, 0x07, 0x94, 0x0E, 0x2C, 0x21, 0x40, 0x44, 0x95, 0x4B,
    0x17, 0xC0, 0x31, 0xCB, 0x2A, 0x24, 0x4E, 0xEF, 0xF0, 0xC8, 0x84, 0x81, 0x03, 0x5F, 0x70, 0x8F,
    0x09, 0x03, 0x25, 0x4E, 0x2C, 0x06, 0xFB, 0x0F, 0x88, 0x04, 0xE8, 0xC4, 0x81, 0x03, 0x5E, 0x22,
    0x05, 0x66, 0x40, 0x06, 0x2A, 0x97, 0x4D, 0x07, 0x4A, 0x1D, 0x1C, 0x17, 0xA0, 0x15, 0x32, 0x10,
    0xCA, 0x55, 0x2A, 0x07, 0x0E, 0x8C, 0x92, 0x8E, 0x27, 0x95, 0x2E, 0x20, 0x48, 0x83, 0x65, 0xEC,
    0x1D, 0x80, 0xF1, 0xF7, 0x7D, 0x3D, 0x6F, 0x7F, 0xDC, 0xEE, 0x1E, 0x29, 0x89, 0xDE, 0x23, 0xF7,
    0xBD, 0xDD, 0x9E, 0x59, 0x60, 0x7E, 0x74, 0xF7, 0xF4, 0x74, 0xF7, 0xF4, 0xF4, 0xA6, 0x5D, 0x31,
    0x94, 0x63, 0x31, 0xA4, 0x9D, 0x0B, 0x9F, 0xAC, 0xCF, 0xF7, 0xDF, 0xE1, 0xB2, 0x6F, 0x31, 0x38,
    0x77, 0x8B, 0x8D, 0x4F, 0xC0, 0x5B, 0x5B, 0xE7, 0x72, 0x3F, 0x39, 0xD7, 0x78, 0xBF, 0x8D, 0xBC,
    0xF7, 0x5D, 0xE2, 0xDF, 0xAC, 0x86, 0x6C, 0xBA, 0x95, 0x8D, 0xF9, 0x70, 0x2B, 0x99, 0xCA, 0xFE,
    0xD6, 0xC6, 0x95, 0x2D, 0x1A, 0x5F, 0x0E, 0x3A, 0x80, 0x62, 0xB8, 0x15, 0x3F, 0xC8, 0xC6, 0x5B,
    0xE9, 0x94, 0x2E, 0xB7, 0x8A, 0x21, 0xC6, 0x50, 0xBD, 0x03, 0xA8, 0x5D, 0xE1, 0x17, 0xE7, 0x22,
    0x7F, 0xCF, 0x9D, 0x9B, 0xFC, 0xE0, 0x08, 0x00, 0x2D, 0x5B, 0xE2, 0xE0, 0x81, 0x5C, 0x79, 0x74,
    0x30, 0x03, 0x95, 0x36, 0x5E, 0x9D, 0xF3, 0x6E, 0x83, 0x1F, 0xAB, 0x60, 0x80, 0xBB, 0x82, 0xEE,
    0x2C, 0x5C, 0x09, 0xBF, 0xB7, 0xEE, 0x76, 0xE8, 0x8A, 0xB9, 0xCE, 0x42, 0xA7, 0xB7, 0x67, 0xA0,
    0x3F, 0x05, 0xED, 0x09, 0xC6, 0xA9, 0xB6, 0xD1, 0x4C, 0x58, 0x7C, 0xB1, 0xDB, 0x79, 0xF5, 0x35,
    0xB8, 0x08, 0xF6, 0xEE, 0x05, 0xF7, 0x9D, 0x3B, 0xEE, 0x4E, 0xB1, 0xF1, 0xAB, 0x1B, 0xAB, 0x77,
    0xBC, 0xFF, 0xCD, 0xAC, 0x36, 0x53, 0xE6, 0xEF, 0xA5, 0xBE, 0x4F, 0x16, 0x22, 0x9C, 0x02, 0xF9,
    0xA2, 0xCD, 0x3A, 0xAE, 0x43, 0x51, 0x3B, 0x97, 0x0C, 0x25, 0x18, 0x1B, 0x8F, 0x25, 0xA6, 0x88,
    0x26, 0xC2, 0x8D, 0xC1, 0xF9, 0xA4, 0x8E, 0xE7, 0x6A, 0x93, 0x83, 0xFC, 0x74, 0xC8, 0x7A, 0xF6,
    0x4D, 0x27, 0xF2, 0x34, 0x23, 0xED, 0x7D, 0xE9, 0x8F, 0x0E, 0xFC, 0x54, 0x61, 0xAA, 0x27, 0x73,
    0x91, 0x78, 0xFF, 0xF6, 0xF8, 0x82, 0x3B, 0x98, 0xDC, 0x9D, 0xB2, 0x25, 0x67, 0xCA, 0xDE, 0x81,
    0x4B, 0xF9, 0xE0, 0xE2, 0xD9, 0x65, 0x93, 0x43, 0xC7, 0x04, 0x95, 0xD1, 0xC5, 0x0B, 0x1F, 0xB2,
    0x41, 0x47, 0x4A, 0x2B, 0x0C, 0x5E, 0xD5, 0x7E, 0xCB, 0x61, 0x49, 0x77, 0xF1, 0x1F, 0xE4, 0x5C,
    0xF6, 0x3F, 0xA0, 0xD8, 0xA5, 0x5C, 0x77, 0xF0, 0x7F, 0x60, 0xD5, 0xFB, 0x31, 0x40, 0x4C, 0xC5,
    0x47, 0xAE, 0xD9, 0xBA, 0x00, 0xED, 0xC9, 0xE9, 0x36, 0xA7, 0xDF, 0x5E, 0x06, 0xAB, 0xED, 0x65,
    0x5F, 0x77, 0xE6, 0xF3, 0x8C, 0x76, 0x37, 0xB1, 0x48, 0x1B, 0xC8, 0x24, 0x31, 0x18, 0x5D, 0xB6,
    0x42, 0x3A, 0xB2, 0x21, 0x02, 0x85, 0x1D, 0x48, 0x03, 0xF8, 0x1B, 0x47, 0xB6, 0x91, 0x7E, 0xD2,
    0xA1, 0xB5, 0xED, 0x49, 0x0C, 0xBA, 0x95, 0x8F, 0x50, 0xAD, 0x5C, 0x33, 0x63, 0xA1, 0x53, 0x8F,
    0x75, 0xDE, 0xF8, 0x9A, 0x8F, 0x5B, 0xA0, 0x96, 0xB7, 0xE0, 0x5E, 0xD6, 0x66, 0x18, 0xA8, 0x8D,
    0x7D, 0x87, 0x65, 0xA8, 0xD6, 0x85, 0x64, 0x72, 0x37, 0x35, 0xA4, 0x3D, 0x25, 0x7F, 0xA2, 0xC5,
    0xE4, 0x04, 0x0B, 0xBA, 0xA2, 0x23, 0xA4, 0xAD, 0x18, 0xB1, 0xDC, 0x99, 0xF7, 0x33, 0xA5, 0x76,
    0xE0, 0xA6, 0xC1, 0x5A, 0x43, 0x3A, 0xDC, 0x6D, 0x7C, 0xFD, 0x16, 0xDF, 0xDA, 0xD7, 0x0D, 0x4A,
    0xFE, 0x8D, 0xCF, 0xCE, 0x28, 0x2C, 0x3C, 0x05, 0xDD, 0x69, 0x7B, 0x39, 0xC9, 0xBA, 0x38, 0xDF,
    0x1C, 0xB9, 0x03, 0x11, 0x58, 0xE3, 0x55, 0xED, 0x28, 0x49, 0xAE, 0x02, 0x62, 0x23, 0x9E, 0x64,
    0x83, 0xC3, 0x4E, 0xF6, 0x53, 0x32, 0x61, 0x66, 0xC8, 0x00, 0x56, 0x19, 0xCB, 0xF8, 0xD0, 0xBF,
    0xBD, 0xBA, 0x06, 0x78, 0x71, 0x31, 0x9B, 0x78, 0x72, 0x59, 0xD7, 0x38, 0x9F, 0x0C, 0xEE, 0x3B,
    0xDB, 0xCA, 0xAD, 0x09, 0x31, 0x3F, 0x29, 0xED, 0x79, 0xA3, 0x76, 0x79, 0xDB, 0xB8, 0xEA, 0x15,
    0xF6, 0x03, 0x25, 0x1C, 0xE7, 0xE5, 0xC5, 0x15, 0x5D, 0xE5, 0x57, 0x4A, 0xCF, 0x80, 0x79, 0x52,
    0xAC, 0xEC, 0x8C, 0x79, 0xA1, 0x22, 0xC4, 0xC8, 0xA6, 0x15, 0x2F, 0x13, 0x49, 0x8E, 0xFF, 0x69,
    0xB3, 0x38, 0x13, 0x12, 0x0E, 0x8D, 0x15, 0xF1, 0x5A, 0xC3, 0xEF, 0xFA, 0x07, 0x5A, 0x40, 0xC9,
    0xCC, 0xB6, 0x78, 0xDC, 0xB4, 0x90, 0xDD, 0xFE, 0x86, 0xE3, 0x6E, 0xC0, 0xEF, 0xF7, 0x9A, 0x01,
    0xCF, 0x87, 0xD2, 0x3F, 0x1A, 0xAA, 0x2E, 0x19, 0x1A, 0x3C, 0x5B, 0x31, 0x5B, 0x03, 0x5D, 0x51,
    0xFD, 0xDE, 0x0F, 0x85, 0xFF, 0xED, 0x10, 0xF9, 0x57, 0x29, 0xAC, 0x10, 0x57, 0x08, 0x2E, 0x04,
    0x18, 0x4B, 0x09, 0x19, 0x46, 0x03, 0x2C, 0x10, 0x70, 0x68, 0x28, 0xEA, 0x91, 0xBD, 0x5C, 0xCE,
    0xBE, 0x2C, 0x7B, 0x0A, 0x38, 0x94, 0x14, 0x9E, 0x24, 0xEA, 0x6A, 0x2D, 0xD1, 0x8B, 0x8B, 0x82,
    0xD7, 0xFD, 0xBE, 0x43, 0x7C, 0xF2, 0x7A, 0x87, 0x8F, 0x3F, 0xF5, 0x09, 0xDA, 0xE0, 0xA9, 0xDF,
    0x37, 0x7E, 0x66, 0xD4, 0x8A, 0x76, 0x92, 0xEC, 0xEF, 0xDD, 0x9C, 0xB9, 0xD1, 0xF0, 0x32, 0xE5,
    0xDC, 0x75, 0xF6, 0x91, 0xEF, 0xB3, 0xB6, 0x78, 0xD9, 0xCF, 0x49, 0x57, 0x6E, 0x86, 0xDB, 0xF1,
    0x70, 0x1B, 0x30, 0x0A, 0xF0, 0xD6, 0xC6, 0xCF, 0xAC, 0xFB, 0x31, 0x1A, 0xF0, 0xF6, 0x7E, 0x3C,
    0x14, 0x1B, 0xE8, 0xD2, 0x3E, 0xFF, 0x68, 0x28, 0xB2, 0x96, 0x23, 0x14, 0x75, 0x4C, 0x9D, 0x0B,
    0xA4, 0xB6, 0xC4, 0xAD, 0xF2, 0x61, 0x13, 0xD6, 0x24, 0x00, 0x6F, 0x5E, 0xDC, 0xDD, 0xAD, 0xFC,
    0x6C, 0x3F, 0xAE, 0x81, 0x6C, 0x40, 0xFC, 0x73, 0x6A, 0xA4, 0x87, 0xD8, 0xD2, 0xDB, 0x72, 0x7B,
    0xE8, 0xF2, 0xFA, 0x43, 0xAC, 0x2A, 0xCB, 0x0A, 0xF8, 0xF0, 0x39, 0xDF, 0xB3, 0x1D, 0xDB, 0x9B,
    0x82, 0xBC, 0x00, 0xBC, 0xF8, 0xDA, 0xBA, 0xBB, 0x43, 0x9D, 0x32, 0x9E, 0x80, 0x4B, 0x1B, 0x9F,
    0x7C, 0x5E, 0x04, 0xDF, 0xCE, 0x75, 0x6B, 0x1E, 0x10, 0x65, 0x97, 0x3F, 0xF6, 0x58, 0xF7, 0xA2,
    0x7B, 0x69, 0x4B, 0xFD, 0x87, 0x5D, 0xE9, 0xA4, 0xA1, 0xB6, 0x12, 0x68, 0x9A, 0x9C, 0x20, 0xDB,
    0xF9, 0xE3, 0x0F, 0xDE, 0x2F, 0x25, 0x0F, 0x20, 0xB6, 0x9A, 0x24, 0x33, 0x39, 0x64, 0x06, 0x7A,
    0x53, 0xBA, 0x8F, 0x1A, 0x14, 0x44, 0x60, 0x7B, 0xA2, 0xF1, 0x77, 0x1B, 0xAE, 0x2E, 0x3A, 0x27,
    0x23, 0x64, 0x6A, 0x80, 0x6C, 0xF5, 0x62, 0x0F, 0x98, 0x93, 0x8E, 0x90, 0xD8, 0xAE, 0x04, 0xDD,
    0x1F, 0x62, 0x4F, 0xB0, 0xD1, 0xD7, 0x06, 0xDB, 0x00, 0xA1, 0x41, 0xAB, 0xCE, 0x95, 0x03, 0x45,
    0x1B, 0xFA, 0xA0, 0xF2, 0xEF, 0x62, 0x07, 0x83, 0xE8, 0xDF, 0xFA, 0x6D, 0xF5, 0x9E, 0xFF, 0x05,
    0xE0, 0xDF, 0x2D, 0xD4, 0x5B, 0xB5, 0xC4, 0xFF, 0x2B, 0x43, 0x92, 0x3C, 0x71, 0x9C, 0x89, 0xAA,
    0x60, 0x82, 0x9E, 0x7A, 0x1D, 0x56, 0x64, 0x89, 0xA7, 0x82, 0xA0, 0x7C, 0x26, 0xC8, 0x09, 0xD4,
    0x38, 0x21, 0xD8, 0x10, 0xB8, 0x82, 0x60, 0xF3, 0x2F, 0xB1, 0xF4, 0xDF, 0x1F, 0x06, 0xD2, 0x63,
    0x0F, 0xE2, 0x07, 0xEE, 0x07, 0xAE, 0xDC, 0x96, 0xA3, 0x9B, 0xDC, 0xEC, 0xE6, 0x66, 0x6C, 0x3A,
    0xE8, 0x81, 0xD4, 0xD7, 0x25, 0x7E, 0xCA, 0xFA, 0x2F, 0xCB, 0xDA, 0x3D, 0xFB, 0xA7, 0x38, 0xA2,
    0x66, 0xAB, 0xD3, 0xB5, 0x19, 0xF2, 0x1E, 0x0E, 0x43, 0x1B, 0xCD, 0x50, 0xDD, 0x4B, 0x05, 0xD5,
    0xD9, 0x60, 0xF1, 0xF9, 0xCB, 0x3A, 0x9F, 0xF1, 0x1D, 0xDB, 0xB0, 0x6D, 0x24, 0xDF, 0xE0, 0x08,
    0x76, 0x8A, 0x36, 0xCA, 0x9C, 0x93, 0x74, 0xA6, 0x2A, 0x8F, 0x57, 0xDA, 0x7F, 0x88, 0x8D, 0x36,
    0xE0, 0x25, 0xAF, 0x23, 0x4F, 0x98, 0xCC, 0xD4, 0xD4, 0x39, 0x5C, 0x15, 0xB5, 0xEC, 0x42, 0x2F,
    0x7B, 0x99, 0xCE, 0x34, 0xA7, 0xD6, 0xD5, 0x86, 0xD1, 0xA7, 0x34, 0xC9, 0x74, 0x87, 0x4E, 0x92,
    0xB6, 0xA1, 0xC7, 0xB1, 0xD0, 0x10, 0x3B, 0x77, 0x1F, 0x25, 0xB7, 0xE7, 0xFB, 0x14, 0xD7, 0xD6,
    0xDC, 0x03, 0x1A, 0x69, 0x96, 0x87, 0xE6, 0x2E, 0xB0, 0x39, 0x4B, 0x36, 0x67, 0xC9, 0xE6, 0x2C,
    0xD5, 0x1C, 0xA5, 0x9A, 0xA3, 0x3C, 0xA4, 0x31, 0x76, 0x0B, 0x9A, 0x17, 0x2C, 0xD1, 0xBC, 0x64,
    0x0F, 0x34, 0x6F, 0x58, 0xE6, 0xED, 0xE6, 0xF1, 0x28, 0x64, 0xE2, 0xCF, 0x47, 0x21, 0x93, 0xFC,
    0x7A, 0x14, 0x32, 0xD9, 0xBF, 0x8F, 0x42, 0xA6, 0x78, 0x65, 0x54, 0xF3, 0x32, 0x1A, 0x85, 0x4C,
    0x23, 0xCF, 0x66, 0x6B, 0x25, 0x90, 0xF9, 0xD1, 0xBF, 0xAE, 0x86, 0x0C, 0xDE, 0x0B, 0x99, 0x68,
    0xBC, 0x1A, 0xFA, 0xD2, 0x07, 0x46, 0x5F, 0xE3, 0x45, 0xDF, 0x86, 0xFE, 0x1B, 0xE8, 0x83, 0x14,
    0xD3, 0x91, 0xE9, 0xE3, 0x41, 0x6A, 0x00, 0xF5, 0xAC, 0xB5, 0xD1, 0x59, 0x3F, 0x34, 0xC4, 0x34,
    0xFA, 0x6A, 0xC8, 0x50, 0x9F, 0x72, 0x74, 0x5A, 0x0B, 0x36, 0x29, 0x42, 0xF3, 0xC6, 0x70, 0x87,
    0x7C, 0x74, 0x6C, 0x0E, 0x4B, 0xDB, 0xAB, 0x39, 0x7D, 0xB1, 0x43, 0x43, 0x36, 0xA1, 0xBA, 0x8C,
    0x60, 0xD6, 0xA0, 0x1D, 0xE1, 0x6B, 0xB9, 0xF2, 0x6D, 0x9A, 0x8E, 0xCE, 0xBD, 0x48, 0x42, 0xE8,
    0x7F, 0x39, 0x2A, 0x55, 0xF2, 0x64, 0x16, 0x6D, 0x34, 0xAB, 0x92, 0xFB, 0xEA, 0x81, 0x93, 0x75,
    0x84, 0x76, 0xCB, 0xE4, 0x3A, 0x37, 0x94, 0x60, 0x99, 0xCB, 0x4A, 0x18, 0x7A, 0xF6, 0x74, 0xDA,
    0x71, 0x90, 0x99, 0x0C, 0x06, 0x78, 0x70, 0x4D, 0x07, 0xEF, 0x15, 0xC4, 0xC8, 0x78, 0x97, 0x75,
    0xAC, 0xB2, 0x72, 0xC9, 0xA3, 0x4E, 0x13, 0x65, 0x1F, 0x77, 0xDA, 0x55, 0xC5, 0x3F, 0x74, 0x86,
    0x0C, 0x9D, 0x72, 0x34, 0xFF, 0x90, 0x65, 0x59, 0x6F, 0x66, 0x96, 0x15, 0xE9, 0x99, 0xD9, 0x5C,
    0x25, 0xB7, 0xED, 0x07, 0x3F, 0xFF, 0x9D, 0x21, 0x03, 0x4C, 0xC8, 0x2A, 0x61, 0xF4, 0xA1, 0xFC,
    0x04, 0xB9, 0x33, 0xDB, 0x50, 0xD3, 0xB3, 0xA7, 0x3F, 0x77, 0x8F, 0x5D, 0xD8, 0x75, 0xEF, 0x08,
    0xC7, 0xF2, 0xEC, 0x88, 0x3E, 0x94, 0x2B, 0x1D, 0x48, 0x67, 0xE6, 0x5B, 0x8F, 0xB8, 0x07, 0xE4,
    0x12, 0x52, 0x39, 0x0B, 0xBC, 0x54, 0x03, 0x94, 0x2D, 0x9E, 0x55, 0x6D, 0x21, 0x97, 0x63, 0x7D,
    0xDD, 0x53, 0x43, 0x61, 0x18, 0x99, 0xA3, 0x9B, 0x2B, 0x99, 0xDD, 0x98, 0xE6, 0x2A, 0x6D, 0xF7,
    0xE4, 0x76, 0xDE, 0xE0, 0x92, 0x71, 0x46, 0x2B, 0xA2, 0xE9, 0x02, 0x04, 0x53, 0xF3, 0xB2, 0x33,
    0xF3, 0x14, 0x32, 0x59, 0x36, 0x38, 0x42, 0x1A, 0xA6, 0xFC, 0x54, 0xC3, 0x54, 0xEF, 0x49, 0xB6,
    0x9A, 0xBF, 0xD6, 0x30, 0x3E, 0x1D, 0xE5, 0x5B, 0x24, 0xE6, 0x7A, 0x51, 0x3A, 0x20, 0x22, 0x22,
    0x2A, 0x99, 0xE9, 0x20, 0xD0, 0xC7, 0x65, 0x81, 0x7D, 0xC5, 0xD1, 0x72, 0x69, 0x6A, 0x57, 0xF4,
    0xC2, 0x8D, 0xB4, 0xF4, 0x32, 0xA4, 0xB2, 0xD7, 0xE6, 0xA4, 0xCA, 0x4D, 0xC7, 0x90, 0xBB, 0xDD,
    0xEB, 0x33, 0xBD, 0x65, 0xB2, 0x88, 0xE3, 0x46, 0xAB, 0x1C, 0x3C, 0x0C, 0x2A, 0xCF, 0xD1, 0x6F,
    0x33, 0x79, 0xB4, 0xAD, 0x98, 0x54, 0xD1, 0x39, 0x0C, 0xBC, 0xCA, 0x86, 0xD3, 0x54, 0x07, 0x1E,
    0x54, 0x46, 0xE0, 0xA1, 0x15, 0xF3, 0x35, 0xA5, 0x7D, 0xF3, 0xCF, 0xC1, 0x62, 0x19, 0x07, 0x8C,
    0x86, 0xF2, 0x1D, 0x61, 0xED, 0x93, 0x51, 0x08, 0x46, 0x8B, 0xBB, 0xEC, 0x73, 0x1D, 0x58, 0x50,
    0xD4, 0xF7, 0x85, 0xE0, 0x2A, 0xF9, 0x0E, 0xBE, 0xEF, 0x58, 0x74, 0xD7, 0x9A, 0xE8, 0xC9, 0xC9,
    0x3F, 0x58, 0x84, 0x44, 0xB0, 0xC4, 0x91, 0xFD, 0x15, 0xDE, 0x5D, 0x5F, 0xDA, 0xC3, 0x27, 0x59,
    0x83, 0xCC, 0x1B, 0xF2, 0x89, 0xB0, 0xBE, 0x1F, 0x0D, 0xA7, 0x8A, 0x37, 0xAD, 0x28, 0xFF, 0xAA,
    0x3F, 0xD5, 0xF2, 0xEC, 0x76, 0xB8, 0x16, 0x0C, 0x29, 0x38, 0x82, 0x59, 0xC4, 0x50, 0x69, 0x3E,
    0x0D, 0x15, 0x9F, 0x1D, 0xED, 0x76, 0x77, 0x39, 0x48, 0xD0, 0x92, 0xF1, 0x12, 0x2A, 0xC9, 0x1C,
    0x2A, 0x38, 0x7E, 0x85, 0xCA, 0x10, 0x2A, 0x45, 0x1F, 0x2A, 0x74, 0xEA, 0x55, 0x69, 0xF6, 0x15,
    0x20, 0x81, 0x01, 0xEF, 0xD0, 0xE6, 0x65, 0xC2, 0x1E, 0xF8, 0x5A, 0x85, 0x81, 0x0D, 0x55, 0x80,
    0xAC, 0x35, 0xCE, 0x8F, 0x76, 0x3F, 0xB4, 0x05, 0x08, 0x47, 0xD2, 0x93, 0x4A, 0xB3, 0xAF, 0xF8,
    0xDA, 0x1A, 0xD3, 0x86, 0xAA, 0x42, 0xFA, 0x55, 0xD1, 0x39, 0x93, 0xC8, 0x93, 0x78, 0x8E, 0xBC,
    0xD0, 0x7D, 0x54, 0xA5, 0xDC, 0x57, 0x1C, 0x8E, 0xE6, 0x5B, 0x1D, 0xC9, 0xC6, 0x7D, 0x3C, 0xC9,
    0x3F, 0x7E, 0xC3, 0xB7, 0x31, 0xCF, 0x20, 0x43, 0x70, 0x3A, 0xE9, 0xA0, 0xCD, 0x64, 0x56, 0x3C,
    0x73, 0x09, 0xA2, 0xC5, 0x7C, 0x4C, 0x33, 0x99, 0xB6, 0xEE, 0x01, 0x9E, 0x8E, 0x3E, 0x9D, 0x7A,
    0x6E, 0x2D, 0xAD, 0x97, 0x8D, 0x60, 0xA3, 0xD9, 0xC8, 0x99, 0x66, 0xA1, 0x23, 0xD0, 0xF4, 0x1B,
    0x7F, 0x84, 0xD9, 0x89, 0xC9, 0xBA, 0xC7, 0xCA, 0x30, 0x74, 0xB1, 0x44, 0x29, 0xD6, 0x49, 0x3C,
    0x0E, 0xDA, 0x5A, 0xC3, 0x66, 0xF5, 0x71, 0xDD, 0x84, 0x30, 0x5B, 0xF6, 0x48, 0x28, 0x48, 0x23,
    0x73, 0x26, 0xB7, 0x4E, 0x3E, 0x5E, 0x30, 0xE6, 0xE1, 0xC3, 0xE5, 0x6E, 0x4F, 0x81, 0x9F, 0xEC,
    0x76, 0x5B, 0x7F, 0x4C, 0xC4, 0x97, 0x00, 0x34, 0xD6, 0x00, 0xDB, 0x53, 0xE0, 0x0F, 0xE8, 0xAB,
    0x1E, 0xDD, 0x09, 0x80, 0xD8, 0x1C, 0x3B, 0x2E, 0x0A, 0x1E, 0xC9, 0xE5, 0x99, 0x4F, 0xB9, 0xBC,
    0xDF, 0x40, 0x9C, 0xA3, 0x9F, 0xED, 0x39, 0x5E, 0x2A, 0x2A, 0x01, 0xEF, 0x36, 0xE2, 0x06, 0x49,
    0xC6, 0xF8, 0x9C, 0x12, 0xFD, 0x26, 0x21, 0x1E, 0x0D, 0x50, 0x6D, 0x09, 0x4F, 0x4E, 0x29, 0xCF,
    0x56, 0xAA, 0xE9, 0xD9, 0x37, 0x18, 0xE7, 0x66, 0x5B, 0xB6, 0x79, 0x9B, 0xF5, 0xC9, 0x60, 0xAE,
    0x28, 0xB4, 0xE6, 0x1F, 0xF9, 0x4D, 0xC7, 0xAC, 0xCF, 0xDB, 0x72, 0x5B, 0x85, 0x0D, 0xFB, 0xC7,
    0x7D, 0xDD, 0xF7, 0x79, 0x8C, 0xE9, 0xA1, 0x1A, 0x27, 0x97, 0x7C, 0x81, 0xA3, 0x46, 0x5F, 0x41,
    0x7A, 0x8B, 0xF6, 0x0C, 0x03, 0x83, 0xD2, 0xBE, 0xAA, 0xDF, 0xAC, 0xCE, 0xB7, 0x65, 0x07, 0x7F,
    0xBF, 0xAF, 0x3A, 0x96, 0xFC, 0xFB, 0x79, 0xE2, 0xC3, 0xF5, 0xBF, 0x67, 0x72, 0xB4, 0xEC, 0xC5,
    0x09, 0xC5, 0xEE, 0x0D, 0x99, 0x2F, 0x6C, 0x79, 0x45, 0xDB, 0x64, 0x8B, 0xBD, 0x53, 0x38, 0xC9,
    0x9B, 0xC2, 0xF4, 0x86, 0xAB, 0x37, 0x13, 0xA5, 0x98, 0x76, 0xAF, 0x22, 0xEF, 0x5F, 0xF3, 0x30,
    0x48, 0xF9, 0xD0, 0xD0, 0x40, 0x3D, 0x5D, 0x84, 0x26, 0xA7, 0x3B, 0x84, 0xEE, 0x55, 0x7B, 0x6A,
    0xE8, 0x30, 0x51, 0x98, 0x56, 0x48, 0x04, 0x94, 0x02, 0x82, 0xC7, 0xE8, 0xDE, 0xD3, 0xC9, 0x27,
    0xE5, 0x39, 0xD7, 0x7F, 0x5A, 0xCB, 0x6C, 0x70, 0x86, 0x57, 0x2E, 0xF4, 0x89, 0xD9, 0x35, 0x1B,
    0x39, 0x0E, 0xE0, 0x28, 0x38, 0x0B, 0xAE, 0x82, 0x5E, 0xB0, 0x69, 0x09, 0x81, 0x15, 0x20, 0x10,
    0x06, 0xA4, 0xC1, 0x1B, 0x3D, 0x63, 0xCE, 0xA3, 0x87, 0x6E, 0x07, 0x84, 0x59, 0x23, 0x84, 0xD5,
    0x1C, 0xFD, 0xB6, 0xEC, 0x09, 0xF3, 0x91, 0x10, 0xE6, 0x02, 0x30, 0x5E, 0x09, 0x61, 0x92, 0x47,
    0xD2, 0xF1, 0x0E, 0x61, 0xF9, 0x31, 0x61, 0xF1, 0x88, 0x30, 0xF3, 0x84, 0x89, 0x60, 0x24, 0xE8,
    0x0C, 0x56, 0x82, 0xE5, 0x18, 0xAE, 0x54, 0xF6, 0xB6, 0x2A, 0x44, 0x33, 0x5C, 0x10, 0x5D, 0x3B,
    0x32, 0xDB, 0xA1, 0xF5, 0xE9, 0x8F, 0x19, 0xA3, 0x60, 0x99, 0xCC, 0x4C, 0x99, 0xC5, 0xD4, 0x49,
    0xB6, 0x19, 0x9C, 0xD9, 0x4C, 0x67, 0xA6, 0x4D, 0xBE, 0x4A, 0xBC, 0x48, 0x10, 0x36, 0x76, 0x4B,
    0x81, 0x29, 0x65, 0x0E, 0x19, 0x46, 0xD7, 0x72, 0xEC, 0x0B, 0x8B, 0x9F, 0xED, 0x8B, 0x33, 0xEF,
    0x42, 0x87, 0xD0, 0x3D, 0x0C, 0x16, 0x86, 0x0E, 0x13, 0x85, 0x69, 0x03, 0x12, 0xCE, 0xCC, 0xE8,
    0x1E, 0xC1, 0x80, 0x6E, 0x40, 0xFE, 0xE4, 0x84, 0x67, 0x67, 0xDE, 0xC6, 0xED, 0xAF, 0x88, 0x42,
    0x24, 0xE1, 0x9C, 0x95, 0xBC, 0x46, 0xB4, 0xDF, 0x78, 0xDF, 0x5C, 0x07, 0x23, 0xB3, 0x0C, 0x77,
    0x64, 0x0A, 0x8E, 0xC4, 0xB3, 0x6E, 0x59, 0xD2, 0x21, 0x19, 0x2F, 0x75, 0xFF, 0xAF, 0x03, 0x0B,
    0x0E, 0x5F, 0x31, 0x7F, 0xF1, 0xC9, 0x60, 0xD7, 0x92, 0x9D, 0xBC, 0xAB, 0x66, 0x7B, 0x9D, 0x89,
    0x8E, 0xFA, 0x58, 0x6B, 0xAB, 0x8B, 0x12, 0x97, 0x29, 0xC0, 0xBA, 0xFF, 0x2B, 0xBC, 0xBB, 0xAE,
    0xB4, 0x6F, 0xF8, 0x93, 0x41, 0x1D, 0x32, 0x06, 0x96, 0x0F, 0xC5, 0xE8, 0xAA, 0x21, 0x5D, 0x36,
    0xBE, 0x8D, 0xFC, 0xAB, 0x9E, 0x07, 0x9D, 0x99, 0xE7, 0x1F, 0xDD, 0xCB, 0xB4, 0x21, 0x94, 0x96,
    0x53, 0x26, 0x2A, 0xDE, 0x98, 0xF8, 0x8F, 0x19, 0x85, 0x8C, 0xA0, 0x7D, 0x67, 0xD7, 0x74, 0x38,
    0x36, 0x14, 0x03, 0x94, 0x64, 0xDA, 0xA7, 0x60, 0x5B, 0x7D, 0x8E, 0x53, 0xBA, 0x94, 0xF4, 0x5F,
    0xCC, 0x76, 0x94, 0x98, 0x8C, 0x53, 0xC3, 0x69, 0x4E, 0x55, 0xC6, 0x29, 0x2F, 0x4E, 0x45, 0x5E,
    0x9C, 0x4A, 0xBE, 0x10, 0xA7, 0xB2, 0x5E, 0x9C, 0x2A, 0x5B, 0x71, 0xAA, 0x32, 0x6E, 0xAC, 0xE2,
    0x94, 0xDD, 0x0A, 0x32, 0x1C, 0x47, 0x4E, 0xE5, 0x9D, 0xDE, 0x61, 0xCF, 0x92, 0x53, 0x8D, 0x38,
    0xF5, 0xD1, 0x22, 0x4E, 0xFD, 0x62, 0x12, 0xA7, 0x1E, 0x0D, 0xE2, 0x14, 0xE8, 0x21, 0xA7, 0x70,
    0x94, 0x39, 0xE1, 0x54, 0x6C, 0x9C, 0xE2, 0x55, 0x2F, 0x6D, 0xD2, 0x13, 0x71, 0x2A, 0x6B, 0xC5,
    0xA9, 0x28, 0x6C, 0x01, 0x3B, 0x7C, 0x25, 0xD3, 0x29, 0x7D, 0xB8, 0x9C, 0xD2, 0x94, 0xE5, 0x53,
    0x3B, 0xC5, 0x2C, 0xEE, 0x95, 0xC2, 0x2D, 0x8D, 0x3B, 0xA5, 0xC4, 0xE2, 0xFD, 0x38, 0xCA, 0xEA,
    0xFE, 0x09, 0x8B, 0x94, 0x80, 0x4D, 0xFE, 0x93, 0x66, 0xD1, 0x2D, 0xEC, 0xA8, 0x83, 0x32, 0x1A,
    0xDC, 0xD0, 0x45, 0x6C, 0xB0, 0x7A, 0x3A, 0x71, 0x3B, 0x53, 0x72, 0x16, 0xE1, 0x54, 0x58, 0xD6,
    0x02, 0xCA, 0xDF, 0x4A, 0xBA, 0xBE, 0x6F, 0xA7, 0xCC, 0x4E, 0x6A, 0x8D, 0x74, 0x25, 0x9F, 0xCD,
    0x8A, 0x67, 0x36, 0x8A, 0x64, 0x97, 0xED, 0x45, 0xAE, 0xCA, 0xB7, 0x85, 0xBA, 0x7C, 0x5B, 0xC8,
    0x64, 0xAB, 0x4B, 0xD7, 0xB4, 0xFB, 0xBA, 0x3D, 0xFF, 0xF6, 0xD2, 0x75, 0x1C, 0x76, 0x0E, 0x5E,
    0x57, 0x79, 0x81, 0x37, 0xB2, 0x39, 0x1F, 0x76, 0xE6, 0xD8, 0xF0, 0x33, 0xA9, 0xC0, 0x23, 0xBA,
    0x83, 0x0A, 0x78, 0x30, 0x20, 0x80, 0x2A, 0xBD, 0x5A, 0xBE, 0x60, 0x04, 0x41, 0x97, 0x61, 0xBC,
    0xDE, 0xE4, 0x9D, 0x80, 0xFC, 0xD2, 0x49, 0xC1, 0xA5, 0x64, 0x56, 0xAC, 0x2F, 0x5E, 0x95, 0xFB,
    0x40, 0x17, 0x52, 0xB3, 0xBE, 0x17, 0xC2, 0x2B, 0xB6, 0x13, 0x2C, 0x8A, 0x95, 0x99, 0x77, 0x90,
    0x18, 0x2E, 0xF1, 0xFC, 0xB5, 0x15, 0xFB, 0xBB, 0x89, 0x4B, 0x00, 0x9D, 0x6E, 0x69, 0x72, 0x6A,
    0xD1, 0xB6, 0xFC, 0xD5, 0x6B, 0x7E, 0xC0, 0x8B, 0x7C, 0xA4, 0xAE, 0x64, 0x04, 0x26, 0x3E, 0x06,
    0xD1, 0x71, 0x4D, 0x2F, 0xD0, 0x44, 0x8D, 0xD5, 0x2D, 0x0C, 0xD0, 0x7F, 0xC9, 0x6C, 0xAE, 0xD0,
    0x2D, 0x23, 0xDA, 0x29, 0xE1, 0xA3, 0x5C, 0x0F, 0xA0, 0x8D, 0x7B, 0xB0, 0x16, 0x0B, 0xDA, 0x30,
    0x97, 0xA6, 0x22, 0x28, 0x8F, 0x81, 0x4C, 0x56, 0xB3, 0x55, 0xCE, 0x92, 0xDF, 0xFC, 0x70, 0x72,
    0xB0, 0x0E, 0x1D, 0xC1, 0x11, 0x81, 0xC7, 0xDB, 0x4D, 0xD3, 0x79, 0x86, 0xED, 0xCC, 0xDB, 0xA7,
    0x22, 0x3D, 0x03, 0xF4, 0xAC, 0x18, 0xFC, 0xE6, 0x35, 0xDF, 0xB3, 0x47, 0x0B, 0xB0, 0xB2, 0x6F,
    0x1F, 0x3C, 0x52, 0xA1, 0x15, 0x5C, 0x31, 0x67, 0x77, 0x68, 0x4F, 0x0B, 0x42, 0xCA, 0x63, 0x49,
    0x63, 0xF9, 0x29, 0x8C, 0xA3, 0xBD, 0x0B, 0x69, 0x83, 0x5D, 0x6B, 0x6F, 0x76, 0x16, 0x43, 0x29,
    0xFA, 0x00, 0x6E, 0xE0, 0x78, 0x7A, 0x00, 0xE2, 0xA8, 0xEF, 0xFB, 0xDC, 0x7F, 0x92, 0xF7, 0x70,
    0xFE, 0xF3, 0x9E, 0x77, 0xDF, 0x3D, 0x26, 0x2B, 0x08, 0x70, 0x54, 0x6C, 0x99, 0x87, 0xF4, 0xF8,
    0x80, 0x4D, 0xFC, 0x7F, 0xB3, 0x31, 0x4E, 0x50, 0xD5, 0x98, 0xF7, 0x41, 0x46, 0xF3, 0x7E, 0x2F,
    0xA6, 0xD2, 0xFD, 0xCD, 0xF9, 0x0B, 0x91, 0x2B, 0x43, 0x48, 0xF7, 0x15, 0xBA, 0xAD, 0xC8, 0x64,
    0xF0, 0x79, 0x53, 0xE1, 0xE3, 0x09, 0x92, 0xB0, 0x59, 0x2E, 0x08, 0x56, 0x5F, 0x11, 0x56, 0xC5,
    0xBD, 0xFB, 0xBC, 0x40, 0xE0, 0x31, 0x92, 0xDB, 0xFC, 0xA2, 0xCB, 0x83, 0x2B, 0xC3, 0xE5, 0xDF,
    0x1C, 0xB8, 0xB1, 0x32, 0x02, 0xCC, 0xDB, 0x71, 0xD5, 0xF4, 0xEC, 0xB9, 0x21, 0x64, 0xE7, 0xAA,
    0x75, 0x1F, 0x40, 0x2F, 0x5F, 0x1D, 0x42, 0x60, 0xFD, 0xC7, 0x9B, 0x31, 0xD4, 0x14, 0x60, 0xD7,
    0x82, 0x46, 0xEB, 0x95, 0xE3, 0x07, 0x07, 0x49, 0xB7, 0xA8, 0x58, 0xBA, 0x1C, 0x3B, 0x91, 0x57,
    0xA3, 0xD4, 0xD3, 0x99, 0xFF, 0x47, 0xEF, 0x1F, 0x7A, 0xA6, 0x15, 0x54, 0x4C, 0xB9, 0xBB, 0x51,
    0x53, 0x93, 0x4A, 0x7F, 0xA1, 0x93, 0xFC, 0xA2, 0xBC, 0xE5, 0x0D, 0xF3, 0x4D, 0xA5, 0x18, 0xAD,
    0x91, 0xA5, 0x1A, 0xAD, 0x59, 0x28, 0x8B, 0xF5, 0x27, 0x07, 0x9F, 0xEC, 0x76, 0x3B, 0x38, 0x7A,
    0x8A, 0xBE, 0x12, 0x95, 0xCE, 0x42, 0x9B, 0xD2, 0xE1, 0xF8, 0x1B, 0xDE, 0x20, 0x94, 0x57, 0xB7,
    0x81, 0x1F, 0x98, 0xCD, 0xD0, 0x3C, 0xAB, 0x7F, 0xD8, 0x8C, 0xE8, 0xCF, 0x60, 0x46, 0x07, 0x3C,
    0xEA, 0x9C, 0xC9, 0x49, 0x15, 0x9D, 0xBA, 0x07, 0x34, 0x1B, 0xCC, 0x49, 0x02, 0x86, 0x4C, 0xCC,
    0x6A, 0x63, 0xE0, 0xD6, 0x67, 0x8B, 0x2B, 0x18, 0x9F, 0x4E, 0x27, 0x30, 0x22, 0xBE, 0x77, 0xE6,
    0xE2, 0xF7, 0x3C, 0x08, 0x5C, 0x8B, 0xDF, 0x57, 0x0F, 0xF5, 0xD5, 0x28, 0x1A, 0x4F, 0x23, 0xDB,
    0x1C, 0x96, 0xB5, 0x79, 0x7B, 0xBB, 0xB7, 0x36, 0x9B, 0xC9, 0x6E, 0x85, 0x42, 0x4D, 0x1E, 0xC6,
    0x71, 0xB8, 0x56, 0x0A, 0xC2, 0x14, 0xD5, 0x74, 0xAC, 0xA8, 0xCE, 0x5E, 0x65, 0xDF, 0xE0, 0x4A,
    0x96, 0x7E, 0x11, 0xE2, 0x75, 0xEC, 0x7F, 0x0A, 0xC4, 0x27, 0xC7, 0x4C, 0x55, 0x22, 0x7E, 0xA2,
    0xCF, 0x79, 0xE3, 0xA0, 0x8C, 0x4C, 0x03, 0xBF, 0xDA, 0xED, 0xEE, 0x9E, 0x60, 0xAF, 0xC9, 0x98,
    0x07, 0x39, 0x65, 0xCC, 0x84, 0x24, 0xE2, 0xC3, 0x46, 0x21, 0xD8, 0x92, 0x71, 0x95, 0x1B, 0xCA,
    0x51, 0xD3, 0xEA, 0xE8, 0x7E, 0x45, 0xFA, 0x33, 0x3F, 0x56, 0x59, 0xD5, 0x73, 0x42, 0xE8, 0x6F,
    0xE5, 0x92, 0x31, 0x53, 0x94, 0x8C, 0xCD, 0xFF, 0x93, 0xB7, 0x0C, 0x6F, 0x2B, 0xE4, 0xD5, 0x9C,
    0xDB, 0x90, 0x57, 0x86, 0xD5, 0x6D, 0xF7, 0xA6, 0xCE, 0x63, 0x00, 0x2F, 0x33, 0x7E, 0xC4, 0x9A,
    0x9E, 0x3D, 0x27, 0x84, 0xCA, 0x36, 0xEF, 0xB2, 0x21, 0x19, 0xA3, 0xC9, 0xAC, 0xCA, 0x66, 0xFD,
    0xAA, 0x5F, 0x68, 0xB7, 0x39, 0x51, 0x2C, 0xB7, 0xD8, 0xDA, 0x41, 0xF2, 0xAB, 0x7E, 0xDD, 0x4B,
    0x5B, 0x09, 0x71, 0xC4, 0x8C, 0xD7, 0xCF, 0x67, 0xA0, 0x09, 0xB3, 0x5F, 0x97, 0x67, 0x8F, 0x00,
    0x34, 0xC7, 0x5F, 0xF3, 0x6F, 0x81, 0x6F, 0xD5, 0xF2, 0xDB, 0x08, 0xF2, 0xEF, 0xFF, 0xEF, 0x39,
    0xDD, 0x9F, 0x99, 0x7F, 0x99, 0x70, 0x3F, 0x43, 0xFD, 0x28, 0x71, 0x76, 0xC3, 0x23, 0xAF, 0xA4,
    0xB2, 0x7C, 0x04, 0xA9, 0x7C, 0x8B, 0x66, 0xE2, 0xCF, 0x5D, 0x38, 0x8E, 0xBB, 0x74, 0xC1, 0xFA,
    0x56, 0xFE, 0x97, 0x70, 0x84, 0xFC, 0x93, 0x21, 0xF1, 0x1F, 0x3C, 0x19, 0xB1, 0x7C, 0xE5, 0xC4,
    0x78, 0x25, 0x34, 0xD6, 0x29, 0x3F, 0x4C, 0x2E, 0x58, 0xB4, 0x1C, 0xD7, 0xEC, 0x05, 0x56, 0x3D,
    0x56, 0x63, 0x76, 0x63, 0x9A, 0xF8, 0x3F, 0xF9, 0xD6, 0xF2, 0x49, 0x29, 0x4F, 0x26, 0x59, 0xBA,
    0x77, 0xD7, 0xAD, 0x3B, 0xAF, 0xF2, 0x2E, 0xBA, 0x71, 0xAF, 0x6A, 0xA8, 0xF6, 0xEA, 0xEF, 0xD1,
    0xA3, 0x7A, 0x0F, 0x7D, 0xAB, 0xE6, 0x5D, 0xDF, 0x32, 0x55, 0xAF, 0xAB, 0x7A, 0x69, 0x74, 0xC8,
    0x95, 0x72, 0xF9, 0x94, 0xD6, 0xF7, 0xA7, 0x00, 0x33, 0x26, 0x76, 0x6B, 0x38, 0x1E, 0x9F, 0x7A,
    0xE5, 0x50, 0xBC, 0xF5, 0xD4, 0x96, 0xB8, 0x5C, 0x07, 0xCF, 0xD4, 0xAD, 0x0B, 0x98, 0x13, 0xAD,
    0xCC, 0x8C, 0x14, 0xF0, 0x0A, 0x81, 0xEF, 0x6B, 0x78, 0xC6, 0xB7, 0x6A, 0xA7, 0x1E, 0xCF, 0xD0,
    0xC1, 0x52, 0x65, 0x42, 0x26, 0x1B, 0xF6, 0x31, 0x59, 0x9D, 0x50, 0xCB, 0xE7, 0x84, 0xD0, 0x8F,
    0x74, 0x5C, 0x68, 0x19, 0x32, 0xA3, 0xB1, 0xFE, 0x0D, 0x53, 0xD8, 0x2D, 0xEC, 0x50, 0x6D, 0xCF,
    0x6B, 0x8E, 0x2B, 0xC2, 0x2A, 0x7D, 0x50, 0xF0, 0xB8, 0x72, 0x68, 0x7A, 0xCA, 0xBD, 0x99, 0x8E,
    0xEE, 0xB9, 0xE1, 0xA2, 0x64, 0x70, 0x66, 0x85, 0x33, 0x39, 0xB1, 0xB6, 0x5A, 0x48, 0x10, 0x7F,
    0x4E, 0x4B, 0x36, 0xEF, 0xEF, 0x8A, 0x4F, 0xC0, 0x59, 0xBF, 0xFD, 0xC2, 0x7C, 0xDF, 0xA7, 0x3F,
    0xCF, 0x1E, 0x05, 0x33, 0xFD, 0x85, 0xC8, 0xA9, 0x44, 0x0F, 0xDD, 0xB5, 0x87, 0xBC, 0xC3, 0x27,
    0x56, 0x8C, 0x3B, 0x95, 0x33, 0x37, 0x17, 0x8E, 0xC0, 0x65, 0x17, 0xAD, 0xCC, 0xAF, 0x4F, 0x3E,
    0x23, 0xCC, 0x3F, 0x62, 0x60, 0x8F, 0x89, 0x78, 0x65, 0xBB, 0x6C, 0x14, 0xBA, 0xC2, 0x81, 0xAA,
    0xFC, 0xAF, 0x1E, 0x0E, 0x60, 0x01, 0xAE, 0x30, 0x7C, 0xC5, 0x23, 0xAD, 0x8D, 0x93, 0x90, 0x3C,
    0xDD, 0xD8, 0x83, 0xBE, 0x86, 0x04, 0xDE, 0x16, 0x85, 0x2F, 0x18, 0x0E, 0xCD, 0xF1, 0xB1, 0x49,
    0x29, 0x5C, 0xE6, 0x8D, 0x0C, 0xE7, 0x52, 0xD6, 0xFE, 0x64, 0x35, 0x21, 0x8D, 0x83, 0x79, 0x8A,
    0xA1, 0x64, 0xDA, 0x30, 0x9C, 0x23, 0x3F, 0xE4, 0xEB, 0xEB, 0x9F, 0x0E, 0xC0, 0xEC, 0x97, 0xCC,
    0x74, 0xC5, 0x56, 0x3D, 0x18, 0xB9, 0x5F, 0xED, 0xD8, 0x74, 0xF6, 0x3A, 0xFB, 0xF0, 0x1C, 0xFB,
    0xAF, 0x0E, 0xA1, 0x93, 0x63, 0x93, 0x52, 0xBC, 0xEC, 0xD8, 0x94, 0x8C, 0x17, 0x26, 0x77, 0x5D,
    0x1D, 0x56, 0x4C, 0x34, 0x52, 0x0A, 0x92, 0x12, 0x90, 0x2C, 0xFD, 0xE8, 0x82, 0xE4, 0xA3, 0x2B,
    0x5C, 0xB7, 0xF3, 0x11, 0xC2, 0xEC, 0x19, 0x11, 0x42, 0xFD, 0xEF, 0x4D, 0x4D, 0xDB, 0xE1, 0xD9,
    0x8E, 0x79, 0x36, 0xFA, 0xCF, 0x9C, 0x74, 0xE2, 0x10, 0xF8, 0x49, 0x48, 0x1F, 0x1F, 0x6E, 0x56,
    0x0D, 0xE4, 0x65, 0x68, 0x78, 0x8F, 0x4D, 0xAA, 0xEC, 0x8A, 0x94, 0x17, 0x0F, 0xF4, 0x3E, 0xE8,
    0xB3, 0x72, 0xF6, 0xEC, 0x33, 0xA5, 0x02, 0x7D, 0xAE, 0x6D, 0xF7, 0xBF, 0x93, 0x1C, 0x48, 0xFB,
    0x77, 0x0C, 0xCB, 0x77, 0xB1, 0x7C, 0xD6, 0xF6, 0xE4, 0x02, 0xAB, 0x39, 0xC9, 0x3D, 0xD1, 0xE9,
    0x69, 0xF3, 0x73, 0xDB, 0xB1, 0x4A, 0xDE, 0x93, 0x1E, 0xB0, 0x4C, 0x27, 0xB5, 0xFE, 0x32, 0x60,
    0x06, 0x77, 0x95, 0xC1, 0xAD, 0x2B, 0x1C, 0x81, 0x7A, 0x1C, 0x7E, 0xE0, 0x35, 0xC0, 0x94, 0x4F,
    0x15, 0xED, 0x7E, 0x45, 0xF3, 0x4E, 0xB0, 0xA0, 0x87, 0x40, 0x14, 0x6A, 0x6D, 0x00, 0x33, 0xDA,
    0xA5, 0xB3, 0xF5, 0x50, 0x5F, 0x8D, 0xA2, 0xF1, 0x34, 0xB2, 0xE6, 0xA8, 0xBF, 0x1A, 0x42, 0x67,
    0xA3, 0x7F, 0xED, 0x97, 0x46, 0xFF, 0xBE, 0x5D, 0x2B, 0xF2, 0x7F, 0xED, 0x5C, 0xBF, 0xB3, 0xE4,
    0xC6, 0x71, 0x1E, 0x2C, 0xAC, 0x87, 0x2A, 0x21, 0x80, 0x93, 0x0B, 0x74, 0x2F, 0x40, 0xAA, 0x52,
    0xB9, 0x6A, 0xFF, 0x02, 0x1F, 0x40, 0xA7, 0x0E, 0xEC, 0x80, 0x2B, 0x55, 0x99, 0x01, 0x15, 0x28,
    0x10, 0xCD, 0xE0, 0x22, 0x57, 0x29, 0x30, 0x0F, 0x38, 0x39, 0x70, 0xE0, 0x80, 0x2F, 0x39, 0x97,
    0x6D, 0x06, 0x64, 0xC0, 0x52, 0xD9, 0x11, 0xFF, 0x01, 0xDE, 0x01, 0x2A, 0x85, 0x0E, 0x0C, 0xBB,
    0xEC, 0xC0, 0xE5, 0xC0, 0x90, 0xC4, 0x63, 0xC2, 0x80, 0x90, 0x04, 0x8A, 0x7B, 0x47, 0x00, 0xE3,
    0xFE, 0xBE, 0x1E, 0x60, 0xB1, 0xFB, 0xF6, 0xDD, 0xBD, 0xC7, 0x7B, 0xB7, 0xF7, 0x96, 0xE5, 0xFD,
    0xD1, 0x83, 0x5D, 0x00, 0x33, 0xDD, 0x3D, 0x3D, 0xD3, 0x3F, 0xA6, 0x07, 0xC6, 0xAC, 0x56, 0x7F,
    0x6E, 0xE4, 0x65, 0x6D, 0x7B, 0xBE, 0x78, 0xD6, 0x2B, 0xB4, 0x2C, 0x22, 0x9B, 0x6A, 0x91, 0xA3,
    0x58, 0xDA, 0x12, 0x45, 0xF2, 0x79, 0x85, 0x22, 0x7B, 0xBF, 0x46, 0x51, 0xFC, 0x59, 0xC3, 0x3A,
    0x43, 0xD4, 0xE9, 0xD9, 0xA0, 0x93, 0x62, 0xD1, 0xFB, 0x28, 0xFC, 0xCE, 0xEF, 0xA5, 0x08, 0x3A,
    0x0F, 0xB5, 0x85, 0x6B, 0x83, 0x22, 0x6A, 0x0D, 0x6A, 0x8B, 0x1B, 0x93, 0x49, 0x6D, 0xCB, 0xDA,
    0x24, 0x52, 0xC8, 0x37, 0x91, 0xDA, 0x32, 0x6B, 0x6D, 0x03, 0xFC, 0x88, 0x21, 0x8A, 0xB5, 0x54,
    0xB9, 0x5A, 0xBD, 0xD1, 0x19, 0x7F, 0x90, 0xFA, 0x7A, 0x83, 0x7A, 0x17, 0x83, 0x09, 0x3B, 0xB4,
    0x65, 0xA2, 0x35, 0x5A, 0x4E, 0x23, 0x34, 0x5D, 0x94, 0x4B, 0x20, 0x92, 0x95, 0xA8, 0xC8, 0x24,
    0x95, 0x92, 0x5E, 0x48, 0x0D, 0x33, 0xB0, 0x9F, 0xD4, 0x33, 0x9C, 0x95, 0x26, 0xA4, 0x3D, 0x21,
    0xF5, 0x3D, 0x9B, 0xC7, 0xAD, 0xD4, 0x73, 0x5A, 0x99, 0x25, 0x08, 0x5D, 0xD6, 0x0E, 0x9C, 0x14,
    0xB5, 0xB9, 0x6B, 0x6D, 0x1D, 0xC8, 0x75, 0x75, 0x6C, 0x1F, 0xC7, 0x75, 0xD2, 0x9A, 0xB8, 0x16,
    0x32, 0x04, 0xE4, 0x72, 0x89, 0x80, 0x44, 0x7E, 0x7A, 0xB6, 0x4E, 0x9E, 0xDE, 0xC5, 0x25, 0xF6,
    0x7F, 0x71, 0x71, 0x5C, 0x9B, 0xAC, 0x15, 0x60, 0x3E, 0x30, 0x3F, 0x42, 0x83, 0x6B, 0x03, 0xE6,
    0x98, 0x7E, 0x41, 0x84, 0x32, 0xDB, 0xCC, 0x78, 0x7B, 0x32, 0x7C, 0xA3, 0xFB, 0x84, 0x1C, 0x20,
    0xFD, 0xA4, 0x9E, 0xB4, 0xC7, 0xB6, 0xE2, 0xFD, 0xAF, 0xB0, 0x63, 0x8E, 0x9E, 0xB3, 0xC4, 0xCD,
    0x28, 0xFA, 0x8B, 0x9E, 0x3F, 0x88, 0x93, 0xA0, 0xA3, 0x52, 0x1F, 0x0C, 0x1F, 0xF0, 0x4F, 0x15,
    0x36, 0xCF, 0x8D, 0x85, 0xBB, 0xF5, 0x81, 0x98, 0xCC, 0x5A, 0x0A, 0x41, 0xCF, 0x03, 0x72, 0xFE,
    0x7A, 0x02, 0x40, 0x8B, 0x48, 0x29, 0x4A, 0x77, 0x49, 0x0D, 0xF9, 0x9E, 0xB1, 0x13, 0xB4, 0x63,
    0x48, 0x91, 0x0E, 0x17, 0xBF, 0xD9, 0x15, 0x93, 0xBB, 0x43, 0x8A, 0x1E, 0x04, 0x0F, 0x13, 0xD0,
    0x60, 0xEC, 0xD3, 0xB7, 0x6D, 0xE9, 0x0B, 0xDB, 0x8B, 0x06, 0x9C, 0x8B, 0x5B, 0x21, 0x48, 0x78,
    0x08, 0x26, 0xF9, 0x1D, 0x2A, 0x5F, 0xF4, 0x19, 0x9B, 0x28, 0xF2, 0x0D, 0xD7, 0x1C, 0x34, 0x33,
    0x38, 0xFB, 0x5F, 0xAF, 0xD4, 0xBB, 0xB4, 0x06, 0xAD, 0x4D, 0x6B, 0x8E, 0xD8, 0x8A, 0x2F, 0x97,
    0x16, 0xB5, 0x67, 0x9F, 0x48, 0xEB, 0xC0, 0x64, 0x18, 0xB1, 0x52, 0x0C, 0xB5, 0x43, 0x02, 0xFC,
    0x8E, 0x40, 0x43, 0x44, 0xEE, 0xA2, 0xDE, 0x64, 0x8B, 0x9C, 0x13, 0x5B, 0x83, 0x90, 0x41, 0x38,
    0x62, 0x41, 0xC6, 0xA7, 0xB6, 0x8E, 0x7A, 0xB3, 0x04, 0x11, 0xE1, 0x5A, 0xF8, 0xE8, 0x9F, 0x25,
    0xD5, 0xC8, 0xA4, 0xBD, 0xC0, 0xF5, 0x9A, 0xFF, 0x01, 0xEF, 0xE0, 0xBD, 0xAC, 0x85, 0xF5, 0xB1,
    0x66, 0x6D, 0xC3, 0x9C, 0x50, 0x24, 0x62, 0xCA, 0x49, 0x42, 0x9A, 0x87, 0x24, 0x07, 0x9E, 0x40,
    0x2D, 0x6C, 0x82, 0xFD, 0x4A, 0xE2, 0x58, 0xD8, 0xFD, 0x97, 0x94, 0xF3, 0x12, 0xE2, 0x25, 0xF7,
    0x46, 0xBF, 0x16, 0xE9, 0x49, 0x7E, 0xDE, 0xA3, 0xB5, 0x2C, 0xDD, 0xA5, 0xE9, 0x70, 0x3C, 0xF7,
    0x39, 0x52, 0x39, 0x92, 0x4D, 0xD4, 0x6D, 0x8E, 0xF5, 0xFF, 0xE3, 0xE5, 0xF6, 0x1D, 0x56, 0x87,
    0x8A, 0x38, 0x6B, 0xF2, 0xE8, 0xCE, 0x79, 0x72, 0x0E, 0xC6, 0xE8, 0x93, 0xB3, 0xC5, 0x87, 0x98,
    0x63, 0x30, 0xD4, 0xBC, 0x7E, 0x89, 0x7B, 0x0B, 0xF6, 0xFB, 0xB2, 0xDF, 0x30, 0xFD, 0x68, 0xD9,
    0xFD, 0x96, 0xF9, 0x5E, 0x2A, 0x62, 0x2C, 0x75, 0xC7, 0xFF, 0x21, 0xD7, 0x87, 0x5F, 0xC9, 0x99,
    0x05, 0xD4, 0xA8, 0x6B, 0xE2, 0x95, 0xF0, 0x5C, 0x59, 0x1E, 0xB4, 0x64, 0x79, 0xA7, 0x2C, 0x2F,
    0x48, 0xA4, 0xB2, 0x7C, 0xFF, 0x74, 0x22, 0x75, 0x9C, 0x11, 0x0E, 0xAA, 0x02, 0x2B, 0x63, 0x1F,
    0xBC, 0x21, 0x94, 0x0A, 0x6D, 0xCB, 0x0E, 0xD0, 0xB7, 0xE4, 0xA1, 0x05, 0xB5, 0xA2, 0xF6, 0x2C,
    0xD1, 0xB2, 0x44, 0x09, 0x30, 0x56, 0xD8, 0x50, 0xD9, 0x5E, 0x00, 0xF5, 0xAC, 0x5E, 0xA9, 0x77,
    0x69, 0x0D, 0x5A, 0x1B, 0x6B, 0xD6, 0x56, 0xD0, 0xE2, 0x83, 0xB7, 0xD1, 0xBA, 0x62, 0x32, 0x62,
    0x75, 0xE6, 0x90, 0xE5, 0x9C, 0xBD, 0xE8, 0xC7, 0xA2, 0x7C, 0x46, 0x91, 0x8F, 0x9A, 0x38, 0x1C,
    0xFE, 0xA4, 0xA7, 0x99, 0xF7, 0xAB, 0x1E, 0x9D, 0x64, 0x7F, 0x2F, 0x45, 0x60, 0x7F, 0x36, 0xF4,
    0x9C, 0x00, 0x20, 0x8E, 0x62, 0x1C, 0x08, 0x53, 0xC9, 0xE2, 0x9E, 0xEC, 0x66, 0x51, 0xF2, 0xF6,
    0x4D, 0xE1, 0x9D, 0xFF, 0x53, 0xAF, 0x94, 0xFB, 0x02, 0xD4, 0xD2, 0xB2, 0x16, 0x74, 0x0F, 0x5B,
    0xF8, 0x74, 0xD0, 0xF6, 0xBE, 0xD0, 0xD6, 0x7F, 0xA9, 0xB8, 0xBC, 0xD6, 0x4F, 0x3C, 0x47, 0xE1,
    0x7E, 0x61, 0xCC, 0xDA, 0xD5, 0xDB, 0xB4, 0x46, 0xC8, 0x05, 0x14, 0xC1, 0xC0, 0xC2, 0x13, 0x91,
    0xB2, 0x2A, 0xB6, 0xCA, 0x39, 0x2D, 0x2A, 0xA3, 0xDC, 0x34, 0xCA, 0xDA, 0xEF, 0xDB, 0xD5, 0xEB,
    0x42, 0x48, 0x61, 0xC5, 0x92, 0xD8, 0x2D, 0xDC, 0x25, 0xF3, 0x1B, 0xDC, 0xED, 0x59, 0x39, 0xAB,
    0xDA, 0x35, 0xE4, 0x9A, 0x25, 0x12, 0x0E, 0x25, 0x87, 0xE0, 0x84, 0xAE, 0x76, 0x87, 0xDA, 0x39,
    0x33, 0x18, 0xD1, 0x9C, 0x9A, 0x43, 0xFE, 0xAF, 0x1D, 0x40, 0xFE, 0x2B, 0xFB, 0x95, 0xFB, 0xCA,
    0x7C, 0xE5, 0xBD, 0xB2, 0x5E, 0xF9, 0xA9, 0xCC, 0x9D, 0xA0, 0xB7, 0xF3, 0x0F, 0xAF, 0x51, 0x96,
    0x2B, 0xC7, 0x95, 0xE1, 0xCA, 0x6F, 0xC7, 0x6E, 0xE5, 0xB6, 0x32, 0x1B, 0x5E, 0x88, 0x07, 0x64,
    0x36, 0xE0, 0x82, 0x61, 0x60, 0xCB, 0x19, 0x78, 0xB0, 0x5A, 0x51, 0xE0, 0xCD, 0x65, 0x80, 0x5C,
    0xCC, 0x0A, 0xD2, 0x19, 0xB8, 0xC2, 0xBD, 0xBC, 0xA3, 0xDA, 0x00, 0x73, 0x4B, 0xFA, 0x52, 0xC6,
    0x75, 0x3F, 0x07, 0xFB, 0x5E, 0x27, 0xE8, 0x09, 0x9C, 0xC5, 0x4C, 0x90, 0xFB, 0xF6, 0xEF, 0x65,
    0x66, 0x59, 0x0B, 0x4B, 0x85, 0xA9, 0x32, 0xB3, 0x94, 0x3A, 0x43, 0x0A, 0x90, 0xB3, 0x04, 0xBD,
    0x82, 0xFF, 0x5A, 0xAD, 0x5E, 0xDF, 0x4C, 0x2F, 0xB4, 0x32, 0xE5, 0x0E, 0x99, 0xAB, 0x3B, 0x99,
    0x97, 0x31, 0xB3, 0x34, 0x1E, 0xD1, 0x48, 0x30, 0x01, 0x9F, 0xD8, 0x4F, 0x8C, 0x77, 0x26, 0x8E,
    0x83, 0xDF, 0x2C, 0x1A, 0xB1, 0x01, 0x03, 0x0A, 0x44, 0x85, 0x76, 0x65, 0x88, 0x85, 0x4F, 0x6E,
    0x36, 0x27, 0x7F, 0x6C, 0xBE, 0x63, 0xCC, 0x3B, 0xD0, 0x84, 0x49, 0x8A, 0xA1, 0x6A, 0x31, 0x5B,
    0xAB, 0xB9, 0x9B, 0xBE, 0x32, 0x76, 0x9A, 0x05, 0x64, 0x10, 0xEA, 0x4C, 0x4D, 0x10, 0x1E, 0x2D,
    0x9A, 0x9B, 0xCD, 0x49, 0x73, 0x6F, 0xD4, 0xA0, 0x9E, 0x9A, 0x19, 0xE0, 0xDF, 0xBD, 0x57, 0x27,
    0x93, 0x37, 0x8B, 0x39, 0x3C, 0xB7, 0xA0, 0x17, 0xDA, 0x8E, 0x5E, 0x46, 0xD8, 0x9F, 0x41, 0x0F,
    0x34, 0xD0, 0x02, 0xF8, 0x9D, 0x55, 0x2F, 0x83, 0x39, 0x1D, 0x98, 0xD3, 0x7A, 0x74, 0x65, 0x13,
    0xCC, 0xD3, 0x27, 0x96, 0x5D, 0x03, 0x84, 0xBC, 0x6E, 0x74, 0x7B, 0x14, 0x0C, 0x3F, 0x84, 0xA2,
    0x6D, 0x47, 0x67, 0x6F, 0x59, 0x9F, 0x7C, 0xE0, 0x7D, 0x28, 0xE7, 0x80, 0xEE, 0x10, 0x63, 0x4C,
    0xC3, 0xE9, 0x8B, 0x87, 0x51, 0x26, 0x6F, 0xB0, 0x38, 0x8A, 0x05, 0x26, 0x1C, 0x4D, 0x05, 0xD5,
    0xE5, 0x2F, 0x68, 0x81, 0x35, 0x20, 0xAD, 0xBC, 0xC8, 0x02, 0x3B, 0xD0, 0xC0, 0xDE, 0x72, 0xE9,
    0xB2, 0x61, 0xE6, 0xD2, 0x81, 0xBB, 0x51, 0x13, 0x36, 0x97, 0xB0, 0x7A, 0x87, 0xC9, 0xEA, 0x15,
    0x1B, 0xB4, 0xC1, 0x0C, 0xB1, 0x9C, 0x5B, 0xBD, 0xFD, 0x73, 0xAD, 0xDE, 0x5B, 0xAB, 0x95, 0x55,
    0xFB, 0x39, 0xDD, 0x40, 0x5C, 0xE9, 0x59, 0xDC, 0xE5, 0x59, 0xD6, 0x30, 0x68, 0x6D, 0xA8, 0x39,
    0x98, 0x5B, 0xBD, 0x42, 0xD4, 0x53, 0x67, 0xF5, 0x5A, 0x62, 0xB5, 0x9E, 0x9C, 0x8C, 0xB7, 0x46,
    0x97, 0x2E, 0x50, 0x97, 0xAE, 0x9D, 0x5C, 0xBA, 0xE2, 0x1C, 0x4D, 0xC1, 0xF0, 0xDA, 0x00, 0x45,
    0x3C, 0x08, 0x8F, 0x9E, 0x0C, 0x50, 0xCF, 0x03, 0x34, 0xF5, 0x00, 0xA5, 0x3D, 0x40, 0x7F, 0x0F,
    0x50, 0xE5, 0x03, 0xB4, 0xFA, 0x04, 0xBC, 0xF9, 0x4F, 0x9E, 0x15, 0xBB, 0x60, 0x40, 0x2F, 0x0D,
    0xB0, 0x16, 0xA4, 0x96, 0x9F, 0xD9, 0x61, 0x81, 0xFA, 0x4C, 0x21, 0x35, 0x43, 0xC3, 0x83, 0xC7,
    0x8C, 0x5D, 0x2D, 0x7A, 0xD1, 0x52, 0xE2, 0x3A, 0x4B, 0xF5, 0x5D, 0x24, 0x3D, 0xDC, 0xFA, 0xEC,
    0x9B, 0x02, 0xE4, 0xEB, 0xA4, 0x9B, 0x7B, 0x18, 0x8F, 0x35, 0x02, 0x18, 0x7E, 0x1B, 0x56, 0x20,
    0x85, 0x02, 0x53, 0x50, 0xCA, 0x4E, 0x2F, 0xE5, 0x91, 0xDC, 0xD8, 0xBE, 0xF9, 0x2E, 0x14, 0xDD,
    0x3D, 0x84, 0x32, 0xA8, 0xE8, 0xE2, 0x8D, 0xA2, 0x53, 0x34, 0x6E, 0x76, 0xDF, 0x48, 0xB7, 0xEC,
    0x77, 0xCB, 0x83, 0xFA, 0xA8, 0x7B, 0xC5, 0x29, 0xCD, 0x7C, 0x52, 0x9A, 0xF9, 0x7E, 0xA5, 0x79,
    0xF3, 0x3A, 0xE4, 0x58, 0x18, 0x3C, 0x7F, 0x31, 0xAC, 0x67, 0x22, 0x8A, 0x4C, 0x4C, 0x5C, 0x96,
    0xEA, 0xE4, 0x13, 0x23, 0x8D, 0xF2, 0xCD, 0x62, 0x7D, 0x01, 0xAF, 0x2E, 0xB7, 0xA2, 0x80, 0xD9,
    0x1E, 0x70, 0x83, 0x7B, 0xE9, 0xB6, 0x06, 0x34, 0x40, 0xB1, 0xDA, 0x18, 0xC1, 0x17, 0x18, 0x3C,
    0x71, 0x55, 0x90, 0x6C, 0x0D, 0xE4, 0xEE, 0xAA, 0xF1, 0x8D, 0x43, 0xFE, 0x62, 0x10, 0xAF, 0x6D,
    0x28, 0x8A, 0xFA, 0x6E, 0x73, 0x5D, 0xF5, 0x23, 0xC4, 0x02, 0x74, 0xAB, 0x29, 0x6C, 0x1E, 0xFE,
    0xB6, 0xA3, 0x1E, 0xA6, 0xE7, 0x9A, 0x26, 0xF9, 0xDE, 0x99, 0x41, 0xC3, 0xD6, 0x97, 0x83, 0x60,
    0x5C, 0xF6, 0xB7, 0xF0, 0xAE, 0xB2, 0xF7, 0xC1, 0xD4, 0xCC, 0xBE, 0x27, 0x52, 0x96, 0xB5, 0xA6,
    0xA8, 0x4C, 0x56, 0x23, 0xAA, 0x8F, 0xE8, 0x3A, 0x97, 0x0E, 0x44, 0xB6, 0xE4, 0xAE, 0xEB, 0x83,
    0x34, 0xC8, 0xB2, 0xF2, 0x59, 0xC5, 0x69, 0xBF, 0x5A, 0xAD, 0x8A, 0xFF, 0xCC, 0xC8, 0xDC, 0x6E,
    0xBB, 0xD8, 0x7F, 0x1F, 0xCF, 0xED, 0x16, 0xAC, 0xA5, 0xBC, 0x44, 0x7B, 0x57, 0x2E, 0xB8, 0xB4,
    0xB1, 0x01, 0x94, 0x4B, 0x3B, 0x01, 0x77, 0x22, 0x1C, 0x04, 0x64, 0xB6, 0x0A, 0x9E, 0xC8, 0x64,
    0x12, 0xD8, 0x27, 0x45, 0x17, 0xD8, 0x34, 0xEC, 0x83, 0x41, 0x86, 0x41, 0xD0, 0xB9, 0x25, 0x1C,
    0x8B, 0x8B, 0x5F, 0x08, 0x44, 0xF5, 0x9D, 0x64, 0x78, 0x94, 0xD9, 0xEE, 0xE3, 0xD3, 0x76, 0x4B,
    0xD6, 0xAF, 0xFB, 0x13, 0x57, 0x7F, 0x9C, 0x0D, 0x5D, 0x61, 0xD7, 0xDD, 0xE9, 0x46, 0x37, 0x79,
    0xC3, 0x0B, 0x7D, 0xC4, 0xDF, 0x4F, 0x60, 0x74, 0xF6, 0xBB, 0x9E, 0xFE, 0x4B, 0xC0, 0x5F, 0xDA,
    0xCA, 0x20, 0x46, 0xF8, 0xCC, 0x9B, 0x7A, 0x41, 0x12, 0xC4, 0xD1, 0x16, 0x37, 0x5B, 0x6C, 0x0F,
    0x71, 0xB1, 0x43, 0x18, 0xC6, 0xE9, 0x4B, 0xA5, 0xE2, 0x47, 0xE6, 0xBB, 0x9D, 0x79, 0x78, 0xCF,
    0x13, 0x73, 0xBD, 0x8D, 0x6C, 0xBD, 0x98, 0xE9, 0x82, 0x17, 0x24, 0x44, 0x64, 0xFB, 0xDA, 0x3F,
    0x32, 0xE8, 0x65, 0x2A, 0xCE, 0x52, 0x98, 0xC9, 0xC5, 0x7F, 0xCB, 0x34, 0x83, 0xE5, 0x1E, 0xC4,
    0x0C, 0x1F, 0xCA, 0xB4, 0x8D, 0xD0, 0xA7, 0x40, 0x39, 0xBE, 0x16, 0x12, 0xA4, 0xB6, 0xB0, 0x15,
    0x29, 0xE5, 0x22, 0x67, 0x6E, 0x92, 0x4F, 0xA5, 0xAD, 0x34, 0xB6, 0xB9, 0x68, 0x94, 0x38, 0x4F,
    0xAA, 0xAC, 0x4E, 0xAA, 0xD8, 0xCD, 0x9C, 0x49, 0xF9, 0xF5, 0xDE, 0x59, 0x7E, 0xD9, 0x37, 0x2D,
    0x6B, 0x9D, 0xD0, 0x5F, 0x49, 0x91, 0x94, 0xBB, 0x45, 0x6D, 0x11, 0x42, 0x44, 0x10, 0x5A, 0x66,
    0xF7, 0x44, 0x54, 0x89, 0x28, 0x6F, 0x84, 0xA1, 0xB1, 0xF0, 0x9A, 0xA2, 0x2F, 0xC4, 0xD6, 0x81,
    0x84, 0x59, 0x2E, 0x1F, 0x9F, 0x8A, 0xC1, 0xB6, 0x4C, 0x83, 0xBA, 0x28, 0xA3, 0xD6, 0x96, 0xF1,
    0x1A, 0x25, 0x7E, 0x6F, 0x2B, 0x9C, 0xA8, 0xB9, 0xEE, 0xAF, 0xDA, 0x32, 0xE3, 0x57, 0x34, 0x90,
    0x27, 0xAA, 0x0A, 0xEE, 0x2D, 0xCC, 0x21, 0x2E, 0xDC, 0x9A, 0xDB, 0x6A, 0xD4, 0xE8, 0x6A, 0xB8,
    0xBA, 0xF8, 0x03, 0x6D, 0x20, 0xE8, 0xC5, 0x65, 0x19, 0x57, 0x7B, 0xB5, 0x23, 0xD7, 0x81, 0x0F,
    0x01, 0xB9, 0x22, 0x0D, 0xC5, 0xE9, 0xA0, 0xCA, 0x63, 0xC5, 0x8F, 0xFC, 0x6C, 0xB1, 0x4C, 0x15,
    0x0D, 0x6F, 0x40, 0x4F, 0xD0, 0xBC, 0xF4, 0x74, 0x75, 0xE5, 0x94, 0x03, 0x19, 0x9A, 0x5F, 0xF4,
    0xFE, 0x42, 0xB4, 0x3E, 0x74, 0x3E, 0x34, 0xFE, 0x39, 0x7D, 0x0F, 0x1D, 0xFE, 0x32, 0xBF, 0xD2,
    0xF3, 0xA7, 0x08, 0x83, 0x0F, 0x1A, 0x0A, 0x5F, 0x9E, 0xA9, 0xE5, 0x64, 0x2B, 0x2E, 0x56, 0x20,
    0x78, 0x21, 0xB6, 0x1F, 0x2E, 0xA0, 0xA0, 0x14, 0x08, 0xAB, 0xC3, 0x35, 0x96, 0x71, 0xCD, 0x09,
    0x2A, 0x62, 0x0C, 0x3F, 0x41, 0x5E, 0x01, 0x4D, 0x18, 0xBB, 0x80, 0xED, 0x6F, 0x11, 0x5C, 0x17,
    0x65, 0x85, 0xFE, 0xB2, 0xC9, 0xA0, 0x41, 0x15, 0x10, 0x3B, 0x30, 0xC0, 0xDE, 0xA1, 0x3B, 0x6D,
    0x13, 0x43, 0xA1, 0x95, 0x88, 0xC0, 0xD8, 0xD4, 0x67, 0x6D, 0xF0, 0x1E, 0xD0, 0x0A, 0xA3, 0xF6,
    0x09, 0x03, 0xFA, 0x31, 0xDB, 0x0D, 0xFB, 0xF9, 0x12, 0x0D, 0xC7, 0x5B, 0x51, 0x9D, 0xB7, 0xF7,
    0x74, 0xD9, 0x5F, 0xE3, 0x41, 0xE3, 0x3A, 0x7E, 0xBB, 0x59, 0xCD, 0xA7, 0x40, 0xD3, 0x28, 0x7A,
    0x2E, 0xC8, 0x90, 0x66, 0x60, 0x65, 0x68, 0x4B, 0x9B, 0x22, 0xA9, 0x9D, 0x80, 0x04, 0x26, 0x0D,
    0xEC, 0xA6, 0x9F, 0x4A, 0x53, 0xD9, 0xDF, 0xC1, 0x9A, 0xFA, 0xBC, 0x75, 0xB9, 0x25, 0x99, 0x65,
    0x96, 0x09, 0xFE, 0xFB, 0x2D, 0xCE, 0x96, 0xB8, 0x2E, 0x87, 0x61, 0xC5, 0x2C, 0x87, 0x3C, 0x44,
    0x05, 0xAC, 0xCA, 0x43, 0xA5, 0x82, 0x3C, 0xB2, 0x18, 0xE6, 0x51, 0x12, 0x9A, 0x11, 0x8C, 0x9B,
    0x6C, 0x56, 0xED, 0x69, 0xB4, 0xD3, 0xC2, 0x5F, 0xA6, 0xC4, 0x2A, 0x21, 0x56, 0x32, 0x31, 0x2D,
    0x50, 0x95, 0xCC, 0xAC, 0x82, 0xDA, 0x7A, 0x6C, 0xA8, 0x90, 0x26, 0xEF, 0xA3, 0xF1, 0xBF, 0xE9,
    0x27, 0x84, 0x88, 0x1A, 0x90, 0xFC, 0x9F, 0x0E, 0x27, 0x70, 0x36, 0x17, 0x1E, 0xCB, 0x9C, 0x25,
    0x96, 0x5F, 0xBE, 0x6C, 0x47, 0xDA, 0x88, 0x1A, 0xE9, 0x15, 0xCA, 0x69, 0xF6, 0x30, 0xF1, 0x84,
    0x3E, 0x06, 0x11, 0x48, 0xD2, 0x73, 0x6E, 0x82, 0xB1, 0xAF, 0x0A, 0x8C, 0x41, 0xB6, 0x7C, 0x03,
    0x16, 0x03, 0xC2, 0x7B, 0x51, 0x1D, 0x97, 0xCB, 0x54, 0x87, 0xCD, 0xD7, 0x7B, 0xDF, 0x24, 0x9A,
    0x76, 0x5D, 0x3E, 0xED, 0x8D, 0x6A, 0x92, 0x89, 0x7C, 0xEC, 0x97, 0x84, 0xEB, 0x5E, 0x5F, 0xEF,
    0x4D, 0x15, 0x52, 0x2D, 0xA1, 0xF0, 0xD2, 0x4C, 0x7C, 0xF6, 0x87, 0xDA, 0xCF, 0x76, 0x17, 0xDC,
    0x9B, 0xC0, 0x3B, 0x07, 0xE7, 0xC3, 0xA2, 0xCB, 0x7E, 0xBA, 0xE6, 0xA7, 0xE5, 0xA7, 0xC1, 0x27,
    0x37, 0x2F, 0xF8, 0xB9, 0x22, 0x72, 0xA4, 0x1D, 0xF3, 0x93, 0x4E, 0x52, 0x04, 0xF7, 0xBE, 0x2E,
    0x89, 0xE9, 0x0E, 0x89, 0x57, 0x9F, 0xB9, 0x1F, 0x72, 0x1E, 0x92, 0x21, 0x9D, 0xB2, 0xC4, 0xEF,
    0x2B, 0xDC, 0xBF, 0x1D, 0xB7, 0x78, 0x0E, 0xFC, 0x23, 0xC0, 0xD7, 0x38, 0x97, 0xBF, 0x49, 0x68,
    0x15, 0x72, 0x3D, 0x60, 0x30, 0x2E, 0xF3, 0xC5, 0x2C, 0x29, 0xB1, 0x19, 0xEF, 0x52, 0xF8, 0x13,
    0xC2, 0x3F, 0xBC, 0x54, 0x2B, 0x60, 0x8A, 0x5B, 0x81, 0x9D, 0xC1, 0x0B, 0xAC, 0xBF, 0x3F, 0xF0,
    0x86, 0x9F, 0x78, 0x76, 0x2D, 0x1F, 0xDF, 0x56, 0xB1, 0xE8, 0x9F, 0x01, 0x51, 0xE8, 0xBF, 0xBA,
    0x9C, 0xE5, 0x38, 0xF6, 0x83, 0xAE, 0xE8, 0x6A, 0xFA, 0x5A, 0x30, 0x0B, 0xA9, 0x44, 0x3B, 0xD1,
    0x04, 0xA8, 0x2C, 0x31, 0x8B, 0x1A, 0xC2, 0x96, 0xB0, 0x23, 0x1C, 0x08, 0x2D, 0xA1, 0x4C, 0xBE,
    0x02, 0x45, 0xEB, 0x0B, 0xC4, 0x5A, 0x6F, 0x6B, 0x65, 0x62, 0x16, 0x28, 0x73, 0xB4, 0x40, 0x99,
    0x5E, 0x05, 0x8A, 0xCC, 0x00, 0xD2, 0xC8, 0x4A, 0x93, 0x1A, 0x30, 0x6E, 0x01, 0xC3, 0x0E, 0xD0,
    0x1F, 0x00, 0x3D, 0x0B, 0x68, 0xEC, 0xBB, 0x80, 0xC9, 0xBF, 0x02, 0x2E, 0x3F, 0x03, 0x8C, 0x6C,
    0x4B, 0x2B, 0x02, 0x70, 0x41, 0x68, 0x14, 0x66, 0x84, 0x50, 0xC1, 0x9C, 0x25, 0xE2, 0x29, 0xC9,
    0x82, 0xD3, 0xF5, 0x23, 0x80, 0x6E, 0xDB, 0xA2, 0x10, 0x2D, 0xCE, 0x70, 0x00, 0xA3, 0x01, 0x59,
    0xF1, 0x9E, 0x68, 0x14, 0xC4, 0x02, 0x18, 0x0A, 0x60, 0x24, 0x80, 0x81, 0x00, 0xFA, 0xEF, 0x2F,
    0x02, 0x8E, 0x87, 0x71, 0xF3, 0x57, 0x32, 0x8B, 0xA5, 0xA9, 0xC2, 0xD3, 0xA0, 0xBF, 0x26, 0x8E,
    0x76, 0x13, 0x3C, 0x18, 0x1B, 0x67, 0xB8, 0xE9, 0xF2, 0xD6, 0x7A, 0x5C, 0x79, 0xA3, 0xD4, 0x86,
    0xF5, 0x96, 0xB9, 0x70, 0x3B, 0xFD, 0x36, 0xD6, 0xB6, 0x2A, 0x90, 0x11, 0x36, 0x05, 0x63, 0x6C,
    0x44, 0x5A, 0x73, 0xB1, 0x93, 0xBD, 0xF6, 0xF2, 0xB1, 0xF4, 0x94, 0xF7, 0xA1, 0xF9, 0x17, 0xB1,
    0xF1, 0xC0, 0x86, 0x0C, 0xB6, 0xD2, 0xF2, 0x73, 0x50, 0x89, 0x73, 0x7E, 0xBF, 0x27, 0x42, 0xF6,
    0xFF, 0x72, 0xAE, 0xDC, 0x5B, 0x93, 0x7B, 0x34, 0x87, 0xC3, 0x39, 0x6C, 0xA7, 0x7C, 0x29, 0x2F,
    0xA3, 0x3C, 0x31, 0xFC, 0x18, 0x70, 0x62, 0x17, 0x0B, 0xFE, 0x90, 0x12, 0xBE, 0x03, 0x84, 0x43,
    0xE6, 0x5B, 0x08, 0x5B, 0x46, 0x40, 0x86, 0x89, 0xD2, 0xD1, 0x13, 0x41, 0x13, 0x4A, 0x02, 0xFA,
    0x46, 0x73, 0x1C, 0xB7, 0x8A, 0x67, 0xBE, 0x34, 0x88, 0xEE, 0x52, 0xDB, 0x34, 0xD0, 0xAF, 0x91,
    0x7E, 0xA3, 0x81, 0x77, 0xA3, 0x49, 0x77, 0x46, 0x83, 0xFD, 0x46, 0xE3, 0xF3, 0x9C, 0x0A, 0x3C,
    0xAB, 0x29, 0x74, 0x56, 0x03, 0xFE, 0xE2, 0x11, 0xA5, 0x0C, 0xFE, 0x8F, 0x85, 0x4A, 0xDA, 0x58,
    0x6C, 0x9D, 0x73, 0x37, 0xB8, 0xDB, 0x5D, 0x65, 0xAE, 0x6A, 0xD7, 0x90, 0x6B, 0xD6, 0x21, 0x61,
    0x34, 0x0F, 0x6F, 0x44, 0xD0, 0xA1, 0xEB, 0x90, 0xBF, 0x7C, 0xB2, 0xCC, 0xC5, 0x69, 0x78, 0x1D,
    0x13, 0x90, 0x44, 0x08, 0x37, 0x31, 0x7B, 0x5D, 0x92, 0xB0, 0xE3, 0x91, 0x37, 0xF0, 0x2C, 0xAF,
    0xE3, 0x1D, 0x17, 0xA7, 0x3E, 0xEA, 0x42, 0xA3, 0xF1, 0xB9, 0xD2, 0x88, 0xA5, 0xC6, 0xDA, 0x4C,
    0x6B, 0x8D, 0xCE, 0x00, 0x70, 0x82, 0xF6, 0x8D, 0xED, 0x13, 0xAE, 0x46, 0xDE, 0xD1, 0xD5, 0xC8,
    0x47, 0xCF, 0x5B, 0x8D, 0x3C, 0x58, 0xC7, 0x88, 0x13, 0x4E, 0xD9, 0x18, 0xA8, 0x29, 0xBC, 0x8E,
    0x23, 0xCA, 0x5F, 0xD3, 0x30, 0xF0, 0x19, 0x37, 0x11, 0x4F, 0x38, 0xFB, 0x66, 0xF6, 0x48, 0xD4,
    0x60, 0x8A, 0xE5, 0x46, 0x01, 0x24, 0x5D, 0x26, 0xF7, 0xE5, 0xD6, 0x04, 0x7C, 0x78, 0x14, 0x34,
    0xAF, 0xA6, 0x33, 0xEE, 0x5A, 0xCD, 0xE4, 0x08, 0xAD, 0x3B, 0x48, 0xC6, 0x03, 0xFB, 0x74, 0x45,
    0xB3, 0x17, 0x69, 0xBF, 0x64, 0x46, 0xD8, 0x3B, 0x73, 0x18, 0x74, 0xF3, 0x00, 0x71, 0x26, 0x1E,
    0xB0, 0xF9, 0xD4, 0xE5, 0xF3, 0x3A, 0xCE, 0xB9, 0x03, 0x4E, 0xF4, 0xD3, 0x01, 0xFD, 0x27, 0x97,
    0xC5, 0x92, 0xEF, 0x39, 0x48, 0x77, 0x6F, 0x9F, 0x2A, 0x9C, 0x9A, 0x98, 0x1A, 0x9D, 0xD0, 0xD0,
    0x18, 0x0D, 0xE7, 0xDA, 0x7C, 0x34, 0xD8, 0x1D, 0xF2, 0x23, 0x39, 0xF5, 0x48, 0x60, 0x3D, 0x92,
    0x5C, 0x93, 0x01, 0x21, 0xE6, 0x6E, 0xB0, 0xA3, 0xE0, 0xAE, 0x13, 0x6B, 0x7F, 0x81, 0xC5, 0x4D,
    0xB0, 0xCA, 0x62, 0x15, 0x0A, 0x8C, 0x43, 0x46, 0x4F, 0x05, 0x36, 0x22, 0x56, 0xD6, 0x80, 0xA9,
    0x72, 0x4F, 0x88, 0x8E, 0x44, 0xBC, 0x38, 0x68, 0xC9, 0x75, 0xEC, 0x5A, 0x99, 0x1F, 0x98, 0xCD,
    0x3F, 0x0F, 0x34, 0x7F, 0x85, 0xDB, 0x61, 0x0C, 0xEF, 0x72, 0x54, 0x68, 0xA2, 0x0C, 0x6B, 0x86,
    0x50, 0xB0, 0xAD, 0xD6, 0x24, 0x8D, 0xB6, 0xFE, 0x4F, 0xB6, 0x1A, 0xF1, 0xC9, 0x1D, 0x86, 0xBD,
    0x71, 0x38, 0x9F, 0x39, 0x1D, 0xB4, 0xBD, 0xB4, 0x5A, 0x6C, 0x36, 0x89, 0x78, 0xEB, 0xE7, 0xE4,
    0x17, 0x8B, 0x03, 0xF3, 0xE0, 0x2F, 0x2C, 0xB3, 0x50, 0x97, 0xCC, 0x32, 0x8E, 0x18, 0xC8, 0x0A,
    0x34, 0xD7, 0xF8, 0x02, 0x18, 0x76, 0x9B, 0x90, 0x97, 0x48, 0xFA, 0x94, 0x1D, 0xAC, 0x6B, 0x4D,
    0x08, 0x97, 0x3D, 0x78, 0x13, 0xD0, 0x70, 0x31, 0x89, 0xBB, 0x77, 0xEC, 0x98, 0xCF, 0xCA, 0xA0,
    0x1C, 0x92, 0xAF, 0x36, 0xA1, 0x33, 0x6D, 0x97, 0x75, 0x06, 0x0C, 0xA0, 0x2D, 0x14, 0x03, 0x31,
    0x9D, 0xC4, 0xD5, 0x11, 0xCA, 0x92, 0x74, 0x8A, 0xE9, 0x64, 0xF7, 0x87, 0xEC, 0xDD, 0x21, 0xFB,
    0x68, 0xC8, 0xEC, 0x3F, 0x8A, 0x92, 0xCF, 0x18, 0xCE, 0xC4, 0xE7, 0x92, 0xCE, 0xF4, 0xB1, 0x90,
    0x3F, 0x7F, 0x31, 0x91, 0xCD, 0x79, 0x80, 0x1A, 0x6D, 0xD6, 0x49, 0x42, 0xD3, 0x97, 0xC2, 0x6A,
    0xF2, 0x06, 0xB1, 0xF3, 0x28, 0xFE, 0xB5, 0xCD, 0xE3, 0xCF, 0xE4, 0x6B, 0x3F, 0x4D, 0xE3, 0x9E,
    0x68, 0x52, 0x44, 0xF8, 0xAD, 0xAF, 0xFE, 0x1D, 0x5F, 0x38, 0x5E, 0xEA, 0x66, 0x2D, 0x46, 0x73,
    0x12, 0x97, 0x3A, 0x81, 0x40, 0x8C, 0xF7, 0xA1, 0xF7, 0xCF, 0x40, 0x93, 0xC8, 0x15, 0x74, 0x4F,
    0x93, 0x8F, 0x4A, 0xA6, 0x20, 0xCF, 0xB6, 0x5E, 0x99, 0x23, 0x15, 0xC5, 0xDB, 0xE9, 0xED, 0x7C,
    0x59, 0x26, 0x79, 0xD8, 0xC8, 0xFD, 0x4F, 0x51, 0x4D, 0x33, 0xBA, 0x5F, 0x33, 0xEE, 0xBC, 0x14,
    0xCE, 0xCF, 0x03, 0x00, 0xB3, 0x8E, 0xA7, 0x1B, 0xE5, 0x72, 0x2A, 0xE6, 0x6B, 0x86, 0x05, 0xD2,
    0x7F, 0x63, 0x46, 0x3C, 0x48, 0xBC, 0x6F, 0x1F, 0x17, 0x03, 0x08, 0xA1, 0xDD, 0x8E, 0x88, 0x34,
    0x74, 0x6C, 0x56, 0x02, 0xA3, 0x5B, 0xA9, 0x4E, 0x1C, 0x2E, 0xC9, 0x47, 0x3B, 0x8A, 0x99, 0x1C,
    0x32, 0xDB, 0x7C, 0xA2, 0x8A, 0x35, 0xC7, 0x3C, 0xC3, 0xFF, 0x4E, 0xA9, 0xC3, 0x64, 0x5E, 0x4A,
    0xC7, 0x9C, 0xB3, 0xCD, 0x96, 0x0D, 0xDD, 0xC2, 0x07, 0x8F, 0x2D, 0xE1, 0x2E, 0xBC, 0x02, 0xB3,
    0xA5, 0x4C, 0x6E, 0xA1, 0x7D, 0xFC, 0x11, 0xD6, 0xD2, 0x18, 0x87, 0xC9, 0x38, 0xE3, 0x9E, 0xD8,
    0x27, 0x53, 0x98, 0xF0, 0xB9, 0x01, 0x00, 0x2E, 0xF7, 0x70, 0x21, 0x22, 0x40, 0xAA, 0x3B, 0x96,
    0x84, 0xB8, 0x3C, 0x94, 0x63, 0xDB, 0x60, 0xCE, 0xA5, 0x0D, 0x92, 0x10, 0x41, 0xA3, 0x06, 0x16,
    0x90, 0x9B, 0x5A, 0x35, 0xE3, 0xF2, 0xC4, 0x6E, 0x36, 0x6B, 0x54, 0x5C, 0xEC, 0x10, 0x65, 0x5D,
    0x94, 0xF1, 0xF0, 0x9E, 0xCD, 0xA1, 0x02, 0x50, 0xF3, 0x1A, 0x6D, 0xA4, 0xDB, 0x89, 0x1B, 0x9A,
    0x8B, 0x19, 0x70, 0x9B, 0x40, 0x44, 0xF3, 0x43, 0xA8, 0xDA, 0x97, 0xB8, 0x71, 0x34, 0xEC, 0xC6,
    0xD8, 0xE4, 0x32, 0x88, 0xE0, 0x0A, 0x25, 0xF7, 0x2E, 0xF4, 0xA6, 0x38, 0xE6, 0x7E, 0xB7, 0x38,
    0x6F, 0x9B, 0x1F, 0x8C, 0xE7, 0xC7, 0x23, 0xAC, 0x1A, 0xD9, 0x3E, 0xDB, 0x64, 0x92, 0x22, 0xB4,
    0x3C, 0xED, 0xE7, 0xE2, 0x71, 0xA2, 0x9B, 0x06, 0xEB, 0x83, 0x0A, 0x2D, 0x39, 0xF2, 0x64, 0x8C,
    0x8B, 0xE8, 0xAA, 0x11, 0xF7, 0xCD, 0xE1, 0x88, 0x36, 0x85, 0x8F, 0xEA, 0xA7, 0x48, 0x0B, 0xF6,
    0x07, 0x70, 0x2D, 0x76, 0x8C, 0xB4, 0x34, 0x17, 0x47, 0x5A, 0x8E, 0xA5, 0x7B, 0xAE, 0x14, 0x69,
    0x39, 0x58, 0xDF, 0x30, 0x2B, 0xA8, 0x99, 0xC3, 0x5B, 0xAB, 0xEC, 0x31, 0xF6, 0xDF, 0x2B, 0xB7,
    0x6F, 0x0E, 0x9C, 0x0B, 0xB7, 0x26, 0x7A, 0xBA, 0x7C, 0xC8, 0x3B, 0x9B, 0x63, 0xDD, 0xAF, 0x96,
    0x7C, 0xA2, 0x9A, 0x68, 0xF7, 0x0B, 0x6B, 0x74, 0xFC, 0xFE, 0x60, 0x78, 0x7D, 0xEF, 0x35, 0xCF,
    0xFC, 0x72, 0xB5, 0xF9, 0x1F, 0x34, 0x44, 0x8F, 0x6D, 0xB7, 0x21, 0xF6, 0x7A, 0x43, 0x78, 0x3F,
    0x19, 0x67, 0x2D, 0x61, 0x3E, 0xF6, 0x8F, 0xC5, 0x29, 0x45, 0x0B, 0x42, 0x26, 0x32, 0x7D, 0x36,
    0x46, 0x0F, 0x83, 0x79, 0xF4, 0xB0, 0x78, 0x46, 0xF4, 0xF0, 0x78, 0x7A, 0x05, 0x9A, 0x7D, 0xFA,
    0xE6, 0x8B, 0x9E, 0xDF, 0x54, 0xBF, 0x2F, 0x8F, 0xEB, 0xD7, 0xC6, 0x9F, 0x55, 0xF6, 0xC5, 0xEB,
    0xF4, 0x80, 0xBA, 0x2D, 0x78, 0x5D, 0xFC, 0xB9, 0x8A, 0x14, 0xE2, 0x78, 0x7E, 0xEE, 0x4A, 0x52,
    0x18, 0xAC, 0x23, 0x88, 0x9E, 0xC5, 0x46, 0xFD, 0xA5, 0xE5, 0x76, 0xBD, 0x93, 0xBD, 0xA6, 0xEC,
    0x6C, 0xE3, 0xE5, 0xA1, 0x20, 0x50, 0xAA, 0xE1, 0x1C, 0x27, 0x15, 0xE6, 0xCE, 0xAC, 0x64, 0xAE,
    0x42, 0x2E, 0x0A, 0x4A, 0xC6, 0x8C, 0xCC, 0x96, 0x05, 0x77, 0xDF, 0x71, 0x4D, 0x9D, 0xA1, 0xAE,
    0x13, 0xDD, 0x62, 0x92, 0x7F, 0x2C, 0xBC, 0x1A, 0x60, 0x10, 0x63, 0xF7, 0x5D, 0xBB, 0xAC, 0xF6,
    0xE4, 0x6B, 0xBE, 0x60, 0xA4, 0x14, 0xF1, 0x56, 0xE4, 0x94, 0xC0, 0x31, 0x4E, 0x1A, 0xD8, 0xD5,
    0x4D, 0x3C, 0xBC, 0xF1, 0x79, 0x13, 0x59, 0xFB, 0x6F, 0x8D, 0xE0, 0x24, 0x6A, 0xE3, 0x2E, 0x36,
    0xC5, 0x7E, 0x6B, 0xB5, 0xD2, 0x4D, 0x8A, 0x3B, 0xF0, 0x82, 0xD7, 0xD1, 0xF0, 0x98, 0xCF, 0x59,
    0x71, 0x8F, 0xB0, 0x68, 0x2F, 0x7E, 0xB8, 0xCC, 0xE1, 0x18, 0xFD, 0x1D, 0xF3, 0x6D, 0x50, 0xC2,
    0x79, 0x34, 0x2E, 0x33, 0x32, 0x7A, 0x98, 0x34, 0x34, 0xFC, 0x9F, 0x63, 0x66, 0xF7, 0xBE, 0x47,
    0xA8, 0xF0, 0x51, 0x25, 0x7B, 0x1E, 0x1D, 0x73, 0x38, 0x9E, 0xBB, 0x57, 0x51, 0x4D, 0x7C, 0x0E,
    0xEB, 0x87, 0x74, 0xD3, 0xA1, 0x58, 0xA3, 0xFC, 0xCE, 0x74, 0x1C, 0xFC, 0xB2, 0x9B, 0xD2, 0xC5,
    0x4D, 0x76, 0x76, 0x74, 0xFC, 0x77, 0xA9, 0xF8, 0x34, 0x16, 0x61, 0xBC, 0xC1, 0xF8, 0xFC, 0x6B,
    0xEC, 0x9E, 0xFC, 0xD8, 0x13, 0xF0, 0x0E, 0x8E, 0x92, 0x3F, 0xAD, 0xDD, 0xD9, 0xC9, 0xE1, 0x38,
    0x5C, 0x4F, 0x04, 0x7C, 0xE6, 0x41, 0xD8, 0xC0, 0x87, 0x13, 0x7F, 0x8E, 0x63, 0x80, 0x53, 0xF9,
    0x7D, 0x6A, 0x24, 0xBF, 0x3D, 0x52, 0xB9, 0x4F, 0x4A, 0xAC, 0xAB, 0xDD, 0x17, 0xC6, 0x17, 0xB0,
    0x7E, 0x87, 0xA0, 0x41, 0x08, 0xBD, 0x32, 0x8B, 0xF5, 0x56, 0x5C, 0xE0, 0x60, 0x8C, 0x3E, 0x38,
    0xE3, 0x1A, 0x32, 0xAE, 0x21, 0xE3, 0x1A, 0x32, 0xAE, 0x22, 0xE3, 0x4A, 0x32, 0x2E, 0x07, 0xE3,
    0xCE, 0x79, 0x0C, 0xD4, 0x2F, 0x5C, 0x00, 0xD2, 0x8C, 0x24, 0x5D, 0x2D, 0x77, 0xD9, 0x78, 0xF6,
    0xC7, 0x53, 0xF2, 0xA6, 0x29, 0xF8, 0x17, 0x02, 0xCB, 0x07, 0x62, 0x20, 0x1D, 0x0F, 0xA6, 0xBC,
    0xF4, 0xD3, 0xD6, 0xD5, 0xED, 0x4D, 0xA2, 0x8A, 0x99, 0x66, 0x74, 0xDE, 0x9E, 0xF2, 0xAB, 0xED,
    0x38, 0x7B, 0x2F, 0x26, 0x3D, 0xA3, 0xFB, 0x32, 0x34, 0x61, 0xCA, 0x4E, 0x62, 0x70, 0xC1, 0xFE,
    0x8C, 0xAD, 0x94, 0x82, 0x0A, 0x0E, 0x17, 0x64, 0x8F, 0xA1, 0x75, 0x78, 0x7E, 0x74, 0xEC, 0x84,
    0x77, 0x78, 0xDC, 0x12, 0xB6, 0xEB, 0x37, 0xB0, 0x94, 0xC4, 0xFD, 0x43, 0x2E, 0xA8, 0x78, 0x58,
    0xE1, 0x9A, 0xB8, 0x09, 0xA6, 0x41, 0x67, 0xFC, 0xAF, 0xD6, 0x2C, 0xE4, 0xC7, 0x97, 0x1D, 0x4F,
    0xF5, 0xC4, 0x05, 0x97, 0xCB, 0x4D, 0xBF, 0xE9, 0xB5, 0x0A, 0x19, 0x85, 0x03, 0xFD, 0x2C, 0xCB,
    0x9E, 0xD4, 0x28, 0xFE, 0xB2, 0x2A, 0xB4, 0xF9, 0x3C, 0x29, 0xB3, 0xD4, 0x79, 0x81, 0x82, 0x73,
    0xC6, 0x23, 0xFC, 0x83, 0x7E, 0xC6, 0x55, 0x4B, 0xC8, 0x3D, 0xEF, 0x54, 0xEA, 0xA2, 0x46, 0xEA,
    0xA6, 0x44, 0xB0, 0x85, 0xDF, 0xF4, 0x8E, 0x03, 0xCA, 0x85, 0xE0, 0xF7, 0x8A, 0x8D, 0x21, 0x76,
    0xFE, 0x97, 0x7C, 0xC8, 0x12, 0x30, 0x26, 0xB7, 0x40, 0xC5, 0x82, 0x6E, 0xB0, 0xC7, 0x07, 0x2B,
    0x68, 0xF6, 0x6E, 0xAD, 0x5F, 0xE5, 0x80, 0x4B, 0xDF, 0xFC, 0xDE, 0x2C, 0x03, 0x61, 0xF3, 0xDC,
    0x28, 0x13, 0xFD, 0x4E, 0x59, 0xBD, 0x2C, 0x55, 0xD9, 0x14, 0xE9, 0xF9, 0x87, 0xE9, 0xCC, 0xE6,
    0x96, 0x14, 0xCB, 0x19, 0x19, 0x48, 0x91, 0x7A, 0x40, 0x2A, 0x43, 0x90, 0x42, 0x9C, 0x87, 0xA0,
    0xA5, 0x90, 0xB7, 0xB0, 0xB5, 0x27, 0xCC, 0xA9, 0xFD, 0xAF, 0x9A, 0x05, 0xD8, 0xE5, 0x7F, 0xD9,
    0x30, 0x5F, 0x3D, 0xF8, 0x5D, 0x0B, 0xB6, 0xB6, 0xE1, 0xAF, 0xBA, 0x60, 0x8D, 0x2D, 0xAF, 0xFF,
    0xDE, 0x85, 0x60, 0x7B, 0x54, 0x62, 0xD5, 0x6C, 0xD1, 0xC5, 0x65, 0x1F, 0xD5, 0x78, 0xB0, 0x4B,
    0xFE, 0x08, 0x61, 0xB5, 0x21, 0x49, 0x33, 0xCC, 0x77, 0x45, 0x62, 0x12, 0xF0, 0x32, 0xCB, 0xCC,
    0x12, 0x88, 0x25, 0x52, 0xB7, 0xD5, 0x70, 0x05, 0x9D, 0xF4, 0xA5, 0x94, 0x83, 0xFA, 0xED, 0x61,
    0xAF, 0x6B, 0xEC, 0x7C, 0x82, 0x17, 0xDC, 0x6A, 0x4A, 0x92, 0x52, 0x15, 0xEB, 0x52, 0x4A, 0xF6,
    0x26, 0x79, 0x31, 0x30, 0xEC, 0xEC, 0x77, 0x8B, 0xEE, 0x22, 0x31, 0x6A, 0xC8, 0x28, 0xF8, 0x69,
    0xF0, 0xDC, 0x3B, 0x08, 0x31, 0xA2, 0x06, 0x88, 0xD5, 0x22, 0xF2, 0x1A, 0x31, 0x9F, 0x96, 0x97,
    0x49, 0x97, 0xC3, 0xFC, 0x10, 0x4F, 0x9F, 0xC9, 0x09, 0x6B, 0xAE, 0x8D, 0x04, 0x9D, 0x4F, 0xF3,
    0x64, 0xE0, 0xA6, 0x67, 0xE4, 0x11, 0x90, 0xB5, 0xEF, 0x6B, 0xB8, 0x42, 0x7B, 0x40, 0x93, 0xB8,
    0x5C, 0xA8, 0x81, 0xB9, 0xFB, 0x9B, 0x38, 0xF3, 0xF5, 0x14, 0xB7, 0x37, 0xDB, 0x9D, 0x74, 0x68,
    0xA9, 0x40, 0xA9, 0xD0, 0x5D, 0x30, 0x9C, 0x20, 0xC1, 0x6E, 0xF0, 0x8C, 0xB2, 0xDE, 0x8E, 0xC3,
    0x44, 0x07, 0x06, 0x07, 0x85, 0xFC, 0x29, 0xBD, 0x1C, 0x71, 0x08, 0xE0, 0xE2, 0x82, 0x02, 0x9F,
    0xE5, 0x2A, 0xF6, 0xF4, 0x36, 0x54, 0xB4, 0xEB, 0xC1, 0x89, 0xB5, 0x90, 0xC8, 0xD6, 0x55, 0x80,
    0x67, 0x22, 0x3B, 0x4E, 0x00, 0xC5, 0xEC, 0x19, 0x61, 0xC5, 0xE6, 0x71, 0x3B, 0xDC, 0xB7, 0xE6,
    0x7D, 0xD4, 0x99, 0x71, 0x0E, 0xD1, 0x14, 0xB8, 0x40, 0xFB, 0xD5, 0x6B, 0xBD, 0x56, 0x1F, 0xD4,
    0xC6, 0x0B, 0x7A, 0xB2, 0xD1, 0xFD, 0x72, 0xE7, 0xBE, 0xB9, 0xFD, 0xAB, 0xD9, 0xC3, 0x53, 0xBE,
    0xEA, 0x72, 0x7F, 0xF6, 0x30, 0xDC, 0xE0, 0x61, 0x03, 0x56, 0x7C, 0x1A, 0x9D, 0x0B, 0x74, 0xB9,
    0x27, 0xCE, 0xB9, 0x7D, 0xA4, 0x5C, 0xB4, 0x21, 0xA2, 0xB3, 0x93, 0xD5, 0x33, 0x4E, 0x26, 0x5B,
    0x27, 0xFD, 0x9D, 0x93, 0x8F, 0xB1, 0x4D, 0x0C, 0x6D, 0x6E, 0xC0, 0x18, 0x2D, 0xCF, 0xC7, 0xDE,
    0xED, 0xC7, 0xEC, 0xF1, 0xED, 0x87, 0xC0, 0xC1, 0x77, 0x4F, 0x37, 0xE0, 0xD6, 0xEA, 0x07, 0xCA,
    0xF5, 0x31, 0x89, 0x86, 0x61, 0xCA, 0xA2, 0x74, 0x0F, 0xDD, 0x60, 0x5F, 0x30, 0xF4, 0xB3, 0x8D,
    0xB2, 0x6F, 0xC7, 0xC7, 0x0E, 0xC4, 0xBC, 0xE9, 0x8B, 0xD5, 0x2A, 0x05, 0x1A, 0xF9, 0x06, 0xB8,
    0xE0, 0xE7, 0xCE, 0x43, 0x28, 0xDE, 0xD9, 0xFB, 0xA4, 0x82, 0x1B, 0xC3, 0x44, 0x46, 0x48, 0x79,
    0x4D, 0x34, 0x21, 0xB1, 0xE7, 0x69, 0x63, 0x87, 0x63, 0xE2, 0x5B, 0x78, 0x34, 0x5B, 0x61, 0xC6,
    0x47, 0x27, 0x44, 0x9F, 0x6D, 0x1E, 0x9D, 0x70, 0xA3, 0x39, 0xC9, 0xE7, 0x5B, 0xF1, 0xF1, 0x56,
    0xFA, 0x40, 0xB1, 0x82, 0x13, 0x57, 0xBF, 0xFF, 0xD1, 0x56, 0x87, 0x63, 0x67, 0x51, 0x07, 0x62,
    0x5F, 0xD9, 0x3A, 0x79, 0x72, 0x96, 0x5C, 0x65, 0x65, 0xF8, 0xD9, 0x9F, 0xFF, 0x03, 0xED, 0x5C,
    0xBF, 0xAF, 0xE4, 0xD6, 0x75, 0xBE, 0x24, 0xE1, 0x47, 0x47, 0x53, 0xB0, 0xDA, 0x66, 0xB7, 0x60,
    0xBF, 0x30, 0xC0, 0xFF, 0xC0, 0x1C, 0xBB, 0x49, 0xE1, 0x22, 0x5B, 0x68, 0xB0, 0x40, 0x54, 0xD8,
    0x85, 0x1B, 0xC5, 0x40, 0xDE, 0x3F, 0x20, 0x9B, 0x5C, 0xA7, 0x48, 0x91, 0xC2, 0xAF, 0x59, 0x21,
    0xB6, 0x0A, 0x37, 0x86, 0xA1, 0x34, 0x71, 0xEB, 0x00, 0xB2, 0x48, 0xDB, 0x40, 0x9A, 0x14, 0x21,
    0x02, 0xB8, 0x72, 0x21, 0xCA, 0xD8, 0x15, 0x02, 0xA8, 0x58, 0x26, 0xA0, 0x1C, 0x3E, 0x8B, 0xE4,
    0xCD, 0xF9, 0xBE, 0x73, 0x2F, 0x39, 0xF3, 0xDE, 0xEC, 0x6A, 0xA5, 0x5D, 0xBD, 0xDD, 0x7D, 0xF6,
    0xE0, 0xCD, 0xE5, 0x79, 0x33, 0xE4, 0xE5, 0x3D, 0x3F, 0xEE, 0xF9, 0xCD, 0x31, 0x46, 0x5E, 0x79,
    0x69, 0x8E, 0x1F, 0x4E, 0xAD, 0xB5, 0xA5, 0xD9, 0xC8, 0x68, 0xE5, 0x03, 0x19, 0x27, 0x63, 0xEC,
    0x9F, 0xBE, 0x67, 0x6B, 0x13, 0xD9, 0xAD, 0xA9, 0x3A, 0xB3, 0x19, 0x8D, 0x49, 0x07, 0x93, 0xF6,
    0x06, 0x60, 0xDE, 0x1A, 0x13, 0xCD, 0x26, 0xAF, 0x8D, 0x09, 0xAC, 0x29, 0xE4, 0x60, 0xAC, 0xA9,
    0x30, 0x9D, 0xDD, 0xCA, 0xF9, 0x46, 0x60, 0x7F, 0xC0, 0x1D, 0x8A, 0xE5, 0xB0, 0xFF, 0xDD, 0xD6,
    0x5D, 0xE0, 0x2E, 0x77, 0x93, 0x71, 0xEA, 0xC9, 0xDF, 0x88, 0xB7, 0xED, 0x75, 0x11, 0xF2, 0x85,
    0x3D, 0xC7, 0x92, 0xB0, 0xC0, 0x59, 0xAE, 0x91, 0xE5, 0xF6, 0x98, 0xF7, 0x74, 0xDE, 0x9A, 0x3D,
    0x84, 0x8E, 0x8C, 0x5B, 0x73, 0xE2, 0x31, 0x9B, 0xE4, 0x26, 0x96, 0x78, 0x7D, 0x64, 0x3B, 0x93,
    0x4C, 0x26, 0x23, 0x56, 0x72, 0xA3, 0xAC, 0xC5, 0x8D, 0xF3, 0xC6, 0x84, 0xC4, 0x2C, 0xD0, 0x51,
    0x17, 0x66, 0x57, 0x18, 0x9F, 0xF3, 0x1C, 0x3D, 0x5F, 0xAF, 0xC5, 0x3C, 0x3D, 0xE7, 0x6C, 0xDD,
    0xFC, 0x72, 0x2F, 0xAC, 0xF1, 0x44, 0x3E, 0xD0, 0x57, 0x56, 0x1F, 0x3D, 0x80, 0x32, 0xA9, 0x75,
    0x07, 0xD2, 0x29, 0x9D, 0x0D, 0x0F, 0xED, 0x15, 0x1E, 0x84, 0x80, 0x82, 0x0E, 0x18, 0x22, 0xB8,
    0x81, 0x21, 0xF2, 0xCE, 0x3B, 0xC1, 0xBB, 0x34, 0xE9, 0x68, 0x62, 0x0B, 0x62, 0x3F, 0xAC, 0x44,
    0x28, 0x42, 0xAB, 0x44, 0x2F, 0x88, 0xA3, 0xA0, 0x37, 0x38, 0xF4, 0xD2, 0xFA, 0xF2, 0x58, 0x94,
    0x26, 0xB1, 0x3A, 0x96, 0x18, 0x67, 0x83, 0xB1, 0xFB, 0xA2, 0x63, 0x6D, 0xD2, 0x0E, 0x1C, 0xC8,
    0x3A, 0xAC, 0x52, 0x96, 0x27, 0x7F, 0xC2, 0xC3, 0x74, 0x7E, 0xE3, 0x91, 0x70, 0xD2, 0xDA, 0xFF,
    0xEC, 0xB0, 0x3C, 0x39, 0xD3, 0x9C, 0xF6, 0x18, 0xF5, 0xF5, 0xA6, 0xB9, 0xE9, 0xC4, 0x43, 0xA4,
    0xA1, 0x32, 0xB2, 0xFE, 0x33, 0x2C, 0xEE, 0xBF, 0x46, 0x80, 0x60, 0x51, 0xFC, 0x7F, 0x3D, 0x40,
    0xDB, 0x00, 0xBB, 0xC6, 0xD8, 0xFB, 0x6F, 0x10, 0x43, 0x21, 0x86, 0xA0, 0x9D, 0x8D, 0x7A, 0xA9,
    0x80, 0x91, 0x5D, 0x40, 0x12, 0xCC, 0x81, 0x55, 0x1D, 0x83, 0x26, 0x00, 0xF3, 0x15, 0xCC, 0xDA,
    0x05, 0x4C, 0xDB, 0x60, 0xB7, 0x2B, 0x3A, 0x82, 0x58, 0x55, 0x41, 0x66, 0x73, 0x81, 0xB2, 0x5B,
    0x1C, 0x18, 0x29, 0xD3, 0x01, 0x8A, 0x38, 0x79, 0x50, 0x84, 0xCB, 0x5F, 0x96, 0x2F, 0xCC, 0x32,
    0x42, 0x79, 0xBD, 0x85, 0xAC, 0x57, 0xD7, 0x20, 0x44, 0x89, 0x27, 0xBF, 0x1C, 0x93, 0x0C, 0xCB,
    0x22, 0xC9, 0x43, 0x5D, 0x7A, 0xD5, 0x18, 0x87, 0x50, 0x20, 0x5C, 0x15, 0x34, 0xBF, 0x67, 0x21,
    0xB1, 0xBB, 0xDD, 0xEB, 0x8A, 0x3C, 0x36, 0xFF, 0xA8, 0x24, 0xF1, 0xE0, 0x99, 0x03, 0x15, 0xEF,
    0x93, 0xB3, 0xE0, 0x67, 0x8E, 0x90, 0xD1, 0xB0, 0x21, 0x7D, 0x43, 0xB9, 0xE9, 0x94, 0x36, 0x1E,
    0x2C, 0x8A, 0xAD, 0x07, 0xB3, 0xD9, 0x78, 0x70, 0x33, 0x2C, 0xA0, 0x7B, 0x1D, 0x03, 0x37, 0xF3,
    0x37, 0x27, 0x6A, 0x9E, 0x52, 0x64, 0xEB, 0x0F, 0x0E, 0x14, 0x76, 0xFE, 0xD1, 0x81, 0xB1, 0xFD,
    0xF9, 0x3C, 0x99, 0x1B, 0xBB, 0xBB, 0xD6, 0x24, 0xB2, 0x57, 0x71, 0x99, 0xA0, 0x9C, 0x72, 0x0B,
    0x1B, 0xA0, 0xAC, 0xDB, 0xD1, 0x50, 0x2E, 0x1A, 0x05, 0x85, 0x16, 0x42, 0x19, 0xDC, 0x22, 0x00,
    0x2D, 0x14, 0x14, 0x4A, 0x73, 0x1B, 0x4F, 0xA4, 0xB4, 0xFF, 0x14, 0xFA, 0xC6, 0x81, 0xD0, 0x40,
    0x6E, 0x06, 0xC8, 0xB8, 0xCC, 0x2B, 0x37, 0x0A, 0x49, 0xFC, 0x1E, 0x77, 0x8B, 0x79, 0xC3, 0x09,
    0x6B, 0x00, 0xA5, 0x65, 0x77, 0x7C, 0x24, 0x2B, 0xCB, 0xCF, 0x77, 0xBB, 0xAD, 0xAC, 0xF7, 0x93,
    0x09, 0x7B, 0x43, 0x2E, 0x2C, 0xEC, 0x87, 0x93, 0xA9, 0x08, 0x6E, 0xE6, 0x6F, 0x38, 0xD0, 0x89,
    0x90, 0x93, 0x81, 0x57, 0x08, 0xB2, 0x07, 0x50, 0x79, 0x11, 0xDA, 0x7A, 0x55, 0x2F, 0xEC, 0x53,
    0xA1, 0x36, 0x45, 0x23, 0x34, 0xB3, 0xF7, 0x77, 0x3B, 0x93, 0xCF, 0xA7, 0x13, 0x77, 0x58, 0x29,
    0x9B, 0x74, 0x50, 0x28, 0xB2, 0xA2, 0x18, 0x09, 0x89, 0xFA, 0xF6, 0x1A, 0xD2, 0x5D, 0xA8, 0xF7,
    0xA9, 0x9A, 0xFD, 0xFF, 0xDC, 0x77, 0x2A, 0xD8, 0x17, 0x0E, 0x79, 0x7D, 0xE5, 0x07, 0xA2, 0x55,
    0x73, 0xFD, 0x17, 0x0F, 0xAA, 0x69, 0x8E, 0x1D, 0x68, 0xEF, 0x44, 0x65, 0x72, 0x93, 0xA4, 0x8A,
    0x41, 0xAA, 0x9B, 0x8B, 0x7B, 0x28, 0x6E, 0x8B, 0x32, 0xE9, 0x8B, 0x32, 0x1D, 0xF4, 0x88, 0xFF,
    0x41, 0x62, 0xFF, 0x4E, 0xBA, 0xE7, 0xFD, 0x56, 0x2D, 0xE3, 0xDF, 0xB2, 0x99, 0x02, 0xB1, 0xB2,
    0x91, 0xB3, 0xFA, 0xD1, 0x40, 0xF9, 0x4F, 0xA0, 0x0C, 0xC5, 0xA6, 0x75, 0x2B, 0xD8, 0xAF, 0xE0,
    0xB8, 0x82, 0xF3, 0x0A, 0xDA, 0x15, 0x84, 0x3E, 0x72, 0xA0, 0x6C, 0x2A, 0x0F, 0x62, 0xDF, 0x3A,
    0x50, 0xF6, 0x90, 0x07, 0x65, 0x67, 0x79, 0x50, 0x34, 0x96, 0x07, 0x45, 0xA6, 0x16, 0xB0, 0xAA,
    0x3D, 0xB8, 0xCD, 0xDB, 0x05, 0x4C, 0xFB, 0x05, 0xDC, 0x8C, 0x0B, 0x18, 0xCD, 0x0B, 0x18, 0xD8,
    0xA4, 0x8F, 0x46, 0x82, 0xC6, 0xFE, 0x68, 0x01, 0xF3, 0xFF, 0x58, 0xC0, 0xEC, 0xE3, 0x5E, 0x36,
    0x7C, 0x30, 0x0B, 0x98, 0xD8, 0x5E, 0x24, 0x37, 0x02, 0x18, 0xDB, 0x5E, 0x94, 0xE5, 0x66, 0x14,
    0x30, 0x14, 0xAC, 0xED, 0x79, 0x35, 0x80, 0x7B, 0x02, 0x8A, 0x4E, 0xEA, 0x00, 0x16, 0x3D, 0x54,
    0x24, 0x3D, 0x9A, 0x5C, 0xEE, 0x56, 0x79, 0x73, 0x68, 0x7E, 0xE0, 0x89, 0x27, 0xDB, 0x81, 0xA4,
    0x93, 0x89, 0x1C, 0xE1, 0xE4, 0x13, 0x25, 0x9B, 0x9C, 0xE3, 0x89, 0xB6, 0x90, 0x6C, 0x21, 0x98,
    0x23, 0x97, 0xA0, 0xAF, 0xC4, 0x12, 0x40, 0x49, 0x25, 0x80, 0x12, 0x4A, 0x00, 0x25, 0x93, 0x35,
    0x8E, 0x48, 0x00, 0x48, 0x22, 0x01, 0x94, 0x40, 0x00, 0x48, 0x1E, 0x00, 0x24, 0x0E, 0x00, 0x92,
    0x06, 0x00, 0x08, 0x43, 0x00, 0x64, 0x51, 0x40, 0x88, 0xA2, 0x80, 0x90, 0x44, 0x81, 0xC4, 0x3A,
    0x20, 0xF6, 0x40, 0xE8, 0x01, 0xB3, 0x00, 0x85, 0x07, 0xF2, 0xDE, 0x6F, 0x4E, 0xF3, 0x04, 0x20,
    0xF0, 0xC0, 0x2D, 0xBF, 0xFB, 0x8B, 0xD1, 0x03, 0xBD, 0x07, 0x4A, 0x07, 0x28, 0x51, 0x23, 0x3D,
    0xD3, 0x99, 0x61, 0xF7, 0x5F, 0xB0, 0x10, 0xFC, 0xE0, 0x55, 0x94, 0x10, 0xE4, 0xA9, 0xF8, 0x47,
    0xF1, 0xF7, 0xE4, 0xF0, 0x53, 0x88, 0xC3, 0x54, 0x54, 0xEF, 0xD8, 0x5A, 0x0E, 0xBD, 0xE8, 0x16,
    0x39, 0xB4, 0xA2, 0xE9, 0xE5, 0x00, 0xAF, 0x82, 0x87, 0x04, 0x87, 0xF2, 0x4B, 0x3B, 0xE8, 0xAA,
    0x0F, 0x0F, 0x8A, 0x72, 0xAC, 0x87, 0x53, 0x3D, 0xA8, 0x4F, 0x6B, 0x2C, 0xAD, 0xAA, 0x11, 0x2C,
    0xC5, 0xEA, 0xFE, 0x0B, 0x30, 0x9D, 0xF4, 0xF4, 0x42, 0x4D, 0x6F, 0xF6, 0x88, 0x4A, 0x65, 0xA3,
    0xDA, 0x24, 0x9A, 0xCC, 0x63, 0x5F, 0x1B, 0x25, 0x58, 0xA2, 0x67, 0x26, 0x96, 0x54, 0xCD, 0xE8,
    0xBE, 0x99, 0xFC, 0x11, 0x6F, 0x53, 0xFC, 0x94, 0x5E, 0x6A, 0xF5, 0x37, 0x9C, 0xDA, 0x6E, 0x74,
    0xDF, 0x70, 0x5D, 0xA1, 0xDE, 0x36, 0x1A, 0x79, 0x8B, 0x78, 0x24, 0xE3, 0xC4, 0xA4, 0xD3, 0x45,
    0xE9, 0xA1, 0xEF, 0xA1, 0x37, 0x0A, 0x35, 0x94, 0x50, 0x74, 0xF2, 0x86, 0x05, 0x85, 0x11, 0x84,
    0xF3, 0xA1, 0xFE, 0x22, 0x0E, 0x83, 0x4C, 0xB9, 0xDB, 0xBD, 0x31, 0x92, 0x75, 0x32, 0x1B, 0xE6,
    0x15, 0x37, 0x1A, 0x46, 0x58, 0x26, 0xA5, 0x29, 0xB5, 0x5B, 0x8A, 0x7E, 0x55, 0x67, 0xEA, 0x28,
    0x61, 0x22, 0xB1, 0xC5, 0x4A, 0x81, 0x19, 0x17, 0x14, 0xDF, 0x82, 0xA2, 0xFA, 0xA0, 0x71, 0x98,
    0x47, 0xF3, 0x31, 0x7C, 0xC5, 0x6F, 0xA9, 0x64, 0x8B, 0x45, 0x50, 0x44, 0x89, 0x7D, 0xC7, 0x96,
    0x62, 0xB8, 0x8B, 0xFA, 0x56, 0x63, 0xB2, 0x46, 0xFD, 0x26, 0x1D, 0x4E, 0x44, 0x46, 0x24, 0xF0,
    0xA1, 0xA7, 0xD6, 0xA6, 0xF6, 0x61, 0xDA, 0x8A, 0xEC, 0xA6, 0x2D, 0x24, 0x02, 0x9A, 0x37, 0xC3,
    0x90, 0xCB, 0xBF, 0x81, 0x6D, 0xF3, 0x3F, 0x9D, 0xE2, 0x14, 0xFB, 0x01, 0x4E, 0x16, 0x1F, 0xAC,
    0xE8, 0xD3, 0xF6, 0xE6, 0xF6, 0xB5, 0x32, 0x6D, 0xF2, 0x72, 0x23, 0xAE, 0x5D, 0x38, 0xCB, 0xDA,
    0x80, 0x6F, 0xDE, 0x1C, 0x2E, 0xC6, 0x51, 0xE4, 0xAA, 0xDE, 0xB7, 0xC5, 0xD9, 0xCD, 0xEB, 0x62,
    0x9B, 0xB4, 0xB3, 0x89, 0x3E, 0x05, 0xC5, 0x3B, 0xA3, 0xF1, 0xD9, 0xC1, 0xE6, 0x78, 0xFE, 0xEF,
    0x93, 0xB3, 0xF0, 0x67, 0x74, 0x0C, 0xE9, 0xD7, 0x06, 0x93, 0xC6, 0x37, 0xCE, 0x21, 0xCC, 0x54,
    0x3A, 0x93, 0xE1, 0xF1, 0x42, 0xAA, 0x31, 0x9C, 0x8B, 0xE8, 0x5C, 0x7C, 0x77, 0x39, 0x00, 0xED,
    0x0F, 0x02, 0xD0, 0xE9, 0x19, 0x03, 0xD0, 0xF2, 0x73, 0x06, 0xA0, 0xDD, 0x93, 0x03, 0xD0, 0x37,
    0xCD, 0xED, 0xAD, 0x29, 0xE0, 0xA7, 0x20, 0xB8, 0x30, 0x9B, 0x4F, 0x7B, 0x0D, 0x28, 0x96, 0x68,
    0x61, 0xFF, 0xC5, 0xB8, 0x10, 0x21, 0x22, 0xA3, 0x45, 0x06, 0x8E, 0x8C, 0x21, 0x19, 0x4E, 0xD2,
    0x95, 0x65, 0x90, 0xC9, 0x78, 0x93, 0xA1, 0x27, 0xA3, 0x50, 0x0F, 0xC9, 0x67, 0xF8, 0x96, 0xE7,
    0xF1, 0x0A, 0x5E, 0xCB, 0x59, 0x34, 0xFA, 0x64, 0xF0, 0xC9, 0x7B, 0xDC, 0x66, 0xF8, 0x93, 0x21,
    0x0A, 0x13, 0x35, 0x84, 0x55, 0x47, 0x9F, 0x52, 0x8F, 0xD8, 0x4E, 0xDD, 0xAB, 0x63, 0xDC, 0xD0,
    0x48, 0xE3, 0x4A, 0x47, 0x46, 0xA0, 0x1A, 0x80, 0x6A, 0xFC, 0xA9, 0xE1, 0xA7, 0x46, 0x9F, 0x1A,
    0x7C, 0xBA, 0xD8, 0x53, 0x43, 0x4F, 0x46, 0x9E, 0x54, 0x0C, 0xAA, 0x18, 0xA9, 0x16, 0xA9, 0x14,
    0x55, 0x31, 0x4C, 0x47, 0x6C, 0x82, 0x81, 0xD7, 0xF3, 0x0C, 0x03, 0x4C, 0x05, 0xE3, 0x4F, 0x86,
    0x9F, 0x8C, 0x3E, 0x19, 0x7C, 0x32, 0xF6, 0xD4, 0xD0, 0x93, 0x91, 0x67, 0x6A, 0x35, 0x9C, 0xA7,
    0x8E, 0xB4, 0xF6, 0xC2, 0x3A, 0xD2, 0x6D, 0x0A, 0x33, 0x59, 0x83, 0xA3, 0x05, 0x91, 0x55, 0x58,
    0x3F, 0x7F, 0x05, 0xB9, 0x60, 0x9C, 0x8A, 0x87, 0xFF, 0x63, 0xFB, 0x7D, 0x0C, 0x7E, 0x29, 0xA6,
    0x3B, 0x9C, 0xA1, 0xEB, 0x67, 0xD1, 0xD4, 0x84, 0xF8, 0xD9, 0x8B, 0x60, 0x0A, 0x23, 0x3E, 0x6F,
    0x73, 0x63, 0x0A, 0x7F, 0x42, 0x65, 0x9D, 0x96, 0xD7, 0x9E, 0x41, 0x9A, 0x6D, 0x60, 0x5A, 0x26,
    0x07, 0x0A, 0x05, 0x3E, 0x1B, 0xCD, 0xCB, 0xCA, 0xAA, 0x9B, 0x5B, 0xE8, 0xAC, 0xB4, 0x81, 0xF5,
    0x88, 0xBB, 0x89, 0xCE, 0x08, 0xE5, 0xAA, 0xA2, 0x9B, 0x72, 0x73, 0x7B, 0x7D, 0x59, 0x25, 0x1A,
    0xED, 0x5D, 0xB8, 0x3A, 0x02, 0xE6, 0xDF, 0x12, 0x6C, 0x13, 0x68, 0x34, 0xBA, 0xBC, 0xC1, 0xBB,
    0x2F, 0x23, 0xAB, 0x34, 0xCF, 0x16, 0xF1, 0xE6, 0x81, 0x4A, 0xD4, 0xFB, 0xEA, 0xF8, 0x98, 0x6B,
    0xBF, 0xAB, 0xE8, 0xDC, 0xD0, 0xD1, 0xA1, 0x22, 0xA1, 0x4E, 0x09, 0xFB, 0x97, 0x76, 0x57, 0xDD,
    0x82, 0x5F, 0x8C, 0x88, 0x1D, 0xFE, 0xEE, 0x36, 0xB1, 0x3F, 0xB1, 0x70, 0xB3, 0xF3, 0xEE, 0x96,
    0x0B, 0x38, 0xE3, 0xC1, 0xAB, 0xC7, 0x68, 0x84, 0xF7, 0xBE, 0x37, 0xE4, 0xBF, 0xDB, 0xDD, 0x1D,
    0xE5, 0x1E, 0x11, 0x86, 0x78, 0x10, 0x07, 0x38, 0xE9, 0xC5, 0x9B, 0xCB, 0xBB, 0xD8, 0xBE, 0x6D,
    0x6B, 0x90, 0x46, 0x3C, 0x1F, 0x04, 0xB5, 0x27, 0x4C, 0xAE, 0x3A, 0xB7, 0xC8, 0x1D, 0x2E, 0xD8,
    0x84, 0x95, 0x30, 0xC6, 0x11, 0x44, 0x89, 0xB3, 0xFC, 0x77, 0x81, 0x40, 0xD7, 0x26, 0x8A, 0x11,
    0x42, 0x0C, 0x66, 0x6F, 0xD8, 0x27, 0xC6, 0x2F, 0x65, 0x0E, 0x99, 0x25, 0xB4, 0x94, 0x12, 0x81,
    0xF8, 0xD9, 0x0B, 0x08, 0x6A, 0x9E, 0x8A, 0x79, 0x4F, 0x0A, 0xC8, 0x8F, 0xF1, 0xEE, 0xBA, 0x31,
    0xAF, 0xBF, 0x44, 0x0C, 0x22, 0x4F, 0x42, 0x28, 0x19, 0x06, 0xF3, 0x62, 0x98, 0x27, 0x78, 0xEC,
    0x76, 0x5B, 0xC7, 0x16, 0x57, 0x7A, 0xBA, 0x0C, 0x3C, 0xC5, 0x2B, 0xB3, 0x2E, 0xF1, 0x9F, 0x7B,
    0xA0, 0x7A, 0xE4, 0x00, 0x9B, 0x9C, 0xEF, 0x76, 0xAF, 0x83, 0x62, 0xAE, 0xC8, 0x12, 0x4D, 0x0E,
    0x88, 0x47, 0x07, 0x24, 0x83, 0x07, 0x3A, 0x07, 0x64, 0xAD, 0x03, 0xF2, 0xDA, 0x01, 0x95, 0x07,
    0x84, 0xE2, 0x32, 0xE1, 0x1D, 0xA4, 0xD8, 0x13, 0xB2, 0x4A, 0x48, 0xA8, 0x80, 0x70, 0x5F, 0x01,
    0x24, 0xBE, 0x78, 0x72, 0x7A, 0xBE, 0xFB, 0x36, 0x81, 0x5C, 0x79, 0xBB, 0x07, 0x54, 0x1E, 0xB0,
    0xA5, 0x9E, 0x8C, 0x94, 0x3D, 0x01, 0xB0, 0x84, 0x00, 0xA4, 0x89, 0x8B, 0x07, 0xA7, 0x31, 0xF3,
    0x84, 0xCA, 0x0A, 0x81, 0xDC, 0x03, 0x2B, 0x05, 0x23, 0x2D, 0x71, 0x5D, 0x3A, 0x7E, 0xC6, 0x6B,
    0x63, 0xCB, 0xC0, 0xEA, 0x3E, 0x4A, 0x25, 0x0A, 0x13, 0xEE, 0x4C, 0x30, 0x1A, 0xD0, 0xB7, 0x28,
    0x39, 0x8A, 0x58, 0x15, 0x82, 0x56, 0x7F, 0x52, 0xA2, 0x8E, 0x45, 0xC1, 0x16, 0xC6, 0x85, 0xA3,
    0xFA, 0x67, 0xE2, 0xA3, 0xDE, 0x02, 0xC1, 0xED, 0x1C, 0x5A, 0x3D, 0x26, 0xEE, 0x98, 0xCD, 0xF7,
    0x4F, 0x1F, 0xEE, 0x76, 0x3B, 0x91, 0x47, 0xFA, 0x71, 0x10, 0x87, 0x46, 0x8D, 0x50, 0xDE, 0xE9,
    0xFF, 0x45, 0x0F, 0x05, 0xDD, 0x04, 0x82, 0x44, 0x32, 0xE6, 0xF3, 0xE9, 0x6C, 0x3F, 0xAA, 0x7A,
    0xB9, 0xBE, 0x13, 0xD2, 0x34, 0xB2, 0x8E, 0x32, 0xA5, 0x9E, 0xC6, 0x26, 0x78, 0xF0, 0x34, 0x21,
    0x77, 0x22, 0x8B, 0xCA, 0x8E, 0x85, 0xDC, 0xE1, 0xE4, 0xE3, 0x46, 0x4D, 0x69, 0x2F, 0xE5, 0xB0,
    0xA5, 0x2A, 0x76, 0x63, 0xB7, 0x33, 0x5A, 0x6F, 0x65, 0x4A, 0x71, 0x3D, 0xE0, 0x02, 0x17, 0xB1,
    0x6B, 0x39, 0xF5, 0xC6, 0x5D, 0x64, 0x2A, 0xF1, 0x5D, 0x93, 0x32, 0xAD, 0xDA, 0x24, 0x07, 0x21,
    0x77, 0xA0, 0x4B, 0x22, 0x9F, 0x75, 0xB9, 0xC3, 0x1A, 0x72, 0xC7, 0xF3, 0x37, 0x66, 0xEC, 0xF3,
    0x0F, 0x19, 0x47, 0x9F, 0xCF, 0xAC, 0xC5, 0xCC, 0x2C, 0xCE, 0xCC, 0xAC, 0xD6, 0xB0, 0x4A, 0x1B,
    0xB3, 0x62, 0xAB, 0xF5, 0x6A, 0xAD, 0xED, 0xDE, 0xB5, 0xBB, 0x1C, 0x66, 0x6B, 0xF6, 0x23, 0x3F,
    0xD7, 0x73, 0x5A, 0x8C, 0x22, 0x17, 0x9B, 0x99, 0x85, 0x26, 0xCC, 0xF9, 0x73, 0x0B, 0xD5, 0x8C,
    0xF9, 0x45, 0xCA, 0x3E, 0x44, 0x81, 0x8C, 0xF7, 0xA5, 0xEE, 0xD0, 0x1A, 0x56, 0x70, 0x06, 0x56,
    0x8A, 0xE6, 0x48, 0x20, 0xB2, 0x6F, 0xB3, 0xB2, 0xC6, 0x8A, 0x62, 0x05, 0x92, 0x8B, 0x59, 0x7C,
    0x60, 0x7C, 0x8E, 0x24, 0xD6, 0x60, 0x64, 0xA4, 0xE3, 0x50, 0x55, 0x6B, 0x7E, 0x24, 0xE9, 0x9F,
    0x90, 0x1A, 0x51, 0x36, 0x29, 0x97, 0x48, 0x11, 0x25, 0x8F, 0xB2, 0x48, 0x39, 0xA4, 0x0C, 0x52,
    0xFE, 0x28, 0x7B, 0x94, 0x3B, 0xCA, 0x15, 0x37, 0x92, 0x35, 0xAE, 0xC6, 0xBF, 0x5D, 0x47, 0x65,
    0x8B, 0x72, 0x85, 0x33, 0xCC, 0x3A, 0x1B, 0x66, 0x96, 0x5D, 0x4D, 0x8E, 0xE8, 0x1D, 0x1D, 0x3F,
    0x94, 0x1D, 0x8E, 0x1B, 0x5C, 0xE1, 0x5E, 0xFA, 0xE3, 0x37, 0x4C, 0x7F, 0xA0, 0xAA, 0xF9, 0xB8,
    0xF4, 0x07, 0x19, 0x07, 0xBE, 0x91, 0x6D, 0xE4, 0x1A, 0x99, 0x46, 0x9E, 0x91, 0x65, 0xE4, 0x06,
    0x19, 0xE3, 0x87, 0x60, 0xFF, 0x5F, 0x7E, 0x0B, 0x56, 0x91, 0x53, 0x64, 0x14, 0xF9, 0xA4, 0x6C,
    0x22, 0x97, 0x1C, 0x93, 0xC8, 0xA3, 0x70, 0x22, 0x87, 0xC8, 0x20, 0xF2, 0x47, 0xD9, 0x43, 0xEE,
    0x90, 0x39, 0x6F, 0x9A, 0xBF, 0x03, 0xC1, 0x90, 0x6F, 0x35, 0xD9, 0x6F, 0xB1, 0x1B, 0x93, 0x8F,
    0xA9, 0x3B, 0x74, 0xCF, 0x5B, 0xF3, 0xB8, 0x34, 0x89, 0x6D, 0x58, 0x5F, 0x05, 0xDE, 0x82, 0x01,
    0x0A, 0xAC, 0x34, 0x4C, 0x15, 0xCA, 0xB5, 0x01, 0x2B, 0xB5, 0x31, 0x8B, 0xB4, 0xA0, 0xA1, 0x65,
    0x8D, 0xC0, 0x32, 0xB7, 0x6B, 0x43, 0x56, 0x61, 0x63, 0xEE, 0xBA, 0x84, 0x7A, 0x35, 0x27, 0x4C,
    0x81, 0xB1, 0x33, 0xEE, 0x2B, 0x8E, 0x17, 0xEC, 0x57, 0x97, 0xA2, 0xA0, 0x5B, 0xC3, 0x4A, 0xD9,
    0x6D, 0xC4, 0xD9, 0x50, 0xC2, 0xD5, 0x9A, 0xAE, 0x65, 0xC5, 0xD3, 0xB2, 0x3B, 0x03, 0x1C, 0x99,
    0x5C, 0xBD, 0x97, 0x6B, 0x63, 0xDA, 0xAB, 0x6A, 0x34, 0x07, 0x84, 0xBC, 0xA0, 0x2C, 0xB2, 0xD5,
    0x1C, 0xD0, 0x40, 0xFB, 0xDA, 0x3E, 0x3E, 0x07, 0xE4, 0xF3, 0xEF, 0x4F, 0x39, 0x16, 0x2D, 0x46,
    0x54, 0x6F, 0xCB, 0x88, 0x85, 0x41, 0xE0, 0x54, 0x94, 0x40, 0xA0, 0x28, 0x81, 0x4C, 0xF1, 0x43,
    0x2C, 0xA6, 0xF8, 0x27, 0xC8, 0x7A, 0xF1, 0x48, 0x7B, 0x08, 0xA8, 0xB8, 0xD4, 0x97, 0xB6, 0xFC,
    0xFC, 0x7F, 0xAD, 0x96, 0xFC, 0x6A, 0x5E, 0x0B, 0x1B, 0x0E, 0x4B, 0x29, 0xE3, 0x86, 0xB3, 0xE9,
    0xCC, 0x01, 0xEF, 0x02, 0xE4, 0x61, 0x0E, 0xBB, 0xAB, 0x4A, 0x1E, 0xD6, 0xFA, 0xA1, 0x3F, 0xE8,
    0x05, 0xB5, 0x5E, 0xBE, 0xDD, 0x4F, 0x1E, 0xDA, 0x83, 0xE4, 0xE1, 0x78, 0x24, 0x79, 0xE8, 0x34,
    0x19, 0xE3, 0xA5, 0x53, 0x95, 0x30, 0x57, 0x08, 0x4F, 0xDA, 0xFD, 0xF6, 0x10, 0x5F, 0x3F, 0xFC,
    0x48, 0x0F, 0xBE, 0x72, 0x58, 0xAF, 0xBA, 0xE7, 0x19, 0xF3, 0x88, 0x28, 0x32, 0x85, 0x36, 0xE3,
    0x46, 0xF2, 0x79, 0xC4, 0x91, 0xAD, 0x31, 0x3E, 0x8F, 0x68, 0x7D, 0xB4, 0xC3, 0x56, 0x1A, 0xEE,
    0xA5, 0x71, 0x89, 0x13, 0xE6, 0xEF, 0x00, 0xDD, 0x1E, 0xA8, 0x8F, 0xCE, 0x85, 0x71, 0xD6, 0xD3,
    0xF9, 0x1A, 0x87, 0x87, 0x27, 0xBE, 0xFE, 0x8C, 0x99, 0x78, 0x03, 0xEE, 0x54, 0x8E, 0x1D, 0xB0,
    0x0E, 0xC7, 0x5E, 0x2F, 0x1D, 0xB3, 0x5F, 0x2B, 0x4F, 0xD0, 0x23, 0xD2, 0xA1, 0x7C, 0x1D, 0x0D,
    0x7A, 0x11, 0x31, 0xCA, 0x49, 0x95, 0xB4, 0x3B, 0x86, 0x05, 0x3D, 0x9A, 0x6E, 0x7F, 0xFC, 0x8A,
    0xF8, 0x35, 0xB4, 0x14, 0x81, 0x55, 0xAB, 0xCE, 0x8B, 0x69, 0xE7, 0x8B, 0xD6, 0xB9, 0x74, 0xDE,
    0xB3, 0xD6, 0x22, 0x42, 0xAE, 0x1F, 0xAB, 0x6E, 0xA6, 0xE0, 0xA8, 0xF3, 0x67, 0x95, 0x74, 0x5A,
    0x5C, 0x0F, 0xF5, 0x7B, 0x4D, 0x1A, 0xE5, 0xDD, 0x6A, 0x63, 0x75, 0x0E, 0xED, 0x4B, 0xD1, 0xE2,
    0x9B, 0x8E, 0x9B, 0xE1, 0x36, 0x4C, 0xED, 0x90, 0xB3, 0x72, 0x8B, 0x52, 0x4E, 0x0A, 0x7F, 0x4D,
    0xEE, 0x86, 0xC5, 0x54, 0x8D, 0x84, 0x31, 0x21, 0x9A, 0x52, 0xCE, 0x4F, 0x2D, 0x2D, 0xFB, 0xC0,
    0x24, 0xAF, 0x9C, 0x16, 0x54, 0xE7, 0x72, 0xF9, 0xBB, 0x62, 0x45, 0x8C, 0x45, 0x9A, 0x31, 0xFF,
    0x07, 0x38, 0x98, 0x8F, 0x5A, 0x34, 0x87, 0xD4, 0x7B, 0xC5, 0xCE, 0x43, 0xFF, 0xBA, 0x5F, 0x07,
    0xA1, 0x00, 0x84, 0x0B, 0x1D, 0x2B, 0xDA, 0x6A, 0xA2, 0x4D, 0x26, 0xBD, 0x47, 0x15, 0x04, 0xD0,
    0xCF, 0x47, 0x4A, 0xDD, 0x03, 0x8A, 0x1E, 0xA6, 0x27, 0xDD, 0x78, 0xAD, 0x36, 0xA3, 0x8C, 0xBE,
    0x1A, 0x18, 0x4D, 0x3B, 0x0C, 0x72, 0x65, 0x34, 0xC9, 0xB4, 0xF1, 0x88, 0x50, 0x62, 0x48, 0xC5,
    0xF8, 0x75, 0x08, 0x2F, 0x6A, 0xAD, 0xD8, 0x23, 0x29, 0x70, 0xB9, 0x68, 0xD4, 0x5E, 0x4D, 0xD1,
    0x68, 0xFF, 0x2D, 0xEB, 0xBC, 0x65, 0xB5, 0x6F, 0x08, 0x3D, 0x57, 0x19, 0x73, 0x15, 0x88, 0x9B,
    0x54, 0x44, 0xB4, 0x31, 0x69, 0x81, 0x05, 0x6B, 0x07, 0xB3, 0x5B, 0x0B, 0x02, 0xC4, 0x7E, 0x11,
    0xD7, 0xAE, 0x45, 0xC3, 0x17, 0x39, 0x21, 0x58, 0x1B, 0xB6, 0xE2, 0xC9, 0xB7, 0x48, 0x91, 0x5A,
    0xD6, 0x6F, 0xCE, 0xAC, 0xF3, 0x0D, 0x55, 0x48, 0x4D, 0x2D, 0x7D, 0x56, 0x46, 0x8D, 0x2C, 0xC5,
    0xD8, 0x77, 0x5A, 0xB1, 0x57, 0x6B, 0x5A, 0x61, 0xDF, 0x6B, 0x05, 0x38, 0xEB, 0x56, 0x38, 0x6F,
    0xCC, 0x72, 0x2D, 0x0D, 0xBD, 0xF3, 0xF3, 0xAD, 0x73, 0x1B, 0x7C, 0xB7, 0x92, 0x5B, 0x83, 0x3A,
    0x00, 0xBA, 0x36, 0xEE, 0x1A, 0xDF, 0xBF, 0xD5, 0xAC, 0xBD, 0x67, 0xDC, 0x04, 0xBE, 0x83, 0x8B,
    0x58, 0x6A, 0x0B, 0xD7, 0x2C, 0xC8, 0xDF, 0x59, 0x7B, 0xB8, 0x3C, 0xAD, 0x16, 0xF8, 0xEC, 0x10,
    0x56, 0x02, 0xA9, 0x7E, 0x75, 0xA0, 0xAB, 0x35, 0x2F, 0xAD, 0x6F, 0xCB, 0x7D, 0xFE, 0xD2, 0xFA,
    0xF6, 0xD9, 0x8D, 0x6B, 0x9F, 0x07, 0xFC, 0xF3, 0x68, 0x72, 0x5B, 0x6C, 0x5E, 0xB1, 0x5D, 0x7C,
    0x67, 0xCD, 0x0D, 0x87, 0x54, 0xB9, 0x51, 0xF7, 0x8A, 0x86, 0x38, 0x6A, 0x08, 0xE3, 0xFE, 0xB0,
    0xA0, 0x52, 0x5E, 0xCA, 0x76, 0xBF, 0x6C, 0xD1, 0xCD, 0xB2, 0xFF, 0x9E, 0x0B, 0xA4, 0x3B, 0xF7,
    0xA9, 0x20, 0xEB, 0x32, 0x70, 0xC7, 0xA1, 0xFB, 0xBB, 0xDD, 0xE9, 0x53, 0xCE, 0x97, 0x70, 0x33,
    0x5F, 0x80, 0x7A, 0xE8, 0x41, 0x7A, 0x61, 0x23, 0xE8, 0xE0, 0xB2, 0x6F, 0x1A, 0x01, 0x89, 0x2C,
    0x3F, 0xAC, 0x54, 0xC5, 0x83, 0x0E, 0xAA, 0xE0, 0x61, 0xAD, 0x4B, 0x27, 0x8F, 0x95, 0x98, 0xD0,
    0xEA, 0xF7, 0x9A, 0x98, 0xB3, 0xB3, 0xA6, 0x8F, 0x40, 0x32, 0x31, 0x8F, 0xA6, 0xEA, 0xE1, 0xF1,
    0x55, 0xD4, 0x2C, 0x15, 0xFC, 0x4F, 0x8C, 0x01, 0x47, 0x59, 0x0F, 0xC7, 0xF2, 0x29, 0xC7, 0x80,
    0xE7, 0x87, 0x76, 0x9D, 0x47, 0xE7, 0x4C, 0x38, 0x7F, 0xD6, 0x63, 0x14, 0x07, 0xA5, 0xAA, 0x11,
    0x2B, 0x56, 0x35, 0x12, 0xA5, 0x55, 0x5D, 0xC8, 0xE6, 0xAB, 0xFE, 0x1D, 0x54, 0xAA, 0xB0, 0x60,
    0x19, 0xB9, 0xD1, 0xD5, 0xD4, 0x9F, 0x1B, 0x6F, 0xC2, 0x1E, 0x3B, 0x1A, 0x66, 0x4F, 0x5D, 0xA9,
    0x53, 0xCB, 0x9E, 0x66, 0xDE, 0xAB, 0xCA, 0x64, 0x17, 0x2A, 0x9E, 0xDA, 0xA9, 0xA6, 0x6D, 0x6A,
    0xDA, 0xA3, 0xA6, 0x0D, 0x6A, 0xDA, 0x9D, 0xA6, 0xAD, 0x69, 0xDA, 0x97, 0xA6, 0x4D, 0x69, 0xDA,
    0x91, 0xA6, 0xED, 0x68, 0xDA, 0x8B, 0xA6, 0x8D, 0x68, 0xDA, 0x85, 0xA6, 0x2D, 0x68, 0xDA, 0x7F,
    0xA6, 0xCD, 0x67, 0xDA, 0x79, 0xA6, 0x6D, 0x67, 0xDA, 0x73, 0xA6, 0x0D, 0x67, 0xDA, 0x6D, 0xA6,
    0xAD, 0x66, 0xDA, 0x67, 0xA6, 0x4D, 0x66, 0xDA, 0x61, 0xA6, 0xED, 0x65, 0xDA, 0x5B, 0xE6, 0x1A,
    0xCB, 0xB8, 0xDB, 0xA9, 0x5B, 0xD8, 0x30, 0xC9, 0x4E, 0x28, 0x6A, 0x93, 0x70, 0xB8, 0xD4, 0xFD,
    0xC5, 0xDE, 0x2F, 0x76, 0x7E, 0xB1, 0xEF, 0x8B, 0x5D, 0x5F, 0xEC, 0xF9, 0x62, 0xC1, 0x84, 0xFD,
    0x5E, 0xCF, 0x5C, 0x7B, 0x91, 0x7B, 0x7D, 0xE5, 0xCE, 0xDA, 0xC0, 0xB9, 0xE8, 0x81, 0x83, 0xD2,
    0xAA, 0xD3, 0xFE, 0xCE, 0xE3, 0xCF, 0xDF, 0xA1, 0x3B, 0xFA, 0x7D, 0x55, 0x82, 0xEF, 0x85, 0xDD,
    0xDE, 0x7F, 0xF9, 0x1B, 0xED, 0x7E, 0x6C, 0x30, 0x5D, 0x97, 0xDC, 0xB9, 0x32, 0x4A, 0xD3, 0x96,
    0x58, 0xE1, 0xEB, 0x0B, 0x69, 0x66, 0x8F, 0x6E, 0xFE, 0xD7, 0x72, 0xCA, 0xF7, 0x41, 0x8D, 0xB7,
    0x82, 0xDE, 0x41, 0x5A, 0x00, 0xB5, 0xB5, 0x0F, 0x93, 0xAE, 0x3A, 0x95, 0xBE, 0x84, 0x6E, 0x7B,
    0xAD, 0x88, 0x8B, 0x27, 0xEF, 0x4D, 0xFA, 0x22, 0x79, 0x51, 0xF7, 0x97, 0x54, 0xFA, 0xC5, 0x54,
    0xFA, 0x4A, 0x38, 0x4F, 0x37, 0xC7, 0xC8, 0xD0, 0xED, 0x90, 0xC8, 0xB9, 0x9B, 0x71, 0xFB, 0x4A,
    0xA7, 0xD2, 0xBD, 0xA0, 0x38, 0x6C, 0xAB, 0x7D, 0x11, 0x71, 0xA8, 0x1E, 0x15, 0x0F, 0xF1, 0x2A,
    0x5A, 0xBA, 0x18, 0x9F, 0x8C, 0x4A, 0xFE, 0x41, 0x5D, 0x9F, 0x6E, 0x3F, 0xE7, 0x51, 0x68, 0xCE,
    0xC3, 0x32, 0xE7, 0x11, 0x5A, 0xE6, 0x3C, 0xE2, 0x4F, 0x98, 0xF3, 0x48, 0x5A, 0xE6, 0x3C, 0xF2,
    0x9A, 0x39, 0x8F, 0x42, 0x73, 0x1E, 0x33, 0x73, 0x1E, 0x42, 0x0E, 0xE4, 0x3C, 0x36, 0x1D, 0xBB,
    0xDE, 0x44, 0x3D, 0xE1, 0x3B, 0xF1, 0x55, 0xD0, 0xF5, 0x56, 0xB1, 0xEB, 0xED, 0xD7, 0x74, 0x9B,
    0xF3, 0xDF, 0x0E, 0xCC, 0x79, 0x7C, 0xDC, 0xB1, 0xEB, 0x0D, 0x8E, 0xDC, 0x08, 0xC2, 0xEF, 0xA5,
    0xE0, 0x23, 0xCD, 0x79, 0xC4, 0x2E, 0x06, 0xFB, 0x54, 0x1B, 0xC0, 0x6B, 0xBA, 0x44, 0xA1, 0xCF,
    0xED, 0xBA, 0xBE, 0x9A, 0x7E, 0xE9, 0x36, 0x71, 0xDD, 0x35, 0x6A, 0x6B, 0xF2, 0x23, 0xA9, 0x8C,
    0xAF, 0x31, 0x97, 0x51, 0x30, 0x99, 0x31, 0xF2, 0xD9, 0xA9, 0xDE, 0x3D, 0x47, 0x85, 0x42, 0x00,
    0x9F, 0xC7, 0xAA, 0xF0, 0x3C, 0x56, 0x38, 0x23, 0x67, 0x1F, 0xFF, 0x0F, 0xC6, 0xF4, 0xD7, 0x28,
    0x1A, 0xE4, 0x5B, 0x8C, 0x53, 0xC0, 0xD5, 0xE3, 0x79, 0xAC, 0xDF, 0xB7, 0x78, 0x1E, 0x0B, 0xCD,
    0xBD, 0x08, 0xFD, 0x97, 0xE7, 0xB1, 0x62, 0x3E, 0x8F, 0x95, 0x68, 0x72, 0xA3, 0xC2, 0xE2, 0xBF,
    0xCE, 0x14, 0xCA, 0x57, 0xFD, 0xEE, 0x56, 0xA7, 0x80, 0x7D, 0x26, 0xB2, 0x68, 0x7A, 0x72, 0xD1,
    0x40, 0x99, 0x08, 0x46, 0x5D, 0xFE, 0xFB, 0xC7, 0x24, 0xF3, 0xD5, 0x57, 0xC9, 0x44, 0x5D, 0x14,
    0xE1, 0x56, 0x04, 0x04, 0x75, 0x7D, 0x20, 0x2D, 0x28, 0xB7, 0x40, 0xB8, 0x7B, 0x31, 0xA5, 0xCB,
    0xF0, 0xDF, 0xF6, 0xCD, 0xA4, 0xE6, 0x86, 0xCD, 0xCC, 0xA6, 0x84, 0x60, 0xA0, 0x45, 0x15, 0x9B,
    0xF0, 0xDE, 0x35, 0xEE, 0x72, 0x56, 0x0A, 0xA4, 0xF0, 0xF2, 0x88, 0x3D, 0x9B, 0x80, 0x80, 0xB9,
    0x18, 0xC4, 0xB7, 0x5E, 0x58, 0x97, 0x73, 0xD6, 0x54, 0x5B, 0xDD, 0x1B, 0x71, 0x9F, 0x89, 0x27,
    0xCB, 0x7D, 0x31, 0xC1, 0xA0, 0x17, 0x07, 0x2A, 0x8D, 0xC6, 0x63, 0x6F, 0x10, 0x05, 0x7B, 0x27,
    0x5F, 0x42, 0xC1, 0xCF, 0x18, 0xE4, 0xE4, 0x2D, 0x2E, 0x6B, 0xF6, 0x86, 0xCF, 0x71, 0xED, 0x1D,
    0x5C, 0xD1, 0xAF, 0x03, 0xFB, 0x61, 0x36, 0x58, 0x6E, 0x44, 0x99, 0xE6, 0x72, 0x2B, 0x2C, 0x37,
    0xFF, 0xE6, 0x70, 0xA8, 0x85, 0xCE, 0x34, 0xDD, 0x1A, 0xE8, 0x33, 0x49, 0x6F, 0xDB, 0x56, 0x38,
    0x94, 0x76, 0x08, 0xBB, 0x86, 0xCC, 0xF5, 0xBB, 0xC8, 0xC0, 0x1E, 0x18, 0xDA, 0x36, 0x0E, 0xBF,
    0x13, 0xBB, 0xB7, 0xAE, 0x80, 0xE4, 0x96, 0x2B, 0xA2, 0x01, 0xC5, 0xBF, 0x61, 0x49, 0xA8, 0x36,
    0x3E, 0xA1, 0x2A, 0x16, 0xE2, 0xE4, 0xBF, 0x7D, 0xEA, 0x17, 0x9F, 0x87, 0x58, 0x50, 0xD4, 0x85,
    0xA2, 0x61, 0x5B, 0x73, 0xA9, 0xEA, 0x67, 0xF9, 0xA0, 0xD8, 0x3A, 0x48, 0x98, 0xB4, 0xB5, 0x8B,
    0x0D, 0xFD, 0x8C, 0x01, 0x0F, 0x26, 0xE1, 0xB2, 0xED, 0xDE, 0xF0, 0x39, 0xAE, 0xE5, 0x15, 0xCD,
    0x3A, 0x88, 0x3E, 0x60, 0x64, 0x8E, 0xEC, 0x16, 0x3C, 0x96, 0x5C, 0x62, 0x7C, 0xF3, 0x2B, 0xA8,
    0xF3, 0xF7, 0x2E, 0xEB, 0xF4, 0x2B, 0x23, 0x27, 0xD2, 0x48, 0x22, 0x97, 0x14, 0xCB, 0x48, 0xD8,
    0x2C, 0x42, 0x59, 0x0B, 0x93, 0x57, 0x4D, 0x8D, 0x4D, 0x77, 0x85, 0x6F, 0xEC, 0x11, 0x59, 0x4B,
    0x1D, 0xEB, 0x5A, 0x1A, 0x33, 0x89, 0x12, 0xCD, 0xF7, 0xB6, 0x47, 0x30, 0x3F, 0xFF, 0xF7, 0xFB,
    0x5B, 0x61, 0x8B, 0x30, 0x45, 0x58, 0x22, 0x0C, 0x39, 0x60, 0x87, 0xFD, 0x12, 0xFE, 0xFE, 0xBE,
    0x64, 0xF2, 0x3F, 0x11, 0xEE, 0x82, 0xF4, 0xB9, 0xC9, 0xB6, 0x5F, 0x37, 0x49, 0xF9, 0xA5, 0xE7,
    0x88, 0xAD, 0x7B, 0xEA, 0xE5, 0xDE, 0xB4, 0x3E, 0x2F, 0x2D, 0x7E, 0x4F, 0xA1, 0x5D, 0xBC, 0xEC,
    0x66, 0x0D, 0xD5, 0x64, 0x5F, 0xBB, 0x27, 0x0A, 0x20, 0x52, 0xE8, 0xB6, 0x6B, 0xA0, 0x75, 0x5B,
    0x18, 0x43, 0x6A, 0x5D, 0x39, 0x21, 0xBB, 0x37, 0xBC, 0x90, 0x87, 0x09, 0xCC, 0x6B, 0x0F, 0x94,
    0xD1, 0x9A, 0x43, 0xD1, 0x5C, 0x9F, 0x6C, 0xD4, 0x96, 0x2E, 0x3C, 0x05, 0x3E, 0x6E, 0xC2, 0xEE,
    0x3A, 0x3F, 0xE5, 0x61, 0xFE, 0x15, 0x4D, 0xC9, 0x50, 0x88, 0x29, 0x15, 0xE2, 0xBD, 0x19, 0xCF,
    0xFA, 0xC9, 0xE6, 0x7B, 0xCB, 0x64, 0x2F, 0xEC, 0x29, 0x8F, 0xE2, 0xDE, 0xBC, 0x6C, 0x8E, 0xA4,
    0xD5, 0xB6, 0x69, 0x78, 0xB3, 0xE1, 0x90, 0x00, 0xEB, 0x69, 0xD3, 0x5C, 0x32, 0x31, 0x67, 0xBE,
    0x08, 0x40, 0x23, 0x23, 0xCA, 0xFF, 0x6F, 0x2D, 0xD3, 0xEC, 0x19, 0xF3, 0xEE, 0x5A, 0x1D, 0x89,
    0x99, 0x8E, 0x8F, 0x1E, 0x33, 0x6A, 0xB2, 0x5E, 0xDB, 0x0E, 0x84, 0x6A, 0x6A, 0x2F, 0x68, 0x71,
    0x8C, 0x8B, 0x64, 0xEE, 0x7F, 0x9B, 0xE9, 0xF8, 0x98, 0xAD, 0x0F, 0xF0, 0x87, 0x2C, 0x73, 0xD4,
    0xD6, 0xE7, 0xF1, 0x8B, 0xFD, 0xF6, 0x05, 0xBD, 0x2F, 0xE7, 0xD4, 0x3A, 0x8D, 0x04, 0x9D, 0xC0,
    0x0B, 0x58, 0x01, 0x27, 0x60, 0x44, 0x7C, 0xF6, 0xB0, 0x09, 0xC4, 0x3F, 0x14, 0x2A, 0xC9, 0xBB,
    0x1A, 0x02, 0x3B, 0x7F, 0x37, 0x90, 0x15, 0x20, 0xC5, 0x0F, 0xF7, 0x8D, 0xEF, 0x2F, 0xA0, 0x57,
    0xCD, 0xC9, 0xB9, 0xBA, 0x8E, 0x25, 0x23, 0x61, 0x94, 0xB4, 0x27, 0x84, 0x35, 0x61, 0x8F, 0x67,
    0x0D, 0x45, 0xC6, 0xC7, 0xA3, 0xAD, 0x20, 0xAF, 0x08, 0x45, 0x03, 0x98, 0x8D, 0x36, 0xB3, 0x43,
    0x01, 0xB3, 0xF1, 0x83, 0x71, 0xCF, 0x6C, 0x08, 0xB1, 0x8B, 0x1F, 0xCD, 0xC5, 0x2F, 0xE6, 0xC2,
    0xFE, 0x58, 0x62, 0x4E, 0x34, 0x74, 0xD4, 0xFC, 0x2B, 0x9F, 0xEA, 0x6F, 0x83, 0xB6, 0x60, 0x38,
    0x5C, 0x1D, 0xFD, 0x76, 0x36, 0x78, 0xB0, 0x2F, 0x3C, 0xBF, 0xC7, 0x76, 0x9A, 0x7A, 0x7A, 0x35,
    0x9F, 0x31, 0xD2, 0x50, 0x09, 0x31, 0x22, 0xBD, 0x60, 0x1F, 0x2A, 0x35, 0x17, 0x63, 0xC3, 0x2B,
    0x7C, 0x92, 0xE5, 0x94, 0x81, 0x2A, 0xEB, 0x12, 0x09, 0x55, 0x94, 0x2C, 0x8F, 0x41, 0x36, 0x1E,
    0x65, 0xC9, 0x2F, 0x5A, 0xE5, 0x57, 0xAC, 0xAB, 0xDE, 0x45, 0x41, 0xB5, 0x8F, 0x82, 0x24, 0x02,
    0x64, 0xFC, 0x77, 0x2C, 0xFA, 0xBB, 0x3A, 0x9A, 0x6B, 0x85, 0x5F, 0xAB, 0xFD, 0xDC, 0x8B, 0x91,
    0xAC, 0x7F, 0xC6, 0xBE, 0x72, 0x4F, 0xAA, 0x5B, 0x3E, 0x4E, 0x5F, 0xD4, 0x48, 0x83, 0xDD, 0xD8,
    0x6A, 0xC5, 0x44, 0xFB, 0x0C, 0x12, 0x6B, 0x16, 0x76, 0x89, 0xDE, 0x7E, 0xA0, 0xA6, 0x0F, 0xCF,
    0x4C, 0x6A, 0x69, 0xE9, 0x96, 0x96, 0x62, 0x33, 0x9A, 0xAB, 0xC0, 0x85, 0xBF, 0x1A, 0xB7, 0xD6,
    0x1A, 0x6A, 0x22, 0x85, 0x9A, 0x33, 0x5A, 0xAC, 0xEA, 0x04, 0x44, 0x93, 0x3D, 0xFC, 0xF0, 0x17,
    0x96, 0xD4, 0x1B, 0x49, 0x3D, 0xC4, 0x79, 0xF6, 0xFC, 0x22, 0x79, 0x34, 0x2B, 0xA5, 0xBF, 0x81,
    0x53, 0xEC, 0x65, 0xA6, 0xE6, 0x35, 0x49, 0xAD, 0x75, 0xB9, 0x5B, 0xD4, 0x99, 0x48, 0x13, 0x22,
    0x6D, 0x87, 0x60, 0x12, 0xDA, 0xA3, 0x2A, 0x11, 0xEC, 0x96, 0x8C, 0x24, 0x89, 0x50, 0x32, 0xD3,
    0xF6, 0x61, 0x64, 0x27, 0xF4, 0x89, 0x6B, 0x6E, 0xAC, 0x5D, 0x9A, 0x57, 0x3C, 0x43, 0xC4, 0xC5,
    0x4D, 0x8E, 0x82, 0x46, 0x3A, 0x4B, 0x48, 0x8A, 0x1A, 0x2A, 0x66, 0x1E, 0x70, 0x8F, 0x83, 0x36,
    0x40, 0x8D, 0xB7, 0x07, 0x9F, 0x03, 0x64, 0xD6, 0x81, 0x1E, 0x3C, 0xF3, 0x2E, 0x49, 0xAD, 0xB1,
    0xB5, 0xED, 0xF6, 0xC7, 0x1B, 0xBB, 0xE2, 0xE1, 0xEE, 0x8E, 0x7F, 0xC8, 0xF6, 0xE5, 0x19, 0x1F,
    0x4B, 0xF3, 0xED, 0x4A, 0xF3, 0xF7, 0xF7, 0x0A, 0x03, 0xBE, 0xAA, 0x7C, 0xF1, 0x8D, 0x3A, 0x8F,
    0x7F, 0xDF, 0x9D, 0x5F, 0x3F, 0x7A, 0xCE, 0x13, 0xDF, 0x30, 0x61, 0xF6, 0x9F, 0x0D, 0x7F, 0x56,
    0x20, 0x87, 0x41, 0x99, 0x2F, 0x3C, 0x89, 0x5C, 0xAA, 0x20, 0x54, 0x2E, 0x3B, 0x39, 0x3A, 0x01,
    0xD8, 0x68, 0x96, 0x95, 0x29, 0x56, 0xDB, 0xB0, 0x47, 0x24, 0xEF, 0x4D, 0x36, 0x88, 0x39, 0xD9,
    0x8C, 0xAC, 0x59, 0xED, 0xB6, 0xBE, 0xAB, 0xC4, 0x0F, 0xCC, 0x9B, 0x50, 0xC2, 0x35, 0x8D, 0xD1,
    0xBA, 0x86, 0x1B, 0x24, 0x30, 0x42, 0xC8, 0x52, 0x61, 0x3F, 0x18, 0x37, 0x76, 0x8A, 0xA6, 0xC4,
    0x36, 0xFC, 0xC1, 0x81, 0x68, 0xFE, 0x2B, 0xD7, 0xC5, 0xB2, 0x76, 0xCA, 0x73, 0xD8, 0xB0, 0xD8,
    0xCC, 0x14, 0x39, 0x7F, 0xF9, 0x80, 0x39, 0xD1, 0x1A, 0xF4, 0x40, 0x67, 0xD5, 0xC0, 0x5F, 0x58,
    0x10, 0xA9, 0x1C, 0x9C, 0x04, 0xBE, 0xB6, 0x55, 0x77, 0xCC, 0xF5, 0x95, 0x25, 0xD8, 0x04, 0xFC,
    0x8D, 0x91, 0xA2, 0x65, 0x89, 0x4D, 0x6E, 0x71, 0x63, 0xCB, 0x0C, 0x4E, 0xB0, 0xDC, 0x87, 0xAB,
    0x65, 0x4B, 0x11, 0x1C, 0xBC, 0x18, 0x69, 0x9A, 0x8A, 0xA2, 0xFE, 0x07, 0x8B, 0x2E, 0x61, 0x19,
    0xCE, 0xB4, 0x7E, 0xBC, 0x0C, 0xC1, 0xB2, 0x50, 0x52, 0x31, 0x1B, 0xDD, 0x53, 0x68, 0x99, 0xE0,
    0x17, 0xB3, 0x26, 0xC6, 0x34, 0xE8, 0xBA, 0xA0, 0xDB, 0xE6, 0x66, 0xF9, 0xC5, 0x9E, 0xB4, 0xED,
    0x9E, 0xC3, 0xB8, 0x74, 0xC6, 0x2C, 0x23, 0xCB, 0xAB, 0xCF, 0x6B, 0xFE, 0x83, 0x16, 0xD2, 0x0F,
    0xA7, 0x2F, 0xA3, 0x85, 0x14, 0x7D, 0x5A, 0x2C, 0xDA, 0x69, 0xD5, 0x4E, 0xE4, 0xE7, 0x1D, 0x74,
    0x18, 0xF4, 0x6C, 0xF4, 0x44, 0xE1, 0xCE, 0xFD, 0x02, 0x14, 0x4B, 0x77, 0xCF, 0xF6, 0x4B, 0x52,
    0x17, 0xC7, 0xFF, 0x07, 0x85, 0x55, 0x3F, 0x6F, 0xDD, 0x36, 0x10, 0x3F, 0x89, 0xA9, 0x15, 0x80,
    0x40, 0xB8, 0xD4, 0x8B, 0xDF, 0xA0, 0x0E, 0x1D, 0xDA, 0xC1, 0xE6, 0xD2, 0xA1, 0x83, 0xDF, 0xA3,
    0xD0, 0x35, 0x43, 0x33, 0xC4, 0x4B, 0x97, 0xEE, 0x45, 0x81, 0xE4, 0x03, 0xF8, 0x59, 0xFC, 0x06,
    0xF5, 0xD2, 0xA9, 0x4B, 0x87, 0x14, 0x30, 0xBC, 0x78, 0x0D, 0x50, 0xC7, 0xE2, 0x47, 0xE0, 0xDA,
    0xA9, 0x0C, 0xE0, 0xA9, 0x13, 0x07, 0x25, 0x96, 0x53, 0xBD, 0x77, 0xFD, 0x51, 0x92, 0xED, 0x97,
    0x3A, 0x69, 0xC9, 0x23, 0x75, 0xBA, 0x7F, 0xBC, 0x3B, 0xDE, 0x49, 0xC6, 0x95, 0x41, 0x46, 0xD1,
    0x66, 0x3D, 0xAD, 0x64, 0xAB, 0x62, 0xE9, 0x8D, 0xAD, 0xE9, 0x15, 0xD1, 0x4E, 0x45, 0xD4, 0x04,
    0xCA, 0xB8, 0xA5, 0xE2, 0xCD, 0x8A, 0x54, 0x68, 0xC8, 0x38, 0xED, 0xE4, 0x65, 0x49, 0x9A, 0x81,
    0xF3, 0x8A, 0x16, 0xB2, 0xA3, 0xED, 0x83, 0xA7, 0x35, 0xF7, 0x23, 0x7C, 0x49, 0x3B, 0xB4, 0x20,
    0x43, 0xA6, 0xBA, 0xA0, 0x92, 0x7B, 0x2A, 0xA0, 0x4B, 0x8D, 0x25, 0x5D, 0xD5, 0xAE, 0xF1, 0xB5,
    0xD3, 0xD5, 0x02, 0x7C, 0xAE, 0x30, 0x2D, 0xDB, 0x06, 0xCF, 0xF4, 0x4E, 0x64, 0xA2, 0xE9, 0xA9,
    0xCF, 0x5B, 0x11, 0xF0, 0x52, 0xAC, 0x60, 0xDF, 0x1E, 0x49, 0xDF, 0x8B, 0x08, 0x38, 0x17, 0xA1,
    0xFE, 0xDE, 0x83, 0x02, 0x3A, 0xAD, 0x44, 0x9B, 0x77, 0x32, 0x14, 0xA1, 0xB4, 0xCA, 0x2E, 0x68,
    0x8F, 0x3A, 0x7A, 0x99, 0x07, 0xB8, 0xBA, 0x63, 0xB5, 0x33, 0x56, 0x46, 0x26, 0xF1, 0xAE, 0x27,
    0xE2, 0x08, 0xA3, 0x8E, 0x8C, 0x6F, 0x2A, 0x15, 0x8D, 0x2D, 0x5A, 0xED, 0x44, 0xAF, 0x3C, 0x22,
    0x0C, 0x54, 0x8B, 0xA8, 0x36, 0x67, 0x48, 0x9A, 0x86, 0x1E, 0xD2, 0x7F, 0x50, 0x43, 0xE9, 0xD3,
    0x7B, 0x4D, 0xBB, 0xF4, 0x60, 0x23, 0x1A, 0x15, 0x30, 0xBD, 0x4A, 0xBC, 0xCA, 0x80, 0xB3, 0x8B,
    0x09, 0xAC, 0x85, 0x5B, 0x88, 0xA7, 0x69, 0x1B, 0x9F, 0x9F, 0xC0, 0x00, 0x69, 0xB8, 0x52, 0x51,
    0x0D, 0xF8, 0x03, 0x79, 0x43, 0x78, 0x15, 0x82, 0xF9, 0x98, 0xD3, 0x18, 0xE7, 0x58, 0xC8, 0x5C,
    0x0E, 0x82, 0xF0, 0x44, 0x12, 0x44, 0x65, 0x89, 0x34, 0xC8, 0x8B, 0x89, 0xDD, 0x4D, 0xEC, 0xF0,
    0xBF, 0xEC, 0x62, 0x62, 0x97, 0x13, 0xFB, 0x90, 0xC6, 0x51, 0x0C, 0x47, 0xA9, 0x01, 0xDF, 0x1B,
    0xF6, 0x91, 0xD3, 0xA6, 0x2D, 0x29, 0x43, 0x7D, 0x10, 0x91, 0x36, 0xED, 0xE5, 0xC0, 0x9C, 0xD3,
    0x8D, 0x7F, 0x44, 0xA3, 0x48, 0xD8, 0xB0, 0x55, 0xDD, 0xD9, 0xDA, 0x1F, 0xF6, 0x2E, 0x6D, 0xD9,
    0x28, 0xE8, 0xEF, 0x6C, 0xA9, 0x0D, 0x5B, 0x9B, 0x87, 0xDE, 0xB3, 0x55, 0x6E, 0xD8, 0x92, 0x41,
    0x6B, 0xBE, 0x30, 0xDC, 0x2F, 0x53, 0x99, 0x8E, 0x57, 0xA2, 0x71, 0x45, 0x86, 0x6A, 0x66, 0xDF,
    0x4C, 0xEB, 0x82, 0xD4, 0x7B, 0x6B, 0x9B, 0x3E, 0xA9, 0x4E, 0x4F, 0x4F, 0x98, 0x7B, 0xC0, 0x18,
    0xF8, 0xED, 0xEB, 0x91, 0x72, 0x1F, 0x84, 0xED, 0x03, 0x98, 0x9C, 0x00, 0xE6, 0xEF, 0x60, 0x7B,
    0x4A, 0xDD, 0xAF, 0x94, 0x5F, 0xBF, 0x8D, 0x8A, 0xFF, 0x8E, 0x86, 0x39, 0x98, 0x33, 0x86, 0xD6,
    0xFA, 0xC6, 0x5B, 0x3C, 0x11, 0xA4, 0x09, 0xE3, 0x02, 0x5E, 0xB4, 0x22, 0x96, 0xEB, 0x62, 0x90,
    0xAD, 0x21, 0xBB, 0xCC, 0x99, 0x3E, 0xC5, 0xFC, 0xB7, 0x9C, 0x84, 0x9C, 0xE6, 0x5F, 0x42, 0x3D,
    0x63, 0x77, 0x9E, 0xAD, 0xEF, 0xBD, 0xE7, 0x51, 0x55, 0xD2, 0x09, 0x5F, 0x52, 0xD6, 0x22, 0xE4,
    0x55, 0x5A, 0x38, 0xB2, 0x2D, 0x40, 0x4B, 0xBC, 0x31, 0xD5, 0x43, 0xFB, 0x54, 0xCB, 0x2B, 0xF7,
    0x3C, 0xBA, 0x74, 0x45, 0x71, 0xBA, 0xA8, 0x21, 0xDD, 0xC3, 0x69, 0x5C, 0xD1, 0x8C, 0xAF, 0x09,
    0xD1, 0x05, 0xCA, 0x19, 0x57, 0xA4, 0x3B, 0xDA, 0xC2, 0xB3, 0xE1, 0x63, 0x8D, 0x86, 0x35, 0x88,
    0xC4, 0x1C, 0x13, 0x7D, 0x7D, 0x53, 0x27, 0x56, 0xDB, 0x39, 0xEE, 0x60, 0x9F, 0xB4, 0x2D, 0xEC,
    0x16, 0x5B, 0x08, 0xA1, 0xD7, 0x99, 0xD6, 0x27, 0xF4, 0x03, 0x3E, 0x14, 0x19, 0xC3, 0x4A, 0x85,
    0x1D, 0xF8, 0xC3, 0x9C, 0x8C, 0x72, 0x68, 0x56, 0xB9, 0x26, 0xD1, 0x93, 0x62, 0x32, 0x67, 0x6E,
    0x4F, 0xDA, 0x07, 0x19, 0x0C, 0x7D, 0x46, 0x45, 0xCC, 0x38, 0xE8, 0x6B, 0x6A, 0xD0, 0x09, 0x97,
    0x38, 0xF3, 0x98, 0x4A, 0xF8, 0xF6, 0x7C, 0xE0, 0xA5, 0x0E, 0x01, 0x0B, 0x02, 0x08, 0x9C, 0x9E,
    0xB5, 0xB3, 0x75, 0x05, 0x2F, 0xBE, 0x1A, 0x5C, 0x78, 0x92, 0x72, 0x7B, 0x01, 0xBE, 0xAD, 0x3B,
    0xB4, 0x48, 0xCE, 0xFE, 0x77, 0x0F, 0xD5, 0x37, 0x91, 0x9A, 0xD7, 0xB1, 0xD5, 0x2B, 0x11, 0x5E,
    0x36, 0x56, 0xB8, 0xC3, 0x17, 0xE8, 0x85, 0xF9, 0xE4, 0x76, 0x47, 0x68, 0x34, 0xAB, 0x9C, 0x74,
    0x70, 0xA8, 0x5A, 0xA3, 0xC2, 0xEE, 0xFA, 0x36, 0x65, 0x24, 0xD0, 0xE7, 0xAF, 0x2B, 0xC3, 0x0E,
    0xF9, 0x12, 0x2D, 0xC9, 0x1F, 0xE9, 0xD1, 0xA3, 0xA1, 0x06, 0xBB, 0x99, 0x55, 0xDC, 0xB4, 0x7B,
    0x32, 0x1E, 0xEE, 0x0B, 0x3F, 0xC7, 0xDA, 0x5D, 0x00, 0x57, 0xCC, 0x5D, 0xDE, 0x69, 0xBF, 0x55,
    0x29, 0xAB, 0x48, 0x1F, 0x98, 0x75, 0xBD, 0x42, 0xED, 0x76, 0x14, 0xEB, 0x94, 0xF8, 0xA2, 0x2D,
    0x53, 0x09, 0xEB, 0x50, 0x20, 0xA8, 0x19, 0x32, 0xCC, 0x3C, 0xD4, 0x5B, 0x89, 0x47, 0x2A, 0xFC,
    0x67, 0x7C, 0x89, 0x08, 0x53, 0xF1, 0x8B, 0x6E, 0x94, 0x8C, 0x02, 0x92, 0x05, 0x5B, 0xA4, 0x1D,
    0xF7, 0x88, 0xF2, 0xDE, 0x94, 0x3C, 0x48, 0xE3, 0x49, 0xB2, 0xC1, 0x71, 0x73, 0xFF, 0x18, 0x9D,
    0x6E, 0x47, 0xD6, 0xF0, 0x5F, 0x3F, 0xA7, 0x7C, 0x59, 0xC9, 0xD3, 0xA8, 0xF4, 0x84, 0xAC, 0xC8,
    0xFC, 0xF6, 0xDD, 0x69, 0x3A, 0x2F, 0xE0, 0x63, 0x75, 0x37, 0x76, 0xD6, 0x2F, 0x52, 0x08, 0xA0,
    0xDB, 0x54, 0x15, 0x88, 0x14, 0x37, 0x7A, 0x99, 0xC2, 0x50, 0xA9, 0x81, 0x6B, 0xAF, 0x93, 0x63,
    0xB2, 0x1D, 0xCA, 0x3F, 0x7B, 0x3A, 0xE8, 0x68, 0x37, 0xEA, 0x8A, 0x76, 0x32, 0x72, 0x31, 0x04,
    0x82, 0xE1, 0xA6, 0xA7, 0x1F, 0xE9, 0xCD, 0xFB, 0x72, 0xA5, 0xA3, 0x1C, 0x3F, 0x13, 0x76, 0x5A,
    0xFA, 0xF4, 0x4D, 0x10, 0xC8, 0x58, 0x30, 0x1C, 0x8E, 0x44, 0x38, 0x92, 0x09, 0x91, 0x57, 0x61,
    0x10, 0xB0, 0xFA, 0xB1, 0x5B, 0x88, 0xB0, 0xCC, 0x43, 0xCD, 0x11, 0xA5, 0x8A, 0x7B, 0xD5, 0xDF,
    0x38, 0x28, 0xE6, 0x6B, 0xDA, 0x35, 0xBB, 0xB4, 0xB8, 0x1D, 0xA3, 0xB8, 0x79, 0xEC, 0x97, 0xF8,
    0x5B, 0xE4, 0xF1, 0x3C, 0x4B, 0x3B, 0x70, 0x50, 0x4A, 0xB6, 0xE0, 0xCE, 0x45, 0xB8, 0x0F, 0x06,
    0xDF, 0x13, 0x9C, 0xF6, 0x36, 0xC0, 0xDE, 0xA8, 0x8E, 0xD3, 0x0E, 0x87, 0xEF, 0x11, 0x60, 0x91,
    0x1F, 0x83, 0xA2, 0x06, 0x75, 0x12, 0xF1, 0x16, 0x8A, 0x2B, 0xB4, 0x24, 0x2C, 0x27, 0xFB, 0xE7,
    0x37, 0x30, 0x9C, 0x15, 0x4B, 0x8E, 0xC5, 0xBB, 0x38, 0x1F, 0x1A, 0xED, 0x16, 0x16, 0x9C, 0x6A,
    0xCC, 0x48, 0xFF, 0x41, 0x1F, 0x52, 0x42, 0x96, 0xAC, 0x52, 0x37, 0xF7, 0xB5, 0x8C, 0x47, 0x4B,
    0xE1, 0x17, 0xE3, 0x0A, 0xF7, 0x16, 0xCC, 0x75, 0xA6, 0x33, 0x30, 0xBA, 0x39, 0xA5, 0x4B, 0xB3,
    0xEE, 0xEB, 0x7E, 0xC4, 0xD2, 0x2C, 0xBC, 0xE8, 0xB3, 0xEE, 0x8B, 0xEC, 0x18, 0x01, 0x99, 0xC2,
    0x6B, 0x74, 0xC0, 0xB7, 0x56, 0xFD, 0x54, 0xC9, 0x3F, 0x49, 0xA0, 0x2D, 0x57, 0x84, 0x5F, 0x3D,
    0x0A, 0x17, 0x7F, 0x58, 0xF4, 0xAA, 0x3A, 0xA3, 0xB1, 0x57, 0x01, 0x40, 0xCA, 0xB3, 0xD4, 0xC0,
    0xAF, 0xA4, 0xFF, 0x07, 0xED, 0x7D, 0xBD, 0x93, 0x24, 0xC7, 0x95, 0x5F, 0x56, 0xF5, 0x01, 0x2D,
    0xA2, 0x43, 0x51, 0x8E, 0xF6, 0xEE, 0xC8, 0x0D, 0x45, 0xC9, 0xA0, 0x21, 0x41, 0xD2, 0xB5, 0x2B,
    0xE3, 0x88, 0x2A, 0xF0, 0x8C, 0x33, 0x64, 0x70, 0x8D, 0xED, 0x45, 0xC4, 0xAD, 0x01, 0xE7, 0x0C,
    0x85, 0x10, 0xA1, 0xF9, 0x07, 0x8E, 0xAA, 0x06, 0x68, 0xAC, 0x01, 0x83, 0x6B, 0xDC, 0xE0, 0x22,
    0x78, 0x06, 0x60, 0x50, 0x34, 0x4E, 0xA1, 0xC0, 0x19, 0x32, 0xA8, 0x08, 0x08, 0x55, 0x04, 0x8C,
    0x33, 0x68, 0xB0, 0x89, 0xD3, 0x4A, 0x06, 0x8C, 0x6D, 0x49, 0xBB, 0x60, 0x50, 0x67, 0xA0, 0x45,
    0xD5, 0xDE, 0xD5, 0x00, 0x55, 0x95, 0x7A, 0xBF, 0xDF, 0x7B, 0x59, 0xD5, 0x3D, 0xD3, 0xB3, 0x3B,
    0xFB, 0x35, 0x98, 0x81, 0x34, 0xBB, 0xF3, 0x5E, 0x4E, 0x77, 0x55, 0x66, 0x56, 0x7E, 0xBC, 0x7C,
    0xDF, 0xE5, 0xBC, 0x93, 0x9F, 0x32, 0x17, 0x90, 0x55, 0x02, 0x52, 0x80, 0xD9, 0x5A, 0xC0, 0x64,
    0xE3, 0xB6, 0x7E, 0xBC, 0xFC, 0x54, 0x5B, 0xE0, 0x70, 0xB1, 0xC8, 0x79, 0xEB, 0x59, 0x80, 0x5C,
    0xCC, 0x0A, 0xF2, 0x2D, 0xF0, 0x18, 0xF7, 0xF2, 0x8E, 0xD5, 0x08, 0xE2, 0x4D, 0xBC, 0x71, 0xD3,
    0x76, 0xD6, 0xB8, 0x59, 0x3B, 0x6B, 0xB5, 0xC4, 0xCF, 0x8E, 0xFD, 0x5C, 0xA4, 0x3E, 0x17, 0x80,
    0xD2, 0xC3, 0xE3, 0xF8, 0xCA, 0xA2, 0xB8, 0xBF, 0xB8, 0x86, 0xBB, 0xB2, 0x95, 0xF6, 0xFA, 0xF1,
    0xF1, 0x95, 0x9C, 0xF8, 0x13, 0xDF, 0x13, 0x7F, 0x2E, 0xCD, 0x01, 0x4B, 0x03, 0x0D, 0xF1, 0x32,
    0xED, 0x80, 0x5B, 0x37, 0x41, 0xF7, 0x32, 0x69, 0xD5, 0xE7, 0x8A, 0xCB, 0xA5, 0xE2, 0x42, 0x66,
    0x3D, 0x5B, 0x1B, 0x5E, 0x9D, 0xC4, 0x7E, 0x49, 0x1C, 0xF1, 0xBE, 0x95, 0x9B, 0x7A, 0x6D, 0xB7,
    0x6C, 0x89, 0x33, 0xAF, 0x43, 0x9F, 0xE1, 0x32, 0x60, 0x34, 0xEB, 0xE6, 0xAB, 0xB0, 0xA6, 0x0A,
    0xFC, 0x89, 0xBE, 0x45, 0xB8, 0x7E, 0x52, 0x3F, 0xB3, 0x39, 0x7A, 0xC6, 0xC0, 0xB9, 0x83, 0x5E,
    0x1E, 0x70, 0xE6, 0x7D, 0xAD, 0xC3, 0x27, 0x9F, 0x7F, 0xF1, 0x86, 0xAF, 0x26, 0xF2, 0xD8, 0xE5,
    0x5A, 0x56, 0x9A, 0x4B, 0xEB, 0x54, 0xBE, 0x9A, 0xB5, 0x18, 0xAB, 0x49, 0x8B, 0x87, 0x9B, 0x74,
    0x18, 0x23, 0x1D, 0x49, 0x1D, 0x57, 0x3E, 0x53, 0x7B, 0x0C, 0x1E, 0x2E, 0xAE, 0x87, 0x6F, 0xF5,
    0x4A, 0xBD, 0x4B, 0x6B, 0xD0, 0xDA, 0xB4, 0xE6, 0x84, 0xAD, 0x68, 0x8B, 0x11, 0x5B, 0x47, 0x4F,
    0xFA, 0xD0, 0x2B, 0xED, 0x61, 0x54, 0x1E, 0x61, 0xAB, 0x72, 0x9E, 0x39, 0xCB, 0x13, 0x7F, 0xBF,
    0xEC, 0xDD, 0xB4, 0xC3, 0x0C, 0x27, 0x35, 0xE6, 0x2B, 0xE1, 0xAC, 0xA6, 0x58, 0x61, 0x79, 0xCA,
    0xE9, 0x49, 0x38, 0x2B, 0x09, 0x9F, 0x74, 0xC2, 0x95, 0x11, 0x79, 0x7F, 0x4F, 0x17, 0x8A, 0x74,
    0xE9, 0x45, 0x5D, 0x2D, 0x57, 0x75, 0x11, 0xCD, 0xD9, 0xD7, 0xC8, 0x57, 0xDB, 0x7D, 0x45, 0x6F,
    0x05, 0xAE, 0x00, 0xE7, 0x58, 0x3D, 0x55, 0xD2, 0xB9, 0xD8, 0xE7, 0x33, 0x7F, 0xFF, 0x7D, 0x2F,
    0x05, 0x3E, 0xAA, 0x2C, 0xEC, 0x35, 0x6A, 0x3B, 0xC2, 0xA0, 0x3E, 0xD9, 0xBF, 0x64, 0x99, 0xE6,
    0xB2, 0xAA, 0xAA, 0x6C, 0x5D, 0xAC, 0x80, 0xF1, 0xF7, 0xCE, 0xC6, 0xD6, 0x8E, 0x9C, 0xDF, 0xAF,
    0x8C, 0xC7, 0xFA, 0xB9, 0x80, 0x62, 0x09, 0x50, 0x19, 0x90, 0x47, 0xC5, 0x6E, 0x5A, 0x61, 0x78,
    0x6B, 0xE7, 0xAB, 0xA4, 0xBF, 0xE9, 0xF3, 0x29, 0x66, 0x3F, 0xE2, 0xE4, 0x5F, 0xC5, 0xDC, 0xCB,
    0xDF, 0xBE, 0xE3, 0x28, 0x8C, 0xA5, 0xD9, 0x58, 0x3A, 0x5A, 0xBC, 0x66, 0xA5, 0xDA, 0xC5, 0x5A,
    0x92, 0xA5, 0xF0, 0xE4, 0xA5, 0x35, 0xE7, 0xF5, 0xB6, 0xAC, 0x36, 0x2D, 0x75, 0x43, 0x49, 0x16,
    0x4D, 0xBA, 0x72, 0x71, 0xBF, 0xF8, 0x23, 0x99, 0x70, 0xD9, 0xEC, 0xB8, 0x43, 0x68, 0x89, 0x95,
    0x64, 0xB5, 0xCD, 0x2B, 0x96, 0xA6, 0x2D, 0xC6, 0x10, 0xA5, 0xC9, 0xFE, 0x92, 0x0C, 0x02, 0x4A,
    0xB2, 0xBF, 0xE4, 0x18, 0xB2, 0x7B, 0x65, 0x95, 0x6A, 0x7D, 0x57, 0x51, 0x42, 0x1B, 0xAB, 0x42,
    0x16, 0x97, 0xB6, 0x5B, 0xD4, 0xCE, 0xFA, 0x22, 0xB7, 0x5A, 0xFF, 0xB0, 0xAC, 0x75, 0x9D, 0x9F,
    0x4B, 0x49, 0x7F, 0xBE, 0x18, 0x4A, 0x32, 0x04, 0xA1, 0xD4, 0x3A, 0xBF, 0x58, 0x2C, 0x0E, 0x1E,
    0x2C, 0x0E, 0x7C, 0xB8, 0x23, 0xF6, 0xCB, 0x70, 0x6F, 0x59, 0x85, 0x52, 0xB6, 0x3A, 0x59, 0x9A,
    0xEF, 0xF9, 0x2C, 0xAB, 0x4E, 0xDC, 0x1B, 0xEB, 0x59, 0x94, 0x8E, 0x6D, 0x68, 0xBB, 0x56, 0x5A,
    0x87, 0xD2, 0x91, 0x9D, 0x33, 0xED, 0x49, 0xCC, 0x73, 0xE7, 0xFA, 0xD3, 0x9D, 0x3B, 0xA4, 0x45,
    0x3C, 0x6F, 0x6A, 0x3B, 0x6F, 0x78, 0xCE, 0xF8, 0x5F, 0x1F, 0xF0, 0x7C, 0x38, 0x92, 0x7E, 0xDA,
    0xF9, 0x51, 0x1A, 0x0E, 0xBF, 0xF3, 0x80, 0xD7, 0x4F, 0x8F, 0x67, 0xB5, 0x2D, 0x59, 0xEC, 0x28,
    0xA5, 0x54, 0x4A, 0x61, 0xD9, 0xCB, 0xEE, 0x38, 0x4F, 0x80, 0x5F, 0x8C, 0x63, 0xCC, 0x91, 0x13,
    0x92, 0xE9, 0xC3, 0x82, 0x93, 0xC5, 0x2B, 0xB0, 0x5C, 0x09, 0x8C, 0x64, 0x71, 0x7B, 0x1E, 0x97,
    0x1E, 0xEB, 0x52, 0x20, 0xA8, 0xB3, 0xE7, 0x19, 0x29, 0xF7, 0x55, 0x9C, 0x77, 0xAE, 0x83, 0xDE,
    0x0D, 0xE5, 0x43, 0x90, 0x51, 0xEF, 0x0A, 0x10, 0x65, 0x07, 0xFA, 0x28, 0x94, 0x8C, 0xF7, 0x4E,
    0x7A, 0x40, 0x99, 0x34, 0xD4, 0x2F, 0x37, 0x0F, 0x6D, 0xA5, 0x6C, 0x77, 0xC6, 0x99, 0x9B, 0xB0,
    0x3F, 0x91, 0xAE, 0x14, 0xE9, 0x44, 0xC2, 0xC7, 0x9A, 0x90, 0x68, 0xC7, 0xAD, 0x0B, 0x47, 0x68,
    0x78, 0xAE, 0x2C, 0x3F, 0xF6, 0x5C, 0x38, 0x99, 0x6B, 0xC0, 0x82, 0xD0, 0x03, 0xC6, 0x84, 0x13,
    0xC2, 0x84, 0x30, 0xFD, 0x12, 0x30, 0xFB, 0x14, 0xB0, 0xFC, 0xB9, 0xC0, 0xC8, 0x7F, 0x4F, 0xE0,
    0xA4, 0x4F, 0x04, 0xCA, 0xE9, 0x23, 0x30, 0x69, 0x00, 0xB3, 0x0D, 0x60, 0xB1, 0x12, 0x88, 0xD3,
    0xA4, 0xF6, 0x31, 0x4E, 0x16, 0x3F, 0xE9, 0x00, 0xE5, 0xB1, 0x04, 0xCA, 0x42, 0x14, 0x28, 0x43,
    0x22, 0x50, 0xC8, 0x97, 0x40, 0x34, 0x53, 0x63, 0x48, 0x04, 0xB6, 0x84, 0x35, 0xE1, 0x86, 0xB0,
    0x02, 0x74, 0xF1, 0x32, 0x12, 0x6A, 0x32, 0x5D, 0x4D, 0x70, 0xE8, 0xD5, 0xC9, 0x8A, 0x1B, 0x18,
    0xD3, 0x56, 0xF2, 0x64, 0xBA, 0xDA, 0xB8, 0x3D, 0x3F, 0xE0, 0x51, 0xA6, 0xE1, 0x84, 0x6C, 0x50,
    0x0F, 0x4F, 0xE3, 0x0D, 0x46, 0x36, 0x5B, 0x4B, 0xD7, 0x70, 0x46, 0xE1, 0x91, 0x2A, 0xFC, 0x97,
    0x42, 0x51, 0x45, 0x18, 0xE5, 0x35, 0x2E, 0x90, 0xCB, 0xD8, 0x99, 0xA9, 0xDC, 0x38, 0x6D, 0x30,
    0xAE, 0x93, 0x16, 0xCB, 0x25, 0xEE, 0x52, 0x2C, 0xE5, 0x9E, 0x14, 0xBE, 0xE4, 0xA2, 0xC9, 0x4A,
    0xE5, 0x63, 0x00, 0xC9, 0x34, 0x71, 0x06, 0xA5, 0xD5, 0x66, 0x5C, 0x63, 0x29, 0x48, 0xF7, 0x6F,
    0x63, 0x45, 0x1B, 0xC3, 0x93, 0x29, 0xDB, 0x75, 0xCF, 0x56, 0x97, 0xEE, 0xD7, 0x0B, 0x02, 0x85,
    0x9D, 0x2A, 0xC8, 0x59, 0xF9, 0x1D, 0xE8, 0x48, 0x39, 0x1F, 0x05, 0x67, 0xCA, 0x15, 0x25, 0xCA,
    0xB7, 0x24, 0xCA, 0xDD, 0xCD, 0x95, 0x27, 0xC8, 0x3E, 0x27, 0x19, 0x28, 0xDE, 0x5D, 0x93, 0xA7,
    0xF9, 0x9E, 0x92, 0x45, 0xEE, 0xC5, 0xC8, 0x4F, 0x31, 0x68, 0x71, 0x37, 0x21, 0xBB, 0xD7, 0x4E,
    0x30, 0x90, 0xD3, 0x16, 0x13, 0x82, 0x81, 0x04, 0x92, 0x49, 0x40, 0x6D, 0xB2, 0x82, 0xC0, 0x5B,
    0xC8, 0x2E, 0xB6, 0x93, 0x96, 0x3C, 0xA8, 0x32, 0xC6, 0xE8, 0x67, 0xAD, 0xA8, 0x91, 0x2A, 0x17,
    0x8B, 0x9B, 0x2D, 0x37, 0x92, 0xD4, 0x86, 0x7A, 0xE3, 0x9E, 0x1B, 0x53, 0x2A, 0x25, 0x5F, 0x23,
    0xCB, 0x16, 0x4D, 0x97, 0xE4, 0x4B, 0xA4, 0x52, 0x54, 0x04, 0x1A, 0xFA, 0x34, 0xDC, 0x25, 0xB8,
    0x23, 0xDC, 0xE6, 0x94, 0x8B, 0x3F, 0xBC, 0xE1, 0x37, 0xDC, 0xB3, 0x20, 0x1B, 0x2D, 0x76, 0x2C,
    0x41, 0x37, 0x80, 0x36, 0x7C, 0x21, 0x97, 0xF0, 0xE2, 0xD0, 0xAE, 0x0B, 0xE7, 0xC3, 0x0A, 0xA0,
    0x37, 0x9E, 0x57, 0x2E, 0x59, 0xCB, 0xC5, 0x73, 0x54, 0x8A, 0x5D, 0x26, 0x63, 0x83, 0x0A, 0x9A,
    0x50, 0xE2, 0x67, 0xF8, 0x36, 0x62, 0x2D, 0xBC, 0xAD, 0xE6, 0xBD, 0xCB, 0x3D, 0x7D, 0xE9, 0x78,
    0x4E, 0x82, 0x82, 0xF4, 0xA1, 0xC4, 0xCF, 0x92, 0x56, 0x2E, 0x2E, 0x1B, 0x4A, 0x1B, 0x7A, 0x6F,
    0x78, 0xAC, 0x0B, 0xC3, 0x75, 0x47, 0x7A, 0x7E, 0x9E, 0xC0, 0xB1, 0x4C, 0x7A, 0xB1, 0xE6, 0x54,
    0x93, 0xD0, 0x83, 0x21, 0xD8, 0xC6, 0x93, 0x80, 0xDB, 0xB3, 0xE1, 0x69, 0xC0, 0x8D, 0x1D, 0x1C,
    0xCD, 0x78, 0x80, 0x00, 0x27, 0x01, 0x6F, 0x14, 0xA7, 0x86, 0xC3, 0x6F, 0x38, 0x70, 0x6C, 0xC9,
    0x92, 0xE4, 0x0A, 0xFE, 0x1D, 0x1C, 0xF7, 0xC5, 0xFD, 0xBC, 0xD0, 0xE3, 0x7F, 0x79, 0x02, 0xDB,
    0x8E, 0x3A, 0x2B, 0x7E, 0x99, 0xBB, 0xED, 0xE5, 0xFC, 0x22, 0x49, 0xAF, 0x42, 0x7F, 0xB1, 0x7D,
    0xE7, 0xF5, 0xBC, 0x61, 0x41, 0x4E, 0x87, 0x96, 0x85, 0x72, 0x35, 0xED, 0x59, 0xF0, 0xCB, 0x18,
    0x2B, 0x15, 0xC7, 0xAA, 0x94, 0xA5, 0x20, 0x9F, 0xCB, 0x76, 0x8C, 0xF4, 0x0C, 0xCC, 0x44, 0x96,
    0xE1, 0x11, 0x9A, 0xD6, 0x91, 0x9E, 0xA2, 0x33, 0xD0, 0x83, 0x82, 0xE2, 0x4F, 0xE4, 0x49, 0x0C,
    0x62, 0x1F, 0xF9, 0x48, 0x7B, 0xF0, 0x8E, 0x57, 0x26, 0xB6, 0x50, 0x5E, 0x45, 0xA9, 0x40, 0x1B,
    0x96, 0x0A, 0xAE, 0xD1, 0xBB, 0x72, 0xAB, 0xA7, 0xE4, 0xD1, 0x62, 0x35, 0x6B, 0x5B, 0x14, 0x7F,
    0xAC, 0x75, 0xF6, 0x67, 0x02, 0x51, 0xC5, 0x7A, 0x28, 0xA7, 0xBE, 0xF6, 0x39, 0x3C, 0x45, 0x25,
    0x7D, 0xD3, 0xE7, 0x92, 0x1A, 0x50, 0x48, 0x6B, 0xA9, 0x33, 0xE2, 0xFE, 0x11, 0x59, 0xE6, 0x36,
    0x4E, 0x27, 0x88, 0xCF, 0x32, 0x8C, 0x89, 0xF4, 0x0E, 0xEC, 0xB9, 0x5C, 0x2A, 0x87, 0xF4, 0x26,
    0xC3, 0xC1, 0x27, 0x02, 0x38, 0x29, 0x1F, 0x01, 0x4F, 0x89, 0xF9, 0x5A, 0xA5, 0xA7, 0x89, 0xE7,
    0xD1, 0x8E, 0x33, 0x07, 0xA7, 0x63, 0x04, 0x5E, 0x19, 0xE3, 0xE8, 0x78, 0xEC, 0xEB, 0xDA, 0x94,
    0xAE, 0x2D, 0xB8, 0x5B, 0x97, 0x02, 0xA4, 0x59, 0x11, 0x2F, 0x85, 0x8D, 0x6E, 0x52, 0x69, 0x68,
    0x03, 0xCE, 0x5E, 0x1E, 0x03, 0x67, 0xEA, 0x55, 0x70, 0xB9, 0x97, 0xE5, 0x94, 0xFF, 0x96, 0x7B,
    0x49, 0xBA, 0x97, 0xE6, 0xA9, 0x4C, 0x6C, 0x52, 0x65, 0x2A, 0x55, 0x53, 0xF0, 0xE4, 0x7C, 0x16,
    0xAB, 0x7D, 0xA7, 0xFC, 0x65, 0x79, 0xBA, 0x4B, 0xC3, 0x43, 0x4E, 0x75, 0xB7, 0x18, 0x9A, 0x19,
    0x3A, 0x5A, 0xDC, 0xF0, 0xBA, 0x56, 0xBD, 0x12, 0x3D, 0xAF, 0x8B, 0xF6, 0x6C, 0x28, 0x35, 0xB4,
    0xDE, 0x46, 0x73, 0x43, 0xAB, 0x6D, 0x94, 0x19, 0xAA, 0xB6, 0x51, 0xA1, 0xA8, 0xE4, 0x63, 0x72,
    0xC6, 0xBD, 0xBB, 0xCA, 0x47, 0x77, 0x45, 0xA7, 0xA8, 0x56, 0xB4, 0x24, 0xA2, 0x68, 0x91, 0x08,
    0x6E, 0xC8, 0x7B, 0x38, 0xAE, 0x1F, 0x61, 0xD0, 0x4C, 0xD4, 0x70, 0x1C, 0xB6, 0xD2, 0x30, 0x8E,
    0x5A, 0xB9, 0x0F, 0x47, 0xA0, 0xA7, 0x7C, 0x09, 0xBC, 0xE2, 0xC9, 0xEC, 0xA5, 0x8B, 0x38, 0x5B,
    0x6D, 0xC6, 0x9D, 0x97, 0x07, 0x4F, 0xE4, 0x0C, 0xF5, 0x32, 0x72, 0x73, 0x39, 0x87, 0x3D, 0x44,
    0xD2, 0x15, 0x70, 0x4F, 0xEE, 0x09, 0xA4, 0xA8, 0x5C, 0x52, 0x1F, 0x91, 0xAB, 0x56, 0xA2, 0x7C,
    0x53, 0x71, 0xF1, 0x51, 0x47, 0x9C, 0x7D, 0xDC, 0x12, 0xCF, 0xFF, 0xBA, 0x51, 0xAD, 0xC5, 0xAF,
    0x6A, 0xC5, 0x5F, 0x6E, 0x88, 0xA7, 0x94, 0xC3, 0xB0, 0x02, 0x2A, 0xE2, 0xD8, 0xB0, 0xE3, 0x1C,
    0x7A, 0x7D, 0x7E, 0x93, 0x10, 0x9F, 0x01, 0x1C, 0x4E, 0xF8, 0x01, 0x0A, 0x1D, 0x3F, 0xD8, 0x3C,
    0xAB, 0xFA, 0x4D, 0xF3, 0x14, 0xD4, 0x50, 0x99, 0xAD, 0x5A, 0x2A, 0xA8, 0xA8, 0xAD, 0xDA, 0x38,
    0x55, 0x90, 0x39, 0xE5, 0xD2, 0xB9, 0xCC, 0x65, 0xA7, 0x61, 0xDA, 0x8D, 0xD2, 0x63, 0x0C, 0x39,
    0xA9, 0x39, 0x19, 0x4A, 0x19, 0x5D, 0x43, 0x7A, 0xEE, 0x05, 0xB4, 0xF3, 0x9D, 0xDD, 0x60, 0xB7,
    0x5B, 0x65, 0x56, 0xB5, 0x35, 0x64, 0xCD, 0x5A, 0x27, 0x9C, 0x3F, 0x7A, 0x83, 0x52, 0xA7, 0x76,
    0xD0, 0xBA, 0xAB, 0x9D, 0x7F, 0xDE, 0x63, 0xF4, 0x0C, 0xE7, 0xF2, 0xB6, 0xA3, 0x34, 0x6D, 0xDC,
    0xDE, 0x1F, 0x91, 0x53, 0xCC, 0xC8, 0x29, 0x1E, 0x63, 0x3F, 0x77, 0x01, 0xBF, 0x48, 0xC8, 0x83,
    0xCA, 0x1A, 0x8F, 0xCA, 0x5D, 0x1E, 0xB4, 0xC6, 0xD9, 0xFE, 0xCC, 0x74, 0xA2, 0x4B, 0x19, 0xEE,
    0xFD, 0x3A, 0xD1, 0x78, 0x9F, 0x4E, 0x34, 0x1F, 0xAB, 0xF4, 0xEE, 0xF8, 0xE7, 0xC7, 0x75, 0xA2,
    0xF1, 0x43, 0x74, 0xA2, 0x47, 0x7B, 0x75, 0xA2, 0xAA, 0x4F, 0xDF, 0x86, 0x41, 0xB3, 0xAE, 0xFA,
    0x8A, 0x8B, 0x02, 0x2F, 0x8B, 0x24, 0xAB, 0x6C, 0xF7, 0x29, 0x28, 0x2A, 0xA1, 0x5A, 0x12, 0x72,
    0x4C, 0x3E, 0xDD, 0x73, 0xA9, 0x4E, 0xFC, 0xFF, 0xF2, 0xEF, 0xCB, 0xC9, 0xDB, 0xC5, 0xBD, 0x30,
    0x3E, 0xF3, 0x8D, 0x5C, 0x99, 0xAD, 0xB3, 0x95, 0xA0, 0x64, 0x53, 0x54, 0x10, 0xD7, 0x9A, 0x72,
    0x29, 0x48, 0x96, 0x68, 0x2E, 0x08, 0xCB, 0x75, 0x1F, 0xD2, 0xEF, 0xEC, 0x4A, 0xBB, 0xCF, 0x6A,
    0xB1, 0x3A, 0xAD, 0x05, 0x6B, 0xCF, 0x5A, 0x0F, 0x7D, 0xB1, 0x9E, 0x3D, 0xA4, 0xF3, 0x9C, 0x80,
    0x0E, 0xC7, 0x26, 0x8E, 0x6C, 0x0C, 0xBE, 0x1C, 0xB3, 0x38, 0xA5, 0x0B, 0xB5, 0x6F, 0x60, 0x20,
    0xCA, 0x2A, 0xA6, 0xFC, 0xBC, 0x9E, 0x62, 0xE4, 0xD2, 0x9A, 0x22, 0xE6, 0xAC, 0xA5, 0xEE, 0x6F,
    0xD2, 0x71, 0x32, 0x23, 0x6F, 0xAB, 0x5B, 0x17, 0x73, 0xA6, 0x7A, 0xA6, 0x54, 0x15, 0x35, 0x73,
    0x45, 0x85, 0x2D, 0x74, 0xAE, 0xF1, 0xB8, 0xE7, 0xF2, 0x9E, 0x82, 0xB9, 0x43, 0xD3, 0x29, 0x6D,
    0x33, 0xDC, 0x41, 0xD2, 0x1E, 0x2D, 0x33, 0xE0, 0x53, 0x97, 0xEC, 0x0B, 0xB9, 0x40, 0xF6, 0x15,
    0x97, 0xC9, 0x2F, 0x6E, 0x9A, 0x75, 0x64, 0x74, 0xF5, 0x90, 0xBF, 0x78, 0x6A, 0x86, 0xFB, 0xFE,
    0xC4, 0x8F, 0x3B, 0xB1, 0xE7, 0x4F, 0x42, 0x35, 0x31, 0x3D, 0x2E, 0xCC, 0xB6, 0x21, 0x95, 0x89,
    0x19, 0x95, 0xA6, 0x29, 0x18, 0xFA, 0x55, 0xE2, 0xFF, 0x5D, 0xE9, 0x57, 0x13, 0x8A, 0x2E, 0xC2,
    0x1C, 0x78, 0x61, 0x85, 0x66, 0xFE, 0xDE, 0xD3, 0x6D, 0x5D, 0x65, 0x61, 0xC8, 0xFC, 0x5D, 0x4E,
    0x7C, 0x08, 0x7A, 0xF8, 0x7A, 0x6D, 0x53, 0x73, 0x12, 0xDB, 0x75, 0xEE, 0xEB, 0x56, 0xD0, 0xE7,
    0x3E, 0xCA, 0xC3, 0xA2, 0xAC, 0x4E, 0x16, 0xB6, 0xCC, 0x4A, 0x8F, 0x51, 0x28, 0x74, 0x63, 0xBB,
    0xE3, 0xF8, 0xCA, 0xC2, 0x9B, 0x72, 0xB6, 0x7C, 0x52, 0xAC, 0x86, 0x39, 0x60, 0xE5, 0x83, 0x94,
    0xB8, 0xB9, 0x12, 0xAA, 0x1C, 0xBD, 0x8E, 0xD4, 0x5C, 0x30, 0x8E, 0x05, 0x60, 0x4A, 0xCE, 0x65,
    0xAE, 0xDB, 0x6A, 0x0B, 0x87, 0xCF, 0x63, 0xC3, 0x54, 0xC6, 0x0D, 0xF7, 0x1F, 0xDE, 0xE0, 0x01,
    0x3A, 0xD4, 0x3F, 0xB6, 0x77, 0xCF, 0x36, 0x28, 0x35, 0x49, 0xCF, 0x02, 0xA1, 0x4A, 0x22, 0x6F,
    0x48, 0x88, 0x3A, 0xF4, 0x58, 0x35, 0x2F, 0x49, 0x5B, 0x53, 0x59, 0xC5, 0xAA, 0xBE, 0x32, 0x55,
    0xD6, 0x36, 0xB2, 0x0F, 0x27, 0x8A, 0xA6, 0xED, 0x78, 0x1F, 0xB4, 0x61, 0x63, 0x9D, 0x43, 0x0B,
    0xEB, 0xD0, 0xFA, 0x13, 0x80, 0x93, 0xBA, 0xBF, 0x9A, 0xAD, 0x9D, 0x54, 0xB5, 0x6D, 0xE9, 0xDB,
    0xFA, 0x41, 0x01, 0xD8, 0x0E, 0x0A, 0xC0, 0xD5, 0xA8, 0x00, 0x04, 0xA3, 0xE2, 0x46, 0x9E, 0xB4,
    0x20, 0x0B, 0x23, 0xFC, 0xCC, 0x81, 0x10, 0xFD, 0x29, 0x4E, 0x9E, 0x35, 0x67, 0x65, 0x5E, 0x93,
    0xDD, 0x4E, 0xDA, 0xA0, 0xE4, 0x02, 0x05, 0xB2, 0x13, 0x2C, 0xF2, 0x6E, 0x8B, 0x76, 0xAA, 0x06,
    0x4A, 0xE7, 0x6C, 0x17, 0xBD, 0xB0, 0x08, 0x6B, 0x30, 0xA0, 0x70, 0xBB, 0x55, 0x66, 0x55, 0x5B,
    0x43, 0xD6, 0xEC, 0x44, 0x3B, 0x61, 0x5D, 0xB2, 0x0E, 0x6E, 0xB1, 0xD0, 0x56, 0xCF, 0x3F, 0x55,
    0x19, 0x15, 0x7A, 0xFB, 0x56, 0x85, 0x40, 0x36, 0x8A, 0x63, 0xAB, 0xBF, 0x49, 0xA1, 0x47, 0x48,
    0x30, 0xC4, 0x38, 0x95, 0x7E, 0x29, 0x9A, 0xE2, 0x34, 0x93, 0xA5, 0xAA, 0xD6, 0xE9, 0xC8, 0x9B,
    0x70, 0xEB, 0x20, 0xA9, 0x92, 0xC0, 0x16, 0x95, 0x72, 0xF7, 0x3C, 0x52, 0x42, 0x41, 0x77, 0x26,
    0xB5, 0xB8, 0xC7, 0x0B, 0x87, 0xA5, 0x15, 0x4E, 0xDE, 0xA5, 0x8E, 0x07, 0xA8, 0x30, 0x0D, 0x4D,
    0x0C, 0x8D, 0x0E, 0xDD, 0x18, 0x3A, 0x36, 0x74, 0x75, 0xE8, 0x3C, 0x1F, 0x67, 0xB9, 0xF3, 0x80,
    0xFA, 0xC8, 0x30, 0x91, 0x7B, 0xE5, 0x34, 0x73, 0x1A, 0x22, 0xF3, 0xA9, 0xBF, 0x2F, 0xE3, 0x4C,
    0x01, 0x9D, 0x46, 0x76, 0x9F, 0xAB, 0x5E, 0x90, 0x92, 0xEF, 0x1E, 0x48, 0x81, 0x3E, 0xC7, 0x91,
    0x2E, 0x77, 0x09, 0xD3, 0xEA, 0x73, 0x9E, 0x51, 0xCA, 0xC4, 0xE4, 0x36, 0x79, 0xE9, 0x11, 0xE6,
    0x4E, 0xF8, 0x5F, 0x32, 0x7F, 0x4E, 0x59, 0x12, 0x28, 0x39, 0x70, 0x17, 0xD5, 0x00, 0x39, 0xD5,
    0x09, 0x79, 0xD2, 0x8C, 0x75, 0x52, 0xA9, 0x90, 0x63, 0x50, 0xE4, 0xFA, 0xD9, 0xB6, 0xC2, 0x4A,
    0x84, 0xE7, 0x3F, 0xF7, 0x4B, 0x61, 0x38, 0x8B, 0xEA, 0xEA, 0x4A, 0xC7, 0x66, 0xB0, 0x40, 0xBF,
    0x58, 0xAE, 0xDD, 0x81, 0x2C, 0x4D, 0x28, 0x08, 0xD6, 0xA9, 0xBF, 0x9F, 0xAE, 0x33, 0x59, 0x7C,
    0xB0, 0x45, 0xA7, 0x66, 0x9A, 0x5E, 0x4A, 0x47, 0xC0, 0x81, 0xAE, 0xB3, 0x2F, 0x0E, 0x70, 0x89,
    0xBF, 0x8B, 0x8B, 0x85, 0x71, 0x2C, 0x6A, 0x72, 0x8F, 0x74, 0xE6, 0x98, 0x6D, 0xC0, 0x77, 0x6D,
    0xD0, 0xFF, 0x8A, 0xEA, 0x8C, 0x18, 0x1D, 0x00, 0x93, 0x0A, 0xFB, 0x31, 0x14, 0x40, 0xB2, 0xB8,
    0xE6, 0x6F, 0x49, 0x5F, 0xE6, 0xDF, 0x93, 0x4B, 0xB2, 0xF9, 0x67, 0x7E, 0x93, 0x7D, 0x5F, 0xF8,
    0xAA, 0x0C, 0x6E, 0x3C, 0xD2, 0x75, 0xE1, 0xA9, 0x20, 0xAD, 0x0B, 0x88, 0xFA, 0x93, 0x20, 0xEE,
    0xE6, 0x2B, 0x65, 0x74, 0x67, 0x8D, 0x3C, 0xB9, 0x30, 0xC1, 0xFE, 0x27, 0xAA, 0x4A, 0x97, 0x2E,
    0x82, 0xF7, 0x43, 0x73, 0x05, 0xFE, 0x2A, 0x60, 0x2B, 0xE0, 0xB2, 0x2D, 0x0E, 0x6F, 0x8A, 0xD4,
    0x28, 0xE3, 0x06, 0xB5, 0x6A, 0x31, 0x00, 0xF9, 0xEC, 0xF0, 0x66, 0x8F, 0x4B, 0xEE, 0x01, 0xD4,
    0x9C, 0x4C, 0xA8, 0x1A, 0xCA, 0x0A, 0x8F, 0xBA, 0x12, 0xB0, 0xF5, 0xE4, 0xAB, 0x42, 0x76, 0x31,
    0xC8, 0x3C, 0x95, 0xB9, 0xBD, 0xBA, 0x36, 0x14, 0x2A, 0x60, 0xE8, 0xEF, 0x9D, 0xC5, 0x35, 0xE8,
    0x29, 0x9E, 0xF6, 0x17, 0x4B, 0xAE, 0xDF, 0x85, 0xF3, 0xFB, 0x37, 0x7A, 0xDA, 0x33, 0x07, 0x98,
    0x9D, 0x06, 0x97, 0x80, 0x85, 0xC2, 0x1C, 0xB0, 0xA4, 0xA9, 0xD0, 0x13, 0xF2, 0x3F, 0x88, 0x7E,
    0xEF, 0xAE, 0x76, 0x8B, 0x1B, 0xFE, 0xBA, 0x1A, 0x80, 0x77, 0xE0, 0x12, 0x72, 0xC4, 0x69, 0x10,
    0xEA, 0xE8, 0xF8, 0xC7, 0xAA, 0x04, 0xCD, 0x7C, 0x47, 0x15, 0xEC, 0x72, 0xE2, 0xDF, 0xF1, 0x6B,
    0x59, 0x7F, 0xE9, 0x26, 0xC5, 0xAC, 0x48, 0x07, 0x29, 0xF9, 0x09, 0x40, 0x85, 0xB4, 0x04, 0x2B,
    0xB8, 0xB3, 0x58, 0x5C, 0xB7, 0x8D, 0x19, 0x5C, 0x82, 0xE4, 0x8E, 0x49, 0x03, 0xA2, 0xD3, 0x4C,
    0xBC, 0x2C, 0x84, 0x88, 0x4C, 0x5A, 0x06, 0x66, 0xF1, 0x45, 0xCC, 0x4A, 0xE5, 0x38, 0x6D, 0xB2,
    0xAC, 0x8B, 0xE5, 0x84, 0xD6, 0x9D, 0x62, 0x09, 0x27, 0x2F, 0x18, 0xFB, 0x61, 0x3E, 0xC4, 0x74,
    0x71, 0xB5, 0xCB, 0x7C, 0xAA, 0x59, 0xB9, 0x78, 0x53, 0xC5, 0xE6, 0xE2, 0x07, 0x1D, 0xD9, 0xF4,
    0xE2, 0xED, 0x86, 0x9A, 0x46, 0xEF, 0x83, 0xAD, 0x7E, 0xB5, 0xF5, 0xF7, 0xAC, 0x2B, 0xEF, 0x36,
    0xE4, 0xEA, 0x8B, 0x5B, 0xD4, 0x21, 0xAD, 0x8B, 0xB7, 0x54, 0xA1, 0x57, 0x2C, 0x65, 0xF9, 0x86,
    0xFA, 0xD9, 0x9E, 0xEC, 0x9A, 0xD0, 0x7E, 0x66, 0xFD, 0x29, 0xAD, 0x7F, 0x14, 0xAA, 0x22, 0x54,
    0x4D, 0xFA, 0x98, 0xF6, 0x07, 0xA0, 0xD7, 0x54, 0x78, 0xD0, 0x75, 0x22, 0xEA, 0x82, 0x76, 0x17,
    0xDB, 0x7D, 0x86, 0x2E, 0xCC, 0x3C, 0xDD, 0x37, 0xD0, 0x38, 0xE5, 0x0A, 0x53, 0x76, 0xBB, 0x97,
    0x41, 0x3B, 0x45, 0xC6, 0x11, 0xD0, 0x0B, 0x91, 0x4D, 0xBC, 0xEE, 0xDC, 0xB5, 0x92, 0x5C, 0x69,
    0x4D, 0x04, 0x28, 0x59, 0x8D, 0x00, 0x05, 0x80, 0xAC, 0xBB, 0x65, 0x0C, 0x30, 0x05, 0x48, 0x00,
    0xE6, 0x77, 0x05, 0x14, 0x3F, 0x14, 0xE0, 0xE5, 0xE2, 0xB7, 0x3A, 0x01, 0x3F, 0x68, 0x04, 0xFC,
    0x70, 0x23, 0xE0, 0xFD, 0x95, 0x00, 0x78, 0x04, 0x89, 0x3C, 0x22, 0xA0, 0x03, 0x68, 0x00, 0x36,
    0x00, 0x2B, 0xAD, 0x5E, 0x76, 0xD7, 0x7B, 0xEE, 0x8F, 0x9D, 0x6B, 0x9C, 0xF4, 0xB9, 0x8B, 0x1B,
    0x90, 0xFF, 0x8D, 0x59, 0xFB, 0x5E, 0xEC, 0x4F, 0xA8, 0x6A, 0xCF, 0xAD, 0x57, 0xA1, 0x0D, 0x6C,
    0xD0, 0x08, 0x5B, 0x5A, 0x28, 0x60, 0x01, 0xBD, 0x7D, 0xA1, 0x4B, 0x44, 0xAE, 0x94, 0xF9, 0x97,
    0x3E, 0xFC, 0x00, 0x22, 0x9C, 0x7A, 0x38, 0xB0, 0xF3, 0x32, 0xC2, 0xC5, 0x7F, 0xF5, 0xD4, 0x28,
    0x55, 0x3A, 0xA5, 0x9C, 0x4F, 0x4E, 0x26, 0x67, 0x12, 0xF5, 0x81, 0x26, 0x94, 0x2B, 0xB6, 0x81,
    0x8D, 0xDD, 0x6E, 0x83, 0xC3, 0xD7, 0x04, 0xE4, 0x13, 0x78, 0xA5, 0x9C, 0x06, 0x30, 0xC1, 0xFE,
    0x24, 0x88, 0x7A, 0xB5, 0x7A, 0x4E, 0x5A, 0x59, 0x14, 0x22, 0xCC, 0xD6, 0x00, 0x6B, 0x80, 0x1C,
    0xDB, 0xAA, 0xC5, 0x52, 0x58, 0x42, 0xDB, 0x99, 0x80, 0xB0, 0x60, 0xC7, 0x13, 0x65, 0x40, 0xD2,
    0x95, 0x72, 0x59, 0x40, 0xFA, 0x97, 0x67, 0x7B, 0x7F, 0x05, 0x7D, 0x66, 0xF1, 0xEE, 0x3A, 0xEA,
    0x39, 0x90, 0x71, 0x27, 0xE8, 0xED, 0x1A, 0x5B, 0xB3, 0xB8, 0xD5, 0x4E, 0x1B, 0x41, 0x3F, 0x68,
    0x31, 0x46, 0xC5, 0x9B, 0x1D, 0xD1, 0xD2, 0xA7, 0x2B, 0xA0, 0x72, 0x5E, 0x01, 0x15, 0x04, 0xCB,
    0xAC, 0x24, 0xF5, 0x4B, 0x3D, 0x51, 0xD2, 0x11, 0x71, 0x18, 0x64, 0xB6, 0x1A, 0xA5, 0x8C, 0xE9,
    0xE6, 0x2C, 0xE0, 0xCE, 0xE2, 0x80, 0xDA, 0x95, 0x6D, 0x70, 0xD6, 0x7B, 0x01, 0x64, 0x8B, 0xC3,
    0x42, 0xA3, 0x1E, 0x4D, 0x90, 0xE1, 0x3F, 0x13, 0x32, 0xD2, 0x09, 0xEF, 0x21, 0x33, 0x33, 0x6B,
    0xE7, 0x6B, 0x95, 0xAE, 0xE3, 0x91, 0xFE, 0x7B, 0xAA, 0x8D, 0x43, 0x49, 0x3E, 0xC3, 0xB7, 0xBC,
    0x8E, 0x77, 0xF0, 0x5E, 0xD6, 0xC2, 0xFA, 0x58, 0x33, 0xDB, 0x40, 0xD7, 0xD6, 0x5B, 0x40, 0x3A,
    0x6E, 0xC7, 0xDA, 0xB3, 0x06, 0x4B, 0x99, 0xD9, 0xE2, 0x16, 0x4E, 0x87, 0x77, 0x71, 0x4E, 0x94,
    0x3F, 0x92, 0xD6, 0x40, 0x2E, 0xB0, 0x8E, 0x1B, 0x59, 0x9D, 0xD0, 0x62, 0x60, 0xD6, 0x2B, 0xB8,
    0x0A, 0x2E, 0x15, 0xC4, 0x56, 0xAA, 0x0C, 0xB4, 0x72, 0x9D, 0xD0, 0x2D, 0xDE, 0xC1, 0x7B, 0x3D,
    0x6A, 0x61, 0x7D, 0xAC, 0x99, 0x6D, 0x2C, 0x83, 0x5D, 0xFE, 0xE1, 0xE0, 0xA1, 0x43, 0xDC, 0x60,
    0xE8, 0x6E, 0x67, 0x83, 0x67, 0xE6, 0x5E, 0x60, 0x2C, 0xC2, 0xE4, 0x3D, 0xDE, 0x71, 0xEA, 0x10,
    0x53, 0x68, 0x18, 0xC1, 0xE2, 0xB5, 0x6E, 0x71, 0xCD, 0xEC, 0x59, 0xCF, 0x16, 0xA8, 0x03, 0xAA,
    0x9A, 0x18, 0x12, 0x1A, 0x22, 0xE5, 0x1C, 0x90, 0xED, 0x35, 0x6B, 0xF0, 0xB5, 0xFC, 0x97, 0x35,
    0x4C, 0x9B, 0x8E, 0xAC, 0x0F, 0xB3, 0x52, 0xE0, 0xE2, 0x32, 0xCF, 0xE8, 0xE7, 0xA0, 0xAE, 0x05,
    0x10, 0x89, 0xD4, 0xBB, 0x2A, 0x59, 0x83, 0x9C, 0x25, 0xFF, 0x9B, 0x5E, 0x09, 0xBF, 0x61, 0x23,
    0x7F, 0x07, 0x9A, 0x1C, 0xF3, 0x78, 0x88, 0xEC, 0xD0, 0xA0, 0xD4, 0x5F, 0x56, 0xA3, 0x33, 0x44,
    0x39, 0x2A, 0x30, 0xC9, 0x8C, 0x47, 0xEF, 0xF3, 0x56, 0xF2, 0xC6, 0x13, 0x72, 0xF7, 0x53, 0x23,
    0x93, 0xEA, 0x90, 0x74, 0x76, 0x14, 0xAB, 0x70, 0x30, 0x1F, 0x0C, 0x41, 0x54, 0xA9, 0x7F, 0xFE,
    0x85, 0xF4, 0x64, 0xD6, 0xCD, 0x6A, 0x39, 0x3F, 0x92, 0x7A, 0x56, 0x4F, 0x71, 0xBE, 0xCC, 0x6A,
    0x98, 0x27, 0x56, 0x33, 0xDA, 0x3A, 0xAB, 0x59, 0xED, 0x1E, 0x8D, 0x22, 0xCF, 0xFB, 0xA4, 0xCF,
    0xA9, 0xD6, 0x62, 0x75, 0x5A, 0x0B, 0xD6, 0x5E, 0x68, 0xDD, 0xFA, 0xF2, 0xD8, 0xCF, 0xA0, 0x88,
    0x16, 0x51, 0x21, 0xCB, 0xD9, 0x3A, 0x01, 0xBF, 0x29, 0x8D, 0x41, 0x9F, 0x87, 0xE1, 0x82, 0x79,
    0xC5, 0x09, 0xE9, 0x92, 0x6B, 0xEE, 0x42, 0xE6, 0x40, 0x93, 0x33, 0x30, 0xD5, 0x54, 0x7C, 0xB1,
    0x94, 0x52, 0x6D, 0xFF, 0x0B, 0xF8, 0xB9, 0xFD, 0x4B, 0x58, 0x99, 0x31, 0xB7, 0xB0, 0xF2, 0xC2,
    0x65, 0x64, 0x29, 0xA4, 0x83, 0x9E, 0xA7, 0xF3, 0x8D, 0xCC, 0x89, 0xEC, 0x12, 0xF0, 0x69, 0xEE,
    0xB9, 0x43, 0xA1, 0x1A, 0x0F, 0x54, 0xB3, 0x9C, 0x6F, 0xC3, 0x71, 0x39, 0x9C, 0x0E, 0x03, 0x3B,
    0xF9, 0x10, 0xA0, 0xDE, 0x9E, 0xC1, 0xE5, 0x73, 0x35, 0x17, 0x4A, 0xBC, 0x4A, 0xC0, 0xAD, 0x4C,
    0x82, 0xDE, 0x6A, 0xE5, 0xA2, 0xEB, 0xBA, 0x59, 0x4F, 0x07, 0x72, 0x8C, 0xF5, 0x0E, 0x47, 0xC1,
    0x39, 0xA3, 0x3B, 0x37, 0xFC, 0xE2, 0x66, 0xA3, 0x4E, 0x0E, 0xC7, 0x91, 0x5E, 0xE2, 0xBE, 0x72,
    0xCC, 0x3E, 0x76, 0xC1, 0x33, 0x63, 0x75, 0x1C, 0xEB, 0x76, 0x9D, 0x9F, 0x19, 0x97, 0xA4, 0x0D,
    0xDB, 0x70, 0xF1, 0xFA, 0x66, 0x54, 0xA7, 0xEF, 0xC0, 0x07, 0x8B, 0x1C, 0xCB, 0xDC, 0xF3, 0x94,
    0x87, 0x6C, 0x92, 0x50, 0x07, 0x20, 0xDF, 0x92, 0xC1, 0x01, 0x5F, 0x29, 0x70, 0x4A, 0x28, 0x2B,
    0x7D, 0x28, 0xC3, 0x2C, 0xF9, 0xE0, 0x46, 0xB9, 0xE1, 0xF5, 0x15, 0x21, 0x6B, 0xB8, 0x47, 0x32,
    0x14, 0xF9, 0x33, 0xC1, 0x3B, 0x0B, 0x40, 0xE1, 0x4B, 0x09, 0x7B, 0x42, 0xFF, 0xAA, 0x07, 0xC7,
    0xF3, 0x33, 0x5C, 0x93, 0xFD, 0x12, 0x70, 0xFE, 0xDF, 0x01, 0x53, 0xC2, 0x39, 0x3F, 0x29, 0xE4,
    0xDB, 0x3B, 0x37, 0xFD, 0x9B, 0xBC, 0x9E, 0x77, 0x35, 0x84, 0xB7, 0xB5, 0xE6, 0x47, 0x1D, 0x3F,
    0xD2, 0xEC, 0x20, 0x55, 0xF5, 0x2A, 0x27, 0xA3, 0xC9, 0x41, 0xB4, 0xA2, 0x54, 0xA5, 0xF2, 0x15,
    0xFE, 0x2C, 0x2A, 0x34, 0xB6, 0x54, 0x11, 0xCC, 0x24, 0xB7, 0xDB, 0xF0, 0x73, 0x80, 0x7A, 0x41,
    0xFE, 0x9C, 0x52, 0x7A, 0xED, 0xFF, 0x5C, 0x85, 0x01, 0xEC, 0x94, 0x74, 0xF3, 0x62, 0xAE, 0x8E,
    0x91, 0x32, 0x58, 0x91, 0x2C, 0x3F, 0x5C, 0xD3, 0x6E, 0x01, 0x93, 0x3A, 0x67, 0xCD, 0x55, 0x19,
    0xF0, 0x5A, 0xEE, 0x98, 0x6F, 0x78, 0x2F, 0x6B, 0x99, 0xAA, 0xF5, 0x0A, 0xEC, 0x21, 0xDA, 0xC0,
    0x39, 0x0C, 0x62, 0x87, 0xEE, 0x78, 0x65, 0xB4, 0x39, 0xE4, 0x60, 0x0E, 0x45, 0x2E, 0x01, 0xA7,
    0x48, 0x33, 0x81, 0x70, 0x4C, 0x0D, 0x7C, 0x87, 0x0A, 0x10, 0x21, 0x72, 0x9F, 0x73, 0xFA, 0x88,
    0x14, 0x77, 0xD4, 0x4A, 0x5F, 0x90, 0x7E, 0xEE, 0xC1, 0x4B, 0x35, 0x80, 0x0F, 0xD7, 0x0F, 0xF7,
    0x87, 0xFA, 0xA6, 0x56, 0x7F, 0x68, 0x2F, 0xB4, 0x3F, 0xF4, 0x87, 0xFD, 0x53, 0x01, 0x43, 0xA8,
    0x41, 0x0D, 0xBA, 0x50, 0xCF, 0xFC, 0xE1, 0x4D, 0x18, 0x24, 0x66, 0x35, 0x04, 0x62, 0x48, 0xE1,
    0x02, 0x36, 0xE1, 0x4F, 0x39, 0xAD, 0x85, 0xC8, 0x7B, 0x4E, 0x3D, 0x6E, 0x9B, 0x13, 0x3C, 0xB8,
    0x09, 0x72, 0x8C, 0x23, 0x61, 0x29, 0x27, 0x81, 0x90, 0xD4, 0x1A, 0xC7, 0x27, 0x2C, 0x4F, 0x76,
    0x6F, 0x86, 0x5A, 0x74, 0xA5, 0x73, 0xFD, 0xCE, 0x36, 0xC1, 0xF7, 0x94, 0x21, 0x1B, 0xEE, 0x3F,
    0xEF, 0x30, 0xFF, 0xE7, 0x25, 0x0B, 0xBA, 0x57, 0xDC, 0xF7, 0x69, 0x2E, 0x16, 0xF0, 0x2A, 0xF4,
    0x20, 0x28, 0xF1, 0xB3, 0x63, 0x3F, 0xE7, 0xD5, 0x21, 0x2E, 0x2E, 0x82, 0xA0, 0xB5, 0x31, 0x30,
    0x7E, 0x31, 0x6D, 0x66, 0x24, 0x8F, 0x7E, 0x35, 0x3D, 0x92, 0xB1, 0x9F, 0xFA, 0xA3, 0xB2, 0x9D,
    0xFA, 0x7C, 0xD6, 0x09, 0x77, 0x30, 0xE9, 0xA7, 0xAD, 0x79, 0x47, 0x7A, 0x5C, 0xFC, 0x54, 0xE0,
    0xA4, 0xD6, 0x92, 0xF2, 0xE4, 0x4D, 0xF2, 0x10, 0xF4, 0xA4, 0x60, 0x3F, 0x6F, 0xF3, 0xBB, 0x48,
    0x3D, 0xED, 0xDD, 0x74, 0xA3, 0x2A, 0x99, 0xA4, 0x1A, 0x25, 0xB9, 0xE7, 0xA1, 0xCF, 0x38, 0xCE,
    0x83, 0xFE, 0x44, 0x26, 0xA4, 0x85, 0xA5, 0x18, 0x64, 0x4E, 0xB6, 0x43, 0x9C, 0xEB, 0xB8, 0xDF,
    0x11, 0x2A, 0x99, 0x29, 0x57, 0x39, 0x80, 0x71, 0x42, 0xC0, 0xAB, 0x72, 0x0A, 0x79, 0x2F, 0x6B,
    0x39, 0xC6, 0x83, 0x72, 0x23, 0x33, 0x38, 0x62, 0x0A, 0x52, 0x0B, 0x55, 0x17, 0x7C, 0x01, 0x4A,
    0x6C, 0xB9, 0x8C, 0x2C, 0xA3, 0x2A, 0x01, 0x13, 0x8D, 0x9C, 0x00, 0x2C, 0x31, 0x2E, 0x2F, 0xF2,
    0x14, 0x7F, 0xD1, 0x8F, 0xFC, 0xAE, 0x1D, 0xC4, 0x6B, 0xF8, 0x82, 0x81, 0x58, 0xC0, 0x59, 0x06,
    0x35, 0x93, 0x58, 0xE4, 0x6E, 0x9E, 0x97, 0x95, 0xAF, 0xCA, 0x6A, 0x9E, 0x07, 0xF9, 0xF7, 0xAC,
    0xFF, 0xE6, 0x6E, 0x0E, 0x4A, 0x27, 0xFF, 0x4A, 0x42, 0xFC, 0x7D, 0x5C, 0x94, 0x7E, 0xE6, 0xBF,
    0x1F, 0x40, 0x8F, 0x31, 0x51, 0x6F, 0xBC, 0xAD, 0xBD, 0x2B, 0xC7, 0xE2, 0x33, 0xF9, 0x2F, 0x54,
    0x4C, 0x24, 0xDB, 0xB2, 0x81, 0xC3, 0xC5, 0x87, 0xB9, 0xFA, 0x05, 0x68, 0x0C, 0xDA, 0xC9, 0x82,
    0x9C, 0xC1, 0x5A, 0xA8, 0xA2, 0xE3, 0x85, 0xE5, 0x56, 0xE1, 0xF0, 0x3A, 0x87, 0x22, 0x52, 0x4D,
    0xB9, 0x16, 0xDA, 0x50, 0x80, 0x18, 0x9F, 0x47, 0xD0, 0xBA, 0x8A, 0xB8, 0x8E, 0x02, 0xD4, 0x44,
    0x5A, 0xC8, 0x2A, 0x2A, 0x71, 0x77, 0x0A, 0x71, 0x6F, 0x96, 0xDC, 0xAB, 0xA0, 0x08, 0xD4, 0x04,
    0xB6, 0x5C, 0x89, 0x3D, 0x0E, 0x5F, 0x25, 0x8C, 0x05, 0xD7, 0x0D, 0x6A, 0x5A, 0xAA, 0x1D, 0xFC,
    0x89, 0x31, 0x98, 0xC4, 0x85, 0x39, 0x20, 0xE8, 0x21, 0x36, 0xB2, 0x8A, 0x60, 0x36, 0x94, 0x95,
    0xDC, 0x28, 0x4E, 0x4E, 0xC1, 0x2A, 0x1F, 0x3F, 0xB8, 0xE1, 0x79, 0x44, 0x62, 0x91, 0x1B, 0x76,
    0x8A, 0xEF, 0xED, 0x90, 0x18, 0x35, 0xD1, 0xEC, 0x21, 0x40, 0xE7, 0x46, 0x7B, 0x34, 0xAE, 0x0F,
    0x5B, 0xBD, 0x0C, 0x51, 0x16, 0x0C, 0x52, 0xD8, 0x0D, 0x1A, 0x3D, 0x3F, 0xE5, 0x0D, 0x8D, 0xF1,
    0x1A, 0xC0, 0xBA, 0x1A, 0xCE, 0x2F, 0x80, 0xB8, 0xF9, 0x4A, 0xD4, 0x56, 0xEE, 0x9B, 0xEE, 0x25,
    0x90, 0x15, 0x87, 0xC8, 0xB5, 0xB4, 0x2A, 0xE8, 0xC4, 0xD6, 0x0F, 0x91, 0x77, 0xAE, 0xBC, 0xBD,
    0x37, 0xCC, 0xE1, 0x52, 0x49, 0xBA, 0x81, 0x99, 0x7B, 0xB6, 0x80, 0x9A, 0x9A, 0x5D, 0xED, 0xCD,
    0xC3, 0xD5, 0x03, 0xEA, 0x51, 0x47, 0x37, 0xB2, 0x8B, 0x8D, 0xCD, 0x90, 0x53, 0x82, 0x25, 0x86,
    0x25, 0x42, 0xE4, 0xBC, 0xF5, 0x84, 0x4A, 0x5F, 0xDF, 0x1F, 0xE0, 0xF0, 0xF2, 0x5F, 0x6A, 0x2C,
    0xA7, 0xFF, 0x84, 0xC2, 0xC9, 0xC1, 0x91, 0x9B, 0x1F, 0x39, 0x95, 0x66, 0x66, 0xF5, 0x73, 0x44,
    0x42, 0x91, 0x15, 0xD1, 0x3F, 0x36, 0x5B, 0x4F, 0x21, 0x6F, 0xA7, 0xFD, 0xC1, 0xDD, 0x07, 0xE5,
    0x5A, 0x7A, 0xF5, 0xB6, 0x50, 0xA3, 0xD8, 0xF7, 0x31, 0xC8, 0xF0, 0xC1, 0x3D, 0x77, 0x50, 0x07,
    0x4F, 0xAD, 0xBD, 0x68, 0xE1, 0x21, 0x06, 0x80, 0x3E, 0xF5, 0x27, 0xD0, 0x29, 0xF7, 0xA9, 0xB5,
    0x9B, 0x76, 0x96, 0x21, 0xFC, 0x43, 0xD6, 0x01, 0xA2, 0x8B, 0xE5, 0x92, 0x59, 0x47, 0x14, 0x8F,
    0xCE, 0xA3, 0x85, 0x9A, 0xB9, 0xB6, 0xD1, 0xF6, 0x77, 0x76, 0x25, 0xEF, 0xB3, 0x5A, 0xC6, 0x98,
    0xEB, 0xE5, 0xD0, 0x9E, 0x46, 0x89, 0x9D, 0x01, 0x96, 0x94, 0xE2, 0xB6, 0xE1, 0xA2, 0xBC, 0x73,
    0x7D, 0xF0, 0x05, 0xD8, 0x81, 0x7C, 0xF6, 0x2C, 0x38, 0xCB, 0xF5, 0x7A, 0x10, 0x2E, 0x79, 0xE6,
    0x91, 0xB5, 0x61, 0x70, 0x27, 0x08, 0xFE, 0x00, 0xE7, 0xFC, 0x44, 0xFA, 0x9B, 0x89, 0x30, 0x54,
    0x99, 0x8B, 0x5D, 0xC6, 0xC3, 0x2F, 0x0B, 0x81, 0x8D, 0x70, 0x70, 0xF3, 0x26, 0x08, 0x78, 0xAB,
    0xD9, 0x1C, 0xF1, 0x96, 0x38, 0xE7, 0x85, 0x0E, 0xAE, 0xBD, 0x39, 0x42, 0xAA, 0xB5, 0x73, 0xD6,
    0x7A, 0x8B, 0x7D, 0xF0, 0xE6, 0x50, 0x67, 0x3E, 0x98, 0xC1, 0x09, 0x13, 0x38, 0x1F, 0x42, 0x19,
    0x37, 0x7B, 0xF0, 0xA1, 0x3F, 0x84, 0xFB, 0xDC, 0x78, 0x7D, 0x11, 0xB0, 0xD5, 0x43, 0x53, 0x72,
    0x37, 0xB6, 0xC3, 0x76, 0x1B, 0xCF, 0x81, 0x87, 0x2B, 0x63, 0xE8, 0x57, 0xE8, 0xE7, 0xD0, 0xEF,
    0xF0, 0x1C, 0xEA, 0xB8, 0x07, 0xE3, 0xF7, 0x6D, 0x20, 0x1C, 0x00, 0x20, 0xEE, 0x14, 0x1B, 0x67,
    0xFE, 0x47, 0x38, 0x03, 0x21, 0x1F, 0xAD, 0x79, 0x00, 0xE0, 0x84, 0x94, 0x27, 0x79, 0xE9, 0x3D,
    0x8B, 0x94, 0x28, 0xEE, 0xD0, 0x99, 0xB1, 0xE0, 0xB1, 0x7E, 0x1C, 0x2D, 0xF9, 0x6C, 0xE1, 0x4A,
    0xDC, 0x07, 0xBA, 0x6C, 0xB5, 0x58, 0x9D, 0x33, 0x61, 0x16, 0x2B, 0x10, 0x7F, 0x3D, 0x64, 0xB5,
    0x75, 0xF6, 0xE5, 0xA9, 0x23, 0x9F, 0xFA, 0xDD, 0xC8, 0xA7, 0x78, 0x6F, 0xE4, 0x53, 0xB9, 0x15,
    0xF9, 0x64, 0x5C, 0xCF, 0x6E, 0xE4, 0xD3, 0x9F, 0xF5, 0xAF, 0x43, 0x0F, 0x16, 0x23, 0xC7, 0xC1,
    0xA4, 0x8F, 0x69, 0x51, 0xE8, 0x04, 0x21, 0xF2, 0x29, 0x6E, 0x19, 0xF9, 0x14, 0xB7, 0x8C, 0x7C,
    0x02, 0x82, 0xCB, 0x5D, 0xCB, 0xC8, 0xA7, 0xB8, 0x1D, 0x62, 0xF7, 0x03, 0x79, 0x27, 0xA9, 0x57,
    0xB2, 0xAF, 0x07, 0xD0, 0xF4, 0xEF, 0xD0, 0xC3, 0xD9, 0x6F, 0x3A, 0x1E, 0x10, 0x3D, 0xCF, 0x4D,
    0xF5, 0xE5, 0xC2, 0xC8, 0x69, 0xA8, 0x77, 0xB9, 0xA2, 0x3D, 0xF9, 0x6F, 0xE9, 0x12, 0x80, 0x9E,
    0xC5, 0x5D, 0xF9, 0x29, 0x6C, 0x19, 0xD9, 0x2D, 0x11, 0x60, 0x9B, 0xEC, 0x0F, 0xE0, 0x41, 0x9F,
    0x7D, 0x17, 0x47, 0x60, 0xF6, 0x2A, 0x96, 0x41, 0x96, 0x63, 0xB1, 0x65, 0xB9, 0xBA, 0xF4, 0x16,
    0x1B, 0x73, 0x42, 0x31, 0x69, 0xC5, 0x6C, 0xE9, 0x11, 0x36, 0x10, 0xC3, 0x7B, 0xD5, 0x46, 0x49,
    0xBF, 0x55, 0x06, 0x3E, 0x95, 0xBA, 0xC8, 0xEB, 0x62, 0xA9, 0xEE, 0xE6, 0xE4, 0xE8, 0x64, 0xA4,
    0xB2, 0x95, 0x3A, 0x95, 0xCF, 0xD7, 0xCA, 0x79, 0xA4, 0x1B, 0xDD, 0xE8, 0xEA, 0xE5, 0xE3, 0x97,
    0xEA, 0xFB, 0xEE, 0x21, 0x53, 0x33, 0xC0, 0x63, 0xD2, 0x85, 0x58, 0xDC, 0xE3, 0x78, 0xE9, 0x0F,
    0x5F, 0x3F, 0x3A, 0xB8, 0x8F, 0x38, 0xDA, 0xA4, 0x4E, 0x57, 0xC5, 0x0A, 0x3E, 0x02, 0xA9, 0x70,
    0xFD, 0xF0, 0x29, 0x4E, 0x57, 0x08, 0xB6, 0x92, 0xEA, 0x19, 0x2F, 0x50, 0x02, 0xC3, 0x5F, 0x7C,
    0x99, 0xAE, 0x64, 0x33, 0x21, 0xA4, 0x64, 0x35, 0xE9, 0x10, 0x41, 0x20, 0x18, 0xAE, 0x7C, 0x53,
    0xA3, 0x4E, 0x3D, 0x51, 0xA2, 0x34, 0x27, 0x55, 0x7A, 0x04, 0x6F, 0x4A, 0xA0, 0xF7, 0xB9, 0xB1,
    0x4B, 0x61, 0x49, 0x60, 0xC8, 0x87, 0xEE, 0x47, 0x28, 0xED, 0x0C, 0x68, 0xD2, 0x52, 0x3F, 0xF5,
    0x5A, 0x3B, 0xA1, 0xB9, 0xA9, 0x97, 0x3D, 0x83, 0xD9, 0x7F, 0xBF, 0x37, 0xFE, 0x51, 0x2E, 0x99,
    0xFF, 0xAA, 0x2B, 0x73, 0x99, 0xCF, 0x8F, 0x45, 0x78, 0x15, 0xC1, 0xE1, 0xAD, 0x06, 0xA8, 0xFC,
    0x6E, 0x83, 0x58, 0x71, 0x1F, 0x83, 0x21, 0xF9, 0x59, 0x2F, 0xA8, 0x2E, 0x3E, 0xEE, 0xE2, 0x66,
    0xDA, 0x4E, 0x94, 0xDD, 0x8C, 0xCC, 0xA3, 0x49, 0x99, 0x50, 0x57, 0xDC, 0x5F, 0xBC, 0xA6, 0xE1,
    0x53, 0x53, 0x7A, 0x8E, 0x32, 0x5A, 0x8E, 0x46, 0xF4, 0xC1, 0xB5, 0xC4, 0xE2, 0x67, 0x9C, 0x37,
    0x0F, 0xEC, 0x8F, 0x34, 0x01, 0xC0, 0xFF, 0x6C, 0x75, 0xE9, 0xD7, 0x4C, 0x0A, 0xA0, 0x0E, 0x41,
    0xE6, 0xF4, 0xC0, 0xF8, 0xAC, 0x44, 0x08, 0xC4, 0x3B, 0x65, 0x8D, 0x40, 0x75, 0x97, 0xC0, 0x88,
    0xEF, 0x55, 0xCC, 0xF6, 0x6A, 0xCD, 0xF7, 0xEA, 0xF0, 0xF8, 0x78, 0x88, 0xCF, 0x40, 0xA1, 0x5B,
    0xED, 0xFB, 0x60, 0xFE, 0xEE, 0xDF, 0xA0, 0x37, 0x04, 0x38, 0x91, 0x84, 0xEE, 0xAF, 0xB3, 0x06,
    0x3E, 0xAC, 0xE6, 0xF8, 0xDA, 0x53, 0x6A, 0xA7, 0x95, 0x68, 0xAE, 0x9E, 0x07, 0xB8, 0x97, 0x91,
    0x0E, 0x75, 0xDA, 0xBF, 0x2B, 0x0C, 0xF0, 0x7C, 0x33, 0xAB, 0xA7, 0x1D, 0x34, 0xE1, 0x30, 0x2B,
    0x41, 0x07, 0x72, 0x1A, 0x54, 0x0A, 0x45, 0xB7, 0x6B, 0x75, 0x02, 0xD1, 0x90, 0xEA, 0x44, 0xF7,
    0x23, 0x1D, 0x7C, 0x18, 0x90, 0xA6, 0x81, 0x1F, 0x2A, 0x70, 0xB8, 0xE0, 0x9F, 0xE1, 0x2C, 0xDA,
    0x49, 0x7D, 0x33, 0x57, 0x93, 0x2E, 0x84, 0x8B, 0x4F, 0xCD, 0x85, 0x24, 0x69, 0x2C, 0xD4, 0x42,
    0xBA, 0x6E, 0xE1, 0x12, 0x6A, 0xE8, 0x0A, 0x1E, 0x47, 0xCB, 0x21, 0x98, 0xBC, 0xCF, 0x87, 0x60,
    0xF2, 0x66, 0x28, 0xF5, 0xF0, 0x64, 0xF3, 0x47, 0xAF, 0x1F, 0xBD, 0x01, 0x35, 0x48, 0xC4, 0x0C,
    0x0F, 0x08, 0x42, 0x99, 0x90, 0x13, 0x84, 0x27, 0x8C, 0xAA, 0x11, 0x11, 0xCC, 0x70, 0xBC, 0x94,
    0x3E, 0x55, 0x49, 0x15, 0x53, 0x4A, 0x1E, 0x8B, 0x20, 0x3C, 0x65, 0xA4, 0x08, 0xE0, 0x75, 0x8F,
    0x16, 0x60, 0xE3, 0x97, 0x20, 0x70, 0x74, 0xB3, 0x50, 0x2B, 0x28, 0x05, 0xAC, 0x1E, 0xA6, 0x70,
    0xD0, 0x60, 0x55, 0xFF, 0xE3, 0xEC, 0xFD, 0x79, 0xCD, 0x53, 0x79, 0x51, 0x7C, 0xFE, 0xC0, 0x05,
    0x59, 0x69, 0x1D, 0x0A, 0x6D, 0x28, 0x40, 0x4C, 0x88, 0xFD, 0x77, 0xBB, 0x29, 0x48, 0xF3, 0xA4,
    0x91, 0x6A, 0xC0, 0xED, 0xCF, 0x36, 0xB1, 0xDA, 0x2E, 0x13, 0x14, 0x64, 0x3B, 0x9C, 0xA1, 0x20,
    0xC4, 0x10, 0x1E, 0x11, 0xD0, 0x65, 0xCD, 0x7F, 0xB1, 0x36, 0x53, 0x83, 0x7A, 0x53, 0xFD, 0xF1,
    0x36, 0xEB, 0x9D, 0x82, 0x2C, 0xA6, 0x4C, 0x6A, 0x80, 0x07, 0x7B, 0x81, 0x7C, 0x03, 0x77, 0xB7,
    0x9A, 0x28, 0xA2, 0x5D, 0xC0, 0x1A, 0x48, 0xEC, 0xE7, 0x0C, 0x52, 0x5D, 0xBB, 0x10, 0x81, 0xB2,
    0x02, 0x7B, 0xD0, 0x04, 0x26, 0xD9, 0x6C, 0xFC, 0xB9, 0xD3, 0x1C, 0x2A, 0x23, 0x88, 0xD4, 0x19,
    0xC0, 0xB9, 0x2B, 0x65, 0x87, 0x03, 0xB1, 0xC1, 0x88, 0xCA, 0x38, 0xC2, 0x7D, 0x59, 0xB7, 0x63,
    0x1E, 0x58, 0x71, 0x1E, 0x62, 0x0C, 0x68, 0xA5, 0x7B, 0xF1, 0x94, 0x06, 0x97, 0xF7, 0xA0, 0x65,
    0xB9, 0x1D, 0xFD, 0xD8, 0x4D, 0x1A, 0x08, 0x3B, 0x3D, 0x22, 0xDF, 0xE9, 0xF3, 0x9D, 0x50, 0x16,
    0xFB, 0xF1, 0xEE, 0xB3, 0xA9, 0x5B, 0xC9, 0x1A, 0xA0, 0x91, 0x67, 0x3B, 0xA0, 0x73, 0x42, 0xAF,
    0x1A, 0x81, 0x90, 0x9B, 0xA5, 0xB3, 0x98, 0x34, 0x3B, 0x83, 0xB8, 0x1C, 0xA5, 0x29, 0xBD, 0x38,
    0x3A, 0xA9, 0x6A, 0xBA, 0xF2, 0x46, 0xAF, 0x1E, 0x52, 0x09, 0xEE, 0xC8, 0xB0, 0x6A, 0xD5, 0x95,
    0x8B, 0x67, 0x6E, 0x1E, 0xF8, 0xBB, 0x4C, 0x53, 0x95, 0xF0, 0x69, 0xF3, 0xC1, 0x37, 0x31, 0x52,
    0x9F, 0xEF, 0xA7, 0x43, 0x79, 0xA4, 0xBE, 0xE2, 0x6A, 0x90, 0x20, 0x13, 0xDB, 0x90, 0x97, 0x85,
    0x11, 0x2A, 0x82, 0x93, 0x5B, 0x02, 0x5B, 0x7C, 0x59, 0x4D, 0xFD, 0x67, 0xFE, 0x00, 0x2E, 0x54,
    0x7B, 0x7D, 0xC5, 0xA3, 0xDE, 0x3D, 0x11, 0x9A, 0xB4, 0xA7, 0x21, 0x59, 0xB3, 0x2D, 0x17, 0xE1,
    0xB3, 0x40, 0x59, 0x75, 0x02, 0x41, 0xA5, 0x0C, 0xFF, 0x83, 0x25, 0x02, 0x02, 0xC0, 0x08, 0x74,
    0x72, 0x9E, 0xC8, 0x58, 0xF8, 0xBF, 0xE9, 0x4A, 0xD5, 0x74, 0x60, 0x0E, 0x95, 0xF5, 0xC4, 0x1C,
    0xDD, 0x7B, 0x78, 0x77, 0x1F, 0x8E, 0xCE, 0x1C, 0xF7, 0xB3, 0xD1, 0x5C, 0x1F, 0x67, 0x88, 0xFB,
    0xF1, 0x21, 0x12, 0x79, 0x1B, 0x1D, 0x2E, 0x16, 0x0B, 0xFF, 0x38, 0x71, 0x3F, 0x9D, 0xC5, 0xFD,
    0x2C, 0x35, 0xEE, 0xE7, 0x8B, 0x83, 0xD3, 0xE2, 0x7E, 0x1E, 0xCF, 0xEB, 0xE0, 0x6E, 0x3D, 0xF1,
    0x3C, 0x07, 0x14, 0xAC, 0xAF, 0x7E, 0x71, 0x66, 0xAF, 0x03, 0x6E, 0xD2, 0xE9, 0x86, 0xAE, 0x8D,
    0xF3, 0x0D, 0x0D, 0x15, 0xC5, 0x46, 0xE3, 0xD3, 0x57, 0x53, 0x8D, 0x56, 0xC7, 0xC1, 0x30, 0xE9,
    0x35, 0x92, 0x5D, 0x83, 0x4F, 0xD5, 0x99, 0x8F, 0xDC, 0x73, 0x49, 0xD5, 0x81, 0x63, 0x42, 0x18,
    0x6A, 0x03, 0x2C, 0xE4, 0x18, 0xCF, 0x9F, 0xAA, 0x92, 0x03, 0x4C, 0x4F, 0x3E, 0x70, 0x93, 0xF0,
    0x82, 0x65, 0x4C, 0x02, 0x39, 0x4D, 0xE3, 0x3B, 0x85, 0x19, 0xA5, 0x8E, 0xC1, 0x2B, 0x6B, 0x5A,
    0xBE, 0xBB, 0x51, 0xB6, 0x75, 0xAD, 0x8A, 0xB9, 0x4A, 0x49, 0x42, 0xB5, 0xC3, 0xE0, 0x5A, 0x42,
    0x19, 0x17, 0xA2, 0x9C, 0x79, 0x42, 0xAD, 0xA1, 0x0D, 0xF7, 0xB0, 0xE5, 0x4E, 0xFB, 0x6B, 0xC8,
    0xB6, 0x55, 0xDB, 0x99, 0x80, 0x49, 0x58, 0xD3, 0x8D, 0x74, 0x15, 0xA6, 0xC7, 0x9B, 0xEE, 0x51,
    0xD9, 0x47, 0x56, 0xF4, 0x33, 0xB2, 0x95, 0x9F, 0x90, 0xC5, 0xFC, 0x3F, 0xA4, 0xA6, 0xD4, 0x3E,
    0x4C, 0x8D, 0x0D, 0x55, 0x96, 0x74, 0x35, 0xA6, 0x19, 0x52, 0x6D, 0x6C, 0x55, 0x6A, 0xDE, 0x19,
    0x8A, 0x5E, 0xB3, 0x9A, 0x19, 0x3D, 0xE4, 0xB0, 0x27, 0x1B, 0xDB, 0x31, 0x31, 0x99, 0x2B, 0x26,
    0x27, 0x52, 0x7D, 0x7D, 0x1D, 0x46, 0x9E, 0x1C, 0xAF, 0x50, 0x32, 0x68, 0xB0, 0x62, 0xB2, 0x37,
    0xAE, 0x87, 0xC2, 0xDE, 0x65, 0xB4, 0xC4, 0xCC, 0xDF, 0x6C, 0x4F, 0x6A, 0x8B, 0xBE, 0xC2, 0x99,
    0xB2, 0xBD, 0xE5, 0xB6, 0x5C, 0x9A, 0x2D, 0x0B, 0x98, 0x1F, 0xFC, 0xC5, 0x94, 0x4E, 0x28, 0x35,
    0xB1, 0xF8, 0x3C, 0x67, 0xC7, 0x4C, 0x6A, 0x37, 0xD8, 0x6E, 0x1E, 0x66, 0x71, 0x42, 0xF6, 0x8B,
    0x3C, 0xA4, 0xD3, 0x18, 0x6F, 0x7A, 0xD0, 0x98, 0xE0, 0x89, 0x20, 0x22, 0x52, 0x06, 0x8A, 0x74,
    0x46, 0x2C, 0x64, 0x20, 0xD2, 0x50, 0x4E, 0x37, 0xA6, 0xFC, 0x82, 0xA2, 0x71, 0x63, 0x0F, 0x08,
    0xC5, 0x61, 0x3D, 0xC6, 0x16, 0xD2, 0x2F, 0xC1, 0xCA, 0x64, 0x56, 0xAC, 0xCE, 0xB8, 0x13, 0xCA,
    0x6E, 0x6D, 0x69, 0x40, 0xA8, 0xF6, 0x41, 0xCB, 0x96, 0x71, 0xA0, 0xF8, 0xC3, 0x21, 0xC4, 0xD1,
    0x65, 0x6F, 0x0F, 0xD4, 0x8F, 0xDC, 0x45, 0x78, 0xC6, 0xF4, 0xEE, 0x6A, 0x08, 0x44, 0x4C, 0x76,
    0xA8, 0xD2, 0x72, 0x18, 0x2B, 0x4E, 0xB9, 0x8D, 0xE1, 0xC4, 0x8F, 0xB3, 0x1A, 0x6F, 0x65, 0xAC,
    0x99, 0x6C, 0xCD, 0xF8, 0x74, 0x4B, 0x91, 0x99, 0x8C, 0x29, 0xD4, 0x5E, 0x2A, 0xC7, 0xBD, 0x90,
    0xF8, 0x6A, 0xEB, 0xCC, 0x1F, 0x13, 0xC4, 0xCC, 0x9B, 0xE0, 0x17, 0x84, 0x1B, 0xB1, 0xB8, 0x7D,
    0xCF, 0x40, 0x30, 0xA8, 0x25, 0x84, 0x80, 0x61, 0x83, 0x94, 0xB4, 0x42, 0xAE, 0xC9, 0xB7, 0xE6,
    0x24, 0x70, 0x74, 0xDB, 0x70, 0x24, 0x78, 0x64, 0xCE, 0x69, 0x8F, 0xE9, 0xE0, 0x83, 0x4C, 0xF9,
    0x32, 0xEE, 0xC3, 0x31, 0x87, 0xF3, 0x50, 0x38, 0xE8, 0x86, 0x45, 0xB8, 0x5F, 0x73, 0xDC, 0x79,
    0xF3, 0x5A, 0x8B, 0x38, 0xA2, 0x36, 0xAA, 0xE8, 0x30, 0x4D, 0x93, 0xD5, 0x20, 0x52, 0xE4, 0xD2,
    0xEA, 0xA5, 0x77, 0x9C, 0xB6, 0x16, 0x33, 0x8A, 0xB1, 0x23, 0x6B, 0x05, 0x29, 0x91, 0x3D, 0x53,
    0x01, 0x32, 0xB2, 0xEC, 0x25, 0x1A, 0x05, 0xCC, 0x78, 0xAE, 0x3A, 0x10, 0x78, 0x75, 0x29, 0xB7,
    0x47, 0x5E, 0xEF, 0x6C, 0x93, 0xE3, 0xC1, 0x1B, 0x21, 0xE2, 0x10, 0x3F, 0xFF, 0x7E, 0x1C, 0x7C,
    0x3F, 0x8C, 0x7D, 0x34, 0xAE, 0xE7, 0x48, 0xA5, 0xFF, 0x21, 0xE7, 0xDA, 0xDA, 0xB4, 0x40, 0x31,
    0xDC, 0xE4, 0xF3, 0x19, 0xF3, 0x73, 0x80, 0xD2, 0x64, 0x6B, 0xB4, 0x4F, 0x71, 0x55, 0xC6, 0x19,
    0xCB, 0x28, 0xBA, 0x76, 0x6A, 0x04, 0xE4, 0x76, 0xEC, 0x63, 0xBE, 0xA5, 0x80, 0xC5, 0x82, 0x69,
    0xB0, 0xD4, 0x92, 0x86, 0x8B, 0x0A, 0xEE, 0x57, 0x22, 0x41, 0x4F, 0x84, 0x8A, 0xC1, 0x16, 0xEF,
    0xFD, 0x97, 0x64, 0x14, 0xDF, 0x86, 0xE5, 0xBB, 0xC3, 0x14, 0x5E, 0xC9, 0x95, 0xE4, 0x0C, 0x70,
    0xB0, 0x85, 0x3A, 0xB5, 0x85, 0x7E, 0x26, 0xE2, 0x50, 0xA7, 0x34, 0x31, 0xA9, 0x19, 0x04, 0xFD,
    0x08, 0xF7, 0xAF, 0x2A, 0x0C, 0x9F, 0x5A, 0xCE, 0xC8, 0x72, 0xA2, 0xA7, 0x31, 0xB9, 0x89, 0x52,
    0x5D, 0x75, 0x96, 0x61, 0x08, 0x1F, 0xE1, 0x8C, 0x46, 0xFF, 0x70, 0x12, 0x31, 0xA1, 0xE0, 0x2F,
    0x21, 0xBB, 0x64, 0xB2, 0xCA, 0xC0, 0xC8, 0x7E, 0x88, 0x0A, 0xC9, 0x2B, 0x35, 0x41, 0xDF, 0x92,
    0x60, 0x68, 0xD3, 0xBB, 0x48, 0xFB, 0xF5, 0x6A, 0xFF, 0x6D, 0x57, 0xB8, 0x7F, 0x96, 0xC1, 0x19,
    0xB5, 0xF8, 0x1F, 0x08, 0xD5, 0x03, 0x11, 0x8A, 0x74, 0x96, 0x35, 0xA9, 0x21, 0xB2, 0x04, 0x40,
    0xC5, 0xD0, 0x22, 0xD1, 0x59, 0xE3, 0xFE, 0x52, 0xD5, 0xFD, 0x3C, 0x20, 0x52, 0x9D, 0x66, 0x34,
    0x3B, 0x1D, 0x6D, 0x9B, 0x96, 0x3A, 0xE9, 0xCA, 0xB0, 0xD1, 0x44, 0x58, 0x2E, 0x7D, 0x9D, 0xF5,
    0x79, 0x9B, 0xDD, 0x76, 0x1F, 0x14, 0x79, 0xE1, 0x32, 0x97, 0x2E, 0x67, 0x55, 0x8C, 0x27, 0xAC,
    0xF0, 0x6F, 0x9E, 0x7F, 0xC7, 0xFD, 0xE3, 0xB0, 0xFF, 0x64, 0x5C, 0xE1, 0x6D, 0xFE, 0x6F, 0xE5,
    0xA6, 0x3F, 0x31, 0x05, 0x51, 0x88, 0xD7, 0x31, 0xB5, 0x38, 0x2F, 0xAB, 0xC2, 0x22, 0x8C, 0xF2,
    0x6B, 0xC7, 0x0E, 0x29, 0xDA, 0x8B, 0xB8, 0xBF, 0xB9, 0x7E, 0xA9, 0x56, 0xAA, 0x7F, 0x0F, 0x5F,
    0x4C, 0xA4, 0xC7, 0xEF, 0x7D, 0x43, 0x4A, 0xDF, 0x8C, 0x96, 0xEE, 0xF1, 0x7F, 0x5E, 0xB4, 0x88,
    0xCD, 0xC6, 0xA5, 0xBD, 0xED, 0x7E, 0xF7, 0x1D, 0xCD, 0x99, 0xF7, 0x4A, 0x92, 0xFF, 0x8B, 0x19,
    0x4B, 0xBF, 0x3F, 0x7D, 0x92, 0xAA, 0xF7, 0xF5, 0xBE, 0x6C, 0xC3, 0x01, 0x56, 0x7F, 0x07, 0x13,
    0x32, 0x95, 0xDE, 0xDF, 0xFE, 0xA6, 0x94, 0x7E, 0x37, 0x3E, 0xDE, 0xC4, 0xBF, 0xC9, 0x87, 0xD1,
    0x0E, 0x23, 0x34, 0xF9, 0xE5, 0x66, 0x18, 0xAB, 0xFF, 0x18, 0xAE, 0xFB, 0x87, 0xA1, 0xF0, 0xCF,
    0x43, 0xE1, 0xF7, 0x43, 0xE1, 0x4F, 0x42, 0xE1, 0xA7, 0x84, 0x7F, 0x1F, 0x3E, 0xCA, 0xA4, 0x76,
    0x2E, 0x92, 0xC5, 0xF5, 0x6D, 0x99, 0xF3, 0xCA, 0x64, 0xB1, 0x09, 0xC5, 0x0F, 0x64, 0x88, 0xD9,
    0x04, 0x39, 0x05, 0x85, 0x6F, 0xE3, 0xEA, 0xC7, 0x78, 0x76, 0xB3, 0xCD, 0xFC, 0x27, 0xD8, 0x38,
    0xF9, 0xF7, 0x3D, 0x75, 0x82, 0x40, 0x6E, 0xAA, 0xDF, 0xD2, 0x4B, 0x7E, 0xEB, 0xEC, 0xB5, 0xFD,
    0x3D, 0x80, 0xBF, 0x94, 0xDF, 0xEF, 0x04, 0x82, 0x9E, 0x0D, 0x1B, 0x4C, 0x06, 0x47, 0xF6, 0xC1,
    0xF7, 0xF9, 0x04, 0xFF, 0x08, 0x4F, 0x3A, 0xD1, 0x95, 0xFB, 0x81, 0x8B, 0xB4, 0x30, 0x10, 0xA1,
    0xCD, 0xF1, 0x42, 0xA4, 0x54, 0x4D, 0xF3, 0x6C, 0x58, 0xA2, 0x0D, 0xCB, 0xB4, 0x61, 0xA9, 0x36,
    0x42, 0xAE, 0x8D, 0x53, 0x92, 0x6D, 0x8C, 0x09, 0x37, 0x9C, 0x66, 0xDC, 0xD0, 0x64, 0x0C, 0x44,
    0xB1, 0xA2, 0x89, 0xA2, 0x44, 0x51, 0xFA, 0x25, 0x51, 0xF6, 0x29, 0x51, 0xF9, 0xF3, 0xDA, 0x69,
    0xE6, 0x0D, 0xA7, 0xA9, 0x37, 0x9C, 0xE6, 0xDE, 0x70, 0x9A, 0x7C, 0xC3, 0x69, 0xF6, 0x0D, 0xA7,
    0xE9, 0x37, 0x9C, 0xE6, 0xDF, 0x70, 0x9A, 0x80, 0xC3, 0x69, 0x06, 0x0E, 0xA7, 0x29, 0x38, 0x2C,
    0x23, 0x83, 0xD3, 0x24, 0x1C, 0x4E, 0xB3, 0x70, 0x38, 0x4D, 0xC3, 0xE1, 0x34, 0x0F, 0x07, 0x29,
    0x7F, 0xD2, 0xE5, 0xCC, 0xC4, 0xE1, 0x57, 0x5E, 0x1D, 0x08, 0xF5, 0x70, 0x5D, 0x6E, 0x07, 0xCE,
    0xED, 0x44, 0x47, 0x45, 0x4A, 0xCC, 0xE3, 0x51, 0x98, 0xA1, 0x83, 0xBB, 0x7A, 0xB8, 0xAB, 0x8B,
    0xBB, 0xFA, 0xB8, 0x9B, 0x62, 0x77, 0x8F, 0x97, 0xFB, 0x60, 0x32, 0x74, 0xE6, 0x22, 0x0E, 0xA3,
    0x21, 0x1D, 0x75, 0x36, 0x54, 0x50, 0x00, 0x4E, 0x09, 0x13, 0xC2, 0xF9, 0x5D, 0x5A, 0x35, 0x7F,
    0x08, 0x48, 0x75, 0x1F, 0x8C, 0x87, 0x8E, 0xD6, 0x43, 0x47, 0xF3, 0xA1, 0xA3, 0xFD, 0xD0, 0xD1,
    0x80, 0xE8, 0x68, 0x41, 0x74, 0x34, 0x21, 0x82, 0x0A, 0x26, 0x0F, 0x72, 0x18, 0x11, 0x7D, 0x05,
    0x2B, 0x22, 0xED, 0xBF, 0xC6, 0x23, 0x96, 0xE3, 0x43, 0xA9, 0xE4, 0xA9, 0x2C, 0x82, 0x32, 0x07,
    0x60, 0x0D, 0xBF, 0x0E, 0xD6, 0x98, 0x97, 0xF3, 0x8B, 0x6B, 0x81, 0x31, 0xD0, 0x6F, 0xA7, 0x63,
    0xC8, 0x91, 0x8E, 0x21, 0x47, 0x3A, 0x86, 0x9C, 0x21, 0xED, 0xD4, 0x47, 0x18, 0xE8, 0x84, 0x95,
    0x44, 0x29, 0xBD, 0x25, 0x20, 0xF9, 0x79, 0x0B, 0x2E, 0x01, 0x09, 0x6A, 0xB6, 0x22, 0x02, 0x2D,
    0x25, 0xD3, 0xE1, 0x22, 0xAD, 0x50, 0xCB, 0x0A, 0xB7, 0x99, 0x9A, 0xE8, 0xA1, 0x60, 0xCB, 0xDD,
    0xFC, 0x87, 0x0C, 0x4B, 0x7A, 0xA8, 0xBB, 0x79, 0xA5, 0x9E, 0xE6, 0xB1, 0x95, 0xEC, 0xB3, 0x3F,
    0x68, 0x8B, 0xD5, 0xF4, 0xBF, 0xB5, 0xC5, 0x46, 0x58, 0x8A, 0xA2, 0x85, 0xF1, 0xDB, 0xBF, 0xE3,
    0x57, 0xC5, 0x5D, 0x38, 0x1D, 0xFC, 0x15, 0x4E, 0xCA, 0xAA, 0xFC, 0x55, 0x23, 0xD7, 0x45, 0x1B,
    0xCC, 0xA2, 0xCA, 0xE0, 0xA7, 0x82, 0x53, 0xB9, 0x88, 0x8B, 0x95, 0xD8, 0x17, 0xD2, 0xD4, 0xEE,
    0xEF, 0x73, 0xF1, 0x7B, 0x1A, 0x75, 0xEF, 0x03, 0xC4, 0x73, 0xBB, 0x33, 0x45, 0xC2, 0x8F, 0xF0,
    0xCA, 0x60, 0xDA, 0xDA, 0x85, 0x8F, 0x5B, 0xCF, 0x69, 0x10, 0x2A, 0xFC, 0xE1, 0xB7, 0x5B, 0x2C,
    0x34, 0x9F, 0xC4, 0xEE, 0x6F, 0xA9, 0x8B, 0x94, 0xBF, 0xFB, 0xBE, 0x3F, 0xFE, 0xFB, 0xC4, 0xF3,
    0x8D, 0x8C, 0x24, 0x33, 0x28, 0xBA, 0xAD, 0x45, 0xD9, 0x20, 0x9D, 0x48, 0x51, 0x42, 0x22, 0x92,
    0x56, 0x06, 0x70, 0xDA, 0x41, 0xD3, 0xD4, 0xCB, 0x16, 0x8E, 0x7B, 0x64, 0xD0, 0xF2, 0xB4, 0x21,
    0xED, 0xE4, 0xB8, 0x83, 0xB1, 0x53, 0xD8, 0x42, 0xEF, 0x98, 0x15, 0x4F, 0xDD, 0x2F, 0x7B, 0x75,
    0x7E, 0x2B, 0xA8, 0xA5, 0x1E, 0x81, 0x4C, 0xF4, 0xC3, 0x58, 0x56, 0xA1, 0x29, 0xB2, 0xB9, 0x2A,
    0xC4, 0x72, 0xD4, 0x16, 0x06, 0xD4, 0x40, 0x07, 0xBD, 0x86, 0x47, 0xB7, 0x90, 0x06, 0x18, 0x14,
    0xB3, 0x6A, 0x0F, 0x58, 0xDA, 0x21, 0x04, 0x6A, 0x17, 0x81, 0x6F, 0x98, 0x82, 0x00, 0x4D, 0xD1,
    0x95, 0xE9, 0x11, 0x13, 0x39, 0x68, 0xFE, 0x34, 0x37, 0x24, 0x50, 0x73, 0x43, 0x06, 0x35, 0x37,
    0xA4, 0x50, 0x1B, 0x33, 0x94, 0x6D, 0x25, 0x51, 0x1B, 0xB3, 0xA8, 0x8D, 0x69, 0xD4, 0xC6, 0x3C,
    0x6A, 0x63, 0x22, 0xB5, 0x31, 0x93, 0xDA, 0x56, 0x2A, 0xB5, 0x31, 0x97, 0xDA, 0x98, 0x4C, 0x6D,
    0xC8, 0xA6, 0x36, 0xA6, 0x53, 0x1B, 0xF3, 0xA9, 0x8D, 0x09, 0xD5, 0xC6, 0x8C, 0x6A, 0x63, 0x4A,
    0xB5, 0x31, 0xA7, 0xDA, 0x90, 0x54, 0x6D, 0xAB, 0xCF, 0x43, 0x5A, 0xB5, 0xE1, 0xD9, 0xEE, 0xE7,
    0x21, 0xB1, 0x9A, 0xAF, 0x42, 0x66, 0x35, 0xB8, 0xD1, 0x69, 0x6A, 0xB5, 0x51, 0x5C, 0xCD, 0x9E,
    0xA0, 0x74, 0xB1, 0x22, 0x05, 0xBB, 0xEB, 0xDA, 0xBE, 0x6F, 0x2C, 0x52, 0xB0, 0xB1, 0x48, 0xC1,
    0x66, 0x57, 0x7C, 0x7F, 0x24, 0xAE, 0x2F, 0x52, 0xBE, 0x39, 0x63, 0xC3, 0x5F, 0xC9, 0x2D, 0x71,
    0x0A, 0x59, 0x6E, 0x65, 0xC0, 0xA3, 0x26, 0xD8, 0x95, 0x99, 0x1D, 0xFA, 0x9C, 0xA2, 0x21, 0x5D,
    0xCC, 0x19, 0xBA, 0x37, 0x28, 0x4D, 0x12, 0xE5, 0x7B, 0x0D, 0xB0, 0xD2, 0x59, 0x77, 0x31, 0xD3,
    0xFC, 0xF6, 0xD7, 0x39, 0x37, 0x9D, 0x1A, 0xC1, 0x69, 0x31, 0xEC, 0x46, 0x76, 0xEE, 0x74, 0xF8,
    0xDC, 0xBC, 0xE8, 0x16, 0xF4, 0xAE, 0x44, 0xCD, 0x3D, 0xDA, 0x18, 0xEC, 0x41, 0xFB, 0xC1, 0xD6,
    0x90, 0xE6, 0x43, 0xAE, 0x39, 0x1B, 0xD8, 0xD6, 0x32, 0xC3, 0x31, 0x53, 0x91, 0x30, 0xF6, 0x15,
    0xED, 0xDD, 0x15, 0x86, 0x37, 0xF9, 0x19, 0x46, 0x23, 0xF9, 0x18, 0x83, 0x93, 0xFC, 0x15, 0x06,
    0xEA, 0xDD, 0xCF, 0xF5, 0xB8, 0x50, 0x57, 0x87, 0x7A, 0xC8, 0x91, 0x9F, 0x7C, 0x8C, 0x89, 0x4B,
    0x3E, 0xE2, 0xF5, 0x60, 0x8B, 0x04, 0x96, 0x55, 0xA8, 0x93, 0xEA, 0x9D, 0x61, 0x12, 0x2D, 0xDF,
    0x5D, 0xAF, 0x1E, 0x05, 0xF9, 0xD0, 0x37, 0x99, 0x96, 0x82, 0x29, 0x74, 0xE0, 0xCA, 0x41, 0x8B,
    0x25, 0xB7, 0xA5, 0x9B, 0x2B, 0x0B, 0x2F, 0x23, 0x75, 0x6B, 0x85, 0xA1, 0xBA, 0xF5, 0x4B, 0x8C,
    0xCB, 0xAD, 0xBF, 0xC6, 0x10, 0xDD, 0xFA, 0x54, 0x99, 0xD2, 0xCD, 0x16, 0x84, 0x95, 0xF2, 0xD3,
    0xBF, 0xC1, 0xE7, 0xB7, 0x3E, 0x81, 0x85, 0xFF, 0x16, 0x38, 0x34, 0x81, 0xBA, 0xA9, 0x33, 0x1A,
    0x3C, 0xD3, 0xCD, 0x58, 0x3F, 0x89, 0x00, 0xDB, 0xA5, 0xDF, 0xAB, 0xD7, 0xE4, 0x20, 0x11, 0xDD,
    0x40, 0x99, 0xA4, 0x83, 0x49, 0x41, 0x42, 0xD2, 0x0E, 0xEE, 0x47, 0xC1, 0xC5, 0x5A, 0xB1, 0xE6,
    0x3F, 0xCE, 0x63, 0x53, 0x2A, 0x70, 0x3F, 0x08, 0xD6, 0x8C, 0xFD, 0x65, 0x9E, 0xA9, 0x36, 0x39,
    0x57, 0x1D, 0x51, 0x19, 0x22, 0x90, 0x2C, 0xBF, 0xCE, 0x80, 0x0F, 0x95, 0x9E, 0x96, 0x4C, 0x06,
    0x00, 0xAC, 0x2A, 0xD6, 0x32, 0x57, 0xF5, 0x6A, 0x99, 0x4F, 0xAC, 0x7E, 0xD5, 0x68, 0x49, 0xBB,
    0xE5, 0x4A, 0x31, 0x1B, 0xD8, 0x4A, 0x2A, 0x32, 0xED, 0x76, 0x93, 0x86, 0xB0, 0x83, 0xC0, 0xC5,
    0x1A, 0x71, 0x2F, 0xB3, 0x16, 0x30, 0xAD, 0x01, 0x8B, 0x35, 0x62, 0x60, 0x10, 0xA9, 0xB2, 0x89,
    0xE9, 0xB5, 0x81, 0xDD, 0x97, 0x6C, 0x98, 0x5E, 0x69, 0x93, 0x91, 0xD3, 0x52, 0x41, 0xCD, 0x6B,
    0x3C, 0x0C, 0x35, 0x07, 0x68, 0x3F, 0x79, 0x80, 0xD6, 0x19, 0x2E, 0x26, 0x10, 0x2D, 0x27, 0x4C,
    0x82, 0x85, 0x7A, 0x72, 0x97, 0x58, 0x9D, 0x3C, 0x28, 0x99, 0x05, 0x09, 0xE1, 0x0D, 0x9D, 0xE5,
    0xA2, 0x7B, 0xB6, 0x48, 0xCD, 0x65, 0xC7, 0x10, 0x13, 0xC3, 0x3D, 0x5D, 0xD5, 0x0F, 0x34, 0x49,
    0xBB, 0xE5, 0x7E, 0x1F, 0x90, 0x1B, 0x3D, 0x2D, 0x1F, 0x81, 0x86, 0x35, 0x76, 0x56, 0x88, 0xF0,
    0x5C, 0x13, 0xAF, 0x76, 0xE0, 0x23, 0xEF, 0x7D, 0xA0, 0x6E, 0xC6, 0xCB, 0x6D, 0x78, 0x96, 0x28,
    0xB7, 0x90, 0x71, 0x7E, 0x79, 0x4A, 0xE1, 0x01, 0xD2, 0xD0, 0x06, 0x55, 0xE2, 0xD3, 0x16, 0xCC,
    0xAC, 0xB9, 0xAF, 0xA0, 0xB3, 0xE5, 0x9E, 0x5D, 0x5B, 0x67, 0x28, 0x70, 0x94, 0xBA, 0xE3, 0xF0,
    0xC1, 0xF5, 0x67, 0x3F, 0x3B, 0xFB, 0xE0, 0xF0, 0xEC, 0xFB, 0x4B, 0x61, 0x40, 0x9E, 0xE9, 0x9B,
    0x0F, 0xAE, 0x58, 0x5A, 0xA1, 0xF4, 0x37, 0xBE, 0x77, 0xC3, 0xDB, 0x06, 0x56, 0x43, 0xA9, 0xB1,
    0x12, 0xDE, 0x37, 0xE3, 0xD5, 0x5D, 0xC1, 0x92, 0x95, 0xF1, 0x58, 0xCD, 0x4F, 0xBE, 0x03, 0xA1,
    0xA8, 0x4E, 0xBE, 0xE5, 0x20, 0xDB, 0xF3, 0x6D, 0x19, 0xDE, 0x9F, 0x10, 0x0D, 0xB5, 0x4C, 0x43,
    0xEE, 0x4C, 0xBC, 0x85, 0x46, 0x4B, 0xE1, 0x3D, 0x34, 0xE3, 0x9B, 0x68, 0xF4, 0x5D, 0x34, 0x85,
    0xA5, 0xDF, 0x39, 0x81, 0xE1, 0x6B, 0xAC, 0x82, 0x6C, 0x7A, 0x56, 0xEC, 0xD5, 0xB5, 0x8B, 0x8E,
    0x14, 0x8A, 0x69, 0xA5, 0x4E, 0x1F, 0xBC, 0xE1, 0x57, 0x7A, 0x5D, 0xB1, 0x51, 0x4C, 0x1B, 0x40,
    0xBA, 0xA6, 0x6B, 0x02, 0x30, 0x85, 0xF2, 0x87, 0xE0, 0x59, 0x30, 0x88, 0xD9, 0x43, 0x94, 0x2B,
    0x53, 0x2D, 0xEB, 0xA3, 0x4C, 0x4C, 0x3D, 0x15, 0xAD, 0xB7, 0x94, 0x53, 0x07, 0x79, 0xB0, 0xBF,
    0xE5, 0xE1, 0xC1, 0xF3, 0x60, 0x79, 0x53, 0x95, 0xEB, 0x84, 0x79, 0x65, 0xFA, 0xE0, 0xDA, 0x21,
    0x44, 0x35, 0x05, 0x6B, 0x8C, 0x80, 0x33, 0xE5, 0x5D, 0x53, 0xDA, 0x6D, 0x2C, 0x24, 0xAD, 0x62,
    0x00, 0x54, 0x07, 0xD5, 0x3E, 0x82, 0xD6, 0x7A, 0x88, 0x04, 0xF3, 0x95, 0xD9, 0xE1, 0x32, 0x2D,
    0xB8, 0x13, 0x85, 0x9C, 0x26, 0x1C, 0xBD, 0x98, 0x21, 0x6E, 0x72, 0x3B, 0x52, 0x67, 0xB0, 0x42,
    0xE4, 0x31, 0xA2, 0xC1, 0x68, 0xD6, 0x43, 0xC9, 0xC8, 0x64, 0x7B, 0x6F, 0xA9, 0x29, 0x2A, 0xF2,
    0x9F, 0x7B, 0xD5, 0x0C, 0x95, 0xCA, 0xB6, 0xC2, 0xAD, 0x88, 0xB2, 0x45, 0xFF, 0x4E, 0xE9, 0x8F,
    0xDE, 0xA8, 0xE8, 0xA9, 0xC1, 0x25, 0xA6, 0x4E, 0x67, 0x98, 0xDF, 0xAB, 0xFE, 0xD7, 0x51, 0xD9,
    0xCB, 0xD9, 0x64, 0xC3, 0x35, 0x37, 0x2C, 0x47, 0xF6, 0x15, 0xD5, 0xC4, 0xCF, 0xF0, 0xDC, 0x52,
    0x2B, 0x8D, 0x20, 0xD4, 0x25, 0xB2, 0x87, 0x48, 0x8B, 0x0B, 0xF5, 0x0F, 0x23, 0xA8, 0x1D, 0xFD,
    0x28, 0xA8, 0xFF, 0x99, 0xD2, 0x50, 0x2A, 0xB8, 0x31, 0x6C, 0x7F, 0xDB, 0xF7, 0x2B, 0x75, 0x93,
    0x9B, 0x6F, 0x54, 0x2C, 0x02, 0xFB, 0xF1, 0x11, 0xB9, 0x39, 0xAD, 0x7F, 0x02, 0x2B, 0xD0, 0xD1,
    0x7F, 0xB0, 0xCD, 0xD7, 0x3B, 0xEB, 0x32, 0xEC, 0x45, 0xFD, 0xAB, 0xF4, 0x03, 0xBA, 0x1C, 0xF9,
    0x33, 0x4D, 0x7B, 0xAE, 0xAC, 0x75, 0x30, 0x48, 0x52, 0xA9, 0xAC, 0x2C, 0xB6, 0x96, 0x55, 0x23,
    0x49, 0x17, 0xA3, 0xF3, 0x4A, 0x33, 0xA0, 0x8A, 0xF3, 0x6D, 0x11, 0xA4, 0xD9, 0x15, 0x41, 0x6A,
    0xF5, 0x72, 0xBD, 0x80, 0x09, 0x40, 0x1F, 0x8C, 0x29, 0x38, 0xB7, 0xE1, 0xA3, 0x35, 0x34, 0xCF,
    0x29, 0xB5, 0x42, 0x77, 0xCD, 0xAC, 0xF9, 0x23, 0x50, 0x6A, 0x43, 0xEA, 0x76, 0x12, 0x70, 0xB8,
    0xD5, 0xB8, 0x19, 0x6B, 0xD2, 0x29, 0xF8, 0x4F, 0x28, 0xF7, 0x1D, 0x51, 0xF9, 0x49, 0xCE, 0x50,
    0x33, 0x2F, 0x52, 0x20, 0x9A, 0x93, 0x6D, 0x93, 0x2F, 0x22, 0xF5, 0x91, 0x20, 0xD1, 0x9A, 0xF4,
    0x33, 0xCD, 0xDD, 0xAE, 0x66, 0xEB, 0xE0, 0x15, 0xA1, 0xDC, 0xEA, 0x5C, 0xC9, 0x5B, 0xF0, 0x83,
    0xE8, 0x9E, 0xCC, 0x47, 0xE9, 0x74, 0xF4, 0x04, 0x21, 0x35, 0xE9, 0x89, 0x90, 0x9A, 0x62, 0x2B,
    0xA4, 0xC6, 0x0F, 0x21, 0x35, 0xB3, 0xBF, 0xE5, 0xA8, 0x7E, 0xD9, 0x0C, 0xD1, 0x31, 0x21, 0xA4,
    0x66, 0xBD, 0x6B, 0xD1, 0x3D, 0x3B, 0xBC, 0x18, 0x23, 0xFE, 0xC2, 0x6B, 0xFD, 0xC2, 0x72, 0xC9,
    0x2D, 0x8F, 0xA3, 0x0B, 0x3F, 0xE2, 0x45, 0xB0, 0x2A, 0x54, 0x01, 0x3E, 0x72, 0xC4, 0x2F, 0x4D,
    0x3A, 0xD8, 0x07, 0xD7, 0x98, 0x0E, 0xD6, 0xAF, 0x99, 0x0E, 0x56, 0xA8, 0x43, 0x35, 0x9A, 0x9E,
    0xD3, 0xB3, 0x20, 0xAA, 0x90, 0x1C, 0x33, 0x74, 0x38, 0xA6, 0xE8, 0xA0, 0xD3, 0x7C, 0xEE, 0x34,
    0x49, 0x87, 0xBA, 0xE9, 0x6A, 0x9A, 0x0E, 0xCD, 0xD3, 0x61, 0x3A, 0xBA, 0x99, 0xCE, 0xBC, 0x77,
    0x43, 0x59, 0xBD, 0x98, 0x98, 0xAD, 0x83, 0xE9, 0x3A, 0x34, 0x5F, 0x87, 0xAA, 0x11, 0xE9, 0x22,
    0x75, 0x07, 0x09, 0xF1, 0x84, 0x0D, 0xC3, 0xD1, 0xE9, 0xA1, 0x7E, 0x33, 0x53, 0xDD, 0xA3, 0xDE,
    0x3B, 0x43, 0xD2, 0x0D, 0x93, 0xE1, 0xC9, 0x02, 0xE9, 0xB9, 0xBE, 0xE7, 0x45, 0x7D, 0x2C, 0x2E,
    0x59, 0xE1, 0xFE, 0x02, 0x69, 0x48, 0xCD, 0xC9, 0xDC, 0xBC, 0x82, 0x8E, 0x15, 0x9E, 0x24, 0x0D,
    0xA9, 0x15, 0x5E, 0x5E, 0x22, 0x61, 0x88, 0xCC, 0xEE, 0x2E, 0x5A, 0x14, 0x77, 0xF2, 0x64, 0xA3,
    0xC9, 0x50, 0x9F, 0x17, 0x42, 0x04, 0x6C, 0xAE, 0x0F, 0xB1, 0x3C, 0x86, 0xCE, 0x28, 0xEB, 0xBE,
    0x9C, 0xDB, 0x9B, 0x26, 0x9F, 0x14, 0x65, 0xBB, 0x48, 0x5F, 0x2F, 0x66, 0x64, 0x52, 0x73, 0x02,
    0x3B, 0x4D, 0x0A, 0xEC, 0x2C, 0x2B, 0xB0, 0xA5, 0x05, 0x1E, 0xF3, 0x02, 0xBB, 0xC7, 0x40, 0x0F,
    0xDC, 0xD6, 0x69, 0xBE, 0x8B, 0xDC, 0x99, 0xD0, 0x73, 0xCB, 0x0E, 0x73, 0x3F, 0xF4, 0x64, 0x04,
    0x0F, 0xB1, 0xBD, 0x3C, 0x69, 0xEE, 0xE5, 0x6F, 0xF1, 0xF5, 0x8C, 0xF3, 0x25, 0xFA, 0x46, 0xB8,
    0x01, 0x4C, 0xDB, 0xF9, 0x9B, 0xC8, 0xBD, 0x5C, 0xFA, 0xFD, 0xB9, 0x97, 0xE7, 0xCB, 0xFD, 0xF0,
    0xD1, 0xDC, 0xD4, 0x23, 0x86, 0xEB, 0xCD, 0x1F, 0x4B, 0x17, 0x3E, 0x6A, 0x02, 0xF8, 0x44, 0xC0,
    0xFC, 0xCB, 0xE6, 0xE4, 0x70, 0x09, 0x77, 0xBD, 0x72, 0x71, 0x73, 0x12, 0x0C, 0x43, 0xF8, 0x74,
    0x96, 0xB5, 0x2B, 0xD7, 0x68, 0xCA, 0xB2, 0x7C, 0x9E, 0x6B, 0xB3, 0xB3, 0x88, 0x94, 0x30, 0xEF,
    0x1D, 0x57, 0x9E, 0x05, 0x8C, 0x8C, 0x50, 0xE5, 0xDA, 0xC7, 0x87, 0x67, 0x4A, 0x06, 0xA6, 0x96,
    0xE2, 0x8E, 0x89, 0xC9, 0xF2, 0x82, 0xD1, 0x6E, 0x35, 0x02, 0xA6, 0xD7, 0xCC, 0xE9, 0x09, 0x33,
    0x48, 0xB5, 0x95, 0x65, 0xEF, 0x89, 0x81, 0xB3, 0x64, 0x1D, 0xA3, 0x6A, 0x32, 0x18, 0x50, 0x52,
    0xFF, 0x13, 0x7D, 0x43, 0x6C, 0xA3, 0x81, 0x14, 0x5E, 0x8F, 0x54, 0x86, 0x3E, 0x94, 0x95, 0x4A,
    0xB4, 0x59, 0x55, 0xF2, 0xD0, 0x99, 0xAF, 0x4A, 0x86, 0x53, 0xA4, 0xEB, 0x92, 0xAE, 0x6C, 0xD2,
    0xBB, 0xB7, 0xD5, 0xBA, 0x91, 0x99, 0xE8, 0x97, 0x1A, 0x1E, 0x44, 0xC1, 0xD7, 0x8F, 0x16, 0xF2,
    0x73, 0xCD, 0x5C, 0xDF, 0xB6, 0x4C, 0x28, 0xE6, 0x35, 0x49, 0xCF, 0x5C, 0x24, 0x9B, 0xF0, 0x6E,
    0x7C, 0x8B, 0x6D, 0xC9, 0xC0, 0x36, 0x6A, 0xE9, 0xD9, 0x2F, 0x55, 0x48, 0x6A, 0x3F, 0x07, 0x43,
    0x50, 0xC8, 0xE4, 0x1C, 0x9E, 0x6B, 0xDE, 0x6F, 0xE5, 0xE9, 0x4A, 0xD4, 0x78, 0x86, 0x84, 0xA8,
    0xEE, 0x1F, 0xD0, 0x38, 0x97, 0x7F, 0xA8, 0xBE, 0x0E, 0x05, 0xCC, 0x1C, 0x59, 0x95, 0x7D, 0xD2,
    0x32, 0x5C, 0x4D, 0x45, 0xD7, 0x44, 0x43, 0x5C, 0x62, 0x8B, 0x74, 0xF9, 0x9D, 0x8E, 0x7D, 0x36,
    0x86, 0xC9, 0x9C, 0x3D, 0x2D, 0xA0, 0x80, 0x42, 0xF6, 0x92, 0xAC, 0x07, 0x4F, 0x85, 0xFE, 0x0D,
    0x3F, 0x24, 0x11, 0x42, 0xEB, 0xB5, 0xF6, 0x65, 0xA7, 0x6B, 0x5F, 0xD7, 0x21, 0x77, 0x83, 0x22,
    0xE3, 0x6C, 0xF8, 0x02, 0x4E, 0x51, 0x6C, 0x0A, 0x9C, 0x7B, 0x6E, 0x4B, 0xA4, 0x36, 0x69, 0x3A,
    0x64, 0x60, 0x51, 0x09, 0xDB, 0xD4, 0x37, 0x6A, 0xB8, 0x7A, 0xB2, 0x7F, 0x8C, 0x67, 0x32, 0x5F,
    0xC5, 0xD6, 0x7D, 0xA0, 0x85, 0x0F, 0xA3, 0xE0, 0x58, 0x1D, 0xDC, 0x59, 0x93, 0xE0, 0x86, 0x17,
    0x8F, 0xCE, 0xDB, 0xFB, 0x7F, 0xFE, 0x9F, 0x7E, 0xE5, 0x97, 0xFB, 0x27, 0xEE, 0x5B, 0x3A, 0x0A,
    0xF4, 0xD6, 0xC3, 0x49, 0x55, 0xDA, 0xF8, 0x85, 0x77, 0xEF, 0xD6, 0xC7, 0xFD, 0x88, 0xF7, 0xF9,
    0x8E, 0x5D, 0x92, 0x64, 0xB6, 0x83, 0x51, 0x6F, 0xDA, 0x8F, 0xE6, 0xBC, 0x2D, 0x3B, 0xA9, 0xDB,
    0xB6, 0x93, 0x72, 0x91, 0x32, 0x87, 0xB5, 0xBE, 0x4A, 0x9C, 0x53, 0xE1, 0x49, 0x61, 0xFC, 0x9F,
    0x99, 0x9D, 0xF4, 0xB6, 0x53, 0x87, 0x29, 0x67, 0xA1, 0x9C, 0x78, 0x15, 0xCD, 0x58, 0xB3, 0xBA,
    0xF8, 0x47, 0x76, 0x1C, 0x6E, 0x1D, 0x8A, 0xE5, 0xF6, 0xA1, 0xB8, 0xF5, 0x09, 0xBF, 0xD5, 0x85,
    0xA2, 0x6A, 0x50, 0x15, 0x6F, 0xCB, 0x66, 0x70, 0xBD, 0x55, 0x2D, 0x29, 0xB6, 0x5A, 0xB0, 0x96,
    0x6A, 0x6C, 0x77, 0x5E, 0x2C, 0xA7, 0xBB, 0xD6, 0xD2, 0x72, 0xD7, 0x5A, 0xDA, 0xEF, 0xA4, 0x2C,
    0xBB, 0xF3, 0xC6, 0x98, 0x55, 0x84, 0x29, 0x59, 0x12, 0x44, 0x23, 0x23, 0xE9, 0xDD, 0x16, 0x60,
    0x84, 0x32, 0xCF, 0xBD, 0xCC, 0xAC, 0xEE, 0xBA, 0x81, 0x49, 0x30, 0xE2, 0xD5, 0xE0, 0x2F, 0x7C,
    0x89, 0xDE, 0xBD, 0x75, 0x5D, 0xDF, 0xBD, 0xD5, 0xE9, 0xBB, 0xB7, 0x5A, 0xF5, 0x65, 0x6A, 0xB6,
    0xF3, 0x3B, 0x6A, 0x5A, 0xBB, 0x80, 0x52, 0x7D, 0x4A, 0x7D, 0xDD, 0x2E, 0xBD, 0xE7, 0xC2, 0xCB,
    0x85, 0x47, 0x88, 0xFC, 0xB9, 0x9A, 0x40, 0x57, 0xB3, 0xE5, 0x9E, 0x0E, 0x2D, 0x8D, 0xC7, 0x5E,
    0xC8, 0x10, 0x3F, 0x7B, 0xE9, 0x27, 0xB2, 0xE9, 0xF6, 0xD7, 0x91, 0x4E, 0xD7, 0xD7, 0xC8, 0xA7,
    0xEB, 0x37, 0x48, 0xA8, 0xEB, 0xC7, 0x77, 0xD9, 0x58, 0xAE, 0x3E, 0xF3, 0x04, 0xDC, 0x49, 0x66,
    0x72, 0x79, 0xDE, 0xB3, 0x75, 0x2A, 0x7C, 0xA1, 0xD4, 0xB3, 0x6D, 0x35, 0xA4, 0x24, 0x48, 0x8E,
    0xDC, 0xF9, 0xA5, 0xEE, 0x75, 0x27, 0xC0, 0xDA, 0xFA, 0x94, 0xA8, 0x85, 0x37, 0x67, 0x87, 0x2E,
    0xA5, 0x89, 0xB6, 0xDA, 0x41, 0xE6, 0x53, 0xBC, 0xE3, 0x4C, 0xDC, 0x6F, 0x33, 0x03, 0x41, 0xDD,
    0xD5, 0xB8, 0x73, 0x34, 0xD1, 0xE6, 0x34, 0x32, 0x56, 0x5B, 0x26, 0xDA, 0xE3, 0x26, 0x01, 0xF5,
    0x78, 0x56, 0x87, 0x67, 0xED, 0xE2, 0xB4, 0x71, 0x17, 0xF0, 0xFD, 0x3A, 0x57, 0xE8, 0x91, 0x9E,
    0xF9, 0x11, 0xCE, 0x15, 0xAE, 0xDC, 0xC3, 0xE1, 0x73, 0x12, 0x9B, 0xD9, 0x1F, 0x76, 0x64, 0x0B,
    0x3C, 0x24, 0x3E, 0xE6, 0x6B, 0xF2, 0x4E, 0xC2, 0x43, 0x7B, 0x27, 0x61, 0x67, 0xEF, 0x24, 0xB4,
    0x44, 0x1C, 0xE6, 0x24, 0x68, 0x71, 0xE6, 0x96, 0x4B, 0x6B, 0x24, 0xFD, 0x41, 0x99, 0x38, 0xE4,
    0x45, 0xCD, 0x2A, 0xCB, 0x68, 0xEE, 0x2C, 0xA5, 0xB9, 0xB3, 0x9C, 0xE6, 0xCE, 0x92, 0x9A, 0x3B,
    0xCB, 0x6A, 0xEE, 0x2C, 0xAD, 0xB9, 0xB3, 0xBC, 0xE6, 0xCE, 0x12, 0x9B, 0x3B, 0xCB, 0x6C, 0xEE,
    0x2C, 0xB5, 0xB9, 0xB3, 0xDC, 0xE6, 0xCE, 0x92, 0x9B, 0x3B, 0xCB, 0x6E, 0xEE, 0x2C, 0xBD, 0xB9,
    0xB3, 0xFC, 0xE6, 0xCE, 0x12, 0x9C, 0x3B, 0xCB, 0x70, 0xEE, 0x34, 0xC5, 0xF9, 0x1D, 0xA7, 0x39,
    0xCE, 0xBD, 0x39, 0x3A, 0xE1, 0xF8, 0xC7, 0x3E, 0xE8, 0x76, 0x63, 0xEA, 0x26, 0xCD, 0xEE, 0x63,
    0x26, 0x27, 0x1F, 0xF3, 0xEC, 0x49, 0xFE, 0x76, 0xFF, 0x85, 0x48, 0x03, 0x0B, 0x35, 0xB0, 0x58,
    0x03, 0x0B, 0x36, 0x08, 0x69, 0x64, 0x4E, 0x09, 0x37, 0x30, 0x73, 0xEE, 0x53, 0xA5, 0x9F, 0xB9,
    0x00, 0x2F, 0xDE, 0xDE, 0xFB, 0x32, 0x81, 0xD4, 0x8F, 0x6F, 0xB2, 0x39, 0xF6, 0xBC, 0xE7, 0xF5,
    0xC2, 0x92, 0x86, 0x86, 0x43, 0x8B, 0xDA, 0x9D, 0xF4, 0xE4, 0x26, 0x63, 0xFD, 0xCB, 0xBE, 0xFB,
    0xDA, 0xCE, 0xC8, 0x4F, 0xE5, 0xF1, 0xE2, 0x1E, 0xF7, 0x80, 0x9E, 0xB0, 0xC4, 0xCF, 0xBE, 0xBA,
    0xC9, 0x50, 0x5B, 0x79, 0x6B, 0xE9, 0x22, 0x59, 0x28, 0x3F, 0xB7, 0x82, 0x4F, 0x8E, 0x16, 0x8B,
    0xEB, 0xB4, 0x61, 0x6D, 0x4C, 0xB5, 0x60, 0x85, 0x69, 0x1B, 0x78, 0xD1, 0x66, 0x60, 0x4A, 0xAD,
    0x30, 0x5F, 0x5B, 0x21, 0xAB, 0xAC, 0x50, 0x86, 0x82, 0x8C, 0xCA, 0x11, 0xA4, 0x7A, 0x44, 0x20,
    0x71, 0x38, 0x27, 0xBD, 0x15, 0xA6, 0xAD, 0x15, 0x34, 0x25, 0x33, 0xB6, 0xFE, 0x91, 0xE5, 0x75,
    0xCE, 0x82, 0xD8, 0x35, 0x14, 0xCA, 0x41, 0x10, 0x33, 0x11, 0x20, 0x36, 0xEE, 0xDC, 0xA9, 0xEF,
    0x9A, 0xE9, 0x42, 0xD8, 0x79, 0xBE, 0xDE, 0x11, 0x19, 0x27, 0xF8, 0x96, 0x25, 0x66, 0x9C, 0x0D,
    0x05, 0x90, 0xCB, 0x48, 0x93, 0x86, 0xD4, 0xC8, 0xCE, 0x81, 0xEC, 0xA5, 0x30, 0x56, 0x25, 0xFE,
    0x47, 0x1E, 0xBE, 0x19, 0x90, 0x54, 0x10, 0x1C, 0xF5, 0x22, 0x3D, 0x17, 0xD5, 0x71, 0x76, 0xAD,
    0x27, 0x7B, 0x5A, 0xE1, 0x9C, 0xBF, 0xAA, 0xEE, 0x06, 0xB1, 0xA5, 0x4B, 0x49, 0x0C, 0xCF, 0xFB,
    0xC3, 0x83, 0xFB, 0x8B, 0xC5, 0x02, 0x99, 0xAE, 0x2C, 0x43, 0xA3, 0xBE, 0x0D, 0xC9, 0x7C, 0xFC,
    0x40, 0x24, 0x99, 0xC1, 0x69, 0x85, 0x34, 0x4C, 0x49, 0x0B, 0x17, 0x5B, 0xFF, 0x59, 0x59, 0x23,
    0x85, 0x07, 0x8E, 0x46, 0xE9, 0x87, 0xD0, 0x50, 0xB8, 0x3A, 0x62, 0xA1, 0xDD, 0x73, 0xD1, 0x6D,
    0xD9, 0xC8, 0x93, 0x4D, 0xBC, 0x71, 0x71, 0x33, 0xDD, 0x58, 0x7A, 0x13, 0x3A, 0xD7, 0xCC, 0x8E,
    0x4E, 0x46, 0x93, 0x5D, 0xA0, 0x17, 0x96, 0xBB, 0x7F, 0xE5, 0xBE, 0x89, 0xC8, 0xBA, 0x57, 0xA4,
    0xBB, 0x39, 0x53, 0x7E, 0xF0, 0x8C, 0xDA, 0x58, 0xE2, 0x95, 0xAF, 0x28, 0x7F, 0xF0, 0x4E, 0x10,
    0xB1, 0x57, 0xCF, 0xE6, 0x5F, 0xBF, 0x8F, 0x24, 0xD7, 0x10, 0x23, 0xE1, 0xC9, 0x92, 0xAD, 0xB1,
    0x5D, 0x53, 0x86, 0x0F, 0xCF, 0x9A, 0x7F, 0xBD, 0x1C, 0xC2, 0xBC, 0xBA, 0x21, 0x1D, 0xA3, 0x69,
    0x44, 0x8E, 0xFD, 0xC8, 0x18, 0xDC, 0xA0, 0x0A, 0x2D, 0xF2, 0x8C, 0x43, 0xE8, 0x21, 0xE5, 0x31,
    0xDC, 0x07, 0x36, 0x46, 0x18, 0x3A, 0x5A, 0x86, 0x27, 0xD3, 0x78, 0x59, 0x6C, 0xA6, 0xC8, 0xDD,
    0x52, 0xC5, 0x68, 0x3D, 0xC7, 0xA2, 0x6E, 0x43, 0xAF, 0xB4, 0x87, 0x57, 0x55, 0x82, 0x67, 0x56,
    0x6D, 0xB8, 0xA0, 0xFF, 0x08, 0xE9, 0xC5, 0x64, 0x09, 0x5D, 0xAD, 0x86, 0xF4, 0xDB, 0x83, 0x67,
    0x41, 0x11, 0xDE, 0x24, 0xA4, 0x40, 0x46, 0xE5, 0x35, 0x1B, 0xAE, 0x0A, 0xC9, 0x0C, 0x60, 0x68,
    0x4C, 0xF0, 0x02, 0xCB, 0x29, 0x1C, 0xD9, 0x63, 0x7B, 0x85, 0x56, 0x6B, 0x83, 0x3E, 0xAB, 0x66,
    0xCC, 0xB0, 0x00, 0x72, 0xC0, 0x5C, 0xDD, 0x56, 0xD6, 0xCF, 0x4F, 0xFE, 0x5C, 0x96, 0x01, 0xFC,
    0x3E, 0x33, 0x57, 0xBB, 0x21, 0x73, 0x35, 0x4A, 0xDF, 0xDF, 0x93, 0xB9, 0xFA, 0xDC, 0x06, 0x1A,
    0x41, 0xA5, 0x3F, 0xB5, 0x78, 0xF6, 0xF0, 0x3A, 0x54, 0x1F, 0xFB, 0xDD, 0x4F, 0x86, 0x6B, 0xFE,
    0xBF, 0x56, 0x70, 0xAF, 0x56, 0x70, 0xEE, 0x7E, 0xCF, 0xAC, 0x96, 0xAA, 0xF6, 0x2B, 0x2B, 0x5F,
    0x6D, 0xFF, 0x1D, 0xBE, 0xBF, 0xDC, 0xDA, 0x40, 0x59, 0xA6, 0x1F, 0x50, 0xA3, 0x87, 0x85, 0xE1,
    0xB5, 0xA4, 0x9F, 0xED, 0x23, 0x9B, 0x17, 0x23, 0x50, 0x25, 0x5E, 0x4F, 0xD6, 0xF0, 0x22, 0x83,
    0xD7, 0x21, 0xFC, 0x38, 0x50, 0xE2, 0x67, 0x27, 0xA2, 0xD8, 0xCF, 0x29, 0x50, 0x05, 0xAC, 0x4D,
    0x3D, 0x82, 0x17, 0x16, 0x0B, 0x26, 0xEA, 0xC0, 0xB4, 0x72, 0xD7, 0xB1, 0x2A, 0xF5, 0x0B, 0x58,
    0x5B, 0x4A, 0x30, 0xFD, 0x9C, 0xE9, 0x57, 0x70, 0x56, 0xCC, 0x4C, 0x7D, 0x48, 0x1F, 0x7D, 0x75,
    0x12, 0x09, 0xDF, 0x2B, 0xF7, 0xBA, 0x3B, 0x38, 0x42, 0xA4, 0xE4, 0x79, 0x74, 0x70, 0xA6, 0xBB,
    0x83, 0x73, 0x91, 0xFA, 0x82, 0x57, 0x53, 0xBA, 0xAD, 0x48, 0x80, 0x01, 0x3E, 0x34, 0x44, 0x5D,
    0x23, 0xD4, 0x35, 0x40, 0x5D, 0xE3, 0xD3, 0x35, 0x3C, 0x5D, 0xA3, 0xD3, 0x35, 0x38, 0x5D, 0x63,
    0xD3, 0x35, 0x34, 0x5D, 0x23, 0xD3, 0x35, 0x30, 0x5D, 0xE3, 0xD2, 0x35, 0x2C, 0x5D, 0xA3, 0xD2,
    0x35, 0x28, 0x5D, 0x63, 0xD2, 0x35, 0x24, 0x5D, 0x23, 0xD2, 0x35, 0x20, 0xDD, 0xA4, 0x71, 0x7A,
    0xC8, 0x68, 0x34, 0xBA, 0x06, 0xA3, 0x6B, 0x2C, 0x3A, 0x43, 0xD1, 0x6B, 0x46, 0xA2, 0xD7, 0x0C,
    0x44, 0xAF, 0xA9, 0xFC, 0xAA, 0xDD, 0x82, 0xC9, 0x52, 0x95, 0x4F, 0x0F, 0xE0, 0xB4, 0x70, 0xF2,
    0x73, 0xC9, 0x40, 0x9D, 0xE6, 0xE9, 0x90, 0xCA, 0x53, 0x28, 0xC9, 0x2A, 0x94, 0xF5, 0xF3, 0xCB,
    0x3B, 0xD0, 0x10, 0xD3, 0x28, 0xC0, 0x51, 0x7C, 0x53, 0xE1, 0x6D, 0x8F, 0xE8, 0x76, 0x7E, 0x03,
    0x6D, 0x74, 0x86, 0x34, 0xC7, 0x29, 0xFD, 0x19, 0xFE, 0xDA, 0x4B, 0x83, 0x06, 0xEF, 0xED, 0xB3,
    0x66, 0x56, 0xD3, 0x74, 0x43, 0x67, 0xC9, 0xAC, 0x96, 0x0F, 0xF6, 0x13, 0x68, 0x4B, 0x0C, 0xED,
    0x7C, 0x77, 0x96, 0xCC, 0x6A, 0xAD, 0x65, 0x56, 0xD3, 0x6C, 0x46, 0x96, 0xC8, 0x68, 0x6F, 0x66,
    0xB5, 0x57, 0xC0, 0x61, 0x97, 0x39, 0x1D, 0xE5, 0x98, 0x9C, 0x5F, 0x4A, 0xFC, 0xEC, 0xC4, 0x51,
    0xB1, 0x3E, 0x97, 0xF7, 0xBE, 0x7D, 0x2D, 0xD3, 0xD5, 0xFD, 0xE4, 0x61, 0x83, 0x35, 0x66, 0xAA,
    0x23, 0x38, 0x36, 0x58, 0x1B, 0x75, 0xFF, 0x3E, 0xE5, 0xED, 0x19, 0xCF, 0x7F, 0xE5, 0x5E, 0xDC,
    0x41, 0x7E, 0xD2, 0x95, 0xFB, 0xDC, 0x26, 0x63, 0xB2, 0x9E, 0xD2, 0xB2, 0x53, 0x27, 0x9B, 0x21,
    0x5D, 0x6C, 0xF8, 0xCB, 0xBE, 0x3B, 0x6D, 0x32, 0xB6, 0x52, 0xB0, 0x5D, 0xCA, 0xB7, 0x4A, 0x6F,
    0xE9, 0xA6, 0xFA, 0x87, 0xEA, 0xA6, 0xCE, 0xEB, 0xDD, 0x50, 0x52, 0x01, 0x3C, 0xA0, 0x27, 0xE4,
    0x78, 0xB6, 0xE1, 0xE9, 0x62, 0x91, 0xAC, 0x73, 0x8B, 0xB6, 0x80, 0xDA, 0xA7, 0xE6, 0x06, 0x60,
    0x40, 0x63, 0xB6, 0xB6, 0x14, 0x28, 0xD8, 0x19, 0x15, 0xFE, 0x33, 0x4D, 0x0A, 0xA5, 0x8C, 0x35,
    0x2E, 0x48, 0x99, 0xD6, 0x38, 0xA9, 0x35, 0x93, 0x02, 0x1E, 0xC1, 0x92, 0x1B, 0x77, 0x34, 0xB3,
    0x32, 0x47, 0xB0, 0x2B, 0x69, 0xCE, 0x64, 0x86, 0x57, 0x73, 0xEB, 0x4B, 0x29, 0x19, 0x31, 0x64,
    0xD3, 0xFC, 0x71, 0x92, 0xD1, 0x12, 0xFA, 0xDB, 0xFA, 0x7E, 0x6C, 0xEA, 0x29, 0x19, 0xD8, 0xEB,
    0x32, 0xBA, 0xA1, 0x28, 0xF7, 0x95, 0x7A, 0x7F, 0x0C, 0x9E, 0xF6, 0x5C, 0x97, 0xEB, 0xD5, 0x8B,
    0xBA, 0x4D, 0x74, 0xCF, 0xE8, 0x06, 0xD2, 0xF2, 0x29, 0xDB, 0xE7, 0xD2, 0xCC, 0x5A, 0x9A, 0xCF,
    0x43, 0xCA, 0x03, 0x87, 0xF7, 0x08, 0x85, 0xB2, 0x7E, 0x7E, 0xD9, 0x67, 0x4D, 0xDD, 0xCE, 0xA3,
    0x1E, 0x96, 0x18, 0xCD, 0x7B, 0x39, 0xA9, 0xA1, 0xBD, 0x9C, 0x6E, 0x90, 0xCD, 0x6A, 0xB6, 0xFA,
    0xF0, 0x92, 0xCE, 0xDA, 0xB4, 0x01, 0x21, 0x9C, 0x31, 0xAB, 0x67, 0xB2, 0x46, 0x44, 0x43, 0x5A,
    0xF5, 0x43, 0x22, 0xCF, 0x6C, 0x52, 0x5F, 0xEA, 0x59, 0x3B, 0x26, 0x5E, 0x54, 0x8F, 0x10, 0x2F,
    0x2E, 0xA0, 0x19, 0x7A, 0x2F, 0x8C, 0xEA, 0x08, 0x0A, 0x72, 0xFA, 0x9C, 0x4C, 0x5B, 0x2D, 0xF1,
    0xB3, 0x93, 0xE2, 0xC5, 0xF9, 0xBC, 0xDF, 0xF3, 0x2B, 0xCB, 0xA3, 0xF4, 0xA7, 0xCE, 0x6C, 0xC1,
    0x23, 0x78, 0x78, 0x7C, 0xD9, 0x33, 0xC9, 0xA8, 0xF4, 0x5F, 0x1C, 0x2D, 0xB5, 0xE1, 0x37, 0x3E,
    0xE5, 0x57, 0x44, 0x3E, 0xCE, 0xC9, 0xC4, 0x2C, 0x6B, 0xDD, 0xB4, 0x1B, 0xFF, 0xB2, 0xEF, 0xF6,
    0xAA, 0x13, 0x74, 0x61, 0x3F, 0x23, 0x84, 0xD4, 0x65, 0x44, 0xDE, 0xD0, 0x4A, 0xD0, 0xE1, 0x0D,
    0x5F, 0xF3, 0x92, 0xB4, 0xB5, 0x14, 0x45, 0x44, 0x08, 0xB1, 0x81, 0x17, 0xDB, 0x0E, 0xB2, 0x0F,
    0x27, 0x8A, 0xA6, 0xED, 0x78, 0x9F, 0xD4, 0xB2, 0x19, 0xEB, 0x1C, 0x5A, 0x60, 0x2E, 0xDF, 0xC7,
    0x3C, 0xE6, 0xBE, 0xDA, 0x17, 0x87, 0xEE, 0xCB, 0x89, 0xB5, 0x78, 0x82, 0x9C, 0x58, 0x37, 0x3C,
    0x58, 0x17, 0x4D, 0x5D, 0xB7, 0x0D, 0x1F, 0xDF, 0x4F, 0xFF, 0xBA, 0x0B, 0xEB, 0x79, 0x07, 0x4E,
    0xF6, 0xC3, 0xF8, 0x40, 0x49, 0x1F, 0x4D, 0x7B, 0x54, 0xF7, 0xAA, 0x0B, 0xE2, 0x33, 0xC9, 0xA1,
    0xD5, 0x5D, 0x63, 0x92, 0xE5, 0xF0, 0x3B, 0xA6, 0x27, 0x5B, 0xF3, 0x6C, 0xF9, 0x46, 0x59, 0xD1,
    0x91, 0x62, 0xEE, 0x35, 0x84, 0xFE, 0x52, 0x06, 0xAB, 0x6D, 0x34, 0x58, 0x6D, 0xA3, 0xC1, 0x6A,
    0x9B, 0x3D, 0xDE, 0x84, 0xC1, 0xA9, 0x90, 0xF2, 0xE6, 0x37, 0x34, 0xEE, 0x3D, 0x09, 0xD9, 0xB2,
    0xF5, 0xAB, 0x06, 0xD5, 0x92, 0x90, 0x96, 0x7C, 0xFF, 0x0B, 0x5E, 0x7A, 0xD3, 0x2B, 0x75, 0x8E,
    0x7B, 0xBA, 0x53, 0x52, 0xD1, 0x5F, 0x06, 0xF3, 0x24, 0xEF, 0x4B, 0xFA, 0x10, 0xE7, 0x98, 0xA9,
    0xE4, 0x01, 0x9D, 0xC2, 0xC1, 0x46, 0x8E, 0x40, 0x9C, 0xAC, 0x2D, 0x0C, 0xBF, 0x0D, 0xDE, 0x8B,
    0xBD, 0xD1, 0x97, 0x19, 0x51, 0xE9, 0xBE, 0x65, 0xCA, 0x1B, 0x5C, 0x92, 0xE8, 0x23, 0xA4, 0x82,
    0xE4, 0xD2, 0x8E, 0x78, 0x39, 0xE1, 0x9F, 0x62, 0x32, 0xE6, 0x7B, 0x26, 0xA3, 0xC4, 0x85, 0x2F,
    0xFD, 0x85, 0xF7, 0x7F, 0xF1, 0x9E, 0xBE, 0x72, 0x64, 0x13, 0xD0, 0xD6, 0x64, 0xD0, 0xC9, 0xF5,
    0xB1, 0x26, 0x63, 0xA5, 0x93, 0xC1, 0x14, 0x2A, 0x8C, 0xF5, 0xDF, 0xD0, 0xCF, 0x5C, 0x27, 0x83,
    0xD1, 0x51, 0xF6, 0xC2, 0x6E, 0x8C, 0xF0, 0xF6, 0x0B, 0xBB, 0xFF, 0x10, 0xDE, 0x9B, 0xBF, 0x40,
    0x0E, 0xE2, 0xCF, 0xCD, 0xC5, 0x8F, 0x46, 0x70, 0x82, 0x2B, 0xAF, 0xFB, 0x3B, 0xD7, 0xD4, 0x9D,
    0x83, 0x21, 0x80, 0x5E, 0x5F, 0xD8, 0xDD, 0x9D, 0xFE, 0xC2, 0xEE, 0xFF, 0x0B, 0xBD, 0x56, 0x4B,
    0x8E, 0xDC, 0x36, 0x14, 0x7C, 0x92, 0x10, 0x0B, 0x08, 0x17, 0x5C, 0x79, 0x95, 0x85, 0x8E, 0xA0,
    0x13, 0x78, 0xC8, 0x23, 0x78, 0x31, 0xF7, 0xC8, 0x09, 0x02, 0x32, 0xC8, 0x05, 0x7C, 0x03, 0x5F,
    0x24, 0x30, 0x85, 0x9C, 0x40, 0x47, 0x10, 0x90, 0xEC, 0xC3, 0x45, 0x2F, 0x14, 0x44, 0x12, 0x53,
    0xF5, 0xD4, 0xAD, 0x9E, 0x0E, 0x62, 0xA7, 0x33, 0xE3, 0xC9, 0x34, 0x55, 0xE8, 0x51, 0x93, 0x8F,
    0xEF, 0x53, 0xAF, 0xC8, 0x6E, 0x12, 0xE9, 0x06, 0x33, 0x13, 0xEB, 0x55, 0xA4, 0x1F, 0xA4, 0x28,
    0x3A, 0x8C, 0x28, 0xDD, 0x24, 0xCE, 0x0B, 0x7E, 0x0E, 0x98, 0xB0, 0x48, 0x12, 0x49, 0xA5, 0x5A,
    0xA5, 0xDA, 0xDC, 0x4F, 0xB3, 0x34, 0x73, 0xF7, 0x7B, 0x16, 0x93, 0x4D, 0x89, 0x62, 0xA7, 0x06,
    0xAB, 0xED, 0x20, 0x1B, 0x2D, 0x49, 0xF0, 0x57, 0x1B, 0x56, 0x6D, 0xB4, 0x27, 0x62, 0xB3, 0xD0,
    0x12, 0x26, 0x11, 0x93, 0x87, 0x3D, 0x4C, 0xB2, 0x65, 0xF3, 0x62, 0x4B, 0xC9, 0x84, 0x05, 0xAF,
    0x6A, 0x18, 0x11, 0xFA, 0x21, 0x3A, 0x4F, 0x9C, 0x82, 0x7F, 0x26, 0x84, 0x02, 0xAB, 0x07, 0xCC,
    0x0D, 0xBC, 0x6D, 0xCA, 0x09, 0x0F, 0xB6, 0x62, 0xC8, 0x74, 0xF9, 0xDE, 0xA7, 0xC2, 0xD3, 0x32,
    0xC4, 0x24, 0xD5, 0x27, 0xE7, 0xDD, 0xD2, 0x47, 0x37, 0x75, 0xC3, 0x83, 0xB7, 0x91, 0x3E, 0x26,
    0x6C, 0x90, 0x15, 0xB8, 0x15, 0x52, 0x5B, 0x21, 0xB1, 0xC8, 0xD3, 0xEB, 0x40, 0x5F, 0xCA, 0x26,
    0x8E, 0x1B, 0x11, 0xF8, 0xB2, 0x65, 0xF6, 0x2A, 0xC6, 0xA4, 0x0E, 0xB3, 0x5E, 0x17, 0xF8, 0x16,
    0x0E, 0x26, 0x54, 0xE6, 0xD9, 0xE0, 0xD6, 0x80, 0x8F, 0xDC, 0xF5, 0x09, 0x4C, 0x00, 0x07, 0x6B,
    0xB0, 0x48, 0x73, 0x92, 0x16, 0x44, 0x99, 0x38, 0xAC, 0x0E, 0x7E, 0x27, 0x75, 0xF8, 0x1E, 0x03,
    0x13, 0x38, 0x48, 0x29, 0xA9, 0x17, 0x0E, 0x46, 0xF4, 0x41, 0x71, 0xFF, 0x5E, 0x34, 0x95, 0xC5,
    0x37, 0x19, 0x25, 0x8D, 0xC4, 0x7E, 0xC0, 0x42, 0x70, 0xED, 0xF5, 0x10, 0xC9, 0x5D, 0x85, 0x19,
    0xE6, 0xB7, 0x92, 0x91, 0x51, 0x33, 0x03, 0xEA, 0x85, 0xB9, 0x5D, 0x95, 0x11, 0x07, 0xA4, 0xBF,
    0x01, 0x93, 0xBE, 0x29, 0x90, 0xC1, 0x2B, 0xDA, 0xA0, 0x5E, 0xD0, 0x11, 0xCD, 0x6C, 0xC1, 0xF2,
    0x6C, 0x56, 0x09, 0x53, 0x8D, 0xA8, 0x22, 0x28, 0x83, 0x72, 0xB5, 0x8C, 0xF5, 0x73, 0xF9, 0x7D,
    0x44, 0xFC, 0x9E, 0x49, 0x38, 0x09, 0x58, 0xC5, 0xE2, 0x56, 0x7B, 0x6B, 0x28, 0xBD, 0xC9, 0x3B,
    0x18, 0xD6, 0xAE, 0xFB, 0xBF, 0xC0, 0x95, 0xDF, 0x44, 0x2E, 0x5E, 0x4D, 0x7C, 0xA5, 0x8C, 0x5C,
    0x6E, 0x79, 0x17, 0xAE, 0x5D, 0x1B, 0xFF, 0x01, 0xFC, 0x25, 0x84, 0x74, 0x59, 0x46, 0x05, 0xA1,
    0xA9, 0x40, 0xA3, 0x81, 0xC9, 0x09, 0xDC, 0x48, 0xFF, 0x3E, 0x7D, 0x11, 0xD8, 0x72, 0xC3, 0x15,
    0x0E, 0xF3, 0x87, 0x2F, 0x9A, 0xB5, 0xE5, 0xE8, 0x9D, 0x13, 0x7B, 0x05, 0x35, 0x26, 0x15, 0x01,
    0xE3, 0x25, 0xB4, 0xAB, 0x67, 0x87, 0x53, 0xBA, 0xB4, 0xBE, 0x59, 0xAA, 0x2D, 0xA7, 0xB8, 0xB7,
    0x5F, 0x89, 0xE4, 0x66, 0x18, 0xEA, 0x99, 0x06, 0x39, 0xCD, 0x66, 0xA2, 0xF9, 0x7A, 0xC8, 0x5D,
    0x6E, 0xD0, 0xF9, 0x37, 0xC8, 0x4F, 0x1F, 0x7B, 0xF4, 0x7D, 0x37, 0xB0, 0x3F, 0xEC, 0x2F, 0x73,
    0x55, 0xA2, 0xF9, 0x75, 0x84, 0xA2, 0xB6, 0x7F, 0xAA, 0x22, 0x17, 0xAE, 0xA5, 0x98, 0xB6, 0x99,
    0xA2, 0x80, 0x88, 0x11, 0x47, 0x93, 0x99, 0x88, 0xE6, 0x54, 0x2B, 0xD2, 0x7E, 0x9B, 0x19, 0x15,
    0x30, 0x73, 0x3E, 0xF3, 0x62, 0x27, 0xC3, 0x0E, 0x1B, 0x99, 0x9E, 0x30, 0x20, 0x3F, 0x35, 0xEC,
    0x8F, 0x3D, 0xC8, 0xC7, 0xE2, 0x67, 0x10, 0xCE, 0x41, 0xB2, 0xDD, 0xC6, 0x8F, 0x3C, 0xE3, 0x63,
    0x37, 0x48, 0xFD, 0x68, 0x8B, 0x4A, 0xC0, 0xB9, 0xF9, 0xEF, 0x1A, 0xAE, 0x1C, 0x83, 0x87, 0x06,
    0xB3, 0x9F, 0xCF, 0x2A, 0x81, 0xD8, 0xEA, 0x5D, 0x25, 0xD2, 0x59, 0x25, 0x5A, 0x55, 0x09, 0xA3,
    0x27, 0x1C, 0x6B, 0xBC, 0xA3, 0x7D, 0xF2, 0xFD, 0xC0, 0x89, 0x33, 0xAD, 0xAE, 0x62, 0xE4, 0xCE,
    0xB7, 0xB4, 0x43, 0x4A, 0x43, 0xF1, 0xAB, 0xE2, 0xCD, 0xA2, 0x24, 0xA3, 0x2C, 0x28, 0xBF, 0xAA,
    0xF4, 0xC7, 0x99, 0x98, 0xE4, 0xCD, 0xAA, 0x40, 0x53, 0x2B, 0x2D, 0x2D, 0x30, 0x51, 0x2D, 0x2D,
    0x01, 0x4E, 0x03, 0x28, 0x6A, 0x2A, 0x6B, 0xC8, 0x3C, 0x48, 0xB2, 0x92, 0x4A, 0x1B, 0x03, 0x4A,
    0xAC, 0x49, 0x60, 0x12, 0x9C, 0xE7, 0x31, 0x19, 0xD1, 0xC9, 0x7D, 0x0C, 0x38, 0x77, 0x7F, 0x44,
    0xED, 0xEC, 0xC7, 0x85, 0xFB, 0x4D, 0x14, 0x7A, 0x8F, 0xED, 0x3F, 0xC0, 0x07, 0x3C, 0xF2, 0x5E,
    0x37, 0xFE, 0x8E, 0xFF, 0x53, 0x0F, 0x5A, 0x84, 0xEF, 0xED, 0x2C, 0x69, 0xEC, 0x47, 0x30, 0x0F,
    0x1C, 0x6E, 0x4F, 0x7A, 0xD4, 0x3A, 0x72, 0x9E, 0x6C, 0xA6, 0xFC, 0xC8, 0x4A, 0x95, 0xD8, 0x30,
    0x4F, 0xB6, 0x16, 0xE6, 0x36, 0x8A, 0xC8, 0x26, 0xDF, 0x9C, 0x59, 0xFE, 0x15, 0xE0, 0x70, 0x88,
    0x0C, 0x8D, 0xD8, 0x28, 0x4C, 0x9D, 0x3A, 0x44, 0xD9, 0x83, 0x1B, 0x35, 0x7D, 0xA9, 0x56, 0x3A,
    0xB4, 0x39, 0xFA, 0x82, 0x5F, 0xE1, 0x10, 0x12, 0xB9, 0x35, 0x74, 0x08, 0x75, 0x7B, 0xD2, 0xA7,
    0x04, 0xC3, 0x3E, 0xED, 0x33, 0x05, 0x6F, 0xE8, 0xC8, 0xF1, 0x8E, 0xC7, 0x5C, 0xC7, 0xCA, 0x27,
    0xD5, 0x21, 0x74, 0xC0, 0xC0, 0x94, 0x0D, 0x30, 0xE5, 0x22, 0xEA, 0xA7, 0x45, 0x77, 0xBE, 0xE1,
    0x85, 0xA5, 0xD6, 0xFB, 0x0A, 0x15, 0x54, 0x12, 0xC9, 0x1E, 0x5A, 0xF6, 0xEE, 0x47, 0x96, 0x1A,
    0xAD, 0x23, 0x1D, 0xF7, 0x62, 0xC9, 0x99, 0xFE, 0xB3, 0x26, 0x68, 0x8B, 0x6B, 0xB3, 0x57, 0x5F,
    0x16, 0xB3, 0xAB, 0xE2, 0xAA, 0x78, 0xB0, 0x76, 0x03, 0x6A, 0xD9, 0xF1, 0x58, 0xD3, 0x83, 0x0D,
    0xFE, 0xDB, 0x09, 0x4D, 0x87, 0x5F, 0xD8, 0x3A, 0x58, 0x85, 0xD9, 0xFD, 0xD8, 0x47, 0x26, 0x04,
    0xB7, 0xA1, 0x19, 0xD9, 0xAF, 0xF5, 0xB2, 0x43, 0x52, 0xA1, 0xC9, 0x2E, 0x46, 0x55, 0x91, 0xE8,
    0xE9, 0xEE, 0xC7, 0xEE, 0x42, 0xD0, 0x4B, 0xCC, 0x70, 0x0B, 0x45, 0x9E, 0xE2, 0x31, 0x57, 0x74,
    0xD9, 0xBE, 0x58, 0xE3, 0x61, 0x68, 0x1D, 0xBD, 0x23, 0xC2, 0x3C, 0x71, 0x24, 0xEE, 0x03, 0x2E,
    0x01, 0xE1, 0x13, 0xAF, 0x6D, 0x1A, 0x94, 0xE6, 0x96, 0x69, 0xEB, 0x06, 0xA6, 0x01, 0x17, 0x43,
    0xC5, 0x46, 0x2F, 0x89, 0x8D, 0x1E, 0x8D, 0x26, 0x9F, 0xC3, 0xBF, 0x0B, 0x1D, 0x84, 0x92, 0xA2,
    0x1E, 0xF4, 0x96, 0xC2, 0x4B, 0x4A, 0x75, 0xB9, 0x77, 0xA5, 0x97, 0x3C, 0x09, 0x81, 0x54, 0xCB,
    0xBF, 0x21, 0xA3, 0x48, 0xA8, 0x0F, 0x31, 0x79, 0xE0, 0x1B, 0xC8, 0xC4, 0x92, 0x0A, 0x1B, 0x92,
    0x57, 0x14, 0x20, 0x08, 0xA5, 0x14, 0xA5, 0xC2, 0x44, 0x4A, 0x21, 0x4B, 0x61, 0x32, 0x6B, 0xD1,
    0x8D, 0x46, 0xC5, 0x1D, 0x14, 0x85, 0xBC, 0x48, 0xD9, 0x8A, 0x36, 0xA5, 0x5E, 0xEE, 0x28, 0x02,
    0xBD, 0x1E, 0x06, 0xBD, 0x1E, 0x06, 0xBD, 0x1E, 0x06, 0xCC, 0x62, 0xD0, 0x5C, 0x62, 0x7D, 0x50,
    0x7A, 0xBD, 0x1C, 0x13, 0x91, 0xB7, 0x4F, 0x93, 0x71, 0x49, 0x20, 0xEA, 0xC1, 0x40, 0x3D, 0x30,
    0xBC, 0x37, 0x7B, 0x3A, 0x75, 0x81, 0xDB, 0x3B, 0xB0, 0x5B, 0xDD, 0xF7, 0x25, 0x1C, 0x00, 0x35,
    0xF0, 0xE1, 0x29, 0xBC, 0xC5, 0x16, 0xAB, 0x7C, 0x06, 0x1E, 0x45, 0xDE, 0xE2, 0x16, 0x54, 0x4E,
    0x61, 0xAD, 0xCE, 0x40, 0xFD, 0x7A, 0x45, 0xE0, 0x6E, 0x73, 0x38, 0x60, 0x57, 0xCB, 0x7B, 0xE1,
    0xF1, 0xBF, 0x5E, 0xA2, 0x5F, 0xB8, 0x5B, 0xF5, 0xBE, 0xC9, 0xED, 0x64, 0x46, 0x33, 0xE0, 0x58,
    0x89, 0x9D, 0xEF, 0xE5, 0x41, 0xDE, 0xE1, 0x88, 0xED, 0x62, 0x3B, 0xF5, 0xDE, 0x8C, 0x78, 0x06,
    0x87, 0x23, 0x07, 0x4F, 0xFC, 0x41, 0x3A, 0xFF, 0xB3, 0xF4, 0xE8, 0xCF, 0x07, 0x99, 0xE5, 0x5D,
    0x95, 0xE5, 0x2F, 0xED, 0x5B, 0x3F, 0xB3, 0xA4, 0xC6, 0x11, 0x1F, 0xA0, 0xB4, 0x04, 0x04, 0x44,
    0x8A, 0x2E, 0x20, 0xB6, 0x13, 0x3E, 0x81, 0x6E, 0x90, 0x52, 0x05, 0xBA, 0xE0, 0xBD, 0x48, 0xA9,
    0x03, 0xDB, 0x0A, 0xDE, 0x17, 0x38, 0x1D, 0x38, 0x76, 0x60, 0x25, 0x56, 0xA2, 0x40, 0x17, 0x28,
    0x50, 0xE6, 0x2F, 0x70, 0x7A, 0xAC, 0xCB, 0x1F, 0xE0, 0xB6, 0x5C, 0xE5, 0x72, 0x68, 0xAA, 0x64,
    0x59, 0xE1, 0x21, 0x89, 0x2A, 0xE1, 0x77, 0xC0, 0xB8, 0xFF, 0x0D, 0x6F, 0xD8, 0xE5, 0xA4, 0xBD,
    0x27, 0xD7, 0x2E, 0x0F, 0x89, 0x77, 0x37, 0xB3, 0xBB, 0x40, 0xD3, 0xD3, 0xBF, 0xEE, 0x9E, 0xEE,
    0x66, 0x46, 0xA9, 0xC8, 0x28, 0x3C, 0x62, 0x93, 0x71, 0x57, 0x60, 0x97, 0x9A, 0x2D, 0x76, 0xFA,
    0xC5, 0x0E, 0xBB, 0xFC, 0xD3, 0x0A, 0xBB, 0xF2, 0xBD, 0x1A, 0x3B, 0x13, 0x35, 0xD0, 0x7A, 0x26,
    0xEC, 0xA0, 0xF3, 0xFB, 0x00, 0xBB, 0xA0, 0x0B, 0x7A, 0xE8, 0xC2, 0xCE, 0x43, 0x6A, 0x51, 0xAB,
    0xB0, 0x8B, 0x1B, 0x85, 0xD4, 0x92, 0x5A, 0xE5, 0x40, 0x2D, 0xAD, 0x94, 0x86, 0x0E, 0xFE, 0x6B,
    0xA0, 0x96, 0x1B, 0x63, 0x80, 0x1A, 0xB4, 0xA6, 0xE1, 0xAE, 0x05, 0x92, 0x97, 0x97, 0xEF, 0x77,
    0x2A, 0x18, 0x80, 0x5E, 0xAF, 0x90, 0xAE, 0x3F, 0xA8, 0xA8, 0xC3, 0x67, 0xA9, 0xB8, 0xC5, 0x27,
    0x67, 0x31, 0x3E, 0xBA, 0xDC, 0xA6, 0xC8, 0x48, 0xBE, 0x45, 0x42, 0x4A, 0x13, 0x8B, 0x73, 0x47,
    0x4B, 0x2D, 0x92, 0xC3, 0xCE, 0xB8, 0xDF, 0xF8, 0x5C, 0x64, 0x3E, 0x02, 0x6A, 0x06, 0x1E, 0x09,
    0xCF, 0x87, 0xA1, 0x7F, 0x62, 0x8A, 0xA4, 0x01, 0xBA, 0x0F, 0x76, 0x2A, 0x45, 0xAA, 0x69, 0x25,
    0xCD, 0xA6, 0xAC, 0xD4, 0x95, 0x31, 0x55, 0x08, 0xD7, 0x55, 0x89, 0xF9, 0x2A, 0xA9, 0x74, 0xA3,
    0x92, 0x0A, 0x86, 0x05, 0x4D, 0x01, 0x97, 0x40, 0xA3, 0xE1, 0xAB, 0x67, 0x2A, 0x7D, 0x73, 0x85,
    0x97, 0x98, 0x7F, 0xE1, 0xC5, 0x49, 0xA5, 0xF2, 0x26, 0xA9, 0x66, 0x39, 0x23, 0x4E, 0x88, 0x2B,
    0xE6, 0xA9, 0x75, 0xCE, 0xC7, 0xBD, 0x60, 0xC2, 0x5F, 0x35, 0x77, 0x4F, 0xB8, 0xEB, 0xD4, 0x2B,
    0x8F, 0xB5, 0x60, 0x49, 0xE3, 0xE7, 0xD1, 0xEB, 0x71, 0xE4, 0xDD, 0xDC, 0x78, 0x4F, 0x07, 0x60,
    0x4C, 0x02, 0x53, 0x09, 0xB3, 0xA8, 0x49, 0xB4, 0x2A, 0x9F, 0x81, 0xE4, 0xC2, 0xD5, 0x37, 0xC1,
    0x40, 0xFF, 0x89, 0x68, 0x98, 0x00, 0xC7, 0xEC, 0x77, 0x5E, 0xBF, 0x52, 0xEC, 0x22, 0xFC, 0x21,
    0x26, 0xD1, 0x17, 0x16, 0xBC, 0x2F, 0x5C, 0xC1, 0x90, 0x58, 0x62, 0x1C, 0x95, 0x7E, 0x0E, 0x77,
    0x95, 0x41, 0x0B, 0xAC, 0x4F, 0xC5, 0x71, 0x42, 0x50, 0x05, 0xD3, 0xB0, 0xA1, 0xCE, 0x17, 0x18,
    0x85, 0x9B, 0xFC, 0x17, 0x50, 0x09, 0x54, 0x12, 0x92, 0x8C, 0x71, 0x14, 0x8F, 0x5E, 0x2E, 0xA8,
    0x3F, 0xE8, 0x43, 0x3F, 0xE4, 0xEE, 0x73, 0x87, 0x35, 0xBF, 0x77, 0xA1, 0x4A, 0x5E, 0x10, 0x38,
    0xF9, 0xBB, 0x38, 0x6A, 0x6F, 0x20, 0x00, 0xBC, 0x0B, 0x75, 0xB9, 0x5E, 0x67, 0xAB, 0xA2, 0x7E,
    0x1C, 0x8D, 0x1E, 0x65, 0x64, 0x25, 0x44, 0x30, 0x86, 0x38, 0xC6, 0x04, 0xC7, 0xA4, 0xFF, 0x08,
    0x14, 0x06, 0x50, 0x84, 0x7D, 0x99, 0x9C, 0x0E, 0xE0, 0xB4, 0x78, 0x46, 0x42, 0xBD, 0xA1, 0x19,
    0x73, 0x30, 0x24, 0xD4, 0x26, 0x99, 0x09, 0x03, 0x64, 0xB2, 0xB7, 0xE6, 0xFA, 0x9C, 0xC1, 0x08,
    0x57, 0x6D, 0xAE, 0xE9, 0x47, 0x8F, 0xE1, 0xD7, 0xA1, 0x13, 0xC9, 0xEC, 0x45, 0x1F, 0x64, 0xA9,
    0x11, 0x72, 0x92, 0x9E, 0xDF, 0x52, 0x3D, 0xD6, 0xB1, 0x50, 0x0C, 0x6F, 0xEA, 0x54, 0x09, 0xA5,
    0xA0, 0xF3, 0xFB, 0xD5, 0x07, 0x3B, 0x77, 0x08, 0x5C, 0x49, 0x72, 0xE1, 0xAD, 0xD7, 0x45, 0x99,
    0x19, 0xC4, 0x72, 0x4E, 0xAB, 0x17, 0x18, 0xE5, 0xDA, 0x58, 0x6A, 0xFB, 0x63, 0xB1, 0xD4, 0x53,
    0xF5, 0x1B, 0xBE, 0x8B, 0x67, 0x1E, 0x9F, 0x6E, 0xCF, 0x4D, 0xCD, 0x50, 0x93, 0x00, 0xFD, 0x41,
    0xAD, 0x78, 0xDE, 0x25, 0xB7, 0x46, 0x02, 0xCA, 0x27, 0xB1, 0xD4, 0x67, 0xEA, 0xB7, 0x28, 0x2A,
    0xA0, 0x73, 0x8D, 0x42, 0xD1, 0xF8, 0xDC, 0x04, 0x05, 0xB2, 0x27, 0x8E, 0xD3, 0x81, 0x9F, 0x93,
    0xA8, 0x55, 0xCA, 0x98, 0xC6, 0xAC, 0xDC, 0x21, 0x03, 0xED, 0x37, 0x87, 0xA0, 0x7A, 0x0D, 0x2B,
    0x43, 0x4F, 0xA1, 0x05, 0xF0, 0x58, 0x3B, 0x18, 0x6D, 0xFA, 0x75, 0x82, 0x4A, 0x48, 0x92, 0x88,
    0x62, 0xFC, 0x25, 0xA0, 0x20, 0xA3, 0x9D, 0x08, 0x86, 0x74, 0x9D, 0x34, 0x9D, 0xF4, 0x9C, 0xB4,
    0x7C, 0x73, 0x2E, 0x50, 0xA3, 0x49, 0x6C, 0x64, 0x83, 0xA8, 0x87, 0xDC, 0x3D, 0x73, 0x79, 0x22,
    0x85, 0x7C, 0x85, 0xA5, 0x26, 0x8C, 0xD1, 0x5A, 0x2D, 0xD5, 0x89, 0x9F, 0xD2, 0x51, 0x3C, 0x8F,
    0x97, 0x6B, 0xA9, 0x49, 0x41, 0xCC, 0xE5, 0x0D, 0x41, 0x85, 0x43, 0x47, 0xE0, 0x72, 0x92, 0x6E,
    0x13, 0xB9, 0xB3, 0xD2, 0x23, 0xCE, 0x7B, 0x5A, 0xB1, 0x54, 0x36, 0xE3, 0x7C, 0x6A, 0xA9, 0x2B,
    0x05, 0xF5, 0x01, 0x0A, 0x49, 0x37, 0xCF, 0x18, 0x13, 0xD5, 0xE5, 0x8D, 0x2B, 0x1C, 0x12, 0xCC,
    0x9E, 0xA5, 0x9E, 0x17, 0xD4, 0x1F, 0x9E, 0x29, 0x5F, 0x0D, 0xD5, 0x2F, 0xC1, 0xD4, 0x9C, 0xD7,
    0x9D, 0xC3, 0x72, 0x91, 0xC1, 0x14, 0xCA, 0x6C, 0xEB, 0x34, 0x7F, 0xBE, 0xBC, 0xCC, 0x68, 0x8C,
    0xC7, 0x34, 0x70, 0x31, 0x11, 0xC8, 0x9C, 0xE6, 0x35, 0xEE, 0xA5, 0x3B, 0x76, 0xB7, 0xCD, 0x3E,
    0xCB, 0xE4, 0x2E, 0x10, 0x39, 0x15, 0x77, 0xF6, 0x13, 0xFD, 0xB6, 0x41, 0x21, 0x6A, 0xD3, 0x03,
    0xA4, 0xC6, 0x14, 0x81, 0xF9, 0xD8, 0x54, 0x80, 0x6C, 0x52, 0x83, 0x8E, 0x44, 0x2D, 0xCC, 0x8E,
    0x41, 0xA7, 0xA9, 0x81, 0xB3, 0xD4, 0xF4, 0xDC, 0xFC, 0xE3, 0xF2, 0xF2, 0x02, 0x95, 0x87, 0x34,
    0x88, 0xC5, 0x0D, 0x77, 0x04, 0x2D, 0x50, 0x8F, 0xDB, 0xC0, 0xFC, 0xC7, 0xD4, 0x1E, 0xB1, 0x01,
    0x57, 0xE3, 0x33, 0xFE, 0x7D, 0x88, 0x1E, 0xD5, 0x11, 0x51, 0xC5, 0x3D, 0x52, 0x70, 0x52, 0xF6,
    0x27, 0xF6, 0x64, 0x8A, 0x22, 0x4E, 0xFB, 0x31, 0xCC, 0x22, 0x76, 0xEB, 0x03, 0x1A, 0xCB, 0x93,
    0x78, 0x80, 0xE3, 0x08, 0xC8, 0x56, 0x63, 0x92, 0x4C, 0x76, 0x3B, 0x47, 0xBB, 0xC7, 0xC9, 0xC4,
    0x9E, 0xBF, 0xDD, 0xC0, 0x33, 0x5E, 0xD6, 0xCA, 0x07, 0xDD, 0x57, 0x01, 0xAA, 0xFA, 0x92, 0x85,
    0x18, 0x57, 0x20, 0x2C, 0x3D, 0x5C, 0xA3, 0xED, 0x03, 0xE8, 0xCF, 0x1E, 0x34, 0xE7, 0x13, 0xDD,
    0x41, 0xC4, 0xDF, 0xBB, 0x11, 0xA2, 0x77, 0x61, 0x0B, 0x5B, 0x29, 0x0E, 0xA7, 0x84, 0x27, 0x7B,
    0x3D, 0xE4, 0x09, 0x61, 0x1B, 0xB4, 0xCB, 0x55, 0x51, 0x9A, 0x1B, 0xC2, 0xB1, 0x32, 0x9C, 0x14,
    0x6E, 0xFD, 0xF0, 0x52, 0x89, 0x35, 0x86, 0xA0, 0x2A, 0x2A, 0xFE, 0x12, 0x64, 0xAF, 0xFF, 0xDA,
    0x23, 0xC1, 0xF2, 0x3C, 0x00, 0xEC, 0x45, 0xE7, 0x3C, 0x91, 0x76, 0xF7, 0x19, 0x00, 0x62, 0x8D,
    0x6B, 0xB7, 0xC3, 0x18, 0xC5, 0x27, 0xC5, 0x52, 0x01, 0xE0, 0xD2, 0x00, 0xF2, 0x9C, 0x4C, 0x9D,
    0xB1, 0xF7, 0xD4, 0x4E, 0x2C, 0x78, 0x32, 0xC6, 0xB1, 0xE8, 0x12, 0x18, 0x37, 0x60, 0x32, 0x41,
    0x17, 0x82, 0xCF, 0x79, 0xE4, 0x5D, 0x2C, 0xDA, 0x53, 0xCB, 0xE4, 0x4D, 0x93, 0x4F, 0x5C, 0xD8,
    0x7C, 0xE1, 0x57, 0x96, 0xE1, 0x6B, 0x1C, 0x1B, 0xFA, 0xF1, 0xE8, 0x25, 0x66, 0x7E, 0x7F, 0xEB,
    0x30, 0xAB, 0x1E, 0x10, 0xA2, 0x37, 0xCF, 0xE3, 0xC7, 0x33, 0x8C, 0xCA, 0xD0, 0x8F, 0xDF, 0xA0,
    0x1F, 0xAF, 0xD3, 0x89, 0x1F, 0xA7, 0xF9, 0x3C, 0xC1, 0x01, 0xE5, 0x57, 0xF7, 0xC0, 0x0C, 0xA2,
    0x4A, 0x8B, 0x97, 0xD7, 0x25, 0x70, 0xFE, 0x38, 0x9C, 0x7A, 0x79, 0xC4, 0x24, 0x40, 0x9C, 0xE2,
    0xAF, 0xCF, 0x6D, 0x01, 0xFE, 0x67, 0xD6, 0xC9, 0x68, 0xEB, 0x64, 0x7C, 0x92, 0x6E, 0x33, 0x91,
    0xEE, 0x52, 0x75, 0xFC, 0xC7, 0xE3, 0x3F, 0xF5, 0x3B, 0x52, 0x74, 0xEB, 0x73, 0x92, 0x7F, 0xA2,
    0xC4, 0xFF, 0xD0, 0x1D, 0x48, 0xFC, 0x1C, 0x8E, 0xE7, 0x88, 0x60, 0x51, 0x37, 0x1A, 0xF2, 0x79,
    0xBF, 0x09, 0x24, 0x4A, 0x8F, 0xEB, 0xBB, 0xFD, 0x81, 0xE1, 0x54, 0x79, 0x03, 0x74, 0x6A, 0x9B,
    0x57, 0x26, 0xD5, 0xB1, 0x7F, 0x7A, 0x7B, 0xB7, 0x3F, 0x79, 0x4E, 0xA1, 0x77, 0x79, 0xA5, 0x77,
    0x49, 0x91, 0x66, 0xE5, 0xD6, 0x6C, 0x21, 0x97, 0xCA, 0xE4, 0xA5, 0x67, 0x71, 0xEC, 0x9F, 0x04,
    0xCD, 0x59, 0xBE, 0x2D, 0x77, 0x39, 0xDD, 0x7F, 0x35, 0x64, 0x94, 0x21, 0xD1, 0x1B, 0x19, 0x90,
    0x2B, 0x3A, 0x68, 0x73, 0xF3, 0x01, 0x38, 0x34, 0x8C, 0x50, 0xCB, 0x9A, 0x34, 0x00, 0xB2, 0x25,
    0xF8, 0x87, 0x1F, 0x31, 0x6F, 0x83, 0x0C, 0x0F, 0x79, 0x82, 0xD4, 0x0E, 0x93, 0x43, 0xC4, 0x9F,
    0x45, 0x4D, 0xC2, 0x2E, 0x0B, 0xDB, 0x31, 0x67, 0xB6, 0x9B, 0x9C, 0x93, 0x1B, 0xE4, 0x76, 0x21,
    0x26, 0xA4, 0xE5, 0x41, 0xF2, 0x58, 0x61, 0x42, 0x99, 0xFF, 0x7E, 0x40, 0x45, 0x73, 0x66, 0x50,
    0xD8, 0x15, 0xE6, 0xE7, 0x0F, 0x01, 0x3A, 0x96, 0xE2, 0x75, 0xE7, 0x7E, 0xE3, 0x73, 0x1B, 0xD4,
    0x63, 0x0D, 0x04, 0x51, 0xA9, 0xB6, 0xA8, 0x5E, 0x15, 0x18, 0x70, 0xDA, 0xC0, 0x63, 0xA3, 0x0E,
    0xD2, 0xC1, 0xA0, 0x87, 0x04, 0xD5, 0x1F, 0x80, 0x3D, 0x8F, 0x1A, 0x83, 0x8C, 0x1A, 0xFB, 0x09,
    0x7E, 0xC3, 0xB3, 0x74, 0x1D, 0xDD, 0x41, 0xF7, 0x12, 0x15, 0xA2, 0x47, 0x94, 0xF9, 0x19, 0xFB,
    0xC7, 0x43, 0xEB, 0xBB, 0x14, 0xC5, 0xFF, 0xF4, 0xC9, 0x0D, 0xFD, 0x35, 0x7B, 0x39, 0xDD, 0xB9,
    0xC5, 0x75, 0x89, 0x27, 0x83, 0xFA, 0xD5, 0xF5, 0x80, 0xB5, 0x60, 0xB9, 0x9F, 0x1B, 0x4D, 0x83,
    0x4F, 0xD7, 0xCB, 0x9C, 0x0E, 0x40, 0x29, 0x91, 0xEB, 0x6C, 0x9C, 0xF4, 0x47, 0x64, 0x26, 0x85,
    0x72, 0xEF, 0x91, 0xAB, 0x6F, 0x9A, 0x4B, 0x17, 0x86, 0x52, 0x03, 0xBF, 0xA3, 0x08, 0x35, 0x6A,
    0xC2, 0x66, 0xA5, 0xD8, 0x71, 0xD2, 0xD0, 0xD8, 0x58, 0x3C, 0x19, 0x13, 0x5B, 0x3C, 0x28, 0x1C,
    0xC2, 0x9B, 0x03, 0x2C, 0xD6, 0xC4, 0xDF, 0x61, 0x5D, 0x75, 0x0B, 0x54, 0x4A, 0xFB, 0x16, 0xE2,
    0xE4, 0xA0, 0xEA, 0xC9, 0x6B, 0x8F, 0x88, 0x2D, 0x2B, 0x68, 0x0E, 0x5F, 0x69, 0xFD, 0x9C, 0x41,
    0xE5, 0xC5, 0x14, 0x14, 0xD4, 0x97, 0xA3, 0x05, 0xC4, 0xDB, 0xC5, 0x82, 0x6A, 0x0B, 0x43, 0x0C,
    0x47, 0x3A, 0xF5, 0xA1, 0xB2, 0x66, 0xE8, 0xA9, 0x73, 0xA1, 0xE0, 0xC6, 0x69, 0x8B, 0xCA, 0x4B,
    0x62, 0x7B, 0x20, 0x73, 0x0F, 0x5A, 0xD2, 0x89, 0x37, 0xA6, 0x19, 0xCA, 0xCA, 0x9C, 0xED, 0xA1,
    0xB7, 0xC5, 0x53, 0xBF, 0xB6, 0x67, 0x4B, 0x8A, 0xA5, 0xC0, 0x42, 0x42, 0x4C, 0x6F, 0x92, 0xBF,
    0x77, 0x58, 0xE7, 0x30, 0x94, 0xDE, 0x9C, 0x07, 0xE0, 0xEB, 0xB7, 0x29, 0xC3, 0xC7, 0x0C, 0x07,
    0xD8, 0x7E, 0xC9, 0xC5, 0x8A, 0xDD, 0x61, 0xB5, 0x6A, 0x34, 0xD7, 0x94, 0x2B, 0xC2, 0xE5, 0xCF,
    0xC2, 0x5C, 0xA3, 0x2A, 0xC5, 0x11, 0x97, 0x98, 0x30, 0x81, 0x46, 0xBF, 0x35, 0x9B, 0x30, 0x55,
    0x62, 0xA9, 0x29, 0x26, 0x4C, 0x67, 0xB3, 0xD4, 0x0D, 0x5B, 0x61, 0x32, 0x71, 0xAA, 0x03, 0xA1,
    0x14, 0x08, 0x4A, 0xF5, 0x1C, 0x4A, 0x6B, 0xB3, 0xBF, 0xD7, 0x0F, 0x5C, 0xD5, 0xEF, 0xA9, 0xFC,
    0xB3, 0xB5, 0x58, 0x7E, 0xD9, 0x8E, 0xC9, 0x6F, 0x9E, 0x9D, 0x33, 0x48, 0x3A, 0x32, 0xCA, 0x95,
    0x79, 0x57, 0x6C, 0xB6, 0x74, 0x17, 0x70, 0xFA, 0x1D, 0x95, 0x51, 0x21, 0xCA, 0x95, 0x05, 0x26,
    0x4E, 0x77, 0x85, 0xB9, 0x24, 0x8A, 0x10, 0xB3, 0x3F, 0x4A, 0x18, 0xE7, 0x10, 0x6F, 0x27, 0x88,
    0x0F, 0x3F, 0x11, 0xF1, 0xEC, 0x35, 0x11, 0xAF, 0x8E, 0x99, 0x4D, 0x65, 0xCE, 0xE1, 0x05, 0x35,
    0xF1, 0x0E, 0xC7, 0x96, 0x16, 0xD8, 0x6A, 0x19, 0xAE, 0xB4, 0x19, 0x08, 0x56, 0xC6, 0xCA, 0x99,
    0x34, 0x8E, 0x14, 0x92, 0x60, 0xAC, 0x33, 0xA4, 0x34, 0x4E, 0x78, 0x34, 0x41, 0xA3, 0x08, 0x25,
    0x45, 0x80, 0x51, 0xCB, 0xAC, 0x9A, 0xDB, 0xCF, 0xF8, 0x3B, 0x5D, 0xC3, 0xD7, 0xF3, 0xBD, 0x04,
    0x26, 0xD1, 0xAC, 0x84, 0x3E, 0xE3, 0x29, 0x80, 0x7A, 0xF2, 0x2E, 0xCD, 0x2E, 0x24, 0xD8, 0x5F,
    0x2C, 0x82, 0x6C, 0x86, 0x2B, 0x45, 0x2A, 0x75, 0xD6, 0x8F, 0x33, 0x5C, 0xA2, 0x9A, 0x3D, 0xB5,
    0x4F, 0x96, 0x85, 0xD4, 0x91, 0x99, 0xE3, 0x21, 0x52, 0x2B, 0x32, 0xAD, 0xDB, 0x60, 0x46, 0xA2,
    0x19, 0x89, 0x52, 0x93, 0x39, 0xD3, 0x5A, 0x08, 0x6C, 0xD7, 0xEF, 0xB8, 0xC1, 0x8C, 0xBC, 0x79,
    0xD9, 0x95, 0xD9, 0x9A, 0x81, 0x8A, 0x9A, 0xB7, 0xE8, 0x55, 0x0C, 0x2A, 0xE7, 0xC3, 0xA4, 0x99,
    0x81, 0x65, 0x39, 0x36, 0xB5, 0x7E, 0x83, 0xB9, 0x43, 0xF4, 0x31, 0x8B, 0xD6, 0xB2, 0xFC, 0xE0,
    0x7E, 0x18, 0xC2, 0xD1, 0x07, 0x07, 0x22, 0xF2, 0xF9, 0xA1, 0x4C, 0x6C, 0x49, 0x75, 0xD2, 0x36,
    0xC3, 0xA9, 0x05, 0x81, 0xD4, 0x3B, 0xC4, 0x31, 0xDF, 0x6A, 0x0C, 0x12, 0x0B, 0x88, 0x82, 0x43,
    0x03, 0x00, 0x7D, 0x05, 0x51, 0xBB, 0xCF, 0x2B, 0x6B, 0x72, 0x1A, 0xDD, 0xC6, 0xB4, 0xF3, 0xE3,
    0xA2, 0x34, 0x8D, 0x55, 0x49, 0x95, 0xBB, 0xDB, 0xCF, 0x58, 0x6F, 0x81, 0xC8, 0x2A, 0xAE, 0x7F,
    0x52, 0xB3, 0x55, 0x49, 0x0D, 0x18, 0xA4, 0x35, 0xAE, 0x7F, 0xAC, 0x81, 0x47, 0x53, 0x27, 0xC3,
    0xFB, 0x2F, 0xEA, 0xD8, 0x98, 0xE7, 0x35, 0x30, 0x08, 0x13, 0xE3, 0x55, 0x13, 0xD7, 0xAF, 0xB9,
    0x49, 0x8E, 0x62, 0x56, 0x68, 0x09, 0xAA, 0xB0, 0x72, 0x7C, 0xF4, 0xAC, 0x42, 0xDE, 0x2F, 0x78,
    0x8E, 0xDC, 0xFF, 0x76, 0x42, 0x6C, 0x24, 0x7E, 0xE3, 0x98, 0xD3, 0x16, 0x3A, 0xA4, 0xCC, 0x05,
    0x72, 0xC7, 0x40, 0x2E, 0x2D, 0x6C, 0x3C, 0x37, 0x76, 0x86, 0x17, 0x7F, 0x72, 0x47, 0x8E, 0x28,
    0x19, 0x04, 0x8A, 0x13, 0x76, 0x04, 0x84, 0x62, 0x24, 0x14, 0x43, 0xA1, 0x18, 0x0B, 0xC5, 0x60,
    0x08, 0x1A, 0x16, 0x0E, 0xC1, 0x63, 0x04, 0x84, 0x75, 0x93, 0x37, 0x98, 0x70, 0xBE, 0xC1, 0xA9,
    0xD1, 0x35, 0x55, 0x25, 0x3B, 0x59, 0xC6, 0x6E, 0x5B, 0x14, 0xAC, 0xE1, 0x16, 0xDF, 0x92, 0xC4,
    0x03, 0xC3, 0x74, 0xD7, 0x16, 0x11, 0x52, 0x04, 0x11, 0xAD, 0x1F, 0xAE, 0x15, 0x81, 0xA4, 0x08,
    0x25, 0x45, 0x30, 0x29, 0xC6, 0x49, 0x80, 0xB2, 0x5B, 0xDA, 0xDA, 0xB9, 0x2D, 0x6D, 0x25, 0x63,
    0x03, 0xBE, 0x75, 0x95, 0x48, 0x95, 0xC5, 0x2D, 0x44, 0x0C, 0x17, 0x6B, 0x28, 0x84, 0xAB, 0x80,
    0x8E, 0xDF, 0x2E, 0x0B, 0xA9, 0x89, 0x23, 0xB3, 0x9E, 0x4C, 0x5C, 0x99, 0xAD, 0x8A, 0x26, 0x87,
    0x48, 0xAD, 0xCA, 0xB4, 0x9C, 0x9D, 0x7A, 0xB2, 0x51, 0x4F, 0x3B, 0x5B, 0x9D, 0xF7, 0x4D, 0x6B,
    0x11, 0xB0, 0x85, 0x6D, 0x4C, 0x65, 0x6B, 0x43, 0xE5, 0xDD, 0xD4, 0xF0, 0xBA, 0xEF, 0x4D, 0xB7,
    0x6A, 0xA0, 0x78, 0xCF, 0x5D, 0x39, 0xD0, 0xFA, 0x5B, 0x2C, 0xCF, 0x7B, 0x4D, 0xBA, 0x5B, 0x20,
    0x38, 0x73, 0x00, 0xAC, 0xCF, 0x60, 0xE6, 0xE3, 0x37, 0x09, 0xDA, 0x24, 0x82, 0xB3, 0xDF, 0xC6,
    0x77, 0x66, 0x0B, 0x45, 0x6B, 0x6E, 0xB5, 0x36, 0xC7, 0x7A, 0xBC, 0x56, 0x5B, 0x96, 0x6A, 0xF3,
    0xE8, 0x79, 0x75, 0xBA, 0x4D, 0x9E, 0x6C, 0xF5, 0xA8, 0x72, 0xB7, 0x1A, 0x05, 0x87, 0x65, 0x5E,
    0x94, 0x2F, 0xC4, 0xEB, 0x98, 0x79, 0xF8, 0x26, 0xC3, 0xB4, 0x06, 0x88, 0x22, 0x75, 0xF8, 0xE8,
    0x01, 0x49, 0x3C, 0x61, 0x18, 0x06, 0x04, 0x05, 0xC4, 0x07, 0x03, 0x40, 0xA9, 0xC7, 0x2D, 0x2D,
    0x64, 0x0F, 0x3B, 0x0E, 0x43, 0x07, 0x5A, 0xC1, 0xE2, 0x99, 0x98, 0x37, 0x2C, 0x7D, 0x5A, 0x73,
    0xB1, 0x99, 0x43, 0x65, 0xCE, 0x04, 0xC4, 0x89, 0x85, 0xBD, 0x1B, 0x2D, 0xFD, 0x5F, 0x3A, 0xB7,
    0x7C, 0x24, 0x27, 0x7A, 0xA7, 0xE6, 0xB9, 0xFF, 0x4A, 0x1B, 0xD7, 0xC3, 0x9B, 0x02, 0x2B, 0x4F,
    0x06, 0x6F, 0xC5, 0xB5, 0xF3, 0x0D, 0xA6, 0x3E, 0x51, 0x8B, 0x77, 0xC3, 0x3F, 0x08, 0x10, 0xE0,
    0x2B, 0xFC, 0x08, 0x91, 0x1D, 0xD2, 0x36, 0x54, 0xA6, 0x2A, 0x33, 0x9C, 0x3D, 0xF3, 0x82, 0xD7,
    0xE8, 0xA3, 0x87, 0x4B, 0x77, 0xB4, 0x88, 0xBF, 0x42, 0x09, 0xC4, 0xDF, 0xD0, 0xF2, 0xFE, 0x6F,
    0x69, 0xAD, 0xFF, 0xF7, 0xB4, 0xAA, 0x90, 0x36, 0x18, 0x78, 0xBC, 0xCD, 0x80, 0x57, 0x00, 0x95,
    0xDB, 0xDB, 0x82, 0x2C, 0xBF, 0x01, 0x33, 0xE3, 0xE6, 0x1F, 0xEF, 0x2F, 0x74, 0x2B, 0x29, 0x36,
    0xD5, 0x9B, 0x55, 0x38, 0xAC, 0x06, 0xA1, 0xF9, 0xC3, 0x56, 0xCC, 0xF8, 0x79, 0xE1, 0xE0, 0x7E,
    0xA3, 0x73, 0x0B, 0x44, 0x0A, 0x92, 0x73, 0x40, 0x0A, 0x84, 0x0E, 0x48, 0xC5, 0xB8, 0xD5, 0x01,
    0x57, 0x5C, 0x01, 0xEB, 0x41, 0x75, 0xF0, 0x46, 0x6C, 0x6F, 0x7B, 0xFD, 0x17, 0xEE, 0x9E, 0x8B,
    0x99, 0x63, 0x45, 0x40, 0xF3, 0xAA, 0xB0, 0xA3, 0x13, 0xD0, 0xFB, 0x65, 0x90, 0xE8, 0x63, 0x09,
    0x44, 0x73, 0xC3, 0xDB, 0x7C, 0x88, 0xA0, 0x5F, 0x5F, 0xED, 0xD6, 0x0C, 0x6C, 0xD8, 0x60, 0x68,
    0x07, 0x91, 0xDD, 0x18, 0xD8, 0xE9, 0x4D, 0x7B, 0xFF, 0xC1, 0xFC, 0x1F, 0xDD, 0x58, 0x31, 0xAF,
    0x24, 0x47, 0x11, 0xAE, 0xDD, 0xC1, 0x37, 0xC2, 0x23, 0xBD, 0xB9, 0xE4, 0x49, 0x48, 0x16, 0x1A,
    0x87, 0x08, 0x9D, 0x3D, 0xA9, 0x83, 0x07, 0x3D, 0x22, 0x71, 0xE0, 0xE4, 0x82, 0x5B, 0x11, 0x92,
    0x9B, 0xE0, 0xF9, 0x07, 0x1C, 0x37, 0x03, 0x04, 0x04, 0x4E, 0x4E, 0x22, 0x24, 0x79, 0x42, 0x20,
    0x21, 0x59, 0x42, 0xFE, 0x03, 0xF7, 0x66, 0x30, 0x81, 0x45, 0x80, 0x34, 0x20, 0x5D, 0xEC, 0x46,
    0x1C, 0x24, 0x04, 0x6E, 0xA4, 0x41, 0xF4, 0xD9, 0xB3, 0xDB, 0x7C, 0x5F, 0xF5, 0xCC, 0xEE, 0x7A,
    0x6E, 0x1F, 0xCF, 0x36, 0x01, 0x88, 0xD9, 0xE9, 0xEA, 0x9E, 0xEE, 0xEA, 0xEA, 0xAE, 0xEA, 0xAE,
    0xAF, 0xBB, 0xF6, 0xEA, 0xEA, 0xE6, 0xE7, 0xAE, 0x54, 0xF7, 0x92, 0x26, 0x3B, 0x93, 0xB5, 0x17,
    0x71, 0x92, 0x8C, 0x72, 0xF6, 0x9E, 0xBC, 0xF1, 0xF3, 0x4E, 0xAE, 0xE4, 0xCB, 0xBF, 0xA2, 0xF4,
    0x0D, 0x91, 0x33, 0x69, 0x43, 0x73, 0x95, 0xCB, 0xD5, 0x3D, 0xB9, 0x7A, 0x5F, 0xAE, 0xAA, 0xFF,
    0x48, 0x24, 0x9E, 0x75, 0x23, 0x99, 0xC8, 0x3D, 0xA1, 0xD8, 0x8B, 0x75, 0x73, 0xB6, 0x6E, 0x92,
    0x1F, 0x35, 0xF2, 0x9D, 0x86, 0x0D, 0x5F, 0xEE, 0x15, 0xD9, 0x6C, 0x36, 0x10, 0x17, 0xAA, 0x39,
    0x2D, 0xBF, 0xCF, 0x51, 0xB1, 0xB9, 0x5F, 0x07, 0x3C, 0xF6, 0x98, 0xB2, 0xFA, 0x01, 0x4B, 0xE3,
    0x81, 0x6C, 0xE6, 0xA7, 0x0A, 0xF3, 0x63, 0x4F, 0x95, 0x3E, 0x2F, 0xDF, 0x37, 0xD7, 0x57, 0xF5,
    0x9B, 0xC3, 0xFF, 0xC2, 0xCB, 0xE9, 0x74, 0x07, 0xA2, 0x73, 0xDF, 0x2B, 0x70, 0xD4, 0x20, 0xE3,
    0xCA, 0xAF, 0x7D, 0x32, 0xA4, 0x43, 0xE6, 0x72, 0xFC, 0x0A, 0x5B, 0x5A, 0xD3, 0xA7, 0x63, 0xE6,
    0xF9, 0x95, 0xDB, 0xBC, 0x2F, 0xBA, 0xB2, 0x2B, 0x1B, 0x53, 0x19, 0x29, 0xD8, 0xDA, 0x97, 0x9D,
    0xE9, 0x0C, 0xBE, 0x6B, 0xA9, 0xE5, 0x5A, 0x9E, 0x48, 0xCD, 0xEF, 0xAE, 0xEC, 0x8B, 0x3E, 0xB7,
    0x99, 0x4B, 0x5D, 0x82, 0xDF, 0x7A, 0x90, 0x31, 0x71, 0x2B, 0x8F, 0x92, 0x47, 0x0D, 0x64, 0xA7,
    0x03, 0x5B, 0xF3, 0x1E, 0x23, 0x20, 0x95, 0x5D, 0x61, 0xD1, 0xC7, 0xA2, 0x6F, 0xDF, 0x36, 0xE9,
    0x98, 0xBB, 0xCC, 0x17, 0x18, 0xAF, 0xD4, 0xB6, 0x1C, 0x6D, 0x79, 0x6F, 0x9A, 0xA2, 0x33, 0x55,
    0xD9, 0xD5, 0x52, 0x36, 0xB5, 0x98, 0xEA, 0x5A, 0x0C, 0x46, 0x2B, 0x9C, 0xE9, 0xB5, 0x6F, 0x5F,
    0x37, 0x68, 0xAB, 0x4C, 0xD7, 0x8A, 0x69, 0x90, 0xAA, 0x1D, 0xE6, 0xB3, 0x45, 0x1A, 0xE5, 0x7A,
    0x35, 0xCA, 0x93, 0x95, 0xC7, 0xCC, 0x82, 0x98, 0x2E, 0x90, 0xA7, 0x22, 0x7F, 0x01, 0x99, 0x94,
    0x9D, 0xB9, 0xA2, 0x4B, 0x5D, 0xDE, 0x25, 0x98, 0x4F, 0xE2, 0xB2, 0x7E, 0x3D, 0xA4, 0x56, 0x72,
    0x2B, 0xCB, 0x84, 0xDD, 0x34, 0xCE, 0x69, 0x73, 0xF9, 0x8F, 0x07, 0xA7, 0x78, 0x62, 0xEA, 0x63,
    0xCA, 0xBA, 0x98, 0xD2, 0x4E, 0x6E, 0xE2, 0xBD, 0x4D, 0x26, 0xEB, 0x8E, 0x79, 0x3E, 0xEF, 0x78,
    0xAB, 0x50, 0x65, 0xC1, 0x96, 0xC1, 0xD7, 0x61, 0xDB, 0x86, 0x5D, 0xDC, 0x8F, 0x28, 0xE0, 0x13,
    0x95, 0x79, 0xB0, 0x60, 0xB8, 0x2B, 0x72, 0x21, 0xB0, 0x96, 0x98, 0x41, 0x0C, 0x4C, 0x13, 0xAC,
    0x09, 0xCE, 0xC0, 0x3E, 0x1E, 0x66, 0x92, 0x6F, 0x89, 0xBC, 0xAA, 0x4E, 0x9B, 0xF5, 0xA5, 0x33,
    0x43, 0x09, 0xC3, 0x64, 0xBD, 0x14, 0x4D, 0xE9, 0xA4, 0xEE, 0xD1, 0xA3, 0xB5, 0x5A, 0xD2, 0x3A,
    0x25, 0x58, 0x0F, 0xAD, 0x91, 0xD0, 0x69, 0x33, 0xF2, 0xF9, 0x7B, 0x6E, 0x3F, 0x88, 0x92, 0x16,
    0xBE, 0x9B, 0x38, 0xCA, 0x4F, 0xC3, 0x10, 0xD5, 0x00, 0x85, 0x82, 0x52, 0x74, 0x2C, 0x96, 0xDD,
    0x0E, 0x73, 0xD3, 0x09, 0x70, 0x6F, 0xC9, 0x2E, 0x16, 0xF1, 0xC3, 0x6A, 0xCE, 0xC5, 0x28, 0x40,
    0x8B, 0x51, 0x80, 0xF2, 0x46, 0x01, 0x2A, 0x21, 0x0A, 0x50, 0xB9, 0x51, 0x00, 0x47, 0x9B, 0x04,
    0x88, 0xFC, 0xBA, 0x9A, 0x04, 0x28, 0x8F, 0xDD, 0x17, 0x27, 0x01, 0x51, 0x74, 0xF6, 0x5C, 0x56,
    0x9C, 0x2C, 0x04, 0x98, 0xD0, 0x64, 0x01, 0x3D, 0x20, 0x20, 0x84, 0xBE, 0xE0, 0x64, 0xB1, 0xAB,
    0xC7, 0xCC, 0x99, 0x66, 0x4B, 0x01, 0x70, 0x1C, 0x67, 0xE0, 0x04, 0x10, 0x90, 0x0C, 0xC9, 0x60,
    0xB0, 0xFB, 0x38, 0x49, 0x14, 0xE9, 0x1C, 0x10, 0x30, 0x17, 0xD7, 0xA3, 0xCC, 0xBC, 0x98, 0xC1,
    0x2C, 0x81, 0x33, 0x98, 0xE4, 0x96, 0x98, 0xC1, 0x34, 0x1A, 0x55, 0x98, 0xE6, 0x70, 0xB0, 0xD9,
    0xC2, 0x6E, 0x0B, 0xDB, 0x2D, 0xEC, 0xB7, 0xB0, 0xE1, 0xC2, 0x8E, 0x0B, 0x5B, 0x2E, 0xEC, 0xB9,
    0xB0, 0xE9, 0xC2, 0xAE, 0x0B, 0xDB, 0x2E, 0xED, 0xFB, 0x82, 0x8D, 0x17, 0x76, 0x5E, 0xD8, 0xFA,
    0x33, 0xF6, 0x2E, 0x9F, 0xC9, 0xB1, 0xCD, 0x03, 0x87, 0xD8, 0xDB, 0x3D, 0x01, 0xAE, 0x1F, 0xD9,
    0x3E, 0x1D, 0xCA, 0xEE, 0xC8, 0xFE, 0x99, 0xCD, 0xBB, 0xA3, 0x35, 0xC8, 0x7A, 0xFA, 0xC6, 0x7E,
    0x1D, 0x72, 0xFD, 0xDC, 0xAF, 0x85, 0xB6, 0x1E, 0xD6, 0x43, 0xFB, 0x1E, 0xD6, 0x44, 0x25, 0x1F,
    0xD6, 0x45, 0xC7, 0x3D, 0x5A, 0x9B, 0x30, 0xD9, 0xF8, 0x30, 0x67, 0x62, 0x64, 0x01, 0xEC, 0x2B,
    0xF7, 0x28, 0x09, 0x53, 0xBA, 0x64, 0xCC, 0x6D, 0xEA, 0x8B, 0x3E, 0x1D, 0x8A, 0x3E, 0x03, 0xA2,
    0x69, 0xB2, 0x65, 0x03, 0x54, 0xAB, 0x90, 0x24, 0xEF, 0x98, 0xC8, 0xB7, 0x0A, 0xE4, 0x5C, 0xED,
    0xC8, 0xBB, 0xDE, 0x92, 0x7B, 0x3D, 0x92, 0x5F, 0xA9, 0x4D, 0x3C, 0xFB, 0x40, 0xAB, 0x8A, 0x48,
    0xC5, 0x3E, 0x13, 0x25, 0x02, 0x76, 0x85, 0x62, 0x2E, 0x70, 0xD5, 0x46, 0xD4, 0x05, 0x6A, 0x12,
    0x3D, 0x1D, 0xA5, 0x50, 0x5E, 0x6E, 0x13, 0x26, 0x9F, 0x59, 0xA2, 0x30, 0xD1, 0x98, 0xA8, 0x2C,
    0xA3, 0xD1, 0x91, 0x4B, 0xA5, 0x71, 0x44, 0x72, 0xAF, 0x46, 0xF2, 0xCB, 0x96, 0x3D, 0x64, 0xCB,
    0x3E, 0xB2, 0x63, 0x2F, 0xB9, 0x66, 0x1F, 0x79, 0xA4, 0xD4, 0xC8, 0x9D, 0xC7, 0xB0, 0x3C, 0x36,
    0x62, 0x89, 0x45, 0xAF, 0xB1, 0xF5, 0xB7, 0xA6, 0x4A, 0xBC, 0xE2, 0xA9, 0xD5, 0x99, 0x76, 0xB0,
    0xED, 0x2A, 0x60, 0xB1, 0xE8, 0x21, 0xB8, 0xA3, 0x00, 0x12, 0xA4, 0xED, 0x5E, 0xA8, 0x32, 0x36,
    0x8A, 0x49, 0x51, 0xC7, 0x36, 0xF2, 0xC4, 0x4A, 0x1F, 0x19, 0x51, 0x69, 0xB0, 0x6E, 0x05, 0x78,
    0x33, 0xFA, 0x1D, 0xF7, 0x43, 0x80, 0x3F, 0x2C, 0x2B, 0xD7, 0xE8, 0x9C, 0xD2, 0x13, 0x86, 0xD8,
    0x06, 0x1E, 0x56, 0xB1, 0x99, 0x6C, 0xAC, 0x12, 0x82, 0x91, 0x4C, 0xE5, 0x57, 0x6B, 0x7B, 0x5F,
    0xC4, 0x9B, 0x7E, 0xC0, 0x30, 0xC5, 0x8F, 0x47, 0x49, 0x42, 0x95, 0x63, 0xBC, 0x40, 0x8C, 0x93,
    0xDA, 0x05, 0xCC, 0xA1, 0xD8, 0x41, 0x4A, 0xF9, 0x66, 0xD8, 0xE5, 0x4D, 0xFD, 0x41, 0x18, 0x8D,
    0x6D, 0x3B, 0x00, 0xA5, 0xAB, 0x7F, 0xC3, 0x72, 0xF9, 0x56, 0x08, 0x90, 0x57, 0xF2, 0xF0, 0x94,
    0xE0, 0x5A, 0x5C, 0xC2, 0x00, 0x7C, 0x5B, 0x4C, 0xA6, 0x78, 0x77, 0xA4, 0xE4, 0x3F, 0x40, 0xCE,
    0x5D, 0x1D, 0xE5, 0x68, 0x74, 0xE8, 0x6C, 0xFA, 0x03, 0x29, 0x3E, 0x43, 0xBA, 0x5B, 0x88, 0xBD,
    0x95, 0xC8, 0x89, 0x67, 0x8F, 0xDE, 0x96, 0xF0, 0xEC, 0xB4, 0x14, 0x81, 0xF9, 0x95, 0x1D, 0xED,
    0x0B, 0x4D, 0x33, 0x9E, 0x30, 0xC5, 0xEE, 0x12, 0x6E, 0x67, 0x69, 0xF0, 0x0E, 0x90, 0x53, 0x37,
    0x52, 0x37, 0xE7, 0xC2, 0x8F, 0x1C, 0x87, 0x26, 0x48, 0x4B, 0x02, 0x9B, 0xE6, 0x7F, 0x44, 0xBF,
    0xEC, 0x23, 0x28, 0xA9, 0xA8, 0x98, 0xD1, 0x00, 0x19, 0xD7, 0x25, 0x1B, 0x08, 0x04, 0x74, 0xFB,
    0xD4, 0xCE, 0x64, 0xF1, 0x68, 0x1D, 0xD7, 0x48, 0x4A, 0x3F, 0x97, 0x58, 0xB7, 0xBF, 0x93, 0xD8,
    0x03, 0x99, 0xFB, 0xBC, 0x5E, 0x29, 0xFC, 0x48, 0xED, 0x15, 0x67, 0x9A, 0x22, 0x7C, 0xB2, 0xF9,
    0x7E, 0xD8, 0x62, 0x7D, 0x27, 0x36, 0xAC, 0x81, 0xE2, 0x84, 0x5C, 0x86, 0x9D, 0xF2, 0xCA, 0x86,
    0x56, 0x87, 0x6F, 0x86, 0xF0, 0x58, 0x62, 0x3B, 0x1C, 0x38, 0xF2, 0x3B, 0x29, 0xC2, 0x2F, 0xE4,
    0x4E, 0x8B, 0x7B, 0x02, 0xA1, 0xE6, 0x4E, 0xA8, 0x5E, 0x8F, 0xF0, 0x76, 0x34, 0xCB, 0x15, 0x01,
    0x17, 0x53, 0xCB, 0x5C, 0xC4, 0x2D, 0x1A, 0xB6, 0xAE, 0x14, 0x48, 0xD7, 0x63, 0x6C, 0xCA, 0x5D,
    0xC4, 0x30, 0x36, 0xE1, 0xCC, 0x5B, 0x41, 0x6E, 0xF2, 0xE9, 0x88, 0x1E, 0xC4, 0x73, 0xDC, 0x43,
    0xF4, 0x6E, 0x54, 0x74, 0x2F, 0xCB, 0xCB, 0x93, 0xCC, 0x44, 0x17, 0xE7, 0xCF, 0xBF, 0x27, 0x0D,
    0x41, 0xF7, 0xE1, 0xA8, 0xFA, 0xD0, 0x7C, 0x91, 0x8A, 0xF1, 0xDA, 0xBA, 0xE5, 0x14, 0xFE, 0xF9,
    0x31, 0xCB, 0x3F, 0xFD, 0xDD, 0xBE, 0x2F, 0xCE, 0xEC, 0x87, 0xF2, 0xD2, 0xC5, 0xE3, 0xAF, 0x3E,
    0x6C, 0xF2, 0x1F, 0xB8, 0xE2, 0x91, 0xC3, 0x69, 0x9E, 0x87, 0x1E, 0xBB, 0x2E, 0x09, 0x4D, 0xCD,
    0x6B, 0xC2, 0x18, 0x69, 0xAC, 0xC9, 0x83, 0x2B, 0x82, 0x3D, 0xBB, 0xB0, 0x67, 0x0F, 0x6D, 0xEC,
    0x7B, 0xBE, 0x79, 0x60, 0xB0, 0x73, 0xF5, 0x55, 0xA9, 0x83, 0x6E, 0x0F, 0x77, 0x80, 0x63, 0xA3,
    0xD6, 0xBB, 0x96, 0x88, 0xB9, 0x07, 0x16, 0xFB, 0x5F, 0x63, 0x39, 0xDF, 0x54, 0xC0, 0xDC, 0xE9,
    0x6D, 0xE4, 0xF6, 0x77, 0xCF, 0xFC, 0xB4, 0xBA, 0x9D, 0xF9, 0xE9, 0x41, 0xF8, 0x66, 0x13, 0xEF,
    0x4A, 0x72, 0xC3, 0x2F, 0x3E, 0x9B, 0x1B, 0x5A, 0xA7, 0xCE, 0x41, 0x5D, 0x0A, 0x9E, 0x34, 0xF9,
    0xD5, 0x7A, 0xEF, 0x5C, 0xB3, 0x87, 0x05, 0x29, 0xD5, 0xCD, 0x1C, 0xEE, 0x61, 0xC6, 0xAE, 0x67,
    0x5F, 0xEB, 0x24, 0x54, 0x74, 0xB8, 0x4E, 0x4F, 0xFB, 0xB7, 0x2B, 0x54, 0xBF, 0x8D, 0x2D, 0x47,
    0xB8, 0xAA, 0x69, 0x0D, 0xBD, 0x88, 0x04, 0x25, 0x15, 0xB1, 0xAE, 0x8A, 0x80, 0x17, 0xDD, 0x2E,
    0xDF, 0xCD, 0x9B, 0x89, 0x1E, 0xB2, 0xA2, 0x47, 0x28, 0x49, 0xF4, 0xB0, 0x24, 0x21, 0x30, 0x2A,
    0x14, 0x46, 0x17, 0xE5, 0xDE, 0x7D, 0x81, 0xD8, 0xD9, 0xFE, 0xB9, 0x95, 0xDB, 0x1E, 0xE5, 0xCB,
    0xFA, 0xBD, 0x2B, 0xBB, 0xD9, 0x9F, 0x89, 0x9D, 0x47, 0x75, 0x07, 0x3E, 0xDA, 0x25, 0xF7, 0x11,
    0x6C, 0x7C, 0xB4, 0x88, 0x57, 0x73, 0x64, 0x5E, 0x6D, 0x81, 0x8C, 0x86, 0xC8, 0xBC, 0x5A, 0x21,
    0xF3, 0x6A, 0x82, 0xCC, 0xAB, 0xFE, 0x9A, 0xE1, 0xE0, 0xF5, 0xAA, 0x39, 0x33, 0xA8, 0xCD, 0xCC,
    0x50, 0x8A, 0xEA, 0x8A, 0x8C, 0x8A, 0x42, 0x3B, 0xAA, 0x8A, 0x8C, 0x7A, 0x22, 0x51, 0xB5, 0x74,
    0x9F, 0x65, 0xF6, 0xDF, 0xAB, 0x84, 0xA3, 0x8D, 0x73, 0xCF, 0x47, 0x55, 0x06, 0xD9, 0xF4, 0x15,
    0xDB, 0xA0, 0xD1, 0xAA, 0x7D, 0x46, 0xC5, 0x72, 0xA0, 0x09, 0xE1, 0x9B, 0x97, 0x03, 0x5C, 0x06,
    0x9E, 0xB7, 0x43, 0x41, 0x1D, 0xF2, 0xB1, 0x70, 0x38, 0xB2, 0x12, 0x66, 0x23, 0x4F, 0x15, 0xB7,
    0xFE, 0x95, 0x66, 0xDC, 0xDF, 0x31, 0x4B, 0x47, 0xCD, 0x72, 0xAF, 0x59, 0x8D, 0x40, 0x8A, 0x3A,
    0xF5, 0xCC, 0xF2, 0x50, 0x31, 0xC3, 0xC8, 0xCC, 0x70, 0x04, 0x32, 0xC3, 0xE2, 0x6B, 0xD6, 0x68,
    0xD6, 0x46, 0x70, 0xAB, 0x6F, 0x52, 0xA1, 0xD7, 0x36, 0x5A, 0x1E, 0x68, 0x82, 0xA5, 0x58, 0x21,
    0x9B, 0xBE, 0xA6, 0x36, 0x84, 0xC0, 0x6E, 0x4E, 0xE7, 0x9B, 0xEF, 0xB9, 0x09, 0xE2, 0xDC, 0x8B,
    0x31, 0x05, 0x53, 0xD1, 0xC5, 0x54, 0x1E, 0x25, 0xD3, 0x1C, 0xA5, 0x2A, 0xA6, 0x5A, 0x0E, 0xA9,
    0x9D, 0xD2, 0x6E, 0x9F, 0x02, 0x41, 0x59, 0x81, 0x17, 0x64, 0x2B, 0xE1, 0xBB, 0x74, 0xB2, 0x84,
    0x81, 0xE7, 0x4C, 0x7A, 0x12, 0x7B, 0x82, 0xF4, 0x7B, 0x96, 0x86, 0x84, 0xDD, 0x46, 0x12, 0xC4,
    0x16, 0xEB, 0x5F, 0x42, 0x2F, 0x45, 0xCB, 0x2F, 0x42, 0xE4, 0x95, 0xC0, 0x10, 0x08, 0x24, 0x25,
    0xC9, 0xC3, 0xF3, 0x4B, 0x04, 0x4B, 0x03, 0x22, 0xC9, 0x3D, 0xA9, 0xF7, 0xE4, 0x50, 0xA7, 0x2C,
    0xCA, 0xAC, 0xDD, 0x54, 0x80, 0x8A, 0xC2, 0x16, 0x20, 0xE6, 0x04, 0x4F, 0x02, 0x67, 0x7E, 0x1A,
    0x08, 0x53, 0x98, 0x33, 0x49, 0x4F, 0x62, 0x4F, 0x90, 0x3E, 0xB2, 0x28, 0xB3, 0x76, 0x9B, 0x04,
    0x34, 0x87, 0x50, 0x0E, 0xE9, 0x1B, 0x59, 0xF7, 0x8E, 0x79, 0xEB, 0x03, 0x5F, 0xFF, 0xED, 0xA3,
    0x11, 0x1E, 0x83, 0xD0, 0x69, 0xAB, 0x1E, 0x8E, 0x29, 0x34, 0xF5, 0xA7, 0x1F, 0x7B, 0xF3, 0x93,
    0x0F, 0xFD, 0x6B, 0x59, 0xF7, 0xFE, 0x71, 0x9F, 0xA3, 0x40, 0xEB, 0xC4, 0xC3, 0xD0, 0x3A, 0x43,
    0x88, 0x9F, 0xF8, 0xC4, 0xAF, 0x47, 0x00, 0xEF, 0x88, 0x48, 0xF9, 0x09, 0xD0, 0x22, 0x1E, 0x97,
    0x77, 0xA6, 0x43, 0xB7, 0x8D, 0xC7, 0x65, 0xAA, 0x88, 0xC6, 0x10, 0xF1, 0xB1, 0xBC, 0x84, 0xB1,
    0x5B, 0xCA, 0x04, 0xEA, 0xBC, 0xA6, 0xB2, 0xBE, 0x2E, 0xFF, 0x2F, 0xCF, 0xB7, 0x95, 0x5E, 0x4A,
    0x3B, 0xE8, 0xFE, 0xA8, 0x78, 0xBD, 0x78, 0xEF, 0xD4, 0xF5, 0x62, 0x75, 0x19, 0x3E, 0xA1, 0x07,
    0xE6, 0xCB, 0x35, 0xFA, 0xED, 0x80, 0x35, 0xF2, 0xA7, 0xD6, 0xA8, 0x7E, 0xF7, 0x43, 0x7F, 0x71,
    0xBC, 0x46, 0xF9, 0xE2, 0x8A, 0xF6, 0x05, 0x65, 0xDD, 0x3B, 0x21, 0x6B, 0x0A, 0xBB, 0xE2, 0x09,
    0x3A, 0x63, 0x1C, 0xDC, 0xB6, 0x88, 0x1E, 0x5A, 0x3B, 0x3D, 0x68, 0xB1, 0x90, 0x64, 0x44, 0x96,
    0xE8, 0xFD, 0x56, 0x19, 0xC1, 0x32, 0xC5, 0x61, 0xF1, 0xB4, 0x8D, 0x27, 0xF2, 0x8D, 0x12, 0x4F,
    0x31, 0xAE, 0xE2, 0x7D, 0x28, 0x0D, 0xCA, 0x98, 0x05, 0x95, 0xC8, 0xCC, 0x54, 0x5A, 0x79, 0xBD,
    0xE7, 0xBA, 0x49, 0xE2, 0xAA, 0xE5, 0x1D, 0xAD, 0xD0, 0x5B, 0x4F, 0x4D, 0x83, 0xBF, 0x63, 0xFE,
    0x1A, 0x76, 0x3F, 0xF3, 0x5F, 0x8B, 0x87, 0x26, 0xF7, 0xA3, 0x9E, 0x25, 0xBC, 0xDA, 0x1D, 0xED,
    0xD4, 0x67, 0xF3, 0x4E, 0x6D, 0xA6, 0x9D, 0xEA, 0xB1, 0x50, 0x8F, 0x79, 0xE7, 0xE3, 0x7F, 0x0F,
    0x3C, 0x02, 0x9B, 0xB8, 0x47, 0x79, 0x01, 0xA3, 0x98, 0x0A, 0x64, 0xFD, 0xA7, 0xF1, 0x42, 0xD2,
    0xE7, 0x63, 0xC0, 0x35, 0x9D, 0x6B, 0xCA, 0x5E, 0xFC, 0x03, 0x44, 0xDD, 0xD7, 0x1D, 0xC8, 0x79,
    0x1D, 0xFE, 0x72, 0x1F, 0xE2, 0x07, 0xEE, 0x82, 0x2D, 0xA2, 0x93, 0x2D, 0x7A, 0xFC, 0x7D, 0x7C,
    0x24, 0xF2, 0xC3, 0xF1, 0x2B, 0xD1, 0x40, 0x31, 0x6A, 0x03, 0x34, 0xC7, 0xC0, 0x0D, 0xE0, 0x1C,
    0x63, 0x37, 0xA0, 0x5F, 0x0C, 0xA6, 0x50, 0x88, 0x11, 0x1C, 0xA0, 0x27, 0x06, 0x71, 0x00, 0xC3,
    0x18, 0xC7, 0xC1, 0xED, 0x62, 0x28, 0xA7, 0xA1, 0x14, 0xA3, 0xB9, 0xB9, 0x60, 0x11, 0x68, 0xFD,
    0x0B, 0xED, 0x55, 0xBD, 0x72, 0xD4, 0x30, 0x10, 0xFE, 0xEE, 0xCC, 0xC4, 0x03, 0x2E, 0x4C, 0x13,
    0x0A, 0x0A, 0xD4, 0xA7, 0x51, 0x43, 0x8D, 0xF4, 0x08, 0x54, 0xBC, 0x03, 0x34, 0x79, 0x81, 0xCC,
    0xC8, 0x1D, 0xED, 0x3D, 0x02, 0x0D, 0x8D, 0x1B, 0xDE, 0x00, 0xE9, 0x11, 0xD4, 0xD1, 0xBA, 0x08,
    0x33, 0x4C, 0x52, 0x60, 0x06, 0x33, 0x1C, 0x97, 0xB3, 0x97, 0x6F, 0x7D, 0xE1, 0x42, 0xC2, 0xF0,
    0x37, 0xB4, 0xF8, 0xF4, 0x45, 0xD6, 0x6A, 0x77, 0xB5, 0x3F, 0x9F, 0x1C, 0x1C, 0xAF, 0x51, 0x88,
    0x34, 0xF5, 0x14, 0xB3, 0xE9, 0xEA, 0xDE, 0xA5, 0x72, 0xED, 0x9A, 0x62, 0xEB, 0x7C, 0xB1, 0x0D,
    0x7E, 0x37, 0xCF, 0x6B, 0xCA, 0x75, 0x5F, 0xF5, 0x54, 0x1F, 0xB4, 0x3B, 0x99, 0x4E, 0x80, 0xE9,
    0xEA, 0x01, 0x24, 0xD1, 0x59, 0x42, 0x45, 0x18, 0xC2, 0xBD, 0x4F, 0x10, 0x9B, 0x96, 0xA3, 0x4D,
    0xE5, 0x60, 0x53, 0xDD, 0xD9, 0xA4, 0x3F, 0x27, 0xB2, 0x55, 0x1C, 0xB5, 0xF1, 0x1D, 0x60, 0x93,
    0xC2, 0x88, 0x78, 0x85, 0x3D, 0x6B, 0x61, 0x3D, 0xE0, 0x14, 0x66, 0x80, 0x8B, 0x02, 0xB7, 0x91,
    0xE6, 0x00, 0x8E, 0x7A, 0x26, 0x1D, 0x12, 0x91, 0xEF, 0x94, 0x51, 0x7F, 0xC4, 0x42, 0x3A, 0x68,
    0x2C, 0x4B, 0xC6, 0x54, 0xED, 0x73, 0xA0, 0xED, 0xF3, 0x11, 0xEE, 0x58, 0x52, 0x98, 0x62, 0x17,
    0x32, 0x65, 0x4D, 0x31, 0x10, 0xBD, 0xCD, 0xFB, 0x1C, 0xBC, 0xDA, 0x45, 0x91, 0xA4, 0x78, 0xD6,
    0x46, 0x5A, 0x05, 0x9E, 0x2A, 0xC0, 0x72, 0x0B, 0x14, 0x6B, 0xA0, 0xEA, 0x79, 0x64, 0xA6, 0xB3,
    0x06, 0x88, 0x60, 0xAE, 0xBB, 0xAD, 0x72, 0x00, 0x6A, 0x1E, 0x8B, 0xFB, 0x2B, 0x9E, 0x3B, 0xA1,
    0xA6, 0xBD, 0xE9, 0x2C, 0xB3, 0xAB, 0x7A, 0x93, 0xAA, 0x4E, 0xF3, 0x64, 0x3C, 0x7E, 0xA1, 0x7B,
    0x9B, 0x98, 0x1D, 0xE5, 0xA1, 0x29, 0xD6, 0x9C, 0x07, 0xBB, 0x89, 0x7D, 0x45, 0x7D, 0xC4, 0x2F,
    0xB4, 0x7F, 0x4C, 0xFB, 0x51, 0xED, 0x1B, 0x9B, 0x5D, 0x76, 0x9E, 0x71, 0xF2, 0xD0, 0x79, 0xCE,
    0x76, 0x30, 0x72, 0x31, 0x94, 0xF2, 0xA6, 0xC7, 0xD3, 0xAA, 0x3F, 0xE4, 0x89, 0x2E, 0xD9, 0x6C,
    0x58, 0x8B, 0x92, 0x7E, 0x11, 0x19, 0xC0, 0x23, 0x5C, 0xC3, 0xB3, 0xD8, 0x22, 0x88, 0xCC, 0xB8,
    0xB9, 0x77, 0xD4, 0xB6, 0x14, 0x73, 0xF0, 0x85, 0xB5, 0x77, 0xAA, 0xA2, 0xCF, 0x7E, 0xB9, 0x5C,
    0x17, 0x43, 0xD5, 0xD7, 0xD9, 0x68, 0x83, 0x1A, 0xE7, 0x83, 0x0F, 0x2C, 0x87, 0xF3, 0x7C, 0x6F,
    0xD8, 0xBA, 0x5C, 0xF5, 0xC5, 0xB0, 0x5C, 0x07, 0xD6, 0xC2, 0x70, 0x55, 0xF7, 0x65, 0x5F, 0x0E,
    0xC5, 0x7A, 0xFF, 0x1B, 0xCA, 0x9E, 0xD6, 0x9D, 0xA1, 0x6D, 0xC0, 0xC8, 0xC6, 0x8D, 0x0C, 0x52,
    0xCE, 0x85, 0xE5, 0x0C, 0x7E, 0xA2, 0xD5, 0xCF, 0x80, 0x7F, 0x20, 0xE0, 0x82, 0x3D, 0x97, 0xC6,
    0x71, 0xB8, 0xE6, 0x21, 0x5D, 0xFD, 0x7A, 0xC4, 0x53, 0x12, 0x53, 0xC0, 0x0A, 0x26, 0xAD, 0xE4,
    0x91, 0xAF, 0xF3, 0x65, 0x7B, 0x13, 0x3D, 0x79, 0x94, 0x23, 0x89, 0xC8, 0x8E, 0xD3, 0xB7, 0xBE,
    0x9A, 0x4D, 0xFB, 0x82, 0x75, 0xE9, 0x15, 0x08, 0x6B, 0x94, 0xCA, 0xD0, 0x4D, 0x4C, 0xCA, 0xE3,
    0x5D, 0xFF, 0xAD, 0xB2, 0xDC, 0xC3, 0x50, 0xF9, 0x4E, 0xA4, 0x9F, 0xBA, 0x57, 0x6E, 0xB8, 0x54,
    0xF7, 0xEC, 0x72, 0x57, 0x69, 0x90, 0x91, 0x2C, 0xFA, 0x7F, 0x2B, 0xFE, 0xDF, 0x0A, 0xBD, 0x15,
    0x0B, 0x59, 0x31, 0xA9, 0x2D, 0xDC, 0x99, 0xE0, 0x1E, 0x02, 0x70, 0x48, 0x32, 0x6A, 0x60, 0x2F,
    0x03, 0x5E, 0xB3, 0x92, 0xF1, 0x09, 0x9B, 0x2A, 0x11, 0xD5, 0xE8, 0xB0, 0x23, 0xEB, 0x04, 0xCB,
    0xC4, 0x9C, 0x37, 0x89, 0x21, 0xE6, 0x19, 0xD0, 0xBA, 0xDF, 0xA6, 0x3C, 0x36, 0x4A, 0xE6, 0x05,
    0xF5, 0xBE, 0x11, 0xDB, 0x5E, 0x12, 0x3B, 0xF8, 0xBA, 0x0B, 0x2C, 0x8C, 0xCE, 0xBA, 0x56, 0xB9,
    0xEE, 0xAB, 0x1E, 0x63, 0x67, 0x26, 0x11, 0xF5, 0x87, 0x11, 0xC5, 0x67, 0x25, 0x88, 0x12, 0x3E,
    0xCF, 0x73, 0xF9, 0x71, 0x4B, 0x2B, 0xDE, 0xC9, 0x14, 0x7C, 0x84, 0x36, 0x6B, 0x05, 0xCB, 0x78,
    0x03, 0x6F, 0xF1, 0x03, 0xC4, 0xE6, 0xD6, 0x4C, 0x4A, 0x93, 0x45, 0xA4, 0x9B, 0xD1, 0xBE, 0xCA,
    0xCC, 0x20, 0xAB, 0x2E, 0xF3, 0x6B, 0xEC, 0x85, 0x30, 0x0E, 0xDE, 0xCA, 0xB8, 0x52, 0x4E, 0x5C,
    0x07, 0x49, 0x3B, 0xFD, 0xE1, 0x17, 0xE1, 0x07, 0xDB, 0x85, 0x60, 0x2A, 0xB7, 0xF4, 0xD1, 0x63,
    0x8A, 0x0D, 0x34, 0x95, 0x1D, 0xF4, 0x1E, 0x75, 0x98, 0x2A, 0xFA, 0x2E, 0x46, 0xEA, 0xCA, 0xF7,
    0xFF, 0x8D, 0xF4, 0x19, 0x99, 0x7D, 0x37, 0xC9, 0x27, 0xD9, 0xF2, 0xE0, 0xF3, 0x51, 0x66, 0x0D,
    0x2A, 0xFE, 0xE6, 0xCF, 0xDF, 0x7C, 0xBF, 0x26, 0x7B, 0xCA, 0xA8, 0xA8, 0x7B, 0x21, 0x5E, 0x7C,
    0x48, 0xEC, 0xD9, 0x1E, 0xBA, 0x56, 0xB9, 0x66, 0x3E, 0xEB, 0xDD, 0xCC, 0x8C, 0x58, 0xB2, 0xFA,
    0x46, 0x59, 0xB1, 0xA1, 0x37, 0x7F, 0x17, 0xF6, 0x2D, 0xAF, 0x12, 0xAB, 0x88, 0x03, 0xC1, 0x7D,
    0x4A, 0xC8, 0x16, 0x5E, 0xE9, 0x89, 0x7A, 0x1D, 0x0E, 0x56, 0x7A, 0xF9, 0x76, 0x23, 0xD0, 0x39,
    0x3F, 0x0C, 0x9B, 0x2B, 0xC9, 0xE5, 0x98, 0xF8, 0xB1, 0xF1, 0x88, 0xFE, 0x2B, 0xB5, 0x58, 0x3D,
    0x8F, 0xDE, 0xC6, 0x11, 0x5E, 0x92, 0x90, 0x5E, 0x20, 0x04, 0xBC, 0x6A, 0xAE, 0x12, 0x0C, 0xA6,
    0x0E, 0x02, 0xB0, 0x55, 0xE1, 0x60, 0x29, 0xF9, 0x07, 0x44, 0xC5, 0x51, 0x85, 0x03, 0xC4, 0x29,
    0xD2, 0x04, 0x29, 0xAE, 0x49, 0x91, 0x2A, 0xE4, 0x45, 0x40, 0x9A, 0x34, 0x02, 0x82, 0x6B, 0xE2,
    0xC2, 0x4D, 0x20, 0x20, 0x48, 0x71, 0x2E, 0xDD, 0x91, 0x89, 0xFF, 0x00, 0x15, 0xE1, 0x6A, 0x33,
    0x8E, 0x2C, 0x17, 0x2A, 0x44, 0xC7, 0x94, 0xC3, 0x93, 0x48, 0x4E, 0x9E, 0x79, 0x96, 0xBC, 0x7B,
    0xDF, 0xFB, 0x40, 0x2C, 0x20, 0x39, 0x48, 0xCF, 0xCC, 0xBE, 0x5C, 0xCE, 0xCE, 0xCE, 0xCE, 0xCE,
    0x07, 0xCD, 0xED, 0x39, 0x33, 0xC6, 0x88, 0xF4, 0xC6, 0x44, 0x22, 0xB3, 0x31, 0x76, 0xFE, 0x89,
    0x18, 0x93, 0xF6, 0x46, 0x4A, 0xE3, 0x1A, 0x53, 0xD4, 0xC6, 0xD5, 0xE6, 0x07, 0xA5, 0x32, 0xF8,
    0x2B, 0xCA, 0xBD, 0x3C, 0xDF, 0x2F, 0x4A, 0x27, 0x32, 0xEE, 0x60, 0x8D, 0x59, 0x98, 0x49, 0x6C,
    0x14, 0xD3, 0x5E, 0xD1, 0xCE, 0xC5, 0x49, 0x7E, 0x1F, 0x92, 0x45, 0x5A, 0xE3, 0xF1, 0x36, 0x51,
    0xA5, 0x9A, 0x2B, 0xF1, 0x24, 0xDF, 0x07, 0x42, 0xE6, 0x2E, 0x1A, 0x1B, 0x95, 0xC0, 0x77, 0x63,
    0x9D, 0xF4, 0x43, 0x0B, 0x38, 0x98, 0x7F, 0x6A, 0x4C, 0x2C, 0x32, 0x71, 0x0A, 0x94, 0x96, 0xD7,
    0x22, 0x75, 0x24, 0x77, 0x5B, 0xE9, 0xE2, 0x31, 0xAC, 0xA5, 0x4F, 0xBA, 0xA8, 0x7E, 0x31, 0xA6,
    0x6D, 0x74, 0xF8, 0x74, 0x74, 0x75, 0x7C, 0xEF, 0xB3, 0xA9, 0x28, 0x6D, 0x54, 0x9B, 0x2A, 0x7B,
    0x67, 0x53, 0x1A, 0xC9, 0x54, 0x98, 0x98, 0xF7, 0x2C, 0xF1, 0x1D, 0x60, 0xF6, 0xEB, 0x77, 0x15,
    0x3F, 0x79, 0x4F, 0xB1, 0xBB, 0x63, 0x4C, 0x75, 0xD8, 0xFE, 0x0A, 0xBB, 0xFE, 0x5B, 0xF3, 0x09,
    0x16, 0x79, 0x5A, 0x77, 0xE1, 0xE4, 0xFE, 0x7D, 0xD8, 0x46, 0x63, 0x22, 0xF7, 0xEA, 0x78, 0xB4,
    0x12, 0xD5, 0x49, 0x1F, 0xC9, 0xFB, 0x65, 0xD5, 0x06, 0x22, 0x7F, 0x91, 0xDA, 0x14, 0x34, 0xA2,
    0xA3, 0x41, 0xEF, 0x14, 0x6A, 0x5C, 0x15, 0x66, 0x8C, 0x0A, 0x33, 0x46, 0x85, 0x51, 0x73, 0x43,
    0xCD, 0x3B, 0xCE, 0x9C, 0x4D, 0x20, 0xA7, 0x07, 0x52, 0x46, 0x92, 0x99, 0xAA, 0xB1, 0xD8, 0x6B,
    0xDA, 0x25, 0x78, 0x64, 0x07, 0x07, 0x3B, 0x45, 0xA3, 0xDA, 0x25, 0x82, 0xE6, 0xFA, 0x66, 0x45,
    0x94, 0x8C, 0x68, 0x6C, 0x5B, 0x3C, 0x02, 0xFE, 0x53, 0x1A, 0xE0, 0x0B, 0xA9, 0x25, 0xB3, 0xF2,
    0x3C, 0x03, 0xCE, 0x3A, 0x53, 0x25, 0x15, 0xB5, 0xED, 0xD5, 0xB2, 0xB6, 0x8B, 0x26, 0xD7, 0xD9,
    0x6E, 0x33, 0x26, 0x83, 0x6D, 0xED, 0x60, 0x27, 0xDB, 0xBA, 0x2E, 0x92, 0xCF, 0xBF, 0x90, 0x26,
    0xD0, 0x73, 0x29, 0xBD, 0x26, 0x8B, 0x56, 0x5E, 0xC3, 0x82, 0x27, 0xB5, 0x83, 0x27, 0x79, 0x7E,
    0x7F, 0x75, 0x85, 0xB7, 0x45, 0x48, 0xC8, 0x76, 0x11, 0xD2, 0xAE, 0x9D, 0xBF, 0x57, 0x9D, 0x64,
    0x7C, 0xA9, 0x5E, 0xF1, 0x5A, 0xC9, 0xE6, 0xE0, 0xD4, 0xD0, 0x7D, 0x31, 0x4A, 0xBC, 0x55, 0x4F,
    0x0F, 0xB0, 0xF9, 0xAA, 0x8E, 0x26, 0x35, 0x53, 0x80, 0x7F, 0x33, 0x19, 0xE0, 0xCF, 0x4D, 0x30,
    0xE9, 0x3B, 0xDB, 0xE8, 0xDD, 0x67, 0x1B, 0x75, 0xE6, 0x8A, 0x97, 0x9F, 0x1A, 0x31, 0xE6, 0x0C,
    0x39, 0xC7, 0x40, 0x4E, 0x91, 0x85, 0x6A, 0xF1, 0x2C, 0x7D, 0x95, 0xE7, 0xC2, 0x99, 0x1E, 0x27,
    0x62, 0xCB, 0x69, 0xBF, 0x20, 0x9A, 0x91, 0xC8, 0xE9, 0x87, 0xD5, 0xC3, 0xD7, 0x73, 0x56, 0xFC,
    0x9E, 0x97, 0xA3, 0x38, 0x56, 0x32, 0x14, 0xF3, 0x81, 0xCC, 0x07, 0x63, 0xD1, 0x87, 0xD2, 0xE2,
    0xE4, 0x1B, 0x23, 0x75, 0x20, 0xD8, 0x2B, 0x6C, 0x76, 0x46, 0xCA, 0xC0, 0x93, 0xD0, 0x93, 0xC8,
    0x93, 0x8D, 0x27, 0xD6, 0x93, 0xC4, 0x93, 0xD4, 0x13, 0xE7, 0x49, 0x51, 0x91, 0xCC, 0x24, 0x87,
    0x23, 0xC9, 0x6F, 0x3D, 0x79, 0xD8, 0x2B, 0x31, 0x9B, 0x8E, 0xEA, 0x59, 0xAF, 0xF2, 0x0D, 0x3A,
    0x9B, 0x2E, 0x63, 0xD2, 0x36, 0x54, 0x1B, 0x2B, 0x69, 0x3D, 0xE9, 0x3D, 0x19, 0x3D, 0x99, 0x49,
    0x26, 0xF1, 0x04, 0x9A, 0x2A, 0x41, 0x10, 0x51, 0x02, 0x8F, 0x4E, 0x5B, 0x1A, 0x45, 0x64, 0x97,
    0x84, 0x33, 0x76, 0x84, 0x29, 0x33, 0x8E, 0x93, 0xC4, 0xB5, 0xD7, 0xCF, 0x0C, 0x24, 0xD1, 0x29,
    0x46, 0x3E, 0x26, 0x71, 0x9F, 0x93, 0xA4, 0x42, 0x62, 0x3D, 0xD9, 0x78, 0x12, 0x7A, 0x62, 0x16,
    0x52, 0xB4, 0x90, 0xF0, 0xC8, 0x1F, 0x1C, 0x83, 0x86, 0x67, 0xE0, 0xF9, 0xBA, 0xE9, 0xA3, 0x0F,
    0xB0, 0x25, 0xEE, 0xDE, 0xB8, 0x6E, 0x61, 0xEC, 0xB0, 0x30, 0x9B, 0x71, 0x61, 0xA2, 0x31, 0xC5,
    0x0B, 0xD7, 0x30, 0x7B, 0x72, 0xB4, 0x33, 0xD9, 0xAE, 0x4C, 0xD2, 0x7B, 0x26, 0xA8, 0xBC, 0x64,
    0x51, 0x4F, 0x5D, 0x18, 0xB3, 0x30, 0xBD, 0x67, 0x8E, 0x72, 0x63, 0x96, 0xB7, 0xBE, 0x2B, 0x53,
    0x2E, 0x4C, 0x81, 0x9B, 0x6F, 0xBC, 0xBF, 0x96, 0x9E, 0xB1, 0x88, 0x08, 0xDE, 0xD1, 0xF0, 0xCB,
    0xBA, 0x77, 0x5D, 0x6C, 0x3E, 0xE3, 0xC4, 0x5F, 0x20, 0xBF, 0xFD, 0xC5, 0xA7, 0x11, 0xFB, 0x17,
    0x0E, 0x06, 0x58, 0xB8, 0xCD, 0xB8, 0x72, 0xD1, 0x08, 0xFB, 0x3E, 0x5A, 0xB8, 0x0A, 0x27, 0x4F,
    0x2E, 0xD4, 0xAD, 0x90, 0x8B, 0xE5, 0x8F, 0x5C, 0x1F, 0xD1, 0x71, 0xC0, 0x81, 0xEA, 0xF6, 0x07,
    0xDB, 0x99, 0x44, 0x7F, 0xAB, 0x10, 0x81, 0x96, 0x75, 0x1B, 0xCA, 0x56, 0x2E, 0x53, 0x71, 0xCA,
    0x0D, 0xD0, 0x53, 0x25, 0x1F, 0x7D, 0x38, 0xE8, 0x95, 0x9F, 0xD4, 0x13, 0xB1, 0xEC, 0x4D, 0xDA,
    0x37, 0x52, 0x9D, 0x03, 0x0D, 0x74, 0x01, 0xA3, 0x5F, 0xDA, 0x69, 0xC0, 0xAF, 0x4D, 0x66, 0xAC,
    0x72, 0x45, 0x93, 0x34, 0x26, 0xE9, 0x78, 0x7A, 0x30, 0xB7, 0x6B, 0x69, 0x76, 0x0B, 0x5D, 0x6A,
    0x9E, 0x84, 0x66, 0x20, 0x35, 0xCF, 0x06, 0x52, 0x29, 0x19, 0x6B, 0x21, 0x13, 0x3D, 0x62, 0xD2,
    0x81, 0x0B, 0x04, 0x73, 0xDA, 0x50, 0x1E, 0x1C, 0xB5, 0xC5, 0x12, 0x35, 0x76, 0x02, 0x5D, 0x43,
    0x69, 0x3C, 0x13, 0xC1, 0x3C, 0x9B, 0x21, 0xEE, 0xC1, 0x74, 0x26, 0xEE, 0x37, 0x03, 0x8C, 0xD0,
    0x61, 0x69, 0xD8, 0x20, 0x7E, 0xD3, 0x7B, 0xC6, 0x7E, 0x33, 0x98, 0x64, 0x75, 0x5C, 0x99, 0x2F,
    0x33, 0x7B, 0x92, 0x17, 0x27, 0x92, 0x57, 0x27, 0x38, 0x3D, 0x87, 0x3D, 0xE1, 0x0C, 0x5D, 0x59,
    0x64, 0x55, 0xB6, 0x44, 0x8B, 0x6B, 0xDE, 0x3A, 0xF8, 0x76, 0xCE, 0x0F, 0xBE, 0x9A, 0x72, 0x63,
    0xFF, 0x85, 0x45, 0x9E, 0xC2, 0x24, 0xF1, 0x37, 0x60, 0xBE, 0x82, 0x95, 0x36, 0x6F, 0x06, 0xAE,
    0x4F, 0xB5, 0x54, 0x23, 0x32, 0xAA, 0xAC, 0x7A, 0x3F, 0x98, 0x86, 0x46, 0x33, 0xBC, 0xB6, 0xBA,
    0xBD, 0x60, 0x65, 0x74, 0xD3, 0x90, 0x7E, 0xAA, 0x46, 0xD3, 0x4B, 0xE0, 0x49, 0x0B, 0x72, 0x94,
    0x57, 0x1D, 0x2D, 0x69, 0x7B, 0x92, 0x78, 0x20, 0xD9, 0x28, 0x09, 0xA7, 0xB7, 0x26, 0xC6, 0xEC,
    0x12, 0x1C, 0x4D, 0x38, 0xE7, 0x0F, 0x70, 0x92, 0x21, 0x17, 0xF6, 0xC4, 0x90, 0x3C, 0xA3, 0xB3,
    0x4E, 0x17, 0xD0, 0x32, 0xA4, 0x6F, 0x23, 0x7F, 0x8F, 0xE7, 0x7B, 0x1A, 0x74, 0xE5, 0x8B, 0x49,
    0xFD, 0xE6, 0xDB, 0x09, 0xFB, 0x7F, 0x3C, 0x4F, 0x7A, 0xEB, 0xD2, 0x09, 0x8B, 0x19, 0x3B, 0x21,
    0xE0, 0x20, 0x71, 0x6A, 0x15, 0xA3, 0xA8, 0x67, 0x7B, 0x8E, 0xC1, 0x85, 0x5F, 0x38, 0x07, 0xF3,
    0xE1, 0x20, 0xF0, 0x1F, 0xBC, 0xAB, 0xAF, 0xAB, 0xCC, 0xE7, 0x33, 0xE5, 0xBF, 0xE2, 0x5A, 0xFF,
    0xE0, 0xBA, 0x77, 0x7D, 0xF0, 0xD8, 0xFD, 0xBB, 0x91, 0xA3, 0x30, 0x52, 0xFD, 0x70, 0x25, 0xB6,
    0x51, 0x6F, 0xE6, 0xA9, 0x4F, 0xF7, 0xED, 0x5A, 0xCB, 0xC8, 0xE9, 0xF1, 0x80, 0xC3, 0xC9, 0x42,
    0xF8, 0x12, 0x86, 0xDF, 0x37, 0x96, 0x57, 0x2E, 0x65, 0xDC, 0x85, 0x2A, 0x6B, 0x31, 0x64, 0x79,
    0x57, 0x53, 0xCA, 0x49, 0x79, 0x43, 0x96, 0x02, 0x80, 0x68, 0x79, 0x7D, 0x13, 0x62, 0xCA, 0x84,
    0x8A, 0x9C, 0x99, 0x9F, 0x49, 0x48, 0x79, 0xA1, 0x13, 0xCA, 0xD4, 0x52, 0xE0, 0x96, 0xAE, 0x18,
    0x74, 0x5A, 0x6C, 0x1C, 0xF7, 0xCC, 0xA9, 0xE3, 0xAA, 0x95, 0xA9, 0x4E, 0x7D, 0x51, 0x01, 0x57,
    0x01, 0x89, 0xD4, 0x37, 0x32, 0x6C, 0x94, 0x3F, 0xA6, 0x23, 0x49, 0xD1, 0x29, 0xA1, 0xFF, 0x48,
    0x16, 0x31, 0x09, 0x66, 0x76, 0x22, 0x71, 0x3D, 0x49, 0xA5, 0x92, 0xE4, 0x1E, 0x5E, 0x36, 0xB9,
    0x7C, 0x24, 0x79, 0x9E, 0x79, 0x0F, 0xAE, 0x77, 0x89, 0xA1, 0xAA, 0x98, 0x39, 0x79, 0x5F, 0xEC,
    0x1D, 0x63, 0x42, 0x93, 0x30, 0x20, 0x94, 0xB1, 0x97, 0xB9, 0xAC, 0xE0, 0x5D, 0x15, 0xAB, 0xB7,
    0x5E, 0x97, 0x9E, 0xC4, 0x7A, 0x95, 0x74, 0x0E, 0x48, 0xE0, 0xD5, 0x45, 0xED, 0xA4, 0x65, 0x85,
    0x74, 0xDB, 0xB8, 0x97, 0x17, 0x5F, 0xA2, 0x62, 0x59, 0x8D, 0x7A, 0x19, 0x9F, 0xA8, 0xD2, 0xEE,
    0x25, 0x91, 0xA6, 0x28, 0x7C, 0x6D, 0x46, 0x56, 0xAF, 0x8F, 0x29, 0x8A, 0xBF, 0x63, 0xF0, 0x33,
    0xFF, 0xD4, 0xF1, 0x46, 0xA9, 0xB9, 0x60, 0xF8, 0xE6, 0x6C, 0xCE, 0x6F, 0x28, 0xED, 0xD6, 0xB5,
    0xAB, 0x5C, 0xC6, 0x7A, 0xCB, 0x75, 0xAE, 0x1F, 0x14, 0xF2, 0xFA, 0x8C, 0x3F, 0xF0, 0x59, 0x82,
    0x7F, 0x2C, 0xD9, 0x64, 0x7D, 0x22, 0x72, 0x72, 0x2C, 0xEB, 0x6B, 0xA7, 0x10, 0x50, 0x75, 0x5B,
    0xD2, 0x92, 0x61, 0x6B, 0xB0, 0xC4, 0x71, 0x3F, 0xD0, 0xB4, 0xE8, 0xEB, 0x7F, 0xBD, 0x10, 0x1A,
    0x59, 0xB9, 0x00, 0x43, 0x22, 0x3C, 0x9F, 0x39, 0x92, 0x83, 0x2C, 0x99, 0x7F, 0x29, 0xCB, 0xA0,
    0x2A, 0x51, 0x95, 0x4A, 0xBD, 0x0E, 0xB4, 0x3F, 0x68, 0xD6, 0x81, 0x9E, 0x50, 0x7B, 0x36, 0xF0,
    0xCE, 0xC7, 0xC1, 0xA1, 0x26, 0xE7, 0x0B, 0x83, 0x3D, 0x0E, 0xEE, 0x72, 0xE0, 0x6B, 0x37, 0xF1,
    0x03, 0xEB, 0x07, 0x01, 0x07, 0x4E, 0x18, 0xB5, 0x02, 0x4A, 0x73, 0x75, 0x85, 0xC0, 0x3C, 0x05,
    0x5C, 0xC7, 0x65, 0x50, 0x24, 0x1E, 0xD5, 0x23, 0xD1, 0x71, 0x94, 0x05, 0xAE, 0xC8, 0x10, 0x68,
    0x97, 0x51, 0xBB, 0xE7, 0x22, 0x8F, 0xA5, 0x0B, 0x04, 0x5A, 0x67, 0x29, 0x9A, 0x13, 0xC8, 0x08,
    0xE6, 0x0A, 0x57, 0x29, 0x96, 0x2E, 0xD1, 0x7A, 0x7B, 0x4E, 0xB1, 0xD3, 0x40, 0xDD, 0x19, 0xC1,
    0x7E, 0xBE, 0x29, 0xE5, 0x6A, 0x95, 0x60, 0xDE, 0xB2, 0xFE, 0xFF, 0x63, 0x10, 0x69, 0xCC, 0x55,
    0x64, 0x78, 0xD6, 0x3B, 0x18, 0xCD, 0xF9, 0xF1, 0xAC, 0xC9, 0x14, 0x19, 0x29, 0xA2, 0x63, 0x57,
    0x8C, 0xFB, 0xDB, 0xA8, 0xBF, 0xBB, 0x7A, 0x1B, 0xAF, 0x9E, 0x83, 0x7B, 0xA3, 0xE9, 0x99, 0x92,
    0x27, 0x62, 0x4F, 0x2C, 0x75, 0x95, 0xFB, 0x4C, 0xD9, 0xE6, 0xBB, 0x21, 0x68, 0x73, 0x09, 0xF5,
    0x06, 0x04, 0x95, 0x5A, 0xCB, 0x32, 0x18, 0xE9, 0x1D, 0xF3, 0xBE, 0x88, 0xB6, 0xEB, 0x61, 0x23,
    0x9D, 0x9D, 0xA2, 0x26, 0xED, 0xD1, 0x12, 0xA1, 0x8D, 0x71, 0x6D, 0xD4, 0xA0, 0xE9, 0xA8, 0xA3,
    0x46, 0x4B, 0x41, 0x95, 0x50, 0x95, 0x8A, 0xD0, 0xF1, 0x1C, 0x4D, 0xF4, 0xA5, 0x16, 0xCB, 0x6C,
    0x10, 0xB3, 0x73, 0xD4, 0x99, 0x5A, 0xF1, 0x2A, 0x52, 0xC2, 0x8C, 0x66, 0x05, 0xD2, 0x54, 0x32,
    0x0A, 0x0B, 0xAC, 0x92, 0x0C, 0x91, 0xFC, 0xA1, 0xA9, 0x3A, 0xBF, 0xFA, 0xD2, 0x50, 0xC4, 0xD4,
    0xCA, 0x50, 0xC3, 0x2B, 0xF4, 0x8F, 0xD7, 0xB2, 0x28, 0xF3, 0x84, 0xA7, 0x9E, 0xFA, 0x9B, 0xE3,
    0x5E, 0x72, 0x4A, 0xF1, 0x31, 0xA3, 0x66, 0xF5, 0x63, 0xDE, 0x20, 0x89, 0x7B, 0x5E, 0x36, 0xDE,
    0x9A, 0x90, 0x16, 0x86, 0x79, 0xB4, 0xA9, 0xC0, 0x45, 0x0A, 0xB5, 0x54, 0xF2, 0x21, 0x6D, 0x21,
    0xC9, 0x12, 0xE0, 0x70, 0x07, 0x7C, 0x1F, 0x6C, 0xB4, 0x81, 0xC3, 0x0D, 0xC1, 0x3D, 0x48, 0x76,
    0x66, 0x2E, 0x44, 0x2F, 0x20, 0xA4, 0xA9, 0x40, 0xD4, 0x37, 0xBA, 0x0A, 0xFC, 0xDC, 0x17, 0x46,
    0x19, 0x53, 0x82, 0x94, 0xCC, 0x09, 0xE8, 0xAE, 0x5B, 0x1F, 0x3A, 0x6E, 0x32, 0x47, 0x16, 0xC2,
    0xB0, 0xE7, 0x7D, 0xE8, 0x39, 0x6E, 0x3B, 0xB2, 0x16, 0x5E, 0x43, 0x2E, 0x89, 0x07, 0xF3, 0xBD,
    0x3F, 0x21, 0x57, 0x73, 0xBB, 0xC3, 0x92, 0x00, 0xE8, 0x1F, 0xE5, 0x36, 0xA2, 0x89, 0x47, 0x78,
    0xDE, 0x4E, 0x5F, 0x97, 0xE7, 0xDC, 0x9E, 0x75, 0x4E, 0x4C, 0x6F, 0xF0, 0xF9, 0x49, 0xEB, 0xA0,
    0x49, 0xF9, 0x88, 0x69, 0xD6, 0xAA, 0xAB, 0x3D, 0xAE, 0x58, 0xB6, 0x69, 0x56, 0xAE, 0xD4, 0xCF,
    0x16, 0x0D, 0xAF, 0xB0, 0x3E, 0x4F, 0xC5, 0x9F, 0x90, 0xDB, 0xF6, 0x9B, 0xA7, 0x4F, 0xE0, 0x37,
    0x33, 0xFD, 0x66, 0xA0, 0xDF, 0xE8, 0x49, 0x8F, 0xAE, 0xD1, 0xF3, 0xA6, 0xDF, 0xEC, 0x5F, 0xE9,
    0x37, 0xE7, 0xB8, 0xF5, 0xBB, 0x9F, 0xE9, 0xBD, 0xCD, 0x7B, 0x1E, 0xBD, 0x70, 0x4C, 0x3A, 0xFA,
    0xCD, 0x08, 0xBF, 0xE9, 0x37, 0xF2, 0x3E, 0xFC, 0x26, 0x94, 0x37, 0x2F, 0xB4, 0x0A, 0xA7, 0xDF,
    0x24, 0xCC, 0x85, 0x50, 0x48, 0x15, 0xDD, 0x5C, 0xA9, 0xFF, 0x55, 0xA9, 0x25, 0xD7, 0x66, 0x78,
    0x27, 0x5A, 0xBF, 0x75, 0xFA, 0xF9, 0x9F, 0xA3, 0x6A, 0x75, 0x5F, 0xED, 0xDB, 0xAB, 0x06, 0x5D,
    0x45, 0x2D, 0x1E, 0xB0, 0x68, 0x62, 0x5D, 0x0F, 0x37, 0xB9, 0xF0, 0x34, 0xCF, 0x3F, 0x9C, 0xB2,
    0xA5, 0xD6, 0x57, 0x6F, 0xBB, 0xA9, 0x8D, 0x90, 0xBF, 0x53, 0xB3, 0xEE, 0x09, 0xE6, 0x48, 0xF5,
    0x19, 0x93, 0x3D, 0xD3, 0xB2, 0xF1, 0xDD, 0xB8, 0xCA, 0x64, 0x72, 0x89, 0x2F, 0x3C, 0x71, 0xEB,
    0x13, 0x96, 0x29, 0x0B, 0xDC, 0x02, 0xFC, 0x8E, 0x5E, 0xB2, 0x40, 0xA0, 0x96, 0x4F, 0x7D, 0x51,
    0x54, 0x2A, 0x1C, 0x76, 0xE6, 0x4E, 0xF5, 0x72, 0x9D, 0xA2, 0xCE, 0x94, 0x68, 0x3E, 0x5A, 0x9E,
    0x96, 0xC1, 0x9F, 0x7F, 0x54, 0x95, 0xE1, 0x7C, 0x4B, 0xC1, 0x2C, 0x00, 0x47, 0xAC, 0x4A, 0x6D,
    0xB8, 0x4A, 0xED, 0xD5, 0x4A, 0x6D, 0xB4, 0x4A, 0x94, 0x21, 0xD5, 0x72, 0xB4, 0x2A, 0x4A, 0xC3,
    0x14, 0x73, 0x9C, 0xED, 0xCC, 0x95, 0xC8, 0x0A, 0x29, 0x64, 0x4D, 0x92, 0xF8, 0x3E, 0x4C, 0x63,
    0x67, 0xB8, 0xC4, 0x22, 0xFB, 0xB5, 0xD4, 0x16, 0x1D, 0x80, 0x6B, 0x91, 0x98, 0x50, 0x17, 0xA7,
    0x4A, 0x7B, 0xD7, 0xD8, 0x2E, 0x1E, 0xF4, 0xB3, 0xCA, 0x66, 0xE4, 0xC7, 0x95, 0xB1, 0xF0, 0x58,
    0x5E, 0x8D, 0xEA, 0x1A, 0xCF, 0xB6, 0x3F, 0x81, 0xE8, 0xA7, 0x94, 0x07, 0x55, 0xAF, 0xC1, 0x01,
    0xD7, 0xA8, 0xD0, 0xAC, 0xA6, 0xC8, 0x1E, 0x58, 0x83, 0x40, 0xC1, 0x1C, 0x7C, 0xC6, 0x87, 0x72,
    0x3E, 0xC7, 0x8E, 0x28, 0xF3, 0xF0, 0x2E, 0x6F, 0x69, 0x4B, 0x64, 0xC6, 0x78, 0x76, 0xF1, 0xF3,
    0xC9, 0x3E, 0xB7, 0x32, 0xEE, 0xE2, 0x7F, 0xF9, 0x48, 0x13, 0x0C, 0xEE, 0x22, 0x9E, 0x16, 0x3E,
    0x6D, 0x95, 0x0C, 0x77, 0xFD, 0xD2, 0x40, 0x46, 0x32, 0xE0, 0x4C, 0x62, 0x60, 0xD5, 0xD8, 0x57,
    0x83, 0x4B, 0xBB, 0xF4, 0xEB, 0xC1, 0xC1, 0x32, 0x4F, 0x06, 0x07, 0xCB, 0xFC, 0x75, 0x70, 0xB0,
    0x0C, 0x30, 0x5A, 0xF1, 0x9A, 0xCF, 0x7D, 0x69, 0x73, 0x7E, 0x12, 0x8C, 0xB6, 0x8C, 0x86, 0x66,
    0xE9, 0xF2, 0xF6, 0xE4, 0xB5, 0x7E, 0x6E, 0xD4, 0x3D, 0x8E, 0xDB, 0x68, 0x3E, 0x4D, 0xF0, 0xF4,
    0x0C, 0xD8, 0xDC, 0x52, 0x2D, 0x5F, 0x68, 0x1E, 0x3D, 0x10, 0x6D, 0x00, 0x53, 0xDF, 0xC5, 0xB0,
    0x87, 0x61, 0x07, 0xB3, 0x72, 0xFC, 0x4D, 0x9F, 0x06, 0xAC, 0x4A, 0x67, 0xDF, 0x80, 0xFB, 0x76,
    0x04, 0xEF, 0x76, 0x6C, 0x5A, 0xD9, 0xF5, 0x6A, 0x4B, 0xAB, 0xDF, 0x33, 0xC2, 0x99, 0x1F, 0x85,
    0x56, 0x8E, 0xBF, 0xD9, 0x11, 0x93, 0xAB, 0x81, 0xC7, 0xE0, 0xDF, 0xE5, 0x21, 0xEC, 0xAA, 0x66,
    0xF6, 0x6F, 0xE8, 0x6E, 0xF6, 0xD5, 0x78, 0xDA, 0x71, 0xF5, 0xB0, 0xE4, 0x60, 0xA7, 0xB0, 0x45,
    0x9B, 0x99, 0x31, 0x4B, 0x64, 0x5B, 0xFF, 0xD5, 0xC6, 0x35, 0x5D, 0xB2, 0x8C, 0xE7, 0x8F, 0x10,
    0xA4, 0xE0, 0xBE, 0x15, 0x9C, 0x25, 0x3E, 0x2F, 0x24, 0xF4, 0x82, 0xBB, 0xE5, 0x93, 0x88, 0xFE,
    0xFF, 0x0F, 0xCD, 0x58, 0x3F, 0x8F, 0xDC, 0x44, 0x14, 0x1F, 0xAF, 0xEF, 0xF0, 0x25, 0x8E, 0xE4,
    0x34, 0x48, 0x08, 0x10, 0xA6, 0x8E, 0x90, 0x4C, 0x49, 0x71, 0xD2, 0x58, 0x50, 0x50, 0x50, 0x40,
    0x91, 0x13, 0x25, 0xB4, 0xA1, 0x49, 0x4B, 0x75, 0x63, 0x89, 0xAF, 0x40, 0xFA, 0xD4, 0x4B, 0x01,
    0x1F, 0x00, 0xC9, 0x16, 0x9F, 0x60, 0xA5, 0x28, 0xBD, 0x0B, 0x3A, 0x8A, 0x58, 0x91, 0x05, 0xD6,
    0x9D, 0x77, 0x87, 0xF7, 0x77, 0x6C, 0xDF, 0xED, 0x5E, 0x50, 0x74, 0x27, 0xE1, 0x62, 0x7E, 0x4F,
    0x3B, 0x6F, 0xDE, 0xBC, 0x79, 0xF3, 0xFE, 0xCD, 0x1A, 0x13, 0xBE, 0xE7, 0x0C, 0xAB, 0x81, 0x31,
    0x1D, 0x19, 0x8B, 0x9E, 0xB1, 0xDE, 0xF0, 0xB4, 0x2F, 0x79, 0x7A, 0x7B, 0x65, 0xBA, 0x91, 0x69,
    0x59, 0x3D, 0x9C, 0xE1, 0x67, 0x0A, 0x4F, 0x9F, 0xB1, 0x82, 0xD9, 0x25, 0x63, 0x2C, 0xD2, 0x8D,
    0x88, 0x33, 0xB6, 0x65, 0xCC, 0x64, 0xFB, 0x78, 0xA7, 0x0C, 0xD5, 0x01, 0x06, 0x95, 0x20, 0x0A,
    0x98, 0x87, 0x66, 0xF1, 0x7D, 0x4F, 0x63, 0xC4, 0xDC, 0x09, 0x4B, 0xCB, 0x59, 0x98, 0xF3, 0x28,
    0x2B, 0xF2, 0x1E, 0x27, 0x93, 0xED, 0x05, 0x4E, 0xE6, 0xAF, 0x07, 0x9C, 0x74, 0x7F, 0x8C, 0xB0,
    0x51, 0xE4, 0x3F, 0x1F, 0x61, 0x9F, 0x64, 0xBB, 0x1A, 0x61, 0x65, 0xDE, 0xAF, 0xC6, 0xC8, 0x57,
    0x76, 0xB3, 0x1A, 0x8D, 0x6B, 0xF2, 0x12, 0x20, 0x2F, 0x8F, 0x0D, 0xC0, 0x31, 0x9E, 0x98, 0xF5,
    0xB8, 0x0B, 0x08, 0x5F, 0x2C, 0x46, 0xCA, 0xF8, 0x0E, 0x40, 0x23, 0xC6, 0x44, 0x2E, 0x21, 0x52,
    0x2B, 0xBA, 0x37, 0x31, 0xD8, 0x8D, 0x79, 0x17, 0x2F, 0xE6, 0xEB, 0x1E, 0xAC, 0x80, 0xDF, 0x56,
    0xD0, 0x33, 0xBE, 0x92, 0x9D, 0xF3, 0x6E, 0xEF, 0xB5, 0x66, 0x32, 0x6D, 0x65, 0xDA, 0xF3, 0x74,
    0x7C, 0x65, 0x5A, 0x57, 0xA7, 0x8D, 0x6C, 0x6F, 0xEE, 0xCC, 0x46, 0x04, 0x72, 0x19, 0x72, 0x35,
    0x7A, 0x51, 0x7C, 0x6D, 0x72, 0x89, 0x72, 0xA5, 0x72, 0xC1, 0x7A, 0xDD, 0x72, 0xF9, 0xE2, 0x0A,
    0xE2, 0x18, 0xEA, 0x26, 0xE2, 0x34, 0xE2, 0x42, 0xE2, 0x50, 0xFA, 0x21, 0xC7, 0x8A, 0x35, 0xC0,
    0xC3, 0x66, 0x4D, 0x88, 0x99, 0xA2, 0x0B, 0x71, 0xC1, 0xF6, 0xA0, 0xC8, 0x21, 0x13, 0x49, 0xF0,
    0xA0, 0xD5, 0x24, 0x7E, 0xD0, 0x90, 0x12, 0x42, 0xC8, 0x3C, 0x99, 0x5B, 0x2D, 0x0E, 0x3F, 0x49,
    0x2C, 0x9D, 0x9D, 0xE5, 0x9D, 0x84, 0x13, 0x7C, 0x83, 0x0D, 0xE4, 0x56, 0x82, 0x0A, 0x6E, 0xAF,
    0x0F, 0x51, 0x01, 0x17, 0xAD, 0x77, 0x0E, 0x28, 0xC1, 0x83, 0xEE, 0x20, 0xF1, 0x83, 0x1E, 0x22,
    0x31, 0x46, 0x4E, 0x43, 0x47, 0x66, 0x37, 0x21, 0x66, 0xF6, 0x1C, 0x62, 0x66, 0x67, 0x8A, 0x89,
    0x64, 0xFF, 0x22, 0x86, 0xD2, 0xEC, 0xFF, 0x78, 0xAB, 0x98, 0xB7, 0xC9, 0x78, 0x0B, 0xCB, 0x16,
    0xF5, 0x64, 0xDF, 0x78, 0x77, 0x89, 0x93, 0xD9, 0xEB, 0xBF, 0x71, 0xD2, 0xBE, 0xE8, 0x71, 0xD2,
    0xFF, 0xD4, 0xC3, 0xBE, 0xF1, 0x2E, 0x1E, 0x60, 0xCF, 0x6C, 0x88, 0x07, 0x50, 0xCE, 0xB6, 0x20,
    0xC5, 0x57, 0x45, 0x05, 0x60, 0xCD, 0x7D, 0x94, 0xF9, 0x60, 0x12, 0x7D, 0x67, 0xF0, 0x0E, 0xC2,
    0x89, 0xC9, 0x79, 0x5B, 0x51, 0x22, 0x47, 0x95, 0x3C, 0xF8, 0x04, 0x28, 0x38, 0x82, 0xA1, 0xBE,
    0xE8, 0xF1, 0xEA, 0xDC, 0x8B, 0xBE, 0xAE, 0xD0, 0x9B, 0xE8, 0x28, 0xC9, 0xEE, 0x9F, 0x81, 0xBD,
    0xA9, 0x65, 0x6F, 0xA2, 0x43, 0xE7, 0x6C, 0x82, 0x84, 0x77, 0x88, 0xDA, 0xC9, 0x52, 0x18, 0x89,
    0xDF, 0x50, 0xDC, 0x75, 0x3A, 0x5E, 0xD0, 0x28, 0xCE, 0x88, 0xE3, 0x39, 0xB9, 0x84, 0xA3, 0x80,
    0x73, 0xE4, 0x4F, 0x8E, 0x5C, 0xC9, 0x91, 0x17, 0x39, 0x72, 0x20, 0x47, 0xBE, 0xE3, 0xC8, 0xC7,
    0x1C, 0xB9, 0x97, 0x23, 0xCF, 0x72, 0xE4, 0x54, 0x2E, 0xC4, 0x27, 0x47, 0xAB, 0x25, 0xFA, 0xC4,
    0x44, 0xE8, 0x52, 0x65, 0x8C, 0x7E, 0x53, 0x85, 0xF1, 0x2F, 0xD2, 0x39, 0xA5, 0xB1, 0xA0, 0xD1,
    0xBF, 0xAA, 0x50, 0x40, 0x51, 0xA1, 0x30, 0x1C, 0x6D, 0x67, 0xF1, 0xBE, 0x1A, 0x18, 0x41, 0x2E,
    0x8C, 0xB0, 0x07, 0x8C, 0xB0, 0x1F, 0x8C, 0xB0, 0x85, 0xAD, 0x70, 0x3B, 0x5B, 0xA1, 0x4E, 0xB6,
    0x42, 0xFD, 0x6C, 0x55, 0xCF, 0x76, 0x7E, 0x40, 0xE3, 0x11, 0x8D, 0x1F, 0xB1, 0x03, 0x72, 0x56,
    0x06, 0xCB, 0xBC, 0x5F, 0xE6, 0x03, 0xF2, 0x63, 0xE8, 0xD9, 0x0A, 0xA2, 0x17, 0x65, 0xC2, 0x04,
    0x8C, 0x30, 0x01, 0x23, 0x4C, 0xC0, 0x88, 0xD9, 0x18, 0x93, 0x75, 0x8B, 0x63, 0x3E, 0x14, 0x14,
    0xC9, 0x38, 0x46, 0xFE, 0x29, 0xCA, 0x72, 0xA8, 0x33, 0x86, 0x31, 0x9C, 0xF1, 0xCB, 0xD9, 0xE9,
    0xC2, 0x78, 0x5D, 0x83, 0x47, 0xB8, 0xB8, 0x72, 0x14, 0xF5, 0x0E, 0x85, 0xE2, 0x08, 0x3B, 0x3B,
    0xFC, 0x19, 0x46, 0xD4, 0xC8, 0xE1, 0xCF, 0x30, 0xA2, 0xA6, 0x2E, 0xA2, 0x72, 0x41, 0x39, 0xC2,
    0xE1, 0xCF, 0xE6, 0x9C, 0xE2, 0xE6, 0x9C, 0x84, 0x3B, 0x8A, 0x1E, 0xD7, 0x5F, 0xBB, 0x5F, 0x1A,
    0x97, 0x85, 0x0C, 0x28, 0xAD, 0x71, 0x40, 0xE9, 0xEC, 0x71, 0x3D, 0x68, 0x51, 0xA6, 0x50, 0x5C,
    0xB1, 0x67, 0x85, 0xC2, 0x5C, 0x97, 0x9A, 0x38, 0xD0, 0x06, 0x5C, 0x9C, 0x81, 0x92, 0x0C, 0x03,
    0x94, 0x26, 0x98, 0x4A, 0x12, 0x12, 0xAE, 0xE0, 0x6B, 0x00, 0x29, 0xAB, 0x9D, 0xE6, 0x03, 0x49,
    0x2E, 0xB0, 0x9B, 0xE6, 0x96, 0x4E, 0x8B, 0x35, 0x68, 0x25, 0x99, 0x65, 0x98, 0x95, 0xDB, 0xA9,
    0x64, 0x4F, 0x35, 0x79, 0x7E, 0x98, 0x50, 0xB8, 0xA7, 0xD2, 0x7D, 0x80, 0x71, 0x92, 0xD8, 0x07,
    0x4A, 0x8B, 0x78, 0x12, 0x26, 0x9D, 0x52, 0x2B, 0xAF, 0x54, 0xEA, 0x7F, 0x36, 0xB3, 0x3A, 0xB7,
    0xAA, 0x38, 0xDF, 0xC1, 0x44, 0x2B, 0xF6, 0xE0, 0x6D, 0x5C, 0xA9, 0x59, 0xBC, 0xE6, 0x73, 0x57,
    0x42, 0xF1, 0x0D, 0x96, 0xAA, 0x0F, 0xAD, 0x20, 0xC5, 0xED, 0x46, 0x15, 0x97, 0x0A, 0x5A, 0xB4,
    0xB0, 0xDB, 0x33, 0xB4, 0xD0, 0x57, 0x03, 0x68, 0xC0, 0x1F, 0x30, 0xD6, 0x42, 0xA2, 0x32, 0xF8,
    0x5D, 0x06, 0x7D, 0xB3, 0x2E, 0x68, 0xDE, 0x04, 0xCD, 0xF5, 0xA7, 0x34, 0xB0, 0x15, 0x81, 0xAD,
    0xBE, 0x89, 0x6D, 0x92, 0x16, 0x37, 0x07, 0xF2, 0xAD, 0xDC, 0x46, 0x24, 0xF3, 0x89, 0x60, 0xDE,
    0x2C, 0xB4, 0x88, 0xA4, 0x54, 0xA7, 0xFE, 0x25, 0x9E, 0xE6, 0x71, 0xB1, 0x2C, 0x23, 0x43, 0x26,
    0x18, 0x13, 0x1F, 0xA6, 0x3C, 0x41, 0x2B, 0x98, 0x09, 0xC6, 0x82, 0xA6, 0x99, 0xD2, 0xE6, 0x9D,
    0xA3, 0x7C, 0x47, 0x6A, 0x1F, 0xB3, 0xEC, 0x2F, 0xD2, 0x6E, 0x69, 0xB7, 0xD4, 0x73, 0x97, 0xF3,
    0x9D, 0x6F, 0xA4, 0xBB, 0xE9, 0x04, 0x7B, 0xC1, 0x8D, 0x63, 0xBE, 0xD2, 0x49, 0x33, 0xCB, 0xD8,
    0x0B, 0x6E, 0x04, 0x4B, 0xC6, 0x7B, 0x86, 0xD1, 0xFC, 0x4F, 0xF1, 0x48, 0xF0, 0xBE, 0x60, 0x5A,
    0x09, 0xB6, 0x82, 0x83, 0x20, 0x74, 0x79, 0xCF, 0x6E, 0xB6, 0x8B, 0xD8, 0x6F, 0xD9, 0xE4, 0xA7,
    0x12, 0xA0, 0xA9, 0xB4, 0x97, 0xA9, 0xF8, 0xDC, 0xBD, 0x65, 0x2D, 0x7B, 0x6C, 0x28, 0xC1, 0x8D,
    0x57, 0xE1, 0x6E, 0xBB, 0xE4, 0x7D, 0x80, 0xDE, 0xDD, 0x70, 0x6C, 0x52, 0x60, 0xB1, 0x16, 0x35,
    0x67, 0xD7, 0x82, 0x43, 0x21, 0xF3, 0x8B, 0x34, 0xD4, 0x5D, 0x09, 0xAB, 0xB7, 0x71, 0xD5, 0x92,
    0x31, 0x92, 0xD0, 0x48, 0x04, 0x73, 0x41, 0xC7, 0x18, 0x49, 0x68, 0x25, 0x14, 0x8A, 0xDF, 0x0E,
    0xF9, 0x8D, 0xA1, 0x38, 0x75, 0xD9, 0x1C, 0x8A, 0xA1, 0xD9, 0x9C, 0xA5, 0x84, 0x43, 0xA9, 0xE1,
    0x3D, 0x86, 0x1F, 0x19, 0x16, 0x9D, 0x8E, 0xE4, 0x61, 0xCB, 0xE0, 0xFD, 0x9F, 0xD4, 0xA3, 0x7A,
    0xBC, 0xF8, 0x84, 0x8B, 0x54, 0xE4, 0x77, 0x64, 0x36, 0x3B, 0xA4, 0x9E, 0x17, 0xA0, 0x1E, 0x98,
    0x11, 0x5A, 0x12, 0x46, 0xA9, 0xE9, 0x33, 0xEE, 0x6B, 0x4E, 0xD4, 0x8C, 0x91, 0x58, 0x53, 0x1C,
    0x67, 0xFB, 0x84, 0x60, 0xC7, 0x59, 0x77, 0x2B, 0x40, 0x99, 0x37, 0x1A, 0x29, 0xED, 0xC6, 0x23,
    0x9D, 0x2A, 0x19, 0xE8, 0xCD, 0x90, 0x75, 0xE9, 0x40, 0xC9, 0x9C, 0x3A, 0x16, 0xD8, 0xCF, 0x63,
    0xFE, 0x45, 0x47, 0x5A, 0xA3, 0x2E, 0x68, 0x99, 0x96, 0x1A, 0x2C, 0xBA, 0xBB, 0x0F, 0x7C, 0x3B,
    0x3F, 0xED, 0xA7, 0x0C, 0xA7, 0x62, 0xAC, 0x85, 0xCD, 0xE4, 0xC1, 0x62, 0x47, 0x5E, 0x27, 0x5E,
    0x81, 0x07, 0xCA, 0x19, 0x9C, 0xAF, 0x3D, 0x4A, 0x6E, 0x91, 0x05, 0xFB, 0x9A, 0x8E, 0x8E, 0x8C,
    0xCB, 0x41, 0x33, 0xCB, 0x92, 0x4E, 0xB9, 0xBC, 0x7C, 0x3C, 0xC5, 0x5F, 0xBD, 0x07, 0x9E, 0x5C,
    0x39, 0xAD, 0x79, 0xD3, 0x69, 0x5B, 0xAA, 0x99, 0x78, 0xDA, 0xCD, 0x81, 0xD3, 0x96, 0xD7, 0x4F,
    0x6B, 0x7E, 0x5B, 0x3C, 0xAA, 0xA6, 0xF7, 0xFA, 0xFE, 0x97, 0x5B, 0x98, 0x96, 0xB2, 0x55, 0xCB,
    0x3B, 0x5C, 0xDF, 0xE5, 0x5B, 0x7E, 0xAF, 0xEB, 0xC3, 0x4E, 0x51, 0x7F, 0x5F, 0xF9, 0xE5, 0xBA,
    0x20, 0x47, 0xE5, 0xCE, 0xDE, 0x2B, 0x4B, 0x3D, 0x02, 0xC3, 0xB8, 0xD4, 0x3B, 0x7C, 0x91, 0x96,
    0x7C, 0xE9, 0x16, 0xF2, 0x03, 0xFF, 0x04, 0x44, 0xDA, 0x4E, 0x38, 0x61, 0xA0, 0x66, 0x4C, 0xEA,
    0xB1, 0x93, 0x86, 0x85, 0xB1, 0x95, 0xF4, 0x2F, 0x12, 0xE4, 0x21, 0x87, 0xA8, 0xBF, 0x2B, 0xDF,
    0x62, 0xDD, 0x6E, 0x92, 0x3B, 0xDB, 0x47, 0xF7, 0x55, 0x3D, 0x54, 0x2F, 0xD5, 0x33, 0xA9, 0xCC,
    0xA1, 0x8F, 0xDE, 0x80, 0x53, 0x96, 0x61, 0x5F, 0xCC, 0xA6, 0x47, 0x22, 0x59, 0x99, 0x0D, 0x44,
    0x31, 0x4E, 0x46, 0x94, 0x66, 0x1D, 0xED, 0x28, 0xEF, 0x69, 0x64, 0xD6, 0x9E, 0x6C, 0xC4, 0x60,
    0xD5, 0xE6, 0x23, 0x0E, 0x64, 0x23, 0x17, 0x75, 0x76, 0xF6, 0xB4, 0x0B, 0xAD, 0x45, 0x3A, 0xDA,
    0x89, 0x9C, 0x31, 0xCC, 0x96, 0xCD, 0x84, 0xCD, 0xB7, 0x98, 0x6D, 0x3C, 0x53, 0x67, 0xA6, 0xE4,
    0x5C, 0xF5, 0xD9, 0x81, 0x66, 0xC7, 0xA4, 0x84, 0x9A, 0xED, 0xB3, 0x4A, 0x84, 0x55, 0x24, 0x41,
    0xDB, 0xE4, 0x5B, 0x7A, 0xE7, 0x94, 0xE8, 0xE3, 0x1B, 0xCC, 0x3B, 0x3D, 0x86, 0x23, 0xFF, 0x25,
    0x51, 0x9A, 0x18, 0x59, 0xAE, 0x0C, 0xB8, 0x2C, 0xC5, 0x86, 0x74, 0x1A, 0xFE, 0xF3, 0xEC, 0xBE,
    0x61, 0xF5, 0xFC, 0xA6, 0xD9, 0x5B, 0xD9, 0xED, 0xD1, 0x2F, 0x17, 0xEB, 0x12, 0xC3, 0x05, 0x59,
    0x46, 0x8C, 0xA4, 0x0E, 0xC3, 0xA8, 0xC1, 0x18, 0x52, 0x1B, 0xD2, 0x7F, 0x08, 0x86, 0xDB, 0xD3,
    0x23, 0x4D, 0x25, 0x9F, 0x28, 0xF1, 0xBB, 0x10, 0x12, 0x42, 0xB5, 0xC6, 0x54, 0x6D, 0x0A, 0x25,
    0x6A, 0xBA, 0x5D, 0x53, 0x6B, 0x9C, 0xD6, 0x1A, 0xD8, 0x75, 0xA4, 0x84, 0x76, 0xD2, 0xB5, 0xC9,
    0x95, 0x88, 0x95, 0x30, 0x81, 0x38, 0x55, 0x82, 0x9F, 0x69, 0x67, 0xF3, 0x8B, 0x7B, 0xA8, 0x69,
    0xEF, 0x43, 0x25, 0xF2, 0x40, 0x34, 0x4A, 0x74, 0x4A, 0xE0, 0xCB, 0x93, 0xFC, 0x0D, 0x9A, 0x0E,
    0x49, 0x1B, 0x8D, 0x12, 0xAD, 0x12, 0x95, 0x30, 0xEF, 0x74, 0xD5, 0xA0, 0x44, 0xAB, 0x84, 0xF4,
    0x32, 0xF8, 0x52, 0x73, 0x5A, 0xD5, 0x5C, 0x68, 0x3B, 0x96, 0x9E, 0xA5, 0x19, 0x32, 0xD1, 0xBE,
    0x31, 0xD7, 0xD7, 0x88, 0x3C, 0xC6, 0xC1, 0xD3, 0x0A, 0xF9, 0x2F, 0x64, 0x4C, 0xE5, 0x9F, 0x90,
    0x4E, 0x5E, 0x43, 0x50, 0x9E, 0xEB, 0x4A, 0x5E, 0x59, 0xC4, 0x84, 0x8F, 0x10, 0x62, 0xC2, 0x6C,
    0x4D, 0x4C, 0x54, 0xC1, 0xEB, 0x8A, 0x1F, 0x62, 0xC8, 0x94, 0xF8, 0x35, 0xBC, 0x5A, 0x7F, 0x1D,
    0xD0, 0x6F, 0xB1, 0x96, 0xEC, 0xD0, 0x77, 0xA9, 0xA8, 0x54, 0xA4, 0x25, 0x77, 0xE1, 0xB7, 0x4F,
    0xAC, 0xD7, 0x9C, 0x67, 0x1D, 0x57, 0xAF, 0x19, 0x71, 0x8B, 0xD6, 0x70, 0x6A, 0x8D, 0x5C, 0xAD,
    0x91, 0xA8, 0x35, 0xA2, 0x60, 0x0D, 0xA7, 0xD6, 0xC8, 0xD1, 0x1A, 0x3B, 0x3C, 0xFB, 0x6D, 0x58,
    0xE3, 0xDA, 0xB9, 0x7E, 0x58, 0xAF, 0xD7, 0x07, 0x32, 0x6D, 0x98, 0xBA, 0xBE, 0xEA, 0x6D, 0x6C,
    0xF8, 0x2F, 0xED, 0x57, 0xBD, 0x92, 0xE4, 0x34, 0x10, 0x6E, 0xDB, 0x70, 0xAE, 0xC2, 0x81, 0x49,
    0x26, 0xBA, 0x40, 0x19, 0xA9, 0x9F, 0x80, 0xB2, 0x21, 0xB9, 0x90, 0x0D, 0x76, 0x20, 0xBC, 0x07,
    0x20, 0xD8, 0x84, 0x80, 0xE4, 0xF0, 0x3C, 0x02, 0x09, 0x31, 0x19, 0x01, 0xC9, 0x26, 0x04, 0x44,
    0xE7, 0x81, 0x27, 0x70, 0x41, 0x40, 0xEA, 0x2A, 0xC8, 0x11, 0x55, 0xA2, 0x6E, 0x96, 0x93, 0xDD,
    0xF4, 0x8F, 0x6C, 0x4B, 0x75, 0xDC, 0x86, 0x14, 0x4B, 0x9D, 0x6B, 0xA6, 0x35, 0x1A, 0x49, 0xAD,
    0xEE, 0x4F, 0x5F, 0x7F, 0xB6, 0xE1, 0x66, 0xE9, 0xA0, 0x40, 0xB4, 0x6C, 0x66, 0xC8, 0x97, 0x5B,
    0x84, 0xAC, 0xCB, 0xF1, 0x0C, 0x00, 0xFD, 0x48, 0xA6, 0xB1, 0x64, 0x6A, 0x47, 0xA6, 0xBA, 0x40,
    0x85, 0x4F, 0x3C, 0xF4, 0xF8, 0xC2, 0xE7, 0x88, 0xE8, 0x4B, 0xFC, 0x06, 0x7D, 0xED, 0xA1, 0xF1,
    0xC6, 0x41, 0x35, 0xB7, 0xE4, 0x63, 0x6E, 0xC7, 0x60, 0xFC, 0x6A, 0x4A, 0xDF, 0x4E, 0xB4, 0x96,
    0xFC, 0xD4, 0x8E, 0xE6, 0x19, 0x4B, 0x2B, 0xDA, 0xA9, 0xC0, 0x6F, 0xF1, 0x9C, 0x91, 0x17, 0x80,
    0x16, 0x3D, 0xC0, 0x23, 0xFC, 0x12, 0xE4, 0x7A, 0x17, 0xE0, 0xE6, 0x0E, 0xBE, 0x87, 0x12, 0xF1,
    0x27, 0x47, 0x63, 0x88, 0x23, 0x90, 0x41, 0x8A, 0x69, 0xAC, 0xB0, 0x2B, 0x17, 0xA0, 0xE0, 0xC8,
    0x45, 0x89, 0x53, 0x6D, 0xC1, 0x3C, 0xB5, 0x66, 0x82, 0x67, 0xB5, 0x6D, 0xC6, 0xCC, 0x55, 0xAE,
    0x19, 0xCB, 0x91, 0xAD, 0xE9, 0x2A, 0x67, 0xA6, 0x67, 0x50, 0xDB, 0xFA, 0x0F, 0xC7, 0x96, 0x9C,
    0xB4, 0x53, 0x89, 0x1D, 0xE0, 0x99, 0xFC, 0x94, 0x78, 0xE2, 0x04, 0x16, 0xCA, 0x07, 0xF1, 0x02,
    0xCD, 0x13, 0xDE, 0xE4, 0x7D, 0xDE, 0x17, 0xDE, 0xD2, 0x28, 0xC8, 0xBD, 0x34, 0xF5, 0xDA, 0x74,
    0xDC, 0x18, 0x81, 0x85, 0x82, 0xD2, 0xE6, 0xF7, 0x89, 0x9B, 0xE1, 0x6B, 0x46, 0x08, 0xF0, 0x23,
    0x6D, 0x08, 0x25, 0x20, 0x18, 0x4B, 0xCA, 0x89, 0x90, 0x28, 0x66, 0xF6, 0xE5, 0xF3, 0x45, 0xF0,
    0xCB, 0x50, 0xB1, 0x64, 0x6F, 0xC6, 0xC2, 0x70, 0x22, 0x78, 0x27, 0xE8, 0xC9, 0x1B, 0xE1, 0x44,
    0x1F, 0xFE, 0x49, 0x7F, 0xF0, 0x00, 0x0D, 0xF3, 0x34, 0x9A, 0xCC, 0x8B, 0x2A, 0x0F, 0xC5, 0xC2,
    0x8E, 0x80, 0x1D, 0xD2, 0x97, 0xDD, 0xE7, 0x08, 0xF5, 0x7C, 0x3C, 0x7E, 0x4C, 0x0D, 0x03, 0x84,
    0xA7, 0x46, 0x9A, 0x73, 0xAB, 0xCD, 0xE1, 0x48, 0x57, 0xD7, 0xCB, 0xEF, 0xC4, 0xD2, 0xAE, 0xED,
    0x03, 0xB0, 0xED, 0x9E, 0x4C, 0xB0, 0x66, 0xE6, 0x8C, 0x2A, 0x86, 0x94, 0xD8, 0x2A, 0x27, 0x12,
    0x4E, 0x42, 0xA0, 0x37, 0x17, 0x39, 0x38, 0x86, 0x9A, 0xB0, 0x91, 0xE1, 0x21, 0x1A, 0xAE, 0xBD,
    0xAC, 0x93, 0xE1, 0x2C, 0xAC, 0xEE, 0xC4, 0xD3, 0x3E, 0x2A, 0x64, 0x87, 0x61, 0xDC, 0xA6, 0xA8,
    0x37, 0x1D, 0x54, 0x37, 0xB2, 0xA3, 0xBA, 0xD7, 0x48, 0x24, 0xAA, 0x2B, 0x89, 0xD0, 0xC6, 0x96,
    0xF1, 0xBF, 0x62, 0xC8, 0xDD, 0x6E, 0x78, 0xFE, 0x3B, 0x42, 0xF4, 0x66, 0x14, 0x97, 0x12, 0x1F,
    0xE7, 0x4B, 0xBB, 0x0A, 0xD3, 0x24, 0x98, 0x4C, 0x76, 0x2D, 0xFC, 0x6E, 0x4B, 0x59, 0x5A, 0x6B,
    0x22, 0x42, 0x3B, 0x33, 0xC2, 0xE1, 0x9A, 0x1D, 0xF4, 0x0B, 0xB4, 0x27, 0x2A, 0x4A, 0xE8, 0x3B,
    0xB2, 0x1D, 0x8A, 0x43, 0x76, 0xD0, 0xFE, 0xC0, 0xF1, 0x99, 0x9F, 0xD9, 0x41, 0xFD, 0x2B, 0x83,
    0x53, 0xBD, 0xB4, 0x42, 0x6D, 0x2B, 0x69, 0x4F, 0x92, 0xC8, 0x79, 0x87, 0x71, 0x10, 0x50, 0x0E,
    0x6C, 0x1E, 0xD3, 0xD2, 0x8A, 0x9D, 0x70, 0x65, 0x0C, 0x34, 0x95, 0xD4, 0xE1, 0x42, 0x5F, 0x4F,
    0x5C, 0x1B, 0xD0, 0x70, 0xED, 0x34, 0x8E, 0x6A, 0xC8, 0x11, 0x3B, 0x39, 0x06, 0x72, 0x30, 0x9C,
    0x28, 0x0C, 0x83, 0x72, 0x74, 0x27, 0xC1, 0x46, 0x7E, 0x84, 0x7F, 0xD6, 0x39, 0xDB, 0xAA, 0xCD,
    0x4F, 0x21, 0x4A, 0xC2, 0x1A, 0xB0, 0xEE, 0xB5, 0xEF, 0x0E, 0x37, 0x8E, 0xC6, 0x49, 0x5C, 0x28,
    0x64, 0x33, 0x5F, 0x49, 0x71, 0x70, 0x9D, 0x30, 0x6E, 0xFF, 0xD6, 0x97, 0x6A, 0xF2, 0x3D, 0x14,
    0x80, 0x61, 0xA0, 0xB8, 0x7A, 0x0A, 0xA1, 0x1A, 0x1B, 0xDB, 0xBA, 0xC6, 0x56, 0x23, 0xBC, 0x72,
    0x45, 0x63, 0xD7, 0xDC, 0xC5, 0x53, 0xE6, 0x1B, 0x74, 0xB9, 0xEF, 0x71, 0x29, 0x2F, 0xC3, 0x87,
    0x94, 0xFD, 0x42, 0xCE, 0xA6, 0x99, 0x87, 0x68, 0xC2, 0x35, 0x84, 0x79, 0x1D, 0xCF, 0x9B, 0x78,
    0x9E, 0x2F, 0x3C, 0xCD, 0xBB, 0x95, 0x79, 0x76, 0x21, 0x04, 0xC7, 0x6B, 0x10, 0x05, 0xC9, 0x44,
    0x54, 0xF8, 0x24, 0x0B, 0x11, 0x64, 0x0B, 0x87, 0xE3, 0xD3, 0x3F, 0x85, 0x7B, 0x76, 0x37, 0x81,
    0x4A, 0xDB, 0x82, 0x9C, 0x16, 0x1C, 0x3E, 0xB9, 0x3B, 0xBE, 0x32, 0xAF, 0xE5, 0xFD, 0x5B, 0x3E,
    0xF4, 0x7E, 0x5D, 0x20, 0xB1, 0x6C, 0xD7, 0x67, 0x4C, 0x54, 0xC7, 0xC1, 0x39, 0xE0, 0x63, 0xA3,
    0xD3, 0x99, 0xA1, 0xC1, 0x85, 0x89, 0x46, 0x6B, 0x7B, 0xE6, 0x57, 0x8F, 0xBF, 0x31, 0xA5, 0xF8,
    0xD8, 0xE8, 0x38, 0x89, 0xDB, 0x37, 0x4C, 0xF3, 0x6C, 0xE0, 0x00, 0x1F, 0xB9, 0xA0, 0xE8, 0x4C,
    0xAB, 0xD7, 0x94, 0x03, 0x7C, 0x2E, 0x25, 0x30, 0x89, 0x2B, 0x2E, 0x7C, 0xA2, 0x04, 0x2D, 0x27,
    0x59, 0xA6, 0x7B, 0x02, 0x7B, 0xAD, 0x36, 0x7F, 0xEC, 0x99, 0xF6, 0xE8, 0x1E, 0x33, 0x51, 0x7A,
    0xFE, 0xBB, 0x27, 0xC5, 0x86, 0x2F, 0xBA, 0x6D, 0x93, 0x7B, 0x37, 0xFA, 0x14, 0xEF, 0xB6, 0x49,
    0x46, 0x84, 0x5F, 0xAF, 0x5C, 0xF4, 0x32, 0xDC, 0x7E, 0x1A, 0xFC, 0xEB, 0xAB, 0xDB, 0x30, 0x94,
    0xA1, 0x26, 0x28, 0x65, 0xA1, 0xA7, 0x95, 0x4B, 0xD5, 0xD0, 0x1D, 0x0F, 0xF6, 0x06, 0xC7, 0xFD,
    0x8E, 0xA1, 0x62, 0x12, 0x2A, 0xAA, 0xF2, 0xA1, 0xD3, 0x4E, 0xA2, 0xF7, 0x7A, 0xD5, 0x97, 0xB5,
    0xEE, 0xE5, 0x0E, 0x11, 0x54, 0x28, 0x14, 0xBF, 0x56, 0x3E, 0xA8, 0x2A, 0x68, 0xE9, 0x0F, 0x2A,
    0x14, 0xAA, 0x00, 0xD2, 0xA9, 0x47, 0x15, 0x02, 0xED, 0xD8, 0x7A, 0xDC, 0x3A, 0xA5, 0x33, 0xE7,
    0xAD, 0x53, 0x5C, 0xDA, 0x5D, 0x58, 0x72, 0xDF, 0x76, 0x5B, 0x27, 0xF3, 0x2D, 0xEC, 0x92, 0x33,
    0xF7, 0xAF, 0xEB, 0x2C, 0xD4, 0xBC, 0x7D, 0x3C, 0x22, 0x01, 0x0A, 0xF0, 0x7C, 0x50, 0xD8, 0x04,
    0xCE, 0x7B, 0x3A, 0x89, 0x83, 0xC4, 0x75, 0xB2, 0x69, 0x1A, 0x4E, 0x1C, 0x68, 0x92, 0x42, 0x92,
    0x5C, 0x92, 0x76, 0x02, 0x48, 0x02, 0x95, 0x82, 0x38, 0x04, 0x69, 0x45, 0xD8, 0xE1, 0x4D, 0x81,
    0x6F, 0xE2, 0x23, 0xD9, 0x0E, 0x8B, 0xFF, 0x4D, 0x8E, 0x31, 0x39, 0xE0, 0xF4, 0xE8, 0x13, 0x52,
    0x24, 0x74, 0x61, 0x22, 0x1D, 0x57, 0x22, 0xA5, 0x14, 0x83, 0x26, 0x22, 0x5F, 0x4A, 0xCB, 0x87,
    0xCA, 0x51, 0x88, 0x39, 0x0A, 0x31, 0x47, 0x21, 0xE6, 0x28, 0xC4, 0x1C, 0x85, 0x98, 0xA3, 0x10,
    0x73, 0x14, 0x62, 0x8E, 0x42, 0x4C, 0xCB, 0x7F, 0xE8, 0x30, 0x47, 0xA5, 0xE6, 0x59, 0xB9, 0x98,
    0x89, 0xF2, 0xCC, 0xE8, 0xEF, 0xEF, 0x24, 0x0E, 0x12, 0xD7, 0xC9, 0xA6, 0x69, 0x38, 0x71, 0xA0,
    0x49, 0x0A, 0x49, 0x72, 0x49, 0xDA, 0x09, 0x20, 0x09, 0x54, 0x09, 0x88, 0x6F, 0x38, 0xFA, 0x5F,
    0xE1, 0x68, 0x46, 0xBF, 0xBA, 0x95, 0xA3, 0xD5, 0x19, 0xF2, 0x69, 0xE5, 0x28, 0xED, 0xCB, 0x8F,
    0xF6, 0xCA, 0x51, 0xE3, 0xE5, 0xBE, 0xA8, 0x1C, 0xA5, 0x80, 0xE5, 0x89, 0x51, 0x68, 0x99, 0xE1,
    0x8F, 0x12, 0x87, 0x72, 0xB4, 0x7F, 0x39, 0x6F, 0x1C, 0x25, 0xAC, 0x64, 0xEB, 0xE7, 0x2A, 0x66,
    0x9A, 0xAD, 0x76, 0x0A, 0x7D, 0xFE, 0xD2, 0x4E, 0x25, 0x8F, 0x67, 0x81, 0xA3, 0x8D, 0xF0, 0x35,
    0x70, 0x74, 0xF8, 0x05, 0x37, 0x8E, 0xE6, 0xF8, 0x81, 0x2C, 0x12, 0x8E, 0xD2, 0xC3, 0x56, 0x6F,
    0x57, 0x8E, 0x52, 0x60, 0xE6, 0xB2, 0x72, 0x94, 0x72, 0x2A, 0xED, 0xCA, 0xD1, 0xA2, 0x83, 0xEC,
    0xFC, 0x86, 0xA3, 0x0F, 0x87, 0xA3, 0xDF, 0x45, 0x1C, 0xCD, 0xE6, 0x48, 0x47, 0xF9, 0xB5, 0x64,
    0xD3, 0x51, 0xDE, 0x64, 0xD3, 0x51, 0x7E, 0x49, 0xD9, 0x74, 0x94, 0x5F, 0x7F, 0x56, 0x1D, 0xCD,
    0x23, 0x5A, 0x42, 0x39, 0x47, 0x3A, 0xAA, 0xEF, 0x4D, 0xCA, 0x51, 0x09, 0x7F, 0x65, 0x22, 0xC4,
    0xB4, 0xCC, 0x35, 0xDB, 0xC0, 0xD1, 0x19, 0x76, 0x8E, 0x1A, 0x17, 0xE9, 0xA8, 0xAE, 0x0F, 0x3A,
    0xAA, 0xEB, 0x95, 0xA3, 0x01, 0x2D, 0xE5, 0x68, 0x40, 0x4B, 0x39, 0xDA, 0xB8, 0x48, 0x47, 0xFB,
    0x31, 0xD2, 0x51, 0x7D, 0x31, 0x0A, 0x1C, 0xAD, 0xFF, 0x47, 0x1C, 0xFD, 0x1B,
};

static const EpdGlyph inksans_18_regularGlyphs[] = {
    { 0, 0, 352, 0, 0, 0, 0 }, // U+0000
    { 0, 0, 156, 0, 0, 0, 0 }, // U+000D
    { 0, 0, 160, 0, 0, 0, 0 }, // U+0020
    { 7, 28, 183, 2, 28, 49, 0 }, // !
    { 12, 11, 297, 3, 28, 33, 49 }, // "
    { 24, 28, 383, 0, 28, 168, 82 }, // #
    { 22, 35, 388, 1, 32, 193, 250 }, // $
    { 31, 28, 596, 3, 28, 217, 443 }, // %
    { 24, 28, 392, 1, 28, 168, 660 }, // &
    { 5, 11, 188, 3, 28, 14, 828 }, // '
    { 10, 34, 221, 3, 29, 85, 842 }, // (
    { 10, 34, 221, 1, 29, 85, 927 }, // )
    { 16, 16, 312, 2, 28, 64, 1012 }, // *
    { 19, 18, 400, 3, 20, 86, 1076 }, // +
    { 7, 11, 182, 2, 5, 20, 1162 }, // ,
    { 13, 4, 277, 2, 14, 13, 1182 }, // -
    { 7, 5, 182, 2, 5, 9, 1195 }, // .
    { 14, 33, 222, 0, 29, 116, 1204 }, // /
    { 21, 28, 387, 2, 28, 147, 1320 }, // 0
    { 12, 28, 249, 1, 28, 84, 1467 }, // 1
    { 19, 28, 370, 2, 28, 133, 1551 }, // 2
    { 20, 28, 376, 2, 28, 140, 1684 }, // 3
    { 21, 28, 394, 2, 28, 147, 1824 }, // 4
    { 19, 28, 362, 2, 28, 133, 1971 }, // 5
    { 20, 28, 378, 2, 28, 140, 2104 }, // 6
    { 19, 28, 343, 1, 28, 133, 2244 }, // 7
    { 20, 28, 378, 2, 28, 140, 2377 }, // 8
    { 20, 28, 378, 2, 28, 140, 2517 }, // 9
    { 7, 19, 182, 2, 19, 34, 2657 }, // :
    { 7, 25, 189, 2, 19, 44, 2691 }, // ;
    { 18, 21, 400, 3, 21, 95, 2735 }, // <
    { 19, 12, 400, 3, 17, 57, 2830 }, // =
    { 18, 21, 400, 4, 21, 95, 2887 }, // >
    { 17, 28, 316, 1, 28, 119, 2982 }, // ?
    { 33, 35, 589, 2, 27, 289, 3101 }, // @
    { 26, 28, 425, 0, 28, 182, 3390 }, // A
    { 20, 28, 394, 3, 28, 140, 3572 }, // B
    { 24, 28, 440, 2, 28, 168, 3712 }, // C
    { 23, 28, 433, 3, 28, 161, 3880 }, // D
    { 18, 28, 362, 3, 28, 126, 4041 }, // E
    { 17, 28, 354, 3, 28, 119, 4167 }, // F
    { 24, 28, 449, 2, 28, 168, 4286 }, // G
    { 22, 28, 447, 3, 28, 154, 4454 }, // H
    { 5, 28, 163, 3, 28, 35, 4608 }, // I
    { 18, 28, 345, 1, 28, 126, 4643 }, // J
    { 22, 28, 413, 3, 28, 154, 4769 }, // K
    { 17, 28, 339, 3, 28, 119, 4923 }, // L
    { 29, 28, 548, 3, 28, 203, 5042 }, // M
    { 23, 28, 454, 3, 28, 161, 5245 }, // N
    { 25, 28, 460, 2, 28, 175, 5406 }, // O
    { 20, 28, 385, 3, 28, 140, 5581 }, // P
    { 25, 30, 461, 2, 28, 188, 5721 }, // Q
    { 21, 28, 389, 3, 28, 147, 5909 }, // R
    { 22, 28, 388, 1, 28, 154, 6056 }, // S
    { 22, 28, 392, 1, 28, 154, 6210 }, // T
    { 22, 28, 444, 3, 28, 154, 6364 }, // U
    { 26, 28, 425, 0, 28, 182, 6518 }, // V
    { 37, 28, 602, 0, 28, 259, 6700 }, // W
    { 25, 28, 420, 1, 28, 175, 6959 }, // X
    { 26, 28, 418, 0, 28, 182, 7134 }, // Y
    { 20, 28, 384, 2, 28, 140, 7316 }, // Z
    { 9, 35, 221, 3, 30, 79, 7456 }, // [
    { 14, 33, 222, 0, 29, 116, 7535 }, // <backslash>
    { 8, 35, 221, 2, 30, 70, 7651 }, // ]
    { 16, 12, 286, 1, 27, 48, 7721 }, // ^
    { 18, 4, 278, 0, 1, 18, 7769 }, // _
    { 8, 6, 202, 2, 29, 12, 7787 }, // `
    { 18, 21, 341, 1, 21, 95, 7799 }, // a
    { 20, 28, 371, 2, 28, 140, 7894 }, // b
    { 19, 21, 346, 1, 21, 100, 8034 }, // c
    { 20, 28, 371, 1, 28, 140, 8134 }, // d
    { 20, 21, 352, 1, 21, 105, 8274 }, // e
    { 14, 29, 228, 0, 29, 102, 8379 }, // f
    { 20, 29, 372, 1, 21, 145, 8481 }, // g
    { 18, 28, 361, 2, 28, 126, 8626 }, // h
    { 6, 29, 151, 2, 29, 44, 8752 }, // i
    { 9, 37, 151, -1, 29, 84, 8796 }, // j
    { 19, 28, 335, 2, 28, 133, 8880 }, // k
    { 5, 28, 151, 2, 28, 35, 9013 }, // l
    { 29, 21, 533, 2, 21, 153, 9048 }, // m
    { 18, 21, 361, 2, 21, 95, 9201 }, // n
    { 20, 21, 362, 1, 21, 105, 9296 }, // o
    { 20, 29, 371, 2, 21, 145, 9401 }, // p
    { 20, 29, 371, 1, 21, 145, 9546 }, // q
    { 12, 21, 232, 2, 21, 63, 9691 }, // r
    { 18, 21, 323, 1, 21, 95, 9754 }, // s
    { 13, 26, 204, 0, 26, 85, 9849 }, // t
    { 18, 21, 361, 2, 21, 95, 9934 }, // u
    { 21, 21, 345, 0, 21, 111, 10029 }, // v
    { 30, 21, 497, 1, 21, 158, 10140 }, // w
    { 19, 21, 334, 1, 21, 100, 10298 }, // x
    { 21, 29, 345, 0, 21, 153, 10398 }, // y
    { 17, 21, 335, 2, 21, 90, 10551 }, // z
    { 13, 35, 264, 2, 30, 114, 10641 }, // {
    { 5, 46, 207, 4, 37, 58, 10755 }, // |
    { 12, 35, 264, 2, 30, 105, 10813 }, // }
    { 21, 8, 400, 2, 15, 42, 10918 }, // ~
    { 0, 0, 160, 0, 0, 0, 0 }, // U+00A0
    { 7, 28, 183, 2, 21, 49, 0 }, // U+00A1
    { 19, 28, 346, 1, 28, 133, 49 }, // U+00A2
    { 21, 28, 372, 1, 28, 147, 182 }, // U+00A3
    { 24, 24, 442, 2, 24, 144, 329 }, // U+00A4
    { 21, 28, 334, 0, 28, 147, 473 }, // U+00A5
    { 5, 33, 176, 3, 28, 42, 620 }, // U+00A6
    { 18, 34, 341, 2, 28, 153, 662 }, // U+00A7
    { 13, 5, 361, 5, 29, 17, 815 }, // U+00A8
    { 29, 29, 548, 3, 29, 211, 832 }, // U+00A9
    { 15, 16, 274, 1, 28, 60, 1043 }, // U+00AA
    { 21, 18, 365, 1, 21, 95, 1103 }, // U+00AB
    { 16, 9, 400, 4, 15, 36, 1198 }, // U+00AC
    { 23, 22, 399, 1, 28, 127, 1234 }, // U+00AE
    { 11, 4, 279, 3, 29, 11, 1361 }, // U+00AF
    { 13, 13, 274, 2, 28, 43, 1372 }, // U+00B0
    { 19, 20, 400, 3, 21, 95, 1415 }, // U+00B1
    { 14, 15, 269, 1, 32, 53, 1510 }, // U+00B2
    { 15, 15, 273, 1, 32, 57, 1563 }, // U+00B3
    { 7, 6, 202, 3, 29, 11, 1620 }, // U+00B4
    { 21, 29, 360, 2, 21, 153, 1631 }, // U+00B5
    { 19, 28, 361, 1, 28, 133, 1784 }, // U+00B6
    { 7, 5, 182, 2, 16, 9, 1917 }, // U+00B7
    { 7, 9, 180, 3, 1, 16, 1926 }, // U+00B8
    { 9, 15, 188, 1, 32, 34, 1942 }, // U+00B9
    { 16, 16, 291, 1, 28, 64, 1976 }, // U+00BA
    { 21, 18, 365, 1, 21, 95, 2040 }, // U+00BB
    { 29, 28, 490, 1, 28, 203, 2135 }, // U+00BC
    { 30, 28, 515, 1, 28, 210, 2338 }, // U+00BD
    { 32, 28, 537, 1, 28, 224, 2548 }, // U+00BE
    { 18, 29, 316, 1, 21, 131, 2772 }, // U+00BF
    { 26, 36, 425, 0, 36, 234, 2903 }, // U+00C0
    { 26, 36, 425, 0, 36, 234, 3137 }, // U+00C1
    { 26, 37, 425, 0, 37, 241, 3371 }, // U+00C2
    { 26, 35, 425, 0, 35, 228, 3612 }, // U+00C3
    { 26, 36, 425, 0, 36, 234, 3840 }, // U+00C4
    { 26, 39, 425, 0, 39, 254, 4074 }, // U+00C5
    { 36, 28, 602, 0, 28, 252, 4328 }, // U+00C6
    { 24, 36, 440, 2, 28, 216, 4580 }, // U+00C7
    { 18, 36, 362, 3, 36, 162, 4796 }, // U+00C8
    { 18, 36, 362, 3, 36, 162, 4958 }, // U+00C9
    { 18, 37, 362, 3, 37, 167, 5120 }, // U+00CA
    { 18, 36, 362, 3, 36, 162, 5287 }, // U+00CB
    { 8, 36, 163, 0, 36, 72, 5449 }, // U+00CC
    { 8, 36, 163, 3, 36, 72, 5521 }, // U+00CD
    { 14, 37, 163, -2, 37, 130, 5593 }, // U+00CE
    { 14, 36, 163, -2, 36, 126, 5723 }, // U+00CF
    { 26, 28, 446, 0, 28, 182, 5849 }, // U+00D0
    { 23, 35, 454, 3, 35, 202, 6031 }, // U+00D1
    { 25, 36, 460, 2, 36, 225, 6233 }, // U+00D2
    { 25, 36, 460, 2, 36, 225, 6458 }, // U+00D3
    { 25, 37, 460, 2, 37, 232, 6683 }, // U+00D4
    { 25, 35, 460, 2, 35, 219, 6915 }, // U+00D5
    { 25, 36, 460, 2, 36, 225, 7134 }, // U+00D6
    { 19, 19, 400, 3, 20, 91, 7359 }, // U+00D7
    { 25, 30, 460, 2, 29, 188, 7450 }, // U+00D8
    { 22, 36, 444, 3, 36, 198, 7638 }, // U+00D9
    { 22, 36, 444, 3, 36, 198, 7836 }, // U+00DA
    { 22, 37, 444, 3, 37, 204, 8034 }, // U+00DB
    { 22, 36, 444, 3, 36, 198, 8238 }, // U+00DC
    { 26, 36, 418, 0, 36, 234, 8436 }, // U+00DD
    { 20, 28, 388, 2, 28, 140, 8670 }, // U+00DE
    { 19, 28, 378, 3, 28, 133, 8810 }, // U+00DF
    { 18, 29, 341, 1, 29, 131, 8943 }, // U+00E0
    { 18, 29, 341, 1, 29, 131, 9074 }, // U+00E1
    { 18, 30, 341, 1, 30, 135, 9205 }, // U+00E2
    { 18, 28, 341, 1, 28, 126, 9340 }, // U+00E3
    { 18, 29, 341, 1, 29, 131, 9466 }, // U+00E4
    { 18, 32, 341, 1, 32, 144, 9597 }, // U+00E5
    { 32, 21, 549, 1, 21, 168, 9741 }, // U+00E6
    { 19, 29, 346, 1, 21, 138, 9909 }, // U+00E7
    { 20, 29, 352, 1, 29, 145, 10047 }, // U+00E8
    { 20, 29, 352, 1, 29, 145, 10192 }, // U+00E9
    { 20, 30, 352, 1, 30, 150, 10337 }, // U+00EA
    { 20, 29, 352, 1, 29, 145, 10487 }, // U+00EB
    { 8, 29, 151, -1, 29, 58, 10632 }, // U+00EC
    { 8, 29, 151, 2, 29, 58, 10690 }, // U+00ED
    { 14, 30, 151, -2, 30, 105, 10748 }, // U+00EE
    { 14, 29, 151, -2, 29, 102, 10853 }, // U+00EF
    { 20, 30, 353, 1, 30, 150, 10955 }, // U+00F0
    { 18, 28, 361, 2, 28, 126, 11105 }, // U+00F1
    { 20, 29, 362, 1, 29, 145, 11231 }, // U+00F2
    { 20, 29, 362, 1, 29, 145, 11376 }, // U+00F3
    { 20, 30, 362, 1, 30, 150, 11521 }, // U+00F4
    { 20, 28, 362, 1, 28, 140, 11671 }, // U+00F5
    { 20, 29, 362, 1, 29, 145, 11811 }, // U+00F6
    { 19, 19, 400, 3, 21, 91, 11956 }, // U+00F7
    { 21, 23, 362, 1, 22, 121, 12047 }, // U+00F8
    { 18, 29, 361, 2, 29, 131, 12168 }, // U+00F9
    { 18, 29, 361, 2, 29, 131, 12299 }, // U+00FA
    { 18, 30, 361, 2, 30, 135, 12430 }, // U+00FB
    { 18, 29, 361, 2, 29, 131, 12565 }, // U+00FC
    { 21, 37, 345, 0, 29, 195, 12696 }, // U+00FD
    { 20, 36, 371, 2, 28, 180, 12891 }, // U+00FE
    { 21, 37, 345, 0, 29, 195, 13071 }, // U+00FF
    { 26, 36, 425, 0, 36, 234, 0 }, // U+0100
    { 18, 29, 341, 1, 29, 131, 234 }, // U+0101
    { 26, 37, 425, 0, 37, 241, 365 }, // U+0102
    { 18, 30, 341, 1, 30, 135, 606 }, // U+0103
    { 27, 36, 425, 0, 28, 243, 741 }, // U+0104
    { 19, 29, 341, 1, 21, 138, 984 }, // U+0105
    { 24, 36, 440, 2, 36, 216, 1122 }, // U+0106
    { 19, 29, 346, 1, 29, 138, 1338 }, // U+0107
    { 24, 37, 440, 2, 37, 222, 1476 }, // U+0108
    { 19, 30, 346, 1, 30, 143, 1698 }, // U+0109
    { 24, 36, 440, 2, 36, 216, 1841 }, // U+010A
    { 19, 29, 346, 1, 29, 138, 2057 }, // U+010B
    { 24, 37, 440, 2, 37, 222, 2195 }, // U+010C
    { 19, 30, 346, 1, 30, 143, 2417 }, // U+010D
    { 23, 37, 433, 3, 37, 213, 2560 }, // U+010E
    { 26, 29, 435, 1, 29, 189, 2773 }, // U+010F
    { 26, 28, 446, 0, 28, 182, 2962 }, // U+0110
    { 23, 28, 371, 1, 28, 161, 3144 }, // U+0111
    { 18, 36, 362, 3, 36, 162, 3305 }, // U+0112
    { 20, 29, 352, 1, 29, 145, 3467 }, // U+0113
    { 18, 37, 362, 3, 37, 167, 3612 }, // U+0114
    { 20, 30, 352, 1, 30, 150, 3779 }, // U+0115
    { 18, 36, 362, 3, 36, 162, 3929 }, // U+0116
    { 20, 29, 352, 1, 29, 145, 4091 }, // U+0117
    { 19, 36, 362, 3, 28, 171, 4236 }, // U+0118
    { 20, 29, 352, 1, 21, 145, 4407 }, // U+0119
    { 18, 37, 362, 3, 37, 167, 4552 }, // U+011A
    { 20, 30, 352, 1, 30, 150, 4719 }, // U+011B
    { 24, 37, 449, 2, 37, 222, 4869 }, // U+011C
    { 20, 38, 372, 1, 30, 190, 5091 }, // U+011D
    { 24, 37, 449, 2, 37, 222, 5281 }, // U+011E
    { 20, 38, 372, 1, 30, 190, 5503 }, // U+011F
    { 24, 36, 449, 2, 36, 216, 5693 }, // U+0120
    { 20, 37, 372, 1, 29, 185, 5909 }, // U+0121
    { 24, 37, 449, 2, 28, 222, 6094 }, // U+0122
    { 20, 40, 372, 1, 32, 200, 6316 }, // U+0123
    { 22, 37, 447, 3, 37, 204, 6516 }, // U+0124
    { 22, 37, 361, -2, 37, 204, 6720 }, // U+0125
    { 27, 28, 472, 1, 28, 189, 6924 }, // U+0126
    { 20, 28, 361, 0, 28, 140, 7113 }, // U+0127
    { 12, 35, 163, -1, 35, 105, 7253 }, // U+0128
    { 12, 28, 151, -1, 28, 84, 7358 }, // U+0129
    { 12, 36, 163, -1, 36, 108, 7442 }, // U+012A
    { 11, 29, 151, -1, 29, 80, 7550 }, // U+012B
    { 12, 37, 163, -1, 37, 111, 7630 }, // U+012C
    { 12, 30, 151, -1, 30, 90, 7741 }, // U+012D
    { 9, 36, 163, 0, 28, 81, 7831 }, // U+012E
    { 9, 37, 151, -1, 29, 84, 7912 }, // U+012F
    { 6, 36, 163, 2, 36, 54, 7996 }, // U+0130
    { 5, 21, 151, 2, 21, 27, 8050 }, // U+0131
    { 26, 28, 509, 3, 28, 182, 8077 }, // U+0132
    { 15, 37, 302, 2, 29, 139, 8259 }, // U+0133
    { 22, 37, 345, 1, 37, 204, 8398 }, // U+0134
    { 14, 38, 151, -2, 30, 133, 8602 }, // U+0135
    { 22, 37, 413, 3, 28, 204, 8735 }, // U+0136
    { 19, 37, 335, 2, 28, 176, 8939 }, // U+0137
    { 19, 21, 328, 2, 21, 100, 9115 }, // U+0138
    { 17, 36, 339, 3, 36, 153, 9215 }, // U+0139
    { 8, 36, 151, 2, 36, 72, 9368 }, // U+013A
    { 17, 37, 339, 3, 28, 158, 9440 }, // U+013B
    { 6, 37, 151, 1, 28, 56, 9598 }, // U+013C
    { 17, 29, 339, 3, 29, 124, 9654 }, // U+013D
    { 11, 29, 215, 2, 29, 80, 9778 }, // U+013E
    { 17, 28, 340, 3, 28, 119, 9858 }, // U+013F
    { 13, 28, 233, 2, 28, 91, 9977 }, // U+0140
    { 21, 28, 359, 0, 28, 147, 10068 }, // U+0141
    { 11, 28, 151, -1, 28, 77, 10215 }, // U+0142
    { 23, 36, 454, 3, 36, 207, 10292 }, // U+0143
    { 18, 29, 361, 2, 29, 131, 10499 }, // U+0144
    { 23, 37, 454, 3, 28, 213, 10630 }, // U+0145
    { 18, 30, 361, 2, 21, 135, 10843 }, // U+0146
    { 23, 37, 454, 3, 37, 213, 10978 }, // U+0147
    { 18, 30, 361, 2, 30, 135, 11191 }, // U+0148
    { 23, 36, 454, 3, 28, 207, 11326 }, // U+014A
    { 18, 29, 361, 2, 21, 131, 11533 }, // U+014B
    { 25, 36, 460, 2, 36, 225, 11664 }, // U+014C
    { 20, 29, 362, 1, 29, 145, 11889 }, // U+014D
    { 25, 37, 460, 2, 37, 232, 12034 }, // U+014E
    { 20, 30, 362, 1, 30, 150, 12266 }, // U+014F
    { 25, 36, 460, 2, 36, 225, 12416 }, // U+0150
    { 20, 29, 362, 1, 29, 145, 12641 }, // U+0151
    { 34, 28, 606, 2, 28, 238, 12786 }, // U+0152
    { 35, 21, 597, 1, 21, 184, 13024 }, // U+0153
    { 21, 36, 389, 3, 36, 189, 13208 }, // U+0154
    { 12, 29, 232, 2, 29, 87, 13397 }, // U+0155
    { 21, 37, 389, 3, 28, 195, 13484 }, // U+0156
    { 13, 30, 232, 1, 21, 98, 13679 }, // U+0157
    { 21, 37, 389, 3, 37, 195, 13777 }, // U+0158
    { 14, 30, 232, 1, 30, 105, 13972 }, // U+0159
    { 22, 36, 388, 1, 36, 198, 14077 }, // U+015A
    { 18, 29, 323, 1, 29, 131, 14275 }, // U+015B
    { 22, 37, 388, 1, 37, 204, 14406 }, // U+015C
    { 18, 30, 323, 1, 30, 135, 14610 }, // U+015D
    { 22, 36, 388, 1, 28, 198, 14745 }, // U+015E
    { 18, 29, 323, 1, 21, 131, 14943 }, // U+015F
    { 22, 37, 388, 1, 37, 204, 15074 }, // U+0160
    { 18, 30, 323, 1, 30, 135, 15278 }, // U+0161
    { 22, 36, 392, 1, 28, 198, 15413 }, // U+0162
    { 13, 34, 204, 0, 26, 111, 15611 }, // U+0163
    { 22, 37, 392, 1, 37, 204, 15722 }, // U+0164
    { 14, 30, 239, 0, 30, 105, 15926 }, // U+0165
    { 22, 28, 392, 1, 28, 154, 16031 }, // U+0166
    { 13, 26, 204, 0, 26, 85, 16185 }, // U+0167
    { 22, 35, 444, 3, 35, 193, 16270 }, // U+0168
    { 18, 28, 361, 2, 28, 126, 16463 }, // U+0169
    { 22, 36, 444, 3, 36, 198, 16589 }, // U+016A
    { 18, 29, 361, 2, 29, 131, 16787 }, // U+016B
    { 22, 37, 444, 3, 37, 204, 16918 }, // U+016C
    { 18, 30, 361, 2, 30, 135, 17122 }, // U+016D
    { 22, 39, 444, 3, 39, 215, 17257 }, // U+016E
    { 18, 32, 361, 2, 32, 144, 17472 }, // U+016F
    { 22, 36, 444, 3, 36, 198, 17616 }, // U+0170
    { 18, 29, 361, 2, 29, 131, 17814 }, // U+0171
    { 22, 36, 444, 3, 28, 198, 17945 }, // U+0172
    { 19, 29, 361, 2, 21, 138, 18143 }, // U+0173
    { 37, 37, 602, 0, 37, 343, 18281 }, // U+0174
    { 30, 30, 497, 1, 30, 225, 18624 }, // U+0175
    { 26, 37, 418, 0, 37, 241, 18849 }, // U+0176
    { 21, 38, 345, 0, 30, 200, 19090 }, // U+0177
    { 26, 36, 418, 0, 36, 234, 19290 }, // U+0178
    { 20, 36, 384, 2, 36, 180, 19524 }, // U+0179
    { 17, 29, 335, 2, 29, 124, 19704 }, // U+017A
    { 20, 36, 384, 2, 36, 180, 19828 }, // U+017B
    { 17, 29, 335, 2, 29, 124, 20008 }, // U+017C
    { 20, 37, 384, 2, 37, 185, 20132 }, // U+017D
    { 17, 30, 335, 2, 30, 128, 20317 }, // U+017E
    { 11, 29, 195, 2, 29, 80, 20445 }, // U+017F
    { 25, 32, 461, 2, 32, 200, 0 }, // U+01A0
    { 21, 26, 361, 1, 26, 137, 200 }, // U+01A1
    { 26, 32, 443, 3, 32, 208, 337 }, // U+01AF
    { 22, 25, 380, 2, 25, 138, 545 }, // U+01B0
    { 43, 30, 768, 3, 30, 323, 683 }, // U+01C5
    { 41, 30, 706, 1, 30, 308, 1006 }, // U+01C6
    { 37, 28, 684, 3, 28, 259, 1314 }, // U+01C7
    { 26, 37, 490, 3, 29, 241, 1573 }, // U+01C8
    { 15, 37, 302, 2, 29, 139, 1814 }, // U+01C9
    { 44, 28, 799, 3, 28, 308, 1953 }, // U+01CA
    { 33, 37, 605, 3, 29, 306, 2261 }, // U+01CB
    { 28, 37, 512, 2, 29, 259, 2567 }, // U+01CC
    { 26, 37, 425, 0, 37, 241, 2826 }, // U+01CD
    { 18, 30, 341, 1, 30, 135, 3067 }, // U+01CE
    { 14, 37, 163, -2, 37, 130, 3202 }, // U+01CF
    { 14, 30, 151, -2, 30, 105, 3332 }, // U+01D0
    { 25, 37, 460, 2, 37, 232, 3437 }, // U+01D1
    { 20, 30, 362, 1, 30, 150, 3669 }, // U+01D2
    { 22, 37, 444, 3, 37, 204, 3819 }, // U+01D3
    { 18, 30, 361, 2, 30, 135, 4023 }, // U+01D4
    { 22, 40, 444, 3, 40, 220, 4158 }, // U+01D5
    { 18, 33, 361, 2, 33, 149, 4378 }, // U+01D6
    { 22, 42, 444, 3, 42, 231, 4527 }, // U+01D7
    { 18, 35, 361, 2, 35, 158, 4758 }, // U+01D8
    { 22, 42, 444, 3, 42, 231, 4916 }, // U+01D9
    { 18, 35, 361, 2, 35, 158, 5147 }, // U+01DA
    { 22, 42, 444, 3, 42, 231, 5305 }, // U+01DB
    { 18, 35, 361, 2, 35, 158, 5536 }, // U+01DC
    { 20, 21, 352, 1, 21, 105, 5694 }, // U+01DD
    { 26, 40, 425, 0, 40, 260, 5799 }, // U+01DE
    { 18, 33, 341, 1, 33, 149, 6059 }, // U+01DF
    { 26, 40, 425, 0, 40, 260, 6208 }, // U+01E0
    { 18, 33, 341, 1, 33, 149, 6468 }, // U+01E1
    { 36, 36, 602, 0, 36, 324, 6617 }, // U+01E2
    { 32, 29, 549, 1, 29, 232, 6941 }, // U+01E3
    { 26, 28, 449, 2, 28, 182, 7173 }, // U+01E4
    { 24, 29, 407, 1, 21, 174, 7355 }, // U+01E5
    { 24, 37, 449, 2, 37, 222, 7529 }, // U+01E6
    { 20, 38, 372, 1, 30, 190, 7751 }, // U+01E7
    { 22, 37, 413, 3, 37, 204, 7941 }, // U+01E8
    { 23, 37, 335, -2, 37, 213, 8145 }, // U+01E9
    { 25, 36, 460, 2, 28, 225, 8358 }, // U+01EA
    { 20, 29, 362, 1, 21, 145, 8583 }, // U+01EB
    { 25, 44, 460, 2, 36, 275, 8728 }, // U+01EC
    { 20, 37, 362, 1, 29, 185, 9003 }, // U+01ED
    { 23, 45, 411, 1, 37, 259, 9188 }, // U+01EE
    { 20, 37, 377, 2, 30, 185, 9447 }, // U+01EF
    { 14, 38, 151, -2, 30, 133, 9632 }, // U+01F0
    { 46, 28, 817, 3, 28, 322, 9765 }, // U+01F1
    { 43, 28, 768, 3, 28, 301, 10087 }, // U+01F2
    { 41, 28, 706, 1, 28, 287, 10388 }, // U+01F3
    { 24, 36, 449, 2, 36, 216, 10675 }, // U+01F4
    { 20, 37, 372, 1, 29, 185, 10891 }, // U+01F5
    { 37, 28, 672, 3, 28, 259, 11076 }, // U+01F6
    { 21, 36, 402, 2, 28, 189, 11335 }, // U+01F7
    { 23, 36, 454, 3, 36, 207, 11524 }, // U+01F8
    { 18, 29, 361, 2, 29, 131, 11731 }, // U+01F9
    { 26, 42, 425, 0, 42, 273, 11862 }, // U+01FA
    { 18, 36, 341, 1, 36, 162, 12135 }, // U+01FB
    { 36, 36, 602, 0, 36, 324, 12297 }, // U+01FC
    { 32, 29, 549, 1, 29, 232, 12621 }, // U+01FD
    { 25, 37, 460, 2, 36, 232, 12853 }, // U+01FE
    { 21, 30, 362, 1, 29, 158, 13085 }, // U+01FF
    { 26, 36, 425, 0, 36, 234, 13243 }, // U+0200
    { 18, 29, 341, 1, 29, 131, 13477 }, // U+0201
    { 26, 37, 425, 0, 37, 241, 13608 }, // U+0202
    { 18, 30, 341, 1, 30, 135, 13849 }, // U+0203
    { 19, 36, 362, 2, 36, 171, 13984 }, // U+0204
    { 20, 29, 352, 1, 29, 145, 14155 }, // U+0205
    { 18, 37, 362, 3, 37, 167, 14300 }, // U+0206
    { 20, 30, 352, 1, 30, 150, 14467 }, // U+0207
    { 14, 36, 163, -4, 36, 126, 14617 }, // U+0208
    { 15, 29, 151, -5, 29, 109, 14743 }, // U+0209
    { 12, 37, 163, -1, 37, 111, 14852 }, // U+020A
    { 13, 30, 151, -2, 30, 98, 14963 }, // U+020B
    { 25, 36, 460, 2, 36, 225, 15061 }, // U+020C
    { 20, 29, 362, 1, 29, 145, 15286 }, // U+020D
    { 25, 37, 460, 2, 37, 232, 15431 }, // U+020E
    { 20, 30, 362, 1, 30, 150, 15663 }, // U+020F
    { 21, 36, 389, 3, 36, 189, 15813 }, // U+0210
    { 15, 29, 232, -1, 29, 109, 16002 }, // U+0211
    { 21, 37, 389, 3, 37, 195, 16111 }, // U+0212
    { 12, 30, 232, 2, 30, 90, 16306 }, // U+0213
    { 22, 36, 444, 3, 36, 198, 16396 }, // U+0214
    { 18, 29, 361, 2, 29, 131, 16594 }, // U+0215
    { 22, 37, 444, 3, 37, 204, 16725 }, // U+0216
    { 18, 30, 361, 2, 30, 135, 16929 }, // U+0217
    { 22, 37, 388, 1, 28, 204, 17064 }, // U+0218
    { 18, 30, 323, 1, 21, 135, 17268 }, // U+0219
    { 22, 37, 392, 1, 28, 204, 17403 }, // U+021A
    { 13, 35, 204, 0, 26, 114, 17607 }, // U+021B
    { 20, 36, 387, 2, 28, 180, 17721 }, // U+021C
    { 17, 29, 332, 2, 21, 124, 17901 }, // U+021D
    { 22, 37, 447, 3, 37, 204, 18025 }, // U+021E
    { 22, 37, 361, -2, 37, 204, 18229 }, // U+021F
    { 8, 6, 0, 2, 29, 12, 0 }, // U+0300
    { 7, 6, 0, 3, 29, 11, 12 }, // U+0301
    { 14, 6, 0, 1, 30, 21, 23 }, // U+0302
    { 13, 4, 0, 3, 28, 13, 44 }, // U+0303
    { 11, 4, 0, 3, 29, 11, 57 }, // U+0304
    { 13, 6, 0, 1, 30, 20, 68 }, // U+0306
    { 6, 5, 0, 2, 29, 8, 88 }, // U+0307
    { 13, 5, 0, 5, 29, 17, 96 }, // U+0308
    { 8, 6, 0, 1, 30, 12, 113 }, // U+0309
    { 10, 10, 0, 1, 32, 25, 125 }, // U+030A
    { 15, 6, 0, -5, 29, 23, 150 }, // U+030B
    { 14, 6, 0, 1, 30, 21, 173 }, // U+030C
    { 15, 6, 0, 2, 29, 23, 194 }, // U+030F
    { 7, 11, 0, 7, 18, 20, 217 }, // U+0313
    { 7, 11, 0, 7, 18, 20, 237 }, // U+0315
    { 6, 9, 0, -8, 27, 14, 257 }, // U+031B
    { 6, 5, 154, 2, -3, 8, 271 }, // U+0323
    { 6, 8, 0, -15, -3, 12, 279 }, // U+0326
    { 7, 9, 0, 3, 1, 16, 291 }, // U+0327
    { 9, 9, 0, 1, 1, 21, 307 }, // U+0328
    { 14, 6, 0, 1, -2, 21, 328 }, // U+032C
    { 16, 25, 0, -19, 22, 100, 349 }, // U+0337
    { 22, 30, 0, -22, 29, 165, 449 }, // U+0338
    { 12, 4, 0, -17, 28, 12, 614 }, // U+0342
    { 7, 7, 0, 0, 23, 13, 626 }, // U+0343
    { 14, 8, 0, -18, 30, 28, 639 }, // U+0346
    { 12, 8, 0, -17, -5, 24, 667 }, // U+0347
    { 10, 8, 0, -15, -1, 20, 691 }, // U+0348
    { 9, 9, 0, -15, -1, 21, 711 }, // U+0349
    { 15, 9, 0, -19, 30, 34, 732 }, // U+034A
    { 14, 14, 0, -19, 35, 49, 766 }, // U+034B
    { 14, 8, 0, -18, 31, 28, 815 }, // U+034C
    { 16, 8, 0, -19, -2, 32, 843 }, // U+034D
    { 10, 9, 0, -16, -1, 23, 875 }, // U+034E
    { 0, 0, 0, 0, 0, 0, 898 }, // U+034F
    { 15, 15, 0, -18, 37, 57, 898 }, // U+0350
    { 5, 7, 0, -13, 28, 9, 955 }, // U+0351
    { 12, 10, 0, -17, 32, 30, 964 }, // U+0352
    { 10, 9, 0, -15, -1, 23, 994 }, // U+0353
    { 11, 10, 0, -15, -1, 28, 1017 }, // U+0354
    { 11, 10, 0, -15, -1, 28, 1045 }, // U+0355
    { 20, 10, 0, -18, -1, 50, 1073 }, // U+0356
    { 5, 10, 0, 1, 32, 13, 1123 }, // U+0357
    { 6, 5, 0, 2, 29, 8, 1136 }, // U+0358
    { 9, 9, 0, -16, -1, 21, 1144 }, // U+0359
    { 16, 8, 0, -19, -1, 32, 1165 }, // U+035A
    { 8, 9, 0, -15, 31, 18, 1197 }, // U+035B
    { 27, 6, 0, -14, -1, 41, 1215 }, // U+035C
    { 27, 6, 0, -14, 28, 41, 1256 }, // U+035D
    { 23, 4, 0, -22, 29, 23, 1297 }, // U+035E
    { 23, 4, 0, -22, -2, 23, 1320 }, // U+035F
    { 37, 6, 0, -19, 29, 56, 1343 }, // U+0360
    { 27, 7, 0, -14, 28, 48, 1399 }, // U+0361
    { 30, 8, 0, -14, -2, 60, 1447 }, // U+0362
    { 10, 11, 0, -16, 33, 28, 1507 }, // U+0363
    { 10, 11, 0, -16, 33, 28, 1535 }, // U+0364
    { 4, 14, 0, -13, 36, 14, 1563 }, // U+0365
    { 11, 11, 0, -16, 33, 31, 1577 }, // U+0366
    { 10, 10, 0, -16, 32, 25, 1608 }, // U+0367
    { 10, 11, 0, -16, 33, 28, 1633 }, // U+0368
    { 10, 15, 0, -16, 37, 38, 1661 }, // U+0369
    { 10, 15, 0, -16, 37, 38, 1699 }, // U+036A
    { 16, 11, 0, -19, 33, 44, 1737 }, // U+036B
    { 7, 11, 0, -14, 33, 20, 1781 }, // U+036C
    { 7, 13, 0, 0, 35, 23, 1801 }, // U+036D
    { 11, 11, 0, -16, 33, 31, 1824 }, // U+036E
    { 10, 10, 0, -15, 32, 25, 1855 }, // U+036F
    { 18, 36, 362, 3, 36, 162, 0 }, // U+0400
    { 18, 36, 362, 3, 36, 162, 162 }, // U+0401
    { 29, 30, 508, 1, 28, 218, 324 }, // U+0402
    { 18, 36, 348, 3, 36, 162, 542 }, // U+0403
    { 24, 28, 440, 2, 28, 168, 704 }, // U+0404
    { 22, 28, 388, 1, 28, 154, 872 }, // U+0405
    { 5, 28, 163, 3, 28, 35, 1026 }, // U+0406
    { 14, 36, 163, -2, 36, 126, 1061 }, // U+0407
    { 18, 28, 345, 1, 28, 126, 1187 }, // U+0408
    { 40, 28, 669, 1, 28, 280, 1313 }, // U+0409
    { 38, 28, 675, 3, 28, 266, 1593 }, // U+040A
    { 30, 28, 533, 1, 28, 210, 1859 }, // U+040B
    { 22, 36, 413, 3, 36, 198, 2069 }, // U+040C
    { 23, 36, 454, 3, 36, 207, 2267 }, // U+040D
    { 24, 37, 390, 0, 37, 222, 2474 }, // U+040E
    { 22, 34, 434, 3, 28, 187, 2696 }, // U+040F
    { 26, 28, 425, 0, 28, 182, 2883 }, // U+0410
    { 20, 28, 388, 3, 28, 140, 3065 }, // U+0411
    { 20, 28, 394, 3, 28, 140, 3205 }, // U+0412
    { 18, 28, 348, 3, 28, 126, 3345 }, // U+0413
    { 29, 35, 501, 1, 28, 254, 3471 }, // U+0414
    { 18, 28, 362, 3, 28, 126, 3725 }, // U+0415
    { 36, 28, 598, 1, 28, 252, 3851 }, // U+0416
    { 20, 28, 376, 2, 28, 140, 4103 }, // U+0417
    { 23, 28, 454, 3, 28, 161, 4243 }, // U+0418
    { 23, 37, 454, 3, 37, 213, 4404 }, // U+0419
    { 22, 28, 413, 3, 28, 154, 4617 }, // U+041A
    { 25, 28, 449, 1, 28, 175, 4771 }, // U+041B
    { 29, 28, 548, 3, 28, 203, 4946 }, // U+041C
    { 22, 28, 447, 3, 28, 154, 5149 }, // U+041D
    { 25, 28, 460, 2, 28, 175, 5303 }, // U+041E
    { 22, 28, 447, 3, 28, 154, 5478 }, // U+041F
    { 20, 28, 385, 3, 28, 140, 5632 }, // U+0420
    { 24, 28, 440, 2, 28, 168, 5772 }, // U+0421
    { 22, 28, 392, 1, 28, 154, 5940 }, // U+0422
    { 24, 28, 390, 0, 28, 168, 6094 }, // U+0423
    { 28, 31, 498, 2, 29, 217, 6262 }, // U+0424
    { 25, 28, 420, 1, 28, 175, 6479 }, // U+0425
    { 24, 34, 442, 3, 28, 204, 6654 }, // U+0426
    { 22, 28, 422, 2, 28, 154, 6858 }, // U+0427
    { 31, 28, 581, 3, 28, 217, 7012 }, // U+0428
    { 34, 34, 592, 3, 28, 289, 7229 }, // U+0429
    { 29, 28, 492, 1, 28, 203, 7518 }, // U+042A
    { 28, 28, 537, 3, 28, 196, 7721 }, // U+042B
    { 20, 28, 392, 3, 28, 140, 7917 }, // U+042C
    { 25, 28, 440, 1, 28, 175, 8057 }, // U+042D
    { 34, 28, 614, 3, 28, 238, 8232 }, // U+042E
    { 21, 28, 389, 1, 28, 147, 8470 }, // U+042F
    { 18, 21, 341, 1, 21, 95, 8617 }, // U+0430
    { 20, 28, 359, 1, 28, 140, 8712 }, // U+0431
    { 18, 21, 341, 2, 21, 95, 8852 }, // U+0432
    { 14, 21, 265, 2, 21, 74, 8947 }, // U+0433
    { 23, 27, 377, 0, 21, 156, 9021 }, // U+0434
    { 20, 21, 352, 1, 21, 105, 9177 }, // U+0435
    { 29, 21, 497, 1, 21, 153, 9282 }, // U+0436
    { 17, 21, 301, 1, 21, 90, 9435 }, // U+0437
    { 18, 21, 361, 2, 21, 95, 9525 }, // U+0438
    { 18, 30, 361, 2, 30, 135, 9620 }, // U+0439
    { 19, 21, 333, 2, 21, 100, 9755 }, // U+043A
    { 20, 21, 351, 0, 21, 105, 9855 }, // U+043B
    { 25, 21, 471, 2, 21, 132, 9960 }, // U+043C
    { 18, 21, 360, 2, 21, 95, 10092 }, // U+043D
    { 20, 21, 362, 1, 21, 105, 10187 }, // U+043E
    { 18, 21, 358, 2, 21, 95, 10292 }, // U+043F
    { 20, 29, 371, 2, 21, 145, 10387 }, // U+0440
    { 19, 21, 346, 1, 21, 100, 10532 }, // U+0441
    { 18, 21, 288, 0, 21, 95, 10632 }, // U+0442
    { 21, 29, 345, 0, 21, 153, 10727 }, // U+0443
    { 25, 36, 430, 1, 28, 225, 10880 }, // U+0444
    { 19, 21, 334, 1, 21, 100, 11105 }, // U+0445
    { 21, 27, 370, 2, 21, 142, 11205 }, // U+0446
    { 18, 21, 351, 2, 21, 95, 11347 }, // U+0447
    { 27, 21, 501, 2, 21, 142, 11442 }, // U+0448
    { 30, 27, 512, 2, 21, 203, 11584 }, // U+0449
    { 23, 21, 393, 0, 21, 121, 11787 }, // U+044A
    { 24, 21, 456, 2, 21, 126, 11908 }, // U+044B
    { 18, 21, 341, 2, 21, 95, 12034 }, // U+044C
    { 19, 21, 346, 1, 21, 100, 12129 }, // U+044D
    { 29, 21, 511, 2, 21, 153, 12229 }, // U+044E
    { 19, 21, 337, 0, 21, 100, 12382 }, // U+044F
    { 20, 29, 352, 1, 29, 145, 12482 }, // U+0450
    { 20, 29, 352, 1, 29, 145, 12627 }, // U+0451
    { 20, 36, 361, 0, 28, 180, 12772 }, // U+0452
    { 14, 29, 265, 2, 29, 102, 12952 }, // U+0453
    { 19, 21, 346, 1, 21, 100, 13054 }, // U+0454
    { 18, 21, 323, 1, 21, 95, 13154 }, // U+0455
    { 6, 29, 151, 2, 29, 44, 13249 }, // U+0456
    { 14, 29, 151, -2, 29, 102, 13293 }, // U+0457
    { 9, 37, 151, -1, 29, 84, 13395 }, // U+0458
    { 34, 21, 558, 0, 21, 179, 13479 }, // U+0459
    { 31, 21, 543, 2, 21, 163, 13658 }, // U+045A
    { 20, 28, 361, 0, 28, 140, 13821 }, // U+045B
    { 19, 29, 333, 2, 29, 138, 13961 }, // U+045C
    { 18, 29, 361, 2, 29, 131, 14099 }, // U+045D
    { 21, 38, 345, 0, 30, 200, 14230 }, // U+045E
    { 18, 27, 358, 2, 21, 122, 14430 }, // U+045F
    { 29, 28, 554, 3, 28, 203, 14552 }, // U+0460
    { 27, 21, 499, 2, 21, 142, 14755 }, // U+0461
    { 25, 28, 417, 0, 28, 175, 14897 }, // U+0462
    { 22, 28, 375, 0, 28, 154, 15072 }, // U+0463
    { 32, 28, 583, 3, 28, 224, 15226 }, // U+0464
    { 27, 21, 479, 2, 21, 142, 15450 }, // U+0465
    { 26, 28, 425, 0, 28, 182, 15592 }, // U+0466
    { 21, 21, 347, 0, 21, 111, 15774 }, // U+0467
    { 32, 28, 573, 3, 28, 224, 15885 }, // U+0468
    { 27, 21, 477, 2, 21, 142, 16109 }, // U+0469
    { 28, 28, 518, 2, 28, 196, 16251 }, // U+046A
    { 24, 21, 427, 1, 21, 126, 16447 }, // U+046B
    { 38, 28, 695, 3, 28, 266, 16573 }, // U+046C
    { 33, 21, 588, 2, 21, 174, 16839 }, // U+046D
    { 17, 44, 332, 2, 36, 187, 17013 }, // U+046E
    { 17, 37, 318, 1, 29, 158, 17200 }, // U+046F
    { 28, 28, 531, 3, 28, 196, 17358 }, // U+0470
    { 26, 33, 477, 2, 25, 215, 17554 }, // U+0471
    { 25, 28, 460, 2, 28, 175, 17769 }, // U+0472
    { 20, 21, 362, 1, 21, 105, 17944 }, // U+0473
    { 27, 28, 433, 0, 28, 189, 18049 }, // U+0474
    { 22, 21, 361, 0, 21, 116, 18238 }, // U+0475
    { 27, 36, 433, 0, 36, 243, 18354 }, // U+0476
    { 22, 29, 361, 0, 29, 160, 18597 }, // U+0477
    { 48, 36, 805, 2, 28, 432, 18757 }, // U+0478
    { 42, 29, 696, 1, 21, 305, 19189 }, // U+0479
    { 23, 28, 428, 2, 28, 161, 19494 }, // U+0480
    { 19, 28, 343, 1, 21, 133, 19655 }, // U+0481
    { 20, 25, 386, 2, 25, 125, 19788 }, // U+0482
    { 14, 7, 0, -18, 28, 25, 19913 }, // U+0483
    { 15, 5, 0, -18, 29, 19, 19938 }, // U+0484
    { 6, 7, 0, -13, 30, 11, 19957 }, // U+0485
    { 6, 7, 0, -12, 30, 11, 19968 }, // U+0486
    { 16, 5, 0, -19, 29, 20, 19979 }, // U+0487
    { 37, 33, 0, -29, 27, 306, 19999 }, // U+0488
    { 35, 35, 0, -28, 27, 307, 20305 }, // U+0489
    { 26, 43, 454, 3, 37, 280, 20612 }, // U+048A
    { 22, 36, 361, 2, 30, 198, 20892 }, // U+048B
    { 25, 28, 417, 0, 28, 175, 21090 }, // U+048C
    { 22, 26, 375, 0, 26, 143, 21265 }, // U+048D
    { 20, 28, 386, 3, 28, 140, 21408 }, // U+048E
    { 20, 29, 366, 2, 21, 145, 21548 }, // U+048F
    { 18, 33, 348, 3, 33, 149, 21693 }, // U+0490
    { 14, 26, 265, 2, 26, 91, 21842 }, // U+0491
    { 22, 28, 348, -1, 28, 154, 21933 }, // U+0492
    { 16, 21, 265, 0, 21, 84, 22087 }, // U+0493
    { 20, 30, 393, 3, 28, 150, 22171 }, // U+0494
    { 17, 27, 331, 2, 21, 115, 22321 }, // U+0495
    { 37, 34, 613, 1, 28, 315, 22436 }, // U+0496
    { 31, 27, 511, 1, 21, 210, 22751 }, // U+0497
    { 20, 36, 376, 2, 28, 180, 22961 }, // U+0498
    { 17, 29, 301, 1, 21, 124, 23141 }, // U+0499
    { 24, 34, 435, 3, 28, 204, 23265 }, // U+049A
    { 20, 27, 348, 2, 21, 135, 23469 }, // U+049B
    { 22, 28, 410, 3, 28, 154, 23604 }, // U+049C
    { 21, 21, 361, 2, 21, 111, 23758 }, // U+049D
    { 31, 28, 513, 1, 28, 217, 23869 }, // U+04A0
    { 24, 21, 385, 0, 21, 126, 24086 }, // U+04A1
    { 25, 34, 458, 3, 28, 213, 24212 }, // U+04A2
    { 21, 27, 371, 2, 21, 142, 24425 }, // U+04A3
    { 33, 28, 595, 3, 28, 231, 24567 }, // U+04A4
    { 24, 21, 413, 2, 21, 126, 24798 }, // U+04A5
    { 38, 30, 669, 3, 28, 285, 24924 }, // U+04A6
    { 32, 27, 557, 2, 21, 216, 25209 }, // U+04A7
    { 35, 28, 603, 2, 28, 245, 25425 }, // U+04A8
    { 29, 21, 479, 1, 21, 153, 25670 }, // U+04A9
    { 24, 36, 440, 2, 28, 216, 25823 }, // U+04AA
    { 19, 29, 346, 1, 21, 138, 26039 }, // U+04AB
    { 22, 34, 392, 1, 28, 187, 26177 }, // U+04AC
    { 18, 27, 288, 0, 21, 122, 26364 }, // U+04AD
    { 26, 28, 418, 0, 28, 182, 26486 }, // U+04AE
    { 21, 29, 345, 0, 21, 153, 26668 }, // U+04AF
    { 26, 28, 418, 0, 28, 182, 26821 }, // U+04B0
    { 21, 29, 345, 0, 21, 153, 27003 }, // U+04B1
    { 26, 34, 435, 1, 28, 221, 27156 }, // U+04B2
    { 21, 27, 349, 1, 21, 142, 27377 }, // U+04B3
    { 34, 35, 556, 1, 28, 298, 27519 }, // U+04B4
    { 25, 27, 406, 0, 21, 169, 27817 }, // U+04B5
    { 25, 34, 433, 2, 28, 213, 27986 }, // U+04B6
    { 20, 27, 363, 2, 21, 135, 28199 }, // U+04B7
    { 22, 28, 422, 2, 28, 154, 28334 }, // U+04B8
    { 18, 21, 351, 2, 21, 95, 28488 }, // U+04B9
    { 21, 28, 422, 3, 28, 147, 28583 }, // U+04BA
    { 18, 28, 361, 2, 28, 126, 28730 }, // U+04BB
    { 30, 28, 514, 0, 28, 210, 28856 }, // U+04BC
    { 26, 21, 436, 0, 21, 137, 29066 }, // U+04BD
    { 30, 34, 514, 0, 28, 255, 29203 }, // U+04BE
    { 26, 29, 436, 0, 21, 189, 29458 }, // U+04BF
    { 5, 28, 163, 3, 28, 35, 29647 }, // U+04C0
    { 36, 37, 598, 1, 37, 333, 29682 }, // U+04C1
    { 29, 30, 497, 1, 30, 218, 30015 }, // U+04C2
    { 21, 34, 412, 3, 28, 179, 30233 }, // U+04C3
    { 19, 27, 359, 2, 21, 129, 30412 }, // U+04C4
    { 28, 34, 449, 1, 28, 238, 30541 }, // U+04C5
    { 23, 27, 351, 0, 21, 156, 30779 }, // U+04C6
    { 22, 36, 447, 3, 28, 198, 30935 }, // U+04C7
    { 18, 29, 360, 2, 21, 131, 31133 }, // U+04C8
    { 26, 34, 447, 3, 28, 221, 31264 }, // U+04C9
    { 22, 27, 360, 2, 21, 149, 31485 }, // U+04CA
    { 22, 34, 433, 2, 28, 187, 31634 }, // U+04CB
    { 18, 27, 363, 2, 21, 122, 31821 }, // U+04CC
    { 32, 34, 548, 3, 28, 272, 31943 }, // U+04CD
    { 29, 27, 471, 2, 21, 196, 32215 }, // U+04CE
    { 5, 28, 151, 2, 28, 35, 32411 }, // U+04CF
    { 26, 37, 425, 0, 37, 241, 32446 }, // U+04D0
    { 18, 30, 341, 1, 30, 135, 32687 }, // U+04D1
    { 26, 36, 425, 0, 36, 234, 32822 }, // U+04D2
    { 18, 29, 341, 1, 29, 131, 33056 }, // U+04D3
    { 36, 28, 602, 0, 28, 252, 33187 }, // U+04D4
    { 32, 21, 549, 1, 21, 168, 33439 }, // U+04D5
    { 18, 37, 362, 3, 37, 167, 33607 }, // U+04D6
    { 20, 30, 352, 1, 30, 150, 33774 }, // U+04D7
    { 24, 28, 448, 2, 28, 168, 33924 }, // U+04D8
    { 20, 21, 352, 1, 21, 105, 34092 }, // U+04D9
    { 24, 36, 448, 2, 36, 216, 34197 }, // U+04DA
    { 20, 29, 352, 1, 29, 145, 34413 }, // U+04DB
    { 36, 36, 598, 1, 36, 324, 34558 }, // U+04DC
    { 29, 29, 497, 1, 29, 211, 34882 }, // U+04DD
    { 20, 36, 376, 2, 36, 180, 35093 }, // U+04DE
    { 17, 29, 301, 1, 29, 124, 35273 }, // U+04DF
    { 20, 28, 377, 2, 28, 140, 35397 }, // U+04E0
    { 20, 28, 377, 2, 21, 140, 35537 }, // U+04E1
    { 23, 36, 454, 3, 36, 207, 35677 }, // U+04E2
    { 18, 29, 361, 2, 29, 131, 35884 }, // U+04E3
    { 23, 36, 454, 3, 36, 207, 36015 }, // U+04E4
    { 18, 29, 361, 2, 29, 131, 36222 }, // U+04E5
    { 25, 36, 460, 2, 36, 225, 36353 }, // U+04E6
    { 20, 29, 362, 1, 29, 145, 36578 }, // U+04E7
    { 25, 28, 460, 2, 28, 175, 36723 }, // U+04E8
    { 20, 21, 362, 1, 21, 105, 36898 }, // U+04E9
    { 25, 36, 460, 2, 36, 225, 37003 }, // U+04EA
    { 20, 29, 362, 1, 29, 145, 37228 }, // U+04EB
    { 25, 36, 440, 1, 36, 225, 37373 }, // U+04EC
    { 19, 29, 346, 1, 29, 138, 37598 }, // U+04ED
    { 24, 36, 390, 0, 36, 216, 37736 }, // U+04EE
    { 21, 37, 345, 0, 29, 195, 37952 }, // U+04EF
    { 24, 36, 390, 0, 36, 216, 38147 }, // U+04F0
    { 21, 37, 345, 0, 29, 195, 38363 }, // U+04F1
    { 24, 36, 390, 0, 36, 216, 38558 }, // U+04F2
    { 21, 37, 345, 0, 29, 195, 38774 }, // U+04F3
    { 22, 36, 422, 2, 36, 198, 38969 }, // U+04F4
    { 18, 29, 351, 2, 29, 131, 39167 }, // U+04F5
    { 18, 34, 348, 3, 28, 153, 39298 }, // U+04F6
    { 14, 27, 265, 2, 21, 95, 39451 }, // U+04F7
    { 28, 36, 537, 3, 36, 252, 39546 }, // U+04F8
    { 24, 29, 456, 2, 29, 174, 39798 }, // U+04F9
    { 21, 36, 361, 0, 28, 189, 39972 }, // U+04FA
    { 16, 29, 265, 0, 21, 116, 40161 }, // U+04FB
    { 27, 36, 439, 1, 28, 243, 40277 }, // U+04FC
    { 18, 29, 316, 1, 21, 131, 40520 }, // U+04FD
    { 25, 28, 420, 1, 28, 175, 40651 }, // U+04FE
    { 19, 21, 334, 1, 21, 100, 40826 }, // U+04FF
    { 22, 22, 379, 1, 22, 121, 0 }, // U+05D0
    { 20, 22, 343, 1, 22, 110, 121 }, // U+05D1
    { 14, 23, 224, 0, 22, 81, 231 }, // U+05D2
    { 19, 22, 325, 1, 22, 105, 312 }, // U+05D3
    { 20, 22, 376, 1, 22, 110, 417 }, // U+05D4
    { 8, 22, 181, 1, 22, 44, 527 }, // U+05D5
    { 11, 22, 198, 1, 22, 61, 571 }, // U+05D6
    { 22, 22, 397, 1, 22, 121, 632 }, // U+05D7
    { 20, 22, 380, 2, 22, 110, 753 }, // U+05D8
    { 8, 13, 177, 1, 22, 26, 863 }, // U+05D9
    { 17, 29, 327, 1, 22, 124, 889 }, // U+05DA
    { 17, 22, 309, 1, 22, 94, 1013 }, // U+05DB
    { 18, 29, 313, 1, 29, 131, 1107 }, // U+05DC
    { 22, 22, 410, 1, 22, 121, 1238 }, // U+05DD
    { 23, 22, 396, 1, 22, 127, 1359 }, // U+05DE
    { 8, 29, 197, 1, 22, 58, 1486 }, // U+05DF
    { 11, 22, 227, 1, 22, 61, 1544 }, // U+05E0
    { 22, 22, 386, 1, 22, 121, 1605 }, // U+05E1
    { 20, 25, 356, 1, 23, 125, 1726 }, // U+05E2
    { 20, 29, 372, 1, 22, 145, 1851 }, // U+05E3
    { 20, 22, 361, 1, 22, 110, 1996 }, // U+05E4
    { 18, 29, 317, 1, 22, 131, 2106 }, // U+05E5
    { 19, 22, 334, 1, 22, 105, 2237 }, // U+05E6
    { 21, 29, 376, 2, 22, 153, 2342 }, // U+05E7
    { 16, 22, 314, 1, 22, 88, 2495 }, // U+05E8
    { 23, 22, 438, 2, 22, 127, 2583 }, // U+05E9
    { 22, 22, 411, 1, 22, 121, 2710 }, // U+05EA
    { 20, 19, 380, 1, 28, 95, 2831 }, // U+05EF
    { 19, 22, 353, 1, 22, 105, 2926 }, // U+05F0
    { 19, 22, 361, 1, 22, 105, 3031 }, // U+05F1
    { 19, 13, 359, 1, 22, 62, 3136 }, // U+05F2
    { 6, 10, 112, 0, 22, 15, 3198 }, // U+05F3
    { 13, 10, 219, 0, 22, 33, 3213 }, // U+05F4
    { 26, 36, 425, 0, 28, 234, 0 }, // U+1EA0
    { 18, 29, 341, 1, 21, 131, 234 }, // U+1EA1
    { 26, 37, 425, 0, 37, 241, 365 }, // U+1EA2
    { 18, 30, 341, 1, 30, 135, 606 }, // U+1EA3
    { 26, 42, 425, 0, 42, 273, 741 }, // U+1EA4
    { 19, 35, 341, 1, 35, 167, 1014 }, // U+1EA5
    { 26, 42, 425, 0, 42, 273, 1181 }, // U+1EA6
    { 18, 35, 341, 1, 35, 158, 1454 }, // U+1EA7
    { 26, 43, 425, 0, 43, 280, 1612 }, // U+1EA8
    { 18, 36, 341, 1, 36, 162, 1892 }, // U+1EA9
    { 26, 41, 425, 0, 41, 267, 2054 }, // U+1EAA
    { 18, 34, 341, 1, 34, 153, 2321 }, // U+1EAB
    { 26, 45, 425, 0, 37, 293, 2474 }, // U+1EAC
    { 18, 38, 341, 1, 30, 171, 2767 }, // U+1EAD
    { 26, 42, 425, 0, 42, 273, 2938 }, // U+1EAE
    { 18, 35, 341, 1, 35, 158, 3211 }, // U+1EAF
    { 26, 42, 425, 0, 42, 273, 3369 }, // U+1EB0
    { 18, 35, 341, 1, 35, 158, 3642 }, // U+1EB1
    { 26, 42, 425, 0, 42, 273, 3800 }, // U+1EB2
    { 18, 35, 341, 1, 35, 158, 4073 }, // U+1EB3
    { 26, 42, 425, 0, 42, 273, 4231 }, // U+1EB4
    { 18, 35, 341, 1, 35, 158, 4504 }, // U+1EB5
    { 26, 45, 425, 0, 37, 293, 4662 }, // U+1EB6
    { 18, 38, 341, 1, 30, 171, 4955 }, // U+1EB7
    { 18, 36, 362, 3, 28, 162, 5126 }, // U+1EB8
    { 20, 29, 352, 1, 21, 145, 5288 }, // U+1EB9
    { 18, 37, 362, 3, 37, 167, 5433 }, // U+1EBA
    { 20, 30, 352, 1, 30, 150, 5600 }, // U+1EBB
    { 18, 35, 362, 3, 35, 158, 5750 }, // U+1EBC
    { 20, 28, 352, 1, 28, 140, 5908 }, // U+1EBD
    { 18, 42, 362, 3, 42, 189, 6048 }, // U+1EBE
    { 20, 35, 352, 1, 35, 175, 6237 }, // U+1EBF
    { 18, 42, 362, 3, 42, 189, 6412 }, // U+1EC0
    { 20, 35, 352, 1, 35, 175, 6601 }, // U+1EC1
    { 18, 43, 362, 3, 43, 194, 6776 }, // U+1EC2
    { 20, 36, 352, 1, 36, 180, 6970 }, // U+1EC3
    { 18, 41, 362, 3, 41, 185, 7150 }, // U+1EC4
    { 20, 34, 352, 1, 34, 170, 7335 }, // U+1EC5
    { 18, 45, 362, 3, 37, 203, 7505 }, // U+1EC6
    { 20, 38, 352, 1, 30, 190, 7708 }, // U+1EC7
    { 8, 37, 163, 1, 37, 74, 7898 }, // U+1EC8
    { 7, 30, 151, 1, 30, 53, 7972 }, // U+1EC9
    { 6, 36, 163, 2, 28, 54, 8025 }, // U+1ECA
    { 6, 37, 151, 2, 29, 56, 8079 }, // U+1ECB
    { 25, 36, 460, 2, 28, 225, 8135 }, // U+1ECC
    { 20, 29, 362, 1, 21, 145, 8360 }, // U+1ECD
    { 25, 37, 460, 2, 37, 232, 8505 }, // U+1ECE
    { 20, 30, 362, 1, 30, 150, 8737 }, // U+1ECF
    { 25, 42, 460, 2, 42, 263, 8887 }, // U+1ED0
    { 20, 35, 362, 1, 35, 175, 9150 }, // U+1ED1
    { 25, 42, 460, 2, 42, 263, 9325 }, // U+1ED2
    { 20, 35, 362, 1, 35, 175, 9588 }, // U+1ED3
    { 25, 43, 460, 2, 43, 269, 9763 }, // U+1ED4
    { 20, 36, 362, 1, 36, 180, 10032 }, // U+1ED5
    { 25, 41, 460, 2, 41, 257, 10212 }, // U+1ED6
    { 20, 34, 362, 1, 34, 170, 10469 }, // U+1ED7
    { 25, 45, 460, 2, 37, 282, 10639 }, // U+1ED8
    { 20, 38, 362, 1, 30, 190, 10921 }, // U+1ED9
    { 25, 36, 461, 2, 36, 225, 11111 }, // U+1EDA
    { 21, 29, 361, 1, 29, 153, 11336 }, // U+1EDB
    { 25, 36, 461, 2, 36, 225, 11489 }, // U+1EDC
    { 21, 29, 361, 1, 29, 153, 11714 }, // U+1EDD
    { 25, 37, 461, 2, 37, 232, 11867 }, // U+1EDE
    { 21, 30, 361, 1, 30, 158, 12099 }, // U+1EDF
    { 25, 35, 461, 2, 35, 219, 12257 }, // U+1EE0
    { 21, 28, 361, 1, 28, 147, 12476 }, // U+1EE1
    { 25, 40, 461, 2, 32, 250, 12623 }, // U+1EE2
    { 21, 34, 361, 1, 26, 179, 12873 }, // U+1EE3
    { 22, 36, 444, 3, 28, 198, 13052 }, // U+1EE4
    { 18, 29, 361, 2, 21, 131, 13250 }, // U+1EE5
    { 22, 37, 444, 3, 37, 204, 13381 }, // U+1EE6
    { 18, 30, 361, 2, 30, 135, 13585 }, // U+1EE7
    { 26, 36, 443, 3, 36, 234, 13720 }, // U+1EE8
    { 22, 29, 380, 2, 29, 160, 13954 }, // U+1EE9
    { 26, 36, 443, 3, 36, 234, 14114 }, // U+1EEA
    { 22, 29, 380, 2, 29, 160, 14348 }, // U+1EEB
    { 26, 37, 443, 3, 37, 241, 14508 }, // U+1EEC
    { 22, 30, 380, 2, 30, 165, 14749 }, // U+1EED
    { 26, 35, 443, 3, 35, 228, 14914 }, // U+1EEE
    { 22, 28, 380, 2, 28, 154, 15142 }, // U+1EEF
    { 26, 40, 443, 3, 32, 260, 15296 }, // U+1EF0
    { 22, 33, 380, 2, 25, 182, 15556 }, // U+1EF1
    { 26, 36, 418, 0, 36, 234, 15738 }, // U+1EF2
    { 21, 37, 345, 0, 29, 195, 15972 }, // U+1EF3
    { 26, 36, 418, 0, 28, 234, 16167 }, // U+1EF4
    { 21, 29, 345, 0, 21, 153, 16401 }, // U+1EF5
    { 26, 37, 418, 0, 37, 241, 16554 }, // U+1EF6
    { 21, 38, 345, 0, 30, 200, 16795 }, // U+1EF7
    { 26, 35, 418, 0, 35, 228, 16995 }, // U+1EF8
    { 21, 36, 345, 0, 28, 189, 17223 }, // U+1EF9
    { 0, 0, 332, 0, 0, 0, 0 }, // U+2000
    { 0, 0, 662, 0, 0, 0, 0 }, // U+2001
    { 0, 0, 300, 0, 0, 0, 0 }, // U+2002
    { 0, 0, 600, 0, 0, 0, 0 }, // U+2003
    { 0, 0, 200, 0, 0, 0, 0 }, // U+2004
    { 0, 0, 150, 0, 0, 0, 0 }, // U+2005
    { 0, 0, 100, 0, 0, 0, 0 }, // U+2006
    { 0, 0, 389, 0, 0, 0, 0 }, // U+2007
    { 0, 0, 182, 0, 0, 0, 0 }, // U+2008
    { 0, 0, 104, 0, 0, 0, 0 }, // U+2009
    { 0, 0, 52, 0, 0, 0, 0 }, // U+200A
    { 0, 0, 0, 0, 0, 0, 0 }, // U+200B
    { 2, 28, 0, -1, 26, 14, 0 }, // U+200C
    { 10, 28, 0, -5, 26, 70, 14 }, // U+200D
    { 9, 29, 0, -1, 27, 66, 84 }, // U+200E
    { 9, 29, 0, -8, 27, 66, 150 }, // U+200F
    { 13, 4, 234, 1, 14, 13, 216 }, // U+2010
    { 13, 4, 234, 1, 14, 13, 229 }, // U+2011
    { 22, 4, 389, 1, 15, 22, 242 }, // U+2012
    { 19, 4, 300, 0, 14, 19, 264 }, // U+2013
    { 38, 4, 600, 0, 14, 38, 283 }, // U+2014
    { 38, 4, 600, 0, 14, 38, 321 }, // U+2015
    { 11, 46, 305, 4, 37, 127, 359 }, // U+2016
    { 18, 8, 276, 0, 0, 36, 486 }, // U+2017
    { 7, 11, 166, 2, 28, 20, 522 }, // U+2018
    { 7, 11, 166, 2, 28, 20, 542 }, // U+2019
    { 7, 11, 154, 2, 5, 20, 562 }, // U+201A
    { 7, 11, 166, 1, 28, 20, 582 }, // U+201B
    { 15, 11, 284, 2, 28, 42, 602 }, // U+201C
    { 15, 11, 282, 2, 28, 42, 644 }, // U+201D
    { 14, 11, 270, 2, 5, 39, 686 }, // U+201E
    { 14, 11, 282, 1, 28, 39, 725 }, // U+201F
    { 16, 20, 313, 2, 28, 80, 764 }, // U+2020
    { 16, 28, 313, 2, 28, 112, 844 }, // U+2021
    { 12, 12, 320, 4, 17, 36, 956 }, // U+2022
    { 11, 13, 320, 5, 17, 36, 992 }, // U+2023
    { 7, 5, 182, 2, 5, 9, 1028 }, // U+2024
    { 18, 5, 364, 2, 5, 23, 1037 }, // U+2025
    { 30, 5, 546, 2, 5, 38, 1060 }, // U+2026
    { 7, 5, 182, 2, 16, 9, 1098 }, // U+2027
    { 0, 0, 104, 0, 0, 0, 1107 }, // U+202F
    { 44, 28, 812, 3, 28, 308, 1107 }, // U+2030
    { 58, 28, 1028, 3, 28, 406, 1415 }, // U+2031
    { 7, 10, 144, 1, 28, 18, 1821 }, // U+2032
    { 15, 10, 287, 1, 28, 38, 1839 }, // U+2033
    { 24, 10, 429, 1, 28, 60, 1877 }, // U+2034
    { 7, 10, 144, 1, 28, 18, 1937 }, // U+2035
    { 15, 10, 287, 1, 28, 38, 1955 }, // U+2036
    { 24, 10, 429, 1, 28, 60, 1993 }, // U+2037
    { 16, 9, 292, 1, -1, 36, 2053 }, // U+2038
    { 13, 18, 240, 1, 21, 59, 2089 }, // U+2039
    { 13, 18, 240, 1, 21, 59, 2148 }, // U+203A
    { 22, 22, 418, 2, 24, 121, 2207 }, // U+203B
    { 18, 28, 365, 2, 28, 126, 2328 }, // U+203C
    { 17, 28, 314, 1, 28, 119, 2454 }, // U+203D
    { 18, 4, 316, 1, 33, 18, 2573 }, // U+203E
    { 29, 7, 497, 1, -2, 51, 2591 }, // U+203F
    { 29, 8, 497, 1, 29, 58, 2642 }, // U+2040
    { 15, 21, 276, 1, 11, 79, 2700 }, // U+2041
    { 24, 22, 442, 2, 24, 132, 2779 }, // U+2042
    { 12, 4, 320, 4, 13, 12, 2911 }, // U+2043
    { 23, 28, 119, -8, 28, 161, 2923 }, // U+2044
    { 9, 35, 221, 3, 30, 79, 3084 }, // U+2045
    { 8, 35, 221, 2, 30, 70, 3163 }, // U+2046
    { 37, 28, 633, 1, 28, 259, 3233 }, // U+2047
    { 28, 28, 499, 1, 28, 196, 3492 }, // U+2048
    { 28, 28, 499, 2, 28, 196, 3688 }, // U+2049
    { 15, 29, 271, 1, 21, 109, 3884 }, // U+204A
    { 18, 28, 361, 3, 28, 126, 3993 }, // U+204B
    { 18, 16, 359, 2, 19, 72, 4119 }, // U+204C
    { 18, 16, 359, 2, 19, 72, 4191 }, // U+204D
    { 16, 16, 312, 2, 14, 64, 4263 }, // U+204E
    { 8, 26, 189, 2, 19, 52, 4327 }, // U+204F
    { 29, 38, 495, 1, 29, 276, 4379 }, // U+2050
    { 16, 35, 331, 4, 28, 140, 4655 }, // U+2051
    { 25, 28, 460, 2, 28, 175, 4795 }, // U+2052
    { 24, 7, 442, 2, 16, 42, 4970 }, // U+2053
    { 29, 7, 497, 1, -2, 51, 5012 }, // U+2054
    { 18, 17, 363, 2, 19, 77, 5063 }, // U+2055
    { 33, 10, 571, 1, 28, 83, 5140 }, // U+2057
    { 0, 0, 171, 0, 0, 0, 5223 }, // U+205F
    { 15, 15, 283, 1, 32, 57, 0 }, // U+2070
    { 4, 16, 124, 2, 33, 16, 57 }, // U+2071
    { 15, 15, 281, 1, 32, 57, 73 }, // U+2074
    { 14, 15, 271, 2, 32, 53, 130 }, // U+2075
    { 15, 15, 272, 1, 32, 57, 183 }, // U+2076
    { 13, 15, 247, 1, 32, 49, 240 }, // U+2077
    { 15, 16, 276, 1, 33, 60, 289 }, // U+2078
    { 15, 16, 272, 1, 33, 60, 349 }, // U+2079
    { 13, 11, 265, 2, 29, 36, 409 }, // U+207A
    { 12, 3, 266, 2, 25, 9, 445 }, // U+207B
    { 12, 8, 265, 2, 27, 24, 454 }, // U+207C
    { 7, 19, 166, 2, 33, 34, 478 }, // U+207D
    { 7, 19, 166, 1, 33, 34, 512 }, // U+207E
    { 13, 11, 266, 2, 28, 36, 546 }, // U+207F
    { 15, 15, 283, 1, 10, 57, 582 }, // U+2080
    { 9, 15, 188, 1, 10, 34, 639 }, // U+2081
    { 14, 15, 269, 1, 10, 53, 673 }, // U+2082
    { 15, 15, 273, 1, 10, 57, 726 }, // U+2083
    { 15, 15, 281, 1, 10, 57, 783 }, // U+2084
    { 14, 15, 271, 2, 10, 53, 840 }, // U+2085
    { 15, 15, 272, 1, 10, 57, 893 }, // U+2086
    { 13, 15, 247, 1, 10, 49, 950 }, // U+2087
    { 15, 16, 276, 1, 11, 60, 999 }, // U+2088
    { 15, 16, 272, 1, 11, 60, 1059 }, // U+2089
    { 13, 11, 265, 2, 7, 36, 1119 }, // U+208A
    { 12, 3, 266, 2, 3, 9, 1155 }, // U+208B
    { 12, 8, 265, 2, 5, 24, 1164 }, // U+208C
    { 7, 19, 166, 2, 11, 34, 1188 }, // U+208D
    { 7, 19, 166, 1, 11, 34, 1222 }, // U+208E
    { 13, 11, 245, 1, 6, 36, 1256 }, // U+2090
    { 14, 11, 254, 1, 6, 39, 1292 }, // U+2091
    { 14, 11, 260, 1, 6, 39, 1331 }, // U+2092
    { 14, 11, 248, 1, 6, 39, 1370 }, // U+2093
    { 14, 15, 277, 2, 7, 53, 1409 }, // U+2094
    { 13, 15, 266, 2, 10, 49, 1462 }, // U+2095
    { 13, 15, 244, 2, 10, 49, 1511 }, // U+2096
    { 4, 15, 124, 2, 10, 15, 1560 }, // U+2097
    { 20, 11, 380, 2, 6, 55, 1575 }, // U+2098
    { 13, 11, 266, 2, 6, 36, 1630 }, // U+2099
    { 14, 16, 266, 2, 6, 56, 1666 }, // U+209A
    { 13, 11, 239, 1, 6, 36, 1722 }, // U+209B
    { 9, 15, 153, 0, 10, 34, 1758 }, // U+209C
    { 24, 28, 444, 2, 28, 168, 0 }, // U+20A0
    { 24, 34, 440, 2, 31, 204, 168 }, // U+20A1
    { 24, 28, 437, 2, 28, 168, 372 }, // U+20A2
    { 22, 28, 364, -1, 28, 154, 540 }, // U+20A3
    { 21, 28, 372, 1, 28, 147, 694 }, // U+20A4
    { 28, 27, 516, 2, 24, 189, 841 }, // U+20A5
    { 28, 28, 459, 0, 28, 196, 1030 }, // U+20A6
    { 34, 28, 589, 3, 28, 238, 1226 }, // U+20A7
    { 38, 28, 683, 3, 28, 266, 1464 }, // U+20A8
    { 36, 28, 589, 0, 28, 252, 1730 }, // U+20A9
    { 26, 21, 512, 3, 21, 137, 1982 }, // U+20AA
    { 23, 35, 371, 1, 28, 202, 2119 }, // U+20AB
    { 24, 28, 403, 0, 28, 168, 2321 }, // U+20AC
    { 26, 28, 444, 1, 28, 182, 2489 }, // U+20AD
    { 22, 28, 392, 1, 28, 154, 2671 }, // U+20AE
    { 51, 39, 848, 1, 31, 498, 2825 }, // U+20AF
    { 24, 28, 409, 1, 28, 168, 3323 }, // U+20B1
    { 24, 35, 449, 2, 32, 210, 3491 }, // U+20B2
    { 26, 28, 425, 0, 28, 182, 3701 }, // U+20B3
    { 21, 28, 401, 2, 28, 147, 3883 }, // U+20B4
    { 24, 35, 440, 2, 31, 210, 4030 }, // U+20B5
    { 22, 28, 392, 1, 28, 154, 4240 }, // U+20B8
    { 19, 28, 331, 1, 28, 133, 4394 }, // U+20B9
    { 20, 28, 367, 1, 28, 140, 4527 }, // U+20BA
    { 24, 21, 443, 2, 21, 126, 4667 }, // U+20BC
    { 24, 28, 429, 1, 28, 168, 4793 }, // U+20BD
    { 23, 28, 442, 2, 28, 161, 4961 }, // U+20BE
    { 20, 35, 394, 3, 31, 175, 5122 }, // U+20BF
    { 16, 23, 298, 1, 23, 92, 5297 }, // U+20C0
    { 29, 26, 572, 3, 25, 189, 0 }, // U+2190
    { 26, 29, 515, 3, 29, 189, 189 }, // U+2191
    { 29, 26, 572, 4, 25, 189, 378 }, // U+2192
    { 26, 29, 515, 3, 28, 189, 567 }, // U+2193
    { 44, 25, 804, 3, 24, 275, 756 }, // U+2194
    { 25, 44, 505, 3, 34, 275, 1031 }, // U+2195
    { 22, 21, 467, 4, 21, 116, 1306 }, // U+2196
    { 21, 21, 467, 4, 21, 111, 1422 }, // U+2197
    { 21, 21, 467, 4, 21, 111, 1533 }, // U+2198
    { 22, 21, 467, 4, 21, 116, 1644 }, // U+2199
    { 37, 29, 689, 3, 28, 269, 1760 }, // U+21A9
    { 37, 29, 689, 3, 28, 269, 2029 }, // U+21AA
    { 31, 29, 597, 3, 29, 225, 2298 }, // U+21B0
    { 31, 29, 597, 3, 29, 225, 2523 }, // U+21B1
    { 31, 24, 597, 3, 27, 186, 2748 }, // U+21B3
    { 26, 29, 513, 3, 28, 189, 2934 }, // U+21B4
    { 31, 24, 597, 3, 27, 186, 3123 }, // U+21B5
    { 28, 34, 572, 4, 34, 238, 3309 }, // U+21BA
    { 28, 34, 572, 4, 34, 238, 3547 }, // U+21BB
    { 29, 26, 572, 3, 25, 189, 3785 }, // U+21D0
    { 29, 26, 572, 4, 25, 189, 3974 }, // U+21D2
    { 44, 26, 804, 3, 25, 286, 4163 }, // U+21D4
    { 17, 29, 370, 3, 29, 124, 4449 }, // U+21DE
    { 17, 29, 370, 3, 28, 124, 4573 }, // U+21DF
    { 33, 17, 616, 3, 22, 141, 4697 }, // U+21E4
    { 33, 17, 616, 3, 22, 141, 4838 }, // U+21E5
    { 34, 30, 632, 3, 30, 255, 4979 }, // U+21E7
    { 34, 36, 632, 3, 30, 306, 5234 }, // U+21EA
    { 20, 28, 387, 2, 28, 140, 0 }, // U+2202
    { 23, 23, 412, 1, 22, 133, 140 }, // U+2205
    { 26, 28, 421, 0, 28, 182, 273 }, // U+2206
    { 22, 32, 442, 3, 28, 176, 455 }, // U+220F
    { 23, 32, 402, 1, 27, 184, 631 }, // U+2211
    { 19, 4, 400, 3, 13, 19, 815 }, // U+2212
    { 22, 28, 386, 1, 28, 154, 834 }, // U+221A
    { 33, 15, 570, 1, 19, 124, 988 }, // U+221E
    { 15, 38, 224, -1, 29, 143, 1112 }, // U+222B
    { 7, 19, 182, 2, 23, 34, 1255 }, // U+2236
    { 20, 16, 400, 3, 19, 80, 1289 }, // U+2248
    { 19, 21, 400, 3, 21, 100, 1369 }, // U+2260
    { 19, 21, 400, 3, 22, 100, 1469 }, // U+2264
    { 19, 21, 400, 3, 22, 100, 1569 }, // U+2265
    { 52, 52, 834, 0, 40, 676, 1669 }, // U+2295
    { 52, 52, 834, 0, 40, 676, 2345 }, // U+2296
    { 52, 52, 834, 0, 40, 676, 3021 }, // U+2297
    { 52, 52, 834, 0, 40, 676, 3697 }, // U+2298
};

static const EpdUnicodeInterval inksans_18_regularIntervals[] = {
    { 0x0, 0x0, 0x0 },
    { 0xD, 0xD, 0x1 },
    { 0x20, 0x7E, 0x2 },
    { 0xA0, 0xAC, 0x61 },
    { 0xAE, 0x148, 0x6E },
    { 0x14A, 0x17F, 0x109 },
    { 0x1A0, 0x1A1, 0x13F },
    { 0x1AF, 0x1B0, 0x141 },
    { 0x1C5, 0x21F, 0x143 },
    { 0x300, 0x304, 0x19E },
    { 0x306, 0x30C, 0x1A3 },
    { 0x30F, 0x30F, 0x1AA },
    { 0x313, 0x313, 0x1AB },
    { 0x315, 0x315, 0x1AC },
    { 0x31B, 0x31B, 0x1AD },
    { 0x323, 0x323, 0x1AE },
    { 0x326, 0x328, 0x1AF },
    { 0x32C, 0x32C, 0x1B2 },
    { 0x337, 0x338, 0x1B3 },
    { 0x342, 0x343, 0x1B5 },
    { 0x346, 0x36F, 0x1B7 },
    { 0x400, 0x479, 0x1E1 },
    { 0x480, 0x49D, 0x25B },
    { 0x4A0, 0x4FF, 0x279 },
    { 0x5D0, 0x5EA, 0x2D9 },
    { 0x5EF, 0x5F4, 0x2F4 },
    { 0x1EA0, 0x1EF9, 0x2FA },
    { 0x2000, 0x2027, 0x354 },
    { 0x202F, 0x2055, 0x37C },
    { 0x2057, 0x2057, 0x3A3 },
    { 0x205F, 0x205F, 0x3A4 },
    { 0x2070, 0x2071, 0x3A5 },
    { 0x2074, 0x208E, 0x3A7 },
    { 0x2090, 0x209C, 0x3C2 },
    { 0x20A0, 0x20AF, 0x3CF },
    { 0x20B1, 0x20B5, 0x3DF },
    { 0x20B8, 0x20BA, 0x3E4 },
    { 0x20BC, 0x20C0, 0x3E7 },
    { 0x2190, 0x2199, 0x3EC },
    { 0x21A9, 0x21AA, 0x3F6 },
    { 0x21B0, 0x21B1, 0x3F8 },
    { 0x21B3, 0x21B5, 0x3FA },
    { 0x21BA, 0x21BB, 0x3FD },
    { 0x21D0, 0x21D0, 0x3FF },
    { 0x21D2, 0x21D2, 0x400 },
    { 0x21D4, 0x21D4, 0x401 },
    { 0x21DE, 0x21DF, 0x402 },
    { 0x21E4, 0x21E5, 0x404 },
    { 0x21E7, 0x21E7, 0x406 },
    { 0x21EA, 0x21EA, 0x407 },
    { 0x2202, 0x2202, 0x408 },
    { 0x2205, 0x2206, 0x409 },
    { 0x220F, 0x220F, 0x40B },
    { 0x2211, 0x2212, 0x40C },
    { 0x221A, 0x221A, 0x40E },
    { 0x221E, 0x221E, 0x40F },
    { 0x222B, 0x222B, 0x410 },
    { 0x2236, 0x2236, 0x411 },
    { 0x2248, 0x2248, 0x412 },
    { 0x2260, 0x2260, 0x413 },
    { 0x2264, 0x2265, 0x414 },
    { 0x2295, 0x2298, 0x416 },
};

static const EpdFontGroup inksans_18_regularGroups[] = {
    { 0, 4255, 11898, 97, 0 },
    { 4255, 3820, 14303, 95, 97 },
    { 8075, 4419, 22074, 127, 192 },
    { 12494, 4582, 19741, 95, 319 },
    { 17076, 1056, 2071, 67, 414 },
    { 18132, 10345, 43623, 248, 481 },
    { 28477, 1110, 3453, 33, 729 },
    { 29587, 2393, 18916, 90, 762 },
    { 31980, 2021, 5624, 81, 852 },
    { 34001, 732, 2010, 42, 933 },
    { 34733, 2245, 5570, 29, 975 },
    { 36978, 1664, 5908, 28, 1004 },
    { 38642, 1195, 4470, 18, 1032 },
};

static const EpdKernClassEntry inksans_18_regularKernLeftClasses[] = {
    { 0x0022, 1 }, // "
    { 0x0024, 2 }, // $
    { 0x0025, 3 }, // %
    { 0x0026, 4 }, // &
    { 0x0027, 1 }, // '
    { 0x0028, 5 }, // (
    { 0x0029, 6 }, // )
    { 0x002A, 7 }, // *
    { 0x002B, 8 }, // +
    { 0x002C, 9 }, // ,
    { 0x002D, 8 }, // -
    { 0x002E, 9 }, // .
    { 0x002F, 10 }, // /
    { 0x0030, 11 }, // 0
    { 0x0031, 12 }, // 1
    { 0x0032, 13 }, // 2
    { 0x0033, 14 }, // 3
    { 0x0034, 15 }, // 4
    { 0x0035, 16 }, // 5
    { 0x0036, 17 }, // 6
    { 0x0037, 18 }, // 7
    { 0x0038, 14 }, // 8
    { 0x0039, 11 }, // 9
    { 0x003A, 19 }, // :
    { 0x003B, 19 }, // ;
    { 0x003D, 20 }, // =
    { 0x003E, 21 }, // >
    { 0x003F, 22 }, // ?
    { 0x0040, 23 }, // @
    { 0x0041, 24 }, // A
    { 0x0042, 25 }, // B
    { 0x0043, 26 }, // C
    { 0x0044, 23 }, // D
    { 0x0045, 27 }, // E
    { 0x0046, 28 }, // F
    { 0x0047, 29 }, // G
    { 0x0048, 12 }, // H
    { 0x0049, 12 }, // I
    { 0x004A, 30 }, // J
    { 0x004B, 31 }, // K
    { 0x004C, 32 }, // L
    { 0x004D, 12 }, // M
    { 0x004E, 12 }, // N
    { 0x004F, 23 }, // O
    { 0x0050, 33 }, // P
    { 0x0051, 23 }, // Q
    { 0x0052, 34 }, // R
    { 0x0053, 2 }, // S
    { 0x0054, 35 }, // T
    { 0x0055, 30 }, // U
    { 0x0056, 36 }, // V
    { 0x0057, 37 }, // W
    { 0x0058, 38 }, // X
    { 0x0059, 39 }, // Y
    { 0x005A, 40 }, // Z
    { 0x005B, 41 }, // [
    { 0x005C, 42 }, // <backslash>
    { 0x005D, 6 }, // ]
    { 0x005E, 7 }, // ^
    { 0x005F, 43 }, // _
    { 0x0061, 44 }, // a
    { 0x0062, 45 }, // b
    { 0x0063, 45 }, // c
    { 0x0064, 12 }, // d
    { 0x0065, 45 }, // e
    { 0x0066, 46 }, // f
    { 0x0067, 47 }, // g
    { 0x0068, 44 }, // h
    { 0x0069, 48 }, // i
    { 0x006A, 48 }, // j
    { 0x006B, 49 }, // k
    { 0x006C, 12 }, // l
    { 0x006D, 44 }, // m
    { 0x006E, 44 }, // n
    { 0x006F, 45 }, // o
    { 0x0070, 45 }, // p
    { 0x0071, 47 }, // q
    { 0x0072, 50 }, // r
    { 0x0073, 51 }, // s
    { 0x0074, 52 }, // t
    { 0x0075, 53 }, // u
    { 0x0076, 54 }, // v
    { 0x0077, 55 }, // w
    { 0x0078, 56 }, // x
    { 0x0079, 54 }, // y
    { 0x007A, 57 }, // z
    { 0x007B, 5 }, // {
    { 0x007C, 12 }, // |
    { 0x007D, 6 }, // }
    { 0x007E, 8 }, // ~
    { 0x00A1, 58 }, // U+00A1
    { 0x00A2, 45 }, // U+00A2
    { 0x00A5, 59 }, // U+00A5
    { 0x00A9, 23 }, // U+00A9
    { 0x00AA, 60 }, // U+00AA
    { 0x00AB, 61 }, // U+00AB
    { 0x00AC, 62 }, // U+00AC
    { 0x00AE, 63 }, // U+00AE
    { 0x00B0, 7 }, // U+00B0
    { 0x00B1, 20 }, // U+00B1
    { 0x00B2, 64 }, // U+00B2
    { 0x00B3, 65 }, // U+00B3
    { 0x00B5, 66 }, // U+00B5
    { 0x00B6, 12 }, // U+00B6
    { 0x00B7, 67 }, // U+00B7
    { 0x00B9, 68 }, // U+00B9
    { 0x00BA, 60 }, // U+00BA
    { 0x00BB, 69 }, // U+00BB
    { 0x00BF, 70 }, // U+00BF
    { 0x00C0, 24 }, // U+00C0
    { 0x00C1, 24 }, // U+00C1
    { 0x00C2, 24 }, // U+00C2
    { 0x00C3, 24 }, // U+00C3
    { 0x00C4, 24 }, // U+00C4
    { 0x00C5, 24 }, // U+00C5
    { 0x00C6, 27 }, // U+00C6
    { 0x00C7, 26 }, // U+00C7
    { 0x00C8, 27 }, // U+00C8
    { 0x00C9, 27 }, // U+00C9
    { 0x00CA, 27 }, // U+00CA
    { 0x00CB, 27 }, // U+00CB
    { 0x00CC, 12 }, // U+00CC
    { 0x00CD, 12 }, // U+00CD
    { 0x00CE, 71 }, // U+00CE
    { 0x00CF, 71 }, // U+00CF
    { 0x00D0, 23 }, // U+00D0
    { 0x00D1, 12 }, // U+00D1
    { 0x00D2, 23 }, // U+00D2
    { 0x00D3, 23 }, // U+00D3
    { 0x00D4, 23 }, // U+00D4
    { 0x00D5, 23 }, // U+00D5
    { 0x00D6, 23 }, // U+00D6
    { 0x00D7, 72 }, // U+00D7
    { 0x00D8, 23 }, // U+00D8
    { 0x00D9, 30 }, // U+00D9
    { 0x00DA, 30 }, // U+00DA
    { 0x00DB, 30 }, // U+00DB
    { 0x00DC, 30 }, // U+00DC
    { 0x00DD, 39 }, // U+00DD
    { 0x00DE, 73 }, // U+00DE
    { 0x00DF, 74 }, // U+00DF
    { 0x00E0, 44 }, // U+00E0
    { 0x00E1, 44 }, // U+00E1
    { 0x00E2, 44 }, // U+00E2
    { 0x00E3, 44 }, // U+00E3
    { 0x00E4, 44 }, // U+00E4
    { 0x00E5, 44 }, // U+00E5
    { 0x00E6, 75 }, // U+00E6
    { 0x00E7, 45 }, // U+00E7
    { 0x00E8, 45 }, // U+00E8
    { 0x00E9, 45 }, // U+00E9
    { 0x00EA, 45 }, // U+00EA
    { 0x00EB, 45 }, // U+00EB
    { 0x00EC, 48 }, // U+00EC
    { 0x00ED, 48 }, // U+00ED
    { 0x00EE, 76 }, // U+00EE
    { 0x00EF, 77 }, // U+00EF
    { 0x00F0, 45 }, // U+00F0
    { 0x00F1, 78 }, // U+00F1
    { 0x00F2, 45 }, // U+00F2
    { 0x00F3, 45 }, // U+00F3
    { 0x00F4, 45 }, // U+00F4
    { 0x00F5, 79 }, // U+00F5
    { 0x00F6, 79 }, // U+00F6
    { 0x00F7, 8 }, // U+00F7
    { 0x00F8, 45 }, // U+00F8
    { 0x00F9, 53 }, // U+00F9
    { 0x00FA, 53 }, // U+00FA
    { 0x00FB, 53 }, // U+00FB
    { 0x00FC, 53 }, // U+00FC
    { 0x00FD, 54 }, // U+00FD
    { 0x00FE, 45 }, // U+00FE
    { 0x00FF, 54 }, // U+00FF
    { 0x0100, 24 }, // U+0100
    { 0x0101, 80 }, // U+0101
    { 0x0102, 24 }, // U+0102
    { 0x0103, 44 }, // U+0103
    { 0x0104, 24 }, // U+0104
    { 0x0105, 44 }, // U+0105
    { 0x0106, 26 }, // U+0106
    { 0x0107, 45 }, // U+0107
    { 0x0108, 26 }, // U+0108
    { 0x0109, 45 }, // U+0109
    { 0x010A, 26 }, // U+010A
    { 0x010B, 45 }, // U+010B
    { 0x010C, 26 }, // U+010C
    { 0x010D, 45 }, // U+010D
    { 0x010E, 23 }, // U+010E
    { 0x010F, 81 }, // U+010F
    { 0x0111, 82 }, // U+0111
    { 0x0112, 27 }, // U+0112
    { 0x0113, 45 }, // U+0113
    { 0x0114, 27 }, // U+0114
    { 0x0115, 45 }, // U+0115
    { 0x0116, 27 }, // U+0116
    { 0x0117, 45 }, // U+0117
    { 0x0118, 27 }, // U+0118
    { 0x0119, 45 }, // U+0119
    { 0x011A, 27 }, // U+011A
    { 0x011B, 45 }, // U+011B
    { 0x011C, 29 }, // U+011C
    { 0x011D, 47 }, // U+011D
    { 0x011E, 29 }, // U+011E
    { 0x011F, 47 }, // U+011F
    { 0x0120, 29 }, // U+0120
    { 0x0121, 47 }, // U+0121
    { 0x0122, 29 }, // U+0122
    { 0x0123, 47 }, // U+0123
    { 0x0124, 12 }, // U+0124
    { 0x0125, 44 }, // U+0125
    { 0x0126, 12 }, // U+0126
    { 0x0127, 44 }, // U+0127
    { 0x0128, 71 }, // U+0128
    { 0x0129, 83 }, // U+0129
    { 0x012A, 71 }, // U+012A
    { 0x012B, 84 }, // U+012B
    { 0x012C, 71 }, // U+012C
    { 0x012D, 85 }, // U+012D
    { 0x012E, 12 }, // U+012E
    { 0x012F, 48 }, // U+012F
    { 0x0130, 12 }, // U+0130
    { 0x0131, 48 }, // U+0131
    { 0x0133, 48 }, // U+0133
    { 0x0134, 30 }, // U+0134
    { 0x0135, 86 }, // U+0135
    { 0x0136, 31 }, // U+0136
    { 0x0137, 49 }, // U+0137
    { 0x0138, 49 }, // U+0138
    { 0x0139, 87 }, // U+0139
    { 0x013A, 88 }, // U+013A
    { 0x013B, 32 }, // U+013B
    { 0x013C, 12 }, // U+013C
    { 0x013D, 89 }, // U+013D
    { 0x013E, 12 }, // U+013E
    { 0x013F, 90 }, // U+013F
    { 0x0140, 91 }, // U+0140
    { 0x0141, 92 }, // U+0141
    { 0x0142, 91 }, // U+0142
    { 0x0143, 12 }, // U+0143
    { 0x0144, 44 }, // U+0144
    { 0x0145, 12 }, // U+0145
    { 0x0146, 44 }, // U+0146
    { 0x0147, 12 }, // U+0147
    { 0x0148, 44 }, // U+0148
    { 0x014A, 12 }, // U+014A
    { 0x014C, 23 }, // U+014C
    { 0x014D, 45 }, // U+014D
    { 0x014E, 23 }, // U+014E
    { 0x014F, 45 }, // U+014F
    { 0x0150, 23 }, // U+0150
    { 0x0151, 45 }, // U+0151
    { 0x0152, 27 }, // U+0152
    { 0x0153, 45 }, // U+0153
    { 0x0154, 34 }, // U+0154
    { 0x0155, 50 }, // U+0155
    { 0x0156, 34 }, // U+0156
    { 0x0157, 50 }, // U+0157
    { 0x0158, 34 }, // U+0158
    { 0x0159, 50 }, // U+0159
    { 0x015A, 2 }, // U+015A
    { 0x015B, 51 }, // U+015B
    { 0x015C, 2 }, // U+015C
    { 0x015D, 51 }, // U+015D
    { 0x015E, 2 }, // U+015E
    { 0x015F, 51 }, // U+015F
    { 0x0160, 2 }, // U+0160
    { 0x0161, 51 }, // U+0161
    { 0x0162, 93 }, // U+0162
    { 0x0163, 52 }, // U+0163
    { 0x0164, 94 }, // U+0164
    { 0x0165, 52 }, // U+0165
    { 0x0166, 95 }, // U+0166
    { 0x0167, 52 }, // U+0167
    { 0x0168, 30 }, // U+0168
    { 0x0169, 53 }, // U+0169
    { 0x016A, 30 }, // U+016A
    { 0x016B, 53 }, // U+016B
    { 0x016C, 30 }, // U+016C
    { 0x016D, 53 }, // U+016D
    { 0x016E, 30 }, // U+016E
    { 0x016F, 53 }, // U+016F
    { 0x0170, 30 }, // U+0170
    { 0x0171, 53 }, // U+0171
    { 0x0172, 30 }, // U+0172
    { 0x0173, 53 }, // U+0173
    { 0x0174, 37 }, // U+0174
    { 0x0175, 55 }, // U+0175
    { 0x0176, 39 }, // U+0176
    { 0x0177, 54 }, // U+0177
    { 0x0178, 39 }, // U+0178
    { 0x0179, 40 }, // U+0179
    { 0x017A, 57 }, // U+017A
    { 0x017B, 40 }, // U+017B
    { 0x017C, 57 }, // U+017C
    { 0x017D, 40 }, // U+017D
    { 0x017E, 57 }, // U+017E
    { 0x017F, 96 }, // U+017F
    { 0x01A0, 97 }, // U+01A0
    { 0x01A1, 98 }, // U+01A1
    { 0x01AF, 99 }, // U+01AF
    { 0x01B0, 100 }, // U+01B0
    { 0x01C5, 101 }, // U+01C5
    { 0x01C6, 57 }, // U+01C6
    { 0x01C8, 48 }, // U+01C8
    { 0x01C9, 48 }, // U+01C9
    { 0x01CB, 48 }, // U+01CB
    { 0x01CC, 48 }, // U+01CC
    { 0x01CD, 24 }, // U+01CD
    { 0x01CE, 44 }, // U+01CE
    { 0x01CF, 88 }, // U+01CF
    { 0x01D0, 102 }, // U+01D0
    { 0x01D1, 23 }, // U+01D1
    { 0x01D2, 45 }, // U+01D2
    { 0x01D3, 30 }, // U+01D3
    { 0x01D4, 53 }, // U+01D4
    { 0x01D5, 30 }, // U+01D5
    { 0x01D6, 53 }, // U+01D6
    { 0x01D7, 30 }, // U+01D7
    { 0x01D8, 53 }, // U+01D8
    { 0x01D9, 30 }, // U+01D9
    { 0x01DA, 53 }, // U+01DA
    { 0x01DB, 30 }, // U+01DB
    { 0x01DC, 53 }, // U+01DC
    { 0x01DD, 45 }, // U+01DD
    { 0x01DE, 24 }, // U+01DE
    { 0x01DF, 44 }, // U+01DF
    { 0x01E0, 24 }, // U+01E0
    { 0x01E1, 44 }, // U+01E1
    { 0x01E2, 27 }, // U+01E2
    { 0x01E3, 75 }, // U+01E3
    { 0x01E4, 29 }, // U+01E4
    { 0x01E5, 47 }, // U+01E5
    { 0x01E6, 29 }, // U+01E6
    { 0x01E7, 47 }, // U+01E7
    { 0x01E8, 31 }, // U+01E8
    { 0x01E9, 49 }, // U+01E9
    { 0x01EA, 23 }, // U+01EA
    { 0x01EB, 45 }, // U+01EB
    { 0x01EC, 23 }, // U+01EC
    { 0x01ED, 45 }, // U+01ED
    { 0x01F0, 48 }, // U+01F0
    { 0x01F1, 103 }, // U+01F1
    { 0x01F2, 57 }, // U+01F2
    { 0x01F3, 57 }, // U+01F3
    { 0x01F4, 29 }, // U+01F4
    { 0x01F5, 47 }, // U+01F5
    { 0x01F6, 104 }, // U+01F6
    { 0x01F8, 12 }, // U+01F8
    { 0x01F9, 44 }, // U+01F9
    { 0x01FA, 24 }, // U+01FA
    { 0x01FB, 44 }, // U+01FB
    { 0x01FC, 27 }, // U+01FC
    { 0x01FD, 75 }, // U+01FD
    { 0x01FE, 23 }, // U+01FE
    { 0x01FF, 45 }, // U+01FF
    { 0x0200, 24 }, // U+0200
    { 0x0201, 44 }, // U+0201
    { 0x0202, 24 }, // U+0202
    { 0x0203, 44 }, // U+0203
    { 0x0204, 27 }, // U+0204
    { 0x0205, 45 }, // U+0205
    { 0x0206, 27 }, // U+0206
    { 0x0207, 45 }, // U+0207
    { 0x0208, 105 }, // U+0208
    { 0x0209, 106 }, // U+0209
    { 0x020A, 71 }, // U+020A
    { 0x020B, 107 }, // U+020B
    { 0x020C, 23 }, // U+020C
    { 0x020D, 45 }, // U+020D
    { 0x020E, 23 }, // U+020E
    { 0x020F, 45 }, // U+020F
    { 0x0210, 34 }, // U+0210
    { 0x0211, 50 }, // U+0211
    { 0x0212, 34 }, // U+0212
    { 0x0213, 50 }, // U+0213
    { 0x0214, 30 }, // U+0214
    { 0x0215, 53 }, // U+0215
    { 0x0216, 30 }, // U+0216
    { 0x0217, 53 }, // U+0217
    { 0x0218, 2 }, // U+0218
    { 0x0219, 51 }, // U+0219
    { 0x021A, 35 }, // U+021A
    { 0x021B, 52 }, // U+021B
    { 0x021E, 12 }, // U+021E
    { 0x021F, 44 }, // U+021F
    { 0x0400, 27 }, // U+0400
    { 0x0401, 27 }, // U+0401
    { 0x0402, 45 }, // U+0402
    { 0x0403, 35 }, // U+0403
    { 0x0404, 108 }, // U+0404
    { 0x0405, 2 }, // U+0405
    { 0x0406, 12 }, // U+0406
    { 0x0407, 71 }, // U+0407
    { 0x0408, 30 }, // U+0408
    { 0x0409, 45 }, // U+0409
    { 0x040A, 45 }, // U+040A
    { 0x040B, 44 }, // U+040B
    { 0x040C, 31 }, // U+040C
    { 0x040D, 12 }, // U+040D
    { 0x040F, 12 }, // U+040F
    { 0x0410, 24 }, // U+0410
    { 0x0411, 25 }, // U+0411
    { 0x0412, 25 }, // U+0412
    { 0x0413, 35 }, // U+0413
    { 0x0414, 109 }, // U+0414
    { 0x0415, 27 }, // U+0415
    { 0x0416, 110 }, // U+0416
    { 0x0417, 14 }, // U+0417
    { 0x0418, 12 }, // U+0418
    { 0x0419, 12 }, // U+0419
    { 0x041A, 31 }, // U+041A
    { 0x041B, 12 }, // U+041B
    { 0x041C, 12 }, // U+041C
    { 0x041D, 12 }, // U+041D
    { 0x041E, 23 }, // U+041E
    { 0x041F, 12 }, // U+041F
    { 0x0420, 33 }, // U+0420
    { 0x0421, 26 }, // U+0421
    { 0x0422, 35 }, // U+0422
    { 0x0423, 39 }, // U+0423
    { 0x0424, 111 }, // U+0424
    { 0x0425, 38 }, // U+0425
    { 0x0426, 109 }, // U+0426
    { 0x0427, 12 }, // U+0427
    { 0x0428, 12 }, // U+0428
    { 0x0429, 109 }, // U+0429
    { 0x042A, 45 }, // U+042A
    { 0x042B, 12 }, // U+042B
    { 0x042C, 45 }, // U+042C
    { 0x042D, 23 }, // U+042D
    { 0x042E, 112 }, // U+042E
    { 0x0430, 44 }, // U+0430
    { 0x0432, 51 }, // U+0432
    { 0x0433, 50 }, // U+0433
    { 0x0434, 113 }, // U+0434
    { 0x0435, 45 }, // U+0435
    { 0x0436, 56 }, // U+0436
    { 0x0437, 44 }, // U+0437
    { 0x0438, 44 }, // U+0438
    { 0x0439, 44 }, // U+0439
    { 0x043A, 49 }, // U+043A
    { 0x043B, 44 }, // U+043B
    { 0x043C, 44 }, // U+043C
    { 0x043D, 44 }, // U+043D
    { 0x043E, 45 }, // U+043E
    { 0x043F, 44 }, // U+043F
    { 0x0440, 45 }, // U+0440
    { 0x0441, 45 }, // U+0441
    { 0x0442, 114 }, // U+0442
    { 0x0443, 54 }, // U+0443
    { 0x0444, 45 }, // U+0444
    { 0x0445, 56 }, // U+0445
    { 0x0446, 113 }, // U+0446
    { 0x0447, 44 }, // U+0447
    { 0x0448, 44 }, // U+0448
    { 0x0449, 113 }, // U+0449
    { 0x044A, 115 }, // U+044A
    { 0x044B, 48 }, // U+044B
    { 0x044C, 115 }, // U+044C
    { 0x044D, 45 }, // U+044D
    { 0x044E, 45 }, // U+044E
    { 0x044F, 44 }, // U+044F
    { 0x0450, 45 }, // U+0450
    { 0x0451, 45 }, // U+0451
    { 0x0452, 44 }, // U+0452
    { 0x0453, 50 }, // U+0453
    { 0x0454, 45 }, // U+0454
    { 0x0455, 51 }, // U+0455
    { 0x0456, 48 }, // U+0456
    { 0x0457, 77 }, // U+0457
    { 0x0458, 48 }, // U+0458
    { 0x0459, 115 }, // U+0459
    { 0x045A, 115 }, // U+045A
    { 0x045B, 44 }, // U+045B
    { 0x045C, 49 }, // U+045C
    { 0x045D, 44 }, // U+045D
    { 0x045E, 54 }, // U+045E
    { 0x045F, 53 }, // U+045F
    { 0x0460, 12 }, // U+0460
    { 0x0462, 45 }, // U+0462
    { 0x0463, 45 }, // U+0463
    { 0x0464, 26 }, // U+0464
    { 0x0465, 45 }, // U+0465
    { 0x0466, 24 }, // U+0466
    { 0x0467, 24 }, // U+0467
    { 0x0468, 24 }, // U+0468
    { 0x046E, 25 }, // U+046E
    { 0x0472, 23 }, // U+0472
    { 0x0473, 45 }, // U+0473
    { 0x0474, 36 }, // U+0474
    { 0x0475, 54 }, // U+0475
    { 0x0476, 36 }, // U+0476
    { 0x0477, 54 }, // U+0477
    { 0x0479, 46 }, // U+0479
    { 0x0481, 45 }, // U+0481
    { 0x048A, 12 }, // U+048A
    { 0x048B, 52 }, // U+048B
    { 0x048C, 45 }, // U+048C
    { 0x048D, 45 }, // U+048D
    { 0x048E, 33 }, // U+048E
    { 0x048F, 45 }, // U+048F
    { 0x0490, 35 }, // U+0490
    { 0x0491, 50 }, // U+0491
    { 0x0492, 35 }, // U+0492
    { 0x0493, 50 }, // U+0493
    { 0x0497, 56 }, // U+0497
    { 0x0498, 14 }, // U+0498
    { 0x049A, 31 }, // U+049A
    { 0x049B, 49 }, // U+049B
    { 0x049C, 31 }, // U+049C
    { 0x049D, 49 }, // U+049D
    { 0x04A0, 31 }, // U+04A0
    { 0x04A1, 49 }, // U+04A1
    { 0x04A2, 52 }, // U+04A2
    { 0x04A3, 52 }, // U+04A3
    { 0x04A4, 35 }, // U+04A4
    { 0x04A5, 50 }, // U+04A5
    { 0x04A6, 45 }, // U+04A6
    { 0x04A7, 115 }, // U+04A7
    { 0x04A9, 75 }, // U+04A9
    { 0x04AA, 26 }, // U+04AA
    { 0x04AB, 45 }, // U+04AB
    { 0x04AC, 35 }, // U+04AC
    { 0x04AD, 50 }, // U+04AD
    { 0x04AE, 39 }, // U+04AE
    { 0x04AF, 54 }, // U+04AF
    { 0x04B0, 39 }, // U+04B0
    { 0x04B1, 54 }, // U+04B1
    { 0x04B3, 56 }, // U+04B3
    { 0x04B5, 113 }, // U+04B5
    { 0x04B7, 52 }, // U+04B7
    { 0x04B9, 44 }, // U+04B9
    { 0x04BA, 44 }, // U+04BA
    { 0x04BB, 44 }, // U+04BB
    { 0x04BD, 45 }, // U+04BD
    { 0x04BF, 75 }, // U+04BF
    { 0x04C0, 12 }, // U+04C0
    { 0x04C1, 38 }, // U+04C1
    { 0x04C3, 25 }, // U+04C3
    { 0x04C4, 44 }, // U+04C4
    { 0x04C6, 52 }, // U+04C6
    { 0x04C7, 12 }, // U+04C7
    { 0x04C8, 44 }, // U+04C8
    { 0x04C9, 52 }, // U+04C9
    { 0x04CA, 52 }, // U+04CA
    { 0x04CC, 44 }, // U+04CC
    { 0x04CD, 12 }, // U+04CD
    { 0x04CE, 52 }, // U+04CE
    { 0x04CF, 12 }, // U+04CF
    { 0x04D0, 24 }, // U+04D0
    { 0x04D1, 44 }, // U+04D1
    { 0x04D2, 24 }, // U+04D2
    { 0x04D3, 44 }, // U+04D3
    { 0x04D4, 27 }, // U+04D4
    { 0x04D5, 75 }, // U+04D5
    { 0x04D6, 27 }, // U+04D6
    { 0x04D7, 45 }, // U+04D7
    { 0x04D9, 45 }, // U+04D9
    { 0x04DA, 23 }, // U+04DA
    { 0x04DB, 45 }, // U+04DB
    { 0x04DC, 38 }, // U+04DC
    { 0x04E0, 14 }, // U+04E0
    { 0x04E2, 12 }, // U+04E2
    { 0x04E3, 44 }, // U+04E3
    { 0x04E4, 12 }, // U+04E4
    { 0x04E5, 44 }, // U+04E5
    { 0x04E6, 23 }, // U+04E6
    { 0x04E7, 45 }, // U+04E7
    { 0x04E8, 23 }, // U+04E8
    { 0x04E9, 45 }, // U+04E9
    { 0x04EA, 23 }, // U+04EA
    { 0x04EB, 45 }, // U+04EB
    { 0x04ED, 45 }, // U+04ED
    { 0x04EF, 54 }, // U+04EF
    { 0x04F1, 54 }, // U+04F1
    { 0x04F3, 54 }, // U+04F3
    { 0x04F5, 44 }, // U+04F5
    { 0x04F6, 35 }, // U+04F6
    { 0x04F7, 50 }, // U+04F7
    { 0x04F9, 44 }, // U+04F9
    { 0x04FA, 35 }, // U+04FA
    { 0x04FB, 50 }, // U+04FB
    { 0x04FC, 38 }, // U+04FC
    { 0x04FD, 56 }, // U+04FD
    { 0x04FE, 38 }, // U+04FE
    { 0x04FF, 56 }, // U+04FF
    { 0x05D0, 116 }, // U+05D0
    { 0x05D1, 117 }, // U+05D1
    { 0x05D2, 118 }, // U+05D2
    { 0x05D3, 119 }, // U+05D3
    { 0x05D5, 120 }, // U+05D5
    { 0x05D6, 121 }, // U+05D6
    { 0x05D8, 122 }, // U+05D8
    { 0x05D9, 123 }, // U+05D9
    { 0x05DB, 124 }, // U+05DB
    { 0x05DC, 125 }, // U+05DC
    { 0x05DE, 126 }, // U+05DE
    { 0x05E0, 127 }, // U+05E0
    { 0x05E1, 128 }, // U+05E1
    { 0x05E2, 129 }, // U+05E2
    { 0x05E4, 130 }, // U+05E4
    { 0x05E6, 131 }, // U+05E6
    { 0x05E8, 132 }, // U+05E8
    { 0x05E9, 133 }, // U+05E9
    { 0x05EA, 134 }, // U+05EA
    { 0x1EA0, 24 }, // U+1EA0
    { 0x1EA1, 44 }, // U+1EA1
    { 0x1EA2, 24 }, // U+1EA2
    { 0x1EA3, 44 }, // U+1EA3
    { 0x1EA4, 24 }, // U+1EA4
    { 0x1EA5, 44 }, // U+1EA5
    { 0x1EA6, 24 }, // U+1EA6
    { 0x1EA7, 44 }, // U+1EA7
    { 0x1EA8, 24 }, // U+1EA8
    { 0x1EA9, 44 }, // U+1EA9
    { 0x1EAA, 24 }, // U+1EAA
    { 0x1EAB, 44 }, // U+1EAB
    { 0x1EAC, 24 }, // U+1EAC
    { 0x1EAD, 44 }, // U+1EAD
    { 0x1EAE, 24 }, // U+1EAE
    { 0x1EAF, 44 }, // U+1EAF
    { 0x1EB0, 24 }, // U+1EB0
    { 0x1EB1, 44 }, // U+1EB1
    { 0x1EB2, 24 }, // U+1EB2
    { 0x1EB3, 44 }, // U+1EB3
    { 0x1EB4, 24 }, // U+1EB4
    { 0x1EB5, 44 }, // U+1EB5
    { 0x1EB6, 24 }, // U+1EB6
    { 0x1EB7, 44 }, // U+1EB7
    { 0x1EB8, 27 }, // U+1EB8
    { 0x1EB9, 45 }, // U+1EB9
    { 0x1EBA, 27 }, // U+1EBA
    { 0x1EBB, 45 }, // U+1EBB
    { 0x1EBC, 27 }, // U+1EBC
    { 0x1EBD, 45 }, // U+1EBD
    { 0x1EBE, 27 }, // U+1EBE
    { 0x1EBF, 45 }, // U+1EBF
    { 0x1EC0, 27 }, // U+1EC0
    { 0x1EC1, 45 }, // U+1EC1
    { 0x1EC2, 27 }, // U+1EC2
    { 0x1EC3, 45 }, // U+1EC3
    { 0x1EC4, 27 }, // U+1EC4
    { 0x1EC5, 45 }, // U+1EC5
    { 0x1EC6, 27 }, // U+1EC6
    { 0x1EC7, 45 }, // U+1EC7
    { 0x1EC8, 12 }, // U+1EC8
    { 0x1EC9, 106 }, // U+1EC9
    { 0x1ECA, 12 }, // U+1ECA
    { 0x1ECB, 135 }, // U+1ECB
    { 0x1ECC, 23 }, // U+1ECC
    { 0x1ECD, 45 }, // U+1ECD
    { 0x1ECE, 23 }, // U+1ECE
    { 0x1ECF, 45 }, // U+1ECF
    { 0x1ED0, 23 }, // U+1ED0
    { 0x1ED1, 45 }, // U+1ED1
    { 0x1ED2, 23 }, // U+1ED2
    { 0x1ED3, 45 }, // U+1ED3
    { 0x1ED4, 23 }, // U+1ED4
    { 0x1ED5, 45 }, // U+1ED5
    { 0x1ED6, 23 }, // U+1ED6
    { 0x1ED7, 45 }, // U+1ED7
    { 0x1ED8, 23 }, // U+1ED8
    { 0x1ED9, 45 }, // U+1ED9
    { 0x1EDA, 23 }, // U+1EDA
    { 0x1EDB, 45 }, // U+1EDB
    { 0x1EDC, 23 }, // U+1EDC
    { 0x1EDD, 45 }, // U+1EDD
    { 0x1EDE, 23 }, // U+1EDE
    { 0x1EDF, 45 }, // U+1EDF
    { 0x1EE0, 23 }, // U+1EE0
    { 0x1EE1, 45 }, // U+1EE1
    { 0x1EE2, 23 }, // U+1EE2
    { 0x1EE3, 45 }, // U+1EE3
    { 0x1EE4, 30 }, // U+1EE4
    { 0x1EE5, 53 }, // U+1EE5
    { 0x1EE6, 30 }, // U+1EE6
    { 0x1EE7, 53 }, // U+1EE7
    { 0x1EE8, 136 }, // U+1EE8
    { 0x1EE9, 53 }, // U+1EE9
    { 0x1EEA, 136 }, // U+1EEA
    { 0x1EEB, 53 }, // U+1EEB
    { 0x1EEC, 136 }, // U+1EEC
    { 0x1EED, 100 }, // U+1EED
    { 0x1EEE, 136 }, // U+1EEE
    { 0x1EEF, 53 }, // U+1EEF
    { 0x1EF0, 136 }, // U+1EF0
    { 0x1EF1, 53 }, // U+1EF1
    { 0x1EF2, 39 }, // U+1EF2
    { 0x1EF3, 54 }, // U+1EF3
    { 0x1EF4, 137 }, // U+1EF4
    { 0x1EF5, 54 }, // U+1EF5
    { 0x1EF6, 137 }, // U+1EF6
    { 0x1EF7, 54 }, // U+1EF7
    { 0x1EF8, 137 }, // U+1EF8
    { 0x1EF9, 54 }, // U+1EF9
    { 0x2018, 138 }, // U+2018
    { 0x2019, 139 }, // U+2019
    { 0x201A, 140 }, // U+201A
    { 0x201C, 138 }, // U+201C
    { 0x201D, 139 }, // U+201D
    { 0x201E, 140 }, // U+201E
    { 0x2020, 60 }, // U+2020
    { 0x2021, 60 }, // U+2021
    { 0x2022, 141 }, // U+2022
    { 0x2023, 141 }, // U+2023
    { 0x2026, 142 }, // U+2026
    { 0x2034, 139 }, // U+2034
    { 0x2039, 61 }, // U+2039
    { 0x203A, 69 }, // U+203A
    { 0x203D, 22 }, // U+203D
    { 0x2043, 141 }, // U+2043
    { 0x204B, 33 }, // U+204B
    { 0x204C, 44 }, // U+204C
    { 0x204D, 141 }, // U+204D
    { 0x204F, 19 }, // U+204F
    { 0x2070, 65 }, // U+2070
    { 0x2071, 143 }, // U+2071
    { 0x2074, 144 }, // U+2074
    { 0x2075, 65 }, // U+2075
    { 0x2076, 65 }, // U+2076
    { 0x2077, 145 }, // U+2077
    { 0x2078, 65 }, // U+2078
    { 0x2079, 65 }, // U+2079
    { 0x207A, 146 }, // U+207A
    { 0x207B, 146 }, // U+207B
    { 0x207D, 147 }, // U+207D
    { 0x2080, 148 }, // U+2080
    { 0x2081, 148 }, // U+2081
    { 0x2082, 148 }, // U+2082
    { 0x2083, 148 }, // U+2083
    { 0x2084, 148 }, // U+2084
    { 0x2085, 149 }, // U+2085
    { 0x2086, 148 }, // U+2086
    { 0x2087, 150 }, // U+2087
    { 0x2088, 148 }, // U+2088
    { 0x2089, 148 }, // U+2089
    { 0x208A, 148 }, // U+208A
    { 0x208B, 148 }, // U+208B
    { 0x208C, 148 }, // U+208C
    { 0x208D, 148 }, // U+208D
    { 0x208E, 148 }, // U+208E
    { 0x2090, 148 }, // U+2090
    { 0x2091, 148 }, // U+2091
    { 0x2092, 148 }, // U+2092
    { 0x2093, 148 }, // U+2093
    { 0x2095, 148 }, // U+2095
    { 0x2096, 148 }, // U+2096
    { 0x2097, 148 }, // U+2097
    { 0x2098, 148 }, // U+2098
    { 0x2099, 148 }, // U+2099
    { 0x209A, 148 }, // U+209A
    { 0x209B, 148 }, // U+209B
    { 0x209C, 148 }, // U+209C
    { 0x20A1, 26 }, // U+20A1
    { 0x20A7, 52 }, // U+20A7
    { 0x20A8, 51 }, // U+20A8
    { 0x20A9, 151 }, // U+20A9
    { 0x20AF, 45 }, // U+20AF
    { 0x20B2, 29 }, // U+20B2
    { 0x20B5, 26 }, // U+20B5
    { 0x20BD, 152 }, // U+20BD
    { 0x20BF, 25 }, // U+20BF
    { 0x2190, 8 }, // U+2190
    { 0x21D0, 20 }, // U+21D0
    { 0x2206, 24 }, // U+2206
    { 0x2212, 8 }, // U+2212
    { 0x221E, 90 }, // U+221E
    { 0x2248, 20 }, // U+2248
    { 0x2260, 20 }, // U+2260
    { 0x2264, 20 }, // U+2264
    { 0x2265, 20 }, // U+2265
};

static const EpdKernClassEntry inksans_18_regularKernRightClasses[] = {
    { 0x0020, 1 }, // U+0020
    { 0x0021, 2 }, // !
    { 0x0022, 3 }, // "
    { 0x0023, 4 }, // #
    { 0x0024, 5 }, // $
    { 0x0026, 6 }, // &
    { 0x0027, 3 }, // '
    { 0x0028, 7 }, // (
    { 0x0029, 8 }, // )
    { 0x002A, 9 }, // *
    { 0x002B, 10 }, // +
    { 0x002C, 11 }, // ,
    { 0x002D, 12 }, // -
    { 0x002E, 13 }, // .
    { 0x002F, 14 }, // /
    { 0x0030, 15 }, // 0
    { 0x0031, 16 }, // 1
    { 0x0032, 17 }, // 2
    { 0x0033, 18 }, // 3
    { 0x0034, 19 }, // 4
    { 0x0035, 20 }, // 5
    { 0x0036, 15 }, // 6
    { 0x0037, 21 }, // 7
    { 0x0038, 22 }, // 8
    { 0x0039, 23 }, // 9
    { 0x003A, 24 }, // :
    { 0x003B, 24 }, // ;
    { 0x003C, 25 }, // <
    { 0x003D, 26 }, // =
    { 0x003F, 27 }, // ?
    { 0x0040, 28 }, // @
    { 0x0041, 29 }, // A
    { 0x0042, 30 }, // B
    { 0x0043, 31 }, // C
    { 0x0044, 30 }, // D
    { 0x0045, 30 }, // E
    { 0x0046, 30 }, // F
    { 0x0047, 31 }, // G
    { 0x0048, 30 }, // H
    { 0x0049, 30 }, // I
    { 0x004A, 32 }, // J
    { 0x004B, 30 }, // K
    { 0x004C, 30 }, // L
    { 0x004D, 30 }, // M
    { 0x004E, 30 }, // N
    { 0x004F, 31 }, // O
    { 0x0050, 30 }, // P
    { 0x0051, 31 }, // Q
    { 0x0052, 30 }, // R
    { 0x0053, 5 }, // S
    { 0x0054, 33 }, // T
    { 0x0055, 34 }, // U
    { 0x0056, 35 }, // V
    { 0x0057, 36 }, // W
    { 0x0058, 37 }, // X
    { 0x0059, 38 }, // Y
    { 0x005A, 39 }, // Z
    { 0x005B, 7 }, // [
    { 0x005C, 35 }, // <backslash>
    { 0x005D, 8 }, // ]
    { 0x005E, 40 }, // ^
    { 0x005F, 41 }, // _
    { 0x0061, 42 }, // a
    { 0x0062, 30 }, // b
    { 0x0063, 43 }, // c
    { 0x0064, 43 }, // d
    { 0x0065, 43 }, // e
    { 0x0066, 44 }, // f
    { 0x0067, 43 }, // g
    { 0x0068, 30 }, // h
    { 0x0069, 45 }, // i
    { 0x006A, 46 }, // j
    { 0x006B, 30 }, // k
    { 0x006C, 30 }, // l
    { 0x006D, 47 }, // m
    { 0x006E, 47 }, // n
    { 0x006F, 43 }, // o
    { 0x0070, 47 }, // p
    { 0x0071, 43 }, // q
    { 0x0072, 47 }, // r
    { 0x0073, 48 }, // s
    { 0x0074, 49 }, // t
    { 0x0075, 50 }, // u
    { 0x0076, 51 }, // v
    { 0x0077, 52 }, // w
    { 0x0078, 53 }, // x
    { 0x0079, 51 }, // y
    { 0x007A, 54 }, // z
    { 0x007B, 7 }, // {
    { 0x007C, 30 }, // |
    { 0x007D, 8 }, // }
    { 0x007E, 55 }, // ~
    { 0x00A2, 43 }, // U+00A2
    { 0x00A9, 31 }, // U+00A9
    { 0x00AA, 56 }, // U+00AA
    { 0x00AB, 57 }, // U+00AB
    { 0x00AC, 58 }, // U+00AC
    { 0x00AE, 59 }, // U+00AE
    { 0x00B0, 60 }, // U+00B0
    { 0x00B1, 26 }, // U+00B1
    { 0x00B2, 61 }, // U+00B2
    { 0x00B5, 62 }, // U+00B5
    { 0x00B6, 63 }, // U+00B6
    { 0x00B7, 64 }, // U+00B7
    { 0x00B9, 65 }, // U+00B9
    { 0x00BA, 56 }, // U+00BA
    { 0x00BB, 66 }, // U+00BB
    { 0x00BF, 67 }, // U+00BF
    { 0x00C0, 29 }, // U+00C0
    { 0x00C1, 29 }, // U+00C1
    { 0x00C2, 29 }, // U+00C2
    { 0x00C3, 29 }, // U+00C3
    { 0x00C4, 29 }, // U+00C4
    { 0x00C5, 29 }, // U+00C5
    { 0x00C6, 29 }, // U+00C6
    { 0x00C7, 31 }, // U+00C7
    { 0x00C8, 30 }, // U+00C8
    { 0x00C9, 30 }, // U+00C9
    { 0x00CA, 30 }, // U+00CA
    { 0x00CB, 30 }, // U+00CB
    { 0x00CC, 30 }, // U+00CC
    { 0x00CD, 30 }, // U+00CD
    { 0x00CE, 68 }, // U+00CE
    { 0x00CF, 68 }, // U+00CF
    { 0x00D0, 69 }, // U+00D0
    { 0x00D1, 30 }, // U+00D1
    { 0x00D2, 31 }, // U+00D2
    { 0x00D3, 31 }, // U+00D3
    { 0x00D4, 31 }, // U+00D4
    { 0x00D5, 31 }, // U+00D5
    { 0x00D6, 31 }, // U+00D6
    { 0x00D7, 70 }, // U+00D7
    { 0x00D8, 31 }, // U+00D8
    { 0x00D9, 34 }, // U+00D9
    { 0x00DA, 34 }, // U+00DA
    { 0x00DB, 34 }, // U+00DB
    { 0x00DC, 34 }, // U+00DC
    { 0x00DD, 38 }, // U+00DD
    { 0x00DE, 30 }, // U+00DE
    { 0x00DF, 30 }, // U+00DF
    { 0x00E0, 42 }, // U+00E0
    { 0x00E1, 42 }, // U+00E1
    { 0x00E2, 42 }, // U+00E2
    { 0x00E3, 71 }, // U+00E3
    { 0x00E4, 72 }, // U+00E4
    { 0x00E5, 42 }, // U+00E5
    { 0x00E6, 42 }, // U+00E6
    { 0x00E7, 43 }, // U+00E7
    { 0x00E8, 43 }, // U+00E8
    { 0x00E9, 43 }, // U+00E9
    { 0x00EA, 43 }, // U+00EA
    { 0x00EB, 73 }, // U+00EB
    { 0x00EC, 74 }, // U+00EC
    { 0x00ED, 75 }, // U+00ED
    { 0x00EE, 76 }, // U+00EE
    { 0x00EF, 77 }, // U+00EF
    { 0x00F0, 43 }, // U+00F0
    { 0x00F1, 47 }, // U+00F1
    { 0x00F2, 43 }, // U+00F2
    { 0x00F3, 43 }, // U+00F3
    { 0x00F4, 43 }, // U+00F4
    { 0x00F5, 78 }, // U+00F5
    { 0x00F6, 73 }, // U+00F6
    { 0x00F7, 10 }, // U+00F7
    { 0x00F8, 43 }, // U+00F8
    { 0x00F9, 50 }, // U+00F9
    { 0x00FA, 50 }, // U+00FA
    { 0x00FB, 50 }, // U+00FB
    { 0x00FC, 79 }, // U+00FC
    { 0x00FD, 51 }, // U+00FD
    { 0x00FE, 30 }, // U+00FE
    { 0x00FF, 80 }, // U+00FF
    { 0x0100, 29 }, // U+0100
    { 0x0101, 81 }, // U+0101
    { 0x0102, 29 }, // U+0102
    { 0x0103, 42 }, // U+0103
    { 0x0104, 29 }, // U+0104
    { 0x0105, 42 }, // U+0105
    { 0x0106, 31 }, // U+0106
    { 0x0107, 43 }, // U+0107
    { 0x0108, 31 }, // U+0108
    { 0x0109, 43 }, // U+0109
    { 0x010A, 31 }, // U+010A
    { 0x010B, 43 }, // U+010B
    { 0x010C, 31 }, // U+010C
    { 0x010D, 43 }, // U+010D
    { 0x010E, 30 }, // U+010E
    { 0x010F, 43 }, // U+010F
    { 0x0110, 82 }, // U+0110
    { 0x0111, 43 }, // U+0111
    { 0x0112, 30 }, // U+0112
    { 0x0113, 43 }, // U+0113
    { 0x0114, 30 }, // U+0114
    { 0x0115, 43 }, // U+0115
    { 0x0116, 30 }, // U+0116
    { 0x0117, 43 }, // U+0117
    { 0x0118, 30 }, // U+0118
    { 0x0119, 43 }, // U+0119
    { 0x011A, 30 }, // U+011A
    { 0x011B, 43 }, // U+011B
    { 0x011C, 31 }, // U+011C
    { 0x011D, 43 }, // U+011D
    { 0x011E, 31 }, // U+011E
    { 0x011F, 43 }, // U+011F
    { 0x0120, 31 }, // U+0120
    { 0x0121, 43 }, // U+0121
    { 0x0122, 31 }, // U+0122
    { 0x0123, 43 }, // U+0123
    { 0x0124, 30 }, // U+0124
    { 0x0125, 30 }, // U+0125
    { 0x0126, 30 }, // U+0126
    { 0x0127, 83 }, // U+0127
    { 0x0128, 68 }, // U+0128
    { 0x0129, 84 }, // U+0129
    { 0x012A, 68 }, // U+012A
    { 0x012B, 85 }, // U+012B
    { 0x012C, 68 }, // U+012C
    { 0x012D, 77 }, // U+012D
    { 0x012E, 30 }, // U+012E
    { 0x012F, 45 }, // U+012F
    { 0x0130, 30 }, // U+0130
    { 0x0131, 45 }, // U+0131
    { 0x0133, 45 }, // U+0133
    { 0x0134, 32 }, // U+0134
    { 0x0135, 86 }, // U+0135
    { 0x0136, 30 }, // U+0136
    { 0x0137, 30 }, // U+0137
    { 0x0138, 47 }, // U+0138
    { 0x0139, 30 }, // U+0139
    { 0x013A, 30 }, // U+013A
    { 0x013B, 30 }, // U+013B
    { 0x013C, 30 }, // U+013C
    { 0x013D, 30 }, // U+013D
    { 0x013E, 30 }, // U+013E
    { 0x0140, 30 }, // U+0140
    { 0x0141, 30 }, // U+0141
    { 0x0142, 30 }, // U+0142
    { 0x0143, 30 }, // U+0143
    { 0x0144, 47 }, // U+0144
    { 0x0145, 30 }, // U+0145
    { 0x0146, 47 }, // U+0146
    { 0x0147, 30 }, // U+0147
    { 0x0148, 47 }, // U+0148
    { 0x014A, 30 }, // U+014A
    { 0x014B, 47 }, // U+014B
    { 0x014C, 31 }, // U+014C
    { 0x014D, 87 }, // U+014D
    { 0x014E, 31 }, // U+014E
    { 0x014F, 43 }, // U+014F
    { 0x0150, 31 }, // U+0150
    { 0x0151, 43 }, // U+0151
    { 0x0152, 31 }, // U+0152
    { 0x0153, 43 }, // U+0153
    { 0x0154, 30 }, // U+0154
    { 0x0155, 47 }, // U+0155
    { 0x0156, 30 }, // U+0156
    { 0x0157, 47 }, // U+0157
    { 0x0158, 30 }, // U+0158
    { 0x0159, 47 }, // U+0159
    { 0x015A, 5 }, // U+015A
    { 0x015B, 48 }, // U+015B
    { 0x015C, 5 }, // U+015C
    { 0x015D, 48 }, // U+015D
    { 0x015E, 5 }, // U+015E
    { 0x015F, 48 }, // U+015F
    { 0x0160, 5 }, // U+0160
    { 0x0161, 48 }, // U+0161
    { 0x0162, 88 }, // U+0162
    { 0x0163, 49 }, // U+0163
    { 0x0164, 89 }, // U+0164
    { 0x0165, 49 }, // U+0165
    { 0x0166, 90 }, // U+0166
    { 0x0167, 49 }, // U+0167
    { 0x0168, 34 }, // U+0168
    { 0x0169, 91 }, // U+0169
    { 0x016A, 34 }, // U+016A
    { 0x016B, 50 }, // U+016B
    { 0x016C, 34 }, // U+016C
    { 0x016D, 50 }, // U+016D
    { 0x016E, 34 }, // U+016E
    { 0x016F, 50 }, // U+016F
    { 0x0170, 34 }, // U+0170
    { 0x0171, 50 }, // U+0171
    { 0x0172, 34 }, // U+0172
    { 0x0173, 50 }, // U+0173
    { 0x0174, 36 }, // U+0174
    { 0x0175, 52 }, // U+0175
    { 0x0176, 38 }, // U+0176
    { 0x0177, 51 }, // U+0177
    { 0x0178, 38 }, // U+0178
    { 0x0179, 39 }, // U+0179
    { 0x017A, 54 }, // U+017A
    { 0x017B, 39 }, // U+017B
    { 0x017C, 54 }, // U+017C
    { 0x017D, 39 }, // U+017D
    { 0x017E, 54 }, // U+017E
    { 0x017F, 30 }, // U+017F
    { 0x01A0, 31 }, // U+01A0
    { 0x01A1, 43 }, // U+01A1
    { 0x01AF, 34 }, // U+01AF
    { 0x01B0, 50 }, // U+01B0
    { 0x01C5, 92 }, // U+01C5
    { 0x01C6, 43 }, // U+01C6
    { 0x01C8, 30 }, // U+01C8
    { 0x01C9, 30 }, // U+01C9
    { 0x01CB, 30 }, // U+01CB
    { 0x01CC, 47 }, // U+01CC
    { 0x01CD, 29 }, // U+01CD
    { 0x01CE, 42 }, // U+01CE
    { 0x01CF, 30 }, // U+01CF
    { 0x01D0, 93 }, // U+01D0
    { 0x01D1, 31 }, // U+01D1
    { 0x01D2, 43 }, // U+01D2
    { 0x01D3, 34 }, // U+01D3
    { 0x01D4, 50 }, // U+01D4
    { 0x01D5, 34 }, // U+01D5
    { 0x01D6, 50 }, // U+01D6
    { 0x01D7, 34 }, // U+01D7
    { 0x01D8, 50 }, // U+01D8
    { 0x01D9, 34 }, // U+01D9
    { 0x01DA, 50 }, // U+01DA
    { 0x01DB, 34 }, // U+01DB
    { 0x01DC, 50 }, // U+01DC
    { 0x01DD, 87 }, // U+01DD
    { 0x01DE, 29 }, // U+01DE
    { 0x01DF, 42 }, // U+01DF
    { 0x01E0, 29 }, // U+01E0
    { 0x01E1, 42 }, // U+01E1
    { 0x01E2, 29 }, // U+01E2
    { 0x01E3, 42 }, // U+01E3
    { 0x01E4, 31 }, // U+01E4
    { 0x01E5, 43 }, // U+01E5
    { 0x01E6, 31 }, // U+01E6
    { 0x01E7, 43 }, // U+01E7
    { 0x01E8, 30 }, // U+01E8
    { 0x01E9, 30 }, // U+01E9
    { 0x01EA, 31 }, // U+01EA
    { 0x01EB, 43 }, // U+01EB
    { 0x01EC, 31 }, // U+01EC
    { 0x01ED, 43 }, // U+01ED
    { 0x01EF, 49 }, // U+01EF
    { 0x01F0, 46 }, // U+01F0
    { 0x01F2, 30 }, // U+01F2
    { 0x01F3, 87 }, // U+01F3
    { 0x01F4, 31 }, // U+01F4
    { 0x01F5, 43 }, // U+01F5
    { 0x01F6, 92 }, // U+01F6
    { 0x01F8, 30 }, // U+01F8
    { 0x01F9, 47 }, // U+01F9
    { 0x01FA, 29 }, // U+01FA
    { 0x01FB, 42 }, // U+01FB
    { 0x01FC, 29 }, // U+01FC
    { 0x01FD, 42 }, // U+01FD
    { 0x01FE, 31 }, // U+01FE
    { 0x01FF, 43 }, // U+01FF
    { 0x0200, 29 }, // U+0200
    { 0x0201, 42 }, // U+0201
    { 0x0202, 29 }, // U+0202
    { 0x0203, 42 }, // U+0203
    { 0x0204, 30 }, // U+0204
    { 0x0205, 43 }, // U+0205
    { 0x0206, 30 }, // U+0206
    { 0x0207, 43 }, // U+0207
    { 0x0208, 68 }, // U+0208
    { 0x0209, 94 }, // U+0209
    { 0x020A, 68 }, // U+020A
    { 0x020B, 95 }, // U+020B
    { 0x020C, 31 }, // U+020C
    { 0x020D, 43 }, // U+020D
    { 0x020E, 31 }, // U+020E
    { 0x020F, 43 }, // U+020F
    { 0x0210, 30 }, // U+0210
    { 0x0211, 47 }, // U+0211
    { 0x0212, 30 }, // U+0212
    { 0x0213, 47 }, // U+0213
    { 0x0214, 34 }, // U+0214
    { 0x0215, 50 }, // U+0215
    { 0x0216, 34 }, // U+0216
    { 0x0217, 50 }, // U+0217
    { 0x0218, 5 }, // U+0218
    { 0x0219, 48 }, // U+0219
    { 0x021A, 33 }, // U+021A
    { 0x021B, 49 }, // U+021B
    { 0x021E, 30 }, // U+021E
    { 0x021F, 30 }, // U+021F
    { 0x0400, 30 }, // U+0400
    { 0x0401, 30 }, // U+0401
    { 0x0402, 33 }, // U+0402
    { 0x0403, 30 }, // U+0403
    { 0x0404, 31 }, // U+0404
    { 0x0405, 5 }, // U+0405
    { 0x0406, 30 }, // U+0406
    { 0x0407, 68 }, // U+0407
    { 0x0408, 32 }, // U+0408
    { 0x0409, 96 }, // U+0409
    { 0x040A, 30 }, // U+040A
    { 0x040B, 33 }, // U+040B
    { 0x040C, 30 }, // U+040C
    { 0x040D, 30 }, // U+040D
    { 0x040F, 30 }, // U+040F
    { 0x0410, 29 }, // U+0410
    { 0x0411, 30 }, // U+0411
    { 0x0412, 30 }, // U+0412
    { 0x0413, 30 }, // U+0413
    { 0x0414, 97 }, // U+0414
    { 0x0415, 30 }, // U+0415
    { 0x0416, 98 }, // U+0416
    { 0x0417, 99 }, // U+0417
    { 0x0418, 92 }, // U+0418
    { 0x0419, 30 }, // U+0419
    { 0x041A, 30 }, // U+041A
    { 0x041B, 96 }, // U+041B
    { 0x041C, 30 }, // U+041C
    { 0x041D, 30 }, // U+041D
    { 0x041E, 31 }, // U+041E
    { 0x041F, 30 }, // U+041F
    { 0x0420, 30 }, // U+0420
    { 0x0421, 31 }, // U+0421
    { 0x0422, 33 }, // U+0422
    { 0x0423, 35 }, // U+0423
    { 0x0424, 100 }, // U+0424
    { 0x0425, 37 }, // U+0425
    { 0x0426, 30 }, // U+0426
    { 0x0427, 101 }, // U+0427
    { 0x0428, 30 }, // U+0428
    { 0x0429, 30 }, // U+0429
    { 0x042A, 102 }, // U+042A
    { 0x042B, 30 }, // U+042B
    { 0x042C, 30 }, // U+042C
    { 0x042D, 31 }, // U+042D
    { 0x042E, 30 }, // U+042E
    { 0x0430, 42 }, // U+0430
    { 0x0431, 15 }, // U+0431
    { 0x0432, 47 }, // U+0432
    { 0x0433, 47 }, // U+0433
    { 0x0434, 103 }, // U+0434
    { 0x0435, 43 }, // U+0435
    { 0x0436, 53 }, // U+0436
    { 0x0437, 43 }, // U+0437
    { 0x0438, 47 }, // U+0438
    { 0x0439, 47 }, // U+0439
    { 0x043A, 47 }, // U+043A
    { 0x043B, 104 }, // U+043B
    { 0x043C, 47 }, // U+043C
    { 0x043D, 47 }, // U+043D
    { 0x043E, 43 }, // U+043E
    { 0x043F, 47 }, // U+043F
    { 0x0440, 47 }, // U+0440
    { 0x0441, 43 }, // U+0441
    { 0x0442, 105 }, // U+0442
    { 0x0443, 51 }, // U+0443
    { 0x0444, 43 }, // U+0444
    { 0x0445, 53 }, // U+0445
    { 0x0446, 47 }, // U+0446
    { 0x0447, 106 }, // U+0447
    { 0x0448, 47 }, // U+0448
    { 0x0449, 47 }, // U+0449
    { 0x044A, 107 }, // U+044A
    { 0x044B, 45 }, // U+044B
    { 0x044C, 47 }, // U+044C
    { 0x044D, 43 }, // U+044D
    { 0x044E, 47 }, // U+044E
    { 0x044F, 108 }, // U+044F
    { 0x0450, 43 }, // U+0450
    { 0x0451, 43 }, // U+0451
    { 0x0452, 30 }, // U+0452
    { 0x0453, 47 }, // U+0453
    { 0x0454, 43 }, // U+0454
    { 0x0455, 48 }, // U+0455
    { 0x0456, 45 }, // U+0456
    { 0x0457, 77 }, // U+0457
    { 0x0458, 46 }, // U+0458
    { 0x0459, 104 }, // U+0459
    { 0x045A, 47 }, // U+045A
    { 0x045B, 30 }, // U+045B
    { 0x045C, 47 }, // U+045C
    { 0x045D, 47 }, // U+045D
    { 0x045E, 51 }, // U+045E
    { 0x045F, 50 }, // U+045F
    { 0x0460, 30 }, // U+0460
    { 0x0463, 49 }, // U+0463
    { 0x0464, 30 }, // U+0464
    { 0x0465, 47 }, // U+0465
    { 0x0466, 29 }, // U+0466
    { 0x0467, 29 }, // U+0467
    { 0x0468, 30 }, // U+0468
    { 0x046C, 30 }, // U+046C
    { 0x046E, 30 }, // U+046E
    { 0x0472, 31 }, // U+0472
    { 0x0473, 43 }, // U+0473
    { 0x0474, 35 }, // U+0474
    { 0x0475, 51 }, // U+0475
    { 0x0476, 35 }, // U+0476
    { 0x0477, 51 }, // U+0477
    { 0x0478, 31 }, // U+0478
    { 0x0479, 43 }, // U+0479
    { 0x0481, 43 }, // U+0481
    { 0x048A, 92 }, // U+048A
    { 0x048B, 47 }, // U+048B
    { 0x048D, 49 }, // U+048D
    { 0x048E, 30 }, // U+048E
    { 0x048F, 47 }, // U+048F
    { 0x0490, 30 }, // U+0490
    { 0x0491, 47 }, // U+0491
    { 0x0493, 49 }, // U+0493
    { 0x0494, 30 }, // U+0494
    { 0x0495, 47 }, // U+0495
    { 0x0497, 53 }, // U+0497
    { 0x049A, 30 }, // U+049A
    { 0x049B, 47 }, // U+049B
    { 0x049C, 30 }, // U+049C
    { 0x049D, 47 }, // U+049D
    { 0x04A0, 33 }, // U+04A0
    { 0x04A1, 49 }, // U+04A1
    { 0x04A2, 30 }, // U+04A2
    { 0x04A3, 47 }, // U+04A3
    { 0x04A4, 30 }, // U+04A4
    { 0x04A5, 47 }, // U+04A5
    { 0x04A6, 30 }, // U+04A6
    { 0x04A7, 47 }, // U+04A7
    { 0x04A9, 43 }, // U+04A9
    { 0x04AA, 31 }, // U+04AA
    { 0x04AB, 43 }, // U+04AB
    { 0x04AC, 33 }, // U+04AC
    { 0x04AD, 49 }, // U+04AD
    { 0x04AE, 38 }, // U+04AE
    { 0x04AF, 51 }, // U+04AF
    { 0x04B0, 38 }, // U+04B0
    { 0x04B1, 51 }, // U+04B1
    { 0x04B2, 37 }, // U+04B2
    { 0x04B3, 53 }, // U+04B3
    { 0x04B4, 33 }, // U+04B4
    { 0x04B5, 49 }, // U+04B5
    { 0x04B7, 42 }, // U+04B7
    { 0x04B9, 42 }, // U+04B9
    { 0x04BA, 30 }, // U+04BA
    { 0x04BB, 30 }, // U+04BB
    { 0x04BD, 49 }, // U+04BD
    { 0x04C0, 30 }, // U+04C0
    { 0x04C1, 37 }, // U+04C1
    { 0x04C3, 30 }, // U+04C3
    { 0x04C4, 47 }, // U+04C4
    { 0x04C6, 104 }, // U+04C6
    { 0x04C7, 92 }, // U+04C7
    { 0x04C8, 47 }, // U+04C8
    { 0x04C9, 30 }, // U+04C9
    { 0x04CA, 47 }, // U+04CA
    { 0x04CD, 30 }, // U+04CD
    { 0x04CE, 47 }, // U+04CE
    { 0x04CF, 30 }, // U+04CF
    { 0x04D0, 29 }, // U+04D0
    { 0x04D1, 42 }, // U+04D1
    { 0x04D2, 29 }, // U+04D2
    { 0x04D3, 42 }, // U+04D3
    { 0x04D4, 29 }, // U+04D4
    { 0x04D5, 42 }, // U+04D5
    { 0x04D6, 30 }, // U+04D6
    { 0x04D7, 43 }, // U+04D7
    { 0x04D9, 43 }, // U+04D9
    { 0x04DA, 31 }, // U+04DA
    { 0x04DB, 43 }, // U+04DB
    { 0x04DC, 37 }, // U+04DC
    { 0x04E1, 49 }, // U+04E1
    { 0x04E2, 30 }, // U+04E2
    { 0x04E3, 47 }, // U+04E3
    { 0x04E4, 30 }, // U+04E4
    { 0x04E5, 47 }, // U+04E5
    { 0x04E6, 31 }, // U+04E6
    { 0x04E7, 43 }, // U+04E7
    { 0x04E8, 31 }, // U+04E8
    { 0x04E9, 43 }, // U+04E9
    { 0x04EA, 31 }, // U+04EA
    { 0x04EB, 43 }, // U+04EB
    { 0x04ED, 43 }, // U+04ED
    { 0x04EF, 51 }, // U+04EF
    { 0x04F1, 51 }, // U+04F1
    { 0x04F3, 51 }, // U+04F3
    { 0x04F7, 47 }, // U+04F7
    { 0x04F9, 47 }, // U+04F9
    { 0x04FB, 49 }, // U+04FB
    { 0x04FC, 37 }, // U+04FC
    { 0x04FD, 53 }, // U+04FD
    { 0x04FE, 37 }, // U+04FE
    { 0x04FF, 53 }, // U+04FF
    { 0x05D0, 109 }, // U+05D0
    { 0x05D1, 110 }, // U+05D1
    { 0x05D2, 111 }, // U+05D2
    { 0x05D3, 112 }, // U+05D3
    { 0x05D4, 113 }, // U+05D4
    { 0x05D6, 114 }, // U+05D6
    { 0x05D7, 115 }, // U+05D7
    { 0x05D8, 116 }, // U+05D8
    { 0x05D9, 117 }, // U+05D9
    { 0x05DA, 118 }, // U+05DA
    { 0x05DB, 119 }, // U+05DB
    { 0x05DC, 120 }, // U+05DC
    { 0x05DD, 121 }, // U+05DD
    { 0x05DE, 122 }, // U+05DE
    { 0x05E1, 123 }, // U+05E1
    { 0x05E2, 124 }, // U+05E2
    { 0x05E3, 125 }, // U+05E3
    { 0x05E4, 126 }, // U+05E4
    { 0x05E5, 127 }, // U+05E5
    { 0x05E7, 128 }, // U+05E7
    { 0x05E8, 129 }, // U+05E8
    { 0x05E9, 130 }, // U+05E9
    { 0x05EA, 131 }, // U+05EA
    { 0x1EA0, 29 }, // U+1EA0
    { 0x1EA1, 42 }, // U+1EA1
    { 0x1EA2, 29 }, // U+1EA2
    { 0x1EA3, 42 }, // U+1EA3
    { 0x1EA4, 29 }, // U+1EA4
    { 0x1EA5, 42 }, // U+1EA5
    { 0x1EA6, 29 }, // U+1EA6
    { 0x1EA7, 42 }, // U+1EA7
    { 0x1EA8, 29 }, // U+1EA8
    { 0x1EA9, 42 }, // U+1EA9
    { 0x1EAA, 29 }, // U+1EAA
    { 0x1EAB, 42 }, // U+1EAB
    { 0x1EAC, 29 }, // U+1EAC
    { 0x1EAD, 42 }, // U+1EAD
    { 0x1EAE, 29 }, // U+1EAE
    { 0x1EAF, 42 }, // U+1EAF
    { 0x1EB0, 29 }, // U+1EB0
    { 0x1EB1, 42 }, // U+1EB1
    { 0x1EB2, 29 }, // U+1EB2
    { 0x1EB3, 42 }, // U+1EB3
    { 0x1EB4, 29 }, // U+1EB4
    { 0x1EB5, 42 }, // U+1EB5
    { 0x1EB6, 29 }, // U+1EB6
    { 0x1EB7, 42 }, // U+1EB7
    { 0x1EB8, 30 }, // U+1EB8
    { 0x1EB9, 43 }, // U+1EB9
    { 0x1EBA, 30 }, // U+1EBA
    { 0x1EBB, 43 }, // U+1EBB
    { 0x1EBC, 30 }, // U+1EBC
    { 0x1EBD, 43 }, // U+1EBD
    { 0x1EBE, 30 }, // U+1EBE
    { 0x1EBF, 43 }, // U+1EBF
    { 0x1EC0, 30 }, // U+1EC0
    { 0x1EC1, 43 }, // U+1EC1
    { 0x1EC2, 30 }, // U+1EC2
    { 0x1EC3, 43 }, // U+1EC3
    { 0x1EC4, 30 }, // U+1EC4
    { 0x1EC5, 43 }, // U+1EC5
    { 0x1EC6, 30 }, // U+1EC6
    { 0x1EC7, 43 }, // U+1EC7
    { 0x1EC8, 30 }, // U+1EC8
    { 0x1EC9, 45 }, // U+1EC9
    { 0x1ECA, 30 }, // U+1ECA
    { 0x1ECB, 45 }, // U+1ECB
    { 0x1ECC, 31 }, // U+1ECC
    { 0x1ECD, 43 }, // U+1ECD
    { 0x1ECE, 31 }, // U+1ECE
    { 0x1ECF, 43 }, // U+1ECF
    { 0x1ED0, 31 }, // U+1ED0
    { 0x1ED1, 43 }, // U+1ED1
    { 0x1ED2, 31 }, // U+1ED2
    { 0x1ED3, 43 }, // U+1ED3
    { 0x1ED4, 31 }, // U+1ED4
    { 0x1ED5, 43 }, // U+1ED5
    { 0x1ED6, 31 }, // U+1ED6
    { 0x1ED7, 43 }, // U+1ED7
    { 0x1ED8, 31 }, // U+1ED8
    { 0x1ED9, 43 }, // U+1ED9
    { 0x1EDA, 31 }, // U+1EDA
    { 0x1EDB, 43 }, // U+1EDB
    { 0x1EDC, 31 }, // U+1EDC
    { 0x1EDD, 43 }, // U+1EDD
    { 0x1EDE, 31 }, // U+1EDE
    { 0x1EDF, 43 }, // U+1EDF
    { 0x1EE0, 31 }, // U+1EE0
    { 0x1EE1, 43 }, // U+1EE1
    { 0x1EE2, 31 }, // U+1EE2
    { 0x1EE3, 43 }, // U+1EE3
    { 0x1EE4, 34 }, // U+1EE4
    { 0x1EE5, 50 }, // U+1EE5
    { 0x1EE6, 34 }, // U+1EE6
    { 0x1EE7, 50 }, // U+1EE7
    { 0x1EE8, 34 }, // U+1EE8
    { 0x1EE9, 50 }, // U+1EE9
    { 0x1EEA, 34 }, // U+1EEA
    { 0x1EEB, 50 }, // U+1EEB
    { 0x1EEC, 34 }, // U+1EEC
    { 0x1EED, 50 }, // U+1EED
    { 0x1EEE, 34 }, // U+1EEE
    { 0x1EEF, 50 }, // U+1EEF
    { 0x1EF0, 34 }, // U+1EF0
    { 0x1EF1, 50 }, // U+1EF1
    { 0x1EF2, 38 }, // U+1EF2
    { 0x1EF3, 51 }, // U+1EF3
    { 0x1EF4, 132 }, // U+1EF4
    { 0x1EF5, 51 }, // U+1EF5
    { 0x1EF6, 132 }, // U+1EF6
    { 0x1EF7, 51 }, // U+1EF7
    { 0x1EF8, 132 }, // U+1EF8
    { 0x1EF9, 51 }, // U+1EF9
    { 0x2018, 133 }, // U+2018
    { 0x2019, 134 }, // U+2019
    { 0x201A, 135 }, // U+201A
    { 0x201B, 136 }, // U+201B
    { 0x201C, 133 }, // U+201C
    { 0x201D, 134 }, // U+201D
    { 0x201E, 135 }, // U+201E
    { 0x201F, 137 }, // U+201F
    { 0x2020, 56 }, // U+2020
    { 0x2021, 56 }, // U+2021
    { 0x2022, 138 }, // U+2022
    { 0x2023, 138 }, // U+2023
    { 0x2026, 139 }, // U+2026
    { 0x2034, 140 }, // U+2034
    { 0x2039, 57 }, // U+2039
    { 0x203A, 66 }, // U+203A
    { 0x203D, 27 }, // U+203D
    { 0x2043, 138 }, // U+2043
    { 0x2044, 141 }, // U+2044
    { 0x204A, 49 }, // U+204A
    { 0x204B, 30 }, // U+204B
    { 0x204C, 138 }, // U+204C
    { 0x204D, 47 }, // U+204D
    { 0x204F, 24 }, // U+204F
    { 0x2074, 142 }, // U+2074
    { 0x2077, 143 }, // U+2077
    { 0x2079, 144 }, // U+2079
    { 0x207E, 145 }, // U+207E
    { 0x207F, 146 }, // U+207F
    { 0x2080, 147 }, // U+2080
    { 0x2081, 147 }, // U+2081
    { 0x2082, 147 }, // U+2082
    { 0x2083, 147 }, // U+2083
    { 0x2084, 148 }, // U+2084
    { 0x2086, 147 }, // U+2086
    { 0x2087, 149 }, // U+2087
    { 0x2088, 147 }, // U+2088
    { 0x2089, 147 }, // U+2089
    { 0x208A, 147 }, // U+208A
    { 0x208B, 147 }, // U+208B
    { 0x208C, 147 }, // U+208C
    { 0x208D, 147 }, // U+208D
    { 0x208E, 147 }, // U+208E
    { 0x2091, 147 }, // U+2091
    { 0x2092, 147 }, // U+2092
    { 0x2093, 147 }, // U+2093
    { 0x2095, 147 }, // U+2095
    { 0x2096, 147 }, // U+2096
    { 0x2097, 147 }, // U+2097
    { 0x2098, 147 }, // U+2098
    { 0x2099, 147 }, // U+2099
    { 0x209A, 147 }, // U+209A
    { 0x209B, 147 }, // U+209B
    { 0x209C, 147 }, // U+209C
    { 0x20A1, 31 }, // U+20A1
    { 0x20A7, 30 }, // U+20A7
    { 0x20A8, 30 }, // U+20A8
    { 0x20AB, 43 }, // U+20AB
    { 0x20B2, 31 }, // U+20B2
    { 0x20B4, 150 }, // U+20B4
    { 0x20B5, 31 }, // U+20B5
    { 0x20B8, 151 }, // U+20B8
    { 0x20BF, 30 }, // U+20BF
    { 0x2192, 10 }, // U+2192
    { 0x21D2, 26 }, // U+21D2
    { 0x2206, 29 }, // U+2206
    { 0x2212, 10 }, // U+2212
    { 0x221E, 152 }, // U+221E
    { 0x222B, 46 }, // U+222B
    { 0x2236, 24 }, // U+2236
    { 0x2248, 26 }, // U+2248
    { 0x2260, 26 }, // U+2260
    { 0x2264, 26 }, // U+2264
    { 0x2265, 26 }, // U+2265
};

static const int8_t inksans_18_regularKernMatrix[] = {
       0,    0,    0,    0,    0,  -20,    0,    0,    0,    0,  -51,    0,  -51,    0,    0,    0,    0,    0,  -38,    0,    0,    0,    0,    0,    0,    0,    0,    0,  -47,    0,    0,  -99,    0,    0,    0,    0,    0,    0,    0,    0,    0,    0,  -10,    0,    0,    0,    0,   -1,    0,    0,    0,    0,    0,    0,    0,    0,    0,    0,    0,    0,    0,    0,    0,    0,    0,    0,    0,    0,    0,    0,    0,    0,  -10,    0,    0,    0,    0,  -10,    0,    0,    0,    0,    0,    0,    0,    0,  -10,    0,    0,    0,    0,    0,    0,    0,    0,  -27,  -27,    0,    0,    0,    0,    0,    0,    0,    0,    0,    0,   -1,    0,    0,    0,    0,    0,    0,    0,    0,    0,    0,    0,    0,    0,    0,    0,    0,    0,    0,    0,    0,    0,    0,    0,    0,    0,    0,    0,    0,    0,    0,  -51,    0,    0,    0,    0,    0,    0,    0,    0,    0,    0,    0,    0,    0,
       0,    0,    0,    0,    0,    0,    0,    0,    0,    0,    0,    0,    0,    0,    0,    0,    0,    0,    0,    0,    0,    0,    0,    0,    0,    0,    0,    0,   -3,    0,    0,    0,   -4,    0,    0,    0,   -6,    0,    0,    0,    0,    0,    0,    0,    0,    0,    0,    0,    0,    0,    0,    0,    0,    0,    0,    0,    0,    0,    0,    0,    0,    0,    0,    0,    0,    0,    0,    0,    0,    0,    0,    0,    0,    0,    0,    0,   27,    0,    0,    0,    0,    0,    0,   27,   27,    0,    0,   -4,   -4,   -4,    0,    0,    0,    0,   27,    0,    0,   -6,    0,    0,    0,   -4,    0,    0,    0,    0,    0,    0,    0,    0,    0,    0,    0,    0,    0,    0,    0,    0,    0,    0,    0,    0,    0,    0,    0,    0,    0,    0,    0,    0,    0,    0,    0,    0,    0,    0,    0,    0,    0,    0,    0,    0,    0,    0,    0,    0,    0,  -40,    0,    0,    0,    0,
       0,    0,    0,    0,    0,    0,    0,    0,    0,    0,    0,    0,    0,    0,    0,    0,    0,    0,    0,    0,    0,    0,    0,    0,    0,    0,    0,    0,    0,    0,    0,    0,    0,    0,    0,    0,    0,    0,    0,    0,    0,    0,    0,    0,    0,    0,    0,    0,    0,    0,    0,    0,    0,    0,    0,    0,    0,    0,    0,    0,    0,    0,    0,    0,    0,    0,    0,    0,    0,    0,    0,    0,    0,    0,    0,    0,    0,    0,    0,    0,    0,    0,    0,    0,    0,    0,    0,    0,    0,    0,    0,    0,    0,    0,    0,    0,    0,    0,    0,    0,    0,    0,    0,    0,    0,    0,    0,    0,    0,    0,    0,    0,    0,    0,    0,    0,    0,    0,    0,    0,    0,    0,    0,    0,    0,    0,    0,    0,    0,    0,    0,    0,  -38,  -41,    0,    0,    0,    0,    0,  -41,    0,    0,    0,    0,    0,    0,    0,    0,    0,    0,    0,    0,
       0,    0,  -20,    0,    0,    0,    0,    0,    0,    0,    0,    0,    0,    0,    0,    0,    0,    0,    0,    0,    0,    0,    0,    0,    0,    0,    0,    0,    0,    0,    0,    0,  -34,    0,  -38,  -24,    0,  -44,    0,    0,    0,    0,    0,    0,    0,    0,    0,    0,    0,    0,  -20,  -20,    0,    0,    0,  -24,    0,    0,  -13,    0,    0,    0,    0,    0,    0,    0,    0,    0,    0,    0,    0,    0,    0,    0,    0,    0,    0,    0,    0,  -20,    0,    0,    0,    0,    0,    0,    0,  -34,  -34,  -34,    0,    0,    0,    0,    0,    0,    0,    0,    0,    0,    0,  -34,    0,    0,    0,    0,    0,    0,    0,    0,    0,    0,    0,    0,    0,    0,    0,    0,    0,    0,    0,    0,    0,    0,    0,    0,    0,    0,    0,    0,    0,  -44,  -54,    0,    0,    0,    0,    0,    0,    0,    0,    0,    0,    0,    0,    0,    0,    0,    0,    0,    0,    0,
       0,    0,    0,    0,    0,    0,    0,    0,    0,    0,    0,    0,    0,    0,    0,    0,    0,    0,    0,    0,    0,    0,    0,    0,    0,    0,    0,    0,    0,    4,    0,    0,    0,    0,    0,    0,    0,    0,    0,    0,    0,    0,   -6,    0,    0,   14,    4,    0,    0,    0,    0,    0,    0,    0,    0,    0,    0,    0,    0,    0,    0,    0,    0,    0,    0,    0,    0,    0,    0,    0,    0,    0,   -6,    0,    0,    0,    0,   -6,    0,    0,    0,    0,    4,    0,    0,   14,   -6,    0,    0,    0,    0,    4,    0,   79,    0,    0,    0,    0,    0,    0,    0,    0,    0,    0,    0,    0,    0,    0,    0,    0,    0,    0,    0,    0,    0,    0,    0,    0,    0,    0,    0,    0,    0,    0,    0,    0,    0,    0,    0,    0,    0,    0,    0,    0,    0,    0,    0,    0,    0,    0,    0,    0,    0,    0,    0,    0,    0,    0,    0,    0,    0,    0,
       0,    0,    0,    0,    0,    0,    0,    0,    0,    0,    0,    0,    0,    0,    0,    0,    0,    0,    0,    0,    0,    0,    0,    0,    0,    0,    0,    0,    0,    0,    0,    0,    0,    0,    0,    0,    0,    0,    0,    0,    0,    0,    0,    0,    0,    0,    0,    0,    0,    0,    0,    0,    0,    0,    0,    0,    0,    0,    0,    0,    0,    0,    0,    0,    0,    0,    0,    0,    0,    0,    0,    0,    0,    0,    0,    0,    0,    0,    0,    0,    0,    0,    0,    0,    0,    0,    0,    0,    0,    0,    0,    0,    0,    4,    0,    0,    0,    0,    0,    0,    0,    0,    0,    0,    0,    0,    0,    0,    0,    0,    0,    0,    0,    0,    0,    0,    0,    0,    0,    0,    0,    0,    0,    0,    0,    0,    0,    0,    0,    0,    0,    0,  -20,    0,    0,    0,    0,    0,    0,    0,    0,    0,    0,    0,    0,    0,    0,    0,    0,    0,    0,    0,
       0,    0,    0,    0,    0,  -20,    0,    0,    0,    0,  -82,    0,  -82,    0,    0,    0,    0,    0,  -27,    0,    0,    0,    0,    0,    0,    0,    0,   -8,  -51,    0,   -8,  -58,    0,    0,    0,    0,    0,    0,    0,    0,  -41,    0,    0,    0,    0,    0,    0,    0,    0,    0,    0,    0,    0,    0,    0,    0,    0,    0,    0,    0,    0,    0,    0,    0,    0,    0,    0,    0,    4,    0,    0,    0,    0,    0,    0,    0,    0,    0,    0,    0,    0,    0,    0,    0,    0,    0,    0,    0,    0,    0,    0,    0,    0,    0,    0,  -20,  -20,    0,    0,   -8,    0,    0,    0,    0,    0,    0,    0,    0,    0,    0,    0,    0,    0,    0,    0,    0,    0,    0,    0,    0,    0,    0,    0,    0,    0,    0,    0,    0,    0,    0,    0,    0,    0,    0,    0,    0,    0,    0,  -82,    0,    0,    0,    0,    0,    0,    0,    0,    0,    0,    0,    0,    0,
       0,    0,    0,    0,    0,    0,    0,    0,    0,    0,    0,    0,    0,    0,    0,    0,  -18,   -6,    0,    0,  -15,    0,    0,    0,    0,    0,    0,    0,  -20,    0,    0,  -27,  -45,    0,  -29,  -25,  -22,  -45,    0,    0,    0,    0,    0,    0,    0,    0,    0,    0,    0,    0,    0,    0,  -13,    0,    0,    0,    0,    0,    0,    0,    0,    0,   -8,    0,    0,    0,    0,    0,    0,    0,    0,    0,    0,    0,    0,    0,    0,    0,    0,    0,    0,    0,    0,    0,    0,    0,    0,  -70,  -70,  -45,    0,    0,    0,    0,    0,    0,    0,  -79,  -30,    0,    0,  -87,    0,    0,    0,    0,    0,    0,    0,    0,    0,    0,    0,    0,    0,    0,    0,    0,    0,    0,    0,    0,    0,    0,    0,    0,    0,    0,    0,    0,    0,  -45,  -31,    0,    0,    0,    0,    0,    0,    0,    0,    0,    0,    0,    0,    0,    0,    0,    0,    0,    0,    0,
      -6,   -2,  -53,    0,    0,    0,    0,    0,    0,    0,    0,    0,    0,    0,  -16,  -53,    0,  -15,    0,   -7,  -11,  -15,   -5,    0,    0,    0,  -53,  -26,    0,    0,  -26,    0,  -20,    0,    0,    0,    0,  -26,    0,    0,    0,    0,    0,    0,    0,    0,    0,    0,    0,    0,    0,    0,    0,    0,    0,    0,    0,    0,    0,    0,    0,    0,  -30,    0,    0,    0,    0,    0,    0,    0,    0,    0,    0,    0,    0,    0,    0,    0,    0,    0,    0,    0,    0,    0,    0,    0,    0,  -20,  -20,  -20,    0,    0,    0,    0,    0,    0,    0,    0,  -15,  -26,    0,  -20,    0,    0,    0,  -20,    0,    0,    0,    0,    0,    0,    0,    0,    0,    0,    0,    0,    0,    0,    0,    0,    0,    0,    0,    0,    0,    0,    0,    0,    0,  -47,    0,  -42,    0,  -82,  -82,    0,    0,  -42,    0,    0,    0,    0,    0,    0,    0,    0,    0,    0,    0,    0,
       0,    0,    0,    0,    0,    0,    0,    0,    0,    0,  -24,    0,  -24,    0,    0,    0,    0,    0,    0,    0,    0,    0,    0,    0,    0,    0,    0,    0,  -15,    0,    0,  -38,    0,    0,    1,    1,    0,    0,    0,    0,    0,    0,    0,    0,    0,    0,    0,    0,    0,    0,    0,    0,    0,    0,    0,    0,    0,    0,    0,    0,    0,    0,    0,    0,    0,    0,    0,    0,    0,    0,    0,    0,    0,    0,    0,    0,    0,    0,    0,    0,    0,    0,    0,    0,    0,    0,    0,    0,    0,    0,    0,    0,    0,   24,    0,    0,    0,    0,    0,    0,    0,    0,    0,    0,    0,    0,    0,    0,    0,    0,    0,    0,    0,    0,    0,    0,    0,    0,    0,    0,    0,    0,    0,    0,    0,    0,    0,    0,    0,    0,    0,    0,    0,    0,    0,    0,    0,    0,  -24,    0,    0,    0,    0,    0,    0,    0,    0,    0,    0,    0,    0,    0,
       0,    0,    0,    0,    0,    0,    0,    0,    0,    0,  -16,    0,  -16,    0,    0,    0,    0,    0,    0,    0,  -12,    0,    0,    0,    0,    0,    0,    0,    0,    0,    0,    0,    0,    0,   -9,    0,  -21,  -20,    0,    0,  -27,    0,    0,    0,    0,    0,    0,    0,    9,    0,    0,    0,    0,    0,    0,    0,    0,    0,    0,    0,    0,    0,    0,    0,    0,    0,    0,    0,    0,    0,    0,    0,    0,    0,    0,    0,    0,    0,    0,    0,    0,    0,    0,    0,    0,    0,    0,    0,    0,    0,    0,    0,    0,    0,    0,    0,    0,  -21,    0,    0,    0,    0,    0,    0,    9,    0,    9,    0,    0,    0,    0,    0,    0,    0,    0,    0,    0,    0,    0,    0,    0,    0,    0,    0,    0,    0,    0,    0,    0,    0,    0,  -20,  -27,    0,  -30,    0,    0,    0,  -16,    0,    0,    0,    0,    0,    0,    0,    0,    0,    0,    0,    0,    0,
       0,    0,    0,    0,    0,    0,    0,    4,    0,    0,    0,    0,    0,    0,    0,    0,    0,    0,    0,    0,    0,    0,    0,    0,    0,    0,    0,    0,    0,    0,    0,    0,    0,    0,    0,    0,    0,    0,    0,    0,    4,    0,    0,    0,    0,    0,    0,    0,    9,    0,    4,    0,    0,    0,    0,    0,    0,    0,    0,    0,    0,    0,    0,    0,    0,    0,    0,    0,   20,    0,    0,    0,    0,    0,    0,    0,   36,    0,    0,    4,    0,   21,    0,   36,   36,    0,    0,    0,    0,    0,    0,    0,    0,   20,   36,    0,    0,    0,    0,    0,    0,    0,    0,    0,    9,    0,    9,    0,    0,    0,    0,    0,    0,    0,    0,    0,    0,    0,    0,    0,    0,    0,    0,    0,    0,    0,    0,    0,    0,    0,    0,    0,    0,    0,    0,    0,    0,    0,    0,    0,    0,    0,    0,    0,    0,    0,    0,    0,    0,    0,    0,    0,
       0,    0,    0,    0,    0,    0,    0,    0,    0,    0,    0,    0,    0,    0,    0,    0,    0,    0,   -9,    0,    0,    0,    0,    0,    0,    0,    0,    0,    0,    0,    0,    0,    0,    0,    0,    0,    0,    0,    0,    0,    0,    0,    0,    0,    0,    0,    0,    0,    0,    0,    0,    0,    0,    0,    0,    0,    0,    0,    0,    0,    0,    0,    0,    0,    0,    0,    0,    0,    0,    0,    0,    0,    0,    0,    0,    0,    0,    0,    0,    0,    0,    0,    0,    0,    0,    0,    0,    0,    0,    0,    0,    0,    0,    0,    0,    0,    0,    0,    0,    0,    0,    0,    0,    0,    0,    0,    0,    0,    0,    0,    0,    0,    0,    0,    0,    0,    0,    0,    0,    0,    0,    0,    0,    0,    0,    0,    0,    0,    0,    0,    0,    0,    0,    0,    0,    0,    0,    0,    0,    0,    0,    0,    0,    0,    0,    0,    0,    0,    0,    0,    0,    0,
       0,    0,    0,    0,    0,    0,    0,    0,   -7,    0,  -13,    0,  -13,    0,    0,    0,    0,    0,    0,    0,    0,    0,    0,    0,    0,    0,    0,    0,    0,    0,    0,    0,    0,    0,    0,    0,  -12,    0,    0,   -7,    0,    0,    0,    0,    0,    0,    0,    0,    0,    0,    0,    0,    0,    0,    0,    0,  -20,    0,    0,   -7,    0,    0,    0,    0,    0,    0,    0,    0,    0,    0,    0,    0,    0,    0,    0,    0,    0,    0,    0,    0,    0,    0,    0,    0,    0,    0,    0,    0,    0,    0,    0,    0,    0,    0,    0,    0,    0,  -12,    0,    0,    0,    0,    0,    0,    0,    0,    0,    0,    0,    0,    0,    0,    0,    0,    0,    0,    0,    0,    0,    0,    0,    0,    0,    0,    0,    0,    0,    0,    0,    0,    0,    0,    0,    0,  -30,    0,    0,    0,  -13,    0,    0,    0,    0,    0,    0,    0,    0,    0,    0,    0,    0,    0,
       0,    0,    0,    0,    0,    0,    0,    0,  -15,    0,  -20,    0,  -20,    0,    0,  -16,    0,    0,    0,    0,    0,    0,    0,    0,    0,    0,    0,    0,    0,    0,    0,    0,    0,    0,    0,    0,    0,    0,    0,  -15,    0,    0,    0,    0,    0,    0,    0,    0,    0,    0,    0,    0,    0,    0,    0,    0,    0,    0,   -3,  -15,    0,    0,  -25,    0,    0,    0,    0,    0,    0,    0,    0,    0,    0,    0,    0,    0,    0,    0,    0,    0,    0,    0,    0,    0,    0,    0,    0,    0,    0,    0,    0,    0,    0,    0,    0,    0,    0,    0,    0,    0,    0,    0,    0,    0,    0,    0,    0,    0,    0,    0,    0,    0,    0,    0,    0,    0,    0,    0,    0,    0,    0,    0,    0,    0,    0,    0,    0,    0,    0,    0,    0,    0,    0,    0,    0,    0,    0,    0,  -20,    0,    0,    0,    0,    0,    0,    0,    0,    0,    0,    0,    0,    0,
       0,    0,    0,    0,    0,    0,    0,    0,   -1,    0,  -15,    0,  -15,    0,    0,    0,    0,    0,    0,    0,    0,    0,    0,    0,    0,    0,    0,    0,    0,    0,    0,    0,    0,    0,    0,    0,    0,    0,    0,   -1,    0,    0,    0,    0,    0,    0,    0,    0,    0,    0,    0,    0,    0,    0,    0,    0,    0,    0,   -3,   -1,    0,    0,    0,    0,    0,    0,    0,    0,    0,    0,    0,    0,    0,    0,    0,    0,    0,    0,    0,    0,    0,    0,    0,    0,    0,    0,    0,    0,    0,    0,    0,    0,    0,    0,    0,    0,    0,    0,    0,    0,    0,    0,    0,    0,    0,    0,    0,    0,    0,    0,    0,    0,    0,    0,    0,    0,    0,    0,    0,    0,    0,    0,    0,    0,    0,    0,    0,    0,    0,    0,    0,    0,    0,    0,    0,    0,    0,    0,  -15,    0,    0,    0,    0,    0,    0,    0,    0,    0,    0,    0,    0,    0,
       0,    0,    0,    0,    0,    0,    0,    0,    0,    0,  -19,    0,  -19,    0,    0,    0,    0,    0,    0,    0,    0,    0,    0,    0,    0,    0,    0,    0,    0,    0,    0,    0,    0,    0,    0,    0,    0,    0,    0,    0,  -27,    0,    0,    0,    0,    0,    0,    0,    0,    0,    0,    0,    0,    0,    0,    0,    0,    0,    0,    0,    0,    0,    0,    0,    0,    0,    0,    0,    0,    0,    0,    0,    0,    0,    0,    0,    0,    0,    0,    0,    0,    0,    0,    0,    0,    0,    0,    0,    0,    0,    0,    0,    0,    0,    0,    0,    0,    0,    0,    0,    0,    0,    0,    0,    0,    0,    0,    0,    0,    0,    0,    0,    0,    0,    0,    0,    0,    0,    0,    0,    0,    0,    0,    0,    0,    0,    0,    0,    0,    0,    0,    0,    0,    0,  -27,    0,    0,    0,  -19,    0,    0,    0,    0,    0,    0,    0,    0,    0,    0,    0,    0,    0,
       0,    0,    0,  -34,    0,  -27,    0,    0,    0,    0,  -75,    0,  -75,    0,   -9,    0,    0,  -10,  -35,   -6,   12,   -8,   -6,  -20,  -54,    0,    0,    0,  -65,    0,    0,  -58,    0,    0,    0,    0,    0,    0,    0,    0,  -95,  -27,  -30,    0,    0,    0,  -30,  -24,    0,    0,    0,    0,    0,    0,    0,    0,  -38,    0,    0,    0,    0,    0,    0,    0,    0,    0,    0,    0,    0,    0,  -27,  -27,  -30,    0,    0,    0,   54,  -30,    0,    0,  -27,    0,    0,   54,   54,    0,  -30,    0,    0,    0,    0,    0,    0,    0,   54,  -63,  -63,    0,  -10,    0,    0,    0,    0,    0,    0,    0,    0,  -24,    0,    0,    0,    0,    0,    0,    0,    0,    0,    0,    0,    0,    0,    0,    0,    0,    0,    0,    0,    0,    0,    0,    0,    0,    0,    0,  -85,    0,    0,    0,  -75,    0,    0,    0,    0,    0,    0,    0,    0,  -45,    0,    0,    0,    0,
       0,    0,    0,    0,    0,    0,    0,    0,    0,    0,    0,    0,    0,    0,    0,    0,    0,    0,    0,    0,    0,    0,    0,    0,    0,    0,    0,    0,    0,    0,    0,    0,  -20,    0,  -38,    0,    0,    0,    0,    0,    0,    0,    0,    0,    0,    0,    0,    0,    0,    0,    0,    0,    0,    0,    0,    0,    0,    0,    0,    0,    0,    0,    0,    0,    0,    0,    0,    0,    0,    0,    0,    0,    0,    0,    0,    0,    0,    0,    0,    0,    0,    0,    0,    0,    0,    0,    0,  -20,  -20,  -20,    0,    0,    0,    0,    0,    0,    0,    0,    0,    0,    0,  -51,    0,    0,    0,    0,    0,    0,    0,    0,    0,    0,    0,    0,    0,    0,    0,    0,    0,    0,    0,    0,    0,    0,    0,    0,    0,    0,    0,    0,    0,    0,  -27,    0,    0,    0,    0,    0,    0,    0,    0,    0,    0,    0,    0,    0,    0,    0,    0,    0,    0,    0,
       0,    0,    0,    0,    0,    0,    0,    0,    0,    0,    0,    0,    0,    0,    0,    0,    0,    0,    0,    0,    0,    0,    0,    0,    0,    0,    0,    0,  -30,    0,    0,    0,  -27,    0,  -41,  -38,  -30,  -58,    0,    0,    0,    0,    0,    0,    0,    0,    0,    0,    0,    0,  -24,    0,  -20,    0,    0,    0,    0,    0,    0,    0,    0,    0,    0,    0,    0,    0,    0,    0,    0,    0,    0,    0,    0,    0,    0,    0,    0,    0,    0,  -24,    0,    0,    0,    0,    0,    0,    0,  -27,  -27,  -27,    0,    0,    0,    0,    0,    0,    0,  -30,    0,    0,    0,  -27,    0,    0,    0,    0,    0,    0,    0,    0,    0,    0,    0,    0,    0,    0,    0,    0,    0,    0,    0,    0,    0,    0,    0,    0,    0,    0,    0,    0,    0,  -58,  -34,    0,    0,    0,    0,    0,    0,    0,    0,    0,    0,    0,    0,    0,    0,    0,    0,    0,  -24,    0,
       0,    0,    0,    0,    0,    0,    0,    0,    0,    0,    0,    0,    0,    0,    0,    0,    0,    0,    0,    0,  -44,    0,    0,    0,    0,    0,    0,    0,   -8,    0,    0,    0,  -47,    0,  -44,  -44,  -34,  -54,  -38,    0,    0,    0,    0,    0,    0,    0,    0,    0,    0,    0,    0,    0,    0,    0,    0,    0,    0,    0,    0,    0,    0,    0,    0,    0,    0,    0,    0,    0,    0,    0,    0,    0,    0,    0,    0,    0,    0,    0,    0,    0,    0,    0,    0,    0,    0,    0,    0,  -47,  -47,  -47,    0,    0,    0,    0,    0,  -20,  -20,  -30,    0,    0,    0,  -44,    0,    0,    0,    0,    0,    0,    0,    0,    0,    0,    0,    0,    0,    0,    0,    0,    0,    0,    0,    0,    0,    0,    0,    0,    0,    0,    0,    0,    0,  -54,  -58,    0,    0,    0,    0,    0,    0,    0,    0,    0,    0,    0,    0,    0,    0,    0,    0,    0,  -44,    0,
       0,    0,    0,    0,    0,    0,    0,    0,    0,    0,    0,    0,    0,    0,    0,    0,    0,    0,    0,    0,    0,    0,    0,    0,    0,    0,    0,    0,  -38,    0,    0,    0,    0,    0,    0,    0,    0,    0,    0,    0,    0,    0,    0,    0,    0,    0,    0,    0,    0,    0,    0,    0,    0,    0,    0,    0,    0,    0,    0,    0,    0,    0,    0,    0,    0,    0,    0,    0,    0,    0,    0,    0,    0,    0,    0,    0,    0,    0,    0,    0,    0,    0,    0,    0,    0,    0,    0,    0,    0,    0,    0,    0,    0,    0,    0,    0,    0,    0,    0,    0,    0,    0,    0,    0,    0,    0,    0,    0,    0,    0,    0,    0,    0,    0,    0,    0,    0,    0,    0,    0,    0,    0,    0,    0,    0,    0,    0,    0,    0,    0,    0,    0,    0,    0,    0,    0,    0,    0,    0,    0,    0,    0,    0,    0,    0,    0,    0,    0,    0,    0,    0,    0,
       0,    0,    0,    0,    0,    0,    0,    0,    0,    0,  -26,    0,  -26,  -24,    0,    0,    0,    0,    0,    0,    0,    0,    0,    0,    0,    0,    0,    0,  -22,    0,    0,    0,  -18,    0,  -21,   -5,  -24,  -22,    0,    0,  -24,    0,    0,    0,    0,    0,    0,    0,    0,    0,    0,    0,    0,    0,    0,    0,    0,    0,   -3,    0,    0,    0,    0,    0,    0,    0,    0,    0,    0,    0,    0,    0,    0,    0,    0,    0,    0,    0,    0,    0,    0,    0,    0,    0,    0,    0,    0,  -18,  -18,  -18,    0,    0,    0,    5,    0,    0,    0,  -55,    0,    0,    0,  -38,    0,    0,    0,    0,    0,    0,    0,    0,    0,    0,    0,    0,    0,    0,    0,    0,    0,    0,    0,    0,    0,    0,    0,    0,    0,    0,    0,    0,    0,  -22,  -20,    0,  -24,    0,    0,    0,  -26,    0,    0,    0,    0,    0,    0,    0,  -23,  -59,    0,    0,    0,    0,
       0,    0,  -47,    0,   -3,    0,    0,    0,  -51,  -20,    0,  -20,    0,   10,    0,  -23,    0,    0,    0,    0,    0,    0,    0,    0,   -8,  -30,  -38,  -22,    9,    0,  -22,    0,  -52,  -12,  -43,  -37,    0,  -45,    0,  -51,    0,    0,   -5,   -2,    3,    0,    0,   -2,  -13,    0,  -41,  -41,    0,    0,  -20,  -44,  -20,  -20,  -42,  -51,    0,    0,  -30,  -20,    0,  -20,    0,    0,    0,  -20,    0,    0,   -5,    3,    3,    3,    0,   -5,    0,  -41,    0,    0,    0,    0,    0,    0,   -5,  -52,  -52,  -86,    0,    0,    3,    0,    0,    0,    0,    0,    0,  -22,    0,  -52,    0,    0,  -13,  -40,  -13,   -2,    0,    0,    0,    0,    0,    0,    0,    0,    0,    0,    0,    0,    0,    0,    0,    0,    0,    0,    0,    0,    0,    0,    0,  -45,  -78,  -61,    0,    0,    0,  -20,    0,  -61,   -4,    0,    0,    0,    0,    0,    0,    0,    0,    0,  -30,    0,
       0,    0,    0,    0,    0,    0,    0,    0,    0,    0,    0,    0,    0,    0,    0,    0,    0,    0,    0,    0,    0,    0,    0,    0,    0,    0,    0,    0,    0,    0,    0,    0,  -34,    0,    0,    0,    0,    0,    0,    0,    0,    0,    0,    0,    0,    0,    0,    0,    0,    0,    0,    0,    0,    0,    0,    0,    0,    0,    0,    0,    0,    0,    0,    0,    0,    0,    0,    0,    0,    0,    0,    0,    0,    0,    0,    0,   20,    0,    0,    0,    0,    0,    0,   20,   20,    0,    0,  -34,  -34,  -34,    0,    0,    0,    0,   20,    0,    0,    0,    0,    0,    0,  -34,    0,    0,    0,    0,    0,    0,    0,    0,    0,    0,    0,    0,    0,    0,    0,    0,    0,    0,    0,    0,    0,    0,    0,    0,    0,    0,    0,    0,    0,    0,  -38,    0,    0,    0,    0,    0,    0,    0,    0,    0,    0,    0,    0,    0,    0,    0,    0,    0,    0,    0,
       0,    0,    0,    0,    0,    0,    0,    0,    0,    0,    0,    0,    0,    0,    0,    0,    0,    0,    0,    0,    0,    0,    0,    0,    0,    0,    0,    0,  -13,    0,    0,    0,    0,    0,    0,    0,   -5,    0,    0,    0,  -24,    0,    0,    0,    0,    0,    0,    0,    0,    0,    1,    0,    0,    0,    0,    0,    0,    0,    0,    0,    0,    0,    0,    0,    0,    0,    0,    0,    0,    0,    0,    0,    0,    0,    0,    0,   20,    0,    0,    1,    0,    0,    0,   20,   20,    0,    0,    0,    0,    0,    0,    0,    0,    0,   20,    0,    0,   -5,    0,    0,    0,    0,    0,    0,    0,    0,    0,    0,    0,    0,    0,    0,    0,    0,    0,    0,    0,    0,    0,    0,    0,    0,    0,    0,    0,    0,    0,    0,    0,    0,    0,    0,    0,    0,    0,    0,    0,    0,    0,    0,    0,    0,    0,    0,    0,    0,    0,    0,    0,    0,    0,    0,
       0,    0,    0,    0,    0,    0,    0,    0,    0,    0,    0,    0,    0,    0,    0,    0,    0,    0,    0,    0,    0,    0,    0,    0,    0,    0,    0,    0,    0,    0,    0,    0,    0,    0,    0,    0,    0,    0,    0,    0,    0,    0,    0,    0,    0,    0,    0,    0,    0,    0,    0,    0,    0,    0,    0,    0,    0,    0,    0,    0,    0,    0,    0,    0,    0,    0,    0,    0,    0,    0,    0,    0,    0,    0,    0,    0,   44,    0,    0,    0,    0,    0,    0,   44,   44,    0,    0,    0,    0,    0,    0,    0,    0,   20,   44,    0,    0,    0,    0,    0,    0,    0,    0,    0,    0,    0,    0,    0,    0,    0,    0,    0,    0,    0,    0,    0,    0,    0,    0,    0,    0,    0,    0,    0,    0,    0,    0,    0,    0,    0,    0,    0,    0,    0,    0,    0,    0,    0,    0,    0,    0,    0,    0,    0,    0,    0,    0,    0,    0,    0,    0,    0,
       0,    0,    0,    0,    0,    0,    0,    0,    0,    0,  -24,    0,  -44,    0,    0,    0,    0,    0,    0,    0,    0,    0,    0,    0,    0,    0,    0,    0,  -54,    0,    0,  -41,    0,    0,    0,    0,    0,    0,    0,    0,  -20,  -13,  -22,    0,    0,    0,  -16,    0,    0,  -20,  -20,    0,    0,  -20,    0,    0,    0,    0,    0,    0,    0,  -20,    0,    0,    0,    0,    0,    0,    0,    0,  -13,  -13,  -22,    0,    0,    0,    0,  -22,  -20,  -20,  -13,    0,    0,    0,    0,    0,  -22,    0,    0,    0,  -20,    0,    0,   44,    0,    0,    0,    0,    0,    0,    0,    0,    0,    0,    0,    0,    0,    0,    0,    0,    0,    0,    0,    0,    0,    0,    0,    0,    0,    0,    0,    0,    0,    0,    0,    0,    0,    0,    0,    0,    0,    0,    0,    0,  -71,    0,    0,    0,  -75,    0,    0,    0,    0,    0,    0,    0,    0,  -28,    0,    0,    0,    0,
       0,    0,    0,    0,    0,    0,    0,    0,    0,    0,    0,    0,    0,    0,    0,    0,    0,    0,    0,    0,    0,    0,    0,    0,    0,    0,    0,    0,  -15,    0,    0,    0,  -18,    0,  -13,    0,   -5,  -15,    0,    0,    0,    0,    0,    0,    0,    0,    0,    0,    0,    0,    0,    0,    0,    0,    0,    0,    0,    0,    0,    0,    0,    0,    0,    0,    0,    0,    0,    0,    0,    0,    0,    0,    0,    0,    0,    0,   20,    0,    0,    0,    0,    0,    0,   20,   20,    0,    0,  -18,  -18,  -18,    0,    0,    0,    5,   20,    0,    0,   -5,    0,    0,    0,  -18,    0,    0,    0,    0,    0,    0,    0,    0,    0,    0,    0,    0,    0,    0,    0,    0,    0,    0,    0,    0,    0,    0,    0,    0,    0,    0,    0,    0,    0,  -15,    0,    0,    0,    0,    0,    0,    0,    0,    0,    0,    0,    0,    0,    0,    0,    0,    0,    0,    0,    0,
       0,    0,    0,    0,    0,    0,    0,    0,    0,    0,  -20,    0,  -20,  -34,    0,    0,    0,    0,    0,    0,    0,    0,    0,    0,    0,    0,    0,    0,  -12,    0,    0,    0,    0,    0,    0,    0,    0,    0,    0,    0,  -30,    0,    0,    0,    0,    0,    0,    0,    0,    0,    0,    0,    0,    0,    0,    0,    0,    0,    0,    0,    0,    0,    0,    0,    0,    0,    0,    0,    0,    0,    0,    0,    0,    0,    0,    0,    0,    0,    0,    0,    0,    0,    0,    0,    0,    0,    0,    0,    0,    0,    0,    0,    0,   20,    0,    0,    0,    0,    0,    0,    0,    0,    0,    0,    0,    0,    0,    0,    0,    0,    0,    0,    0,    0,    0,    0,    0,    0,    0,    0,    0,    0,    0,    0,    0,    0,    0,    0,    0,    0,    0,    0,    0,    0,  -47,    0,    0,    0,  -20,    0,    0,    0,    0,    0,    0,    0,    0,    0,    0,    0,    0,    0,
       0,    0,    0,    0,   -6,    0,    0,    0,    0,  -59,    0,  -59,    0,    0,    0,    0,    0,    0,    0,    0,    0,    0,    0,    0,  -41,  -20,    0,  -21,    0,    0,  -21,    0,    0,    0,    0,    0,    0,    0,    0,    0,    0,    0,  -24,    0,    8,    0,    0,    0,    0,  -20,  -24,  -38,    0,    0,  -59,    0,  -30,  -89,   -9,    0,    0,  -20,    0,  -86,    0,    0,    0,    0,    0,  -20,    0,    0,  -24,    8,    8,    8,   51,  -24,  -20,  -24,    0,    0,    0,   51,   51,    0,  -24,    0,    0,    0,  -20,    0,    8,   51,   51,    0,    0,    0,    0,  -21,    0,    0,    0,    0,    0,  -60,    0,    0,    0,    0,    0,    0,    0,    0,    0,    0,    0,    0,    0,    0,    0,    0,    0,    0,    0,    0,    0,    0,    0,    0,    0,    0,    0,    0,    0,    0,    0,  -20,    0,    0,    0,    0,    0,    0,    0,    0,    0,    0,    0,    0,    0,  -20,
       0,    0,  -54,    0,    0,    0,    0,    0, -102,  -47,    0,  -78,    0,    0,    0,  -27,    0,    0,    0,    0,    0,    0,    0,    0,    0,    0,    0,  -17,    0,    0,  -17,    0,  -57,    0,  -42,   -7,    0,  -31,    0,  -78,    0,    0,    0,    0,    0,    0,    0,    0,  -13,    0,  -41,    0,    0,    0,  -71,  -58,  -38, -125,  -48, -105,    0,    0,  -51,  -85,    0,    0,    0,    0,    0,  -20,    0,    0,    0,    0,    0,    0,    0,    0,    0,  -41,    0,    0,    0,    0,    0,    0,    0,  -57,  -57,  -57,    0,    0,    0,    0,    0,    0,    0,    0,    0,  -17,    0,  -57,    0,    0,  -13,  -81,  -13,    0,    0,    0,    0,    0,    0,    0,    0,    0,    0,    0,    0,    0,    0,    0,    0,    0,    0,    0,    0,    0,    0,    0,    0,  -51,  -51,  -34,    0,  -27,  -27,  -20,    0,  -75,    0,    0,    0,    0,    0,    0,    0,    0,    0,    0,    0,    0,
       0,    0,    0,    0,    0,  -20,    0,    0,    0,  -22,  -24,  -22,  -44,    0,    0,    0,    0,    0,    0,    0,    0,    0,    0,    0,    0,    0,    0,    0,  -46,    0,    0,  -58,    0,    0,    0,    0,    0,    0,    0,    0,    0,   -3,   -4,    0,    0,    0,    0,    0,    0,    0,    0,    0,    0,    0,  -22,    0,    0,  -22,    0,    0,    0,    0,    0,  -22,    0,    0,    0,    0,    0,    0,   -3,   -3,   -4,    0,    0,    0,    0,   -4,    0,    0,   -3,    0,    0,    0,    0,    0,   -4,    0,    0,    0,    0,    0,    0,    0,    0,    0,    0,    0,    0,    0,    0,    0,    0,    0,    0,    0,    0,    0,    0,    0,    0,    0,    0,    0,    0,    0,    0,    0,    0,    0,    0,    0,    0,    0,    0,    0,    0,    0,    0,    0,    0,    0,    0,    0,  -85,    0,    0,    0,  -81,    0,    0,    0,    0,    0,    0,    0,    0,  -39,    0,    0,    0,    0,
       0,    0,    0,    0,    0,    0,    0,    0,    0,    0,    0,    0,    0,    0,    0,    0,    0,    0,    0,    0,    0,    0,    0,    0,    0,    0,    0,    0,    0,    0,    0,    0,    0,    0,  -11,    0,    0,  -16,    0,    0,    0,   -3,   -8,    0,    0,    0,    0,    0,    0,    0,    0,    0,    0,    0,    0,    0,    0,    0,    0,    0,    0,    0,    0,    0,    0,    0,    0,    0,    0,    0,   -3,   -3,   -8,    0,    0,    0,   27,   -8,    0,    0,   -3,    0,    0,   27,   27,    0,   -8,    0,    0,    0,    0,    0,    0,    0,   27,    0,    0,    0,    0,    0,    0,    0,    0,    0,    0,    0,    0,    0,    0,    0,    0,    0,    0,    0,    0,    0,    0,    0,    0,    0,    0,    0,    0,    0,    0,    0,    0,    0,    0,    0,    0,  -16,    0,    0,    0,    0,    0,    0,    0,    0,    0,    0,    0,    0,    0,    0,    0,    0,    0,    0,    0,    0,
       0,    0,    0,    0,   -1,  -20,    0,    0,    0,  -40,  -20,  -40,  -20,  -78,  -20,    0,    0,    0,  -41,    0,  -47,    0,    0,  -20,  -47,  -20,    0,  -18,  -52,    0,  -18,  -54,    0,    0,    0,    0,    0,   10,    0,    0,  -34,  -44,  -47,    0,    0,    0,  -34,  -44,  -61,  -44,  -38,  -38,  -31,  -27,  -40,    0,  -78,  -40,    0,    0,    0, -105,    0,  -87,    0,  -30,    0,    0,    0,  -20,  -68,  -68,  -77,    0,    0,    0,   54,  -77,  -75,  -58,  -44,    0,    0,   54,   54,    0,  -47,    0,    0,    0,  -68,    0,    0,   79,   54,  -82,  -82,    0,    0,  -18,    0,    0,    0,    0,  -61,  -32,  -61,  -44,    0,    0,    0,    0,    0,    0,    0,    0,    0,    0,    0,    0,    0,    0,    0,    0,    0,    0,    0,    0,    0,    0,    0,   10,    0,    0,  -71,    0,    0,  -20,  -71,    0,    0,    0,    0,    0,    0,    0,    0,  -62,    0,    0,    0,    0,
       0,    0,    0,    0,    0,  -30,    0,    0,    0,  -32,  -58,  -32,  -58,  -29,   -9,    0,    0,    0,  -20,    0,    0,    0,    0,  -38,  -44,  -38,    0,  -42,  -43,    0,  -21,  -58,    0,    0,    9,    0,    0,    0,    0,    0,  -47,  -32,  -33,    0,    0,    0,   -1,  -27,    0,    0,    0,    0,    0,    0,  -32,    0,  -34,  -69,    0,    0,    0,    0,    0,  -55,    0,    0,   -6,    0,    0,  -24,  -32,  -56,  -33,    0,    0,    0,   51,  -60,    0,    0,  -32,    0,    0,   51,   51,    0,  -33,    0,    0,    0,    0,    0,    0,   24,   51,  -75,  -75,    0,    0,  -21,    0,    0,    0,    0,    0,   -6,    0,  -27,    0,    0,    0,    0,    0,    0,    0,    0,    0,    0,    0,    0,    0,    0,    0,    0,    0,    0,    0,    0,    0,    0,    0,    0,    0,    0,  -68,    0,    0,  -24,  -58,    0,    0,    0,    0,    0,    0,    0,  -76,  -90,    0,    0,    0,    0,
       0,    0,    0,    0,   -1,  -30,    0,    0,    0,  -29,  -58,  -29,  -58,   -6,    0,    0,    0,    0,  -20,    0,    0,    0,    0,  -30,  -44,  -38,    0,   -5,  -37,    0,   -5,  -38,    0,    0,    1,   14,    0,    0,    0,    0,    0,  -32,  -30,    0,    0,    0,  -21,  -20,    0,    0,    0,    0,    0,    0,  -29,    0,  -34,  -29,    0,    0,    0,    0,    0,  -49,    0,    0,   -6,    0,    0,    0,  -32,  -32,  -30,    0,    0,    0,    0,  -30,    0,    0,  -32,    0,    0,    0,    0,    0,  -30,    0,    0,    0,    0,    0,    0,   51,    0,    0,    0,    0,    0,   -5,    0,    0,    0,    0,    0,  -21,    0,  -20,    0,    0,    0,    0,    0,    0,    0,    0,    0,    0,    0,    0,    0,    0,    0,    0,    0,    0,    0,    0,    0,    0,    0,    0,    0,    0,  -65,    0,    0,    0,  -58,    0,    0,    0,    0,    0,    0,    0,  -52,  -65,    0,    0,    0,    0,
       0,    0,    0,    0,   -6,    0,    0,    0,    0,  -22,    0,  -22,    0,    0,  -21,    0,    0,  -12,  -24,    0,    0,  -12,    0,    0,  -34,  -30,    0,  -24,    0,    0,  -24,    0,  -24,    0,    0,    0,    0,    0,    0,    0,    0,  -34,  -17,    0,    0,    0,    0,    0,    0,    0,    0,    0,    0,    0,  -42,    0,  -24,  -52,   -4,    0,    0,    0,    0,  -49,    0,    0,    0,    0,    0,  -27,  -34,  -34,  -17,    0,    0,    0,    0,  -17,    0,    0,  -34,    0,    0,    0,    0,    0,  -17,  -24,  -24,  -24,    0,    0,    0,   51,    0,    0,    0,    0,  -12,  -55,  -20,  -24,    0,    0,  -38,  -48,    0,    0,    0,    0,    0,    0,    0,    0,    0,    0,    0,    0,    0,    0,    0,    0,    0,    0,    0,    0,    0,    0,    0,    0,    0,    0,    0,    0,    0,    0,    0,  -27,    0,    0,    0,    0,    0,    0,    0,    0,    0,    0,    0,  -20,    0,    0,
       0,    0,    0,    0,    0,  -38,    0,    0,    0,  -45,  -26,  -45,  -26,    0,    0,    0,    0,    0,  -41,    0,    0,    0,    0,  -38,  -61,  -58,    0,  -22,  -45,    0,  -22,  -20,   10,    0,    0,    0,    0,    0,    0,    0,    0,  -49,  -52,    0,  -16,    0,  -23,  -41,    0,  -24,    0,    0,    0,    0,  -45,    0,  -54,  -75,   -5,    0,    0,  -24,    0,  -75,    0,  -38,    0,    0,    0,  -51,  -90,  -79,  -52,  -16,  -34,  -16,    0,  -52,  -24,    0,  -85,    0,    0,    0,    0,    0,  -86,   10,   10,   10,  -24,    0,  -16,   51,    0,    0,    0,    0,    0,  -22,    0,   10,    0,    0,    0,  -29,    0,  -41,    0,    0,    0,    0,    0,    0,    0,    0,    0,    0,    0,    0,    0,    0,    0,    0,    0,    0,    0,    0,    0,    0,    0,    0,    0,    0,  -65,    0,    0,  -24,  -84,    0,    0,    0,    0,    0,    0,    0,  -93, -108,    0,    0,    0,  -20,
       0,    0,    0,    0,    0,    0,    0,    0,    0,  -23,    0,  -23,    0,    0,    0,    0,    0,    0,    0,    0,    0,    0,    0,    0,  -38,    0,    0,  -20,    0,    0,  -20,    0,    0,    0,    0,    0,    0,    0,    0,    0,    0,    0,    0,    0,    0,    0,    0,    0,    0,    0,    0,    0,    0,    0,  -23,    0,  -20,  -23,    0,    0,    0,    0,    0,  -43,    0,    0,    0,    0,    0,    0,    0,    0,    0,    0,    0,    0,   51,    0,    0,    0,    0,    0,    0,   51,   51,    0,    0,    0,    0,    0,    0,    0,    0,   20,   51,    0,    0,    0,    0,  -20,    0,    0,    0,    0,    0,  -14,    0,    0,    0,    0,    0,    0,    0,    0,    0,    0,    0,    0,    0,    0,    0,    0,    0,    0,    0,    0,    0,    0,    0,    0,    0,    0,    0,    0,    0,    0,    0,    0,    0,    0,    0,    0,    0,    0,    0,    0,    0,    0,    0,    0,    0,    0,
       0,    0,    0,    0,    0,    0,    0,    0,    0,    0,    0,    0,    0,    0,    0,    0,    0,    0,    0,    0,    0,    0,    0,    0,    0,    0,    0,    0,    0,    4,    0,    0,    0,    0,    0,    0,    0,    0,    0,    0,    0,    0,   -6,    0,    0,   14,    4,    0,    0,    0,    0,    0,    0,    0,    0,    0,    0,    0,    0,    0,    0,    0,    0,    0,    0,    0,    0,    0,    0,    0,    0,    0,   -6,    0,    0,    0,    0,   -6,    0,    0,    0,    0,    4,    0,    0,   14,   -6,    0,    0,    0,    0,    4,    0,   52,    0,    0,    0,    0,    0,    0,    0,    0,    0,    0,    0,    0,    0,    0,    0,    0,    0,    0,    0,    0,    0,    0,    0,    0,    0,    0,    0,    0,    0,    0,    0,    0,    0,    0,    0,    0,    0,    0,    0,    0,    0,    0,    0,    0,    0,    0,    0,    0,    0,    0,    0,    0,    0,    0,    0,    0,    0,    0,
       0,    0,  -47,    0,   -3,    0,    0,    0,  -51,  -20,    0,  -20,    0,   10,    0,  -23,    0,    0,    0,    0,    0,    0,    0,    0,   -8,  -30,  -38,  -22,    9,    0,  -22,    0,  -76,  -12,  -72,  -71,    0,  -45,    0,  -51,    0,    0,   -5,   -2,    3,    0,    0,   -2,  -13,    0,  -71,  -41,    0,    0,  -20,  -44,  -20,  -20,  -42,  -51,    0,    0,  -30,  -20,    0,  -20,    0,    0,    0,  -20,    0,    0,   -5,    3,    3,    3,    0,   -5,    0,  -71,    0,    0,    0,    0,    0,    0,   -5,  -76,  -76,  -76,    0,    0,    3,    0,    0,    0,    0,    0,    0,  -22,    0,  -76,    0,    0,  -13,  -40,  -13,   -2,    0,    0,    0,    0,    0,    0,    0,    0,    0,    0,    0,    0,    0,    0,    0,    0,    0,    0,    0,    0,    0,    0,    0,  -45, -104,  -95,    0,    0,    0,  -20,    0,  -95,   -4,    0,    0,    0,    0,    0,    0,    0,    0,    0,  -30,    0,
       0,    0,    0,    0,    0,    0,    0,    0,  -41,    0,    0,    0,    0,    0,  -27,  -65,    0,  -27,  -34,  -27,    0,  -27,  -27,    0,    0,    0,    0,  -24,    0,   20,  -24,    0,  -34,  -24,  -47,    0,    0,    0,    0,  -41,    0,    0,    0,    0,   17,   58,   20,    0,    0,    0,  -47,    0,    0,    0,    0,    0,    0,    0,    0,  -41,    0,    0,  -27,    0,    0,    0,    0,    0,    0,    0,    0,    0,    0,   17,   17,   17,    0,    0,    0,  -47,    0,    0,   20,    0,    0,   58,    0,  -34,  -34,  -34,    0,   20,   17,    0,    0,   34,   34,    0,  -27,  -24,  -65,  -30,   27,   27,    0,    0,    0,    0,    0,    0,    0,    0,    0,    0,    0,    0,    0,    0,    0,    0,    0,    0,    0,    0,    0,    0,    0,    0,    0,    0,    0,    0,  -24,    0,    0,    0,    0,    0,    0,    0,    0,    0,    0,    0,    0,    0,    0,    0,    0,    0,  -30,    0,
       0,    0,   -4,    0,    0,    0,    0,    0,    0,    0,    0,    0,    0,    0,    0,  -24,    0,    0,    0,    0,    0,    0,    0,    0,    0,    0,    0,    0,    0,    0,    0,    0,  -42,    0,  -30,  -30,    0,  -49,    0,    0,    0,    0,    0,    0,    0,    0,    0,    0,    0,    0,   -9,    0,    0,    0,    0,    0,    0,    0,   -5,    0,    0,    0,    0,    0,    0,    0,    0,    0,    0,    0,    0,    0,    0,    0,    0,    0,    0,    0,    0,   -9,    0,    0,    0,    0,    0,    0,    0,  -42,  -42,  -42,    0,    0,    0,    0,    0,    0,    0,    0,    0,    0,    0,  -42,    0,    0,    0,    0,    0,    0,    0,    0,    0,    0,    0,    0,    0,    0,    0,    0,    0,    0,    0,    0,    0,    0,    0,    0,    0,    0,    0,    0,    0,  -49,  -27,  -13,    0,    0,    0,    0,    0,  -13,    0,    0,    0,    0,    0,    0,    0,    0,    0,    0,    0,    0,
       0,    0,  -10,    0,    0,    0,    0,   -7,    0,    0,    0,    0,    0,    0,    0,  -20,    0,    0,    0,    0,    0,    0,    0,    0,    0,    0,    0,    0,  -20,    0,    0,    0,  -47,    0,  -33,  -30,  -17,  -57,    0,    0,    0,    6,    0,    0,    0,    0,    0,    0,    0,    0,  -11,  -10,  -13,  -10,    0,  -20,    0,    0,   -7,    0,    0,    0,    0,    0,    0,    0,    0,    0,    0,    0,    6,    6,    0,    0,    0,    0,    0,    0,    0,  -11,    6,    0,    0,    0,    0,    0,    0,  -47,  -47,  -47,    0,    0,    0,   27,    0,    0,    0,  -17,    0,    0,    0,  -47,    0,    0,    0,   -6,    0,    0,    0,    0,    0,    0,    0,    0,    0,    0,    0,    0,    0,    0,    0,    0,    0,    0,    0,    0,    0,    0,    0,    0,    0,  -57,  -38,  -14,    0,    0,    0,    0,    0,  -14,    0,    0,    0,    0,    0,    0,    0,    0,    0,    0,    0,    0,
       0,    0,    0,    0,    0,    0,    0,    0,    0,  -16,  -34,  -16,  -34,  -14,    0,    0,    0,    0,  -38,    0,    0,    0,    0,    0,    0,    0,    0,    0,  -20,    0,    0,  -38,    0,    0,    0,    0,    0,    5,    0,    0,   -8,  -10,  -16,  -24,    2,    1,    0,  -13,  -22,    0,    0,   10,    0,    0,  -16,    0,  -24,  -16,    0,    0,    0,    0,    0,  -16,    0,    0,    0,    0,    0,  -13,  -10,  -10,  -16,    2,    2,    2,   61,  -16,    0,    0,  -10,    0,    0,   61,   85,    1,  -16,    0,    0,    0,    0,    0,    2,   27,   81,  -45,  -45,    0,    0,    0,    0,    0,    0,    0,  -22,    0,  -22,  -13,    0,    0,    0,    0,    0,    0,    0,    0,    0,    0,    0,    0,    0,    0,    0,    0,    0,    0,    0,    0,    0,    0,    0,    5,    0,    0,  -54,    0,    0,  -13,  -34,    0,    0,    0,    0,    0,    0,    0,    0,  -19,    0,    0,    0,    0,
       0,    0,    0,    0,    0,    0,    0,    0,    0,    0,    0,    0,    0,    0,    0,    0,    0,    0,    0,    0,    0,    0,    0,    0,    0,    0,    0,    0,    0,    0,    0,    0,  -30,    0,    0,    0,    0,    0,    0,    0,    0,    0,    0,    0,    0,    2,    0,    0,    0,    0,    0,    0,    0,    0,    0,    0,    0,    0,    0,    0,    0,    0,    0,    0,    0,    0,    0,    0,    0,    0,    0,    0,    0,    0,    0,    0,    0,    0,    0,    0,    0,    0,    0,    0,    0,    2,    0,  -30,  -30,  -30,    0,    0,    0,    0,    0,    0,    0,    0,    0,    0,    0,  -30,    0,    0,    0,    0,    0,    0,    0,    0,    0,    0,    0,    0,    0,    0,    0,    0,    0,    0,    0,    0,    0,    0,    0,    0,    0,    0,    0,    0,    0,    0,    0,    0,    0,    0,    0,    0,    0,    0,    0,    0,    0,    0,    0,    0,    0,    0,    0,    0,    0,    0,
       0,    0,    0,    0,    0,    0,    0,    0,    0,    0,    0,    0,    0,    0,    0,    0,    0,    0,    0,    0,    0,    0,    0,    0,    0,    0,    0,    0,    0,    0,    0,    0,    0,    0,    0,    0,    0,    0,    0,    0,    0,    0,    0,    0,    0,    0,    0,    0,    0,    0,    0,    0,    0,    0,    0,    0,    0,    0,    0,    0,    0,    0,    0,    0,    0,    0,    0,    0,    0,    0,    0,    0,    0,    0,    0,    0,   38,    0,    0,    0,    0,    0,    0,   58,   38,    0,    0,    0,    0,    0,    0,    0,    0,   51,   58,    0,    0,    0,    0,    0,    0,    0,    0,    0,    0,    0,    0,    0,    0,    0,    0,    0,    0,    0,    0,    0,    0,    0,    0,    0,    0,    0,    0,    0,    0,    0,    0,    0,    0,    0,    0,    0,    0,    0,    0,    0,    0,    0,    0,    0,    0,    0,    0,    0,    0,    0,    0,    0,    0,    0,    0,    0,
       0,    0,    0,    0,    0,    0,    0,    0,    0,  -30,    0,  -30,    0,    0,    0,    0,    0,    0,  -27,    0,    0,    0,    0,    0,  -51,    0,    0,    0,    0,    0,    0,    0,  -34,    0,    0,    0,    0,    0,    0,    0,    0,    0,  -13,    0,    0,    0,    0,    0,    0,    0,    1,    0,    0,    0,  -30,    0,  -30,  -70,    0,    0,    0,    0,    0,  -30,    0,    0,    0,    0,    0,    0,    0,    0,  -13,    0,    0,    0,    0,  -13,    0,    1,    0,    0,    0,    0,    0,    0,  -13,  -34,  -34,  -34,    0,    0,    0,    0,    0,    0,    0,    0,    0,    0,    0,  -34,    0,    0,    0,    0,    0,    0,    0,    0,    0,    0,    0,    0,    0,    0,    0,    0,    0,    0,    0,    0,    0,    0,    0,    0,    0,    0,    0,    0,    0,    0,    0,    0,    0,    0,    0,    0,    0,    0,    0,    0,    0,    0,    0,    0,    0,    0,    0,    0,    0,    0,
       0,    0,    0,    0,    0,    0,    0,    0,    0,  -23,  -38,  -23,  -38,  -20,    0,    0,    0,    0,    0,    0,    0,    0,    0,    0,  -24,    0,    0,    0,  -24,    9,    0,  -34,  -34,    0,    0,    0,    0,    0,  -20,    0,    0,   -3,  -11,   10,    5,    9,    8,    0,   10,    0,    9,    5,    9,    0,  -23,    0,    0,  -43,    0,    0,    0,    0,    0,  -23,    0,    0,    0,    0,    0,    0,   -3,   -3,  -11,    5,    5,    5,   17,  -11,    0,    9,   -3,    0,    9,   17,   17,    9,  -11,  -34,  -34,  -34,    0,    9,    5,    9,   17,    0,    0,    0,    0,    0,    0,  -34,   -9,   -9,   10,    0,   10,    0,    0,    0,    0,    0,    0,    0,    0,    0,    0,    0,    0,    0,    0,    0,    0,    0,    0,    0,    0,    0,    0,    0,    0,    0,  -24,    9,  -47,    0,    0,    0,  -38,    9,    0,    0,    0,    0,    0,    0,    0,  -25,    0,    0,    0,    0,
       0,    0,   -1,    0,    0,    0,    0,    0,    0,    0,    0,    0,    0,    0,    0,    0,    0,    0,    0,    0,    0,    0,    0,    0,    0,    0,    0,    0,    0,    0,    0,    0,  -44,    0,  -27,  -20,    0,  -44,    0,    0,    0,    0,    0,    0,    0,    0,    0,    0,    0,    0,    0,    0,    0,    0,    0,    0,    0,    0,   -5,    0,    0,    0,    0,    0,    0,    0,    0,    0,    0,    0,    0,    0,    0,    0,    0,    0,    0,    0,    0,    0,    0,    0,    0,    0,    0,    0,    0,  -44,  -44,  -44,    0,    0,    0,    0,    0,    0,    0,    0,    0,    0,    0,  -44,    0,    0,    0,    0,    0,    0,    0,    0,    0,    0,    0,    0,    0,    0,    0,    0,    0,    0,    0,    0,    0,    0,    0,    0,    0,    0,    0,    0,    0,  -44,  -30,    0,   -7,    0,    0,    0,    0,    0,    0,    0,    0,    0,    0,    0,    0,    0,    0,    0,    0,    0,
       0,    0,    0,    0,    0,    0,    0,    0,    0,  -11,    0,  -11,    0,    0,    0,    0,    0,    0,   -7,    0,    0,    0,    0,    0,  -17,    0,    0,    0,    0,    1,    0,    0,  -20,    0,   -5,   -5,    0,   -8,    0,    0,    0,    3,   -6,  -16,    0,    5,    0,   -5,   -2,    0,   12,   10,    0,    0,  -11,    0,    0,  -11,    0,    0,    0,    0,    0,  -11,    0,    0,    0,    0,    0,   -6,    3,    3,   -6,    0,    0,    0,    0,   -6,    0,   12,    3,    0,    1,    0,    0,    5,   -6,  -20,  -20,  -20,    0,    1,    0,   27,    0,    0,    0,    0,    0,    0,    0,  -20,    0,    0,   -2,    0,   -2,   -5,    0,    0,    0,    0,    0,    0,    0,    0,    0,    0,    0,    0,    0,    0,    0,    0,    0,    0,    0,    0,    0,    0,    0,   -8,  -24,    2,    0,    0,    0,   -6,    0,    2,    0,    0,    0,    0,    0,    0,    0,   17,    0,    0,    0,    0,
       0,    0,    0,    0,    0,    0,    0,    0,    0,  -23,    0,  -23,    0,  -20,    0,    0,    0,    0,    0,    0,    0,    0,    0,    0,  -24,    0,    0,    0,    0,    0,    0,    0,  -30,    0,    0,    0,    0,  -34,    0,    0,  -20,    0,    0,    0,    0,    0,    0,    0,    0,    0,    0,    0,    0,    0,  -23,    0,    0,  -43,    0,    0,    0,    0,    0,  -23,    0,    0,    0,    0,    0,    0,    0,    0,    0,    0,    0,    0,    0,    0,    0,    0,    0,    4,    0,    0,    0,    0,    0,  -30,  -75,  -30,    0,    0,    0,    0,    0,    0,    0,    0,    0,    0,    0,  -30,    0,    0,    0,    0,    0,    0,    0,    0,    0,    0,    0,    0,    0,    0,    0,    0,    0,    0,    0,    0,    0,    0,    0,    0,    0,    0,    0,    0,    0,  -34,  -24,    8,    0,    0,    0,    0,    0,    8,    0,    0,    0,    0,    0,    0,    0,  -31,    0,    0,    0,    0,
       0,    0,    0,    0,    0,    0,    0,    0,    0,  -24,  -25,  -24,  -25,  -34,    0,    0,    0,    0,    0,    0,    0,    0,    0,    0,  -20,  -24,    0,    0,  -41,    2,    0,  -38,  -20,    0,    0,    0,    0,  -20,    0,    0,  -47,   -4,  -11,    9,    0,    0,    0,    0,    9,    0,    0,    0,    0,    0,  -24,    0,  -24,  -24,    0,    0,    0,    0,    0,  -24,    0,    0,    0,    0,    0,    0,   -4,   -4,  -11,    0,    0,    0,    5,  -11,    0,    0,   -4,    0,    2,    5,    5,    0,  -11,  -20,  -58,  -20,    0,    2,    0,    0,    5,    0,    0,    0,    0,    0,    0,  -20,  -27,  -27,    9,    0,    9,    0,    0,    0,    0,    0,    0,    0,    0,    0,    0,    0,    0,    0,    0,    0,    0,    0,    0,    0,    0,    0,    0,    0,    0,  -20,    0,    0,  -47,    0,    0,    0,  -69,    0,    0,    0,    0,    0,    0,    0,    0,  -25,    0,    0,    0,    0,
       0,    0,    0,    0,    0,  -20,    0,    0,    0,    0,  -44,    0,  -44,    0,    0,    0,    0,    0,    0,    0,    0,    0,    0,    0,    0,    0,    0,    0,  -41,    0,    0,  -34,  -30,    0,    0,    0,    0,    0,  -20,    0,    0,   -1,  -10,    0,    0,    0,    0,    0,    0,    0,    0,    0,    0,    0,    0,    0,  -20,    0,    0,    0,    0,    0,    0,    0,    0,    0,    0,    0,    0,    0,   -1,   -1,  -10,    0,    0,    0,    0,  -10,    0,    0,   -1,    0,    0,    0,    0,    0,  -10,  -30,  -30,  -30,    0,    0,    0,    0,    0,    0,    0,    0,    0,    0,    0,  -30,    0,    0,    0,    0,    0,    0,    0,    0,    0,    0,    0,    0,    0,    0,    0,    0,    0,    0,    0,    0,    0,    0,    0,    0,    0,    0,    0,    0,    0,    0,    0,    0,  -47,    0,    0,    0,  -44,    0,    0,    0,    0,    0,    0,    0,    0,    0,    0,    0,    0,    0,
       0,    0,    0,    0,    0,    0,    0,    0,    0,  -13,    0,  -13,    0,    0,    0,    0,    0,    0,    0,    0,    0,    0,    0,    0,    0,  -20,    0,    0,    0,    0,    0,    0,  -31,    0,    0,    0,    0,    0,    0,    0,    0,    0,  -13,   11,    0,    0,    0,    0,   11,    0,    0,    0,    0,    0,  -13,    0,  -20,  -13,    0,    0,    0,    0,    0,  -13,    0,    0,    0,    0,    0,    0,    0,    0,  -13,    0,    0,    0,    0,  -13,    0,    0,    0,    0,    0,    0,    0,    0,  -13,  -31,  -31,  -31,    0,    0,    0,    0,    0,    0,    0,    0,    0,    0,    0,  -31,    0,    0,   11,    0,   11,    0,    0,    0,    0,    0,    0,    0,    0,    0,    0,    0,    0,    0,    0,    0,    0,    0,    0,    0,    0,    0,    0,    0,    0,    0,    0,    0,    0,    0,    0,    0,    0,    0,    0,    0,    0,    0,    0,    0,    0,    0,    0,    0,    0,    0,
       0,    0,    0,    0,    0,    0,    0,    0,    0,    0,    0,    0,    0,    0,    0,    0,    0,    0,    0,    0,    0,    0,    0,    0,    0,    0,    0,    0,    0,    0,    0,    0,  -20,    0,    0,    0,    0,    0,    0,    0,    0,    0,  -10,    0,    0,    0,    0,    0,    0,    0,    0,    0,    0,    0,    0,    0,    0,    0,    0,    0,    0,    0,    0,    0,    0,    0,    0,    0,    0,    0,    0,    0,  -10,    0,    0,    0,    0,  -10,    0,    0,    0,    0,    0,    0,    0,    0,  -10,  -20,  -20,  -20,    0,    0,    0,    0,    0,    0,    0,    0,    0,    0,    0,  -20,    0,    0,    0,    0,    0,    0,    0,    0,    0,    0,    0,    0,    0,    0,    0,    0,    0,    0,    0,    0,    0,    0,    0,    0,    0,    0,    0,    0,    0,    0,    0,    0,    0,    0,    0,    0,    0,    0,    0,    0,    0,    0,    0,    0,    0,    0,    0,    0,    0,    0,
       0,    0,    0,    0,    0,    0,    0,    0,    0,    0,    0,    0,    0,    0,    0,    0,    0,    0,    0,    0,    0,    0,    0,    0,    0,    0,    0,    0,    0,    0,    0,    0,  -41,    0,  -20,    0,    0,  -41,    0,    0,    0,    0,    0,    0,    0,    0,    0,    0,    0,    0,    0,    0,    0,    0,    0,    0,    0,    0,    0,    0,    0,    0,    0,    0,    0,    0,    0,    0,    0,    0,    0,    0,    0,    0,    0,    0,    0,    0,    0,    0,    0,    0,    0,    0,    0,    0,    0,  -41,  -41,  -41,    0,    0,    0,    0,    0,    0,    0,    0,    0,    0,    0,  -41,    0,    0,    0,    0,    0,    0,    0,    0,    0,    0,    0,    0,    0,    0,    0,    0,    0,    0,    0,    0,    0,    0,    0,    0,    0,    0,    0,    0,    0,  -41,  -20,    0,    0,    0,    0,    0,    0,    0,    0,    0,    0,    0,    0,    0,    0,    0,    0,    0,    0,    0,
       0,    0,    0,    0,    0,    0,    0,    0,    0,    0,    0,    0,    0,    0,    0,    0,    0,    0,    0,    0,    0,    0,    0,    0,    0,    0,    0,    0,    0,    0,    0,    0,    0,    0,    0,    0,    0,    0,    0,    0,    0,    0,    0,    0,   20,    0,    0,    0,    0,    0,    0,    0,    0,    0,    0,    0,    0,    0,    0,    0,    0,    0,    0,    0,    0,    0,    0,    0,    0,    0,    0,    0,    0,   20,   20,   20,    0,    0,    0,    0,    0,    0,    0,    0,    0,    0,    0,    0,    0,    0,    0,    0,   20,   27,    0,    0,    0,    0,    0,    0,    0,    0,    0,    0,    0,    0,    0,    0,    0,    0,    0,    0,    0,    0,    0,    0,    0,    0,    0,    0,    0,    0,    0,    0,    0,    0,    0,    0,    0,    0,    0,    0,    0,    0,    0,    0,    0,    0,    0,    0,    0,    0,    0,    0,    0,    0,    0,    0,    0,    0,    0,    0,
       0,    0,    0,    0,    0,  -24,    0,    0,    0,    0,    0,    0,    0,    0,    0,    0,    0,    0,    0,    0,    0,    0,    0,    0,    0,    0,    0,    0,  -44,    0,    0,  -44,    0,    0,    0,    0,    0,    0,    0,    0,    0,    0,  -20,    0,    0,    0,    0,    0,    0,    0,    0,    0,    0,    0,    0,    0,    0,    0,    0,    0,    0,    0,    0,    0,    0,    0,    0,    0,    0,    0,    0,    0,  -20,    0,    0,    0,    0,  -20,    0,    0,    0,    0,    0,    0,    0,    0,  -20,    0,    0,    0,    0,    0,    0,    0,    0,    0,    0,    0,    0,    0,    0,    0,    0,    0,    0,    0,    0,    0,    0,    0,    0,    0,    0,    0,    0,    0,    0,    0,    0,    0,    0,    0,    0,    0,    0,    0,    0,    0,    0,    0,    0,    0,    0,    0,    0,    0,    0,    0,    0,    0,    0,    0,    0,    0,    0,    0,    0,    0,    0,    0,    0,    0,
       0,    0,    0,    0,    0,    0,    0,    0,    0,    0,    0,    0,    0,    0,    0,    0,    0,    0,    0,    0,    0,    0,    0,    0,    0,    0,    0,    0,  -20,    0,    0,    0,  -30,    0,    0,    0,    0,  -38,    0,    0,    0,    0,    0,    0,    0,    0,    0,    0,    0,    0,    0,    0,    0,    0,    0,    0,    0,    0,    0,    0,    0,    0,    0,    0,    0,    0,    0,    0,    0,    0,    0,    0,    0,    0,    0,    0,    0,    0,    0,    0,    0,    0,    0,    0,    0,    0,    0,  -30,  -30,  -30,    0,    0,    0,    0,    0,    0,    0,    0,    0,    0,    0,  -71,    0,    0,    0,    0,    0,    0,    0,    0,    0,    0,    0,    0,    0,    0,    0,    0,    0,    0,    0,    0,    0,    0,    0,    0,    0,    0,    0,    0,    0,  -38,    0,    0,    0,    0,    0,    0,    0,    0,    0,    0,    0,    0,    0,    0,    0,    0,    0,    0,    0,    0,
       0,    0,    0,    0,    0,    0,    0,    0,    0,    0,    0,    0,    0,    0,    0,    0,    0,    0,    0,    0,    0,    0,    0,    0,    0,    0,    0,    0,    0,    0,    0,    0,  -30,    0,    0,    0,    0,    0,    0,    0,    0,    0,    0,    0,    0,    0,    0,    0,    0,    0,    0,    0,    0,    0,    0,    0,    0,    0,    0,    0,    0,    0,    0,    0,    0,    0,    0,    0,    0,    0,    0,    0,    0,    0,    0,    0,    0,    0,    0,    0,    0,    0,    0,    0,    0,    0,    0,  -30,  -30,  -30,    0,    0,    0,    0,    0,    0,    0,    0,    0,    0,    0,  -30,    0,    0,    0,    0,    0,    0,    0,    0,    0,    0,    0,    0,    0,    0,    0,    0,    0,    0,    0,    0,    0,    0,    0,    0,    0,    0,    0,    0,    0,    0,    0,    0,    0,    0,    0,    0,    0,    0,    0,    0,    0,    0,    0,    0,    0,    0,    0,    0,    0,    0,
       0,    0,    0,    0,    0,  -20,    0,    0,    0,    0,    0,    0,    0,    0,    0,    0,    0,    0,  -30,    0,    0,    0,    0,    0,    0,    0,    0,   -3,  -42,    0,   -3,  -42,    0,    0,    0,    0,   -4,   -5,    0,    0,    0,   -7,  -17,    0,    0,    0,    0,   -7,    0,    0,    0,    0,    0,    0,    0,    0,    0,    0,    0,    0,    0,    0,    0,    0,    0,    0,    0,    0,    0,    0,   -7,   -7,  -17,    0,    0,    0,    0,  -17,    0,    0,   -7,    0,    0,    0,    0,    0,  -17,    0,    0,    0,    0,    0,    0,    0,    0,    0,    0,   -4,    0,   -3,    0,    0,    0,    0,    0,    0,    0,   -7,    0,    0,    0,    0,    0,    0,    0,    0,    0,    0,    0,    0,    0,    0,    0,    0,    0,    0,    0,    0,    0,    0,    0,   -5,    0,    0,    0,    0,    0,    0,    0,    0,    0,    0,    0,    0,    0,    0,    0,    0,    0,    0,    0,    0,
       0,    0,    0,    0,    0,    0,    0,    0,    0,    0,    0,    0,    0,    0,    0,    0,    0,    0,    0,    0,    0,    0,    0,    0,    0,    0,    0,    0,    0,    0,    0,    0,    0,    0,    0,    0,    0,    0,    0,    0,    0,    0,    0,    0,    0,    0,    0,    0,    0,    0,    0,    0,    0,    0,    0,    0,    0,    0,    0,    0,    0,    0,    0,    0,    0,    0,    0,    0,    0,    0,    0,    0,    0,    0,    0,    0,    0,    0,    0,    0,    0,    0,    0,    0,    0,    0,    0,    0,    0,    0,    0,    0,    0,    0,    0,    0,    0,    0,    0,    0,    0,    0,    0,    0,    0,    0,    0,    0,    0,    0,    0,    0,    0,    0,    0,    0,    0,    0,    0,    0,    0,    0,    0,    0,    0,    0,    0,    0,    0,    0,    0,    0,    0,    0,    0,    0,    0,    0,    0,    0,    0,   -6,    0,    0,    0,    0,    0,    0,    0,    0,    0,    0,
       0,    0,    0,    0,    0,    0,    0,    0,    0,    0,    0,    0,    0,    0,    0,    0,    0,    0,    0,    0,    0,    0,    0,    0,    0,    0,    0,    0,    0,    0,    0,    0,    0,    0,    0,    0,    0,    0,    0,    0,    0,    0,    0,    0,    0,    0,    0,    0,    0,    0,    0,    0,    0,    0,    0,    0,    0,    0,    0,    0,    0,    0,    0,    0,    0,    0,    0,    0,    0,    0,    0,    0,    0,    0,    0,    0,    0,    0,    0,    0,    0,    0,    0,    0,    0,    0,    0,    0,    0,    0,    0,    0,    0,    0,    0,    0,    0,    0,    0,    0,    0,    0,    0,    0,    0,    0,    0,    0,    0,    0,    0,    0,    0,    0,    0,    0,    0,    0,    0,    0,    0,    0,    0,    0,    0,    0,    0,    0,    0,    0,    0,    0,    0,    0,    0,    0,    0,    0,    0,    0,    0,    0,   -1,    0,    0,    0,    0,    0,    0,    0,    0,    0,
       0,    0,    0,    0,    0,    0,    0,    0,    0,  -23,    0,  -23,    0,  -20,    0,    0,    0,    0,    0,    0,    0,    0,    0,    0,  -24,    0,    0,    0,    0,    0,    0,    0,  -30,    0,    0,    0,    0,  -34,    0,    0,  -20,    0,    0,    0,    0,    0,    0,    0,    0,    0,    0,    0,    0,    0,  -23,    0,    0,  -43,    0,    0,    0,    0,    0,  -23,    0,    0,    0,    0,    0,    0,    0,    0,    0,    0,    0,    0,    0,    0,    0,    0,    0,    4,    0,    0,    0,    0,    0,  -30,  -75,  -30,    0,    0,    0,    0,    0,    0,    0,    0,    0,    0,    0,  -30,    0,    0,    0,    0,    0,    0,    0,    0,    0,    0,    0,    0,    0,    0,    0,    0,    0,    0,    0,    0,    0,    0,    0,    0,    0,    0,    0,    0,    0,  -34,  -54,    8,    0,    0,    0,    0,    0,    8,    0,    0,    0,    0,    0,    0,    0,  -31,    0,    0,    0,    0,
       0,    0,    0,    0,    0,    0,    0,    0,    0,    0,    0,    0,    0,    0,    0,    0,  -18,   -6,    0,    0,  -15,    0,    0,    0,    0,    0,    0,    0,  -20,    0,    0,  -27,  -92,    0,  -53,  -25,  -49,  -75,    0,    0,    0,    0,    0,    0,    0,    0,    0,    0,    0,    0,    0,    0,  -13,    0,    0,    0,    0,    0,    0,    0,    0,    0,   -8,    0,    0,    0,    0,    0,    0,    0,    0,    0,    0,    0,    0,    0,    0,    0,    0,    0,    0,    0,    0,    0,    0,    0,    0,  -92,  -92,  -92,    0,    0,    0,    0,    0,    0,    0,  -49,  -30,    0,    0,  -92,    0,    0,    0,    0,    0,    0,    0,    0,    0,    0,    0,    0,    0,    0,    0,    0,    0,    0,    0,    0,    0,    0,    0,    0,    0,    0,    0,    0,    0,  -75,  -31,    0,    0,    0,    0,    0,    0,    0,    0,    0,    0,    0,    0,    0,    0,    0,    0,    0,    0,    0,
       0,    0,    0,    0,    0,    0,    0,    0,    0,    0,    0,    0,    0,    0,    0,    0,    0,    0,    0,    0,    0,    0,    0,    0,    0,    0,    0,    0,    0,    0,    0,    0,    0,    0,    0,    0,    0,    0,    0,    0,    0,    0,    0,    0,    0,    0,    0,    0,    0,    0,    0,    0,    0,    0,    0,    0,    0,    0,    0,    0,    0,    0,    0,    0,    0,    0,    0,    0,    0,    0,    0,    0,    0,    0,    0,    0,    0,    0,    0,    0,    0,    0,    0,    0,    0,    0,    0,    0,    0,    0,    0,    0,    0,    0,    0,    0,    0,    0,    0,    0,    0,    0,    0,    0,    0,    0,    0,    0,    0,    0,    0,    0,    0,    0,    0,    0,    0,    0,    0,    0,    0,    0,    0,    0,    0,    0,    0,    0,    0,    0,    0,    0,    0,    0,    0,    0,    0,    0,    0,    0,    0,    0,    0,    0,    2,    0,    0,    0,    0,    0,    0,    0,
       0,    0,    0,    0,    0,    0,    0,    0,    0,    0,    0,    0,    0,    0,    0,  -24,  -30,  -27,    0,    0,  -30,  -20,    0,    0,    0,    0,    0,    0,  -20,    0,    0,    0,  -78,    0,  -38,  -34,  -24,  -54,  -20,    0,    0,    0,    0,    0,    0,    0,    0,    0,    0,    0,  -20,  -20,  -20,    0,    0,    0,    0,    0,    0,    0,    0,    0,    0,    0,    0,    0,    0,    0,    0,    0,    0,    0,    0,    0,    0,    0,    0,    0,    0,  -20,    0,    0,    0,    0,    0,    0,    0,  -78,  -78,  -78,    0,    0,    0,    0,    0,  -20,  -20,  -54,  -27,    0,    0, -119,    0,    0,    0,    0,    0,    0,    0,    0,    0,    0,    0,    0,    0,    0,    0,    0,    0,    0,    0,    0,    0,    0,    0,    0,    0,    0,    0,    0,    0,  -54,  -51,    0,    0,    0,    0,    0,    0,    0,    0,    0,    0,    0,    0,    0,    0,    0,    0,    0,    0,    0,
       0,    0,    0,    0,    0,    0,    0,    0,    0,    0,    0,    0,    0,    0,    0,    0,    0,    0,    0,    0,    0,    0,    0,    0,    0,    0,    0,    0,    0,    0,    0,    0,  -41,    0,  -54,  -49,    0,    0,    0,    0,    0,    0,    0,    0,    0,    0,    0,    0,    0,    0,    0,    0,    0,    0,    0,    0,    0,    0,    0,    0,    0,    0,    0,    0,    0,    0,    0,    0,    0,    0,    0,    0,    0,    0,    0,    0,    0,    0,    0,    0,    0,    0,    0,    0,    0,    0,    0,  -41,  -41,  -41,    0,    0,    0,    0,    0,    0,    0,    0,    0,    0,    0,  -41,    0,    0,    0,    0,    0,    0,    0,    0,    0,    0,    0,    0,    0,    0,    0,    0,    0,    0,    0,    0,    0,    0,    0,    0,    0,    0,    0,    0,    0,    0,  -38,  -20,    0,    0,    0,    0,    0,  -20,    0,    0,    0,    0,    0,    0,    0,    0,    0,    0,    0,    0,
       0,    0,    0,    0,    0,    0,    0,    0,    0,    0,    0,    0,    0,    0,    0,    0,    0,    0,    0,    0,    0,    0,    0,    0,    0,    0,    0,    0,    0,    0,    0,    0,    0,    0,    0,    0,    0,    0,    0,    0,    0,    0,    0,    0,    0,    0,    0,    0,    0,    0,    0,    0,    0,    0,    0,    0,    0,    0,    0,    0,    0,    0,    0,    0,    0,    0,    0,    0,    0,    0,    0,    0,    0,    0,    0,    0,   16,    0,    0,    0,    0,    0,    0,   16,   16,    0,    0,    0,    0,    0,    0,    0,    0,   24,   16,    0,    0,    0,    0,    0,    0,    0,    0,    0,    0,    0,    0,    0,    0,    0,    0,    0,    0,    0,    0,    0,    0,    0,    0,    0,    0,    0,    0,    0,    0,    0,    0,    0,    0,    0,    0,    0,    0,    0,    0,    0,    0,    0,    0,    0,    0,    0,    0,    0,    0,    0,    0,    0,    0,    0,    0,    0,
       0,    0,    0,    0,    0,    0,    0,    0,    0,    0,    0,    0,    0,    0,    0,    0,    0,    0,    0,    0,    0,    0,    0,    0,    0,    0,    0,    0,  -20,    0,    0,    0,  -54,    0,  -24,    0,  -27,  -27,    0,    0,    0,    0,    0,    0,    0,    0,    0,    0,    0,    0,    0,    0,    0,    0,    0,    0,    0,    0,    0,    0,    0,    0,    0,    0,    0,    0,    0,    0,    0,    0,    0,    0,    0,    0,    0,    0,    0,    0,    0,    0,    0,    0,    0,    0,    0,    0,    0,  -54,  -54,  -54,    0,    0,    0,    0,    0,    0,    0,  -27,    0,    0,    0,  -54,    0,    0,    0,    0,    0,    0,    0,    0,    0,    0,    0,    0,    0,    0,    0,    0,    0,    0,    0,    0,    0,    0,    0,    0,    0,    0,    0,    0,    0,  -27,    0,    0,    0,    0,    0,    0,    0,    0,    0,    0,    0,    0,    0,    0,    0,    0,    0,    0,  -20,    0,
       0,    0,    0,    0,    0,    0,    0,    0,    0,    0,  -61,    0,  -61,    0,    0,    0,    0,    0,    0,    0,    0,    0,    0,    0,    0,    0,    0,    0,  -24,    0,    0,  -24,  -34,    0,  -30,    0,    0,    0,  -24,    0,    0,    0,    0,    0,    0,    0,    0,    0,    0,    0,    0,    0,    0,    0,    0,    0,    0,    0,    0,    0,    0,    0,    0,    0,    0,    0,    0,    0,    0,    0,    0,    0,    0,    0,    0,    0,    0,    0,    0,    0,    0,    0,    0,    0,    0,    0,    0,  -34,  -34,  -34,    0,    0,    0,    0,    0,    0,    0,    0,    0,    0,    0,  -34,    0,    0,    0,    0,    0,    0,    0,    0,    0,    0,    0,    0,    0,    0,    0,    0,    0,    0,    0,    0,    0,    0,    0,    0,    0,    0,    0,    0,    0,    0,  -34,    0,  -75,    0,    0,    0,  -61,    0,    0,    0,    0,    0,    0,    0,    0,    0,    0,    0,    0,    0,
       0,    0,    0,    0,    0,    0,    0,    0,    0,    0,    0,    0,    0,    0,    0,    0,    0,    0,    0,    0,    0,    0,    0,    0,    0,    0,    0,    0,    0,    0,    0,    0,  -34,    0,    0,    0,    0,    0,    0,    0,    0,    0,    0,    0,    0,    0,    0,    0,    0,    0,    0,    0,    0,    0,    0,    0,    0,    0,    0,    0,    0,    0,    0,    0,    0,    0,    0,    0,    0,    0,    0,    0,    0,    0,    0,    0,   20,    0,    0,    0,    0,    0,    0,   20,   20,    0,    0,  -34,  -34,  -34,    0,    0,    0,    0,   20,    0,    0,    0,    0,    0,    0,  -34,    0,    0,    0,    0,    0,    0,    0,    0,    0,    0,    0,    0,    0,    0,    0,    0,    0,    0,    0,    0,    0,    0,    0,    0,    0,    0,    0,    0,    0,    0,  -78,    0,    0,    0,    0,    0,    0,    0,    0,    0,    0,    0,    0,    0,    0,    0,    0,    0,    0,    0,
       0,    0,    0,    0,    0,    0,    0,    0,    0,    0,    0,    0,    0,    0,    0,    0,    0,    0,    0,    0,    0,    0,    0,    0,    0,    0,    0,    0,    0,    0,    0,    0,  -47,    0,    0,    0,    0,    0,    0,    0,    0,    0,    0,    0,    0,    0,    0,    0,    0,    0,    0,    0,    0,    0,    0,    0,    0,    0,    0,    0,    0,    0,    0,    0,    0,    0,    0,    0,    0,    0,    0,    0,    0,    0,    0,    0,    0,    0,    0,    0,    0,    0,    0,    0,    0,    0,    0,  -47,  -47,  -47,    0,    0,    0,    0,    0,    0,    0,    0,    0,    0,    0,  -47,    0,    0,    0,    0,    0,    0,    0,    0,    0,    0,    0,    0,    0,    0,    0,    0,    0,    0,    0,    0,    0,    0,    0,    0,    0,    0,    0,    0,    0,    0,    0,    0,    0,    0,    0,    0,    0,    0,    0,    0,    0,    0,    0,    0,    0,    0,    0,    0,    0,    0,
       0,    0,    0,    0,    0,    0,    0,    0,    0,    0,    0,    0,    0,    0,    0,    0,    0,    0,    0,    0,    0,    0,    0,    0,    0,    0,    0,    0,    0,    0,    0,    0,    0,    0,    0,    0,    0,    0,    0,    0,    0,    0,    0,    0,    0,    0,    0,    0,    0,    0,    0,    0,    0,    0,    0,    0,    0,    0,    0,    0,    0,    0,    0,    0,    0,    0,    0,    0,    0,    0,    0,    0,    0,    0,    0,    0,   58,    0,    0,    0,    0,    0,    0,   61,   58,    0,    0,    0,    0,    0,    0,    0,    0,   44,   58,    0,    0,    0,    0,    0,    0,    0,    0,    0,    0,    0,    0,    0,    0,    0,    0,    0,    0,    0,    0,    0,    0,    0,    0,    0,    0,    0,    0,    0,    0,    0,    0,    0,    0,    0,    0,    0,    0,    0,    0,    0,    0,    0,    0,    0,    0,    0,    0,    0,    0,    0,    0,    0,    0,    0,    0,    0,
       0,    0,    0,    0,    0,    0,    0,    0,    0,    0,    0,    0,    0,    0,    0,   27,    0,    0,    0,    0,   54,    0,    0,    0,    0,    0,    0,    0,    0,   36,    0,    0,   54,    0,   51,    0,    0,    0,   54,    0,    0,    0,    0,   24,   38,   38,   17,    0,   30,    0,    0,    0,    0,    0,    0,    0,    0,    0,    0,    0,    0,    0,    0,    0,    0,    0,    0,   16,    0,    0,    0,    0,    0,   58,   38,   58,   98,    0,    0,    0,    0,    0,   36,   98,   98,   58,    0,   54,   54,   54,    0,   81,   58,   30,   98,    0,    0,    0,    0,    0,    0,   54,    0,    0,   30,    0,   30,    0,    0,    0,    0,    0,    0,    0,    0,    0,    0,    0,    0,    0,    0,    0,    0,    0,    0,    0,    0,    0,    0,    0,    0,    0,    0,    0,    0,    0,    0,    0,    0,    0,    0,    0,    0,    0,    0,    0,    0,    0,    0,    0,    0,    0,
       0,    0,   -4,    0,    0,    0,    0,    0,    0,    0,    0,    0,    0,    0,    0,  -24,    0,    0,    0,    0,    0,    0,    0,    0,    0,    0,    0,    0,    0,    0,    0,    0,  -72,    0,  -30,  -30,    0,  -49,    0,    0,    0,    0,    0,    0,    0,    0,    0,    0,    0,    0,   -9,    0,    0,    0,    0,    0,    0,    0,   -5,    0,    0,    0,    0,    0,    0,    0,    0,    0,    0,    0,    0,    0,    0,    0,    0,    0,    0,    0,    0,   -9,    0,    0,    0,    0,    0,    0,    0,  -72,  -72,  -72,    0,    0,    0,    0,    0,    0,    0,    0,    0,    0,    0,  -72,    0,    0,    0,    0,    0,    0,    0,    0,    0,    0,    0,    0,    0,    0,    0,    0,    0,    0,    0,    0,    0,    0,    0,    0,    0,    0,    0,    0,    0,  -49,  -27,  -13,    0,    0,    0,    0,    0,  -13,    0,    0,    0,    0,    0,    0,    0,    0,    0,    0,    0,    0,
       0,    0,  -10,    0,    0,    0,    0,   -7,    0,    0,    0,    0,    0,    0,    0,  -20,    0,    0,    0,    0,    0,    0,    0,    0,    0,    0,    0,    0,  -20,    0,    0,    0,  -77,    0,  -33,  -30,  -17,  -57,    0,    0,    0,    6,    0,    0,    0,    0,    0,    0,    0,    0,  -11,  -10,  -13,  -10,    0,  -20,    0,    0,   -7,    0,    0,    0,    0,    0,    0,    0,    0,    0,    0,    0,    6,    6,    0,    0,    0,    0,    0,    0,    0,  -11,    6,    0,    0,    0,    0,    0,    0,  -77,  -77,  -77,    0,    0,    0,   27,    0,    0,    0,  -17,    0,    0,    0,  -77,    0,    0,    0,   -6,    0,    0,    0,    0,    0,    0,    0,    0,    0,    0,    0,    0,    0,    0,    0,    0,    0,    0,    0,    0,    0,    0,    0,    0,    0,  -57,  -38,  -14,    0,    0,    0,    0,    0,  -14,    0,    0,    0,    0,    0,    0,    0,    0,    0,    0,    0,    0,
       0,    0,   -4,    0,    0,    0,    0,    0,    0,    0,    0,    0,    0,    0,    0,  -24,    0,    0,    0,    0,    0,    0,    0,    0,    0,    0,    0,    0,    0,    0,    0,    0,  -86,    0,  -30,  -30,    0,  -49,    0,    0,    0,    0,    0,    0,    0,    0,    0,    0,    0,    0,   -9,    0,    0,    0,    0,    0,    0,    0,   -5,    0,    0,    0,    0,    0,    0,    0,    0,    0,    0,    0,    0,    0,    0,    0,    0,    0,    0,    0,    0,   -9,    0,    0,    0,    0,    0,    0,    0,  -86,  -86,  -86,    0,    0,    0,    0,    0,    0,    0,    0,    0,    0,    0,  -86,    0,    0,    0,    0,    0,    0,    0,    0,    0,    0,    0,    0,    0,    0,    0,    0,    0,    0,    0,    0,    0,    0,    0,    0,    0,    0,    0,    0,    0,  -49,  -27,  -13,    0,    0,    0,    0,    0,  -13,    0,    0,    0,    0,    0,    0,    0,    0,    0,    0,    0,    0,
       0,    0,   20,    0,    0,    0,    1,   62,   34,    0,    0,    0,    0,    0,    0,   27,    0,    0,    0,    0,   27,    0,    0,    0,    0,    0,    0,    0,    0,   20,    0,    0,   24,    0,    0,    0,    0,    0,    0,   34,    0,    0,    0,    0,   24,   20,   20,    0,    0,    0,    0,    0,    0,    0,    0,   24,    0,    0,   10,   34,    0,    0,    0,    0,    0,    0,    0,    0,    0,    0,    0,    0,    0,   24,   24,   44,   20,    0,    0,    0,    0,    0,   20,   20,   20,   20,    0,   24,   24,   24,    0,   20,   44,   27,   20,    0,    0,    0,    0,    0,    0,   24,    0,    0,    0,    0,    0,    0,    0,    0,    0,    0,    0,    0,    0,    0,    0,    0,    0,    0,    0,    0,    0,    0,    0,    0,    0,    0,    0,    0,    0,    0,   20,    0,    0,    0,    0,    0,    0,    0,    0,    0,    0,    0,    0,    0,    0,  -19,    0,    0,    0,    0,
       0,    0,    0,    0,    0,    0,    0,    0,    0,    0,    0,    0,    0,    0,    0,    0,    0,    0,    0,    0,    0,    0,    0,    0,    0,    0,    0,    0,    0,   20,    0,    0,   20,    0,    0,    0,    0,    0,    0,    0,    0,    0,    0,    0,   20,   24,    0,    0,    0,    0,    0,    0,    0,    0,    0,    0,    0,    0,    0,    0,    0,    0,    0,    0,    0,    0,    0,    0,    0,    0,    0,    0,    0,   20,   20,   24,   24,    0,    0,    0,    0,    0,   24,   24,   24,   24,    0,   20,   20,   20,    0,   20,   20,   24,   24,    0,    0,    0,    0,    0,    0,   20,    0,    0,    0,    0,    0,    0,    0,    0,    0,    0,    0,    0,    0,    0,    0,    0,    0,    0,    0,    0,    0,    0,    0,    0,    0,    0,    0,    0,    0,    0,    0,    0,    0,    0,    0,    0,    0,    0,    0,    0,    0,    0,    0,    0,    0,    0,    0,    0,    0,    0,
       0,    0,    0,    0,    0,    0,    0,    0,    0,    0,    0,    0,    0,    0,    0,   27,    0,    0,    0,    0,   54,    0,    0,    0,    0,    0,    0,    0,    0,   36,    0,    0,   54,    0,   51,    0,    0,    0,   54,    0,    0,    0,    0,   24,   61,   58,   17,    0,   30,    0,    0,    0,    0,    0,    0,    0,    0,    0,    0,    0,    0,    0,    0,    0,    0,    0,    0,   16,    0,    0,    0,    0,    0,   61,   61,   61,   98,    0,    0,    0,    0,    0,   36,   98,   98,   58,    0,   54,   54,   54,    0,   81,   61,   64,   98,    0,    0,    0,    0,    0,    0,   54,    0,    0,   30,    0,   30,    0,    0,    0,    0,    0,    0,    0,    0,    0,    0,    0,    0,    0,    0,    0,    0,    0,    0,    0,    0,    0,    0,    0,    0,    0,    0,    0,    0,    0,    0,    0,    0,    0,    0,    0,    0,    0,    0,    0,    0,    0,    0,    0,    0,    0,
       0,    0,    0,    0,    0,    0,    0,    0,    0,    0,    0,    0,    0,    0,    0,   27,    0,    0,    0,    0,   54,    0,    0,    0,    0,    0,    0,    0,    0,   36,    0,    0,   54,    0,   51,    0,    0,    0,   54,    0,    0,    0,    0,   24,   61,   61,   17,    0,   30,    0,    0,    0,    0,    0,    0,    0,    0,    0,    0,    0,    0,    0,    0,    0,    0,    0,    0,   16,    0,    0,    0,    0,    0,   61,   61,   61,   98,    0,    0,    0,    0,    0,   36,   98,   98,   61,    0,   54,   54,   54,    0,   81,   61,   30,   98,    0,    0,    0,    0,    0,    0,   54,    0,    0,   30,    0,   30,    0,    0,    0,    0,    0,    0,    0,    0,    0,    0,    0,    0,    0,    0,    0,    0,    0,    0,    0,    0,    0,    0,    0,    0,    0,    0,    0,    0,    0,    0,    0,    0,    0,    0,    0,    0,    0,    0,    0,    0,    0,    0,    0,    0,    0,
       0,    0,    0,    0,    0,    0,    0,    0,    0,    0,    0,    0,    0,    0,    0,   27,    0,    0,    0,    0,   54,    0,    0,    0,    0,    0,    0,    0,    0,   36,    0,    0,   54,    0,   51,    0,    0,    0,   54,    0,    0,    0,    0,   24,   61,   38,   17,    0,   30,    0,    0,    0,    0,    0,    0,    0,    0,    0,    0,    0,    0,    0,    0,    0,    0,    0,    0,   16,    0,    0,    0,    0,    0,   61,   61,   61,   98,    0,    0,    0,    0,    0,   36,   98,   98,   58,    0,   54,   54,   54,    0,   81,   61,   30,   98,    0,    0,    0,    0,    0,    0,   54,    0,    0,   30,    0,   30,    0,    0,    0,    0,    0,    0,    0,    0,    0,    0,    0,    0,    0,    0,    0,    0,    0,    0,    0,    0,    0,    0,    0,    0,    0,    0,    0,    0,    0,    0,    0,    0,    0,    0,    0,    0,    0,    0,    0,    0,    0,    0,    0,    0,    0,
       0,    0,    0,    0,    0,    0,    0,    0,    0,    0,    0,    0,    0,    0,    0,    0,    0,    0,    0,    0,    0,    0,    0,    0,    0,    0,    0,    0,    0,    0,    0,    0,    0,    0,    0,    0,    0,    0,    0,    0,    0,    0,    0,    0,    0,    0,    0,    0,    0,    0,    0,    0,    0,    0,    0,    0,    0,    0,    0,    0,    0,    0,    0,    0,    0,    0,    0,    0,    0,    0,    0,    0,    0,    0,    0,    0,   58,    0,    0,    0,    0,    0,    0,   61,   58,    0,    0,    0,    0,    0,    0,    0,    0,   44,   61,    0,    0,    0,    0,    0,    0,    0,    0,    0,    0,    0,    0,    0,    0,    0,    0,    0,    0,    0,    0,    0,    0,    0,    0,    0,    0,    0,    0,    0,    0,    0,    0,    0,    0,    0,    0,    0,    0,    0,    0,    0,    0,    0,    0,    0,    0,    0,    0,    0,    0,    0,    0,    0,    0,    0,    0,    0,
       0,    0,  -54,    0,    0,    0,    0,    0, -105,  -77,    0,  -77,    0,    0,    0,  -27,    0,    0,    0,    0,    0,    0,    0,    0,    0,    0,    0,  -17,    0,    0,  -17,    0,  -57,    0,  -42,   -7,    0,  -31,    0, -105,    0,    0,    0,    0,    0,    0,    0,    0,  -13,    0,  -41,    0,    0,    0,  -74,  -58,  -38,  -77,  -48, -105,    0,    0,  -51,  -77,    0,    0,    0,    0,    0,  -20,    0,    0,    0,    0,    0,    0,    0,    0,    0,  -41,    0,    0,    0,    0,    0,    0,    0,  -57,  -57,  -57,    0,    0,    0,    0,    0,    0,    0,    0,    0,  -17,    0,  -57,    0,    0,  -13,  -81,  -13,    0,    0,    0,    0,    0,    0,    0,    0,    0,    0,    0,    0,    0,    0,    0,    0,    0,    0,    0,    0,    0,    0,    0,    0,  -51,  -51,  -34,    0,  -27,  -27,  -20,    0,  -75,    0,    0,    0,    0,    0,    0,    0,    0,    0,    0,    0,    0,
       0,    0,    0,    0,    0,    0,    0,    4,    0,    0,    0,    0,    0,    0,    0,    0,    0,    0,    0,    0,    0,    0,    0,    0,    0,    0,    0,    0,    0,    0,    0,    0,    0,    0,    0,    0,    0,    0,    0,    0,    4,    0,    0,    0,    0,    0,    0,    0,    9,    0,    4,    0,    0,    0,    0,    0,    0,    0,    0,    0,    0,    0,    0,    0,    0,    0,    0,    0,   20,    0,    0,    0,    0,    0,    0,    0,   36,    0,    0,    4,    0,   21,    0,   36,   36,    0,    0,    0,    0,    0,    0,    0,    0,   44,   36,    0,    0,    0,    0,    0,    0,    0,    0,    0,    9,    0,    9,    0,    0,    0,    0,    0,    0,    0,    0,    0,    0,    0,    0,    0,    0,    0,    0,    0,    0,    0,    0,    0,    0,    0,    0,    0,    0,    0,    0,    0,    0,    0,    0,    0,    0,    0,    0,    0,    0,    0,    0,    0,    0,    0,    0,    0,
       0,    0,  -54,    0,    0,    0,    0,    0, -102,  -70,    0,  -70,    0,    0,    0,  -27,    0,    0,    0,    0,    0,    0,    0,    0,    0,    0,    0,  -17,    0,    0,  -17,    0,  -57,    0,  -42,   -7,    0,  -31,    0,  -78,    0,    0,    0,    0,    0,    0,    0,    0,  -13,    0,  -41,    0,    0,    0,  -68,  -58,  -38,  -70,  -48, -105,    0,    0,  -51,  -70,    0,    0,    0,    0,    0,  -20,    0,    0,    0,    0,    0,    0,    0,    0,    0,  -41,    0,    0,    0,    0,    0,    0,    0,  -57,  -57,  -57,    0,    0,    0,    0,    0,    0,    0,    0,    0,  -17,    0,  -57,    0,    0,  -13,  -81,  -13,    0,    0,    0,    0,    0,    0,    0,    0,    0,    0,    0,    0,    0,    0,    0,    0,    0,    0,    0,    0,    0,    0,    0,    0,  -51,  -51,  -34,    0,  -27,  -27,  -20,    0,  -75,    0,    0,    0,    0,    0,    0,    0,    0,    0,    0,    0,    0,
       0,    0,    0,    0,    0,    0,    0,    0,    0,    0,    0,    0,    0,    0,    0,    0,    0,    0,    0,    0,    0,    0,    0,    0,    0,    0,    0,    0,    0,    0,    0,    0,    0,    0,    0,    0,    0,  -20,    0,    0,    0,    0,    0,    0,    0,    0,    0,    0,    0,    0,    0,    0,    0,    0,    0,    0,    0,    0,    0,    0,    0,    0,    0,    0,    0,    0,    0,    0,    0,    0,    0,    0,    0,    0,    0,    0,    0,    0,    0,    0,    0,    0,    0,    0,    0,    0,    0,    0,    0,    0,    0,    0,    0,    0,    0,    0,    0,    0,    0,    0,    0,    0,    0,    0,    0,    0,    0,    0,    0,    0,    0,    0,    0,    0,    0,    0,    0,    0,    0,    0,    0,    0,    0,    0,    0,    0,    0,    0,    0,    0,    0,  -20,    0,    0,    0,    0,    0,    0,    0,    0,    0,    0,    0,    0,    0,    0,    0,    0,    0,    0,    0,    0,
       0,    0,    0,    0,    0,    0,    0,    4,    0,    0,    0,    0,    0,    0,    0,    0,    0,    0,    0,    0,    0,    0,    0,    0,    0,    0,    0,    0,    0,    0,    0,    0,    0,    0,    0,    0,    0,    0,    0,    0,    4,    0,    0,    0,    0,    0,    0,    0,    9,    0,    4,    0,    0,    0,    0,    0,    0,    0,    0,    0,    0,    0,    0,    0,    0,    0,    0,    0,   20,    0,    0,    0,    0,    0,    0,    0,   36,    0,    0,    4,    0,   20,    0,   36,   36,    0,    0,    0,    0,    0,    0,    0,    0,   20,   36,    0,    0,    0,    0,    0,    0,    0,    0,    0,    9,    0,    9,    0,    0,    0,    0,    0,    0,    0,    0,    0,    0,    0,    0,    0,    0,    0,    0,    0,    0,    0,    0,    0,    0,    0,    0,    0,    0,    0,    0,    0,    0,    0,    0,    0,    0,    0,    0,    0,    0,    0,    0,    0,    0,    0,    0,    0,
       0,    0,  -54,    0,    0,    0,    0,    0,  -98,  -47,    0,  -78,    0,    0,    0,  -27,    0,    0,    0,    0,    0,    0,    0,    0,    0,    0,    0,  -17,    0,    0,  -17,    0,  -57,    0,  -42,   -7,    0,  -51,    0,  -98,    0,    0,    0,    0,    0,    0,    0,    0,  -13,    0,  -41,    0,    0,    0,  -71,  -58,  -38, -125,  -48,  -98,    0,    0,  -51,  -85,    0,    0,    0,    0,    0,  -20,    0,    0,    0,    0,    0,    0,    0,    0,    0,  -41,    0,    0,    0,    0,    0,    0,    0,  -57,  -57,  -57,    0,    0,    0,    0,    0,    0,    0,    0,    0,  -17,    0,  -57,    0,    0,  -13,  -81,  -13,    0,    0,    0,    0,    0,    0,    0,    0,    0,    0,    0,    0,    0,    0,    0,    0,    0,    0,    0,    0,    0,    0,    0,    0,  -51,  -51,  -54,    0,  -27,  -27,  -20,    0,  -54,    0,    0,    0,    0,    0,    0,    0,    0,    0,    0,    0,    0,
       0,    0,    0,    0,   -1,  -20,    0,    0,    0,  -60,  -20,  -60,  -20,  -78,  -20,    0,    0,    0,  -41,    0,  -47,    0,    0,  -20,  -47,  -20,    0,  -18,  -52,    0,  -18,  -54,    0,    0,    0,    0,    0,   10,    0,    0,  -34,  -44,  -47,    0,    0,    0,  -34,  -44,  -61,  -69,  -38,  -38,  -66,  -49,  -60,    0,  -78,  -60,    0,    0,    0,  -69,    0,  -60,    0,  -30,    0,    0,    0,  -20,  -68,  -68,  -77,    0,    0,    0,   54,  -77,  -69,  -58,  -44,    0,    0,   54,   54,    0,  -47,    0,    0,    0,  -69,    0,    0,   79,   54,  -82,  -82,    0,    0,  -18,    0,    0,    0,    0,  -61,  -32,  -61,  -44,    0,    0,    0,    0,    0,    0,    0,    0,    0,    0,    0,    0,    0,    0,    0,    0,    0,    0,    0,    0,    0,    0,    0,   10,    0,    0,  -71,    0,    0,  -20,  -71,    0,    0,    0,    0,    0,    0,    0,    0,  -62,    0,    0,    0,    0,
       0,    0,    0,    0,   -1,  -20,    0,    0,    0,  -60,  -20,  -60,  -20,  -78,  -20,    0,    0,    0,  -41,    0,  -47,    0,    0,  -20,  -47,  -20,    0,  -18,  -52,    0,  -18,  -54,    0,    0,    0,    0,    0,   10,    0,    0,  -34,  -44,  -47,    0,    0,    0,  -34,  -44,  -61,  -44,  -38,  -38,  -31,  -27,  -60,    0,  -78,  -60,    0,    0,    0, -105,    0,  -60,    0,  -30,    0,    0,    0,  -20,  -68,  -68,  -77,    0,    0,    0,   54,  -77,  -75,  -58,  -44,    0,    0,   54,   54,    0,  -47,    0,    0,    0,  -68,    0,    0,   79,   54,  -82,  -82,    0,    0,  -18,    0,    0,    0,    0,  -61,  -32,  -61,  -44,    0,    0,    0,    0,    0,    0,    0,    0,    0,    0,    0,    0,    0,    0,    0,    0,    0,    0,    0,    0,    0,    0,    0,   10,    0,    0,  -71,    0,    0,  -20,  -71,    0,    0,    0,    0,    0,    0,    0,    0,  -62,    0,    0,    0,    0,
       0,    0,    0,    0,   -1,  -20,    0,    0,    0,  -40,  -20,  -40,  -20,  -78,  -20,    0,    0,    0,  -41,    0,  -47,    0,    0,  -20,  -47,  -20,    0,  -18,  -86,    0,  -18, -126,    0,    0,    0,    0,    0,   10,    0,    0,  -34,  -44,  -47,    0,    0,    0,  -34,  -44,  -61,  -44,  -38,  -38,  -31,  -27,  -40,    0,  -78,  -40,    0,    0,    0, -105,    0,  -87,    0,  -30,    0,    0,    0,  -20,  -68,  -68,  -77,    0,    0,    0,   54,  -77,  -75,  -58,  -44,    0,    0,   54,   54,    0,  -47,    0,    0,    0,  -68,    0,    0,   79,   54,  -82,  -82,    0,    0,  -18,    0,    0,    0,    0,  -61,  -32,  -61,  -44,    0,    0,    0,    0,    0,    0,    0,    0,    0,    0,    0,    0,    0,    0,    0,    0,    0,    0,    0,    0,    0,    0,    0,   10,    0,    0,  -71,    0,    0,  -20,  -71,    0,    0,    0,    0,    0,    0,    0,    0,  -98,    0,    0,    0,    0,
       0,    0,    0,    0,    0,    0,    0,    0,    0,    0,    0,    0,    0,    0,    0,    0,    0,    0,    0,    0,    0,    0,    0,    0,    0,    0,    0,    0,    0,    0,    0,    0,    0,    0,    0,    0,    0,    0,    0,    0,    0,  -36,  -40,  -20,    0,    0,  -36,  -36,  -20,  -36,  -36,  -35,  -36,  -36,    0,    0,    0,    0,    0,    0,    0,  -36,    0,    0,    0,    0,    0,    0,    0,    0,  -36,  -36,  -40,    0,    0,    0,    0,  -40,  -36,  -36,  -36,    0,    0,    0,    0,    0,  -40,    0,    0,    0,  -36,    0,    0,    0,    0,    0,    0,    0,    0,    0,    0,    0,    0,    0,  -20,    0,  -20,  -36,    0,    0,    0,    0,    0,    0,    0,    0,    0,    0,    0,    0,    0,    0,    0,    0,    0,    0,    0,    0,    0,    0,    0,    0,    0,    0,    0,    0,    0,    0,    0,    0,    0,    0,    0,    0,    0,    0,    0,    0,    0,    0,    0,    0,
       0,    0,    0,    0,    0,    0,    0,    0,    0,    0,  -26,    0,  -26,    0,    0,    0,    0,    0,    0,    0,    0,    0,    0,    0,    0,    0,    0,    0,  -21,    0,    0,    0,    0,    0,    0,    0,    0,    0,    0,    0,    0,    0,    0,    0,    0,    0,    0,    0,    0,    0,    0,    0,    0,    0,    0,    0,    0,    0,    0,    0,    0,    0,    0,    0,    0,    0,    0,    0,    0,    0,    0,    0,    0,    0,    0,    0,    0,    0,    0,    0,    0,    0,    0,    0,    0,    0,    0,    0,    0,    0,    0,    0,    0,    0,    0,    0,    0,    0,    0,    0,    0,    0,    0,    0,    0,    0,    0,    0,    0,    0,    0,    0,    0,    0,    0,    0,    0,    0,    0,    0,    0,    0,    0,    0,    0,    0,    0,    0,    0,    0,    0,    0,    0,    0,    0,    0,    0,    0,  -26,    0,    0,    0,    0,    0,    0,    0,    0,    0,    0,    0,    0,    0,
       0,    0,    0,    0,    0,    0,    1,    5,    0,    0,  -27,    0,  -27,    0,    0,    0,    0,    0,    0,    0,    0,    0,    0,    0,    0,    0,    0,    0,    0,    0,    0,    0,    0,    0,    0,    0,    0,    0,    0,    0,    0,    0,    0,    0,    0,    0,    0,    0,    0,    0,    0,    0,    0,    0,    0,    0,    0,    0,    0,    0,    0,    0,    0,    0,    0,    0,    0,    0,    0,    0,    0,    0,    0,    0,    0,    0,    0,    0,    0,    0,    0,    0,    0,    0,    0,    0,    0,    0,    0,    0,    0,    0,    0,    0,    0,    0,    0,    0,    0,    0,    0,    0,    0,    0,    0,    0,    0,    0,    0,    0,    0,    0,    0,    0,    0,    0,    0,    0,    0,    0,    0,    0,    0,    0,    0,    0,    0,    0,    0,    0,    0,    0,    0,    0,    0,    0,    0,    0,  -27,    0,    0,    0,    0,    0,    0,    0,    0,    0,    0,    0,    0,    0,
       0,    0,    0,    0,    0,    0,    0,    0,    0,    0,    0,    0,    0,    0,    0,    0,    0,    0,    0,    0,    0,    0,    0,    0,    0,    0,    0,    0,    0,    0,    0,    0,   25,    0,    0,    0,    0,    0,    0,    0,    0,    0,    0,    0,    0,    0,    0,    0,    0,    0,    0,    0,    0,    0,    0,    0,    0,    0,    0,    0,    0,    0,    0,    0,    0,    0,    0,    0,    0,    0,    0,    0,    0,    0,    0,    0,    0,    0,    0,    0,    0,    0,    0,    0,    0,    0,    0,   25,   25,   25,    0,    0,    0,    0,    0,    0,    0,    0,    0,    0,    0,   25,    0,    0,    0,    0,    0,    0,    0,    0,    0,    0,    0,    0,    0,    0,    0,    0,    0,    0,    0,    0,    0,    0,    0,    0,    0,    0,    0,    0,    0,    0,    0,    0,    0,    0,    0,    0,    0,    0,    0,    0,    0,    0,    0,    0,    0,    0,    0,    0,    0,    0,
       0,    0,    0,    0,    0,    0,    0,    0,    0,    0,    0,    0,    0,    0,    0,    0,    0,    0,    0,    0,    0,    0,    0,    0,    0,    0,    0,    0,    0,    0,    0,    0,    0,    0,    0,    0,    0,    0,    0,    0,    0,    0,  -25,    0,    0,    0,    0,    0,   18,    0,    9,    0,    0,    0,    0,    0,    0,    0,    0,    0,    0,    0,    0,    0,    0,    0,    0,    0,    0,    0,    0,    0,  -25,    0,    0,    0,    0,  -25,    0,    9,    0,    0,    0,    0,    0,    0,  -25,    0,    0,    0,    0,    0,    0,    0,    0,    0,    0,    0,    0,    0,    0,    0,    0,    0,   18,    0,   18,    0,    0,    0,    0,    0,    0,    0,    0,    0,    0,    0,    0,    0,    0,    0,    0,    0,    0,    0,    0,    0,    0,    0,    0,    0,    0,    0,    0,    0,    0,    0,    0,    0,    0,    0,    0,    0,    0,    0,    0,    0,    0,    0,    0,    0,
       0,    0,    0,    0,    0,    0,    0,    0,    0,    0,    0,    0,    0,    0,    0,    0,    0,    0,    0,    0,    0,    0,    0,    0,    0,    0,    0,    0,    0,    0,    0,    0,  -44,    0,    0,    0,    0,    0,    0,    0,    0,    0,  -10,    0,    0,    0,    0,    0,    0,    0,    0,    0,    0,    0,    0,    0,    0,    0,    0,    0,    0,    0,    0,    0,    0,    0,    0,    0,    0,    0,    0,    0,  -10,    0,    0,    0,    0,  -10,    0,    0,    0,    0,    0,    0,    0,    0,  -10,  -44,  -44,  -44,    0,    0,    0,    0,    0,    0,    0,    0,    0,    0,    0,  -44,    0,    0,    0,    0,    0,    0,    0,    0,    0,    0,    0,    0,    0,    0,    0,    0,    0,    0,    0,    0,    0,    0,    0,    0,    0,    0,    0,    0,    0,    0,    0,    0,    0,    0,    0,    0,    0,    0,    0,    0,    0,    0,    0,    0,    0,    0,    0,    0,    0,    0,
       0,    0,    0,    0,    0,    0,    0,    0,    0,    0,    0,    0,    0,    0,    0,    0,    0,    0,    0,    0,    0,    0,    0,    0,    0,    0,    0,    0,    0,    0,    0,    0,    0,    0,    0,    0,    0,    0,    0,    0,    0,    0,    0,    0,    0,    0,    0,    0,    0,    0,    0,    0,    0,    0,    0,    0,    0,    0,    0,    0,    0,    0,    0,    0,    0,    0,    0,    0,    0,    0,    0,    0,    0,    0,    0,    0,   58,    0,    0,    0,    0,    0,    0,   58,   58,    0,    0,    0,    0,    0,    0,    0,    0,   54,   58,    0,    0,    0,    0,    0,    0,    0,    0,    0,    0,    0,    0,    0,    0,    0,    0,    0,    0,    0,    0,    0,    0,    0,    0,    0,    0,    0,    0,    0,    0,    0,    0,    0,    0,    0,    0,    0,    0,    0,    0,    0,    0,    0,    0,    0,    0,    0,    0,    0,    0,    0,    0,    0,    0,    0,    0,    0,
       0,    0,    0,    0,    0,    0,    0,    0,    0,    0,    0,    0,    0,    0,    0,    0,    0,    0,    0,    0,    0,    0,    0,    0,    0,    0,    0,    0,    0,    0,    0,    0,    0,    0,    0,    0,    0,    0,    0,    0,    0,    0,    0,    0,    0,    0,    0,    0,    0,    0,    0,    0,    0,    0,    0,    0,    0,    0,    0,    0,    0,    0,    0,    0,    0,    0,    0,    0,    0,    0,    0,    0,    0,    0,    0,    0,    0,    0,    0,    0,    0,    0,    0,    0,    0,    0,    0,    0,    0,    0,    0,    0,    0,   20,    0,    0,    0,    0,    0,    0,    0,    0,    0,    0,    0,    0,    0,    0,    0,    0,    0,    0,    0,    0,    0,    0,    0,    0,    0,    0,    0,    0,    0,    0,    0,    0,    0,    0,    0,    0,    0,    0,    0,    0,    0,    0,    0,    0,    0,    0,    0,    0,    0,    0,    0,    0,    0,    0,    0,    0,    0,    0,
       0,    0,    0,    0,    0,    0,    0,    0,    0,  -23,    0,  -23,    0,  -20,    0,    0,    0,    0,    0,    0,    0,    0,    0,    0,  -24,    0,    0,    0,    0,    0,    0,    0,  -58,    0,    0,    0,    0,  -34,    0,    0,  -20,    0,    0,    0,    0,    0,    0,    0,    0,    0,    0,    0,    0,    0,  -23,    0,    0,  -43,    0,    0,    0,    0,    0,  -23,    0,    0,    0,    0,    0,    0,    0,    0,    0,    0,    0,    0,    0,    0,    0,    0,    0,    4,    0,    0,    0,    0,    0,  -58,  -58,  -58,    0,    0,    0,    0,    0,    0,    0,    0,    0,    0,    0,  -58,    0,    0,    0,    0,    0,    0,    0,    0,    0,    0,    0,    0,    0,    0,    0,    0,    0,    0,    0,    0,    0,    0,    0,    0,    0,    0,    0,    0,    0,  -34,  -24,    8,    0,    0,    0,    0,    0,    8,    0,    0,    0,    0,    0,    0,    0,  -31,    0,    0,    0,    0,
       0,    0,    0,    0,    0,    0,    0,    0,    0,    0,    0,    0,    0,    0,    0,    0,    0,    0,    0,    0,    0,    0,    0,    0,    0,    0,    0,    0,    0,    0,    0,    0,    0,    0,    0,    0,    0,    0,    0,    0,    0,    0,    0,    0,    0,    0,    0,    0,    0,    0,    0,    0,    0,    0,    0,    0,    0,    0,    0,    0,    0,    0,    0,    0,    0,    0,    0,    0,    0,    0,    0,    0,    0,    0,    0,    0,   16,    0,    0,    0,    0,    0,    0,   16,   16,    0,    0,    0,    0,    0,    0,    0,    0,   44,   16,    0,    0,    0,    0,    0,    0,    0,    0,    0,    0,    0,    0,    0,    0,    0,    0,    0,    0,    0,    0,    0,    0,    0,    0,    0,    0,    0,    0,    0,    0,    0,    0,    0,    0,    0,    0,    0,    0,    0,    0,    0,    0,    0,    0,    0,    0,    0,    0,    0,    0,    0,    0,    0,    0,    0,    0,    0,
       0,    0,    0,    0,    0,    0,    0,    0,    0,    0,    0,    0,    0,    0,    0,    0,    0,    0,    0,    0,    0,    0,    0,    0,    0,    0,    0,    0,    0,    0,    0,    0,    0,    0,    0,    0,    0,    0,    0,    0,    0,    0,    0,    0,    0,    0,    0,    0,    0,    0,    0,    0,    0,    0,    0,    0,    0,    0,    0,    0,    0,    0,    0,    0,    0,    0,    0,    0,    0,    0,    0,    0,    0,    0,    0,    0,   58,    0,    0,    0,    0,    0,    0,   58,   58,    0,    0,    0,    0,    0,    0,    0,    0,   51,   58,    0,    0,    0,    0,    0,    0,    0,    0,    0,    0,    0,    0,    0,    0,    0,    0,    0,    0,    0,    0,    0,    0,    0,    0,    0,    0,    0,    0,    0,    0,    0,    0,    0,    0,    0,    0,    0,    0,    0,    0,    0,    0,    0,    0,    0,    0,    0,    0,    0,    0,    0,    0,    0,    0,    0,    0,    0,
       0,    0,    0,    0,    0,    0,    0,    0,    0,    0,    0,    0,    0,    0,    0,   27,    0,    0,    0,    0,   54,    0,    0,    0,    0,    0,    0,    0,    0,   36,    0,    0,   54,    0,   51,    0,    0,    0,   54,    0,    0,    0,    0,   24,   58,   61,   17,    0,   30,    0,    0,    0,    0,    0,    0,    0,    0,    0,    0,    0,    0,    0,    0,    0,    0,    0,    0,   16,    0,    0,    0,    0,    0,   58,   58,   58,   98,    0,    0,    0,    0,    0,   36,   98,   98,   61,    0,   54,   54,   54,    0,   81,   58,   58,  122,    0,    0,    0,    0,    0,    0,   54,    0,    0,   30,    0,   30,    0,    0,    0,    0,    0,    0,    0,    0,    0,    0,    0,    0,    0,    0,    0,    0,    0,    0,    0,    0,    0,    0,    0,    0,    0,    0,    0,    0,    0,    0,    0,    0,    0,    0,    0,    0,    0,    0,    0,    0,    0,    0,    0,    0,    0,
       0,    0,    0,    0,    0,    0,    0,    0,    0,    0,  -27,    0,  -27,    0,    0,    0,    0,    0,    0,    0,    0,    0,    0,    0,    0,    0,    0,    0,    0,    0,    0,    0,    0,    0,    0,    0,    0,    0,    0,    0,    0,    0,    0,    0,    0,    0,    0,    0,    0,    0,    0,    0,    0,    0,    0,    0,    0,    0,    0,    0,    0,    0,    0,    0,    0,    0,    0,    0,    0,    0,    0,    0,    0,    0,    0,    0,    0,    0,    0,    0,    0,    0,    0,    0,    0,    0,    0,    0,    0,    0,    0,    0,    0,    0,    0,    0,    0,    0,    0,    0,    0,    0,    0,    0,    0,    0,    0,    0,    0,    0,    0,    0,    0,    0,    0,    0,    0,    0,    0,    0,    0,    0,    0,    0,    0,    0,    0,    0,    0,    0,    0,    0,    0,    0,    0,    0,    0,    0,  -27,    0,    0,    0,    0,    0,    0,    0,    0,    0,    0,    0,    0,    0,
       0,    0,    0,    0,    0,    0,    0,    0,    0,    0,    0,    0,    0,    0,    0,    0,    0,    0,    0,    0,    0,    0,    0,    0,    0,    0,    0,    0,    0,    0,    0,    0,  -26,    0,    0,    0,    0,    0,    0,    0,   38,    0,    0,    0,    0,    0,    0,    0,    0,    0,    0,    0,    0,    0,    0,    0,    0,    0,    0,    0,    0,    0,    0,    0,    0,    0,    0,    0,    0,    0,    0,    0,    0,    0,    0,    0,    0,    0,    0,    0,    0,    0,    0,    0,    0,    0,    0,  -26,  -26,  -26,    0,    0,    0,    0,    0,   13,   13,    0,    0,    0,    0,  -26,    0,    0,    0,    0,    0,    0,    0,    0,    0,    0,    0,    0,    0,    0,    0,    0,    0,    0,    0,    0,    0,    0,    0,    0,    0,    0,    0,    0,    0,    0,    0,    0,    0,    0,    0,    0,    0,    0,    0,    0,    0,    0,    0,    0,    0,    0,    0,    0,    0,    0,
       0,    0,    0,    0,   -6,    0,    0,    0,    0,  -80,    0,  -80,    0,    0,  -21,    0,    0,  -12,  -24,    0,    0,  -12,    0,    0,  -30,  -30,    0,  -24,    0,    0,  -24,    0,  -24,    0,    0,    0,    0,    0,    0,    0,    0,  -34,  -17,    0,    0,    0,    0,    0,    0,    0,    0,    0,    0,    0,  -80,    0,  -54,  -80,   -4,    0,    0,    0,    0,  -80,    0,    0,    0,    0,    0,  -27,  -34,  -34,  -17,    0,    0,    0,    0,  -17,    0,    0,  -34,    0,    0,    0,    0,    0,  -17,  -24,  -24,  -24,    0,    0,    0,   51,    0,    0,    0,    0,  -12,  -55,  -20,  -24,    0,    0,  -38,  -48,    0,    0,    0,    0,    0,    0,    0,    0,    0,    0,    0,    0,    0,    0,    0,    0,    0,    0,    0,    0,    0,    0,    0,    0,    0,    0,    0,    0,    0,    0,    0,  -27,    0,    0,    0,    0,    0,    0,    0,    0,    0,    0,    0,  -20,    0,    0,
       0,    0,    0,    0,    0,    0,    0,    0,    0,    0,  -26,    0,  -26,  -24,    0,    0,    0,    0,    0,    0,    0,    0,    0,    0,    0,    0,    0,    0,  -22,    0,    0,    0,  -18,    0,  -21,   -5,  -24,  -22,    0,    0,  -24,    0,    0,    0,    0,    0,    0,    0,    0,    0,    0,    0,    0,    0,    0,    0,    0,    0,   -3,    0,    0,    0,    0,    0,    0,    0,    0,    0,    0,    0,    0,    0,    0,    0,    0,    0,    0,    0,    0,    0,    0,    0,    0,    0,    0,    0,    0,  -18,  -18,  -18,    0,    0,    0,    5,    0,    0,    0,  -55,    0,    0,    0,  -38,    0,    0,    0,    0,    0,    0,    0,    0,    0,    0,    0,    0,    0,    0,    0,    0,    0,    0,    0,    0,    0,    0,    0,    0,    0,    0,    0,    0,    0,  -22,  -20,    0,  -54,    0,    0,    0,  -26,    0,    0,    0,    0,    0,    0,    0,  -23,  -59,    0,    0,    0,    0,
       0,    0,    0,    0,    0,    0,    0,    0,    0,    0,  -27,    0,  -27,    0,    0,    0,    0,    0,    0,    0,    0,    0,    0,    0,    0,    0,    0,    0,    0,    0,    0,    0,    0,    0,    0,    0,    0,    0,    0,    0,  -24,    0,    0,    0,    0,    0,    0,    0,    0,    0,    0,    0,    0,    0,    0,    0,    0,    0,    0,    0,    0,    0,    0,    0,    0,    0,    0,    0,    0,    0,    0,    0,    0,    0,    0,    0,    0,    0,    0,    0,    0,    0,    0,    0,    0,    0,    0,    0,    0,    0,    0,    0,    0,    0,    0,    0,    0,    0,    0,    0,    0,    0,    0,    0,    0,    0,    0,    0,    0,    0,    0,    0,    0,    0,    0,    0,    0,    0,    0,    0,    0,    0,    0,    0,    0,    0,    0,    0,    0,    0,    0,    0,    0,    0,  -20,    0,    0,    0,  -27,    0,    0,    0,    0,    0,    0,    0,    0,    0,    0,    0,    0,    0,
       0,    0,  -19,    0,    0,    0,    0,    0,  -19,  -19,   10,  -19,   10,    0,   -7,    0,    0,    0,  -12,    0,    0,   -6,    0,    0,    0,    0,    0,    0,    0,    0,    0,    0,    0,    0,    0,    0,    0,    0,    0,  -19,    0,    0,  -10,  -16,    0,    0,    0,    0,  -16,    0,  -14,  -16,    0,    0,  -19,    0,    0,  -19,    0,  -19,    0,    0,  -16,  -19,    0,    0,    0,    0,    0,    0,    0,    0,  -10,    0,    0,    0,    0,  -10,    0,  -14,    0,    0,    0,    0,    0,    0,  -10,    0,    0,    0,    0,    0,    0,    0,    0,    0,    0,    0,    0,    0,    0,    0,    0,    0,  -16,  -14,  -16,    0,    0,    0,    0,    0,    0,    0,    0,    0,    0,    0,    0,    0,    0,    0,    0,    0,    0,    0,    0,    0,    0,    0,    0,    0,    0,  -19,    0,    0,    0,    0,   10,  -19,    0,    0,    0,    0,    0,    0,    0,    0,    0,    0,    0,    0,
       0,    0,    0,    0,    0,    0,    0,    0,    0,  -23,  -75,  -23,  -75,  -20,    0,    0,    0,    0,    0,    0,    0,    0,    0,    0,  -24,    0,    0,    0,  -24,    9,    0,  -34,  -34,    0,    0,    0,    0,    0,  -20,    0,    0,   -3,  -11,   10,    5,    9,    8,    0,   10,    0,    9,    5,    9,    0,  -23,    0,    0,  -43,    0,    0,    0,    0,    0,  -23,    0,    0,    0,    0,    0,    0,   -3,   -3,  -11,    5,    5,    5,   17,  -11,    0,    9,   -3,    0,    9,   17,   17,    9,  -11,  -34,  -34,  -34,    0,    9,    5,    9,   17,    0,    0,    0,    0,    0,    0,  -34,   -9,   -9,   10,    0,   10,    0,    0,    0,    0,    0,    0,    0,    0,    0,    0,    0,    0,    0,    0,    0,    0,    0,    0,    0,    0,    0,    0,    0,    0,    0,  -24,    9,  -92,    0,    0,    0,  -75,    9,    0,    0,    0,    0,    0,    0,    0,  -25,    0,    0,    0,    0,
       0,    0,    0,    0,    0,    0,    0,  -17,    0,    0,    0,    0,    0,    0,    0,    0,    0,    0,    0,    0,    0,    0,    0,    0,    0,    0,    0,    0,    0,    0,    0,    0,  -61,    0,  -61,    0,  -17, -102,    0,    0,    0,    0,    0,    0,    0,    0,    0,    0,  -13,    0,  -18,  -17,  -13,    0,    0,  -33,    0,    0,    0,    0,    0,    0,    0,    0,    0,    0,    0,    0,    0,    0,    0,    0,    0,    0,    0,    0,    0,    0,    0,  -18,    0,    0,    0,    0,    0,    0,    0,  -61,  -61,  -61,    0,    0,    0,    0,    0,    0,    0,  -17,    0,    0,    0,  -61,    0,    0,  -13,    0,  -64,    0,    0,    0,    0,    0,    0,    0,    0,    0,    0,    0,    0,    0,    0,    0,    0,    0,    0,    0,    0,    0,    0,    0,    0, -102,  -42,    0,    0,    0,    0,    0,    0,    0,    0,    0,    0,    0,    0,    0,    0,    0,    0,    0,    0,    0,
       0,    0,    0,    0,    0,    0,    0,    0,    0,    0,    0,    0,    0,    0,    0,    0,    0,    0,    0,    0,    0,    0,    0,    0,    0,    0,    0,    0,    0,    0,    0,    0,    0,    0,    0,    0,    0,    0,    0,    0,    0,    0,    0,    0,    0,    0,    0,    0,    0,    0,    0,    0,    0,    0,    0,    0,    0,    0,    0,    0,    0,    0,    0,    0,    0,    0,    0,    0,    0,    0,    0,    0,    0,    0,    0,    0,    0,    0,    0,    0,    0,    0,    0,    0,    0,    0,    0,    0,    0,    0,    0,    0,    0,    0,    0,    0,    0,    0,    0,    0,    0,    0,    0,    0,    0,    0,    0,    0,    0,    0,    0,    0,    0,    0,    0,    0,  -12,    0,   -4,   -4,    0,    0,    0,    0,    0,  -12,    0,   -6,    0,  -12,    0,    0,    0,    0,    0,    0,    0,    0,    0,    0,    0,    0,    0,    0,    0,    0,    0,    0,    0,    0,    0,    0,
       0,    0,    0,    0,    0,    0,    0,    0,    0,    0,    0,    0,    0,    0,    0,    0,    0,    0,    0,    0,    0,    0,    0,    0,    0,    0,    0,    0,    0,    0,    0,    0,    0,    0,    0,    0,    0,    0,    0,    0,    0,    0,    0,    0,    0,    0,    0,    0,    0,    0,    0,    0,    0,    0,    0,    0,    0,    0,    0,    0,    0,    0,    0,    0,    0,    0,    0,    0,    0,    0,    0,    0,    0,    0,    0,    0,    0,    0,    0,    0,    0,    0,    0,    0,    0,    0,    0,    0,    0,    0,    0,    0,    0,    0,    0,    0,    0,    0,    0,    0,    0,    0,    0,    0,    0,    0,    0,    0,    0,    0,    0,   -7,    0,    0,    0,    0,    0,  -11,    0,    0,    0,    0,  -19,    0,    0,  -19,    0,    0,  -15,    0,    0,    0,    0,    0,    0,    0,    0,    0,    0,    0,    0,    0,    0,    0,    0,    0,    0,    0,    0,    0,    0,    0,
       0,    0,    0,    0,    0,    0,    0,    0,    0,    0,    0,    0,    0,    0,    0,    0,    0,    0,    0,    0,    0,    0,    0,    0,    0,    0,    0,    0,    0,    0,    0,    0,    0,    0,    0,    0,    0,    0,    0,    0,    0,    0,    0,    0,    0,    0,    0,    0,    0,    0,    0,    0,    0,    0,    0,    0,    0,    0,    0,    0,    0,    0,    0,    0,    0,    0,    0,    0,    0,    0,    0,    0,    0,    0,    0,    0,    0,    0,    0,    0,    0,    0,    0,    0,    0,    0,    0,    0,    0,    0,    0,    0,    0,    0,    0,    0,    0,    0,    0,    0,    0,    0,    0,    0,    0,    0,    0,    0,    0,    2,    0,    0,    0,    0,    0,  -11,  -19,    0,   -7,  -10,    0,  -13,    0,    0,    0,  -15,    0,    0,    0,    0,    0,    0,    0,    0,    0,    0,    0,    0,    0,    0,    0,    0,    0,    0,    0,    0,    0,    0,    0,    0,    0,    0,
       0,    0,    0,    0,    0,    0,    0,    0,    0,    0,    0,    0,    0,    0,    0,    0,    0,    0,    0,    0,    0,    0,    0,    0,    0,    0,    0,    0,    0,    0,    0,    0,    0,    0,    0,    0,    0,    0,    0,    0,    0,    0,    0,    0,    0,    0,    0,    0,    0,    0,    0,    0,    0,    0,    0,    0,    0,    0,    0,    0,    0,    0,    0,    0,    0,    0,    0,    0,    0,    0,    0,    0,    0,    0,    0,    0,    0,    0,    0,    0,    0,    0,    0,    0,    0,    0,    0,    0,    0,    0,    0,    0,    0,    0,    0,    0,    0,    0,    0,    0,    0,    0,    0,    0,    0,    0,    0,    0,    0,  -24,    0,    0,  -12,    0,    0,  -11,    0,  -30,  -22,    0,  -15,   -7,  -19,    0,  -30,  -22,    0,    0,  -22,    0,    0,    0,    0,    0,    0,    0,    0,    0,    0,    0,    0,    0,    0,    0,    0,    0,    0,    0,    0,    0,    0,    0,
       0,    0,    0,    0,    0,    0,    0,    0,    0,    0,    0,    0,    0,    0,    0,    0,    0,    0,    0,    0,    0,    0,    0,    0,    0,    0,    0,    0,    0,    0,    0,    0,    0,    0,    0,    0,    0,    0,    0,    0,    0,    0,    0,    0,    0,    0,    0,    0,    0,    0,    0,    0,    0,    0,    0,    0,    0,    0,    0,    0,    0,    0,    0,    0,    0,    0,    0,    0,    0,    0,    0,    0,    0,    0,    0,    0,    0,    0,    0,    0,    0,    0,    0,    0,    0,    0,    0,    0,    0,    0,    0,    0,    0,    0,    0,    0,    0,    0,    0,    0,    0,    0,    0,    0,    0,    0,    0,    0,    0,   -4,    0,    0,    0,    0,    0,  -10,    0,    0,    0,    0,   -6,    0,   -4,    0,    0,  -12,    0,    0,   -7,    0,    0,    0,    0,    0,    0,    0,    0,    0,    0,    0,    0,    0,    0,    0,    0,    0,    0,    0,    0,    0,    0,    0,
       0,    0,    0,    0,    0,    0,    0,    0,    0,    0,    0,    0,    0,    0,    0,    0,    0,    0,    0,    0,    0,    0,    0,    0,    0,    0,    0,    0,    0,    0,    0,    0,    0,    0,    0,    0,    0,    0,    0,    0,    0,    0,    0,    0,    0,    0,    0,    0,    0,    0,    0,    0,    0,    0,    0,    0,    0,    0,    0,    0,    0,    0,    0,    0,    0,    0,    0,    0,    0,    0,    0,    0,    0,    0,    0,    0,    0,    0,    0,    0,    0,    0,    0,    0,    0,    0,    0,    0,    0,    0,    0,    0,    0,    0,    0,    0,    0,    0,    0,    0,    0,    0,    0,    0,    0,    0,    0,    0,    0,  -11,    0,    0,    0,    0,    0,    0,    0,    0,    0,    0,    0,    0,    0,    0,    0,    0,    0,    0,    0,    0,    0,    0,    0,    0,    0,    0,    0,    0,    0,    0,    0,    0,    0,    0,    0,    0,    0,    0,    0,    0,    0,    0,
       0,    0,    0,    0,    0,    0,    0,    0,    0,    0,    0,    0,    0,    0,    0,    0,    0,    0,    0,    0,    0,    0,    0,    0,    0,    0,    0,    0,    0,    0,    0,    0,    0,    0,    0,    0,    0,    0,    0,    0,    0,    0,    0,    0,    0,    0,    0,    0,    0,    0,    0,    0,    0,    0,    0,    0,    0,    0,    0,    0,    0,    0,    0,    0,    0,    0,    0,    0,    0,    0,    0,    0,    0,    0,    0,    0,    0,    0,    0,    0,    0,    0,    0,    0,    0,    0,    0,    0,    0,    0,    0,    0,    0,    0,    0,    0,    0,    0,    0,    0,    0,    0,    0,    0,    0,    0,    0,    0,    0,    0,    0,   -7,    0,    0,    0,  -12,    0,  -11,   -4,    0,    0,    0,    0,    0,   -7,  -13,  -11,  -11,   -7,    0,    0,    0,    0,    0,    0,    0,    0,    0,    0,    0,    0,    0,    0,    0,    0,    0,    0,    0,    0,    0,    0,    0,
       0,    0,    0,    0,    0,    0,    0,    0,    0,    0,    0,    0,    0,    0,    0,    0,    0,    0,    0,    0,    0,    0,    0,    0,    0,    0,    0,    0,    0,    0,    0,    0,    0,    0,    0,    0,    0,    0,    0,    0,    0,    0,    0,    0,    0,    0,    0,    0,    0,    0,    0,    0,    0,    0,    0,    0,    0,    0,    0,    0,    0,    0,    0,    0,    0,    0,    0,    0,    0,    0,    0,    0,    0,    0,    0,    0,    0,    0,    0,    0,    0,    0,    0,    0,    0,    0,    0,    0,    0,    0,    0,    0,    0,    0,    0,    0,    0,    0,    0,    0,    0,    0,    0,    0,    0,    0,    0,    0,    0,  -38,    0,    0,  -12,    0,   -4,   -4,    0,    0,   -4,    0,  -18,   -4,   -4,    0,    0,  -14,    0,    0,  -12,    0,  -12,    0,    0,    0,    0,    0,    0,    0,    0,    0,    0,    0,    0,    0,    0,    0,    0,    0,    0,    0,    0,    0,
       0,    0,    0,    0,    0,    0,    0,    0,    0,    0,    0,    0,    0,    0,    0,    0,    0,    0,    0,    0,    0,    0,    0,    0,    0,    0,    0,    0,    0,    0,    0,    0,    0,    0,    0,    0,    0,    0,    0,    0,    0,    0,    0,    0,    0,    0,    0,    0,    0,    0,    0,    0,    0,    0,    0,    0,    0,    0,    0,    0,    0,    0,    0,    0,    0,    0,    0,    0,    0,    0,    0,    0,    0,    0,    0,    0,    0,    0,    0,    0,    0,    0,    0,    0,    0,    0,    0,    0,    0,    0,    0,    0,    0,    0,    0,    0,    0,    0,    0,    0,    0,    0,    0,    0,    0,    0,    0,    0,    0,    0,    0,    0,    0,    0,    0,  -11,    0,    0,   -7,    0,    0,  -10,  -10,    0,  -16,  -16,    0,    0,    0,    0,    0,    0,    0,    0,    0,    0,    0,    0,    0,    0,    0,    0,    0,    0,    0,    0,    0,    0,    0,    0,    0,    0,
       0,    0,    0,    0,    0,    0,    0,    0,    0,    0,    0,    0,    0,    0,    0,    0,    0,    0,    0,    0,    0,    0,    0,    0,    0,    0,    0,    0,    0,    0,    0,    0,    0,    0,    0,    0,    0,    0,    0,    0,    0,    0,    0,    0,    0,    0,    0,    0,    0,    0,    0,    0,    0,    0,    0,    0,    0,    0,    0,    0,    0,    0,    0,    0,    0,    0,    0,    0,    0,    0,    0,    0,    0,    0,    0,    0,    0,    0,    0,    0,    0,    0,    0,    0,    0,    0,    0,    0,    0,    0,    0,    0,    0,    0,    0,    0,    0,    0,    0,    0,    0,    0,    0,    0,    0,    0,    0,    0,    0,  -24,   -2,    0,    0,    0,    0,  -11,    0,  -18,  -16,    0,    0,    0,  -11,    0,  -22,  -10,    0,    0,    0,   11,   -4,    0,    0,    0,    0,    0,    0,    0,    0,    0,    0,    0,    0,    0,    0,    0,    0,    0,    0,    0,    0,    0,
       0,    0,    0,    0,    0,    0,    0,    0,    0,    0,    0,    0,    0,    0,    0,    0,    0,    0,    0,    0,    0,    0,    0,    0,    0,    0,    0,    0,    0,    0,    0,    0,    0,    0,    0,    0,    0,    0,    0,    0,    0,    0,    0,    0,    0,    0,    0,    0,    0,    0,    0,    0,    0,    0,    0,    0,    0,    0,    0,    0,    0,    0,    0,    0,    0,    0,    0,    0,    0,    0,    0,    0,    0,    0,    0,    0,    0,    0,    0,    0,    0,    0,    0,    0,    0,    0,    0,    0,    0,    0,    0,    0,    0,    0,    0,    0,    0,    0,    0,    0,    0,    0,    0,    0,    0,    0,    0,    0,    0,    0,    0,    0,    0,    0,    0,    0,    0,    0,  -12,    0,   -7,  -12,  -13,    0,    0,  -17,    0,    0,    0,    0,    0,    0,    0,    0,    0,    0,    0,    0,    0,    0,    0,    0,    0,    0,    0,    0,    0,    0,    0,    0,    0,    0,
       0,    0,    0,    0,    0,    0,    0,    0,    0,    0,    0,    0,    0,    0,    0,    0,    0,    0,    0,    0,    0,    0,    0,    0,    0,    0,    0,    0,    0,    0,    0,    0,    0,    0,    0,    0,    0,    0,    0,    0,    0,    0,    0,    0,    0,    0,    0,    0,    0,    0,    0,    0,    0,    0,    0,    0,    0,    0,    0,    0,    0,    0,    0,    0,    0,    0,    0,    0,    0,    0,    0,    0,    0,    0,    0,    0,    0,    0,    0,    0,    0,    0,    0,    0,    0,    0,    0,    0,    0,    0,    0,    0,    0,    0,    0,    0,    0,    0,    0,    0,    0,    0,    0,    0,    0,    0,    0,    0,    0,    0,    0,    0,    0,    0,    0,  -10,   -8,    0,  -15,    0,    0,    0,    0,    0,    0,    0,    0,    0,    0,    0,    0,    0,    0,    0,    0,    0,    0,    0,    0,    0,    0,    0,    0,    0,    0,    0,    0,    0,    0,    0,    0,    0,
       0,    0,    0,    0,    0,    0,    0,    0,    0,    0,    0,    0,    0,    0,    0,    0,    0,    0,    0,    0,    0,    0,    0,    0,    0,    0,    0,    0,    0,    0,    0,    0,    0,    0,    0,    0,    0,    0,    0,    0,    0,    0,    0,    0,    0,    0,    0,    0,    0,    0,    0,    0,    0,    0,    0,    0,    0,    0,    0,    0,    0,    0,    0,    0,    0,    0,    0,    0,    0,    0,    0,    0,    0,    0,    0,    0,    0,    0,    0,    0,    0,    0,    0,    0,    0,    0,    0,    0,    0,    0,    0,    0,    0,    0,    0,    0,    0,    0,    0,    0,    0,    0,    0,    0,    0,    0,    0,    0,    0,    0,    0,    0,    0,    0,    0,   -2,    0,  -18,    0,   -2,    0,    0,   -2,    0,  -19,   -7,    0,    0,   -7,    0,    0,    0,    0,    0,    0,    0,    0,    0,    0,    0,    0,    0,    0,    0,    0,    0,    0,    0,    0,    0,    0,    0,
       0,    0,    0,    0,    0,    0,    0,    0,    0,    0,    0,    0,    0,    0,    0,    0,    0,    0,    0,    0,    0,    0,    0,    0,    0,    0,    0,    0,    0,    0,    0,    0,    0,    0,    0,    0,    0,    0,    0,    0,    0,    0,    0,    0,    0,    0,    0,    0,    0,    0,    0,    0,    0,    0,    0,    0,    0,    0,    0,    0,    0,    0,    0,    0,    0,    0,    0,    0,    0,    0,    0,    0,    0,    0,    0,    0,    0,    0,    0,    0,    0,    0,    0,    0,    0,    0,    0,    0,    0,    0,    0,    0,    0,    0,    0,    0,    0,    0,    0,    0,    0,    0,    0,    0,    0,    0,    0,    0,    0,    0,    0,    0,    0,    0,    0,   -4,    0,    0,    0,    0,    0,    0,  -15,    0,    0,    0,    0,    0,    0,    0,    0,    0,    0,    0,    0,    0,    0,    0,    0,    0,    0,    0,    0,    0,    0,    0,    0,    0,    0,    0,    0,    0,
       0,    0,    0,    0,    0,    0,    0,    0,    0,    0,    0,    0,    0,    0,    0,    0,    0,    0,    0,    0,    0,    0,    0,    0,    0,    0,    0,    0,    0,    0,    0,    0,    0,    0,    0,    0,    0,    0,    0,    0,    0,    0,    0,    0,    0,    0,    0,    0,    0,    0,    0,    0,    0,    0,    0,    0,    0,    0,    0,    0,    0,    0,    0,    0,    0,    0,    0,    0,    0,    0,    0,    0,    0,    0,    0,    0,    0,    0,    0,    0,    0,    0,    0,    0,    0,    0,    0,    0,    0,    0,    0,    0,    0,    0,    0,    0,    0,    0,    0,    0,    0,    0,    0,    0,    0,    0,    0,    0,    0,    0,    0,    0,    0,    0,    0,    0,    0,   -4,  -12,   -4,    0,    0,   -4,    0,  -16,   -2,    0,    0,    0,   -4,    0,    0,    0,    0,    0,    0,    0,    0,    0,    0,    0,    0,    0,    0,    0,    0,    0,    0,    0,    0,    0,    0,
       0,    0,    0,    0,    0,    0,    0,    0,    0,    0,    0,    0,    0,    0,    0,    0,    0,    0,    0,    0,    0,    0,    0,    0,    0,    0,    0,    0,    0,    0,    0,    0,    0,    0,    0,    0,    0,    0,    0,    0,    0,    0,    0,    0,    0,    0,    0,    0,    0,    0,    0,    0,    0,    0,    0,    0,    0,    0,    0,    0,    0,    0,    0,    0,    0,    0,    0,    0,    0,    0,    0,    0,    0,    0,    0,    0,    0,    0,    0,    0,    0,    0,    0,    0,    0,    0,    0,    0,    0,    0,    0,    0,    0,    0,    0,    0,    0,    0,    0,    0,    0,    0,    0,    0,    0,    0,    0,    0,   -7,  -15,    0,  -11,    0,    0,    0,    0,  -12,    0,    0,    0,  -15,    0,  -19,    0,    0,  -16,    0,    0,    0,    0,    0,    0,    0,    0,    0,    0,    0,    0,    0,    0,    0,    0,    0,    0,    0,    0,    0,    0,    0,    0,    0,    0,
       0,    0,    0,    0,    0,    0,    0,    0,    0,    0,    0,    0,    0,    0,    0,    0,    0,    0,    0,    0,    0,    0,    0,    0,    0,    0,    0,    0,    0,    0,    0,    0,    0,    0,    0,    0,    0,    0,    0,    0,    0,    0,    0,    0,    0,    0,    0,    0,    0,    0,    0,    0,    0,    0,    0,    0,    0,    0,    0,    0,    0,    0,    0,    0,    0,    0,    0,    0,    0,    0,    0,    0,    0,    0,    0,    0,    0,    0,    0,    0,    0,    0,    0,    0,    0,    0,    0,    0,    0,    0,    0,    0,    0,    0,    0,    0,    0,    0,    0,    0,    0,    0,    0,    0,    0,    0,    0,    0,    0,  -24,    0,    0,    0,    0,    0,  -12,    0,   -9,  -11,    0,    0,   -4,   -7,    0,  -18,   -7,    0,    0,  -12,    0,  -13,    0,    0,    0,    0,    0,    0,    0,    0,    0,    0,    0,    0,    0,    0,    0,    0,    0,    0,    0,    0,    0,
       0,    0,    0,    0,    0,    0,    0,    0,    0,    0,    0,    0,    0,    0,    0,    0,    0,    0,    0,    0,    0,    0,    0,    0,    0,    0,    0,    0,    0,    0,    0,    0,    0,    0,    0,    0,    0,    0,    0,    0,    0,    0,    0,    0,    0,    0,    0,    0,    0,    0,    0,    0,    0,    0,    0,    0,    0,    0,    0,    0,    0,    0,    0,    0,    0,    0,    0,    0,    0,    0,    0,    0,    0,    0,    0,    0,    0,    0,    0,    0,    0,    0,    0,    0,    0,    0,    0,    0,    0,    0,    0,    0,    0,    0,    0,    0,    0,    0,    0,    0,    0,    0,    0,    0,    0,    0,    0,    0,    0,  -14,    0,    0,    0,    0,    0,   -2,    0,    0,  -14,    0,   -4,    0,   -7,    0,    0,   -4,    0,    0,   -4,    0,    0,    0,    0,    0,    0,    0,    0,    0,    0,    0,    0,    0,    0,    0,    0,    0,    0,    0,    0,    0,    0,    0,
       0,    0,    0,    0,    0,    0,    0,    0,    0,    0,    0,    0,    0,    0,    0,    0,    0,    0,    0,    0,    0,    0,    0,    0,    0,    0,    0,    0,    0,    0,    0,    0,    0,    0,    0,    0,    0,    0,    0,    0,    0,    0,    0,    0,    0,    0,    0,    0,    0,    0,    0,    0,    0,    0,    0,    0,    0,    0,    0,    0,    0,    0,    0,    0,    0,    0,    0,    0,    0,    0,    0,    0,    0,    0,    0,    0,    0,    0,    0,    0,    0,    0,    0,    0,    0,    0,    0,    0,    0,    0,    0,    0,    0,    0,    0,    0,    0,    0,    0,    0,    0,    0,    0,    0,    0,    0,    0,    0,    0,    0,    0,  -26,    0,  -30,    0,    0,   -8,    0,  -11,   -2,    0,  -20,  -24,  -24,    0,  -15,    0,    0,    0,  -12,    0,    0,    0,    0,    0,    0,    0,    0,    0,    0,    0,    0,    0,    0,    0,    0,    0,    0,    0,    0,    0,    0,
       0,    0,    0,    0,    0,    0,    0,    0,    0,    0,    0,    0,    0,    0,    0,    0,    0,    0,    0,    0,    0,    0,    0,    0,    0,    0,    0,    0,    0,    0,    0,    0,    0,    0,    0,    0,    0,    0,    0,    0,    0,    0,    0,    0,    0,    0,    0,    0,    0,    0,    0,    0,    0,    0,    0,    0,    0,    0,    0,    0,    0,    0,    0,    0,    0,    0,    0,    0,    0,    0,    0,    0,    0,    0,    0,    0,   38,    0,    0,    0,    0,    0,    0,   58,   38,    0,    0,    0,    0,    0,    0,    0,    0,   44,   58,    0,    0,    0,    0,    0,    0,    0,    0,    0,    0,    0,    0,    0,    0,    0,    0,    0,    0,    0,    0,    0,    0,    0,    0,    0,    0,    0,    0,    0,    0,    0,    0,    0,    0,    0,    0,    0,    0,    0,    0,    0,    0,    0,    0,    0,    0,    0,    0,    0,    0,    0,    0,    0,    0,    0,    0,    0,
       0,    0,    0,    0,    0,    0,    0,    0,    0,    0,  -20,    0,  -20,    0,    0,    0,    0,    0,    0,    0,    0,    0,    0,    0,    0,    0,    0,    0,    0,    0,    0,    0,    0,    0,    0,    0,    0,    0,    0,    0,    0,    0,    0,    0,    0,    0,    0,    0,    0,    0,    0,    0,    0,    0,    0,    0,    0,    0,    0,    0,    0,    0,    0,    0,    0,    0,    0,    0,    0,    0,    0,    0,    0,    0,    0,    0,    0,    0,    0,    0,    0,    0,    0,    0,    0,    0,    0,    0,    0,    0,    0,    0,    0,   24,    0,    0,    0,    0,    0,    0,    0,    0,    0,    0,    0,    0,    0,    0,    0,    0,    0,    0,    0,    0,    0,    0,    0,    0,    0,    0,    0,    0,    0,    0,    0,    0,    0,    0,    0,    0,    0,    0,    0,    0,    0,    0,    0,    0,  -20,    0,    0,    0,    0,    0,    0,    0,    0,    0,    0,    0,    0,    0,
       0,    0,    0,    0,    0,  -38,    0,    0,    0,  -45,  -47,  -45,  -47,    0,    0,    0,    0,    0,  -41,    0,    0,    0,    0,  -38,  -61,  -58,    0,  -22,  -45,    0,  -22,  -20,   10,    0,    0,    0,    0,    0,    0,    0,    0,  -49,  -52,    0,  -16,    0,  -23,  -41,    0,  -24,    0,    0,    0,    0,  -45,    0,  -54,  -75,   -5,    0,    0,  -24,    0,  -75,    0,  -38,    0,    0,    0,  -51,  -90,  -79,  -52,  -16,  -34,  -16,    0,  -52,  -24,    0,  -85,    0,    0,    0,    0,    0,  -86,   10,   10,   10,  -24,    0,  -16,   51,    0,    0,    0,    0,    0,  -22,    0,   10,    0,    0,    0,  -29,    0,  -41,    0,    0,    0,    0,    0,    0,    0,    0,    0,    0,    0,    0,    0,    0,    0,    0,    0,    0,    0,    0,    0,    0,    0,    0,    0,    0,  -65,    0,    0,  -24,  -47,    0,    0,    0,    0,    0,    0,    0,  -93, -108,    0,    0,    0,  -20,
       0,    0,    0,    0,    0,  -38,    0,    0,    0,    0,  -55,    0,  -55,  -58,    0,    0,    0,    0,  -38,    0,    0,    0,    0,    0,    0,    0,    0,    0,  -58,    0,    0,  -88,    0,    0,    0,    0,    0,    0,    0,    0,    0,    0,  -23,    0,    0,    0,    0,  -11,    0,    0,    0,    0,    0,    0,    0,    0,    0,    0,    0,    0,    0,    0,    0,    0,    0,    0,  -38,    0,    0,    0,    0,    0,  -23,    0,    0,    0,    0,  -23,    0,    0,    0,    0,    0,    0,    0,    0,  -23,    0,    0,    0,    0,    0,    0,    0,    0,  -38,  -68,    0,    0,    0,    0,    0,  -85,  -51,    0,    0,    0,  -11,    0,    0,    0,    0,    0,    0,    0,    0,    0,    0,    0,    0,    0,    0,    0,    0,    0,    0,    0,    0,    0,    0,    0,    0,    0,    0,  -44,    0,    0,    0,  -55,    0,    0,    0,    0,    0,    0,    0,    0,    0,    0,    0,    0,    0,
       0,    0,    0,  -75,    0,  -41,    0,    0,    0,  -36,  -66,  -36,  -66,  -85,  -27,    0,    0,    0,  -58,    0,  -38,  -24,    0,  -34,  -58,  -34,    0,  -34,  -82,    0,  -34,  -75,    0,    0,    0,    0,    0,    0,    0,    0,  -24,  -34,  -38,    0,    0,    0,  -14,  -45,    7,  -24,    7,    0,    0,    0,  -63,    0,  -51,  -36,    0,    0,    0,  -51,   -7,  -36,    0,    0,  -41,    0,    0,    0,  -34,  -34,  -38,    0,    0,    0,    0,  -38,  -24,    7,  -34,    0,    0,    0,    0,    0,  -38,    0,    0,    0,  -24,    0,    0,    0,    0,  -30,  -54,    0,    0,  -34,    0,    0,  -71,  -38,    7,    0,    7,  -65,    0,    0,    0,    0,    0,    0,    0,    0,    0,    0,    0,    0,    0,    0,    0,    0,    0,    0,    0,    0,    0,    0,    0,    0,    0,    0,    0,    0,    0,    0,  -66,    0,    0,    0,    0,    0,    0,    0,    0,    0,    0,    0,    0,    0,
       0,    0,    0,    0,    0,    0,    0,    0,    0,    0,    0,    0,    0,    0,    0,  -41,    0,    0,    0,    0,    0,    0,    0,    0,    0,    0,    0,  -23,    0,    0,  -23,    0,  -58,    0,  -54,  -38,    0,  -65,    0,    0,    0,  -20,    0,    0,    0,    0,    0,    0,    0,    0,  -30,    0,    0,    0,    0,    0,    0,    0,    0,    0,    0,    0,    0,    0,    0,    0,    0,    0,    0,    0,  -20,  -20,    0,    0,    0,    0,    0,    0,    0,  -30,  -20,    0,    0,    0,    0,    0,    0,  -58,  -58,  -58,    0,    0,    0,    0,    0,   30,   30,    0,    0,  -23,  -38,  -88,   38,   38,  -30,    0,    0,    0,    0,    0,    0,    0,    0,    0,    0,    0,    0,    0,    0,    0,    0,    0,    0,    0,    0,    0,    0,    0,    0,    0,    0,  -65,  -75,  -58,    0,    0,    0,    0,    0,  -58,    0,    0,    0,    0,    0,    0,    0,    0,    0,    0,    0,    0,
       0,    0,    0,    0,    0,    0,    0,    0,    0,    0,    0,    0,    0,    0,    0,    0,    0,    0,    0,    0,    0,    0,    0,    0,    0,    0,    0,    0,  -20,    0,    0,    0,  -20,    0,  -24,    0,  -27,  -27,    0,    0,    0,    0,    0,    0,    0,    0,    0,    0,    0,    0,    0,    0,    0,    0,    0,    0,    0,    0,    0,    0,    0,    0,    0,    0,    0,    0,    0,    0,    0,    0,    0,    0,    0,    0,    0,    0,    0,    0,    0,    0,    0,    0,    0,    0,    0,    0,    0,  -20,  -20,  -20,    0,    0,    0,    0,    0,    0,    0,  -27,    0,    0,    0,  -64,    0,    0,    0,    0,    0,    0,    0,    0,    0,    0,    0,    0,    0,    0,    0,    0,    0,    0,    0,    0,    0,    0,    0,    0,    0,    0,    0,    0,    0,  -27,    0,    0,    0,    0,    0,    0,    0,    0,    0,    0,    0,    0,    0,    0,    0,    0,    0,    0,  -20,    0,
      -6,   -2,  -53,    0,    0,    0,    0,    0,    0,    0,    0,    0,    0,    0,  -16,  -53,    0,  -15,    0,   -7,  -11,  -15,   -5,    0,    0,    0,  -53,  -26,    0,    0,  -26,    0,  -20,    0,    0,    0,    0,  -26,    0,    0,    0,    0,    0,    0,    0,    0,    0,    0,    0,    0,    0,    0,    0,    0,    0,    0,    0,    0,    0,    0,    0,    0,  -30,    0,    0,    0,    0,    0,    0,    0,    0,    0,    0,    0,    0,    0,    0,    0,    0,    0,    0,    0,    0,    0,    0,    0,    0,  -20,  -20,  -20,    0,    0,    0,    0,    0,    0,    0,    0,  -15,  -26,    0,  -20,    0,    0,    0,  -20,    0,    0,    0,    0,    0,    0,    0,    0,    0,    0,    0,    0,    0,    0,    0,    0,    0,    0,    0,    0,    0,    0,    0,    0,    0,  -47,    0,  -42,    0,  -82, -109,    0,    0,  -42,    0,    0,    0,    0,    0,    0,    0,    0,    0,    0,    0,    0,
       0,    0,    0,    0,    0,    0,    0,    0,    0,    0,    0,    0,    0,    0,    0,    0,    0,    0,    0,    0,    0,    0,    0,    0,    0,    0,    0,    0,    0,    0,    0,    0,    0,    0,    0,    0,    0,    0,    0,    0,    0,    0,    0,    0,    0,    0,    0,    0,    0,    0,    0,    0,    0,    0,    0,    0,    0,    0,    0,    0,    0,    0,    0,    0,    0,    0,    0,    0,    0,    0,    0,    0,    0,    0,    0,    0,    0,    0,    0,    0,    0,    0,    0,    0,    0,    0,    0,    0,    0,    0,    0,    0,    0,    0,    0,    0,    0,    0,    0,    0,    0,    0,    0,    0,    0,    0,    0,    0,    0,    0,    0,    0,    0,    0,    0,    0,    0,    0,    0,    0,    0,    0,    0,    0,    0,    0,    0,    0,    0,    0,    0,    0,    0,    0,    0,    0,    0,    0,    0,    0,    0,    0,    0,    0,   13,    0,    0,    0,    0,    0,    0,    0,
       0,    0,    0,    0,    0,    0,    0,    0,    0,    0,    0,    0,    0,    0,    0,    0,    0,    0,    0,    0,    0,    0,    0,    0,    0,    0,    0,    0,    0,    0,    0,    0,    0,    0,    0,    0,    0,    0,    0,    0,    0,    0,    0,    0,    0,    0,    0,    0,    0,    0,    0,    0,    0,    0,    0,    0,    0,    0,    0,    0,    0,    0,    0,    0,   -4,    0,    0,    0,    0,    0,    0,    0,    0,    0,    0,    0,    0,    0,    0,    0,    0,    0,    0,    0,    0,    0,    0,    0,    0,    0,    0,    0,    0,    0,    0,    0,    0,    0,    0,    0,    0,    0,    0,    0,    0,    0,    0,    0,    0,    0,    0,    0,    0,    0,    0,    0,    0,    0,    0,    0,    0,    0,    0,    0,    0,    0,    0,    0,    0,    0,    0,    0,    0,    0,    0,    0,    0,    0,    0,    0,    0,    0,   -9,    0,    0,    0,    0,    0,    0,    0,    0,    0,
       0,    0,    0,    0,    0,    0,    0,    0,    0,    0,    0,    0,    0,    0,    0,    0,    0,    0,    0,    0,    0,    0,    0,    0,    0,    0,    0,    0,    0,    0,    0,    0,    0,    0,    0,    0,    0,    0,    0,    0,    0,    0,    0,    0,    0,    0,    0,    0,    0,    0,    0,    0,    0,    0,    0,    0,    0,    0,    0,    0,    0,    0,    0,    0,    0,    0,    0,    0,    0,    0,    0,    0,    0,    0,    0,    0,    0,    0,    0,    0,    0,    0,    0,    0,    0,    0,    0,    0,    0,    0,    0,    0,    0,    0,    0,    0,    0,    0,    0,    0,    0,    0,    0,    0,    0,    0,    0,    0,    0,    0,    0,    0,    0,    0,    0,    0,    0,    0,    0,    0,    0,    0,    0,    0,    0,    0,    0,    0,    0,    0,    0,    0,    0,    0,    0,    0,    0,    0,    0,    0,    0,  -31,    8,   -4,    0,  -20,    0,    0,    0,    0,    0,    0,
       0,    0,    0,    0,    0,    0,    0,    0,    0,    0,    0,    0,    0,    0,    0,    0,    0,    0,    0,    0,    0,    0,    0,    0,    0,    0,    0,    0,    0,    0,    0,    0,    0,    0,    0,    0,    0,    0,    0,    0,    0,    0,    0,    0,    0,    0,    0,    0,    0,    0,    0,    0,    0,    0,    0,    0,    0,    0,    0,    0,  -12,    0,    0,    0,    0,    0,    0,    0,    0,    0,    0,    0,    0,    0,    0,    0,    0,    0,    0,    0,    0,    0,    0,    0,    0,    0,    0,    0,    0,    0,    0,    0,    0,    0,    0,    0,    0,    0,    0,    0,    0,    0,    0,    0,    0,    0,    0,    0,    0,    0,    0,    0,    0,    0,    0,    0,    0,    0,    0,    0,    0,    0,    0,    0,    0,    0,    0,    0,    0,    0,    0,    0,    0,    0,    0,    0,    0,    0,    0,    0,    0,    0,  -10,    0,    0,    0,    0,    0,    0,    0,    0,    0,
       0,    0,    0,    0,    0,    0,    0,    0,    0,    0,    0,    0,    0,    0,    0,    0,    0,    0,    0,    0,    0,    0,    0,    0,    0,    0,    0,    0,    0,    0,    0,    0,    0,    0,    0,    0,    0,    0,    0,    0,    0,    0,    0,    0,    0,    0,    0,    0,    0,    0,    0,    0,    0,    0,    0,    0,    0,    0,    0,    0,    0,    0,    0,    0,    0,    0,    0,    0,    0,    0,    0,    0,    0,    0,    0,    0,    0,    0,    0,    0,    0,    0,    0,    0,    0,    0,    0,    0,    0,    0,    0,    0,    0,    0,    0,    0,    0,    0,    0,    0,    0,    0,    0,    0,    0,    0,    0,    0,    0,    0,    0,    0,    0,    0,    0,    0,    0,    0,    0,    0,    0,    0,    0,    0,    0,    0,    0,    0,    0,    0,    0,    0,    0,    0,    0,    0,    0,    0,    0,    0,    0,    0,    0,    0,    0,    2,    0,    0,    0,    0,    0,    0,
       0,    0,    0,    0,    0,    0,    0,    0,    0,    0,    0,    0,    0,    0,    0,  -45,    0,    0,    0,    0,    0,    0,    0,    0,    0,    0,    0,  -23,    0,    0,  -23,    0,  -62,    0,  -76,  -52,    0,  -93,    0,    0,    0,    0,    0,    0,    0,    0,    0,    0,    0,    0,  -25,    0,    0,    0,    0,    0,    0,    0,    0,    0,    0,    0,    0,    0,    0,    0,    0,    0,    0,    0,    0,    0,    0,    0,    0,    0,    0,    0,    0,  -25,    0,    0,    0,    0,    0,    0,    0,  -62,  -62,  -98,    0,    0,    0,    0,    0,    0,    0,    0,    0,  -23,  -19,  -78,    0,    0,    0,    0,    0,    0,    0,    0,    0,    0,    0,    0,    0,    0,    0,    0,    0,    0,    0,    0,    0,    0,    0,    0,    0,    0,    0,    0,    0,  -93,    0,    0,    0,    0,    0,    0,    0,    0,    0,    0,    0,    0,    0,    0,    0,  -15,   -9,    0,    0,    0,
       0,    0,    0,    0,    0,    0,    0,    0,    0,    0,    0,    0,    0,    0,    0,    0,    0,    0,    0,    0,    0,    0,    0,    0,    0,    0,    0,    0,    0,    0,    0,    0,    0,    0,    0,    0,    0,    0,    0,    0,    0,    0,    0,    0,    0,    0,    0,    0,    0,    0,    0,    0,    0,    0,    0,    0,    0,    0,    0,    0,    0,    0,    0,    0,    0,    0,    0,    0,    0,    0,    0,    0,    0,    0,    0,    0,    0,    0,    0,    0,    0,    0,    0,    0,    0,    0,    0,    0,    0,    0,    0,    0,    0,    0,    0,    0,    0,    0,    0,    0,    0,    0,    0,    0,    0,    0,    0,    0,    0,    0,    0,    0,    0,    0,    0,    0,    0,    0,    0,    0,    0,    0,    0,    0,    0,    0,    0,    0,    0,    0,    0,    0,    0,    0,    0,    0,    0,    0,    0,    0,    0,    0,    0,    0,    0,    0,   -9,    0,    0,    0,    0,    0,
       0,    0,    0,    0,    0,    0,    0,    0,    0,    0,    0,    0,    0,    0,    0,    0,    0,    0,    0,    0,    0,    0,    0,    0,    0,    0,    0,    0,    0,    0,    0,    0,    0,    0,    0,    0,    0,    0,    0,    0,    0,    0,    0,    0,    0,    0,    0,    0,    0,    0,    0,    0,    0,    0,    0,    0,    0,    0,    0,    0,    0,    0,    0,    0,    0,    0,    0,    0,    0,    0,    0,    0,    0,    0,    0,    0,    0,    0,    0,    0,    0,    0,    0,    0,    0,    0,    0,    0,    0,    0,    0,    0,    0,    0,    0,    0,    0,    0,    0,    0,    0,    0,    0,    0,    0,    0,    0,    0,    0,    0,    0,    0,    0,    0,    0,    0,    0,    0,    0,    0,    0,    0,    0,    0,    0,    0,    0,    0,    0,    0,    0,    0,    0,    0,    0,    0,    0,    0,    0,    0,    0,    0,    0,    0,    0,    0,    0,  -28,    0,    0,    0,    0,
       0,    0,    0,    0,    0,    0,    0,    0,    0,    0,    0,    0,    0,    0,    0,    0,    0,    0,    0,    0,    0,    0,    0,    0,    0,    0,    0,    0,    0,    0,    0,    0,    0,    0,    0,    0,    0,    0,    0,    0,    0,    0,    0,    0,    0,    0,    0,    0,    0,    0,    0,    0,    0,    0,    0,    0,    0,    0,    0,    0,    0,    0,    0,    0,    0,    0,    0,    0,    0,    0,    0,    0,    0,    0,    0,    0,    0,    0,    0,    0,    0,    0,    0,    0,    0,    0,    0,    0,    0,    0,    0,    0,    0,   24,    0,    0,    0,    0,    0,    0,    0,    0,    0,    0,    0,    0,    0,    0,    0,    0,    0,    0,    0,    0,    0,    0,    0,    0,    0,    0,    0,    0,    0,    0,    0,    0,    0,    0,    0,    0,    0,    0,    0,    0,    0,    0,    0,    0,    0,    0,    0,    0,    0,    0,    0,    0,    0,    0,    0,    0,    0,    0,
       0,    0,    0,    0,    0,    0,    0,    0,    0,    0,  -41,    0,  -41,  -24,    0,    0,    0,    0,    0,    0,    0,    0,    0,    0,    0,    0,    0,    0,    0,    0,    0,    0,    0,    0,    0,    0,    0,    0,    0,    0,  -30,    0,    0,    0,    0,    0,    0,    0,    0,    0,    0,    0,    0,    0,    0,    0,    0,    0,    0,    0,    0,    0,    0,    0,    0,    0,    0,    0,    0,    0,    0,    0,    0,    0,    0,    0,    0,    0,    0,    0,    0,    0,    0,    0,    0,    0,    0,    0,    0,    0,    0,    0,    0,    0,    0,    0,    0,    0,    0,    0,    0,    0,    0,    0,    0,    0,    0,    0,    0,    0,    0,    0,    0,    0,    0,    0,    0,    0,    0,    0,    0,    0,    0,    0,    0,    0,    0,    0,    0,    0,    0,    0,    0,    0,    0,    0,    0,    0,  -41,    0,    0,    0,    0,    0,    0,    0,    0,    0,    0,    0,    0,    0,
};

static const EpdFontData inksans_18_regular = {
    inksans_18_regularBitmaps,
    inksans_18_regularGlyphs,
    inksans_18_regularIntervals,
    62,
    45,
    37,
    -10,
    true,
    inksans_18_regularGroups,
    13,
    nullptr,
    inksans_18_regularKernLeftClasses,
    inksans_18_regularKernRightClasses,
    inksans_18_regularKernMatrix,
    771,
    771,
    152,
    152,
    nullptr,
    0,
};
