/**
 * generated by fontconvert.py
 * name: inksans_18_bold
 * size: 18
 * mode: 2-bit  compressed: true
 * Command used: fontconvert.py inksans_18_bold 18 ../builtinFonts/source/Inter/Inter-SemiBold.ttf ../builtinFonts/source/NotoSansHebrew/NotoSansHebrew-Bold.ttf --2bit --compress --pnum --additional-intervals 0x05D0,0x05F4
 */
#pragma once
#include "EpdFontData.h"

static const uint8_t inksans_18_boldBitmaps[38763] = {
    0xCD, 0x5A, 0xBF, 0x93, 0xE4, 0xC6, 0x75, 0x6E, 0xCC, 0x48, 0x37, 0x01, 0xCA, 0x85, 0xC4, 0x8C,
    0xAE, 0xCA, 0xC8, 0x9D, 0x20, 0x51, 0xEA, 0x02, 0x24, 0x06, 0x0C, 0xE5, 0xDC, 0xFF, 0x01, 0x15,
    0x9C, 0x02, 0xA5, 0xAE, 0x46, 0x49, 0x81, 0x02, 0x07, 0x62, 0xEE, 0x40, 0x0A, 0x14, 0x29, 0x51,
    0xE2, 0xC0, 0x89, 0x0D, 0xD8, 0x0C, 0x18, 0x30, 0x58, 0x14, 0x19, 0x30, 0x50, 0x70, 0xA0, 0x74,
    0x89, 0x4A, 0xC1, 0xA2, 0x24, 0x48, 0x87, 0xA3, 0x00, 0xB4, 0xBE, 0xEF, 0x7B, 0x8D, 0x19, 0xEC,
    0xDE, 0xEE, 0xFD, 0xE2, 0xD2, 0xE5, 0x59, 0xE0, 0x01, 0x3B, 0xD3, 0xFD, 0xBA, 0xFB, 0xFD, 0x7E,
    0xAF, 0xBB, 0xE9, 0x9B, 0xF8, 0xE7, 0x7B, 0xDF, 0xDD, 0xF7, 0xE7, 0xF4, 0x29, 0xEA, 0xA6, 0x0F,
    0x43, 0x18, 0x9A, 0xBE, 0xA8, 0xCB, 0x2E, 0xB4, 0x76, 0x37, 0xF5, 0xF9, 0x6E, 0xF7, 0xB7, 0xAF,
    0xB6, 0xDB, 0x25, 0x8B, 0x2B, 0x5B, 0x77, 0x98, 0x5D, 0x59, 0xBB, 0xE3, 0x06, 0xF1, 0xFD, 0x71,
    0x72, 0xDE, 0xB9, 0xD3, 0xE8, 0x1A, 0xC1, 0xE0, 0x4E, 0x01, 0x9F, 0x35, 0x25, 0x5C, 0x0C, 0x66,
    0x84, 0xB3, 0xCB, 0x7A, 0xF4, 0x76, 0x79, 0x87, 0x7E, 0xAE, 0x68, 0x23, 0x9C, 0x1C, 0xD0, 0x1E,
    0x47, 0xC0, 0x1A, 0xBD, 0x4B, 0xB6, 0x1C, 0x0C, 0x7A, 0xC2, 0x5E, 0xB0, 0x03, 0xDA, 0xAC, 0x77,
    0x80, 0x39, 0x96, 0xB1, 0xA2, 0x9F, 0x73, 0x0B, 0xE1, 0x7E, 0x52, 0x06, 0x9D, 0xCB, 0x2A, 0x77,
    0x17, 0x3C, 0x84, 0x95, 0xCB, 0x07, 0x4A, 0xE0, 0xE1, 0x74, 0x8E, 0xC4, 0xEC, 0xD2, 0xF0, 0xF3,
    0x9F, 0x87, 0x2A, 0x5B, 0xB2, 0xEF, 0x85, 0x36, 0x9F, 0xB2, 0x0A, 0x70, 0xCC, 0x2A, 0xAF, 0x77,
    0x4C, 0x76, 0x26, 0xCC, 0xC2, 0xF7, 0x01, 0xB1, 0x16, 0x40, 0xF4, 0xC2, 0x64, 0x5D, 0xC3, 0x49,
    0xF1, 0x2B, 0xCC, 0xDF, 0x3D, 0x01, 0x1E, 0xB4, 0xFA, 0x75, 0xC0, 0xF0, 0xC4, 0xC3, 0x11, 0x9B,
    0xEE, 0xBD, 0x0A, 0x78, 0xFA, 0xB2, 0x17, 0x1C, 0xF0, 0x4D, 0x5F, 0xCC, 0xD9, 0x77, 0x43, 0x97,
    0x87, 0xEF, 0xFF, 0x4B, 0x68, 0x45, 0x99, 0x8A, 0x73, 0x58, 0x84, 0x0D, 0x48, 0x1F, 0x85, 0xB5,
    0xBA, 0x63, 0xE6, 0x49, 0x03, 0xB4, 0xA0, 0x53, 0xCA, 0x36, 0xE9, 0xE0, 0xF2, 0x40, 0x2A, 0xB6,
    0xAE, 0xFC, 0x9F, 0x95, 0x54, 0x73, 0x65, 0x05, 0xCA, 0xE3, 0xF2, 0xF8, 0x4B, 0x66, 0x7B, 0x92,
    0xAC, 0x7C, 0xA2, 0xB9, 0x7E, 0x47, 0x73, 0xB5, 0x27, 0x81, 0xD8, 0x1F, 0xCD, 0x89, 0x8F, 0xCD,
    0x89, 0x9F, 0xCD, 0xF9, 0x61, 0x73, 0x7E, 0xD8, 0x9C, 0x9F, 0xB2, 0x7E, 0x44, 0xA2, 0xA1, 0x79,
    0xC1, 0xE5, 0xA2, 0x79, 0x13, 0x06, 0x4D, 0x26, 0x9C, 0x26, 0x36, 0x4F, 0x66, 0xB1, 0xB4, 0xB5,
    0x67, 0x59, 0x1F, 0xF4, 0x6C, 0x9C, 0xFE, 0x4F, 0x66, 0x7B, 0x92, 0xBB, 0x6C, 0x4F, 0xEC, 0xEC,
    0x4F, 0xEC, 0xC4, 0x57, 0x62, 0x71, 0xA7, 0x95, 0x9C, 0x21, 0xDB, 0x72, 0x91, 0xB2, 0x11, 0x97,
    0x48, 0x1A, 0x7C, 0x5D, 0xE1, 0x87, 0xE3, 0xEA, 0x7C, 0xEB, 0x8E, 0xE2, 0x33, 0x20, 0xDF, 0x57,
    0x87, 0xEF, 0x0F, 0xE1, 0x7D, 0x12, 0x3D, 0x3C, 0x5D, 0xD4, 0x8B, 0x7D, 0x4B, 0xCE, 0x11, 0x98,
    0x9D, 0x30, 0x38, 0xF1, 0xAA, 0xCD, 0x86, 0x2C, 0x34, 0x43, 0x3E, 0x14, 0x33, 0xFE, 0xC0, 0x87,
    0x74, 0x2D, 0xA1, 0x23, 0xC7, 0xD0, 0x50, 0x23, 0xF0, 0x3B, 0x60, 0x19, 0xAA, 0x92, 0x64, 0x75,
    0xC5, 0x02, 0x4C, 0x4E, 0xD2, 0x5A, 0x4B, 0x8A, 0x7B, 0xB4, 0x58, 0xCB, 0xD1, 0x3D, 0x0E, 0x1F,
    0x65, 0x73, 0xD9, 0x9D, 0xFF, 0xDA, 0xCB, 0x9F, 0x2B, 0x3B, 0xD7, 0xB4, 0x2E, 0x54, 0x87, 0x80,
    0xF1, 0xDC, 0x69, 0x71, 0x29, 0x24, 0x7D, 0x76, 0xF9, 0xE4, 0x0A, 0xC8, 0xF3, 0xA0, 0xAB, 0x77,
    0x1E, 0x57, 0xC7, 0xAB, 0x51, 0xF3, 0x46, 0x2F, 0xFC, 0xA6, 0xE7, 0xAF, 0xD6, 0x0C, 0xED, 0xB3,
    0x89, 0x7D, 0xD3, 0x85, 0x8B, 0x04, 0x42, 0x2E, 0xB4, 0xE1, 0x10, 0x58, 0x36, 0x9A, 0x15, 0x43,
    0x6C, 0x70, 0x52, 0x03, 0x0C, 0x07, 0x1A, 0x25, 0x68, 0xC3, 0xAB, 0x15, 0xDE, 0x36, 0x0E, 0xE3,
    0xFB, 0xDD, 0xB5, 0x8D, 0x1A, 0x78, 0xA1, 0x7D, 0x9C, 0xEA, 0xAA, 0xA9, 0x4E, 0x44, 0xCB, 0x19,
    0x82, 0x2B, 0xA7, 0xFE, 0x7C, 0xFF, 0xDD, 0xA9, 0xFF, 0x51, 0xF1, 0xC9, 0x67, 0x73, 0xF9, 0xD7,
    0x6B, 0x6A, 0x71, 0xEF, 0x1A, 0x30, 0xC6, 0xAF, 0xD4, 0xEE, 0x0E, 0xFA, 0xB9, 0x94, 0x5F, 0x7C,
    0x3E, 0xFF, 0xC3, 0xA9, 0xFF, 0xCF, 0x6F, 0xED, 0xFA, 0xB8, 0x84, 0xCC, 0x7B, 0x3D, 0x68, 0xA8,
    0x7F, 0xB7, 0xC0, 0x1B, 0x74, 0xCB, 0xA6, 0x7C, 0x2C, 0x86, 0x62, 0x88, 0x0C, 0xA8, 0x3D, 0x04,
    0xFB, 0xBF, 0x9D, 0x27, 0x13, 0x77, 0x37, 0x0C, 0x5C, 0x27, 0x03, 0xD7, 0x15, 0x10, 0xAB, 0xA2,
    0xA3, 0x7D, 0x71, 0x5A, 0x1D, 0xF5, 0x88, 0x2A, 0x0C, 0xBA, 0x26, 0xB8, 0x0F, 0x40, 0x09, 0x89,
    0xA2, 0x19, 0x73, 0x27, 0xDC, 0x29, 0x64, 0x28, 0x83, 0xA8, 0x66, 0x10, 0xD3, 0xBC, 0x7F, 0x90,
    0xAE, 0xBC, 0xA1, 0x5F, 0x14, 0x4E, 0x48, 0x55, 0x4D, 0x11, 0xA5, 0xFE, 0x44, 0xF3, 0xD3, 0xE5,
    0x24, 0x27, 0xAF, 0x6C, 0xA1, 0x12, 0x80, 0xB1, 0x8E, 0xE6, 0x87, 0xB0, 0xA0, 0xAE, 0x74, 0x10,
    0x0A, 0x47, 0xE3, 0x81, 0x8E, 0x06, 0x87, 0x7B, 0x60, 0x6F, 0x2D, 0xD9, 0xCB, 0x77, 0x86, 0xC1,
    0xB0, 0x19, 0x66, 0x1B, 0xC5, 0x46, 0xB4, 0xD1, 0x49, 0xB6, 0x61, 0x9B, 0xD5, 0x36, 0x43, 0x7E,
    0x8B, 0xF5, 0xD1, 0x28, 0x06, 0x4E, 0xD5, 0xF9, 0x3F, 0xE2, 0xFE, 0x71, 0x70, 0xFF, 0x0A, 0x89,
    0xF9, 0x21, 0xE5, 0xF1, 0x21, 0x6F, 0x28, 0x15, 0x27, 0x63, 0x86, 0xB8, 0xA2, 0xD6, 0xB5, 0xC5,
    0x92, 0x04, 0x2E, 0xA8, 0x1C, 0x21, 0xB3, 0xF9, 0x04, 0x91, 0xCD, 0xA6, 0x0F, 0x6B, 0xCA, 0xA8,
    0x33, 0x50, 0xD0, 0xF6, 0x72, 0xAD, 0x8E, 0xBA, 0x7E, 0xA0, 0xA9, 0x4D, 0xA9, 0xE9, 0x39, 0xAD,
    0x80, 0x1F, 0xC9, 0x1D, 0x8A, 0x22, 0x17, 0xC5, 0xA5, 0x3A, 0x3F, 0xDD, 0xF8, 0x8A, 0x4D, 0xFD,
    0x9D, 0xC2, 0xD7, 0x3C, 0x33, 0xE7, 0x50, 0x89, 0x3E, 0xBD, 0xE6, 0x44, 0x93, 0x5B, 0x15, 0xD2,
    0xE6, 0x74, 0x75, 0xA0, 0x2A, 0x94, 0x26, 0x1F, 0x08, 0x65, 0x5B, 0x04, 0x65, 0x1E, 0x53, 0x8E,
    0xAE, 0xB1, 0x9C, 0xDC, 0x8B, 0x93, 0x11, 0x73, 0x72, 0x11, 0x5A, 0xE1, 0xD9, 0x2C, 0x1D, 0x39,
    0x80, 0x4B, 0x64, 0xF0, 0xC0, 0x9D, 0x7F, 0x24, 0x05, 0x5A, 0xAC, 0x27, 0xC1, 0xDA, 0x27, 0xFC,
    0x5A, 0x67, 0xA1, 0xCA, 0x45, 0xFF, 0x40, 0xC6, 0xC9, 0x2D, 0x50, 0xA8, 0xE9, 0x1C, 0x46, 0x99,
    0x64, 0x59, 0xBA, 0x44, 0xF0, 0x28, 0x98, 0x06, 0x63, 0x9E, 0x59, 0x40, 0x42, 0xFF, 0x54, 0x33,
    0xB9, 0x9A, 0x48, 0x21, 0x92, 0xED, 0xB8, 0x12, 0x66, 0x33, 0x21, 0xBC, 0x1B, 0x5D, 0xEE, 0x40,
    0xD8, 0xB4, 0x84, 0x18, 0x94, 0x43, 0x93, 0xC0, 0xB0, 0x2B, 0x66, 0x60, 0xB2, 0x29, 0x5A, 0xA3,
    0xBD, 0x43, 0xDE, 0xC3, 0x8D, 0x21, 0x77, 0x43, 0xA3, 0xDE, 0xE9, 0x25, 0x98, 0x8A, 0x14, 0xE9,
    0xCB, 0x5D, 0x46, 0x83, 0x4F, 0xC0, 0x85, 0xEC, 0x39, 0x6D, 0x77, 0x2E, 0xAF, 0x9F, 0x6B, 0xA8,
    0x62, 0xAD, 0x1A, 0xB0, 0xE8, 0x97, 0xC6, 0x65, 0xB9, 0x0C, 0x77, 0x83, 0x0B, 0x87, 0x0D, 0x96,
    0x64, 0x1C, 0xE5, 0x03, 0x6D, 0x0A, 0x5B, 0xC8, 0x4A, 0xBE, 0x9C, 0x84, 0x87, 0xF4, 0xA4, 0x3E,
    0x8B, 0x3B, 0x8F, 0xC4, 0x28, 0xD7, 0xBC, 0x10, 0x09, 0xF9, 0x7D, 0x29, 0x6A, 0x47, 0xCA, 0xC3,
    0x4B, 0x13, 0x15, 0xF8, 0x85, 0x39, 0x27, 0x22, 0x11, 0xC5, 0x4C, 0xF3, 0x2C, 0x86, 0xC7, 0x2F,
    0x48, 0xC2, 0x86, 0x3E, 0xEC, 0x77, 0xEC, 0x55, 0xFE, 0x81, 0x5C, 0x86, 0xFF, 0x29, 0xA8, 0x37,
    0x18, 0xAE, 0x2A, 0xD5, 0xAB, 0x9C, 0xC4, 0xDF, 0x31, 0x72, 0x19, 0x04, 0x2F, 0xF4, 0x9E, 0x4F,
    0x51, 0x43, 0xD1, 0x26, 0x5D, 0x6D, 0x20, 0xEA, 0x66, 0xB2, 0xD7, 0xCD, 0xFC, 0xA2, 0x9B, 0x92,
    0xD9, 0x5B, 0x80, 0xD3, 0x21, 0x20, 0x76, 0xE7, 0xC9, 0x90, 0x46, 0xA2, 0xD7, 0x46, 0x87, 0x2A,
    0xD2, 0xA4, 0x5C, 0x2A, 0x2D, 0x01, 0xC9, 0x11, 0x35, 0xE7, 0x95, 0xCD, 0xF2, 0x73, 0x33, 0xBF,
    0x35, 0x4B, 0xCE, 0xCD, 0x8C, 0xF2, 0xB7, 0x74, 0x65, 0x10, 0xB7, 0x67, 0x6A, 0x18, 0xFC, 0x27,
    0xEC, 0x0D, 0xED, 0xD9, 0x1C, 0x05, 0xEA, 0x70, 0x86, 0xF3, 0xE6, 0x72, 0x16, 0x8A, 0x39, 0x67,
    0xD3, 0x48, 0x57, 0x72, 0xE1, 0xF1, 0xE4, 0xF6, 0x59, 0xE7, 0x40, 0x89, 0x9C, 0xED, 0x2B, 0xAC,
    0x2D, 0x31, 0xCA, 0xDD, 0x82, 0xFC, 0xB5, 0xCD, 0xA9, 0x2B, 0x15, 0x75, 0x65, 0x15, 0x6F, 0xA7,
    0x88, 0x07, 0xBC, 0x9D, 0x24, 0x0F, 0xE7, 0x79, 0x26, 0x61, 0xC3, 0x0F, 0xA1, 0x96, 0x4E, 0xE7,
    0xD2, 0xE9, 0x62, 0x8C, 0xF2, 0x92, 0x60, 0x2C, 0xC6, 0x85, 0xB5, 0x60, 0xD4, 0xC8, 0x92, 0xBF,
    0xB6, 0x68, 0x9C, 0x82, 0x57, 0xA1, 0xF2, 0xA1, 0xA5, 0x1C, 0x35, 0xED, 0x81, 0x66, 0x03, 0x8E,
    0x16, 0x5E, 0xA6, 0x05, 0x96, 0x2A, 0x28, 0x5A, 0x92, 0x4E, 0x03, 0x4F, 0x21, 0x0B, 0x01, 0xCC,
    0x58, 0x6C, 0x66, 0xC6, 0x03, 0x7D, 0x4D, 0x27, 0xCC, 0xF6, 0x2B, 0xFC, 0x59, 0x35, 0xC3, 0x5E,
    0x01, 0xF9, 0xCE, 0x5F, 0xDD, 0xFC, 0xEC, 0x7F, 0x3B, 0xF5, 0xD9, 0x9C, 0xE3, 0x2F, 0x9B, 0x4F,
    0xBD, 0xBB, 0xE3, 0x73, 0xB7, 0x77, 0x3C, 0x7F, 0x7E, 0xE4, 0x14, 0x9E, 0x9B, 0x95, 0x54, 0x28,
    0xC9, 0x50, 0x8C, 0x31, 0x6D, 0xD2, 0x60, 0x1A, 0x39, 0xC3, 0x50, 0x11, 0x4F, 0xB4, 0x93, 0xB1,
    0x11, 0x67, 0x8A, 0x20, 0x33, 0xC2, 0xD5, 0x15, 0x6C, 0x93, 0x44, 0xAE, 0xC9, 0xD6, 0xB2, 0xD5,
    0x63, 0xE9, 0xC4, 0x7F, 0x58, 0xBC, 0x48, 0x0A, 0xDF, 0x02, 0xEE, 0xBE, 0xCF, 0xBD, 0x8D, 0xBF,
    0x63, 0xA1, 0x27, 0x81, 0x19, 0x35, 0x39, 0xCE, 0x17, 0x9A, 0x46, 0x77, 0x99, 0x86, 0xE2, 0x6F,
    0xCA, 0x6C, 0x23, 0xF9, 0x9E, 0xC9, 0x77, 0x29, 0xCF, 0xB8, 0x5F, 0x16, 0x63, 0x64, 0xCE, 0xB8,
    0xA4, 0xED, 0x28, 0x69, 0x90, 0xFF, 0xE9, 0x32, 0x85, 0xC7, 0xAB, 0x64, 0x43, 0x1D, 0x56, 0x59,
    0x9B, 0xBA, 0x9C, 0xC1, 0x73, 0xA8, 0x53, 0xE8, 0x14, 0x45, 0xC1, 0xFB, 0x48, 0x11, 0x9A, 0x2E,
    0x6A, 0xC3, 0x91, 0x40, 0x8E, 0xA4, 0x59, 0x38, 0xA3, 0x21, 0x1A, 0x75, 0xF9, 0x00, 0xD9, 0xB7,
    0x8B, 0xB7, 0xBA, 0xF5, 0x11, 0xDF, 0xF2, 0x6D, 0xB2, 0x06, 0xF4, 0x6F, 0x64, 0xE8, 0x0F, 0xC2,
    0xEF, 0x2D, 0x0A, 0x0F, 0xE6, 0x39, 0x14, 0x27, 0x2D, 0x16, 0xC7, 0x06, 0x71, 0x20, 0x83, 0x48,
    0x9F, 0x38, 0xA4, 0xAD, 0x86, 0x1E, 0xBE, 0x37, 0xF5, 0x4D, 0x36, 0xF1, 0x33, 0x8B, 0x08, 0x4B,
    0x83, 0xB8, 0xE4, 0xD1, 0x8B, 0x6F, 0xFF, 0x73, 0xD9, 0x61, 0x2A, 0x3E, 0x5C, 0xF5, 0x45, 0x9F,
    0x0D, 0xD4, 0x03, 0x3C, 0xF2, 0xE1, 0x68, 0x2F, 0x45, 0x9F, 0xC2, 0xE3, 0xF6, 0xE9, 0x88, 0x56,
    0x0C, 0x02, 0x4F, 0x63, 0xD9, 0x22, 0x7E, 0xC9, 0xFB, 0xD3, 0x54, 0xB6, 0x48, 0xAF, 0xB2, 0xBB,
    0x5E, 0xC6, 0xF8, 0x92, 0x9E, 0x5F, 0x20, 0x73, 0xE8, 0x55, 0x08, 0xA1, 0xF0, 0xE8, 0x45, 0xBE,
    0xBC, 0xB3, 0xB1, 0x18, 0x88, 0x4F, 0x60, 0x1F, 0xAC, 0x25, 0x0D, 0x6A, 0x13, 0xFE, 0x37, 0x28,
    0x84, 0xC5, 0xCC, 0x9F, 0xF4, 0x31, 0x01, 0x90, 0x12, 0x6D, 0xA2, 0xED, 0x97, 0xF8, 0x92, 0x63,
    0xC9, 0x8F, 0x68, 0x8F, 0x14, 0x90, 0x8F, 0x1B, 0x59, 0xE6, 0x8D, 0x50, 0x63, 0x24, 0xDD, 0x8B,
    0x48, 0x3A, 0xE9, 0x62, 0x66, 0x8F, 0xDC, 0xD0, 0x95, 0x72, 0x57, 0xAE, 0xBC, 0xD6, 0xC3, 0x5F,
    0x89, 0x35, 0xE1, 0x4A, 0x28, 0xC2, 0xBF, 0x2D, 0xA2, 0xDB, 0x07, 0xAB, 0xE8, 0x7C, 0xB4, 0xB4,
    0xE1, 0x10, 0x94, 0x9A, 0x88, 0xA8, 0x50, 0x60, 0x65, 0x74, 0xB3, 0x42, 0x0E, 0xD8, 0x47, 0xDA,
    0xCF, 0x52, 0xA1, 0xBD, 0xE2, 0xF6, 0xD1, 0x26, 0x34, 0x49, 0xB5, 0x39, 0xAF, 0x70, 0x76, 0xDE,
    0x41, 0x0E, 0xC4, 0xCC, 0xBB, 0xC4, 0x84, 0x76, 0x36, 0x51, 0x50, 0xB6, 0x45, 0x68, 0x58, 0xB1,
    0x2C, 0xB3, 0x1F, 0x4A, 0x0B, 0x6D, 0xFC, 0x66, 0xC7, 0x30, 0xB6, 0x97, 0xC9, 0x30, 0x6B, 0x0F,
    0x29, 0x84, 0x79, 0x05, 0x04, 0x0E, 0x2F, 0x37, 0x77, 0x1B, 0xEA, 0xFB, 0x4C, 0x6D, 0xFC, 0xA4,
    0x5E, 0x1D, 0xE1, 0x6A, 0xD8, 0xFA, 0x0B, 0x9E, 0x3C, 0xF6, 0x42, 0x5E, 0xCA, 0xD9, 0x78, 0x99,
    0xBC, 0x5B, 0xF0, 0x20, 0xF8, 0x98, 0x56, 0x8F, 0xCB, 0x88, 0x7D, 0x37, 0x3C, 0xF2, 0x03, 0x8A,
    0xDF, 0xB8, 0xCE, 0xC5, 0x99, 0xBF, 0x6E, 0x5D, 0x9C, 0x31, 0x6D, 0x48, 0x23, 0x13, 0x4D, 0xFF,
    0x7B, 0xD2, 0xDA, 0x39, 0x33, 0xA6, 0x2B, 0x12, 0x78, 0x38, 0x00, 0xE3, 0x5B, 0x39, 0xBC, 0xDB,
    0x23, 0x76, 0x8F, 0xC8, 0x22, 0xEA, 0x38, 0x50, 0x1C, 0x36, 0x4E, 0x62, 0x9B, 0x52, 0x9C, 0x60,
    0x9C, 0xAE, 0x4D, 0x1E, 0x3F, 0x3D, 0xDB, 0xD3, 0x7A, 0x14, 0x14, 0x05, 0x0B, 0x51, 0xC7, 0xA8,
    0xE0, 0x58, 0x57, 0x11, 0x6F, 0x68, 0xAE, 0x47, 0xC2, 0x6C, 0x12, 0x9C, 0x2F, 0x30, 0xBD, 0x07,
    0xEE, 0xDB, 0x58, 0x2F, 0xC3, 0x60, 0xD8, 0x42, 0x2F, 0x4E, 0x70, 0x94, 0x27, 0x46, 0xEB, 0x65,
    0x37, 0x93, 0x7A, 0x37, 0xC3, 0xF1, 0x36, 0xE8, 0x37, 0x1F, 0xFD, 0x1A, 0x40, 0x39, 0xF0, 0x5B,
    0x25, 0x25, 0x82, 0xB7, 0xE8, 0xAB, 0xD1, 0xA6, 0x9B, 0x60, 0xB8, 0x0D, 0xDE, 0x14, 0xDF, 0x86,
    0xB4, 0xBD, 0x0D, 0xDE, 0x0A, 0xC1, 0x19, 0xBC, 0x9D, 0x0C, 0x9E, 0x36, 0x19, 0xAC, 0x25, 0x36,
    0xBF, 0x7A, 0x9D, 0x0C, 0x22, 0x23, 0x69, 0xEF, 0x7B, 0x6C, 0xA1, 0x1C, 0x63, 0xB9, 0xD9, 0xC5,
    0x44, 0x8B, 0xE6, 0xF7, 0x65, 0x19, 0xF4, 0x77, 0xC9, 0xE0, 0x45, 0x81, 0x5E, 0x25, 0x3B, 0x6F,
    0x05, 0xC3, 0x16, 0x19, 0xDE, 0x82, 0x0F, 0x85, 0xBF, 0x7F, 0xB7, 0xBF, 0x8D, 0xA4, 0x0F, 0x0F,
    0xE0, 0x92, 0xF7, 0x80, 0x95, 0x14, 0xE6, 0x8E, 0x4D, 0x5F, 0x2E, 0x07, 0x06, 0x87, 0xB1, 0x88,
    0x43, 0x07, 0x3F, 0x91, 0xD8, 0xE6, 0xC9, 0xBD, 0xD6, 0x23, 0x99, 0x35, 0xBD, 0xCB, 0xA4, 0xE9,
    0x66, 0x5B, 0x11, 0x6B, 0xFB, 0x9E, 0xF9, 0xA2, 0xEF, 0xC9, 0x41, 0xDF, 0x2B, 0x27, 0xEE, 0xE9,
    0x68, 0x7D, 0xDF, 0x30, 0x17, 0xFB, 0x92, 0x4E, 0xC0, 0xFF, 0x4E, 0x72, 0xF6, 0x07, 0xBA, 0x17,
    0x8B, 0xD5, 0x7D, 0x8C, 0xDB, 0x7F, 0xA6, 0x22, 0x09, 0x85, 0xC0, 0x4F, 0xCC, 0x4E, 0x19, 0x48,
    0x58, 0x0D, 0x66, 0x94, 0x55, 0x91, 0xFD, 0xCD, 0x64, 0xA9, 0x4F, 0x7B, 0x0B, 0x63, 0x3A, 0xE9,
    0xA5, 0xD5, 0xC5, 0xFC, 0x8E, 0xEA, 0xF0, 0xF5, 0xC1, 0x2D, 0x33, 0x61, 0x40, 0xA5, 0x4F, 0x28,
    0xBA, 0xE2, 0x0F, 0x3C, 0x15, 0xFF, 0xE0, 0xD9, 0xC9, 0xB3, 0x7A, 0x05, 0x57, 0x7C, 0x8A, 0x0C,
    0x83, 0xBF, 0x66, 0x86, 0xD3, 0x0C, 0xFE, 0x29, 0x5D, 0xA1, 0x1F, 0xFC, 0x6F, 0x66, 0x2C, 0x12,
    0xEC, 0xF9, 0x82, 0x79, 0x0E, 0x9E, 0x9F, 0x43, 0x3B, 0x56, 0x3C, 0x7F, 0x8B, 0x34, 0x77, 0xC6,
    0xF3, 0x4B, 0x16, 0x3E, 0xC8, 0x3E, 0xA6, 0x45, 0x7C, 0x22, 0xD8, 0x1D, 0xF8, 0x64, 0xE1, 0x83,
    0x4F, 0xC0, 0x9E, 0xCF, 0x62, 0xF0, 0x2D, 0x9F, 0xF9, 0xD8, 0xE8, 0x99, 0x4D, 0xAC, 0xDB, 0xF9,
    0x3E, 0x9D, 0x83, 0xD8, 0x7F, 0x5C, 0x57, 0x7B, 0xC2, 0x18, 0xF0, 0x99, 0x30, 0x25, 0x23, 0x9F,
    0xC1, 0x7E, 0x3D, 0x9B, 0xD1, 0x9E, 0x7E, 0x88, 0xE2, 0x42, 0x89, 0xF1, 0xCA, 0x8F, 0xA9, 0xA4,
    0x80, 0xC1, 0x60, 0x25, 0xD8, 0x0A, 0xF6, 0x82, 0x03, 0xE1, 0xF5, 0x4C, 0xF8, 0x1B, 0x06, 0x2E,
    0x90, 0x00, 0xC2, 0xDF, 0x86, 0x1A, 0xB0, 0x0F, 0x1D, 0xA1, 0x1F, 0x08, 0xCB, 0x91, 0x30, 0x9B,
    0x09, 0xD3, 0x95, 0xF0, 0x18, 0xDE, 0x5F, 0x39, 0x9B, 0x8F, 0x57, 0xCE, 0xE1, 0x73, 0xC2, 0xF2,
    0x4F, 0x84, 0xF9, 0xF3, 0x55, 0xF2, 0xB7, 0x4A, 0x1A, 0x56, 0x49, 0xC3, 0x2A, 0x69, 0x10, 0xF4,
    0x82, 0xA5, 0x20, 0x6D, 0xC9, 0xDB, 0xF9, 0xDB, 0xCA, 0x0C, 0x52, 0x1D, 0xCD, 0x93, 0x8C, 0x95,
    0x15, 0x94, 0x62, 0x45, 0x29, 0x96, 0x8E, 0xDE, 0xE4, 0x01, 0xDA, 0x5B, 0xF7, 0x1B, 0xB6, 0xAE,
    0x8D, 0x03, 0xBD, 0xCE, 0xDF, 0xAE, 0xF7, 0xFA, 0x5B, 0x8B, 0x6D, 0x26, 0xE9, 0x87, 0xC5, 0x36,
    0xBB, 0x78, 0xE6, 0x10, 0xF5, 0xA3, 0x56, 0x94, 0x52, 0x9F, 0xDF, 0xED, 0x7B, 0x6B, 0x93, 0x85,
    0xAD, 0xAF, 0xE1, 0x39, 0xC7, 0x39, 0xD5, 0x36, 0x96, 0xDC, 0xC4, 0xDB, 0xC2, 0x77, 0x8A, 0x6D,
    0x5E, 0x4D, 0xEB, 0xFE, 0x5D, 0x68, 0xDD, 0xB4, 0xA2, 0x75, 0xF9, 0xA5, 0x68, 0x9D, 0x3D, 0x17,
    0xAD, 0x4F, 0x2C, 0x8F, 0x84, 0x89, 0x52, 0x1E, 0x43, 0x05, 0x4D, 0xB0, 0x77, 0x5B, 0xBD, 0x08,
    0x93, 0xFF, 0x77, 0xC5, 0xB6, 0xB1, 0x2E, 0xA2, 0x88, 0xEE, 0xB5, 0x51, 0xE5, 0x4B, 0x94, 0x4F,
    0x6E, 0x50, 0xBE, 0x3A, 0x47, 0x8C, 0xD6, 0xF2, 0xC9, 0xBA, 0x8B, 0x09, 0x87, 0x1D, 0x66, 0x27,
    0xDB, 0x59, 0xC9, 0x8E, 0xD2, 0x82, 0x32, 0x6A, 0x36, 0x9D, 0xA3, 0xDC, 0x8B, 0xD7, 0xF9, 0xCE,
    0x0A, 0x6E, 0x23, 0xD6, 0x92, 0xFB, 0xCE, 0x25, 0x2A, 0xC8, 0xE4, 0x96, 0x89, 0x6E, 0xC5, 0x41,
    0xE4, 0x09, 0xA1, 0x46, 0x16, 0xAD, 0x82, 0x49, 0x2C, 0x9E, 0xB0, 0x14, 0xF3, 0x61, 0x9D, 0x5B,
    0x59, 0x66, 0xB1, 0xA0, 0xBF, 0x56, 0x06, 0xB0, 0xDA, 0x2E, 0x8D, 0xED, 0x0B, 0x90, 0x2E, 0x8F,
    0x2D, 0x5D, 0xB0, 0x5D, 0x1A, 0x7C, 0xD7, 0x2A, 0x9B, 0xB0, 0x0C, 0xAB, 0x7F, 0xAF, 0x12, 0x93,
    0xFA, 0x8D, 0x55, 0xB0, 0x3E, 0x93, 0x46, 0x61, 0x65, 0xC1, 0x76, 0x69, 0x44, 0x58, 0xA3, 0x76,
    0xCF, 0x24, 0xF3, 0x85, 0x51, 0x32, 0xEE, 0x50, 0xDD, 0x80, 0x5B, 0xFC, 0xF0, 0xFF, 0x05, 0xBE,
    0x14, 0x81, 0x7E, 0x83, 0xB0, 0x34, 0xC8, 0xAA, 0xF2, 0x44, 0x98, 0x4F, 0xCC, 0x6C, 0xCA, 0x91,
    0xCA, 0x11, 0x86, 0x34, 0x7C, 0x04, 0x9A, 0x2B, 0x17, 0xAC, 0xAC, 0xC8, 0x46, 0x2E, 0x0F, 0x2C,
    0x27, 0xAD, 0xB1, 0x88, 0x55, 0x0E, 0x4A, 0x89, 0xFD, 0x10, 0x13, 0xA3, 0x98, 0x26, 0xA5, 0x2A,
    0xBA, 0xB7, 0x47, 0x95, 0x8D, 0xEB, 0x98, 0x50, 0x51, 0xB8, 0xA8, 0x7C, 0xAC, 0xC0, 0x2C, 0x92,
    0x1C, 0x76, 0x82, 0x94, 0x51, 0x07, 0x6D, 0x2F, 0x25, 0xEE, 0xBF, 0x48, 0xDC, 0x06, 0x25, 0x70,
    0x4C, 0xE2, 0xD1, 0x9A, 0x02, 0x70, 0x5A, 0x63, 0x36, 0xAF, 0x54, 0x2F, 0x6E, 0x26, 0x25, 0xE1,
    0x27, 0x56, 0xB8, 0xFD, 0x44, 0x02, 0xD5, 0x7C, 0x2A, 0x35, 0xB2, 0x72, 0x2A, 0xD2, 0x47, 0x2B,
    0xFE, 0x59, 0x32, 0x99, 0x59, 0x6A, 0x99, 0x99, 0x18, 0x29, 0xED, 0x54, 0x26, 0xA8, 0xF2, 0x14,
    0xD7, 0x1D, 0x54, 0x42, 0xE2, 0x6C, 0xA0, 0x93, 0x56, 0xDC, 0x67, 0xD5, 0xF6, 0x28, 0x29, 0x3E,
    0x48, 0xB0, 0xAD, 0x16, 0xB6, 0x15, 0xC6, 0xA8, 0xD0, 0x7A, 0x00, 0xC6, 0x32, 0x99, 0x4B, 0xBF,
    0x52, 0xE5, 0x0C, 0x73, 0xCC, 0x5E, 0xE8, 0x8D, 0x95, 0xC8, 0x11, 0x49, 0x94, 0xA9, 0xC0, 0x60,
    0x79, 0x14, 0x77, 0x0B, 0x1A, 0xAB, 0x2F, 0x76, 0x65, 0xEF, 0xDB, 0xB8, 0x6B, 0xD0, 0x95, 0x5D,
    0x4C, 0x34, 0xDA, 0xB2, 0x6F, 0x58, 0x74, 0xC2, 0x5B, 0xD1, 0xCB, 0x7F, 0x0F, 0x4D, 0xCD, 0xDE,
    0xAC, 0xB9, 0x02, 0xF7, 0x40, 0x1A, 0xC0, 0x9D, 0xBA, 0xEC, 0xCF, 0xAA, 0x06, 0x2E, 0x36, 0x32,
    0xA8, 0xB4, 0xC0, 0xC4, 0x7D, 0x65, 0xA9, 0xF1, 0xA2, 0xDB, 0xC5, 0x19, 0xCF, 0x32, 0x2F, 0xB6,
    0x12, 0xAB, 0x47, 0x5B, 0x4D, 0x5A, 0x95, 0x23, 0x4B, 0xCA, 0x65, 0x2C, 0x07, 0xF3, 0x5D, 0x07,
    0xDA, 0x2D, 0x32, 0xAE, 0x3A, 0x6C, 0xDE, 0x42, 0x76, 0x80, 0x71, 0x11, 0xE9, 0x06, 0xC6, 0x93,
    0xA0, 0xAC, 0x19, 0x90, 0x39, 0xE1, 0x68, 0x5C, 0xF9, 0xE9, 0xBA, 0x4B, 0xD5, 0xBD, 0xA1, 0x2D,
    0x37, 0x06, 0x28, 0xC5, 0x3F, 0x59, 0xE9, 0x20, 0xBD, 0x2B, 0xE1, 0x6F, 0xAE, 0x6D, 0x6E, 0x57,
    0xB6, 0x80, 0x0F, 0xB4, 0xCA, 0x55, 0x9B, 0x06, 0x71, 0x3C, 0x0C, 0xCD, 0x72, 0x58, 0x50, 0x64,
    0x76, 0xD8, 0x4C, 0x7A, 0xC5, 0x3B, 0xCE, 0xBA, 0x30, 0x51, 0x2C, 0x2F, 0x12, 0x79, 0x30, 0x89,
    0x94, 0xE3, 0xAB, 0x69, 0x0D, 0x39, 0x65, 0xC9, 0xB8, 0xEC, 0x9B, 0x2C, 0xDD, 0xA0, 0x7A, 0xAB,
    0x56, 0x34, 0x27, 0xB6, 0x49, 0x71, 0xB4, 0xCD, 0xE3, 0x0F, 0x4C, 0xCE, 0x7E, 0x66, 0xC5, 0x87,
    0x28, 0x59, 0x36, 0xDD, 0xC2, 0x64, 0xE9, 0xBC, 0xB0, 0xEA, 0x52, 0xE0, 0x7E, 0x90, 0x87, 0x0A,
    0x12, 0xD5, 0x4B, 0x50, 0x63, 0x4A, 0xDE, 0x55, 0x88, 0xB0, 0x52, 0xB2, 0x6A, 0x1D, 0x2C, 0xD4,
    0x6A, 0x26, 0x97, 0x26, 0xE5, 0x3B, 0x34, 0x39, 0xEC, 0x9B, 0xCC, 0x97, 0xEC, 0xDD, 0xDF, 0x3D,
    0x1F, 0xD6, 0x59, 0x2F, 0x57, 0xEB, 0x1E, 0xF8, 0xDA, 0x21, 0xDF, 0x76, 0xE8, 0xB8, 0x5B, 0xC7,
    0x5D, 0x3B, 0xEE, 0xDE, 0x71, 0x27, 0x82, 0xFB, 0x13, 0xDC, 0xD5, 0xE3, 0xEE, 0x1E, 0x77, 0xF9,
    0x0E, 0xAB, 0xED, 0xFA, 0x39, 0xDD, 0x95, 0xED, 0x06, 0xFA, 0x87, 0xE9, 0xAC, 0x55, 0xC7, 0xCB,
    0x3D, 0xF4, 0x75, 0x03, 0x39, 0x1D, 0x26, 0xC5, 0xB8, 0xD4, 0x79, 0x03, 0xE7, 0x56, 0xEF, 0x0E,
    0x73, 0x59, 0x1F, 0xA7, 0xA2, 0x4D, 0x87, 0xAC, 0xCF, 0x86, 0x74, 0xC8, 0x3B, 0x56, 0xF9, 0x8E,
    0xB3, 0xAF, 0x92, 0x45, 0xDB, 0xDF, 0xB7, 0x00, 0x2C, 0x3C, 0x96, 0x89, 0x15, 0x62, 0x71, 0xC9,
    0xA2, 0x43, 0x07, 0x29, 0x03, 0xA5, 0x46, 0xC6, 0x61, 0xBF, 0x89, 0xC7, 0x9D, 0x48, 0x98, 0xA1,
    0xEA, 0x92, 0xB0, 0x3D, 0x82, 0x90, 0xC3, 0x03, 0x0F, 0xDA, 0x8A, 0xC9, 0xC3, 0xEF, 0x0B, 0x16,
    0xBC, 0x60, 0x91, 0x94, 0xBF, 0xB5, 0x06, 0x90, 0x35, 0x8C, 0x07, 0xDB, 0x61, 0x1A, 0x8A, 0x10,
    0x7E, 0x0D, 0xA7, 0xB1, 0x02, 0x51, 0xF3, 0x4C, 0xED, 0xB8, 0xB5, 0xF9, 0x6A, 0xE0, 0x9F, 0x39,
    0xA4, 0x17, 0x88, 0x28, 0x9E, 0xB2, 0xA6, 0x70, 0x4D, 0xAF, 0xBC, 0x22, 0xA7, 0x43, 0x88, 0x8F,
    0x9C, 0x0A, 0xB9, 0xFB, 0xA2, 0xF2, 0x19, 0x1A, 0x9F, 0x08, 0x8E, 0x81, 0x87, 0x09, 0x82, 0xBD,
    0xE9, 0x3B, 0xFD, 0xAA, 0x76, 0xEA, 0xA1, 0xBE, 0xF2, 0xED, 0x57, 0xC4, 0xF7, 0x31, 0x31, 0xB7,
    0x18, 0xC3, 0xF6, 0x8E, 0xCA, 0x60, 0xFB, 0x35, 0xAD, 0x0A, 0xFB, 0xCC, 0x22, 0xA7, 0x9C, 0xE5,
    0x7E, 0x2C, 0x2B, 0x9D, 0x62, 0xD0, 0x77, 0x4E, 0xAC, 0xBA, 0xED, 0xAD, 0x8C, 0x09, 0x71, 0xE2,
    0xD4, 0x4E, 0x3D, 0xD4, 0x57, 0x58, 0x84, 0x4F, 0x98, 0xB7, 0xFD, 0xA9, 0x58, 0x90, 0xBC, 0x1F,
    0x20, 0xC7, 0x08, 0x60, 0xC0, 0xE7, 0x70, 0x64, 0xE1, 0x4F, 0x41, 0xF1, 0x8A, 0xF6, 0x2A, 0xB8,
    0x6F, 0x19, 0x38, 0x06, 0x72, 0x2E, 0x2E, 0xB0, 0xBF, 0x07, 0xE8, 0x57, 0xB5, 0xE3, 0xAE, 0x88,
    0xF5, 0x15, 0x16, 0xE0, 0x7B, 0x6E, 0x98, 0x6D, 0x8C, 0xBB, 0x16, 0x8D, 0x10, 0x6E, 0x84, 0x5C,
    0xC9, 0xEB, 0x9F, 0x96, 0x12, 0x94, 0x5C, 0xC8, 0xBC, 0xD5, 0x5F, 0x40, 0xB7, 0x5B, 0xB4, 0xC0,
    0xA1, 0x3A, 0x2F, 0x7A, 0x3E, 0x6D, 0x8B, 0xEE, 0xB4, 0xDD, 0x8C, 0x31, 0x9E, 0x31, 0x20, 0xF8,
    0x05, 0x13, 0x4E, 0x95, 0xED, 0x99, 0x65, 0x36, 0xBD, 0x55, 0xDE, 0xE3, 0xCD, 0x93, 0x37, 0xFB,
    0x7B, 0xFF, 0xDB, 0x3B, 0xDF, 0x29, 0xDC, 0x02, 0x30, 0x7F, 0xC6, 0x55, 0xFF, 0x25, 0x9C, 0xCE,
    0x54, 0xCC, 0x49, 0x93, 0x0B, 0x15, 0xCB, 0x37, 0xA2, 0x62, 0xB6, 0xA3, 0xE2, 0x91, 0x5C, 0xD9,
    0x51, 0xF1, 0xCC, 0xB8, 0x04, 0x8A, 0xB4, 0x22, 0x70, 0x2D, 0x66, 0x2A, 0x8D, 0xD8, 0xDF, 0x73,
    0x6D, 0x95, 0x88, 0x40, 0x03, 0xF1, 0x5A, 0xF0, 0x04, 0xED, 0x3E, 0xDE, 0x8B, 0x7B, 0xE7, 0x59,
    0x73, 0xF7, 0x31, 0xCD, 0x2D, 0xB4, 0x89, 0xFE, 0xF5, 0x41, 0x51, 0x35, 0x5D, 0xE8, 0x2F, 0xDB,
    0x53, 0xF7, 0x9F, 0x30, 0x7B, 0xE9, 0xC4, 0xD9, 0x7F, 0x31, 0x74, 0x39, 0xF2, 0xC0, 0x49, 0x85,
    0xF7, 0xF3, 0x27, 0xE1, 0xA9, 0x95, 0xAF, 0x75, 0x1D, 0x74, 0xDE, 0x06, 0x3E, 0x05, 0xC1, 0x23,
    0x22, 0x10, 0x44, 0x06, 0x88, 0xFA, 0xDF, 0xC8, 0x46, 0xC0, 0x33, 0xF9, 0x2E, 0xE1, 0xEE, 0x0E,
    0xD3, 0x99, 0x8E, 0x22, 0xDC, 0x31, 0x2D, 0xE9, 0x10, 0xBA, 0xF9, 0xCF, 0x98, 0xB2, 0x7C, 0xC1,
    0x1C, 0xE6, 0x5A, 0xF1, 0xFE, 0x1C, 0x77, 0x8B, 0xBD, 0x32, 0xCA, 0xAF, 0x94, 0xD0, 0x50, 0x2A,
    0x3B, 0x96, 0x73, 0x3A, 0x56, 0x73, 0x3A, 0xA6, 0xA0, 0x40, 0x55, 0x47, 0xA4, 0xB4, 0x61, 0x10,
    0xE6, 0xE9, 0xCD, 0x89, 0x74, 0xEB, 0xAF, 0xB5, 0xD3, 0x3A, 0x60, 0xEC, 0xC4, 0xDD, 0x2D, 0x98,
    0x9E, 0xA5, 0x20, 0x8F, 0xC1, 0x5E, 0xCC, 0xA2, 0xF6, 0xCB, 0x31, 0x4C, 0x27, 0xDB, 0xA1, 0x1A,
    0xAC, 0x54, 0xAF, 0xB3, 0x3D, 0xF1, 0x70, 0x91, 0x9E, 0xED, 0xFF, 0xC5, 0xF3, 0x22, 0x7D, 0x57,
    0xDF, 0xA8, 0xF4, 0x45, 0x43, 0x28, 0x9B, 0x68, 0xE6, 0xD1, 0x36, 0x52, 0x65, 0x34, 0x9D, 0x4C,
    0x89, 0x4C, 0x29, 0x6B, 0x3F, 0xDA, 0xCC, 0xBD, 0xE4, 0x94, 0x37, 0xE0, 0xF9, 0x68, 0x00, 0xA1,
    0xDA, 0x5B, 0xDF, 0x6C, 0xB7, 0x39, 0x6B, 0xF8, 0x6D, 0x2C, 0x1B, 0x57, 0xF6, 0xFE, 0xE6, 0x32,
    0x1F, 0xCA, 0xA7, 0x48, 0x69, 0xE5, 0xAD, 0xE4, 0xB7, 0xDE, 0x48, 0x76, 0xB5, 0xD7, 0xF7, 0xCD,
    0xD9, 0xFB, 0xBB, 0x2D, 0xD5, 0xAB, 0x81, 0x6F, 0x1B, 0xE7, 0x3F, 0x91, 0x11, 0xA2, 0x9A, 0xF0,
    0x88, 0x98, 0x62, 0x6A, 0x55, 0xB0, 0xBA, 0x77, 0xBB, 0x55, 0xAC, 0x4D, 0xB6, 0x63, 0x23, 0x3A,
    0x90, 0x57, 0x33, 0xAA, 0x60, 0x66, 0x53, 0xB2, 0xAE, 0xF2, 0xF7, 0x16, 0xAB, 0x66, 0x0C, 0x3E,
    0x30, 0xF9, 0x8F, 0xD8, 0x58, 0x15, 0x32, 0xCB, 0x1E, 0xE4, 0x72, 0x87, 0x6F, 0xD7, 0xE7, 0xAA,
    0xF0, 0x84, 0x88, 0x44, 0x55, 0x1C, 0xAE, 0x14, 0xF6, 0x83, 0x89, 0x0C, 0x4B, 0x3C, 0x77, 0x1D,
    0x4B, 0x82, 0x0D, 0xBE, 0x71, 0xBF, 0xFD, 0xD1, 0x26, 0xCD, 0xDD, 0x8E, 0x20, 0x96, 0xB0, 0x1B,
    0xDC, 0xFE, 0x7F, 0x10, 0x55, 0x90, 0x56, 0x61, 0xF5, 0x7E, 0x2C, 0x41, 0x8C, 0x11, 0x66, 0xE1,
    0x7A, 0x04, 0x6D, 0xAE, 0x46, 0x48, 0x2F, 0x42, 0xCF, 0x27, 0x63, 0x36, 0xDA, 0xF1, 0x88, 0xF3,
    0x21, 0x93, 0x83, 0xB2, 0xCD, 0x98, 0x69, 0xAE, 0xE7, 0xE3, 0x17, 0x5B, 0x4E, 0xA9, 0xC3, 0x3F,
    0xF9, 0xF9, 0x5C, 0x05, 0xF2, 0x44, 0xD6, 0x74, 0x7B, 0x45, 0xA7, 0x83, 0xE5, 0x89, 0xCA, 0x99,
    0x2C, 0x2B, 0x54, 0x1E, 0x78, 0x3A, 0xE7, 0x80, 0x5C, 0xE9, 0xB4, 0xE5, 0x79, 0x06, 0x99, 0x77,
    0xE3, 0x9A, 0x6C, 0x5B, 0xB4, 0x1C, 0xA0, 0xBD, 0xE5, 0x64, 0x67, 0x8D, 0xFC, 0xCC, 0x6D, 0xE1,
    0x99, 0xA5, 0x33, 0xDF, 0xA5, 0xB0, 0xD8, 0x0B, 0xB7, 0xA8, 0x17, 0xB7, 0x32, 0x0F, 0x3F, 0xAE,
    0x88, 0x37, 0x75, 0x84, 0xF2, 0x30, 0x37, 0x09, 0x33, 0x2A, 0xC4, 0xA0, 0xDF, 0x23, 0x09, 0xDF,
    0x9F, 0x4A, 0xA6, 0xE4, 0xE1, 0xA7, 0x63, 0xF9, 0x31, 0x03, 0xCE, 0x4F, 0x87, 0xE2, 0x13, 0x1A,
    0xE5, 0xAB, 0x21, 0xFF, 0x94, 0xC5, 0x85, 0xA7, 0x7D, 0xF6, 0x94, 0xE9, 0xE3, 0x75, 0x97, 0x5D,
    0xAB, 0xE8, 0xD8, 0xA6, 0x76, 0xAC, 0xAD, 0x96, 0x14, 0x64, 0xF4, 0x3E, 0x3A, 0x27, 0x60, 0x67,
    0xC5, 0x54, 0x38, 0xA8, 0xA9, 0xF9, 0xB6, 0x19, 0x64, 0xC4, 0x29, 0x48, 0xA8, 0xDA, 0x48, 0xC7,
    0x12, 0x01, 0x6C, 0x3C, 0x4F, 0x3B, 0xFC, 0x51, 0x87, 0x7A, 0xFF, 0xBA, 0x68, 0xD5, 0xB3, 0x56,
    0x3D, 0xC8, 0x79, 0x0D, 0x7A, 0x1F, 0xDD, 0x76, 0xFE, 0x20, 0x7F, 0x4E, 0xCA, 0x94, 0x6A, 0x0F,
    0x57, 0xA9, 0x90, 0xA2, 0xD9, 0x9D, 0x44, 0x32, 0x43, 0x03, 0xCA, 0x97, 0xDB, 0x71, 0x93, 0x37,
    0xE6, 0x91, 0x33, 0x1E, 0x15, 0x2F, 0xF1, 0xC8, 0xF2, 0x79, 0x1D, 0x6A, 0xBB, 0x83, 0x47, 0xF3,
    0x8E, 0x47, 0xE3, 0x8E, 0x47, 0x76, 0xE4, 0xA9, 0x73, 0xF1, 0x2C, 0x43, 0x3C, 0xB4, 0x12, 0x35,
    0x79, 0x3D, 0x77, 0xD2, 0x11, 0x83, 0x98, 0x81, 0xAA, 0xB2, 0x77, 0x13, 0x54, 0xF1, 0xC0, 0x90,
    0x1D, 0x3F, 0x1A, 0x22, 0xE2, 0x83, 0xE9, 0xDE, 0x96, 0x07, 0x2A, 0x0D, 0x64, 0x39, 0x24, 0x31,
    0xC2, 0x57, 0x56, 0x08, 0xB0, 0x53, 0x0F, 0xDA, 0xF4, 0x0B, 0x37, 0x81, 0x73, 0x3F, 0x68, 0xAD,
    0xAC, 0x8A, 0xBB, 0x60, 0x18, 0x3C, 0x59, 0xE4, 0xE8, 0xDB, 0xBB, 0xEF, 0xC6, 0x62, 0xB7, 0x83,
    0x0A, 0x8F, 0xCE, 0xF6, 0xD9, 0x5A, 0x3B, 0x86, 0xE7, 0xA3, 0x1E, 0x6A, 0x95, 0x4D, 0x7B, 0x3F,
    0x8E, 0xD2, 0x8A, 0x00, 0x1A, 0x2F, 0x0B, 0x36, 0xBE, 0x7B, 0xD2, 0x7E, 0x58, 0x35, 0xED, 0x37,
    0xF5, 0xF7, 0xD5, 0x56, 0x1A, 0x99, 0xED, 0x9C, 0x60, 0x1A, 0xED, 0x86, 0x9D, 0x2F, 0xBD, 0xEF,
    0x8E, 0x6B, 0xF1, 0x9A, 0xAB, 0xCE, 0x46, 0xC3, 0x41, 0x55, 0x7A, 0xF7, 0x5B, 0x7C, 0x5C, 0xDF,
    0xDB, 0x3F, 0x51, 0x4D, 0xC3, 0xC6, 0xD3, 0xB8, 0x18, 0x5F, 0x67, 0xCD, 0x9B, 0x3A, 0xCA, 0x72,
    0x83, 0xDC, 0x6D, 0xE5, 0xF9, 0xFA, 0x10, 0x7E, 0x4C, 0x67, 0xC9, 0x73, 0xD8, 0x65, 0xCB, 0xA3,
    0xE2, 0x48, 0x08, 0xF1, 0xFB, 0x7B, 0x6A, 0xFB, 0x37, 0xDD, 0x5B, 0x3B, 0x93, 0xDC, 0xC6, 0x11,
    0x1E, 0x2C, 0x4A, 0x84, 0x2D, 0x04, 0x70, 0x62, 0x07, 0x62, 0xB9, 0x90, 0x2B, 0x41, 0xE2, 0x50,
    0xE4, 0xC0, 0x62, 0xC0, 0xC0, 0x81, 0x13, 0xFF, 0x0A, 0x39, 0xA0, 0xFF, 0x00, 0x39, 0x90, 0x12,
    0x07, 0x0E, 0x7C, 0x81, 0x7F, 0x80, 0x02, 0x07, 0x52, 0x64, 0x07, 0x0A, 0x45, 0x01, 0x34, 0x03,
    0x05, 0x0A, 0x08, 0x5B, 0xA1, 0x02, 0x42, 0x12, 0xAB, 0x54, 0x2E, 0x07, 0x44, 0x15, 0x61, 0x0B,
    0xB4, 0x00, 0x8C, 0xFB, 0xFB, 0x7A, 0xB0, 0xBB, 0x77, 0xB7, 0x7C, 0x59, 0xD4, 0x91, 0xBC, 0xBD,
    0xBB, 0x9E, 0x59, 0xCC, 0xAB, 0xBB, 0xD1, 0xD3, 0xAF, 0x99, 0x2B, 0xAA, 0xBA, 0xF3, 0xBD, 0xEF,
    0xEB, 0xAE, 0xA8, 0x0C, 0x3F, 0xB6, 0xB5, 0xAD, 0x3B, 0xF4, 0xD3, 0xE9, 0x4F, 0xCD, 0x1F, 0x63,
    0x2E, 0xA1, 0xF3, 0x0E, 0xDC, 0x28, 0x8D, 0xC9, 0xFD, 0x68, 0x4C, 0xED, 0x7D, 0xB5, 0xF1, 0xDE,
    0x77, 0x89, 0x80, 0x3E, 0x9B, 0x2F, 0x15, 0x63, 0x31, 0x5E, 0xCA, 0x26, 0xDB, 0x5F, 0x4A, 0x8E,
    0x04, 0x18, 0xE3, 0xBA, 0xD3, 0xC0, 0x12, 0xF4, 0x97, 0x36, 0x65, 0x31, 0x5C, 0x4A, 0xA7, 0x7C,
    0xBA, 0x94, 0x4F, 0xA9, 0xBF, 0x51, 0x0F, 0x31, 0x66, 0x31, 0x02, 0x1A, 0x53, 0xF8, 0xC5, 0x98,
    0x4D, 0x7D, 0x64, 0x4E, 0x2D, 0x7E, 0xED, 0xA1, 0x00, 0xE9, 0xD9, 0x02, 0x07, 0x20, 0x61, 0xBD,
    0x9F, 0x8D, 0xF1, 0x5D, 0xEA, 0x05, 0x0A, 0x3A, 0x65, 0xE4, 0x4B, 0x56, 0x8C, 0xF9, 0x8D, 0x01,
    0x34, 0x07, 0xA0, 0x0C, 0xF2, 0x87, 0x60, 0xC4, 0x56, 0xCC, 0x20, 0x9F, 0x03, 0x90, 0xAD, 0x82,
    0x5A, 0xDD, 0x24, 0xB2, 0xB4, 0x6F, 0x30, 0xCA, 0x57, 0x84, 0x25, 0xE0, 0xC2, 0x79, 0xEE, 0x29,
    0x7B, 0x4D, 0x0E, 0x6C, 0x3F, 0x72, 0x9F, 0x79, 0xFF, 0xD5, 0xCC, 0x3E, 0x53, 0xE6, 0xDB, 0xC4,
    0xF7, 0x31, 0x66, 0x68, 0xD3, 0x41, 0x7A, 0x74, 0x99, 0xF0, 0x37, 0xED, 0xF3, 0x46, 0x88, 0x1A,
    0xF0, 0x5E, 0x36, 0xA3, 0x95, 0xA5, 0xA2, 0xC9, 0x62, 0x82, 0xE3, 0x90, 0xCF, 0xB5, 0x8F, 0xF6,
    0xD7, 0xB1, 0x98, 0xA7, 0xE8, 0x12, 0xCC, 0xD9, 0xE5, 0x98, 0x7F, 0x74, 0x58, 0x6B, 0xB6, 0xBF,
    0xF2, 0xFE, 0xCB, 0xE9, 0xC7, 0xC0, 0xE1, 0x77, 0xE1, 0x7D, 0xF7, 0x42, 0x7E, 0x69, 0x07, 0xE1,
    0x9F, 0xC9, 0x47, 0x93, 0xCE, 0x26, 0x9B, 0xF0, 0x9B, 0xCC, 0xF8, 0x2A, 0x0F, 0x43, 0x87, 0x0E,
    0x9C, 0xAC, 0x1B, 0x90, 0x29, 0xEF, 0xC2, 0xD8, 0x2F, 0x41, 0x7D, 0xF1, 0x00, 0xD4, 0xE7, 0xDF,
    0x09, 0xB3, 0x4D, 0xE6, 0x27, 0x81, 0x09, 0xD8, 0x9F, 0x79, 0xBC, 0x85, 0x7D, 0x08, 0xBE, 0x98,
    0x00, 0x1F, 0xDF, 0xFA, 0x28, 0x68, 0x9B, 0x47, 0xFD, 0x98, 0x63, 0x9F, 0xC7, 0xF4, 0x4B, 0xBD,
    0xF0, 0xC9, 0xF9, 0x41, 0xDE, 0xA5, 0x88, 0x07, 0x24, 0xCB, 0x24, 0x4B, 0xE4, 0xAB, 0x74, 0x32,
    0xAE, 0x49, 0x47, 0x73, 0xB9, 0x4C, 0x49, 0xC2, 0x4C, 0x69, 0xC2, 0x7E, 0x20, 0x6E, 0x4E, 0xAA,
    0x09, 0xD0, 0xCC, 0xBB, 0x5A, 0x18, 0xD1, 0xA4, 0xBE, 0xB5, 0x95, 0xA9, 0x7B, 0x99, 0x31, 0xEF,
    0x6D, 0x6B, 0xD2, 0xA1, 0x18, 0x4D, 0x32, 0x64, 0x32, 0x51, 0x1F, 0xFB, 0x31, 0xEF, 0xB0, 0x07,
    0x4A, 0x59, 0x0D, 0x83, 0x6B, 0x79, 0x05, 0x52, 0x85, 0xA4, 0x70, 0x46, 0xD7, 0x5C, 0xE8, 0x05,
    0x64, 0x83, 0xF0, 0x31, 0x9B, 0x23, 0xDF, 0x60, 0x9B, 0x94, 0x1B, 0x48, 0x89, 0x0C, 0x93, 0x11,
    0x17, 0x96, 0xD2, 0x64, 0x55, 0x56, 0xD9, 0xDE, 0x76, 0xF2, 0x87, 0x9F, 0x0E, 0xDF, 0x8D, 0x79,
    0x5D, 0x65, 0x28, 0xC2, 0x00, 0x4E, 0x8A, 0x9D, 0xA1, 0x42, 0x0A, 0x8C, 0xFD, 0x43, 0xD9, 0x21,
    0x25, 0x11, 0x8F, 0x64, 0x27, 0xA4, 0x32, 0xB9, 0x4C, 0x62, 0x72, 0x41, 0x6C, 0xCC, 0x46, 0xD9,
    0x61, 0xCE, 0x2F, 0xC9, 0x24, 0xFC, 0x91, 0xFE, 0x57, 0x66, 0xE3, 0xDE, 0xF3, 0x65, 0x7D, 0xCB,
    0x9B, 0xFA, 0xCA, 0x64, 0x8A, 0xD6, 0x1B, 0x9F, 0x0C, 0xE6, 0xB5, 0x12, 0x65, 0x4F, 0xA1, 0xDE,
    0x95, 0x83, 0x79, 0xBD, 0xD2, 0x7E, 0x32, 0x76, 0x3B, 0x6E, 0x9D, 0x47, 0xB0, 0xE4, 0xBC, 0x58,
    0x67, 0xC8, 0x20, 0x40, 0x51, 0x8D, 0x75, 0x57, 0x3C, 0x56, 0xBC, 0xB6, 0x78, 0xAE, 0x78, 0xAF,
    0x74, 0xC8, 0x03, 0xD2, 0x55, 0x8F, 0xE0, 0x72, 0x59, 0xC8, 0x36, 0xB6, 0x6D, 0xDE, 0xBF, 0x51,
    0xA6, 0xD2, 0x4B, 0xF8, 0xF4, 0xB3, 0x7A, 0x90, 0xE7, 0x83, 0xF5, 0xF7, 0x07, 0xEC, 0x0F, 0x6F,
    0xF0, 0x97, 0x0D, 0xBE, 0x72, 0x83, 0xC8, 0xF4, 0x50, 0xF8, 0x6F, 0x86, 0x0B, 0xCB, 0x55, 0xBC,
    0x54, 0x08, 0x66, 0xEC, 0x45, 0x64, 0x45, 0x7E, 0x45, 0x8E, 0x8D, 0xC5, 0x8B, 0x91, 0x0D, 0xE0,
    0xFA, 0xBD, 0x46, 0xE1, 0xEE, 0x9C, 0x6D, 0x1B, 0xED, 0x20, 0x92, 0x2F, 0xDD, 0xF1, 0x24, 0xE1,
    0xD0, 0xC8, 0xBF, 0x0B, 0x71, 0x93, 0x51, 0xDD, 0xDA, 0x49, 0x9B, 0xE3, 0xD0, 0xDC, 0xE8, 0x0E,
    0x3F, 0x09, 0x28, 0x7A, 0x87, 0xC1, 0x6F, 0xFF, 0xAC, 0x64, 0x2B, 0x13, 0x84, 0x2A, 0x7F, 0x74,
    0x71, 0x32, 0xF1, 0x04, 0xF6, 0xA6, 0x58, 0xA5, 0xCA, 0x6E, 0xF9, 0x2E, 0x6B, 0x8A, 0x5F, 0xFA,
    0x29, 0x69, 0x6D, 0xD4, 0x5F, 0x8E, 0xFB, 0xCB, 0x2B, 0xBC, 0xB1, 0x11, 0xE8, 0x27, 0xC2, 0x21,
    0xEE, 0xA5, 0x75, 0x8A, 0xFB, 0x22, 0xEA, 0xAF, 0x27, 0x5D, 0x7E, 0xAB, 0xB7, 0x59, 0x83, 0x0D,
    0x5F, 0x54, 0x31, 0x54, 0x0F, 0x94, 0x94, 0xBC, 0x0A, 0x91, 0x58, 0xAC, 0x22, 0x2B, 0x56, 0xCA,
    0x57, 0xD1, 0x9F, 0xA3, 0xFE, 0x9A, 0xBA, 0xE2, 0x16, 0xCD, 0x55, 0x2B, 0x19, 0x57, 0xD5, 0x55,
    0x6D, 0x8A, 0x66, 0x31, 0x79, 0x83, 0x12, 0xDF, 0xF1, 0x1C, 0xED, 0xDC, 0xCA, 0xD2, 0x9F, 0xCA,
    0xED, 0x10, 0x80, 0x4A, 0x19, 0x4F, 0x80, 0x47, 0x76, 0xDE, 0x7D, 0x0E, 0x0E, 0xAB, 0x07, 0x72,
    0x28, 0x07, 0x3B, 0xDB, 0xA2, 0x7B, 0xB3, 0x04, 0x59, 0x39, 0x98, 0xD3, 0x0A, 0x55, 0x95, 0x49,
    0x17, 0xBC, 0x0D, 0xAD, 0xCA, 0xCB, 0x10, 0x29, 0xE9, 0x6D, 0xF8, 0x33, 0xD7, 0x28, 0x39, 0x95,
    0x8C, 0x6D, 0x0B, 0x91, 0x9C, 0xD7, 0x4C, 0xD6, 0x43, 0xFB, 0x09, 0x11, 0x95, 0xC9, 0x17, 0xD8,
    0x04, 0xCC, 0x35, 0xFC, 0xD4, 0xA4, 0xA3, 0x48, 0xD6, 0x80, 0xB1, 0x29, 0xDE, 0x58, 0xFD, 0xD0,
    0xA4, 0x53, 0x36, 0xE4, 0x9D, 0x6D, 0x5C, 0x59, 0x1B, 0xD7, 0x4A, 0xA7, 0xE7, 0x0D, 0x3B, 0x53,
    0x08, 0xEC, 0x81, 0xBB, 0x93, 0x1D, 0x39, 0x92, 0x7A, 0xDF, 0xB8, 0xFB, 0xFE, 0x5F, 0x02, 0xBF,
    0xF0, 0xB7, 0x05, 0xFE, 0x7D, 0x11, 0x8D, 0x20, 0xFD, 0xC1, 0x9B, 0xA7, 0x86, 0x60, 0xD7, 0x04,
    0x4D, 0x33, 0x41, 0x91, 0x4D, 0xD8, 0x55, 0x53, 0xEE, 0xE7, 0x64, 0xB2, 0x5B, 0xE0, 0x8E, 0x83,
    0x5D, 0x43, 0x01, 0x90, 0x01, 0x24, 0x00, 0x1B, 0x00, 0x41, 0x4F, 0x40, 0xF4, 0x41, 0x42, 0x15,
    0xF8, 0x6C, 0xA0, 0xA8, 0xEA, 0x96, 0x5E, 0x44, 0x5B, 0x54, 0x99, 0xC9, 0x4C, 0xFE, 0x7E, 0x3E,
    0x99, 0xEB, 0xE6, 0x86, 0xB9, 0x69, 0x27, 0x31, 0x1C, 0x5E, 0x54, 0xA6, 0x6C, 0x92, 0xC6, 0xD6,
    0xCD, 0x5B, 0xB6, 0xF9, 0x89, 0x6C, 0x89, 0xC7, 0xFC, 0x16, 0x0F, 0xC5, 0xDC, 0xF8, 0x46, 0x0C,
    0x43, 0x5F, 0xF4, 0xE9, 0x64, 0x9B, 0x78, 0x76, 0x55, 0xB4, 0xD4, 0x62, 0xBF, 0xF7, 0xFF, 0xF0,
    0x0C, 0x6D, 0xE8, 0x83, 0xBE, 0x1B, 0x7A, 0x08, 0x0F, 0x0D, 0x14, 0xA6, 0xBC, 0xEC, 0x51, 0x2C,
    0x98, 0xC8, 0x0C, 0x0C, 0x60, 0xEC, 0xDF, 0xC6, 0x3E, 0x90, 0x7D, 0x2B, 0x7C, 0x73, 0xDA, 0x2C,
    0x0E, 0x06, 0x9B, 0xFD, 0xDA, 0xBC, 0xF1, 0xEF, 0x51, 0xC8, 0xF0, 0x24, 0x9F, 0x30, 0x58, 0x26,
    0x12, 0xCD, 0xE0, 0xDB, 0xBA, 0x95, 0xC6, 0xB7, 0x77, 0x8D, 0x63, 0x68, 0xEC, 0x57, 0x7B, 0x53,
    0x19, 0x98, 0x6E, 0x53, 0x1B, 0xCA, 0x9A, 0x11, 0xE1, 0x74, 0x58, 0x55, 0xF6, 0xCE, 0xCD, 0x05,
    0xA6, 0xD8, 0x98, 0xBF, 0x4A, 0x99, 0xE1, 0xA5, 0x2D, 0xEC, 0xCE, 0xB2, 0x36, 0x5A, 0xCE, 0x5A,
    0xA2, 0x3B, 0xCA, 0xB4, 0xD7, 0x92, 0xDD, 0xA5, 0xB4, 0xD5, 0xE6, 0x03, 0x94, 0x35, 0x4C, 0xB2,
    0x94, 0x62, 0x94, 0x51, 0x4A, 0x77, 0x0B, 0xD6, 0x4B, 0xF7, 0x1A, 0xA5, 0x74, 0x9F, 0x27, 0x22,
    0xB3, 0x19, 0x27, 0x22, 0x13, 0xF7, 0x13, 0x91, 0x49, 0xBB, 0x89, 0xC8, 0xE4, 0xCD, 0xC4, 0xEE,
    0xB6, 0x9A, 0xD8, 0xDD, 0x82, 0x5F, 0x82, 0x0C, 0xCB, 0x9A, 0x8A, 0xA9, 0x8A, 0x80, 0x4C, 0x34,
    0x29, 0x32, 0xD1, 0x74, 0x36, 0xF4, 0x89, 0xDD, 0x25, 0x7D, 0x4E, 0xD4, 0x23, 0xE8, 0x83, 0x17,
    0x27, 0xF4, 0x6D, 0xA6, 0x9C, 0x8E, 0xCC, 0x66, 0xA4, 0x19, 0x68, 0x75, 0x25, 0xCC, 0x8E, 0x3A,
    0x66, 0x2F, 0x1A, 0x9D, 0x5D, 0xA4, 0x01, 0xB3, 0x6F, 0x66, 0xED, 0x82, 0xF9, 0xD0, 0xA5, 0xE8,
    0xB4, 0x3B, 0x14, 0x58, 0x4D, 0x6B, 0xD3, 0x83, 0x3E, 0x91, 0x93, 0x9E, 0xDD, 0xA1, 0x38, 0x3E,
    0x29, 0x15, 0x29, 0x68, 0xCB, 0x8D, 0x98, 0x41, 0x78, 0x30, 0x62, 0xEE, 0xEC, 0xBB, 0xD2, 0x51,
    0xF4, 0xCF, 0x9B, 0x98, 0x1F, 0xCB, 0x90, 0x68, 0xC3, 0x3E, 0x86, 0xBC, 0x18, 0x58, 0x15, 0x7F,
    0xCD, 0xD0, 0x4A, 0xBA, 0x19, 0xDD, 0x69, 0x2E, 0xD9, 0x1D, 0xE4, 0xE0, 0xB1, 0x98, 0xD3, 0xC5,
    0xBC, 0x71, 0x24, 0x06, 0x52, 0xBA, 0xDB, 0x5E, 0xFC, 0x63, 0xE9, 0x5E, 0x8B, 0xAC, 0x1E, 0x49,
    0x77, 0x1A, 0xC1, 0xA2, 0xD9, 0xB0, 0x74, 0x26, 0xFE, 0xB6, 0x57, 0xCE, 0x7C, 0xA3, 0xC8, 0xE4,
    0x9F, 0x4A, 0x29, 0xDD, 0xED, 0xD5, 0x9E, 0xC8, 0x38, 0xAC, 0x24, 0xB3, 0xCF, 0x28, 0x1D, 0xE8,
    0x59, 0xD0, 0x9D, 0xA5, 0x74, 0x67, 0x49, 0x64, 0x04, 0x10, 0x19, 0x7C, 0xF9, 0x84, 0xCE, 0x6D,
    0x05, 0x29, 0x6F, 0x02, 0xE0, 0x57, 0x36, 0x9C, 0xFC, 0xA8, 0x93, 0x62, 0x82, 0xC3, 0x0B, 0x63,
    0x47, 0xAD, 0x6B, 0xEC, 0x8C, 0x47, 0x23, 0x0C, 0x64, 0x0B, 0xEF, 0x0D, 0x68, 0x4F, 0xEA, 0x39,
    0xAE, 0x40, 0x78, 0xF5, 0xBE, 0xD4, 0xB8, 0x67, 0x5C, 0x57, 0xCC, 0x1B, 0x6E, 0x60, 0x5F, 0xD1,
    0xC7, 0x32, 0x74, 0xF1, 0x2E, 0x72, 0x7A, 0xD7, 0x84, 0x20, 0x83, 0x45, 0xA6, 0x9B, 0x08, 0xCE,
    0x2A, 0x56, 0x54, 0x89, 0x5B, 0x05, 0xEF, 0xD8, 0x27, 0x55, 0x47, 0x30, 0xD3, 0x82, 0x0A, 0x1D,
    0x32, 0xCB, 0xF1, 0xF6, 0x3E, 0x0B, 0x77, 0x87, 0x32, 0xE6, 0xEF, 0x70, 0xBC, 0xFF, 0x03, 0x85,
    0xD9, 0x5F, 0x5D, 0xCC, 0x6A, 0xBA, 0xA5, 0xD8, 0x00, 0x09, 0xFA, 0x7C, 0xB0, 0xEA, 0xEA, 0x8D,
    0x4A, 0x81, 0xB8, 0x41, 0x4C, 0x10, 0x0D, 0x3E, 0x29, 0xB2, 0x54, 0xD8, 0xD0, 0xAE, 0x9E, 0xD6,
    0x13, 0xAA, 0x96, 0xC5, 0x0C, 0xC1, 0x01, 0x51, 0x31, 0x5D, 0x2D, 0x72, 0x49, 0xAA, 0xE0, 0x93,
    0x78, 0x06, 0x19, 0xFD, 0xB0, 0x06, 0x5B, 0x55, 0x82, 0x8F, 0x82, 0xCE, 0x23, 0xD5, 0x88, 0xB2,
    0x29, 0x1B, 0x35, 0x02, 0x50, 0xAA, 0x8B, 0x36, 0xF8, 0xAB, 0x46, 0x25, 0xC6, 0x84, 0x1D, 0x73,
    0x2E, 0x69, 0x8F, 0x3E, 0x24, 0x29, 0x89, 0x7A, 0x7C, 0x99, 0x27, 0xED, 0xF6, 0x0E, 0x5F, 0xBC,
    0xBF, 0x82, 0x31, 0xF1, 0xAC, 0x91, 0xD4, 0xC1, 0xCF, 0x79, 0x60, 0x41, 0x5E, 0x31, 0x56, 0x75,
    0xC3, 0x75, 0x22, 0xC8, 0x68, 0xC9, 0x4C, 0x8E, 0xBA, 0x76, 0x48, 0xBB, 0x73, 0x4D, 0xFB, 0xC7,
    0xF2, 0x03, 0xD5, 0xB3, 0xF1, 0x3B, 0x94, 0xC2, 0xB7, 0xD0, 0x76, 0x7E, 0x69, 0xDF, 0xE8, 0x9E,
    0x5E, 0x65, 0xFE, 0xF7, 0xC4, 0xFA, 0x72, 0x44, 0xD1, 0xBF, 0x6E, 0xC6, 0xBD, 0x6F, 0xA1, 0x2D,
    0xF4, 0xDC, 0x2C, 0xE7, 0x4E, 0x01, 0x32, 0xDF, 0x41, 0x03, 0xBA, 0x56, 0x7C, 0xA8, 0x44, 0xFE,
    0xD7, 0x5A, 0x89, 0x7D, 0xA6, 0xFA, 0x3F, 0x59, 0x42, 0x25, 0x9D, 0x42, 0x25, 0x5B, 0x2B, 0xC5,
    0x10, 0x2A, 0xB6, 0x0F, 0x15, 0xD7, 0x85, 0x4A, 0x58, 0x1B, 0x71, 0x42, 0x46, 0xA4, 0x05, 0xB7,
    0xB5, 0x62, 0xB4, 0x22, 0xA8, 0x6A, 0x45, 0xF3, 0x1C, 0xE4, 0x66, 0xD8, 0x8D, 0x76, 0xAD, 0xB8,
    0xB5, 0xE2, 0xB7, 0x95, 0x46, 0x3B, 0xC3, 0x7C, 0xB2, 0xA2, 0x61, 0x26, 0xDF, 0x8C, 0xA6, 0x34,
    0x3C, 0x88, 0x67, 0x05, 0x2E, 0x1A, 0x2B, 0x36, 0xE4, 0x42, 0x3C, 0xCC, 0xDF, 0x11, 0x47, 0x33,
    0x04, 0xCE, 0x35, 0x60, 0x74, 0x1A, 0x09, 0x23, 0xFA, 0x99, 0x68, 0x9C, 0x33, 0x04, 0x5D, 0x9C,
    0x3A, 0xA3, 0xAB, 0x52, 0xE6, 0x64, 0x64, 0x55, 0x0C, 0x6B, 0xAA, 0xE6, 0xFF, 0x2A, 0xC2, 0xF0,
    0x30, 0x59, 0x98, 0x3A, 0x2C, 0x14, 0x96, 0x0D, 0x48, 0xAC, 0x28, 0x05, 0x04, 0x03, 0xBA, 0x01,
    0x79, 0x63, 0x86, 0x63, 0x46, 0x4A, 0x45, 0xD1, 0x24, 0xAA, 0xBA, 0xE2, 0x7E, 0xEF, 0x5B, 0xAC,
    0x22, 0x1C, 0xEF, 0x6C, 0x3E, 0xF2, 0x47, 0x6A, 0xEF, 0x69, 0xED, 0x69, 0xEB, 0x8F, 0x5B, 0x7A,
    0x2C, 0x3D, 0x9C, 0x04, 0x1D, 0x5F, 0xEE, 0x93, 0x81, 0x74, 0x6E, 0x01, 0xBA, 0x3D, 0xF0, 0x0C,
    0x63, 0x87, 0x93, 0xE1, 0xA8, 0xDA, 0x6A, 0xE2, 0x4B, 0x3B, 0x4D, 0x2B, 0x5D, 0x9F, 0xB2, 0xD0,
    0x2F, 0x17, 0xCE, 0x1F, 0xAE, 0x2C, 0xA7, 0x06, 0xA1, 0x75, 0x85, 0x6D, 0x3D, 0x64, 0x59, 0x5F,
    0x2A, 0xC4, 0x61, 0x01, 0x68, 0x0D, 0xA8, 0xA6, 0xD4, 0x2E, 0x1C, 0xB0, 0x0A, 0x2F, 0x13, 0xCE,
    0x22, 0xCE, 0xE2, 0xC6, 0x89, 0x28, 0x8B, 0x20, 0x23, 0xAC, 0x58, 0x19, 0x2C, 0x7A, 0xE7, 0x07,
    0xF8, 0x85, 0x2D, 0x90, 0x85, 0x64, 0x39, 0x91, 0xC8, 0x7C, 0x4D, 0x78, 0x0A, 0x72, 0xCF, 0xFD,
    0xD7, 0xBC, 0x81, 0x70, 0x09, 0x19, 0x5F, 0x59, 0xEE, 0xA1, 0x17, 0x22, 0x5D, 0xE5, 0x9A, 0xE2,
    0xB8, 0x77, 0x82, 0x7E, 0x67, 0xF8, 0x97, 0x57, 0x79, 0xC5, 0x53, 0x09, 0x79, 0x63, 0x28, 0xF1,
    0xFD, 0x45, 0xE2, 0x03, 0xA3, 0x70, 0xA4, 0xB6, 0x61, 0x35, 0x61, 0xAD, 0x16, 0x23, 0x93, 0xBC,
    0xF5, 0xCC, 0x42, 0xCF, 0x1E, 0x68, 0x30, 0x34, 0xFF, 0xC0, 0xC2, 0xB5, 0x2C, 0x44, 0x33, 0xEF,
    0x15, 0x45, 0x8F, 0x3C, 0xCE, 0xA3, 0x8A, 0xD0, 0xE5, 0xD8, 0xB8, 0x8E, 0x45, 0xDD, 0xEE, 0x4D,
    0x1D, 0x16, 0x0A, 0xCB, 0x12, 0x89, 0x9D, 0xF5, 0x6E, 0xF7, 0xD1, 0xA5, 0x32, 0xBF, 0x19, 0xF5,
    0xD0, 0x16, 0xB7, 0x11, 0x65, 0x6A, 0xBA, 0xF0, 0x1F, 0xE8, 0x95, 0x36, 0xAE, 0x3C, 0xE0, 0x88,
    0xC1, 0x4D, 0x8D, 0x17, 0x37, 0x11, 0x7A, 0x85, 0x25, 0x61, 0x43, 0xD8, 0x11, 0xF6, 0x80, 0xF7,
    0x27, 0xC0, 0x2F, 0x66, 0xC0, 0xAF, 0x3D, 0xE0, 0x57, 0x12, 0x08, 0x2E, 0xAE, 0xF3, 0x2D, 0xA0,
    0xEB, 0x01, 0xED, 0x00, 0x98, 0x4D, 0x80, 0xE9, 0x02, 0x18, 0xFB, 0x2B, 0x02, 0x23, 0x7F, 0x5B,
    0xA0, 0xA9, 0x3F, 0x07, 0xB4, 0x0F, 0x00, 0xF3, 0x6F, 0x01, 0x33, 0x0F, 0x98, 0x10, 0x6E, 0x08,
    0x8D, 0x42, 0x47, 0x68, 0x09, 0x33, 0x9E, 0xC2, 0xEC, 0x47, 0x98, 0x79, 0xB7, 0x1F, 0x68, 0x6A,
    0x16, 0x42, 0x63, 0xF7, 0x93, 0x9F, 0x67, 0x33, 0xD0, 0x65, 0xC6, 0xA0, 0xB8, 0x52, 0x9B, 0xDA,
    0xD0, 0xC2, 0xD6, 0x2D, 0xED, 0xAD, 0x10, 0xA7, 0x81, 0xF1, 0xD3, 0x16, 0x12, 0x30, 0xEB, 0xF0,
    0x30, 0x99, 0x4E, 0xDD, 0x84, 0x85, 0x9E, 0x64, 0xA0, 0x97, 0x7D, 0x03, 0x9D, 0x0D, 0xFB, 0x11,
    0x66, 0x08, 0x2D, 0x9D, 0xEE, 0x96, 0xA0, 0xA2, 0xE6, 0x73, 0x4A, 0xFB, 0xF1, 0x08, 0x33, 0x57,
    0xE7, 0xC4, 0xDD, 0x21, 0x27, 0x3C, 0xDD, 0x8D, 0x78, 0x8A, 0x1E, 0x1D, 0x61, 0x9E, 0x07, 0x16,
    0x14, 0x15, 0x43, 0xCB, 0x7A, 0xF8, 0x78, 0x17, 0x61, 0x46, 0x23, 0xF2, 0xFF, 0x66, 0xF3, 0xB8,
    0x08, 0xF3, 0x3C, 0xD0, 0x3E, 0x32, 0x92, 0x8A, 0x97, 0x78, 0x3F, 0xDC, 0xD1, 0x6F, 0xA1, 0xED,
    0xFC, 0xD2, 0x0E, 0xB1, 0x97, 0x87, 0x95, 0x78, 0x06, 0x29, 0x0E, 0xBB, 0x8A, 0xD1, 0x4E, 0x22,
    0x05, 0x99, 0x38, 0x52, 0x6D, 0xEC, 0x3F, 0xC3, 0xD1, 0x37, 0xC8, 0xB3, 0x7E, 0x08, 0xAE, 0x21,
    0x83, 0xC9, 0x02, 0x13, 0xD6, 0x22, 0x24, 0x1B, 0x7F, 0xD7, 0xCB, 0xA3, 0x2B, 0x42, 0x8F, 0x78,
    0x8A, 0xBD, 0x93, 0x08, 0x70, 0x14, 0xA7, 0x37, 0xEB, 0x53, 0xD1, 0xF0, 0xCD, 0x29, 0x76, 0xBD,
    0xA5, 0xEC, 0xAA, 0x15, 0x9B, 0x65, 0x1B, 0x2C, 0xED, 0xD8, 0x55, 0x28, 0xBB, 0xAC, 0xB2, 0xAB,
    0x26, 0xBB, 0xA2, 0x99, 0xEC, 0x8A, 0x27, 0xB2, 0x2B, 0xEB, 0xC9, 0xAE, 0xBC, 0x25, 0x2F, 0x6C,
    0xC5, 0xC2, 0x93, 0x33, 0x9B, 0x99, 0x45, 0x32, 0xB2, 0xC8, 0x98, 0x54, 0xEC, 0x8B, 0x86, 0xEC,
    0x12, 0xD3, 0x04, 0x76, 0x79, 0xB2, 0xCB, 0x4F, 0xCA, 0xAE, 0x41, 0xD9, 0xD5, 0xEF, 0xB3, 0xCB,
    0x93, 0x5D, 0x11, 0x8F, 0x5A, 0x44, 0x0C, 0x34, 0xB2, 0xEC, 0x95, 0x5D, 0x47, 0xC7, 0x08, 0xE2,
    0x61, 0xEF, 0x1A, 0x6B, 0xFB, 0x3D, 0x7D, 0xA9, 0xCA, 0x53, 0xF3, 0xD4, 0xC7, 0x5D, 0x8D, 0x6C,
    0x3A, 0x1B, 0x68, 0x15, 0x22, 0xFD, 0x3B, 0xEA, 0xA1, 0x86, 0x9E, 0x58, 0x82, 0xA9, 0x38, 0xC1,
    0x3A, 0x4A, 0xF0, 0x7A, 0x79, 0x8A, 0xAA, 0x47, 0xAB, 0x39, 0x65, 0x24, 0xAA, 0x95, 0x18, 0x35,
    0x84, 0x7E, 0x47, 0x9E, 0xE6, 0x57, 0x93, 0x61, 0xCF, 0x20, 0xBE, 0x82, 0x74, 0xBD, 0xCE, 0xF7,
    0x67, 0x35, 0xD5, 0xC1, 0xCD, 0x3E, 0xD7, 0x08, 0x79, 0x06, 0xCB, 0xA4, 0x7F, 0xB0, 0x80, 0xAF,
    0x28, 0x75, 0x69, 0x9B, 0x22, 0x15, 0xD3, 0xC3, 0x80, 0x17, 0x03, 0xF4, 0x83, 0xD6, 0xF5, 0xF9,
    0xAB, 0x4B, 0xD7, 0xD6, 0x33, 0x29, 0x9E, 0xC9, 0x33, 0xB1, 0x9A, 0x47, 0xD2, 0x8C, 0x45, 0x93,
    0xAE, 0x9A, 0x91, 0x4E, 0x6E, 0x04, 0x05, 0xC9, 0x4B, 0x3E, 0x14, 0x06, 0x51, 0x7B, 0x0E, 0x4C,
    0x1B, 0xF1, 0x40, 0x10, 0x45, 0xB3, 0x74, 0x63, 0x38, 0x1C, 0xFB, 0xAB, 0x7A, 0xAC, 0xF1, 0x47,
    0x4D, 0xE5, 0xDC, 0x1D, 0xF7, 0x92, 0x67, 0x85, 0xA6, 0x2A, 0x42, 0x62, 0x2D, 0xB8, 0x0F, 0xB1,
    0xA2, 0xF4, 0x3C, 0x8A, 0x27, 0xC6, 0x96, 0xF7, 0xA8, 0x40, 0x77, 0x11, 0x2A, 0x62, 0x5A, 0x07,
    0xA6, 0x67, 0xB3, 0xA3, 0x5B, 0x7D, 0x0A, 0xB0, 0x41, 0xBA, 0xAC, 0x71, 0x69, 0xBB, 0x4E, 0x70,
    0xEF, 0x09, 0xAB, 0x05, 0x83, 0xC1, 0xD7, 0x83, 0x7B, 0x27, 0x15, 0xB3, 0x53, 0x9D, 0x29, 0xE6,
    0xC8, 0x33, 0xE1, 0xA7, 0xD9, 0xBF, 0x1C, 0xB7, 0x45, 0x90, 0x01, 0x71, 0x2B, 0xD4, 0x93, 0x6C,
    0x69, 0x12, 0x28, 0xFC, 0x12, 0x2F, 0x5E, 0xF8, 0x24, 0x10, 0x96, 0x49, 0xEA, 0xFA, 0x84, 0x3D,
    0xC5, 0x84, 0xD0, 0x4F, 0x37, 0xF4, 0xD3, 0x01, 0x23, 0x5F, 0x6E, 0xE1, 0x86, 0x30, 0xE6, 0xF3,
    0xDC, 0x73, 0xD4, 0xBC, 0x1D, 0x1B, 0xE6, 0x79, 0xB8, 0x4D, 0x19, 0xB5, 0xAB, 0x2B, 0xAB, 0x29,
    0xA3, 0xF1, 0xF4, 0xE1, 0x50, 0x0A, 0x7A, 0xEA, 0x70, 0x99, 0x87, 0x89, 0xBE, 0x06, 0xB4, 0x74,
    0x05, 0xCC, 0x86, 0x29, 0x77, 0x47, 0x54, 0x17, 0x70, 0x4D, 0x40, 0x04, 0x92, 0x97, 0xD2, 0x72,
    0xFF, 0xCF, 0x02, 0x59, 0xC9, 0xA2, 0x97, 0x68, 0xCC, 0xF6, 0xA2, 0x28, 0x09, 0x6A, 0x31, 0x7D,
    0x1B, 0x5E, 0x29, 0xF0, 0x7D, 0xE1, 0xFD, 0x5F, 0x44, 0xA8, 0x17, 0x99, 0xA8, 0xBE, 0x57, 0xF4,
    0x21, 0x1F, 0x94, 0x3F, 0x29, 0x1F, 0x74, 0x76, 0x08, 0xD1, 0xDD, 0x4D, 0x4E, 0x24, 0x7B, 0xE2,
    0xC3, 0xC9, 0x9E, 0xB3, 0xC3, 0x8A, 0x67, 0x1C, 0x3C, 0xE1, 0xA0, 0x4B, 0x80, 0xD3, 0x8D, 0x83,
    0x67, 0x1B, 0x67, 0x86, 0xD0, 0x53, 0xA6, 0x96, 0xCE, 0x50, 0x90, 0xB6, 0xF7, 0x0D, 0xF5, 0xBD,
    0xE1, 0x74, 0x97, 0xE9, 0x7F, 0x1E, 0x05, 0xB0, 0xC6, 0x63, 0x00, 0xB6, 0xEE, 0x8E, 0x00, 0xCE,
    0x0C, 0xBF, 0x8B, 0xB8, 0x25, 0xC9, 0x1C, 0xC7, 0x58, 0xF0, 0x0E, 0x90, 0x5F, 0x6A, 0xBD, 0x8E,
    0x41, 0x9F, 0x0A, 0x1E, 0xE2, 0x62, 0xDC, 0x78, 0xB1, 0x87, 0xD6, 0xCD, 0xC2, 0x31, 0x30, 0x9D,
    0x28, 0x0B, 0xED, 0x24, 0xE3, 0x99, 0xD1, 0xD7, 0x43, 0x02, 0xBF, 0x84, 0x71, 0x8B, 0x9D, 0x75,
    0x3B, 0x43, 0x8B, 0x74, 0xEA, 0x9C, 0x10, 0x65, 0x2D, 0x37, 0x7F, 0x42, 0x26, 0x63, 0x32, 0xE9,
    0xE4, 0x70, 0xD7, 0xAB, 0x74, 0x93, 0x0D, 0xEB, 0xC1, 0x88, 0x40, 0xC3, 0x25, 0x20, 0x18, 0xB6,
    0x45, 0xA2, 0x99, 0x0D, 0xEE, 0x8B, 0x5D, 0x00, 0x92, 0xD6, 0xF3, 0x00, 0xDC, 0x37, 0xBC, 0x25,
    0x9A, 0xC9, 0xC0, 0x31, 0x47, 0x52, 0x5F, 0x48, 0x4E, 0xC7, 0xF5, 0x64, 0x7A, 0x55, 0x80, 0xED,
    0x5A, 0xE3, 0x33, 0x69, 0x8D, 0x0C, 0xFB, 0x71, 0x04, 0xC7, 0x72, 0x16, 0xCE, 0xC7, 0x99, 0x75,
    0x0D, 0xBD, 0x61, 0xCA, 0x6B, 0x0D, 0x3C, 0xC8, 0xD0, 0x58, 0x62, 0x9B, 0xBE, 0x86, 0x4F, 0xCD,
    0xF3, 0x13, 0xCE, 0x9A, 0x9F, 0x48, 0x70, 0xCF, 0xA7, 0x35, 0xC4, 0x21, 0xC4, 0x85, 0xA3, 0x83,
    0xA8, 0x58, 0x9A, 0xD7, 0x64, 0x16, 0x46, 0xC5, 0xBC, 0x1A, 0xBA, 0xB8, 0x1D, 0x68, 0xF7, 0x10,
    0xD7, 0x4B, 0x9B, 0xE5, 0x16, 0xF1, 0x29, 0x59, 0x11, 0xE7, 0xBD, 0x0E, 0xAC, 0x71, 0x6F, 0xBD,
    0x9C, 0x93, 0x9E, 0xC8, 0x63, 0xF3, 0x0E, 0xE2, 0x0B, 0x42, 0xE8, 0x1D, 0x8A, 0x3E, 0xED, 0x32,
    0x4C, 0xF5, 0x37, 0xB0, 0x1E, 0xB7, 0xB0, 0x2E, 0x2F, 0x69, 0x98, 0x17, 0x83, 0xD5, 0x0D, 0xF9,
    0x31, 0xBE, 0xC4, 0x15, 0xE1, 0x77, 0x91, 0x41, 0x93, 0x9A, 0x3E, 0x7B, 0x41, 0x08, 0xC9, 0x2C,
    0x05, 0x02, 0x24, 0x23, 0x11, 0x10, 0x12, 0x55, 0xF3, 0x36, 0xB3, 0x5C, 0x7E, 0x9F, 0x5F, 0xA8,
    0xC0, 0x19, 0x73, 0x22, 0x83, 0xDC, 0x86, 0x6B, 0x2A, 0xBA, 0x2D, 0xBE, 0xCF, 0xAF, 0x79, 0xB3,
    0xA4, 0x0B, 0x16, 0xE3, 0x2E, 0xEF, 0x7F, 0x16, 0x71, 0xC0, 0xEB, 0xB2, 0xAE, 0xEC, 0x71, 0x67,
    0x15, 0xFD, 0x9E, 0xF3, 0x5F, 0x51, 0x16, 0xA5, 0x6B, 0x5C, 0x53, 0xB7, 0x75, 0x8B, 0x12, 0xDF,
    0x7F, 0xE8, 0x35, 0xCD, 0x2F, 0x38, 0x71, 0x99, 0x20, 0xC5, 0x22, 0xA1, 0xA8, 0xDE, 0x47, 0xF7,
    0x4C, 0xA0, 0xE2, 0x4E, 0x0E, 0x83, 0xE0, 0x2B, 0xF2, 0xEC, 0x23, 0xBD, 0x4A, 0x83, 0x1B, 0xC7,
    0x73, 0x81, 0xDB, 0xC0, 0x77, 0x71, 0x3D, 0xCD, 0x8B, 0x6A, 0x2B, 0x6B, 0x9C, 0x61, 0x16, 0x13,
    0xDE, 0xF0, 0x2C, 0x62, 0xA1, 0x42, 0x03, 0x29, 0x39, 0x09, 0x42, 0x6B, 0x2F, 0x3A, 0x51, 0xDC,
    0xB1, 0x7C, 0xCC, 0x64, 0x93, 0x50, 0xA9, 0xB7, 0x11, 0x1D, 0x37, 0x38, 0x4E, 0x22, 0x2F, 0x47,
    0xB8, 0x57, 0x70, 0x1D, 0x08, 0xDD, 0x54, 0x9B, 0x1B, 0x8D, 0x8F, 0xB0, 0xB9, 0xAE, 0xB9, 0x26,
    0xEE, 0xE1, 0x6D, 0x38, 0x8A, 0x77, 0xF4, 0x02, 0xA2, 0xF8, 0x8D, 0xF0, 0xFB, 0x10, 0xEF, 0xF7,
    0xBC, 0xA7, 0xC8, 0x2B, 0x8B, 0xDF, 0x1B, 0x04, 0x1F, 0x5F, 0x1D, 0xFE, 0x64, 0xDC, 0xBB, 0xD9,
    0xB3, 0xEC, 0xDF, 0x74, 0x39, 0xB1, 0xB3, 0x54, 0xE3, 0xAA, 0xF2, 0xD5, 0x3B, 0xFF, 0x54, 0xC9,
    0x86, 0x9B, 0x85, 0x8A, 0x7A, 0x31, 0xBC, 0x55, 0x4C, 0x3B, 0xB3, 0xE7, 0x5E, 0x6E, 0xA1, 0x3E,
    0x0F, 0x7D, 0xD8, 0x5F, 0xC7, 0xEA, 0x3C, 0xF1, 0x36, 0x23, 0xD0, 0x84, 0xB5, 0xC2, 0xBA, 0xD8,
    0x16, 0xAB, 0xB2, 0x0C, 0x61, 0xB1, 0x26, 0x8D, 0x35, 0x46, 0xB1, 0xE5, 0xCB, 0x85, 0xED, 0x3B,
    0x25, 0x75, 0x41, 0x6B, 0x82, 0xD4, 0x99, 0xFC, 0xC1, 0xC4, 0xB7, 0xEB, 0x19, 0x48, 0xB9, 0xE6,
    0x50, 0x92, 0xEB, 0xC5, 0xE2, 0x9C, 0x76, 0x39, 0xFE, 0x55, 0x60, 0x2E, 0xF4, 0x84, 0x1D, 0xFF,
    0x2C, 0x52, 0xA0, 0xF5, 0xE6, 0xE6, 0x70, 0x5A, 0xEE, 0xC5, 0x62, 0x7B, 0x59, 0x7E, 0x70, 0x82,
    0x12, 0xEE, 0x8C, 0x36, 0x6B, 0x5D, 0x9F, 0xBF, 0x6C, 0xD8, 0xD2, 0x95, 0x0D, 0x77, 0x3B, 0xCA,
    0x2D, 0x58, 0x1B, 0x1E, 0x7F, 0xE5, 0xFA, 0xE4, 0xE7, 0x29, 0xA6, 0x92, 0x45, 0x7F, 0x4E, 0x04,
    0x78, 0x01, 0x31, 0xB8, 0xA3, 0xE3, 0x8E, 0x58, 0x4B, 0x62, 0x6B, 0x10, 0x2B, 0xED, 0x42, 0x54,
    0xF2, 0x00, 0x04, 0x66, 0x7F, 0x03, 0xB4, 0x6F, 0x03, 0xCE, 0x20, 0xF6, 0xEB, 0x11, 0x64, 0x7E,
    0xD7, 0x01, 0x4A, 0x60, 0xBF, 0x20, 0x18, 0xDC, 0x12, 0x9B, 0x04, 0x06, 0xD2, 0x0F, 0xAB, 0x41,
    0xEC, 0x65, 0x12, 0xFB, 0x23, 0xB3, 0xCB, 0x6B, 0xED, 0xC5, 0x86, 0xFD, 0x1A, 0x1B, 0x1E, 0x3F,
    0xD6, 0x79, 0x3E, 0xCA, 0x8C, 0x7A, 0x11, 0x71, 0xEF, 0x60, 0x45, 0x57, 0xE2, 0xEA, 0xF8, 0xFD,
    0x41, 0x30, 0xBB, 0x83, 0xFF, 0x4B, 0x12, 0x0D, 0x77, 0x6D, 0x80, 0x9A, 0xDB, 0xC5, 0x86, 0xEA,
    0xE3, 0x56, 0xAB, 0x96, 0x9B, 0x5F, 0x0C, 0x42, 0xBB, 0xD8, 0x90, 0xC7, 0x20, 0x3C, 0x04, 0xD1,
    0xD8, 0xF0, 0xF4, 0x01, 0xC8, 0xD9, 0x61, 0x85, 0x2C, 0xBC, 0x44, 0x61, 0x8B, 0x86, 0x62, 0xAC,
    0x1D, 0xCA, 0xCC, 0x9F, 0xE1, 0x7B, 0x53, 0x6E, 0xEC, 0xEB, 0x7F, 0xBD, 0x89, 0xAA, 0x77, 0x79,
    0x8B, 0x93, 0xFF, 0x58, 0xD4, 0xAF, 0x29, 0x7F, 0xDF, 0xE4, 0x88, 0x42, 0xCA, 0x8C, 0xB7, 0x8A,
    0x52, 0x9C, 0x74, 0x9A, 0x64, 0x61, 0x85, 0x62, 0x2C, 0x12, 0x9E, 0xF1, 0x28, 0xB8, 0xE0, 0x10,
    0x0C, 0x74, 0x8D, 0x65, 0x8C, 0x00, 0xE1, 0x2D, 0x7A, 0xE8, 0x93, 0xBC, 0x67, 0xF0, 0xFE, 0x6F,
    0x5E, 0xB3, 0xFD, 0xEF, 0xC2, 0x37, 0xA6, 0xF7, 0x8A, 0xF4, 0x9A, 0x91, 0x5E, 0x8D, 0xD4, 0xE3,
    0x2B, 0xE2, 0x53, 0xB7, 0x7B, 0xFF, 0x10, 0x55, 0xED, 0xF6, 0xEA, 0xB2, 0x1D, 0xA4, 0x06, 0x41,
    0x53, 0x58, 0x1A, 0xEE, 0x3C, 0x01, 0x38, 0xF1, 0x08, 0x3E, 0x87, 0x47, 0x70, 0x37, 0x78, 0x04,
    0xBD, 0x5B, 0x24, 0xC2, 0x92, 0x3D, 0x58, 0x4C, 0xAE, 0xD7, 0x3C, 0x53, 0x0A, 0x77, 0x24, 0xA1,
    0x4F, 0xE2, 0x1D, 0xB4, 0x9B, 0xD6, 0xF8, 0x8C, 0xAD, 0xEC, 0xC7, 0x11, 0x1C, 0x8B, 0xCD, 0xAB,
    0xF3, 0x71, 0x66, 0xAE, 0xD1, 0x3E, 0x1D, 0x42, 0x38, 0xE9, 0x2F, 0xF5, 0x3F, 0x10, 0x99, 0x57,
    0xEA, 0xD6, 0xBA, 0x3E, 0x3F, 0x9D, 0x1E, 0x7C, 0xA5, 0xDE, 0xC8, 0xFF, 0x00, 0xED, 0x5C, 0xBD,
    0x92, 0xDC, 0x58, 0x15, 0xBE, 0x92, 0x0A, 0xAB, 0x70, 0x07, 0x22, 0x80, 0xC4, 0x0E, 0x14, 0xB3,
    0x01, 0x7A, 0x03, 0xA4, 0x62, 0xA9, 0xDA, 0x80, 0x97, 0x80, 0x0C, 0xB6, 0xA8, 0xF2, 0x13, 0xAC,
    0xA5, 0x2A, 0x02, 0x02, 0x82, 0x9D, 0x47, 0x20, 0x70, 0x80, 0x49, 0x48, 0x49, 0xBC, 0xD2, 0xD6,
    0x06, 0x1B, 0x10, 0x58, 0xEC, 0x06, 0x04, 0x04, 0x16, 0xE0, 0x84, 0x22, 0x18, 0x51, 0x2B, 0x58,
    0x79, 0x57, 0xD2, 0xE5, 0x7C, 0xDF, 0xB9, 0x52, 0xAB, 0x7B, 0x7A, 0xEC, 0xB1, 0x77, 0xDC, 0xF3,
    0x53, 0xF4, 0xB4, 0xCE, 0xD5, 0xB4, 0xA4, 0xFB, 0x73, 0xEE, 0xB9, 0xE7, 0xFF, 0xCA, 0x98, 0xD2,
    0x0E, 0x46, 0x3E, 0xBB, 0xC5, 0xCB, 0x3E, 0x1B, 0x5B, 0xA1, 0x88, 0xB4, 0x88, 0x6D, 0x83, 0x22,
    0xB5, 0x2D, 0x8B, 0x53, 0x16, 0xF9, 0xD3, 0x1E, 0x85, 0x7D, 0xCA, 0xCA, 0xEC, 0x6F, 0x46, 0x81,
    0x9E, 0x7D, 0x6F, 0x92, 0x22, 0xB0, 0x81, 0x65, 0xE1, 0xDB, 0xCC, 0x98, 0x70, 0xF2, 0x6C, 0x21,
    0x75, 0x0D, 0x06, 0xB5, 0xA1, 0xA8, 0xA5, 0xCA, 0xDE, 0x94, 0x52, 0x69, 0xDA, 0x99, 0x54, 0x6A,
    0x93, 0x43, 0xCE, 0xA4, 0x63, 0xD6, 0x4A, 0xA5, 0x02, 0xD1, 0x43, 0x14, 0xA3, 0xF1, 0x51, 0x58,
    0xA9, 0x2B, 0x93, 0x03, 0x5F, 0x9C, 0x6E, 0x26, 0xB4, 0x55, 0x45, 0x68, 0x53, 0x0A, 0xF4, 0xC0,
    0x36, 0x09, 0xFA, 0x93, 0xB7, 0xA8, 0x08, 0x15, 0x72, 0x94, 0x5B, 0x70, 0x78, 0x94, 0x27, 0xB8,
    0x3A, 0x4A, 0x95, 0xD6, 0x66, 0x91, 0x80, 0x2A, 0x19, 0x3D, 0xA9, 0xA9, 0x45, 0x05, 0x19, 0xBB,
    0x46, 0x70, 0x47, 0x46, 0xFE, 0xC0, 0xDA, 0x36, 0x94, 0x5B, 0xDA, 0xD8, 0xFE, 0x33, 0x41, 0x2B,
    0x49, 0x9B, 0xD7, 0x72, 0xB5, 0xAC, 0x14, 0x94, 0x6D, 0xDE, 0xF9, 0xB6, 0x4D, 0x71, 0x4B, 0x62,
    0xED, 0x1F, 0xDA, 0x8D, 0x9D, 0xA4, 0xA2, 0xF2, 0xB9, 0x00, 0xF3, 0xC8, 0x7C, 0x1F, 0x0D, 0x0E,
    0xE6, 0x09, 0x8A, 0xC9, 0x63, 0x87, 0x72, 0xDB, 0xAF, 0xB0, 0xEB, 0x4F, 0xD9, 0xAD, 0x9C, 0x07,
    0x0C, 0xDD, 0xE3, 0xC0, 0x39, 0x6C, 0x0E, 0x9A, 0x03, 0xD9, 0x1B, 0xF0, 0xF1, 0x26, 0xE3, 0x16,
    0x20, 0x95, 0x5D, 0x65, 0xBF, 0x8D, 0xCD, 0x94, 0x7A, 0xF8, 0x4F, 0x30, 0x6A, 0xE1, 0xFE, 0x53,
    0x02, 0xF3, 0x1C, 0xFD, 0x4B, 0x1D, 0xC7, 0x43, 0xB2, 0x91, 0x5B, 0xA5, 0x73, 0xE8, 0xC5, 0x30,
    0x83, 0x70, 0xFC, 0x0E, 0x3A, 0x25, 0x63, 0xF0, 0xD9, 0xB3, 0x07, 0xCF, 0x31, 0x0D, 0x9D, 0x76,
    0xCE, 0x0D, 0x8A, 0x73, 0x62, 0xF2, 0x42, 0xC7, 0xA6, 0xA4, 0x31, 0x1E, 0x58, 0xBB, 0xF7, 0x31,
    0x12, 0x20, 0x70, 0xE4, 0x1C, 0x5A, 0xA0, 0x3F, 0x47, 0x4F, 0xE4, 0x29, 0x41, 0xFF, 0x20, 0xED,
    0x54, 0x26, 0x9A, 0x4C, 0x48, 0xA4, 0x1A, 0x60, 0x53, 0x26, 0x2C, 0x26, 0x36, 0x8B, 0x44, 0xDB,
    0x9C, 0x11, 0xF9, 0xBA, 0x85, 0x7B, 0xDC, 0x55, 0xE6, 0xAA, 0x76, 0x0D, 0xB9, 0x66, 0x5D, 0x27,
    0xE6, 0x2E, 0xB9, 0x0E, 0xBA, 0xEE, 0xBA, 0xCE, 0xEB, 0x6C, 0x85, 0xA8, 0x25, 0x42, 0xC5, 0x71,
    0x33, 0x23, 0x20, 0xDD, 0x59, 0x19, 0x77, 0x40, 0xA1, 0xA9, 0x9D, 0x64, 0x22, 0xA5, 0x16, 0xCC,
    0x5C, 0x1B, 0xD9, 0x2C, 0xEF, 0xA5, 0xFD, 0x68, 0x90, 0x69, 0xD9, 0xF4, 0x3A, 0x6D, 0x78, 0x3C,
    0x6F, 0x66, 0xD4, 0xF3, 0x8C, 0xBF, 0xC9, 0x55, 0xCF, 0xF0, 0x3E, 0x3E, 0xC1, 0x67, 0x59, 0x0B,
    0xEB, 0x63, 0xCD, 0xDA, 0x86, 0xF1, 0x1E, 0xB3, 0xC1, 0x50, 0xF1, 0x1E, 0xEB, 0x02, 0xC9, 0x9F,
    0xB6, 0x24, 0xA2, 0x50, 0xE7, 0xD1, 0xB3, 0xE7, 0x4A, 0x8D, 0xDB, 0x30, 0x27, 0xEF, 0x67, 0x18,
    0x6B, 0x0D, 0x24, 0xE0, 0x9E, 0x2F, 0x70, 0x7F, 0x65, 0x41, 0x8A, 0x79, 0xB5, 0x3F, 0xDE, 0x23,
    0x4E, 0x4C, 0xEF, 0x16, 0xF4, 0x7A, 0x7E, 0xDC, 0x7F, 0xEE, 0xDA, 0xAD, 0x9D, 0x91, 0x87, 0xE4,
    0x04, 0x15, 0x99, 0xA2, 0x3B, 0x33, 0xF9, 0xD9, 0xA1, 0x1E, 0x6D, 0x32, 0xFC, 0x47, 0xE6, 0x31,
    0x39, 0xAE, 0x32, 0xDB, 0xF2, 0x27, 0xBD, 0x0A, 0x8E, 0x46, 0x85, 0x4A, 0xB1, 0x62, 0xC0, 0xB7,
    0x75, 0x4E, 0x1E, 0x9B, 0x7B, 0x99, 0x29, 0x0B, 0x19, 0x6B, 0xF2, 0x99, 0x3C, 0xB1, 0xF9, 0xBA,
    0x47, 0x0D, 0xCD, 0x3C, 0x3B, 0x57, 0x33, 0x31, 0x3A, 0x2F, 0xC1, 0xC8, 0x69, 0xB1, 0x14, 0x2B,
    0xE9, 0x69, 0xCD, 0x39, 0xC9, 0xCE, 0x9F, 0x12, 0x19, 0xE6, 0x73, 0x1D, 0x6C, 0x41, 0xD8, 0x11,
    0x8E, 0x68, 0x3F, 0x91, 0x96, 0xA4, 0x5A, 0x5B, 0xA1, 0x2F, 0x65, 0x03, 0x98, 0xB6, 0x80, 0x49,
    0x07, 0x18, 0xF5, 0x84, 0xC3, 0x16, 0x6E, 0xCE, 0x81, 0xEB, 0x7B, 0xF4, 0x29, 0xAD, 0x41, 0x6B,
    0xB3, 0xA8, 0x39, 0x60, 0x2B, 0x0F, 0xA4, 0x45, 0x6D, 0x7D, 0xE9, 0x49, 0xE1, 0x7A, 0xA8, 0x3A,
    0x52, 0xCB, 0x65, 0xBF, 0x57, 0x34, 0x3B, 0x45, 0xBD, 0x2E, 0xF0, 0xCC, 0xC4, 0xA2, 0xB4, 0x9F,
    0x5B, 0x4E, 0xE3, 0x17, 0x16, 0x1A, 0x10, 0xD4, 0x0E, 0x20, 0x26, 0x97, 0x22, 0x11, 0xB4, 0x5A,
    0xAA, 0x2B, 0x1B, 0x4B, 0x74, 0xE3, 0x01, 0xF6, 0xE9, 0xE5, 0x85, 0xBB, 0xD3, 0x3D, 0x27, 0xB5,
    0xC4, 0xDB, 0x3A, 0x5D, 0x0B, 0xD2, 0xDE, 0x97, 0xDB, 0xD6, 0xE7, 0xBE, 0xC8, 0xA5, 0x13, 0x2D,
    0x26, 0x2D, 0xC0, 0x6F, 0xAD, 0xD3, 0x8F, 0x0A, 0x53, 0x8E, 0x2C, 0x50, 0xA9, 0x14, 0xBE, 0x1C,
    0x58, 0x54, 0x32, 0xD5, 0x28, 0x84, 0x38, 0x50, 0x48, 0xDB, 0xAB, 0x22, 0x69, 0x4B, 0x68, 0x55,
    0xE7, 0x14, 0xEE, 0x96, 0x9D, 0xE7, 0x1A, 0x16, 0x65, 0xBD, 0xAA, 0xDA, 0x35, 0xE4, 0x9A, 0x65,
    0x27, 0xB6, 0x2A, 0x5B, 0xBD, 0xEE, 0xEE, 0xC9, 0x8A, 0xFD, 0xAE, 0x60, 0x8C, 0x39, 0xDB, 0x81,
    0xFC, 0x5D, 0x07, 0x4D, 0x0C, 0x28, 0xFA, 0x15, 0x37, 0x8A, 0x28, 0xC5, 0xBD, 0xA2, 0x50, 0xF1,
    0xA9, 0xC8, 0x3D, 0x0F, 0xEA, 0x3D, 0x7A, 0xBF, 0x62, 0x5C, 0xEB, 0xD1, 0x3A, 0x1D, 0xBA, 0x15,
    0xDB, 0x73, 0xBB, 0xAF, 0x32, 0x83, 0x48, 0x6B, 0xFB, 0x60, 0xBB, 0x18, 0x5F, 0x0E, 0x80, 0x1A,
    0x80, 0x66, 0x05, 0x5E, 0xE3, 0x59, 0xB6, 0xD6, 0x6F, 0x81, 0xAC, 0xE6, 0xD1, 0xAC, 0xC0, 0xA1,
    0xCF, 0x21, 0x7E, 0x32, 0x99, 0xBC, 0x8B, 0x3B, 0xF0, 0x93, 0x56, 0xB4, 0xCC, 0xB4, 0x16, 0x36,
    0x00, 0xB5, 0x74, 0xCA, 0xB7, 0xA0, 0x5E, 0xF1, 0x13, 0x02, 0x3F, 0x5B, 0xF8, 0xC9, 0x10, 0xCE,
    0xFC, 0x44, 0xF4, 0x5B, 0xD0, 0xED, 0x1D, 0x2C, 0x39, 0x1A, 0x6D, 0x83, 0xF9, 0xE8, 0x15, 0x96,
    0xCB, 0xB5, 0xC2, 0xDF, 0xCF, 0xCD, 0x3D, 0x23, 0xB6, 0x56, 0x2A, 0x97, 0xB3, 0x09, 0x68, 0x1A,
    0xB0, 0x24, 0x3B, 0x08, 0xCF, 0xE2, 0x4A, 0x90, 0x48, 0x8B, 0xD7, 0x59, 0x4C, 0xD9, 0xBC, 0x5C,
    0x9E, 0x5C, 0x6F, 0x22, 0xA4, 0xCA, 0x41, 0x84, 0xF9, 0xAA, 0x77, 0x14, 0xB3, 0x1A, 0x72, 0x35,
    0x94, 0x78, 0xBD, 0x90, 0x63, 0x12, 0x5C, 0x2B, 0x0B, 0x20, 0x66, 0xB6, 0x3C, 0x7D, 0x9E, 0x91,
    0xC1, 0x70, 0xD9, 0x8A, 0xA9, 0xF9, 0xB6, 0x90, 0x33, 0x78, 0x94, 0x8D, 0x29, 0xB4, 0x93, 0x3B,
    0xD4, 0x4D, 0xD8, 0x17, 0xDA, 0x8A, 0xFE, 0xB8, 0xD8, 0x9B, 0x3C, 0x53, 0xC2, 0xC7, 0xFF, 0xC9,
    0x73, 0xEF, 0x77, 0xE6, 0x7D, 0xF9, 0x07, 0xDD, 0xCD, 0x7F, 0x2D, 0x3F, 0x25, 0xA7, 0xB3, 0x2B,
    0xC0, 0xB7, 0xD7, 0x9B, 0x1C, 0x1F, 0x9B, 0x77, 0x32, 0x31, 0xF3, 0x65, 0xF9, 0xA4, 0x9F, 0xC8,
    0xB0, 0xA2, 0xAF, 0x3B, 0x0C, 0x8D, 0xE6, 0x75, 0x71, 0x75, 0xDC, 0xD1, 0x08, 0x42, 0xD5, 0x6F,
    0xB3, 0x63, 0x2C, 0x7E, 0xB8, 0x32, 0x16, 0xC3, 0xC1, 0x9F, 0x2E, 0x45, 0x0D, 0x0E, 0x67, 0x35,
    0xB8, 0xA0, 0xE6, 0xFA, 0xFB, 0x57, 0xA9, 0xC1, 0x91, 0xD4, 0x76, 0x5E, 0x21, 0xE4, 0x52, 0xF1,
    0x71, 0x5B, 0xA9, 0x1A, 0x4C, 0x4F, 0x8B, 0x77, 0x48, 0x0D, 0xCE, 0x0F, 0xA9, 0xC1, 0xD3, 0x19,
    0x63, 0xB1, 0xDA, 0x31, 0x16, 0x3F, 0x3E, 0xC7, 0x58, 0xDC, 0x4C, 0x42, 0x67, 0xA5, 0xFD, 0xCC,
    0x4A, 0x1D, 0xFF, 0xB5, 0x40, 0xA9, 0xA5, 0xE8, 0x8E, 0x21, 0xC5, 0x29, 0xD0, 0x29, 0xDB, 0x53,
    0x88, 0xF9, 0xFC, 0x00, 0xD0, 0xAB, 0xB8, 0x8F, 0x3A, 0x03, 0x9F, 0xA5, 0xD4, 0x0F, 0xA8, 0x54,
    0x50, 0xE6, 0x3B, 0xFD, 0xCA, 0x01, 0xAF, 0x95, 0x1F, 0xE2, 0x51, 0xF4, 0x04, 0x38, 0x7A, 0xA8,
    0x33, 0x37, 0x70, 0x43, 0x65, 0x3A, 0x81, 0xDE, 0x6F, 0x45, 0x5A, 0xC8, 0x90, 0x7A, 0x03, 0x34,
    0x78, 0xA3, 0xEF, 0x9C, 0xC3, 0x44, 0x6D, 0x42, 0xFA, 0x32, 0x77, 0xA6, 0xDB, 0x39, 0x73, 0x14,
    0x93, 0x0F, 0x21, 0x26, 0xD3, 0xAC, 0xC4, 0x68, 0x47, 0x10, 0x32, 0xB8, 0x45, 0x59, 0x5C, 0xEB,
    0x49, 0x3B, 0x8A, 0x27, 0xE0, 0xBA, 0x2E, 0xB7, 0x43, 0x9E, 0x80, 0x03, 0x62, 0xF9, 0xFA, 0x4D,
    0xDA, 0x6D, 0x40, 0xFE, 0xEE, 0xC7, 0x39, 0x9A, 0x43, 0x35, 0x29, 0x36, 0x4A, 0x78, 0x51, 0xBB,
    0x2E, 0xE2, 0x5A, 0x5D, 0x0E, 0x2B, 0x4E, 0xB8, 0x29, 0xE6, 0xDF, 0xB7, 0x6E, 0x4E, 0xBA, 0x72,
    0xF6, 0xC0, 0x35, 0x9E, 0xCA, 0x3B, 0x44, 0x46, 0xAA, 0x71, 0x01, 0xAA, 0x3E, 0x23, 0x9C, 0xD5,
    0x9B, 0x1E, 0x5A, 0x51, 0xD2, 0x3A, 0x6F, 0xF6, 0x9E, 0x36, 0xF1, 0x12, 0xDF, 0xC0, 0x6B, 0x41,
    0x06, 0x0F, 0x0E, 0xC0, 0x4B, 0xAA, 0xDF, 0xDC, 0xD5, 0xC1, 0xF5, 0xCB, 0xE0, 0x82, 0xB1, 0xCC,
    0xE0, 0xA2, 0x17, 0x9D, 0x41, 0xD4, 0xBE, 0x83, 0x83, 0x93, 0x09, 0x6D, 0x2F, 0x0E, 0xEF, 0xBF,
    0x00, 0x04, 0x7D, 0xC5, 0x5F, 0x82, 0xD8, 0xE2, 0xAF, 0xA1, 0xCC, 0xC5, 0xD0, 0x32, 0x8C, 0x60,
    0x3D, 0x1A, 0x10, 0x3C, 0xD9, 0x8C, 0x46, 0xD4, 0x95, 0xF0, 0x92, 0x61, 0x38, 0x71, 0x3D, 0x5C,
    0xA0, 0x20, 0x56, 0xED, 0xB8, 0x5B, 0x1C, 0x7E, 0x80, 0xD7, 0xCE, 0x29, 0x2E, 0xDC, 0xDE, 0xC5,
    0x0B, 0x75, 0xBE, 0x2B, 0x64, 0xFC, 0x09, 0x0A, 0x59, 0xB3, 0x0B, 0xE7, 0x7B, 0xBC, 0xF2, 0x44,
    0x60, 0x24, 0xEA, 0xAF, 0x67, 0x65, 0x0C, 0x02, 0x41, 0xC6, 0x9E, 0xED, 0x42, 0x5B, 0xC1, 0xC3,
    0x0D, 0x58, 0x98, 0xB2, 0x16, 0x76, 0x60, 0xF2, 0x4B, 0x86, 0x9B, 0x3A, 0x91, 0x35, 0x92, 0x82,
    0xA3, 0x98, 0x27, 0xC9, 0x68, 0x86, 0x70, 0x97, 0x74, 0xD0, 0xF2, 0x31, 0x0F, 0xFF, 0x79, 0x54,
    0x45, 0x53, 0x54, 0x24, 0x82, 0x81, 0x14, 0x0E, 0x17, 0x6F, 0xCF, 0x17, 0x02, 0x05, 0xF8, 0x92,
    0x8F, 0xD4, 0x8E, 0xFA, 0xDD, 0x1B, 0xF8, 0xA5, 0x7F, 0x73, 0xF0, 0x01, 0x7C, 0x77, 0x1B, 0xCA,
    0xBE, 0xC9, 0x17, 0x0A, 0x12, 0xDC, 0x08, 0xF0, 0x22, 0xC0, 0x89, 0x00, 0x1F, 0xC2, 0xDA, 0x85,
    0x70, 0xEC, 0x09, 0xFC, 0xBE, 0xB9, 0x9B, 0xA5, 0x26, 0xAE, 0x92, 0x2A, 0x47, 0xD8, 0x52, 0xA4,
    0xE4, 0x40, 0xF7, 0xDD, 0xDB, 0x9C, 0x40, 0x59, 0x73, 0x97, 0xFE, 0x15, 0x49, 0x29, 0x82, 0x42,
    0xA4, 0x9F, 0xE8, 0x99, 0x65, 0x25, 0xEB, 0x43, 0xB0, 0x9B, 0x61, 0x71, 0x3F, 0xC1, 0x7A, 0x0E,
    0x6C, 0x81, 0x55, 0xFD, 0xD1, 0xE5, 0x4C, 0x23, 0x2A, 0x9C, 0x10, 0x5F, 0x45, 0x8B, 0x35, 0xCC,
    0xBB, 0x54, 0x94, 0x0A, 0x5B, 0x21, 0x9A, 0x50, 0xE4, 0x4D, 0xD9, 0xE6, 0x4D, 0x5C, 0xCC, 0x12,
    0xEA, 0x0D, 0xFF, 0xEA, 0x0B, 0xFF, 0x35, 0x0C, 0x00, 0x5F, 0x59, 0x11, 0xF5, 0x7B, 0xC5, 0x06,
    0xC5, 0x40, 0xD9, 0x17, 0x8D, 0x74, 0xCE, 0x87, 0x88, 0x2C, 0xE4, 0x0D, 0x6D, 0x66, 0x79, 0x8E,
    0x66, 0x3C, 0xA2, 0x00, 0xF4, 0xBD, 0xFA, 0x22, 0xFD, 0x93, 0xCC, 0xEF, 0xCA, 0x3A, 0x1A, 0xAC,
    0x3C, 0x81, 0x32, 0x29, 0xFC, 0x6E, 0x97, 0x89, 0x48, 0x6D, 0x97, 0x7C, 0x50, 0x2E, 0xF3, 0x40,
    0x26, 0x40, 0x3C, 0x30, 0xA8, 0x1F, 0xD8, 0x96, 0xBA, 0x5B, 0xF0, 0x02, 0xCD, 0xDE, 0xA3, 0xD4,
    0xCE, 0xD9, 0x15, 0xAB, 0x1E, 0x10, 0x4B, 0x35, 0x0C, 0x4A, 0x56, 0x5A, 0xAB, 0xE8, 0x3D, 0xF3,
    0x51, 0x0D, 0xF2, 0x08, 0xB0, 0xAC, 0xF7, 0xA1, 0xA0, 0x33, 0x65, 0xC2, 0x41, 0x29, 0x27, 0x23,
    0x7C, 0x6C, 0x31, 0x23, 0x1D, 0x21, 0x63, 0x06, 0x9E, 0x7A, 0x99, 0xEE, 0x93, 0xDB, 0xBC, 0x93,
    0x21, 0x40, 0xC2, 0x41, 0x47, 0xFF, 0x9D, 0x84, 0x92, 0xCB, 0xAC, 0x2C, 0xD2, 0xFA, 0x6D, 0xF3,
    0x6E, 0x1E, 0x60, 0x2F, 0xB2, 0x46, 0x61, 0x6C, 0x24, 0xD2, 0x99, 0x14, 0xB1, 0x0E, 0x38, 0xA6,
    0x4F, 0x54, 0xA3, 0xCB, 0xA9, 0x35, 0x91, 0x54, 0x34, 0x7A, 0x13, 0x31, 0x5E, 0x94, 0x30, 0x76,
    0x54, 0x8A, 0x46, 0xDD, 0x78, 0xD2, 0x73, 0xD0, 0x93, 0xAC, 0xF3, 0x26, 0x62, 0xDC, 0x04, 0x7A,
    0xA3, 0xAC, 0x3C, 0x99, 0xAA, 0xFC, 0x6F, 0xB0, 0xB0, 0xF3, 0x7F, 0xD0, 0x14, 0xF8, 0x17, 0xE4,
    0x76, 0x4E, 0xE5, 0x3B, 0x67, 0x7A, 0x48, 0x6E, 0x3F, 0x84, 0x9F, 0x6A, 0x82, 0x9E, 0x9E, 0xF7,
    0xC0, 0x50, 0xDE, 0x1A, 0xD6, 0x86, 0x79, 0x46, 0x2B, 0x03, 0x20, 0x3C, 0x3B, 0x8D, 0x09, 0xD7,
    0x71, 0x2A, 0xF5, 0x35, 0xE5, 0xF4, 0x56, 0x25, 0x7B, 0x42, 0x4E, 0xF1, 0xA6, 0xAE, 0x89, 0x32,
    0xDB, 0x26, 0x58, 0x50, 0xCD, 0xF7, 0x28, 0xA7, 0xE8, 0x04, 0xD0, 0x00, 0xDC, 0xAB, 0x40, 0xDE,
    0x42, 0xDA, 0xCB, 0xD2, 0x0E, 0xA4, 0xFD, 0x1A, 0x5D, 0xA9, 0x45, 0x73, 0xCC, 0xEB, 0x52, 0x26,
    0xF8, 0x33, 0xF4, 0xF8, 0x2F, 0xE8, 0xFC, 0xE9, 0x88, 0xD1, 0x70, 0x48, 0x13, 0x47, 0x27, 0xEA,
    0xC1, 0x57, 0xC4, 0x08, 0x86, 0x53, 0x63, 0x34, 0x35, 0x06, 0x53, 0x0B, 0x82, 0x50, 0x55, 0xE1,
    0x2A, 0x45, 0x76, 0x49, 0xED, 0x54, 0x51, 0xF7, 0xA1, 0xB1, 0x41, 0x53, 0x83, 0x8A, 0xA8, 0xE6,
    0x4C, 0xD4, 0xB3, 0x89, 0x91, 0x6A, 0x70, 0x28, 0xED, 0x11, 0x21, 0x92, 0x67, 0x81, 0x8F, 0x55,
    0xD7, 0xD8, 0x86, 0x20, 0x31, 0xAF, 0x05, 0xEF, 0xD2, 0x3F, 0xC6, 0xD5, 0x96, 0xAE, 0xB1, 0x93,
    0xF8, 0x97, 0x1D, 0xAF, 0xD9, 0xB5, 0x14, 0x5D, 0x13, 0x9D, 0x54, 0x56, 0xA1, 0x76, 0xAD, 0x42,
    0xCD, 0x0D, 0x46, 0xDE, 0x6D, 0x3D, 0x9F, 0xF4, 0x36, 0x6E, 0xD8, 0x1F, 0xB0, 0x9A, 0xB8, 0x3A,
    0xA3, 0xF9, 0x5F, 0x09, 0xD8, 0x73, 0x3F, 0x02, 0x88, 0x25, 0x25, 0x56, 0x5B, 0xD8, 0x03, 0x71,
    0x82, 0xB6, 0xC5, 0x2E, 0xC3, 0x80, 0x2E, 0xFD, 0x7B, 0x8D, 0xC6, 0xBD, 0x6F, 0xB5, 0xAE, 0xC8,
    0xA8, 0x3D, 0x43, 0x46, 0x71, 0xF7, 0x66, 0x7F, 0x6A, 0xDD, 0x24, 0x4D, 0x5A, 0xA5, 0xA2, 0xA1,
    0x94, 0x5C, 0x52, 0x11, 0xD6, 0xAB, 0x82, 0x7A, 0x01, 0xD5, 0x0E, 0x38, 0x2A, 0x1E, 0xBC, 0x29,
    0xFF, 0xF3, 0xC8, 0xEF, 0x30, 0x7F, 0xFB, 0x6F, 0x3E, 0xD5, 0xE9, 0x36, 0x50, 0x7F, 0x11, 0x20,
    0xC3, 0x4E, 0x1B, 0x70, 0xFF, 0x15, 0xE0, 0x6F, 0xAF, 0x55, 0x8B, 0x1A, 0x3E, 0xB6, 0x61, 0xEE,
    0xD9, 0x16, 0xBC, 0x1E, 0x87, 0x4F, 0xB0, 0xD2, 0xAB, 0xFC, 0xCF, 0xC2, 0x6E, 0x70, 0xE0, 0xBC,
    0x4E, 0x5F, 0x4B, 0x42, 0xB8, 0x74, 0x87, 0x8B, 0x41, 0x8F, 0xF0, 0x07, 0x80, 0x1F, 0x33, 0x90,
    0xFC, 0x4C, 0xC3, 0xC9, 0x4C, 0x57, 0x60, 0xF6, 0xA1, 0xD5, 0x08, 0x19, 0x63, 0x2C, 0x9A, 0xE6,
    0xB2, 0x82, 0x0F, 0x09, 0x7F, 0xFA, 0x8A, 0x56, 0xE8, 0xBA, 0x39, 0x03, 0xCF, 0xD1, 0x10, 0x7F,
    0xEC, 0xD9, 0x5F, 0x7A, 0x08, 0xA8, 0x0C, 0xBE, 0xED, 0x36, 0xB6, 0x4A, 0xE1, 0x1E, 0xC1, 0xF7,
    0x67, 0x17, 0xD0, 0x2E, 0x17, 0x79, 0xA2, 0x1E, 0x53, 0x35, 0x49, 0x29, 0x43, 0xC8, 0x12, 0x4D,
    0xB8, 0xA7, 0x76, 0xE4, 0xC8, 0x11, 0x99, 0xE0, 0x66, 0x12, 0x68, 0x15, 0x66, 0x84, 0x15, 0x61,
    0x43, 0xD8, 0x02, 0x9E, 0x0E, 0x80, 0x7F, 0x1D, 0x01, 0xFF, 0x61, 0x01, 0xFF, 0x6E, 0x0B, 0x81,
    0x8D, 0xAD, 0x01, 0xF3, 0x16, 0x30, 0xED, 0x00, 0xA3, 0x01, 0x70, 0x33, 0x01, 0x06, 0xF6, 0xDD,
    0x09, 0x42, 0xF7, 0x93, 0x09, 0x02, 0xF8, 0x73, 0xC0, 0xF4, 0x0B, 0xC0, 0xF8, 0xCB, 0x89, 0xE2,
    0x79, 0xA2, 0xB0, 0x9C, 0x28, 0x2C, 0x27, 0x0A, 0x4B, 0xC2, 0x9C, 0x30, 0x25, 0x84, 0x37, 0x2C,
    0xEA, 0x67, 0x87, 0x05, 0x07, 0xC8, 0x5C, 0xC4, 0xF2, 0x4C, 0x1E, 0x62, 0x5E, 0x3D, 0x78, 0x6E,
    0xF2, 0x4F, 0xA0, 0x1D, 0x3E, 0x15, 0x14, 0xE7, 0xA7, 0x50, 0x17, 0x47, 0x4F, 0x88, 0xB0, 0xD3,
    0xC4, 0x8E, 0xA4, 0x13, 0x12, 0x89, 0x2F, 0x01, 0xDC, 0x18, 0xC4, 0xAD, 0x3F, 0x51, 0xB7, 0x75,
    0xFB, 0x24, 0xCD, 0x36, 0xB5, 0x53, 0x61, 0x9E, 0xCD, 0xBE, 0xBE, 0xA3, 0xA1, 0x71, 0x2D, 0x06,
    0x16, 0xC1, 0x1D, 0x6E, 0xA5, 0x77, 0xBB, 0x23, 0xC2, 0xEF, 0x9E, 0xF8, 0x8F, 0x70, 0x05, 0xC3,
    0x08, 0xC6, 0x84, 0x6B, 0x9D, 0x2A, 0x53, 0xCA, 0x71, 0x46, 0x07, 0x3D, 0xED, 0x37, 0x65, 0xA6,
    0xBC, 0x47, 0xE6, 0x7D, 0xD1, 0x5E, 0xA0, 0xBF, 0x30, 0x7B, 0x2D, 0x41, 0xEE, 0x1A, 0x33, 0xD7,
    0x82, 0x03, 0xA1, 0xD0, 0xFF, 0xD3, 0x79, 0x6E, 0x89, 0x3D, 0xC2, 0xC8, 0x1E, 0xCC, 0xFD, 0xD1,
    0x48, 0x4C, 0xA0, 0x4E, 0x53, 0x7A, 0x62, 0x18, 0x7C, 0x86, 0x1B, 0xFF, 0x98, 0x14, 0xBE, 0x07,
    0x12, 0x66, 0x22, 0xB5, 0x2E, 0x6D, 0x85, 0x21, 0x5A, 0x4D, 0x2B, 0xD7, 0xC4, 0xF0, 0xDD, 0xE2,
    0x65, 0x9F, 0xD7, 0xCB, 0x59, 0xCC, 0x34, 0xCA, 0x50, 0xB8, 0x98, 0x03, 0x23, 0x10, 0x65, 0x4D,
    0x83, 0x30, 0x6F, 0x5C, 0x80, 0xF9, 0xA2, 0x45, 0xDE, 0xB8, 0xC7, 0x77, 0x02, 0x18, 0x95, 0x6B,
    0xE8, 0x55, 0x39, 0x8B, 0xAB, 0x00, 0x06, 0xF3, 0x04, 0x77, 0xE0, 0x79, 0x1F, 0x4D, 0xB9, 0xE5,
    0x3D, 0x9A, 0x62, 0x48, 0x8F, 0x00, 0xCD, 0xBB, 0xDE, 0x30, 0x2A, 0xCE, 0x04, 0xAC, 0x69, 0x4E,
    0xC6, 0x9A, 0xD3, 0xB3, 0xFC, 0x5D, 0x98, 0xEE, 0x25, 0x6C, 0x4D, 0xEE, 0x59, 0xAD, 0x47, 0xEB,
    0xD4, 0xFA, 0x5D, 0x7F, 0x5C, 0xAA, 0xAF, 0x86, 0x65, 0xBD, 0x5E, 0xC5, 0xCD, 0x7E, 0x58, 0xB6,
    0xB9, 0x94, 0xB0, 0xEC, 0x35, 0x9D, 0x23, 0x86, 0x65, 0x11, 0x97, 0xCD, 0x5C, 0x60, 0x56, 0x23,
    0xB3, 0x1A, 0x9A, 0xDD, 0x8F, 0xCD, 0x5E, 0xF9, 0x4C, 0x89, 0x7A, 0xA0, 0xFA, 0xD9, 0xC7, 0xE4,
    0x00, 0xE5, 0xBB, 0x9C, 0x30, 0x1B, 0xF6, 0xB4, 0xA6, 0x29, 0x50, 0xFC, 0x21, 0xAE, 0x6E, 0xE5,
    0x4C, 0x45, 0x1D, 0xEA, 0x8B, 0x5B, 0x38, 0x13, 0x92, 0x1A, 0xDA, 0x60, 0x4A, 0xA5, 0x36, 0x7F,
    0x17, 0x15, 0x97, 0xFB, 0xCA, 0xDF, 0x55, 0xCF, 0xD4, 0x7D, 0xAB, 0xFB, 0x6E, 0x74, 0xC3, 0x0D,
    0xFD, 0xD9, 0xEE, 0x44, 0xA3, 0x3B, 0x32, 0x62, 0x24, 0x1F, 0x6A, 0x42, 0x6D, 0xA5, 0x27, 0xA1,
    0x75, 0x4E, 0x2C, 0x38, 0xDE, 0x78, 0x12, 0xF7, 0xEE, 0x04, 0x48, 0x5C, 0xB6, 0xCA, 0x1C, 0x38,
    0xA1, 0x41, 0xF2, 0x8A, 0x93, 0x9D, 0xA7, 0x96, 0x0A, 0x97, 0x26, 0x96, 0x46, 0x97, 0x6E, 0x2C,
    0x1D, 0x5B, 0xBA, 0x3A, 0x77, 0x7E, 0x35, 0x9C, 0x65, 0x80, 0xCB, 0x90, 0x81, 0x01, 0xFA, 0xD2,
    0x80, 0x10, 0x0C, 0x14, 0xF8, 0xF9, 0x54, 0xB7, 0x1D, 0xE9, 0xA7, 0x62, 0x58, 0xB4, 0xF7, 0x2C,
    0xA8, 0x22, 0x42, 0x92, 0x4F, 0xCB, 0x90, 0x69, 0x25, 0x42, 0x84, 0xA8, 0x2E, 0x30, 0xDD, 0x8D,
    0xDE, 0xDF, 0xE7, 0x87, 0x4F, 0x0A, 0xB5, 0xCB, 0xDC, 0x89, 0xBA, 0x27, 0x5D, 0x6E, 0x70, 0x65,
    0xBE, 0xCD, 0x69, 0xB2, 0xF0, 0xF9, 0xB1, 0x2D, 0x48, 0xBF, 0xA5, 0xF5, 0xB9, 0x3F, 0x99, 0xEB,
    0xE1, 0x60, 0x5C, 0x9F, 0x4F, 0x96, 0x00, 0xF3, 0x8E, 0x32, 0x49, 0xA3, 0x23, 0x25, 0x2B, 0x28,
    0xCF, 0xA6, 0x6D, 0xF5, 0xEB, 0x64, 0xEE, 0x96, 0x90, 0xAE, 0x32, 0x75, 0xCB, 0x6D, 0x56, 0xD9,
    0xB4, 0x3E, 0xDD, 0x66, 0x88, 0x9F, 0xCC, 0x50, 0x7F, 0x09, 0x08, 0xF5, 0xCE, 0x07, 0xD3, 0x5C,
    0xC3, 0x52, 0x9B, 0xD6, 0x6C, 0xE8, 0xD8, 0xCB, 0xE8, 0xE4, 0xA3, 0x21, 0x6F, 0xE9, 0xF4, 0xC8,
    0xD5, 0xB9, 0x09, 0xE7, 0x1F, 0x86, 0xBC, 0xB8, 0xE8, 0xE6, 0x16, 0x0B, 0x2A, 0x15, 0x35, 0x87,
    0x05, 0x17, 0x04, 0x98, 0x04, 0x06, 0x04, 0xAD, 0x38, 0x5F, 0xEB, 0x5C, 0xA5, 0xC9, 0x3F, 0x95,
    0x67, 0x9E, 0x59, 0xFA, 0xA5, 0xF2, 0x49, 0xFD, 0xBB, 0x54, 0x46, 0xDE, 0xD4, 0xA3, 0x79, 0x53,
    0x70, 0xB3, 0xF3, 0xB1, 0x5B, 0xE3, 0xD2, 0x5B, 0x99, 0x98, 0x2A, 0x14, 0x03, 0xEA, 0x2D, 0x41,
    0xA7, 0xBE, 0x97, 0x2A, 0xFE, 0xB7, 0xAD, 0xE2, 0x2F, 0xE5, 0xB0, 0x38, 0x0A, 0xC4, 0x93, 0xB9,
    0x9E, 0xA0, 0x0A, 0xBD, 0xC9, 0xB1, 0x8E, 0x6F, 0xC3, 0x84, 0xA1, 0x3B, 0xBD, 0x52, 0xE3, 0xA5,
    0x74, 0x6E, 0x53, 0xEF, 0x31, 0x93, 0xC0, 0x6C, 0x86, 0xCE, 0x31, 0x3D, 0x4F, 0xF3, 0xF3, 0x5C,
    0x82, 0x9E, 0xDA, 0xC9, 0x87, 0xD2, 0x0B, 0x6F, 0xC4, 0x5C, 0xBC, 0x93, 0xDD, 0x3D, 0x49, 0xEB,
    0xB4, 0x8E, 0x5A, 0x84, 0x92, 0x46, 0x72, 0x9E, 0x79, 0xDF, 0xE1, 0x16, 0x3B, 0x6F, 0x03, 0xF3,
    0x8A, 0x38, 0x4D, 0x1F, 0x54, 0x7F, 0x02, 0xAD, 0x34, 0x97, 0x5B, 0x72, 0x46, 0xA8, 0x7A, 0xE5,
    0x0B, 0x15, 0xA5, 0x9A, 0xA7, 0x3F, 0x90, 0x33, 0x4D, 0x82, 0x9C, 0x62, 0x23, 0xF2, 0x13, 0x11,
    0xF0, 0x0A, 0xFD, 0x11, 0x28, 0xB5, 0xBC, 0x5F, 0xC4, 0xBA, 0xF1, 0x76, 0xDC, 0xEE, 0xD8, 0xD9,
    0xD8, 0x89, 0xBE, 0x17, 0x8A, 0xE4, 0x92, 0x5E, 0xC3, 0xFB, 0x64, 0x45, 0xD8, 0x05, 0xA9, 0x0A,
    0x58, 0x45, 0x66, 0xAC, 0x2E, 0x8F, 0xE6, 0x7B, 0x19, 0xA5, 0x6F, 0x33, 0xCB, 0xE0, 0xB2, 0x4E,
    0x7A, 0xB6, 0x62, 0x33, 0x61, 0x78, 0x4B, 0x36, 0xBE, 0x73, 0x2C, 0x37, 0x60, 0x69, 0x2F, 0x16,
    0x4E, 0xA6, 0xBE, 0x85, 0x6A, 0xF6, 0x2D, 0xD8, 0xB3, 0x7B, 0x1C, 0xEF, 0x33, 0xEC, 0x29, 0xD8,
    0x0E, 0x75, 0xAB, 0x80, 0x4C, 0x27, 0xF6, 0x69, 0x22, 0xA7, 0x27, 0x85, 0xE8, 0xFF, 0xAE, 0xE1,
    0x86, 0xD0, 0x08, 0x3C, 0x72, 0x83, 0x0D, 0x09, 0x1E, 0xA5, 0xF3, 0x7D, 0xAB, 0xC9, 0x88, 0x74,
    0x01, 0xB6, 0xDF, 0x2A, 0xD4, 0xBE, 0x10, 0x76, 0x2E, 0xCC, 0xBD, 0xA1, 0x1C, 0x47, 0xCF, 0x32,
    0x8F, 0xFD, 0x52, 0x06, 0x7B, 0x4F, 0x19, 0x69, 0xBB, 0xE4, 0xEF, 0x6E, 0x5E, 0x70, 0x2F, 0x43,
    0x8B, 0xAE, 0xE5, 0x55, 0xD2, 0x1C, 0xA2, 0xDF, 0x9B, 0x82, 0x6E, 0xEE, 0x67, 0x0C, 0x41, 0x4A,
    0xB4, 0x7D, 0xB8, 0x93, 0xD1, 0x0A, 0x39, 0x1D, 0xDC, 0xC5, 0x78, 0x34, 0x9C, 0xDF, 0x1C, 0x62,
    0x55, 0x4F, 0xCE, 0x6F, 0x8D, 0xD3, 0x47, 0x96, 0x74, 0xBB, 0x1F, 0x12, 0x32, 0x4C, 0x9D, 0xB2,
    0x5F, 0xE9, 0xF3, 0xA3, 0x12, 0x6D, 0xB7, 0x44, 0xAD, 0x38, 0xC4, 0xA0, 0x9D, 0x01, 0xF4, 0x4E,
    0x72, 0x5E, 0x6E, 0x36, 0x00, 0xFB, 0x82, 0x96, 0x0E, 0x37, 0x1E, 0x58, 0x18, 0x7C, 0x0A, 0xA3,
    0x53, 0xA0, 0xCC, 0x19, 0x46, 0x76, 0xC3, 0x88, 0xDB, 0x7F, 0x64, 0x7E, 0x81, 0x4D, 0x88, 0x17,
    0x72, 0xE2, 0x1C, 0x6D, 0x6E, 0xA8, 0x91, 0xB6, 0x67, 0xE1, 0x11, 0xE3, 0xCD, 0x17, 0x84, 0x11,
    0x25, 0x73, 0xA4, 0xBB, 0x36, 0xC7, 0x15, 0x59, 0xA7, 0x66, 0xC9, 0x43, 0x74, 0xC4, 0xDD, 0xE9,
    0x1E, 0x81, 0xFD, 0x43, 0xA6, 0x76, 0xE7, 0x38, 0x74, 0xCF, 0xCB, 0x0F, 0xCE, 0x09, 0xA8, 0x0C,
    0xDA, 0x79, 0x26, 0x88, 0xCF, 0x4C, 0x50, 0xAB, 0x5E, 0xA3, 0x3B, 0xCA, 0xF0, 0x6A, 0x81, 0x8A,
    0x25, 0x36, 0x31, 0xA2, 0x9B, 0x4A, 0xD3, 0x49, 0x03, 0x9A, 0xDE, 0x74, 0xB0, 0x88, 0x83, 0x69,
    0x7A, 0x15, 0x4D, 0xDF, 0x9C, 0x59, 0xC1, 0x9E, 0xC6, 0xE5, 0x68, 0x7C, 0xCB, 0xA3, 0xD6, 0xE3,
    0xED, 0x61, 0xFD, 0xB2, 0xF0, 0xE3, 0x91, 0x5F, 0x9C, 0x85, 0x97, 0x85, 0x9F, 0xD7, 0xA5, 0xC2,
    0x8B, 0xE1, 0x6A, 0x85, 0x8F, 0xDC, 0x51, 0xA1, 0xF7, 0xC7, 0xA0, 0x01, 0x0D, 0xBE, 0xD7, 0x90,
    0x1D, 0x80, 0x7F, 0x7E, 0x4A, 0xEF, 0x61, 0xF1, 0x91, 0x39, 0x27, 0xC1, 0x35, 0x1A, 0x8E, 0x03,
    0x53, 0x85, 0x2D, 0x9C, 0xF0, 0xF4, 0x41, 0xF4, 0xE0, 0x5C, 0x69, 0x87, 0xC5, 0x61, 0xDB, 0x8D,
    0x3D, 0x11, 0xBE, 0x4A, 0xDB, 0x32, 0x33, 0xCA, 0x33, 0x63, 0x4E, 0xA4, 0x57, 0x4E, 0x5C, 0x50,
    0x1F, 0x08, 0x56, 0xBA, 0x27, 0x86, 0x76, 0xA6, 0xD7, 0xE7, 0xC2, 0x68, 0xBB, 0xCD, 0x99, 0x35,
    0x73, 0x49, 0x0E, 0x6D, 0xB8, 0x76, 0x91, 0xEE, 0xD2, 0xA5, 0xC2, 0x6A, 0xBB, 0xC4, 0xDA, 0xD3,
    0x4E, 0x38, 0xEF, 0xD3, 0x4E, 0xBA, 0x27, 0x7A, 0xE0, 0x03, 0x04, 0x17, 0x42, 0xC7, 0x60, 0xB7,
    0xF0, 0x9C, 0xCF, 0x8D, 0x41, 0xB1, 0xDB, 0x32, 0xDB, 0x9F, 0xEF, 0x57, 0x3E, 0x1E, 0x76, 0xEF,
    0x66, 0xFE, 0x09, 0x38, 0x68, 0x88, 0x01, 0x35, 0x31, 0xF5, 0x02, 0xDD, 0x3F, 0x60, 0x57, 0xBB,
    0xE1, 0x6F, 0x1E, 0x8E, 0xE1, 0x22, 0x56, 0x07, 0xF1, 0xE4, 0x0F, 0xCE, 0x39, 0x4C, 0xD7, 0xF0,
    0xAE, 0x63, 0xF8, 0x78, 0x88, 0x36, 0xC9, 0xF3, 0x25, 0xFB, 0xCC, 0xEF, 0x61, 0x20, 0x07, 0x6D,
    0x04, 0xD9, 0xD4, 0x10, 0xB6, 0x10, 0x64, 0xFA, 0xBB, 0xE6, 0x95, 0xBB, 0xFB, 0x6F, 0x14, 0xD2,
    0xCD, 0xF2, 0x9E, 0x9D, 0x18, 0x0C, 0x31, 0x7D, 0x4F, 0xAE, 0x7C, 0x80, 0x04, 0xC0, 0x0F, 0x3C,
    0x01, 0x0F, 0x71, 0xC6, 0xDF, 0xF8, 0x5E, 0xA1, 0x65, 0xE3, 0xDB, 0xF1, 0xE6, 0xC0, 0xE7, 0xA6,
    0xBB, 0x60, 0xC4, 0x74, 0x84, 0x3D, 0x5E, 0x26, 0xB3, 0x61, 0x06, 0x60, 0xD4, 0x00, 0xEF, 0x71,
    0x35, 0xDD, 0x50, 0x62, 0xA7, 0x97, 0x9D, 0x3E, 0x76, 0x7A, 0xD8, 0xE1, 0x5F, 0xA7, 0x77, 0xDD,
    0x1F, 0xE2, 0xFA, 0x2A, 0x88, 0xFD, 0x8A, 0x10, 0x47, 0x18, 0x0F, 0x44, 0x5C, 0xBF, 0x42, 0x9C,
    0x3A, 0x52, 0x35, 0xD1, 0x83, 0x88, 0x1B, 0x80, 0x38, 0xDA, 0x16, 0xDC, 0x34, 0xE0, 0xDC, 0xA6,
    0x1A, 0x77, 0xD7, 0x08, 0x4A, 0xA9, 0x31, 0x78, 0xAB, 0xEF, 0xBD, 0xCA, 0xDC, 0x9D, 0x47, 0xE4,
    0x16, 0xAA, 0xA6, 0xC2, 0x56, 0xF1, 0xA6, 0x65, 0xB3, 0xAE, 0xEE, 0x23, 0x86, 0xC8, 0xD0, 0x1D,
    0xBB, 0x14, 0x1E, 0xF7, 0x96, 0x90, 0x4F, 0x39, 0x87, 0x14, 0xFC, 0x25, 0xD1, 0x7D, 0xF3, 0x62,
    0xA6, 0xE9, 0xA4, 0x99, 0x63, 0x43, 0xE7, 0xB9, 0x2C, 0x76, 0x13, 0x21, 0x3B, 0xAD, 0xCF, 0x56,
    0x68, 0x85, 0x31, 0x03, 0x6E, 0x90, 0xB2, 0x58, 0x45, 0x05, 0x6D, 0xBC, 0x9E, 0x91, 0x97, 0x81,
    0xAD, 0x89, 0x2E, 0xBE, 0x19, 0x19, 0xD6, 0x95, 0x33, 0x41, 0x55, 0x20, 0x24, 0xCA, 0x42, 0xE0,
    0xA4, 0x97, 0xCC, 0xE6, 0x2B, 0x6B, 0x78, 0x7B, 0x16, 0xBD, 0xE0, 0x99, 0x27, 0x15, 0x75, 0x36,
    0x73, 0xA6, 0x62, 0xAB, 0xAF, 0x6E, 0x91, 0x06, 0xDB, 0xB2, 0x52, 0x23, 0x2F, 0x6D, 0x72, 0x9E,
    0x89, 0xD1, 0x27, 0x16, 0xAA, 0x7B, 0x1F, 0x48, 0x95, 0x36, 0x98, 0x9D, 0xA4, 0xC5, 0x38, 0xC0,
    0x48, 0xE2, 0xB6, 0x2C, 0xF0, 0x34, 0x5C, 0x47, 0x52, 0x37, 0xAD, 0xD8, 0xA8, 0x97, 0x16, 0xFE,
    0xC3, 0x17, 0x6A, 0x8C, 0xDA, 0x32, 0x72, 0x9C, 0x27, 0x13, 0x7E, 0xA5, 0xE1, 0xE7, 0x91, 0x87,
    0x71, 0x3D, 0x1E, 0x1C, 0xCE, 0x14, 0x6F, 0x1E, 0x23, 0x00, 0x1A, 0xF7, 0xED, 0xF4, 0x20, 0x06,
    0x8C, 0xBE, 0xFF, 0xCC, 0x6D, 0x01, 0x32, 0x4B, 0xE6, 0xA5, 0xDB, 0xBE, 0x10, 0x0C, 0x9A, 0x30,
    0xAA, 0x5B, 0x81, 0x98, 0xC8, 0xD5, 0xBE, 0x04, 0xBF, 0x2D, 0xDE, 0xB7, 0x91, 0xF4, 0xFA, 0xEA,
    0xB3, 0xB4, 0x15, 0x4B, 0x39, 0x45, 0xCC, 0x22, 0xE2, 0x3E, 0xB3, 0x14, 0x79, 0xD7, 0xE5, 0xC0,
    0x74, 0x69, 0xD4, 0x5F, 0x56, 0xE1, 0x68, 0x04, 0x91, 0xB6, 0x0A, 0x26, 0x4F, 0x06, 0x84, 0xCC,
    0x75, 0x7F, 0x28, 0x3D, 0x6C, 0x59, 0x09, 0x86, 0xFC, 0x47, 0xD0, 0x4D, 0xDF, 0xED, 0xD3, 0x5F,
    0x21, 0x32, 0xF5, 0xEB, 0x8E, 0x4E, 0xD6, 0xF2, 0x4F, 0x6D, 0xF2, 0xE9, 0x40, 0x8F, 0x4E, 0xFC,
    0x27, 0xAC, 0x88, 0x67, 0x4D, 0xF4, 0x0C, 0x62, 0xE8, 0xB4, 0x8E, 0x4E, 0x19, 0xB3, 0x12, 0xC3,
    0x94, 0xBC, 0xB8, 0xA0, 0xF1, 0x1A, 0x21, 0xB8, 0x55, 0x73, 0xB3, 0x32, 0xB7, 0xF4, 0x07, 0xD6,
    0xED, 0x66, 0xF8, 0x46, 0x6F, 0xBC, 0x4A, 0xF5, 0xDD, 0x6C, 0xBA, 0x5D, 0xAF, 0xDA, 0xCC, 0x41,
    0x34, 0xBE, 0x43, 0x04, 0xEE, 0x56, 0xAE, 0x52, 0xBA, 0x59, 0xE9, 0x70, 0x6D, 0x49, 0xD4, 0xEC,
    0xCE, 0xC0, 0x1D, 0x8C, 0x1B, 0xEB, 0xDE, 0x89, 0xF0, 0x9E, 0x65, 0x7B, 0x1F, 0xEA, 0xAE, 0xB2,
    0x67, 0xFD, 0xEA, 0x85, 0x74, 0x6E, 0x23, 0xAE, 0x7B, 0x59, 0x5D, 0xA8, 0xFE, 0xE4, 0x60, 0x67,
    0xDB, 0xE7, 0x37, 0x2C, 0xEE, 0x65, 0x33, 0x09, 0x2C, 0x1E, 0xC0, 0x69, 0x59, 0x52, 0xE7, 0x2C,
    0xA7, 0xB4, 0x9D, 0x43, 0x91, 0x74, 0x86, 0xF8, 0x5C, 0x2A, 0x6E, 0x99, 0xE8, 0x3E, 0x07, 0x2E,
    0x0A, 0x2E, 0x08, 0x26, 0xCB, 0x08, 0xF9, 0xF3, 0x11, 0x12, 0x7C, 0x05, 0x1A, 0x9A, 0x09, 0x1D,
    0xD3, 0x10, 0x2B, 0x59, 0x2B, 0x49, 0x93, 0x88, 0x43, 0x97, 0x43, 0xA1, 0xC4, 0xBB, 0x10, 0x29,
    0xF1, 0x69, 0xE6, 0x9D, 0x1F, 0x2E, 0xE7, 0xAD, 0xD8, 0xEE, 0xDE, 0xDB, 0xA6, 0x5F, 0x70, 0x47,
    0xF6, 0x8C, 0x2F, 0xD3, 0x9B, 0x9E, 0x2C, 0x26, 0x58, 0xBF, 0xC1, 0x4F, 0xFF, 0x73, 0xD7, 0x6E,
    0xEF, 0xFC, 0xEA, 0x56, 0x4D, 0xDD, 0xA2, 0xE9, 0xDC, 0xE7, 0xF5, 0x2A, 0x13, 0x6B, 0x6F, 0xCC,
    0x8C, 0xC9, 0x65, 0x67, 0xE0, 0xD6, 0x4B, 0xA2, 0x7C, 0x39, 0x6F, 0xB7, 0xDE, 0x37, 0x4E, 0x40,
    0xB8, 0xBA, 0x25, 0x7D, 0x83, 0x5B, 0xFC, 0xF5, 0x2D, 0xC3, 0x56, 0x3B, 0xCF, 0x0F, 0xF7, 0x27,
    0x9B, 0x5F, 0x18, 0x55, 0xCD, 0xAF, 0x40, 0x9C, 0xE6, 0xB0, 0x50, 0xD0, 0xED, 0xBB, 0x3E, 0x8A,
    0x5D, 0x90, 0x61, 0x5F, 0xE9, 0xFC, 0x16, 0x2C, 0x1A, 0xD7, 0x7C, 0xA9, 0x8B, 0x9A, 0x60, 0x73,
    0x0F, 0xD9, 0xC1, 0xB2, 0x75, 0x7B, 0x8D, 0x39, 0x8F, 0x4C, 0x71, 0x63, 0x4E, 0x3D, 0x6A, 0xA9,
    0xEC, 0x2E, 0x98, 0x7D, 0xA3, 0x9C, 0x48, 0x6F, 0x9D, 0x94, 0xF9, 0xF0, 0x20, 0x71, 0xDD, 0x18,
    0x44, 0x07, 0x73, 0x38, 0x7A, 0x05, 0x82, 0xF6, 0xA0, 0x8F, 0xE9, 0x38, 0x88, 0xE6, 0xFB, 0x30,
    0x4C, 0x99, 0x91, 0x08, 0x3E, 0xD3, 0x90, 0x1B, 0x97, 0xB7, 0xF2, 0x86, 0x03, 0x2F, 0xC5, 0xB8,
    0x41, 0xE8, 0xBE, 0x73, 0xE2, 0xFD, 0x4E, 0xD4, 0x77, 0x59, 0xAE, 0xFE, 0x08, 0xD6, 0x5B, 0x96,
    0x0C, 0xDD, 0x6F, 0x3D, 0xF0, 0x57, 0x83, 0x73, 0xEC, 0x8E, 0xEA, 0x62, 0xA4, 0x59, 0xB7, 0xDC,
    0x17, 0x71, 0x39, 0xDF, 0xFF, 0x01, 0xED, 0x5C, 0xBD, 0x92, 0xDC, 0xC6, 0x11, 0x1E, 0x2C, 0x4A,
    0x84, 0x4B, 0x08, 0x90, 0x58, 0x09, 0xAF, 0x5C, 0xC8, 0x95, 0xE0, 0x05, 0x5C, 0x02, 0x2C, 0x06,
    0x0A, 0x14, 0x38, 0x52, 0xF9, 0x19, 0xCC, 0x84, 0x4F, 0x60, 0x63, 0xAD, 0x44, 0x81, 0x03, 0x5F,
    0xE0, 0xCC, 0x89, 0x02, 0x06, 0x96, 0x13, 0xBF, 0x80, 0x29, 0xAC, 0xAD, 0xC0, 0x21, 0x61, 0x29,
    0x70, 0xE0, 0x40, 0xB0, 0xC5, 0xC4, 0xE5, 0x80, 0xA8, 0x12, 0xCA, 0x02, 0x4D, 0x00, 0xE3, 0xEE,
    0xEF, 0x9B, 0x01, 0x70, 0xBB, 0x7B, 0x3C, 0x92, 0x3A, 0x1E, 0xC9, 0x93, 0x56, 0xDA, 0x99, 0xE6,
    0xEE, 0x62, 0x30, 0xD3, 0x3D, 0xD3, 0xBF, 0x1F, 0xCE, 0x18, 0x79, 0xA5, 0xAD, 0x39, 0xDE, 0x9D,
    0x58, 0x6B, 0x5B, 0xB3, 0x91, 0xD6, 0xD6, 0x26, 0xD5, 0xAE, 0x30, 0xA5, 0xB4, 0xBD, 0x31, 0xF2,
    0xAE, 0x46, 0x13, 0xDA, 0x9D, 0x49, 0xAC, 0x89, 0xAC, 0x11, 0xB2, 0x48, 0x46, 0x63, 0x02, 0xBB,
    0x4B, 0x07, 0xB9, 0xDC, 0xEE, 0xB2, 0x4E, 0xBA, 0xAA, 0xCE, 0x75, 0xB8, 0xB2, 0x41, 0x97, 0xB7,
    0x17, 0x77, 0x8D, 0xBB, 0xC0, 0x5D, 0xEE, 0x06, 0xE3, 0xD0, 0x5B, 0xDE, 0x88, 0xB7, 0x9D, 0x38,
    0x09, 0xF9, 0xBE, 0xC4, 0x34, 0x31, 0xC1, 0x9D, 0xD1, 0xE9, 0x8E, 0xBA, 0x80, 0x13, 0x7B, 0x8A,
    0x85, 0x98, 0x7C, 0x77, 0x6E, 0x7B, 0x03, 0x4B, 0xCA, 0xF5, 0x8A, 0x40, 0xC8, 0x46, 0x46, 0xB6,
    0xB6, 0x93, 0x25, 0x15, 0xE5, 0x60, 0xE4, 0xD6, 0x72, 0xDB, 0xBC, 0x33, 0xF1, 0x24, 0xB3, 0xD3,
    0xFB, 0xE6, 0xFA, 0x03, 0x99, 0x9B, 0xDC, 0xE3, 0x4C, 0xCB, 0xCF, 0xDD, 0x6F, 0xF0, 0x7B, 0xBD,
    0x76, 0xC0, 0x38, 0x3D, 0xC6, 0x6C, 0x31, 0xBE, 0xDC, 0x36, 0xB7, 0x32, 0x6F, 0xB9, 0x6F, 0xC3,
    0xB9, 0x99, 0xA4, 0x3D, 0xDA, 0xC9, 0xB8, 0x72, 0xB5, 0xEB, 0x1A, 0x76, 0x3B, 0x74, 0xA3, 0x41,
    0x37, 0xBC, 0xC8, 0x2E, 0x77, 0x5D, 0x3B, 0x77, 0x69, 0x6F, 0x32, 0x91, 0xBA, 0x2C, 0x4E, 0x25,
    0x21, 0xCB, 0x89, 0xED, 0x69, 0x24, 0x9B, 0x42, 0xD7, 0x66, 0xB7, 0xF2, 0x09, 0x99, 0x9E, 0x42,
    0x10, 0x26, 0xA8, 0x26, 0xB7, 0xBC, 0x37, 0x21, 0x83, 0xB4, 0x39, 0x6C, 0x4B, 0xDD, 0x51, 0x35,
    0xDA, 0x1D, 0xDA, 0x42, 0xDB, 0xDE, 0x68, 0xDB, 0x3D, 0x6F, 0xDB, 0x18, 0xD9, 0x36, 0x32, 0xDF,
    0x52, 0xDA, 0x31, 0x10, 0x49, 0x66, 0xD6, 0x3E, 0x54, 0x79, 0xDA, 0xFB, 0x9D, 0xCE, 0x35, 0x91,
    0x4D, 0x75, 0xA7, 0xD3, 0x96, 0xAF, 0x9B, 0xC5, 0x8D, 0x8F, 0x3D, 0x9D, 0x36, 0x59, 0xA3, 0x5B,
    0xE9, 0x81, 0xD0, 0x71, 0x5F, 0x6E, 0xB1, 0xAD, 0x64, 0x69, 0x9B, 0xC9, 0x72, 0x8B, 0x61, 0x43,
    0xBA, 0xED, 0x36, 0x62, 0xC7, 0x1A, 0xDC, 0x51, 0x76, 0x10, 0x5E, 0xD8, 0x0B, 0xBB, 0x99, 0x36,
    0x55, 0xB3, 0xD0, 0x79, 0xAB, 0xF2, 0x9F, 0x40, 0x67, 0xDD, 0x42, 0x27, 0xFD, 0x8A, 0x1E, 0x02,
    0x8C, 0xEC, 0x84, 0x60, 0x94, 0xE3, 0x4A, 0xC7, 0x4A, 0x97, 0xED, 0x42, 0x0B, 0xDF, 0x3D, 0x1D,
    0xCA, 0x0C, 0x3D, 0x1D, 0x5B, 0x33, 0x5F, 0xAB, 0xC7, 0xC6, 0xD3, 0x22, 0x34, 0x77, 0x2F, 0xB9,
    0xB4, 0x31, 0x6E, 0x0E, 0x9C, 0x2B, 0xE7, 0x26, 0x07, 0xB8, 0x20, 0x2D, 0xDF, 0xEB, 0xC1, 0x52,
    0x5A, 0x0F, 0x59, 0x3E, 0x90, 0xBE, 0x23, 0xDF, 0x57, 0x38, 0x97, 0xD6, 0x9F, 0x15, 0xEB, 0x78,
    0xB2, 0x99, 0xE9, 0xED, 0x42, 0x3F, 0x30, 0x8E, 0xE6, 0xEB, 0xC6, 0xC7, 0xC1, 0x27, 0x8E, 0x0C,
    0x87, 0x68, 0x40, 0x2F, 0xDF, 0x59, 0x6E, 0x77, 0x25, 0xCB, 0x6A, 0xE7, 0xC9, 0x94, 0xFC, 0x54,
    0x32, 0x1A, 0x8D, 0x27, 0xFD, 0xE5, 0x47, 0xC8, 0x78, 0xD2, 0x63, 0x87, 0xE3, 0x55, 0xD9, 0x2F,
    0x1C, 0x29, 0xB7, 0xFF, 0xDA, 0x91, 0x31, 0x66, 0x02, 0x52, 0x0F, 0xA4, 0x5E, 0x26, 0x7A, 0x24,
    0xD3, 0xE3, 0x69, 0x8C, 0x3F, 0xE2, 0x96, 0xFC, 0xE6, 0x19, 0xF6, 0xEC, 0x06, 0x29, 0xC3, 0x3A,
    0x32, 0x54, 0xF5, 0x47, 0x52, 0x8E, 0xB8, 0x27, 0x1D, 0xAB, 0x95, 0x54, 0x4E, 0xBB, 0x11, 0x94,
    0xD1, 0x1C, 0x17, 0x7C, 0x96, 0xBB, 0xA5, 0xD4, 0x93, 0x86, 0x73, 0xD0, 0x63, 0x64, 0x96, 0x99,
    0xD5, 0x32, 0xDF, 0x6F, 0xC8, 0xC6, 0x9A, 0xAB, 0x20, 0x89, 0xB5, 0x81, 0x2C, 0xDD, 0x6E, 0xCA,
    0xDA, 0xD7, 0x8C, 0x92, 0xA3, 0xE9, 0xA9, 0xE6, 0x90, 0x12, 0x76, 0xE5, 0x33, 0x55, 0x92, 0xCA,
    0xE4, 0xE8, 0xD6, 0xBA, 0xE8, 0x26, 0x51, 0xA1, 0x81, 0x8A, 0xFC, 0x2E, 0x6B, 0x8C, 0xDA, 0x1F,
    0x52, 0x27, 0x7A, 0x3E, 0xF5, 0x15, 0x41, 0x45, 0x8A, 0xFA, 0xE0, 0xF5, 0xC3, 0xFA, 0x5F, 0xEE,
    0x3B, 0xEE, 0xEF, 0xBD, 0x2E, 0xED, 0xAE, 0xBC, 0xD3, 0x89, 0x9F, 0xD3, 0x51, 0x0D, 0x1D, 0xEB,
    0x60, 0x13, 0x65, 0xBB, 0xB8, 0xAE, 0x66, 0x87, 0x73, 0x12, 0xCB, 0xA9, 0x36, 0x9B, 0xAE, 0xAC,
    0x93, 0x41, 0xDE, 0x23, 0x7B, 0xFD, 0x37, 0x38, 0xEF, 0xDE, 0xF1, 0x70, 0xD9, 0x6F, 0xA7, 0x72,
    0x86, 0x59, 0xDD, 0x84, 0x56, 0x2D, 0x5D, 0x0B, 0xB5, 0x11, 0x3E, 0x32, 0x62, 0xF7, 0x4C, 0x08,
    0x2B, 0x50, 0xD6, 0xE5, 0xB0, 0xA2, 0xED, 0x9A, 0x2E, 0x56, 0xF4, 0x6E, 0x45, 0x37, 0x2B, 0xBA,
    0x5D, 0xE8, 0x87, 0xC3, 0x42, 0xFF, 0x63, 0x5C, 0xE8, 0xAF, 0xEC, 0x42, 0xFF, 0xCB, 0x6E, 0x67,
    0xBA, 0xB1, 0xF5, 0x42, 0x97, 0xED, 0x42, 0xE7, 0xDD, 0x42, 0x27, 0xC3, 0x42, 0xCB, 0x71, 0x9B,
    0xE9, 0xD0, 0xDE, 0x9A, 0xE9, 0xC0, 0x7E, 0x36, 0xD3, 0xA6, 0xFA, 0x62, 0x82, 0x52, 0x50, 0x3A,
    0xFF, 0x7A, 0xA1, 0xD3, 0x6F, 0x16, 0x3A, 0xB1, 0xA0, 0x2B, 0xA5, 0x23, 0xA1, 0xC5, 0x16, 0xC0,
    0x7E, 0x6F, 0x54, 0xD7, 0xF7, 0x91, 0xDD, 0x42, 0xD9, 0x4E, 0x38, 0xFB, 0xD8, 0x8A, 0xE5, 0xA4,
    0x56, 0x8A, 0xCA, 0x3F, 0x9F, 0x54, 0x7B, 0x52, 0xE1, 0xAB, 0x36, 0xCE, 0xA6, 0x62, 0x36, 0x52,
    0x5B, 0xC7, 0x58, 0x39, 0x34, 0xE4, 0xAA, 0x9C, 0x19, 0xEB, 0x3F, 0x21, 0x3F, 0xE5, 0x37, 0x9E,
    0x99, 0x33, 0x27, 0x67, 0x36, 0x3A, 0x1E, 0xCA, 0x8F, 0xC9, 0x40, 0x21, 0xC8, 0x3D, 0x21, 0xC8,
    0x3A, 0x3D, 0x8E, 0xE0, 0x9B, 0x12, 0x60, 0x9A, 0x12, 0xE0, 0x98, 0x12, 0x60, 0x97, 0x12, 0xE0,
    0x95, 0x12, 0x60, 0x94, 0x12, 0xE0, 0x12, 0x4E, 0xB3, 0xB2, 0x08, 0x84, 0xF2, 0x07, 0x84, 0x32,
    0x07, 0x84, 0x72, 0x06, 0x44, 0xE4, 0x89, 0x8D, 0x27, 0xCC, 0x4C, 0x94, 0x9E, 0xC8, 0x3D, 0x91,
    0x4C, 0xEE, 0x10, 0xCC, 0xA7, 0x01, 0xCE, 0xE2, 0x3E, 0x51, 0xD5, 0x8E, 0x4F, 0xDE, 0x10, 0xA7,
    0x5E, 0x45, 0xA4, 0xD3, 0x6C, 0xE7, 0x1D, 0x71, 0x8F, 0xDD, 0xC6, 0xD9, 0xEF, 0xD0, 0xFD, 0xD2,
    0xFF, 0xDB, 0x7F, 0x7F, 0xE4, 0x55, 0xEE, 0xEE, 0x3C, 0x80, 0xF7, 0xF7, 0x99, 0xB5, 0xE8, 0xEF,
    0xC3, 0xE2, 0x08, 0x73, 0xA1, 0xC9, 0x4D, 0x29, 0x0A, 0xAC, 0xD5, 0x5E, 0x9D, 0x11, 0x7A, 0x89,
    0x59, 0xA7, 0xBD, 0x7A, 0x29, 0x57, 0xD8, 0xBB, 0xF5, 0x1C, 0xEF, 0x23, 0xD7, 0x5B, 0xC7, 0x18,
    0x3B, 0xB8, 0xDE, 0x71, 0x57, 0x37, 0x5D, 0xF0, 0x7B, 0x73, 0x5B, 0xFD, 0x39, 0xBB, 0xE1, 0xF6,
    0xFF, 0x08, 0xBF, 0xC9, 0x1E, 0x3A, 0x3D, 0xB4, 0x5B, 0x8F, 0x77, 0xEC, 0xE5, 0x7E, 0x92, 0xB0,
    0x4B, 0xE9, 0xF5, 0xE6, 0xBC, 0x43, 0xCE, 0x51, 0xCA, 0xFB, 0x3D, 0xEE, 0x7A, 0x1F, 0x43, 0xDB,
    0x5F, 0x8F, 0xB8, 0xDF, 0x7B, 0x13, 0x24, 0x02, 0x03, 0x1C, 0x5A, 0x88, 0x24, 0x9A, 0x02, 0x95,
    0x90, 0xA8, 0x1B, 0x1D, 0x4D, 0xBB, 0x1A, 0x7E, 0x69, 0x45, 0x4B, 0xAB, 0x9B, 0x42, 0x8D, 0x89,
    0x28, 0xCC, 0xCA, 0x85, 0x28, 0xF2, 0x1A, 0xD8, 0x8D, 0x74, 0x47, 0x2C, 0x4C, 0x38, 0x02, 0x08,
    0x58, 0x73, 0xB5, 0xE2, 0x01, 0x83, 0x0B, 0x8D, 0x31, 0xE0, 0x5B, 0x35, 0xEA, 0xE7, 0xCA, 0xA9,
    0xD2, 0x81, 0xD4, 0x6D, 0xBB, 0x2B, 0x1C, 0xE0, 0xFA, 0xCB, 0x8F, 0x7A, 0xB7, 0x76, 0x2C, 0x2B,
    0xB4, 0xC7, 0xD6, 0x7B, 0xAA, 0xB7, 0x1F, 0xE1, 0x17, 0x17, 0xB0, 0x5E, 0x6A, 0xCC, 0x9A, 0x4C,
    0xAD, 0x9C, 0x29, 0x8C, 0x8B, 0x74, 0x34, 0x00, 0x68, 0xC5, 0xA9, 0xB2, 0xAD, 0x9A, 0xB5, 0x36,
    0xB5, 0xFF, 0xCE, 0xF4, 0x7E, 0x62, 0x12, 0x6B, 0xF9, 0x56, 0x5C, 0x21, 0x34, 0x55, 0x5B, 0x8A,
    0x10, 0x5B, 0x55, 0x11, 0xAD, 0xF8, 0xB1, 0x7F, 0x6C, 0x63, 0x3B, 0xC9, 0x40, 0xD5, 0x83, 0xAC,
    0x7D, 0xBB, 0x78, 0xF3, 0x34, 0xAB, 0xF3, 0x3A, 0x69, 0x6D, 0x11, 0x4E, 0x23, 0x22, 0xA1, 0xE5,
    0x10, 0x98, 0xC5, 0xEF, 0xBC, 0xC2, 0xF7, 0x6D, 0x73, 0xF3, 0x34, 0xDF, 0x95, 0x3B, 0x99, 0x93,
    0x89, 0x1E, 0x0F, 0x46, 0xDD, 0x6F, 0x98, 0x9F, 0x33, 0x73, 0xAA, 0x2F, 0xFF, 0xBD, 0xB9, 0x6B,
    0x7E, 0xAE, 0xFB, 0xD0, 0xE9, 0xEE, 0xEA, 0xFD, 0x9E, 0x9B, 0xB4, 0xE1, 0xD6, 0xDB, 0xEE, 0xF9,
    0x8D, 0x07, 0x2F, 0x06, 0x8A, 0x9B, 0x39, 0x82, 0x81, 0x5F, 0xCC, 0x90, 0x92, 0x01, 0xA6, 0x0B,
    0x37, 0xCF, 0x44, 0xB9, 0xDB, 0x6F, 0x17, 0xE5, 0xB6, 0x4F, 0x88, 0x72, 0x77, 0xEE, 0x46, 0x17,
    0x45, 0xB9, 0xD3, 0x32, 0xF9, 0x4F, 0x24, 0x92, 0x91, 0x71, 0xB6, 0xBA, 0xD8, 0xEC, 0x73, 0xFD,
    0x22, 0x7E, 0xDC, 0x63, 0xD9, 0x60, 0x82, 0x57, 0x86, 0x7B, 0x2F, 0x46, 0xA1, 0x88, 0x48, 0x19,
    0x9D, 0x32, 0x52, 0x65, 0xD4, 0xCA, 0x08, 0xF6, 0x05, 0x46, 0xBF, 0x37, 0xB7, 0x37, 0xEE, 0x6A,
    0xA8, 0xAB, 0x89, 0x86, 0x68, 0xD0, 0x90, 0x3C, 0x98, 0x20, 0xA5, 0x92, 0x4A, 0xA6, 0x3D, 0xAA,
    0x79, 0x11, 0xD3, 0x5C, 0x4D, 0xCB, 0x28, 0x18, 0x41, 0x70, 0xCF, 0x18, 0x98, 0x21, 0x30, 0x23,
    0x60, 0x06, 0xC0, 0x21, 0x93, 0x22, 0x8C, 0x08, 0x19, 0xFD, 0x22, 0xF8, 0xA5, 0xDA, 0x98, 0x54,
    0x6D, 0x60, 0x3F, 0x62, 0x37, 0x26, 0xE7, 0xA8, 0x0D, 0xA8, 0xEB, 0x6F, 0xDF, 0xA8, 0x91, 0x41,
    0xEC, 0x8B, 0xD0, 0x17, 0x91, 0x2F, 0x02, 0x5F, 0xC6, 0xBD, 0x08, 0x7B, 0x23, 0x48, 0x61, 0xDD,
    0x9E, 0xD1, 0x5E, 0x75, 0xAC, 0x2A, 0x15, 0x12, 0xC9, 0x3A, 0xDD, 0x9A, 0xA4, 0xF9, 0xF9, 0x6B,
    0x28, 0x05, 0x51, 0xC5, 0xFD, 0xBA, 0x59, 0x5E, 0x7F, 0x92, 0xFF, 0x36, 0x62, 0x57, 0x68, 0x63,
    0x40, 0xE1, 0xB3, 0x97, 0x21, 0x14, 0x99, 0x1C, 0x3C, 0x0E, 0x9C, 0xE7, 0x0D, 0xA3, 0x63, 0xB8,
    0xFD, 0x71, 0x63, 0xAE, 0xBB, 0x80, 0x98, 0xF1, 0x4A, 0x75, 0xF6, 0xB9, 0x2A, 0xEA, 0x52, 0x3F,
    0x1B, 0xCD, 0xAB, 0x2A, 0xAA, 0xA4, 0x4D, 0x64, 0xB5, 0x61, 0x8F, 0x04, 0xE2, 0x58, 0x2D, 0xDA,
    0x2A, 0x6D, 0xAF, 0xBB, 0xA8, 0x82, 0x31, 0x90, 0x0F, 0xCA, 0xF7, 0xE4, 0x82, 0xF4, 0x4B, 0xCD,
    0x38, 0x31, 0x37, 0xF6, 0xCA, 0x8A, 0x2A, 0xA4, 0x3B, 0xCB, 0x09, 0x56, 0x8C, 0x12, 0xE0, 0x0A,
    0x24, 0xBB, 0x6B, 0x7F, 0xAA, 0x4A, 0x5D, 0x62, 0x56, 0xFB, 0xE3, 0x15, 0x6A, 0xB3, 0xE9, 0x5F,
    0x59, 0x51, 0xC1, 0x87, 0xD1, 0x45, 0xA8, 0x37, 0xBC, 0x55, 0xAF, 0xB9, 0xCE, 0x46, 0x71, 0x7F,
    0xC5, 0x05, 0x48, 0x75, 0xD6, 0x70, 0xCC, 0x91, 0x36, 0x0C, 0x47, 0x24, 0x20, 0xB5, 0x99, 0x66,
    0x6A, 0xCC, 0x6B, 0x75, 0x20, 0x1A, 0x13, 0x0F, 0x22, 0xBC, 0xB4, 0x4F, 0xF4, 0xDA, 0xC8, 0x25,
    0xD5, 0x50, 0xB1, 0x18, 0xD5, 0xE7, 0x38, 0x85, 0x3D, 0xC0, 0xAE, 0x98, 0xBB, 0xFE, 0xD0, 0xC3,
    0x20, 0x13, 0xC8, 0x10, 0x1F, 0x81, 0xB8, 0x7F, 0xED, 0x31, 0xE8, 0xDA, 0xC4, 0x38, 0xE4, 0x87,
    0x6B, 0x9E, 0xD1, 0x4C, 0x5E, 0x59, 0xC8, 0xF3, 0x54, 0xC2, 0x73, 0x31, 0xBB, 0xF3, 0xB1, 0xC2,
    0x25, 0x93, 0x7C, 0x5E, 0x3C, 0x7F, 0x9D, 0x85, 0x87, 0x05, 0xBB, 0x09, 0x16, 0x9E, 0x0D, 0xF7,
    0xCC, 0xCB, 0x11, 0x9E, 0xDE, 0xDF, 0x15, 0xBD, 0x0E, 0x89, 0xA7, 0x78, 0xE9, 0xA8, 0x96, 0x2E,
    0x9D, 0x23, 0xAC, 0x23, 0x02, 0xFB, 0x53, 0x12, 0xA1, 0x4D, 0xA8, 0xF3, 0xA3, 0xC9, 0x11, 0xF1,
    0xE0, 0x88, 0xC4, 0x13, 0x59, 0xE7, 0x88, 0xBC, 0x75, 0x84, 0x66, 0xB4, 0x98, 0xF7, 0x20, 0x7F,
    0x35, 0xB6, 0x4B, 0x20, 0x98, 0x90, 0x1C, 0x51, 0xC2, 0x90, 0x88, 0x27, 0x47, 0x24, 0x03, 0x95,
    0x12, 0xA2, 0xB1, 0xC1, 0xCF, 0x0F, 0x44, 0xE9, 0x09, 0x3B, 0x13, 0x3B, 0xFE, 0x78, 0x23, 0xBB,
    0x03, 0x84, 0x4A, 0x02, 0x84, 0x56, 0x1D, 0x74, 0x40, 0xAB, 0x02, 0x06, 0xA1, 0x81, 0x20, 0x88,
    0xBC, 0x77, 0xC4, 0xE2, 0xA8, 0xEF, 0xF7, 0x17, 0xBC, 0x4E, 0xEC, 0x76, 0xA3, 0xFC, 0x95, 0xAD,
    0x96, 0x59, 0x8D, 0x5E, 0xED, 0x54, 0xA1, 0x04, 0x82, 0x57, 0x2B, 0x1A, 0x16, 0xB9, 0xC8, 0x13,
    0x11, 0x75, 0xCF, 0xE9, 0x68, 0x21, 0x68, 0x64, 0x36, 0x4D, 0x42, 0xE9, 0x13, 0x32, 0x98, 0xFB,
    0xD2, 0x4E, 0xEE, 0xBA, 0x29, 0x1F, 0x4D, 0x5E, 0xD3, 0x18, 0x22, 0xE1, 0x00, 0xE9, 0xCF, 0xFD,
    0xE6, 0xB7, 0x55, 0xAD, 0x99, 0xA4, 0x78, 0x28, 0x3B, 0xB9, 0x63, 0x51, 0x0E, 0xB9, 0xBB, 0x9F,
    0xDA, 0x27, 0xD5, 0xC9, 0x3A, 0xFB, 0x4C, 0xD5, 0x72, 0xD5, 0x0B, 0x47, 0x1E, 0x3C, 0x63, 0xFC,
    0x1D, 0xB1, 0x72, 0xB2, 0x71, 0xF1, 0xF7, 0x1F, 0xB6, 0xD9, 0x3A, 0x41, 0x7E, 0xD8, 0xC9, 0xAC,
    0x77, 0xE7, 0x75, 0x3A, 0x67, 0x5C, 0x3E, 0x97, 0xAC, 0x65, 0x68, 0xF9, 0x6E, 0x88, 0x20, 0xEF,
    0x61, 0x15, 0x7F, 0x97, 0x17, 0xC4, 0xDF, 0xF1, 0xA4, 0x9A, 0xB1, 0xB2, 0x9F, 0xAB, 0x92, 0xB4,
    0xFF, 0xB5, 0xB0, 0x64, 0xD6, 0x95, 0x7A, 0x52, 0xD4, 0x7E, 0x58, 0x0C, 0xDA, 0x8B, 0xA4, 0x7F,
    0x66, 0x3F, 0xD0, 0xFC, 0xA9, 0xB5, 0xBE, 0x3D, 0x1B, 0x49, 0xFB, 0x2A, 0x15, 0xC7, 0x89, 0x9D,
    0x82, 0xD0, 0xC2, 0x16, 0x6B, 0x44, 0x2C, 0x0F, 0xCD, 0x2A, 0x4E, 0xDA, 0xA0, 0x45, 0xFC, 0x3D,
    0xF2, 0x42, 0x6B, 0x19, 0x7F, 0x37, 0x38, 0x36, 0x85, 0x1E, 0x63, 0x65, 0xF8, 0xE6, 0xAE, 0xD1,
    0x72, 0xDC, 0x66, 0x0C, 0xE1, 0x69, 0xDB, 0xF7, 0x3B, 0xAA, 0xBB, 0x33, 0x09, 0x93, 0xE9, 0x72,
    0x12, 0x26, 0x2F, 0x5C, 0x60, 0x72, 0x5E, 0x8B, 0x43, 0x58, 0x40, 0x79, 0x61, 0xC2, 0xE4, 0xED,
    0x42, 0xF3, 0x25, 0x05, 0xD3, 0x25, 0x89, 0x66, 0x4B, 0x98, 0x2C, 0xF1, 0xF9, 0xE2, 0xB5, 0x96,
    0x54, 0xE9, 0xAA, 0x70, 0x21, 0x5B, 0x88, 0x16, 0x12, 0x81, 0x60, 0x21, 0x27, 0x88, 0x0C, 0x52,
    0x2D, 0x8F, 0x34, 0xFC, 0x56, 0x7F, 0x07, 0xA9, 0xE0, 0x5A, 0x08, 0x93, 0xB2, 0x84, 0x28, 0x9D,
    0x24, 0x5D, 0x03, 0x31, 0x42, 0x8A, 0x10, 0x22, 0x65, 0x08, 0x11, 0x42, 0x82, 0x9A, 0xFE, 0x53,
    0x07, 0x4F, 0x0F, 0xA2, 0xA6, 0x00, 0x55, 0x5C, 0x14, 0x65, 0x7F, 0x26, 0x1B, 0x7E, 0x98, 0x0E,
    0x84, 0x77, 0x09, 0x5C, 0x41, 0x88, 0x7A, 0x84, 0xCE, 0x45, 0x3C, 0x34, 0xD4, 0x1D, 0x2A, 0x2D,
    0x37, 0x8B, 0xF2, 0x37, 0xBA, 0x19, 0xB5, 0xE8, 0x99, 0xA0, 0xA0, 0x9C, 0xA3, 0xBE, 0x59, 0x69,
    0x32, 0xEF, 0x9F, 0x6A, 0xD1, 0xCA, 0xAF, 0x20, 0xEF, 0xFF, 0xA0, 0x94, 0x0C, 0x0E, 0x97, 0x50,
    0x74, 0xA5, 0xFD, 0x8D, 0x26, 0x49, 0x27, 0x15, 0x46, 0xD9, 0x6B, 0xD5, 0xB3, 0x6C, 0x0D, 0x46,
    0xD3, 0x3C, 0xB8, 0xDE, 0x05, 0xF8, 0x82, 0x04, 0xC5, 0xEE, 0x08, 0xF7, 0xDD, 0x10, 0xD3, 0x40,
    0x80, 0x43, 0x89, 0x12, 0x59, 0x36, 0x68, 0x1E, 0x51, 0xC1, 0x19, 0xEA, 0xC4, 0x6A, 0x2E, 0xD1,
    0x20, 0x9B, 0x68, 0x98, 0x4F, 0x3C, 0xCC, 0x28, 0xAE, 0x33, 0x8B, 0x4F, 0xDD, 0x6A, 0x79, 0xB7,
    0x0E, 0xB4, 0x8E, 0x5E, 0xA3, 0xA8, 0x5B, 0xEB, 0xB6, 0x29, 0x6B, 0x55, 0xBA, 0x65, 0xAD, 0x85,
    0xEE, 0xF2, 0x73, 0x2C, 0xF2, 0xEF, 0xA8, 0x05, 0x3F, 0x1C, 0xA1, 0xD7, 0x51, 0x0B, 0xB7, 0xAC,
    0xA6, 0xA0, 0x5E, 0xFE, 0x3F, 0x56, 0xD0, 0xC1, 0x88, 0xBA, 0x44, 0xB6, 0x33, 0x53, 0x46, 0xD4,
    0x60, 0x5C, 0x8D, 0xDA, 0xBC, 0xBB, 0x8B, 0x56, 0xCF, 0xD5, 0x58, 0xF6, 0x2F, 0x35, 0xDD, 0xD8,
    0xF2, 0xF2, 0x96, 0x83, 0xD5, 0x67, 0xD2, 0x8D, 0x3B, 0x87, 0xE5, 0x71, 0xC8, 0x1E, 0x8F, 0xF3,
    0x49, 0xA9, 0x3E, 0xE8, 0x49, 0xEB, 0xE4, 0xE9, 0x62, 0xB0, 0x04, 0x49, 0xFD, 0x61, 0x1C, 0x9E,
    0xC2, 0x83, 0x57, 0xDC, 0xBF, 0xF8, 0x93, 0xC8, 0x95, 0x13, 0xAA, 0xD3, 0x4B, 0x4B, 0x38, 0x16,
    0xF9, 0x81, 0x9A, 0xD4, 0x6B, 0x27, 0x07, 0xDB, 0x09, 0x31, 0xF1, 0x80, 0x1C, 0xCD, 0xC1, 0xDE,
    0x1B, 0x44, 0x04, 0xF1, 0x5C, 0x60, 0x1D, 0x0C, 0x5C, 0x19, 0x23, 0x72, 0x15, 0x21, 0xB6, 0x57,
    0x40, 0x93, 0x9D, 0x3D, 0xA0, 0x05, 0xEF, 0x0F, 0xBB, 0x27, 0x9B, 0xDC, 0xEF, 0xAC, 0x68, 0x99,
    0xD9, 0x5D, 0xB7, 0xE7, 0xBD, 0x5E, 0xAF, 0x4D, 0x70, 0x51, 0x96, 0xBA, 0x3B, 0xB6, 0x44, 0xF8,
    0x4A, 0xDD, 0x41, 0x0B, 0x68, 0x14, 0x7C, 0x37, 0xD6, 0xDE, 0x52, 0x3A, 0x8C, 0xEB, 0x8F, 0x0B,
    0x22, 0x52, 0x0C, 0xB1, 0x24, 0x5E, 0x18, 0x14, 0x10, 0x11, 0x48, 0x34, 0x63, 0x1F, 0x54, 0xB0,
    0x53, 0x11, 0x3D, 0x41, 0x0A, 0xA2, 0xC4, 0x15, 0x88, 0x0E, 0xDC, 0xD0, 0xC9, 0x91, 0xF6, 0xF6,
    0xA9, 0x4F, 0x32, 0xA4, 0x48, 0x2C, 0xE4, 0x1D, 0xB4, 0x5E, 0x9B, 0x4E, 0x32, 0x89, 0x3A, 0xD6,
    0xFF, 0x77, 0x21, 0x1D, 0xCF, 0x0A, 0x7A, 0x3D, 0xC5, 0x2E, 0x09, 0xAA, 0x47, 0x72, 0xF9, 0xED,
    0x82, 0xBA, 0x39, 0x9F, 0x75, 0x73, 0x68, 0x2F, 0xD4, 0xCD, 0xF4, 0x5B, 0xF6, 0x5B, 0xF0, 0x3E,
    0xDB, 0xE7, 0x00, 0x1D, 0x99, 0x35, 0x07, 0x50, 0xD1, 0x45, 0x60, 0x25, 0x52, 0x1F, 0x79, 0xBC,
    0x1A, 0x6C, 0x1D, 0x0A, 0x60, 0x32, 0x33, 0xE3, 0x36, 0xB4, 0xDD, 0x8E, 0x27, 0xBB, 0xB7, 0x3F,
    0xD6, 0x36, 0xD7, 0xE2, 0xC3, 0x2E, 0xD3, 0x2D, 0x21, 0x7E, 0x7D, 0x91, 0xD2, 0x37, 0x63, 0xBC,
    0xD5, 0xE1, 0x2C, 0xC0, 0x39, 0x10, 0x1E, 0xBC, 0xB4, 0x02, 0x96, 0xBE, 0x75, 0x99, 0xE2, 0x42,
    0x2B, 0x17, 0x32, 0x59, 0x46, 0xAE, 0x68, 0x22, 0x59, 0x6D, 0x7E, 0x6A, 0x1C, 0x9E, 0x0A, 0x32,
    0x19, 0x89, 0xB3, 0x5A, 0xE8, 0x6E, 0x45, 0xBB, 0x18, 0x72, 0x58, 0x30, 0x69, 0x79, 0xB7, 0x60,
    0xD2, 0xAA, 0x66, 0xC6, 0xA4, 0x05, 0x34, 0xBB, 0x50, 0x1C, 0x21, 0x0C, 0x31, 0xF7, 0x71, 0x3C,
    0xCD, 0x38, 0x31, 0xDD, 0x40, 0x33, 0x0E, 0x2D, 0xEF, 0x16, 0xBA, 0x6A, 0x66, 0xBC, 0x59, 0x40,
    0x64, 0x94, 0xC3, 0xA1, 0x15, 0x0B, 0x0E, 0x8D, 0xD8, 0x28, 0xD0, 0x47, 0x71, 0x68, 0x03, 0xE7,
    0xE1, 0xEE, 0x15, 0x78, 0x1C, 0x5A, 0xD6, 0x31, 0x50, 0x75, 0x73, 0x8B, 0x1D, 0x0E, 0x4D, 0x7D,
    0x88, 0x74, 0x58, 0x61, 0xD2, 0xDA, 0x15, 0x26, 0xAD, 0x3E, 0x8B, 0x49, 0x1B, 0x57, 0x98, 0xB4,
    0x71, 0x85, 0x49, 0x1B, 0x57, 0x98, 0x34, 0x47, 0x3B, 0x71, 0x12, 0xE3, 0x37, 0xD3, 0xDD, 0x8A,
    0x1E, 0x17, 0xC7, 0xE9, 0x7B, 0x8C, 0xDF, 0x93, 0x31, 0x7E, 0x17, 0x20, 0xF4, 0x9E, 0x85, 0xFC,
    0x6E, 0xA0, 0xF9, 0x16, 0x63, 0x9A, 0x35, 0x2B, 0x90, 0xB2, 0x29, 0xB9, 0xCF, 0xC8, 0x8C, 0x60,
    0xBC, 0x9E, 0xC1, 0x17, 0x8D, 0x2D, 0xB6, 0x39, 0xCB, 0x3F, 0x8D, 0x67, 0x40, 0x5E, 0xBC, 0xCA,
    0x71, 0x17, 0x0E, 0xE1, 0xE8, 0x8F, 0xFB, 0xB7, 0xA5, 0xCA, 0xE6, 0xA9, 0x29, 0x66, 0x08, 0x2F,
    0xA6, 0x9E, 0x6E, 0xBC, 0xDA, 0x53, 0x40, 0xA7, 0x99, 0x48, 0x85, 0x06, 0x83, 0x20, 0x27, 0xC2,
    0x99, 0x86, 0x8D, 0xBA, 0x01, 0x30, 0x0C, 0xC6, 0x7A, 0x84, 0x9A, 0xEE, 0x6C, 0x1A, 0x05, 0xDD,
    0xE9, 0x8D, 0xC3, 0x51, 0xDE, 0x79, 0x84, 0x40, 0xE8, 0x81, 0x57, 0xA5, 0x94, 0x3B, 0x93, 0x60,
    0xE5, 0x54, 0x64, 0x00, 0x41, 0x69, 0xB4, 0xD7, 0x22, 0xDA, 0x6B, 0x71, 0x2F, 0x6D, 0x6B, 0x6D,
    0xC5, 0x28, 0xCD, 0x6D, 0x79, 0xD0, 0xAE, 0xBF, 0xC5, 0xEF, 0x03, 0x5C, 0xCB, 0x71, 0x42, 0x8C,
    0x29, 0x27, 0x52, 0x5A, 0x91, 0x98, 0x1E, 0x71, 0xD9, 0x79, 0xA2, 0x82, 0x15, 0x46, 0x1A, 0x23,
    0xFA, 0x54, 0xE5, 0x50, 0x3E, 0x66, 0x6C, 0x8A, 0xC8, 0xD5, 0x7A, 0x4C, 0x9C, 0xB4, 0xE3, 0xEC,
    0x79, 0x9C, 0xDB, 0xFA, 0x24, 0x08, 0x4F, 0x63, 0xB5, 0x5D, 0xCE, 0x29, 0x0A, 0x96, 0xDE, 0x2B,
    0x5E, 0x7C, 0x03, 0x40, 0xF3, 0x88, 0xCB, 0x23, 0x28, 0x8F, 0x88, 0x3C, 0xC2, 0xF1, 0x88, 0xC5,
    0x23, 0x10, 0x8F, 0x28, 0x3C, 0x42, 0xF0, 0x88, 0xBF, 0x23, 0xF8, 0x8E, 0xC8, 0x3B, 0xC2, 0xEE,
    0x88, 0xB9, 0x23, 0xE0, 0x8E, 0x68, 0x3B, 0x42, 0xED, 0x88, 0xB3, 0x23, 0xC8, 0x8E, 0x08, 0x3B,
    0xC2, 0xEB, 0x88, 0xAD, 0x23, 0xB0, 0x8E, 0xA8, 0x3A, 0x42, 0xEA, 0x88, 0xA7, 0x23, 0x98, 0xCE,
    0x21, 0xE9, 0x00, 0xB6, 0x46, 0x16, 0x0F, 0x75, 0x4B, 0x16, 0x89, 0xFA, 0xB9, 0xFA, 0x7C, 0x06,
    0xE6, 0x06, 0x8C, 0x1B, 0x00, 0x6E, 0x40, 0xB7, 0x01, 0xDA, 0x06, 0x5C, 0x1B, 0x2A, 0x3B, 0x97,
    0x53, 0x24, 0xD2, 0xA8, 0xE0, 0x2E, 0x3D, 0xE7, 0x66, 0x55, 0xA9, 0x33, 0x9F, 0xAE, 0x67, 0xE3,
    0x6A, 0x8D, 0x2E, 0xF8, 0xC8, 0x7F, 0x07, 0xE6, 0xBF, 0x13, 0x40, 0xA3, 0xFD, 0xC2, 0xF4, 0xAB,
    0x7F, 0xB9, 0xEF, 0xDC, 0x2F, 0xDD, 0x75, 0xD7, 0x20, 0xD3, 0x6F, 0xE2, 0x6E, 0xD6, 0x96, 0xDB,
    0x35, 0x7B, 0x36, 0xD6, 0x2F, 0x37, 0x7F, 0xAF, 0x75, 0x6C, 0x00, 0x4B, 0x40, 0xE5, 0x1F, 0xB5,
    0xEE, 0xDB, 0xA5, 0x5C, 0x7B, 0x95, 0x89, 0xFF, 0x55, 0x42, 0xAA, 0xF4, 0x89, 0x6B, 0xEF, 0x4F,
    0x05, 0x7E, 0x46, 0xF3, 0xCE, 0x0B, 0xBB, 0xEF, 0x2B, 0x00, 0xFB, 0x15, 0x00, 0xC3, 0x13, 0xBB,
    0xF0, 0xCD, 0xB3, 0xCD, 0x15, 0xB9, 0x4D, 0xE4, 0x98, 0x16, 0xB7, 0xAF, 0x75, 0x25, 0xC0, 0xFB,
    0x44, 0x0E, 0x4D, 0xE1, 0x7D, 0xA2, 0xED, 0x4A, 0x0B, 0x9B, 0x73, 0x7C, 0xA2, 0x1F, 0xD3, 0x27,
    0xAA, 0x28, 0x90, 0x69, 0x96, 0xC2, 0xE2, 0x13, 0x65, 0xF4, 0x89, 0x72, 0xE6, 0x5D, 0x2A, 0xF8,
    0x44, 0xC1, 0x88, 0xBC, 0x4B, 0x38, 0x20, 0xEF, 0xA2, 0x8F, 0x5D, 0x49, 0x97, 0xD6, 0x48, 0xAA,
    0xE4, 0x5B, 0x74, 0x16, 0x29, 0x96, 0xCD, 0x88, 0x2E, 0xEA, 0xD1, 0x25, 0x2D, 0xBA, 0x6C, 0x07,
    0x04, 0x5F, 0x59, 0x00, 0xC1, 0x67, 0xB1, 0x81, 0xEC, 0xC0, 0xBC, 0x4B, 0x47, 0x04, 0x5F, 0xBB,
    0x46, 0xF0, 0xD9, 0x19, 0x0A, 0x07, 0x83, 0xC0, 0x2D, 0xDB, 0xD2, 0x27, 0x3A, 0x3D, 0xBB, 0x22,
    0xA6, 0x23, 0xF8, 0xA8, 0x0C, 0xCD, 0x0C, 0x61, 0xCB, 0xEE, 0xC9, 0xB5, 0xE2, 0x30, 0xA7, 0xF2,
    0x23, 0xE4, 0x54, 0x4A, 0xC3, 0xF8, 0x82, 0xF9, 0x8F, 0x39, 0xA7, 0x92, 0x23, 0xA7, 0x52, 0x4D,
    0x8C, 0x51, 0x44, 0x5C, 0xD1, 0xD7, 0x6A, 0xD4, 0x93, 0xBF, 0x68, 0x9B, 0xBF, 0xAB, 0xED, 0xA8,
    0x48, 0xBE, 0xAF, 0x7A, 0x75, 0xBE, 0x1F, 0x37, 0x70, 0xC1, 0x77, 0x5A, 0x49, 0xB0, 0x0B, 0x92,
    0x2F, 0x72, 0x79, 0x1A, 0x9D, 0x7D, 0x5E, 0xE9, 0xE4, 0xDF, 0x41, 0x2E, 0xE7, 0x07, 0xEE, 0x7C,
    0xD6, 0x88, 0xA4, 0xD2, 0x16, 0x87, 0x3C, 0xEE, 0x80, 0x3F, 0x08, 0x07, 0x68, 0xF4, 0x60, 0xE4,
    0xCE, 0xAC, 0x8E, 0x9D, 0xEE, 0xD7, 0x5F, 0x33, 0x63, 0xE9, 0x99, 0x2E, 0x3C, 0xE9, 0xE4, 0x48,
    0x84, 0x83, 0x08, 0x2B, 0x18, 0x55, 0x6E, 0x55, 0xD4, 0xBD, 0x9C, 0x7A, 0xAB, 0x53, 0xF5, 0x8E,
    0x9B, 0xA5, 0x4B, 0x61, 0x42, 0xCB, 0x06, 0x03, 0x2C, 0x87, 0x98, 0x86, 0x5F, 0x5E, 0x63, 0xE0,
    0x36, 0x39, 0x90, 0xB2, 0x4A, 0xD1, 0x73, 0xED, 0x58, 0xF9, 0xD1, 0x75, 0x5F, 0x95, 0x60, 0xF2,
    0x5A, 0xDC, 0xC8, 0xB4, 0x95, 0x63, 0x8C, 0x03, 0x82, 0xE3, 0x11, 0x4C, 0x7A, 0x38, 0xCE, 0x1E,
    0x0D, 0xC4, 0xDD, 0xFB, 0x4D, 0xE3, 0x1F, 0x5B, 0xBA, 0xA0, 0xC1, 0xE3, 0x62, 0x1A, 0xBA, 0xAC,
    0x9A, 0x67, 0xB8, 0x16, 0x77, 0xEB, 0x97, 0x26, 0xD3, 0xE9, 0x26, 0x9D, 0x04, 0xAA, 0x32, 0xDD,
    0xD6, 0x4D, 0xD7, 0xAA, 0xBF, 0x98, 0x7F, 0x38, 0x1C, 0x64, 0x76, 0x35, 0xB1, 0x8B, 0xBC, 0x2E,
    0xD2, 0xBA, 0x5A, 0xED, 0xE9, 0xC4, 0xC1, 0x03, 0x94, 0x29, 0x52, 0xA4, 0x4E, 0x38, 0xE6, 0x1E,
    0xBD, 0xE3, 0x9A, 0xDA, 0x7B, 0x08, 0x9E, 0xC9, 0x9B, 0x02, 0x69, 0x60, 0x64, 0x72, 0xC1, 0xE7,
    0x00, 0x21, 0x73, 0xAE, 0xA6, 0x10, 0xF5, 0xAF, 0x60, 0x4F, 0xB4, 0xEF, 0x7A, 0xD1, 0x8A, 0x7A,
    0x3E, 0xA8, 0x0B, 0xBD, 0x42, 0x9C, 0x34, 0xC1, 0xA7, 0x85, 0x7B, 0x8C, 0x2B, 0x47, 0x58, 0xF2,
    0x93, 0x49, 0x0D, 0x9A, 0xCC, 0x79, 0x30, 0x59, 0x71, 0x34, 0x51, 0x7E, 0x05, 0xEC, 0xAC, 0x76,
    0x6A, 0x11, 0xAA, 0x6D, 0x22, 0x72, 0x8E, 0xFA, 0x6C, 0xB7, 0xD1, 0x4D, 0x39, 0xAD, 0x5C, 0x09,
    0x8D, 0x10, 0xAF, 0xF0, 0x9D, 0x37, 0x9A, 0x83, 0xCD, 0xEB, 0xA8, 0x4F, 0x9B, 0x50, 0xB5, 0xA8,
    0x15, 0x25, 0x5A, 0xDE, 0x5A, 0xAA, 0x2F, 0x81, 0xE8, 0x82, 0x4B, 0x7E, 0xAB, 0x60, 0x62, 0x3C,
    0x2F, 0x2C, 0x61, 0xEB, 0xAF, 0xAC, 0xB9, 0x27, 0x42, 0xD9, 0x97, 0x89, 0x6A, 0xB1, 0xAB, 0x7C,
    0x9B, 0x3B, 0xA7, 0x48, 0xAF, 0x8B, 0x36, 0x32, 0x59, 0x5D, 0x16, 0xB9, 0x49, 0x77, 0xF9, 0x3E,
    0x7C, 0xF1, 0x85, 0xE4, 0xA3, 0x77, 0x70, 0x33, 0xB3, 0x06, 0x96, 0x5C, 0x4C, 0x1A, 0x6A, 0x13,
    0x03, 0x82, 0xDE, 0xCD, 0x48, 0x77, 0xC4, 0x46, 0xED, 0x75, 0x7C, 0x92, 0x42, 0x54, 0x73, 0xAD,
    0xCF, 0x54, 0xAA, 0x07, 0x0A, 0x6D, 0x27, 0xA3, 0xC0, 0x84, 0x57, 0xB7, 0xE0, 0x17, 0xFF, 0x79,
    0x78, 0xA5, 0x9E, 0xA1, 0xF0, 0x66, 0x3E, 0x63, 0xA8, 0x5B, 0x31, 0x7F, 0x3D, 0x21, 0x2C, 0xD8,
    0xF4, 0xF0, 0x95, 0x37, 0x9D, 0x84, 0x82, 0xD7, 0xF8, 0xD1, 0x17, 0xE6, 0x65, 0x62, 0xAC, 0x3C,
    0xE3, 0x73, 0xF9, 0x5B, 0x8B, 0xE0, 0x58, 0xBD, 0xE4, 0x7B, 0x26, 0x2D, 0x5E, 0xB9, 0x47, 0x5F,
    0xE0, 0x29, 0xD2, 0x55, 0xD4, 0x63, 0xD5, 0xCE, 0xA7, 0x8A, 0x5B, 0x2D, 0xBF, 0x35, 0x1C, 0x98,
    0xB0, 0xFE, 0x68, 0x7E, 0xCD, 0x23, 0x37, 0x62, 0xEB, 0x72, 0xD6, 0x2C, 0x8D, 0x4A, 0x1B, 0xE0,
    0x09, 0x53, 0xB6, 0xFC, 0x84, 0x85, 0x1E, 0xFE, 0xF2, 0xCE, 0xE4, 0x47, 0x98, 0x47, 0xE3, 0xC8,
    0x06, 0xD8, 0x8F, 0x02, 0x38, 0x10, 0x24, 0xCA, 0x59, 0x86, 0x60, 0xFE, 0x3C, 0x47, 0xA9, 0x22,
    0x5D, 0xA1, 0x38, 0xFC, 0x1D, 0xF9, 0x34, 0x6B, 0xBD, 0x6F, 0x48, 0xC2, 0x3D, 0x43, 0x12, 0x88,
    0x0F, 0x16, 0x48, 0x80, 0x1B, 0xD8, 0x52, 0xCB, 0x20, 0xF2, 0xD6, 0xEA, 0x4F, 0xED, 0x14, 0xDE,
    0xF3, 0xE9, 0x6E, 0x9A, 0x54, 0xFD, 0x5B, 0x19, 0xC6, 0x19, 0x55, 0x53, 0xA9, 0x55, 0xA5, 0x59,
    0x15, 0x1D, 0x9E, 0x1F, 0x05, 0x8B, 0xBC, 0x26, 0x1C, 0xA5, 0x59, 0x6A, 0x67, 0xB3, 0x34, 0x1E,
    0x31, 0x4B, 0xE5, 0xAE, 0x32, 0xE5, 0x5F, 0xE5, 0xBA, 0x2F, 0x51, 0x5B, 0xD0, 0x67, 0x67, 0x51,
    0x0A, 0x46, 0xDE, 0xEF, 0x39, 0x2D, 0x40, 0x38, 0xB1, 0xC0, 0x07, 0x45, 0x52, 0x7D, 0x88, 0xA2,
    0xFE, 0x0E, 0x49, 0xA6, 0x46, 0xA1, 0xF4, 0x51, 0x9B, 0x6F, 0x5F, 0x4B, 0x64, 0x7C, 0xB9, 0x0E,
    0xD4, 0x76, 0x67, 0x03, 0xB5, 0xF6, 0xE5, 0x3C, 0xFC, 0x73, 0xF2, 0x60, 0x7E, 0x08, 0x37, 0x44,
    0x2D, 0x32, 0x41, 0xE4, 0x9C, 0xEC, 0x74, 0x42, 0xE9, 0x36, 0x6C, 0x5F, 0xE3, 0xA7, 0xE0, 0x7C,
    0x0C, 0x86, 0xDC, 0xBB, 0xAC, 0x75, 0xD2, 0x18, 0x4C, 0xCD, 0xD2, 0xE6, 0x48, 0x0C, 0x76, 0x75,
    0x3C, 0x27, 0x96, 0x21, 0x45, 0x4D, 0xC0, 0xA5, 0xF7, 0xD4, 0xA4, 0xC4, 0x76, 0x1B, 0x8B, 0x8D,
    0x43, 0x02, 0x47, 0x9F, 0x3B, 0x90, 0x56, 0xE6, 0x7C, 0x7B, 0x9B, 0x12, 0x51, 0x31, 0x2E, 0xE8,
    0x48, 0x89, 0xE7, 0x00, 0xA8, 0x86, 0xB9, 0xA9, 0x80, 0x47, 0x38, 0x61, 0xAA, 0xEF, 0x8E, 0x4B,
    0xD7, 0x39, 0x38, 0x07, 0xAD, 0x72, 0xF3, 0x16, 0x2A, 0xAF, 0x79, 0xE3, 0xED, 0x64, 0x55, 0x67,
    0xA8, 0x7B, 0xA7, 0x12, 0xC9, 0xFA, 0x8A, 0xE6, 0xC6, 0x55, 0x71, 0x30, 0xDA, 0x0D, 0xFB, 0xE8,
    0x20, 0xFD, 0x59, 0x2F, 0x09, 0x54, 0x96, 0x22, 0xEC, 0x92, 0x16, 0x63, 0xA5, 0x30, 0x18, 0x5C,
    0xB6, 0x4F, 0x6D, 0x0E, 0xF3, 0x35, 0x48, 0xD7, 0x6C, 0x35, 0x94, 0xD5, 0x1A, 0x5E, 0xAE, 0xC6,
    0xFA, 0x87, 0x84, 0x88, 0x24, 0x6A, 0x3D, 0xE5, 0xD6, 0xA7, 0xFA, 0xE3, 0x09, 0x0B, 0xC0, 0x43,
    0x81, 0x88, 0x5D, 0xDA, 0x37, 0xB6, 0xEE, 0xF9, 0xFD, 0x36, 0xEF, 0x25, 0x0C, 0x4E, 0x7D, 0xE5,
    0xB5, 0x08, 0x30, 0xCB, 0xF9, 0x6F, 0x2B, 0x99, 0xA5, 0x4E, 0x02, 0x5D, 0x11, 0xF5, 0xC6, 0xA5,
    0xA9, 0x61, 0xD0, 0x90, 0xFC, 0x49, 0x9D, 0x53, 0x61, 0xDB, 0xC3, 0xD6, 0x57, 0x1F, 0x5F, 0x9D,
    0xF6, 0x90, 0xE7, 0xCC, 0xB9, 0x31, 0x0B, 0xC9, 0x27, 0xF5, 0xEC, 0xF2, 0x68, 0x51, 0x30, 0xB8,
    0xFC, 0xFB, 0xFE, 0x5B, 0xB6, 0xC5, 0x99, 0xF7, 0xB1, 0xDF, 0x3C, 0xF9, 0x0D, 0x31, 0xEA, 0x0E,
    0x45, 0xD2, 0xD2, 0xFF, 0xBD, 0x8F, 0x79, 0x62, 0x3A, 0x2D, 0x9D, 0x94, 0x4E, 0xC9, 0x72, 0x3A,
    0x98, 0x0C, 0x31, 0xBE, 0x28, 0x5A, 0x46, 0xA8, 0x5F, 0xA6, 0x08, 0x3D, 0xF3, 0x51, 0xEB, 0xB2,
    0x25, 0x12, 0x92, 0x55, 0xA3, 0x71, 0xD6, 0x5B, 0x85, 0xC3, 0x21, 0xB1, 0xF6, 0x1E, 0x61, 0x3D,
    0xAC, 0x51, 0x32, 0xB5, 0x4D, 0x28, 0x11, 0x30, 0x01, 0x04, 0x1A, 0xA1, 0x74, 0x16, 0x39, 0x64,
    0xD5, 0x43, 0x05, 0x4B, 0x4F, 0xC0, 0x4A, 0xD7, 0x9A, 0x1F, 0x57, 0x7F, 0xC7, 0xBC, 0xE1, 0x9F,
    0xBA, 0x58, 0xE3, 0x92, 0x79, 0x97, 0x64, 0x85, 0xF8, 0xA9, 0x50, 0x6C, 0x82, 0xCD, 0xCE, 0x88,
    0xCD, 0xC2, 0x8A, 0x2D, 0x53, 0xDE, 0xAA, 0xFE, 0x70, 0x00, 0x12, 0xFC, 0xE1, 0x8B, 0x37, 0xB9,
    0x6E, 0xFD, 0x2B, 0x18, 0xA1, 0xCB, 0x40, 0x0E, 0xEE, 0x0F, 0x67, 0x74, 0x62, 0x7D, 0xAB, 0x46,
    0xCC, 0x71, 0x55, 0x23, 0xD5, 0xE4, 0x1A, 0x7F, 0x67, 0xE4, 0x87, 0xB4, 0x2A, 0xB7, 0x51, 0xED,
    0x73, 0xC7, 0x3D, 0x61, 0x24, 0x9C, 0xFC, 0x9B, 0x1C, 0xBC, 0x47, 0xC6, 0x6E, 0x65, 0x68, 0x2C,
    0x4C, 0x1B, 0x84, 0x5C, 0x98, 0x3C, 0xE1, 0x03, 0x93, 0x03, 0x82, 0xA5, 0x56, 0xB1, 0x13, 0xF2,
    0x65, 0x6C, 0x07, 0xF7, 0xD8, 0x5B, 0x3C, 0xE3, 0x47, 0xCC, 0xCD, 0x53, 0xE2, 0xC3, 0x12, 0x04,
    0x0C, 0xD8, 0x2A, 0x54, 0x01, 0x2C, 0x30, 0xA6, 0xDD, 0x79, 0x50, 0xDC, 0x78, 0xB8, 0x84, 0x96,
    0x78, 0x9F, 0xC3, 0xF6, 0x92, 0xC6, 0x7F, 0x2E, 0xF0, 0x9B, 0x4F, 0xDF, 0x3F, 0x5D, 0x7B, 0xF2,
    0x48, 0x5B, 0xD5, 0x3D, 0xE9, 0x37, 0x2A, 0xDC, 0xF4, 0xB1, 0x02, 0x4E, 0x52, 0xFE, 0x01, 0xB6,
    0x51, 0x37, 0xA2, 0xA8, 0x5F, 0xD9, 0x94, 0xC2, 0xC8, 0xE8, 0x92, 0xDB, 0xFF, 0x03, 0x95, 0x55,
    0x3F, 0x8F, 0x1C, 0x35, 0x14, 0x7F, 0x33, 0x13, 0x6E, 0x50, 0x5C, 0xB8, 0x09, 0x05, 0x9C, 0x22,
    0xA7, 0xA0, 0x49, 0x0A, 0xDC, 0xA6, 0xB8, 0x9C, 0x47, 0xB9, 0x22, 0x05, 0x45, 0x52, 0x10, 0xDA,
    0xB4, 0x20, 0x8A, 0xB4, 0x41, 0xBA, 0xBB, 0xB1, 0x44, 0x91, 0xF6, 0x3E, 0x02, 0x42, 0x57, 0x40,
    0x45, 0x8B, 0xD0, 0xEE, 0x8D, 0x45, 0x43, 0x41, 0x33, 0x7C, 0x82, 0xB8, 0x88, 0x44, 0x91, 0x22,
    0x06, 0x5C, 0xCC, 0x85, 0xD9, 0x79, 0xFC, 0xEC, 0xD9, 0xDB, 0xDB, 0x88, 0x03, 0x09, 0xFB, 0xF9,
    0x8D, 0xFD, 0xF6, 0xD9, 0xEF, 0xFF, 0x5B, 0xE3, 0x49, 0x06, 0x12, 0x03, 0x55, 0x23, 0x15, 0x2B,
    0xA2, 0x8E, 0xC4, 0x28, 0xA3, 0xF2, 0xC6, 0xB5, 0x4D, 0x47, 0xF4, 0x81, 0x05, 0x29, 0x50, 0xC1,
    0x23, 0xD5, 0x23, 0x93, 0x0A, 0xAD, 0x33, 0x4E, 0x79, 0xE1, 0x55, 0xA3, 0x57, 0xBA, 0x31, 0xCC,
    0x74, 0xAC, 0x26, 0x5A, 0x96, 0x03, 0x31, 0x0F, 0x33, 0xDC, 0xA6, 0xEB, 0x8D, 0x21, 0x6D, 0x8D,
    0x6D, 0x1B, 0xC5, 0x13, 0xD5, 0x3C, 0xE0, 0x91, 0x13, 0x52, 0xB6, 0xF5, 0x5D, 0x68, 0xBD, 0xB2,
    0x12, 0xD3, 0x04, 0xE3, 0xB1, 0xD2, 0xF4, 0xF9, 0xEC, 0xCD, 0x68, 0x46, 0x1A, 0xCB, 0xA1, 0x0A,
    0x44, 0x54, 0x4D, 0xA4, 0xD8, 0x99, 0x07, 0xE1, 0xA8, 0x8C, 0x87, 0x45, 0x3C, 0x2A, 0x83, 0xF9,
    0x38, 0x80, 0x52, 0x4E, 0x50, 0xE6, 0x27, 0x76, 0x15, 0x1F, 0x70, 0x23, 0x56, 0x72, 0x84, 0x4E,
    0x3A, 0x10, 0xD4, 0xB5, 0x34, 0x61, 0xD2, 0x9D, 0xE6, 0xFA, 0x89, 0xF6, 0xA6, 0x17, 0xB1, 0xB3,
    0xD5, 0x04, 0x42, 0x92, 0x6E, 0x3C, 0x19, 0xA8, 0x2E, 0xA3, 0xE9, 0xEB, 0x51, 0xF9, 0x72, 0x05,
    0x9B, 0xB9, 0x8E, 0x64, 0x0E, 0xC6, 0x7A, 0x3D, 0xC5, 0x20, 0x06, 0x19, 0x64, 0xD0, 0xBD, 0xB6,
    0x3B, 0x74, 0x35, 0x35, 0x9D, 0x44, 0x4C, 0x67, 0xE5, 0xB5, 0x33, 0x56, 0x40, 0xD1, 0x2D, 0xAB,
    0x3C, 0x66, 0xAF, 0x7A, 0x0D, 0xD7, 0x19, 0xBA, 0x46, 0x12, 0x53, 0x7D, 0xAD, 0x46, 0x3A, 0xA2,
    0x63, 0x5A, 0xC2, 0x3A, 0x0F, 0x76, 0x31, 0x52, 0x56, 0x97, 0x3A, 0x4B, 0x9D, 0xA3, 0x96, 0xC9,
    0x70, 0x53, 0x4F, 0xFF, 0xAA, 0x36, 0x86, 0x49, 0x68, 0x99, 0xD0, 0x88, 0x55, 0xC6, 0xE4, 0x9D,
    0xE4, 0x22, 0xD1, 0x03, 0x49, 0x07, 0xA4, 0x9B, 0xFF, 0xC9, 0x76, 0x74, 0xC1, 0x56, 0x6C, 0xD8,
    0xEA, 0x0D, 0x9B, 0xDA, 0xB0, 0xA5, 0x21, 0x6D, 0xC2, 0x2A, 0xEF, 0xEF, 0x65, 0xBC, 0xC8, 0x38,
    0xDD, 0xA1, 0x2A, 0x2B, 0x58, 0xBB, 0xCC, 0x98, 0xAE, 0x91, 0xCE, 0x3F, 0x1E, 0x66, 0x3C, 0x24,
    0x54, 0xCC, 0x8C, 0xE9, 0x75, 0x12, 0xEE, 0xF2, 0xAD, 0xFD, 0x2D, 0xC6, 0xA4, 0x04, 0x95, 0x61,
    0xEB, 0x2D, 0x7B, 0xF9, 0xD6, 0x96, 0xD0, 0x62, 0x4B, 0xA8, 0xD8, 0x12, 0xFA, 0xD1, 0xD6, 0x5B,
    0x35, 0xB2, 0x49, 0xAD, 0x94, 0x45, 0x6A, 0x36, 0x46, 0x31, 0xED, 0x23, 0x35, 0xE5, 0x20, 0x11,
    0xB5, 0x14, 0x19, 0x63, 0x4D, 0x4A, 0xDA, 0xB0, 0x59, 0x4D, 0xF5, 0xD6, 0x7A, 0x8F, 0x8A, 0x47,
    0xCC, 0x53, 0x86, 0xD5, 0xEC, 0x80, 0xCD, 0xD1, 0x80, 0xE5, 0x2A, 0xE8, 0x98, 0x66, 0xA0, 0x76,
    0x0B, 0xF2, 0xE8, 0xA9, 0xFE, 0xE3, 0xCF, 0xA0, 0xF9, 0x55, 0x68, 0x99, 0xFB, 0x33, 0xE4, 0xEF,
    0xA8, 0xA7, 0xD9, 0xF6, 0x6B, 0xC9, 0x40, 0x98, 0xD9, 0xFA, 0x5C, 0x61, 0xF9, 0x8B, 0xB3, 0xF0,
    0x55, 0xD0, 0x93, 0x98, 0xF9, 0x05, 0xDB, 0xB1, 0x98, 0xAE, 0xE4, 0x2B, 0x4E, 0x8B, 0x53, 0xC9,
    0x07, 0x51, 0x27, 0x23, 0xEE, 0x73, 0x7F, 0x9B, 0x6E, 0x53, 0x75, 0x5E, 0x0E, 0x8A, 0x5F, 0x45,
    0xF3, 0x9A, 0xBD, 0xA1, 0xAE, 0x29, 0x22, 0x82, 0x5A, 0xF7, 0x88, 0xB1, 0xB2, 0xC8, 0x0C, 0x3C,
    0xC9, 0xC9, 0x78, 0x4E, 0x11, 0x5E, 0xE0, 0x07, 0x78, 0x1C, 0x2C, 0xF0, 0x63, 0x93, 0x9C, 0x8F,
    0xCC, 0x34, 0x4C, 0x3F, 0xFE, 0xE5, 0xBE, 0xF9, 0xDD, 0xE1, 0x38, 0x43, 0x1A, 0x5F, 0xD2, 0x2C,
    0xB5, 0x65, 0x4B, 0x1A, 0x5E, 0x29, 0x3A, 0xF6, 0xB4, 0x93, 0xF2, 0xB3, 0x1D, 0x48, 0xF0, 0x50,
    0x40, 0x55, 0x83, 0x63, 0x3B, 0x35, 0xD4, 0x22, 0xCE, 0xCF, 0xD6, 0xC6, 0x0B, 0x33, 0x84, 0xA1,
    0x15, 0x05, 0x4A, 0x5F, 0x72, 0x7A, 0x9C, 0xA9, 0x75, 0x1D, 0xBA, 0x8A, 0xB1, 0x8F, 0xE9, 0xBD,
    0x86, 0x0C, 0x62, 0xC7, 0xEE, 0x72, 0xE1, 0xFC, 0xE1, 0xBB, 0xB4, 0xD4, 0xA9, 0x28, 0x50, 0x35,
    0x32, 0x92, 0x5E, 0x51, 0xD7, 0x35, 0x87, 0x6A, 0xF6, 0xD6, 0x0D, 0xDA, 0x19, 0x8A, 0x2E, 0xEA,
    0xA9, 0x81, 0x14, 0x73, 0x0E, 0x15, 0x3C, 0xED, 0x42, 0x8B, 0xCF, 0xF0, 0xDB, 0x2D, 0x5C, 0xB7,
    0x64, 0x52, 0x73, 0x88, 0xA9, 0x9B, 0xB5, 0x83, 0x86, 0xAD, 0x3D, 0xDD, 0xCD, 0x9A, 0x3C, 0xCA,
    0x19, 0x75, 0xD6, 0x90, 0x42, 0xC5, 0x9D, 0x13, 0xE8, 0xB8, 0x7B, 0x0C, 0xEB, 0x54, 0x58, 0x44,
    0xD8, 0x13, 0xE2, 0x40, 0x4F, 0xA7, 0xFB, 0xE1, 0x10, 0x6D, 0xAA, 0xF2, 0xFB, 0x74, 0x8A, 0x34,
    0xD4, 0x17, 0x05, 0x80, 0x34, 0x66, 0x78, 0x5C, 0x3A, 0xE1, 0xA4, 0x33, 0xCD, 0x44, 0x71, 0xAB,
    0xE6, 0x0B, 0x9F, 0x82, 0x7C, 0xEB, 0xD7, 0xE4, 0x9C, 0xDD, 0xF3, 0x54, 0x49, 0x72, 0x8F, 0x6E,
    0xDE, 0x4C, 0x0A, 0xEF, 0xBC, 0xD4, 0x56, 0x4D, 0x1C, 0xEE, 0x49, 0xFF, 0xC3, 0xB3, 0xDA, 0xED,
    0xA5, 0xB5, 0x27, 0xFD, 0x22, 0x45, 0xAC, 0x1E, 0xB4, 0x45, 0x6C, 0x90, 0xC3, 0xD0, 0x4B, 0xB1,
    0x4D, 0xCA, 0x72, 0xCE, 0x8B, 0xC3, 0x94, 0xEA, 0x77, 0xB2, 0xDC, 0x6F, 0x4D, 0x2A, 0x9A, 0x7A,
    0x94, 0xA9, 0x8E, 0x74, 0xA8, 0x18, 0xC1, 0x84, 0x9F, 0x3A, 0x44, 0x10, 0x39, 0x21, 0xF0, 0x49,
    0x85, 0xF0, 0x94, 0xCF, 0x89, 0x3E, 0xCF, 0xD5, 0x71, 0xDA, 0xA6, 0xB2, 0x11, 0x51, 0xC5, 0x1C,
    0xB1, 0x9A, 0x4F, 0x68, 0x97, 0x2D, 0xC2, 0x93, 0x73, 0x59, 0xE1, 0xD3, 0xE7, 0x0B, 0x2F, 0x53,
    0x52, 0x63, 0x84, 0xFF, 0xC6, 0x17, 0xF6, 0x17, 0x29, 0xE2, 0xFC, 0x1D, 0x9C, 0xB8, 0xEB, 0x05,
    0xAF, 0x47, 0xAF, 0x2F, 0x76, 0xE8, 0xF3, 0x44, 0x9F, 0x7E, 0x8F, 0xC6, 0x4F, 0xEF, 0xD0, 0xE5,
    0xF8, 0x82, 0x4F, 0x81, 0x77, 0xC1, 0x70, 0x32, 0x8B, 0xC3, 0x3F, 0x48, 0x56, 0xA8, 0x51, 0xC9,
    0x9E, 0xB6, 0x5F, 0x2B, 0xFB, 0x38, 0x8B, 0xF8, 0x64, 0xCE, 0x98, 0xB8, 0xBE, 0x3C, 0xAD, 0xBF,
    0xBA, 0x6F, 0x67, 0x21, 0xC3, 0xC5, 0x77, 0x4D, 0x77, 0xB3, 0x66, 0x6B, 0x3E, 0xDC, 0xAB, 0x07,
    0xE4, 0x66, 0x73, 0xAC, 0xDC, 0x0D, 0xF4, 0x30, 0xE1, 0x04, 0xBB, 0x16, 0xC5, 0x26, 0xDC, 0x4A,
    0xA5, 0x8D, 0xFA, 0xAD, 0xCF, 0x0C, 0x64, 0x9E, 0xB8, 0x65, 0xED, 0xC6, 0xBA, 0x87, 0x05, 0x00,
    0x74, 0x15, 0xF3, 0x00, 0xDE, 0x77, 0xE8, 0xC0, 0x7B, 0xCB, 0xBB, 0x74, 0xB4, 0x19, 0xC5, 0xD4,
    0x08, 0xEE, 0xD5, 0xF3, 0x60, 0x8A, 0x68, 0x68, 0xD8, 0xCF, 0x80, 0x3D, 0x28, 0xA0, 0xE3, 0xD7,
    0x85, 0xE8, 0xFF, 0x09, 0x67, 0x4F, 0x50, 0x09, 0xBD, 0x84, 0xB4, 0x55, 0x52, 0x07, 0xD2, 0x16,
    0x90, 0x96, 0x5B, 0x2D, 0x60, 0xB1, 0x63, 0x41, 0x01, 0xBD, 0x3E, 0xCF, 0x9D, 0xF7, 0x02, 0xCA,
    0x37, 0x51, 0x72, 0xD4, 0xCF, 0x63, 0x92, 0x55, 0xC4, 0xFD, 0x62, 0xBD, 0x51, 0xCF, 0x13, 0xBD,
    0x3C, 0x8F, 0x8B, 0xDC, 0xFF, 0x36, 0xB0, 0x9C, 0x90, 0x04, 0xF6, 0x4C, 0xBA, 0x85, 0x98, 0xE1,
    0x2D, 0x1D, 0x92, 0x43, 0xDE, 0x4C, 0xCA, 0x27, 0x6F, 0xAD, 0xA4, 0x1F, 0xE1, 0x84, 0x05, 0xD6,
    0xF2, 0xAA, 0xB5, 0x8C, 0x5D, 0xEC, 0x9A, 0x25, 0x6D, 0x4F, 0x38, 0x0F, 0xB3, 0x1D, 0xDB, 0x71,
    0xDE, 0xE5, 0xF9, 0xB2, 0x1E, 0x8B, 0xF1, 0x7D, 0x3A, 0xD5, 0x65, 0x54, 0x07, 0x41, 0x7E, 0xE5,
    0xC5, 0xCF, 0x7D, 0xFD, 0x8B, 0xAB, 0x5E, 0xD8, 0x92, 0x9B, 0x82, 0x73, 0xC4, 0x96, 0x64, 0xEA,
    0xA0, 0x1F, 0x3A, 0xF9, 0xDA, 0xD6, 0x4C, 0xE5, 0x8A, 0xAA, 0x15, 0x42, 0x4E, 0xF2, 0x85, 0xD5,
    0x0F, 0xFB, 0xB6, 0x0A, 0x7F, 0x03, 0xED, 0x7D, 0x3D, 0xB0, 0xE4, 0xD6, 0x95, 0xDE, 0x05, 0x7A,
    0x39, 0xED, 0x32, 0x02, 0x24, 0xDA, 0xC0, 0x9A, 0xAD, 0x42, 0xBA, 0xDE, 0x2A, 0x1B, 0x89, 0x43,
    0x4B, 0x00, 0x57, 0x01, 0x43, 0x3B, 0x58, 0x47, 0x0E, 0xE4, 0x50, 0xE5, 0x64, 0x52, 0x07, 0xB6,
    0x01, 0x51, 0x81, 0x02, 0x05, 0x9E, 0xC0, 0xB9, 0x37, 0x60, 0xE0, 0xDA, 0x84, 0x0E, 0x1D, 0x68,
    0x85, 0x5E, 0x31, 0x50, 0xE0, 0x80, 0x58, 0xB1, 0xCA, 0x0A, 0x18, 0x4C, 0x8B, 0x9E, 0x2A, 0xAD,
    0x4B, 0x01, 0x21, 0xB1, 0x65, 0x61, 0x44, 0x00, 0xD7, 0xE7, 0xFB, 0xCE, 0xB9, 0x00, 0xFA, 0x75,
    0xF7, 0x9B, 0xF7, 0x66, 0xDE, 0x3C, 0xCE, 0xE3, 0xEE, 0x23, 0xE7, 0x9C, 0xDB, 0xDD, 0xC0, 0xC5,
    0xC5, 0xFD, 0x39, 0xF7, 0xFC, 0x5F, 0x57, 0xED, 0x9C, 0x73, 0xC5, 0x5E, 0x40, 0xDA, 0x09, 0x48,
    0x0E, 0x02, 0x36, 0x83, 0x80, 0x08, 0x60, 0xFE, 0xAB, 0xBC, 0xF7, 0x87, 0xAB, 0x00, 0x77, 0xDD,
    0x04, 0xC8, 0xC5, 0x2D, 0xC0, 0x7E, 0x05, 0x6E, 0x71, 0x2F, 0x9F, 0xD6, 0x2F, 0xC0, 0xFD, 0x58,
    0xFE, 0x8B, 0x7D, 0xEC, 0xDD, 0xC6, 0x6F, 0xBC, 0x96, 0xF8, 0xDD, 0x95, 0xBF, 0xB7, 0xA9, 0xCD,
    0x00, 0xBE, 0xD3, 0xDF, 0xCE, 0x61, 0x19, 0x83, 0x4E, 0x5B, 0x7D, 0x7B, 0x5C, 0xF5, 0xC4, 0xBF,
    0xF7, 0x9E, 0x63, 0x89, 0xA7, 0x1B, 0x1E, 0x88, 0xEB, 0xCC, 0x03, 0x8F, 0xD2, 0x5D, 0xA5, 0xE0,
    0xDE, 0x45, 0xB8, 0x10, 0xF7, 0x07, 0xDC, 0xB4, 0xE7, 0xB1, 0xFD, 0x1E, 0xAE, 0xDF, 0xF8, 0x9A,
    0x58, 0xEB, 0xEB, 0x0A, 0x3F, 0x1A, 0x3E, 0x68, 0x4B, 0xF0, 0xB3, 0xE3, 0x13, 0x30, 0x9D, 0xFA,
    0x30, 0xA7, 0xF2, 0x16, 0x5F, 0xA2, 0x6D, 0x0D, 0x7E, 0x98, 0xEE, 0x6C, 0x8C, 0xEE, 0x18, 0x38,
    0xF7, 0xD8, 0x3F, 0x15, 0x18, 0x7B, 0xBE, 0x58, 0xE6, 0xD9, 0xA1, 0x95, 0x0E, 0x90, 0x4C, 0xBB,
    0x66, 0x90, 0x1E, 0xD8, 0xB9, 0x74, 0x72, 0x5B, 0xE9, 0x00, 0x99, 0x79, 0xE9, 0x88, 0x8B, 0xCB,
    0x4C, 0xBA, 0x39, 0xF2, 0x75, 0x8E, 0x5E, 0xF8, 0xAB, 0xD2, 0xC6, 0x25, 0x20, 0xB9, 0xFB, 0x22,
    0x3A, 0xBA, 0x32, 0xD7, 0x4E, 0xCC, 0xD0, 0x6D, 0xBE, 0x4E, 0x07, 0x56, 0x6D, 0x0F, 0xB2, 0xC7,
    0x3A, 0xE9, 0x68, 0x69, 0x44, 0x68, 0x92, 0x35, 0xD0, 0x9A, 0x6B, 0x8D, 0x8F, 0x9A, 0x17, 0xDA,
    0x76, 0xE9, 0x74, 0xCE, 0x80, 0x8D, 0xC0, 0xC9, 0x25, 0xBE, 0x4E, 0x7C, 0x29, 0xB5, 0xCA, 0x58,
    0xE2, 0x11, 0x02, 0xE5, 0x79, 0xFF, 0xBE, 0xE6, 0xE3, 0x5C, 0xC6, 0x0A, 0x52, 0x8E, 0x5F, 0xE2,
    0xA7, 0x12, 0x0F, 0x65, 0xA5, 0x8D, 0x4C, 0x7B, 0xD4, 0xCC, 0x99, 0xF4, 0x84, 0xAD, 0x96, 0xEF,
    0x30, 0x94, 0x5B, 0x3C, 0x40, 0x3E, 0xEC, 0xFF, 0xB8, 0x44, 0xF7, 0x81, 0x82, 0x08, 0xE4, 0xDC,
    0xC9, 0x39, 0xC3, 0x32, 0x5F, 0x26, 0x7E, 0x97, 0x60, 0x7E, 0xA3, 0x89, 0xA8, 0xAE, 0x62, 0x6D,
    0x8F, 0xFC, 0x0B, 0x5C, 0xFB, 0x6A, 0xFF, 0x65, 0x75, 0x56, 0x17, 0x6D, 0xD1, 0xA2, 0x0C, 0x8C,
    0xCF, 0xC7, 0x8B, 0x7E, 0x7F, 0xBF, 0xFF, 0x6C, 0xFC, 0xEE, 0x1E, 0xC8, 0x1A, 0x5C, 0x03, 0x79,
    0x96, 0xAC, 0xB4, 0x4E, 0x3A, 0xBC, 0x18, 0x63, 0xF4, 0xAE, 0xF7, 0xF5, 0x16, 0x7D, 0x1B, 0x81,
    0x22, 0xCA, 0x10, 0xD5, 0x18, 0x3A, 0x9D, 0x58, 0xE7, 0x4B, 0xE9, 0x52, 0xEA, 0x31, 0xA9, 0x2E,
    0x96, 0x0E, 0xA7, 0xA5, 0xEC, 0x5C, 0x09, 0x04, 0xC1, 0x4F, 0x32, 0xE9, 0x72, 0x96, 0x30, 0xC2,
    0x56, 0x92, 0xC6, 0x84, 0xD2, 0x5E, 0x09, 0x87, 0x34, 0xF3, 0x60, 0x25, 0x27, 0xF3, 0x43, 0xA6,
    0x0B, 0x4A, 0x32, 0x1F, 0xAD, 0x94, 0x48, 0xA9, 0x0D, 0xA5, 0xAA, 0x0D, 0xBF, 0x36, 0xBB, 0x50,
    0xF2, 0x3B, 0xBB, 0x57, 0x56, 0x85, 0xD5, 0x57, 0x71, 0x71, 0x90, 0x32, 0x8F, 0x56, 0xAA, 0xAB,
    0x83, 0xB3, 0xB6, 0x54, 0xB5, 0x96, 0x9E, 0x72, 0x98, 0x92, 0x21, 0x4C, 0x8E, 0x37, 0x5E, 0xF2,
    0xFC, 0x93, 0x45, 0x64, 0x25, 0x19, 0x9E, 0x50, 0xF2, 0x4B, 0x69, 0x67, 0x77, 0xC4, 0xBA, 0xAF,
    0xE0, 0xDE, 0xAA, 0x0B, 0xA5, 0xFC, 0x10, 0x4A, 0x59, 0x7F, 0x5D, 0x69, 0xB9, 0x6E, 0xBE, 0x37,
    0xD4, 0xB7, 0x3C, 0x43, 0x9F, 0x6B, 0xA5, 0x3E, 0x94, 0x42, 0xFB, 0x46, 0x77, 0x11, 0xBF, 0xCE,
    0x9E, 0xF4, 0x04, 0x44, 0x84, 0x7B, 0x52, 0xD8, 0x8B, 0x26, 0xC3, 0xDC, 0x83, 0x48, 0x1B, 0x04,
    0xCB, 0x8F, 0x3E, 0xEC, 0x39, 0x7B, 0xC5, 0x77, 0xF9, 0x4F, 0x67, 0x2A, 0xD9, 0x19, 0x97, 0xE8,
    0xAE, 0xC4, 0x16, 0x66, 0xA4, 0x5D, 0x45, 0xED, 0x4E, 0x48, 0x47, 0xC1, 0xBE, 0xF5, 0xE8, 0xCD,
    0x98, 0xFD, 0x27, 0x7B, 0xA6, 0xC0, 0x94, 0x3D, 0x98, 0x0F, 0x80, 0x32, 0xC5, 0x04, 0xCA, 0xC4,
    0xAE, 0xF6, 0x72, 0x89, 0x40, 0x10, 0xE9, 0x6A, 0x0F, 0xFA, 0x5C, 0xED, 0x73, 0x25, 0xCF, 0xBA,
    0xB3, 0xB7, 0x81, 0xE4, 0x55, 0xEC, 0x06, 0xFB, 0xD5, 0xAE, 0xC4, 0x66, 0x5C, 0xED, 0x23, 0xD6,
    0xE0, 0x9A, 0x0E, 0xB0, 0xE0, 0xE8, 0x08, 0x31, 0x16, 0x98, 0xF0, 0x89, 0x1B, 0x1D, 0x43, 0x1D,
    0xD3, 0x8A, 0xA3, 0x5D, 0x08, 0x49, 0xE7, 0xE0, 0xC4, 0xBA, 0x0C, 0x15, 0x56, 0x7C, 0x97, 0x7C,
    0xC7, 0x77, 0x6C, 0x4F, 0xDF, 0x2B, 0x9D, 0x00, 0x73, 0xC2, 0x8A, 0xD0, 0x4F, 0x7C, 0xC7, 0x89,
    0x4F, 0x99, 0xF8, 0x8E, 0x80, 0xD9, 0x97, 0x80, 0xC5, 0x17, 0x80, 0xCD, 0x27, 0x80, 0xFE, 0xA3,
    0x09, 0xAD, 0xFD, 0xCE, 0x84, 0x37, 0xDD, 0x08, 0x4C, 0x47, 0xC0, 0xBC, 0x07, 0x2C, 0xBA, 0xAD,
    0x40, 0xDF, 0x0A, 0xFC, 0xA5, 0xDF, 0x09, 0xFC, 0x3F, 0xDE, 0x09, 0xFC, 0xD5, 0x04, 0xF8, 0xF9,
    0x00, 0x28, 0xAF, 0x0E, 0xB8, 0x27, 0xDC, 0x11, 0x96, 0x84, 0x0E, 0x70, 0x20, 0xEC, 0x01, 0x5D,
    0xFC, 0xD4, 0x7D, 0x80, 0xF1, 0xEA, 0x62, 0x72, 0xA1, 0xFD, 0x16, 0x83, 0x15, 0xB1, 0x07, 0xD1,
    0x87, 0x7C, 0xC5, 0xE4, 0xC5, 0x55, 0x36, 0x8F, 0xFC, 0x86, 0x8C, 0x01, 0xB6, 0xE1, 0x64, 0xE2,
    0x3E, 0x29, 0xF4, 0x02, 0x83, 0x92, 0x0D, 0x64, 0x79, 0x64, 0x96, 0x71, 0xA0, 0x3A, 0x4E, 0x36,
    0xCC, 0x33, 0xF9, 0xA7, 0x2C, 0x4D, 0x84, 0x4A, 0xE5, 0x4D, 0x30, 0x29, 0xB3, 0x81, 0xD3, 0x25,
    0x1D, 0xB6, 0xE8, 0xDE, 0xED, 0x84, 0x2D, 0x58, 0xEE, 0x27, 0x1F, 0x13, 0xF9, 0x8C, 0x13, 0xC7,
    0x3F, 0x21, 0x6A, 0x1A, 0x9D, 0x40, 0xDC, 0x09, 0x5D, 0xAE, 0x2D, 0x4B, 0x8D, 0xE0, 0x2A, 0x7F,
    0xA3, 0xC4, 0xC0, 0xA5, 0xC3, 0x6A, 0x73, 0x2F, 0x8C, 0xD3, 0xD3, 0xDB, 0x0A, 0xBD, 0xBE, 0x38,
    0x84, 0x31, 0xCA, 0x0E, 0x6F, 0x11, 0xF4, 0x81, 0x1D, 0x3B, 0x86, 0x61, 0x8D, 0x5F, 0x0F, 0x13,
    0x7D, 0xC3, 0x54, 0x51, 0xA6, 0x03, 0x18, 0xDE, 0xFE, 0x73, 0xA2, 0xEA, 0x63, 0xAE, 0x47, 0xFF,
    0x31, 0x3B, 0xC8, 0xFF, 0x68, 0x64, 0x2F, 0xBF, 0x37, 0xB1, 0xCF, 0x39, 0x10, 0x1B, 0x0F, 0x52,
    0x2F, 0x03, 0xC1, 0x41, 0xD2, 0x2D, 0x80, 0xA8, 0x25, 0x97, 0x44, 0x7A, 0x71, 0x08, 0x4B, 0x1D,
    0xBD, 0xD8, 0x90, 0xBE, 0x81, 0xEB, 0x01, 0xBB, 0xA2, 0x44, 0x2C, 0x56, 0xB2, 0xBB, 0xD1, 0x4D,
    0x63, 0xC3, 0x1D, 0xA3, 0xC4, 0x10, 0xC9, 0xC2, 0x03, 0xFB, 0x26, 0x95, 0x72, 0x88, 0xBC, 0xCC,
    0x67, 0xB4, 0xAA, 0xE3, 0x70, 0xC8, 0x76, 0x4B, 0x16, 0xEB, 0x0C, 0xDC, 0xBB, 0x99, 0x5D, 0xBC,
    0x11, 0xF4, 0xE4, 0x76, 0x20, 0x4D, 0xB8, 0x6A, 0xDE, 0x0B, 0xB8, 0xC2, 0x33, 0x5B, 0xE1, 0xA0,
    0x2F, 0x11, 0xA1, 0xF0, 0x7D, 0x33, 0xD4, 0x6F, 0x36, 0x3E, 0x5C, 0xC9, 0x97, 0x22, 0x7B, 0xBC,
    0xD4, 0xA6, 0x35, 0xF7, 0x5A, 0x7F, 0xBD, 0x6A, 0x27, 0xE9, 0x54, 0xAE, 0x74, 0x64, 0x72, 0x73,
    0x3D, 0x47, 0x90, 0xDF, 0xA7, 0xBC, 0xA6, 0xEA, 0x97, 0x3A, 0x27, 0xAD, 0x6D, 0xBF, 0xD4, 0x73,
    0xDC, 0x4E, 0xA5, 0x47, 0x57, 0xA1, 0xD2, 0xCA, 0xC7, 0x72, 0xCD, 0xBC, 0xCB, 0x0D, 0x4B, 0x3D,
    0xD3, 0x5B, 0xC6, 0xE7, 0x47, 0x26, 0x74, 0x5D, 0xC5, 0xF1, 0x8C, 0xC9, 0xC9, 0xCC, 0x78, 0xF3,
    0x32, 0x3C, 0x9D, 0xC7, 0xDB, 0xF1, 0x18, 0x73, 0xCB, 0x5E, 0xE1, 0x34, 0xE0, 0x5E, 0x31, 0x58,
    0x72, 0xE0, 0xF0, 0xAF, 0x30, 0x0C, 0x6A, 0x93, 0x9B, 0x18, 0x96, 0x77, 0x81, 0x87, 0x68, 0x2F,
    0x62, 0x12, 0xA7, 0xEA, 0xC6, 0xF8, 0x6D, 0x94, 0x97, 0x41, 0xC5, 0xC9, 0x2E, 0x8A, 0x04, 0x51,
    0xA2, 0x24, 0x08, 0x52, 0x90, 0x94, 0xE4, 0xA7, 0xC8, 0x83, 0x25, 0xC6, 0x7E, 0x2C, 0x5B, 0x75,
    0x58, 0xFE, 0x4A, 0x0C, 0x1A, 0xF4, 0xD9, 0x80, 0x12, 0xE8, 0x84, 0xCC, 0xEF, 0xA2, 0x8B, 0x41,
    0x3F, 0x64, 0x3F, 0x28, 0x3A, 0xD2, 0x15, 0xF9, 0x58, 0x74, 0x09, 0xB7, 0x50, 0xBF, 0x2B, 0xBA,
    0xCC, 0xF8, 0xB7, 0x42, 0x97, 0xBE, 0xF2, 0x28, 0x7B, 0xA5, 0xEB, 0x5C, 0x14, 0xE1, 0x3B, 0xA5,
    0xFC, 0x46, 0x05, 0x31, 0x18, 0x45, 0x67, 0x5B, 0x84, 0xC8, 0x7C, 0xA4, 0xFA, 0xCB, 0x33, 0xEC,
    0xB9, 0x3B, 0x65, 0x76, 0xBB, 0xC0, 0xE4, 0xC8, 0xFF, 0xDC, 0x85, 0xC8, 0x14, 0x9B, 0x20, 0x0E,
    0x79, 0x7A, 0xA0, 0x68, 0xAD, 0xEF, 0x26, 0x1B, 0x3F, 0x4A, 0x5B, 0x91, 0xD6, 0xC6, 0xD0, 0x07,
    0x78, 0x51, 0xCA, 0xE1, 0xAD, 0xC8, 0x77, 0xCF, 0xB5, 0x69, 0x25, 0x49, 0xDC, 0x9E, 0x3C, 0x6E,
    0x8F, 0xEE, 0x91, 0x8B, 0xA4, 0x3D, 0xD2, 0x10, 0x65, 0xD1, 0xB3, 0x2E, 0xB0, 0x3F, 0x0A, 0xB9,
    0x2D, 0xE9, 0x6B, 0x53, 0x61, 0xA0, 0x2F, 0x49, 0xB6, 0xCC, 0xE9, 0x6B, 0xAA, 0x94, 0x27, 0x75,
    0xEB, 0x5D, 0x25, 0xDF, 0xB2, 0xD6, 0x7E, 0xFA, 0xB3, 0xA7, 0xDA, 0x5B, 0x68, 0x72, 0x0E, 0x51,
    0xA1, 0x4E, 0x45, 0xF0, 0xF5, 0xE4, 0x29, 0x95, 0xCA, 0x1E, 0x38, 0x90, 0x3B, 0xC8, 0x77, 0x87,
    0x07, 0xC4, 0x73, 0x3C, 0x2A, 0x85, 0xEB, 0x70, 0xE9, 0x0E, 0xBC, 0x46, 0xD2, 0x81, 0x31, 0xDC,
    0xA8, 0x1E, 0x45, 0x65, 0x25, 0x93, 0xCA, 0x1F, 0x1C, 0x2F, 0xF5, 0x60, 0x78, 0xD9, 0x44, 0x45,
    0x02, 0x43, 0xE9, 0x31, 0x82, 0x38, 0xB3, 0xA0, 0xFE, 0x0C, 0xCA, 0x0E, 0x67, 0x90, 0xD0, 0xC8,
    0x53, 0x54, 0x9C, 0x45, 0xFB, 0x35, 0x12, 0x52, 0x08, 0x24, 0x42, 0x27, 0x90, 0x27, 0xC2, 0xC2,
    0x8C, 0xB1, 0xAF, 0x51, 0x1F, 0x53, 0xA9, 0xC6, 0x07, 0x52, 0x26, 0x50, 0xAD, 0x08, 0x4B, 0x25,
    0x91, 0x7E, 0x26, 0x9F, 0x02, 0xBC, 0x03, 0xD3, 0x23, 0xB8, 0x25, 0xD7, 0x83, 0xF1, 0x52, 0xCC,
    0xAE, 0xEC, 0xAA, 0xCF, 0x21, 0xF6, 0x34, 0x5D, 0xF5, 0x0C, 0xF4, 0x4B, 0x24, 0xB7, 0x4F, 0xF1,
    0x82, 0xC2, 0x73, 0xFC, 0x62, 0x92, 0x4E, 0x12, 0xFC, 0x89, 0x70, 0x2A, 0x93, 0xE0, 0xCF, 0x64,
    0x7D, 0x0D, 0x82, 0x7F, 0x09, 0x7D, 0x10, 0x54, 0x00, 0xD0, 0xDD, 0x00, 0x37, 0x6D, 0xDE, 0x01,
    0x93, 0x6A, 0x75, 0x84, 0x7B, 0xE0, 0xBC, 0xAB, 0x76, 0xC0, 0xD9, 0xA1, 0x21, 0x4E, 0x7B, 0xD0,
    0xA6, 0x6A, 0x9F, 0x0C, 0x9E, 0x2A, 0x84, 0xCD, 0x34, 0x29, 0xF6, 0x23, 0x71, 0xE4, 0x07, 0x55,
    0x2D, 0xF8, 0x5E, 0x71, 0x73, 0x50, 0x5C, 0x75, 0xA6, 0x72, 0xD8, 0x2B, 0x96, 0x76, 0xDC, 0x01,
    0x24, 0x67, 0x76, 0x06, 0xDE, 0x51, 0xFD, 0xB7, 0xD5, 0xDF, 0x91, 0xC0, 0x0A, 0x85, 0xE3, 0x0E,
    0x20, 0x64, 0x0D, 0x4B, 0xBD, 0x69, 0xC9, 0xC1, 0xAA, 0x2A, 0x4B, 0x35, 0x2E, 0x37, 0x42, 0xD2,
    0xF7, 0x7A, 0xBB, 0x55, 0xA6, 0x55, 0xEF, 0xEC, 0x41, 0xB3, 0xFE, 0xAE, 0x3F, 0xAF, 0xBF, 0x9B,
    0x66, 0xFD, 0xDD, 0x9B, 0xEE, 0xA3, 0x3B, 0x1C, 0xCB, 0xE7, 0xA7, 0x7C, 0x27, 0xD7, 0x7C, 0x75,
    0xB4, 0xE6, 0x1D, 0xA9, 0x4F, 0x49, 0xA8, 0x7C, 0x6D, 0x3D, 0x97, 0xE3, 0x15, 0x8F, 0xAB, 0x54,
    0x09, 0xF7, 0xCE, 0x5C, 0xB2, 0xF2, 0xA0, 0xD4, 0x53, 0x3C, 0x77, 0xB7, 0xE7, 0xBC, 0x55, 0xA5,
    0xFB, 0x1A, 0x3A, 0x5D, 0x67, 0x3A, 0xDD, 0xAB, 0x9A, 0xDA, 0x9B, 0xA3, 0xA0, 0xD3, 0xD5, 0xCA,
    0xAC, 0xEA, 0xAB, 0x3A, 0xDD, 0xFE, 0x65, 0x3A, 0x5D, 0xB5, 0x11, 0x9C, 0xC2, 0x9B, 0xC9, 0x62,
    0xF7, 0x07, 0xBF, 0x0E, 0x72, 0xB8, 0x53, 0xA3, 0xC7, 0x35, 0xF8, 0x89, 0x37, 0x35, 0x79, 0x30,
    0xAF, 0xF8, 0xC0, 0x8B, 0x61, 0x93, 0xDC, 0xF8, 0x17, 0xFE, 0x53, 0x0F, 0x76, 0xB5, 0x96, 0xED,
    0x6E, 0xC0, 0x74, 0x22, 0x31, 0x10, 0x81, 0x15, 0x5B, 0x3A, 0x36, 0x23, 0xBF, 0xDB, 0x78, 0xF2,
    0x84, 0xBB, 0x78, 0xC6, 0x65, 0x81, 0x9E, 0x88, 0x56, 0x38, 0x7C, 0x6F, 0xD7, 0x85, 0xFB, 0x42,
    0x3D, 0xA1, 0x5E, 0xE1, 0xFB, 0x84, 0x2D, 0x43, 0xFF, 0xFE, 0xCE, 0xFF, 0x6F, 0xCE, 0x69, 0x63,
    0x5A, 0x43, 0xBB, 0x42, 0x3B, 0x43, 0xBB, 0x2F, 0xBC, 0x17, 0x46, 0x2B, 0x06, 0xBD, 0x82, 0x9C,
    0x5C, 0xC6, 0x61, 0x6E, 0xEE, 0x39, 0x9A, 0xB2, 0xDD, 0xA1, 0x77, 0x64, 0xC7, 0xC7, 0x4E, 0x96,
    0x8E, 0x14, 0x44, 0x84, 0x7F, 0x41, 0xFD, 0xB1, 0xFF, 0xE1, 0xB4, 0x12, 0xE4, 0x2B, 0xBF, 0xEE,
    0x61, 0x53, 0x00, 0x6C, 0x4D, 0x75, 0x73, 0x4E, 0x1D, 0xD0, 0x7C, 0x4E, 0x63, 0xA3, 0xFF, 0x58,
    0x25, 0xFF, 0xF7, 0x50, 0x67, 0x3A, 0x29, 0xEB, 0xAC, 0xCF, 0x93, 0x47, 0x63, 0xBF, 0xF5, 0xE4,
    0x59, 0xE2, 0xB0, 0x58, 0x4B, 0x72, 0xC8, 0xDA, 0xEA, 0x5C, 0x25, 0x78, 0xD5, 0x5C, 0xB8, 0xB7,
    0x1F, 0xAD, 0xC5, 0xB5, 0x63, 0xA4, 0x43, 0xD2, 0xDC, 0x04, 0x41, 0x6E, 0x2B, 0xF6, 0xAF, 0x08,
    0xD1, 0xAD, 0xDC, 0xE2, 0x04, 0xF6, 0x58, 0x87, 0xB9, 0x2F, 0x1F, 0xFB, 0x3D, 0xF9, 0xAE, 0xBD,
    0xE9, 0xED, 0x45, 0xD4, 0x91, 0xEB, 0x1E, 0xF9, 0xA7, 0x85, 0x8E, 0xD7, 0x2B, 0x42, 0xD0, 0x76,
    0xCC, 0xCF, 0x07, 0x8B, 0x4D, 0x61, 0x7F, 0x11, 0xDB, 0x75, 0xEE, 0xEB, 0x56, 0x08, 0xD6, 0x8B,
    0x50, 0x18, 0x4E, 0xBE, 0xE9, 0x8D, 0x62, 0xA6, 0xB7, 0x2B, 0x54, 0x36, 0xCF, 0x2F, 0xE1, 0x97,
    0x92, 0xE0, 0xCB, 0xD8, 0xFB, 0x0F, 0x0C, 0x53, 0x7C, 0x0D, 0xA2, 0x7C, 0x68, 0x2C, 0x76, 0x1F,
    0x55, 0xFA, 0x51, 0xCC, 0x0E, 0x46, 0x25, 0x63, 0xF5, 0xCF, 0xE2, 0xF0, 0x7B, 0xB8, 0xFE, 0xC9,
    0xB8, 0xAE, 0xCF, 0xD4, 0x02, 0xAB, 0xE7, 0xCD, 0x9C, 0x4A, 0xD3, 0xDE, 0x39, 0xF6, 0xFE, 0xEF,
    0x0C, 0x63, 0xFF, 0x6C, 0x95, 0x53, 0x52, 0x3C, 0xEA, 0x75, 0x22, 0x91, 0x13, 0x8B, 0xD4, 0xA2,
    0xF7, 0xF9, 0xDD, 0x8D, 0x70, 0xB8, 0x5E, 0xEF, 0x0F, 0xF5, 0xAD, 0xEA, 0xB7, 0xE7, 0xBD, 0x58,
    0xDA, 0xF3, 0x5A, 0x90, 0x6F, 0x72, 0xAD, 0x56, 0xB4, 0x3E, 0xAB, 0x67, 0x5C, 0x43, 0xBD, 0xC6,
    0x74, 0xA3, 0x6B, 0xBE, 0x31, 0xE8, 0x46, 0x65, 0xCF, 0xA3, 0x15, 0x2A, 0x51, 0x8D, 0x8D, 0x2A,
    0x22, 0x23, 0x25, 0xB3, 0x5B, 0xDF, 0x3E, 0xF2, 0xD4, 0xB7, 0x40, 0x1B, 0x82, 0x4D, 0x4E, 0xFE,
    0x61, 0x93, 0x4B, 0xA6, 0x60, 0x39, 0x82, 0xCA, 0xC3, 0x4C, 0x9D, 0x9C, 0x0C, 0xA6, 0x0D, 0xC9,
    0xC9, 0xF3, 0x5E, 0x41, 0x99, 0xB7, 0xDD, 0xD5, 0x14, 0x26, 0x76, 0x83, 0x6E, 0xF4, 0x01, 0x41,
    0x35, 0xD3, 0xF3, 0x41, 0xF6, 0x58, 0x6B, 0x84, 0x35, 0xC9, 0x1A, 0x18, 0x9A, 0xAB, 0x8D, 0xAF,
    0x68, 0x30, 0xB7, 0x49, 0xD5, 0x90, 0x1B, 0x16, 0xE1, 0x3F, 0xA8, 0xA2, 0xB3, 0xA0, 0xA3, 0x2D,
    0x26, 0xD9, 0xDF, 0x29, 0xCA, 0x43, 0x73, 0x54, 0xAB, 0x34, 0x4F, 0x65, 0x2D, 0xDF, 0xA0, 0x11,
    0x2A, 0xBC, 0x9D, 0x54, 0xB1, 0xBD, 0xA7, 0x0E, 0x08, 0x96, 0x43, 0xF2, 0x44, 0x30, 0x26, 0xB2,
    0xC0, 0x75, 0xC9, 0xC2, 0x70, 0x5D, 0x61, 0xBE, 0x78, 0xB9, 0x7D, 0xAE, 0x70, 0x7E, 0xC4, 0xFC,
    0x50, 0xEE, 0xE3, 0x1C, 0xAD, 0xD0, 0x30, 0x57, 0x85, 0xA6, 0xCE, 0x8D, 0x9F, 0x5F, 0x67, 0x7E,
    0x41, 0x7D, 0x65, 0x17, 0xD1, 0xFD, 0x20, 0x0B, 0xBB, 0x91, 0xDF, 0x47, 0xB6, 0x3F, 0xB5, 0xB2,
    0xAF, 0x80, 0xB1, 0x2C, 0xF6, 0xD4, 0x91, 0xB1, 0x29, 0x67, 0x21, 0x7F, 0xA5, 0x46, 0xCD, 0xEE,
    0x8A, 0xFD, 0x52, 0x9B, 0xD5, 0xBC, 0x25, 0x84, 0xC6, 0x8E, 0xDC, 0x0E, 0x44, 0xDE, 0x03, 0x60,
    0xD3, 0x01, 0xDA, 0x5D, 0x3B, 0xD6, 0xC0, 0x3A, 0xA1, 0x99, 0xDC, 0x67, 0x43, 0xD8, 0x3B, 0x0B,
    0xC8, 0x3A, 0x4F, 0xD1, 0xF6, 0x91, 0xBA, 0xB8, 0x12, 0x9B, 0xE8, 0x2E, 0x17, 0x26, 0x49, 0xC4,
    0x71, 0x8C, 0x7B, 0xB9, 0x98, 0xF5, 0x31, 0xDA, 0xC2, 0x87, 0x75, 0x7C, 0xE3, 0xCC, 0xFF, 0xDF,
    0x1C, 0x3A, 0x47, 0x11, 0xDA, 0x69, 0xE5, 0xDF, 0x29, 0x68, 0xBA, 0xEA, 0x10, 0xFB, 0x0E, 0xFC,
    0x5B, 0x27, 0xB3, 0xEB, 0xC3, 0x2E, 0xF1, 0x93, 0x54, 0xD4, 0x3C, 0x87, 0x26, 0x78, 0x6D, 0xCB,
    0xFC, 0x10, 0xD3, 0x24, 0x23, 0x01, 0x6A, 0x3C, 0x29, 0x16, 0x3A, 0x6D, 0x4B, 0x71, 0x47, 0xA9,
    0x6D, 0xD6, 0x61, 0xBE, 0xE5, 0x7F, 0x8B, 0x5E, 0x2D, 0x7E, 0x46, 0x5B, 0xFC, 0x7F, 0xC3, 0xE4,
    0x2A, 0x9A, 0x52, 0x58, 0xD3, 0x82, 0xDC, 0xA9, 0x70, 0xE3, 0xDB, 0xD9, 0x44, 0xD0, 0x1A, 0x8C,
    0x03, 0x54, 0x9B, 0x7C, 0x41, 0x73, 0x81, 0x3C, 0x7F, 0x4B, 0x46, 0x56, 0xFA, 0x36, 0xA5, 0x0E,
    0x64, 0xC3, 0x9E, 0x8B, 0x74, 0xEE, 0x17, 0x9C, 0xBC, 0x8F, 0x4C, 0x45, 0x54, 0xAB, 0x65, 0xA2,
    0x0A, 0xD6, 0x80, 0xB2, 0xDA, 0x41, 0x07, 0xB5, 0x73, 0x04, 0x0D, 0x4B, 0x35, 0xBE, 0x9B, 0xAF,
    0x7B, 0x6E, 0x17, 0xDB, 0x25, 0xC2, 0x38, 0xA0, 0x43, 0x02, 0x68, 0xBA, 0x59, 0xAF, 0xBC, 0x0B,
    0x95, 0xF2, 0x8E, 0xEE, 0xE8, 0x5F, 0xAB, 0xFA, 0xEC, 0xD7, 0xF9, 0xC7, 0x59, 0x51, 0x72, 0x61,
    0x1F, 0x43, 0x4C, 0x86, 0x19, 0xB6, 0x27, 0x70, 0x07, 0x58, 0xAD, 0x60, 0x43, 0x28, 0x3D, 0x01,
    0x88, 0xFF, 0x23, 0x99, 0x3F, 0xBE, 0x84, 0x22, 0x56, 0xF8, 0x7A, 0x9A, 0xA7, 0xAA, 0x53, 0x08,
    0x05, 0xE4, 0x4B, 0xA0, 0x6D, 0xA4, 0x8F, 0x54, 0xAD, 0x34, 0x71, 0x00, 0x76, 0x18, 0x8B, 0x4E,
    0xE6, 0x66, 0x75, 0x10, 0x0E, 0x13, 0xDA, 0x22, 0x19, 0x2C, 0x8C, 0xDE, 0x48, 0xDB, 0x7B, 0xB5,
    0x80, 0x36, 0xF0, 0x66, 0x61, 0x56, 0xC6, 0x10, 0x76, 0xD3, 0x01, 0x43, 0x3A, 0x70, 0x62, 0x46,
    0xA4, 0xA1, 0x05, 0x14, 0xA0, 0x58, 0x87, 0xC2, 0x5D, 0xE7, 0x10, 0x00, 0x64, 0xB2, 0x08, 0x6E,
    0xB0, 0xF0, 0xF2, 0x43, 0x04, 0xA9, 0x44, 0xC4, 0x63, 0xC8, 0x00, 0xBE, 0xCD, 0x0F, 0x09, 0xF5,
    0xF5, 0xF9, 0x81, 0x94, 0xB4, 0xCF, 0x0F, 0xA4, 0x77, 0x63, 0x7E, 0x68, 0xA8, 0x50, 0xCD, 0x7F,
    0x07, 0x3A, 0x10, 0x05, 0x07, 0x94, 0xC6, 0xA4, 0x5B, 0xFB, 0x6C, 0x1E, 0x23, 0xB2, 0x8C, 0xF2,
    0x03, 0x8D, 0x7B, 0x83, 0x10, 0x13, 0xCA, 0x93, 0x52, 0x0F, 0x55, 0xFC, 0xF9, 0x41, 0xDE, 0x0C,
    0x8C, 0xFE, 0x61, 0x0B, 0xF9, 0xB9, 0xCC, 0x65, 0x85, 0xEC, 0xE4, 0x2B, 0x69, 0x8F, 0xDF, 0x87,
    0xF6, 0xB9, 0x6C, 0x32, 0x6B, 0x71, 0x82, 0x29, 0x95, 0xE1, 0x21, 0x45, 0x0F, 0x7A, 0xBE, 0x37,
    0xBD, 0x7F, 0x50, 0x83, 0x43, 0x26, 0xDC, 0xA2, 0xF7, 0xB6, 0x6A, 0x19, 0x18, 0x48, 0x75, 0x03,
    0xD9, 0x86, 0x86, 0xA2, 0x15, 0x50, 0xE0, 0x61, 0x74, 0xD5, 0x4A, 0x4D, 0xC7, 0x7D, 0x50, 0xA2,
    0x2C, 0x5D, 0x98, 0x1E, 0x04, 0xE4, 0x00, 0x15, 0x80, 0x17, 0x10, 0x03, 0x6C, 0x01, 0x52, 0x80,
    0x1C, 0xA0, 0x7A, 0x26, 0xC0, 0x7F, 0xF7, 0x50, 0xFD, 0x7C, 0xCA, 0x0E, 0xD5, 0x2F, 0x06, 0x01,
    0xCF, 0x0E, 0x30, 0xAE, 0xEE, 0x01, 0x76, 0x00, 0xA5, 0x00, 0xA8, 0xEC, 0x65, 0x41, 0x0A, 0x38,
    0xA8, 0x01, 0x56, 0xC0, 0x0E, 0x92, 0xC2, 0x5F, 0xBA, 0xEF, 0xB9, 0xA8, 0x77, 0xD2, 0x59, 0x53,
    0x3C, 0xA0, 0xDF, 0x20, 0x85, 0xD1, 0x87, 0xEA, 0xD8, 0x89, 0xEE, 0xBE, 0x1A, 0x04, 0x42, 0xD5,
    0x0B, 0x90, 0xD5, 0xD8, 0x62, 0x77, 0x69, 0xA1, 0x51, 0x6E, 0xA1, 0xBA, 0x69, 0xA1, 0x4F, 0x6E,
    0x21, 0xAA, 0xB5, 0xD0, 0xDB, 0xFC, 0x1C, 0x9C, 0x16, 0x06, 0xB7, 0x32, 0xE3, 0x9F, 0x71, 0x77,
    0xFA, 0x6B, 0x0B, 0xB5, 0xB3, 0xDE, 0xC1, 0x7B, 0x37, 0xDA, 0xE3, 0x3B, 0xAB, 0x19, 0x8A, 0x04,
    0x10, 0xE8, 0x13, 0x00, 0x01, 0x78, 0x01, 0xFE, 0x1C, 0xA8, 0x67, 0x50, 0x6E, 0x7C, 0x04, 0x40,
    0x37, 0xD1, 0x2D, 0x40, 0x03, 0x02, 0x4D, 0x85, 0x4F, 0x03, 0xDB, 0x48, 0x53, 0x92, 0xBB, 0x87,
    0x94, 0xDA, 0x42, 0x85, 0x9B, 0x01, 0xD5, 0x32, 0xEF, 0x5B, 0x28, 0x70, 0x89, 0xA4, 0x3D, 0x82,
    0x3E, 0x17, 0xD9, 0x5B, 0xB8, 0x9E, 0x67, 0x82, 0xA4, 0xE9, 0x1F, 0xF7, 0xB1, 0x2F, 0x04, 0x0D,
    0x9B, 0x49, 0xD0, 0xCF, 0x06, 0x2C, 0xB3, 0xEA, 0xA3, 0x29, 0x19, 0xE4, 0xB7, 0x9F, 0x7A, 0xD9,
    0x18, 0xDB, 0xEA, 0x6F, 0x7C, 0x2A, 0xAF, 0x51, 0xED, 0xFC, 0x77, 0x89, 0x9A, 0x0F, 0x5B, 0xA0,
    0xE2, 0xC3, 0x1D, 0x11, 0x5E, 0xB6, 0x82, 0x7B, 0x1C, 0x10, 0xDF, 0xBF, 0xDA, 0xC1, 0x4A, 0x2B,
    0x68, 0x3B, 0xA8, 0x59, 0x8E, 0x3D, 0xFD, 0x52, 0x70, 0xCE, 0x5C, 0x77, 0xD3, 0x7B, 0x01, 0x94,
    0x82, 0x28, 0xE1, 0x26, 0x0D, 0xE1, 0x4A, 0xEC, 0x48, 0xDC, 0xC9, 0x13, 0xA5, 0x64, 0x89, 0x94,
    0x23, 0xB2, 0x6D, 0xC0, 0xF4, 0x79, 0x47, 0x50, 0xBF, 0xB7, 0x6B, 0x78, 0xBD, 0xDE, 0xAB, 0xF5,
    0x68, 0x9D, 0x5A, 0xFF, 0x95, 0x4D, 0x42, 0x15, 0x59, 0x6B, 0xD0, 0xEA, 0x6E, 0x78, 0xB7, 0x60,
    0x57, 0xC9, 0x4E, 0xF1, 0x11, 0xF6, 0x8C, 0x8F, 0xB1, 0x7B, 0x7C, 0x8E, 0x07, 0x4D, 0xAE, 0xE9,
    0xA5, 0x71, 0xF9, 0x20, 0x84, 0x26, 0x1D, 0x69, 0x27, 0x97, 0x8B, 0xB7, 0x13, 0xB7, 0xC0, 0x0A,
    0x3D, 0xA1, 0xA5, 0x56, 0x6D, 0x29, 0xF2, 0x2B, 0xAF, 0xE3, 0x1D, 0xBC, 0x97, 0xCD, 0x7D, 0x86,
    0xFA, 0x3E, 0xF1, 0x1C, 0xC3, 0xE7, 0xBA, 0x7B, 0xDC, 0x00, 0x9C, 0xA5, 0xDC, 0xE8, 0x2B, 0x76,
    0x1B, 0x7A, 0xB0, 0x57, 0xDA, 0xBC, 0x58, 0x48, 0xDB, 0x50, 0x0A, 0x94, 0x3B, 0x62, 0x4F, 0xF7,
    0x33, 0xE5, 0xEE, 0x37, 0x81, 0x72, 0xEF, 0xB4, 0x93, 0x1F, 0x19, 0x97, 0xD3, 0x5D, 0x01, 0x4A,
    0x01, 0xEF, 0x18, 0xA8, 0xAF, 0x30, 0x94, 0x6B, 0xF4, 0x2E, 0x8D, 0xE9, 0x69, 0x2A, 0xB3, 0x41,
    0x38, 0xC3, 0x0D, 0xAC, 0x57, 0x2C, 0x78, 0x35, 0xE4, 0x90, 0x37, 0x91, 0xAD, 0xA3, 0x33, 0x83,
    0xA2, 0xEC, 0x96, 0x05, 0x95, 0x12, 0x0D, 0xAD, 0xDB, 0xE4, 0xA6, 0x3B, 0x6A, 0x81, 0x7E, 0x07,
    0x92, 0x9C, 0xFC, 0x41, 0x2D, 0xAB, 0xAA, 0x04, 0x1C, 0x48, 0xA4, 0xC9, 0x1E, 0xAB, 0xFA, 0xC8,
    0x9B, 0x6C, 0xB4, 0x48, 0x81, 0x64, 0xC0, 0xCD, 0x81, 0x64, 0x9A, 0x6F, 0xDA, 0xF2, 0xF2, 0xAD,
    0xB2, 0xE5, 0x34, 0xC8, 0xDF, 0x06, 0xC5, 0x2A, 0xEE, 0x19, 0xB3, 0xAF, 0x26, 0xE0, 0x8D, 0xFA,
    0x99, 0xA4, 0xFE, 0xBD, 0x31, 0x83, 0xD2, 0x73, 0x3B, 0x6E, 0xB0, 0x31, 0x6D, 0x47, 0x5A, 0x86,
    0xB7, 0xD0, 0xCF, 0x09, 0x93, 0x3A, 0x52, 0x53, 0x23, 0x08, 0xEB, 0x7A, 0x8D, 0xEC, 0xB7, 0x70,
    0xA5, 0xDE, 0x67, 0xB5, 0x58, 0x9D, 0x9B, 0x95, 0x27, 0x4B, 0x37, 0x3F, 0xDD, 0xDA, 0x72, 0xEB,
    0x77, 0x50, 0x94, 0x51, 0x23, 0x2B, 0x5B, 0xB9, 0x0E, 0x50, 0xDE, 0xAB, 0x39, 0x5C, 0x05, 0x41,
    0xCC, 0x31, 0x0A, 0x35, 0xBF, 0xA5, 0x02, 0xF6, 0xCB, 0x71, 0xD5, 0xF3, 0xEA, 0x8A, 0x45, 0x16,
    0x94, 0xFD, 0x9F, 0xF0, 0xFB, 0xEC, 0xF7, 0x64, 0xF9, 0x79, 0x7D, 0xD3, 0x2A, 0xB3, 0xDF, 0x04,
    0x72, 0xB0, 0x0D, 0x84, 0x40, 0x46, 0xBF, 0x38, 0x18, 0x6B, 0x09, 0xFF, 0x85, 0x37, 0x0D, 0x7D,
    0xE0, 0x12, 0x8F, 0xE1, 0x6A, 0x8E, 0x5C, 0x84, 0xD8, 0x7D, 0xF6, 0x37, 0x05, 0x30, 0xE2, 0xEF,
    0x0B, 0x88, 0xAD, 0x94, 0x24, 0x92, 0x20, 0xA2, 0xEC, 0xDD, 0xE3, 0xA9, 0x59, 0x56, 0xEB, 0x59,
    0x80, 0x0D, 0x0F, 0x76, 0x94, 0xFB, 0x46, 0x6B, 0x55, 0xCE, 0x55, 0xA4, 0x97, 0xB8, 0xAF, 0x1C,
    0xAB, 0x76, 0xA9, 0xBB, 0x84, 0x95, 0xE9, 0xC9, 0x6F, 0x8C, 0x1B, 0x2E, 0x98, 0x53, 0x68, 0x52,
    0xD2, 0x11, 0xA4, 0x0C, 0x95, 0xCE, 0x46, 0xE8, 0x3D, 0xE1, 0x01, 0xBF, 0x42, 0x5C, 0x52, 0xD9,
    0xA7, 0xC7, 0x52, 0x9A, 0x61, 0xC2, 0x6F, 0xE0, 0x7C, 0xA1, 0x57, 0xCE, 0x77, 0xD5, 0x80, 0xBD,
    0xD2, 0x6E, 0x4E, 0xAC, 0x9B, 0x22, 0xF8, 0x2C, 0x13, 0x8D, 0x8A, 0xA0, 0xE2, 0xA7, 0xE0, 0x83,
    0x4B, 0x44, 0xAC, 0xD4, 0x59, 0xDA, 0x11, 0xE5, 0x47, 0xC8, 0xBE, 0xE4, 0x25, 0x76, 0xC3, 0x7C,
    0xFB, 0xB8, 0xAA, 0xFA, 0x06, 0x1B, 0x15, 0x1D, 0xA7, 0x83, 0x5E, 0xA5, 0x54, 0xB9, 0x0B, 0x0F,
    0xE7, 0x53, 0x8E, 0x76, 0x58, 0x7E, 0x5C, 0x89, 0x66, 0x65, 0xB8, 0xED, 0xA9, 0xB9, 0xA5, 0xA3,
    0x17, 0x36, 0xC6, 0x47, 0x9B, 0x64, 0x4C, 0x5F, 0x98, 0xBC, 0x85, 0x34, 0x59, 0xAA, 0x6D, 0x26,
    0x61, 0xA4, 0xC2, 0x1A, 0xF0, 0x3B, 0xFC, 0x2A, 0xA2, 0x15, 0xCC, 0xDE, 0xB8, 0x03, 0xF7, 0xB2,
    0x16, 0xBA, 0xBE, 0xBB, 0xD9, 0xF5, 0xBD, 0x82, 0xF8, 0x0B, 0x2D, 0xC9, 0x4E, 0x5D, 0x63, 0x20,
    0x81, 0xD1, 0x80, 0xC8, 0xDD, 0x55, 0xB8, 0xCD, 0x5D, 0x22, 0x64, 0x4E, 0xA6, 0x16, 0x6C, 0x26,
    0x90, 0x92, 0xB0, 0x4D, 0x81, 0x20, 0x61, 0xD3, 0x52, 0x21, 0xB4, 0xA3, 0xCB, 0x9D, 0xE2, 0xFA,
    0x04, 0xAB, 0xEB, 0x4B, 0x69, 0xD7, 0x97, 0xCB, 0xFD, 0xB0, 0xC1, 0xA0, 0xBE, 0xAD, 0xD5, 0x1F,
    0xDB, 0xF3, 0xC2, 0xF3, 0xE7, 0xF6, 0x44, 0x54, 0x69, 0x24, 0x78, 0x33, 0xD9, 0x88, 0x07, 0xB4,
    0x6B, 0xA0, 0x71, 0x06, 0x3E, 0x3F, 0x43, 0x86, 0x89, 0x24, 0x2C, 0x59, 0x00, 0xF8, 0xC8, 0x1F,
    0x78, 0x49, 0xEC, 0xC3, 0x6D, 0xA8, 0x4E, 0x1E, 0xD3, 0x25, 0xF0, 0x83, 0x4C, 0xE4, 0x87, 0x3A,
    0x81, 0xB9, 0x4C, 0x2E, 0x1E, 0x71, 0xDB, 0x40, 0x87, 0x01, 0x7A, 0xD3, 0xEF, 0xD5, 0x45, 0xFF,
    0x28, 0xA4, 0x6B, 0x3C, 0x89, 0xBF, 0xB9, 0x37, 0x29, 0xD2, 0xFD, 0x67, 0xF9, 0x4F, 0xB8, 0x72,
    0x88, 0xC1, 0xDF, 0xA7, 0x50, 0x2C, 0xDD, 0xC2, 0xEF, 0xAE, 0xFC, 0xDD, 0x57, 0x83, 0x22, 0xAF,
    0xFA, 0x3A, 0xF3, 0xEF, 0xDA, 0x1F, 0xC3, 0xF5, 0xAF, 0x91, 0x8F, 0x9A, 0xA7, 0x02, 0x53, 0x8F,
    0xF0, 0x99, 0x8A, 0x31, 0x17, 0xD0, 0x54, 0x45, 0x5E, 0x24, 0xC4, 0x1D, 0x9C, 0xB2, 0x00, 0x6B,
    0xD9, 0x00, 0x23, 0x3A, 0x91, 0xDC, 0x2D, 0x5C, 0x7C, 0xF4, 0xD6, 0xD0, 0xEB, 0x22, 0xDD, 0xCD,
    0x8E, 0xD1, 0x95, 0x9F, 0x8D, 0x98, 0x72, 0x5B, 0x3C, 0xE9, 0x90, 0x6F, 0x0F, 0xEA, 0xF2, 0x9E,
    0xB5, 0xEB, 0x88, 0xAB, 0xBB, 0xD7, 0x99, 0x5C, 0xE0, 0x68, 0x0F, 0xCA, 0xD1, 0xCA, 0xA0, 0xF5,
    0xCA, 0xB3, 0x9A, 0xBB, 0x5F, 0xBD, 0x02, 0x85, 0x8D, 0x5C, 0x44, 0x96, 0x21, 0x70, 0xB4, 0xEE,
    0x3C, 0x47, 0xCB, 0xC5, 0xCE, 0x88, 0x97, 0x6D, 0x20, 0x28, 0x75, 0xAE, 0x1C, 0x97, 0x54, 0x24,
    0xE0, 0x1B, 0x8E, 0x7E, 0xBC, 0x29, 0x88, 0x4F, 0x02, 0x12, 0x14, 0x51, 0xA9, 0xFA, 0xD8, 0xAB,
    0xC9, 0x92, 0xCF, 0xEF, 0xDE, 0xA9, 0xE7, 0x80, 0x9A, 0x5E, 0x08, 0x0A, 0x6D, 0xEE, 0x58, 0x67,
    0x32, 0xA2, 0x50, 0x4C, 0xC0, 0xE8, 0x9E, 0x97, 0xC2, 0xCE, 0xC0, 0xCF, 0xA6, 0x0E, 0x22, 0xF6,
    0x4D, 0xFF, 0xCB, 0xCB, 0x5C, 0xC8, 0x83, 0x48, 0x7D, 0xAD, 0xC8, 0x8C, 0x82, 0xF1, 0xD9, 0x5D,
    0x91, 0xD6, 0xEF, 0xFC, 0xDF, 0x5F, 0x9B, 0xAB, 0x12, 0x14, 0x18, 0x7F, 0xBD, 0x3C, 0x2A, 0xC2,
    0x2B, 0xBD, 0xD6, 0xFF, 0x31, 0xFE, 0x07, 0xCB, 0xD8, 0x4C, 0x4E, 0xA6, 0xBF, 0x90, 0xB6, 0xA9,
    0x54, 0xE3, 0xF2, 0x2E, 0x38, 0x46, 0x06, 0xDB, 0xCD, 0xD5, 0x42, 0x1B, 0x5F, 0x2C, 0x80, 0x4A,
    0x52, 0xBB, 0x4D, 0x72, 0x09, 0x03, 0x24, 0x0B, 0x7E, 0x2E, 0xD4, 0x2C, 0xE0, 0x7F, 0x2D, 0x80,
    0xC3, 0xD7, 0x8F, 0xD8, 0x6B, 0x6A, 0x2D, 0x44, 0x6A, 0xA8, 0x6E, 0x5A, 0x06, 0x81, 0x52, 0xBF,
    0xA8, 0xA1, 0x66, 0x42, 0xAF, 0x07, 0x2D, 0xC0, 0x72, 0xAC, 0x8F, 0xA8, 0x6A, 0x16, 0x6A, 0xF2,
    0x88, 0x07, 0x1D, 0x86, 0x57, 0xC3, 0x64, 0x42, 0x9E, 0x07, 0x2E, 0x25, 0xE0, 0xDD, 0xCC, 0xA5,
    0xF0, 0xBA, 0x4A, 0xF5, 0x31, 0xD0, 0x8F, 0x13, 0xA7, 0x57, 0x70, 0xC1, 0xDF, 0xC3, 0xF5, 0xE6,
    0xB5, 0x4B, 0x3D, 0xA3, 0xE2, 0x63, 0xFA, 0xA4, 0xE6, 0x84, 0xCB, 0x54, 0xEA, 0xAB, 0xA5, 0x4F,
    0x4A, 0x76, 0x19, 0xDF, 0x59, 0x5A, 0x40, 0x0A, 0x77, 0x9A, 0x4D, 0x7F, 0x65, 0xDA, 0xDF, 0x97,
    0xEE, 0x88, 0x61, 0xB0, 0x6D, 0xD8, 0xFF, 0x18, 0xF2, 0xC3, 0xB6, 0xC4, 0xC3, 0x57, 0xA2, 0x35,
    0x73, 0xDF, 0x74, 0x8F, 0xB0, 0x68, 0xCA, 0x14, 0x7E, 0x81, 0xBB, 0x82, 0x5E, 0x82, 0x7E, 0x16,
    0x4D, 0x67, 0x4F, 0xA5, 0x39, 0x9E, 0xE5, 0x41, 0x49, 0xD3, 0x6F, 0x46, 0x67, 0x73, 0x46, 0x39,
    0x74, 0xBD, 0x0A, 0x02, 0x2E, 0xAD, 0x07, 0x1A, 0xA8, 0xDE, 0x2E, 0x5C, 0x5C, 0xC5, 0x74, 0xFC,
    0x16, 0x7E, 0x56, 0xA6, 0x31, 0xD4, 0x6B, 0x99, 0xEC, 0x5E, 0x42, 0x5D, 0xBB, 0xD4, 0x9C, 0xF7,
    0x11, 0x52, 0xA9, 0x04, 0xD0, 0xF7, 0x0C, 0xB0, 0x16, 0xC6, 0xF5, 0x11, 0x78, 0x71, 0x2C, 0xB7,
    0xCD, 0xF4, 0x86, 0x51, 0xBD, 0x9D, 0xAA, 0x0E, 0x4E, 0xF7, 0x63, 0xD1, 0x27, 0x50, 0xAD, 0x0B,
    0x29, 0xFA, 0x35, 0xDC, 0xF1, 0xBD, 0xFF, 0x48, 0x86, 0x40, 0x1A, 0xE7, 0xB0, 0x14, 0x9F, 0xC8,
    0x1B, 0xBC, 0x08, 0x13, 0xE5, 0x2C, 0x6A, 0x54, 0xB5, 0x7F, 0x16, 0x5D, 0xB8, 0x8F, 0xA2, 0x17,
    0xAF, 0xA9, 0x15, 0x59, 0x48, 0xCF, 0xC0, 0x4B, 0xE0, 0x95, 0xDE, 0x68, 0x5C, 0x68, 0x03, 0xD3,
    0x54, 0xCD, 0xFB, 0xCE, 0x21, 0xBA, 0xF0, 0xCE, 0x57, 0xF2, 0x3E, 0xAB, 0x65, 0xA9, 0x53, 0x9F,
    0xF0, 0x77, 0xDC, 0x8B, 0xDC, 0xCD, 0xA0, 0x36, 0x7E, 0x0D, 0x2F, 0x32, 0x67, 0x2A, 0xFB, 0x54,
    0x73, 0x30, 0x65, 0x69, 0xBB, 0x22, 0x05, 0x28, 0x12, 0xC2, 0x13, 0xB5, 0x85, 0x7E, 0x63, 0x2E,
    0x8F, 0xBB, 0xE5, 0xAE, 0x31, 0x88, 0x62, 0x8C, 0xDA, 0x7C, 0xAA, 0xC4, 0x42, 0x23, 0x6A, 0x68,
    0xE7, 0x80, 0xB1, 0x7B, 0xCF, 0x8D, 0x83, 0xEE, 0x45, 0xCD, 0x68, 0xEE, 0x97, 0xDE, 0x3C, 0x30,
    0x83, 0xFB, 0xF2, 0xDE, 0xFC, 0x18, 0xCC, 0x5A, 0xDB, 0xEC, 0xCC, 0x7E, 0x4B, 0x1F, 0xEE, 0xB9,
    0xD0, 0xCF, 0x71, 0x20, 0x34, 0xD0, 0x5C, 0x57, 0x98, 0x2F, 0x3E, 0x53, 0x0F, 0x1F, 0x01, 0x63,
    0xEF, 0xFC, 0x50, 0x6D, 0x46, 0xBD, 0x6A, 0xD8, 0xD2, 0xD4, 0x3C, 0x38, 0x8E, 0xCE, 0xAF, 0x13,
    0x85, 0x17, 0x94, 0xAF, 0xF6, 0xEC, 0x54, 0x5D, 0x01, 0x0E, 0x0B, 0x02, 0x9D, 0x88, 0x1D, 0xBE,
    0xA5, 0xDD, 0x96, 0xBB, 0x00, 0x08, 0xBF, 0x10, 0xCA, 0x5C, 0xB6, 0x17, 0xC4, 0x50, 0x0C, 0xD0,
    0xAE, 0xB9, 0x77, 0xFE, 0xC2, 0x22, 0x5C, 0x34, 0x24, 0xE9, 0x2A, 0xB2, 0xDF, 0xC2, 0x95, 0x76,
    0x5F, 0xAE, 0xB5, 0x88, 0xC0, 0x81, 0x3A, 0xED, 0x09, 0xF6, 0x3C, 0xEE, 0x47, 0x6C, 0x4B, 0xFB,
    0xB2, 0x10, 0x37, 0x45, 0xD5, 0xB3, 0x97, 0x87, 0xB8, 0x6D, 0xD6, 0x21, 0x6E, 0xE3, 0x35, 0x21,
    0x6E, 0xCB, 0xDC, 0x3D, 0x0D, 0x71, 0xFB, 0x9B, 0x29, 0x81, 0xB6, 0xF0, 0xFB, 0x13, 0xCD, 0x1C,
    0xD1, 0x84, 0x10, 0x37, 0x41, 0xB0, 0x91, 0x8D, 0xD1, 0x84, 0x48, 0xB7, 0x21, 0x9A, 0x68, 0x29,
    0x8B, 0xF0, 0x62, 0xC5, 0x21, 0x9A, 0xE6, 0x90, 0x5B, 0x23, 0xFD, 0x11, 0xB7, 0x81, 0x0D, 0xF5,
    0x22, 0x4A, 0xE3, 0x13, 0xAA, 0xFF, 0xD2, 0xFF, 0x87, 0x76, 0x66, 0xBF, 0xF1, 0x2E, 0x6C, 0x27,
    0x45, 0x8B, 0xAD, 0xA5, 0xA2, 0x12, 0xC1, 0xAB, 0x0F, 0xC9, 0x1F, 0x7C, 0x67, 0x21, 0x20, 0x1B,
    0x0F, 0x7F, 0x3E, 0x91, 0xCE, 0xFE, 0x17, 0x24, 0xD1, 0xFC, 0x07, 0x93, 0xEC, 0x4F, 0xF9, 0x0F,
    0xBC, 0x6C, 0x82, 0xF9, 0xF7, 0x7D, 0x99, 0x77, 0x79, 0x2D, 0x62, 0xF2, 0x3E, 0xAF, 0xD5, 0x8D,
    0x83, 0x91, 0x26, 0xF4, 0x45, 0xF3, 0x65, 0x28, 0xD4, 0xC1, 0xD5, 0x61, 0x17, 0xE6, 0x7A, 0x6B,
    0x05, 0x98, 0x04, 0x69, 0x70, 0xC8, 0xB5, 0xB0, 0xF1, 0x99, 0x06, 0x9A, 0x6C, 0xE8, 0x22, 0x8A,
    0x09, 0x34, 0x5A, 0x21, 0x1D, 0x92, 0xC9, 0x0A, 0x1A, 0xD0, 0x40, 0xDF, 0x52, 0x16, 0x34, 0x1C,
    0x88, 0x85, 0x10, 0xAF, 0x40, 0x23, 0xBF, 0xB1, 0x6F, 0xFB, 0x59, 0xFB, 0x14, 0x0A, 0xC1, 0x5F,
    0x8F, 0x73, 0x54, 0x06, 0x0C, 0x42, 0x36, 0xA3, 0x37, 0x06, 0x06, 0xCF, 0xA5, 0xE3, 0x06, 0x82,
    0x3A, 0x66, 0xFF, 0x06, 0x0F, 0x63, 0x30, 0xC7, 0xC0, 0x48, 0x8B, 0xE2, 0xB0, 0x19, 0x38, 0xE9,
    0x85, 0xA4, 0x0E, 0x74, 0xC6, 0x68, 0xF6, 0x1B, 0x0C, 0xAE, 0xC5, 0xB7, 0xC3, 0xB8, 0xA0, 0x0C,
    0x69, 0xAA, 0x8C, 0x6D, 0x8A, 0x76, 0xB4, 0xB4, 0xF0, 0x61, 0xB2, 0x7F, 0x4E, 0x9A, 0x50, 0x7D,
    0x0C, 0x86, 0xC7, 0x35, 0x3F, 0x62, 0x5C, 0xBC, 0x7F, 0x4F, 0xF5, 0x64, 0x08, 0xDF, 0x6B, 0xE3,
    0x49, 0x55, 0x17, 0xFE, 0xCF, 0x55, 0x43, 0xF3, 0x8C, 0x0A, 0x0B, 0x55, 0xD5, 0x64, 0xBF, 0xF7,
    0x94, 0x46, 0x7E, 0x33, 0x42, 0x3F, 0x53, 0xEC, 0x87, 0x9C, 0xB6, 0xA8, 0x01, 0x0C, 0xA8, 0x17,
    0x24, 0x93, 0xDD, 0xD7, 0x43, 0x32, 0x0A, 0xBB, 0xE5, 0x86, 0xCD, 0xB4, 0xB5, 0x97, 0x8E, 0x83,
    0xFF, 0x68, 0x70, 0x47, 0x6C, 0xFC, 0x9C, 0xAC, 0x82, 0x7B, 0x2D, 0x35, 0x13, 0xEA, 0x50, 0xCB,
    0xDC, 0x11, 0x1B, 0x9D, 0x4A, 0xE6, 0x32, 0xC0, 0xE5, 0xAE, 0x4B, 0xA2, 0xF9, 0xB9, 0xF9, 0xD5,
    0x7E, 0xA1, 0x0A, 0x87, 0x4C, 0x99, 0x9D, 0xC7, 0x2B, 0xD7, 0x29, 0x79, 0xF9, 0xF0, 0x5C, 0xDD,
    0xFE, 0x06, 0x04, 0x2D, 0x42, 0xA2, 0xC3, 0xB4, 0xF7, 0x35, 0x6D, 0xB7, 0x6A, 0xCE, 0x33, 0xB6,
    0xFF, 0x95, 0xF1, 0x46, 0x47, 0x30, 0x44, 0xFA, 0x99, 0x63, 0x98, 0x09, 0x2B, 0x79, 0x17, 0x91,
    0x45, 0xE2, 0x1C, 0x91, 0xD7, 0xA3, 0xA6, 0x5C, 0x66, 0xD5, 0x91, 0xC7, 0x31, 0x17, 0x4B, 0x4E,
    0xB9, 0xC5, 0xE2, 0x04, 0x13, 0x6D, 0x72, 0xE6, 0x3F, 0x9C, 0x44, 0x3A, 0xCA, 0xFB, 0x64, 0x60,
    0x00, 0x18, 0xB4, 0x32, 0xF0, 0x3A, 0x19, 0x60, 0xE6, 0x6F, 0x2F, 0xA3, 0x6A, 0x6F, 0x6F, 0xBD,
    0x33, 0xDA, 0xE7, 0x49, 0x20, 0x37, 0x3E, 0x04, 0xEC, 0x47, 0x3E, 0x38, 0x45, 0x81, 0x2E, 0xA4,
    0x83, 0xAE, 0x10, 0xF2, 0x11, 0x5C, 0x3D, 0xF4, 0x52, 0x61, 0x40, 0x12, 0x13, 0x25, 0xA0, 0x04,
    0x63, 0x02, 0x67, 0xB7, 0x51, 0x98, 0x8A, 0x42, 0xC2, 0x7B, 0xA3, 0x31, 0x99, 0x24, 0x45, 0x6A,
    0x47, 0x9A, 0x93, 0xCF, 0xAC, 0x85, 0x99, 0xE3, 0x04, 0x05, 0xA1, 0xC4, 0x80, 0x10, 0xF4, 0x4D,
    0x83, 0x80, 0x22, 0xB0, 0x28, 0x2E, 0x03, 0x7F, 0x43, 0x8B, 0x2B, 0x39, 0x1D, 0x0E, 0x91, 0xCC,
    0xA5, 0x7D, 0xC4, 0xD2, 0xF6, 0xF5, 0x4A, 0xAD, 0xB3, 0xA6, 0xB4, 0xC1, 0xB5, 0x4B, 0x45, 0xA3,
    0x41, 0xD7, 0x08, 0xD7, 0x66, 0x6B, 0x3A, 0x2E, 0x2C, 0xA5, 0x89, 0x6F, 0xDF, 0x42, 0x1A, 0xD2,
    0xE5, 0xE4, 0xFC, 0x4F, 0xBD, 0xC9, 0xC6, 0x9F, 0x8C, 0x5A, 0x28, 0xBE, 0x1C, 0xC2, 0xFB, 0x4E,
    0xF5, 0x6A, 0x45, 0x5F, 0x7D, 0xED, 0x1A, 0x12, 0xC0, 0xBB, 0x3E, 0xA6, 0x80, 0x22, 0x8B, 0x96,
    0x1B, 0x45, 0x82, 0x02, 0x54, 0xF6, 0x69, 0xFF, 0xB2, 0x42, 0x3C, 0x42, 0x08, 0x6A, 0xFE, 0x1C,
    0x11, 0x9F, 0xCF, 0xE0, 0x4E, 0x86, 0xB5, 0xA4, 0xE2, 0xDB, 0xF7, 0xD6, 0x3C, 0x7E, 0x0A, 0x07,
    0xB5, 0x14, 0x2B, 0x8D, 0x4A, 0xE2, 0x34, 0x84, 0x27, 0x04, 0x6E, 0x3B, 0x56, 0xDF, 0xEA, 0x00,
    0xF8, 0x1D, 0xDD, 0xAB, 0x18, 0xF3, 0xA8, 0x53, 0xB8, 0x36, 0xEA, 0xA8, 0xCA, 0xD2, 0xC7, 0x16,
    0xDB, 0x18, 0x58, 0xF7, 0x63, 0x40, 0xC9, 0x3B, 0x11, 0x99, 0x50, 0xD6, 0x33, 0x5C, 0x23, 0x06,
    0x95, 0x20, 0x1B, 0x34, 0x43, 0x83, 0xFF, 0xEA, 0x00, 0xC8, 0x8F, 0x31, 0x87, 0x0F, 0xE3, 0x16,
    0xB6, 0xDC, 0xC4, 0xFE, 0x07, 0x15, 0x89, 0x1B, 0x11, 0x3C, 0xC6, 0x14, 0x82, 0x49, 0xDE, 0x1A,
    0xD5, 0x86, 0x3B, 0x94, 0x8B, 0x3F, 0x58, 0xBF, 0x5B, 0x86, 0xDD, 0x3B, 0x33, 0x07, 0x2B, 0xAC,
    0x0F, 0x73, 0x6B, 0x5B, 0xDE, 0x2D, 0x94, 0xC0, 0x28, 0xD8, 0x86, 0xC6, 0xF7, 0x40, 0xCD, 0x5E,
    0xAD, 0x4E, 0x4E, 0x15, 0x59, 0xDA, 0x26, 0xEC, 0x92, 0xC8, 0x3E, 0xB3, 0xC5, 0xAF, 0x19, 0x5D,
    0x98, 0x98, 0xC0, 0x62, 0x1F, 0x1C, 0xA2, 0x09, 0x6C, 0x62, 0x23, 0x84, 0x80, 0xBB, 0x2A, 0x6F,
    0x6F, 0x74, 0x67, 0x69, 0x76, 0x1A, 0x56, 0xFD, 0x4A, 0xB8, 0x38, 0x87, 0xD5, 0x49, 0x9F, 0x18,
    0xEE, 0x59, 0x74, 0xD2, 0x3F, 0xA8, 0x67, 0x42, 0x0A, 0x19, 0x54, 0x96, 0x62, 0x02, 0x0B, 0x1F,
    0x65, 0xB7, 0xA7, 0xCD, 0xAE, 0x39, 0xE8, 0x82, 0x0E, 0x74, 0x27, 0x24, 0x6C, 0x19, 0xCD, 0x39,
    0xFF, 0xE9, 0xDA, 0xBD, 0xFB, 0xB6, 0x58, 0xA3, 0x3B, 0xCF, 0xA1, 0x6A, 0x47, 0x0A, 0x7D, 0x47,
    0xA8, 0x5D, 0xA3, 0x62, 0x0F, 0xB4, 0x2F, 0x3A, 0xAC, 0xC0, 0x16, 0x31, 0x8C, 0x88, 0x49, 0xF0,
    0xDF, 0x11, 0x6E, 0xA4, 0x56, 0xBA, 0xAE, 0x6F, 0x3C, 0x84, 0x90, 0x72, 0x61, 0x9D, 0xD4, 0x2F,
    0xF3, 0x72, 0x73, 0xAF, 0x47, 0xB7, 0x8D, 0xEF, 0xD2, 0xC4, 0x4C, 0x9A, 0x52, 0xE9, 0x42, 0x7C,
    0x97, 0x52, 0xB8, 0xF3, 0xE8, 0xBA, 0xF8, 0xAE, 0xE1, 0xD5, 0xE2, 0xBB, 0x5E, 0xD1, 0xE7, 0xE2,
    0xD7, 0x87, 0xE0, 0x91, 0x6D, 0x50, 0xB6, 0x99, 0x2F, 0x6F, 0xEF, 0x73, 0x41, 0xF5, 0x70, 0x3C,
    0x30, 0x5E, 0x22, 0x1B, 0xC8, 0xAF, 0x57, 0x83, 0xA6, 0x41, 0x18, 0x2C, 0x29, 0xC2, 0x26, 0xBC,
    0x11, 0x13, 0x26, 0x80, 0x9E, 0x80, 0xEC, 0xE8, 0xFE, 0x03, 0x4A, 0x61, 0x1C, 0x16, 0xFA, 0x54,
    0x03, 0x9A, 0x03, 0x87, 0x9A, 0xF5, 0x61, 0x2F, 0x22, 0x13, 0xAB, 0xBC, 0x2C, 0x38, 0xDB, 0x72,
    0x66, 0x77, 0x63, 0xFF, 0x1D, 0x2A, 0x87, 0xFC, 0x0F, 0xC7, 0x15, 0x63, 0xDC, 0x3C, 0x3B, 0x13,
    0x39, 0x92, 0x2B, 0x43, 0x9D, 0x69, 0xFC, 0xB5, 0x71, 0xD9, 0x89, 0xE5, 0x1F, 0x73, 0xF4, 0x9B,
    0x14, 0xC6, 0x95, 0x46, 0x98, 0x8E, 0x51, 0x46, 0xB0, 0x88, 0xA0, 0x30, 0x5A, 0x26, 0x23, 0x86,
    0x82, 0x6A, 0xD4, 0x3C, 0x82, 0x6A, 0x1C, 0x39, 0x78, 0x59, 0x2E, 0x64, 0x5E, 0x5B, 0x56, 0xF4,
    0x4B, 0x32, 0xB5, 0xB4, 0x5D, 0x67, 0x64, 0x52, 0xD2, 0x2F, 0x87, 0xD9, 0xB2, 0xBD, 0x31, 0x86,
    0x58, 0x79, 0x9B, 0x6E, 0xD6, 0xB9, 0xAB, 0x66, 0xC5, 0xA5, 0x1D, 0x15, 0x5E, 0x49, 0x9F, 0xEF,
    0x69, 0x5D, 0xD1, 0xBC, 0x32, 0xD3, 0x56, 0x19, 0xFF, 0xEF, 0xF4, 0x27, 0x39, 0x4A, 0xBE, 0x06,
    0x3D, 0x9F, 0x1E, 0xF0, 0xB2, 0x5B, 0xBE, 0x6B, 0x3C, 0xD2, 0xAC, 0xE4, 0xA9, 0x57, 0xAB, 0xDE,
    0x1F, 0x98, 0x7C, 0x66, 0x3C, 0xD5, 0x63, 0x7D, 0x85, 0x23, 0x65, 0x0B, 0xCE, 0x99, 0x07, 0xB7,
    0x1F, 0x57, 0x1B, 0xD4, 0x1C, 0x69, 0x30, 0x2F, 0x56, 0x0B, 0x20, 0xD0, 0x05, 0xAC, 0x34, 0xC7,
    0x16, 0xB5, 0x3A, 0x4F, 0xF8, 0x10, 0x12, 0xAF, 0xD1, 0xFD, 0x34, 0x0A, 0x52, 0xE9, 0x66, 0x04,
    0x81, 0xF6, 0xC1, 0xDA, 0x88, 0x84, 0x1A, 0x15, 0x8D, 0x70, 0xA8, 0xF2, 0xCE, 0x88, 0x09, 0x5E,
    0x7C, 0x0A, 0x1F, 0xB0, 0x45, 0x0C, 0xE1, 0x83, 0x90, 0xB8, 0x74, 0xFE, 0x10, 0xB3, 0x5B, 0xEC,
    0x83, 0xEE, 0x30, 0xC1, 0xAE, 0xC5, 0xED, 0xC7, 0xAA, 0xD6, 0x30, 0x20, 0x7B, 0xA8, 0x74, 0x96,
    0x74, 0x99, 0x35, 0x47, 0xE6, 0x29, 0x0C, 0xD0, 0x1A, 0x85, 0xEA, 0x72, 0xC8, 0x6F, 0xE1, 0x15,
    0xD2, 0xDF, 0xFA, 0xE5, 0xE5, 0xD2, 0xDF, 0x8F, 0xCB, 0x6B, 0x6F, 0xD9, 0xAB, 0xD6, 0x21, 0x2A,
    0x0B, 0xCE, 0x34, 0xEC, 0xE0, 0x66, 0x4A, 0xA6, 0x6E, 0x20, 0xA1, 0x7B, 0xFD, 0x5A, 0x7B, 0xB9,
    0x74, 0xEB, 0x95, 0x0F, 0x91, 0x5F, 0x19, 0x41, 0xCC, 0xAB, 0xDE, 0xCA, 0x2B, 0x7B, 0xA4, 0x2A,
    0x26, 0xED, 0x2F, 0x59, 0x86, 0x05, 0xBE, 0xF3, 0x65, 0x30, 0x0E, 0x32, 0x6B, 0x06, 0x39, 0x00,
    0xF2, 0x0F, 0x85, 0xDA, 0x88, 0x36, 0x16, 0x88, 0x4E, 0x2D, 0x15, 0xA6, 0x0F, 0x29, 0xA1, 0xC6,
    0x71, 0x2B, 0x69, 0xF4, 0x35, 0x26, 0x18, 0x69, 0x65, 0x08, 0xBD, 0xA3, 0x60, 0xC1, 0x4D, 0x4C,
    0x69, 0xED, 0x76, 0x34, 0x97, 0xB6, 0x1C, 0x93, 0x54, 0x8B, 0xD9, 0x21, 0xED, 0xAD, 0x98, 0xF6,
    0x59, 0x67, 0xD7, 0x8A, 0x70, 0xDB, 0x59, 0x0D, 0x9B, 0xA1, 0x68, 0x8D, 0x06, 0x6F, 0xC6, 0x6A,
    0x67, 0x84, 0x38, 0x9E, 0x9A, 0xDA, 0xA8, 0xB1, 0xF3, 0x5C, 0xD2, 0xC6, 0xB5, 0x05, 0xBA, 0x0F,
    0x47, 0xF8, 0x40, 0x9C, 0x8B, 0x71, 0xDE, 0x19, 0xF2, 0xA5, 0x07, 0xF2, 0x85, 0x8A, 0xE4, 0xDD,
    0xD1, 0xAA, 0xB2, 0xBF, 0x66, 0xB6, 0xEA, 0x35, 0x4B, 0x5F, 0xFB, 0xA5, 0x73, 0x97, 0x29, 0x1F,
    0xD9, 0x28, 0x3D, 0x99, 0xE8, 0xF0, 0x8A, 0xA1, 0x55, 0xA7, 0x66, 0x4A, 0x7B, 0x32, 0xBA, 0xB4,
    0x15, 0x94, 0xF2, 0x74, 0x4E, 0x8A, 0x31, 0x63, 0x2A, 0x01, 0x4C, 0xAC, 0xF8, 0xAF, 0x6E, 0x1E,
    0x04, 0xAA, 0xD1, 0x95, 0xBC, 0xD7, 0xA7, 0x54, 0x5D, 0xB2, 0x4E, 0x21, 0x41, 0x87, 0x88, 0x9A,
    0x43, 0xEE, 0x5C, 0xDE, 0x7F, 0xC1, 0xBC, 0x11, 0x1F, 0x49, 0x43, 0x9F, 0xBC, 0x38, 0xCA, 0x51,
    0x11, 0x20, 0x55, 0x2C, 0x39, 0xBA, 0x26, 0x98, 0x13, 0xF7, 0x89, 0x99, 0x13, 0xE1, 0x5C, 0xAC,
    0x6A, 0xD4, 0x47, 0xFF, 0xBD, 0xB8, 0x94, 0x51, 0x64, 0xC9, 0xA3, 0xC7, 0x26, 0x65, 0x4A, 0x2C,
    0xCA, 0x90, 0xDB, 0x41, 0x85, 0xBE, 0x99, 0x2D, 0x5E, 0xB1, 0x90, 0xE7, 0x00, 0x3C, 0x70, 0x99,
    0x95, 0x8A, 0xF3, 0x10, 0x5C, 0x8C, 0x83, 0x22, 0x3F, 0x6D, 0x61, 0xD7, 0x4B, 0xC7, 0x8A, 0x0B,
    0x83, 0x3D, 0xAD, 0x63, 0xA7, 0x7C, 0xA7, 0xCE, 0xDE, 0xF4, 0x53, 0xF2, 0xEC, 0xB5, 0x77, 0xDF,
    0x70, 0x95, 0xFB, 0x13, 0x57, 0x94, 0x54, 0x9E, 0xFD, 0x52, 0x1B, 0x74, 0x58, 0x16, 0x53, 0x3E,
    0x2C, 0x11, 0xAC, 0x15, 0xC2, 0x1D, 0xDD, 0x08, 0xC6, 0x3B, 0x1A, 0xC0, 0x79, 0x6F, 0x0E, 0xE1,
    0xD1, 0x8E, 0x8F, 0x0E, 0x9F, 0x92, 0x3D, 0x02, 0x24, 0xF0, 0xEF, 0x27, 0xF2, 0x0D, 0xFE, 0xFD,
    0x9B, 0xC5, 0x8A, 0x5E, 0xBF, 0xD3, 0xF8, 0xAE, 0x99, 0xDE, 0xED, 0x9B, 0xA7, 0xAE, 0xAF, 0xCA,
    0xAA, 0x2C, 0xCA, 0xAC, 0x4E, 0x76, 0x31, 0xFC, 0xBB, 0x76, 0xF8, 0xAF, 0x70, 0xFF, 0xC9, 0xFD,
    0x8B, 0x79, 0xAD, 0x41, 0x28, 0x7A, 0xE1, 0xC6, 0xC8, 0x8F, 0xBD, 0x7B, 0xCC, 0xB7, 0xF9, 0xC9,
    0xB2, 0x2A, 0xC3, 0x3C, 0x4B, 0xDF, 0x0F, 0x8B, 0xFD, 0x1D, 0xF7, 0xAF, 0xAF, 0xEC, 0x70, 0xCC,
    0xF2, 0x19, 0xF7, 0x4A, 0x4D, 0x94, 0x05, 0x8F, 0xBA, 0xFF, 0x28, 0xA5, 0x6F, 0x27, 0x3B, 0x17,
    0x3D, 0xFD, 0x53, 0x29, 0xFD, 0x69, 0x5C, 0xBB, 0xDB, 0xFF, 0xE9, 0x7B, 0xBB, 0x47, 0xCF, 0xE1,
    0x82, 0xC3, 0x27, 0x4D, 0xEE, 0x7F, 0xFE, 0x73, 0x96, 0xBE, 0x95, 0xB9, 0x2E, 0x65, 0xE9, 0x3F,
    0x24, 0xA5, 0x7B, 0x9D, 0x3F, 0xB6, 0x9E, 0xA2, 0x0E, 0x47, 0x05, 0x82, 0x58, 0xBC, 0x47, 0xEB,
    0xBF, 0x95, 0xD4, 0x2E, 0xAA, 0xB5, 0xF5, 0x57, 0x1F, 0xF1, 0x13, 0xB7, 0xDA, 0x2A, 0xAC, 0xB1,
    0x3F, 0x0D, 0x3D, 0x94, 0x96, 0xF3, 0x42, 0xFD, 0x67, 0xA1, 0xF0, 0x2F, 0x4F, 0x0A, 0x9A, 0xB4,
    0xF6, 0x8F, 0x9C, 0xD3, 0xB5, 0xFE, 0x27, 0xCE, 0x59, 0xC8, 0xB8, 0x74, 0x9E, 0x73, 0xFF, 0x4E,
    0xAA, 0x41, 0x97, 0x6D, 0xB1, 0xA4, 0x76, 0xA6, 0x5F, 0xE6, 0x44, 0xE4, 0xA6, 0x8E, 0x47, 0x71,
    0x04, 0x5F, 0xDE, 0xAD, 0x73, 0xD3, 0x6D, 0x4F, 0x7C, 0xA1, 0x49, 0x60, 0xE4, 0xF3, 0xF3, 0x58,
    0x0B, 0x8F, 0x67, 0x6A, 0xF3, 0x47, 0x37, 0xEF, 0xB6, 0x7F, 0x14, 0x64, 0xC3, 0x6F, 0x59, 0x2B,
    0x5D, 0x81, 0xCE, 0xA4, 0xEF, 0x09, 0xE6, 0xB0, 0x93, 0x39, 0x26, 0x1D, 0x88, 0xC9, 0xF2, 0x63,
    0xB7, 0xD1, 0x4E, 0xEA, 0x5D, 0xA4, 0x85, 0x39, 0xB5, 0x4A, 0xE8, 0xA8, 0x28, 0xF4, 0x5D, 0xAC,
    0x13, 0x4E, 0x73, 0xB3, 0x58, 0x72, 0x16, 0xCB, 0xCE, 0x12, 0xD2, 0xB3, 0x04, 0x3A, 0x77, 0x35,
    0x41, 0xCB, 0x9C, 0xA3, 0x45, 0x75, 0x24, 0x8A, 0x2A, 0x45, 0x7E, 0x52, 0x42, 0x6E, 0xF1, 0x2E,
    0x9A, 0x01, 0x4B, 0x51, 0xF6, 0x25, 0x11, 0x94, 0x55, 0x9A, 0xAC, 0xC5, 0x69, 0xB6, 0x16, 0xA7,
    0xE9, 0x5A, 0x54, 0xE3, 0x37, 0xA9, 0xBE, 0x6F, 0x52, 0x25, 0xDF, 0xE4, 0x34, 0x65, 0x8B, 0xD3,
    0x9C, 0x2D, 0x4E, 0x93, 0xB6, 0x38, 0xCD, 0xDA, 0xE2, 0x34, 0x6D, 0x8B, 0xD3, 0xBC, 0x2D, 0x4E,
    0x13, 0xB7, 0x38, 0xCD, 0xDC, 0xE2, 0x34, 0x75, 0x8B, 0x63, 0xEE, 0x16, 0x4D, 0x63, 0x29, 0x5C,
    0x11, 0xB3, 0xB7, 0x78, 0x26, 0xF3, 0xDD, 0x1A, 0xB5, 0xB6, 0xD4, 0x4C, 0x26, 0xE3, 0x85, 0xF0,
    0xED, 0x72, 0xB1, 0x0B, 0xD3, 0xCF, 0x03, 0x41, 0x02, 0x16, 0x25, 0xA0, 0x61, 0x02, 0x1A, 0x27,
    0x60, 0x8C, 0xDC, 0x71, 0xA4, 0x40, 0x30, 0x7B, 0x9A, 0x35, 0x9B, 0x86, 0x4F, 0xEA, 0xC8, 0x0E,
    0xB4, 0xCE, 0x03, 0x6E, 0x09, 0x53, 0xC2, 0x9C, 0xB0, 0x7A, 0x46, 0xD3, 0xEC, 0x77, 0x05, 0xC2,
    0x00, 0xEA, 0x68, 0x01, 0x75, 0x34, 0x81, 0x3A, 0xDA, 0x40, 0x1D, 0x8D, 0xA0, 0x8E, 0x56, 0x50,
    0x47, 0x33, 0x28, 0x6C, 0x5B, 0x99, 0xDF, 0xC3, 0x10, 0xCA, 0xB8, 0xEC, 0x8C, 0x31, 0x3D, 0xD9,
    0xCA, 0xA6, 0xA8, 0xEF, 0x11, 0xAF, 0x72, 0x13, 0x69, 0x60, 0xCB, 0x76, 0xF8, 0x7A, 0xD8, 0x95,
    0xFE, 0xAC, 0x7E, 0x6B, 0x6D, 0x49, 0x05, 0xF7, 0xFF, 0x82, 0xCD, 0x65, 0x98, 0x99, 0xE5, 0x8A,
    0x96, 0xED, 0xF4, 0xC9, 0xA8, 0xF1, 0x6C, 0x33, 0x47, 0xE4, 0x34, 0x37, 0x41, 0x44, 0xAE, 0x93,
    0x30, 0x7A, 0x17, 0x30, 0xF9, 0x29, 0xBE, 0x4F, 0xBE, 0xF0, 0x8C, 0xAE, 0xA1, 0xE6, 0x0B, 0xE1,
    0x36, 0xDE, 0x34, 0x4B, 0x56, 0x27, 0x3C, 0x77, 0xFC, 0xE7, 0x4C, 0x23, 0xB3, 0xA1, 0xB6, 0x32,
    0x22, 0xFF, 0xE4, 0xCA, 0x1B, 0xC5, 0x8E, 0x57, 0xED, 0x93, 0xE7, 0x70, 0x07, 0x10, 0x26, 0xED,
    0xD3, 0xAB, 0x8E, 0xFB, 0xD9, 0xEC, 0xB8, 0xAF, 0x3E, 0xFB, 0x53, 0x70, 0xD7, 0x5F, 0x81, 0xA9,
    0xDA, 0xC7, 0x3F, 0x9C, 0xAA, 0x2E, 0x79, 0x36, 0x56, 0xBD, 0xB0, 0x96, 0x95, 0x88, 0x44, 0x8B,
    0xE3, 0x7E, 0x0B, 0xC7, 0xFD, 0xBD, 0xCC, 0xEE, 0x5F, 0xC1, 0x2B, 0xC1, 0xD1, 0x0F, 0xAA, 0x7C,
    0x89, 0xE3, 0xBE, 0x79, 0x14, 0x9C, 0x80, 0xB7, 0x2B, 0x8B, 0x35, 0x1A, 0x75, 0xFC, 0xEF, 0x4D,
    0xF8, 0x7C, 0x51, 0xB5, 0xD3, 0x9E, 0x83, 0xF5, 0x1C, 0x07, 0x7B, 0x13, 0x78, 0xBA, 0x16, 0x14,
    0xDE, 0xB6, 0x9E, 0xCB, 0xD0, 0xC3, 0xFD, 0xE5, 0x0A, 0x28, 0x4D, 0x24, 0x59, 0x40, 0xAC, 0x89,
    0x69, 0x11, 0x24, 0x39, 0x83, 0x73, 0xD7, 0x5D, 0x04, 0x4B, 0x72, 0xC6, 0x2B, 0xF0, 0x16, 0xC1,
    0xD1, 0x0D, 0x92, 0x39, 0xFE, 0xFA, 0x24, 0x99, 0xA3, 0x08, 0x80, 0x13, 0x48, 0xEA, 0x96, 0x61,
    0x97, 0x71, 0x10, 0x3D, 0x8F, 0xE0, 0xD5, 0x84, 0x8C, 0x35, 0x23, 0x6B, 0x4B, 0x1A, 0x58, 0xB1,
    0x53, 0x31, 0xD6, 0x56, 0x65, 0x7C, 0x4D, 0xD4, 0x5E, 0x3C, 0xB7, 0xF4, 0x5E, 0x57, 0xC1, 0xE5,
    0x35, 0xF0, 0x13, 0xA1, 0x23, 0xBF, 0xC0, 0x25, 0xCF, 0xCC, 0x31, 0xD8, 0x55, 0xA3, 0xB6, 0x06,
    0x06, 0x65, 0x57, 0xC0, 0xB2, 0x75, 0x0E, 0x90, 0xE8, 0x59, 0x16, 0x3E, 0x87, 0xE4, 0x53, 0x2A,
    0x5D, 0x22, 0x24, 0xD7, 0x6D, 0x5E, 0xA8, 0x12, 0xF9, 0xEF, 0x63, 0xB6, 0x3F, 0x3F, 0xCE, 0xD9,
    0xFE, 0xC6, 0x39, 0xDB, 0xDF, 0x38, 0x67, 0xFB, 0x9B, 0xC5, 0xB7, 0xED, 0x2B, 0x94, 0xE6, 0xB0,
    0xC8, 0x10, 0xB7, 0xE9, 0x42, 0xE0, 0xA6, 0x9B, 0x23, 0x37, 0xE7, 0xD0, 0xCD, 0x39, 0x76, 0x73,
    0x0E, 0xDE, 0x9C, 0xA3, 0x37, 0xE7, 0xF0, 0xCD, 0x25, 0x7E, 0x73, 0x0E, 0xE0, 0x0C, 0x11, 0x9C,
    0x73, 0x08, 0xE7, 0x1C, 0xC3, 0x39, 0x07, 0x71, 0xCE, 0x51, 0x9C, 0x21, 0x8C, 0x33, 0xC4, 0x71,
    0xCE, 0x81, 0x9C, 0x4C, 0xE3, 0x82, 0x48, 0x4E, 0xA6, 0x30, 0xA4, 0x64, 0x5F, 0x5E, 0x51, 0x1A,
    0xDC, 0xB4, 0xF0, 0x40, 0x92, 0x23, 0x42, 0x38, 0x20, 0xDC, 0xAF, 0x52, 0x13, 0xA9, 0x27, 0x74,
    0xB1, 0x94, 0x8B, 0x71, 0x56, 0x1C, 0xDE, 0x57, 0x64, 0xAB, 0x8A, 0x14, 0x58, 0x91, 0xF6, 0x8A,
    0x94, 0x36, 0x13, 0x80, 0x6C, 0x67, 0x5A, 0x40, 0xB3, 0xAC, 0x5B, 0x82, 0x3F, 0xA7, 0x91, 0xFB,
    0x9A, 0x3C, 0xD0, 0x69, 0x1E, 0x40, 0x66, 0x60, 0xD2, 0x14, 0x83, 0x96, 0x63, 0xD0, 0x3C, 0x52,
    0x2C, 0xCB, 0xA0, 0xA5, 0x19, 0xB4, 0xEC, 0x81, 0x96, 0x4A, 0xD0, 0x32, 0x0D, 0x5A, 0xAA, 0x41,
    0xCB, 0x35, 0x68, 0xC9, 0x06, 0xE7, 0x4B, 0xC2, 0x0D, 0x1B, 0xF5, 0x17, 0x88, 0xCC, 0x49, 0xA0,
    0x51, 0x87, 0x00, 0xD8, 0xAC, 0x34, 0xE7, 0xA0, 0x25, 0x20, 0xD3, 0x26, 0x19, 0x55, 0x54, 0x54,
    0x29, 0xB2, 0xD4, 0x4F, 0xEE, 0x46, 0x48, 0xBD, 0x0A, 0xE9, 0x60, 0x48, 0xB6, 0x6B, 0x47, 0xB7,
    0xC3, 0x52, 0x3D, 0x10, 0xD5, 0x19, 0x51, 0xFD, 0x17, 0xD5, 0x45, 0x51, 0x3D, 0x18, 0xD5, 0x71,
    0x51, 0x7D, 0x18, 0xE7, 0xB2, 0xDF, 0xCD, 0xD7, 0xB4, 0xEC, 0x16, 0xBB, 0x57, 0xEB, 0xD9, 0xD0,
    0xFB, 0x33, 0x52, 0x1F, 0xD0, 0x86, 0xB0, 0xB0, 0x89, 0xF6, 0x12, 0xB8, 0x64, 0x54, 0x6C, 0x98,
    0xAD, 0x8F, 0x7E, 0x19, 0xEB, 0x9C, 0x8F, 0xEA, 0x72, 0x03, 0x87, 0x85, 0xCF, 0x7A, 0xF8, 0x4E,
    0x7E, 0x46, 0xFF, 0xB3, 0xCF, 0x7A, 0x59, 0xA1, 0x02, 0xE1, 0x76, 0xF0, 0xD9, 0x0B, 0xDB, 0x74,
    0xDC, 0x2A, 0x63, 0xEF, 0x3A, 0xC3, 0xDB, 0x8E, 0x57, 0xEE, 0x97, 0xBB, 0xD0, 0x27, 0x9F, 0xF5,
    0x9A, 0xE1, 0x51, 0xB3, 0xB7, 0x6D, 0x2D, 0x9F, 0xDB, 0x8E, 0xC6, 0xEB, 0x76, 0x69, 0x8F, 0x66,
    0xA2, 0xCC, 0x07, 0xB2, 0x66, 0x35, 0xFD, 0x1E, 0x28, 0x87, 0xA8, 0x69, 0x77, 0x08, 0x4C, 0xEB,
    0x27, 0x9D, 0x50, 0x29, 0x81, 0x78, 0xD6, 0x27, 0xBF, 0xC5, 0x73, 0x3F, 0xF9, 0xC2, 0xAF, 0x98,
    0xDF, 0x61, 0xCD, 0x08, 0xBB, 0xF9, 0x1A, 0xBD, 0x9E, 0xF7, 0x52, 0x11, 0x37, 0xD7, 0xA9, 0xF5,
    0x6F, 0x2D, 0xB1, 0x41, 0xAD, 0xFD, 0x4F, 0x0E, 0x68, 0xC7, 0xDE, 0xD1, 0x44, 0x20, 0x25, 0x31,
    0x67, 0x16, 0x54, 0xA5, 0xA6, 0x3F, 0xA5, 0x0E, 0x46, 0xB0, 0x12, 0x82, 0x5D, 0x6C, 0x96, 0x54,
    0x33, 0x4C, 0x6A, 0xEE, 0x68, 0x67, 0xA9, 0xA7, 0x6C, 0x13, 0x26, 0xCD, 0x69, 0x0D, 0xD7, 0x86,
    0x4D, 0x56, 0xD5, 0x3D, 0x46, 0xAE, 0x3B, 0x1C, 0xDF, 0xA7, 0x0A, 0x66, 0xE8, 0xB8, 0x68, 0xEB,
    0xDC, 0x45, 0xC1, 0x62, 0xDB, 0x74, 0xA6, 0xC7, 0xB5, 0xBC, 0x35, 0xD9, 0x49, 0xDE, 0x9A, 0x9D,
    0x4E, 0x51, 0xAF, 0xEE, 0x01, 0xD2, 0xE0, 0x86, 0x86, 0x64, 0x06, 0x37, 0x65, 0x03, 0x91, 0x74,
    0x06, 0x90, 0x67, 0x8E, 0x61, 0xBE, 0x42, 0xDA, 0x6F, 0xD5, 0xD5, 0x81, 0x0F, 0x4E, 0xFB, 0xDC,
    0xB2, 0x79, 0x74, 0xCE, 0xCC, 0xD1, 0x44, 0xBB, 0xA3, 0x4F, 0xDD, 0xFA, 0x4A, 0xBB, 0xCF, 0x6A,
    0xB1, 0x3A, 0xED, 0x09, 0x6C, 0xAC, 0x20, 0xB4, 0x15, 0x91, 0x51, 0x3E, 0x1C, 0x8B, 0x70, 0xB7,
    0xC8, 0xCF, 0xD9, 0xA5, 0x4F, 0xD1, 0xEB, 0x54, 0xED, 0xBB, 0xB3, 0xE8, 0xC6, 0xC9, 0xFE, 0x3A,
    0x8D, 0xAA, 0xBE, 0x05, 0xBC, 0xC4, 0x31, 0xBE, 0xF4, 0x5E, 0x12, 0xA5, 0x2B, 0x70, 0x51, 0x15,
    0x5C, 0x86, 0xE1, 0x18, 0x88, 0xEE, 0x65, 0x85, 0x61, 0x7D, 0xA6, 0xC5, 0x2B, 0x16, 0xCC, 0xF6,
    0x7B, 0x6D, 0xE1, 0xAE, 0x9E, 0x75, 0x93, 0x02, 0x7A, 0xC9, 0x9F, 0xC0, 0xE9, 0xEE, 0x47, 0xE7,
    0x52, 0x6D, 0x7E, 0x39, 0x20, 0xE4, 0x72, 0xE9, 0x0E, 0x8F, 0x23, 0xC9, 0xCC, 0x47, 0x22, 0x99,
    0x42, 0x82, 0x9D, 0x64, 0xF6, 0x28, 0xD2, 0x84, 0xBB, 0xE6, 0x63, 0xB9, 0x0D, 0x47, 0x85, 0x94,
    0x2E, 0x1C, 0x1F, 0x32, 0x1F, 0x29, 0x32, 0xBA, 0x39, 0x05, 0xEC, 0xFA, 0xC0, 0x91, 0x73, 0xA5,
    0xE5, 0xBA, 0xA5, 0x34, 0x1F, 0x6F, 0x12, 0x9E, 0x81, 0x88, 0x36, 0x7D, 0xEE, 0x90, 0xCE, 0x1C,
    0x6E, 0x3A, 0xDB, 0x7A, 0xD2, 0x69, 0x31, 0xC9, 0x5D, 0xC4, 0xAD, 0x1A, 0x44, 0x6E, 0x82, 0x43,
    0xC8, 0xC7, 0xCA, 0x8F, 0xA8, 0x36, 0xBC, 0xE7, 0x75, 0x11, 0xB3, 0x26, 0xE4, 0xE0, 0xCB, 0x15,
    0x27, 0x86, 0xE9, 0x89, 0x84, 0x63, 0x6C, 0xAE, 0xE0, 0xAD, 0xFD, 0x6E, 0x7C, 0x5B, 0x48, 0x1C,
    0x19, 0x9B, 0xD2, 0x2E, 0xE8, 0x82, 0xE3, 0xA0, 0x78, 0x7B, 0xBE, 0x52, 0xBE, 0x3D, 0x6E, 0x83,
    0x39, 0x32, 0xE8, 0x13, 0x42, 0x01, 0xC9, 0x26, 0x9E, 0xBC, 0x50, 0xED, 0xF9, 0x56, 0x33, 0x49,
    0x32, 0x76, 0xB0, 0xA7, 0xCC, 0xD4, 0x60, 0x4B, 0x96, 0x3D, 0x27, 0xA2, 0x21, 0x44, 0xF3, 0x69,
    0x46, 0x74, 0x69, 0x00, 0x03, 0x48, 0xDE, 0x33, 0xA1, 0xA7, 0x93, 0x06, 0xFF, 0x69, 0x6C, 0x72,
    0x7A, 0xB6, 0x40, 0xD7, 0x07, 0x5C, 0xDC, 0xB0, 0x00, 0x1B, 0x4B, 0x4B, 0x09, 0x44, 0x19, 0x73,
    0x15, 0xC2, 0x90, 0x13, 0x17, 0x09, 0x8C, 0x34, 0x1F, 0xAA, 0xEF, 0x9B, 0x91, 0xCD, 0xA8, 0x34,
    0x94, 0x93, 0xDD, 0xD7, 0xD1, 0xBE, 0x24, 0xDB, 0x43, 0xFD, 0x0D, 0x95, 0x98, 0x34, 0x1A, 0xDE,
    0xAB, 0xD3, 0x5A, 0x14, 0x1C, 0xAB, 0x84, 0xE3, 0xFD, 0x43, 0xF9, 0xD8, 0x3F, 0x77, 0xA6, 0x66,
    0x9E, 0xAD, 0x5A, 0xBE, 0x47, 0xD4, 0x0A, 0x04, 0x41, 0x4E, 0x83, 0x94, 0x1C, 0x69, 0x89, 0x9D,
    0x8B, 0xBB, 0x26, 0x24, 0x95, 0xB6, 0xD9, 0xAB, 0x88, 0xC5, 0x40, 0x6B, 0x35, 0x15, 0x23, 0x89,
    0xF1, 0x15, 0xEC, 0xD5, 0x15, 0xCE, 0xAE, 0x83, 0x00, 0xD8, 0xC0, 0xE1, 0xD3, 0xF9, 0xCF, 0x74,
    0xDF, 0x6C, 0x30, 0x07, 0x12, 0x79, 0x4B, 0x3F, 0xBD, 0x63, 0xEE, 0x75, 0xDE, 0x1C, 0x10, 0x99,
    0xF6, 0x43, 0x3D, 0x1D, 0xA3, 0x66, 0x7A, 0x97, 0x67, 0x67, 0x3D, 0xFC, 0x84, 0xB1, 0x8B, 0x6E,
    0x7D, 0x3A, 0xB2, 0xC4, 0x6E, 0x6D, 0x86, 0x76, 0xAB, 0x4F, 0x1B, 0x9D, 0x80, 0xCA, 0x7F, 0xDC,
    0x57, 0x62, 0x0A, 0xB5, 0x17, 0xE8, 0x01, 0x3C, 0xBA, 0x7C, 0x38, 0x29, 0xE6, 0x63, 0x07, 0xC9,
    0xF4, 0x07, 0xA7, 0xDC, 0xB7, 0x2B, 0xF3, 0xAD, 0xAA, 0x4E, 0x4E, 0xA0, 0x7B, 0x29, 0x7C, 0x43,
    0xC9, 0x38, 0xFC, 0xE1, 0x04, 0xF0, 0x1C, 0x89, 0x4B, 0x40, 0x45, 0xF1, 0xBD, 0x4E, 0xAD, 0x5D,
    0x12, 0x7C, 0x4E, 0xB0, 0x40, 0xA8, 0xA0, 0xE0, 0x7A, 0x37, 0x59, 0x4A, 0xF5, 0x17, 0x58, 0x49,
    0x74, 0x2F, 0x89, 0xD4, 0x87, 0x70, 0xA3, 0x86, 0xD4, 0xF7, 0xD4, 0xA1, 0xE4, 0xBF, 0x28, 0x23,
    0xAB, 0xAE, 0xEE, 0xB3, 0x0B, 0x49, 0x7B, 0x94, 0xFD, 0xB5, 0x5C, 0x19, 0xFD, 0xEF, 0x02, 0xBD,
    0x42, 0x80, 0x54, 0x36, 0x07, 0x48, 0x35, 0xBB, 0x82, 0x6E, 0xB4, 0x15, 0x13, 0x0F, 0x83, 0x31,
    0x3A, 0x17, 0x20, 0x35, 0xAE, 0x02, 0xA4, 0xFA, 0xD9, 0x3F, 0xDE, 0xC2, 0xA4, 0x9A, 0xBD, 0xBB,
    0x4E, 0x63, 0x7F, 0x05, 0xBE, 0x1D, 0x3D, 0x6E, 0x74, 0xE2, 0x2C, 0x7A, 0xEB, 0x7B, 0x7C, 0x3E,
    0x7F, 0xA0, 0x5D, 0x14, 0x04, 0xD7, 0xF4, 0xF8, 0x83, 0x4A, 0x66, 0xEC, 0x47, 0x4D, 0x66, 0x3C,
    0x6A, 0xAB, 0x47, 0x15, 0x40, 0x6F, 0x91, 0xD5, 0xE5, 0xFE, 0x52, 0xBA, 0x78, 0x58, 0x3B, 0x33,
    0xBA, 0x71, 0x89, 0x5C, 0xC4, 0x94, 0x2E, 0xDD, 0xE2, 0x9D, 0x72, 0x19, 0x92, 0x68, 0x23, 0x60,
    0xE8, 0x9A, 0x82, 0xCE, 0xB1, 0x07, 0x57, 0x38, 0x4A, 0xB7, 0x7D, 0xBE, 0xE0, 0x8E, 0x4E, 0xD9,
    0xB9, 0x55, 0x41, 0x0F, 0xE0, 0xCC, 0x0E, 0xA7, 0xA8, 0x65, 0xEC, 0x0B, 0x25, 0x8B, 0x37, 0x83,
    0xFC, 0x6C, 0x3B, 0x3C, 0x41, 0x37, 0x4E, 0x51, 0xBD, 0x7A, 0x1D, 0x75, 0xD5, 0x7F, 0x2D, 0xA4,
    0xC1, 0x0F, 0x9A, 0xB4, 0xDA, 0x69, 0xD6, 0x6A, 0xA7, 0x69, 0xAB, 0x95, 0xED, 0xDC, 0x87, 0x03,
    0x27, 0x2D, 0x73, 0xF5, 0x92, 0xBA, 0xDA, 0xDD, 0x02, 0x29, 0xE9, 0xB4, 0x4D, 0x7D, 0xFE, 0x54,
    0xAE, 0x54, 0xCD, 0x2F, 0x41, 0xCC, 0x0C, 0xE4, 0x6E, 0x0B, 0xC9, 0xE1, 0xBA, 0x62, 0x0C, 0x89,
    0x51, 0x35, 0x22, 0x44, 0x63, 0x40, 0x90, 0xF6, 0x40, 0xF3, 0x09, 0x1D, 0x1B, 0x49, 0x2F, 0xB0,
    0x22, 0xD7, 0x6B, 0x0B, 0x1D, 0x5B, 0xF8, 0x1A, 0x99, 0xC3, 0xBF, 0x59, 0x42, 0x94, 0xC8, 0x6B,
    0x64, 0x3F, 0xCD, 0x6B, 0x64, 0x0E, 0x7F, 0xF2, 0xE9, 0x85, 0xCC, 0xE1, 0x08, 0xAE, 0x73, 0xB8,
    0xF2, 0x32, 0xBC, 0x36, 0x73, 0xF8, 0x4D, 0xD2, 0x30, 0x7D, 0x20, 0xE0, 0x6F, 0x07, 0x69, 0xCC,
    0x6F, 0x00, 0x70, 0x50, 0xC6, 0xD9, 0x5C, 0x4C, 0x11, 0x02, 0x70, 0xCF, 0x81, 0x90, 0x0E, 0xFD,
    0xD5, 0x13, 0x1A, 0x3F, 0xF9, 0x43, 0x49, 0x9B, 0xDD, 0x61, 0x95, 0x88, 0x98, 0x87, 0xC2, 0x3C,
    0xA6, 0x5A, 0x30, 0x28, 0x42, 0x35, 0xE9, 0x7A, 0xF7, 0x5A, 0x70, 0x17, 0x1C, 0x08, 0xAE, 0x01,
    0x4F, 0x42, 0xB2, 0xBB, 0x67, 0x66, 0x33, 0x6F, 0x2B, 0xD9, 0xE3, 0xBA, 0xCA, 0x4E, 0x76, 0xC9,
    0x6F, 0x97, 0x23, 0xF0, 0x72, 0xF2, 0x40, 0xD9, 0xAC, 0x9A, 0xDE, 0xD6, 0x0C, 0x89, 0x82, 0xD9,
    0x39, 0x38, 0x71, 0xE9, 0xF5, 0x86, 0x1E, 0x28, 0x69, 0x50, 0x89, 0x83, 0xA2, 0xB2, 0xD9, 0x87,
    0xC3, 0xA4, 0x9B, 0xF7, 0xF1, 0x5B, 0xDE, 0x35, 0x3F, 0xA0, 0x57, 0xEF, 0x41, 0x71, 0xDA, 0x57,
    0x3F, 0x53, 0x05, 0x63, 0x10, 0x29, 0x73, 0xC3, 0x89, 0xE1, 0xA8, 0xB1, 0xD0, 0x9D, 0xED, 0x74,
    0xEC, 0x4C, 0x1A, 0x30, 0xED, 0x7F, 0xCA, 0xA9, 0x18, 0xDF, 0x42, 0x35, 0x34, 0x0D, 0x16, 0xB1,
    0xFA, 0x15, 0x96, 0x59, 0x08, 0xBE, 0x98, 0xAC, 0xDD, 0xC6, 0x4B, 0x29, 0xB9, 0x8E, 0x1B, 0x3D,
    0x63, 0xF2, 0xF1, 0xA4, 0x2E, 0x2A, 0x7C, 0xAB, 0x74, 0x39, 0xC1, 0xB4, 0xFC, 0x63, 0x87, 0x14,
    0xBD, 0xBB, 0x86, 0x7A, 0xE2, 0x7D, 0xF5, 0x2E, 0x6D, 0x96, 0xC5, 0xCF, 0x79, 0x1A, 0x9C, 0xB6,
    0xB7, 0x4B, 0x2C, 0xAE, 0xAD, 0x09, 0x61, 0x75, 0xD6, 0xB6, 0x23, 0x9B, 0x95, 0xDC, 0xFE, 0x4F,
    0xD4, 0x51, 0x85, 0x0C, 0x52, 0x1F, 0x31, 0xEE, 0x53, 0x69, 0x6C, 0xA2, 0x96, 0xB5, 0xC8, 0xDA,
    0xF6, 0xD8, 0xF2, 0x4A, 0x7F, 0x5D, 0xBB, 0xDC, 0xBF, 0x38, 0xDE, 0xFA, 0x6E, 0x88, 0xDF, 0xC2,
    0x21, 0x8A, 0x54, 0xBA, 0x8E, 0x5F, 0x2C, 0x5D, 0x13, 0x6C, 0x68, 0x82, 0xB4, 0xD9, 0xA9, 0x71,
    0x92, 0x8A, 0xA6, 0x57, 0x3F, 0x0E, 0x5B, 0x6E, 0xFF, 0xA6, 0x7B, 0x64, 0xEE, 0x7F, 0x79, 0x1D,
    0x9C, 0x43, 0xD3, 0x36, 0x0F, 0x6E, 0xA2, 0x3E, 0xD8, 0x47, 0xE3, 0xC5, 0x9C, 0xFC, 0x64, 0x7F,
    0xC9, 0x9F, 0xEF, 0x1F, 0x8E, 0xDD, 0xBB, 0x70, 0xEC, 0x9E, 0xFB, 0xC7, 0xEA, 0x8B, 0x08, 0x67,
    0x44, 0xB6, 0xD2, 0xBC, 0x11, 0x67, 0x77, 0xC4, 0x28, 0xF8, 0x5D, 0x9F, 0x71, 0x48, 0x74, 0x0F,
    0x26, 0x87, 0xF2, 0x7C, 0x40, 0xDB, 0xC6, 0xA2, 0x52, 0x19, 0xA5, 0xAA, 0xAE, 0x91, 0xC3, 0x7C,
    0xB8, 0x5B, 0xC4, 0x30, 0xFD, 0x0D, 0x23, 0x4D, 0xD5, 0xCC, 0x9A, 0xA9, 0x62, 0x91, 0x96, 0xDE,
    0x66, 0x3F, 0x9B, 0x3A, 0x67, 0x63, 0xDD, 0xEA, 0x38, 0xD1, 0xFC, 0x34, 0xC1, 0xBF, 0x1E, 0x29,
    0x50, 0xDC, 0x60, 0x87, 0xD4, 0x39, 0x4F, 0xB7, 0x04, 0xB5, 0x94, 0x25, 0x1A, 0xB7, 0xA8, 0x56,
    0xB9, 0x61, 0x89, 0x47, 0x18, 0x97, 0x84, 0x33, 0x7E, 0x49, 0x38, 0x53, 0xAF, 0x13, 0xCE, 0x54,
    0x57, 0x12, 0xCE, 0x94, 0x6A, 0x6D, 0x9E, 0x53, 0x96, 0x33, 0xDF, 0x1D, 0x53, 0xCA, 0x60, 0xC7,
    0x43, 0xC0, 0xB4, 0xAA, 0x86, 0xB7, 0x33, 0xE0, 0x47, 0x4E, 0xC6, 0xE2, 0x60, 0xB1, 0x27, 0x5C,
    0xD3, 0x4A, 0x17, 0x0F, 0xB3, 0x6F, 0xF5, 0x03, 0x3A, 0xE1, 0x6E, 0xD2, 0x13, 0xEE, 0x46, 0x3D,
    0xE1, 0x6E, 0xD0, 0x13, 0xEE, 0x86, 0xF5, 0x09, 0x1E, 0x59, 0xB7, 0x8E, 0x48, 0x08, 0x6C, 0xF3,
    0xEC, 0xA9, 0x7A, 0xC9, 0x9D, 0x8B, 0x81, 0x91, 0x47, 0xD0, 0x5F, 0x82, 0xF5, 0x0A, 0x96, 0x3C,
    0xEA, 0xBD, 0x64, 0x40, 0x14, 0xFA, 0x95, 0x19, 0x0E, 0x1C, 0x33, 0x39, 0x0F, 0x54, 0xC5, 0x0E,
    0xCC, 0xE5, 0xDC, 0x33, 0x99, 0xF3, 0x4A, 0xE8, 0x34, 0x1E, 0xB2, 0x5D, 0x1C, 0x2F, 0x83, 0xD7,
    0xE9, 0xC3, 0x39, 0xCD, 0xEE, 0x1C, 0x4C, 0x07, 0xB7, 0xF8, 0x75, 0xF4, 0xCE, 0x32, 0x64, 0xC8,
    0x1E, 0x52, 0xDE, 0x5F, 0xDA, 0xE8, 0x13, 0xB5, 0x62, 0xC1, 0x83, 0x08, 0x3A, 0xD3, 0x86, 0xD0,
    0x14, 0x99, 0xBD, 0x78, 0x60, 0xB6, 0xDF, 0x5E, 0xD1, 0xE1, 0xC8, 0xF6, 0x7B, 0x34, 0xB9, 0xAB,
    0x23, 0xB1, 0xF6, 0xD8, 0x0D, 0xDB, 0xBB, 0x7B, 0xB4, 0xFD, 0xEE, 0x09, 0xDB, 0xAB, 0xB6, 0x5F,
    0x13, 0xFE, 0xDC, 0x59, 0xB7, 0x6A, 0xA6, 0x57, 0x7D, 0x4B, 0x0F, 0x8C, 0x2A, 0xFC, 0x09, 0x7C,
    0xD9, 0x4D, 0x6F, 0x32, 0x4D, 0x6F, 0xE1, 0x8F, 0xC1, 0x35, 0x89, 0x7C, 0xC3, 0xC9, 0x9F, 0x2E,
    0x1C, 0xFD, 0xE9, 0xC2, 0xD9, 0x9F, 0x2E, 0x1C, 0xFE, 0xE9, 0xC2, 0xE9, 0x9F, 0x2E, 0x1C, 0xFF,
    0xE9, 0xC2, 0xF9, 0x9F, 0x2E, 0x1C, 0x00, 0xEA, 0xC2, 0x09, 0xA0, 0x2E, 0x1C, 0x01, 0xEA, 0xC2,
    0x19, 0xA0, 0x2E, 0x1C, 0x02, 0xEA, 0xC2, 0x29, 0xA0, 0x2E, 0x1C, 0x03, 0xEA, 0xC2, 0x39, 0xA0,
    0x2E, 0x1C, 0x04, 0xEA, 0xC2, 0x49, 0xA0, 0x2E, 0x1C, 0x05, 0xEA, 0xC2, 0x59, 0xA0, 0x2E, 0x1C,
    0x06, 0xEA, 0xC2, 0x69, 0xA0, 0x2E, 0x1C, 0x07, 0xEA, 0xC2, 0x79, 0xA0, 0x2E, 0x1C, 0x08, 0xEA,
    0xEC, 0x44, 0x50, 0xEE, 0xCE, 0x38, 0x12, 0x94, 0x05, 0x9C, 0x09, 0xCA, 0x5D, 0x1B, 0x8A, 0x8A,
    0x85, 0xAB, 0x0C, 0x21, 0x30, 0xC1, 0xDC, 0x39, 0x9F, 0x4F, 0xB1, 0x1D, 0x4E, 0x8E, 0x7E, 0x3A,
    0x38, 0xCB, 0xB7, 0xEF, 0x2C, 0xE1, 0xBE, 0xB3, 0x8C, 0xFB, 0xCE, 0x52, 0xEE, 0x3B, 0xCB, 0xB9,
    0xEF, 0x2C, 0xE9, 0xBE, 0xB3, 0xAC, 0xFB, 0xCE, 0xD2, 0xEE, 0x3B, 0xCB, 0xBB, 0xEF, 0x2C, 0xF1,
    0xBE, 0xB3, 0xCC, 0xFB, 0xCE, 0x52, 0xEF, 0x3B, 0xCB, 0xBD, 0xEF, 0x2C, 0xF9, 0xBE, 0xB3, 0xEC,
    0xFB, 0xCE, 0xD2, 0xEF, 0x3B, 0xCB, 0xBF, 0xEF, 0x34, 0x01, 0x3F, 0x12, 0xBB, 0x82, 0x21, 0x40,
    0x42, 0x57, 0x64, 0x71, 0x45, 0x42, 0x57, 0xE4, 0xE0, 0xF7, 0xC7, 0xEF, 0x14, 0x5E, 0xC9, 0xCE,
    0x12, 0x9C, 0x5F, 0x28, 0x3D, 0xCC, 0x4E, 0xE1, 0x37, 0xCF, 0x0F, 0x79, 0xFC, 0x9F, 0x73, 0x1F,
    0xB8, 0x7F, 0xAA, 0xB6, 0x2F, 0xE6, 0x6D, 0x9C, 0x22, 0xD3, 0x3C, 0xF7, 0x2B, 0xED, 0x72, 0x3C,
    0x9D, 0x09, 0x6E, 0xBA, 0x36, 0x01, 0xD1, 0xE7, 0x1A, 0x87, 0xFC, 0xF1, 0xCB, 0x13, 0x10, 0xC5,
    0xEB, 0x04, 0x44, 0xC3, 0x35, 0x09, 0x88, 0x94, 0xDB, 0x3F, 0x9F, 0x80, 0x88, 0x4C, 0xA8, 0x05,
    0x2E, 0x5B, 0x18, 0xB3, 0x05, 0x35, 0x6B, 0x88, 0x33, 0xC3, 0xE5, 0xC1, 0x66, 0x32, 0x5A, 0x58,
    0x39, 0x7E, 0xA9, 0x10, 0xAF, 0x1E, 0xF1, 0xC5, 0xF9, 0xDA, 0x7C, 0x69, 0xBE, 0xC8, 0x95, 0x17,
    0xBE, 0xBF, 0xF3, 0x75, 0x7E, 0xCC, 0x80, 0xAC, 0xD8, 0xC7, 0xDE, 0xAD, 0x62, 0xA7, 0x75, 0x92,
    0xFF, 0xD8, 0x82, 0xB5, 0xCE, 0xC6, 0xA8, 0x3D, 0xFC, 0xC1, 0xC0, 0xEB, 0xC5, 0x7A, 0x5A, 0x06,
    0xB9, 0x2D, 0xBC, 0xF4, 0xB9, 0x57, 0xBE, 0xC7, 0xC3, 0x8E, 0x28, 0xFF, 0x4D, 0x41, 0xFC, 0x9B,
    0x42, 0xD6, 0x20, 0xBE, 0xCC, 0xBF, 0xD2, 0xC2, 0xC6, 0x9B, 0x1B, 0x86, 0x9D, 0x13, 0x4A, 0xB7,
    0x92, 0x70, 0xE4, 0xE7, 0x7C, 0xE8, 0xA7, 0x15, 0x4C, 0x72, 0x5C, 0xE5, 0x2A, 0xB3, 0xCE, 0x80,
    0x67, 0x6C, 0xEA, 0x35, 0xF3, 0x74, 0x19, 0x0A, 0x4E, 0x0B, 0x38, 0xCA, 0x54, 0x7D, 0x1B, 0x06,
    0x73, 0xF9, 0xC8, 0x82, 0xAF, 0x4E, 0xB1, 0x76, 0xDF, 0x19, 0x82, 0x34, 0x66, 0x9E, 0x7D, 0x7A,
    0x31, 0x84, 0x60, 0x13, 0x57, 0x8D, 0x79, 0x4B, 0xBC, 0x26, 0x18, 0x67, 0x84, 0x2C, 0x0B, 0x10,
    0x9E, 0x58, 0xA0, 0xFB, 0x1C, 0x87, 0xEF, 0x31, 0x92, 0x16, 0xD1, 0x6B, 0xB5, 0x47, 0x18, 0xAC,
    0x74, 0xE1, 0x84, 0x33, 0x9E, 0xCC, 0xBD, 0xA2, 0x43, 0x96, 0x24, 0x21, 0x57, 0xFD, 0x63, 0x8A,
    0xB3, 0x2A, 0x81, 0x74, 0x6A, 0x11, 0xD2, 0xB3, 0x9A, 0x1E, 0x6B, 0x47, 0xE9, 0x64, 0xF0, 0x93,
    0xDD, 0x37, 0xC9, 0x26, 0x58, 0x98, 0xC5, 0xBE, 0xB0, 0xDC, 0x29, 0x1C, 0x2E, 0xC5, 0xF1, 0x7F,
    0x45, 0x96, 0x55, 0x24, 0xEE, 0xAA, 0xE8, 0x9F, 0x5D, 0x0D, 0xA6, 0x11, 0xEA, 0x70, 0xCA, 0x14,
    0x84, 0xF2, 0x2D, 0x06, 0x1B, 0x72, 0x4B, 0xD3, 0x6B, 0xBE, 0x6D, 0x12, 0xAF, 0x01, 0x81, 0x90,
    0xD7, 0xAE, 0xE0, 0xD7, 0x8A, 0x8F, 0x09, 0xA7, 0x63, 0xEE, 0x57, 0xE0, 0x16, 0xF7, 0xF2, 0x69,
    0xFD, 0x02, 0xDC, 0xF7, 0xDC, 0x37, 0x91, 0x30, 0xB7, 0x90, 0x9F, 0x4B, 0x48, 0xDC, 0x9E, 0xDD,
    0x7F, 0x98, 0xFD, 0xB9, 0xEF, 0x3D, 0x33, 0x76, 0xA4, 0xFA, 0xC6, 0x6C, 0x3E, 0xAB, 0x70, 0x34,
    0x79, 0x1E, 0x62, 0x62, 0x0D, 0xD2, 0x92, 0x8F, 0xAA, 0x71, 0x51, 0x75, 0x0B, 0x74, 0x2D, 0x70,
    0xF0, 0x54, 0x45, 0x4B, 0x50, 0x21, 0x1D, 0x59, 0x6C, 0xCD, 0xC9, 0xE5, 0x3C, 0xAA, 0xF5, 0x12,
    0x15, 0x54, 0x1B, 0xE6, 0x8A, 0x50, 0xB3, 0x29, 0x83, 0xBF, 0xC2, 0x41, 0x78, 0x85, 0xFA, 0x71,
    0xEA, 0x59, 0xB6, 0x09, 0x1D, 0x92, 0xF4, 0x94, 0xC3, 0x66, 0xF6, 0x8C, 0xD9, 0xBB, 0xB9, 0xF1,
    0xF4, 0x3B, 0xC1, 0x0F, 0x78, 0x43, 0xAE, 0xA5, 0x56, 0x1A, 0xDD, 0x74, 0xF0, 0xAB, 0xEA, 0x67,
    0xB9, 0x85, 0x0B, 0x81, 0x27, 0x5D, 0x8D, 0x73, 0x8F, 0xE9, 0xC7, 0x02, 0x22, 0x35, 0x42, 0xCF,
    0x06, 0x26, 0xCD, 0x4D, 0x71, 0xEF, 0x56, 0x63, 0xD3, 0x55, 0x32, 0x1F, 0x69, 0xCF, 0x81, 0x22,
    0x8D, 0xAA, 0xB4, 0xBC, 0xCB, 0x57, 0xD9, 0x59, 0xEC, 0x93, 0xFD, 0x76, 0xF6, 0xEF, 0xEB, 0xD0,
    0xC9, 0x37, 0x4D, 0xA1, 0x7E, 0x6F, 0x83, 0x81, 0xF0, 0xE4, 0xD4, 0x16, 0x8D, 0xF0, 0x9D, 0xFB,
    0x90, 0xA1, 0x20, 0xE4, 0x28, 0x58, 0xBE, 0x5B, 0xAE, 0xBB, 0xE6, 0xEF, 0x1F, 0xB4, 0x8F, 0x97,
    0xB4, 0x8F, 0x49, 0xAB, 0x9A, 0xE3, 0xAC, 0xCB, 0x2C, 0xD3, 0x82, 0xE5, 0x5A, 0xB0, 0xCF, 0xE1,
    0xF7, 0x0B, 0xC1, 0xED, 0x0F, 0xE6, 0x04, 0xB7, 0x32, 0x2B, 0x19, 0x1B, 0x81, 0xC4, 0x83, 0x2D,
    0xBD, 0x17, 0x58, 0xD6, 0xEF, 0xCF, 0x2D, 0xEA, 0x07, 0x11, 0xEF, 0x13, 0x77, 0x31, 0xDC, 0x32,
    0x99, 0xF7, 0x06, 0xAD, 0x42, 0x89, 0xDF, 0x5D, 0xFD, 0xBB, 0xAF, 0x38, 0x1F, 0xEA, 0x22, 0x4F,
    0xE0, 0xB4, 0x24, 0xA2, 0xA8, 0xBA, 0x59, 0xC3, 0xAA, 0x3D, 0x96, 0x2E, 0xC1, 0x48, 0x41, 0xFD,
    0x5A, 0xCF, 0x46, 0x85, 0xD8, 0x92, 0x91, 0x5B, 0x97, 0x4D, 0x8B, 0x0F, 0x52, 0x1C, 0xBA, 0xCC,
    0x3A, 0xEE, 0x2F, 0x57, 0x1D, 0x37, 0x2C, 0x1D, 0xB7, 0x3D, 0xED, 0x38, 0x3A, 0x01, 0x3D, 0x94,
    0x76, 0xE2, 0x87, 0xDD, 0x31, 0xBC, 0xF0, 0xA7, 0xB9, 0x09, 0x34, 0x35, 0x81, 0x66, 0x26, 0xD0,
    0xC4, 0x04, 0x9A, 0x97, 0x40, 0xD3, 0x12, 0x68, 0x56, 0x02, 0x4D, 0x4A, 0xA0, 0x39, 0x09, 0x34,
    0x25, 0x81, 0x66, 0x24, 0xD0, 0x84, 0x04, 0x9A, 0x8F, 0x40, 0xD3, 0x11, 0x68, 0x36, 0x02, 0x4D,
    0x46, 0xA0, 0xB9, 0x08, 0x34, 0x15, 0x81, 0x66, 0x22, 0xD0, 0x44, 0x04, 0x9A, 0x87, 0x40, 0xD3,
    0x10, 0x68, 0x16, 0x02, 0x4D, 0x42, 0xC0, 0x1C, 0x04, 0x13, 0x53, 0x10, 0x4C, 0xCC, 0x40, 0x30,
    0x31, 0x01, 0xC1, 0x14, 0xD2, 0xF2, 0x05, 0x70, 0xEE, 0x55, 0xEE, 0x2D, 0x7F, 0xBA, 0x52, 0x37,
    0xA5, 0x75, 0x4A, 0xF9, 0xB4, 0x7C, 0x81, 0xEA, 0x3D, 0x98, 0x3E, 0xEE, 0x1D, 0x88, 0xC7, 0x66,
    0x52, 0x91, 0x8B, 0x25, 0x7E, 0xF7, 0x95, 0x75, 0xB4, 0x3D, 0x7D, 0x33, 0x6D, 0xD6, 0x62, 0xA9,
    0x7E, 0x3A, 0xD7, 0xB2, 0x63, 0x8E, 0xE3, 0x16, 0x89, 0xF9, 0x34, 0x81, 0x96, 0xE5, 0xAA, 0x3A,
    0x9F, 0x98, 0xEF, 0x86, 0xE8, 0x24, 0x31, 0xDF, 0xF8, 0x8A, 0x89, 0xF9, 0xBE, 0x2D, 0xFF, 0x41,
    0x89, 0xCA, 0xB4, 0x9A, 0xCC, 0x61, 0xAB, 0x65, 0xFD, 0xFE, 0xF4, 0xEF, 0x2B, 0x3D, 0x3C, 0xF1,
    0xEF, 0x71, 0x2A, 0xC4, 0x55, 0x12, 0x44, 0x4B, 0x85, 0xF8, 0x8A, 0x3D, 0x78, 0x5F, 0x73, 0xFD,
    0x2D, 0xEC, 0xF9, 0xFB, 0x99, 0xEB, 0x77, 0x35, 0x52, 0xDB, 0x3D, 0x4D, 0xEE, 0x69, 0x9F, 0xF6,
    0x8B, 0x5A, 0xC7, 0x3E, 0xD9, 0x6F, 0xE7, 0xFF, 0x1E, 0xFE, 0xF1, 0xEF, 0xBA, 0x45, 0x4C, 0xF3,
    0x16, 0x31, 0x5D, 0xD8, 0x22, 0xEE, 0xED, 0xA0, 0x35, 0x4C, 0x24, 0x4D, 0xB4, 0xB8, 0x46, 0xD7,
    0xFC, 0x15, 0xCC, 0x67, 0xC4, 0x2E, 0x86, 0x26, 0x6D, 0xA2, 0xF4, 0x89, 0x19, 0xAB, 0x41, 0x4C,
    0xE8, 0x74, 0x06, 0x8F, 0x77, 0x0C, 0xF8, 0x68, 0xD4, 0x61, 0x49, 0xFD, 0x88, 0xB4, 0xBF, 0x7B,
    0x32, 0xDF, 0xD9, 0xA0, 0x22, 0x96, 0xE6, 0xE6, 0x36, 0x65, 0xDF, 0xC6, 0x1F, 0xA7, 0xE8, 0x7E,
    0xA2, 0xD2, 0x5A, 0x63, 0xE2, 0xDB, 0x6E, 0x49, 0xA9, 0xC6, 0x90, 0x74, 0xA7, 0xC1, 0xEB, 0x8B,
    0x22, 0x7F, 0xD6, 0x0F, 0xAE, 0xB5, 0xB5, 0xE1, 0x60, 0xA3, 0x75, 0x6C, 0x57, 0x4A, 0x09, 0x63,
    0x0D, 0x2F, 0xBD, 0xED, 0xC3, 0x3A, 0x08, 0xD5, 0x84, 0x10, 0x0A, 0x24, 0xF3, 0xCA, 0xB2, 0x4F,
    0x67, 0x05, 0x94, 0xAF, 0xD1, 0x98, 0x66, 0x35, 0x64, 0xCA, 0xA2, 0x2D, 0xDA, 0xE0, 0x56, 0xA2,
    0x65, 0xFD, 0xFE, 0xA1, 0x8F, 0xAC, 0xF3, 0xEF, 0xAB, 0x4F, 0x0C, 0x6D, 0x57, 0xF1, 0x94, 0xF4,
    0x4B, 0x9A, 0xDA, 0x4D, 0x4F, 0xEF, 0xB0, 0xA4, 0x2B, 0xCA, 0xAF, 0xE5, 0xC8, 0x6E, 0x07, 0x18,
    0xE6, 0x34, 0x35, 0xAF, 0xE6, 0xE9, 0xCD, 0xF6, 0x48, 0x03, 0x9E, 0xEF, 0xE8, 0x1E, 0xF8, 0xFE,
    0xF0, 0xA0, 0x47, 0x56, 0xE6, 0x67, 0x7D, 0x61, 0xDE, 0xD6, 0xE7, 0xA5, 0xB4, 0xB7, 0xD3, 0xEA,
    0x7F, 0x05, 0x46, 0x7D, 0x24, 0x9B, 0xD7, 0x28, 0xD3, 0x75, 0x3B, 0x6D, 0x27, 0x2D, 0xF1, 0xBB,
    0xD3, 0xF7, 0xB9, 0xA7, 0x03, 0x7A, 0xBF, 0xAA, 0x9C, 0x5E, 0x9A, 0x4B, 0xEA, 0x08, 0xBC, 0x34,
    0xF1, 0xD4, 0xEB, 0x67, 0xF7, 0xF2, 0xC7, 0xFF, 0xE2, 0x0B, 0xFF, 0x16, 0x1E, 0x51, 0x39, 0xC6,
    0xE5, 0xBC, 0x8F, 0xF0, 0xF9, 0xDB, 0x67, 0x14, 0xD2, 0xC7, 0xB2, 0x79, 0x70, 0xF8, 0xBB, 0x53,
    0xCC, 0xAC, 0x7B, 0xC4, 0x20, 0x4C, 0xAD, 0x9A, 0x7A, 0x14, 0x8F, 0x7A, 0x5D, 0xE6, 0x15, 0x6F,
    0x7C, 0xAD, 0xF7, 0x21, 0x3E, 0xEA, 0x06, 0x38, 0x5C, 0xAF, 0xF7, 0x87, 0xFA, 0x56, 0xF5, 0xDB,
    0xF3, 0xF4, 0x40, 0xAC, 0x57, 0xDC, 0x52, 0xDF, 0xC2, 0x53, 0x82, 0x35, 0x37, 0xF0, 0x39, 0x78,
    0xB3, 0x80, 0xD7, 0x00, 0x2F, 0x79, 0x04, 0xDE, 0xB6, 0x9E, 0xE0, 0xE5, 0x79, 0x02, 0xE3, 0x13,
    0x9F, 0xA7, 0xED, 0x12, 0x4C, 0x18, 0x8E, 0x34, 0x62, 0x62, 0xA3, 0xA9, 0x7C, 0x73, 0x09, 0xE1,
    0xC6, 0x13, 0xA0, 0x7E, 0x23, 0x04, 0x5B, 0x3B, 0x32, 0x47, 0x88, 0x78, 0x6F, 0x49, 0x45, 0x78,
    0x32, 0x08, 0x77, 0xB8, 0x87, 0x15, 0xAE, 0x38, 0x69, 0xB8, 0xA2, 0xD7, 0x56, 0x7B, 0x0D, 0x57,
    0xF4, 0xEB, 0x94, 0x07, 0xF1, 0xD1, 0x99, 0x0D, 0xAA, 0x65, 0xB7, 0xA3, 0x0E, 0x35, 0xD0, 0xD0,
    0x86, 0x03, 0x57, 0x30, 0x99, 0x73, 0x0A, 0xFD, 0x7F, 0x32, 0x6A, 0x2C, 0x3F, 0x06, 0x83, 0xD6,
    0x2D, 0xE4, 0x87, 0xAE, 0x7E, 0x85, 0x83, 0x54, 0x66, 0x0B, 0x2D, 0x3D, 0xF2, 0x36, 0xF3, 0x51,
    0xAE, 0xCC, 0x1A, 0xC1, 0x5F, 0x0B, 0x04, 0x36, 0xFA, 0x4F, 0xE0, 0x2B, 0xFA, 0x7D, 0x7A, 0x8E,
    0xE2, 0x08, 0x3B, 0x21, 0xE2, 0xA8, 0x19, 0x26, 0x1E, 0x7A, 0xEA, 0x90, 0x07, 0x0A, 0x87, 0x17,
    0xD1, 0xA5, 0x42, 0x6B, 0x65, 0x35, 0xEC, 0xAE, 0xF4, 0xC5, 0xE5, 0xC1, 0xC8, 0x4F, 0x07, 0x63,
    0x3A, 0x1E, 0x8C, 0x1F, 0x9D, 0x19, 0x8C, 0x5C, 0x5B, 0x4C, 0xAD, 0xF5, 0x26, 0xB8, 0x66, 0x98,
    0xD5, 0x24, 0x0F, 0x83, 0xA1, 0x2C, 0xC1, 0xE7, 0xCA, 0x1F, 0x7C, 0x1C, 0xD4, 0x11, 0x27, 0x83,
    0x51, 0x9D, 0x0C, 0xC6, 0xE4, 0x74, 0x30, 0xCA, 0x90, 0x57, 0x4D, 0x3D, 0x3B, 0x34, 0x22, 0x34,
    0x59, 0x45, 0x84, 0x46, 0xEB, 0x88, 0xD0, 0x62, 0x1D, 0x11, 0x6A, 0xC7, 0xAD, 0x98, 0xE7, 0xC1,
    0x68, 0xF0, 0x9D, 0x7F, 0xEB, 0x5F, 0xFC, 0x05, 0xBE, 0x3A, 0x8A, 0x08, 0x2D, 0x2D, 0x22, 0x34,
    0xB2, 0x83, 0x8A, 0x9C, 0x26, 0x90, 0x50, 0x21, 0x3E, 0xE1, 0xA1, 0x4D, 0xF2, 0xE5, 0xFF, 0x07,
    0xBD, 0x57, 0x3B, 0x92, 0xDB, 0x46, 0x14, 0x1C, 0x00, 0x55, 0x66, 0xC0, 0x00, 0x99, 0x03, 0x39,
    0x40, 0xBE, 0x0E, 0x70, 0x84, 0xC1, 0x79, 0xB8, 0x81, 0x8F, 0x00, 0x1C, 0x41, 0xE7, 0xE0, 0x06,
    0x4C, 0x9D, 0x01, 0x55, 0x3E, 0x80, 0x70, 0x04, 0xB8, 0x4A, 0x81, 0x4B, 0x0E, 0x3C, 0x01, 0xCA,
    0x05, 0xC9, 0x00, 0x9E, 0xBB, 0x7B, 0x40, 0x2E, 0xB7, 0xBC, 0x92, 0xD6, 0x6B, 0x5A, 0x14, 0xA6,
    0xDF, 0x0A, 0x1C, 0x0C, 0xDE, 0xB7, 0xDF, 0x63, 0x6E, 0x9D, 0xDB, 0x9B, 0xCB, 0x6C, 0xA0, 0x48,
    0x6C, 0xA4, 0x70, 0xED, 0xEC, 0x72, 0x08, 0x6F, 0x2E, 0x5F, 0x1D, 0xFE, 0x6C, 0x28, 0x76, 0xD6,
    0x17, 0x8B, 0x73, 0xA9, 0x85, 0x72, 0xE6, 0xFF, 0xA6, 0x7A, 0x72, 0xAE, 0xB4, 0xD5, 0x02, 0x1E,
    0x30, 0xB3, 0x1E, 0x8F, 0xFF, 0x65, 0x56, 0xE1, 0xB0, 0x5F, 0x6C, 0xE1, 0x8E, 0x8A, 0x5F, 0xE1,
    0xBC, 0x76, 0xE2, 0x21, 0xCE, 0xE3, 0x26, 0x0E, 0xE2, 0xC9, 0xF9, 0x82, 0xFB, 0x9D, 0xC3, 0x79,
    0x19, 0x9E, 0xC3, 0x79, 0x09, 0xB6, 0xF2, 0x58, 0x6C, 0xF5, 0x10, 0xD8, 0xEA, 0x75, 0x3A, 0x76,
    0x5B, 0xE3, 0x5C, 0x61, 0x36, 0x09, 0x8D, 0x37, 0x79, 0xEB, 0xCD, 0xB1, 0xC5, 0x01, 0x0E, 0xCF,
    0x13, 0x13, 0x9C, 0x82, 0x0F, 0xAC, 0xF8, 0x2F, 0x78, 0x3C, 0x1E, 0xED, 0x93, 0x33, 0x7E, 0x9E,
    0x41, 0xFA, 0x28, 0x33, 0x6A, 0x6C, 0xB0, 0xCD, 0x9A, 0xEF, 0xA8, 0x00, 0x5F, 0x9F, 0xC8, 0xF4,
    0x2F, 0xAF, 0x14, 0x6B, 0x8F, 0x55, 0xDB, 0x50, 0x5A, 0x1B, 0xFC, 0x52, 0x07, 0x3F, 0xFB, 0x80,
    0x7F, 0xA3, 0xAF, 0xCA, 0xB7, 0x54, 0x80, 0x3E, 0x5C, 0x09, 0xCB, 0x05, 0xE6, 0xC3, 0xF1, 0xC1,
    0x7E, 0xA3, 0x91, 0x8E, 0xFE, 0x74, 0xF2, 0xA6, 0x7C, 0x79, 0x1B, 0x80, 0x2B, 0xD7, 0x46, 0x0E,
    0x85, 0xDB, 0xF9, 0x7A, 0xA1, 0x55, 0x77, 0xC7, 0x27, 0xDE, 0x4D, 0xE5, 0xDD, 0xB3, 0x8F, 0x9F,
    0x78, 0x9A, 0x31, 0xBB, 0x05, 0x7A, 0xEB, 0x70, 0xD5, 0xBA, 0xEE, 0xAD, 0x4B, 0x5F, 0x75, 0xC1,
    0x65, 0xEE, 0x71, 0xAD, 0xEE, 0x70, 0x42, 0xC6, 0xD5, 0x03, 0x34, 0x6F, 0xE4, 0xC2, 0xFD, 0xAA,
    0xCC, 0x7B, 0xBA, 0xD6, 0x6D, 0xD9, 0xE3, 0xDA, 0x23, 0x89, 0x77, 0x5A, 0x8D, 0x3C, 0xC0, 0x45,
    0xC7, 0xBC, 0x45, 0xF8, 0xE8, 0x24, 0xA2, 0x35, 0x0C, 0x90, 0xF5, 0xF7, 0xF6, 0xE1, 0x64, 0x21,
    0x63, 0xED, 0x04, 0x46, 0xA8, 0x1D, 0x19, 0xA2, 0x7A, 0xCC, 0xFF, 0x37, 0xAC, 0xC7, 0x1D, 0x13,
    0x09, 0xEF, 0x59, 0x84, 0x16, 0xB1, 0x03, 0xFE, 0x61, 0x7D, 0x3D, 0x22, 0x5C, 0x03, 0xD0, 0x59,
    0x78, 0xC4, 0x56, 0x58, 0x5F, 0x21, 0x72, 0x30, 0xE2, 0x24, 0x64, 0x10, 0x82, 0xEA, 0x70, 0x28,
    0x98, 0xEA, 0x3D, 0x8B, 0xDE, 0xBA, 0x1D, 0xCA, 0xDB, 0xAA, 0x54, 0x56, 0xD3, 0xAD, 0xB1, 0x08,
    0x91, 0x01, 0x49, 0xFB, 0x91, 0xFC, 0xF0, 0xA2, 0xA0, 0x39, 0xEE, 0x84, 0xF3, 0x00, 0xB3, 0x7C,
    0x57, 0x11, 0xBA, 0xC3, 0xF1, 0xC4, 0x2C, 0x4A, 0x49, 0x12, 0x4E, 0x40, 0xBD, 0xBE, 0x25, 0x78,
    0xA3, 0x3B, 0xC8, 0x26, 0x80, 0x91, 0xF6, 0xCD, 0xEE, 0xF0, 0x40, 0x8E, 0x81, 0x95, 0x15, 0x2B,
    0xAE, 0xDB, 0x4A, 0x40, 0x15, 0x90, 0x5C, 0xC1, 0x70, 0x81, 0x7E, 0xFB, 0x56, 0xFB, 0xF4, 0x04,
    0x9E, 0x05, 0x91, 0x88, 0x36, 0x16, 0xC2, 0x48, 0xE8, 0x9C, 0xBC, 0xF7, 0xFD, 0xCF, 0xF4, 0xC6,
    0xF4, 0x39, 0xA0, 0xA3, 0x2F, 0xB0, 0x08, 0x58, 0x8B, 0xF3, 0x79, 0x43, 0x3B, 0x9E, 0x7D, 0x15,
    0x5D, 0xD7, 0x5D, 0xDE, 0xDB, 0x5C, 0x73, 0x43, 0x81, 0x68, 0x89, 0x4E, 0x45, 0xA6, 0xD1, 0xDC,
    0x8B, 0x9B, 0x93, 0x8B, 0xB6, 0xE7, 0xBC, 0x7E, 0x1F, 0xCB, 0x3E, 0x62, 0xAF, 0xEC, 0x0E, 0x07,
    0xE6, 0xF5, 0x98, 0xC2, 0x0D, 0xED, 0x94, 0x01, 0xFD, 0xBC, 0xBB, 0x60, 0xF9, 0x6A, 0xFC, 0x00,
    0x5B, 0x76, 0x3C, 0xFF, 0x19, 0x6C, 0x43, 0xD2, 0xBE, 0x87, 0xC6, 0x4C, 0x66, 0xBC, 0x69, 0x2A,
    0x4D, 0xAD, 0x41, 0xA1, 0x29, 0x66, 0xB4, 0x16, 0x36, 0xA5, 0xC5, 0xB5, 0x6C, 0x1D, 0xA3, 0x2B,
    0x57, 0x18, 0x1D, 0x68, 0x6E, 0x26, 0x6A, 0x95, 0x33, 0x76, 0x67, 0x51, 0x65, 0x67, 0xD1, 0x50,
    0xF0, 0xF5, 0x7B, 0x53, 0x4D, 0xE3, 0x81, 0x7D, 0x2C, 0x73, 0x75, 0xB8, 0x45, 0xC5, 0xCF, 0x7E,
    0xB7, 0xA6, 0x27, 0x04, 0xA8, 0x58, 0x40, 0xEF, 0x41, 0xBA, 0xD2, 0x39, 0x10, 0x2B, 0x9D, 0xB8,
    0x47, 0xFA, 0xBA, 0x9B, 0x70, 0xD4, 0xB3, 0x57, 0xBE, 0x56, 0xB9, 0x85, 0xC2, 0xA6, 0xC2, 0x96,
    0x37, 0x78, 0x63, 0xB1, 0x6E, 0x0A, 0x7E, 0xF1, 0x3A, 0x9C, 0x0C, 0x29, 0x7B, 0xB9, 0x22, 0x43,
    0x11, 0x63, 0x95, 0xC5, 0x32, 0x43, 0x9D, 0x31, 0x92, 0x43, 0x62, 0x15, 0x18, 0x2A, 0x5B, 0xC5,
    0x50, 0x0B, 0xD3, 0x29, 0x67, 0x9F, 0x9D, 0x8B, 0x0B, 0x96, 0x73, 0xA9, 0xBF, 0x37, 0x5C, 0x74,
    0x5F, 0x3B, 0x0B, 0xF1, 0x5A, 0x0E, 0xEF, 0x59, 0x40, 0x13, 0xDB, 0xD9, 0x90, 0xB1, 0x53, 0x75,
    0xA9, 0xDE, 0xC2, 0xBA, 0x59, 0xC4, 0x0B, 0x23, 0x79, 0x61, 0xAD, 0x5C, 0xFC, 0x14, 0x64, 0x93,
    0x5E, 0x9C, 0xD2, 0xE1, 0x1C, 0x99, 0x29, 0x54, 0x90, 0x34, 0x74, 0x80, 0x5F, 0x22, 0x32, 0x5E,
    0x88, 0x95, 0x2E, 0xFE, 0x91, 0xEA, 0x66, 0xA2, 0x0D, 0x8E, 0x64, 0xC4, 0x84, 0x67, 0xA4, 0xD0,
    0x2F, 0xF0, 0xAE, 0x76, 0x60, 0x5E, 0xD7, 0xBF, 0xF2, 0x8D, 0x30, 0x18, 0x0C, 0xDF, 0x32, 0x5C,
    0xAD, 0x68, 0x4A, 0x15, 0x07, 0xA4, 0x22, 0x02, 0xF7, 0xD1, 0x5D, 0x7D, 0xF6, 0x48, 0x77, 0x6D,
    0x22, 0xBF, 0xF3, 0xD9, 0x5C, 0xED, 0xAF, 0xB4, 0xDF, 0x61, 0x05, 0xE7, 0x0E, 0xF2, 0x29, 0x6E,
    0x56, 0x75, 0x60, 0x59, 0x01, 0x33, 0x72, 0x2B, 0x75, 0xF6, 0xB2, 0xC2, 0xC7, 0x90, 0x09, 0x77,
    0x91, 0xE0, 0x5A, 0x61, 0x52, 0xA5, 0x5B, 0xBB, 0xBC, 0x35, 0xFE, 0xF0, 0xBC, 0xCE, 0xFE, 0x6B,
    0x3A, 0x67, 0x9F, 0xD1, 0x39, 0x93, 0xCE, 0x9A, 0x5D, 0xE0, 0x8F, 0x46, 0x7C, 0xA7, 0x11, 0x64,
    0x75, 0x77, 0x60, 0xE5, 0x59, 0x59, 0x34, 0x0A, 0xC5, 0x10, 0xEB, 0xC6, 0xE0, 0xA4, 0x13, 0x44,
    0x07, 0xB5, 0x97, 0xB1, 0x3D, 0x44, 0xAC, 0x54, 0x60, 0x4D, 0x0C, 0xA2, 0x0A, 0xB1, 0x67, 0x85,
    0x59, 0x50, 0xBC, 0x02, 0x9B, 0x6C, 0x3D, 0xC6, 0xA4, 0xD2, 0xC4, 0xA8, 0x81, 0x31, 0x76, 0x91,
    0x9C, 0x16, 0x39, 0x36, 0x32, 0x8D, 0x97, 0x57, 0x03, 0xC7, 0x3F, 0x87, 0x3A, 0xD2, 0x17, 0x7A,
    0x17, 0x91, 0x9D, 0x6B, 0xA3, 0xB6, 0xC8, 0x72, 0x1C, 0x24, 0x5D, 0xEC, 0xE3, 0x1B, 0x03, 0x46,
    0x32, 0x54, 0xC5, 0x6B, 0x98, 0xF5, 0xAC, 0xA8, 0x82, 0xF3, 0xAC, 0xA6, 0xD9, 0x8C, 0xB3, 0x2C,
    0x3A, 0x0F, 0x9E, 0x33, 0xEA, 0x56, 0xCF, 0xA0, 0xD7, 0x72, 0x95, 0x13, 0x8D, 0x3E, 0x54, 0xD7,
    0xA7, 0x72, 0xC6, 0xF3, 0x5B, 0x91, 0xF3, 0x72, 0xF6, 0x93, 0x5C, 0x96, 0xB1, 0x83, 0x3D, 0xA0,
    0xBD, 0xD2, 0x55, 0x4F, 0x21, 0x70, 0xA2, 0xB2, 0x49, 0x74, 0x3A, 0x5E, 0x61, 0xB8, 0xE3, 0x84,
    0x19, 0x2E, 0x46, 0x45, 0x03, 0xD3, 0xAB, 0x49, 0x0B, 0x4C, 0x5B, 0x90, 0xDF, 0x68, 0x50, 0x1E,
    0x71, 0x25, 0xC6, 0x0B, 0x8A, 0x02, 0x7D, 0xC4, 0x91, 0xD8, 0x06, 0xA2, 0x45, 0x1C, 0x80, 0x3C,
    0x92, 0x96, 0x75, 0x62, 0xB2, 0x6E, 0x73, 0xCC, 0x4B, 0xD0, 0xB3, 0x56, 0x3C, 0xAD, 0xAF, 0xCF,
    0x0C, 0xE2, 0x0E, 0xC7, 0x2D, 0x40, 0xCD, 0x55, 0xC7, 0x88, 0x0A, 0xDF, 0x02, 0x98, 0x22, 0x50,
    0xF8, 0x2B, 0x62, 0x91, 0x28, 0x66, 0x89, 0x32, 0x8A, 0x7A, 0xA2, 0xF8, 0xD3, 0x02, 0x04, 0xAA,
    0x1E, 0xEC, 0xC6, 0xE1, 0xAF, 0xD1, 0x0C, 0xA8, 0x84, 0xAF, 0xD7, 0x4A, 0xD9, 0x3F, 0xA9, 0x37,
    0x32, 0x55, 0x90, 0xA8, 0x85, 0x6D, 0x3F, 0x29, 0x7A, 0x76, 0x11, 0x04, 0x99, 0xA9, 0x9E, 0x28,
    0x32, 0x9A, 0x03, 0xA8, 0xD6, 0x5E, 0x64, 0xE6, 0xDC, 0x4F, 0x4C, 0xF7, 0x72, 0xA3, 0x06, 0x8E,
    0x7B, 0x31, 0x82, 0xC2, 0xE9, 0xCE, 0x3E, 0x3D, 0xE0, 0x51, 0x78, 0xDF, 0xC7, 0x18, 0xAC, 0xC4,
    0xFC, 0xDF, 0xA3, 0x3D, 0xE2, 0x8F, 0x2C, 0x6B, 0xF4, 0xFD, 0x1E, 0x58, 0xC3, 0xE1, 0x39, 0x18,
    0x96, 0x29, 0xCD, 0x9E, 0x88, 0x3D, 0x89, 0xC6, 0x92, 0xB3, 0x48, 0x9F, 0x8A, 0x93, 0x44, 0xCC,
    0x7C, 0x6F, 0xEF, 0xD0, 0x0A, 0xFA, 0x4D, 0xD4, 0x8F, 0xA2, 0xE6, 0xB0, 0xFA, 0xCE, 0xEE, 0xAD,
    0x4F, 0x21, 0x92, 0x2B, 0xA1, 0x9F, 0x30, 0x2F, 0x10, 0x1B, 0x83, 0x82, 0x4C, 0x4A, 0x4D, 0xEC,
    0xC0, 0x9A, 0xDC, 0xB2, 0x21, 0x7A, 0xE2, 0x9D, 0x0D, 0xDC, 0xFB, 0xAD, 0xD0, 0x93, 0xD3, 0xC6,
    0x88, 0xF5, 0x19, 0x0B, 0x1B, 0xA1, 0xC9, 0x1B, 0x0E, 0x2F, 0x1D, 0x98, 0xE7, 0xE5, 0xE8, 0xCE,
    0xA3, 0xD2, 0x2B, 0xF0, 0xF6, 0x9A, 0xF0, 0xE7, 0x4A, 0xBE, 0xE4, 0x73, 0x3E, 0x17, 0x53, 0x11,
    0xCA, 0xE0, 0x07, 0xDF, 0xD5, 0xCD, 0x7E, 0xDD, 0x59, 0xBE, 0xEC, 0xD6, 0x7C, 0xDE, 0x6F, 0xDF,
    0x61, 0x85, 0x7C, 0x2C, 0x43, 0x81, 0x1D, 0xD8, 0xD5, 0xF9, 0xBE, 0x6E, 0x7C, 0xF7, 0x37, 0xED,
    0x5C, 0xBD, 0x8E, 0xE4, 0xC6, 0x11, 0x6E, 0x92, 0xC0, 0x11, 0x38, 0x06, 0x8C, 0x2E, 0xF1, 0x06,
    0x4C, 0xAD, 0x88, 0x6F, 0xA0, 0x26, 0xA0, 0xE0, 0x02, 0xA5, 0x77, 0xEF, 0x20, 0x2B, 0xD1, 0x13,
    0xDC, 0x35, 0xE1, 0xC4, 0x81, 0x02, 0xEF, 0x43, 0x5C, 0xA2, 0xC8, 0xA9, 0x03, 0xAD, 0x48, 0x47,
    0x0A, 0x14, 0x2C, 0x01, 0x3F, 0xC0, 0x11, 0xF6, 0x01, 0x86, 0x23, 0x11, 0x30, 0x0D, 0x50, 0x16,
    0xC9, 0x76, 0xD5, 0x57, 0xCD, 0x19, 0x72, 0x66, 0xF6, 0xEF, 0x24, 0xED, 0x72, 0x79, 0xC7, 0xB9,
    0xED, 0x9E, 0xE1, 0x90, 0xFD, 0xF3, 0x7D, 0x55, 0xDD, 0x55, 0xC5, 0x9A, 0x53, 0x2A, 0xB2, 0xA5,
    0xA2, 0x23, 0x96, 0x2A, 0xB1, 0x35, 0x57, 0xDA, 0x36, 0xA8, 0x7E, 0x44, 0x65, 0x2E, 0x3B, 0xAE,
    0xEC, 0x65, 0x8F, 0xEA, 0xEB, 0x81, 0x4A, 0xCF, 0x3E, 0x1F, 0xA9, 0x0A, 0x6C, 0x60, 0x51, 0xF9,
    0x36, 0x53, 0x2A, 0x1C, 0x3D, 0x9B, 0x53, 0x5B, 0xBD, 0xE2, 0xD6, 0xB8, 0xAA, 0xA8, 0xC9, 0x4E,
    0x15, 0xD4, 0xA8, 0x6E, 0x95, 0xA6, 0xD6, 0xE8, 0x8F, 0xDE, 0xA9, 0xC2, 0x5A, 0x4B, 0x8D, 0x52,
    0x69, 0x7B, 0xA9, 0x06, 0xE5, 0x73, 0x65, 0xA9, 0xAD, 0x8C, 0xFE, 0xF8, 0x1F, 0xBF, 0x8D, 0x46,
    0xEE, 0xAB, 0x8C, 0xB9, 0x4F, 0xAA, 0x78, 0x04, 0xB6, 0x4E, 0x79, 0x3C, 0xA6, 0xE1, 0x86, 0xD0,
    0xE8, 0xC1, 0x71, 0x81, 0x12, 0x03, 0x43, 0x1B, 0xB3, 0x4F, 0xF2, 0x5D, 0x64, 0xCF, 0x79, 0x08,
    0x03, 0x9D, 0xB5, 0x36, 0x8B, 0xA9, 0x28, 0xD3, 0xC1, 0xA3, 0x76, 0x1B, 0x6E, 0x2E, 0x93, 0x36,
    0xB9, 0x78, 0x42, 0x38, 0x7C, 0x65, 0x6D, 0x13, 0xD2, 0x25, 0x4D, 0x62, 0xFF, 0x9D, 0x72, 0x9F,
    0x69, 0x63, 0x2A, 0xFA, 0xB6, 0x28, 0xA5, 0x28, 0x1A, 0xD3, 0xFA, 0xB6, 0xD1, 0x7C, 0x49, 0x6A,
    0xED, 0x5F, 0x9A, 0xC8, 0x8E, 0xD4, 0x50, 0xF1, 0x2E, 0x5D, 0x8C, 0xAC, 0x9F, 0x06, 0x81, 0x01,
    0xC9, 0x70, 0x80, 0x67, 0xF4, 0x93, 0x12, 0x02, 0x32, 0xA9, 0x72, 0x7C, 0x4C, 0xF1, 0x49, 0x69,
    0xB9, 0x79, 0x50, 0xC7, 0xC7, 0x06, 0x88, 0xC3, 0xD4, 0x31, 0x71, 0x99, 0xB6, 0xCE, 0xA6, 0x29,
    0x0F, 0x07, 0x53, 0xBD, 0x3F, 0xBE, 0xC2, 0x4E, 0xE8, 0x10, 0xF2, 0x92, 0x52, 0x68, 0x10, 0x52,
    0xCC, 0x7C, 0x50, 0x2F, 0x9D, 0x78, 0xE5, 0xC2, 0x42, 0x85, 0xEB, 0x7E, 0x68, 0x81, 0xF4, 0x67,
    0x3C, 0xFE, 0x60, 0x50, 0x76, 0x93, 0xB4, 0xD1, 0x24, 0xBA, 0x09, 0x22, 0x00, 0x04, 0xDE, 0xCC,
    0x1C, 0x98, 0x40, 0x48, 0xAD, 0x1C, 0x24, 0xF6, 0xB3, 0xFE, 0x08, 0x8E, 0x7B, 0x24, 0xD5, 0x71,
    0xEA, 0xF7, 0xD2, 0xF3, 0xA8, 0xE6, 0x6C, 0xA6, 0xF9, 0x47, 0x52, 0xB9, 0x51, 0x80, 0x24, 0x10,
    0x8D, 0x3B, 0x78, 0x76, 0xE0, 0xAC, 0x8F, 0x54, 0x77, 0x84, 0xC2, 0x66, 0x28, 0xCB, 0xE7, 0xC1,
    0xBA, 0xF9, 0xC5, 0x6C, 0x68, 0xBE, 0x9D, 0x53, 0x95, 0x3A, 0x56, 0xFE, 0xD4, 0x81, 0x07, 0x9F,
    0x5B, 0xF1, 0x5E, 0x38, 0xFE, 0xB7, 0xA7, 0xB0, 0x3B, 0xA4, 0x04, 0xA7, 0x74, 0xB7, 0xD0, 0x7E,
    0x31, 0x47, 0x07, 0x53, 0x05, 0x32, 0x8C, 0x0B, 0x50, 0x39, 0xC4, 0xE4, 0xFE, 0x08, 0x4E, 0xAB,
    0x4F, 0xB9, 0xC3, 0x62, 0xC4, 0x5E, 0x30, 0x32, 0x0C, 0xCA, 0xEB, 0xCE, 0xEA, 0xF9, 0x68, 0x5E,
    0xCC, 0xB7, 0xF8, 0x49, 0x5D, 0xDF, 0x3A, 0x75, 0xED, 0xB7, 0xAC, 0xAE, 0x40, 0x07, 0xD8, 0x30,
    0x32, 0x73, 0x5C, 0x5E, 0x2C, 0x35, 0xF5, 0xED, 0x83, 0x6B, 0xAA, 0xF7, 0xCD, 0x5C, 0x43, 0x27,
    0x96, 0x2E, 0x6F, 0x64, 0x69, 0x6B, 0xFA, 0x77, 0x07, 0x03, 0x15, 0x90, 0x85, 0x7B, 0x12, 0x19,
    0x2C, 0x1B, 0xF4, 0xA7, 0x81, 0x5A, 0x95, 0x35, 0xAB, 0xE2, 0x56, 0x2A, 0x91, 0xC7, 0xB4, 0x9C,
    0x2F, 0xC7, 0xDF, 0xCD, 0x9B, 0x78, 0xA3, 0x3E, 0x91, 0xBB, 0x70, 0x76, 0xF4, 0x70, 0xBB, 0xB1,
    0xDD, 0x8C, 0x65, 0x7F, 0xCC, 0xB6, 0x29, 0x0F, 0x00, 0x29, 0xA9, 0x27, 0x80, 0xF4, 0x02, 0x1C,
    0x00, 0x03, 0x58, 0x00, 0x0A, 0x20, 0xC1, 0x34, 0x0F, 0xE0, 0xB8, 0x3F, 0xDE, 0xB5, 0xB0, 0x98,
    0x54, 0xD2, 0xAF, 0x48, 0x42, 0x20, 0x44, 0x7B, 0xFD, 0x31, 0xA9, 0x74, 0xEE, 0xE2, 0x98, 0xD4,
    0x74, 0xDB, 0xA4, 0x02, 0x24, 0x40, 0x04, 0x80, 0x00, 0xCF, 0x1E, 0x9C, 0x37, 0xEA, 0xF7, 0x0E,
    0x96, 0x3D, 0xA9, 0xE9, 0x83, 0x92, 0x1A, 0x0E, 0xD7, 0x18, 0x4E, 0xAF, 0x3E, 0x6A, 0x2A, 0x1A,
    0x04, 0x48, 0x87, 0x36, 0xD3, 0xAB, 0x03, 0x4D, 0xBD, 0x58, 0x8F, 0xA6, 0x3E, 0xCD, 0x40, 0x95,
    0x6E, 0x5F, 0x03, 0x4F, 0x0B, 0x8E, 0x7B, 0x0D, 0x90, 0xDF, 0x3C, 0x39, 0x5F, 0x90, 0xFA, 0x07,
    0x21, 0xF5, 0xE2, 0x83, 0x23, 0x15, 0x20, 0x01, 0x22, 0x00, 0x04, 0x78, 0xF6, 0xE0, 0x00, 0x98,
    0x55, 0x91, 0xBA, 0xD3, 0xBF, 0x0F, 0x8F, 0xAA, 0x3B, 0x5B, 0x4E, 0x8C, 0x95, 0xB7, 0x2A, 0xF6,
    0x6E, 0x34, 0x9A, 0x0C, 0xDD, 0xD6, 0x1E, 0x16, 0xCC, 0xD5, 0x6D, 0x0A, 0xBA, 0xB8, 0xE2, 0xA2,
    0x9E, 0x15, 0x77, 0xB8, 0x17, 0xBD, 0x75, 0xFB, 0xE2, 0x10, 0xEB, 0xC3, 0xE1, 0xF2, 0xB9, 0x27,
    0x0C, 0xA7, 0xB6, 0xE4, 0x1B, 0x32, 0x6A, 0x8C, 0x5F, 0x13, 0x8F, 0xCA, 0xB4, 0x49, 0x4B, 0x72,
    0x81, 0x35, 0x53, 0x57, 0x64, 0xA9, 0x32, 0x1A, 0xA3, 0xD9, 0x17, 0xBC, 0x33, 0xEA, 0x7A, 0xA2,
    0x95, 0x0A, 0x3F, 0x4B, 0x7A, 0xBA, 0x23, 0xB6, 0x99, 0xE9, 0x81, 0x2E, 0xB7, 0x47, 0xB0, 0x92,
    0xA0, 0x50, 0x1F, 0xEF, 0x16, 0xBC, 0xBF, 0x86, 0x5C, 0xE6, 0xEC, 0xA7, 0x96, 0xEE, 0x1D, 0xCE,
    0x21, 0x82, 0x18, 0xF1, 0xF8, 0x22, 0x9C, 0x43, 0xBC, 0x42, 0xEF, 0x25, 0xC5, 0x1D, 0xAB, 0x82,
    0x38, 0x10, 0xED, 0x2A, 0x5D, 0xA1, 0xE2, 0x72, 0x31, 0xF0, 0xDD, 0x71, 0x6F, 0x38, 0x27, 0x39,
    0xF9, 0x92, 0xA6, 0x7D, 0xC5, 0xDA, 0x4A, 0xF2, 0xD8, 0x1B, 0x76, 0x28, 0xA3, 0xFA, 0x50, 0xF7,
    0x56, 0x05, 0x62, 0x54, 0xA5, 0x34, 0xB9, 0x4E, 0xF3, 0xD7, 0x84, 0xE7, 0x45, 0xCA, 0x0B, 0x79,
    0xD8, 0x1E, 0x2D, 0x18, 0xF7, 0x28, 0xAC, 0xE1, 0x41, 0x50, 0x34, 0x3F, 0x0E, 0x8A, 0xE6, 0xCB,
    0xF8, 0xD9, 0xC0, 0xB2, 0x60, 0xD7, 0x0A, 0x31, 0x0D, 0x98, 0x57, 0x2C, 0x80, 0x0A, 0x77, 0x6E,
    0x1F, 0xEB, 0x9D, 0x66, 0x04, 0x6D, 0x8C, 0x78, 0x47, 0x49, 0xFE, 0xC9, 0x2B, 0xD9, 0xDF, 0x18,
    0x67, 0x55, 0xE4, 0x0F, 0x42, 0x40, 0xC8, 0xA3, 0xF5, 0x87, 0x5D, 0x00, 0x53, 0x9F, 0x08, 0x60,
    0x3E, 0x2E, 0x02, 0x02, 0x4C, 0xC6, 0x2E, 0xA3, 0xB1, 0x71, 0xB9, 0x56, 0x02, 0xEE, 0x12, 0x65,
    0x4C, 0x24, 0xCA, 0x48, 0x2B, 0x8D, 0xF5, 0x8E, 0xA2, 0x8C, 0x2B, 0xDC, 0x11, 0xDD, 0x1E, 0xB8,
    0x5F, 0xAF, 0x79, 0x6E, 0x9F, 0x4C, 0x03, 0x66, 0xB9, 0x0A, 0x58, 0xAE, 0xE2, 0x9F, 0x49, 0xAE,
    0xF4, 0xDF, 0x89, 0x37, 0x9B, 0xD9, 0xCC, 0x7B, 0xA9, 0x9E, 0x65, 0x0F, 0x41, 0xC5, 0x32, 0x3A,
    0xA8, 0xBA, 0xB3, 0xE6, 0xDA, 0xE8, 0x20, 0x19, 0x68, 0x2B, 0x56, 0x83, 0xB8, 0xE6, 0xA5, 0xDE,
    0x16, 0x34, 0xA3, 0x82, 0x66, 0xF4, 0x6D, 0xB4, 0xB3, 0x52, 0x9E, 0xC1, 0x2A, 0x28, 0x59, 0xDE,
    0x58, 0x03, 0xFE, 0xF5, 0xE0, 0x1A, 0xF0, 0xCD, 0x12, 0xDD, 0xCB, 0x2B, 0x62, 0xAF, 0x2B, 0x95,
    0xF1, 0x6B, 0xAD, 0x3E, 0xF5, 0xE5, 0x62, 0xB9, 0x49, 0xAF, 0x02, 0xFB, 0x21, 0xD6, 0x9C, 0xEB,
    0x4C, 0x44, 0x5D, 0xEB, 0x5E, 0xF7, 0xAA, 0xF7, 0xBB, 0x00, 0x4A, 0x90, 0x74, 0xEF, 0xF7, 0x32,
    0xE7, 0xA6, 0x33, 0xBD, 0x47, 0xAD, 0x84, 0xB0, 0x8C, 0x92, 0xF6, 0xB6, 0x2F, 0x53, 0xBF, 0xDF,
    0x0B, 0xBD, 0xE4, 0xA6, 0x26, 0xEF, 0xA2, 0x4E, 0xF2, 0x34, 0x2B, 0x2A, 0x5B, 0x17, 0xD5, 0xB4,
    0xA1, 0x99, 0xEA, 0xB6, 0x2F, 0xD9, 0x39, 0x8A, 0xAA, 0x70, 0x77, 0x9F, 0xB1, 0xEB, 0xC3, 0x2E,
    0xD9, 0x00, 0xAF, 0xD0, 0x32, 0x5C, 0x8C, 0x3F, 0xC1, 0x43, 0xA2, 0x50, 0xF4, 0x58, 0xE6, 0x88,
    0xAE, 0x50, 0xDC, 0x34, 0xF6, 0xCF, 0x08, 0xCD, 0x04, 0xFE, 0x59, 0x99, 0xB2, 0x35, 0x50, 0x54,
    0x20, 0xC8, 0xD4, 0x8E, 0xA7, 0xDB, 0x56, 0xA6, 0x76, 0xB7, 0xBB, 0xC6, 0xA4, 0xE9, 0xD2, 0x75,
    0xE4, 0xBA, 0x75, 0x83, 0x98, 0x86, 0xE4, 0x06, 0x48, 0xC3, 0xC5, 0xA6, 0x2E, 0x83, 0x3F, 0x3C,
    0xFA, 0xB9, 0x5B, 0x18, 0xDA, 0xF9, 0x27, 0xF9, 0x0E, 0x02, 0x09, 0x89, 0x14, 0x91, 0x84, 0xDB,
    0xD7, 0x70, 0xEE, 0x81, 0xE9, 0x14, 0x64, 0x8C, 0x7D, 0x57, 0xF2, 0x48, 0x69, 0x9C, 0x74, 0x23,
    0x09, 0x21, 0x95, 0x44, 0x81, 0xBF, 0x2C, 0xE5, 0xBC, 0xBB, 0x06, 0xD7, 0xCB, 0xBD, 0xD2, 0x8E,
    0xB4, 0x29, 0xED, 0x4B, 0x5F, 0xAE, 0xDF, 0xA5, 0xE2, 0xCB, 0x8E, 0x51, 0x4E, 0x6B, 0x97, 0x7B,
    0xEF, 0xCE, 0xC7, 0x2E, 0xFD, 0xC0, 0xCE, 0x93, 0x42, 0x26, 0xA3, 0xCB, 0xCC, 0x67, 0xBB, 0x3C,
    0x36, 0x40, 0x2A, 0xFC, 0x22, 0xB7, 0xC7, 0x06, 0xF2, 0x94, 0x48, 0x6C, 0x9D, 0x24, 0x57, 0x47,
    0xCE, 0xD1, 0x1A, 0x38, 0x8D, 0x4E, 0x3E, 0xEA, 0xC8, 0x8E, 0x1E, 0x75, 0x78, 0x2F, 0xE7, 0x91,
    0xD6, 0x64, 0x7A, 0x00, 0x86, 0xE5, 0xC8, 0x06, 0xF2, 0x00, 0xCC, 0xB3, 0x9B, 0xE4, 0x74, 0x32,
    0xC8, 0x83, 0x6E, 0xFF, 0xE4, 0x20, 0xAE, 0x0E, 0xD2, 0x2E, 0x5E, 0x66, 0xD0, 0x85, 0x4A, 0xB9,
    0x8D, 0x5C, 0x25, 0xFF, 0xE1, 0x6E, 0x75, 0xC9, 0x98, 0x10, 0x0B, 0xE5, 0xBA, 0x78, 0x77, 0xF6,
    0x47, 0xD0, 0x2F, 0x72, 0xB3, 0x9C, 0x6E, 0xEA, 0xEC, 0x23, 0xEF, 0x12, 0x90, 0x54, 0x3B, 0xDF,
    0xC5, 0x81, 0x22, 0xB9, 0x54, 0xC2, 0xFE, 0x63, 0xE4, 0x7D, 0x8A, 0x1C, 0x8E, 0x2E, 0x80, 0xB8,
    0x78, 0x60, 0xF2, 0xFA, 0x44, 0xC2, 0xC9, 0x74, 0x61, 0x2E, 0x09, 0x27, 0x68, 0xA5, 0xF8, 0x1A,
    0x69, 0x36, 0x23, 0xD4, 0xE2, 0x74, 0xC2, 0xC9, 0x76, 0xF6, 0x67, 0x1F, 0x53, 0xF7, 0x5D, 0x18,
    0x7A, 0xB6, 0x96, 0xFF, 0x6E, 0x7F, 0x8D, 0xBB, 0x84, 0xC1, 0x89, 0x7E, 0x66, 0x6C, 0xD2, 0x7F,
    0x70, 0x43, 0x45, 0x5E, 0x64, 0xEC, 0xE2, 0x3E, 0xCB, 0x56, 0x25, 0x04, 0x69, 0x85, 0x87, 0x3F,
    0x76, 0x44, 0x36, 0xCA, 0x08, 0xD3, 0xD9, 0x6B, 0x93, 0x93, 0x49, 0x29, 0x6A, 0x16, 0x7C, 0xFF,
    0x30, 0xB4, 0x3E, 0x6A, 0x93, 0xCC, 0xB9, 0x6A, 0xCA, 0x14, 0xFC, 0xC5, 0xAB, 0x70, 0xE6, 0x5C,
    0x3C, 0xDB, 0x5B, 0x3E, 0x01, 0xF4, 0x3D, 0x5E, 0xB3, 0xBE, 0x2F, 0xD3, 0x56, 0x12, 0x67, 0xA4,
    0x2D, 0x78, 0xEC, 0xBD, 0xAB, 0xD3, 0x56, 0x3E, 0x44, 0x2B, 0x5B, 0x7D, 0x79, 0x7A, 0x45, 0x37,
    0xC2, 0xB0, 0x3A, 0x64, 0x78, 0x55, 0xEB, 0xFA, 0xCD, 0xB6, 0xF9, 0x94, 0xDB, 0x92, 0x48, 0x34,
    0xC5, 0x65, 0x45, 0x98, 0xDC, 0xED, 0x74, 0x38, 0x3D, 0x4C, 0xDF, 0xCE, 0xAA, 0x33, 0xF4, 0x8D,
    0x67, 0x60, 0x15, 0x90, 0x26, 0x91, 0x72, 0x7E, 0x37, 0xB3, 0x30, 0x88, 0x28, 0xD8, 0xA5, 0x28,
    0x94, 0xBF, 0x4C, 0x14, 0xEA, 0x6B, 0x44, 0x21, 0x97, 0x8E, 0xD4, 0x4D, 0xA2, 0x30, 0xCC, 0x44,
    0x41, 0x42, 0x91, 0x08, 0xB1, 0xBA, 0xDC, 0xE8, 0xA4, 0x66, 0x00, 0x74, 0x89, 0x32, 0x13, 0x30,
    0x76, 0xE5, 0x13, 0x4C, 0x52, 0x73, 0x1B, 0x8C, 0x79, 0x0D, 0xFC, 0x5B, 0x70, 0xD1, 0x83, 0x97,
    0xE1, 0x37, 0xE5, 0xB4, 0x70, 0xB6, 0xB8, 0xD8, 0x1A, 0x6E, 0x79, 0x76, 0x29, 0xDD, 0x64, 0x8A,
    0x32, 0x29, 0x7E, 0xBF, 0x4D, 0xA6, 0xE4, 0x91, 0xA3, 0x48, 0xAA, 0x2C, 0xBE, 0xB4, 0x56, 0x31,
    0x2F, 0x23, 0xCA, 0x42, 0xAD, 0x8B, 0xA9, 0x1B, 0xFC, 0x5D, 0x70, 0xB3, 0x51, 0xA6, 0x4E, 0xFA,
    0xBB, 0xCC, 0x4B, 0x92, 0x43, 0xA7, 0x56, 0xC6, 0x54, 0x9A, 0xC3, 0xF4, 0x29, 0xDA, 0x6F, 0x25,
    0xB5, 0x44, 0xF2, 0x71, 0x0B, 0x98, 0xB3, 0x6D, 0x54, 0x1F, 0x53, 0xB4, 0x1D, 0xA6, 0xC2, 0xF6,
    0x53, 0x6C, 0xE2, 0xDC, 0x4C, 0x7A, 0xD6, 0x1E, 0xF0, 0xB2, 0x22, 0x8E, 0x4E, 0x12, 0xB0, 0xA1,
    0x5D, 0xE8, 0xCE, 0x06, 0xC9, 0x15, 0x34, 0xAD, 0x85, 0xAC, 0x5B, 0x19, 0x1E, 0x1C, 0x09, 0x8E,
    0xFB, 0xFB, 0x29, 0xB5, 0x94, 0x9C, 0xA2, 0xDA, 0x71, 0x99, 0x74, 0x9C, 0x90, 0xA3, 0x5B, 0xA6,
    0xCC, 0x36, 0x91, 0x3D, 0x0F, 0x6D, 0x15, 0x88, 0xEC, 0x20, 0xB1, 0x87, 0x79, 0xE2, 0x14, 0xEF,
    0x62, 0x3C, 0x4A, 0x3E, 0x92, 0x28, 0x0F, 0xF6, 0x21, 0xC9, 0x3F, 0x93, 0xF7, 0x7C, 0xDE, 0x90,
    0x00, 0xB6, 0xBF, 0xBC, 0xA8, 0xA9, 0x49, 0x1A, 0xA4, 0x69, 0x35, 0x39, 0x54, 0x6D, 0x6A, 0xED,
    0x8F, 0x6D, 0x6C, 0xED, 0x65, 0x4B, 0x03, 0xA4, 0xFD, 0xEF, 0xAB, 0x36, 0x6E, 0x6F, 0xF5, 0x60,
    0xC3, 0x40, 0xB4, 0xB0, 0x90, 0x41, 0x02, 0x49, 0xEA, 0x64, 0xDF, 0x6C, 0xF6, 0xF3, 0x98, 0x31,
    0xF5, 0x58, 0xD8, 0x88, 0x7F, 0x9A, 0xF6, 0x55, 0xD9, 0x55, 0xF7, 0x3F, 0xD2, 0x5A, 0xC4, 0x8F,
    0xEF, 0x93, 0x0B, 0x67, 0x96, 0xD9, 0x79, 0x78, 0xC4, 0x85, 0xD1, 0xC2, 0x16, 0xF6, 0x19, 0xFD,
    0x39, 0x33, 0x6D, 0x57, 0x01, 0x0A, 0xEB, 0xAA, 0x5A, 0xAA, 0x12, 0xD5, 0xE0, 0xC8, 0xF8, 0x2D,
    0x2B, 0xED, 0xAA, 0x66, 0x57, 0x25, 0x9D, 0x12, 0x16, 0x94, 0xD0, 0xA0, 0x84, 0x07, 0x28, 0x3A,
    0x07, 0x33, 0xEC, 0xCE, 0xE5, 0xE3, 0x19, 0x4C, 0x9A, 0x21, 0x76, 0x8E, 0x2C, 0xC7, 0x62, 0x96,
    0x9A, 0xFC, 0x29, 0xA7, 0xA0, 0xC1, 0x3A, 0x1D, 0x9C, 0x8D, 0x3A, 0x95, 0x8C, 0xA9, 0xAD, 0x50,
    0x96, 0x28, 0x33, 0x2E, 0x3B, 0x21, 0xEB, 0x7D, 0x4B, 0xA6, 0x48, 0x81, 0x23, 0x05, 0x92, 0x14,
    0x58, 0x52, 0xA0, 0x49, 0x09, 0x4F, 0x8E, 0x28, 0x97, 0x1A, 0xEC, 0x18, 0x9A, 0x9E, 0x5D, 0x3A,
    0x47, 0x87, 0x16, 0x4E, 0x30, 0x55, 0x6D, 0x93, 0x29, 0x91, 0x51, 0xA1, 0x48, 0xE8, 0x8A, 0x1A,
    0x45, 0x4C, 0xB1, 0xDB, 0x50, 0xC3, 0x6B, 0x58, 0x13, 0x53, 0x6E, 0xF1, 0x72, 0xAB, 0x97, 0x5B,
    0xBE, 0xDC, 0xFA, 0xC5, 0x0B, 0x18, 0x73, 0x13, 0x6D, 0x94, 0x29, 0x2C, 0x70, 0xCE, 0x73, 0x70,
    0x8E, 0x83, 0xCE, 0x58, 0xA7, 0x0C, 0xD8, 0x59, 0x19, 0x53, 0xDE, 0x5F, 0x83, 0x1A, 0x9B, 0xCF,
    0x73, 0x84, 0x3A, 0x2D, 0x0C, 0xFE, 0xF8, 0x7B, 0xC9, 0x28, 0xC9, 0xBF, 0x3B, 0xA2, 0x68, 0x4B,
    0x4C, 0x25, 0x70, 0x1D, 0x8A, 0xF6, 0x62, 0x72, 0x1C, 0xBC, 0xCE, 0x74, 0x4F, 0xCF, 0x3D, 0x76,
    0x1B, 0x16, 0x1C, 0xAD, 0x43, 0xA7, 0x4E, 0xD0, 0xB0, 0xA9, 0xBD, 0xE8, 0x94, 0xA1, 0xE6, 0xAC,
    0x33, 0x67, 0xAA, 0x4D, 0x9F, 0x76, 0xC6, 0xCF, 0xD3, 0xF3, 0x63, 0x9A, 0x56, 0x43, 0xD6, 0x32,
    0x3B, 0x5C, 0x2C, 0x3B, 0xC9, 0x0D, 0x77, 0xCE, 0x80, 0xE4, 0x02, 0x4F, 0x41, 0xA1, 0xF2, 0x74,
    0x50, 0x68, 0xFE, 0x0B, 0xF1, 0xD9, 0xA1, 0x25, 0x2F, 0x9D, 0xF1, 0xF5, 0x6D, 0x19, 0x4D, 0x41,
    0xD4, 0x9C, 0xA0, 0x86, 0xA9, 0x0E, 0xE0, 0x6B, 0xE0, 0x66, 0x1A, 0xFE, 0xC7, 0x8C, 0x58, 0x30,
    0xE5, 0x49, 0xB6, 0x8C, 0xB3, 0x37, 0x9F, 0x5B, 0x18, 0xF7, 0x7F, 0x96, 0x4C, 0xFB, 0xB7, 0xDD,
    0x2C, 0x19, 0x3F, 0x75, 0xDE, 0xBF, 0xD8, 0xFC, 0xE1, 0x22, 0xAD, 0xFD, 0x57, 0xA9, 0xC4, 0xFA,
    0x90, 0xE8, 0x9D, 0x44, 0xF2, 0xDC, 0xA6, 0x5E, 0xCC, 0xFF, 0x7B, 0x83, 0xFD, 0x9C, 0x9B, 0xC9,
    0xE7, 0x23, 0x07, 0xB0, 0xA3, 0x79, 0x67, 0x31, 0xC7, 0xAB, 0x55, 0x84, 0x7C, 0xC9, 0x70, 0xC4,
    0x1B, 0xCB, 0x42, 0x48, 0xEE, 0x0F, 0xB7, 0x6D, 0xF3, 0x14, 0xB7, 0xF0, 0x8D, 0xA6, 0xE4, 0xCD,
    0x53, 0xD7, 0x0C, 0x77, 0xDA, 0xB0, 0x14, 0x26, 0x0D, 0x52, 0xA2, 0xFE, 0x8B, 0xE4, 0xBF, 0xFF,
    0x49, 0x7E, 0xA0, 0xE4, 0xC2, 0x23, 0x63, 0xD3, 0xCA, 0x2F, 0x41, 0x25, 0xB0, 0x2E, 0xE1, 0xBB,
    0x6A, 0xEF, 0x01, 0xE1, 0xF9, 0x90, 0xB3, 0xDB, 0xC7, 0xDD, 0x4D, 0x12, 0x5D, 0x16, 0xA4, 0x36,
    0xC1, 0xD0, 0x1D, 0x5C, 0x5B, 0xFC, 0xFE, 0x63, 0x55, 0x14, 0xFD, 0xB1, 0xE5, 0x2B, 0xD1, 0xE3,
    0x48, 0xAE, 0x3C, 0xDD, 0x44, 0xEF, 0x89, 0x22, 0xBF, 0xDD, 0xFD, 0xBC, 0xEC, 0x8A, 0x38, 0xDF,
    0xE2, 0xE1, 0xE9, 0x46, 0x95, 0x4F, 0x52, 0xD1, 0x3C, 0x59, 0x82, 0xA5, 0xCF, 0x70, 0x96, 0x08,
    0x91, 0x3C, 0x6A, 0xE5, 0xE3, 0x4C, 0x58, 0x89, 0x0B, 0x36, 0xCB, 0xB8, 0x20, 0xB7, 0xEB, 0x37,
    0xC7, 0xBF, 0x22, 0xD8, 0x12, 0xB3, 0xFE, 0xBB, 0x88, 0x7F, 0x0C, 0x35, 0xF2, 0xA3, 0xED, 0x04,
    0x1B, 0xAE, 0xFE, 0x9C, 0xBF, 0xD0, 0xDE, 0x70, 0x72, 0xCE, 0x8F, 0x8A, 0xD9, 0xFF, 0x03, 0xD5,
    0x58, 0xB1, 0xCF, 0xE5, 0x46, 0x11, 0x9F, 0x67, 0x1F, 0x9F, 0xA3, 0x58, 0xC4, 0x57, 0x22, 0x4E,
    0xE0, 0x16, 0xA1, 0x70, 0x6E, 0x29, 0xEE, 0xB4, 0x4E, 0xDA, 0x14, 0x50, 0xD3, 0xD2, 0x85, 0xE2,
    0x28, 0x52, 0x22, 0xBC, 0x4A, 0x0A, 0x0A, 0x9A, 0xAF, 0xE0, 0x0F, 0x78, 0x12, 0x14, 0x44, 0xA2,
    0x40, 0x82, 0x82, 0xEA, 0xD6, 0x90, 0x22, 0xAD, 0x75, 0x29, 0x4E, 0xA2, 0x40, 0x0E, 0x4A, 0x7F,
    0x2E, 0x5C, 0xF8, 0x72, 0xB6, 0x97, 0xDF, 0x6F, 0xD6, 0xF6, 0xF3, 0x7B, 0xF7, 0xDD, 0x5D, 0xEE,
    0xAA, 0xE0, 0xCF, 0x3B, 0xB3, 0x6F, 0x3D, 0x3B, 0x33, 0x3B, 0x33, 0x3B, 0xB3, 0xFB, 0x1D, 0x8F,
    0x2F, 0x7C, 0x44, 0xE4, 0x47, 0x91, 0x7D, 0x27, 0x95, 0xF8, 0x2F, 0x22, 0x9D, 0x44, 0x83, 0xA4,
    0xB3, 0xBC, 0xFB, 0x47, 0x7B, 0xFB, 0x58, 0x0A, 0x3E, 0xBE, 0xD9, 0x2B, 0x0A, 0x7F, 0x2A, 0xF2,
    0x8E, 0x38, 0x6F, 0x8F, 0x99, 0x1C, 0xEF, 0xC9, 0xF1, 0xAF, 0x6F, 0xCE, 0xEF, 0xE7, 0xCA, 0x32,
    0xB2, 0x92, 0x8A, 0xBC, 0x2B, 0xE4, 0x79, 0x2F, 0xB2, 0x59, 0x64, 0xE3, 0x8F, 0x2D, 0x47, 0xDF,
    0xEC, 0x3D, 0x94, 0xC6, 0xFB, 0xFA, 0x65, 0xAD, 0xF2, 0x78, 0x5A, 0x47, 0xD8, 0xED, 0x21, 0xC1,
    0x40, 0x30, 0x9E, 0x03, 0x7D, 0x9A, 0xAD, 0xD7, 0xBE, 0xB4, 0xF7, 0x0A, 0xBA, 0x0F, 0xDF, 0xFB,
    0xD4, 0x7D, 0x36, 0x7F, 0x2B, 0xDE, 0x55, 0xD9, 0x00, 0x64, 0x7B, 0x2E, 0x3E, 0xC4, 0x7D, 0xD2,
    0xA7, 0x5D, 0x86, 0xBF, 0xBC, 0x2D, 0x5A, 0xD3, 0x54, 0x8D, 0xAB, 0x7D, 0x9D, 0xF7, 0x45, 0x67,
    0x3A, 0xD3, 0x9A, 0xDA, 0xD4, 0x95, 0xAD, 0x4A, 0x27, 0x5E, 0x26, 0xC9, 0x07, 0x8E, 0x93, 0x6A,
    0x19, 0x17, 0x27, 0x0F, 0xA5, 0x6A, 0x40, 0xD7, 0xE5, 0xCA, 0x23, 0xED, 0x93, 0x21, 0x1E, 0xA2,
    0xF1, 0x30, 0xC6, 0x3D, 0x39, 0x93, 0x77, 0xE0, 0x1E, 0x24, 0x50, 0x86, 0xCE, 0x87, 0x1C, 0x4A,
    0xA2, 0xAC, 0x20, 0x4D, 0xE5, 0x51, 0xA2, 0x72, 0xAF, 0x02, 0x7F, 0xEB, 0x4A, 0xCA, 0xA6, 0x74,
    0x2F, 0x33, 0x34, 0x08, 0x3A, 0xAC, 0xF4, 0x81, 0x13, 0x75, 0x31, 0x27, 0x7A, 0x21, 0xFD, 0x0C,
    0xBD, 0x26, 0x68, 0xE6, 0xA0, 0x1B, 0xF4, 0x03, 0xDF, 0x1C, 0xD4, 0xD9, 0xA6, 0x65, 0xD6, 0x25,
    0x43, 0xDA, 0xC7, 0x43, 0xDC, 0x47, 0x63, 0x3C, 0x1C, 0x46, 0x6C, 0xA0, 0x6C, 0x80, 0x71, 0x6E,
    0x00, 0x0C, 0xA7, 0x4B, 0x70, 0x33, 0x71, 0x0F, 0x90, 0x6E, 0x20, 0xE9, 0x56, 0x10, 0x6F, 0xE0,
    0x45, 0x32, 0x5E, 0x4B, 0xD0, 0x37, 0xA2, 0x3B, 0xE9, 0xD2, 0xBD, 0x40, 0x17, 0x67, 0x25, 0xF1,
    0xBD, 0xE4, 0x7E, 0x14, 0xE3, 0x67, 0x34, 0x65, 0xA5, 0xCD, 0x68, 0x9B, 0xF5, 0x1B, 0x69, 0x48,
    0x5B, 0x8A, 0xA0, 0x03, 0x49, 0xBE, 0x15, 0x3F, 0x09, 0xF6, 0x19, 0x23, 0x68, 0x16, 0x7C, 0xF6,
    0xA5, 0x40, 0xE6, 0xB5, 0x46, 0x57, 0x61, 0x5D, 0x83, 0xAD, 0xD6, 0xB9, 0xA6, 0xB0, 0x85, 0x95,
    0xA2, 0x74, 0x8D, 0x70, 0x44, 0x38, 0x28, 0x1C, 0x17, 0x7E, 0xC2, 0x07, 0x05, 0x2B, 0xC1, 0x4A,
    0x03, 0xEE, 0x2B, 0x5E, 0xC7, 0x57, 0xBA, 0x3D, 0xE7, 0x03, 0x14, 0x92, 0x78, 0x50, 0x89, 0x29,
    0x15, 0xD4, 0x55, 0x8A, 0x2A, 0x2C, 0x79, 0xAD, 0x7D, 0xF3, 0xCF, 0x19, 0xC0, 0x86, 0x3E, 0x82,
    0x08, 0x51, 0xA1, 0x4F, 0x85, 0xBF, 0xC3, 0x78, 0xEA, 0x2F, 0x6C, 0xB4, 0xBF, 0xB0, 0x51, 0xFA,
    0x85, 0x8D, 0xF2, 0x59, 0xD8, 0x28, 0xFF, 0x85, 0x0D, 0xE5, 0xAE, 0x6C, 0x04, 0xFA, 0xAC, 0x6C,
    0x44, 0x36, 0x6D, 0xC2, 0x94, 0xFA, 0xD4, 0x37, 0xF6, 0x0A, 0x3A, 0x55, 0xBA, 0x19, 0x9D, 0x14,
    0xD8, 0x7C, 0xD4, 0x97, 0xDA, 0x38, 0xDF, 0x65, 0x74, 0x23, 0xB5, 0xF1, 0xC9, 0x90, 0xB7, 0xAE,
    0x24, 0x1B, 0x04, 0xE6, 0x58, 0xD4, 0x94, 0x9E, 0xD7, 0xA7, 0xBE, 0xB1, 0x11, 0xFA, 0xC6, 0x16,
    0x35, 0xD9, 0x6C, 0xE3, 0x60, 0xB3, 0xF5, 0x63, 0xFA, 0x6A, 0xE1, 0x43, 0x6D, 0x56, 0xFE, 0xD4,
    0x66, 0x95, 0x6B, 0x20, 0x22, 0x09, 0xFA, 0xEC, 0xED, 0x79, 0x61, 0xD2, 0x0B, 0xAB, 0x5E, 0x18,
    0xF6, 0xC2, 0xB6, 0x17, 0xE6, 0xBD, 0xB0, 0xF0, 0x85, 0x91, 0x2F, 0xEC, 0x7C, 0x61, 0xEA, 0x0B,
    0x6B, 0x5F, 0x18, 0xFC, 0x79, 0x9B, 0x5F, 0x98, 0xFD, 0xC2, 0xF2, 0x7B, 0xE3, 0xA7, 0xD3, 0x99,
    0xFD, 0x8D, 0xB7, 0x7B, 0x17, 0x20, 0x89, 0xEF, 0xBC, 0xF0, 0xFE, 0x94, 0x75, 0x3B, 0x47, 0x7C,
    0x32, 0xD2, 0xB0, 0x9B, 0x2F, 0x3E, 0x19, 0xF8, 0x73, 0x73, 0xC7, 0x67, 0x03, 0x15, 0xDA, 0x3C,
    0xA2, 0x5F, 0x4F, 0x4E, 0xD1, 0xB9, 0x27, 0xBF, 0x28, 0xE7, 0x9D, 0x6B, 0x28, 0x77, 0xE7, 0x9D,
    0x0A, 0x5A, 0xED, 0x1C, 0x04, 0x9D, 0x43, 0xAA, 0xAB, 0x6A, 0x26, 0xB9, 0x90, 0xE2, 0x38, 0x96,
    0x8C, 0xA6, 0x49, 0x47, 0x53, 0xA7, 0x43, 0x55, 0xA7, 0x7D, 0x65, 0xB3, 0xCE, 0x95, 0x68, 0x92,
    0xB5, 0x68, 0xCD, 0x8C, 0x86, 0x94, 0x59, 0x93, 0x4E, 0xBC, 0x25, 0x29, 0x76, 0x2B, 0xA9, 0xB1,
    0x93, 0x39, 0x81, 0x08, 0x73, 0x0E, 0xB3, 0x70, 0xDA, 0x61, 0x12, 0xCE, 0x0C, 0xA8, 0x89, 0x46,
    0x99, 0x03, 0x22, 0x0B, 0x9A, 0xC4, 0x3A, 0x4D, 0xCC, 0xA6, 0x2E, 0xEA, 0xBC, 0xC9, 0x9B, 0xAC,
    0xC9, 0x5A, 0x6F, 0xF3, 0xCE, 0xD5, 0x59, 0x5F, 0xA1, 0x91, 0xAF, 0xA9, 0x93, 0xA1, 0x00, 0x71,
    0xDE, 0xC4, 0x63, 0x8E, 0xB9, 0x59, 0x73, 0x18, 0xB3, 0x56, 0x46, 0xD2, 0x45, 0x5E, 0x48, 0x7A,
    0xA0, 0x68, 0x45, 0x8B, 0x22, 0x9C, 0x03, 0xC4, 0x69, 0x50, 0x83, 0x33, 0xA5, 0x2A, 0x39, 0x19,
    0x16, 0xE0, 0x7C, 0x58, 0x98, 0x2C, 0x90, 0x5B, 0xE4, 0x0A, 0x59, 0xA6, 0x80, 0xD1, 0x2A, 0x04,
    0xC2, 0x3C, 0x49, 0x3C, 0x3A, 0xD8, 0xD0, 0xD4, 0x59, 0x9B, 0xA1, 0x54, 0xA5, 0xBD, 0x2B, 0x31,
    0xF7, 0xE0, 0x6B, 0x89, 0x99, 0x12, 0x19, 0xE3, 0x4C, 0x5E, 0xED, 0x69, 0x68, 0x0A, 0x43, 0x6C,
    0xFC, 0x9C, 0x60, 0xEC, 0x40, 0xFF, 0x83, 0x66, 0x1B, 0x8C, 0x75, 0xB0, 0x36, 0x10, 0x93, 0xC3,
    0x9F, 0x38, 0x58, 0x61, 0x08, 0xAE, 0x00, 0x0F, 0xA9, 0x38, 0x38, 0x9E, 0x06, 0x23, 0x4C, 0x66,
    0x9F, 0x63, 0x9C, 0x80, 0x42, 0x1B, 0x61, 0x58, 0x87, 0x86, 0x30, 0x04, 0xE2, 0x56, 0xC3, 0x91,
    0xC1, 0x7A, 0xAB, 0x60, 0x04, 0xDF, 0xCD, 0x87, 0xDF, 0x40, 0xE6, 0xEF, 0xBF, 0xF4, 0x10, 0xD4,
    0x25, 0xE0, 0x51, 0x8D, 0x05, 0xA6, 0x64, 0xDE, 0xA1, 0x0E, 0x7D, 0xE1, 0xFD, 0xA3, 0xDE, 0xE0,
    0xB8, 0xF2, 0xB3, 0x11, 0x85, 0x6B, 0xCA, 0x26, 0x83, 0x03, 0x4C, 0x36, 0xE6, 0x8F, 0xBC, 0xFF,
    0x57, 0x8F, 0x5D, 0xE0, 0xA9, 0xC3, 0x64, 0xC0, 0xA8, 0xEA, 0x33, 0x72, 0x40, 0xC0, 0x58, 0x71,
    0x1F, 0xB4, 0xD0, 0xFB, 0x27, 0xF9, 0x70, 0x6F, 0x95, 0x12, 0x24, 0xAA, 0x74, 0x2C, 0xCF, 0xB5,
    0x2B, 0xA8, 0x76, 0xA0, 0x52, 0xD0, 0x3C, 0x07, 0x9A, 0x57, 0x02, 0xB3, 0x03, 0x72, 0xFE, 0x30,
    0x63, 0x5B, 0x65, 0xBF, 0xCB, 0xFB, 0xFC, 0xA9, 0x1F, 0xE4, 0xCE, 0x5C, 0x42, 0x69, 0xA4, 0x98,
    0xC4, 0x6B, 0x8D, 0xF1, 0x88, 0xC8, 0x21, 0x81, 0xC1, 0x51, 0x58, 0x10, 0x5F, 0x60, 0xFF, 0xA1,
    0x65, 0xCC, 0xBF, 0x7D, 0x0D, 0x80, 0x38, 0xAE, 0x01, 0x60, 0x7B, 0xD8, 0x85, 0x16, 0x9A, 0x08,
    0x98, 0x9E, 0xE8, 0x0E, 0xDA, 0x59, 0x52, 0x2E, 0x36, 0xE9, 0x57, 0x10, 0x1D, 0xCF, 0x94, 0x49,
    0x68, 0x7C, 0xBA, 0x55, 0x7D, 0x14, 0x80, 0xFE, 0xE4, 0x07, 0x14, 0x3A, 0xDF, 0x13, 0x0C, 0x27,
    0xF0, 0x56, 0x38, 0xB5, 0x4A, 0xA5, 0x05, 0x0D, 0xFB, 0x6D, 0xC6, 0x39, 0xF6, 0x81, 0xAF, 0x33,
    0x3D, 0xE1, 0xCD, 0xF0, 0x2F, 0x1F, 0xA6, 0x01, 0xFE, 0x44, 0x5C, 0xC8, 0xAF, 0xFC, 0xAC, 0x47,
    0xDD, 0xEF, 0xFB, 0xA7, 0xFC, 0x89, 0x65, 0xF9, 0xA7, 0xCB, 0x41, 0x0B, 0x9B, 0x3A, 0x51, 0xFA,
    0x09, 0x1B, 0xFB, 0x4F, 0xF2, 0x1D, 0xE7, 0x4B, 0xF7, 0x95, 0x68, 0x7C, 0xDD, 0x55, 0x39, 0x77,
    0xCA, 0x73, 0xDB, 0x45, 0x30, 0x26, 0x76, 0x83, 0x16, 0xF0, 0x1C, 0x8E, 0xA6, 0x71, 0x91, 0x9C,
    0xB1, 0x59, 0x24, 0x9E, 0xC2, 0x5A, 0x99, 0x91, 0x60, 0x2B, 0xD8, 0x53, 0x58, 0x29, 0x23, 0x64,
    0x8B, 0x18, 0xFC, 0xB3, 0xC1, 0x63, 0x86, 0xB3, 0x9A, 0x27, 0x6C, 0xDE, 0x26, 0xF2, 0xF6, 0xC2,
    0x33, 0x56, 0x07, 0xFD, 0xED, 0x3F, 0x84, 0x9E, 0x91, 0x2C, 0x15, 0x53, 0x60, 0xAC, 0xC7, 0xC2,
    0x00, 0xC3, 0x88, 0x68, 0x09, 0x92, 0x67, 0x4F, 0x48, 0xF3, 0xCB, 0x7F, 0x6F, 0x73, 0xEF, 0x8B,
    0xDC, 0x93, 0xF4, 0xFE, 0x31, 0xBD, 0xDF, 0xC2, 0xF6, 0x78, 0x13, 0xDF, 0xE0, 0x35, 0x7E, 0xDA,
    0xDE, 0x58, 0x47, 0x32, 0xE6, 0xB2, 0x2E, 0x7B, 0xD8, 0xE3, 0x4D, 0xEE, 0x1F, 0xAF, 0xEE, 0x1D,
    0xC3, 0x5C, 0xE7, 0x87, 0xED, 0x15, 0x59, 0x4B, 0x4D, 0xC8, 0xD7, 0x79, 0x13, 0xB2, 0x73, 0x48,
    0xCA, 0xB4, 0xCD, 0xF4, 0xAD, 0x20, 0xA9, 0x78, 0x93, 0x58, 0x5F, 0x44, 0xE5, 0x2B, 0xDF, 0xD7,
    0xA2, 0xDF, 0x11, 0xC3, 0x25, 0xDB, 0x2B, 0xDF, 0xE0, 0x7D, 0x2D, 0xFA, 0x33, 0x62, 0xEE, 0x3C,
    0xB9, 0xE3, 0x6D, 0xD8, 0x7E, 0xF0, 0xF6, 0xC0, 0x74, 0x32, 0x33, 0x06, 0xBC, 0x86, 0xB3, 0x65,
    0x90, 0xD7, 0x66, 0x8C, 0x7D, 0x5D, 0x4C, 0x91, 0x6F, 0x90, 0xEE, 0xE0, 0xE6, 0x6E, 0xCD, 0x0C,
    0x88, 0x3A, 0xD3, 0x71, 0x73, 0xB6, 0x3F, 0xBE, 0x0E, 0xB9, 0xCD, 0xD1, 0x60, 0xDA, 0xE3, 0x76,
    0xD4, 0x34, 0x1A, 0xB3, 0x17, 0x11, 0xE4, 0x5E, 0xAB, 0x36, 0xD3, 0x2B, 0x2D, 0x5D, 0xCD, 0x1C,
    0x57, 0xDA, 0x7E, 0x49, 0xA9, 0x4A, 0x9B, 0x86, 0x60, 0xDC, 0x76, 0xF2, 0xB8, 0x1E, 0x62, 0x4F,
    0xBD, 0x74, 0x94, 0x57, 0x3D, 0xBA, 0xCF, 0xA3, 0x7E, 0xDB, 0xE2, 0x64, 0xAA, 0x69, 0x30, 0x9B,
    0xCF, 0x7A, 0xA7, 0xAF, 0xA7, 0x19, 0xB4, 0x4B, 0xEC, 0x83, 0x55, 0x80, 0x17, 0x9B, 0x04, 0x8B,
    0x00, 0xAB, 0x3D, 0x80, 0xD5, 0x1A, 0xC4, 0xB4, 0x05, 0xB0, 0x5A, 0x42, 0x15, 0x87, 0x1D, 0x02,
    0x56, 0x3A, 0x5D, 0x97, 0x62, 0x58, 0x40, 0x31, 0xD6, 0x4F, 0xCC, 0xD5, 0xC7, 0x4B, 0xE5, 0x20,
    0xE6, 0xCA, 0x15, 0x8F, 0x01, 0x73, 0xAD, 0x7B, 0xFC, 0xB2, 0xB5, 0xF2, 0x28, 0x94, 0x2F, 0xD5,
    0xAA, 0xD0, 0x52, 0x56, 0x6E, 0x78, 0x1D, 0x5F, 0xE8, 0x58, 0x00, 0x91, 0x75, 0x80, 0xB0, 0xA2,
    0x92, 0x99, 0x98, 0xF7, 0xE3, 0xF6, 0xC0, 0x6C, 0xE7, 0xB0, 0x00, 0x38, 0x5C, 0xD7, 0x91, 0x4D,
    0x55, 0x93, 0x4C, 0x38, 0x72, 0x54, 0xCD, 0xD5, 0x9F, 0x15, 0x51, 0x56, 0x40, 0xFC, 0x46, 0x57,
    0x8F, 0x44, 0x28, 0x5A, 0x44, 0xA9, 0x67, 0xFA, 0x47, 0x62, 0xD3, 0x23, 0xAD, 0x19, 0x14, 0xB9,
    0x26, 0xA0, 0x5A, 0x91, 0xB7, 0x2B, 0xBA, 0xF1, 0x41, 0x35, 0x90, 0xDF, 0x86, 0xB0, 0x41, 0x24,
    0x68, 0x32, 0x6B, 0x56, 0xB4, 0x0C, 0x2E, 0x24, 0x50, 0x79, 0x58, 0x5A, 0x5F, 0x69, 0xF4, 0x32,
    0x43, 0x32, 0x15, 0xEE, 0x1B, 0x33, 0x66, 0xDE, 0x86, 0x56, 0x34, 0xA1, 0x31, 0x83, 0x9A, 0xFA,
    0xF9, 0x56, 0xD9, 0xD0, 0x78, 0xD2, 0x5E, 0x1B, 0x7D, 0x75, 0x6A, 0x90, 0x73, 0x4D, 0x30, 0xE9,
    0x1D, 0xAB, 0x24, 0xC0, 0xCE, 0x46, 0xFD, 0x25, 0xE8, 0x09, 0x06, 0x82, 0xF1, 0x1C, 0x0C, 0x1B,
    0x50, 0xBA, 0x96, 0x40, 0xA7, 0x61, 0xDF, 0x63, 0xC3, 0x55, 0xF5, 0xA7, 0x25, 0x33, 0x80, 0xBC,
    0x1E, 0xC0, 0xB6, 0xF5, 0xEA, 0xB1, 0x96, 0xF5, 0x84, 0x69, 0x18, 0x57, 0x69, 0x02, 0xB3, 0x81,
    0x6A, 0x03, 0xA7, 0x31, 0x25, 0x51, 0x62, 0x9D, 0xA6, 0x0C, 0x94, 0x95, 0xE1, 0xDA, 0x00, 0x46,
    0xAD, 0x81, 0x30, 0x88, 0x43, 0x18, 0x00, 0x34, 0x04, 0x2D, 0x41, 0x77, 0x03, 0x68, 0x37, 0x92,
    0x3A, 0x4C, 0x5B, 0x18, 0x5C, 0x87, 0x58, 0x5B, 0xDA, 0x77, 0x93, 0xF6, 0xA3, 0xE2, 0xF3, 0x47,
    0xA3, 0x79, 0xF6, 0x64, 0x4A, 0x29, 0xD0, 0xCD, 0xBA, 0xFB, 0xA1, 0x02, 0x6A, 0x06, 0xCA, 0xC5,
    0xE3, 0x2F, 0xC6, 0x1F, 0x26, 0xED, 0x3F, 0x6E, 0xED, 0xE6, 0xEC, 0x6F, 0x77, 0x37, 0x45, 0x0A,
    0x93, 0x4F, 0x11, 0xAE, 0xEF, 0xBD, 0x5E, 0xDC, 0xF5, 0x9F, 0x0C, 0xAC, 0xB9, 0x33, 0xEB, 0xF4,
    0x15, 0x6B, 0x6C, 0x19, 0xEE, 0xC6, 0x08, 0x8E, 0x50, 0xA3, 0x11, 0xD1, 0xFE, 0x2B, 0xD6, 0xEE,
    0xA6, 0xE8, 0x95, 0x47, 0x97, 0x6A, 0xB5, 0x8D, 0x6A, 0xF9, 0x3F, 0x7F, 0xAE, 0xC2, 0x0D, 0xC8,
    0xE6, 0xE1, 0x64, 0xD9, 0xE6, 0xFE, 0x0F, 0x8C, 0x90, 0x36, 0x9C, 0x35, 0x78, 0x1A, 0xD4, 0xFF,
    0x6E, 0x71, 0x8B, 0xEA, 0x4F, 0x0D, 0x9F, 0xEB, 0xE5, 0x30, 0x98, 0x36, 0xDA, 0x7E, 0x90, 0x34,
    0xBF, 0x36, 0xBF, 0x7B, 0x34, 0x56, 0xCF, 0x9E, 0x8C, 0x27, 0x2F, 0x4D, 0xAB, 0x97, 0x46, 0xF3,
    0xF9, 0x63, 0x78, 0xA9, 0xF9, 0x3B, 0x68, 0x6F, 0x87, 0x39, 0xED, 0xB9, 0x12, 0xCA, 0x8B, 0xDE,
    0x53, 0x5E, 0x1F, 0x91, 0x97, 0x79, 0x11, 0xAF, 0xC7, 0x81, 0xD7, 0xAD, 0x84, 0xBC, 0xDA, 0x13,
    0xAF, 0x90, 0xE4, 0xA2, 0x90, 0xDE, 0x71, 0x39, 0x62, 0x01, 0xC6, 0x59, 0xBF, 0x82, 0xBF, 0x70,
    0xBB, 0x75, 0xE1, 0x96, 0xCA, 0x85, 0x80, 0x10, 0xBF, 0x22, 0x3D, 0xF4, 0xEA, 0x2D, 0x2A, 0xE7,
    0xD9, 0x30, 0x24, 0x91, 0xE5, 0xBE, 0x5F, 0xDE, 0xC8, 0x91, 0xCF, 0x39, 0x61, 0xB5, 0x11, 0x3E,
    0x54, 0x42, 0xD6, 0xAA, 0x84, 0x89, 0xBF, 0x25, 0x21, 0x51, 0x51, 0x2B, 0xAA, 0x4A, 0xFD, 0x46,
    0x8E, 0x0F, 0x57, 0x8E, 0xC9, 0x19, 0x47, 0x71, 0x6A, 0x54, 0xAF, 0xE5, 0x8D, 0x07, 0xA9, 0xDB,
    0x4C, 0x17, 0x87, 0xA1, 0x28, 0x1F, 0x00, 0xBF, 0xC5, 0xF5, 0x87, 0x4F, 0xAC, 0x7A, 0x57, 0xAC,
    0xBE, 0xBF, 0xF0, 0x5F, 0x97, 0xC1, 0x1D, 0xA8, 0x31, 0xAC, 0x38, 0xBA, 0x23, 0xD7, 0xB3, 0xA5,
    0x81, 0x93, 0x0E, 0x0F, 0xBC, 0xD5, 0x5C, 0x7B, 0x70, 0xF5, 0xF7, 0x56, 0x6F, 0xEB, 0x51, 0xE5,
    0xBD, 0xE9, 0x96, 0xC4, 0x5F, 0x4E, 0x77, 0x25, 0x7B, 0x3A, 0x39, 0x4B, 0xD7, 0xDA, 0x48, 0x05,
    0x38, 0x84, 0xBC, 0xD3, 0x6C, 0x7E, 0x06, 0x7A, 0xFD, 0xA0, 0x24, 0x24, 0x2E, 0xB3, 0xAF, 0x27,
    0xD4, 0xA5, 0xFF, 0x4E, 0x46, 0xE4, 0x63, 0x28, 0x27, 0x11, 0x6F, 0x43, 0xE1, 0x66, 0x98, 0x77,
    0xCB, 0xDD, 0x10, 0x9D, 0x70, 0x29, 0x2B, 0xDA, 0xE5, 0x7E, 0x88, 0x4E, 0xB8, 0x21, 0x16, 0xCD,
    0x72, 0x47, 0xC4, 0xFE, 0x0F, 0xB7, 0x44, 0xED, 0xE8, 0x3D, 0xCD, 0x2E, 0x37, 0x45, 0x53, 0x2E,
    0x77, 0x45, 0x23, 0xFF, 0x03, 0xED, 0x55, 0x3D, 0x8E, 0xD4, 0x30, 0x14, 0x7E, 0x93, 0xC0, 0x46,
    0xC2, 0x45, 0xB6, 0xD9, 0x66, 0x1B, 0xF7, 0x50, 0xF8, 0x02, 0x48, 0x36, 0x35, 0x35, 0x35, 0x47,
    0x98, 0x13, 0xA0, 0xF8, 0x08, 0xF4, 0x34, 0x9C, 0x04, 0x5B, 0x9C, 0xC0, 0x37, 0xC0, 0xC5, 0x20,
    0x44, 0x97, 0xC2, 0x42, 0x5E, 0x6D, 0x92, 0xC7, 0xF7, 0x92, 0x19, 0xB4, 0xCB, 0x2E, 0x2B, 0x10,
    0xED, 0xC6, 0xF9, 0x26, 0xFE, 0x7B, 0xCF, 0xEF, 0x7B, 0xFE, 0xEC, 0xA1, 0xFD, 0x15, 0x35, 0xCC,
    0x51, 0x31, 0x8F, 0xBA, 0xF4, 0xD5, 0xA6, 0x6E, 0xB2, 0xB1, 0x15, 0xCC, 0x43, 0x6C, 0x66, 0xF9,
    0xAE, 0x6D, 0xF4, 0xCB, 0x78, 0x8F, 0x79, 0x32, 0x9F, 0x60, 0xF7, 0x8E, 0x18, 0x90, 0x87, 0xEF,
    0x2D, 0xE8, 0x8F, 0xD4, 0x02, 0x0A, 0xD0, 0x80, 0x05, 0xF8, 0x6D, 0x6C, 0x16, 0x1D, 0xE1, 0x2D,
    0xF6, 0xA3, 0x8E, 0x36, 0x02, 0xCC, 0xF3, 0x09, 0x44, 0x26, 0x0A, 0x34, 0xB3, 0x17, 0x18, 0x81,
    0x27, 0xB2, 0x82, 0xD7, 0x95, 0x6C, 0x60, 0x87, 0x79, 0xF1, 0xCC, 0xDB, 0x44, 0xA4, 0xF3, 0x1B,
    0x20, 0xA0, 0x8E, 0x3E, 0xDF, 0xF3, 0x42, 0xBB, 0x70, 0x80, 0xF9, 0xCA, 0xC9, 0x83, 0x53, 0x46,
    0xCC, 0xC5, 0x60, 0xA6, 0xFD, 0xBC, 0x90, 0xFD, 0xC2, 0x69, 0x40, 0xFC, 0x36, 0x83, 0x67, 0x6C,
    0x57, 0x98, 0xB1, 0x2F, 0x47, 0x4E, 0x5E, 0x38, 0x05, 0xF8, 0x16, 0x0C, 0xC2, 0x91, 0x86, 0x28,
    0xDC, 0x68, 0xB7, 0x10, 0xB5, 0x13, 0x91, 0x2A, 0xB2, 0x24, 0x9C, 0xA1, 0x3B, 0xF8, 0x75, 0xA8,
    0x41, 0xC4, 0x5D, 0x25, 0xEA, 0x47, 0xD0, 0x7D, 0x71, 0x90, 0x75, 0x1D, 0xFC, 0x25, 0x5D, 0xCC,
    0x68, 0x92, 0x1A, 0x35, 0x80, 0x08, 0x72, 0x0B, 0xFF, 0x3B, 0xC4, 0x87, 0xB1, 0xBC, 0xAD, 0x8F,
    0x3C, 0xE7, 0x7E, 0x02, 0xBF, 0x82, 0x38, 0x13, 0x85, 0x2B, 0xA2, 0xFD, 0x01, 0xE9, 0x62, 0x99,
    0x13, 0x4D, 0x36, 0xD9, 0x22, 0x43, 0xD6, 0xAB, 0x82, 0x6F, 0xB5, 0xD9, 0x54, 0xC3, 0xD7, 0x55,
    0xF1, 0xB7, 0xBA, 0xFB, 0xA4, 0xCA, 0x85, 0xC3, 0x58, 0x32, 0x19, 0x39, 0x8A, 0x1D, 0x6C, 0x48,
    0x78, 0x5B, 0xBA, 0x05, 0x70, 0x70, 0x27, 0x3C, 0x34, 0x66, 0x6F, 0x80, 0x8E, 0xCF, 0xCD, 0xBE,
    0x66, 0x6A, 0x2B, 0x58, 0x80, 0x8B, 0x8D, 0x52, 0x06, 0xBF, 0x15, 0xA9, 0x9B, 0xD4, 0x67, 0x35,
    0xB6, 0xB5, 0x99, 0x06, 0xA4, 0x45, 0xA3, 0xD5, 0x8F, 0xAA, 0x74, 0xB5, 0x9D, 0x7E, 0x95, 0xDA,
    0x15, 0xB1, 0x36, 0xB0, 0x1E, 0x68, 0xD1, 0x85, 0x96, 0x01, 0xEA, 0x40, 0x3E, 0xD8, 0x87, 0xC8,
    0xB0, 0xFA, 0x13, 0xE8, 0x3F, 0xB4, 0x49, 0x62, 0x06, 0x65, 0x45, 0x1B, 0xE2, 0x4B, 0x1B, 0xCF,
    0xE1, 0xED, 0x81, 0x37, 0x14, 0x68, 0x94, 0x9D, 0x24, 0x53, 0x92, 0xFA, 0xDC, 0xF5, 0xF9, 0xB8,
    0xD3, 0x89, 0x76, 0x10, 0x86, 0x82, 0x00, 0x6C, 0xD9, 0xAA, 0x22, 0x51, 0x11, 0xD1, 0x11, 0xB4,
    0xAF, 0xD4, 0x6D, 0x62, 0x4D, 0x26, 0xE9, 0xF1, 0xE9, 0x2A, 0x05, 0x93, 0x21, 0x78, 0x4F, 0x1A,
    0x76, 0x9A, 0xC5, 0x57, 0xB9, 0x20, 0x05, 0x02, 0x90, 0x05, 0x6C, 0x94, 0x04, 0x29, 0x1B, 0xFE,
    0x78, 0x40, 0x1E, 0x0F, 0xC8, 0x6F, 0x07, 0x64, 0x17, 0x32, 0xF8, 0xCD, 0xE2, 0x9F, 0x2E, 0x5D,
    0x70, 0x74, 0xB1, 0xED, 0xF3, 0xF0, 0x35, 0xF8, 0x80, 0xA4, 0x86, 0x0F, 0xEC, 0x2D, 0x07, 0xAF,
    0x66, 0xEC, 0x38, 0x38, 0x21, 0x37, 0xA2, 0xC7, 0x75, 0x25, 0xC4, 0x9A, 0x57, 0x38, 0x51, 0xEE,
    0xA5, 0x33, 0xDB, 0xE1, 0x81, 0xCF, 0x4A, 0xB7, 0xE6, 0x26, 0x9B, 0x07, 0xDF, 0x8F, 0x27, 0x48,
    0xFB, 0x34, 0x57, 0xE6, 0x0D, 0xDE, 0x40, 0xCB, 0x01, 0x23, 0x4C, 0xDD, 0xF5, 0x84, 0x3D, 0xC3,
    0xBE, 0x42, 0xEA, 0x0D, 0x43, 0xEB, 0x3F, 0x66, 0x92, 0x7E, 0x61, 0x19, 0x9C, 0x49, 0x0D, 0xBF,
    0x87, 0x74, 0x27, 0xC9, 0x17, 0x19, 0x17, 0xE2, 0x13, 0x12, 0x35, 0xF5, 0x19, 0x07, 0x5C, 0x30,
    0xCA, 0x37, 0xA0, 0x3D, 0x40, 0xB3, 0xB0, 0x89, 0x58, 0x07, 0x71, 0x4C, 0x88, 0x29, 0x6D, 0x7F,
    0x11, 0x37, 0x81, 0xCB, 0x81, 0xFF, 0xF2, 0x72, 0xB8, 0x63, 0x4B, 0xEC, 0xB8, 0x9B, 0x8F, 0x3E,
    0xE0, 0x1B, 0x5B, 0xB5, 0x01, 0xF5, 0xFD, 0x48, 0xAC, 0x26, 0xE2, 0x76, 0x91, 0x79, 0x9E, 0x6F,
    0x3F, 0x8B, 0x86, 0x96, 0x96, 0x50, 0x79, 0x46, 0x1D, 0xED, 0x57, 0x28, 0xEB, 0x3F, 0xD8, 0xC3,
    0x3F, 0xFF, 0x72, 0x95, 0xDD, 0xC3, 0x2C, 0x21, 0x5F, 0x69, 0xFD, 0x4A, 0x5B, 0xFA, 0x03, 0x6F,
    0xD1, 0xDF, 0x61, 0x86, 0x53, 0xC4, 0x72, 0xA1, 0x88, 0x2A, 0x70, 0x4A, 0xE3, 0x39, 0x99, 0xEF,
    0x0E, 0xB7, 0x0E, 0x8E, 0xD6, 0x19, 0xBB, 0x67, 0xE8, 0xB1, 0xDB, 0x6D, 0x80, 0x1B, 0xEA, 0x40,
    0x67, 0x1F, 0xE5, 0x1C, 0x6E, 0xEF, 0x00, 0xE1, 0x88, 0x5E, 0xFC, 0xAF, 0x9E, 0xE3, 0xCB, 0x5E,
    0xEE, 0x9D, 0xE0, 0x7F, 0x02, 0xB5, 0x58, 0x31, 0xAF, 0x1C, 0x49, 0x11, 0xEE, 0x99, 0x91, 0x3D,
    0xC1, 0x48, 0x1E, 0x12, 0x12, 0x2C, 0x33, 0xF7, 0x03, 0x90, 0x26, 0xB9, 0xC0, 0x42, 0x96, 0x7A,
    0x8E, 0x0B, 0x1C, 0x10, 0x40, 0x82, 0x44, 0x48, 0x4A, 0xE4, 0xC4, 0xF9, 0xEC, 0x91, 0x10, 0x90,
    0x58, 0x82, 0x9F, 0x40, 0x74, 0xC9, 0x39, 0x78, 0xC1, 0x23, 0xEA, 0x01, 0x02, 0x07, 0x04, 0xB7,
    0xC2, 0x01, 0x21, 0x13, 0x58, 0x82, 0xCC, 0x83, 0x98, 0x13, 0xFB, 0x8E, 0x9E, 0x29, 0xEA, 0xFB,
    0xAA, 0xE7, 0xBD, 0x7D, 0xEF, 0xED, 0x9E, 0xE4, 0x93, 0x58, 0xFB, 0xD5, 0xD7, 0xBD, 0xDB, 0x5D,
    0x55, 0x5D, 0x5D, 0x55, 0x5D, 0xDD, 0xEE, 0xF1, 0xBA, 0x73, 0xCE, 0x89, 0x1C, 0x9C, 0x2B, 0x45,
    0x56, 0xE7, 0x6A, 0x11, 0xE9, 0x9C, 0x8F, 0xB9, 0x0C, 0xAE, 0x9F, 0x9C, 0xD2, 0xB0, 0x77, 0xFD,
    0xDE, 0x85, 0xC1, 0x61, 0x60, 0xA2, 0x5E, 0x47, 0x1D, 0xD3, 0x60, 0x74, 0xEF, 0x27, 0xA7, 0xB3,
    0x40, 0x7D, 0x04, 0x05, 0x37, 0x99, 0x4B, 0x52, 0x67, 0xF4, 0x31, 0xA9, 0xC3, 0xAF, 0x27, 0xA9,
    0xFE, 0x7C, 0x8A, 0xBA, 0x62, 0x18, 0xF1, 0x7B, 0xF1, 0xD9, 0x1E, 0x50, 0xFE, 0x88, 0x9A, 0x54,
    0x05, 0xE0, 0xB1, 0xFC, 0x56, 0x57, 0x91, 0x53, 0x73, 0xD7, 0x28, 0x68, 0xAF, 0x57, 0x98, 0x1C,
    0x65, 0x46, 0x57, 0xC8, 0xFC, 0xB2, 0x5F, 0x75, 0x85, 0xBB, 0xD7, 0x5E, 0x54, 0x29, 0x37, 0xFD,
    0x50, 0xBA, 0x26, 0xBA, 0xF1, 0xA5, 0xEC, 0xDA, 0x43, 0xB6, 0x7F, 0xAD, 0x52, 0x66, 0x0A, 0xF0,
    0x13, 0x05, 0xF8, 0x89, 0x02, 0xFC, 0x44, 0x01, 0x7E, 0x7A, 0x54, 0x76, 0x80, 0x27, 0x15, 0xF5,
    0xFC, 0x41, 0x4D, 0x78, 0xF6, 0x48, 0xA1, 0x9D, 0x3F, 0x7E, 0xE2, 0x7E, 0xE6, 0x9A, 0xC3, 0xEB,
    0x67, 0x99, 0xEC, 0xEA, 0x38, 0x3D, 0xCD, 0xA5, 0xAB, 0x64, 0x7C, 0x59, 0x88, 0x8A, 0xDD, 0xBF,
    0xAE, 0x57, 0x97, 0xC9, 0x61, 0x0A, 0xD1, 0xB9, 0x60, 0x2A, 0xB5, 0x30, 0x1A, 0x4D, 0xB3, 0xE8,
    0xFC, 0x47, 0xAD, 0xBC, 0x52, 0x20, 0x67, 0xE7, 0x9E, 0xD5, 0x84, 0xA7, 0x4F, 0x08, 0xBA, 0x30,
    0xEC, 0x4E, 0x8E, 0x25, 0xDC, 0x5A, 0xD8, 0xA8, 0x3C, 0x67, 0xFD, 0xAF, 0x12, 0x76, 0xAE, 0x8D,
    0xAE, 0xD4, 0x8D, 0xAB, 0x56, 0x57, 0xEB, 0x30, 0x15, 0xDB, 0x1C, 0x30, 0xA7, 0x6B, 0xD5, 0xCA,
    0xEE, 0x77, 0xC9, 0xAC, 0x37, 0x50, 0xC6, 0xC7, 0xEF, 0x08, 0x61, 0x06, 0xAC, 0xAA, 0x92, 0x02,
    0x78, 0x02, 0x6C, 0xED, 0xC2, 0x85, 0x81, 0xAB, 0x6B, 0x62, 0x19, 0xF3, 0xB5, 0xAB, 0x97, 0x32,
    0x2A, 0xEB, 0x4A, 0xCA, 0x58, 0x61, 0x61, 0x7F, 0x8B, 0xED, 0xA2, 0x4A, 0xC8, 0x0A, 0xCF, 0x31,
    0x95, 0x36, 0x05, 0x73, 0x5B, 0x58, 0x52, 0xDE, 0xF6, 0xE1, 0x04, 0xE5, 0x36, 0x7E, 0x30, 0xA5,
    0xED, 0x4E, 0xD0, 0xD3, 0xE3, 0xBF, 0x1B, 0xBE, 0xEA, 0x38, 0x69, 0xBF, 0xD1, 0xB3, 0x9C, 0xDD,
    0x8B, 0x2B, 0x78, 0x17, 0x07, 0x35, 0xE6, 0xA1, 0x34, 0x7B, 0x98, 0x74, 0xBD, 0xEA, 0xF1, 0x6A,
    0xD0, 0x4C, 0xDD, 0x4B, 0x76, 0xB9, 0x76, 0xAF, 0x1C, 0xA8, 0xBB, 0x45, 0xEF, 0xBB, 0x6C, 0xC6,
    0xEF, 0xB3, 0x33, 0xBF, 0x3A, 0x38, 0xEB, 0x35, 0x55, 0x5D, 0x5D, 0xA6, 0xF6, 0x0E, 0x43, 0x79,
    0xB8, 0x0E, 0xB0, 0x1D, 0x69, 0x07, 0xBA, 0x72, 0xD6, 0x3B, 0x6A, 0xFA, 0x4B, 0x73, 0x0E, 0xB7,
    0x1A, 0xE4, 0x70, 0x8E, 0x30, 0x84, 0xB7, 0xAB, 0x1A, 0x3C, 0xBC, 0xB1, 0x28, 0x0B, 0xEF, 0xCD,
    0xF3, 0xE1, 0x73, 0x10, 0x17, 0x62, 0x29, 0xB3, 0xAE, 0x24, 0x4C, 0x99, 0x8C, 0xBA, 0x16, 0x0D,
    0x6A, 0x19, 0xB2, 0x84, 0xBA, 0xAA, 0x1B, 0xCC, 0x13, 0x16, 0x09, 0xCB, 0x84, 0xF5, 0x1D, 0x6C,
    0x13, 0xFA, 0x84, 0x7D, 0x42, 0x49, 0xB8, 0x1A, 0xFE, 0x35, 0x1A, 0xBE, 0x35, 0x74, 0xE5, 0x6C,
    0x5A, 0xD7, 0xE6, 0x8F, 0xEE, 0xC1, 0x4F, 0x09, 0x90, 0x86, 0xE0, 0x13, 0x8B, 0x41, 0xC4, 0x09,
    0x20, 0x1A, 0x2C, 0x06, 0x92, 0x60, 0x47, 0x50, 0x95, 0x01, 0x7E, 0x22, 0xB4, 0x07, 0x85, 0x9E,
    0x8B, 0x5D, 0x0D, 0x24, 0x41, 0x21, 0x99, 0xDA, 0x53, 0x87, 0xB8, 0x30, 0x12, 0xFC, 0x74, 0x76,
    0xA4, 0xEE, 0x65, 0x8B, 0x21, 0x4E, 0xBE, 0x20, 0xF4, 0x42, 0xF0, 0x06, 0xB5, 0x41, 0x65, 0x50,
    0x18, 0x64, 0x06, 0x6A, 0xD9, 0x7E, 0xDB, 0xA0, 0xDE, 0x02, 0x61, 0x73, 0xFE, 0xD6, 0x7C, 0xFE,
    0xC0, 0xC6, 0xE8, 0xFA, 0x25, 0x35, 0x74, 0x3B, 0xAC, 0x51, 0x6C, 0x8D, 0x5C, 0x9E, 0xEB, 0x04,
    0x36, 0x7E, 0x6D, 0x8D, 0x6C, 0x6B, 0xE4, 0x37, 0x8D, 0xEE, 0xCE, 0xAC, 0x5A, 0x6E, 0x73, 0xBE,
    0x96, 0xC5, 0xB0, 0x4C, 0x8D, 0x2E, 0x35, 0x54, 0x43, 0x1B, 0xEC, 0xBE, 0xB9, 0x31, 0xA7, 0x86,
    0x26, 0x13, 0x6B, 0xD4, 0x94, 0x8E, 0x9C, 0x2B, 0xB3, 0x35, 0x0A, 0x39, 0x58, 0xC3, 0xF5, 0x73,
    0xCF, 0x23, 0xE4, 0xD6, 0xE2, 0xB7, 0x14, 0x9C, 0x5A, 0xD1, 0x5A, 0xAA, 0xD0, 0xB2, 0xB5, 0x2A,
    0xD9, 0x5A, 0xC5, 0x75, 0x0B, 0x71, 0x16, 0x28, 0x53, 0xD3, 0xA9, 0xA6, 0xCA, 0x9D, 0xB5, 0xD4,
    0x8F, 0x47, 0xFE, 0xFA, 0x09, 0xDC, 0x9B, 0x33, 0x3E, 0xD5, 0xDF, 0x23, 0xB9, 0xE8, 0xEC, 0x12,
    0xAD, 0x17, 0x6B, 0xA1, 0xD9, 0xD6, 0xA4, 0x15, 0xD2, 0x25, 0x0D, 0x72, 0xF9, 0x6A, 0xD3, 0x2A,
    0xC8, 0x15, 0x5B, 0x4C, 0xC2, 0xFB, 0x7E, 0xC4, 0xA0, 0x2C, 0x60, 0x19, 0x19, 0xFC, 0x2F, 0x0B,
    0x8B, 0x72, 0x61, 0x9A, 0xA8, 0x56, 0xD8, 0x73, 0x72, 0x3F, 0x57, 0x41, 0xDA, 0xF2, 0x87, 0x6A,
    0xD1, 0x2C, 0xAB, 0xAD, 0x46, 0x39, 0xEF, 0x1A, 0x8C, 0xAB, 0x57, 0x9C, 0x38, 0xD1, 0xB4, 0x97,
    0x6D, 0x73, 0x36, 0x9D, 0x95, 0x4D, 0x8E, 0x38, 0x1C, 0xB0, 0x22, 0x57, 0xAC, 0xFD, 0xC0, 0x64,
    0x5D, 0x2E, 0x7E, 0x4F, 0x67, 0xAF, 0xA2, 0x1F, 0x1D, 0xF2, 0x6D, 0x1D, 0xD5, 0xE8, 0x7A, 0x60,
    0xB8, 0x7A, 0x6E, 0x26, 0x58, 0xD9, 0x35, 0x53, 0x3D, 0xB3, 0xD1, 0x4E, 0x9A, 0xD1, 0x1B, 0xE5,
    0xE2, 0xC7, 0x14, 0xC7, 0xB2, 0xDE, 0x6F, 0x68, 0xFA, 0xE9, 0xFF, 0xBC, 0x68, 0x6C, 0x69, 0xA6,
    0x09, 0xBF, 0x5A, 0x91, 0x51, 0x54, 0x9F, 0x4F, 0x04, 0xDD, 0xF3, 0xB3, 0x9C, 0xD7, 0x39, 0xFD,
    0x1B, 0x04, 0xD8, 0xDB, 0xE8, 0xFC, 0x5F, 0xB4, 0xD1, 0xFE, 0x43, 0x1B, 0x7F, 0x3F, 0x20, 0xFF,
    0xA9, 0xFF, 0xBC, 0x9F, 0x9D, 0x69, 0x23, 0x93, 0x35, 0xF0, 0x67, 0x8A, 0x22, 0x48, 0xA1, 0x7A,
    0x05, 0x53, 0x61, 0x31, 0xC8, 0x11, 0x6C, 0x30, 0x8C, 0xD5, 0x08, 0xFC, 0x43, 0xC6, 0x7A, 0x95,
    0x59, 0xFE, 0x3A, 0x24, 0x5C, 0x13, 0x0A, 0xD0, 0xF6, 0x13, 0xE8, 0xE4, 0xB3, 0x84, 0x7F, 0x04,
    0x86, 0xE1, 0xDB, 0xA2, 0xCB, 0x12, 0xE6, 0x09, 0xF5, 0x2C, 0x33, 0xEB, 0xAD, 0x09, 0x63, 0xC2,
    0xCD, 0xAA, 0x3B, 0x73, 0xE5, 0x3B, 0xD4, 0x8E, 0x80, 0x63, 0xCA, 0xEF, 0xAB, 0x15, 0x34, 0xC8,
    0x5B, 0x64, 0x0A, 0xF9, 0x37, 0x0E, 0x44, 0xB8, 0x53, 0x2D, 0x5D, 0x2F, 0x38, 0x88, 0x35, 0x14,
    0xFD, 0x0C, 0xBF, 0xD6, 0xAC, 0xA4, 0x23, 0xCD, 0x37, 0xCE, 0x51, 0x1B, 0x63, 0xE3, 0x5B, 0x6C,
    0x74, 0xE2, 0x63, 0x3C, 0x95, 0xFF, 0x7F, 0x36, 0x59, 0x49, 0xEE, 0x99, 0x0F, 0x8A, 0xAC, 0xE5,
    0x04, 0x85, 0x43, 0x23, 0x28, 0x5B, 0xD6, 0x1B, 0x0C, 0xC6, 0x82, 0xB4, 0x56, 0x0F, 0xDE, 0x43,
    0x64, 0x3E, 0xA4, 0xBA, 0xC0, 0xE2, 0x58, 0x6E, 0x6A, 0x3C, 0x4F, 0x4B, 0xF5, 0x76, 0x96, 0x30,
    0x8F, 0xE4, 0x3C, 0xA9, 0x8C, 0x7A, 0x26, 0x14, 0x8B, 0xA4, 0x24, 0xEA, 0x68, 0x6E, 0xE2, 0x66,
    0x9C, 0x55, 0x4A, 0xB6, 0xA3, 0xC4, 0x81, 0xD2, 0xC7, 0xA4, 0x09, 0x23, 0x30, 0x69, 0x88, 0x59,
    0x8A, 0x82, 0x5D, 0x63, 0xC9, 0xC9, 0x33, 0x67, 0x80, 0x45, 0x00, 0x3E, 0x12, 0xB0, 0x09, 0x32,
    0x14, 0x98, 0x25, 0x43, 0x0D, 0x3D, 0x64, 0x68, 0x57, 0x0A, 0xE5, 0x32, 0xD5, 0x05, 0x52, 0xC1,
    0xA7, 0x52, 0x4E, 0x82, 0x33, 0xF9, 0x0A, 0x01, 0x1B, 0x2A, 0x4B, 0x8B, 0xA4, 0x24, 0x73, 0x4D,
    0x2E, 0x63, 0x69, 0x3C, 0x73, 0x5A, 0x4B, 0xE5, 0x4D, 0x26, 0xDD, 0x14, 0x6C, 0x16, 0x82, 0x15,
    0x03, 0xF4, 0x73, 0x0E, 0x1B, 0x09, 0xCC, 0x7F, 0xC8, 0x00, 0xF7, 0xE8, 0x37, 0x14, 0xBA, 0xD3,
    0x2F, 0x40, 0xFF, 0x3B, 0xD1, 0x9E, 0x46, 0x3B, 0xC4, 0xD5, 0xD1, 0x17, 0xE1, 0x5F, 0x5A, 0x99,
    0x7E, 0xBC, 0xFD, 0x0A, 0xD5, 0xFB, 0x95, 0x19, 0xF8, 0x68, 0x4C, 0x0F, 0xFA, 0xD1, 0x79, 0x29,
    0xF7, 0xE8, 0xFE, 0xC8, 0x75, 0xCE, 0x77, 0x7A, 0x59, 0xBB, 0xAD, 0xFD, 0x42, 0xAE, 0xB3, 0x3B,
    0xAB, 0x6C, 0x91, 0xF4, 0x53, 0x96, 0xEC, 0x6A, 0x1F, 0x09, 0x4C, 0x79, 0xF6, 0x79, 0xE5, 0xE9,
    0x61, 0x37, 0xAC, 0x2B, 0x39, 0xEA, 0xD8, 0x31, 0xFA, 0xCA, 0x3A, 0x19, 0x33, 0x73, 0x4C, 0x1A,
    0x60, 0x8B, 0x29, 0xC0, 0xA7, 0x8D, 0xA6, 0xF7, 0xA2, 0x13, 0x86, 0x66, 0xC9, 0x68, 0x52, 0x74,
    0x70, 0xD7, 0xF0, 0xF3, 0xD6, 0xD1, 0x22, 0x0E, 0x65, 0xAF, 0x75, 0x34, 0xEC, 0x51, 0x0A, 0x5B,
    0x47, 0x6E, 0x75, 0x76, 0x9A, 0x78, 0xB3, 0x10, 0xC8, 0x1A, 0x9D, 0xA5, 0x12, 0xB9, 0xEE, 0xC4,
    0x66, 0xEB, 0x60, 0x8E, 0x47, 0x47, 0xFD, 0x9D, 0x9D, 0x7E, 0x08, 0xD4, 0x5A, 0x70, 0x02, 0xF4,
    0x5D, 0x7F, 0xD0, 0xF4, 0x0F, 0x0F, 0xF1, 0x73, 0x3F, 0xA8, 0xB6, 0x7D, 0x54, 0x6F, 0x52, 0xDD,
    0x98, 0xDA, 0xD2, 0x55, 0x47, 0x2B, 0x24, 0xE3, 0x21, 0x5F, 0x6A, 0x96, 0xA9, 0x50, 0x7E, 0x21,
    0x35, 0xBF, 0xD1, 0x70, 0xC9, 0xC2, 0x2E, 0x0B, 0xEF, 0xE8, 0xB9, 0xE3, 0xB5, 0xC5, 0x2D, 0x76,
    0xFE, 0x7F, 0x9D, 0x82, 0xF7, 0xBB, 0x94, 0x02, 0x08, 0xD1, 0x80, 0xB5, 0x8C, 0x6E, 0xC7, 0x0E,
    0x90, 0xD1, 0xBB, 0x39, 0x25, 0xA4, 0xD2, 0xD1, 0xC0, 0x6A, 0x24, 0xFE, 0xE6, 0xC7, 0x0D, 0xCE,
    0x0E, 0x31, 0x2E, 0xA5, 0x0C, 0x37, 0x12, 0x98, 0x27, 0x0A, 0xBB, 0xFD, 0x41, 0x97, 0x6E, 0x4B,
    0xB8, 0x1F, 0x00, 0xFA, 0xB9, 0x3C, 0x01, 0xD9, 0x65, 0xF2, 0x59, 0xD4, 0x5F, 0xA5, 0x95, 0xD7,
    0xB8, 0x66, 0xED, 0xED, 0xD2, 0x35, 0xE3, 0x0A, 0xF6, 0x87, 0x80, 0x7B, 0xE0, 0x70, 0x59, 0x63,
    0xA9, 0xEE, 0x52, 0xCF, 0x85, 0x7A, 0x71, 0x97, 0x7A, 0x4E, 0xA9, 0xDF, 0x5C, 0xBA, 0xCF, 0x71,
    0x5D, 0xBA, 0xB4, 0x20, 0x39, 0x09, 0x01, 0x37, 0xDD, 0x53, 0xC0, 0x79, 0xEA, 0x9A, 0xE0, 0xA2,
    0xEE, 0x1A, 0x01, 0x3B, 0x75, 0x0E, 0x65, 0xDD, 0xE9, 0x85, 0x13, 0x82, 0x34, 0x2A, 0x2E, 0x51,
    0xF5, 0x58, 0x49, 0xCE, 0xEC, 0xC9, 0xA3, 0x94, 0x87, 0x4F, 0x86, 0xA2, 0x44, 0x3F, 0x0F, 0x53,
    0xBC, 0x9D, 0x5A, 0x5F, 0x65, 0xBB, 0x59, 0x1B, 0x34, 0x16, 0x71, 0x16, 0xFF, 0xCE, 0xBF, 0xB7,
    0x0C, 0xFE, 0x25, 0x23, 0x54, 0xBE, 0x64, 0xCC, 0xC9, 0x6F, 0x98, 0xFE, 0xE5, 0xB9, 0xED, 0x38,
    0xAD, 0x57, 0x08, 0x93, 0x77, 0xB5, 0x20, 0xDE, 0x5A, 0x8B, 0x5C, 0x83, 0x29, 0x01, 0xE2, 0xC9,
    0x5B, 0xCA, 0x42, 0x64, 0x05, 0xF8, 0xFA, 0xE9, 0x91, 0x28, 0x9C, 0x0A, 0xDB, 0x69, 0x6D, 0xEA,
    0xD5, 0x13, 0x7E, 0x53, 0xDB, 0x39, 0x50, 0x33, 0xA9, 0x8E, 0x2D, 0xF4, 0xE9, 0x27, 0x30, 0x02,
    0xC3, 0x3C, 0x5C, 0xB9, 0x2D, 0xE9, 0x07, 0xDB, 0x12, 0xBB, 0x99, 0x0F, 0xCD, 0x4A, 0x57, 0x59,
    0xF1, 0xBF, 0xE0, 0x9D, 0xA6, 0x64, 0x85, 0xA8, 0x7C, 0x18, 0x4E, 0xE3, 0x3D, 0x7A, 0x9C, 0xA7,
    0xCE, 0x8E, 0x31, 0x8F, 0x31, 0x56, 0x5A, 0xBC, 0xE5, 0x54, 0xB3, 0xE0, 0x9E, 0x34, 0x42, 0x3F,
    0x5C, 0x93, 0x0E, 0xF0, 0x5B, 0xB5, 0xE8, 0x43, 0xDB, 0x07, 0x77, 0xE1, 0xEE, 0x43, 0x66, 0x3F,
    0x05, 0xA6, 0xB7, 0xD2, 0xF2, 0x53, 0x6B, 0xA9, 0xCF, 0x1C, 0x4C, 0xB7, 0xF8, 0x42, 0xCB, 0x6F,
    0x5D, 0xCE, 0x85, 0x39, 0xD8, 0x85, 0x8A, 0xD2, 0x15, 0x5C, 0x64, 0x74, 0xB0, 0x0B, 0xF5, 0x09,
    0x75, 0x94, 0x0B, 0xB3, 0xC5, 0x87, 0x41, 0x9A, 0x97, 0xB8, 0x24, 0x9E, 0x35, 0x25, 0xE0, 0x45,
    0x03, 0xF2, 0x28, 0x3D, 0xBA, 0xF4, 0xC2, 0x42, 0x93, 0x8C, 0xE6, 0x60, 0x1D, 0xB5, 0xA6, 0x6B,
    0x3C, 0x58, 0xBA, 0x33, 0xEB, 0x63, 0xDC, 0xCE, 0xF7, 0xE8, 0x74, 0xBF, 0xD4, 0x38, 0x3F, 0xF2,
    0x03, 0x0E, 0xA0, 0x6F, 0x4D, 0x59, 0x48, 0xFA, 0x4D, 0xEA, 0xA4, 0x96, 0xFF, 0xFA, 0x15, 0x5E,
    0x42, 0xAC, 0xCC, 0xF8, 0xDE, 0xE7, 0x5F, 0xAC, 0xBF, 0xE7, 0x10, 0x96, 0x2D, 0xE9, 0xB5, 0x85,
    0xDE, 0x88, 0x33, 0x3C, 0xB3, 0xA7, 0x87, 0x11, 0x64, 0xA7, 0x04, 0x77, 0x4A, 0x84, 0x1C, 0x0F,
    0xFF, 0x92, 0x91, 0x48, 0xC7, 0x0A, 0x93, 0xB1, 0x43, 0xB8, 0x31, 0x6A, 0xF8, 0x40, 0xC6, 0xA7,
    0x83, 0x99, 0xEF, 0x21, 0xB7, 0x6B, 0x1D, 0x19, 0xBE, 0x03, 0xFA, 0x66, 0x62, 0x5D, 0x71, 0x4D,
    0x2B, 0xC6, 0xB6, 0x67, 0x42, 0xF2, 0xA9, 0xA2, 0xFA, 0x93, 0x7E, 0xFF, 0xD1, 0xD1, 0x98, 0x87,
    0xF4, 0x64, 0xCF, 0xDD, 0xD9, 0xC6, 0xE0, 0x4E, 0xFE, 0x94, 0xAF, 0x0D, 0x6E, 0xA3, 0x96, 0x4E,
    0x8D, 0xE2, 0x49, 0xC6, 0x02, 0x4D, 0x13, 0x4F, 0x3C, 0xAA, 0x79, 0xF6, 0xA4, 0xA8, 0x5F, 0x78,
    0x90, 0x06, 0x2B, 0x6B, 0x9B, 0xF9, 0x0C, 0x3D, 0xD8, 0xE1, 0xBD, 0xDB, 0x8A, 0xDB, 0xB0, 0x45,
    0x83, 0xEC, 0x0A, 0x79, 0xFF, 0xB5, 0xEC, 0xEB, 0xB5, 0x99, 0xC3, 0xD4, 0xC4, 0x66, 0x6E, 0xF5,
    0x5F, 0x33, 0xEB, 0x71, 0x38, 0x35, 0x33, 0x2E, 0x2D, 0xCD, 0x5C, 0x2E, 0xFD, 0x7E, 0xA3, 0xB8,
    0xD8, 0x9C, 0xA6, 0xE9, 0xB2, 0xB9, 0xDD, 0x07, 0xD3, 0x65, 0x30, 0xDD, 0x04, 0xF5, 0xB8, 0x46,
    0xE9, 0xA6, 0x80, 0xB7, 0xA6, 0x9E, 0xE7, 0x2C, 0x00, 0xA9, 0x09, 0xEF, 0x31, 0xB7, 0x20, 0x7D,
    0x99, 0x86, 0xA4, 0x09, 0xED, 0x6A, 0xCE, 0x68, 0x45, 0x6A, 0x7A, 0x56, 0xE2, 0xC6, 0x26, 0xB1,
    0x96, 0x24, 0xAE, 0x9F, 0x8D, 0x96, 0x73, 0x70, 0x7B, 0xE4, 0x1D, 0x70, 0xD1, 0x77, 0x77, 0x28,
    0xAD, 0x5C, 0x31, 0xC0, 0xC8, 0x81, 0x56, 0xEB, 0x0A, 0x9C, 0xF5, 0xFB, 0x1A, 0x54, 0xAD, 0x16,
    0xFD, 0x8B, 0xB9, 0x9D, 0xA2, 0xFF, 0x89, 0x5A, 0x2D, 0xFA, 0x1F, 0xAB, 0xD5, 0xA2, 0x7F, 0xAE,
    0x37, 0x3F, 0xD0, 0x5E, 0xE9, 0xA7, 0x8B, 0xF1, 0xB7, 0x8A, 0xCB, 0x8F, 0x37, 0xB4, 0xA5, 0xB3,
    0xD7, 0xDC, 0xA5, 0x2A, 0xDE, 0x9C, 0x7C, 0x99, 0x55, 0x7F, 0x90, 0xB5, 0xDC, 0xA7, 0xEE, 0xFB,
    0x25, 0xDC, 0xE7, 0x88, 0xEA, 0xF7, 0xFF, 0xDC, 0x6C, 0x7F, 0xF3, 0xEC, 0x16, 0xD3, 0xFD, 0x1B,
    0xB7, 0xE6, 0xF5, 0xCC, 0xBD, 0x84, 0xDF, 0xD7, 0x1C, 0xA3, 0x55, 0x4E, 0x4F, 0xDF, 0xEA, 0x59,
    0x3A, 0xD8, 0x7B, 0xC2, 0x35, 0x9F, 0x26, 0xCD, 0xEA, 0x78, 0x43, 0x1F, 0x78, 0xE7, 0xBD, 0x4B,
    0x73, 0xD2, 0xC7, 0xB8, 0xD6, 0x6C, 0x05, 0x42, 0xBC, 0xE1, 0xB3, 0xDE, 0xD6, 0x39, 0xD1, 0x07,
    0x19, 0xCC, 0x5C, 0x5D, 0xC1, 0x2B, 0xB5, 0xA0, 0x94, 0x83, 0x1A, 0x7B, 0x6E, 0xAE, 0x1E, 0xEE,
    0x61, 0x21, 0x8F, 0x5A, 0x10, 0xEE, 0xD4, 0x19, 0xB2, 0x8F, 0xB7, 0xC7, 0xAB, 0x7C, 0x5F, 0xF1,
    0xB2, 0xAF, 0xE1, 0x14, 0x94, 0x7D, 0xB5, 0x1C, 0x9F, 0x10, 0x7C, 0xE8, 0xD9, 0xFE, 0xFE, 0x07,
    0xDD, 0x18, 0xBB, 0x8E, 0xDD, 0x44, 0x74, 0x6C, 0xAF, 0xD6, 0x41, 0x56, 0xE4, 0x6D, 0x56, 0x42,
    0x42, 0xC4, 0x14, 0x14, 0x08, 0x09, 0x4C, 0x91, 0x92, 0x60, 0x27, 0x29, 0x29, 0x68, 0xA0, 0xA7,
    0x4E, 0x43, 0x4B, 0xC5, 0xF8, 0x13, 0xF2, 0x11, 0x29, 0x40, 0x29, 0xB6, 0xDD, 0xCE, 0x57, 0xE2,
    0x07, 0xCC, 0x1F, 0xDC, 0x82, 0x3E, 0x46, 0xDC, 0xC2, 0x2C, 0xB6, 0x27, 0xE7, 0x39, 0x1E, 0xFB,
    0xEE, 0x92, 0x10, 0x5D, 0x51, 0xE0, 0xE2, 0x9C, 0x73, 0x3D, 0xE3, 0x39, 0xEF, 0xC7, 0x5C, 0x63,
    0xCC, 0x47, 0x86, 0x9F, 0x91, 0x51, 0xE2, 0x18, 0xE7, 0x33, 0xE3, 0x6A, 0x60, 0xEC, 0xF6, 0xB2,
    0xDC, 0xAC, 0x96, 0x4B, 0x59, 0x6E, 0x3B, 0x42, 0xB1, 0x7C, 0x9D, 0xCD, 0xAD, 0x83, 0xC7, 0x94,
    0x8E, 0x1E, 0x53, 0x09, 0xCE, 0x67, 0xC6, 0xCA, 0xC5, 0xB8, 0x9D, 0xB0, 0x39, 0x08, 0xDB, 0xC9,
    0xAC, 0xF8, 0x28, 0xDF, 0x5B, 0x36, 0xAC, 0xE5, 0xF6, 0x7A, 0xC8, 0xF3, 0x45, 0xB8, 0x2A, 0x9B,
    0x73, 0xE6, 0x56, 0xB9, 0x9E, 0x4E, 0x76, 0xB8, 0x98, 0xCC, 0x33, 0x2E, 0xE6, 0xE3, 0x84, 0x8B,
    0xD5, 0x1F, 0x53, 0x05, 0x8B, 0xEE, 0xB7, 0x29, 0x1F, 0xE1, 0xAB, 0xC7, 0x53, 0x0A, 0x32, 0x4F,
    0xD1, 0x1C, 0xB9, 0x5D, 0x75, 0x88, 0x66, 0x63, 0xFB, 0xB2, 0x03, 0x54, 0xEC, 0xB3, 0x06, 0x50,
    0xDA, 0x44, 0x06, 0x50, 0x04, 0xDF, 0x47, 0x6C, 0x8F, 0x93, 0x22, 0x13, 0x8B, 0x2E, 0xB9, 0xD8,
    0xA2, 0xDA, 0xAF, 0x7D, 0xA2, 0x4E, 0x38, 0x36, 0xD6, 0xA0, 0x6E, 0x90, 0x83, 0x74, 0x83, 0xDD,
    0x1B, 0x8B, 0x0E, 0xB8, 0x1A, 0x18, 0xBB, 0x79, 0x8D, 0x5F, 0x0D, 0x2B, 0x4E, 0x91, 0x7C, 0x97,
    0x6D, 0xBD, 0xBD, 0x5F, 0x1D, 0xBB, 0x5D, 0x56, 0x39, 0x0B, 0xE1, 0x7A, 0x6E, 0x4E, 0x6F, 0x1C,
    0x42, 0x62, 0x7E, 0x71, 0x86, 0xB8, 0x46, 0x1C, 0x25, 0x6E, 0x13, 0x27, 0x8A, 0x4B, 0xD5, 0xC1,
    0xE2, 0x6E, 0x71, 0xBE, 0x84, 0x82, 0x06, 0x86, 0x84, 0x89, 0x46, 0xD8, 0xB8, 0x0A, 0xA8, 0xE3,
    0x07, 0x95, 0x4D, 0xD9, 0x0F, 0xA8, 0x7F, 0xB1, 0xF3, 0x61, 0x5A, 0xF5, 0xDE, 0x19, 0xC5, 0xE8,
    0xFD, 0x83, 0xD2, 0x88, 0xCB, 0x22, 0xE4, 0x24, 0xD6, 0xB3, 0xBD, 0x37, 0x20, 0x6E, 0x96, 0x84,
    0x02, 0x21, 0xE2, 0x25, 0x57, 0x24, 0xAD, 0xDC, 0xDC, 0xF6, 0x92, 0x59, 0xF0, 0x8C, 0xD5, 0x42,
    0x4A, 0x7E, 0x39, 0xD7, 0xF6, 0x3E, 0x41, 0xDA, 0x9D, 0x66, 0x19, 0xBE, 0x92, 0x3C, 0x42, 0x5B,
    0x48, 0x2A, 0x21, 0xE3, 0x40, 0x9C, 0x40, 0xC8, 0x50, 0xF4, 0x40, 0xA1, 0x04, 0x5F, 0x94, 0x7C,
    0x24, 0xBE, 0xC8, 0xEA, 0x3B, 0x2C, 0xD3, 0x1B, 0xBF, 0x1D, 0xAD, 0xCA, 0xB1, 0xC1, 0xB2, 0x38,
    0x32, 0x75, 0xC2, 0x86, 0xCF, 0x6F, 0xFE, 0xC6, 0xC5, 0xEA, 0xCF, 0x01, 0xC5, 0x70, 0xBF, 0x8E,
    0x10, 0xA6, 0x89, 0x7B, 0x3A, 0x16, 0x03, 0xB0, 0x4D, 0x46, 0x30, 0x50, 0x75, 0x48, 0x46, 0x88,
    0xB6, 0xB2, 0x83, 0xC3, 0xDA, 0x26, 0xAB, 0x01, 0x7D, 0x0E, 0x8E, 0x07, 0x74, 0xB6, 0x70, 0x38,
    0x3D, 0x22, 0x46, 0x1F, 0x1A, 0x62, 0x6B, 0x6B, 0x14, 0x02, 0x4C, 0x84, 0x22, 0xA5, 0x8E, 0x05,
    0x1C, 0x59, 0xDC, 0x9E, 0x85, 0xDF, 0x79, 0x55, 0x44, 0x31, 0x51, 0x53, 0x95, 0x16, 0x13, 0x08,
    0x07, 0x31, 0x0F, 0xFB, 0x00, 0x5C, 0x36, 0xAC, 0xE1, 0x4D, 0x8B, 0x70, 0xE2, 0x55, 0xF4, 0x8E,
    0xA5, 0xAC, 0xB3, 0xE4, 0x13, 0x4B, 0xA9, 0x6F, 0x9F, 0xE2, 0x82, 0xAD, 0xD1, 0x63, 0x20, 0xDE,
    0x80, 0x10, 0x17, 0x6C, 0x83, 0xFE, 0xB4, 0x0D, 0xBA, 0x12, 0x20, 0x2C, 0x00, 0x84, 0x05, 0x80,
    0xB0, 0x70, 0x89, 0x72, 0x51, 0x66, 0x7E, 0x45, 0xBC, 0xEF, 0x81, 0xB3, 0xE1, 0x69, 0x36, 0xF0,
    0x25, 0xED, 0x29, 0x98, 0x35, 0xC2, 0xC8, 0x21, 0x4C, 0x5D, 0xD5, 0x60, 0x4C, 0x20, 0xB4, 0x07,
    0x80, 0x91, 0xEB, 0x00, 0xA6, 0xAE, 0x06, 0x58, 0x4C, 0x06, 0xA0, 0x3D, 0x00, 0x84, 0xD7, 0x00,
    0xE1, 0x35, 0x40, 0x78, 0x0D, 0x10, 0x5E, 0x03, 0xC4, 0xB8, 0xBE, 0xAC, 0x4B, 0x0A, 0x99, 0xF7,
    0x82, 0x58, 0xC9, 0x39, 0x3A, 0xC8, 0x4E, 0x2D, 0xDA, 0xB3, 0xA9, 0x30, 0x5D, 0x9B, 0x0C, 0x63,
    0xB6, 0x89, 0xC1, 0x80, 0x70, 0x32, 0x2C, 0x00, 0x2C, 0x47, 0x84, 0xB0, 0x00, 0x10, 0x16, 0x50,
    0x92, 0xB6, 0x47, 0x58, 0x92, 0x54, 0xD9, 0x8C, 0x30, 0x76, 0x2D, 0x4A, 0xDE, 0xAA, 0x16, 0xAC,
    0xD1, 0xB1, 0xA6, 0x8B, 0x04, 0x9F, 0x71, 0xB6, 0xD4, 0x96, 0x4E, 0xB5, 0xC4, 0xC1, 0x12, 0x37,
    0x4B, 0x9C, 0x2D, 0x49, 0x61, 0x6B, 0x94, 0xC8, 0xD6, 0xF0, 0x1A, 0x20, 0x4A, 0x6A, 0x9F, 0xA0,
    0x77, 0xED, 0xD7, 0xE8, 0x5C, 0x4B, 0xC9, 0x62, 0x31, 0x20, 0xD4, 0x6B, 0x94, 0xDD, 0xF6, 0xE6,
    0x6A, 0xEB, 0x5F, 0x82, 0xA2, 0xFB, 0xE0, 0xAD, 0xE0, 0x05, 0xCA, 0x39, 0x72, 0x2E, 0x90, 0xA2,
    0x78, 0xB9, 0x46, 0x3D, 0xF0, 0xB0, 0x78, 0xD6, 0x46, 0xCB, 0x95, 0x03, 0x3F, 0xE1, 0xC2, 0x81,
    0x1A, 0x73, 0x69, 0xB6, 0x3B, 0x2D, 0xCE, 0x40, 0x49, 0x81, 0x81, 0x55, 0xA9, 0x2F, 0xB0, 0xC2,
    0xE5, 0x25, 0xF6, 0xD5, 0x05, 0x4E, 0xD6, 0xE2, 0x32, 0x6A, 0xD7, 0x06, 0x09, 0xB4, 0xB4, 0x34,
    0xDA, 0xB9, 0x87, 0xA0, 0xF3, 0xC2, 0x41, 0x9D, 0x52, 0xDA, 0x9E, 0x97, 0xA6, 0x14, 0xB4, 0xA5,
    0xA5, 0x31, 0x2D, 0xAD, 0x69, 0xBD, 0xD1, 0x9F, 0x38, 0x7A, 0x4A, 0xFB, 0x79, 0x3A, 0xF9, 0x24,
    0x51, 0x2A, 0x76, 0x4A, 0x65, 0x48, 0x45, 0xA4, 0x00, 0xBE, 0x4A, 0x77, 0x5A, 0xA4, 0x8A, 0x9E,
    0x75, 0xC7, 0xA0, 0x50, 0x0A, 0x1D, 0x47, 0x36, 0xE2, 0x42, 0xD7, 0x36, 0x5A, 0xFD, 0x68, 0x95,
    0xEA, 0x1C, 0x53, 0x58, 0xFC, 0xB8, 0xD4, 0x61, 0xE5, 0x2C, 0x98, 0x59, 0xD9, 0xC3, 0x01, 0xF4,
    0x5C, 0xE1, 0x68, 0x20, 0x0F, 0x46, 0x98, 0x52, 0xBC, 0xFC, 0xCA, 0xAB, 0x50, 0xFA, 0x04, 0xD7,
    0x29, 0x27, 0xD0, 0xB4, 0xF0, 0xDB, 0xAC, 0x6E, 0x8B, 0xFC, 0xB6, 0xF4, 0x96, 0x6D, 0xCB, 0x69,
    0x99, 0x6E, 0xF3, 0x03, 0x82, 0x3C, 0xCF, 0xE5, 0xAD, 0x78, 0x25, 0x13, 0x5C, 0x76, 0x9B, 0x19,
    0xAD, 0x13, 0xDB, 0xB1, 0xBB, 0xCB, 0x75, 0x1B, 0x19, 0x73, 0xC1, 0x09, 0xED, 0x83, 0x62, 0xA5,
    0xB8, 0x12, 0x9C, 0x0B, 0x4E, 0x04, 0x1B, 0xC5, 0x17, 0x41, 0x71, 0x3B, 0x35, 0x8E, 0xBE, 0x5D,
    0xA9, 0x7A, 0x5F, 0x83, 0x48, 0x7A, 0x4F, 0x2E, 0x3A, 0xE6, 0x9B, 0x31, 0x31, 0x87, 0xBA, 0xC4,
    0xFA, 0x74, 0x3C, 0xE8, 0xB8, 0xC3, 0x06, 0x77, 0xB6, 0xE1, 0x7D, 0x8C, 0x27, 0xC3, 0xF8, 0x20,
    0xB8, 0x13, 0x5C, 0x33, 0xBE, 0x6F, 0x18, 0x9F, 0x09, 0x36, 0xA7, 0xC3, 0x97, 0xA2, 0xCA, 0xA7,
    0xF5, 0x09, 0xCE, 0x53, 0x39, 0x55, 0x6E, 0xAF, 0x87, 0xEA, 0xA5, 0x7A, 0x82, 0xDE, 0x6F, 0xB0,
    0x8F, 0xDA, 0x71, 0x6D, 0xD7, 0xC3, 0xC6, 0xEE, 0xF5, 0xDA, 0x2F, 0xD4, 0xF4, 0x1C, 0x66, 0xA7,
    0xBD, 0x0D, 0xA1, 0x43, 0xFF, 0x23, 0x84, 0xE1, 0xBD, 0xE7, 0x68, 0xA7, 0xB6, 0xE0, 0xA8, 0xEC,
    0xB4, 0x5C, 0x7C, 0x4B, 0x2E, 0x4C, 0x19, 0x57, 0xAA, 0x58, 0x2A, 0xD2, 0x35, 0xA3, 0x0B, 0xD5,
    0x24, 0x7A, 0xF1, 0xEE, 0xB1, 0xFB, 0x9C, 0x71, 0x2C, 0x39, 0x92, 0x09, 0x2E, 0x05, 0xB7, 0x8C,
    0x63, 0xC9, 0xB1, 0xB7, 0xCB, 0xC9, 0xA0, 0xF2, 0x56, 0x9B, 0x5C, 0xD7, 0xDC, 0xD7, 0x5A, 0x70,
    0xF4, 0xBC, 0xCF, 0xE8, 0x47, 0x56, 0x8C, 0x8B, 0x71, 0x2A, 0x63, 0x27, 0x23, 0x3B, 0x70, 0x95,
    0x70, 0xBF, 0x4B, 0x91, 0xA8, 0x19, 0xF5, 0xF4, 0x92, 0x9A, 0x51, 0x3B, 0x14, 0x8E, 0xE6, 0xFD,
    0x98, 0x06, 0xD8, 0x01, 0xEF, 0x15, 0x26, 0x1E, 0xB8, 0xEA, 0x5E, 0x73, 0x3F, 0xFB, 0x64, 0x33,
    0x50, 0xC5, 0xEA, 0x94, 0x67, 0x3C, 0xBE, 0xB7, 0x35, 0xFD, 0x22, 0x14, 0x4F, 0x14, 0x8C, 0xC9,
    0x48, 0xFD, 0x3F, 0x1D, 0xE9, 0x02, 0x91, 0x0F, 0xC5, 0x81, 0xEA, 0x5E, 0x36, 0x51, 0xF1, 0xC2,
    0x76, 0x92, 0x00, 0x3F, 0xF0, 0xDC, 0x0F, 0x8E, 0x23, 0x09, 0x87, 0x58, 0x76, 0x6F, 0x44, 0x15,
    0xD8, 0x98, 0x0F, 0x96, 0x4E, 0x13, 0x0C, 0xED, 0x5F, 0x8A, 0xB1, 0x4C, 0x30, 0x64, 0x68, 0x85,
    0xAF, 0x46, 0xFE, 0xCE, 0xB1, 0xD2, 0xA8, 0x50, 0xC1, 0x67, 0x5A, 0x0A, 0x99, 0xC8, 0xFD, 0x55,
    0xCD, 0xD4, 0xCC, 0xB0, 0x75, 0x41, 0xFC, 0xA3, 0x70, 0x05, 0x8E, 0x38, 0x74, 0xD1, 0x79, 0xC4,
    0x07, 0x3E, 0xE4, 0xC4, 0xBB, 0xA0, 0x09, 0x42, 0x06, 0x09, 0x46, 0x04, 0x7F, 0xF9, 0xB7, 0xDA,
    0xEE, 0xDF, 0xA8, 0x6D, 0x7D, 0xAC, 0xAD, 0x78, 0xD5, 0xDF, 0x1F, 0xB5, 0x8D, 0x68, 0x13, 0x91,
    0x4E, 0xA3, 0x7D, 0xC6, 0x2F, 0x4B, 0xFF, 0xE2, 0x84, 0xA7, 0xC3, 0x11, 0xA7, 0x82, 0xF5, 0x6B,
    0x6D, 0xF1, 0xFA, 0x5B, 0xD7, 0x75, 0xBF, 0x7E, 0xEF, 0xCF, 0xD3, 0xF3, 0x7D, 0x5F, 0xD3, 0x4E,
    0xB7, 0x9C, 0xB0, 0x96, 0x57, 0xE5, 0x5F, 0x32, 0x6F, 0x53, 0xE5, 0x35, 0xDA, 0xAB, 0xBB, 0x0E,
    0x0A, 0x39, 0x59, 0x1E, 0x66, 0xBC, 0x58, 0x8C, 0x77, 0x82, 0x37, 0x27, 0x64, 0x8B, 0xA9, 0x74,
    0x7D, 0xBD, 0x7F, 0x39, 0x2F, 0x14, 0xC0, 0xE9, 0x2D, 0x6D, 0x5D, 0x1D, 0xD5, 0x54, 0xD5, 0xA6,
    0x3A, 0x46, 0x81, 0x7E, 0x67, 0x8B, 0xCA, 0x0F, 0x16, 0x2B, 0x70, 0x11, 0x27, 0x7D, 0x78, 0x92,
    0x23, 0x01, 0x79, 0x6E, 0x23, 0xF3, 0xD1, 0x30, 0xC7, 0x7A, 0xC6, 0x3C, 0x8F, 0xFB, 0x1B, 0x79,
    0x21, 0x93, 0xC8, 0xA0, 0xBA, 0x62, 0xAD, 0x8B, 0xFC, 0xE5, 0xB0, 0x49, 0x3D, 0xB9, 0xF7, 0x63,
    0x45, 0x35, 0xF8, 0xC9, 0x2D, 0x9F, 0xFC, 0xDB, 0x72, 0x08, 0xF6, 0x06, 0x27, 0x04, 0xE7, 0x86,
    0xDC, 0x02, 0x19, 0x02, 0xC9, 0x02, 0x79, 0x43, 0x2D, 0x02, 0xDD, 0x02, 0x8D, 0x03, 0x3B, 0x04,
    0xD6, 0xA1, 0x6C, 0xE9, 0x29, 0x49, 0x28, 0x4E, 0x69, 0xAA, 0xDE, 0xA1, 0x4E, 0x3D, 0x86, 0xDF,
    0x48, 0x42, 0x90, 0x50, 0x3B, 0xBE, 0x7C, 0xAF, 0x01, 0x6D, 0x59, 0xC0, 0xF9, 0xCB, 0xF9, 0xE7,
    0x60, 0x95, 0x7E, 0x6E, 0xB6, 0xDC, 0x76, 0x0A, 0x03, 0x9A, 0x3F, 0xE2, 0x17, 0xE6, 0xEE, 0x2D,
    0xA7, 0xE1, 0x46, 0xCA, 0x14, 0x92, 0x7F, 0x23, 0xAB, 0x4A, 0x4A, 0xB3, 0xFA, 0x64, 0x88, 0xA8,
    0x17, 0xE3, 0x3C, 0xD3, 0x04, 0x81, 0xBA, 0x72, 0xAE, 0xC4, 0x03, 0x25, 0x7E, 0x12, 0x42, 0xD2,
    0xAB, 0xAD, 0x53, 0x25, 0x0A, 0x25, 0xD8, 0x9F, 0x75, 0xFB, 0x58, 0x1C, 0xDC, 0x3E, 0x51, 0xA2,
    0x6E, 0x95, 0x28, 0x8F, 0x3E, 0xF7, 0x07, 0x7A, 0x16, 0x0B, 0x53, 0x16, 0xE3, 0xBB, 0x4D, 0x02,
    0xF3, 0x4C, 0xF3, 0xB1, 0x7A, 0xFB, 0x91, 0x12, 0x55, 0xAD, 0x44, 0xA7, 0xC4, 0x41, 0x09, 0x9C,
    0x50, 0x58, 0x88, 0x5A, 0x89, 0x4E, 0x89, 0x7D, 0xB0, 0xE4, 0x37, 0xAF, 0x3F, 0xEF, 0xB6, 0x2C,
    0x3C, 0xD3, 0x87, 0xCB, 0xAC, 0x64, 0x2E, 0xD7, 0x72, 0x7E, 0xAF, 0x1D, 0x5F, 0x6F, 0x29, 0xA9,
    0x96, 0xA6, 0xC2, 0xFF, 0x85, 0xE6, 0xF4, 0xBF, 0xB1, 0x6F, 0xA4, 0x7B, 0x4E, 0x09, 0x6F, 0x82,
    0x02, 0x2E, 0x77, 0xAE, 0x8E, 0xFF, 0x02, 0x8B, 0xA0, 0x2C, 0x50, 0x2F, 0xC4, 0x3B, 0x0C, 0x6D,
    0xA2, 0x1A, 0x4F, 0x97, 0xF6, 0x8E, 0xFF, 0x27, 0x8B, 0xA8, 0x72, 0xC0, 0xA6, 0x14, 0x2B, 0x7A,
    0x0E, 0x89, 0x55, 0x30, 0xE1, 0x1A, 0x2B, 0x04, 0x5D, 0xEE, 0x4D, 0xCE, 0xF7, 0xBA, 0x53, 0x11,
    0xDC, 0x47, 0x6E, 0x23, 0xFE, 0x27, 0xD6, 0x78, 0x2B, 0x05, 0xB7, 0xCF, 0x3F, 0x7C, 0xF5, 0x2E,
    0xBC, 0x5E, 0x03, 0xED, 0x57, 0xB1, 0xAE, 0xDD, 0x44, 0x10, 0x1D, 0xFB, 0xA2, 0xE7, 0xC2, 0x85,
    0x69, 0x52, 0xA5, 0xF0, 0x07, 0x50, 0xF8, 0x0B, 0x90, 0x8D, 0x52, 0x50, 0x52, 0x52, 0xF0, 0x07,
    0x50, 0xBC, 0x2F, 0x48, 0x6C, 0x41, 0x49, 0x93, 0x3F, 0x09, 0x65, 0xBA, 0xB5, 0x44, 0x49, 0x81,
    0x45, 0x43, 0x19, 0x17, 0xE9, 0x68, 0x5C, 0x58, 0xC2, 0x0F, 0xD9, 0x1E, 0xCE, 0xCC, 0xAC, 0x7D,
    0x77, 0x2F, 0x89, 0x04, 0x0D, 0xE2, 0xA1, 0x58, 0xCF, 0xB3, 0x6F, 0xEF, 0xEC, 0xCE, 0xCE, 0x9C,
    0x39, 0x3B, 0xDE, 0xA5, 0x4F, 0xF6, 0x86, 0x52, 0xE6, 0x59, 0xC4, 0x4E, 0x09, 0x33, 0x77, 0x34,
    0x66, 0x3C, 0x10, 0x91, 0x9B, 0x20, 0xAA, 0x19, 0xA2, 0x58, 0x20, 0xF2, 0x95, 0x32, 0xFE, 0x6E,
    0xA5, 0x96, 0x7F, 0xDF, 0x30, 0x98, 0xF7, 0x4C, 0x44, 0xC1, 0x4D, 0xBB, 0x97, 0x2B, 0x15, 0x3B,
    0x46, 0x66, 0x7B, 0x3D, 0xD1, 0x25, 0x16, 0xD9, 0x06, 0x91, 0xAF, 0xD0, 0x16, 0x2B, 0xC6, 0x95,
    0x73, 0xC1, 0xD4, 0x4E, 0x17, 0xCC, 0x1D, 0x64, 0xB5, 0x86, 0x6A, 0xDE, 0x88, 0xEE, 0xF8, 0x25,
    0xE9, 0xF3, 0x31, 0xD1, 0xFD, 0x03, 0xBD, 0xC6, 0x52, 0xFC, 0xCB, 0x0C, 0x1D, 0x86, 0x11, 0xCB,
    0xB8, 0x94, 0xFF, 0x78, 0xC5, 0x4D, 0xC6, 0xDD, 0x85, 0xFB, 0x62, 0x83, 0x7E, 0x84, 0x57, 0x65,
    0x3B, 0x95, 0x33, 0x3D, 0x2F, 0xA7, 0x6A, 0x4A, 0xE6, 0x62, 0xAE, 0xA6, 0x6C, 0x10, 0x59, 0x36,
    0xC5, 0x5C, 0x4E, 0xCF, 0xA9, 0x9C, 0x8A, 0x07, 0x18, 0x99, 0x0A, 0x18, 0x71, 0x88, 0xAA, 0x4B,
    0xB9, 0x4F, 0xF9, 0xE1, 0x95, 0xFC, 0x23, 0xE1, 0xE6, 0x90, 0x0B, 0x55, 0x9F, 0xCB, 0x22, 0x9F,
    0xCA, 0xBA, 0xF4, 0x91, 0x79, 0x01, 0x4D, 0x27, 0x4D, 0xC1, 0xBD, 0x34, 0xA5, 0xE2, 0x41, 0x15,
    0x8F, 0xD2, 0xD4, 0x2C, 0xC0, 0x00, 0x07, 0x81, 0x86, 0xDC, 0x9B, 0x55, 0x1A, 0xFE, 0x59, 0x9A,
    0x84, 0xBF, 0x47, 0x30, 0xC0, 0xF2, 0x19, 0xA3, 0xB9, 0xF0, 0x45, 0x9A, 0x6C, 0x4F, 0x11, 0x26,
    0xC1, 0x69, 0xB1, 0x56, 0xAC, 0xDA, 0x94, 0x0B, 0x3C, 0x82, 0x2D, 0x71, 0x8F, 0xE4, 0x95, 0xA6,
    0x1D, 0xA9, 0x02, 0xD4, 0x58, 0x0D, 0xA3, 0x64, 0x18, 0x9A, 0x14, 0x9E, 0xE4, 0x3B, 0x6C, 0x35,
    0x78, 0xE5, 0x4F, 0xFE, 0xC5, 0x0F, 0xA2, 0x28, 0x04, 0x19, 0xC0, 0xA1, 0xCD, 0x50, 0x69, 0x33,
    0xD6, 0xDA, 0x4C, 0xDA, 0x0C, 0xEF, 0x90, 0x58, 0xB5, 0x7D, 0x04, 0xD2, 0x69, 0x68, 0xA1, 0xAC,
    0x2D, 0x58, 0x01, 0x18, 0xE9, 0x6F, 0x14, 0x67, 0x4D, 0x8F, 0x12, 0x95, 0xEA, 0x45, 0x33, 0xB6,
    0x93, 0x22, 0xDF, 0x68, 0x36, 0x02, 0x75, 0xB5, 0xDE, 0xAA, 0x4D, 0xE6, 0xFB, 0x55, 0xDB, 0x4E,
    0xE7, 0x2C, 0x53, 0xDA, 0x70, 0xB3, 0xEC, 0xAE, 0x4A, 0x5B, 0xDD, 0x3C, 0x51, 0xAF, 0x26, 0xF7,
    0x17, 0xD9, 0x0A, 0xB7, 0x6E, 0x84, 0x9A, 0x51, 0x62, 0x31, 0x9D, 0x32, 0x35, 0x97, 0xD4, 0xD8,
    0x45, 0xDD, 0xC8, 0x2C, 0x12, 0xA5, 0x57, 0xA1, 0xCE, 0x97, 0x4A, 0xBC, 0x4A, 0x59, 0x58, 0x6B,
    0x50, 0x6D, 0x47, 0xBC, 0x92, 0x6B, 0x08, 0xBB, 0x07, 0x66, 0x98, 0x93, 0x5D, 0x64, 0x2A, 0x66,
    0xDC, 0x33, 0x31, 0xD3, 0xFE, 0x28, 0x66, 0xEA, 0x9F, 0xC4, 0x4C, 0xF5, 0x66, 0x52, 0x36, 0x8F,
    0x2A, 0x07, 0x0D, 0xC1, 0xA2, 0xEC, 0x15, 0x46, 0x43, 0x4B, 0xEC, 0x3E, 0xDD, 0x85, 0xB0, 0x8D,
    0xD8, 0x1A, 0x41, 0x71, 0x6C, 0x62, 0xE6, 0x15, 0xEF, 0x46, 0xC2, 0x32, 0x79, 0xA9, 0xDA, 0xBF,
    0xC2, 0xE6, 0xF9, 0x92, 0x3B, 0x50, 0x56, 0x2A, 0x07, 0x32, 0x33, 0x00, 0x86, 0x9E, 0xEA, 0xA1,
    0x05, 0x65, 0x61, 0x26, 0xF8, 0xE7, 0x54, 0xF9, 0xC1, 0xAE, 0x3F, 0xA7, 0x8B, 0xB1, 0x2F, 0xC4,
    0xA0, 0x98, 0xD7, 0x25, 0x74, 0x51, 0x27, 0xDB, 0xEB, 0x74, 0x83, 0xEE, 0x17, 0xE8, 0x51, 0x5F,
    0x80, 0x5E, 0x89, 0xF9, 0x92, 0x0B, 0xDD, 0x31, 0xE3, 0xBF, 0xF3, 0x62, 0x4B, 0xCA, 0x7E, 0x74,
    0x88, 0xC1, 0x01, 0x26, 0x07, 0xBF, 0x64, 0xDF, 0x56, 0x9D, 0x1B, 0x78, 0x42, 0xAE, 0x87, 0xAA,
    0xA3, 0x9B, 0x27, 0xD2, 0xB9, 0x97, 0xF4, 0x35, 0xC0, 0xC6, 0x6E, 0x17, 0x00, 0x3F, 0x03, 0x7A,
    0xC2, 0x0E, 0x98, 0x6E, 0x11, 0x6F, 0xDD, 0xE7, 0xD0, 0x3C, 0x69, 0x64, 0x94, 0x7F, 0x90, 0xD1,
    0x27, 0x08, 0x18, 0x40, 0x35, 0x85, 0xA6, 0xB6, 0x64, 0xFE, 0x56, 0xC6, 0x3B, 0xD4, 0xAB, 0xBA,
    0x2F, 0x01, 0x45, 0xDD, 0x8B, 0x5E, 0x66, 0xC9, 0xD2, 0xC9, 0x76, 0xF0, 0x46, 0x69, 0x93, 0x4F,
    0xCA, 0xC8, 0xF9, 0x46, 0xC0, 0xF0, 0x41, 0x38, 0x21, 0x0A, 0xA5, 0xAB, 0x9F, 0xF5, 0xCE, 0xC1,
    0x4A, 0xB1, 0xB6, 0x39, 0x18, 0xBA, 0x07, 0xC1, 0x25, 0xAF, 0xC5, 0x49, 0xAC, 0x74, 0x0F, 0xCF,
    0x9F, 0x82, 0xD3, 0x99, 0x14, 0xD2, 0x96, 0x91, 0xAB, 0x56, 0xF2, 0x65, 0x42, 0xBA, 0x50, 0x3E,
    0x48, 0xE9, 0x94, 0xC5, 0x65, 0x30, 0x25, 0x32, 0x8D, 0x12, 0x25, 0xB7, 0xD5, 0xD9, 0xF7, 0xED,
    0x11, 0x7A, 0xA1, 0xDA, 0x07, 0x1D, 0xF2, 0x56, 0xC7, 0x0D, 0x98, 0xCE, 0xF8, 0x48, 0xDC, 0xE9,
    0x90, 0xBB, 0x43, 0xE0, 0xC7, 0x45, 0x15, 0xAD, 0xF1, 0x75, 0xF6, 0xD3, 0x5E, 0x34, 0x51, 0x4A,
    0xDE, 0xBB, 0xD0, 0x37, 0xE2, 0xA3, 0x7F, 0xCA, 0xF3, 0x57, 0xD9, 0x12, 0xF2, 0xF8, 0xAC, 0x58,
    0x61, 0x35, 0x55, 0xE2, 0x9D, 0x68, 0xEC, 0x2B, 0xF1, 0x56, 0xA5, 0xED, 0x4E, 0x83, 0xC9, 0xD9,
    0xE7, 0x40, 0x37, 0xAF, 0xEE, 0x01, 0x64, 0xB3, 0xF3, 0x36, 0x01, 0x6B, 0xBE, 0x1D, 0x2E, 0x61,
    0x52, 0x39, 0x1F, 0x4B, 0x0B, 0xAB, 0x07, 0xDF, 0xC9, 0x64, 0x23, 0x74, 0xA7, 0x23, 0x7E, 0x63,
    0x5A, 0xC1, 0xE8, 0xAC, 0x4E, 0xB0, 0x15, 0x02, 0x2B, 0x14, 0x6C, 0xB5, 0xC1, 0x2A, 0x05, 0x5B,
    0xD1, 0x28, 0xC6, 0xB3, 0x93, 0xCF, 0xE5, 0x70, 0x76, 0x2E, 0x8B, 0x95, 0x0F, 0xEB, 0xAC, 0xF5,
    0xB5, 0x18, 0xA5, 0x6B, 0xDD, 0x9C, 0x9D, 0x64, 0x6B, 0xAF, 0x1D, 0xDA, 0xDA, 0x6B, 0xB5, 0xA2,
    0xDD, 0x19, 0x52, 0x9A, 0xD7, 0xBF, 0xDB, 0x89, 0x0C, 0x44, 0xA6, 0xA3, 0x45, 0x63, 0x77, 0x42,
    0x47, 0xA3, 0x10, 0xA2, 0xE0, 0xA2, 0xB0, 0x23, 0x40, 0x22, 0xA8, 0x0C, 0x44, 0x13, 0x5D, 0x04,
    0x6F, 0x0C, 0x7C, 0x15, 0xA6, 0xE4, 0x9A, 0xAC, 0xE9, 0x26, 0x8D, 0x64, 0x67, 0x00, 0x4B, 0x70,
    0x9C, 0xFA, 0x88, 0x14, 0x11, 0x5D, 0x22, 0x22, 0xC5, 0x14, 0x53, 0xD5, 0x72, 0xE6, 0x39, 0xA4,
    0xE5, 0x63, 0xE5, 0x28, 0x85, 0x1C, 0xA5, 0x90, 0xA3, 0x14, 0x72, 0x94, 0x42, 0x8E, 0x52, 0xC8,
    0x51, 0x0A, 0x39, 0x4A, 0x21, 0x47, 0x29, 0xE4, 0x28, 0x85, 0x1C, 0xA5, 0x93, 0xA3, 0x5A, 0xD9,
    0xD6, 0x7F, 0xD0, 0x89, 0x0C, 0x44, 0xA6, 0xA3, 0x45, 0x63, 0x77, 0x42, 0x47, 0xA3, 0x10, 0xA2,
    0xE0, 0xA2, 0xB0, 0x23, 0x40, 0x22, 0xA8, 0x22, 0x10, 0x3F, 0x70, 0xF4, 0xBF, 0xC2, 0xD1, 0x4B,
    0x43, 0x49, 0x7F, 0x70, 0xB4, 0x18, 0x28, 0x9B, 0x0E, 0x8E, 0xE2, 0xF4, 0x8E, 0x2B, 0x8D, 0xE7,
    0x68, 0xB5, 0x51, 0xBB, 0x1C, 0x1C, 0xCD, 0xF1, 0xA9, 0x1F, 0x0F, 0x8E, 0xA6, 0xFC, 0xAB, 0xFA,
    0x61, 0x1C, 0x95, 0x0F, 0xF9, 0x41, 0x3E, 0x40, 0xB2, 0x5C, 0x3B, 0x1E, 0x00, 0xEB, 0xD8, 0x1D,
    0xCC, 0x77, 0x4A, 0xC3, 0xC1, 0x38, 0x2A, 0x27, 0x87, 0x83, 0xA3, 0x09, 0xFF, 0xA6, 0x10, 0x2A,
    0x47, 0x2F, 0x38, 0x29, 0x0C, 0x07, 0x47, 0x71, 0x74, 0x75, 0xF3, 0xC1, 0x51, 0x9C, 0x9A, 0xAA,
    0xF5, 0xE0, 0x28, 0x0E, 0x93, 0xF9, 0x7C, 0x70, 0x34, 0xEB, 0x28, 0x1D, 0x3E, 0x70, 0xF4, 0xF1,
    0x70, 0xF4, 0x87, 0x80, 0xA3, 0x72, 0x8A, 0x3B, 0xEB, 0x68, 0xC6, 0x41, 0x1D, 0x55, 0x5A, 0x1E,
    0x75, 0xB4, 0x9E, 0x83, 0x3A, 0x2A, 0x01, 0x1C, 0x75, 0x54, 0xBD, 0x3D, 0xEA, 0x68, 0xCE, 0x41,
    0x1D, 0x2D, 0xD7, 0x2B, 0xF9, 0xEC, 0x5A, 0x74, 0x74, 0x42, 0x5A, 0xDA, 0x25, 0xC9, 0x77, 0xEC,
    0xAE, 0xE4, 0x39, 0x6A, 0xF7, 0x29, 0x5F, 0x47, 0xED, 0x02, 0x66, 0x1C, 0xF5, 0x77, 0x32, 0xE3,
    0xA8, 0xDD, 0xA3, 0x3C, 0x47, 0xED, 0x3A, 0xE5, 0x39, 0x6A, 0x57, 0x2E, 0xCF, 0x51, 0x37, 0x06,
    0x75, 0xB4, 0xED, 0x03, 0x8E, 0x16, 0xFF, 0x23, 0x8E, 0xFE, 0x09,
};

static const EpdGlyph inksans_18_boldGlyphs[] = {
    { 0, 0, 352, 0, 0, 0, 0 }, // U+0000
    { 0, 0, 156, 0, 0, 0, 0 }, // U+000D
    { 0, 0, 151, 0, 0, 0, 0 }, // U+0020
    { 7, 28, 193, 3, 28, 49, 0 }, // !
    { 13, 11, 314, 3, 28, 36, 49 }, // "
    { 24, 28, 386, 0, 28, 168, 85 }, // #
    { 22, 35, 390, 1, 32, 193, 253 }, // $
    { 31, 28, 603, 3, 28, 217, 446 }, // %
    { 24, 28, 398, 1, 28, 168, 663 }, // &
    { 6, 11, 195, 3, 28, 17, 831 }, // '
    { 10, 34, 224, 3, 29, 85, 848 }, // (
    { 10, 34, 224, 1, 29, 85, 933 }, // )
    { 16, 16, 324, 2, 28, 64, 1018 }, // *
    { 19, 19, 404, 3, 21, 91, 1082 }, // +
    { 7, 11, 191, 2, 4, 20, 1173 }, // ,
    { 13, 4, 279, 2, 14, 13, 1193 }, // -
    { 6, 6, 191, 3, 6, 9, 1206 }, // .
    { 14, 33, 227, 0, 29, 116, 1215 }, // /
    { 22, 28, 396, 1, 28, 154, 1331 }, // 0
    { 13, 28, 254, 1, 28, 91, 1485 }, // 1
    { 20, 28, 374, 2, 28, 140, 1576 }, // 2
    { 21, 28, 382, 1, 28, 147, 1716 }, // 3
    { 23, 28, 400, 1, 28, 161, 1863 }, // 4
    { 21, 28, 367, 1, 28, 147, 2024 }, // 5
    { 22, 28, 384, 1, 28, 154, 2171 }, // 6
    { 20, 28, 346, 1, 28, 140, 2325 }, // 7
    { 22, 28, 384, 1, 28, 154, 2465 }, // 8
    { 22, 28, 384, 1, 28, 154, 2619 }, // 9
    { 6, 20, 191, 3, 20, 30, 2773 }, // :
    { 8, 27, 197, 2, 20, 54, 2803 }, // ;
    { 19, 22, 404, 3, 22, 105, 2857 }, // <
    { 19, 13, 404, 3, 18, 62, 2962 }, // =
    { 20, 22, 404, 3, 22, 110, 3024 }, // >
    { 18, 28, 326, 1, 28, 126, 3134 }, // ?
    { 35, 36, 599, 1, 28, 315, 3260 }, // @
    { 27, 28, 437, 0, 28, 189, 3575 }, // A
    { 22, 28, 396, 2, 28, 154, 3764 }, // B
    { 25, 28, 442, 1, 28, 175, 3918 }, // C
    { 24, 28, 433, 2, 28, 168, 4093 }, // D
    { 19, 28, 363, 2, 28, 133, 4261 }, // E
    { 19, 28, 353, 2, 28, 133, 4394 }, // F
    { 26, 28, 449, 1, 28, 182, 4527 }, // G
    { 24, 28, 447, 2, 28, 168, 4709 }, // H
    { 6, 28, 166, 2, 28, 42, 4877 }, // I
    { 18, 28, 348, 1, 28, 126, 4919 }, // J
    { 24, 28, 422, 2, 28, 168, 5045 }, // K
    { 18, 28, 339, 2, 28, 126, 5213 }, // L
    { 30, 28, 553, 2, 28, 210, 5339 }, // M
    { 24, 28, 456, 2, 28, 168, 5549 }, // N
    { 26, 28, 461, 1, 28, 182, 5717 }, // O
    { 21, 28, 387, 2, 28, 147, 5899 }, // P
    { 26, 30, 464, 1, 28, 195, 6046 }, // Q
    { 22, 28, 391, 2, 28, 154, 6241 }, // R
    { 22, 28, 390, 1, 28, 154, 6395 }, // S
    { 23, 28, 396, 1, 28, 161, 6549 }, // T
    { 23, 28, 442, 2, 28, 161, 6710 }, // U
    { 27, 28, 437, 0, 28, 189, 6871 }, // V
    { 38, 28, 612, 0, 28, 266, 7060 }, // W
    { 27, 28, 432, 0, 28, 189, 7326 }, // X
    { 26, 28, 428, 0, 28, 182, 7515 }, // Y
    { 21, 28, 391, 2, 28, 147, 7697 }, // Z
    { 9, 35, 224, 3, 30, 79, 7844 }, // [
    { 14, 33, 227, 0, 29, 116, 7923 }, // <backslash>
    { 9, 35, 224, 2, 30, 79, 8039 }, // ]
    { 16, 12, 289, 1, 27, 48, 8118 }, // ^
    { 18, 4, 282, 0, 0, 18, 8166 }, // _
    { 9, 6, 211, 2, 29, 14, 8184 }, // `
    { 18, 21, 345, 1, 21, 95, 8198 }, // a
    { 20, 28, 374, 2, 28, 140, 8293 }, // b
    { 20, 21, 350, 1, 21, 105, 8433 }, // c
    { 20, 28, 374, 1, 28, 140, 8538 }, // d
    { 20, 21, 355, 1, 21, 105, 8678 }, // e
    { 15, 29, 233, 0, 29, 109, 8783 }, // f
    { 20, 29, 375, 1, 21, 145, 8892 }, // g
    { 19, 28, 367, 2, 28, 133, 9037 }, // h
    { 6, 29, 157, 2, 29, 44, 9170 }, // i
    { 9, 37, 157, -1, 29, 84, 9214 }, // j
    { 20, 28, 342, 2, 28, 140, 9298 }, // k
    { 6, 28, 157, 2, 28, 42, 9438 }, // l
    { 30, 21, 540, 2, 21, 158, 9480 }, // m
    { 19, 21, 367, 2, 21, 100, 9638 }, // n
    { 21, 21, 365, 1, 21, 111, 9738 }, // o
    { 20, 29, 374, 2, 21, 145, 9849 }, // p
    { 20, 29, 374, 1, 21, 145, 9994 }, // q
    { 13, 21, 238, 2, 21, 69, 10139 }, // r
    { 19, 21, 330, 1, 21, 100, 10208 }, // s
    { 13, 26, 212, 0, 26, 85, 10308 }, // t
    { 19, 21, 367, 2, 21, 100, 10393 }, // u
    { 22, 21, 352, 0, 21, 116, 10493 }, // v
    { 31, 21, 504, 0, 21, 163, 10609 }, // w
    { 21, 21, 341, 0, 21, 111, 10772 }, // x
    { 22, 29, 353, 0, 21, 160, 10883 }, // y
    { 17, 21, 340, 2, 21, 90, 11043 }, // z
    { 14, 35, 273, 2, 30, 123, 11133 }, // {
    { 5, 46, 215, 4, 37, 58, 11256 }, // |
    { 13, 35, 273, 2, 30, 114, 11314 }, // }
    { 21, 8, 404, 2, 15, 42, 11428 }, // ~
    { 0, 0, 151, 0, 0, 0, 0 }, // U+00A0
    { 7, 28, 193, 3, 21, 49, 0 }, // U+00A1
    { 20, 28, 350, 1, 28, 140, 49 }, // U+00A2
    { 21, 28, 378, 1, 28, 147, 189 }, // U+00A3
    { 24, 25, 449, 2, 24, 150, 336 }, // U+00A4
    { 21, 28, 338, 0, 28, 147, 486 }, // U+00A5
    { 6, 33, 190, 3, 28, 50, 633 }, // U+00A6
    { 19, 34, 341, 1, 28, 162, 683 }, // U+00A7
    { 15, 5, 367, 4, 29, 19, 845 }, // U+00A8
    { 29, 28, 548, 3, 28, 203, 864 }, // U+00A9
    { 15, 16, 276, 1, 28, 60, 1067 }, // U+00AA
    { 22, 18, 381, 1, 21, 99, 1127 }, // U+00AB
    { 18, 9, 404, 3, 14, 41, 1226 }, // U+00AC
    { 23, 22, 398, 1, 28, 127, 1267 }, // U+00AE
    { 11, 3, 271, 3, 28, 9, 1394 }, // U+00AF
    { 13, 13, 275, 2, 28, 43, 1403 }, // U+00B0
    { 19, 20, 404, 3, 21, 95, 1446 }, // U+00B1
    { 15, 15, 272, 1, 32, 57, 1541 }, // U+00B2
    { 15, 15, 278, 1, 32, 57, 1598 }, // U+00B3
    { 8, 6, 211, 3, 29, 12, 1655 }, // U+00B4
    { 21, 29, 369, 2, 21, 153, 1667 }, // U+00B5
    { 19, 28, 360, 1, 28, 133, 1820 }, // U+00B6
    { 6, 6, 191, 3, 16, 9, 1953 }, // U+00B7
    { 8, 9, 199, 3, 1, 18, 1962 }, // U+00B8
    { 9, 15, 194, 1, 32, 34, 1980 }, // U+00B9
    { 16, 16, 292, 1, 28, 64, 2014 }, // U+00BA
    { 22, 18, 381, 1, 21, 99, 2078 }, // U+00BB
    { 29, 28, 499, 1, 28, 203, 2177 }, // U+00BC
    { 31, 28, 522, 1, 28, 217, 2380 }, // U+00BD
    { 32, 28, 544, 1, 28, 224, 2597 }, // U+00BE
    { 18, 29, 326, 1, 21, 131, 2821 }, // U+00BF
    { 27, 36, 437, 0, 36, 243, 2952 }, // U+00C0
    { 27, 36, 437, 0, 36, 243, 3195 }, // U+00C1
    { 27, 37, 437, 0, 37, 250, 3438 }, // U+00C2
    { 27, 36, 437, 0, 36, 243, 3688 }, // U+00C3
    { 27, 36, 437, 0, 36, 243, 3931 }, // U+00C4
    { 27, 38, 437, 0, 38, 257, 4174 }, // U+00C5
    { 36, 28, 608, 0, 28, 252, 4431 }, // U+00C6
    { 25, 36, 442, 1, 28, 225, 4683 }, // U+00C7
    { 19, 36, 363, 2, 36, 171, 4908 }, // U+00C8
    { 19, 36, 363, 2, 36, 171, 5079 }, // U+00C9
    { 19, 37, 363, 2, 37, 176, 5250 }, // U+00CA
    { 19, 36, 363, 2, 36, 171, 5426 }, // U+00CB
    { 9, 36, 166, -1, 36, 81, 5597 }, // U+00CC
    { 9, 36, 166, 2, 36, 81, 5678 }, // U+00CD
    { 15, 37, 166, -2, 37, 139, 5759 }, // U+00CE
    { 14, 36, 166, -2, 36, 126, 5898 }, // U+00CF
    { 27, 28, 451, 0, 28, 189, 6024 }, // U+00D0
    { 24, 36, 456, 2, 36, 216, 6213 }, // U+00D1
    { 26, 36, 461, 1, 36, 234, 6429 }, // U+00D2
    { 26, 36, 461, 1, 36, 234, 6663 }, // U+00D3
    { 26, 37, 461, 1, 37, 241, 6897 }, // U+00D4
    { 26, 36, 461, 1, 36, 234, 7138 }, // U+00D5
    { 26, 36, 461, 1, 36, 234, 7372 }, // U+00D6
    { 19, 20, 404, 3, 21, 95, 7606 }, // U+00D7
    { 26, 31, 461, 1, 29, 202, 7701 }, // U+00D8
    { 23, 36, 442, 2, 36, 207, 7903 }, // U+00D9
    { 23, 36, 442, 2, 36, 207, 8110 }, // U+00DA
    { 23, 37, 442, 2, 37, 213, 8317 }, // U+00DB
    { 23, 36, 442, 2, 36, 207, 8530 }, // U+00DC
    { 26, 36, 428, 0, 36, 234, 8737 }, // U+00DD
    { 20, 28, 395, 2, 28, 140, 8971 }, // U+00DE
    { 21, 28, 386, 2, 28, 147, 9111 }, // U+00DF
    { 18, 29, 345, 1, 29, 131, 9258 }, // U+00E0
    { 18, 29, 345, 1, 29, 131, 9389 }, // U+00E1
    { 18, 30, 345, 1, 30, 135, 9520 }, // U+00E2
    { 18, 29, 345, 1, 29, 131, 9655 }, // U+00E3
    { 18, 29, 345, 1, 29, 131, 9786 }, // U+00E4
    { 18, 32, 345, 1, 32, 144, 9917 }, // U+00E5
    { 32, 21, 548, 1, 21, 168, 10061 }, // U+00E6
    { 20, 29, 350, 1, 21, 145, 10229 }, // U+00E7
    { 20, 29, 355, 1, 29, 145, 10374 }, // U+00E8
    { 20, 29, 355, 1, 29, 145, 10519 }, // U+00E9
    { 20, 30, 355, 1, 30, 150, 10664 }, // U+00EA
    { 20, 29, 355, 1, 29, 145, 10814 }, // U+00EB
    { 9, 29, 157, -1, 29, 66, 10959 }, // U+00EC
    { 9, 29, 157, 2, 29, 66, 11025 }, // U+00ED
    { 14, 30, 157, -2, 30, 105, 11091 }, // U+00EE
    { 14, 29, 157, -2, 29, 102, 11196 }, // U+00EF
    { 20, 30, 356, 1, 30, 150, 11298 }, // U+00F0
    { 19, 29, 367, 2, 29, 138, 11448 }, // U+00F1
    { 21, 29, 365, 1, 29, 153, 11586 }, // U+00F2
    { 21, 29, 365, 1, 29, 153, 11739 }, // U+00F3
    { 21, 30, 365, 1, 30, 158, 11892 }, // U+00F4
    { 21, 29, 365, 1, 29, 153, 12050 }, // U+00F5
    { 21, 29, 365, 1, 29, 153, 12203 }, // U+00F6
    { 19, 21, 404, 3, 21, 100, 12356 }, // U+00F7
    { 21, 23, 365, 1, 22, 121, 12456 }, // U+00F8
    { 19, 29, 367, 2, 29, 138, 12577 }, // U+00F9
    { 19, 29, 367, 2, 29, 138, 12715 }, // U+00FA
    { 19, 30, 367, 2, 30, 143, 12853 }, // U+00FB
    { 19, 29, 367, 2, 29, 138, 12996 }, // U+00FC
    { 22, 37, 353, 0, 29, 204, 13134 }, // U+00FD
    { 20, 36, 374, 2, 28, 180, 13338 }, // U+00FE
    { 22, 37, 353, 0, 29, 204, 13518 }, // U+00FF
    { 27, 35, 437, 0, 35, 237, 0 }, // U+0100
    { 18, 28, 345, 1, 28, 126, 237 }, // U+0101
    { 27, 36, 437, 0, 36, 243, 363 }, // U+0102
    { 18, 29, 345, 1, 29, 131, 606 }, // U+0103
    { 28, 36, 437, 0, 28, 252, 737 }, // U+0104
    { 20, 29, 345, 1, 21, 145, 989 }, // U+0105
    { 25, 36, 442, 1, 36, 225, 1134 }, // U+0106
    { 20, 29, 350, 1, 29, 145, 1359 }, // U+0107
    { 25, 37, 442, 1, 37, 232, 1504 }, // U+0108
    { 20, 30, 350, 1, 30, 150, 1736 }, // U+0109
    { 25, 36, 442, 1, 36, 225, 1886 }, // U+010A
    { 20, 29, 350, 1, 29, 145, 2111 }, // U+010B
    { 25, 37, 442, 1, 37, 232, 2256 }, // U+010C
    { 20, 30, 350, 1, 30, 150, 2488 }, // U+010D
    { 24, 37, 433, 2, 37, 222, 2638 }, // U+010E
    { 27, 29, 444, 1, 29, 196, 2860 }, // U+010F
    { 27, 28, 451, 0, 28, 189, 3056 }, // U+0110
    { 23, 28, 374, 1, 28, 161, 3245 }, // U+0111
    { 19, 35, 363, 2, 35, 167, 3406 }, // U+0112
    { 20, 28, 355, 1, 28, 140, 3573 }, // U+0113
    { 19, 36, 363, 2, 36, 171, 3713 }, // U+0114
    { 20, 29, 355, 1, 29, 145, 3884 }, // U+0115
    { 19, 36, 363, 2, 36, 171, 4029 }, // U+0116
    { 20, 29, 355, 1, 29, 145, 4200 }, // U+0117
    { 20, 36, 363, 2, 28, 180, 4345 }, // U+0118
    { 20, 29, 355, 1, 21, 145, 4525 }, // U+0119
    { 19, 37, 363, 2, 37, 176, 4670 }, // U+011A
    { 20, 30, 355, 1, 30, 150, 4846 }, // U+011B
    { 26, 37, 449, 1, 37, 241, 4996 }, // U+011C
    { 20, 38, 375, 1, 30, 190, 5237 }, // U+011D
    { 26, 36, 449, 1, 36, 234, 5427 }, // U+011E
    { 20, 37, 375, 1, 29, 185, 5661 }, // U+011F
    { 26, 36, 449, 1, 36, 234, 5846 }, // U+0120
    { 20, 37, 375, 1, 29, 185, 6080 }, // U+0121
    { 26, 37, 449, 1, 28, 241, 6265 }, // U+0122
    { 20, 40, 375, 1, 32, 200, 6506 }, // U+0123
    { 24, 37, 447, 2, 37, 222, 6706 }, // U+0124
    { 24, 37, 367, -3, 37, 222, 6928 }, // U+0125
    { 28, 28, 478, 1, 28, 196, 7150 }, // U+0126
    { 22, 28, 367, -1, 28, 154, 7346 }, // U+0127
    { 13, 36, 166, -1, 36, 117, 7500 }, // U+0128
    { 13, 29, 157, -2, 29, 95, 7617 }, // U+0129
    { 12, 35, 166, -1, 35, 105, 7712 }, // U+012A
    { 12, 28, 157, -1, 28, 84, 7817 }, // U+012B
    { 13, 36, 166, -1, 36, 117, 7901 }, // U+012C
    { 13, 29, 157, -2, 29, 95, 8018 }, // U+012D
    { 9, 36, 166, 0, 28, 81, 8113 }, // U+012E
    { 10, 37, 157, -1, 29, 93, 8194 }, // U+012F
    { 6, 36, 166, 2, 36, 54, 8287 }, // U+0130
    { 6, 21, 157, 2, 21, 32, 8341 }, // U+0131
    { 28, 28, 514, 2, 28, 196, 8373 }, // U+0132
    { 16, 37, 314, 2, 29, 148, 8569 }, // U+0133
    { 23, 37, 348, 1, 37, 213, 8717 }, // U+0134
    { 14, 38, 157, -2, 30, 133, 8930 }, // U+0135
    { 24, 37, 422, 2, 28, 222, 9063 }, // U+0136
    { 20, 37, 342, 2, 28, 185, 9285 }, // U+0137
    { 19, 21, 340, 2, 21, 100, 9470 }, // U+0138
    { 18, 36, 339, 2, 36, 162, 9570 }, // U+0139
    { 9, 36, 157, 2, 36, 81, 9732 }, // U+013A
    { 18, 37, 339, 2, 28, 167, 9813 }, // U+013B
    { 7, 37, 157, 1, 28, 65, 9980 }, // U+013C
    { 18, 29, 339, 2, 29, 131, 10045 }, // U+013D
    { 12, 29, 226, 2, 29, 87, 10176 }, // U+013E
    { 18, 28, 344, 2, 28, 126, 10263 }, // U+013F
    { 14, 28, 251, 2, 28, 98, 10389 }, // U+0140
    { 22, 28, 361, 0, 28, 154, 10487 }, // U+0141
    { 12, 28, 157, -1, 28, 84, 10641 }, // U+0142
    { 24, 36, 456, 2, 36, 216, 10725 }, // U+0143
    { 19, 29, 367, 2, 29, 138, 10941 }, // U+0144
    { 24, 37, 456, 2, 28, 222, 11079 }, // U+0145
    { 19, 30, 367, 2, 21, 143, 11301 }, // U+0146
    { 24, 37, 456, 2, 37, 222, 11444 }, // U+0147
    { 19, 30, 367, 2, 30, 143, 11666 }, // U+0148
    { 24, 36, 456, 2, 28, 216, 11809 }, // U+014A
    { 19, 29, 367, 2, 21, 138, 12025 }, // U+014B
    { 26, 35, 461, 1, 35, 228, 12163 }, // U+014C
    { 21, 28, 365, 1, 28, 147, 12391 }, // U+014D
    { 26, 36, 461, 1, 36, 234, 12538 }, // U+014E
    { 21, 29, 365, 1, 29, 153, 12772 }, // U+014F
    { 26, 36, 461, 1, 36, 234, 12925 }, // U+0150
    { 21, 29, 365, 1, 29, 153, 13159 }, // U+0151
    { 35, 28, 608, 1, 28, 245, 13312 }, // U+0152
    { 35, 21, 595, 1, 21, 184, 13557 }, // U+0153
    { 22, 36, 391, 2, 36, 198, 13741 }, // U+0154
    { 13, 29, 238, 2, 29, 95, 13939 }, // U+0155
    { 22, 37, 391, 2, 28, 204, 14034 }, // U+0156
    { 14, 30, 238, 1, 21, 105, 14238 }, // U+0157
    { 22, 37, 391, 2, 37, 204, 14343 }, // U+0158
    { 15, 30, 238, 1, 30, 113, 14547 }, // U+0159
    { 22, 36, 390, 1, 36, 198, 14660 }, // U+015A
    { 19, 29, 330, 1, 29, 138, 14858 }, // U+015B
    { 22, 37, 390, 1, 37, 204, 14996 }, // U+015C
    { 19, 30, 330, 1, 30, 143, 15200 }, // U+015D
    { 22, 36, 390, 1, 28, 198, 15343 }, // U+015E
    { 19, 29, 330, 1, 21, 138, 15541 }, // U+015F
    { 22, 37, 390, 1, 37, 204, 15679 }, // U+0160
    { 19, 30, 330, 1, 30, 143, 15883 }, // U+0161
    { 23, 36, 396, 1, 28, 207, 16026 }, // U+0162
    { 13, 34, 212, 0, 26, 111, 16233 }, // U+0163
    { 23, 37, 396, 1, 37, 213, 16344 }, // U+0164
    { 15, 30, 252, 0, 30, 113, 16557 }, // U+0165
    { 23, 28, 396, 1, 28, 161, 16670 }, // U+0166
    { 13, 26, 212, 0, 26, 85, 16831 }, // U+0167
    { 23, 36, 442, 2, 36, 207, 16916 }, // U+0168
    { 19, 29, 367, 2, 29, 138, 17123 }, // U+0169
    { 23, 35, 442, 2, 35, 202, 17261 }, // U+016A
    { 19, 28, 367, 2, 28, 133, 17463 }, // U+016B
    { 23, 36, 442, 2, 36, 207, 17596 }, // U+016C
    { 19, 29, 367, 2, 29, 138, 17803 }, // U+016D
    { 23, 38, 442, 2, 38, 219, 17941 }, // U+016E
    { 19, 32, 367, 2, 32, 152, 18160 }, // U+016F
    { 23, 36, 442, 2, 36, 207, 18312 }, // U+0170
    { 19, 29, 367, 2, 29, 138, 18519 }, // U+0171
    { 23, 36, 442, 2, 28, 207, 18657 }, // U+0172
    { 20, 29, 367, 2, 21, 145, 18864 }, // U+0173
    { 38, 37, 612, 0, 37, 352, 19009 }, // U+0174
    { 31, 30, 504, 0, 30, 233, 19361 }, // U+0175
    { 26, 37, 428, 0, 37, 241, 19594 }, // U+0176
    { 22, 38, 353, 0, 30, 209, 19835 }, // U+0177
    { 26, 36, 428, 0, 36, 234, 20044 }, // U+0178
    { 21, 36, 391, 2, 36, 189, 20278 }, // U+0179
    { 17, 29, 340, 2, 29, 124, 20467 }, // U+017A
    { 21, 36, 391, 2, 36, 189, 20591 }, // U+017B
    { 17, 29, 340, 2, 29, 124, 20780 }, // U+017C
    { 21, 37, 391, 2, 37, 195, 20904 }, // U+017D
    { 17, 30, 340, 2, 30, 128, 21099 }, // U+017E
    { 11, 29, 201, 2, 29, 80, 21227 }, // U+017F
    { 26, 32, 464, 1, 32, 208, 0 }, // U+01A0
    { 22, 26, 364, 1, 26, 143, 208 }, // U+01A1
    { 27, 32, 441, 2, 32, 216, 351 }, // U+01AF
    { 22, 26, 388, 2, 26, 143, 567 }, // U+01B0
    { 45, 30, 773, 2, 30, 338, 710 }, // U+01C5
    { 42, 30, 714, 1, 30, 315, 1048 }, // U+01C6
    { 39, 28, 687, 2, 28, 273, 1363 }, // U+01C7
    { 27, 37, 496, 2, 29, 250, 1636 }, // U+01C8
    { 16, 37, 314, 2, 29, 148, 1886 }, // U+01C9
    { 46, 28, 803, 2, 28, 322, 2034 }, // U+01CA
    { 35, 37, 612, 2, 29, 324, 2356 }, // U+01CB
    { 29, 37, 524, 2, 29, 269, 2680 }, // U+01CC
    { 27, 37, 437, 0, 37, 250, 2949 }, // U+01CD
    { 18, 30, 345, 1, 30, 135, 3199 }, // U+01CE
    { 15, 37, 166, -2, 37, 139, 3334 }, // U+01CF
    { 14, 30, 157, -2, 30, 105, 3473 }, // U+01D0
    { 26, 37, 461, 1, 37, 241, 3578 }, // U+01D1
    { 21, 30, 365, 1, 30, 158, 3819 }, // U+01D2
    { 23, 37, 442, 2, 37, 213, 3977 }, // U+01D3
    { 19, 30, 367, 2, 30, 143, 4190 }, // U+01D4
    { 23, 40, 442, 2, 40, 230, 4333 }, // U+01D5
    { 19, 33, 367, 2, 33, 157, 4563 }, // U+01D6
    { 23, 42, 442, 2, 42, 242, 4720 }, // U+01D7
    { 19, 35, 367, 2, 35, 167, 4962 }, // U+01D8
    { 23, 42, 442, 2, 42, 242, 5129 }, // U+01D9
    { 19, 35, 367, 2, 35, 167, 5371 }, // U+01DA
    { 23, 42, 442, 2, 42, 242, 5538 }, // U+01DB
    { 19, 35, 367, 2, 35, 167, 5780 }, // U+01DC
    { 20, 21, 355, 1, 21, 105, 5947 }, // U+01DD
    { 27, 40, 437, 0, 40, 270, 6052 }, // U+01DE
    { 18, 33, 345, 1, 33, 149, 6322 }, // U+01DF
    { 27, 40, 437, 0, 40, 270, 6471 }, // U+01E0
    { 18, 33, 345, 1, 33, 149, 6741 }, // U+01E1
    { 36, 35, 608, 0, 35, 315, 6890 }, // U+01E2
    { 32, 28, 548, 1, 28, 224, 7205 }, // U+01E3
    { 27, 28, 449, 1, 28, 189, 7429 }, // U+01E4
    { 24, 29, 410, 1, 21, 174, 7618 }, // U+01E5
    { 26, 37, 449, 1, 37, 241, 7792 }, // U+01E6
    { 20, 38, 375, 1, 30, 190, 8033 }, // U+01E7
    { 24, 37, 422, 2, 37, 222, 8223 }, // U+01E8
    { 24, 37, 342, -2, 37, 222, 8445 }, // U+01E9
    { 26, 36, 461, 1, 28, 234, 8667 }, // U+01EA
    { 21, 29, 365, 1, 21, 153, 8901 }, // U+01EB
    { 26, 43, 461, 1, 35, 280, 9054 }, // U+01EC
    { 21, 36, 365, 1, 28, 189, 9334 }, // U+01ED
    { 24, 45, 412, 1, 37, 270, 9523 }, // U+01EE
    { 22, 37, 383, 1, 30, 204, 9793 }, // U+01EF
    { 14, 38, 157, -2, 30, 133, 9997 }, // U+01F0
    { 48, 28, 825, 2, 28, 336, 10130 }, // U+01F1
    { 45, 28, 773, 2, 28, 315, 10466 }, // U+01F2
    { 42, 28, 714, 1, 28, 294, 10781 }, // U+01F3
    { 26, 36, 449, 1, 36, 234, 11075 }, // U+01F4
    { 20, 37, 375, 1, 29, 185, 11309 }, // U+01F5
    { 38, 28, 673, 2, 28, 266, 11494 }, // U+01F6
    { 22, 36, 423, 2, 28, 198, 11760 }, // U+01F7
    { 24, 36, 456, 2, 36, 216, 11958 }, // U+01F8
    { 19, 29, 367, 2, 29, 138, 12174 }, // U+01F9
    { 27, 42, 437, 0, 42, 284, 12312 }, // U+01FA
    { 18, 36, 345, 1, 36, 162, 12596 }, // U+01FB
    { 36, 36, 608, 0, 36, 324, 12758 }, // U+01FC
    { 32, 29, 548, 1, 29, 232, 13082 }, // U+01FD
    { 26, 38, 461, 1, 36, 247, 13314 }, // U+01FE
    { 21, 30, 365, 1, 29, 158, 13561 }, // U+01FF
    { 27, 36, 437, 0, 36, 243, 13719 }, // U+0200
    { 18, 29, 345, 1, 29, 131, 13962 }, // U+0201
    { 27, 37, 437, 0, 37, 250, 14093 }, // U+0202
    { 18, 30, 345, 1, 30, 135, 14343 }, // U+0203
    { 19, 36, 363, 2, 36, 171, 14478 }, // U+0204
    { 20, 29, 355, 1, 29, 145, 14649 }, // U+0205
    { 19, 37, 363, 2, 37, 176, 14794 }, // U+0206
    { 20, 30, 355, 1, 30, 150, 14970 }, // U+0207
    { 15, 36, 166, -4, 36, 135, 15120 }, // U+0208
    { 15, 29, 157, -5, 29, 109, 15255 }, // U+0209
    { 13, 37, 166, -1, 37, 121, 15364 }, // U+020A
    { 14, 30, 157, -2, 30, 105, 15485 }, // U+020B
    { 26, 36, 461, 1, 36, 234, 15590 }, // U+020C
    { 21, 29, 365, 1, 29, 153, 15824 }, // U+020D
    { 26, 37, 461, 1, 37, 241, 15977 }, // U+020E
    { 21, 30, 365, 1, 30, 158, 16218 }, // U+020F
    { 22, 36, 391, 2, 36, 198, 16376 }, // U+0210
    { 16, 29, 238, -1, 29, 116, 16574 }, // U+0211
    { 22, 37, 391, 2, 37, 204, 16690 }, // U+0212
    { 13, 30, 238, 2, 30, 98, 16894 }, // U+0213
    { 23, 36, 442, 2, 36, 207, 16992 }, // U+0214
    { 19, 29, 367, 2, 29, 138, 17199 }, // U+0215
    { 23, 37, 442, 2, 37, 213, 17337 }, // U+0216
    { 19, 30, 367, 2, 30, 143, 17550 }, // U+0217
    { 22, 37, 390, 1, 28, 204, 17693 }, // U+0218
    { 19, 30, 330, 1, 21, 143, 17897 }, // U+0219
    { 23, 37, 396, 1, 28, 213, 18040 }, // U+021A
    { 13, 35, 212, 0, 26, 114, 18253 }, // U+021B
    { 21, 36, 394, 2, 28, 189, 18367 }, // U+021C
    { 17, 30, 338, 2, 21, 128, 18556 }, // U+021D
    { 24, 37, 447, 2, 37, 222, 18684 }, // U+021E
    { 24, 37, 367, -3, 37, 222, 18906 }, // U+021F
    { 9, 6, 0, 2, 29, 14, 0 }, // U+0300
    { 8, 6, 0, 3, 29, 12, 14 }, // U+0301
    { 15, 6, 0, 1, 30, 23, 26 }, // U+0302
    { 13, 5, 0, 3, 29, 17, 49 }, // U+0303
    { 11, 3, 0, 3, 28, 9, 66 }, // U+0304
    { 13, 6, 0, 1, 29, 20, 75 }, // U+0306
    { 6, 5, 0, 2, 29, 8, 95 }, // U+0307
    { 15, 5, 0, 4, 29, 19, 103 }, // U+0308
    { 8, 6, 0, 1, 29, 12, 122 }, // U+0309
    { 11, 10, 0, 1, 32, 28, 134 }, // U+030A
    { 18, 6, 0, -6, 29, 27, 162 }, // U+030B
    { 15, 6, 0, 1, 30, 23, 189 }, // U+030C
    { 15, 6, 0, 2, 29, 23, 212 }, // U+030F
    { 7, 11, 0, 7, 18, 20, 235 }, // U+0313
    { 7, 11, 0, 7, 18, 20, 255 }, // U+0315
    { 7, 10, 0, -9, 28, 18, 275 }, // U+031B
    { 6, 5, 163, 2, -2, 8, 293 }, // U+0323
    { 6, 8, 0, -15, -3, 12, 301 }, // U+0326
    { 8, 9, 0, 3, 1, 18, 313 }, // U+0327
    { 9, 9, 0, 1, 1, 21, 331 }, // U+0328
    { 15, 6, 0, 1, -1, 23, 352 }, // U+032C
    { 17, 25, 0, -20, 22, 107, 375 }, // U+0337
    { 21, 30, 0, -22, 29, 158, 482 }, // U+0338
    { 13, 5, 0, -18, 29, 17, 640 }, // U+0342
    { 7, 7, 0, 0, 23, 13, 657 }, // U+0343
    { 15, 8, 0, -19, 30, 30, 670 }, // U+0346
    { 12, 8, 0, -17, -4, 24, 700 }, // U+0347
    { 11, 8, 0, -16, -1, 22, 724 }, // U+0348
    { 9, 7, 0, -15, -2, 16, 746 }, // U+0349
    { 14, 9, 0, -19, 30, 32, 762 }, // U+034A
    { 14, 15, 0, -19, 36, 53, 794 }, // U+034B
    { 15, 9, 0, -19, 32, 34, 847 }, // U+034C
    { 17, 8, 0, -20, -2, 34, 881 }, // U+034D
    { 9, 9, 0, -16, -1, 21, 915 }, // U+034E
    { 0, 0, 0, 0, 0, 0, 936 }, // U+034F
    { 15, 15, 0, -18, 37, 57, 936 }, // U+0350
    { 4, 7, 0, -13, 28, 7, 993 }, // U+0351
    { 13, 11, 0, -18, 33, 36, 1000 }, // U+0352
    { 9, 9, 0, -15, -1, 21, 1036 }, // U+0353
    { 11, 10, 0, -16, -1, 28, 1057 }, // U+0354
    { 11, 10, 0, -16, -1, 28, 1085 }, // U+0355
    { 21, 10, 0, -19, -1, 53, 1113 }, // U+0356
    { 5, 10, 0, 1, 32, 13, 1166 }, // U+0357
    { 6, 5, 0, 2, 29, 8, 1179 }, // U+0358
    { 9, 9, 0, -16, -1, 21, 1187 }, // U+0359
    { 16, 8, 0, -19, -1, 32, 1208 }, // U+035A
    { 9, 9, 0, -16, 31, 21, 1240 }, // U+035B
    { 28, 7, 0, -15, 0, 49, 1261 }, // U+035C
    { 28, 7, 0, -14, 29, 49, 1310 }, // U+035D
    { 23, 3, 0, -22, 28, 18, 1359 }, // U+035E
    { 23, 3, 0, -22, -3, 18, 1377 }, // U+035F
    { 38, 6, 0, -20, 28, 57, 1395 }, // U+0360
    { 28, 7, 0, -14, 28, 49, 1452 }, // U+0361
    { 32, 8, 0, -15, -2, 64, 1501 }, // U+0362
    { 10, 11, 0, -16, 33, 28, 1565 }, // U+0363
    { 10, 11, 0, -16, 33, 28, 1593 }, // U+0364
    { 4, 14, 0, -13, 36, 14, 1621 }, // U+0365
    { 11, 11, 0, -17, 33, 31, 1635 }, // U+0366
    { 10, 10, 0, -16, 32, 25, 1666 }, // U+0367
    { 10, 11, 0, -16, 33, 28, 1691 }, // U+0368
    { 11, 15, 0, -17, 37, 42, 1719 }, // U+0369
    { 10, 15, 0, -16, 37, 38, 1761 }, // U+036A
    { 16, 11, 0, -19, 33, 44, 1799 }, // U+036B
    { 7, 10, 0, -14, 32, 18, 1843 }, // U+036C
    { 7, 13, 0, 0, 35, 23, 1861 }, // U+036D
    { 11, 11, 0, -17, 33, 31, 1884 }, // U+036E
    { 11, 10, 0, -16, 32, 28, 1915 }, // U+036F
    { 19, 36, 363, 2, 36, 171, 0 }, // U+0400
    { 19, 36, 363, 2, 36, 171, 171 }, // U+0401
    { 30, 30, 512, 1, 28, 225, 342 }, // U+0402
    { 19, 36, 349, 2, 36, 171, 567 }, // U+0403
    { 25, 28, 442, 1, 28, 175, 738 }, // U+0404
    { 22, 28, 390, 1, 28, 154, 913 }, // U+0405
    { 6, 28, 166, 2, 28, 42, 1067 }, // U+0406
    { 14, 36, 166, -2, 36, 126, 1109 }, // U+0407
    { 18, 28, 348, 1, 28, 126, 1235 }, // U+0408
    { 40, 28, 670, 1, 28, 280, 1361 }, // U+0409
    { 39, 28, 676, 2, 28, 273, 1641 }, // U+040A
    { 30, 28, 535, 1, 28, 210, 1914 }, // U+040B
    { 24, 36, 422, 2, 36, 216, 2124 }, // U+040C
    { 24, 36, 456, 2, 36, 216, 2340 }, // U+040D
    { 25, 36, 403, 0, 36, 225, 2556 }, // U+040E
    { 23, 34, 435, 2, 28, 196, 2781 }, // U+040F
    { 27, 28, 437, 0, 28, 189, 2977 }, // U+0410
    { 21, 28, 388, 2, 28, 147, 3166 }, // U+0411
    { 22, 28, 396, 2, 28, 154, 3313 }, // U+0412
    { 19, 28, 349, 2, 28, 133, 3467 }, // U+0413
    { 30, 35, 511, 1, 28, 263, 3600 }, // U+0414
    { 19, 28, 363, 2, 28, 133, 3863 }, // U+0415
    { 38, 28, 619, 0, 28, 266, 3996 }, // U+0416
    { 21, 28, 382, 1, 28, 147, 4262 }, // U+0417
    { 24, 28, 456, 2, 28, 168, 4409 }, // U+0418
    { 24, 36, 456, 2, 36, 216, 4577 }, // U+0419
    { 24, 28, 422, 2, 28, 168, 4793 }, // U+041A
    { 25, 28, 449, 1, 28, 175, 4961 }, // U+041B
    { 30, 28, 553, 2, 28, 210, 5136 }, // U+041C
    { 24, 28, 447, 2, 28, 168, 5346 }, // U+041D
    { 26, 28, 461, 1, 28, 182, 5514 }, // U+041E
    { 24, 28, 447, 2, 28, 168, 5696 }, // U+041F
    { 21, 28, 387, 2, 28, 147, 5864 }, // U+0420
    { 25, 28, 442, 1, 28, 175, 6011 }, // U+0421
    { 23, 28, 396, 1, 28, 161, 6186 }, // U+0422
    { 25, 28, 403, 0, 28, 175, 6347 }, // U+0423
    { 29, 31, 500, 1, 29, 225, 6522 }, // U+0424
    { 27, 28, 432, 0, 28, 189, 6747 }, // U+0425
    { 26, 34, 451, 2, 28, 221, 6936 }, // U+0426
    { 22, 28, 423, 2, 28, 154, 7157 }, // U+0427
    { 32, 28, 587, 2, 28, 224, 7311 }, // U+0428
    { 35, 34, 601, 2, 28, 298, 7535 }, // U+0429
    { 29, 28, 495, 1, 28, 203, 7833 }, // U+042A
    { 30, 28, 544, 2, 28, 210, 8036 }, // U+042B
    { 22, 28, 395, 2, 28, 154, 8246 }, // U+042C
    { 25, 28, 442, 1, 28, 175, 8400 }, // U+042D
    { 35, 28, 620, 2, 28, 245, 8575 }, // U+042E
    { 22, 28, 391, 0, 28, 154, 8820 }, // U+042F
    { 18, 21, 345, 1, 21, 95, 8974 }, // U+0430
    { 21, 28, 363, 1, 28, 147, 9069 }, // U+0431
    { 18, 21, 344, 2, 21, 95, 9216 }, // U+0432
    { 15, 21, 268, 2, 21, 79, 9311 }, // U+0433
    { 24, 28, 387, 0, 21, 168, 9390 }, // U+0434
    { 20, 21, 355, 1, 21, 105, 9558 }, // U+0435
    { 31, 21, 508, 0, 21, 163, 9663 }, // U+0436
    { 17, 21, 306, 1, 21, 90, 9826 }, // U+0437
    { 19, 21, 367, 2, 21, 100, 9916 }, // U+0438
    { 19, 29, 367, 2, 29, 138, 10016 }, // U+0439
    { 20, 21, 342, 2, 21, 105, 10154 }, // U+043A
    { 20, 21, 357, 0, 21, 105, 10259 }, // U+043B
    { 26, 21, 479, 2, 21, 137, 10364 }, // U+043C
    { 19, 21, 366, 2, 21, 100, 10501 }, // U+043D
    { 21, 21, 365, 1, 21, 111, 10601 }, // U+043E
    { 19, 21, 363, 2, 21, 100, 10712 }, // U+043F
    { 20, 29, 374, 2, 21, 145, 10812 }, // U+0440
    { 20, 21, 350, 1, 21, 105, 10957 }, // U+0441
    { 19, 21, 297, 0, 21, 100, 11062 }, // U+0442
    { 22, 29, 353, 0, 21, 160, 11162 }, // U+0443
    { 26, 36, 448, 1, 28, 234, 11322 }, // U+0444
    { 21, 21, 341, 0, 21, 111, 11556 }, // U+0445
    { 21, 27, 382, 2, 21, 142, 11667 }, // U+0446
    { 18, 21, 356, 2, 21, 95, 11809 }, // U+0447
    { 28, 21, 508, 2, 21, 147, 11904 }, // U+0448
    { 31, 27, 522, 2, 21, 210, 12051 }, // U+0449
    { 24, 21, 400, 0, 21, 126, 12261 }, // U+044A
    { 25, 21, 470, 2, 21, 132, 12387 }, // U+044B
    { 19, 21, 347, 2, 21, 100, 12519 }, // U+044C
    { 20, 21, 350, 1, 21, 105, 12619 }, // U+044D
    { 29, 21, 515, 2, 21, 153, 12724 }, // U+044E
    { 19, 21, 342, 0, 21, 100, 12877 }, // U+044F
    { 20, 29, 355, 1, 29, 145, 12977 }, // U+0450
    { 20, 29, 355, 1, 29, 145, 13122 }, // U+0451
    { 22, 36, 367, -1, 28, 198, 13267 }, // U+0452
    { 15, 29, 268, 2, 29, 109, 13465 }, // U+0453
    { 20, 21, 350, 1, 21, 105, 13574 }, // U+0454
    { 19, 21, 330, 1, 21, 100, 13679 }, // U+0455
    { 6, 29, 157, 2, 29, 44, 13779 }, // U+0456
    { 14, 29, 157, -2, 29, 102, 13823 }, // U+0457
    { 9, 37, 157, -1, 29, 84, 13925 }, // U+0458
    { 34, 21, 563, 0, 21, 179, 14009 }, // U+0459
    { 31, 21, 549, 2, 21, 163, 14188 }, // U+045A
    { 22, 28, 367, -1, 28, 154, 14351 }, // U+045B
    { 20, 29, 342, 2, 29, 145, 14505 }, // U+045C
    { 19, 29, 367, 2, 29, 138, 14650 }, // U+045D
    { 22, 37, 353, 0, 29, 204, 14788 }, // U+045E
    { 19, 27, 363, 2, 21, 129, 14992 }, // U+045F
    { 31, 28, 570, 2, 28, 217, 15121 }, // U+0460
    { 28, 21, 514, 2, 21, 147, 15338 }, // U+0461
    { 25, 28, 422, 0, 28, 175, 15485 }, // U+0462
    { 23, 28, 381, 0, 28, 161, 15660 }, // U+0463
    { 34, 28, 592, 2, 28, 238, 15821 }, // U+0464
    { 27, 21, 488, 2, 21, 142, 16059 }, // U+0465
    { 27, 28, 437, 0, 28, 189, 16201 }, // U+0466
    { 22, 21, 351, 0, 21, 116, 16390 }, // U+0467
    { 34, 28, 584, 2, 28, 238, 16506 }, // U+0468
    { 28, 21, 488, 2, 21, 147, 16744 }, // U+0469
    { 29, 28, 524, 2, 28, 203, 16891 }, // U+046A
    { 25, 21, 437, 1, 21, 132, 17094 }, // U+046B
    { 40, 28, 703, 2, 28, 280, 17226 }, // U+046C
    { 34, 21, 601, 2, 21, 179, 17506 }, // U+046D
    { 18, 44, 337, 2, 36, 198, 17685 }, // U+046E
    { 17, 37, 322, 1, 29, 158, 17883 }, // U+046F
    { 29, 28, 533, 2, 28, 203, 18041 }, // U+0470
    { 26, 33, 488, 2, 25, 215, 18244 }, // U+0471
    { 26, 28, 461, 1, 28, 182, 18459 }, // U+0472
    { 21, 21, 365, 1, 21, 111, 18641 }, // U+0473
    { 27, 28, 444, 0, 28, 189, 18752 }, // U+0474
    { 23, 21, 366, 0, 21, 121, 18941 }, // U+0475
    { 27, 36, 444, 0, 36, 243, 19062 }, // U+0476
    { 23, 29, 366, 0, 29, 167, 19305 }, // U+0477
    { 50, 36, 814, 1, 28, 450, 19472 }, // U+0478
    { 43, 29, 707, 1, 21, 312, 19922 }, // U+0479
    { 24, 28, 429, 1, 28, 168, 20234 }, // U+0480
    { 20, 28, 348, 1, 21, 140, 20402 }, // U+0481
    { 21, 25, 394, 2, 25, 132, 20542 }, // U+0482
    { 14, 7, 0, -18, 28, 25, 20674 }, // U+0483
    { 15, 5, 0, -18, 29, 19, 20699 }, // U+0484
    { 6, 7, 0, -13, 30, 11, 20718 }, // U+0485
    { 5, 7, 0, -12, 30, 9, 20729 }, // U+0486
    { 16, 5, 0, -19, 29, 20, 20738 }, // U+0487
    { 37, 33, 0, -29, 27, 306, 20758 }, // U+0488
    { 35, 35, 0, -28, 27, 307, 21064 }, // U+0489
    { 27, 42, 456, 2, 36, 284, 21371 }, // U+048A
    { 22, 35, 367, 2, 29, 193, 21655 }, // U+048B
    { 25, 28, 422, 0, 28, 175, 21848 }, // U+048C
    { 23, 26, 381, 0, 26, 150, 22023 }, // U+048D
    { 21, 28, 390, 2, 28, 147, 22173 }, // U+048E
    { 20, 29, 367, 2, 21, 145, 22320 }, // U+048F
    { 19, 33, 349, 2, 33, 157, 22465 }, // U+0490
    { 15, 26, 268, 2, 26, 98, 22622 }, // U+0491
    { 22, 28, 349, -1, 28, 154, 22720 }, // U+0492
    { 18, 21, 268, -1, 21, 95, 22874 }, // U+0493
    { 22, 30, 396, 2, 28, 165, 22969 }, // U+0494
    { 18, 27, 338, 2, 21, 122, 23134 }, // U+0495
    { 40, 34, 638, 0, 28, 340, 23256 }, // U+0496
    { 33, 27, 525, 0, 21, 223, 23596 }, // U+0497
    { 21, 36, 382, 1, 28, 189, 23819 }, // U+0498
    { 17, 29, 306, 1, 21, 124, 24008 }, // U+0499
    { 25, 34, 446, 2, 28, 213, 24132 }, // U+049A
    { 21, 27, 359, 2, 21, 142, 24345 }, // U+049B
    { 24, 28, 421, 2, 28, 168, 24487 }, // U+049C
    { 21, 21, 371, 2, 21, 111, 24655 }, // U+049D
    { 31, 28, 522, 1, 28, 217, 24766 }, // U+04A0
    { 25, 21, 394, 0, 21, 132, 24983 }, // U+04A1
    { 27, 34, 461, 2, 28, 230, 25115 }, // U+04A2
    { 22, 27, 380, 2, 21, 149, 25345 }, // U+04A3
    { 34, 28, 599, 2, 28, 238, 25494 }, // U+04A4
    { 24, 21, 419, 2, 21, 126, 25732 }, // U+04A5
    { 39, 30, 673, 2, 28, 293, 25858 }, // U+04A6
    { 32, 27, 560, 2, 21, 216, 26151 }, // U+04A7
    { 36, 28, 615, 1, 28, 252, 26367 }, // U+04A8
    { 30, 21, 491, 1, 21, 158, 26619 }, // U+04A9
    { 25, 36, 442, 1, 28, 225, 26777 }, // U+04AA
    { 20, 29, 350, 1, 21, 145, 27002 }, // U+04AB
    { 23, 34, 396, 1, 28, 196, 27147 }, // U+04AC
    { 19, 27, 297, 0, 21, 129, 27343 }, // U+04AD
    { 26, 28, 428, 0, 28, 182, 27472 }, // U+04AE
    { 22, 29, 352, 0, 21, 160, 27654 }, // U+04AF
    { 26, 28, 428, 0, 28, 182, 27814 }, // U+04B0
    { 22, 29, 352, 0, 21, 160, 27996 }, // U+04B1
    { 28, 34, 450, 0, 28, 238, 28156 }, // U+04B2
    { 23, 27, 358, 0, 21, 156, 28394 }, // U+04B3
    { 34, 35, 563, 1, 28, 298, 28550 }, // U+04B4
    { 26, 28, 416, 0, 21, 182, 28848 }, // U+04B5
    { 25, 34, 437, 2, 28, 213, 29030 }, // U+04B6
    { 21, 27, 370, 2, 21, 142, 29243 }, // U+04B7
    { 22, 28, 423, 2, 28, 154, 29385 }, // U+04B8
    { 18, 21, 356, 2, 21, 95, 29539 }, // U+04B9
    { 22, 28, 423, 2, 28, 154, 29634 }, // U+04BA
    { 19, 28, 367, 2, 28, 133, 29788 }, // U+04BB
    { 31, 28, 524, 0, 28, 217, 29921 }, // U+04BC
    { 27, 21, 444, 0, 21, 142, 30138 }, // U+04BD
    { 31, 34, 524, 0, 28, 264, 30280 }, // U+04BE
    { 27, 29, 444, 0, 21, 196, 30544 }, // U+04BF
    { 6, 28, 166, 2, 28, 42, 30740 }, // U+04C0
    { 38, 36, 619, 0, 36, 342, 30782 }, // U+04C1
    { 31, 29, 508, 0, 29, 225, 31124 }, // U+04C2
    { 23, 34, 414, 2, 28, 196, 31349 }, // U+04C3
    { 20, 27, 366, 2, 21, 135, 31545 }, // U+04C4
    { 28, 34, 449, 1, 28, 238, 31680 }, // U+04C5
    { 24, 27, 357, 0, 21, 162, 31918 }, // U+04C6
    { 24, 36, 447, 2, 28, 216, 32080 }, // U+04C7
    { 19, 29, 366, 2, 21, 138, 32296 }, // U+04C8
    { 27, 34, 447, 2, 28, 230, 32434 }, // U+04C9
    { 22, 27, 366, 2, 21, 149, 32664 }, // U+04CA
    { 22, 34, 437, 2, 28, 187, 32813 }, // U+04CB
    { 18, 27, 370, 2, 21, 122, 33000 }, // U+04CC
    { 34, 34, 553, 2, 28, 289, 33122 }, // U+04CD
    { 29, 27, 479, 2, 21, 196, 33411 }, // U+04CE
    { 6, 28, 157, 2, 28, 42, 33607 }, // U+04CF
    { 27, 36, 437, 0, 36, 243, 33649 }, // U+04D0
    { 18, 29, 345, 1, 29, 131, 33892 }, // U+04D1
    { 27, 36, 437, 0, 36, 243, 34023 }, // U+04D2
    { 18, 29, 345, 1, 29, 131, 34266 }, // U+04D3
    { 36, 28, 608, 0, 28, 252, 34397 }, // U+04D4
    { 32, 21, 548, 1, 21, 168, 34649 }, // U+04D5
    { 19, 36, 363, 2, 36, 171, 34817 }, // U+04D6
    { 20, 29, 355, 1, 29, 145, 34988 }, // U+04D7
    { 25, 28, 449, 2, 28, 175, 35133 }, // U+04D8
    { 20, 21, 355, 1, 21, 105, 35308 }, // U+04D9
    { 25, 36, 449, 2, 36, 225, 35413 }, // U+04DA
    { 20, 29, 355, 1, 29, 145, 35638 }, // U+04DB
    { 38, 36, 619, 0, 36, 342, 35783 }, // U+04DC
    { 31, 29, 508, 0, 29, 225, 36125 }, // U+04DD
    { 21, 36, 382, 1, 36, 189, 36350 }, // U+04DE
    { 17, 29, 306, 1, 29, 124, 36539 }, // U+04DF
    { 22, 28, 383, 1, 28, 154, 36663 }, // U+04E0
    { 22, 28, 383, 1, 21, 154, 36817 }, // U+04E1
    { 24, 35, 456, 2, 35, 210, 36971 }, // U+04E2
    { 19, 28, 367, 2, 28, 133, 37181 }, // U+04E3
    { 24, 36, 456, 2, 36, 216, 37314 }, // U+04E4
    { 19, 29, 367, 2, 29, 138, 37530 }, // U+04E5
    { 26, 36, 461, 1, 36, 234, 37668 }, // U+04E6
    { 21, 29, 365, 1, 29, 153, 37902 }, // U+04E7
    { 26, 28, 461, 1, 28, 182, 38055 }, // U+04E8
    { 21, 21, 365, 1, 21, 111, 38237 }, // U+04E9
    { 26, 36, 461, 1, 36, 234, 38348 }, // U+04EA
    { 21, 29, 365, 1, 29, 153, 38582 }, // U+04EB
    { 25, 36, 442, 1, 36, 225, 38735 }, // U+04EC
    { 20, 29, 350, 1, 29, 145, 38960 }, // U+04ED
    { 25, 35, 403, 0, 35, 219, 39105 }, // U+04EE
    { 22, 36, 353, 0, 28, 198, 39324 }, // U+04EF
    { 25, 36, 403, 0, 36, 225, 39522 }, // U+04F0
    { 22, 37, 353, 0, 29, 204, 39747 }, // U+04F1
    { 25, 36, 403, 0, 36, 225, 39951 }, // U+04F2
    { 22, 37, 353, 0, 29, 204, 40176 }, // U+04F3
    { 22, 36, 423, 2, 36, 198, 40380 }, // U+04F4
    { 18, 29, 356, 2, 29, 131, 40578 }, // U+04F5
    { 19, 34, 349, 2, 28, 162, 40709 }, // U+04F6
    { 15, 27, 268, 2, 21, 102, 40871 }, // U+04F7
    { 30, 36, 544, 2, 36, 270, 40973 }, // U+04F8
    { 25, 29, 470, 2, 29, 182, 41243 }, // U+04F9
    { 22, 36, 367, 0, 28, 198, 41425 }, // U+04FA
    { 18, 29, 268, -1, 21, 131, 41623 }, // U+04FB
    { 28, 36, 456, 0, 28, 252, 41754 }, // U+04FC
    { 20, 29, 321, 0, 21, 145, 42006 }, // U+04FD
    { 27, 28, 432, 0, 28, 189, 42151 }, // U+04FE
    { 21, 21, 341, 0, 21, 111, 42340 }, // U+04FF
    { 25, 23, 406, 0, 23, 144, 0 }, // U+05D0
    { 21, 23, 356, 1, 23, 121, 144 }, // U+05D1
    { 15, 24, 247, 0, 23, 90, 265 }, // U+05D2
    { 20, 23, 343, 1, 23, 115, 355 }, // U+05D3
    { 22, 23, 395, 1, 23, 127, 470 }, // U+05D4
    { 10, 23, 203, 1, 23, 58, 597 }, // U+05D5
    { 13, 23, 223, 1, 23, 75, 655 }, // U+05D6
    { 23, 23, 412, 1, 23, 133, 730 }, // U+05D7
    { 23, 23, 396, 1, 23, 133, 863 }, // U+05D8
    { 10, 14, 199, 1, 23, 35, 996 }, // U+05D9
    { 19, 30, 342, 1, 23, 143, 1031 }, // U+05DA
    { 18, 23, 317, 1, 23, 104, 1174 }, // U+05DB
    { 20, 29, 334, 0, 29, 145, 1278 }, // U+05DC
    { 23, 23, 421, 1, 23, 133, 1423 }, // U+05DD
    { 25, 23, 421, 1, 23, 144, 1556 }, // U+05DE
    { 10, 30, 213, 1, 23, 75, 1700 }, // U+05DF
    { 12, 23, 242, 1, 23, 69, 1775 }, // U+05E0
    { 23, 23, 408, 1, 23, 133, 1844 }, // U+05E1
    { 22, 26, 378, 1, 24, 143, 1977 }, // U+05E2
    { 22, 30, 392, 1, 23, 165, 2120 }, // U+05E3
    { 22, 23, 377, 1, 23, 127, 2285 }, // U+05E4
    { 21, 30, 352, 0, 23, 158, 2412 }, // U+05E5
    { 20, 23, 355, 1, 23, 115, 2570 }, // U+05E6
    { 23, 30, 392, 1, 23, 173, 2685 }, // U+05E7
    { 17, 23, 325, 1, 23, 98, 2858 }, // U+05E8
    { 26, 23, 472, 2, 23, 150, 2956 }, // U+05E9
    { 24, 23, 433, 1, 23, 138, 3106 }, // U+05EA
    { 26, 20, 457, 1, 29, 130, 3244 }, // U+05EF
    { 22, 23, 402, 1, 23, 127, 3374 }, // U+05F0
    { 23, 23, 421, 1, 23, 133, 3501 }, // U+05F1
    { 23, 14, 422, 1, 23, 81, 3634 }, // U+05F2
    { 8, 10, 134, 0, 23, 20, 3715 }, // U+05F3
    { 16, 10, 266, 0, 23, 40, 3735 }, // U+05F4
    { 27, 35, 437, 0, 28, 237, 0 }, // U+1EA0
    { 18, 28, 345, 1, 21, 126, 237 }, // U+1EA1
    { 27, 36, 437, 0, 36, 243, 363 }, // U+1EA2
    { 18, 29, 345, 1, 29, 131, 606 }, // U+1EA3
    { 27, 42, 437, 0, 42, 284, 737 }, // U+1EA4
    { 19, 35, 345, 1, 35, 167, 1021 }, // U+1EA5
    { 27, 42, 437, 0, 42, 284, 1188 }, // U+1EA6
    { 18, 35, 345, 1, 35, 158, 1472 }, // U+1EA7
    { 27, 43, 437, 0, 43, 291, 1630 }, // U+1EA8
    { 18, 36, 345, 1, 36, 162, 1921 }, // U+1EA9
    { 27, 41, 437, 0, 41, 277, 2083 }, // U+1EAA
    { 18, 34, 345, 1, 34, 153, 2360 }, // U+1EAB
    { 27, 44, 437, 0, 37, 297, 2513 }, // U+1EAC
    { 18, 37, 345, 1, 30, 167, 2810 }, // U+1EAD
    { 27, 42, 437, 0, 42, 284, 2977 }, // U+1EAE
    { 18, 35, 345, 1, 35, 158, 3261 }, // U+1EAF
    { 27, 42, 437, 0, 42, 284, 3419 }, // U+1EB0
    { 18, 35, 345, 1, 35, 158, 3703 }, // U+1EB1
    { 27, 42, 437, 0, 42, 284, 3861 }, // U+1EB2
    { 18, 35, 345, 1, 35, 158, 4145 }, // U+1EB3
    { 27, 42, 437, 0, 42, 284, 4303 }, // U+1EB4
    { 18, 35, 345, 1, 35, 158, 4587 }, // U+1EB5
    { 27, 43, 437, 0, 36, 291, 4745 }, // U+1EB6
    { 18, 36, 345, 1, 29, 162, 5036 }, // U+1EB7
    { 19, 35, 363, 2, 28, 167, 5198 }, // U+1EB8
    { 20, 28, 355, 1, 21, 140, 5365 }, // U+1EB9
    { 19, 36, 363, 2, 36, 171, 5505 }, // U+1EBA
    { 20, 29, 355, 1, 29, 145, 5676 }, // U+1EBB
    { 19, 36, 363, 2, 36, 171, 5821 }, // U+1EBC
    { 20, 29, 355, 1, 29, 145, 5992 }, // U+1EBD
    { 19, 42, 363, 2, 42, 200, 6137 }, // U+1EBE
    { 20, 35, 355, 1, 35, 175, 6337 }, // U+1EBF
    { 19, 42, 363, 2, 42, 200, 6512 }, // U+1EC0
    { 20, 35, 355, 1, 35, 175, 6712 }, // U+1EC1
    { 19, 43, 363, 2, 43, 205, 6887 }, // U+1EC2
    { 20, 36, 355, 1, 36, 180, 7092 }, // U+1EC3
    { 19, 41, 363, 2, 41, 195, 7272 }, // U+1EC4
    { 20, 34, 355, 1, 34, 170, 7467 }, // U+1EC5
    { 19, 44, 363, 2, 37, 209, 7637 }, // U+1EC6
    { 20, 37, 355, 1, 30, 185, 7846 }, // U+1EC7
    { 8, 36, 166, 1, 36, 72, 8031 }, // U+1EC8
    { 7, 29, 157, 1, 29, 51, 8103 }, // U+1EC9
    { 6, 35, 166, 2, 28, 53, 8154 }, // U+1ECA
    { 6, 36, 157, 2, 29, 54, 8207 }, // U+1ECB
    { 26, 35, 461, 1, 28, 228, 8261 }, // U+1ECC
    { 21, 28, 365, 1, 21, 147, 8489 }, // U+1ECD
    { 26, 36, 461, 1, 36, 234, 8636 }, // U+1ECE
    { 21, 29, 365, 1, 29, 153, 8870 }, // U+1ECF
    { 26, 42, 461, 1, 42, 273, 9023 }, // U+1ED0
    { 21, 35, 365, 1, 35, 184, 9296 }, // U+1ED1
    { 26, 42, 461, 1, 42, 273, 9480 }, // U+1ED2
    { 21, 35, 365, 1, 35, 184, 9753 }, // U+1ED3
    { 26, 43, 461, 1, 43, 280, 9937 }, // U+1ED4
    { 21, 36, 365, 1, 36, 189, 10217 }, // U+1ED5
    { 26, 41, 461, 1, 41, 267, 10406 }, // U+1ED6
    { 21, 34, 365, 1, 34, 179, 10673 }, // U+1ED7
    { 26, 44, 461, 1, 37, 286, 10852 }, // U+1ED8
    { 21, 37, 365, 1, 30, 195, 11138 }, // U+1ED9
    { 26, 36, 464, 1, 36, 234, 11333 }, // U+1EDA
    { 22, 29, 364, 1, 29, 160, 11567 }, // U+1EDB
    { 26, 36, 464, 1, 36, 234, 11727 }, // U+1EDC
    { 22, 29, 364, 1, 29, 160, 11961 }, // U+1EDD
    { 26, 36, 464, 1, 36, 234, 12121 }, // U+1EDE
    { 22, 29, 364, 1, 29, 160, 12355 }, // U+1EDF
    { 26, 36, 464, 1, 36, 234, 12515 }, // U+1EE0
    { 22, 28, 364, 1, 28, 154, 12749 }, // U+1EE1
    { 26, 39, 464, 1, 32, 254, 12903 }, // U+1EE2
    { 22, 33, 364, 1, 26, 182, 13157 }, // U+1EE3
    { 23, 35, 442, 2, 28, 202, 13339 }, // U+1EE4
    { 19, 28, 367, 2, 21, 133, 13541 }, // U+1EE5
    { 23, 36, 442, 2, 36, 207, 13674 }, // U+1EE6
    { 19, 29, 367, 2, 29, 138, 13881 }, // U+1EE7
    { 27, 36, 441, 2, 36, 243, 14019 }, // U+1EE8
    { 22, 29, 388, 2, 29, 160, 14262 }, // U+1EE9
    { 27, 36, 441, 2, 36, 243, 14422 }, // U+1EEA
    { 22, 29, 388, 2, 29, 160, 14665 }, // U+1EEB
    { 27, 36, 441, 2, 36, 243, 14825 }, // U+1EEC
    { 22, 29, 388, 2, 29, 160, 15068 }, // U+1EED
    { 27, 36, 441, 2, 36, 243, 15228 }, // U+1EEE
    { 22, 29, 388, 2, 29, 160, 15471 }, // U+1EEF
    { 27, 39, 441, 2, 32, 264, 15631 }, // U+1EF0
    { 22, 33, 388, 2, 26, 182, 15895 }, // U+1EF1
    { 26, 36, 428, 0, 36, 234, 16077 }, // U+1EF2
    { 22, 37, 353, 0, 29, 204, 16311 }, // U+1EF3
    { 26, 35, 428, 0, 28, 228, 16515 }, // U+1EF4
    { 22, 29, 353, 0, 21, 160, 16743 }, // U+1EF5
    { 26, 36, 428, 0, 36, 234, 16903 }, // U+1EF6
    { 22, 37, 353, 0, 29, 204, 17137 }, // U+1EF7
    { 26, 36, 428, 0, 36, 234, 17341 }, // U+1EF8
    { 22, 37, 353, 0, 29, 204, 17575 }, // U+1EF9
    { 0, 0, 337, 0, 0, 0, 0 }, // U+2000
    { 0, 0, 669, 0, 0, 0, 0 }, // U+2001
    { 0, 0, 300, 0, 0, 0, 0 }, // U+2002
    { 0, 0, 600, 0, 0, 0, 0 }, // U+2003
    { 0, 0, 200, 0, 0, 0, 0 }, // U+2004
    { 0, 0, 150, 0, 0, 0, 0 }, // U+2005
    { 0, 0, 100, 0, 0, 0, 0 }, // U+2006
    { 0, 0, 388, 0, 0, 0, 0 }, // U+2007
    { 0, 0, 191, 0, 0, 0, 0 }, // U+2008
    { 0, 0, 99, 0, 0, 0, 0 }, // U+2009
    { 0, 0, 50, 0, 0, 0, 0 }, // U+200A
    { 0, 0, 0, 0, 0, 0, 0 }, // U+200B
    { 2, 27, 0, -1, 25, 14, 0 }, // U+200C
    { 10, 28, 0, -5, 26, 70, 14 }, // U+200D
    { 9, 28, 0, -1, 26, 63, 84 }, // U+200E
    { 9, 28, 0, -8, 26, 63, 147 }, // U+200F
    { 14, 4, 253, 1, 14, 14, 210 }, // U+2010
    { 14, 4, 253, 1, 14, 14, 224 }, // U+2011
    { 22, 4, 388, 1, 14, 22, 238 }, // U+2012
    { 19, 4, 300, 0, 14, 19, 260 }, // U+2013
    { 38, 4, 600, 0, 14, 38, 279 }, // U+2014
    { 38, 4, 600, 0, 14, 38, 317 }, // U+2015
    { 12, 46, 322, 4, 37, 138, 355 }, // U+2016
    { 18, 8, 281, 0, 0, 36, 493 }, // U+2017
    { 7, 11, 176, 3, 28, 20, 529 }, // U+2018
    { 7, 11, 176, 3, 27, 20, 549 }, // U+2019
    { 7, 11, 163, 2, 4, 20, 569 }, // U+201A
    { 8, 11, 176, 1, 28, 22, 589 }, // U+201B
    { 15, 11, 304, 3, 28, 42, 611 }, // U+201C
    { 15, 11, 301, 3, 27, 42, 653 }, // U+201D
    { 15, 11, 288, 2, 4, 42, 695 }, // U+201E
    { 15, 11, 301, 1, 28, 42, 737 }, // U+201F
    { 17, 20, 331, 2, 28, 85, 779 }, // U+2020
    { 17, 28, 331, 2, 28, 119, 864 }, // U+2021
    { 13, 12, 302, 3, 17, 39, 983 }, // U+2022
    { 11, 13, 302, 5, 17, 36, 1022 }, // U+2023
    { 6, 6, 191, 3, 6, 9, 1058 }, // U+2024
    { 18, 6, 382, 3, 6, 27, 1067 }, // U+2025
    { 30, 6, 574, 3, 6, 45, 1094 }, // U+2026
    { 6, 6, 191, 3, 16, 9, 1139 }, // U+2027
    { 0, 0, 99, 0, 0, 0, 1148 }, // U+202F
    { 45, 28, 823, 3, 28, 315, 1148 }, // U+2030
    { 59, 28, 1043, 3, 28, 413, 1463 }, // U+2031
    { 6, 10, 154, 2, 28, 15, 1876 }, // U+2032
    { 16, 10, 307, 2, 28, 40, 1891 }, // U+2033
    { 25, 10, 461, 2, 28, 63, 1931 }, // U+2034
    { 6, 10, 154, 2, 28, 15, 1994 }, // U+2035
    { 16, 10, 307, 2, 28, 40, 2009 }, // U+2036
    { 25, 10, 461, 2, 28, 63, 2049 }, // U+2037
    { 16, 9, 310, 2, -1, 36, 2112 }, // U+2038
    { 14, 18, 249, 1, 21, 63, 2148 }, // U+2039
    { 13, 18, 249, 1, 21, 59, 2211 }, // U+203A
    { 24, 22, 451, 2, 24, 132, 2270 }, // U+203B
    { 19, 28, 386, 3, 28, 133, 2402 }, // U+203C
    { 18, 28, 324, 1, 28, 126, 2535 }, // U+203D
    { 19, 4, 307, 0, 32, 19, 2661 }, // U+203E
    { 30, 7, 503, 1, -2, 53, 2680 }, // U+203F
    { 30, 8, 503, 1, 29, 60, 2733 }, // U+2040
    { 16, 22, 282, 1, 12, 88, 2793 }, // U+2041
    { 24, 22, 450, 2, 25, 132, 2881 }, // U+2042
    { 11, 4, 302, 4, 13, 11, 3013 }, // U+2043
    { 23, 28, 123, -8, 28, 161, 3024 }, // U+2044
    { 9, 35, 224, 3, 30, 79, 3185 }, // U+2045
    { 9, 35, 224, 2, 30, 79, 3264 }, // U+2046
    { 38, 28, 652, 1, 28, 266, 3343 }, // U+2047
    { 29, 28, 519, 1, 28, 203, 3609 }, // U+2048
    { 28, 28, 519, 3, 28, 196, 3812 }, // U+2049
    { 15, 29, 276, 1, 21, 109, 4008 }, // U+204A
    { 19, 28, 360, 2, 28, 133, 4117 }, // U+204B
    { 18, 16, 362, 2, 19, 72, 4250 }, // U+204C
    { 18, 16, 362, 2, 19, 72, 4322 }, // U+204D
    { 16, 16, 324, 2, 14, 64, 4394 }, // U+204E
    { 8, 27, 197, 3, 20, 54, 4458 }, // U+204F
    { 31, 38, 502, 0, 29, 295, 4512 }, // U+2050
    { 16, 35, 338, 4, 28, 140, 4807 }, // U+2051
    { 26, 28, 476, 2, 28, 182, 4947 }, // U+2052
    { 24, 8, 449, 2, 17, 48, 5129 }, // U+2053
    { 30, 7, 503, 1, -2, 53, 5177 }, // U+2054
    { 19, 18, 397, 3, 19, 86, 5230 }, // U+2055
    { 35, 10, 614, 2, 28, 88, 5316 }, // U+2057
    { 0, 0, 174, 0, 0, 0, 5404 }, // U+205F
    { 16, 15, 290, 1, 32, 60, 0 }, // U+2070
    { 5, 16, 129, 2, 33, 20, 60 }, // U+2071
    { 16, 15, 287, 1, 32, 60, 80 }, // U+2074
    { 14, 15, 278, 2, 32, 53, 140 }, // U+2075
    { 15, 15, 279, 1, 32, 57, 193 }, // U+2076
    { 14, 15, 251, 1, 32, 53, 250 }, // U+2077
    { 15, 16, 282, 1, 33, 60, 303 }, // U+2078
    { 15, 16, 279, 1, 33, 60, 363 }, // U+2079
    { 13, 11, 274, 2, 29, 36, 423 }, // U+207A
    { 13, 3, 274, 2, 25, 10, 459 }, // U+207B
    { 13, 8, 274, 2, 28, 26, 469 }, // U+207C
    { 8, 19, 170, 2, 33, 38, 495 }, // U+207D
    { 8, 19, 170, 1, 33, 38, 533 }, // U+207E
    { 13, 11, 272, 2, 28, 36, 571 }, // U+207F
    { 16, 15, 290, 1, 10, 60, 607 }, // U+2080
    { 9, 15, 194, 1, 10, 34, 667 }, // U+2081
    { 15, 15, 272, 1, 10, 57, 701 }, // U+2082
    { 15, 15, 278, 1, 10, 57, 758 }, // U+2083
    { 16, 15, 287, 1, 10, 60, 815 }, // U+2084
    { 14, 15, 278, 2, 10, 53, 875 }, // U+2085
    { 15, 15, 279, 1, 10, 57, 928 }, // U+2086
    { 14, 15, 251, 1, 10, 53, 985 }, // U+2087
    { 15, 16, 282, 1, 11, 60, 1038 }, // U+2088
    { 15, 16, 279, 1, 11, 60, 1098 }, // U+2089
    { 13, 11, 274, 2, 7, 36, 1158 }, // U+208A
    { 13, 3, 274, 2, 3, 10, 1194 }, // U+208B
    { 13, 8, 274, 2, 6, 26, 1204 }, // U+208C
    { 8, 19, 170, 2, 11, 38, 1230 }, // U+208D
    { 8, 19, 170, 1, 11, 38, 1268 }, // U+208E
    { 13, 11, 250, 1, 6, 36, 1306 }, // U+2090
    { 14, 11, 258, 1, 6, 39, 1342 }, // U+2091
    { 14, 11, 263, 1, 6, 39, 1381 }, // U+2092
    { 14, 11, 255, 1, 6, 39, 1420 }, // U+2093
    { 14, 15, 282, 2, 7, 53, 1459 }, // U+2094
    { 13, 15, 272, 2, 10, 49, 1512 }, // U+2095
    { 13, 15, 250, 2, 10, 49, 1561 }, // U+2096
    { 4, 15, 129, 2, 10, 15, 1610 }, // U+2097
    { 20, 11, 386, 2, 6, 55, 1625 }, // U+2098
    { 13, 11, 272, 2, 6, 36, 1680 }, // U+2099
    { 14, 16, 271, 2, 6, 56, 1716 }, // U+209A
    { 13, 11, 245, 1, 6, 36, 1772 }, // U+209B
    { 10, 15, 159, 0, 10, 38, 1808 }, // U+209C
    { 24, 28, 450, 2, 28, 168, 0 }, // U+20A0
    { 25, 35, 442, 1, 32, 219, 168 }, // U+20A1
    { 25, 28, 437, 1, 28, 175, 387 }, // U+20A2
    { 23, 28, 366, -1, 28, 161, 562 }, // U+20A3
    { 21, 28, 378, 1, 28, 147, 723 }, // U+20A4
    { 29, 27, 517, 2, 24, 196, 870 }, // U+20A5
    { 28, 28, 457, 0, 28, 196, 1066 }, // U+20A6
    { 35, 28, 599, 2, 28, 245, 1262 }, // U+20A7
    { 40, 28, 693, 2, 28, 280, 1507 }, // U+20A8
    { 36, 28, 607, 1, 28, 252, 1787 }, // U+20A9
    { 29, 21, 532, 2, 21, 153, 2039 }, // U+20AA
    { 23, 36, 374, 1, 28, 207, 2192 }, // U+20AB
    { 23, 28, 407, 1, 28, 161, 2399 }, // U+20AC
    { 28, 28, 462, 1, 28, 196, 2560 }, // U+20AD
    { 23, 28, 396, 1, 28, 161, 2756 }, // U+20AE
    { 52, 39, 863, 1, 31, 507, 2917 }, // U+20AF
    { 25, 28, 419, 1, 28, 175, 3424 }, // U+20B1
    { 26, 35, 449, 1, 31, 228, 3599 }, // U+20B2
    { 27, 28, 437, 0, 28, 189, 3827 }, // U+20B3
    { 22, 28, 422, 2, 28, 154, 4016 }, // U+20B4
    { 25, 35, 442, 1, 31, 219, 4170 }, // U+20B5
    { 23, 28, 396, 1, 28, 161, 4389 }, // U+20B8
    { 19, 27, 337, 1, 27, 129, 4550 }, // U+20B9
    { 21, 28, 377, 1, 28, 147, 4679 }, // U+20BA
    { 24, 21, 450, 2, 21, 126, 4826 }, // U+20BC
    { 25, 28, 437, 1, 28, 175, 4952 }, // U+20BD
    { 24, 28, 449, 2, 28, 168, 5127 }, // U+20BE
    { 22, 35, 396, 2, 31, 193, 5295 }, // U+20BF
    { 16, 23, 294, 1, 23, 92, 5488 }, // U+20C0
    { 29, 26, 572, 3, 25, 189, 0 }, // U+2190
    { 27, 29, 529, 3, 29, 196, 189 }, // U+2191
    { 29, 26, 572, 4, 25, 189, 385 }, // U+2192
    { 27, 29, 529, 3, 28, 196, 574 }, // U+2193
    { 44, 26, 804, 3, 25, 286, 770 }, // U+2194
    { 26, 44, 510, 3, 34, 286, 1056 }, // U+2195
    { 22, 21, 468, 4, 21, 116, 1342 }, // U+2196
    { 21, 21, 468, 4, 21, 111, 1458 }, // U+2197
    { 21, 21, 468, 4, 21, 111, 1569 }, // U+2198
    { 22, 21, 468, 4, 21, 116, 1680 }, // U+2199
    { 37, 29, 692, 3, 28, 269, 1796 }, // U+21A9
    { 37, 29, 692, 3, 28, 269, 2065 }, // U+21AA
    { 31, 29, 602, 3, 29, 225, 2334 }, // U+21B0
    { 31, 29, 602, 3, 29, 225, 2559 }, // U+21B1
    { 31, 25, 602, 3, 28, 194, 2784 }, // U+21B3
    { 27, 28, 525, 3, 27, 189, 2978 }, // U+21B4
    { 31, 25, 602, 3, 28, 194, 3167 }, // U+21B5
    { 28, 34, 572, 4, 34, 238, 3361 }, // U+21BA
    { 28, 34, 572, 4, 34, 238, 3599 }, // U+21BB
    { 29, 27, 572, 3, 26, 196, 3837 }, // U+21D0
    { 29, 27, 572, 4, 26, 196, 4033 }, // U+21D2
    { 44, 27, 804, 3, 26, 297, 4229 }, // U+21D4
    { 18, 29, 376, 3, 29, 131, 4526 }, // U+21DE
    { 18, 29, 376, 3, 28, 131, 4657 }, // U+21DF
    { 33, 18, 623, 3, 23, 149, 4788 }, // U+21E4
    { 33, 18, 623, 3, 23, 149, 4937 }, // U+21E5
    { 35, 30, 646, 3, 30, 263, 5086 }, // U+21E7
    { 35, 37, 646, 3, 30, 324, 5349 }, // U+21EA
    { 20, 28, 395, 2, 28, 140, 0 }, // U+2202
    { 24, 23, 413, 1, 22, 138, 140 }, // U+2205
    { 27, 28, 433, 0, 28, 189, 278 }, // U+2206
    { 22, 32, 451, 3, 27, 176, 467 }, // U+220F
    { 23, 32, 423, 2, 27, 184, 643 }, // U+2211
    { 19, 4, 404, 3, 13, 19, 827 }, // U+2212
    { 21, 27, 393, 2, 27, 142, 846 }, // U+221A
    { 34, 16, 579, 1, 20, 136, 988 }, // U+221E
    { 15, 38, 229, -1, 29, 143, 1124 }, // U+222B
    { 6, 20, 191, 3, 24, 30, 1267 }, // U+2236
    { 21, 16, 404, 2, 19, 84, 1297 }, // U+2248
    { 19, 21, 404, 3, 22, 100, 1381 }, // U+2260
    { 19, 21, 404, 3, 22, 100, 1481 }, // U+2264
    { 19, 21, 404, 3, 22, 100, 1581 }, // U+2265
    { 52, 52, 834, 0, 40, 676, 1681 }, // U+2295
    { 52, 52, 834, 0, 40, 676, 2357 }, // U+2296
    { 52, 52, 834, 0, 40, 676, 3033 }, // U+2297
    { 52, 52, 834, 0, 40, 676, 3709 }, // U+2298
};

static const EpdUnicodeInterval inksans_18_boldIntervals[] = {
    { 0x0, 0x0, 0x0 },
    { 0xD, 0xD, 0x1 },
    { 0x20, 0x7E, 0x2 },
    { 0xA0, 0xAC, 0x61 },
    { 0xAE, 0x148, 0x6E },
    { 0x14A, 0x17F, 0x109 },
    { 0x1A0, 0x1A1, 0x13F },
    { 0x1AF, 0x1B0, 0x141 },
    { 0x1C5, 0x21F, 0x143 },
    { 0x300, 0x304, 0x19E },
    { 0x306, 0x30C, 0x1A3 },
    { 0x30F, 0x30F, 0x1AA },
    { 0x313, 0x313, 0x1AB },
    { 0x315, 0x315, 0x1AC },
    { 0x31B, 0x31B, 0x1AD },
    { 0x323, 0x323, 0x1AE },
    { 0x326, 0x328, 0x1AF },
    { 0x32C, 0x32C, 0x1B2 },
    { 0x337, 0x338, 0x1B3 },
    { 0x342, 0x343, 0x1B5 },
    { 0x346, 0x36F, 0x1B7 },
    { 0x400, 0x479, 0x1E1 },
    { 0x480, 0x49D, 0x25B },
    { 0x4A0, 0x4FF, 0x279 },
    { 0x5D0, 0x5EA, 0x2D9 },
    { 0x5EF, 0x5F4, 0x2F4 },
    { 0x1EA0, 0x1EF9, 0x2FA },
    { 0x2000, 0x2027, 0x354 },
    { 0x202F, 0x2055, 0x37C },
    { 0x2057, 0x2057, 0x3A3 },
    { 0x205F, 0x205F, 0x3A4 },
    { 0x2070, 0x2071, 0x3A5 },
    { 0x2074, 0x208E, 0x3A7 },
    { 0x2090, 0x209C, 0x3C2 },
    { 0x20A0, 0x20AF, 0x3CF },
    { 0x20B1, 0x20B5, 0x3DF },
    { 0x20B8, 0x20BA, 0x3E4 },
    { 0x20BC, 0x20C0, 0x3E7 },
    { 0x2190, 0x2199, 0x3EC },
    { 0x21A9, 0x21AA, 0x3F6 },
    { 0x21B0, 0x21B1, 0x3F8 },
    { 0x21B3, 0x21B5, 0x3FA },
    { 0x21BA, 0x21BB, 0x3FD },
    { 0x21D0, 0x21D0, 0x3FF },
    { 0x21D2, 0x21D2, 0x400 },
    { 0x21D4, 0x21D4, 0x401 },
    { 0x21DE, 0x21DF, 0x402 },
    { 0x21E4, 0x21E5, 0x404 },
    { 0x21E7, 0x21E7, 0x406 },
    { 0x21EA, 0x21EA, 0x407 },
    { 0x2202, 0x2202, 0x408 },
    { 0x2205, 0x2206, 0x409 },
    { 0x220F, 0x220F, 0x40B },
    { 0x2211, 0x2212, 0x40C },
    { 0x221A, 0x221A, 0x40E },
    { 0x221E, 0x221E, 0x40F },
    { 0x222B, 0x222B, 0x410 },
    { 0x2236, 0x2236, 0x411 },
    { 0x2248, 0x2248, 0x412 },
    { 0x2260, 0x2260, 0x413 },
    { 0x2264, 0x2265, 0x414 },
    { 0x2295, 0x2298, 0x416 },
};

static const EpdFontGroup inksans_18_boldGroups[] = {
    { 0, 4089, 12393, 97, 0 },
    { 4089, 3620, 14699, 95, 97 },
    { 7709, 4249, 22682, 127, 192 },
    { 11958, 4296, 20220, 95, 319 },
    { 16254, 1128, 2155, 67, 414 },
    { 17382, 10138, 45139, 248, 481 },
    { 27520, 1279, 4056, 33, 729 },
    { 28799, 2320, 18971, 90, 762 },
    { 31119, 2038, 5822, 81, 852 },
    { 33157, 688, 2048, 42, 933 },
    { 33845, 2139, 5877, 29, 975 },
    { 35984, 1619, 5982, 28, 1004 },
    { 37603, 1160, 4491, 18, 1032 },
};

static const EpdKernClassEntry inksans_18_boldKernLeftClasses[] = {
    { 0x0022, 1 }, // "
    { 0x0024, 2 }, // $
    { 0x0025, 3 }, // %
    { 0x0026, 4 }, // &
    { 0x0027, 1 }, // '
    { 0x0028, 5 }, // (
    { 0x0029, 6 }, // )
    { 0x002A, 7 }, // *
    { 0x002B, 8 }, // +
    { 0x002C, 9 }, // ,
    { 0x002D, 8 }, // -
    { 0x002E, 9 }, // .
    { 0x002F, 10 }, // /
    { 0x0030, 11 }, // 0
    { 0x0031, 12 }, // 1
    { 0x0032, 13 }, // 2
    { 0x0033, 14 }, // 3
    { 0x0034, 15 }, // 4
    { 0x0035, 16 }, // 5
    { 0x0036, 17 }, // 6
    { 0x0037, 18 }, // 7
    { 0x0038, 14 }, // 8
    { 0x0039, 11 }, // 9
    { 0x003A, 19 }, // :
    { 0x003B, 19 }, // ;
    { 0x003D, 20 }, // =
    { 0x003E, 21 }, // >
    { 0x003F, 22 }, // ?
    { 0x0040, 23 }, // @
    { 0x0041, 24 }, // A
    { 0x0042, 25 }, // B
    { 0x0043, 26 }, // C
    { 0x0044, 23 }, // D
    { 0x0045, 27 }, // E
    { 0x0046, 28 }, // F
    { 0x0047, 29 }, // G
    { 0x0048, 12 }, // H
    { 0x0049, 12 }, // I
    { 0x004A, 30 }, // J
    { 0x004B, 31 }, // K
    { 0x004C, 32 }, // L
    { 0x004D, 12 }, // M
    { 0x004E, 12 }, // N
    { 0x004F, 23 }, // O
    { 0x0050, 33 }, // P
    { 0x0051, 23 }, // Q
    { 0x0052, 34 }, // R
    { 0x0053, 2 }, // S
    { 0x0054, 35 }, // T
    { 0x0055, 30 }, // U
    { 0x0056, 36 }, // V
    { 0x0057, 37 }, // W
    { 0x0058, 38 }, // X
    { 0x0059, 39 }, // Y
    { 0x005A, 40 }, // Z
    { 0x005B, 41 }, // [
    { 0x005C, 42 }, // <backslash>
    { 0x005D, 6 }, // ]
    { 0x005E, 7 }, // ^
    { 0x005F, 43 }, // _
    { 0x0061, 44 }, // a
    { 0x0062, 45 }, // b
    { 0x0063, 45 }, // c
    { 0x0064, 12 }, // d
    { 0x0065, 45 }, // e
    { 0x0066, 46 }, // f
    { 0x0067, 47 }, // g
    { 0x0068, 44 }, // h
    { 0x0069, 48 }, // i
    { 0x006A, 48 }, // j
    { 0x006B, 49 }, // k
    { 0x006C, 12 }, // l
    { 0x006D, 44 }, // m
    { 0x006E, 44 }, // n
    { 0x006F, 45 }, // o
    { 0x0070, 45 }, // p
    { 0x0071, 47 }, // q
    { 0x0072, 50 }, // r
    { 0x0073, 51 }, // s
    { 0x0074, 52 }, // t
    { 0x0075, 53 }, // u
    { 0x0076, 54 }, // v
    { 0x0077, 55 }, // w
    { 0x0078, 56 }, // x
    { 0x0079, 54 }, // y
    { 0x007A, 57 }, // z
    { 0x007B, 5 }, // {
    { 0x007C, 12 }, // |
    { 0x007D, 6 }, // }
    { 0x007E, 8 }, // ~
    { 0x00A1, 58 }, // U+00A1
    { 0x00A2, 45 }, // U+00A2
    { 0x00A5, 59 }, // U+00A5
    { 0x00A9, 23 }, // U+00A9
    { 0x00AA, 60 }, // U+00AA
    { 0x00AB, 61 }, // U+00AB
    { 0x00AC, 62 }, // U+00AC
    { 0x00AE, 63 }, // U+00AE
    { 0x00B0, 7 }, // U+00B0
    { 0x00B1, 20 }, // U+00B1
    { 0x00B2, 64 }, // U+00B2
    { 0x00B3, 65 }, // U+00B3
    { 0x00B5, 66 }, // U+00B5
    { 0x00B6, 12 }, // U+00B6
    { 0x00B7, 67 }, // U+00B7
    { 0x00B9, 68 }, // U+00B9
    { 0x00BA, 60 }, // U+00BA
    { 0x00BB, 69 }, // U+00BB
    { 0x00BF, 70 }, // U+00BF
    { 0x00C0, 24 }, // U+00C0
    { 0x00C1, 24 }, // U+00C1
    { 0x00C2, 24 }, // U+00C2
    { 0x00C3, 24 }, // U+00C3
    { 0x00C4, 24 }, // U+00C4
    { 0x00C5, 24 }, // U+00C5
    { 0x00C6, 27 }, // U+00C6
    { 0x00C7, 26 }, // U+00C7
    { 0x00C8, 27 }, // U+00C8
    { 0x00C9, 27 }, // U+00C9
    { 0x00CA, 27 }, // U+00CA
    { 0x00CB, 27 }, // U+00CB
    { 0x00CC, 12 }, // U+00CC
    { 0x00CD, 12 }, // U+00CD
    { 0x00CE, 71 }, // U+00CE
    { 0x00CF, 71 }, // U+00CF
    { 0x00D0, 23 }, // U+00D0
    { 0x00D1, 12 }, // U+00D1
    { 0x00D2, 23 }, // U+00D2
    { 0x00D3, 23 }, // U+00D3
    { 0x00D4, 23 }, // U+00D4
    { 0x00D5, 23 }, // U+00D5
    { 0x00D6, 23 }, // U+00D6
    { 0x00D7, 72 }, // U+00D7
    { 0x00D8, 23 }, // U+00D8
    { 0x00D9, 30 }, // U+00D9
    { 0x00DA, 30 }, // U+00DA
    { 0x00DB, 30 }, // U+00DB
    { 0x00DC, 30 }, // U+00DC
    { 0x00DD, 39 }, // U+00DD
    { 0x00DE, 73 }, // U+00DE
    { 0x00DF, 74 }, // U+00DF
    { 0x00E0, 44 }, // U+00E0
    { 0x00E1, 44 }, // U+00E1
    { 0x00E2, 44 }, // U+00E2
    { 0x00E3, 44 }, // U+00E3
    { 0x00E4, 44 }, // U+00E4
    { 0x00E5, 44 }, // U+00E5
    { 0x00E6, 75 }, // U+00E6
    { 0x00E7, 45 }, // U+00E7
    { 0x00E8, 45 }, // U+00E8
    { 0x00E9, 45 }, // U+00E9
    { 0x00EA, 45 }, // U+00EA
    { 0x00EB, 45 }, // U+00EB
    { 0x00EC, 48 }, // U+00EC
    { 0x00ED, 48 }, // U+00ED
    { 0x00EE, 76 }, // U+00EE
    { 0x00EF, 77 }, // U+00EF
    { 0x00F0, 45 }, // U+00F0
    { 0x00F1, 78 }, // U+00F1
    { 0x00F2, 45 }, // U+00F2
    { 0x00F3, 45 }, // U+00F3
    { 0x00F4, 45 }, // U+00F4
    { 0x00F5, 79 }, // U+00F5
    { 0x00F6, 79 }, // U+00F6
    { 0x00F7, 8 }, // U+00F7
    { 0x00F8, 45 }, // U+00F8
    { 0x00F9, 53 }, // U+00F9
    { 0x00FA, 53 }, // U+00FA
    { 0x00FB, 53 }, // U+00FB
    { 0x00FC, 53 }, // U+00FC
    { 0x00FD, 54 }, // U+00FD
    { 0x00FE, 45 }, // U+00FE
    { 0x00FF, 54 }, // U+00FF
    { 0x0100, 24 }, // U+0100
    { 0x0101, 80 }, // U+0101
    { 0x0102, 24 }, // U+0102
    { 0x0103, 44 }, // U+0103
    { 0x0104, 24 }, // U+0104
    { 0x0105, 44 }, // U+0105
    { 0x0106, 26 }, // U+0106
    { 0x0107, 45 }, // U+0107
    { 0x0108, 26 }, // U+0108
    { 0x0109, 45 }, // U+0109
    { 0x010A, 26 }, // U+010A
    { 0x010B, 45 }, // U+010B
    { 0x010C, 26 }, // U+010C
    { 0x010D, 45 }, // U+010D
    { 0x010E, 23 }, // U+010E
    { 0x010F, 81 }, // U+010F
    { 0x0111, 82 }, // U+0111
    { 0x0112, 27 }, // U+0112
    { 0x0113, 45 }, // U+0113
    { 0x0114, 27 }, // U+0114
    { 0x0115, 45 }, // U+0115
    { 0x0116, 27 }, // U+0116
    { 0x0117, 45 }, // U+0117
    { 0x0118, 27 }, // U+0118
    { 0x0119, 45 }, // U+0119
    { 0x011A, 27 }, // U+011A
    { 0x011B, 45 }, // U+011B
    { 0x011C, 29 }, // U+011C
    { 0x011D, 47 }, // U+011D
    { 0x011E, 29 }, // U+011E
    { 0x011F, 47 }, // U+011F
    { 0x0120, 29 }, // U+0120
    { 0x0121, 47 }, // U+0121
    { 0x0122, 29 }, // U+0122
    { 0x0123, 47 }, // U+0123
    { 0x0124, 12 }, // U+0124
    { 0x0125, 44 }, // U+0125
    { 0x0126, 12 }, // U+0126
    { 0x0127, 44 }, // U+0127
    { 0x0128, 71 }, // U+0128
    { 0x0129, 83 }, // U+0129
    { 0x012A, 71 }, // U+012A
    { 0x012B, 84 }, // U+012B
    { 0x012C, 71 }, // U+012C
    { 0x012D, 85 }, // U+012D
    { 0x012E, 12 }, // U+012E
    { 0x012F, 48 }, // U+012F
    { 0x0130, 12 }, // U+0130
    { 0x0131, 48 }, // U+0131
    { 0x0133, 48 }, // U+0133
    { 0x0134, 30 }, // U+0134
    { 0x0135, 86 }, // U+0135
    { 0x0136, 31 }, // U+0136
    { 0x0137, 49 }, // U+0137
    { 0x0138, 49 }, // U+0138
    { 0x0139, 87 }, // U+0139
    { 0x013A, 88 }, // U+013A
    { 0x013B, 32 }, // U+013B
    { 0x013C, 12 }, // U+013C
    { 0x013D, 89 }, // U+013D
    { 0x013E, 12 }, // U+013E
    { 0x013F, 90 }, // U+013F
    { 0x0140, 91 }, // U+0140
    { 0x0141, 92 }, // U+0141
    { 0x0142, 91 }, // U+0142
    { 0x0143, 12 }, // U+0143
    { 0x0144, 44 }, // U+0144
    { 0x0145, 12 }, // U+0145
    { 0x0146, 44 }, // U+0146
    { 0x0147, 12 }, // U+0147
    { 0x0148, 44 }, // U+0148
    { 0x014A, 12 }, // U+014A
    { 0x014C, 23 }, // U+014C
    { 0x014D, 45 }, // U+014D
    { 0x014E, 23 }, // U+014E
    { 0x014F, 45 }, // U+014F
    { 0x0150, 23 }, // U+0150
    { 0x0151, 45 }, // U+0151
    { 0x0152, 27 }, // U+0152
    { 0x0153, 45 }, // U+0153
    { 0x0154, 34 }, // U+0154
    { 0x0155, 50 }, // U+0155
    { 0x0156, 34 }, // U+0156
    { 0x0157, 50 }, // U+0157
    { 0x0158, 34 }, // U+0158
    { 0x0159, 50 }, // U+0159
    { 0x015A, 2 }, // U+015A
    { 0x015B, 51 }, // U+015B
    { 0x015C, 2 }, // U+015C
    { 0x015D, 51 }, // U+015D
    { 0x015E, 2 }, // U+015E
    { 0x015F, 51 }, // U+015F
    { 0x0160, 2 }, // U+0160
    { 0x0161, 51 }, // U+0161
    { 0x0162, 93 }, // U+0162
    { 0x0163, 52 }, // U+0163
    { 0x0164, 94 }, // U+0164
    { 0x0165, 52 }, // U+0165
    { 0x0166, 95 }, // U+0166
    { 0x0167, 52 }, // U+0167
    { 0x0168, 30 }, // U+0168
    { 0x0169, 53 }, // U+0169
    { 0x016A, 30 }, // U+016A
    { 0x016B, 53 }, // U+016B
    { 0x016C, 30 }, // U+016C
    { 0x016D, 53 }, // U+016D
    { 0x016E, 30 }, // U+016E
    { 0x016F, 53 }, // U+016F
    { 0x0170, 30 }, // U+0170
    { 0x0171, 53 }, // U+0171
    { 0x0172, 30 }, // U+0172
    { 0x0173, 53 }, // U+0173
    { 0x0174, 37 }, // U+0174
    { 0x0175, 55 }, // U+0175
    { 0x0176, 39 }, // U+0176
    { 0x0177, 54 }, // U+0177
    { 0x0178, 39 }, // U+0178
    { 0x0179, 40 }, // U+0179
    { 0x017A, 57 }, // U+017A
    { 0x017B, 40 }, // U+017B
    { 0x017C, 57 }, // U+017C
    { 0x017D, 40 }, // U+017D
    { 0x017E, 57 }, // U+017E
    { 0x017F, 96 }, // U+017F
    { 0x01A0, 97 }, // U+01A0
    { 0x01A1, 98 }, // U+01A1
    { 0x01AF, 99 }, // U+01AF
    { 0x01B0, 100 }, // U+01B0
    { 0x01C5, 101 }, // U+01C5
    { 0x01C6, 57 }, // U+01C6
    { 0x01C8, 48 }, // U+01C8
    { 0x01C9, 48 }, // U+01C9
    { 0x01CB, 48 }, // U+01CB
    { 0x01CC, 48 }, // U+01CC
    { 0x01CD, 24 }, // U+01CD
    { 0x01CE, 44 }, // U+01CE
    { 0x01CF, 88 }, // U+01CF
    { 0x01D0, 102 }, // U+01D0
    { 0x01D1, 23 }, // U+01D1
    { 0x01D2, 45 }, // U+01D2
    { 0x01D3, 30 }, // U+01D3
    { 0x01D4, 53 }, // U+01D4
    { 0x01D5, 30 }, // U+01D5
    { 0x01D6, 53 }, // U+01D6
    { 0x01D7, 30 }, // U+01D7
    { 0x01D8, 53 }, // U+01D8
    { 0x01D9, 30 }, // U+01D9
    { 0x01DA, 53 }, // U+01DA
    { 0x01DB, 30 }, // U+01DB
    { 0x01DC, 53 }, // U+01DC
    { 0x01DD, 45 }, // U+01DD
    { 0x01DE, 24 }, // U+01DE
    { 0x01DF, 44 }, // U+01DF
    { 0x01E0, 24 }, // U+01E0
    { 0x01E1, 44 }, // U+01E1
    { 0x01E2, 27 }, // U+01E2
    { 0x01E3, 75 }, // U+01E3
    { 0x01E4, 29 }, // U+01E4
    { 0x01E5, 47 }, // U+01E5
    { 0x01E6, 29 }, // U+01E6
    { 0x01E7, 47 }, // U+01E7
    { 0x01E8, 31 }, // U+01E8
    { 0x01E9, 49 }, // U+01E9
    { 0x01EA, 23 }, // U+01EA
    { 0x01EB, 45 }, // U+01EB
    { 0x01EC, 23 }, // U+01EC
    { 0x01ED, 45 }, // U+01ED
    { 0x01F0, 48 }, // U+01F0
    { 0x01F1, 103 }, // U+01F1
    { 0x01F2, 57 }, // U+01F2
    { 0x01F3, 57 }, // U+01F3
    { 0x01F4, 29 }, // U+01F4
    { 0x01F5, 47 }, // U+01F5
    { 0x01F6, 104 }, // U+01F6
    { 0x01F8, 12 }, // U+01F8
    { 0x01F9, 44 }, // U+01F9
    { 0x01FA, 24 }, // U+01FA
    { 0x01FB, 44 }, // U+01FB
    { 0x01FC, 27 }, // U+01FC
    { 0x01FD, 75 }, // U+01FD
    { 0x01FE, 23 }, // U+01FE
    { 0x01FF, 45 }, // U+01FF
    { 0x0200, 24 }, // U+0200
    { 0x0201, 44 }, // U+0201
    { 0x0202, 24 }, // U+0202
    { 0x0203, 44 }, // U+0203
    { 0x0204, 27 }, // U+0204
    { 0x0205, 45 }, // U+0205
    { 0x0206, 27 }, // U+0206
    { 0x0207, 45 }, // U+0207
    { 0x0208, 105 }, // U+0208
    { 0x0209, 106 }, // U+0209
    { 0x020A, 71 }, // U+020A
    { 0x020B, 107 }, // U+020B
    { 0x020C, 23 }, // U+020C
    { 0x020D, 45 }, // U+020D
    { 0x020E, 23 }, // U+020E
    { 0x020F, 45 }, // U+020F
    { 0x0210, 34 }, // U+0210
    { 0x0211, 50 }, // U+0211
    { 0x0212, 34 }, // U+0212
    { 0x0213, 50 }, // U+0213
    { 0x0214, 30 }, // U+0214
    { 0x0215, 53 }, // U+0215
    { 0x0216, 30 }, // U+0216
    { 0x0217, 53 }, // U+0217
    { 0x0218, 2 }, // U+0218
    { 0x0219, 51 }, // U+0219
    { 0x021A, 35 }, // U+021A
    { 0x021B, 52 }, // U+021B
    { 0x021E, 12 }, // U+021E
    { 0x021F, 44 }, // U+021F
    { 0x0400, 27 }, // U+0400
    { 0x0401, 27 }, // U+0401
    { 0x0402, 45 }, // U+0402
    { 0x0403, 35 }, // U+0403
    { 0x0404, 108 }, // U+0404
    { 0x0405, 2 }, // U+0405
    { 0x0406, 12 }, // U+0406
    { 0x0407, 71 }, // U+0407
    { 0x0408, 30 }, // U+0408
    { 0x0409, 45 }, // U+0409
    { 0x040A, 45 }, // U+040A
    { 0x040B, 44 }, // U+040B
    { 0x040C, 31 }, // U+040C
    { 0x040D, 12 }, // U+040D
    { 0x040F, 12 }, // U+040F
    { 0x0410, 24 }, // U+0410
    { 0x0411, 25 }, // U+0411
    { 0x0412, 25 }, // U+0412
    { 0x0413, 35 }, // U+0413
    { 0x0414, 109 }, // U+0414
    { 0x0415, 27 }, // U+0415
    { 0x0416, 110 }, // U+0416
    { 0x0417, 14 }, // U+0417
    { 0x0418, 12 }, // U+0418
    { 0x0419, 12 }, // U+0419
    { 0x041A, 31 }, // U+041A
    { 0x041B, 12 }, // U+041B
    { 0x041C, 12 }, // U+041C
    { 0x041D, 12 }, // U+041D
    { 0x041E, 23 }, // U+041E
    { 0x041F, 12 }, // U+041F
    { 0x0420, 33 }, // U+0420
    { 0x0421, 26 }, // U+0421
    { 0x0422, 35 }, // U+0422
    { 0x0423, 39 }, // U+0423
    { 0x0424, 111 }, // U+0424
    { 0x0425, 38 }, // U+0425
    { 0x0426, 109 }, // U+0426
    { 0x0427, 12 }, // U+0427
    { 0x0428, 12 }, // U+0428
    { 0x0429, 109 }, // U+0429
    { 0x042A, 45 }, // U+042A
    { 0x042B, 12 }, // U+042B
    { 0x042C, 45 }, // U+042C
    { 0x042D, 23 }, // U+042D
    { 0x042E, 112 }, // U+042E
    { 0x0430, 44 }, // U+0430
    { 0x0432, 51 }, // U+0432
    { 0x0433, 50 }, // U+0433
    { 0x0434, 113 }, // U+0434
    { 0x0435, 45 }, // U+0435
    { 0x0436, 56 }, // U+0436
    { 0x0437, 44 }, // U+0437
    { 0x0438, 44 }, // U+0438
    { 0x0439, 44 }, // U+0439
    { 0x043A, 49 }, // U+043A
    { 0x043B, 44 }, // U+043B
    { 0x043C, 44 }, // U+043C
    { 0x043D, 44 }, // U+043D
    { 0x043E, 45 }, // U+043E
    { 0x043F, 44 }, // U+043F
    { 0x0440, 45 }, // U+0440
    { 0x0441, 45 }, // U+0441
    { 0x0442, 114 }, // U+0442
    { 0x0443, 54 }, // U+0443
    { 0x0444, 45 }, // U+0444
    { 0x0445, 56 }, // U+0445
    { 0x0446, 113 }, // U+0446
    { 0x0447, 44 }, // U+0447
    { 0x0448, 44 }, // U+0448
    { 0x0449, 113 }, // U+0449
    { 0x044A, 115 }, // U+044A
    { 0x044B, 48 }, // U+044B
    { 0x044C, 115 }, // U+044C
    { 0x044D, 45 }, // U+044D
    { 0x044E, 45 }, // U+044E
    { 0x044F, 44 }, // U+044F
    { 0x0450, 45 }, // U+0450
    { 0x0451, 45 }, // U+0451
    { 0x0452, 44 }, // U+0452
    { 0x0453, 50 }, // U+0453
    { 0x0454, 45 }, // U+0454
    { 0x0455, 51 }, // U+0455
    { 0x0456, 48 }, // U+0456
    { 0x0457, 77 }, // U+0457
    { 0x0458, 48 }, // U+0458
    { 0x0459, 115 }, // U+0459
    { 0x045A, 115 }, // U+045A
    { 0x045B, 44 }, // U+045B
    { 0x045C, 49 }, // U+045C
    { 0x045D, 44 }, // U+045D
    { 0x045E, 54 }, // U+045E
    { 0x045F, 53 }, // U+045F
    { 0x0460, 12 }, // U+0460
    { 0x0462, 45 }, // U+0462
    { 0x0463, 45 }, // U+0463
    { 0x0464, 26 }, // U+0464
    { 0x0465, 45 }, // U+0465
    { 0x0466, 24 }, // U+0466
    { 0x0467, 24 }, // U+0467
    { 0x0468, 24 }, // U+0468
    { 0x046E, 25 }, // U+046E
    { 0x0472, 23 }, // U+0472
    { 0x0473, 45 }, // U+0473
    { 0x0474, 36 }, // U+0474
    { 0x0475, 54 }, // U+0475
    { 0x0476, 36 }, // U+0476
    { 0x0477, 54 }, // U+0477
    { 0x0479, 46 }, // U+0479
    { 0x0481, 45 }, // U+0481
    { 0x048A, 12 }, // U+048A
    { 0x048B, 52 }, // U+048B
    { 0x048C, 45 }, // U+048C
    { 0x048D, 45 }, // U+048D
    { 0x048E, 33 }, // U+048E
    { 0x048F, 45 }, // U+048F
    { 0x0490, 35 }, // U+0490
    { 0x0491, 50 }, // U+0491
    { 0x0492, 35 }, // U+0492
    { 0x0493, 50 }, // U+0493
    { 0x0497, 56 }, // U+0497
    { 0x0498, 14 }, // U+0498
    { 0x049A, 31 }, // U+049A
    { 0x049B, 49 }, // U+049B
    { 0x049C, 31 }, // U+049C
    { 0x049D, 49 }, // U+049D
    { 0x04A0, 31 }, // U+04A0
    { 0x04A1, 49 }, // U+04A1
    { 0x04A2, 52 }, // U+04A2
    { 0x04A3, 52 }, // U+04A3
    { 0x04A4, 35 }, // U+04A4
    { 0x04A5, 50 }, // U+04A5
    { 0x04A6, 45 }, // U+04A6
    { 0x04A7, 115 }, // U+04A7
    { 0x04A9, 75 }, // U+04A9
    { 0x04AA, 26 }, // U+04AA
    { 0x04AB, 45 }, // U+04AB
    { 0x04AC, 35 }, // U+04AC
    { 0x04AD, 50 }, // U+04AD
    { 0x04AE, 39 }, // U+04AE
    { 0x04AF, 54 }, // U+04AF
    { 0x04B0, 39 }, // U+04B0
    { 0x04B1, 54 }, // U+04B1
    { 0x04B3, 56 }, // U+04B3
    { 0x04B5, 113 }, // U+04B5
    { 0x04B7, 52 }, // U+04B7
    { 0x04B9, 44 }, // U+04B9
    { 0x04BA, 44 }, // U+04BA
    { 0x04BB, 44 }, // U+04BB
    { 0x04BD, 45 }, // U+04BD
    { 0x04BF, 75 }, // U+04BF
    { 0x04C0, 12 }, // U+04C0
    { 0x04C1, 38 }, // U+04C1
    { 0x04C3, 25 }, // U+04C3
    { 0x04C4, 44 }, // U+04C4
    { 0x04C6, 52 }, // U+04C6
    { 0x04C7, 12 }, // U+04C7
    { 0x04C8, 44 }, // U+04C8
    { 0x04C9, 52 }, // U+04C9
    { 0x04CA, 52 }, // U+04CA
    { 0x04CC, 44 }, // U+04CC
    { 0x04CD, 12 }, // U+04CD
    { 0x04CE, 52 }, // U+04CE
    { 0x04CF, 12 }, // U+04CF
    { 0x04D0, 24 }, // U+04D0
    { 0x04D1, 44 }, // U+04D1
    { 0x04D2, 24 }, // U+04D2
    { 0x04D3, 44 }, // U+04D3
    { 0x04D4, 27 }, // U+04D4
    { 0x04D5, 75 }, // U+04D5
    { 0x04D6, 27 }, // U+04D6
    { 0x04D7, 45 }, // U+04D7
    { 0x04D9, 45 }, // U+04D9
    { 0x04DA, 23 }, // U+04DA
    { 0x04DB, 45 }, // U+04DB
    { 0x04DC, 38 }, // U+04DC
    { 0x04E0, 14 }, // U+04E0
    { 0x04E2, 12 }, // U+04E2
    { 0x04E3, 44 }, // U+04E3
    { 0x04E4, 12 }, // U+04E4
    { 0x04E5, 44 }, // U+04E5
    { 0x04E6, 23 }, // U+04E6
    { 0x04E7, 45 }, // U+04E7
    { 0x04E8, 23 }, // U+04E8
    { 0x04E9, 45 }, // U+04E9
    { 0x04EA, 23 }, // U+04EA
    { 0x04EB, 45 }, // U+04EB
    { 0x04ED, 45 }, // U+04ED
    { 0x04EF, 54 }, // U+04EF
    { 0x04F1, 54 }, // U+04F1
    { 0x04F3, 54 }, // U+04F3
    { 0x04F5, 44 }, // U+04F5
    { 0x04F6, 35 }, // U+04F6
    { 0x04F7, 50 }, // U+04F7
    { 0x04F9, 44 }, // U+04F9
    { 0x04FA, 35 }, // U+04FA
    { 0x04FB, 50 }, // U+04FB
    { 0x04FC, 38 }, // U+04FC
    { 0x04FD, 56 }, // U+04FD
    { 0x04FE, 38 }, // U+04FE
    { 0x04FF, 56 }, // U+04FF
    { 0x05D0, 116 }, // U+05D0
    { 0x05D1, 117 }, // U+05D1
    { 0x05D2, 118 }, // U+05D2
    { 0x05D3, 119 }, // U+05D3
    { 0x05D5, 120 }, // U+05D5
    { 0x05D6, 121 }, // U+05D6
    { 0x05D8, 122 }, // U+05D8
    { 0x05D9, 123 }, // U+05D9
    { 0x05DB, 124 }, // U+05DB
    { 0x05DC, 125 }, // U+05DC
    { 0x05DE, 126 }, // U+05DE
    { 0x05E0, 127 }, // U+05E0
    { 0x05E1, 128 }, // U+05E1
    { 0x05E2, 129 }, // U+05E2
    { 0x05E4, 130 }, // U+05E4
    { 0x05E6, 131 }, // U+05E6
    { 0x05E8, 132 }, // U+05E8
    { 0x05E9, 133 }, // U+05E9
    { 0x05EA, 134 }, // U+05EA
    { 0x1EA0, 24 }, // U+1EA0
    { 0x1EA1, 44 }, // U+1EA1
    { 0x1EA2, 24 }, // U+1EA2
    { 0x1EA3, 44 }, // U+1EA3
    { 0x1EA4, 24 }, // U+1EA4
    { 0x1EA5, 44 }, // U+1EA5
    { 0x1EA6, 24 }, // U+1EA6
    { 0x1EA7, 44 }, // U+1EA7
    { 0x1EA8, 24 }, // U+1EA8
    { 0x1EA9, 44 }, // U+1EA9
    { 0x1EAA, 24 }, // U+1EAA
    { 0x1EAB, 44 }, // U+1EAB
    { 0x1EAC, 24 }, // U+1EAC
    { 0x1EAD, 44 }, // U+1EAD
    { 0x1EAE, 24 }, // U+1EAE
    { 0x1EAF, 44 }, // U+1EAF
    { 0x1EB0, 24 }, // U+1EB0
    { 0x1EB1, 44 }, // U+1EB1
    { 0x1EB2, 24 }, // U+1EB2
    { 0x1EB3, 44 }, // U+1EB3
    { 0x1EB4, 24 }, // U+1EB4
    { 0x1EB5, 44 }, // U+1EB5
    { 0x1EB6, 24 }, // U+1EB6
    { 0x1EB7, 44 }, // U+1EB7
    { 0x1EB8, 27 }, // U+1EB8
    { 0x1EB9, 45 }, // U+1EB9
    { 0x1EBA, 27 }, // U+1EBA
    { 0x1EBB, 45 }, // U+1EBB
    { 0x1EBC, 27 }, // U+1EBC
    { 0x1EBD, 45 }, // U+1EBD
    { 0x1EBE, 27 }, // U+1EBE
    { 0x1EBF, 45 }, // U+1EBF
    { 0x1EC0, 27 }, // U+1EC0
    { 0x1EC1, 45 }, // U+1EC1
    { 0x1EC2, 27 }, // U+1EC2
    { 0x1EC3, 45 }, // U+1EC3
    { 0x1EC4, 27 }, // U+1EC4
    { 0x1EC5, 45 }, // U+1EC5
    { 0x1EC6, 27 }, // U+1EC6
    { 0x1EC7, 45 }, // U+1EC7
    { 0x1EC8, 12 }, // U+1EC8
    { 0x1EC9, 106 }, // U+1EC9
    { 0x1ECA, 12 }, // U+1ECA
    { 0x1ECB, 135 }, // U+1ECB
    { 0x1ECC, 23 }, // U+1ECC
    { 0x1ECD, 45 }, // U+1ECD
    { 0x1ECE, 23 }, // U+1ECE
    { 0x1ECF, 45 }, // U+1ECF
    { 0x1ED0, 23 }, // U+1ED0
    { 0x1ED1, 45 }, // U+1ED1
    { 0x1ED2, 23 }, // U+1ED2
    { 0x1ED3, 45 }, // U+1ED3
    { 0x1ED4, 23 }, // U+1ED4
    { 0x1ED5, 45 }, // U+1ED5
    { 0x1ED6, 23 }, // U+1ED6
    { 0x1ED7, 45 }, // U+1ED7
    { 0x1ED8, 23 }, // U+1ED8
    { 0x1ED9, 45 }, // U+1ED9
    { 0x1EDA, 23 }, // U+1EDA
    { 0x1EDB, 45 }, // U+1EDB
    { 0x1EDC, 23 }, // U+1EDC
    { 0x1EDD, 45 }, // U+1EDD
    { 0x1EDE, 23 }, // U+1EDE
    { 0x1EDF, 45 }, // U+1EDF
    { 0x1EE0, 23 }, // U+1EE0
    { 0x1EE1, 45 }, // U+1EE1
    { 0x1EE2, 23 }, // U+1EE2
    { 0x1EE3, 45 }, // U+1EE3
    { 0x1EE4, 30 }, // U+1EE4
    { 0x1EE5, 53 }, // U+1EE5
    { 0x1EE6, 30 }, // U+1EE6
    { 0x1EE7, 53 }, // U+1EE7
    { 0x1EE8, 136 }, // U+1EE8
    { 0x1EE9, 53 }, // U+1EE9
    { 0x1EEA, 136 }, // U+1EEA
    { 0x1EEB, 53 }, // U+1EEB
    { 0x1EEC, 136 }, // U+1EEC
    { 0x1EED, 100 }, // U+1EED
    { 0x1EEE, 136 }, // U+1EEE
    { 0x1EEF, 53 }, // U+1EEF
    { 0x1EF0, 136 }, // U+1EF0
    { 0x1EF1, 53 }, // U+1EF1
    { 0x1EF2, 39 }, // U+1EF2
    { 0x1EF3, 54 }, // U+1EF3
    { 0x1EF4, 137 }, // U+1EF4
    { 0x1EF5, 54 }, // U+1EF5
    { 0x1EF6, 137 }, // U+1EF6
    { 0x1EF7, 54 }, // U+1EF7
    { 0x1EF8, 137 }, // U+1EF8
    { 0x1EF9, 54 }, // U+1EF9
    { 0x2018, 138 }, // U+2018
    { 0x2019, 139 }, // U+2019
    { 0x201A, 140 }, // U+201A
    { 0x201C, 138 }, // U+201C
    { 0x201D, 139 }, // U+201D
    { 0x201E, 140 }, // U+201E
    { 0x2020, 60 }, // U+2020
    { 0x2021, 60 }, // U+2021
    { 0x2022, 141 }, // U+2022
    { 0x2023, 141 }, // U+2023
    { 0x2026, 142 }, // U+2026
    { 0x2034, 139 }, // U+2034
    { 0x2039, 61 }, // U+2039
    { 0x203A, 69 }, // U+203A
    { 0x203D, 22 }, // U+203D
    { 0x2043, 141 }, // U+2043
    { 0x204B, 33 }, // U+204B
    { 0x204C, 44 }, // U+204C
    { 0x204D, 141 }, // U+204D
    { 0x204F, 19 }, // U+204F
    { 0x2070, 65 }, // U+2070
    { 0x2071, 143 }, // U+2071
    { 0x2074, 144 }, // U+2074
    { 0x2075, 65 }, // U+2075
    { 0x2076, 65 }, // U+2076
    { 0x2077, 145 }, // U+2077
    { 0x2078, 65 }, // U+2078
    { 0x2079, 65 }, // U+2079
    { 0x207A, 146 }, // U+207A
    { 0x207B, 146 }, // U+207B
    { 0x207D, 147 }, // U+207D
    { 0x2080, 148 }, // U+2080
    { 0x2081, 148 }, // U+2081
    { 0x2082, 148 }, // U+2082
    { 0x2083, 148 }, // U+2083
    { 0x2084, 148 }, // U+2084
    { 0x2085, 149 }, // U+2085
    { 0x2086, 148 }, // U+2086
    { 0x2087, 150 }, // U+2087
    { 0x2088, 148 }, // U+2088
    { 0x2089, 148 }, // U+2089
    { 0x208A, 148 }, // U+208A
    { 0x208B, 148 }, // U+208B
    { 0x208C, 148 }, // U+208C
    { 0x208D, 148 }, // U+208D
    { 0x208E, 148 }, // U+208E
    { 0x2090, 148 }, // U+2090
    { 0x2091, 148 }, // U+2091
    { 0x2092, 148 }, // U+2092
    { 0x2093, 148 }, // U+2093
    { 0x2095, 148 }, // U+2095
    { 0x2096, 148 }, // U+2096
    { 0x2097, 148 }, // U+2097
    { 0x2098, 148 }, // U+2098
    { 0x2099, 148 }, // U+2099
    { 0x209A, 148 }, // U+209A
    { 0x209B, 148 }, // U+209B
    { 0x209C, 148 }, // U+209C
    { 0x20A1, 26 }, // U+20A1
    { 0x20A7, 52 }, // U+20A7
    { 0x20A8, 51 }, // U+20A8
    { 0x20A9, 151 }, // U+20A9
    { 0x20AF, 45 }, // U+20AF
    { 0x20B2, 29 }, // U+20B2
    { 0x20B5, 26 }, // U+20B5
    { 0x20BD, 152 }, // U+20BD
    { 0x20BF, 25 }, // U+20BF
    { 0x2190, 8 }, // U+2190
    { 0x21D0, 20 }, // U+21D0
    { 0x2206, 24 }, // U+2206
    { 0x2212, 8 }, // U+2212
    { 0x221E, 90 }, // U+221E
    { 0x2248, 20 }, // U+2248
    { 0x2260, 20 }, // U+2260
    { 0x2264, 20 }, // U+2264
    { 0x2265, 20 }, // U+2265
};

static const EpdKernClassEntry inksans_18_boldKernRightClasses[] = {
    { 0x0020, 1 }, // U+0020
    { 0x0021, 2 }, // !
    { 0x0022, 3 }, // "
    { 0x0023, 4 }, // #
    { 0x0024, 5 }, // $
    { 0x0026, 6 }, // &
    { 0x0027, 3 }, // '
    { 0x0028, 7 }, // (
    { 0x0029, 8 }, // )
    { 0x002A, 9 }, // *
    { 0x002B, 10 }, // +
    { 0x002C, 11 }, // ,
    { 0x002D, 12 }, // -
    { 0x002E, 13 }, // .
    { 0x002F, 14 }, // /
    { 0x0030, 15 }, // 0
    { 0x0031, 16 }, // 1
    { 0x0032, 17 }, // 2
    { 0x0033, 18 }, // 3
    { 0x0034, 19 }, // 4
    { 0x0035, 20 }, // 5
    { 0x0036, 15 }, // 6
    { 0x0037, 21 }, // 7
    { 0x0038, 22 }, // 8
    { 0x0039, 20 }, // 9
    { 0x003A, 23 }, // :
    { 0x003B, 23 }, // ;
    { 0x003C, 24 }, // <
    { 0x003D, 25 }, // =
    { 0x003F, 26 }, // ?
    { 0x0040, 27 }, // @
    { 0x0041, 28 }, // A
    { 0x0042, 29 }, // B
    { 0x0043, 30 }, // C
    { 0x0044, 29 }, // D
    { 0x0045, 29 }, // E
    { 0x0046, 29 }, // F
    { 0x0047, 30 }, // G
    { 0x0048, 29 }, // H
    { 0x0049, 29 }, // I
    { 0x004A, 31 }, // J
    { 0x004B, 29 }, // K
    { 0x004C, 29 }, // L
    { 0x004D, 29 }, // M
    { 0x004E, 29 }, // N
    { 0x004F, 30 }, // O
    { 0x0050, 29 }, // P
    { 0x0051, 30 }, // Q
    { 0x0052, 29 }, // R
    { 0x0053, 5 }, // S
    { 0x0054, 32 }, // T
    { 0x0055, 33 }, // U
    { 0x0056, 34 }, // V
    { 0x0057, 35 }, // W
    { 0x0058, 36 }, // X
    { 0x0059, 37 }, // Y
    { 0x005A, 38 }, // Z
    { 0x005B, 7 }, // [
    { 0x005C, 34 }, // <backslash>
    { 0x005D, 8 }, // ]
    { 0x005E, 39 }, // ^
    { 0x005F, 40 }, // _
    { 0x0061, 41 }, // a
    { 0x0062, 29 }, // b
    { 0x0063, 42 }, // c
    { 0x0064, 42 }, // d
    { 0x0065, 42 }, // e
    { 0x0066, 43 }, // f
    { 0x0067, 42 }, // g
    { 0x0068, 29 }, // h
    { 0x0069, 44 }, // i
    { 0x006A, 45 }, // j
    { 0x006B, 29 }, // k
    { 0x006C, 29 }, // l
    { 0x006D, 46 }, // m
    { 0x006E, 46 }, // n
    { 0x006F, 42 }, // o
    { 0x0070, 46 }, // p
    { 0x0071, 42 }, // q
    { 0x0072, 46 }, // r
    { 0x0073, 47 }, // s
    { 0x0074, 48 }, // t
    { 0x0075, 49 }, // u
    { 0x0076, 50 }, // v
    { 0x0077, 51 }, // w
    { 0x0078, 52 }, // x
    { 0x0079, 50 }, // y
    { 0x007A, 53 }, // z
    { 0x007B, 7 }, // {
    { 0x007C, 29 }, // |
    { 0x007D, 8 }, // }
    { 0x007E, 54 }, // ~
    { 0x00A2, 42 }, // U+00A2
    { 0x00A9, 30 }, // U+00A9
    { 0x00AA, 55 }, // U+00AA
    { 0x00AB, 56 }, // U+00AB
    { 0x00AC, 57 }, // U+00AC
    { 0x00AE, 58 }, // U+00AE
    { 0x00B0, 59 }, // U+00B0
    { 0x00B1, 25 }, // U+00B1
    { 0x00B2, 60 }, // U+00B2
    { 0x00B5, 61 }, // U+00B5
    { 0x00B6, 62 }, // U+00B6
    { 0x00B7, 63 }, // U+00B7
    { 0x00B9, 64 }, // U+00B9
    { 0x00BA, 55 }, // U+00BA
    { 0x00BB, 65 }, // U+00BB
    { 0x00BF, 66 }, // U+00BF
    { 0x00C0, 28 }, // U+00C0
    { 0x00C1, 28 }, // U+00C1
    { 0x00C2, 28 }, // U+00C2
    { 0x00C3, 28 }, // U+00C3
    { 0x00C4, 28 }, // U+00C4
    { 0x00C5, 28 }, // U+00C5
    { 0x00C6, 28 }, // U+00C6
    { 0x00C7, 30 }, // U+00C7
    { 0x00C8, 29 }, // U+00C8
    { 0x00C9, 29 }, // U+00C9
    { 0x00CA, 29 }, // U+00CA
    { 0x00CB, 29 }, // U+00CB
    { 0x00CC, 29 }, // U+00CC
    { 0x00CD, 29 }, // U+00CD
    { 0x00CE, 67 }, // U+00CE
    { 0x00CF, 67 }, // U+00CF
    { 0x00D0, 68 }, // U+00D0
    { 0x00D1, 29 }, // U+00D1
    { 0x00D2, 30 }, // U+00D2
    { 0x00D3, 30 }, // U+00D3
    { 0x00D4, 30 }, // U+00D4
    { 0x00D5, 30 }, // U+00D5
    { 0x00D6, 30 }, // U+00D6
    { 0x00D7, 69 }, // U+00D7
    { 0x00D8, 30 }, // U+00D8
    { 0x00D9, 33 }, // U+00D9
    { 0x00DA, 33 }, // U+00DA
    { 0x00DB, 33 }, // U+00DB
    { 0x00DC, 33 }, // U+00DC
    { 0x00DD, 37 }, // U+00DD
    { 0x00DE, 29 }, // U+00DE
    { 0x00DF, 29 }, // U+00DF
    { 0x00E0, 41 }, // U+00E0
    { 0x00E1, 41 }, // U+00E1
    { 0x00E2, 41 }, // U+00E2
    { 0x00E3, 70 }, // U+00E3
    { 0x00E4, 71 }, // U+00E4
    { 0x00E5, 41 }, // U+00E5
    { 0x00E6, 41 }, // U+00E6
    { 0x00E7, 42 }, // U+00E7
    { 0x00E8, 42 }, // U+00E8
    { 0x00E9, 42 }, // U+00E9
    { 0x00EA, 42 }, // U+00EA
    { 0x00EB, 72 }, // U+00EB
    { 0x00EC, 73 }, // U+00EC
    { 0x00ED, 74 }, // U+00ED
    { 0x00EE, 75 }, // U+00EE
    { 0x00EF, 76 }, // U+00EF
    { 0x00F0, 42 }, // U+00F0
    { 0x00F1, 46 }, // U+00F1
    { 0x00F2, 42 }, // U+00F2
    { 0x00F3, 42 }, // U+00F3
    { 0x00F4, 42 }, // U+00F4
    { 0x00F5, 77 }, // U+00F5
    { 0x00F6, 72 }, // U+00F6
    { 0x00F7, 10 }, // U+00F7
    { 0x00F8, 42 }, // U+00F8
    { 0x00F9, 49 }, // U+00F9
    { 0x00FA, 49 }, // U+00FA
    { 0x00FB, 49 }, // U+00FB
    { 0x00FC, 78 }, // U+00FC
    { 0x00FD, 50 }, // U+00FD
    { 0x00FE, 29 }, // U+00FE
    { 0x00FF, 79 }, // U+00FF
    { 0x0100, 28 }, // U+0100
    { 0x0101, 80 }, // U+0101
    { 0x0102, 28 }, // U+0102
    { 0x0103, 41 }, // U+0103
    { 0x0104, 28 }, // U+0104
    { 0x0105, 41 }, // U+0105
    { 0x0106, 30 }, // U+0106
    { 0x0107, 42 }, // U+0107
    { 0x0108, 30 }, // U+0108
    { 0x0109, 42 }, // U+0109
    { 0x010A, 30 }, // U+010A
    { 0x010B, 42 }, // U+010B
    { 0x010C, 30 }, // U+010C
    { 0x010D, 42 }, // U+010D
    { 0x010E, 29 }, // U+010E
    { 0x010F, 42 }, // U+010F
    { 0x0110, 81 }, // U+0110
    { 0x0111, 42 }, // U+0111
    { 0x0112, 29 }, // U+0112
    { 0x0113, 42 }, // U+0113
    { 0x0114, 29 }, // U+0114
    { 0x0115, 42 }, // U+0115
    { 0x0116, 29 }, // U+0116
    { 0x0117, 42 }, // U+0117
    { 0x0118, 29 }, // U+0118
    { 0x0119, 42 }, // U+0119
    { 0x011A, 29 }, // U+011A
    { 0x011B, 42 }, // U+011B
    { 0x011C, 30 }, // U+011C
    { 0x011D, 42 }, // U+011D
    { 0x011E, 30 }, // U+011E
    { 0x011F, 42 }, // U+011F
    { 0x0120, 30 }, // U+0120
    { 0x0121, 42 }, // U+0121
    { 0x0122, 30 }, // U+0122
    { 0x0123, 42 }, // U+0123
    { 0x0124, 29 }, // U+0124
    { 0x0125, 29 }, // U+0125
    { 0x0126, 29 }, // U+0126
    { 0x0127, 82 }, // U+0127
    { 0x0128, 67 }, // U+0128
    { 0x0129, 83 }, // U+0129
    { 0x012A, 67 }, // U+012A
    { 0x012B, 84 }, // U+012B
    { 0x012C, 67 }, // U+012C
    { 0x012D, 76 }, // U+012D
    { 0x012E, 29 }, // U+012E
    { 0x012F, 44 }, // U+012F
    { 0x0130, 29 }, // U+0130
    { 0x0131, 44 }, // U+0131
    { 0x0133, 44 }, // U+0133
    { 0x0134, 31 }, // U+0134
    { 0x0135, 85 }, // U+0135
    { 0x0136, 29 }, // U+0136
    { 0x0137, 29 }, // U+0137
    { 0x0138, 46 }, // U+0138
    { 0x0139, 29 }, // U+0139
    { 0x013A, 29 }, // U+013A
    { 0x013B, 29 }, // U+013B
    { 0x013C, 29 }, // U+013C
    { 0x013D, 29 }, // U+013D
    { 0x013E, 29 }, // U+013E
    { 0x0140, 29 }, // U+0140
    { 0x0141, 29 }, // U+0141
    { 0x0142, 29 }, // U+0142
    { 0x0143, 29 }, // U+0143
    { 0x0144, 46 }, // U+0144
    { 0x0145, 29 }, // U+0145
    { 0x0146, 46 }, // U+0146
    { 0x0147, 29 }, // U+0147
    { 0x0148, 46 }, // U+0148
    { 0x014A, 29 }, // U+014A
    { 0x014B, 46 }, // U+014B
    { 0x014C, 30 }, // U+014C
    { 0x014D, 86 }, // U+014D
    { 0x014E, 30 }, // U+014E
    { 0x014F, 42 }, // U+014F
    { 0x0150, 30 }, // U+0150
    { 0x0151, 42 }, // U+0151
    { 0x0152, 30 }, // U+0152
    { 0x0153, 42 }, // U+0153
    { 0x0154, 29 }, // U+0154
    { 0x0155, 46 }, // U+0155
    { 0x0156, 29 }, // U+0156
    { 0x0157, 46 }, // U+0157
    { 0x0158, 29 }, // U+0158
    { 0x0159, 46 }, // U+0159
    { 0x015A, 5 }, // U+015A
    { 0x015B, 47 }, // U+015B
    { 0x015C, 5 }, // U+015C
    { 0x015D, 47 }, // U+015D
    { 0x015E, 5 }, // U+015E
    { 0x015F, 47 }, // U+015F
    { 0x0160, 5 }, // U+0160
    { 0x0161, 47 }, // U+0161
    { 0x0162, 87 }, // U+0162
    { 0x0163, 48 }, // U+0163
    { 0x0164, 88 }, // U+0164
    { 0x0165, 48 }, // U+0165
    { 0x0166, 89 }, // U+0166
    { 0x0167, 48 }, // U+0167
    { 0x0168, 33 }, // U+0168
    { 0x0169, 90 }, // U+0169
    { 0x016A, 33 }, // U+016A
    { 0x016B, 49 }, // U+016B
    { 0x016C, 33 }, // U+016C
    { 0x016D, 49 }, // U+016D
    { 0x016E, 33 }, // U+016E
    { 0x016F, 49 }, // U+016F
    { 0x0170, 33 }, // U+0170
    { 0x0171, 49 }, // U+0171
    { 0x0172, 33 }, // U+0172
    { 0x0173, 49 }, // U+0173
    { 0x0174, 35 }, // U+0174
    { 0x0175, 51 }, // U+0175
    { 0x0176, 37 }, // U+0176
    { 0x0177, 50 }, // U+0177
    { 0x0178, 37 }, // U+0178
    { 0x0179, 38 }, // U+0179
    { 0x017A, 53 }, // U+017A
    { 0x017B, 38 }, // U+017B
    { 0x017C, 53 }, // U+017C
    { 0x017D, 38 }, // U+017D
    { 0x017E, 53 }, // U+017E
    { 0x017F, 29 }, // U+017F
    { 0x01A0, 30 }, // U+01A0
    { 0x01A1, 42 }, // U+01A1
    { 0x01AF, 33 }, // U+01AF
    { 0x01B0, 49 }, // U+01B0
    { 0x01C5, 91 }, // U+01C5
    { 0x01C6, 42 }, // U+01C6
    { 0x01C8, 29 }, // U+01C8
    { 0x01C9, 29 }, // U+01C9
    { 0x01CB, 29 }, // U+01CB
    { 0x01CC, 46 }, // U+01CC
    { 0x01CD, 28 }, // U+01CD
    { 0x01CE, 41 }, // U+01CE
    { 0x01CF, 29 }, // U+01CF
    { 0x01D0, 92 }, // U+01D0
    { 0x01D1, 30 }, // U+01D1
    { 0x01D2, 42 }, // U+01D2
    { 0x01D3, 33 }, // U+01D3
    { 0x01D4, 49 }, // U+01D4
    { 0x01D5, 33 }, // U+01D5
    { 0x01D6, 49 }, // U+01D6
    { 0x01D7, 33 }, // U+01D7
    { 0x01D8, 49 }, // U+01D8
    { 0x01D9, 33 }, // U+01D9
    { 0x01DA, 49 }, // U+01DA
    { 0x01DB, 33 }, // U+01DB
    { 0x01DC, 49 }, // U+01DC
    { 0x01DD, 86 }, // U+01DD
    { 0x01DE, 28 }, // U+01DE
    { 0x01DF, 41 }, // U+01DF
    { 0x01E0, 28 }, // U+01E0
    { 0x01E1, 41 }, // U+01E1
    { 0x01E2, 28 }, // U+01E2
    { 0x01E3, 41 }, // U+01E3
    { 0x01E4, 30 }, // U+01E4
    { 0x01E5, 42 }, // U+01E5
    { 0x01E6, 30 }, // U+01E6
    { 0x01E7, 42 }, // U+01E7
    { 0x01E8, 29 }, // U+01E8
    { 0x01E9, 29 }, // U+01E9
    { 0x01EA, 30 }, // U+01EA
    { 0x01EB, 42 }, // U+01EB
    { 0x01EC, 30 }, // U+01EC
    { 0x01ED, 42 }, // U+01ED
    { 0x01EF, 48 }, // U+01EF
    { 0x01F0, 45 }, // U+01F0
    { 0x01F2, 29 }, // U+01F2
    { 0x01F3, 86 }, // U+01F3
    { 0x01F4, 30 }, // U+01F4
    { 0x01F5, 42 }, // U+01F5
    { 0x01F6, 91 }, // U+01F6
    { 0x01F8, 29 }, // U+01F8
    { 0x01F9, 46 }, // U+01F9
    { 0x01FA, 28 }, // U+01FA
    { 0x01FB, 41 }, // U+01FB
    { 0x01FC, 28 }, // U+01FC
    { 0x01FD, 41 }, // U+01FD
    { 0x01FE, 30 }, // U+01FE
    { 0x01FF, 42 }, // U+01FF
    { 0x0200, 28 }, // U+0200
    { 0x0201, 41 }, // U+0201
    { 0x0202, 28 }, // U+0202
    { 0x0203, 41 }, // U+0203
    { 0x0204, 29 }, // U+0204
    { 0x0205, 42 }, // U+0205
    { 0x0206, 29 }, // U+0206
    { 0x0207, 42 }, // U+0207
    { 0x0208, 67 }, // U+0208
    { 0x0209, 93 }, // U+0209
    { 0x020A, 67 }, // U+020A
    { 0x020B, 94 }, // U+020B
    { 0x020C, 30 }, // U+020C
    { 0x020D, 42 }, // U+020D
    { 0x020E, 30 }, // U+020E
    { 0x020F, 42 }, // U+020F
    { 0x0210, 29 }, // U+0210
    { 0x0211, 46 }, // U+0211
    { 0x0212, 29 }, // U+0212
    { 0x0213, 46 }, // U+0213
    { 0x0214, 33 }, // U+0214
    { 0x0215, 49 }, // U+0215
    { 0x0216, 33 }, // U+0216
    { 0x0217, 49 }, // U+0217
    { 0x0218, 5 }, // U+0218
    { 0x0219, 47 }, // U+0219
    { 0x021A, 32 }, // U+021A
    { 0x021B, 48 }, // U+021B
    { 0x021E, 29 }, // U+021E
    { 0x021F, 29 }, // U+021F
    { 0x0400, 29 }, // U+0400
    { 0x0401, 29 }, // U+0401
    { 0x0402, 32 }, // U+0402
    { 0x0403, 29 }, // U+0403
    { 0x0404, 30 }, // U+0404
    { 0x0405, 5 }, // U+0405
    { 0x0406, 29 }, // U+0406
    { 0x0407, 67 }, // U+0407
    { 0x0408, 31 }, // U+0408
    { 0x0409, 95 }, // U+0409
    { 0x040A, 29 }, // U+040A
    { 0x040B, 32 }, // U+040B
    { 0x040C, 29 }, // U+040C
    { 0x040D, 29 }, // U+040D
    { 0x040F, 29 }, // U+040F
    { 0x0410, 28 }, // U+0410
    { 0x0411, 29 }, // U+0411
    { 0x0412, 29 }, // U+0412
    { 0x0413, 29 }, // U+0413
    { 0x0414, 96 }, // U+0414
    { 0x0415, 29 }, // U+0415
    { 0x0416, 97 }, // U+0416
    { 0x0417, 98 }, // U+0417
    { 0x0418, 91 }, // U+0418
    { 0x0419, 29 }, // U+0419
    { 0x041A, 29 }, // U+041A
    { 0x041B, 95 }, // U+041B
    { 0x041C, 29 }, // U+041C
    { 0x041D, 29 }, // U+041D
    { 0x041E, 30 }, // U+041E
    { 0x041F, 29 }, // U+041F
    { 0x0420, 29 }, // U+0420
    { 0x0421, 30 }, // U+0421
    { 0x0422, 32 }, // U+0422
    { 0x0423, 34 }, // U+0423
    { 0x0424, 99 }, // U+0424
    { 0x0425, 36 }, // U+0425
    { 0x0426, 29 }, // U+0426
    { 0x0427, 100 }, // U+0427
    { 0x0428, 29 }, // U+0428
    { 0x0429, 29 }, // U+0429
    { 0x042A, 101 }, // U+042A
    { 0x042B, 29 }, // U+042B
    { 0x042C, 29 }, // U+042C
    { 0x042D, 30 }, // U+042D
    { 0x042E, 29 }, // U+042E
    { 0x0430, 41 }, // U+0430
    { 0x0431, 15 }, // U+0431
    { 0x0432, 46 }, // U+0432
    { 0x0433, 46 }, // U+0433
    { 0x0434, 102 }, // U+0434
    { 0x0435, 42 }, // U+0435
    { 0x0436, 52 }, // U+0436
    { 0x0437, 42 }, // U+0437
    { 0x0438, 46 }, // U+0438
    { 0x0439, 46 }, // U+0439
    { 0x043A, 46 }, // U+043A
    { 0x043B, 103 }, // U+043B
    { 0x043C, 46 }, // U+043C
    { 0x043D, 46 }, // U+043D
    { 0x043E, 42 }, // U+043E
    { 0x043F, 46 }, // U+043F
    { 0x0440, 46 }, // U+0440
    { 0x0441, 42 }, // U+0441
    { 0x0442, 104 }, // U+0442
    { 0x0443, 50 }, // U+0443
    { 0x0444, 42 }, // U+0444
    { 0x0445, 52 }, // U+0445
    { 0x0446, 46 }, // U+0446
    { 0x0447, 105 }, // U+0447
    { 0x0448, 46 }, // U+0448
    { 0x0449, 46 }, // U+0449
    { 0x044A, 106 }, // U+044A
    { 0x044B, 44 }, // U+044B
    { 0x044C, 46 }, // U+044C
    { 0x044D, 42 }, // U+044D
    { 0x044E, 46 }, // U+044E
    { 0x044F, 107 }, // U+044F
    { 0x0450, 42 }, // U+0450
    { 0x0451, 42 }, // U+0451
    { 0x0452, 29 }, // U+0452
    { 0x0453, 46 }, // U+0453
    { 0x0454, 42 }, // U+0454
    { 0x0455, 47 }, // U+0455
    { 0x0456, 44 }, // U+0456
    { 0x0457, 76 }, // U+0457
    { 0x0458, 45 }, // U+0458
    { 0x0459, 103 }, // U+0459
    { 0x045A, 46 }, // U+045A
    { 0x045B, 29 }, // U+045B
    { 0x045C, 46 }, // U+045C
    { 0x045D, 46 }, // U+045D
    { 0x045E, 50 }, // U+045E
    { 0x045F, 49 }, // U+045F
    { 0x0460, 29 }, // U+0460
    { 0x0463, 48 }, // U+0463
    { 0x0464, 29 }, // U+0464
    { 0x0465, 46 }, // U+0465
    { 0x0466, 28 }, // U+0466
    { 0x0467, 28 }, // U+0467
    { 0x0468, 29 }, // U+0468
    { 0x046C, 29 }, // U+046C
    { 0x046E, 29 }, // U+046E
    { 0x0472, 30 }, // U+0472
    { 0x0473, 42 }, // U+0473
    { 0x0474, 34 }, // U+0474
    { 0x0475, 50 }, // U+0475
    { 0x0476, 34 }, // U+0476
    { 0x0477, 50 }, // U+0477
    { 0x0478, 30 }, // U+0478
    { 0x0479, 42 }, // U+0479
    { 0x0481, 42 }, // U+0481
    { 0x048A, 91 }, // U+048A
    { 0x048B, 46 }, // U+048B
    { 0x048D, 48 }, // U+048D
    { 0x048E, 29 }, // U+048E
    { 0x048F, 46 }, // U+048F
    { 0x0490, 29 }, // U+0490
    { 0x0491, 46 }, // U+0491
    { 0x0493, 48 }, // U+0493
    { 0x0494, 29 }, // U+0494
    { 0x0495, 46 }, // U+0495
    { 0x0497, 52 }, // U+0497
    { 0x049A, 29 }, // U+049A
    { 0x049B, 46 }, // U+049B
    { 0x049C, 29 }, // U+049C
    { 0x049D, 46 }, // U+049D
    { 0x04A0, 32 }, // U+04A0
    { 0x04A1, 48 }, // U+04A1
    { 0x04A2, 29 }, // U+04A2
    { 0x04A3, 46 }, // U+04A3
    { 0x04A4, 29 }, // U+04A4
    { 0x04A5, 46 }, // U+04A5
    { 0x04A6, 29 }, // U+04A6
    { 0x04A7, 46 }, // U+04A7
    { 0x04A9, 42 }, // U+04A9
    { 0x04AA, 30 }, // U+04AA
    { 0x04AB, 42 }, // U+04AB
    { 0x04AC, 32 }, // U+04AC
    { 0x04AD, 48 }, // U+04AD
    { 0x04AE, 37 }, // U+04AE
    { 0x04AF, 50 }, // U+04AF
    { 0x04B0, 37 }, // U+04B0
    { 0x04B1, 50 }, // U+04B1
    { 0x04B2, 36 }, // U+04B2
    { 0x04B3, 52 }, // U+04B3
    { 0x04B4, 32 }, // U+04B4
    { 0x04B5, 48 }, // U+04B5
    { 0x04B7, 41 }, // U+04B7
    { 0x04B9, 41 }, // U+04B9
    { 0x04BA, 29 }, // U+04BA
    { 0x04BB, 29 }, // U+04BB
    { 0x04BD, 48 }, // U+04BD
    { 0x04C0, 29 }, // U+04C0
    { 0x04C1, 36 }, // U+04C1
    { 0x04C3, 29 }, // U+04C3
    { 0x04C4, 46 }, // U+04C4
    { 0x04C6, 103 }, // U+04C6
    { 0x04C7, 91 }, // U+04C7
    { 0x04C8, 46 }, // U+04C8
    { 0x04C9, 29 }, // U+04C9
    { 0x04CA, 46 }, // U+04CA
    { 0x04CD, 29 }, // U+04CD
    { 0x04CE, 46 }, // U+04CE
    { 0x04CF, 29 }, // U+04CF
    { 0x04D0, 28 }, // U+04D0
    { 0x04D1, 41 }, // U+04D1
    { 0x04D2, 28 }, // U+04D2
    { 0x04D3, 41 }, // U+04D3
    { 0x04D4, 28 }, // U+04D4
    { 0x04D5, 41 }, // U+04D5
    { 0x04D6, 29 }, // U+04D6
    { 0x04D7, 42 }, // U+04D7
    { 0x04D9, 42 }, // U+04D9
    { 0x04DA, 30 }, // U+04DA
    { 0x04DB, 42 }, // U+04DB
    { 0x04DC, 36 }, // U+04DC
    { 0x04E1, 48 }, // U+04E1
    { 0x04E2, 29 }, // U+04E2
    { 0x04E3, 46 }, // U+04E3
    { 0x04E4, 29 }, // U+04E4
    { 0x04E5, 46 }, // U+04E5
    { 0x04E6, 30 }, // U+04E6
    { 0x04E7, 42 }, // U+04E7
    { 0x04E8, 30 }, // U+04E8
    { 0x04E9, 42 }, // U+04E9
    { 0x04EA, 30 }, // U+04EA
    { 0x04EB, 42 }, // U+04EB
    { 0x04ED, 42 }, // U+04ED
    { 0x04EF, 50 }, // U+04EF
    { 0x04F1, 50 }, // U+04F1
    { 0x04F3, 50 }, // U+04F3
    { 0x04F7, 46 }, // U+04F7
    { 0x04F9, 46 }, // U+04F9
    { 0x04FB, 48 }, // U+04FB
    { 0x04FC, 36 }, // U+04FC
    { 0x04FD, 52 }, // U+04FD
    { 0x04FE, 36 }, // U+04FE
    { 0x04FF, 52 }, // U+04FF
    { 0x05D0, 108 }, // U+05D0
    { 0x05D1, 109 }, // U+05D1
    { 0x05D2, 110 }, // U+05D2
    { 0x05D3, 111 }, // U+05D3
    { 0x05D4, 112 }, // U+05D4
    { 0x05D6, 113 }, // U+05D6
    { 0x05D7, 114 }, // U+05D7
    { 0x05D8, 115 }, // U+05D8
    { 0x05D9, 116 }, // U+05D9
    { 0x05DA, 117 }, // U+05DA
    { 0x05DB, 118 }, // U+05DB
    { 0x05DC, 119 }, // U+05DC
    { 0x05DD, 120 }, // U+05DD
    { 0x05DE, 121 }, // U+05DE
    { 0x05E1, 122 }, // U+05E1
    { 0x05E2, 123 }, // U+05E2
    { 0x05E3, 124 }, // U+05E3
    { 0x05E4, 125 }, // U+05E4
    { 0x05E5, 126 }, // U+05E5
    { 0x05E7, 127 }, // U+05E7
    { 0x05E8, 128 }, // U+05E8
    { 0x05E9, 129 }, // U+05E9
    { 0x05EA, 130 }, // U+05EA
    { 0x1EA0, 28 }, // U+1EA0
    { 0x1EA1, 41 }, // U+1EA1
    { 0x1EA2, 28 }, // U+1EA2
    { 0x1EA3, 41 }, // U+1EA3
    { 0x1EA4, 28 }, // U+1EA4
    { 0x1EA5, 41 }, // U+1EA5
    { 0x1EA6, 28 }, // U+1EA6
    { 0x1EA7, 41 }, // U+1EA7
    { 0x1EA8, 28 }, // U+1EA8
    { 0x1EA9, 41 }, // U+1EA9
    { 0x1EAA, 28 }, // U+1EAA
    { 0x1EAB, 41 }, // U+1EAB
    { 0x1EAC, 28 }, // U+1EAC
    { 0x1EAD, 41 }, // U+1EAD
    { 0x1EAE, 28 }, // U+1EAE
    { 0x1EAF, 41 }, // U+1EAF
    { 0x1EB0, 28 }, // U+1EB0
    { 0x1EB1, 41 }, // U+1EB1
    { 0x1EB2, 28 }, // U+1EB2
    { 0x1EB3, 41 }, // U+1EB3
    { 0x1EB4, 28 }, // U+1EB4
    { 0x1EB5, 41 }, // U+1EB5
    { 0x1EB6, 28 }, // U+1EB6
    { 0x1EB7, 41 }, // U+1EB7
    { 0x1EB8, 29 }, // U+1EB8
    { 0x1EB9, 42 }, // U+1EB9
    { 0x1EBA, 29 }, // U+1EBA
    { 0x1EBB, 42 }, // U+1EBB
    { 0x1EBC, 29 }, // U+1EBC
    { 0x1EBD, 42 }, // U+1EBD
    { 0x1EBE, 29 }, // U+1EBE
    { 0x1EBF, 42 }, // U+1EBF
    { 0x1EC0, 29 }, // U+1EC0
    { 0x1EC1, 42 }, // U+1EC1
    { 0x1EC2, 29 }, // U+1EC2
    { 0x1EC3, 42 }, // U+1EC3
    { 0x1EC4, 29 }, // U+1EC4
    { 0x1EC5, 42 }, // U+1EC5
    { 0x1EC6, 29 }, // U+1EC6
    { 0x1EC7, 42 }, // U+1EC7
    { 0x1EC8, 29 }, // U+1EC8
    { 0x1EC9, 44 }, // U+1EC9
    { 0x1ECA, 29 }, // U+1ECA
    { 0x1ECB, 44 }, // U+1ECB
    { 0x1ECC, 30 }, // U+1ECC
    { 0x1ECD, 42 }, // U+1ECD
    { 0x1ECE, 30 }, // U+1ECE
    { 0x1ECF, 42 }, // U+1ECF
    { 0x1ED0, 30 }, // U+1ED0
    { 0x1ED1, 42 }, // U+1ED1
    { 0x1ED2, 30 }, // U+1ED2
    { 0x1ED3, 42 }, // U+1ED3
    { 0x1ED4, 30 }, // U+1ED4
    { 0x1ED5, 42 }, // U+1ED5
    { 0x1ED6, 30 }, // U+1ED6
    { 0x1ED7, 42 }, // U+1ED7
    { 0x1ED8, 30 }, // U+1ED8
    { 0x1ED9, 42 }, // U+1ED9
    { 0x1EDA, 30 }, // U+1EDA
    { 0x1EDB, 42 }, // U+1EDB
    { 0x1EDC, 30 }, // U+1EDC
    { 0x1EDD, 42 }, // U+1EDD
    { 0x1EDE, 30 }, // U+1EDE
    { 0x1EDF, 42 }, // U+1EDF
    { 0x1EE0, 30 }, // U+1EE0
    { 0x1EE1, 42 }, // U+1EE1
    { 0x1EE2, 30 }, // U+1EE2
    { 0x1EE3, 42 }, // U+1EE3
    { 0x1EE4, 33 }, // U+1EE4
    { 0x1EE5, 49 }, // U+1EE5
    { 0x1EE6, 33 }, // U+1EE6
    { 0x1EE7, 49 }, // U+1EE7
    { 0x1EE8, 33 }, // U+1EE8
    { 0x1EE9, 49 }, // U+1EE9
    { 0x1EEA, 33 }, // U+1EEA
    { 0x1EEB, 49 }, // U+1EEB
    { 0x1EEC, 33 }, // U+1EEC
    { 0x1EED, 49 }, // U+1EED
    { 0x1EEE, 33 }, // U+1EEE
    { 0x1EEF, 49 }, // U+1EEF
    { 0x1EF0, 33 }, // U+1EF0
    { 0x1EF1, 49 }, // U+1EF1
    { 0x1EF2, 37 }, // U+1EF2
    { 0x1EF3, 50 }, // U+1EF3
    { 0x1EF4, 131 }, // U+1EF4
    { 0x1EF5, 50 }, // U+1EF5
    { 0x1EF6, 131 }, // U+1EF6
    { 0x1EF7, 50 }, // U+1EF7
    { 0x1EF8, 131 }, // U+1EF8
    { 0x1EF9, 50 }, // U+1EF9
    { 0x2018, 132 }, // U+2018
    { 0x2019, 133 }, // U+2019
    { 0x201A, 134 }, // U+201A
    { 0x201B, 135 }, // U+201B
    { 0x201C, 132 }, // U+201C
    { 0x201D, 133 }, // U+201D
    { 0x201E, 134 }, // U+201E
    { 0x201F, 136 }, // U+201F
    { 0x2020, 55 }, // U+2020
    { 0x2021, 55 }, // U+2021
    { 0x2022, 137 }, // U+2022
    { 0x2023, 137 }, // U+2023
    { 0x2026, 138 }, // U+2026
    { 0x2034, 139 }, // U+2034
    { 0x2039, 56 }, // U+2039
    { 0x203A, 65 }, // U+203A
    { 0x203D, 26 }, // U+203D
    { 0x2043, 137 }, // U+2043
    { 0x2044, 140 }, // U+2044
    { 0x204A, 48 }, // U+204A
    { 0x204B, 29 }, // U+204B
    { 0x204C, 137 }, // U+204C
    { 0x204D, 46 }, // U+204D
    { 0x204F, 23 }, // U+204F
    { 0x2074, 141 }, // U+2074
    { 0x2077, 142 }, // U+2077
    { 0x2079, 143 }, // U+2079
    { 0x207E, 144 }, // U+207E
    { 0x207F, 145 }, // U+207F
    { 0x2080, 146 }, // U+2080
    { 0x2081, 146 }, // U+2081
    { 0x2082, 146 }, // U+2082
    { 0x2083, 146 }, // U+2083
    { 0x2084, 147 }, // U+2084
    { 0x2086, 146 }, // U+2086
    { 0x2087, 148 }, // U+2087
    { 0x2088, 146 }, // U+2088
    { 0x2089, 146 }, // U+2089
    { 0x208A, 146 }, // U+208A
    { 0x208B, 146 }, // U+208B
    { 0x208C, 146 }, // U+208C
    { 0x208D, 146 }, // U+208D
    { 0x208E, 146 }, // U+208E
    { 0x2091, 146 }, // U+2091
    { 0x2092, 146 }, // U+2092
    { 0x2093, 146 }, // U+2093
    { 0x2095, 146 }, // U+2095
    { 0x2096, 146 }, // U+2096
    { 0x2097, 146 }, // U+2097
    { 0x2098, 146 }, // U+2098
    { 0x2099, 146 }, // U+2099
    { 0x209A, 146 }, // U+209A
    { 0x209B, 146 }, // U+209B
    { 0x209C, 146 }, // U+209C
    { 0x20A1, 30 }, // U+20A1
    { 0x20A7, 29 }, // U+20A7
    { 0x20A8, 29 }, // U+20A8
    { 0x20AB, 42 }, // U+20AB
    { 0x20B2, 30 }, // U+20B2
    { 0x20B4, 149 }, // U+20B4
    { 0x20B5, 30 }, // U+20B5
    { 0x20B8, 150 }, // U+20B8
    { 0x20BF, 29 }, // U+20BF
    { 0x2192, 10 }, // U+2192
    { 0x21D2, 25 }, // U+21D2
    { 0x2206, 28 }, // U+2206
    { 0x2212, 10 }, // U+2212
    { 0x221E, 151 }, // U+221E
    { 0x222B, 45 }, // U+222B
    { 0x2236, 23 }, // U+2236
    { 0x2248, 25 }, // U+2248
    { 0x2260, 25 }, // U+2260
    { 0x2264, 25 }, // U+2264
    { 0x2265, 25 }, // U+2265
};

static const int8_t inksans_18_boldKernMatrix[] = {
       0,    0,    0,    0,    0,  -20,    0,    0,    0,    0,  -52,    0,  -52,    0,    0,    0,    0,    0,  -38,    0,    0,    0,    0,    0,    0,    0,    0,  -47,    0,    0,  -99,    0,    0,    0,    0,    0,    0,    0,    0,    0,    0,  -11,    0,    0,    0,    0,   -3,    0,    0,    0,    0,    0,    0,    0,    0,    0,    0,    0,    0,    0,    0,    0,    0,    0,    0,    0,    0,    0,    0,    0,    0,  -11,    0,    0,    0,    0,  -11,    0,    0,    0,    0,    0,    0,    0,    0,  -11,    0,    0,    0,    0,    0,    0,    0,    0,  -27,  -27,    0,    0,    0,    0,    0,    0,    0,    0,    0,    0,   -3,    0,    0,    0,    0,    0,    0,    0,    0,    0,    0,    0,    0,    0,    0,    0,    0,    0,    0,    0,    0,    0,    0,    0,    0,    0,    0,    0,    0,    0,    0,  -52,    0,    0,    0,    0,    0,    0,    0,    0,    0,    0,    0,    0,    0,
       0,    0,    0,    0,    0,    0,    0,    0,    0,    0,    0,    0,    0,    0,    0,    0,    0,    0,    0,    0,    0,    0,    0,    0,    0,    0,    0,   -6,    0,    0,    0,   -4,    0,    0,    0,   -7,    0,    0,    0,    0,    0,    0,    0,    0,    0,    0,    0,    0,    0,    0,    0,    0,    0,    0,    0,    0,    0,    0,    0,    0,    0,    0,    0,    0,    0,    0,    0,    0,    0,    0,    0,    0,    0,    0,    0,   27,    0,    0,    0,    0,    0,    0,   27,   27,    0,    0,   -4,   -4,   -4,    0,    0,    0,    0,   27,    0,    0,   -7,    0,    0,    0,   -4,    0,    0,    0,    0,    0,    0,    0,    0,    0,    0,    0,    0,    0,    0,    0,    0,    0,    0,    0,    0,    0,    0,    0,    0,    0,    0,    0,    0,    0,    0,    0,    0,    0,    0,    0,    0,    0,    0,    0,    0,    0,    0,    0,    0,    0,  -38,    0,    0,    0,    0,
       0,    0,    0,    0,    0,    0,    0,    0,    0,    0,    0,    0,    0,    0,    0,    0,    0,    0,    0,    0,    0,    0,    0,    0,    0,    0,    0,    0,    0,    0,    0,    0,    0,    0,    0,    0,    0,    0,    0,    0,    0,    0,    0,    0,    0,    0,    0,    0,    0,    0,    0,    0,    0,    0,    0,    0,    0,    0,    0,    0,    0,    0,    0,    0,    0,    0,    0,    0,    0,    0,    0,    0,    0,    0,    0,    0,    0,    0,    0,    0,    0,    0,    0,    0,    0,    0,    0,    0,    0,    0,    0,    0,    0,    0,    0,    0,    0,    0,    0,    0,    0,    0,    0,    0,    0,    0,    0,    0,    0,    0,    0,    0,    0,    0,    0,    0,    0,    0,    0,    0,    0,    0,    0,    0,    0,    0,    0,    0,    0,    0,    0,  -38,  -41,    0,    0,    0,    0,    0,  -41,    0,    0,    0,    0,    0,    0,    0,    0,    0,    0,    0,    0,
       0,    0,  -20,    0,    0,    0,    0,    0,    0,    0,    0,    0,    0,    0,    0,    0,    0,    0,    0,    0,    0,    0,    0,    0,    0,    0,    0,    0,    0,    0,    0,  -34,    0,  -38,  -24,    0,  -44,    0,    0,    0,    0,    0,    0,    0,    0,    0,    0,    0,    0,  -20,  -20,    0,    0,    0,  -24,    0,    0,  -13,    0,    0,    0,    0,    0,    0,    0,    0,    0,    0,    0,    0,    0,    0,    0,    0,    0,    0,    0,    0,  -20,    0,    0,    0,    0,    0,    0,    0,  -34,  -34,  -34,    0,    0,    0,    0,    0,    0,    0,    0,    0,    0,    0,  -34,    0,    0,    0,    0,    0,    0,    0,    0,    0,    0,    0,    0,    0,    0,    0,    0,    0,    0,    0,    0,    0,    0,    0,    0,    0,    0,    0,    0,    0,  -44,  -54,    0,    0,    0,    0,    0,    0,    0,    0,    0,    0,    0,    0,    0,    0,    0,    0,    0,    0,    0,
       0,    0,    0,    0,    0,    0,    0,    0,    0,    0,    0,    0,    0,    0,    0,    0,    0,    0,    0,    0,    0,    0,    0,    0,    0,    0,    0,    0,    7,    0,    0,    0,    0,    0,    0,    0,    0,    0,    0,    0,    0,   -4,    0,    0,   11,    7,    0,    0,    0,    0,    0,    0,    0,    0,    0,    0,    0,    0,    0,    0,    0,    0,    0,    0,    0,    0,    0,    0,    0,    0,    0,   -4,    0,    0,    0,    0,   -4,    0,    0,    0,    0,    7,    0,    0,   11,   -4,    0,    0,    0,    0,    7,    0,   73,    0,    0,    0,    0,    0,    0,    0,    0,    0,    0,    0,    0,    0,    0,    0,    0,    0,    0,    0,    0,    0,    0,    0,    0,    0,    0,    0,    0,    0,    0,    0,    0,    0,    0,    0,    0,    0,    0,    0,    0,    0,    0,    0,    0,    0,    0,    0,    0,    0,    0,    0,    0,    0,    0,    0,    0,    0,    0,
       0,    0,    0,    0,    0,    0,    0,    0,    0,    0,    0,    0,    0,    0,    0,    0,    0,    0,    0,    0,    0,    0,    0,    0,    0,    0,    0,    0,    0,    0,    0,    0,    0,    0,    0,    0,    0,    0,    0,    0,    0,    0,    0,    0,    0,    0,    0,    0,    0,    0,    0,    0,    0,    0,    0,    0,    0,    0,    0,    0,    0,    0,    0,    0,    0,    0,    0,    0,    0,    0,    0,    0,    0,    0,    0,    0,    0,    0,    0,    0,    0,    0,    0,    0,    0,    0,    0,    0,    0,    0,    0,    0,    7,    0,    0,    0,    0,    0,    0,    0,    0,    0,    0,    0,    0,    0,    0,    0,    0,    0,    0,    0,    0,    0,    0,    0,    0,    0,    0,    0,    0,    0,    0,    0,    0,    0,    0,    0,    0,    0,    0,  -20,    0,    0,    0,    0,    0,    0,    0,    0,    0,    0,    0,    0,    0,    0,    0,    0,    0,    0,    0,
       0,    0,    0,    0,    0,  -20,    0,    0,    0,    0,  -82,    0,  -82,    0,    0,    0,    0,    0,  -27,    0,    0,    0,    0,    0,    0,    0,   -9,  -54,    0,   -9,  -58,    0,    0,    0,    0,    0,    0,    0,    0,  -41,    0,    0,    0,    0,    0,    0,    0,    0,    0,    0,    0,    0,    0,    0,    0,    0,    0,    0,    0,    0,    0,    0,    0,    0,    0,    0,    0,    7,    0,    0,    0,    0,    0,    0,    0,    0,    0,    0,    0,    0,    0,    0,    0,    0,    0,    0,    0,    0,    0,    0,    0,    0,    0,    0,  -20,  -20,    0,    0,   -9,    0,    0,    0,    0,    0,    0,    0,    0,    0,    0,    0,    0,    0,    0,    0,    0,    0,    0,    0,    0,    0,    0,    0,    0,    0,    0,    0,    0,    0,    0,    0,    0,    0,    0,    0,    0,    0,    0,  -82,    0,    0,    0,    0,    0,    0,    0,    0,    0,    0,    0,    0,    0,
       0,    0,    0,    0,    0,    0,    0,    0,    0,    0,    0,    0,    0,    0,    0,    0,  -15,   -4,    0,    0,  -16,    0,    0,    0,    0,    0,    0,  -20,    0,    0,  -27,  -45,    0,  -28,  -20,  -23,  -41,    0,    0,    0,    0,    0,    0,    0,    0,    0,    0,    0,    0,    0,    0,  -13,    0,    0,    0,    0,    0,    0,    0,    0,    0,   -6,    0,    0,    0,    0,    0,    0,    0,    0,    0,    0,    0,    0,    0,    0,    0,    0,    0,    0,    0,    0,    0,    0,    0,    0,  -75,  -75,  -45,    0,    0,    0,    0,    0,    0,    0,  -71,  -24,    0,    0,  -88,    0,    0,    0,    0,    0,    0,    0,    0,    0,    0,    0,    0,    0,    0,    0,    0,    0,    0,    0,    0,    0,    0,    0,    0,    0,    0,    0,    0,    0,  -41,  -24,    0,    0,    0,    0,    0,    0,    0,    0,    0,    0,    0,    0,    0,    0,    0,    0,    0,    0,    0,
     -12,   -5,  -56,    0,    0,    0,    0,    0,    0,    0,    0,    0,    0,    0,  -17,  -53,    0,  -15,    0,   -6,  -13,  -16,    0,    0,    0,  -53,  -26,    0,    0,  -26,    0,  -20,    0,    0,    0,    0,  -33,    0,    0,    0,    0,    0,    0,    0,    0,    0,    0,    0,    0,    0,    0,    0,    0,    0,    0,    0,    0,    0,    0,    0,    0,  -30,    0,    0,    0,    0,    0,    0,    0,    0,    0,    0,    0,    0,    0,    0,    0,    0,    0,    0,    0,    0,    0,    0,    0,    0,  -20,  -20,  -20,    0,    0,    0,    0,    0,    0,    0,    0,  -15,  -26,    0,  -20,    0,    0,    0,  -19,    0,    0,    0,    0,    0,    0,    0,    0,    0,    0,    0,    0,    0,    0,    0,    0,    0,    0,    0,    0,    0,    0,    0,    0,    0,  -53,    0,  -49,    0,  -82,  -82,    0,    0,  -49,    0,    0,    0,    0,    0,    0,    0,    0,    0,    0,    0,    0,
       0,    0,    0,    0,    0,    0,    0,    0,    0,    0,  -24,    0,  -24,    0,    0,    0,    0,    0,    0,    0,    0,    0,    0,    0,    0,    0,    0,  -15,    0,    0,  -38,    0,    0,    3,    3,    0,    0,    0,    0,    0,    0,    0,    0,    0,    0,    0,    0,    0,    0,    0,    0,    0,    0,    0,    0,    0,    0,    0,    0,    0,    0,    0,    0,    0,    0,    0,    0,    0,    0,    0,    0,    0,    0,    0,    0,    0,    0,    0,    0,    0,    0,    0,    0,    0,    0,    0,    0,    0,    0,    0,    0,    0,   24,    0,    0,    0,    0,    0,    0,    0,    0,    0,    0,    0,    0,    0,    0,    0,    0,    0,    0,    0,    0,    0,    0,    0,    0,    0,    0,    0,    0,    0,    0,    0,    0,    0,    0,    0,    0,    0,    0,    0,    0,    0,    0,    0,    0,  -24,    0,    0,    0,    0,    0,    0,    0,    0,    0,    0,    0,    0,    0,
       0,    0,    0,    0,    0,    0,    0,    0,    0,    0,  -17,    0,  -17,    0,    0,    0,    0,    0,    0,    0,  -12,    0,    0,    0,    0,    0,    0,    0,    0,    0,    0,    0,    0,  -12,    0,  -22,  -20,    0,    0,  -27,    0,    0,    0,    0,    0,    0,    0,   10,    0,    0,    0,    0,    0,    0,    0,    0,    0,    0,    0,    0,    0,    0,    0,    0,    0,    0,    0,    0,    0,    0,    0,    0,    0,    0,    0,    0,    0,    0,    0,    0,    0,    0,    0,    0,    0,    0,    0,    0,    0,    0,    0,    0,    0,    0,    0,    0,  -22,    0,    0,    0,    0,    0,    0,   10,    0,   10,    0,    0,    0,    0,    0,    0,    0,    0,    0,    0,    0,    0,    0,    0,    0,    0,    0,    0,    0,    0,    0,    0,    0,    0,  -20,  -27,    0,  -30,    0,    0,    0,  -17,    0,    0,    0,    0,    0,    0,    0,    0,    0,    0,    0,    0,    0,
       0,    0,    0,    0,    0,    0,    0,    7,    0,    0,    0,    0,    0,    0,    0,    0,    0,    0,    0,    0,    0,    0,    0,    0,    0,    0,    0,    0,    0,    0,    0,    0,    0,    0,    0,    0,    0,    0,    0,    7,    0,    0,    0,    0,    0,    0,    0,    9,    0,    5,    0,    0,    0,    0,    0,    0,    0,    0,    0,    0,    0,    0,    0,    0,    0,    0,    0,   20,    0,    0,    0,    0,    0,    0,    0,   37,    0,    0,    5,    0,   21,    0,   37,   37,    0,    0,    0,    0,    0,    0,    0,    0,   20,   37,    0,    0,    0,    0,    0,    0,    0,    0,    0,    9,    0,    9,    0,    0,    0,    0,    0,    0,    0,    0,    0,    0,    0,    0,    0,    0,    0,    0,    0,    0,    0,    0,    0,    0,    0,    0,    0,    0,    0,    0,    0,    0,    0,    0,    0,    0,    0,    0,    0,    0,    0,    0,    0,    0,    0,    0,    0,
       0,    0,    0,    0,    0,    0,    0,    0,    0,    0,    0,    0,    0,    0,    0,    0,    0,    0,   -9,    0,    0,    0,    0,    0,    0,    0,    0,    0,    0,    0,    0,    0,    0,    0,    0,    0,    0,    0,    0,    0,    0,    0,    0,    0,    0,    0,    0,    0,    0,    0,    0,    0,    0,    0,    0,    0,    0,    0,    0,    0,    0,    0,    0,    0,    0,    0,    0,    0,    0,    0,    0,    0,    0,    0,    0,    0,    0,    0,    0,    0,    0,    0,    0,    0,    0,    0,    0,    0,    0,    0,    0,    0,    0,    0,    0,    0,    0,    0,    0,    0,    0,    0,    0,    0,    0,    0,    0,    0,    0,    0,    0,    0,    0,    0,    0,    0,    0,    0,    0,    0,    0,    0,    0,    0,    0,    0,    0,    0,    0,    0,    0,    0,    0,    0,    0,    0,    0,    0,    0,    0,    0,    0,    0,    0,    0,    0,    0,    0,    0,    0,    0,
       0,    0,    0,    0,    0,    0,    0,    0,   -6,    0,  -13,    0,  -13,    0,    0,    0,    0,    0,    0,    0,    0,    0,    0,    0,    0,    0,    0,    0,    0,    0,    0,    0,    0,    0,    0,  -13,    0,    0,   -6,    0,    0,    0,    0,    0,    0,    0,    0,    0,    0,    0,    0,    0,    0,    0,    0,  -20,    0,    0,   -6,    0,    0,    0,    0,    0,    0,    0,    0,    0,    0,    0,    0,    0,    0,    0,    0,    0,    0,    0,    0,    0,    0,    0,    0,    0,    0,    0,    0,    0,    0,    0,    0,    0,    0,    0,    0,    0,  -13,    0,    0,    0,    0,    0,    0,    0,    0,    0,    0,    0,    0,    0,    0,    0,    0,    0,    0,    0,    0,    0,    0,    0,    0,    0,    0,    0,    0,    0,    0,    0,    0,    0,    0,    0,    0,  -30,    0,    0,    0,  -13,    0,    0,    0,    0,    0,    0,    0,    0,    0,    0,    0,    0,    0,
       0,    0,    0,    0,    0,    0,    0,    0,  -18,    0,  -20,    0,  -20,    0,    0,  -19,    0,    0,    0,    0,    0,    0,    0,    0,    0,    0,    0,    0,    0,    0,    0,    0,    0,    0,    0,    0,    0,    0,  -18,    0,    0,    0,    0,    0,    0,    0,    0,    0,    0,    0,    0,    0,    0,    0,    0,    0,    0,   -3,  -18,    0,    0,  -25,    0,    0,    0,    0,    0,    0,    0,    0,    0,    0,    0,    0,    0,    0,    0,    0,    0,    0,    0,    0,    0,    0,    0,    0,    0,    0,    0,    0,    0,    0,    0,    0,    0,    0,    0,    0,    0,    0,    0,    0,    0,    0,    0,    0,    0,    0,    0,    0,    0,    0,    0,    0,    0,    0,    0,    0,    0,    0,    0,    0,    0,    0,    0,    0,    0,    0,    0,    0,    0,    0,    0,    0,    0,    0,    0,  -20,    0,    0,    0,    0,    0,    0,    0,    0,    0,    0,    0,    0,    0,
       0,    0,    0,    0,    0,    0,    0,    0,   -2,    0,  -15,    0,  -15,    0,    0,    0,    0,    0,    0,    0,    0,    0,    0,    0,    0,    0,    0,    0,    0,    0,    0,    0,    0,    0,    0,    0,    0,    0,   -2,    0,    0,    0,    0,    0,    0,    0,    0,    0,    0,    0,    0,    0,    0,    0,    0,    0,    0,   -3,   -2,    0,    0,    0,    0,    0,    0,    0,    0,    0,    0,    0,    0,    0,    0,    0,    0,    0,    0,    0,    0,    0,    0,    0,    0,    0,    0,    0,    0,    0,    0,    0,    0,    0,    0,    0,    0,    0,    0,    0,    0,    0,    0,    0,    0,    0,    0,    0,    0,    0,    0,    0,    0,    0,    0,    0,    0,    0,    0,    0,    0,    0,    0,    0,    0,    0,    0,    0,    0,    0,    0,    0,    0,    0,    0,    0,    0,    0,    0,  -15,    0,    0,    0,    0,    0,    0,    0,    0,    0,    0,    0,    0,    0,
       0,    0,    0,    0,    0,    0,    0,    0,    0,    0,  -19,    0,  -19,    0,    0,    0,    0,    0,    0,    0,    0,    0,    0,    0,    0,    0,    0,    0,    0,    0,    0,    0,    0,    0,    0,    0,    0,    0,    0,  -27,    0,    0,    0,    0,    0,    0,    0,    0,    0,    0,    0,    0,    0,    0,    0,    0,    0,    0,    0,    0,    0,    0,    0,    0,    0,    0,    0,    0,    0,    0,    0,    0,    0,    0,    0,    0,    0,    0,    0,    0,    0,    0,    0,    0,    0,    0,    0,    0,    0,    0,    0,    0,    0,    0,    0,    0,    0,    0,    0,    0,    0,    0,    0,    0,    0,    0,    0,    0,    0,    0,    0,    0,    0,    0,    0,    0,    0,    0,    0,    0,    0,    0,    0,    0,    0,    0,    0,    0,    0,    0,    0,    0,    0,  -27,    0,    0,    0,  -19,    0,    0,    0,    0,    0,    0,    0,    0,    0,    0,    0,    0,    0,
       0,    0,    0,  -34,    0,  -27,    0,    0,    0,    0,  -75,    0,  -75,    0,   -9,    0,    0,  -10,  -35,   -6,   12,   -8,  -20,  -54,    0,    0,    0,  -65,    0,    0,  -58,    0,    0,    0,    0,    0,    0,    0,    0,  -95,  -27,  -30,    0,    0,    0,  -30,  -24,    0,    0,    0,    0,    0,    0,    0,    0,  -38,    0,    0,    0,    0,    0,    0,    0,    0,    0,    0,    0,    0,    0,  -27,  -27,  -30,    0,    0,    0,   54,  -30,    0,    0,  -27,    0,    0,   54,   54,    0,  -30,    0,    0,    0,    0,    0,    0,    0,   54,  -64,  -64,    0,  -10,    0,    0,    0,    0,    0,    0,    0,    0,  -24,    0,    0,    0,    0,    0,    0,    0,    0,    0,    0,    0,    0,    0,    0,    0,    0,    0,    0,    0,    0,    0,    0,    0,    0,    0,    0,  -85,    0,    0,    0,  -75,    0,    0,    0,    0,    0,    0,    0,    0,  -35,    0,    0,    0,    0,
       0,    0,    0,    0,    0,    0,    0,    0,    0,    0,    0,    0,    0,    0,    0,    0,    0,    0,    0,    0,    0,    0,    0,    0,    0,    0,    0,    0,    0,    0,    0,  -20,    0,  -38,    0,    0,    0,    0,    0,    0,    0,    0,    0,    0,    0,    0,    0,    0,    0,    0,    0,    0,    0,    0,    0,    0,    0,    0,    0,    0,    0,    0,    0,    0,    0,    0,    0,    0,    0,    0,    0,    0,    0,    0,    0,    0,    0,    0,    0,    0,    0,    0,    0,    0,    0,    0,  -20,  -20,  -20,    0,    0,    0,    0,    0,    0,    0,    0,    0,    0,    0,  -51,    0,    0,    0,    0,    0,    0,    0,    0,    0,    0,    0,    0,    0,    0,    0,    0,    0,    0,    0,    0,    0,    0,    0,    0,    0,    0,    0,    0,    0,    0,  -27,    0,    0,    0,    0,    0,    0,    0,    0,    0,    0,    0,    0,    0,    0,    0,    0,    0,    0,    0,
       0,    0,    0,    0,    0,    0,    0,    0,    0,    0,    0,    0,    0,    0,    0,    0,    0,    0,    0,    0,    0,    0,    0,    0,    0,    0,    0,  -30,    0,    0,    0,  -27,    0,  -41,  -38,  -30,  -58,    0,    0,    0,    0,    0,    0,    0,    0,    0,    0,    0,    0,  -24,    0,  -20,    0,    0,    0,    0,    0,    0,    0,    0,    0,    0,    0,    0,    0,    0,    0,    0,    0,    0,    0,    0,    0,    0,    0,    0,    0,    0,  -24,    0,    0,    0,    0,    0,    0,    0,  -27,  -27,  -27,    0,    0,    0,    0,    0,    0,    0,  -30,    0,    0,    0,  -27,    0,    0,    0,    0,    0,    0,    0,    0,    0,    0,    0,    0,    0,    0,    0,    0,    0,    0,    0,    0,    0,    0,    0,    0,    0,    0,    0,    0,    0,  -58,  -34,    0,    0,    0,    0,    0,    0,    0,    0,    0,    0,    0,    0,    0,    0,    0,    0,    0,  -24,    0,
       0,    0,    0,    0,    0,    0,    0,    0,    0,    0,    0,    0,    0,    0,    0,    0,    0,    0,    0,    0,  -44,    0,    0,    0,    0,    0,    0,  -15,    0,    0,    0,  -47,    0,  -44,  -44,  -34,  -54,  -38,    0,    0,    0,    0,    0,    0,    0,    0,    0,    0,    0,    0,    0,    0,    0,    0,    0,    0,    0,    0,    0,    0,    0,    0,    0,    0,    0,    0,    0,    0,    0,    0,    0,    0,    0,    0,    0,    0,    0,    0,    0,    0,    0,    0,    0,    0,    0,    0,  -47,  -47,  -47,    0,    0,    0,    0,    0,  -20,  -20,  -30,    0,    0,    0,  -44,    0,    0,    0,    0,    0,    0,    0,    0,    0,    0,    0,    0,    0,    0,    0,    0,    0,    0,    0,    0,    0,    0,    0,    0,    0,    0,    0,    0,    0,  -54,  -58,    0,    0,    0,    0,    0,    0,    0,    0,    0,    0,    0,    0,    0,    0,    0,    0,    0,  -44,    0,
       0,    0,    0,    0,    0,    0,    0,    0,    0,    0,    0,    0,    0,    0,    0,    0,    0,    0,    0,    0,    0,    0,    0,    0,    0,    0,    0,  -38,    0,    0,    0,    0,    0,    0,    0,    0,    0,    0,    0,    0,    0,    0,    0,    0,    0,    0,    0,    0,    0,    0,    0,    0,    0,    0,    0,    0,    0,    0,    0,    0,    0,    0,    0,    0,    0,    0,    0,    0,    0,    0,    0,    0,    0,    0,    0,    0,    0,    0,    0,    0,    0,    0,    0,    0,    0,    0,    0,    0,    0,    0,    0,    0,    0,    0,    0,    0,    0,    0,    0,    0,    0,    0,    0,    0,    0,    0,    0,    0,    0,    0,    0,    0,    0,    0,    0,    0,    0,    0,    0,    0,    0,    0,    0,    0,    0,    0,    0,    0,    0,    0,    0,    0,    0,    0,    0,    0,    0,    0,    0,    0,    0,    0,    0,    0,    0,    0,    0,    0,    0,    0,    0,
       0,    0,    0,    0,    0,    0,    0,    0,    0,    0,  -26,    0,  -26,  -24,    0,    0,    0,    0,    0,    0,    0,    0,    0,    0,    0,    0,    0,  -24,    0,    0,    0,  -19,    0,  -23,  -10,  -28,  -24,    0,    0,  -24,    0,    0,    0,    0,    0,    0,    0,    0,    0,    0,    0,    0,    0,    0,    0,    0,    0,   -3,    0,    0,    0,    0,    0,    0,    0,    0,    0,    0,    0,    0,    0,    0,    0,    0,    0,    0,    0,    0,    0,    0,    0,    0,    0,    0,    0,    0,  -19,  -19,  -19,    0,    0,    0,   10,    0,    0,    0,  -58,    0,    0,    0,  -39,    0,    0,    0,    0,    0,    0,    0,    0,    0,    0,    0,    0,    0,    0,    0,    0,    0,    0,    0,    0,    0,    0,    0,    0,    0,    0,    0,    0,    0,  -24,  -20,    0,  -24,    0,    0,    0,  -26,    0,    0,    0,    0,    0,    0,    0,  -23,  -60,    0,    0,    0,    0,
       0,    0,  -47,    0,   -6,    0,    0,    0,  -54,  -20,    0,  -20,    0,    8,    0,  -27,    0,    0,    0,    0,    0,    0,    0,  -15,  -30,  -38,  -24,    9,    0,  -24,    0,  -52,  -12,  -45,  -40,    0,  -46,    0,  -54,    0,    0,   -9,   -4,    2,    0,    0,   -4,  -15,    0,  -41,  -41,    0,    0,  -20,  -44,  -20,  -20,  -42,  -54,    0,    0,  -30,  -20,    0,  -20,    0,    0,    0,  -20,    0,    0,   -9,    2,    2,    2,    0,   -9,    0,  -41,    0,    0,    0,    0,    0,    0,   -9,  -52,  -52,  -86,    0,    0,    2,    0,    0,    0,    0,    0,    0,  -24,    0,  -52,    0,    0,  -15,  -40,  -15,   -4,    0,    0,    0,    0,    0,    0,    0,    0,    0,    0,    0,    0,    0,    0,    0,    0,    0,    0,    0,    0,    0,    0,    0,  -46,  -78,  -61,    0,    0,    0,  -20,    0,  -61,   -6,    0,    0,    0,    0,    0,    0,    0,    0,    0,  -30,    0,
       0,    0,    0,    0,    0,    0,    0,    0,    0,    0,    0,    0,    0,    0,    0,    0,    0,    0,    0,    0,    0,    0,    0,    0,    0,    0,    0,    0,    0,    0,    0,  -34,    0,    0,    0,    0,    0,    0,    0,    0,    0,    0,    0,    0,    0,    0,    0,    0,    0,    0,    0,    0,    0,    0,    0,    0,    0,    0,    0,    0,    0,    0,    0,    0,    0,    0,    0,    0,    0,    0,    0,    0,    0,    0,    0,   20,    0,    0,    0,    0,    0,    0,   20,   20,    0,    0,  -34,  -34,  -34,    0,    0,    0,    0,   20,    0,    0,    0,    0,    0,    0,  -34,    0,    0,    0,    0,    0,    0,    0,    0,    0,    0,    0,    0,    0,    0,    0,    0,    0,    0,    0,    0,    0,    0,    0,    0,    0,    0,    0,    0,    0,    0,  -38,    0,    0,    0,    0,    0,    0,    0,    0,    0,    0,    0,    0,    0,    0,    0,    0,    0,    0,    0,
       0,    0,    0,    0,    0,    0,    0,    0,    0,    0,    0,    0,    0,    0,    0,    0,    0,    0,    0,    0,    0,    0,    0,    0,    0,    0,    0,  -15,    0,    0,    0,    0,    0,    0,    0,   -7,    0,    0,    0,  -24,    0,    0,    0,    0,    0,    0,    0,    0,    0,    2,    0,    0,    0,    0,    0,    0,    0,    0,    0,    0,    0,    0,    0,    0,    0,    0,    0,    0,    0,    0,    0,    0,    0,    0,    0,   20,    0,    0,    2,    0,    0,    0,   20,   20,    0,    0,    0,    0,    0,    0,    0,    0,    0,   20,    0,    0,   -7,    0,    0,    0,    0,    0,    0,    0,    0,    0,    0,    0,    0,    0,    0,    0,    0,    0,    0,    0,    0,    0,    0,    0,    0,    0,    0,    0,    0,    0,    0,    0,    0,    0,    0,    0,    0,    0,    0,    0,    0,    0,    0,    0,    0,    0,    0,    0,    0,    0,    0,    0,    0,    0,    0,
       0,    0,    0,    0,    0,    0,    0,    0,    0,    0,    0,    0,    0,    0,    0,    0,    0,    0,    0,    0,    0,    0,    0,    0,    0,    0,    0,    0,    0,    0,    0,    0,    0,    0,    0,    0,    0,    0,    0,    0,    0,    0,    0,    0,    0,    0,    0,    0,    0,    0,    0,    0,    0,    0,    0,    0,    0,    0,    0,    0,    0,    0,    0,    0,    0,    0,    0,    0,    0,    0,    0,    0,    0,    0,    0,   44,    0,    0,    0,    0,    0,    0,   44,   44,    0,    0,    0,    0,    0,    0,    0,    0,   20,   44,    0,    0,    0,    0,    0,    0,    0,    0,    0,    0,    0,    0,    0,    0,    0,    0,    0,    0,    0,    0,    0,    0,    0,    0,    0,    0,    0,    0,    0,    0,    0,    0,    0,    0,    0,    0,    0,    0,    0,    0,    0,    0,    0,    0,    0,    0,    0,    0,    0,    0,    0,    0,    0,    0,    0,    0,    0,
       0,    0,    0,    0,    0,    0,    0,    0,    0,    0,  -24,    0,  -44,    0,    0,    0,    0,    0,    0,    0,    0,    0,    0,    0,    0,    0,    0,  -54,    0,    0,  -41,    0,    0,    0,    0,    0,    0,    0,    0,  -20,  -11,  -19,    0,    0,    0,  -14,    0,    0,  -20,  -20,    0,    0,  -20,    0,    0,    0,    0,    0,    0,    0,  -20,    0,    0,    0,    0,    0,    0,    0,    0,  -11,  -11,  -19,    0,    0,    0,    0,  -19,  -20,  -20,  -11,    0,    0,    0,    0,    0,  -19,    0,    0,    0,  -20,    0,    0,   44,    0,    0,    0,    0,    0,    0,    0,    0,    0,    0,    0,    0,    0,    0,    0,    0,    0,    0,    0,    0,    0,    0,    0,    0,    0,    0,    0,    0,    0,    0,    0,    0,    0,    0,    0,    0,    0,    0,    0,    0,  -71,    0,    0,    0,  -75,    0,    0,    0,    0,    0,    0,    0,    0,  -22,    0,    0,    0,    0,
       0,    0,    0,    0,    0,    0,    0,    0,    0,    0,    0,    0,    0,    0,    0,    0,    0,    0,    0,    0,    0,    0,    0,    0,    0,    0,    0,  -17,    0,    0,    0,  -18,    0,  -13,    0,   -7,  -16,    0,    0,    0,    0,    0,    0,    0,    0,    0,    0,    0,    0,    0,    0,    0,    0,    0,    0,    0,    0,    0,    0,    0,    0,    0,    0,    0,    0,    0,    0,    0,    0,    0,    0,    0,    0,    0,    0,   20,    0,    0,    0,    0,    0,    0,   20,   20,    0,    0,  -18,  -18,  -18,    0,    0,    0,   10,   20,    0,    0,   -7,    0,    0,    0,  -18,    0,    0,    0,    0,    0,    0,    0,    0,    0,    0,    0,    0,    0,    0,    0,    0,    0,    0,    0,    0,    0,    0,    0,    0,    0,    0,    0,    0,    0,  -16,    0,    0,    0,    0,    0,    0,    0,    0,    0,    0,    0,    0,    0,    0,    0,    0,    0,    0,    0,    0,
       0,    0,    0,    0,    0,    0,    0,    0,    0,    0,  -20,    0,  -20,  -34,    0,    0,    0,    0,    0,    0,    0,    0,    0,    0,    0,    0,    0,  -12,    0,    0,    0,    0,    0,    0,    0,    0,    0,    0,    0,  -30,    0,    0,    0,    0,    0,    0,    0,    0,    0,    0,    0,    0,    0,    0,    0,    0,    0,    0,    0,    0,    0,    0,    0,    0,    0,    0,    0,    0,    0,    0,    0,    0,    0,    0,    0,    0,    0,    0,    0,    0,    0,    0,    0,    0,    0,    0,    0,    0,    0,    0,    0,    0,   20,    0,    0,    0,    0,    0,    0,    0,    0,    0,    0,    0,    0,    0,    0,    0,    0,    0,    0,    0,    0,    0,    0,    0,    0,    0,    0,    0,    0,    0,    0,    0,    0,    0,    0,    0,    0,    0,    0,    0,    0,  -47,    0,    0,    0,  -20,    0,    0,    0,    0,    0,    0,    0,    0,    0,    0,    0,    0,    0,
       0,    0,    0,    0,   -6,    0,    0,    0,    0,  -52,    0,  -52,    0,    0,    0,    0,    0,    0,    0,    0,    0,    0,    0,  -41,  -20,    0,  -23,    0,    0,  -23,    0,    0,    0,    0,    0,    0,    0,    0,    0,    0,    0,  -24,    0,    6,    0,    0,    0,    0,  -20,  -24,  -38,    0,    0,  -52,    0,  -30,  -83,   -9,    0,    0,  -20,    0,  -80,    0,    0,    0,    0,    0,  -20,    0,    0,  -24,    6,    6,    6,   51,  -24,  -20,  -24,    0,    0,    0,   51,   51,    0,  -24,    0,    0,    0,  -20,    0,    6,   51,   51,    0,    0,    0,    0,  -23,    0,    0,    0,    0,    0,  -62,    0,    0,    0,    0,    0,    0,    0,    0,    0,    0,    0,    0,    0,    0,    0,    0,    0,    0,    0,    0,    0,    0,    0,    0,    0,    0,    0,    0,    0,    0,    0,  -20,    0,    0,    0,    0,    0,    0,    0,    0,    0,    0,    0,    0,    0,  -20,
       0,    0,  -54,    0,    0,    0,    0,    0, -102,  -44,    0,  -74,    0,    0,    0,  -27,    0,    0,    0,    0,    0,    0,    0,    0,    0,    0,  -17,    0,    0,  -17,    0,  -56,    0,  -45,  -15,    0,  -41,    0,  -78,    0,    0,    0,    0,    0,    0,    0,    0,  -13,    0,  -41,    0,    0,    0,  -67,  -58,  -38, -122,  -48, -105,    0,    0,  -49,  -81,    0,    0,    0,    0,    0,  -20,    0,    0,    0,    0,    0,    0,    0,    0,    0,  -41,    0,    0,    0,    0,    0,    0,    0,  -56,  -56,  -56,    0,    0,    0,    0,    0,    0,    0,    0,    0,  -17,    0,  -56,    0,    0,  -13,  -78,  -13,    0,    0,    0,    0,    0,    0,    0,    0,    0,    0,    0,    0,    0,    0,    0,    0,    0,    0,    0,    0,    0,    0,    0,    0,  -62,  -51,  -45,    0,  -27,  -27,  -20,    0,  -85,    0,    0,    0,    0,    0,    0,    0,    0,    0,    0,    0,    0,
       0,    0,    0,    0,    0,  -20,    0,    0,    0,  -18,  -24,  -18,  -44,    0,    0,    0,    0,    0,    0,    0,    0,    0,    0,    0,    0,    0,    0,  -48,    0,    0,  -58,    0,    0,    0,    0,    0,    0,    0,    0,    0,   -5,   -4,    0,    0,    0,    0,    0,    0,    0,    0,    0,    0,    0,  -18,    0,    0,  -18,    0,    0,    0,    0,    0,  -18,    0,    0,    0,    0,    0,    0,   -5,   -5,   -4,    0,    0,    0,    0,   -4,    0,    0,   -5,    0,    0,    0,    0,    0,   -4,    0,    0,    0,    0,    0,    0,    0,    0,    0,    0,    0,    0,    0,    0,    0,    0,    0,    0,    0,    0,    0,    0,    0,    0,    0,    0,    0,    0,    0,    0,    0,    0,    0,    0,    0,    0,    0,    0,    0,    0,    0,    0,    0,    0,    0,    0,    0,  -85,    0,    0,    0,  -81,    0,    0,    0,    0,    0,    0,    0,    0,  -30,    0,    0,    0,    0,
       0,    0,    0,    0,    0,    0,    0,    0,    0,    0,    0,    0,    0,    0,    0,    0,    0,    0,    0,    0,    0,    0,    0,    0,    0,    0,    0,    0,    0,    0,    0,    0,    0,  -11,    0,    0,  -16,    0,    0,    0,   -3,   -8,    0,    0,    0,    0,    0,    0,    0,    0,    0,    0,    0,    0,    0,    0,    0,    0,    0,    0,    0,    0,    0,    0,    0,    0,    0,    0,    0,   -3,   -3,   -8,    0,    0,    0,   27,   -8,    0,    0,   -3,    0,    0,   27,   27,    0,   -8,    0,    0,    0,    0,    0,    0,    0,   27,    0,    0,    0,    0,    0,    0,    0,    0,    0,    0,    0,    0,    0,    0,    0,    0,    0,    0,    0,    0,    0,    0,    0,    0,    0,    0,    0,    0,    0,    0,    0,    0,    0,    0,    0,    0,  -16,    0,    0,    0,    0,    0,    0,    0,    0,    0,    0,    0,    0,    0,    0,    0,    0,    0,    0,    0,    0,
       0,    0,    0,    0,   -2,  -20,    0,    0,    0,  -35,  -20,  -35,  -20,  -78,  -20,    0,    0,    0,  -41,    0,  -47,    0,  -20,  -47,  -20,    0,  -19,  -52,    0,  -19,  -54,    0,    0,    0,    0,    0,    8,    0,    0,  -34,  -44,  -47,    0,    0,    0,  -34,  -44,  -61,  -44,  -38,  -38,  -25,  -27,  -35,    0,  -78,  -35,    0,    0,    0, -105,    0,  -83,    0,  -30,    0,    0,    0,  -20,  -68,  -68,  -77,    0,    0,    0,   54,  -77,  -75,  -58,  -44,    0,    0,   54,   54,    0,  -47,    0,    0,    0,  -68,    0,    0,   82,   54,  -82,  -82,    0,    0,  -19,    0,    0,    0,    0,  -61,  -32,  -61,  -44,    0,    0,    0,    0,    0,    0,    0,    0,    0,    0,    0,    0,    0,    0,    0,    0,    0,    0,    0,    0,    0,    0,    0,    8,    0,    0,  -71,    0,    0,  -20,  -71,    0,    0,    0,    0,    0,    0,    0,    0,  -48,    0,    0,    0,    0,
       0,    0,    0,    0,    0,  -30,    0,    0,    0,  -33,  -58,  -33,  -58,  -29,  -12,    0,    0,    0,  -20,    0,    0,    0,  -38,  -44,  -38,    0,  -43,  -45,    0,  -23,  -58,    0,    0,    9,    0,    0,    0,    0,    0,  -47,  -34,  -35,    0,    0,    0,   -3,  -27,    0,    0,    0,    0,    0,    0,  -33,    0,  -34,  -71,    0,    0,    0,    0,    0,  -57,    0,    0,  -12,    0,    0,  -24,  -34,  -58,  -35,    0,    0,    0,   51,  -62,    0,    0,  -34,    0,    0,   51,   51,    0,  -35,    0,    0,    0,    0,    0,    0,   24,   51,  -74,  -74,    0,    0,  -23,    0,    0,    0,    0,    0,   -7,    0,  -27,    0,    0,    0,    0,    0,    0,    0,    0,    0,    0,    0,    0,    0,    0,    0,    0,    0,    0,    0,    0,    0,    0,    0,    0,    0,    0,  -68,    0,    0,  -24,  -58,    0,    0,    0,    0,    0,    0,    0,  -79,  -90,    0,    0,    0,    0,
       0,    0,    0,    0,   -2,  -30,    0,    0,    0,  -27,  -58,  -27,  -58,  -13,    0,    0,    0,    0,  -20,    0,    0,    0,  -30,  -44,  -38,    0,  -10,  -40,    0,  -10,  -38,    0,    0,    3,   13,    0,    0,    0,    0,    0,  -33,  -30,    0,    0,    0,  -21,  -20,    0,    0,    0,    0,    0,    0,  -27,    0,  -34,  -27,    0,    0,    0,    0,    0,  -47,    0,    0,  -12,    0,    0,    0,  -33,  -33,  -30,    0,    0,    0,    0,  -30,    0,    0,  -33,    0,    0,    0,    0,    0,  -30,    0,    0,    0,    0,    0,    0,   51,    0,    0,    0,    0,    0,  -10,    0,    0,    0,    0,    0,  -21,    0,  -20,    0,    0,    0,    0,    0,    0,    0,    0,    0,    0,    0,    0,    0,    0,    0,    0,    0,    0,    0,    0,    0,    0,    0,    0,    0,    0,  -65,    0,    0,    0,  -58,    0,    0,    0,    0,    0,    0,    0,  -55,  -66,    0,    0,    0,    0,
       0,    0,    0,    0,   -7,    0,    0,    0,    0,  -23,    0,  -23,    0,    0,  -22,    0,    0,  -13,  -24,    0,    0,  -13,    0,  -34,  -30,    0,  -28,    0,    0,  -28,    0,  -24,    0,    0,    0,    0,    0,    0,    0,    0,  -34,  -17,    0,    0,    0,    0,    0,    0,    0,    0,    0,    0,    0,  -43,    0,  -24,  -53,   -4,    0,    0,    0,    0,  -50,    0,    0,    0,    0,    0,  -27,  -34,  -34,  -17,    0,    0,    0,    0,  -17,    0,    0,  -34,    0,    0,    0,    0,    0,  -17,  -24,  -24,  -24,    0,    0,    0,   51,    0,    0,    0,    0,  -13,  -58,  -20,  -24,    0,    0,  -38,  -50,    0,    0,    0,    0,    0,    0,    0,    0,    0,    0,    0,    0,    0,    0,    0,    0,    0,    0,    0,    0,    0,    0,    0,    0,    0,    0,    0,    0,    0,    0,    0,  -27,    0,    0,    0,    0,    0,    0,    0,    0,    0,    0,    0,  -20,    0,    0,
       0,    0,    0,    0,    0,  -38,    0,    0,    0,  -41,  -33,  -41,  -33,    0,    0,    0,    0,    0,  -41,    0,    0,    0,  -38,  -61,  -58,    0,  -24,  -46,    0,  -24,  -20,    8,    0,    0,    0,    0,    0,    0,    0,    0,  -55,  -59,    0,  -14,    0,  -23,  -41,    0,  -24,    0,    0,    0,    0,  -41,    0,  -54,  -72,   -5,    0,    0,  -24,    0,  -72,    0,  -38,    0,    0,    0,  -51,  -96,  -85,  -59,  -14,  -34,  -14,    0,  -59,  -24,    0, -100,    0,    0,    0,    0,    0,  -93,    8,    8,    8,  -24,    0,  -14,   51,    0,    0,    0,    0,    0,  -24,    0,    8,    0,    0,    0,  -29,    0,  -41,    0,    0,    0,    0,    0,    0,    0,    0,    0,    0,    0,    0,    0,    0,    0,    0,    0,    0,    0,    0,    0,    0,    0,    0,    0,    0,  -65,    0,    0,  -24,  -90,    0,    0,    0,    0,    0,    0,    0,  -98, -110,    0,    0,    0,  -20,
       0,    0,    0,    0,    0,    0,    0,    0,    0,  -23,    0,  -23,    0,    0,    0,    0,    0,    0,    0,    0,    0,    0,    0,  -38,    0,    0,  -20,    0,    0,  -20,    0,    0,    0,    0,    0,    0,    0,    0,    0,    0,    0,    0,    0,    0,    0,    0,    0,    0,    0,    0,    0,    0,    0,  -23,    0,  -20,  -23,    0,    0,    0,    0,    0,  -43,    0,    0,    0,    0,    0,    0,    0,    0,    0,    0,    0,    0,   51,    0,    0,    0,    0,    0,    0,   51,   51,    0,    0,    0,    0,    0,    0,    0,    0,   20,   51,    0,    0,    0,    0,  -20,    0,    0,    0,    0,    0,  -13,    0,    0,    0,    0,    0,    0,    0,    0,    0,    0,    0,    0,    0,    0,    0,    0,    0,    0,    0,    0,    0,    0,    0,    0,    0,    0,    0,    0,    0,    0,    0,    0,    0,    0,    0,    0,    0,    0,    0,    0,    0,    0,    0,    0,    0,    0,
       0,    0,    0,    0,    0,    0,    0,    0,    0,    0,    0,    0,    0,    0,    0,    0,    0,    0,    0,    0,    0,    0,    0,    0,    0,    0,    0,    0,    7,    0,    0,    0,    0,    0,    0,    0,    0,    0,    0,    0,    0,   -4,    0,    0,   11,    7,    0,    0,    0,    0,    0,    0,    0,    0,    0,    0,    0,    0,    0,    0,    0,    0,    0,    0,    0,    0,    0,    0,    0,    0,    0,   -4,    0,    0,    0,    0,   -4,    0,    0,    0,    0,    7,    0,    0,   11,   -4,    0,    0,    0,    0,    7,    0,   52,    0,    0,    0,    0,    0,    0,    0,    0,    0,    0,    0,    0,    0,    0,    0,    0,    0,    0,    0,    0,    0,    0,    0,    0,    0,    0,    0,    0,    0,    0,    0,    0,    0,    0,    0,    0,    0,    0,    0,    0,    0,    0,    0,    0,    0,    0,    0,    0,    0,    0,    0,    0,    0,    0,    0,    0,    0,    0,
       0,    0,  -47,    0,   -6,    0,    0,    0,  -54,  -20,    0,  -20,    0,    8,    0,  -27,    0,    0,    0,    0,    0,    0,    0,  -15,  -30,  -38,  -24,    9,    0,  -24,    0,  -76,  -12,  -74,  -74,    0,  -46,    0,  -54,    0,    0,   -9,   -4,    2,    0,    0,   -4,  -15,    0,  -71,  -41,    0,    0,  -20,  -44,  -20,  -20,  -42,  -54,    0,    0,  -30,  -20,    0,  -20,    0,    0,    0,  -20,    0,    0,   -9,    2,    2,    2,    0,   -9,    0,  -71,    0,    0,    0,    0,    0,    0,   -9,  -76,  -76,  -76,    0,    0,    2,    0,    0,    0,    0,    0,    0,  -24,    0,  -76,    0,    0,  -15,  -40,  -15,   -4,    0,    0,    0,    0,    0,    0,    0,    0,    0,    0,    0,    0,    0,    0,    0,    0,    0,    0,    0,    0,    0,    0,    0,  -46, -104,  -95,    0,    0,    0,  -20,    0,  -95,   -6,    0,    0,    0,    0,    0,    0,    0,    0,    0,  -30,    0,
       0,    0,    0,    0,    0,    0,    0,    0,  -41,    0,    0,    0,    0,    0,  -27,  -65,    0,  -27,  -34,  -27,    0,  -27,    0,    0,    0,    0,  -24,    0,   20,  -24,    0,  -34,  -24,  -47,    0,    0,    0,    0,  -41,    0,    0,    0,    0,   13,   58,   20,    0,    0,    0,  -47,    0,    0,    0,    0,    0,    0,    0,    0,  -41,    0,    0,  -27,    0,    0,    0,    0,    0,    0,    0,    0,    0,    0,   13,   13,   13,    0,    0,    0,  -47,    0,    0,   20,    0,    0,   58,    0,  -34,  -34,  -34,    0,   20,   13,    0,    0,   34,   34,    0,  -27,  -24,  -65,  -30,   27,   27,    0,    0,    0,    0,    0,    0,    0,    0,    0,    0,    0,    0,    0,    0,    0,    0,    0,    0,    0,    0,    0,    0,    0,    0,    0,    0,    0,    0,  -24,    0,    0,    0,    0,    0,    0,    0,    0,    0,    0,    0,    0,    0,    0,    0,    0,    0,  -30,    0,
       0,    0,   -8,    0,    0,    0,    0,    0,    0,    0,    0,    0,    0,    0,    0,  -24,    0,    0,    0,    0,    0,    0,    0,    0,    0,    0,    0,    0,    0,    0,    0,  -42,    0,  -30,  -30,    0,  -53,    0,    0,    0,    0,    0,    0,    0,    0,    0,    0,    0,    0,  -10,    0,    0,    0,    0,    0,    0,    0,   -5,    0,    0,    0,    0,    0,    0,    0,    0,    0,    0,    0,    0,    0,    0,    0,    0,    0,    0,    0,    0,  -10,    0,    0,    0,    0,    0,    0,    0,  -42,  -42,  -42,    0,    0,    0,    0,    0,    0,    0,    0,    0,    0,    0,  -42,    0,    0,    0,    0,    0,    0,    0,    0,    0,    0,    0,    0,    0,    0,    0,    0,    0,    0,    0,    0,    0,    0,    0,    0,    0,    0,    0,    0,    0,  -53,  -27,  -14,    0,    0,    0,    0,    0,  -14,    0,    0,    0,    0,    0,    0,    0,    0,    0,    0,    0,    0,
       0,    0,  -11,    0,    0,    0,    0,   -7,    0,    0,    0,    0,    0,    0,    0,  -20,    0,    0,    0,    0,    0,    0,    0,    0,    0,    0,    0,  -20,    0,    0,    0,  -47,    0,  -35,  -30,  -17,  -62,    0,    0,    0,    6,    0,    0,    0,    0,    0,    0,    0,    0,  -11,   -9,  -13,  -11,    0,  -20,    0,    0,   -7,    0,    0,    0,    0,    0,    0,    0,    0,    0,    0,    0,    6,    6,    0,    0,    0,    0,    0,    0,    0,  -11,    6,    0,    0,    0,    0,    0,    0,  -47,  -47,  -47,    0,    0,    0,   27,    0,    0,    0,  -17,    0,    0,    0,  -47,    0,    0,    0,   -7,    0,    0,    0,    0,    0,    0,    0,    0,    0,    0,    0,    0,    0,    0,    0,    0,    0,    0,    0,    0,    0,    0,    0,    0,    0,  -62,  -38,  -13,    0,    0,    0,    0,    0,  -13,    0,    0,    0,    0,    0,    0,    0,    0,    0,    0,    0,    0,
       0,    0,    0,    0,    0,    0,    0,    0,    0,  -14,  -34,  -14,  -34,  -11,    0,    0,    0,    0,  -38,    0,    0,    0,    0,    0,    0,    0,    0,  -20,    0,    0,  -38,    0,    0,    0,    0,    0,    4,    0,    0,   -8,  -11,  -14,  -25,    4,    2,    0,  -12,  -23,    0,    0,   11,    0,    0,  -14,    0,  -24,  -14,    0,    0,    0,    0,    0,  -14,    0,    0,    0,    0,    0,  -12,  -11,  -11,  -14,    4,    4,    4,   61,  -14,    0,    0,  -11,    0,    0,   61,   85,    2,  -14,    0,    0,    0,    0,    0,    4,   27,   81,  -47,  -47,    0,    0,    0,    0,    0,    0,    0,  -23,    0,  -23,  -12,    0,    0,    0,    0,    0,    0,    0,    0,    0,    0,    0,    0,    0,    0,    0,    0,    0,    0,    0,    0,    0,    0,    0,    4,    0,    0,  -54,    0,    0,  -12,  -34,    0,    0,    0,    0,    0,    0,    0,    0,  -15,    0,    0,    0,    0,
       0,    0,    0,    0,    0,    0,    0,    0,    0,    0,    0,    0,    0,    0,    0,    0,    0,    0,    0,    0,    0,    0,    0,    0,    0,    0,    0,    0,    0,    0,    0,  -30,    0,    0,    0,    0,    0,    0,    0,    0,    0,    0,    0,    0,    4,    0,    0,    0,    0,    0,    0,    0,    0,    0,    0,    0,    0,    0,    0,    0,    0,    0,    0,    0,    0,    0,    0,    0,    0,    0,    0,    0,    0,    0,    0,    0,    0,    0,    0,    0,    0,    0,    0,    0,    4,    0,  -30,  -30,  -30,    0,    0,    0,    0,    0,    0,    0,    0,    0,    0,    0,  -30,    0,    0,    0,    0,    0,    0,    0,    0,    0,    0,    0,    0,    0,    0,    0,    0,    0,    0,    0,    0,    0,    0,    0,    0,    0,    0,    0,    0,    0,    0,    0,    0,    0,    0,    0,    0,    0,    0,    0,    0,    0,    0,    0,    0,    0,    0,    0,    0,    0,    0,
       0,    0,    0,    0,    0,    0,    0,    0,    0,    0,    0,    0,    0,    0,    0,    0,    0,    0,    0,    0,    0,    0,    0,    0,    0,    0,    0,    0,    0,    0,    0,    0,    0,    0,    0,    0,    0,    0,    0,    0,    0,    0,    0,    0,    0,    0,    0,    0,    0,    0,    0,    0,    0,    0,    0,    0,    0,    0,    0,    0,    0,    0,    0,    0,    0,    0,    0,    0,    0,    0,    0,    0,    0,    0,    0,   37,    0,    0,    0,    0,    0,    0,   57,   37,    0,    0,    0,    0,    0,    0,    0,    0,   51,   57,    0,    0,    0,    0,    0,    0,    0,    0,    0,    0,    0,    0,    0,    0,    0,    0,    0,    0,    0,    0,    0,    0,    0,    0,    0,    0,    0,    0,    0,    0,    0,    0,    0,    0,    0,    0,    0,    0,    0,    0,    0,    0,    0,    0,    0,    0,    0,    0,    0,    0,    0,    0,    0,    0,    0,    0,    0,
       0,    0,    0,    0,    0,    0,    0,    0,    0,  -32,    0,  -32,    0,    0,    0,    0,    0,    0,  -27,    0,    0,    0,    0,  -51,    0,    0,    0,    0,    0,    0,    0,  -34,    0,    0,    0,    0,    0,    0,    0,    0,    0,  -13,    0,    0,    0,    0,    0,    0,    0,    3,    0,    0,    0,  -32,    0,  -30,  -73,    0,    0,    0,    0,    0,  -32,    0,    0,    0,    0,    0,    0,    0,    0,  -13,    0,    0,    0,    0,  -13,    0,    3,    0,    0,    0,    0,    0,    0,  -13,  -34,  -34,  -34,    0,    0,    0,    0,    0,    0,    0,    0,    0,    0,    0,  -34,    0,    0,    0,    0,    0,    0,    0,    0,    0,    0,    0,    0,    0,    0,    0,    0,    0,    0,    0,    0,    0,    0,    0,    0,    0,    0,    0,    0,    0,    0,    0,    0,    0,    0,    0,    0,    0,    0,    0,    0,    0,    0,    0,    0,    0,    0,    0,    0,    0,    0,
       0,    0,    0,    0,    0,    0,    0,    0,    0,  -23,  -38,  -23,  -38,  -19,    0,    0,    0,    0,    0,    0,    0,    0,    0,  -24,    0,    0,    0,  -24,    9,    0,  -34,  -34,    0,    0,    0,    0,    0,  -20,    0,    0,   -6,  -13,   11,    4,    9,    6,    0,   11,    0,    9,    5,    9,    0,  -23,    0,    0,  -43,    0,    0,    0,    0,    0,  -23,    0,    0,    0,    0,    0,    0,   -6,   -6,  -13,    4,    4,    4,   13,  -13,    0,    9,   -6,    0,    9,   13,   13,    9,  -13,  -34,  -34,  -34,    0,    9,    4,   18,   13,    0,    0,    0,    0,    0,    0,  -34,  -10,  -10,   11,    0,   11,    0,    0,    0,    0,    0,    0,    0,    0,    0,    0,    0,    0,    0,    0,    0,    0,    0,    0,    0,    0,    0,    0,    0,    0,    0,  -24,   10,  -47,    0,    0,    0,  -38,   10,    0,    0,    0,    0,    0,    0,    0,  -20,    0,    0,    0,    0,
       0,    0,   -3,    0,    0,    0,    0,    0,    0,    0,    0,    0,    0,    0,    0,    0,    0,    0,    0,    0,    0,    0,    0,    0,    0,    0,    0,    0,    0,    0,    0,  -44,    0,  -27,  -20,    0,  -44,    0,    0,    0,    0,    0,    0,    0,    0,    0,    0,    0,    0,    0,    0,    0,    0,    0,    0,    0,    0,   -5,    0,    0,    0,    0,    0,    0,    0,    0,    0,    0,    0,    0,    0,    0,    0,    0,    0,    0,    0,    0,    0,    0,    0,    0,    0,    0,    0,    0,  -44,  -44,  -44,    0,    0,    0,    0,    0,    0,    0,    0,    0,    0,    0,  -44,    0,    0,    0,    0,    0,    0,    0,    0,    0,    0,    0,    0,    0,    0,    0,    0,    0,    0,    0,    0,    0,    0,    0,    0,    0,    0,    0,    0,    0,  -44,  -30,    0,   -6,    0,    0,    0,    0,    0,    0,    0,    0,    0,    0,    0,    0,    0,    0,    0,    0,    0,
       0,    0,    0,    0,    0,    0,    0,    0,    0,  -11,    0,  -11,    0,    0,    0,    0,    0,    0,   -6,    0,    0,    0,    0,  -17,    0,    0,    0,    0,    1,    0,    0,  -20,    0,   -4,   -4,    0,   -6,    0,    0,    0,    3,   -6,  -18,    0,    5,    0,   -5,   -4,    0,   13,   11,    0,    0,  -11,    0,    0,  -11,    0,    0,    0,    0,    0,  -11,    0,    0,    0,    0,    0,   -4,    3,    3,   -6,    0,    0,    0,    0,   -6,    0,   13,    3,    0,    1,    0,    0,    5,   -6,  -20,  -20,  -20,    0,    1,    0,   27,    0,    0,    0,    0,    0,    0,    0,  -20,    0,    0,   -4,    0,   -4,   -5,    0,    0,    0,    0,    0,    0,    0,    0,    0,    0,    0,    0,    0,    0,    0,    0,    0,    0,    0,    0,    0,    0,    0,   -6,  -24,    4,    0,    0,    0,   -4,    0,    4,    0,    0,    0,    0,    0,    0,    0,   13,    0,    0,    0,    0,
       0,    0,    0,    0,    0,    0,    0,    0,    0,  -23,    0,  -23,    0,  -20,    0,    0,    0,    0,    0,    0,    0,    0,    0,  -24,    0,    0,    0,    0,    0,    0,    0,  -30,    0,    0,    0,    0,  -34,    0,    0,  -20,    0,    0,    0,    0,    0,    0,    0,    0,    0,    0,    0,    0,    0,  -23,    0,    0,  -43,    0,    0,    0,    0,    0,  -23,    0,    0,    0,    0,    0,    0,    0,    0,    0,    0,    0,    0,    0,    0,    0,    0,    0,    7,    0,    0,    0,    0,    0,  -30,  -75,  -30,    0,    0,    0,    0,    0,    0,    0,    0,    0,    0,    0,  -30,    0,    0,    0,    0,    0,    0,    0,    0,    0,    0,    0,    0,    0,    0,    0,    0,    0,    0,    0,    0,    0,    0,    0,    0,    0,    0,    0,    0,    0,  -34,  -24,    8,    0,    0,    0,    0,    0,    8,    0,    0,    0,    0,    0,    0,    0,  -24,    0,    0,    0,    0,
       0,    0,    0,    0,    0,    0,    0,    0,    0,  -24,  -24,  -24,  -24,  -34,    0,    0,    0,    0,    0,    0,    0,    0,    0,  -20,  -24,    0,    0,  -41,    2,    0,  -38,  -20,    0,    0,    0,    0,  -20,    0,    0,  -47,   -5,  -11,    9,    0,    0,    0,    0,   10,    0,    0,    0,    0,    0,  -24,    0,  -24,  -24,    0,    0,    0,    0,    0,  -24,    0,    0,    0,    0,    0,    0,   -5,   -5,  -11,    0,    0,    0,   10,  -11,    0,    0,   -5,    0,    2,   10,   10,    0,  -11,  -20,  -58,  -20,    0,    2,    0,    0,   10,    0,    0,    0,    0,    0,    0,  -20,  -27,  -27,   10,    0,   10,    0,    0,    0,    0,    0,    0,    0,    0,    0,    0,    0,    0,    0,    0,    0,    0,    0,    0,    0,    0,    0,    0,    0,    0,  -20,    0,    0,  -47,    0,    0,    0,  -69,    0,    0,    0,    0,    0,    0,    0,    0,  -20,    0,    0,    0,    0,
       0,    0,    0,    0,    0,  -20,    0,    0,    0,    0,  -44,    0,  -44,    0,    0,    0,    0,    0,    0,    0,    0,    0,    0,    0,    0,    0,    0,  -41,    0,    0,  -34,  -30,    0,    0,    0,    0,    0,  -20,    0,    0,   -1,   -9,    0,    0,    0,    0,    0,    0,    0,    0,    0,    0,    0,    0,    0,  -20,    0,    0,    0,    0,    0,    0,    0,    0,    0,    0,    0,    0,    0,   -1,   -1,   -9,    0,    0,    0,    0,   -9,    0,    0,   -1,    0,    0,    0,    0,    0,   -9,  -30,  -30,  -30,    0,    0,    0,    0,    0,    0,    0,    0,    0,    0,    0,  -30,    0,    0,    0,    0,    0,    0,    0,    0,    0,    0,    0,    0,    0,    0,    0,    0,    0,    0,    0,    0,    0,    0,    0,    0,    0,    0,    0,    0,    0,    0,    0,    0,  -47,    0,    0,    0,  -44,    0,    0,    0,    0,    0,    0,    0,    0,    0,    0,    0,    0,    0,
       0,    0,    0,    0,    0,    0,    0,    0,    0,  -13,    0,  -13,    0,    0,    0,    0,    0,    0,    0,    0,    0,    0,    0,    0,  -20,    0,    0,    0,    0,    0,    0,  -25,    0,    0,    0,    0,    0,    0,    0,    0,   -1,  -13,   10,    0,    0,    0,    0,   10,    0,    0,    0,    0,    0,  -13,    0,  -20,  -13,    0,    0,    0,    0,    0,  -13,    0,    0,    0,    0,    0,    0,   -1,   -1,  -13,    0,    0,    0,    0,  -13,    0,    0,   -1,    0,    0,    0,    0,    0,  -13,  -25,  -25,  -25,    0,    0,    0,    0,    0,    0,    0,    0,    0,    0,    0,  -25,    0,    0,   10,    0,   10,    0,    0,    0,    0,    0,    0,    0,    0,    0,    0,    0,    0,    0,    0,    0,    0,    0,    0,    0,    0,    0,    0,    0,    0,    0,    0,    0,    0,    0,    0,    0,    0,    0,    0,    0,    0,    0,    0,    0,    0,    0,    0,    0,    0,    0,
       0,    0,    0,    0,    0,    0,    0,    0,    0,    0,    0,    0,    0,    0,    0,    0,    0,    0,    0,    0,    0,    0,    0,    0,    0,    0,    0,    0,    0,    0,    0,  -20,    0,    0,    0,    0,    0,    0,    0,    0,    0,  -11,    0,    0,    0,    0,    0,    0,    0,    0,    0,    0,    0,    0,    0,    0,    0,    0,    0,    0,    0,    0,    0,    0,    0,    0,    0,    0,    0,    0,    0,  -11,    0,    0,    0,    0,  -11,    0,    0,    0,    0,    0,    0,    0,    0,  -11,  -20,  -20,  -20,    0,    0,    0,    0,    0,    0,    0,    0,    0,    0,    0,  -20,    0,    0,    0,    0,    0,    0,    0,    0,    0,    0,    0,    0,    0,    0,    0,    0,    0,    0,    0,    0,    0,    0,    0,    0,    0,    0,    0,    0,    0,    0,    0,    0,    0,    0,    0,    0,    0,    0,    0,    0,    0,    0,    0,    0,    0,    0,    0,    0,    0,    0,
       0,    0,    0,    0,    0,    0,    0,    0,    0,    0,    0,    0,    0,    0,    0,    0,    0,    0,    0,    0,    0,    0,    0,    0,    0,    0,    0,    0,    0,    0,    0,  -41,    0,  -20,    0,    0,  -41,    0,    0,    0,    0,    0,    0,    0,    0,    0,    0,    0,    0,    0,    0,    0,    0,    0,    0,    0,    0,    0,    0,    0,    0,    0,    0,    0,    0,    0,    0,    0,    0,    0,    0,    0,    0,    0,    0,    0,    0,    0,    0,    0,    0,    0,    0,    0,    0,    0,  -41,  -41,  -41,    0,    0,    0,    0,    0,    0,    0,    0,    0,    0,    0,  -41,    0,    0,    0,    0,    0,    0,    0,    0,    0,    0,    0,    0,    0,    0,    0,    0,    0,    0,    0,    0,    0,    0,    0,    0,    0,    0,    0,    0,    0,  -41,  -20,    0,    0,    0,    0,    0,    0,    0,    0,    0,    0,    0,    0,    0,    0,    0,    0,    0,    0,    0,
       0,    0,    0,    0,    0,    0,    0,    0,    0,    0,    0,    0,    0,    0,    0,    0,    0,    0,    0,    0,    0,    0,    0,    0,    0,    0,    0,    0,    0,    0,    0,    0,    0,    0,    0,    0,    0,    0,    0,    0,    0,    0,    0,   20,    0,    0,    0,    0,    0,    0,    0,    0,    0,    0,    0,    0,    0,    0,    0,    0,    0,    0,    0,    0,    0,    0,    0,    0,    0,    0,    0,    0,   20,   20,   20,    0,    0,    0,    0,    0,    0,    0,    0,    0,    0,    0,    0,    0,    0,    0,    0,   20,   27,    0,    0,    0,    0,    0,    0,    0,    0,    0,    0,    0,    0,    0,    0,    0,    0,    0,    0,    0,    0,    0,    0,    0,    0,    0,    0,    0,    0,    0,    0,    0,    0,    0,    0,    0,    0,    0,    0,    0,    0,    0,    0,    0,    0,    0,    0,    0,    0,    0,    0,    0,    0,    0,    0,    0,    0,    0,    0,
       0,    0,    0,    0,    0,  -24,    0,    0,    0,    0,    0,    0,    0,    0,    0,    0,    0,    0,    0,    0,    0,    0,    0,    0,    0,    0,    0,  -44,    0,    0,  -44,    0,    0,    0,    0,    0,    0,    0,    0,    0,    0,  -20,    0,    0,    0,    0,    0,    0,    0,    0,    0,    0,    0,    0,    0,    0,    0,    0,    0,    0,    0,    0,    0,    0,    0,    0,    0,    0,    0,    0,    0,  -20,    0,    0,    0,    0,  -20,    0,    0,    0,    0,    0,    0,    0,    0,  -20,    0,    0,    0,    0,    0,    0,    0,    0,    0,    0,    0,    0,    0,    0,    0,    0,    0,    0,    0,    0,    0,    0,    0,    0,    0,    0,    0,    0,    0,    0,    0,    0,    0,    0,    0,    0,    0,    0,    0,    0,    0,    0,    0,    0,    0,    0,    0,    0,    0,    0,    0,    0,    0,    0,    0,    0,    0,    0,    0,    0,    0,    0,    0,    0,    0,
       0,    0,    0,    0,    0,    0,    0,    0,    0,    0,    0,    0,    0,    0,    0,    0,    0,    0,    0,    0,    0,    0,    0,    0,    0,    0,    0,  -20,    0,    0,    0,  -30,    0,    0,    0,    0,  -38,    0,    0,    0,    0,    0,    0,    0,    0,    0,    0,    0,    0,    0,    0,    0,    0,    0,    0,    0,    0,    0,    0,    0,    0,    0,    0,    0,    0,    0,    0,    0,    0,    0,    0,    0,    0,    0,    0,    0,    0,    0,    0,    0,    0,    0,    0,    0,    0,    0,  -30,  -30,  -30,    0,    0,    0,    0,    0,    0,    0,    0,    0,    0,    0,  -71,    0,    0,    0,    0,    0,    0,    0,    0,    0,    0,    0,    0,    0,    0,    0,    0,    0,    0,    0,    0,    0,    0,    0,    0,    0,    0,    0,    0,    0,  -38,    0,    0,    0,    0,    0,    0,    0,    0,    0,    0,    0,    0,    0,    0,    0,    0,    0,    0,    0,    0,
       0,    0,    0,    0,    0,    0,    0,    0,    0,    0,    0,    0,    0,    0,    0,    0,    0,    0,    0,    0,    0,    0,    0,    0,    0,    0,    0,    0,    0,    0,    0,  -30,    0,    0,    0,    0,    0,    0,    0,    0,    0,    0,    0,    0,    0,    0,    0,    0,    0,    0,    0,    0,    0,    0,    0,    0,    0,    0,    0,    0,    0,    0,    0,    0,    0,    0,    0,    0,    0,    0,    0,    0,    0,    0,    0,    0,    0,    0,    0,    0,    0,    0,    0,    0,    0,    0,  -30,  -30,  -30,    0,    0,    0,    0,    0,    0,    0,    0,    0,    0,    0,  -30,    0,    0,    0,    0,    0,    0,    0,    0,    0,    0,    0,    0,    0,    0,    0,    0,    0,    0,    0,    0,    0,    0,    0,    0,    0,    0,    0,    0,    0,    0,    0,    0,    0,    0,    0,    0,    0,    0,    0,    0,    0,    0,    0,    0,    0,    0,    0,    0,    0,    0,
       0,    0,    0,    0,    0,  -20,    0,    0,    0,    0,    0,    0,    0,    0,    0,    0,    0,    0,  -30,    0,    0,    0,    0,    0,    0,    0,   -3,  -42,    0,   -3,  -42,    0,    0,    0,    0,   -4,   -5,    0,    0,    0,   -7,  -17,    0,    0,    0,    0,   -7,    0,    0,    0,    0,    0,    0,    0,    0,    0,    0,    0,    0,    0,    0,    0,    0,    0,    0,    0,    0,    0,    0,   -7,   -7,  -17,    0,    0,    0,    0,  -17,    0,    0,   -7,    0,    0,    0,    0,    0,  -17,    0,    0,    0,    0,    0,    0,    0,    0,    0,    0,   -4,    0,   -3,    0,    0,    0,    0,    0,    0,    0,   -7,    0,    0,    0,    0,    0,    0,    0,    0,    0,    0,    0,    0,    0,    0,    0,    0,    0,    0,    0,    0,    0,    0,    0,   -5,    0,    0,    0,    0,    0,    0,    0,    0,    0,    0,    0,    0,    0,    0,    0,    0,    0,    0,    0,    0,
       0,    0,    0,    0,    0,    0,    0,    0,    0,    0,    0,    0,    0,    0,    0,    0,    0,    0,    0,    0,    0,    0,    0,    0,    0,    0,    0,    0,    0,    0,    0,    0,    0,    0,    0,    0,    0,    0,    0,    0,    0,    0,    0,    0,    0,    0,    0,    0,    0,    0,    0,    0,    0,    0,    0,    0,    0,    0,    0,    0,    0,    0,    0,    0,    0,    0,    0,    0,    0,    0,    0,    0,    0,    0,    0,    0,    0,    0,    0,    0,    0,    0,    0,    0,    0,    0,    0,    0,    0,    0,    0,    0,    0,    0,    0,    0,    0,    0,    0,    0,    0,    0,    0,    0,    0,    0,    0,    0,    0,    0,    0,    0,    0,    0,    0,    0,    0,    0,    0,    0,    0,    0,    0,    0,    0,    0,    0,    0,    0,    0,    0,    0,    0,    0,    0,    0,    0,    0,    0,    0,   -6,    0,    0,    0,    0,    0,    0,    0,    0,    0,    0,
       0,    0,    0,    0,    0,    0,    0,    0,    0,    0,    0,    0,    0,    0,    0,    0,    0,    0,    0,    0,    0,    0,    0,    0,    0,    0,    0,    0,    0,    0,    0,    0,    0,    0,    0,    0,    0,    0,    0,    0,    0,    0,    0,    0,    0,    0,    0,    0,    0,    0,    0,    0,    0,    0,    0,    0,    0,    0,    0,    0,    0,    0,    0,    0,    0,    0,    0,    0,    0,    0,    0,    0,    0,    0,    0,    0,    0,    0,    0,    0,    0,    0,    0,    0,    0,    0,    0,    0,    0,    0,    0,    0,    0,    0,    0,    0,    0,    0,    0,    0,    0,    0,    0,    0,    0,    0,    0,    0,    0,    0,    0,    0,    0,    0,    0,    0,    0,    0,    0,    0,    0,    0,    0,    0,    0,    0,    0,    0,    0,    0,    0,    0,    0,    0,    0,    0,    0,    0,    0,    0,    0,   -1,    0,    0,    0,    0,    0,    0,    0,    0,    0,
       0,    0,    0,    0,    0,    0,    0,    0,    0,  -23,    0,  -23,    0,  -20,    0,    0,    0,    0,    0,    0,    0,    0,    0,  -24,    0,    0,    0,    0,    0,    0,    0,  -30,    0,    0,    0,    0,  -34,    0,    0,  -20,    0,    0,    0,    0,    0,    0,    0,    0,    0,    0,    0,    0,    0,  -23,    0,    0,  -43,    0,    0,    0,    0,    0,  -23,    0,    0,    0,    0,    0,    0,    0,    0,    0,    0,    0,    0,    0,    0,    0,    0,    0,    7,    0,    0,    0,    0,    0,  -30,  -75,  -30,    0,    0,    0,    0,    0,    0,    0,    0,    0,    0,    0,  -30,    0,    0,    0,    0,    0,    0,    0,    0,    0,    0,    0,    0,    0,    0,    0,    0,    0,    0,    0,    0,    0,    0,    0,    0,    0,    0,    0,    0,    0,  -34,  -54,    8,    0,    0,    0,    0,    0,    8,    0,    0,    0,    0,    0,    0,    0,  -24,    0,    0,    0,    0,
       0,    0,    0,    0,    0,    0,    0,    0,    0,    0,    0,    0,    0,    0,    0,    0,  -15,   -4,    0,    0,  -16,    0,    0,    0,    0,    0,    0,  -20,    0,    0,  -27,  -93,    0,  -52,  -20,  -50,  -72,    0,    0,    0,    0,    0,    0,    0,    0,    0,    0,    0,    0,    0,    0,  -13,    0,    0,    0,    0,    0,    0,    0,    0,    0,   -6,    0,    0,    0,    0,    0,    0,    0,    0,    0,    0,    0,    0,    0,    0,    0,    0,    0,    0,    0,    0,    0,    0,    0,    0,  -93,  -93,  -93,    0,    0,    0,    0,    0,    0,    0,  -50,  -24,    0,    0,  -93,    0,    0,    0,    0,    0,    0,    0,    0,    0,    0,    0,    0,    0,    0,    0,    0,    0,    0,    0,    0,    0,    0,    0,    0,    0,    0,    0,    0,    0,  -72,  -24,    0,    0,    0,    0,    0,    0,    0,    0,    0,    0,    0,    0,    0,    0,    0,    0,    0,    0,    0,
       0,    0,    0,    0,    0,    0,    0,    0,    0,    0,    0,    0,    0,    0,    0,    0,    0,    0,    0,    0,    0,    0,    0,    0,    0,    0,    0,    0,    0,    0,    0,    0,    0,    0,    0,    0,    0,    0,    0,    0,    0,    0,    0,    0,    0,    0,    0,    0,    0,    0,    0,    0,    0,    0,    0,    0,    0,    0,    0,    0,    0,    0,    0,    0,    0,    0,    0,    0,    0,    0,    0,    0,    0,    0,    0,    0,    0,    0,    0,    0,    0,    0,    0,    0,    0,    0,    0,    0,    0,    0,    0,    0,    0,    0,    0,    0,    0,    0,    0,    0,    0,    0,    0,    0,    0,    0,    0,    0,    0,    0,    0,    0,    0,    0,    0,    0,    0,    0,    0,    0,    0,    0,    0,    0,    0,    0,    0,    0,    0,    0,    0,    0,    0,    0,    0,    0,    0,    0,    0,    0,    0,    0,    0,    5,    0,    0,    0,    0,    0,    0,    0,
       0,    0,    0,    0,    0,    0,    0,    0,    0,    0,    0,    0,    0,    0,    0,  -24,  -30,  -27,    0,    0,  -30,  -20,    0,    0,    0,    0,    0,  -20,    0,    0,    0,  -78,    0,  -38,  -34,  -24,  -54,  -20,    0,    0,    0,    0,    0,    0,    0,    0,    0,    0,    0,  -20,  -20,  -20,    0,    0,    0,    0,    0,    0,    0,    0,    0,    0,    0,    0,    0,    0,    0,    0,    0,    0,    0,    0,    0,    0,    0,    0,    0,    0,  -20,    0,    0,    0,    0,    0,    0,    0,  -78,  -78,  -78,    0,    0,    0,    0,    0,  -20,  -20,  -54,  -27,    0,    0, -119,    0,    0,    0,    0,    0,    0,    0,    0,    0,    0,    0,    0,    0,    0,    0,    0,    0,    0,    0,    0,    0,    0,    0,    0,    0,    0,    0,    0,    0,  -54,  -51,    0,    0,    0,    0,    0,    0,    0,    0,    0,    0,    0,    0,    0,    0,    0,    0,    0,    0,    0,
       0,    0,    0,    0,    0,    0,    0,    0,    0,    0,    0,    0,    0,    0,    0,    0,    0,    0,    0,    0,    0,    0,    0,    0,    0,    0,    0,    0,    0,    0,    0,  -41,    0,  -62,  -53,    0,    0,    0,    0,    0,    0,    0,    0,    0,    0,    0,    0,    0,    0,    0,    0,    0,    0,    0,    0,    0,    0,    0,    0,    0,    0,    0,    0,    0,    0,    0,    0,    0,    0,    0,    0,    0,    0,    0,    0,    0,    0,    0,    0,    0,    0,    0,    0,    0,    0,    0,  -41,  -41,  -41,    0,    0,    0,    0,    0,    0,    0,    0,    0,    0,    0,  -41,    0,    0,    0,    0,    0,    0,    0,    0,    0,    0,    0,    0,    0,    0,    0,    0,    0,    0,    0,    0,    0,    0,    0,    0,    0,    0,    0,    0,    0,    0,  -38,  -20,    0,    0,    0,    0,    0,  -20,    0,    0,    0,    0,    0,    0,    0,    0,    0,    0,    0,    0,
       0,    0,    0,    0,    0,    0,    0,    0,    0,    0,    0,    0,    0,    0,    0,    0,    0,    0,    0,    0,    0,    0,    0,    0,    0,    0,    0,    0,    0,    0,    0,    0,    0,    0,    0,    0,    0,    0,    0,    0,    0,    0,    0,    0,    0,    0,    0,    0,    0,    0,    0,    0,    0,    0,    0,    0,    0,    0,    0,    0,    0,    0,    0,    0,    0,    0,    0,    0,    0,    0,    0,    0,    0,    0,    0,   19,    0,    0,    0,    0,    0,    0,   19,   19,    0,    0,    0,    0,    0,    0,    0,    0,   24,   19,    0,    0,    0,    0,    0,    0,    0,    0,    0,    0,    0,    0,    0,    0,    0,    0,    0,    0,    0,    0,    0,    0,    0,    0,    0,    0,    0,    0,    0,    0,    0,    0,    0,    0,    0,    0,    0,    0,    0,    0,    0,    0,    0,    0,    0,    0,    0,    0,    0,    0,    0,    0,    0,    0,    0,    0,    0,
       0,    0,    0,    0,    0,    0,    0,    0,    0,    0,    0,    0,    0,    0,    0,    0,    0,    0,    0,    0,    0,    0,    0,    0,    0,    0,    0,  -20,    0,    0,    0,  -54,    0,  -24,    0,  -27,  -27,    0,    0,    0,    0,    0,    0,    0,    0,    0,    0,    0,    0,    0,    0,    0,    0,    0,    0,    0,    0,    0,    0,    0,    0,    0,    0,    0,    0,    0,    0,    0,    0,    0,    0,    0,    0,    0,    0,    0,    0,    0,    0,    0,    0,    0,    0,    0,    0,    0,  -54,  -54,  -54,    0,    0,    0,    0,    0,    0,    0,  -27,    0,    0,    0,  -54,    0,    0,    0,    0,    0,    0,    0,    0,    0,    0,    0,    0,    0,    0,    0,    0,    0,    0,    0,    0,    0,    0,    0,    0,    0,    0,    0,    0,    0,  -27,    0,    0,    0,    0,    0,    0,    0,    0,    0,    0,    0,    0,    0,    0,    0,    0,    0,    0,  -20,    0,
       0,    0,    0,    0,    0,    0,    0,    0,    0,    0,  -61,    0,  -61,    0,    0,    0,    0,    0,    0,    0,    0,    0,    0,    0,    0,    0,    0,  -24,    0,    0,  -24,  -34,    0,  -30,    0,    0,    0,  -24,    0,    0,    0,    0,    0,    0,    0,    0,    0,    0,    0,    0,    0,    0,    0,    0,    0,    0,    0,    0,    0,    0,    0,    0,    0,    0,    0,    0,    0,    0,    0,    0,    0,    0,    0,    0,    0,    0,    0,    0,    0,    0,    0,    0,    0,    0,    0,    0,  -34,  -34,  -34,    0,    0,    0,    0,    0,    0,    0,    0,    0,    0,    0,  -34,    0,    0,    0,    0,    0,    0,    0,    0,    0,    0,    0,    0,    0,    0,    0,    0,    0,    0,    0,    0,    0,    0,    0,    0,    0,    0,    0,    0,    0,    0,  -34,    0,  -75,    0,    0,    0,  -61,    0,    0,    0,    0,    0,    0,    0,    0,    0,    0,    0,    0,    0,
       0,    0,    0,    0,    0,    0,    0,    0,    0,    0,    0,    0,    0,    0,    0,    0,    0,    0,    0,    0,    0,    0,    0,    0,    0,    0,    0,    0,    0,    0,    0,  -34,    0,    0,    0,    0,    0,    0,    0,    0,    0,    0,    0,    0,    0,    0,    0,    0,    0,    0,    0,    0,    0,    0,    0,    0,    0,    0,    0,    0,    0,    0,    0,    0,    0,    0,    0,    0,    0,    0,    0,    0,    0,    0,    0,   20,    0,    0,    0,    0,    0,    0,   20,   20,    0,    0,  -34,  -34,  -34,    0,    0,    0,    0,   20,    0,    0,    0,    0,    0,    0,  -34,    0,    0,    0,    0,    0,    0,    0,    0,    0,    0,    0,    0,    0,    0,    0,    0,    0,    0,    0,    0,    0,    0,    0,    0,    0,    0,    0,    0,    0,    0,  -78,    0,    0,    0,    0,    0,    0,    0,    0,    0,    0,    0,    0,    0,    0,    0,    0,    0,    0,    0,
       0,    0,    0,    0,    0,    0,    0,    0,    0,    0,    0,    0,    0,    0,    0,    0,    0,    0,    0,    0,    0,    0,    0,    0,    0,    0,    0,    0,    0,    0,    0,  -47,    0,    0,    0,    0,    0,    0,    0,    0,    0,    0,    0,    0,    0,    0,    0,    0,    0,    0,    0,    0,    0,    0,    0,    0,    0,    0,    0,    0,    0,    0,    0,    0,    0,    0,    0,    0,    0,    0,    0,    0,    0,    0,    0,    0,    0,    0,    0,    0,    0,    0,    0,    0,    0,    0,  -47,  -47,  -47,    0,    0,    0,    0,    0,    0,    0,    0,    0,    0,    0,  -47,    0,    0,    0,    0,    0,    0,    0,    0,    0,    0,    0,    0,    0,    0,    0,    0,    0,    0,    0,    0,    0,    0,    0,    0,    0,    0,    0,    0,    0,    0,    0,    0,    0,    0,    0,    0,    0,    0,    0,    0,    0,    0,    0,    0,    0,    0,    0,    0,    0,    0,
       0,    0,    0,    0,    0,    0,    0,    0,    0,    0,    0,    0,    0,    0,    0,    0,    0,    0,    0,    0,    0,    0,    0,    0,    0,    0,    0,    0,    0,    0,    0,    0,    0,    0,    0,    0,    0,    0,    0,    0,    0,    0,    0,    0,    0,    0,    0,    0,    0,    0,    0,    0,    0,    0,    0,    0,    0,    0,    0,    0,    0,    0,    0,    0,    0,    0,    0,    0,    0,    0,    0,    0,    0,    0,    0,   57,    0,    0,    0,    0,    0,    0,   61,   57,    0,    0,    0,    0,    0,    0,    0,    0,   44,   57,    0,    0,    0,    0,    0,    0,    0,    0,    0,    0,    0,    0,    0,    0,    0,    0,    0,    0,    0,    0,    0,    0,    0,    0,    0,    0,    0,    0,    0,    0,    0,    0,    0,    0,    0,    0,    0,    0,    0,    0,    0,    0,    0,    0,    0,    0,    0,    0,    0,    0,    0,    0,    0,    0,    0,    0,    0,
       0,    0,    0,    0,    0,    0,    0,    0,    0,    0,    0,    0,    0,    0,    0,   27,    0,    0,    0,    0,   54,    0,    0,    0,    0,    0,    0,    0,   37,    0,    0,   54,    0,   51,    0,    0,    0,   54,    0,    0,    0,    0,   24,   37,   37,   13,    0,   30,    0,    0,    0,    0,    0,    0,    0,    0,    0,    0,    0,    0,    0,    0,    0,    0,    0,    0,   19,    0,    0,    0,    0,    0,   57,   37,   57,   96,    0,    0,    0,    0,    0,   37,   96,   96,   57,    0,   54,   54,   54,    0,   81,   57,   30,   96,    0,    0,    0,    0,    0,    0,   54,    0,    0,   30,    0,   30,    0,    0,    0,    0,    0,    0,    0,    0,    0,    0,    0,    0,    0,    0,    0,    0,    0,    0,    0,    0,    0,    0,    0,    0,    0,    0,    0,    0,    0,    0,    0,    0,    0,    0,    0,    0,    0,    0,    0,    0,    0,    0,    0,    0,    0,
       0,    0,   -8,    0,    0,    0,    0,    0,    0,    0,    0,    0,    0,    0,    0,  -24,    0,    0,    0,    0,    0,    0,    0,    0,    0,    0,    0,    0,    0,    0,    0,  -73,    0,  -30,  -30,    0,  -53,    0,    0,    0,    0,    0,    0,    0,    0,    0,    0,    0,    0,  -10,    0,    0,    0,    0,    0,    0,    0,   -5,    0,    0,    0,    0,    0,    0,    0,    0,    0,    0,    0,    0,    0,    0,    0,    0,    0,    0,    0,    0,  -10,    0,    0,    0,    0,    0,    0,    0,  -73,  -73,  -73,    0,    0,    0,    0,    0,    0,    0,    0,    0,    0,    0,  -73,    0,    0,    0,    0,    0,    0,    0,    0,    0,    0,    0,    0,    0,    0,    0,    0,    0,    0,    0,    0,    0,    0,    0,    0,    0,    0,    0,    0,    0,  -53,  -27,  -14,    0,    0,    0,    0,    0,  -14,    0,    0,    0,    0,    0,    0,    0,    0,    0,    0,    0,    0,
       0,    0,  -11,    0,    0,    0,    0,   -7,    0,    0,    0,    0,    0,    0,    0,  -20,    0,    0,    0,    0,    0,    0,    0,    0,    0,    0,    0,  -20,    0,    0,    0,  -77,    0,  -35,  -30,  -17,  -62,    0,    0,    0,    6,    0,    0,    0,    0,    0,    0,    0,    0,  -11,   -9,  -13,  -11,    0,  -20,    0,    0,   -7,    0,    0,    0,    0,    0,    0,    0,    0,    0,    0,    0,    6,    6,    0,    0,    0,    0,    0,    0,    0,  -11,    6,    0,    0,    0,    0,    0,    0,  -77,  -77,  -77,    0,    0,    0,   27,    0,    0,    0,  -17,    0,    0,    0,  -77,    0,    0,    0,   -7,    0,    0,    0,    0,    0,    0,    0,    0,    0,    0,    0,    0,    0,    0,    0,    0,    0,    0,    0,    0,    0,    0,    0,    0,    0,  -62,  -38,  -13,    0,    0,    0,    0,    0,  -13,    0,    0,    0,    0,    0,    0,    0,    0,    0,    0,    0,    0,
       0,    0,   -8,    0,    0,    0,    0,    0,    0,    0,    0,    0,    0,    0,    0,  -24,    0,    0,    0,    0,    0,    0,    0,    0,    0,    0,    0,    0,    0,    0,    0,  -86,    0,  -30,  -30,    0,  -53,    0,    0,    0,    0,    0,    0,    0,    0,    0,    0,    0,    0,  -10,    0,    0,    0,    0,    0,    0,    0,   -5,    0,    0,    0,    0,    0,    0,    0,    0,    0,    0,    0,    0,    0,    0,    0,    0,    0,    0,    0,    0,  -10,    0,    0,    0,    0,    0,    0,    0,  -86,  -86,  -86,    0,    0,    0,    0,    0,    0,    0,    0,    0,    0,    0,  -86,    0,    0,    0,    0,    0,    0,    0,    0,    0,    0,    0,    0,    0,    0,    0,    0,    0,    0,    0,    0,    0,    0,    0,    0,    0,    0,    0,    0,    0,  -53,  -27,  -14,    0,    0,    0,    0,    0,  -14,    0,    0,    0,    0,    0,    0,    0,    0,    0,    0,    0,    0,
       0,    0,   20,    0,    0,    0,    3,   70,   34,    0,    0,    0,    0,    0,    0,   27,    0,    0,    0,    0,   27,    0,    0,    0,    0,    0,    0,    0,   20,    0,    0,   24,    0,    0,    0,    0,    0,    0,   34,    0,    0,    0,    0,   24,   20,   20,    0,    0,    0,    0,    0,    0,    0,    0,   24,    0,    0,   10,   34,    0,    0,    0,    0,    0,    0,    0,    0,    0,    0,    0,    0,    0,   24,   24,   44,   20,    0,    0,    0,    0,    0,   20,   20,   20,   20,    0,   24,   24,   24,    0,   20,   44,   27,   20,    0,    0,    0,    0,    0,    0,   24,    0,    0,    0,    0,    0,    0,    0,    0,    0,    0,    0,    0,    0,    0,    0,    0,    0,    0,    0,    0,    0,    0,    0,    0,    0,    0,    0,    0,    0,    0,   20,    0,    0,    0,    0,    0,    0,    0,    0,    0,    0,    0,    0,    0,    0,  -15,    0,    0,    0,    0,
       0,    0,    0,    0,    0,    0,    0,    0,    0,    0,    0,    0,    0,    0,    0,    0,    0,    0,    0,    0,    0,    0,    0,    0,    0,    0,    0,    0,   20,    0,    0,   20,    0,    0,    0,    0,    0,    0,    0,    0,    0,    0,    0,   20,   24,    0,    0,    0,    0,    0,    0,    0,    0,    0,    0,    0,    0,    0,    0,    0,    0,    0,    0,    0,    0,    0,    0,    0,    0,    0,    0,    0,   20,   20,   24,   24,    0,    0,    0,    0,    0,   24,   24,   24,   24,    0,   20,   20,   20,    0,   20,   20,   24,   24,    0,    0,    0,    0,    0,    0,   20,    0,    0,    0,    0,    0,    0,    0,    0,    0,    0,    0,    0,    0,    0,    0,    0,    0,    0,    0,    0,    0,    0,    0,    0,    0,    0,    0,    0,    0,    0,    0,    0,    0,    0,    0,    0,    0,    0,    0,    0,    0,    0,    0,    0,    0,    0,    0,    0,    0,    0,
       0,    0,    0,    0,    0,    0,    0,    0,    0,    0,    0,    0,    0,    0,    0,   27,    0,    0,    0,    0,   54,    0,    0,    0,    0,    0,    0,    0,   37,    0,    0,   54,    0,   51,    0,    0,    0,   54,    0,    0,    0,    0,   24,   61,   57,   13,    0,   30,    0,    0,    0,    0,    0,    0,    0,    0,    0,    0,    0,    0,    0,    0,    0,    0,    0,    0,   19,    0,    0,    0,    0,    0,   61,   61,   61,   96,    0,    0,    0,    0,    0,   37,   96,   96,   57,    0,   54,   54,   54,    0,   81,   61,   64,   96,    0,    0,    0,    0,    0,    0,   54,    0,    0,   30,    0,   30,    0,    0,    0,    0,    0,    0,    0,    0,    0,    0,    0,    0,    0,    0,    0,    0,    0,    0,    0,    0,    0,    0,    0,    0,    0,    0,    0,    0,    0,    0,    0,    0,    0,    0,    0,    0,    0,    0,    0,    0,    0,    0,    0,    0,    0,
       0,    0,    0,    0,    0,    0,    0,    0,    0,    0,    0,    0,    0,    0,    0,   27,    0,    0,    0,    0,   54,    0,    0,    0,    0,    0,    0,    0,   37,    0,    0,   54,    0,   51,    0,    0,    0,   54,    0,    0,    0,    0,   24,   61,   61,   13,    0,   30,    0,    0,    0,    0,    0,    0,    0,    0,    0,    0,    0,    0,    0,    0,    0,    0,    0,    0,   19,    0,    0,    0,    0,    0,   61,   61,   61,   96,    0,    0,    0,    0,    0,   37,   96,   96,   61,    0,   54,   54,   54,    0,   81,   61,   30,   96,    0,    0,    0,    0,    0,    0,   54,    0,    0,   30,    0,   30,    0,    0,    0,    0,    0,    0,    0,    0,    0,    0,    0,    0,    0,    0,    0,    0,    0,    0,    0,    0,    0,    0,    0,    0,    0,    0,    0,    0,    0,    0,    0,    0,    0,    0,    0,    0,    0,    0,    0,    0,    0,    0,    0,    0,    0,
       0,    0,    0,    0,    0,    0,    0,    0,    0,    0,    0,    0,    0,    0,    0,   27,    0,    0,    0,    0,   54,    0,    0,    0,    0,    0,    0,    0,   37,    0,    0,   54,    0,   51,    0,    0,    0,   54,    0,    0,    0,    0,   24,   61,   37,   13,    0,   30,    0,    0,    0,    0,    0,    0,    0,    0,    0,    0,    0,    0,    0,    0,    0,    0,    0,    0,   19,    0,    0,    0,    0,    0,   61,   61,   61,   96,    0,    0,    0,    0,    0,   37,   96,   96,   57,    0,   54,   54,   54,    0,   81,   61,   30,   96,    0,    0,    0,    0,    0,    0,   54,    0,    0,   30,    0,   30,    0,    0,    0,    0,    0,    0,    0,    0,    0,    0,    0,    0,    0,    0,    0,    0,    0,    0,    0,    0,    0,    0,    0,    0,    0,    0,    0,    0,    0,    0,    0,    0,    0,    0,    0,    0,    0,    0,    0,    0,    0,    0,    0,    0,    0,
       0,    0,    0,    0,    0,    0,    0,    0,    0,    0,    0,    0,    0,    0,    0,    0,    0,    0,    0,    0,    0,    0,    0,    0,    0,    0,    0,    0,    0,    0,    0,    0,    0,    0,    0,    0,    0,    0,    0,    0,    0,    0,    0,    0,    0,    0,    0,    0,    0,    0,    0,    0,    0,    0,    0,    0,    0,    0,    0,    0,    0,    0,    0,    0,    0,    0,    0,    0,    0,    0,    0,    0,    0,    0,    0,   57,    0,    0,    0,    0,    0,    0,   61,   57,    0,    0,    0,    0,    0,    0,    0,    0,   44,   61,    0,    0,    0,    0,    0,    0,    0,    0,    0,    0,    0,    0,    0,    0,    0,    0,    0,    0,    0,    0,    0,    0,    0,    0,    0,    0,    0,    0,    0,    0,    0,    0,    0,    0,    0,    0,    0,    0,    0,    0,    0,    0,    0,    0,    0,    0,    0,    0,    0,    0,    0,    0,    0,    0,    0,    0,    0,
       0,    0,  -54,    0,    0,    0,    0,    0, -105,  -73,    0,  -73,    0,    0,    0,  -27,    0,    0,    0,    0,    0,    0,    0,    0,    0,    0,  -17,    0,    0,  -17,    0,  -56,    0,  -45,  -15,    0,  -41,    0, -105,    0,    0,    0,    0,    0,    0,    0,    0,  -13,    0,  -41,    0,    0,    0,  -70,  -58,  -38,  -73,  -48, -105,    0,    0,  -49,  -73,    0,    0,    0,    0,    0,  -20,    0,    0,    0,    0,    0,    0,    0,    0,    0,  -41,    0,    0,    0,    0,    0,    0,    0,  -56,  -56,  -56,    0,    0,    0,    0,    0,    0,    0,    0,    0,  -17,    0,  -56,    0,    0,  -13,  -78,  -13,    0,    0,    0,    0,    0,    0,    0,    0,    0,    0,    0,    0,    0,    0,    0,    0,    0,    0,    0,    0,    0,    0,    0,    0,  -62,  -51,  -45,    0,  -27,  -27,  -20,    0,  -85,    0,    0,    0,    0,    0,    0,    0,    0,    0,    0,    0,    0,
       0,    0,    0,    0,    0,    0,    0,    7,    0,    0,    0,    0,    0,    0,    0,    0,    0,    0,    0,    0,    0,    0,    0,    0,    0,    0,    0,    0,    0,    0,    0,    0,    0,    0,    0,    0,    0,    0,    0,    7,    0,    0,    0,    0,    0,    0,    0,    9,    0,    5,    0,    0,    0,    0,    0,    0,    0,    0,    0,    0,    0,    0,    0,    0,    0,    0,    0,   20,    0,    0,    0,    0,    0,    0,    0,   37,    0,    0,    5,    0,   21,    0,   37,   37,    0,    0,    0,    0,    0,    0,    0,    0,   44,   37,    0,    0,    0,    0,    0,    0,    0,    0,    0,    9,    0,    9,    0,    0,    0,    0,    0,    0,    0,    0,    0,    0,    0,    0,    0,    0,    0,    0,    0,    0,    0,    0,    0,    0,    0,    0,    0,    0,    0,    0,    0,    0,    0,    0,    0,    0,    0,    0,    0,    0,    0,    0,    0,    0,    0,    0,    0,
       0,    0,  -54,    0,    0,    0,    0,    0, -102,  -66,    0,  -66,    0,    0,    0,  -27,    0,    0,    0,    0,    0,    0,    0,    0,    0,    0,  -17,    0,    0,  -17,    0,  -56,    0,  -45,  -15,    0,  -41,    0,  -78,    0,    0,    0,    0,    0,    0,    0,    0,  -13,    0,  -41,    0,    0,    0,  -65,  -58,  -38,  -66,  -48, -105,    0,    0,  -49,  -66,    0,    0,    0,    0,    0,  -20,    0,    0,    0,    0,    0,    0,    0,    0,    0,  -41,    0,    0,    0,    0,    0,    0,    0,  -56,  -56,  -56,    0,    0,    0,    0,    0,    0,    0,    0,    0,  -17,    0,  -56,    0,    0,  -13,  -78,  -13,    0,    0,    0,    0,    0,    0,    0,    0,    0,    0,    0,    0,    0,    0,    0,    0,    0,    0,    0,    0,    0,    0,    0,    0,  -62,  -51,  -45,    0,  -27,  -27,  -20,    0,  -85,    0,    0,    0,    0,    0,    0,    0,    0,    0,    0,    0,    0,
       0,    0,    0,    0,    0,    0,    0,    0,    0,    0,    0,    0,    0,    0,    0,    0,    0,    0,    0,    0,    0,    0,    0,    0,    0,    0,    0,    0,    0,    0,    0,    0,    0,    0,    0,    0,  -20,    0,    0,    0,    0,    0,    0,    0,    0,    0,    0,    0,    0,    0,    0,    0,    0,    0,    0,    0,    0,    0,    0,    0,    0,    0,    0,    0,    0,    0,    0,    0,    0,    0,    0,    0,    0,    0,    0,    0,    0,    0,    0,    0,    0,    0,    0,    0,    0,    0,    0,    0,    0,    0,    0,    0,    0,    0,    0,    0,    0,    0,    0,    0,    0,    0,    0,    0,    0,    0,    0,    0,    0,    0,    0,    0,    0,    0,    0,    0,    0,    0,    0,    0,    0,    0,    0,    0,    0,    0,    0,    0,    0,    0,  -20,    0,    0,    0,    0,    0,    0,    0,    0,    0,    0,    0,    0,    0,    0,    0,    0,    0,    0,    0,    0,
       0,    0,    0,    0,    0,    0,    0,    7,    0,    0,    0,    0,    0,    0,    0,    0,    0,    0,    0,    0,    0,    0,    0,    0,    0,    0,    0,    0,    0,    0,    0,    0,    0,    0,    0,    0,    0,    0,    0,    7,    0,    0,    0,    0,    0,    0,    0,    9,    0,    5,    0,    0,    0,    0,    0,    0,    0,    0,    0,    0,    0,    0,    0,    0,    0,    0,    0,   20,    0,    0,    0,    0,    0,    0,    0,   37,    0,    0,    5,    0,   20,    0,   37,   37,    0,    0,    0,    0,    0,    0,    0,    0,   20,   37,    0,    0,    0,    0,    0,    0,    0,    0,    0,    9,    0,    9,    0,    0,    0,    0,    0,    0,    0,    0,    0,    0,    0,    0,    0,    0,    0,    0,    0,    0,    0,    0,    0,    0,    0,    0,    0,    0,    0,    0,    0,    0,    0,    0,    0,    0,    0,    0,    0,    0,    0,    0,    0,    0,    0,    0,    0,
       0,    0,  -54,    0,    0,    0,    0,    0,  -98,  -44,    0,  -74,    0,    0,    0,  -27,    0,    0,    0,    0,    0,    0,    0,    0,    0,    0,  -17,    0,    0,  -17,    0,  -56,    0,  -45,  -15,    0,  -62,    0,  -98,    0,    0,    0,    0,    0,    0,    0,    0,  -13,    0,  -41,    0,    0,    0,  -67,  -58,  -38, -122,  -48,  -98,    0,    0,  -49,  -81,    0,    0,    0,    0,    0,  -20,    0,    0,    0,    0,    0,    0,    0,    0,    0,  -41,    0,    0,    0,    0,    0,    0,    0,  -56,  -56,  -56,    0,    0,    0,    0,    0,    0,    0,    0,    0,  -17,    0,  -56,    0,    0,  -13,  -78,  -13,    0,    0,    0,    0,    0,    0,    0,    0,    0,    0,    0,    0,    0,    0,    0,    0,    0,    0,    0,    0,    0,    0,    0,    0,  -62,  -51,  -65,    0,  -27,  -27,  -20,    0,  -65,    0,    0,    0,    0,    0,    0,    0,    0,    0,    0,    0,    0,
       0,    0,    0,    0,   -2,  -20,    0,    0,    0,  -56,  -20,  -56,  -20,  -78,  -20,    0,    0,    0,  -41,    0,  -47,    0,  -20,  -47,  -20,    0,  -19,  -52,    0,  -19,  -54,    0,    0,    0,    0,    0,    8,    0,    0,  -34,  -44,  -47,    0,    0,    0,  -34,  -44,  -61,  -73,  -38,  -38,  -57,  -50,  -56,    0,  -78,  -56,    0,    0,    0,  -73,    0,  -56,    0,  -30,    0,    0,    0,  -20,  -68,  -68,  -77,    0,    0,    0,   54,  -77,  -73,  -58,  -44,    0,    0,   54,   54,    0,  -47,    0,    0,    0,  -73,    0,    0,   82,   54,  -82,  -82,    0,    0,  -19,    0,    0,    0,    0,  -61,  -32,  -61,  -44,    0,    0,    0,    0,    0,    0,    0,    0,    0,    0,    0,    0,    0,    0,    0,    0,    0,    0,    0,    0,    0,    0,    0,    8,    0,    0,  -71,    0,    0,  -20,  -71,    0,    0,    0,    0,    0,    0,    0,    0,  -48,    0,    0,    0,    0,
       0,    0,    0,    0,   -2,  -20,    0,    0,    0,  -56,  -20,  -56,  -20,  -78,  -20,    0,    0,    0,  -41,    0,  -47,    0,  -20,  -47,  -20,    0,  -19,  -52,    0,  -19,  -54,    0,    0,    0,    0,    0,    8,    0,    0,  -34,  -44,  -47,    0,    0,    0,  -34,  -44,  -61,  -44,  -38,  -38,  -25,  -27,  -56,    0,  -78,  -56,    0,    0,    0, -105,    0,  -56,    0,  -30,    0,    0,    0,  -20,  -68,  -68,  -77,    0,    0,    0,   54,  -77,  -75,  -58,  -44,    0,    0,   54,   54,    0,  -47,    0,    0,    0,  -68,    0,    0,   82,   54,  -82,  -82,    0,    0,  -19,    0,    0,    0,    0,  -61,  -32,  -61,  -44,    0,    0,    0,    0,    0,    0,    0,    0,    0,    0,    0,    0,    0,    0,    0,    0,    0,    0,    0,    0,    0,    0,    0,    8,    0,    0,  -71,    0,    0,  -20,  -71,    0,    0,    0,    0,    0,    0,    0,    0,  -48,    0,    0,    0,    0,
       0,    0,    0,    0,   -2,  -20,    0,    0,    0,  -35,  -20,  -35,  -20,  -78,  -20,    0,    0,    0,  -41,    0,  -47,    0,  -20,  -47,  -20,    0,  -19,  -86,    0,  -19, -126,    0,    0,    0,    0,    0,    8,    0,    0,  -34,  -44,  -47,    0,    0,    0,  -34,  -44,  -61,  -44,  -38,  -38,  -25,  -27,  -35,    0,  -78,  -35,    0,    0,    0, -105,    0,  -83,    0,  -30,    0,    0,    0,  -20,  -68,  -68,  -77,    0,    0,    0,   54,  -77,  -75,  -58,  -44,    0,    0,   54,   54,    0,  -47,    0,    0,    0,  -68,    0,    0,   82,   54,  -82,  -82,    0,    0,  -19,    0,    0,    0,    0,  -61,  -32,  -61,  -44,    0,    0,    0,    0,    0,    0,    0,    0,    0,    0,    0,    0,    0,    0,    0,    0,    0,    0,    0,    0,    0,    0,    0,    8,    0,    0,  -71,    0,    0,  -20,  -71,    0,    0,    0,    0,    0,    0,    0,    0,  -76,    0,    0,    0,    0,
       0,    0,    0,    0,    0,    0,    0,    0,    0,    0,    0,    0,    0,    0,    0,    0,    0,    0,    0,    0,    0,    0,    0,    0,    0,    0,    0,    0,    0,    0,    0,    0,    0,    0,    0,    0,    0,    0,    0,    0,  -37,  -40,  -22,    0,    0,  -37,  -37,  -22,  -37,  -36,  -35,  -36,  -37,    0,    0,    0,    0,    0,    0,    0,  -37,    0,    0,    0,    0,    0,    0,    0,    0,  -37,  -37,  -40,    0,    0,    0,    0,  -40,  -37,  -36,  -37,    0,    0,    0,    0,    0,  -40,    0,    0,    0,  -37,    0,    0,    0,    0,    0,    0,    0,    0,    0,    0,    0,    0,    0,  -22,    0,  -22,  -37,    0,    0,    0,    0,    0,    0,    0,    0,    0,    0,    0,    0,    0,    0,    0,    0,    0,    0,    0,    0,    0,    0,    0,    0,    0,    0,    0,    0,    0,    0,    0,    0,    0,    0,    0,    0,    0,    0,    0,    0,    0,    0,    0,    0,
       0,    0,    0,    0,    0,    0,    0,    0,    0,    0,  -26,    0,  -26,    0,    0,    0,    0,    0,    0,    0,    0,    0,    0,    0,    0,    0,    0,  -22,    0,    0,    0,    0,    0,    0,    0,    0,    0,    0,    0,    0,    0,    0,    0,    0,    0,    0,    0,    0,    0,    0,    0,    0,    0,    0,    0,    0,    0,    0,    0,    0,    0,    0,    0,    0,    0,    0,    0,    0,    0,    0,    0,    0,    0,    0,    0,    0,    0,    0,    0,    0,    0,    0,    0,    0,    0,    0,    0,    0,    0,    0,    0,    0,    0,    0,    0,    0,    0,    0,    0,    0,    0,    0,    0,    0,    0,    0,    0,    0,    0,    0,    0,    0,    0,    0,    0,    0,    0,    0,    0,    0,    0,    0,    0,    0,    0,    0,    0,    0,    0,    0,    0,    0,    0,    0,    0,    0,    0,  -26,    0,    0,    0,    0,    0,    0,    0,    0,    0,    0,    0,    0,    0,
       0,    0,    0,    0,    0,    0,    3,    9,    0,    0,  -27,    0,  -27,    0,    0,    0,    0,    0,    0,    0,    0,    0,    0,    0,    0,    0,    0,    0,    0,    0,    0,    0,    0,    0,    0,    0,    0,    0,    0,    0,    0,    0,    0,    0,    0,    0,    0,    0,    0,    0,    0,    0,    0,    0,    0,    0,    0,    0,    0,    0,    0,    0,    0,    0,    0,    0,    0,    0,    0,    0,    0,    0,    0,    0,    0,    0,    0,    0,    0,    0,    0,    0,    0,    0,    0,    0,    0,    0,    0,    0,    0,    0,    0,    0,    0,    0,    0,    0,    0,    0,    0,    0,    0,    0,    0,    0,    0,    0,    0,    0,    0,    0,    0,    0,    0,    0,    0,    0,    0,    0,    0,    0,    0,    0,    0,    0,    0,    0,    0,    0,    0,    0,    0,    0,    0,    0,    0,  -27,    0,    0,    0,    0,    0,    0,    0,    0,    0,    0,    0,    0,    0,
       0,    0,    0,    0,    0,    0,    0,    0,    0,    0,    0,    0,    0,    0,    0,    0,    0,    0,    0,    0,    0,    0,    0,    0,    0,    0,    0,    0,    0,    0,    0,   28,    0,    0,    0,    0,    0,    0,    0,    0,    0,    0,    0,    0,    0,    0,    0,    0,    0,    0,    0,    0,    0,    0,    0,    0,    0,    0,    0,    0,    0,    0,    0,    0,    0,    0,    0,    0,    0,    0,    0,    0,    0,    0,    0,    0,    0,    0,    0,    0,    0,    0,    0,    0,    0,    0,   28,   28,   28,    0,    0,    0,    0,    0,    0,    0,    0,    0,    0,    0,   28,    0,    0,    0,    0,    0,    0,    0,    0,    0,    0,    0,    0,    0,    0,    0,    0,    0,    0,    0,    0,    0,    0,    0,    0,    0,    0,    0,    0,    0,    0,    0,    0,    0,    0,    0,    0,    0,    0,    0,    0,    0,    0,    0,    0,    0,    0,    0,    0,    0,    0,
       0,    0,    0,    0,    0,    0,    0,    0,    0,    0,    0,    0,    0,    0,    0,    0,    0,    0,    0,    0,    0,    0,    0,    0,    0,    0,    0,    0,    0,    0,    0,    0,    0,    0,    0,    0,    0,    0,    0,    0,    0,  -29,    0,    0,    0,    0,    0,   18,    0,   10,    0,    0,    0,    0,    0,    0,    0,    0,    0,    0,    0,    0,    0,    0,    0,    0,    0,    0,    0,    0,    0,  -29,    0,    0,    0,    0,  -29,    0,   10,    0,    0,    0,    0,    0,    0,  -29,    0,    0,    0,    0,    0,    0,    0,    0,    0,    0,    0,    0,    0,    0,    0,    0,    0,   18,    0,   18,    0,    0,    0,    0,    0,    0,    0,    0,    0,    0,    0,    0,    0,    0,    0,    0,    0,    0,    0,    0,    0,    0,    0,    0,    0,    0,    0,    0,    0,    0,    0,    0,    0,    0,    0,    0,    0,    0,    0,    0,    0,    0,    0,    0,    0,
       0,    0,    0,    0,    0,    0,    0,    0,    0,    0,    0,    0,    0,    0,    0,    0,    0,    0,    0,    0,    0,    0,    0,    0,    0,    0,    0,    0,    0,    0,    0,  -44,    0,    0,    0,    0,    0,    0,    0,    0,    0,  -11,    0,    0,    0,    0,    0,    0,    0,    0,    0,    0,    0,    0,    0,    0,    0,    0,    0,    0,    0,    0,    0,    0,    0,    0,    0,    0,    0,    0,    0,  -11,    0,    0,    0,    0,  -11,    0,    0,    0,    0,    0,    0,    0,    0,  -11,  -44,  -44,  -44,    0,    0,    0,    0,    0,    0,    0,    0,    0,    0,    0,  -44,    0,    0,    0,    0,    0,    0,    0,    0,    0,    0,    0,    0,    0,    0,    0,    0,    0,    0,    0,    0,    0,    0,    0,    0,    0,    0,    0,    0,    0,    0,    0,    0,    0,    0,    0,    0,    0,    0,    0,    0,    0,    0,    0,    0,    0,    0,    0,    0,    0,    0,
       0,    0,    0,    0,    0,    0,    0,    0,    0,    0,    0,    0,    0,    0,    0,    0,    0,    0,    0,    0,    0,    0,    0,    0,    0,    0,    0,    0,    0,    0,    0,    0,    0,    0,    0,    0,    0,    0,    0,    0,    0,    0,    0,    0,    0,    0,    0,    0,    0,    0,    0,    0,    0,    0,    0,    0,    0,    0,    0,    0,    0,    0,    0,    0,    0,    0,    0,    0,    0,    0,    0,    0,    0,    0,    0,   57,    0,    0,    0,    0,    0,    0,   57,   57,    0,    0,    0,    0,    0,    0,    0,    0,   54,   57,    0,    0,    0,    0,    0,    0,    0,    0,    0,    0,    0,    0,    0,    0,    0,    0,    0,    0,    0,    0,    0,    0,    0,    0,    0,    0,    0,    0,    0,    0,    0,    0,    0,    0,    0,    0,    0,    0,    0,    0,    0,    0,    0,    0,    0,    0,    0,    0,    0,    0,    0,    0,    0,    0,    0,    0,    0,
       0,    0,    0,    0,    0,    0,    0,    0,    0,    0,    0,    0,    0,    0,    0,    0,    0,    0,    0,    0,    0,    0,    0,    0,    0,    0,    0,    0,    0,    0,    0,    0,    0,    0,    0,    0,    0,    0,    0,    0,    0,    0,    0,    0,    0,    0,    0,    0,    0,    0,    0,    0,    0,    0,    0,    0,    0,    0,    0,    0,    0,    0,    0,    0,    0,    0,    0,    0,    0,    0,    0,    0,    0,    0,    0,    0,    0,    0,    0,    0,    0,    0,    0,    0,    0,    0,    0,    0,    0,    0,    0,    0,   20,    0,    0,    0,    0,    0,    0,    0,    0,    0,    0,    0,    0,    0,    0,    0,    0,    0,    0,    0,    0,    0,    0,    0,    0,    0,    0,    0,    0,    0,    0,    0,    0,    0,    0,    0,    0,    0,    0,    0,    0,    0,    0,    0,    0,    0,    0,    0,    0,    0,    0,    0,    0,    0,    0,    0,    0,    0,    0,
       0,    0,    0,    0,    0,    0,    0,    0,    0,  -23,    0,  -23,    0,  -20,    0,    0,    0,    0,    0,    0,    0,    0,    0,  -24,    0,    0,    0,    0,    0,    0,    0,  -58,    0,    0,    0,    0,  -34,    0,    0,  -20,    0,    0,    0,    0,    0,    0,    0,    0,    0,    0,    0,    0,    0,  -23,    0,    0,  -43,    0,    0,    0,    0,    0,  -23,    0,    0,    0,    0,    0,    0,    0,    0,    0,    0,    0,    0,    0,    0,    0,    0,    0,    7,    0,    0,    0,    0,    0,  -58,  -58,  -58,    0,    0,    0,    0,    0,    0,    0,    0,    0,    0,    0,  -58,    0,    0,    0,    0,    0,    0,    0,    0,    0,    0,    0,    0,    0,    0,    0,    0,    0,    0,    0,    0,    0,    0,    0,    0,    0,    0,    0,    0,    0,  -34,  -24,    8,    0,    0,    0,    0,    0,    8,    0,    0,    0,    0,    0,    0,    0,  -24,    0,    0,    0,    0,
       0,    0,    0,    0,    0,    0,    0,    0,    0,    0,    0,    0,    0,    0,    0,    0,    0,    0,    0,    0,    0,    0,    0,    0,    0,    0,    0,    0,    0,    0,    0,    0,    0,    0,    0,    0,    0,    0,    0,    0,    0,    0,    0,    0,    0,    0,    0,    0,    0,    0,    0,    0,    0,    0,    0,    0,    0,    0,    0,    0,    0,    0,    0,    0,    0,    0,    0,    0,    0,    0,    0,    0,    0,    0,    0,   19,    0,    0,    0,    0,    0,    0,   19,   19,    0,    0,    0,    0,    0,    0,    0,    0,   44,   19,    0,    0,    0,    0,    0,    0,    0,    0,    0,    0,    0,    0,    0,    0,    0,    0,    0,    0,    0,    0,    0,    0,    0,    0,    0,    0,    0,    0,    0,    0,    0,    0,    0,    0,    0,    0,    0,    0,    0,    0,    0,    0,    0,    0,    0,    0,    0,    0,    0,    0,    0,    0,    0,    0,    0,    0,    0,
       0,    0,    0,    0,    0,    0,    0,    0,    0,    0,    0,    0,    0,    0,    0,    0,    0,    0,    0,    0,    0,    0,    0,    0,    0,    0,    0,    0,    0,    0,    0,    0,    0,    0,    0,    0,    0,    0,    0,    0,    0,    0,    0,    0,    0,    0,    0,    0,    0,    0,    0,    0,    0,    0,    0,    0,    0,    0,    0,    0,    0,    0,    0,    0,    0,    0,    0,    0,    0,    0,    0,    0,    0,    0,    0,   57,    0,    0,    0,    0,    0,    0,   57,   57,    0,    0,    0,    0,    0,    0,    0,    0,   51,   57,    0,    0,    0,    0,    0,    0,    0,    0,    0,    0,    0,    0,    0,    0,    0,    0,    0,    0,    0,    0,    0,    0,    0,    0,    0,    0,    0,    0,    0,    0,    0,    0,    0,    0,    0,    0,    0,    0,    0,    0,    0,    0,    0,    0,    0,    0,    0,    0,    0,    0,    0,    0,    0,    0,    0,    0,    0,
       0,    0,    0,    0,    0,    0,    0,    0,    0,    0,    0,    0,    0,    0,    0,   27,    0,    0,    0,    0,   54,    0,    0,    0,    0,    0,    0,    0,   37,    0,    0,   54,    0,   51,    0,    0,    0,   54,    0,    0,    0,    0,   24,   57,   61,   13,    0,   30,    0,    0,    0,    0,    0,    0,    0,    0,    0,    0,    0,    0,    0,    0,    0,    0,    0,    0,   19,    0,    0,    0,    0,    0,   57,   57,   57,   96,    0,    0,    0,    0,    0,   37,   96,   96,   61,    0,   54,   54,   54,    0,   81,   57,   58,  120,    0,    0,    0,    0,    0,    0,   54,    0,    0,   30,    0,   30,    0,    0,    0,    0,    0,    0,    0,    0,    0,    0,    0,    0,    0,    0,    0,    0,    0,    0,    0,    0,    0,    0,    0,    0,    0,    0,    0,    0,    0,    0,    0,    0,    0,    0,    0,    0,    0,    0,    0,    0,    0,    0,    0,    0,    0,
       0,    0,    0,    0,    0,    0,    0,    0,    0,    0,  -27,    0,  -27,    0,    0,    0,    0,    0,    0,    0,    0,    0,    0,    0,    0,    0,    0,    0,    0,    0,    0,    0,    0,    0,    0,    0,    0,    0,    0,    0,    0,    0,    0,    0,    0,    0,    0,    0,    0,    0,    0,    0,    0,    0,    0,    0,    0,    0,    0,    0,    0,    0,    0,    0,    0,    0,    0,    0,    0,    0,    0,    0,    0,    0,    0,    0,    0,    0,    0,    0,    0,    0,    0,    0,    0,    0,    0,    0,    0,    0,    0,    0,    0,    0,    0,    0,    0,    0,    0,    0,    0,    0,    0,    0,    0,    0,    0,    0,    0,    0,    0,    0,    0,    0,    0,    0,    0,    0,    0,    0,    0,    0,    0,    0,    0,    0,    0,    0,    0,    0,    0,    0,    0,    0,    0,    0,    0,  -27,    0,    0,    0,    0,    0,    0,    0,    0,    0,    0,    0,    0,    0,
       0,    0,    0,    0,    0,    0,    0,    0,    0,    0,    0,    0,    0,    0,    0,    0,    0,    0,    0,    0,    0,    0,    0,    0,    0,    0,    0,    0,    0,    0,    0,  -31,    0,    0,    0,    0,    0,    0,    0,   38,    0,    0,    0,    0,    0,    0,    0,    0,    0,    0,    0,    0,    0,    0,    0,    0,    0,    0,    0,    0,    0,    0,    0,    0,    0,    0,    0,    0,    0,    0,    0,    0,    0,    0,    0,    0,    0,    0,    0,    0,    0,    0,    0,    0,    0,    0,  -31,  -31,  -31,    0,    0,    0,    0,    0,   13,   13,    0,    0,    0,    0,  -31,    0,    0,    0,    0,    0,    0,    0,    0,    0,    0,    0,    0,    0,    0,    0,    0,    0,    0,    0,    0,    0,    0,    0,    0,    0,    0,    0,    0,    0,    0,    0,    0,    0,    0,    0,    0,    0,    0,    0,    0,    0,    0,    0,    0,    0,    0,    0,    0,    0,    0,
       0,    0,    0,    0,   -7,    0,    0,    0,    0,  -74,    0,  -74,    0,    0,  -22,    0,    0,  -13,  -24,    0,    0,  -13,    0,  -30,  -30,    0,  -28,    0,    0,  -28,    0,  -24,    0,    0,    0,    0,    0,    0,    0,    0,  -34,  -17,    0,    0,    0,    0,    0,    0,    0,    0,    0,    0,    0,  -74,    0,  -54,  -74,   -4,    0,    0,    0,    0,  -74,    0,    0,    0,    0,    0,  -27,  -34,  -34,  -17,    0,    0,    0,    0,  -17,    0,    0,  -34,    0,    0,    0,    0,    0,  -17,  -24,  -24,  -24,    0,    0,    0,   51,    0,    0,    0,    0,  -13,  -58,  -20,  -24,    0,    0,  -38,  -50,    0,    0,    0,    0,    0,    0,    0,    0,    0,    0,    0,    0,    0,    0,    0,    0,    0,    0,    0,    0,    0,    0,    0,    0,    0,    0,    0,    0,    0,    0,    0,  -27,    0,    0,    0,    0,    0,    0,    0,    0,    0,    0,    0,  -20,    0,    0,
       0,    0,    0,    0,    0,    0,    0,    0,    0,    0,  -26,    0,  -26,  -24,    0,    0,    0,    0,    0,    0,    0,    0,    0,    0,    0,    0,    0,  -24,    0,    0,    0,  -19,    0,  -23,  -10,  -28,  -24,    0,    0,  -24,    0,    0,    0,    0,    0,    0,    0,    0,    0,    0,    0,    0,    0,    0,    0,    0,    0,   -3,    0,    0,    0,    0,    0,    0,    0,    0,    0,    0,    0,    0,    0,    0,    0,    0,    0,    0,    0,    0,    0,    0,    0,    0,    0,    0,    0,    0,  -19,  -19,  -19,    0,    0,    0,   10,    0,    0,    0,  -58,    0,    0,    0,  -39,    0,    0,    0,    0,    0,    0,    0,    0,    0,    0,    0,    0,    0,    0,    0,    0,    0,    0,    0,    0,    0,    0,    0,    0,    0,    0,    0,    0,    0,  -24,  -20,    0,  -54,    0,    0,    0,  -26,    0,    0,    0,    0,    0,    0,    0,  -23,  -60,    0,    0,    0,    0,
       0,    0,    0,    0,    0,    0,    0,    0,    0,    0,  -27,    0,  -27,    0,    0,    0,    0,    0,    0,    0,    0,    0,    0,    0,    0,    0,    0,    0,    0,    0,    0,    0,    0,    0,    0,    0,    0,    0,    0,  -24,    0,    0,    0,    0,    0,    0,    0,    0,    0,    0,    0,    0,    0,    0,    0,    0,    0,    0,    0,    0,    0,    0,    0,    0,    0,    0,    0,    0,    0,    0,    0,    0,    0,    0,    0,    0,    0,    0,    0,    0,    0,    0,    0,    0,    0,    0,    0,    0,    0,    0,    0,    0,    0,    0,    0,    0,    0,    0,    0,    0,    0,    0,    0,    0,    0,    0,    0,    0,    0,    0,    0,    0,    0,    0,    0,    0,    0,    0,    0,    0,    0,    0,    0,    0,    0,    0,    0,    0,    0,    0,    0,    0,    0,  -20,    0,    0,    0,  -27,    0,    0,    0,    0,    0,    0,    0,    0,    0,    0,    0,    0,    0,
       0,    0,  -20,    0,    0,    0,    0,    0,  -20,  -20,   11,  -20,   11,    0,   -9,    0,    0,    0,   -9,    0,    0,   -6,    0,    0,    0,    0,    0,    0,    0,    0,    0,    0,    0,    0,    0,    0,    0,    0,  -20,    0,    0,  -11,  -18,    0,    0,    0,    0,  -18,    0,  -16,  -18,    0,    0,  -20,    0,    0,  -20,    0,  -20,    0,    0,  -18,  -20,    0,    0,    0,    0,    0,    0,    0,    0,  -11,    0,    0,    0,    0,  -11,    0,  -16,    0,    0,    0,    0,    0,    0,  -11,    0,    0,    0,    0,    0,    0,    0,    0,    0,    0,    0,    0,    0,    0,    0,    0,    0,  -18,  -19,  -18,    0,    0,    0,    0,    0,    0,    0,    0,    0,    0,    0,    0,    0,    0,    0,    0,    0,    0,    0,    0,    0,    0,    0,    0,    0,    0,  -20,    0,    0,    0,    0,   11,  -20,    0,    0,    0,    0,    0,    0,    0,    0,    0,    0,    0,    0,
       0,    0,    0,    0,    0,    0,    0,    0,    0,  -23,  -75,  -23,  -75,  -19,    0,    0,    0,    0,    0,    0,    0,    0,    0,  -24,    0,    0,    0,  -24,    9,    0,  -34,  -34,    0,    0,    0,    0,    0,  -20,    0,    0,   -6,  -13,   11,    4,    9,    6,    0,   11,    0,    9,    5,    9,    0,  -23,    0,    0,  -43,    0,    0,    0,    0,    0,  -23,    0,    0,    0,    0,    0,    0,   -6,   -6,  -13,    4,    4,    4,   13,  -13,    0,    9,   -6,    0,    9,   13,   13,    9,  -13,  -34,  -34,  -34,    0,    9,    4,   18,   13,    0,    0,    0,    0,    0,    0,  -34,  -10,  -10,   11,    0,   11,    0,    0,    0,    0,    0,    0,    0,    0,    0,    0,    0,    0,    0,    0,    0,    0,    0,    0,    0,    0,    0,    0,    0,    0,    0,  -24,   10,  -92,    0,    0,    0,  -75,   10,    0,    0,    0,    0,    0,    0,    0,  -20,    0,    0,    0,    0,
       0,    0,    0,    0,    0,    0,    0,  -17,    0,    0,    0,    0,    0,    0,    0,    0,    0,    0,    0,    0,    0,    0,    0,    0,    0,    0,    0,    0,    0,    0,    0,  -62,    0,  -62,    0,  -17, -102,    0,    0,    0,    0,    0,    0,    0,    0,    0,    0,  -14,    0,  -20,  -17,  -12,    0,    0,  -31,    0,    0,    0,    0,    0,    0,    0,    0,    0,    0,    0,    0,    0,    0,    0,    0,    0,    0,    0,    0,    0,    0,    0,  -20,    0,    0,    0,    0,    0,    0,    0,  -62,  -62,  -62,    0,    0,    0,    0,    0,    0,    0,  -17,    0,    0,    0,  -62,    0,    0,  -14,    0,  -64,    0,    0,    0,    0,    0,    0,    0,    0,    0,    0,    0,    0,    0,    0,    0,    0,    0,    0,    0,    0,    0,    0,    0,    0, -102,  -42,    0,    0,    0,    0,    0,    0,    0,    0,    0,    0,    0,    0,    0,    0,    0,    0,    0,    0,    0,
       0,    0,    0,    0,    0,    0,    0,    0,    0,    0,    0,    0,    0,    0,    0,    0,    0,    0,    0,    0,    0,    0,    0,    0,    0,    0,    0,    0,    0,    0,    0,    0,    0,    0,    0,    0,    0,    0,    0,    0,    0,    0,    0,    0,    0,    0,    0,    0,    0,    0,    0,    0,    0,    0,    0,    0,    0,    0,    0,    0,    0,    0,    0,    0,    0,    0,    0,    0,    0,    0,    0,    0,    0,    0,    0,    0,    0,    0,    0,    0,    0,    0,    0,    0,    0,    0,    0,    0,    0,    0,    0,    0,    0,    0,    0,    0,    0,    0,    0,    0,    0,    0,    0,    0,    0,    0,    0,    0,    0,    0,    0,    0,    0,    0,    0,  -12,    0,   -7,   -1,    0,    0,    0,    0,    0,  -12,    0,   -6,    0,  -12,    0,    0,    0,    0,    0,    0,    0,    0,    0,    0,    0,    0,    0,    0,    0,    0,    0,    0,    0,    0,    0,    0,
       0,    0,    0,    0,    0,    0,    0,    0,    0,    0,    0,    0,    0,    0,    0,    0,    0,    0,    0,    0,    0,    0,    0,    0,    0,    0,    0,    0,    0,    0,    0,    0,    0,    0,    0,    0,    0,    0,    0,    0,    0,    0,    0,    0,    0,    0,    0,    0,    0,    0,    0,    0,    0,    0,    0,    0,    0,    0,    0,    0,    0,    0,    0,    0,    0,    0,    0,    0,    0,    0,    0,    0,    0,    0,    0,    0,    0,    0,    0,    0,    0,    0,    0,    0,    0,    0,    0,    0,    0,    0,    0,    0,    0,    0,    0,    0,    0,    0,    0,    0,    0,    0,    0,    0,    0,    0,    0,    0,    0,    0,   -3,    0,    0,    0,    0,    0,   -4,    0,    0,    0,    0,  -15,    0,    0,  -15,    0,    0,   -6,    0,    0,    0,    0,    0,    0,    0,    0,    0,    0,    0,    0,    0,    0,    0,    0,    0,    0,    0,    0,    0,    0,    0,
       0,    0,    0,    0,    0,    0,    0,    0,    0,    0,    0,    0,    0,    0,    0,    0,    0,    0,    0,    0,    0,    0,    0,    0,    0,    0,    0,    0,    0,    0,    0,    0,    0,    0,    0,    0,    0,    0,    0,    0,    0,    0,    0,    0,    0,    0,    0,    0,    0,    0,    0,    0,    0,    0,    0,    0,    0,    0,    0,    0,    0,    0,    0,    0,    0,    0,    0,    0,    0,    0,    0,    0,    0,    0,    0,    0,    0,    0,    0,    0,    0,    0,    0,    0,    0,    0,    0,    0,    0,    0,    0,    0,    0,    0,    0,    0,    0,    0,    0,    0,    0,    0,    0,    0,    0,    0,    0,    0,    5,    0,    0,    0,    0,    0,   -4,  -15,    0,   -3,   -7,    0,   -9,    0,    0,    0,   -6,    0,    0,    0,    0,    0,    0,    0,    0,    0,    0,    0,    0,    0,    0,    0,    0,    0,    0,    0,    0,    0,    0,    0,    0,    0,    0,
       0,    0,    0,    0,    0,    0,    0,    0,    0,    0,    0,    0,    0,    0,    0,    0,    0,    0,    0,    0,    0,    0,    0,    0,    0,    0,    0,    0,    0,    0,    0,    0,    0,    0,    0,    0,    0,    0,    0,    0,    0,    0,    0,    0,    0,    0,    0,    0,    0,    0,    0,    0,    0,    0,    0,    0,    0,    0,    0,    0,    0,    0,    0,    0,    0,    0,    0,    0,    0,    0,    0,    0,    0,    0,    0,    0,    0,    0,    0,    0,    0,    0,    0,    0,    0,    0,    0,    0,    0,    0,    0,    0,    0,    0,    0,    0,    0,    0,    0,    0,    0,    0,    0,    0,    0,    0,    0,    0,  -24,    0,    0,  -12,    0,    0,   -4,    0,  -30,  -19,    0,   -6,   -3,  -15,    0,  -30,  -19,    0,    0,  -19,    0,    0,    0,    0,    0,    0,    0,    0,    0,    0,    0,    0,    0,    0,    0,    0,    0,    0,    0,    0,    0,    0,    0,
       0,    0,    0,    0,    0,    0,    0,    0,    0,    0,    0,    0,    0,    0,    0,    0,    0,    0,    0,    0,    0,    0,    0,    0,    0,    0,    0,    0,    0,    0,    0,    0,    0,    0,    0,    0,    0,    0,    0,    0,    0,    0,    0,    0,    0,    0,    0,    0,    0,    0,    0,    0,    0,    0,    0,    0,    0,    0,    0,    0,    0,    0,    0,    0,    0,    0,    0,    0,    0,    0,    0,    0,    0,    0,    0,    0,    0,    0,    0,    0,    0,    0,    0,    0,    0,    0,    0,    0,    0,    0,    0,    0,    0,    0,    0,    0,    0,    0,    0,    0,    0,    0,    0,    0,    0,    0,    0,    0,   -7,    0,    0,    0,    0,    0,   -7,    0,    0,    0,    0,   -6,    0,   -9,    0,    0,  -12,    0,    0,  -13,    0,    0,    0,    0,    0,    0,    0,    0,    0,    0,    0,    0,    0,    0,    0,    0,    0,    0,    0,    0,    0,    0,    0,
       0,    0,    0,    0,    0,    0,    0,    0,    0,    0,    0,    0,    0,    0,    0,    0,    0,    0,    0,    0,    0,    0,    0,    0,    0,    0,    0,    0,    0,    0,    0,    0,    0,    0,    0,    0,    0,    0,    0,    0,    0,    0,    0,    0,    0,    0,    0,    0,    0,    0,    0,    0,    0,    0,    0,    0,    0,    0,    0,    0,    0,    0,    0,    0,    0,    0,    0,    0,    0,    0,    0,    0,    0,    0,    0,    0,    0,    0,    0,    0,    0,    0,    0,    0,    0,    0,    0,    0,    0,    0,    0,    0,    0,    0,    0,    0,    0,    0,    0,    0,    0,    0,    0,    0,    0,    0,    0,    0,   -4,    0,    0,    0,    0,    0,    0,    0,    0,    0,    0,    0,    0,    0,    0,    0,    0,    0,    0,    0,    0,    0,    0,    0,    0,    0,    0,    0,    0,    0,    0,    0,    0,    0,    0,    0,    0,    0,    0,    0,    0,    0,    0,
       0,    0,    0,    0,    0,    0,    0,    0,    0,    0,    0,    0,    0,    0,    0,    0,    0,    0,    0,    0,    0,    0,    0,    0,    0,    0,    0,    0,    0,    0,    0,    0,    0,    0,    0,    0,    0,    0,    0,    0,    0,    0,    0,    0,    0,    0,    0,    0,    0,    0,    0,    0,    0,    0,    0,    0,    0,    0,    0,    0,    0,    0,    0,    0,    0,    0,    0,    0,    0,    0,    0,    0,    0,    0,    0,    0,    0,    0,    0,    0,    0,    0,    0,    0,    0,    0,    0,    0,    0,    0,    0,    0,    0,    0,    0,    0,    0,    0,    0,    0,    0,    0,    0,    0,    0,    0,    0,    0,    0,    0,   -3,    0,    0,    0,  -12,    0,  -22,   -1,    0,    0,    0,    0,    0,  -13,   -9,   -4,   -4,   -3,    0,    0,    0,    0,    0,    0,    0,    0,    0,    0,    0,    0,    0,    0,    0,    0,    0,    0,    0,    0,    0,    0,    0,
       0,    0,    0,    0,    0,    0,    0,    0,    0,    0,    0,    0,    0,    0,    0,    0,    0,    0,    0,    0,    0,    0,    0,    0,    0,    0,    0,    0,    0,    0,    0,    0,    0,    0,    0,    0,    0,    0,    0,    0,    0,    0,    0,    0,    0,    0,    0,    0,    0,    0,    0,    0,    0,    0,    0,    0,    0,    0,    0,    0,    0,    0,    0,    0,    0,    0,    0,    0,    0,    0,    0,    0,    0,    0,    0,    0,    0,    0,    0,    0,    0,    0,    0,    0,    0,    0,    0,    0,    0,    0,    0,    0,    0,    0,    0,    0,    0,    0,    0,    0,    0,    0,    0,    0,    0,    0,    0,    0,  -35,    0,    0,  -12,    0,   -9,   -9,    0,    0,   -9,    0,  -18,   -9,   -9,    0,    0,  -13,    0,    0,  -12,    0,  -12,    0,    0,    0,    0,    0,    0,    0,    0,    0,    0,    0,    0,    0,    0,    0,    0,    0,    0,    0,    0,    0,
       0,    0,    0,    0,    0,    0,    0,    0,    0,    0,    0,    0,    0,    0,    0,    0,    0,    0,    0,    0,    0,    0,    0,    0,    0,    0,    0,    0,    0,    0,    0,    0,    0,    0,    0,    0,    0,    0,    0,    0,    0,    0,    0,    0,    0,    0,    0,    0,    0,    0,    0,    0,    0,    0,    0,    0,    0,    0,    0,    0,    0,    0,    0,    0,    0,    0,    0,    0,    0,    0,    0,    0,    0,    0,    0,    0,    0,    0,    0,    0,    0,    0,    0,    0,    0,    0,    0,    0,    0,    0,    0,    0,    0,    0,    0,    0,    0,    0,    0,    0,    0,    0,    0,    0,    0,    0,    0,    0,    0,    0,    0,    0,    0,    0,   -4,    0,    0,   -3,    0,    0,   -7,   -7,    0,  -13,  -13,    0,    0,    0,    0,    0,    0,    0,    0,    0,    0,    0,    0,    0,    0,    0,    0,    0,    0,    0,    0,    0,    0,    0,    0,    0,    0,
       0,    0,    0,    0,    0,    0,    0,    0,    0,    0,    0,    0,    0,    0,    0,    0,    0,    0,    0,    0,    0,    0,    0,    0,    0,    0,    0,    0,    0,    0,    0,    0,    0,    0,    0,    0,    0,    0,    0,    0,    0,    0,    0,    0,    0,    0,    0,    0,    0,    0,    0,    0,    0,    0,    0,    0,    0,    0,    0,    0,    0,    0,    0,    0,    0,    0,    0,    0,    0,    0,    0,    0,    0,    0,    0,    0,    0,    0,    0,    0,    0,    0,    0,    0,    0,    0,    0,    0,    0,    0,    0,    0,    0,    0,    0,    0,    0,    0,    0,    0,    0,    0,    0,    0,    0,    0,    0,    0,  -24,   -4,    0,    0,    0,    0,   -4,    0,  -18,  -13,    0,    0,    0,   -4,    0,  -27,   -7,    0,    0,    0,    5,   -1,    0,    0,    0,    0,    0,    0,    0,    0,    0,    0,    0,    0,    0,    0,    0,    0,    0,    0,    0,    0,    0,
       0,    0,    0,    0,    0,    0,    0,    0,    0,    0,    0,    0,    0,    0,    0,    0,    0,    0,    0,    0,    0,    0,    0,    0,    0,    0,    0,    0,    0,    0,    0,    0,    0,    0,    0,    0,    0,    0,    0,    0,    0,    0,    0,    0,    0,    0,    0,    0,    0,    0,    0,    0,    0,    0,    0,    0,    0,    0,    0,    0,    0,    0,    0,    0,    0,    0,    0,    0,    0,    0,    0,    0,    0,    0,    0,    0,    0,    0,    0,    0,    0,    0,    0,    0,    0,    0,    0,    0,    0,    0,    0,    0,    0,    0,    0,    0,    0,    0,    0,    0,    0,    0,    0,    0,    0,    0,    0,    0,    0,    0,    0,    0,    0,    0,    0,    0,    0,  -12,    0,   -3,  -12,  -14,    0,    0,  -16,    0,    0,    0,    0,    0,    0,    0,    0,    0,    0,    0,    0,    0,    0,    0,    0,    0,    0,    0,    0,    0,    0,    0,    0,    0,    0,
       0,    0,    0,    0,    0,    0,    0,    0,    0,    0,    0,    0,    0,    0,    0,    0,    0,    0,    0,    0,    0,    0,    0,    0,    0,    0,    0,    0,    0,    0,    0,    0,    0,    0,    0,    0,    0,    0,    0,    0,    0,    0,    0,    0,    0,    0,    0,    0,    0,    0,    0,    0,    0,    0,    0,    0,    0,    0,    0,    0,    0,    0,    0,    0,    0,    0,    0,    0,    0,    0,    0,    0,    0,    0,    0,    0,    0,    0,    0,    0,    0,    0,    0,    0,    0,    0,    0,    0,    0,    0,    0,    0,    0,    0,    0,    0,    0,    0,    0,    0,    0,    0,    0,    0,    0,    0,    0,    0,    0,    0,    0,    0,    0,    0,   -7,  -10,    0,   -6,    0,    0,    0,    0,    0,    0,    0,    0,    0,    0,    0,    0,    0,    0,    0,    0,    0,    0,    0,    0,    0,    0,    0,    0,    0,    0,    0,    0,    0,    0,    0,    0,    0,
       0,    0,    0,    0,    0,    0,    0,    0,    0,    0,    0,    0,    0,    0,    0,    0,    0,    0,    0,    0,    0,    0,    0,    0,    0,    0,    0,    0,    0,    0,    0,    0,    0,    0,    0,    0,    0,    0,    0,    0,    0,    0,    0,    0,    0,    0,    0,    0,    0,    0,    0,    0,    0,    0,    0,    0,    0,    0,    0,    0,    0,    0,    0,    0,    0,    0,    0,    0,    0,    0,    0,    0,    0,    0,    0,    0,    0,    0,    0,    0,    0,    0,    0,    0,    0,    0,    0,    0,    0,    0,    0,    0,    0,    0,    0,    0,    0,    0,    0,    0,    0,    0,    0,    0,    0,    0,    0,    0,    0,    0,    0,    0,    0,    0,   -4,    0,  -18,    0,   -4,    0,    0,   -4,    0,   -7,   -3,    0,    0,  -13,    0,    0,    0,    0,    0,    0,    0,    0,    0,    0,    0,    0,    0,    0,    0,    0,    0,    0,    0,    0,    0,    0,    0,
       0,    0,    0,    0,    0,    0,    0,    0,    0,    0,    0,    0,    0,    0,    0,    0,    0,    0,    0,    0,    0,    0,    0,    0,    0,    0,    0,    0,    0,    0,    0,    0,    0,    0,    0,    0,    0,    0,    0,    0,    0,    0,    0,    0,    0,    0,    0,    0,    0,    0,    0,    0,    0,    0,    0,    0,    0,    0,    0,    0,    0,    0,    0,    0,    0,    0,    0,    0,    0,    0,    0,    0,    0,    0,    0,    0,    0,    0,    0,    0,    0,    0,    0,    0,    0,    0,    0,    0,    0,    0,    0,    0,    0,    0,    0,    0,    0,    0,    0,    0,    0,    0,    0,    0,    0,    0,    0,    0,    0,    0,    0,    0,    0,    0,   -9,    0,    0,    0,    0,    0,    0,   -6,    0,    0,    0,    0,    0,    0,    0,    0,    0,    0,    0,    0,    0,    0,    0,    0,    0,    0,    0,    0,    0,    0,    0,    0,    0,    0,    0,    0,    0,
       0,    0,    0,    0,    0,    0,    0,    0,    0,    0,    0,    0,    0,    0,    0,    0,    0,    0,    0,    0,    0,    0,    0,    0,    0,    0,    0,    0,    0,    0,    0,    0,    0,    0,    0,    0,    0,    0,    0,    0,    0,    0,    0,    0,    0,    0,    0,    0,    0,    0,    0,    0,    0,    0,    0,    0,    0,    0,    0,    0,    0,    0,    0,    0,    0,    0,    0,    0,    0,    0,    0,    0,    0,    0,    0,    0,    0,    0,    0,    0,    0,    0,    0,    0,    0,    0,    0,    0,    0,    0,    0,    0,    0,    0,    0,    0,    0,    0,    0,    0,    0,    0,    0,    0,    0,    0,    0,    0,    0,    0,    0,    0,    0,    0,    0,    0,   -9,  -12,   -9,    0,    0,   -9,    0,  -21,   -4,    0,    0,    0,   -9,    0,    0,    0,    0,    0,    0,    0,    0,    0,    0,    0,    0,    0,    0,    0,    0,    0,    0,    0,    0,    0,    0,
       0,    0,    0,    0,    0,    0,    0,    0,    0,    0,    0,    0,    0,    0,    0,    0,    0,    0,    0,    0,    0,    0,    0,    0,    0,    0,    0,    0,    0,    0,    0,    0,    0,    0,    0,    0,    0,    0,    0,    0,    0,    0,    0,    0,    0,    0,    0,    0,    0,    0,    0,    0,    0,    0,    0,    0,    0,    0,    0,    0,    0,    0,    0,    0,    0,    0,    0,    0,    0,    0,    0,    0,    0,    0,    0,    0,    0,    0,    0,    0,    0,    0,    0,    0,    0,    0,    0,    0,    0,    0,    0,    0,    0,    0,    0,    0,    0,    0,    0,    0,    0,    0,    0,    0,    0,    0,    0,   -3,   -6,    0,   -4,    0,    0,    0,    0,  -12,    0,    0,    0,   -6,    0,  -15,    0,    0,  -13,    0,    0,    0,    0,    0,    0,    0,    0,    0,    0,    0,    0,    0,    0,    0,    0,    0,    0,    0,    0,    0,    0,    0,    0,    0,    0,
       0,    0,    0,    0,    0,    0,    0,    0,    0,    0,    0,    0,    0,    0,    0,    0,    0,    0,    0,    0,    0,    0,    0,    0,    0,    0,    0,    0,    0,    0,    0,    0,    0,    0,    0,    0,    0,    0,    0,    0,    0,    0,    0,    0,    0,    0,    0,    0,    0,    0,    0,    0,    0,    0,    0,    0,    0,    0,    0,    0,    0,    0,    0,    0,    0,    0,    0,    0,    0,    0,    0,    0,    0,    0,    0,    0,    0,    0,    0,    0,    0,    0,    0,    0,    0,    0,    0,    0,    0,    0,    0,    0,    0,    0,    0,    0,    0,    0,    0,    0,    0,    0,    0,    0,    0,    0,    0,    0,  -24,    0,    0,    0,    0,    0,  -12,    0,  -18,   -4,    0,    0,   -9,  -13,    0,  -18,  -13,    0,    0,  -12,    0,  -14,    0,    0,    0,    0,    0,    0,    0,    0,    0,    0,    0,    0,    0,    0,    0,    0,    0,    0,    0,    0,    0,
       0,    0,    0,    0,    0,    0,    0,    0,    0,    0,    0,    0,    0,    0,    0,    0,    0,    0,    0,    0,    0,    0,    0,    0,    0,    0,    0,    0,    0,    0,    0,    0,    0,    0,    0,    0,    0,    0,    0,    0,    0,    0,    0,    0,    0,    0,    0,    0,    0,    0,    0,    0,    0,    0,    0,    0,    0,    0,    0,    0,    0,    0,    0,    0,    0,    0,    0,    0,    0,    0,    0,    0,    0,    0,    0,    0,    0,    0,    0,    0,    0,    0,    0,    0,    0,    0,    0,    0,    0,    0,    0,    0,    0,    0,    0,    0,    0,    0,    0,    0,    0,    0,    0,    0,    0,    0,    0,    0,  -16,    0,    0,    0,    0,    0,   -4,    0,    0,  -16,    0,   -9,    0,  -13,    0,    0,   -9,    0,    0,   -9,    0,    0,    0,    0,    0,    0,    0,    0,    0,    0,    0,    0,    0,    0,    0,    0,    0,    0,    0,    0,    0,    0,    0,
       0,    0,    0,    0,    0,    0,    0,    0,    0,    0,    0,    0,    0,    0,    0,    0,    0,    0,    0,    0,    0,    0,    0,    0,    0,    0,    0,    0,    0,    0,    0,    0,    0,    0,    0,    0,    0,    0,    0,    0,    0,    0,    0,    0,    0,    0,    0,    0,    0,    0,    0,    0,    0,    0,    0,    0,    0,    0,    0,    0,    0,    0,    0,    0,    0,    0,    0,    0,    0,    0,    0,    0,    0,    0,    0,    0,    0,    0,    0,    0,    0,    0,    0,    0,    0,    0,    0,    0,    0,    0,    0,    0,    0,    0,    0,    0,    0,    0,    0,    0,    0,    0,    0,    0,    0,    0,    0,    0,    0,    0,  -28,    0,  -30,    0,    0,  -10,    0,   -4,   -4,    0,  -22,  -24,  -24,    0,   -6,    0,    0,    0,  -12,    0,    0,    0,    0,    0,    0,    0,    0,    0,    0,    0,    0,    0,    0,    0,    0,    0,    0,    0,    0,    0,    0,
       0,    0,    0,    0,    0,    0,    0,    0,    0,    0,    0,    0,    0,    0,    0,    0,    0,    0,    0,    0,    0,    0,    0,    0,    0,    0,    0,    0,    0,    0,    0,    0,    0,    0,    0,    0,    0,    0,    0,    0,    0,    0,    0,    0,    0,    0,    0,    0,    0,    0,    0,    0,    0,    0,    0,    0,    0,    0,    0,    0,    0,    0,    0,    0,    0,    0,    0,    0,    0,    0,    0,    0,    0,    0,    0,   37,    0,    0,    0,    0,    0,    0,   57,   37,    0,    0,    0,    0,    0,    0,    0,    0,   44,   57,    0,    0,    0,    0,    0,    0,    0,    0,    0,    0,    0,    0,    0,    0,    0,    0,    0,    0,    0,    0,    0,    0,    0,    0,    0,    0,    0,    0,    0,    0,    0,    0,    0,    0,    0,    0,    0,    0,    0,    0,    0,    0,    0,    0,    0,    0,    0,    0,    0,    0,    0,    0,    0,    0,    0,    0,    0,
       0,    0,    0,    0,    0,    0,    0,    0,    0,    0,  -20,    0,  -20,    0,    0,    0,    0,    0,    0,    0,    0,    0,    0,    0,    0,    0,    0,    0,    0,    0,    0,    0,    0,    0,    0,    0,    0,    0,    0,    0,    0,    0,    0,    0,    0,    0,    0,    0,    0,    0,    0,    0,    0,    0,    0,    0,    0,    0,    0,    0,    0,    0,    0,    0,    0,    0,    0,    0,    0,    0,    0,    0,    0,    0,    0,    0,    0,    0,    0,    0,    0,    0,    0,    0,    0,    0,    0,    0,    0,    0,    0,    0,   24,    0,    0,    0,    0,    0,    0,    0,    0,    0,    0,    0,    0,    0,    0,    0,    0,    0,    0,    0,    0,    0,    0,    0,    0,    0,    0,    0,    0,    0,    0,    0,    0,    0,    0,    0,    0,    0,    0,    0,    0,    0,    0,    0,    0,  -20,    0,    0,    0,    0,    0,    0,    0,    0,    0,    0,    0,    0,    0,
       0,    0,    0,    0,    0,  -38,    0,    0,    0,  -41,  -53,  -41,  -53,    0,    0,    0,    0,    0,  -41,    0,    0,    0,  -38,  -61,  -58,    0,  -24,  -46,    0,  -24,  -20,    8,    0,    0,    0,    0,    0,    0,    0,    0,  -55,  -59,    0,  -14,    0,  -23,  -41,    0,  -24,    0,    0,    0,    0,  -41,    0,  -54,  -72,   -5,    0,    0,  -24,    0,  -72,    0,  -38,    0,    0,    0,  -51,  -96,  -85,  -59,  -14,  -34,  -14,    0,  -59,  -24,    0, -100,    0,    0,    0,    0,    0,  -93,    8,    8,    8,  -24,    0,  -14,   51,    0,    0,    0,    0,    0,  -24,    0,    8,    0,    0,    0,  -29,    0,  -41,    0,    0,    0,    0,    0,    0,    0,    0,    0,    0,    0,    0,    0,    0,    0,    0,    0,    0,    0,    0,    0,    0,    0,    0,    0,    0,  -65,    0,    0,  -24,  -53,    0,    0,    0,    0,    0,    0,    0,  -98, -110,    0,    0,    0,  -20,
       0,    0,    0,    0,    0,  -38,    0,    0,    0,    0,  -60,    0,  -60,  -58,    0,    0,    0,    0,  -38,    0,    0,    0,    0,    0,    0,    0,    0,  -58,    0,    0,  -88,    0,    0,    0,    0,    0,    0,    0,    0,    0,    0,  -23,    0,    0,    0,    0,  -11,    0,    0,    0,    0,    0,    0,    0,    0,    0,    0,    0,    0,    0,    0,    0,    0,    0,    0,  -38,    0,    0,    0,    0,    0,  -23,    0,    0,    0,    0,  -23,    0,    0,    0,    0,    0,    0,    0,    0,  -23,    0,    0,    0,    0,    0,    0,    0,    0,  -38,  -68,    0,    0,    0,    0,    0,  -85,  -51,    0,    0,    0,  -11,    0,    0,    0,    0,    0,    0,    0,    0,    0,    0,    0,    0,    0,    0,    0,    0,    0,    0,    0,    0,    0,    0,    0,    0,    0,    0,  -51,    0,    0,    0,  -60,    0,    0,    0,    0,    0,    0,    0,    0,    0,    0,    0,    0,    0,
       0,    0,    0,  -75,    0,  -41,    0,    0,    0,  -34,  -71,  -34,  -71,  -85,  -27,    0,    0,    0,  -58,    0,  -38,  -24,  -34,  -58,  -34,    0,  -34,  -82,    0,  -34,  -75,    0,    0,    0,    0,    0,    0,    0,    0,  -24,  -34,  -38,    0,    0,    0,  -16,  -43,    6,  -24,    6,    0,    0,    0,  -61,    0,  -51,  -34,    0,    0,    0,  -51,   -7,  -34,    0,    0,  -41,    0,    0,    0,  -34,  -34,  -38,    0,    0,    0,    0,  -38,  -24,    6,  -34,    0,    0,    0,    0,    0,  -38,    0,    0,    0,  -24,    0,    0,    0,    0,  -30,  -54,    0,    0,  -34,    0,    0,  -71,  -38,    6,    0,    6,  -63,    0,    0,    0,    0,    0,    0,    0,    0,    0,    0,    0,    0,    0,    0,    0,    0,    0,    0,    0,    0,    0,    0,    0,    0,    0,    0,    0,    0,    0,    0,  -71,    0,    0,    0,    0,    0,    0,    0,    0,    0,    0,    0,    0,    0,
       0,    0,    0,    0,    0,    0,    0,    0,    0,    0,    0,    0,    0,    0,    0,  -41,    0,    0,    0,    0,    0,    0,    0,    0,    0,    0,  -22,    0,    0,  -22,    0,  -58,    0,  -54,  -38,    0,  -65,    0,    0,    0,  -20,    0,    0,    0,    0,    0,    0,    0,    0,  -30,    0,    0,    0,    0,    0,    0,    0,    0,    0,    0,    0,    0,    0,    0,    0,    0,    0,    0,    0,  -20,  -20,    0,    0,    0,    0,    0,    0,    0,  -30,  -20,    0,    0,    0,    0,    0,    0,  -58,  -58,  -58,    0,    0,    0,    0,    0,   30,   30,    0,    0,  -22,  -38,  -88,   38,   38,  -30,    0,    0,    0,    0,    0,    0,    0,    0,    0,    0,    0,    0,    0,    0,    0,    0,    0,    0,    0,    0,    0,    0,    0,    0,    0,    0,  -65,  -75,  -58,    0,    0,    0,    0,    0,  -58,    0,    0,    0,    0,    0,    0,    0,    0,    0,    0,    0,    0,
       0,    0,    0,    0,    0,    0,    0,    0,    0,    0,    0,    0,    0,    0,    0,    0,    0,    0,    0,    0,    0,    0,    0,    0,    0,    0,    0,  -20,    0,    0,    0,  -20,    0,  -24,    0,  -27,  -27,    0,    0,    0,    0,    0,    0,    0,    0,    0,    0,    0,    0,    0,    0,    0,    0,    0,    0,    0,    0,    0,    0,    0,    0,    0,    0,    0,    0,    0,    0,    0,    0,    0,    0,    0,    0,    0,    0,    0,    0,    0,    0,    0,    0,    0,    0,    0,    0,    0,  -20,  -20,  -20,    0,    0,    0,    0,    0,    0,    0,  -27,    0,    0,    0,  -64,    0,    0,    0,    0,    0,    0,    0,    0,    0,    0,    0,    0,    0,    0,    0,    0,    0,    0,    0,    0,    0,    0,    0,    0,    0,    0,    0,    0,    0,  -27,    0,    0,    0,    0,    0,    0,    0,    0,    0,    0,    0,    0,    0,    0,    0,    0,    0,    0,  -20,    0,
     -12,   -5,  -56,    0,    0,    0,    0,    0,    0,    0,    0,    0,    0,    0,  -17,  -53,    0,  -15,    0,   -6,  -13,  -16,    0,    0,    0,  -53,  -26,    0,    0,  -26,    0,  -20,    0,    0,    0,    0,  -33,    0,    0,    0,    0,    0,    0,    0,    0,    0,    0,    0,    0,    0,    0,    0,    0,    0,    0,    0,    0,    0,    0,    0,    0,  -30,    0,    0,    0,    0,    0,    0,    0,    0,    0,    0,    0,    0,    0,    0,    0,    0,    0,    0,    0,    0,    0,    0,    0,    0,  -20,  -20,  -20,    0,    0,    0,    0,    0,    0,    0,    0,  -15,  -26,    0,  -20,    0,    0,    0,  -19,    0,    0,    0,    0,    0,    0,    0,    0,    0,    0,    0,    0,    0,    0,    0,    0,    0,    0,    0,    0,    0,    0,    0,    0,    0,  -53,    0,  -49,    0,  -82, -109,    0,    0,  -49,    0,    0,    0,    0,    0,    0,    0,    0,    0,    0,    0,    0,
       0,    0,    0,    0,    0,    0,    0,    0,    0,    0,    0,    0,    0,    0,    0,    0,    0,    0,    0,    0,    0,    0,    0,    0,    0,    0,    0,    0,    0,    0,    0,    0,    0,    0,    0,    0,    0,    0,    0,    0,    0,    0,    0,    0,    0,    0,    0,    0,    0,    0,    0,    0,    0,    0,    0,    0,    0,    0,    0,    0,    0,    0,    0,    0,    0,    0,    0,    0,    0,    0,    0,    0,    0,    0,    0,    0,    0,    0,    0,    0,    0,    0,    0,    0,    0,    0,    0,    0,    0,    0,    0,    0,    0,    0,    0,    0,    0,    0,    0,    0,    0,    0,    0,    0,    0,    0,    0,    0,    0,    0,    0,    0,    0,    0,    0,    0,    0,    0,    0,    0,    0,    0,    0,    0,    0,    0,    0,    0,    0,    0,    0,    0,    0,    0,    0,    0,    0,    0,    0,    0,    0,    0,    0,   13,    0,    0,    0,    0,    0,    0,    0,
       0,    0,    0,    0,    0,    0,    0,    0,    0,    0,    0,    0,    0,    0,    0,    0,    0,    0,    0,    0,    0,    0,    0,    0,    0,    0,    0,    0,    0,    0,    0,    0,    0,    0,    0,    0,    0,    0,    0,    0,    0,    0,    0,    0,    0,    0,    0,    0,    0,    0,    0,    0,    0,    0,    0,    0,    0,    0,    0,    0,    0,    0,    0,   -4,    0,    0,    0,    0,    0,    0,    0,    0,    0,    0,    0,    0,    0,    0,    0,    0,    0,    0,    0,    0,    0,    0,    0,    0,    0,    0,    0,    0,    0,    0,    0,    0,    0,    0,    0,    0,    0,    0,    0,    0,    0,    0,    0,    0,    0,    0,    0,    0,    0,    0,    0,    0,    0,    0,    0,    0,    0,    0,    0,    0,    0,    0,    0,    0,    0,    0,    0,    0,    0,    0,    0,    0,    0,    0,    0,    0,    0,   -9,    0,    0,    0,    0,    0,    0,    0,    0,    0,
       0,    0,    0,    0,    0,    0,    0,    0,    0,    0,    0,    0,    0,    0,    0,    0,    0,    0,    0,    0,    0,    0,    0,    0,    0,    0,    0,    0,    0,    0,    0,    0,    0,    0,    0,    0,    0,    0,    0,    0,    0,    0,    0,    0,    0,    0,    0,    0,    0,    0,    0,    0,    0,    0,    0,    0,    0,    0,    0,    0,    0,    0,    0,    0,    0,    0,    0,    0,    0,    0,    0,    0,    0,    0,    0,    0,    0,    0,    0,    0,    0,    0,    0,    0,    0,    0,    0,    0,    0,    0,    0,    0,    0,    0,    0,    0,    0,    0,    0,    0,    0,    0,    0,    0,    0,    0,    0,    0,    0,    0,    0,    0,    0,    0,    0,    0,    0,    0,    0,    0,    0,    0,    0,    0,    0,    0,    0,    0,    0,    0,    0,    0,    0,    0,    0,    0,    0,    0,    0,    0,  -30,    8,   -4,    0,  -20,    0,    0,    0,    0,    0,    0,
       0,    0,    0,    0,    0,    0,    0,    0,    0,    0,    0,    0,    0,    0,    0,    0,    0,    0,    0,    0,    0,    0,    0,    0,    0,    0,    0,    0,    0,    0,    0,    0,    0,    0,    0,    0,    0,    0,    0,    0,    0,    0,    0,    0,    0,    0,    0,    0,    0,    0,    0,    0,    0,    0,    0,    0,    0,    0,    0,  -10,    0,    0,    0,    0,    0,    0,    0,    0,    0,    0,    0,    0,    0,    0,    0,    0,    0,    0,    0,    0,    0,    0,    0,    0,    0,    0,    0,    0,    0,    0,    0,    0,    0,    0,    0,    0,    0,    0,    0,    0,    0,    0,    0,    0,    0,    0,    0,    0,    0,    0,    0,    0,    0,    0,    0,    0,    0,    0,    0,    0,    0,    0,    0,    0,    0,    0,    0,    0,    0,    0,    0,    0,    0,    0,    0,    0,    0,    0,    0,    0,    0,  -11,    0,    0,    0,    0,    0,    0,    0,    0,    0,
       0,    0,    0,    0,    0,    0,    0,    0,    0,    0,    0,    0,    0,    0,    0,    0,    0,    0,    0,    0,    0,    0,    0,    0,    0,    0,    0,    0,    0,    0,    0,    0,    0,    0,    0,    0,    0,    0,    0,    0,    0,    0,    0,    0,    0,    0,    0,    0,    0,    0,    0,    0,    0,    0,    0,    0,    0,    0,    0,    0,    0,    0,    0,    0,    0,    0,    0,    0,    0,    0,    0,    0,    0,    0,    0,    0,    0,    0,    0,    0,    0,    0,    0,    0,    0,    0,    0,    0,    0,    0,    0,    0,    0,    0,    0,    0,    0,    0,    0,    0,    0,    0,    0,    0,    0,    0,    0,    0,    0,    0,    0,    0,    0,    0,    0,    0,    0,    0,    0,    0,    0,    0,    0,    0,    0,    0,    0,    0,    0,    0,    0,    0,    0,    0,    0,    0,    0,    0,    0,    0,    0,    0,    0,    0,    5,    0,    0,    0,    0,    0,    0,
       0,    0,    0,    0,    0,    0,    0,    0,    0,    0,    0,    0,    0,    0,    0,  -35,    0,    0,    0,    0,    0,    0,    0,    0,    0,    0,  -23,    0,    0,  -23,    0,  -48,    0,  -79,  -55,    0,  -98,    0,    0,    0,    0,    0,    0,    0,    0,    0,    0,    0,    0,  -20,    0,    0,    0,    0,    0,    0,    0,    0,    0,    0,    0,    0,    0,    0,    0,    0,    0,    0,    0,    0,    0,    0,    0,    0,    0,    0,    0,    0,  -20,    0,    0,    0,    0,    0,    0,    0,  -48,  -48,  -76,    0,    0,    0,    0,    0,    0,    0,    0,    0,  -23,  -15,  -61,    0,    0,    0,    0,    0,    0,    0,    0,    0,    0,    0,    0,    0,    0,    0,    0,    0,    0,    0,    0,    0,    0,    0,    0,    0,    0,    0,    0,    0,  -98,    0,    0,    0,    0,    0,    0,    0,    0,    0,    0,    0,    0,    0,    0,    0,  -16,   -9,    0,    0,    0,
       0,    0,    0,    0,    0,    0,    0,    0,    0,    0,    0,    0,    0,    0,    0,    0,    0,    0,    0,    0,    0,    0,    0,    0,    0,    0,    0,    0,    0,    0,    0,    0,    0,    0,    0,    0,    0,    0,    0,    0,    0,    0,    0,    0,    0,    0,    0,    0,    0,    0,    0,    0,    0,    0,    0,    0,    0,    0,    0,    0,    0,    0,    0,    0,    0,    0,    0,    0,    0,    0,    0,    0,    0,    0,    0,    0,    0,    0,    0,    0,    0,    0,    0,    0,    0,    0,    0,    0,    0,    0,    0,    0,    0,    0,    0,    0,    0,    0,    0,    0,    0,    0,    0,    0,    0,    0,    0,    0,    0,    0,    0,    0,    0,    0,    0,    0,    0,    0,    0,    0,    0,    0,    0,    0,    0,    0,    0,    0,    0,    0,    0,    0,    0,    0,    0,    0,    0,    0,    0,    0,    0,    0,    0,    0,    0,   -9,    0,    0,    0,    0,    0,
       0,    0,    0,    0,    0,    0,    0,    0,    0,    0,    0,    0,    0,    0,    0,    0,    0,    0,    0,    0,    0,    0,    0,    0,    0,    0,    0,    0,    0,    0,    0,    0,    0,    0,    0,    0,    0,    0,    0,    0,    0,    0,    0,    0,    0,    0,    0,    0,    0,    0,    0,    0,    0,    0,    0,    0,    0,    0,    0,    0,    0,    0,    0,    0,    0,    0,    0,    0,    0,    0,    0,    0,    0,    0,    0,    0,    0,    0,    0,    0,    0,    0,    0,    0,    0,    0,    0,    0,    0,    0,    0,    0,    0,    0,    0,    0,    0,    0,    0,    0,    0,    0,    0,    0,    0,    0,    0,    0,    0,    0,    0,    0,    0,    0,    0,    0,    0,    0,    0,    0,    0,    0,    0,    0,    0,    0,    0,    0,    0,    0,    0,    0,    0,    0,    0,    0,    0,    0,    0,    0,    0,    0,    0,    0,    0,    0,  -26,    0,    0,    0,    0,
       0,    0,    0,    0,    0,    0,    0,    0,    0,    0,    0,    0,    0,    0,    0,    0,    0,    0,    0,    0,    0,    0,    0,    0,    0,    0,    0,    0,    0,    0,    0,    0,    0,    0,    0,    0,    0,    0,    0,    0,    0,    0,    0,    0,    0,    0,    0,    0,    0,    0,    0,    0,    0,    0,    0,    0,    0,    0,    0,    0,    0,    0,    0,    0,    0,    0,    0,    0,    0,    0,    0,    0,    0,    0,    0,    0,    0,    0,    0,    0,    0,    0,    0,    0,    0,    0,    0,    0,    0,    0,    0,    0,   24,    0,    0,    0,    0,    0,    0,    0,    0,    0,    0,    0,    0,    0,    0,    0,    0,    0,    0,    0,    0,    0,    0,    0,    0,    0,    0,    0,    0,    0,    0,    0,    0,    0,    0,    0,    0,    0,    0,    0,    0,    0,    0,    0,    0,    0,    0,    0,    0,    0,    0,    0,    0,    0,    0,    0,    0,    0,    0,
       0,    0,    0,    0,    0,    0,    0,    0,    0,    0,  -41,    0,  -41,  -24,    0,    0,    0,    0,    0,    0,    0,    0,    0,    0,    0,    0,    0,    0,    0,    0,    0,    0,    0,    0,    0,    0,    0,    0,    0,  -30,    0,    0,    0,    0,    0,    0,    0,    0,    0,    0,    0,    0,    0,    0,    0,    0,    0,    0,    0,    0,    0,    0,    0,    0,    0,    0,    0,    0,    0,    0,    0,    0,    0,    0,    0,    0,    0,    0,    0,    0,    0,    0,    0,    0,    0,    0,    0,    0,    0,    0,    0,    0,    0,    0,    0,    0,    0,    0,    0,    0,    0,    0,    0,    0,    0,    0,    0,    0,    0,    0,    0,    0,    0,    0,    0,    0,    0,    0,    0,    0,    0,    0,    0,    0,    0,    0,    0,    0,    0,    0,    0,    0,    0,    0,    0,    0,    0,  -41,    0,    0,    0,    0,    0,    0,    0,    0,    0,    0,    0,    0,    0,
};

static const EpdFontData inksans_18_bold = {
    inksans_18_boldBitmaps,
    inksans_18_boldGlyphs,
    inksans_18_boldIntervals,
    62,
    45,
    37,
    -10,
    true,
    inksans_18_boldGroups,
    13,
    nullptr,
    inksans_18_boldKernLeftClasses,
    inksans_18_boldKernRightClasses,
    inksans_18_boldKernMatrix,
    771,
    771,
    152,
    151,
    nullptr,
    0,
};
