/**
 * generated by fontconvert.py
 * name: inksans_12_bold
 * size: 12
 * mode: 2-bit  compressed: true
 * Command used: fontconvert.py inksans_12_bold 12 ../builtinFonts/source/Inter/Inter-SemiBold.ttf ../builtinFonts/source/NotoSansHebrew/NotoSansHebrew-Bold.ttf --2bit --compress --pnum --additional-intervals 0x05D0,0x05F4
 */
#pragma once
#include "EpdFontData.h"

static const uint8_t inksans_12_boldBitmaps[24170] = {
    0x9D, 0x58, 0x3B, 0x93, 0xDC, 0xC6, 0x11, 0x6E, 0x00, 0x36, 0x51, 0x65, 0x04, 0x70, 0x60, 0x26,
    0x54, 0x80, 0x58, 0x74, 0x59, 0x48, 0x15, 0xF8, 0x38, 0x90, 0x15, 0x3A, 0x70, 0xA2, 0x5C, 0x4E,
    0x2D, 0x05, 0xFA, 0x03, 0xBC, 0x9D, 0xB1, 0x1C, 0x3A, 0xA1, 0x7F, 0x81, 0x18, 0x28, 0xD1, 0x3A,
    0x38, 0x87, 0x0E, 0x78, 0x8B, 0x91, 0x15, 0x2A, 0x81, 0x94, 0x28, 0x14, 0x64, 0x33, 0x70, 0x91,
    0x81, 0x50, 0x22, 0xAA, 0xB8, 0xDA, 0x03, 0x30, 0xFE, 0xBE, 0x06, 0x96, 0xB7, 0xDC, 0x23, 0x8F,
    0xB4, 0x16, 0xE8, 0xA9, 0xDD, 0x41, 0xA3, 0xA7, 0xDF, 0x8F, 0xDD, 0x6C, 0x2E, 0x3F, 0x22, 0xA7,
    0x21, 0x9C, 0xAE, 0x4A, 0xB7, 0x2A, 0x70, 0x57, 0xA7, 0x7A, 0x9F, 0xE8, 0x2D, 0x27, 0x71, 0x27,
    0x27, 0x49, 0x2B, 0x77, 0x93, 0x46, 0x1E, 0x24, 0x4D, 0x11, 0xC2, 0x44, 0xB8, 0xB5, 0x3B, 0xFB,
    0xAF, 0x74, 0xB9, 0x8B, 0xBA, 0xBC, 0x8A, 0x01, 0xBF, 0xDE, 0x9D, 0x7D, 0x6A, 0x43, 0xD8, 0xD6,
    0x21, 0xF4, 0x49, 0x73, 0x47, 0x52, 0x4F, 0x38, 0x91, 0xCC, 0xDF, 0x95, 0xDC, 0xDD, 0x15, 0xC9,
    0xE4, 0x12, 0xEA, 0x5E, 0xB2, 0x10, 0xA4, 0x0C, 0xC1, 0x9B, 0xBF, 0xE6, 0xAD, 0xCD, 0xD2, 0xCE,
    0x62, 0xDF, 0x7C, 0x29, 0xD8, 0x03, 0x4A, 0xD8, 0x02, 0x27, 0x54, 0x92, 0xD5, 0x8D, 0x64, 0x79,
    0xF7, 0x5E, 0x96, 0x74, 0x1B, 0xE2, 0xFC, 0x3E, 0xEF, 0x4C, 0xA8, 0x9B, 0x3C, 0x04, 0x17, 0x11,
    0xE7, 0x80, 0x66, 0xD6, 0x0B, 0x98, 0x34, 0x23, 0x0E, 0x15, 0x5B, 0x4B, 0x2E, 0xF2, 0xA0, 0x90,
    0x3B, 0xBA, 0x3E, 0x10, 0xEC, 0x44, 0x1D, 0xE8, 0x8F, 0x90, 0x01, 0x98, 0x99, 0xC3, 0x3B, 0x52,
    0x70, 0x81, 0x68, 0xA0, 0x23, 0xFF, 0xCC, 0x71, 0x6C, 0xD4, 0x95, 0x75, 0x25, 0x49, 0x73, 0x92,
    0x3B, 0xB0, 0x7C, 0x02, 0xAC, 0x52, 0xF8, 0xFD, 0xB7, 0xC2, 0xFD, 0x5E, 0x80, 0x03, 0x5D, 0xA4,
    0xE4, 0xCD, 0x49, 0x1A, 0x3A, 0xC9, 0x2F, 0xB6, 0x52, 0xF8, 0x41, 0x0A, 0x37, 0xE0, 0x85, 0xAD,
    0x64, 0xDF, 0x74, 0x92, 0x04, 0x27, 0xC9, 0x04, 0xEA, 0xE1, 0x77, 0x9D, 0x79, 0xFF, 0xEB, 0x6E,
    0x93, 0x3E, 0xE9, 0xC6, 0x38, 0xB4, 0xA3, 0xD4, 0x4D, 0x2D, 0xD6, 0x9B, 0xC7, 0x01, 0x3A, 0xBC,
    0xE8, 0xE2, 0xF0, 0xB7, 0x61, 0xB5, 0x5A, 0x9D, 0x9E, 0x9E, 0x9C, 0x24, 0x5D, 0xDA, 0xE5, 0x4D,
    0xEE, 0x4B, 0x67, 0x2A, 0x23, 0x16, 0xD7, 0xE6, 0xE0, 0xB2, 0x62, 0xC4, 0x54, 0xA5, 0x2B, 0x7C,
    0xDE, 0xA4, 0x5D, 0xD2, 0x19, 0x1C, 0x97, 0xFB, 0xAC, 0xE5, 0xF7, 0xA4, 0x8F, 0xB7, 0xD1, 0x10,
    0x0D, 0xB2, 0x5C, 0xD1, 0x10, 0x6F, 0xE3, 0x3E, 0xE9, 0xD3, 0x2E, 0x6B, 0x73, 0x5F, 0x38, 0x23,
    0x02, 0xCD, 0xBF, 0x2D, 0xBF, 0x79, 0xFB, 0x1F, 0xA6, 0xEE, 0xD3, 0xE0, 0xE2, 0x50, 0x95, 0xA1,
    0xC7, 0x4F, 0x6C, 0xF2, 0x11, 0x10, 0x0E, 0xE1, 0x83, 0x7A, 0x5D, 0xC1, 0x80, 0x8E, 0x70, 0xFC,
    0x8C, 0x50, 0xBA, 0x12, 0x1C, 0x1A, 0x39, 0xC1, 0xBB, 0x77, 0xE5, 0xF6, 0xDA, 0xD9, 0xE0, 0x71,
    0xD3, 0x79, 0x24, 0xF7, 0xD0, 0x81, 0xC0, 0x61, 0x4A, 0x45, 0x85, 0xEA, 0x4F, 0x85, 0xAA, 0x1F,
    0x24, 0xDA, 0x4A, 0x0C, 0xEB, 0x74, 0x34, 0x50, 0x0A, 0x83, 0xFA, 0x17, 0xE3, 0x8A, 0x6D, 0xA1,
    0xBD, 0x49, 0xF2, 0x1D, 0x98, 0xF4, 0xA5, 0x37, 0x15, 0x3C, 0x43, 0xB2, 0xAE, 0x96, 0xB4, 0xDB,
    0xE0, 0xF5, 0x43, 0xE0, 0x1E, 0x9F, 0x11, 0x87, 0xB8, 0x7C, 0x87, 0xEF, 0x92, 0x46, 0x1C, 0xF2,
    0x60, 0xC3, 0x54, 0xF7, 0xD6, 0x59, 0x79, 0xC9, 0x15, 0xD1, 0xB1, 0xC2, 0x20, 0xE5, 0x2E, 0x40,
    0xB9, 0xA6, 0xB2, 0x10, 0xED, 0x4D, 0xD8, 0x92, 0x22, 0xCE, 0xD2, 0x82, 0x56, 0x32, 0x88, 0xE4,
    0x74, 0x1B, 0x6C, 0x87, 0x83, 0x9F, 0x8F, 0x28, 0x37, 0x05, 0x0F, 0x5E, 0xEA, 0x16, 0x74, 0x46,
    0xD2, 0x01, 0x95, 0xD2, 0xDF, 0x56, 0x1A, 0x04, 0x5B, 0xD1, 0x19, 0xC5, 0xF4, 0x22, 0xB7, 0xE1,
    0xC9, 0x52, 0x62, 0x2F, 0x6F, 0x09, 0x70, 0xCE, 0xD6, 0x02, 0xD7, 0xEC, 0x82, 0xCB, 0xC0, 0x73,
    0x04, 0x1A, 0x12, 0xF1, 0x00, 0x75, 0x7D, 0xA1, 0x9F, 0x89, 0xB1, 0x20, 0x01, 0x3E, 0x06, 0x23,
    0x49, 0x6F, 0x20, 0xAD, 0x81, 0xD2, 0x0C, 0xB8, 0x33, 0xEA, 0x10, 0x8C, 0x32, 0xC2, 0x7A, 0x5D,
    0x3F, 0x3C, 0xB4, 0x50, 0x31, 0x47, 0x95, 0x94, 0xEB, 0xF5, 0xE5, 0xEE, 0x2D, 0xB0, 0x52, 0x6F,
    0xC5, 0xE0, 0x2C, 0xE3, 0xE0, 0xC9, 0x58, 0x67, 0x1E, 0x73, 0xFF, 0x2B, 0xC0, 0x06, 0xBC, 0xD9,
    0xCA, 0x56, 0xE6, 0x02, 0xBA, 0x47, 0x54, 0x45, 0xF5, 0x3D, 0x91, 0x8F, 0x1E, 0x42, 0x8F, 0x41,
    0xB2, 0x5D, 0xF0, 0x85, 0x2F, 0x1A, 0x23, 0x3F, 0xAF, 0xCC, 0x8D, 0x7B, 0xB2, 0x82, 0x4C, 0x9B,
    0x10, 0xAA, 0xBA, 0xB5, 0xBE, 0x76, 0x39, 0x3C, 0x3A, 0x83, 0x3C, 0x29, 0xED, 0xD4, 0x82, 0xC3,
    0xE6, 0xD2, 0x16, 0xA3, 0xDA, 0x22, 0x00, 0x97, 0x00, 0x3E, 0x71, 0x2E, 0x64, 0x12, 0xEC, 0xC3,
    0x5F, 0x21, 0x94, 0x40, 0x28, 0xB0, 0xD0, 0xCC, 0xAC, 0x98, 0xEB, 0x1F, 0xCF, 0x7A, 0x9E, 0xA4,
    0xA0, 0x9E, 0x1D, 0x74, 0x47, 0x6D, 0x54, 0xE4, 0xCC, 0x56, 0x29, 0xCE, 0x8A, 0xC1, 0xF7, 0xFE,
    0x19, 0xF5, 0xBB, 0x51, 0xBE, 0x54, 0xCF, 0x0D, 0xF4, 0xEC, 0x67, 0x3D, 0x43, 0x55, 0x87, 0x76,
    0x77, 0xD0, 0x06, 0xE8, 0x9C, 0xE3, 0x94, 0x8D, 0xDA, 0xA5, 0x68, 0x8D, 0xB7, 0x6D, 0x19, 0x2E,
    0xDA, 0x34, 0x7C, 0xD9, 0xCA, 0x9F, 0xB2, 0x86, 0x3A, 0xB2, 0xE0, 0x80, 0x3E, 0x52, 0xEE, 0x26,
    0xCD, 0x4C, 0xD4, 0x8F, 0x7A, 0x3C, 0x3F, 0xFC, 0x92, 0xAB, 0xBB, 0xE6, 0x95, 0x1C, 0x7C, 0x9E,
    0x8F, 0x94, 0xF9, 0x93, 0x8A, 0xCA, 0x98, 0xC2, 0xBC, 0xF5, 0x08, 0x52, 0x4E, 0x60, 0x15, 0xA1,
    0x73, 0x04, 0x1C, 0x54, 0x42, 0x74, 0xE4, 0x89, 0x39, 0x03, 0xD2, 0x1D, 0x34, 0x41, 0x45, 0xF2,
    0x01, 0x4C, 0x09, 0x57, 0xAB, 0x08, 0x87, 0x27, 0x1C, 0xEF, 0xFF, 0x51, 0xD4, 0xE9, 0xC4, 0xF6,
    0x4C, 0x3E, 0x15, 0xD8, 0x64, 0x82, 0xE4, 0x33, 0xEB, 0x41, 0xCF, 0x4B, 0x39, 0xC9, 0x8D, 0xA0,
    0x29, 0x52, 0x6C, 0x33, 0x47, 0xDC, 0x2F, 0xF9, 0xE2, 0xA2, 0x92, 0xE2, 0x82, 0x2A, 0x99, 0xB3,
    0xCD, 0x6C, 0x8F, 0x1A, 0x76, 0x00, 0x72, 0xD1, 0xCD, 0x1E, 0x43, 0x5F, 0xBA, 0x73, 0xC0, 0xC0,
    0x89, 0x28, 0x8A, 0x02, 0xBF, 0x47, 0xF5, 0x8F, 0x14, 0x3C, 0x50, 0x86, 0xB0, 0x3B, 0x1B, 0xF4,
    0xE5, 0x5A, 0x43, 0x06, 0x86, 0xF2, 0xB7, 0xDE, 0x49, 0xE1, 0x22, 0xE1, 0xE2, 0x2F, 0xDD, 0x9D,
    0x24, 0x84, 0x3F, 0xF7, 0xA7, 0xF0, 0x18, 0xB7, 0x7D, 0x90, 0xFB, 0x9C, 0x6B, 0x35, 0xAF, 0xD9,
    0xE5, 0x77, 0x97, 0x3B, 0xE0, 0xF8, 0xF2, 0x5F, 0xDD, 0x2A, 0xD9, 0x85, 0xC7, 0x9D, 0x89, 0xC3,
    0x93, 0x00, 0x3D, 0x5B, 0xB7, 0xD1, 0x40, 0x9A, 0x99, 0x13, 0x3D, 0xCB, 0xEF, 0xCF, 0x8D, 0xEA,
    0xA9, 0x5A, 0x1E, 0x64, 0x88, 0x60, 0x0D, 0x25, 0xD5, 0x86, 0x94, 0x9F, 0x50, 0x84, 0x9C, 0x91,
    0x49, 0xA7, 0xDA, 0x64, 0x60, 0x6B, 0x84, 0x8B, 0x45, 0x03, 0x0A, 0x40, 0xB2, 0x8D, 0xC1, 0x6E,
    0x80, 0x16, 0xD2, 0xA0, 0x19, 0x68, 0x1D, 0xE8, 0x7A, 0x8C, 0x68, 0x75, 0x13, 0x61, 0x36, 0xC2,
    0x8E, 0x09, 0x0C, 0x23, 0xB8, 0xD9, 0x3A, 0xD0, 0x05, 0x11, 0x16, 0x74, 0x7B, 0x02, 0x5C, 0x64,
    0x8D, 0x7D, 0xB8, 0x22, 0x9E, 0x23, 0x48, 0xE1, 0x4A, 0x1A, 0xB4, 0x0C, 0x5E, 0x02, 0x52, 0xD5,
    0xBA, 0x6E, 0x0D, 0x0B, 0x5E, 0x80, 0x9A, 0x8A, 0x89, 0x36, 0x06, 0xC7, 0x69, 0x38, 0xDB, 0x42,
    0x9C, 0x78, 0x64, 0x96, 0xA9, 0xA9, 0x63, 0xA3, 0x71, 0x80, 0xC4, 0x7F, 0x75, 0xD1, 0x07, 0x8A,
    0xA2, 0xC8, 0xFA, 0x9A, 0x12, 0x00, 0x29, 0x06, 0x0A, 0xF3, 0x4D, 0x78, 0xB8, 0xE7, 0x90, 0x9C,
    0xE1, 0xE4, 0x18, 0x29, 0x44, 0x46, 0xC0, 0x66, 0x01, 0xBB, 0xC0, 0xFE, 0xF7, 0x38, 0xE3, 0x00,
    0x77, 0x1D, 0x1A, 0x7D, 0x77, 0xA6, 0xE1, 0x14, 0xD6, 0xEB, 0xEA, 0x4A, 0x21, 0x60, 0x72, 0x41,
    0x72, 0x50, 0xB8, 0x5A, 0x24, 0x44, 0xDF, 0xD9, 0xBF, 0xAF, 0xF4, 0xC8, 0xCF, 0x0B, 0xE8, 0x10,
    0x98, 0x94, 0x08, 0xEB, 0xCF, 0x5E, 0x4C, 0x6B, 0x81, 0x63, 0x8D, 0x75, 0x07, 0x1A, 0xBB, 0xF9,
    0x9C, 0xC6, 0x4C, 0xA8, 0x96, 0xE5, 0x76, 0x8D, 0xBC, 0x4E, 0x65, 0x2D, 0x1A, 0xDB, 0x5C, 0xD5,
    0xD8, 0xA4, 0xD4, 0xED, 0x4B, 0x61, 0xBD, 0x0E, 0xE0, 0x7E, 0x86, 0xEB, 0xF0, 0x14, 0x5E, 0x7D,
    0xCD, 0xE5, 0xE5, 0xF5, 0xE0, 0xA6, 0x26, 0x7B, 0xF6, 0x04, 0x25, 0x13, 0x5E, 0x85, 0xF4, 0x06,
    0xD6, 0x07, 0x4D, 0x85, 0xB0, 0xD8, 0x38, 0x5B, 0x97, 0x7E, 0x66, 0x81, 0x07, 0x4B, 0xA0, 0x3E,
    0x19, 0x04, 0x9B, 0xA1, 0xCF, 0x22, 0xC0, 0x0D, 0x1A, 0x14, 0xF3, 0x14, 0xFE, 0xFA, 0x39, 0x34,
    0x55, 0xD5, 0xAA, 0x02, 0xE0, 0x37, 0xEA, 0x8B, 0x28, 0x66, 0x46, 0xA2, 0xE9, 0x3A, 0x8D, 0xBF,
    0x12, 0xF6, 0x1E, 0x40, 0x60, 0xDF, 0xC3, 0x5A, 0xC7, 0x75, 0xCB, 0x22, 0x66, 0x06, 0xC6, 0x9E,
    0x39, 0x97, 0xA2, 0x66, 0x2D, 0x2B, 0x91, 0x57, 0xCC, 0x7C, 0x3B, 0x6A, 0xAA, 0xF0, 0xE0, 0x1F,
    0xD1, 0x08, 0x2E, 0x4C, 0xF6, 0xDD, 0x16, 0x6B, 0xFA, 0x03, 0xA4, 0x31, 0xC9, 0x13, 0xF0, 0x66,
    0xE2, 0x8B, 0x96, 0xDA, 0x62, 0x8C, 0xED, 0x57, 0x5B, 0x3D, 0xD3, 0xA2, 0xE7, 0xD2, 0x70, 0xE9,
    0xB8, 0x6C, 0xB9, 0x8C, 0x5C, 0x34, 0x77, 0x21, 0x5C, 0x41, 0xB8, 0x21, 0x5D, 0x92, 0x4A, 0x48,
    0x3B, 0xE2, 0x31, 0xF4, 0xF5, 0x05, 0x89, 0x3C, 0x29, 0x7B, 0xCA, 0x2F, 0xB2, 0x2E, 0x05, 0x42,
    0xA6, 0x78, 0x63, 0xF6, 0xB1, 0xE6, 0x45, 0x51, 0x49, 0x57, 0x2A, 0x91, 0x7A, 0x10, 0xE9, 0x47,
    0x8B, 0x3E, 0x50, 0x94, 0x17, 0x47, 0x25, 0x7D, 0x2C, 0xF4, 0x07, 0x79, 0x83, 0x36, 0x23, 0x73,
    0xE9, 0x02, 0x68, 0x6A, 0xA5, 0x6C, 0xE6, 0x68, 0x61, 0x24, 0xDC, 0x7B, 0x79, 0x14, 0x1C, 0x70,
    0x88, 0x54, 0x94, 0xF7, 0xA9, 0x72, 0xC8, 0x1E, 0xE6, 0xD5, 0x1C, 0x56, 0x03, 0x39, 0x34, 0xC8,
    0x6C, 0x7D, 0x31, 0xCE, 0x04, 0x40, 0x8A, 0xD5, 0x62, 0x1A, 0x9E, 0x65, 0x97, 0x9B, 0x72, 0x94,
    0xE3, 0x8E, 0x79, 0x6D, 0x75, 0x5F, 0xA3, 0x1A, 0xFE, 0x16, 0x51, 0xF1, 0x41, 0x6B, 0x86, 0x91,
    0x72, 0x9F, 0x13, 0x35, 0xEF, 0x09, 0xCA, 0x2D, 0x0E, 0x61, 0x59, 0xF6, 0xC6, 0xE5, 0x9A, 0x0F,
    0x79, 0x04, 0xBB, 0xA9, 0x12, 0x59, 0x7A, 0x69, 0xF2, 0x9D, 0xB0, 0x17, 0x83, 0x0E, 0xDE, 0xD3,
    0x36, 0x0F, 0x38, 0x15, 0xF4, 0xB1, 0x0B, 0x6C, 0xF2, 0xAB, 0x08, 0x83, 0x02, 0x42, 0xAF, 0x27,
    0xAC, 0xEB, 0x47, 0x9F, 0x3E, 0xEB, 0xAE, 0x7E, 0x02, 0x1C, 0x64, 0xBC, 0xD7, 0x85, 0x11, 0x99,
    0x7F, 0x2C, 0x9A, 0x64, 0xC8, 0xA7, 0x1A, 0x0D, 0x3B, 0x6B, 0xE8, 0x8F, 0x32, 0x17, 0x02, 0xA7,
    0x35, 0x0D, 0xC5, 0x41, 0xCB, 0x04, 0xEA, 0x91, 0x65, 0xBF, 0x32, 0x51, 0x6E, 0x74, 0x23, 0x6C,
    0xC9, 0xB5, 0xB0, 0xC8, 0x88, 0xB6, 0x57, 0x6A, 0xB6, 0x32, 0x36, 0x43, 0x7D, 0x32, 0x7F, 0xA0,
    0xF4, 0x9F, 0xB0, 0xF7, 0xFA, 0xBE, 0x5A, 0xCA, 0x53, 0x3A, 0x2D, 0xB5, 0xCC, 0xA2, 0x0E, 0x31,
    0x48, 0xAB, 0x74, 0xD0, 0x8E, 0x3F, 0x1B, 0xE8, 0xAB, 0x3E, 0x1F, 0xF1, 0x04, 0x65, 0x72, 0x62,
    0x02, 0x6B, 0x0A, 0x8B, 0x03, 0xB2, 0x16, 0x01, 0x35, 0xD0, 0x20, 0xE5, 0x3B, 0x28, 0x5C, 0x9D,
    0x29, 0x3E, 0x46, 0x11, 0xEB, 0x57, 0xF9, 0x17, 0xBD, 0xC4, 0xDB, 0xF3, 0xFC, 0x0B, 0xD6, 0xB5,
    0x21, 0xFB, 0x06, 0x27, 0x0E, 0xDB, 0xE4, 0x31, 0xF4, 0x7B, 0xDE, 0x27, 0xDF, 0xB3, 0xF6, 0x41,
    0x0C, 0x76, 0x5B, 0x5D, 0x14, 0x58, 0x0E, 0x5B, 0xED, 0x3E, 0xCA, 0x86, 0xCE, 0x5F, 0x34, 0x94,
    0xA6, 0xC3, 0x57, 0xAD, 0x86, 0xD1, 0xC8, 0x1E, 0x2C, 0x68, 0xC3, 0xFB, 0xBE, 0x5F, 0x8A, 0xA8,
    0xF2, 0xCB, 0x3E, 0x58, 0xD2, 0x71, 0x5F, 0x5D, 0xCB, 0xA0, 0x35, 0x15, 0x47, 0x4D, 0xA8, 0xA9,
    0xC9, 0x80, 0xC7, 0x19, 0x35, 0x01, 0x7A, 0x35, 0xFA, 0x31, 0x0A, 0xC4, 0x05, 0x3F, 0x69, 0x59,
    0x3C, 0x48, 0x7B, 0x90, 0x8F, 0x55, 0x3B, 0x7C, 0x63, 0xAE, 0xC7, 0xE6, 0xCC, 0x2D, 0xF4, 0xB4,
    0x6E, 0xEB, 0x19, 0xF1, 0xF6, 0x55, 0x0B, 0x5A, 0xE0, 0x8E, 0xF0, 0xC1, 0xFA, 0xAC, 0x99, 0x5B,
    0xEC, 0xA5, 0x87, 0x24, 0x71, 0xD2, 0x2E, 0x9A, 0xB9, 0x77, 0xA9, 0x97, 0xB6, 0x72, 0xBF, 0xED,
    0xB5, 0x8D, 0xBF, 0xBF, 0x7F, 0xBF, 0xE6, 0x75, 0xFF, 0x5C, 0x5E, 0x75, 0xD5, 0xF7, 0x89, 0x79,
    0xAA, 0x7D, 0x10, 0xC7, 0x21, 0xE1, 0x0C, 0xC3, 0x69, 0xD1, 0x73, 0xAA, 0xC1, 0x6C, 0x83, 0x09,
    0x07, 0x06, 0xC7, 0xB4, 0x83, 0x99, 0x07, 0x06, 0xE2, 0xFC, 0xF3, 0x22, 0x6C, 0x52, 0xF9, 0x90,
    0xF3, 0xDB, 0x2B, 0xAE, 0x0F, 0x95, 0x33, 0x56, 0x36, 0x8C, 0x9E, 0xC1, 0x25, 0xDF, 0xF8, 0xF4,
    0x8B, 0x36, 0xFF, 0xB8, 0x2B, 0xA4, 0xBF, 0x23, 0x0F, 0xD6, 0xEB, 0xCF, 0xD0, 0xAD, 0xE0, 0x46,
    0xD8, 0xB9, 0xCC, 0x63, 0xB6, 0xD5, 0x09, 0x6A, 0xE4, 0x04, 0xC5, 0x86, 0x64, 0x29, 0x25, 0xD6,
    0x45, 0x08, 0xB3, 0x7C, 0x3A, 0x43, 0x23, 0x53, 0x2C, 0x25, 0x05, 0x25, 0xE3, 0x31, 0xF6, 0xC2,
    0xB7, 0x2E, 0x9E, 0x0A, 0x67, 0x97, 0xE8, 0x7F, 0x06, 0xC5, 0x43, 0xB1, 0x76, 0x12, 0x8B, 0x8E,
    0x1A, 0x13, 0x2B, 0xA6, 0x03, 0xE6, 0x90, 0xBC, 0x79, 0x0E, 0xB8, 0xC7, 0x67, 0xC4, 0x21, 0x2E,
    0xDE, 0x61, 0x67, 0xAC, 0xDD, 0x35, 0x26, 0x09, 0xA6, 0xA3, 0x5A, 0xDE, 0xE2, 0x1C, 0x45, 0x83,
    0x28, 0x4C, 0xDA, 0x2D, 0xBE, 0xC5, 0x36, 0xB3, 0x22, 0x0E, 0x71, 0x35, 0xFA, 0x8F, 0x62, 0x35,
    0x9A, 0xE0, 0xF5, 0xE1, 0x5B, 0x5F, 0x5E, 0x04, 0x4E, 0x26, 0xE8, 0xE8, 0x4B, 0x0F, 0x87, 0xF2,
    0x90, 0x0C, 0x50, 0xE8, 0xF7, 0x7A, 0x9E, 0x5A, 0x14, 0x87, 0xB8, 0xD1, 0x94, 0xFB, 0xF9, 0xFC,
    0x2D, 0xCE, 0x1F, 0xF5, 0x7C, 0x4C, 0x36, 0xD5, 0xB4, 0xAE, 0x1D, 0xD2, 0x07, 0xC1, 0x8F, 0x4B,
    0x97, 0x30, 0x77, 0xF3, 0xE1, 0xF2, 0xFC, 0x9B, 0x15, 0x5A, 0xF0, 0x24, 0x78, 0xB8, 0x3C, 0x42,
    0x15, 0x98, 0xB8, 0x3F, 0xDC, 0x39, 0x7C, 0xBF, 0xFE, 0xE6, 0xA1, 0x7B, 0x46, 0x21, 0xD4, 0x11,
    0xA3, 0x33, 0xB3, 0x7B, 0x46, 0xCD, 0xC2, 0x68, 0x3C, 0xE5, 0x2A, 0xE4, 0x2D, 0x76, 0x96, 0x8F,
    0x90, 0x8D, 0x61, 0xB0, 0x28, 0xB4, 0x72, 0xD5, 0x08, 0x3D, 0x8C, 0x30, 0xD2, 0x08, 0x30, 0xA1,
    0xD5, 0x11, 0xF5, 0x75, 0xE0, 0x44, 0x27, 0xDC, 0x13, 0x99, 0x53, 0xFA, 0xCB, 0xAF, 0xA4, 0x49,
    0xBB, 0xB4, 0xE3, 0x1F, 0x22, 0x1C, 0xB5, 0xAE, 0xBB, 0xB2, 0xEE, 0xA3, 0xB6, 0xF6, 0x9B, 0xAB,
    0x1C, 0x22, 0xA2, 0x2D, 0x2A, 0x80, 0x45, 0x58, 0x31, 0x01, 0x58, 0xA3, 0x7F, 0xBD, 0x88, 0xE5,
    0x1C, 0x8E, 0x74, 0x61, 0xD1, 0x97, 0x5B, 0x84, 0xBC, 0x4D, 0xF1, 0x3C, 0x66, 0x16, 0x0B, 0x1C,
    0x5E, 0x9D, 0xBD, 0xF2, 0x59, 0x15, 0x4D, 0xD9, 0xAE, 0x6C, 0x1F, 0x06, 0x7B, 0x31, 0x5D, 0x8C,
    0xD6, 0x85, 0x6A, 0x52, 0x2E, 0xFF, 0xAF, 0x65, 0x05, 0x8D, 0xAD, 0x7E, 0x82, 0xC6, 0x2E, 0xDD,
    0x56, 0x27, 0x20, 0xF4, 0x4A, 0xA5, 0x3B, 0xB4, 0xE2, 0xDE, 0xDD, 0xE0, 0x52, 0x15, 0x71, 0x66,
    0xB7, 0xB9, 0xF7, 0x93, 0xC3, 0xE4, 0xAA, 0x1E, 0xE5, 0x39, 0x4F, 0x7A, 0x7D, 0x97, 0x7F, 0x59,
    0xB9, 0x13, 0x5B, 0x56, 0x16, 0xDD, 0xEF, 0x0E, 0x81, 0x4E, 0xF2, 0xD7, 0xDC, 0x48, 0x2B, 0x45,
    0xE8, 0xCC, 0xE3, 0x01, 0x05, 0x65, 0x85, 0xD0, 0xB8, 0x87, 0x4C, 0x7F, 0x8F, 0xE3, 0x74, 0x3C,
    0xFE, 0x4C, 0x36, 0x93, 0x4C, 0xF6, 0xF1, 0x50, 0x86, 0xFE, 0x46, 0x70, 0x37, 0x1C, 0x67, 0xA2,
    0xF9, 0x46, 0x5D, 0xC7, 0xFD, 0xD1, 0xA3, 0xCB, 0x9D, 0xA3, 0x3B, 0xDB, 0xE9, 0xDF, 0x19, 0xB5,
    0xBC, 0x9E, 0x11, 0x74, 0x16, 0xD7, 0x81, 0x21, 0x0F, 0x9F, 0xB8, 0x78, 0x64, 0x4E, 0x42, 0x75,
    0xAB, 0x50, 0xE8, 0x50, 0x61, 0x59, 0x6A, 0xF3, 0x06, 0x05, 0x11, 0x4D, 0x44, 0x82, 0x26, 0x22,
    0xE9, 0xCF, 0x91, 0x60, 0x07, 0x16, 0x37, 0x04, 0x74, 0xCF, 0xB2, 0xA6, 0xC5, 0x8C, 0x95, 0xCC,
    0x2E, 0xCD, 0x88, 0x9A, 0xBF, 0xAA, 0xD1, 0x0F, 0x15, 0x2E, 0xA8, 0x1A, 0x2F, 0x3C, 0x7A, 0xD2,
    0xCF, 0x9F, 0x7E, 0x85, 0xFA, 0xF4, 0xF5, 0x93, 0xEF, 0xB6, 0x92, 0xFE, 0xE7, 0xDF, 0x3F, 0xA0,
    0x63, 0x7D, 0xF2, 0xD5, 0x13, 0x64, 0xEC, 0xA7, 0xFE, 0x69, 0xCB, 0x29, 0x99, 0x1D, 0x5B, 0x70,
    0xB5, 0xFE, 0xE3, 0x83, 0xB9, 0x99, 0xCD, 0x1F, 0xAA, 0x17, 0xFF, 0x7C, 0x83, 0xF9, 0x33, 0x3D,
    0x1B, 0xC6, 0x9F, 0x58, 0x7B, 0x78, 0x66, 0x33, 0xCF, 0xD2, 0x68, 0xB5, 0xE3, 0x1F, 0x51, 0x81,
    0xBB, 0x91, 0xFF, 0x39, 0x68, 0xEE, 0x45, 0x53, 0xD0, 0x1C, 0xCA, 0x90, 0x2F, 0x32, 0xA4, 0x8B,
    0x0C, 0xF1, 0x5E, 0x86, 0xF1, 0x58, 0x06, 0x3F, 0x03, 0xFA, 0x8C, 0x5F, 0xF0, 0xCF, 0x20, 0xA0,
    0x14, 0x2D, 0x03, 0x6A, 0xC4, 0x7D, 0xFB, 0xEF, 0x03, 0x5B, 0x0C, 0x04, 0x1B, 0x50, 0x30, 0xED,
    0x4F, 0x32, 0x97, 0x5B, 0x16, 0xEF, 0x47, 0x9F, 0xD5, 0x61, 0xC2, 0x2D, 0x6F, 0xA0, 0x0D, 0x45,
    0x53, 0xE8, 0x50, 0xF1, 0x50, 0x89, 0x0E, 0x6F, 0xD4, 0xA6, 0xB2, 0xE5, 0x7B, 0x60, 0x3A, 0xED,
    0x8E, 0x9F, 0xB2, 0x42, 0xF2, 0x4F, 0x09, 0x0F, 0x0A, 0x9F, 0x0E, 0xD7, 0x7E, 0xCE, 0x85, 0x68,
    0x33, 0x95, 0xE4, 0xE8, 0x06, 0x21, 0x04, 0x3F, 0x2A, 0x4F, 0xED, 0xE2, 0xED, 0xF1, 0x53, 0xE0,
    0xA3, 0x48, 0xD5, 0x1C, 0xC6, 0x24, 0xDD, 0x46, 0xF7, 0x8B, 0xF0, 0x6E, 0x07, 0xB3, 0xB7, 0x26,
    0x0D, 0xFE, 0x4D, 0x6C, 0xFE, 0x0F, 0xBD, 0x59, 0xBD, 0x8F, 0xDC, 0xC6, 0x15, 0x7F, 0x24, 0x93,
    0xF0, 0x20, 0x42, 0x98, 0x20, 0x50, 0x91, 0xC8, 0x48, 0xA6, 0x37, 0x92, 0x65, 0x1B, 0x04, 0xDA,
    0x1D, 0xDA, 0x29, 0x83, 0x20, 0x29, 0x52, 0xA5, 0x56, 0x13, 0x07, 0x88, 0x9A, 0x0B, 0x70, 0xC5,
    0xDE, 0xCD, 0x04, 0x2E, 0x54, 0x05, 0x10, 0xFC, 0x0F, 0x48, 0x85, 0x0B, 0x7B, 0x53, 0xDC, 0x19,
    0x10, 0x10, 0x15, 0x7B, 0x4B, 0xDA, 0x2E, 0xD2, 0x12, 0x4E, 0x91, 0x52, 0x74, 0xA2, 0x4A, 0x02,
    0xE2, 0x09, 0xC0, 0x40, 0xD4, 0x85, 0xE4, 0xE4, 0xF7, 0x86, 0xBB, 0x7B, 0xAB, 0xBB, 0xB3, 0x73,
    0xB9, 0xF3, 0x1D, 0xC9, 0x79, 0x5C, 0xCE, 0xC7, 0x7B, 0x6F, 0x66, 0xDE, 0xE7, 0xEC, 0xAE, 0x73,
    0xBB, 0x44, 0x7B, 0x7B, 0x8B, 0xE3, 0x8B, 0x6E, 0x12, 0xF9, 0xA2, 0x0D, 0xC5, 0xAE, 0x21, 0xE9,
    0x7A, 0x52, 0x7F, 0xD4, 0xA4, 0x6F, 0x8E, 0x68, 0x81, 0xFA, 0x6E, 0xA3, 0xE4, 0x37, 0xDF, 0x24,
    0xF5, 0x73, 0x45, 0x29, 0xFA, 0x24, 0xAE, 0xA5, 0x20, 0x7F, 0x40, 0xEB, 0xF1, 0x69, 0x4D, 0xA1,
    0x73, 0xC0, 0xE1, 0x8C, 0xA8, 0x64, 0x21, 0x8A, 0xC4, 0x88, 0x82, 0x88, 0xCB, 0xBD, 0xE7, 0x8F,
    0xC8, 0x39, 0xEB, 0xCB, 0xAA, 0x6E, 0x28, 0x41, 0x26, 0x4C, 0x5C, 0xE5, 0xCE, 0x95, 0xCE, 0xB9,
    0xC2, 0x01, 0xEF, 0xD6, 0xB7, 0x1E, 0x6C, 0xD1, 0x58, 0xF7, 0x23, 0x52, 0xFC, 0x29, 0xEA, 0xA4,
    0x25, 0x61, 0x08, 0x8C, 0x11, 0xDD, 0xA1, 0x31, 0xE1, 0xB9, 0x43, 0x34, 0x62, 0xF0, 0x03, 0xFE,
    0x1C, 0xE1, 0xC6, 0x5B, 0x66, 0x34, 0x27, 0x51, 0x86, 0x0D, 0xA9, 0x3E, 0xEF, 0x69, 0x92, 0xBB,
    0x7B, 0xB4, 0xF5, 0x46, 0xB3, 0x45, 0xFE, 0xD2, 0x68, 0x52, 0x99, 0x2C, 0x64, 0xA1, 0x32, 0x51,
    0x6A, 0x8A, 0xED, 0x21, 0x45, 0x35, 0x26, 0x70, 0x54, 0x13, 0x81, 0xA9, 0xDB, 0xEE, 0x08, 0x93,
    0x72, 0x19, 0x17, 0x4A, 0xCD, 0xFA, 0xF7, 0xED, 0xFC, 0x39, 0xF1, 0xF7, 0xAA, 0xEC, 0x2E, 0x2F,
    0x8F, 0x74, 0xF5, 0x11, 0xB8, 0x4C, 0xB8, 0x4A, 0xBE, 0xA8, 0x55, 0xD6, 0x2A, 0xFA, 0x55, 0x9A,
    0x91, 0xA8, 0x28, 0xEE, 0x81, 0xA4, 0x9A, 0x26, 0xED, 0x9C, 0x16, 0x73, 0x52, 0x3A, 0x4B, 0xD3,
    0x7A, 0x1C, 0xBB, 0x67, 0xA4, 0x2D, 0xC5, 0x0D, 0x51, 0x3B, 0xA2, 0x56, 0xBD, 0xD5, 0x4A, 0x57,
    0x27, 0xAE, 0xA2, 0xDF, 0xD0, 0x54, 0x64, 0x0B, 0x59, 0x00, 0x62, 0x64, 0x86, 0x95, 0x76, 0x35,
    0x45, 0xEE, 0x4F, 0x3C, 0x7F, 0x6C, 0x4C, 0x5A, 0xDC, 0x05, 0xFF, 0x89, 0x7B, 0xD7, 0xEE, 0xA6,
    0xEE, 0xB3, 0x7A, 0xAE, 0x22, 0xDB, 0xB4, 0x53, 0x7A, 0xD4, 0x34, 0x73, 0x60, 0x02, 0x89, 0x5F,
    0x36, 0xF3, 0xBD, 0xD0, 0x36, 0xBB, 0xEA, 0x8B, 0xBF, 0xD7, 0x4A, 0xB8, 0x4F, 0x6D, 0xFA, 0x49,
    0x2F, 0x4A, 0x3F, 0xD6, 0x63, 0xF1, 0xF8, 0x3C, 0xE6, 0xB0, 0x07, 0xB3, 0x65, 0x1A, 0x59, 0x0A,
    0x2D, 0xFD, 0xD6, 0x4A, 0x67, 0xD5, 0x5B, 0x76, 0x1C, 0xDA, 0x49, 0x6C, 0x95, 0xB3, 0xC9, 0xBF,
    0x2D, 0x69, 0x70, 0xDF, 0xA5, 0x26, 0xAA, 0x73, 0x12, 0x9F, 0xB7, 0x94, 0x7E, 0x5A, 0xFB, 0xAA,
    0x5C, 0x94, 0xFE, 0x37, 0xD7, 0x71, 0x1B, 0xF7, 0xE1, 0x86, 0x37, 0x67, 0x1F, 0x6A, 0xD7, 0xE1,
    0xC1, 0x82, 0x2C, 0x9F, 0x7B, 0x15, 0x78, 0x07, 0xEB, 0x46, 0x9A, 0x31, 0x45, 0xE5, 0x8E, 0x2E,
    0xED, 0xE3, 0xED, 0x83, 0x83, 0x83, 0xED, 0x83, 0x6D, 0xAB, 0xCB, 0xED, 0xC7, 0xBF, 0x2F, 0x0F,
    0x76, 0xB6, 0x0F, 0x2C, 0xB7, 0x71, 0x1F, 0xEE, 0xCB, 0x63, 0x66, 0x1F, 0xB8, 0xD6, 0xB5, 0xC1,
    0x23, 0x12, 0x90, 0x40, 0x97, 0xED, 0x8A, 0x62, 0x1A, 0x17, 0xD3, 0xA4, 0x50, 0xB9, 0x91, 0xCE,
    0x2F, 0x9A, 0xA2, 0x75, 0x81, 0xC8, 0x64, 0x5C, 0xDE, 0xC9, 0x67, 0xD9, 0x66, 0x3D, 0x5F, 0xEF,
    0xCC, 0x66, 0xD9, 0xAA, 0x3D, 0x69, 0x18, 0xD7, 0x1C, 0x12, 0x84, 0x07, 0x5B, 0xB3, 0x00, 0xF3,
    0x24, 0x0D, 0xC6, 0x17, 0x78, 0x92, 0x57, 0xDC, 0x3A, 0x85, 0x2C, 0x8A, 0x22, 0xEC, 0x21, 0xBF,
    0x19, 0x25, 0xE5, 0x3C, 0x29, 0x35, 0x9A, 0x3A, 0x74, 0x53, 0x98, 0xCD, 0x13, 0x48, 0x4F, 0x6A,
    0xCE, 0x55, 0x8C, 0x32, 0xFA, 0xB9, 0xC3, 0xE8, 0xA7, 0x56, 0xA7, 0x6F, 0x5B, 0xED, 0x25, 0xEF,
    0xF5, 0x12, 0x40, 0x45, 0x04, 0x0A, 0xA4, 0x94, 0x74, 0x9B, 0x92, 0xDB, 0x28, 0x39, 0x8A, 0x42,
    0x49, 0x51, 0x62, 0x14, 0xBA, 0x95, 0xB2, 0x5E, 0x9D, 0x59, 0x76, 0xA1, 0xC9, 0xB7, 0xE8, 0xC7,
    0xA4, 0xB2, 0xA8, 0x88, 0x0A, 0x6D, 0x6E, 0x41, 0xE8, 0x74, 0xF5, 0xE7, 0xEA, 0xA7, 0x55, 0xB4,
    0x71, 0x43, 0x34, 0x13, 0x67, 0xE5, 0x1F, 0x1A, 0x45, 0xF3, 0x09, 0x4D, 0x27, 0xB4, 0x0B, 0x88,
    0xDF, 0xA8, 0x41, 0x3D, 0x5A, 0xD3, 0x77, 0xED, 0x7A, 0x47, 0x83, 0x56, 0x99, 0x61, 0x9B, 0xFF,
    0x52, 0xAF, 0xB6, 0x3D, 0x38, 0x21, 0x09, 0x09, 0x24, 0xBB, 0x50, 0x15, 0x89, 0xEC, 0x27, 0x15,
    0x14, 0xEF, 0x3B, 0x15, 0x4D, 0x29, 0xAC, 0x08, 0xAA, 0x0F, 0x6A, 0x00, 0x49, 0x01, 0x20, 0x08,
    0x60, 0x1C, 0x34, 0x61, 0x35, 0x8F, 0x1A, 0x0A, 0x2C, 0xF6, 0x00, 0x3B, 0xFD, 0x84, 0x12, 0x33,
    0xDA, 0x81, 0x1A, 0x4F, 0x77, 0xA0, 0xAF, 0xF5, 0x0E, 0x54, 0xDA, 0xB9, 0x80, 0x8D, 0x42, 0x04,
    0x53, 0xF0, 0xC4, 0x63, 0x26, 0x8F, 0x9A, 0x3C, 0xEE, 0x01, 0xF9, 0x80, 0x7D, 0x40, 0x3F, 0xE0,
    0x1F, 0x08, 0x30, 0x05, 0x28, 0x3B, 0x48, 0x08, 0x87, 0x55, 0xB5, 0x12, 0xDB, 0x1B, 0x95, 0x3C,
    0x38, 0x31, 0x6C, 0x2A, 0xA4, 0x97, 0xC5, 0x31, 0x05, 0x18, 0xDC, 0x50, 0x5C, 0xA2, 0x0B, 0x4C,
    0x9B, 0x01, 0x29, 0x40, 0x59, 0xF1, 0xA7, 0xC6, 0xB4, 0x0B, 0x7A, 0x7F, 0xCC, 0x92, 0x01, 0x73,
    0x82, 0x75, 0x8D, 0x6B, 0x36, 0x2B, 0x71, 0xCB, 0x14, 0x69, 0x02, 0x05, 0xA1, 0xBB, 0x13, 0x30,
    0x45, 0x79, 0x07, 0xED, 0x24, 0xF9, 0x6C, 0x44, 0x90, 0x54, 0x9A, 0x86, 0x0C, 0xEB, 0xF8, 0x9F,
    0x44, 0x51, 0x25, 0x7E, 0x87, 0x01, 0x85, 0x04, 0xBB, 0x82, 0xC6, 0x80, 0x13, 0x08, 0x54, 0x01,
    0x53, 0xA4, 0x9C, 0x01, 0x09, 0xF2, 0x35, 0x94, 0x67, 0xFC, 0x4C, 0x68, 0x79, 0x29, 0xFF, 0x2C,
    0x28, 0x6C, 0x59, 0xBD, 0x55, 0x41, 0x39, 0x7F, 0xE1, 0x59, 0xE4, 0xD4, 0xA9, 0x17, 0x30, 0x0A,
    0x36, 0x74, 0xC6, 0x5B, 0x48, 0xE2, 0x09, 0x13, 0xCF, 0x9D, 0x39, 0x3E, 0x75, 0x45, 0x1D, 0x77,
    0x61, 0x76, 0x78, 0x15, 0x30, 0x35, 0x98, 0x8E, 0xF4, 0x21, 0xA6, 0xA3, 0x78, 0xB0, 0xC6, 0x5E,
    0xD2, 0x22, 0xC1, 0xB8, 0x2E, 0xB6, 0xD8, 0x5E, 0x6C, 0x46, 0xD4, 0x80, 0x68, 0xE4, 0x60, 0xBB,
    0x63, 0x6F, 0x5D, 0x8F, 0x66, 0x10, 0xC7, 0x12, 0x52, 0x94, 0x62, 0xED, 0x21, 0xBE, 0x94, 0xC2,
    0x42, 0x72, 0x0D, 0xEB, 0x0A, 0x0D, 0x2C, 0x4F, 0x19, 0xD4, 0xD7, 0x4A, 0xFC, 0xFD, 0x15, 0x7A,
    0xF1, 0x10, 0x48, 0x27, 0x7E, 0x11, 0xAE, 0x8B, 0x78, 0xF2, 0x57, 0x20, 0x48, 0xB1, 0x89, 0x74,
    0x27, 0xBD, 0xCE, 0x49, 0x8F, 0x58, 0xD2, 0x14, 0x23, 0xF0, 0xBF, 0xAE, 0x8D, 0x2E, 0xB4, 0x08,
    0x98, 0x19, 0xA9, 0x48, 0xB2, 0x25, 0xF0, 0x9F, 0xBE, 0xE1, 0xAA, 0x77, 0x5A, 0xC3, 0xEF, 0xC3,
    0x05, 0x33, 0x0C, 0xDA, 0x7E, 0xF6, 0x21, 0x2C, 0x11, 0x13, 0x8B, 0xAD, 0x27, 0x59, 0x79, 0x19,
    0x28, 0x18, 0xA6, 0xA6, 0x9F, 0x7D, 0x00, 0x0C, 0x8C, 0x34, 0x27, 0x86, 0x1D, 0x6E, 0xB6, 0xA7,
    0x80, 0x91, 0x87, 0xF1, 0xD1, 0x0C, 0x50, 0x58, 0xAE, 0x97, 0x25, 0xF5, 0xB3, 0x19, 0xC8, 0x01,
    0x33, 0x48, 0x31, 0x7E, 0xD9, 0xFB, 0xEE, 0xB0, 0x33, 0x6E, 0xBF, 0x81, 0xB9, 0x0C, 0xBB, 0x41,
    0xF7, 0xBC, 0x3A, 0xB2, 0x6D, 0x66, 0x25, 0x3C, 0x05, 0xF4, 0x5A, 0x63, 0x7D, 0x67, 0x3F, 0xCC,
    0x23, 0x00, 0x2A, 0xF0, 0x2F, 0x99, 0xB7, 0x80, 0xF7, 0x2B, 0x68, 0xB9, 0xE7, 0xF7, 0x19, 0xFC,
    0x88, 0xD7, 0x8C, 0x3F, 0x03, 0x2C, 0x54, 0xC8, 0xAA, 0xC3, 0x1F, 0xBB, 0x4B, 0xE3, 0xBD, 0x71,
    0x21, 0xC4, 0x31, 0xBE, 0xC0, 0x63, 0x6D, 0x3A, 0x31, 0x5F, 0x66, 0x33, 0x6E, 0x1F, 0xCA, 0xC9,
    0xB6, 0xA1, 0x3D, 0x5B, 0x8D, 0x27, 0xF8, 0x73, 0x36, 0x72, 0x43, 0x54, 0x75, 0x45, 0x34, 0x6E,
    0xF3, 0x6A, 0x14, 0x14, 0xBC, 0x44, 0x04, 0x53, 0xB6, 0x57, 0x42, 0x23, 0x2A, 0xE1, 0x25, 0x2C,
    0x44, 0x07, 0xEF, 0xAB, 0xC0, 0xAF, 0x60, 0xEB, 0x93, 0x02, 0x7E, 0x62, 0x10, 0x6B, 0x7B, 0x8E,
    0x1B, 0x2E, 0x47, 0x98, 0x74, 0x6D, 0xB9, 0xFF, 0xF7, 0x4D, 0x77, 0x29, 0x42, 0x78, 0xFC, 0xD4,
    0xA4, 0x71, 0x75, 0x3C, 0x83, 0xF6, 0x22, 0x0F, 0xC2, 0xC1, 0x2E, 0xF5, 0x41, 0xE1, 0x5A, 0x13,
    0xED, 0x45, 0x9E, 0xD8, 0x21, 0xF2, 0x8B, 0x39, 0xFA, 0x8E, 0x8F, 0xF6, 0x21, 0xBE, 0x70, 0xBA,
    0x0C, 0x94, 0x01, 0x90, 0x05, 0x80, 0x28, 0xEF, 0x1D, 0x3D, 0x12, 0x88, 0xC1, 0x6D, 0x32, 0x00,
    0x5F, 0xB7, 0x02, 0xBE, 0x8B, 0xEF, 0xEC, 0x96, 0x08, 0x3C, 0x2A, 0x46, 0x4A, 0xF2, 0x7E, 0xC6,
    0xDB, 0x03, 0xD6, 0xB6, 0x0F, 0x4F, 0x19, 0x2D, 0x68, 0x0C, 0x56, 0xA4, 0x64, 0x60, 0x19, 0x34,
    0x0C, 0x3A, 0x06, 0x9A, 0x01, 0x2C, 0x01, 0x1B, 0x3C, 0x80, 0xC4, 0x02, 0x44, 0x88, 0x52, 0x14,
    0x82, 0x10, 0x34, 0x2D, 0xD4, 0xAA, 0x93, 0x64, 0xFD, 0x14, 0xBC, 0xB3, 0x11, 0x83, 0xD0, 0xEF,
    0xB1, 0x5B, 0xBA, 0x27, 0x76, 0xDC, 0x14, 0xAF, 0x3D, 0xE4, 0x89, 0xEB, 0x8D, 0x41, 0xDF, 0xCB,
    0xB3, 0xF4, 0x3D, 0xD3, 0x6C, 0x51, 0xA0, 0xE0, 0xB2, 0x38, 0x01, 0x7C, 0x83, 0xEF, 0x72, 0xB6,
    0xBE, 0xF7, 0xB4, 0x0A, 0x34, 0xFD, 0x7C, 0x9B, 0x2F, 0xF1, 0xCC, 0x57, 0x47, 0x3C, 0x78, 0xC0,
    0x96, 0x91, 0xF5, 0x2F, 0x65, 0xDB, 0x74, 0xE8, 0x17, 0xE1, 0xBA, 0x88, 0xCB, 0xFB, 0x6C, 0xF5,
    0xD9, 0xFE, 0xEF, 0xEC, 0x5D, 0xE7, 0xA4, 0xBD, 0x0E, 0x20, 0x41, 0x5A, 0xFE, 0xBA, 0xBE, 0x9D,
    0x26, 0xFA, 0x21, 0xF2, 0x4C, 0xA4, 0xC3, 0x99, 0xFA, 0x18, 0x8E, 0xEC, 0x25, 0x7C, 0x1B, 0x3C,
    0x08, 0xC1, 0x1C, 0x06, 0x08, 0x11, 0x62, 0xE8, 0x81, 0xFC, 0x47, 0x8B, 0x34, 0xCB, 0xD1, 0x1E,
    0xC8, 0x7D, 0x97, 0x7C, 0xC2, 0xB9, 0xC5, 0x2C, 0x4D, 0x18, 0x0F, 0x3B, 0xC0, 0x7D, 0x84, 0x79,
    0x55, 0xC4, 0x2C, 0x25, 0x2C, 0xBD, 0x52, 0x83, 0xA5, 0x09, 0xB3, 0x34, 0x07, 0x23, 0x88, 0x5C,
    0x8B, 0x45, 0x54, 0x02, 0x08, 0x64, 0xA7, 0x5A, 0x32, 0x4B, 0xBB, 0xCC, 0x52, 0xC3, 0x2C, 0x59,
    0xB0, 0x94, 0xF8, 0x39, 0x31, 0x4B, 0x92, 0x59, 0xFA, 0xC6, 0x2A, 0x84, 0xE4, 0x94, 0xD7, 0xDB,
    0xFB, 0xE8, 0xF5, 0x68, 0x81, 0x43, 0xCB, 0xFF, 0xB3, 0x74, 0xF0, 0xC8, 0x9D, 0x2C, 0xA3, 0x56,
    0xF4, 0x39, 0x42, 0x4F, 0x4C, 0x2C, 0x7D, 0xB5, 0x14, 0xF0, 0x76, 0x10, 0xEF, 0x13, 0xFA, 0xF5,
    0xB5, 0xD1, 0x08, 0x21, 0xCC, 0x88, 0x81, 0x69, 0x02, 0xE7, 0xD8, 0xCA, 0xEC, 0x4A, 0x68, 0x3C,
    0x41, 0x2E, 0xC0, 0xA9, 0x0D, 0xBF, 0xAF, 0x64, 0x9D, 0xBC, 0x35, 0xF0, 0xA1, 0xF2, 0xFC, 0xEC,
    0x50, 0x19, 0xC3, 0x54, 0x81, 0x88, 0x44, 0x67, 0x08, 0x4E, 0x7A, 0xA4, 0x19, 0x88, 0x8E, 0x42,
    0x8E, 0x93, 0xA8, 0xE7, 0xB0, 0xC9, 0x07, 0x50, 0x6A, 0xDF, 0x2C, 0xC3, 0x2B, 0x1F, 0x68, 0xF9,
    0xF0, 0xC1, 0x47, 0x60, 0x5F, 0x09, 0x5E, 0x4B, 0x2F, 0x21, 0x98, 0x1A, 0xD1, 0x96, 0x9E, 0x39,
    0x4E, 0x47, 0x0B, 0x3E, 0xF4, 0xD0, 0xC8, 0x67, 0x87, 0x37, 0x84, 0x8B, 0xEB, 0xB9, 0x9D, 0x4F,
    0x21, 0x4E, 0xA6, 0xA5, 0x79, 0x05, 0x41, 0xEB, 0x28, 0x3D, 0x72, 0x3E, 0x40, 0x53, 0x1C, 0xA1,
    0x79, 0xF5, 0x80, 0x28, 0xDE, 0x80, 0xEC, 0x0A, 0xD8, 0x6E, 0xC1, 0x0E, 0x34, 0x85, 0xBD, 0x66,
    0x73, 0x1D, 0x2F, 0x8B, 0xA8, 0xD4, 0x8D, 0xBC, 0x44, 0x5B, 0xC6, 0x7D, 0x7C, 0xA0, 0x33, 0x5F,
    0x2E, 0xC7, 0xE6, 0x7A, 0x6B, 0x3E, 0x13, 0xE8, 0x10, 0x09, 0x22, 0x0E, 0x2B, 0xD4, 0xF2, 0x44,
    0x45, 0x9B, 0x20, 0x77, 0x46, 0xF4, 0xFB, 0xA0, 0xC8, 0xC9, 0x36, 0xE8, 0x65, 0x48, 0xA2, 0x5F,
    0xA0, 0xCE, 0x3D, 0x35, 0x61, 0x8F, 0x3C, 0x9D, 0xA3, 0x27, 0x16, 0x3E, 0x4E, 0x01, 0x36, 0x35,
    0xFF, 0xA2, 0xF8, 0x6E, 0xB0, 0xBB, 0xC2, 0x72, 0xBF, 0xAA, 0x81, 0x76, 0x7E, 0x79, 0x7C, 0x87,
    0x77, 0xE0, 0x93, 0x10, 0xB0, 0x7C, 0x62, 0x2F, 0x8D, 0x2B, 0xAC, 0xA6, 0x70, 0xD6, 0x1D, 0xF1,
    0xFB, 0xD2, 0x7C, 0x71, 0xB7, 0x1C, 0x3C, 0xD9, 0xC7, 0x43, 0x81, 0xA1, 0xF2, 0x75, 0x97, 0xC1,
    0x99, 0x97, 0xE9, 0x33, 0xD8, 0xB3, 0xCE, 0x47, 0xF4, 0xAE, 0x77, 0xDC, 0xAF, 0x64, 0x0B, 0x94,
    0x9A, 0xA4, 0xA4, 0x5F, 0xE7, 0xB3, 0xFD, 0x2A, 0xE6, 0x48, 0xBE, 0x92, 0x0C, 0xAD, 0x2A, 0xD9,
    0x49, 0x2B, 0x8F, 0x1D, 0xB8, 0x4A, 0x78, 0xFA, 0x17, 0xAE, 0xCF, 0x0B, 0xE1, 0xFE, 0x85, 0x50,
    0x2D, 0xEC, 0xB3, 0xB4, 0xF1, 0x27, 0x88, 0x7C, 0x92, 0x98, 0xFE, 0xA7, 0xF7, 0xA6, 0x3A, 0xA7,
    0x21, 0xC7, 0xEE, 0x96, 0x85, 0x7F, 0x73, 0x9D, 0x32, 0x3A, 0xE3, 0x3E, 0xC3, 0xA9, 0x63, 0x39,
    0x9C, 0x38, 0xB2, 0x3B, 0x08, 0xFC, 0xB1, 0x80, 0x0F, 0x35, 0xE8, 0x96, 0x8F, 0x8F, 0x06, 0x9F,
    0xCC, 0x5B, 0x3B, 0x3E, 0x5E, 0xC6, 0x81, 0x4E, 0x03, 0x3A, 0x9D, 0xA7, 0xB3, 0x40, 0x00, 0xD1,
    0xCF, 0x72, 0x03, 0x3E, 0xB9, 0xF8, 0x0C, 0x83, 0xC3, 0x7D, 0x48, 0x7B, 0xC6, 0x3A, 0xB0, 0xA6,
    0x13, 0x6F, 0xC8, 0x5E, 0xFA, 0x35, 0xE0, 0xFB, 0x1E, 0x79, 0xE7, 0x11, 0xBE, 0x84, 0xBE, 0x7D,
    0xDC, 0x5C, 0x1A, 0x5F, 0x5C, 0xD4, 0x24, 0x3E, 0x6B, 0xFD, 0xFB, 0xB2, 0xB8, 0xE0, 0x9A, 0x32,
    0xB1, 0x0C, 0x8E, 0x63, 0xFB, 0x15, 0x77, 0x05, 0x57, 0x95, 0x8D, 0x96, 0x07, 0xAB, 0x5F, 0x7E,
    0x23, 0x8B, 0x47, 0x20, 0x2C, 0x9E, 0x66, 0x2A, 0x5E, 0x06, 0xDC, 0x48, 0x91, 0xCE, 0xF9, 0x20,
    0x05, 0x56, 0x3F, 0xAB, 0xD6, 0x89, 0xF0, 0xF9, 0x07, 0xFA, 0x20, 0xD9, 0xDC, 0xA2, 0xF8, 0x15,
    0x16, 0x17, 0x3E, 0xD3, 0x7B, 0xE9, 0xBF, 0x59, 0xFA, 0x66, 0x80, 0xEF, 0xBB, 0x73, 0x88, 0xEF,
    0x1E, 0xF2, 0x57, 0x36, 0x72, 0x0E, 0x4B, 0xA3, 0xCC, 0x21, 0xC4, 0xB3, 0x25, 0xE9, 0x0B, 0x9F,
    0xF8, 0xF1, 0x62, 0xF1, 0xA2, 0xF1, 0xE2, 0x25, 0xAE, 0xC6, 0xC2, 0xC0, 0xD3, 0x37, 0x3B, 0x50,
    0x98, 0x9A, 0xE2, 0xFB, 0xC7, 0x5E, 0x70, 0x4F, 0xD6, 0xB4, 0xA7, 0x3B, 0xD2, 0x58, 0x40, 0x6D,
    0xD8, 0xA5, 0x9F, 0xEF, 0x8C, 0xD0, 0x67, 0x83, 0xCD, 0xF2, 0x54, 0x65, 0x72, 0x52, 0xA0, 0x58,
    0x11, 0x9C, 0x17, 0xF6, 0x9C, 0x13, 0x5E, 0x48, 0x78, 0xE7, 0xD3, 0x5F, 0x51, 0xF0, 0xEF, 0xDC,
    0xA7, 0xCD, 0xAC, 0x08, 0xEE, 0xF8, 0xF8, 0x9D, 0x25, 0xDE, 0x0B, 0xA8, 0x79, 0xCD, 0xE0, 0x5E,
    0x18, 0x1F, 0x0B, 0x68, 0x5E, 0x0C, 0x02, 0x5A, 0x36, 0x97, 0xC6, 0x77, 0xD6, 0xDA, 0x5D, 0x14,
    0x17, 0x0B, 0x79, 0xF2, 0xF9, 0x59, 0xC2, 0x7E, 0x81, 0x79, 0x8E, 0x36, 0xBC, 0xDF, 0xE8, 0x78,
    0xDD, 0xD6, 0xE7, 0xCA, 0xC8, 0x1A, 0x7D, 0xC5, 0x19, 0xFD, 0x82, 0xFC, 0x3D, 0x93, 0x40, 0x99,
    0x06, 0x9A, 0x39, 0x68, 0x3A, 0xD3, 0x47, 0x5F, 0x14, 0x9D, 0xF8, 0x45, 0xD1, 0x8D, 0x41, 0xF3,
    0x09, 0x68, 0x56, 0xA0, 0x59, 0x20, 0x6A, 0xE4, 0x3E, 0xA0, 0xF9, 0x11, 0x68, 0x7E, 0x9B, 0x36,
    0x4E, 0x03, 0x4E, 0xEC, 0xFF, 0xF9, 0xE4, 0x87, 0x5D, 0x73, 0xEE, 0x33, 0x59, 0xE1, 0x1E, 0x9A,
    0xB0, 0x93, 0x43, 0xE6, 0x9F, 0x94, 0xA7, 0xF6, 0xFF, 0xC2, 0xF8, 0xD6, 0xFB, 0x6F, 0x5F, 0xDB,
    0xFF, 0x8B, 0xE2, 0x3B, 0x6B, 0xCF, 0x2E, 0xCC, 0x1B, 0xEB, 0x30, 0xCF, 0x97, 0x6D, 0xD4, 0xC6,
    0x99, 0x20, 0xFF, 0x9F, 0xA3, 0xB2, 0xA4, 0x4A, 0x8D, 0x28, 0x39, 0x8A, 0x16, 0x65, 0x6A, 0xE2,
    0x0A, 0x19, 0xA3, 0xD5, 0x58, 0xEF, 0x43, 0x0C, 0xC3, 0x82, 0x77, 0x18, 0xBB, 0x00, 0x0F, 0x1A,
    0xE3, 0x15, 0x64, 0x31, 0x2D, 0x86, 0xA2, 0x32, 0xBA, 0x81, 0xA8, 0x4B, 0xA0, 0x8B, 0xAC, 0x4E,
    0x9F, 0xD7, 0x6B, 0x89, 0x60, 0x49, 0xF7, 0xAC, 0xE7, 0x99, 0xF6, 0x3B, 0x2A, 0x97, 0x81, 0xD5,
    0x46, 0xE1, 0x3A, 0x6E, 0xE3, 0x3E, 0xDC, 0x57, 0x9E, 0x0E, 0xB0, 0x7C, 0x90, 0xC5, 0x7F, 0x79,
    0xD4, 0x0B, 0xFF, 0xBE, 0x0A, 0xDE, 0xFF, 0x0B, 0xCD, 0x5A, 0x3D, 0x93, 0xDC, 0xC6, 0x11, 0x6D,
    0x00, 0xF6, 0xA2, 0xEA, 0x36, 0x40, 0x22, 0x95, 0x4D, 0x33, 0x80, 0x03, 0x06, 0x36, 0xAB, 0x74,
    0x48, 0x1D, 0x90, 0x1C, 0x38, 0x72, 0xE0, 0x44, 0x81, 0x7E, 0x00, 0x03, 0x05, 0x2E, 0x27, 0x74,
    0xA0, 0xC0, 0x01, 0x49, 0xA0, 0xE4, 0xC0, 0x81, 0x92, 0xFB, 0x07, 0xBA, 0x80, 0x55, 0x36, 0x97,
    0xC1, 0x29, 0x70, 0xC0, 0x80, 0xB7, 0x80, 0x8A, 0xA1, 0x12, 0x48, 0x0E, 0x1C, 0x38, 0xD0, 0x4A,
    0x56, 0xE0, 0x3A, 0x06, 0x04, 0x4D, 0x54, 0x11, 0x3C, 0x62, 0x31, 0x7E, 0x6F, 0x06, 0xB8, 0xDB,
    0xDD, 0xDB, 0xFB, 0xDA, 0xDB, 0xBB, 0xD2, 0x02, 0xDD, 0x85, 0x05, 0xE6, 0xE3, 0x75, 0xCF, 0x4C,
    0x4F, 0x77, 0x03, 0xB2, 0x31, 0x8A, 0x45, 0x42, 0x9D, 0x76, 0x6C, 0xE1, 0xE7, 0x4D, 0xC1, 0x86,
    0x2D, 0x58, 0xA0, 0x85, 0x45, 0x50, 0x38, 0xFA, 0x1C, 0xE5, 0x54, 0x90, 0x8B, 0x24, 0x41, 0x21,
    0x32, 0x1E, 0x96, 0x22, 0x53, 0xBF, 0x14, 0xA7, 0xF1, 0x6A, 0xF1, 0x6A, 0xB7, 0x11, 0x4F, 0xEB,
    0x46, 0x7C, 0xAD, 0x5B, 0x09, 0xF6, 0x47, 0x5A, 0x50, 0x4A, 0xC5, 0x51, 0x2E, 0x2A, 0x55, 0xA9,
    0x44, 0xB9, 0x8A, 0x71, 0xC7, 0x19, 0x3D, 0x12, 0x47, 0xD7, 0x86, 0x0E, 0x7E, 0xC9, 0x04, 0x55,
    0xA7, 0xA8, 0xA4, 0x25, 0xCC, 0x51, 0x56, 0x22, 0x50, 0x92, 0x3A, 0x99, 0x4E, 0x83, 0x76, 0x07,
    0xB5, 0xC3, 0x54, 0xE1, 0x9E, 0x8A, 0x93, 0x54, 0xBD, 0xC0, 0x3D, 0xFD, 0x6D, 0xEA, 0xB6, 0x61,
    0x2A, 0x3F, 0x77, 0x00, 0x6B, 0xD3, 0xCF, 0x89, 0x12, 0x57, 0xEE, 0x54, 0xAE, 0x50, 0x90, 0xF4,
    0x3D, 0x71, 0x27, 0xF7, 0x45, 0x74, 0x85, 0x16, 0xB7, 0x2E, 0x2E, 0xCC, 0x65, 0x21, 0x9D, 0xA0,
    0xB1, 0x08, 0x6D, 0xC9, 0x43, 0x83, 0x8E, 0x4C, 0x95, 0xEC, 0x60, 0xB2, 0x1A, 0x54, 0xB4, 0x2E,
    0x0F, 0x50, 0x9F, 0xE3, 0xD7, 0x80, 0x74, 0x6E, 0xEB, 0x29, 0xB6, 0xFC, 0x4C, 0xBA, 0x27, 0x4E,
    0x79, 0x74, 0x2C, 0x42, 0x08, 0xE7, 0x68, 0x3D, 0x01, 0xDE, 0x9D, 0x1A, 0xC0, 0x30, 0x5E, 0x2A,
    0x97, 0x8C, 0x35, 0x95, 0x05, 0x36, 0x5E, 0xC2, 0x2C, 0x62, 0x9E, 0xA6, 0xB0, 0xA9, 0x66, 0x1A,
    0x40, 0x53, 0xD0, 0x49, 0x48, 0xB5, 0x79, 0xE8, 0x6D, 0xC8, 0x69, 0xC0, 0xE9, 0x7C, 0xD8, 0xA1,
    0x93, 0x6D, 0xC9, 0x10, 0xFA, 0x89, 0xDE, 0xB5, 0x50, 0x4B, 0x82, 0xDA, 0x9B, 0x42, 0x05, 0x4F,
    0x3B, 0xE2, 0x35, 0xEF, 0xA9, 0x34, 0x89, 0x59, 0x86, 0x65, 0x9D, 0x0C, 0x8D, 0x3A, 0x1C, 0xCF,
    0x21, 0xA5, 0x8B, 0xA8, 0xB5, 0xDD, 0x20, 0xBD, 0x42, 0x61, 0xAE, 0x11, 0x55, 0x2E, 0xEE, 0x9B,
    0x89, 0x0C, 0x8B, 0xFA, 0xE2, 0xC2, 0xB8, 0x9C, 0x01, 0x5E, 0xD5, 0x33, 0xF3, 0xF7, 0xCA, 0x84,
    0xD9, 0x64, 0x91, 0xD8, 0xD2, 0xE6, 0x1A, 0x46, 0xE6, 0xE3, 0x01, 0x1A, 0xBA, 0xC3, 0xF9, 0x1C,
    0xEC, 0xF6, 0x12, 0x5D, 0x95, 0x30, 0x83, 0xF8, 0x63, 0xF1, 0xBE, 0x47, 0x8F, 0xEF, 0x0A, 0x2B,
    0xD0, 0x05, 0x85, 0xB1, 0xED, 0x61, 0x35, 0xBF, 0xE3, 0x02, 0x8F, 0xE7, 0x84, 0x50, 0xFA, 0x07,
    0x90, 0x8E, 0xD5, 0x48, 0x4F, 0x94, 0x0C, 0x2B, 0x25, 0x6E, 0x03, 0x74, 0x53, 0xD0, 0xB8, 0xA3,
    0xA4, 0xA3, 0xFE, 0xFF, 0xD4, 0x96, 0x41, 0xD9, 0x91, 0x2E, 0x4C, 0x5D, 0xB4, 0x21, 0x76, 0x61,
    0x18, 0x16, 0x7E, 0x65, 0x58, 0xDA, 0xB3, 0x5C, 0x9C, 0x16, 0x0C, 0xCB, 0x3A, 0x07, 0x76, 0xAC,
    0xE3, 0x24, 0x4E, 0x28, 0x3B, 0x56, 0x78, 0xCB, 0xA7, 0xB0, 0x0C, 0x64, 0x61, 0xF7, 0xD7, 0x3C,
    0x30, 0x45, 0x4C, 0x61, 0x53, 0xCD, 0x69, 0x51, 0xC4, 0xD7, 0x6D, 0x4C, 0x1B, 0x54, 0x8A, 0xBF,
    0xBF, 0x03, 0xAD, 0x95, 0xA2, 0xC9, 0x54, 0x0A, 0x16, 0xE6, 0x60, 0x41, 0x71, 0x6F, 0x7F, 0x3B,
    0x28, 0x50, 0x62, 0x68, 0x99, 0xB9, 0xD7, 0x33, 0x53, 0xC4, 0x14, 0xD6, 0x5D, 0x03, 0xA6, 0x29,
    0x36, 0x6A, 0x40, 0x06, 0xD8, 0x2A, 0x48, 0xB8, 0x26, 0x5E, 0xF6, 0x4B, 0x00, 0x44, 0x42, 0x48,
    0xC4, 0x46, 0xA4, 0x04, 0xCA, 0x6B, 0xDE, 0xE3, 0x33, 0x96, 0x61, 0x59, 0x42, 0x74, 0x46, 0xDB,
    0xE2, 0xC2, 0x50, 0x93, 0xE6, 0xB5, 0xAC, 0x53, 0x43, 0xA3, 0x51, 0xAC, 0xEC, 0xF8, 0x1F, 0xD2,
    0x68, 0xC4, 0xE7, 0x96, 0x16, 0x9F, 0xD9, 0xE7, 0x71, 0x5F, 0xDF, 0x45, 0xFB, 0x1E, 0x40, 0x93,
    0xE6, 0x67, 0x45, 0x0D, 0x65, 0x4D, 0xCD, 0xAC, 0x18, 0xC3, 0x0A, 0xB7, 0xA3, 0x2C, 0xD5, 0x28,
    0x0F, 0xCA, 0xA7, 0xDD, 0xCC, 0x53, 0x31, 0x2C, 0x36, 0x2C, 0x70, 0x3F, 0x2B, 0xDC, 0xF8, 0x86,
    0x78, 0xC5, 0x53, 0xCC, 0xBB, 0x92, 0xC6, 0xF8, 0x52, 0xF0, 0x0E, 0xE4, 0xAE, 0xF8, 0x39, 0xF1,
    0xC2, 0x18, 0x64, 0xF1, 0x85, 0x31, 0x1B, 0xA3, 0xCB, 0x0D, 0x44, 0xCD, 0x1B, 0xE0, 0x75, 0x62,
    0x36, 0xE6, 0x23, 0xE9, 0xE8, 0x88, 0x29, 0x39, 0x3F, 0xE6, 0x35, 0xE1, 0xCA, 0xED, 0xA6, 0x47,
    0x3B, 0xDD, 0xA6, 0xFD, 0x6E, 0x78, 0x0E, 0x4C, 0xA9, 0xC5, 0x34, 0x05, 0x26, 0xB4, 0xE1, 0x96,
    0x76, 0x33, 0xF3, 0xF6, 0x41, 0xDA, 0x94, 0x1A, 0xA4, 0xB0, 0x12, 0xAF, 0x30, 0x6F, 0x39, 0x56,
    0xEA, 0x92, 0xE6, 0xC3, 0x31, 0x96, 0x68, 0xE5, 0xF9, 0x60, 0x37, 0xD0, 0xBA, 0xDF, 0x40, 0x9F,
    0x9D, 0xBE, 0x81, 0x96, 0x33, 0x66, 0xFA, 0xFD, 0x39, 0x33, 0xAD, 0x74, 0xDC, 0xB1, 0x9B, 0x19,
    0x30, 0xD0, 0x42, 0x77, 0x66, 0x7A, 0x7C, 0xD4, 0x4C, 0xB7, 0x27, 0x6C, 0xA0, 0x30, 0x04, 0xBD,
    0xF1, 0x80, 0x29, 0x5E, 0x30, 0x1E, 0xD6, 0x80, 0xF4, 0xC6, 0x43, 0x75, 0xC6, 0xC3, 0xA5, 0x7D,
    0xC3, 0xFD, 0x5F, 0xD0, 0xA3, 0xDA, 0x83, 0x7F, 0xC5, 0x81, 0xE2, 0x40, 0xDC, 0x18, 0xA0, 0xC5,
    0xFB, 0x01, 0x7D, 0x34, 0x76, 0xE9, 0xD7, 0x72, 0x75, 0x02, 0x1A, 0x0B, 0x91, 0xD3, 0x9A, 0xCD,
    0x5B, 0x88, 0xB5, 0x0A, 0x78, 0x7E, 0xAF, 0x61, 0x8D, 0x23, 0x78, 0x9C, 0xD7, 0xB0, 0x4E, 0x01,
    0x2F, 0x0F, 0xBD, 0x0D, 0x3C, 0xB8, 0x13, 0xF8, 0x45, 0xBF, 0xFF, 0x9A, 0x05, 0xC0, 0xE9, 0x22,
    0x0E, 0x6F, 0x75, 0x66, 0x32, 0xEA, 0x64, 0xDD, 0xBC, 0x04, 0xF9, 0xB8, 0x04, 0x03, 0x4C, 0x4B,
    0x05, 0x67, 0xBD, 0x09, 0xE7, 0xBC, 0x8B, 0x19, 0xE7, 0xE1, 0x28, 0x8D, 0x46, 0x1A, 0x26, 0xC1,
    0xD2, 0x49, 0xE5, 0x68, 0x88, 0x1F, 0xD9, 0x00, 0x2B, 0xF8, 0x36, 0x16, 0x65, 0x64, 0x9D, 0x19,
    0xAB, 0x66, 0x91, 0x92, 0xC2, 0x99, 0xEA, 0xCA, 0xD1, 0x2F, 0x1A, 0xA7, 0x75, 0xA6, 0xB8, 0x37,
    0x3E, 0x0B, 0x31, 0x98, 0x89, 0x0F, 0x19, 0x50, 0xE9, 0xD2, 0xB0, 0x6C, 0x6F, 0x94, 0x4D, 0xEC,
    0x03, 0x5C, 0xC5, 0x11, 0xEE, 0x75, 0x6C, 0xBE, 0xC6, 0xB1, 0x0C, 0x0E, 0x07, 0x86, 0xB5, 0x30,
    0xC4, 0x6B, 0xFF, 0x95, 0x8E, 0xFD, 0x37, 0xBA, 0xC0, 0x70, 0x96, 0x7E, 0xED, 0x57, 0x7E, 0xE9,
    0xD6, 0x67, 0xA1, 0xF0, 0x77, 0xB0, 0xA3, 0xF2, 0xC9, 0xEE, 0x4C, 0xD0, 0x59, 0xAE, 0x72, 0x46,
    0xBF, 0x97, 0x44, 0xCB, 0x3F, 0xFA, 0x76, 0x00, 0xE9, 0x8C, 0xE7, 0xCD, 0x91, 0xC2, 0x70, 0xF5,
    0x5D, 0x9F, 0x7E, 0xDC, 0x7C, 0xDC, 0x97, 0xF7, 0xCB, 0xE3, 0x8F, 0x5F, 0x0E, 0x60, 0xDF, 0x44,
    0xC1, 0x5D, 0xAD, 0x2E, 0x2A, 0xD9, 0xDD, 0x81, 0x3C, 0x9D, 0x6F, 0xEA, 0xEC, 0xC2, 0x61, 0x45,
    0x9C, 0x72, 0x44, 0xF9, 0x03, 0x6C, 0xC1, 0x59, 0x9A, 0x14, 0x51, 0xE1, 0x15, 0x84, 0xEE, 0x15,
    0x27, 0x0B, 0x17, 0x94, 0x11, 0x17, 0xF0, 0x76, 0x54, 0x0D, 0x27, 0x9B, 0x98, 0xC6, 0xC9, 0x81,
    0x91, 0x51, 0x67, 0x38, 0x92, 0xB9, 0x1F, 0xD6, 0x81, 0x5B, 0xAF, 0xC0, 0x9C, 0x0F, 0xC1, 0xBC,
    0x92, 0xAC, 0xF2, 0xC0, 0x1A, 0xBF, 0x52, 0x0E, 0x66, 0x9E, 0x92, 0x0C, 0x8B, 0x5F, 0xAE, 0x4F,
    0xE5, 0xB6, 0x53, 0x26, 0x5E, 0x8D, 0xF3, 0x76, 0x1F, 0x4C, 0x27, 0x5E, 0x75, 0xC6, 0x53, 0xEC,
    0x19, 0xC1, 0xB1, 0x9E, 0x18, 0x2B, 0xBA, 0x41, 0x6B, 0x0A, 0xB5, 0xEC, 0xE3, 0xFE, 0xE4, 0xD9,
    0xBC, 0x1D, 0x8F, 0xD2, 0xB3, 0xD2, 0xFB, 0xCC, 0x06, 0x98, 0x8C, 0x40, 0x94, 0x32, 0xBB, 0x10,
    0x62, 0xCF, 0xF7, 0xB1, 0xE7, 0x4B, 0x06, 0x83, 0xF3, 0x48, 0xBC, 0x96, 0xA6, 0xE0, 0xC0, 0x12,
    0x60, 0xF9, 0x9E, 0xFD, 0x74, 0x1B, 0xB9, 0x5E, 0x13, 0x30, 0x7A, 0x42, 0x20, 0x33, 0xB5, 0x41,
    0x4F, 0x88, 0xE0, 0x27, 0x41, 0x97, 0x70, 0x61, 0xBC, 0x46, 0x54, 0x00, 0x79, 0xB8, 0x76, 0x13,
    0xAE, 0x5A, 0x5C, 0xBF, 0xA9, 0x45, 0x7D, 0x49, 0xD7, 0x24, 0x33, 0x06, 0x19, 0xE5, 0x0B, 0xD4,
    0x83, 0x0E, 0x3D, 0x04, 0x42, 0x8E, 0xB5, 0xC5, 0x34, 0x8F, 0xC6, 0x44, 0xC6, 0xD6, 0xE6, 0x6E,
    0x1E, 0x7A, 0x91, 0x87, 0x04, 0x8B, 0xEA, 0x4C, 0xA1, 0xDF, 0x5A, 0x92, 0x60, 0x02, 0xE3, 0x86,
    0x40, 0x27, 0xC3, 0x7D, 0xB4, 0x90, 0xE8, 0x58, 0x92, 0x1D, 0xFC, 0x47, 0xDF, 0x09, 0xB6, 0xF9,
    0x04, 0x06, 0x3F, 0x01, 0x9E, 0xA4, 0xF7, 0xC5, 0x4C, 0x82, 0x40, 0x0E, 0xBD, 0x40, 0xEE, 0xC9,
    0x0C, 0xF5, 0x58, 0x06, 0x42, 0x25, 0x7E, 0x65, 0xDB, 0x64, 0xF0, 0xA4, 0xC5, 0x52, 0x96, 0x4A,
    0x12, 0x16, 0x92, 0x0C, 0xD1, 0x26, 0xE4, 0x4A, 0x10, 0x60, 0x11, 0x83, 0x3F, 0xE9, 0xD2, 0x18,
    0xB1, 0xDD, 0x1A, 0x16, 0x6C, 0xF6, 0xEA, 0xD4, 0xBB, 0x81, 0x20, 0x7F, 0x12, 0xE4, 0x61, 0xDC,
    0xCF, 0xF7, 0xE4, 0x0C, 0xC7, 0xBA, 0x7A, 0x3E, 0x10, 0xE3, 0xC1, 0x8C, 0xB6, 0x2A, 0xEE, 0x5D,
    0xA7, 0x1F, 0x28, 0x95, 0x72, 0xCD, 0xDE, 0x91, 0x5B, 0x30, 0x42, 0x85, 0x21, 0xE5, 0xE5, 0x87,
    0x74, 0x11, 0x5C, 0x11, 0xCF, 0x64, 0xD3, 0x9C, 0x1F, 0x70, 0x42, 0x9C, 0xFD, 0x5C, 0xDA, 0x36,
    0xF1, 0x60, 0xC4, 0x0D, 0x9D, 0x84, 0x6D, 0x06, 0xC3, 0xF2, 0xF6, 0x87, 0x69, 0x12, 0xE6, 0x3C,
    0x71, 0xB1, 0xAC, 0x80, 0xD9, 0xB5, 0xE6, 0xE8, 0x13, 0xF1, 0xDF, 0x54, 0x58, 0x92, 0x8C, 0x9F,
    0x63, 0x09, 0xA1, 0xE1, 0xAC, 0xB4, 0xF4, 0xB7, 0xC5, 0xB2, 0xD8, 0x42, 0x0F, 0xA8, 0x3F, 0x5E,
    0xF9, 0xAD, 0xDF, 0x06, 0x95, 0x2A, 0x55, 0xF9, 0xB3, 0x05, 0x9B, 0x29, 0xD0, 0xFD, 0x6C, 0x82,
    0xCF, 0x3D, 0x9A, 0xE0, 0x53, 0x94, 0x15, 0x46, 0x46, 0x31, 0xC1, 0x08, 0x56, 0x93, 0x4D, 0xC9,
    0x38, 0x89, 0x14, 0xFC, 0x13, 0xE8, 0x04, 0x0B, 0x54, 0x71, 0x85, 0x2A, 0x18, 0x3D, 0x51, 0x4E,
    0x43, 0x8B, 0x3A, 0x56, 0x7D, 0xA1, 0x90, 0x0B, 0x39, 0x60, 0xC0, 0xE2, 0x91, 0xB9, 0x26, 0x74,
    0xD1, 0x5D, 0x82, 0xAF, 0x38, 0x92, 0xE0, 0x7B, 0x18, 0x56, 0xF2, 0x30, 0xC1, 0x82, 0x84, 0x1D,
    0x4A, 0x52, 0x2C, 0x62, 0x58, 0x8F, 0xB3, 0xD0, 0x25, 0x22, 0x5D, 0xE6, 0xFC, 0x59, 0x0F, 0x30,
    0x5E, 0x1D, 0xEF, 0xC1, 0xD2, 0xB9, 0xB3, 0xB0, 0x7C, 0xBA, 0x74, 0x98, 0x74, 0xE9, 0x30, 0xBF,
    0xBA, 0xC2, 0x41, 0x31, 0x41, 0xE3, 0x77, 0x47, 0xD3, 0x61, 0x3F, 0xCA, 0x41, 0x51, 0x3D, 0x1B,
    0xE8, 0x3E, 0xCD, 0x8E, 0xF0, 0x74, 0xF5, 0xF1, 0xE8, 0xC8, 0xCD, 0x62, 0x13, 0xA7, 0x63, 0xE3,
    0x80, 0x1B, 0x66, 0x16, 0x75, 0xCF, 0x16, 0x7E, 0xD7, 0x6D, 0xB8, 0x51, 0x2C, 0xCB, 0x4A, 0x32,
    0xAA, 0x88, 0xD2, 0x31, 0x4D, 0xE1, 0x02, 0x33, 0x0F, 0x4C, 0x91, 0xE5, 0x59, 0x49, 0x46, 0x83,
    0xC7, 0xE6, 0x9E, 0x98, 0x91, 0xD4, 0x26, 0xEB, 0x88, 0xA0, 0x21, 0x9D, 0x0D, 0x24, 0xFA, 0x3C,
    0x19, 0x7A, 0x8E, 0x59, 0xC6, 0xC6, 0xED, 0x08, 0x18, 0x6E, 0xB8, 0x18, 0xC7, 0x5B, 0x66, 0xFF,
    0xD1, 0xC7, 0x84, 0xB5, 0x97, 0x27, 0xC8, 0x71, 0x61, 0xED, 0xAA, 0xC2, 0x84, 0x9F, 0xA1, 0xE5,
    0x88, 0x26, 0xE3, 0x36, 0x57, 0xC8, 0xFD, 0xDB, 0x57, 0x28, 0x8C, 0x53, 0xED, 0xC2, 0x0A, 0xD4,
    0xE2, 0x7D, 0x03, 0x53, 0xFC, 0xBC, 0xB8, 0xB8, 0x30, 0xD7, 0x11, 0xDA, 0x34, 0x0E, 0x23, 0x9F,
    0xC6, 0xD7, 0x4F, 0xF6, 0x47, 0x7F, 0x0F, 0x26, 0x0C, 0xCC, 0x55, 0x6A, 0xB8, 0x09, 0xD2, 0x13,
    0xC3, 0xC7, 0xE2, 0xED, 0x8F, 0xB6, 0xC7, 0x7C, 0x33, 0x54, 0x1E, 0xF0, 0x83, 0xA7, 0xB6, 0xA4,
    0xAD, 0x65, 0x5B, 0xB0, 0xAD, 0xD9, 0x96, 0xBB, 0x5E, 0xB2, 0xAD, 0xEB, 0x6F, 0xD9, 0x73, 0xA6,
    0x53, 0x60, 0xD0, 0xD9, 0x04, 0x48, 0x11, 0x0E, 0x01, 0xD7, 0xC4, 0xAD, 0x80, 0x70, 0xEF, 0x49,
    0x0D, 0xAC, 0x5A, 0x5B, 0xDE, 0xE0, 0x4E, 0xC1, 0x0C, 0x77, 0x34, 0x31, 0x5A, 0xAB, 0xBC, 0x8A,
    0xB5, 0x76, 0x4A, 0xD3, 0x42, 0xCE, 0xD6, 0x10, 0x23, 0xBA, 0xE8, 0xCA, 0x9B, 0xF1, 0x6F, 0xE6,
    0xB2, 0x58, 0x75, 0x9F, 0xEB, 0x86, 0x0B, 0x17, 0x4C, 0xAC, 0x0B, 0xE7, 0x77, 0x84, 0xFF, 0xBC,
    0x6F, 0xF2, 0xD9, 0x70, 0x01, 0x1D, 0x5A, 0x04, 0xAE, 0x6B, 0x28, 0x9F, 0x7A, 0x92, 0xA0, 0x77,
    0xF9, 0x2A, 0xBA, 0x62, 0xCF, 0xE8, 0x52, 0x1C, 0xEC, 0x4D, 0x49, 0x14, 0x27, 0x88, 0xD9, 0xF7,
    0x63, 0x4C, 0xA7, 0x53, 0x36, 0xF2, 0x75, 0x61, 0x30, 0x89, 0x91, 0xD4, 0xBA, 0x9B, 0x51, 0x67,
    0xB1, 0x6F, 0xD9, 0xBB, 0x5F, 0x15, 0xE1, 0xCB, 0x22, 0x6C, 0xB7, 0xC2, 0x09, 0xD3, 0xDA, 0x27,
    0x9C, 0xB6, 0x89, 0xC8, 0x18, 0xAC, 0x3B, 0xA6, 0xBA, 0xBB, 0xF5, 0x2B, 0x48, 0x55, 0x5B, 0x47,
    0x3B, 0xCA, 0x2F, 0x45, 0x7D, 0xD7, 0x9C, 0xAD, 0xE0, 0xB3, 0xDC, 0x7F, 0x29, 0x4E, 0xFF, 0x1E,
    0xF5, 0x1C, 0x88, 0xCD, 0xF0, 0xD2, 0xAD, 0xE8, 0xDE, 0xC2, 0xCD, 0xFE, 0xB2, 0x1F, 0xE8, 0x6D,
    0x08, 0x82, 0x85, 0x5C, 0xA5, 0xC4, 0xE7, 0x97, 0x89, 0xDD, 0x99, 0x24, 0x6A, 0x63, 0x93, 0x60,
    0x44, 0xD0, 0x93, 0xDA, 0xCC, 0x61, 0x50, 0x7E, 0x84, 0xE7, 0x63, 0x96, 0x89, 0x83, 0x52, 0xED,
    0xEB, 0x02, 0x53, 0x2C, 0x76, 0xB2, 0xCA, 0x78, 0xF1, 0x81, 0x51, 0x4B, 0xBF, 0x90, 0x5D, 0x9D,
    0x86, 0xBA, 0x54, 0x2F, 0x9A, 0x44, 0x1A, 0x8C, 0xBD, 0xDA, 0x92, 0x50, 0x6F, 0xB9, 0x68, 0xCE,
    0x9D, 0xFE, 0x44, 0xC6, 0xAD, 0xB4, 0xC9, 0x8B, 0x26, 0xD2, 0xD5, 0x00, 0x6D, 0xF7, 0xF1, 0xCF,
    0x5B, 0xC4, 0x3F, 0xE5, 0xEE, 0xE5, 0xE0, 0xFB, 0x03, 0xD6, 0xBF, 0xF8, 0xFF, 0xCE, 0xC3, 0x4F,
    0xCB, 0x73, 0xE3, 0x5B, 0x17, 0x86, 0x21, 0x5D, 0x81, 0x89, 0x0D, 0x43, 0x48, 0x18, 0x39, 0xF9,
    0xE9, 0xB9, 0x90, 0xFC, 0xC6, 0x6C, 0xE6, 0xF0, 0x5B, 0x71, 0x62, 0x77, 0x7B, 0x4F, 0x9C, 0xAD,
    0x5F, 0x63, 0x78, 0x1B, 0xEB, 0x46, 0x2E, 0xCC, 0xBD, 0x75, 0xE1, 0xDE, 0x70, 0xB6, 0x87, 0xCF,
    0x27, 0x40, 0x29, 0xED, 0xB9, 0xC7, 0x16, 0x26, 0xAB, 0x22, 0x8D, 0xB2, 0xBD, 0x47, 0x66, 0x2E,
    0xAE, 0x4A, 0xD4, 0xDD, 0x90, 0xBA, 0xFB, 0xC2, 0xEA, 0x2E, 0xB0, 0xBA, 0x1B, 0xA4, 0x7C, 0xAD,
    0x6E, 0x4F, 0x88, 0x8A, 0xF3, 0xDE, 0xDE, 0xE1, 0x9D, 0x85, 0x73, 0xB8, 0x6F, 0xFC, 0x01, 0x9C,
    0x7F, 0xB2, 0x2E, 0x3A, 0x74, 0x10, 0xF3, 0xEF, 0x87, 0x46, 0x8F, 0x0E, 0xF5, 0x98, 0x1C, 0xD5,
    0xE3, 0xDA, 0x64, 0x40, 0x5C, 0x64, 0x86, 0x6E, 0xF0, 0x97, 0x3C, 0xF8, 0x67, 0x7E, 0x3E, 0xD0,
    0xD9, 0x89, 0x30, 0x36, 0xB2, 0xBD, 0x98, 0xC3, 0x45, 0x3A, 0x0D, 0xC6, 0x71, 0x2A, 0x03, 0xB7,
    0x7F, 0x97, 0xF6, 0xCE, 0x0C, 0x98, 0x89, 0x8F, 0xBF, 0x78, 0xB6, 0x18, 0xFA, 0x8E, 0xCF, 0x49,
    0x53, 0x04, 0xE7, 0xD3, 0xB0, 0xF0, 0x9A, 0xA0, 0xCD, 0x4A, 0x97, 0x6F, 0x69, 0xA2, 0xB7, 0xE2,
    0xD4, 0x7F, 0x46, 0x4F, 0x08, 0x8F, 0xFE, 0x7A, 0x98, 0xCC, 0x3E, 0x9B, 0xC7, 0xC7, 0xCF, 0x29,
    0x32, 0xF3, 0xA6, 0x24, 0xD0, 0x9F, 0xA7, 0xEE, 0x14, 0xD6, 0xF9, 0xE6, 0xE3, 0x2E, 0x3F, 0xD0,
    0x5E, 0x0A, 0xD6, 0x65, 0x5E, 0xDD, 0xCA, 0x58, 0xEF, 0x0E, 0x44, 0x9E, 0x22, 0x6C, 0x82, 0x37,
    0x3D, 0x97, 0xCD, 0x5B, 0x27, 0xDE, 0x63, 0x9C, 0xB7, 0x95, 0x31, 0x73, 0x21, 0x46, 0x58, 0x2C,
    0xB7, 0x3E, 0xB0, 0xC4, 0xEB, 0xE1, 0x64, 0xAD, 0x98, 0x4D, 0xD0, 0x02, 0x87, 0xCD, 0x2D, 0x4A,
    0x43, 0xBC, 0xEE, 0xDF, 0x7E, 0xAD, 0x8C, 0x9B, 0x5F, 0xEB, 0xF0, 0xFB, 0x84, 0xFB, 0xD8, 0xB8,
    0xEB, 0xCB, 0x9A, 0xC7, 0xBB, 0xC6, 0x19, 0xE0, 0x1B, 0xBB, 0x59, 0xDF, 0x72, 0x55, 0xCC, 0xE7,
    0xC4, 0x94, 0x31, 0xA6, 0x02, 0xAE, 0xB6, 0xC3, 0x55, 0xB9, 0xF4, 0x7A, 0xF9, 0x1A, 0x8C, 0x89,
    0x19, 0x93, 0x6E, 0xFB, 0x2F, 0xA8, 0x61, 0x9A, 0x73, 0x45, 0x4C, 0x6A, 0xE9, 0x5B, 0x55, 0x78,
    0xCF, 0xDB, 0x46, 0x50, 0xF3, 0x65, 0x0E, 0x0C, 0x8D, 0x79, 0x4B, 0x23, 0x0F, 0x82, 0x5C, 0x96,
    0xFF, 0x12, 0xC6, 0x65, 0x0A, 0xBE, 0xB4, 0xDF, 0x30, 0xE9, 0x9F, 0xA2, 0x1E, 0x62, 0xC4, 0x3C,
    0x60, 0x06, 0x2F, 0xC8, 0x83, 0x96, 0x2F, 0x70, 0x0A, 0xB4, 0x32, 0xC5, 0xCC, 0x8A, 0xB0, 0xCF,
    0xD0, 0x61, 0x8A, 0x7E, 0xDB, 0xC0, 0x43, 0x50, 0xE1, 0xA7, 0xD0, 0x6F, 0xF5, 0x30, 0x78, 0x8E,
    0x29, 0x5D, 0xEF, 0x06, 0xCF, 0xF9, 0xCD, 0x55, 0x33, 0xFC, 0x17, 0x26, 0x60, 0x53, 0x7B, 0x2F,
    0x20, 0xE7, 0x6E, 0xE5, 0xBD, 0xE4, 0xCB, 0x52, 0x8C, 0x4A, 0xCE, 0x2F, 0xAA, 0x1C, 0x7E, 0x45,
    0xA7, 0x26, 0x62, 0x3E, 0xDB, 0x2A, 0x6C, 0xD0, 0x79, 0xCD, 0x6E, 0x91, 0x5C, 0x0D, 0x7C, 0x19,
    0x49, 0xE7, 0xB7, 0x5E, 0x44, 0x68, 0x3D, 0x31, 0x13, 0x7A, 0xC6, 0x19, 0xA2, 0x8D, 0x30, 0xD5,
    0x26, 0x10, 0x78, 0x97, 0x37, 0x12, 0x7C, 0xF9, 0xE6, 0xEB, 0x46, 0x86, 0xDF, 0xBC, 0xFE, 0xAE,
    0x16, 0xFF, 0x3F, 0xDF, 0xFF, 0x0F, 0xBE, 0xCB, 0xEB, 0xAF, 0x5F, 0x63, 0xB2, 0xBE, 0xC9, 0xD1,
    0x9C, 0xA3, 0x73, 0x4E, 0x58, 0x9D, 0x66, 0x39, 0x37, 0x9C, 0x24, 0xA7, 0x0D, 0x55, 0xBD, 0x96,
    0x7C, 0xEA, 0x28, 0xBC, 0xC7, 0x78, 0xFC, 0xA8, 0x7E, 0x50, 0x4A, 0xE5, 0x4C, 0x40, 0x62, 0x1B,
    0xC6, 0x8E, 0xEB, 0x57, 0x2E, 0x13, 0xB0, 0x0C, 0x62, 0x5B, 0x7E, 0x62, 0x66, 0x3E, 0x36, 0x53,
    0x3B, 0x69, 0xF7, 0x29, 0x9A, 0x89, 0x96, 0x3D, 0xB6, 0xE7, 0xD6, 0xA7, 0x32, 0x26, 0x24, 0xA0,
    0x06, 0x99, 0x42, 0x7F, 0xE5, 0x83, 0x19, 0x41, 0xA1, 0xDB, 0x18, 0x6A, 0x4E, 0x83, 0x22, 0xC8,
    0x31, 0x06, 0x45, 0x94, 0xFA, 0x70, 0x17, 0x3C, 0xB8, 0x0B, 0x2E, 0x62, 0x25, 0xA7, 0x6E, 0x4C,
    0x1D, 0x19, 0x57, 0x76, 0x83, 0x54, 0x9D, 0xA3, 0x4B, 0xC2, 0x3A, 0xDD, 0xD0, 0x76, 0x4A, 0xD1,
    0x9F, 0x91, 0xDB, 0x7C, 0x7F, 0x96, 0x50, 0x2C, 0x73, 0x75, 0x65, 0xB2, 0x9D, 0xE0, 0xE4, 0x66,
    0x7C, 0x23, 0x05, 0xFA, 0xE3, 0x68, 0xA7, 0xB0, 0xA0, 0x13, 0xFB, 0xF5, 0x0F, 0x3B, 0x66, 0xBF,
    0x0C, 0x91, 0x38, 0x38, 0x99, 0x7D, 0x1D, 0x76, 0x70, 0x9B, 0xE2, 0xED, 0x8D, 0xB6, 0xFB, 0xFA,
    0xCC, 0x72, 0xCD, 0x3B, 0xB9, 0x89, 0x9E, 0xE2, 0xBC, 0xF9, 0xA4, 0x61, 0x74, 0x01, 0x97, 0xC4,
    0x7C, 0x84, 0x03, 0xC1, 0x00, 0x1A, 0x0D, 0xA0, 0x59, 0xB5, 0xF7, 0x38, 0xD3, 0x6D, 0xC6, 0x4F,
    0x00, 0xE3, 0x43, 0x9D, 0x2D, 0xC4, 0x58, 0x6B, 0xC3, 0x77, 0xCB, 0x7C, 0xCF, 0xD4, 0xF6, 0x41,
    0xCD, 0x79, 0xF0, 0x1D, 0x38, 0x40, 0x4B, 0x1C, 0xC9, 0x75, 0xE1, 0xDB, 0x90, 0xDE, 0x91, 0x1C,
    0x9F, 0x1F, 0xDF, 0x47, 0x41, 0xA3, 0x1A, 0xC6, 0xFD, 0x27, 0x1D, 0xFF, 0x07, 0xC5, 0x59, 0xBF,
    0x73, 0xDC, 0xD6, 0x11, 0x5E, 0x00, 0x92, 0x2E, 0x63, 0xCC, 0x08, 0x2E, 0xE2, 0x42, 0x52, 0x81,
    0x36, 0x51, 0x61, 0xFC, 0x03, 0x22, 0x81, 0x3E, 0x85, 0x54, 0xB8, 0x4A, 0xAD, 0x22, 0x93, 0x46,
    0xAD, 0x0B, 0x8B, 0x40, 0xAF, 0x86, 0x93, 0x7F, 0xC0, 0x2A, 0x54, 0xD8, 0x48, 0xA1, 0xC9, 0x8C,
    0x0A, 0x15, 0x34, 0x01, 0x8F, 0x8B, 0xB4, 0x88, 0xFD, 0x07, 0x18, 0xF1, 0xA8, 0x12, 0x0B, 0xC1,
    0x19, 0xCC, 0xE4, 0x72, 0x04, 0xF0, 0xF2, 0x7D, 0xFB, 0xDE, 0x1D, 0x7F, 0x89, 0x12, 0xC9, 0x23,
    0xE9, 0x1B, 0xBC, 0x5D, 0xF2, 0xEE, 0xE1, 0x61, 0x77, 0xDF, 0xBE, 0xDD, 0x6F, 0x17, 0x22, 0x12,
    0xD5, 0x72, 0x40, 0xEE, 0x19, 0x53, 0x7B, 0xC6, 0x18, 0x99, 0x99, 0x97, 0x83, 0x44, 0xAD, 0x3F,
    0x49, 0x5A, 0x4B, 0x25, 0xA9, 0x48, 0x9A, 0xE5, 0x22, 0x49, 0xB1, 0x2B, 0x12, 0xD7, 0xC7, 0x88,
    0xFE, 0xA0, 0x53, 0x74, 0x32, 0x6E, 0x1B, 0xB9, 0xC0, 0x5C, 0xB0, 0x54, 0x83, 0x09, 0x13, 0x16,
    0x97, 0xA0, 0x5D, 0x0E, 0xAF, 0x32, 0x6D, 0x68, 0x4C, 0x91, 0xEC, 0x63, 0xF5, 0x22, 0xCF, 0x2A,
    0xDC, 0x3D, 0x61, 0x99, 0x11, 0x12, 0x70, 0xF0, 0x6F, 0x7C, 0x57, 0xE3, 0x89, 0x59, 0xB2, 0x6F,
    0x24, 0x34, 0x83, 0x78, 0xD5, 0x36, 0x17, 0xF1, 0xB7, 0xDD, 0x4A, 0x4B, 0x82, 0xA7, 0x56, 0x4A,
    0x6A, 0x90, 0x5D, 0x39, 0x2F, 0x19, 0x21, 0x00, 0x48, 0xDC, 0x04, 0xD0, 0x76, 0xAA, 0x3A, 0xF1,
    0x61, 0x00, 0x68, 0xF3, 0x3F, 0x3E, 0x4C, 0xE6, 0xCB, 0x91, 0x4B, 0xC2, 0xD1, 0x62, 0x14, 0xA7,
    0x8F, 0xB4, 0x48, 0x8B, 0xAA, 0x48, 0xA1, 0x59, 0x64, 0xBE, 0x2E, 0xFC, 0x31, 0x2E, 0x74, 0x95,
    0x17, 0x9F, 0x28, 0x93, 0x9D, 0x4D, 0x49, 0xCD, 0x1B, 0x2C, 0x3E, 0x80, 0x9B, 0x4C, 0xC2, 0x4E,
    0xD2, 0xD2, 0x50, 0x0D, 0x48, 0x12, 0xF6, 0x96, 0xFB, 0xC3, 0x0C, 0x36, 0xA3, 0x64, 0x8E, 0xEF,
    0xFA, 0xA5, 0xD3, 0x8D, 0xE6, 0x15, 0x81, 0xAD, 0x27, 0x51, 0xEE, 0x0F, 0x56, 0x8D, 0x59, 0x6F,
    0x79, 0xD4, 0x3A, 0x8D, 0x6A, 0x5D, 0x07, 0x1B, 0xA1, 0xEB, 0x7A, 0xA3, 0xF0, 0x39, 0x4D, 0x30,
    0x95, 0xDB, 0x7C, 0x2E, 0xD6, 0x6D, 0x29, 0x07, 0x39, 0x9F, 0x79, 0xC7, 0x53, 0xCB, 0x46, 0xCF,
    0xB8, 0x53, 0x75, 0xF0, 0x2E, 0x23, 0xC3, 0x32, 0xCA, 0x64, 0xC9, 0xBC, 0x09, 0x7B, 0x62, 0x86,
    0xC8, 0xFC, 0x4C, 0x86, 0x5D, 0xA9, 0xFF, 0xFA, 0xF7, 0x79, 0x9E, 0xE5, 0x35, 0xD4, 0xE0, 0x5E,
    0xC1, 0x84, 0xDC, 0x36, 0xD8, 0x80, 0x3B, 0x28, 0x86, 0x46, 0xAD, 0x21, 0x04, 0xBF, 0x84, 0x80,
    0x9C, 0x02, 0xF9, 0x78, 0x03, 0xC4, 0xE3, 0xED, 0xD5, 0xDB, 0x6F, 0xB8, 0x98, 0x31, 0xA3, 0x37,
    0x45, 0x64, 0x29, 0x9F, 0x35, 0xEB, 0x2E, 0x8D, 0xDD, 0xCC, 0x94, 0x45, 0x8D, 0x65, 0x6D, 0x48,
    0x37, 0x09, 0xBB, 0x08, 0xCA, 0x9B, 0x60, 0x82, 0x4D, 0x8D, 0x81, 0x7B, 0x66, 0x60, 0xD8, 0x5C,
    0xF5, 0xAD, 0x76, 0x79, 0xAB, 0x12, 0xBF, 0x4D, 0xED, 0x96, 0x58, 0x12, 0x74, 0x17, 0x20, 0x78,
    0xD2, 0x21, 0x42, 0x87, 0xED, 0xF4, 0x19, 0x20, 0x09, 0x9F, 0x96, 0xD3, 0xB4, 0x5B, 0xB0, 0x6E,
    0x27, 0xC1, 0x3C, 0xC7, 0xE5, 0x75, 0xB9, 0x6E, 0x71, 0x1E, 0xF4, 0x67, 0xBC, 0xC4, 0x5E, 0x09,
    0x9C, 0xA9, 0xB5, 0x07, 0x90, 0xB2, 0xCF, 0xD3, 0xC6, 0xF1, 0xCE, 0xF1, 0xB9, 0xE3, 0xA3, 0xE3,
    0xB9, 0xE3, 0x69, 0x61, 0x79, 0xD4, 0x58, 0x1E, 0x76, 0x96, 0x07, 0x73, 0xCB, 0xBD, 0xC1, 0x72,
    0xD9, 0x4D, 0xBD, 0x47, 0xE4, 0x69, 0x1E, 0x74, 0xE4, 0x71, 0x15, 0xF4, 0xE4, 0x91, 0x09, 0x86,
    0x59, 0x9F, 0x4A, 0x00, 0x73, 0xBE, 0xC4, 0xCD, 0xBE, 0x91, 0xDC, 0xD0, 0x63, 0x71, 0x70, 0x27,
    0xEB, 0xF9, 0xEA, 0xDB, 0xFE, 0x40, 0xD9, 0x40, 0x29, 0x59, 0x6F, 0xE5, 0xB2, 0x52, 0x51, 0x26,
    0x3C, 0x26, 0x57, 0x0A, 0x79, 0x40, 0x21, 0x0D, 0x28, 0x64, 0x01, 0x0D, 0x54, 0x08, 0x7B, 0x51,
    0x8A, 0x81, 0x32, 0x90, 0xC6, 0x15, 0x69, 0x64, 0x48, 0x03, 0xA5, 0xBE, 0x52, 0x01, 0xE5, 0x13,
    0x2D, 0xF5, 0x95, 0xDE, 0xD3, 0x2D, 0x4E, 0x3A, 0xA5, 0x7A, 0x2E, 0x5F, 0x93, 0x8C, 0x2B, 0xF2,
    0x5A, 0x56, 0x9F, 0xAD, 0xB8, 0x97, 0x61, 0x2B, 0x1F, 0x65, 0xC8, 0x17, 0x06, 0x04, 0x21, 0x6A,
    0xE0, 0x09, 0x3F, 0x1F, 0xE1, 0x4A, 0x2B, 0x12, 0x92, 0x44, 0xB4, 0x43, 0x54, 0xC8, 0x1F, 0x7D,
    0x08, 0x90, 0xE0, 0x0F, 0x44, 0xB6, 0x95, 0x80, 0x47, 0x3F, 0x01, 0x65, 0x52, 0xF3, 0x45, 0x9C,
    0x12, 0x23, 0x5C, 0x48, 0xF2, 0x35, 0xEE, 0x48, 0x19, 0xA9, 0xF3, 0x08, 0x67, 0x75, 0x17, 0xF1,
    0x03, 0x51, 0xA2, 0x83, 0x9A, 0xC1, 0x1C, 0xEE, 0x83, 0x65, 0x02, 0x83, 0x48, 0x89, 0x73, 0x3D,
    0x49, 0xB4, 0x28, 0x0D, 0x5C, 0x1F, 0x0E, 0x91, 0xD4, 0x1A, 0x97, 0x34, 0x9C, 0xE2, 0x1B, 0x7F,
    0xFB, 0x0F, 0xE2, 0x77, 0x30, 0x06, 0x62, 0x1D, 0x8F, 0xED, 0xEA, 0x93, 0xB7, 0xB8, 0x1D, 0x67,
    0x17, 0x1A, 0xC7, 0x75, 0x5A, 0x58, 0x2B, 0xE5, 0x05, 0x62, 0x75, 0x11, 0x4D, 0x2F, 0xB1, 0x42,
    0x0C, 0x47, 0x41, 0x94, 0xCF, 0xF2, 0x22, 0xDD, 0x63, 0x84, 0xFB, 0xB9, 0xF0, 0xA7, 0xB8, 0x40,
    0xF4, 0x88, 0x9E, 0xD5, 0xB3, 0x77, 0xE2, 0x8D, 0x87, 0xC4, 0x1F, 0x2E, 0x72, 0xDD, 0xF1, 0xB7,
    0xE3, 0x87, 0xF5, 0xCC, 0xB8, 0x7D, 0xB3, 0x1B, 0x78, 0xC6, 0x4B, 0x1E, 0xDF, 0x82, 0x85, 0x36,
    0x63, 0x90, 0xE8, 0x3B, 0xDA, 0xAF, 0x3F, 0x69, 0xD3, 0x7B, 0x30, 0xA7, 0x26, 0x24, 0x4D, 0x4D,
    0x9A, 0xA4, 0x2E, 0x27, 0xB7, 0xDD, 0xCA, 0x1E, 0x4B, 0xF0, 0x0B, 0x9E, 0xB8, 0xDF, 0x70, 0xDE,
    0xEA, 0x81, 0xCC, 0x59, 0xCC, 0x5D, 0xCC, 0x61, 0xE7, 0xCA, 0x73, 0x8F, 0x3F, 0xC9, 0xE4, 0x29,
    0x9E, 0x19, 0x0F, 0x8C, 0x58, 0x47, 0x94, 0x60, 0xA4, 0x3F, 0xE7, 0x18, 0x99, 0xE2, 0x98, 0xE1,
    0x98, 0xE0, 0x34, 0xBF, 0x21, 0xBD, 0xA9, 0xCC, 0xFF, 0x3E, 0x29, 0xF3, 0x87, 0x33, 0xDC, 0x07,
    0x32, 0x5D, 0x0E, 0x43, 0xA4, 0xEE, 0xBC, 0x7F, 0x7A, 0x13, 0xFB, 0x99, 0x64, 0x3A, 0xF8, 0xF7,
    0x25, 0xCB, 0x1E, 0x18, 0xE6, 0x69, 0x6B, 0x17, 0x2F, 0xFB, 0x54, 0xC2, 0x76, 0xD0, 0xC1, 0xBF,
    0xD7, 0xD2, 0x41, 0x76, 0x6C, 0xB0, 0xD2, 0x4C, 0x70, 0xF5, 0x7A, 0x28, 0x86, 0x09, 0x71, 0x06,
    0x23, 0xB9, 0x7C, 0x5D, 0x1E, 0x03, 0x75, 0x6C, 0x6C, 0xC2, 0x87, 0xE6, 0x2E, 0xE1, 0x5C, 0xBD,
    0x3E, 0x7E, 0xF1, 0x58, 0xFC, 0x5F, 0xF1, 0xAC, 0xFD, 0x7A, 0xE5, 0x53, 0x97, 0xAA, 0x13, 0x73,
    0x71, 0x84, 0x75, 0x67, 0xF5, 0xB5, 0xE8, 0xE3, 0x31, 0x88, 0xD0, 0x25, 0x36, 0x2E, 0x7F, 0x7F,
    0x7C, 0x53, 0x20, 0xAA, 0x03, 0xB9, 0xED, 0x8D, 0x00, 0x00, 0x95, 0x58, 0x83, 0x25, 0x05, 0xB0,
    0xB7, 0x8E, 0xA9, 0xAC, 0x8A, 0xEF, 0x24, 0x41, 0x5C, 0xC2, 0x0A, 0x98, 0x13, 0x61, 0xAE, 0x57,
    0x15, 0x4C, 0x05, 0x85, 0xCB, 0x07, 0xFA, 0xB9, 0xE1, 0x65, 0x4C, 0x0A, 0x8D, 0x23, 0xFA, 0xEF,
    0x35, 0xA4, 0x11, 0xCF, 0x30, 0x00, 0xBA, 0x20, 0x9B, 0xFD, 0x1E, 0xB8, 0x66, 0xD4, 0xC1, 0xBF,
    0xD7, 0x49, 0x27, 0xC7, 0xD5, 0x93, 0x47, 0xCB, 0x04, 0x69, 0xB3, 0xE4, 0x23, 0xB9, 0x7E, 0xF5,
    0xE8, 0x58, 0xCC, 0x94, 0x1C, 0x37, 0xD7, 0xCB, 0x96, 0xB8, 0xF3, 0xFE, 0xB7, 0xEA, 0xA2, 0xE6,
    0x80, 0x9E, 0xF8, 0xE4, 0x2C, 0xC0, 0xC4, 0x90, 0x7A, 0xC3, 0x54, 0x7E, 0x8B, 0x6C, 0x36, 0x2A,
    0x6C, 0x54, 0x75, 0xDB, 0x51, 0x4B, 0xB5, 0x51, 0x81, 0xCC, 0x54, 0x7E, 0x03, 0xE9, 0xA9, 0x50,
    0x25, 0xA4, 0x23, 0xC1, 0x0C, 0x32, 0x13, 0x68, 0xA0, 0x74, 0xB6, 0x28, 0x41, 0xA3, 0x8E, 0xDF,
    0xC7, 0x8D, 0x4C, 0x65, 0x09, 0x35, 0xB0, 0x32, 0xD4, 0xD4, 0xA7, 0x94, 0x2F, 0xE8, 0xD8, 0x66,
    0xBE, 0xA2, 0x87, 0x3F, 0x55, 0x93, 0xB0, 0x4E, 0x18, 0xD5, 0x54, 0x66, 0x32, 0xD4, 0xAA, 0xA1,
    0x69, 0x93, 0x22, 0x6C, 0xE4, 0xCF, 0x55, 0xF9, 0xB2, 0x9D, 0x51, 0xCC, 0x36, 0x26, 0xED, 0xD2,
    0x26, 0xA1, 0x33, 0xAA, 0x2D, 0xA0, 0x79, 0x03, 0x10, 0xB7, 0x67, 0x80, 0xB4, 0x23, 0xF3, 0x2B,
    0x1E, 0xE5, 0x4F, 0x19, 0x71, 0x76, 0x6C, 0xB3, 0x70, 0xEB, 0xB2, 0x70, 0x77, 0x28, 0x0B, 0x7F,
    0x46, 0xE4, 0xAB, 0x95, 0x8E, 0x56, 0x67, 0x26, 0x73, 0xE4, 0x7E, 0xC5, 0xF4, 0x9C, 0x6A, 0xA2,
    0xC6, 0xE4, 0xD4, 0xB4, 0xEF, 0xCB, 0xC2, 0x2C, 0x23, 0x58, 0x51, 0xB0, 0xB8, 0x40, 0xB6, 0xD5,
    0xCC, 0xAA, 0xD9, 0x36, 0x30, 0x93, 0xCD, 0xB8, 0x36, 0xDB, 0x6A, 0x0D, 0x82, 0x39, 0x9C, 0xEB,
    0x4F, 0xD4, 0x26, 0xAE, 0xEF, 0x72, 0xF7, 0xDF, 0xC2, 0x17, 0x60, 0x32, 0x8F, 0x65, 0x91, 0x85,
    0x13, 0xC9, 0x12, 0x4E, 0xCC, 0xDE, 0x03, 0x27, 0xD6, 0x57, 0x44, 0x6B, 0xB6, 0x73, 0xC0, 0x89,
    0xD3, 0x14, 0x74, 0x70, 0xE2, 0x3C, 0x0A, 0x7A, 0xCF, 0xEF, 0x22, 0x74, 0x6E, 0x29, 0x02, 0x67,
    0xE1, 0x78, 0x14, 0x62, 0xF8, 0x23, 0x0B, 0x47, 0x00, 0x6C, 0x94, 0x40, 0x70, 0x60, 0x20, 0xF9,
    0x14, 0xF5, 0x71, 0x0A, 0x2F, 0x4A, 0x79, 0x50, 0x72, 0x9C, 0x18, 0xA4, 0xDF, 0xF4, 0xBF, 0x40,
    0xEF, 0xDF, 0x43, 0xEB, 0xAC, 0xB2, 0xFB, 0x02, 0x07, 0xC3, 0x7D, 0x28, 0x01, 0x02, 0x80, 0x70,
    0x6F, 0xBA, 0xC3, 0x62, 0x1D, 0x88, 0x0E, 0xE6, 0x33, 0x2B, 0x34, 0x7E, 0xF4, 0xA3, 0xDF, 0x9D,
    0x20, 0x80, 0x92, 0x1E, 0x4A, 0x0A, 0x10, 0x48, 0x06, 0x40, 0x5F, 0x80, 0x18, 0xEA, 0x3F, 0x38,
    0x27, 0xF5, 0xE8, 0xD9, 0xDE, 0x54, 0x71, 0x32, 0xCC, 0xE8, 0x0D, 0x31, 0xE7, 0x85, 0xBC, 0x23,
    0x50, 0x38, 0x38, 0xAD, 0x83, 0xF6, 0x58, 0xBB, 0xC0, 0x5A, 0x0E, 0xED, 0x4D, 0xB6, 0x15, 0xA2,
    0x3B, 0x8D, 0x08, 0xB3, 0xEC, 0x3C, 0x84, 0xDA, 0x30, 0xE1, 0x81, 0x09, 0x79, 0x12, 0xFD, 0xF1,
    0x5C, 0x70, 0xAF, 0x38, 0x80, 0x7B, 0x58, 0x6C, 0xD3, 0xA5, 0x19, 0x86, 0x77, 0x04, 0x16, 0x49,
    0xB0, 0xEF, 0xF7, 0xCB, 0x65, 0x7C, 0x78, 0x5F, 0x90, 0xB8, 0x7E, 0xE5, 0xFC, 0xF2, 0xB9, 0xE2,
    0xAE, 0xC0, 0x74, 0x17, 0xC1, 0xB7, 0x1F, 0x55, 0xD8, 0xDB, 0xBE, 0x23, 0x32, 0xC7, 0x59, 0xDB,
    0xEC, 0x59, 0xB3, 0x1F, 0x75, 0x48, 0x63, 0xE6, 0x1C, 0xF7, 0xCB, 0x97, 0xBD, 0x6D, 0x47, 0xE4,
    0x36, 0x1F, 0x84, 0xAE, 0x86, 0x49, 0xDF, 0x58, 0x33, 0x7D, 0x56, 0x35, 0x1A, 0xEB, 0x14, 0xFE,
    0x73, 0x82, 0xA7, 0xE3, 0x0B, 0x8C, 0x11, 0xFF, 0x57, 0xF8, 0x3E, 0x2D, 0xA2, 0x2E, 0x5E, 0x18,
    0x94, 0x19, 0x98, 0x9F, 0xBF, 0x01, 0x66, 0xF9, 0x8B, 0xAB, 0x87, 0x5A, 0x1A, 0xE6, 0xF8, 0x73,
    0xD9, 0x25, 0xA8, 0xEF, 0x96, 0x14, 0x74, 0xB2, 0xCB, 0x46, 0xEE, 0x50, 0xE6, 0x3D, 0x03, 0xB5,
    0xAB, 0xE1, 0xE3, 0xC6, 0x9E, 0xA2, 0xB0, 0xA5, 0x59, 0xA1, 0x6D, 0x9D, 0x2C, 0x4C, 0x11, 0x22,
    0x6E, 0x52, 0xDF, 0x75, 0x0A, 0x1B, 0x5C, 0x50, 0x04, 0xD5, 0x2B, 0x4A, 0x57, 0xC4, 0x55, 0x36,
    0x6E, 0x42, 0x86, 0x6F, 0x63, 0x32, 0xE5, 0xA5, 0x69, 0x6F, 0x95, 0xE5, 0x64, 0x1B, 0x48, 0xFE,
    0xA0, 0x8D, 0x1F, 0xDB, 0xBF, 0x60, 0xD8, 0x6F, 0x5C, 0xE3, 0xA8, 0xB0, 0xBC, 0xB2, 0x8D, 0x23,
    0x19, 0x2D, 0x0F, 0xE6, 0xB6, 0x71, 0x14, 0x76, 0x96, 0xC7, 0xCD, 0xAA, 0x25, 0x76, 0xA4, 0x81,
    0x34, 0xAC, 0x1A, 0x48, 0xA5, 0x6B, 0x20, 0x19, 0xD7, 0x40, 0x52, 0xEE, 0x4C, 0xA5, 0x81, 0xEA,
    0xB7, 0x6F, 0x68, 0x1D, 0x6E, 0x5A, 0x5D, 0x77, 0x0B, 0xCB, 0x75, 0x8B, 0x76, 0x96, 0xBD, 0x43,
    0xAF, 0xBB, 0xC6, 0xB4, 0xA1, 0xBD, 0x25, 0xAD, 0x26, 0x88, 0xA0, 0xE4, 0x4A, 0xD2, 0x86, 0xDD,
    0xAE, 0x0F, 0x30, 0xF5, 0xB8, 0xC3, 0xAC, 0x54, 0x84, 0x95, 0x12, 0x6B, 0x1C, 0xB0, 0xF7, 0xCE,
    0x54, 0xB6, 0x0C, 0x4F, 0x2C, 0x7E, 0x17, 0x86, 0xEE, 0x01, 0xF8, 0xA1, 0x56, 0xC5, 0x39, 0x4A,
    0xAB, 0x37, 0xEA, 0x68, 0xE9, 0x02, 0x0E, 0x54, 0x47, 0x70, 0x72, 0xED, 0x3B, 0xCD, 0xED, 0xB0,
    0xCE, 0x6F, 0x93, 0x0F, 0xFF, 0xE7, 0x6F, 0x9C, 0xC3, 0xA4, 0x84, 0x24, 0xE6, 0x23, 0x46, 0xC5,
    0xEC, 0xBC, 0x36, 0x5A, 0xA6, 0xA6, 0x8D, 0xDD, 0xAC, 0xF4, 0x50, 0x8B, 0xCF, 0x9A, 0xCE, 0x46,
    0xBF, 0xA0, 0x39, 0xB1, 0x73, 0xEA, 0x86, 0xDA, 0xBD, 0xD2, 0xE6, 0x95, 0xF6, 0xAE, 0xB4, 0x9D,
    0xA6, 0xBD, 0x34, 0x6D, 0xA4, 0x69, 0x17, 0x4D, 0x5B, 0x68, 0xDA, 0x3F, 0xB3, 0xBD, 0x2A, 0x16,
    0x18, 0x6E, 0x52, 0xCC, 0x7D, 0x06, 0x56, 0x65, 0xBF, 0x4A, 0xB4, 0x55, 0xA6, 0x7D, 0x32, 0xBF,
    0x77, 0x6D, 0xA2, 0xAF, 0xC4, 0x06, 0xC7, 0x43, 0x8D, 0x28, 0xF6, 0xA1, 0xD8, 0x86, 0x62, 0x17,
    0xEA, 0x6C, 0xC5, 0x06, 0xE1, 0x57, 0x22, 0x6E, 0x35, 0xFD, 0xF8, 0x1A, 0xCA, 0x59, 0x65, 0xDE,
    0x0E, 0x33, 0x47, 0xF4, 0x5F, 0x7F, 0x7E, 0xE5, 0x50, 0x5A, 0xE4, 0xB9, 0x2B, 0x74, 0x5D, 0x70,
    0xA5, 0x78, 0x6C, 0x3E, 0x75, 0xAF, 0xEC, 0x60, 0x42, 0x49, 0x8A, 0x75, 0x61, 0x35, 0xBB, 0xA8,
    0xCB, 0x86, 0x9B, 0xD7, 0xAF, 0xDA, 0xB9, 0xBF, 0x2D, 0xB8, 0xF6, 0xD4, 0xBC, 0xDA, 0xF3, 0x95,
    0x59, 0xB3, 0x72, 0xB0, 0xAB, 0x86, 0xD8, 0xD6, 0x97, 0xBF, 0x3B, 0x35, 0x0A, 0xFD, 0x8E, 0x00,
    0x62, 0x93, 0x9A, 0x0C, 0xCB, 0xF7, 0x3C, 0x01, 0xA3, 0x50, 0x48, 0x77, 0x8C, 0xE9, 0x66, 0x9B,
    0x04, 0x10, 0x3B, 0x80, 0x0D, 0x5E, 0x07, 0x12, 0x34, 0x20, 0x51, 0x0D, 0x00, 0x11, 0xD3, 0xF8,
    0x4F, 0x19, 0xB7, 0xE7, 0x04, 0x10, 0x0C, 0x5E, 0xA1, 0x86, 0x31, 0x46, 0xA1, 0x98, 0x51, 0xE8,
    0x86, 0xC8, 0x07, 0x42, 0x51, 0xF5, 0xB7, 0xC2, 0xBE, 0xF8, 0x21, 0x60, 0xA8, 0x00, 0x18, 0x50,
    0xE8, 0x06, 0xEF, 0xEA, 0x31, 0x7A, 0x58, 0x8F, 0x1B, 0x00, 0x0C, 0xAF, 0x11, 0x8A, 0x5A, 0x38,
    0x0E, 0x82, 0x51, 0xCA, 0x39, 0x10, 0xF0, 0x1F, 0x00, 0x19, 0x2C, 0xB5, 0xFD, 0x9E, 0x7B, 0x3B,
    0x3C, 0x05, 0x79, 0x4A, 0xEF, 0x4E, 0xA2, 0x6B, 0xEC, 0x9A, 0x26, 0x40, 0xB1, 0xD1, 0x3F, 0x01,
    0xB7, 0x7E, 0xEA, 0x6C, 0x87, 0x63, 0xCD, 0xAE, 0xA9, 0x3D, 0x78, 0x2A, 0xE4, 0xE7, 0xB4, 0xD3,
    0x83, 0xA0, 0xBE, 0x3E, 0x65, 0x54, 0x46, 0xB6, 0xD0, 0xDA, 0x1D, 0x09, 0xEA, 0x07, 0x6B, 0x2B,
    0x43, 0x79, 0xE2, 0x67, 0xC8, 0xA2, 0x3F, 0xE0, 0xFE, 0x5F, 0xBA, 0xE3, 0x10, 0x4A, 0xDB, 0x1E,
    0xC8, 0x03, 0xD9, 0xE1, 0x70, 0xAB, 0xA3, 0x2C, 0xF9, 0xBB, 0x1D, 0xC7, 0x7F, 0xB3, 0xBF, 0x67,
    0xCB, 0xFB, 0xB7, 0x60, 0xB3, 0x24, 0xE2, 0x26, 0xD4, 0x12, 0xFC, 0xD4, 0x1E, 0x83, 0xA0, 0x40,
    0x47, 0xFB, 0xA3, 0x22, 0xDF, 0x5D, 0x49, 0x32, 0xB6, 0x4E, 0x5C, 0x1B, 0x45, 0x0F, 0xF2, 0xAE,
    0x36, 0x57, 0x60, 0x86, 0xC5, 0x12, 0x82, 0xC2, 0x74, 0x4F, 0x50, 0x54, 0x10, 0xCE, 0x36, 0x73,
    0x99, 0x15, 0x0F, 0xAE, 0x44, 0x66, 0x40, 0x05, 0x44, 0x78, 0x24, 0xFA, 0x7F, 0x75, 0x12, 0x66,
    0xAF, 0xD6, 0x96, 0x39, 0x8F, 0x0B, 0xF8, 0x21, 0x2C, 0x70, 0xD8, 0x00, 0x16, 0x14, 0x9C, 0xF7,
    0xDA, 0x4A, 0xB2, 0x34, 0x2A, 0xD8, 0xB8, 0xFF, 0xA1, 0x59, 0x35, 0x7E, 0xCF, 0x78, 0x01, 0x0A,
    0x25, 0x93, 0x3C, 0x8D, 0xE5, 0xD5, 0xEC, 0xA0, 0x36, 0xC5, 0x81, 0xBF, 0xC0, 0x15, 0xBE, 0x61,
    0x02, 0xDD, 0x89, 0xA5, 0x0B, 0xDD, 0x52, 0xF0, 0xE5, 0x33, 0x5E, 0x01, 0x41, 0xBB, 0xD7, 0x13,
    0x6B, 0xED, 0xB0, 0x3F, 0xB7, 0xF1, 0xF9, 0x35, 0x76, 0xFC, 0x61, 0x3C, 0x89, 0xFF, 0x44, 0x97,
    0x6F, 0x24, 0xF8, 0xB1, 0x5D, 0xBF, 0xE3, 0xAF, 0x0D, 0x86, 0x84, 0x87, 0x7D, 0x83, 0x0D, 0xCE,
    0x2F, 0x67, 0xC5, 0xF5, 0x29, 0xB3, 0xF4, 0xD3, 0xA0, 0xE9, 0x71, 0x16, 0xBE, 0x5C, 0x5B, 0x99,
    0x53, 0x83, 0xA5, 0x9E, 0xAD, 0xB9, 0x85, 0x70, 0x25, 0x5F, 0x11, 0x46, 0xAD, 0xED, 0x17, 0xCC,
    0xDC, 0xC0, 0xFF, 0xA5, 0x96, 0x5C, 0x19, 0x23, 0x7F, 0xEA, 0x11, 0x5C, 0xF1, 0x9C, 0xB1, 0x4E,
    0x60, 0xE5, 0x1A, 0x2D, 0xFB, 0x0B, 0xFD, 0xD6, 0x89, 0xB3, 0x30, 0xFB, 0x4F, 0x3F, 0xDB, 0xEF,
    0x67, 0xE6, 0xC5, 0x6C, 0xFE, 0x11, 0xCF, 0x39, 0x35, 0xFE, 0x5D, 0xA2, 0x7C, 0x07, 0x87, 0x64,
    0xE9, 0xD9, 0x79, 0x92, 0xE5, 0xC0, 0xF1, 0x0B, 0x04, 0xCF, 0x8F, 0x1C, 0xB1, 0xF0, 0xC7, 0xDE,
    0x7A, 0xF7, 0x1C, 0xCE, 0xFD, 0xD5, 0xC6, 0x95, 0xBC, 0xFE, 0x39, 0xCD, 0x81, 0x2F, 0xDC, 0x9A,
    0x0F, 0x5B, 0x7D, 0x8F, 0xCB, 0xC3, 0x2C, 0x5D, 0x74, 0x25, 0x32, 0xCB, 0x93, 0xCC, 0xC5, 0xEC,
    0xA3, 0x7E, 0x7A, 0x61, 0x99, 0x2B, 0xAD, 0x19, 0x59, 0x68, 0x20, 0xDB, 0x71, 0xAF, 0x67, 0x5D,
    0x6E, 0x71, 0x3E, 0x36, 0x2F, 0xD3, 0x18, 0x2D, 0xC8, 0x7D, 0x36, 0x61, 0x44, 0xDD, 0x17, 0xF8,
    0x7D, 0x97, 0x73, 0x32, 0x94, 0x15, 0x0B, 0xD3, 0x00, 0xF4, 0x64, 0x5E, 0xE5, 0x3A, 0x83, 0xB1,
    0x03, 0xDD, 0xA9, 0x7B, 0x5D, 0x00, 0xEC, 0xED, 0x03, 0xCC, 0x01, 0xB1, 0xED, 0x0D, 0xB9, 0xED,
    0xB4, 0x6D, 0x23, 0x87, 0x6F, 0xFB, 0x58, 0xD4, 0x1F, 0x6F, 0xC8, 0xEE, 0x24, 0x53, 0xBE, 0x37,
    0x24, 0xA6, 0xBF, 0x65, 0x0A, 0x07, 0xD7, 0x06, 0xE2, 0x35, 0xA0, 0x35, 0xBF, 0x23, 0x7C, 0xEC,
    0x39, 0xCA, 0xEA, 0xED, 0x0B, 0xAD, 0x5E, 0x2F, 0x3A, 0x8E, 0xCB, 0xC6, 0xEA, 0x02, 0x2E, 0x7F,
    0xAB, 0x20, 0x10, 0xB0, 0x17, 0x4C, 0x80, 0xEB, 0xC9, 0xDB, 0x83, 0x6F, 0x8E, 0x5D, 0xE1, 0x82,
    0xE5, 0x8A, 0xBE, 0xA4, 0x60, 0xA9, 0xC2, 0xD8, 0xDD, 0xF2, 0x1D, 0x0C, 0x91, 0x4B, 0xA5, 0xFD,
    0x08, 0x49, 0xD4, 0x86, 0x28, 0x22, 0x15, 0xF1, 0xB3, 0x15, 0xA2, 0xBC, 0xB6, 0x3D, 0x15, 0xA3,
    0x6F, 0xBA, 0x11, 0x71, 0x80, 0x53, 0x1F, 0xB6, 0x51, 0x1B, 0x76, 0x37, 0xB4, 0x77, 0xC3, 0xC1,
    0xB9, 0x6C, 0x9F, 0xA0, 0x0C, 0x47, 0x39, 0x24, 0x4F, 0x80, 0x46, 0x11, 0x8B, 0x22, 0xC4, 0xA5,
    0xDB, 0x2E, 0x06, 0xAA, 0x1D, 0x7B, 0xDA, 0xD1, 0x1B, 0xEE, 0x13, 0x6A, 0x6B, 0x4B, 0x24, 0xEC,
    0x25, 0xEF, 0x10, 0x72, 0xA2, 0x7E, 0xBC, 0xCD, 0xDE, 0xCC, 0xC8, 0x2B, 0x18, 0x24, 0xEE, 0x3D,
    0x6E, 0x0D, 0xD7, 0x25, 0x16, 0x65, 0x23, 0x57, 0x5F, 0xA5, 0xEE, 0x1C, 0xBC, 0x06, 0x3B, 0xF0,
    0xCB, 0xFC, 0xD4, 0x81, 0xBA, 0x35, 0xB5, 0x7D, 0x16, 0xF3, 0xC1, 0x79, 0x18, 0xEC, 0x73, 0xB2,
    0xCD, 0xC9, 0x2E, 0xE7, 0xF1, 0x77, 0xF9, 0xDE, 0x70, 0x7C, 0xE4, 0x8D, 0x37, 0x1A, 0xC8, 0xB8,
    0x37, 0x78, 0x93, 0x37, 0xE2, 0xBB, 0xDD, 0xB3, 0x8C, 0xFF, 0x03, 0x75, 0x52, 0xBD, 0x8B, 0x14,
    0x4B, 0x10, 0xFF, 0xCD, 0x8C, 0xEC, 0x82, 0xC3, 0xB3, 0x05, 0x7D, 0xC1, 0x29, 0x6E, 0x1B, 0x18,
    0x18, 0x78, 0xDB, 0x06, 0x17, 0xEC, 0x83, 0xF1, 0xBA, 0xC1, 0xD0, 0xE0, 0x5D, 0x72, 0xF9, 0x05,
    0xC2, 0x03, 0x41, 0xBC, 0x60, 0x82, 0x01, 0xF7, 0x76, 0x06, 0x13, 0x03, 0x93, 0xFB, 0x13, 0x0C,
    0x8F, 0x35, 0xF0, 0xC4, 0x09, 0x16, 0xF4, 0x6E, 0x1A, 0x0C, 0x4C, 0x1B, 0x0C, 0x0C, 0x6D, 0x1E,
    0x66, 0x2F, 0x78, 0x2D, 0x6C, 0x30, 0xC8, 0xEE, 0xB5, 0xD5, 0xB3, 0xDE, 0x29, 0x82, 0x55, 0xD5,
    0x35, 0x5D, 0x5F, 0x5D, 0x55, 0x53, 0x25, 0xC1, 0xAA, 0x54, 0x27, 0x86, 0x57, 0x12, 0x7B, 0x98,
    0x01, 0xF7, 0x11, 0x9F, 0x20, 0xFD, 0x54, 0x89, 0xBB, 0x56, 0xDC, 0x43, 0xE9, 0x51, 0x1F, 0x61,
    0x7A, 0xE0, 0x17, 0x7E, 0xB1, 0xD3, 0xC3, 0x8C, 0x43, 0x2E, 0x91, 0xCE, 0x31, 0x44, 0x49, 0x38,
    0xC4, 0x98, 0xA9, 0x63, 0xAE, 0x03, 0x87, 0x57, 0x4C, 0x0D, 0xD0, 0x77, 0x62, 0x91, 0x0D, 0xB2,
    0x81, 0x58, 0xF4, 0x5D, 0xFA, 0x65, 0xC9, 0xDF, 0xCD, 0x25, 0x33, 0xAD, 0xC0, 0x5A, 0xB4, 0xCF,
    0x9E, 0x99, 0xE4, 0x7F, 0x85, 0x25, 0xC4, 0xDF, 0x9A, 0xBD, 0x37, 0xFD, 0x0F, 0x2E, 0xFE, 0xE2,
    0x04, 0x56, 0x18, 0xB2, 0x17, 0x00, 0x7E, 0x95, 0xB9, 0xE2, 0x2A, 0x48, 0x77, 0x70, 0x93, 0xA4,
    0xD3, 0xB4, 0xC3, 0xE1, 0x9D, 0x71, 0x8E, 0xCB, 0x18, 0x41, 0xAA, 0x44, 0x27, 0xBA, 0xAC, 0x2E,
    0x93, 0x95, 0xE9, 0xE0, 0x29, 0x9F, 0x4B, 0x97, 0xDA, 0x9F, 0xF3, 0x01, 0x3B, 0x80, 0x43, 0x6C,
    0x90, 0x68, 0xA4, 0x0A, 0x0C, 0x58, 0x07, 0x32, 0xA0, 0xFE, 0xAD, 0x9A, 0xE0, 0x10, 0x88, 0x0C,
    0x82, 0x0D, 0x7D, 0x12, 0x2F, 0xD0, 0xB9, 0x45, 0x27, 0x47, 0x08, 0x42, 0x44, 0xEA, 0xA4, 0x02,
    0x52, 0x12, 0xAF, 0xA1, 0x0B, 0x0B, 0x11, 0xB0, 0x40, 0x1C, 0x22, 0xD4, 0x8F, 0x88, 0x51, 0x68,
    0xE3, 0xA9, 0x92, 0x1E, 0xF9, 0x11, 0x84, 0x92, 0xD8, 0xA4, 0x6E, 0xC6, 0x90, 0xDE, 0x12, 0x65,
    0xD1, 0x77, 0x2A, 0xBD, 0x22, 0x22, 0xD7, 0xD5, 0x25, 0x3B, 0x83, 0x07, 0x55, 0x63, 0x1A, 0x93,
    0x74, 0x48, 0xE6, 0xDE, 0xC3, 0x7D, 0xE9, 0x4D, 0xE9, 0xF5, 0x8C, 0xBC, 0x83, 0x02, 0xD1, 0x1C,
    0xF1, 0x22, 0x70, 0xFE, 0x84, 0x5E, 0x34, 0x13, 0xAF, 0x77, 0xD6, 0x7E, 0x28, 0x7B, 0xD5, 0x73,
    0x41, 0x69, 0x44, 0x75, 0x76, 0x41, 0xA8, 0xDC, 0x32, 0x14, 0xD2, 0x9F, 0xF0, 0xED, 0x71, 0x5F,
    0x39, 0x28, 0x15, 0xD3, 0x1E, 0x48, 0xF7, 0xCF, 0xED, 0x7E, 0xD7, 0x6C, 0x58, 0x84, 0xC6, 0x40,
    0x9C, 0xA8, 0xA8, 0xB1, 0xE0, 0xB6, 0x47, 0x19, 0x5B, 0x1C, 0x2B, 0x6C, 0x51, 0x4B, 0xBB, 0x87,
    0xBB, 0xB7, 0xD2, 0x96, 0xEA, 0xC7, 0x5B, 0xAE, 0xEE, 0x9F, 0x57, 0x89, 0xA5, 0xA9, 0x83, 0x38,
    0xF0, 0xCA, 0x94, 0x46, 0xA8, 0x52, 0xBF, 0xEA, 0x0A, 0xC3, 0x7A, 0xDA, 0x4A, 0x25, 0x4C, 0x74,
    0x84, 0x73, 0xC0, 0x5F, 0x10, 0x9F, 0xA3, 0xA3, 0xDE, 0x52, 0xAA, 0xEB, 0x9D, 0xB1, 0xC0, 0x00,
    0xC2, 0x4A, 0x44, 0x8B, 0xC7, 0x2A, 0x6D, 0x5F, 0x57, 0x13, 0xF5, 0xAF, 0xDE, 0x8A, 0xB5, 0xCD,
    0x27, 0x8C, 0x4D, 0xF2, 0xD3, 0x49, 0x27, 0xB8, 0x04, 0x9A, 0xA7, 0xBA, 0xA6, 0xCF, 0x29, 0xFE,
    0xC9, 0x6C, 0xCC, 0x76, 0x77, 0xF3, 0x0D, 0xE2, 0x74, 0x67, 0xF8, 0x03, 0xC2, 0x49, 0x1B, 0x99,
    0x44, 0xEF, 0xD1, 0x6F, 0x77, 0xDC, 0xE0, 0x91, 0x4E, 0xBC, 0x3F, 0xA1, 0x35, 0xF2, 0xFB, 0xF4,
    0x9B, 0xA9, 0x7F, 0xF6, 0x19, 0xDC, 0xC4, 0xDE, 0x7B, 0xE0, 0xAA, 0xB7, 0x78, 0x30, 0x9D, 0x1E,
    0x34, 0xDE, 0x2F, 0xC2, 0xF9, 0xF9, 0xDE, 0x55, 0x14, 0x21, 0xF5, 0xFE, 0xEB, 0xF4, 0xA5, 0x96,
    0x3E, 0x80, 0x3A, 0x9E, 0xBE, 0xF0, 0x7E, 0x89, 0x8B, 0x58, 0xC1, 0x15, 0x7A, 0x33, 0x0A, 0xAF,
    0xD3, 0xFE, 0x3F, 0xD2, 0x42, 0x21, 0x71, 0x61, 0xEB, 0xB6, 0x70, 0x0A, 0xB1, 0xEB, 0x3E, 0x7B,
    0x68, 0xBA, 0xF0, 0x3F, 0xB7, 0xB7, 0xB7, 0x27, 0xDF, 0x07, 0x14, 0xB8, 0xA2, 0x4A, 0x46, 0x0E,
    0xB9, 0x98, 0x17, 0x79, 0x5E, 0x4B, 0x52, 0x32, 0x23, 0x5D, 0x51, 0x34, 0x6D, 0x71, 0x51, 0xCE,
    0x99, 0xD9, 0xD8, 0x40, 0xB1, 0x02, 0x6E, 0xE4, 0xBC, 0x2E, 0x0E, 0xB3, 0xBA, 0x90, 0x73, 0x6E,
    0xF2, 0xE2, 0x14, 0x37, 0x5B, 0x31, 0xEB, 0x62, 0xF2, 0x1A, 0xC5, 0x0D, 0xE9, 0x98, 0xA1, 0xE5,
    0x22, 0xE4, 0xB3, 0xB2, 0x25, 0xFF, 0x11, 0xF9, 0xB7, 0xBC, 0xC8, 0x11, 0xF0, 0xB1, 0x2D, 0x5D,
    0x5E, 0xE7, 0xF9, 0x2A, 0xF2, 0xCD, 0x47, 0xDB, 0xF8, 0x79, 0x3D, 0x23, 0x4D, 0x71, 0x46, 0xFF,
    0x79, 0x17, 0x20, 0x2C, 0x70, 0x53, 0x0D, 0x89, 0x07, 0x1C, 0xD0, 0x22, 0x44, 0xA8, 0x8B, 0xD1,
    0x61, 0xE6, 0xD6, 0x2D, 0xD3, 0x4C, 0xA7, 0x55, 0x36, 0x1E, 0x38, 0x66, 0xFB, 0x9A, 0xD9, 0xA1,
    0xCB, 0xB2, 0x6F, 0xCD, 0x5C, 0xBD, 0x97, 0xDC, 0xD6, 0x75, 0x7F, 0x00, 0x22, 0x22, 0x26, 0x4E,
    0x0C, 0x17, 0x54, 0x8E, 0x23, 0x29, 0x41, 0x0A, 0x57, 0x92, 0x29, 0x34, 0x2E, 0x5C, 0x90, 0x04,
    0x48, 0x17, 0x2A, 0x54, 0x48, 0x85, 0x92, 0x22, 0x8D, 0x5C, 0xB8, 0x89, 0x98, 0x84, 0x2E, 0x52,
    0xA4, 0xA0, 0x16, 0xD0, 0x49, 0xA1, 0x22, 0x45, 0xF6, 0x3F, 0x10, 0x0B, 0xE6, 0x1C, 0x6A, 0xB6,
    0x18, 0x15, 0x2E, 0x98, 0x13, 0xEE, 0x00, 0x14, 0x0B, 0x17, 0x29, 0x84, 0xC8, 0xA5, 0x0B, 0x41,
    0x09, 0x7D, 0xE2, 0x23, 0x16, 0x84, 0x1D, 0xC4, 0xC1, 0xCE, 0xE2, 0x23, 0xBF, 0xDF, 0x7D, 0xC0,
    0x2C, 0x66, 0x76, 0x76, 0xB9, 0xBB, 0x9C, 0x65, 0xB2, 0x3B, 0xF7, 0x62, 0x07, 0x78, 0x78, 0x78,
    0x1F, 0xF7, 0xFB, 0x5E, 0xAC, 0x59, 0x2A, 0xA5, 0x6A, 0xC0, 0x87, 0x00, 0x5F, 0x2D, 0xFD, 0x04,
    0x5D, 0x17, 0x0B, 0x4C, 0x26, 0x61, 0xC0, 0xEF, 0x63, 0x98, 0x4C, 0x78, 0x5D, 0xC3, 0xEA, 0x35,
    0x7D, 0x3D, 0x1C, 0xEE, 0xB7, 0xB2, 0xFB, 0xCA, 0x29, 0x6A, 0xC5, 0xE3, 0x79, 0xF4, 0xDF, 0x75,
    0x5D, 0xA9, 0x04, 0x4D, 0x92, 0x6F, 0xEE, 0x2A, 0xE5, 0xA5, 0x6A, 0x09, 0x3D, 0xE4, 0xB9, 0xA7,
    0x5D, 0xA8, 0xBC, 0xAE, 0xCB, 0x95, 0x57, 0x39, 0xA5, 0xF2, 0x72, 0xAB, 0xC6, 0x55, 0x83, 0x48,
    0x2D, 0x90, 0x49, 0x64, 0x57, 0xCA, 0xFB, 0x3C, 0x29, 0x94, 0xF7, 0xA8, 0xC3, 0xDD, 0xD6, 0x1E,
    0xA0, 0x50, 0xCA, 0xCE, 0x94, 0x72, 0xF1, 0xDD, 0x3D, 0xC5, 0x12, 0x9D, 0x02, 0x94, 0xD7, 0x2A,
    0x65, 0x70, 0x78, 0x76, 0x3B, 0xAD, 0x94, 0x9B, 0x1B, 0x8D, 0x0A, 0x62, 0x95, 0xF0, 0xE2, 0xEB,
    0x6A, 0x8B, 0x2D, 0x12, 0xCC, 0xAF, 0x47, 0x13, 0x4C, 0x68, 0xC6, 0x73, 0x91, 0x52, 0x2F, 0xAB,
    0x20, 0xC4, 0x31, 0x48, 0x55, 0xAB, 0xDC, 0x02, 0x33, 0xB0, 0xDB, 0xA4, 0x64, 0x57, 0x18, 0xB0,
    0xD7, 0xF0, 0xBE, 0xC7, 0xCA, 0xC6, 0x22, 0x7A, 0xF3, 0x2E, 0x0D, 0x62, 0x37, 0x0F, 0x94, 0x5D,
    0x44, 0x7C, 0x2A, 0x26, 0xE3, 0xB7, 0xA1, 0x72, 0xBA, 0x8A, 0xDD, 0xC6, 0xCA, 0x48, 0x38, 0xC5,
    0xE2, 0x3D, 0x5C, 0x9F, 0xB1, 0x4D, 0xE8, 0x16, 0xC1, 0xBC, 0xCB, 0xDC, 0xAE, 0x0B, 0x0D, 0xF4,
    0x18, 0x9C, 0xE0, 0xF7, 0xB6, 0x1B, 0x36, 0x7E, 0x0A, 0xBC, 0x58, 0x1F, 0x2C, 0xDD, 0x19, 0x3E,
    0x18, 0x59, 0x7C, 0x52, 0x78, 0x19, 0x10, 0x10, 0x42, 0x3F, 0xF6, 0xD3, 0x20, 0xC4, 0x3C, 0x31,
    0x5F, 0x50, 0x74, 0x92, 0x2B, 0x10, 0x45, 0xCB, 0x51, 0xF4, 0x87, 0x76, 0xC2, 0x03, 0xF6, 0x9C,
    0x6B, 0x67, 0x54, 0xE3, 0x83, 0x59, 0x61, 0x55, 0xDF, 0x55, 0x66, 0x89, 0xA5, 0x68, 0xF4, 0x01,
    0x74, 0x5B, 0xE2, 0x5A, 0x90, 0x62, 0x40, 0x33, 0xEC, 0x88, 0x1C, 0x1C, 0x7D, 0xB0, 0x0B, 0x5B,
    0x7F, 0x73, 0x73, 0x1C, 0xBC, 0x2C, 0x49, 0x71, 0x7B, 0x97, 0x82, 0xC4, 0x12, 0x3C, 0x6A, 0x8F,
    0x0B, 0xFA, 0x98, 0x5B, 0x17, 0xE9, 0xED, 0x7D, 0xE6, 0x61, 0x32, 0xE9, 0x26, 0xDB, 0x24, 0x26,
    0x8E, 0x54, 0x0E, 0x20, 0x29, 0x5E, 0xF3, 0x33, 0x39, 0x38, 0x85, 0x1C, 0xEC, 0xA5, 0x43, 0x7F,
    0xD2, 0xCB, 0x79, 0xC0, 0xD3, 0x79, 0xD0, 0xDC, 0x12, 0xE1, 0xE9, 0xE8, 0xA2, 0xD6, 0x08, 0x4C,
    0x71, 0xEF, 0x30, 0x53, 0x08, 0xFA, 0xD7, 0x56, 0x98, 0x02, 0xC4, 0xDE, 0x4E, 0x41, 0xFB, 0x99,
    0x30, 0x80, 0x6A, 0x88, 0x5A, 0xA2, 0xD9, 0x5A, 0xA4, 0x40, 0x31, 0x26, 0x76, 0xC9, 0xC2, 0x0A,
    0x3B, 0xE9, 0x32, 0x3F, 0x28, 0xB3, 0x01, 0x85, 0x55, 0x81, 0x22, 0xA5, 0x05, 0x18, 0x13, 0x48,
    0x98, 0xB4, 0x6C, 0x55, 0x2A, 0x98, 0x16, 0x98, 0x5B, 0x06, 0xC8, 0x55, 0x60, 0x83, 0xA2, 0xF0,
    0xB4, 0x40, 0x71, 0xC0, 0x01, 0x26, 0xEB, 0x61, 0xA6, 0x9C, 0x91, 0x55, 0x07, 0xCA, 0x68, 0x7B,
    0xA6, 0x20, 0x21, 0x91, 0xEB, 0x20, 0x3A, 0xD4, 0xEA, 0x0F, 0x5A, 0xF0, 0x5E, 0x83, 0xC8, 0x22,
    0x72, 0x88, 0x3C, 0xE9, 0x0F, 0xFC, 0xA0, 0x12, 0x1C, 0x0D, 0x74, 0x86, 0x47, 0x03, 0xB1, 0xEB,
    0xC0, 0xC5, 0x33, 0x02, 0x92, 0x8B, 0x34, 0x08, 0x1A, 0x22, 0x8E, 0x21, 0x28, 0x88, 0x32, 0xA2,
    0x94, 0xFD, 0xFE, 0xF8, 0x02, 0xFA, 0xBF, 0x4D, 0x56, 0x0F, 0x48, 0x31, 0x4E, 0x79, 0xF8, 0xE1,
    0xE4, 0x4D, 0x5F, 0x78, 0x2E, 0x03, 0x41, 0x39, 0x05, 0xE6, 0x67, 0x95, 0x20, 0x0A, 0xB3, 0x76,
    0xB0, 0x32, 0xB5, 0x8B, 0xF1, 0xCE, 0xB8, 0xC6, 0x91, 0x8F, 0x39, 0x04, 0x51, 0xCF, 0xE1, 0xCA,
    0xA5, 0xA8, 0x85, 0x84, 0xC1, 0x8C, 0xD8, 0x29, 0xDB, 0x9A, 0xE4, 0x54, 0x0B, 0x0C, 0xA8, 0xAC,
    0x46, 0x4F, 0xAB, 0x39, 0x33, 0x74, 0xDD, 0x02, 0x40, 0x9C, 0x6A, 0x09, 0xA4, 0x77, 0x47, 0x06,
    0xD1, 0x71, 0x38, 0x20, 0x56, 0xE5, 0x7F, 0x82, 0xC7, 0x06, 0x5C, 0xE1, 0x48, 0x46, 0xCC, 0xF1,
    0x34, 0x98, 0x85, 0x51, 0x73, 0x3E, 0x15, 0x36, 0xC8, 0x22, 0x05, 0xD9, 0x24, 0x4B, 0x77, 0x3E,
    0xE9, 0x30, 0x5B, 0x88, 0x1B, 0xCC, 0x1B, 0x3B, 0x16, 0x2B, 0xB2, 0x1B, 0xCE, 0xE0, 0x69, 0xA1,
    0xC0, 0x3A, 0x19, 0x08, 0xE9, 0xA2, 0xAF, 0x25, 0x58, 0x7B, 0x48, 0x14, 0x21, 0x5E, 0xAB, 0x3F,
    0x82, 0x46, 0x26, 0x49, 0xAA, 0xEF, 0xAF, 0x46, 0x6D, 0x49, 0xCB, 0xDC, 0x2B, 0x27, 0xD7, 0xE0,
    0xA5, 0x38, 0x87, 0x36, 0x8D, 0x96, 0xB7, 0x42, 0xF2, 0xD2, 0x4F, 0xA9, 0x01, 0x9B, 0x3B, 0x49,
    0x72, 0x5C, 0x43, 0x5F, 0x7B, 0x9B, 0x93, 0xC9, 0xEC, 0x90, 0x2C, 0x05, 0x34, 0x99, 0x02, 0x91,
    0x14, 0x67, 0xCB, 0xA8, 0x59, 0xA0, 0x7A, 0x40, 0x06, 0x11, 0xE4, 0x89, 0x9B, 0x62, 0x8B, 0xDD,
    0x14, 0x4B, 0xEA, 0xA6, 0xD3, 0xF9, 0x64, 0xFA, 0x6B, 0x72, 0x75, 0x23, 0x88, 0x44, 0xB0, 0x8A,
    0xDE, 0x03, 0x7A, 0x6F, 0x53, 0x1A, 0xD1, 0xCF, 0x30, 0x00, 0x4A, 0x70, 0x1C, 0x20, 0x0E, 0x4B,
    0x93, 0x5B, 0x69, 0xD6, 0x66, 0x85, 0x6D, 0x55, 0xAD, 0x59, 0x71, 0x9F, 0x23, 0xB3, 0x22, 0x81,
    0xFA, 0x9F, 0x57, 0xD8, 0x4A, 0xE5, 0x3E, 0x69, 0x13, 0x21, 0x0D, 0x11, 0x95, 0x90, 0x09, 0x24,
    0x8F, 0xE0, 0x46, 0x85, 0xBD, 0x56, 0x89, 0x59, 0x91, 0x3A, 0x1A, 0xB9, 0xAF, 0xEF, 0xA5, 0xEF,
    0x53, 0x9E, 0xD0, 0x52, 0x72, 0x40, 0x80, 0x86, 0x41, 0x8C, 0x03, 0x58, 0x08, 0xA2, 0xD7, 0xC1,
    0x66, 0xF9, 0x73, 0x6C, 0x1A, 0xA8, 0xE5, 0x75, 0x91, 0x36, 0xC2, 0x0D, 0x21, 0xB9, 0x4E, 0x05,
    0xA0, 0xFD, 0xD7, 0x85, 0xFE, 0xA8, 0x51, 0x73, 0x42, 0x02, 0x88, 0xD0, 0x16, 0x2A, 0x27, 0x76,
    0x30, 0x06, 0x03, 0x7D, 0x9C, 0x37, 0x87, 0xDF, 0x3F, 0x96, 0xC3, 0xCF, 0xED, 0xE1, 0x1B, 0x93,
    0x91, 0xD8, 0x24, 0x82, 0xD1, 0x4E, 0x12, 0x10, 0x5D, 0x44, 0xE0, 0xB6, 0x2F, 0xA0, 0x54, 0x91,
    0x35, 0x40, 0xA1, 0x01, 0xBC, 0x1D, 0x61, 0xC1, 0xA3, 0x84, 0x84, 0x0D, 0xBB, 0x01, 0xAA, 0x2A,
    0xC2, 0xF0, 0x38, 0xC1, 0x52, 0x70, 0x25, 0xF3, 0xAC, 0x29, 0x23, 0x82, 0x5D, 0xE5, 0x25, 0x9C,
    0x8B, 0x8F, 0xE9, 0x04, 0xFA, 0x13, 0x47, 0xC0, 0x5E, 0xDA, 0x70, 0xB6, 0x29, 0x67, 0xEF, 0x7C,
    0xCD, 0xE9, 0xDB, 0xBF, 0x2D, 0xB9, 0x12, 0xFF, 0xC5, 0x55, 0x30, 0xF7, 0x39, 0x2B, 0x45, 0x1E,
    0x1E, 0x70, 0x14, 0x1E, 0xD8, 0x08, 0x78, 0xDE, 0x51, 0x00, 0x2D, 0x48, 0xDD, 0x27, 0x70, 0x5C,
    0x3B, 0x6A, 0xBD, 0x57, 0xB5, 0xBD, 0x94, 0x41, 0x36, 0x89, 0xBD, 0x64, 0x36, 0x42, 0x78, 0x7C,
    0x40, 0x10, 0x46, 0x34, 0x0C, 0x66, 0x24, 0xB9, 0x15, 0x24, 0x17, 0xA4, 0x89, 0x34, 0x96, 0xDB,
    0xA4, 0x83, 0xDE, 0x5E, 0x6A, 0x85, 0xE9, 0xF5, 0x08, 0x38, 0x9A, 0x67, 0x8C, 0xE2, 0x58, 0x80,
    0xA5, 0x76, 0x20, 0xCD, 0x28, 0xB1, 0x9C, 0x5E, 0xEA, 0x89, 0xE4, 0x03, 0xF8, 0x99, 0x66, 0x57,
    0x28, 0x3B, 0x2A, 0xFF, 0x67, 0x5B, 0x86, 0x87, 0x67, 0x2A, 0xD6, 0x83, 0x36, 0x05, 0x57, 0x50,
    0xD4, 0xD3, 0x70, 0xA0, 0xD6, 0xCF, 0xB4, 0x51, 0x62, 0x31, 0x13, 0xC4, 0x68, 0x1E, 0x38, 0xF4,
    0x0C, 0x70, 0x7E, 0xBA, 0x50, 0x7B, 0x26, 0x07, 0xE8, 0x16, 0xEC, 0x1A, 0x53, 0x74, 0x11, 0x0D,
    0x24, 0x3F, 0xAF, 0xB1, 0x84, 0x21, 0x1E, 0x12, 0xA9, 0xDA, 0x82, 0xD1, 0x5A, 0x5B, 0xE5, 0xAE,
    0x82, 0x78, 0x12, 0x24, 0x5F, 0xE5, 0x82, 0x34, 0x91, 0xC6, 0x72, 0x9B, 0x25, 0x22, 0x8E, 0x5D,
    0x1D, 0xF4, 0xEC, 0x81, 0xE3, 0x62, 0xB7, 0x00, 0xA3, 0x89, 0xD2, 0x33, 0x1A, 0x8E, 0xA8, 0xC3,
    0x09, 0x15, 0xBC, 0x9F, 0xF6, 0xBA, 0x52, 0xB4, 0xA6, 0x25, 0x63, 0x6E, 0x06, 0x25, 0xEA, 0x77,
    0xA2, 0x3A, 0x21, 0xC1, 0x5A, 0x0C, 0xDF, 0xAA, 0x2D, 0x4E, 0x5F, 0xE4, 0xA1, 0x48, 0x43, 0x61,
    0x6E, 0xD5, 0xA8, 0x0D, 0xA1, 0x4E, 0x4B, 0x77, 0x6A, 0x39, 0x2A, 0xA5, 0xDE, 0x34, 0x1A, 0xA3,
    0x08, 0x9A, 0x7B, 0x1D, 0x04, 0x04, 0xB8, 0x37, 0xFE, 0x3C, 0xA9, 0x1D, 0x68, 0x74, 0x23, 0xF9,
    0x55, 0x2D, 0x96, 0xF0, 0x11, 0x40, 0x95, 0xAB, 0x15, 0xEF, 0xC6, 0x31, 0x15, 0xE0, 0x32, 0x3E,
    0xDF, 0x67, 0xED, 0x09, 0x6E, 0x34, 0x16, 0x9A, 0xDA, 0x3D, 0x8C, 0x45, 0xDB, 0x09, 0x9A, 0x24,
    0xB4, 0x39, 0x83, 0x15, 0x04, 0xFE, 0x14, 0xBD, 0x4B, 0x44, 0x0B, 0xC8, 0x83, 0x94, 0x0E, 0x41,
    0x23, 0x3D, 0xA2, 0xD6, 0xD3, 0x7F, 0x61, 0xF7, 0x69, 0x8A, 0x88, 0x0D, 0xA2, 0x0D, 0x1A, 0xA5,
    0xE5, 0xC1, 0x11, 0x08, 0x9E, 0x5C, 0xC4, 0x8E, 0x89, 0x52, 0x9C, 0xF3, 0x8A, 0x48, 0x1C, 0x34,
    0xDA, 0x35, 0x0B, 0xC4, 0xAF, 0x2E, 0xD0, 0xA4, 0xCB, 0xD8, 0x2E, 0x8C, 0xD8, 0x71, 0x74, 0xA4,
    0xE9, 0x82, 0x3E, 0x7B, 0x3B, 0x81, 0x82, 0xA7, 0x58, 0x36, 0x95, 0x2C, 0x2D, 0x7C, 0xD0, 0xD5,
    0x60, 0x76, 0xA9, 0x5B, 0x00, 0x9B, 0xE3, 0xF5, 0x5A, 0xB8, 0xBD, 0x01, 0x1D, 0xE0, 0x84, 0x5C,
    0xF1, 0x97, 0x07, 0xA2, 0xC4, 0xE5, 0xDC, 0x05, 0x5D, 0x9C, 0x24, 0xFA, 0x1C, 0xEC, 0x95, 0x84,
    0xD7, 0x5B, 0x45, 0x02, 0x83, 0x7A, 0xC3, 0x6D, 0x2E, 0x3B, 0xB0, 0xD8, 0x95, 0x74, 0x1A, 0x88,
    0xF3, 0x49, 0xCD, 0x29, 0x0A, 0x0C, 0xCE, 0x24, 0x14, 0x02, 0xDD, 0x4A, 0x28, 0x3B, 0x68, 0x4D,
    0x32, 0x5A, 0x1D, 0x90, 0xD3, 0x1A, 0x0A, 0x4B, 0x62, 0x30, 0xDC, 0x2C, 0xD8, 0x11, 0xAC, 0xCF,
    0x9B, 0x82, 0x0D, 0x69, 0xA9, 0xE4, 0x2E, 0x31, 0x6B, 0x02, 0xDA, 0x16, 0xE8, 0xCD, 0xD6, 0xB6,
    0x10, 0x9E, 0x02, 0x86, 0x2E, 0xF1, 0xE4, 0xD2, 0x6D, 0x77, 0x4A, 0x2F, 0xB3, 0x4A, 0x1F, 0xD6,
    0x97, 0x1F, 0xEB, 0x23, 0xBF, 0xF3, 0x3C, 0xAF, 0x8B, 0x07, 0xDD, 0x5A, 0xA5, 0x09, 0xE9, 0x60,
    0x55, 0x56, 0x09, 0x69, 0x55, 0xC2, 0xB7, 0x93, 0x76, 0x01, 0x3D, 0xBE, 0x28, 0xC7, 0x0C, 0x60,
    0xD1, 0xC1, 0x8D, 0x84, 0xD9, 0xD9, 0xBB, 0x99, 0x51, 0x6C, 0xC0, 0x45, 0x76, 0xDB, 0x29, 0xCC,
    0x5E, 0xAF, 0x77, 0x37, 0xA3, 0x38, 0x78, 0x82, 0x73, 0xDD, 0x57, 0xB1, 0xD9, 0x7A, 0x68, 0xE3,
    0x29, 0x75, 0xB3, 0xEB, 0xEF, 0x7D, 0x57, 0xF9, 0xD7, 0x95, 0xBA, 0xEA, 0x97, 0xEA, 0x36, 0xBE,
    0xFF, 0x4B, 0x9A, 0x50, 0x85, 0xC7, 0x74, 0xA9, 0x68, 0x2B, 0x6A, 0xA0, 0x4A, 0x62, 0x3F, 0x9C,
    0x4B, 0x2B, 0x6E, 0xB8, 0x91, 0x6C, 0x43, 0x2B, 0x13, 0xB0, 0xBD, 0x3B, 0x0D, 0xDC, 0xFE, 0x19,
    0x60, 0x17, 0x7F, 0xE3, 0x3B, 0x14, 0x40, 0x04, 0x53, 0x7C, 0x0B, 0xCB, 0xBD, 0x85, 0x39, 0x6F,
    0x51, 0xCD, 0xC1, 0x20, 0x8F, 0xD0, 0xBF, 0xBE, 0x96, 0xF3, 0x33, 0xD9, 0x8E, 0x64, 0xC3, 0x8E,
    0xF9, 0x50, 0x97, 0x08, 0xB4, 0xD3, 0xDC, 0x2C, 0x6D, 0x0D, 0x85, 0x0D, 0xC7, 0xF6, 0x00, 0xF8,
    0xEB, 0x66, 0x76, 0x7E, 0xEB, 0x9B, 0xE9, 0x1E, 0x3C, 0xE1, 0x96, 0x80, 0xBD, 0xDE, 0x1A, 0xC3,
    0x25, 0xA5, 0x5E, 0xE6, 0x88, 0x39, 0x72, 0x7F, 0xBF, 0x11, 0xB5, 0x8B, 0x19, 0x85, 0xB0, 0x46,
    0x18, 0x91, 0x21, 0xA4, 0x4D, 0xAF, 0x8E, 0x02, 0xDA, 0x81, 0x58, 0x51, 0x07, 0x33, 0x60, 0x9C,
    0x81, 0xC6, 0x4C, 0x22, 0xE6, 0x4C, 0x43, 0xB5, 0x28, 0xCE, 0x46, 0x60, 0xD3, 0xF9, 0x08, 0xA8,
    0x2D, 0xA2, 0x80, 0x8B, 0x2E, 0x0C, 0x07, 0x11, 0x4B, 0x1C, 0x25, 0x09, 0xCE, 0xB4, 0x01, 0x04,
    0x2B, 0x8C, 0x1F, 0x70, 0x99, 0xBE, 0x0B, 0x3D, 0x48, 0xA0, 0x84, 0xBD, 0x19, 0x09, 0x0C, 0xC7,
    0xD2, 0xDB, 0xAF, 0xFD, 0xB0, 0x21, 0xF9, 0xBE, 0x51, 0x89, 0xCD, 0x85, 0x65, 0x6D, 0x48, 0x4F,
    0x61, 0xEB, 0x3F, 0x69, 0xDC, 0xAE, 0x32, 0x3A, 0x2C, 0x91, 0x1F, 0xC3, 0xA4, 0x01, 0x74, 0x71,
    0x64, 0x00, 0xA0, 0x71, 0x22, 0x17, 0xE0, 0xDD, 0x8A, 0xF9, 0xE8, 0xE8, 0x01, 0x00, 0xD4, 0x13,
    0x15, 0x80, 0x14, 0x10, 0xB2, 0xBD, 0x1F, 0x9B, 0xE1, 0xF7, 0x94, 0x95, 0x96, 0x50, 0x41, 0x34,
    0x9F, 0xE3, 0x85, 0xA9, 0x78, 0xD6, 0xFE, 0xFA, 0x7B, 0x60, 0xA9, 0xC1, 0x72, 0x83, 0xB1, 0x27,
    0x96, 0x99, 0xDF, 0x5B, 0x66, 0x04, 0x5A, 0x69, 0x3C, 0xC7, 0x6B, 0x6C, 0xC3, 0xB6, 0xB8, 0x07,
    0x74, 0x9C, 0x0A, 0xCC, 0xA7, 0xA9, 0x55, 0xB8, 0x4B, 0x60, 0x13, 0x72, 0xB8, 0x1D, 0x00, 0x37,
    0x83, 0x46, 0x48, 0xDD, 0x14, 0x3C, 0x27, 0x34, 0x07, 0xD2, 0x86, 0x04, 0x29, 0x88, 0x4A, 0x03,
    0xA8, 0xB6, 0xBA, 0x6C, 0xAB, 0xB6, 0x9E, 0x66, 0x5B, 0x33, 0xE7, 0x2B, 0x88, 0x16, 0xF7, 0x8B,
    0x1E, 0xF9, 0xEF, 0xBF, 0x93, 0x45, 0xEE, 0xD4, 0xCD, 0x22, 0xA7, 0x05, 0xB2, 0x1B, 0x20, 0x0B,
    0x7A, 0x3C, 0xA2, 0x23, 0xA0, 0x47, 0xBE, 0x02, 0xD8, 0x73, 0x38, 0x4A, 0x1A, 0xD6, 0x5D, 0x07,
    0x68, 0x5A, 0xA9, 0x41, 0x2B, 0xE4, 0x85, 0x28, 0x84, 0xCD, 0xB0, 0xC4, 0x11, 0xFC, 0x3B, 0x11,
    0x9F, 0x12, 0xEB, 0xB3, 0x3F, 0xD0, 0x0A, 0xB9, 0x01, 0x12, 0x8F, 0x00, 0xD1, 0x8C, 0x7E, 0x4E,
    0x0E, 0xDE, 0x63, 0x15, 0x45, 0x10, 0x4F, 0xF0, 0x42, 0xA2, 0x34, 0x48, 0xA3, 0x90, 0xF6, 0x1F,
    0xC7, 0x3F, 0x02, 0x9E, 0xE3, 0x35, 0xB6, 0x61, 0x5B, 0xDE, 0xD3, 0x5B, 0x4F, 0x63, 0x38, 0x18,
    0x7B, 0x2B, 0x74, 0x9E, 0xA8, 0x37, 0x15, 0x4D, 0x98, 0xA6, 0x07, 0xFE, 0xCD, 0x73, 0x9C, 0x17,
    0xDB, 0x0C, 0x74, 0xDE, 0x5B, 0xE8, 0xEA, 0x83, 0x6E, 0xA2, 0xD6, 0x76, 0x7C, 0x04, 0x48, 0x8C,
    0x27, 0x74, 0x72, 0x3F, 0xE6, 0x1E, 0x7A, 0xD8, 0x49, 0x3F, 0xB6, 0x73, 0x51, 0x05, 0xCA, 0x84,
    0x91, 0x63, 0x54, 0x50, 0xD3, 0x0D, 0x44, 0xEC, 0x0C, 0xF2, 0x31, 0xA2, 0x99, 0x92, 0x6B, 0x67,
    0x8A, 0x00, 0x95, 0x75, 0xB1, 0xD3, 0xE6, 0x95, 0x97, 0xD3, 0x5C, 0x29, 0x0E, 0xA3, 0xA4, 0x63,
    0xE4, 0x0F, 0xA2, 0xD0, 0xDB, 0xDF, 0x87, 0xF0, 0xFE, 0xB8, 0xE8, 0x54, 0x42, 0x35, 0xB1, 0x6B,
    0x17, 0x60, 0x1F, 0xA0, 0x78, 0x81, 0x42, 0xB9, 0x20, 0x4D, 0xA4, 0xB1, 0xDC, 0x26, 0x11, 0xC3,
    0xB5, 0x3D, 0x13, 0x41, 0x48, 0x82, 0xEC, 0xA8, 0x0D, 0x23, 0x28, 0x1D, 0x2C, 0x45, 0xCB, 0x18,
    0x23, 0x2F, 0x90, 0xB9, 0x01, 0x60, 0x20, 0x73, 0x0F, 0x4C, 0x5F, 0x34, 0x74, 0xFB, 0x44, 0xD0,
    0x06, 0x21, 0xB7, 0x84, 0x8B, 0x7B, 0x42, 0x80, 0x9A, 0x05, 0x59, 0x94, 0x91, 0x0C, 0x87, 0xDA,
    0x82, 0x81, 0x43, 0x0D, 0x91, 0x58, 0xC6, 0x87, 0x41, 0x0B, 0xDB, 0x4E, 0x34, 0x99, 0x21, 0x72,
    0x65, 0x59, 0x79, 0x46, 0x34, 0x1C, 0xCF, 0x80, 0x26, 0xED, 0x4E, 0x85, 0x71, 0x74, 0x3D, 0xE2,
    0x39, 0xF5, 0x5C, 0x18, 0x1D, 0xB6, 0x24, 0x7C, 0x4D, 0xFA, 0x62, 0x98, 0xF4, 0xA6, 0xC8, 0x0A,
    0x66, 0xA0, 0x93, 0xF0, 0x41, 0xDD, 0x5B, 0xB3, 0xB5, 0x84, 0x3B, 0x63, 0xC5, 0x55, 0x69, 0x77,
    0x6A, 0x7C, 0x6F, 0x14, 0x03, 0x9E, 0x3C, 0xF2, 0xBB, 0x0E, 0x95, 0x83, 0x21, 0xB5, 0x37, 0x74,
    0x18, 0x75, 0x39, 0x51, 0x0D, 0x34, 0xE9, 0x78, 0x0E, 0x06, 0xF0, 0x08, 0xC9, 0x39, 0xB9, 0x2A,
    0xED, 0xD6, 0x51, 0x6F, 0xAF, 0xA8, 0x44, 0x39, 0x2D, 0xED, 0x57, 0xA7, 0xCF, 0xE3, 0xBA, 0x29,
    0xB1, 0x78, 0x08, 0xB5, 0x27, 0x1C, 0xDA, 0x4C, 0x5D, 0xE2, 0xFA, 0x7F, 0x90, 0x84, 0x42, 0x96,
    0x89, 0x44, 0x1E, 0xC2, 0xBF, 0xC2, 0xB9, 0x19, 0x18, 0x2B, 0x40, 0x1B, 0xB6, 0x35, 0x31, 0xA9,
    0x48, 0x39, 0xD0, 0x76, 0xE8, 0x22, 0x85, 0x98, 0x9D, 0x16, 0x11, 0x14, 0x78, 0x05, 0x97, 0x16,
    0x36, 0x2E, 0xDC, 0xE6, 0x9A, 0x3D, 0x37, 0x1A, 0x39, 0xFC, 0x2A, 0x17, 0xA4, 0x89, 0x34, 0x96,
    0xDB, 0xD8, 0x01, 0x55, 0x39, 0x88, 0x38, 0xF6, 0xE6, 0x49, 0xAF, 0xCE, 0x3D, 0x39, 0xC2, 0x38,
    0x96, 0xF3, 0x26, 0x9D, 0x84, 0xCA, 0x8B, 0xED, 0xC2, 0x03, 0xFB, 0xE1, 0x7C, 0xEA, 0x61, 0xBD,
    0xBC, 0x58, 0x02, 0xD3, 0x74, 0x57, 0x1E, 0x00, 0xAE, 0x1E, 0x44, 0x0A, 0xCE, 0xAA, 0x04, 0x6D,
    0xA8, 0x12, 0xF7, 0xCB, 0x5A, 0x8E, 0xCF, 0xDB, 0xD7, 0x1B, 0xF3, 0xED, 0x3E, 0x6E, 0x90, 0x09,
    0x07, 0xDA, 0xBF, 0xE9, 0x42, 0xFB, 0x7F, 0xBA, 0x0C, 0x2E, 0x5F, 0x61, 0x57, 0x36, 0xBC, 0x31,
    0xB3, 0x3A, 0x09, 0x48, 0x24, 0x5C, 0xE0, 0x0D, 0x0C, 0x2A, 0x10, 0x5E, 0xC6, 0x10, 0xB8, 0x3F,
    0xB7, 0xF5, 0xE4, 0x95, 0xDE, 0xE3, 0x93, 0x1A, 0x1B, 0x18, 0x9B, 0x08, 0x4E, 0x8C, 0x95, 0x63,
    0xE6, 0x5E, 0xB7, 0x13, 0x92, 0xA8, 0x06, 0x3D, 0x9F, 0x3F, 0xD1, 0x9C, 0x39, 0x12, 0x9C, 0xD8,
    0x6D, 0xAF, 0x2B, 0xB0, 0xF7, 0x60, 0x88, 0x2D, 0x0C, 0x62, 0x1B, 0x34, 0xB0, 0x6D, 0x62, 0x61,
    0xCC, 0xE6, 0xF7, 0xD4, 0xAC, 0x55, 0x2D, 0x48, 0xC7, 0xEF, 0xCA, 0x0B, 0x5D, 0x7C, 0x95, 0x04,
    0xD1, 0x6F, 0x47, 0x74, 0xCC, 0xEF, 0x9B, 0x76, 0x1A, 0xBC, 0x9D, 0x03, 0xF7, 0x0B, 0x5D, 0x9F,
    0xF4, 0x63, 0x65, 0x8C, 0xF6, 0xEB, 0x00, 0x34, 0xFF, 0x3A, 0xFA, 0xD7, 0x29, 0x6E, 0xE5, 0x09,
    0xAC, 0x3A, 0x8B, 0x11, 0xF5, 0x01, 0xCF, 0xA7, 0x22, 0x92, 0xDC, 0x31, 0x86, 0x03, 0x4A, 0xDC,
    0x51, 0x63, 0xE3, 0x3A, 0xCF, 0xC3, 0xEA, 0x22, 0x2E, 0xA1, 0xB7, 0xF1, 0x37, 0xB4, 0x36, 0xCE,
    0x27, 0x31, 0xDB, 0xCC, 0x14, 0xDB, 0x47, 0xDA, 0x0E, 0x3D, 0x0A, 0xC3, 0x87, 0x17, 0x4D, 0x29,
    0xD6, 0x20, 0x35, 0x0E, 0xCF, 0x07, 0xA2, 0x77, 0xC9, 0xA6, 0x7E, 0x2C, 0x3A, 0xF8, 0x9B, 0x8E,
    0x9A, 0x51, 0xF7, 0x06, 0xFF, 0x57, 0x44, 0xF5, 0x26, 0x88, 0xC6, 0xE9, 0x93, 0x63, 0x30, 0x81,
    0xD5, 0x35, 0x35, 0xB2, 0x8B, 0xCE, 0x66, 0xDF, 0x98, 0x43, 0x4E, 0xF2, 0xF6, 0x6A, 0x7F, 0x67,
    0xB3, 0xB3, 0x8C, 0xF8, 0xBB, 0xCA, 0x28, 0xAE, 0x80, 0xE2, 0x40, 0xC0, 0x7E, 0x36, 0xEA, 0x6F,
    0x73, 0x5A, 0xF6, 0x94, 0xAA, 0x2B, 0x1C, 0xAC, 0x9A, 0x55, 0xF7, 0x2D, 0x90, 0x1D, 0xDB, 0x04,
    0xA6, 0x12, 0x06, 0x5B, 0x11, 0x63, 0x35, 0x70, 0xDC, 0xEF, 0x44, 0x60, 0xEC, 0x77, 0x14, 0x81,
    0xDB, 0x30, 0x06, 0x23, 0xD5, 0x18, 0xD5, 0x29, 0x90, 0x59, 0x05, 0xD7, 0x5B, 0x18, 0xEA, 0x4F,
    0x9E, 0x3E, 0x05, 0xF5, 0xFE, 0xBC, 0xCB, 0xCC, 0xD6, 0xE8, 0x42, 0x11, 0x8B, 0x37, 0xDB, 0xBB,
    0x64, 0xE8, 0xAA, 0x47, 0x72, 0x4E, 0xA3, 0x76, 0x12, 0x2A, 0x71, 0xBC, 0x2C, 0x12, 0xA7, 0x55,
    0x18, 0x1D, 0x2F, 0x04, 0xE1, 0x61, 0x84, 0x0B, 0xED, 0xB4, 0x61, 0xBB, 0x4A, 0x3B, 0x91, 0x07,
    0x0A, 0x5D, 0x03, 0x2F, 0x10, 0x6E, 0xCE, 0xEF, 0x1E, 0x9C, 0xEF, 0xDA, 0x10, 0x8D, 0x73, 0xF0,
    0x59, 0x69, 0x81, 0x16, 0xF1, 0x80, 0x4A, 0x8E, 0xFC, 0xCE, 0xF3, 0xB8, 0x1E, 0x60, 0xBE, 0xF4,
    0x43, 0xC9, 0x47, 0xE2, 0x87, 0xA6, 0x0C, 0xA9, 0x7A, 0x39, 0xFD, 0x4A, 0x5B, 0xFC, 0x08, 0xF3,
    0x4E, 0x20, 0xA3, 0x0D, 0x76, 0xE6, 0x13, 0x1D, 0x02, 0x5C, 0x60, 0x7D, 0x5E, 0x22, 0x54, 0x81,
    0x59, 0x89, 0x0F, 0x2D, 0x77, 0xA9, 0x24, 0x64, 0x50, 0x4F, 0xF7, 0xE6, 0x48, 0xCF, 0x8C, 0x7B,
    0x47, 0xEA, 0xD5, 0x3D, 0x12, 0xB2, 0x50, 0x27, 0x2C, 0x14, 0x72, 0x51, 0xE4, 0x66, 0xC6, 0x9D,
    0x68, 0xAA, 0x39, 0x34, 0xEF, 0x91, 0xF8, 0x39, 0x4C, 0x27, 0xA2, 0x09, 0xEC, 0x24, 0xB3, 0x4B,
    0x60, 0xFE, 0x24, 0xD4, 0xCC, 0xAF, 0xEE, 0x1D, 0x4E, 0xD6, 0x4C, 0x19, 0x2C, 0x7F, 0x7F, 0x4D,
    0xB2, 0xC6, 0x1A, 0x92, 0x35, 0xCC, 0xD3, 0xE8, 0x64, 0xCD, 0xEF, 0xF6, 0x5A, 0xE5, 0x7E, 0x5D,
    0x26, 0xCA, 0xFD, 0xB7, 0x12, 0x5A, 0xE2, 0x21, 0xFC, 0xDA, 0xE0, 0xA3, 0x12, 0x64, 0x70, 0xBD,
    0xC4, 0x7D, 0x42, 0xBB, 0x99, 0xA6, 0x67, 0x9A, 0x64, 0xA0, 0x6F, 0xD2, 0xB9, 0x59, 0xEC, 0x2A,
    0xC6, 0xD0, 0xEC, 0x56, 0xCC, 0xA3, 0xD0, 0xFD, 0xE2, 0x93, 0xD4, 0xFF, 0xC7, 0x77, 0xD2, 0xC0,
    0x7D, 0x3B, 0x8F, 0xDC, 0xB7, 0x98, 0x6A, 0x14, 0x62, 0x35, 0xBA, 0x54, 0x02, 0xE2, 0x82, 0xF7,
    0x19, 0xA3, 0x77, 0xFE, 0x93, 0xE1, 0x6D, 0xF7, 0x17, 0x82, 0x3F, 0x67, 0xC4, 0xC3, 0x7F, 0x28,
    0x51, 0xEF, 0xB0, 0x11, 0x93, 0x6A, 0xA6, 0x13, 0x9A, 0x1A, 0x87, 0xC1, 0x9F, 0x37, 0x5B, 0xA0,
    0x46, 0xB3, 0xBE, 0x86, 0x01, 0x59, 0xE5, 0x35, 0x37, 0x83, 0xDF, 0x77, 0x0D, 0xDE, 0x9C, 0x53,
    0x5C, 0xC3, 0xAA, 0xBA, 0xD9, 0x35, 0xE8, 0x6B, 0x05, 0x39, 0xD9, 0x23, 0x9F, 0x36, 0x51, 0x40,
    0xD9, 0xB0, 0x05, 0x47, 0x58, 0xED, 0x5E, 0xA3, 0x89, 0x14, 0xD0, 0x92, 0x08, 0xC4, 0x34, 0x4A,
    0xA3, 0x1D, 0x22, 0xFB, 0x3F, 0x7E, 0x89, 0x61, 0xFE, 0xE2, 0x11, 0xD6, 0xFA, 0xD1, 0xA3, 0x32,
    0xF2, 0xFF, 0xFE, 0xF3, 0xCA, 0xE9, 0x64, 0xFB, 0x71, 0x95, 0x01, 0xF2, 0x50, 0xD1, 0x9F, 0x56,
    0xDC, 0x3C, 0xE5, 0xDF, 0xC0, 0x6E, 0xBA, 0x8F, 0x28, 0xF1, 0x7E, 0x99, 0xD2, 0x1C, 0xA0, 0xDE,
    0x41, 0x63, 0x6F, 0xDE, 0x4D, 0xB1, 0x58, 0xBB, 0x0C, 0xAF, 0xEF, 0x32, 0x70, 0xB6, 0xAB, 0xD6,
    0x22, 0x0F, 0x44, 0x88, 0x1B, 0x0A, 0xD0, 0x58, 0x0E, 0x8F, 0x28, 0x55, 0x70, 0x39, 0xD5, 0x16,
    0x83, 0xBE, 0xD2, 0x51, 0x81, 0x99, 0xD6, 0xD1, 0x5B, 0x5F, 0xB7, 0x33, 0x3B, 0x8F, 0x76, 0x21,
    0x50, 0x9A, 0x1E, 0x02, 0xC9, 0xAB, 0x08, 0xB9, 0x70, 0x25, 0xA0, 0x1B, 0x26, 0x24, 0x1B, 0xA3,
    0x52, 0xB5, 0x44, 0xF8, 0x8C, 0x52, 0x24, 0x00, 0xF9, 0x01, 0x83, 0x7C, 0x5B, 0x12, 0x15, 0xEE,
    0x17, 0xB1, 0xEA, 0x63, 0x57, 0x3A, 0x2F, 0x9C, 0x06, 0x93, 0x64, 0xDE, 0x26, 0xB9, 0x58, 0xAB,
    0xA4, 0x43, 0x09, 0x74, 0xD2, 0x91, 0x86, 0xE5, 0x78, 0xDC, 0x21, 0x12, 0xC2, 0x8B, 0x24, 0x2E,
    0x04, 0x73, 0xE6, 0x1B, 0x7A, 0x53, 0x4E, 0xC6, 0x78, 0x82, 0x55, 0x70, 0x7D, 0xCD, 0xFF, 0xA6,
    0xE1, 0x39, 0x61, 0xEC, 0x41, 0x9E, 0x23, 0x18, 0x92, 0xB0, 0xF1, 0xDF, 0x2A, 0x23, 0xB3, 0xF4,
    0x6F, 0x54, 0x91, 0x55, 0xF8, 0xD7, 0xEB, 0x31, 0xB6, 0xB3, 0x07, 0xC6, 0xEF, 0x18, 0x33, 0x52,
    0xDF, 0xEA, 0x65, 0xAA, 0xD7, 0x86, 0x50, 0xDC, 0xAF, 0x4C, 0x45, 0x75, 0x2A, 0xF9, 0xD8, 0x95,
    0xC5, 0x8D, 0x48, 0xCD, 0x69, 0x29, 0x27, 0x67, 0xFD, 0xC7, 0x68, 0x8C, 0x29, 0x94, 0x78, 0x01,
    0x55, 0x30, 0x93, 0x48, 0x5C, 0x24, 0x92, 0xD5, 0x11, 0xC7, 0xFA, 0x42, 0xF8, 0x13, 0xEB, 0xDF,
    0x0B, 0x63, 0x3F, 0x65, 0xCE, 0x48, 0xF7, 0xDC, 0x6D, 0xC3, 0x0E, 0xBC, 0xB8, 0x53, 0x8B, 0xD5,
    0x00, 0x19, 0x56, 0xC3, 0x0F, 0x37, 0xBB, 0xDC, 0xD8, 0x19, 0xFA, 0xBC, 0xD9, 0xC0, 0x74, 0xF2,
    0xBB, 0xED, 0x40, 0xA4, 0x2A, 0x84, 0xB5, 0x5B, 0x32, 0x95, 0xCF, 0x60, 0x49, 0xF3, 0x0C, 0x14,
    0x6E, 0x61, 0x13, 0xE3, 0x2D, 0x03, 0x4E, 0xEE, 0x16, 0xF8, 0xB1, 0x05, 0xEB, 0x1A, 0xB4, 0xB9,
    0xA0, 0x27, 0x69, 0xF4, 0x48, 0x01, 0xC6, 0x1A, 0x64, 0x54, 0x63, 0x14, 0x19, 0x95, 0x93, 0x9F,
    0x00, 0x05, 0x82, 0xAE, 0xC3, 0x97, 0xF6, 0x1F, 0x56, 0x7E, 0xEA, 0xEE, 0xB7, 0x5D, 0x28, 0xD2,
    0x51, 0x8C, 0xE3, 0x95, 0x4E, 0x47, 0xE8, 0x20, 0xE7, 0x31, 0xAE, 0x11, 0x89, 0x46, 0x39, 0x8F,
    0x64, 0x32, 0x49, 0xD2, 0x84, 0xBB, 0x27, 0xE8, 0xA4, 0x39, 0x8F, 0x75, 0xAE, 0x79, 0x77, 0xD7,
    0x4F, 0xD9, 0x47, 0xE7, 0x3C, 0x3D, 0xD2, 0x35, 0xC7, 0x42, 0x9B, 0x05, 0x86, 0xE0, 0x16, 0xD8,
    0x37, 0x3F, 0x97, 0xE4, 0x30, 0xF4, 0x79, 0x42, 0x6B, 0xA2, 0xA5, 0x4F, 0x06, 0xB9, 0x22, 0xF1,
    0xF4, 0x5A, 0xA2, 0x79, 0x14, 0xA5, 0x33, 0xA6, 0xA2, 0x45, 0x7E, 0x49, 0x64, 0xDD, 0x9F, 0x32,
    0xF7, 0xB8, 0x08, 0xAF, 0x8B, 0xC4, 0x63, 0x8C, 0x1D, 0xE4, 0x08, 0x06, 0x77, 0xB1, 0x27, 0xDE,
    0x63, 0x0F, 0xAA, 0xDC, 0x25, 0xD7, 0xE4, 0x54, 0xD8, 0xBB, 0x42, 0xAE, 0x26, 0xBC, 0x4A, 0xD5,
    0x96, 0xE2, 0x49, 0x4A, 0xA5, 0x07, 0x45, 0x1A, 0xE6, 0xC7, 0xE0, 0x3F, 0x68, 0x8E, 0x46, 0xC3,
    0x35, 0x56, 0x33, 0x79, 0xA3, 0x5A, 0x94, 0x21, 0xB1, 0x77, 0x6E, 0x83, 0x26, 0xCB, 0xBA, 0x8F,
    0x72, 0x65, 0x7D, 0x09, 0xF7, 0xB6, 0x28, 0x46, 0x76, 0xC6, 0xD9, 0x26, 0x23, 0x1B, 0x2E, 0xC6,
    0xAA, 0xEC, 0x14, 0xED, 0x4F, 0xEE, 0x1B, 0x7F, 0x64, 0x17, 0x95, 0x2E, 0xE3, 0x49, 0x24, 0xF2,
    0xCC, 0x1D, 0xFE, 0x51, 0x25, 0xA6, 0xAE, 0xF2, 0x3F, 0xAA, 0x31, 0x15, 0xD9, 0xFD, 0x5A, 0xBC,
    0x3F, 0x06, 0x1B, 0x8D, 0xFE, 0x8F, 0x48, 0xCA, 0x5A, 0xE8, 0x73, 0x33, 0x21, 0x48, 0xE2, 0xF0,
    0x3F, 0xCE, 0x35, 0x0D, 0xB9, 0x5F, 0xA4, 0x7D, 0xBA, 0x08, 0x7F, 0x68, 0x42, 0x79, 0x1A, 0xEA,
    0x87, 0x5A, 0x5D, 0x3F, 0x0C, 0xB3, 0x1D, 0x72, 0x52, 0x8D, 0x5A, 0x98, 0xD2, 0xFA, 0xC7, 0x1C,
    0xFC, 0x83, 0x9B, 0xC3, 0xDC, 0xBB, 0xC1, 0xD8, 0x6A, 0x43, 0xA1, 0x32, 0xA8, 0xAC, 0x04, 0xC4,
    0x83, 0x07, 0x37, 0xA0, 0x23, 0xAE, 0x35, 0xC8, 0xED, 0x3A, 0x84, 0x13, 0x29, 0x0E, 0xEB, 0x4D,
    0x42, 0xDB, 0x95, 0xA8, 0x40, 0x0A, 0xDD, 0xC8, 0x43, 0xA0, 0x03, 0x43, 0xFE, 0x3B, 0x42, 0x80,
    0xEE, 0x34, 0x24, 0x0D, 0x62, 0xD9, 0x49, 0x86, 0xB6, 0xF6, 0x17, 0x2C, 0xB1, 0x67, 0x74, 0x6A,
    0x06, 0x1B, 0x51, 0x0D, 0x85, 0x47, 0xFC, 0x99, 0xE6, 0x7A, 0xFD, 0xC4, 0xEA, 0x37, 0x38, 0x74,
    0x7F, 0x8F, 0x29, 0xA4, 0xD4, 0x69, 0x93, 0xC2, 0xCF, 0x20, 0xE9, 0x63, 0x0A, 0x75, 0xF5, 0xE9,
    0xAC, 0x77, 0xAC, 0x06, 0x88, 0x34, 0xA5, 0xB4, 0x3E, 0x8C, 0x1C, 0xB7, 0x4D, 0x5A, 0x93, 0x01,
    0xD0, 0x5B, 0x8F, 0x0F, 0x9A, 0xF4, 0x8E, 0x9A, 0xC7, 0x88, 0x50, 0x1C, 0x89, 0xFD, 0x37, 0x1B,
    0x45, 0x84, 0x9A, 0x71, 0x3F, 0x7D, 0x0A, 0xC9, 0x26, 0xC9, 0x44, 0xA1, 0xF6, 0xDE, 0xC7, 0xA0,
    0x4C, 0x20, 0x27, 0x94, 0xEA, 0xB2, 0xFB, 0x70, 0x65, 0xA2, 0x07, 0x3A, 0x25, 0xCD, 0xB5, 0xB6,
    0xBE, 0x82, 0x07, 0xF5, 0x51, 0x76, 0x15, 0x97, 0x7C, 0x74, 0x6A, 0x8A, 0x83, 0x0F, 0x12, 0x86,
    0xD6, 0xB5, 0xD2, 0xCF, 0xE4, 0x2E, 0x4F, 0x16, 0x1F, 0xF6, 0x12, 0x18, 0x36, 0xDD, 0xFB, 0xB3,
    0xF0, 0x67, 0x5C, 0xEB, 0x38, 0xE9, 0xF2, 0x59, 0x58, 0x5C, 0xB9, 0x72, 0xF9, 0xA2, 0xBA, 0x7A,
    0xF5, 0xEF, 0x7E, 0xAA, 0x3C, 0x18, 0xD9, 0x5D, 0xF9, 0x99, 0x43, 0xFF, 0x4E, 0x3B, 0x9C, 0xCE,
    0x6B, 0x72, 0xF8, 0xD6, 0xEF, 0x8F, 0xB8, 0xA3, 0x91, 0x62, 0x11, 0xEB, 0x1F, 0x94, 0x7A, 0xED,
    0x07, 0xEA, 0xB8, 0x1F, 0x29, 0x20, 0x8A, 0xD4, 0x0F, 0x3E, 0xC3, 0xE1, 0xCB, 0xF4, 0xB8, 0x96,
    0x94, 0x5D, 0xF0, 0x10, 0xA4, 0xCF, 0xBF, 0x55, 0xA6, 0xA9, 0xD4, 0xA5, 0xEF, 0x1C, 0x5C, 0xB5,
    0xF4, 0x58, 0xBE, 0xAD, 0xC7, 0xA2, 0xF4, 0x46, 0x09, 0xB6, 0xA8, 0x08, 0x32, 0x9B, 0x18, 0x0F,
    0x81, 0x5A, 0xF8, 0xA1, 0x68, 0x89, 0xEF, 0x2B, 0xF5, 0xA7, 0x6B, 0x9E, 0xF2, 0x13, 0x59, 0x46,
    0x46, 0x65, 0xAD, 0xCA, 0xE4, 0x3D, 0x7F, 0xBD, 0x7E, 0x34, 0xDF, 0x91, 0x1E, 0x7E, 0x28, 0xCE,
    0xEC, 0xF7, 0xF1, 0x0C, 0x33, 0xFD, 0x36, 0x9F, 0x95, 0xB2, 0x20, 0xC0, 0x12, 0x61, 0x61, 0x13,
    0xBD, 0xF0, 0x02, 0x81, 0x9C, 0xC1, 0xEA, 0x9C, 0x05, 0x02, 0xD9, 0x52, 0x52, 0x8F, 0xA9, 0x05,
    0x96, 0x0C, 0x6C, 0x26, 0xF6, 0xFC, 0x6B, 0x08, 0x70, 0x58, 0x02, 0x7E, 0x1F, 0x2E, 0xB3, 0x73,
    0xD5, 0x3B, 0x6F, 0x2F, 0xC6, 0x8A, 0x3F, 0xB3, 0x05, 0xBF, 0x94, 0x4C, 0x77, 0x47, 0xC9, 0xF4,
    0x8F, 0x61, 0xBF, 0x3F, 0xC1, 0x51, 0xF2, 0x59, 0xA9, 0xE4, 0xBD, 0x26, 0x9F, 0x60, 0xBD, 0x6C,
    0x5A, 0xFD, 0x87, 0x72, 0x63, 0x87, 0x63, 0xC2, 0x43, 0x2C, 0x98, 0xF2, 0x98, 0x80, 0xBF, 0x6F,
    0x7C, 0x95, 0x45, 0x0F, 0xBB, 0x3E, 0x26, 0x0C, 0x8F, 0xD4, 0xA3, 0x51, 0x6E, 0x85, 0xAB, 0x81,
    0x2E, 0xC5, 0xB8, 0xC8, 0x08, 0x36, 0x56, 0x76, 0x64, 0x6E, 0xB3, 0xB2, 0x4E, 0x3E, 0x27, 0x0F,
    0xB4, 0x70, 0xBD, 0x05, 0xE6, 0x93, 0xBB, 0xAB, 0x7E, 0xD3, 0xAD, 0xF9, 0xBD, 0x3E, 0xF4, 0x56,
    0x1F, 0xF2, 0xA9, 0x56, 0xC1, 0xEE, 0x5A, 0x7E, 0xE6, 0x9F, 0x42, 0x1B, 0xEA, 0x4F, 0xC0, 0xA5,
    0xCD, 0x16, 0x5F, 0x47, 0xE7, 0x8F, 0x98, 0xEF, 0x05, 0x18, 0x06, 0x49, 0xAB, 0xF3, 0x8F, 0xB9,
    0x0F, 0x92, 0xC6, 0x5E, 0x85, 0x8B, 0xFC, 0x63, 0xB9, 0x28, 0x80, 0xB8, 0x80, 0xEB, 0x0E, 0xE3,
    0xD0, 0xE5, 0xBA, 0x80, 0x12, 0xC8, 0x35, 0x29, 0xA3, 0xFD, 0x3A, 0x0A, 0x67, 0x91, 0xF0, 0x8B,
    0x7C, 0xB6, 0x28, 0xA1, 0xDE, 0xA8, 0x85, 0x63, 0xC2, 0x17, 0x5B, 0xE5, 0xD4, 0xDD, 0xD1, 0x55,
    0x4E, 0xA5, 0xAE, 0x72, 0x2A, 0xC7, 0xD2, 0xAB, 0xD7, 0x36, 0x8B, 0xC3, 0x66, 0xF2, 0x5B, 0xED,
    0x36, 0xF3, 0x5B, 0x5D, 0x2E, 0xBD, 0x89, 0x22, 0x73, 0xD6, 0xE1, 0x0D, 0x55, 0x5B, 0x29, 0x47,
    0xE9, 0xCB, 0xAA, 0xD0, 0xC0, 0xB0, 0xC6, 0x4B, 0xEA, 0x14, 0x79, 0x35, 0xF5, 0x9A, 0x64, 0x4B,
    0xCD, 0x8C, 0x1F, 0x48, 0xB2, 0x4B, 0x52, 0xEA, 0x44, 0x66, 0xA4, 0x57, 0xE8, 0xE6, 0x43, 0x01,
    0x14, 0xB6, 0x80, 0x69, 0x3B, 0x29, 0x78, 0x92, 0x8A, 0x27, 0x89, 0x40, 0x49, 0xCD, 0x93, 0x14,
    0x3D, 0x49, 0xD5, 0x93, 0x94, 0x3D, 0x49, 0xDD, 0x13, 0xA5, 0x2A, 0x8B, 0xA7, 0x9C, 0x36, 0x16,
    0xCF, 0x33, 0xE8, 0xF5, 0xF9, 0x9A, 0xEA, 0x87, 0xD3, 0xC4, 0x9B, 0xBA, 0x3B, 0x68, 0xCB, 0x54,
    0x41, 0xA1, 0x93, 0x16, 0x03, 0x30, 0x43, 0x0E, 0x7B, 0x4D, 0x72, 0xCD, 0x94, 0x32, 0x10, 0xDA,
    0x97, 0x83, 0x34, 0xB8, 0x8C, 0x96, 0x97, 0x49, 0xD5, 0xB5, 0x86, 0x19, 0xFE, 0x96, 0x73, 0xD8,
    0x9D, 0xCB, 0xDE, 0x48, 0x2A, 0xF1, 0x3E, 0xDE, 0xAF, 0x5A, 0x96, 0xE8, 0xC2, 0xD3, 0x62, 0x5A,
    0x23, 0x8D, 0xAE, 0xC0, 0x46, 0xB8, 0x02, 0xC9, 0x73, 0xB5, 0xD6, 0xF9, 0x5D, 0x86, 0xBF, 0x67,
    0xB5, 0x3E, 0x77, 0x45, 0xEC, 0x87, 0x3E, 0x3B, 0xE5, 0x14, 0xAC, 0xB8, 0x6E, 0x58, 0x8E, 0x80,
    0xF5, 0x81, 0xE7, 0x2A, 0x65, 0x28, 0xA1, 0x8E, 0x39, 0x69, 0xEB, 0x81, 0xC4, 0x1B, 0xFC, 0xA8,
    0x96, 0x80, 0x85, 0x84, 0x27, 0xC4, 0xCE, 0x92, 0xF4, 0xB9, 0x18, 0x81, 0xC0, 0xD7, 0xA5, 0x96,
    0x34, 0x4C, 0x54, 0x6F, 0xF8, 0xB3, 0x68, 0x81, 0xCB, 0x1B, 0x52, 0x93, 0x81, 0x1D, 0x6B, 0x6D,
    0xDE, 0x30, 0x79, 0xD0, 0x01, 0x61, 0xC5, 0x3E, 0xA8, 0xB9, 0xF4, 0x35, 0x29, 0xA0, 0xE6, 0x0D,
    0x34, 0x8B, 0x94, 0xF0, 0x89, 0xD4, 0x4D, 0x08, 0xE3, 0xD4, 0x1C, 0x85, 0x6E, 0x22, 0x8D, 0x4D,
    0x71, 0xF0, 0x74, 0xCD, 0xF1, 0xB3, 0x10, 0x5C, 0x4B, 0x1D, 0x53, 0xD1, 0xE8, 0xB8, 0xC6, 0xDB,
    0x44, 0x52, 0xD6, 0x9C, 0x0F, 0x84, 0x7E, 0x80, 0xE0, 0x54, 0x9F, 0x2E, 0x03, 0xF9, 0x98, 0xFA,
    0xAE, 0xD7, 0x79, 0x23, 0x30, 0x4B, 0xA9, 0x94, 0xAE, 0x0F, 0xF0, 0xE4, 0x9E, 0xAE, 0xC7, 0x5E,
    0x83, 0x39, 0xF8, 0xE5, 0xB8, 0xD0, 0x51, 0x2D, 0x8F, 0xC0, 0x8C, 0xB8, 0x2E, 0xD0, 0x37, 0x3A,
    0x6C, 0xAB, 0x11, 0x06, 0x4E, 0x8F, 0x7B, 0x40, 0x07, 0x17, 0xD6, 0x20, 0xFD, 0xEC, 0xC5, 0x41,
    0x46, 0x75, 0x74, 0x65, 0xF9, 0x2B, 0xEF, 0xEA, 0x62, 0xF0, 0x5A, 0x1F, 0x18, 0x72, 0x50, 0x51,
    0x16, 0x49, 0xA1, 0x78, 0xE8, 0xE6, 0x6B, 0x2A, 0xCB, 0xFB, 0x6F, 0xFD, 0x35, 0x5D, 0x7C, 0x7E,
    0x51, 0x97, 0xA2, 0xBB, 0x6D, 0xEF, 0x78, 0x48, 0x4F, 0x6A, 0xC0, 0x52, 0x2F, 0x13, 0x89, 0x0A,
    0x5C, 0xC1, 0x2C, 0x64, 0x00, 0x66, 0xC2, 0xC6, 0x7F, 0x22, 0xD3, 0x0E, 0x25, 0x20, 0x1D, 0x92,
    0x51, 0x97, 0xB1, 0xD8, 0x92, 0xDA, 0xD1, 0x37, 0xF4, 0x63, 0x06, 0x4F, 0x42, 0xBD, 0x1A, 0x8B,
    0xFD, 0x1E, 0xFF, 0xE1, 0x36, 0xCD, 0x67, 0x16, 0x57, 0x30, 0xA6, 0x13, 0x07, 0x29, 0xDC, 0xB7,
    0x4C, 0x97, 0xF9, 0x70, 0x65, 0xF8, 0xCE, 0x02, 0xCD, 0x8F, 0x05, 0x96, 0x33, 0x70, 0x18, 0x84,
    0x01, 0xA1, 0x84, 0xC0, 0x45, 0x09, 0x14, 0xBE, 0xCD, 0xD0, 0x56, 0x01, 0x63, 0x1E, 0xBD, 0xED,
    0x74, 0xED, 0x03, 0xA5, 0x43, 0x2B, 0xAF, 0x76, 0xFF, 0x94, 0x54, 0x8A, 0x6F, 0xA7, 0x38, 0x35,
    0xD4, 0x97, 0x57, 0xD1, 0x36, 0x8B, 0xD1, 0x36, 0x31, 0x41, 0xF2, 0x33, 0xAB, 0x74, 0x53, 0x38,
    0x82, 0x6E, 0x46, 0x94, 0xB6, 0x56, 0x09, 0x77, 0xD8, 0x6C, 0xC0, 0xF8, 0x29, 0x5F, 0xAC, 0x68,
    0xBB, 0xF6, 0x67, 0x36, 0x13, 0x7F, 0xEA, 0xD6, 0x5E, 0x52, 0x9E, 0x5F, 0xBD, 0x9E, 0x36, 0x8B,
    0xB5, 0xB7, 0xF5, 0xC7, 0x44, 0x97, 0x87, 0x82, 0x34, 0x23, 0x3C, 0x7B, 0x8A, 0x5A, 0xFD, 0x41,
    0x6F, 0xCC, 0x1B, 0x60, 0x2E, 0x33, 0xD7, 0xDE, 0xCA, 0xA5, 0xE7, 0xAD, 0x0E, 0x7C, 0x0C, 0x60,
    0x64, 0xBC, 0xD2, 0xE6, 0xFF, 0x08, 0x4E, 0x97, 0x12, 0xDF, 0xD6, 0x32, 0x20, 0x5A, 0xA9, 0x65,
    0x07, 0x48, 0x75, 0x1D, 0xF4, 0x02, 0xF5, 0x3F, 0x26, 0x07, 0x4D, 0x4D, 0xDD, 0x2F, 0x9A, 0x5F,
    0xF4, 0xBE, 0x78, 0xEB, 0xDA, 0x51, 0x1F, 0xFB, 0xE8, 0xDA, 0x49, 0x3D, 0x16, 0xAD, 0x4B, 0x0B,
    0x38, 0x7D, 0x5A, 0xC0, 0x1A, 0xD2, 0x02, 0xF5, 0x9A, 0xB4, 0xC0, 0xFA, 0xDA, 0xC8, 0xB3, 0x8F,
    0x72, 0xA7, 0xBD, 0xC3, 0xED, 0x2F, 0x34, 0xDA, 0xC8, 0x28, 0x33, 0x9A, 0xDB, 0x02, 0xE3, 0x51,
    0x6E, 0xB6, 0xFC, 0x91, 0x86, 0x92, 0x98, 0x49, 0xDA, 0x48, 0x12, 0x13, 0x69, 0xE4, 0x4A, 0x14,
    0xA7, 0xAC, 0x0E, 0xB8, 0x07, 0xE5, 0x2A, 0xE1, 0x93, 0x95, 0x22, 0xC5, 0x8A, 0xE1, 0xC9, 0x40,
    0x8D, 0xB1, 0xAC, 0xF8, 0x46, 0x70, 0x27, 0x2F, 0xC5, 0x8C, 0xF0, 0xC2, 0xBA, 0x3B, 0x8C, 0xC9,
    0x2B, 0x0F, 0x6B, 0x8D, 0x6E, 0xCE, 0x3F, 0x82, 0x8D, 0x5D, 0x1A, 0x27, 0x43, 0xF3, 0x1D, 0x71,
    0x7D, 0xA4, 0x26, 0x95, 0xF5, 0x14, 0xDA, 0xD9, 0x5B, 0x41, 0x2F, 0xE9, 0x02, 0xBB, 0x23, 0x51,
    0x20, 0x88, 0xEF, 0xAE, 0xB1, 0xBA, 0x93, 0xB1, 0x65, 0x32, 0xF6, 0xAF, 0xEA, 0x41, 0x56, 0xAC,
    0x22, 0x09, 0xC5, 0xF0, 0x69, 0x82, 0x24, 0x7D, 0xB8, 0x84, 0x4E, 0x59, 0x3C, 0x91, 0xF7, 0x69,
    0xE2, 0x43, 0xBE, 0xC4, 0xDA, 0x5A, 0x54, 0xF3, 0x7A, 0x1D, 0xD8, 0x0F, 0xEB, 0xE0, 0xE7, 0x9F,
    0xD7, 0x30, 0x7C, 0x0F, 0x6A, 0x51, 0x71, 0x6E, 0x01, 0x2B, 0xB5, 0xA8, 0x87, 0xC6, 0xF2, 0x47,
    0x80, 0x37, 0x31, 0x9E, 0xBF, 0x09, 0xC4, 0x78, 0x5E, 0x8C, 0x07, 0xE7, 0x16, 0xA0, 0x4B, 0xCD,
    0xD7, 0xC3, 0x85, 0xBB, 0xF0, 0x4F, 0xC4, 0x77, 0x29, 0x82, 0xDC, 0x29, 0xB5, 0xC5, 0xD6, 0xD7,
    0xC8, 0xAE, 0x81, 0x43, 0x32, 0x89, 0x81, 0x94, 0xA8, 0xA1, 0x0F, 0x09, 0x47, 0x3C, 0x0A, 0x8F,
    0xAA, 0x77, 0x5A, 0x85, 0x3E, 0x9C, 0xA7, 0xE5, 0xB9, 0x0E, 0xE4, 0xB9, 0x85, 0x98, 0xC1, 0x7C,
    0xB5, 0xE4, 0x81, 0xC8, 0xFE, 0x07, 0x91, 0x18, 0x6D, 0xDD, 0x04, 0x6A, 0x55, 0xC2, 0xFD, 0x2C,
    0x48, 0xD0, 0x66, 0xC1, 0x42, 0x49, 0x28, 0x1D, 0xDE, 0xF6, 0xA9, 0x26, 0xE8, 0x99, 0x34, 0x74,
    0xFE, 0x24, 0x2C, 0x48, 0xA5, 0x33, 0x04, 0x0D, 0x29, 0x31, 0x59, 0x8B, 0x28, 0x85, 0x8C, 0xF7,
    0xFD, 0xD4, 0x4F, 0xF1, 0x04, 0x68, 0xDB, 0x64, 0x32, 0xCD, 0xB0, 0x6A, 0x4C, 0xF2, 0x4A, 0x29,
    0xEB, 0xA2, 0x98, 0x04, 0xBA, 0x32, 0x55, 0x6E, 0x4B, 0x87, 0x5D, 0x7B, 0x24, 0x8F, 0xD5, 0x8B,
    0x1D, 0xF1, 0x51, 0xEC, 0xB5, 0x99, 0x99, 0x38, 0x6A, 0xF0, 0x6E, 0xC4, 0xBD, 0x11, 0x24, 0xD5,
    0x51, 0x2F, 0xA9, 0x13, 0xBD, 0xDA, 0xA8, 0xD4, 0xF7, 0x4C, 0x89, 0x0E, 0x5D, 0xD5, 0xF9, 0x09,
    0xAF, 0xD3, 0x01, 0xD9, 0xEA, 0xA8, 0xA8, 0xD7, 0xFF, 0xF1, 0x2B, 0x38, 0x8C, 0x17, 0x29, 0x89,
    0x18, 0x29, 0x1D, 0x33, 0x5A, 0x8A, 0x1A, 0xF5, 0xEF, 0xB0, 0x6D, 0xBE, 0x08, 0xB3, 0x7F, 0xAF,
    0xA5, 0xE8, 0xDF, 0x6B, 0x09, 0x03, 0xBE, 0xCA, 0xC7, 0xF7, 0x5A, 0x58, 0x18, 0x3D, 0x85, 0x6C,
    0x1D, 0xDE, 0xCF, 0x92, 0x37, 0x22, 0x18, 0x0C, 0x30, 0x7B, 0xE6, 0x53, 0x23, 0xA6, 0xE3, 0x12,
    0xD1, 0xBF, 0xE0, 0xD6, 0xF3, 0x91, 0xFF, 0xBC, 0x52, 0x4A, 0x80, 0x85, 0x65, 0x72, 0x50, 0x5C,
    0xBB, 0xB8, 0x2F, 0x97, 0x65, 0x51, 0x03, 0x99, 0x51, 0x8A, 0xFC, 0x7A, 0xE8, 0x9D, 0x60, 0xB1,
    0x29, 0xB9, 0x51, 0x52, 0xE4, 0xDD, 0x69, 0xC4, 0xA4, 0xE0, 0x48, 0x90, 0x4A, 0xED, 0xD5, 0x08,
    0x95, 0xCC, 0x8B, 0x1D, 0xA0, 0x62, 0x40, 0xB6, 0x64, 0x26, 0x99, 0xE7, 0xA5, 0x33, 0x79, 0x87,
    0x5E, 0x65, 0xB1, 0x37, 0x38, 0x2A, 0xD9, 0x52, 0xD0, 0xCE, 0x0F, 0x4F, 0x59, 0xA8, 0xB9, 0x07,
    0xDB, 0xB4, 0x6E, 0xA4, 0xA4, 0xC0, 0xE8, 0xA3, 0xB4, 0x3A, 0x48, 0x77, 0xFC, 0x7B, 0x26, 0x27,
    0x7F, 0x5F, 0xA5, 0x67, 0x48, 0x50, 0xD9, 0x45, 0x2C, 0x89, 0x4B, 0x9E, 0x2A, 0xCF, 0x5A, 0xCE,
    0xB9, 0x78, 0x07, 0xD7, 0x4C, 0x42, 0xC9, 0x0E, 0x58, 0xD5, 0xA6, 0xDD, 0xC0, 0x3B, 0x44, 0xC5,
    0xE0, 0x06, 0xAE, 0x84, 0x44, 0xFD, 0xF0, 0x0C, 0x6E, 0xE0, 0xDA, 0xD0, 0xE7, 0xF3, 0xBD, 0x34,
    0xF1, 0x06, 0x3D, 0xE9, 0x01, 0x56, 0xAA, 0x09, 0x4F, 0xA1, 0x48, 0x2F, 0x24, 0xDA, 0xA6, 0x72,
    0x3A, 0x3D, 0xAC, 0x11, 0x9C, 0xF3, 0xFB, 0x59, 0x8F, 0xE5, 0xFD, 0xAC, 0x22, 0xD0, 0x71, 0x68,
    0xA5, 0x57, 0xA6, 0x27, 0x66, 0xBD, 0xDE, 0x58, 0xF0, 0xE7, 0x28, 0x1D, 0xDE, 0x63, 0xE9, 0x70,
    0xC3, 0xD2, 0xE1, 0x7A, 0x48, 0x64, 0x9A, 0x0B, 0x93, 0x10, 0xCE, 0xFC, 0xA1, 0x1F, 0xF5, 0x5D,
    0xFA, 0x33, 0x52, 0xA9, 0x25, 0x49, 0x36, 0xB3, 0x39, 0x2C, 0x5D, 0xCF, 0xED, 0x65, 0x56, 0x23,
    0xBE, 0x04, 0x2F, 0xE8, 0x36, 0x64, 0x04, 0xC6, 0xE8, 0x6F, 0x8F, 0x8A, 0x8F, 0xCE, 0xF8, 0x5E,
    0x80, 0xCC, 0x43, 0x04, 0xEA, 0xA2, 0xF6, 0xEC, 0x45, 0xCC, 0x83, 0x73, 0xA0, 0x01, 0x2D, 0x73,
    0x79, 0xDE, 0x39, 0x48, 0x45, 0x80, 0x88, 0x4D, 0x50, 0x6C, 0xDD, 0x4E, 0x3E, 0x85, 0x54, 0x6C,
    0xA4, 0x1C, 0x4E, 0x86, 0x9F, 0x8B, 0x43, 0x20, 0xB5, 0x89, 0x7E, 0xDC, 0x4E, 0xEE, 0xB1, 0x2E,
    0x15, 0x03, 0x4C, 0x14, 0x71, 0x43, 0xEF, 0xD3, 0x90, 0xEC, 0xB6, 0xCE, 0x71, 0xDB, 0xF3, 0x09,
    0x05, 0x4F, 0xC1, 0xF3, 0xD0, 0x24, 0xED, 0x64, 0x82, 0xA1, 0x53, 0x80, 0x85, 0x22, 0x97, 0x93,
    0xCC, 0xE7, 0x3F, 0x2C, 0x68, 0x64, 0x72, 0x1D, 0xB4, 0x38, 0xC6, 0x94, 0x71, 0x31, 0xE0, 0xDE,
    0x64, 0xEA, 0x2F, 0xA0, 0xF5, 0x73, 0x5B, 0xDE, 0x1B, 0xF2, 0xA4, 0x3E, 0x21, 0xC8, 0xE4, 0xA5,
    0x32, 0x99, 0x09, 0xC6, 0x9D, 0xB9, 0x19, 0x46, 0xDE, 0x26, 0xA9, 0xDB, 0xFD, 0x06, 0x9D, 0x99,
    0x6D, 0xE8, 0x57, 0x3A, 0x77, 0x92, 0xDD, 0xC7, 0x28, 0x8A, 0x43, 0x5A, 0x70, 0x53, 0x6F, 0xDC,
    0x5E, 0x50, 0x3F, 0x56, 0x76, 0x4A, 0x4E, 0xA5, 0xCE, 0x0A, 0x9F, 0xBB, 0xA0, 0x53, 0xDD, 0xDA,
    0x53, 0x92, 0xA8, 0xD4, 0x2F, 0xD5, 0x30, 0x55, 0x49, 0xEB, 0xA6, 0xE1, 0x5B, 0x39, 0x7D, 0xAC,
    0xE0, 0x03, 0xDA, 0x5C, 0xCC, 0xF3, 0x6B, 0x34, 0x63, 0x27, 0x5B, 0xBD, 0xE5, 0x9B, 0xE8, 0xC6,
    0x5E, 0x66, 0xC3, 0x23, 0x60, 0x07, 0xD2, 0x15, 0x93, 0x9F, 0x52, 0x48, 0xCB, 0x82, 0xDA, 0xE0,
    0x09, 0x2B, 0x62, 0x92, 0xDE, 0x6A, 0xF2, 0x87, 0x11, 0xC5, 0x1C, 0xDD, 0xAE, 0x88, 0x57, 0x06,
    0x6E, 0x40, 0x2D, 0x68, 0x6B, 0x50, 0x0B, 0xDF, 0x67, 0x9E, 0xB1, 0x66, 0x63, 0xF9, 0x6B, 0xE5,
    0xE7, 0xDC, 0xC6, 0xAB, 0xCB, 0x64, 0xAB, 0xA5, 0x32, 0xD9, 0x33, 0xCF, 0x61, 0x30, 0xDF, 0x22,
    0x2D, 0xD8, 0xFA, 0x6F, 0xFF, 0xFF, 0xCC, 0x37, 0x3D, 0x59, 0xE7, 0x6B, 0xF1, 0xB7, 0xD3, 0xF2,
    0xFC, 0x0D, 0x37, 0xF2, 0x07, 0xD9, 0x79, 0xF5, 0x7F, 0xB4, 0x6C, 0x2A, 0xBB, 0x80, 0x49, 0x60,
    0x13, 0x17, 0x53, 0x39, 0x79, 0x52, 0xA1, 0x4F, 0xEB, 0xA5, 0xAF, 0x4C, 0x64, 0x0E, 0x3A, 0x9E,
    0x20, 0x61, 0x13, 0x86, 0x19, 0x69, 0x24, 0xCA, 0x0C, 0x53, 0x11, 0x26, 0x32, 0x00, 0x47, 0x0F,
    0x20, 0x86, 0xAB, 0x30, 0x7E, 0x99, 0x7C, 0x43, 0xFD, 0xA8, 0xD7, 0x3F, 0x15, 0xB1, 0x31, 0xA0,
    0x17, 0xF5, 0xD6, 0xB8, 0x39, 0xB9, 0x83, 0x1E, 0x0B, 0x81, 0xE7, 0x2D, 0x88, 0xD5, 0x0C, 0xDC,
    0xF8, 0xF1, 0x5A, 0x56, 0x3E, 0xBF, 0x39, 0x70, 0xFB, 0x49, 0xD3, 0x63, 0x8A, 0x3E, 0xF3, 0x1C,
    0xE4, 0xDF, 0xCC, 0xC8, 0x7B, 0xC5, 0xB7, 0x0F, 0x17, 0xF9, 0x9C, 0xDF, 0xFB, 0xE1, 0xEB, 0xE6,
    0x70, 0xD6, 0x57, 0x9B, 0x5E, 0x6C, 0x45, 0x17, 0x47, 0x21, 0x15, 0x5D, 0x80, 0xC5, 0x88, 0xE2,
    0x95, 0x11, 0x9D, 0x74, 0x55, 0x37, 0x3C, 0xDE, 0xD3, 0xAC, 0xEA, 0x33, 0xE7, 0x50, 0xBE, 0xA9,
    0xDF, 0x61, 0xD6, 0x7F, 0x1D, 0x52, 0x54, 0xE7, 0xF5, 0xBA, 0xAB, 0x7B, 0x23, 0x57, 0xDE, 0xA3,
    0x52, 0x8E, 0x07, 0x8A, 0xEA, 0x6C, 0x6F, 0xBA, 0xA8, 0xD7, 0x27, 0xC7, 0x49, 0x99, 0xF3, 0x7B,
    0xE3, 0x1E, 0xD6, 0x9B, 0x1A, 0x5E, 0x2A, 0x3A, 0x87, 0x32, 0x79, 0x4D, 0x55, 0x22, 0x79, 0xD6,
    0xD0, 0xD7, 0xF9, 0xCD, 0xCB, 0x28, 0xAE, 0xE2, 0xDA, 0x4C, 0x8E, 0xE7, 0x32, 0x2F, 0xFF, 0x1D,
    0x9E, 0xE4, 0x3F, 0x2C, 0xFA, 0x90, 0x84, 0xF7, 0xE0, 0xF6, 0x8B, 0xDC, 0xB4, 0x5D, 0x86, 0x4F,
    0x3E, 0x54, 0x46, 0x09, 0x5B, 0xF7, 0xEB, 0xE2, 0x7C, 0x26, 0x08, 0x56, 0x62, 0xA8, 0x66, 0x95,
    0xA5, 0x36, 0xF5, 0x1F, 0x07, 0xD6, 0x59, 0x79, 0x67, 0x7D, 0x8D, 0xEF, 0xB9, 0x2A, 0x71, 0xEE,
    0x1C, 0x15, 0xCF, 0x3E, 0xC9, 0x6B, 0x4F, 0xDB, 0x74, 0xB1, 0xF0, 0xB1, 0x47, 0x1F, 0x2D, 0x0F,
    0x3C, 0x96, 0x9B, 0x8F, 0x25, 0xC3, 0x81, 0xB2, 0x3D, 0xA7, 0xFF, 0x0F, 0xA0, 0x8D, 0xDB, 0x19,
    0x0D, 0xDD, 0x65, 0x33, 0x77, 0x33, 0xEF, 0xFE, 0x41, 0x84, 0x96, 0x02, 0xF3, 0xC9, 0x1D, 0x7B,
    0xA5, 0x84, 0xE2, 0xD6, 0xFC, 0xEE, 0xA2, 0xD4, 0x6B, 0xF5, 0x9A, 0xC0, 0x9C, 0x22, 0x58, 0xC3,
    0xB0, 0xF2, 0x17, 0x1B, 0x4D, 0x6C, 0xB4, 0xBC, 0x9E, 0x5D, 0x84, 0x34, 0xE7, 0xBD, 0x76, 0xD7,
    0xA7, 0x4C, 0x2F, 0xB6, 0xBC, 0x15, 0x77, 0x6E, 0x38, 0x91, 0x75, 0x97, 0x89, 0x2C, 0x1A, 0xF7,
    0x81, 0xD4, 0x60, 0x97, 0x43, 0xE8, 0x42, 0xEA, 0x5B, 0x25, 0x28, 0x15, 0x85, 0x74, 0xDC, 0xF4,
    0x8B, 0xC5, 0x50, 0x6A, 0xBF, 0x85, 0x6F, 0xBE, 0xCF, 0x3A, 0x37, 0x3A, 0x81, 0xA9, 0x06, 0x79,
    0xDF, 0xB1, 0x90, 0x6B, 0x6C, 0xE3, 0x73, 0x35, 0x43, 0xB2, 0xB8, 0xA7, 0x1D, 0xF0, 0x0B, 0x52,
    0x19, 0x2A, 0x2C, 0x3E, 0x1E, 0xBE, 0x31, 0x24, 0x0A, 0x0F, 0x86, 0xEF, 0x77, 0x7D, 0xA2, 0x90,
    0xFF, 0xC7, 0x44, 0xA3, 0x61, 0xF8, 0xF4, 0xD1, 0xDF, 0xCF, 0x96, 0x86, 0x6F, 0x2C, 0xFD, 0x1B,
    0x12, 0xE6, 0xDC, 0x32, 0xE6, 0xDC, 0x92, 0xA5, 0x9C, 0x9B, 0x4F, 0x8B, 0xB8, 0x9B, 0xC7, 0x3A,
    0xE7, 0x56, 0x1F, 0x7A, 0x23, 0xF7, 0x7F, 0x01, 0xA5, 0x55, 0x31, 0x8E, 0xD5, 0x30, 0x10, 0x9D,
    0x24, 0x12, 0x91, 0x48, 0xE1, 0x03, 0x50, 0xF8, 0x00, 0x14, 0xAE, 0xA9, 0x1C, 0x41, 0x41, 0xB9,
    0x47, 0xE1, 0x04, 0xAC, 0x03, 0x7B, 0x81, 0xE5, 0x0E, 0x5B, 0xC0, 0x1D, 0x56, 0xB2, 0xD1, 0x5E,
    0x20, 0xD4, 0x14, 0x58, 0x82, 0x82, 0xD2, 0x48, 0x29, 0xBC, 0xC2, 0xC9, 0xF0, 0x26, 0xF9, 0x7F,
    0xB5, 0x7F, 0x61, 0x3F, 0x8B, 0x90, 0xFD, 0x46, 0xCA, 0xFF, 0xF6, 0x64, 0x66, 0xDE, 0x9B, 0x89,
    0x49, 0xE4, 0xA9, 0x2B, 0xC4, 0xD4, 0x2C, 0x30, 0xC4, 0xFD, 0x42, 0xE4, 0x3E, 0xCE, 0x30, 0x5F,
    0x0B, 0xD5, 0xCC, 0x99, 0xBA, 0x9F, 0x1C, 0x49, 0xFD, 0xE0, 0x9E, 0xF4, 0xE8, 0x7B, 0x32, 0xC1,
    0x06, 0xB2, 0x41, 0x27, 0x98, 0x2E, 0x93, 0x1D, 0x9A, 0x42, 0x6E, 0xA8, 0x98, 0x14, 0x8E, 0x69,
    0x2E, 0x00, 0xFC, 0xE0, 0x99, 0x08, 0xA7, 0xC9, 0xDD, 0x0B, 0xCB, 0x9C, 0xF6, 0x50, 0x19, 0xD7,
    0xB1, 0x07, 0x72, 0xE2, 0xFC, 0xEE, 0xF6, 0xA1, 0xE5, 0xE0, 0xBE, 0x8C, 0xEE, 0x64, 0x7C, 0xAD,
    0x46, 0x78, 0xC6, 0x9D, 0xB8, 0x03, 0x1E, 0x11, 0x72, 0x85, 0x88, 0xEB, 0x87, 0xC1, 0xF1, 0x35,
    0x79, 0xE6, 0xC1, 0xAF, 0x77, 0x4D, 0x22, 0x52, 0x37, 0x70, 0xFD, 0x71, 0x98, 0x62, 0xB1, 0x9A,
    0x7B, 0x96, 0xE5, 0x61, 0xDD, 0x3D, 0xA2, 0x69, 0x12, 0x75, 0x28, 0xDB, 0xCD, 0x4E, 0xBB, 0xDD,
    0x4D, 0xB2, 0xDB, 0x2C, 0x29, 0xE0, 0x28, 0x4F, 0x40, 0x69, 0x53, 0x3B, 0x77, 0xA9, 0x5A, 0xF0,
    0xFF, 0x83, 0xC0, 0x2D, 0xC8, 0x42, 0x49, 0x80, 0xC8, 0x95, 0x4E, 0x0C, 0x9F, 0x4C, 0xED, 0x01,
    0x7C, 0xDF, 0x25, 0x17, 0x54, 0xB2, 0xD1, 0x45, 0x50, 0x82, 0x0A, 0x82, 0x12, 0xFF, 0x8D, 0xEE,
    0xA6, 0x50, 0x5F, 0x18, 0x10, 0x67, 0x79, 0x96, 0x88, 0x84, 0xB8, 0x81, 0xA4, 0xE4, 0xFF, 0x01,
    0xBB, 0xF4, 0xF0, 0x05, 0x7D, 0x40, 0x0C, 0x84, 0x48, 0x49, 0x84, 0x45, 0x7B, 0x41, 0xEC, 0xB1,
    0xFB, 0x0D, 0xFF, 0xCB, 0xB9, 0xF5, 0x3C, 0xEE, 0x3D, 0xBD, 0x2B, 0x13, 0x44, 0xBE, 0xC7, 0xC1,
    0x3D, 0x21, 0x1C, 0xCA, 0xA3, 0x26, 0x93, 0x14, 0x74, 0xE5, 0x4F, 0x47, 0xF0, 0x39, 0x6E, 0x61,
    0xB8, 0x01, 0x24, 0x2F, 0x3D, 0x43, 0x24, 0xC0, 0xA4, 0xC6, 0xAE, 0xE8, 0xD0, 0x14, 0x73, 0x1F,
    0x46, 0x00, 0x4C, 0xEC, 0x61, 0x83, 0x1F, 0xC9, 0x5C, 0x41, 0xFE, 0xFA, 0x33, 0x2F, 0x50, 0xE6,
    0x73, 0xD4, 0x78, 0x46, 0x00, 0x6D, 0x11, 0xC9, 0x83, 0xBE, 0xD0, 0xAE, 0x66, 0x92, 0x36, 0x48,
    0x78, 0x1D, 0x02, 0xF0, 0x50, 0x48, 0x0D, 0x19, 0x47, 0x14, 0x53, 0x8F, 0x3C, 0x91, 0xF9, 0x84,
    0x6A, 0x1E, 0xD7, 0xCC, 0x2D, 0xF5, 0x44, 0x9B, 0x5D, 0xA9, 0xE7, 0x6A, 0x39, 0x5C, 0xBC, 0x2E,
    0x83, 0x64, 0x76, 0xDD, 0x52, 0x9A, 0x69, 0x27, 0x97, 0x48, 0xAC, 0xC7, 0x5B, 0x88, 0x22, 0x8F,
    0x7A, 0x56, 0x73, 0x57, 0x1A, 0x24, 0x5D, 0x89, 0xC2, 0xB5, 0x10, 0x80, 0xDA, 0x20, 0x41, 0x15,
    0x81, 0xD4, 0x64, 0x41, 0x07, 0xB4, 0x53, 0x3B, 0x89, 0x6D, 0x0A, 0x9E, 0xF0, 0x4F, 0x5D, 0x74,
    0xAC, 0x90, 0x3A, 0x04, 0x36, 0x3C, 0x42, 0xD6, 0x0E, 0x29, 0x38, 0x90, 0xF2, 0xAC, 0x5F, 0x5D,
    0x60, 0x1C, 0xC0, 0xDD, 0x4E, 0x28, 0xFE, 0x9D, 0x0F, 0x4C, 0x76, 0x5C, 0x50, 0x75, 0x49, 0xD9,
    0x8F, 0x22, 0x35, 0x95, 0xBA, 0xA8, 0x0E, 0x3A, 0xEA, 0x28, 0x3C, 0x3A, 0x81, 0xB9, 0x17, 0x79,
    0xDA, 0xF8, 0x2A, 0xD9, 0xA0, 0x26, 0x3B, 0xB4, 0xD9, 0x86, 0x26, 0xEB, 0x8C, 0x88, 0x72, 0x93,
    0xAB, 0x8C, 0x3A, 0xAF, 0xE7, 0x5D, 0x02, 0x31, 0x01, 0x20, 0x11, 0xEC, 0x2A, 0xED, 0x51, 0x45,
    0x1D, 0x15, 0xDE, 0xA8, 0xC7, 0x6E, 0x02, 0xBD, 0x59, 0xA8, 0xB4, 0x43, 0xBD, 0xC8, 0x24, 0x83,
    0x40, 0x10, 0xBF, 0x08, 0x01, 0x8C, 0x6D, 0xA2, 0x10, 0x71, 0x88, 0x48, 0xC4, 0x1D, 0x48, 0x43,
    0x97, 0x6C, 0x02, 0x82, 0x90, 0xE0, 0x2B, 0xE9, 0x84, 0xF8, 0xB3, 0x54, 0x09, 0x75, 0x60, 0x1C,
    0x66, 0x99, 0x46, 0x18, 0x7C, 0x06, 0x35, 0x54, 0xD3, 0x26, 0xB8, 0x7A, 0x13, 0xB4, 0x95, 0x98,
    0x77, 0x80, 0x38, 0xB3, 0xDF, 0x30, 0x6D, 0x8E, 0x6F, 0xD4, 0x18, 0xEC, 0x60, 0x05, 0x58, 0x98,
    0x78, 0x83, 0x47, 0x28, 0xB8, 0xFB, 0x06, 0x35, 0x7C, 0x8B, 0x77, 0x9E, 0x95, 0x2D, 0xB4, 0x3B,
    0x30, 0x7C, 0x6E, 0x39, 0x4B, 0x4B, 0xCA, 0xCB, 0xF8, 0xF8, 0xF6, 0x2F, 0x20, 0x60, 0xFF, 0x22,
    0x1F, 0x98, 0x97, 0x13, 0xCC, 0x49, 0x82, 0xE1, 0x68, 0x10, 0xDF, 0x00, 0xF3, 0x5D, 0x5A, 0x53,
    0xC6, 0xA9, 0x24, 0xD6, 0xAB, 0xEB, 0x96, 0xA5, 0xF8, 0x05, 0x1D, 0x8F, 0xDE, 0xA3, 0x27, 0xE0,
    0x19, 0x3C, 0x44, 0x12, 0xF5, 0x8B, 0x61, 0xCC, 0x4A, 0x4C, 0x71, 0xF4, 0x99, 0xEB, 0x8F, 0x1B,
    0xF9, 0x00, 0xF4, 0x76, 0x35, 0x93, 0x98, 0x51, 0x3A, 0x57, 0xCD, 0x22, 0x3A, 0x31, 0x46, 0x8C,
    0xCC, 0x5E, 0xB3, 0xCC, 0x98, 0xD8, 0x9B, 0x59, 0x38, 0x36, 0xCB, 0xAC, 0x63, 0x33, 0xBF, 0x87,
    0xC1, 0x47, 0xE3, 0x96, 0xA9, 0x2F, 0xE8, 0xF1, 0xB9, 0x29, 0x1A, 0x5D, 0x63, 0x56, 0x60, 0x48,
    0xFD, 0x13, 0x4C, 0x51, 0x8B, 0xDD, 0xA1, 0x29, 0xD5, 0x6F, 0xA8, 0x2F, 0x2A, 0xF9, 0x64, 0xFC,
    0x11, 0x7F, 0xBF, 0x4B, 0x1F, 0x74, 0x30, 0xC1, 0x0C, 0x96, 0x2C, 0x9D, 0xD2, 0x25, 0xE9, 0xAB,
    0x6C, 0xAE, 0x26, 0x73, 0x96, 0x6C, 0x9B, 0x6C, 0x37, 0x9E, 0xAA, 0x70, 0xA9, 0xC2, 0x2F, 0xC5,
    0x5A, 0xBD, 0x6F, 0xE5, 0x44, 0x10, 0x1F, 0xDB, 0x0A, 0x96, 0xE2, 0xC2, 0xCD, 0x21, 0x1D, 0x9C,
    0xC0, 0x6D, 0x8A, 0x5C, 0xDC, 0x50, 0xA4, 0x78, 0x17, 0xAF, 0x44, 0x99, 0x82, 0x14, 0xF9, 0x23,
    0xE8, 0x68, 0xAE, 0x48, 0x81, 0xE2, 0x15, 0x14, 0xD7, 0xE6, 0x3F, 0x48, 0x93, 0x02, 0xBD, 0x26,
    0x14, 0x57, 0x5C, 0x71, 0x89, 0x0D, 0x48, 0xD0, 0x5A, 0xB4, 0x14, 0x18, 0x44, 0x47, 0x63, 0x74,
    0x4F, 0x9C, 0x8F, 0xF8, 0x83, 0x99, 0xD9, 0xDD, 0xF7, 0x91, 0x97, 0xDC, 0x5D, 0xDE, 0xB3, 0x9D,
    0x17, 0xCD, 0xC6, 0xF1, 0xB3, 0x67, 0xE7, 0x37, 0xB3, 0xFB, 0x9B, 0xF1, 0x38, 0xE0, 0xD4, 0x00,
    0xE0, 0x35, 0x38, 0xF8, 0x2D, 0x0E, 0x41, 0x2B, 0x00, 0xC2, 0x53, 0x09, 0x10, 0xF9, 0x29, 0x40,
    0xEC, 0x67, 0x00, 0x97, 0x5E, 0x01, 0x50, 0xBB, 0x05, 0x58, 0x95, 0x53, 0x82, 0x53, 0xDA, 0x15,
    0x38, 0x6D, 0x5B, 0x81, 0xDB, 0xB6, 0x0D, 0xF8, 0xFF, 0x8D, 0x5B, 0xC0, 0xAB, 0x22, 0x11, 0xA6,
    0x10, 0xC9, 0x48, 0x42, 0x98, 0x46, 0x82, 0xCE, 0xA8, 0xCF, 0x04, 0x05, 0x6F, 0xD0, 0x03, 0xFF,
    0x19, 0xE7, 0x78, 0x7F, 0x8D, 0x77, 0xB6, 0x10, 0xA4, 0x78, 0x03, 0x84, 0x28, 0xB1, 0xB4, 0x92,
    0x56, 0xFA, 0xCD, 0x39, 0xAA, 0x08, 0x64, 0x84, 0xE7, 0x22, 0x11, 0xCB, 0xE8, 0x6F, 0x3C, 0xD7,
    0xFE, 0x2E, 0xED, 0x26, 0x90, 0xAC, 0xCE, 0x47, 0xC1, 0x89, 0x58, 0xE8, 0xD8, 0x21, 0x85, 0x0E,
    0xAB, 0x1E, 0x19, 0xFD, 0xD7, 0x3E, 0xFD, 0x21, 0xDC, 0x43, 0x4D, 0x11, 0xEA, 0x70, 0xC9, 0x18,
    0x31, 0x9B, 0x71, 0x75, 0x80, 0x04, 0xC4, 0x2A, 0xC8, 0x68, 0xE3, 0x3F, 0x76, 0x9B, 0x47, 0x86,
    0x87, 0x64, 0xEE, 0x87, 0x96, 0x18, 0x06, 0x1B, 0x90, 0x82, 0x00, 0x75, 0x3E, 0x51, 0x33, 0x91,
    0xC3, 0x93, 0x02, 0xEC, 0xA2, 0x04, 0xEB, 0xE0, 0xC1, 0x9A, 0x38, 0x7D, 0xC2, 0x4A, 0x5E, 0x03,
    0x3B, 0xBF, 0x6F, 0x9C, 0x25, 0xEA, 0xFB, 0x1A, 0x65, 0xA7, 0x2F, 0x9C, 0x3E, 0x41, 0xB4, 0x28,
    0x9E, 0xB6, 0x34, 0x70, 0xEE, 0x13, 0x2C, 0x29, 0xFE, 0x04, 0x65, 0x4B, 0xCD, 0x16, 0x19, 0xC0,
    0xD5, 0xFA, 0x80, 0x3F, 0xF8, 0x86, 0xB6, 0x66, 0x8B, 0xC3, 0xE8, 0x2B, 0x83, 0xC6, 0xA2, 0x39,
    0x5D, 0x46, 0x73, 0x4A, 0xFB, 0xC5, 0xCB, 0x86, 0xC1, 0xFA, 0xDD, 0x16, 0xD8, 0x78, 0x95, 0xF3,
    0x73, 0xA1, 0x66, 0xA2, 0x78, 0x20, 0x2E, 0x78, 0x33, 0x01, 0x27, 0xBF, 0x58, 0x33, 0xB0, 0x67,
    0xC6, 0x74, 0xC6, 0xB4, 0xE7, 0xA5, 0x03, 0xB2, 0xCE, 0xAD, 0xBC, 0xBA, 0x49, 0xEE, 0xCD, 0x34,
    0xC2, 0x97, 0x5D, 0xD0, 0xD1, 0x32, 0xDF, 0x42, 0x08, 0x86, 0x13, 0x5E, 0x18, 0xFD, 0xDB, 0x0E,
    0x7E, 0xB9, 0xC3, 0x24, 0x48, 0x28, 0xED, 0x72, 0x20, 0x47, 0xD8, 0x85, 0xE2, 0x49, 0x4F, 0x99,
    0x6A, 0xA7, 0x23, 0xA4, 0x13, 0xDC, 0xCA, 0x6D, 0xA1, 0x20, 0xAE, 0x83, 0x9D, 0x6C, 0x53, 0x24,
    0x6C, 0x15, 0x06, 0xC9, 0x88, 0x71, 0x7A, 0xA9, 0x46, 0x32, 0x18, 0xCE, 0x4A, 0x7B, 0x3C, 0xD0,
    0x13, 0x31, 0xCE, 0x17, 0xDD, 0xE0, 0x9C, 0xCB, 0x9F, 0xBB, 0x34, 0x1C, 0xA0, 0x3C, 0x24, 0x9E,
    0x9A, 0x8B, 0x67, 0x3D, 0x10, 0xCE, 0x48, 0xA7, 0x53, 0x07, 0x95, 0x6D, 0xA0, 0xE3, 0xE5, 0x96,
    0x8E, 0x27, 0xDA, 0x18, 0x66, 0x1D, 0x30, 0x53, 0x40, 0xCC, 0xB4, 0x1D, 0x1A, 0xB2, 0xDD, 0x9E,
    0xC3, 0x39, 0x64, 0x3C, 0xBF, 0xDC, 0x06, 0x8B, 0x98, 0xE9, 0xC7, 0x89, 0x5E, 0xB7, 0xBB, 0xDD,
    0xAD, 0xDB, 0x87, 0x94, 0x4A, 0x6E, 0x8D, 0xDD, 0x3D, 0x31, 0x93, 0x25, 0x1F, 0xCC, 0x45, 0xF2,
    0xA4, 0x17, 0x66, 0x8A, 0xDA, 0x56, 0xB2, 0x8C, 0xC7, 0x22, 0xA2, 0xB4, 0x36, 0x2F, 0xE3, 0x31,
    0x7D, 0xAF, 0xE4, 0xFA, 0x77, 0xEA, 0x7B, 0x61, 0xEE, 0x57, 0xB9, 0x82, 0x4E, 0x4A, 0x25, 0x78,
    0x6C, 0x25, 0x27, 0x98, 0xAD, 0x4B, 0x08, 0xAF, 0x6A, 0x44, 0x1D, 0xC3, 0x25, 0x84, 0xA2, 0x19,
    0x27, 0xB2, 0xC5, 0xEB, 0x51, 0x52, 0x72, 0xE8, 0x25, 0xDD, 0x22, 0xD0, 0x27, 0x88, 0xC5, 0x43,
    0x57, 0x59, 0x89, 0xF6, 0x07, 0xD5, 0x15, 0xB1, 0x16, 0x3A, 0x3E, 0xA6, 0x63, 0xA9, 0x58, 0xCB,
    0x5F, 0x8C, 0x4C, 0x67, 0x18, 0xC8, 0x18, 0x0A, 0x2B, 0x15, 0xA5, 0x9F, 0xCE, 0xF4, 0xAF, 0x8A,
    0xC3, 0x2A, 0x77, 0x31, 0x4E, 0x98, 0x55, 0x7E, 0xC9, 0x7B, 0xB1, 0xD7, 0x9E, 0x3C, 0xC7, 0xA5,
    0x55, 0x80, 0xB7, 0x9F, 0xAD, 0x6D, 0xAB, 0x2A, 0xBA, 0x42, 0xF3, 0x3C, 0xA0, 0x62, 0xD8, 0xE2,
    0x3A, 0xFB, 0x67, 0x02, 0x1B, 0xE2, 0xB0, 0x7B, 0x5F, 0x43, 0x20, 0x14, 0x3D, 0x1F, 0xE9, 0x35,
    0x2D, 0xC0, 0xBA, 0x4A, 0xC1, 0xFD, 0xB3, 0x98, 0xCE, 0xB7, 0x32, 0x16, 0x8B, 0xF6, 0xD2, 0xCB,
    0x59, 0x11, 0xDE, 0x37, 0x16, 0xCA, 0xA8, 0xBC, 0x7F, 0x47, 0x3D, 0x60, 0x29, 0x35, 0x1D, 0x8D,
    0x4C, 0xAE, 0x51, 0x78, 0xAE, 0x08, 0x4F, 0xD9, 0x13, 0x9E, 0x89, 0x4E, 0x6E, 0x34, 0xE7, 0xD3,
    0x39, 0x4C, 0x59, 0x37, 0x98, 0xCE, 0x68, 0x5F, 0x94, 0xB3, 0x7D, 0x41, 0xA9, 0x25, 0x49, 0xC1,
    0xFE, 0xB7, 0x00, 0x37, 0xAB, 0x3A, 0xC7, 0x63, 0x9D, 0x3D, 0xC5, 0xF9, 0x50, 0xF7, 0xFE, 0x1C,
    0xB7, 0x60, 0x4E, 0x73, 0x5E, 0xE5, 0xE0, 0xA5, 0xE5, 0x7A, 0x58, 0x3E, 0x26, 0xDF, 0xA4, 0x60,
    0xBD, 0x5E, 0xB4, 0xBD, 0xDB, 0xBD, 0xB2, 0xCC, 0xAD, 0xF0, 0x11, 0x61, 0xC0, 0x50, 0xBD, 0x46,
    0x0C, 0x3F, 0x94, 0x1D, 0xEC, 0xFF, 0x65, 0xCE, 0xBD, 0x44, 0x32, 0xF4, 0x85, 0x21, 0xC2, 0xE8,
    0x3D, 0x7E, 0x6A, 0xC0, 0x14, 0x07, 0x8F, 0xD5, 0x82, 0x79, 0xCB, 0xCF, 0xFB, 0xE8, 0x22, 0x13,
    0xE8, 0xDA, 0x1D, 0xDC, 0xC5, 0xF4, 0xFB, 0xC9, 0x3B, 0xB5, 0x02, 0xCE, 0x4C, 0xBF, 0x71, 0xFE,
    0x47, 0x98, 0xA7, 0xAD, 0xB6, 0xC5, 0xF5, 0xDA, 0x9E, 0x97, 0xF8, 0x28, 0x89, 0x3B, 0x08, 0x4B,
    0xA4, 0x84, 0xD4, 0x92, 0x57, 0x30, 0x39, 0xA2, 0x13, 0x82, 0xF4, 0xDA, 0xC0, 0x5F, 0xF0, 0x25,
    0x7C, 0x31, 0xDF, 0xC6, 0x0A, 0x58, 0x15, 0x04, 0xCD, 0xD4, 0xCB, 0xF9, 0xB4, 0x87, 0x32, 0xD1,
    0x4F, 0xE3, 0xCA, 0xF1, 0x15, 0x3A, 0x1E, 0x03, 0x2A, 0x63, 0x91, 0xA0, 0xAA, 0x06, 0x75, 0x62,
    0x9A, 0x66, 0xA1, 0xE3, 0x84, 0x53, 0x7E, 0x2C, 0xE8, 0x1A, 0xE5, 0xF8, 0x93, 0x99, 0xE3, 0xB9,
    0x8C, 0x13, 0xEA, 0xD8, 0x23, 0xFD, 0x1E, 0x47, 0xF5, 0x39, 0x0D, 0xC5, 0x72, 0x39, 0xD2, 0x1F,
    0x42, 0x5A, 0x1E, 0x09, 0x65, 0x5A, 0xB1, 0x90, 0x69, 0xD7, 0x00, 0xC8, 0x8E, 0xCA, 0x4D, 0xEF,
    0x02, 0x8C, 0xDB, 0x7C, 0x7A, 0x9C, 0xDC, 0xA3, 0x3C, 0x70, 0xB8, 0x21, 0x86, 0xC1, 0xC6, 0xA9,
    0x7D, 0x4F, 0xB7, 0x2E, 0xB4, 0xD3, 0x91, 0xD5, 0x9C, 0x3F, 0x26, 0xD7, 0x58, 0x6D, 0x15, 0x9C,
    0xFC, 0x8C, 0xC7, 0xBD, 0x0B, 0xE7, 0xBE, 0x71, 0x72, 0x46, 0x2A, 0xE7, 0xB2, 0x79, 0xA7, 0x38,
    0x85, 0xAE, 0x21, 0x15, 0x4E, 0xD7, 0x60, 0x72, 0xCB, 0x7B, 0x02, 0x3B, 0xD1, 0x45, 0xF3, 0x7C,
    0xBA, 0x92, 0xDD, 0x01, 0xDE, 0xFC, 0x9C, 0xB6, 0x26, 0x15, 0x86, 0x47, 0xC7, 0x06, 0x0D, 0x37,
    0xE0, 0x3C, 0x9A, 0x34, 0x24, 0xAA, 0xBA, 0xF0, 0xD3, 0x61, 0xB0, 0x9E, 0x7D, 0xC6, 0x25, 0xA5,
    0xFB, 0x2C, 0x9F, 0x31, 0x07, 0xA5, 0xCE, 0x57, 0x58, 0x06, 0xEA, 0xF4, 0xB3, 0x32, 0x4E, 0xEB,
    0x64, 0x8A, 0x29, 0x66, 0x4C, 0x72, 0x40, 0xD6, 0xB9, 0x8D, 0x57, 0x39, 0xD1, 0x11, 0x42, 0x4A,
    0x74, 0x59, 0xD9, 0x05, 0x1D, 0x2D, 0xF3, 0x2D, 0xA7, 0x1B, 0xE0, 0xEE, 0x56, 0x39, 0xEB, 0x5D,
    0x70, 0x4C, 0xCD, 0xF0, 0x08, 0x93, 0x27, 0x9A, 0xDB, 0x92, 0xE1, 0x15, 0x41, 0x68, 0xBA, 0x42,
    0xEE, 0xE0, 0x6C, 0xDC, 0x1D, 0xA1, 0xCC, 0x4E, 0x34, 0xA9, 0x04, 0x9F, 0xE6, 0x72, 0x0F, 0xB3,
    0x76, 0x78, 0xD5, 0xDC, 0x0D, 0x20, 0x6F, 0xCF, 0x59, 0xAB, 0xD8, 0xC9, 0x07, 0x04, 0x43, 0x5B,
    0x71, 0xDA, 0x1A, 0xDE, 0xEB, 0x00, 0xCC, 0xCD, 0x99, 0x70, 0xA0, 0xC8, 0x2C, 0x64, 0xC2, 0x0E,
    0xC0, 0x04, 0xCF, 0xE4, 0x22, 0x91, 0x0C, 0x84, 0xE3, 0xF0, 0x00, 0x6C, 0xAC, 0x7F, 0xED, 0xDF,
    0x7E, 0x5A, 0x1F, 0xC3, 0x60, 0x46, 0xDF, 0x4A, 0x08, 0xE0, 0x74, 0x81, 0x62, 0x89, 0x04, 0xD0,
    0x9C, 0xCB, 0x3B, 0x4A, 0x8D, 0xC5, 0x78, 0x1D, 0x64, 0x4E, 0xE5, 0x37, 0x49, 0x61, 0xA3, 0x27,
    0x20, 0x7C, 0xA3, 0xF3, 0x3E, 0xF5, 0x57, 0x0B, 0x25, 0x78, 0x1C, 0xA3, 0x5D, 0xEF, 0x16, 0x6A,
    0x0A, 0x25, 0x5C, 0xF1, 0xFB, 0xED, 0xA9, 0xB4, 0xEB, 0xE0, 0xE6, 0xCA, 0x9F, 0xDF, 0x32, 0x15,
    0x6A, 0x2F, 0xD8, 0xD9, 0xE2, 0x13, 0x47, 0x57, 0x18, 0x6E, 0xA9, 0x01, 0x57, 0xC7, 0xC1, 0xDC,
    0x3A, 0x7B, 0x4D, 0x97, 0xDB, 0x27, 0x86, 0x9A, 0xF4, 0x80, 0xA6, 0x24, 0x3C, 0xA4, 0x64, 0x18,
    0xDC, 0x75, 0xA8, 0xC9, 0x3D, 0x35, 0x10, 0x10, 0x20, 0x24, 0xC0, 0x50, 0x54, 0x3C, 0x98, 0x60,
    0x33, 0x4D, 0xB0, 0xCC, 0x4E, 0x2C, 0x68, 0x2C, 0x49, 0x7E, 0x67, 0x30, 0x9C, 0x2C, 0x02, 0x61,
    0x76, 0x81, 0x93, 0x0E, 0x08, 0x86, 0x09, 0xB6, 0x32, 0x04, 0xDB, 0x01, 0x18, 0xEE, 0x3F, 0xF2,
    0x72, 0x62, 0x6E, 0xB5, 0xB3, 0x21, 0x23, 0xB3, 0xB8, 0xCC, 0xD6, 0x07, 0x13, 0xEE, 0xD3, 0x22,
    0xA5, 0xF6, 0xEC, 0xF7, 0x2F, 0x07, 0xC4, 0x61, 0x95, 0x47, 0xA6, 0x2A, 0x5B, 0x1F, 0x03, 0xC6,
    0x60, 0xC0, 0x08, 0x4C, 0xD9, 0x8A, 0xA9, 0x4A, 0x0D, 0xFA, 0x25, 0x7A, 0x17, 0x50, 0x96, 0xD9,
    0x8B, 0x4F, 0xCF, 0x5E, 0x13, 0xD9, 0xCB, 0x8F, 0xB6, 0x78, 0x65, 0x94, 0x06, 0x48, 0x9A, 0x02,
    0x97, 0x65, 0x03, 0xEE, 0x04, 0x6B, 0x7B, 0x9B, 0x1A, 0xEA, 0xD0, 0x90, 0x79, 0xDC, 0x69, 0x8F,
    0xCE, 0xA5, 0xEE, 0xC3, 0x73, 0x47, 0x9E, 0x9B, 0x55, 0xFC, 0x22, 0xE2, 0xED, 0x43, 0xA5, 0x1B,
    0xC9, 0x21, 0x2C, 0xFC, 0xE7, 0x41, 0x0C, 0x6E, 0x11, 0x09, 0x2F, 0x0F, 0xA5, 0x9F, 0xF9, 0x69,
    0x90, 0xFA, 0x59, 0x28, 0x5D, 0x74, 0xB8, 0x53, 0xC4, 0xB8, 0xE1, 0x2E, 0x30, 0xBE, 0x78, 0x63,
    0x8D, 0x0A, 0x2E, 0x71, 0xF7, 0xC5, 0x68, 0x43, 0x94, 0xCF, 0x9A, 0xE8, 0x98, 0x3E, 0x36, 0xD1,
    0x10, 0x1F, 0x2F, 0x09, 0xF2, 0x5E, 0xAD, 0x57, 0x1F, 0x8E, 0x50, 0x69, 0x06, 0xFA, 0x73, 0x3D,
    0xF3, 0xBF, 0x10, 0x9B, 0x2D, 0xDE, 0x53, 0x05, 0x69, 0x90, 0xA3, 0x4F, 0xDC, 0xBF, 0xA8, 0x70,
    0xE4, 0x27, 0x89, 0xA3, 0x9B, 0x5B, 0x0F, 0x3D, 0x22, 0xA4, 0xF7, 0x18, 0xF4, 0x2A, 0x96, 0x9E,
    0x2B, 0x5D, 0xD9, 0x4B, 0x7C, 0xC0, 0xFF, 0x96, 0x4E, 0x52, 0x57, 0x6D, 0x74, 0x3C, 0x24, 0xB6,
    0x8B, 0xC7, 0xFC, 0xFA, 0xCA, 0xFE, 0x75, 0xD2, 0x0B, 0xAE, 0xFF, 0x01, 0xB5, 0x56, 0x3D, 0x8F,
    0x1C, 0x35, 0x18, 0x7E, 0x66, 0x27, 0x77, 0xAB, 0x30, 0x12, 0x6E, 0x52, 0x00, 0x09, 0x37, 0x0D,
    0x05, 0x3A, 0x29, 0x71, 0x43, 0x91, 0x22, 0xBB, 0x36, 0x50, 0xA4, 0x48, 0x73, 0x42, 0x4A, 0x4F,
    0x01, 0x12, 0x22, 0x05, 0x0D, 0x05, 0xC5, 0xEE, 0xDE, 0x88, 0x86, 0xF2, 0xEE, 0x27, 0x5C, 0x41,
    0x11, 0x96, 0x22, 0x94, 0x57, 0xDC, 0xED, 0xCC, 0x4F, 0x98, 0xE2, 0x7E, 0xC0, 0xF0, 0x55, 0x11,
    0x09, 0x73, 0x9A, 0x62, 0x43, 0x66, 0xD6, 0x3C, 0xAF, 0x67, 0x36, 0x7B, 0x09, 0x77, 0x02, 0x21,
    0xE1, 0x8F, 0xB1, 0xFD, 0xBC, 0xAF, 0xED, 0xD7, 0x7E, 0x3F, 0x3C, 0x7B, 0x7B, 0xAF, 0x26, 0xE0,
    0xE3, 0xC3, 0xDD, 0x4C, 0x41, 0x67, 0x9F, 0x1E, 0x6E, 0xE1, 0xAA, 0x0C, 0x0C, 0x2C, 0xCA, 0x7D,
    0xB7, 0x57, 0x7E, 0x64, 0xF7, 0x70, 0x55, 0x06, 0xB6, 0x71, 0x0B, 0xA6, 0xBE, 0x75, 0x63, 0xFB,
    0x06, 0xAE, 0xCC, 0x9F, 0xCF, 0x6D, 0xEE, 0x33, 0x96, 0x17, 0x9D, 0xDD, 0xF9, 0xFC, 0xB1, 0xF1,
    0xBE, 0x91, 0x3A, 0x9F, 0xCF, 0xAD, 0xF7, 0x3E, 0x93, 0x3A, 0x0F, 0x49, 0xBA, 0x4C, 0x45, 0xDF,
    0x5C, 0x0A, 0x7E, 0xFB, 0x59, 0x73, 0xFA, 0xDF, 0xB3, 0xF7, 0x2B, 0x16, 0x8A, 0xDF, 0x75, 0x94,
    0x4D, 0xA1, 0x61, 0x30, 0xC6, 0x02, 0x2D, 0x5B, 0x83, 0x19, 0xA6, 0x38, 0xC1, 0x12, 0x35, 0xAF,
    0x49, 0x5B, 0xA1, 0x8C, 0x30, 0x61, 0x6E, 0x71, 0xCA, 0xBE, 0x21, 0x77, 0x0A, 0x65, 0xD5, 0x07,
    0x55, 0x1A, 0x97, 0x7A, 0x58, 0x9A, 0xA4, 0x18, 0xAB, 0x62, 0xA1, 0x8A, 0x56, 0x67, 0x46, 0x95,
    0x46, 0x15, 0x33, 0x55, 0x4C, 0x53, 0x7B, 0x92, 0x62, 0xA9, 0x51, 0xDF, 0x81, 0xFE, 0xC6, 0xE9,
    0xFB, 0x55, 0xC7, 0x36, 0x52, 0xD9, 0x44, 0xD9, 0x49, 0x0A, 0x32, 0x9F, 0xA6, 0x19, 0x11, 0xE2,
    0x7A, 0x58, 0x70, 0x29, 0xF5, 0x61, 0xC9, 0x0D, 0x5E, 0x14, 0x23, 0x37, 0xD4, 0xEC, 0xFA, 0xC7,
    0x1B, 0x70, 0x12, 0xCA, 0xBD, 0x50, 0xAE, 0x66, 0x7B, 0x15, 0xB9, 0x30, 0x2B, 0xE1, 0x91, 0x5A,
    0xEC, 0x7B, 0xE4, 0xA1, 0xB0, 0xC3, 0x21, 0x41, 0xE0, 0x88, 0x9C, 0x79, 0x91, 0x2F, 0xF3, 0x2A,
    0xB7, 0xC7, 0xB0, 0x98, 0x7A, 0x3F, 0x9D, 0x62, 0xE2, 0x79, 0x49, 0xF0, 0xEC, 0x4C, 0xE5, 0x06,
    0xD8, 0x0D, 0xE3, 0x80, 0x10, 0x23, 0x0F, 0x27, 0xC7, 0x15, 0xE7, 0x9B, 0x16, 0xC3, 0x82, 0xED,
    0x7E, 0x0E, 0xC5, 0x06, 0x3C, 0xFC, 0xB8, 0x6F, 0x4F, 0x10, 0xF0, 0xC8, 0x21, 0xF0, 0xC5, 0xA5,
    0xB4, 0x49, 0x9D, 0x64, 0x08, 0x29, 0xED, 0x1A, 0x8C, 0xE2, 0x25, 0x35, 0x00, 0x1C, 0x2B, 0x1F,
    0xFB, 0x02, 0x91, 0xD3, 0xF9, 0x83, 0xDF, 0x2A, 0xC4, 0xE5, 0x48, 0x1D, 0x7C, 0xED, 0xA0, 0xB2,
    0x51, 0x72, 0xF0, 0xBE, 0xE3, 0xE5, 0x77, 0xE3, 0x7B, 0xE8, 0xE8, 0x35, 0x02, 0xFF, 0xC0, 0x61,
    0x28, 0xF3, 0xD7, 0xF2, 0x6C, 0x24, 0xDA, 0xC8, 0xB4, 0x91, 0x6A, 0x23, 0xD7, 0x46, 0xB2, 0x8D,
    0x6C, 0x17, 0xA5, 0xDB, 0xC8, 0xB7, 0x96, 0x50, 0x97, 0x6B, 0x19, 0xBD, 0xEB, 0xA5, 0xFC, 0x71,
    0xB5, 0xEC, 0xE5, 0x3C, 0x77, 0x93, 0x5E, 0xD2, 0xF3, 0x6A, 0xD2, 0xCB, 0x2A, 0x58, 0x27, 0xAD,
    0xF0, 0xF5, 0xF2, 0x7A, 0xB7, 0x96, 0x58, 0x97, 0x62, 0x61, 0x63, 0x84, 0x2B, 0xC5, 0x31, 0xCC,
    0xA0, 0x1E, 0x0F, 0xDC, 0x38, 0x76, 0xD3, 0xB8, 0x9A, 0xC4, 0x25, 0xCB, 0x71, 0x5C, 0x10, 0xA4,
    0xB1, 0x0C, 0x5C, 0x6A, 0x49, 0x48, 0x2D, 0x49, 0x1A, 0xA4, 0x84, 0xCF, 0x1D, 0x90, 0x61, 0x44,
    0xFD, 0xCD, 0xC2, 0x3A, 0xC1, 0x3A, 0x71, 0x1A, 0xBB, 0x59, 0xEC, 0x64, 0x21, 0x8A, 0x18, 0xB9,
    0x14, 0xB5, 0x42, 0x4D, 0x90, 0xD6, 0x1D, 0x3B, 0x6D, 0xBB, 0xA5, 0x22, 0xA7, 0x2C, 0x89, 0x2A,
    0x23, 0x39, 0x61, 0x54, 0xA8, 0x79, 0x61, 0x9F, 0x20, 0x6A, 0x11, 0xFF, 0x0E, 0x75, 0x90, 0xE9,
    0xB8, 0x9C, 0xF2, 0x6E, 0xF6, 0x41, 0xCB, 0x8F, 0x29, 0x77, 0x05, 0x5D, 0xC8, 0x28, 0x87, 0x74,
    0x38, 0x24, 0x48, 0x12, 0x21, 0x9D, 0xF5, 0xC3, 0xA8, 0x59, 0x93, 0x03, 0x6B, 0x74, 0x61, 0x62,
    0xD0, 0xCB, 0x7D, 0x67, 0x07, 0x3F, 0xFF, 0x54, 0xC6, 0xCB, 0xC4, 0x45, 0xAD, 0xB0, 0xE4, 0x56,
    0xA7, 0xED, 0xC8, 0x3C, 0x58, 0xE6, 0xD2, 0x8A, 0xAA, 0xA2, 0x95, 0x2E, 0x84, 0x4E, 0xBE, 0x4A,
    0xF8, 0x65, 0xDE, 0x82, 0x8B, 0x2E, 0xFE, 0x55, 0x9E, 0x85, 0xBA, 0x4E, 0x53, 0x66, 0xDF, 0x67,
    0xE9, 0x23, 0x2F, 0x91, 0xF8, 0x06, 0xE9, 0xF3, 0x15, 0x4C, 0xB6, 0x2F, 0xDE, 0x6E, 0xF1, 0xAE,
    0xA1, 0x83, 0xF0, 0x58, 0x53, 0x1E, 0xC5, 0xF0, 0x44, 0x86, 0xB2, 0x12, 0x0A, 0x96, 0xF2, 0xC6,
    0x5A, 0xF5, 0x08, 0xE7, 0x0A, 0x95, 0x7D, 0x86, 0x30, 0x3A, 0x8F, 0xB7, 0x52, 0xAF, 0x11, 0xBA,
    0x26, 0xEB, 0xF0, 0xBC, 0xA9, 0x9F, 0xE7, 0x2D, 0x06, 0x8C, 0x51, 0x3C, 0xEB, 0x4D, 0xFF, 0x4C,
    0xA6, 0x3E, 0x24, 0x05, 0x5F, 0x90, 0x11, 0x43, 0xE2, 0x74, 0xC0, 0x67, 0xB8, 0xB9, 0xC2, 0x1D,
    0x82, 0x1A, 0x9B, 0x44, 0xCB, 0x4B, 0x0A, 0xA4, 0x99, 0xEC, 0x4C, 0x9F, 0x6D, 0x20, 0xE6, 0x41,
    0xAB, 0x6F, 0xA0, 0x19, 0x74, 0x0C, 0x1A, 0x95, 0xBD, 0xF3, 0x5A, 0xE0, 0xDC, 0x3A, 0x83, 0xC0,
    0x74, 0xF3, 0xAE, 0x4A, 0x7F, 0xE7, 0x29, 0x10, 0xD1, 0x67, 0x8A, 0xA8, 0xD8, 0x79, 0xBA, 0xF3,
    0x54, 0x2D, 0xD5, 0xD2, 0xF8, 0x2E, 0xAB, 0x26, 0x6D, 0xB6, 0xCE, 0xB6, 0xCE, 0x76, 0xBF, 0x33,
    0x2B, 0x23, 0x51, 0xEF, 0x98, 0xAC, 0x2E, 0x6C, 0x48, 0x4B, 0xED, 0x84, 0x60, 0x6C, 0xA0, 0x5D,
    0xCA, 0x96, 0xC1, 0x65, 0x14, 0x25, 0x16, 0xF9, 0x26, 0x1D, 0x2C, 0x7A, 0x0B, 0x70, 0x7F, 0x27,
    0xE2, 0x37, 0xB9, 0x63, 0x3E, 0x3A, 0xC5, 0xC5, 0x9C, 0x1F, 0x09, 0x7A, 0x19, 0x26, 0xF9, 0x91,
    0x8B, 0x5F, 0xCA, 0x8F, 0x02, 0x7A, 0x19, 0x26, 0x4A, 0x4A, 0x9F, 0x05, 0x3D, 0xF1, 0x55, 0x48,
    0x9F, 0xD3, 0x5D, 0xF2, 0x92, 0xDA, 0x8A, 0x6B, 0x45, 0xF3, 0x35, 0xF7, 0x2B, 0xDE, 0x8B, 0xDC,
    0xB7, 0x34, 0xD4, 0x87, 0x18, 0x9E, 0x18, 0x21, 0x6F, 0xCF, 0x61, 0xC0, 0x13, 0x9A, 0x0C, 0xC3,
    0x3A, 0xA8, 0x30, 0xA9, 0x82, 0xC4, 0x49, 0x89, 0x57, 0xD2, 0xA8, 0x3B, 0x51, 0x37, 0x7B, 0xDD,
    0xAC, 0xC1, 0x12, 0xAD, 0xEC, 0xDD, 0x72, 0x67, 0xB4, 0x62, 0x25, 0xAD, 0x98, 0x89, 0xDC, 0xB8,
    0x0D, 0xD6, 0xDD, 0xC8, 0x7E, 0x8D, 0xEC, 0xD6, 0xC8, 0x5E, 0x8D, 0xEC, 0xD4, 0xC8, 0x3E, 0xCD,
    0xCB, 0x3B, 0x9C, 0x90, 0x97, 0x0E, 0x10, 0x3E, 0x32, 0x64, 0x70, 0x6A, 0xC5, 0x92, 0x7D, 0xB1,
    0x88, 0x7C, 0xEE, 0x16, 0xF1, 0x72, 0xC8, 0x8F, 0x8B, 0x6B, 0x46, 0xBD, 0xF0, 0x49, 0x1C, 0x3F,
    0xA6, 0x5C, 0x20, 0xF2, 0xE4, 0x0B, 0xC1, 0x26, 0x76, 0xF2, 0xA9, 0x2E, 0x2C, 0x3C, 0x15, 0xCD,
    0x79, 0xF2, 0x76, 0x9F, 0x6E, 0xE8, 0x4B, 0x96, 0xF9, 0x93, 0x42, 0x6C, 0x88, 0x45, 0x75, 0x25,
    0xEB, 0x4B, 0x6A, 0x43, 0x09, 0xBA, 0xD6, 0xE1, 0x62, 0x4C, 0xB8, 0x17, 0xBE, 0x65, 0xBE, 0x94,
    0xE7, 0x02, 0xE6, 0x89, 0xC7, 0x58, 0x79, 0x3E, 0x47, 0xBE, 0xB8, 0x50, 0x65, 0x4C, 0x7C, 0xC5,
    0x5A, 0x63, 0xBC, 0xD5, 0xA9, 0xFF, 0xB2, 0x1A, 0xF1, 0x55, 0x48, 0x58, 0xF5, 0x2A, 0x87, 0x69,
    0xF4, 0xDF, 0xAA, 0xE0, 0x42, 0x17, 0xBE, 0xCD, 0x9E, 0xB2, 0xAE, 0x5F, 0x57, 0xBB, 0xEE, 0x0B,
    0x1E, 0xE8, 0xE4, 0x13, 0x13, 0xBC, 0x8B, 0xDB, 0x77, 0x7F, 0x30, 0x79, 0x3D, 0xF4, 0xD9, 0xC0,
    0x5B, 0xED, 0x6B, 0x0E, 0x09, 0x92, 0x34, 0xED, 0xFD, 0xFA, 0xE5, 0x34, 0x0B, 0x6F, 0x38, 0xA3,
    0xA0, 0x55, 0x19, 0xA3, 0x78, 0xF4, 0x50, 0xFE, 0x54, 0x72, 0xF1, 0xBF, 0x24, 0xF8, 0x9F, 0xF9,
    0x15, 0x6F, 0xAD, 0x70, 0x9B, 0xE0, 0xDB, 0xF8, 0xBF, 0x93, 0x84, 0x8F, 0xEB, 0x30, 0xBF, 0x60,
    0x3B, 0xDC, 0x8F, 0x5F, 0x06, 0x49, 0xE8, 0x75, 0x5B, 0xF3, 0x43, 0x92, 0x9C, 0x94, 0x2F, 0xFF,
    0x28, 0x73, 0x5F, 0x25, 0x2B, 0xB0, 0xB0, 0xF3, 0xD5, 0x79, 0xD9, 0xE1, 0x7D, 0xFA, 0x27, 0x1E,
    0xF9, 0x79, 0xA1, 0x79, 0xED, 0x67, 0x74, 0xEC, 0xBC, 0x90, 0x70, 0x9D, 0xC5, 0x8C, 0xBE, 0xC1,
    0xB7, 0xBB, 0x08, 0x23, 0xDE, 0x2D, 0x7E, 0x1C, 0xFC, 0xBB, 0x7B, 0x13, 0xF9, 0xF7, 0x62, 0xE9,
    0xE2, 0x8C, 0x74, 0x13, 0x1A, 0x1C, 0x89, 0xA6, 0xA0, 0x91, 0x29, 0xDB, 0x11, 0x85, 0x7F, 0x28,
    0xB1, 0x8B, 0x2A, 0xB8, 0x26, 0xFA, 0x58, 0xE0, 0x86, 0x68, 0x8E, 0x9B, 0x71, 0x99, 0x28, 0x88,
    0x1E, 0x8E, 0xD1, 0x1D, 0xA9, 0x3B, 0xDE, 0x9B, 0xE1, 0xA8, 0x62, 0x0D, 0xAF, 0x8F, 0xDF, 0x83,
    0x5E, 0x34, 0xA4, 0xD6, 0xF8, 0xDE, 0xFF, 0x49, 0xEB, 0xF4, 0xF2, 0x8F, 0x67, 0x63, 0x06, 0x45,
    0x45, 0x7E, 0x3D, 0x6B, 0x70, 0x9D, 0x3C, 0xC2, 0x1B, 0xDE, 0xB5, 0x26, 0xBC, 0x46, 0x4D, 0x78,
    0xD9, 0x96, 0xE1, 0x69, 0xAB, 0xE5, 0x6D, 0x8B, 0x9C, 0x3C, 0x6E, 0x91, 0x93, 0xD7, 0x2D, 0x72,
    0x7F, 0x01, 0xED, 0x52, 0x3B, 0x6E, 0xDC, 0x30, 0x10, 0x7D, 0x59, 0x19, 0x66, 0xC1, 0x82, 0x2E,
    0xD2, 0xB8, 0x62, 0x93, 0x32, 0x80, 0x4E, 0xB0, 0x2B, 0x02, 0x3E, 0x80, 0x2F, 0xE4, 0xCD, 0x12,
    0xC8, 0x01, 0x72, 0x89, 0xF4, 0x29, 0xD3, 0x50, 0xD2, 0xDC, 0x20, 0xEC, 0x52, 0x46, 0x5D, 0x4A,
    0xAB, 0x70, 0xB1, 0x01, 0x56, 0x9A, 0x3C, 0x4A, 0x9B, 0x85, 0x91, 0xC0, 0x3E, 0x41, 0x34, 0x4F,
    0xD0, 0xFC, 0x34, 0x6F, 0x66, 0x48, 0x33, 0xA1, 0xD6, 0xF8, 0xC1, 0xE6, 0x54, 0x8D, 0xA7, 0x05,
    0x54, 0x68, 0xD6, 0x2A, 0x66, 0xC2, 0x4D, 0xBA, 0x49, 0xE7, 0x07, 0x87, 0x00, 0x0D, 0x95, 0x06,
    0xFB, 0x2D, 0xF8, 0xFB, 0xB0, 0x77, 0x41, 0x75, 0x24, 0xE0, 0x02, 0xC1, 0x74, 0x96, 0xD9, 0x02,
    0xDB, 0x0E, 0x8D, 0xCA, 0xAD, 0xCD, 0xA8, 0xF2, 0xDE, 0x4A, 0xA3, 0xD1, 0x4E, 0x30, 0x2B, 0x89,
    0x91, 0xD4, 0x41, 0x55, 0xE6, 0xC2, 0x96, 0x17, 0x92, 0xC8, 0x50, 0xA3, 0x99, 0x80, 0x95, 0x52,
    0xAA, 0x01, 0xF6, 0xC0, 0x11, 0x9B, 0x11, 0x26, 0xC3, 0x09, 0x6C, 0x49, 0x88, 0x2C, 0xB5, 0xB3,
    0xE2, 0xE7, 0x52, 0xA7, 0x35, 0x79, 0x32, 0xC3, 0x41, 0xC5, 0xCE, 0xB0, 0x47, 0x46, 0x43, 0xB2,
    0x72, 0xB2, 0xF9, 0xA0, 0xD9, 0x7F, 0xCF, 0x6F, 0x6D, 0xDE, 0x3B, 0xF2, 0x96, 0xD0, 0x9B, 0xB1,
    0x80, 0xBF, 0x13, 0xAB, 0x7E, 0x31, 0x57, 0x00, 0x67, 0xD3, 0x88, 0x0B, 0x1E, 0x35, 0x76, 0xD8,
    0x2E, 0xB2, 0x63, 0x23, 0x1E, 0x8E, 0xFE, 0x5D, 0xF9, 0x06, 0x2B, 0x56, 0x4C, 0x5E, 0x84, 0x9A,
    0x8B, 0x9E, 0x19, 0x69, 0x42, 0xAF, 0xA1, 0x75, 0x42, 0xFA, 0xE7, 0x30, 0xAF, 0xAE, 0xD4, 0x0D,
    0x87, 0xE1, 0xEB, 0x70, 0x37, 0x54, 0xCF, 0xE4, 0x3C, 0x85, 0x8B, 0x64, 0x44, 0x1D, 0xD0, 0xA1,
    0x7A, 0x82, 0x8F, 0x2C, 0x2F, 0x84, 0xFD, 0x55, 0xA2, 0x0F, 0xDC, 0x85, 0x93, 0xCD, 0x8C, 0x8D,
    0x06, 0xB0, 0x76, 0x99, 0x57, 0xB8, 0x9C, 0xFF, 0xE7, 0xF2, 0xF7, 0xB9, 0xB0, 0x75, 0xAF, 0xF1,
    0xD6, 0xCA, 0xF5, 0x17, 0xA9, 0x1F, 0x65, 0xCB, 0x69, 0x7B, 0xF1, 0x3F, 0x65, 0xE9, 0x09, 0xA9,
    0x2C, 0x28, 0x12, 0xE9, 0x0A, 0x6B, 0x37, 0xAB, 0xBF, 0xF5, 0xF1, 0xE8, 0x84, 0xA0, 0xB2, 0xFA,
    0x1B, 0x93, 0xDD, 0x27, 0xB1, 0x8F, 0xA8, 0x26, 0x54, 0x1C, 0xE9, 0x07, 0xFC, 0xBD, 0xEC, 0xFE,
    0x9C, 0xD6, 0x7B, 0xEE, 0xA0, 0xCA, 0xBD, 0x0E, 0xBD, 0xE6, 0x87, 0x2A, 0x73, 0x0B, 0xB5, 0x06,
    0x73, 0x44, 0xC2, 0x82, 0x17, 0xEE, 0xC6, 0x39, 0x5A, 0x87, 0xD4, 0xA2, 0x3B, 0xA2, 0x1F, 0xD1,
    0x3F, 0xA1, 0x3D, 0x21, 0x35, 0x48, 0x3E, 0xA6, 0xCB, 0xD3, 0x9E, 0x9A, 0xD0, 0xCF, 0x9A, 0x5B,
    0xFF, 0x71, 0x48, 0xEE, 0xEE, 0xDF, 0xF7, 0xA5, 0xFA, 0x33, 0xFD, 0xF1, 0xE2, 0xEF, 0x1C, 0x2F,
    0x50, 0xA4, 0xF3, 0xCC, 0x0B, 0x78, 0x92, 0xD2, 0xBC, 0xC2, 0xE1, 0x33, 0xAE, 0x15, 0xEF, 0x6A,
    0xE6, 0x17, 0xA7, 0xA7, 0xF4, 0xBC, 0x9A, 0x7E, 0xD1, 0x7C, 0x70, 0x83, 0x19, 0x7F, 0x03, 0x85,
    0x56, 0xBF, 0x8F, 0xDC, 0x44, 0x14, 0x7E, 0x5E, 0x2B, 0xB1, 0x14, 0x27, 0x9A, 0x14, 0x20, 0x9D,
    0x00, 0xC5, 0x4D, 0x90, 0xD0, 0x51, 0x98, 0x3F, 0x20, 0xCA, 0x18, 0xD2, 0x51, 0x51, 0xA4, 0x8B,
    0x44, 0x6A, 0xAA, 0x4B, 0x41, 0x89, 0xCE, 0x46, 0x48, 0xD4, 0xF9, 0x13, 0xAE, 0xB8, 0x22, 0xF2,
    0x15, 0xF7, 0x0F, 0x90, 0xB3, 0xC3, 0x09, 0x51, 0xD0, 0x98, 0x34, 0x48, 0xA4, 0xC8, 0x80, 0x22,
    0x11, 0x25, 0x12, 0x3B, 0x41, 0x46, 0xD9, 0xDD, 0xD8, 0x1E, 0xBE, 0x6F, 0xEC, 0xBD, 0xEC, 0x5D,
    0x90, 0xB2, 0x77, 0xEF, 0xF3, 0x78, 0xE6, 0xCD, 0x7B, 0xF3, 0x7E, 0x8E, 0xE5, 0x5D, 0x11, 0x09,
    0x5D, 0x2B, 0x92, 0xB8, 0x4E, 0x44, 0xFF, 0x3A, 0x88, 0xE4, 0xF8, 0x93, 0x5D, 0xCC, 0xCB, 0x51,
    0xEC, 0x5C, 0xE6, 0x61, 0x37, 0x5E, 0x95, 0x92, 0xC7, 0x06, 0x2C, 0xBF, 0x18, 0x32, 0xBB, 0x5E,
    0x22, 0x82, 0xEC, 0xAC, 0xEE, 0x89, 0x70, 0x61, 0x02, 0xF0, 0x09, 0x77, 0x8C, 0x20, 0x1F, 0x7C,
    0x82, 0xC9, 0xAD, 0x3B, 0x80, 0xAB, 0x7B, 0xD8, 0x37, 0x34, 0x12, 0x38, 0x67, 0x24, 0x1A, 0xE6,
    0x9D, 0x28, 0x73, 0x3C, 0x88, 0xFE, 0xF6, 0x38, 0x17, 0x3D, 0xFB, 0x1E, 0x7A, 0xC3, 0x4B, 0x50,
    0x19, 0x5E, 0x04, 0x5C, 0xD8, 0x02, 0x5C, 0xBC, 0x4A, 0xC0, 0xFE, 0x7C, 0xEB, 0xCE, 0xB6, 0xE8,
    0xAF, 0xF7, 0xC0, 0x67, 0xEB, 0x41, 0xD4, 0xBF, 0x3F, 0x77, 0x54, 0xDE, 0x52, 0x14, 0xE4, 0x3D,
    0xC6, 0x29, 0x66, 0x9F, 0xD3, 0x8E, 0x4B, 0x3C, 0x74, 0x82, 0x57, 0xBF, 0x10, 0x0D, 0x87, 0x0B,
    0xE8, 0x98, 0xF5, 0xA2, 0x0B, 0x39, 0x12, 0x2D, 0xF2, 0x21, 0x2D, 0xA3, 0x8E, 0x3F, 0x5B, 0xC0,
    0x9C, 0xE0, 0xF6, 0x00, 0x0B, 0x2A, 0xB7, 0x97, 0x45, 0xDF, 0x30, 0x95, 0xE8, 0x63, 0xD3, 0x8B,
    0x7A, 0xF5, 0xD7, 0x6B, 0x1D, 0xB5, 0x48, 0xBA, 0x84, 0x0E, 0xE7, 0x3A, 0x4F, 0x43, 0x79, 0x6F,
    0x86, 0x2D, 0x6F, 0x90, 0x73, 0xD6, 0xD3, 0x50, 0xEE, 0xAD, 0xE7, 0x34, 0xCE, 0x71, 0x96, 0x4F,
    0xD2, 0x96, 0xBC, 0x14, 0x5F, 0x2B, 0x93, 0xD4, 0xAA, 0x3E, 0x9F, 0x29, 0xE8, 0xA8, 0xA0, 0x8D,
    0x1A, 0x39, 0x26, 0x71, 0x5C, 0x9D, 0xBC, 0x07, 0x99, 0x2A, 0x22, 0x53, 0xC1, 0x30, 0x87, 0x7D,
    0xCE, 0x0D, 0x34, 0x98, 0x1E, 0x8F, 0x6A, 0xC9, 0x93, 0x47, 0xF3, 0x26, 0xC7, 0x5A, 0x9B, 0xBF,
    0x72, 0xCF, 0xBB, 0xBC, 0x70, 0x41, 0x97, 0xC3, 0xE4, 0x7E, 0x82, 0x01, 0x30, 0x23, 0x84, 0x84,
    0x88, 0xA0, 0x4E, 0x20, 0x25, 0xCB, 0x75, 0x80, 0x7C, 0x43, 0xE7, 0xDC, 0x04, 0x29, 0x2B, 0xAA,
    0x51, 0x1D, 0xA1, 0x27, 0x38, 0xC2, 0xBC, 0x06, 0x3C, 0x6E, 0x54, 0x93, 0xE3, 0x00, 0x2D, 0x94,
    0xB9, 0x85, 0x6A, 0x7A, 0xCC, 0x35, 0xD5, 0xE9, 0xB9, 0x78, 0x8E, 0xB9, 0xD0, 0x01, 0x02, 0x82,
    0x78, 0xD0, 0x84, 0xB4, 0xD1, 0xB0, 0xE7, 0x3D, 0x78, 0xC5, 0x65, 0x69, 0xA6, 0x4B, 0x57, 0x03,
    0x25, 0x31, 0xC4, 0xF8, 0x1F, 0xD7, 0x69, 0x89, 0x46, 0x7C, 0x51, 0x3D, 0xD5, 0x38, 0x05, 0xE7,
    0xD3, 0x06, 0xE8, 0x5C, 0x41, 0x1C, 0x84, 0xBB, 0xEE, 0x12, 0xE9, 0xC6, 0x4D, 0x2C, 0x3C, 0x3E,
    0x25, 0xAA, 0x9E, 0x38, 0xEB, 0xB5, 0xA3, 0xB3, 0xBD, 0x32, 0x3E, 0x4A, 0xC6, 0x11, 0x59, 0xA0,
    0x8C, 0x7F, 0xC4, 0x36, 0x46, 0xF2, 0x49, 0x64, 0x73, 0x57, 0xF3, 0xE1, 0x0E, 0x2D, 0xD6, 0xFE,
    0xE8, 0xC2, 0x16, 0x9C, 0x0F, 0xBA, 0x71, 0xDF, 0x90, 0xE1, 0xD1, 0x49, 0x3E, 0x64, 0x3A, 0x60,
    0xC2, 0x83, 0xC5, 0x21, 0xBD, 0x17, 0x5A, 0x74, 0x76, 0x39, 0xC0, 0x49, 0xD3, 0x1F, 0x17, 0x33,
    0xBC, 0xA9, 0xC6, 0x1D, 0xB6, 0x94, 0x99, 0x3B, 0xA3, 0x25, 0x6C, 0xBD, 0xE8, 0xB0, 0xE5, 0xE1,
    0xB2, 0x68, 0x81, 0x71, 0x52, 0xC4, 0x10, 0x83, 0x30, 0xC2, 0xAB, 0xF7, 0xF9, 0x18, 0xA4, 0xA3,
    0x06, 0xFC, 0xB2, 0xE9, 0x11, 0x5A, 0x9D, 0x7E, 0xD6, 0x4A, 0x68, 0x77, 0x93, 0xEF, 0xEC, 0x99,
    0x35, 0xE9, 0xBA, 0xF8, 0x51, 0x23, 0xD2, 0x2F, 0xA2, 0x39, 0x33, 0xA5, 0x0D, 0x69, 0x4C, 0x8E,
    0x74, 0x2B, 0x70, 0x50, 0x13, 0xD0, 0xC2, 0xB4, 0xE1, 0xD9, 0x24, 0xA9, 0x11, 0x6E, 0xA1, 0xAF,
    0xE0, 0x00, 0xD7, 0xF4, 0xBA, 0x3C, 0xB4, 0x70, 0x48, 0x08, 0x38, 0x77, 0x03, 0xA0, 0x8E, 0xFF,
    0x07, 0x1E, 0x7C, 0xD1, 0x69, 0xA4, 0x19, 0xE0, 0xD9, 0x01, 0x00, 0xB1, 0x24, 0xDC, 0xF5, 0xD2,
    0x14, 0xDC, 0x48, 0xC2, 0x38, 0x18, 0x90, 0xAD, 0xEE, 0x71, 0x9D, 0xBE, 0x72, 0x75, 0x9E, 0xE5,
    0x75, 0x25, 0x29, 0xEA, 0x31, 0xA9, 0x91, 0x24, 0xA0, 0xC4, 0x8F, 0x39, 0xC7, 0x35, 0xF2, 0x90,
    0x37, 0x18, 0x98, 0xBF, 0xE3, 0x6F, 0xBB, 0x2C, 0x7D, 0x2C, 0x49, 0x12, 0x54, 0x06, 0x72, 0x51,
    0x9C, 0xAB, 0x0E, 0x07, 0x7F, 0x27, 0xE8, 0xD6, 0x15, 0x83, 0x78, 0x60, 0x3D, 0xB4, 0x1C, 0xF7,
    0xDE, 0xFF, 0x9C, 0xE7, 0x3A, 0x72, 0x14, 0x56, 0x67, 0x1F, 0x49, 0x8A, 0x3D, 0x31, 0x16, 0x21,
    0x03, 0x6B, 0xAA, 0x05, 0xE8, 0x06, 0xE0, 0xB2, 0xD9, 0x02, 0xF5, 0x3E, 0x5B, 0xC4, 0x0B, 0x40,
    0x6A, 0x00, 0x55, 0x21, 0x4C, 0x4E, 0xEB, 0x81, 0xEE, 0x34, 0x33, 0x6A, 0x9F, 0xB9, 0x04, 0x95,
    0xD9, 0xC7, 0x16, 0x2C, 0xA1, 0xD7, 0xE0, 0x08, 0x79, 0x01, 0x48, 0x29, 0x4A, 0x59, 0xA6, 0x34,
    0xA9, 0xAC, 0x9E, 0xED, 0xD3, 0x11, 0x23, 0xFD, 0xC4, 0x2E, 0x06, 0x6F, 0x43, 0x01, 0x62, 0x10,
    0xCE, 0x7F, 0x1F, 0x3B, 0x4E, 0x6E, 0x84, 0x31, 0x09, 0x6F, 0xAF, 0xF9, 0x36, 0xA9, 0x98, 0xEC,
    0x7F, 0x73, 0xB0, 0xE3, 0x8C, 0x7F, 0xAA, 0xB1, 0xA0, 0x39, 0x78, 0xEE, 0xEA, 0x89, 0x27, 0xB1,
    0xD3, 0x20, 0x6A, 0x65, 0xE7, 0x09, 0x07, 0xB0, 0x8E, 0x7C, 0x49, 0x11, 0x74, 0xF1, 0x0A, 0x56,
    0x40, 0x4E, 0xA7, 0x9A, 0xB4, 0xF6, 0x83, 0xB4, 0x40, 0x89, 0x71, 0xA0, 0xB3, 0xD8, 0x9C, 0x3F,
    0xE4, 0x00, 0x79, 0xAD, 0xDD, 0x34, 0xA8, 0x1C, 0x76, 0x71, 0x09, 0x8C, 0xE1, 0x42, 0x17, 0xCA,
    0xC0, 0x41, 0xB1, 0xD5, 0xD8, 0x7E, 0x54, 0x0D, 0x55, 0xA3, 0x21, 0x50, 0x77, 0x39, 0x72, 0x2E,
    0x47, 0xBD, 0x1B, 0x78, 0x50, 0xC7, 0xED, 0x78, 0x4A, 0xBD, 0x0E, 0xE0, 0x5B, 0x06, 0x11, 0x0F,
    0x17, 0xF9, 0xDE, 0xBB, 0x3A, 0x6C, 0xA1, 0x13, 0x9D, 0x95, 0x2E, 0x67, 0x40, 0x5D, 0x11, 0xD9,
    0x29, 0xE7, 0x0B, 0x3F, 0x17, 0x59, 0x78, 0x39, 0xB2, 0xD0, 0x81, 0x1D, 0x96, 0x50, 0x60, 0xDB,
    0x3E, 0x04, 0xD0, 0xEC, 0x33, 0x20, 0xD2, 0xAC, 0x21, 0xA0, 0xC7, 0x70, 0x4C, 0xDF, 0x6F, 0x79,
    0xCB, 0x2C, 0x24, 0xB1, 0x0F, 0x91, 0x28, 0x75, 0xE3, 0x50, 0x96, 0x0D, 0xAF, 0x2F, 0xF0, 0x1D,
    0x6D, 0x00, 0x6F, 0x31, 0x42, 0x25, 0xAB, 0x2A, 0xC3, 0x2A, 0xCA, 0xB7, 0x68, 0xD8, 0x5A, 0x1A,
    0xDC, 0x26, 0xCB, 0xDF, 0x3A, 0x84, 0x8E, 0x57, 0x20, 0x0F, 0x2E, 0x17, 0x96, 0xA7, 0xB4, 0x85,
    0x4C, 0xB9, 0x78, 0xF0, 0x91, 0x61, 0x2C, 0xE6, 0xAC, 0xB4, 0xDB, 0xAC, 0x3A, 0xA6, 0x75, 0xAE,
    0x28, 0x3F, 0xB6, 0xAF, 0xAD, 0xAC, 0x11, 0x22, 0xC8, 0x6B, 0x83, 0x6E, 0x63, 0x0E, 0x5C, 0x39,
    0x33, 0x41, 0x17, 0xB8, 0x89, 0xD2, 0x5A, 0x67, 0x68, 0x18, 0xB2, 0xB3, 0xA4, 0x05, 0x05, 0xDD,
    0xA5, 0x0C, 0x7A, 0x65, 0xA6, 0x9A, 0xED, 0xB2, 0x7A, 0x82, 0x0D, 0x0B, 0xD2, 0xD4, 0xBA, 0xFC,
    0x38, 0x5D, 0x95, 0xFB, 0xD4, 0xA4, 0xEA, 0xC8, 0x80, 0xD7, 0xC2, 0x68, 0x34, 0x58, 0xF8, 0x2B,
    0x5F, 0x6E, 0x9E, 0xF5, 0x3C, 0x72, 0x04, 0x37, 0x46, 0x31, 0x79, 0x86, 0x57, 0x6C, 0x62, 0x70,
    0xA3, 0xC3, 0x58, 0x5C, 0x6B, 0x34, 0xFB, 0x0D, 0xCF, 0xAC, 0xA1, 0x22, 0xAC, 0x3D, 0x53, 0x71,
    0x1B, 0x6A, 0x7A, 0x78, 0xEE, 0x3D, 0x63, 0x47, 0xA1, 0xA3, 0xF8, 0x13, 0x6D, 0xEC, 0xF5, 0xA4,
    0xB2, 0x2C, 0xF7, 0x39, 0x75, 0xF2, 0x7E, 0xAA, 0x5A, 0xDE, 0x4E, 0xE9, 0xE8, 0xA4, 0x7A, 0xBB,
    0x82, 0x1E, 0x24, 0xBA, 0x20, 0x67, 0xA6, 0xB9, 0x82, 0x63, 0xF1, 0xDE, 0x35, 0xA0, 0x4C, 0xD2,
    0x27, 0xFE, 0x55, 0x42, 0xF6, 0x02, 0x86, 0x03, 0xEE, 0x14, 0xD4, 0xB1, 0x9F, 0x0C, 0x6E, 0xFA,
    0x2F, 0x90, 0xD8, 0xF0, 0xD3, 0xA3, 0xF6, 0x54, 0xC1, 0x3D, 0x15, 0xDE, 0x6F, 0x9D, 0x7A, 0x3F,
    0x97, 0xDD, 0x32, 0xAA, 0x8E, 0x3D, 0x25, 0x20, 0x5D, 0xC4, 0xC6, 0xF9, 0x76, 0x12, 0x3B, 0x26,
    0x23, 0x22, 0xCC, 0xE6, 0xB3, 0x01, 0xEF, 0x2F, 0xBD, 0x81, 0xC5, 0xE8, 0x0D, 0xF5, 0xF2, 0x25,
    0x52, 0xEE, 0xF8, 0x05, 0x22, 0x7C, 0xC3, 0xE2, 0xBB, 0x22, 0xB4, 0x39, 0x41, 0xF3, 0x1B, 0x62,
    0x13, 0x22, 0x36, 0x6E, 0xFF, 0x0D, 0x11, 0xAD, 0x0E, 0x3A, 0xE6, 0xF1, 0x40, 0xC8, 0x09, 0xFA,
    0x64, 0x34, 0xC8, 0x01, 0x57, 0xD9, 0x68, 0x08, 0xC5, 0x98, 0xEF, 0x07, 0xAB, 0x3D, 0x6A, 0xB4,
    0x13, 0x9C, 0xAD, 0x86, 0x2B, 0xD7, 0x60, 0xF7, 0x0F, 0x8C, 0x4B, 0x86, 0x23, 0x19, 0x35, 0xE8,
    0x36, 0xF9, 0xFB, 0x7A, 0xA7, 0xBF, 0xBC, 0xD6, 0xEB, 0x2B, 0xD7, 0x76, 0x41, 0xDA, 0xD3, 0x54,
    0x97, 0x69, 0x36, 0x7E, 0x51, 0xD0, 0x4D, 0x1F, 0xBB, 0xB2, 0x64, 0x52, 0x92, 0xE4, 0x53, 0x2C,
    0x3C, 0xAC, 0x3D, 0xF1, 0xB6, 0xE4, 0x95, 0xC7, 0x7B, 0x92, 0x97, 0x24, 0x6E, 0xB3, 0x89, 0x92,
    0x1A, 0x73, 0xD9, 0xD8, 0x8B, 0x51, 0xBB, 0x48, 0x0E, 0xDF, 0x57, 0x90, 0xE4, 0x23, 0xA1, 0x87,
    0x94, 0x95, 0x19, 0xFB, 0xF6, 0xF2, 0x44, 0x9E, 0x64, 0xA8, 0x50, 0x94, 0x97, 0x6B, 0xF4, 0xBC,
    0xBE, 0x2F, 0x28, 0x7D, 0x41, 0x30, 0x71, 0xE6, 0x7C, 0x96, 0xA5, 0xAE, 0x61, 0x38, 0xBE, 0xA2,
    0x29, 0x65, 0xB9, 0x07, 0x13, 0xF1, 0xFF, 0x1F, 0xB5, 0x56, 0xBD, 0x92, 0xDC, 0x44, 0x10, 0x6E,
    0x49, 0x8B, 0x37, 0x58, 0xAA, 0x44, 0x70, 0x31, 0x4A, 0x1C, 0x10, 0x40, 0x29, 0x21, 0xB8, 0xC4,
    0x48, 0xC0, 0x0B, 0x5C, 0xE0, 0x07, 0x20, 0xA4, 0x1C, 0x5F, 0x48, 0x21, 0x3D, 0xC2, 0x3D, 0x02,
    0x01, 0x81, 0x59, 0x02, 0x13, 0x38, 0x94, 0x4F, 0xAA, 0xE2, 0x05, 0x04, 0x21, 0xD1, 0xC6, 0x10,
    0x78, 0xCA, 0x8C, 0xCD, 0x54, 0x21, 0xAD, 0xF8, 0xFA, 0x9B, 0x91, 0x76, 0xEF, 0xD6, 0x57, 0x3E,
    0x07, 0xA8, 0x4E, 0x9F, 0x74, 0xA3, 0x99, 0xEE, 0xFE, 0xFA, 0x77, 0x45, 0x2E, 0x44, 0x24, 0xB2,
    0x80, 0xB5, 0x42, 0xD6, 0x03, 0xAA, 0x12, 0x4B, 0xA3, 0x2E, 0x19, 0x5D, 0xFA, 0x63, 0xBB, 0xFD,
    0xB1, 0x9A, 0xA6, 0xC9, 0xE5, 0x0A, 0x9B, 0x1D, 0xD6, 0x62, 0x07, 0x90, 0x56, 0x21, 0xEF, 0x00,
    0x1B, 0xB3, 0x2C, 0xFE, 0x22, 0xF3, 0x75, 0x90, 0xAC, 0xB2, 0xD2, 0x09, 0x52, 0x8B, 0x09, 0xF2,
    0xC7, 0x7F, 0x8C, 0x24, 0xF6, 0xF5, 0x20, 0xE9, 0x6F, 0xB6, 0x92, 0xE2, 0x4B, 0x9B, 0x75, 0x8F,
    0x22, 0xBB, 0xEE, 0x56, 0x91, 0x8D, 0xC2, 0x89, 0x7B, 0x80, 0x3C, 0x54, 0x78, 0x21, 0xC1, 0x5E,
    0x6F, 0x39, 0x39, 0xD0, 0x74, 0xA9, 0x64, 0xBB, 0xDD, 0x3E, 0xEB, 0x60, 0xF2, 0x64, 0x14, 0xD4,
    0xEC, 0xBC, 0x06, 0xEC, 0x71, 0x27, 0x6A, 0x6A, 0xAA, 0x4B, 0x85, 0x2E, 0x5D, 0xEB, 0x81, 0xF3,
    0xD9, 0xEE, 0x7B, 0x5A, 0x40, 0x73, 0x69, 0x38, 0x29, 0x90, 0x0C, 0x69, 0x91, 0xA0, 0xA7, 0x4A,
    0xD2, 0xC9, 0xB8, 0xD8, 0xAC, 0x2E, 0x91, 0x32, 0xA8, 0x81, 0x7A, 0xE3, 0x9D, 0x1C, 0x0F, 0x81,
    0x40, 0x1B, 0xD8, 0xC0, 0xA9, 0x64, 0x01, 0xBF, 0x32, 0x06, 0xD8, 0xA0, 0x61, 0xD8, 0xFE, 0xD4,
    0x8A, 0x46, 0x02, 0x57, 0x97, 0xFB, 0x67, 0xC9, 0x78, 0xC8, 0xE8, 0xBD, 0xAF, 0xFC, 0xDB, 0x20,
    0x4B, 0x03, 0xA3, 0xB2, 0x20, 0x83, 0xB2, 0x62, 0xE8, 0xA1, 0x11, 0x60, 0x7C, 0xB5, 0x04, 0x49,
    0xBD, 0x96, 0xE8, 0x72, 0xAA, 0x7B, 0x0A, 0xB5, 0x77, 0xFF, 0xB2, 0x97, 0xE4, 0xCD, 0xDF, 0x56,
    0xD2, 0xDF, 0xCD, 0x28, 0xC5, 0x57, 0xA6, 0x2A, 0x1F, 0xC5, 0x26, 0x93, 0x55, 0x6C, 0x56, 0x14,
    0x73, 0x1F, 0x58, 0x29, 0xE0, 0x58, 0xAA, 0x02, 0x8A, 0x92, 0xA2, 0x92, 0x57, 0x10, 0x2A, 0xFB,
    0xBF, 0xFA, 0xA0, 0x88, 0x2A, 0xA9, 0x9C, 0x66, 0xE8, 0x05, 0x46, 0xFE, 0x6E, 0x71, 0x83, 0xC0,
    0x04, 0x29, 0x6F, 0xE0, 0x1D, 0x07, 0x56, 0x0E, 0x8C, 0x1C, 0xD8, 0x38, 0x78, 0xC3, 0x81, 0xA6,
    0x03, 0xC5, 0xC7, 0xB2, 0xC1, 0xD1, 0x58, 0x83, 0x28, 0x9B, 0x69, 0xB2, 0xF3, 0x0D, 0x17, 0xA8,
    0x2B, 0x2C, 0x3C, 0x67, 0x65, 0x63, 0xAD, 0xE4, 0xBD, 0x95, 0xB6, 0xB4, 0xF1, 0x28, 0x76, 0x63,
    0xC5, 0xE6, 0xBD, 0xD8, 0xA2, 0x94, 0x8B, 0x0F, 0x83, 0x5E, 0x10, 0x93, 0x8F, 0x7D, 0x3A, 0x58,
    0xE4, 0x85, 0x4D, 0x06, 0xB1, 0x32, 0xE1, 0x2E, 0x3A, 0xF8, 0xC1, 0x58, 0x49, 0x20, 0x47, 0xAE,
    0x71, 0xE7, 0x90, 0xFF, 0xEC, 0x48, 0x8F, 0x5E, 0xEB, 0xCE, 0xC1, 0xE5, 0x4E, 0xAA, 0xDA, 0x45,
    0x7B, 0x71, 0x88, 0x82, 0x43, 0x04, 0x1C, 0xBC, 0xFF, 0x1A, 0x14, 0xFF, 0xC5, 0x2E, 0x72, 0xF9,
    0x79, 0x5A, 0xF8, 0xC9, 0x9C, 0x8D, 0x78, 0x38, 0xFF, 0x50, 0x67, 0x18, 0x86, 0x4F, 0x5D, 0x92,
    0x97, 0x92, 0x82, 0x59, 0x56, 0x33, 0x86, 0x59, 0xCD, 0x10, 0xE6, 0x25, 0xB3, 0xA1, 0x95, 0xEC,
    0x25, 0x84, 0x8C, 0x3E, 0x17, 0xE0, 0x06, 0x7D, 0xD4, 0xE2, 0x33, 0x21, 0x94, 0x61, 0xA8, 0xCE,
    0x50, 0x9F, 0xA1, 0x42, 0x0F, 0x1F, 0x7F, 0x90, 0xC3, 0x15, 0x5D, 0xFB, 0x1D, 0xFB, 0x83, 0x1D,
    0x70, 0x44, 0x09, 0x56, 0xAC, 0x2F, 0x3D, 0xD9, 0x30, 0x05, 0xF5, 0xA1, 0x62, 0xB5, 0xE8, 0xB2,
    0x4E, 0xB7, 0x48, 0x62, 0xA8, 0x7D, 0x3F, 0xAA, 0xF7, 0x95, 0x58, 0xD4, 0xD2, 0x32, 0xEA, 0xF2,
    0xDE, 0x49, 0x7D, 0x6C, 0x0B, 0xCF, 0xD6, 0x2B, 0x49, 0xBC, 0x19, 0xC1, 0xE2, 0xA4, 0x96, 0x5B,
    0x17, 0x6B, 0x5B, 0x2E, 0x97, 0x6A, 0xF4, 0x85, 0x2D, 0x19, 0x89, 0x92, 0x75, 0xED, 0x49, 0x23,
    0x96, 0x92, 0xD6, 0x31, 0x51, 0x9E, 0x13, 0x1F, 0x12, 0xE5, 0x7D, 0xF0, 0x83, 0x72, 0xD1, 0x1C,
    0x1F, 0x59, 0x94, 0xEC, 0x82, 0xAD, 0xAA, 0x71, 0x2F, 0x2D, 0xEB, 0xAD, 0xE5, 0x7B, 0xC3, 0xF5,
    0x86, 0x7B, 0x1A, 0xEE, 0x6F, 0x78, 0xB6, 0xE1, 0xF1, 0xFB, 0xE0, 0x19, 0xF1, 0xDB, 0x77, 0xED,
    0x8C, 0x88, 0x49, 0x49, 0xEC, 0x89, 0x56, 0xDA, 0x13, 0x7B, 0x16, 0x9F, 0x06, 0x9B, 0xEB, 0x03,
    0x17, 0x6D, 0x29, 0xE8, 0x17, 0xBA, 0x3D, 0x00, 0x1C, 0xFF, 0xBE, 0xB0, 0xD1, 0x73, 0x31, 0x13,
    0xB7, 0xD5, 0x66, 0x95, 0x9B, 0xF9, 0x6B, 0x50, 0xF2, 0xA0, 0xBC, 0xD3, 0xC1, 0x67, 0xC4, 0x4B,
    0xC5, 0x88, 0x81, 0x5A, 0x13, 0xDF, 0x1E, 0xCC, 0x25, 0x6D, 0x9E, 0x1F, 0x25, 0xC2, 0xF1, 0x75,
    0x36, 0x67, 0xC6, 0xD1, 0xD0, 0x9A, 0xAE, 0xB4, 0xA3, 0x0C, 0x4C, 0x10, 0xE4, 0xAD, 0xAD, 0xD0,
    0x3E, 0xAD, 0xE6, 0xED, 0xA5, 0x0A, 0x3B, 0x13, 0x7A, 0x66, 0xA0, 0x47, 0xBF, 0x98, 0x61, 0x28,
    0x00, 0x0E, 0xF5, 0x95, 0x68, 0xC1, 0x6F, 0x76, 0xE8, 0xD2, 0x55, 0x17, 0xB1, 0x36, 0x0B, 0xD4,
    0x94, 0x3C, 0x98, 0xAE, 0x6E, 0x64, 0xE3, 0x67, 0x2C, 0x0E, 0x65, 0x89, 0xDE, 0x81, 0xAF, 0x56,
    0xDD, 0x3A, 0x48, 0xA4, 0x4D, 0x60, 0xED, 0xB0, 0x96, 0xF6, 0xB9, 0x16, 0xEA, 0xA7, 0x38, 0x2F,
    0x1F, 0x89, 0xA8, 0x8E, 0x03, 0xBC, 0x4D, 0xA5, 0x39, 0x55, 0xB9, 0x14, 0xC2, 0x37, 0x4A, 0xD0,
    0x2D, 0x23, 0xB8, 0xE3, 0x40, 0x13, 0xD5, 0x86, 0x09, 0xBC, 0xCC, 0x62, 0x0E, 0xBE, 0x7C, 0x59,
    0x8B, 0xD9, 0x0D, 0x2A, 0x99, 0x4F, 0xF0, 0x2C, 0xA5, 0x50, 0xDE, 0xED, 0xFA, 0x3A, 0x9D, 0x9D,
    0x2C, 0x5D, 0x66, 0x95, 0xCE, 0xCE, 0x9E, 0x6D, 0x83, 0x6F, 0x5C, 0x0B, 0x85, 0x7D, 0xF3, 0x77,
    0x82, 0x97, 0x72, 0x1A, 0x26, 0x34, 0x98, 0xCE, 0xF7, 0x9B, 0xC4, 0xF8, 0xF6, 0xC3, 0x21, 0xA7,
    0xDD, 0xA8, 0x0D, 0xCD, 0x29, 0x67, 0x46, 0xE9, 0x7C, 0x0E, 0xCD, 0x63, 0x90, 0xFC, 0x4F, 0xA8,
    0xDB, 0xB6, 0x5E, 0x32, 0x7A, 0xEF, 0xFC, 0xFF, 0xFC, 0x7D, 0xDE, 0x3F, 0x9F, 0x5F, 0xE4, 0xCD,
    0xF2, 0xA3, 0xA0, 0x4F, 0x09, 0x77, 0x37, 0x2D, 0x3A, 0xD7, 0xE6, 0x93, 0x4C, 0x75, 0x3A, 0xED,
    0xE0, 0xED, 0x27, 0xD7, 0x4F, 0xE5, 0x3B, 0xD1, 0xBF, 0x17, 0xC8, 0x1A, 0x83, 0xBF, 0xDB, 0xEF,
    0xCB, 0xDF, 0x27, 0x47, 0xEF, 0x77, 0x6F, 0x7E, 0xB2, 0x7F, 0x0A, 0xB1, 0x10, 0x0E, 0x15, 0xDA,
    0xE5, 0xCE, 0x7D, 0x01, 0xAF, 0x88, 0x9F, 0x13, 0xD5, 0x71, 0x0D, 0xE7, 0x5D, 0xA3, 0xC9, 0xBF,
    0x6B, 0x0A, 0xA2, 0x7F, 0xA7, 0x5B, 0x1B, 0x26, 0x7F, 0xC3, 0xE4, 0x6F, 0xE8, 0xD5, 0xC7, 0x73,
    0x93, 0x66, 0x65, 0xC7, 0x1D, 0xD1, 0x10, 0x87, 0x64, 0xA7, 0xC5, 0xEF, 0xF1, 0x57, 0xE2, 0xD7,
    0xBA, 0x3E, 0xF2, 0xAB, 0x25, 0xF6, 0xC4, 0xD2, 0x77, 0x85, 0xE8, 0x62, 0xF6, 0xC5, 0x9A, 0xFE,
    0x65, 0x10, 0xA5, 0xE2, 0x0F, 0x9A, 0xC1, 0xFF, 0xDE, 0x2B, 0x38, 0x6C, 0xB4, 0x65, 0x7F, 0xAF,
    0x8D, 0x46, 0x93, 0x67, 0x94, 0xF5, 0x4E, 0xE7, 0x41, 0x36, 0x95, 0xEB, 0xA9, 0xAF, 0x14, 0x31,
    0x12, 0x4B, 0x9D, 0x0E, 0xEF, 0x40, 0xF6, 0x1A, 0x8F, 0xFF, 0xA3, 0xDE, 0x53, 0x2D, 0x7E, 0xEC,
    0x1C, 0xAD, 0xDF, 0xB1, 0xFF, 0x3F, 0xDD, 0x95, 0x3D, 0x8E, 0xD4, 0x40, 0x10, 0x85, 0x5F, 0xDB,
    0x62, 0x1D, 0x38, 0x70, 0x02, 0xD1, 0x06, 0x26, 0xE5, 0x47, 0x9A, 0x0B, 0xB0, 0x63, 0x4B, 0x5C,
    0x60, 0x6F, 0x00, 0xF1, 0x12, 0x4C, 0x42, 0xB8, 0xAC, 0x7D, 0x03, 0xE6, 0x08, 0x1B, 0xC2, 0x10,
    0x80, 0x88, 0x40, 0x5A, 0xB6, 0xCD, 0x0D, 0x7C, 0x03, 0x1C, 0x4C, 0x8E, 0x91, 0x0C, 0xF2, 0x82,
    0x3D, 0xC5, 0xAB, 0x6E, 0x7B, 0x16, 0x42, 0x24, 0x48, 0x98, 0x99, 0xEA, 0x29, 0xB7, 0xAB, 0xBA,
    0xAB, 0xBF, 0x7E, 0x6D, 0x1B, 0x5B, 0x22, 0x92, 0x0E, 0xA1, 0x8C, 0x30, 0x46, 0x00, 0x64, 0x25,
    0x90, 0x56, 0xB0, 0xCF, 0xAB, 0x50, 0xA4, 0x4E, 0x68, 0x0B, 0x7E, 0xB3, 0x32, 0xA9, 0xB3, 0x7C,
    0x6F, 0xD5, 0xA2, 0x4C, 0xAB, 0x54, 0x3D, 0x11, 0xE6, 0x0E, 0x40, 0xD1, 0xC0, 0x7D, 0x16, 0xDB,
    0x07, 0x81, 0x48, 0x1B, 0x8B, 0x54, 0x69, 0xB3, 0x68, 0xB2, 0x72, 0xD1, 0x66, 0x78, 0xDB, 0x9D,
    0x05, 0x1F, 0xFB, 0xB3, 0xD8, 0xF4, 0xD9, 0xFD, 0xA0, 0xCB, 0xDA, 0xA8, 0x4D, 0x9B, 0xB4, 0x61,
    0x6E, 0xB5, 0x64, 0xFE, 0x9B, 0xD5, 0xD6, 0xE7, 0x86, 0x1C, 0x07, 0xF1, 0x8E, 0x4D, 0x22, 0xAE,
    0xC9, 0x39, 0xDE, 0x6B, 0xD6, 0x93, 0x3D, 0xAA, 0x38, 0x43, 0x52, 0x03, 0x97, 0x31, 0xE7, 0x19,
    0xC3, 0x16, 0x66, 0x08, 0x3B, 0x04, 0x7D, 0x30, 0x80, 0xFF, 0x03, 0xA2, 0x16, 0x23, 0x92, 0x06,
    0x16, 0x8C, 0xCA, 0xB0, 0x10, 0x91, 0x32, 0x63, 0x53, 0x69, 0x53, 0x17, 0xAC, 0x88, 0xD6, 0xA9,
    0x9D, 0x31, 0xE1, 0x6F, 0xD8, 0x2D, 0x98, 0xE3, 0x79, 0x4C, 0x4E, 0xD2, 0xA5, 0xAC, 0x2E, 0x6E,
    0x81, 0x40, 0x17, 0x31, 0x83, 0xD4, 0x92, 0xA3, 0xCE, 0x77, 0x1A, 0x1A, 0x6B, 0xD5, 0x2A, 0x91,
    0x71, 0x3D, 0xD6, 0x77, 0x45, 0x73, 0x97, 0xC8, 0x50, 0x4C, 0x76, 0xB2, 0xD9, 0xE4, 0x56, 0xC4,
    0x19, 0xA3, 0xD6, 0x4C, 0xE4, 0xC8, 0x21, 0xA3, 0x62, 0x26, 0x26, 0x6A, 0xBA, 0x4B, 0x3A, 0x09,
    0x6D, 0x09, 0x5B, 0x9D, 0xC2, 0xD6, 0x17, 0xB0, 0x6D, 0x8F, 0xE0, 0x4B, 0x07, 0xF3, 0x8D, 0xE1,
    0x3F, 0x18, 0x6E, 0x6B, 0x3F, 0x97, 0xD6, 0x72, 0x83, 0x23, 0xBD, 0xC7, 0xC1, 0x96, 0x5C, 0x09,
    0x84, 0xF3, 0x7D, 0x25, 0x9E, 0xE2, 0xA1, 0x8C, 0x49, 0x33, 0xC2, 0x36, 0x61, 0x3B, 0x30, 0x54,
    0xDB, 0x82, 0xBE, 0x0D, 0xA4, 0x8F, 0x9B, 0x4C, 0xBE, 0x33, 0x26, 0x91, 0xA6, 0x90, 0x3C, 0xD8,
    0x21, 0xEE, 0x81, 0x83, 0x35, 0xB2, 0x16, 0xA2, 0xB8, 0x59, 0xFD, 0x1F, 0xFF, 0x58, 0x5F, 0x8F,
    0x7B, 0x1D, 0x8A, 0x16, 0x45, 0x89, 0x67, 0x22, 0xCF, 0xDC, 0xCE, 0xAB, 0x63, 0xCE, 0xCD, 0x71,
    0xB2, 0x0B, 0xDB, 0x85, 0x7C, 0x6E, 0xB2, 0x58, 0xAA, 0x3B, 0xB8, 0x74, 0xF7, 0xA2, 0xDE, 0x9C,
    0xA7, 0x12, 0xB6, 0x19, 0xFB, 0x97, 0xD1, 0xD4, 0x6F, 0x94, 0xB4, 0x32, 0xA9, 0x41, 0x60, 0xB9,
    0xDA, 0x89, 0xDD, 0x50, 0x2E, 0x4C, 0x38, 0x02, 0x4E, 0x76, 0x9B, 0x7D, 0x7F, 0x30, 0xA1, 0x8B,
    0x2A, 0x1D, 0xCD, 0x10, 0xE8, 0x2A, 0xA7, 0x40, 0xF2, 0x43, 0xB9, 0x82, 0xBD, 0xF2, 0x8C, 0xB8,
    0x3E, 0x1C, 0x08, 0x95, 0x17, 0x29, 0xF0, 0xC3, 0x5C, 0x23, 0x7F, 0xDD, 0x84, 0x63, 0x5E, 0x5F,
    0xB2, 0xD7, 0x8E, 0xBC, 0xCB, 0x3C, 0x36, 0x39, 0x8C, 0xE4, 0xC6, 0x4A, 0xBE, 0x12, 0xCA, 0x8E,
    0x0A, 0x7E, 0xEF, 0x45, 0x8C, 0xDF, 0x37, 0x0F, 0x37, 0x5E, 0xBA, 0xD1, 0xC0, 0x53, 0x31, 0xFA,
    0x13, 0xA2, 0x8A, 0xD4, 0x4A, 0x64, 0x8B, 0x95, 0x53, 0xFC, 0x95, 0x5E, 0xA8, 0xD6, 0xB5, 0x5B,
    0x75, 0x64, 0xDD, 0x69, 0xE8, 0x9C, 0x3E, 0xF8, 0x19, 0xDC, 0xF6, 0xBB, 0xDD, 0xD6, 0xFD, 0xE7,
    0x2E, 0xA4, 0xB9, 0x0A, 0xA0, 0x57, 0x2D, 0xE8, 0x8A, 0xE9, 0x44, 0xF5, 0xD2, 0x3B, 0x61, 0x73,
    0xE4, 0x9D, 0xA0, 0x3D, 0xF5, 0x8E, 0x69, 0x2F, 0xBC, 0x83, 0xEE, 0x1D, 0xEE, 0x6E, 0x76, 0x9B,
    0xB5, 0x3A, 0x7A, 0x30, 0x9A, 0x5F, 0x9C, 0x7D, 0xCC, 0x94, 0x85, 0xEB, 0xF4, 0xFD, 0x80, 0xD3,
    0x5C, 0x61, 0x9D, 0xE6, 0xCE, 0x89, 0xAB, 0xC4, 0xD7, 0x93, 0x94, 0x51, 0x33, 0x55, 0x18, 0x74,
    0xCE, 0xF9, 0xC0, 0x63, 0xEA, 0x96, 0xDD, 0x7B, 0xF5, 0x21, 0xE1, 0x12, 0x12, 0xBD, 0xC7, 0x7D,
    0xE7, 0x23, 0x23, 0xF7, 0x07, 0x9D, 0xE4, 0x5F, 0x89, 0xCB, 0x88, 0xC4, 0xF3, 0x02, 0x9E, 0xC8,
    0xDA, 0x93, 0xFC, 0xFB, 0xE8, 0x30, 0xA3, 0xC3, 0x8C, 0x0E, 0x33, 0x3A, 0xCC, 0xE8, 0x30, 0xA3,
    0xC3, 0x8C, 0x0E, 0x1E, 0x9D, 0xD9, 0x6C, 0x5E, 0x38, 0xC7, 0xD7, 0x73, 0xED, 0xEC, 0x63, 0xA6,
    0x2C, 0x5C, 0xA7, 0xEF, 0x07, 0x9C, 0xE6, 0xF2, 0xE8, 0x30, 0xA3, 0xC3, 0xFF, 0x80, 0xEE, 0x0D,
    0x9E, 0x3A, 0x74, 0xC1, 0x60, 0x46, 0x8F, 0x4E, 0xA2, 0xDE, 0xA3, 0xCB, 0x3E, 0x35, 0x0E, 0x14,
    0x9F, 0x39, 0xA5, 0x77, 0xC2, 0x9D, 0x87, 0xC9, 0xA2, 0xE1, 0xD1, 0xA5, 0x52, 0x79, 0x74, 0xC5,
    0xF3, 0xD6, 0xA1, 0x33, 0x3B, 0xBE, 0x08, 0x14, 0x1D, 0x9F, 0x16, 0x83, 0x47, 0xF7, 0x18, 0xB7,
    0xFF, 0x0B, 0x74, 0x37, 0x67, 0x74, 0xCB, 0x59, 0x75, 0xBB, 0x49, 0x75, 0xE1, 0x30, 0xA9, 0x8E,
    0xEF, 0x10, 0xAF, 0xBA, 0x45, 0xE5, 0x41, 0xA1, 0xC8, 0xBD, 0x63, 0xC6, 0x09, 0x5D, 0xD8, 0x4F,
    0xE8, 0xF4, 0xBD, 0xE1, 0xD0, 0xE9, 0x33, 0xDE, 0xA9, 0xCE, 0x4E, 0xAA, 0x73, 0x85, 0x28, 0x3A,
    0x7D, 0xE3, 0x38, 0x74, 0xA6, 0xF9, 0xC7, 0xE8, 0x7E, 0x02,
};

static const EpdGlyph inksans_12_boldGlyphs[] = {
    { 0, 0, 234, 0, 0, 0, 0 }, // U+0000
    { 0, 0, 104, 0, 0, 0, 0 }, // U+000D
    { 0, 0, 101, 0, 0, 0, 0 }, // U+0020
    { 4, 18, 129, 2, 18, 18, 0 }, // !
    { 9, 7, 209, 2, 18, 16, 18 }, // "
    { 16, 18, 257, 0, 18, 72, 34 }, // #
    { 15, 24, 260, 1, 21, 90, 106 }, // $
    { 21, 18, 402, 2, 18, 95, 196 }, // %
    { 16, 18, 265, 1, 18, 72, 291 }, // &
    { 4, 7, 130, 2, 18, 7, 363 }, // '
    { 7, 23, 149, 2, 20, 41, 370 }, // (
    { 8, 23, 149, 0, 20, 46, 411 }, // )
    { 11, 10, 216, 1, 18, 28, 457 }, // *
    { 13, 12, 269, 2, 14, 39, 485 }, // +
    { 5, 7, 128, 1, 3, 9, 524 }, // ,
    { 9, 3, 186, 1, 9, 7, 533 }, // -
    { 4, 4, 128, 2, 4, 4, 540 }, // .
    { 10, 22, 152, 0, 19, 55, 544 }, // /
    { 15, 18, 264, 1, 18, 68, 599 }, // 0
    { 8, 18, 169, 1, 18, 36, 667 }, // 1
    { 14, 18, 249, 1, 18, 63, 703 }, // 2
    { 14, 18, 254, 1, 18, 63, 766 }, // 3
    { 15, 18, 266, 1, 18, 68, 829 }, // 4
    { 14, 18, 245, 1, 18, 63, 897 }, // 5
    { 14, 18, 256, 1, 18, 63, 960 }, // 6
    { 13, 18, 230, 1, 18, 59, 1023 }, // 7
    { 14, 18, 256, 1, 18, 63, 1082 }, // 8
    { 14, 18, 256, 1, 18, 63, 1145 }, // 9
    { 4, 13, 128, 2, 13, 13, 1208 }, // :
    { 6, 17, 132, 1, 13, 26, 1221 }, // ;
    { 13, 15, 269, 2, 15, 49, 1247 }, // <
    { 13, 9, 269, 2, 12, 30, 1296 }, // =
    { 13, 15, 269, 2, 15, 49, 1326 }, // >
    { 13, 18, 217, 0, 18, 59, 1375 }, // ?
    { 23, 23, 400, 1, 18, 133, 1434 }, // @
    { 18, 18, 291, 0, 18, 81, 1567 }, // A
    { 15, 18, 264, 1, 18, 68, 1648 }, // B
    { 17, 18, 295, 1, 18, 77, 1716 }, // C
    { 16, 18, 289, 1, 18, 72, 1793 }, // D
    { 13, 18, 242, 1, 18, 59, 1865 }, // E
    { 13, 18, 235, 1, 18, 59, 1924 }, // F
    { 17, 18, 300, 1, 18, 77, 1983 }, // G
    { 16, 18, 298, 1, 18, 72, 2060 }, // H
    { 5, 18, 111, 1, 18, 23, 2132 }, // I
    { 13, 18, 232, 0, 18, 59, 2155 }, // J
    { 16, 18, 281, 1, 18, 72, 2214 }, // K
    { 13, 18, 226, 1, 18, 59, 2286 }, // L
    { 21, 18, 369, 1, 18, 95, 2345 }, // M
    { 17, 18, 304, 1, 18, 77, 2440 }, // N
    { 17, 18, 307, 1, 18, 77, 2517 }, // O
    { 15, 18, 258, 1, 18, 68, 2594 }, // P
    { 17, 20, 309, 1, 18, 85, 2662 }, // Q
    { 15, 18, 261, 1, 18, 68, 2747 }, // R
    { 15, 18, 260, 1, 18, 68, 2815 }, // S
    { 15, 18, 264, 1, 18, 68, 2883 }, // T
    { 16, 18, 294, 1, 18, 72, 2951 }, // U
    { 18, 18, 291, 0, 18, 81, 3023 }, // V
    { 25, 18, 408, 0, 18, 113, 3104 }, // W
    { 18, 18, 288, 0, 18, 81, 3217 }, // X
    { 18, 18, 285, 0, 18, 81, 3298 }, // Y
    { 14, 18, 261, 1, 18, 63, 3379 }, // Z
    { 6, 23, 149, 2, 20, 35, 3442 }, // [
    { 10, 22, 152, 0, 19, 55, 3477 }, // <backslash>
    { 6, 23, 149, 1, 20, 35, 3532 }, // ]
    { 12, 8, 193, 0, 18, 24, 3567 }, // ^
    { 12, 3, 188, 0, 0, 9, 3591 }, // _
    { 6, 4, 140, 1, 20, 6, 3600 }, // `
    { 13, 14, 230, 0, 14, 46, 3606 }, // a
    { 14, 18, 250, 1, 18, 63, 3652 }, // b
    { 13, 14, 233, 1, 14, 46, 3715 }, // c
    { 13, 18, 250, 1, 18, 59, 3761 }, // d
    { 13, 14, 237, 1, 14, 46, 3820 }, // e
    { 10, 19, 155, 0, 19, 48, 3866 }, // f
    { 13, 19, 250, 1, 14, 62, 3914 }, // g
    { 13, 18, 245, 1, 18, 59, 3976 }, // h
    { 5, 20, 105, 1, 20, 25, 4035 }, // i
    { 7, 25, 105, -1, 20, 44, 4060 }, // j
    { 14, 18, 228, 1, 18, 63, 4104 }, // k
    { 4, 18, 105, 1, 18, 18, 4167 }, // l
    { 20, 14, 360, 1, 14, 70, 4185 }, // m
    { 13, 14, 245, 1, 14, 46, 4255 }, // n
    { 14, 14, 244, 1, 14, 49, 4301 }, // o
    { 14, 19, 250, 1, 14, 67, 4350 }, // p
    { 13, 19, 250, 1, 14, 62, 4417 }, // q
    { 9, 15, 159, 1, 15, 34, 4479 }, // r
    { 12, 14, 220, 1, 14, 42, 4513 }, // s
    { 9, 18, 141, 0, 18, 41, 4555 }, // t
    { 13, 14, 245, 1, 14, 46, 4596 }, // u
    { 15, 14, 235, 0, 14, 53, 4642 }, // v
    { 21, 14, 336, 0, 14, 74, 4695 }, // w
    { 14, 14, 228, 0, 14, 49, 4769 }, // x
    { 15, 19, 235, 0, 14, 72, 4818 }, // y
    { 12, 14, 226, 1, 14, 42, 4890 }, // z
    { 10, 23, 182, 1, 20, 58, 4932 }, // {
    { 3, 31, 144, 3, 25, 24, 4990 }, // |
    { 9, 23, 182, 1, 20, 52, 5014 }, // }
    { 14, 5, 269, 1, 10, 18, 5066 }, // ~
    { 0, 0, 101, 0, 0, 0, 0 }, // U+00A0
    { 4, 19, 129, 2, 14, 19, 0 }, // U+00A1
    { 13, 18, 233, 1, 18, 59, 19 }, // U+00A2
    { 14, 18, 252, 1, 18, 63, 78 }, // U+00A3
    { 17, 17, 300, 1, 16, 73, 141 }, // U+00A4
    { 14, 18, 225, 0, 18, 63, 214 }, // U+00A5
    { 4, 21, 126, 2, 18, 21, 277 }, // U+00A6
    { 12, 23, 227, 1, 18, 69, 298 }, // U+00A7
    { 10, 3, 245, 3, 19, 8, 367 }, // U+00A8
    { 19, 19, 366, 2, 19, 91, 375 }, // U+00A9
    { 11, 11, 184, 0, 19, 31, 466 }, // U+00AA
    { 14, 12, 254, 1, 14, 42, 497 }, // U+00AB
    { 12, 6, 269, 2, 10, 18, 539 }, // U+00AC
    { 15, 14, 265, 1, 18, 53, 557 }, // U+00AE
    { 8, 3, 181, 2, 19, 6, 610 }, // U+00AF
    { 9, 9, 183, 1, 19, 21, 616 }, // U+00B0
    { 13, 13, 269, 2, 14, 43, 637 }, // U+00B1
    { 10, 10, 181, 1, 21, 25, 680 }, // U+00B2
    { 10, 10, 185, 1, 21, 25, 705 }, // U+00B3
    { 5, 4, 140, 2, 20, 5, 730 }, // U+00B4
    { 15, 19, 246, 1, 14, 72, 735 }, // U+00B5
    { 13, 18, 240, 1, 18, 59, 807 }, // U+00B6
    { 4, 4, 128, 2, 11, 4, 866 }, // U+00B7
    { 6, 7, 133, 2, 1, 11, 870 }, // U+00B8
    { 6, 10, 129, 1, 21, 15, 881 }, // U+00B9
    { 12, 11, 195, 0, 19, 33, 896 }, // U+00BA
    { 15, 12, 254, 0, 14, 45, 929 }, // U+00BB
    { 20, 18, 332, 0, 18, 90, 974 }, // U+00BC
    { 21, 18, 348, 0, 18, 95, 1064 }, // U+00BD
    { 21, 18, 363, 1, 18, 95, 1159 }, // U+00BE
    { 12, 19, 217, 1, 14, 57, 1254 }, // U+00BF
    { 18, 25, 291, 0, 25, 113, 1311 }, // U+00C0
    { 18, 25, 291, 0, 25, 113, 1424 }, // U+00C1
    { 18, 25, 291, 0, 25, 113, 1537 }, // U+00C2
    { 18, 24, 291, 0, 24, 108, 1650 }, // U+00C3
    { 18, 24, 291, 0, 24, 108, 1758 }, // U+00C4
    { 18, 25, 291, 0, 25, 113, 1866 }, // U+00C5
    { 24, 18, 405, 0, 18, 108, 1979 }, // U+00C6
    { 17, 24, 295, 1, 18, 102, 2087 }, // U+00C7
    { 13, 25, 242, 1, 25, 82, 2189 }, // U+00C8
    { 13, 25, 242, 1, 25, 82, 2271 }, // U+00C9
    { 13, 25, 242, 1, 25, 82, 2353 }, // U+00CA
    { 13, 24, 242, 1, 24, 78, 2435 }, // U+00CB
    { 7, 25, 111, -1, 25, 44, 2513 }, // U+00CC
    { 7, 25, 111, 1, 25, 44, 2557 }, // U+00CD
    { 11, 25, 111, -2, 25, 69, 2601 }, // U+00CE
    { 9, 24, 111, -1, 24, 54, 2670 }, // U+00CF
    { 18, 18, 301, 0, 18, 81, 2724 }, // U+00D0
    { 17, 24, 304, 1, 24, 102, 2805 }, // U+00D1
    { 17, 25, 307, 1, 25, 107, 2907 }, // U+00D2
    { 17, 25, 307, 1, 25, 107, 3014 }, // U+00D3
    { 17, 25, 307, 1, 25, 107, 3121 }, // U+00D4
    { 17, 24, 307, 1, 24, 102, 3228 }, // U+00D5
    { 17, 24, 307, 1, 24, 102, 3330 }, // U+00D6
    { 13, 13, 269, 2, 14, 43, 3432 }, // U+00D7
    { 17, 20, 307, 1, 19, 85, 3475 }, // U+00D8
    { 16, 25, 294, 1, 25, 100, 3560 }, // U+00D9
    { 16, 25, 294, 1, 25, 100, 3660 }, // U+00DA
    { 16, 25, 294, 1, 25, 100, 3760 }, // U+00DB
    { 16, 24, 294, 1, 24, 96, 3860 }, // U+00DC
    { 18, 25, 285, 0, 25, 113, 3956 }, // U+00DD
    { 14, 18, 263, 1, 18, 63, 4069 }, // U+00DE
    { 14, 18, 257, 1, 18, 63, 4132 }, // U+00DF
    { 13, 20, 230, 0, 20, 65, 4195 }, // U+00E0
    { 13, 20, 230, 0, 20, 65, 4260 }, // U+00E1
    { 13, 20, 230, 0, 20, 65, 4325 }, // U+00E2
    { 13, 19, 230, 0, 19, 62, 4390 }, // U+00E3
    { 13, 19, 230, 0, 19, 62, 4452 }, // U+00E4
    { 13, 21, 230, 0, 21, 69, 4514 }, // U+00E5
    { 22, 14, 365, 0, 14, 77, 4583 }, // U+00E6
    { 13, 20, 233, 1, 14, 65, 4660 }, // U+00E7
    { 13, 20, 237, 1, 20, 65, 4725 }, // U+00E8
    { 13, 20, 237, 1, 20, 65, 4790 }, // U+00E9
    { 13, 20, 237, 1, 20, 65, 4855 }, // U+00EA
    { 13, 19, 237, 1, 19, 62, 4920 }, // U+00EB
    { 6, 20, 105, -1, 20, 30, 4982 }, // U+00EC
    { 6, 20, 105, 1, 20, 30, 5012 }, // U+00ED
    { 10, 20, 105, -2, 20, 50, 5042 }, // U+00EE
    { 10, 19, 105, -2, 19, 48, 5092 }, // U+00EF
    { 13, 21, 238, 1, 21, 69, 5140 }, // U+00F0
    { 13, 19, 245, 1, 19, 62, 5209 }, // U+00F1
    { 14, 20, 244, 1, 20, 70, 5271 }, // U+00F2
    { 14, 20, 244, 1, 20, 70, 5341 }, // U+00F3
    { 14, 20, 244, 1, 20, 70, 5411 }, // U+00F4
    { 14, 19, 244, 1, 19, 67, 5481 }, // U+00F5
    { 14, 19, 244, 1, 19, 67, 5548 }, // U+00F6
    { 13, 14, 269, 2, 14, 46, 5615 }, // U+00F7
    { 14, 16, 244, 1, 15, 56, 5661 }, // U+00F8
    { 13, 20, 245, 1, 20, 65, 5717 }, // U+00F9
    { 13, 20, 245, 1, 20, 65, 5782 }, // U+00FA
    { 13, 20, 245, 1, 20, 65, 5847 }, // U+00FB
    { 13, 19, 245, 1, 19, 62, 5912 }, // U+00FC
    { 15, 25, 235, 0, 20, 94, 5974 }, // U+00FD
    { 14, 23, 250, 1, 18, 81, 6068 }, // U+00FE
    { 15, 24, 235, 0, 19, 90, 6149 }, // U+00FF
    { 18, 24, 291, 0, 24, 108, 0 }, // U+0100
    { 13, 19, 230, 0, 19, 62, 108 }, // U+0101
    { 18, 25, 291, 0, 25, 113, 170 }, // U+0102
    { 13, 20, 230, 0, 20, 65, 283 }, // U+0103
    { 19, 23, 291, 0, 18, 110, 348 }, // U+0104
    { 14, 19, 230, 0, 14, 67, 458 }, // U+0105
    { 17, 25, 295, 1, 25, 107, 525 }, // U+0106
    { 13, 20, 233, 1, 20, 65, 632 }, // U+0107
    { 17, 25, 295, 1, 25, 107, 697 }, // U+0108
    { 13, 20, 233, 1, 20, 65, 804 }, // U+0109
    { 17, 25, 295, 1, 25, 107, 869 }, // U+010A
    { 13, 20, 233, 1, 20, 65, 976 }, // U+010B
    { 17, 25, 295, 1, 25, 107, 1041 }, // U+010C
    { 13, 20, 233, 1, 20, 65, 1148 }, // U+010D
    { 16, 25, 289, 1, 25, 100, 1213 }, // U+010E
    { 18, 20, 296, 1, 20, 90, 1313 }, // U+010F
    { 18, 18, 301, 0, 18, 81, 1403 }, // U+0110
    { 15, 18, 250, 1, 18, 68, 1484 }, // U+0111
    { 13, 24, 242, 1, 24, 78, 1552 }, // U+0112
    { 13, 19, 237, 1, 19, 62, 1630 }, // U+0113
    { 13, 25, 242, 1, 25, 82, 1692 }, // U+0114
    { 13, 20, 237, 1, 20, 65, 1774 }, // U+0115
    { 13, 25, 242, 1, 25, 82, 1839 }, // U+0116
    { 13, 20, 237, 1, 20, 65, 1921 }, // U+0117
    { 14, 23, 242, 1, 18, 81, 1986 }, // U+0118
    { 13, 19, 237, 1, 14, 62, 2067 }, // U+0119
    { 13, 25, 242, 1, 25, 82, 2129 }, // U+011A
    { 13, 20, 237, 1, 20, 65, 2211 }, // U+011B
    { 17, 25, 300, 1, 25, 107, 2276 }, // U+011C
    { 13, 25, 250, 1, 20, 82, 2383 }, // U+011D
    { 17, 25, 300, 1, 25, 107, 2465 }, // U+011E
    { 13, 25, 250, 1, 20, 82, 2572 }, // U+011F
    { 17, 25, 300, 1, 25, 107, 2654 }, // U+0120
    { 13, 25, 250, 1, 20, 82, 2761 }, // U+0121
    { 17, 24, 300, 1, 18, 102, 2843 }, // U+0122
    { 13, 26, 250, 1, 21, 85, 2945 }, // U+0123
    { 16, 25, 298, 1, 25, 100, 3030 }, // U+0124
    { 16, 25, 245, -2, 25, 100, 3130 }, // U+0125
    { 18, 18, 319, 1, 18, 81, 3230 }, // U+0126
    { 15, 18, 245, -1, 18, 68, 3311 }, // U+0127
    { 9, 24, 111, -1, 24, 54, 3379 }, // U+0128
    { 9, 19, 105, -1, 19, 43, 3433 }, // U+0129
    { 8, 24, 111, -1, 24, 48, 3476 }, // U+012A
    { 8, 19, 105, -1, 19, 38, 3524 }, // U+012B
    { 9, 25, 111, -1, 25, 57, 3562 }, // U+012C
    { 9, 20, 105, -1, 20, 45, 3619 }, // U+012D
    { 6, 23, 111, 0, 18, 35, 3664 }, // U+012E
    { 7, 25, 105, -1, 20, 44, 3699 }, // U+012F
    { 5, 25, 111, 1, 25, 32, 3743 }, // U+0130
    { 4, 14, 105, 1, 14, 14, 3775 }, // U+0131
    { 19, 18, 343, 1, 18, 86, 3789 }, // U+0132
    { 11, 25, 209, 1, 20, 69, 3875 }, // U+0133
    { 16, 25, 232, 0, 25, 100, 3944 }, // U+0134
    { 10, 25, 105, -2, 20, 63, 4044 }, // U+0135
    { 16, 24, 281, 1, 18, 96, 4107 }, // U+0136
    { 14, 24, 228, 1, 18, 84, 4203 }, // U+0137
    { 13, 14, 227, 1, 14, 46, 4287 }, // U+0138
    { 13, 25, 226, 1, 25, 82, 4333 }, // U+0139
    { 6, 25, 105, 1, 25, 38, 4415 }, // U+013A
    { 13, 24, 226, 1, 18, 78, 4453 }, // U+013B
    { 5, 24, 105, 0, 18, 30, 4531 }, // U+013C
    { 13, 20, 226, 1, 20, 65, 4561 }, // U+013D
    { 9, 20, 151, 1, 20, 45, 4626 }, // U+013E
    { 13, 18, 229, 1, 18, 59, 4671 }, // U+013F
    { 10, 18, 168, 1, 18, 45, 4730 }, // U+0140
    { 15, 18, 241, 0, 18, 68, 4775 }, // U+0141
    { 8, 18, 105, -1, 18, 36, 4843 }, // U+0142
    { 17, 25, 304, 1, 25, 107, 4879 }, // U+0143
    { 13, 20, 245, 1, 20, 65, 4986 }, // U+0144
    { 17, 24, 304, 1, 18, 102, 5051 }, // U+0145
    { 13, 20, 245, 1, 14, 65, 5153 }, // U+0146
    { 17, 25, 304, 1, 25, 107, 5218 }, // U+0147
    { 13, 20, 245, 1, 20, 65, 5325 }, // U+0148
    { 17, 23, 304, 1, 18, 98, 5390 }, // U+014A
    { 13, 19, 245, 1, 14, 62, 5488 }, // U+014B
    { 17, 24, 307, 1, 24, 102, 5550 }, // U+014C
    { 14, 19, 244, 1, 19, 67, 5652 }, // U+014D
    { 17, 25, 307, 1, 25, 107, 5719 }, // U+014E
    { 14, 20, 244, 1, 20, 70, 5826 }, // U+014F
    { 17, 25, 307, 1, 25, 107, 5896 }, // U+0150
    { 14, 20, 244, 1, 20, 70, 6003 }, // U+0151
    { 23, 18, 405, 1, 18, 104, 6073 }, // U+0152
    { 23, 14, 397, 1, 14, 81, 6177 }, // U+0153
    { 15, 25, 261, 1, 25, 94, 6258 }, // U+0154
    { 9, 20, 159, 1, 20, 45, 6352 }, // U+0155
    { 15, 24, 261, 1, 18, 90, 6397 }, // U+0156
    { 10, 21, 159, 0, 15, 53, 6487 }, // U+0157
    { 15, 25, 261, 1, 25, 94, 6540 }, // U+0158
    { 11, 20, 159, 0, 20, 55, 6634 }, // U+0159
    { 15, 25, 260, 1, 25, 94, 6689 }, // U+015A
    { 12, 20, 220, 1, 20, 60, 6783 }, // U+015B
    { 15, 25, 260, 1, 25, 94, 6843 }, // U+015C
    { 12, 20, 220, 1, 20, 60, 6937 }, // U+015D
    { 15, 24, 260, 1, 18, 90, 6997 }, // U+015E
    { 12, 20, 220, 1, 14, 60, 7087 }, // U+015F
    { 15, 25, 260, 1, 25, 94, 7147 }, // U+0160
    { 12, 20, 220, 1, 20, 60, 7241 }, // U+0161
    { 15, 24, 264, 1, 18, 90, 7301 }, // U+0162
    { 9, 24, 141, 0, 18, 54, 7391 }, // U+0163
    { 15, 25, 264, 1, 25, 94, 7445 }, // U+0164
    { 10, 21, 168, 0, 21, 53, 7539 }, // U+0165
    { 15, 18, 264, 1, 18, 68, 7592 }, // U+0166
    { 9, 18, 141, 0, 18, 41, 7660 }, // U+0167
    { 16, 24, 294, 1, 24, 96, 7701 }, // U+0168
    { 13, 19, 245, 1, 19, 62, 7797 }, // U+0169
    { 16, 24, 294, 1, 24, 96, 7859 }, // U+016A
    { 13, 19, 245, 1, 19, 62, 7955 }, // U+016B
    { 16, 25, 294, 1, 25, 100, 8017 }, // U+016C
    { 13, 20, 245, 1, 20, 65, 8117 }, // U+016D
    { 16, 25, 294, 1, 25, 100, 8182 }, // U+016E
    { 13, 21, 245, 1, 21, 69, 8282 }, // U+016F
    { 16, 25, 294, 1, 25, 100, 8351 }, // U+0170
    { 13, 20, 245, 1, 20, 65, 8451 }, // U+0171
    { 16, 23, 294, 1, 18, 92, 8516 }, // U+0172
    { 14, 19, 245, 1, 14, 67, 8608 }, // U+0173
    { 25, 25, 408, 0, 25, 157, 8675 }, // U+0174
    { 21, 20, 336, 0, 20, 105, 8832 }, // U+0175
    { 18, 25, 285, 0, 25, 113, 8937 }, // U+0176
    { 15, 25, 235, 0, 20, 94, 9050 }, // U+0177
    { 18, 24, 285, 0, 24, 108, 9144 }, // U+0178
    { 14, 25, 261, 1, 25, 88, 9252 }, // U+0179
    { 12, 20, 226, 1, 20, 60, 9340 }, // U+017A
    { 14, 25, 261, 1, 25, 88, 9400 }, // U+017B
    { 12, 20, 226, 1, 20, 60, 9488 }, // U+017C
    { 14, 25, 261, 1, 25, 88, 9548 }, // U+017D
    { 12, 20, 226, 1, 20, 60, 9636 }, // U+017E
    { 8, 19, 134, 1, 19, 38, 9696 }, // U+017F
    { 17, 21, 309, 1, 21, 90, 0 }, // U+01A0
    { 14, 17, 243, 1, 17, 60, 90 }, // U+01A1
    { 18, 22, 294, 1, 22, 99, 150 }, // U+01AF
    { 15, 17, 258, 1, 17, 64, 249 }, // U+01B0
    { 30, 20, 515, 1, 20, 150, 313 }, // U+01C5
    { 28, 20, 476, 1, 20, 140, 463 }, // U+01C6
    { 26, 18, 458, 1, 18, 117, 603 }, // U+01C7
    { 19, 25, 331, 1, 20, 119, 720 }, // U+01C8
    { 11, 25, 209, 1, 20, 69, 839 }, // U+01C9
    { 31, 18, 536, 1, 18, 140, 908 }, // U+01CA
    { 24, 25, 408, 1, 20, 150, 1048 }, // U+01CB
    { 20, 25, 349, 1, 20, 125, 1198 }, // U+01CC
    { 18, 25, 291, 0, 25, 113, 1323 }, // U+01CD
    { 13, 20, 230, 0, 20, 65, 1436 }, // U+01CE
    { 11, 25, 111, -2, 25, 69, 1501 }, // U+01CF
    { 10, 20, 105, -2, 20, 50, 1570 }, // U+01D0
    { 17, 25, 307, 1, 25, 107, 1620 }, // U+01D1
    { 14, 20, 244, 1, 20, 70, 1727 }, // U+01D2
    { 16, 25, 294, 1, 25, 100, 1797 }, // U+01D3
    { 13, 20, 245, 1, 20, 65, 1897 }, // U+01D4
    { 16, 27, 294, 1, 27, 108, 1962 }, // U+01D5
    { 13, 22, 245, 1, 22, 72, 2070 }, // U+01D6
    { 16, 28, 294, 1, 28, 112, 2142 }, // U+01D7
    { 13, 23, 245, 1, 23, 75, 2254 }, // U+01D8
    { 16, 29, 294, 1, 29, 116, 2329 }, // U+01D9
    { 13, 24, 245, 1, 24, 78, 2445 }, // U+01DA
    { 16, 28, 294, 1, 28, 112, 2523 }, // U+01DB
    { 13, 23, 245, 1, 23, 75, 2635 }, // U+01DC
    { 13, 14, 237, 1, 14, 46, 2710 }, // U+01DD
    { 18, 27, 291, 0, 27, 122, 2756 }, // U+01DE
    { 13, 22, 230, 0, 22, 72, 2878 }, // U+01DF
    { 18, 27, 291, 0, 27, 122, 2950 }, // U+01E0
    { 13, 22, 230, 0, 22, 72, 3072 }, // U+01E1
    { 24, 24, 405, 0, 24, 144, 3144 }, // U+01E2
    { 22, 19, 365, 0, 19, 105, 3288 }, // U+01E3
    { 18, 18, 300, 1, 18, 81, 3393 }, // U+01E4
    { 16, 19, 273, 1, 14, 76, 3474 }, // U+01E5
    { 17, 25, 300, 1, 25, 107, 3550 }, // U+01E6
    { 13, 25, 250, 1, 20, 82, 3657 }, // U+01E7
    { 16, 25, 281, 1, 25, 100, 3739 }, // U+01E8
    { 17, 25, 228, -2, 25, 107, 3839 }, // U+01E9
    { 17, 23, 307, 1, 18, 98, 3946 }, // U+01EA
    { 14, 19, 244, 1, 14, 67, 4044 }, // U+01EB
    { 17, 29, 307, 1, 24, 124, 4111 }, // U+01EC
    { 14, 24, 244, 1, 19, 84, 4235 }, // U+01ED
    { 16, 30, 275, 1, 25, 120, 4319 }, // U+01EE
    { 14, 25, 255, 1, 20, 88, 4439 }, // U+01EF
    { 10, 25, 105, -2, 20, 63, 4527 }, // U+01F0
    { 32, 18, 550, 1, 18, 144, 4590 }, // U+01F1
    { 30, 18, 515, 1, 18, 135, 4734 }, // U+01F2
    { 28, 18, 476, 1, 18, 126, 4869 }, // U+01F3
    { 17, 25, 300, 1, 25, 107, 4995 }, // U+01F4
    { 13, 25, 250, 1, 20, 82, 5102 }, // U+01F5
    { 26, 18, 449, 1, 18, 117, 5184 }, // U+01F6
    { 15, 23, 282, 1, 18, 87, 5301 }, // U+01F7
    { 17, 25, 304, 1, 25, 107, 5388 }, // U+01F8
    { 13, 20, 245, 1, 20, 65, 5495 }, // U+01F9
    { 18, 28, 291, 0, 28, 126, 5560 }, // U+01FA
    { 13, 25, 230, 0, 25, 82, 5686 }, // U+01FB
    { 24, 25, 405, 0, 25, 150, 5768 }, // U+01FC
    { 22, 20, 365, 0, 20, 110, 5918 }, // U+01FD
    { 17, 26, 307, 1, 25, 111, 6028 }, // U+01FE
    { 14, 21, 244, 1, 20, 74, 6139 }, // U+01FF
    { 18, 25, 291, 0, 25, 113, 6213 }, // U+0200
    { 13, 20, 230, 0, 20, 65, 6326 }, // U+0201
    { 18, 25, 291, 0, 25, 113, 6391 }, // U+0202
    { 13, 20, 230, 0, 20, 65, 6504 }, // U+0203
    { 13, 25, 242, 1, 25, 82, 6569 }, // U+0204
    { 13, 20, 237, 1, 20, 65, 6651 }, // U+0205
    { 13, 25, 242, 1, 25, 82, 6716 }, // U+0206
    { 13, 20, 237, 1, 20, 65, 6798 }, // U+0207
    { 10, 25, 111, -3, 25, 63, 6863 }, // U+0208
    { 10, 20, 105, -3, 20, 50, 6926 }, // U+0209
    { 9, 25, 111, -1, 25, 57, 6976 }, // U+020A
    { 9, 20, 105, -1, 20, 45, 7033 }, // U+020B
    { 17, 25, 307, 1, 25, 107, 7078 }, // U+020C
    { 14, 20, 244, 1, 20, 70, 7185 }, // U+020D
    { 17, 25, 307, 1, 25, 107, 7255 }, // U+020E
    { 14, 20, 244, 1, 20, 70, 7362 }, // U+020F
    { 15, 25, 261, 1, 25, 94, 7432 }, // U+0210
    { 11, 20, 159, -1, 20, 55, 7526 }, // U+0211
    { 15, 25, 261, 1, 25, 94, 7581 }, // U+0212
    { 9, 20, 159, 1, 20, 45, 7675 }, // U+0213
    { 16, 25, 294, 1, 25, 100, 7720 }, // U+0214
    { 13, 20, 245, 1, 20, 65, 7820 }, // U+0215
    { 16, 25, 294, 1, 25, 100, 7885 }, // U+0216
    { 13, 20, 245, 1, 20, 65, 7985 }, // U+0217
    { 15, 24, 260, 1, 18, 90, 8050 }, // U+0218
    { 12, 20, 220, 1, 14, 60, 8140 }, // U+0219
    { 15, 24, 264, 1, 18, 90, 8200 }, // U+021A
    { 9, 24, 141, 0, 18, 54, 8290 }, // U+021B
    { 14, 25, 263, 1, 18, 88, 8344 }, // U+021C
    { 12, 20, 226, 1, 14, 60, 8432 }, // U+021D
    { 16, 25, 298, 1, 25, 100, 8492 }, // U+021E
    { 16, 25, 245, -2, 25, 100, 8592 }, // U+021F
    { 6, 4, 0, 1, 20, 6, 0 }, // U+0300
    { 5, 4, 0, 2, 20, 5, 6 }, // U+0301
    { 11, 4, 0, 0, 20, 11, 11 }, // U+0302
    { 9, 3, 0, 2, 19, 7, 22 }, // U+0303
    { 8, 3, 0, 2, 19, 6, 29 }, // U+0304
    { 9, 4, 0, 1, 20, 9, 35 }, // U+0306
    { 5, 4, 0, 1, 20, 5, 44 }, // U+0307
    { 10, 3, 0, 3, 19, 8, 49 }, // U+0308
    { 5, 4, 0, 1, 20, 5, 57 }, // U+0309
    { 8, 6, 0, 0, 21, 12, 62 }, // U+030A
    { 12, 4, 0, -4, 19, 12, 74 }, // U+030B
    { 11, 4, 0, 0, 20, 11, 86 }, // U+030C
    { 11, 4, 0, 1, 20, 11, 97 }, // U+030F
    { 5, 8, 0, 5, 12, 10, 108 }, // U+0313
    { 5, 8, 0, 5, 12, 10, 118 }, // U+0315
    { 5, 7, 0, -6, 18, 9, 128 }, // U+031B
    { 5, 4, 109, 1, -1, 5, 137 }, // U+0323
    { 4, 6, 0, -10, -2, 6, 142 }, // U+0326
    { 6, 7, 0, 2, 1, 11, 148 }, // U+0327
    { 7, 7, 0, 0, 2, 13, 159 }, // U+0328
    { 11, 4, 0, 0, -1, 11, 172 }, // U+032C
    { 11, 17, 0, -13, 15, 47, 183 }, // U+0337
    { 15, 20, 0, -15, 19, 75, 230 }, // U+0338
    { 9, 3, 0, -12, 19, 7, 305 }, // U+0342
    { 5, 5, 0, 0, 16, 7, 312 }, // U+0343
    { 10, 5, 0, -13, 20, 13, 319 }, // U+0346
    { 9, 5, 0, -12, -2, 12, 332 }, // U+0347
    { 8, 5, 0, -11, -1, 10, 344 }, // U+0348
    { 6, 6, 0, -10, 0, 9, 354 }, // U+0349
    { 10, 7, 0, -13, 21, 18, 363 }, // U+034A
    { 10, 10, 0, -13, 24, 25, 381 }, // U+034B
    { 11, 6, 0, -13, 21, 17, 406 }, // U+034C
    { 12, 7, 0, -14, -1, 21, 423 }, // U+034D
    { 7, 6, 0, -11, -1, 11, 444 }, // U+034E
    { 0, 0, 0, 0, 0, 0, 455 }, // U+034F
    { 10, 10, 0, -12, 25, 25, 455 }, // U+0350
    { 3, 5, 0, -9, 19, 4, 480 }, // U+0351
    { 9, 7, 0, -12, 21, 16, 484 }, // U+0352
    { 6, 7, 0, -10, 0, 11, 500 }, // U+0353
    { 8, 7, 0, -11, 0, 14, 511 }, // U+0354
    { 8, 7, 0, -11, 0, 14, 525 }, // U+0355
    { 14, 7, 0, -13, 0, 25, 539 }, // U+0356
    { 4, 6, 0, 0, 21, 6, 564 }, // U+0357
    { 5, 4, 0, 1, 20, 5, 570 }, // U+0358
    { 7, 6, 0, -11, -1, 11, 575 }, // U+0359
    { 11, 5, 0, -13, -1, 14, 586 }, // U+035A
    { 7, 6, 0, -11, 21, 11, 600 }, // U+035B
    { 19, 4, 0, -10, -2, 19, 611 }, // U+035C
    { 19, 4, 0, -10, 18, 19, 630 }, // U+035D
    { 16, 3, 0, -15, 19, 12, 649 }, // U+035E
    { 16, 3, 0, -15, -2, 12, 661 }, // U+035F
    { 25, 5, 0, -13, 20, 32, 673 }, // U+0360
    { 19, 5, 0, -10, 18, 24, 705 }, // U+0361
    { 21, 7, 0, -10, -1, 37, 729 }, // U+0362
    { 7, 8, 0, -11, 22, 14, 766 }, // U+0363
    { 7, 7, 0, -11, 22, 13, 780 }, // U+0364
    { 3, 10, 0, -9, 25, 8, 793 }, // U+0365
    { 7, 7, 0, -11, 22, 13, 801 }, // U+0366
    { 7, 7, 0, -11, 22, 13, 814 }, // U+0367
    { 7, 7, 0, -11, 22, 13, 827 }, // U+0368
    { 7, 10, 0, -11, 25, 18, 840 }, // U+0369
    { 7, 10, 0, -11, 25, 18, 858 }, // U+036A
    { 11, 7, 0, -13, 22, 20, 876 }, // U+036B
    { 4, 7, 0, -9, 22, 7, 896 }, // U+036C
    { 5, 10, 0, 0, 24, 13, 903 }, // U+036D
    { 7, 7, 0, -11, 22, 13, 916 }, // U+036E
    { 8, 7, 0, -11, 22, 14, 929 }, // U+036F
    { 13, 25, 242, 1, 25, 82, 0 }, // U+0400
    { 13, 24, 242, 1, 24, 78, 82 }, // U+0401
    { 20, 19, 341, 1, 18, 95, 160 }, // U+0402
    { 13, 25, 232, 1, 25, 82, 255 }, // U+0403
    { 17, 18, 295, 1, 18, 77, 337 }, // U+0404
    { 15, 18, 260, 1, 18, 68, 414 }, // U+0405
    { 5, 18, 111, 1, 18, 23, 482 }, // U+0406
    { 9, 24, 111, -1, 24, 54, 505 }, // U+0407
    { 13, 18, 232, 0, 18, 59, 559 }, // U+0408
    { 26, 18, 446, 1, 18, 117, 618 }, // U+0409
    { 27, 18, 450, 1, 18, 122, 735 }, // U+040A
    { 20, 18, 356, 1, 18, 90, 857 }, // U+040B
    { 16, 25, 281, 1, 25, 100, 947 }, // U+040C
    { 17, 25, 304, 1, 25, 107, 1047 }, // U+040D
    { 17, 25, 269, 0, 25, 107, 1154 }, // U+040E
    { 16, 22, 290, 1, 18, 88, 1261 }, // U+040F
    { 18, 18, 291, 0, 18, 81, 1349 }, // U+0410
    { 15, 18, 259, 1, 18, 68, 1430 }, // U+0411
    { 15, 18, 264, 1, 18, 68, 1498 }, // U+0412
    { 13, 18, 232, 1, 18, 59, 1566 }, // U+0413
    { 20, 23, 341, 1, 18, 115, 1625 }, // U+0414
    { 13, 18, 242, 1, 18, 59, 1740 }, // U+0415
    { 26, 18, 413, 0, 18, 117, 1799 }, // U+0416
    { 14, 18, 254, 1, 18, 63, 1916 }, // U+0417
    { 17, 18, 304, 1, 18, 77, 1979 }, // U+0418
    { 17, 25, 304, 1, 25, 107, 2056 }, // U+0419
    { 16, 18, 281, 1, 18, 72, 2163 }, // U+041A
    { 16, 18, 300, 1, 18, 72, 2235 }, // U+041B
    { 21, 18, 369, 1, 18, 95, 2307 }, // U+041C
    { 16, 18, 298, 1, 18, 72, 2402 }, // U+041D
    { 17, 18, 307, 1, 18, 77, 2474 }, // U+041E
    { 16, 18, 298, 1, 18, 72, 2551 }, // U+041F
    { 15, 18, 258, 1, 18, 68, 2623 }, // U+0420
    { 17, 18, 295, 1, 18, 77, 2691 }, // U+0421
    { 15, 18, 264, 1, 18, 68, 2768 }, // U+0422
    { 17, 18, 269, 0, 18, 77, 2836 }, // U+0423
    { 19, 21, 333, 1, 20, 100, 2913 }, // U+0424
    { 18, 18, 288, 0, 18, 81, 3013 }, // U+0425
    { 18, 22, 301, 1, 18, 99, 3094 }, // U+0426
    { 15, 18, 282, 1, 18, 68, 3193 }, // U+0427
    { 22, 18, 391, 1, 18, 99, 3261 }, // U+0428
    { 24, 22, 401, 1, 18, 132, 3360 }, // U+0429
    { 19, 18, 330, 1, 18, 86, 3492 }, // U+042A
    { 20, 18, 363, 1, 18, 90, 3578 }, // U+042B
    { 15, 18, 263, 1, 18, 68, 3668 }, // U+042C
    { 17, 18, 295, 1, 18, 77, 3736 }, // U+042D
    { 24, 18, 413, 1, 18, 108, 3813 }, // U+042E
    { 15, 18, 261, 0, 18, 68, 3921 }, // U+042F
    { 13, 14, 230, 0, 14, 46, 3989 }, // U+0430
    { 14, 18, 242, 1, 18, 63, 4035 }, // U+0431
    { 13, 14, 229, 1, 14, 46, 4098 }, // U+0432
    { 10, 14, 179, 1, 14, 35, 4144 }, // U+0433
    { 16, 19, 258, 0, 14, 76, 4179 }, // U+0434
    { 13, 14, 237, 1, 14, 46, 4255 }, // U+0435
    { 21, 14, 338, 0, 14, 74, 4301 }, // U+0436
    { 12, 14, 204, 0, 14, 42, 4375 }, // U+0437
    { 13, 14, 245, 1, 14, 46, 4417 }, // U+0438
    { 13, 20, 245, 1, 20, 65, 4463 }, // U+0439
    { 14, 14, 228, 1, 14, 49, 4528 }, // U+043A
    { 14, 14, 238, 0, 14, 49, 4577 }, // U+043B
    { 18, 14, 319, 1, 14, 63, 4626 }, // U+043C
    { 13, 14, 244, 1, 14, 46, 4689 }, // U+043D
    { 14, 14, 244, 1, 14, 49, 4735 }, // U+043E
    { 13, 14, 242, 1, 14, 46, 4784 }, // U+043F
    { 14, 19, 250, 1, 14, 67, 4830 }, // U+0440
    { 13, 14, 233, 1, 14, 46, 4897 }, // U+0441
    { 13, 14, 198, 0, 14, 46, 4943 }, // U+0442
    { 15, 19, 235, 0, 14, 72, 4989 }, // U+0443
    { 17, 23, 299, 1, 18, 98, 5061 }, // U+0444
    { 14, 14, 228, 0, 14, 49, 5159 }, // U+0445
    { 15, 18, 254, 1, 14, 68, 5208 }, // U+0446
    { 13, 14, 237, 1, 14, 46, 5276 }, // U+0447
    { 19, 14, 339, 1, 14, 67, 5322 }, // U+0448
    { 21, 18, 348, 1, 14, 95, 5389 }, // U+0449
    { 16, 14, 267, 0, 14, 56, 5484 }, // U+044A
    { 17, 14, 313, 1, 14, 60, 5540 }, // U+044B
    { 13, 14, 232, 1, 14, 46, 5600 }, // U+044C
    { 13, 14, 233, 1, 14, 46, 5646 }, // U+044D
    { 20, 14, 344, 1, 14, 70, 5692 }, // U+044E
    { 13, 14, 228, 0, 14, 46, 5762 }, // U+044F
    { 13, 20, 237, 1, 20, 65, 5808 }, // U+0450
    { 13, 19, 237, 1, 19, 62, 5873 }, // U+0451
    { 15, 23, 245, -1, 18, 87, 5935 }, // U+0452
    { 10, 20, 179, 1, 20, 50, 6022 }, // U+0453
    { 13, 14, 233, 1, 14, 46, 6072 }, // U+0454
    { 12, 14, 220, 1, 14, 42, 6118 }, // U+0455
    { 5, 20, 105, 1, 20, 25, 6160 }, // U+0456
    { 10, 19, 105, -2, 19, 48, 6185 }, // U+0457
    { 7, 25, 105, -1, 20, 44, 6233 }, // U+0458
    { 23, 14, 375, 0, 14, 81, 6277 }, // U+0459
    { 21, 14, 366, 1, 14, 74, 6358 }, // U+045A
    { 15, 18, 245, -1, 18, 68, 6432 }, // U+045B
    { 14, 20, 228, 1, 20, 70, 6500 }, // U+045C
    { 13, 20, 245, 1, 20, 65, 6570 }, // U+045D
    { 15, 25, 235, 0, 20, 94, 6635 }, // U+045E
    { 13, 18, 242, 1, 14, 59, 6729 }, // U+045F
    { 21, 18, 380, 1, 18, 95, 6788 }, // U+0460
    { 19, 14, 343, 1, 14, 67, 6883 }, // U+0461
    { 17, 18, 281, 0, 18, 77, 6950 }, // U+0462
    { 15, 18, 254, 0, 18, 68, 7027 }, // U+0463
    { 23, 18, 395, 1, 18, 104, 7095 }, // U+0464
    { 19, 14, 325, 1, 14, 67, 7199 }, // U+0465
    { 18, 18, 291, 0, 18, 81, 7266 }, // U+0466
    { 15, 14, 234, 0, 14, 53, 7347 }, // U+0467
    { 23, 18, 389, 1, 18, 104, 7400 }, // U+0468
    { 19, 14, 326, 1, 14, 67, 7504 }, // U+0469
    { 20, 18, 349, 1, 18, 90, 7571 }, // U+046A
    { 16, 14, 292, 1, 14, 56, 7661 }, // U+046B
    { 27, 18, 468, 1, 18, 122, 7717 }, // U+046C
    { 23, 14, 400, 1, 14, 81, 7839 }, // U+046D
    { 12, 30, 225, 1, 24, 90, 7920 }, // U+046E
    { 12, 25, 214, 0, 20, 75, 8010 }, // U+046F
    { 20, 18, 356, 1, 18, 90, 8085 }, // U+0470
    { 18, 22, 325, 1, 17, 99, 8175 }, // U+0471
    { 17, 18, 307, 1, 18, 77, 8274 }, // U+0472
    { 14, 14, 244, 1, 14, 49, 8351 }, // U+0473
    { 18, 18, 296, 0, 18, 81, 8400 }, // U+0474
    { 15, 14, 244, 0, 14, 53, 8481 }, // U+0475
    { 18, 25, 296, 0, 25, 113, 8534 }, // U+0476
    { 15, 20, 244, 0, 20, 75, 8647 }, // U+0477
    { 33, 23, 543, 1, 18, 190, 8722 }, // U+0478
    { 28, 19, 471, 1, 14, 133, 8912 }, // U+0479
    { 16, 18, 286, 1, 18, 72, 9045 }, // U+0480
    { 13, 19, 232, 1, 14, 62, 9117 }, // U+0481
    { 14, 17, 263, 1, 17, 60, 9179 }, // U+0482
    { 10, 5, 0, -12, 20, 13, 9239 }, // U+0483
    { 10, 3, 0, -12, 19, 8, 9252 }, // U+0484
    { 4, 5, 0, -9, 20, 5, 9260 }, // U+0485
    { 4, 5, 0, -8, 20, 5, 9265 }, // U+0486
    { 11, 3, 0, -13, 19, 9, 9270 }, // U+0487
    { 25, 22, 0, -20, 18, 138, 9279 }, // U+0488
    { 24, 23, 0, -19, 18, 138, 9417 }, // U+0489
    { 19, 29, 304, 1, 25, 138, 9555 }, // U+048A
    { 15, 24, 245, 1, 20, 90, 9693 }, // U+048B
    { 17, 18, 281, 0, 18, 77, 9783 }, // U+048C
    { 15, 17, 254, 0, 17, 64, 9860 }, // U+048D
    { 15, 18, 260, 1, 18, 68, 9924 }, // U+048E
    { 14, 19, 244, 1, 14, 67, 9992 }, // U+048F
    { 13, 22, 232, 1, 22, 72, 10059 }, // U+0490
    { 10, 18, 179, 1, 18, 45, 10131 }, // U+0491
    { 15, 18, 232, -1, 18, 68, 10176 }, // U+0492
    { 12, 14, 179, -1, 14, 42, 10244 }, // U+0493
    { 15, 19, 264, 1, 18, 72, 10286 }, // U+0494
    { 12, 18, 225, 1, 14, 54, 10358 }, // U+0495
    { 27, 22, 425, 0, 18, 149, 10412 }, // U+0496
    { 22, 18, 350, 0, 14, 99, 10561 }, // U+0497
    { 14, 24, 254, 1, 18, 84, 10660 }, // U+0498
    { 12, 20, 204, 0, 14, 60, 10744 }, // U+0499
    { 17, 22, 297, 1, 18, 94, 10804 }, // U+049A
    { 14, 18, 239, 1, 14, 63, 10898 }, // U+049B
    { 16, 18, 281, 1, 18, 72, 10961 }, // U+049C
    { 15, 14, 247, 1, 14, 53, 11033 }, // U+049D
    { 21, 18, 348, 1, 18, 95, 11086 }, // U+04A0
    { 17, 14, 263, 0, 14, 60, 11181 }, // U+04A1
    { 18, 22, 308, 1, 18, 99, 11241 }, // U+04A2
    { 15, 18, 254, 1, 14, 68, 11340 }, // U+04A3
    { 23, 18, 399, 1, 18, 104, 11408 }, // U+04A4
    { 17, 14, 279, 1, 14, 60, 11512 }, // U+04A5
    { 26, 19, 449, 1, 18, 124, 11572 }, // U+04A6
    { 22, 18, 373, 1, 14, 99, 11696 }, // U+04A7
    { 24, 18, 410, 1, 18, 108, 11795 }, // U+04A8
    { 19, 14, 328, 1, 14, 67, 11903 }, // U+04A9
    { 17, 24, 295, 1, 18, 102, 11970 }, // U+04AA
    { 13, 20, 233, 1, 14, 65, 12072 }, // U+04AB
    { 15, 22, 264, 1, 18, 83, 12137 }, // U+04AC
    { 13, 18, 198, 0, 14, 59, 12220 }, // U+04AD
    { 18, 18, 285, 0, 18, 81, 12279 }, // U+04AE
    { 15, 19, 235, 0, 14, 72, 12360 }, // U+04AF
    { 18, 18, 285, 0, 18, 81, 12432 }, // U+04B0
    { 15, 19, 235, 0, 14, 72, 12513 }, // U+04B1
    { 19, 22, 300, 0, 18, 105, 12585 }, // U+04B2
    { 15, 18, 239, 0, 14, 68, 12690 }, // U+04B3
    { 23, 23, 376, 1, 18, 133, 12758 }, // U+04B4
    { 17, 19, 278, 0, 14, 81, 12891 }, // U+04B5
    { 17, 22, 291, 1, 18, 94, 12972 }, // U+04B6
    { 15, 18, 247, 1, 14, 68, 13066 }, // U+04B7
    { 15, 18, 282, 1, 18, 68, 13134 }, // U+04B8
    { 13, 14, 237, 1, 14, 46, 13202 }, // U+04B9
    { 15, 18, 282, 1, 18, 68, 13248 }, // U+04BA
    { 13, 18, 245, 1, 18, 59, 13316 }, // U+04BB
    { 21, 18, 349, 0, 18, 95, 13375 }, // U+04BC
    { 18, 14, 296, 0, 14, 63, 13470 }, // U+04BD
    { 21, 22, 349, 0, 18, 116, 13533 }, // U+04BE
    { 18, 20, 296, 0, 14, 90, 13649 }, // U+04BF
    { 5, 18, 111, 1, 18, 23, 13739 }, // U+04C0
    { 26, 25, 413, 0, 25, 163, 13762 }, // U+04C1
    { 21, 20, 338, 0, 20, 105, 13925 }, // U+04C2
    { 16, 22, 276, 1, 18, 88, 14030 }, // U+04C3
    { 14, 18, 244, 1, 14, 63, 14118 }, // U+04C4
    { 19, 22, 300, 1, 18, 105, 14181 }, // U+04C5
    { 16, 18, 238, 0, 14, 72, 14286 }, // U+04C6
    { 16, 23, 298, 1, 18, 92, 14358 }, // U+04C7
    { 13, 19, 244, 1, 14, 62, 14450 }, // U+04C8
    { 19, 22, 298, 1, 18, 105, 14512 }, // U+04C9
    { 15, 18, 244, 1, 14, 68, 14617 }, // U+04CA
    { 15, 22, 291, 1, 18, 83, 14685 }, // U+04CB
    { 13, 18, 247, 1, 14, 59, 14768 }, // U+04CC
    { 23, 22, 369, 1, 18, 127, 14827 }, // U+04CD
    { 20, 18, 319, 1, 14, 90, 14954 }, // U+04CE
    { 4, 18, 105, 1, 18, 18, 15044 }, // U+04CF
    { 18, 25, 291, 0, 25, 113, 15062 }, // U+04D0
    { 13, 20, 230, 0, 20, 65, 15175 }, // U+04D1
    { 18, 24, 291, 0, 24, 108, 15240 }, // U+04D2
    { 13, 19, 230, 0, 19, 62, 15348 }, // U+04D3
    { 24, 18, 405, 0, 18, 108, 15410 }, // U+04D4
    { 22, 14, 365, 0, 14, 77, 15518 }, // U+04D5
    { 13, 25, 242, 1, 25, 82, 15595 }, // U+04D6
    { 13, 20, 237, 1, 20, 65, 15677 }, // U+04D7
    { 17, 18, 299, 1, 18, 77, 15742 }, // U+04D8
    { 13, 14, 237, 1, 14, 46, 15819 }, // U+04D9
    { 17, 24, 299, 1, 24, 102, 15865 }, // U+04DA
    { 13, 19, 237, 1, 19, 62, 15967 }, // U+04DB
    { 26, 24, 413, 0, 24, 156, 16029 }, // U+04DC
    { 21, 19, 338, 0, 19, 100, 16185 }, // U+04DD
    { 14, 24, 254, 1, 24, 84, 16285 }, // U+04DE
    { 12, 19, 204, 0, 19, 57, 16369 }, // U+04DF
    { 14, 18, 255, 1, 18, 63, 16426 }, // U+04E0
    { 14, 18, 255, 1, 13, 63, 16489 }, // U+04E1
    { 17, 24, 304, 1, 24, 102, 16552 }, // U+04E2
    { 13, 19, 245, 1, 19, 62, 16654 }, // U+04E3
    { 17, 24, 304, 1, 24, 102, 16716 }, // U+04E4
    { 13, 19, 245, 1, 19, 62, 16818 }, // U+04E5
    { 17, 24, 307, 1, 24, 102, 16880 }, // U+04E6
    { 14, 19, 244, 1, 19, 67, 16982 }, // U+04E7
    { 17, 18, 307, 1, 18, 77, 17049 }, // U+04E8
    { 14, 14, 244, 1, 14, 49, 17126 }, // U+04E9
    { 17, 24, 307, 1, 24, 102, 17175 }, // U+04EA
    { 14, 19, 244, 1, 19, 67, 17277 }, // U+04EB
    { 17, 24, 295, 1, 24, 102, 17344 }, // U+04EC
    { 13, 19, 233, 1, 19, 62, 17446 }, // U+04ED
    { 17, 24, 269, 0, 24, 102, 17508 }, // U+04EE
    { 15, 24, 235, 0, 19, 90, 17610 }, // U+04EF
    { 17, 24, 269, 0, 24, 102, 17700 }, // U+04F0
    { 15, 24, 235, 0, 19, 90, 17802 }, // U+04F1
    { 17, 25, 269, 0, 25, 107, 17892 }, // U+04F2
    { 15, 25, 235, 0, 20, 94, 17999 }, // U+04F3
    { 15, 24, 282, 1, 24, 90, 18093 }, // U+04F4
    { 13, 19, 237, 1, 19, 62, 18183 }, // U+04F5
    { 13, 22, 232, 1, 18, 72, 18245 }, // U+04F6
    { 10, 18, 179, 1, 14, 45, 18317 }, // U+04F7
    { 20, 24, 363, 1, 24, 120, 18362 }, // U+04F8
    { 17, 19, 313, 1, 19, 81, 18482 }, // U+04F9
    { 15, 23, 244, 0, 18, 87, 18563 }, // U+04FA
    { 12, 19, 179, -1, 14, 57, 18650 }, // U+04FB
    { 19, 23, 304, 0, 18, 110, 18707 }, // U+04FC
    { 13, 19, 214, 0, 14, 62, 18817 }, // U+04FD
    { 18, 18, 288, 0, 18, 81, 18879 }, // U+04FE
    { 14, 14, 228, 0, 14, 49, 18960 }, // U+04FF
    { 17, 15, 270, 0, 15, 64, 0 }, // U+05D0
    { 15, 15, 238, 0, 15, 57, 64 }, // U+05D1
    { 10, 16, 165, 0, 15, 40, 121 }, // U+05D2
    { 14, 15, 228, 0, 15, 53, 161 }, // U+05D3
    { 14, 15, 263, 1, 15, 53, 214 }, // U+05D4
    { 7, 15, 135, 0, 15, 27, 267 }, // U+05D5
    { 9, 15, 148, 0, 15, 34, 294 }, // U+05D6
    { 16, 15, 275, 0, 15, 60, 328 }, // U+05D7
    { 15, 15, 264, 1, 15, 57, 388 }, // U+05D8
    { 7, 9, 133, 0, 15, 16, 445 }, // U+05D9
    { 13, 20, 228, 0, 15, 65, 461 }, // U+05DA
    { 13, 15, 211, 0, 15, 49, 526 }, // U+05DB
    { 14, 19, 222, 0, 19, 67, 575 }, // U+05DC
    { 15, 15, 281, 1, 15, 57, 642 }, // U+05DD
    { 17, 15, 281, 0, 15, 64, 699 }, // U+05DE
    { 7, 20, 142, 0, 15, 35, 763 }, // U+05DF
    { 8, 15, 162, 1, 15, 30, 798 }, // U+05E0
    { 16, 15, 272, 0, 15, 60, 828 }, // U+05E1
    { 15, 18, 252, 0, 16, 68, 888 }, // U+05E2
    { 14, 20, 262, 1, 15, 70, 956 }, // U+05E3
    { 15, 15, 251, 0, 15, 57, 1026 }, // U+05E4
    { 14, 20, 235, 0, 15, 70, 1083 }, // U+05E5
    { 14, 15, 237, 0, 15, 53, 1153 }, // U+05E6
    { 15, 20, 262, 1, 15, 75, 1206 }, // U+05E7
    { 12, 15, 217, 0, 15, 45, 1281 }, // U+05E8
    { 18, 15, 315, 1, 15, 68, 1326 }, // U+05E9
    { 17, 15, 289, 0, 15, 64, 1394 }, // U+05EA
    { 18, 13, 305, 0, 19, 59, 1458 }, // U+05EF
    { 16, 15, 268, 0, 15, 60, 1517 }, // U+05F0
    { 16, 15, 281, 0, 15, 60, 1577 }, // U+05F1
    { 16, 9, 282, 0, 15, 36, 1637 }, // U+05F2
    { 6, 7, 89, 0, 15, 11, 1673 }, // U+05F3
    { 11, 7, 178, 0, 15, 20, 1684 }, // U+05F4
    { 18, 23, 291, 0, 18, 104, 0 }, // U+1EA0
    { 13, 19, 230, 0, 14, 62, 104 }, // U+1EA1
    { 18, 25, 291, 0, 25, 113, 166 }, // U+1EA2
    { 13, 20, 230, 0, 20, 65, 279 }, // U+1EA3
    { 18, 28, 291, 0, 28, 126, 344 }, // U+1EA4
    { 14, 23, 230, 0, 23, 81, 470 }, // U+1EA5
    { 18, 28, 291, 0, 28, 126, 551 }, // U+1EA6
    { 13, 23, 230, 0, 23, 75, 677 }, // U+1EA7
    { 18, 29, 291, 0, 29, 131, 752 }, // U+1EA8
    { 13, 24, 230, 0, 24, 78, 883 }, // U+1EA9
    { 18, 28, 291, 0, 28, 126, 961 }, // U+1EAA
    { 13, 23, 230, 0, 23, 75, 1087 }, // U+1EAB
    { 18, 30, 291, 0, 25, 135, 1162 }, // U+1EAC
    { 13, 25, 230, 0, 20, 82, 1297 }, // U+1EAD
    { 18, 28, 291, 0, 28, 126, 1379 }, // U+1EAE
    { 13, 23, 230, 0, 23, 75, 1505 }, // U+1EAF
    { 18, 28, 291, 0, 28, 126, 1580 }, // U+1EB0
    { 13, 23, 230, 0, 23, 75, 1706 }, // U+1EB1
    { 18, 28, 291, 0, 28, 126, 1781 }, // U+1EB2
    { 13, 23, 230, 0, 23, 75, 1907 }, // U+1EB3
    { 18, 28, 291, 0, 28, 126, 1982 }, // U+1EB4
    { 13, 23, 230, 0, 23, 75, 2108 }, // U+1EB5
    { 18, 30, 291, 0, 25, 135, 2183 }, // U+1EB6
    { 13, 25, 230, 0, 20, 82, 2318 }, // U+1EB7
    { 13, 23, 242, 1, 18, 75, 2400 }, // U+1EB8
    { 13, 19, 237, 1, 14, 62, 2475 }, // U+1EB9
    { 13, 25, 242, 1, 25, 82, 2537 }, // U+1EBA
    { 13, 20, 237, 1, 20, 65, 2619 }, // U+1EBB
    { 13, 24, 242, 1, 24, 78, 2684 }, // U+1EBC
    { 13, 19, 237, 1, 19, 62, 2762 }, // U+1EBD
    { 13, 28, 242, 1, 28, 91, 2824 }, // U+1EBE
    { 13, 23, 237, 1, 23, 75, 2915 }, // U+1EBF
    { 13, 28, 242, 1, 28, 91, 2990 }, // U+1EC0
    { 13, 23, 237, 1, 23, 75, 3081 }, // U+1EC1
    { 13, 29, 242, 1, 29, 95, 3156 }, // U+1EC2
    { 13, 24, 237, 1, 24, 78, 3251 }, // U+1EC3
    { 13, 28, 242, 1, 28, 91, 3329 }, // U+1EC4
    { 13, 23, 237, 1, 23, 75, 3420 }, // U+1EC5
    { 13, 30, 242, 1, 25, 98, 3495 }, // U+1EC6
    { 13, 25, 237, 1, 20, 82, 3593 }, // U+1EC7
    { 5, 25, 111, 1, 25, 32, 3675 }, // U+1EC8
    { 5, 20, 105, 1, 20, 25, 3707 }, // U+1EC9
    { 5, 23, 111, 1, 18, 29, 3732 }, // U+1ECA
    { 5, 25, 105, 1, 20, 32, 3761 }, // U+1ECB
    { 17, 23, 307, 1, 18, 98, 3793 }, // U+1ECC
    { 14, 19, 244, 1, 14, 67, 3891 }, // U+1ECD
    { 17, 25, 307, 1, 25, 107, 3958 }, // U+1ECE
    { 14, 20, 244, 1, 20, 70, 4065 }, // U+1ECF
    { 17, 28, 307, 1, 28, 119, 4135 }, // U+1ED0
    { 14, 23, 244, 1, 23, 81, 4254 }, // U+1ED1
    { 17, 28, 307, 1, 28, 119, 4335 }, // U+1ED2
    { 14, 23, 244, 1, 23, 81, 4454 }, // U+1ED3
    { 17, 29, 307, 1, 29, 124, 4535 }, // U+1ED4
    { 14, 24, 244, 1, 24, 84, 4659 }, // U+1ED5
    { 17, 28, 307, 1, 28, 119, 4743 }, // U+1ED6
    { 14, 23, 244, 1, 23, 81, 4862 }, // U+1ED7
    { 17, 30, 307, 1, 25, 128, 4943 }, // U+1ED8
    { 14, 25, 244, 1, 20, 88, 5071 }, // U+1ED9
    { 17, 25, 309, 1, 25, 107, 5159 }, // U+1EDA
    { 14, 20, 243, 1, 20, 70, 5266 }, // U+1EDB
    { 17, 25, 309, 1, 25, 107, 5336 }, // U+1EDC
    { 14, 20, 243, 1, 20, 70, 5443 }, // U+1EDD
    { 17, 25, 309, 1, 25, 107, 5513 }, // U+1EDE
    { 14, 20, 243, 1, 20, 70, 5620 }, // U+1EDF
    { 17, 24, 309, 1, 24, 102, 5690 }, // U+1EE0
    { 14, 19, 243, 1, 19, 67, 5792 }, // U+1EE1
    { 17, 26, 309, 1, 21, 111, 5859 }, // U+1EE2
    { 14, 22, 243, 1, 17, 77, 5970 }, // U+1EE3
    { 16, 23, 294, 1, 18, 92, 6047 }, // U+1EE4
    { 13, 19, 245, 1, 14, 62, 6139 }, // U+1EE5
    { 16, 25, 294, 1, 25, 100, 6201 }, // U+1EE6
    { 13, 20, 245, 1, 20, 65, 6301 }, // U+1EE7
    { 18, 25, 294, 1, 25, 113, 6366 }, // U+1EE8
    { 15, 20, 258, 1, 20, 75, 6479 }, // U+1EE9
    { 18, 25, 294, 1, 25, 113, 6554 }, // U+1EEA
    { 15, 20, 258, 1, 20, 75, 6667 }, // U+1EEB
    { 18, 25, 294, 1, 25, 113, 6742 }, // U+1EEC
    { 15, 20, 258, 1, 20, 75, 6855 }, // U+1EED
    { 18, 24, 294, 1, 24, 108, 6930 }, // U+1EEE
    { 15, 19, 258, 1, 19, 72, 7038 }, // U+1EEF
    { 18, 27, 294, 1, 22, 122, 7110 }, // U+1EF0
    { 15, 22, 258, 1, 17, 83, 7232 }, // U+1EF1
    { 18, 25, 285, 0, 25, 113, 7315 }, // U+1EF2
    { 15, 25, 235, 0, 20, 94, 7428 }, // U+1EF3
    { 18, 23, 285, 0, 18, 104, 7522 }, // U+1EF4
    { 15, 19, 235, 0, 14, 72, 7626 }, // U+1EF5
    { 18, 25, 285, 0, 25, 113, 7698 }, // U+1EF6
    { 15, 25, 235, 0, 20, 94, 7811 }, // U+1EF7
    { 18, 24, 285, 0, 24, 108, 7905 }, // U+1EF8
    { 15, 24, 235, 0, 19, 90, 8013 }, // U+1EF9
    { 0, 0, 224, 0, 0, 0, 0 }, // U+2000
    { 0, 0, 446, 0, 0, 0, 0 }, // U+2001
    { 0, 0, 200, 0, 0, 0, 0 }, // U+2002
    { 0, 0, 400, 0, 0, 0, 0 }, // U+2003
    { 0, 0, 134, 0, 0, 0, 0 }, // U+2004
    { 0, 0, 100, 0, 0, 0, 0 }, // U+2005
    { 0, 0, 66, 0, 0, 0, 0 }, // U+2006
    { 0, 0, 259, 0, 0, 0, 0 }, // U+2007
    { 0, 0, 128, 0, 0, 0, 0 }, // U+2008
    { 0, 0, 66, 0, 0, 0, 0 }, // U+2009
    { 0, 0, 33, 0, 0, 0, 0 }, // U+200A
    { 0, 0, 0, 0, 0, 0, 0 }, // U+200B
    { 2, 18, 0, -1, 17, 9, 0 }, // U+200C
    { 6, 19, 0, -3, 18, 29, 9 }, // U+200D
    { 7, 19, 0, -1, 18, 34, 38 }, // U+200E
    { 7, 19, 0, -6, 18, 34, 72 }, // U+200F
    { 9, 3, 169, 1, 9, 7, 106 }, // U+2010
    { 9, 3, 169, 1, 9, 7, 113 }, // U+2011
    { 16, 3, 259, 0, 10, 12, 120 }, // U+2012
    { 13, 3, 200, 0, 9, 10, 132 }, // U+2013
    { 25, 3, 400, 0, 9, 19, 142 }, // U+2014
    { 25, 3, 400, 0, 9, 19, 161 }, // U+2015
    { 8, 31, 215, 3, 25, 62, 180 }, // U+2016
    { 12, 5, 187, 0, 0, 15, 242 }, // U+2017
    { 5, 7, 118, 2, 18, 9, 257 }, // U+2018
    { 5, 7, 118, 2, 18, 9, 266 }, // U+2019
    { 5, 7, 109, 1, 3, 9, 275 }, // U+201A
    { 5, 7, 118, 1, 18, 9, 284 }, // U+201B
    { 10, 7, 203, 2, 18, 18, 293 }, // U+201C
    { 10, 7, 201, 2, 18, 18, 311 }, // U+201D
    { 10, 7, 192, 1, 3, 18, 329 }, // U+201E
    { 10, 7, 201, 1, 18, 18, 347 }, // U+201F
    { 12, 14, 221, 1, 18, 42, 365 }, // U+2020
    { 12, 18, 221, 1, 18, 54, 407 }, // U+2021
    { 9, 8, 201, 2, 11, 18, 461 }, // U+2022
    { 8, 9, 201, 3, 12, 18, 479 }, // U+2023
    { 4, 4, 128, 2, 4, 4, 497 }, // U+2024
    { 12, 4, 255, 2, 4, 12, 501 }, // U+2025
    { 20, 4, 382, 2, 4, 20, 513 }, // U+2026
    { 4, 4, 128, 2, 11, 4, 533 }, // U+2027
    { 0, 0, 66, 0, 0, 0, 537 }, // U+202F
    { 30, 18, 549, 2, 18, 135, 537 }, // U+2030
    { 40, 18, 696, 2, 18, 180, 672 }, // U+2031
    { 5, 7, 103, 1, 18, 9, 852 }, // U+2032
    { 11, 7, 205, 1, 18, 20, 861 }, // U+2033
    { 17, 7, 307, 1, 18, 30, 881 }, // U+2034
    { 5, 7, 103, 1, 18, 9, 911 }, // U+2035
    { 11, 7, 205, 1, 18, 20, 920 }, // U+2036
    { 17, 7, 307, 1, 18, 30, 940 }, // U+2037
    { 11, 6, 207, 1, -1, 17, 970 }, // U+2038
    { 9, 12, 166, 1, 14, 27, 987 }, // U+2039
    { 10, 12, 166, 0, 14, 30, 1014 }, // U+203A
    { 16, 15, 301, 1, 16, 60, 1044 }, // U+203B
    { 13, 18, 257, 2, 18, 59, 1104 }, // U+203C
    { 13, 18, 216, 0, 18, 59, 1163 }, // U+203D
    { 13, 3, 205, 0, 21, 10, 1222 }, // U+203E
    { 21, 5, 336, 0, -1, 27, 1232 }, // U+203F
    { 21, 6, 336, 0, 19, 32, 1259 }, // U+2040
    { 10, 15, 188, 1, 8, 38, 1291 }, // U+2041
    { 16, 14, 300, 1, 16, 56, 1329 }, // U+2042
    { 8, 3, 201, 2, 9, 6, 1385 }, // U+2043
    { 15, 18, 82, -5, 18, 68, 1391 }, // U+2044
    { 6, 23, 149, 2, 20, 35, 1459 }, // U+2045
    { 6, 23, 149, 1, 20, 35, 1494 }, // U+2046
    { 26, 18, 435, 0, 18, 117, 1529 }, // U+2047
    { 20, 18, 346, 0, 18, 90, 1646 }, // U+2048
    { 19, 18, 346, 2, 18, 86, 1736 }, // U+2049
    { 10, 19, 184, 1, 14, 48, 1822 }, // U+204A
    { 13, 18, 240, 1, 18, 59, 1870 }, // U+204B
    { 13, 11, 241, 1, 13, 36, 1929 }, // U+204C
    { 13, 11, 241, 1, 13, 36, 1965 }, // U+204D
    { 11, 10, 216, 1, 8, 28, 2001 }, // U+204E
    { 5, 18, 132, 2, 13, 23, 2029 }, // U+204F
    { 21, 26, 335, 0, 19, 137, 2052 }, // U+2050
    { 10, 22, 226, 3, 18, 55, 2189 }, // U+2051
    { 18, 18, 317, 1, 18, 81, 2244 }, // U+2052
    { 17, 5, 300, 1, 11, 22, 2325 }, // U+2053
    { 21, 5, 336, 0, -1, 27, 2347 }, // U+2054
    { 13, 12, 264, 2, 13, 39, 2374 }, // U+2055
    { 24, 7, 409, 1, 18, 42, 2413 }, // U+2057
    { 0, 0, 116, 0, 0, 0, 2455 }, // U+205F
    { 10, 10, 193, 1, 21, 25, 0 }, // U+2070
    { 4, 11, 86, 1, 22, 11, 25 }, // U+2071
    { 10, 10, 191, 1, 21, 25, 36 }, // U+2074
    { 10, 10, 185, 1, 21, 25, 61 }, // U+2075
    { 10, 10, 186, 1, 21, 25, 86 }, // U+2076
    { 10, 10, 167, 0, 21, 25, 111 }, // U+2077
    { 10, 10, 188, 1, 21, 25, 136 }, // U+2078
    { 10, 10, 186, 1, 21, 25, 161 }, // U+2079
    { 9, 7, 183, 1, 19, 16, 186 }, // U+207A
    { 9, 2, 183, 1, 17, 5, 202 }, // U+207B
    { 9, 5, 183, 1, 19, 12, 207 }, // U+207C
    { 6, 13, 113, 1, 22, 20, 219 }, // U+207D
    { 6, 13, 113, 0, 22, 20, 239 }, // U+207E
    { 9, 8, 181, 1, 19, 18, 259 }, // U+207F
    { 10, 10, 193, 1, 6, 25, 277 }, // U+2080
    { 6, 10, 129, 1, 6, 15, 302 }, // U+2081
    { 10, 10, 181, 1, 6, 25, 317 }, // U+2082
    { 10, 10, 185, 1, 6, 25, 342 }, // U+2083
    { 10, 10, 191, 1, 6, 25, 367 }, // U+2084
    { 10, 10, 185, 1, 6, 25, 392 }, // U+2085
    { 10, 10, 186, 1, 6, 25, 417 }, // U+2086
    { 10, 10, 167, 0, 6, 25, 442 }, // U+2087
    { 10, 10, 188, 1, 6, 25, 467 }, // U+2088
    { 10, 10, 186, 1, 6, 25, 492 }, // U+2089
    { 9, 7, 183, 1, 4, 16, 517 }, // U+208A
    { 9, 2, 183, 1, 2, 5, 533 }, // U+208B
    { 9, 5, 183, 1, 4, 12, 538 }, // U+208C
    { 6, 13, 113, 1, 7, 20, 550 }, // U+208D
    { 6, 13, 113, 0, 7, 20, 570 }, // U+208E
    { 9, 8, 166, 0, 4, 18, 590 }, // U+2090
    { 9, 8, 172, 1, 4, 18, 608 }, // U+2091
    { 9, 8, 176, 1, 4, 18, 626 }, // U+2092
    { 10, 8, 170, 0, 4, 20, 644 }, // U+2093
    { 10, 10, 188, 1, 5, 25, 664 }, // U+2094
    { 9, 10, 181, 1, 6, 23, 689 }, // U+2095
    { 9, 10, 167, 1, 6, 23, 712 }, // U+2096
    { 3, 10, 86, 1, 6, 8, 735 }, // U+2097
    { 14, 8, 257, 1, 4, 28, 743 }, // U+2098
    { 9, 8, 181, 1, 4, 18, 771 }, // U+2099
    { 10, 11, 180, 1, 4, 28, 789 }, // U+209A
    { 9, 8, 163, 1, 4, 18, 817 }, // U+209B
    { 7, 10, 106, 0, 6, 18, 835 }, // U+209C
    { 17, 19, 300, 1, 19, 81, 0 }, // U+20A0
    { 17, 23, 295, 1, 21, 98, 81 }, // U+20A1
    { 17, 18, 291, 1, 18, 77, 179 }, // U+20A2
    { 16, 18, 244, -1, 18, 72, 256 }, // U+20A3
    { 14, 18, 252, 1, 18, 63, 328 }, // U+20A4
    { 20, 18, 345, 1, 16, 90, 391 }, // U+20A5
    { 19, 18, 304, 0, 18, 86, 481 }, // U+20A6
    { 24, 18, 399, 1, 18, 108, 567 }, // U+20A7
    { 27, 18, 462, 1, 18, 122, 675 }, // U+20A8
    { 25, 18, 404, 0, 18, 113, 797 }, // U+20A9
    { 20, 14, 355, 1, 14, 70, 910 }, // U+20AA
    { 15, 23, 250, 1, 18, 87, 980 }, // U+20AB
    { 16, 18, 271, 0, 18, 72, 1067 }, // U+20AC
    { 19, 18, 308, 0, 18, 86, 1139 }, // U+20AD
    { 15, 18, 264, 1, 18, 68, 1225 }, // U+20AE
    { 34, 26, 575, 1, 21, 221, 1293 }, // U+20AF
    { 17, 18, 279, 0, 18, 77, 1514 }, // U+20B1
    { 17, 24, 300, 1, 21, 102, 1591 }, // U+20B2
    { 18, 18, 291, 0, 18, 81, 1693 }, // U+20B3
    { 15, 18, 281, 1, 18, 68, 1774 }, // U+20B4
    { 17, 24, 295, 1, 21, 102, 1842 }, // U+20B5
    { 15, 18, 264, 1, 18, 68, 1944 }, // U+20B8
    { 14, 19, 225, 0, 18, 67, 2012 }, // U+20B9
    { 14, 18, 251, 1, 18, 63, 2079 }, // U+20BA
    { 17, 14, 300, 1, 14, 60, 2142 }, // U+20BC
    { 17, 18, 291, 1, 18, 77, 2202 }, // U+20BD
    { 16, 18, 300, 1, 18, 72, 2279 }, // U+20BE
    { 15, 24, 264, 1, 21, 90, 2351 }, // U+20BF
    { 11, 15, 196, 1, 15, 42, 2441 }, // U+20C0
    { 19, 18, 382, 2, 17, 86, 0 }, // U+2190
    { 18, 19, 353, 2, 19, 86, 86 }, // U+2191
    { 19, 18, 382, 3, 17, 86, 172 }, // U+2192
    { 18, 19, 353, 2, 18, 86, 258 }, // U+2193
    { 30, 17, 536, 2, 17, 128, 344 }, // U+2194
    { 17, 30, 340, 2, 23, 128, 472 }, // U+2195
    { 14, 15, 312, 3, 14, 53, 600 }, // U+2196
    { 15, 15, 312, 2, 14, 57, 653 }, // U+2197
    { 15, 14, 312, 2, 14, 53, 710 }, // U+2198
    { 14, 14, 312, 3, 14, 49, 763 }, // U+2199
    { 25, 20, 462, 2, 19, 125, 812 }, // U+21A9
    { 25, 20, 462, 2, 19, 125, 937 }, // U+21AA
    { 21, 20, 401, 2, 20, 105, 1062 }, // U+21B0
    { 21, 20, 401, 2, 20, 105, 1167 }, // U+21B1
    { 21, 17, 401, 2, 19, 90, 1272 }, // U+21B3
    { 18, 19, 350, 2, 19, 86, 1362 }, // U+21B4
    { 21, 17, 401, 2, 19, 90, 1448 }, // U+21B5
    { 20, 23, 382, 2, 23, 115, 1538 }, // U+21BA
    { 20, 23, 382, 2, 23, 115, 1653 }, // U+21BB
    { 19, 19, 382, 2, 17, 91, 1768 }, // U+21D0
    { 19, 19, 382, 3, 17, 91, 1859 }, // U+21D2
    { 30, 19, 536, 2, 17, 143, 1950 }, // U+21D4
    { 12, 20, 250, 2, 20, 60, 2093 }, // U+21DE
    { 12, 20, 250, 2, 19, 60, 2153 }, // U+21DF
    { 22, 12, 415, 2, 15, 66, 2213 }, // U+21E4
    { 22, 12, 415, 2, 15, 66, 2279 }, // U+21E5
    { 23, 20, 431, 2, 20, 115, 2345 }, // U+21E7
    { 23, 25, 431, 2, 21, 144, 2460 }, // U+21EA
    { 14, 19, 263, 1, 19, 67, 0 }, // U+2202
    { 16, 16, 275, 1, 15, 64, 67 }, // U+2205
    { 18, 18, 289, 0, 18, 81, 131 }, // U+2206
    { 15, 22, 301, 2, 19, 83, 212 }, // U+220F
    { 16, 22, 282, 1, 19, 88, 295 }, // U+2211
    { 13, 3, 269, 2, 9, 10, 383 }, // U+2212
    { 15, 19, 262, 1, 19, 72, 393 }, // U+221A
    { 23, 11, 386, 1, 13, 64, 465 }, // U+221E
    { 11, 26, 153, -1, 20, 72, 529 }, // U+222B
    { 4, 13, 128, 2, 16, 13, 601 }, // U+2236
    { 14, 11, 269, 1, 13, 39, 614 }, // U+2248
    { 13, 14, 269, 2, 14, 46, 653 }, // U+2260
    { 13, 14, 269, 2, 15, 46, 699 }, // U+2264
    { 13, 14, 269, 2, 15, 46, 745 }, // U+2265
    { 35, 35, 556, 0, 27, 307, 791 }, // U+2295
    { 35, 35, 556, 0, 27, 307, 1098 }, // U+2296
    { 35, 35, 556, 0, 27, 307, 1405 }, // U+2297
    { 35, 35, 556, 0, 27, 307, 1712 }, // U+2298
};

static const EpdUnicodeInterval inksans_12_boldIntervals[] = {
    { 0x0, 0x0, 0x0 },
    { 0xD, 0xD, 0x1 },
    { 0x20, 0x7E, 0x2 },
    { 0xA0, 0xAC, 0x61 },
    { 0xAE, 0x148, 0x6E },
    { 0x14A, 0x17F, 0x109 },
    { 0x1A0, 0x1A1, 0x13F },
    { 0x1AF, 0x1B0, 0x141 },
    { 0x1C5, 0x21F, 0x143 },
    { 0x300, 0x304, 0x19E },
    { 0x306, 0x30C, 0x1A3 },
    { 0x30F, 0x30F, 0x1AA },
    { 0x313, 0x313, 0x1AB },
    { 0x315, 0x315, 0x1AC },
    { 0x31B, 0x31B, 0x1AD },
    { 0x323, 0x323, 0x1AE },
    { 0x326, 0x328, 0x1AF },
    { 0x32C, 0x32C, 0x1B2 },
    { 0x337, 0x338, 0x1B3 },
    { 0x342, 0x343, 0x1B5 },
    { 0x346, 0x36F, 0x1B7 },
    { 0x400, 0x479, 0x1E1 },
    { 0x480, 0x49D, 0x25B },
    { 0x4A0, 0x4FF, 0x279 },
    { 0x5D0, 0x5EA, 0x2D9 },
    { 0x5EF, 0x5F4, 0x2F4 },
    { 0x1EA0, 0x1EF9, 0x2FA },
    { 0x2000, 0x2027, 0x354 },
    { 0x202F, 0x2055, 0x37C },
    { 0x2057, 0x2057, 0x3A3 },
    { 0x205F, 0x205F, 0x3A4 },
    { 0x2070, 0x2071, 0x3A5 },
    { 0x2074, 0x208E, 0x3A7 },
    { 0x2090, 0x209C, 0x3C2 },
    { 0x20A0, 0x20AF, 0x3CF },
    { 0x20B1, 0x20B5, 0x3DF },
    { 0x20B8, 0x20BA, 0x3E4 },
    { 0x20BC, 0x20C0, 0x3E7 },
    { 0x2190, 0x2199, 0x3EC },
    { 0x21A9, 0x21AA, 0x3F6 },
    { 0x21B0, 0x21B1, 0x3F8 },
    { 0x21B3, 0x21B5, 0x3FA },
    { 0x21BA, 0x21BB, 0x3FD },
    { 0x21D0, 0x21D0, 0x3FF },
    { 0x21D2, 0x21D2, 0x400 },
    { 0x21D4, 0x21D4, 0x401 },
    { 0x21DE, 0x21DF, 0x402 },
    { 0x21E4, 0x21E5, 0x404 },
    { 0x21E7, 0x21E7, 0x406 },
    { 0x21EA, 0x21EA, 0x407 },
    { 0x2202, 0x2202, 0x408 },
    { 0x2205, 0x2206, 0x409 },
    { 0x220F, 0x220F, 0x40B },
    { 0x2211, 0x2212, 0x40C },
    { 0x221A, 0x221A, 0x40E },
    { 0x221E, 0x221E, 0x40F },
    { 0x222B, 0x222B, 0x410 },
    { 0x2236, 0x2236, 0x411 },
    { 0x2248, 0x2248, 0x412 },
    { 0x2260, 0x2260, 0x413 },
    { 0x2264, 0x2265, 0x414 },
    { 0x2295, 0x2298, 0x416 },
};

static const EpdFontGroup inksans_12_boldGroups[] = {
    { 0, 2502, 5782, 97, 0 },
    { 2502, 2306, 7134, 95, 97 },
    { 4808, 2709, 11066, 127, 192 },
    { 7517, 2622, 9640, 95, 319 },
    { 10139, 696, 1075, 67, 414 },
    { 10835, 6149, 21023, 248, 481 },
    { 16984, 775, 1880, 33, 729 },
    { 17759, 1517, 9362, 90, 762 },
    { 19276, 1270, 2764, 81, 852 },
    { 20546, 429, 1052, 42, 933 },
    { 20975, 1369, 2699, 29, 975 },
    { 22344, 1054, 2813, 28, 1004 },
    { 23398, 772, 2123, 18, 1032 },
};

static const EpdKernClassEntry inksans_12_boldKernLeftClasses[] = {
    { 0x0022, 1 }, // "
    { 0x0024, 2 }, // $
    { 0x0025, 3 }, // %
    { 0x0026, 4 }, // &
    { 0x0027, 1 }, // '
    { 0x0028, 5 }, // (
    { 0x0029, 6 }, // )
    { 0x002A, 7 }, // *
    { 0x002B, 8 }, // +
    { 0x002C, 9 }, // ,
    { 0x002D, 8 }, // -
    { 0x002E, 9 }, // .
    { 0x002F, 10 }, // /
    { 0x0030, 11 }, // 0
    { 0x0031, 12 }, // 1
    { 0x0032, 13 }, // 2
    { 0x0033, 14 }, // 3
    { 0x0034, 15 }, // 4
    { 0x0035, 16 }, // 5
    { 0x0036, 17 }, // 6
    { 0x0037, 18 }, // 7
    { 0x0038, 14 }, // 8
    { 0x0039, 11 }, // 9
    { 0x003A, 19 }, // :
    { 0x003B, 19 }, // ;
    { 0x003D, 20 }, // =
    { 0x003E, 21 }, // >
    { 0x003F, 22 }, // ?
    { 0x0040, 23 }, // @
    { 0x0041, 24 }, // A
    { 0x0042, 25 }, // B
    { 0x0043, 26 }, // C
    { 0x0044, 23 }, // D
    { 0x0045, 27 }, // E
    { 0x0046, 28 }, // F
    { 0x0047, 29 }, // G
    { 0x0048, 12 }, // H
    { 0x0049, 12 }, // I
    { 0x004A, 30 }, // J
    { 0x004B, 31 }, // K
    { 0x004C, 32 }, // L
    { 0x004D, 12 }, // M
    { 0x004E, 12 }, // N
    { 0x004F, 23 }, // O
    { 0x0050, 33 }, // P
    { 0x0051, 23 }, // Q
    { 0x0052, 34 }, // R
    { 0x0053, 2 }, // S
    { 0x0054, 35 }, // T
    { 0x0055, 30 }, // U
    { 0x0056, 36 }, // V
    { 0x0057, 37 }, // W
    { 0x0058, 38 }, // X
    { 0x0059, 39 }, // Y
    { 0x005A, 40 }, // Z
    { 0x005B, 41 }, // [
    { 0x005C, 42 }, // <backslash>
    { 0x005D, 6 }, // ]
    { 0x005E, 7 }, // ^
    { 0x005F, 43 }, // _
    { 0x0061, 44 }, // a
    { 0x0062, 45 }, // b
    { 0x0063, 45 }, // c
    { 0x0064, 12 }, // d
    { 0x0065, 45 }, // e
    { 0x0066, 46 }, // f
    { 0x0067, 47 }, // g
    { 0x0068, 44 }, // h
    { 0x0069, 48 }, // i
    { 0x006A, 48 }, // j
    { 0x006B, 49 }, // k
    { 0x006C, 12 }, // l
    { 0x006D, 44 }, // m
    { 0x006E, 44 }, // n
    { 0x006F, 45 }, // o
    { 0x0070, 45 }, // p
    { 0x0071, 47 }, // q
    { 0x0072, 50 }, // r
    { 0x0073, 51 }, // s
    { 0x0074, 52 }, // t
    { 0x0075, 53 }, // u
    { 0x0076, 54 }, // v
    { 0x0077, 55 }, // w
    { 0x0078, 56 }, // x
    { 0x0079, 54 }, // y
    { 0x007A, 57 }, // z
    { 0x007B, 5 }, // {
    { 0x007C, 12 }, // |
    { 0x007D, 6 }, // }
    { 0x007E, 8 }, // ~
    { 0x00A1, 58 }, // U+00A1
    { 0x00A2, 45 }, // U+00A2
    { 0x00A5, 59 }, // U+00A5
    { 0x00A9, 23 }, // U+00A9
    { 0x00AA, 60 }, // U+00AA
    { 0x00AB, 61 }, // U+00AB
    { 0x00AC, 62 }, // U+00AC
    { 0x00AE, 63 }, // U+00AE
    { 0x00B0, 7 }, // U+00B0
    { 0x00B1, 20 }, // U+00B1
    { 0x00B2, 64 }, // U+00B2
    { 0x00B3, 65 }, // U+00B3
    { 0x00B5, 66 }, // U+00B5
    { 0x00B6, 12 }, // U+00B6
    { 0x00B7, 67 }, // U+00B7
    { 0x00B9, 68 }, // U+00B9
    { 0x00BA, 60 }, // U+00BA
    { 0x00BB, 69 }, // U+00BB
    { 0x00BF, 70 }, // U+00BF
    { 0x00C0, 24 }, // U+00C0
    { 0x00C1, 24 }, // U+00C1
    { 0x00C2, 24 }, // U+00C2
    { 0x00C3, 24 }, // U+00C3
    { 0x00C4, 24 }, // U+00C4
    { 0x00C5, 24 }, // U+00C5
    { 0x00C6, 27 }, // U+00C6
    { 0x00C7, 26 }, // U+00C7
    { 0x00C8, 27 }, // U+00C8
    { 0x00C9, 27 }, // U+00C9
    { 0x00CA, 27 }, // U+00CA
    { 0x00CB, 27 }, // U+00CB
    { 0x00CC, 12 }, // U+00CC
    { 0x00CD, 12 }, // U+00CD
    { 0x00CE, 71 }, // U+00CE
    { 0x00CF, 71 }, // U+00CF
    { 0x00D0, 23 }, // U+00D0
    { 0x00D1, 12 }, // U+00D1
    { 0x00D2, 23 }, // U+00D2
    { 0x00D3, 23 }, // U+00D3
    { 0x00D4, 23 }, // U+00D4
    { 0x00D5, 23 }, // U+00D5
    { 0x00D6, 23 }, // U+00D6
    { 0x00D7, 72 }, // U+00D7
    { 0x00D8, 23 }, // U+00D8
    { 0x00D9, 30 }, // U+00D9
    { 0x00DA, 30 }, // U+00DA
    { 0x00DB, 30 }, // U+00DB
    { 0x00DC, 30 }, // U+00DC
    { 0x00DD, 39 }, // U+00DD
    { 0x00DE, 73 }, // U+00DE
    { 0x00DF, 74 }, // U+00DF
    { 0x00E0, 44 }, // U+00E0
    { 0x00E1, 44 }, // U+00E1
    { 0x00E2, 44 }, // U+00E2
    { 0x00E3, 44 }, // U+00E3
    { 0x00E4, 44 }, // U+00E4
    { 0x00E5, 44 }, // U+00E5
    { 0x00E6, 75 }, // U+00E6
    { 0x00E7, 45 }, // U+00E7
    { 0x00E8, 45 }, // U+00E8
    { 0x00E9, 45 }, // U+00E9
    { 0x00EA, 45 }, // U+00EA
    { 0x00EB, 45 }, // U+00EB
    { 0x00EC, 48 }, // U+00EC
    { 0x00ED, 48 }, // U+00ED
    { 0x00EE, 76 }, // U+00EE
    { 0x00EF, 77 }, // U+00EF
    { 0x00F0, 45 }, // U+00F0
    { 0x00F1, 78 }, // U+00F1
    { 0x00F2, 45 }, // U+00F2
    { 0x00F3, 45 }, // U+00F3
    { 0x00F4, 45 }, // U+00F4
    { 0x00F5, 79 }, // U+00F5
    { 0x00F6, 79 }, // U+00F6
    { 0x00F7, 8 }, // U+00F7
    { 0x00F8, 45 }, // U+00F8
    { 0x00F9, 53 }, // U+00F9
    { 0x00FA, 53 }, // U+00FA
    { 0x00FB, 53 }, // U+00FB
    { 0x00FC, 53 }, // U+00FC
    { 0x00FD, 54 }, // U+00FD
    { 0x00FE, 45 }, // U+00FE
    { 0x00FF, 54 }, // U+00FF
    { 0x0100, 24 }, // U+0100
    { 0x0101, 80 }, // U+0101
    { 0x0102, 24 }, // U+0102
    { 0x0103, 44 }, // U+0103
    { 0x0104, 24 }, // U+0104
    { 0x0105, 44 }, // U+0105
    { 0x0106, 26 }, // U+0106
    { 0x0107, 45 }, // U+0107
    { 0x0108, 26 }, // U+0108
    { 0x0109, 45 }, // U+0109
    { 0x010A, 26 }, // U+010A
    { 0x010B, 45 }, // U+010B
    { 0x010C, 26 }, // U+010C
    { 0x010D, 45 }, // U+010D
    { 0x010E, 23 }, // U+010E
    { 0x010F, 81 }, // U+010F
    { 0x0111, 82 }, // U+0111
    { 0x0112, 27 }, // U+0112
    { 0x0113, 45 }, // U+0113
    { 0x0114, 27 }, // U+0114
    { 0x0115, 45 }, // U+0115
    { 0x0116, 27 }, // U+0116
    { 0x0117, 45 }, // U+0117
    { 0x0118, 27 }, // U+0118
    { 0x0119, 45 }, // U+0119
    { 0x011A, 27 }, // U+011A
    { 0x011B, 45 }, // U+011B
    { 0x011C, 29 }, // U+011C
    { 0x011D, 47 }, // U+011D
    { 0x011E, 29 }, // U+011E
    { 0x011F, 47 }, // U+011F
    { 0x0120, 29 }, // U+0120
    { 0x0121, 47 }, // U+0121
    { 0x0122, 29 }, // U+0122
    { 0x0123, 47 }, // U+0123
    { 0x0124, 12 }, // U+0124
    { 0x0125, 44 }, // U+0125
    { 0x0126, 12 }, // U+0126
    { 0x0127, 44 }, // U+0127
    { 0x0128, 71 }, // U+0128
    { 0x0129, 83 }, // U+0129
    { 0x012A, 71 }, // U+012A
    { 0x012B, 84 }, // U+012B
    { 0x012C, 71 }, // U+012C
    { 0x012D, 85 }, // U+012D
    { 0x012E, 12 }, // U+012E
    { 0x012F, 48 }, // U+012F
    { 0x0130, 12 }, // U+0130
    { 0x0131, 48 }, // U+0131
    { 0x0133, 48 }, // U+0133
    { 0x0134, 30 }, // U+0134
    { 0x0135, 86 }, // U+0135
    { 0x0136, 31 }, // U+0136
    { 0x0137, 49 }, // U+0137
    { 0x0138, 49 }, // U+0138
    { 0x0139, 87 }, // U+0139
    { 0x013A, 88 }, // U+013A
    { 0x013B, 32 }, // U+013B
    { 0x013C, 12 }, // U+013C
    { 0x013D, 89 }, // U+013D
    { 0x013E, 12 }, // U+013E
    { 0x013F, 90 }, // U+013F
    { 0x0140, 91 }, // U+0140
    { 0x0141, 92 }, // U+0141
    { 0x0142, 91 }, // U+0142
    { 0x0143, 12 }, // U+0143
    { 0x0144, 44 }, // U+0144
    { 0x0145, 12 }, // U+0145
    { 0x0146, 44 }, // U+0146
    { 0x0147, 12 }, // U+0147
    { 0x0148, 44 }, // U+0148
    { 0x014A, 12 }, // U+014A
    { 0x014C, 23 }, // U+014C
    { 0x014D, 45 }, // U+014D
    { 0x014E, 23 }, // U+014E
    { 0x014F, 45 }, // U+014F
    { 0x0150, 23 }, // U+0150
    { 0x0151, 45 }, // U+0151
    { 0x0152, 27 }, // U+0152
    { 0x0153, 45 }, // U+0153
    { 0x0154, 34 }, // U+0154
    { 0x0155, 50 }, // U+0155
    { 0x0156, 34 }, // U+0156
    { 0x0157, 50 }, // U+0157
    { 0x0158, 34 }, // U+0158
    { 0x0159, 50 }, // U+0159
    { 0x015A, 2 }, // U+015A
    { 0x015B, 51 }, // U+015B
    { 0x015C, 2 }, // U+015C
    { 0x015D, 51 }, // U+015D
    { 0x015E, 2 }, // U+015E
    { 0x015F, 51 }, // U+015F
    { 0x0160, 2 }, // U+0160
    { 0x0161, 51 }, // U+0161
    { 0x0162, 93 }, // U+0162
    { 0x0163, 52 }, // U+0163
    { 0x0164, 94 }, // U+0164
    { 0x0165, 52 }, // U+0165
    { 0x0166, 95 }, // U+0166
    { 0x0167, 52 }, // U+0167
    { 0x0168, 30 }, // U+0168
    { 0x0169, 53 }, // U+0169
    { 0x016A, 30 }, // U+016A
    { 0x016B, 53 }, // U+016B
    { 0x016C, 30 }, // U+016C
    { 0x016D, 53 }, // U+016D
    { 0x016E, 30 }, // U+016E
    { 0x016F, 53 }, // U+016F
    { 0x0170, 30 }, // U+0170
    { 0x0171, 53 }, // U+0171
    { 0x0172, 30 }, // U+0172
    { 0x0173, 53 }, // U+0173
    { 0x0174, 37 }, // U+0174
    { 0x0175, 55 }, // U+0175
    { 0x0176, 39 }, // U+0176
    { 0x0177, 54 }, // U+0177
    { 0x0178, 39 }, // U+0178
    { 0x0179, 40 }, // U+0179
    { 0x017A, 57 }, // U+017A
    { 0x017B, 40 }, // U+017B
    { 0x017C, 57 }, // U+017C
    { 0x017D, 40 }, // U+017D
    { 0x017E, 57 }, // U+017E
    { 0x017F, 96 }, // U+017F
    { 0x01A0, 97 }, // U+01A0
    { 0x01A1, 98 }, // U+01A1
    { 0x01AF, 99 }, // U+01AF
    { 0x01B0, 100 }, // U+01B0
    { 0x01C5, 101 }, // U+01C5
    { 0x01C6, 57 }, // U+01C6
    { 0x01C8, 48 }, // U+01C8
    { 0x01C9, 48 }, // U+01C9
    { 0x01CB, 48 }, // U+01CB
    { 0x01CC, 48 }, // U+01CC
    { 0x01CD, 24 }, // U+01CD
    { 0x01CE, 44 }, // U+01CE
    { 0x01CF, 88 }, // U+01CF
    { 0x01D0, 102 }, // U+01D0
    { 0x01D1, 23 }, // U+01D1
    { 0x01D2, 45 }, // U+01D2
    { 0x01D3, 30 }, // U+01D3
    { 0x01D4, 53 }, // U+01D4
    { 0x01D5, 30 }, // U+01D5
    { 0x01D6, 53 }, // U+01D6
    { 0x01D7, 30 }, // U+01D7
    { 0x01D8, 53 }, // U+01D8
    { 0x01D9, 30 }, // U+01D9
    { 0x01DA, 53 }, // U+01DA
    { 0x01DB, 30 }, // U+01DB
    { 0x01DC, 53 }, // U+01DC
    { 0x01DD, 45 }, // U+01DD
    { 0x01DE, 24 }, // U+01DE
    { 0x01DF, 44 }, // U+01DF
    { 0x01E0, 24 }, // U+01E0
    { 0x01E1, 44 }, // U+01E1
    { 0x01E2, 27 }, // U+01E2
    { 0x01E3, 75 }, // U+01E3
    { 0x01E4, 29 }, // U+01E4
    { 0x01E5, 47 }, // U+01E5
    { 0x01E6, 29 }, // U+01E6
    { 0x01E7, 47 }, // U+01E7
    { 0x01E8, 31 }, // U+01E8
    { 0x01E9, 49 }, // U+01E9
    { 0x01EA, 23 }, // U+01EA
    { 0x01EB, 45 }, // U+01EB
    { 0x01EC, 23 }, // U+01EC
    { 0x01ED, 45 }, // U+01ED
    { 0x01F0, 48 }, // U+01F0
    { 0x01F1, 103 }, // U+01F1
    { 0x01F2, 57 }, // U+01F2
    { 0x01F3, 57 }, // U+01F3
    { 0x01F4, 29 }, // U+01F4
    { 0x01F5, 47 }, // U+01F5
    { 0x01F6, 104 }, // U+01F6
    { 0x01F8, 12 }, // U+01F8
    { 0x01F9, 44 }, // U+01F9
    { 0x01FA, 24 }, // U+01FA
    { 0x01FB, 44 }, // U+01FB
    { 0x01FC, 27 }, // U+01FC
    { 0x01FD, 75 }, // U+01FD
    { 0x01FE, 23 }, // U+01FE
    { 0x01FF, 45 }, // U+01FF
    { 0x0200, 24 }, // U+0200
    { 0x0201, 44 }, // U+0201
    { 0x0202, 24 }, // U+0202
    { 0x0203, 44 }, // U+0203
    { 0x0204, 27 }, // U+0204
    { 0x0205, 45 }, // U+0205
    { 0x0206, 27 }, // U+0206
    { 0x0207, 45 }, // U+0207
    { 0x0208, 105 }, // U+0208
    { 0x0209, 106 }, // U+0209
    { 0x020A, 71 }, // U+020A
    { 0x020B, 107 }, // U+020B
    { 0x020C, 23 }, // U+020C
    { 0x020D, 45 }, // U+020D
    { 0x020E, 23 }, // U+020E
    { 0x020F, 45 }, // U+020F
    { 0x0210, 34 }, // U+0210
    { 0x0211, 50 }, // U+0211
    { 0x0212, 34 }, // U+0212
    { 0x0213, 50 }, // U+0213
    { 0x0214, 30 }, // U+0214
    { 0x0215, 53 }, // U+0215
    { 0x0216, 30 }, // U+0216
    { 0x0217, 53 }, // U+0217
    { 0x0218, 2 }, // U+0218
    { 0x0219, 51 }, // U+0219
    { 0x021A, 35 }, // U+021A
    { 0x021B, 52 }, // U+021B
    { 0x021E, 12 }, // U+021E
    { 0x021F, 44 }, // U+021F
    { 0x0400, 27 }, // U+0400
    { 0x0401, 27 }, // U+0401
    { 0x0402, 45 }, // U+0402
    { 0x0403, 35 }, // U+0403
    { 0x0404, 108 }, // U+0404
    { 0x0405, 2 }, // U+0405
    { 0x0406, 12 }, // U+0406
    { 0x0407, 71 }, // U+0407
    { 0x0408, 30 }, // U+0408
    { 0x0409, 45 }, // U+0409
    { 0x040A, 45 }, // U+040A
    { 0x040B, 44 }, // U+040B
    { 0x040C, 31 }, // U+040C
    { 0x040D, 12 }, // U+040D
    { 0x040F, 12 }, // U+040F
    { 0x0410, 24 }, // U+0410
    { 0x0411, 25 }, // U+0411
    { 0x0412, 25 }, // U+0412
    { 0x0413, 35 }, // U+0413
    { 0x0414, 109 }, // U+0414
    { 0x0415, 27 }, // U+0415
    { 0x0416, 110 }, // U+0416
    { 0x0417, 14 }, // U+0417
    { 0x0418, 12 }, // U+0418
    { 0x0419, 12 }, // U+0419
    { 0x041A, 31 }, // U+041A
    { 0x041B, 12 }, // U+041B
    { 0x041C, 12 }, // U+041C
    { 0x041D, 12 }, // U+041D
    { 0x041E, 23 }, // U+041E
    { 0x041F, 12 }, // U+041F
    { 0x0420, 33 }, // U+0420
    { 0x0421, 26 }, // U+0421
    { 0x0422, 35 }, // U+0422
    { 0x0423, 39 }, // U+0423
    { 0x0424, 111 }, // U+0424
    { 0x0425, 38 }, // U+0425
    { 0x0426, 109 }, // U+0426
    { 0x0427, 12 }, // U+0427
    { 0x0428, 12 }, // U+0428
    { 0x0429, 109 }, // U+0429
    { 0x042A, 45 }, // U+042A
    { 0x042B, 12 }, // U+042B
    { 0x042C, 45 }, // U+042C
    { 0x042D, 23 }, // U+042D
    { 0x042E, 112 }, // U+042E
    { 0x0430, 44 }, // U+0430
    { 0x0432, 51 }, // U+0432
    { 0x0433, 50 }, // U+0433
    { 0x0434, 113 }, // U+0434
    { 0x0435, 45 }, // U+0435
    { 0x0436, 56 }, // U+0436
    { 0x0437, 44 }, // U+0437
    { 0x0438, 44 }, // U+0438
    { 0x0439, 44 }, // U+0439
    { 0x043A, 49 }, // U+043A
    { 0x043B, 44 }, // U+043B
    { 0x043C, 44 }, // U+043C
    { 0x043D, 44 }, // U+043D
    { 0x043E, 45 }, // U+043E
    { 0x043F, 44 }, // U+043F
    { 0x0440, 45 }, // U+0440
    { 0x0441, 45 }, // U+0441
    { 0x0442, 114 }, // U+0442
    { 0x0443, 54 }, // U+0443
    { 0x0444, 45 }, // U+0444
    { 0x0445, 56 }, // U+0445
    { 0x0446, 113 }, // U+0446
    { 0x0447, 44 }, // U+0447
    { 0x0448, 44 }, // U+0448
    { 0x0449, 113 }, // U+0449
    { 0x044A, 115 }, // U+044A
    { 0x044B, 48 }, // U+044B
    { 0x044C, 115 }, // U+044C
    { 0x044D, 45 }, // U+044D
    { 0x044E, 45 }, // U+044E
    { 0x044F, 44 }, // U+044F
    { 0x0450, 45 }, // U+0450
    { 0x0451, 45 }, // U+0451
    { 0x0452, 44 }, // U+0452
    { 0x0453, 50 }, // U+0453
    { 0x0454, 45 }, // U+0454
    { 0x0455, 51 }, // U+0455
    { 0x0456, 48 }, // U+0456
    { 0x0457, 77 }, // U+0457
    { 0x0458, 48 }, // U+0458
    { 0x0459, 115 }, // U+0459
    { 0x045A, 115 }, // U+045A
    { 0x045B, 44 }, // U+045B
    { 0x045C, 49 }, // U+045C
    { 0x045D, 44 }, // U+045D
    { 0x045E, 54 }, // U+045E
    { 0x045F, 53 }, // U+045F
    { 0x0460, 12 }, // U+0460
    { 0x0462, 45 }, // U+0462
    { 0x0463, 45 }, // U+0463
    { 0x0464, 26 }, // U+0464
    { 0x0465, 45 }, // U+0465
    { 0x0466, 24 }, // U+0466
    { 0x0467, 24 }, // U+0467
    { 0x0468, 24 }, // U+0468
    { 0x046E, 25 }, // U+046E
    { 0x0472, 23 }, // U+0472
    { 0x0473, 45 }, // U+0473
    { 0x0474, 36 }, // U+0474
    { 0x0475, 54 }, // U+0475
    { 0x0476, 36 }, // U+0476
    { 0x0477, 54 }, // U+0477
    { 0x0479, 46 }, // U+0479
    { 0x0481, 45 }, // U+0481
    { 0x048A, 12 }, // U+048A
    { 0x048B, 52 }, // U+048B
    { 0x048C, 45 }, // U+048C
    { 0x048D, 45 }, // U+048D
    { 0x048E, 33 }, // U+048E
    { 0x048F, 45 }, // U+048F
    { 0x0490, 35 }, // U+0490
    { 0x0491, 50 }, // U+0491
    { 0x0492, 35 }, // U+0492
    { 0x0493, 50 }, // U+0493
    { 0x0497, 56 }, // U+0497
    { 0x0498, 14 }, // U+0498
    { 0x049A, 31 }, // U+049A
    { 0x049B, 49 }, // U+049B
    { 0x049C, 31 }, // U+049C
    { 0x049D, 49 }, // U+049D
    { 0x04A0, 31 }, // U+04A0
    { 0x04A1, 49 }, // U+04A1
    { 0x04A2, 52 }, // U+04A2
    { 0x04A3, 52 }, // U+04A3
    { 0x04A4, 35 }, // U+04A4
    { 0x04A5, 50 }, // U+04A5
    { 0x04A6, 45 }, // U+04A6
    { 0x04A7, 115 }, // U+04A7
    { 0x04A9, 75 }, // U+04A9
    { 0x04AA, 26 }, // U+04AA
    { 0x04AB, 45 }, // U+04AB
    { 0x04AC, 35 }, // U+04AC
    { 0x04AD, 50 }, // U+04AD
    { 0x04AE, 39 }, // U+04AE
    { 0x04AF, 54 }, // U+04AF
    { 0x04B0, 39 }, // U+04B0
    { 0x04B1, 54 }, // U+04B1
    { 0x04B3, 56 }, // U+04B3
    { 0x04B5, 113 }, // U+04B5
    { 0x04B7, 52 }, // U+04B7
    { 0x04B9, 44 }, // U+04B9
    { 0x04BA, 44 }, // U+04BA
    { 0x04BB, 44 }, // U+04BB
    { 0x04BD, 45 }, // U+04BD
    { 0x04BF, 75 }, // U+04BF
    { 0x04C0, 12 }, // U+04C0
    { 0x04C1, 38 }, // U+04C1
    { 0x04C3, 25 }, // U+04C3
    { 0x04C4, 44 }, // U+04C4
    { 0x04C6, 52 }, // U+04C6
    { 0x04C7, 12 }, // U+04C7
    { 0x04C8, 44 }, // U+04C8
    { 0x04C9, 52 }, // U+04C9
    { 0x04CA, 52 }, // U+04CA
    { 0x04CC, 44 }, // U+04CC
    { 0x04CD, 12 }, // U+04CD
    { 0x04CE, 52 }, // U+04CE
    { 0x04CF, 12 }, // U+04CF
    { 0x04D0, 24 }, // U+04D0
    { 0x04D1, 44 }, // U+04D1
    { 0x04D2, 24 }, // U+04D2
    { 0x04D3, 44 }, // U+04D3
    { 0x04D4, 27 }, // U+04D4
    { 0x04D5, 75 }, // U+04D5
    { 0x04D6, 27 }, // U+04D6
    { 0x04D7, 45 }, // U+04D7
    { 0x04D9, 45 }, // U+04D9
    { 0x04DA, 23 }, // U+04DA
    { 0x04DB, 45 }, // U+04DB
    { 0x04DC, 38 }, // U+04DC
    { 0x04E0, 14 }, // U+04E0
    { 0x04E2, 12 }, // U+04E2
    { 0x04E3, 44 }, // U+04E3
    { 0x04E4, 12 }, // U+04E4
    { 0x04E5, 44 }, // U+04E5
    { 0x04E6, 23 }, // U+04E6
    { 0x04E7, 45 }, // U+04E7
    { 0x04E8, 23 }, // U+04E8
    { 0x04E9, 45 }, // U+04E9
    { 0x04EA, 23 }, // U+04EA
    { 0x04EB, 45 }, // U+04EB
    { 0x04ED, 45 }, // U+04ED
    { 0x04EF, 54 }, // U+04EF
    { 0x04F1, 54 }, // U+04F1
    { 0x04F3, 54 }, // U+04F3
    { 0x04F5, 44 }, // U+04F5
    { 0x04F6, 35 }, // U+04F6
    { 0x04F7, 50 }, // U+04F7
    { 0x04F9, 44 }, // U+04F9
    { 0x04FA, 35 }, // U+04FA
    { 0x04FB, 50 }, // U+04FB
    { 0x04FC, 38 }, // U+04FC
    { 0x04FD, 56 }, // U+04FD
    { 0x04FE, 38 }, // U+04FE
    { 0x04FF, 56 }, // U+04FF
    { 0x05D0, 116 }, // U+05D0
    { 0x05D1, 117 }, // U+05D1
    { 0x05D2, 118 }, // U+05D2
    { 0x05D3, 119 }, // U+05D3
    { 0x05D5, 120 }, // U+05D5
    { 0x05D6, 121 }, // U+05D6
    { 0x05D8, 122 }, // U+05D8
    { 0x05D9, 123 }, // U+05D9
    { 0x05DB, 124 }, // U+05DB
    { 0x05DC, 125 }, // U+05DC
    { 0x05DE, 126 }, // U+05DE
    { 0x05E0, 127 }, // U+05E0
    { 0x05E1, 128 }, // U+05E1
    { 0x05E2, 129 }, // U+05E2
    { 0x05E4, 130 }, // U+05E4
    { 0x05E6, 131 }, // U+05E6
    { 0x05E8, 132 }, // U+05E8
    { 0x05E9, 133 }, // U+05E9
    { 0x05EA, 134 }, // U+05EA
    { 0x1EA0, 24 }, // U+1EA0
    { 0x1EA1, 44 }, // U+1EA1
    { 0x1EA2, 24 }, // U+1EA2
    { 0x1EA3, 44 }, // U+1EA3
    { 0x1EA4, 24 }, // U+1EA4
    { 0x1EA5, 44 }, // U+1EA5
    { 0x1EA6, 24 }, // U+1EA6
    { 0x1EA7, 44 }, // U+1EA7
    { 0x1EA8, 24 }, // U+1EA8
    { 0x1EA9, 44 }, // U+1EA9
    { 0x1EAA, 24 }, // U+1EAA
    { 0x1EAB, 44 }, // U+1EAB
    { 0x1EAC, 24 }, // U+1EAC
    { 0x1EAD, 44 }, // U+1EAD
    { 0x1EAE, 24 }, // U+1EAE
    { 0x1EAF, 44 }, // U+1EAF
    { 0x1EB0, 24 }, // U+1EB0
    { 0x1EB1, 44 }, // U+1EB1
    { 0x1EB2, 24 }, // U+1EB2
    { 0x1EB3, 44 }, // U+1EB3
    { 0x1EB4, 24 }, // U+1EB4
    { 0x1EB5, 44 }, // U+1EB5
    { 0x1EB6, 24 }, // U+1EB6
    { 0x1EB7, 44 }, // U+1EB7
    { 0x1EB8, 27 }, // U+1EB8
    { 0x1EB9, 45 }, // U+1EB9
    { 0x1EBA, 27 }, // U+1EBA
    { 0x1EBB, 45 }, // U+1EBB
    { 0x1EBC, 27 }, // U+1EBC
    { 0x1EBD, 45 }, // U+1EBD
    { 0x1EBE, 27 }, // U+1EBE
    { 0x1EBF, 45 }, // U+1EBF
    { 0x1EC0, 27 }, // U+1EC0
    { 0x1EC1, 45 }, // U+1EC1
    { 0x1EC2, 27 }, // U+1EC2
    { 0x1EC3, 45 }, // U+1EC3
    { 0x1EC4, 27 }, // U+1EC4
    { 0x1EC5, 45 }, // U+1EC5
    { 0x1EC6, 27 }, // U+1EC6
    { 0x1EC7, 45 }, // U+1EC7
    { 0x1EC8, 12 }, // U+1EC8
    { 0x1EC9, 106 }, // U+1EC9
    { 0x1ECA, 12 }, // U+1ECA
    { 0x1ECB, 135 }, // U+1ECB
    { 0x1ECC, 23 }, // U+1ECC
    { 0x1ECD, 45 }, // U+1ECD
    { 0x1ECE, 23 }, // U+1ECE
    { 0x1ECF, 45 }, // U+1ECF
    { 0x1ED0, 23 }, // U+1ED0
    { 0x1ED1, 45 }, // U+1ED1
    { 0x1ED2, 23 }, // U+1ED2
    { 0x1ED3, 45 }, // U+1ED3
    { 0x1ED4, 23 }, // U+1ED4
    { 0x1ED5, 45 }, // U+1ED5
    { 0x1ED6, 23 }, // U+1ED6
    { 0x1ED7, 45 }, // U+1ED7
    { 0x1ED8, 23 }, // U+1ED8
    { 0x1ED9, 45 }, // U+1ED9
    { 0x1EDA, 23 }, // U+1EDA
    { 0x1EDB, 45 }, // U+1EDB
    { 0x1EDC, 23 }, // U+1EDC
    { 0x1EDD, 45 }, // U+1EDD
    { 0x1EDE, 23 }, // U+1EDE
    { 0x1EDF, 45 }, // U+1EDF
    { 0x1EE0, 23 }, // U+1EE0
    { 0x1EE1, 45 }, // U+1EE1
    { 0x1EE2, 23 }, // U+1EE2
    { 0x1EE3, 45 }, // U+1EE3
    { 0x1EE4, 30 }, // U+1EE4
    { 0x1EE5, 53 }, // U+1EE5
    { 0x1EE6, 30 }, // U+1EE6
    { 0x1EE7, 53 }, // U+1EE7
    { 0x1EE8, 136 }, // U+1EE8
    { 0x1EE9, 53 }, // U+1EE9
    { 0x1EEA, 136 }, // U+1EEA
    { 0x1EEB, 53 }, // U+1EEB
    { 0x1EEC, 136 }, // U+1EEC
    { 0x1EED, 100 }, // U+1EED
    { 0x1EEE, 136 }, // U+1EEE
    { 0x1EEF, 53 }, // U+1EEF
    { 0x1EF0, 136 }, // U+1EF0
    { 0x1EF1, 53 }, // U+1EF1
    { 0x1EF2, 39 }, // U+1EF2
    { 0x1EF3, 54 }, // U+1EF3
    { 0x1EF4, 137 }, // U+1EF4
    { 0x1EF5, 54 }, // U+1EF5
    { 0x1EF6, 137 }, // U+1EF6
    { 0x1EF7, 54 }, // U+1EF7
    { 0x1EF8, 137 }, // U+1EF8
    { 0x1EF9, 54 }, // U+1EF9
    { 0x2018, 138 }, // U+2018
    { 0x2019, 139 }, // U+2019
    { 0x201A, 140 }, // U+201A
    { 0x201C, 138 }, // U+201C
    { 0x201D, 139 }, // U+201D
    { 0x201E, 140 }, // U+201E
    { 0x2020, 60 }, // U+2020
    { 0x2021, 60 }, // U+2021
    { 0x2022, 141 }, // U+2022
    { 0x2023, 141 }, // U+2023
    { 0x2026, 142 }, // U+2026
    { 0x2034, 139 }, // U+2034
    { 0x2039, 61 }, // U+2039
    { 0x203A, 69 }, // U+203A
    { 0x203D, 22 }, // U+203D
    { 0x2043, 141 }, // U+2043
    { 0x204B, 33 }, // U+204B
    { 0x204C, 44 }, // U+204C
    { 0x204D, 141 }, // U+204D
    { 0x204F, 19 }, // U+204F
    { 0x2070, 65 }, // U+2070
    { 0x2071, 143 }, // U+2071
    { 0x2074, 144 }, // U+2074
    { 0x2075, 65 }, // U+2075
    { 0x2076, 65 }, // U+2076
    { 0x2077, 145 }, // U+2077
    { 0x2078, 65 }, // U+2078
    { 0x2079, 65 }, // U+2079
    { 0x207A, 146 }, // U+207A
    { 0x207B, 146 }, // U+207B
    { 0x207D, 147 }, // U+207D
    { 0x2080, 148 }, // U+2080
    { 0x2081, 148 }, // U+2081
    { 0x2082, 148 }, // U+2082
    { 0x2083, 148 }, // U+2083
    { 0x2084, 148 }, // U+2084
    { 0x2085, 149 }, // U+2085
    { 0x2086, 148 }, // U+2086
    { 0x2087, 150 }, // U+2087
    { 0x2088, 148 }, // U+2088
    { 0x2089, 148 }, // U+2089
    { 0x208A, 148 }, // U+208A
    { 0x208B, 148 }, // U+208B
    { 0x208C, 148 }, // U+208C
    { 0x208D, 148 }, // U+208D
    { 0x208E, 148 }, // U+208E
    { 0x2090, 148 }, // U+2090
    { 0x2091, 148 }, // U+2091
    { 0x2092, 148 }, // U+2092
    { 0x2093, 148 }, // U+2093
    { 0x2095, 148 }, // U+2095
    { 0x2096, 148 }, // U+2096
    { 0x2097, 148 }, // U+2097
    { 0x2098, 148 }, // U+2098
    { 0x2099, 148 }, // U+2099
    { 0x209A, 148 }, // U+209A
    { 0x209B, 148 }, // U+209B
    { 0x209C, 148 }, // U+209C
    { 0x20A1, 26 }, // U+20A1
    { 0x20A7, 52 }, // U+20A7
    { 0x20A8, 51 }, // U+20A8
    { 0x20A9, 151 }, // U+20A9
    { 0x20AF, 45 }, // U+20AF
    { 0x20B2, 29 }, // U+20B2
    { 0x20B5, 26 }, // U+20B5
    { 0x20BD, 152 }, // U+20BD
    { 0x20BF, 25 }, // U+20BF
    { 0x2190, 8 }, // U+2190
    { 0x21D0, 20 }, // U+21D0
    { 0x2206, 24 }, // U+2206
    { 0x2212, 8 }, // U+2212
    { 0x221E, 90 }, // U+221E
    { 0x2248, 20 }, // U+2248
    { 0x2260, 20 }, // U+2260
    { 0x2264, 20 }, // U+2264
    { 0x2265, 20 }, // U+2265
};

static const EpdKernClassEntry inksans_12_boldKernRightClasses[] = {
    { 0x0020, 1 }, // U+0020
    { 0x0021, 2 }, // !
    { 0x0022, 3 }, // "
    { 0x0023, 4 }, // #
    { 0x0024, 5 }, // $
    { 0x0026, 6 }, // &
    { 0x0027, 3 }, // '
    { 0x0028, 7 }, // (
    { 0x0029, 8 }, // )
    { 0x002A, 9 }, // *
    { 0x002B, 10 }, // +
    { 0x002C, 11 }, // ,
    { 0x002D, 12 }, // -
    { 0x002E, 13 }, // .
    { 0x002F, 14 }, // /
    { 0x0030, 15 }, // 0
    { 0x0031, 16 }, // 1
    { 0x0032, 17 }, // 2
    { 0x0033, 18 }, // 3
    { 0x0034, 19 }, // 4
    { 0x0035, 20 }, // 5
    { 0x0036, 15 }, // 6
    { 0x0037, 21 }, // 7
    { 0x0038, 22 }, // 8
    { 0x0039, 20 }, // 9
    { 0x003A, 23 }, // :
    { 0x003B, 23 }, // ;
    { 0x003C, 24 }, // <
    { 0x003D, 25 }, // =
    { 0x003F, 26 }, // ?
    { 0x0040, 27 }, // @
    { 0x0041, 28 }, // A
    { 0x0042, 29 }, // B
    { 0x0043, 30 }, // C
    { 0x0044, 29 }, // D
    { 0x0045, 29 }, // E
    { 0x0046, 29 }, // F
    { 0x0047, 30 }, // G
    { 0x0048, 29 }, // H
    { 0x0049, 29 }, // I
    { 0x004A, 31 }, // J
    { 0x004B, 29 }, // K
    { 0x004C, 29 }, // L
    { 0x004D, 29 }, // M
    { 0x004E, 29 }, // N
    { 0x004F, 30 }, // O
    { 0x0050, 29 }, // P
    { 0x0051, 30 }, // Q
    { 0x0052, 29 }, // R
    { 0x0053, 5 }, // S
    { 0x0054, 32 }, // T
    { 0x0055, 33 }, // U
    { 0x0056, 34 }, // V
    { 0x0057, 35 }, // W
    { 0x0058, 36 }, // X
    { 0x0059, 37 }, // Y
    { 0x005A, 38 }, // Z
    { 0x005B, 7 }, // [
    { 0x005C, 34 }, // <backslash>
    { 0x005D, 8 }, // ]
    { 0x005E, 39 }, // ^
    { 0x005F, 40 }, // _
    { 0x0061, 41 }, // a
    { 0x0062, 29 }, // b
    { 0x0063, 42 }, // c
    { 0x0064, 42 }, // d
    { 0x0065, 42 }, // e
    { 0x0066, 43 }, // f
    { 0x0067, 42 }, // g
    { 0x0068, 29 }, // h
    { 0x0069, 44 }, // i
    { 0x006A, 45 }, // j
    { 0x006B, 29 }, // k
    { 0x006C, 29 }, // l
    { 0x006D, 46 }, // m
    { 0x006E, 46 }, // n
    { 0x006F, 42 }, // o
    { 0x0070, 46 }, // p
    { 0x0071, 42 }, // q
    { 0x0072, 46 }, // r
    { 0x0073, 47 }, // s
    { 0x0074, 48 }, // t
    { 0x0075, 49 }, // u
    { 0x0076, 50 }, // v
    { 0x0077, 51 }, // w
    { 0x0078, 52 }, // x
    { 0x0079, 50 }, // y
    { 0x007A, 53 }, // z
    { 0x007B, 7 }, // {
    { 0x007C, 29 }, // |
    { 0x007D, 8 }, // }
    { 0x007E, 54 }, // ~
    { 0x00A2, 42 }, // U+00A2
    { 0x00A9, 30 }, // U+00A9
    { 0x00AA, 55 }, // U+00AA
    { 0x00AB, 56 }, // U+00AB
    { 0x00AC, 57 }, // U+00AC
    { 0x00AE, 58 }, // U+00AE
    { 0x00B0, 59 }, // U+00B0
    { 0x00B1, 25 }, // U+00B1
    { 0x00B2, 60 }, // U+00B2
    { 0x00B5, 61 }, // U+00B5
    { 0x00B6, 62 }, // U+00B6
    { 0x00B7, 63 }, // U+00B7
    { 0x00B9, 64 }, // U+00B9
    { 0x00BA, 55 }, // U+00BA
    { 0x00BB, 65 }, // U+00BB
    { 0x00BF, 66 }, // U+00BF
    { 0x00C0, 28 }, // U+00C0
    { 0x00C1, 28 }, // U+00C1
    { 0x00C2, 28 }, // U+00C2
    { 0x00C3, 28 }, // U+00C3
    { 0x00C4, 28 }, // U+00C4
    { 0x00C5, 28 }, // U+00C5
    { 0x00C6, 28 }, // U+00C6
    { 0x00C7, 30 }, // U+00C7
    { 0x00C8, 29 }, // U+00C8
    { 0x00C9, 29 }, // U+00C9
    { 0x00CA, 29 }, // U+00CA
    { 0x00CB, 29 }, // U+00CB
    { 0x00CC, 29 }, // U+00CC
    { 0x00CD, 29 }, // U+00CD
    { 0x00CE, 67 }, // U+00CE
    { 0x00CF, 67 }, // U+00CF
    { 0x00D0, 68 }, // U+00D0
    { 0x00D1, 29 }, // U+00D1
    { 0x00D2, 30 }, // U+00D2
    { 0x00D3, 30 }, // U+00D3
    { 0x00D4, 30 }, // U+00D4
    { 0x00D5, 30 }, // U+00D5
    { 0x00D6, 30 }, // U+00D6
    { 0x00D7, 69 }, // U+00D7
    { 0x00D8, 30 }, // U+00D8
    { 0x00D9, 33 }, // U+00D9
    { 0x00DA, 33 }, // U+00DA
    { 0x00DB, 33 }, // U+00DB
    { 0x00DC, 33 }, // U+00DC
    { 0x00DD, 37 }, // U+00DD
    { 0x00DE, 29 }, // U+00DE
    { 0x00DF, 29 }, // U+00DF
    { 0x00E0, 41 }, // U+00E0
    { 0x00E1, 41 }, // U+00E1
    { 0x00E2, 41 }, // U+00E2
    { 0x00E3, 70 }, // U+00E3
    { 0x00E4, 71 }, // U+00E4
    { 0x00E5, 41 }, // U+00E5
    { 0x00E6, 41 }, // U+00E6
    { 0x00E7, 42 }, // U+00E7
    { 0x00E8, 42 }, // U+00E8
    { 0x00E9, 42 }, // U+00E9
    { 0x00EA, 42 }, // U+00EA
    { 0x00EB, 72 }, // U+00EB
    { 0x00EC, 73 }, // U+00EC
    { 0x00ED, 74 }, // U+00ED
    { 0x00EE, 75 }, // U+00EE
    { 0x00EF, 76 }, // U+00EF
    { 0x00F0, 42 }, // U+00F0
    { 0x00F1, 46 }, // U+00F1
    { 0x00F2, 42 }, // U+00F2
    { 0x00F3, 42 }, // U+00F3
    { 0x00F4, 42 }, // U+00F4
    { 0x00F5, 77 }, // U+00F5
    { 0x00F6, 72 }, // U+00F6
    { 0x00F7, 10 }, // U+00F7
    { 0x00F8, 42 }, // U+00F8
    { 0x00F9, 49 }, // U+00F9
    { 0x00FA, 49 }, // U+00FA
    { 0x00FB, 49 }, // U+00FB
    { 0x00FC, 78 }, // U+00FC
    { 0x00FD, 50 }, // U+00FD
    { 0x00FE, 29 }, // U+00FE
    { 0x00FF, 79 }, // U+00FF
    { 0x0100, 28 }, // U+0100
    { 0x0101, 80 }, // U+0101
    { 0x0102, 28 }, // U+0102
    { 0x0103, 41 }, // U+0103
    { 0x0104, 28 }, // U+0104
    { 0x0105, 41 }, // U+0105
    { 0x0106, 30 }, // U+0106
    { 0x0107, 42 }, // U+0107
    { 0x0108, 30 }, // U+0108
    { 0x0109, 42 }, // U+0109
    { 0x010A, 30 }, // U+010A
    { 0x010B, 42 }, // U+010B
    { 0x010C, 30 }, // U+010C
    { 0x010D, 42 }, // U+010D
    { 0x010E, 29 }, // U+010E
    { 0x010F, 42 }, // U+010F
    { 0x0110, 81 }, // U+0110
    { 0x0111, 42 }, // U+0111
    { 0x0112, 29 }, // U+0112
    { 0x0113, 42 }, // U+0113
    { 0x0114, 29 }, // U+0114
    { 0x0115, 42 }, // U+0115
    { 0x0116, 29 }, // U+0116
    { 0x0117, 42 }, // U+0117
    { 0x0118, 29 }, // U+0118
    { 0x0119, 42 }, // U+0119
    { 0x011A, 29 }, // U+011A
    { 0x011B, 42 }, // U+011B
    { 0x011C, 30 }, // U+011C
    { 0x011D, 42 }, // U+011D
    { 0x011E, 30 }, // U+011E
    { 0x011F, 42 }, // U+011F
    { 0x0120, 30 }, // U+0120
    { 0x0121, 42 }, // U+0121
    { 0x0122, 30 }, // U+0122
    { 0x0123, 42 }, // U+0123
    { 0x0124, 29 }, // U+0124
    { 0x0125, 29 }, // U+0125
    { 0x0126, 29 }, // U+0126
    { 0x0127, 82 }, // U+0127
    { 0x0128, 67 }, // U+0128
    { 0x0129, 83 }, // U+0129
    { 0x012A, 67 }, // U+012A
    { 0x012B, 84 }, // U+012B
    { 0x012C, 67 }, // U+012C
    { 0x012D, 76 }, // U+012D
    { 0x012E, 29 }, // U+012E
    { 0x012F, 44 }, // U+012F
    { 0x0130, 29 }, // U+0130
    { 0x0131, 44 }, // U+0131
    { 0x0133, 44 }, // U+0133
    { 0x0134, 31 }, // U+0134
    { 0x0135, 85 }, // U+0135
    { 0x0136, 29 }, // U+0136
    { 0x0137, 29 }, // U+0137
    { 0x0138, 46 }, // U+0138
    { 0x0139, 29 }, // U+0139
    { 0x013A, 29 }, // U+013A
    { 0x013B, 29 }, // U+013B
    { 0x013C, 29 }, // U+013C
    { 0x013D, 29 }, // U+013D
    { 0x013E, 29 }, // U+013E
    { 0x0140, 29 }, // U+0140
    { 0x0141, 29 }, // U+0141
    { 0x0142, 29 }, // U+0142
    { 0x0143, 29 }, // U+0143
    { 0x0144, 46 }, // U+0144
    { 0x0145, 29 }, // U+0145
    { 0x0146, 46 }, // U+0146
    { 0x0147, 29 }, // U+0147
    { 0x0148, 46 }, // U+0148
    { 0x014A, 29 }, // U+014A
    { 0x014B, 46 }, // U+014B
    { 0x014C, 30 }, // U+014C
    { 0x014D, 86 }, // U+014D
    { 0x014E, 30 }, // U+014E
    { 0x014F, 42 }, // U+014F
    { 0x0150, 30 }, // U+0150
    { 0x0151, 42 }, // U+0151
    { 0x0152, 30 }, // U+0152
    { 0x0153, 42 }, // U+0153
    { 0x0154, 29 }, // U+0154
    { 0x0155, 46 }, // U+0155
    { 0x0156, 29 }, // U+0156
    { 0x0157, 46 }, // U+0157
    { 0x0158, 29 }, // U+0158
    { 0x0159, 46 }, // U+0159
    { 0x015A, 5 }, // U+015A
    { 0x015B, 47 }, // U+015B
    { 0x015C, 5 }, // U+015C
    { 0x015D, 47 }, // U+015D
    { 0x015E, 5 }, // U+015E
    { 0x015F, 47 }, // U+015F
    { 0x0160, 5 }, // U+0160
    { 0x0161, 47 }, // U+0161
    { 0x0162, 87 }, // U+0162
    { 0x0163, 48 }, // U+0163
    { 0x0164, 88 }, // U+0164
    { 0x0165, 48 }, // U+0165
    { 0x0166, 89 }, // U+0166
    { 0x0167, 48 }, // U+0167
    { 0x0168, 33 }, // U+0168
    { 0x0169, 90 }, // U+0169
    { 0x016A, 33 }, // U+016A
    { 0x016B, 49 }, // U+016B
    { 0x016C, 33 }, // U+016C
    { 0x016D, 49 }, // U+016D
    { 0x016E, 33 }, // U+016E
    { 0x016F, 49 }, // U+016F
    { 0x0170, 33 }, // U+0170
    { 0x0171, 49 }, // U+0171
    { 0x0172, 33 }, // U+0172
    { 0x0173, 49 }, // U+0173
    { 0x0174, 35 }, // U+0174
    { 0x0175, 51 }, // U+0175
    { 0x0176, 37 }, // U+0176
    { 0x0177, 50 }, // U+0177
    { 0x0178, 37 }, // U+0178
    { 0x0179, 38 }, // U+0179
    { 0x017A, 53 }, // U+017A
    { 0x017B, 38 }, // U+017B
    { 0x017C, 53 }, // U+017C
    { 0x017D, 38 }, // U+017D
    { 0x017E, 53 }, // U+017E
    { 0x017F, 29 }, // U+017F
    { 0x01A0, 30 }, // U+01A0
    { 0x01A1, 42 }, // U+01A1
    { 0x01AF, 33 }, // U+01AF
    { 0x01B0, 49 }, // U+01B0
    { 0x01C5, 91 }, // U+01C5
    { 0x01C6, 42 }, // U+01C6
    { 0x01C8, 29 }, // U+01C8
    { 0x01C9, 29 }, // U+01C9
    { 0x01CB, 29 }, // U+01CB
    { 0x01CC, 46 }, // U+01CC
    { 0x01CD, 28 }, // U+01CD
    { 0x01CE, 41 }, // U+01CE
    { 0x01CF, 29 }, // U+01CF
    { 0x01D0, 92 }, // U+01D0
    { 0x01D1, 30 }, // U+01D1
    { 0x01D2, 42 }, // U+01D2
    { 0x01D3, 33 }, // U+01D3
    { 0x01D4, 49 }, // U+01D4
    { 0x01D5, 33 }, // U+01D5
    { 0x01D6, 49 }, // U+01D6
    { 0x01D7, 33 }, // U+01D7
    { 0x01D8, 49 }, // U+01D8
    { 0x01D9, 33 }, // U+01D9
    { 0x01DA, 49 }, // U+01DA
    { 0x01DB, 33 }, // U+01DB
    { 0x01DC, 49 }, // U+01DC
    { 0x01DD, 86 }, // U+01DD
    { 0x01DE, 28 }, // U+01DE
    { 0x01DF, 41 }, // U+01DF
    { 0x01E0, 28 }, // U+01E0
    { 0x01E1, 41 }, // U+01E1
    { 0x01E2, 28 }, // U+01E2
    { 0x01E3, 41 }, // U+01E3
    { 0x01E4, 30 }, // U+01E4
    { 0x01E5, 42 }, // U+01E5
    { 0x01E6, 30 }, // U+01E6
    { 0x01E7, 42 }, // U+01E7
    { 0x01E8, 29 }, // U+01E8
    { 0x01E9, 29 }, // U+01E9
    { 0x01EA, 30 }, // U+01EA
    { 0x01EB, 42 }, // U+01EB
    { 0x01EC, 30 }, // U+01EC
    { 0x01ED, 42 }, // U+01ED
    { 0x01EF, 48 }, // U+01EF
    { 0x01F0, 45 }, // U+01F0
    { 0x01F2, 29 }, // U+01F2
    { 0x01F3, 86 }, // U+01F3
    { 0x01F4, 30 }, // U+01F4
    { 0x01F5, 42 }, // U+01F5
    { 0x01F6, 91 }, // U+01F6
    { 0x01F8, 29 }, // U+01F8
    { 0x01F9, 46 }, // U+01F9
    { 0x01FA, 28 }, // U+01FA
    { 0x01FB, 41 }, // U+01FB
    { 0x01FC, 28 }, // U+01FC
    { 0x01FD, 41 }, // U+01FD
    { 0x01FE, 30 }, // U+01FE
    { 0x01FF, 42 }, // U+01FF
    { 0x0200, 28 }, // U+0200
    { 0x0201, 41 }, // U+0201
    { 0x0202, 28 }, // U+0202
    { 0x0203, 41 }, // U+0203
    { 0x0204, 29 }, // U+0204
    { 0x0205, 42 }, // U+0205
    { 0x0206, 29 }, // U+0206
    { 0x0207, 42 }, // U+0207
    { 0x0208, 67 }, // U+0208
    { 0x0209, 93 }, // U+0209
    { 0x020A, 67 }, // U+020A
    { 0x020B, 94 }, // U+020B
    { 0x020C, 30 }, // U+020C
    { 0x020D, 42 }, // U+020D
    { 0x020E, 30 }, // U+020E
    { 0x020F, 42 }, // U+020F
    { 0x0210, 29 }, // U+0210
    { 0x0211, 46 }, // U+0211
    { 0x0212, 29 }, // U+0212
    { 0x0213, 46 }, // U+0213
    { 0x0214, 33 }, // U+0214
    { 0x0215, 49 }, // U+0215
    { 0x0216, 33 }, // U+0216
    { 0x0217, 49 }, // U+0217
    { 0x0218, 5 }, // U+0218
    { 0x0219, 47 }, // U+0219
    { 0x021A, 32 }, // U+021A
    { 0x021B, 48 }, // U+021B
    { 0x021E, 29 }, // U+021E
    { 0x021F, 29 }, // U+021F
    { 0x0400, 29 }, // U+0400
    { 0x0401, 29 }, // U+0401
    { 0x0402, 32 }, // U+0402
    { 0x0403, 29 }, // U+0403
    { 0x0404, 30 }, // U+0404
    { 0x0405, 5 }, // U+0405
    { 0x0406, 29 }, // U+0406
    { 0x0407, 67 }, // U+0407
    { 0x0408, 31 }, // U+0408
    { 0x0409, 95 }, // U+0409
    { 0x040A, 29 }, // U+040A
    { 0x040B, 32 }, // U+040B
    { 0x040C, 29 }, // U+040C
    { 0x040D, 29 }, // U+040D
    { 0x040F, 29 }, // U+040F
    { 0x0410, 28 }, // U+0410
    { 0x0411, 29 }, // U+0411
    { 0x0412, 29 }, // U+0412
    { 0x0413, 29 }, // U+0413
    { 0x0414, 96 }, // U+0414
    { 0x0415, 29 }, // U+0415
    { 0x0416, 97 }, // U+0416
    { 0x0417, 98 }, // U+0417
    { 0x0418, 91 }, // U+0418
    { 0x0419, 29 }, // U+0419
    { 0x041A, 29 }, // U+041A
    { 0x041B, 95 }, // U+041B
    { 0x041C, 29 }, // U+041C
    { 0x041D, 29 }, // U+041D
    { 0x041E, 30 }, // U+041E
    { 0x041F, 29 }, // U+041F
    { 0x0420, 29 }, // U+0420
    { 0x0421, 30 }, // U+0421
    { 0x0422, 32 }, // U+0422
    { 0x0423, 34 }, // U+0423
    { 0x0424, 99 }, // U+0424
    { 0x0425, 36 }, // U+0425
    { 0x0426, 29 }, // U+0426
    { 0x0427, 100 }, // U+0427
    { 0x0428, 29 }, // U+0428
    { 0x0429, 29 }, // U+0429
    { 0x042A, 101 }, // U+042A
    { 0x042B, 29 }, // U+042B
    { 0x042C, 29 }, // U+042C
    { 0x042D, 30 }, // U+042D
    { 0x042E, 29 }, // U+042E
    { 0x0430, 41 }, // U+0430
    { 0x0431, 15 }, // U+0431
    { 0x0432, 46 }, // U+0432
    { 0x0433, 46 }, // U+0433
    { 0x0434, 102 }, // U+0434
    { 0x0435, 42 }, // U+0435
    { 0x0436, 52 }, // U+0436
    { 0x0437, 42 }, // U+0437
    { 0x0438, 46 }, // U+0438
    { 0x0439, 46 }, // U+0439
    { 0x043A, 46 }, // U+043A
    { 0x043B, 103 }, // U+043B
    { 0x043C, 46 }, // U+043C
    { 0x043D, 46 }, // U+043D
    { 0x043E, 42 }, // U+043E
    { 0x043F, 46 }, // U+043F
    { 0x0440, 46 }, // U+0440
    { 0x0441, 42 }, // U+0441
    { 0x0442, 104 }, // U+0442
    { 0x0443, 50 }, // U+0443
    { 0x0444, 42 }, // U+0444
    { 0x0445, 52 }, // U+0445
    { 0x0446, 46 }, // U+0446
    { 0x0447, 105 }, // U+0447
    { 0x0448, 46 }, // U+0448
    { 0x0449, 46 }, // U+0449
    { 0x044A, 106 }, // U+044A
    { 0x044B, 44 }, // U+044B
    { 0x044C, 46 }, // U+044C
    { 0x044D, 42 }, // U+044D
    { 0x044E, 46 }, // U+044E
    { 0x044F, 107 }, // U+044F
    { 0x0450, 42 }, // U+0450
    { 0x0451, 42 }, // U+0451
    { 0x0452, 29 }, // U+0452
    { 0x0453, 46 }, // U+0453
    { 0x0454, 42 }, // U+0454
    { 0x0455, 47 }, // U+0455
    { 0x0456, 44 }, // U+0456
    { 0x0457, 76 }, // U+0457
    { 0x0458, 45 }, // U+0458
    { 0x0459, 103 }, // U+0459
    { 0x045A, 46 }, // U+045A
    { 0x045B, 29 }, // U+045B
    { 0x045C, 46 }, // U+045C
    { 0x045D, 46 }, // U+045D
    { 0x045E, 50 }, // U+045E
    { 0x045F, 49 }, // U+045F
    { 0x0460, 29 }, // U+0460
    { 0x0463, 48 }, // U+0463
    { 0x0464, 29 }, // U+0464
    { 0x0465, 46 }, // U+0465
    { 0x0466, 28 }, // U+0466
    { 0x0467, 28 }, // U+0467
    { 0x0468, 29 }, // U+0468
    { 0x046C, 29 }, // U+046C
    { 0x046E, 29 }, // U+046E
    { 0x0472, 30 }, // U+0472
    { 0x0473, 42 }, // U+0473
    { 0x0474, 34 }, // U+0474
    { 0x0475, 50 }, // U+0475
    { 0x0476, 34 }, // U+0476
    { 0x0477, 50 }, // U+0477
    { 0x0478, 30 }, // U+0478
    { 0x0479, 42 }, // U+0479
    { 0x0481, 42 }, // U+0481
    { 0x048A, 91 }, // U+048A
    { 0x048B, 46 }, // U+048B
    { 0x048D, 48 }, // U+048D
    { 0x048E, 29 }, // U+048E
    { 0x048F, 46 }, // U+048F
    { 0x0490, 29 }, // U+0490
    { 0x0491, 46 }, // U+0491
    { 0x0493, 48 }, // U+0493
    { 0x0494, 29 }, // U+0494
    { 0x0495, 46 }, // U+0495
    { 0x0497, 52 }, // U+0497
    { 0x049A, 29 }, // U+049A
    { 0x049B, 46 }, // U+049B
    { 0x049C, 29 }, // U+049C
    { 0x049D, 46 }, // U+049D
    { 0x04A0, 32 }, // U+04A0
    { 0x04A1, 48 }, // U+04A1
    { 0x04A2, 29 }, // U+04A2
    { 0x04A3, 46 }, // U+04A3
    { 0x04A4, 29 }, // U+04A4
    { 0x04A5, 46 }, // U+04A5
    { 0x04A6, 29 }, // U+04A6
    { 0x04A7, 46 }, // U+04A7
    { 0x04A9, 42 }, // U+04A9
    { 0x04AA, 30 }, // U+04AA
    { 0x04AB, 42 }, // U+04AB
    { 0x04AC, 32 }, // U+04AC
    { 0x04AD, 48 }, // U+04AD
    { 0x04AE, 37 }, // U+04AE
    { 0x04AF, 50 }, // U+04AF
    { 0x04B0, 37 }, // U+04B0
    { 0x04B1, 50 }, // U+04B1
    { 0x04B2, 36 }, // U+04B2
    { 0x04B3, 52 }, // U+04B3
    { 0x04B4, 32 }, // U+04B4
    { 0x04B5, 48 }, // U+04B5
    { 0x04B7, 41 }, // U+04B7
    { 0x04B9, 41 }, // U+04B9
    { 0x04BA, 29 }, // U+04BA
    { 0x04BB, 29 }, // U+04BB
    { 0x04BD, 48 }, // U+04BD
    { 0x04C0, 29 }, // U+04C0
    { 0x04C1, 36 }, // U+04C1
    { 0x04C3, 29 }, // U+04C3
    { 0x04C4, 46 }, // U+04C4
    { 0x04C6, 103 }, // U+04C6
    { 0x04C7, 91 }, // U+04C7
    { 0x04C8, 46 }, // U+04C8
    { 0x04C9, 29 }, // U+04C9
    { 0x04CA, 46 }, // U+04CA
    { 0x04CD, 29 }, // U+04CD
    { 0x04CE, 46 }, // U+04CE
    { 0x04CF, 29 }, // U+04CF
    { 0x04D0, 28 }, // U+04D0
    { 0x04D1, 41 }, // U+04D1
    { 0x04D2, 28 }, // U+04D2
    { 0x04D3, 41 }, // U+04D3
    { 0x04D4, 28 }, // U+04D4
    { 0x04D5, 41 }, // U+04D5
    { 0x04D6, 29 }, // U+04D6
    { 0x04D7, 42 }, // U+04D7
    { 0x04D9, 42 }, // U+04D9
    { 0x04DA, 30 }, // U+04DA
    { 0x04DB, 42 }, // U+04DB
    { 0x04DC, 36 }, // U+04DC
    { 0x04E1, 48 }, // U+04E1
    { 0x04E2, 29 }, // U+04E2
    { 0x04E3, 46 }, // U+04E3
    { 0x04E4, 29 }, // U+04E4
    { 0x04E5, 46 }, // U+04E5
    { 0x04E6, 30 }, // U+04E6
    { 0x04E7, 42 }, // U+04E7
    { 0x04E8, 30 }, // U+04E8
    { 0x04E9, 42 }, // U+04E9
    { 0x04EA, 30 }, // U+04EA
    { 0x04EB, 42 }, // U+04EB
    { 0x04ED, 42 }, // U+04ED
    { 0x04EF, 50 }, // U+04EF
    { 0x04F1, 50 }, // U+04F1
    { 0x04F3, 50 }, // U+04F3
    { 0x04F7, 46 }, // U+04F7
    { 0x04F9, 46 }, // U+04F9
    { 0x04FB, 48 }, // U+04FB
    { 0x04FC, 36 }, // U+04FC
    { 0x04FD, 52 }, // U+04FD
    { 0x04FE, 36 }, // U+04FE
    { 0x04FF, 52 }, // U+04FF
    { 0x05D0, 108 }, // U+05D0
    { 0x05D1, 109 }, // U+05D1
    { 0x05D2, 110 }, // U+05D2
    { 0x05D3, 111 }, // U+05D3
    { 0x05D4, 112 }, // U+05D4
    { 0x05D6, 113 }, // U+05D6
    { 0x05D7, 114 }, // U+05D7
    { 0x05D8, 115 }, // U+05D8
    { 0x05D9, 116 }, // U+05D9
    { 0x05DA, 117 }, // U+05DA
    { 0x05DB, 118 }, // U+05DB
    { 0x05DC, 119 }, // U+05DC
    { 0x05DD, 120 }, // U+05DD
    { 0x05DE, 121 }, // U+05DE
    { 0x05E1, 122 }, // U+05E1
    { 0x05E2, 123 }, // U+05E2
    { 0x05E3, 124 }, // U+05E3
    { 0x05E4, 125 }, // U+05E4
    { 0x05E5, 126 }, // U+05E5
    { 0x05E7, 127 }, // U+05E7
    { 0x05E8, 128 }, // U+05E8
    { 0x05E9, 129 }, // U+05E9
    { 0x05EA, 130 }, // U+05EA
    { 0x1EA0, 28 }, // U+1EA0
    { 0x1EA1, 41 }, // U+1EA1
    { 0x1EA2, 28 }, // U+1EA2
    { 0x1EA3, 41 }, // U+1EA3
    { 0x1EA4, 28 }, // U+1EA4
    { 0x1EA5, 41 }, // U+1EA5
    { 0x1EA6, 28 }, // U+1EA6
    { 0x1EA7, 41 }, // U+1EA7
    { 0x1EA8, 28 }, // U+1EA8
    { 0x1EA9, 41 }, // U+1EA9
    { 0x1EAA, 28 }, // U+1EAA
    { 0x1EAB, 41 }, // U+1EAB
    { 0x1EAC, 28 }, // U+1EAC
    { 0x1EAD, 41 }, // U+1EAD
    { 0x1EAE, 28 }, // U+1EAE
    { 0x1EAF, 41 }, // U+1EAF
    { 0x1EB0, 28 }, // U+1EB0
    { 0x1EB1, 41 }, // U+1EB1
    { 0x1EB2, 28 }, // U+1EB2
    { 0x1EB3, 41 }, // U+1EB3
    { 0x1EB4, 28 }, // U+1EB4
    { 0x1EB5, 41 }, // U+1EB5
    { 0x1EB6, 28 }, // U+1EB6
    { 0x1EB7, 41 }, // U+1EB7
    { 0x1EB8, 29 }, // U+1EB8
    { 0x1EB9, 42 }, // U+1EB9
    { 0x1EBA, 29 }, // U+1EBA
    { 0x1EBB, 42 }, // U+1EBB
    { 0x1EBC, 29 }, // U+1EBC
    { 0x1EBD, 42 }, // U+1EBD
    { 0x1EBE, 29 }, // U+1EBE
    { 0x1EBF, 42 }, // U+1EBF
    { 0x1EC0, 29 }, // U+1EC0
    { 0x1EC1, 42 }, // U+1EC1
    { 0x1EC2, 29 }, // U+1EC2
    { 0x1EC3, 42 }, // U+1EC3
    { 0x1EC4, 29 }, // U+1EC4
    { 0x1EC5, 42 }, // U+1EC5
    { 0x1EC6, 29 }, // U+1EC6
    { 0x1EC7, 42 }, // U+1EC7
    { 0x1EC8, 29 }, // U+1EC8
    { 0x1EC9, 44 }, // U+1EC9
    { 0x1ECA, 29 }, // U+1ECA
    { 0x1ECB, 44 }, // U+1ECB
    { 0x1ECC, 30 }, // U+1ECC
    { 0x1ECD, 42 }, // U+1ECD
    { 0x1ECE, 30 }, // U+1ECE
    { 0x1ECF, 42 }, // U+1ECF
    { 0x1ED0, 30 }, // U+1ED0
    { 0x1ED1, 42 }, // U+1ED1
    { 0x1ED2, 30 }, // U+1ED2
    { 0x1ED3, 42 }, // U+1ED3
    { 0x1ED4, 30 }, // U+1ED4
    { 0x1ED5, 42 }, // U+1ED5
    { 0x1ED6, 30 }, // U+1ED6
    { 0x1ED7, 42 }, // U+1ED7
    { 0x1ED8, 30 }, // U+1ED8
    { 0x1ED9, 42 }, // U+1ED9
    { 0x1EDA, 30 }, // U+1EDA
    { 0x1EDB, 42 }, // U+1EDB
    { 0x1EDC, 30 }, // U+1EDC
    { 0x1EDD, 42 }, // U+1EDD
    { 0x1EDE, 30 }, // U+1EDE
    { 0x1EDF, 42 }, // U+1EDF
    { 0x1EE0, 30 }, // U+1EE0
    { 0x1EE1, 42 }, // U+1EE1
    { 0x1EE2, 30 }, // U+1EE2
    { 0x1EE3, 42 }, // U+1EE3
    { 0x1EE4, 33 }, // U+1EE4
    { 0x1EE5, 49 }, // U+1EE5
    { 0x1EE6, 33 }, // U+1EE6
    { 0x1EE7, 49 }, // U+1EE7
    { 0x1EE8, 33 }, // U+1EE8
    { 0x1EE9, 49 }, // U+1EE9
    { 0x1EEA, 33 }, // U+1EEA
    { 0x1EEB, 49 }, // U+1EEB
    { 0x1EEC, 33 }, // U+1EEC
    { 0x1EED, 49 }, // U+1EED
    { 0x1EEE, 33 }, // U+1EEE
    { 0x1EEF, 49 }, // U+1EEF
    { 0x1EF0, 33 }, // U+1EF0
    { 0x1EF1, 49 }, // U+1EF1
    { 0x1EF2, 37 }, // U+1EF2
    { 0x1EF3, 50 }, // U+1EF3
    { 0x1EF4, 131 }, // U+1EF4
    { 0x1EF5, 50 }, // U+1EF5
    { 0x1EF6, 131 }, // U+1EF6
    { 0x1EF7, 50 }, // U+1EF7
    { 0x1EF8, 131 }, // U+1EF8
    { 0x1EF9, 50 }, // U+1EF9
    { 0x2018, 132 }, // U+2018
    { 0x2019, 133 }, // U+2019
    { 0x201A, 134 }, // U+201A
    { 0x201B, 135 }, // U+201B
    { 0x201C, 132 }, // U+201C
    { 0x201D, 133 }, // U+201D
    { 0x201E, 134 }, // U+201E
    { 0x201F, 136 }, // U+201F
    { 0x2020, 55 }, // U+2020
    { 0x2021, 55 }, // U+2021
    { 0x2022, 137 }, // U+2022
    { 0x2023, 137 }, // U+2023
    { 0x2026, 138 }, // U+2026
    { 0x2034, 139 }, // U+2034
    { 0x2039, 56 }, // U+2039
    { 0x203A, 65 }, // U+203A
    { 0x203D, 26 }, // U+203D
    { 0x2043, 137 }, // U+2043
    { 0x2044, 140 }, // U+2044
    { 0x204A, 48 }, // U+204A
    { 0x204B, 29 }, // U+204B
    { 0x204C, 137 }, // U+204C
    { 0x204D, 46 }, // U+204D
    { 0x204F, 23 }, // U+204F
    { 0x2074, 141 }, // U+2074
    { 0x2077, 142 }, // U+2077
    { 0x2079, 143 }, // U+2079
    { 0x207E, 144 }, // U+207E
    { 0x207F, 145 }, // U+207F
    { 0x2080, 146 }, // U+2080
    { 0x2081, 146 }, // U+2081
    { 0x2082, 146 }, // U+2082
    { 0x2083, 146 }, // U+2083
    { 0x2084, 147 }, // U+2084
    { 0x2086, 146 }, // U+2086
    { 0x2087, 148 }, // U+2087
    { 0x2088, 146 }, // U+2088
    { 0x2089, 146 }, // U+2089
    { 0x208A, 146 }, // U+208A
    { 0x208B, 146 }, // U+208B
    { 0x208C, 146 }, // U+208C
    { 0x208D, 146 }, // U+208D
    { 0x208E, 146 }, // U+208E
    { 0x2091, 146 }, // U+2091
    { 0x2092, 146 }, // U+2092
    { 0x2093, 146 }, // U+2093
    { 0x2095, 146 }, // U+2095
    { 0x2096, 146 }, // U+2096
    { 0x2097, 146 }, // U+2097
    { 0x2098, 146 }, // U+2098
    { 0x2099, 146 }, // U+2099
    { 0x209A, 146 }, // U+209A
    { 0x209B, 146 }, // U+209B
    { 0x209C, 146 }, // U+209C
    { 0x20A1, 30 }, // U+20A1
    { 0x20A7, 29 }, // U+20A7
    { 0x20A8, 29 }, // U+20A8
    { 0x20AB, 42 }, // U+20AB
    { 0x20B2, 30 }, // U+20B2
    { 0x20B4, 149 }, // U+20B4
    { 0x20B5, 30 }, // U+20B5
    { 0x20B8, 150 }, // U+20B8
    { 0x20BF, 29 }, // U+20BF
    { 0x2192, 10 }, // U+2192
    { 0x21D2, 25 }, // U+21D2
    { 0x2206, 28 }, // U+2206
    { 0x2212, 10 }, // U+2212
    { 0x221E, 151 }, // U+221E
    { 0x222B, 45 }, // U+222B
    { 0x2236, 23 }, // U+2236
    { 0x2248, 25 }, // U+2248
    { 0x2260, 25 }, // U+2260
    { 0x2264, 25 }, // U+2264
    { 0x2265, 25 }, // U+2265
};

static const int8_t inksans_12_boldKernMatrix[] = {
       0,    0,    0,    0,    0,  -13,    0,    0,    0,    0,  -35,    0,  -35,    0,    0,    0,    0,    0,  -25,    0,    0,    0,    0,    0,    0,    0,    0,  -32,    0,    0,  -66,    0,    0,    0,    0,    0,    0,    0,    0,    0,    0,   -7,    0,    0,    0,    0,   -2,    0,    0,    0,    0,    0,    0,    0,    0,    0,    0,    0,    0,    0,    0,    0,    0,    0,    0,    0,    0,    0,    0,    0,    0,   -7,    0,    0,    0,    0,   -7,    0,    0,    0,    0,    0,    0,    0,    0,   -7,    0,    0,    0,    0,    0,    0,    0,    0,  -18,  -18,    0,    0,    0,    0,    0,    0,    0,    0,    0,    0,   -2,    0,    0,    0,    0,    0,    0,    0,    0,    0,    0,    0,    0,    0,    0,    0,    0,    0,    0,    0,    0,    0,    0,    0,    0,    0,    0,    0,    0,    0,    0,  -35,    0,    0,    0,    0,    0,    0,    0,    0,    0,    0,    0,    0,    0,
       0,    0,    0,    0,    0,    0,    0,    0,    0,    0,    0,    0,    0,    0,    0,    0,    0,    0,    0,    0,    0,    0,    0,    0,    0,    0,    0,   -4,    0,    0,    0,   -3,    0,    0,    0,   -5,    0,    0,    0,    0,    0,    0,    0,    0,    0,    0,    0,    0,    0,    0,    0,    0,    0,    0,    0,    0,    0,    0,    0,    0,    0,    0,    0,    0,    0,    0,    0,    0,    0,    0,    0,    0,    0,    0,    0,   18,    0,    0,    0,    0,    0,    0,   18,   18,    0,    0,   -3,   -3,   -3,    0,    0,    0,    0,   18,    0,    0,   -5,    0,    0,    0,   -3,    0,    0,    0,    0,    0,    0,    0,    0,    0,    0,    0,    0,    0,    0,    0,    0,    0,    0,    0,    0,    0,    0,    0,    0,    0,    0,    0,    0,    0,    0,    0,    0,    0,    0,    0,    0,    0,    0,    0,    0,    0,    0,    0,    0,    0,  -25,    0,    0,    0,    0,
       0,    0,    0,    0,    0,    0,    0,    0,    0,    0,    0,    0,    0,    0,    0,    0,    0,    0,    0,    0,    0,    0,    0,    0,    0,    0,    0,    0,    0,    0,    0,    0,    0,    0,    0,    0,    0,    0,    0,    0,    0,    0,    0,    0,    0,    0,    0,    0,    0,    0,    0,    0,    0,    0,    0,    0,    0,    0,    0,    0,    0,    0,    0,    0,    0,    0,    0,    0,    0,    0,    0,    0,    0,    0,    0,    0,    0,    0,    0,    0,    0,    0,    0,    0,    0,    0,    0,    0,    0,    0,    0,    0,    0,    0,    0,    0,    0,    0,    0,    0,    0,    0,    0,    0,    0,    0,    0,    0,    0,    0,    0,    0,    0,    0,    0,    0,    0,    0,    0,    0,    0,    0,    0,    0,    0,    0,    0,    0,    0,    0,    0,  -25,  -27,    0,    0,    0,    0,    0,  -27,    0,    0,    0,    0,    0,    0,    0,    0,    0,    0,    0,    0,
       0,    0,  -13,    0,    0,    0,    0,    0,    0,    0,    0,    0,    0,    0,    0,    0,    0,    0,    0,    0,    0,    0,    0,    0,    0,    0,    0,    0,    0,    0,    0,  -23,    0,  -25,  -16,    0,  -29,    0,    0,    0,    0,    0,    0,    0,    0,    0,    0,    0,    0,  -13,  -13,    0,    0,    0,  -16,    0,    0,   -9,    0,    0,    0,    0,    0,    0,    0,    0,    0,    0,    0,    0,    0,    0,    0,    0,    0,    0,    0,    0,  -13,    0,    0,    0,    0,    0,    0,    0,  -23,  -23,  -23,    0,    0,    0,    0,    0,    0,    0,    0,    0,    0,    0,  -23,    0,    0,    0,    0,    0,    0,    0,    0,    0,    0,    0,    0,    0,    0,    0,    0,    0,    0,    0,    0,    0,    0,    0,    0,    0,    0,    0,    0,    0,  -29,  -36,    0,    0,    0,    0,    0,    0,    0,    0,    0,    0,    0,    0,    0,    0,    0,    0,    0,    0,    0,
       0,    0,    0,    0,    0,    0,    0,    0,    0,    0,    0,    0,    0,    0,    0,    0,    0,    0,    0,    0,    0,    0,    0,    0,    0,    0,    0,    0,    5,    0,    0,    0,    0,    0,    0,    0,    0,    0,    0,    0,    0,   -3,    0,    0,    7,    5,    0,    0,    0,    0,    0,    0,    0,    0,    0,    0,    0,    0,    0,    0,    0,    0,    0,    0,    0,    0,    0,    0,    0,    0,    0,   -3,    0,    0,    0,    0,   -3,    0,    0,    0,    0,    5,    0,    0,    7,   -3,    0,    0,    0,    0,    5,    0,   48,    0,    0,    0,    0,    0,    0,    0,    0,    0,    0,    0,    0,    0,    0,    0,    0,    0,    0,    0,    0,    0,    0,    0,    0,    0,    0,    0,    0,    0,    0,    0,    0,    0,    0,    0,    0,    0,    0,    0,    0,    0,    0,    0,    0,    0,    0,    0,    0,    0,    0,    0,    0,    0,    0,    0,    0,    0,    0,
       0,    0,    0,    0,    0,    0,    0,    0,    0,    0,    0,    0,    0,    0,    0,    0,    0,    0,    0,    0,    0,    0,    0,    0,    0,    0,    0,    0,    0,    0,    0,    0,    0,    0,    0,    0,    0,    0,    0,    0,    0,    0,    0,    0,    0,    0,    0,    0,    0,    0,    0,    0,    0,    0,    0,    0,    0,    0,    0,    0,    0,    0,    0,    0,    0,    0,    0,    0,    0,    0,    0,    0,    0,    0,    0,    0,    0,    0,    0,    0,    0,    0,    0,    0,    0,    0,    0,    0,    0,    0,    0,    0,    5,    0,    0,    0,    0,    0,    0,    0,    0,    0,    0,    0,    0,    0,    0,    0,    0,    0,    0,    0,    0,    0,    0,    0,    0,    0,    0,    0,    0,    0,    0,    0,    0,    0,    0,    0,    0,    0,    0,  -13,    0,    0,    0,    0,    0,    0,    0,    0,    0,    0,    0,    0,    0,    0,    0,    0,    0,    0,    0,
       0,    0,    0,    0,    0,  -13,    0,    0,    0,    0,  -54,    0,  -54,    0,    0,    0,    0,    0,  -18,    0,    0,    0,    0,    0,    0,    0,   -6,  -36,    0,   -6,  -38,    0,    0,    0,    0,    0,    0,    0,    0,  -27,    0,    0,    0,    0,    0,    0,    0,    0,    0,    0,    0,    0,    0,    0,    0,    0,    0,    0,    0,    0,    0,    0,    0,    0,    0,    0,    0,    5,    0,    0,    0,    0,    0,    0,    0,    0,    0,    0,    0,    0,    0,    0,    0,    0,    0,    0,    0,    0,    0,    0,    0,    0,    0,    0,  -13,  -13,    0,    0,   -6,    0,    0,    0,    0,    0,    0,    0,    0,    0,    0,    0,    0,    0,    0,    0,    0,    0,    0,    0,    0,    0,    0,    0,    0,    0,    0,    0,    0,    0,    0,    0,    0,    0,    0,    0,    0,    0,    0,  -54,    0,    0,    0,    0,    0,    0,    0,    0,    0,    0,    0,    0,    0,
       0,    0,    0,    0,    0,    0,    0,    0,    0,    0,    0,    0,    0,    0,    0,    0,  -10,   -3,    0,    0,  -11,    0,    0,    0,    0,    0,    0,  -13,    0,    0,  -18,  -30,    0,  -19,  -13,  -15,  -28,    0,    0,    0,    0,    0,    0,    0,    0,    0,    0,    0,    0,    0,    0,   -9,    0,    0,    0,    0,    0,    0,    0,    0,    0,   -4,    0,    0,    0,    0,    0,    0,    0,    0,    0,    0,    0,    0,    0,    0,    0,    0,    0,    0,    0,    0,    0,    0,    0,    0,  -50,  -50,  -30,    0,    0,    0,    0,    0,    0,    0,  -48,  -16,    0,    0,  -59,    0,    0,    0,    0,    0,    0,    0,    0,    0,    0,    0,    0,    0,    0,    0,    0,    0,    0,    0,    0,    0,    0,    0,    0,    0,    0,    0,    0,    0,  -28,  -16,    0,    0,    0,    0,    0,    0,    0,    0,    0,    0,    0,    0,    0,    0,    0,    0,    0,    0,    0,
      -8,   -3,  -37,    0,    0,    0,    0,    0,    0,    0,    0,    0,    0,    0,  -11,  -36,    0,  -10,    0,   -4,   -9,  -11,    0,    0,    0,  -35,  -18,    0,    0,  -18,    0,  -13,    0,    0,    0,    0,  -22,    0,    0,    0,    0,    0,    0,    0,    0,    0,    0,    0,    0,    0,    0,    0,    0,    0,    0,    0,    0,    0,    0,    0,    0,  -20,    0,    0,    0,    0,    0,    0,    0,    0,    0,    0,    0,    0,    0,    0,    0,    0,    0,    0,    0,    0,    0,    0,    0,    0,  -13,  -13,  -13,    0,    0,    0,    0,    0,    0,    0,    0,  -10,  -18,    0,  -13,    0,    0,    0,  -13,    0,    0,    0,    0,    0,    0,    0,    0,    0,    0,    0,    0,    0,    0,    0,    0,    0,    0,    0,    0,    0,    0,    0,    0,    0,  -35,    0,  -33,    0,  -54,  -54,    0,    0,  -33,    0,    0,    0,    0,    0,    0,    0,    0,    0,    0,    0,    0,
       0,    0,    0,    0,    0,    0,    0,    0,    0,    0,  -16,    0,  -16,    0,    0,    0,    0,    0,    0,    0,    0,    0,    0,    0,    0,    0,    0,  -10,    0,    0,  -25,    0,    0,    2,    2,    0,    0,    0,    0,    0,    0,    0,    0,    0,    0,    0,    0,    0,    0,    0,    0,    0,    0,    0,    0,    0,    0,    0,    0,    0,    0,    0,    0,    0,    0,    0,    0,    0,    0,    0,    0,    0,    0,    0,    0,    0,    0,    0,    0,    0,    0,    0,    0,    0,    0,    0,    0,    0,    0,    0,    0,    0,   16,    0,    0,    0,    0,    0,    0,    0,    0,    0,    0,    0,    0,    0,    0,    0,    0,    0,    0,    0,    0,    0,    0,    0,    0,    0,    0,    0,    0,    0,    0,    0,    0,    0,    0,    0,    0,    0,    0,    0,    0,    0,    0,    0,    0,  -16,    0,    0,    0,    0,    0,    0,    0,    0,    0,    0,    0,    0,    0,
       0,    0,    0,    0,    0,    0,    0,    0,    0,    0,  -11,    0,  -11,    0,    0,    0,    0,    0,    0,    0,   -8,    0,    0,    0,    0,    0,    0,    0,    0,    0,    0,    0,    0,   -8,    0,  -14,  -13,    0,    0,  -18,    0,    0,    0,    0,    0,    0,    0,    7,    0,    0,    0,    0,    0,    0,    0,    0,    0,    0,    0,    0,    0,    0,    0,    0,    0,    0,    0,    0,    0,    0,    0,    0,    0,    0,    0,    0,    0,    0,    0,    0,    0,    0,    0,    0,    0,    0,    0,    0,    0,    0,    0,    0,    0,    0,    0,    0,  -14,    0,    0,    0,    0,    0,    0,    7,    0,    7,    0,    0,    0,    0,    0,    0,    0,    0,    0,    0,    0,    0,    0,    0,    0,    0,    0,    0,    0,    0,    0,    0,    0,    0,  -13,  -18,    0,  -20,    0,    0,    0,  -11,    0,    0,    0,    0,    0,    0,    0,    0,    0,    0,    0,    0,    0,
       0,    0,    0,    0,    0,    0,    0,    5,    0,    0,    0,    0,    0,    0,    0,    0,    0,    0,    0,    0,    0,    0,    0,    0,    0,    0,    0,    0,    0,    0,    0,    0,    0,    0,    0,    0,    0,    0,    0,    5,    0,    0,    0,    0,    0,    0,    0,    6,    0,    3,    0,    0,    0,    0,    0,    0,    0,    0,    0,    0,    0,    0,    0,    0,    0,    0,    0,   13,    0,    0,    0,    0,    0,    0,    0,   25,    0,    0,    3,    0,   14,    0,   25,   25,    0,    0,    0,    0,    0,    0,    0,    0,   13,   25,    0,    0,    0,    0,    0,    0,    0,    0,    0,    6,    0,    6,    0,    0,    0,    0,    0,    0,    0,    0,    0,    0,    0,    0,    0,    0,    0,    0,    0,    0,    0,    0,    0,    0,    0,    0,    0,    0,    0,    0,    0,    0,    0,    0,    0,    0,    0,    0,    0,    0,    0,    0,    0,    0,    0,    0,    0,
       0,    0,    0,    0,    0,    0,    0,    0,    0,    0,    0,    0,    0,    0,    0,    0,    0,    0,   -6,    0,    0,    0,    0,    0,    0,    0,    0,    0,    0,    0,    0,    0,    0,    0,    0,    0,    0,    0,    0,    0,    0,    0,    0,    0,    0,    0,    0,    0,    0,    0,    0,    0,    0,    0,    0,    0,    0,    0,    0,    0,    0,    0,    0,    0,    0,    0,    0,    0,    0,    0,    0,    0,    0,    0,    0,    0,    0,    0,    0,    0,    0,    0,    0,    0,    0,    0,    0,    0,    0,    0,    0,    0,    0,    0,    0,    0,    0,    0,    0,    0,    0,    0,    0,    0,    0,    0,    0,    0,    0,    0,    0,    0,    0,    0,    0,    0,    0,    0,    0,    0,    0,    0,    0,    0,    0,    0,    0,    0,    0,    0,    0,    0,    0,    0,    0,    0,    0,    0,    0,    0,    0,    0,    0,    0,    0,    0,    0,    0,    0,    0,    0,
       0,    0,    0,    0,    0,    0,    0,    0,   -4,    0,   -9,    0,   -9,    0,    0,    0,    0,    0,    0,    0,    0,    0,    0,    0,    0,    0,    0,    0,    0,    0,    0,    0,    0,    0,    0,   -9,    0,    0,   -4,    0,    0,    0,    0,    0,    0,    0,    0,    0,    0,    0,    0,    0,    0,    0,    0,  -13,    0,    0,   -4,    0,    0,    0,    0,    0,    0,    0,    0,    0,    0,    0,    0,    0,    0,    0,    0,    0,    0,    0,    0,    0,    0,    0,    0,    0,    0,    0,    0,    0,    0,    0,    0,    0,    0,    0,    0,    0,   -9,    0,    0,    0,    0,    0,    0,    0,    0,    0,    0,    0,    0,    0,    0,    0,    0,    0,    0,    0,    0,    0,    0,    0,    0,    0,    0,    0,    0,    0,    0,    0,    0,    0,    0,    0,    0,  -20,    0,    0,    0,   -9,    0,    0,    0,    0,    0,    0,    0,    0,    0,    0,    0,    0,    0,
       0,    0,    0,    0,    0,    0,    0,    0,  -12,    0,  -13,    0,  -13,    0,    0,  -13,    0,    0,    0,    0,    0,    0,    0,    0,    0,    0,    0,    0,    0,    0,    0,    0,    0,    0,    0,    0,    0,    0,  -12,    0,    0,    0,    0,    0,    0,    0,    0,    0,    0,    0,    0,    0,    0,    0,    0,    0,    0,   -2,  -12,    0,    0,  -17,    0,    0,    0,    0,    0,    0,    0,    0,    0,    0,    0,    0,    0,    0,    0,    0,    0,    0,    0,    0,    0,    0,    0,    0,    0,    0,    0,    0,    0,    0,    0,    0,    0,    0,    0,    0,    0,    0,    0,    0,    0,    0,    0,    0,    0,    0,    0,    0,    0,    0,    0,    0,    0,    0,    0,    0,    0,    0,    0,    0,    0,    0,    0,    0,    0,    0,    0,    0,    0,    0,    0,    0,    0,    0,    0,  -13,    0,    0,    0,    0,    0,    0,    0,    0,    0,    0,    0,    0,    0,
       0,    0,    0,    0,    0,    0,    0,    0,   -1,    0,  -10,    0,  -10,    0,    0,    0,    0,    0,    0,    0,    0,    0,    0,    0,    0,    0,    0,    0,    0,    0,    0,    0,    0,    0,    0,    0,    0,    0,   -1,    0,    0,    0,    0,    0,    0,    0,    0,    0,    0,    0,    0,    0,    0,    0,    0,    0,    0,   -2,   -1,    0,    0,    0,    0,    0,    0,    0,    0,    0,    0,    0,    0,    0,    0,    0,    0,    0,    0,    0,    0,    0,    0,    0,    0,    0,    0,    0,    0,    0,    0,    0,    0,    0,    0,    0,    0,    0,    0,    0,    0,    0,    0,    0,    0,    0,    0,    0,    0,    0,    0,    0,    0,    0,    0,    0,    0,    0,    0,    0,    0,    0,    0,    0,    0,    0,    0,    0,    0,    0,    0,    0,    0,    0,    0,    0,    0,    0,    0,  -10,    0,    0,    0,    0,    0,    0,    0,    0,    0,    0,    0,    0,    0,
       0,    0,    0,    0,    0,    0,    0,    0,    0,    0,  -12,    0,  -12,    0,    0,    0,    0,    0,    0,    0,    0,    0,    0,    0,    0,    0,    0,    0,    0,    0,    0,    0,    0,    0,    0,    0,    0,    0,    0,  -18,    0,    0,    0,    0,    0,    0,    0,    0,    0,    0,    0,    0,    0,    0,    0,    0,    0,    0,    0,    0,    0,    0,    0,    0,    0,    0,    0,    0,    0,    0,    0,    0,    0,    0,    0,    0,    0,    0,    0,    0,    0,    0,    0,    0,    0,    0,    0,    0,    0,    0,    0,    0,    0,    0,    0,    0,    0,    0,    0,    0,    0,    0,    0,    0,    0,    0,    0,    0,    0,    0,    0,    0,    0,    0,    0,    0,    0,    0,    0,    0,    0,    0,    0,    0,    0,    0,    0,    0,    0,    0,    0,    0,    0,  -18,    0,    0,    0,  -12,    0,    0,    0,    0,    0,    0,    0,    0,    0,    0,    0,    0,    0,
       0,    0,    0,  -23,    0,  -18,    0,    0,    0,    0,  -50,    0,  -50,    0,   -6,    0,    0,   -7,  -23,   -4,    8,   -6,  -13,  -36,    0,    0,    0,  -43,    0,    0,  -38,    0,    0,    0,    0,    0,    0,    0,    0,  -63,  -18,  -20,    0,    0,    0,  -20,  -16,    0,    0,    0,    0,    0,    0,    0,    0,  -25,    0,    0,    0,    0,    0,    0,    0,    0,    0,    0,    0,    0,    0,  -18,  -18,  -20,    0,    0,    0,   36,  -20,    0,    0,  -18,    0,    0,   36,   36,    0,  -20,    0,    0,    0,    0,    0,    0,    0,   36,  -42,  -42,    0,   -7,    0,    0,    0,    0,    0,    0,    0,    0,  -16,    0,    0,    0,    0,    0,    0,    0,    0,    0,    0,    0,    0,    0,    0,    0,    0,    0,    0,    0,    0,    0,    0,    0,    0,    0,    0,  -57,    0,    0,    0,  -50,    0,    0,    0,    0,    0,    0,    0,    0,  -23,    0,    0,    0,    0,
       0,    0,    0,    0,    0,    0,    0,    0,    0,    0,    0,    0,    0,    0,    0,    0,    0,    0,    0,    0,    0,    0,    0,    0,    0,    0,    0,    0,    0,    0,    0,  -13,    0,  -25,    0,    0,    0,    0,    0,    0,    0,    0,    0,    0,    0,    0,    0,    0,    0,    0,    0,    0,    0,    0,    0,    0,    0,    0,    0,    0,    0,    0,    0,    0,    0,    0,    0,    0,    0,    0,    0,    0,    0,    0,    0,    0,    0,    0,    0,    0,    0,    0,    0,    0,    0,    0,  -13,  -13,  -13,    0,    0,    0,    0,    0,    0,    0,    0,    0,    0,    0,  -34,    0,    0,    0,    0,    0,    0,    0,    0,    0,    0,    0,    0,    0,    0,    0,    0,    0,    0,    0,    0,    0,    0,    0,    0,    0,    0,    0,    0,    0,    0,  -18,    0,    0,    0,    0,    0,    0,    0,    0,    0,    0,    0,    0,    0,    0,    0,    0,    0,    0,    0,
       0,    0,    0,    0,    0,    0,    0,    0,    0,    0,    0,    0,    0,    0,    0,    0,    0,    0,    0,    0,    0,    0,    0,    0,    0,    0,    0,  -20,    0,    0,    0,  -18,    0,  -27,  -25,  -20,  -38,    0,    0,    0,    0,    0,    0,    0,    0,    0,    0,    0,    0,  -16,    0,  -13,    0,    0,    0,    0,    0,    0,    0,    0,    0,    0,    0,    0,    0,    0,    0,    0,    0,    0,    0,    0,    0,    0,    0,    0,    0,    0,  -16,    0,    0,    0,    0,    0,    0,    0,  -18,  -18,  -18,    0,    0,    0,    0,    0,    0,    0,  -20,    0,    0,    0,  -18,    0,    0,    0,    0,    0,    0,    0,    0,    0,    0,    0,    0,    0,    0,    0,    0,    0,    0,    0,    0,    0,    0,    0,    0,    0,    0,    0,    0,    0,  -38,  -23,    0,    0,    0,    0,    0,    0,    0,    0,    0,    0,    0,    0,    0,    0,    0,    0,    0,  -16,    0,
       0,    0,    0,    0,    0,    0,    0,    0,    0,    0,    0,    0,    0,    0,    0,    0,    0,    0,    0,    0,  -29,    0,    0,    0,    0,    0,    0,  -10,    0,    0,    0,  -32,    0,  -29,  -29,  -23,  -36,  -25,    0,    0,    0,    0,    0,    0,    0,    0,    0,    0,    0,    0,    0,    0,    0,    0,    0,    0,    0,    0,    0,    0,    0,    0,    0,    0,    0,    0,    0,    0,    0,    0,    0,    0,    0,    0,    0,    0,    0,    0,    0,    0,    0,    0,    0,    0,    0,    0,  -32,  -32,  -32,    0,    0,    0,    0,    0,  -13,  -13,  -20,    0,    0,    0,  -29,    0,    0,    0,    0,    0,    0,    0,    0,    0,    0,    0,    0,    0,    0,    0,    0,    0,    0,    0,    0,    0,    0,    0,    0,    0,    0,    0,    0,    0,  -36,  -38,    0,    0,    0,    0,    0,    0,    0,    0,    0,    0,    0,    0,    0,    0,    0,    0,    0,  -29,    0,
       0,    0,    0,    0,    0,    0,    0,    0,    0,    0,    0,    0,    0,    0,    0,    0,    0,    0,    0,    0,    0,    0,    0,    0,    0,    0,    0,  -25,    0,    0,    0,    0,    0,    0,    0,    0,    0,    0,    0,    0,    0,    0,    0,    0,    0,    0,    0,    0,    0,    0,    0,    0,    0,    0,    0,    0,    0,    0,    0,    0,    0,    0,    0,    0,    0,    0,    0,    0,    0,    0,    0,    0,    0,    0,    0,    0,    0,    0,    0,    0,    0,    0,    0,    0,    0,    0,    0,    0,    0,    0,    0,    0,    0,    0,    0,    0,    0,    0,    0,    0,    0,    0,    0,    0,    0,    0,    0,    0,    0,    0,    0,    0,    0,    0,    0,    0,    0,    0,    0,    0,    0,    0,    0,    0,    0,    0,    0,    0,    0,    0,    0,    0,    0,    0,    0,    0,    0,    0,    0,    0,    0,    0,    0,    0,    0,    0,    0,    0,    0,    0,    0,
       0,    0,    0,    0,    0,    0,    0,    0,    0,    0,  -18,    0,  -18,  -16,    0,    0,    0,    0,    0,    0,    0,    0,    0,    0,    0,    0,    0,  -16,    0,    0,    0,  -12,    0,  -15,   -6,  -19,  -16,    0,    0,  -16,    0,    0,    0,    0,    0,    0,    0,    0,    0,    0,    0,    0,    0,    0,    0,    0,    0,   -2,    0,    0,    0,    0,    0,    0,    0,    0,    0,    0,    0,    0,    0,    0,    0,    0,    0,    0,    0,    0,    0,    0,    0,    0,    0,    0,    0,    0,  -12,  -12,  -12,    0,    0,    0,    6,    0,    0,    0,  -39,    0,    0,    0,  -26,    0,    0,    0,    0,    0,    0,    0,    0,    0,    0,    0,    0,    0,    0,    0,    0,    0,    0,    0,    0,    0,    0,    0,    0,    0,    0,    0,    0,    0,  -16,  -13,    0,  -16,    0,    0,    0,  -18,    0,    0,    0,    0,    0,    0,    0,  -16,  -40,    0,    0,    0,    0,
       0,    0,  -32,    0,   -4,    0,    0,    0,  -36,  -13,    0,  -13,    0,    6,    0,  -18,    0,    0,    0,    0,    0,    0,    0,  -10,  -20,  -25,  -16,    6,    0,  -16,    0,  -35,   -8,  -30,  -27,    0,  -31,    0,  -36,    0,    0,   -6,   -2,    1,    0,    0,   -3,  -10,    0,  -27,  -27,    0,    0,  -13,  -29,  -13,  -13,  -28,  -36,    0,    0,  -20,  -13,    0,  -13,    0,    0,    0,  -13,    0,    0,   -6,    1,    1,    1,    0,   -6,    0,  -27,    0,    0,    0,    0,    0,    0,   -6,  -35,  -35,  -58,    0,    0,    1,    0,    0,    0,    0,    0,    0,  -16,    0,  -35,    0,    0,  -10,  -27,  -10,   -3,    0,    0,    0,    0,    0,    0,    0,    0,    0,    0,    0,    0,    0,    0,    0,    0,    0,    0,    0,    0,    0,    0,    0,  -31,  -52,  -41,    0,    0,    0,  -13,    0,  -41,   -4,    0,    0,    0,    0,    0,    0,    0,    0,    0,  -20,    0,
       0,    0,    0,    0,    0,    0,    0,    0,    0,    0,    0,    0,    0,    0,    0,    0,    0,    0,    0,    0,    0,    0,    0,    0,    0,    0,    0,    0,    0,    0,    0,  -23,    0,    0,    0,    0,    0,    0,    0,    0,    0,    0,    0,    0,    0,    0,    0,    0,    0,    0,    0,    0,    0,    0,    0,    0,    0,    0,    0,    0,    0,    0,    0,    0,    0,    0,    0,    0,    0,    0,    0,    0,    0,    0,    0,   13,    0,    0,    0,    0,    0,    0,   13,   13,    0,    0,  -23,  -23,  -23,    0,    0,    0,    0,   13,    0,    0,    0,    0,    0,    0,  -23,    0,    0,    0,    0,    0,    0,    0,    0,    0,    0,    0,    0,    0,    0,    0,    0,    0,    0,    0,    0,    0,    0,    0,    0,    0,    0,    0,    0,    0,    0,  -25,    0,    0,    0,    0,    0,    0,    0,    0,    0,    0,    0,    0,    0,    0,    0,    0,    0,    0,    0,
       0,    0,    0,    0,    0,    0,    0,    0,    0,    0,    0,    0,    0,    0,    0,    0,    0,    0,    0,    0,    0,    0,    0,    0,    0,    0,    0,  -10,    0,    0,    0,    0,    0,    0,    0,   -5,    0,    0,    0,  -16,    0,    0,    0,    0,    0,    0,    0,    0,    0,    2,    0,    0,    0,    0,    0,    0,    0,    0,    0,    0,    0,    0,    0,    0,    0,    0,    0,    0,    0,    0,    0,    0,    0,    0,    0,   13,    0,    0,    2,    0,    0,    0,   13,   13,    0,    0,    0,    0,    0,    0,    0,    0,    0,   13,    0,    0,   -5,    0,    0,    0,    0,    0,    0,    0,    0,    0,    0,    0,    0,    0,    0,    0,    0,    0,    0,    0,    0,    0,    0,    0,    0,    0,    0,    0,    0,    0,    0,    0,    0,    0,    0,    0,    0,    0,    0,    0,    0,    0,    0,    0,    0,    0,    0,    0,    0,    0,    0,    0,    0,    0,    0,
       0,    0,    0,    0,    0,    0,    0,    0,    0,    0,    0,    0,    0,    0,    0,    0,    0,    0,    0,    0,    0,    0,    0,    0,    0,    0,    0,    0,    0,    0,    0,    0,    0,    0,    0,    0,    0,    0,    0,    0,    0,    0,    0,    0,    0,    0,    0,    0,    0,    0,    0,    0,    0,    0,    0,    0,    0,    0,    0,    0,    0,    0,    0,    0,    0,    0,    0,    0,    0,    0,    0,    0,    0,    0,    0,   29,    0,    0,    0,    0,    0,    0,   29,   29,    0,    0,    0,    0,    0,    0,    0,    0,   13,   29,    0,    0,    0,    0,    0,    0,    0,    0,    0,    0,    0,    0,    0,    0,    0,    0,    0,    0,    0,    0,    0,    0,    0,    0,    0,    0,    0,    0,    0,    0,    0,    0,    0,    0,    0,    0,    0,    0,    0,    0,    0,    0,    0,    0,    0,    0,    0,    0,    0,    0,    0,    0,    0,    0,    0,    0,    0,
       0,    0,    0,    0,    0,    0,    0,    0,    0,    0,  -16,    0,  -29,    0,    0,    0,    0,    0,    0,    0,    0,    0,    0,    0,    0,    0,    0,  -36,    0,    0,  -27,    0,    0,    0,    0,    0,    0,    0,    0,  -13,   -8,  -13,    0,    0,    0,   -9,    0,    0,  -13,  -13,    0,    0,  -13,    0,    0,    0,    0,    0,    0,    0,  -13,    0,    0,    0,    0,    0,    0,    0,    0,   -8,   -8,  -13,    0,    0,    0,    0,  -13,  -13,  -13,   -8,    0,    0,    0,    0,    0,  -13,    0,    0,    0,  -13,    0,    0,   29,    0,    0,    0,    0,    0,    0,    0,    0,    0,    0,    0,    0,    0,    0,    0,    0,    0,    0,    0,    0,    0,    0,    0,    0,    0,    0,    0,    0,    0,    0,    0,    0,    0,    0,    0,    0,    0,    0,    0,    0,  -48,    0,    0,    0,  -50,    0,    0,    0,    0,    0,    0,    0,    0,  -14,    0,    0,    0,    0,
       0,    0,    0,    0,    0,    0,    0,    0,    0,    0,    0,    0,    0,    0,    0,    0,    0,    0,    0,    0,    0,    0,    0,    0,    0,    0,    0,  -11,    0,    0,    0,  -12,    0,   -9,    0,   -5,  -11,    0,    0,    0,    0,    0,    0,    0,    0,    0,    0,    0,    0,    0,    0,    0,    0,    0,    0,    0,    0,    0,    0,    0,    0,    0,    0,    0,    0,    0,    0,    0,    0,    0,    0,    0,    0,    0,    0,   13,    0,    0,    0,    0,    0,    0,   13,   13,    0,    0,  -12,  -12,  -12,    0,    0,    0,    6,   13,    0,    0,   -5,    0,    0,    0,  -12,    0,    0,    0,    0,    0,    0,    0,    0,    0,    0,    0,    0,    0,    0,    0,    0,    0,    0,    0,    0,    0,    0,    0,    0,    0,    0,    0,    0,    0,  -11,    0,    0,    0,    0,    0,    0,    0,    0,    0,    0,    0,    0,    0,    0,    0,    0,    0,    0,    0,    0,
       0,    0,    0,    0,    0,    0,    0,    0,    0,    0,  -13,    0,  -13,  -23,    0,    0,    0,    0,    0,    0,    0,    0,    0,    0,    0,    0,    0,   -8,    0,    0,    0,    0,    0,    0,    0,    0,    0,    0,    0,  -20,    0,    0,    0,    0,    0,    0,    0,    0,    0,    0,    0,    0,    0,    0,    0,    0,    0,    0,    0,    0,    0,    0,    0,    0,    0,    0,    0,    0,    0,    0,    0,    0,    0,    0,    0,    0,    0,    0,    0,    0,    0,    0,    0,    0,    0,    0,    0,    0,    0,    0,    0,    0,   13,    0,    0,    0,    0,    0,    0,    0,    0,    0,    0,    0,    0,    0,    0,    0,    0,    0,    0,    0,    0,    0,    0,    0,    0,    0,    0,    0,    0,    0,    0,    0,    0,    0,    0,    0,    0,    0,    0,    0,    0,  -32,    0,    0,    0,  -13,    0,    0,    0,    0,    0,    0,    0,    0,    0,    0,    0,    0,    0,
       0,    0,    0,    0,   -4,    0,    0,    0,    0,  -35,    0,  -35,    0,    0,    0,    0,    0,    0,    0,    0,    0,    0,    0,  -27,  -13,    0,  -15,    0,    0,  -15,    0,    0,    0,    0,    0,    0,    0,    0,    0,    0,    0,  -16,    0,    4,    0,    0,    0,    0,  -13,  -16,  -25,    0,    0,  -35,    0,  -20,  -55,   -6,    0,    0,  -13,    0,  -53,    0,    0,    0,    0,    0,  -13,    0,    0,  -16,    4,    4,    4,   34,  -16,  -13,  -16,    0,    0,    0,   34,   34,    0,  -16,    0,    0,    0,  -13,    0,    4,   34,   34,    0,    0,    0,    0,  -15,    0,    0,    0,    0,    0,  -41,    0,    0,    0,    0,    0,    0,    0,    0,    0,    0,    0,    0,    0,    0,    0,    0,    0,    0,    0,    0,    0,    0,    0,    0,    0,    0,    0,    0,    0,    0,    0,  -13,    0,    0,    0,    0,    0,    0,    0,    0,    0,    0,    0,    0,    0,  -13,
       0,    0,  -36,    0,    0,    0,    0,    0,  -68,  -29,    0,  -49,    0,    0,    0,  -18,    0,    0,    0,    0,    0,    0,    0,    0,    0,    0,  -11,    0,    0,  -11,    0,  -37,    0,  -30,  -10,    0,  -28,    0,  -52,    0,    0,    0,    0,    0,    0,    0,    0,   -9,    0,  -27,    0,    0,    0,  -45,  -38,  -25,  -81,  -32,  -70,    0,    0,  -32,  -54,    0,    0,    0,    0,    0,  -13,    0,    0,    0,    0,    0,    0,    0,    0,    0,  -27,    0,    0,    0,    0,    0,    0,    0,  -37,  -37,  -37,    0,    0,    0,    0,    0,    0,    0,    0,    0,  -11,    0,  -37,    0,    0,   -9,  -52,   -9,    0,    0,    0,    0,    0,    0,    0,    0,    0,    0,    0,    0,    0,    0,    0,    0,    0,    0,    0,    0,    0,    0,    0,    0,  -41,  -34,  -30,    0,  -18,  -18,  -13,    0,  -57,    0,    0,    0,    0,    0,    0,    0,    0,    0,    0,    0,    0,
       0,    0,    0,    0,    0,  -13,    0,    0,    0,  -12,  -16,  -12,  -29,    0,    0,    0,    0,    0,    0,    0,    0,    0,    0,    0,    0,    0,    0,  -32,    0,    0,  -38,    0,    0,    0,    0,    0,    0,    0,    0,    0,   -4,   -3,    0,    0,    0,    0,    0,    0,    0,    0,    0,    0,    0,  -12,    0,    0,  -12,    0,    0,    0,    0,    0,  -12,    0,    0,    0,    0,    0,    0,   -4,   -4,   -3,    0,    0,    0,    0,   -3,    0,    0,   -4,    0,    0,    0,    0,    0,   -3,    0,    0,    0,    0,    0,    0,    0,    0,    0,    0,    0,    0,    0,    0,    0,    0,    0,    0,    0,    0,    0,    0,    0,    0,    0,    0,    0,    0,    0,    0,    0,    0,    0,    0,    0,    0,    0,    0,    0,    0,    0,    0,    0,    0,    0,    0,    0,  -57,    0,    0,    0,  -54,    0,    0,    0,    0,    0,    0,    0,    0,  -20,    0,    0,    0,    0,
       0,    0,    0,    0,    0,    0,    0,    0,    0,    0,    0,    0,    0,    0,    0,    0,    0,    0,    0,    0,    0,    0,    0,    0,    0,    0,    0,    0,    0,    0,    0,    0,    0,   -7,    0,    0,  -11,    0,    0,    0,   -2,   -5,    0,    0,    0,    0,    0,    0,    0,    0,    0,    0,    0,    0,    0,    0,    0,    0,    0,    0,    0,    0,    0,    0,    0,    0,    0,    0,    0,   -2,   -2,   -5,    0,    0,    0,   18,   -5,    0,    0,   -2,    0,    0,   18,   18,    0,   -5,    0,    0,    0,    0,    0,    0,    0,   18,    0,    0,    0,    0,    0,    0,    0,    0,    0,    0,    0,    0,    0,    0,    0,    0,    0,    0,    0,    0,    0,    0,    0,    0,    0,    0,    0,    0,    0,    0,    0,    0,    0,    0,    0,    0,  -11,    0,    0,    0,    0,    0,    0,    0,    0,    0,    0,    0,    0,    0,    0,    0,    0,    0,    0,    0,    0,
       0,    0,    0,    0,   -1,  -13,    0,    0,    0,  -24,  -13,  -24,  -13,  -52,  -13,    0,    0,    0,  -27,    0,  -32,    0,  -13,  -32,  -13,    0,  -12,  -35,    0,  -12,  -36,    0,    0,    0,    0,    0,    5,    0,    0,  -23,  -29,  -31,    0,    0,    0,  -23,  -29,  -41,  -29,  -25,  -25,  -17,  -18,  -24,    0,  -52,  -24,    0,    0,    0,  -70,    0,  -55,    0,  -20,    0,    0,    0,  -13,  -45,  -45,  -52,    0,    0,    0,   36,  -52,  -50,  -38,  -29,    0,    0,   36,   36,    0,  -31,    0,    0,    0,  -45,    0,    0,   55,   36,  -55,  -55,    0,    0,  -12,    0,    0,    0,    0,  -41,  -21,  -41,  -29,    0,    0,    0,    0,    0,    0,    0,    0,    0,    0,    0,    0,    0,    0,    0,    0,    0,    0,    0,    0,    0,    0,    0,    5,    0,    0,  -48,    0,    0,  -13,  -47,    0,    0,    0,    0,    0,    0,    0,    0,  -32,    0,    0,    0,    0,
       0,    0,    0,    0,    0,  -20,    0,    0,    0,  -22,  -38,  -22,  -38,  -20,   -8,    0,    0,    0,  -13,    0,    0,    0,  -25,  -29,  -25,    0,  -29,  -30,    0,  -15,  -38,    0,    0,    6,    0,    0,    0,    0,    0,  -32,  -23,  -23,    0,    0,    0,   -2,  -18,    0,    0,    0,    0,    0,    0,  -22,    0,  -23,  -47,    0,    0,    0,    0,    0,  -38,    0,    0,   -8,    0,    0,  -16,  -23,  -38,  -23,    0,    0,    0,   34,  -41,    0,    0,  -23,    0,    0,   34,   34,    0,  -23,    0,    0,    0,    0,    0,    0,   16,   34,  -49,  -49,    0,    0,  -15,    0,    0,    0,    0,    0,   -5,    0,  -18,    0,    0,    0,    0,    0,    0,    0,    0,    0,    0,    0,    0,    0,    0,    0,    0,    0,    0,    0,    0,    0,    0,    0,    0,    0,    0,  -45,    0,    0,  -16,  -38,    0,    0,    0,    0,    0,    0,    0,  -52,  -60,    0,    0,    0,    0,
       0,    0,    0,    0,   -2,  -20,    0,    0,    0,  -18,  -38,  -18,  -38,   -8,    0,    0,    0,    0,  -13,    0,    0,    0,  -20,  -29,  -25,    0,   -6,  -27,    0,   -6,  -25,    0,    0,    2,    9,    0,    0,    0,    0,    0,  -22,  -20,    0,    0,    0,  -14,  -13,    0,    0,    0,    0,    0,    0,  -18,    0,  -23,  -18,    0,    0,    0,    0,    0,  -31,    0,    0,   -8,    0,    0,    0,  -22,  -22,  -20,    0,    0,    0,    0,  -20,    0,    0,  -22,    0,    0,    0,    0,    0,  -20,    0,    0,    0,    0,    0,    0,   34,    0,    0,    0,    0,    0,   -6,    0,    0,    0,    0,    0,  -14,    0,  -13,    0,    0,    0,    0,    0,    0,    0,    0,    0,    0,    0,    0,    0,    0,    0,    0,    0,    0,    0,    0,    0,    0,    0,    0,    0,    0,  -43,    0,    0,    0,  -38,    0,    0,    0,    0,    0,    0,    0,  -37,  -44,    0,    0,    0,    0,
       0,    0,    0,    0,   -5,    0,    0,    0,    0,  -15,    0,  -15,    0,    0,  -14,    0,    0,   -9,  -16,    0,    0,   -9,    0,  -23,  -20,    0,  -19,    0,    0,  -19,    0,  -16,    0,    0,    0,    0,    0,    0,    0,    0,  -23,  -11,    0,    0,    0,    0,    0,    0,    0,    0,    0,    0,    0,  -29,    0,  -16,  -36,   -3,    0,    0,    0,    0,  -33,    0,    0,    0,    0,    0,  -18,  -23,  -23,  -11,    0,    0,    0,    0,  -11,    0,    0,  -23,    0,    0,    0,    0,    0,  -11,  -16,  -16,  -16,    0,    0,    0,   34,    0,    0,    0,    0,   -9,  -39,  -13,  -16,    0,    0,  -25,  -33,    0,    0,    0,    0,    0,    0,    0,    0,    0,    0,    0,    0,    0,    0,    0,    0,    0,    0,    0,    0,    0,    0,    0,    0,    0,    0,    0,    0,    0,    0,    0,  -18,    0,    0,    0,    0,    0,    0,    0,    0,    0,    0,    0,  -13,    0,    0,
       0,    0,    0,    0,    0,  -25,    0,    0,    0,  -28,  -22,  -28,  -22,    0,    0,    0,    0,    0,  -27,    0,    0,    0,  -25,  -41,  -38,    0,  -16,  -31,    0,  -16,  -13,    5,    0,    0,    0,    0,    0,    0,    0,    0,  -37,  -39,    0,   -9,    0,  -16,  -27,    0,  -16,    0,    0,    0,    0,  -28,    0,  -36,  -48,   -3,    0,    0,  -16,    0,  -48,    0,  -25,    0,    0,    0,  -34,  -64,  -57,  -39,   -9,  -23,   -9,    0,  -39,  -16,    0,  -67,    0,    0,    0,    0,    0,  -62,    5,    5,    5,  -16,    0,   -9,   34,    0,    0,    0,    0,    0,  -16,    0,    5,    0,    0,    0,  -20,    0,  -27,    0,    0,    0,    0,    0,    0,    0,    0,    0,    0,    0,    0,    0,    0,    0,    0,    0,    0,    0,    0,    0,    0,    0,    0,    0,    0,  -43,    0,    0,  -16,  -60,    0,    0,    0,    0,    0,    0,    0,  -66,  -73,    0,    0,    0,  -13,
       0,    0,    0,    0,    0,    0,    0,    0,    0,  -15,    0,  -15,    0,    0,    0,    0,    0,    0,    0,    0,    0,    0,    0,  -25,    0,    0,  -13,    0,    0,  -13,    0,    0,    0,    0,    0,    0,    0,    0,    0,    0,    0,    0,    0,    0,    0,    0,    0,    0,    0,    0,    0,    0,    0,  -15,    0,  -13,  -15,    0,    0,    0,    0,    0,  -29,    0,    0,    0,    0,    0,    0,    0,    0,    0,    0,    0,    0,   34,    0,    0,    0,    0,    0,    0,   34,   34,    0,    0,    0,    0,    0,    0,    0,    0,   13,   34,    0,    0,    0,    0,  -13,    0,    0,    0,    0,    0,   -9,    0,    0,    0,    0,    0,    0,    0,    0,    0,    0,    0,    0,    0,    0,    0,    0,    0,    0,    0,    0,    0,    0,    0,    0,    0,    0,    0,    0,    0,    0,    0,    0,    0,    0,    0,    0,    0,    0,    0,    0,    0,    0,    0,    0,    0,    0,
       0,    0,    0,    0,    0,    0,    0,    0,    0,    0,    0,    0,    0,    0,    0,    0,    0,    0,    0,    0,    0,    0,    0,    0,    0,    0,    0,    0,    5,    0,    0,    0,    0,    0,    0,    0,    0,    0,    0,    0,    0,   -3,    0,    0,    7,    5,    0,    0,    0,    0,    0,    0,    0,    0,    0,    0,    0,    0,    0,    0,    0,    0,    0,    0,    0,    0,    0,    0,    0,    0,    0,   -3,    0,    0,    0,    0,   -3,    0,    0,    0,    0,    5,    0,    0,    7,   -3,    0,    0,    0,    0,    5,    0,   35,    0,    0,    0,    0,    0,    0,    0,    0,    0,    0,    0,    0,    0,    0,    0,    0,    0,    0,    0,    0,    0,    0,    0,    0,    0,    0,    0,    0,    0,    0,    0,    0,    0,    0,    0,    0,    0,    0,    0,    0,    0,    0,    0,    0,    0,    0,    0,    0,    0,    0,    0,    0,    0,    0,    0,    0,    0,    0,
       0,    0,  -32,    0,   -4,    0,    0,    0,  -36,  -13,    0,  -13,    0,    6,    0,  -18,    0,    0,    0,    0,    0,    0,    0,  -10,  -20,  -25,  -16,    6,    0,  -16,    0,  -51,   -8,  -50,  -50,    0,  -31,    0,  -36,    0,    0,   -6,   -2,    1,    0,    0,   -3,  -10,    0,  -47,  -27,    0,    0,  -13,  -29,  -13,  -13,  -28,  -36,    0,    0,  -20,  -13,    0,  -13,    0,    0,    0,  -13,    0,    0,   -6,    1,    1,    1,    0,   -6,    0,  -47,    0,    0,    0,    0,    0,    0,   -6,  -51,  -51,  -51,    0,    0,    1,    0,    0,    0,    0,    0,    0,  -16,    0,  -51,    0,    0,  -10,  -27,  -10,   -3,    0,    0,    0,    0,    0,    0,    0,    0,    0,    0,    0,    0,    0,    0,    0,    0,    0,    0,    0,    0,    0,    0,    0,  -31,  -69,  -63,    0,    0,    0,  -13,    0,  -63,   -4,    0,    0,    0,    0,    0,    0,    0,    0,    0,  -20,    0,
       0,    0,    0,    0,    0,    0,    0,    0,  -27,    0,    0,    0,    0,    0,  -18,  -43,    0,  -18,  -23,  -18,    0,  -18,    0,    0,    0,    0,  -16,    0,   13,  -16,    0,  -23,  -16,  -32,    0,    0,    0,    0,  -27,    0,    0,    0,    0,    9,   38,   13,    0,    0,    0,  -32,    0,    0,    0,    0,    0,    0,    0,    0,  -27,    0,    0,  -18,    0,    0,    0,    0,    0,    0,    0,    0,    0,    0,    9,    9,    9,    0,    0,    0,  -32,    0,    0,   13,    0,    0,   38,    0,  -23,  -23,  -23,    0,   13,    9,    0,    0,   23,   23,    0,  -18,  -16,  -43,  -20,   18,   18,    0,    0,    0,    0,    0,    0,    0,    0,    0,    0,    0,    0,    0,    0,    0,    0,    0,    0,    0,    0,    0,    0,    0,    0,    0,    0,    0,    0,  -16,    0,    0,    0,    0,    0,    0,    0,    0,    0,    0,    0,    0,    0,    0,    0,    0,    0,  -20,    0,
       0,    0,   -6,    0,    0,    0,    0,    0,    0,    0,    0,    0,    0,    0,    0,  -16,    0,    0,    0,    0,    0,    0,    0,    0,    0,    0,    0,    0,    0,    0,    0,  -28,    0,  -20,  -20,    0,  -36,    0,    0,    0,    0,    0,    0,    0,    0,    0,    0,    0,    0,   -7,    0,    0,    0,    0,    0,    0,    0,   -3,    0,    0,    0,    0,    0,    0,    0,    0,    0,    0,    0,    0,    0,    0,    0,    0,    0,    0,    0,    0,   -7,    0,    0,    0,    0,    0,    0,    0,  -28,  -28,  -28,    0,    0,    0,    0,    0,    0,    0,    0,    0,    0,    0,  -28,    0,    0,    0,    0,    0,    0,    0,    0,    0,    0,    0,    0,    0,    0,    0,    0,    0,    0,    0,    0,    0,    0,    0,    0,    0,    0,    0,    0,    0,  -36,  -18,   -9,    0,    0,    0,    0,    0,   -9,    0,    0,    0,    0,    0,    0,    0,    0,    0,    0,    0,    0,
       0,    0,   -7,    0,    0,    0,    0,   -5,    0,    0,    0,    0,    0,    0,    0,  -13,    0,    0,    0,    0,    0,    0,    0,    0,    0,    0,    0,  -13,    0,    0,    0,  -31,    0,  -23,  -20,  -11,  -42,    0,    0,    0,    4,    0,    0,    0,    0,    0,    0,    0,    0,   -7,   -6,   -8,   -7,    0,  -13,    0,    0,   -4,    0,    0,    0,    0,    0,    0,    0,    0,    0,    0,    0,    4,    4,    0,    0,    0,    0,    0,    0,    0,   -7,    4,    0,    0,    0,    0,    0,    0,  -31,  -31,  -31,    0,    0,    0,   18,    0,    0,    0,  -11,    0,    0,    0,  -31,    0,    0,    0,   -5,    0,    0,    0,    0,    0,    0,    0,    0,    0,    0,    0,    0,    0,    0,    0,    0,    0,    0,    0,    0,    0,    0,    0,    0,    0,  -42,  -25,   -9,    0,    0,    0,    0,    0,   -9,    0,    0,    0,    0,    0,    0,    0,    0,    0,    0,    0,    0,
       0,    0,    0,    0,    0,    0,    0,    0,    0,   -9,  -23,   -9,  -23,   -7,    0,    0,    0,    0,  -25,    0,    0,    0,    0,    0,    0,    0,    0,  -13,    0,    0,  -25,    0,    0,    0,    0,    0,    3,    0,    0,   -6,   -7,  -10,  -16,    2,    1,    0,   -8,  -15,    0,    0,    7,    0,    0,   -9,    0,  -16,   -9,    0,    0,    0,    0,    0,   -9,    0,    0,    0,    0,    0,   -8,   -7,   -7,  -10,    2,    2,    2,   41,  -10,    0,    0,   -7,    0,    0,   41,   57,    1,  -10,    0,    0,    0,    0,    0,    2,   18,   54,  -31,  -31,    0,    0,    0,    0,    0,    0,    0,  -15,    0,  -15,   -8,    0,    0,    0,    0,    0,    0,    0,    0,    0,    0,    0,    0,    0,    0,    0,    0,    0,    0,    0,    0,    0,    0,    0,    3,    0,    0,  -36,    0,    0,   -8,  -23,    0,    0,    0,    0,    0,    0,    0,    0,  -10,    0,    0,    0,    0,
       0,    0,    0,    0,    0,    0,    0,    0,    0,    0,    0,    0,    0,    0,    0,    0,    0,    0,    0,    0,    0,    0,    0,    0,    0,    0,    0,    0,    0,    0,    0,  -20,    0,    0,    0,    0,    0,    0,    0,    0,    0,    0,    0,    0,    2,    0,    0,    0,    0,    0,    0,    0,    0,    0,    0,    0,    0,    0,    0,    0,    0,    0,    0,    0,    0,    0,    0,    0,    0,    0,    0,    0,    0,    0,    0,    0,    0,    0,    0,    0,    0,    0,    0,    0,    2,    0,  -20,  -20,  -20,    0,    0,    0,    0,    0,    0,    0,    0,    0,    0,    0,  -20,    0,    0,    0,    0,    0,    0,    0,    0,    0,    0,    0,    0,    0,    0,    0,    0,    0,    0,    0,    0,    0,    0,    0,    0,    0,    0,    0,    0,    0,    0,    0,    0,    0,    0,    0,    0,    0,    0,    0,    0,    0,    0,    0,    0,    0,    0,    0,    0,    0,    0,
       0,    0,    0,    0,    0,    0,    0,    0,    0,    0,    0,    0,    0,    0,    0,    0,    0,    0,    0,    0,    0,    0,    0,    0,    0,    0,    0,    0,    0,    0,    0,    0,    0,    0,    0,    0,    0,    0,    0,    0,    0,    0,    0,    0,    0,    0,    0,    0,    0,    0,    0,    0,    0,    0,    0,    0,    0,    0,    0,    0,    0,    0,    0,    0,    0,    0,    0,    0,    0,    0,    0,    0,    0,    0,    0,   25,    0,    0,    0,    0,    0,    0,   38,   25,    0,    0,    0,    0,    0,    0,    0,    0,   34,   38,    0,    0,    0,    0,    0,    0,    0,    0,    0,    0,    0,    0,    0,    0,    0,    0,    0,    0,    0,    0,    0,    0,    0,    0,    0,    0,    0,    0,    0,    0,    0,    0,    0,    0,    0,    0,    0,    0,    0,    0,    0,    0,    0,    0,    0,    0,    0,    0,    0,    0,    0,    0,    0,    0,    0,    0,    0,
       0,    0,    0,    0,    0,    0,    0,    0,    0,  -21,    0,  -21,    0,    0,    0,    0,    0,    0,  -18,    0,    0,    0,    0,  -34,    0,    0,    0,    0,    0,    0,    0,  -23,    0,    0,    0,    0,    0,    0,    0,    0,    0,   -9,    0,    0,    0,    0,    0,    0,    0,    2,    0,    0,    0,  -21,    0,  -20,  -49,    0,    0,    0,    0,    0,  -21,    0,    0,    0,    0,    0,    0,    0,    0,   -9,    0,    0,    0,    0,   -9,    0,    2,    0,    0,    0,    0,    0,    0,   -9,  -23,  -23,  -23,    0,    0,    0,    0,    0,    0,    0,    0,    0,    0,    0,  -23,    0,    0,    0,    0,    0,    0,    0,    0,    0,    0,    0,    0,    0,    0,    0,    0,    0,    0,    0,    0,    0,    0,    0,    0,    0,    0,    0,    0,    0,    0,    0,    0,    0,    0,    0,    0,    0,    0,    0,    0,    0,    0,    0,    0,    0,    0,    0,    0,    0,    0,
       0,    0,    0,    0,    0,    0,    0,    0,    0,  -15,  -25,  -15,  -25,  -13,    0,    0,    0,    0,    0,    0,    0,    0,    0,  -16,    0,    0,    0,  -16,    6,    0,  -23,  -23,    0,    0,    0,    0,    0,  -13,    0,    0,   -4,   -9,    7,    3,    6,    4,    0,    7,    0,    6,    3,    6,    0,  -15,    0,    0,  -29,    0,    0,    0,    0,    0,  -15,    0,    0,    0,    0,    0,    0,   -4,   -4,   -9,    3,    3,    3,    9,   -9,    0,    6,   -4,    0,    6,    9,    9,    6,   -9,  -23,  -23,  -23,    0,    6,    3,   12,    9,    0,    0,    0,    0,    0,    0,  -23,   -7,   -7,    7,    0,    7,    0,    0,    0,    0,    0,    0,    0,    0,    0,    0,    0,    0,    0,    0,    0,    0,    0,    0,    0,    0,    0,    0,    0,    0,    0,  -16,    6,  -32,    0,    0,    0,  -25,    6,    0,    0,    0,    0,    0,    0,    0,  -13,    0,    0,    0,    0,
       0,    0,   -2,    0,    0,    0,    0,    0,    0,    0,    0,    0,    0,    0,    0,    0,    0,    0,    0,    0,    0,    0,    0,    0,    0,    0,    0,    0,    0,    0,    0,  -29,    0,  -18,  -13,    0,  -29,    0,    0,    0,    0,    0,    0,    0,    0,    0,    0,    0,    0,    0,    0,    0,    0,    0,    0,    0,    0,   -3,    0,    0,    0,    0,    0,    0,    0,    0,    0,    0,    0,    0,    0,    0,    0,    0,    0,    0,    0,    0,    0,    0,    0,    0,    0,    0,    0,    0,  -29,  -29,  -29,    0,    0,    0,    0,    0,    0,    0,    0,    0,    0,    0,  -29,    0,    0,    0,    0,    0,    0,    0,    0,    0,    0,    0,    0,    0,    0,    0,    0,    0,    0,    0,    0,    0,    0,    0,    0,    0,    0,    0,    0,    0,  -29,  -20,    0,   -4,    0,    0,    0,    0,    0,    0,    0,    0,    0,    0,    0,    0,    0,    0,    0,    0,    0,
       0,    0,    0,    0,    0,    0,    0,    0,    0,   -7,    0,   -7,    0,    0,    0,    0,    0,    0,   -4,    0,    0,    0,    0,  -11,    0,    0,    0,    0,    1,    0,    0,  -13,    0,   -3,   -3,    0,   -4,    0,    0,    0,    2,   -4,  -12,    0,    3,    0,   -3,   -3,    0,    9,    7,    0,    0,   -7,    0,    0,   -7,    0,    0,    0,    0,    0,   -7,    0,    0,    0,    0,    0,   -3,    2,    2,   -4,    0,    0,    0,    0,   -4,    0,    9,    2,    0,    1,    0,    0,    3,   -4,  -13,  -13,  -13,    0,    1,    0,   18,    0,    0,    0,    0,    0,    0,    0,  -13,    0,    0,   -3,    0,   -3,   -3,    0,    0,    0,    0,    0,    0,    0,    0,    0,    0,    0,    0,    0,    0,    0,    0,    0,    0,    0,    0,    0,    0,    0,   -4,  -16,    3,    0,    0,    0,   -3,    0,    3,    0,    0,    0,    0,    0,    0,    0,    9,    0,    0,    0,    0,
       0,    0,    0,    0,    0,    0,    0,    0,    0,  -15,    0,  -15,    0,  -13,    0,    0,    0,    0,    0,    0,    0,    0,    0,  -16,    0,    0,    0,    0,    0,    0,    0,  -20,    0,    0,    0,    0,  -23,    0,    0,  -13,    0,    0,    0,    0,    0,    0,    0,    0,    0,    0,    0,    0,    0,  -15,    0,    0,  -29,    0,    0,    0,    0,    0,  -15,    0,    0,    0,    0,    0,    0,    0,    0,    0,    0,    0,    0,    0,    0,    0,    0,    0,    5,    0,    0,    0,    0,    0,  -20,  -50,  -20,    0,    0,    0,    0,    0,    0,    0,    0,    0,    0,    0,  -20,    0,    0,    0,    0,    0,    0,    0,    0,    0,    0,    0,    0,    0,    0,    0,    0,    0,    0,    0,    0,    0,    0,    0,    0,    0,    0,    0,    0,    0,  -23,  -16,    6,    0,    0,    0,    0,    0,    6,    0,    0,    0,    0,    0,    0,    0,  -16,    0,    0,    0,    0,
       0,    0,    0,    0,    0,    0,    0,    0,    0,  -16,  -16,  -16,  -16,  -23,    0,    0,    0,    0,    0,    0,    0,    0,    0,  -13,  -16,    0,    0,  -27,    1,    0,  -25,  -13,    0,    0,    0,    0,  -13,    0,    0,  -32,   -3,   -7,    6,    0,    0,    0,    0,    7,    0,    0,    0,    0,    0,  -16,    0,  -16,  -16,    0,    0,    0,    0,    0,  -16,    0,    0,    0,    0,    0,    0,   -3,   -3,   -7,    0,    0,    0,    6,   -7,    0,    0,   -3,    0,    1,    6,    6,    0,   -7,  -13,  -38,  -13,    0,    1,    0,    0,    6,    0,    0,    0,    0,    0,    0,  -13,  -18,  -18,    7,    0,    7,    0,    0,    0,    0,    0,    0,    0,    0,    0,    0,    0,    0,    0,    0,    0,    0,    0,    0,    0,    0,    0,    0,    0,    0,  -13,    0,    0,  -32,    0,    0,    0,  -46,    0,    0,    0,    0,    0,    0,    0,    0,  -13,    0,    0,    0,    0,
       0,    0,    0,    0,    0,  -13,    0,    0,    0,    0,  -29,    0,  -29,    0,    0,    0,    0,    0,    0,    0,    0,    0,    0,    0,    0,    0,    0,  -27,    0,    0,  -23,  -20,    0,    0,    0,    0,    0,  -13,    0,    0,   -1,   -6,    0,    0,    0,    0,    0,    0,    0,    0,    0,    0,    0,    0,    0,  -13,    0,    0,    0,    0,    0,    0,    0,    0,    0,    0,    0,    0,    0,   -1,   -1,   -6,    0,    0,    0,    0,   -6,    0,    0,   -1,    0,    0,    0,    0,    0,   -6,  -20,  -20,  -20,    0,    0,    0,    0,    0,    0,    0,    0,    0,    0,    0,  -20,    0,    0,    0,    0,    0,    0,    0,    0,    0,    0,    0,    0,    0,    0,    0,    0,    0,    0,    0,    0,    0,    0,    0,    0,    0,    0,    0,    0,    0,    0,    0,    0,  -32,    0,    0,    0,  -29,    0,    0,    0,    0,    0,    0,    0,    0,    0,    0,    0,    0,    0,
       0,    0,    0,    0,    0,    0,    0,    0,    0,   -9,    0,   -9,    0,    0,    0,    0,    0,    0,    0,    0,    0,    0,    0,    0,  -13,    0,    0,    0,    0,    0,    0,  -17,    0,    0,    0,    0,    0,    0,    0,    0,   -1,   -8,    6,    0,    0,    0,    0,    6,    0,    0,    0,    0,    0,   -9,    0,  -13,   -9,    0,    0,    0,    0,    0,   -9,    0,    0,    0,    0,    0,    0,   -1,   -1,   -8,    0,    0,    0,    0,   -8,    0,    0,   -1,    0,    0,    0,    0,    0,   -8,  -17,  -17,  -17,    0,    0,    0,    0,    0,    0,    0,    0,    0,    0,    0,  -17,    0,    0,    6,    0,    6,    0,    0,    0,    0,    0,    0,    0,    0,    0,    0,    0,    0,    0,    0,    0,    0,    0,    0,    0,    0,    0,    0,    0,    0,    0,    0,    0,    0,    0,    0,    0,    0,    0,    0,    0,    0,    0,    0,    0,    0,    0,    0,    0,    0,    0,
       0,    0,    0,    0,    0,    0,    0,    0,    0,    0,    0,    0,    0,    0,    0,    0,    0,    0,    0,    0,    0,    0,    0,    0,    0,    0,    0,    0,    0,    0,    0,  -13,    0,    0,    0,    0,    0,    0,    0,    0,    0,   -7,    0,    0,    0,    0,    0,    0,    0,    0,    0,    0,    0,    0,    0,    0,    0,    0,    0,    0,    0,    0,    0,    0,    0,    0,    0,    0,    0,    0,    0,   -7,    0,    0,    0,    0,   -7,    0,    0,    0,    0,    0,    0,    0,    0,   -7,  -13,  -13,  -13,    0,    0,    0,    0,    0,    0,    0,    0,    0,    0,    0,  -13,    0,    0,    0,    0,    0,    0,    0,    0,    0,    0,    0,    0,    0,    0,    0,    0,    0,    0,    0,    0,    0,    0,    0,    0,    0,    0,    0,    0,    0,    0,    0,    0,    0,    0,    0,    0,    0,    0,    0,    0,    0,    0,    0,    0,    0,    0,    0,    0,    0,    0,
       0,    0,    0,    0,    0,    0,    0,    0,    0,    0,    0,    0,    0,    0,    0,    0,    0,    0,    0,    0,    0,    0,    0,    0,    0,    0,    0,    0,    0,    0,    0,  -27,    0,  -13,    0,    0,  -27,    0,    0,    0,    0,    0,    0,    0,    0,    0,    0,    0,    0,    0,    0,    0,    0,    0,    0,    0,    0,    0,    0,    0,    0,    0,    0,    0,    0,    0,    0,    0,    0,    0,    0,    0,    0,    0,    0,    0,    0,    0,    0,    0,    0,    0,    0,    0,    0,    0,  -27,  -27,  -27,    0,    0,    0,    0,    0,    0,    0,    0,    0,    0,    0,  -27,    0,    0,    0,    0,    0,    0,    0,    0,    0,    0,    0,    0,    0,    0,    0,    0,    0,    0,    0,    0,    0,    0,    0,    0,    0,    0,    0,    0,    0,  -27,  -13,    0,    0,    0,    0,    0,    0,    0,    0,    0,    0,    0,    0,    0,    0,    0,    0,    0,    0,    0,
       0,    0,    0,    0,    0,    0,    0,    0,    0,    0,    0,    0,    0,    0,    0,    0,    0,    0,    0,    0,    0,    0,    0,    0,    0,    0,    0,    0,    0,    0,    0,    0,    0,    0,    0,    0,    0,    0,    0,    0,    0,    0,    0,   13,    0,    0,    0,    0,    0,    0,    0,    0,    0,    0,    0,    0,    0,    0,    0,    0,    0,    0,    0,    0,    0,    0,    0,    0,    0,    0,    0,    0,   13,   13,   13,    0,    0,    0,    0,    0,    0,    0,    0,    0,    0,    0,    0,    0,    0,    0,    0,   13,   18,    0,    0,    0,    0,    0,    0,    0,    0,    0,    0,    0,    0,    0,    0,    0,    0,    0,    0,    0,    0,    0,    0,    0,    0,    0,    0,    0,    0,    0,    0,    0,    0,    0,    0,    0,    0,    0,    0,    0,    0,    0,    0,    0,    0,    0,    0,    0,    0,    0,    0,    0,    0,    0,    0,    0,    0,    0,    0,
       0,    0,    0,    0,    0,  -16,    0,    0,    0,    0,    0,    0,    0,    0,    0,    0,    0,    0,    0,    0,    0,    0,    0,    0,    0,    0,    0,  -29,    0,    0,  -29,    0,    0,    0,    0,    0,    0,    0,    0,    0,    0,  -13,    0,    0,    0,    0,    0,    0,    0,    0,    0,    0,    0,    0,    0,    0,    0,    0,    0,    0,    0,    0,    0,    0,    0,    0,    0,    0,    0,    0,    0,  -13,    0,    0,    0,    0,  -13,    0,    0,    0,    0,    0,    0,    0,    0,  -13,    0,    0,    0,    0,    0,    0,    0,    0,    0,    0,    0,    0,    0,    0,    0,    0,    0,    0,    0,    0,    0,    0,    0,    0,    0,    0,    0,    0,    0,    0,    0,    0,    0,    0,    0,    0,    0,    0,    0,    0,    0,    0,    0,    0,    0,    0,    0,    0,    0,    0,    0,    0,    0,    0,    0,    0,    0,    0,    0,    0,    0,    0,    0,    0,    0,
       0,    0,    0,    0,    0,    0,    0,    0,    0,    0,    0,    0,    0,    0,    0,    0,    0,    0,    0,    0,    0,    0,    0,    0,    0,    0,    0,  -13,    0,    0,    0,  -20,    0,    0,    0,    0,  -25,    0,    0,    0,    0,    0,    0,    0,    0,    0,    0,    0,    0,    0,    0,    0,    0,    0,    0,    0,    0,    0,    0,    0,    0,    0,    0,    0,    0,    0,    0,    0,    0,    0,    0,    0,    0,    0,    0,    0,    0,    0,    0,    0,    0,    0,    0,    0,    0,    0,  -20,  -20,  -20,    0,    0,    0,    0,    0,    0,    0,    0,    0,    0,    0,  -47,    0,    0,    0,    0,    0,    0,    0,    0,    0,    0,    0,    0,    0,    0,    0,    0,    0,    0,    0,    0,    0,    0,    0,    0,    0,    0,    0,    0,    0,  -25,    0,    0,    0,    0,    0,    0,    0,    0,    0,    0,    0,    0,    0,    0,    0,    0,    0,    0,    0,    0,
       0,    0,    0,    0,    0,    0,    0,    0,    0,    0,    0,    0,    0,    0,    0,    0,    0,    0,    0,    0,    0,    0,    0,    0,    0,    0,    0,    0,    0,    0,    0,  -20,    0,    0,    0,    0,    0,    0,    0,    0,    0,    0,    0,    0,    0,    0,    0,    0,    0,    0,    0,    0,    0,    0,    0,    0,    0,    0,    0,    0,    0,    0,    0,    0,    0,    0,    0,    0,    0,    0,    0,    0,    0,    0,    0,    0,    0,    0,    0,    0,    0,    0,    0,    0,    0,    0,  -20,  -20,  -20,    0,    0,    0,    0,    0,    0,    0,    0,    0,    0,    0,  -20,    0,    0,    0,    0,    0,    0,    0,    0,    0,    0,    0,    0,    0,    0,    0,    0,    0,    0,    0,    0,    0,    0,    0,    0,    0,    0,    0,    0,    0,    0,    0,    0,    0,    0,    0,    0,    0,    0,    0,    0,    0,    0,    0,    0,    0,    0,    0,    0,    0,    0,
       0,    0,    0,    0,    0,  -13,    0,    0,    0,    0,    0,    0,    0,    0,    0,    0,    0,    0,  -20,    0,    0,    0,    0,    0,    0,    0,   -2,  -28,    0,   -2,  -28,    0,    0,    0,    0,   -3,   -3,    0,    0,    0,   -4,  -11,    0,    0,    0,    0,   -4,    0,    0,    0,    0,    0,    0,    0,    0,    0,    0,    0,    0,    0,    0,    0,    0,    0,    0,    0,    0,    0,    0,   -4,   -4,  -11,    0,    0,    0,    0,  -11,    0,    0,   -4,    0,    0,    0,    0,    0,  -11,    0,    0,    0,    0,    0,    0,    0,    0,    0,    0,   -3,    0,   -2,    0,    0,    0,    0,    0,    0,    0,   -4,    0,    0,    0,    0,    0,    0,    0,    0,    0,    0,    0,    0,    0,    0,    0,    0,    0,    0,    0,    0,    0,    0,    0,   -3,    0,    0,    0,    0,    0,    0,    0,    0,    0,    0,    0,    0,    0,    0,    0,    0,    0,    0,    0,    0,
       0,    0,    0,    0,    0,    0,    0,    0,    0,    0,    0,    0,    0,    0,    0,    0,    0,    0,    0,    0,    0,    0,    0,    0,    0,    0,    0,    0,    0,    0,    0,    0,    0,    0,    0,    0,    0,    0,    0,    0,    0,    0,    0,    0,    0,    0,    0,    0,    0,    0,    0,    0,    0,    0,    0,    0,    0,    0,    0,    0,    0,    0,    0,    0,    0,    0,    0,    0,    0,    0,    0,    0,    0,    0,    0,    0,    0,    0,    0,    0,    0,    0,    0,    0,    0,    0,    0,    0,    0,    0,    0,    0,    0,    0,    0,    0,    0,    0,    0,    0,    0,    0,    0,    0,    0,    0,    0,    0,    0,    0,    0,    0,    0,    0,    0,    0,    0,    0,    0,    0,    0,    0,    0,    0,    0,    0,    0,    0,    0,    0,    0,    0,    0,    0,    0,    0,    0,    0,    0,    0,   -4,    0,    0,    0,    0,    0,    0,    0,    0,    0,    0,
       0,    0,    0,    0,    0,    0,    0,    0,    0,    0,    0,    0,    0,    0,    0,    0,    0,    0,    0,    0,    0,    0,    0,    0,    0,    0,    0,    0,    0,    0,    0,    0,    0,    0,    0,    0,    0,    0,    0,    0,    0,    0,    0,    0,    0,    0,    0,    0,    0,    0,    0,    0,    0,    0,    0,    0,    0,    0,    0,    0,    0,    0,    0,    0,    0,    0,    0,    0,    0,    0,    0,    0,    0,    0,    0,    0,    0,    0,    0,    0,    0,    0,    0,    0,    0,    0,    0,    0,    0,    0,    0,    0,    0,    0,    0,    0,    0,    0,    0,    0,    0,    0,    0,    0,    0,    0,    0,    0,    0,    0,    0,    0,    0,    0,    0,    0,    0,    0,    0,    0,    0,    0,    0,    0,    0,    0,    0,    0,    0,    0,    0,    0,    0,    0,    0,    0,    0,    0,    0,    0,    0,   -1,    0,    0,    0,    0,    0,    0,    0,    0,    0,
       0,    0,    0,    0,    0,    0,    0,    0,    0,  -15,    0,  -15,    0,  -13,    0,    0,    0,    0,    0,    0,    0,    0,    0,  -16,    0,    0,    0,    0,    0,    0,    0,  -20,    0,    0,    0,    0,  -23,    0,    0,  -13,    0,    0,    0,    0,    0,    0,    0,    0,    0,    0,    0,    0,    0,  -15,    0,    0,  -29,    0,    0,    0,    0,    0,  -15,    0,    0,    0,    0,    0,    0,    0,    0,    0,    0,    0,    0,    0,    0,    0,    0,    0,    5,    0,    0,    0,    0,    0,  -20,  -50,  -20,    0,    0,    0,    0,    0,    0,    0,    0,    0,    0,    0,  -20,    0,    0,    0,    0,    0,    0,    0,    0,    0,    0,    0,    0,    0,    0,    0,    0,    0,    0,    0,    0,    0,    0,    0,    0,    0,    0,    0,    0,    0,  -23,  -36,    6,    0,    0,    0,    0,    0,    6,    0,    0,    0,    0,    0,    0,    0,  -16,    0,    0,    0,    0,
       0,    0,    0,    0,    0,    0,    0,    0,    0,    0,    0,    0,    0,    0,    0,    0,  -10,   -3,    0,    0,  -11,    0,    0,    0,    0,    0,    0,  -13,    0,    0,  -18,  -62,    0,  -35,  -13,  -33,  -48,    0,    0,    0,    0,    0,    0,    0,    0,    0,    0,    0,    0,    0,    0,   -9,    0,    0,    0,    0,    0,    0,    0,    0,    0,   -4,    0,    0,    0,    0,    0,    0,    0,    0,    0,    0,    0,    0,    0,    0,    0,    0,    0,    0,    0,    0,    0,    0,    0,    0,  -62,  -62,  -62,    0,    0,    0,    0,    0,    0,    0,  -33,  -16,    0,    0,  -62,    0,    0,    0,    0,    0,    0,    0,    0,    0,    0,    0,    0,    0,    0,    0,    0,    0,    0,    0,    0,    0,    0,    0,    0,    0,    0,    0,    0,    0,  -48,  -16,    0,    0,    0,    0,    0,    0,    0,    0,    0,    0,    0,    0,    0,    0,    0,    0,    0,    0,    0,
       0,    0,    0,    0,    0,    0,    0,    0,    0,    0,    0,    0,    0,    0,    0,    0,    0,    0,    0,    0,    0,    0,    0,    0,    0,    0,    0,    0,    0,    0,    0,    0,    0,    0,    0,    0,    0,    0,    0,    0,    0,    0,    0,    0,    0,    0,    0,    0,    0,    0,    0,    0,    0,    0,    0,    0,    0,    0,    0,    0,    0,    0,    0,    0,    0,    0,    0,    0,    0,    0,    0,    0,    0,    0,    0,    0,    0,    0,    0,    0,    0,    0,    0,    0,    0,    0,    0,    0,    0,    0,    0,    0,    0,    0,    0,    0,    0,    0,    0,    0,    0,    0,    0,    0,    0,    0,    0,    0,    0,    0,    0,    0,    0,    0,    0,    0,    0,    0,    0,    0,    0,    0,    0,    0,    0,    0,    0,    0,    0,    0,    0,    0,    0,    0,    0,    0,    0,    0,    0,    0,    0,    0,    0,    3,    0,    0,    0,    0,    0,    0,    0,
       0,    0,    0,    0,    0,    0,    0,    0,    0,    0,    0,    0,    0,    0,    0,  -16,  -20,  -18,    0,    0,  -20,  -13,    0,    0,    0,    0,    0,  -13,    0,    0,    0,  -52,    0,  -25,  -23,  -16,  -36,  -13,    0,    0,    0,    0,    0,    0,    0,    0,    0,    0,    0,  -13,  -13,  -13,    0,    0,    0,    0,    0,    0,    0,    0,    0,    0,    0,    0,    0,    0,    0,    0,    0,    0,    0,    0,    0,    0,    0,    0,    0,    0,  -13,    0,    0,    0,    0,    0,    0,    0,  -52,  -52,  -52,    0,    0,    0,    0,    0,  -13,  -13,  -36,  -18,    0,    0,  -79,    0,    0,    0,    0,    0,    0,    0,    0,    0,    0,    0,    0,    0,    0,    0,    0,    0,    0,    0,    0,    0,    0,    0,    0,    0,    0,    0,    0,    0,  -36,  -34,    0,    0,    0,    0,    0,    0,    0,    0,    0,    0,    0,    0,    0,    0,    0,    0,    0,    0,    0,
       0,    0,    0,    0,    0,    0,    0,    0,    0,    0,    0,    0,    0,    0,    0,    0,    0,    0,    0,    0,    0,    0,    0,    0,    0,    0,    0,    0,    0,    0,    0,  -27,    0,  -42,  -36,    0,    0,    0,    0,    0,    0,    0,    0,    0,    0,    0,    0,    0,    0,    0,    0,    0,    0,    0,    0,    0,    0,    0,    0,    0,    0,    0,    0,    0,    0,    0,    0,    0,    0,    0,    0,    0,    0,    0,    0,    0,    0,    0,    0,    0,    0,    0,    0,    0,    0,    0,  -27,  -27,  -27,    0,    0,    0,    0,    0,    0,    0,    0,    0,    0,    0,  -27,    0,    0,    0,    0,    0,    0,    0,    0,    0,    0,    0,    0,    0,    0,    0,    0,    0,    0,    0,    0,    0,    0,    0,    0,    0,    0,    0,    0,    0,    0,  -25,  -13,    0,    0,    0,    0,    0,  -13,    0,    0,    0,    0,    0,    0,    0,    0,    0,    0,    0,    0,
       0,    0,    0,    0,    0,    0,    0,    0,    0,    0,    0,    0,    0,    0,    0,    0,    0,    0,    0,    0,    0,    0,    0,    0,    0,    0,    0,    0,    0,    0,    0,    0,    0,    0,    0,    0,    0,    0,    0,    0,    0,    0,    0,    0,    0,    0,    0,    0,    0,    0,    0,    0,    0,    0,    0,    0,    0,    0,    0,    0,    0,    0,    0,    0,    0,    0,    0,    0,    0,    0,    0,    0,    0,    0,    0,   13,    0,    0,    0,    0,    0,    0,   13,   13,    0,    0,    0,    0,    0,    0,    0,    0,   16,   13,    0,    0,    0,    0,    0,    0,    0,    0,    0,    0,    0,    0,    0,    0,    0,    0,    0,    0,    0,    0,    0,    0,    0,    0,    0,    0,    0,    0,    0,    0,    0,    0,    0,    0,    0,    0,    0,    0,    0,    0,    0,    0,    0,    0,    0,    0,    0,    0,    0,    0,    0,    0,    0,    0,    0,    0,    0,
       0,    0,    0,    0,    0,    0,    0,    0,    0,    0,    0,    0,    0,    0,    0,    0,    0,    0,    0,    0,    0,    0,    0,    0,    0,    0,    0,  -13,    0,    0,    0,  -36,    0,  -16,    0,  -18,  -18,    0,    0,    0,    0,    0,    0,    0,    0,    0,    0,    0,    0,    0,    0,    0,    0,    0,    0,    0,    0,    0,    0,    0,    0,    0,    0,    0,    0,    0,    0,    0,    0,    0,    0,    0,    0,    0,    0,    0,    0,    0,    0,    0,    0,    0,    0,    0,    0,    0,  -36,  -36,  -36,    0,    0,    0,    0,    0,    0,    0,  -18,    0,    0,    0,  -36,    0,    0,    0,    0,    0,    0,    0,    0,    0,    0,    0,    0,    0,    0,    0,    0,    0,    0,    0,    0,    0,    0,    0,    0,    0,    0,    0,    0,    0,  -18,    0,    0,    0,    0,    0,    0,    0,    0,    0,    0,    0,    0,    0,    0,    0,    0,    0,    0,  -13,    0,
       0,    0,    0,    0,    0,    0,    0,    0,    0,    0,  -41,    0,  -41,    0,    0,    0,    0,    0,    0,    0,    0,    0,    0,    0,    0,    0,    0,  -16,    0,    0,  -16,  -23,    0,  -20,    0,    0,    0,  -16,    0,    0,    0,    0,    0,    0,    0,    0,    0,    0,    0,    0,    0,    0,    0,    0,    0,    0,    0,    0,    0,    0,    0,    0,    0,    0,    0,    0,    0,    0,    0,    0,    0,    0,    0,    0,    0,    0,    0,    0,    0,    0,    0,    0,    0,    0,    0,    0,  -23,  -23,  -23,    0,    0,    0,    0,    0,    0,    0,    0,    0,    0,    0,  -23,    0,    0,    0,    0,    0,    0,    0,    0,    0,    0,    0,    0,    0,    0,    0,    0,    0,    0,    0,    0,    0,    0,    0,    0,    0,    0,    0,    0,    0,    0,  -23,    0,  -50,    0,    0,    0,  -41,    0,    0,    0,    0,    0,    0,    0,    0,    0,    0,    0,    0,    0,
       0,    0,    0,    0,    0,    0,    0,    0,    0,    0,    0,    0,    0,    0,    0,    0,    0,    0,    0,    0,    0,    0,    0,    0,    0,    0,    0,    0,    0,    0,    0,  -23,    0,    0,    0,    0,    0,    0,    0,    0,    0,    0,    0,    0,    0,    0,    0,    0,    0,    0,    0,    0,    0,    0,    0,    0,    0,    0,    0,    0,    0,    0,    0,    0,    0,    0,    0,    0,    0,    0,    0,    0,    0,    0,    0,   13,    0,    0,    0,    0,    0,    0,   13,   13,    0,    0,  -23,  -23,  -23,    0,    0,    0,    0,   13,    0,    0,    0,    0,    0,    0,  -23,    0,    0,    0,    0,    0,    0,    0,    0,    0,    0,    0,    0,    0,    0,    0,    0,    0,    0,    0,    0,    0,    0,    0,    0,    0,    0,    0,    0,    0,    0,  -52,    0,    0,    0,    0,    0,    0,    0,    0,    0,    0,    0,    0,    0,    0,    0,    0,    0,    0,    0,
       0,    0,    0,    0,    0,    0,    0,    0,    0,    0,    0,    0,    0,    0,    0,    0,    0,    0,    0,    0,    0,    0,    0,    0,    0,    0,    0,    0,    0,    0,    0,  -32,    0,    0,    0,    0,    0,    0,    0,    0,    0,    0,    0,    0,    0,    0,    0,    0,    0,    0,    0,    0,    0,    0,    0,    0,    0,    0,    0,    0,    0,    0,    0,    0,    0,    0,    0,    0,    0,    0,    0,    0,    0,    0,    0,    0,    0,    0,    0,    0,    0,    0,    0,    0,    0,    0,  -32,  -32,  -32,    0,    0,    0,    0,    0,    0,    0,    0,    0,    0,    0,  -32,    0,    0,    0,    0,    0,    0,    0,    0,    0,    0,    0,    0,    0,    0,    0,    0,    0,    0,    0,    0,    0,    0,    0,    0,    0,    0,    0,    0,    0,    0,    0,    0,    0,    0,    0,    0,    0,    0,    0,    0,    0,    0,    0,    0,    0,    0,    0,    0,    0,    0,
       0,    0,    0,    0,    0,    0,    0,    0,    0,    0,    0,    0,    0,    0,    0,    0,    0,    0,    0,    0,    0,    0,    0,    0,    0,    0,    0,    0,    0,    0,    0,    0,    0,    0,    0,    0,    0,    0,    0,    0,    0,    0,    0,    0,    0,    0,    0,    0,    0,    0,    0,    0,    0,    0,    0,    0,    0,    0,    0,    0,    0,    0,    0,    0,    0,    0,    0,    0,    0,    0,    0,    0,    0,    0,    0,   38,    0,    0,    0,    0,    0,    0,   40,   38,    0,    0,    0,    0,    0,    0,    0,    0,   29,   38,    0,    0,    0,    0,    0,    0,    0,    0,    0,    0,    0,    0,    0,    0,    0,    0,    0,    0,    0,    0,    0,    0,    0,    0,    0,    0,    0,    0,    0,    0,    0,    0,    0,    0,    0,    0,    0,    0,    0,    0,    0,    0,    0,    0,    0,    0,    0,    0,    0,    0,    0,    0,    0,    0,    0,    0,    0,
       0,    0,    0,    0,    0,    0,    0,    0,    0,    0,    0,    0,    0,    0,    0,   18,    0,    0,    0,    0,   36,    0,    0,    0,    0,    0,    0,    0,   25,    0,    0,   36,    0,   34,    0,    0,    0,   36,    0,    0,    0,    0,   16,   25,   25,    9,    0,   20,    0,    0,    0,    0,    0,    0,    0,    0,    0,    0,    0,    0,    0,    0,    0,    0,    0,    0,   13,    0,    0,    0,    0,    0,   38,   25,   38,   64,    0,    0,    0,    0,    0,   25,   64,   64,   38,    0,   36,   36,   36,    0,   54,   38,   20,   64,    0,    0,    0,    0,    0,    0,   36,    0,    0,   20,    0,   20,    0,    0,    0,    0,    0,    0,    0,    0,    0,    0,    0,    0,    0,    0,    0,    0,    0,    0,    0,    0,    0,    0,    0,    0,    0,    0,    0,    0,    0,    0,    0,    0,    0,    0,    0,    0,    0,    0,    0,    0,    0,    0,    0,    0,    0,
       0,    0,   -6,    0,    0,    0,    0,    0,    0,    0,    0,    0,    0,    0,    0,  -16,    0,    0,    0,    0,    0,    0,    0,    0,    0,    0,    0,    0,    0,    0,    0,  -48,    0,  -20,  -20,    0,  -36,    0,    0,    0,    0,    0,    0,    0,    0,    0,    0,    0,    0,   -7,    0,    0,    0,    0,    0,    0,    0,   -3,    0,    0,    0,    0,    0,    0,    0,    0,    0,    0,    0,    0,    0,    0,    0,    0,    0,    0,    0,    0,   -7,    0,    0,    0,    0,    0,    0,    0,  -48,  -48,  -48,    0,    0,    0,    0,    0,    0,    0,    0,    0,    0,    0,  -48,    0,    0,    0,    0,    0,    0,    0,    0,    0,    0,    0,    0,    0,    0,    0,    0,    0,    0,    0,    0,    0,    0,    0,    0,    0,    0,    0,    0,    0,  -36,  -18,   -9,    0,    0,    0,    0,    0,   -9,    0,    0,    0,    0,    0,    0,    0,    0,    0,    0,    0,    0,
       0,    0,   -7,    0,    0,    0,    0,   -5,    0,    0,    0,    0,    0,    0,    0,  -13,    0,    0,    0,    0,    0,    0,    0,    0,    0,    0,    0,  -13,    0,    0,    0,  -52,    0,  -23,  -20,  -11,  -42,    0,    0,    0,    4,    0,    0,    0,    0,    0,    0,    0,    0,   -7,   -6,   -8,   -7,    0,  -13,    0,    0,   -4,    0,    0,    0,    0,    0,    0,    0,    0,    0,    0,    0,    4,    4,    0,    0,    0,    0,    0,    0,    0,   -7,    4,    0,    0,    0,    0,    0,    0,  -52,  -52,  -52,    0,    0,    0,   18,    0,    0,    0,  -11,    0,    0,    0,  -52,    0,    0,    0,   -5,    0,    0,    0,    0,    0,    0,    0,    0,    0,    0,    0,    0,    0,    0,    0,    0,    0,    0,    0,    0,    0,    0,    0,    0,    0,  -42,  -25,   -9,    0,    0,    0,    0,    0,   -9,    0,    0,    0,    0,    0,    0,    0,    0,    0,    0,    0,    0,
       0,    0,   -6,    0,    0,    0,    0,    0,    0,    0,    0,    0,    0,    0,    0,  -16,    0,    0,    0,    0,    0,    0,    0,    0,    0,    0,    0,    0,    0,    0,    0,  -58,    0,  -20,  -20,    0,  -36,    0,    0,    0,    0,    0,    0,    0,    0,    0,    0,    0,    0,   -7,    0,    0,    0,    0,    0,    0,    0,   -3,    0,    0,    0,    0,    0,    0,    0,    0,    0,    0,    0,    0,    0,    0,    0,    0,    0,    0,    0,    0,   -7,    0,    0,    0,    0,    0,    0,    0,  -58,  -58,  -58,    0,    0,    0,    0,    0,    0,    0,    0,    0,    0,    0,  -58,    0,    0,    0,    0,    0,    0,    0,    0,    0,    0,    0,    0,    0,    0,    0,    0,    0,    0,    0,    0,    0,    0,    0,    0,    0,    0,    0,    0,    0,  -36,  -18,   -9,    0,    0,    0,    0,    0,   -9,    0,    0,    0,    0,    0,    0,    0,    0,    0,    0,    0,    0,
       0,    0,   13,    0,    0,    0,    2,   47,   23,    0,    0,    0,    0,    0,    0,   18,    0,    0,    0,    0,   18,    0,    0,    0,    0,    0,    0,    0,   13,    0,    0,   16,    0,    0,    0,    0,    0,    0,   23,    0,    0,    0,    0,   16,   13,   13,    0,    0,    0,    0,    0,    0,    0,    0,   16,    0,    0,    7,   23,    0,    0,    0,    0,    0,    0,    0,    0,    0,    0,    0,    0,    0,   16,   16,   29,   13,    0,    0,    0,    0,    0,   13,   13,   13,   13,    0,   16,   16,   16,    0,   13,   29,   18,   13,    0,    0,    0,    0,    0,    0,   16,    0,    0,    0,    0,    0,    0,    0,    0,    0,    0,    0,    0,    0,    0,    0,    0,    0,    0,    0,    0,    0,    0,    0,    0,    0,    0,    0,    0,    0,    0,   13,    0,    0,    0,    0,    0,    0,    0,    0,    0,    0,    0,    0,    0,    0,  -10,    0,    0,    0,    0,
       0,    0,    0,    0,    0,    0,    0,    0,    0,    0,    0,    0,    0,    0,    0,    0,    0,    0,    0,    0,    0,    0,    0,    0,    0,    0,    0,    0,   13,    0,    0,   13,    0,    0,    0,    0,    0,    0,    0,    0,    0,    0,    0,   13,   16,    0,    0,    0,    0,    0,    0,    0,    0,    0,    0,    0,    0,    0,    0,    0,    0,    0,    0,    0,    0,    0,    0,    0,    0,    0,    0,    0,   13,   13,   16,   16,    0,    0,    0,    0,    0,   16,   16,   16,   16,    0,   13,   13,   13,    0,   13,   13,   16,   16,    0,    0,    0,    0,    0,    0,   13,    0,    0,    0,    0,    0,    0,    0,    0,    0,    0,    0,    0,    0,    0,    0,    0,    0,    0,    0,    0,    0,    0,    0,    0,    0,    0,    0,    0,    0,    0,    0,    0,    0,    0,    0,    0,    0,    0,    0,    0,    0,    0,    0,    0,    0,    0,    0,    0,    0,    0,
       0,    0,    0,    0,    0,    0,    0,    0,    0,    0,    0,    0,    0,    0,    0,   18,    0,    0,    0,    0,   36,    0,    0,    0,    0,    0,    0,    0,   25,    0,    0,   36,    0,   34,    0,    0,    0,   36,    0,    0,    0,    0,   16,   40,   38,    9,    0,   20,    0,    0,    0,    0,    0,    0,    0,    0,    0,    0,    0,    0,    0,    0,    0,    0,    0,    0,   13,    0,    0,    0,    0,    0,   40,   40,   40,   64,    0,    0,    0,    0,    0,   25,   64,   64,   38,    0,   36,   36,   36,    0,   54,   40,   43,   64,    0,    0,    0,    0,    0,    0,   36,    0,    0,   20,    0,   20,    0,    0,    0,    0,    0,    0,    0,    0,    0,    0,    0,    0,    0,    0,    0,    0,    0,    0,    0,    0,    0,    0,    0,    0,    0,    0,    0,    0,    0,    0,    0,    0,    0,    0,    0,    0,    0,    0,    0,    0,    0,    0,    0,    0,    0,
       0,    0,    0,    0,    0,    0,    0,    0,    0,    0,    0,    0,    0,    0,    0,   18,    0,    0,    0,    0,   36,    0,    0,    0,    0,    0,    0,    0,   25,    0,    0,   36,    0,   34,    0,    0,    0,   36,    0,    0,    0,    0,   16,   40,   40,    9,    0,   20,    0,    0,    0,    0,    0,    0,    0,    0,    0,    0,    0,    0,    0,    0,    0,    0,    0,    0,   13,    0,    0,    0,    0,    0,   40,   40,   40,   64,    0,    0,    0,    0,    0,   25,   64,   64,   40,    0,   36,   36,   36,    0,   54,   40,   20,   64,    0,    0,    0,    0,    0,    0,   36,    0,    0,   20,    0,   20,    0,    0,    0,    0,    0,    0,    0,    0,    0,    0,    0,    0,    0,    0,    0,    0,    0,    0,    0,    0,    0,    0,    0,    0,    0,    0,    0,    0,    0,    0,    0,    0,    0,    0,    0,    0,    0,    0,    0,    0,    0,    0,    0,    0,    0,
       0,    0,    0,    0,    0,    0,    0,    0,    0,    0,    0,    0,    0,    0,    0,   18,    0,    0,    0,    0,   36,    0,    0,    0,    0,    0,    0,    0,   25,    0,    0,   36,    0,   34,    0,    0,    0,   36,    0,    0,    0,    0,   16,   40,   25,    9,    0,   20,    0,    0,    0,    0,    0,    0,    0,    0,    0,    0,    0,    0,    0,    0,    0,    0,    0,    0,   13,    0,    0,    0,    0,    0,   40,   40,   40,   64,    0,    0,    0,    0,    0,   25,   64,   64,   38,    0,   36,   36,   36,    0,   54,   40,   20,   64,    0,    0,    0,    0,    0,    0,   36,    0,    0,   20,    0,   20,    0,    0,    0,    0,    0,    0,    0,    0,    0,    0,    0,    0,    0,    0,    0,    0,    0,    0,    0,    0,    0,    0,    0,    0,    0,    0,    0,    0,    0,    0,    0,    0,    0,    0,    0,    0,    0,    0,    0,    0,    0,    0,    0,    0,    0,
       0,    0,    0,    0,    0,    0,    0,    0,    0,    0,    0,    0,    0,    0,    0,    0,    0,    0,    0,    0,    0,    0,    0,    0,    0,    0,    0,    0,    0,    0,    0,    0,    0,    0,    0,    0,    0,    0,    0,    0,    0,    0,    0,    0,    0,    0,    0,    0,    0,    0,    0,    0,    0,    0,    0,    0,    0,    0,    0,    0,    0,    0,    0,    0,    0,    0,    0,    0,    0,    0,    0,    0,    0,    0,    0,   38,    0,    0,    0,    0,    0,    0,   40,   38,    0,    0,    0,    0,    0,    0,    0,    0,   29,   40,    0,    0,    0,    0,    0,    0,    0,    0,    0,    0,    0,    0,    0,    0,    0,    0,    0,    0,    0,    0,    0,    0,    0,    0,    0,    0,    0,    0,    0,    0,    0,    0,    0,    0,    0,    0,    0,    0,    0,    0,    0,    0,    0,    0,    0,    0,    0,    0,    0,    0,    0,    0,    0,    0,    0,    0,    0,
       0,    0,  -36,    0,    0,    0,    0,    0,  -70,  -49,    0,  -49,    0,    0,    0,  -18,    0,    0,    0,    0,    0,    0,    0,    0,    0,    0,  -11,    0,    0,  -11,    0,  -37,    0,  -30,  -10,    0,  -28,    0,  -70,    0,    0,    0,    0,    0,    0,    0,    0,   -9,    0,  -27,    0,    0,    0,  -46,  -38,  -25,  -49,  -32,  -70,    0,    0,  -32,  -49,    0,    0,    0,    0,    0,  -13,    0,    0,    0,    0,    0,    0,    0,    0,    0,  -27,    0,    0,    0,    0,    0,    0,    0,  -37,  -37,  -37,    0,    0,    0,    0,    0,    0,    0,    0,    0,  -11,    0,  -37,    0,    0,   -9,  -52,   -9,    0,    0,    0,    0,    0,    0,    0,    0,    0,    0,    0,    0,    0,    0,    0,    0,    0,    0,    0,    0,    0,    0,    0,    0,  -41,  -34,  -30,    0,  -18,  -18,  -13,    0,  -57,    0,    0,    0,    0,    0,    0,    0,    0,    0,    0,    0,    0,
       0,    0,    0,    0,    0,    0,    0,    5,    0,    0,    0,    0,    0,    0,    0,    0,    0,    0,    0,    0,    0,    0,    0,    0,    0,    0,    0,    0,    0,    0,    0,    0,    0,    0,    0,    0,    0,    0,    0,    5,    0,    0,    0,    0,    0,    0,    0,    6,    0,    3,    0,    0,    0,    0,    0,    0,    0,    0,    0,    0,    0,    0,    0,    0,    0,    0,    0,   13,    0,    0,    0,    0,    0,    0,    0,   25,    0,    0,    3,    0,   14,    0,   25,   25,    0,    0,    0,    0,    0,    0,    0,    0,   29,   25,    0,    0,    0,    0,    0,    0,    0,    0,    0,    6,    0,    6,    0,    0,    0,    0,    0,    0,    0,    0,    0,    0,    0,    0,    0,    0,    0,    0,    0,    0,    0,    0,    0,    0,    0,    0,    0,    0,    0,    0,    0,    0,    0,    0,    0,    0,    0,    0,    0,    0,    0,    0,    0,    0,    0,    0,    0,
       0,    0,  -36,    0,    0,    0,    0,    0,  -68,  -44,    0,  -44,    0,    0,    0,  -18,    0,    0,    0,    0,    0,    0,    0,    0,    0,    0,  -11,    0,    0,  -11,    0,  -37,    0,  -30,  -10,    0,  -28,    0,  -52,    0,    0,    0,    0,    0,    0,    0,    0,   -9,    0,  -27,    0,    0,    0,  -43,  -38,  -25,  -44,  -32,  -70,    0,    0,  -32,  -44,    0,    0,    0,    0,    0,  -13,    0,    0,    0,    0,    0,    0,    0,    0,    0,  -27,    0,    0,    0,    0,    0,    0,    0,  -37,  -37,  -37,    0,    0,    0,    0,    0,    0,    0,    0,    0,  -11,    0,  -37,    0,    0,   -9,  -52,   -9,    0,    0,    0,    0,    0,    0,    0,    0,    0,    0,    0,    0,    0,    0,    0,    0,    0,    0,    0,    0,    0,    0,    0,    0,  -41,  -34,  -30,    0,  -18,  -18,  -13,    0,  -57,    0,    0,    0,    0,    0,    0,    0,    0,    0,    0,    0,    0,
       0,    0,    0,    0,    0,    0,    0,    0,    0,    0,    0,    0,    0,    0,    0,    0,    0,    0,    0,    0,    0,    0,    0,    0,    0,    0,    0,    0,    0,    0,    0,    0,    0,    0,    0,    0,  -13,    0,    0,    0,    0,    0,    0,    0,    0,    0,    0,    0,    0,    0,    0,    0,    0,    0,    0,    0,    0,    0,    0,    0,    0,    0,    0,    0,    0,    0,    0,    0,    0,    0,    0,    0,    0,    0,    0,    0,    0,    0,    0,    0,    0,    0,    0,    0,    0,    0,    0,    0,    0,    0,    0,    0,    0,    0,    0,    0,    0,    0,    0,    0,    0,    0,    0,    0,    0,    0,    0,    0,    0,    0,    0,    0,    0,    0,    0,    0,    0,    0,    0,    0,    0,    0,    0,    0,    0,    0,    0,    0,    0,    0,  -13,    0,    0,    0,    0,    0,    0,    0,    0,    0,    0,    0,    0,    0,    0,    0,    0,    0,    0,    0,    0,
       0,    0,    0,    0,    0,    0,    0,    5,    0,    0,    0,    0,    0,    0,    0,    0,    0,    0,    0,    0,    0,    0,    0,    0,    0,    0,    0,    0,    0,    0,    0,    0,    0,    0,    0,    0,    0,    0,    0,    5,    0,    0,    0,    0,    0,    0,    0,    6,    0,    3,    0,    0,    0,    0,    0,    0,    0,    0,    0,    0,    0,    0,    0,    0,    0,    0,    0,   13,    0,    0,    0,    0,    0,    0,    0,   25,    0,    0,    3,    0,   13,    0,   25,   25,    0,    0,    0,    0,    0,    0,    0,    0,   13,   25,    0,    0,    0,    0,    0,    0,    0,    0,    0,    6,    0,    6,    0,    0,    0,    0,    0,    0,    0,    0,    0,    0,    0,    0,    0,    0,    0,    0,    0,    0,    0,    0,    0,    0,    0,    0,    0,    0,    0,    0,    0,    0,    0,    0,    0,    0,    0,    0,    0,    0,    0,    0,    0,    0,    0,    0,    0,
       0,    0,  -36,    0,    0,    0,    0,    0,  -66,  -29,    0,  -49,    0,    0,    0,  -18,    0,    0,    0,    0,    0,    0,    0,    0,    0,    0,  -11,    0,    0,  -11,    0,  -37,    0,  -30,  -10,    0,  -41,    0,  -66,    0,    0,    0,    0,    0,    0,    0,    0,   -9,    0,  -27,    0,    0,    0,  -45,  -38,  -25,  -81,  -32,  -66,    0,    0,  -32,  -54,    0,    0,    0,    0,    0,  -13,    0,    0,    0,    0,    0,    0,    0,    0,    0,  -27,    0,    0,    0,    0,    0,    0,    0,  -37,  -37,  -37,    0,    0,    0,    0,    0,    0,    0,    0,    0,  -11,    0,  -37,    0,    0,   -9,  -52,   -9,    0,    0,    0,    0,    0,    0,    0,    0,    0,    0,    0,    0,    0,    0,    0,    0,    0,    0,    0,    0,    0,    0,    0,    0,  -41,  -34,  -43,    0,  -18,  -18,  -13,    0,  -43,    0,    0,    0,    0,    0,    0,    0,    0,    0,    0,    0,    0,
       0,    0,    0,    0,   -1,  -13,    0,    0,    0,  -37,  -13,  -37,  -13,  -52,  -13,    0,    0,    0,  -27,    0,  -32,    0,  -13,  -32,  -13,    0,  -12,  -35,    0,  -12,  -36,    0,    0,    0,    0,    0,    5,    0,    0,  -23,  -29,  -31,    0,    0,    0,  -23,  -29,  -41,  -49,  -25,  -25,  -38,  -33,  -37,    0,  -52,  -37,    0,    0,    0,  -49,    0,  -37,    0,  -20,    0,    0,    0,  -13,  -45,  -45,  -52,    0,    0,    0,   36,  -52,  -49,  -38,  -29,    0,    0,   36,   36,    0,  -31,    0,    0,    0,  -49,    0,    0,   55,   36,  -55,  -55,    0,    0,  -12,    0,    0,    0,    0,  -41,  -21,  -41,  -29,    0,    0,    0,    0,    0,    0,    0,    0,    0,    0,    0,    0,    0,    0,    0,    0,    0,    0,    0,    0,    0,    0,    0,    5,    0,    0,  -48,    0,    0,  -13,  -47,    0,    0,    0,    0,    0,    0,    0,    0,  -32,    0,    0,    0,    0,
       0,    0,    0,    0,   -1,  -13,    0,    0,    0,  -37,  -13,  -37,  -13,  -52,  -13,    0,    0,    0,  -27,    0,  -32,    0,  -13,  -32,  -13,    0,  -12,  -35,    0,  -12,  -36,    0,    0,    0,    0,    0,    5,    0,    0,  -23,  -29,  -31,    0,    0,    0,  -23,  -29,  -41,  -29,  -25,  -25,  -17,  -18,  -37,    0,  -52,  -37,    0,    0,    0,  -70,    0,  -37,    0,  -20,    0,    0,    0,  -13,  -45,  -45,  -52,    0,    0,    0,   36,  -52,  -50,  -38,  -29,    0,    0,   36,   36,    0,  -31,    0,    0,    0,  -45,    0,    0,   55,   36,  -55,  -55,    0,    0,  -12,    0,    0,    0,    0,  -41,  -21,  -41,  -29,    0,    0,    0,    0,    0,    0,    0,    0,    0,    0,    0,    0,    0,    0,    0,    0,    0,    0,    0,    0,    0,    0,    0,    5,    0,    0,  -48,    0,    0,  -13,  -47,    0,    0,    0,    0,    0,    0,    0,    0,  -32,    0,    0,    0,    0,
       0,    0,    0,    0,   -1,  -13,    0,    0,    0,  -24,  -13,  -24,  -13,  -52,  -13,    0,    0,    0,  -27,    0,  -32,    0,  -13,  -32,  -13,    0,  -12,  -58,    0,  -12,  -84,    0,    0,    0,    0,    0,    5,    0,    0,  -23,  -29,  -31,    0,    0,    0,  -23,  -29,  -41,  -29,  -25,  -25,  -17,  -18,  -24,    0,  -52,  -24,    0,    0,    0,  -70,    0,  -55,    0,  -20,    0,    0,    0,  -13,  -45,  -45,  -52,    0,    0,    0,   36,  -52,  -50,  -38,  -29,    0,    0,   36,   36,    0,  -31,    0,    0,    0,  -45,    0,    0,   55,   36,  -55,  -55,    0,    0,  -12,    0,    0,    0,    0,  -41,  -21,  -41,  -29,    0,    0,    0,    0,    0,    0,    0,    0,    0,    0,    0,    0,    0,    0,    0,    0,    0,    0,    0,    0,    0,    0,    0,    5,    0,    0,  -48,    0,    0,  -13,  -47,    0,    0,    0,    0,    0,    0,    0,    0,  -51,    0,    0,    0,    0,
       0,    0,    0,    0,    0,    0,    0,    0,    0,    0,    0,    0,    0,    0,    0,    0,    0,    0,    0,    0,    0,    0,    0,    0,    0,    0,    0,    0,    0,    0,    0,    0,    0,    0,    0,    0,    0,    0,    0,    0,  -25,  -27,  -14,    0,    0,  -25,  -25,  -14,  -25,  -24,  -23,  -24,  -25,    0,    0,    0,    0,    0,    0,    0,  -25,    0,    0,    0,    0,    0,    0,    0,    0,  -25,  -25,  -27,    0,    0,    0,    0,  -27,  -25,  -24,  -25,    0,    0,    0,    0,    0,  -27,    0,    0,    0,  -25,    0,    0,    0,    0,    0,    0,    0,    0,    0,    0,    0,    0,    0,  -14,    0,  -14,  -25,    0,    0,    0,    0,    0,    0,    0,    0,    0,    0,    0,    0,    0,    0,    0,    0,    0,    0,    0,    0,    0,    0,    0,    0,    0,    0,    0,    0,    0,    0,    0,    0,    0,    0,    0,    0,    0,    0,    0,    0,    0,    0,    0,    0,
       0,    0,    0,    0,    0,    0,    0,    0,    0,    0,  -18,    0,  -18,    0,    0,    0,    0,    0,    0,    0,    0,    0,    0,    0,    0,    0,    0,  -14,    0,    0,    0,    0,    0,    0,    0,    0,    0,    0,    0,    0,    0,    0,    0,    0,    0,    0,    0,    0,    0,    0,    0,    0,    0,    0,    0,    0,    0,    0,    0,    0,    0,    0,    0,    0,    0,    0,    0,    0,    0,    0,    0,    0,    0,    0,    0,    0,    0,    0,    0,    0,    0,    0,    0,    0,    0,    0,    0,    0,    0,    0,    0,    0,    0,    0,    0,    0,    0,    0,    0,    0,    0,    0,    0,    0,    0,    0,    0,    0,    0,    0,    0,    0,    0,    0,    0,    0,    0,    0,    0,    0,    0,    0,    0,    0,    0,    0,    0,    0,    0,    0,    0,    0,    0,    0,    0,    0,    0,  -18,    0,    0,    0,    0,    0,    0,    0,    0,    0,    0,    0,    0,    0,
       0,    0,    0,    0,    0,    0,    2,    6,    0,    0,  -18,    0,  -18,    0,    0,    0,    0,    0,    0,    0,    0,    0,    0,    0,    0,    0,    0,    0,    0,    0,    0,    0,    0,    0,    0,    0,    0,    0,    0,    0,    0,    0,    0,    0,    0,    0,    0,    0,    0,    0,    0,    0,    0,    0,    0,    0,    0,    0,    0,    0,    0,    0,    0,    0,    0,    0,    0,    0,    0,    0,    0,    0,    0,    0,    0,    0,    0,    0,    0,    0,    0,    0,    0,    0,    0,    0,    0,    0,    0,    0,    0,    0,    0,    0,    0,    0,    0,    0,    0,    0,    0,    0,    0,    0,    0,    0,    0,    0,    0,    0,    0,    0,    0,    0,    0,    0,    0,    0,    0,    0,    0,    0,    0,    0,    0,    0,    0,    0,    0,    0,    0,    0,    0,    0,    0,    0,    0,  -18,    0,    0,    0,    0,    0,    0,    0,    0,    0,    0,    0,    0,    0,
       0,    0,    0,    0,    0,    0,    0,    0,    0,    0,    0,    0,    0,    0,    0,    0,    0,    0,    0,    0,    0,    0,    0,    0,    0,    0,    0,    0,    0,    0,    0,   18,    0,    0,    0,    0,    0,    0,    0,    0,    0,    0,    0,    0,    0,    0,    0,    0,    0,    0,    0,    0,    0,    0,    0,    0,    0,    0,    0,    0,    0,    0,    0,    0,    0,    0,    0,    0,    0,    0,    0,    0,    0,    0,    0,    0,    0,    0,    0,    0,    0,    0,    0,    0,    0,    0,   18,   18,   18,    0,    0,    0,    0,    0,    0,    0,    0,    0,    0,    0,   18,    0,    0,    0,    0,    0,    0,    0,    0,    0,    0,    0,    0,    0,    0,    0,    0,    0,    0,    0,    0,    0,    0,    0,    0,    0,    0,    0,    0,    0,    0,    0,    0,    0,    0,    0,    0,    0,    0,    0,    0,    0,    0,    0,    0,    0,    0,    0,    0,    0,    0,
       0,    0,    0,    0,    0,    0,    0,    0,    0,    0,    0,    0,    0,    0,    0,    0,    0,    0,    0,    0,    0,    0,    0,    0,    0,    0,    0,    0,    0,    0,    0,    0,    0,    0,    0,    0,    0,    0,    0,    0,    0,  -19,    0,    0,    0,    0,    0,   12,    0,    7,    0,    0,    0,    0,    0,    0,    0,    0,    0,    0,    0,    0,    0,    0,    0,    0,    0,    0,    0,    0,    0,  -19,    0,    0,    0,    0,  -19,    0,    7,    0,    0,    0,    0,    0,    0,  -19,    0,    0,    0,    0,    0,    0,    0,    0,    0,    0,    0,    0,    0,    0,    0,    0,    0,   12,    0,   12,    0,    0,    0,    0,    0,    0,    0,    0,    0,    0,    0,    0,    0,    0,    0,    0,    0,    0,    0,    0,    0,    0,    0,    0,    0,    0,    0,    0,    0,    0,    0,    0,    0,    0,    0,    0,    0,    0,    0,    0,    0,    0,    0,    0,    0,
       0,    0,    0,    0,    0,    0,    0,    0,    0,    0,    0,    0,    0,    0,    0,    0,    0,    0,    0,    0,    0,    0,    0,    0,    0,    0,    0,    0,    0,    0,    0,  -29,    0,    0,    0,    0,    0,    0,    0,    0,    0,   -7,    0,    0,    0,    0,    0,    0,    0,    0,    0,    0,    0,    0,    0,    0,    0,    0,    0,    0,    0,    0,    0,    0,    0,    0,    0,    0,    0,    0,    0,   -7,    0,    0,    0,    0,   -7,    0,    0,    0,    0,    0,    0,    0,    0,   -7,  -29,  -29,  -29,    0,    0,    0,    0,    0,    0,    0,    0,    0,    0,    0,  -29,    0,    0,    0,    0,    0,    0,    0,    0,    0,    0,    0,    0,    0,    0,    0,    0,    0,    0,    0,    0,    0,    0,    0,    0,    0,    0,    0,    0,    0,    0,    0,    0,    0,    0,    0,    0,    0,    0,    0,    0,    0,    0,    0,    0,    0,    0,    0,    0,    0,    0,
       0,    0,    0,    0,    0,    0,    0,    0,    0,    0,    0,    0,    0,    0,    0,    0,    0,    0,    0,    0,    0,    0,    0,    0,    0,    0,    0,    0,    0,    0,    0,    0,    0,    0,    0,    0,    0,    0,    0,    0,    0,    0,    0,    0,    0,    0,    0,    0,    0,    0,    0,    0,    0,    0,    0,    0,    0,    0,    0,    0,    0,    0,    0,    0,    0,    0,    0,    0,    0,    0,    0,    0,    0,    0,    0,   38,    0,    0,    0,    0,    0,    0,   38,   38,    0,    0,    0,    0,    0,    0,    0,    0,   36,   38,    0,    0,    0,    0,    0,    0,    0,    0,    0,    0,    0,    0,    0,    0,    0,    0,    0,    0,    0,    0,    0,    0,    0,    0,    0,    0,    0,    0,    0,    0,    0,    0,    0,    0,    0,    0,    0,    0,    0,    0,    0,    0,    0,    0,    0,    0,    0,    0,    0,    0,    0,    0,    0,    0,    0,    0,    0,
       0,    0,    0,    0,    0,    0,    0,    0,    0,    0,    0,    0,    0,    0,    0,    0,    0,    0,    0,    0,    0,    0,    0,    0,    0,    0,    0,    0,    0,    0,    0,    0,    0,    0,    0,    0,    0,    0,    0,    0,    0,    0,    0,    0,    0,    0,    0,    0,    0,    0,    0,    0,    0,    0,    0,    0,    0,    0,    0,    0,    0,    0,    0,    0,    0,    0,    0,    0,    0,    0,    0,    0,    0,    0,    0,    0,    0,    0,    0,    0,    0,    0,    0,    0,    0,    0,    0,    0,    0,    0,    0,    0,   13,    0,    0,    0,    0,    0,    0,    0,    0,    0,    0,    0,    0,    0,    0,    0,    0,    0,    0,    0,    0,    0,    0,    0,    0,    0,    0,    0,    0,    0,    0,    0,    0,    0,    0,    0,    0,    0,    0,    0,    0,    0,    0,    0,    0,    0,    0,    0,    0,    0,    0,    0,    0,    0,    0,    0,    0,    0,    0,
       0,    0,    0,    0,    0,    0,    0,    0,    0,  -15,    0,  -15,    0,  -13,    0,    0,    0,    0,    0,    0,    0,    0,    0,  -16,    0,    0,    0,    0,    0,    0,    0,  -38,    0,    0,    0,    0,  -23,    0,    0,  -13,    0,    0,    0,    0,    0,    0,    0,    0,    0,    0,    0,    0,    0,  -15,    0,    0,  -29,    0,    0,    0,    0,    0,  -15,    0,    0,    0,    0,    0,    0,    0,    0,    0,    0,    0,    0,    0,    0,    0,    0,    0,    5,    0,    0,    0,    0,    0,  -38,  -38,  -38,    0,    0,    0,    0,    0,    0,    0,    0,    0,    0,    0,  -38,    0,    0,    0,    0,    0,    0,    0,    0,    0,    0,    0,    0,    0,    0,    0,    0,    0,    0,    0,    0,    0,    0,    0,    0,    0,    0,    0,    0,    0,  -23,  -16,    6,    0,    0,    0,    0,    0,    6,    0,    0,    0,    0,    0,    0,    0,  -16,    0,    0,    0,    0,
       0,    0,    0,    0,    0,    0,    0,    0,    0,    0,    0,    0,    0,    0,    0,    0,    0,    0,    0,    0,    0,    0,    0,    0,    0,    0,    0,    0,    0,    0,    0,    0,    0,    0,    0,    0,    0,    0,    0,    0,    0,    0,    0,    0,    0,    0,    0,    0,    0,    0,    0,    0,    0,    0,    0,    0,    0,    0,    0,    0,    0,    0,    0,    0,    0,    0,    0,    0,    0,    0,    0,    0,    0,    0,    0,   13,    0,    0,    0,    0,    0,    0,   13,   13,    0,    0,    0,    0,    0,    0,    0,    0,   29,   13,    0,    0,    0,    0,    0,    0,    0,    0,    0,    0,    0,    0,    0,    0,    0,    0,    0,    0,    0,    0,    0,    0,    0,    0,    0,    0,    0,    0,    0,    0,    0,    0,    0,    0,    0,    0,    0,    0,    0,    0,    0,    0,    0,    0,    0,    0,    0,    0,    0,    0,    0,    0,    0,    0,    0,    0,    0,
       0,    0,    0,    0,    0,    0,    0,    0,    0,    0,    0,    0,    0,    0,    0,    0,    0,    0,    0,    0,    0,    0,    0,    0,    0,    0,    0,    0,    0,    0,    0,    0,    0,    0,    0,    0,    0,    0,    0,    0,    0,    0,    0,    0,    0,    0,    0,    0,    0,    0,    0,    0,    0,    0,    0,    0,    0,    0,    0,    0,    0,    0,    0,    0,    0,    0,    0,    0,    0,    0,    0,    0,    0,    0,    0,   38,    0,    0,    0,    0,    0,    0,   38,   38,    0,    0,    0,    0,    0,    0,    0,    0,   34,   38,    0,    0,    0,    0,    0,    0,    0,    0,    0,    0,    0,    0,    0,    0,    0,    0,    0,    0,    0,    0,    0,    0,    0,    0,    0,    0,    0,    0,    0,    0,    0,    0,    0,    0,    0,    0,    0,    0,    0,    0,    0,    0,    0,    0,    0,    0,    0,    0,    0,    0,    0,    0,    0,    0,    0,    0,    0,
       0,    0,    0,    0,    0,    0,    0,    0,    0,    0,    0,    0,    0,    0,    0,   18,    0,    0,    0,    0,   36,    0,    0,    0,    0,    0,    0,    0,   25,    0,    0,   36,    0,   34,    0,    0,    0,   36,    0,    0,    0,    0,   16,   38,   40,    9,    0,   20,    0,    0,    0,    0,    0,    0,    0,    0,    0,    0,    0,    0,    0,    0,    0,    0,    0,    0,   13,    0,    0,    0,    0,    0,   38,   38,   38,   64,    0,    0,    0,    0,    0,   25,   64,   64,   40,    0,   36,   36,   36,    0,   54,   38,   38,   80,    0,    0,    0,    0,    0,    0,   36,    0,    0,   20,    0,   20,    0,    0,    0,    0,    0,    0,    0,    0,    0,    0,    0,    0,    0,    0,    0,    0,    0,    0,    0,    0,    0,    0,    0,    0,    0,    0,    0,    0,    0,    0,    0,    0,    0,    0,    0,    0,    0,    0,    0,    0,    0,    0,    0,    0,    0,
       0,    0,    0,    0,    0,    0,    0,    0,    0,    0,  -18,    0,  -18,    0,    0,    0,    0,    0,    0,    0,    0,    0,    0,    0,    0,    0,    0,    0,    0,    0,    0,    0,    0,    0,    0,    0,    0,    0,    0,    0,    0,    0,    0,    0,    0,    0,    0,    0,    0,    0,    0,    0,    0,    0,    0,    0,    0,    0,    0,    0,    0,    0,    0,    0,    0,    0,    0,    0,    0,    0,    0,    0,    0,    0,    0,    0,    0,    0,    0,    0,    0,    0,    0,    0,    0,    0,    0,    0,    0,    0,    0,    0,    0,    0,    0,    0,    0,    0,    0,    0,    0,    0,    0,    0,    0,    0,    0,    0,    0,    0,    0,    0,    0,    0,    0,    0,    0,    0,    0,    0,    0,    0,    0,    0,    0,    0,    0,    0,    0,    0,    0,    0,    0,    0,    0,    0,    0,  -18,    0,    0,    0,    0,    0,    0,    0,    0,    0,    0,    0,    0,    0,
       0,    0,    0,    0,    0,    0,    0,    0,    0,    0,    0,    0,    0,    0,    0,    0,    0,    0,    0,    0,    0,    0,    0,    0,    0,    0,    0,    0,    0,    0,    0,  -21,    0,    0,    0,    0,    0,    0,    0,   25,    0,    0,    0,    0,    0,    0,    0,    0,    0,    0,    0,    0,    0,    0,    0,    0,    0,    0,    0,    0,    0,    0,    0,    0,    0,    0,    0,    0,    0,    0,    0,    0,    0,    0,    0,    0,    0,    0,    0,    0,    0,    0,    0,    0,    0,    0,  -21,  -21,  -21,    0,    0,    0,    0,    0,    8,    8,    0,    0,    0,    0,  -21,    0,    0,    0,    0,    0,    0,    0,    0,    0,    0,    0,    0,    0,    0,    0,    0,    0,    0,    0,    0,    0,    0,    0,    0,    0,    0,    0,    0,    0,    0,    0,    0,    0,    0,    0,    0,    0,    0,    0,    0,    0,    0,    0,    0,    0,    0,    0,    0,    0,    0,
       0,    0,    0,    0,   -5,    0,    0,    0,    0,  -49,    0,  -49,    0,    0,  -14,    0,    0,   -9,  -16,    0,    0,   -9,    0,  -20,  -20,    0,  -19,    0,    0,  -19,    0,  -16,    0,    0,    0,    0,    0,    0,    0,    0,  -23,  -11,    0,    0,    0,    0,    0,    0,    0,    0,    0,    0,    0,  -49,    0,  -36,  -49,   -3,    0,    0,    0,    0,  -49,    0,    0,    0,    0,    0,  -18,  -23,  -23,  -11,    0,    0,    0,    0,  -11,    0,    0,  -23,    0,    0,    0,    0,    0,  -11,  -16,  -16,  -16,    0,    0,    0,   34,    0,    0,    0,    0,   -9,  -39,  -13,  -16,    0,    0,  -25,  -33,    0,    0,    0,    0,    0,    0,    0,    0,    0,    0,    0,    0,    0,    0,    0,    0,    0,    0,    0,    0,    0,    0,    0,    0,    0,    0,    0,    0,    0,    0,    0,  -18,    0,    0,    0,    0,    0,    0,    0,    0,    0,    0,    0,  -13,    0,    0,
       0,    0,    0,    0,    0,    0,    0,    0,    0,    0,  -18,    0,  -18,  -16,    0,    0,    0,    0,    0,    0,    0,    0,    0,    0,    0,    0,    0,  -16,    0,    0,    0,  -12,    0,  -15,   -6,  -19,  -16,    0,    0,  -16,    0,    0,    0,    0,    0,    0,    0,    0,    0,    0,    0,    0,    0,    0,    0,    0,    0,   -2,    0,    0,    0,    0,    0,    0,    0,    0,    0,    0,    0,    0,    0,    0,    0,    0,    0,    0,    0,    0,    0,    0,    0,    0,    0,    0,    0,    0,  -12,  -12,  -12,    0,    0,    0,    6,    0,    0,    0,  -39,    0,    0,    0,  -26,    0,    0,    0,    0,    0,    0,    0,    0,    0,    0,    0,    0,    0,    0,    0,    0,    0,    0,    0,    0,    0,    0,    0,    0,    0,    0,    0,    0,    0,  -16,  -13,    0,  -36,    0,    0,    0,  -18,    0,    0,    0,    0,    0,    0,    0,  -16,  -40,    0,    0,    0,    0,
       0,    0,    0,    0,    0,    0,    0,    0,    0,    0,  -18,    0,  -18,    0,    0,    0,    0,    0,    0,    0,    0,    0,    0,    0,    0,    0,    0,    0,    0,    0,    0,    0,    0,    0,    0,    0,    0,    0,    0,  -16,    0,    0,    0,    0,    0,    0,    0,    0,    0,    0,    0,    0,    0,    0,    0,    0,    0,    0,    0,    0,    0,    0,    0,    0,    0,    0,    0,    0,    0,    0,    0,    0,    0,    0,    0,    0,    0,    0,    0,    0,    0,    0,    0,    0,    0,    0,    0,    0,    0,    0,    0,    0,    0,    0,    0,    0,    0,    0,    0,    0,    0,    0,    0,    0,    0,    0,    0,    0,    0,    0,    0,    0,    0,    0,    0,    0,    0,    0,    0,    0,    0,    0,    0,    0,    0,    0,    0,    0,    0,    0,    0,    0,    0,  -13,    0,    0,    0,  -18,    0,    0,    0,    0,    0,    0,    0,    0,    0,    0,    0,    0,    0,
       0,    0,  -13,    0,    0,    0,    0,    0,  -13,  -13,    7,  -13,    7,    0,   -6,    0,    0,    0,   -6,    0,    0,   -4,    0,    0,    0,    0,    0,    0,    0,    0,    0,    0,    0,    0,    0,    0,    0,    0,  -13,    0,    0,   -7,  -12,    0,    0,    0,    0,  -12,    0,  -11,  -12,    0,    0,  -13,    0,    0,  -13,    0,  -13,    0,    0,  -12,  -13,    0,    0,    0,    0,    0,    0,    0,    0,   -7,    0,    0,    0,    0,   -7,    0,  -11,    0,    0,    0,    0,    0,    0,   -7,    0,    0,    0,    0,    0,    0,    0,    0,    0,    0,    0,    0,    0,    0,    0,    0,    0,  -12,  -13,  -12,    0,    0,    0,    0,    0,    0,    0,    0,    0,    0,    0,    0,    0,    0,    0,    0,    0,    0,    0,    0,    0,    0,    0,    0,    0,    0,  -13,    0,    0,    0,    0,    7,  -13,    0,    0,    0,    0,    0,    0,    0,    0,    0,    0,    0,    0,
       0,    0,    0,    0,    0,    0,    0,    0,    0,  -15,  -50,  -15,  -50,  -13,    0,    0,    0,    0,    0,    0,    0,    0,    0,  -16,    0,    0,    0,  -16,    6,    0,  -23,  -23,    0,    0,    0,    0,    0,  -13,    0,    0,   -4,   -9,    7,    3,    6,    4,    0,    7,    0,    6,    3,    6,    0,  -15,    0,    0,  -29,    0,    0,    0,    0,    0,  -15,    0,    0,    0,    0,    0,    0,   -4,   -4,   -9,    3,    3,    3,    9,   -9,    0,    6,   -4,    0,    6,    9,    9,    6,   -9,  -23,  -23,  -23,    0,    6,    3,   12,    9,    0,    0,    0,    0,    0,    0,  -23,   -7,   -7,    7,    0,    7,    0,    0,    0,    0,    0,    0,    0,    0,    0,    0,    0,    0,    0,    0,    0,    0,    0,    0,    0,    0,    0,    0,    0,    0,    0,  -16,    6,  -61,    0,    0,    0,  -50,    6,    0,    0,    0,    0,    0,    0,    0,  -13,    0,    0,    0,    0,
       0,    0,    0,    0,    0,    0,    0,  -11,    0,    0,    0,    0,    0,    0,    0,    0,    0,    0,    0,    0,    0,    0,    0,    0,    0,    0,    0,    0,    0,    0,    0,  -42,    0,  -42,    0,  -11,  -68,    0,    0,    0,    0,    0,    0,    0,    0,    0,    0,   -9,    0,  -13,  -11,   -8,    0,    0,  -21,    0,    0,    0,    0,    0,    0,    0,    0,    0,    0,    0,    0,    0,    0,    0,    0,    0,    0,    0,    0,    0,    0,    0,  -13,    0,    0,    0,    0,    0,    0,    0,  -42,  -42,  -42,    0,    0,    0,    0,    0,    0,    0,  -11,    0,    0,    0,  -42,    0,    0,   -9,    0,  -43,    0,    0,    0,    0,    0,    0,    0,    0,    0,    0,    0,    0,    0,    0,    0,    0,    0,    0,    0,    0,    0,    0,    0,    0,  -68,  -28,    0,    0,    0,    0,    0,    0,    0,    0,    0,    0,    0,    0,    0,    0,    0,    0,    0,    0,    0,
       0,    0,    0,    0,    0,    0,    0,    0,    0,    0,    0,    0,    0,    0,    0,    0,    0,    0,    0,    0,    0,    0,    0,    0,    0,    0,    0,    0,    0,    0,    0,    0,    0,    0,    0,    0,    0,    0,    0,    0,    0,    0,    0,    0,    0,    0,    0,    0,    0,    0,    0,    0,    0,    0,    0,    0,    0,    0,    0,    0,    0,    0,    0,    0,    0,    0,    0,    0,    0,    0,    0,    0,    0,    0,    0,    0,    0,    0,    0,    0,    0,    0,    0,    0,    0,    0,    0,    0,    0,    0,    0,    0,    0,    0,    0,    0,    0,    0,    0,    0,    0,    0,    0,    0,    0,    0,    0,    0,    0,    0,    0,    0,    0,    0,    0,   -8,    0,   -4,   -1,    0,    0,    0,    0,    0,   -8,    0,   -4,    0,   -8,    0,    0,    0,    0,    0,    0,    0,    0,    0,    0,    0,    0,    0,    0,    0,    0,    0,    0,    0,    0,    0,    0,
       0,    0,    0,    0,    0,    0,    0,    0,    0,    0,    0,    0,    0,    0,    0,    0,    0,    0,    0,    0,    0,    0,    0,    0,    0,    0,    0,    0,    0,    0,    0,    0,    0,    0,    0,    0,    0,    0,    0,    0,    0,    0,    0,    0,    0,    0,    0,    0,    0,    0,    0,    0,    0,    0,    0,    0,    0,    0,    0,    0,    0,    0,    0,    0,    0,    0,    0,    0,    0,    0,    0,    0,    0,    0,    0,    0,    0,    0,    0,    0,    0,    0,    0,    0,    0,    0,    0,    0,    0,    0,    0,    0,    0,    0,    0,    0,    0,    0,    0,    0,    0,    0,    0,    0,    0,    0,    0,    0,    0,    0,   -2,    0,    0,    0,    0,    0,   -3,    0,    0,    0,    0,  -10,    0,    0,  -10,    0,    0,   -4,    0,    0,    0,    0,    0,    0,    0,    0,    0,    0,    0,    0,    0,    0,    0,    0,    0,    0,    0,    0,    0,    0,    0,
       0,    0,    0,    0,    0,    0,    0,    0,    0,    0,    0,    0,    0,    0,    0,    0,    0,    0,    0,    0,    0,    0,    0,    0,    0,    0,    0,    0,    0,    0,    0,    0,    0,    0,    0,    0,    0,    0,    0,    0,    0,    0,    0,    0,    0,    0,    0,    0,    0,    0,    0,    0,    0,    0,    0,    0,    0,    0,    0,    0,    0,    0,    0,    0,    0,    0,    0,    0,    0,    0,    0,    0,    0,    0,    0,    0,    0,    0,    0,    0,    0,    0,    0,    0,    0,    0,    0,    0,    0,    0,    0,    0,    0,    0,    0,    0,    0,    0,    0,    0,    0,    0,    0,    0,    0,    0,    0,    0,    3,    0,    0,    0,    0,    0,   -3,  -10,    0,   -2,   -5,    0,   -6,    0,    0,    0,   -4,    0,    0,    0,    0,    0,    0,    0,    0,    0,    0,    0,    0,    0,    0,    0,    0,    0,    0,    0,    0,    0,    0,    0,    0,    0,    0,
       0,    0,    0,    0,    0,    0,    0,    0,    0,    0,    0,    0,    0,    0,    0,    0,    0,    0,    0,    0,    0,    0,    0,    0,    0,    0,    0,    0,    0,    0,    0,    0,    0,    0,    0,    0,    0,    0,    0,    0,    0,    0,    0,    0,    0,    0,    0,    0,    0,    0,    0,    0,    0,    0,    0,    0,    0,    0,    0,    0,    0,    0,    0,    0,    0,    0,    0,    0,    0,    0,    0,    0,    0,    0,    0,    0,    0,    0,    0,    0,    0,    0,    0,    0,    0,    0,    0,    0,    0,    0,    0,    0,    0,    0,    0,    0,    0,    0,    0,    0,    0,    0,    0,    0,    0,    0,    0,    0,  -16,    0,    0,   -8,    0,    0,   -3,    0,  -20,  -13,    0,   -4,   -2,  -10,    0,  -20,  -13,    0,    0,  -13,    0,    0,    0,    0,    0,    0,    0,    0,    0,    0,    0,    0,    0,    0,    0,    0,    0,    0,    0,    0,    0,    0,    0,
       0,    0,    0,    0,    0,    0,    0,    0,    0,    0,    0,    0,    0,    0,    0,    0,    0,    0,    0,    0,    0,    0,    0,    0,    0,    0,    0,    0,    0,    0,    0,    0,    0,    0,    0,    0,    0,    0,    0,    0,    0,    0,    0,    0,    0,    0,    0,    0,    0,    0,    0,    0,    0,    0,    0,    0,    0,    0,    0,    0,    0,    0,    0,    0,    0,    0,    0,    0,    0,    0,    0,    0,    0,    0,    0,    0,    0,    0,    0,    0,    0,    0,    0,    0,    0,    0,    0,    0,    0,    0,    0,    0,    0,    0,    0,    0,    0,    0,    0,    0,    0,    0,    0,    0,    0,    0,    0,    0,   -4,    0,    0,    0,    0,    0,   -5,    0,    0,    0,    0,   -4,    0,   -6,    0,    0,   -8,    0,    0,   -9,    0,    0,    0,    0,    0,    0,    0,    0,    0,    0,    0,    0,    0,    0,    0,    0,    0,    0,    0,    0,    0,    0,    0,
       0,    0,    0,    0,    0,    0,    0,    0,    0,    0,    0,    0,    0,    0,    0,    0,    0,    0,    0,    0,    0,    0,    0,    0,    0,    0,    0,    0,    0,    0,    0,    0,    0,    0,    0,    0,    0,    0,    0,    0,    0,    0,    0,    0,    0,    0,    0,    0,    0,    0,    0,    0,    0,    0,    0,    0,    0,    0,    0,    0,    0,    0,    0,    0,    0,    0,    0,    0,    0,    0,    0,    0,    0,    0,    0,    0,    0,    0,    0,    0,    0,    0,    0,    0,    0,    0,    0,    0,    0,    0,    0,    0,    0,    0,    0,    0,    0,    0,    0,    0,    0,    0,    0,    0,    0,    0,    0,    0,   -3,    0,    0,    0,    0,    0,    0,    0,    0,    0,    0,    0,    0,    0,    0,    0,    0,    0,    0,    0,    0,    0,    0,    0,    0,    0,    0,    0,    0,    0,    0,    0,    0,    0,    0,    0,    0,    0,    0,    0,    0,    0,    0,
       0,    0,    0,    0,    0,    0,    0,    0,    0,    0,    0,    0,    0,    0,    0,    0,    0,    0,    0,    0,    0,    0,    0,    0,    0,    0,    0,    0,    0,    0,    0,    0,    0,    0,    0,    0,    0,    0,    0,    0,    0,    0,    0,    0,    0,    0,    0,    0,    0,    0,    0,    0,    0,    0,    0,    0,    0,    0,    0,    0,    0,    0,    0,    0,    0,    0,    0,    0,    0,    0,    0,    0,    0,    0,    0,    0,    0,    0,    0,    0,    0,    0,    0,    0,    0,    0,    0,    0,    0,    0,    0,    0,    0,    0,    0,    0,    0,    0,    0,    0,    0,    0,    0,    0,    0,    0,    0,    0,    0,    0,   -2,    0,    0,    0,   -8,    0,  -15,   -1,    0,    0,    0,    0,    0,   -9,   -6,   -3,   -3,   -2,    0,    0,    0,    0,    0,    0,    0,    0,    0,    0,    0,    0,    0,    0,    0,    0,    0,    0,    0,    0,    0,    0,    0,
       0,    0,    0,    0,    0,    0,    0,    0,    0,    0,    0,    0,    0,    0,    0,    0,    0,    0,    0,    0,    0,    0,    0,    0,    0,    0,    0,    0,    0,    0,    0,    0,    0,    0,    0,    0,    0,    0,    0,    0,    0,    0,    0,    0,    0,    0,    0,    0,    0,    0,    0,    0,    0,    0,    0,    0,    0,    0,    0,    0,    0,    0,    0,    0,    0,    0,    0,    0,    0,    0,    0,    0,    0,    0,    0,    0,    0,    0,    0,    0,    0,    0,    0,    0,    0,    0,    0,    0,    0,    0,    0,    0,    0,    0,    0,    0,    0,    0,    0,    0,    0,    0,    0,    0,    0,    0,    0,    0,  -24,    0,    0,   -8,    0,   -6,   -6,    0,    0,   -6,    0,  -12,   -6,   -6,    0,    0,   -8,    0,    0,   -8,    0,   -8,    0,    0,    0,    0,    0,    0,    0,    0,    0,    0,    0,    0,    0,    0,    0,    0,    0,    0,    0,    0,    0,
       0,    0,    0,    0,    0,    0,    0,    0,    0,    0,    0,    0,    0,    0,    0,    0,    0,    0,    0,    0,    0,    0,    0,    0,    0,    0,    0,    0,    0,    0,    0,    0,    0,    0,    0,    0,    0,    0,    0,    0,    0,    0,    0,    0,    0,    0,    0,    0,    0,    0,    0,    0,    0,    0,    0,    0,    0,    0,    0,    0,    0,    0,    0,    0,    0,    0,    0,    0,    0,    0,    0,    0,    0,    0,    0,    0,    0,    0,    0,    0,    0,    0,    0,    0,    0,    0,    0,    0,    0,    0,    0,    0,    0,    0,    0,    0,    0,    0,    0,    0,    0,    0,    0,    0,    0,    0,    0,    0,    0,    0,    0,    0,    0,    0,   -3,    0,    0,   -2,    0,    0,   -5,   -5,    0,   -9,   -9,    0,    0,    0,    0,    0,    0,    0,    0,    0,    0,    0,    0,    0,    0,    0,    0,    0,    0,    0,    0,    0,    0,    0,    0,    0,    0,
       0,    0,    0,    0,    0,    0,    0,    0,    0,    0,    0,    0,    0,    0,    0,    0,    0,    0,    0,    0,    0,    0,    0,    0,    0,    0,    0,    0,    0,    0,    0,    0,    0,    0,    0,    0,    0,    0,    0,    0,    0,    0,    0,    0,    0,    0,    0,    0,    0,    0,    0,    0,    0,    0,    0,    0,    0,    0,    0,    0,    0,    0,    0,    0,    0,    0,    0,    0,    0,    0,    0,    0,    0,    0,    0,    0,    0,    0,    0,    0,    0,    0,    0,    0,    0,    0,    0,    0,    0,    0,    0,    0,    0,    0,    0,    0,    0,    0,    0,    0,    0,    0,    0,    0,    0,    0,    0,    0,  -16,   -3,    0,    0,    0,    0,   -3,    0,  -12,   -9,    0,    0,    0,   -3,    0,  -18,   -5,    0,    0,    0,    3,   -1,    0,    0,    0,    0,    0,    0,    0,    0,    0,    0,    0,    0,    0,    0,    0,    0,    0,    0,    0,    0,    0,
       0,    0,    0,    0,    0,    0,    0,    0,    0,    0,    0,    0,    0,    0,    0,    0,    0,    0,    0,    0,    0,    0,    0,    0,    0,    0,    0,    0,    0,    0,    0,    0,    0,    0,    0,    0,    0,    0,    0,    0,    0,    0,    0,    0,    0,    0,    0,    0,    0,    0,    0,    0,    0,    0,    0,    0,    0,    0,    0,    0,    0,    0,    0,    0,    0,    0,    0,    0,    0,    0,    0,    0,    0,    0,    0,    0,    0,    0,    0,    0,    0,    0,    0,    0,    0,    0,    0,    0,    0,    0,    0,    0,    0,    0,    0,    0,    0,    0,    0,    0,    0,    0,    0,    0,    0,    0,    0,    0,    0,    0,    0,    0,    0,    0,    0,    0,    0,   -8,    0,   -2,   -8,  -10,    0,    0,  -10,    0,    0,    0,    0,    0,    0,    0,    0,    0,    0,    0,    0,    0,    0,    0,    0,    0,    0,    0,    0,    0,    0,    0,    0,    0,    0,
       0,    0,    0,    0,    0,    0,    0,    0,    0,    0,    0,    0,    0,    0,    0,    0,    0,    0,    0,    0,    0,    0,    0,    0,    0,    0,    0,    0,    0,    0,    0,    0,    0,    0,    0,    0,    0,    0,    0,    0,    0,    0,    0,    0,    0,    0,    0,    0,    0,    0,    0,    0,    0,    0,    0,    0,    0,    0,    0,    0,    0,    0,    0,    0,    0,    0,    0,    0,    0,    0,    0,    0,    0,    0,    0,    0,    0,    0,    0,    0,    0,    0,    0,    0,    0,    0,    0,    0,    0,    0,    0,    0,    0,    0,    0,    0,    0,    0,    0,    0,    0,    0,    0,    0,    0,    0,    0,    0,    0,    0,    0,    0,    0,    0,   -5,   -7,    0,   -4,    0,    0,    0,    0,    0,    0,    0,    0,    0,    0,    0,    0,    0,    0,    0,    0,    0,    0,    0,    0,    0,    0,    0,    0,    0,    0,    0,    0,    0,    0,    0,    0,    0,
       0,    0,    0,    0,    0,    0,    0,    0,    0,    0,    0,    0,    0,    0,    0,    0,    0,    0,    0,    0,    0,    0,    0,    0,    0,    0,    0,    0,    0,    0,    0,    0,    0,    0,    0,    0,    0,    0,    0,    0,    0,    0,    0,    0,    0,    0,    0,    0,    0,    0,    0,    0,    0,    0,    0,    0,    0,    0,    0,    0,    0,    0,    0,    0,    0,    0,    0,    0,    0,    0,    0,    0,    0,    0,    0,    0,    0,    0,    0,    0,    0,    0,    0,    0,    0,    0,    0,    0,    0,    0,    0,    0,    0,    0,    0,    0,    0,    0,    0,    0,    0,    0,    0,    0,    0,    0,    0,    0,    0,    0,    0,    0,    0,    0,   -3,    0,  -12,    0,   -3,    0,    0,   -3,    0,   -5,   -2,    0,    0,   -9,    0,    0,    0,    0,    0,    0,    0,    0,    0,    0,    0,    0,    0,    0,    0,    0,    0,    0,    0,    0,    0,    0,    0,
       0,    0,    0,    0,    0,    0,    0,    0,    0,    0,    0,    0,    0,    0,    0,    0,    0,    0,    0,    0,    0,    0,    0,    0,    0,    0,    0,    0,    0,    0,    0,    0,    0,    0,    0,    0,    0,    0,    0,    0,    0,    0,    0,    0,    0,    0,    0,    0,    0,    0,    0,    0,    0,    0,    0,    0,    0,    0,    0,    0,    0,    0,    0,    0,    0,    0,    0,    0,    0,    0,    0,    0,    0,    0,    0,    0,    0,    0,    0,    0,    0,    0,    0,    0,    0,    0,    0,    0,    0,    0,    0,    0,    0,    0,    0,    0,    0,    0,    0,    0,    0,    0,    0,    0,    0,    0,    0,    0,    0,    0,    0,    0,    0,    0,   -6,    0,    0,    0,    0,    0,    0,   -4,    0,    0,    0,    0,    0,    0,    0,    0,    0,    0,    0,    0,    0,    0,    0,    0,    0,    0,    0,    0,    0,    0,    0,    0,    0,    0,    0,    0,    0,
       0,    0,    0,    0,    0,    0,    0,    0,    0,    0,    0,    0,    0,    0,    0,    0,    0,    0,    0,    0,    0,    0,    0,    0,    0,    0,    0,    0,    0,    0,    0,    0,    0,    0,    0,    0,    0,    0,    0,    0,    0,    0,    0,    0,    0,    0,    0,    0,    0,    0,    0,    0,    0,    0,    0,    0,    0,    0,    0,    0,    0,    0,    0,    0,    0,    0,    0,    0,    0,    0,    0,    0,    0,    0,    0,    0,    0,    0,    0,    0,    0,    0,    0,    0,    0,    0,    0,    0,    0,    0,    0,    0,    0,    0,    0,    0,    0,    0,    0,    0,    0,    0,    0,    0,    0,    0,    0,    0,    0,    0,    0,    0,    0,    0,    0,    0,   -6,   -8,   -6,    0,    0,   -6,    0,  -14,   -3,    0,    0,    0,   -6,    0,    0,    0,    0,    0,    0,    0,    0,    0,    0,    0,    0,    0,    0,    0,    0,    0,    0,    0,    0,    0,    0,
       0,    0,    0,    0,    0,    0,    0,    0,    0,    0,    0,    0,    0,    0,    0,    0,    0,    0,    0,    0,    0,    0,    0,    0,    0,    0,    0,    0,    0,    0,    0,    0,    0,    0,    0,    0,    0,    0,    0,    0,    0,    0,    0,    0,    0,    0,    0,    0,    0,    0,    0,    0,    0,    0,    0,    0,    0,    0,    0,    0,    0,    0,    0,    0,    0,    0,    0,    0,    0,    0,    0,    0,    0,    0,    0,    0,    0,    0,    0,    0,    0,    0,    0,    0,    0,    0,    0,    0,    0,    0,    0,    0,    0,    0,    0,    0,    0,    0,    0,    0,    0,    0,    0,    0,    0,    0,    0,   -2,   -4,    0,   -3,    0,    0,    0,    0,   -8,    0,    0,    0,   -4,    0,  -10,    0,    0,   -9,    0,    0,    0,    0,    0,    0,    0,    0,    0,    0,    0,    0,    0,    0,    0,    0,    0,    0,    0,    0,    0,    0,    0,    0,    0,    0,
       0,    0,    0,    0,    0,    0,    0,    0,    0,    0,    0,    0,    0,    0,    0,    0,    0,    0,    0,    0,    0,    0,    0,    0,    0,    0,    0,    0,    0,    0,    0,    0,    0,    0,    0,    0,    0,    0,    0,    0,    0,    0,    0,    0,    0,    0,    0,    0,    0,    0,    0,    0,    0,    0,    0,    0,    0,    0,    0,    0,    0,    0,    0,    0,    0,    0,    0,    0,    0,    0,    0,    0,    0,    0,    0,    0,    0,    0,    0,    0,    0,    0,    0,    0,    0,    0,    0,    0,    0,    0,    0,    0,    0,    0,    0,    0,    0,    0,    0,    0,    0,    0,    0,    0,    0,    0,    0,    0,  -16,    0,    0,    0,    0,    0,   -8,    0,  -12,   -3,    0,    0,   -6,   -9,    0,  -12,   -9,    0,    0,   -8,    0,  -10,    0,    0,    0,    0,    0,    0,    0,    0,    0,    0,    0,    0,    0,    0,    0,    0,    0,    0,    0,    0,    0,
       0,    0,    0,    0,    0,    0,    0,    0,    0,    0,    0,    0,    0,    0,    0,    0,    0,    0,    0,    0,    0,    0,    0,    0,    0,    0,    0,    0,    0,    0,    0,    0,    0,    0,    0,    0,    0,    0,    0,    0,    0,    0,    0,    0,    0,    0,    0,    0,    0,    0,    0,    0,    0,    0,    0,    0,    0,    0,    0,    0,    0,    0,    0,    0,    0,    0,    0,    0,    0,    0,    0,    0,    0,    0,    0,    0,    0,    0,    0,    0,    0,    0,    0,    0,    0,    0,    0,    0,    0,    0,    0,    0,    0,    0,    0,    0,    0,    0,    0,    0,    0,    0,    0,    0,    0,    0,    0,    0,  -11,    0,    0,    0,    0,    0,   -3,    0,    0,  -11,    0,   -6,    0,   -9,    0,    0,   -6,    0,    0,   -6,    0,    0,    0,    0,    0,    0,    0,    0,    0,    0,    0,    0,    0,    0,    0,    0,    0,    0,    0,    0,    0,    0,    0,
       0,    0,    0,    0,    0,    0,    0,    0,    0,    0,    0,    0,    0,    0,    0,    0,    0,    0,    0,    0,    0,    0,    0,    0,    0,    0,    0,    0,    0,    0,    0,    0,    0,    0,    0,    0,    0,    0,    0,    0,    0,    0,    0,    0,    0,    0,    0,    0,    0,    0,    0,    0,    0,    0,    0,    0,    0,    0,    0,    0,    0,    0,    0,    0,    0,    0,    0,    0,    0,    0,    0,    0,    0,    0,    0,    0,    0,    0,    0,    0,    0,    0,    0,    0,    0,    0,    0,    0,    0,    0,    0,    0,    0,    0,    0,    0,    0,    0,    0,    0,    0,    0,    0,    0,    0,    0,    0,    0,    0,    0,  -19,    0,  -20,    0,    0,   -7,    0,   -3,   -3,    0,  -15,  -16,  -16,    0,   -4,    0,    0,    0,   -8,    0,    0,    0,    0,    0,    0,    0,    0,    0,    0,    0,    0,    0,    0,    0,    0,    0,    0,    0,    0,    0,    0,
       0,    0,    0,    0,    0,    0,    0,    0,    0,    0,    0,    0,    0,    0,    0,    0,    0,    0,    0,    0,    0,    0,    0,    0,    0,    0,    0,    0,    0,    0,    0,    0,    0,    0,    0,    0,    0,    0,    0,    0,    0,    0,    0,    0,    0,    0,    0,    0,    0,    0,    0,    0,    0,    0,    0,    0,    0,    0,    0,    0,    0,    0,    0,    0,    0,    0,    0,    0,    0,    0,    0,    0,    0,    0,    0,   25,    0,    0,    0,    0,    0,    0,   38,   25,    0,    0,    0,    0,    0,    0,    0,    0,   29,   38,    0,    0,    0,    0,    0,    0,    0,    0,    0,    0,    0,    0,    0,    0,    0,    0,    0,    0,    0,    0,    0,    0,    0,    0,    0,    0,    0,    0,    0,    0,    0,    0,    0,    0,    0,    0,    0,    0,    0,    0,    0,    0,    0,    0,    0,    0,    0,    0,    0,    0,    0,    0,    0,    0,    0,    0,    0,
       0,    0,    0,    0,    0,    0,    0,    0,    0,    0,  -13,    0,  -13,    0,    0,    0,    0,    0,    0,    0,    0,    0,    0,    0,    0,    0,    0,    0,    0,    0,    0,    0,    0,    0,    0,    0,    0,    0,    0,    0,    0,    0,    0,    0,    0,    0,    0,    0,    0,    0,    0,    0,    0,    0,    0,    0,    0,    0,    0,    0,    0,    0,    0,    0,    0,    0,    0,    0,    0,    0,    0,    0,    0,    0,    0,    0,    0,    0,    0,    0,    0,    0,    0,    0,    0,    0,    0,    0,    0,    0,    0,    0,   16,    0,    0,    0,    0,    0,    0,    0,    0,    0,    0,    0,    0,    0,    0,    0,    0,    0,    0,    0,    0,    0,    0,    0,    0,    0,    0,    0,    0,    0,    0,    0,    0,    0,    0,    0,    0,    0,    0,    0,    0,    0,    0,    0,    0,  -13,    0,    0,    0,    0,    0,    0,    0,    0,    0,    0,    0,    0,    0,
       0,    0,    0,    0,    0,  -25,    0,    0,    0,  -28,  -35,  -28,  -35,    0,    0,    0,    0,    0,  -27,    0,    0,    0,  -25,  -41,  -38,    0,  -16,  -31,    0,  -16,  -13,    5,    0,    0,    0,    0,    0,    0,    0,    0,  -37,  -39,    0,   -9,    0,  -16,  -27,    0,  -16,    0,    0,    0,    0,  -28,    0,  -36,  -48,   -3,    0,    0,  -16,    0,  -48,    0,  -25,    0,    0,    0,  -34,  -64,  -57,  -39,   -9,  -23,   -9,    0,  -39,  -16,    0,  -67,    0,    0,    0,    0,    0,  -62,    5,    5,    5,  -16,    0,   -9,   34,    0,    0,    0,    0,    0,  -16,    0,    5,    0,    0,    0,  -20,    0,  -27,    0,    0,    0,    0,    0,    0,    0,    0,    0,    0,    0,    0,    0,    0,    0,    0,    0,    0,    0,    0,    0,    0,    0,    0,    0,    0,  -43,    0,    0,  -16,  -35,    0,    0,    0,    0,    0,    0,    0,  -66,  -73,    0,    0,    0,  -13,
       0,    0,    0,    0,    0,  -25,    0,    0,    0,    0,  -40,    0,  -40,  -38,    0,    0,    0,    0,  -25,    0,    0,    0,    0,    0,    0,    0,    0,  -38,    0,    0,  -59,    0,    0,    0,    0,    0,    0,    0,    0,    0,    0,  -16,    0,    0,    0,    0,   -7,    0,    0,    0,    0,    0,    0,    0,    0,    0,    0,    0,    0,    0,    0,    0,    0,    0,    0,  -25,    0,    0,    0,    0,    0,  -16,    0,    0,    0,    0,  -16,    0,    0,    0,    0,    0,    0,    0,    0,  -16,    0,    0,    0,    0,    0,    0,    0,    0,  -25,  -45,    0,    0,    0,    0,    0,  -57,  -34,    0,    0,    0,   -7,    0,    0,    0,    0,    0,    0,    0,    0,    0,    0,    0,    0,    0,    0,    0,    0,    0,    0,    0,    0,    0,    0,    0,    0,    0,    0,  -34,    0,    0,    0,  -40,    0,    0,    0,    0,    0,    0,    0,    0,    0,    0,    0,    0,    0,
       0,    0,    0,  -50,    0,  -27,    0,    0,    0,  -22,  -48,  -22,  -48,  -57,  -18,    0,    0,    0,  -38,    0,  -25,  -16,  -23,  -38,  -23,    0,  -23,  -55,    0,  -23,  -50,    0,    0,    0,    0,    0,    0,    0,    0,  -16,  -23,  -25,    0,    0,    0,  -10,  -29,    4,  -16,    4,    0,    0,    0,  -41,    0,  -34,  -22,    0,    0,    0,  -34,   -4,  -22,    0,    0,  -27,    0,    0,    0,  -23,  -23,  -25,    0,    0,    0,    0,  -25,  -16,    4,  -23,    0,    0,    0,    0,    0,  -25,    0,    0,    0,  -16,    0,    0,    0,    0,  -20,  -36,    0,    0,  -23,    0,    0,  -48,  -25,    4,    0,    4,  -42,    0,    0,    0,    0,    0,    0,    0,    0,    0,    0,    0,    0,    0,    0,    0,    0,    0,    0,    0,    0,    0,    0,    0,    0,    0,    0,    0,    0,    0,    0,  -48,    0,    0,    0,    0,    0,    0,    0,    0,    0,    0,    0,    0,    0,
       0,    0,    0,    0,    0,    0,    0,    0,    0,    0,    0,    0,    0,    0,    0,  -27,    0,    0,    0,    0,    0,    0,    0,    0,    0,    0,  -15,    0,    0,  -15,    0,  -38,    0,  -36,  -25,    0,  -43,    0,    0,    0,  -13,    0,    0,    0,    0,    0,    0,    0,    0,  -20,    0,    0,    0,    0,    0,    0,    0,    0,    0,    0,    0,    0,    0,    0,    0,    0,    0,    0,    0,  -13,  -13,    0,    0,    0,    0,    0,    0,    0,  -20,  -13,    0,    0,    0,    0,    0,    0,  -38,  -38,  -38,    0,    0,    0,    0,    0,   20,   20,    0,    0,  -15,  -25,  -59,   25,   25,  -20,    0,    0,    0,    0,    0,    0,    0,    0,    0,    0,    0,    0,    0,    0,    0,    0,    0,    0,    0,    0,    0,    0,    0,    0,    0,    0,  -43,  -50,  -38,    0,    0,    0,    0,    0,  -38,    0,    0,    0,    0,    0,    0,    0,    0,    0,    0,    0,    0,
       0,    0,    0,    0,    0,    0,    0,    0,    0,    0,    0,    0,    0,    0,    0,    0,    0,    0,    0,    0,    0,    0,    0,    0,    0,    0,    0,  -13,    0,    0,    0,  -13,    0,  -16,    0,  -18,  -18,    0,    0,    0,    0,    0,    0,    0,    0,    0,    0,    0,    0,    0,    0,    0,    0,    0,    0,    0,    0,    0,    0,    0,    0,    0,    0,    0,    0,    0,    0,    0,    0,    0,    0,    0,    0,    0,    0,    0,    0,    0,    0,    0,    0,    0,    0,    0,    0,    0,  -13,  -13,  -13,    0,    0,    0,    0,    0,    0,    0,  -18,    0,    0,    0,  -43,    0,    0,    0,    0,    0,    0,    0,    0,    0,    0,    0,    0,    0,    0,    0,    0,    0,    0,    0,    0,    0,    0,    0,    0,    0,    0,    0,    0,    0,  -18,    0,    0,    0,    0,    0,    0,    0,    0,    0,    0,    0,    0,    0,    0,    0,    0,    0,    0,  -13,    0,
      -8,   -3,  -37,    0,    0,    0,    0,    0,    0,    0,    0,    0,    0,    0,  -11,  -36,    0,  -10,    0,   -4,   -9,  -11,    0,    0,    0,  -35,  -18,    0,    0,  -18,    0,  -13,    0,    0,    0,    0,  -22,    0,    0,    0,    0,    0,    0,    0,    0,    0,    0,    0,    0,    0,    0,    0,    0,    0,    0,    0,    0,    0,    0,    0,    0,  -20,    0,    0,    0,    0,    0,    0,    0,    0,    0,    0,    0,    0,    0,    0,    0,    0,    0,    0,    0,    0,    0,    0,    0,    0,  -13,  -13,  -13,    0,    0,    0,    0,    0,    0,    0,    0,  -10,  -18,    0,  -13,    0,    0,    0,  -13,    0,    0,    0,    0,    0,    0,    0,    0,    0,    0,    0,    0,    0,    0,    0,    0,    0,    0,    0,    0,    0,    0,    0,    0,    0,  -35,    0,  -33,    0,  -54,  -73,    0,    0,  -33,    0,    0,    0,    0,    0,    0,    0,    0,    0,    0,    0,    0,
       0,    0,    0,    0,    0,    0,    0,    0,    0,    0,    0,    0,    0,    0,    0,    0,    0,    0,    0,    0,    0,    0,    0,    0,    0,    0,    0,    0,    0,    0,    0,    0,    0,    0,    0,    0,    0,    0,    0,    0,    0,    0,    0,    0,    0,    0,    0,    0,    0,    0,    0,    0,    0,    0,    0,    0,    0,    0,    0,    0,    0,    0,    0,    0,    0,    0,    0,    0,    0,    0,    0,    0,    0,    0,    0,    0,    0,    0,    0,    0,    0,    0,    0,    0,    0,    0,    0,    0,    0,    0,    0,    0,    0,    0,    0,    0,    0,    0,    0,    0,    0,    0,    0,    0,    0,    0,    0,    0,    0,    0,    0,    0,    0,    0,    0,    0,    0,    0,    0,    0,    0,    0,    0,    0,    0,    0,    0,    0,    0,    0,    0,    0,    0,    0,    0,    0,    0,    0,    0,    0,    0,    0,    0,    9,    0,    0,    0,    0,    0,    0,    0,
       0,    0,    0,    0,    0,    0,    0,    0,    0,    0,    0,    0,    0,    0,    0,    0,    0,    0,    0,    0,    0,    0,    0,    0,    0,    0,    0,    0,    0,    0,    0,    0,    0,    0,    0,    0,    0,    0,    0,    0,    0,    0,    0,    0,    0,    0,    0,    0,    0,    0,    0,    0,    0,    0,    0,    0,    0,    0,    0,    0,    0,    0,    0,   -3,    0,    0,    0,    0,    0,    0,    0,    0,    0,    0,    0,    0,    0,    0,    0,    0,    0,    0,    0,    0,    0,    0,    0,    0,    0,    0,    0,    0,    0,    0,    0,    0,    0,    0,    0,    0,    0,    0,    0,    0,    0,    0,    0,    0,    0,    0,    0,    0,    0,    0,    0,    0,    0,    0,    0,    0,    0,    0,    0,    0,    0,    0,    0,    0,    0,    0,    0,    0,    0,    0,    0,    0,    0,    0,    0,    0,    0,   -6,    0,    0,    0,    0,    0,    0,    0,    0,    0,
       0,    0,    0,    0,    0,    0,    0,    0,    0,    0,    0,    0,    0,    0,    0,    0,    0,    0,    0,    0,    0,    0,    0,    0,    0,    0,    0,    0,    0,    0,    0,    0,    0,    0,    0,    0,    0,    0,    0,    0,    0,    0,    0,    0,    0,    0,    0,    0,    0,    0,    0,    0,    0,    0,    0,    0,    0,    0,    0,    0,    0,    0,    0,    0,    0,    0,    0,    0,    0,    0,    0,    0,    0,    0,    0,    0,    0,    0,    0,    0,    0,    0,    0,    0,    0,    0,    0,    0,    0,    0,    0,    0,    0,    0,    0,    0,    0,    0,    0,    0,    0,    0,    0,    0,    0,    0,    0,    0,    0,    0,    0,    0,    0,    0,    0,    0,    0,    0,    0,    0,    0,    0,    0,    0,    0,    0,    0,    0,    0,    0,    0,    0,    0,    0,    0,    0,    0,    0,    0,    0,  -20,    5,   -3,    0,  -13,    0,    0,    0,    0,    0,    0,
       0,    0,    0,    0,    0,    0,    0,    0,    0,    0,    0,    0,    0,    0,    0,    0,    0,    0,    0,    0,    0,    0,    0,    0,    0,    0,    0,    0,    0,    0,    0,    0,    0,    0,    0,    0,    0,    0,    0,    0,    0,    0,    0,    0,    0,    0,    0,    0,    0,    0,    0,    0,    0,    0,    0,    0,    0,    0,    0,   -7,    0,    0,    0,    0,    0,    0,    0,    0,    0,    0,    0,    0,    0,    0,    0,    0,    0,    0,    0,    0,    0,    0,    0,    0,    0,    0,    0,    0,    0,    0,    0,    0,    0,    0,    0,    0,    0,    0,    0,    0,    0,    0,    0,    0,    0,    0,    0,    0,    0,    0,    0,    0,    0,    0,    0,    0,    0,    0,    0,    0,    0,    0,    0,    0,    0,    0,    0,    0,    0,    0,    0,    0,    0,    0,    0,    0,    0,    0,    0,    0,    0,   -7,    0,    0,    0,    0,    0,    0,    0,    0,    0,
       0,    0,    0,    0,    0,    0,    0,    0,    0,    0,    0,    0,    0,    0,    0,    0,    0,    0,    0,    0,    0,    0,    0,    0,    0,    0,    0,    0,    0,    0,    0,    0,    0,    0,    0,    0,    0,    0,    0,    0,    0,    0,    0,    0,    0,    0,    0,    0,    0,    0,    0,    0,    0,    0,    0,    0,    0,    0,    0,    0,    0,    0,    0,    0,    0,    0,    0,    0,    0,    0,    0,    0,    0,    0,    0,    0,    0,    0,    0,    0,    0,    0,    0,    0,    0,    0,    0,    0,    0,    0,    0,    0,    0,    0,    0,    0,    0,    0,    0,    0,    0,    0,    0,    0,    0,    0,    0,    0,    0,    0,    0,    0,    0,    0,    0,    0,    0,    0,    0,    0,    0,    0,    0,    0,    0,    0,    0,    0,    0,    0,    0,    0,    0,    0,    0,    0,    0,    0,    0,    0,    0,    0,    0,    0,    3,    0,    0,    0,    0,    0,    0,
       0,    0,    0,    0,    0,    0,    0,    0,    0,    0,    0,    0,    0,    0,    0,  -23,    0,    0,    0,    0,    0,    0,    0,    0,    0,    0,  -16,    0,    0,  -16,    0,  -32,    0,  -52,  -37,    0,  -66,    0,    0,    0,    0,    0,    0,    0,    0,    0,    0,    0,    0,  -13,    0,    0,    0,    0,    0,    0,    0,    0,    0,    0,    0,    0,    0,    0,    0,    0,    0,    0,    0,    0,    0,    0,    0,    0,    0,    0,    0,    0,  -13,    0,    0,    0,    0,    0,    0,    0,  -32,  -32,  -51,    0,    0,    0,    0,    0,    0,    0,    0,    0,  -16,  -10,  -41,    0,    0,    0,    0,    0,    0,    0,    0,    0,    0,    0,    0,    0,    0,    0,    0,    0,    0,    0,    0,    0,    0,    0,    0,    0,    0,    0,    0,    0,  -66,    0,    0,    0,    0,    0,    0,    0,    0,    0,    0,    0,    0,    0,    0,    0,  -11,   -6,    0,    0,    0,
       0,    0,    0,    0,    0,    0,    0,    0,    0,    0,    0,    0,    0,    0,    0,    0,    0,    0,    0,    0,    0,    0,    0,    0,    0,    0,    0,    0,    0,    0,    0,    0,    0,    0,    0,    0,    0,    0,    0,    0,    0,    0,    0,    0,    0,    0,    0,    0,    0,    0,    0,    0,    0,    0,    0,    0,    0,    0,    0,    0,    0,    0,    0,    0,    0,    0,    0,    0,    0,    0,    0,    0,    0,    0,    0,    0,    0,    0,    0,    0,    0,    0,    0,    0,    0,    0,    0,    0,    0,    0,    0,    0,    0,    0,    0,    0,    0,    0,    0,    0,    0,    0,    0,    0,    0,    0,    0,    0,    0,    0,    0,    0,    0,    0,    0,    0,    0,    0,    0,    0,    0,    0,    0,    0,    0,    0,    0,    0,    0,    0,    0,    0,    0,    0,    0,    0,    0,    0,    0,    0,    0,    0,    0,    0,    0,   -6,    0,    0,    0,    0,    0,
       0,    0,    0,    0,    0,    0,    0,    0,    0,    0,    0,    0,    0,    0,    0,    0,    0,    0,    0,    0,    0,    0,    0,    0,    0,    0,    0,    0,    0,    0,    0,    0,    0,    0,    0,    0,    0,    0,    0,    0,    0,    0,    0,    0,    0,    0,    0,    0,    0,    0,    0,    0,    0,    0,    0,    0,    0,    0,    0,    0,    0,    0,    0,    0,    0,    0,    0,    0,    0,    0,    0,    0,    0,    0,    0,    0,    0,    0,    0,    0,    0,    0,    0,    0,    0,    0,    0,    0,    0,    0,    0,    0,    0,    0,    0,    0,    0,    0,    0,    0,    0,    0,    0,    0,    0,    0,    0,    0,    0,    0,    0,    0,    0,    0,    0,    0,    0,    0,    0,    0,    0,    0,    0,    0,    0,    0,    0,    0,    0,    0,    0,    0,    0,    0,    0,    0,    0,    0,    0,    0,    0,    0,    0,    0,    0,    0,  -17,    0,    0,    0,    0,
       0,    0,    0,    0,    0,    0,    0,    0,    0,    0,    0,    0,    0,    0,    0,    0,    0,    0,    0,    0,    0,    0,    0,    0,    0,    0,    0,    0,    0,    0,    0,    0,    0,    0,    0,    0,    0,    0,    0,    0,    0,    0,    0,    0,    0,    0,    0,    0,    0,    0,    0,    0,    0,    0,    0,    0,    0,    0,    0,    0,    0,    0,    0,    0,    0,    0,    0,    0,    0,    0,    0,    0,    0,    0,    0,    0,    0,    0,    0,    0,    0,    0,    0,    0,    0,    0,    0,    0,    0,    0,    0,    0,   16,    0,    0,    0,    0,    0,    0,    0,    0,    0,    0,    0,    0,    0,    0,    0,    0,    0,    0,    0,    0,    0,    0,    0,    0,    0,    0,    0,    0,    0,    0,    0,    0,    0,    0,    0,    0,    0,    0,    0,    0,    0,    0,    0,    0,    0,    0,    0,    0,    0,    0,    0,    0,    0,    0,    0,    0,    0,    0,
       0,    0,    0,    0,    0,    0,    0,    0,    0,    0,  -27,    0,  -27,  -16,    0,    0,    0,    0,    0,    0,    0,    0,    0,    0,    0,    0,    0,    0,    0,    0,    0,    0,    0,    0,    0,    0,    0,    0,    0,  -20,    0,    0,    0,    0,    0,    0,    0,    0,    0,    0,    0,    0,    0,    0,    0,    0,    0,    0,    0,    0,    0,    0,    0,    0,    0,    0,    0,    0,    0,    0,    0,    0,    0,    0,    0,    0,    0,    0,    0,    0,    0,    0,    0,    0,    0,    0,    0,    0,    0,    0,    0,    0,    0,    0,    0,    0,    0,    0,    0,    0,    0,    0,    0,    0,    0,    0,    0,    0,    0,    0,    0,    0,    0,    0,    0,    0,    0,    0,    0,    0,    0,    0,    0,    0,    0,    0,    0,    0,    0,    0,    0,    0,    0,    0,    0,    0,    0,  -27,    0,    0,    0,    0,    0,    0,    0,    0,    0,    0,    0,    0,    0,
};

static const EpdFontData inksans_12_bold = {
    inksans_12_boldBitmaps,
    inksans_12_boldGlyphs,
    inksans_12_boldIntervals,
    62,
    30,
    25,
    -7,
    true,
    inksans_12_boldGroups,
    13,
    nullptr,
    inksans_12_boldKernLeftClasses,
    inksans_12_boldKernRightClasses,
    inksans_12_boldKernMatrix,
    771,
    771,
    152,
    151,
    nullptr,
    0,
};
