/**
 * generated by fontconvert.py
 * name: inksans_8_regular
 * size: 8
 * mode: 2-bit  compressed: true
 * Command used: fontconvert.py inksans_8_regular 8 ../builtinFonts/source/Inter/Inter-Medium.ttf ../builtinFonts/source/NotoSansHebrew/NotoSansHebrew-Regular.ttf --2bit --compress --pnum --additional-intervals 0x05D0,0x05F4
 */
#pragma once
#include "EpdFontData.h"

static const uint8_t inksans_8_regularBitmaps[14967] = {
    0x7D, 0x56, 0xCD, 0x8F, 0x1C, 0xC5, 0x15, 0xFF, 0x75, 0x77, 0x42, 0x1D, 0x2A, 0x3B, 0xE5, 0x48,
    0x5E, 0x25, 0x12, 0xDE, 0x69, 0x0E, 0x39, 0x45, 0xF3, 0xB1, 0x44, 0x83, 0x34, 0x91, 0x7B, 0x77,
    0x2A, 0xE6, 0x90, 0x03, 0x97, 0x95, 0xF0, 0x28, 0x07, 0x0E, 0xFE, 0x07, 0x8C, 0xEC, 0xC3, 0x1C,
    0x06, 0x32, 0x78, 0x4B, 0xE1, 0xC0, 0x95, 0x3B, 0x17, 0x5F, 0x93, 0x95, 0x98, 0x06, 0xDA, 0xB2,
    0x37, 0xDE, 0x75, 0x17, 0xE2, 0xC0, 0x81, 0x03, 0x2D, 0xE5, 0xC0, 0x21, 0x52, 0x54, 0x11, 0x42,
    0x48, 0x20, 0xA0, 0x65, 0xB7, 0xC8, 0x22, 0xD8, 0xE9, 0xFC, 0xAA, 0x67, 0x76, 0xBD, 0xD8, 0x96,
    0xFB, 0xBD, 0x6E, 0xBD, 0xAE, 0x8F, 0xD7, 0xEF, 0xF3, 0x57, 0x3D, 0x9D, 0x4E, 0x9A, 0x0B, 0xB8,
    0x33, 0x79, 0xCD, 0x4D, 0xDC, 0xA0, 0xF0, 0x14, 0x7E, 0x68, 0xA3, 0xBF, 0xD9, 0xE8, 0x92, 0x19,
    0xD5, 0xD5, 0xB3, 0xEF, 0xBC, 0x2D, 0x22, 0x2D, 0x05, 0xA4, 0x44, 0x5E, 0xBB, 0xF6, 0x15, 0xFD,
    0xAB, 0x35, 0x5C, 0x58, 0x03, 0x36, 0x3D, 0x87, 0x0B, 0xA8, 0xBB, 0xB6, 0xFB, 0xBC, 0xEB, 0x6C,
    0x22, 0xBE, 0x0E, 0xF9, 0x03, 0x90, 0x5B, 0xFC, 0xC1, 0x9D, 0xDF, 0x2C, 0x93, 0xE7, 0xCB, 0xF8,
    0x6E, 0x21, 0x16, 0x9A, 0xCB, 0x62, 0x23, 0xB1, 0xED, 0x2E, 0x60, 0xF3, 0xE6, 0x00, 0x43, 0xE7,
    0xD0, 0xFF, 0xD0, 0x22, 0x88, 0x34, 0xD0, 0x8A, 0x2D, 0x3A, 0x5B, 0x0E, 0x9B, 0x83, 0x14, 0x6E,
    0x90, 0x86, 0x76, 0xDB, 0x09, 0x28, 0x13, 0x1E, 0x41, 0xBD, 0x8B, 0x96, 0xF2, 0xAC, 0xDE, 0x40,
    0x54, 0x41, 0x3A, 0xF4, 0xEE, 0xA4, 0xC3, 0x9E, 0x1B, 0xCA, 0xA2, 0x37, 0x2F, 0xE4, 0x51, 0x36,
    0x9D, 0x0C, 0x06, 0x03, 0x09, 0x85, 0x0D, 0x74, 0x90, 0x60, 0x88, 0x69, 0x43, 0x43, 0xCA, 0x09,
    0xC7, 0x14, 0x24, 0xE5, 0x0E, 0xDA, 0x94, 0x28, 0x6B, 0xB1, 0x22, 0xBF, 0xA3, 0xC5, 0xF1, 0x21,
    0x04, 0x5E, 0x7E, 0x2E, 0xAF, 0x94, 0xCD, 0xAB, 0x97, 0x9F, 0x13, 0x40, 0xE1, 0x39, 0x28, 0xB0,
    0x5B, 0x9B, 0xF5, 0x2F, 0x56, 0xAF, 0xE4, 0xE9, 0x24, 0x75, 0x14, 0x6A, 0x37, 0xD6, 0x8C, 0x11,
    0x1C, 0x8A, 0xC0, 0x86, 0x36, 0x32, 0x5E, 0x53, 0x0B, 0x0C, 0x45, 0xA3, 0x6B, 0x82, 0x14, 0xE1,
    0x31, 0xD4, 0xDC, 0xB4, 0x23, 0x9B, 0x04, 0x2E, 0x01, 0xB9, 0x6C, 0xD8, 0xF1, 0x95, 0x83, 0x9C,
    0xE2, 0x02, 0xE1, 0xFA, 0xEE, 0x8F, 0xEE, 0xD7, 0x2E, 0x78, 0x84, 0x64, 0x85, 0xED, 0x43, 0x64,
    0x0A, 0x37, 0x15, 0x68, 0x20, 0xBA, 0x4C, 0x08, 0x42, 0x07, 0x69, 0xD0, 0x03, 0xEE, 0x8D, 0x51,
    0xD7, 0x2B, 0xFD, 0x9D, 0xC8, 0x82, 0xCC, 0x89, 0x05, 0xF0, 0x8A, 0x41, 0x58, 0x9C, 0x0B, 0x8A,
    0x24, 0x2C, 0xE2, 0xB9, 0x79, 0xE6, 0x98, 0x7B, 0x35, 0x46, 0x1A, 0x7F, 0xD5, 0xF8, 0x52, 0x47,
    0x1F, 0x6B, 0xF1, 0x67, 0xAD, 0x84, 0xEE, 0x08, 0x3D, 0xAA, 0xCB, 0xDF, 0xEF, 0x39, 0x08, 0x4D,
    0x56, 0xB5, 0x69, 0x8F, 0xF5, 0x06, 0x68, 0x38, 0x7A, 0xC7, 0xE8, 0x5D, 0xD1, 0x5E, 0x61, 0x68,
    0xCF, 0xD1, 0xF2, 0xC8, 0xC6, 0x73, 0x88, 0x23, 0x04, 0x0B, 0xC8, 0x3D, 0xDB, 0x0E, 0x0B, 0xAE,
    0xD9, 0x5A, 0x60, 0xF4, 0x8E, 0xDD, 0x0A, 0x0B, 0xEF, 0x57, 0xE0, 0x7A, 0x27, 0xBE, 0xEC, 0xD6,
    0x76, 0x9D, 0x06, 0x48, 0xBD, 0x32, 0x38, 0x01, 0x32, 0xA0, 0xA4, 0x45, 0x8D, 0x81, 0xCD, 0xF0,
    0xD2, 0xE6, 0x6E, 0x64, 0xC9, 0xEA, 0x25, 0x23, 0x58, 0x2E, 0xAF, 0x98, 0x64, 0xA9, 0xCA, 0xDB,
    0x6C, 0x9F, 0x59, 0xF8, 0x35, 0xF1, 0x5C, 0x27, 0x3E, 0x6E, 0x74, 0xC4, 0xF5, 0xA5, 0x93, 0xC7,
    0x0E, 0x7F, 0x2A, 0xCE, 0x87, 0xCD, 0xAE, 0x39, 0x58, 0x0D, 0x3E, 0xF4, 0x68, 0x9E, 0xB3, 0xA1,
    0x17, 0x56, 0x59, 0x81, 0xF7, 0x68, 0x17, 0xA2, 0xC2, 0xAE, 0xC6, 0x21, 0x10, 0x33, 0x83, 0x0C,
    0x42, 0xAC, 0x11, 0xF8, 0xC9, 0x51, 0xAD, 0xD7, 0xC7, 0x58, 0x5E, 0xA7, 0xF2, 0x00, 0x3E, 0x42,
    0xF4, 0x11, 0x7D, 0x9A, 0x68, 0xB8, 0x9E, 0xBB, 0xB6, 0x80, 0x73, 0x80, 0xAC, 0xB6, 0x0F, 0x87,
    0xBE, 0x5C, 0x7A, 0x38, 0x08, 0x5D, 0x64, 0x03, 0x56, 0x68, 0x64, 0xE9, 0x4C, 0xFF, 0x07, 0x46,
    0x64, 0x6E, 0x85, 0x09, 0x4A, 0x3A, 0x35, 0xEC, 0xA8, 0x6F, 0x3B, 0xC9, 0xD6, 0x8D, 0xB5, 0xE1,
    0xA4, 0xB5, 0x36, 0xBC, 0xBE, 0xBC, 0x93, 0x41, 0xEB, 0x42, 0x67, 0x3B, 0x3F, 0x68, 0xC9, 0x7F,
    0x95, 0x4C, 0x0E, 0x3B, 0x63, 0x8F, 0x5F, 0x60, 0x8E, 0x66, 0xF0, 0x99, 0xFA, 0x0E, 0xE1, 0xBF,
    0x99, 0x11, 0x13, 0xBD, 0x69, 0xE5, 0xA5, 0x42, 0xFD, 0xA3, 0x8C, 0xEB, 0xB2, 0x8B, 0x8C, 0xB5,
    0x3A, 0x45, 0x92, 0x1F, 0x61, 0xFF, 0x1A, 0x52, 0x61, 0xC8, 0x59, 0x8C, 0xFC, 0x18, 0xB7, 0xAE,
    0xE8, 0x34, 0xB2, 0x4B, 0xDE, 0xBF, 0x66, 0x38, 0x82, 0xDC, 0x88, 0xAF, 0xF8, 0xF5, 0x59, 0x17,
    0x9D, 0xA4, 0x09, 0xF6, 0x92, 0xF9, 0xCA, 0x41, 0x4E, 0x71, 0x81, 0xD7, 0x33, 0x6F, 0x36, 0xC2,
    0xA5, 0x28, 0x53, 0xA4, 0x0D, 0x97, 0xFE, 0x95, 0x7A, 0xE6, 0x9A, 0x0B, 0xF2, 0x1A, 0xFB, 0x63,
    0x56, 0xAB, 0x67, 0xA6, 0x2B, 0x5F, 0xE0, 0xD6, 0xE5, 0xD5, 0x2B, 0x99, 0x53, 0x5C, 0x90, 0xD7,
    0xFB, 0x63, 0xEE, 0x24, 0x65, 0x34, 0xE6, 0xD6, 0xE5, 0xA5, 0x9C, 0x3E, 0xC9, 0x06, 0xB1, 0x48,
    0x82, 0x57, 0xBB, 0xE8, 0x2A, 0x8A, 0x5F, 0x55, 0x5C, 0xD0, 0x7C, 0x6E, 0xC5, 0x19, 0xCA, 0xBC,
    0x2E, 0x6F, 0x8D, 0xCB, 0xB3, 0x83, 0x9E, 0xCF, 0x5C, 0xBE, 0x50, 0x9E, 0xC4, 0x53, 0x89, 0x44,
    0xA1, 0x7F, 0x8F, 0x49, 0x41, 0x1A, 0xB9, 0x54, 0x9A, 0xB4, 0x87, 0xF4, 0x00, 0xEF, 0x95, 0xB8,
    0x5D, 0x20, 0x2F, 0x71, 0x30, 0x83, 0x1F, 0x51, 0x8C, 0x9B, 0x4D, 0x43, 0x77, 0x62, 0xE3, 0x59,
    0xFA, 0xE7, 0xDF, 0xF3, 0xC5, 0x21, 0x94, 0xBD, 0x87, 0xD8, 0xE6, 0x18, 0xD9, 0xBB, 0xFA, 0xA2,
    0xFD, 0xC0, 0xDE, 0xB6, 0xEF, 0xDB, 0x07, 0xF6, 0xBD, 0xFF, 0x7E, 0x6E, 0xD3, 0xFB, 0x1F, 0xD9,
    0xF4, 0x03, 0xDE, 0x17, 0x5F, 0xB4, 0xE9, 0x88, 0x61, 0x63, 0x9F, 0x1E, 0x20, 0x63, 0x23, 0xE6,
    0xC8, 0x6E, 0x9B, 0xEC, 0xFD, 0x22, 0x4B, 0xCB, 0x2C, 0x9D, 0x66, 0xE9, 0x56, 0x96, 0xAA, 0x2C,
    0x95, 0x55, 0x1A, 0x55, 0x29, 0xAA, 0x93, 0x38, 0x24, 0x74, 0x3C, 0x41, 0x2B, 0x81, 0x6A, 0xB8,
    0x75, 0x12, 0x87, 0xD3, 0x5C, 0x34, 0x39, 0x6D, 0x92, 0x98, 0xC5, 0xDA, 0xA7, 0x75, 0xE7, 0x61,
    0xA8, 0xC9, 0x5E, 0xCF, 0x8F, 0xCB, 0x78, 0xFE, 0x5C, 0x8F, 0xEA, 0xAA, 0xE8, 0x27, 0x4E, 0x21,
    0xAF, 0xD8, 0xA6, 0x4F, 0x50, 0xC5, 0xAC, 0xD1, 0xFD, 0x6E, 0xE3, 0xBE, 0xF4, 0xE3, 0x1E, 0x88,
    0xF7, 0x6C, 0xD7, 0x23, 0x8F, 0xAF, 0xEB, 0x15, 0x10, 0x87, 0xEE, 0x3C, 0x21, 0x28, 0x70, 0xF1,
    0x9E, 0x6F, 0xB4, 0xDD, 0xBA, 0x5C, 0xDF, 0xDF, 0x21, 0x56, 0x3D, 0x85, 0x1F, 0xCD, 0xD4, 0x99,
    0x54, 0xCE, 0xD8, 0x9B, 0xEC, 0x81, 0x05, 0x41, 0x36, 0x49, 0xBC, 0xEF, 0xD3, 0x36, 0x68, 0x7C,
    0xC9, 0x7A, 0x66, 0x55, 0x47, 0x1F, 0x99, 0xE0, 0x33, 0x8D, 0xAF, 0x9B, 0x6A, 0x7F, 0x03, 0xD3,
    0xC8, 0x31, 0x14, 0x91, 0x0F, 0x92, 0x28, 0xDB, 0xE8, 0xCA, 0xAC, 0x8B, 0xB6, 0x1A, 0xD2, 0xBF,
    0x16, 0x37, 0xAB, 0x8D, 0xCE, 0x14, 0xF2, 0xEA, 0x46, 0x0A, 0x31, 0x6B, 0x95, 0x88, 0xEE, 0x28,
    0x87, 0xB0, 0x92, 0xEC, 0xDE, 0x52, 0x58, 0x36, 0xE3, 0xD4, 0xAB, 0x7D, 0xB3, 0x60, 0xBF, 0xA0,
    0x6E, 0x3A, 0xE8, 0x10, 0xC1, 0x77, 0x88, 0x3E, 0xB6, 0xEA, 0x52, 0xD1, 0xF6, 0xA0, 0x3A, 0x9B,
    0xF9, 0xA0, 0x55, 0x2A, 0x70, 0x82, 0x9F, 0xFE, 0x44, 0xFB, 0x65, 0x07, 0x4D, 0x45, 0x0E, 0x1F,
    0xF2, 0xA8, 0x76, 0xEB, 0x7F, 0x29, 0x20, 0xCC, 0x0A, 0xA0, 0xA6, 0x2B, 0x74, 0x5A, 0x0E, 0xF4,
    0xC6, 0x3B, 0x5C, 0x00, 0xC2, 0xC7, 0x6B, 0xF4, 0xFB, 0x71, 0x9A, 0x72, 0x66, 0x9D, 0xF1, 0x98,
    0x34, 0xC7, 0xC8, 0x05, 0x42, 0x7D, 0x8B, 0x47, 0x8A, 0xD0, 0x91, 0x09, 0x6D, 0x60, 0x79, 0x32,
    0x38, 0x0F, 0x24, 0xCF, 0x9E, 0x1E, 0x2C, 0x3F, 0xA7, 0x91, 0x5E, 0x27, 0x74, 0x48, 0xB7, 0x76,
    0xBD, 0x33, 0x1C, 0x10, 0x44, 0xEB, 0xC5, 0xF8, 0x32, 0x26, 0x1D, 0xC2, 0x4E, 0x7F, 0x8E, 0xDF,
    0x4A, 0x8F, 0x51, 0x71, 0xAD, 0x13, 0xD6, 0xB9, 0xD2, 0xDB, 0xB9, 0x8E, 0x3F, 0xD3, 0xA5, 0xB7,
    0xCE, 0xF3, 0xFD, 0x23, 0x2C, 0xEE, 0xE1, 0x88, 0x21, 0x10, 0xBA, 0x14, 0x86, 0x4F, 0xCA, 0x1C,
    0x79, 0x70, 0xE4, 0x91, 0x90, 0x78, 0x98, 0x44, 0xE6, 0xD4, 0x4B, 0xCA, 0x04, 0xCF, 0x90, 0xE9,
    0x0E, 0xED, 0x92, 0xC5, 0xF7, 0xC4, 0x70, 0x8F, 0xE4, 0x43, 0x72, 0xE8, 0x9F, 0x0D, 0xAA, 0xFB,
    0x71, 0x6E, 0x8F, 0x97, 0xDB, 0x23, 0x3B, 0xAA, 0xED, 0xD6, 0x58, 0x27, 0x81, 0xC7, 0x5E, 0x22,
    0x30, 0x33, 0xF5, 0x76, 0x8B, 0xA7, 0xDC, 0xB5, 0x9D, 0x16, 0xCE, 0xD2, 0x53, 0xB4, 0xD1, 0xBF,
    0xFE, 0xDC, 0x88, 0x63, 0xDA, 0xEC, 0xE9, 0x41, 0xB5, 0x38, 0xAC, 0x5A, 0xA5, 0x7A, 0x48, 0x0D,
    0x40, 0x9C, 0x5C, 0xCD, 0xB1, 0x06, 0x34, 0xA7, 0xF1, 0xA3, 0xD4, 0x63, 0xB0, 0x4F, 0xDD, 0x27,
    0x2C, 0xB2, 0xDA, 0xEE, 0x3B, 0xFC, 0xC8, 0xE4, 0x1B, 0x7C, 0x5F, 0xA0, 0x2C, 0x9B, 0xA3, 0x34,
    0xA6, 0xF0, 0xF0, 0x7A, 0xE0, 0x0E, 0xB1, 0xB8, 0x3B, 0x47, 0xD5, 0x65, 0x88, 0x36, 0xA2, 0x27,
    0xDE, 0xF7, 0x1F, 0x33, 0x89, 0x81, 0x52, 0xCD, 0x59, 0xE3, 0x7D, 0x09, 0x0B, 0x3E, 0x1B, 0x77,
    0x7C, 0x00, 0x9F, 0x12, 0xF6, 0x53, 0xDB, 0x9E, 0x16, 0x8D, 0x93, 0xF8, 0xFF, 0xCF, 0x2E, 0x4C,
    0xB5, 0x8A, 0xC9, 0x92, 0x24, 0x93, 0xFE, 0x2E, 0x92, 0x5F, 0xFA, 0xA3, 0x9C, 0x32, 0x62, 0xFC,
    0x8E, 0xBF, 0x43, 0x73, 0x2F, 0xB3, 0xF1, 0x51, 0xDB, 0x1B, 0xBA, 0x8B, 0x13, 0xE2, 0xAF, 0x92,
    0x3D, 0x6B, 0x71, 0x16, 0xDF, 0xC8, 0xE3, 0x4F, 0x27, 0xFE, 0x4B, 0xA6, 0x23, 0xD9, 0x43, 0x6C,
    0x1E, 0xC8, 0x0E, 0x7B, 0xC6, 0xFF, 0x16, 0x05, 0x25, 0x26, 0x8A, 0x4E, 0xC4, 0x9C, 0xEF, 0xBF,
    0x68, 0x36, 0x2E, 0xBE, 0xA5, 0x5B, 0x2F, 0x7C, 0x02, 0x75, 0xFD, 0x3F, 0x90, 0x37, 0xBF, 0x81,
    0x28, 0x0E, 0x98, 0xA5, 0x19, 0x58, 0x67, 0x6D, 0x56, 0x6F, 0xE2, 0xB7, 0x84, 0xA5, 0x7F, 0x12,
    0x66, 0x3C, 0x56, 0x49, 0xED, 0x35, 0x0B, 0xAF, 0xB9, 0xD5, 0x68, 0x16, 0x57, 0xBD, 0x66, 0xAE,
    0xA1, 0x66, 0xFE, 0x0C, 0xFD, 0x86, 0x67, 0x1F, 0x8B, 0xF7, 0xA7, 0xF1, 0x01, 0xCA, 0xB0, 0x10,
    0xC6, 0xE7, 0xF4, 0xF0, 0x72, 0x7D, 0x1C, 0x16, 0xD2, 0xA8, 0x55, 0x89, 0xB0, 0x0F, 0x71, 0xF5,
    0xB4, 0x60, 0x94, 0x16, 0x3C, 0x98, 0x77, 0xDC, 0xE3, 0xD7, 0x16, 0x55, 0x2D, 0x9B, 0x23, 0xD2,
    0x11, 0xB3, 0x1A, 0x15, 0xD1, 0xAA, 0x59, 0x14, 0xB6, 0xFD, 0xF1, 0x4B, 0xE4, 0xBA, 0x64, 0x5E,
    0xFF, 0xD2, 0xA4, 0xBB, 0xC0, 0x2F, 0xF0, 0x7F, 0x95, 0x56, 0x3D, 0x8C, 0x1B, 0x45, 0x14, 0xFE,
    0x76, 0x37, 0x64, 0x24, 0x96, 0xDB, 0x49, 0x41, 0x20, 0x45, 0xEC, 0x6D, 0x28, 0x28, 0xEC, 0xF3,
    0x15, 0x2E, 0x36, 0xC7, 0xFA, 0x3C, 0xA2, 0xA0, 0x03, 0x4E, 0x22, 0x57, 0xA5, 0x48, 0x44, 0x45,
    0x81, 0x94, 0x8B, 0x64, 0x09, 0x17, 0x26, 0x1E, 0xE9, 0x84, 0x22, 0x21, 0x24, 0x2E, 0xA2, 0xA0,
    0xA0, 0x00, 0x21, 0xAA, 0x80, 0xF0, 0x12, 0xED, 0x11, 0x23, 0x5D, 0xE2, 0x11, 0x4D, 0x84, 0x28,
    0x58, 0x29, 0x82, 0x14, 0x01, 0x69, 0xE1, 0x14, 0x8A, 0x8B, 0x10, 0x4B, 0xF0, 0x29, 0x0E, 0x9C,
    0xBD, 0xBC, 0x59, 0xEF, 0xFD, 0x40, 0x8E, 0x3B, 0xDF, 0xEC, 0xD3, 0x6A, 0x66, 0xDE, 0xF7, 0x66,
    0xE6, 0xBD, 0xF9, 0x66, 0xE6, 0x35, 0xBA, 0x40, 0x23, 0x2B, 0xCD, 0x26, 0x96, 0x81, 0x4F, 0x60,
    0x8F, 0x30, 0xFD, 0x81, 0xF4, 0x2F, 0xC3, 0x5B, 0xD6, 0x42, 0x95, 0xF2, 0xFB, 0x92, 0xA7, 0x30,
    0xFA, 0x20, 0x80, 0x31, 0x02, 0xBB, 0xA7, 0xB8, 0x11, 0x71, 0x80, 0xA4, 0x3E, 0x84, 0x7B, 0x1A,
    0xE3, 0xBA, 0x83, 0xE5, 0xE9, 0x2B, 0x51, 0x3D, 0x95, 0x00, 0xAE, 0x0D, 0x83, 0xF6, 0x99, 0xD8,
    0x33, 0xA2, 0x00, 0xC1, 0x47, 0x58, 0x24, 0x59, 0x44, 0xEC, 0x99, 0x51, 0xAF, 0x93, 0xBC, 0x3A,
    0x3C, 0x17, 0x5A, 0xCA, 0xB7, 0x45, 0x99, 0x83, 0x97, 0x61, 0xB7, 0x60, 0xF5, 0x51, 0x4F, 0xF1,
    0xD4, 0x46, 0xF6, 0xBF, 0x0B, 0x23, 0xD6, 0x92, 0xAD, 0x09, 0xF9, 0xE2, 0xD8, 0x00, 0xFC, 0x73,
    0x14, 0x1E, 0xA7, 0x39, 0x60, 0x47, 0x28, 0xAD, 0xA2, 0x6A, 0xC3, 0xB7, 0x24, 0x5F, 0x12, 0xC6,
    0x10, 0x98, 0xC6, 0x11, 0x8E, 0x62, 0x11, 0xF6, 0x26, 0x20, 0xC8, 0x26, 0x88, 0x91, 0x15, 0x23,
    0x8D, 0x60, 0x7F, 0x3F, 0x40, 0x91, 0x3E, 0xAF, 0x7D, 0x49, 0x5C, 0xF8, 0x75, 0x4D, 0x5E, 0x55,
    0xAF, 0xA8, 0xAB, 0xCA, 0x52, 0x17, 0x7E, 0x5E, 0x93, 0x5E, 0xEF, 0x92, 0x28, 0x93, 0xA9, 0x7D,
    0x79, 0x95, 0xB0, 0x64, 0x74, 0x84, 0x1C, 0x89, 0xBD, 0x06, 0x9A, 0x95, 0x41, 0xC3, 0x6B, 0x74,
    0x2B, 0x5D, 0x63, 0x4D, 0x59, 0xDF, 0x0A, 0x3E, 0x8D, 0x5A, 0x13, 0x7E, 0x53, 0xAF, 0x97, 0x9A,
    0xD4, 0x49, 0x9E, 0xA7, 0xC7, 0xCF, 0x92, 0xD7, 0x64, 0x01, 0x73, 0x04, 0xFE, 0xA9, 0x2A, 0x6D,
    0x06, 0x33, 0x3F, 0xCD, 0xCC, 0x6C, 0x56, 0x67, 0x7E, 0x9C, 0xF1, 0xDE, 0x0A, 0xF8, 0x0B, 0x91,
    0x95, 0x0A, 0x1C, 0x23, 0x7D, 0x5B, 0x1D, 0xA7, 0x55, 0xD5, 0xE5, 0x97, 0x51, 0x14, 0xFF, 0x11,
    0xD5, 0x25, 0xD9, 0x44, 0x30, 0x22, 0xB4, 0x53, 0x79, 0xFC, 0xAE, 0xAE, 0x6B, 0x41, 0xD6, 0x5C,
    0x00, 0x8F, 0xBC, 0x10, 0x55, 0x24, 0x4C, 0x16, 0x51, 0x1F, 0xD8, 0x71, 0xAD, 0x81, 0x86, 0x15,
    0xA3, 0x79, 0xAA, 0xE9, 0xC6, 0xF0, 0x17, 0x13, 0x8E, 0x47, 0x65, 0xD8, 0x16, 0x0F, 0x6E, 0xAB,
    0x04, 0x18, 0x0B, 0x4B, 0xA5, 0xFB, 0x40, 0xD6, 0xD7, 0x76, 0x84, 0xAF, 0x49, 0xE3, 0x3D, 0x09,
    0x6B, 0x97, 0x74, 0x1B, 0x98, 0x29, 0xB4, 0x5C, 0xF1, 0x9C, 0x60, 0xDB, 0x1F, 0xCD, 0xD6, 0xAA,
    0x16, 0x16, 0xA7, 0x1A, 0x85, 0x5A, 0xCB, 0x8E, 0xFD, 0x86, 0xF6, 0x97, 0xBD, 0x0B, 0xF3, 0x96,
    0x22, 0xA1, 0x0A, 0x35, 0x29, 0x08, 0xD3, 0x38, 0x89, 0x8B, 0xB4, 0x44, 0x07, 0x31, 0x1C, 0x43,
    0xC1, 0xB1, 0x04, 0x1C, 0xE7, 0x28, 0x9C, 0x12, 0x91, 0x60, 0xB1, 0x0E, 0xC4, 0x6F, 0xC0, 0x54,
    0xB7, 0xC0, 0x90, 0xAA, 0x29, 0x30, 0xB1, 0x37, 0xDE, 0x55, 0x4E, 0xE9, 0x54, 0x84, 0x45, 0xF2,
    0x3D, 0x36, 0xA5, 0xA9, 0x6C, 0xC2, 0x4F, 0xCF, 0x4F, 0xA1, 0x9E, 0xED, 0x9D, 0xAB, 0x2C, 0x71,
    0x2A, 0x72, 0x28, 0x4A, 0x25, 0xD8, 0xAA, 0x4A, 0x84, 0x88, 0x31, 0xFB, 0x8B, 0x92, 0xEE, 0x25,
    0x2B, 0x82, 0xC3, 0x88, 0x02, 0x53, 0x64, 0x5B, 0x8A, 0x10, 0xD5, 0xFB, 0xA6, 0xA4, 0x81, 0x89,
    0x33, 0x49, 0xB6, 0xE7, 0xF3, 0x34, 0x3F, 0xCC, 0x08, 0x5C, 0xA2, 0x06, 0x78, 0x80, 0xCF, 0x51,
    0xB9, 0x01, 0xBB, 0x9F, 0x69, 0x09, 0x53, 0xCD, 0x2A, 0x2D, 0x60, 0x04, 0xFC, 0x0E, 0xF3, 0x8E,
    0xB0, 0x6E, 0x4A, 0x6B, 0x49, 0xD9, 0xCF, 0x47, 0xFC, 0x4A, 0xE2, 0xA6, 0x49, 0x19, 0xA1, 0xAF,
    0xDD, 0xF4, 0x35, 0x8C, 0xF8, 0x56, 0x9A, 0x18, 0xFF, 0x24, 0x70, 0x03, 0xE6, 0x4D, 0x31, 0x29,
    0x7E, 0x4D, 0x98, 0x1F, 0x22, 0x2F, 0x93, 0xAD, 0x87, 0x54, 0x87, 0xC2, 0xE3, 0x3A, 0x70, 0x07,
    0xB8, 0x9D, 0x55, 0x26, 0x31, 0xE1, 0xE9, 0x08, 0xE5, 0x8D, 0x05, 0xF8, 0x14, 0xA8, 0x50, 0xB3,
    0x29, 0x81, 0x19, 0xA7, 0x43, 0x4B, 0x6D, 0x9C, 0x66, 0x44, 0x30, 0x9E, 0x26, 0x70, 0x17, 0x12,
    0x8A, 0xEC, 0xC6, 0x42, 0x13, 0x84, 0xED, 0x49, 0xB6, 0x4E, 0x04, 0x6C, 0x95, 0x51, 0xA2, 0xF9,
    0xB6, 0x85, 0x9A, 0xD4, 0x49, 0x2A, 0x02, 0xE0, 0x09, 0x62, 0x24, 0x50, 0xD1, 0xCB, 0xB1, 0xA1,
    0xA9, 0x47, 0xA5, 0x97, 0xE2, 0xAB, 0x05, 0x04, 0xD0, 0x12, 0x52, 0x73, 0x84, 0x95, 0xD3, 0x79,
    0x93, 0x84, 0x54, 0x04, 0xD0, 0x25, 0x00, 0x11, 0x66, 0x42, 0xBC, 0x21, 0xC0, 0x12, 0x14, 0xBC,
    0x43, 0x8C, 0x5F, 0xF6, 0xB3, 0x03, 0x3C, 0x21, 0x3E, 0xF0, 0x50, 0xDA, 0x55, 0x50, 0xAA, 0x22,
    0xD8, 0x55, 0x8E, 0x12, 0x6B, 0xAB, 0xB1, 0x76, 0x72, 0xEF, 0x8F, 0xEE, 0xB2, 0xE4, 0x18, 0xFE,
    0x5F, 0xEF, 0xA6, 0xC2, 0x3D, 0x13, 0x17, 0xD1, 0x2D, 0xC2, 0x2F, 0xA2, 0x9C, 0x0E, 0x0A, 0xE7,
    0xE7, 0x0B, 0x54, 0xC9, 0x9A, 0x5D, 0x52, 0x11, 0xC0, 0xFC, 0x01, 0xD6, 0x9B, 0x39, 0x05, 0x56,
    0x11, 0x5E, 0x47, 0xD8, 0x43, 0x78, 0x4D, 0x86, 0x57, 0xA3, 0x30, 0x48, 0xC2, 0xA0, 0x19, 0x06,
    0xB5, 0x30, 0xE0, 0x61, 0x60, 0xF7, 0x03, 0xAB, 0x1F, 0x20, 0x23, 0x7D, 0x63, 0x8B, 0xC3, 0xF9,
    0x66, 0xF9, 0x65, 0xED, 0xB7, 0x43, 0x9B, 0x9D, 0x89, 0x43, 0x4D, 0xEA, 0xCC, 0x37, 0x6B, 0xBC,
    0x49, 0x53, 0x13, 0xE3, 0x4F, 0xD0, 0xBD, 0x05, 0xAC, 0xA9, 0x49, 0xF1, 0x2B, 0x0A, 0x77, 0x44,
    0xEE, 0xC0, 0x64, 0xEB, 0x31, 0xC6, 0x83, 0x4F, 0x86, 0x3F, 0x66, 0xD2, 0x79, 0x17, 0x6E, 0x0D,
    0xAC, 0x0F, 0x8B, 0xF8, 0xBA, 0x8A, 0x9A, 0x8B, 0x2A, 0x1B, 0xDB, 0x1F, 0x41, 0xEF, 0x33, 0xB6,
    0x3E, 0xE0, 0xD8, 0x2C, 0x9B, 0xBF, 0xF9, 0xCC, 0xF1, 0x1D, 0xEE, 0xFB, 0xDC, 0x0F, 0x9C, 0xE9,
    0xA8, 0xCC, 0x95, 0xCF, 0xD7, 0x13, 0xA7, 0x97, 0x9F, 0x2F, 0x53, 0xE9, 0x6B, 0x24, 0x23, 0x60,
    0xB2, 0xA7, 0x84, 0x48, 0x5A, 0x66, 0x5C, 0xE9, 0x28, 0x36, 0xCA, 0x0C, 0x88, 0xF4, 0x8B, 0x13,
    0xE3, 0xE7, 0x61, 0x0C, 0xC0, 0x5E, 0x3A, 0xC4, 0xF8, 0xF6, 0xCB, 0x30, 0x70, 0x98, 0xF5, 0x6C,
    0x5D, 0x5C, 0x2D, 0x7D, 0x36, 0xFB, 0xDC, 0x88, 0xD9, 0x92, 0x7E, 0xC9, 0x90, 0x6A, 0xDE, 0xE8,
    0xD5, 0x7A, 0x3B, 0xB2, 0x43, 0xFB, 0x01, 0x56, 0xCE, 0x23, 0x60, 0x82, 0x24, 0x74, 0xD1, 0x1B,
    0x62, 0x45, 0xE4, 0x5A, 0xBA, 0x3F, 0xE7, 0x88, 0x6D, 0x1C, 0x01, 0x49, 0x19, 0x5F, 0x0C, 0x10,
    0x8C, 0x91, 0x96, 0x0C, 0x98, 0xA4, 0x3A, 0xF5, 0x20, 0x3B, 0xDD, 0xE3, 0x03, 0x4B, 0x2F, 0x76,
    0xA5, 0x83, 0x13, 0xC4, 0x25, 0x57, 0x10, 0x6F, 0xE9, 0xB9, 0x6F, 0x72, 0x31, 0xD7, 0x13, 0xEE,
    0x6D, 0x91, 0x73, 0x32, 0x3E, 0x08, 0xB6, 0x9C, 0xED, 0x60, 0xE9, 0x00, 0x18, 0x7B, 0x07, 0x53,
    0xDD, 0x9C, 0x20, 0xFB, 0x4F, 0x4A, 0xAF, 0xD7, 0xF8, 0xB4, 0xEF, 0x0F, 0x33, 0x13, 0xB0, 0xD7,
    0xC0, 0x9E, 0xD5, 0x69, 0x09, 0x65, 0x13, 0xFB, 0x4D, 0x3D, 0x68, 0x8B, 0x4A, 0xE7, 0x5E, 0x7C,
    0xC2, 0x96, 0x01, 0x6C, 0xD1, 0xE0, 0x69, 0xDA, 0x9F, 0x3B, 0xB3, 0x30, 0xDF, 0xB4, 0xC5, 0xFC,
    0x5C, 0x6F, 0x3D, 0x71, 0xE3, 0x9E, 0x34, 0x29, 0x73, 0xE9, 0xE8, 0x54, 0x65, 0x3B, 0xDE, 0x54,
    0x77, 0x3B, 0xC2, 0x7C, 0x08, 0x9C, 0xCB, 0xF6, 0x68, 0x1C, 0x37, 0x95, 0x27, 0x01, 0x84, 0x77,
    0xC7, 0x78, 0x4B, 0xD5, 0x53, 0x55, 0x5B, 0x10, 0xBE, 0x01, 0x8D, 0x1F, 0x66, 0x1E, 0x7A, 0xD9,
    0x66, 0xEC, 0x0F, 0x9B, 0xD7, 0x5A, 0xBB, 0x70, 0xF0, 0x68, 0xBC, 0x98, 0xC7, 0x6D, 0x3F, 0x58,
    0xC9, 0x01, 0xDF, 0x2A, 0x94, 0x7F, 0xD0, 0x8B, 0x90, 0x97, 0xC7, 0x50, 0x91, 0x8D, 0x58, 0x67,
    0x7E, 0xFF, 0xFD, 0xC6, 0x4F, 0xC7, 0xDE, 0x1A, 0xB0, 0xB7, 0x33, 0xF2, 0xAF, 0x6A, 0xB5, 0xFD,
    0xB7, 0xA8, 0x9C, 0x95, 0xBE, 0xA5, 0xBC, 0x4C, 0xB2, 0xC8, 0xE8, 0x80, 0xF3, 0x67, 0x0A, 0xD9,
    0x00, 0xF7, 0xFB, 0xA3, 0xEB, 0x7D, 0x27, 0xE1, 0x3B, 0xDF, 0xBF, 0x42, 0xF5, 0x90, 0x42, 0x2B,
    0xB4, 0xB5, 0x49, 0x12, 0xD1, 0x9F, 0xEA, 0x79, 0x68, 0x77, 0x9D, 0xC8, 0xFD, 0x60, 0x59, 0xA8,
    0xD8, 0x8B, 0x07, 0xC0, 0xAC, 0x6F, 0xC0, 0x5A, 0x5B, 0xA1, 0xDA, 0x77, 0x52, 0xDB, 0x39, 0x18,
    0x46, 0x89, 0x1F, 0xA5, 0xB7, 0xC4, 0xAC, 0x76, 0x2A, 0x28, 0xDF, 0xD3, 0x37, 0xDC, 0xB8, 0x67,
    0x6C, 0xF8, 0x97, 0xE2, 0x1D, 0xE9, 0x73, 0xE5, 0xCD, 0x2A, 0xEF, 0xE3, 0x68, 0xF6, 0x6B, 0x55,
    0xB7, 0x54, 0xA5, 0x23, 0x66, 0xC7, 0x4E, 0x51, 0xD0, 0x28, 0x7B, 0xC2, 0xEE, 0x90, 0x84, 0xEE,
    0xC5, 0x9E, 0xFB, 0x9D, 0xCE, 0x6D, 0xF4, 0xC9, 0x7B, 0x54, 0x63, 0x50, 0x5A, 0x77, 0xB2, 0xBA,
    0xB7, 0x4D, 0x29, 0x7B, 0x2C, 0xF7, 0x1C, 0x6D, 0x9B, 0x6A, 0x0D, 0xDA, 0x18, 0x26, 0x4B, 0x36,
    0x1C, 0xDA, 0xC1, 0x02, 0xD8, 0xEB, 0xB0, 0xBA, 0xFA, 0x90, 0x50, 0xBE, 0x45, 0x0B, 0x7F, 0x5A,
    0xE9, 0x97, 0x7D, 0x3B, 0xF5, 0xBC, 0x3F, 0xC0, 0xE8, 0x06, 0xE8, 0x8A, 0x4D, 0x98, 0xA0, 0x14,
    0x96, 0xFE, 0x54, 0xA7, 0x9E, 0x3F, 0x07, 0x3B, 0x18, 0xED, 0x45, 0x21, 0x3F, 0x8A, 0x93, 0x0C,
    0xFE, 0x0F, 0xA5, 0x58, 0xCF, 0x6F, 0x13, 0x47, 0x14, 0xFE, 0x76, 0x27, 0xE9, 0xA2, 0xAE, 0xF0,
    0x72, 0x08, 0x2A, 0x07, 0x9C, 0xED, 0x81, 0xA3, 0x1D, 0xF7, 0x90, 0xAA, 0x96, 0xBA, 0x89, 0x47,
    0xED, 0xB9, 0x28, 0x07, 0xAC, 0x1E, 0x2A, 0x54, 0xFE, 0x00, 0xA0, 0x39, 0x44, 0xAA, 0x0F, 0x29,
    0x6C, 0xC5, 0xA1, 0xB7, 0x96, 0x7F, 0xA0, 0x12, 0xD7, 0x42, 0x55, 0x2F, 0x68, 0x11, 0x09, 0x4A,
    0xF0, 0xDC, 0x38, 0xA0, 0x96, 0x55, 0x2F, 0x48, 0xAD, 0x5A, 0xAD, 0xFA, 0xE3, 0x42, 0x55, 0x31,
    0x25, 0x06, 0x82, 0x4A, 0xB2, 0x7D, 0x6F, 0x6C, 0xC7, 0x4E, 0xB2, 0x38, 0x8B, 0xBA, 0xF3, 0xEC,
    0xEC, 0xCE, 0xBC, 0xF9, 0xF6, 0xCD, 0x9B, 0xF7, 0xBE, 0x79, 0x0E, 0x00, 0x2B, 0x03, 0x9A, 0xE0,
    0x6B, 0x19, 0xD8, 0x06, 0x1E, 0xC1, 0xFE, 0x59, 0x8A, 0xBB, 0xA1, 0xB8, 0xA4, 0xDC, 0xF7, 0x12,
    0xEF, 0xAA, 0xF6, 0x33, 0x5D, 0x45, 0x1C, 0x20, 0x68, 0x21, 0x20, 0x2D, 0xF7, 0x05, 0xAC, 0x53,
    0xAC, 0xEE, 0x6C, 0xA2, 0xD6, 0xC6, 0x31, 0x17, 0xF0, 0xA5, 0x9F, 0xC9, 0xC0, 0x95, 0x2D, 0x4F,
    0xCE, 0x77, 0xA4, 0xFF, 0x40, 0xD2, 0xA8, 0x75, 0x57, 0x32, 0xDA, 0x91, 0xA2, 0xB0, 0xA5, 0xE3,
    0x10, 0x5D, 0x40, 0x8E, 0x85, 0x3D, 0x18, 0x6A, 0x0E, 0x88, 0x80, 0x55, 0x60, 0xFE, 0xA5, 0x38,
    0x8F, 0x24, 0x2A, 0xC0, 0x8C, 0xA4, 0x7E, 0x5E, 0x06, 0x29, 0x1C, 0x36, 0xCB, 0xEF, 0x84, 0xCE,
    0x43, 0xED, 0x61, 0xB9, 0x8A, 0x0A, 0x19, 0xB4, 0x23, 0xF4, 0x48, 0x9D, 0x34, 0x44, 0x0A, 0xAC,
    0x46, 0x5D, 0x8B, 0xFC, 0xD7, 0xDE, 0x84, 0xD7, 0x46, 0x20, 0xC2, 0x3A, 0xD0, 0x13, 0xBA, 0xF7,
    0xDB, 0xD2, 0x7E, 0x0E, 0x1C, 0x03, 0x2E, 0x02, 0xBF, 0xAB, 0xA2, 0xB0, 0x0B, 0x8C, 0xE6, 0x7C,
    0x70, 0x10, 0x2C, 0x78, 0x1A, 0x26, 0x5E, 0xC5, 0x5A, 0x8D, 0xDE, 0x35, 0x0E, 0xF6, 0x73, 0x89,
    0x5B, 0x12, 0xF3, 0x45, 0x61, 0x27, 0x27, 0x21, 0xBE, 0xED, 0x23, 0x8F, 0x81, 0x9D, 0x9A, 0x42,
    0x29, 0x82, 0xE8, 0xF9, 0x60, 0x13, 0xAB, 0x6D, 0x19, 0x09, 0x15, 0x21, 0x8D, 0xA0, 0x23, 0x44,
    0x46, 0x34, 0x3F, 0x0A, 0x45, 0x43, 0xA4, 0x00, 0xFB, 0x07, 0x23, 0xDF, 0x3B, 0x4F, 0x95, 0xDF,
    0x56, 0x81, 0x50, 0x75, 0x12, 0x9B, 0xBF, 0xE9, 0x9E, 0x7A, 0xB8, 0x3F, 0x93, 0xFE, 0x47, 0xE9,
    0x34, 0x56, 0xA6, 0x11, 0x4C, 0xA3, 0x9A, 0x6D, 0x96, 0x3F, 0x59, 0x28, 0xD3, 0x8D, 0x79, 0x5C,
    0xA1, 0x21, 0x52, 0xE0, 0xF7, 0x35, 0xBA, 0x10, 0x09, 0x6C, 0x35, 0x06, 0x8A, 0xB4, 0xBC, 0x2E,
    0x26, 0x17, 0x8C, 0x79, 0x19, 0x56, 0x9B, 0x1C, 0x37, 0x24, 0x31, 0x3D, 0x6E, 0xE3, 0xE6, 0xA9,
    0xFE, 0x23, 0x07, 0x53, 0x93, 0x15, 0x38, 0xE0, 0x07, 0x91, 0x4F, 0xAB, 0xF6, 0x7B, 0xAB, 0x16,
    0xAA, 0x91, 0xA9, 0xB9, 0xA6, 0x0C, 0x2C, 0xF0, 0xAA, 0xB7, 0x78, 0xF4, 0x70, 0x1D, 0xAE, 0xE6,
    0x48, 0x2E, 0x0A, 0x5B, 0x86, 0xD8, 0x64, 0xFD, 0xF1, 0xB0, 0x3D, 0x4F, 0x16, 0xB7, 0x76, 0x74,
    0xEB, 0x5F, 0x06, 0x5B, 0x08, 0xAA, 0x62, 0x22, 0xA0, 0x26, 0x29, 0xF0, 0xF2, 0xA0, 0x68, 0xBB,
    0x95, 0xDD, 0x53, 0xA3, 0x9C, 0xF2, 0xC2, 0x43, 0x53, 0xF0, 0x96, 0xD8, 0xFD, 0x05, 0x4D, 0xED,
    0x85, 0x93, 0xA5, 0x0F, 0x72, 0x6C, 0x3F, 0xA7, 0xC2, 0xFC, 0x28, 0x75, 0xB6, 0x03, 0xEB, 0x5C,
    0x15, 0x55, 0x8F, 0x6E, 0x1F, 0x76, 0x87, 0x39, 0x65, 0x52, 0x7B, 0x5C, 0x18, 0x08, 0x55, 0x6B,
    0x87, 0x8E, 0xF1, 0x30, 0x7E, 0x0C, 0xF9, 0x15, 0x13, 0xC5, 0xF0, 0x09, 0xF6, 0x74, 0x7F, 0xE3,
    0x8A, 0xE2, 0x8F, 0x49, 0xDE, 0x3C, 0xFC, 0x9D, 0x1D, 0x2C, 0x84, 0x5F, 0x10, 0xB3, 0x62, 0xB2,
    0x74, 0xD6, 0x30, 0xF3, 0xA2, 0xD9, 0x86, 0x2B, 0x85, 0x5F, 0xB1, 0x00, 0xEB, 0x05, 0x9C, 0x93,
    0xAC, 0x6F, 0x92, 0xB7, 0x2F, 0x31, 0x74, 0x27, 0xD3, 0x37, 0x9B, 0x7A, 0xB4, 0x93, 0x64, 0x92,
    0xA2, 0x26, 0xC4, 0x52, 0xCA, 0xFA, 0xDE, 0x8E, 0x34, 0xA4, 0xF7, 0x57, 0xE2, 0xC9, 0xD4, 0x83,
    0xDE, 0x23, 0xD3, 0x28, 0xA3, 0xF7, 0x99, 0xC1, 0xC5, 0x2C, 0x93, 0xB5, 0xE6, 0x79, 0xF8, 0xD9,
    0x16, 0xA6, 0x9B, 0xE7, 0x30, 0x1C, 0x1B, 0x7E, 0xE8, 0xCA, 0x92, 0x01, 0x47, 0x6D, 0xA1, 0xD1,
    0x96, 0x73, 0x22, 0x0C, 0x8C, 0xE5, 0xA3, 0x52, 0x3D, 0xF3, 0x4E, 0xD2, 0x23, 0xFA, 0xFC, 0x16,
    0x5C, 0xF9, 0x54, 0xF5, 0x4C, 0xDC, 0xDB, 0x08, 0x3F, 0x6C, 0x1A, 0x9F, 0xE5, 0x37, 0x22, 0x9A,
    0xE4, 0xA8, 0xCC, 0x9F, 0x39, 0x9B, 0xD6, 0x94, 0xF5, 0xD2, 0x77, 0x02, 0x4B, 0x09, 0x8F, 0xEF,
    0x9F, 0x59, 0x19, 0x5E, 0xC1, 0xA2, 0xBE, 0x33, 0x61, 0x9C, 0x96, 0x6B, 0x5D, 0x85, 0xD6, 0xDD,
    0x90, 0x13, 0x26, 0xB3, 0xA2, 0x91, 0x4B, 0x0F, 0xAE, 0x08, 0x5E, 0xBE, 0x44, 0x5E, 0x14, 0x4F,
    0x47, 0xF3, 0x6B, 0x91, 0x4B, 0x7B, 0x13, 0x54, 0xCD, 0xA9, 0x56, 0xD9, 0xDB, 0x08, 0x7F, 0x8D,
    0x22, 0xF0, 0x35, 0x3A, 0x3F, 0x15, 0xEA, 0x66, 0x13, 0x5D, 0x99, 0x2B, 0x2D, 0xF2, 0xA1, 0x87,
    0xDA, 0x1D, 0xB8, 0x44, 0xA8, 0xB4, 0xE5, 0xBC, 0xE3, 0x5E, 0x4E, 0x9B, 0x41, 0x0B, 0x91, 0x48,
    0x23, 0x37, 0x8C, 0x66, 0x10, 0xAD, 0xE1, 0xBA, 0xC6, 0xAD, 0x04, 0x1D, 0x8D, 0xB5, 0x65, 0x70,
    0x8F, 0x87, 0xC8, 0x51, 0x91, 0x6D, 0x5E, 0x95, 0xC0, 0x52, 0xB0, 0x43, 0x4E, 0x81, 0xBE, 0x54,
    0x39, 0xD0, 0x1E, 0xA7, 0xF8, 0x37, 0xA4, 0x5D, 0xC1, 0xD3, 0x04, 0x5A, 0x43, 0x07, 0xD0, 0xBE,
    0x21, 0x47, 0x4A, 0x42, 0xE0, 0x75, 0x52, 0x9B, 0xD1, 0x2D, 0xAD, 0x37, 0x54, 0x26, 0x9F, 0xA9,
    0x7F, 0x52, 0xBD, 0x42, 0xD3, 0x68, 0x21, 0xB3, 0x26, 0x62, 0xF7, 0xB7, 0xDB, 0xDF, 0x10, 0x25,
    0x05, 0x8B, 0xD0, 0x23, 0xD7, 0x4B, 0xF5, 0x20, 0x42, 0x21, 0x1D, 0x04, 0x23, 0x17, 0x82, 0xD9,
    0xC5, 0x28, 0xA5, 0x96, 0xEC, 0xD7, 0xDF, 0x08, 0x37, 0xE4, 0x86, 0x24, 0x1B, 0xF7, 0xB4, 0x1D,
    0x2D, 0xBD, 0x5B, 0x7F, 0xA8, 0xB1, 0x91, 0x3C, 0x56, 0xC3, 0xA7, 0x61, 0xE6, 0xB4, 0xF8, 0xC4,
    0x22, 0x1E, 0xEE, 0x00, 0x1F, 0xEF, 0x74, 0x5E, 0x0D, 0xBD, 0x4C, 0xF5, 0x3D, 0x7C, 0xD9, 0x53,
    0x0D, 0xD4, 0x76, 0x85, 0xA1, 0x49, 0x78, 0x5E, 0x3E, 0x6D, 0x66, 0xBC, 0x8E, 0xB8, 0x83, 0xF8,
    0x56, 0x18, 0xDF, 0x48, 0xE2, 0x48, 0xC7, 0x51, 0x2B, 0x8E, 0xE6, 0xE2, 0xC8, 0x8B, 0x23, 0xB7,
    0x1B, 0x89, 0x6E, 0x84, 0x2E, 0x73, 0x0E, 0xF9, 0x1D, 0x8F, 0xBB, 0xDB, 0xEB, 0xDD, 0x92, 0xF6,
    0x86, 0xAD, 0xE0, 0x6C, 0xE6, 0x93, 0x94, 0x77, 0x6F, 0x3F, 0xC2, 0xC0, 0x7F, 0xF6, 0x24, 0xEC,
    0x5F, 0x80, 0xCD, 0xA2, 0x36, 0x4D, 0x4D, 0x95, 0x22, 0xF1, 0x3F, 0x6C, 0x8A, 0xF9, 0x6C, 0x11,
    0x69, 0x8E, 0x41, 0x1E, 0xCE, 0x93, 0x05, 0x26, 0xCB, 0xFB, 0x15, 0x70, 0x9F, 0x43, 0x29, 0x25,
    0xAA, 0x01, 0x4A, 0x01, 0x3C, 0x23, 0xA5, 0x01, 0x87, 0xF6, 0x8B, 0x2A, 0xA2, 0xC2, 0x7E, 0x1D,
    0xF0, 0x9C, 0xAA, 0x1F, 0x19, 0xF4, 0x18, 0xD3, 0x4E, 0xE8, 0xDB, 0x90, 0xE6, 0xA0, 0x56, 0xFB,
    0x4D, 0xED, 0x3E, 0x4E, 0x0E, 0x82, 0x3D, 0xCD, 0x27, 0x16, 0xF1, 0xF2, 0x01, 0xB0, 0x37, 0x14,
    0x1E, 0xBC, 0x82, 0xB5, 0xE2, 0x4B, 0x38, 0x95, 0x83, 0xAC, 0xED, 0x64, 0x99, 0xF3, 0xE7, 0x93,
    0x26, 0x91, 0x30, 0x1D, 0x52, 0x9A, 0x88, 0x85, 0x3F, 0xD9, 0x56, 0x80, 0x27, 0xA7, 0x82, 0x7E,
    0x1F, 0x8F, 0xB1, 0x0E, 0xEB, 0xDA, 0xCF, 0xFD, 0xD4, 0x6B, 0xDF, 0x59, 0x0B, 0x84, 0x2E, 0xD7,
    0x45, 0x5A, 0xAA, 0x8B, 0x2C, 0xAB, 0x8B, 0x27, 0x4D, 0x7A, 0x9E, 0xF0, 0xDB, 0x77, 0xD6, 0x69,
    0xFC, 0x8F, 0x7E, 0x34, 0x24, 0x3B, 0xF5, 0x1F, 0x65, 0x77, 0xC8, 0x25, 0xA0, 0x50, 0xB1, 0x2F,
    0xB9, 0x14, 0xA0, 0xAC, 0xAF, 0x9A, 0xAC, 0x77, 0x43, 0xB3, 0xC3, 0x8E, 0x2C, 0x91, 0xEE, 0x33,
    0xB5, 0x1D, 0x76, 0x77, 0x65, 0x4C, 0xB1, 0xD9, 0x86, 0x30, 0x14, 0x33, 0xC1, 0x9C, 0x6E, 0x5C,
    0x99, 0x23, 0xFB, 0x87, 0x8D, 0x8F, 0x88, 0x59, 0x3A, 0xEE, 0xA8, 0x36, 0x71, 0xA9, 0x36, 0x49,
    0x8B, 0xDA, 0x34, 0xF5, 0x66, 0x39, 0x75, 0xC9, 0x89, 0x79, 0x88, 0xC3, 0xCC, 0xB2, 0xB7, 0xE1,
    0x5D, 0x53, 0x55, 0x2B, 0xED, 0x95, 0x49, 0x2E, 0xFB, 0x93, 0x6C, 0x49, 0xA7, 0x88, 0x9F, 0xAC,
    0xD4, 0xBF, 0xA6, 0x5E, 0xDB, 0x36, 0xFA, 0x4B, 0x26, 0x37, 0x88, 0x46, 0xE9, 0x97, 0xC9, 0x77,
    0x08, 0x26, 0x89, 0x10, 0xF9, 0x1E, 0x3E, 0x4E, 0xB8, 0x98, 0x6F, 0x9B, 0xFB, 0x33, 0x7C, 0xC4,
    0x8A, 0xAF, 0x0A, 0xC3, 0x5E, 0x86, 0xA0, 0xAD, 0xA9, 0x1C, 0x00, 0x5B, 0x08, 0xEA, 0x2D, 0xF0,
    0x99, 0xBA, 0x3C, 0xD6, 0x3C, 0xC5, 0xAB, 0xA0, 0x7C, 0x1A, 0x4D, 0xE2, 0x22, 0xE0, 0x93, 0x87,
    0xE0, 0xB4, 0x60, 0x1F, 0xB4, 0xFC, 0x8B, 0x99, 0x3E, 0xBA, 0xBA, 0xC0, 0x8E, 0x1A, 0x23, 0x03,
    0x3B, 0x29, 0xCE, 0x91, 0xA9, 0x0B, 0xB2, 0x8A, 0x41, 0xF3, 0x43, 0x57, 0x09, 0x58, 0x89, 0x93,
    0x58, 0x3D, 0xFB, 0x56, 0xF8, 0x7D, 0x85, 0x40, 0x35, 0xD2, 0x6A, 0x92, 0x87, 0xB7, 0x6B, 0xF6,
    0x0A, 0x88, 0x6C, 0x27, 0x9F, 0xCB, 0x3D, 0xB3, 0x87, 0x96, 0x64, 0xEA, 0xBC, 0x1C, 0xCC, 0xB4,
    0x7F, 0x82, 0xF3, 0x59, 0xBF, 0x82, 0xDB, 0x53, 0x19, 0x8D, 0x96, 0x4E, 0xCB, 0x76, 0x5A, 0xA3,
    0x3A, 0x8B, 0x9C, 0x78, 0xA2, 0x6C, 0x0A, 0xBE, 0x51, 0x8E, 0x8A, 0xFD, 0x0B, 0x1D, 0xFF, 0x3E,
    0x67, 0xF1, 0x80, 0x73, 0x8A, 0x20, 0x91, 0x4F, 0xBB, 0xFC, 0xCB, 0x26, 0x1F, 0xE9, 0x24, 0xEC,
    0x17, 0x4C, 0x33, 0xC5, 0x90, 0xCA, 0x4B, 0x54, 0x24, 0xC8, 0x5C, 0x24, 0x6B, 0x13, 0xE2, 0x6B,
    0x16, 0x0A, 0xD9, 0xE8, 0x48, 0x11, 0x30, 0x27, 0x29, 0x45, 0x87, 0x17, 0xB9, 0xEA, 0xC8, 0x37,
    0xED, 0x3E, 0x9C, 0xE3, 0xC5, 0x17, 0x59, 0xAA, 0x1F, 0x8F, 0xF2, 0x90, 0xC6, 0xCE, 0xD6, 0x3C,
    0x3B, 0x33, 0x99, 0xB8, 0xC9, 0x07, 0x90, 0xDE, 0x57, 0x87, 0xC6, 0x3E, 0x2E, 0x74, 0xC0, 0x06,
    0x05, 0xA6, 0x56, 0x6E, 0x18, 0x0E, 0xB7, 0x0C, 0x45, 0xF3, 0x06, 0x95, 0x82, 0xFE, 0xA6, 0xB6,
    0x04, 0x15, 0xB1, 0x44, 0x79, 0xCC, 0xB6, 0x54, 0xBC, 0x56, 0xDD, 0xB8, 0x8A, 0x69, 0xAF, 0x4E,
    0x2C, 0x5C, 0xA2, 0xD2, 0xC0, 0x2B, 0x57, 0x5A, 0x70, 0xCF, 0x96, 0x23, 0x38, 0xCB, 0x25, 0x3A,
    0x81, 0x56, 0xBC, 0x14, 0x76, 0xD7, 0xA5, 0xC2, 0x46, 0x3B, 0x94, 0x46, 0x54, 0x1C, 0x73, 0x75,
    0x8C, 0xEB, 0x49, 0x8F, 0x1B, 0x3C, 0xA2, 0x63, 0x9F, 0xEA, 0xD5, 0xDA, 0xFB, 0x61, 0xF9, 0xDD,
    0x2F, 0x64, 0xE9, 0xED, 0x7B, 0xF0, 0x16, 0x7F, 0x85, 0x7B, 0xE5, 0x6F, 0xF2, 0xDA, 0x1A, 0xD5,
    0xE0, 0xCB, 0xC0, 0x14, 0xB0, 0x05, 0xFB, 0xAE, 0x34, 0xFF, 0xAB, 0xA1, 0x42, 0xBF, 0xEB, 0x59,
    0xA9, 0x73, 0x49, 0x89, 0x7B, 0x12, 0x19, 0xAF, 0xA5, 0x6F, 0xF0, 0x8E, 0x2C, 0xF0, 0xBF, 0x54,
    0x5C, 0x53, 0x28, 0x2F, 0x11, 0xB4, 0x13, 0x56, 0x5C, 0x94, 0xE8, 0xDC, 0x2B, 0xC3, 0x39, 0x4B,
    0x06, 0xC1, 0xD6, 0x9C, 0xCB, 0x56, 0x82, 0x37, 0x14, 0x95, 0x0D, 0xA6, 0x8E, 0x22, 0x70, 0x0B,
    0x45, 0xF1, 0x47, 0x38, 0xB0, 0x91, 0xA5, 0x47, 0x3F, 0x4C, 0xE0, 0x84, 0x5C, 0x75, 0x50, 0xCD,
    0xD5, 0xE2, 0x94, 0xB2, 0x07, 0x1D, 0x33, 0xCD, 0x05, 0x52, 0x20, 0x27, 0x26, 0x82, 0x96, 0x9C,
    0xBD, 0x68, 0x92, 0xDF, 0xED, 0xC4, 0x09, 0xC9, 0x73, 0x58, 0x3F, 0x95, 0x99, 0x5F, 0x47, 0xB1,
    0xF9, 0x49, 0x52, 0x14, 0xC9, 0x09, 0xD9, 0xCC, 0xFD, 0x48, 0xA3, 0xC4, 0x54, 0x04, 0xC9, 0x30,
    0xBC, 0xCA, 0x43, 0xAA, 0xC9, 0xDB, 0xD0, 0x39, 0xED, 0x3F, 0x9D, 0x58, 0xCF, 0x6F, 0xDC, 0xC6,
    0x15, 0xFE, 0x48, 0x5A, 0x61, 0x6A, 0x46, 0x3B, 0x39, 0xC8, 0x80, 0x81, 0x48, 0x66, 0x0E, 0x3E,
    0xF8, 0xA0, 0x95, 0x72, 0xF0, 0x81, 0x11, 0xA8, 0xD5, 0x24, 0xFF, 0x40, 0xF7, 0xE0, 0x4D, 0x0F,
    0x41, 0xD1, 0x6B, 0x2F, 0x01, 0x74, 0x70, 0x81, 0x3D, 0x08, 0x36, 0x8B, 0xFC, 0x23, 0x46, 0x6F,
    0xA9, 0xDD, 0x2E, 0x5B, 0x6C, 0x60, 0x3B, 0x90, 0xC2, 0x49, 0x7A, 0x08, 0xD0, 0x4B, 0x09, 0xF4,
    0x90, 0x43, 0xDA, 0x82, 0x87, 0x1E, 0x0A, 0xAB, 0x45, 0x07, 0x01, 0x1D, 0xAC, 0x1B, 0x69, 0xD9,
    0xEF, 0xCD, 0xAE, 0x21, 0x59, 0x5A, 0x49, 0x2B, 0x73, 0xDE, 0x3E, 0x71, 0xC9, 0x99, 0x47, 0xCE,
    0xFB, 0xF1, 0xBD, 0x6F, 0x05, 0x44, 0x80, 0x42, 0x71, 0x18, 0x3E, 0x1B, 0x29, 0xA4, 0x6D, 0xAC,
    0xA5, 0x68, 0xA5, 0x50, 0x4E, 0x5A, 0x6D, 0xB4, 0x79, 0x31, 0x7C, 0x66, 0x51, 0x64, 0x40, 0x45,
    0xF1, 0x1B, 0xA3, 0x06, 0x3A, 0x0D, 0x4C, 0xE2, 0x53, 0x4A, 0x6A, 0x9E, 0xC7, 0x03, 0xED, 0x8F,
    0x00, 0x2C, 0x52, 0x72, 0x1C, 0xE4, 0xB0, 0xA7, 0x65, 0x08, 0xBB, 0xE3, 0x57, 0xEB, 0x03, 0x13,
    0x8E, 0x01, 0xCF, 0x50, 0xAC, 0xA2, 0xE0, 0xB8, 0x0C, 0x63, 0xDC, 0x2B, 0x10, 0xFF, 0x85, 0xA6,
    0xB0, 0xF4, 0x6E, 0x31, 0xC2, 0x4A, 0xF5, 0x74, 0xA0, 0x23, 0x93, 0x07, 0x06, 0xC8, 0x51, 0x35,
    0x62, 0xBA, 0xB7, 0x9B, 0xC3, 0x99, 0xCC, 0xFD, 0x92, 0x7F, 0xC3, 0x8C, 0x37, 0x14, 0x38, 0x25,
    0x05, 0x27, 0xEF, 0xDD, 0xE1, 0xB2, 0xE6, 0x90, 0x06, 0xBA, 0x5D, 0xF8, 0x66, 0xC3, 0x50, 0xC5,
    0xA0, 0x02, 0xC2, 0x1F, 0xBE, 0x6E, 0xEA, 0x78, 0x60, 0x3E, 0xB2, 0x7C, 0x65, 0xBE, 0x7A, 0x60,
    0xC2, 0x8C, 0xEF, 0xAF, 0xC0, 0xB3, 0x4D, 0xF0, 0xDA, 0x13, 0xC4, 0x83, 0xAF, 0x9E, 0xDF, 0x91,
    0x79, 0xA3, 0x1C, 0x08, 0xB2, 0xB9, 0x54, 0x2A, 0xAA, 0x1D, 0x66, 0x5F, 0x7C, 0x16, 0x0F, 0x50,
    0x8C, 0x43, 0x71, 0x04, 0x5F, 0xF0, 0x46, 0x8E, 0x2B, 0xB9, 0x9C, 0xAC, 0x9C, 0x96, 0x2F, 0x3E,
    0x5B, 0x29, 0xC6, 0x2B, 0x00, 0x65, 0x07, 0xA8, 0x41, 0xEF, 0x58, 0x70, 0xE4, 0x27, 0x07, 0xF7,
    0x68, 0x03, 0xB3, 0x8B, 0x21, 0xD4, 0x9E, 0xA8, 0x42, 0xD4, 0xE3, 0x8C, 0xEA, 0x8F, 0x25, 0x55,
    0x6E, 0x45, 0xF5, 0x45, 0x6D, 0x8A, 0x52, 0xC3, 0x5C, 0xE5, 0x51, 0x3D, 0x6C, 0xE5, 0x41, 0xDD,
    0xD9, 0xCB, 0x51, 0x47, 0xB5, 0xBC, 0x0C, 0xD7, 0xF7, 0x65, 0xB9, 0xAC, 0xE6, 0xE2, 0x84, 0x6B,
    0x13, 0x2E, 0x4D, 0xB8, 0x32, 0xE1, 0xC2, 0x84, 0xEB, 0x12, 0x2E, 0x4B, 0xB8, 0x2A, 0xE1, 0xA2,
    0x84, 0x4B, 0xF8, 0xF1, 0xB8, 0xD6, 0xAF, 0xE0, 0x0E, 0x85, 0x97, 0xC7, 0xF7, 0xB5, 0xC2, 0x78,
    0x4F, 0xA1, 0x6E, 0x49, 0xC4, 0x66, 0x7F, 0x26, 0xF3, 0xD7, 0xF9, 0xE9, 0xC3, 0xFB, 0x40, 0x63,
    0xDF, 0x6D, 0x13, 0x4E, 0x33, 0xF8, 0xFF, 0x85, 0xFF, 0x9D, 0x0E, 0xBE, 0xC9, 0x82, 0x4F, 0x4D,
    0xF4, 0x61, 0xA9, 0x7E, 0x6B, 0xE3, 0xC6, 0xB6, 0x31, 0x4C, 0x91, 0xF6, 0x91, 0x2E, 0xBC, 0x89,
    0xB0, 0x0F, 0xDF, 0xCA, 0x74, 0xBA, 0x72, 0x7D, 0x80, 0xEB, 0x4C, 0xD0, 0x58, 0xC7, 0x8D, 0x4E,
    0x23, 0xDD, 0x57, 0xBA, 0x53, 0xE8, 0xF8, 0x5B, 0xFD, 0x6E, 0xB7, 0x5D, 0x2A, 0x0D, 0x26, 0xEF,
    0xEC, 0xD1, 0xED, 0x6E, 0x18, 0xB9, 0xAF, 0x4E, 0x0D, 0xFC, 0x5A, 0xE3, 0xB1, 0x46, 0xC7, 0xBD,
    0x50, 0x91, 0x31, 0xB7, 0x5D, 0xDA, 0xB7, 0xCF, 0x4A, 0xFB, 0x85, 0x05, 0x04, 0x8F, 0x18, 0x21,
    0x99, 0xEE, 0xBF, 0xC0, 0xEC, 0xE4, 0x7F, 0x01, 0x9F, 0xD3, 0xFE, 0xE6, 0x62, 0x09, 0xCC, 0xCC,
    0xFF, 0x13, 0x25, 0xB0, 0xB4, 0xD4, 0x72, 0x59, 0x6D, 0xD5, 0xD1, 0x18, 0xC6, 0xF7, 0x0A, 0x97,
    0xFC, 0xC1, 0x21, 0xBC, 0x3B, 0xCE, 0x03, 0x3F, 0x85, 0xB7, 0x30, 0xAF, 0x49, 0xBA, 0xA9, 0x5E,
    0xE8, 0x02, 0xAB, 0xC9, 0x95, 0xB7, 0xCF, 0x30, 0x8C, 0x55, 0xE0, 0xBD, 0xD7, 0x30, 0x8C, 0x8A,
    0x15, 0x7B, 0xA6, 0x61, 0xEE, 0xDD, 0xFB, 0x37, 0x0B, 0xEE, 0xD2, 0x86, 0xDF, 0xBC, 0x19, 0x3D,
    0xF0, 0xF4, 0xB9, 0x6F, 0x2C, 0x85, 0x5B, 0xBD, 0xC6, 0x1B, 0x47, 0x08, 0xCE, 0x31, 0xCC, 0xCC,
    0x5A, 0x1B, 0x60, 0x29, 0xCC, 0x10, 0x98, 0xAD, 0xC6, 0xBC, 0xFF, 0x33, 0x93, 0x86, 0x19, 0xCB,
    0x77, 0x52, 0xBC, 0x5E, 0x03, 0xF4, 0x5C, 0xBC, 0xFF, 0x94, 0xE1, 0x83, 0x79, 0x33, 0x57, 0x1E,
    0x7A, 0x30, 0x8D, 0x9B, 0x5A, 0xC1, 0xC2, 0x95, 0x0B, 0x52, 0xF8, 0xF8, 0x83, 0x64, 0xF5, 0xD2,
    0xEB, 0x3C, 0xC8, 0xA3, 0x6F, 0xF4, 0xC5, 0x0F, 0xE2, 0x71, 0x9F, 0x8E, 0xBC, 0x36, 0x39, 0x57,
    0xCD, 0x18, 0xED, 0xE7, 0x3D, 0xA4, 0x4C, 0x6A, 0x02, 0x0F, 0xAC, 0x65, 0xA1, 0x37, 0x87, 0x81,
    0x21, 0xF6, 0x19, 0xCB, 0xDB, 0x16, 0x71, 0xCF, 0x62, 0x13, 0xCF, 0x7B, 0x7D, 0x34, 0x2E, 0xFE,
    0xD8, 0xE2, 0xBC, 0x05, 0x17, 0x61, 0x3E, 0xEA, 0xBE, 0x5E, 0x1F, 0xEC, 0x57, 0xD7, 0x23, 0x02,
    0x5F, 0xA4, 0xEF, 0xAA, 0xA6, 0xA9, 0x3B, 0x1F, 0xF7, 0xBA, 0xFD, 0x48, 0x77, 0x3B, 0xC5, 0x33,
    0x1B, 0x57, 0x6C, 0x16, 0x14, 0xA9, 0x1F, 0xC5, 0x0D, 0xB5, 0x99, 0x75, 0xE9, 0x64, 0x8F, 0x2C,
    0xAA, 0x31, 0x52, 0xEF, 0x13, 0x5E, 0x6B, 0x43, 0x85, 0x0D, 0xC2, 0xFD, 0x1A, 0x6E, 0xEE, 0x0F,
    0xAC, 0x23, 0xA9, 0xA6, 0x24, 0x3E, 0x48, 0x02, 0xC1, 0x66, 0x57, 0x59, 0x86, 0xD7, 0x19, 0xA2,
    0xF5, 0x41, 0x16, 0x1E, 0xCE, 0xAC, 0xDC, 0x1D, 0x1A, 0x4F, 0x9D, 0x69, 0x5A, 0xA6, 0xE1, 0x97,
    0x95, 0x5B, 0x9F, 0xA8, 0xDC, 0x23, 0xFB, 0x93, 0xE2, 0x9D, 0x65, 0x9F, 0xD0, 0x13, 0xEC, 0xC0,
    0x73, 0xF3, 0xF3, 0xA0, 0xCA, 0xB9, 0xBD, 0x35, 0xE4, 0xBB, 0xF8, 0x83, 0xC5, 0xE3, 0x12, 0x85,
    0xC5, 0xEE, 0x0E, 0xE4, 0x0A, 0x9B, 0x4D, 0x68, 0x72, 0xBF, 0x62, 0x83, 0x61, 0x7B, 0x51, 0x7A,
    0x0A, 0x90, 0x53, 0xF1, 0x4B, 0x15, 0x69, 0xB5, 0x06, 0xF5, 0x04, 0x6A, 0x04, 0xF5, 0x09, 0x08,
    0x88, 0x2A, 0x30, 0xCA, 0xB3, 0x67, 0xA0, 0x8D, 0x62, 0xCF, 0xE5, 0x46, 0xC2, 0x7D, 0x4E, 0x30,
    0x02, 0xBC, 0x1D, 0xC1, 0xCE, 0x53, 0x50, 0x53, 0x4E, 0xA1, 0x86, 0x7E, 0x28, 0xE1, 0xFD, 0x13,
    0x38, 0x70, 0x7E, 0x68, 0xB2, 0x69, 0x06, 0x5D, 0xC6, 0xB8, 0x38, 0xE4, 0x25, 0xC4, 0xCC, 0xF3,
    0x20, 0xEF, 0x43, 0x78, 0xFF, 0x98, 0x82, 0xF8, 0x7A, 0x53, 0x5F, 0xFB, 0xC8, 0x22, 0x34, 0x88,
    0xDD, 0x95, 0x17, 0xC0, 0xC0, 0x38, 0xAF, 0x0D, 0x05, 0xEF, 0xD1, 0x4F, 0x30, 0xDC, 0x64, 0xC9,
    0x3D, 0x2C, 0xFD, 0xB1, 0x43, 0xC5, 0xBF, 0x4F, 0x51, 0x31, 0x6E, 0xCC, 0xC2, 0xC7, 0x6E, 0x55,
    0xEA, 0x82, 0xC2, 0xBC, 0xE2, 0x57, 0x9F, 0xCF, 0xA8, 0x52, 0xBF, 0x64, 0x2C, 0xDE, 0x38, 0x3C,
    0x07, 0xB6, 0x15, 0xD6, 0x68, 0x5D, 0x7A, 0x7B, 0x93, 0xB1, 0xCD, 0xF7, 0x7E, 0xA1, 0x05, 0x3E,
    0x95, 0xB0, 0x02, 0xDA, 0x63, 0xF9, 0xF3, 0xF1, 0x6C, 0x97, 0xAC, 0x87, 0x5C, 0xB8, 0x80, 0x5C,
    0x89, 0xB4, 0xDC, 0xBD, 0x81, 0x09, 0x37, 0x10, 0x72, 0xF0, 0xB4, 0xA7, 0x9D, 0x05, 0x53, 0x48,
    0x9D, 0xF3, 0x82, 0xBB, 0x77, 0x59, 0x6A, 0x21, 0x90, 0x74, 0xA4, 0x2E, 0xC5, 0x2A, 0xE0, 0x90,
    0x49, 0x78, 0xD2, 0x7C, 0x29, 0x8C, 0x49, 0x2B, 0xDE, 0x9E, 0x37, 0x85, 0xC5, 0x0F, 0xAF, 0xAA,
    0x50, 0x0F, 0x45, 0x15, 0x0D, 0xD5, 0xE7, 0x3D, 0x2A, 0x77, 0x8D, 0x3B, 0x14, 0x35, 0x8C, 0x38,
    0xA5, 0xF3, 0x25, 0x55, 0x34, 0xC2, 0x8F, 0x23, 0x8C, 0x0B, 0x7A, 0x2D, 0x23, 0xE3, 0x38, 0x92,
    0x30, 0xB3, 0x4A, 0xDB, 0x35, 0x58, 0x6E, 0xBD, 0x92, 0x98, 0xD9, 0x69, 0x45, 0x09, 0x87, 0xC3,
    0x83, 0x29, 0xBD, 0x20, 0xBB, 0x20, 0xB9, 0x20, 0xB7, 0x20, 0xB5, 0x20, 0xB3, 0x20, 0xB1, 0x20,
    0xAF, 0x10, 0x3A, 0x12, 0xD5, 0x24, 0x15, 0xB9, 0x24, 0x80, 0x72, 0x80, 0xFC, 0x7D, 0x3D, 0xDE,
    0xAB, 0x5B, 0xC7, 0x01, 0x19, 0x2D, 0x07, 0x7D, 0xCC, 0xA4, 0x6F, 0x81, 0x6F, 0x80, 0xBD, 0x4B,
    0xC0, 0xA0, 0x38, 0x46, 0x0B, 0x59, 0x08, 0x7F, 0x89, 0xF0, 0x16, 0x82, 0x5A, 0xBE, 0x5E, 0x88,
    0x84, 0x41, 0xE6, 0x82, 0xF0, 0xBA, 0x48, 0xE8, 0x95, 0x13, 0x13, 0xF3, 0x22, 0xE1, 0x51, 0xC8,
    0xAF, 0xA0, 0x78, 0xE4, 0x68, 0xF6, 0x41, 0xDB, 0xFF, 0x4F, 0x1A, 0xB6, 0xD2, 0x96, 0x4A, 0x53,
    0x95, 0xE6, 0xAD, 0xB5, 0xB2, 0xAD, 0x4C, 0xAA, 0x9E, 0xD9, 0xD6, 0x64, 0xFE, 0x04, 0x2C, 0x5D,
    0xD4, 0xFD, 0xFF, 0x91, 0x6F, 0x67, 0xA9, 0x32, 0xC9, 0x86, 0x49, 0x7E, 0x53, 0x6E, 0x7C, 0x6D,
    0xB6, 0x24, 0xD8, 0x7A, 0xE3, 0xC5, 0x74, 0x62, 0xF8, 0x73, 0xF8, 0x7F, 0xBE, 0x84, 0xCF, 0x56,
    0x73, 0xB4, 0x6E, 0x5F, 0xD4, 0x31, 0xF6, 0xE0, 0xED, 0xC3, 0xFF, 0x54, 0xCF, 0x63, 0x93, 0xEE,
    0x8F, 0x76, 0xB1, 0xF8, 0xD6, 0x05, 0x8E, 0x4F, 0x2A, 0x2C, 0xBB, 0x1D, 0x15, 0x0D, 0x9E, 0xF6,
    0xE0, 0xA8, 0xB1, 0x40, 0x46, 0x31, 0xC6, 0xE7, 0x77, 0xA6, 0x5F, 0x29, 0xBC, 0xC5, 0x09, 0x3C,
    0x56, 0xEE, 0x22, 0x5A, 0x75, 0x1E, 0x18, 0xB1, 0x80, 0x84, 0x65, 0x27, 0xAE, 0x57, 0x6F, 0xF6,
    0x74, 0xEA, 0x61, 0x02, 0x50, 0x61, 0x85, 0xD6, 0x10, 0xCB, 0xD7, 0xE7, 0xB2, 0x49, 0x3E, 0x1B,
    0x3E, 0xC2, 0xD5, 0x9F, 0x9C, 0x67, 0x50, 0x5E, 0x73, 0x71, 0x5B, 0x0A, 0x7B, 0xF6, 0x00, 0xEE,
    0x56, 0xCB, 0xC2, 0xFB, 0xCD, 0xC9, 0xA1, 0xB2, 0x4E, 0xB5, 0xBD, 0x7D, 0x16, 0x1D, 0x8D, 0xB3,
    0x8D, 0x72, 0xFB, 0xC1, 0x0C, 0x32, 0x4A, 0x53, 0x64, 0x39, 0x7F, 0x9D, 0x97, 0x8C, 0x8A, 0x5F,
    0x6E, 0x23, 0x5C, 0xBD, 0x80, 0x8C, 0x0A, 0xCA, 0xFF, 0x98, 0xE1, 0x2B, 0x33, 0x8F, 0x4D, 0xFA,
    0x25, 0xF8, 0x1D, 0xAE, 0x5E, 0x3D, 0xD7, 0xA0, 0x8B, 0xDF, 0xE2, 0x24, 0x7E, 0x23, 0x82, 0x21,
    0xF1, 0x23, 0x23, 0x2E, 0x52, 0x86, 0xB1, 0x16, 0x77, 0xB3, 0x35, 0xB6, 0x5D, 0x6B, 0x8C, 0x32,
    0x07, 0xA9, 0xCC, 0x6A, 0x66, 0x99, 0xDA, 0x51, 0xFF, 0x52, 0xFA, 0xF8, 0x8E, 0x83, 0x4A, 0x3A,
    0xE3, 0x5B, 0xCB, 0x73, 0x99, 0x89, 0xCC, 0x9A, 0xBD, 0xFD, 0xDE, 0xA6, 0xDD, 0x7A, 0x40, 0x24,
    0x3D, 0x36, 0x78, 0xB4, 0x12, 0x84, 0xCB, 0xF3, 0xD3, 0xC1, 0x5F, 0x95, 0x12, 0xB6, 0xD3, 0x44,
    0xD0, 0x1B, 0xC9, 0xE6, 0xC3, 0xAB, 0x73, 0x99, 0x09, 0xCB, 0x56, 0x7E, 0xEB, 0xD6, 0x0C, 0xFE,
    0x3B, 0x86, 0x7A, 0x68, 0xDA, 0xEC, 0x63, 0x6C, 0x8F, 0x1A, 0x11, 0xFD, 0xC5, 0x66, 0xEB, 0x57,
    0x4B, 0xB0, 0xA9, 0x57, 0xC5, 0x0F, 0xCD, 0x1B, 0x13, 0xE4, 0xC8, 0x1D, 0x95, 0x2D, 0x05, 0x6C,
    0xD7, 0x7F, 0xCF, 0x9F, 0x3A, 0x6C, 0x69, 0x72, 0xCE, 0x96, 0x78, 0x33, 0x42, 0x67, 0xE0, 0xCE,
    0x1D, 0xBE, 0x30, 0xD1, 0x88, 0x30, 0xF7, 0x1B, 0x7B, 0xED, 0x69, 0x17, 0x77, 0x71, 0x9E, 0x4C,
    0xCC, 0x5A, 0x31, 0x2B, 0x9C, 0xAA, 0x31, 0xF7, 0x74, 0x1B, 0x2F, 0x47, 0x9C, 0x45, 0x46, 0x90,
    0x77, 0x11, 0xCB, 0x78, 0x67, 0x24, 0xBF, 0xAD, 0xA5, 0x29, 0x4E, 0xE4, 0x06, 0xBC, 0x2F, 0xB1,
    0xFE, 0x9D, 0x7E, 0x9F, 0x24, 0x98, 0x12, 0x65, 0xD2, 0x99, 0xF7, 0xF0, 0x8E, 0x9D, 0x12, 0xAC,
    0xB8, 0xBA, 0xF7, 0xC4, 0x8A, 0xB3, 0x9F, 0x84, 0xF5, 0xD6, 0xCE, 0xDB, 0x93, 0x33, 0xBB, 0x95,
    0xDD, 0x7C, 0xA5, 0xA9, 0x9F, 0x70, 0x15, 0xDB, 0x0C, 0x9B, 0xCC, 0x09, 0x17, 0xCE, 0xE6, 0x49,
    0x5B, 0x5A, 0xED, 0xF3, 0x27, 0x5C, 0xF5, 0xEA, 0x7F, 0x00, 0x44, 0xFE, 0x0F, 0x4D, 0x91, 0xBD,
    0x6F, 0xD3, 0x50, 0x14, 0xC5, 0x7F, 0x76, 0x4C, 0x02, 0x4A, 0xAA, 0x18, 0x91, 0x4A, 0x91, 0x9A,
    0xB4, 0x1D, 0x3A, 0x64, 0x70, 0x9B, 0x20, 0xAC, 0xD4, 0x28, 0x5F, 0xAF, 0xFF, 0x41, 0x06, 0x98,
    0x18, 0xC8, 0xC8, 0x84, 0xAC, 0xA6, 0x42, 0xAD, 0x94, 0xD6, 0xFE, 0x13, 0x32, 0x31, 0x30, 0x45,
    0x42, 0x88, 0xD5, 0x03, 0x03, 0x48, 0x95, 0xEA, 0x99, 0xC9, 0x52, 0x67, 0x24, 0x8B, 0x0F, 0xB1,
    0x80, 0x94, 0x21, 0x43, 0x04, 0x02, 0x73, 0x9F, 0x61, 0xE0, 0x5D, 0xDD, 0xEB, 0xE3, 0x73, 0xEF,
    0x3B, 0x7E, 0xEF, 0x98, 0x13, 0x87, 0xBE, 0x6F, 0xAA, 0x6A, 0xDC, 0x8F, 0xF6, 0x17, 0x87, 0x09,
    0xB2, 0x82, 0x78, 0x53, 0x81, 0xBB, 0xD8, 0x89, 0x0D, 0x58, 0x0A, 0x11, 0xA5, 0x52, 0x06, 0xCD,
    0x0A, 0xB4, 0x79, 0x16, 0x1E, 0xC7, 0x23, 0x65, 0x51, 0x6C, 0x54, 0x5C, 0x77, 0x5E, 0xDB, 0x6D,
    0xA6, 0xE5, 0x10, 0xBC, 0xB4, 0xE1, 0xF7, 0xFB, 0xDE, 0x89, 0x9D, 0x17, 0xA7, 0xEF, 0xDA, 0xB2,
    0xD1, 0xF1, 0x3A, 0xD0, 0x69, 0xCE, 0x2C, 0x3C, 0x4E, 0x19, 0x61, 0xF1, 0x6F, 0xDC, 0xA2, 0x81,
    0x8B, 0x4F, 0x6C, 0x84, 0x05, 0x8A, 0x54, 0x68, 0x21, 0x93, 0xCC, 0x31, 0x42, 0x0A, 0x70, 0x0B,
    0xA1, 0x34, 0x33, 0x81, 0x18, 0x53, 0xC9, 0x88, 0x26, 0xF6, 0x72, 0x6E, 0x7F, 0xA2, 0x0F, 0xE9,
    0xF9, 0x11, 0x64, 0xCB, 0x2F, 0x51, 0xEA, 0x63, 0x07, 0x42, 0xE8, 0x9C, 0x2A, 0x1D, 0x04, 0x5B,
    0x25, 0x03, 0xB5, 0xF3, 0xAD, 0xB7, 0xBA, 0xA3, 0xF4, 0x75, 0x0A, 0xB1, 0x9C, 0xFB, 0x49, 0x77,
    0x65, 0xE7, 0x28, 0x48, 0x07, 0x9D, 0xD7, 0xFA, 0x3E, 0xD4, 0xF7, 0x46, 0xBF, 0x5A, 0x75, 0xCB,
    0xB6, 0xCE, 0x5F, 0xD4, 0xC7, 0x5C, 0xA8, 0xD2, 0xCA, 0x58, 0x05, 0xE1, 0x1B, 0xDD, 0x72, 0x7D,
    0x57, 0x6A, 0x3B, 0x3C, 0x4B, 0x26, 0xE3, 0xAA, 0x20, 0x9B, 0x1E, 0x07, 0x1C, 0xEA, 0x16, 0x5B,
    0xE1, 0xA9, 0x24, 0x22, 0x3D, 0xA0, 0x14, 0x0F, 0x84, 0x51, 0x1B, 0xBC, 0xDD, 0xA6, 0x3C, 0xE5,
    0xDD, 0x71, 0xA8, 0xBF, 0x18, 0x79, 0xAD, 0x48, 0x1B, 0x57, 0x7B, 0xDA, 0xAA, 0x89, 0xCA, 0xAC,
    0xF7, 0xBD, 0x7D, 0x69, 0xD9, 0x74, 0x86, 0x1B, 0x37, 0xB5, 0xC0, 0xF6, 0xF8, 0x31, 0xC5, 0x6C,
    0x0D, 0x37, 0x72, 0xBD, 0xB3, 0xA3, 0x59, 0x39, 0x4B, 0xA9, 0x69, 0x7C, 0x95, 0x2D, 0x37, 0x1F,
    0x8E, 0xFF, 0x07, 0x50, 0xCD, 0x5E, 0x99, 0xF1, 0xFD, 0x47, 0x59, 0xA6, 0x6C, 0x8C, 0x07, 0x9A,
    0x29, 0x65, 0xF3, 0xE1, 0xF3, 0xF5, 0x82, 0x66, 0xDE, 0xA7, 0xA0, 0x46, 0x99, 0x08, 0x60, 0x86,
    0x7F, 0x25, 0x87, 0x5C, 0xF1, 0x53, 0xF2, 0xB6, 0xE0, 0x0B, 0x79, 0xFE, 0x20, 0x10, 0xC7, 0xC5,
    0x6E, 0x5F, 0x96, 0xA6, 0xBE, 0xAA, 0x4F, 0x2A, 0xA7, 0xB8, 0x96, 0x78, 0x29, 0xED, 0x9C, 0xE5,
    0x63, 0x3E, 0x68, 0xCA, 0x2F, 0x08, 0xE4, 0xED, 0x5A, 0xB6, 0x1A, 0x24, 0xFC, 0xCE, 0xB1, 0x0E,
    0x18, 0xCD, 0xBA, 0x1F, 0xEE, 0xBE, 0xD7, 0xC1, 0xFA, 0x73, 0x92, 0x24, 0xBB, 0x97, 0xAE, 0xEB,
    0x3A, 0x47, 0xA2, 0xD1, 0x15, 0x37, 0x1C, 0xEE, 0xA9, 0x03, 0xF1, 0x69, 0xAA, 0xFE, 0x00, 0xA5,
    0x5A, 0xCF, 0x6F, 0x1C, 0x47, 0x76, 0xFE, 0xBA, 0xDB, 0x54, 0x6F, 0xD2, 0xD9, 0x69, 0x1E, 0x24,
    0xAC, 0x01, 0x9B, 0x33, 0x41, 0xE0, 0x83, 0x0F, 0x33, 0xE4, 0x02, 0xD9, 0x03, 0x0D, 0xF7, 0x70,
    0x6A, 0xE5, 0x83, 0x03, 0x18, 0x5E, 0xF3, 0x40, 0x46, 0x07, 0x26, 0x4B, 0xFF, 0x01, 0x91, 0xE8,
    0x00, 0x3C, 0x4C, 0xE2, 0xA1, 0xD8, 0x0B, 0x1D, 0xF6, 0x60, 0x60, 0x57, 0x07, 0xDB, 0x39, 0x04,
    0xC8, 0x26, 0x48, 0x2E, 0x91, 0x03, 0xB3, 0x77, 0x35, 0x8A, 0x28, 0x2D, 0x7F, 0xF4, 0xDA, 0x07,
    0x1D, 0x0C, 0xD8, 0x0D, 0x07, 0x8E, 0x80, 0x2C, 0xE0, 0x74, 0xEC, 0xF5, 0x1E, 0x24, 0x18, 0x2A,
    0x89, 0xC3, 0x15, 0x45, 0x93, 0xD3, 0xFB, 0xBD, 0xEA, 0x19, 0x72, 0xF8, 0x43, 0xC3, 0x51, 0x76,
    0xE6, 0x55, 0xB3, 0xA7, 0xBB, 0xBA, 0xBA, 0xFA, 0xD5, 0x7B, 0xDF, 0xFB, 0xDE, 0x6B, 0x02, 0xF0,
    0x00, 0x27, 0x04, 0x3F, 0xEB, 0x19, 0x6E, 0x4C, 0x23, 0x82, 0x48, 0x93, 0x3F, 0xDB, 0xB8, 0x36,
    0xD5, 0xF9, 0x49, 0xE1, 0x29, 0x76, 0xE0, 0xA7, 0x12, 0xE0, 0x29, 0x0C, 0xDA, 0x7F, 0x31, 0xD3,
    0x38, 0x73, 0x63, 0x12, 0x98, 0x47, 0xDE, 0xDE, 0xDC, 0x05, 0x16, 0x67, 0x15, 0x1A, 0x4E, 0x8C,
    0x86, 0x9D, 0x60, 0x5E, 0x1A, 0xF7, 0xE7, 0x9F, 0x09, 0x31, 0xDF, 0x66, 0x87, 0x49, 0x19, 0x5A,
    0x5B, 0xB1, 0x8C, 0x7F, 0x63, 0x3A, 0xC2, 0xD1, 0x2F, 0xD6, 0x43, 0xF7, 0x4E, 0xCB, 0x47, 0x50,
    0xC6, 0xD3, 0x01, 0x50, 0x6B, 0xA3, 0x3A, 0x05, 0xEE, 0x54, 0x50, 0xF6, 0xD1, 0x70, 0xEF, 0x68,
    0x76, 0xB0, 0xDB, 0xF0, 0xDF, 0x8B, 0x2B, 0x56, 0xCA, 0xE3, 0x63, 0x0A, 0xDE, 0x23, 0x5E, 0x15,
    0xC3, 0x4E, 0x4F, 0x43, 0x07, 0x56, 0x5A, 0x7A, 0x2F, 0x3E, 0xD5, 0x46, 0xD4, 0xF3, 0xE1, 0xE4,
    0xF4, 0x30, 0x44, 0x19, 0xC7, 0x7F, 0xE1, 0xA9, 0x63, 0xA5, 0xEE, 0x21, 0xF0, 0x31, 0xB6, 0x06,
    0xAF, 0x05, 0x3B, 0xDB, 0x01, 0xEC, 0xCF, 0x1A, 0xD4, 0x67, 0x1C, 0x1C, 0xD8, 0x84, 0xB5, 0x4C,
    0x39, 0x61, 0x75, 0x26, 0x71, 0x42, 0xDE, 0xDD, 0x55, 0x01, 0x34, 0xAF, 0xB3, 0xD2, 0x31, 0x54,
    0x67, 0xE2, 0x86, 0x3C, 0x41, 0x04, 0x8D, 0xC3, 0x9B, 0x9B, 0x57, 0xB6, 0x2F, 0x53, 0x09, 0x99,
    0x39, 0xEB, 0x85, 0xDC, 0x38, 0x71, 0x77, 0xE3, 0x72, 0xB3, 0xBD, 0xC4, 0x13, 0xD9, 0x16, 0x75,
    0xBC, 0x45, 0x1D, 0x4F, 0xED, 0xEB, 0xD8, 0xE8, 0x99, 0x6B, 0x75, 0x71, 0x26, 0xCE, 0xF5, 0x6B,
    0xA5, 0x07, 0x5A, 0xDE, 0xC5, 0xFC, 0x8D, 0x9C, 0x24, 0xE2, 0xD0, 0x25, 0x44, 0x01, 0x9A, 0x54,
    0x5C, 0x8A, 0x6B, 0x1A, 0x51, 0x03, 0x51, 0x05, 0x91, 0x8F, 0x88, 0xB7, 0xB1, 0xA5, 0x9F, 0x1D,
    0x77, 0xFB, 0xA3, 0x15, 0x39, 0xAD, 0xC8, 0x6D, 0x45, 0x7E, 0x33, 0xAA, 0x34, 0xA3, 0x7A, 0x33,
    0xD2, 0xCD, 0x5F, 0x24, 0xCD, 0xEB, 0x71, 0x73, 0x1D, 0xCD, 0x55, 0x34, 0x57, 0xC4, 0x14, 0xE0,
    0xBC, 0x05, 0x8B, 0xCA, 0x18, 0x46, 0x9D, 0xFA, 0x86, 0x2E, 0xDA, 0x89, 0xEF, 0xC4, 0xEE, 0xCB,
    0xCA, 0xF9, 0x04, 0xF6, 0xE7, 0x00, 0x4F, 0xAD, 0xC8, 0x1C, 0xFE, 0x58, 0xC3, 0x0F, 0x39, 0x66,
    0xDA, 0x47, 0x6E, 0x5E, 0x49, 0xD7, 0xB3, 0x54, 0xF4, 0x91, 0x0B, 0xD5, 0x4B, 0x33, 0xB9, 0x07,
    0xFB, 0xD7, 0xCA, 0xB9, 0x15, 0x3A, 0x97, 0x62, 0xEF, 0x6C, 0xE2, 0x5F, 0xD1, 0xA5, 0x4C, 0x57,
    0xD0, 0x0C, 0x10, 0xD4, 0x11, 0x1C, 0x36, 0xCC, 0x5D, 0x5C, 0x9B, 0x55, 0x11, 0xF5, 0x66, 0xE4,
    0xC6, 0x9C, 0x5A, 0xDF, 0x02, 0xE5, 0xC6, 0x1C, 0x1F, 0x30, 0xA4, 0x34, 0x4B, 0x47, 0xFB, 0x84,
    0x3C, 0xF2, 0x58, 0x03, 0xCC, 0xA8, 0xDC, 0xCD, 0x39, 0x58, 0xA9, 0x0F, 0x2B, 0xC9, 0x9B, 0x2D,
    0x2D, 0xF6, 0xB9, 0xE0, 0x79, 0x73, 0x15, 0xCD, 0xE2, 0x9D, 0x39, 0xB5, 0x98, 0x65, 0x71, 0x9D,
    0x67, 0xA4, 0x3D, 0x07, 0x2B, 0x1C, 0xC4, 0x69, 0x02, 0x3B, 0x1E, 0x45, 0xC9, 0xA6, 0xE9, 0xF8,
    0x67, 0xE3, 0x26, 0xDC, 0x0F, 0x62, 0x0D, 0xFB, 0xD3, 0x0F, 0x12, 0xE0, 0xC1, 0xED, 0x58, 0xEE,
    0x1E, 0xC2, 0xFE, 0x2D, 0xF7, 0x9C, 0x0F, 0x7E, 0x45, 0x05, 0xDA, 0xEC, 0x32, 0x2A, 0x9D, 0x79,
    0x59, 0x09, 0xF6, 0x2E, 0xFC, 0xA5, 0xB0, 0x4C, 0x8F, 0xA2, 0x78, 0xA1, 0xE8, 0x6A, 0x86, 0xDD,
    0x93, 0x61, 0x2B, 0x09, 0xEC, 0xA4, 0xB4, 0x14, 0x9E, 0xDA, 0x1D, 0x78, 0x11, 0x7F, 0x00, 0xDB,
    0x2C, 0xE2, 0x20, 0xFD, 0x07, 0x31, 0x24, 0x3A, 0x88, 0xFD, 0x15, 0x1D, 0xBF, 0xBC, 0x2F, 0xA1,
    0x88, 0xAB, 0xCA, 0x9E, 0x2A, 0x8F, 0xA1, 0xDC, 0x40, 0x79, 0x15, 0x7E, 0xBC, 0x86, 0x52, 0xBC,
    0x8E, 0x5A, 0xFC, 0x4B, 0xF5, 0x62, 0x7C, 0x35, 0xBE, 0x1E, 0xFF, 0x22, 0xDE, 0x88, 0x7F, 0xFE,
    0x7F, 0x5F, 0xC6, 0xD1, 0x83, 0x0F, 0xE3, 0xE8, 0x2A, 0xDB, 0x8B, 0x2F, 0xC5, 0x51, 0x8D, 0x0B,
    0x55, 0x34, 0xBE, 0xB0, 0x27, 0x4D, 0xE8, 0xF5, 0x4C, 0x5F, 0x9B, 0xD6, 0xBD, 0x07, 0xC5, 0x95,
    0x04, 0x30, 0x34, 0x01, 0xA3, 0x22, 0xE0, 0x55, 0xA0, 0x5A, 0x8D, 0x14, 0xF8, 0x93, 0x07, 0x73,
    0xC0, 0xE0, 0x85, 0x37, 0x8E, 0x5C, 0x78, 0x48, 0xC4, 0x66, 0x96, 0x8C, 0xCD, 0x18, 0x23, 0x69,
    0x96, 0x94, 0x98, 0xCD, 0xE4, 0xFE, 0xF2, 0x45, 0x40, 0xF7, 0x5E, 0x0D, 0xA2, 0x11, 0x5D, 0x7F,
    0x4F, 0x7A, 0xC1, 0x89, 0xA0, 0x28, 0x98, 0x38, 0x8F, 0x3E, 0x32, 0x88, 0xE3, 0xC0, 0x87, 0x69,
    0x36, 0x01, 0xC0, 0xFF, 0xD9, 0x1C, 0x9F, 0xC6, 0x53, 0x01, 0xFB, 0x77, 0x5B, 0xC5, 0x77, 0x43,
    0xFF, 0xB5, 0x39, 0x38, 0x3C, 0x8F, 0x92, 0x32, 0x7D, 0xAB, 0xA8, 0xFB, 0x44, 0x93, 0x4B, 0x09,
    0x9D, 0x07, 0x99, 0x71, 0xA7, 0x55, 0x58, 0xF7, 0xE0, 0xDC, 0x8A, 0xFD, 0xB3, 0x49, 0x51, 0xEE,
    0xDA, 0x38, 0xC9, 0x21, 0x5B, 0xEB, 0x82, 0x74, 0xF9, 0x73, 0x9D, 0xD6, 0x76, 0xB2, 0x27, 0x4D,
    0x3B, 0x59, 0x78, 0x26, 0x19, 0xCB, 0x12, 0x9C, 0x4D, 0x68, 0x73, 0x7B, 0x42, 0x0B, 0xD0, 0x83,
    0xB4, 0x9B, 0x4B, 0x57, 0xB8, 0x82, 0x99, 0x7E, 0x82, 0xFE, 0x9C, 0x8B, 0x4C, 0x46, 0xA6, 0x62,
    0xDA, 0xE9, 0x45, 0x62, 0xC4, 0x19, 0x0D, 0x83, 0x15, 0x7B, 0x2D, 0x63, 0xD4, 0xD9, 0x64, 0xD4,
    0x21, 0x78, 0xE6, 0xCD, 0x0D, 0xC5, 0x81, 0x05, 0x3D, 0x23, 0x70, 0x3D, 0x7B, 0xDA, 0xCD, 0xB7,
    0x5D, 0x1A, 0x03, 0xF7, 0xBD, 0x1F, 0x73, 0x9D, 0x6F, 0xED, 0xB5, 0x9B, 0x4B, 0x2F, 0x13, 0x13,
    0xA4, 0xCF, 0xFE, 0x62, 0xDF, 0x7C, 0x5B, 0xDC, 0x55, 0xEC, 0xBE, 0x0B, 0x1C, 0x37, 0x97, 0xC4,
    0x26, 0xEC, 0xB6, 0xF2, 0xEF, 0xA6, 0xC4, 0xA3, 0xE7, 0x65, 0x4E, 0x65, 0x2C, 0xEE, 0xE2, 0xCC,
    0x02, 0xE7, 0x47, 0x1F, 0x1D, 0x45, 0x8B, 0xA7, 0xAC, 0xB6, 0x8A, 0x18, 0xA2, 0x22, 0xFF, 0xBD,
    0x24, 0xAA, 0xF2, 0x59, 0xEA, 0x18, 0x6F, 0x46, 0x04, 0x2E, 0x8D, 0x32, 0xDD, 0xA6, 0xCC, 0x78,
    0x14, 0xC8, 0x31, 0x73, 0x4E, 0xFA, 0xB0, 0xAF, 0x9B, 0x25, 0xA5, 0x77, 0x93, 0xC0, 0xEA, 0xC8,
    0xE8, 0xF7, 0x13, 0x2F, 0x4B, 0x9C, 0xFF, 0x4E, 0xBC, 0xEF, 0x27, 0xBE, 0x95, 0x54, 0xAC, 0xA4,
    0x61, 0x25, 0xEE, 0x16, 0xC6, 0x96, 0xF0, 0xB4, 0x27, 0xAB, 0x5D, 0xCA, 0x54, 0xC0, 0xF8, 0xE4,
    0xAB, 0x89, 0x75, 0x55, 0xBA, 0xAD, 0x18, 0x84, 0xEC, 0x0C, 0xFE, 0x24, 0x67, 0x83, 0x17, 0xDA,
    0x78, 0x71, 0x36, 0x0C, 0x9C, 0x78, 0xDC, 0x16, 0xE1, 0x8E, 0xBF, 0xA4, 0xEC, 0x2D, 0x64, 0xE9,
    0xE6, 0x8A, 0x1E, 0xD1, 0x41, 0xD6, 0xDA, 0x3C, 0xAF, 0x0B, 0x9B, 0x17, 0xB3, 0xAD, 0x4C, 0x6F,
    0x4E, 0x6A, 0xF4, 0x7E, 0xDD, 0x2C, 0xF6, 0xFE, 0x21, 0xF6, 0x1C, 0x11, 0x9A, 0x58, 0xC1, 0x89,
    0x47, 0x9C, 0xF8, 0xE2, 0xB9, 0x84, 0xFE, 0x43, 0x68, 0xA4, 0xBC, 0x8E, 0xD7, 0x39, 0x54, 0x69,
    0x09, 0x81, 0x13, 0x8E, 0x3B, 0x71, 0x2D, 0x8B, 0xAB, 0xD3, 0x2A, 0xB0, 0x78, 0x44, 0x11, 0x9B,
    0xC4, 0x2C, 0x8B, 0xBE, 0x0F, 0xEF, 0xB5, 0x0A, 0x9C, 0xFF, 0xAD, 0x73, 0x05, 0x34, 0xFF, 0x2E,
    0xC3, 0xFB, 0x69, 0x05, 0x25, 0x1E, 0x97, 0xF3, 0x9E, 0x9E, 0x58, 0x79, 0x6E, 0x84, 0x70, 0xD6,
    0xC2, 0xC2, 0x70, 0x71, 0x62, 0xD5, 0x6B, 0x69, 0x5F, 0xD7, 0xF4, 0xA2, 0xBE, 0xB7, 0xF1, 0xC9,
    0x37, 0x7E, 0xDB, 0xDF, 0xF1, 0xE9, 0x5F, 0x18, 0x99, 0xF7, 0x52, 0x4B, 0x1D, 0x3D, 0xA3, 0x47,
    0xA1, 0x1B, 0xD0, 0x1A, 0x1B, 0x09, 0x08, 0x94, 0xBF, 0x4B, 0x64, 0xDF, 0xF8, 0x12, 0xFC, 0x2C,
    0xF4, 0x67, 0xC2, 0x82, 0xBB, 0x2F, 0x23, 0x6E, 0xD8, 0x70, 0xC3, 0x96, 0x1B, 0xEE, 0x60, 0xA7,
    0x6D, 0xED, 0x64, 0xCE, 0xCE, 0xC3, 0x97, 0x57, 0x36, 0xDE, 0x0A, 0x1E, 0x7C, 0x1C, 0xDC, 0xFF,
    0x3A, 0xD0, 0x3B, 0x81, 0xAE, 0x07, 0xDA, 0xCF, 0xBF, 0x59, 0xB6, 0x39, 0x9B, 0xEF, 0xD9, 0x8F,
    0x88, 0xB1, 0xAA, 0xAB, 0xBF, 0x24, 0x57, 0xA1, 0x3C, 0xDF, 0x23, 0x64, 0xED, 0xCD, 0x0B, 0xBA,
    0xD0, 0xFB, 0x7D, 0xB0, 0x85, 0xF6, 0x1A, 0xB6, 0x68, 0xAD, 0xAE, 0xA2, 0xD9, 0x71, 0xCB, 0x7D,
    0x1E, 0xD9, 0xD8, 0xDA, 0x8F, 0x69, 0x54, 0x98, 0x9F, 0x2B, 0x0C, 0xC8, 0x85, 0xFB, 0x9D, 0x01,
    0xB3, 0x73, 0x9F, 0x39, 0x71, 0xEF, 0x97, 0x6C, 0x29, 0x70, 0xC3, 0xB2, 0x87, 0x82, 0x0F, 0x7F,
    0x04, 0xEE, 0xDF, 0xC0, 0x59, 0x86, 0xAD, 0x61, 0x51, 0x12, 0x7C, 0x27, 0xC6, 0x18, 0xF6, 0x71,
    0xC7, 0xE6, 0x23, 0xAF, 0xE9, 0x20, 0x08, 0xC6, 0x83, 0x72, 0x2E, 0xDC, 0xE7, 0x11, 0x1E, 0xDF,
    0xEB, 0x43, 0x33, 0x29, 0x16, 0xE0, 0x05, 0x70, 0x5A, 0x32, 0x0E, 0xB7, 0x04, 0x47, 0x41, 0x46,
    0x4F, 0xE9, 0x02, 0x8E, 0xCA, 0xF6, 0x92, 0x62, 0x50, 0x43, 0x1E, 0x62, 0xB8, 0x04, 0xE6, 0x31,
    0xA3, 0x42, 0xBD, 0x38, 0xD6, 0xB6, 0x7E, 0x88, 0x02, 0x0A, 0x3A, 0x38, 0x46, 0xB6, 0xD7, 0xDE,
    0x27, 0x95, 0xE1, 0x0E, 0x1E, 0xD7, 0xB6, 0xD7, 0x64, 0x60, 0x8E, 0x2C, 0xE3, 0x9A, 0x66, 0xA9,
    0x4C, 0x61, 0x46, 0xD1, 0x2B, 0x69, 0x77, 0xA1, 0xFB, 0x2E, 0x95, 0x17, 0x89, 0x16, 0xDF, 0x4D,
    0xF9, 0x53, 0x93, 0xB2, 0x19, 0xC9, 0x5A, 0xF3, 0xDB, 0xAB, 0xF3, 0xBA, 0x20, 0xC2, 0x1D, 0xFE,
    0xCC, 0x4D, 0x35, 0x6B, 0x6D, 0xAF, 0xCA, 0xD4, 0xB6, 0x57, 0xB3, 0x56, 0xEE, 0x19, 0xE3, 0x5E,
    0xEE, 0x07, 0x31, 0xCE, 0x85, 0xCF, 0xBB, 0x6A, 0x74, 0x09, 0x3C, 0xAE, 0x49, 0xDD, 0xF4, 0xC4,
    0x2A, 0xC3, 0x07, 0xD7, 0x48, 0x7B, 0x2A, 0x23, 0x41, 0xDB, 0xE4, 0x5F, 0xF3, 0x5B, 0x8E, 0xF3,
    0xBC, 0x97, 0x61, 0x62, 0x96, 0x97, 0xA3, 0xEA, 0xA1, 0x94, 0xC1, 0x9B, 0x41, 0x81, 0x04, 0xCE,
    0x03, 0xE9, 0x1F, 0xF2, 0xA9, 0x26, 0xB2, 0xD3, 0xC7, 0xF0, 0x05, 0xA9, 0x8B, 0xC8, 0x3F, 0xFD,
    0xFC, 0x83, 0x1E, 0x91, 0x60, 0x41, 0x21, 0xD8, 0x45, 0x6D, 0x49, 0x55, 0x1D, 0x71, 0xD3, 0x43,
    0x22, 0xF7, 0x23, 0x5B, 0x1E, 0x33, 0x77, 0x76, 0x05, 0xDD, 0x8E, 0x78, 0xA9, 0x31, 0x28, 0x5A,
    0x68, 0x28, 0xFC, 0x58, 0xA3, 0x3A, 0xC9, 0xBB, 0xA9, 0xFC, 0x0E, 0x1E, 0x35, 0xF1, 0x3E, 0x82,
    0x21, 0x8C, 0x42, 0xF6, 0x51, 0xC2, 0x73, 0x1E, 0x26, 0x96, 0xCC, 0xBE, 0x98, 0x43, 0xF7, 0x03,
    0x09, 0xE3, 0x26, 0xBE, 0x1C, 0xFE, 0xE6, 0x71, 0xE7, 0xB8, 0x33, 0x3E, 0x07, 0xAD, 0xD3, 0xCD,
    0x62, 0xF8, 0xA4, 0x9E, 0x74, 0x65, 0xB6, 0x8C, 0x11, 0xEC, 0x4E, 0x8B, 0x38, 0x31, 0x2E, 0xAD,
    0xC1, 0xFD, 0x26, 0x8F, 0x89, 0x07, 0x77, 0xDB, 0xF6, 0xD2, 0xBF, 0xD1, 0xCC, 0xB9, 0xA0, 0xBC,
    0x80, 0xCE, 0xC5, 0xF6, 0x1E, 0x9B, 0xE4, 0x02, 0xA2, 0x8B, 0x8E, 0x95, 0xF6, 0x51, 0x07, 0xC4,
    0xEE, 0xF3, 0x14, 0xA6, 0x8F, 0xF3, 0xCB, 0x7C, 0x1D, 0x25, 0x77, 0x3C, 0x8A, 0x25, 0xF0, 0x9E,
    0x85, 0xC3, 0xE7, 0x57, 0x18, 0xC4, 0xB9, 0x0E, 0xFA, 0xF7, 0xF6, 0xFB, 0x59, 0x3B, 0x77, 0xCC,
    0xA8, 0x70, 0x72, 0x6B, 0x96, 0x9C, 0x78, 0x62, 0x7D, 0x49, 0x79, 0x5F, 0xEC, 0xE2, 0xA8, 0x8F,
    0x44, 0x41, 0xF1, 0x62, 0xB6, 0x5A, 0xBA, 0xC4, 0xE4, 0x06, 0x8C, 0x6A, 0xB3, 0x53, 0xA2, 0x69,
    0xFF, 0xDF, 0xA9, 0x51, 0x32, 0x4D, 0xC9, 0x78, 0x8C, 0xD4, 0x49, 0x77, 0x05, 0xCA, 0xCC, 0x3A,
    0x1C, 0xE8, 0x99, 0x29, 0xAA, 0xCE, 0x27, 0x2D, 0xA5, 0x70, 0x27, 0xCB, 0x83, 0x0C, 0xB3, 0x1D,
    0x92, 0x32, 0x4D, 0x70, 0x7E, 0x5D, 0x96, 0x94, 0x48, 0x8D, 0x6B, 0x9B, 0x64, 0x2D, 0x92, 0x67,
    0x34, 0x89, 0xD9, 0x81, 0xA5, 0x4D, 0x1F, 0xF6, 0xD5, 0xA5, 0x54, 0x5F, 0x5C, 0xD1, 0x7A, 0xE4,
    0x7E, 0x2A, 0x34, 0xF3, 0x77, 0x5F, 0x51, 0x7F, 0x23, 0x7A, 0x6D, 0x85, 0xC7, 0x8F, 0x27, 0xDE,
    0x99, 0x2E, 0x2E, 0xE8, 0xCA, 0x78, 0x93, 0xF8, 0x52, 0x1F, 0xE7, 0x40, 0x20, 0x68, 0x53, 0x63,
    0xD4, 0x1B, 0xB5, 0x57, 0x5A, 0x47, 0xE5, 0xAE, 0x0A, 0xBE, 0x0C, 0xE7, 0xC9, 0xDD, 0xAC, 0x16,
    0x22, 0x9A, 0x65, 0xE4, 0xFC, 0x07, 0x19, 0xD4, 0x5F, 0x33, 0x68, 0x92, 0x15, 0x12, 0xF0, 0x9B,
    0x45, 0x8F, 0xE1, 0x36, 0x8B, 0xAF, 0x2D, 0x3C, 0x8C, 0xA3, 0xE6, 0xFD, 0x34, 0xD2, 0x5A, 0xFF,
    0x3C, 0xD5, 0x4D, 0x26, 0x3C, 0xDA, 0x8F, 0x75, 0x31, 0xD1, 0x41, 0xAA, 0xEB, 0x51, 0xB6, 0xDB,
    0xDA, 0xFC, 0x66, 0xE5, 0xFE, 0xED, 0xCA, 0xC6, 0xAD, 0xC2, 0x18, 0x1F, 0xD8, 0x7F, 0x87, 0x4E,
    0x49, 0x08, 0x70, 0xC8, 0x8A, 0xAD, 0x2F, 0xB9, 0xF6, 0x04, 0x8A, 0x12, 0xA3, 0xF9, 0xC2, 0xC2,
    0x05, 0x34, 0xC9, 0xB4, 0x34, 0x97, 0xB0, 0xDB, 0x38, 0x49, 0xF7, 0x76, 0xE2, 0x7C, 0x18, 0xE3,
    0x2E, 0x1D, 0x39, 0x1D, 0x5D, 0xDB, 0xDA, 0xC3, 0xC3, 0xC8, 0x23, 0x95, 0x8F, 0x9C, 0xAF, 0x16,
    0x38, 0xB7, 0x24, 0x80, 0xA1, 0x79, 0x11, 0xFE, 0x2E, 0x25, 0xFF, 0xAD, 0xC5, 0x79, 0xEE, 0x75,
    0x6D, 0x6E, 0x76, 0x36, 0x8C, 0x24, 0x2E, 0x1D, 0xDA, 0xE8, 0xB1, 0x2C, 0xD5, 0xFE, 0x3F, 0xC6,
    0xDA, 0x7D, 0x05, 0xDA, 0xFE, 0x58, 0x4C, 0x38, 0xD9, 0x5C, 0xB8, 0xA1, 0xF5, 0x1B, 0xF3, 0xF3,
    0x3A, 0x9A, 0x1F, 0x97, 0x36, 0x34, 0x04, 0x3E, 0xAF, 0xA1, 0x20, 0x28, 0xB5, 0x30, 0xB4, 0xD6,
    0x5D, 0xB3, 0x8A, 0x20, 0x8F, 0x75, 0xD1, 0xEC, 0x13, 0x94, 0x7C, 0x39, 0x35, 0xD6, 0xEA, 0x18,
    0x7B, 0xEE, 0x5E, 0xDF, 0x1E, 0x77, 0xB5, 0xC5, 0x27, 0xAB, 0xB5, 0xCE, 0xAC, 0x60, 0x84, 0xF4,
    0xB1, 0x35, 0x74, 0x1E, 0x85, 0xA1, 0xD5, 0x5A, 0xAB, 0x8E, 0x09, 0xBA, 0x6D, 0x54, 0x21, 0x1A,
    0xF6, 0xB4, 0x66, 0x85, 0xE1, 0x9E, 0xB0, 0x3D, 0x7A, 0x7E, 0x81, 0x8F, 0xD9, 0x02, 0xCE, 0x4B,
    0xB2, 0xDE, 0xD3, 0xEA, 0x22, 0xBA, 0x5E, 0xEE, 0x11, 0xB2, 0x8C, 0xA0, 0x5E, 0xAF, 0xD7, 0xD6,
    0xB4, 0x47, 0x77, 0xA9, 0x77, 0xFA, 0xEC, 0xF1, 0xE5, 0x32, 0x46, 0x02, 0x14, 0x6B, 0x59, 0x56,
    0x9D, 0x9E, 0xE5, 0x8E, 0xE1, 0xCB, 0xDD, 0x04, 0xDB, 0xC4, 0xC0, 0x2A, 0x01, 0xEC, 0x76, 0x5C,
    0x5D, 0x67, 0x6E, 0xB1, 0x1F, 0x03, 0xEB, 0x28, 0x06, 0xA8, 0x92, 0xFD, 0x14, 0xC5, 0xBD, 0x53,
    0x9A, 0x09, 0x8D, 0x85, 0x26, 0x63, 0xFD, 0x5A, 0xCC, 0x07, 0xBB, 0x42, 0x3A, 0xE7, 0xED, 0x34,
    0x70, 0x2F, 0x73, 0xA1, 0x46, 0x0A, 0x62, 0x29, 0x0C, 0x3E, 0xEE, 0x32, 0x1C, 0x2D, 0xAE, 0xC6,
    0x8F, 0xFB, 0x2A, 0xAC, 0x8F, 0x60, 0xA6, 0x7C, 0xF2, 0x50, 0xFC, 0x94, 0x23, 0x14, 0xBE, 0x67,
    0xD2, 0xDA, 0x3E, 0xC3, 0xAE, 0x0B, 0x42, 0xC8, 0xE4, 0x45, 0xC1, 0x81, 0xD1, 0x49, 0xA5, 0x22,
    0xE0, 0x50, 0x28, 0x92, 0x51, 0xC1, 0x17, 0xD2, 0x0C, 0xDF, 0x7D, 0x89, 0x98, 0x59, 0x60, 0xFE,
    0xCA, 0xB3, 0xF6, 0x27, 0xD2, 0xD3, 0xFA, 0xDA, 0x5C, 0xB5, 0x63, 0x46, 0x58, 0x46, 0x9E, 0x05,
    0xF3, 0x73, 0xCA, 0x24, 0xC4, 0xA4, 0xE1, 0xF6, 0x23, 0x29, 0x02, 0x90, 0x1E, 0x36, 0x03, 0x1A,
    0x99, 0x1E, 0xB7, 0x7F, 0x95, 0xA4, 0xA4, 0x05, 0x5F, 0x08, 0x3D, 0xB8, 0x2A, 0x6A, 0x79, 0x53,
    0xA0, 0xB7, 0xC6, 0x7E, 0x82, 0xB9, 0xC2, 0x07, 0x89, 0x58, 0x32, 0x90, 0x93, 0xC2, 0xCA, 0x42,
    0xEF, 0x2E, 0xD1, 0xA9, 0x1E, 0xE0, 0x74, 0x4F, 0xAE, 0x10, 0xF8, 0x3F, 0xDA, 0xB1, 0xB3, 0x46,
    0x7E, 0x2C, 0x67, 0x07, 0x55, 0x03, 0xE6, 0x1D, 0x76, 0x00, 0x83, 0xDE, 0x39, 0x79, 0xC8, 0xA9,
    0xA8, 0x05, 0x46, 0x5E, 0xF7, 0xAF, 0x04, 0xF9, 0x41, 0x2B, 0xFB, 0x54, 0xFD, 0x67, 0x28, 0x94,
    0xDF, 0x4F, 0x51, 0xFE, 0x53, 0x88, 0x6E, 0xBE, 0xBB, 0xAE, 0xFF, 0x99, 0x7F, 0x9E, 0xD1, 0x6B,
    0x5C, 0xE0, 0x37, 0xBE, 0x87, 0xF2, 0xF3, 0xC3, 0xC0, 0x58, 0xF2, 0xC2, 0xDA, 0x70, 0x5E, 0xCD,
    0x91, 0xD9, 0x40, 0xB2, 0x3D, 0x78, 0x31, 0x5A, 0xF8, 0x56, 0x68, 0xFD, 0x05, 0xF6, 0x3F, 0x55,
    0xF6, 0xC5, 0x5F, 0x02, 0x7F, 0xA6, 0xF6, 0x8F, 0xF9, 0x31, 0x7D, 0xFA, 0x8F, 0x42, 0x6B, 0x8A,
    0xD7, 0x4A, 0xF8, 0x73, 0xDF, 0xE8, 0x0C, 0x00, 0x88, 0xAA, 0x63, 0xD8, 0x56, 0x38, 0x6C, 0x85,
    0x04, 0x85, 0xD8, 0x52, 0x3D, 0x03, 0x4D, 0xC0, 0x4C, 0xD7, 0x7C, 0x94, 0x95, 0x58, 0xF1, 0x29,
    0xC4, 0x97, 0xA5, 0x3F, 0xF2, 0x6E, 0x03, 0xE7, 0x9D, 0xAB, 0x2B, 0xCC, 0x5D, 0x44, 0x9D, 0x41,
    0x7E, 0xDB, 0x91, 0x79, 0x78, 0xA9, 0x0C, 0x42, 0x5B, 0xD1, 0x35, 0xE8, 0x45, 0xE8, 0x7B, 0xD8,
    0xF8, 0x04, 0xDF, 0x90, 0x70, 0xF9, 0xD8, 0xF1, 0xC9, 0x16, 0x4D, 0xF0, 0x74, 0x15, 0x86, 0x30,
    0x38, 0xC4, 0xF6, 0xC1, 0xD7, 0x03, 0x19, 0xE1, 0x9F, 0xC7, 0xCD, 0x9A, 0x92, 0x84, 0xFE, 0x15,
    0x44, 0xD6, 0x7E, 0x92, 0x70, 0x0C, 0x01, 0x5C, 0x94, 0x23, 0x0F, 0x32, 0x68, 0xAB, 0x43, 0x00,
    0xCD, 0x7C, 0xFC, 0xC7, 0xD6, 0x1B, 0xB8, 0x39, 0x1A, 0xE3, 0xBD, 0x4C, 0x7B, 0xEF, 0x4C, 0x7A,
    0xA6, 0x80, 0xE7, 0x2B, 0x29, 0x22, 0x95, 0xDE, 0x46, 0xFE, 0x73, 0x4F, 0x6A, 0x3B, 0xD5, 0x29,
    0x12, 0x3C, 0xC6, 0x51, 0xD9, 0xCA, 0xB7, 0xB7, 0xFE, 0xF0, 0xCB, 0x5D, 0xAC, 0xCD, 0xAA, 0x15,
    0x46, 0x25, 0x23, 0xF2, 0x0C, 0x25, 0x15, 0xED, 0x4A, 0x1C, 0xEC, 0xDE, 0xEE, 0xA1, 0xDE, 0x6D,
    0x30, 0x02, 0x8C, 0xE8, 0x67, 0xD1, 0x70, 0x38, 0xDD, 0xFF, 0x57, 0x69, 0x62, 0x42, 0x49, 0x69,
    0x22, 0xEE, 0x30, 0xA5, 0x7C, 0x63, 0xA9, 0x13, 0x52, 0x81, 0xCB, 0x3C, 0xDF, 0x9B, 0xC2, 0x4D,
    0x0E, 0x52, 0xD9, 0xC0, 0x77, 0x69, 0x05, 0x02, 0x0A, 0x47, 0x73, 0x08, 0x42, 0xE9, 0x1B, 0x76,
    0x7A, 0x52, 0x99, 0xE2, 0x37, 0x12, 0xA3, 0x3A, 0x5E, 0x76, 0xFA, 0x78, 0x36, 0x31, 0xA1, 0x74,
    0x29, 0x14, 0xBE, 0x41, 0xB1, 0x18, 0x61, 0x13, 0xD1, 0x9B, 0xA7, 0xAE, 0xBE, 0x86, 0xAB, 0xE7,
    0x71, 0x7D, 0x45, 0x2A, 0x4B, 0xDC, 0x5E, 0x9D, 0x65, 0x88, 0x33, 0x05, 0x25, 0x2B, 0x15, 0x32,
    0xE9, 0x63, 0x23, 0xC0, 0xC3, 0x65, 0x79, 0xC8, 0x87, 0x75, 0x6C, 0x54, 0x8C, 0x8D, 0x7A, 0xE1,
    0x22, 0xB3, 0xD1, 0x33, 0x9A, 0xCB, 0xC7, 0x7B, 0xC9, 0xCD, 0x70, 0x5F, 0x1B, 0xD6, 0x83, 0x4D,
    0x31, 0x0C, 0x82, 0x84, 0xAE, 0x76, 0x88, 0x12, 0x39, 0xB0, 0x76, 0x92, 0x4C, 0xE9, 0x99, 0x97,
    0x12, 0xF7, 0x15, 0xE5, 0xFE, 0x13, 0xDC, 0x1D, 0xB8, 0x3F, 0x83, 0xFB, 0x4A, 0xE8, 0xF2, 0x88,
    0xD2, 0x27, 0x55, 0x42, 0xB6, 0x22, 0xC1, 0xCB, 0x8A, 0x91, 0xA7, 0xE4, 0xEE, 0x5D, 0x61, 0x08,
    0xDC, 0x9C, 0xCD, 0xF7, 0xBB, 0x1E, 0x62, 0x88, 0x7D, 0x44, 0xCB, 0x8F, 0xF0, 0x68, 0x4A, 0x2A,
    0x28, 0xD2, 0x9A, 0x52, 0x49, 0x11, 0xF2, 0x30, 0x9D, 0xFF, 0x3E, 0xDC, 0xC8, 0xAC, 0xB4, 0x3F,
    0x79, 0x64, 0x4C, 0x11, 0xB9, 0x8C, 0x76, 0x77, 0xA8, 0xC6, 0xF9, 0x8D, 0x64, 0xDF, 0xED, 0x39,
    0xF1, 0x73, 0xAA, 0x8A, 0x8F, 0x17, 0x76, 0x37, 0x92, 0x66, 0x6B, 0x2E, 0x12, 0x1E, 0xEC, 0x18,
    0x94, 0x60, 0x5E, 0x45, 0x95, 0x5C, 0x10, 0xEE, 0xD5, 0xE5, 0x8D, 0x24, 0x2B, 0x24, 0x99, 0xBA,
    0x60, 0x25, 0x3C, 0x96, 0xB2, 0x51, 0x69, 0x6E, 0xDC, 0x0D, 0x9E, 0xA6, 0x80, 0xE5, 0xA6, 0x8B,
    0x09, 0x7C, 0x8B, 0xAA, 0xAC, 0x90, 0x7A, 0xC2, 0xD0, 0xE1, 0xCE, 0x26, 0x36, 0x9B, 0x65, 0x62,
    0xFC, 0x03, 0xDA, 0xA9, 0x68, 0xDC, 0xBD, 0x93, 0xFD, 0x0F, 0x21, 0xFE, 0xB7, 0x6D, 0x53, 0xEC,
    0xF4, 0x7F, 0xBC, 0x85, 0xA0, 0x74, 0x1E, 0xE3, 0x8C, 0x25, 0xE3, 0x82, 0x09, 0xE5, 0x02, 0xAA,
    0x7E, 0x83, 0x16, 0xD8, 0x56, 0x76, 0xC6, 0x40, 0x30, 0x40, 0x99, 0x07, 0x7F, 0xC2, 0x29, 0x08,
    0x6E, 0xF6, 0x49, 0xEF, 0xF0, 0xBA, 0x01, 0x30, 0x29, 0xE2, 0xF6, 0xAD, 0x09, 0x2D, 0x00, 0x17,
    0x05, 0xE1, 0x45, 0x86, 0x0E, 0x27, 0x85, 0x89, 0xA3, 0x0D, 0x4E, 0x4C, 0x36, 0x64, 0x3E, 0x2D,
    0xA2, 0x93, 0xCB, 0x28, 0xF9, 0x91, 0x92, 0xFA, 0xCE, 0x8A, 0x99, 0xD6, 0xF8, 0xBE, 0xEC, 0x31,
    0xDC, 0x62, 0x2F, 0xC3, 0x6D, 0x09, 0xC3, 0x95, 0x12, 0xAF, 0x91, 0xE3, 0xC7, 0xA1, 0x57, 0x65,
    0xB1, 0xC5, 0xDC, 0xE4, 0xA4, 0x71, 0xB8, 0x36, 0xF9, 0x68, 0x27, 0x15, 0x9B, 0x1E, 0x05, 0x58,
    0xEC, 0x32, 0xA2, 0xA1, 0xC7, 0xA4, 0xA1, 0x93, 0x81, 0xD7, 0x9D, 0x16, 0x26, 0xA9, 0x25, 0x51,
    0x13, 0x93, 0x3E, 0xF4, 0x6F, 0x7F, 0x7F, 0x45, 0x54, 0xBA, 0xD3, 0x89, 0xB6, 0xD2, 0x4E, 0x67,
    0x3A, 0x9D, 0xBB, 0x4C, 0x90, 0x3F, 0x28, 0x57, 0x5A, 0xFE, 0x13, 0x14, 0xB3, 0x5A, 0xE8, 0x85,
    0x87, 0x6E, 0x42, 0x1C, 0x15, 0x50, 0x2F, 0x62, 0x8C, 0x4F, 0xFD, 0x43, 0x03, 0xC5, 0x1D, 0x1F,
    0x12, 0x78, 0x38, 0x30, 0xE0, 0xD9, 0x64, 0xE1, 0xAE, 0x19, 0xF0, 0x8B, 0x04, 0x9F, 0x1A, 0x31,
    0xC3, 0x4A, 0x16, 0x71, 0xFF, 0x07, 0x57, 0x7F, 0xF2, 0xE6, 0xE7, 0x63, 0x6D, 0xE7, 0x73, 0xE7,
    0x27, 0x28, 0xF4, 0xD6, 0x98, 0x04, 0xA7, 0xDB, 0x58, 0x9B, 0x89, 0x05, 0x69, 0xAC, 0x74, 0x4F,
    0xF2, 0x20, 0xB0, 0xD1, 0x6A, 0xAF, 0xB6, 0x0A, 0xDD, 0x12, 0x85, 0x7C, 0xF1, 0x8C, 0x30, 0x80,
    0x25, 0x70, 0xF1, 0xC2, 0x7F, 0xA5, 0x75, 0x5C, 0x8F, 0xED, 0x64, 0x91, 0xD4, 0xD4, 0xFD, 0x6C,
    0x5A, 0x09, 0xF2, 0xDA, 0x3C, 0x66, 0x11, 0x79, 0x70, 0x71, 0x9D, 0x6C, 0xA0, 0x25, 0x1C, 0x00,
    0xDB, 0xAD, 0x7F, 0x49, 0x82, 0xEB, 0x71, 0xA5, 0x96, 0xED, 0x3A, 0x9F, 0x4D, 0xD9, 0xC9, 0x69,
    0x6C, 0xAF, 0x60, 0x2C, 0x7D, 0xE2, 0xA1, 0x9C, 0x9E, 0xDC, 0xBD, 0xCF, 0xB0, 0x0E, 0xE1, 0x9F,
    0x10, 0x1E, 0x1F, 0x7C, 0x01, 0x63, 0x38, 0xEF, 0xF3, 0xE2, 0xB6, 0x3A, 0xF7, 0xF9, 0x3F, 0xA8,
    0x0E, 0x6E, 0x3E, 0x7F, 0xCB, 0xAE, 0x35, 0x72, 0x11, 0x32, 0x9C, 0x41, 0x0A, 0x4F, 0x82, 0xD6,
    0xBE, 0x92, 0x50, 0xB0, 0x2C, 0x61, 0x81, 0x40, 0x7E, 0x6D, 0xCE, 0x40, 0xB8, 0x68, 0xDE, 0x88,
    0x44, 0x9E, 0xBC, 0xC0, 0x72, 0x30, 0xD5, 0xFC, 0x0D, 0x36, 0x17, 0x72, 0x44, 0x37, 0xE8, 0x34,
    0x6A, 0x0C, 0x04, 0xE6, 0x8D, 0x90, 0xFD, 0x55, 0x83, 0xFA, 0x28, 0x1F, 0x6C, 0x61, 0xDE, 0x5C,
    0x55, 0x26, 0xFB, 0x2F, 0x73, 0xC0, 0x51, 0xD5, 0x40, 0x4D, 0x99, 0x98, 0x6D, 0x10, 0xEC, 0xA9,
    0xC7, 0x15, 0xAB, 0x92, 0x96, 0xA8, 0x27, 0x11, 0x90, 0x12, 0x84, 0xDE, 0x07, 0xF8, 0x9B, 0x52,
    0x3A, 0x3D, 0xA6, 0x68, 0x2D, 0xD1, 0xF3, 0x94, 0x86, 0x9B, 0x1C, 0xAE, 0x62, 0x69, 0xC9, 0xD7,
    0x2F, 0x60, 0xE5, 0xA4, 0xB8, 0xF1, 0xC8, 0xC4, 0x8D, 0xB2, 0x79, 0xA4, 0xE1, 0xBE, 0x71, 0x23,
    0xCC, 0x99, 0xD5, 0x09, 0x4E, 0xE4, 0x12, 0x93, 0x93, 0x3D, 0x28, 0x3B, 0x54, 0x3D, 0xBA, 0xC0,
    0xB0, 0x2E, 0x76, 0x3D, 0xF9, 0x04, 0xEF, 0x01, 0x92, 0xA8, 0xD8, 0x65, 0x0A, 0x96, 0xF0, 0x50,
    0xB5, 0x43, 0xB2, 0xDE, 0xB6, 0x76, 0x90, 0x39, 0x3B, 0x78, 0xF8, 0xF2, 0x0A, 0x36, 0xDE, 0x0A,
    0xF0, 0xE0, 0xE3, 0x00, 0xF7, 0xBF, 0x66, 0x1A, 0xBC, 0x53, 0x65, 0x0E, 0x54, 0xEB, 0xA8, 0x79,
    0xC4, 0xA8, 0x5A, 0xF7, 0x7C, 0x84, 0x9A, 0xDC, 0x52, 0x42, 0x2E, 0x86, 0x07, 0x7A, 0xD7, 0xC4,
    0xFE, 0x85, 0x67, 0x05, 0xAC, 0x68, 0xB0, 0xFD, 0xCA, 0xAF, 0x74, 0x8A, 0x5B, 0x61, 0x87, 0xF4,
    0x0E, 0x36, 0xAC, 0x5F, 0x41, 0xFE, 0xA2, 0xB5, 0xDF, 0xB0, 0x3E, 0x03, 0x63, 0x65, 0x73, 0x1A,
    0x81, 0xCE, 0xEB, 0x35, 0x7C, 0x00, 0x3B, 0xA5, 0xBB, 0xC5, 0x9B, 0x53, 0x2E, 0xBD, 0x85, 0xA9,
    0x2F, 0x4A, 0x0C, 0xBB, 0x55, 0x6C, 0x4E, 0xD7, 0x19, 0x44, 0xDD, 0xAD, 0x45, 0x35, 0xB6, 0x74,
    0x37, 0x7D, 0x5A, 0x5E, 0x27, 0x7A, 0x6A, 0x9E, 0xE6, 0xD0, 0x9A, 0x98, 0x99, 0x9E, 0xAC, 0x7B,
    0x6A, 0x72, 0x62, 0xFD, 0x0E, 0xD3, 0x7C, 0x93, 0x25, 0x7D, 0x7B, 0xDC, 0x24, 0x17, 0x6A, 0xD0,
    0x57, 0xC2, 0xEE, 0x48, 0xA7, 0x7C, 0xD2, 0xA7, 0xB2, 0x65, 0x91, 0x3C, 0xDF, 0xA5, 0xD3, 0xD4,
    0x9F, 0x36, 0x71, 0x92, 0x98, 0x50, 0x9D, 0x3E, 0x4F, 0x80, 0x2F, 0x33, 0xCE, 0x62, 0x99, 0x49,
    0x10, 0x3B, 0xF0, 0x49, 0x47, 0x97, 0x70, 0x9A, 0x54, 0xC7, 0x5C, 0xFE, 0xC2, 0x39, 0x09, 0x31,
    0x25, 0x53, 0xA5, 0x13, 0x6F, 0xFA, 0xAF, 0x38, 0xD7, 0xDF, 0x20, 0x43, 0xF5, 0xD6, 0xDB, 0xFA,
    0x0F, 0x2B, 0x66, 0x10, 0xA0, 0xA3, 0x6B, 0xF9, 0xFC, 0xC1, 0xB0, 0x73, 0x3F, 0xDD, 0xCB, 0x91,
    0x06, 0x81, 0x1D, 0x99, 0xE1, 0x6B, 0x9D, 0x8C, 0x68, 0x20, 0x92, 0x8B, 0x4A, 0x20, 0x93, 0x3D,
    0xCA, 0x71, 0x4B, 0x59, 0x3C, 0x34, 0x13, 0xA3, 0x64, 0x82, 0x99, 0x36, 0x56, 0xC6, 0x9F, 0xF4,
    0x39, 0x2B, 0x35, 0x57, 0xC7, 0xBC, 0x7A, 0x90, 0x3E, 0x62, 0xAD, 0x8C, 0x66, 0x53, 0x83, 0xBF,
    0xF1, 0x2D, 0xB5, 0x86, 0x26, 0x1F, 0x53, 0x5B, 0xDB, 0x7B, 0xB6, 0xC1, 0x46, 0x2A, 0x1B, 0xE4,
    0x3C, 0x76, 0x24, 0xEB, 0xCB, 0x8E, 0x01, 0x0C, 0xF2, 0x42, 0x4F, 0x14, 0x54, 0xE8, 0x16, 0x5C,
    0x1F, 0x5F, 0xB0, 0x1F, 0xBC, 0xD6, 0x21, 0xA4, 0xD1, 0xA6, 0xFD, 0x24, 0xD5, 0x73, 0x3D, 0x97,
    0x1F, 0x37, 0xAB, 0x3E, 0x43, 0x1D, 0x3B, 0xAB, 0x63, 0x87, 0x15, 0xB8, 0x30, 0x7A, 0x1B, 0xE4,
    0x65, 0x52, 0x07, 0x2E, 0xB0, 0x0F, 0x17, 0xC7, 0x96, 0xBA, 0x7B, 0xD7, 0x75, 0xA0, 0x17, 0x8C,
    0x90, 0x24, 0x23, 0xEF, 0x3F, 0xD0, 0x6B, 0x07, 0xF6, 0xFF, 0x69, 0x67, 0x1A, 0x03, 0x8E, 0xCF,
    0xA1, 0x72, 0xCF, 0x1B, 0x70, 0x7C, 0xFB, 0x23, 0x38, 0xAF, 0x3E, 0xC9, 0xFC, 0x5F, 0x85, 0x37,
    0xFE, 0x04, 0xE3, 0xEF, 0xCD, 0x67, 0x90, 0xF7, 0x9A, 0x10, 0xAC, 0x1E, 0x06, 0x8E, 0xBE, 0x02,
    0x39, 0x2E, 0x95, 0x5F, 0x26, 0xF9, 0x1D, 0xE1, 0xF7, 0xA9, 0x43, 0x05, 0xFB, 0x16, 0x67, 0x5D,
    0xE6, 0xF7, 0x34, 0xF6, 0x50, 0xAE, 0x53, 0x2E, 0x79, 0xD2, 0x77, 0x93, 0xBD, 0xDE, 0xD6, 0xE7,
    0xF5, 0x48, 0x29, 0x4B, 0x4A, 0xD3, 0x8A, 0xE8, 0x98, 0x0B, 0x49, 0xCA, 0xDC, 0x14, 0xF6, 0x7E,
    0x96, 0x14, 0xC3, 0x6E, 0xE7, 0x1D, 0xC3, 0xE8, 0xE1, 0x12, 0x42, 0x95, 0x2C, 0xC5, 0x55, 0x63,
    0xCC, 0x47, 0xAA, 0x52, 0xE9, 0x97, 0x32, 0xC4, 0xA5, 0x24, 0x0F, 0x6D, 0x59, 0x1E, 0xD9, 0xA4,
    0x24, 0x43, 0x8A, 0x2F, 0x1C, 0x9F, 0xF8, 0x99, 0x70, 0xC4, 0x47, 0x30, 0x34, 0xDF, 0x70, 0x9B,
    0x39, 0xB6, 0x65, 0x8C, 0xFB, 0x52, 0x7A, 0xA3, 0xC7, 0x92, 0xCB, 0x38, 0xA9, 0x6C, 0x85, 0xEA,
    0x17, 0xE5, 0xB8, 0xF4, 0x9A, 0x93, 0x41, 0xAA, 0x58, 0x96, 0x92, 0xC9, 0xA5, 0x98, 0x51, 0x92,
    0x20, 0x35, 0x46, 0xE0, 0x64, 0x6A, 0x76, 0x4F, 0x39, 0x1F, 0x32, 0x77, 0x48, 0x47, 0xCD, 0x8B,
    0xEA, 0x3C, 0x65, 0xF0, 0x4D, 0xCA, 0x20, 0xFF, 0x62, 0x63, 0x52, 0x86, 0x11, 0xF3, 0xE6, 0xEA,
    0xF7, 0x6D, 0x92, 0xAF, 0x6E, 0xDC, 0x40, 0x10, 0xC6, 0x3F, 0x7B, 0x15, 0x19, 0x38, 0x5E, 0x87,
    0x38, 0x05, 0xF1, 0xF9, 0x48, 0x41, 0x81, 0x95, 0x04, 0x2C, 0x30, 0x38, 0xD5, 0xCB, 0xCA, 0xC2,
    0xAE, 0x07, 0x0A, 0xAE, 0x2F, 0x50, 0x69, 0xC1, 0xC1, 0xD3, 0x79, 0x79, 0x5F, 0x22, 0xEA, 0x13,
    0xB8, 0x52, 0xA5, 0x82, 0x92, 0x79, 0x84, 0x2D, 0x29, 0x5E, 0xA9, 0xB8, 0x92, 0xC1, 0x81, 0x90,
    0xC4, 0x1D, 0xBB, 0xD7, 0x3F, 0xE7, 0xDE, 0xCC, 0x4F, 0x0B, 0x3C, 0xB3, 0xB3, 0x33, 0xDF, 0xB8,
    0x44, 0x97, 0xC2, 0x0B, 0xEB, 0xC5, 0x57, 0x92, 0x9F, 0x6D, 0xF9, 0x12, 0x95, 0x84, 0x8A, 0xB4,
    0x12, 0x64, 0xE0, 0x6F, 0xF6, 0x38, 0x7B, 0x07, 0xC8, 0x29, 0xD9, 0x1A, 0x4D, 0x4F, 0x37, 0x3A,
    0xA2, 0xE0, 0x8F, 0x0B, 0x9A, 0xB9, 0x4F, 0xF7, 0xE0, 0x80, 0xCE, 0xF8, 0x4E, 0x79, 0x9A, 0xFA,
    0x09, 0xD9, 0x8A, 0x10, 0x0C, 0x3C, 0x0F, 0x5C, 0x75, 0xCC, 0xAE, 0x90, 0x07, 0x6B, 0xE8, 0x4A,
    0x27, 0xC8, 0xF9, 0x46, 0xC9, 0xE7, 0x0C, 0x09, 0xBF, 0x5A, 0xF7, 0xBA, 0x78, 0xED, 0x72, 0xF8,
    0x1C, 0xED, 0xFF, 0xA8, 0x5A, 0xAB, 0x67, 0xA4, 0xE0, 0x14, 0x3C, 0x53, 0x8D, 0x94, 0x21, 0xA5,
    0x6F, 0x6C, 0xF8, 0x88, 0xB1, 0x32, 0xEA, 0x3D, 0xB7, 0x16, 0x9F, 0xF2, 0xDA, 0x67, 0x5B, 0x7E,
    0x46, 0x22, 0x65, 0x97, 0x98, 0x65, 0xDB, 0xC6, 0xBF, 0x05, 0xCC, 0x48, 0xD3, 0x0F, 0x13, 0x73,
    0x0F, 0xDC, 0x0A, 0x16, 0x80, 0x1A, 0xBF, 0x76, 0x80, 0x1B, 0x06, 0xA9, 0x7B, 0x5B, 0x2C, 0xBB,
    0x04, 0x66, 0x82, 0x5C, 0xB6, 0x69, 0xDF, 0xA9, 0x46, 0xBF, 0xF8, 0xE6, 0x0B, 0xB4, 0x29, 0x36,
    0xAC, 0x6C, 0x82, 0x4D, 0x0E, 0x53, 0xA2, 0x2B, 0x2F, 0x5D, 0xD5, 0xE8, 0x7A, 0x9E, 0xFE, 0xB5,
    0x63, 0x3D, 0x03, 0xBA, 0xA4, 0x9A, 0x86, 0x99, 0x57, 0x74, 0xCE, 0x93, 0xA0, 0xFD, 0x8D, 0x9F,
    0x05, 0x2E, 0x5D, 0x51, 0xF8, 0x04, 0xB6, 0x2A, 0x20, 0x1E, 0x32, 0x0F, 0x29, 0x09, 0x49, 0x0A,
    0x1B, 0x0B, 0x1B, 0x45, 0x10, 0x77, 0x10, 0x0F, 0x68, 0x2C, 0x2E, 0x80, 0xE8, 0x01, 0xD7, 0x6B,
    0x54, 0xC2, 0xAA, 0x90, 0x38, 0x79, 0xCE, 0x95, 0x83, 0xC3, 0x02, 0xFE, 0x85, 0xD3, 0x8A, 0x49,
    0x5A, 0x48, 0x10, 0xF6, 0x6C, 0xCD, 0xAA, 0x61, 0x13, 0x63, 0x11, 0x23, 0x97, 0x90, 0x09, 0xE2,
    0x12, 0xA2, 0x83, 0x20, 0x70, 0x9C, 0x15, 0x80, 0x07, 0xDA, 0x51, 0x10, 0x85, 0x85, 0xD0, 0x33,
    0xA1, 0x63, 0x6E, 0xE0, 0x3D, 0x82, 0x1F, 0xC0, 0x7E, 0xD4, 0xAA, 0xFC, 0xF5, 0xBF, 0xA0, 0xEF,
    0x29, 0x5B, 0x59, 0x08, 0x7D, 0x11, 0xB3, 0x3A, 0xA3, 0x46, 0xAC, 0xC5, 0x02, 0x46, 0xC1, 0x98,
    0x83, 0xD4, 0x0C, 0x2F, 0x69, 0xCB, 0x5A, 0x1F, 0xB9, 0x6F, 0xCD, 0x40, 0x67, 0xBC, 0x37, 0xDF,
    0xC9, 0xF4, 0xBA, 0x6D, 0xD1, 0x6D, 0x02, 0x77, 0xFD, 0xCA, 0x46, 0x8F, 0xC3, 0x06, 0xAE, 0x96,
    0x1D, 0x17, 0x9D, 0x30, 0x87, 0xD9, 0xC2, 0x70, 0xB3, 0x41, 0x3B, 0xF4, 0xB8, 0xFB, 0xE2, 0x8A,
    0x8F, 0x4E, 0xE2, 0x00, 0xA0, 0x77, 0x73, 0x5B, 0x44, 0x96, 0x65, 0x3B, 0xC9, 0x24, 0x8A, 0x63,
    0xA6, 0x51, 0x5E, 0x85, 0xBA, 0xBD, 0xAF, 0xBC, 0x72, 0xB7, 0xF4, 0xC1, 0xFE, 0x04, 0x9D, 0x57,
    0x31, 0x6F, 0xD3, 0x40, 0x14, 0xFE, 0xCE, 0x97, 0x72, 0x52, 0xDD, 0xC4, 0x0C, 0x95, 0xE8, 0x90,
    0x10, 0x86, 0x8E, 0x49, 0xBB, 0x74, 0xC8, 0xE0, 0xC2, 0x95, 0x1D, 0x89, 0xA1, 0x95, 0x18, 0x19,
    0x19, 0x18, 0x3A, 0x14, 0xA9, 0x43, 0x28, 0x46, 0x9D, 0x90, 0x40, 0xE2, 0x1F, 0x94, 0x19, 0x21,
    0x25, 0x43, 0x2A, 0x8A, 0x54, 0x11, 0x33, 0x45, 0x88, 0x81, 0x6C, 0x48, 0x94, 0x21, 0xA2, 0x5B,
    0x19, 0xEA, 0x21, 0x12, 0xA9, 0x44, 0x1B, 0xDE, 0x9D, 0xED, 0x34, 0x45, 0x25, 0xBE, 0xEB, 0xF5,
    0x94, 0xC6, 0xF6, 0xE5, 0xFB, 0xDE, 0xBB, 0xF7, 0xBD, 0x77, 0xCF, 0xA8, 0x03, 0x67, 0xC0, 0x31,
    0x9C, 0x03, 0xC9, 0x3B, 0x01, 0xDF, 0x0E, 0xDD, 0xBB, 0x5D, 0xEF, 0x6D, 0x54, 0x1E, 0x46, 0x55,
    0xB4, 0x7C, 0xF8, 0x9B, 0xF0, 0x11, 0x0F, 0xFD, 0x5F, 0x0C, 0xB0, 0xD8, 0xC0, 0x9C, 0x0B, 0x94,
    0x65, 0x79, 0x28, 0x7D, 0x57, 0x6E, 0x7A, 0xF2, 0x76, 0x5B, 0x96, 0xBF, 0xC9, 0x78, 0x15, 0xEB,
    0x01, 0xF1, 0xD7, 0x7D, 0xA0, 0x08, 0xCC, 0xE9, 0xEF, 0x66, 0x2C, 0xBC, 0x07, 0xD6, 0x04, 0x5E,
    0x67, 0x12, 0xF5, 0xE0, 0x84, 0x09, 0xEC, 0x2F, 0xB0, 0x15, 0x69, 0x84, 0x2F, 0x24, 0x0A, 0xEA,
    0x47, 0x4E, 0x04, 0xB1, 0x89, 0xA9, 0xDC, 0x44, 0x0A, 0xBA, 0xC9, 0x03, 0x6B, 0x0A, 0x72, 0x22,
    0x6F, 0x4C, 0x41, 0xC3, 0x0D, 0xE0, 0x04, 0x60, 0x96, 0x2C, 0x34, 0x96, 0x81, 0x12, 0x90, 0x33,
    0x23, 0xFA, 0x29, 0xD9, 0x0E, 0x6C, 0x7D, 0x11, 0x2F, 0x91, 0xDF, 0x33, 0xF6, 0x65, 0x16, 0xF8,
    0x08, 0xA7, 0x23, 0xCD, 0x63, 0x3D, 0x52, 0x14, 0x85, 0x9B, 0x47, 0xF0, 0x2A, 0x36, 0xEA, 0x2A,
    0x68, 0x69, 0xD1, 0x25, 0xDD, 0x27, 0xAE, 0xEB, 0x66, 0xA4, 0x4B, 0x40, 0x53, 0xFD, 0xAA, 0x50,
    0x04, 0xEF, 0x2B, 0x9C, 0x49, 0x74, 0x44, 0xB4, 0xAE, 0xDD, 0xEF, 0x58, 0x50, 0x70, 0x99, 0x08,
    0x93, 0x28, 0x44, 0x26, 0x45, 0xBC, 0x57, 0x57, 0x70, 0x84, 0xAC, 0x22, 0xF3, 0xDE, 0x28, 0x7C,
    0x23, 0x5F, 0x68, 0xFC, 0x96, 0xEC, 0xF8, 0x2A, 0x44, 0xE2, 0x07, 0xA6, 0xF7, 0x49, 0x68, 0xA6,
    0x44, 0xAC, 0x63, 0x87, 0x7F, 0x2E, 0x03, 0x63, 0x8A, 0x91, 0x0C, 0xDA, 0x43, 0x7C, 0x58, 0x53,
    0x21, 0xA5, 0xD9, 0x02, 0xDA, 0x67, 0xD8, 0x5D, 0x4D, 0x2E, 0x69, 0xD2, 0x23, 0x5A, 0x10, 0x0F,
    0xAE, 0x83, 0xE2, 0x0C, 0x50, 0x6E, 0x50, 0x90, 0x82, 0x1A, 0x0F, 0xEF, 0x0C, 0xC3, 0xE5, 0x35,
    0xE9, 0x33, 0xBA, 0x23, 0x9D, 0xD3, 0x64, 0x19, 0xA2, 0xF3, 0xF5, 0xAC, 0x0B, 0xE8, 0x02, 0x60,
    0xC8, 0x42, 0x69, 0xA2, 0x04, 0xF3, 0x30, 0x83, 0xC8, 0x7D, 0x84, 0x7C, 0x3F, 0x61, 0x31, 0x41,
    0xE6, 0xAF, 0x70, 0xAD, 0x9E, 0xAC, 0x9F, 0x64, 0xBF, 0x97, 0x08, 0x89, 0x77, 0xE1, 0x6D, 0x20,
    0x37, 0x6B, 0x66, 0x36, 0x95, 0x38, 0x37, 0x71, 0x9C, 0xBF, 0xC3, 0xD4, 0xD4, 0x44, 0x8A, 0x0D,
    0xA0, 0x62, 0x4F, 0x51, 0x41, 0x5C, 0x75, 0x8D, 0x28, 0xC6, 0x32, 0xC2, 0x8E, 0x85, 0xC6, 0x02,
    0x30, 0xAD, 0x4A, 0xA2, 0x09, 0x91, 0xFB, 0x20, 0x89, 0x82, 0x15, 0x0B, 0x7F, 0x91, 0xC6, 0xC2,
    0x80, 0x82, 0x91, 0x8C, 0x23, 0x94, 0x6A, 0x16, 0x12, 0x1A, 0x09, 0x15, 0xF7, 0x15, 0xB2, 0x5B,
    0xB2, 0x11, 0xED, 0x72, 0x69, 0x06, 0x95, 0xB1, 0x81, 0x7A, 0x71, 0x0E, 0x7E, 0x3A, 0x9A, 0x63,
    0x43, 0xDB, 0x40, 0x39, 0x37, 0x7A, 0xA8, 0xAF, 0xDA, 0x81, 0x38, 0x8A, 0x3C, 0xF8, 0x55, 0x54,
    0x7D, 0x14, 0x7C, 0x78, 0x7A, 0x16, 0xE8, 0x92, 0x6E, 0xD2, 0x23, 0x5A, 0x90, 0xF0, 0x55, 0xF5,
    0xC1, 0x73, 0x02, 0xAF, 0x21, 0x7D, 0x1E, 0xD6, 0x1C, 0x9A, 0x5D, 0xFA, 0xA4, 0xEF, 0xCA, 0xAC,
    0x93, 0x7F, 0x73, 0x49, 0x9D, 0x55, 0x37, 0x81, 0x99, 0x58, 0xF2, 0x46, 0x2C, 0x6C, 0x3C, 0x97,
    0x26, 0x11, 0x91, 0x2F, 0xDD, 0x24, 0xF6, 0xEF, 0x25, 0xE8, 0x60, 0x33, 0xC1, 0x27, 0xD1, 0x0B,
    0x6D, 0x4C, 0x3F, 0x8D, 0xE2, 0x04, 0x0A, 0x5A, 0xCC, 0x42, 0x6B, 0x8A, 0xA2, 0xD6, 0xA2, 0x21,
    0x45, 0x52, 0x6F, 0x42, 0x55, 0xD2, 0xAC, 0x58, 0x68, 0x2C, 0x42, 0x25, 0x70, 0xCE, 0x8C, 0xE8,
    0x49, 0x88, 0x83, 0xC0, 0xD6, 0x17, 0xFE, 0x19, 0xA2, 0x6E, 0xEC, 0x0B, 0x75, 0x7B, 0xCF, 0x80,
    0xC3, 0xD0, 0x3C, 0xD6, 0x23, 0x45, 0xC5, 0xA2, 0x17, 0xF7, 0x32, 0x83, 0x7E, 0x51, 0x5D, 0xE4,
    0x7E, 0xDE, 0x55, 0xF5, 0xAF, 0x7D, 0x2A, 0x8E, 0x06, 0x9A, 0x6E, 0x61, 0x12, 0x1D, 0x49, 0x7D,
    0x9D, 0x4E, 0x8F, 0x9E, 0x33, 0x0C, 0x2F, 0xA7, 0x18, 0x68, 0x58, 0x55, 0xEC, 0x2C, 0x60, 0x55,
    0xDE, 0x76, 0x0D, 0x60, 0x93, 0x5C, 0xB0, 0x40, 0x4E, 0x73, 0x21, 0x0B, 0x7C, 0x97, 0x82, 0x2B,
    0xF5, 0x76, 0x18, 0x21, 0x73, 0xAA, 0x50, 0xAB, 0x99, 0x06, 0xDB, 0x6C, 0xEC, 0x28, 0x8E, 0x30,
    0xD8, 0x87, 0x34, 0x82, 0x4D, 0x44, 0x97, 0xCE, 0x16, 0xA2, 0xBA, 0xD3, 0x5B, 0x6C, 0x84, 0xE2,
    0xEC, 0xC2, 0xFA, 0xC8, 0x3B, 0xFF, 0x6B, 0x95, 0xB7, 0xDA, 0xE5, 0xAF, 0x63, 0x55, 0x53, 0x6D,
    0x15, 0xC5, 0xED, 0x96, 0x39, 0xB0, 0x08, 0x59, 0xC8, 0x82, 0xFF, 0xC1, 0x2A, 0xA9, 0x50, 0x3B,
    0x9F, 0x6F, 0xE2, 0x8F, 0x91, 0x91, 0x11, 0xD8, 0x27, 0x95, 0xC8, 0x91, 0x47, 0x13, 0xE3, 0xB3,
    0x55, 0xC6, 0x56, 0x1B, 0x31, 0xAA, 0x6A, 0x10, 0x7B, 0x16, 0xB0, 0x74, 0xB2, 0xF3, 0x95, 0x6C,
    0xD8, 0xD4, 0x79, 0x0B, 0x64, 0xA1, 0xAB, 0x0E, 0x7B, 0x9E, 0x01, 0xEE, 0x7C, 0x87, 0x78, 0x0A,
    0xFD, 0x66, 0x63, 0x84, 0xEC, 0xCD, 0xA3, 0x44, 0xC6, 0xB0, 0x4C, 0x9B, 0x6D, 0xF6, 0x76, 0x94,
    0xF2, 0xD9, 0xB0, 0x63, 0x8A, 0x88, 0xC5, 0xB8, 0x14, 0xF7, 0x15, 0xF5, 0x2A, 0xFA, 0x1E, 0xEB,
    0x89, 0xED, 0x90, 0x7F, 0x91, 0x18, 0xEA, 0x17, 0x54, 0x0A, 0x71, 0x6D, 0x6C, 0xC6, 0x2F, 0x7D,
    0xFA, 0x48, 0xD9, 0xE0, 0xA1, 0x2F, 0x02, 0xAA, 0x01, 0x05, 0x0F, 0x5E, 0x09, 0xE2, 0x31, 0xF8,
    0x9E, 0x6A, 0xF2, 0x68, 0x9F, 0xA9, 0x35, 0xBC, 0x11, 0xAA, 0xD2, 0x6B, 0x88, 0x39, 0xEA, 0x71,
    0xB3, 0x31, 0xBD, 0xA4, 0xC1, 0x55, 0x38, 0xD4, 0x39, 0xCD, 0x5B, 0x58, 0xAE, 0x1A, 0xD0, 0xF4,
    0xE5, 0xD9, 0xC4, 0x78, 0x1C, 0x4A, 0x67, 0x27, 0x61, 0x33, 0xA1, 0xA0, 0x4E, 0x74, 0x3A, 0xED,
    0x44, 0x4D, 0xF0, 0xFF, 0x02, 0x8D, 0x54, 0x31, 0x4F, 0xDB, 0x40, 0x14, 0xFE, 0x6C, 0xB7, 0xF5,
    0x60, 0xA8, 0xA9, 0x44, 0x24, 0x24, 0x9C, 0x04, 0xA4, 0x0E, 0x0C, 0x86, 0x78, 0xF0, 0xE0, 0xC1,
    0x38, 0xD7, 0x99, 0xA1, 0x11, 0xE0, 0x89, 0x85, 0x7F, 0xD0, 0x54, 0xF2, 0x90, 0x2E, 0x8D, 0x7F,
    0x01, 0xED, 0xD2, 0xB5, 0x62, 0xAE, 0x54, 0x35, 0x50, 0x68, 0x33, 0x90, 0xDA, 0x6C, 0x8C, 0xF9,
    0x05, 0xD5, 0x49, 0x30, 0x75, 0x68, 0x4D, 0xE5, 0x56, 0xA9, 0x94, 0xC4, 0x7D, 0xE7, 0x98, 0x86,
    0xC2, 0xC2, 0x7D, 0x7E, 0x77, 0xEF, 0xDE, 0xF9, 0x7D, 0xBE, 0x77, 0xEF, 0x9E, 0x1B, 0x8D, 0x69,
    0x7B, 0xB2, 0xE2, 0xFA, 0xF3, 0x45, 0x03, 0x24, 0xB4, 0xD9, 0x26, 0xB6, 0xD1, 0xB8, 0x01, 0xD1,
    0xE6, 0x68, 0x6D, 0x99, 0xDD, 0x67, 0xD2, 0x0D, 0x88, 0xB5, 0x76, 0x52, 0x6A, 0x5C, 0xF5, 0x68,
    0x67, 0x49, 0xC9, 0x17, 0x4A, 0x96, 0x31, 0xDF, 0xCF, 0x7D, 0x49, 0xCD, 0xB2, 0xD0, 0xF7, 0x6F,
    0x4F, 0x37, 0x71, 0xCE, 0xEE, 0x02, 0xF2, 0x19, 0xFB, 0x3E, 0xC9, 0xB6, 0x61, 0x3A, 0xC1, 0x91,
    0xEB, 0x04, 0xCD, 0x4E, 0xD9, 0x34, 0x1D, 0xDB, 0x71, 0x4D, 0x63, 0xC6, 0xB0, 0xCC, 0xA6, 0x93,
    0x04, 0xFC, 0x98, 0xBB, 0x89, 0x18, 0x9F, 0xC7, 0x07, 0x71, 0xD9, 0x31, 0x03, 0xB2, 0x76, 0xEC,
    0x7D, 0x27, 0x71, 0x3B, 0x66, 0xD3, 0xB0, 0x67, 0x6C, 0x0D, 0x04, 0x96, 0x0D, 0x76, 0x1A, 0x2A,
    0x04, 0x14, 0x4C, 0x2D, 0xFF, 0xDB, 0xF5, 0xB0, 0x9E, 0x08, 0xE8, 0x31, 0x10, 0xE0, 0x25, 0xC5,
    0xDE, 0x12, 0xE7, 0xD0, 0x0D, 0x48, 0x2A, 0x41, 0x45, 0x04, 0xD1, 0xAD, 0xA8, 0x61, 0x40, 0x42,
    0xC6, 0x6A, 0xA8, 0x01, 0x1E, 0x37, 0x00, 0x6B, 0xDF, 0x06, 0x1C, 0xCE, 0x81, 0xDA, 0x29, 0xB9,
    0x4A, 0x8A, 0x38, 0x9F, 0x87, 0xD5, 0xD3, 0x21, 0xCC, 0xF5, 0xF3, 0xAF, 0xB0, 0xEC, 0x8F, 0x1B,
    0xE0, 0xD4, 0xC9, 0xB1, 0x77, 0xFE, 0x5D, 0xA5, 0xCF, 0x0C, 0x72, 0xDF, 0xC2, 0xBB, 0xF0, 0x2F,
    0x18, 0x0A, 0x8E, 0x2B, 0x96, 0x09, 0x0F, 0x6D, 0x48, 0x30, 0xAD, 0xF3, 0x9C, 0xCB, 0xEE, 0xE4,
    0x6C, 0x76, 0x27, 0xE7, 0xF3, 0x78, 0xCE, 0xA8, 0x87, 0xAE, 0xEB, 0xD8, 0x2E, 0x75, 0x8E, 0x6D,
    0x5B, 0x6E, 0xAE, 0x90, 0x66, 0x5B, 0xA4, 0x9B, 0x86, 0xEB, 0x50, 0x6F, 0x1A, 0x34, 0x92, 0x42,
    0x1A, 0xA9, 0x86, 0xC4, 0xD4, 0xFE, 0x6C, 0xD3, 0x35, 0x25, 0xAE, 0xC4, 0x3A, 0xD6, 0xE1, 0x42,
    0x87, 0x12, 0x4B, 0x5C, 0x8C, 0x6A, 0x28, 0xF7, 0xE5, 0xBE, 0x1A, 0xEA, 0x64, 0xA5, 0x76, 0xEF,
    0x12, 0xAB, 0x1A, 0xD3, 0x7A, 0xF8, 0xF9, 0xBB, 0xAF, 0x0C, 0x98, 0x5E, 0x11, 0xD3, 0x85, 0x4B,
    0xB1, 0xD4, 0xAA, 0xB4, 0xE8, 0x68, 0x0A, 0x94, 0x83, 0xF2, 0xE4, 0x90, 0x82, 0x8A, 0x96, 0x7A,
    0x3D, 0x5B, 0x57, 0x5E, 0x29, 0xEF, 0xE5, 0x01, 0x71, 0xE5, 0x21, 0x29, 0xB1, 0x12, 0xE7, 0x77,
    0x85, 0x95, 0x26, 0x77, 0xC2, 0x63, 0x8B, 0xB1, 0x96, 0x8D, 0x80, 0x12, 0xC5, 0x1B, 0x5D, 0xA0,
    0xFA, 0x2D, 0x62, 0x36, 0xA4, 0x18, 0xF3, 0x70, 0xD0, 0x91, 0xFA, 0x4A, 0xA8, 0x85, 0x7A, 0xEC,
    0x26, 0x96, 0x45, 0xEB, 0x5D, 0x28, 0x23, 0xC8, 0x03, 0xC8, 0x43, 0x60, 0x17, 0x6B, 0xDA, 0xEB,
    0xEC, 0x47, 0xD2, 0xDE, 0xE8, 0xD7, 0x9F, 0xF2, 0x19, 0x59, 0x5C, 0x95, 0x50, 0x70, 0x36, 0x01,
    0x0E, 0xFA, 0x9A, 0x0A, 0xCC, 0x02, 0x2B, 0xB9, 0xA1, 0x0F, 0x25, 0xA4, 0x8C, 0x0B, 0x83, 0x93,
    0x5F, 0x5C, 0xBC, 0xA0, 0xF4, 0x0A, 0xB4, 0xAE, 0xE9, 0x93, 0x19, 0x6D, 0x04, 0x75, 0xB6, 0xC8,
    0xD4, 0x02, 0xD7, 0x75, 0x31, 0x2B, 0x41, 0x4B, 0xE5, 0x11, 0xBC, 0x9E, 0xFE, 0x81, 0x39, 0x7A,
    0x99, 0x88, 0x75, 0xC1, 0xBE, 0x46, 0xF7, 0x09, 0x27, 0xF0, 0x20, 0x73, 0x1C, 0x51, 0x9C, 0x48,
    0x40, 0x45, 0x32, 0xA9, 0x21, 0x71, 0xA8, 0x89, 0xB0, 0x71, 0xF2, 0xD5, 0x98, 0xD7, 0xD3, 0xC8,
    0x93, 0x5E, 0x17, 0xB2, 0x46, 0xDB, 0x3A, 0xD1, 0xC8, 0x4B, 0xA3, 0x17, 0x34, 0x4C, 0x0A, 0x4B,
    0x78, 0x68, 0x4C, 0x48, 0x4B, 0x4B, 0xD1, 0x5A, 0xFB, 0x82, 0xC0, 0xD5, 0x69, 0x7F, 0x42, 0x2A,
    0x24, 0x27, 0x08, 0x24, 0x8E, 0x40, 0x9C, 0x69, 0xE1, 0xD0, 0x25, 0xF6, 0x80, 0xA4, 0x3D, 0x28,
    0xB5, 0x28, 0x46, 0x9B, 0xD0, 0x24, 0x74, 0x72, 0x70, 0xF0, 0x28, 0xC5, 0xE7, 0x11, 0x0E, 0xB3,
    0x6B, 0xCF, 0x10, 0x07, 0xAF, 0x69, 0x71, 0xFA, 0x00, 0xD5, 0x71, 0xFB, 0x6D, 0xB4, 0x17, 0xED,
    0xB5, 0xF7, 0x6A, 0x63, 0x69, 0x1B, 0x88, 0xD2, 0x4F, 0xA3, 0xC3, 0x31, 0x61, 0x14, 0x0D, 0x4A,
    0x4C, 0xC5, 0xD6, 0x52, 0x94, 0xEA, 0x71, 0x94, 0x6E, 0x2D, 0xA9, 0x93, 0xA2, 0xA0, 0xEC, 0x3B,
    0x54, 0x88, 0x72, 0x76, 0x81, 0xDA, 0xBB, 0x88, 0x3D, 0x86, 0x14, 0xE2, 0x8E, 0x6D, 0x2E, 0xCF,
    0xFE, 0xCE, 0x34, 0xFB, 0xF1, 0xA3, 0xB3, 0xDA, 0x50, 0xE5, 0xB5, 0xE1, 0xF2, 0x99, 0x14, 0xDF,
    0x9E, 0x9B, 0x0B, 0xB0, 0x3D, 0xF0, 0xD5, 0x7F, 0xA9, 0x35, 0x27, 0xA9, 0x5D, 0x55, 0xC2, 0xBA,
    0x8A, 0x85, 0xD9, 0x9C, 0xB4, 0x1D, 0xE2, 0x38, 0xDD, 0x45, 0x8D, 0xD3, 0x3F, 0x4D, 0xB4, 0x07,
    0xD9, 0x1F, 0xD4, 0xDE, 0x3C, 0x0B, 0xE9, 0x63, 0x4C, 0x8E, 0xEB, 0xC3, 0x6A, 0x1A, 0x65, 0xD5,
    0x5F, 0xF5, 0xA1, 0x1C, 0xBB, 0x45, 0x81, 0x88, 0x0A, 0xA1, 0x12, 0xB1, 0xFE, 0x02, 0xC5, 0x4F,
    0x3B, 0x4E, 0xC4, 0x30, 0x10, 0x1D, 0x29, 0xC5, 0x16, 0x56, 0x08, 0x3D, 0xD9, 0x75, 0x03, 0x05,
    0x92, 0x43, 0x1A, 0x17, 0x63, 0xE2, 0x28, 0x39, 0x02, 0x87, 0x80, 0x3E, 0x45, 0x0A, 0x17, 0x2B,
    0x25, 0x47, 0xE0, 0x08, 0x1C, 0xC1, 0x85, 0xE9, 0x10, 0xF8, 0x08, 0xEE, 0x69, 0xE6, 0x08, 0x2E,
    0x40, 0xA2, 0x58, 0x09, 0x9C, 0x05, 0x11, 0x71, 0x02, 0xE6, 0xCD, 0x47, 0x1A, 0xCD, 0x9B, 0x99,
    0xC7, 0xA8, 0x32, 0x28, 0xA4, 0x40, 0x51, 0x19, 0x46, 0x12, 0x70, 0x31, 0x88, 0x59, 0x64, 0x36,
    0x1F, 0xF4, 0xD0, 0x1D, 0xC0, 0x4D, 0xC1, 0xC2, 0xCB, 0x7C, 0x47, 0x40, 0xEF, 0xA1, 0x9E, 0x19,
    0x55, 0xB7, 0x0D, 0xB5, 0x06, 0x75, 0x9B, 0x08, 0x53, 0x04, 0x0B, 0x21, 0xF3, 0x9B, 0xFE, 0x04,
    0x4A, 0x60, 0xA9, 0xAF, 0x65, 0x41, 0xCA, 0xA8, 0x3D, 0x27, 0x1E, 0x70, 0x44, 0xAC, 0x9F, 0x4E,
    0xB1, 0xB5, 0x45, 0xC8, 0x21, 0x87, 0x4F, 0xBF, 0x64, 0x48, 0x75, 0x0D, 0x21, 0x07, 0x1B, 0xA3,
    0x95, 0x42, 0xEA, 0x72, 0x9B, 0xE7, 0xA5, 0x96, 0x69, 0xBB, 0x43, 0xB9, 0x80, 0xFD, 0x79, 0x8E,
    0xF7, 0x4D, 0xBF, 0xF9, 0x45, 0x11, 0xD0, 0x81, 0x84, 0xB8, 0x99, 0x77, 0xD0, 0x7D, 0xA4, 0xCB,
    0x23, 0x8C, 0x19, 0x81, 0x51, 0x86, 0xD3, 0xFF, 0xFE, 0xCF, 0xFD, 0x45, 0xAC, 0xE3, 0x18, 0x3B,
    0xCB, 0x83, 0xB2, 0xD3, 0x9B, 0x7A, 0x38, 0xEE, 0x72, 0xA3, 0x44, 0x97, 0xAA, 0xDD, 0x85, 0xC2,
    0x6F, 0x83, 0xB4, 0x00, 0x3C, 0x5C, 0x3A, 0xD0, 0xDD, 0x41, 0xED, 0xC5, 0x58, 0x10, 0x24, 0x39,
    0x12, 0x56, 0xF5, 0x08, 0x09, 0xB1, 0xF1, 0x5D, 0x7F, 0x9D, 0x58, 0xF8, 0x6D, 0xCD, 0xAB, 0x6F,
    0x1F, 0x09, 0x87, 0x1F, 0x5F, 0xA7, 0x8F, 0x9A, 0xB0, 0x35, 0x0D, 0x2D, 0xBC, 0xDA, 0xE3, 0xCD,
    0xD9, 0xFD, 0x79, 0xAC, 0x03, 0xE2, 0x33, 0xA2, 0xBE, 0xFA, 0x02, 0x65, 0x54, 0x31, 0x6C, 0x1C,
    0x45, 0x14, 0x7D, 0xB7, 0x4B, 0x18, 0xA2, 0x39, 0x3C, 0x14, 0x36, 0xB2, 0x64, 0x8E, 0x45, 0xD0,
    0xDE, 0xDE, 0x51, 0xB8, 0x70, 0x31, 0xE7, 0x1B, 0x48, 0x09, 0x52, 0x4E, 0x28, 0x07, 0x05, 0x12,
    0xA4, 0xA0, 0x25, 0xD7, 0x18, 0x29, 0x41, 0x67, 0x76, 0x25, 0x0A, 0x40, 0x20, 0x85, 0x02, 0xA7,
    0x72, 0x91, 0x06, 0x09, 0x42, 0xA4, 0x5B, 0xA3, 0xB3, 0x74, 0x07, 0x26, 0x3B, 0x82, 0xC2, 0x45,
    0x0A, 0x56, 0x82, 0x9E, 0x2D, 0x5C, 0xC5, 0x10, 0x46, 0xC9, 0x1A, 0x1D, 0xD6, 0x79, 0x87, 0x3F,
    0xEB, 0x44, 0x2E, 0x38, 0xBD, 0x79, 0x3B, 0xFA, 0xF3, 0x77, 0xE6, 0xDD, 0xFB, 0x7F, 0x96, 0xE7,
    0x58, 0xDF, 0xC3, 0xB8, 0x01, 0x03, 0x18, 0x6B, 0x92, 0xA3, 0xDE, 0x66, 0x8E, 0xB6, 0xCD, 0x6B,
    0x47, 0x0A, 0x39, 0x70, 0xD4, 0x83, 0x35, 0xF0, 0x5E, 0x46, 0x7A, 0x93, 0x59, 0x23, 0x9E, 0x9A,
    0x87, 0x8B, 0xB7, 0xE5, 0x8B, 0x90, 0x2F, 0x41, 0xBE, 0x01, 0xF9, 0x19, 0x9A, 0x5F, 0x34, 0xC5,
    0xA7, 0x43, 0x5A, 0xF2, 0xD3, 0xD8, 0x7B, 0x01, 0xEE, 0x97, 0xC6, 0xEC, 0x9E, 0x11, 0x18, 0x36,
    0xB1, 0x2C, 0x01, 0x19, 0x16, 0xB2, 0x7D, 0x53, 0x86, 0x08, 0x9B, 0x4D, 0xD1, 0xBC, 0x4A, 0x99,
    0x2E, 0xC1, 0x1A, 0xB6, 0xD5, 0x63, 0x31, 0xCE, 0x60, 0x73, 0xB6, 0xA5, 0xBA, 0xC5, 0x59, 0xA4,
    0x56, 0x82, 0x1D, 0xC6, 0xC2, 0xD3, 0x02, 0x4A, 0x00, 0xDD, 0x12, 0x41, 0xBF, 0xE2, 0x4B, 0x10,
    0xF8, 0xB2, 0x75, 0x2B, 0xEB, 0xDA, 0x18, 0xBE, 0xC2, 0xC3, 0xC3, 0x39, 0xCA, 0x74, 0x84, 0xA2,
    0xC3, 0x61, 0x24, 0x53, 0x66, 0x48, 0x63, 0x8F, 0xC6, 0x9C, 0xA9, 0x07, 0x7F, 0x32, 0xF5, 0xF0,
    0x36, 0x53, 0x8C, 0x64, 0xB5, 0xD1, 0x40, 0x3B, 0x6E, 0xA0, 0x95, 0x35, 0x10, 0x16, 0x2D, 0xA4,
    0xD6, 0xAA, 0xD6, 0x47, 0x57, 0x10, 0x06, 0x8F, 0xE6, 0x6F, 0xDD, 0x47, 0x58, 0x3B, 0x41, 0x08,
    0x37, 0x3A, 0x48, 0x67, 0xC0, 0x74, 0xE4, 0xEB, 0x84, 0x7D, 0xAC, 0x13, 0xFF, 0xD7, 0x79, 0xE2,
    0xEF, 0xFF, 0x3E, 0x0E, 0x2E, 0xE8, 0xF4, 0xC4, 0xD7, 0xBB, 0x3D, 0x8A, 0xE3, 0xF1, 0xF0, 0x0E,
    0x12, 0x60, 0xCF, 0xE5, 0xD3, 0x0B, 0x44, 0x09, 0xA9, 0x47, 0xE2, 0xFF, 0x5C, 0x12, 0xDD, 0x3D,
    0x8C, 0xC7, 0xC1, 0xC5, 0x9A, 0x4A, 0x4B, 0x1E, 0x63, 0x77, 0xE8, 0x51, 0x2C, 0x04, 0xD3, 0x89,
    0x38, 0xEF, 0xE9, 0x84, 0x5F, 0xFF, 0x4E, 0x57, 0x79, 0x1B, 0x7E, 0x26, 0xD6, 0xFC, 0xFC, 0x79,
    0xC9, 0x4C, 0x18, 0x72, 0x23, 0x23, 0x6B, 0x6D, 0xF0, 0xCE, 0xB5, 0xA9, 0x68, 0xC8, 0xB1, 0x9B,
    0xAF, 0xFC, 0x74, 0xE5, 0xC8, 0x2F, 0x44, 0xE6, 0x1B, 0xAE, 0x6B, 0x86, 0x91, 0x06, 0xF1, 0xC3,
    0xE8, 0x62, 0xC2, 0xAE, 0xEF, 0xFC, 0xF6, 0x18, 0x99, 0xD8, 0xB9, 0x77, 0x67, 0xC7, 0x3A, 0x11,
    0x20, 0x1B, 0xFD, 0x0C, 0x9E, 0x66, 0xFF, 0xE8, 0x60, 0xA4, 0xA5, 0xAF, 0xD7, 0x08, 0x9E, 0x63,
    0x9A, 0x53, 0x84, 0xE2, 0x55, 0xA5, 0xA8, 0xCE, 0xFA, 0x5C, 0x5F, 0x21, 0xCA, 0xBC, 0x63, 0x43,
    0xA2, 0x05, 0x4D, 0x6D, 0x4C, 0x36, 0x93, 0xDF, 0xD1, 0x89, 0x73, 0x9A, 0x82, 0xB4, 0x44, 0x09,
    0x1C, 0xEB, 0x1C, 0x33, 0xEE, 0xE5, 0x9C, 0x6B, 0x1E, 0x90, 0x61, 0xE5, 0xC0, 0x7E, 0xCB, 0xFF,
    0x50, 0xFC, 0x82, 0xE6, 0x35, 0xC3, 0x31, 0xE1, 0xE8, 0x44, 0xD6, 0x2C, 0x4D, 0x7B, 0xD8, 0x00,
    0x3E, 0xA0, 0x2E, 0x80, 0x5F, 0xE0, 0xDC, 0x8F, 0x8A, 0x1C, 0x65, 0x05, 0x5C, 0xF0, 0x14, 0x97,
    0xAB, 0x83, 0x13, 0x47, 0x4F, 0x5A, 0x6A, 0x30, 0x88, 0xE3, 0x3B, 0x55, 0x84, 0x2B, 0xC7, 0xBE,
    0x8E, 0x62, 0xE7, 0x1D, 0x1D, 0x9A, 0x78, 0xBF, 0xE8, 0x31, 0xF1, 0xBE, 0x5A, 0x0B, 0x8C, 0x7F,
    0x57, 0xC9, 0x8E, 0xE3, 0xB5, 0xD5, 0x3D, 0xFE, 0xB9, 0x1E, 0xAF, 0xDB, 0x11, 0x3F, 0x36, 0xC1,
    0x27, 0x33, 0x3E, 0x20, 0xB3, 0x51, 0xBD, 0x7C, 0xC6, 0xA2, 0x84, 0x78, 0x5B, 0x2F, 0x78, 0x59,
    0x64, 0xE7, 0x83, 0x5B, 0x33, 0xE2, 0xE0, 0xCD, 0x83, 0x05, 0xA6, 0x85, 0x55, 0xA2, 0x87, 0x05,
    0x38, 0xA0, 0x0E, 0x3C, 0x07, 0xCF, 0x66, 0xFC, 0x7E, 0x11, 0xD4, 0x65, 0x58, 0x5F, 0x96, 0x75,
    0x38, 0x88, 0x52, 0x3E, 0xFD, 0x7E, 0x58, 0x0F, 0x45, 0x7D, 0xC8, 0xCA, 0xA2, 0x96, 0xC6, 0x2E,
    0x73, 0x08, 0x94, 0xC0, 0xDF, 0x20, 0x35, 0xFE, 0xBE, 0x76, 0x1B, 0xDE, 0x38, 0x10, 0xB5, 0x9C,
    0x26, 0xAD, 0xFE, 0x44, 0x42, 0x5E, 0x85, 0xE4, 0x33, 0xAC, 0x8F, 0xE8, 0x41, 0x7F, 0x09, 0xD6,
    0xEA, 0x7E, 0x5F, 0x11, 0x6F, 0xF6, 0xD5, 0x5A, 0x8D, 0x82, 0x8A, 0x96, 0x28, 0xC1, 0x6D, 0x55,
    0xB5, 0xBF, 0x78, 0x7D, 0x18, 0xD6, 0x9B, 0x8F, 0x4E, 0xAC, 0xD0, 0xAC, 0x2F, 0x93, 0x0C, 0xFE,
    0x57, 0x41, 0x92, 0xA8, 0x55, 0x29, 0xD3, 0xF9, 0xD9, 0xEF, 0x91, 0xD2, 0x33, 0x63, 0xFF, 0x0F,
    0xAA, 0xB6, 0x8D, 0x9F, 0xFD, 0xD7, 0x29, 0x8C, 0xAC, 0x5A, 0xDA, 0x04, 0x26, 0x88, 0xE8, 0x4E,
    0x3B, 0x15, 0xD4, 0x68, 0xF0, 0xC8, 0xE3, 0x31, 0xB0, 0xE8, 0x6C, 0xE1, 0xDF, 0x80, 0x17, 0xE8,
    0x2A, 0xAC, 0x4C, 0x10, 0xE4, 0xE8, 0xBE, 0xA2, 0xF8, 0xAB, 0xDA, 0x55, 0xF0, 0xB5, 0x98, 0xA7,
    0x95, 0x3C, 0xF7, 0x11, 0x00, 0xA3, 0xD2, 0xDB, 0x58, 0x3E, 0xC8, 0x36, 0x8C, 0x49, 0x8C, 0xA9,
    0x28, 0x61, 0x36, 0x63, 0x37, 0x0A, 0xA6, 0xE4, 0x29, 0xB8, 0x9A, 0x44, 0x36, 0x5F, 0xD9, 0x72,
    0xDB, 0x46, 0x73, 0xAC, 0x7C, 0x05, 0xA6, 0xE0, 0x6D, 0x3B, 0xB0, 0x12, 0xED, 0x91, 0xFE, 0x70,
    0xDB, 0x7C, 0xBF, 0x6D, 0x4C, 0x55, 0x6A, 0x92, 0x49, 0x5F, 0x82, 0xC1, 0xD7, 0x3D, 0x6B, 0xCD,
    0x13, 0xCF, 0xE0, 0xFC, 0x65, 0x77, 0xB9, 0xA6, 0x03, 0x77, 0x51, 0x08, 0x63, 0x6A, 0xA7, 0x13,
    0xEC, 0xBE, 0xAB, 0xA8, 0xF8, 0xA7, 0x98, 0x0E, 0x14, 0x45, 0x28, 0x8D, 0x92, 0xA9, 0x9E, 0x45,
    0xEB, 0xBD, 0x55, 0xAC, 0xA2, 0xB3, 0x28, 0x66, 0x50, 0x4B, 0x97, 0xBA, 0xE5, 0x7F, 0x8D, 0x53,
    0x3D, 0x8F, 0xD3, 0x40, 0x10, 0x7D, 0xB6, 0x43, 0x1C, 0x30, 0x77, 0xA6, 0x40, 0x88, 0x82, 0x3B,
    0x53, 0xA2, 0x23, 0xB9, 0x34, 0x57, 0xA4, 0x70, 0x74, 0xDB, 0xD1, 0xD2, 0x18, 0xFE, 0x03, 0xD2,
    0x21, 0x23, 0x51, 0x44, 0x28, 0x10, 0xFF, 0x04, 0x7E, 0x02, 0x05, 0x12, 0xC2, 0x12, 0x8A, 0x8B,
    0x2B, 0x52, 0xA0, 0xC3, 0x3F, 0xC1, 0x05, 0x1D, 0xCD, 0x0A, 0x44, 0x01, 0x0D, 0x2E, 0xAE, 0x88,
    0x50, 0x2E, 0xCB, 0x9B, 0x75, 0xEE, 0x8E, 0xFB, 0x40, 0x62, 0xE5, 0xB7, 0x1E, 0xAF, 0x77, 0x76,
    0xDE, 0xBC, 0xD9, 0x41, 0x0B, 0x40, 0x4C, 0xD4, 0x80, 0x5F, 0x02, 0x9B, 0x34, 0x77, 0x8D, 0x29,
    0x37, 0x93, 0x44, 0xF9, 0x19, 0xE0, 0x68, 0x2E, 0x8C, 0x89, 0xDB, 0xB0, 0x83, 0xAF, 0x57, 0x70,
    0x4C, 0xE6, 0x7F, 0xD0, 0xDB, 0xDD, 0xF1, 0xA0, 0xBB, 0x81, 0x2E, 0xCE, 0x3F, 0x72, 0x64, 0x48,
    0x78, 0x65, 0x73, 0x2E, 0xD7, 0x8C, 0x31, 0x48, 0x92, 0x3D, 0xDA, 0xFB, 0x5C, 0xAF, 0xF8, 0x5F,
    0x01, 0x57, 0x81, 0x8B, 0xDE, 0x3C, 0x92, 0x07, 0xF3, 0x78, 0x06, 0x61, 0xA8, 0xE3, 0xB8, 0x72,
    0x68, 0x2C, 0xEC, 0x6A, 0x04, 0x19, 0x89, 0xBA, 0x5A, 0x98, 0x8E, 0x48, 0xD5, 0x1C, 0x91, 0x6B,
    0x32, 0x22, 0x59, 0x47, 0x93, 0x2D, 0xDF, 0x63, 0xD9, 0x77, 0x13, 0x1D, 0x99, 0xF0, 0x92, 0x6C,
    0x95, 0x9F, 0x57, 0x9B, 0xDD, 0xFD, 0x38, 0x8E, 0x6F, 0xC4, 0x2D, 0xC9, 0xF6, 0xEC, 0xB3, 0x13,
    0xDF, 0xE9, 0xC5, 0xA3, 0x60, 0x4F, 0xBB, 0x0C, 0x79, 0x00, 0xDC, 0x93, 0x78, 0xF9, 0x7B, 0x92,
    0xC6, 0x02, 0xF8, 0xA5, 0xF0, 0xAD, 0x82, 0x3E, 0x84, 0x1E, 0x42, 0x93, 0xB6, 0xCD, 0xAA, 0x9D,
    0xBF, 0x09, 0x4D, 0x0D, 0xBF, 0x46, 0x54, 0x60, 0x5C, 0x38, 0x75, 0xE1, 0x97, 0x45, 0x84, 0x62,
    0xB0, 0x62, 0x8B, 0x81, 0x48, 0x59, 0x04, 0x59, 0xE1, 0xEA, 0x02, 0xB3, 0x02, 0xDB, 0x05, 0x82,
    0xBA, 0xFD, 0xAE, 0x16, 0x2F, 0x0E, 0xB7, 0xD4, 0x81, 0xD2, 0x3D, 0xE8, 0x19, 0xBE, 0x6A, 0x7C,
    0xC9, 0xB0, 0x04, 0x8E, 0x6C, 0x44, 0x8E, 0xB9, 0x4C, 0x07, 0x22, 0x46, 0xA0, 0x30, 0x83, 0x97,
    0xB9, 0x9A, 0x13, 0xED, 0x40, 0x6D, 0xE7, 0xF9, 0x81, 0xD4, 0x67, 0x6E, 0x05, 0x6E, 0xB8, 0x58,
    0x89, 0x6D, 0x0D, 0xAD, 0xF2, 0x3E, 0xD5, 0x45, 0x3F, 0xB3, 0x1C, 0xAE, 0x01, 0xA9, 0x28, 0x92,
    0x4A, 0x1D, 0x49, 0x69, 0x84, 0x7E, 0x9E, 0x4F, 0xE1, 0x9B, 0x26, 0x50, 0x4F, 0xA6, 0x43, 0x34,
    0x15, 0xB1, 0x25, 0xC1, 0x95, 0x86, 0xBE, 0x4B, 0x9B, 0x01, 0x65, 0xFB, 0x6B, 0x86, 0xAB, 0xF9,
    0xAF, 0xF0, 0x08, 0x08, 0x70, 0x29, 0x38, 0x3A, 0xB6, 0xF0, 0x5B, 0xF9, 0xB4, 0x9A, 0x18, 0xA3,
    0x53, 0x84, 0x59, 0x8A, 0x75, 0x06, 0x6F, 0x11, 0xB8, 0x80, 0xBB, 0x17, 0xD6, 0x3A, 0x44, 0x88,
    0x17, 0xF9, 0xB4, 0x14, 0x7F, 0x9E, 0xC5, 0x2C, 0xD6, 0x6D, 0x5A, 0x5B, 0xB9, 0x9A, 0xB0, 0x38,
    0xDE, 0x65, 0xCF, 0x64, 0x81, 0xA8, 0x96, 0xCB, 0xEB, 0x08, 0x87, 0x87, 0x7F, 0xD3, 0x62, 0x1A,
    0x05, 0xD3, 0x28, 0x98, 0x46, 0xBD, 0x4A, 0x03, 0x9E, 0xA4, 0xA9, 0x56, 0x65, 0x5A, 0x23, 0x86,
    0x84, 0xA1, 0x00, 0x4B, 0x16, 0x7B, 0x18, 0xF1, 0x5A, 0xFA, 0xAA, 0x51, 0xD6, 0x2D, 0x77, 0x88,
    0x01, 0xED, 0x1E, 0x7C, 0x15, 0xAA, 0x08, 0xDE, 0x6F, 0xEE, 0x99, 0x54, 0x2B, 0xA1, 0xD1, 0xB4,
    0xCC, 0xA7, 0x1A, 0x1E, 0xD9, 0x86, 0x0F, 0x32, 0xF4, 0xDA, 0xB6, 0xF2, 0x16, 0xFF, 0xF4, 0xED,
    0x9C, 0x76, 0x9C, 0xF7, 0x33, 0x57, 0x21, 0xBB, 0x4D, 0x3E, 0x59, 0x5A, 0x15, 0xD0, 0x76, 0xA5,
    0xE3, 0x66, 0x4D, 0x6B, 0x9C, 0x0C, 0x51, 0x41, 0xDA, 0x91, 0x3F, 0xA5, 0xF8, 0x49, 0xF2, 0x94,
    0x0B, 0x11, 0xED, 0x05, 0x92, 0x47, 0xAB, 0xD6, 0x0D, 0x57, 0x17, 0xC0, 0x8E, 0xAE, 0xB8, 0xEF,
    0x73, 0x8D, 0x1E, 0x7E, 0xC9, 0x73, 0x4D, 0xDD, 0x63, 0x9B, 0x8C, 0x25, 0xD9, 0x21, 0x43, 0x9A,
    0x43, 0xEF, 0x7B, 0xF2, 0xB8, 0x62, 0xF5, 0xA9, 0x49, 0x2C, 0x37, 0xA1, 0x65, 0x9D, 0xDD, 0x32,
    0xA8, 0xFB, 0x8B, 0x5B, 0x9F, 0xDD, 0xB2, 0xBF, 0x68, 0x9F, 0xCC, 0x4E, 0xE6, 0x64, 0x6E, 0x79,
    0x76, 0xED, 0xFE, 0x8F, 0x68, 0xEE, 0x6B, 0x27, 0xB3, 0x65, 0xBC, 0x4E, 0x30, 0x89, 0x74, 0x99,
    0xBF, 0x7D, 0x46, 0x82, 0xE9, 0x47, 0xDA, 0x24, 0x90, 0x36, 0x7C, 0xD8, 0x86, 0x94, 0x02, 0xF5,
    0xE0, 0x49, 0xBE, 0x18, 0x4C, 0xCC, 0x92, 0xF6, 0x9C, 0xD0, 0x84, 0x6A, 0x3A, 0x46, 0x8A, 0x12,
    0x52, 0x9B, 0xF8, 0x39, 0xB7, 0x6D, 0x50, 0x35, 0x6A, 0x06, 0xA7, 0xDA, 0xD5, 0x21, 0xFB, 0x8E,
    0xC9, 0xEB, 0xB5, 0xB3, 0x30, 0x47, 0xA7, 0xDA, 0xFC, 0xAF, 0xEF, 0xB1, 0x8F, 0xBC, 0xCF, 0xAD,
    0xFD, 0x01, 0xB5, 0x91, 0xBF, 0x6F, 0xD3, 0x40, 0x14, 0xC7, 0xBF, 0x97, 0x2B, 0x31, 0x95, 0x25,
    0xCC, 0xC2, 0x14, 0x1A, 0x2F, 0x5D, 0x40, 0x2E, 0x5E, 0x82, 0x94, 0xE1, 0x1A, 0x1F, 0x5D, 0x59,
    0x3A, 0x10, 0x31, 0xF1, 0x37, 0xB4, 0x43, 0x06, 0x40, 0x91, 0x7C, 0x12, 0xFF, 0x80, 0x25, 0xC4,
    0xCE, 0x1C, 0x31, 0x78, 0xC8, 0x90, 0x81, 0x36, 0xB7, 0xB1, 0x7A, 0x40, 0x62, 0x60, 0xF1, 0xD2,
    0xFD, 0x06, 0x0F, 0x41, 0x2A, 0x39, 0xDE, 0xBB, 0x0C, 0x2C, 0x95, 0xAA, 0x0E, 0x7D, 0xB6, 0xBE,
    0xF7, 0xFB, 0xDD, 0xE7, 0xBE, 0xAF, 0x5F, 0x21, 0xDF, 0x00, 0xC7, 0x40, 0x02, 0xF1, 0x1A, 0xA9,
    0xD7, 0x2A, 0xD5, 0xCB, 0x78, 0xF7, 0xE3, 0x7D, 0x82, 0xC9, 0x05, 0xE2, 0x0E, 0x14, 0x62, 0x7B,
    0x18, 0xFB, 0x76, 0x28, 0x9D, 0xDA, 0x5F, 0xAA, 0xC3, 0x99, 0xAA, 0x96, 0xE9, 0x2B, 0x97, 0x78,
    0xFB, 0x72, 0xCB, 0xAB, 0x98, 0x03, 0x7F, 0x01, 0x0F, 0xF1, 0x1B, 0xF2, 0x87, 0x91, 0x9F, 0x6C,
    0x7C, 0xD2, 0x24, 0xA2, 0x1D, 0xC2, 0x1D, 0x61, 0x39, 0x59, 0xAC, 0x4A, 0x7F, 0xFD, 0x7C, 0x51,
    0x95, 0xBE, 0x9D, 0xE1, 0xF6, 0xFF, 0x31, 0x4E, 0x69, 0x73, 0xE1, 0xDD, 0x10, 0x88, 0x0D, 0x64,
    0x03, 0x38, 0x40, 0x01, 0x34, 0x3E, 0x02, 0x56, 0x10, 0x2D, 0x22, 0x4B, 0xC8, 0x28, 0x16, 0x5F,
    0x0B, 0xCF, 0x7C, 0xA5, 0xD7, 0x4F, 0xA6, 0xD4, 0x9E, 0x02, 0x2D, 0x44, 0x83, 0x9E, 0x85, 0x34,
    0x88, 0xF4, 0xB3, 0x18, 0xC5, 0x23, 0x44, 0xEF, 0x20, 0xBF, 0xA1, 0xB7, 0x81, 0xE8, 0x38, 0x55,
    0xE4, 0xD2, 0x26, 0xBF, 0xB8, 0xEC, 0x54, 0xE2, 0xD4, 0x28, 0xB2, 0x19, 0xB7, 0x3C, 0xE6, 0x79,
    0x7A, 0xE9, 0xB5, 0xFC, 0x29, 0xCD, 0xCD, 0x5F, 0xAE, 0x27, 0x74, 0xFF, 0x8C, 0x5F, 0x1C, 0xB4,
    0xF8, 0x6C, 0xEA, 0xB5, 0xC6, 0x1E, 0xF2, 0x13, 0xF3, 0xF1, 0x97, 0xA9, 0x4B, 0x50, 0x1F, 0x19,
    0x30, 0x46, 0x41, 0x44, 0x57, 0x40, 0x40, 0xA1, 0xFE, 0x60, 0xCA, 0xBC, 0x1C, 0x03, 0xD3, 0xDF,
    0xA2, 0xD4, 0x28, 0x2A, 0x08, 0xAF, 0xD1, 0xD7, 0x01, 0xDF, 0x04, 0x7C, 0x7C, 0x00, 0x72, 0x62,
    0x3C, 0xD3, 0x62, 0xAD, 0x8B, 0x06, 0xE1, 0xA6, 0xFF, 0xAB, 0xA1, 0x10, 0xEB, 0x3F, 0xA4, 0xE9,
    0xD5, 0x59, 0xC3, 0x4E, 0xE0, 0x7B, 0xB0, 0x27, 0x45, 0x4C, 0x69, 0xA4, 0x3D, 0xE0, 0x0D, 0x8D,
    0x82, 0xD4, 0xA8, 0x47, 0xAC, 0xA3, 0x73, 0xD6, 0x71, 0xCD, 0x9A, 0x91, 0x6B, 0xAC, 0x89, 0xF7,
    0x36, 0xAB, 0x1F, 0xBC, 0xFD, 0xA2, 0xB3, 0x30, 0x3F, 0x9E, 0x85, 0x9D, 0xBB, 0x53, 0x07, 0xAC,
    0x6D, 0x0C, 0xCE, 0xC6, 0x99, 0x09, 0x7A, 0x13, 0xCA, 0x9B, 0x57, 0x83, 0x16, 0xE8, 0xF9, 0x50,
    0x6F, 0xA1, 0x71, 0x27, 0x1E, 0x0A, 0xE2, 0xA1, 0x20, 0x1E, 0x0A, 0xE2, 0xA1, 0x20, 0x9E, 0xA0,
    0x82, 0x72, 0x12, 0xC9, 0xF4, 0x0D, 0x2B, 0xAF, 0x86, 0x57, 0x8F, 0x76, 0xA7, 0x38, 0xC3, 0x7D,
    0xF1, 0xE8, 0x87, 0xCC, 0xE3, 0x8E, 0x99, 0x67, 0xDE, 0x31, 0x0F, 0xD5, 0x9F, 0x34, 0xB1, 0x4C,
    0x32, 0x71, 0xAC, 0xDD, 0x9C, 0x79, 0x9A, 0xA7, 0xF7, 0xCC, 0xB3, 0x17, 0xFC, 0x19, 0x06, 0x7F,
    0x54, 0xF0, 0xC7, 0x31, 0x89, 0xDC, 0xF1, 0x68, 0x26, 0x79, 0x01, 0xD6, 0x15, 0xFB, 0x23, 0x1C,
    0xFB, 0x23, 0xEC, 0x9D, 0x78, 0xFE, 0x01,
};

static const EpdGlyph inksans_8_regularGlyphs[] = {
    { 0, 0, 156, 0, 0, 0, 0 }, // U+0000
    { 0, 0, 69, 0, 0, 0, 0 }, // U+000D
    { 0, 0, 71, 0, 0, 0, 0 }, // U+0020
    { 3, 12, 81, 1, 12, 9, 0 }, // !
    { 6, 5, 132, 1, 12, 8, 9 }, // "
    { 11, 12, 170, 0, 12, 33, 17 }, // #
    { 10, 15, 172, 0, 14, 38, 50 }, // $
    { 14, 12, 265, 1, 12, 42, 88 }, // %
    { 11, 12, 174, 0, 12, 33, 130 }, // &
    { 3, 5, 83, 1, 12, 4, 163 }, // '
    { 5, 15, 98, 1, 13, 19, 167 }, // (
    { 5, 15, 98, 0, 13, 19, 186 }, // )
    { 7, 7, 139, 1, 12, 13, 205 }, // *
    { 9, 8, 178, 1, 9, 18, 218 }, // +
    { 3, 5, 81, 1, 2, 4, 236 }, // ,
    { 6, 3, 123, 1, 7, 5, 240 }, // -
    { 3, 3, 81, 1, 3, 3, 245 }, // .
    { 6, 14, 99, 0, 12, 21, 248 }, // /
    { 10, 12, 172, 0, 12, 30, 269 }, // 0
    { 6, 12, 111, 0, 12, 18, 299 }, // 1
    { 9, 12, 164, 1, 12, 27, 317 }, // 2
    { 10, 12, 167, 0, 12, 30, 344 }, // 3
    { 11, 12, 175, 0, 12, 33, 374 }, // 4
    { 10, 12, 161, 0, 12, 30, 407 }, // 5
    { 10, 12, 168, 0, 12, 30, 437 }, // 6
    { 9, 12, 152, 0, 12, 27, 467 }, // 7
    { 10, 12, 168, 0, 12, 30, 494 }, // 8
    { 10, 12, 168, 0, 12, 30, 524 }, // 9
    { 3, 9, 81, 1, 9, 7, 554 }, // :
    { 3, 12, 84, 1, 9, 9, 561 }, // ;
    { 9, 10, 178, 1, 10, 23, 570 }, // <
    { 9, 7, 178, 1, 8, 16, 593 }, // =
    { 9, 10, 178, 1, 10, 23, 609 }, // >
    { 8, 12, 141, 0, 12, 24, 632 }, // ?
    { 16, 15, 262, 0, 12, 60, 656 }, // @
    { 12, 12, 189, 0, 12, 36, 716 }, // A
    { 10, 12, 175, 1, 12, 30, 752 }, // B
    { 12, 12, 196, 0, 12, 36, 782 }, // C
    { 11, 12, 193, 1, 12, 33, 818 }, // D
    { 9, 12, 161, 1, 12, 27, 851 }, // E
    { 8, 12, 157, 1, 12, 24, 878 }, // F
    { 12, 12, 199, 0, 12, 36, 902 }, // G
    { 11, 12, 199, 1, 12, 33, 938 }, // H
    { 3, 12, 73, 1, 12, 9, 971 }, // I
    { 9, 12, 153, 0, 12, 27, 980 }, // J
    { 11, 12, 183, 1, 12, 33, 1007 }, // K
    { 8, 12, 151, 1, 12, 24, 1040 }, // L
    { 13, 12, 243, 1, 12, 39, 1064 }, // M
    { 11, 12, 202, 1, 12, 33, 1103 }, // N
    { 12, 12, 204, 0, 12, 36, 1136 }, // O
    { 9, 12, 171, 1, 12, 27, 1172 }, // P
    { 12, 13, 205, 0, 12, 39, 1199 }, // Q
    { 10, 12, 173, 1, 12, 30, 1238 }, // R
    { 10, 12, 172, 0, 12, 30, 1268 }, // S
    { 11, 12, 174, 0, 12, 33, 1298 }, // T
    { 10, 12, 197, 1, 12, 30, 1331 }, // U
    { 12, 12, 189, 0, 12, 36, 1361 }, // V
    { 17, 12, 268, 0, 12, 51, 1397 }, // W
    { 12, 12, 187, 0, 12, 36, 1448 }, // X
    { 12, 12, 186, 0, 12, 36, 1484 }, // Y
    { 10, 12, 171, 0, 12, 30, 1520 }, // Z
    { 5, 16, 98, 1, 13, 20, 1550 }, // [
    { 6, 14, 99, 0, 12, 21, 1570 }, // <backslash>
    { 5, 16, 98, 0, 13, 20, 1591 }, // ]
    { 8, 5, 127, 0, 11, 10, 1611 }, // ^
    { 8, 3, 123, 0, 1, 6, 1621 }, // _
    { 4, 3, 90, 1, 13, 3, 1627 }, // `
    { 9, 9, 151, 0, 9, 21, 1630 }, // a
    { 9, 12, 165, 1, 12, 27, 1651 }, // b
    { 9, 9, 154, 0, 9, 21, 1678 }, // c
    { 10, 12, 165, 0, 12, 30, 1699 }, // d
    { 10, 9, 157, 0, 9, 23, 1729 }, // e
    { 7, 12, 101, 0, 12, 21, 1752 }, // f
    { 10, 12, 165, 0, 9, 30, 1773 }, // g
    { 8, 12, 160, 1, 12, 24, 1803 }, // h
    { 4, 13, 67, 0, 13, 13, 1827 }, // i
    { 5, 16, 67, -1, 13, 20, 1840 }, // j
    { 9, 12, 149, 1, 12, 27, 1860 }, // k
    { 2, 12, 67, 1, 12, 6, 1887 }, // l
    { 13, 9, 237, 1, 9, 30, 1893 }, // m
    { 8, 9, 160, 1, 9, 18, 1923 }, // n
    { 10, 9, 161, 0, 9, 23, 1941 }, // o
    { 9, 12, 165, 1, 9, 27, 1964 }, // p
    { 10, 12, 165, 0, 9, 30, 1991 }, // q
    { 6, 9, 103, 1, 9, 14, 2021 }, // r
    { 9, 9, 144, 0, 9, 21, 2035 }, // s
    { 6, 11, 91, 0, 11, 17, 2056 }, // t
    { 8, 9, 160, 1, 9, 18, 2073 }, // u
    { 10, 9, 153, 0, 9, 23, 2091 }, // v
    { 14, 9, 221, 0, 9, 32, 2114 }, // w
    { 9, 9, 149, 0, 9, 21, 2146 }, // x
    { 10, 12, 153, 0, 9, 30, 2167 }, // y
    { 8, 9, 149, 1, 9, 18, 2197 }, // z
    { 6, 16, 117, 1, 12, 24, 2215 }, // {
    { 2, 20, 92, 2, 16, 10, 2239 }, // |
    { 7, 16, 117, 0, 12, 28, 2249 }, // }
    { 9, 5, 178, 1, 7, 12, 2277 }, // ~
    { 0, 0, 71, 0, 0, 0, 0 }, // U+00A0
    { 3, 12, 81, 1, 9, 9, 0 }, // U+00A1
    { 9, 12, 154, 0, 12, 27, 9 }, // U+00A2
    { 10, 12, 165, 0, 12, 30, 36 }, // U+00A3
    { 11, 11, 197, 1, 11, 31, 66 }, // U+00A4
    { 10, 12, 148, 0, 12, 30, 97 }, // U+00A5
    { 3, 13, 78, 1, 12, 10, 127 }, // U+00A6
    { 9, 15, 152, 0, 12, 34, 137 }, // U+00A7
    { 6, 3, 160, 2, 13, 5, 171 }, // U+00A8
    { 13, 14, 244, 1, 13, 46, 176 }, // U+00A9
    { 7, 7, 122, 0, 13, 13, 222 }, // U+00AA
    { 10, 8, 162, 0, 9, 20, 235 }, // U+00AB
    { 8, 5, 178, 1, 7, 10, 255 }, // U+00AC
    { 11, 11, 177, 0, 13, 31, 265 }, // U+00AE
    { 6, 3, 124, 1, 13, 5, 296 }, // U+00AF
    { 6, 7, 122, 1, 13, 11, 301 }, // U+00B0
    { 9, 9, 178, 1, 9, 21, 312 }, // U+00B1
    { 7, 7, 119, 0, 15, 13, 333 }, // U+00B2
    { 7, 7, 121, 0, 15, 13, 346 }, // U+00B3
    { 4, 3, 90, 1, 13, 3, 359 }, // U+00B4
    { 9, 12, 160, 1, 9, 27, 362 }, // U+00B5
    { 9, 12, 160, 0, 12, 27, 389 }, // U+00B6
    { 3, 3, 81, 1, 8, 3, 416 }, // U+00B7
    { 4, 4, 80, 1, 1, 4, 419 }, // U+00B8
    { 5, 7, 84, 0, 15, 9, 423 }, // U+00B9
    { 8, 7, 129, 0, 13, 14, 432 }, // U+00BA
    { 10, 8, 162, 0, 9, 20, 446 }, // U+00BB
    { 13, 12, 218, 0, 12, 39, 466 }, // U+00BC
    { 14, 12, 229, 0, 12, 42, 505 }, // U+00BD
    { 15, 13, 239, 0, 13, 49, 547 }, // U+00BE
    { 9, 12, 141, 0, 9, 27, 596 }, // U+00BF
    { 12, 16, 189, 0, 16, 48, 623 }, // U+00C0
    { 12, 16, 189, 0, 16, 48, 671 }, // U+00C1
    { 12, 16, 189, 0, 16, 48, 719 }, // U+00C2
    { 12, 16, 189, 0, 16, 48, 767 }, // U+00C3
    { 12, 16, 189, 0, 16, 48, 815 }, // U+00C4
    { 12, 17, 189, 0, 17, 51, 863 }, // U+00C5
    { 16, 12, 268, 0, 12, 48, 914 }, // U+00C6
    { 12, 15, 196, 0, 12, 45, 962 }, // U+00C7
    { 9, 16, 161, 1, 16, 36, 1007 }, // U+00C8
    { 9, 16, 161, 1, 16, 36, 1043 }, // U+00C9
    { 9, 16, 161, 1, 16, 36, 1079 }, // U+00CA
    { 9, 16, 161, 1, 16, 36, 1115 }, // U+00CB
    { 4, 16, 73, 0, 16, 16, 1151 }, // U+00CC
    { 4, 16, 73, 1, 16, 16, 1167 }, // U+00CD
    { 7, 16, 73, -1, 16, 28, 1183 }, // U+00CE
    { 7, 16, 73, -1, 16, 28, 1211 }, // U+00CF
    { 12, 12, 198, 0, 12, 36, 1239 }, // U+00D0
    { 11, 16, 202, 1, 16, 44, 1275 }, // U+00D1
    { 12, 16, 204, 0, 16, 48, 1319 }, // U+00D2
    { 12, 16, 204, 0, 16, 48, 1367 }, // U+00D3
    { 12, 16, 204, 0, 16, 48, 1415 }, // U+00D4
    { 12, 16, 204, 0, 16, 48, 1463 }, // U+00D5
    { 12, 16, 204, 0, 16, 48, 1511 }, // U+00D6
    { 9, 9, 178, 1, 9, 21, 1559 }, // U+00D7
    { 12, 14, 204, 0, 13, 42, 1580 }, // U+00D8
    { 10, 16, 197, 1, 16, 40, 1622 }, // U+00D9
    { 10, 16, 197, 1, 16, 40, 1662 }, // U+00DA
    { 10, 16, 197, 1, 16, 40, 1702 }, // U+00DB
    { 10, 16, 197, 1, 16, 40, 1742 }, // U+00DC
    { 12, 16, 186, 0, 16, 48, 1782 }, // U+00DD
    { 9, 12, 173, 1, 12, 27, 1830 }, // U+00DE
    { 9, 12, 168, 1, 12, 27, 1857 }, // U+00DF
    { 9, 13, 151, 0, 13, 30, 1884 }, // U+00E0
    { 9, 13, 151, 0, 13, 30, 1914 }, // U+00E1
    { 9, 13, 151, 0, 13, 30, 1944 }, // U+00E2
    { 9, 13, 151, 0, 13, 30, 1974 }, // U+00E3
    { 9, 13, 151, 0, 13, 30, 2004 }, // U+00E4
    { 9, 15, 151, 0, 15, 34, 2034 }, // U+00E5
    { 15, 9, 244, 0, 9, 34, 2068 }, // U+00E6
    { 9, 12, 154, 0, 9, 27, 2102 }, // U+00E7
    { 10, 13, 157, 0, 13, 33, 2129 }, // U+00E8
    { 10, 13, 157, 0, 13, 33, 2162 }, // U+00E9
    { 10, 13, 157, 0, 13, 33, 2195 }, // U+00EA
    { 10, 13, 157, 0, 13, 33, 2228 }, // U+00EB
    { 4, 13, 67, -1, 13, 13, 2261 }, // U+00EC
    { 4, 13, 67, 1, 13, 13, 2274 }, // U+00ED
    { 6, 13, 67, -1, 13, 20, 2287 }, // U+00EE
    { 6, 13, 67, -1, 13, 20, 2307 }, // U+00EF
    { 10, 13, 157, 0, 13, 33, 2327 }, // U+00F0
    { 8, 13, 160, 1, 13, 26, 2360 }, // U+00F1
    { 10, 13, 161, 0, 13, 33, 2386 }, // U+00F2
    { 10, 13, 161, 0, 13, 33, 2419 }, // U+00F3
    { 10, 13, 161, 0, 13, 33, 2452 }, // U+00F4
    { 10, 13, 161, 0, 13, 33, 2485 }, // U+00F5
    { 10, 13, 161, 0, 13, 33, 2518 }, // U+00F6
    { 9, 9, 178, 1, 9, 21, 2551 }, // U+00F7
    { 10, 11, 161, 0, 10, 28, 2572 }, // U+00F8
    { 8, 13, 160, 1, 13, 26, 2600 }, // U+00F9
    { 8, 13, 160, 1, 13, 26, 2626 }, // U+00FA
    { 8, 13, 160, 1, 13, 26, 2652 }, // U+00FB
    { 8, 13, 160, 1, 13, 26, 2678 }, // U+00FC
    { 10, 16, 153, 0, 13, 40, 2704 }, // U+00FD
    { 9, 15, 165, 1, 12, 34, 2744 }, // U+00FE
    { 10, 16, 153, 0, 13, 40, 2778 }, // U+00FF
    { 12, 16, 189, 0, 16, 48, 0 }, // U+0100
    { 9, 13, 151, 0, 13, 30, 48 }, // U+0101
    { 12, 16, 189, 0, 16, 48, 78 }, // U+0102
    { 9, 13, 151, 0, 13, 30, 126 }, // U+0103
    { 12, 15, 189, 0, 12, 45, 156 }, // U+0104
    { 9, 12, 151, 0, 9, 27, 201 }, // U+0105
    { 12, 16, 196, 0, 16, 48, 228 }, // U+0106
    { 9, 13, 154, 0, 13, 30, 276 }, // U+0107
    { 12, 16, 196, 0, 16, 48, 306 }, // U+0108
    { 9, 13, 154, 0, 13, 30, 354 }, // U+0109
    { 12, 16, 196, 0, 16, 48, 384 }, // U+010A
    { 9, 13, 154, 0, 13, 30, 432 }, // U+010B
    { 12, 16, 196, 0, 16, 48, 462 }, // U+010C
    { 9, 13, 154, 0, 13, 30, 510 }, // U+010D
    { 11, 16, 193, 1, 16, 44, 540 }, // U+010E
    { 12, 12, 193, 0, 12, 36, 584 }, // U+010F
    { 12, 12, 198, 0, 12, 36, 620 }, // U+0110
    { 11, 13, 165, 0, 13, 36, 656 }, // U+0111
    { 9, 16, 161, 1, 16, 36, 692 }, // U+0112
    { 10, 13, 157, 0, 13, 33, 728 }, // U+0113
    { 9, 16, 161, 1, 16, 36, 761 }, // U+0114
    { 10, 13, 157, 0, 13, 33, 797 }, // U+0115
    { 9, 16, 161, 1, 16, 36, 830 }, // U+0116
    { 10, 13, 157, 0, 13, 33, 866 }, // U+0117
    { 9, 16, 161, 1, 12, 36, 899 }, // U+0118
    { 10, 12, 157, 0, 9, 30, 935 }, // U+0119
    { 9, 16, 161, 1, 16, 36, 965 }, // U+011A
    { 10, 13, 157, 0, 13, 33, 1001 }, // U+011B
    { 12, 16, 199, 0, 16, 48, 1034 }, // U+011C
    { 10, 16, 165, 0, 13, 40, 1082 }, // U+011D
    { 12, 16, 199, 0, 16, 48, 1122 }, // U+011E
    { 10, 16, 165, 0, 13, 40, 1170 }, // U+011F
    { 12, 16, 199, 0, 16, 48, 1210 }, // U+0120
    { 10, 16, 165, 0, 13, 40, 1258 }, // U+0121
    { 12, 16, 199, 0, 12, 48, 1298 }, // U+0122
    { 10, 17, 165, 0, 14, 43, 1346 }, // U+0123
    { 11, 16, 199, 1, 16, 44, 1389 }, // U+0124
    { 10, 16, 160, -1, 16, 40, 1433 }, // U+0125
    { 13, 12, 210, 0, 12, 39, 1473 }, // U+0126
    { 9, 13, 160, 0, 13, 30, 1512 }, // U+0127
    { 6, 16, 73, -1, 16, 24, 1542 }, // U+0128
    { 6, 13, 67, -1, 13, 20, 1566 }, // U+0129
    { 5, 16, 73, 0, 16, 20, 1586 }, // U+012A
    { 6, 13, 67, -1, 13, 20, 1606 }, // U+012B
    { 6, 16, 73, -1, 16, 24, 1626 }, // U+012C
    { 6, 13, 67, -1, 13, 20, 1650 }, // U+012D
    { 4, 16, 73, 0, 12, 16, 1670 }, // U+012E
    { 5, 17, 67, -1, 13, 22, 1686 }, // U+012F
    { 3, 16, 73, 1, 16, 12, 1708 }, // U+0130
    { 2, 9, 67, 1, 9, 5, 1720 }, // U+0131
    { 12, 12, 226, 1, 12, 36, 1725 }, // U+0132
    { 8, 16, 134, 0, 13, 32, 1761 }, // U+0133
    { 11, 16, 153, 0, 16, 44, 1793 }, // U+0134
    { 6, 16, 67, -1, 13, 24, 1837 }, // U+0135
    { 11, 16, 183, 1, 12, 44, 1861 }, // U+0136
    { 9, 16, 149, 1, 12, 36, 1905 }, // U+0137
    { 8, 9, 146, 1, 9, 18, 1941 }, // U+0138
    { 8, 16, 151, 1, 16, 32, 1959 }, // U+0139
    { 4, 16, 67, 1, 16, 16, 1991 }, // U+013A
    { 8, 16, 151, 1, 12, 32, 2007 }, // U+013B
    { 3, 16, 67, 0, 12, 12, 2039 }, // U+013C
    { 8, 12, 151, 1, 12, 24, 2051 }, // U+013D
    { 5, 12, 96, 1, 12, 15, 2075 }, // U+013E
    { 8, 12, 151, 1, 12, 24, 2090 }, // U+013F
    { 6, 12, 104, 1, 12, 18, 2114 }, // U+0140
    { 10, 12, 160, 0, 12, 30, 2132 }, // U+0141
    { 6, 12, 67, -1, 12, 18, 2162 }, // U+0142
    { 11, 16, 202, 1, 16, 44, 2180 }, // U+0143
    { 8, 13, 160, 1, 13, 26, 2224 }, // U+0144
    { 11, 16, 202, 1, 12, 44, 2250 }, // U+0145
    { 8, 13, 160, 1, 9, 26, 2294 }, // U+0146
    { 11, 16, 202, 1, 16, 44, 2320 }, // U+0147
    { 8, 13, 160, 1, 13, 26, 2364 }, // U+0148
    { 11, 15, 202, 1, 12, 42, 2390 }, // U+014A
    { 8, 12, 160, 1, 9, 24, 2432 }, // U+014B
    { 12, 16, 204, 0, 16, 48, 2456 }, // U+014C
    { 10, 13, 161, 0, 13, 33, 2504 }, // U+014D
    { 12, 16, 204, 0, 16, 48, 2537 }, // U+014E
    { 10, 13, 161, 0, 13, 33, 2585 }, // U+014F
    { 12, 16, 204, 0, 16, 48, 2618 }, // U+0150
    { 10, 13, 161, 0, 13, 33, 2666 }, // U+0151
    { 16, 12, 269, 0, 12, 48, 2699 }, // U+0152
    { 16, 9, 266, 0, 9, 36, 2747 }, // U+0153
    { 10, 16, 173, 1, 16, 40, 2783 }, // U+0154
    { 6, 13, 103, 1, 13, 20, 2823 }, // U+0155
    { 10, 16, 173, 1, 12, 40, 2843 }, // U+0156
    { 7, 13, 103, 0, 9, 23, 2883 }, // U+0157
    { 10, 16, 173, 1, 16, 40, 2906 }, // U+0158
    { 7, 13, 103, 0, 13, 23, 2946 }, // U+0159
    { 10, 16, 172, 0, 16, 40, 2969 }, // U+015A
    { 9, 13, 144, 0, 13, 30, 3009 }, // U+015B
    { 10, 16, 172, 0, 16, 40, 3039 }, // U+015C
    { 9, 13, 144, 0, 13, 30, 3079 }, // U+015D
    { 10, 15, 172, 0, 12, 38, 3109 }, // U+015E
    { 9, 12, 144, 0, 9, 27, 3147 }, // U+015F
    { 10, 16, 172, 0, 16, 40, 3174 }, // U+0160
    { 9, 13, 144, 0, 13, 30, 3214 }, // U+0161
    { 11, 15, 174, 0, 12, 42, 3244 }, // U+0162
    { 6, 14, 91, 0, 11, 21, 3286 }, // U+0163
    { 11, 16, 174, 0, 16, 44, 3307 }, // U+0164
    { 6, 13, 106, 0, 13, 20, 3351 }, // U+0165
    { 11, 12, 174, 0, 12, 33, 3371 }, // U+0166
    { 6, 11, 91, 0, 11, 17, 3404 }, // U+0167
    { 10, 16, 197, 1, 16, 40, 3421 }, // U+0168
    { 8, 13, 160, 1, 13, 26, 3461 }, // U+0169
    { 10, 16, 197, 1, 16, 40, 3487 }, // U+016A
    { 8, 13, 160, 1, 13, 26, 3527 }, // U+016B
    { 10, 16, 197, 1, 16, 40, 3553 }, // U+016C
    { 8, 13, 160, 1, 13, 26, 3593 }, // U+016D
    { 10, 17, 197, 1, 17, 43, 3619 }, // U+016E
    { 8, 15, 160, 1, 15, 30, 3662 }, // U+016F
    { 10, 16, 197, 1, 16, 40, 3692 }, // U+0170
    { 8, 13, 160, 1, 13, 26, 3732 }, // U+0171
    { 10, 15, 197, 1, 12, 38, 3758 }, // U+0172
    { 9, 13, 160, 1, 9, 30, 3796 }, // U+0173
    { 17, 16, 268, 0, 16, 68, 3826 }, // U+0174
    { 14, 13, 221, 0, 13, 46, 3894 }, // U+0175
    { 12, 16, 186, 0, 16, 48, 3940 }, // U+0176
    { 10, 16, 153, 0, 13, 40, 3988 }, // U+0177
    { 12, 16, 186, 0, 16, 48, 4028 }, // U+0178
    { 10, 16, 171, 0, 16, 40, 4076 }, // U+0179
    { 8, 13, 149, 1, 13, 26, 4116 }, // U+017A
    { 10, 16, 171, 0, 16, 40, 4142 }, // U+017B
    { 8, 13, 149, 1, 13, 26, 4182 }, // U+017C
    { 10, 16, 171, 0, 16, 40, 4208 }, // U+017D
    { 8, 13, 149, 1, 13, 26, 4248 }, // U+017E
    { 5, 12, 87, 1, 12, 15, 4274 }, // U+017F
    { 12, 14, 205, 0, 14, 42, 0 }, // U+01A0
    { 10, 11, 160, 0, 11, 28, 42 }, // U+01A1
    { 12, 14, 197, 1, 14, 42, 70 }, // U+01AF
    { 10, 11, 169, 1, 11, 28, 112 }, // U+01B0
    { 20, 13, 342, 1, 13, 65, 140 }, // U+01C5
    { 19, 13, 314, 0, 13, 62, 205 }, // U+01C6
    { 17, 12, 304, 1, 12, 51, 267 }, // U+01C7
    { 12, 16, 218, 1, 13, 48, 318 }, // U+01C8
    { 7, 16, 134, 1, 13, 28, 366 }, // U+01C9
    { 20, 12, 355, 1, 12, 60, 394 }, // U+01CA
    { 15, 16, 269, 1, 13, 60, 454 }, // U+01CB
    { 13, 16, 228, 1, 13, 52, 514 }, // U+01CC
    { 12, 16, 189, 0, 16, 48, 566 }, // U+01CD
    { 9, 13, 151, 0, 13, 30, 614 }, // U+01CE
    { 7, 16, 73, -1, 16, 28, 644 }, // U+01CF
    { 6, 13, 67, -1, 13, 20, 672 }, // U+01D0
    { 12, 16, 204, 0, 16, 48, 692 }, // U+01D1
    { 10, 13, 161, 0, 13, 33, 740 }, // U+01D2
    { 10, 16, 197, 1, 16, 40, 773 }, // U+01D3
    { 8, 13, 160, 1, 13, 26, 813 }, // U+01D4
    { 10, 19, 197, 1, 19, 48, 839 }, // U+01D5
    { 8, 16, 160, 1, 16, 32, 887 }, // U+01D6
    { 10, 19, 197, 1, 19, 48, 919 }, // U+01D7
    { 8, 16, 160, 1, 16, 32, 967 }, // U+01D8
    { 10, 19, 197, 1, 19, 48, 999 }, // U+01D9
    { 8, 16, 160, 1, 16, 32, 1047 }, // U+01DA
    { 10, 19, 197, 1, 19, 48, 1079 }, // U+01DB
    { 8, 16, 160, 1, 16, 32, 1127 }, // U+01DC
    { 9, 9, 157, 0, 9, 21, 1159 }, // U+01DD
    { 12, 19, 189, 0, 19, 57, 1180 }, // U+01DE
    { 9, 16, 151, 0, 16, 36, 1237 }, // U+01DF
    { 12, 19, 189, 0, 19, 57, 1273 }, // U+01E0
    { 9, 16, 151, 0, 16, 36, 1330 }, // U+01E1
    { 16, 16, 268, 0, 16, 64, 1366 }, // U+01E2
    { 15, 13, 244, 0, 13, 49, 1430 }, // U+01E3
    { 13, 12, 199, 0, 12, 39, 1479 }, // U+01E4
    { 11, 12, 181, 0, 9, 33, 1518 }, // U+01E5
    { 12, 16, 199, 0, 16, 48, 1551 }, // U+01E6
    { 10, 16, 165, 0, 13, 40, 1599 }, // U+01E7
    { 11, 16, 183, 1, 16, 44, 1639 }, // U+01E8
    { 11, 16, 149, -1, 16, 44, 1683 }, // U+01E9
    { 12, 15, 204, 0, 12, 45, 1727 }, // U+01EA
    { 10, 12, 161, 0, 9, 30, 1772 }, // U+01EB
    { 12, 19, 204, 0, 16, 57, 1802 }, // U+01EC
    { 10, 16, 161, 0, 13, 40, 1859 }, // U+01ED
    { 11, 19, 183, 0, 16, 53, 1899 }, // U+01EE
    { 10, 16, 168, 0, 13, 40, 1952 }, // U+01EF
    { 6, 16, 67, -1, 13, 24, 1992 }, // U+01F0
    { 21, 12, 363, 1, 12, 63, 2016 }, // U+01F1
    { 20, 12, 342, 1, 12, 60, 2079 }, // U+01F2
    { 19, 12, 314, 0, 12, 57, 2139 }, // U+01F3
    { 12, 16, 199, 0, 16, 48, 2196 }, // U+01F4
    { 10, 16, 165, 0, 13, 40, 2244 }, // U+01F5
    { 17, 12, 299, 1, 12, 51, 2284 }, // U+01F6
    { 10, 15, 179, 1, 12, 38, 2335 }, // U+01F7
    { 11, 16, 202, 1, 16, 44, 2373 }, // U+01F8
    { 8, 13, 160, 1, 13, 26, 2417 }, // U+01F9
    { 12, 19, 189, 0, 19, 57, 2443 }, // U+01FA
    { 9, 17, 151, 0, 17, 39, 2500 }, // U+01FB
    { 16, 16, 268, 0, 16, 64, 2539 }, // U+01FC
    { 15, 13, 244, 0, 13, 49, 2603 }, // U+01FD
    { 12, 17, 204, 0, 16, 51, 2652 }, // U+01FE
    { 10, 14, 161, 0, 13, 35, 2703 }, // U+01FF
    { 12, 16, 189, 0, 16, 48, 2738 }, // U+0200
    { 9, 13, 151, 0, 13, 30, 2786 }, // U+0201
    { 12, 15, 189, 0, 15, 45, 2816 }, // U+0202
    { 9, 12, 151, 0, 12, 27, 2861 }, // U+0203
    { 9, 16, 161, 1, 16, 36, 2888 }, // U+0204
    { 10, 13, 157, 0, 13, 33, 2924 }, // U+0205
    { 9, 15, 161, 1, 15, 34, 2957 }, // U+0206
    { 10, 12, 157, 0, 12, 30, 2991 }, // U+0207
    { 7, 16, 73, -2, 16, 28, 3021 }, // U+0208
    { 7, 13, 67, -2, 13, 23, 3049 }, // U+0209
    { 6, 15, 73, -1, 15, 23, 3072 }, // U+020A
    { 6, 12, 67, -1, 12, 18, 3095 }, // U+020B
    { 12, 16, 204, 0, 16, 48, 3113 }, // U+020C
    { 10, 13, 161, 0, 13, 33, 3161 }, // U+020D
    { 12, 15, 204, 0, 15, 45, 3194 }, // U+020E
    { 10, 12, 161, 0, 12, 30, 3239 }, // U+020F
    { 10, 16, 173, 1, 16, 40, 3269 }, // U+0210
    { 8, 13, 103, -1, 13, 26, 3309 }, // U+0211
    { 10, 15, 173, 1, 15, 38, 3335 }, // U+0212
    { 7, 12, 103, 0, 12, 21, 3373 }, // U+0213
    { 10, 16, 197, 1, 16, 40, 3394 }, // U+0214
    { 8, 13, 160, 1, 13, 26, 3434 }, // U+0215
    { 10, 15, 197, 1, 15, 38, 3460 }, // U+0216
    { 8, 12, 160, 1, 12, 24, 3498 }, // U+0217
    { 10, 16, 172, 0, 12, 40, 3522 }, // U+0218
    { 9, 13, 144, 0, 9, 30, 3562 }, // U+0219
    { 11, 16, 174, 0, 12, 44, 3592 }, // U+021A
    { 6, 15, 91, 0, 11, 23, 3636 }, // U+021B
    { 9, 16, 172, 1, 12, 36, 3659 }, // U+021C
    { 8, 13, 148, 1, 9, 26, 3695 }, // U+021D
    { 11, 16, 199, 1, 16, 44, 3721 }, // U+021E
    { 10, 16, 160, -1, 16, 40, 3765 }, // U+021F
    { 4, 3, 0, 1, 13, 3, 0 }, // U+0300
    { 4, 3, 0, 1, 13, 3, 3 }, // U+0301
    { 7, 3, 0, 0, 13, 6, 6 }, // U+0302
    { 6, 3, 0, 1, 13, 5, 12 }, // U+0303
    { 6, 3, 0, 1, 13, 5, 17 }, // U+0304
    { 6, 4, 0, 0, 13, 6, 22 }, // U+0306
    { 3, 3, 0, 1, 13, 3, 28 }, // U+0307
    { 6, 3, 0, 2, 13, 5, 31 }, // U+0308
    { 4, 4, 0, 0, 14, 4, 36 }, // U+0309
    { 5, 6, 0, 0, 15, 8, 40 }, // U+030A
    { 8, 3, 0, -3, 13, 6, 48 }, // U+030B
    { 7, 3, 0, 0, 13, 6, 54 }, // U+030C
    { 7, 3, 0, 1, 13, 6, 60 }, // U+030F
    { 3, 5, 0, 3, 8, 4, 66 }, // U+0313
    { 3, 5, 0, 3, 8, 4, 70 }, // U+0315
    { 4, 4, 0, -4, 12, 4, 74 }, // U+031B
    { 3, 3, 69, 1, -1, 3, 78 }, // U+0323
    { 3, 4, 0, -7, -1, 3, 81 }, // U+0326
    { 4, 4, 0, 1, 1, 4, 84 }, // U+0327
    { 5, 5, 0, 0, 1, 7, 88 }, // U+0328
    { 7, 3, 0, 0, -1, 6, 95 }, // U+032C
    { 8, 11, 0, -9, 10, 22, 101 }, // U+0337
    { 10, 13, 0, -10, 13, 33, 123 }, // U+0338
    { 6, 3, 0, -8, 13, 5, 156 }, // U+0342
    { 3, 3, 0, 0, 10, 3, 161 }, // U+0343
    { 6, 5, 0, -8, 14, 8, 164 }, // U+0346
    { 6, 4, 0, -8, -1, 6, 172 }, // U+0347
    { 5, 3, 0, -7, -1, 4, 178 }, // U+0348
    { 4, 5, 0, -7, 0, 5, 182 }, // U+0349
    { 7, 5, 0, -9, 13, 9, 187 }, // U+034A
    { 7, 8, 0, -9, 17, 14, 196 }, // U+034B
    { 7, 4, 0, -8, 13, 7, 210 }, // U+034C
    { 8, 5, 0, -9, 0, 10, 217 }, // U+034D
    { 4, 4, 0, -7, 0, 4, 227 }, // U+034E
    { 0, 0, 0, 0, 0, 0, 231 }, // U+034F
    { 7, 7, 0, -8, 17, 13, 231 }, // U+0350
    { 3, 5, 0, -6, 13, 4, 244 }, // U+0351
    { 6, 6, 0, -8, 15, 9, 248 }, // U+0352
    { 5, 5, 0, -7, 0, 7, 257 }, // U+0353
    { 5, 5, 0, -7, 0, 7, 264 }, // U+0354
    { 5, 5, 0, -7, 0, 7, 271 }, // U+0355
    { 9, 5, 0, -8, 0, 12, 278 }, // U+0356
    { 3, 6, 0, 0, 15, 5, 290 }, // U+0357
    { 3, 3, 0, 1, 13, 3, 295 }, // U+0358
    { 4, 4, 0, -7, -1, 4, 298 }, // U+0359
    { 8, 5, 0, -9, 0, 10, 302 }, // U+035A
    { 4, 5, 0, -7, 14, 5, 312 }, // U+035B
    { 13, 4, 0, -7, 0, 13, 317 }, // U+035C
    { 12, 4, 0, -6, 13, 12, 330 }, // U+035D
    { 11, 3, 0, -10, 13, 9, 342 }, // U+035E
    { 11, 3, 0, -10, -1, 9, 351 }, // U+035F
    { 17, 4, 0, -9, 13, 17, 360 }, // U+0360
    { 12, 4, 0, -6, 13, 12, 377 }, // U+0361
    { 15, 5, 0, -7, 0, 19, 389 }, // U+0362
    { 5, 6, 0, -7, 15, 8, 408 }, // U+0363
    { 5, 6, 0, -7, 15, 8, 416 }, // U+0364
    { 2, 7, 0, -6, 17, 4, 424 }, // U+0365
    { 5, 6, 0, -7, 15, 8, 428 }, // U+0366
    { 5, 5, 0, -7, 14, 7, 436 }, // U+0367
    { 5, 6, 0, -7, 15, 8, 443 }, // U+0368
    { 5, 7, 0, -7, 16, 9, 451 }, // U+0369
    { 5, 6, 0, -7, 16, 8, 460 }, // U+036A
    { 8, 6, 0, -9, 16, 12, 468 }, // U+036B
    { 3, 6, 0, -6, 16, 5, 480 }, // U+036C
    { 4, 6, 0, 0, 16, 6, 485 }, // U+036D
    { 5, 5, 0, -7, 15, 7, 491 }, // U+036E
    { 5, 4, 0, -7, 14, 5, 498 }, // U+036F
    { 9, 16, 161, 1, 16, 36, 0 }, // U+0400
    { 9, 16, 161, 1, 16, 36, 36 }, // U+0401
    { 14, 13, 226, 0, 12, 46, 72 }, // U+0402
    { 8, 16, 155, 1, 16, 32, 118 }, // U+0403
    { 12, 12, 196, 0, 12, 36, 150 }, // U+0404
    { 10, 12, 172, 0, 12, 30, 186 }, // U+0405
    { 3, 12, 73, 1, 12, 9, 216 }, // U+0406
    { 7, 16, 73, -1, 16, 28, 225 }, // U+0407
    { 9, 12, 153, 0, 12, 27, 253 }, // U+0408
    { 18, 12, 297, 0, 12, 54, 280 }, // U+0409
    { 17, 12, 300, 1, 12, 51, 334 }, // U+040A
    { 14, 12, 237, 0, 12, 42, 385 }, // U+040B
    { 11, 16, 183, 1, 16, 44, 427 }, // U+040C
    { 11, 16, 202, 1, 16, 44, 471 }, // U+040D
    { 11, 16, 173, 0, 16, 44, 515 }, // U+040E
    { 10, 15, 193, 1, 12, 38, 559 }, // U+040F
    { 12, 12, 189, 0, 12, 36, 597 }, // U+0410
    { 9, 12, 172, 1, 12, 27, 633 }, // U+0411
    { 10, 12, 175, 1, 12, 30, 660 }, // U+0412
    { 8, 12, 155, 1, 12, 24, 690 }, // U+0413
    { 14, 15, 223, 0, 12, 53, 714 }, // U+0414
    { 9, 12, 161, 1, 12, 27, 767 }, // U+0415
    { 17, 12, 266, 0, 12, 51, 794 }, // U+0416
    { 10, 12, 167, 0, 12, 30, 845 }, // U+0417
    { 11, 12, 202, 1, 12, 33, 875 }, // U+0418
    { 11, 16, 202, 1, 16, 44, 908 }, // U+0419
    { 11, 12, 183, 1, 12, 33, 952 }, // U+041A
    { 12, 12, 200, 0, 12, 36, 985 }, // U+041B
    { 13, 12, 243, 1, 12, 39, 1021 }, // U+041C
    { 11, 12, 199, 1, 12, 33, 1060 }, // U+041D
    { 12, 12, 204, 0, 12, 36, 1093 }, // U+041E
    { 11, 12, 199, 1, 12, 33, 1129 }, // U+041F
    { 9, 12, 171, 1, 12, 27, 1162 }, // U+0420
    { 12, 12, 196, 0, 12, 36, 1189 }, // U+0421
    { 11, 12, 174, 0, 12, 33, 1225 }, // U+0422
    { 11, 12, 173, 0, 12, 33, 1258 }, // U+0423
    { 13, 13, 222, 0, 12, 43, 1291 }, // U+0424
    { 12, 12, 187, 0, 12, 36, 1334 }, // U+0425
    { 11, 15, 196, 1, 12, 42, 1370 }, // U+0426
    { 10, 12, 187, 1, 12, 30, 1412 }, // U+0427
    { 14, 12, 258, 1, 12, 42, 1442 }, // U+0428
    { 16, 15, 263, 1, 12, 60, 1484 }, // U+0429
    { 13, 12, 219, 0, 12, 39, 1544 }, // U+042A
    { 13, 12, 239, 1, 12, 39, 1583 }, // U+042B
    { 10, 12, 174, 1, 12, 30, 1622 }, // U+042C
    { 12, 12, 196, 0, 12, 36, 1652 }, // U+042D
    { 16, 12, 273, 1, 12, 48, 1688 }, // U+042E
    { 10, 12, 173, 0, 12, 30, 1736 }, // U+042F
    { 9, 9, 151, 0, 9, 21, 1766 }, // U+0430
    { 10, 12, 160, 0, 12, 30, 1787 }, // U+0431
    { 8, 9, 152, 1, 9, 18, 1817 }, // U+0432
    { 7, 9, 118, 1, 9, 16, 1835 }, // U+0433
    { 11, 12, 168, 0, 9, 33, 1851 }, // U+0434
    { 10, 9, 157, 0, 9, 23, 1884 }, // U+0435
    { 14, 9, 221, 0, 9, 32, 1907 }, // U+0436
    { 8, 9, 134, 0, 9, 18, 1939 }, // U+0437
    { 8, 9, 160, 1, 9, 18, 1957 }, // U+0438
    { 8, 13, 160, 1, 13, 26, 1975 }, // U+0439
    { 9, 9, 148, 1, 9, 21, 2001 }, // U+043A
    { 9, 9, 156, 0, 9, 21, 2022 }, // U+043B
    { 11, 9, 209, 1, 9, 25, 2043 }, // U+043C
    { 8, 9, 160, 1, 9, 18, 2068 }, // U+043D
    { 10, 9, 161, 0, 9, 23, 2086 }, // U+043E
    { 8, 9, 159, 1, 9, 18, 2109 }, // U+043F
    { 9, 12, 165, 1, 9, 27, 2127 }, // U+0440
    { 9, 9, 154, 0, 9, 21, 2154 }, // U+0441
    { 8, 9, 128, 0, 9, 18, 2175 }, // U+0442
    { 10, 12, 153, 0, 9, 30, 2193 }, // U+0443
    { 12, 15, 191, 0, 12, 45, 2223 }, // U+0444
    { 9, 9, 149, 0, 9, 21, 2268 }, // U+0445
    { 9, 12, 165, 1, 9, 27, 2289 }, // U+0446
    { 8, 9, 156, 1, 9, 18, 2316 }, // U+0447
    { 12, 9, 223, 1, 9, 27, 2334 }, // U+0448
    { 13, 12, 228, 1, 9, 39, 2361 }, // U+0449
    { 11, 9, 175, 0, 9, 25, 2400 }, // U+044A
    { 11, 9, 203, 1, 9, 25, 2425 }, // U+044B
    { 8, 9, 152, 1, 9, 18, 2450 }, // U+044C
    { 9, 9, 154, 0, 9, 21, 2468 }, // U+044D
    { 13, 9, 227, 1, 9, 30, 2489 }, // U+044E
    { 9, 9, 150, 0, 9, 21, 2519 }, // U+044F
    { 10, 13, 157, 0, 13, 33, 2540 }, // U+0450
    { 10, 13, 157, 0, 13, 33, 2573 }, // U+0451
    { 9, 15, 160, 0, 12, 34, 2606 }, // U+0452
    { 7, 13, 118, 1, 13, 23, 2640 }, // U+0453
    { 9, 9, 154, 0, 9, 21, 2663 }, // U+0454
    { 9, 9, 144, 0, 9, 21, 2684 }, // U+0455
    { 4, 13, 67, 0, 13, 13, 2705 }, // U+0456
    { 6, 13, 67, -1, 13, 20, 2718 }, // U+0457
    { 5, 16, 67, -1, 13, 20, 2738 }, // U+0458
    { 15, 9, 248, 0, 9, 34, 2758 }, // U+0459
    { 14, 9, 242, 1, 9, 32, 2792 }, // U+045A
    { 9, 13, 160, 0, 13, 30, 2824 }, // U+045B
    { 9, 13, 148, 1, 13, 30, 2854 }, // U+045C
    { 8, 13, 160, 1, 13, 26, 2884 }, // U+045D
    { 10, 16, 153, 0, 13, 40, 2910 }, // U+045E
    { 8, 12, 159, 1, 9, 24, 2950 }, // U+045F
    { 14, 12, 246, 1, 12, 42, 2974 }, // U+0460
    { 12, 9, 222, 1, 9, 27, 3016 }, // U+0461
    { 11, 12, 186, 0, 12, 33, 3043 }, // U+0462
    { 10, 12, 167, 0, 12, 30, 3076 }, // U+0463
    { 15, 12, 259, 1, 12, 45, 3106 }, // U+0464
    { 12, 9, 213, 1, 9, 27, 3151 }, // U+0465
    { 12, 12, 189, 0, 12, 36, 3178 }, // U+0466
    { 10, 9, 154, 0, 9, 23, 3214 }, // U+0467
    { 15, 12, 255, 1, 12, 45, 3237 }, // U+0468
    { 12, 9, 212, 1, 9, 27, 3282 }, // U+0469
    { 13, 12, 230, 1, 12, 39, 3309 }, // U+046A
    { 12, 9, 190, 0, 9, 27, 3348 }, // U+046B
    { 18, 12, 309, 1, 12, 54, 3375 }, // U+046C
    { 15, 9, 261, 1, 9, 34, 3429 }, // U+046D
    { 9, 20, 148, 0, 16, 45, 3463 }, // U+046E
    { 8, 16, 141, 0, 13, 32, 3508 }, // U+046F
    { 13, 12, 236, 1, 12, 39, 3540 }, // U+0470
    { 12, 14, 212, 1, 11, 42, 3579 }, // U+0471
    { 12, 12, 204, 0, 12, 36, 3621 }, // U+0472
    { 10, 9, 161, 0, 9, 23, 3657 }, // U+0473
    { 12, 12, 193, 0, 12, 36, 3680 }, // U+0474
    { 10, 9, 160, 0, 9, 23, 3716 }, // U+0475
    { 12, 16, 193, 0, 16, 48, 3739 }, // U+0476
    { 10, 13, 160, 0, 13, 33, 3787 }, // U+0477
    { 22, 15, 358, 0, 12, 83, 3820 }, // U+0478
    { 19, 12, 310, 0, 9, 57, 3903 }, // U+0479
    { 11, 12, 190, 0, 12, 33, 3960 }, // U+0480
    { 9, 12, 153, 0, 9, 27, 3993 }, // U+0481
    { 9, 11, 172, 1, 11, 25, 4020 }, // U+0482
    { 7, 3, 0, -8, 12, 6, 4045 }, // U+0483
    { 7, 4, 0, -8, 14, 7, 4051 }, // U+0484
    { 3, 3, 0, -6, 13, 3, 4058 }, // U+0485
    { 3, 3, 0, -6, 13, 3, 4061 }, // U+0486
    { 8, 4, 0, -9, 14, 8, 4064 }, // U+0487
    { 17, 16, 0, -13, 12, 68, 4072 }, // U+0488
    { 16, 15, 0, -13, 12, 60, 4140 }, // U+0489
    { 12, 19, 202, 1, 16, 57, 4200 }, // U+048A
    { 10, 16, 160, 1, 13, 40, 4257 }, // U+048B
    { 11, 12, 186, 0, 12, 33, 4297 }, // U+048C
    { 10, 11, 167, 0, 11, 28, 4330 }, // U+048D
    { 9, 12, 171, 1, 12, 27, 4358 }, // U+048E
    { 9, 12, 163, 1, 9, 27, 4385 }, // U+048F
    { 8, 15, 155, 1, 15, 30, 4412 }, // U+0490
    { 7, 11, 118, 1, 11, 20, 4442 }, // U+0491
    { 10, 12, 155, -1, 12, 30, 4462 }, // U+0492
    { 8, 9, 118, 0, 9, 18, 4492 }, // U+0493
    { 10, 13, 175, 1, 12, 33, 4510 }, // U+0494
    { 8, 12, 147, 1, 9, 24, 4543 }, // U+0495
    { 17, 15, 272, 0, 12, 64, 4567 }, // U+0496
    { 15, 12, 227, 0, 9, 45, 4631 }, // U+0497
    { 10, 15, 167, 0, 12, 38, 4676 }, // U+0498
    { 8, 12, 134, 0, 9, 24, 4714 }, // U+0499
    { 11, 15, 193, 1, 12, 42, 4738 }, // U+049A
    { 9, 12, 155, 1, 9, 27, 4780 }, // U+049B
    { 10, 12, 182, 1, 12, 30, 4807 }, // U+049C
    { 9, 9, 160, 1, 9, 21, 4837 }, // U+049D
    { 14, 12, 228, 0, 12, 42, 4858 }, // U+04A0
    { 11, 9, 171, 0, 9, 25, 4900 }, // U+04A1
    { 12, 15, 204, 1, 12, 45, 4925 }, // U+04A2
    { 10, 12, 165, 1, 9, 30, 4970 }, // U+04A3
    { 15, 12, 265, 1, 12, 45, 5000 }, // U+04A4
    { 11, 9, 184, 1, 9, 25, 5045 }, // U+04A5
    { 17, 13, 297, 1, 12, 56, 5070 }, // U+04A6
    { 14, 12, 247, 1, 9, 42, 5126 }, // U+04A7
    { 17, 12, 268, 0, 12, 51, 5168 }, // U+04A8
    { 13, 9, 213, 0, 9, 30, 5219 }, // U+04A9
    { 12, 15, 196, 0, 12, 45, 5249 }, // U+04AA
    { 9, 12, 154, 0, 9, 27, 5294 }, // U+04AB
    { 11, 15, 174, 0, 12, 42, 5321 }, // U+04AC
    { 8, 12, 128, 0, 9, 24, 5363 }, // U+04AD
    { 12, 12, 186, 0, 12, 36, 5387 }, // U+04AE
    { 10, 12, 153, 0, 9, 30, 5423 }, // U+04AF
    { 12, 12, 186, 0, 12, 36, 5453 }, // U+04B0
    { 10, 12, 153, 0, 9, 30, 5489 }, // U+04B1
    { 12, 15, 194, 0, 12, 45, 5519 }, // U+04B2
    { 10, 12, 155, 0, 9, 30, 5564 }, // U+04B3
    { 16, 15, 247, 0, 12, 60, 5594 }, // U+04B4
    { 11, 12, 180, 0, 9, 33, 5654 }, // U+04B5
    { 11, 15, 193, 1, 12, 42, 5687 }, // U+04B6
    { 9, 12, 161, 1, 9, 27, 5729 }, // U+04B7
    { 10, 12, 187, 1, 12, 30, 5756 }, // U+04B8
    { 8, 9, 156, 1, 9, 18, 5786 }, // U+04B9
    { 10, 12, 187, 1, 12, 30, 5804 }, // U+04BA
    { 8, 12, 160, 1, 12, 24, 5834 }, // U+04BB
    { 14, 12, 228, 0, 12, 42, 5858 }, // U+04BC
    { 12, 9, 194, 0, 9, 27, 5900 }, // U+04BD
    { 14, 15, 228, 0, 12, 53, 5927 }, // U+04BE
    { 12, 12, 194, 0, 9, 36, 5980 }, // U+04BF
    { 3, 12, 73, 1, 12, 9, 6016 }, // U+04C0
    { 17, 16, 266, 0, 16, 68, 6025 }, // U+04C1
    { 14, 13, 221, 0, 13, 46, 6093 }, // U+04C2
    { 10, 15, 183, 1, 12, 38, 6139 }, // U+04C3
    { 9, 12, 160, 1, 9, 27, 6177 }, // U+04C4
    { 13, 15, 200, 0, 12, 49, 6204 }, // U+04C5
    { 11, 12, 156, 0, 9, 33, 6253 }, // U+04C6
    { 11, 15, 199, 1, 12, 42, 6286 }, // U+04C7
    { 8, 12, 160, 1, 9, 24, 6328 }, // U+04C8
    { 12, 15, 199, 1, 12, 45, 6352 }, // U+04C9
    { 10, 12, 160, 1, 9, 30, 6397 }, // U+04CA
    { 10, 15, 193, 1, 12, 38, 6427 }, // U+04CB
    { 8, 12, 161, 1, 9, 24, 6465 }, // U+04CC
    { 15, 15, 243, 1, 12, 57, 6489 }, // U+04CD
    { 13, 12, 209, 1, 9, 39, 6546 }, // U+04CE
    { 2, 12, 67, 1, 12, 6, 6585 }, // U+04CF
    { 12, 16, 189, 0, 16, 48, 6591 }, // U+04D0
    { 9, 13, 151, 0, 13, 30, 6639 }, // U+04D1
    { 12, 16, 189, 0, 16, 48, 6669 }, // U+04D2
    { 9, 13, 151, 0, 13, 30, 6717 }, // U+04D3
    { 16, 12, 268, 0, 12, 48, 6747 }, // U+04D4
    { 15, 9, 244, 0, 9, 34, 6795 }, // U+04D5
    { 9, 16, 161, 1, 16, 36, 6829 }, // U+04D6
    { 10, 13, 157, 0, 13, 33, 6865 }, // U+04D7
    { 12, 12, 199, 0, 12, 36, 6898 }, // U+04D8
    { 9, 9, 157, 0, 9, 21, 6934 }, // U+04D9
    { 12, 16, 199, 0, 16, 48, 6955 }, // U+04DA
    { 9, 13, 157, 0, 13, 30, 7003 }, // U+04DB
    { 17, 16, 266, 0, 16, 68, 7033 }, // U+04DC
    { 14, 13, 221, 0, 13, 46, 7101 }, // U+04DD
    { 10, 16, 167, 0, 16, 40, 7147 }, // U+04DE
    { 8, 13, 134, 0, 13, 26, 7187 }, // U+04DF
    { 10, 12, 168, 0, 12, 30, 7213 }, // U+04E0
    { 10, 12, 168, 0, 9, 30, 7243 }, // U+04E1
    { 11, 16, 202, 1, 16, 44, 7273 }, // U+04E2
    { 8, 13, 160, 1, 13, 26, 7317 }, // U+04E3
    { 11, 16, 202, 1, 16, 44, 7343 }, // U+04E4
    { 8, 13, 160, 1, 13, 26, 7387 }, // U+04E5
    { 12, 16, 204, 0, 16, 48, 7413 }, // U+04E6
    { 10, 13, 161, 0, 13, 33, 7461 }, // U+04E7
    { 12, 12, 204, 0, 12, 36, 7494 }, // U+04E8
    { 10, 9, 161, 0, 9, 23, 7530 }, // U+04E9
    { 12, 16, 204, 0, 16, 48, 7553 }, // U+04EA
    { 10, 13, 161, 0, 13, 33, 7601 }, // U+04EB
    { 12, 16, 196, 0, 16, 48, 7634 }, // U+04EC
    { 9, 13, 154, 0, 13, 30, 7682 }, // U+04ED
    { 11, 16, 173, 0, 16, 44, 7712 }, // U+04EE
    { 10, 16, 153, 0, 13, 40, 7756 }, // U+04EF
    { 11, 16, 173, 0, 16, 44, 7796 }, // U+04F0
    { 10, 16, 153, 0, 13, 40, 7840 }, // U+04F1
    { 11, 16, 173, 0, 16, 44, 7880 }, // U+04F2
    { 10, 16, 153, 0, 13, 40, 7924 }, // U+04F3
    { 10, 16, 187, 1, 16, 40, 7964 }, // U+04F4
    { 8, 13, 156, 1, 13, 26, 8004 }, // U+04F5
    { 8, 15, 155, 1, 12, 30, 8030 }, // U+04F6
    { 7, 12, 118, 1, 9, 21, 8060 }, // U+04F7
    { 13, 16, 239, 1, 16, 52, 8081 }, // U+04F8
    { 11, 13, 203, 1, 13, 36, 8133 }, // U+04F9
    { 10, 15, 160, 0, 12, 38, 8169 }, // U+04FA
    { 8, 12, 118, 0, 9, 24, 8207 }, // U+04FB
    { 13, 15, 195, 0, 12, 49, 8231 }, // U+04FC
    { 9, 12, 141, 0, 9, 27, 8280 }, // U+04FD
    { 12, 12, 187, 0, 12, 36, 8307 }, // U+04FE
    { 9, 9, 149, 0, 9, 21, 8343 }, // U+04FF
    { 10, 10, 169, 0, 10, 25, 0 }, // U+05D0
    { 9, 10, 153, 0, 10, 23, 25 }, // U+05D1
    { 6, 11, 100, 0, 10, 17, 48 }, // U+05D2
    { 9, 10, 145, 0, 10, 23, 65 }, // U+05D3
    { 10, 10, 167, 0, 10, 25, 88 }, // U+05D4
    { 4, 10, 80, 0, 10, 10, 113 }, // U+05D5
    { 5, 10, 88, 0, 10, 13, 123 }, // U+05D6
    { 10, 10, 177, 0, 10, 25, 136 }, // U+05D7
    { 10, 10, 169, 0, 10, 25, 161 }, // U+05D8
    { 4, 6, 79, 0, 10, 6, 186 }, // U+05D9
    { 8, 13, 145, 0, 10, 26, 192 }, // U+05DA
    { 8, 10, 137, 0, 10, 20, 218 }, // U+05DB
    { 9, 13, 139, 0, 13, 30, 238 }, // U+05DC
    { 11, 10, 182, 0, 10, 28, 268 }, // U+05DD
    { 11, 10, 176, 0, 10, 28, 296 }, // U+05DE
    { 4, 13, 88, 0, 10, 13, 324 }, // U+05DF
    { 6, 10, 101, 0, 10, 15, 337 }, // U+05E0
    { 10, 10, 172, 0, 10, 25, 352 }, // U+05E1
    { 10, 12, 158, 0, 11, 30, 377 }, // U+05E2
    { 10, 13, 165, 0, 10, 33, 407 }, // U+05E3
    { 10, 10, 160, 0, 10, 25, 440 }, // U+05E4
    { 9, 13, 141, 0, 10, 30, 465 }, // U+05E5
    { 9, 10, 148, 0, 10, 23, 495 }, // U+05E6
    { 9, 13, 167, 1, 10, 30, 518 }, // U+05E7
    { 8, 10, 140, 0, 10, 20, 548 }, // U+05E8
    { 11, 10, 195, 1, 10, 28, 568 }, // U+05E9
    { 11, 10, 183, 0, 10, 28, 596 }, // U+05EA
    { 10, 9, 169, 0, 13, 23, 624 }, // U+05EF
    { 9, 10, 157, 0, 10, 23, 647 }, // U+05F0
    { 9, 10, 161, 0, 10, 23, 670 }, // U+05F1
    { 9, 6, 160, 0, 10, 14, 693 }, // U+05F2
    { 3, 4, 50, 0, 10, 3, 707 }, // U+05F3
    { 6, 4, 97, 0, 10, 6, 710 }, // U+05F4
    { 12, 16, 189, 0, 12, 48, 0 }, // U+1EA0
    { 9, 13, 151, 0, 9, 30, 48 }, // U+1EA1
    { 12, 17, 189, 0, 17, 51, 78 }, // U+1EA2
    { 9, 14, 151, 0, 14, 32, 129 }, // U+1EA3
    { 12, 18, 189, 0, 18, 54, 161 }, // U+1EA4
    { 9, 15, 151, 0, 15, 34, 215 }, // U+1EA5
    { 12, 18, 189, 0, 18, 54, 249 }, // U+1EA6
    { 9, 15, 151, 0, 15, 34, 303 }, // U+1EA7
    { 12, 19, 189, 0, 19, 57, 337 }, // U+1EA8
    { 9, 16, 151, 0, 16, 36, 394 }, // U+1EA9
    { 12, 18, 189, 0, 18, 54, 430 }, // U+1EAA
    { 9, 15, 151, 0, 15, 34, 484 }, // U+1EAB
    { 12, 20, 189, 0, 16, 60, 518 }, // U+1EAC
    { 9, 17, 151, 0, 13, 39, 578 }, // U+1EAD
    { 12, 18, 189, 0, 18, 54, 617 }, // U+1EAE
    { 9, 15, 151, 0, 15, 34, 671 }, // U+1EAF
    { 12, 18, 189, 0, 18, 54, 705 }, // U+1EB0
    { 9, 15, 151, 0, 15, 34, 759 }, // U+1EB1
    { 12, 19, 189, 0, 19, 57, 793 }, // U+1EB2
    { 9, 16, 151, 0, 16, 36, 850 }, // U+1EB3
    { 12, 19, 189, 0, 19, 57, 886 }, // U+1EB4
    { 9, 16, 151, 0, 16, 36, 943 }, // U+1EB5
    { 12, 20, 189, 0, 16, 60, 979 }, // U+1EB6
    { 9, 17, 151, 0, 13, 39, 1039 }, // U+1EB7
    { 9, 16, 161, 1, 12, 36, 1078 }, // U+1EB8
    { 10, 13, 157, 0, 9, 33, 1114 }, // U+1EB9
    { 9, 17, 161, 1, 17, 39, 1147 }, // U+1EBA
    { 10, 14, 157, 0, 14, 35, 1186 }, // U+1EBB
    { 9, 16, 161, 1, 16, 36, 1221 }, // U+1EBC
    { 10, 13, 157, 0, 13, 33, 1257 }, // U+1EBD
    { 9, 18, 161, 1, 18, 41, 1290 }, // U+1EBE
    { 10, 15, 157, 0, 15, 38, 1331 }, // U+1EBF
    { 9, 18, 161, 1, 18, 41, 1369 }, // U+1EC0
    { 10, 15, 157, 0, 15, 38, 1410 }, // U+1EC1
    { 9, 19, 161, 1, 19, 43, 1448 }, // U+1EC2
    { 10, 16, 157, 0, 16, 40, 1491 }, // U+1EC3
    { 9, 18, 161, 1, 18, 41, 1531 }, // U+1EC4
    { 10, 15, 157, 0, 15, 38, 1572 }, // U+1EC5
    { 9, 20, 161, 1, 16, 45, 1610 }, // U+1EC6
    { 10, 17, 157, 0, 13, 43, 1655 }, // U+1EC7
    { 4, 17, 73, 0, 17, 17, 1698 }, // U+1EC8
    { 4, 14, 67, 0, 14, 14, 1715 }, // U+1EC9
    { 3, 16, 73, 1, 12, 12, 1729 }, // U+1ECA
    { 4, 17, 67, 0, 13, 17, 1741 }, // U+1ECB
    { 12, 16, 204, 0, 12, 48, 1758 }, // U+1ECC
    { 10, 13, 161, 0, 9, 33, 1806 }, // U+1ECD
    { 12, 17, 204, 0, 17, 51, 1839 }, // U+1ECE
    { 10, 14, 161, 0, 14, 35, 1890 }, // U+1ECF
    { 12, 18, 204, 0, 18, 54, 1925 }, // U+1ED0
    { 10, 15, 161, 0, 15, 38, 1979 }, // U+1ED1
    { 12, 18, 204, 0, 18, 54, 2017 }, // U+1ED2
    { 10, 15, 161, 0, 15, 38, 2071 }, // U+1ED3
    { 12, 19, 204, 0, 19, 57, 2109 }, // U+1ED4
    { 10, 16, 161, 0, 16, 40, 2166 }, // U+1ED5
    { 12, 18, 204, 0, 18, 54, 2206 }, // U+1ED6
    { 10, 15, 161, 0, 15, 38, 2260 }, // U+1ED7
    { 12, 20, 204, 0, 16, 60, 2298 }, // U+1ED8
    { 10, 17, 161, 0, 13, 43, 2358 }, // U+1ED9
    { 12, 16, 205, 0, 16, 48, 2401 }, // U+1EDA
    { 10, 13, 160, 0, 13, 33, 2449 }, // U+1EDB
    { 12, 16, 205, 0, 16, 48, 2482 }, // U+1EDC
    { 10, 13, 160, 0, 13, 33, 2530 }, // U+1EDD
    { 12, 17, 205, 0, 17, 51, 2563 }, // U+1EDE
    { 10, 14, 160, 0, 14, 35, 2614 }, // U+1EDF
    { 12, 16, 205, 0, 16, 48, 2649 }, // U+1EE0
    { 10, 12, 160, 0, 12, 30, 2697 }, // U+1EE1
    { 12, 18, 205, 0, 14, 54, 2727 }, // U+1EE2
    { 10, 15, 160, 0, 11, 38, 2781 }, // U+1EE3
    { 10, 16, 197, 1, 12, 40, 2819 }, // U+1EE4
    { 8, 13, 160, 1, 9, 26, 2859 }, // U+1EE5
    { 10, 17, 197, 1, 17, 43, 2885 }, // U+1EE6
    { 8, 14, 160, 1, 14, 28, 2928 }, // U+1EE7
    { 12, 16, 197, 1, 16, 48, 2956 }, // U+1EE8
    { 10, 13, 169, 1, 13, 33, 3004 }, // U+1EE9
    { 12, 16, 197, 1, 16, 48, 3037 }, // U+1EEA
    { 10, 13, 169, 1, 13, 33, 3085 }, // U+1EEB
    { 12, 17, 197, 1, 17, 51, 3118 }, // U+1EEC
    { 10, 14, 169, 1, 14, 35, 3169 }, // U+1EED
    { 12, 16, 197, 1, 16, 48, 3204 }, // U+1EEE
    { 10, 13, 169, 1, 13, 33, 3252 }, // U+1EEF
    { 12, 18, 197, 1, 14, 54, 3285 }, // U+1EF0
    { 10, 15, 169, 1, 11, 38, 3339 }, // U+1EF1
    { 12, 16, 186, 0, 16, 48, 3377 }, // U+1EF2
    { 10, 16, 153, 0, 13, 40, 3425 }, // U+1EF3
    { 12, 16, 186, 0, 12, 48, 3465 }, // U+1EF4
    { 10, 13, 153, 0, 9, 33, 3513 }, // U+1EF5
    { 12, 17, 186, 0, 17, 51, 3546 }, // U+1EF6
    { 10, 17, 153, 0, 14, 43, 3597 }, // U+1EF7
    { 12, 16, 186, 0, 16, 48, 3640 }, // U+1EF8
    { 10, 16, 153, 0, 13, 40, 3688 }, // U+1EF9
    { 0, 0, 148, 0, 0, 0, 0 }, // U+2000
    { 0, 0, 294, 0, 0, 0, 0 }, // U+2001
    { 0, 0, 133, 0, 0, 0, 0 }, // U+2002
    { 0, 0, 267, 0, 0, 0, 0 }, // U+2003
    { 0, 0, 89, 0, 0, 0, 0 }, // U+2004
    { 0, 0, 67, 0, 0, 0, 0 }, // U+2005
    { 0, 0, 44, 0, 0, 0, 0 }, // U+2006
    { 0, 0, 173, 0, 0, 0, 0 }, // U+2007
    { 0, 0, 81, 0, 0, 0, 0 }, // U+2008
    { 0, 0, 46, 0, 0, 0, 0 }, // U+2009
    { 0, 0, 23, 0, 0, 0, 0 }, // U+200A
    { 0, 0, 0, 0, 0, 0, 0 }, // U+200B
    { 2, 12, 0, -1, 11, 6, 0 }, // U+200C
    { 4, 12, 0, -2, 11, 12, 6 }, // U+200D
    { 5, 14, 0, -1, 12, 18, 18 }, // U+200E
    { 5, 14, 0, -4, 12, 18, 36 }, // U+200F
    { 6, 3, 104, 0, 7, 5, 54 }, // U+2010
    { 6, 3, 104, 0, 7, 5, 59 }, // U+2011
    { 11, 3, 173, 0, 7, 9, 64 }, // U+2012
    { 9, 3, 133, 0, 7, 7, 73 }, // U+2013
    { 17, 3, 267, 0, 7, 13, 80 }, // U+2014
    { 17, 3, 267, 0, 7, 13, 93 }, // U+2015
    { 5, 20, 135, 2, 16, 25, 106 }, // U+2016
    { 8, 5, 123, 0, 1, 10, 131 }, // U+2017
    { 3, 5, 74, 1, 12, 4, 141 }, // U+2018
    { 3, 5, 74, 1, 12, 4, 145 }, // U+2019
    { 4, 5, 69, 0, 2, 5, 149 }, // U+201A
    { 4, 5, 74, 0, 12, 5, 154 }, // U+201B
    { 7, 5, 126, 1, 12, 9, 159 }, // U+201C
    { 7, 5, 126, 1, 12, 9, 168 }, // U+201D
    { 7, 5, 120, 0, 2, 9, 177 }, // U+201E
    { 7, 5, 126, 0, 12, 9, 186 }, // U+201F
    { 7, 9, 139, 1, 12, 16, 195 }, // U+2020
    { 7, 12, 139, 1, 12, 21, 211 }, // U+2021
    { 7, 5, 142, 1, 7, 9, 232 }, // U+2022
    { 5, 6, 142, 2, 8, 8, 241 }, // U+2023
    { 3, 3, 81, 1, 3, 3, 249 }, // U+2024
    { 8, 3, 162, 1, 3, 6, 252 }, // U+2025
    { 13, 3, 243, 1, 3, 10, 258 }, // U+2026
    { 3, 3, 81, 1, 8, 3, 268 }, // U+2027
    { 0, 0, 46, 0, 0, 0, 271 }, // U+202F
    { 20, 12, 361, 1, 12, 60, 271 }, // U+2030
    { 26, 12, 457, 1, 12, 78, 331 }, // U+2031
    { 4, 4, 64, 0, 12, 4, 409 }, // U+2032
    { 8, 4, 127, 0, 12, 8, 413 }, // U+2033
    { 12, 4, 191, 0, 12, 12, 421 }, // U+2034
    { 4, 4, 64, 0, 12, 4, 433 }, // U+2035
    { 8, 4, 127, 0, 12, 8, 437 }, // U+2036
    { 12, 4, 191, 0, 12, 12, 445 }, // U+2037
    { 8, 4, 130, 0, 0, 8, 457 }, // U+2038
    { 7, 8, 107, 0, 9, 14, 465 }, // U+2039
    { 6, 8, 107, 0, 9, 12, 479 }, // U+203A
    { 10, 10, 186, 1, 10, 25, 491 }, // U+203B
    { 8, 12, 162, 1, 12, 24, 516 }, // U+203C
    { 8, 12, 140, 0, 12, 24, 540 }, // U+203D
    { 9, 3, 140, 0, 15, 7, 564 }, // U+203E
    { 14, 4, 221, 0, 0, 14, 571 }, // U+203F
    { 14, 3, 221, 0, 12, 11, 585 }, // U+2040
    { 7, 10, 123, 0, 5, 18, 596 }, // U+2041
    { 11, 10, 197, 1, 10, 28, 614 }, // U+2042
    { 5, 3, 142, 2, 6, 4, 642 }, // U+2043
    { 11, 12, 53, -4, 12, 33, 646 }, // U+2044
    { 5, 16, 98, 1, 13, 20, 679 }, // U+2045
    { 5, 16, 98, 0, 13, 20, 699 }, // U+2046
    { 17, 12, 281, 0, 12, 51, 719 }, // U+2047
    { 13, 12, 222, 0, 12, 39, 770 }, // U+2048
    { 13, 12, 222, 1, 12, 39, 809 }, // U+2049
    { 7, 12, 121, 0, 9, 21, 848 }, // U+204A
    { 9, 12, 160, 1, 12, 27, 869 }, // U+204B
    { 8, 8, 159, 1, 9, 16, 896 }, // U+204C
    { 8, 8, 159, 1, 9, 16, 912 }, // U+204D
    { 7, 7, 139, 1, 6, 13, 928 }, // U+204E
    { 4, 12, 84, 1, 9, 12, 941 }, // U+204F
    { 14, 17, 220, 0, 12, 60, 953 }, // U+2050
    { 8, 15, 147, 1, 12, 30, 1013 }, // U+2051
    { 12, 12, 204, 0, 12, 36, 1043 }, // U+2052
    { 11, 5, 197, 1, 8, 14, 1079 }, // U+2053
    { 14, 4, 221, 0, 0, 14, 1093 }, // U+2054
    { 8, 7, 161, 1, 8, 14, 1107 }, // U+2055
    { 16, 4, 254, 0, 12, 16, 1121 }, // U+2057
    { 0, 0, 76, 0, 0, 0, 1137 }, // U+205F
    { 8, 7, 126, 0, 15, 14, 0 }, // U+2070
    { 3, 7, 55, 0, 15, 6, 14 }, // U+2071
    { 8, 7, 125, 0, 15, 14, 20 }, // U+2074
    { 6, 7, 120, 1, 15, 11, 34 }, // U+2075
    { 7, 7, 121, 0, 15, 13, 45 }, // U+2076
    { 7, 7, 110, 0, 15, 13, 58 }, // U+2077
    { 7, 7, 123, 0, 15, 13, 71 }, // U+2078
    { 7, 7, 121, 0, 15, 13, 84 }, // U+2079
    { 6, 5, 118, 1, 13, 8, 97 }, // U+207A
    { 6, 3, 118, 1, 12, 5, 105 }, // U+207B
    { 6, 4, 118, 1, 13, 6, 110 }, // U+207C
    { 3, 9, 74, 1, 15, 7, 116 }, // U+207D
    { 4, 9, 74, 0, 15, 9, 123 }, // U+207E
    { 7, 5, 118, 0, 13, 9, 132 }, // U+207F
    { 8, 7, 126, 0, 5, 14, 141 }, // U+2080
    { 5, 7, 84, 0, 5, 9, 155 }, // U+2081
    { 7, 7, 119, 0, 5, 13, 164 }, // U+2082
    { 7, 7, 121, 0, 5, 13, 177 }, // U+2083
    { 8, 7, 125, 0, 5, 14, 190 }, // U+2084
    { 6, 7, 120, 1, 5, 11, 204 }, // U+2085
    { 7, 7, 121, 0, 5, 13, 215 }, // U+2086
    { 7, 7, 110, 0, 5, 13, 228 }, // U+2087
    { 7, 7, 123, 0, 5, 13, 241 }, // U+2088
    { 7, 7, 121, 0, 5, 13, 254 }, // U+2089
    { 6, 5, 118, 1, 3, 8, 267 }, // U+208A
    { 6, 3, 118, 1, 2, 5, 275 }, // U+208B
    { 6, 4, 118, 1, 3, 6, 280 }, // U+208C
    { 3, 9, 74, 1, 5, 7, 286 }, // U+208D
    { 4, 9, 74, 0, 5, 9, 293 }, // U+208E
    { 6, 5, 109, 0, 3, 8, 302 }, // U+2090
    { 7, 5, 113, 0, 3, 9, 310 }, // U+2091
    { 7, 5, 116, 0, 3, 9, 319 }, // U+2092
    { 7, 5, 110, 0, 3, 9, 328 }, // U+2093
    { 7, 9, 123, 0, 4, 16, 337 }, // U+2094
    { 7, 7, 118, 0, 5, 13, 353 }, // U+2095
    { 7, 7, 108, 0, 5, 13, 366 }, // U+2096
    { 3, 7, 55, 0, 5, 6, 379 }, // U+2097
    { 10, 5, 169, 0, 3, 13, 385 }, // U+2098
    { 7, 5, 118, 0, 3, 9, 398 }, // U+2099
    { 7, 7, 118, 0, 3, 13, 407 }, // U+209A
    { 6, 5, 106, 0, 3, 8, 420 }, // U+209B
    { 4, 7, 68, 0, 5, 7, 428 }, // U+209C
    { 11, 12, 197, 1, 12, 33, 0 }, // U+20A0
    { 12, 15, 196, 0, 13, 45, 33 }, // U+20A1
    { 12, 12, 194, 0, 12, 36, 78 }, // U+20A2
    { 11, 12, 162, -1, 12, 33, 114 }, // U+20A3
    { 10, 12, 165, 0, 12, 30, 147 }, // U+20A4
    { 13, 11, 229, 1, 10, 36, 177 }, // U+20A5
    { 13, 12, 204, 0, 12, 39, 213 }, // U+20A6
    { 16, 12, 262, 1, 12, 48, 252 }, // U+20A7
    { 18, 12, 304, 1, 12, 54, 300 }, // U+20A8
    { 16, 12, 262, 0, 12, 48, 354 }, // U+20A9
    { 12, 9, 227, 1, 9, 27, 402 }, // U+20AA
    { 11, 17, 165, 0, 13, 47, 429 }, // U+20AB
    { 11, 12, 179, 0, 12, 33, 476 }, // U+20AC
    { 12, 12, 197, 0, 12, 36, 509 }, // U+20AD
    { 11, 12, 174, 0, 12, 33, 545 }, // U+20AE
    { 23, 17, 377, 0, 14, 98, 578 }, // U+20AF
    { 11, 12, 182, 0, 12, 33, 676 }, // U+20B1
    { 12, 15, 199, 0, 14, 45, 709 }, // U+20B2
    { 12, 12, 189, 0, 12, 36, 754 }, // U+20B3
    { 10, 12, 178, 1, 12, 30, 790 }, // U+20B4
    { 12, 15, 196, 0, 13, 45, 820 }, // U+20B5
    { 11, 12, 174, 0, 12, 33, 865 }, // U+20B8
    { 9, 14, 147, 0, 13, 32, 898 }, // U+20B9
    { 10, 12, 163, 0, 12, 30, 930 }, // U+20BA
    { 11, 9, 197, 1, 9, 25, 960 }, // U+20BC
    { 12, 12, 191, 0, 12, 36, 985 }, // U+20BD
    { 11, 12, 197, 1, 12, 33, 1021 }, // U+20BE
    { 10, 16, 175, 1, 14, 40, 1054 }, // U+20BF
    { 8, 10, 132, 0, 10, 20, 1094 }, // U+20C0
    { 13, 11, 255, 1, 11, 36, 0 }, // U+2190
    { 12, 13, 229, 1, 13, 39, 36 }, // U+2191
    { 13, 11, 255, 2, 11, 36, 75 }, // U+2192
    { 12, 13, 229, 1, 12, 39, 111 }, // U+2193
    { 20, 11, 358, 1, 11, 55, 150 }, // U+2194
    { 12, 20, 225, 1, 15, 60, 205 }, // U+2195
    { 10, 10, 207, 2, 10, 25, 265 }, // U+2196
    { 10, 10, 207, 1, 10, 25, 290 }, // U+2197
    { 10, 10, 207, 1, 10, 25, 315 }, // U+2198
    { 10, 10, 207, 2, 10, 25, 340 }, // U+2199
    { 17, 13, 306, 1, 13, 56, 365 }, // U+21A9
    { 17, 13, 306, 1, 13, 56, 421 }, // U+21AA
    { 14, 13, 266, 1, 13, 46, 477 }, // U+21B0
    { 14, 13, 266, 1, 13, 46, 523 }, // U+21B1
    { 14, 11, 266, 1, 13, 39, 569 }, // U+21B3
    { 12, 13, 228, 1, 13, 39, 608 }, // U+21B4
    { 14, 11, 266, 1, 13, 39, 647 }, // U+21B5
    { 14, 15, 255, 1, 15, 53, 686 }, // U+21BA
    { 14, 15, 255, 1, 15, 53, 739 }, // U+21BB
    { 13, 12, 255, 1, 11, 39, 792 }, // U+21D0
    { 13, 12, 255, 2, 11, 39, 831 }, // U+21D2
    { 20, 12, 358, 1, 11, 60, 870 }, // U+21D4
    { 8, 13, 165, 1, 13, 26, 930 }, // U+21DE
    { 8, 13, 165, 1, 13, 26, 956 }, // U+21DF
    { 15, 8, 274, 1, 10, 30, 982 }, // U+21E4
    { 15, 8, 274, 1, 10, 30, 1012 }, // U+21E5
    { 16, 15, 281, 1, 14, 60, 1042 }, // U+21E7
    { 16, 18, 281, 1, 14, 72, 1102 }, // U+21EA
    { 9, 13, 172, 1, 13, 30, 0 }, // U+2202
    { 11, 11, 183, 0, 10, 31, 30 }, // U+2205
    { 12, 12, 187, 0, 12, 36, 61 }, // U+2206
    { 10, 15, 197, 1, 13, 38, 97 }, // U+220F
    { 11, 15, 179, 0, 13, 42, 135 }, // U+2211
    { 9, 3, 178, 1, 6, 7, 177 }, // U+2212
    { 11, 13, 171, 0, 13, 36, 184 }, // U+221A
    { 16, 7, 254, 0, 9, 28, 220 }, // U+221E
    { 7, 17, 100, -1, 14, 30, 248 }, // U+222B
    { 3, 9, 81, 1, 11, 7, 278 }, // U+2236
    { 9, 8, 178, 1, 9, 18, 285 }, // U+2248
    { 9, 9, 178, 1, 9, 21, 303 }, // U+2260
    { 9, 10, 178, 1, 10, 23, 324 }, // U+2264
    { 9, 10, 178, 1, 10, 23, 347 }, // U+2265
    { 23, 24, 371, 0, 18, 138, 370 }, // U+2295
    { 23, 24, 371, 0, 18, 138, 508 }, // U+2296
    { 23, 24, 371, 0, 18, 138, 646 }, // U+2297
    { 23, 24, 371, 0, 18, 138, 784 }, // U+2298
};

static const EpdUnicodeInterval inksans_8_regularIntervals[] = {
    { 0x0, 0x0, 0x0 },
    { 0xD, 0xD, 0x1 },
    { 0x20, 0x7E, 0x2 },
    { 0xA0, 0xAC, 0x61 },
    { 0xAE, 0x148, 0x6E },
    { 0x14A, 0x17F, 0x109 },
    { 0x1A0, 0x1A1, 0x13F },
    { 0x1AF, 0x1B0, 0x141 },
    { 0x1C5, 0x21F, 0x143 },
    { 0x300, 0x304, 0x19E },
    { 0x306, 0x30C, 0x1A3 },
    { 0x30F, 0x30F, 0x1AA },
    { 0x313, 0x313, 0x1AB },
    { 0x315, 0x315, 0x1AC },
    { 0x31B, 0x31B, 0x1AD },
    { 0x323, 0x323, 0x1AE },
    { 0x326, 0x328, 0x1AF },
    { 0x32C, 0x32C, 0x1B2 },
    { 0x337, 0x338, 0x1B3 },
    { 0x342, 0x343, 0x1B5 },
    { 0x346, 0x36F, 0x1B7 },
    { 0x400, 0x479, 0x1E1 },
    { 0x480, 0x49D, 0x25B },
    { 0x4A0, 0x4FF, 0x279 },
    { 0x5D0, 0x5EA, 0x2D9 },
    { 0x5EF, 0x5F4, 0x2F4 },
    { 0x1EA0, 0x1EF9, 0x2FA },
    { 0x2000, 0x2027, 0x354 },
    { 0x202F, 0x2055, 0x37C },
    { 0x2057, 0x2057, 0x3A3 },
    { 0x205F, 0x205F, 0x3A4 },
    { 0x2070, 0x2071, 0x3A5 },
    { 0x2074, 0x208E, 0x3A7 },
    { 0x2090, 0x209C, 0x3C2 },
    { 0x20A0, 0x20AF, 0x3CF },
    { 0x20B1, 0x20B5, 0x3DF },
    { 0x20B8, 0x20BA, 0x3E4 },
    { 0x20BC, 0x20C0, 0x3E7 },
    { 0x2190, 0x2199, 0x3EC },
    { 0x21A9, 0x21AA, 0x3F6 },
    { 0x21B0, 0x21B1, 0x3F8 },
    { 0x21B3, 0x21B5, 0x3FA },
    { 0x21BA, 0x21BB, 0x3FD },
    { 0x21D0, 0x21D0, 0x3FF },
    { 0x21D2, 0x21D2, 0x400 },
    { 0x21D4, 0x21D4, 0x401 },
    { 0x21DE, 0x21DF, 0x402 },
    { 0x21E4, 0x21E5, 0x404 },
    { 0x21E7, 0x21E7, 0x406 },
    { 0x21EA, 0x21EA, 0x407 },
    { 0x2202, 0x2202, 0x408 },
    { 0x2205, 0x2206, 0x409 },
    { 0x220F, 0x220F, 0x40B },
    { 0x2211, 0x2212, 0x40C },
    { 0x221A, 0x221A, 0x40E },
    { 0x221E, 0x221E, 0x40F },
    { 0x222B, 0x222B, 0x410 },
    { 0x2236, 0x2236, 0x411 },
    { 0x2248, 0x2248, 0x412 },
    { 0x2260, 0x2260, 0x413 },
    { 0x2264, 0x2265, 0x414 },
    { 0x2295, 0x2298, 0x416 },
};

static const EpdFontGroup inksans_8_regularGroups[] = {
    { 0, 1544, 2715, 97, 0 },
    { 1544, 1386, 3235, 95, 97 },
    { 2930, 1656, 4915, 127, 192 },
    { 4586, 1635, 4243, 95, 319 },
    { 6221, 450, 598, 67, 414 },
    { 6671, 3906, 9433, 248, 481 },
    { 10577, 461, 856, 33, 729 },
    { 11038, 903, 4186, 90, 762 },
    { 11941, 761, 1310, 81, 852 },
    { 12702, 269, 488, 42, 933 },
    { 12971, 851, 1204, 29, 975 },
    { 13822, 676, 1286, 28, 1004 },
    { 14498, 469, 1004, 18, 1032 },
};

static const EpdKernClassEntry inksans_8_regularKernLeftClasses[] = {
    { 0x0022, 1 }, // "
    { 0x0024, 2 }, // $
    { 0x0025, 3 }, // %
    { 0x0026, 4 }, // &
    { 0x0027, 1 }, // '
    { 0x0028, 5 }, // (
    { 0x0029, 6 }, // )
    { 0x002A, 7 }, // *
    { 0x002B, 8 }, // +
    { 0x002C, 9 }, // ,
    { 0x002D, 8 }, // -
    { 0x002E, 9 }, // .
    { 0x002F, 10 }, // /
    { 0x0030, 11 }, // 0
    { 0x0031, 12 }, // 1
    { 0x0032, 13 }, // 2
    { 0x0033, 14 }, // 3
    { 0x0034, 15 }, // 4
    { 0x0035, 16 }, // 5
    { 0x0036, 17 }, // 6
    { 0x0037, 18 }, // 7
    { 0x0038, 14 }, // 8
    { 0x0039, 11 }, // 9
    { 0x003A, 19 }, // :
    { 0x003B, 19 }, // ;
    { 0x003D, 20 }, // =
    { 0x003E, 21 }, // >
    { 0x003F, 22 }, // ?
    { 0x0040, 23 }, // @
    { 0x0041, 24 }, // A
    { 0x0042, 25 }, // B
    { 0x0043, 26 }, // C
    { 0x0044, 23 }, // D
    { 0x0045, 27 }, // E
    { 0x0046, 28 }, // F
    { 0x0047, 29 }, // G
    { 0x0048, 12 }, // H
    { 0x0049, 12 }, // I
    { 0x004A, 30 }, // J
    { 0x004B, 31 }, // K
    { 0x004C, 32 }, // L
    { 0x004D, 12 }, // M
    { 0x004E, 12 }, // N
    { 0x004F, 23 }, // O
    { 0x0050, 33 }, // P
    { 0x0051, 23 }, // Q
    { 0x0052, 34 }, // R
    { 0x0053, 2 }, // S
    { 0x0054, 35 }, // T
    { 0x0055, 30 }, // U
    { 0x0056, 36 }, // V
    { 0x0057, 37 }, // W
    { 0x0058, 38 }, // X
    { 0x0059, 39 }, // Y
    { 0x005A, 40 }, // Z
    { 0x005B, 41 }, // [
    { 0x005C, 42 }, // <backslash>
    { 0x005D, 6 }, // ]
    { 0x005E, 7 }, // ^
    { 0x005F, 43 }, // _
    { 0x0061, 44 }, // a
    { 0x0062, 45 }, // b
    { 0x0063, 45 }, // c
    { 0x0064, 12 }, // d
    { 0x0065, 45 }, // e
    { 0x0066, 46 }, // f
    { 0x0067, 47 }, // g
    { 0x0068, 44 }, // h
    { 0x0069, 48 }, // i
    { 0x006A, 48 }, // j
    { 0x006B, 49 }, // k
    { 0x006C, 12 }, // l
    { 0x006D, 44 }, // m
    { 0x006E, 44 }, // n
    { 0x006F, 45 }, // o
    { 0x0070, 45 }, // p
    { 0x0071, 47 }, // q
    { 0x0072, 50 }, // r
    { 0x0073, 51 }, // s
    { 0x0074, 52 }, // t
    { 0x0075, 53 }, // u
    { 0x0076, 54 }, // v
    { 0x0077, 55 }, // w
    { 0x0078, 56 }, // x
    { 0x0079, 54 }, // y
    { 0x007A, 57 }, // z
    { 0x007B, 5 }, // {
    { 0x007C, 12 }, // |
    { 0x007D, 6 }, // }
    { 0x007E, 8 }, // ~
    { 0x00A1, 58 }, // U+00A1
    { 0x00A2, 45 }, // U+00A2
    { 0x00A5, 59 }, // U+00A5
    { 0x00A9, 23 }, // U+00A9
    { 0x00AA, 60 }, // U+00AA
    { 0x00AB, 61 }, // U+00AB
    { 0x00AC, 62 }, // U+00AC
    { 0x00AE, 63 }, // U+00AE
    { 0x00B0, 7 }, // U+00B0
    { 0x00B1, 20 }, // U+00B1
    { 0x00B2, 64 }, // U+00B2
    { 0x00B5, 65 }, // U+00B5
    { 0x00B6, 12 }, // U+00B6
    { 0x00B7, 66 }, // U+00B7
    { 0x00B9, 67 }, // U+00B9
    { 0x00BA, 60 }, // U+00BA
    { 0x00BB, 68 }, // U+00BB
    { 0x00BF, 69 }, // U+00BF
    { 0x00C0, 24 }, // U+00C0
    { 0x00C1, 24 }, // U+00C1
    { 0x00C2, 24 }, // U+00C2
    { 0x00C3, 24 }, // U+00C3
    { 0x00C4, 24 }, // U+00C4
    { 0x00C5, 24 }, // U+00C5
    { 0x00C6, 27 }, // U+00C6
    { 0x00C7, 26 }, // U+00C7
    { 0x00C8, 27 }, // U+00C8
    { 0x00C9, 27 }, // U+00C9
    { 0x00CA, 27 }, // U+00CA
    { 0x00CB, 27 }, // U+00CB
    { 0x00CC, 12 }, // U+00CC
    { 0x00CD, 12 }, // U+00CD
    { 0x00CE, 70 }, // U+00CE
    { 0x00CF, 70 }, // U+00CF
    { 0x00D0, 23 }, // U+00D0
    { 0x00D1, 12 }, // U+00D1
    { 0x00D2, 23 }, // U+00D2
    { 0x00D3, 23 }, // U+00D3
    { 0x00D4, 23 }, // U+00D4
    { 0x00D5, 23 }, // U+00D5
    { 0x00D6, 23 }, // U+00D6
    { 0x00D7, 71 }, // U+00D7
    { 0x00D8, 23 }, // U+00D8
    { 0x00D9, 30 }, // U+00D9
    { 0x00DA, 30 }, // U+00DA
    { 0x00DB, 30 }, // U+00DB
    { 0x00DC, 30 }, // U+00DC
    { 0x00DD, 39 }, // U+00DD
    { 0x00DE, 72 }, // U+00DE
    { 0x00DF, 73 }, // U+00DF
    { 0x00E0, 44 }, // U+00E0
    { 0x00E1, 44 }, // U+00E1
    { 0x00E2, 44 }, // U+00E2
    { 0x00E3, 44 }, // U+00E3
    { 0x00E4, 44 }, // U+00E4
    { 0x00E5, 44 }, // U+00E5
    { 0x00E6, 74 }, // U+00E6
    { 0x00E7, 45 }, // U+00E7
    { 0x00E8, 45 }, // U+00E8
    { 0x00E9, 45 }, // U+00E9
    { 0x00EA, 45 }, // U+00EA
    { 0x00EB, 45 }, // U+00EB
    { 0x00EC, 48 }, // U+00EC
    { 0x00ED, 48 }, // U+00ED
    { 0x00EE, 75 }, // U+00EE
    { 0x00EF, 76 }, // U+00EF
    { 0x00F0, 45 }, // U+00F0
    { 0x00F1, 77 }, // U+00F1
    { 0x00F2, 45 }, // U+00F2
    { 0x00F3, 45 }, // U+00F3
    { 0x00F4, 45 }, // U+00F4
    { 0x00F5, 78 }, // U+00F5
    { 0x00F6, 78 }, // U+00F6
    { 0x00F7, 8 }, // U+00F7
    { 0x00F8, 45 }, // U+00F8
    { 0x00F9, 53 }, // U+00F9
    { 0x00FA, 53 }, // U+00FA
    { 0x00FB, 53 }, // U+00FB
    { 0x00FC, 53 }, // U+00FC
    { 0x00FD, 54 }, // U+00FD
    { 0x00FE, 45 }, // U+00FE
    { 0x00FF, 54 }, // U+00FF
    { 0x0100, 24 }, // U+0100
    { 0x0101, 79 }, // U+0101
    { 0x0102, 24 }, // U+0102
    { 0x0103, 44 }, // U+0103
    { 0x0104, 24 }, // U+0104
    { 0x0105, 44 }, // U+0105
    { 0x0106, 26 }, // U+0106
    { 0x0107, 45 }, // U+0107
    { 0x0108, 26 }, // U+0108
    { 0x0109, 45 }, // U+0109
    { 0x010A, 26 }, // U+010A
    { 0x010B, 45 }, // U+010B
    { 0x010C, 26 }, // U+010C
    { 0x010D, 45 }, // U+010D
    { 0x010E, 23 }, // U+010E
    { 0x010F, 80 }, // U+010F
    { 0x0111, 81 }, // U+0111
    { 0x0112, 27 }, // U+0112
    { 0x0113, 45 }, // U+0113
    { 0x0114, 27 }, // U+0114
    { 0x0115, 45 }, // U+0115
    { 0x0116, 27 }, // U+0116
    { 0x0117, 45 }, // U+0117
    { 0x0118, 27 }, // U+0118
    { 0x0119, 45 }, // U+0119
    { 0x011A, 27 }, // U+011A
    { 0x011B, 45 }, // U+011B
    { 0x011C, 29 }, // U+011C
    { 0x011D, 47 }, // U+011D
    { 0x011E, 29 }, // U+011E
    { 0x011F, 47 }, // U+011F
    { 0x0120, 29 }, // U+0120
    { 0x0121, 47 }, // U+0121
    { 0x0122, 29 }, // U+0122
    { 0x0123, 47 }, // U+0123
    { 0x0124, 12 }, // U+0124
    { 0x0125, 44 }, // U+0125
    { 0x0126, 12 }, // U+0126
    { 0x0127, 44 }, // U+0127
    { 0x0128, 70 }, // U+0128
    { 0x0129, 82 }, // U+0129
    { 0x012A, 70 }, // U+012A
    { 0x012B, 83 }, // U+012B
    { 0x012C, 70 }, // U+012C
    { 0x012D, 84 }, // U+012D
    { 0x012E, 12 }, // U+012E
    { 0x012F, 48 }, // U+012F
    { 0x0130, 12 }, // U+0130
    { 0x0131, 48 }, // U+0131
    { 0x0133, 48 }, // U+0133
    { 0x0134, 30 }, // U+0134
    { 0x0135, 85 }, // U+0135
    { 0x0136, 31 }, // U+0136
    { 0x0137, 49 }, // U+0137
    { 0x0138, 49 }, // U+0138
    { 0x0139, 86 }, // U+0139
    { 0x013A, 87 }, // U+013A
    { 0x013B, 32 }, // U+013B
    { 0x013C, 12 }, // U+013C
    { 0x013D, 88 }, // U+013D
    { 0x013E, 12 }, // U+013E
    { 0x013F, 89 }, // U+013F
    { 0x0140, 12 }, // U+0140
    { 0x0141, 90 }, // U+0141
    { 0x0142, 12 }, // U+0142
    { 0x0143, 12 }, // U+0143
    { 0x0144, 44 }, // U+0144
    { 0x0145, 12 }, // U+0145
    { 0x0146, 44 }, // U+0146
    { 0x0147, 12 }, // U+0147
    { 0x0148, 44 }, // U+0148
    { 0x014A, 12 }, // U+014A
    { 0x014C, 23 }, // U+014C
    { 0x014D, 45 }, // U+014D
    { 0x014E, 23 }, // U+014E
    { 0x014F, 45 }, // U+014F
    { 0x0150, 23 }, // U+0150
    { 0x0151, 45 }, // U+0151
    { 0x0152, 27 }, // U+0152
    { 0x0153, 45 }, // U+0153
    { 0x0154, 34 }, // U+0154
    { 0x0155, 50 }, // U+0155
    { 0x0156, 34 }, // U+0156
    { 0x0157, 50 }, // U+0157
    { 0x0158, 34 }, // U+0158
    { 0x0159, 50 }, // U+0159
    { 0x015A, 2 }, // U+015A
    { 0x015B, 51 }, // U+015B
    { 0x015C, 2 }, // U+015C
    { 0x015D, 51 }, // U+015D
    { 0x015E, 2 }, // U+015E
    { 0x015F, 51 }, // U+015F
    { 0x0160, 2 }, // U+0160
    { 0x0161, 51 }, // U+0161
    { 0x0162, 91 }, // U+0162
    { 0x0163, 52 }, // U+0163
    { 0x0164, 92 }, // U+0164
    { 0x0165, 52 }, // U+0165
    { 0x0166, 93 }, // U+0166
    { 0x0167, 52 }, // U+0167
    { 0x0168, 30 }, // U+0168
    { 0x0169, 53 }, // U+0169
    { 0x016A, 30 }, // U+016A
    { 0x016B, 53 }, // U+016B
    { 0x016C, 30 }, // U+016C
    { 0x016D, 53 }, // U+016D
    { 0x016E, 30 }, // U+016E
    { 0x016F, 53 }, // U+016F
    { 0x0170, 30 }, // U+0170
    { 0x0171, 53 }, // U+0171
    { 0x0172, 30 }, // U+0172
    { 0x0173, 53 }, // U+0173
    { 0x0174, 37 }, // U+0174
    { 0x0175, 55 }, // U+0175
    { 0x0176, 39 }, // U+0176
    { 0x0177, 54 }, // U+0177
    { 0x0178, 39 }, // U+0178
    { 0x0179, 40 }, // U+0179
    { 0x017A, 57 }, // U+017A
    { 0x017B, 40 }, // U+017B
    { 0x017C, 57 }, // U+017C
    { 0x017D, 40 }, // U+017D
    { 0x017E, 57 }, // U+017E
    { 0x017F, 94 }, // U+017F
    { 0x01A0, 95 }, // U+01A0
    { 0x01A1, 96 }, // U+01A1
    { 0x01AF, 97 }, // U+01AF
    { 0x01B0, 98 }, // U+01B0
    { 0x01C5, 99 }, // U+01C5
    { 0x01C6, 57 }, // U+01C6
    { 0x01C8, 48 }, // U+01C8
    { 0x01C9, 48 }, // U+01C9
    { 0x01CB, 48 }, // U+01CB
    { 0x01CC, 48 }, // U+01CC
    { 0x01CD, 24 }, // U+01CD
    { 0x01CE, 44 }, // U+01CE
    { 0x01CF, 87 }, // U+01CF
    { 0x01D0, 100 }, // U+01D0
    { 0x01D1, 23 }, // U+01D1
    { 0x01D2, 45 }, // U+01D2
    { 0x01D3, 30 }, // U+01D3
    { 0x01D4, 53 }, // U+01D4
    { 0x01D5, 30 }, // U+01D5
    { 0x01D6, 53 }, // U+01D6
    { 0x01D7, 30 }, // U+01D7
    { 0x01D8, 53 }, // U+01D8
    { 0x01D9, 30 }, // U+01D9
    { 0x01DA, 53 }, // U+01DA
    { 0x01DB, 30 }, // U+01DB
    { 0x01DC, 53 }, // U+01DC
    { 0x01DD, 45 }, // U+01DD
    { 0x01DE, 24 }, // U+01DE
    { 0x01DF, 44 }, // U+01DF
    { 0x01E0, 24 }, // U+01E0
    { 0x01E1, 44 }, // U+01E1
    { 0x01E2, 27 }, // U+01E2
    { 0x01E3, 74 }, // U+01E3
    { 0x01E4, 29 }, // U+01E4
    { 0x01E5, 47 }, // U+01E5
    { 0x01E6, 29 }, // U+01E6
    { 0x01E7, 47 }, // U+01E7
    { 0x01E8, 31 }, // U+01E8
    { 0x01E9, 49 }, // U+01E9
    { 0x01EA, 23 }, // U+01EA
    { 0x01EB, 45 }, // U+01EB
    { 0x01EC, 23 }, // U+01EC
    { 0x01ED, 45 }, // U+01ED
    { 0x01F0, 48 }, // U+01F0
    { 0x01F1, 101 }, // U+01F1
    { 0x01F2, 57 }, // U+01F2
    { 0x01F3, 57 }, // U+01F3
    { 0x01F4, 29 }, // U+01F4
    { 0x01F5, 47 }, // U+01F5
    { 0x01F6, 102 }, // U+01F6
    { 0x01F8, 12 }, // U+01F8
    { 0x01F9, 44 }, // U+01F9
    { 0x01FA, 24 }, // U+01FA
    { 0x01FB, 44 }, // U+01FB
    { 0x01FC, 27 }, // U+01FC
    { 0x01FD, 74 }, // U+01FD
    { 0x01FE, 23 }, // U+01FE
    { 0x01FF, 45 }, // U+01FF
    { 0x0200, 24 }, // U+0200
    { 0x0201, 44 }, // U+0201
    { 0x0202, 24 }, // U+0202
    { 0x0203, 44 }, // U+0203
    { 0x0204, 27 }, // U+0204
    { 0x0205, 45 }, // U+0205
    { 0x0206, 27 }, // U+0206
    { 0x0207, 45 }, // U+0207
    { 0x0208, 103 }, // U+0208
    { 0x0209, 104 }, // U+0209
    { 0x020A, 70 }, // U+020A
    { 0x020B, 105 }, // U+020B
    { 0x020C, 23 }, // U+020C
    { 0x020D, 45 }, // U+020D
    { 0x020E, 23 }, // U+020E
    { 0x020F, 45 }, // U+020F
    { 0x0210, 34 }, // U+0210
    { 0x0211, 50 }, // U+0211
    { 0x0212, 34 }, // U+0212
    { 0x0213, 50 }, // U+0213
    { 0x0214, 30 }, // U+0214
    { 0x0215, 53 }, // U+0215
    { 0x0216, 30 }, // U+0216
    { 0x0217, 53 }, // U+0217
    { 0x0218, 2 }, // U+0218
    { 0x0219, 51 }, // U+0219
    { 0x021A, 35 }, // U+021A
    { 0x021B, 52 }, // U+021B
    { 0x021E, 12 }, // U+021E
    { 0x021F, 44 }, // U+021F
    { 0x0400, 27 }, // U+0400
    { 0x0401, 27 }, // U+0401
    { 0x0402, 45 }, // U+0402
    { 0x0403, 35 }, // U+0403
    { 0x0404, 106 }, // U+0404
    { 0x0405, 2 }, // U+0405
    { 0x0406, 12 }, // U+0406
    { 0x0407, 70 }, // U+0407
    { 0x0408, 30 }, // U+0408
    { 0x0409, 45 }, // U+0409
    { 0x040A, 45 }, // U+040A
    { 0x040B, 44 }, // U+040B
    { 0x040C, 31 }, // U+040C
    { 0x040D, 12 }, // U+040D
    { 0x040F, 12 }, // U+040F
    { 0x0410, 24 }, // U+0410
    { 0x0411, 25 }, // U+0411
    { 0x0412, 25 }, // U+0412
    { 0x0413, 35 }, // U+0413
    { 0x0414, 107 }, // U+0414
    { 0x0415, 27 }, // U+0415
    { 0x0416, 108 }, // U+0416
    { 0x0417, 14 }, // U+0417
    { 0x0418, 12 }, // U+0418
    { 0x0419, 12 }, // U+0419
    { 0x041A, 31 }, // U+041A
    { 0x041B, 12 }, // U+041B
    { 0x041C, 12 }, // U+041C
    { 0x041D, 12 }, // U+041D
    { 0x041E, 23 }, // U+041E
    { 0x041F, 12 }, // U+041F
    { 0x0420, 33 }, // U+0420
    { 0x0421, 26 }, // U+0421
    { 0x0422, 35 }, // U+0422
    { 0x0423, 39 }, // U+0423
    { 0x0424, 109 }, // U+0424
    { 0x0425, 38 }, // U+0425
    { 0x0426, 107 }, // U+0426
    { 0x0427, 12 }, // U+0427
    { 0x0428, 12 }, // U+0428
    { 0x0429, 107 }, // U+0429
    { 0x042A, 45 }, // U+042A
    { 0x042B, 12 }, // U+042B
    { 0x042C, 45 }, // U+042C
    { 0x042D, 23 }, // U+042D
    { 0x042E, 110 }, // U+042E
    { 0x0430, 44 }, // U+0430
    { 0x0432, 51 }, // U+0432
    { 0x0433, 50 }, // U+0433
    { 0x0434, 111 }, // U+0434
    { 0x0435, 45 }, // U+0435
    { 0x0436, 56 }, // U+0436
    { 0x0437, 44 }, // U+0437
    { 0x0438, 44 }, // U+0438
    { 0x0439, 44 }, // U+0439
    { 0x043A, 49 }, // U+043A
    { 0x043B, 44 }, // U+043B
    { 0x043C, 44 }, // U+043C
    { 0x043D, 44 }, // U+043D
    { 0x043E, 45 }, // U+043E
    { 0x043F, 44 }, // U+043F
    { 0x0440, 45 }, // U+0440
    { 0x0441, 45 }, // U+0441
    { 0x0442, 112 }, // U+0442
    { 0x0443, 54 }, // U+0443
    { 0x0444, 45 }, // U+0444
    { 0x0445, 56 }, // U+0445
    { 0x0446, 111 }, // U+0446
    { 0x0447, 44 }, // U+0447
    { 0x0448, 44 }, // U+0448
    { 0x0449, 111 }, // U+0449
    { 0x044A, 113 }, // U+044A
    { 0x044B, 48 }, // U+044B
    { 0x044C, 113 }, // U+044C
    { 0x044D, 45 }, // U+044D
    { 0x044E, 45 }, // U+044E
    { 0x044F, 44 }, // U+044F
    { 0x0450, 45 }, // U+0450
    { 0x0451, 45 }, // U+0451
    { 0x0452, 44 }, // U+0452
    { 0x0453, 50 }, // U+0453
    { 0x0454, 45 }, // U+0454
    { 0x0455, 51 }, // U+0455
    { 0x0456, 48 }, // U+0456
    { 0x0457, 76 }, // U+0457
    { 0x0458, 48 }, // U+0458
    { 0x0459, 113 }, // U+0459
    { 0x045A, 113 }, // U+045A
    { 0x045B, 44 }, // U+045B
    { 0x045C, 49 }, // U+045C
    { 0x045D, 44 }, // U+045D
    { 0x045E, 54 }, // U+045E
    { 0x045F, 53 }, // U+045F
    { 0x0460, 12 }, // U+0460
    { 0x0462, 45 }, // U+0462
    { 0x0463, 45 }, // U+0463
    { 0x0464, 26 }, // U+0464
    { 0x0465, 45 }, // U+0465
    { 0x0466, 24 }, // U+0466
    { 0x0467, 24 }, // U+0467
    { 0x0468, 24 }, // U+0468
    { 0x046E, 25 }, // U+046E
    { 0x0472, 23 }, // U+0472
    { 0x0473, 45 }, // U+0473
    { 0x0474, 36 }, // U+0474
    { 0x0475, 54 }, // U+0475
    { 0x0476, 36 }, // U+0476
    { 0x0477, 54 }, // U+0477
    { 0x0479, 46 }, // U+0479
    { 0x0481, 45 }, // U+0481
    { 0x048A, 12 }, // U+048A
    { 0x048B, 52 }, // U+048B
    { 0x048C, 45 }, // U+048C
    { 0x048D, 45 }, // U+048D
    { 0x048E, 33 }, // U+048E
    { 0x048F, 45 }, // U+048F
    { 0x0490, 35 }, // U+0490
    { 0x0491, 50 }, // U+0491
    { 0x0492, 35 }, // U+0492
    { 0x0493, 50 }, // U+0493
    { 0x0497, 56 }, // U+0497
    { 0x0498, 14 }, // U+0498
    { 0x049A, 31 }, // U+049A
    { 0x049B, 49 }, // U+049B
    { 0x049C, 31 }, // U+049C
    { 0x049D, 49 }, // U+049D
    { 0x04A0, 31 }, // U+04A0
    { 0x04A1, 49 }, // U+04A1
    { 0x04A2, 52 }, // U+04A2
    { 0x04A3, 52 }, // U+04A3
    { 0x04A4, 35 }, // U+04A4
    { 0x04A5, 50 }, // U+04A5
    { 0x04A6, 45 }, // U+04A6
    { 0x04A7, 113 }, // U+04A7
    { 0x04A9, 74 }, // U+04A9
    { 0x04AA, 26 }, // U+04AA
    { 0x04AB, 45 }, // U+04AB
    { 0x04AC, 35 }, // U+04AC
    { 0x04AD, 50 }, // U+04AD
    { 0x04AE, 39 }, // U+04AE
    { 0x04AF, 54 }, // U+04AF
    { 0x04B0, 39 }, // U+04B0
    { 0x04B1, 54 }, // U+04B1
    { 0x04B3, 56 }, // U+04B3
    { 0x04B5, 111 }, // U+04B5
    { 0x04B7, 52 }, // U+04B7
    { 0x04B9, 44 }, // U+04B9
    { 0x04BA, 44 }, // U+04BA
    { 0x04BB, 44 }, // U+04BB
    { 0x04BD, 45 }, // U+04BD
    { 0x04BF, 74 }, // U+04BF
    { 0x04C0, 12 }, // U+04C0
    { 0x04C1, 38 }, // U+04C1
    { 0x04C3, 25 }, // U+04C3
    { 0x04C4, 44 }, // U+04C4
    { 0x04C6, 52 }, // U+04C6
    { 0x04C7, 12 }, // U+04C7
    { 0x04C8, 44 }, // U+04C8
    { 0x04C9, 52 }, // U+04C9
    { 0x04CA, 52 }, // U+04CA
    { 0x04CC, 44 }, // U+04CC
    { 0x04CD, 12 }, // U+04CD
    { 0x04CE, 52 }, // U+04CE
    { 0x04CF, 12 }, // U+04CF
    { 0x04D0, 24 }, // U+04D0
    { 0x04D1, 44 }, // U+04D1
    { 0x04D2, 24 }, // U+04D2
    { 0x04D3, 44 }, // U+04D3
    { 0x04D4, 27 }, // U+04D4
    { 0x04D5, 74 }, // U+04D5
    { 0x04D6, 27 }, // U+04D6
    { 0x04D7, 45 }, // U+04D7
    { 0x04D9, 45 }, // U+04D9
    { 0x04DA, 23 }, // U+04DA
    { 0x04DB, 45 }, // U+04DB
    { 0x04DC, 38 }, // U+04DC
    { 0x04E0, 14 }, // U+04E0
    { 0x04E2, 12 }, // U+04E2
    { 0x04E3, 44 }, // U+04E3
    { 0x04E4, 12 }, // U+04E4
    { 0x04E5, 44 }, // U+04E5
    { 0x04E6, 23 }, // U+04E6
    { 0x04E7, 45 }, // U+04E7
    { 0x04E8, 23 }, // U+04E8
    { 0x04E9, 45 }, // U+04E9
    { 0x04EA, 23 }, // U+04EA
    { 0x04EB, 45 }, // U+04EB
    { 0x04ED, 45 }, // U+04ED
    { 0x04EF, 54 }, // U+04EF
    { 0x04F1, 54 }, // U+04F1
    { 0x04F3, 54 }, // U+04F3
    { 0x04F5, 44 }, // U+04F5
    { 0x04F6, 35 }, // U+04F6
    { 0x04F7, 50 }, // U+04F7
    { 0x04F9, 44 }, // U+04F9
    { 0x04FA, 35 }, // U+04FA
    { 0x04FB, 50 }, // U+04FB
    { 0x04FC, 38 }, // U+04FC
    { 0x04FD, 56 }, // U+04FD
    { 0x04FE, 38 }, // U+04FE
    { 0x04FF, 56 }, // U+04FF
    { 0x05D0, 114 }, // U+05D0
    { 0x05D1, 115 }, // U+05D1
    { 0x05D2, 116 }, // U+05D2
    { 0x05D3, 117 }, // U+05D3
    { 0x05D5, 118 }, // U+05D5
    { 0x05D6, 119 }, // U+05D6
    { 0x05D8, 120 }, // U+05D8
    { 0x05D9, 121 }, // U+05D9
    { 0x05DB, 122 }, // U+05DB
    { 0x05DC, 123 }, // U+05DC
    { 0x05DE, 124 }, // U+05DE
    { 0x05E0, 125 }, // U+05E0
    { 0x05E1, 126 }, // U+05E1
    { 0x05E2, 127 }, // U+05E2
    { 0x05E4, 128 }, // U+05E4
    { 0x05E6, 129 }, // U+05E6
    { 0x05E8, 130 }, // U+05E8
    { 0x05E9, 131 }, // U+05E9
    { 0x05EA, 132 }, // U+05EA
    { 0x1EA0, 24 }, // U+1EA0
    { 0x1EA1, 44 }, // U+1EA1
    { 0x1EA2, 24 }, // U+1EA2
    { 0x1EA3, 44 }, // U+1EA3
    { 0x1EA4, 24 }, // U+1EA4
    { 0x1EA5, 44 }, // U+1EA5
    { 0x1EA6, 24 }, // U+1EA6
    { 0x1EA7, 44 }, // U+1EA7
    { 0x1EA8, 24 }, // U+1EA8
    { 0x1EA9, 44 }, // U+1EA9
    { 0x1EAA, 24 }, // U+1EAA
    { 0x1EAB, 44 }, // U+1EAB
    { 0x1EAC, 24 }, // U+1EAC
    { 0x1EAD, 44 }, // U+1EAD
    { 0x1EAE, 24 }, // U+1EAE
    { 0x1EAF, 44 }, // U+1EAF
    { 0x1EB0, 24 }, // U+1EB0
    { 0x1EB1, 44 }, // U+1EB1
    { 0x1EB2, 24 }, // U+1EB2
    { 0x1EB3, 44 }, // U+1EB3
    { 0x1EB4, 24 }, // U+1EB4
    { 0x1EB5, 44 }, // U+1EB5
    { 0x1EB6, 24 }, // U+1EB6
    { 0x1EB7, 44 }, // U+1EB7
    { 0x1EB8, 27 }, // U+1EB8
    { 0x1EB9, 45 }, // U+1EB9
    { 0x1EBA, 27 }, // U+1EBA
    { 0x1EBB, 45 }, // U+1EBB
    { 0x1EBC, 27 }, // U+1EBC
    { 0x1EBD, 45 }, // U+1EBD
    { 0x1EBE, 27 }, // U+1EBE
    { 0x1EBF, 45 }, // U+1EBF
    { 0x1EC0, 27 }, // U+1EC0
    { 0x1EC1, 45 }, // U+1EC1
    { 0x1EC2, 27 }, // U+1EC2
    { 0x1EC3, 45 }, // U+1EC3
    { 0x1EC4, 27 }, // U+1EC4
    { 0x1EC5, 45 }, // U+1EC5
    { 0x1EC6, 27 }, // U+1EC6
    { 0x1EC7, 45 }, // U+1EC7
    { 0x1EC8, 12 }, // U+1EC8
    { 0x1EC9, 104 }, // U+1EC9
    { 0x1ECA, 12 }, // U+1ECA
    { 0x1ECB, 133 }, // U+1ECB
    { 0x1ECC, 23 }, // U+1ECC
    { 0x1ECD, 45 }, // U+1ECD
    { 0x1ECE, 23 }, // U+1ECE
    { 0x1ECF, 45 }, // U+1ECF
    { 0x1ED0, 23 }, // U+1ED0
    { 0x1ED1, 45 }, // U+1ED1
    { 0x1ED2, 23 }, // U+1ED2
    { 0x1ED3, 45 }, // U+1ED3
    { 0x1ED4, 23 }, // U+1ED4
    { 0x1ED5, 45 }, // U+1ED5
    { 0x1ED6, 23 }, // U+1ED6
    { 0x1ED7, 45 }, // U+1ED7
    { 0x1ED8, 23 }, // U+1ED8
    { 0x1ED9, 45 }, // U+1ED9
    { 0x1EDA, 23 }, // U+1EDA
    { 0x1EDB, 45 }, // U+1EDB
    { 0x1EDC, 23 }, // U+1EDC
    { 0x1EDD, 45 }, // U+1EDD
    { 0x1EDE, 23 }, // U+1EDE
    { 0x1EDF, 45 }, // U+1EDF
    { 0x1EE0, 23 }, // U+1EE0
    { 0x1EE1, 45 }, // U+1EE1
    { 0x1EE2, 23 }, // U+1EE2
    { 0x1EE3, 45 }, // U+1EE3
    { 0x1EE4, 30 }, // U+1EE4
    { 0x1EE5, 53 }, // U+1EE5
    { 0x1EE6, 30 }, // U+1EE6
    { 0x1EE7, 53 }, // U+1EE7
    { 0x1EE8, 134 }, // U+1EE8
    { 0x1EE9, 53 }, // U+1EE9
    { 0x1EEA, 134 }, // U+1EEA
    { 0x1EEB, 53 }, // U+1EEB
    { 0x1EEC, 134 }, // U+1EEC
    { 0x1EED, 98 }, // U+1EED
    { 0x1EEE, 134 }, // U+1EEE
    { 0x1EEF, 53 }, // U+1EEF
    { 0x1EF0, 134 }, // U+1EF0
    { 0x1EF1, 53 }, // U+1EF1
    { 0x1EF2, 39 }, // U+1EF2
    { 0x1EF3, 54 }, // U+1EF3
    { 0x1EF4, 135 }, // U+1EF4
    { 0x1EF5, 54 }, // U+1EF5
    { 0x1EF6, 135 }, // U+1EF6
    { 0x1EF7, 54 }, // U+1EF7
    { 0x1EF8, 135 }, // U+1EF8
    { 0x1EF9, 54 }, // U+1EF9
    { 0x2018, 136 }, // U+2018
    { 0x2019, 137 }, // U+2019
    { 0x201A, 138 }, // U+201A
    { 0x201C, 136 }, // U+201C
    { 0x201D, 137 }, // U+201D
    { 0x201E, 138 }, // U+201E
    { 0x2020, 60 }, // U+2020
    { 0x2021, 60 }, // U+2021
    { 0x2022, 139 }, // U+2022
    { 0x2023, 139 }, // U+2023
    { 0x2026, 140 }, // U+2026
    { 0x2034, 137 }, // U+2034
    { 0x2039, 61 }, // U+2039
    { 0x203A, 68 }, // U+203A
    { 0x203D, 22 }, // U+203D
    { 0x2043, 139 }, // U+2043
    { 0x204B, 33 }, // U+204B
    { 0x204C, 44 }, // U+204C
    { 0x204D, 139 }, // U+204D
    { 0x204F, 19 }, // U+204F
    { 0x2071, 141 }, // U+2071
    { 0x2074, 142 }, // U+2074
    { 0x2077, 143 }, // U+2077
    { 0x207A, 144 }, // U+207A
    { 0x207B, 144 }, // U+207B
    { 0x207D, 145 }, // U+207D
    { 0x2080, 146 }, // U+2080
    { 0x2081, 146 }, // U+2081
    { 0x2082, 146 }, // U+2082
    { 0x2083, 146 }, // U+2083
    { 0x2084, 146 }, // U+2084
    { 0x2085, 147 }, // U+2085
    { 0x2086, 146 }, // U+2086
    { 0x2087, 148 }, // U+2087
    { 0x2088, 146 }, // U+2088
    { 0x2089, 146 }, // U+2089
    { 0x208A, 146 }, // U+208A
    { 0x208B, 146 }, // U+208B
    { 0x208C, 146 }, // U+208C
    { 0x208D, 146 }, // U+208D
    { 0x208E, 146 }, // U+208E
    { 0x2090, 146 }, // U+2090
    { 0x2091, 146 }, // U+2091
    { 0x2092, 146 }, // U+2092
    { 0x2093, 146 }, // U+2093
    { 0x2095, 146 }, // U+2095
    { 0x2096, 146 }, // U+2096
    { 0x2097, 146 }, // U+2097
    { 0x2098, 146 }, // U+2098
    { 0x2099, 146 }, // U+2099
    { 0x209A, 146 }, // U+209A
    { 0x209B, 146 }, // U+209B
    { 0x209C, 146 }, // U+209C
    { 0x20A1, 26 }, // U+20A1
    { 0x20A7, 52 }, // U+20A7
    { 0x20A8, 51 }, // U+20A8
    { 0x20A9, 149 }, // U+20A9
    { 0x20AF, 45 }, // U+20AF
    { 0x20B2, 29 }, // U+20B2
    { 0x20B5, 26 }, // U+20B5
    { 0x20BD, 150 }, // U+20BD
    { 0x20BF, 25 }, // U+20BF
    { 0x2190, 8 }, // U+2190
    { 0x21D0, 20 }, // U+21D0
    { 0x2206, 24 }, // U+2206
    { 0x2212, 8 }, // U+2212
    { 0x221E, 89 }, // U+221E
    { 0x2248, 20 }, // U+2248
    { 0x2260, 20 }, // U+2260
    { 0x2264, 20 }, // U+2264
    { 0x2265, 20 }, // U+2265
};

static const EpdKernClassEntry inksans_8_regularKernRightClasses[] = {
    { 0x0020, 1 }, // U+0020
    { 0x0021, 2 }, // !
    { 0x0022, 3 }, // "
    { 0x0023, 4 }, // #
    { 0x0024, 5 }, // $
    { 0x0026, 6 }, // &
    { 0x0027, 3 }, // '
    { 0x0028, 7 }, // (
    { 0x0029, 8 }, // )
    { 0x002A, 9 }, // *
    { 0x002B, 10 }, // +
    { 0x002C, 11 }, // ,
    { 0x002D, 12 }, // -
    { 0x002E, 13 }, // .
    { 0x002F, 14 }, // /
    { 0x0030, 15 }, // 0
    { 0x0031, 16 }, // 1
    { 0x0032, 17 }, // 2
    { 0x0033, 18 }, // 3
    { 0x0034, 19 }, // 4
    { 0x0035, 20 }, // 5
    { 0x0036, 15 }, // 6
    { 0x0037, 21 }, // 7
    { 0x0038, 22 }, // 8
    { 0x0039, 23 }, // 9
    { 0x003A, 24 }, // :
    { 0x003B, 24 }, // ;
    { 0x003C, 25 }, // <
    { 0x003D, 26 }, // =
    { 0x003F, 27 }, // ?
    { 0x0040, 28 }, // @
    { 0x0041, 29 }, // A
    { 0x0042, 30 }, // B
    { 0x0043, 31 }, // C
    { 0x0044, 30 }, // D
    { 0x0045, 30 }, // E
    { 0x0046, 30 }, // F
    { 0x0047, 31 }, // G
    { 0x0048, 30 }, // H
    { 0x0049, 30 }, // I
    { 0x004A, 32 }, // J
    { 0x004B, 30 }, // K
    { 0x004C, 30 }, // L
    { 0x004D, 30 }, // M
    { 0x004E, 30 }, // N
    { 0x004F, 31 }, // O
    { 0x0050, 30 }, // P
    { 0x0051, 31 }, // Q
    { 0x0052, 30 }, // R
    { 0x0053, 5 }, // S
    { 0x0054, 33 }, // T
    { 0x0055, 34 }, // U
    { 0x0056, 35 }, // V
    { 0x0057, 36 }, // W
    { 0x0058, 37 }, // X
    { 0x0059, 38 }, // Y
    { 0x005A, 39 }, // Z
    { 0x005B, 7 }, // [
    { 0x005C, 35 }, // <backslash>
    { 0x005D, 8 }, // ]
    { 0x005E, 40 }, // ^
    { 0x005F, 41 }, // _
    { 0x0061, 42 }, // a
    { 0x0062, 30 }, // b
    { 0x0063, 43 }, // c
    { 0x0064, 43 }, // d
    { 0x0065, 43 }, // e
    { 0x0066, 44 }, // f
    { 0x0067, 43 }, // g
    { 0x0068, 30 }, // h
    { 0x0069, 45 }, // i
    { 0x006A, 46 }, // j
    { 0x006B, 30 }, // k
    { 0x006C, 30 }, // l
    { 0x006D, 47 }, // m
    { 0x006E, 47 }, // n
    { 0x006F, 43 }, // o
    { 0x0070, 47 }, // p
    { 0x0071, 43 }, // q
    { 0x0072, 47 }, // r
    { 0x0073, 48 }, // s
    { 0x0074, 49 }, // t
    { 0x0075, 50 }, // u
    { 0x0076, 51 }, // v
    { 0x0077, 52 }, // w
    { 0x0078, 53 }, // x
    { 0x0079, 51 }, // y
    { 0x007A, 54 }, // z
    { 0x007B, 7 }, // {
    { 0x007C, 30 }, // |
    { 0x007D, 8 }, // }
    { 0x007E, 55 }, // ~
    { 0x00A2, 43 }, // U+00A2
    { 0x00A9, 31 }, // U+00A9
    { 0x00AA, 56 }, // U+00AA
    { 0x00AB, 57 }, // U+00AB
    { 0x00AC, 58 }, // U+00AC
    { 0x00AE, 59 }, // U+00AE
    { 0x00B0, 60 }, // U+00B0
    { 0x00B1, 26 }, // U+00B1
    { 0x00B2, 61 }, // U+00B2
    { 0x00B5, 62 }, // U+00B5
    { 0x00B6, 63 }, // U+00B6
    { 0x00B7, 64 }, // U+00B7
    { 0x00B9, 65 }, // U+00B9
    { 0x00BA, 56 }, // U+00BA
    { 0x00BB, 66 }, // U+00BB
    { 0x00BF, 67 }, // U+00BF
    { 0x00C0, 29 }, // U+00C0
    { 0x00C1, 29 }, // U+00C1
    { 0x00C2, 29 }, // U+00C2
    { 0x00C3, 29 }, // U+00C3
    { 0x00C4, 29 }, // U+00C4
    { 0x00C5, 29 }, // U+00C5
    { 0x00C6, 29 }, // U+00C6
    { 0x00C7, 31 }, // U+00C7
    { 0x00C8, 30 }, // U+00C8
    { 0x00C9, 30 }, // U+00C9
    { 0x00CA, 30 }, // U+00CA
    { 0x00CB, 30 }, // U+00CB
    { 0x00CC, 30 }, // U+00CC
    { 0x00CD, 30 }, // U+00CD
    { 0x00CE, 68 }, // U+00CE
    { 0x00CF, 68 }, // U+00CF
    { 0x00D0, 69 }, // U+00D0
    { 0x00D1, 30 }, // U+00D1
    { 0x00D2, 31 }, // U+00D2
    { 0x00D3, 31 }, // U+00D3
    { 0x00D4, 31 }, // U+00D4
    { 0x00D5, 31 }, // U+00D5
    { 0x00D6, 31 }, // U+00D6
    { 0x00D7, 70 }, // U+00D7
    { 0x00D8, 31 }, // U+00D8
    { 0x00D9, 34 }, // U+00D9
    { 0x00DA, 34 }, // U+00DA
    { 0x00DB, 34 }, // U+00DB
    { 0x00DC, 34 }, // U+00DC
    { 0x00DD, 38 }, // U+00DD
    { 0x00DE, 30 }, // U+00DE
    { 0x00DF, 30 }, // U+00DF
    { 0x00E0, 42 }, // U+00E0
    { 0x00E1, 42 }, // U+00E1
    { 0x00E2, 42 }, // U+00E2
    { 0x00E3, 71 }, // U+00E3
    { 0x00E4, 72 }, // U+00E4
    { 0x00E5, 42 }, // U+00E5
    { 0x00E6, 42 }, // U+00E6
    { 0x00E7, 43 }, // U+00E7
    { 0x00E8, 43 }, // U+00E8
    { 0x00E9, 43 }, // U+00E9
    { 0x00EA, 43 }, // U+00EA
    { 0x00EB, 73 }, // U+00EB
    { 0x00EC, 74 }, // U+00EC
    { 0x00ED, 75 }, // U+00ED
    { 0x00EE, 76 }, // U+00EE
    { 0x00EF, 77 }, // U+00EF
    { 0x00F0, 43 }, // U+00F0
    { 0x00F1, 47 }, // U+00F1
    { 0x00F2, 43 }, // U+00F2
    { 0x00F3, 43 }, // U+00F3
    { 0x00F4, 43 }, // U+00F4
    { 0x00F5, 78 }, // U+00F5
    { 0x00F6, 73 }, // U+00F6
    { 0x00F7, 10 }, // U+00F7
    { 0x00F8, 43 }, // U+00F8
    { 0x00F9, 50 }, // U+00F9
    { 0x00FA, 50 }, // U+00FA
    { 0x00FB, 50 }, // U+00FB
    { 0x00FC, 79 }, // U+00FC
    { 0x00FD, 51 }, // U+00FD
    { 0x00FE, 30 }, // U+00FE
    { 0x00FF, 80 }, // U+00FF
    { 0x0100, 29 }, // U+0100
    { 0x0101, 81 }, // U+0101
    { 0x0102, 29 }, // U+0102
    { 0x0103, 42 }, // U+0103
    { 0x0104, 29 }, // U+0104
    { 0x0105, 42 }, // U+0105
    { 0x0106, 31 }, // U+0106
    { 0x0107, 43 }, // U+0107
    { 0x0108, 31 }, // U+0108
    { 0x0109, 43 }, // U+0109
    { 0x010A, 31 }, // U+010A
    { 0x010B, 43 }, // U+010B
    { 0x010C, 31 }, // U+010C
    { 0x010D, 43 }, // U+010D
    { 0x010E, 30 }, // U+010E
    { 0x010F, 43 }, // U+010F
    { 0x0110, 82 }, // U+0110
    { 0x0111, 43 }, // U+0111
    { 0x0112, 30 }, // U+0112
    { 0x0113, 43 }, // U+0113
    { 0x0114, 30 }, // U+0114
    { 0x0115, 43 }, // U+0115
    { 0x0116, 30 }, // U+0116
    { 0x0117, 43 }, // U+0117
    { 0x0118, 30 }, // U+0118
    { 0x0119, 43 }, // U+0119
    { 0x011A, 30 }, // U+011A
    { 0x011B, 43 }, // U+011B
    { 0x011C, 31 }, // U+011C
    { 0x011D, 43 }, // U+011D
    { 0x011E, 31 }, // U+011E
    { 0x011F, 43 }, // U+011F
    { 0x0120, 31 }, // U+0120
    { 0x0121, 43 }, // U+0121
    { 0x0122, 31 }, // U+0122
    { 0x0123, 43 }, // U+0123
    { 0x0124, 30 }, // U+0124
    { 0x0125, 30 }, // U+0125
    { 0x0126, 30 }, // U+0126
    { 0x0127, 83 }, // U+0127
    { 0x0128, 68 }, // U+0128
    { 0x0129, 84 }, // U+0129
    { 0x012A, 68 }, // U+012A
    { 0x012B, 85 }, // U+012B
    { 0x012C, 68 }, // U+012C
    { 0x012D, 77 }, // U+012D
    { 0x012E, 30 }, // U+012E
    { 0x012F, 45 }, // U+012F
    { 0x0130, 30 }, // U+0130
    { 0x0131, 45 }, // U+0131
    { 0x0133, 45 }, // U+0133
    { 0x0134, 32 }, // U+0134
    { 0x0135, 86 }, // U+0135
    { 0x0136, 30 }, // U+0136
    { 0x0137, 30 }, // U+0137
    { 0x0138, 47 }, // U+0138
    { 0x0139, 30 }, // U+0139
    { 0x013A, 30 }, // U+013A
    { 0x013B, 30 }, // U+013B
    { 0x013C, 30 }, // U+013C
    { 0x013D, 30 }, // U+013D
    { 0x013E, 30 }, // U+013E
    { 0x0140, 30 }, // U+0140
    { 0x0141, 30 }, // U+0141
    { 0x0142, 30 }, // U+0142
    { 0x0143, 30 }, // U+0143
    { 0x0144, 47 }, // U+0144
    { 0x0145, 30 }, // U+0145
    { 0x0146, 47 }, // U+0146
    { 0x0147, 30 }, // U+0147
    { 0x0148, 47 }, // U+0148
    { 0x014A, 30 }, // U+014A
    { 0x014B, 47 }, // U+014B
    { 0x014C, 31 }, // U+014C
    { 0x014D, 87 }, // U+014D
    { 0x014E, 31 }, // U+014E
    { 0x014F, 43 }, // U+014F
    { 0x0150, 31 }, // U+0150
    { 0x0151, 43 }, // U+0151
    { 0x0152, 31 }, // U+0152
    { 0x0153, 43 }, // U+0153
    { 0x0154, 30 }, // U+0154
    { 0x0155, 47 }, // U+0155
    { 0x0156, 30 }, // U+0156
    { 0x0157, 47 }, // U+0157
    { 0x0158, 30 }, // U+0158
    { 0x0159, 47 }, // U+0159
    { 0x015A, 5 }, // U+015A
    { 0x015B, 48 }, // U+015B
    { 0x015C, 5 }, // U+015C
    { 0x015D, 48 }, // U+015D
    { 0x015E, 5 }, // U+015E
    { 0x015F, 48 }, // U+015F
    { 0x0160, 5 }, // U+0160
    { 0x0161, 48 }, // U+0161
    { 0x0162, 88 }, // U+0162
    { 0x0163, 49 }, // U+0163
    { 0x0164, 89 }, // U+0164
    { 0x0165, 49 }, // U+0165
    { 0x0166, 90 }, // U+0166
    { 0x0167, 49 }, // U+0167
    { 0x0168, 34 }, // U+0168
    { 0x0169, 91 }, // U+0169
    { 0x016A, 34 }, // U+016A
    { 0x016B, 50 }, // U+016B
    { 0x016C, 34 }, // U+016C
    { 0x016D, 50 }, // U+016D
    { 0x016E, 34 }, // U+016E
    { 0x016F, 50 }, // U+016F
    { 0x0170, 34 }, // U+0170
    { 0x0171, 50 }, // U+0171
    { 0x0172, 34 }, // U+0172
    { 0x0173, 50 }, // U+0173
    { 0x0174, 36 }, // U+0174
    { 0x0175, 52 }, // U+0175
    { 0x0176, 38 }, // U+0176
    { 0x0177, 51 }, // U+0177
    { 0x0178, 38 }, // U+0178
    { 0x0179, 39 }, // U+0179
    { 0x017A, 54 }, // U+017A
    { 0x017B, 39 }, // U+017B
    { 0x017C, 54 }, // U+017C
    { 0x017D, 39 }, // U+017D
    { 0x017E, 54 }, // U+017E
    { 0x017F, 30 }, // U+017F
    { 0x01A0, 31 }, // U+01A0
    { 0x01A1, 43 }, // U+01A1
    { 0x01AF, 34 }, // U+01AF
    { 0x01B0, 50 }, // U+01B0
    { 0x01C5, 92 }, // U+01C5
    { 0x01C6, 43 }, // U+01C6
    { 0x01C8, 30 }, // U+01C8
    { 0x01C9, 30 }, // U+01C9
    { 0x01CB, 30 }, // U+01CB
    { 0x01CC, 47 }, // U+01CC
    { 0x01CD, 29 }, // U+01CD
    { 0x01CE, 42 }, // U+01CE
    { 0x01CF, 30 }, // U+01CF
    { 0x01D0, 93 }, // U+01D0
    { 0x01D1, 31 }, // U+01D1
    { 0x01D2, 43 }, // U+01D2
    { 0x01D3, 34 }, // U+01D3
    { 0x01D4, 50 }, // U+01D4
    { 0x01D5, 34 }, // U+01D5
    { 0x01D6, 50 }, // U+01D6
    { 0x01D7, 34 }, // U+01D7
    { 0x01D8, 50 }, // U+01D8
    { 0x01D9, 34 }, // U+01D9
    { 0x01DA, 50 }, // U+01DA
    { 0x01DB, 34 }, // U+01DB
    { 0x01DC, 50 }, // U+01DC
    { 0x01DD, 87 }, // U+01DD
    { 0x01DE, 29 }, // U+01DE
    { 0x01DF, 42 }, // U+01DF
    { 0x01E0, 29 }, // U+01E0
    { 0x01E1, 42 }, // U+01E1
    { 0x01E2, 29 }, // U+01E2
    { 0x01E3, 42 }, // U+01E3
    { 0x01E4, 31 }, // U+01E4
    { 0x01E5, 43 }, // U+01E5
    { 0x01E6, 31 }, // U+01E6
    { 0x01E7, 43 }, // U+01E7
    { 0x01E8, 30 }, // U+01E8
    { 0x01E9, 30 }, // U+01E9
    { 0x01EA, 31 }, // U+01EA
    { 0x01EB, 43 }, // U+01EB
    { 0x01EC, 31 }, // U+01EC
    { 0x01ED, 43 }, // U+01ED
    { 0x01EF, 49 }, // U+01EF
    { 0x01F0, 46 }, // U+01F0
    { 0x01F2, 30 }, // U+01F2
    { 0x01F3, 87 }, // U+01F3
    { 0x01F4, 31 }, // U+01F4
    { 0x01F5, 43 }, // U+01F5
    { 0x01F6, 92 }, // U+01F6
    { 0x01F8, 30 }, // U+01F8
    { 0x01F9, 47 }, // U+01F9
    { 0x01FA, 29 }, // U+01FA
    { 0x01FB, 42 }, // U+01FB
    { 0x01FC, 29 }, // U+01FC
    { 0x01FD, 42 }, // U+01FD
    { 0x01FE, 31 }, // U+01FE
    { 0x01FF, 43 }, // U+01FF
    { 0x0200, 29 }, // U+0200
    { 0x0201, 42 }, // U+0201
    { 0x0202, 29 }, // U+0202
    { 0x0203, 42 }, // U+0203
    { 0x0204, 30 }, // U+0204
    { 0x0205, 43 }, // U+0205
    { 0x0206, 30 }, // U+0206
    { 0x0207, 43 }, // U+0207
    { 0x0208, 68 }, // U+0208
    { 0x0209, 94 }, // U+0209
    { 0x020A, 68 }, // U+020A
    { 0x020B, 95 }, // U+020B
    { 0x020C, 31 }, // U+020C
    { 0x020D, 43 }, // U+020D
    { 0x020E, 31 }, // U+020E
    { 0x020F, 43 }, // U+020F
    { 0x0210, 30 }, // U+0210
    { 0x0211, 47 }, // U+0211
    { 0x0212, 30 }, // U+0212
    { 0x0213, 47 }, // U+0213
    { 0x0214, 34 }, // U+0214
    { 0x0215, 50 }, // U+0215
    { 0x0216, 34 }, // U+0216
    { 0x0217, 50 }, // U+0217
    { 0x0218, 5 }, // U+0218
    { 0x0219, 48 }, // U+0219
    { 0x021A, 33 }, // U+021A
    { 0x021B, 49 }, // U+021B
    { 0x021E, 30 }, // U+021E
    { 0x021F, 30 }, // U+021F
    { 0x0400, 30 }, // U+0400
    { 0x0401, 30 }, // U+0401
    { 0x0402, 33 }, // U+0402
    { 0x0403, 30 }, // U+0403
    { 0x0404, 31 }, // U+0404
    { 0x0405, 5 }, // U+0405
    { 0x0406, 30 }, // U+0406
    { 0x0407, 68 }, // U+0407
    { 0x0408, 32 }, // U+0408
    { 0x0409, 96 }, // U+0409
    { 0x040A, 30 }, // U+040A
    { 0x040B, 33 }, // U+040B
    { 0x040C, 30 }, // U+040C
    { 0x040D, 30 }, // U+040D
    { 0x040F, 30 }, // U+040F
    { 0x0410, 29 }, // U+0410
    { 0x0411, 30 }, // U+0411
    { 0x0412, 30 }, // U+0412
    { 0x0413, 30 }, // U+0413
    { 0x0414, 97 }, // U+0414
    { 0x0415, 30 }, // U+0415
    { 0x0416, 98 }, // U+0416
    { 0x0417, 99 }, // U+0417
    { 0x0418, 92 }, // U+0418
    { 0x0419, 30 }, // U+0419
    { 0x041A, 30 }, // U+041A
    { 0x041B, 96 }, // U+041B
    { 0x041C, 30 }, // U+041C
    { 0x041D, 30 }, // U+041D
    { 0x041E, 31 }, // U+041E
    { 0x041F, 30 }, // U+041F
    { 0x0420, 30 }, // U+0420
    { 0x0421, 31 }, // U+0421
    { 0x0422, 33 }, // U+0422
    { 0x0423, 35 }, // U+0423
    { 0x0424, 100 }, // U+0424
    { 0x0425, 37 }, // U+0425
    { 0x0426, 30 }, // U+0426
    { 0x0427, 101 }, // U+0427
    { 0x0428, 30 }, // U+0428
    { 0x0429, 30 }, // U+0429
    { 0x042A, 102 }, // U+042A
    { 0x042B, 30 }, // U+042B
    { 0x042C, 30 }, // U+042C
    { 0x042D, 31 }, // U+042D
    { 0x042E, 30 }, // U+042E
    { 0x0430, 42 }, // U+0430
    { 0x0431, 15 }, // U+0431
    { 0x0432, 47 }, // U+0432
    { 0x0433, 47 }, // U+0433
    { 0x0434, 103 }, // U+0434
    { 0x0435, 43 }, // U+0435
    { 0x0436, 53 }, // U+0436
    { 0x0437, 43 }, // U+0437
    { 0x0438, 47 }, // U+0438
    { 0x0439, 47 }, // U+0439
    { 0x043A, 47 }, // U+043A
    { 0x043B, 104 }, // U+043B
    { 0x043C, 47 }, // U+043C
    { 0x043D, 47 }, // U+043D
    { 0x043E, 43 }, // U+043E
    { 0x043F, 47 }, // U+043F
    { 0x0440, 47 }, // U+0440
    { 0x0441, 43 }, // U+0441
    { 0x0442, 105 }, // U+0442
    { 0x0443, 51 }, // U+0443
    { 0x0444, 43 }, // U+0444
    { 0x0445, 53 }, // U+0445
    { 0x0446, 47 }, // U+0446
    { 0x0447, 106 }, // U+0447
    { 0x0448, 47 }, // U+0448
    { 0x0449, 47 }, // U+0449
    { 0x044A, 107 }, // U+044A
    { 0x044B, 45 }, // U+044B
    { 0x044C, 47 }, // U+044C
    { 0x044D, 43 }, // U+044D
    { 0x044E, 47 }, // U+044E
    { 0x044F, 108 }, // U+044F
    { 0x0450, 43 }, // U+0450
    { 0x0451, 43 }, // U+0451
    { 0x0452, 30 }, // U+0452
    { 0x0453, 47 }, // U+0453
    { 0x0454, 43 }, // U+0454
    { 0x0455, 48 }, // U+0455
    { 0x0456, 45 }, // U+0456
    { 0x0457, 77 }, // U+0457
    { 0x0458, 46 }, // U+0458
    { 0x0459, 104 }, // U+0459
    { 0x045A, 47 }, // U+045A
    { 0x045B, 30 }, // U+045B
    { 0x045C, 47 }, // U+045C
    { 0x045D, 47 }, // U+045D
    { 0x045E, 51 }, // U+045E
    { 0x045F, 50 }, // U+045F
    { 0x0460, 30 }, // U+0460
    { 0x0463, 49 }, // U+0463
    { 0x0464, 30 }, // U+0464
    { 0x0465, 47 }, // U+0465
    { 0x0466, 29 }, // U+0466
    { 0x0467, 29 }, // U+0467
    { 0x0468, 30 }, // U+0468
    { 0x046C, 30 }, // U+046C
    { 0x046E, 30 }, // U+046E
    { 0x0472, 31 }, // U+0472
    { 0x0473, 43 }, // U+0473
    { 0x0474, 35 }, // U+0474
    { 0x0475, 51 }, // U+0475
    { 0x0476, 35 }, // U+0476
    { 0x0477, 51 }, // U+0477
    { 0x0478, 31 }, // U+0478
    { 0x0479, 43 }, // U+0479
    { 0x0481, 43 }, // U+0481
    { 0x048A, 92 }, // U+048A
    { 0x048B, 47 }, // U+048B
    { 0x048D, 49 }, // U+048D
    { 0x048E, 30 }, // U+048E
    { 0x048F, 47 }, // U+048F
    { 0x0490, 30 }, // U+0490
    { 0x0491, 47 }, // U+0491
    { 0x0493, 49 }, // U+0493
    { 0x0494, 30 }, // U+0494
    { 0x0495, 47 }, // U+0495
    { 0x0497, 53 }, // U+0497
    { 0x049A, 30 }, // U+049A
    { 0x049B, 47 }, // U+049B
    { 0x049C, 30 }, // U+049C
    { 0x049D, 47 }, // U+049D
    { 0x04A0, 33 }, // U+04A0
    { 0x04A1, 49 }, // U+04A1
    { 0x04A2, 30 }, // U+04A2
    { 0x04A3, 47 }, // U+04A3
    { 0x04A4, 30 }, // U+04A4
    { 0x04A5, 47 }, // U+04A5
    { 0x04A6, 30 }, // U+04A6
    { 0x04A7, 47 }, // U+04A7
    { 0x04A9, 43 }, // U+04A9
    { 0x04AA, 31 }, // U+04AA
    { 0x04AB, 43 }, // U+04AB
    { 0x04AC, 33 }, // U+04AC
    { 0x04AD, 49 }, // U+04AD
    { 0x04AE, 38 }, // U+04AE
    { 0x04AF, 51 }, // U+04AF
    { 0x04B0, 38 }, // U+04B0
    { 0x04B1, 51 }, // U+04B1
    { 0x04B2, 37 }, // U+04B2
    { 0x04B3, 53 }, // U+04B3
    { 0x04B4, 33 }, // U+04B4
    { 0x04B5, 49 }, // U+04B5
    { 0x04B7, 42 }, // U+04B7
    { 0x04B9, 42 }, // U+04B9
    { 0x04BA, 30 }, // U+04BA
    { 0x04BB, 30 }, // U+04BB
    { 0x04BD, 49 }, // U+04BD
    { 0x04C0, 30 }, // U+04C0
    { 0x04C1, 37 }, // U+04C1
    { 0x04C3, 30 }, // U+04C3
    { 0x04C4, 47 }, // U+04C4
    { 0x04C6, 104 }, // U+04C6
    { 0x04C7, 92 }, // U+04C7
    { 0x04C8, 47 }, // U+04C8
    { 0x04C9, 30 }, // U+04C9
    { 0x04CA, 47 }, // U+04CA
    { 0x04CD, 30 }, // U+04CD
    { 0x04CE, 47 }, // U+04CE
    { 0x04CF, 30 }, // U+04CF
    { 0x04D0, 29 }, // U+04D0
    { 0x04D1, 42 }, // U+04D1
    { 0x04D2, 29 }, // U+04D2
    { 0x04D3, 42 }, // U+04D3
    { 0x04D4, 29 }, // U+04D4
    { 0x04D5, 42 }, // U+04D5
    { 0x04D6, 30 }, // U+04D6
    { 0x04D7, 43 }, // U+04D7
    { 0x04D9, 43 }, // U+04D9
    { 0x04DA, 31 }, // U+04DA
    { 0x04DB, 43 }, // U+04DB
    { 0x04DC, 37 }, // U+04DC
    { 0x04E1, 49 }, // U+04E1
    { 0x04E2, 30 }, // U+04E2
    { 0x04E3, 47 }, // U+04E3
    { 0x04E4, 30 }, // U+04E4
    { 0x04E5, 47 }, // U+04E5
    { 0x04E6, 31 }, // U+04E6
    { 0x04E7, 43 }, // U+04E7
    { 0x04E8, 31 }, // U+04E8
    { 0x04E9, 43 }, // U+04E9
    { 0x04EA, 31 }, // U+04EA
    { 0x04EB, 43 }, // U+04EB
    { 0x04ED, 43 }, // U+04ED
    { 0x04EF, 51 }, // U+04EF
    { 0x04F1, 51 }, // U+04F1
    { 0x04F3, 51 }, // U+04F3
    { 0x04F7, 47 }, // U+04F7
    { 0x04F9, 47 }, // U+04F9
    { 0x04FB, 49 }, // U+04FB
    { 0x04FC, 37 }, // U+04FC
    { 0x04FD, 53 }, // U+04FD
    { 0x04FE, 37 }, // U+04FE
    { 0x04FF, 53 }, // U+04FF
    { 0x05D0, 109 }, // U+05D0
    { 0x05D1, 110 }, // U+05D1
    { 0x05D2, 111 }, // U+05D2
    { 0x05D3, 112 }, // U+05D3
    { 0x05D4, 113 }, // U+05D4
    { 0x05D6, 114 }, // U+05D6
    { 0x05D7, 115 }, // U+05D7
    { 0x05D8, 116 }, // U+05D8
    { 0x05D9, 117 }, // U+05D9
    { 0x05DA, 118 }, // U+05DA
    { 0x05DB, 119 }, // U+05DB
    { 0x05DC, 120 }, // U+05DC
    { 0x05DD, 121 }, // U+05DD
    { 0x05DE, 122 }, // U+05DE
    { 0x05E1, 123 }, // U+05E1
    { 0x05E2, 124 }, // U+05E2
    { 0x05E3, 125 }, // U+05E3
    { 0x05E4, 126 }, // U+05E4
    { 0x05E5, 127 }, // U+05E5
    { 0x05E7, 128 }, // U+05E7
    { 0x05E8, 129 }, // U+05E8
    { 0x05E9, 130 }, // U+05E9
    { 0x05EA, 131 }, // U+05EA
    { 0x1EA0, 29 }, // U+1EA0
    { 0x1EA1, 42 }, // U+1EA1
    { 0x1EA2, 29 }, // U+1EA2
    { 0x1EA3, 42 }, // U+1EA3
    { 0x1EA4, 29 }, // U+1EA4
    { 0x1EA5, 42 }, // U+1EA5
    { 0x1EA6, 29 }, // U+1EA6
    { 0x1EA7, 42 }, // U+1EA7
    { 0x1EA8, 29 }, // U+1EA8
    { 0x1EA9, 42 }, // U+1EA9
    { 0x1EAA, 29 }, // U+1EAA
    { 0x1EAB, 42 }, // U+1EAB
    { 0x1EAC, 29 }, // U+1EAC
    { 0x1EAD, 42 }, // U+1EAD
    { 0x1EAE, 29 }, // U+1EAE
    { 0x1EAF, 42 }, // U+1EAF
    { 0x1EB0, 29 }, // U+1EB0
    { 0x1EB1, 42 }, // U+1EB1
    { 0x1EB2, 29 }, // U+1EB2
    { 0x1EB3, 42 }, // U+1EB3
    { 0x1EB4, 29 }, // U+1EB4
    { 0x1EB5, 42 }, // U+1EB5
    { 0x1EB6, 29 }, // U+1EB6
    { 0x1EB7, 42 }, // U+1EB7
    { 0x1EB8, 30 }, // U+1EB8
    { 0x1EB9, 43 }, // U+1EB9
    { 0x1EBA, 30 }, // U+1EBA
    { 0x1EBB, 43 }, // U+1EBB
    { 0x1EBC, 30 }, // U+1EBC
    { 0x1EBD, 43 }, // U+1EBD
    { 0x1EBE, 30 }, // U+1EBE
    { 0x1EBF, 43 }, // U+1EBF
    { 0x1EC0, 30 }, // U+1EC0
    { 0x1EC1, 43 }, // U+1EC1
    { 0x1EC2, 30 }, // U+1EC2
    { 0x1EC3, 43 }, // U+1EC3
    { 0x1EC4, 30 }, // U+1EC4
    { 0x1EC5, 43 }, // U+1EC5
    { 0x1EC6, 30 }, // U+1EC6
    { 0x1EC7, 43 }, // U+1EC7
    { 0x1EC8, 30 }, // U+1EC8
    { 0x1EC9, 45 }, // U+1EC9
    { 0x1ECA, 30 }, // U+1ECA
    { 0x1ECB, 45 }, // U+1ECB
    { 0x1ECC, 31 }, // U+1ECC
    { 0x1ECD, 43 }, // U+1ECD
    { 0x1ECE, 31 }, // U+1ECE
    { 0x1ECF, 43 }, // U+1ECF
    { 0x1ED0, 31 }, // U+1ED0
    { 0x1ED1, 43 }, // U+1ED1
    { 0x1ED2, 31 }, // U+1ED2
    { 0x1ED3, 43 }, // U+1ED3
    { 0x1ED4, 31 }, // U+1ED4
    { 0x1ED5, 43 }, // U+1ED5
    { 0x1ED6, 31 }, // U+1ED6
    { 0x1ED7, 43 }, // U+1ED7
    { 0x1ED8, 31 }, // U+1ED8
    { 0x1ED9, 43 }, // U+1ED9
    { 0x1EDA, 31 }, // U+1EDA
    { 0x1EDB, 43 }, // U+1EDB
    { 0x1EDC, 31 }, // U+1EDC
    { 0x1EDD, 43 }, // U+1EDD
    { 0x1EDE, 31 }, // U+1EDE
    { 0x1EDF, 43 }, // U+1EDF
    { 0x1EE0, 31 }, // U+1EE0
    { 0x1EE1, 43 }, // U+1EE1
    { 0x1EE2, 31 }, // U+1EE2
    { 0x1EE3, 43 }, // U+1EE3
    { 0x1EE4, 34 }, // U+1EE4
    { 0x1EE5, 50 }, // U+1EE5
    { 0x1EE6, 34 }, // U+1EE6
    { 0x1EE7, 50 }, // U+1EE7
    { 0x1EE8, 34 }, // U+1EE8
    { 0x1EE9, 50 }, // U+1EE9
    { 0x1EEA, 34 }, // U+1EEA
    { 0x1EEB, 50 }, // U+1EEB
    { 0x1EEC, 34 }, // U+1EEC
    { 0x1EED, 50 }, // U+1EED
    { 0x1EEE, 34 }, // U+1EEE
    { 0x1EEF, 50 }, // U+1EEF
    { 0x1EF0, 34 }, // U+1EF0
    { 0x1EF1, 50 }, // U+1EF1
    { 0x1EF2, 38 }, // U+1EF2
    { 0x1EF3, 51 }, // U+1EF3
    { 0x1EF4, 132 }, // U+1EF4
    { 0x1EF5, 51 }, // U+1EF5
    { 0x1EF6, 132 }, // U+1EF6
    { 0x1EF7, 51 }, // U+1EF7
    { 0x1EF8, 132 }, // U+1EF8
    { 0x1EF9, 51 }, // U+1EF9
    { 0x2018, 133 }, // U+2018
    { 0x2019, 134 }, // U+2019
    { 0x201A, 135 }, // U+201A
    { 0x201B, 136 }, // U+201B
    { 0x201C, 133 }, // U+201C
    { 0x201D, 134 }, // U+201D
    { 0x201E, 135 }, // U+201E
    { 0x201F, 137 }, // U+201F
    { 0x2020, 56 }, // U+2020
    { 0x2021, 56 }, // U+2021
    { 0x2022, 138 }, // U+2022
    { 0x2023, 138 }, // U+2023
    { 0x2026, 139 }, // U+2026
    { 0x2034, 140 }, // U+2034
    { 0x2039, 57 }, // U+2039
    { 0x203A, 66 }, // U+203A
    { 0x203D, 27 }, // U+203D
    { 0x2043, 138 }, // U+2043
    { 0x2044, 141 }, // U+2044
    { 0x204A, 49 }, // U+204A
    { 0x204B, 30 }, // U+204B
    { 0x204C, 138 }, // U+204C
    { 0x204D, 47 }, // U+204D
    { 0x204F, 24 }, // U+204F
    { 0x2074, 142 }, // U+2074
    { 0x2077, 143 }, // U+2077
    { 0x2079, 144 }, // U+2079
    { 0x207E, 145 }, // U+207E
    { 0x207F, 146 }, // U+207F
    { 0x2080, 147 }, // U+2080
    { 0x2081, 147 }, // U+2081
    { 0x2082, 147 }, // U+2082
    { 0x2083, 147 }, // U+2083
    { 0x2084, 148 }, // U+2084
    { 0x2086, 147 }, // U+2086
    { 0x2087, 149 }, // U+2087
    { 0x2088, 147 }, // U+2088
    { 0x2089, 147 }, // U+2089
    { 0x208A, 147 }, // U+208A
    { 0x208B, 147 }, // U+208B
    { 0x208C, 147 }, // U+208C
    { 0x208D, 147 }, // U+208D
    { 0x208E, 147 }, // U+208E
    { 0x2091, 147 }, // U+2091
    { 0x2092, 147 }, // U+2092
    { 0x2093, 147 }, // U+2093
    { 0x2095, 147 }, // U+2095
    { 0x2096, 147 }, // U+2096
    { 0x2097, 147 }, // U+2097
    { 0x2098, 147 }, // U+2098
    { 0x2099, 147 }, // U+2099
    { 0x209A, 147 }, // U+209A
    { 0x209B, 147 }, // U+209B
    { 0x209C, 147 }, // U+209C
    { 0x20A1, 31 }, // U+20A1
    { 0x20A7, 30 }, // U+20A7
    { 0x20A8, 30 }, // U+20A8
    { 0x20AB, 43 }, // U+20AB
    { 0x20B2, 31 }, // U+20B2
    { 0x20B4, 150 }, // U+20B4
    { 0x20B5, 31 }, // U+20B5
    { 0x20B8, 151 }, // U+20B8
    { 0x20BF, 30 }, // U+20BF
    { 0x2192, 10 }, // U+2192
    { 0x21D2, 26 }, // U+21D2
    { 0x2206, 29 }, // U+2206
    { 0x2212, 10 }, // U+2212
    { 0x221E, 152 }, // U+221E
    { 0x222B, 46 }, // U+222B
    { 0x2236, 24 }, // U+2236
    { 0x2248, 26 }, // U+2248
    { 0x2260, 26 }, // U+2260
    { 0x2264, 26 }, // U+2264
    { 0x2265, 26 }, // U+2265
};

static const int8_t inksans_8_regularKernMatrix[] = {
       0,    0,    0,    0,    0,   -9,    0,    0,    0,    0,  -23,    0,  -23,    0,    0,    0,    0,    0,  -17,    0,    0,    0,    0,    0,    0,    0,    0,    0,  -21,    0,    0,  -44,    0,    0,    0,    0,    0,    0,    0,    0,    0,    0,   -4,    0,    0,    0,    0,   -1,    0,    0,    0,    0,    0,    0,    0,    0,    0,    0,    0,    0,    0,    0,    0,    0,    0,    0,    0,    0,    0,    0,    0,    0,   -4,    0,    0,    0,    0,   -4,    0,    0,    0,    0,    0,    0,    0,    0,   -4,    0,    0,    0,    0,    0,    0,    0,    0,  -12,  -12,    0,    0,    0,    0,    0,    0,    0,    0,    0,    0,   -1,    0,    0,    0,    0,    0,    0,    0,    0,    0,    0,    0,    0,    0,    0,    0,    0,    0,    0,    0,    0,    0,    0,    0,    0,    0,    0,    0,    0,    0,    0,  -23,    0,    0,    0,    0,    0,    0,    0,    0,    0,    0,    0,    0,    0,
       0,    0,    0,    0,    0,    0,    0,    0,    0,    0,    0,    0,    0,    0,    0,    0,    0,    0,    0,    0,    0,    0,    0,    0,    0,    0,    0,    0,   -1,    0,    0,    0,   -2,    0,    0,    0,   -3,    0,    0,    0,    0,    0,    0,    0,    0,    0,    0,    0,    0,    0,    0,    0,    0,    0,    0,    0,    0,    0,    0,    0,    0,    0,    0,    0,    0,    0,    0,    0,    0,    0,    0,    0,    0,    0,    0,    0,   12,    0,    0,    0,    0,    0,    0,   12,   12,    0,    0,   -2,   -2,   -2,    0,    0,    0,    0,   12,    0,    0,   -3,    0,    0,    0,   -2,    0,    0,    0,    0,    0,    0,    0,    0,    0,    0,    0,    0,    0,    0,    0,    0,    0,    0,    0,    0,    0,    0,    0,    0,    0,    0,    0,    0,    0,    0,    0,    0,    0,    0,    0,    0,    0,    0,    0,    0,    0,    0,    0,    0,    0,  -18,    0,    0,    0,    0,
       0,    0,    0,    0,    0,    0,    0,    0,    0,    0,    0,    0,    0,    0,    0,    0,    0,    0,    0,    0,    0,    0,    0,    0,    0,    0,    0,    0,    0,    0,    0,    0,    0,    0,    0,    0,    0,    0,    0,    0,    0,    0,    0,    0,    0,    0,    0,    0,    0,    0,    0,    0,    0,    0,    0,    0,    0,    0,    0,    0,    0,    0,    0,    0,    0,    0,    0,    0,    0,    0,    0,    0,    0,    0,    0,    0,    0,    0,    0,    0,    0,    0,    0,    0,    0,    0,    0,    0,    0,    0,    0,    0,    0,    0,    0,    0,    0,    0,    0,    0,    0,    0,    0,    0,    0,    0,    0,    0,    0,    0,    0,    0,    0,    0,    0,    0,    0,    0,    0,    0,    0,    0,    0,    0,    0,    0,    0,    0,    0,    0,    0,    0,  -17,  -18,    0,    0,    0,    0,    0,  -18,    0,    0,    0,    0,    0,    0,    0,    0,    0,    0,    0,    0,
       0,    0,   -9,    0,    0,    0,    0,    0,    0,    0,    0,    0,    0,    0,    0,    0,    0,    0,    0,    0,    0,    0,    0,    0,    0,    0,    0,    0,    0,    0,    0,    0,  -15,    0,  -17,  -11,    0,  -20,    0,    0,    0,    0,    0,    0,    0,    0,    0,    0,    0,    0,   -9,   -9,    0,    0,    0,  -11,    0,    0,   -6,    0,    0,    0,    0,    0,    0,    0,    0,    0,    0,    0,    0,    0,    0,    0,    0,    0,    0,    0,    0,   -9,    0,    0,    0,    0,    0,    0,    0,  -15,  -15,  -15,    0,    0,    0,    0,    0,    0,    0,    0,    0,    0,    0,  -15,    0,    0,    0,    0,    0,    0,    0,    0,    0,    0,    0,    0,    0,    0,    0,    0,    0,    0,    0,    0,    0,    0,    0,    0,    0,    0,    0,    0,    0,  -20,  -24,    0,    0,    0,    0,    0,    0,    0,    0,    0,    0,    0,    0,    0,    0,    0,    0,    0,    0,    0,
       0,    0,    0,    0,    0,    0,    0,    0,    0,    0,    0,    0,    0,    0,    0,    0,    0,    0,    0,    0,    0,    0,    0,    0,    0,    0,    0,    0,    0,    2,    0,    0,    0,    0,    0,    0,    0,    0,    0,    0,    0,    0,   -2,    0,    0,    6,    2,    0,    0,    0,    0,    0,    0,    0,    0,    0,    0,    0,    0,    0,    0,    0,    0,    0,    0,    0,    0,    0,    0,    0,    0,    0,   -2,    0,    0,    0,    0,   -2,    0,    0,    0,    0,    2,    0,    0,    6,   -2,    0,    0,    0,    0,    2,    0,   35,    0,    0,    0,    0,    0,    0,    0,    0,    0,    0,    0,    0,    0,    0,    0,    0,    0,    0,    0,    0,    0,    0,    0,    0,    0,    0,    0,    0,    0,    0,    0,    0,    0,    0,    0,    0,    0,    0,    0,    0,    0,    0,    0,    0,    0,    0,    0,    0,    0,    0,    0,    0,    0,    0,    0,    0,    0,    0,
       0,    0,    0,    0,    0,    0,    0,    0,    0,    0,    0,    0,    0,    0,    0,    0,    0,    0,    0,    0,    0,    0,    0,    0,    0,    0,    0,    0,    0,    0,    0,    0,    0,    0,    0,    0,    0,    0,    0,    0,    0,    0,    0,    0,    0,    0,    0,    0,    0,    0,    0,    0,    0,    0,    0,    0,    0,    0,    0,    0,    0,    0,    0,    0,    0,    0,    0,    0,    0,    0,    0,    0,    0,    0,    0,    0,    0,    0,    0,    0,    0,    0,    0,    0,    0,    0,    0,    0,    0,    0,    0,    0,    0,    2,    0,    0,    0,    0,    0,    0,    0,    0,    0,    0,    0,    0,    0,    0,    0,    0,    0,    0,    0,    0,    0,    0,    0,    0,    0,    0,    0,    0,    0,    0,    0,    0,    0,    0,    0,    0,    0,    0,   -9,    0,    0,    0,    0,    0,    0,    0,    0,    0,    0,    0,    0,    0,    0,    0,    0,    0,    0,    0,
       0,    0,    0,    0,    0,   -9,    0,    0,    0,    0,  -36,    0,  -36,    0,    0,    0,    0,    0,  -12,    0,    0,    0,    0,    0,    0,    0,    0,   -4,  -23,    0,   -4,  -26,    0,    0,    0,    0,    0,    0,    0,    0,  -18,    0,    0,    0,    0,    0,    0,    0,    0,    0,    0,    0,    0,    0,    0,    0,    0,    0,    0,    0,    0,    0,    0,    0,    0,    0,    0,    0,    2,    0,    0,    0,    0,    0,    0,    0,    0,    0,    0,    0,    0,    0,    0,    0,    0,    0,    0,    0,    0,    0,    0,    0,    0,    0,    0,   -9,   -9,    0,    0,   -4,    0,    0,    0,    0,    0,    0,    0,    0,    0,    0,    0,    0,    0,    0,    0,    0,    0,    0,    0,    0,    0,    0,    0,    0,    0,    0,    0,    0,    0,    0,    0,    0,    0,    0,    0,    0,    0,    0,  -36,    0,    0,    0,    0,    0,    0,    0,    0,    0,    0,    0,    0,    0,
       0,    0,    0,    0,    0,    0,    0,    0,    0,    0,    0,    0,    0,    0,    0,    0,   -8,   -2,    0,    0,   -7,    0,    0,    0,    0,    0,    0,    0,   -9,    0,    0,  -12,  -20,    0,  -13,  -11,  -10,  -20,    0,    0,    0,    0,    0,    0,    0,    0,    0,    0,    0,    0,    0,    0,   -6,    0,    0,    0,    0,    0,    0,    0,    0,    0,   -4,    0,    0,    0,    0,    0,    0,    0,    0,    0,    0,    0,    0,    0,    0,    0,    0,    0,    0,    0,    0,    0,    0,    0,    0,  -31,  -31,  -20,    0,    0,    0,    0,    0,    0,    0,  -35,  -14,    0,    0,  -39,    0,    0,    0,    0,    0,    0,    0,    0,    0,    0,    0,    0,    0,    0,    0,    0,    0,    0,    0,    0,    0,    0,    0,    0,    0,    0,    0,    0,    0,  -20,  -14,    0,    0,    0,    0,    0,    0,    0,    0,    0,    0,    0,    0,    0,    0,    0,    0,    0,    0,    0,
      -3,   -1,  -23,    0,    0,    0,    0,    0,    0,    0,    0,    0,    0,    0,   -7,  -23,    0,   -7,    0,   -3,   -5,   -7,   -2,    0,    0,    0,  -23,  -12,    0,    0,  -12,    0,   -9,    0,    0,    0,    0,  -12,    0,    0,    0,    0,    0,    0,    0,    0,    0,    0,    0,    0,    0,    0,    0,    0,    0,    0,    0,    0,    0,    0,    0,    0,  -14,    0,    0,    0,    0,    0,    0,    0,    0,    0,    0,    0,    0,    0,    0,    0,    0,    0,    0,    0,    0,    0,    0,    0,    0,   -9,   -9,   -9,    0,    0,    0,    0,    0,    0,    0,    0,   -7,  -12,    0,   -9,    0,    0,    0,   -9,    0,    0,    0,    0,    0,    0,    0,    0,    0,    0,    0,    0,    0,    0,    0,    0,    0,    0,    0,    0,    0,    0,    0,    0,    0,  -21,    0,  -18,    0,  -36,  -36,    0,    0,  -18,    0,    0,    0,    0,    0,    0,    0,    0,    0,    0,    0,    0,
       0,    0,    0,    0,    0,    0,    0,    0,    0,    0,  -11,    0,  -11,    0,    0,    0,    0,    0,    0,    0,    0,    0,    0,    0,    0,    0,    0,    0,   -7,    0,    0,  -17,    0,    0,    1,    1,    0,    0,    0,    0,    0,    0,    0,    0,    0,    0,    0,    0,    0,    0,    0,    0,    0,    0,    0,    0,    0,    0,    0,    0,    0,    0,    0,    0,    0,    0,    0,    0,    0,    0,    0,    0,    0,    0,    0,    0,    0,    0,    0,    0,    0,    0,    0,    0,    0,    0,    0,    0,    0,    0,    0,    0,    0,   11,    0,    0,    0,    0,    0,    0,    0,    0,    0,    0,    0,    0,    0,    0,    0,    0,    0,    0,    0,    0,    0,    0,    0,    0,    0,    0,    0,    0,    0,    0,    0,    0,    0,    0,    0,    0,    0,    0,    0,    0,    0,    0,    0,    0,  -11,    0,    0,    0,    0,    0,    0,    0,    0,    0,    0,    0,    0,    0,
       0,    0,    0,    0,    0,    0,    0,    0,    0,    0,   -7,    0,   -7,    0,    0,    0,    0,    0,    0,    0,   -5,    0,    0,    0,    0,    0,    0,    0,    0,    0,    0,    0,    0,    0,   -4,    0,   -9,   -9,    0,    0,  -12,    0,    0,    0,    0,    0,    0,    0,    4,    0,    0,    0,    0,    0,    0,    0,    0,    0,    0,    0,    0,    0,    0,    0,    0,    0,    0,    0,    0,    0,    0,    0,    0,    0,    0,    0,    0,    0,    0,    0,    0,    0,    0,    0,    0,    0,    0,    0,    0,    0,    0,    0,    0,    0,    0,    0,    0,   -9,    0,    0,    0,    0,    0,    0,    4,    0,    4,    0,    0,    0,    0,    0,    0,    0,    0,    0,    0,    0,    0,    0,    0,    0,    0,    0,    0,    0,    0,    0,    0,    0,    0,   -9,  -12,    0,  -14,    0,    0,    0,   -7,    0,    0,    0,    0,    0,    0,    0,    0,    0,    0,    0,    0,    0,
       0,    0,    0,    0,    0,    0,    0,    2,    0,    0,    0,    0,    0,    0,    0,    0,    0,    0,    0,    0,    0,    0,    0,    0,    0,    0,    0,    0,    0,    0,    0,    0,    0,    0,    0,    0,    0,    0,    0,    0,    2,    0,    0,    0,    0,    0,    0,    0,    4,    0,    2,    0,    0,    0,    0,    0,    0,    0,    0,    0,    0,    0,    0,    0,    0,    0,    0,    0,    9,    0,    0,    0,    0,    0,    0,    0,   16,    0,    0,    2,    0,    9,    0,   16,   16,    0,    0,    0,    0,    0,    0,    0,    0,    9,   16,    0,    0,    0,    0,    0,    0,    0,    0,    0,    4,    0,    4,    0,    0,    0,    0,    0,    0,    0,    0,    0,    0,    0,    0,    0,    0,    0,    0,    0,    0,    0,    0,    0,    0,    0,    0,    0,    0,    0,    0,    0,    0,    0,    0,    0,    0,    0,    0,    0,    0,    0,    0,    0,    0,    0,    0,    0,
       0,    0,    0,    0,    0,    0,    0,    0,    0,    0,    0,    0,    0,    0,    0,    0,    0,    0,   -4,    0,    0,    0,    0,    0,    0,    0,    0,    0,    0,    0,    0,    0,    0,    0,    0,    0,    0,    0,    0,    0,    0,    0,    0,    0,    0,    0,    0,    0,    0,    0,    0,    0,    0,    0,    0,    0,    0,    0,    0,    0,    0,    0,    0,    0,    0,    0,    0,    0,    0,    0,    0,    0,    0,    0,    0,    0,    0,    0,    0,    0,    0,    0,    0,    0,    0,    0,    0,    0,    0,    0,    0,    0,    0,    0,    0,    0,    0,    0,    0,    0,    0,    0,    0,    0,    0,    0,    0,    0,    0,    0,    0,    0,    0,    0,    0,    0,    0,    0,    0,    0,    0,    0,    0,    0,    0,    0,    0,    0,    0,    0,    0,    0,    0,    0,    0,    0,    0,    0,    0,    0,    0,    0,    0,    0,    0,    0,    0,    0,    0,    0,    0,    0,
       0,    0,    0,    0,    0,    0,    0,    0,   -3,    0,   -6,    0,   -6,    0,    0,    0,    0,    0,    0,    0,    0,    0,    0,    0,    0,    0,    0,    0,    0,    0,    0,    0,    0,    0,    0,    0,   -5,    0,    0,   -3,    0,    0,    0,    0,    0,    0,    0,    0,    0,    0,    0,    0,    0,    0,    0,    0,   -9,    0,    0,   -3,    0,    0,    0,    0,    0,    0,    0,    0,    0,    0,    0,    0,    0,    0,    0,    0,    0,    0,    0,    0,    0,    0,    0,    0,    0,    0,    0,    0,    0,    0,    0,    0,    0,    0,    0,    0,    0,   -5,    0,    0,    0,    0,    0,    0,    0,    0,    0,    0,    0,    0,    0,    0,    0,    0,    0,    0,    0,    0,    0,    0,    0,    0,    0,    0,    0,    0,    0,    0,    0,    0,    0,    0,    0,    0,  -14,    0,    0,    0,   -6,    0,    0,    0,    0,    0,    0,    0,    0,    0,    0,    0,    0,    0,
       0,    0,    0,    0,    0,    0,    0,    0,   -7,    0,   -9,    0,   -9,    0,    0,   -7,    0,    0,    0,    0,    0,    0,    0,    0,    0,    0,    0,    0,    0,    0,    0,    0,    0,    0,    0,    0,    0,    0,    0,   -7,    0,    0,    0,    0,    0,    0,    0,    0,    0,    0,    0,    0,    0,    0,    0,    0,    0,    0,   -1,   -7,    0,    0,  -11,    0,    0,    0,    0,    0,    0,    0,    0,    0,    0,    0,    0,    0,    0,    0,    0,    0,    0,    0,    0,    0,    0,    0,    0,    0,    0,    0,    0,    0,    0,    0,    0,    0,    0,    0,    0,    0,    0,    0,    0,    0,    0,    0,    0,    0,    0,    0,    0,    0,    0,    0,    0,    0,    0,    0,    0,    0,    0,    0,    0,    0,    0,    0,    0,    0,    0,    0,    0,    0,    0,    0,    0,    0,    0,    0,   -9,    0,    0,    0,    0,    0,    0,    0,    0,    0,    0,    0,    0,    0,
       0,    0,    0,    0,    0,    0,    0,    0,   -1,    0,   -7,    0,   -7,    0,    0,    0,    0,    0,    0,    0,    0,    0,    0,    0,    0,    0,    0,    0,    0,    0,    0,    0,    0,    0,    0,    0,    0,    0,    0,   -1,    0,    0,    0,    0,    0,    0,    0,    0,    0,    0,    0,    0,    0,    0,    0,    0,    0,    0,   -1,   -1,    0,    0,    0,    0,    0,    0,    0,    0,    0,    0,    0,    0,    0,    0,    0,    0,    0,    0,    0,    0,    0,    0,    0,    0,    0,    0,    0,    0,    0,    0,    0,    0,    0,    0,    0,    0,    0,    0,    0,    0,    0,    0,    0,    0,    0,    0,    0,    0,    0,    0,    0,    0,    0,    0,    0,    0,    0,    0,    0,    0,    0,    0,    0,    0,    0,    0,    0,    0,    0,    0,    0,    0,    0,    0,    0,    0,    0,    0,   -7,    0,    0,    0,    0,    0,    0,    0,    0,    0,    0,    0,    0,    0,
       0,    0,    0,    0,    0,    0,    0,    0,    0,    0,   -9,    0,   -9,    0,    0,    0,    0,    0,    0,    0,    0,    0,    0,    0,    0,    0,    0,    0,    0,    0,    0,    0,    0,    0,    0,    0,    0,    0,    0,    0,  -12,    0,    0,    0,    0,    0,    0,    0,    0,    0,    0,    0,    0,    0,    0,    0,    0,    0,    0,    0,    0,    0,    0,    0,    0,    0,    0,    0,    0,    0,    0,    0,    0,    0,    0,    0,    0,    0,    0,    0,    0,    0,    0,    0,    0,    0,    0,    0,    0,    0,    0,    0,    0,    0,    0,    0,    0,    0,    0,    0,    0,    0,    0,    0,    0,    0,    0,    0,    0,    0,    0,    0,    0,    0,    0,    0,    0,    0,    0,    0,    0,    0,    0,    0,    0,    0,    0,    0,    0,    0,    0,    0,    0,    0,  -12,    0,    0,    0,   -9,    0,    0,    0,    0,    0,    0,    0,    0,    0,    0,    0,    0,    0,
       0,    0,    0,  -15,    0,  -12,    0,    0,    0,    0,  -33,    0,  -33,    0,   -4,    0,    0,   -4,  -15,   -3,    5,   -4,   -3,   -9,  -24,    0,    0,    0,  -29,    0,    0,  -26,    0,    0,    0,    0,    0,    0,    0,    0,  -42,  -12,  -14,    0,    0,    0,  -14,  -11,    0,    0,    0,    0,    0,    0,    0,    0,  -17,    0,    0,    0,    0,    0,    0,    0,    0,    0,    0,    0,    0,    0,  -12,  -12,  -14,    0,    0,    0,   24,  -14,    0,    0,  -12,    0,    0,   24,   24,    0,  -14,    0,    0,    0,    0,    0,    0,    0,   24,  -28,  -28,    0,   -4,    0,    0,    0,    0,    0,    0,    0,    0,  -11,    0,    0,    0,    0,    0,    0,    0,    0,    0,    0,    0,    0,    0,    0,    0,    0,    0,    0,    0,    0,    0,    0,    0,    0,    0,    0,  -38,    0,    0,    0,  -33,    0,    0,    0,    0,    0,    0,    0,    0,  -20,    0,    0,    0,    0,
       0,    0,    0,    0,    0,    0,    0,    0,    0,    0,    0,    0,    0,    0,    0,    0,    0,    0,    0,    0,    0,    0,    0,    0,    0,    0,    0,    0,    0,    0,    0,    0,   -9,    0,  -17,    0,    0,    0,    0,    0,    0,    0,    0,    0,    0,    0,    0,    0,    0,    0,    0,    0,    0,    0,    0,    0,    0,    0,    0,    0,    0,    0,    0,    0,    0,    0,    0,    0,    0,    0,    0,    0,    0,    0,    0,    0,    0,    0,    0,    0,    0,    0,    0,    0,    0,    0,    0,   -9,   -9,   -9,    0,    0,    0,    0,    0,    0,    0,    0,    0,    0,    0,  -23,    0,    0,    0,    0,    0,    0,    0,    0,    0,    0,    0,    0,    0,    0,    0,    0,    0,    0,    0,    0,    0,    0,    0,    0,    0,    0,    0,    0,    0,    0,  -12,    0,    0,    0,    0,    0,    0,    0,    0,    0,    0,    0,    0,    0,    0,    0,    0,    0,    0,    0,
       0,    0,    0,    0,    0,    0,    0,    0,    0,    0,    0,    0,    0,    0,    0,    0,    0,    0,    0,    0,    0,    0,    0,    0,    0,    0,    0,    0,  -14,    0,    0,    0,  -12,    0,  -18,  -17,  -14,  -26,    0,    0,    0,    0,    0,    0,    0,    0,    0,    0,    0,    0,  -11,    0,   -9,    0,    0,    0,    0,    0,    0,    0,    0,    0,    0,    0,    0,    0,    0,    0,    0,    0,    0,    0,    0,    0,    0,    0,    0,    0,    0,  -11,    0,    0,    0,    0,    0,    0,    0,  -12,  -12,  -12,    0,    0,    0,    0,    0,    0,    0,  -14,    0,    0,    0,  -12,    0,    0,    0,    0,    0,    0,    0,    0,    0,    0,    0,    0,    0,    0,    0,    0,    0,    0,    0,    0,    0,    0,    0,    0,    0,    0,    0,    0,    0,  -26,  -15,    0,    0,    0,    0,    0,    0,    0,    0,    0,    0,    0,    0,    0,    0,    0,    0,    0,  -11,    0,
       0,    0,    0,    0,    0,    0,    0,    0,    0,    0,    0,    0,    0,    0,    0,    0,    0,    0,    0,    0,  -20,    0,    0,    0,    0,    0,    0,    0,   -3,    0,    0,    0,  -21,    0,  -20,  -20,  -15,  -24,  -17,    0,    0,    0,    0,    0,    0,    0,    0,    0,    0,    0,    0,    0,    0,    0,    0,    0,    0,    0,    0,    0,    0,    0,    0,    0,    0,    0,    0,    0,    0,    0,    0,    0,    0,    0,    0,    0,    0,    0,    0,    0,    0,    0,    0,    0,    0,    0,    0,  -21,  -21,  -21,    0,    0,    0,    0,    0,   -9,   -9,  -14,    0,    0,    0,  -20,    0,    0,    0,    0,    0,    0,    0,    0,    0,    0,    0,    0,    0,    0,    0,    0,    0,    0,    0,    0,    0,    0,    0,    0,    0,    0,    0,    0,    0,  -24,  -26,    0,    0,    0,    0,    0,    0,    0,    0,    0,    0,    0,    0,    0,    0,    0,    0,    0,  -20,    0,
       0,    0,    0,    0,    0,    0,    0,    0,    0,    0,    0,    0,    0,    0,    0,    0,    0,    0,    0,    0,    0,    0,    0,    0,    0,    0,    0,    0,  -17,    0,    0,    0,    0,    0,    0,    0,    0,    0,    0,    0,    0,    0,    0,    0,    0,    0,    0,    0,    0,    0,    0,    0,    0,    0,    0,    0,    0,    0,    0,    0,    0,    0,    0,    0,    0,    0,    0,    0,    0,    0,    0,    0,    0,    0,    0,    0,    0,    0,    0,    0,    0,    0,    0,    0,    0,    0,    0,    0,    0,    0,    0,    0,    0,    0,    0,    0,    0,    0,    0,    0,    0,    0,    0,    0,    0,    0,    0,    0,    0,    0,    0,    0,    0,    0,    0,    0,    0,    0,    0,    0,    0,    0,    0,    0,    0,    0,    0,    0,    0,    0,    0,    0,    0,    0,    0,    0,    0,    0,    0,    0,    0,    0,    0,    0,    0,    0,    0,    0,    0,    0,    0,    0,
       0,    0,    0,    0,    0,    0,    0,    0,    0,    0,  -12,    0,  -12,  -11,    0,    0,    0,    0,    0,    0,    0,    0,    0,    0,    0,    0,    0,    0,  -10,    0,    0,    0,   -8,    0,  -10,   -2,  -11,  -10,    0,    0,  -11,    0,    0,    0,    0,    0,    0,    0,    0,    0,    0,    0,    0,    0,    0,    0,    0,    0,   -1,    0,    0,    0,    0,    0,    0,    0,    0,    0,    0,    0,    0,    0,    0,    0,    0,    0,    0,    0,    0,    0,    0,    0,    0,    0,    0,    0,    0,   -8,   -8,   -8,    0,    0,    0,    2,    0,    0,    0,  -24,    0,    0,    0,  -17,    0,    0,    0,    0,    0,    0,    0,    0,    0,    0,    0,    0,    0,    0,    0,    0,    0,    0,    0,    0,    0,    0,    0,    0,    0,    0,    0,    0,    0,  -10,   -9,    0,  -11,    0,    0,    0,  -12,    0,    0,    0,    0,    0,    0,    0,  -10,  -26,    0,    0,    0,    0,
       0,    0,  -21,    0,   -1,    0,    0,    0,  -23,   -9,    0,   -9,    0,    5,    0,  -10,    0,    0,    0,    0,    0,    0,    0,    0,   -3,  -14,  -17,  -10,    4,    0,  -10,    0,  -23,   -5,  -19,  -16,    0,  -20,    0,  -23,    0,    0,   -2,   -1,    1,    0,    0,   -1,   -6,    0,  -18,  -18,    0,    0,   -9,  -20,   -9,   -9,  -19,  -23,    0,    0,  -13,   -9,    0,   -9,    0,    0,    0,   -9,    0,    0,   -2,    1,    1,    1,    0,   -2,    0,  -18,    0,    0,    0,    0,    0,    0,   -2,  -23,  -23,  -38,    0,    0,    1,    0,    0,    0,    0,    0,    0,  -10,    0,  -23,    0,    0,   -6,  -18,   -6,   -1,    0,    0,    0,    0,    0,    0,    0,    0,    0,    0,    0,    0,    0,    0,    0,    0,    0,    0,    0,    0,    0,    0,    0,  -20,  -35,  -27,    0,    0,    0,   -9,    0,  -27,   -2,    0,    0,    0,    0,    0,    0,    0,    0,    0,  -14,    0,
       0,    0,    0,    0,    0,    0,    0,    0,    0,    0,    0,    0,    0,    0,    0,    0,    0,    0,    0,    0,    0,    0,    0,    0,    0,    0,    0,    0,    0,    0,    0,    0,  -15,    0,    0,    0,    0,    0,    0,    0,    0,    0,    0,    0,    0,    0,    0,    0,    0,    0,    0,    0,    0,    0,    0,    0,    0,    0,    0,    0,    0,    0,    0,    0,    0,    0,    0,    0,    0,    0,    0,    0,    0,    0,    0,    0,    9,    0,    0,    0,    0,    0,    0,    9,    9,    0,    0,  -15,  -15,  -15,    0,    0,    0,    0,    9,    0,    0,    0,    0,    0,    0,  -15,    0,    0,    0,    0,    0,    0,    0,    0,    0,    0,    0,    0,    0,    0,    0,    0,    0,    0,    0,    0,    0,    0,    0,    0,    0,    0,    0,    0,    0,    0,  -17,    0,    0,    0,    0,    0,    0,    0,    0,    0,    0,    0,    0,    0,    0,    0,    0,    0,    0,    0,
       0,    0,    0,    0,    0,    0,    0,    0,    0,    0,    0,    0,    0,    0,    0,    0,    0,    0,    0,    0,    0,    0,    0,    0,    0,    0,    0,    0,   -6,    0,    0,    0,    0,    0,    0,    0,   -2,    0,    0,    0,  -11,    0,    0,    0,    0,    0,    0,    0,    0,    0,    1,    0,    0,    0,    0,    0,    0,    0,    0,    0,    0,    0,    0,    0,    0,    0,    0,    0,    0,    0,    0,    0,    0,    0,    0,    0,    9,    0,    0,    1,    0,    0,    0,    9,    9,    0,    0,    0,    0,    0,    0,    0,    0,    0,    9,    0,    0,   -2,    0,    0,    0,    0,    0,    0,    0,    0,    0,    0,    0,    0,    0,    0,    0,    0,    0,    0,    0,    0,    0,    0,    0,    0,    0,    0,    0,    0,    0,    0,    0,    0,    0,    0,    0,    0,    0,    0,    0,    0,    0,    0,    0,    0,    0,    0,    0,    0,    0,    0,    0,    0,    0,    0,
       0,    0,    0,    0,    0,    0,    0,    0,    0,    0,    0,    0,    0,    0,    0,    0,    0,    0,    0,    0,    0,    0,    0,    0,    0,    0,    0,    0,    0,    0,    0,    0,    0,    0,    0,    0,    0,    0,    0,    0,    0,    0,    0,    0,    0,    0,    0,    0,    0,    0,    0,    0,    0,    0,    0,    0,    0,    0,    0,    0,    0,    0,    0,    0,    0,    0,    0,    0,    0,    0,    0,    0,    0,    0,    0,    0,   20,    0,    0,    0,    0,    0,    0,   20,   20,    0,    0,    0,    0,    0,    0,    0,    0,    9,   20,    0,    0,    0,    0,    0,    0,    0,    0,    0,    0,    0,    0,    0,    0,    0,    0,    0,    0,    0,    0,    0,    0,    0,    0,    0,    0,    0,    0,    0,    0,    0,    0,    0,    0,    0,    0,    0,    0,    0,    0,    0,    0,    0,    0,    0,    0,    0,    0,    0,    0,    0,    0,    0,    0,    0,    0,    0,
       0,    0,    0,    0,    0,    0,    0,    0,    0,    0,  -11,    0,  -20,    0,    0,    0,    0,    0,    0,    0,    0,    0,    0,    0,    0,    0,    0,    0,  -24,    0,    0,  -18,    0,    0,    0,    0,    0,    0,    0,    0,   -9,   -6,  -10,    0,    0,    0,   -7,    0,    0,   -9,   -9,    0,    0,   -9,    0,    0,    0,    0,    0,    0,    0,   -9,    0,    0,    0,    0,    0,    0,    0,    0,   -6,   -6,  -10,    0,    0,    0,    0,  -10,   -9,   -9,   -6,    0,    0,    0,    0,    0,  -10,    0,    0,    0,   -9,    0,    0,   20,    0,    0,    0,    0,    0,    0,    0,    0,    0,    0,    0,    0,    0,    0,    0,    0,    0,    0,    0,    0,    0,    0,    0,    0,    0,    0,    0,    0,    0,    0,    0,    0,    0,    0,    0,    0,    0,    0,    0,    0,  -32,    0,    0,    0,  -33,    0,    0,    0,    0,    0,    0,    0,    0,  -12,    0,    0,    0,    0,
       0,    0,    0,    0,    0,    0,    0,    0,    0,    0,    0,    0,    0,    0,    0,    0,    0,    0,    0,    0,    0,    0,    0,    0,    0,    0,    0,    0,   -7,    0,    0,    0,   -8,    0,   -6,    0,   -2,   -7,    0,    0,    0,    0,    0,    0,    0,    0,    0,    0,    0,    0,    0,    0,    0,    0,    0,    0,    0,    0,    0,    0,    0,    0,    0,    0,    0,    0,    0,    0,    0,    0,    0,    0,    0,    0,    0,    0,    9,    0,    0,    0,    0,    0,    0,    9,    9,    0,    0,   -8,   -8,   -8,    0,    0,    0,    2,    9,    0,    0,   -2,    0,    0,    0,   -8,    0,    0,    0,    0,    0,    0,    0,    0,    0,    0,    0,    0,    0,    0,    0,    0,    0,    0,    0,    0,    0,    0,    0,    0,    0,    0,    0,    0,    0,   -7,    0,    0,    0,    0,    0,    0,    0,    0,    0,    0,    0,    0,    0,    0,    0,    0,    0,    0,    0,    0,
       0,    0,    0,    0,    0,    0,    0,    0,    0,    0,   -9,    0,   -9,  -15,    0,    0,    0,    0,    0,    0,    0,    0,    0,    0,    0,    0,    0,    0,   -5,    0,    0,    0,    0,    0,    0,    0,    0,    0,    0,    0,  -14,    0,    0,    0,    0,    0,    0,    0,    0,    0,    0,    0,    0,    0,    0,    0,    0,    0,    0,    0,    0,    0,    0,    0,    0,    0,    0,    0,    0,    0,    0,    0,    0,    0,    0,    0,    0,    0,    0,    0,    0,    0,    0,    0,    0,    0,    0,    0,    0,    0,    0,    0,    0,    9,    0,    0,    0,    0,    0,    0,    0,    0,    0,    0,    0,    0,    0,    0,    0,    0,    0,    0,    0,    0,    0,    0,    0,    0,    0,    0,    0,    0,    0,    0,    0,    0,    0,    0,    0,    0,    0,    0,    0,    0,  -21,    0,    0,    0,   -9,    0,    0,    0,    0,    0,    0,    0,    0,    0,    0,    0,    0,    0,
       0,    0,    0,    0,   -3,    0,    0,    0,    0,  -26,    0,  -26,    0,    0,    0,    0,    0,    0,    0,    0,    0,    0,    0,    0,  -18,   -9,    0,  -10,    0,    0,  -10,    0,    0,    0,    0,    0,    0,    0,    0,    0,    0,    0,  -11,    0,    3,    0,    0,    0,    0,   -9,  -11,  -17,    0,    0,  -26,    0,  -14,  -40,   -4,    0,    0,   -9,    0,  -38,    0,    0,    0,    0,    0,   -9,    0,    0,  -11,    3,    3,    3,   23,  -11,   -9,  -11,    0,    0,    0,   23,   23,    0,  -11,    0,    0,    0,   -9,    0,    3,   23,   23,    0,    0,    0,    0,  -10,    0,    0,    0,    0,    0,  -27,    0,    0,    0,    0,    0,    0,    0,    0,    0,    0,    0,    0,    0,    0,    0,    0,    0,    0,    0,    0,    0,    0,    0,    0,    0,    0,    0,    0,    0,    0,    0,   -9,    0,    0,    0,    0,    0,    0,    0,    0,    0,    0,    0,    0,    0,   -9,
       0,    0,  -24,    0,    0,    0,    0,    0,  -45,  -21,    0,  -35,    0,    0,    0,  -12,    0,    0,    0,    0,    0,    0,    0,    0,    0,    0,    0,   -8,    0,    0,   -8,    0,  -25,    0,  -19,   -3,    0,  -14,    0,  -35,    0,    0,    0,    0,    0,    0,    0,    0,   -6,    0,  -18,    0,    0,    0,  -32,  -26,  -17,  -56,  -21,  -47,    0,    0,  -23,  -38,    0,    0,    0,    0,    0,   -9,    0,    0,    0,    0,    0,    0,    0,    0,    0,  -18,    0,    0,    0,    0,    0,    0,    0,  -25,  -25,  -25,    0,    0,    0,    0,    0,    0,    0,    0,    0,   -8,    0,  -25,    0,    0,   -6,  -36,   -6,    0,    0,    0,    0,    0,    0,    0,    0,    0,    0,    0,    0,    0,    0,    0,    0,    0,    0,    0,    0,    0,    0,    0,    0,  -23,  -23,  -15,    0,  -12,  -12,   -9,    0,  -33,    0,    0,    0,    0,    0,    0,    0,    0,    0,    0,    0,    0,
       0,    0,    0,    0,    0,   -9,    0,    0,    0,  -10,  -11,  -10,  -20,    0,    0,    0,    0,    0,    0,    0,    0,    0,    0,    0,    0,    0,    0,    0,  -20,    0,    0,  -26,    0,    0,    0,    0,    0,    0,    0,    0,    0,   -1,   -2,    0,    0,    0,    0,    0,    0,    0,    0,    0,    0,    0,  -10,    0,    0,  -10,    0,    0,    0,    0,    0,  -10,    0,    0,    0,    0,    0,    0,   -1,   -1,   -2,    0,    0,    0,    0,   -2,    0,    0,   -1,    0,    0,    0,    0,    0,   -2,    0,    0,    0,    0,    0,    0,    0,    0,    0,    0,    0,    0,    0,    0,    0,    0,    0,    0,    0,    0,    0,    0,    0,    0,    0,    0,    0,    0,    0,    0,    0,    0,    0,    0,    0,    0,    0,    0,    0,    0,    0,    0,    0,    0,    0,    0,    0,  -38,    0,    0,    0,  -36,    0,    0,    0,    0,    0,    0,    0,    0,  -17,    0,    0,    0,    0,
       0,    0,    0,    0,    0,    0,    0,    0,    0,    0,    0,    0,    0,    0,    0,    0,    0,    0,    0,    0,    0,    0,    0,    0,    0,    0,    0,    0,    0,    0,    0,    0,    0,    0,   -5,    0,    0,   -7,    0,    0,    0,   -1,   -4,    0,    0,    0,    0,    0,    0,    0,    0,    0,    0,    0,    0,    0,    0,    0,    0,    0,    0,    0,    0,    0,    0,    0,    0,    0,    0,    0,   -1,   -1,   -4,    0,    0,    0,   12,   -4,    0,    0,   -1,    0,    0,   12,   12,    0,   -4,    0,    0,    0,    0,    0,    0,    0,   12,    0,    0,    0,    0,    0,    0,    0,    0,    0,    0,    0,    0,    0,    0,    0,    0,    0,    0,    0,    0,    0,    0,    0,    0,    0,    0,    0,    0,    0,    0,    0,    0,    0,    0,    0,    0,   -7,    0,    0,    0,    0,    0,    0,    0,    0,    0,    0,    0,    0,    0,    0,    0,    0,    0,    0,    0,    0,
       0,    0,    0,    0,   -1,   -9,    0,    0,    0,  -18,   -9,  -18,   -9,  -35,   -9,    0,    0,    0,  -18,    0,  -21,    0,    0,   -9,  -21,   -9,    0,   -8,  -23,    0,   -8,  -24,    0,    0,    0,    0,    0,    4,    0,    0,  -15,  -20,  -21,    0,    0,    0,  -15,  -20,  -27,  -20,  -17,  -17,  -14,  -12,  -18,    0,  -35,  -18,    0,    0,    0,  -47,    0,  -39,    0,  -14,    0,    0,    0,   -9,  -30,  -30,  -34,    0,    0,    0,   24,  -34,  -33,  -26,  -20,    0,    0,   24,   24,    0,  -21,    0,    0,    0,  -30,    0,    0,   35,   24,  -36,  -36,    0,    0,   -8,    0,    0,    0,    0,  -27,  -14,  -27,  -20,    0,    0,    0,    0,    0,    0,    0,    0,    0,    0,    0,    0,    0,    0,    0,    0,    0,    0,    0,    0,    0,    0,    0,    4,    0,    0,  -32,    0,    0,   -9,  -32,    0,    0,    0,    0,    0,    0,    0,    0,  -27,    0,    0,    0,    0,
       0,    0,    0,    0,    0,  -14,    0,    0,    0,  -14,  -26,  -14,  -26,  -13,   -4,    0,    0,    0,   -9,    0,    0,    0,    0,  -17,  -20,  -17,    0,  -18,  -19,    0,  -10,  -26,    0,    0,    4,    0,    0,    0,    0,    0,  -21,  -14,  -14,    0,    0,    0,   -1,  -12,    0,    0,    0,    0,    0,    0,  -14,    0,  -15,  -31,    0,    0,    0,    0,    0,  -25,    0,    0,   -3,    0,    0,  -11,  -14,  -25,  -14,    0,    0,    0,   23,  -27,    0,    0,  -14,    0,    0,   23,   23,    0,  -14,    0,    0,    0,    0,    0,    0,   11,   23,  -33,  -33,    0,    0,  -10,    0,    0,    0,    0,    0,   -3,    0,  -12,    0,    0,    0,    0,    0,    0,    0,    0,    0,    0,    0,    0,    0,    0,    0,    0,    0,    0,    0,    0,    0,    0,    0,    0,    0,    0,  -30,    0,    0,  -11,  -26,    0,    0,    0,    0,    0,    0,    0,  -34,  -40,    0,    0,    0,    0,
       0,    0,    0,    0,   -1,  -14,    0,    0,    0,  -13,  -26,  -13,  -26,   -3,    0,    0,    0,    0,   -9,    0,    0,    0,    0,  -14,  -20,  -17,    0,   -2,  -16,    0,   -2,  -17,    0,    0,    1,    6,    0,    0,    0,    0,    0,  -14,  -13,    0,    0,    0,   -9,   -9,    0,    0,    0,    0,    0,    0,  -13,    0,  -15,  -13,    0,    0,    0,    0,    0,  -22,    0,    0,   -3,    0,    0,    0,  -14,  -14,  -13,    0,    0,    0,    0,  -13,    0,    0,  -14,    0,    0,    0,    0,    0,  -13,    0,    0,    0,    0,    0,    0,   23,    0,    0,    0,    0,    0,   -2,    0,    0,    0,    0,    0,   -9,    0,   -9,    0,    0,    0,    0,    0,    0,    0,    0,    0,    0,    0,    0,    0,    0,    0,    0,    0,    0,    0,    0,    0,    0,    0,    0,    0,    0,  -29,    0,    0,    0,  -26,    0,    0,    0,    0,    0,    0,    0,  -23,  -29,    0,    0,    0,    0,
       0,    0,    0,    0,   -3,    0,    0,    0,    0,  -10,    0,  -10,    0,    0,   -9,    0,    0,   -5,  -11,    0,    0,   -5,    0,    0,  -15,  -14,    0,  -11,    0,    0,  -11,    0,  -11,    0,    0,    0,    0,    0,    0,    0,    0,  -15,   -8,    0,    0,    0,    0,    0,    0,    0,    0,    0,    0,    0,  -19,    0,  -11,  -23,   -2,    0,    0,    0,    0,  -22,    0,    0,    0,    0,    0,  -12,  -15,  -15,   -8,    0,    0,    0,    0,   -8,    0,    0,  -15,    0,    0,    0,    0,    0,   -8,  -11,  -11,  -11,    0,    0,    0,   23,    0,    0,    0,    0,   -5,  -24,   -9,  -11,    0,    0,  -17,  -21,    0,    0,    0,    0,    0,    0,    0,    0,    0,    0,    0,    0,    0,    0,    0,    0,    0,    0,    0,    0,    0,    0,    0,    0,    0,    0,    0,    0,    0,    0,    0,  -12,    0,    0,    0,    0,    0,    0,    0,    0,    0,    0,    0,   -9,    0,    0,
       0,    0,    0,    0,    0,  -17,    0,    0,    0,  -20,  -12,  -20,  -12,    0,    0,    0,    0,    0,  -18,    0,    0,    0,    0,  -17,  -27,  -26,    0,  -10,  -20,    0,  -10,   -9,    4,    0,    0,    0,    0,    0,    0,    0,    0,  -22,  -23,    0,   -7,    0,  -10,  -18,    0,  -11,    0,    0,    0,    0,  -20,    0,  -24,  -33,   -2,    0,    0,  -11,    0,  -33,    0,  -17,    0,    0,    0,  -23,  -40,  -35,  -23,   -7,  -15,   -7,    0,  -23,  -11,    0,  -38,    0,    0,    0,    0,    0,  -38,    4,    4,    4,  -11,    0,   -7,   23,    0,    0,    0,    0,    0,  -10,    0,    4,    0,    0,    0,  -13,    0,  -18,    0,    0,    0,    0,    0,    0,    0,    0,    0,    0,    0,    0,    0,    0,    0,    0,    0,    0,    0,    0,    0,    0,    0,    0,    0,    0,  -29,    0,    0,  -11,  -37,    0,    0,    0,    0,    0,    0,    0,  -41,  -48,    0,    0,    0,   -9,
       0,    0,    0,    0,    0,    0,    0,    0,    0,  -10,    0,  -10,    0,    0,    0,    0,    0,    0,    0,    0,    0,    0,    0,    0,  -17,    0,    0,   -9,    0,    0,   -9,    0,    0,    0,    0,    0,    0,    0,    0,    0,    0,    0,    0,    0,    0,    0,    0,    0,    0,    0,    0,    0,    0,    0,  -10,    0,   -9,  -10,    0,    0,    0,    0,    0,  -19,    0,    0,    0,    0,    0,    0,    0,    0,    0,    0,    0,    0,   23,    0,    0,    0,    0,    0,    0,   23,   23,    0,    0,    0,    0,    0,    0,    0,    0,    9,   23,    0,    0,    0,    0,   -9,    0,    0,    0,    0,    0,   -6,    0,    0,    0,    0,    0,    0,    0,    0,    0,    0,    0,    0,    0,    0,    0,    0,    0,    0,    0,    0,    0,    0,    0,    0,    0,    0,    0,    0,    0,    0,    0,    0,    0,    0,    0,    0,    0,    0,    0,    0,    0,    0,    0,    0,    0,    0,
       0,    0,    0,    0,    0,    0,    0,    0,    0,    0,    0,    0,    0,    0,    0,    0,    0,    0,    0,    0,    0,    0,    0,    0,    0,    0,    0,    0,    0,    2,    0,    0,    0,    0,    0,    0,    0,    0,    0,    0,    0,    0,   -2,    0,    0,    6,    2,    0,    0,    0,    0,    0,    0,    0,    0,    0,    0,    0,    0,    0,    0,    0,    0,    0,    0,    0,    0,    0,    0,    0,    0,    0,   -2,    0,    0,    0,    0,   -2,    0,    0,    0,    0,    2,    0,    0,    6,   -2,    0,    0,    0,    0,    2,    0,   23,    0,    0,    0,    0,    0,    0,    0,    0,    0,    0,    0,    0,    0,    0,    0,    0,    0,    0,    0,    0,    0,    0,    0,    0,    0,    0,    0,    0,    0,    0,    0,    0,    0,    0,    0,    0,    0,    0,    0,    0,    0,    0,    0,    0,    0,    0,    0,    0,    0,    0,    0,    0,    0,    0,    0,    0,    0,    0,
       0,    0,  -21,    0,   -1,    0,    0,    0,  -23,   -9,    0,   -9,    0,    5,    0,  -10,    0,    0,    0,    0,    0,    0,    0,    0,   -3,  -14,  -17,  -10,    4,    0,  -10,    0,  -34,   -5,  -32,  -32,    0,  -20,    0,  -23,    0,    0,   -2,   -1,    1,    0,    0,   -1,   -6,    0,  -32,  -18,    0,    0,   -9,  -20,   -9,   -9,  -19,  -23,    0,    0,  -13,   -9,    0,   -9,    0,    0,    0,   -9,    0,    0,   -2,    1,    1,    1,    0,   -2,    0,  -32,    0,    0,    0,    0,    0,    0,   -2,  -34,  -34,  -34,    0,    0,    1,    0,    0,    0,    0,    0,    0,  -10,    0,  -34,    0,    0,   -6,  -18,   -6,   -1,    0,    0,    0,    0,    0,    0,    0,    0,    0,    0,    0,    0,    0,    0,    0,    0,    0,    0,    0,    0,    0,    0,    0,  -20,  -46,  -42,    0,    0,    0,   -9,    0,  -42,   -2,    0,    0,    0,    0,    0,    0,    0,    0,    0,  -14,    0,
       0,    0,    0,    0,    0,    0,    0,    0,  -18,    0,    0,    0,    0,    0,  -12,  -29,    0,  -12,  -15,  -12,    0,  -12,  -12,    0,    0,    0,    0,  -11,    0,    9,  -11,    0,  -15,  -11,  -21,    0,    0,    0,    0,  -18,    0,    0,    0,    0,    7,   26,    9,    0,    0,    0,  -21,    0,    0,    0,    0,    0,    0,    0,    0,  -18,    0,    0,  -12,    0,    0,    0,    0,    0,    0,    0,    0,    0,    0,    7,    7,    7,    0,    0,    0,  -21,    0,    0,    9,    0,    0,   26,    0,  -15,  -15,  -15,    0,    9,    7,    0,    0,   15,   15,    0,  -12,  -11,  -29,  -14,   12,   12,    0,    0,    0,    0,    0,    0,    0,    0,    0,    0,    0,    0,    0,    0,    0,    0,    0,    0,    0,    0,    0,    0,    0,    0,    0,    0,    0,    0,  -11,    0,    0,    0,    0,    0,    0,    0,    0,    0,    0,    0,    0,    0,    0,    0,    0,    0,  -14,    0,
       0,    0,   -2,    0,    0,    0,    0,    0,    0,    0,    0,    0,    0,    0,    0,  -11,    0,    0,    0,    0,    0,    0,    0,    0,    0,    0,    0,    0,    0,    0,    0,    0,  -18,    0,  -14,  -14,    0,  -22,    0,    0,    0,    0,    0,    0,    0,    0,    0,    0,    0,    0,   -4,    0,    0,    0,    0,    0,    0,    0,   -2,    0,    0,    0,    0,    0,    0,    0,    0,    0,    0,    0,    0,    0,    0,    0,    0,    0,    0,    0,    0,   -4,    0,    0,    0,    0,    0,    0,    0,  -18,  -18,  -18,    0,    0,    0,    0,    0,    0,    0,    0,    0,    0,    0,  -18,    0,    0,    0,    0,    0,    0,    0,    0,    0,    0,    0,    0,    0,    0,    0,    0,    0,    0,    0,    0,    0,    0,    0,    0,    0,    0,    0,    0,    0,  -22,  -12,   -6,    0,    0,    0,    0,    0,   -6,    0,    0,    0,    0,    0,    0,    0,    0,    0,    0,    0,    0,
       0,    0,   -4,    0,    0,    0,    0,   -3,    0,    0,    0,    0,    0,    0,    0,   -9,    0,    0,    0,    0,    0,    0,    0,    0,    0,    0,    0,    0,   -9,    0,    0,    0,  -21,    0,  -14,  -13,   -8,  -25,    0,    0,    0,    3,    0,    0,    0,    0,    0,    0,    0,    0,   -5,   -4,   -6,   -4,    0,   -9,    0,    0,   -3,    0,    0,    0,    0,    0,    0,    0,    0,    0,    0,    0,    3,    3,    0,    0,    0,    0,    0,    0,    0,   -5,    3,    0,    0,    0,    0,    0,    0,  -21,  -21,  -21,    0,    0,    0,   12,    0,    0,    0,   -8,    0,    0,    0,  -21,    0,    0,    0,   -3,    0,    0,    0,    0,    0,    0,    0,    0,    0,    0,    0,    0,    0,    0,    0,    0,    0,    0,    0,    0,    0,    0,    0,    0,    0,  -25,  -17,   -6,    0,    0,    0,    0,    0,   -6,    0,    0,    0,    0,    0,    0,    0,    0,    0,    0,    0,    0,
       0,    0,    0,    0,    0,    0,    0,    0,    0,   -7,  -15,   -7,  -15,   -6,    0,    0,    0,    0,  -17,    0,    0,    0,    0,    0,    0,    0,    0,    0,   -9,    0,    0,  -17,    0,    0,    0,    0,    0,    2,    0,    0,   -4,   -5,   -7,  -11,    1,    1,    0,   -6,  -10,    0,    0,    4,    0,    0,   -7,    0,  -11,   -7,    0,    0,    0,    0,    0,   -7,    0,    0,    0,    0,    0,   -6,   -5,   -5,   -7,    1,    1,    1,   27,   -7,    0,    0,   -5,    0,    0,   27,   38,    1,   -7,    0,    0,    0,    0,    0,    1,   12,   36,  -20,  -20,    0,    0,    0,    0,    0,    0,    0,  -10,    0,  -10,   -6,    0,    0,    0,    0,    0,    0,    0,    0,    0,    0,    0,    0,    0,    0,    0,    0,    0,    0,    0,    0,    0,    0,    0,    2,    0,    0,  -24,    0,    0,   -6,  -15,    0,    0,    0,    0,    0,    0,    0,    0,   -9,    0,    0,    0,    0,
       0,    0,    0,    0,    0,    0,    0,    0,    0,    0,    0,    0,    0,    0,    0,    0,    0,    0,    0,    0,    0,    0,    0,    0,    0,    0,    0,    0,    0,    0,    0,    0,  -14,    0,    0,    0,    0,    0,    0,    0,    0,    0,    0,    0,    0,    1,    0,    0,    0,    0,    0,    0,    0,    0,    0,    0,    0,    0,    0,    0,    0,    0,    0,    0,    0,    0,    0,    0,    0,    0,    0,    0,    0,    0,    0,    0,    0,    0,    0,    0,    0,    0,    0,    0,    0,    1,    0,  -14,  -14,  -14,    0,    0,    0,    0,    0,    0,    0,    0,    0,    0,    0,  -14,    0,    0,    0,    0,    0,    0,    0,    0,    0,    0,    0,    0,    0,    0,    0,    0,    0,    0,    0,    0,    0,    0,    0,    0,    0,    0,    0,    0,    0,    0,    0,    0,    0,    0,    0,    0,    0,    0,    0,    0,    0,    0,    0,    0,    0,    0,    0,    0,    0,    0,
       0,    0,    0,    0,    0,    0,    0,    0,    0,    0,    0,    0,    0,    0,    0,    0,    0,    0,    0,    0,    0,    0,    0,    0,    0,    0,    0,    0,    0,    0,    0,    0,    0,    0,    0,    0,    0,    0,    0,    0,    0,    0,    0,    0,    0,    0,    0,    0,    0,    0,    0,    0,    0,    0,    0,    0,    0,    0,    0,    0,    0,    0,    0,    0,    0,    0,    0,    0,    0,    0,    0,    0,    0,    0,    0,    0,   17,    0,    0,    0,    0,    0,    0,   26,   17,    0,    0,    0,    0,    0,    0,    0,    0,   23,   26,    0,    0,    0,    0,    0,    0,    0,    0,    0,    0,    0,    0,    0,    0,    0,    0,    0,    0,    0,    0,    0,    0,    0,    0,    0,    0,    0,    0,    0,    0,    0,    0,    0,    0,    0,    0,    0,    0,    0,    0,    0,    0,    0,    0,    0,    0,    0,    0,    0,    0,    0,    0,    0,    0,    0,    0,    0,
       0,    0,    0,    0,    0,    0,    0,    0,    0,  -13,    0,  -13,    0,    0,    0,    0,    0,    0,  -12,    0,    0,    0,    0,    0,  -23,    0,    0,    0,    0,    0,    0,    0,  -15,    0,    0,    0,    0,    0,    0,    0,    0,    0,   -6,    0,    0,    0,    0,    0,    0,    0,    1,    0,    0,    0,  -13,    0,  -14,  -31,    0,    0,    0,    0,    0,  -13,    0,    0,    0,    0,    0,    0,    0,    0,   -6,    0,    0,    0,    0,   -6,    0,    1,    0,    0,    0,    0,    0,    0,   -6,  -15,  -15,  -15,    0,    0,    0,    0,    0,    0,    0,    0,    0,    0,    0,  -15,    0,    0,    0,    0,    0,    0,    0,    0,    0,    0,    0,    0,    0,    0,    0,    0,    0,    0,    0,    0,    0,    0,    0,    0,    0,    0,    0,    0,    0,    0,    0,    0,    0,    0,    0,    0,    0,    0,    0,    0,    0,    0,    0,    0,    0,    0,    0,    0,    0,    0,
       0,    0,    0,    0,    0,    0,    0,    0,    0,  -10,  -17,  -10,  -17,   -9,    0,    0,    0,    0,    0,    0,    0,    0,    0,    0,  -11,    0,    0,    0,  -11,    4,    0,  -15,  -15,    0,    0,    0,    0,    0,   -9,    0,    0,   -1,   -5,    5,    2,    4,    3,    0,    5,    0,    4,    2,    4,    0,  -10,    0,    0,  -19,    0,    0,    0,    0,    0,  -10,    0,    0,    0,    0,    0,    0,   -1,   -1,   -5,    2,    2,    2,    7,   -5,    0,    4,   -1,    0,    4,    7,    7,    4,   -5,  -15,  -15,  -15,    0,    4,    2,    4,    7,    0,    0,    0,    0,    0,    0,  -15,   -4,   -4,    5,    0,    5,    0,    0,    0,    0,    0,    0,    0,    0,    0,    0,    0,    0,    0,    0,    0,    0,    0,    0,    0,    0,    0,    0,    0,    0,    0,  -11,    4,  -21,    0,    0,    0,  -17,    4,    0,    0,    0,    0,    0,    0,    0,  -11,    0,    0,    0,    0,
       0,    0,   -1,    0,    0,    0,    0,    0,    0,    0,    0,    0,    0,    0,    0,    0,    0,    0,    0,    0,    0,    0,    0,    0,    0,    0,    0,    0,    0,    0,    0,    0,  -20,    0,  -12,   -9,    0,  -20,    0,    0,    0,    0,    0,    0,    0,    0,    0,    0,    0,    0,    0,    0,    0,    0,    0,    0,    0,    0,   -2,    0,    0,    0,    0,    0,    0,    0,    0,    0,    0,    0,    0,    0,    0,    0,    0,    0,    0,    0,    0,    0,    0,    0,    0,    0,    0,    0,    0,  -20,  -20,  -20,    0,    0,    0,    0,    0,    0,    0,    0,    0,    0,    0,  -20,    0,    0,    0,    0,    0,    0,    0,    0,    0,    0,    0,    0,    0,    0,    0,    0,    0,    0,    0,    0,    0,    0,    0,    0,    0,    0,    0,    0,    0,  -20,  -14,    0,   -3,    0,    0,    0,    0,    0,    0,    0,    0,    0,    0,    0,    0,    0,    0,    0,    0,    0,
       0,    0,    0,    0,    0,    0,    0,    0,    0,   -5,    0,   -5,    0,    0,    0,    0,    0,    0,   -3,    0,    0,    0,    0,    0,   -8,    0,    0,    0,    0,    0,    0,    0,   -9,    0,   -2,   -2,    0,   -3,    0,    0,    0,    1,   -3,   -7,    0,    2,    0,   -2,   -1,    0,    5,    4,    0,    0,   -5,    0,    0,   -5,    0,    0,    0,    0,    0,   -5,    0,    0,    0,    0,    0,   -2,    1,    1,   -3,    0,    0,    0,    0,   -3,    0,    5,    1,    0,    0,    0,    0,    2,   -3,   -9,   -9,   -9,    0,    0,    0,   12,    0,    0,    0,    0,    0,    0,    0,   -9,    0,    0,   -1,    0,   -1,   -2,    0,    0,    0,    0,    0,    0,    0,    0,    0,    0,    0,    0,    0,    0,    0,    0,    0,    0,    0,    0,    0,    0,    0,   -3,  -11,    1,    0,    0,    0,   -2,    0,    1,    0,    0,    0,    0,    0,    0,    0,    7,    0,    0,    0,    0,
       0,    0,    0,    0,    0,    0,    0,    0,    0,  -10,    0,  -10,    0,   -9,    0,    0,    0,    0,    0,    0,    0,    0,    0,    0,  -11,    0,    0,    0,    0,    0,    0,    0,  -14,    0,    0,    0,    0,  -15,    0,    0,   -9,    0,    0,    0,    0,    0,    0,    0,    0,    0,    0,    0,    0,    0,  -10,    0,    0,  -19,    0,    0,    0,    0,    0,  -10,    0,    0,    0,    0,    0,    0,    0,    0,    0,    0,    0,    0,    0,    0,    0,    0,    0,    2,    0,    0,    0,    0,    0,  -14,  -33,  -14,    0,    0,    0,    0,    0,    0,    0,    0,    0,    0,    0,  -14,    0,    0,    0,    0,    0,    0,    0,    0,    0,    0,    0,    0,    0,    0,    0,    0,    0,    0,    0,    0,    0,    0,    0,    0,    0,    0,    0,    0,    0,  -15,  -11,    4,    0,    0,    0,    0,    0,    4,    0,    0,    0,    0,    0,    0,    0,  -14,    0,    0,    0,    0,
       0,    0,    0,    0,    0,    0,    0,    0,    0,  -11,  -11,  -11,  -11,  -15,    0,    0,    0,    0,    0,    0,    0,    0,    0,    0,   -9,  -11,    0,    0,  -18,    1,    0,  -17,   -9,    0,    0,    0,    0,   -9,    0,    0,  -21,   -2,   -5,    4,    0,    0,    0,    0,    4,    0,    0,    0,    0,    0,  -11,    0,  -11,  -11,    0,    0,    0,    0,    0,  -11,    0,    0,    0,    0,    0,    0,   -2,   -2,   -5,    0,    0,    0,    2,   -5,    0,    0,   -2,    0,    1,    2,    2,    0,   -5,   -9,  -26,   -9,    0,    1,    0,    0,    2,    0,    0,    0,    0,    0,    0,   -9,  -12,  -12,    4,    0,    4,    0,    0,    0,    0,    0,    0,    0,    0,    0,    0,    0,    0,    0,    0,    0,    0,    0,    0,    0,    0,    0,    0,    0,    0,   -9,    0,    0,  -21,    0,    0,    0,  -31,    0,    0,    0,    0,    0,    0,    0,    0,  -11,    0,    0,    0,    0,
       0,    0,    0,    0,    0,   -9,    0,    0,    0,    0,  -20,    0,  -20,    0,    0,    0,    0,    0,    0,    0,    0,    0,    0,    0,    0,    0,    0,    0,  -18,    0,    0,  -15,  -14,    0,    0,    0,    0,    0,   -9,    0,    0,    0,   -4,    0,    0,    0,    0,    0,    0,    0,    0,    0,    0,    0,    0,    0,   -9,    0,    0,    0,    0,    0,    0,    0,    0,    0,    0,    0,    0,    0,    0,    0,   -4,    0,    0,    0,    0,   -4,    0,    0,    0,    0,    0,    0,    0,    0,   -4,  -14,  -14,  -14,    0,    0,    0,    0,    0,    0,    0,    0,    0,    0,    0,  -14,    0,    0,    0,    0,    0,    0,    0,    0,    0,    0,    0,    0,    0,    0,    0,    0,    0,    0,    0,    0,    0,    0,    0,    0,    0,    0,    0,    0,    0,    0,    0,    0,  -21,    0,    0,    0,  -20,    0,    0,    0,    0,    0,    0,    0,    0,    0,    0,    0,    0,    0,
       0,    0,    0,    0,    0,    0,    0,    0,    0,   -6,    0,   -6,    0,    0,    0,    0,    0,    0,    0,    0,    0,    0,    0,    0,    0,   -9,    0,    0,    0,    0,    0,    0,  -14,    0,    0,    0,    0,    0,    0,    0,    0,    0,   -6,    5,    0,    0,    0,    0,    5,    0,    0,    0,    0,    0,   -6,    0,   -9,   -6,    0,    0,    0,    0,    0,   -6,    0,    0,    0,    0,    0,    0,    0,    0,   -6,    0,    0,    0,    0,   -6,    0,    0,    0,    0,    0,    0,    0,    0,   -6,  -14,  -14,  -14,    0,    0,    0,    0,    0,    0,    0,    0,    0,    0,    0,  -14,    0,    0,    5,    0,    5,    0,    0,    0,    0,    0,    0,    0,    0,    0,    0,    0,    0,    0,    0,    0,    0,    0,    0,    0,    0,    0,    0,    0,    0,    0,    0,    0,    0,    0,    0,    0,    0,    0,    0,    0,    0,    0,    0,    0,    0,    0,    0,    0,    0,    0,
       0,    0,    0,    0,    0,    0,    0,    0,    0,    0,    0,    0,    0,    0,    0,    0,    0,    0,    0,    0,    0,    0,    0,    0,    0,    0,    0,    0,    0,    0,    0,    0,   -9,    0,    0,    0,    0,    0,    0,    0,    0,    0,   -4,    0,    0,    0,    0,    0,    0,    0,    0,    0,    0,    0,    0,    0,    0,    0,    0,    0,    0,    0,    0,    0,    0,    0,    0,    0,    0,    0,    0,    0,   -4,    0,    0,    0,    0,   -4,    0,    0,    0,    0,    0,    0,    0,    0,   -4,   -9,   -9,   -9,    0,    0,    0,    0,    0,    0,    0,    0,    0,    0,    0,   -9,    0,    0,    0,    0,    0,    0,    0,    0,    0,    0,    0,    0,    0,    0,    0,    0,    0,    0,    0,    0,    0,    0,    0,    0,    0,    0,    0,    0,    0,    0,    0,    0,    0,    0,    0,    0,    0,    0,    0,    0,    0,    0,    0,    0,    0,    0,    0,    0,    0,    0,
       0,    0,    0,    0,    0,    0,    0,    0,    0,    0,    0,    0,    0,    0,    0,    0,    0,    0,    0,    0,    0,    0,    0,    0,    0,    0,    0,    0,    0,    0,    0,    0,  -18,    0,   -9,    0,    0,  -18,    0,    0,    0,    0,    0,    0,    0,    0,    0,    0,    0,    0,    0,    0,    0,    0,    0,    0,    0,    0,    0,    0,    0,    0,    0,    0,    0,    0,    0,    0,    0,    0,    0,    0,    0,    0,    0,    0,    0,    0,    0,    0,    0,    0,    0,    0,    0,    0,    0,  -18,  -18,  -18,    0,    0,    0,    0,    0,    0,    0,    0,    0,    0,    0,  -18,    0,    0,    0,    0,    0,    0,    0,    0,    0,    0,    0,    0,    0,    0,    0,    0,    0,    0,    0,    0,    0,    0,    0,    0,    0,    0,    0,    0,    0,  -18,   -9,    0,    0,    0,    0,    0,    0,    0,    0,    0,    0,    0,    0,    0,    0,    0,    0,    0,    0,    0,
       0,    0,    0,    0,    0,    0,    0,    0,    0,    0,    0,    0,    0,    0,    0,    0,    0,    0,    0,    0,    0,    0,    0,    0,    0,    0,    0,    0,    0,    0,    0,    0,    0,    0,    0,    0,    0,    0,    0,    0,    0,    0,    0,    0,    9,    0,    0,    0,    0,    0,    0,    0,    0,    0,    0,    0,    0,    0,    0,    0,    0,    0,    0,    0,    0,    0,    0,    0,    0,    0,    0,    0,    0,    9,    9,    9,    0,    0,    0,    0,    0,    0,    0,    0,    0,    0,    0,    0,    0,    0,    0,    0,    9,   12,    0,    0,    0,    0,    0,    0,    0,    0,    0,    0,    0,    0,    0,    0,    0,    0,    0,    0,    0,    0,    0,    0,    0,    0,    0,    0,    0,    0,    0,    0,    0,    0,    0,    0,    0,    0,    0,    0,    0,    0,    0,    0,    0,    0,    0,    0,    0,    0,    0,    0,    0,    0,    0,    0,    0,    0,    0,    0,
       0,    0,    0,    0,    0,  -11,    0,    0,    0,    0,    0,    0,    0,    0,    0,    0,    0,    0,    0,    0,    0,    0,    0,    0,    0,    0,    0,    0,  -20,    0,    0,  -20,    0,    0,    0,    0,    0,    0,    0,    0,    0,    0,   -9,    0,    0,    0,    0,    0,    0,    0,    0,    0,    0,    0,    0,    0,    0,    0,    0,    0,    0,    0,    0,    0,    0,    0,    0,    0,    0,    0,    0,    0,   -9,    0,    0,    0,    0,   -9,    0,    0,    0,    0,    0,    0,    0,    0,   -9,    0,    0,    0,    0,    0,    0,    0,    0,    0,    0,    0,    0,    0,    0,    0,    0,    0,    0,    0,    0,    0,    0,    0,    0,    0,    0,    0,    0,    0,    0,    0,    0,    0,    0,    0,    0,    0,    0,    0,    0,    0,    0,    0,    0,    0,    0,    0,    0,    0,    0,    0,    0,    0,    0,    0,    0,    0,    0,    0,    0,    0,    0,    0,    0,    0,
       0,    0,    0,    0,    0,    0,    0,    0,    0,    0,    0,    0,    0,    0,    0,    0,    0,    0,    0,    0,    0,    0,    0,    0,    0,    0,    0,    0,   -9,    0,    0,    0,  -14,    0,    0,    0,    0,  -17,    0,    0,    0,    0,    0,    0,    0,    0,    0,    0,    0,    0,    0,    0,    0,    0,    0,    0,    0,    0,    0,    0,    0,    0,    0,    0,    0,    0,    0,    0,    0,    0,    0,    0,    0,    0,    0,    0,    0,    0,    0,    0,    0,    0,    0,    0,    0,    0,    0,  -14,  -14,  -14,    0,    0,    0,    0,    0,    0,    0,    0,    0,    0,    0,  -32,    0,    0,    0,    0,    0,    0,    0,    0,    0,    0,    0,    0,    0,    0,    0,    0,    0,    0,    0,    0,    0,    0,    0,    0,    0,    0,    0,    0,    0,  -17,    0,    0,    0,    0,    0,    0,    0,    0,    0,    0,    0,    0,    0,    0,    0,    0,    0,    0,    0,    0,
       0,    0,    0,    0,    0,    0,    0,    0,    0,    0,    0,    0,    0,    0,    0,    0,    0,    0,    0,    0,    0,    0,    0,    0,    0,    0,    0,    0,    0,    0,    0,    0,  -14,    0,    0,    0,    0,    0,    0,    0,    0,    0,    0,    0,    0,    0,    0,    0,    0,    0,    0,    0,    0,    0,    0,    0,    0,    0,    0,    0,    0,    0,    0,    0,    0,    0,    0,    0,    0,    0,    0,    0,    0,    0,    0,    0,    0,    0,    0,    0,    0,    0,    0,    0,    0,    0,    0,  -14,  -14,  -14,    0,    0,    0,    0,    0,    0,    0,    0,    0,    0,    0,  -14,    0,    0,    0,    0,    0,    0,    0,    0,    0,    0,    0,    0,    0,    0,    0,    0,    0,    0,    0,    0,    0,    0,    0,    0,    0,    0,    0,    0,    0,    0,    0,    0,    0,    0,    0,    0,    0,    0,    0,    0,    0,    0,    0,    0,    0,    0,    0,    0,    0,    0,
       0,    0,    0,    0,    0,   -9,    0,    0,    0,    0,    0,    0,    0,    0,    0,    0,    0,    0,  -13,    0,    0,    0,    0,    0,    0,    0,    0,   -1,  -19,    0,   -1,  -19,    0,    0,    0,    0,   -2,   -2,    0,    0,    0,   -3,   -8,    0,    0,    0,    0,   -3,    0,    0,    0,    0,    0,    0,    0,    0,    0,    0,    0,    0,    0,    0,    0,    0,    0,    0,    0,    0,    0,    0,   -3,   -3,   -8,    0,    0,    0,    0,   -8,    0,    0,   -3,    0,    0,    0,    0,    0,   -8,    0,    0,    0,    0,    0,    0,    0,    0,    0,    0,   -2,    0,   -1,    0,    0,    0,    0,    0,    0,    0,   -3,    0,    0,    0,    0,    0,    0,    0,    0,    0,    0,    0,    0,    0,    0,    0,    0,    0,    0,    0,    0,    0,    0,    0,   -2,    0,    0,    0,    0,    0,    0,    0,    0,    0,    0,    0,    0,    0,    0,    0,    0,    0,    0,    0,    0,
       0,    0,    0,    0,    0,    0,    0,    0,    0,    0,    0,    0,    0,    0,    0,    0,    0,    0,    0,    0,    0,    0,    0,    0,    0,    0,    0,    0,    0,    0,    0,    0,    0,    0,    0,    0,    0,    0,    0,    0,    0,    0,    0,    0,    0,    0,    0,    0,    0,    0,    0,    0,    0,    0,    0,    0,    0,    0,    0,    0,    0,    0,    0,    0,    0,    0,    0,    0,    0,    0,    0,    0,    0,    0,    0,    0,    0,    0,    0,    0,    0,    0,    0,    0,    0,    0,    0,    0,    0,    0,    0,    0,    0,    0,    0,    0,    0,    0,    0,    0,    0,    0,    0,    0,    0,    0,    0,    0,    0,    0,    0,    0,    0,    0,    0,    0,    0,    0,    0,    0,    0,    0,    0,    0,    0,    0,    0,    0,    0,    0,    0,    0,    0,    0,    0,    0,    0,    0,    0,    0,    0,   -3,    0,    0,    0,    0,    0,    0,    0,    0,    0,    0,
       0,    0,    0,    0,    0,    0,    0,    0,    0,  -10,    0,  -10,    0,   -9,    0,    0,    0,    0,    0,    0,    0,    0,    0,    0,  -11,    0,    0,    0,    0,    0,    0,    0,  -14,    0,    0,    0,    0,  -15,    0,    0,   -9,    0,    0,    0,    0,    0,    0,    0,    0,    0,    0,    0,    0,    0,  -10,    0,    0,  -19,    0,    0,    0,    0,    0,  -10,    0,    0,    0,    0,    0,    0,    0,    0,    0,    0,    0,    0,    0,    0,    0,    0,    0,    2,    0,    0,    0,    0,    0,  -14,  -33,  -14,    0,    0,    0,    0,    0,    0,    0,    0,    0,    0,    0,  -14,    0,    0,    0,    0,    0,    0,    0,    0,    0,    0,    0,    0,    0,    0,    0,    0,    0,    0,    0,    0,    0,    0,    0,    0,    0,    0,    0,    0,    0,  -15,  -24,    4,    0,    0,    0,    0,    0,    4,    0,    0,    0,    0,    0,    0,    0,  -14,    0,    0,    0,    0,
       0,    0,    0,    0,    0,    0,    0,    0,    0,    0,    0,    0,    0,    0,    0,    0,   -8,   -2,    0,    0,   -7,    0,    0,    0,    0,    0,    0,    0,   -9,    0,    0,  -12,  -41,    0,  -24,  -11,  -22,  -33,    0,    0,    0,    0,    0,    0,    0,    0,    0,    0,    0,    0,    0,    0,   -6,    0,    0,    0,    0,    0,    0,    0,    0,    0,   -4,    0,    0,    0,    0,    0,    0,    0,    0,    0,    0,    0,    0,    0,    0,    0,    0,    0,    0,    0,    0,    0,    0,    0,    0,  -41,  -41,  -41,    0,    0,    0,    0,    0,    0,    0,  -22,  -14,    0,    0,  -41,    0,    0,    0,    0,    0,    0,    0,    0,    0,    0,    0,    0,    0,    0,    0,    0,    0,    0,    0,    0,    0,    0,    0,    0,    0,    0,    0,    0,    0,  -33,  -14,    0,    0,    0,    0,    0,    0,    0,    0,    0,    0,    0,    0,    0,    0,    0,    0,    0,    0,    0,
       0,    0,    0,    0,    0,    0,    0,    0,    0,    0,    0,    0,    0,    0,    0,    0,    0,    0,    0,    0,    0,    0,    0,    0,    0,    0,    0,    0,    0,    0,    0,    0,    0,    0,    0,    0,    0,    0,    0,    0,    0,    0,    0,    0,    0,    0,    0,    0,    0,    0,    0,    0,    0,    0,    0,    0,    0,    0,    0,    0,    0,    0,    0,    0,    0,    0,    0,    0,    0,    0,    0,    0,    0,    0,    0,    0,    0,    0,    0,    0,    0,    0,    0,    0,    0,    0,    0,    0,    0,    0,    0,    0,    0,    0,    0,    0,    0,    0,    0,    0,    0,    0,    0,    0,    0,    0,    0,    0,    0,    0,    0,    0,    0,    0,    0,    0,    0,    0,    0,    0,    0,    0,    0,    0,    0,    0,    0,    0,    0,    0,    0,    0,    0,    0,    0,    0,    0,    0,    0,    0,    0,    0,    0,    0,    1,    0,    0,    0,    0,    0,    0,    0,
       0,    0,    0,    0,    0,    0,    0,    0,    0,    0,    0,    0,    0,    0,    0,  -11,  -14,  -12,    0,    0,  -14,   -9,    0,    0,    0,    0,    0,    0,   -9,    0,    0,    0,  -35,    0,  -17,  -15,  -11,  -24,   -9,    0,    0,    0,    0,    0,    0,    0,    0,    0,    0,    0,   -9,   -9,   -9,    0,    0,    0,    0,    0,    0,    0,    0,    0,    0,    0,    0,    0,    0,    0,    0,    0,    0,    0,    0,    0,    0,    0,    0,    0,    0,   -9,    0,    0,    0,    0,    0,    0,    0,  -35,  -35,  -35,    0,    0,    0,    0,    0,   -9,   -9,  -24,  -12,    0,    0,  -53,    0,    0,    0,    0,    0,    0,    0,    0,    0,    0,    0,    0,    0,    0,    0,    0,    0,    0,    0,    0,    0,    0,    0,    0,    0,    0,    0,    0,    0,  -24,  -23,    0,    0,    0,    0,    0,    0,    0,    0,    0,    0,    0,    0,    0,    0,    0,    0,    0,    0,    0,
       0,    0,    0,    0,    0,    0,    0,    0,    0,    0,    0,    0,    0,    0,    0,    0,    0,    0,    0,    0,    0,    0,    0,    0,    0,    0,    0,    0,    0,    0,    0,    0,  -18,    0,  -24,  -22,    0,    0,    0,    0,    0,    0,    0,    0,    0,    0,    0,    0,    0,    0,    0,    0,    0,    0,    0,    0,    0,    0,    0,    0,    0,    0,    0,    0,    0,    0,    0,    0,    0,    0,    0,    0,    0,    0,    0,    0,    0,    0,    0,    0,    0,    0,    0,    0,    0,    0,    0,  -18,  -18,  -18,    0,    0,    0,    0,    0,    0,    0,    0,    0,    0,    0,  -18,    0,    0,    0,    0,    0,    0,    0,    0,    0,    0,    0,    0,    0,    0,    0,    0,    0,    0,    0,    0,    0,    0,    0,    0,    0,    0,    0,    0,    0,    0,  -17,   -9,    0,    0,    0,    0,    0,   -9,    0,    0,    0,    0,    0,    0,    0,    0,    0,    0,    0,    0,
       0,    0,    0,    0,    0,    0,    0,    0,    0,    0,    0,    0,    0,    0,    0,    0,    0,    0,    0,    0,    0,    0,    0,    0,    0,    0,    0,    0,    0,    0,    0,    0,    0,    0,    0,    0,    0,    0,    0,    0,    0,    0,    0,    0,    0,    0,    0,    0,    0,    0,    0,    0,    0,    0,    0,    0,    0,    0,    0,    0,    0,    0,    0,    0,    0,    0,    0,    0,    0,    0,    0,    0,    0,    0,    0,    0,    7,    0,    0,    0,    0,    0,    0,    7,    7,    0,    0,    0,    0,    0,    0,    0,    0,   11,    7,    0,    0,    0,    0,    0,    0,    0,    0,    0,    0,    0,    0,    0,    0,    0,    0,    0,    0,    0,    0,    0,    0,    0,    0,    0,    0,    0,    0,    0,    0,    0,    0,    0,    0,    0,    0,    0,    0,    0,    0,    0,    0,    0,    0,    0,    0,    0,    0,    0,    0,    0,    0,    0,    0,    0,    0,    0,
       0,    0,    0,    0,    0,    0,    0,    0,    0,    0,    0,    0,    0,    0,    0,    0,    0,    0,    0,    0,    0,    0,    0,    0,    0,    0,    0,    0,   -9,    0,    0,    0,  -24,    0,  -11,    0,  -12,  -12,    0,    0,    0,    0,    0,    0,    0,    0,    0,    0,    0,    0,    0,    0,    0,    0,    0,    0,    0,    0,    0,    0,    0,    0,    0,    0,    0,    0,    0,    0,    0,    0,    0,    0,    0,    0,    0,    0,    0,    0,    0,    0,    0,    0,    0,    0,    0,    0,    0,  -24,  -24,  -24,    0,    0,    0,    0,    0,    0,    0,  -12,    0,    0,    0,  -24,    0,    0,    0,    0,    0,    0,    0,    0,    0,    0,    0,    0,    0,    0,    0,    0,    0,    0,    0,    0,    0,    0,    0,    0,    0,    0,    0,    0,    0,  -12,    0,    0,    0,    0,    0,    0,    0,    0,    0,    0,    0,    0,    0,    0,    0,    0,    0,    0,   -9,    0,
       0,    0,    0,    0,    0,    0,    0,    0,    0,    0,  -27,    0,  -27,    0,    0,    0,    0,    0,    0,    0,    0,    0,    0,    0,    0,    0,    0,    0,  -11,    0,    0,  -11,  -15,    0,  -14,    0,    0,    0,  -11,    0,    0,    0,    0,    0,    0,    0,    0,    0,    0,    0,    0,    0,    0,    0,    0,    0,    0,    0,    0,    0,    0,    0,    0,    0,    0,    0,    0,    0,    0,    0,    0,    0,    0,    0,    0,    0,    0,    0,    0,    0,    0,    0,    0,    0,    0,    0,    0,  -15,  -15,  -15,    0,    0,    0,    0,    0,    0,    0,    0,    0,    0,    0,  -15,    0,    0,    0,    0,    0,    0,    0,    0,    0,    0,    0,    0,    0,    0,    0,    0,    0,    0,    0,    0,    0,    0,    0,    0,    0,    0,    0,    0,    0,    0,  -15,    0,  -33,    0,    0,    0,  -27,    0,    0,    0,    0,    0,    0,    0,    0,    0,    0,    0,    0,    0,
       0,    0,    0,    0,    0,    0,    0,    0,    0,    0,    0,    0,    0,    0,    0,    0,    0,    0,    0,    0,    0,    0,    0,    0,    0,    0,    0,    0,    0,    0,    0,    0,  -15,    0,    0,    0,    0,    0,    0,    0,    0,    0,    0,    0,    0,    0,    0,    0,    0,    0,    0,    0,    0,    0,    0,    0,    0,    0,    0,    0,    0,    0,    0,    0,    0,    0,    0,    0,    0,    0,    0,    0,    0,    0,    0,    0,    9,    0,    0,    0,    0,    0,    0,    9,    9,    0,    0,  -15,  -15,  -15,    0,    0,    0,    0,    9,    0,    0,    0,    0,    0,    0,  -15,    0,    0,    0,    0,    0,    0,    0,    0,    0,    0,    0,    0,    0,    0,    0,    0,    0,    0,    0,    0,    0,    0,    0,    0,    0,    0,    0,    0,    0,    0,  -35,    0,    0,    0,    0,    0,    0,    0,    0,    0,    0,    0,    0,    0,    0,    0,    0,    0,    0,    0,
       0,    0,    0,    0,    0,    0,    0,    0,    0,    0,    0,    0,    0,    0,    0,    0,    0,    0,    0,    0,    0,    0,    0,    0,    0,    0,    0,    0,    0,    0,    0,    0,  -21,    0,    0,    0,    0,    0,    0,    0,    0,    0,    0,    0,    0,    0,    0,    0,    0,    0,    0,    0,    0,    0,    0,    0,    0,    0,    0,    0,    0,    0,    0,    0,    0,    0,    0,    0,    0,    0,    0,    0,    0,    0,    0,    0,    0,    0,    0,    0,    0,    0,    0,    0,    0,    0,    0,  -21,  -21,  -21,    0,    0,    0,    0,    0,    0,    0,    0,    0,    0,    0,  -21,    0,    0,    0,    0,    0,    0,    0,    0,    0,    0,    0,    0,    0,    0,    0,    0,    0,    0,    0,    0,    0,    0,    0,    0,    0,    0,    0,    0,    0,    0,    0,    0,    0,    0,    0,    0,    0,    0,    0,    0,    0,    0,    0,    0,    0,    0,    0,    0,    0,    0,
       0,    0,    0,    0,    0,    0,    0,    0,    0,    0,    0,    0,    0,    0,    0,    0,    0,    0,    0,    0,    0,    0,    0,    0,    0,    0,    0,    0,    0,    0,    0,    0,    0,    0,    0,    0,    0,    0,    0,    0,    0,    0,    0,    0,    0,    0,    0,    0,    0,    0,    0,    0,    0,    0,    0,    0,    0,    0,    0,    0,    0,    0,    0,    0,    0,    0,    0,    0,    0,    0,    0,    0,    0,    0,    0,    0,   26,    0,    0,    0,    0,    0,    0,   27,   26,    0,    0,    0,    0,    0,    0,    0,    0,   20,   26,    0,    0,    0,    0,    0,    0,    0,    0,    0,    0,    0,    0,    0,    0,    0,    0,    0,    0,    0,    0,    0,    0,    0,    0,    0,    0,    0,    0,    0,    0,    0,    0,    0,    0,    0,    0,    0,    0,    0,    0,    0,    0,    0,    0,    0,    0,    0,    0,    0,    0,    0,    0,    0,    0,    0,    0,    0,
       0,    0,    0,    0,    0,    0,    0,    0,    0,    0,    0,    0,    0,    0,    0,   12,    0,    0,    0,    0,   24,    0,    0,    0,    0,    0,    0,    0,    0,   16,    0,    0,   24,    0,   23,    0,    0,    0,   24,    0,    0,    0,    0,   11,   17,   17,    7,    0,   14,    0,    0,    0,    0,    0,    0,    0,    0,    0,    0,    0,    0,    0,    0,    0,    0,    0,    0,    7,    0,    0,    0,    0,    0,   26,   17,   26,   44,    0,    0,    0,    0,    0,   16,   44,   44,   26,    0,   24,   24,   24,    0,   36,   26,   14,   44,    0,    0,    0,    0,    0,    0,   24,    0,    0,   14,    0,   14,    0,    0,    0,    0,    0,    0,    0,    0,    0,    0,    0,    0,    0,    0,    0,    0,    0,    0,    0,    0,    0,    0,    0,    0,    0,    0,    0,    0,    0,    0,    0,    0,    0,    0,    0,    0,    0,    0,    0,    0,    0,    0,    0,    0,    0,
       0,    0,   -2,    0,    0,    0,    0,    0,    0,    0,    0,    0,    0,    0,    0,  -11,    0,    0,    0,    0,    0,    0,    0,    0,    0,    0,    0,    0,    0,    0,    0,    0,  -32,    0,  -14,  -14,    0,  -22,    0,    0,    0,    0,    0,    0,    0,    0,    0,    0,    0,    0,   -4,    0,    0,    0,    0,    0,    0,    0,   -2,    0,    0,    0,    0,    0,    0,    0,    0,    0,    0,    0,    0,    0,    0,    0,    0,    0,    0,    0,    0,   -4,    0,    0,    0,    0,    0,    0,    0,  -32,  -32,  -32,    0,    0,    0,    0,    0,    0,    0,    0,    0,    0,    0,  -32,    0,    0,    0,    0,    0,    0,    0,    0,    0,    0,    0,    0,    0,    0,    0,    0,    0,    0,    0,    0,    0,    0,    0,    0,    0,    0,    0,    0,    0,  -22,  -12,   -6,    0,    0,    0,    0,    0,   -6,    0,    0,    0,    0,    0,    0,    0,    0,    0,    0,    0,    0,
       0,    0,   -4,    0,    0,    0,    0,   -3,    0,    0,    0,    0,    0,    0,    0,   -9,    0,    0,    0,    0,    0,    0,    0,    0,    0,    0,    0,    0,   -9,    0,    0,    0,  -34,    0,  -14,  -13,   -8,  -25,    0,    0,    0,    3,    0,    0,    0,    0,    0,    0,    0,    0,   -5,   -4,   -6,   -4,    0,   -9,    0,    0,   -3,    0,    0,    0,    0,    0,    0,    0,    0,    0,    0,    0,    3,    3,    0,    0,    0,    0,    0,    0,    0,   -5,    3,    0,    0,    0,    0,    0,    0,  -34,  -34,  -34,    0,    0,    0,   12,    0,    0,    0,   -8,    0,    0,    0,  -34,    0,    0,    0,   -3,    0,    0,    0,    0,    0,    0,    0,    0,    0,    0,    0,    0,    0,    0,    0,    0,    0,    0,    0,    0,    0,    0,    0,    0,    0,  -25,  -17,   -6,    0,    0,    0,    0,    0,   -6,    0,    0,    0,    0,    0,    0,    0,    0,    0,    0,    0,    0,
       0,    0,   -2,    0,    0,    0,    0,    0,    0,    0,    0,    0,    0,    0,    0,  -11,    0,    0,    0,    0,    0,    0,    0,    0,    0,    0,    0,    0,    0,    0,    0,    0,  -38,    0,  -14,  -14,    0,  -22,    0,    0,    0,    0,    0,    0,    0,    0,    0,    0,    0,    0,   -4,    0,    0,    0,    0,    0,    0,    0,   -2,    0,    0,    0,    0,    0,    0,    0,    0,    0,    0,    0,    0,    0,    0,    0,    0,    0,    0,    0,    0,   -4,    0,    0,    0,    0,    0,    0,    0,  -38,  -38,  -38,    0,    0,    0,    0,    0,    0,    0,    0,    0,    0,    0,  -38,    0,    0,    0,    0,    0,    0,    0,    0,    0,    0,    0,    0,    0,    0,    0,    0,    0,    0,    0,    0,    0,    0,    0,    0,    0,    0,    0,    0,    0,  -22,  -12,   -6,    0,    0,    0,    0,    0,   -6,    0,    0,    0,    0,    0,    0,    0,    0,    0,    0,    0,    0,
       0,    0,    9,    0,    0,    0,    1,   27,   15,    0,    0,    0,    0,    0,    0,   12,    0,    0,    0,    0,   12,    0,    0,    0,    0,    0,    0,    0,    0,    9,    0,    0,   11,    0,    0,    0,    0,    0,    0,   15,    0,    0,    0,    0,   11,    9,    9,    0,    0,    0,    0,    0,    0,    0,    0,   11,    0,    0,    4,   15,    0,    0,    0,    0,    0,    0,    0,    0,    0,    0,    0,    0,    0,   11,   11,   20,    9,    0,    0,    0,    0,    0,    9,    9,    9,    9,    0,   11,   11,   11,    0,    9,   20,   12,    9,    0,    0,    0,    0,    0,    0,   11,    0,    0,    0,    0,    0,    0,    0,    0,    0,    0,    0,    0,    0,    0,    0,    0,    0,    0,    0,    0,    0,    0,    0,    0,    0,    0,    0,    0,    0,    0,    9,    0,    0,    0,    0,    0,    0,    0,    0,    0,    0,    0,    0,    0,    0,   -9,    0,    0,    0,    0,
       0,    0,    0,    0,    0,    0,    0,    0,    0,    0,    0,    0,    0,    0,    0,    0,    0,    0,    0,    0,    0,    0,    0,    0,    0,    0,    0,    0,    0,    9,    0,    0,    9,    0,    0,    0,    0,    0,    0,    0,    0,    0,    0,    0,    9,   11,    0,    0,    0,    0,    0,    0,    0,    0,    0,    0,    0,    0,    0,    0,    0,    0,    0,    0,    0,    0,    0,    0,    0,    0,    0,    0,    0,    9,    9,   11,   11,    0,    0,    0,    0,    0,   11,   11,   11,   11,    0,    9,    9,    9,    0,    9,    9,   11,   11,    0,    0,    0,    0,    0,    0,    9,    0,    0,    0,    0,    0,    0,    0,    0,    0,    0,    0,    0,    0,    0,    0,    0,    0,    0,    0,    0,    0,    0,    0,    0,    0,    0,    0,    0,    0,    0,    0,    0,    0,    0,    0,    0,    0,    0,    0,    0,    0,    0,    0,    0,    0,    0,    0,    0,    0,    0,
       0,    0,    0,    0,    0,    0,    0,    0,    0,    0,    0,    0,    0,    0,    0,   12,    0,    0,    0,    0,   24,    0,    0,    0,    0,    0,    0,    0,    0,   16,    0,    0,   24,    0,   23,    0,    0,    0,   24,    0,    0,    0,    0,   11,   27,   26,    7,    0,   14,    0,    0,    0,    0,    0,    0,    0,    0,    0,    0,    0,    0,    0,    0,    0,    0,    0,    0,    7,    0,    0,    0,    0,    0,   27,   27,   27,   44,    0,    0,    0,    0,    0,   16,   44,   44,   26,    0,   24,   24,   24,    0,   36,   27,   29,   44,    0,    0,    0,    0,    0,    0,   24,    0,    0,   14,    0,   14,    0,    0,    0,    0,    0,    0,    0,    0,    0,    0,    0,    0,    0,    0,    0,    0,    0,    0,    0,    0,    0,    0,    0,    0,    0,    0,    0,    0,    0,    0,    0,    0,    0,    0,    0,    0,    0,    0,    0,    0,    0,    0,    0,    0,    0,
       0,    0,    0,    0,    0,    0,    0,    0,    0,    0,    0,    0,    0,    0,    0,   12,    0,    0,    0,    0,   24,    0,    0,    0,    0,    0,    0,    0,    0,   16,    0,    0,   24,    0,   23,    0,    0,    0,   24,    0,    0,    0,    0,   11,   27,   27,    7,    0,   14,    0,    0,    0,    0,    0,    0,    0,    0,    0,    0,    0,    0,    0,    0,    0,    0,    0,    0,    7,    0,    0,    0,    0,    0,   27,   27,   27,   44,    0,    0,    0,    0,    0,   16,   44,   44,   27,    0,   24,   24,   24,    0,   36,   27,   14,   44,    0,    0,    0,    0,    0,    0,   24,    0,    0,   14,    0,   14,    0,    0,    0,    0,    0,    0,    0,    0,    0,    0,    0,    0,    0,    0,    0,    0,    0,    0,    0,    0,    0,    0,    0,    0,    0,    0,    0,    0,    0,    0,    0,    0,    0,    0,    0,    0,    0,    0,    0,    0,    0,    0,    0,    0,    0,
       0,    0,    0,    0,    0,    0,    0,    0,    0,    0,    0,    0,    0,    0,    0,   12,    0,    0,    0,    0,   24,    0,    0,    0,    0,    0,    0,    0,    0,   16,    0,    0,   24,    0,   23,    0,    0,    0,   24,    0,    0,    0,    0,   11,   27,   17,    7,    0,   14,    0,    0,    0,    0,    0,    0,    0,    0,    0,    0,    0,    0,    0,    0,    0,    0,    0,    0,    7,    0,    0,    0,    0,    0,   27,   27,   27,   44,    0,    0,    0,    0,    0,   16,   44,   44,   26,    0,   24,   24,   24,    0,   36,   27,   14,   44,    0,    0,    0,    0,    0,    0,   24,    0,    0,   14,    0,   14,    0,    0,    0,    0,    0,    0,    0,    0,    0,    0,    0,    0,    0,    0,    0,    0,    0,    0,    0,    0,    0,    0,    0,    0,    0,    0,    0,    0,    0,    0,    0,    0,    0,    0,    0,    0,    0,    0,    0,    0,    0,    0,    0,    0,    0,
       0,    0,    0,    0,    0,    0,    0,    0,    0,    0,    0,    0,    0,    0,    0,    0,    0,    0,    0,    0,    0,    0,    0,    0,    0,    0,    0,    0,    0,    0,    0,    0,    0,    0,    0,    0,    0,    0,    0,    0,    0,    0,    0,    0,    0,    0,    0,    0,    0,    0,    0,    0,    0,    0,    0,    0,    0,    0,    0,    0,    0,    0,    0,    0,    0,    0,    0,    0,    0,    0,    0,    0,    0,    0,    0,    0,   26,    0,    0,    0,    0,    0,    0,   27,   26,    0,    0,    0,    0,    0,    0,    0,    0,   20,   27,    0,    0,    0,    0,    0,    0,    0,    0,    0,    0,    0,    0,    0,    0,    0,    0,    0,    0,    0,    0,    0,    0,    0,    0,    0,    0,    0,    0,    0,    0,    0,    0,    0,    0,    0,    0,    0,    0,    0,    0,    0,    0,    0,    0,    0,    0,    0,    0,    0,    0,    0,    0,    0,    0,    0,    0,    0,
       0,    0,  -24,    0,    0,    0,    0,    0,  -47,  -34,    0,  -34,    0,    0,    0,  -12,    0,    0,    0,    0,    0,    0,    0,    0,    0,    0,    0,   -8,    0,    0,   -8,    0,  -25,    0,  -19,   -3,    0,  -14,    0,  -47,    0,    0,    0,    0,    0,    0,    0,    0,   -6,    0,  -18,    0,    0,    0,  -33,  -26,  -17,  -34,  -21,  -47,    0,    0,  -23,  -34,    0,    0,    0,    0,    0,   -9,    0,    0,    0,    0,    0,    0,    0,    0,    0,  -18,    0,    0,    0,    0,    0,    0,    0,  -25,  -25,  -25,    0,    0,    0,    0,    0,    0,    0,    0,    0,   -8,    0,  -25,    0,    0,   -6,  -36,   -6,    0,    0,    0,    0,    0,    0,    0,    0,    0,    0,    0,    0,    0,    0,    0,    0,    0,    0,    0,    0,    0,    0,    0,    0,  -23,  -23,  -15,    0,  -12,  -12,   -9,    0,  -33,    0,    0,    0,    0,    0,    0,    0,    0,    0,    0,    0,    0,
       0,    0,    0,    0,    0,    0,    0,    2,    0,    0,    0,    0,    0,    0,    0,    0,    0,    0,    0,    0,    0,    0,    0,    0,    0,    0,    0,    0,    0,    0,    0,    0,    0,    0,    0,    0,    0,    0,    0,    0,    2,    0,    0,    0,    0,    0,    0,    0,    4,    0,    2,    0,    0,    0,    0,    0,    0,    0,    0,    0,    0,    0,    0,    0,    0,    0,    0,    0,    9,    0,    0,    0,    0,    0,    0,    0,   16,    0,    0,    2,    0,    9,    0,   16,   16,    0,    0,    0,    0,    0,    0,    0,    0,   20,   16,    0,    0,    0,    0,    0,    0,    0,    0,    0,    4,    0,    4,    0,    0,    0,    0,    0,    0,    0,    0,    0,    0,    0,    0,    0,    0,    0,    0,    0,    0,    0,    0,    0,    0,    0,    0,    0,    0,    0,    0,    0,    0,    0,    0,    0,    0,    0,    0,    0,    0,    0,    0,    0,    0,    0,    0,    0,
       0,    0,  -24,    0,    0,    0,    0,    0,  -45,  -31,    0,  -31,    0,    0,    0,  -12,    0,    0,    0,    0,    0,    0,    0,    0,    0,    0,    0,   -8,    0,    0,   -8,    0,  -25,    0,  -19,   -3,    0,  -14,    0,  -35,    0,    0,    0,    0,    0,    0,    0,    0,   -6,    0,  -18,    0,    0,    0,  -30,  -26,  -17,  -31,  -21,  -47,    0,    0,  -23,  -31,    0,    0,    0,    0,    0,   -9,    0,    0,    0,    0,    0,    0,    0,    0,    0,  -18,    0,    0,    0,    0,    0,    0,    0,  -25,  -25,  -25,    0,    0,    0,    0,    0,    0,    0,    0,    0,   -8,    0,  -25,    0,    0,   -6,  -36,   -6,    0,    0,    0,    0,    0,    0,    0,    0,    0,    0,    0,    0,    0,    0,    0,    0,    0,    0,    0,    0,    0,    0,    0,    0,  -23,  -23,  -15,    0,  -12,  -12,   -9,    0,  -33,    0,    0,    0,    0,    0,    0,    0,    0,    0,    0,    0,    0,
       0,    0,    0,    0,    0,    0,    0,    0,    0,    0,    0,    0,    0,    0,    0,    0,    0,    0,    0,    0,    0,    0,    0,    0,    0,    0,    0,    0,    0,    0,    0,    0,    0,    0,    0,    0,    0,   -9,    0,    0,    0,    0,    0,    0,    0,    0,    0,    0,    0,    0,    0,    0,    0,    0,    0,    0,    0,    0,    0,    0,    0,    0,    0,    0,    0,    0,    0,    0,    0,    0,    0,    0,    0,    0,    0,    0,    0,    0,    0,    0,    0,    0,    0,    0,    0,    0,    0,    0,    0,    0,    0,    0,    0,    0,    0,    0,    0,    0,    0,    0,    0,    0,    0,    0,    0,    0,    0,    0,    0,    0,    0,    0,    0,    0,    0,    0,    0,    0,    0,    0,    0,    0,    0,    0,    0,    0,    0,    0,    0,    0,    0,   -9,    0,    0,    0,    0,    0,    0,    0,    0,    0,    0,    0,    0,    0,    0,    0,    0,    0,    0,    0,    0,
       0,    0,  -24,    0,    0,    0,    0,    0,  -44,  -21,    0,  -35,    0,    0,    0,  -12,    0,    0,    0,    0,    0,    0,    0,    0,    0,    0,    0,   -8,    0,    0,   -8,    0,  -25,    0,  -19,   -3,    0,  -23,    0,  -44,    0,    0,    0,    0,    0,    0,    0,    0,   -6,    0,  -18,    0,    0,    0,  -32,  -26,  -17,  -56,  -21,  -44,    0,    0,  -23,  -38,    0,    0,    0,    0,    0,   -9,    0,    0,    0,    0,    0,    0,    0,    0,    0,  -18,    0,    0,    0,    0,    0,    0,    0,  -25,  -25,  -25,    0,    0,    0,    0,    0,    0,    0,    0,    0,   -8,    0,  -25,    0,    0,   -6,  -36,   -6,    0,    0,    0,    0,    0,    0,    0,    0,    0,    0,    0,    0,    0,    0,    0,    0,    0,    0,    0,    0,    0,    0,    0,    0,  -23,  -23,  -24,    0,  -12,  -12,   -9,    0,  -24,    0,    0,    0,    0,    0,    0,    0,    0,    0,    0,    0,    0,
       0,    0,    0,    0,   -1,   -9,    0,    0,    0,  -27,   -9,  -27,   -9,  -35,   -9,    0,    0,    0,  -18,    0,  -21,    0,    0,   -9,  -21,   -9,    0,   -8,  -23,    0,   -8,  -24,    0,    0,    0,    0,    0,    4,    0,    0,  -15,  -20,  -21,    0,    0,    0,  -15,  -20,  -27,  -31,  -17,  -17,  -29,  -22,  -27,    0,  -35,  -27,    0,    0,    0,  -31,    0,  -27,    0,  -14,    0,    0,    0,   -9,  -30,  -30,  -34,    0,    0,    0,   24,  -34,  -31,  -26,  -20,    0,    0,   24,   24,    0,  -21,    0,    0,    0,  -31,    0,    0,   35,   24,  -36,  -36,    0,    0,   -8,    0,    0,    0,    0,  -27,  -14,  -27,  -20,    0,    0,    0,    0,    0,    0,    0,    0,    0,    0,    0,    0,    0,    0,    0,    0,    0,    0,    0,    0,    0,    0,    0,    4,    0,    0,  -32,    0,    0,   -9,  -32,    0,    0,    0,    0,    0,    0,    0,    0,  -27,    0,    0,    0,    0,
       0,    0,    0,    0,   -1,   -9,    0,    0,    0,  -27,   -9,  -27,   -9,  -35,   -9,    0,    0,    0,  -18,    0,  -21,    0,    0,   -9,  -21,   -9,    0,   -8,  -23,    0,   -8,  -24,    0,    0,    0,    0,    0,    4,    0,    0,  -15,  -20,  -21,    0,    0,    0,  -15,  -20,  -27,  -20,  -17,  -17,  -14,  -12,  -27,    0,  -35,  -27,    0,    0,    0,  -47,    0,  -27,    0,  -14,    0,    0,    0,   -9,  -30,  -30,  -34,    0,    0,    0,   24,  -34,  -33,  -26,  -20,    0,    0,   24,   24,    0,  -21,    0,    0,    0,  -30,    0,    0,   35,   24,  -36,  -36,    0,    0,   -8,    0,    0,    0,    0,  -27,  -14,  -27,  -20,    0,    0,    0,    0,    0,    0,    0,    0,    0,    0,    0,    0,    0,    0,    0,    0,    0,    0,    0,    0,    0,    0,    0,    4,    0,    0,  -32,    0,    0,   -9,  -32,    0,    0,    0,    0,    0,    0,    0,    0,  -27,    0,    0,    0,    0,
       0,    0,    0,    0,   -1,   -9,    0,    0,    0,  -18,   -9,  -18,   -9,  -35,   -9,    0,    0,    0,  -18,    0,  -21,    0,    0,   -9,  -21,   -9,    0,   -8,  -38,    0,   -8,  -56,    0,    0,    0,    0,    0,    4,    0,    0,  -15,  -20,  -21,    0,    0,    0,  -15,  -20,  -27,  -20,  -17,  -17,  -14,  -12,  -18,    0,  -35,  -18,    0,    0,    0,  -47,    0,  -39,    0,  -14,    0,    0,    0,   -9,  -30,  -30,  -34,    0,    0,    0,   24,  -34,  -33,  -26,  -20,    0,    0,   24,   24,    0,  -21,    0,    0,    0,  -30,    0,    0,   35,   24,  -36,  -36,    0,    0,   -8,    0,    0,    0,    0,  -27,  -14,  -27,  -20,    0,    0,    0,    0,    0,    0,    0,    0,    0,    0,    0,    0,    0,    0,    0,    0,    0,    0,    0,    0,    0,    0,    0,    4,    0,    0,  -32,    0,    0,   -9,  -32,    0,    0,    0,    0,    0,    0,    0,    0,  -43,    0,    0,    0,    0,
       0,    0,    0,    0,    0,    0,    0,    0,    0,    0,    0,    0,    0,    0,    0,    0,    0,    0,    0,    0,    0,    0,    0,    0,    0,    0,    0,    0,    0,    0,    0,    0,    0,    0,    0,    0,    0,    0,    0,    0,    0,  -16,  -18,   -9,    0,    0,  -16,  -16,   -9,  -16,  -16,  -16,  -16,  -16,    0,    0,    0,    0,    0,    0,    0,  -16,    0,    0,    0,    0,    0,    0,    0,    0,  -16,  -16,  -18,    0,    0,    0,    0,  -18,  -16,  -16,  -16,    0,    0,    0,    0,    0,  -18,    0,    0,    0,  -16,    0,    0,    0,    0,    0,    0,    0,    0,    0,    0,    0,    0,    0,   -9,    0,   -9,  -16,    0,    0,    0,    0,    0,    0,    0,    0,    0,    0,    0,    0,    0,    0,    0,    0,    0,    0,    0,    0,    0,    0,    0,    0,    0,    0,    0,    0,    0,    0,    0,    0,    0,    0,    0,    0,    0,    0,    0,    0,    0,    0,    0,    0,
       0,    0,    0,    0,    0,    0,    0,    0,    0,    0,  -12,    0,  -12,    0,    0,    0,    0,    0,    0,    0,    0,    0,    0,    0,    0,    0,    0,    0,   -9,    0,    0,    0,    0,    0,    0,    0,    0,    0,    0,    0,    0,    0,    0,    0,    0,    0,    0,    0,    0,    0,    0,    0,    0,    0,    0,    0,    0,    0,    0,    0,    0,    0,    0,    0,    0,    0,    0,    0,    0,    0,    0,    0,    0,    0,    0,    0,    0,    0,    0,    0,    0,    0,    0,    0,    0,    0,    0,    0,    0,    0,    0,    0,    0,    0,    0,    0,    0,    0,    0,    0,    0,    0,    0,    0,    0,    0,    0,    0,    0,    0,    0,    0,    0,    0,    0,    0,    0,    0,    0,    0,    0,    0,    0,    0,    0,    0,    0,    0,    0,    0,    0,    0,    0,    0,    0,    0,    0,    0,  -12,    0,    0,    0,    0,    0,    0,    0,    0,    0,    0,    0,    0,    0,
       0,    0,    0,    0,    0,    0,    1,    2,    0,    0,  -12,    0,  -12,    0,    0,    0,    0,    0,    0,    0,    0,    0,    0,    0,    0,    0,    0,    0,    0,    0,    0,    0,    0,    0,    0,    0,    0,    0,    0,    0,    0,    0,    0,    0,    0,    0,    0,    0,    0,    0,    0,    0,    0,    0,    0,    0,    0,    0,    0,    0,    0,    0,    0,    0,    0,    0,    0,    0,    0,    0,    0,    0,    0,    0,    0,    0,    0,    0,    0,    0,    0,    0,    0,    0,    0,    0,    0,    0,    0,    0,    0,    0,    0,    0,    0,    0,    0,    0,    0,    0,    0,    0,    0,    0,    0,    0,    0,    0,    0,    0,    0,    0,    0,    0,    0,    0,    0,    0,    0,    0,    0,    0,    0,    0,    0,    0,    0,    0,    0,    0,    0,    0,    0,    0,    0,    0,    0,    0,  -12,    0,    0,    0,    0,    0,    0,    0,    0,    0,    0,    0,    0,    0,
       0,    0,    0,    0,    0,    0,    0,    0,    0,    0,    0,    0,    0,    0,    0,    0,    0,    0,    0,    0,    0,    0,    0,    0,    0,    0,    0,    0,    0,    0,    0,    0,   11,    0,    0,    0,    0,    0,    0,    0,    0,    0,    0,    0,    0,    0,    0,    0,    0,    0,    0,    0,    0,    0,    0,    0,    0,    0,    0,    0,    0,    0,    0,    0,    0,    0,    0,    0,    0,    0,    0,    0,    0,    0,    0,    0,    0,    0,    0,    0,    0,    0,    0,    0,    0,    0,    0,   11,   11,   11,    0,    0,    0,    0,    0,    0,    0,    0,    0,    0,    0,   11,    0,    0,    0,    0,    0,    0,    0,    0,    0,    0,    0,    0,    0,    0,    0,    0,    0,    0,    0,    0,    0,    0,    0,    0,    0,    0,    0,    0,    0,    0,    0,    0,    0,    0,    0,    0,    0,    0,    0,    0,    0,    0,    0,    0,    0,    0,    0,    0,    0,    0,
       0,    0,    0,    0,    0,    0,    0,    0,    0,    0,    0,    0,    0,    0,    0,    0,    0,    0,    0,    0,    0,    0,    0,    0,    0,    0,    0,    0,    0,    0,    0,    0,    0,    0,    0,    0,    0,    0,    0,    0,    0,    0,  -11,    0,    0,    0,    0,    0,    8,    0,    4,    0,    0,    0,    0,    0,    0,    0,    0,    0,    0,    0,    0,    0,    0,    0,    0,    0,    0,    0,    0,    0,  -11,    0,    0,    0,    0,  -11,    0,    4,    0,    0,    0,    0,    0,    0,  -11,    0,    0,    0,    0,    0,    0,    0,    0,    0,    0,    0,    0,    0,    0,    0,    0,    0,    8,    0,    8,    0,    0,    0,    0,    0,    0,    0,    0,    0,    0,    0,    0,    0,    0,    0,    0,    0,    0,    0,    0,    0,    0,    0,    0,    0,    0,    0,    0,    0,    0,    0,    0,    0,    0,    0,    0,    0,    0,    0,    0,    0,    0,    0,    0,    0,
       0,    0,    0,    0,    0,    0,    0,    0,    0,    0,    0,    0,    0,    0,    0,    0,    0,    0,    0,    0,    0,    0,    0,    0,    0,    0,    0,    0,    0,    0,    0,    0,  -20,    0,    0,    0,    0,    0,    0,    0,    0,    0,   -4,    0,    0,    0,    0,    0,    0,    0,    0,    0,    0,    0,    0,    0,    0,    0,    0,    0,    0,    0,    0,    0,    0,    0,    0,    0,    0,    0,    0,    0,   -4,    0,    0,    0,    0,   -4,    0,    0,    0,    0,    0,    0,    0,    0,   -4,  -20,  -20,  -20,    0,    0,    0,    0,    0,    0,    0,    0,    0,    0,    0,  -20,    0,    0,    0,    0,    0,    0,    0,    0,    0,    0,    0,    0,    0,    0,    0,    0,    0,    0,    0,    0,    0,    0,    0,    0,    0,    0,    0,    0,    0,    0,    0,    0,    0,    0,    0,    0,    0,    0,    0,    0,    0,    0,    0,    0,    0,    0,    0,    0,    0,    0,
       0,    0,    0,    0,    0,    0,    0,    0,    0,    0,    0,    0,    0,    0,    0,    0,    0,    0,    0,    0,    0,    0,    0,    0,    0,    0,    0,    0,    0,    0,    0,    0,    0,    0,    0,    0,    0,    0,    0,    0,    0,    0,    0,    0,    0,    0,    0,    0,    0,    0,    0,    0,    0,    0,    0,    0,    0,    0,    0,    0,    0,    0,    0,    0,    0,    0,    0,    0,    0,    0,    0,    0,    0,    0,    0,    0,   26,    0,    0,    0,    0,    0,    0,   26,   26,    0,    0,    0,    0,    0,    0,    0,    0,   24,   26,    0,    0,    0,    0,    0,    0,    0,    0,    0,    0,    0,    0,    0,    0,    0,    0,    0,    0,    0,    0,    0,    0,    0,    0,    0,    0,    0,    0,    0,    0,    0,    0,    0,    0,    0,    0,    0,    0,    0,    0,    0,    0,    0,    0,    0,    0,    0,    0,    0,    0,    0,    0,    0,    0,    0,    0,    0,
       0,    0,    0,    0,    0,    0,    0,    0,    0,    0,    0,    0,    0,    0,    0,    0,    0,    0,    0,    0,    0,    0,    0,    0,    0,    0,    0,    0,    0,    0,    0,    0,    0,    0,    0,    0,    0,    0,    0,    0,    0,    0,    0,    0,    0,    0,    0,    0,    0,    0,    0,    0,    0,    0,    0,    0,    0,    0,    0,    0,    0,    0,    0,    0,    0,    0,    0,    0,    0,    0,    0,    0,    0,    0,    0,    0,    0,    0,    0,    0,    0,    0,    0,    0,    0,    0,    0,    0,    0,    0,    0,    0,    0,    9,    0,    0,    0,    0,    0,    0,    0,    0,    0,    0,    0,    0,    0,    0,    0,    0,    0,    0,    0,    0,    0,    0,    0,    0,    0,    0,    0,    0,    0,    0,    0,    0,    0,    0,    0,    0,    0,    0,    0,    0,    0,    0,    0,    0,    0,    0,    0,    0,    0,    0,    0,    0,    0,    0,    0,    0,    0,    0,
       0,    0,    0,    0,    0,    0,    0,    0,    0,  -10,    0,  -10,    0,   -9,    0,    0,    0,    0,    0,    0,    0,    0,    0,    0,  -11,    0,    0,    0,    0,    0,    0,    0,  -26,    0,    0,    0,    0,  -15,    0,    0,   -9,    0,    0,    0,    0,    0,    0,    0,    0,    0,    0,    0,    0,    0,  -10,    0,    0,  -19,    0,    0,    0,    0,    0,  -10,    0,    0,    0,    0,    0,    0,    0,    0,    0,    0,    0,    0,    0,    0,    0,    0,    0,    2,    0,    0,    0,    0,    0,  -26,  -26,  -26,    0,    0,    0,    0,    0,    0,    0,    0,    0,    0,    0,  -26,    0,    0,    0,    0,    0,    0,    0,    0,    0,    0,    0,    0,    0,    0,    0,    0,    0,    0,    0,    0,    0,    0,    0,    0,    0,    0,    0,    0,    0,  -15,  -11,    4,    0,    0,    0,    0,    0,    4,    0,    0,    0,    0,    0,    0,    0,  -14,    0,    0,    0,    0,
       0,    0,    0,    0,    0,    0,    0,    0,    0,    0,    0,    0,    0,    0,    0,    0,    0,    0,    0,    0,    0,    0,    0,    0,    0,    0,    0,    0,    0,    0,    0,    0,    0,    0,    0,    0,    0,    0,    0,    0,    0,    0,    0,    0,    0,    0,    0,    0,    0,    0,    0,    0,    0,    0,    0,    0,    0,    0,    0,    0,    0,    0,    0,    0,    0,    0,    0,    0,    0,    0,    0,    0,    0,    0,    0,    0,    7,    0,    0,    0,    0,    0,    0,    7,    7,    0,    0,    0,    0,    0,    0,    0,    0,   20,    7,    0,    0,    0,    0,    0,    0,    0,    0,    0,    0,    0,    0,    0,    0,    0,    0,    0,    0,    0,    0,    0,    0,    0,    0,    0,    0,    0,    0,    0,    0,    0,    0,    0,    0,    0,    0,    0,    0,    0,    0,    0,    0,    0,    0,    0,    0,    0,    0,    0,    0,    0,    0,    0,    0,    0,    0,    0,
       0,    0,    0,    0,    0,    0,    0,    0,    0,    0,    0,    0,    0,    0,    0,    0,    0,    0,    0,    0,    0,    0,    0,    0,    0,    0,    0,    0,    0,    0,    0,    0,    0,    0,    0,    0,    0,    0,    0,    0,    0,    0,    0,    0,    0,    0,    0,    0,    0,    0,    0,    0,    0,    0,    0,    0,    0,    0,    0,    0,    0,    0,    0,    0,    0,    0,    0,    0,    0,    0,    0,    0,    0,    0,    0,    0,   26,    0,    0,    0,    0,    0,    0,   26,   26,    0,    0,    0,    0,    0,    0,    0,    0,   23,   26,    0,    0,    0,    0,    0,    0,    0,    0,    0,    0,    0,    0,    0,    0,    0,    0,    0,    0,    0,    0,    0,    0,    0,    0,    0,    0,    0,    0,    0,    0,    0,    0,    0,    0,    0,    0,    0,    0,    0,    0,    0,    0,    0,    0,    0,    0,    0,    0,    0,    0,    0,    0,    0,    0,    0,    0,    0,
       0,    0,    0,    0,    0,    0,    0,    0,    0,    0,    0,    0,    0,    0,    0,   12,    0,    0,    0,    0,   24,    0,    0,    0,    0,    0,    0,    0,    0,   16,    0,    0,   24,    0,   23,    0,    0,    0,   24,    0,    0,    0,    0,   11,   26,   27,    7,    0,   14,    0,    0,    0,    0,    0,    0,    0,    0,    0,    0,    0,    0,    0,    0,    0,    0,    0,    0,    7,    0,    0,    0,    0,    0,   26,   26,   26,   44,    0,    0,    0,    0,    0,   16,   44,   44,   27,    0,   24,   24,   24,    0,   36,   26,   26,   54,    0,    0,    0,    0,    0,    0,   24,    0,    0,   14,    0,   14,    0,    0,    0,    0,    0,    0,    0,    0,    0,    0,    0,    0,    0,    0,    0,    0,    0,    0,    0,    0,    0,    0,    0,    0,    0,    0,    0,    0,    0,    0,    0,    0,    0,    0,    0,    0,    0,    0,    0,    0,    0,    0,    0,    0,    0,
       0,    0,    0,    0,    0,    0,    0,    0,    0,    0,  -12,    0,  -12,    0,    0,    0,    0,    0,    0,    0,    0,    0,    0,    0,    0,    0,    0,    0,    0,    0,    0,    0,    0,    0,    0,    0,    0,    0,    0,    0,    0,    0,    0,    0,    0,    0,    0,    0,    0,    0,    0,    0,    0,    0,    0,    0,    0,    0,    0,    0,    0,    0,    0,    0,    0,    0,    0,    0,    0,    0,    0,    0,    0,    0,    0,    0,    0,    0,    0,    0,    0,    0,    0,    0,    0,    0,    0,    0,    0,    0,    0,    0,    0,    0,    0,    0,    0,    0,    0,    0,    0,    0,    0,    0,    0,    0,    0,    0,    0,    0,    0,    0,    0,    0,    0,    0,    0,    0,    0,    0,    0,    0,    0,    0,    0,    0,    0,    0,    0,    0,    0,    0,    0,    0,    0,    0,    0,    0,  -12,    0,    0,    0,    0,    0,    0,    0,    0,    0,    0,    0,    0,    0,
       0,    0,    0,    0,    0,    0,    0,    0,    0,    0,    0,    0,    0,    0,    0,    0,    0,    0,    0,    0,    0,    0,    0,    0,    0,    0,    0,    0,    0,    0,    0,    0,  -11,    0,    0,    0,    0,    0,    0,    0,   17,    0,    0,    0,    0,    0,    0,    0,    0,    0,    0,    0,    0,    0,    0,    0,    0,    0,    0,    0,    0,    0,    0,    0,    0,    0,    0,    0,    0,    0,    0,    0,    0,    0,    0,    0,    0,    0,    0,    0,    0,    0,    0,    0,    0,    0,    0,  -11,  -11,  -11,    0,    0,    0,    0,    0,    6,    6,    0,    0,    0,    0,  -11,    0,    0,    0,    0,    0,    0,    0,    0,    0,    0,    0,    0,    0,    0,    0,    0,    0,    0,    0,    0,    0,    0,    0,    0,    0,    0,    0,    0,    0,    0,    0,    0,    0,    0,    0,    0,    0,    0,    0,    0,    0,    0,    0,    0,    0,    0,    0,    0,    0,    0,
       0,    0,    0,    0,   -3,    0,    0,    0,    0,  -35,    0,  -35,    0,    0,   -9,    0,    0,   -5,  -11,    0,    0,   -5,    0,    0,  -14,  -14,    0,  -11,    0,    0,  -11,    0,  -11,    0,    0,    0,    0,    0,    0,    0,    0,  -15,   -8,    0,    0,    0,    0,    0,    0,    0,    0,    0,    0,    0,  -35,    0,  -24,  -35,   -2,    0,    0,    0,    0,  -35,    0,    0,    0,    0,    0,  -12,  -15,  -15,   -8,    0,    0,    0,    0,   -8,    0,    0,  -15,    0,    0,    0,    0,    0,   -8,  -11,  -11,  -11,    0,    0,    0,   23,    0,    0,    0,    0,   -5,  -24,   -9,  -11,    0,    0,  -17,  -21,    0,    0,    0,    0,    0,    0,    0,    0,    0,    0,    0,    0,    0,    0,    0,    0,    0,    0,    0,    0,    0,    0,    0,    0,    0,    0,    0,    0,    0,    0,    0,  -12,    0,    0,    0,    0,    0,    0,    0,    0,    0,    0,    0,   -9,    0,    0,
       0,    0,    0,    0,    0,    0,    0,    0,    0,    0,  -12,    0,  -12,  -11,    0,    0,    0,    0,    0,    0,    0,    0,    0,    0,    0,    0,    0,    0,  -10,    0,    0,    0,   -8,    0,  -10,   -2,  -11,  -10,    0,    0,  -11,    0,    0,    0,    0,    0,    0,    0,    0,    0,    0,    0,    0,    0,    0,    0,    0,    0,   -1,    0,    0,    0,    0,    0,    0,    0,    0,    0,    0,    0,    0,    0,    0,    0,    0,    0,    0,    0,    0,    0,    0,    0,    0,    0,    0,    0,    0,   -8,   -8,   -8,    0,    0,    0,    2,    0,    0,    0,  -24,    0,    0,    0,  -17,    0,    0,    0,    0,    0,    0,    0,    0,    0,    0,    0,    0,    0,    0,    0,    0,    0,    0,    0,    0,    0,    0,    0,    0,    0,    0,    0,    0,    0,  -10,   -9,    0,  -24,    0,    0,    0,  -12,    0,    0,    0,    0,    0,    0,    0,  -10,  -26,    0,    0,    0,    0,
       0,    0,    0,    0,    0,    0,    0,    0,    0,    0,  -12,    0,  -12,    0,    0,    0,    0,    0,    0,    0,    0,    0,    0,    0,    0,    0,    0,    0,    0,    0,    0,    0,    0,    0,    0,    0,    0,    0,    0,    0,  -11,    0,    0,    0,    0,    0,    0,    0,    0,    0,    0,    0,    0,    0,    0,    0,    0,    0,    0,    0,    0,    0,    0,    0,    0,    0,    0,    0,    0,    0,    0,    0,    0,    0,    0,    0,    0,    0,    0,    0,    0,    0,    0,    0,    0,    0,    0,    0,    0,    0,    0,    0,    0,    0,    0,    0,    0,    0,    0,    0,    0,    0,    0,    0,    0,    0,    0,    0,    0,    0,    0,    0,    0,    0,    0,    0,    0,    0,    0,    0,    0,    0,    0,    0,    0,    0,    0,    0,    0,    0,    0,    0,    0,    0,   -9,    0,    0,    0,  -12,    0,    0,    0,    0,    0,    0,    0,    0,    0,    0,    0,    0,    0,
       0,    0,   -8,    0,    0,    0,    0,    0,   -8,   -8,    4,   -8,    4,    0,   -3,    0,    0,    0,   -5,    0,    0,   -3,    0,    0,    0,    0,    0,    0,    0,    0,    0,    0,    0,    0,    0,    0,    0,    0,    0,   -8,    0,    0,   -4,   -7,    0,    0,    0,    0,   -7,    0,   -6,   -7,    0,    0,   -8,    0,    0,   -8,    0,   -8,    0,    0,   -7,   -8,    0,    0,    0,    0,    0,    0,    0,    0,   -4,    0,    0,    0,    0,   -4,    0,   -6,    0,    0,    0,    0,    0,    0,   -4,    0,    0,    0,    0,    0,    0,    0,    0,    0,    0,    0,    0,    0,    0,    0,    0,    0,   -7,   -6,   -7,    0,    0,    0,    0,    0,    0,    0,    0,    0,    0,    0,    0,    0,    0,    0,    0,    0,    0,    0,    0,    0,    0,    0,    0,    0,    0,   -8,    0,    0,    0,    0,    4,   -8,    0,    0,    0,    0,    0,    0,    0,    0,    0,    0,    0,    0,
       0,    0,    0,    0,    0,    0,    0,    0,    0,  -10,  -33,  -10,  -33,   -9,    0,    0,    0,    0,    0,    0,    0,    0,    0,    0,  -11,    0,    0,    0,  -11,    4,    0,  -15,  -15,    0,    0,    0,    0,    0,   -9,    0,    0,   -1,   -5,    5,    2,    4,    3,    0,    5,    0,    4,    2,    4,    0,  -10,    0,    0,  -19,    0,    0,    0,    0,    0,  -10,    0,    0,    0,    0,    0,    0,   -1,   -1,   -5,    2,    2,    2,    7,   -5,    0,    4,   -1,    0,    4,    7,    7,    4,   -5,  -15,  -15,  -15,    0,    4,    2,    4,    7,    0,    0,    0,    0,    0,    0,  -15,   -4,   -4,    5,    0,    5,    0,    0,    0,    0,    0,    0,    0,    0,    0,    0,    0,    0,    0,    0,    0,    0,    0,    0,    0,    0,    0,    0,    0,    0,    0,  -11,    4,  -41,    0,    0,    0,  -33,    4,    0,    0,    0,    0,    0,    0,    0,  -11,    0,    0,    0,    0,
       0,    0,    0,    0,    0,    0,    0,   -8,    0,    0,    0,    0,    0,    0,    0,    0,    0,    0,    0,    0,    0,    0,    0,    0,    0,    0,    0,    0,    0,    0,    0,    0,  -27,    0,  -27,    0,   -8,  -45,    0,    0,    0,    0,    0,    0,    0,    0,    0,    0,   -6,    0,   -8,   -8,   -6,    0,    0,  -14,    0,    0,    0,    0,    0,    0,    0,    0,    0,    0,    0,    0,    0,    0,    0,    0,    0,    0,    0,    0,    0,    0,    0,   -8,    0,    0,    0,    0,    0,    0,    0,  -27,  -27,  -27,    0,    0,    0,    0,    0,    0,    0,   -8,    0,    0,    0,  -27,    0,    0,   -6,    0,  -29,    0,    0,    0,    0,    0,    0,    0,    0,    0,    0,    0,    0,    0,    0,    0,    0,    0,    0,    0,    0,    0,    0,    0,    0,  -45,  -19,    0,    0,    0,    0,    0,    0,    0,    0,    0,    0,    0,    0,    0,    0,    0,    0,    0,    0,    0,
       0,    0,    0,    0,    0,    0,    0,    0,    0,    0,    0,    0,    0,    0,    0,    0,    0,    0,    0,    0,    0,    0,    0,    0,    0,    0,    0,    0,    0,    0,    0,    0,    0,    0,    0,    0,    0,    0,    0,    0,    0,    0,    0,    0,    0,    0,    0,    0,    0,    0,    0,    0,    0,    0,    0,    0,    0,    0,    0,    0,    0,    0,    0,    0,    0,    0,    0,    0,    0,    0,    0,    0,    0,    0,    0,    0,    0,    0,    0,    0,    0,    0,    0,    0,    0,    0,    0,    0,    0,    0,    0,    0,    0,    0,    0,    0,    0,    0,    0,    0,    0,    0,    0,    0,    0,    0,    0,    0,    0,    0,    0,    0,    0,    0,    0,    0,   -5,    0,   -2,   -2,    0,    0,    0,    0,    0,   -5,    0,   -3,    0,   -5,    0,    0,    0,    0,    0,    0,    0,    0,    0,    0,    0,    0,    0,    0,    0,    0,    0,    0,    0,    0,    0,    0,
       0,    0,    0,    0,    0,    0,    0,    0,    0,    0,    0,    0,    0,    0,    0,    0,    0,    0,    0,    0,    0,    0,    0,    0,    0,    0,    0,    0,    0,    0,    0,    0,    0,    0,    0,    0,    0,    0,    0,    0,    0,    0,    0,    0,    0,    0,    0,    0,    0,    0,    0,    0,    0,    0,    0,    0,    0,    0,    0,    0,    0,    0,    0,    0,    0,    0,    0,    0,    0,    0,    0,    0,    0,    0,    0,    0,    0,    0,    0,    0,    0,    0,    0,    0,    0,    0,    0,    0,    0,    0,    0,    0,    0,    0,    0,    0,    0,    0,    0,    0,    0,    0,    0,    0,    0,    0,    0,    0,    0,    0,    0,   -3,    0,    0,    0,    0,    0,   -5,    0,    0,    0,    0,   -9,    0,    0,   -9,    0,    0,   -7,    0,    0,    0,    0,    0,    0,    0,    0,    0,    0,    0,    0,    0,    0,    0,    0,    0,    0,    0,    0,    0,    0,    0,
       0,    0,    0,    0,    0,    0,    0,    0,    0,    0,    0,    0,    0,    0,    0,    0,    0,    0,    0,    0,    0,    0,    0,    0,    0,    0,    0,    0,    0,    0,    0,    0,    0,    0,    0,    0,    0,    0,    0,    0,    0,    0,    0,    0,    0,    0,    0,    0,    0,    0,    0,    0,    0,    0,    0,    0,    0,    0,    0,    0,    0,    0,    0,    0,    0,    0,    0,    0,    0,    0,    0,    0,    0,    0,    0,    0,    0,    0,    0,    0,    0,    0,    0,    0,    0,    0,    0,    0,    0,    0,    0,    0,    0,    0,    0,    0,    0,    0,    0,    0,    0,    0,    0,    0,    0,    0,    0,    0,    0,    1,    0,    0,    0,    0,    0,   -5,   -9,    0,   -3,   -4,    0,   -6,    0,    0,    0,   -7,    0,    0,    0,    0,    0,    0,    0,    0,    0,    0,    0,    0,    0,    0,    0,    0,    0,    0,    0,    0,    0,    0,    0,    0,    0,    0,
       0,    0,    0,    0,    0,    0,    0,    0,    0,    0,    0,    0,    0,    0,    0,    0,    0,    0,    0,    0,    0,    0,    0,    0,    0,    0,    0,    0,    0,    0,    0,    0,    0,    0,    0,    0,    0,    0,    0,    0,    0,    0,    0,    0,    0,    0,    0,    0,    0,    0,    0,    0,    0,    0,    0,    0,    0,    0,    0,    0,    0,    0,    0,    0,    0,    0,    0,    0,    0,    0,    0,    0,    0,    0,    0,    0,    0,    0,    0,    0,    0,    0,    0,    0,    0,    0,    0,    0,    0,    0,    0,    0,    0,    0,    0,    0,    0,    0,    0,    0,    0,    0,    0,    0,    0,    0,    0,    0,    0,  -11,    0,    0,   -5,    0,    0,   -5,    0,  -13,  -10,    0,   -7,   -3,   -9,    0,  -13,  -10,    0,    0,  -10,    0,    0,    0,    0,    0,    0,    0,    0,    0,    0,    0,    0,    0,    0,    0,    0,    0,    0,    0,    0,    0,    0,    0,
       0,    0,    0,    0,    0,    0,    0,    0,    0,    0,    0,    0,    0,    0,    0,    0,    0,    0,    0,    0,    0,    0,    0,    0,    0,    0,    0,    0,    0,    0,    0,    0,    0,    0,    0,    0,    0,    0,    0,    0,    0,    0,    0,    0,    0,    0,    0,    0,    0,    0,    0,    0,    0,    0,    0,    0,    0,    0,    0,    0,    0,    0,    0,    0,    0,    0,    0,    0,    0,    0,    0,    0,    0,    0,    0,    0,    0,    0,    0,    0,    0,    0,    0,    0,    0,    0,    0,    0,    0,    0,    0,    0,    0,    0,    0,    0,    0,    0,    0,    0,    0,    0,    0,    0,    0,    0,    0,    0,    0,   -2,    0,    0,    0,    0,    0,   -4,    0,    0,    0,    0,   -3,    0,   -2,    0,    0,   -5,    0,    0,   -3,    0,    0,    0,    0,    0,    0,    0,    0,    0,    0,    0,    0,    0,    0,    0,    0,    0,    0,    0,    0,    0,    0,    0,
       0,    0,    0,    0,    0,    0,    0,    0,    0,    0,    0,    0,    0,    0,    0,    0,    0,    0,    0,    0,    0,    0,    0,    0,    0,    0,    0,    0,    0,    0,    0,    0,    0,    0,    0,    0,    0,    0,    0,    0,    0,    0,    0,    0,    0,    0,    0,    0,    0,    0,    0,    0,    0,    0,    0,    0,    0,    0,    0,    0,    0,    0,    0,    0,    0,    0,    0,    0,    0,    0,    0,    0,    0,    0,    0,    0,    0,    0,    0,    0,    0,    0,    0,    0,    0,    0,    0,    0,    0,    0,    0,    0,    0,    0,    0,    0,    0,    0,    0,    0,    0,    0,    0,    0,    0,    0,    0,    0,    0,   -5,    0,    0,    0,    0,    0,    0,    0,    0,    0,    0,    0,    0,    0,    0,    0,    0,    0,    0,    0,    0,    0,    0,    0,    0,    0,    0,    0,    0,    0,    0,    0,    0,    0,    0,    0,    0,    0,    0,    0,    0,    0,    0,
       0,    0,    0,    0,    0,    0,    0,    0,    0,    0,    0,    0,    0,    0,    0,    0,    0,    0,    0,    0,    0,    0,    0,    0,    0,    0,    0,    0,    0,    0,    0,    0,    0,    0,    0,    0,    0,    0,    0,    0,    0,    0,    0,    0,    0,    0,    0,    0,    0,    0,    0,    0,    0,    0,    0,    0,    0,    0,    0,    0,    0,    0,    0,    0,    0,    0,    0,    0,    0,    0,    0,    0,    0,    0,    0,    0,    0,    0,    0,    0,    0,    0,    0,    0,    0,    0,    0,    0,    0,    0,    0,    0,    0,    0,    0,    0,    0,    0,    0,    0,    0,    0,    0,    0,    0,    0,    0,    0,    0,    0,    0,   -3,    0,    0,    0,   -5,    0,   -5,   -2,    0,    0,    0,    0,    0,   -3,   -6,   -5,   -5,   -3,    0,    0,    0,    0,    0,    0,    0,    0,    0,    0,    0,    0,    0,    0,    0,    0,    0,    0,    0,    0,    0,    0,    0,
       0,    0,    0,    0,    0,    0,    0,    0,    0,    0,    0,    0,    0,    0,    0,    0,    0,    0,    0,    0,    0,    0,    0,    0,    0,    0,    0,    0,    0,    0,    0,    0,    0,    0,    0,    0,    0,    0,    0,    0,    0,    0,    0,    0,    0,    0,    0,    0,    0,    0,    0,    0,    0,    0,    0,    0,    0,    0,    0,    0,    0,    0,    0,    0,    0,    0,    0,    0,    0,    0,    0,    0,    0,    0,    0,    0,    0,    0,    0,    0,    0,    0,    0,    0,    0,    0,    0,    0,    0,    0,    0,    0,    0,    0,    0,    0,    0,    0,    0,    0,    0,    0,    0,    0,    0,    0,    0,    0,    0,  -17,    0,    0,   -5,    0,   -2,   -2,    0,    0,   -2,    0,   -8,   -2,   -2,    0,    0,   -6,    0,    0,   -5,    0,   -5,    0,    0,    0,    0,    0,    0,    0,    0,    0,    0,    0,    0,    0,    0,    0,    0,    0,    0,    0,    0,    0,
       0,    0,    0,    0,    0,    0,    0,    0,    0,    0,    0,    0,    0,    0,    0,    0,    0,    0,    0,    0,    0,    0,    0,    0,    0,    0,    0,    0,    0,    0,    0,    0,    0,    0,    0,    0,    0,    0,    0,    0,    0,    0,    0,    0,    0,    0,    0,    0,    0,    0,    0,    0,    0,    0,    0,    0,    0,    0,    0,    0,    0,    0,    0,    0,    0,    0,    0,    0,    0,    0,    0,    0,    0,    0,    0,    0,    0,    0,    0,    0,    0,    0,    0,    0,    0,    0,    0,    0,    0,    0,    0,    0,    0,    0,    0,    0,    0,    0,    0,    0,    0,    0,    0,    0,    0,    0,    0,    0,    0,    0,    0,    0,    0,    0,    0,   -5,    0,    0,   -3,    0,    0,   -4,   -4,    0,   -7,   -7,    0,    0,    0,    0,    0,    0,    0,    0,    0,    0,    0,    0,    0,    0,    0,    0,    0,    0,    0,    0,    0,    0,    0,    0,    0,    0,
       0,    0,    0,    0,    0,    0,    0,    0,    0,    0,    0,    0,    0,    0,    0,    0,    0,    0,    0,    0,    0,    0,    0,    0,    0,    0,    0,    0,    0,    0,    0,    0,    0,    0,    0,    0,    0,    0,    0,    0,    0,    0,    0,    0,    0,    0,    0,    0,    0,    0,    0,    0,    0,    0,    0,    0,    0,    0,    0,    0,    0,    0,    0,    0,    0,    0,    0,    0,    0,    0,    0,    0,    0,    0,    0,    0,    0,    0,    0,    0,    0,    0,    0,    0,    0,    0,    0,    0,    0,    0,    0,    0,    0,    0,    0,    0,    0,    0,    0,    0,    0,    0,    0,    0,    0,    0,    0,    0,    0,  -11,   -1,    0,    0,    0,    0,   -5,    0,   -8,   -7,    0,    0,    0,   -5,    0,  -10,   -4,    0,    0,    0,    5,   -2,    0,    0,    0,    0,    0,    0,    0,    0,    0,    0,    0,    0,    0,    0,    0,    0,    0,    0,    0,    0,    0,
       0,    0,    0,    0,    0,    0,    0,    0,    0,    0,    0,    0,    0,    0,    0,    0,    0,    0,    0,    0,    0,    0,    0,    0,    0,    0,    0,    0,    0,    0,    0,    0,    0,    0,    0,    0,    0,    0,    0,    0,    0,    0,    0,    0,    0,    0,    0,    0,    0,    0,    0,    0,    0,    0,    0,    0,    0,    0,    0,    0,    0,    0,    0,    0,    0,    0,    0,    0,    0,    0,    0,    0,    0,    0,    0,    0,    0,    0,    0,    0,    0,    0,    0,    0,    0,    0,    0,    0,    0,    0,    0,    0,    0,    0,    0,    0,    0,    0,    0,    0,    0,    0,    0,    0,    0,    0,    0,    0,    0,    0,    0,    0,    0,    0,    0,    0,    0,    0,   -5,    0,   -3,   -5,   -6,    0,    0,   -7,    0,    0,    0,    0,    0,    0,    0,    0,    0,    0,    0,    0,    0,    0,    0,    0,    0,    0,    0,    0,    0,    0,    0,    0,    0,    0,
       0,    0,    0,    0,    0,    0,    0,    0,    0,    0,    0,    0,    0,    0,    0,    0,    0,    0,    0,    0,    0,    0,    0,    0,    0,    0,    0,    0,    0,    0,    0,    0,    0,    0,    0,    0,    0,    0,    0,    0,    0,    0,    0,    0,    0,    0,    0,    0,    0,    0,    0,    0,    0,    0,    0,    0,    0,    0,    0,    0,    0,    0,    0,    0,    0,    0,    0,    0,    0,    0,    0,    0,    0,    0,    0,    0,    0,    0,    0,    0,    0,    0,    0,    0,    0,    0,    0,    0,    0,    0,    0,    0,    0,    0,    0,    0,    0,    0,    0,    0,    0,    0,    0,    0,    0,    0,    0,    0,    0,    0,    0,    0,    0,    0,    0,   -4,   -4,    0,   -7,    0,    0,    0,    0,    0,    0,    0,    0,    0,    0,    0,    0,    0,    0,    0,    0,    0,    0,    0,    0,    0,    0,    0,    0,    0,    0,    0,    0,    0,    0,    0,    0,    0,
       0,    0,    0,    0,    0,    0,    0,    0,    0,    0,    0,    0,    0,    0,    0,    0,    0,    0,    0,    0,    0,    0,    0,    0,    0,    0,    0,    0,    0,    0,    0,    0,    0,    0,    0,    0,    0,    0,    0,    0,    0,    0,    0,    0,    0,    0,    0,    0,    0,    0,    0,    0,    0,    0,    0,    0,    0,    0,    0,    0,    0,    0,    0,    0,    0,    0,    0,    0,    0,    0,    0,    0,    0,    0,    0,    0,    0,    0,    0,    0,    0,    0,    0,    0,    0,    0,    0,    0,    0,    0,    0,    0,    0,    0,    0,    0,    0,    0,    0,    0,    0,    0,    0,    0,    0,    0,    0,    0,    0,    0,    0,    0,    0,    0,    0,   -1,    0,   -8,    0,   -1,    0,    0,   -1,    0,   -8,   -3,    0,    0,   -3,    0,    0,    0,    0,    0,    0,    0,    0,    0,    0,    0,    0,    0,    0,    0,    0,    0,    0,    0,    0,    0,    0,    0,
       0,    0,    0,    0,    0,    0,    0,    0,    0,    0,    0,    0,    0,    0,    0,    0,    0,    0,    0,    0,    0,    0,    0,    0,    0,    0,    0,    0,    0,    0,    0,    0,    0,    0,    0,    0,    0,    0,    0,    0,    0,    0,    0,    0,    0,    0,    0,    0,    0,    0,    0,    0,    0,    0,    0,    0,    0,    0,    0,    0,    0,    0,    0,    0,    0,    0,    0,    0,    0,    0,    0,    0,    0,    0,    0,    0,    0,    0,    0,    0,    0,    0,    0,    0,    0,    0,    0,    0,    0,    0,    0,    0,    0,    0,    0,    0,    0,    0,    0,    0,    0,    0,    0,    0,    0,    0,    0,    0,    0,    0,    0,    0,    0,    0,    0,   -2,    0,    0,    0,    0,    0,    0,   -7,    0,    0,    0,    0,    0,    0,    0,    0,    0,    0,    0,    0,    0,    0,    0,    0,    0,    0,    0,    0,    0,    0,    0,    0,    0,    0,    0,    0,    0,
       0,    0,    0,    0,    0,    0,    0,    0,    0,    0,    0,    0,    0,    0,    0,    0,    0,    0,    0,    0,    0,    0,    0,    0,    0,    0,    0,    0,    0,    0,    0,    0,    0,    0,    0,    0,    0,    0,    0,    0,    0,    0,    0,    0,    0,    0,    0,    0,    0,    0,    0,    0,    0,    0,    0,    0,    0,    0,    0,    0,    0,    0,    0,    0,    0,    0,    0,    0,    0,    0,    0,    0,    0,    0,    0,    0,    0,    0,    0,    0,    0,    0,    0,    0,    0,    0,    0,    0,    0,    0,    0,    0,    0,    0,    0,    0,    0,    0,    0,    0,    0,    0,    0,    0,    0,    0,    0,    0,    0,    0,    0,    0,    0,    0,    0,    0,    0,   -2,   -5,   -2,    0,    0,   -2,    0,   -7,   -1,    0,    0,    0,   -2,    0,    0,    0,    0,    0,    0,    0,    0,    0,    0,    0,    0,    0,    0,    0,    0,    0,    0,    0,    0,    0,    0,
       0,    0,    0,    0,    0,    0,    0,    0,    0,    0,    0,    0,    0,    0,    0,    0,    0,    0,    0,    0,    0,    0,    0,    0,    0,    0,    0,    0,    0,    0,    0,    0,    0,    0,    0,    0,    0,    0,    0,    0,    0,    0,    0,    0,    0,    0,    0,    0,    0,    0,    0,    0,    0,    0,    0,    0,    0,    0,    0,    0,    0,    0,    0,    0,    0,    0,    0,    0,    0,    0,    0,    0,    0,    0,    0,    0,    0,    0,    0,    0,    0,    0,    0,    0,    0,    0,    0,    0,    0,    0,    0,    0,    0,    0,    0,    0,    0,    0,    0,    0,    0,    0,    0,    0,    0,    0,    0,    0,   -3,   -7,    0,   -5,    0,    0,    0,    0,   -5,    0,    0,    0,   -7,    0,   -9,    0,    0,   -7,    0,    0,    0,    0,    0,    0,    0,    0,    0,    0,    0,    0,    0,    0,    0,    0,    0,    0,    0,    0,    0,    0,    0,    0,    0,    0,
       0,    0,    0,    0,    0,    0,    0,    0,    0,    0,    0,    0,    0,    0,    0,    0,    0,    0,    0,    0,    0,    0,    0,    0,    0,    0,    0,    0,    0,    0,    0,    0,    0,    0,    0,    0,    0,    0,    0,    0,    0,    0,    0,    0,    0,    0,    0,    0,    0,    0,    0,    0,    0,    0,    0,    0,    0,    0,    0,    0,    0,    0,    0,    0,    0,    0,    0,    0,    0,    0,    0,    0,    0,    0,    0,    0,    0,    0,    0,    0,    0,    0,    0,    0,    0,    0,    0,    0,    0,    0,    0,    0,    0,    0,    0,    0,    0,    0,    0,    0,    0,    0,    0,    0,    0,    0,    0,    0,    0,  -11,    0,    0,    0,    0,    0,   -5,    0,   -4,   -5,    0,    0,   -2,   -3,    0,   -8,   -3,    0,    0,   -5,    0,   -6,    0,    0,    0,    0,    0,    0,    0,    0,    0,    0,    0,    0,    0,    0,    0,    0,    0,    0,    0,    0,    0,
       0,    0,    0,    0,    0,    0,    0,    0,    0,    0,    0,    0,    0,    0,    0,    0,    0,    0,    0,    0,    0,    0,    0,    0,    0,    0,    0,    0,    0,    0,    0,    0,    0,    0,    0,    0,    0,    0,    0,    0,    0,    0,    0,    0,    0,    0,    0,    0,    0,    0,    0,    0,    0,    0,    0,    0,    0,    0,    0,    0,    0,    0,    0,    0,    0,    0,    0,    0,    0,    0,    0,    0,    0,    0,    0,    0,    0,    0,    0,    0,    0,    0,    0,    0,    0,    0,    0,    0,    0,    0,    0,    0,    0,    0,    0,    0,    0,    0,    0,    0,    0,    0,    0,    0,    0,    0,    0,    0,    0,   -6,    0,    0,    0,    0,    0,   -1,    0,    0,   -6,    0,   -2,    0,   -3,    0,    0,   -2,    0,    0,   -2,    0,    0,    0,    0,    0,    0,    0,    0,    0,    0,    0,    0,    0,    0,    0,    0,    0,    0,    0,    0,    0,    0,    0,
       0,    0,    0,    0,    0,    0,    0,    0,    0,    0,    0,    0,    0,    0,    0,    0,    0,    0,    0,    0,    0,    0,    0,    0,    0,    0,    0,    0,    0,    0,    0,    0,    0,    0,    0,    0,    0,    0,    0,    0,    0,    0,    0,    0,    0,    0,    0,    0,    0,    0,    0,    0,    0,    0,    0,    0,    0,    0,    0,    0,    0,    0,    0,    0,    0,    0,    0,    0,    0,    0,    0,    0,    0,    0,    0,    0,    0,    0,    0,    0,    0,    0,    0,    0,    0,    0,    0,    0,    0,    0,    0,    0,    0,    0,    0,    0,    0,    0,    0,    0,    0,    0,    0,    0,    0,    0,    0,    0,    0,    0,    0,  -12,    0,  -13,    0,    0,   -4,    0,   -5,   -1,    0,   -9,  -11,  -11,    0,   -7,    0,    0,    0,   -5,    0,    0,    0,    0,    0,    0,    0,    0,    0,    0,    0,    0,    0,    0,    0,    0,    0,    0,    0,    0,    0,    0,
       0,    0,    0,    0,    0,    0,    0,    0,    0,    0,    0,    0,    0,    0,    0,    0,    0,    0,    0,    0,    0,    0,    0,    0,    0,    0,    0,    0,    0,    0,    0,    0,    0,    0,    0,    0,    0,    0,    0,    0,    0,    0,    0,    0,    0,    0,    0,    0,    0,    0,    0,    0,    0,    0,    0,    0,    0,    0,    0,    0,    0,    0,    0,    0,    0,    0,    0,    0,    0,    0,    0,    0,    0,    0,    0,    0,   17,    0,    0,    0,    0,    0,    0,   26,   17,    0,    0,    0,    0,    0,    0,    0,    0,   20,   26,    0,    0,    0,    0,    0,    0,    0,    0,    0,    0,    0,    0,    0,    0,    0,    0,    0,    0,    0,    0,    0,    0,    0,    0,    0,    0,    0,    0,    0,    0,    0,    0,    0,    0,    0,    0,    0,    0,    0,    0,    0,    0,    0,    0,    0,    0,    0,    0,    0,    0,    0,    0,    0,    0,    0,    0,    0,
       0,    0,    0,    0,    0,    0,    0,    0,    0,    0,   -9,    0,   -9,    0,    0,    0,    0,    0,    0,    0,    0,    0,    0,    0,    0,    0,    0,    0,    0,    0,    0,    0,    0,    0,    0,    0,    0,    0,    0,    0,    0,    0,    0,    0,    0,    0,    0,    0,    0,    0,    0,    0,    0,    0,    0,    0,    0,    0,    0,    0,    0,    0,    0,    0,    0,    0,    0,    0,    0,    0,    0,    0,    0,    0,    0,    0,    0,    0,    0,    0,    0,    0,    0,    0,    0,    0,    0,    0,    0,    0,    0,    0,    0,   11,    0,    0,    0,    0,    0,    0,    0,    0,    0,    0,    0,    0,    0,    0,    0,    0,    0,    0,    0,    0,    0,    0,    0,    0,    0,    0,    0,    0,    0,    0,    0,    0,    0,    0,    0,    0,    0,    0,    0,    0,    0,    0,    0,    0,   -9,    0,    0,    0,    0,    0,    0,    0,    0,    0,    0,    0,    0,    0,
       0,    0,    0,    0,    0,  -17,    0,    0,    0,  -20,  -21,  -20,  -21,    0,    0,    0,    0,    0,  -18,    0,    0,    0,    0,  -17,  -27,  -26,    0,  -10,  -20,    0,  -10,   -9,    4,    0,    0,    0,    0,    0,    0,    0,    0,  -22,  -23,    0,   -7,    0,  -10,  -18,    0,  -11,    0,    0,    0,    0,  -20,    0,  -24,  -33,   -2,    0,    0,  -11,    0,  -33,    0,  -17,    0,    0,    0,  -23,  -40,  -35,  -23,   -7,  -15,   -7,    0,  -23,  -11,    0,  -38,    0,    0,    0,    0,    0,  -38,    4,    4,    4,  -11,    0,   -7,   23,    0,    0,    0,    0,    0,  -10,    0,    4,    0,    0,    0,  -13,    0,  -18,    0,    0,    0,    0,    0,    0,    0,    0,    0,    0,    0,    0,    0,    0,    0,    0,    0,    0,    0,    0,    0,    0,    0,    0,    0,    0,  -29,    0,    0,  -11,  -21,    0,    0,    0,    0,    0,    0,    0,  -41,  -48,    0,    0,    0,   -9,
       0,    0,    0,    0,    0,  -17,    0,    0,    0,    0,  -25,    0,  -25,  -26,    0,    0,    0,    0,  -17,    0,    0,    0,    0,    0,    0,    0,    0,    0,  -26,    0,    0,  -39,    0,    0,    0,    0,    0,    0,    0,    0,    0,    0,  -10,    0,    0,    0,    0,   -5,    0,    0,    0,    0,    0,    0,    0,    0,    0,    0,    0,    0,    0,    0,    0,    0,    0,    0,  -17,    0,    0,    0,    0,    0,  -10,    0,    0,    0,    0,  -10,    0,    0,    0,    0,    0,    0,    0,    0,  -10,    0,    0,    0,    0,    0,    0,    0,    0,  -17,  -30,    0,    0,    0,    0,    0,  -38,  -23,    0,    0,    0,   -5,    0,    0,    0,    0,    0,    0,    0,    0,    0,    0,    0,    0,    0,    0,    0,    0,    0,    0,    0,    0,    0,    0,    0,    0,    0,    0,  -20,    0,    0,    0,  -25,    0,    0,    0,    0,    0,    0,    0,    0,    0,    0,    0,    0,    0,
       0,    0,    0,  -33,    0,  -18,    0,    0,    0,  -16,  -29,  -16,  -29,  -38,  -12,    0,    0,    0,  -26,    0,  -17,  -11,    0,  -15,  -26,  -15,    0,  -15,  -36,    0,  -15,  -33,    0,    0,    0,    0,    0,    0,    0,    0,  -11,  -15,  -17,    0,    0,    0,   -6,  -20,    3,  -11,    3,    0,    0,    0,  -28,    0,  -23,  -16,    0,    0,    0,  -23,   -3,  -16,    0,    0,  -18,    0,    0,    0,  -15,  -15,  -17,    0,    0,    0,    0,  -17,  -11,    3,  -15,    0,    0,    0,    0,    0,  -17,    0,    0,    0,  -11,    0,    0,    0,    0,  -14,  -24,    0,    0,  -15,    0,    0,  -32,  -17,    3,    0,    3,  -29,    0,    0,    0,    0,    0,    0,    0,    0,    0,    0,    0,    0,    0,    0,    0,    0,    0,    0,    0,    0,    0,    0,    0,    0,    0,    0,    0,    0,    0,    0,  -29,    0,    0,    0,    0,    0,    0,    0,    0,    0,    0,    0,    0,    0,
       0,    0,    0,    0,    0,    0,    0,    0,    0,    0,    0,    0,    0,    0,    0,  -18,    0,    0,    0,    0,    0,    0,    0,    0,    0,    0,    0,  -10,    0,    0,  -10,    0,  -26,    0,  -24,  -17,    0,  -29,    0,    0,    0,   -9,    0,    0,    0,    0,    0,    0,    0,    0,  -14,    0,    0,    0,    0,    0,    0,    0,    0,    0,    0,    0,    0,    0,    0,    0,    0,    0,    0,    0,   -9,   -9,    0,    0,    0,    0,    0,    0,    0,  -14,   -9,    0,    0,    0,    0,    0,    0,  -26,  -26,  -26,    0,    0,    0,    0,    0,   14,   14,    0,    0,  -10,  -17,  -39,   17,   17,  -14,    0,    0,    0,    0,    0,    0,    0,    0,    0,    0,    0,    0,    0,    0,    0,    0,    0,    0,    0,    0,    0,    0,    0,    0,    0,    0,  -29,  -33,  -26,    0,    0,    0,    0,    0,  -26,    0,    0,    0,    0,    0,    0,    0,    0,    0,    0,    0,    0,
       0,    0,    0,    0,    0,    0,    0,    0,    0,    0,    0,    0,    0,    0,    0,    0,    0,    0,    0,    0,    0,    0,    0,    0,    0,    0,    0,    0,   -9,    0,    0,    0,   -9,    0,  -11,    0,  -12,  -12,    0,    0,    0,    0,    0,    0,    0,    0,    0,    0,    0,    0,    0,    0,    0,    0,    0,    0,    0,    0,    0,    0,    0,    0,    0,    0,    0,    0,    0,    0,    0,    0,    0,    0,    0,    0,    0,    0,    0,    0,    0,    0,    0,    0,    0,    0,    0,    0,    0,   -9,   -9,   -9,    0,    0,    0,    0,    0,    0,    0,  -12,    0,    0,    0,  -29,    0,    0,    0,    0,    0,    0,    0,    0,    0,    0,    0,    0,    0,    0,    0,    0,    0,    0,    0,    0,    0,    0,    0,    0,    0,    0,    0,    0,    0,  -12,    0,    0,    0,    0,    0,    0,    0,    0,    0,    0,    0,    0,    0,    0,    0,    0,    0,    0,   -9,    0,
      -3,   -1,  -23,    0,    0,    0,    0,    0,    0,    0,    0,    0,    0,    0,   -7,  -23,    0,   -7,    0,   -3,   -5,   -7,   -2,    0,    0,    0,  -23,  -12,    0,    0,  -12,    0,   -9,    0,    0,    0,    0,  -12,    0,    0,    0,    0,    0,    0,    0,    0,    0,    0,    0,    0,    0,    0,    0,    0,    0,    0,    0,    0,    0,    0,    0,    0,  -14,    0,    0,    0,    0,    0,    0,    0,    0,    0,    0,    0,    0,    0,    0,    0,    0,    0,    0,    0,    0,    0,    0,    0,    0,   -9,   -9,   -9,    0,    0,    0,    0,    0,    0,    0,    0,   -7,  -12,    0,   -9,    0,    0,    0,   -9,    0,    0,    0,    0,    0,    0,    0,    0,    0,    0,    0,    0,    0,    0,    0,    0,    0,    0,    0,    0,    0,    0,    0,    0,    0,  -21,    0,  -18,    0,  -36,  -48,    0,    0,  -18,    0,    0,    0,    0,    0,    0,    0,    0,    0,    0,    0,    0,
       0,    0,    0,    0,    0,    0,    0,    0,    0,    0,    0,    0,    0,    0,    0,    0,    0,    0,    0,    0,    0,    0,    0,    0,    0,    0,    0,    0,    0,    0,    0,    0,    0,    0,    0,    0,    0,    0,    0,    0,    0,    0,    0,    0,    0,    0,    0,    0,    0,    0,    0,    0,    0,    0,    0,    0,    0,    0,    0,    0,    0,    0,    0,    0,    0,    0,    0,    0,    0,    0,    0,    0,    0,    0,    0,    0,    0,    0,    0,    0,    0,    0,    0,    0,    0,    0,    0,    0,    0,    0,    0,    0,    0,    0,    0,    0,    0,    0,    0,    0,    0,    0,    0,    0,    0,    0,    0,    0,    0,    0,    0,    0,    0,    0,    0,    0,    0,    0,    0,    0,    0,    0,    0,    0,    0,    0,    0,    0,    0,    0,    0,    0,    0,    0,    0,    0,    0,    0,    0,    0,    0,    0,    0,    0,    6,    0,    0,    0,    0,    0,    0,    0,
       0,    0,    0,    0,    0,    0,    0,    0,    0,    0,    0,    0,    0,    0,    0,    0,    0,    0,    0,    0,    0,    0,    0,    0,    0,    0,    0,    0,    0,    0,    0,    0,    0,    0,    0,    0,    0,    0,    0,    0,    0,    0,    0,    0,    0,    0,    0,    0,    0,    0,    0,    0,    0,    0,    0,    0,    0,    0,    0,    0,    0,    0,    0,    0,   -2,    0,    0,    0,    0,    0,    0,    0,    0,    0,    0,    0,    0,    0,    0,    0,    0,    0,    0,    0,    0,    0,    0,    0,    0,    0,    0,    0,    0,    0,    0,    0,    0,    0,    0,    0,    0,    0,    0,    0,    0,    0,    0,    0,    0,    0,    0,    0,    0,    0,    0,    0,    0,    0,    0,    0,    0,    0,    0,    0,    0,    0,    0,    0,    0,    0,    0,    0,    0,    0,    0,    0,    0,    0,    0,    0,    0,    0,   -4,    0,    0,    0,    0,    0,    0,    0,    0,    0,
       0,    0,    0,    0,    0,    0,    0,    0,    0,    0,    0,    0,    0,    0,    0,    0,    0,    0,    0,    0,    0,    0,    0,    0,    0,    0,    0,    0,    0,    0,    0,    0,    0,    0,    0,    0,    0,    0,    0,    0,    0,    0,    0,    0,    0,    0,    0,    0,    0,    0,    0,    0,    0,    0,    0,    0,    0,    0,    0,    0,    0,    0,    0,    0,    0,    0,    0,    0,    0,    0,    0,    0,    0,    0,    0,    0,    0,    0,    0,    0,    0,    0,    0,    0,    0,    0,    0,    0,    0,    0,    0,    0,    0,    0,    0,    0,    0,    0,    0,    0,    0,    0,    0,    0,    0,    0,    0,    0,    0,    0,    0,    0,    0,    0,    0,    0,    0,    0,    0,    0,    0,    0,    0,    0,    0,    0,    0,    0,    0,    0,    0,    0,    0,    0,    0,    0,    0,    0,    0,    0,    0,  -14,    3,   -2,    0,   -9,    0,    0,    0,    0,    0,    0,
       0,    0,    0,    0,    0,    0,    0,    0,    0,    0,    0,    0,    0,    0,    0,    0,    0,    0,    0,    0,    0,    0,    0,    0,    0,    0,    0,    0,    0,    0,    0,    0,    0,    0,    0,    0,    0,    0,    0,    0,    0,    0,    0,    0,    0,    0,    0,    0,    0,    0,    0,    0,    0,    0,    0,    0,    0,    0,    0,    0,   -5,    0,    0,    0,    0,    0,    0,    0,    0,    0,    0,    0,    0,    0,    0,    0,    0,    0,    0,    0,    0,    0,    0,    0,    0,    0,    0,    0,    0,    0,    0,    0,    0,    0,    0,    0,    0,    0,    0,    0,    0,    0,    0,    0,    0,    0,    0,    0,    0,    0,    0,    0,    0,    0,    0,    0,    0,    0,    0,    0,    0,    0,    0,    0,    0,    0,    0,    0,    0,    0,    0,    0,    0,    0,    0,    0,    0,    0,    0,    0,    0,    0,   -4,    0,    0,    0,    0,    0,    0,    0,    0,    0,
       0,    0,    0,    0,    0,    0,    0,    0,    0,    0,    0,    0,    0,    0,    0,    0,    0,    0,    0,    0,    0,    0,    0,    0,    0,    0,    0,    0,    0,    0,    0,    0,    0,    0,    0,    0,    0,    0,    0,    0,    0,    0,    0,    0,    0,    0,    0,    0,    0,    0,    0,    0,    0,    0,    0,    0,    0,    0,    0,    0,    0,    0,    0,    0,    0,    0,    0,    0,    0,    0,    0,    0,    0,    0,    0,    0,    0,    0,    0,    0,    0,    0,    0,    0,    0,    0,    0,    0,    0,    0,    0,    0,    0,    0,    0,    0,    0,    0,    0,    0,    0,    0,    0,    0,    0,    0,    0,    0,    0,    0,    0,    0,    0,    0,    0,    0,    0,    0,    0,    0,    0,    0,    0,    0,    0,    0,    0,    0,    0,    0,    0,    0,    0,    0,    0,    0,    0,    0,    0,    0,    0,    0,    0,    0,    0,    1,    0,    0,    0,    0,    0,    0,
       0,    0,    0,    0,    0,    0,    0,    0,    0,    0,    0,    0,    0,    0,    0,  -20,    0,    0,    0,    0,    0,    0,    0,    0,    0,    0,    0,  -10,    0,    0,  -10,    0,  -27,    0,  -34,  -23,    0,  -41,    0,    0,    0,    0,    0,    0,    0,    0,    0,    0,    0,    0,  -11,    0,    0,    0,    0,    0,    0,    0,    0,    0,    0,    0,    0,    0,    0,    0,    0,    0,    0,    0,    0,    0,    0,    0,    0,    0,    0,    0,    0,  -11,    0,    0,    0,    0,    0,    0,    0,  -27,  -27,  -43,    0,    0,    0,    0,    0,    0,    0,    0,    0,  -10,   -9,  -35,    0,    0,    0,    0,    0,    0,    0,    0,    0,    0,    0,    0,    0,    0,    0,    0,    0,    0,    0,    0,    0,    0,    0,    0,    0,    0,    0,    0,    0,  -41,    0,    0,    0,    0,    0,    0,    0,    0,    0,    0,    0,    0,    0,    0,    0,   -7,   -4,    0,    0,    0,
       0,    0,    0,    0,    0,    0,    0,    0,    0,    0,    0,    0,    0,    0,    0,    0,    0,    0,    0,    0,    0,    0,    0,    0,    0,    0,    0,    0,    0,    0,    0,    0,    0,    0,    0,    0,    0,    0,    0,    0,    0,    0,    0,    0,    0,    0,    0,    0,    0,    0,    0,    0,    0,    0,    0,    0,    0,    0,    0,    0,    0,    0,    0,    0,    0,    0,    0,    0,    0,    0,    0,    0,    0,    0,    0,    0,    0,    0,    0,    0,    0,    0,    0,    0,    0,    0,    0,    0,    0,    0,    0,    0,    0,    0,    0,    0,    0,    0,    0,    0,    0,    0,    0,    0,    0,    0,    0,    0,    0,    0,    0,    0,    0,    0,    0,    0,    0,    0,    0,    0,    0,    0,    0,    0,    0,    0,    0,    0,    0,    0,    0,    0,    0,    0,    0,    0,    0,    0,    0,    0,    0,    0,    0,    0,    0,    0,   -4,    0,    0,    0,    0,    0,
       0,    0,    0,    0,    0,    0,    0,    0,    0,    0,    0,    0,    0,    0,    0,    0,    0,    0,    0,    0,    0,    0,    0,    0,    0,    0,    0,    0,    0,    0,    0,    0,    0,    0,    0,    0,    0,    0,    0,    0,    0,    0,    0,    0,    0,    0,    0,    0,    0,    0,    0,    0,    0,    0,    0,    0,    0,    0,    0,    0,    0,    0,    0,    0,    0,    0,    0,    0,    0,    0,    0,    0,    0,    0,    0,    0,    0,    0,    0,    0,    0,    0,    0,    0,    0,    0,    0,    0,    0,    0,    0,    0,    0,    0,    0,    0,    0,    0,    0,    0,    0,    0,    0,    0,    0,    0,    0,    0,    0,    0,    0,    0,    0,    0,    0,    0,    0,    0,    0,    0,    0,    0,    0,    0,    0,    0,    0,    0,    0,    0,    0,    0,    0,    0,    0,    0,    0,    0,    0,    0,    0,    0,    0,    0,    0,    0,    0,  -12,    0,    0,    0,    0,
       0,    0,    0,    0,    0,    0,    0,    0,    0,    0,    0,    0,    0,    0,    0,    0,    0,    0,    0,    0,    0,    0,    0,    0,    0,    0,    0,    0,    0,    0,    0,    0,    0,    0,    0,    0,    0,    0,    0,    0,    0,    0,    0,    0,    0,    0,    0,    0,    0,    0,    0,    0,    0,    0,    0,    0,    0,    0,    0,    0,    0,    0,    0,    0,    0,    0,    0,    0,    0,    0,    0,    0,    0,    0,    0,    0,    0,    0,    0,    0,    0,    0,    0,    0,    0,    0,    0,    0,    0,    0,    0,    0,    0,   11,    0,    0,    0,    0,    0,    0,    0,    0,    0,    0,    0,    0,    0,    0,    0,    0,    0,    0,    0,    0,    0,    0,    0,    0,    0,    0,    0,    0,    0,    0,    0,    0,    0,    0,    0,    0,    0,    0,    0,    0,    0,    0,    0,    0,    0,    0,    0,    0,    0,    0,    0,    0,    0,    0,    0,    0,    0,    0,
       0,    0,    0,    0,    0,    0,    0,    0,    0,    0,  -18,    0,  -18,  -11,    0,    0,    0,    0,    0,    0,    0,    0,    0,    0,    0,    0,    0,    0,    0,    0,    0,    0,    0,    0,    0,    0,    0,    0,    0,    0,  -14,    0,    0,    0,    0,    0,    0,    0,    0,    0,    0,    0,    0,    0,    0,    0,    0,    0,    0,    0,    0,    0,    0,    0,    0,    0,    0,    0,    0,    0,    0,    0,    0,    0,    0,    0,    0,    0,    0,    0,    0,    0,    0,    0,    0,    0,    0,    0,    0,    0,    0,    0,    0,    0,    0,    0,    0,    0,    0,    0,    0,    0,    0,    0,    0,    0,    0,    0,    0,    0,    0,    0,    0,    0,    0,    0,    0,    0,    0,    0,    0,    0,    0,    0,    0,    0,    0,    0,    0,    0,    0,    0,    0,    0,    0,    0,    0,    0,  -18,    0,    0,    0,    0,    0,    0,    0,    0,    0,    0,    0,    0,    0,
};

static const EpdFontData inksans_8_regular = {
    inksans_8_regularBitmaps,
    inksans_8_regularGlyphs,
    inksans_8_regularIntervals,
    62,
    20,
    17,
    -5,
    true,
    inksans_8_regularGroups,
    13,
    nullptr,
    inksans_8_regularKernLeftClasses,
    inksans_8_regularKernRightClasses,
    inksans_8_regularKernMatrix,
    765,
    771,
    150,
    152,
    nullptr,
    0,
};
