/**
 * generated by fontconvert.py
 * name: inksans_12_regular
 * size: 12
 * mode: 2-bit  compressed: true
 * Command used: fontconvert.py inksans_12_regular 12 ../builtinFonts/source/Inter/Inter-Medium.ttf ../builtinFonts/source/NotoSansHebrew/NotoSansHebrew-Regular.ttf --2bit --compress --pnum --additional-intervals 0x05D0,0x05F4
 */
#pragma once
#include "EpdFontData.h"

static const uint8_t inksans_12_regularBitmaps[24078] = {
    0x9D, 0x58, 0xBD, 0x93, 0xDC, 0x66, 0x19, 0x7F, 0xB4, 0x1A, 0xA3, 0x61, 0x54, 0xA8, 0xC9, 0x8D,
    0x87, 0x71, 0x21, 0x4A, 0x86, 0x02, 0xB5, 0x29, 0x6E, 0xA5, 0x17, 0x53, 0xD2, 0xB8, 0xB8, 0x35,
    0x85, 0x0B, 0x37, 0xF4, 0x6E, 0x5C, 0x50, 0xEC, 0xAE, 0x14, 0x28, 0x28, 0x28, 0x70, 0x81, 0xCD,
    0x9F, 0x91, 0x94, 0x9E, 0xC9, 0xAE, 0xF5, 0x26, 0x29, 0x52, 0x50, 0x58, 0x04, 0xCE, 0x29, 0x52,
    0x58, 0x43, 0x7C, 0xB4, 0x16, 0x13, 0x85, 0x93, 0x6D, 0x69, 0x5F, 0x7E, 0xBF, 0x47, 0x7B, 0xE7,
    0xDB, 0xBB, 0xCB, 0x99, 0x44, 0x7A, 0x1F, 0xAD, 0xF6, 0xFD, 0x7C, 0xBE, 0x3F, 0x94, 0x98, 0xC4,
    0x24, 0x72, 0xF1, 0xE6, 0x15, 0x4B, 0x56, 0x64, 0x45, 0x2C, 0x8B, 0x6C, 0x9E, 0xCD, 0x53, 0xDC,
    0xBF, 0xD8, 0xC7, 0x2D, 0xFB, 0x93, 0x1A, 0x50, 0xC9, 0xDC, 0xB7, 0xF2, 0xD8, 0xB7, 0xB1, 0x73,
    0x1B, 0xC0, 0x70, 0xED, 0xDB, 0x3B, 0x7F, 0x91, 0x26, 0x34, 0x5E, 0x13, 0x19, 0xAF, 0x8E, 0x64,
    0x02, 0xC8, 0x9D, 0x6B, 0x4B, 0xC0, 0xF5, 0xC3, 0xE5, 0x2D, 0xDF, 0x4E, 0x25, 0xB0, 0xFB, 0x12,
    0x16, 0x00, 0x33, 0x17, 0x09, 0xE5, 0x2D, 0x94, 0xAD, 0x84, 0xCE, 0x49, 0xFC, 0x32, 0xB7, 0x59,
    0x18, 0x56, 0x69, 0xE8, 0x03, 0x44, 0xB2, 0x3F, 0x01, 0x0B, 0x27, 0x12, 0xB8, 0x17, 0x22, 0xF7,
    0xF0, 0x12, 0x96, 0x56, 0xC2, 0xB0, 0x96, 0xD0, 0x6F, 0xD6, 0x80, 0x25, 0xDE, 0xB3, 0xAF, 0x72,
    0x1B, 0x39, 0x67, 0x3C, 0xD7, 0xED, 0xEC, 0x19, 0xB6, 0xE2, 0x57, 0x92, 0x0C, 0x38, 0x50, 0xA6,
    0xF7, 0x24, 0x12, 0x99, 0x47, 0x32, 0xD5, 0xE7, 0x63, 0x41, 0x8F, 0xD7, 0x08, 0x46, 0x41, 0x03,
    0x66, 0x62, 0x8A, 0xD2, 0xCB, 0x6B, 0x3F, 0x68, 0xF1, 0x6C, 0xE3, 0x41, 0xC4, 0xAB, 0xD3, 0x7B,
    0x22, 0xBE, 0xDD, 0xC7, 0xE2, 0xC8, 0xF0, 0x09, 0xEA, 0xB9, 0x91, 0xB0, 0xBF, 0x15, 0xCC, 0x01,
    0x2F, 0x38, 0xBF, 0x2C, 0x80, 0x63, 0x23, 0xD1, 0xB3, 0x16, 0x13, 0x3B, 0x89, 0xCD, 0x63, 0x89,
    0x0A, 0xD0, 0xF4, 0x79, 0x23, 0xBE, 0xB3, 0x32, 0xD9, 0xE0, 0x14, 0x40, 0xF2, 0xF2, 0xF7, 0xC0,
    0xF9, 0x8B, 0x66, 0x35, 0x39, 0xAE, 0x7B, 0x71, 0x76, 0x4D, 0x0E, 0x3F, 0x72, 0xE0, 0xE1, 0x9B,
    0x66, 0xE2, 0x3E, 0xE8, 0x16, 0x73, 0x5C, 0xFB, 0xFB, 0x93, 0xC6, 0xAF, 0x43, 0x1B, 0xD9, 0x18,
    0xA2, 0xC9, 0x24, 0xC5, 0xBD, 0xC0, 0xBD, 0xC2, 0xB9, 0xFC, 0x4D, 0xD1, 0x97, 0xE0, 0x88, 0xA8,
    0x08, 0xAD, 0x5F, 0x4F, 0x9A, 0x15, 0xFA, 0xD8, 0x13, 0x15, 0x91, 0x0D, 0x6D, 0x50, 0x05, 0x95,
    0x5F, 0xBF, 0xBD, 0x83, 0x8A, 0x3B, 0x45, 0x45, 0x6C, 0x32, 0xDD, 0x43, 0xEE, 0xB3, 0xBD, 0x7F,
    0xFF, 0xA3, 0xEC, 0xE3, 0x26, 0x70, 0x06, 0x98, 0x25, 0x1F, 0x37, 0xFB, 0xF7, 0x3F, 0x1A, 0xFB,
    0xB1, 0xF9, 0x0E, 0xEC, 0x2D, 0x67, 0x02, 0x01, 0x1A, 0xC2, 0xF9, 0x31, 0xC2, 0x88, 0xE1, 0x54,
    0xF6, 0x71, 0xFF, 0x4E, 0xF6, 0x66, 0x90, 0xB8, 0x45, 0x83, 0xE6, 0x98, 0xCC, 0x80, 0x9F, 0x51,
    0x01, 0x7E, 0x90, 0xB1, 0x89, 0x4E, 0x27, 0xFB, 0x85, 0x48, 0x80, 0x65, 0x8D, 0x40, 0x02, 0x60,
    0x1F, 0x84, 0x14, 0x40, 0xA8, 0xF6, 0xF2, 0xB9, 0x92, 0x63, 0x86, 0xEB, 0x25, 0x3A, 0x2A, 0x25,
    0x29, 0xE2, 0x22, 0x93, 0xC8, 0xA6, 0x12, 0x54, 0x0B, 0xF1, 0xEB, 0xD5, 0x39, 0x60, 0x1F, 0xC7,
    0x38, 0x87, 0x73, 0xB9, 0x86, 0x6B, 0xB9, 0xC7, 0x64, 0x88, 0x86, 0x7C, 0x18, 0x16, 0xCD, 0xC2,
    0x2C, 0xE4, 0xBB, 0xEE, 0xF2, 0x01, 0xB4, 0xB0, 0x97, 0xF8, 0x70, 0x03, 0xA2, 0xC8, 0xF8, 0xD8,
    0xBC, 0x47, 0x9C, 0xF0, 0x0B, 0x5D, 0x04, 0x32, 0xD0, 0x89, 0x09, 0xB5, 0xAC, 0x06, 0x92, 0x50,
    0x99, 0x27, 0xDB, 0xBF, 0xD4, 0xA4, 0xC3, 0x99, 0x64, 0xCE, 0x59, 0x82, 0x94, 0x50, 0x50, 0x37,
    0x48, 0x82, 0xF3, 0x33, 0xAC, 0xDD, 0x23, 0x69, 0xBA, 0x47, 0x8E, 0x6D, 0xBA, 0x11, 0xF6, 0x4A,
    0x6A, 0x1C, 0xB5, 0x8F, 0x00, 0x7A, 0x42, 0x8B, 0xB9, 0x16, 0x6B, 0x0C, 0xD7, 0x7A, 0xD8, 0x43,
    0x04, 0x2A, 0x43, 0xD5, 0x09, 0x00, 0x11, 0xD5, 0x07, 0x6C, 0x59, 0x00, 0xFA, 0x54, 0x26, 0x0D,
    0x28, 0x05, 0xB5, 0xE4, 0x46, 0x62, 0x52, 0x55, 0x12, 0x08, 0xA9, 0x21, 0xEC, 0xCD, 0xF2, 0x5B,
    0x67, 0xA5, 0x14, 0xD3, 0xB2, 0x00, 0xC9, 0xEC, 0x40, 0x2D, 0x3B, 0x3B, 0x19, 0xC1, 0x19, 0x19,
    0xE8, 0xCD, 0x8C, 0x63, 0x2F, 0xE9, 0x2C, 0x54, 0x64, 0x80, 0x85, 0x50, 0x61, 0xA0, 0x56, 0xE0,
    0x45, 0x04, 0xCB, 0xF2, 0xA0, 0xE1, 0xCA, 0x47, 0xB7, 0x91, 0xF0, 0x28, 0x37, 0xE0, 0x2E, 0xF0,
    0xBD, 0x66, 0x20, 0x25, 0x99, 0x67, 0xAD, 0x2C, 0xD0, 0x5F, 0x56, 0xB9, 0x29, 0x81, 0xD1, 0x13,
    0xD0, 0xB2, 0x50, 0x19, 0x51, 0x16, 0xA1, 0x4D, 0x4C, 0x6C, 0x47, 0x59, 0x80, 0x7F, 0x38, 0xD3,
    0x01, 0x17, 0xC2, 0x6C, 0x06, 0x7E, 0xC8, 0x12, 0x00, 0x19, 0x79, 0xE0, 0x89, 0x0F, 0x46, 0x06,
    0xA0, 0x3B, 0xB2, 0x23, 0x2A, 0xD9, 0xD5, 0xC3, 0x27, 0x7C, 0x8E, 0x47, 0x3E, 0x53, 0x37, 0x0A,
    0x1A, 0x46, 0x6C, 0x73, 0x58, 0x63, 0xA7, 0xB0, 0x1D, 0xB3, 0xE4, 0xEF, 0x0A, 0x7C, 0x5E, 0x03,
    0x72, 0xEA, 0xC7, 0x21, 0xF9, 0xBC, 0x19, 0xF9, 0xBC, 0x95, 0xFB, 0x28, 0xAF, 0x04, 0x0A, 0x12,
    0x71, 0x2E, 0x20, 0xB2, 0x4B, 0x89, 0xAB, 0xAC, 0xC8, 0xAB, 0xC8, 0x1D, 0x57, 0x13, 0xF7, 0xC7,
    0xAD, 0xBC, 0x22, 0xEC, 0x17, 0x15, 0xE4, 0x4F, 0x7C, 0x08, 0x07, 0xA3, 0xFC, 0x79, 0x20, 0xA7,
    0x5A, 0x7F, 0xE6, 0x3A, 0xE9, 0x8B, 0x4C, 0x62, 0x13, 0x4B, 0x5D, 0xDA, 0xBD, 0x76, 0x0D, 0x08,
    0xE2, 0xA6, 0xFA, 0x07, 0x4E, 0xF2, 0x0E, 0xC6, 0x99, 0xB7, 0xD4, 0x00, 0x57, 0x48, 0x82, 0x03,
    0xDC, 0x03, 0xFA, 0x1B, 0xCF, 0xA9, 0x9F, 0xF2, 0xE0, 0x59, 0xE9, 0x5D, 0x61, 0x72, 0xB3, 0xD3,
    0xBD, 0xF8, 0x7E, 0xD2, 0xFF, 0xD3, 0xAD, 0x8C, 0xB3, 0x7A, 0xF4, 0x3C, 0xE4, 0x95, 0xEA, 0x91,
    0xE4, 0x85, 0xBA, 0x2B, 0xDD, 0x4B, 0xFD, 0xA3, 0x64, 0x95, 0xC8, 0xFB, 0xDB, 0x3D, 0x40, 0x07,
    0xC8, 0x01, 0x55, 0x20, 0xEE, 0xE7, 0x14, 0x00, 0xDA, 0x5A, 0x7C, 0x30, 0xB2, 0xE2, 0x2B, 0xC4,
    0xBD, 0x38, 0x39, 0x6E, 0x5F, 0x0D, 0xE0, 0x89, 0xBE, 0x78, 0xE5, 0x2B, 0xF4, 0x24, 0x0E, 0x3B,
    0x8A, 0x7B, 0x78, 0xA7, 0xE3, 0x0A, 0x0C, 0x85, 0x15, 0x29, 0xA4, 0xAC, 0xA8, 0xDD, 0xE5, 0xF3,
    0x5F, 0x55, 0x53, 0xDF, 0xB9, 0x9B, 0xCD, 0x3C, 0xA8, 0xF2, 0x5F, 0x36, 0x73, 0x78, 0x2C, 0xD3,
    0xAC, 0x22, 0x39, 0xF7, 0x84, 0x87, 0x8E, 0x74, 0x34, 0xBE, 0x59, 0x4F, 0x83, 0xA3, 0xF2, 0xCB,
    0x2A, 0x9B, 0xB8, 0x63, 0x78, 0x15, 0x93, 0x7F, 0x00, 0x6D, 0xAC, 0x78, 0x38, 0xF7, 0xC7, 0xE5,
    0x8E, 0xEE, 0x58, 0x3D, 0xD7, 0x9E, 0xE0, 0xA0, 0x03, 0x01, 0x34, 0x46, 0xA2, 0x81, 0x0F, 0xAA,
    0x58, 0xA2, 0x5A, 0x4F, 0xC5, 0x9E, 0x52, 0x77, 0x56, 0x44, 0xAB, 0xF7, 0x6B, 0xF1, 0x5A, 0xA8,
    0xD4, 0xE4, 0xDB, 0xDB, 0x88, 0x14, 0x4E, 0xF5, 0x85, 0x8E, 0xC6, 0x0A, 0xE5, 0xAF, 0x86, 0x2B,
    0x94, 0x8D, 0x2A, 0x16, 0x7A, 0x9C, 0xA3, 0xE6, 0xF6, 0x32, 0xCC, 0x9C, 0xD0, 0x66, 0xE0, 0x27,
    0xB6, 0x90, 0xA1, 0x6F, 0xC0, 0x58, 0x03, 0x18, 0x30, 0x96, 0x1B, 0x6E, 0xD3, 0x83, 0xE6, 0x11,
    0x22, 0x3B, 0xCC, 0xCA, 0x02, 0x61, 0x12, 0xE3, 0x88, 0x63, 0x37, 0x88, 0x17, 0x39, 0x15, 0x0C,
    0x60, 0x14, 0xC8, 0x81, 0xE6, 0x19, 0xE8, 0x79, 0xC6, 0xF0, 0xA2, 0xDC, 0x5D, 0xF3, 0xB1, 0x3A,
    0x7D, 0xE8, 0x5F, 0x1D, 0x50, 0x79, 0xE8, 0x64, 0x5D, 0x16, 0xBC, 0xBA, 0xD3, 0x42, 0x8A, 0x64,
    0x3A, 0xC3, 0x95, 0x83, 0x8A, 0x10, 0x03, 0x9C, 0x46, 0xCC, 0x70, 0x72, 0xD0, 0xF4, 0xF0, 0x14,
    0x3D, 0x08, 0x05, 0x43, 0xBA, 0x5D, 0x60, 0x1F, 0xC7, 0x38, 0x27, 0x06, 0x86, 0xCE, 0x70, 0xED,
    0x76, 0x0F, 0xB4, 0x61, 0x76, 0xD0, 0xAB, 0xE9, 0x8D, 0x6D, 0x98, 0xDD, 0x02, 0xF5, 0x68, 0x67,
    0x3B, 0xB5, 0xFF, 0x00, 0x94, 0x69, 0xBB, 0x64, 0x55, 0x4F, 0xAC, 0x3A, 0x34, 0x2C, 0x3F, 0xD7,
    0x3F, 0x36, 0x89, 0xA1, 0x93, 0x1E, 0x79, 0x0B, 0x62, 0x94, 0x1B, 0x03, 0x09, 0xA4, 0x69, 0xC9,
    0xB5, 0x1D, 0x6E, 0x64, 0xCE, 0xE8, 0x63, 0x2D, 0x7B, 0xF7, 0x38, 0x90, 0x5C, 0xE0, 0xC6, 0xB0,
    0xC3, 0x8D, 0x8B, 0x14, 0xBF, 0x85, 0x61, 0x36, 0x03, 0x52, 0x4E, 0xE1, 0xAA, 0x79, 0x0A, 0x17,
    0x2E, 0x15, 0xC6, 0x55, 0xED, 0x40, 0x16, 0x3D, 0xDB, 0x7A, 0x2D, 0x7D, 0xF6, 0xD7, 0x2E, 0x76,
    0x08, 0xEE, 0x90, 0x48, 0xD8, 0x8C, 0x52, 0xC9, 0xA5, 0xF7, 0xA0, 0x27, 0x7E, 0x2B, 0x3D, 0x11,
    0xCF, 0x0A, 0xE9, 0x61, 0x45, 0x1B, 0x9A, 0x3A, 0xA2, 0xAC, 0xFB, 0xB3, 0x95, 0x4D, 0xD0, 0x48,
    0x8F, 0xD0, 0x02, 0x6D, 0x13, 0x9D, 0x8F, 0x70, 0x03, 0x3D, 0xAA, 0x7A, 0xF8, 0xC0, 0x4B, 0xD9,
    0xF8, 0x5D, 0x4D, 0xA5, 0x43, 0xA9, 0x61, 0xE3, 0xB0, 0x87, 0x27, 0x89, 0x7A, 0x98, 0x4A, 0xDC,
    0xD3, 0xF2, 0xFB, 0x37, 0x8D, 0xA4, 0xFD, 0xEB, 0x06, 0x98, 0x76, 0x38, 0xAA, 0x07, 0xB5, 0x5D,
    0xDF, 0xAD, 0x27, 0x6D, 0xDF, 0xA5, 0x38, 0xA6, 0x4B, 0x82, 0xBA, 0xEF, 0xE2, 0x5F, 0xDB, 0xBE,
    0x8B, 0x9E, 0x16, 0x7D, 0x17, 0x3E, 0x35, 0x7D, 0xE7, 0xBF, 0x14, 0x3C, 0x36, 0x78, 0x78, 0x3D,
    0x1E, 0x38, 0xA2, 0x07, 0xDA, 0xBD, 0x23, 0x58, 0xE1, 0xB6, 0xDC, 0xB5, 0x7F, 0xC5, 0xFD, 0x40,
    0x7C, 0x9F, 0x01, 0xE2, 0xA2, 0x07, 0x9D, 0x7D, 0x8F, 0x3D, 0x41, 0x13, 0xD8, 0x47, 0x16, 0xA6,
    0x80, 0x04, 0x10, 0x01, 0x02, 0xC0, 0xA4, 0xDF, 0xB1, 0x8B, 0xF6, 0xD4, 0x2E, 0x54, 0x13, 0xE8,
    0x93, 0x61, 0x87, 0x6B, 0x46, 0xA6, 0x95, 0xA8, 0x7B, 0xC6, 0x63, 0x3D, 0x06, 0xAA, 0xD1, 0x40,
    0x91, 0xC6, 0x72, 0xB2, 0x2A, 0x90, 0xDA, 0x85, 0x6E, 0x25, 0x37, 0x36, 0xE3, 0xCB, 0x5B, 0xCB,
    0x4D, 0x68, 0x9D, 0xC5, 0x68, 0xA1, 0xFC, 0x25, 0x67, 0x4B, 0x19, 0x75, 0xBF, 0x96, 0xE1, 0x60,
    0x54, 0xCB, 0xCB, 0x40, 0x37, 0x1B, 0x31, 0xDC, 0x7C, 0x08, 0x0C, 0x6B, 0x8F, 0xAB, 0x21, 0x1E,
    0x3D, 0x7E, 0x79, 0x11, 0xC3, 0xF1, 0x2F, 0x07, 0x10, 0x4B, 0x3B, 0xA4, 0xD5, 0x45, 0x8A, 0xD8,
    0x53, 0xC7, 0xFD, 0xB8, 0x81, 0xBA, 0x0C, 0x90, 0xDD, 0x9D, 0xDA, 0xF7, 0xDE, 0xBB, 0x70, 0x35,
    0xB0, 0x6D, 0x1D, 0xE7, 0x52, 0x70, 0x74, 0xAB, 0x25, 0xBC, 0x97, 0xF4, 0x4A, 0x80, 0x58, 0xE7,
    0x4B, 0xF9, 0x82, 0xFE, 0x0C, 0xF1, 0x0F, 0x19, 0x35, 0xFC, 0x70, 0x8A, 0x3C, 0x4B, 0xE3, 0x01,
    0x33, 0x91, 0x57, 0xCC, 0xA8, 0xDB, 0x31, 0xA3, 0x96, 0xD2, 0x8E, 0x09, 0x8D, 0x8F, 0x44, 0x12,
    0x19, 0x35, 0xDE, 0xB3, 0x23, 0xCD, 0xA8, 0xE1, 0x50, 0x5F, 0x30, 0x4E, 0x37, 0x84, 0xD9, 0xDD,
    0x87, 0xB7, 0xB6, 0xA9, 0xC1, 0x0F, 0x82, 0xD1, 0xDF, 0x7C, 0x3F, 0x40, 0xDC, 0x69, 0x72, 0x58,
    0x4D, 0x02, 0x7C, 0x58, 0x1D, 0x90, 0x26, 0x75, 0xC5, 0xEA, 0x94, 0x11, 0x55, 0xB2, 0xD1, 0x51,
    0x87, 0x74, 0xD9, 0x48, 0x0C, 0x68, 0x1D, 0x78, 0x4C, 0x5A, 0x0F, 0x7E, 0xA0, 0x63, 0xB6, 0x40,
    0x27, 0x2F, 0x6B, 0xBA, 0xFB, 0x94, 0x8E, 0x5F, 0x43, 0x40, 0xCC, 0x00, 0x1D, 0x7D, 0x28, 0xDB,
    0xB8, 0xA8, 0xA1, 0xC2, 0xEF, 0x19, 0x2D, 0xB1, 0x22, 0x81, 0xA0, 0x90, 0xCF, 0x33, 0x9D, 0x0E,
    0x3B, 0x8D, 0x01, 0x51, 0xCF, 0x78, 0x50, 0x44, 0x2B, 0x61, 0x3A, 0x10, 0x4F, 0x85, 0x3E, 0x1D,
    0x89, 0x18, 0xC2, 0x45, 0x95, 0x26, 0x38, 0xC9, 0xAF, 0xA7, 0xF1, 0x4D, 0xA4, 0xF9, 0x08, 0x58,
    0x7F, 0x40, 0x34, 0x41, 0x0C, 0xFB, 0x0C, 0x87, 0xB6, 0x5D, 0xF0, 0x39, 0x8E, 0xED, 0x5A, 0xFF,
    0x6F, 0x38, 0x78, 0xDD, 0xF8, 0xCF, 0x71, 0xF4, 0xB2, 0x9E, 0xBC, 0x64, 0x26, 0x59, 0x79, 0x9A,
    0x70, 0x59, 0xE1, 0x4F, 0x62, 0x19, 0xE4, 0x93, 0x62, 0x54, 0x5E, 0xD2, 0x8C, 0x5C, 0x67, 0x44,
    0x7F, 0x20, 0xE6, 0x19, 0xC3, 0x67, 0xCC, 0x6C, 0x31, 0x1C, 0x76, 0xE3, 0x1B, 0xD1, 0x4F, 0x72,
    0x6C, 0xB8, 0x24, 0x71, 0x3D, 0x84, 0xE8, 0xB7, 0x70, 0x2A, 0x21, 0x39, 0x81, 0xCC, 0x72, 0xAB,
    0x97, 0xFA, 0xD0, 0xBF, 0x6A, 0x1B, 0xBA, 0xFD, 0x64, 0xE4, 0x0E, 0xB7, 0xD7, 0xB5, 0x59, 0x72,
    0xB2, 0x5F, 0xA8, 0xEC, 0x60, 0x05, 0x34, 0x69, 0xDE, 0xF5, 0x40, 0xAE, 0x59, 0x11, 0xF6, 0x66,
    0x77, 0x19, 0x84, 0xCD, 0x69, 0xB2, 0xC6, 0xF5, 0x27, 0x89, 0x1A, 0x73, 0xB8, 0x27, 0xDB, 0xEE,
    0x46, 0xC6, 0x8C, 0x80, 0xA9, 0xDD, 0x6C, 0x66, 0x90, 0xA7, 0xD4, 0x0A, 0x4D, 0x8E, 0xB4, 0x7C,
    0x2E, 0xEF, 0xBA, 0x17, 0x86, 0x33, 0xE7, 0x9A, 0x85, 0xA4, 0x5A, 0x26, 0xB0, 0xC2, 0x30, 0x54,
    0x2F, 0xA8, 0x00, 0x8A, 0x08, 0x94, 0x12, 0x28, 0x28, 0x58, 0xD8, 0x35, 0x5A, 0x62, 0xAC, 0xB4,
    0x84, 0xB8, 0x30, 0xBB, 0xAC, 0xCB, 0xFA, 0x7A, 0xED, 0xBF, 0xF3, 0xBE, 0x5E, 0x73, 0x26, 0xE3,
    0x8F, 0x43, 0xDE, 0x6B, 0xFC, 0x2F, 0x6D, 0xF0, 0x59, 0x15, 0xDD, 0x6C, 0x62, 0x69, 0x53, 0x79,
    0x3C, 0x3B, 0x09, 0x7C, 0x90, 0x9B, 0x09, 0x0B, 0xDF, 0x4E, 0x5C, 0x01, 0x4F, 0x9F, 0x3D, 0xEA,
    0xB5, 0xCC, 0x5A, 0x88, 0x37, 0x04, 0x6E, 0xC8, 0x5E, 0x23, 0x08, 0x2C, 0x3A, 0x46, 0x83, 0xE1,
    0xC9, 0x6F, 0x86, 0xCC, 0x2D, 0xC2, 0x6E, 0x7A, 0xA1, 0x90, 0x4A, 0x6A, 0x24, 0xE3, 0x83, 0x64,
    0x4C, 0x40, 0x4D, 0xB2, 0x2D, 0x72, 0x42, 0x14, 0xCC, 0x23, 0xA4, 0x9A, 0x3E, 0x41, 0xEF, 0x39,
    0x86, 0x39, 0x53, 0xCC, 0x9D, 0x62, 0x8D, 0xA7, 0x89, 0x6B, 0x77, 0x5A, 0xB0, 0x2C, 0xE4, 0x3D,
    0xCD, 0x18, 0x4E, 0x1C, 0xD6, 0x4A, 0xFD, 0xCA, 0x4F, 0x64, 0x4C, 0x54, 0x37, 0xA7, 0x89, 0xEA,
    0x79, 0xEB, 0xF4, 0x36, 0x50, 0x70, 0xF7, 0xB4, 0x48, 0x0E, 0x1D, 0x93, 0x5A, 0xB8, 0xAD, 0x18,
    0x4E, 0x4C, 0x1D, 0x8F, 0xC2, 0x6A, 0x2C, 0x08, 0x74, 0x8C, 0x73, 0x38, 0x97, 0x6B, 0x58, 0x14,
    0x84, 0x70, 0x24, 0x4C, 0x82, 0x79, 0xC6, 0x1C, 0x2C, 0x5E, 0xCF, 0xEE, 0x22, 0x91, 0x60, 0x32,
    0xE1, 0xE8, 0x08, 0xB5, 0x86, 0xCB, 0x90, 0xD8, 0x20, 0xE1, 0xD6, 0x24, 0xDB, 0x2B, 0xA1, 0x01,
    0x7B, 0x08, 0x73, 0xD6, 0x77, 0x05, 0xCC, 0xD3, 0x67, 0x56, 0x85, 0xE4, 0xA8, 0xB8, 0x7E, 0x24,
    0xE3, 0xDF, 0x2B, 0x1A, 0x0F, 0x0D, 0xCF, 0x20, 0xBA, 0xB8, 0x04, 0xD1, 0xF5, 0x25, 0x88, 0x92,
    0xC8, 0x1F, 0xD3, 0x0B, 0x3F, 0x44, 0x7D, 0x42, 0x24, 0xE0, 0x65, 0x59, 0xB9, 0xEC, 0x40, 0x5C,
    0x83, 0xB1, 0xF0, 0xA1, 0x47, 0x27, 0xD5, 0x5F, 0xC2, 0xDA, 0x49, 0xAB, 0xC0, 0xAB, 0x60, 0x9A,
    0x53, 0xC1, 0x76, 0x2E, 0xBF, 0x0A, 0x1A, 0x7F, 0x4C, 0x53, 0xAF, 0x52, 0x30, 0x54, 0xEA, 0x28,
    0x55, 0x8A, 0xC5, 0x25, 0x85, 0x75, 0x2E, 0x29, 0x82, 0x0B, 0xC2, 0xB0, 0x3A, 0xAE, 0x14, 0xB5,
    0x59, 0xCA, 0x44, 0x1D, 0x42, 0xCD, 0x1C, 0xCD, 0xB5, 0x40, 0x7F, 0x35, 0x8E, 0x73, 0x1E, 0x2C,
    0x2C, 0x85, 0xE6, 0xA4, 0x17, 0xAE, 0x69, 0x62, 0xEF, 0x55, 0x53, 0xF7, 0x1F, 0xD7, 0x66, 0xCF,
    0xDE, 0x3C, 0x43, 0x38, 0x2E, 0x65, 0x9D, 0xC2, 0x4C, 0x51, 0x45, 0x4E, 0xFF, 0xFF, 0xC7, 0x15,
    0xAC, 0xB9, 0x12, 0xE4, 0x82, 0x7E, 0xAA, 0xB8, 0xEC, 0x36, 0xA0, 0x69, 0x81, 0xB5, 0xD5, 0xAB,
    0x1D, 0xFD, 0xA4, 0x6E, 0x4F, 0xBF, 0x87, 0x3D, 0xD0, 0x76, 0xD4, 0x86, 0x2E, 0x7E, 0xA0, 0x90,
    0x1F, 0xAA, 0xDB, 0x97, 0x45, 0xB1, 0x29, 0xC8, 0x76, 0xC0, 0x8A, 0x4E, 0x2D, 0xBD, 0xB2, 0xC1,
    0x5D, 0xC4, 0xAE, 0xCE, 0x1E, 0x75, 0x0B, 0x79, 0xBC, 0xD0, 0xA8, 0x1B, 0x3B, 0xE3, 0x95, 0x2D,
    0xF3, 0x1C, 0x59, 0x23, 0x96, 0xE4, 0xB7, 0xFB, 0x44, 0xD3, 0xC2, 0x1F, 0x19, 0xBA, 0xC9, 0xB1,
    0xB1, 0x42, 0xD8, 0x48, 0xFC, 0xCF, 0xB7, 0x3D, 0x67, 0x1B, 0x7C, 0x5C, 0xF8, 0x42, 0x90, 0x7C,
    0x41, 0x88, 0xEF, 0x52, 0xCA, 0xF1, 0xA3, 0x00, 0x9D, 0x3F, 0x78, 0xF4, 0x6F, 0x67, 0x22, 0xF7,
    0xDC, 0x4C, 0x36, 0x31, 0x92, 0x94, 0xA0, 0x1E, 0x4B, 0x72, 0xFD, 0x26, 0x84, 0x22, 0x3E, 0xD1,
    0x22, 0x9D, 0x1F, 0x4F, 0xF8, 0x25, 0xC9, 0x6B, 0x3B, 0x06, 0x2D, 0xB8, 0xEC, 0x66, 0xAC, 0x1D,
    0x33, 0xAB, 0x5F, 0x29, 0x52, 0x95, 0x5F, 0x46, 0xBD, 0x84, 0xEC, 0x4B, 0xC3, 0xCF, 0x03, 0x4E,
    0x79, 0x77, 0x6C, 0x3B, 0x09, 0x3F, 0xF9, 0xC6, 0xB6, 0x12, 0x7C, 0xFA, 0xF5, 0xDF, 0x11, 0x07,
    0xFF, 0xF1, 0xC5, 0xBF, 0xF0, 0xFC, 0xFA, 0x93, 0x6F, 0x6A, 0x99, 0x1C, 0xDB, 0x63, 0xAC, 0x7F,
    0x63, 0xDE, 0x58, 0xFA, 0x50, 0xAD, 0x3C, 0xF5, 0x3B, 0xC3, 0x72, 0x0C, 0x4D, 0xE3, 0x47, 0x04,
    0xFD, 0x98, 0xC3, 0xB4, 0xF6, 0x75, 0x33, 0x96, 0xA9, 0x3C, 0x93, 0x80, 0x77, 0xEF, 0xBF, 0x8D,
    0x8E, 0x85, 0x15, 0x0A, 0xF1, 0x22, 0xD1, 0x88, 0xBF, 0x04, 0xB6, 0x67, 0x68, 0x30, 0x23, 0x0D,
    0xE9, 0x2E, 0x0D, 0xAF, 0x9A, 0x2D, 0x0D, 0xD5, 0x96, 0x86, 0xE2, 0xF4, 0x2B, 0xCE, 0x35, 0x66,
    0x65, 0x38, 0x2E, 0xC2, 0x51, 0xB9, 0xEB, 0xD1, 0xF6, 0x6E, 0x77, 0x0C, 0x4E, 0xB0, 0x28, 0x0D,
    0xC3, 0x9A, 0x43, 0x30, 0x80, 0x31, 0xBB, 0x78, 0x78, 0x90, 0xBB, 0x01, 0x4D, 0x6E, 0x14, 0x2C,
    0x9B, 0x07, 0xFD, 0x6A, 0xB5, 0xDB, 0xB0, 0xF4, 0x46, 0x25, 0x4B, 0x43, 0x02, 0xB1, 0xEA, 0xDC,
    0x28, 0xC3, 0xD1, 0x30, 0x96, 0xDC, 0xC5, 0x6F, 0xBB, 0x2B, 0xAF, 0xF5, 0x38, 0x4D, 0x03, 0xD9,
    0x79, 0xE7, 0x87, 0x8D, 0x90, 0xB6, 0x21, 0xDA, 0x97, 0x06, 0xC8, 0xE1, 0xEF, 0xCE, 0x68, 0xC5,
    0x55, 0x58, 0x8B, 0x1D, 0x82, 0xD6, 0x7B, 0x10, 0x6D, 0xFC, 0x3A, 0xB9, 0xFB, 0x15, 0xAB, 0x6D,
    0xFB, 0x33, 0x38, 0x87, 0xFF, 0x01, 0xBD, 0x59, 0xBD, 0x8F, 0xDC, 0xC6, 0x15, 0x7F, 0x24, 0x25,
    0x51, 0x30, 0x13, 0x8C, 0x0A, 0x1D, 0x12, 0x41, 0xB2, 0xD8, 0xBA, 0xD1, 0xB1, 0x51, 0x82, 0x14,
    0xB7, 0x3B, 0xD4, 0x19, 0x48, 0xCA, 0xA8, 0xD0, 0xDA, 0x85, 0x0A, 0xA5, 0x48, 0x17, 0x24, 0x6A,
    0x5C, 0xA8, 0xD8, 0x0F, 0xC2, 0x2E, 0xD3, 0x08, 0x08, 0x62, 0x17, 0x29, 0x92, 0xC2, 0x7F, 0x80,
    0x0C, 0xA8, 0x58, 0x01, 0x7B, 0x4B, 0x26, 0x2E, 0x52, 0x86, 0x36, 0x70, 0x69, 0x52, 0x98, 0x48,
    0x7C, 0xE9, 0x82, 0x0C, 0x20, 0x0A, 0xE1, 0xC5, 0xB3, 0x3B, 0xF9, 0xBD, 0x47, 0xEE, 0xDD, 0x49,
    0x77, 0x72, 0x74, 0x77, 0xD2, 0x2D, 0xF9, 0x1E, 0xC9, 0xF9, 0x78, 0xF3, 0x66, 0xDE, 0xE7, 0xCC,
    0xC6, 0xA4, 0x33, 0x9D, 0xC5, 0xC4, 0xBF, 0x98, 0x92, 0xC3, 0x57, 0xCA, 0x17, 0x5D, 0x43, 0x35,
    0x43, 0x9E, 0x51, 0xE8, 0x6A, 0x8A, 0x97, 0x0B, 0xD2, 0xD7, 0x34, 0x8D, 0xAE, 0x5D, 0xA1, 0x19,
    0xCA, 0x6D, 0x07, 0xFC, 0x3E, 0xBA, 0x76, 0x4E, 0xEA, 0x92, 0x7F, 0x2D, 0x29, 0x72, 0x0D, 0x79,
    0xF9, 0x43, 0xDA, 0xEB, 0x9F, 0x7C, 0x4D, 0x9E, 0x5B, 0x52, 0xB8, 0x9B, 0xA7, 0x51, 0xA1, 0x70,
    0x5D, 0xC8, 0x54, 0x46, 0xC4, 0x10, 0x6F, 0xDF, 0xA6, 0xDC, 0x19, 0x01, 0x55, 0xD0, 0x1E, 0x44,
    0xFC, 0x4C, 0xC3, 0x62, 0x32, 0xB8, 0x57, 0xE4, 0xCE, 0x01, 0x96, 0xCC, 0xEC, 0xB9, 0x8D, 0x64,
    0x71, 0x43, 0x3B, 0xB7, 0x8C, 0xEB, 0xA8, 0x51, 0x99, 0x57, 0x27, 0x44, 0xC3, 0x1E, 0xD1, 0xC6,
    0x06, 0xD1, 0x0D, 0xC0, 0x3A, 0x3F, 0xF9, 0x1B, 0x73, 0x9B, 0xA9, 0xC2, 0xAF, 0x93, 0xDD, 0x7B,
    0xB6, 0xEF, 0xDC, 0xF8, 0x72, 0xDC, 0x5C, 0x1C, 0x53, 0x54, 0x6A, 0x50, 0x8F, 0x31, 0x37, 0x55,
    0x68, 0x0A, 0xCB, 0x11, 0x05, 0xC6, 0x92, 0xF7, 0xAC, 0x26, 0xC2, 0xF8, 0xE7, 0xF3, 0x1D, 0x8A,
    0x9D, 0x13, 0xA0, 0x38, 0xDD, 0x7B, 0x3F, 0x7F, 0xFF, 0xB7, 0xF2, 0xBD, 0x82, 0x59, 0xF7, 0x93,
    0xE5, 0x5B, 0x7D, 0x78, 0x2E, 0x8D, 0x5C, 0x15, 0xFF, 0x15, 0x1C, 0xCD, 0x12, 0xBA, 0x14, 0x67,
    0x14, 0x19, 0x8A, 0xE6, 0xB4, 0x11, 0x55, 0x0F, 0xC8, 0xCE, 0xA8, 0x37, 0xA6, 0xEB, 0xBA, 0x5A,
    0x57, 0xCB, 0x2D, 0x8F, 0x97, 0xB2, 0x22, 0x1F, 0x83, 0x36, 0x7D, 0xB2, 0xC9, 0xAD, 0x46, 0x39,
    0x13, 0xB8, 0x82, 0x2E, 0xD1, 0x86, 0x4A, 0xB7, 0xE2, 0x0C, 0x98, 0xC2, 0x25, 0xC6, 0xCA, 0xD1,
    0x32, 0x58, 0xBE, 0xB7, 0x24, 0x55, 0x51, 0x92, 0x25, 0x9B, 0xCB, 0xA8, 0xEC, 0x2B, 0xF7, 0xB9,
    0x19, 0xEA, 0xDF, 0x99, 0x7A, 0x3A, 0xF4, 0x4C, 0xD3, 0x4C, 0xE9, 0xF6, 0xB4, 0x9E, 0x82, 0x0D,
    0x79, 0x93, 0xB2, 0xA1, 0xBE, 0x5B, 0xD5, 0xD2, 0x4E, 0x7A, 0x48, 0x5F, 0xA1, 0x22, 0xF4, 0x84,
    0xB2, 0x0F, 0x92, 0xAE, 0x4C, 0x7C, 0x43, 0x9E, 0xA1, 0x5F, 0x98, 0xD8, 0x19, 0x7D, 0xCB, 0x6C,
    0x78, 0xA6, 0x17, 0x98, 0xC4, 0x99, 0xE8, 0x99, 0xA1, 0x31, 0x84, 0x60, 0x35, 0x96, 0x67, 0x8B,
    0xA2, 0x2F, 0x6B, 0x4A, 0x7E, 0x52, 0x49, 0xD1, 0x38, 0x2E, 0xE4, 0x5D, 0xFD, 0xA9, 0x96, 0xA5,
    0xE3, 0x36, 0x5C, 0xB1, 0x36, 0xB8, 0x33, 0x71, 0x16, 0x37, 0x96, 0x7E, 0x75, 0x5F, 0x26, 0x8F,
    0x75, 0xA7, 0x86, 0xEE, 0x60, 0xB8, 0x32, 0xC9, 0xFA, 0x14, 0x94, 0x43, 0x5D, 0x9A, 0xC7, 0x37,
    0xCD, 0xA3, 0x47, 0x37, 0x1F, 0x7D, 0x60, 0x00, 0x8F, 0x74, 0xF9, 0xF8, 0x83, 0x1F, 0x54, 0x66,
    0xE3, 0xE6, 0x67, 0x26, 0x81, 0x44, 0xD4, 0xCE, 0x24, 0x0B, 0xDC, 0x82, 0xE8, 0x7E, 0x45, 0x6B,
    0x77, 0x72, 0x9B, 0x83, 0x22, 0x45, 0x96, 0x12, 0x47, 0x3D, 0x95, 0x3D, 0x08, 0x8A, 0x61, 0x58,
    0xF4, 0xEF, 0x65, 0xB1, 0xA3, 0xB0, 0x21, 0xEA, 0xD3, 0x1E, 0x40, 0x49, 0x52, 0x86, 0xB5, 0xF1,
    0xE0, 0xB9, 0x72, 0xFE, 0xAD, 0x0D, 0x06, 0x7B, 0xF5, 0x51, 0x43, 0xDA, 0x41, 0x37, 0x32, 0x56,
    0x3F, 0x68, 0xCF, 0x16, 0xE6, 0x41, 0x90, 0xD6, 0xC4, 0x65, 0xB9, 0x2B, 0xA2, 0x5D, 0xD4, 0xA6,
    0x0F, 0x22, 0xAE, 0xF5, 0x17, 0xD0, 0xDA, 0x14, 0x9A, 0x38, 0x8D, 0x0A, 0xD4, 0x46, 0x0B, 0x98,
    0x4A, 0x9F, 0x86, 0xF4, 0x18, 0x38, 0x4E, 0xFF, 0x3F, 0x24, 0xA9, 0x26, 0x9D, 0xEA, 0x2F, 0x5C,
    0xA6, 0xDD, 0x57, 0xA6, 0x3F, 0xD9, 0x34, 0x07, 0xD9, 0x5A, 0x81, 0x07, 0x05, 0x53, 0x00, 0xBD,
    0xBC, 0x4F, 0x93, 0x45, 0x4C, 0x39, 0xC0, 0x75, 0x4F, 0xFE, 0xD6, 0x80, 0x18, 0x10, 0x02, 0xE8,
    0x72, 0x2C, 0x06, 0x7B, 0x14, 0xC4, 0x3C, 0x56, 0x1A, 0x43, 0x89, 0x6E, 0xD2, 0x98, 0xC2, 0x2C,
    0xCC, 0x1C, 0xDE, 0x55, 0x39, 0x29, 0xFF, 0x53, 0xBE, 0x5B, 0x06, 0x07, 0xAE, 0x4E, 0x53, 0xD3,
    0xBA, 0x4F, 0xB3, 0x1E, 0x5B, 0xCF, 0x06, 0x30, 0xDE, 0x51, 0x82, 0x72, 0xD4, 0x1E, 0x14, 0xB0,
    0xD7, 0xB0, 0x80, 0x3B, 0xA9, 0xAF, 0xB4, 0x40, 0x14, 0xC3, 0x4A, 0x1B, 0x2E, 0x8A, 0x2A, 0x0A,
    0x0B, 0x8D, 0x3E, 0xF4, 0xC3, 0x8A, 0x7A, 0xE4, 0x57, 0x34, 0x65, 0x64, 0x80, 0x82, 0x12, 0x08,
    0xAB, 0xE9, 0x57, 0xE0, 0xD2, 0xAF, 0x36, 0xFC, 0xDA, 0xAF, 0xA6, 0x61, 0x0D, 0xB5, 0x53, 0xA0,
    0x5F, 0x5C, 0xAF, 0x61, 0xE4, 0x1B, 0x35, 0x5D, 0xA7, 0x69, 0x0D, 0x95, 0x31, 0x35, 0xD5, 0x9E,
    0x5B, 0xF8, 0x60, 0x62, 0x11, 0xC2, 0x01, 0xD4, 0x42, 0x99, 0x84, 0x74, 0x4B, 0xBB, 0x25, 0xDE,
    0x52, 0x6F, 0xC9, 0xB7, 0xF4, 0xDB, 0x01, 0x78, 0x84, 0xA0, 0x01, 0x9E, 0x2A, 0x58, 0xB0, 0x67,
    0x92, 0x7B, 0x84, 0x41, 0xCE, 0x29, 0x76, 0x25, 0xF4, 0x36, 0x61, 0x18, 0x7A, 0xC0, 0xAA, 0x89,
    0xEE, 0x54, 0x53, 0xB4, 0xCD, 0x2F, 0x89, 0x83, 0x97, 0x61, 0x8C, 0xB1, 0xBC, 0x8A, 0xB4, 0x45,
    0x0F, 0x7A, 0x32, 0xE4, 0x1E, 0x68, 0xB9, 0x0E, 0x7B, 0xA9, 0x21, 0x73, 0x0A, 0x2D, 0x7A, 0xC0,
    0xBF, 0x70, 0xD7, 0x27, 0x63, 0x66, 0x6E, 0x62, 0x15, 0xCD, 0x60, 0xC8, 0x37, 0x3C, 0x56, 0xD1,
    0x61, 0xC0, 0xD8, 0x84, 0x70, 0x0A, 0x41, 0xA9, 0xA0, 0xFD, 0x51, 0xC6, 0xBE, 0x48, 0x89, 0x67,
    0xEA, 0x41, 0xBB, 0x52, 0xF0, 0x0D, 0x0C, 0x7B, 0x23, 0x29, 0xA1, 0x5C, 0xEE, 0x1E, 0x75, 0xBF,
    0x9E, 0xDC, 0x33, 0xF2, 0xB1, 0xAE, 0x06, 0xEE, 0x19, 0x42, 0xC4, 0x17, 0xEE, 0xD9, 0x16, 0xD6,
    0xFB, 0x93, 0x26, 0x76, 0x95, 0x0F, 0xCB, 0x65, 0x17, 0x24, 0xCE, 0x91, 0x78, 0xEE, 0xCC, 0xF1,
    0xA1, 0x1F, 0x56, 0x40, 0xF8, 0xC5, 0xE8, 0x0B, 0x46, 0x13, 0xF6, 0xC0, 0xD0, 0x74, 0xD2, 0xEC,
    0x70, 0x7B, 0xEC, 0x5D, 0x67, 0x11, 0x3A, 0xDB, 0x00, 0x33, 0xAE, 0xA1, 0xFD, 0xFE, 0xB3, 0xF7,
    0x20, 0x0C, 0x07, 0xAF, 0x1D, 0x3A, 0x58, 0x30, 0x1A, 0x8C, 0x18, 0x69, 0x1E, 0x2C, 0xC1, 0x03,
    0xE6, 0xA1, 0x5B, 0xAF, 0xAC, 0x3B, 0x4E, 0x89, 0x85, 0x40, 0x2C, 0x83, 0xB3, 0x1B, 0xDC, 0xFB,
    0xC3, 0x1E, 0xE5, 0x5F, 0x31, 0x17, 0x4C, 0xEF, 0xCC, 0x06, 0x7F, 0x6B, 0x13, 0xEB, 0x0E, 0x25,
    0x81, 0xF0, 0xC6, 0x67, 0x39, 0xE9, 0x1E, 0xEB, 0x36, 0x9B, 0x5C, 0xFB, 0x76, 0x66, 0xE3, 0xFA,
    0x4C, 0x59, 0x71, 0xC8, 0xBD, 0xAE, 0x56, 0x48, 0x3E, 0xA5, 0xE2, 0x8D, 0xAB, 0x99, 0xE3, 0x08,
    0x30, 0x17, 0xDC, 0x2C, 0x06, 0x77, 0xC8, 0xE7, 0x50, 0xD3, 0x06, 0x1C, 0xC4, 0x70, 0x19, 0xB3,
    0x60, 0x1C, 0xA7, 0x8B, 0xC1, 0x6D, 0x74, 0x65, 0x7A, 0x63, 0xC1, 0x7C, 0xB1, 0x4F, 0x05, 0x0E,
    0x04, 0x87, 0xCF, 0x06, 0x96, 0x3B, 0x71, 0x39, 0x68, 0x83, 0x1A, 0x12, 0x1B, 0x24, 0x10, 0x18,
    0x0A, 0x98, 0xAE, 0x32, 0xEF, 0xCE, 0x95, 0xF0, 0xAF, 0x77, 0x1B, 0xB8, 0x4B, 0x34, 0x43, 0xFD,
    0x98, 0xD9, 0x59, 0x07, 0x7F, 0xC4, 0x01, 0x82, 0xC4, 0x12, 0x3B, 0x24, 0x9F, 0x52, 0xA1, 0xF9,
    0x96, 0xC6, 0xD2, 0x2D, 0xDC, 0xBD, 0x5B, 0xF3, 0xC8, 0x98, 0x72, 0xCC, 0x44, 0x89, 0x8D, 0xD4,
    0x93, 0xE5, 0x7A, 0x7B, 0x85, 0xC4, 0x49, 0x10, 0xB4, 0x28, 0x84, 0x5F, 0x34, 0x62, 0x40, 0xD3,
    0x7D, 0x71, 0x62, 0xBE, 0xB8, 0xC1, 0x21, 0xC7, 0xD5, 0xD5, 0x8D, 0x09, 0x62, 0x1E, 0xB8, 0x0F,
    0x16, 0x4A, 0xF9, 0x1D, 0xF0, 0xCF, 0x53, 0xC0, 0xAC, 0xE0, 0xAC, 0xD6, 0xC5, 0xAF, 0x9C, 0x92,
    0xD4, 0xCF, 0x31, 0x01, 0x0A, 0xFE, 0x96, 0xA9, 0x77, 0xAB, 0x53, 0x92, 0x52, 0x9B, 0x65, 0xFC,
    0x91, 0x01, 0x3E, 0x25, 0x1D, 0x24, 0x4E, 0x50, 0x0E, 0x76, 0xC6, 0x24, 0x52, 0x7F, 0x85, 0x2B,
    0x4D, 0xD0, 0xE7, 0x41, 0x37, 0xAA, 0x7D, 0x85, 0xCB, 0x7B, 0x48, 0x11, 0x22, 0x19, 0xA2, 0x60,
    0x9C, 0xEE, 0xDB, 0x96, 0x39, 0xC9, 0x3D, 0x54, 0x84, 0x04, 0x6E, 0xA8, 0xE8, 0x94, 0x74, 0x90,
    0x32, 0xA5, 0x6C, 0x26, 0x88, 0x7F, 0x3B, 0x77, 0x2D, 0xAB, 0xCB, 0x9C, 0x51, 0x92, 0x02, 0xA9,
    0x8C, 0x51, 0x71, 0x75, 0x07, 0xC9, 0xB4, 0x43, 0xB6, 0xD6, 0x22, 0x94, 0x09, 0x52, 0xC5, 0xAA,
    0x89, 0x34, 0x9E, 0x77, 0x04, 0x84, 0x94, 0xE4, 0xD0, 0xEF, 0x7C, 0x1F, 0xB2, 0xC0, 0xA4, 0xFF,
    0x5E, 0x3F, 0xE7, 0x4B, 0x50, 0x65, 0x1D, 0x03, 0xC2, 0x3B, 0x74, 0xD8, 0x7E, 0x63, 0xC8, 0xEE,
    0x36, 0x64, 0x2D, 0xC2, 0x0F, 0xE2, 0xBD, 0xB5, 0x71, 0x66, 0xAD, 0x2A, 0xAD, 0x85, 0x15, 0x5A,
    0xBF, 0x81, 0xC0, 0x2C, 0xA0, 0x0F, 0x48, 0x00, 0x0A, 0x10, 0x02, 0x10, 0xBD, 0x12, 0x11, 0x14,
    0x3B, 0x2B, 0x8E, 0x92, 0xE4, 0x97, 0x87, 0xFD, 0xE5, 0x41, 0xA3, 0xAB, 0xF7, 0x8C, 0x4E, 0xB3,
    0x45, 0x25, 0xE9, 0x88, 0x1D, 0xC1, 0x16, 0x93, 0x98, 0xB1, 0xC0, 0x05, 0xC9, 0xE7, 0xA8, 0xF3,
    0x10, 0xB2, 0x35, 0xD1, 0xDC, 0x6D, 0xD1, 0x1A, 0x9D, 0x90, 0xA2, 0xAB, 0xB2, 0x41, 0x90, 0x8C,
    0x6F, 0xC8, 0x88, 0xA7, 0xE7, 0x99, 0xB3, 0x1C, 0x1C, 0x7A, 0x44, 0x92, 0x96, 0x52, 0xCC, 0x6C,
    0x8C, 0x54, 0x7A, 0x86, 0x83, 0xBF, 0xF5, 0x63, 0x76, 0x49, 0x90, 0x20, 0xFD, 0x68, 0x74, 0x96,
    0x93, 0xE6, 0xCD, 0x0A, 0xEB, 0x7C, 0xF7, 0x76, 0x76, 0x92, 0x86, 0x26, 0xD3, 0x77, 0xC5, 0x53,
    0x27, 0xD9, 0x82, 0xA2, 0x7F, 0xD4, 0xE4, 0x73, 0x65, 0x0E, 0x26, 0x5C, 0x06, 0xE7, 0x8F, 0xA4,
    0xF1, 0x4B, 0xE4, 0xFA, 0xE9, 0x5C, 0x3C, 0xC8, 0x39, 0xBA, 0xC8, 0x5D, 0x2E, 0x32, 0x4B, 0x7D,
    0x92, 0x50, 0x01, 0x96, 0xA0, 0xB8, 0x65, 0xC0, 0x2C, 0x45, 0x8E, 0xE3, 0x10, 0xB3, 0xD4, 0x67,
    0x96, 0xB0, 0x3D, 0x98, 0x21, 0x45, 0x2D, 0x66, 0xC8, 0xE5, 0x8A, 0x2D, 0x85, 0xDD, 0xEA, 0x28,
    0x66, 0x96, 0x7A, 0xCC, 0x52, 0xC3, 0x2C, 0x19, 0xB0, 0x14, 0x31, 0x4B, 0x8A, 0x59, 0x8A, 0x99,
    0xA5, 0x73, 0x9D, 0xC3, 0x69, 0x33, 0xA4, 0x75, 0xB6, 0x82, 0xE7, 0x17, 0x03, 0x46, 0x57, 0x1F,
    0x17, 0x78, 0x7B, 0x32, 0xC1, 0x56, 0x32, 0xD9, 0x99, 0x14, 0x11, 0xEF, 0x4B, 0xF3, 0xAF, 0xA1,
    0x68, 0x58, 0x09, 0x44, 0x55, 0xCE, 0x54, 0xE9, 0x85, 0xB4, 0xE0, 0xB5, 0x8D, 0x71, 0x01, 0xEB,
    0xA8, 0xB1, 0x9E, 0x4F, 0x10, 0xB8, 0xCD, 0xF0, 0x8D, 0x8C, 0xE1, 0x55, 0x43, 0xD9, 0x60, 0xF2,
    0xF3, 0x8D, 0xCC, 0xA1, 0xCD, 0x57, 0x85, 0x78, 0x73, 0x74, 0xBE, 0x2A, 0x4A, 0x86, 0xDD, 0xCD,
    0xA4, 0x55, 0xB2, 0xC0, 0x20, 0x60, 0xFB, 0x0D, 0x1C, 0x30, 0x59, 0xCE, 0x5D, 0x24, 0xF3, 0xD2,
    0xC9, 0x2A, 0xF9, 0x89, 0x24, 0x0B, 0x61, 0xC7, 0xC2, 0xC1, 0xFB, 0xDB, 0xD1, 0xC1, 0x3D, 0x9E,
    0x86, 0x32, 0x6A, 0x24, 0x33, 0x7A, 0x90, 0x63, 0x5F, 0xA8, 0x8A, 0x3E, 0x5C, 0xF5, 0x3E, 0xA8,
    0x82, 0xCB, 0xA5, 0x1E, 0xED, 0x5E, 0xDC, 0x1F, 0x5E, 0x40, 0xD2, 0x89, 0x3D, 0x39, 0x4D, 0x3E,
    0x59, 0x85, 0xAB, 0x11, 0x26, 0x33, 0x04, 0x58, 0x6A, 0xBE, 0x67, 0xA8, 0xD1, 0x05, 0x00, 0xEF,
    0xD8, 0x4D, 0x34, 0x50, 0xF4, 0x06, 0x49, 0x51, 0x0B, 0x49, 0xDA, 0xAC, 0xB9, 0xB6, 0x0E, 0x82,
    0x84, 0xBE, 0x30, 0x5B, 0x75, 0xB7, 0x1E, 0xCC, 0xA5, 0xCB, 0x78, 0xE3, 0xFF, 0xB1, 0x1D, 0x71,
    0x66, 0x33, 0x22, 0x6F, 0x11, 0xBA, 0x85, 0xFE, 0xEF, 0xD6, 0x16, 0x8D, 0x1A, 0x1A, 0x59, 0x5A,
    0xCC, 0xDF, 0x5F, 0x68, 0x37, 0x8A, 0x9A, 0x1E, 0x6F, 0x38, 0x14, 0x27, 0x69, 0x7B, 0x29, 0xC6,
    0x31, 0xFA, 0xBE, 0x03, 0x6B, 0x43, 0x4E, 0x51, 0xA8, 0x0F, 0xAB, 0xE3, 0xF6, 0xF5, 0x1F, 0x3E,
    0x0C, 0x5D, 0xA9, 0xE2, 0xEC, 0xB8, 0x1D, 0xA3, 0xCD, 0x4A, 0x7D, 0x6E, 0x80, 0x8F, 0xCD, 0xED,
    0x1C, 0x9E, 0x23, 0x0B, 0x3E, 0x2A, 0xF8, 0x86, 0x1B, 0x99, 0x1F, 0x93, 0x61, 0x97, 0xE6, 0x0F,
    0x29, 0x76, 0x4F, 0x91, 0xE4, 0xEA, 0x8F, 0xDD, 0xF6, 0x92, 0x7E, 0x09, 0xB1, 0x24, 0x92, 0x31,
    0x62, 0x01, 0xCF, 0x6F, 0x0D, 0xEE, 0x65, 0xD0, 0x4E, 0xC7, 0x47, 0x02, 0x8C, 0xE7, 0x22, 0x0C,
    0x2B, 0xF9, 0xA4, 0xC5, 0x32, 0xC5, 0xE9, 0xFC, 0x7D, 0xB7, 0x93, 0x43, 0x11, 0xFE, 0xEC, 0xD8,
    0xBF, 0x50, 0x5E, 0xCA, 0x49, 0x1A, 0x9F, 0xA8, 0xC5, 0xA0, 0xC6, 0x8E, 0x73, 0x44, 0x97, 0x25,
    0x13, 0xB5, 0x1D, 0xCC, 0x84, 0xFA, 0x15, 0xA9, 0xE3, 0x36, 0x7B, 0xA7, 0x6F, 0xDF, 0xE1, 0x40,
    0x84, 0xA5, 0xF3, 0xCA, 0x16, 0xA0, 0x28, 0xEC, 0xA3, 0x44, 0x43, 0xEB, 0xAE, 0x63, 0x6F, 0xDF,
    0x14, 0xBC, 0x3C, 0x43, 0xDF, 0x1A, 0x34, 0x16, 0x42, 0x6B, 0x48, 0x31, 0x81, 0xDF, 0x14, 0x7C,
    0x32, 0xB0, 0x8F, 0x16, 0x6E, 0x35, 0x5C, 0x5B, 0xB2, 0x9D, 0xA3, 0x2D, 0xEC, 0x0E, 0xFC, 0xC9,
    0x46, 0xB4, 0x3D, 0xAE, 0x93, 0x1D, 0xF6, 0xA9, 0xE9, 0x5D, 0x21, 0xF1, 0xE2, 0xFE, 0x53, 0x64,
    0x34, 0x7F, 0x34, 0xA7, 0xA6, 0x17, 0x16, 0x86, 0xA2, 0x2F, 0x1A, 0x79, 0x9E, 0x96, 0x56, 0x1F,
    0xED, 0xA2, 0x8C, 0xDD, 0x2E, 0x3B, 0xE0, 0x97, 0x5F, 0x61, 0xA1, 0xB2, 0x98, 0x6E, 0x50, 0x9B,
    0x91, 0xBC, 0xFC, 0xA2, 0x4F, 0x79, 0x4B, 0xA0, 0x7E, 0x4F, 0x89, 0x6C, 0xE9, 0x3B, 0x47, 0xF5,
    0x6A, 0xF7, 0x7A, 0x58, 0xE8, 0xA8, 0x5C, 0x0F, 0x8F, 0xDD, 0xD1, 0x4F, 0x39, 0x2B, 0x45, 0x82,
    0xCC, 0xA7, 0x81, 0x13, 0x84, 0xCA, 0x6F, 0xE0, 0x1D, 0x6E, 0x19, 0x51, 0x27, 0xDF, 0x41, 0x51,
    0xDD, 0xBF, 0x49, 0x67, 0x8E, 0x43, 0x6B, 0x3A, 0x83, 0x4A, 0xCE, 0x10, 0x91, 0xC1, 0x24, 0x3F,
    0xF9, 0x5B, 0x16, 0x2C, 0xD9, 0xB6, 0xB2, 0x80, 0xBC, 0x90, 0xF4, 0xE9, 0xCF, 0x60, 0x34, 0x48,
    0x5B, 0x7F, 0xBD, 0x9F, 0xEA, 0xF5, 0xE2, 0x8A, 0x7A, 0xB9, 0x25, 0xBD, 0xD3, 0x2A, 0x6D, 0x1F,
    0x46, 0xD0, 0x97, 0xF3, 0xB3, 0x6F, 0x07, 0x51, 0xCE, 0xA6, 0x5B, 0xFD, 0x03, 0xCA, 0x49, 0x87,
    0x8C, 0x20, 0x86, 0x90, 0x78, 0x13, 0xD8, 0x02, 0xBF, 0x8F, 0x24, 0x69, 0x78, 0xC1, 0x08, 0x38,
    0x4C, 0x86, 0x9D, 0x72, 0xC6, 0xAF, 0x81, 0xDE, 0x95, 0xF6, 0x38, 0xDC, 0x7B, 0xCA, 0x8A, 0x55,
    0x9F, 0x9E, 0xDE, 0x11, 0x6B, 0x77, 0x52, 0x5A, 0x01, 0xF8, 0x61, 0x45, 0x0F, 0x5E, 0x07, 0x5F,
    0xAC, 0xBB, 0x93, 0x0E, 0x6E, 0x1C, 0x20, 0x87, 0xD0, 0xCA, 0xC0, 0x27, 0xAA, 0xF2, 0x3B, 0xAA,
    0x5D, 0xFE, 0x1B, 0x76, 0x72, 0x59, 0xBC, 0xCD, 0x49, 0xD5, 0x84, 0x46, 0x1E, 0x0C, 0x2A, 0xF8,
    0x4B, 0x61, 0xD5, 0x4F, 0x0B, 0xDB, 0xC3, 0x98, 0x53, 0x55, 0x4C, 0x2A, 0x8C, 0x59, 0x60, 0x54,
    0xE6, 0x0B, 0x63, 0x7E, 0x86, 0x31, 0x2F, 0xAD, 0xC2, 0xE7, 0x11, 0xF2, 0x7F, 0x95, 0xD3, 0xD6,
    0xD5, 0x89, 0x6B, 0xF2, 0x4F, 0x97, 0x2A, 0xF7, 0x55, 0xEA, 0x2F, 0xB1, 0x9D, 0x63, 0xF9, 0x47,
    0x87, 0xE5, 0x7F, 0x62, 0x7A, 0x2F, 0x91, 0xFF, 0x49, 0xE9, 0x1D, 0x25, 0xB3, 0x13, 0xF3, 0xB6,
    0x4A, 0x0B, 0x59, 0xDF, 0xA3, 0xFD, 0x5C, 0x7C, 0x8C, 0x42, 0x8D, 0x45, 0xE0, 0x3F, 0x3D, 0xE0,
    0x96, 0x80, 0xF9, 0xA0, 0xBD, 0x8F, 0xD2, 0x11, 0xD6, 0x7B, 0x86, 0x6E, 0x58, 0xF0, 0x5D, 0x2C,
    0xFC, 0xDC, 0xB4, 0x29, 0x1F, 0x07, 0x0A, 0x0E, 0x1C, 0xBC, 0x1B, 0x46, 0x82, 0x74, 0x9E, 0x73,
    0x72, 0x3E, 0x3D, 0xA9, 0x0E, 0x9F, 0x5E, 0xF7, 0x13, 0x64, 0x2C, 0x39, 0x9C, 0x28, 0x07, 0xAD,
    0x34, 0xC9, 0x74, 0x97, 0xDD, 0xF4, 0x3A, 0xE0, 0x77, 0x2E, 0x93, 0x3A, 0xB4, 0xE1, 0xB6, 0xD2,
    0xE7, 0xA8, 0x93, 0xF0, 0x23, 0xD2, 0xC1, 0xD7, 0xC9, 0xFB, 0xFF, 0x00, 0xCD, 0x5A, 0xBD, 0x93,
    0xDB, 0xD6, 0x11, 0x5F, 0x12, 0xB9, 0xE3, 0x44, 0x98, 0x09, 0x52, 0x58, 0x85, 0xA2, 0x99, 0xA0,
    0x51, 0x91, 0x26, 0x87, 0x26, 0x5D, 0x44, 0x02, 0x13, 0x17, 0x29, 0xDC, 0xA8, 0x38, 0xCA, 0x85,
    0x8A, 0x53, 0xE1, 0xC2, 0x55, 0xCE, 0x85, 0x8B, 0x14, 0xC7, 0x03, 0x26, 0x29, 0x55, 0xE4, 0x1A,
    0x59, 0x65, 0x1A, 0xFD, 0x01, 0xC9, 0x8C, 0x0B, 0x17, 0xE4, 0x11, 0x8E, 0x0B, 0x17, 0x2E, 0xC2,
    0x28, 0xB9, 0x34, 0x29, 0x4C, 0xC7, 0x52, 0x52, 0x1A, 0x33, 0x82, 0x22, 0x5C, 0x04, 0xF0, 0xE5,
    0xF7, 0xDB, 0x87, 0xE3, 0x1D, 0xA9, 0xE3, 0x7D, 0xF0, 0x3E, 0x26, 0xC4, 0xDB, 0x47, 0x10, 0x78,
    0x6F, 0xDF, 0xBE, 0x7D, 0xBB, 0xFB, 0x76, 0xF7, 0x51, 0x56, 0xBA, 0x22, 0x12, 0x98, 0xA8, 0xAE,
    0x8E, 0xFB, 0x38, 0x05, 0xAA, 0x56, 0x89, 0xCA, 0xAB, 0x58, 0xC5, 0xEC, 0x11, 0xA0, 0x0A, 0xBD,
    0x44, 0xA4, 0xED, 0xA5, 0x22, 0x7D, 0x77, 0x24, 0x52, 0x3A, 0x63, 0x69, 0xE4, 0x4E, 0x26, 0xCD,
    0x57, 0xF7, 0x73, 0x71, 0x8C, 0x29, 0xA4, 0x65, 0x4C, 0x29, 0x68, 0xD0, 0x63, 0x15, 0x8A, 0x1F,
    0x49, 0x80, 0x2F, 0xF1, 0x13, 0x54, 0x5E, 0xDA, 0xE8, 0x46, 0x2D, 0x33, 0x42, 0x99, 0x0E, 0xD5,
    0x34, 0x89, 0x6F, 0xB2, 0xF0, 0x93, 0xB2, 0x27, 0x7D, 0x41, 0xAF, 0x46, 0xD5, 0x32, 0x55, 0xF8,
    0xDF, 0xC1, 0x40, 0x7A, 0x85, 0xF4, 0x4A, 0xA9, 0x76, 0xDF, 0xAF, 0x42, 0xD3, 0x73, 0x8B, 0xB6,
    0xBC, 0xD3, 0x04, 0xB9, 0x6B, 0x1B, 0xA8, 0x3C, 0x43, 0xFA, 0x8A, 0x6B, 0x24, 0x7C, 0x45, 0x76,
    0xDC, 0x27, 0x63, 0xC7, 0xA4, 0xB2, 0x7B, 0x7E, 0xC2, 0xAF, 0x8C, 0x2A, 0xA0, 0xE8, 0x90, 0x96,
    0x2D, 0x56, 0xBB, 0x5C, 0xCC, 0x78, 0x8C, 0xCA, 0x1F, 0x81, 0x38, 0x01, 0x75, 0x02, 0xF2, 0x44,
    0xE9, 0x43, 0x0D, 0x0A, 0x81, 0xAE, 0x12, 0xD0, 0x28, 0x20, 0x52, 0x40, 0xA5, 0x80, 0x4C, 0x01,
    0x9D, 0x02, 0x42, 0xC5, 0x2D, 0x06, 0x68, 0x93, 0x81, 0x89, 0x20, 0xC5, 0x79, 0x01, 0x20, 0x97,
    0x77, 0x67, 0xC6, 0xC8, 0xC5, 0x36, 0x99, 0xFF, 0xDC, 0xE6, 0xBC, 0x0C, 0x96, 0xB5, 0x55, 0x3D,
    0x28, 0xC4, 0x1B, 0x01, 0x71, 0x10, 0xC9, 0x36, 0x49, 0x5D, 0xE3, 0xD0, 0x82, 0x11, 0xF1, 0xE9,
    0x4F, 0x2B, 0xFD, 0xA9, 0x2F, 0x42, 0x16, 0x6D, 0xAC, 0xDD, 0x5A, 0xFB, 0x0F, 0x72, 0x69, 0x10,
    0x95, 0xF8, 0x44, 0x0A, 0x96, 0x48, 0x0B, 0x13, 0xF5, 0x30, 0x3B, 0xFF, 0x70, 0xC0, 0xC6, 0x70,
    0x47, 0x5C, 0xF0, 0xC7, 0xDF, 0x9B, 0xA0, 0x7B, 0x08, 0x54, 0xEF, 0x28, 0xE2, 0xB2, 0x06, 0x3B,
    0xE5, 0x5B, 0xFA, 0x8E, 0x6D, 0xD8, 0x96, 0x7D, 0xA4, 0x01, 0xC0, 0x54, 0xC9, 0x25, 0x4E, 0x6B,
    0xCB, 0x8B, 0xAE, 0x71, 0x32, 0xB7, 0x00, 0xC3, 0x44, 0x1A, 0x2F, 0x81, 0x3B, 0xCD, 0x2F, 0x3E,
    0x99, 0x26, 0x57, 0xDB, 0xE1, 0x7A, 0xE8, 0xDD, 0xB5, 0xCD, 0x63, 0xCD, 0x36, 0xD1, 0xEF, 0x8B,
    0xCE, 0xE1, 0xCE, 0x2A, 0x56, 0xA0, 0x43, 0x6D, 0xF0, 0xFA, 0x07, 0xB3, 0xB9, 0xAE, 0x89, 0x34,
    0xA3, 0x0F, 0xC4, 0xF9, 0x27, 0x46, 0x7C, 0x93, 0xDA, 0x09, 0x5D, 0x70, 0x32, 0xB7, 0x20, 0x5D,
    0xDE, 0xA3, 0x54, 0x9C, 0xEF, 0xEA, 0x86, 0x47, 0x3E, 0xC6, 0xEC, 0x00, 0x2A, 0xA9, 0xBA, 0xC3,
    0xA8, 0x14, 0x3F, 0x05, 0x31, 0x59, 0x29, 0x4D, 0x40, 0x23, 0x47, 0xD3, 0x62, 0x16, 0xF8, 0x8C,
    0xEF, 0xD8, 0xC6, 0x4F, 0xAB, 0xAE, 0x89, 0xD8, 0x97, 0x38, 0x28, 0xBE, 0x09, 0x2B, 0xDA, 0xC1,
    0x47, 0x5A, 0xC9, 0x41, 0x05, 0xD1, 0x9A, 0xA0, 0xF2, 0xCC, 0x9F, 0x13, 0x09, 0xF6, 0x60, 0x03,
    0x40, 0x60, 0x02, 0x6E, 0xF8, 0x09, 0x48, 0xC6, 0x8B, 0x72, 0x5A, 0xE9, 0xCF, 0x1E, 0x5F, 0x68,
    0x13, 0x6D, 0xAC, 0xDD, 0x14, 0x41, 0xCB, 0x4C, 0x22, 0x9A, 0x9E, 0xB1, 0xB4, 0x5E, 0x3C, 0x00,
    0x11, 0x23, 0x98, 0x01, 0x54, 0x41, 0x84, 0xCA, 0x4B, 0x58, 0xA5, 0xB7, 0x5F, 0x44, 0x6E, 0x6A,
    0x4C, 0x56, 0x57, 0x78, 0xA6, 0x95, 0x97, 0x1E, 0x34, 0xD1, 0xC6, 0xBB, 0x35, 0x02, 0x45, 0x65,
    0x26, 0x62, 0x89, 0x74, 0x4D, 0x8E, 0xC1, 0x72, 0xDE, 0x73, 0x38, 0x8E, 0x4B, 0x02, 0x48, 0x09,
    0x69, 0x25, 0x6D, 0x65, 0x0D, 0xBC, 0xEF, 0xA9, 0xB9, 0x0B, 0xB5, 0x0D, 0xDB, 0xB2, 0x0F, 0x36,
    0x12, 0xD7, 0xA4, 0x28, 0xB3, 0x2C, 0xAE, 0x50, 0xAA, 0xEE, 0x7A, 0xA9, 0xDC, 0xB7, 0xA5, 0xEA,
    0xDE, 0x83, 0x0D, 0x45, 0x39, 0xFA, 0x50, 0x9F, 0xAF, 0x1B, 0x33, 0x41, 0x01, 0x2A, 0x98, 0xBA,
    0x4C, 0xE1, 0xE8, 0xA7, 0x31, 0xB4, 0x94, 0xFA, 0x7B, 0x95, 0x2E, 0xF4, 0x16, 0xEC, 0xCF, 0xA0,
    0xBB, 0x81, 0x85, 0xE0, 0x62, 0x98, 0xA4, 0x5F, 0x1B, 0xC5, 0x10, 0x42, 0x18, 0xEC, 0x0D, 0xD1,
    0x16, 0xCB, 0x36, 0x1C, 0x09, 0xB6, 0x0A, 0xEF, 0x09, 0xF6, 0xB8, 0xB4, 0x31, 0xB9, 0x28, 0x69,
    0x4D, 0x79, 0x28, 0xCE, 0xDF, 0xB1, 0x1F, 0x50, 0x60, 0x87, 0xD1, 0x85, 0x49, 0xE3, 0xC3, 0xAA,
    0x36, 0xE5, 0x17, 0xA1, 0xEB, 0x78, 0x03, 0xB0, 0x1C, 0x4D, 0x56, 0xAE, 0xA9, 0x17, 0xEB, 0x53,
    0xFD, 0x3A, 0x00, 0x10, 0x22, 0xDC, 0x00, 0x09, 0xF3, 0xEF, 0xEC, 0xFB, 0x75, 0x21, 0x39, 0x04,
    0xBB, 0x75, 0xC1, 0x0C, 0x3A, 0xAF, 0xB8, 0x39, 0xEB, 0xD6, 0x75, 0x76, 0x9A, 0x82, 0x9A, 0xA6,
    0x0A, 0x7D, 0x8A, 0x59, 0x5C, 0xF5, 0x36, 0x78, 0xA3, 0xB1, 0xE3, 0x7E, 0x39, 0x6A, 0x7E, 0x17,
    0x91, 0x83, 0x17, 0x63, 0xDF, 0x2A, 0xCD, 0xCE, 0xB3, 0xDA, 0xEC, 0xC4, 0x17, 0x67, 0xE1, 0xD1,
    0x4D, 0xAD, 0xBD, 0x60, 0x53, 0xF3, 0xC9, 0x21, 0x55, 0xC3, 0x7D, 0x6B, 0x43, 0x2B, 0x9A, 0x45,
    0x8E, 0x02, 0x81, 0x3D, 0x6A, 0x43, 0x43, 0x13, 0x69, 0x35, 0x90, 0x9B, 0x9B, 0x7C, 0x11, 0xBC,
    0x65, 0x43, 0xAB, 0x63, 0x37, 0xB5, 0xE6, 0xFC, 0xA6, 0x06, 0x2D, 0x75, 0x8F, 0x68, 0x76, 0xEF,
    0x18, 0xCD, 0x1E, 0x1C, 0xA3, 0xD9, 0xB4, 0x0A, 0xDF, 0x87, 0xA3, 0x13, 0x3E, 0x1E, 0xC2, 0x48,
    0x60, 0x82, 0x1C, 0xE8, 0xCE, 0x2A, 0x30, 0xB6, 0x37, 0xE8, 0x37, 0x51, 0xA9, 0x5A, 0xB9, 0x5C,
    0xDF, 0x04, 0x9B, 0x11, 0x94, 0x70, 0x8F, 0x4A, 0x08, 0x81, 0x88, 0xA3, 0xAB, 0x99, 0xE0, 0xC9,
    0x3B, 0xF9, 0xD5, 0x2D, 0xDE, 0x71, 0x8A, 0x7C, 0x99, 0xF3, 0xBA, 0x3A, 0xCA, 0xAD, 0xBF, 0xAF,
    0x6C, 0x63, 0x34, 0x41, 0x1F, 0xD1, 0x6E, 0x8C, 0x53, 0xE1, 0xD7, 0x1D, 0x12, 0xDF, 0x3F, 0xAE,
    0xE7, 0xB7, 0x76, 0x05, 0xF3, 0xA3, 0xF3, 0x12, 0xE2, 0xBB, 0x9F, 0x63, 0xBB, 0xDE, 0x9A, 0x59,
    0xB4, 0xB7, 0x37, 0xF5, 0x43, 0xA8, 0xBA, 0xDD, 0x02, 0x1A, 0xAD, 0x70, 0x52, 0x3B, 0x82, 0x3C,
    0xC5, 0x14, 0x71, 0xE3, 0xFD, 0x1E, 0x43, 0xB9, 0xE9, 0xAC, 0x64, 0xE4, 0xF3, 0x10, 0x27, 0xF2,
    0x1F, 0x6C, 0x64, 0xE6, 0x49, 0x21, 0xB4, 0x99, 0x05, 0x58, 0x5B, 0xC0, 0x68, 0x14, 0xB5, 0xC3,
    0xBF, 0x00, 0x34, 0xAE, 0x38, 0xAC, 0x40, 0x96, 0x19, 0x6B, 0xB5, 0xF9, 0xB8, 0xBB, 0x19, 0xD9,
    0x17, 0xB8, 0x43, 0x4C, 0x61, 0x4C, 0x5D, 0xCD, 0xF6, 0x58, 0x58, 0x71, 0x35, 0xD0, 0x5C, 0x81,
    0xF7, 0xDE, 0x2F, 0x21, 0x06, 0x9B, 0x46, 0xBC, 0xFD, 0x38, 0xF1, 0x52, 0x5C, 0x89, 0x0B, 0x68,
    0x11, 0x46, 0x27, 0xC1, 0x8D, 0x55, 0x48, 0x87, 0x7C, 0x3C, 0x38, 0x12, 0xEB, 0x65, 0xCB, 0x94,
    0x1F, 0xDD, 0x88, 0x27, 0x7F, 0xEC, 0x5B, 0xD9, 0x59, 0x7C, 0xDD, 0x5C, 0x0F, 0x4D, 0x68, 0x0E,
    0x47, 0x3A, 0xFD, 0xBA, 0xB9, 0x1E, 0x4F, 0xE2, 0xC9, 0x81, 0x54, 0x2E, 0xBE, 0x60, 0xC9, 0xDA,
    0x9B, 0x12, 0x54, 0xE2, 0xE6, 0x17, 0x9D, 0xCA, 0xC3, 0x95, 0xDE, 0xAF, 0xC2, 0xD2, 0x1D, 0x9F,
    0x36, 0xA4, 0xB2, 0xF9, 0xC4, 0xCB, 0x4F, 0xDB, 0x90, 0x93, 0x41, 0x14, 0xA7, 0x41, 0xEA, 0x8C,
    0x5A, 0x99, 0x6A, 0xD4, 0x09, 0x38, 0xDD, 0xB1, 0x8F, 0xA0, 0x30, 0xBC, 0x17, 0x66, 0xEE, 0x78,
    0x4D, 0xB7, 0x23, 0xFB, 0x09, 0xCF, 0x70, 0x75, 0x66, 0x3E, 0x90, 0x6B, 0x37, 0x5D, 0xA2, 0x5A,
    0x81, 0xF7, 0x59, 0x52, 0x76, 0x4A, 0x2F, 0xD5, 0xCA, 0x4B, 0xCB, 0xD6, 0xAB, 0x38, 0x2A, 0x9B,
    0x70, 0x05, 0x4A, 0xD9, 0x7C, 0x2E, 0xED, 0xE6, 0x38, 0x76, 0xB2, 0xF6, 0x81, 0x39, 0xED, 0x38,
    0xD9, 0x19, 0x8B, 0x72, 0x77, 0x2C, 0xB7, 0xC7, 0x12, 0xA6, 0x1A, 0xFA, 0xFE, 0x84, 0x1B, 0x3D,
    0xD8, 0xF1, 0x8F, 0x54, 0xBC, 0xDF, 0xCC, 0x85, 0x27, 0xBD, 0x33, 0xC3, 0xBA, 0x86, 0xDB, 0x04,
    0x86, 0xDF, 0xA5, 0x84, 0xD0, 0x50, 0x86, 0xE8, 0x4D, 0x26, 0x61, 0x9E, 0x52, 0xC3, 0xA1, 0xE0,
    0xC1, 0x54, 0xBF, 0x8B, 0x33, 0x17, 0x58, 0xC5, 0x1C, 0x71, 0x82, 0xF8, 0x63, 0x6A, 0x5C, 0x29,
    0x6E, 0x66, 0xC3, 0x8B, 0x58, 0x4A, 0x44, 0xFC, 0xA5, 0x93, 0x4B, 0x49, 0x03, 0x0A, 0x2F, 0xBF,
    0x44, 0x30, 0x3F, 0x99, 0x50, 0x17, 0x23, 0x31, 0xBF, 0x4B, 0x65, 0x82, 0x5E, 0x65, 0xB3, 0xD0,
    0x2C, 0x80, 0xB6, 0x97, 0x80, 0x16, 0x70, 0x54, 0x1E, 0x44, 0x61, 0x8C, 0xCA, 0xE8, 0x50, 0xDC,
    0xAD, 0x1D, 0x8F, 0x4F, 0x6D, 0x2E, 0x60, 0x16, 0x62, 0xE9, 0x34, 0x4A, 0xF2, 0x57, 0x3A, 0x1E,
    0x18, 0x16, 0x46, 0xD2, 0x81, 0x7D, 0x0E, 0xB1, 0x4E, 0xD4, 0xA0, 0x30, 0x48, 0xF0, 0x7C, 0x64,
    0xDF, 0xB3, 0x1D, 0x5C, 0x29, 0x88, 0x8E, 0xB5, 0xD1, 0xED, 0x1A, 0xEF, 0x67, 0xB5, 0xF5, 0xCA,
    0x6A, 0x7C, 0xA0, 0xA4, 0xD3, 0xCC, 0xA5, 0x03, 0xD9, 0xEE, 0xF8, 0xC4, 0x09, 0x3C, 0x35, 0xCE,
    0x4E, 0xCC, 0x68, 0x11, 0x38, 0x5D, 0xE2, 0xCC, 0x6D, 0x5B, 0xF4, 0xF1, 0x68, 0x6C, 0x88, 0xF0,
    0xD7, 0xB3, 0x26, 0xF8, 0xEC, 0x45, 0xDD, 0x33, 0xBA, 0x6D, 0x34, 0x46, 0xBE, 0xFC, 0xB4, 0xC6,
    0xD1, 0x39, 0xC3, 0xB5, 0xDC, 0x38, 0xF5, 0x32, 0xE7, 0xF4, 0x36, 0x21, 0xA6, 0x4D, 0x06, 0x4E,
    0xA7, 0x5F, 0xD8, 0xFE, 0x22, 0x1F, 0x1A, 0xD7, 0xE6, 0xAA, 0x78, 0x2C, 0x25, 0xCA, 0x0F, 0xB4,
    0x9C, 0x6B, 0xF4, 0x8E, 0xB4, 0x3B, 0xED, 0xCE, 0x5D, 0x5C, 0xE7, 0x9D, 0x9B, 0x0F, 0x69, 0x8A,
    0x58, 0x2F, 0xC6, 0xDE, 0x51, 0xE9, 0x98, 0x2F, 0xB0, 0x1A, 0x61, 0xC2, 0xE2, 0xCB, 0xB1, 0x0D,
    0xD4, 0xE5, 0x9E, 0x81, 0x8F, 0xC4, 0xF9, 0x37, 0x43, 0xB3, 0xB1, 0xBA, 0xE1, 0x7E, 0x6E, 0x33,
    0x5C, 0x43, 0xC0, 0xBB, 0xF3, 0x6D, 0x5F, 0x75, 0xEF, 0x39, 0x88, 0x45, 0x15, 0x0E, 0x2C, 0xD5,
    0x37, 0x4E, 0xE5, 0x54, 0x7E, 0x16, 0x8E, 0x7F, 0xFE, 0x96, 0x0D, 0x53, 0xDE, 0x37, 0xEB, 0x74,
    0x57, 0x2B, 0x99, 0xD1, 0x6A, 0xE8, 0x48, 0x69, 0x08, 0x29, 0x00, 0xBA, 0xF3, 0x06, 0x7A, 0xB2,
    0x0F, 0x3D, 0x29, 0xA1, 0xB8, 0x65, 0x08, 0xF0, 0x93, 0x12, 0x4A, 0x55, 0x96, 0x4E, 0x56, 0x42,
    0x81, 0xE0, 0xE8, 0x97, 0x80, 0x0E, 0x20, 0x00, 0x78, 0x80, 0x16, 0xA0, 0x59, 0x2A, 0x61, 0xEE,
    0xDB, 0xD9, 0xAB, 0x36, 0x74, 0xB5, 0x3D, 0x84, 0x0D, 0x78, 0x61, 0xF3, 0x0B, 0x1D, 0xC8, 0x6E,
    0x47, 0xFC, 0x53, 0xE1, 0xD2, 0xE8, 0xAA, 0x03, 0xF1, 0x29, 0x5D, 0x6B, 0x56, 0x19, 0x97, 0xA5,
    0xAB, 0x56, 0x94, 0x59, 0x85, 0xFE, 0x94, 0x71, 0x09, 0x82, 0x83, 0x02, 0xBB, 0x6D, 0x27, 0xAB,
    0xD3, 0x95, 0x97, 0xCF, 0xE3, 0xD5, 0x05, 0x39, 0x9C, 0xFF, 0x03, 0x1E, 0xD7, 0xB0, 0x52, 0x5A,
    0xC9, 0xF5, 0x47, 0xCB, 0xF3, 0xD7, 0xB7, 0x0B, 0xD5, 0x80, 0xF5, 0x73, 0x26, 0x36, 0xCF, 0xAD,
    0x79, 0x7C, 0x75, 0x52, 0x0E, 0x3D, 0x95, 0x13, 0x12, 0x67, 0xF9, 0x34, 0x71, 0xA6, 0xDE, 0x77,
    0x10, 0xF5, 0x98, 0x46, 0x1E, 0x88, 0x7A, 0xBC, 0x58, 0x1C, 0xAD, 0xF4, 0x67, 0xAF, 0xCE, 0x2F,
    0x07, 0x91, 0x36, 0x56, 0xA7, 0x5D, 0x13, 0x67, 0x8A, 0x4A, 0x6E, 0xD3, 0xA5, 0x47, 0x60, 0x7E,
    0x5C, 0xCE, 0x44, 0xDE, 0x4A, 0x9C, 0xA9, 0x6F, 0x9D, 0x96, 0x35, 0xF0, 0xBE, 0x4E, 0xE7, 0xCC,
    0x67, 0x01, 0x29, 0x41, 0x1B, 0x75, 0xAC, 0x73, 0x6C, 0x80, 0x77, 0x65, 0x93, 0x59, 0x14, 0xE0,
    0x2D, 0x3D, 0x19, 0xEF, 0x3D, 0x88, 0x62, 0x40, 0xDD, 0x6A, 0x53, 0xB1, 0xB6, 0xEE, 0x5E, 0xE7,
    0xCA, 0xE4, 0x7D, 0x58, 0xB5, 0x5C, 0x9C, 0x67, 0x88, 0xB9, 0xBE, 0x48, 0x2F, 0x3E, 0x99, 0xDB,
    0x8C, 0x51, 0x34, 0x22, 0x28, 0x5A, 0xFB, 0xEF, 0xC3, 0xC8, 0x7A, 0x23, 0x7A, 0x07, 0x41, 0xC4,
    0x3A, 0x54, 0x4F, 0xA1, 0xA7, 0x75, 0x5F, 0x4D, 0x70, 0x9F, 0xE7, 0x16, 0xD9, 0xB4, 0x9E, 0xBE,
    0xB5, 0x2D, 0x6D, 0x2F, 0x8B, 0xA1, 0x55, 0x11, 0x9B, 0xC5, 0x5C, 0x8F, 0x32, 0xDC, 0x71, 0xF7,
    0x39, 0x72, 0x6C, 0x12, 0x7F, 0xCF, 0x54, 0x1B, 0x63, 0x50, 0x03, 0xDF, 0x1A, 0x74, 0x8D, 0x04,
    0xF3, 0xF2, 0xF6, 0xBA, 0x88, 0x88, 0x3C, 0x8D, 0x99, 0x58, 0xF7, 0xD5, 0xA6, 0xE8, 0x5B, 0xCE,
    0x29, 0x6B, 0x8C, 0xD1, 0x6B, 0xF2, 0x20, 0x53, 0x0C, 0x23, 0x50, 0xEF, 0x4E, 0x66, 0xCD, 0x6F,
    0x7B, 0x3E, 0x25, 0x3B, 0xD2, 0xD4, 0x52, 0xD5, 0x35, 0xCA, 0xFF, 0x3A, 0x02, 0x4C, 0xED, 0x77,
    0x10, 0x55, 0xDD, 0x61, 0x9D, 0x7E, 0x82, 0x0D, 0x70, 0x0E, 0x7C, 0x25, 0x5E, 0xDB, 0x74, 0xE0,
    0x00, 0x7E, 0x52, 0x9F, 0xCE, 0x30, 0x25, 0x9C, 0x1D, 0xC6, 0xEE, 0x6D, 0xE8, 0xB5, 0x81, 0x9A,
    0x73, 0x3D, 0x3B, 0x27, 0x96, 0x4B, 0xA3, 0xE1, 0xA8, 0x3F, 0xD5, 0xB7, 0xE6, 0x97, 0xFE, 0x14,
    0x64, 0xD1, 0x1B, 0xA6, 0xDE, 0x7E, 0x84, 0x26, 0x4C, 0x0D, 0x2F, 0x2E, 0xD6, 0xCA, 0xF8, 0xBA,
    0x19, 0xB4, 0xD5, 0xE7, 0x5B, 0x95, 0x1D, 0xC8, 0xD0, 0x88, 0x47, 0x5D, 0x32, 0x3D, 0xF7, 0xBA,
    0x64, 0xDE, 0x7D, 0xB0, 0x4A, 0x25, 0xF1, 0xFA, 0xF4, 0x60, 0xCF, 0xCB, 0x3B, 0xBB, 0x7D, 0x1F,
    0x39, 0x20, 0x9A, 0xB1, 0x44, 0xCF, 0x99, 0x76, 0x16, 0xFF, 0x45, 0x9C, 0x86, 0xE2, 0x8E, 0x3A,
    0xD8, 0xE7, 0xD9, 0x25, 0xA4, 0x03, 0xB5, 0x8F, 0x2E, 0xCC, 0x3F, 0x6F, 0xD2, 0x70, 0x0E, 0xD1,
    0x99, 0x41, 0x94, 0xA3, 0xF2, 0xBA, 0x8D, 0xFB, 0x10, 0x7D, 0x20, 0x5F, 0x90, 0xFF, 0xE7, 0x2A,
    0x3F, 0x40, 0xBD, 0x66, 0x9D, 0x60, 0x7B, 0xF0, 0x17, 0xF9, 0x66, 0x1C, 0x7E, 0x52, 0xF4, 0xE4,
    0xB3, 0x9E, 0x22, 0xF4, 0x4D, 0xD4, 0x18, 0xE6, 0x6A, 0xF3, 0x07, 0x7D, 0xE9, 0xC7, 0xF7, 0xCB,
    0xC0, 0x64, 0xF4, 0xEB, 0x6F, 0x70, 0x40, 0xA0, 0xDF, 0x67, 0x44, 0xD1, 0xBF, 0x1A, 0xFA, 0x3E,
    0x94, 0x86, 0x41, 0x6C, 0x92, 0x78, 0xEF, 0x8E, 0xCF, 0x4D, 0xDF, 0x65, 0xD1, 0xC0, 0x79, 0x7A,
    0x23, 0x2B, 0x70, 0x04, 0x6C, 0x73, 0xF2, 0xBD, 0x73, 0x51, 0xF2, 0x33, 0xDD, 0xBB, 0x9D, 0x84,
    0x65, 0x18, 0xC9, 0x0F, 0xE1, 0x3A, 0xDC, 0x81, 0x5F, 0x5C, 0x58, 0x7F, 0x2F, 0x48, 0xAE, 0x84,
    0x77, 0xAB, 0xD3, 0x94, 0xEE, 0xE0, 0xDC, 0x6B, 0x0B, 0x7B, 0x95, 0x11, 0xBA, 0x1B, 0x8F, 0xEF,
    0x59, 0x57, 0x6A, 0x49, 0x70, 0x99, 0xA9, 0x22, 0xEF, 0xFE, 0x50, 0x2B, 0xAC, 0xE5, 0xDD, 0x6A,
    0x44, 0xA5, 0xB6, 0x85, 0x19, 0xEE, 0x89, 0xF8, 0x7F, 0x3B, 0x7C, 0x72, 0xB4, 0x40, 0x40, 0xDD,
    0xE7, 0xEA, 0x15, 0x60, 0xC6, 0x1F, 0x09, 0xF4, 0x8B, 0x99, 0x2F, 0x14, 0xFC, 0xBC, 0x07, 0x3E,
    0x22, 0x7C, 0x25, 0x1F, 0xB7, 0x81, 0xD7, 0x4F, 0xE7, 0x74, 0xF8, 0xB2, 0xE6, 0x90, 0x68, 0x89,
    0x56, 0xDF, 0x8B, 0xBC, 0xAF, 0xCE, 0x49, 0xF4, 0xF0, 0x44, 0x32, 0x56, 0x36, 0xF7, 0x68, 0xEA,
    0x23, 0xC2, 0x69, 0x64, 0x2C, 0x62, 0x19, 0x6A, 0xFB, 0x73, 0x86, 0x80, 0x83, 0xD1, 0xE5, 0x43,
    0x30, 0x88, 0xE9, 0xBC, 0x67, 0xD9, 0x5C, 0xFA, 0x8E, 0x67, 0x70, 0xE7, 0x83, 0x01, 0x84, 0x2C,
    0x46, 0x00, 0x1E, 0x40, 0xC8, 0x5C, 0x66, 0xBC, 0xA8, 0x1C, 0x4F, 0x1F, 0x5A, 0x57, 0xE9, 0xD1,
    0xE1, 0x9F, 0x1E, 0xE0, 0xD3, 0x45, 0x27, 0x43, 0xA0, 0x80, 0x4D, 0x2D, 0x0A, 0xFE, 0xC5, 0xD9,
    0x7F, 0x1D, 0x35, 0x27, 0xB0, 0xCE, 0xD8, 0x2F, 0x05, 0xFB, 0xA4, 0xC2, 0xDC, 0xE7, 0xB2, 0xE8,
    0x5D, 0xE4, 0xDA, 0x2D, 0x4D, 0x73, 0xF2, 0x8E, 0x34, 0x5E, 0xC1, 0xF8, 0x51, 0x29, 0x83, 0xD1,
    0x95, 0xD0, 0xBC, 0xC8, 0x83, 0x5B, 0x9A, 0x66, 0x2A, 0xCA, 0x10, 0xF3, 0xCF, 0x3E, 0xB6, 0xC0,
    0xFB, 0x5A, 0x79, 0x2E, 0x4D, 0x2E, 0x40, 0x27, 0x53, 0xC8, 0xCD, 0x11, 0x42, 0xFF, 0x74, 0x6C,
    0xD3, 0xC9, 0x35, 0xED, 0x4B, 0xD3, 0xDD, 0x87, 0x11, 0x2D, 0xE0, 0x01, 0xC0, 0x01, 0x6C, 0x7E,
    0x33, 0xBE, 0x1A, 0xF9, 0x58, 0xE0, 0x60, 0x2E, 0x4B, 0xF3, 0x39, 0x69, 0xE2, 0xD9, 0x38, 0x42,
    0x31, 0x27, 0xAF, 0xE9, 0x1A, 0xB9, 0xB4, 0x0C, 0x3C, 0xB3, 0x63, 0xF2, 0x5F, 0x8F, 0x33, 0xA0,
    0x23, 0x41, 0xA6, 0x76, 0x7F, 0x39, 0x9A, 0x98, 0x9C, 0xEA, 0xDB, 0x8C, 0x54, 0x63, 0x9F, 0x66,
    0x12, 0x88, 0xE3, 0xA4, 0x3E, 0x65, 0xAB, 0xCF, 0xD9, 0xEA, 0x93, 0xB6, 0xE3, 0xCF, 0xDA, 0x0E,
    0x18, 0x02, 0xB7, 0x87, 0xB8, 0x11, 0xCC, 0xF0, 0x80, 0x11, 0xFD, 0xF8, 0x07, 0x1E, 0x8F, 0x49,
    0x40, 0x2F, 0x81, 0xC7, 0x43, 0xF7, 0x15, 0x58, 0x4A, 0x18, 0xC3, 0xA0, 0x23, 0x85, 0xB4, 0x46,
    0x9D, 0xA0, 0x01, 0xC6, 0x8E, 0xDB, 0xFE, 0x2F, 0x98, 0x85, 0xDC, 0xF2, 0x7E, 0x0B, 0x91, 0xCE,
    0xFA, 0xDE, 0x17, 0x58, 0xC9, 0xBC, 0x68, 0x7D, 0x09, 0x01, 0x29, 0x72, 0xE7, 0x2B, 0xF0, 0x7C,
    0x90, 0x39, 0x5F, 0x27, 0xB4, 0xE9, 0xDC, 0xBC, 0x24, 0x1C, 0x35, 0x8C, 0xF5, 0x34, 0xF8, 0x15,
    0xA4, 0xA2, 0x79, 0xE8, 0x5B, 0x76, 0xAB, 0x24, 0x79, 0x3C, 0x9B, 0x03, 0xE1, 0x9F, 0x67, 0xF3,
    0x14, 0xDA, 0x94, 0x6C, 0xAC, 0x81, 0xE8, 0x10, 0x71, 0x87, 0x1F, 0x19, 0x3D, 0xFF, 0x78, 0x9D,
    0x16, 0x68, 0xFE, 0x32, 0xCD, 0xA5, 0xF5, 0xA7, 0x6F, 0xFF, 0x02, 0x62, 0xFE, 0xFA, 0x0C, 0x21,
    0xB6, 0xF3, 0xED, 0xE7, 0x2F, 0x21, 0xAC, 0xAF, 0xD3, 0xD7, 0x20, 0xE1, 0x4D, 0xC4, 0x80, 0xDB,
    0x28, 0x67, 0x86, 0x9A, 0xD0, 0xD3, 0x3F, 0x64, 0x58, 0x2E, 0xB5, 0xA6, 0x7F, 0xB0, 0x69, 0x7B,
    0xC9, 0x3C, 0x63, 0x34, 0x80, 0x81, 0x36, 0xC5, 0x36, 0x80, 0x71, 0xB2, 0x46, 0x21, 0xCD, 0x82,
    0x21, 0x41, 0xC9, 0x8D, 0x70, 0x9B, 0xCE, 0x6C, 0xA8, 0x7F, 0x08, 0xE1, 0x3C, 0x5C, 0x46, 0xD1,
    0x4E, 0x5E, 0x7B, 0x7B, 0xA7, 0x54, 0x07, 0xC7, 0x31, 0xFB, 0xD9, 0xCC, 0x71, 0xCC, 0x36, 0x98,
    0x1A, 0x92, 0xCD, 0x11, 0x0F, 0x1C, 0xB0, 0x06, 0x69, 0x40, 0x6E, 0xE3, 0x69, 0x8F, 0x0C, 0x86,
    0x64, 0x15, 0xDA, 0x47, 0x76, 0x33, 0xDB, 0x9F, 0x4E, 0x9B, 0x9F, 0xD8, 0xB0, 0x9B, 0x47, 0x55,
    0x8C, 0xBE, 0x4A, 0xBB, 0x37, 0xCB, 0x5D, 0x9E, 0x2B, 0x29, 0x91, 0x7A, 0x77, 0x6D, 0x73, 0x3B,
    0xC1, 0xD9, 0x1D, 0xC2, 0x1B, 0x27, 0xDC, 0xEC, 0x6E, 0x30, 0xF2, 0xD4, 0xB5, 0xD0, 0xD4, 0x03,
    0x71, 0xB7, 0xC6, 0x36, 0xF7, 0x12, 0xD6, 0xFF, 0xE6, 0x2A, 0xED, 0x41, 0x23, 0xC9, 0xE1, 0x14,
    0xC3, 0x6E, 0x37, 0x8A, 0x8D, 0x19, 0x13, 0x6A, 0x67, 0x37, 0x38, 0x74, 0x76, 0x63, 0x53, 0xA2,
    0xDC, 0xBC, 0x5F, 0xB0, 0x0F, 0xA6, 0x14, 0xF0, 0x0F, 0x23, 0x40, 0xD1, 0xCC, 0x89, 0x97, 0xFF,
    0x49, 0x7B, 0xBC, 0x1E, 0x9B, 0x0A, 0x45, 0x69, 0x0A, 0x92, 0xAB, 0xA3, 0x6D, 0x4B, 0x9B, 0x6C,
    0x9D, 0x9B, 0xB0, 0x46, 0x42, 0x4F, 0x32, 0x3F, 0xD6, 0x93, 0xBC, 0x2C, 0xE2, 0xE0, 0x49, 0x22,
    0x50, 0xA2, 0x23, 0xBB, 0x7B, 0x7E, 0xFA, 0xD6, 0xBD, 0x32, 0x2C, 0x98, 0x0C, 0x6A, 0x9F, 0x70,
    0xFD, 0x0F, 0xC5, 0x5A, 0xBD, 0x8F, 0xDC, 0xC6, 0x15, 0x7F, 0x24, 0x7D, 0x62, 0x0C, 0x16, 0x4C,
    0x11, 0x01, 0x16, 0x0E, 0x31, 0x9B, 0x14, 0x29, 0x22, 0xF1, 0x1F, 0xB8, 0x5B, 0x32, 0x48, 0xA9,
    0x22, 0x2A, 0xB4, 0x56, 0xA1, 0xC2, 0x8D, 0xDA, 0x40, 0x8D, 0x0A, 0x17, 0xB7, 0x47, 0x22, 0x2E,
    0x52, 0xE6, 0x80, 0xC0, 0x72, 0x9B, 0x3F, 0x21, 0x01, 0x54, 0x08, 0xC8, 0xEE, 0x2D, 0x03, 0x15,
    0x29, 0x4D, 0x1B, 0xBE, 0xDA, 0x74, 0xA0, 0x4B, 0x19, 0x33, 0xF0, 0x3A, 0xA0, 0x62, 0x72, 0x27,
    0xBF, 0xDF, 0x1B, 0xEE, 0xEE, 0x7D, 0xFB, 0x4E, 0xF7, 0x61, 0x8A, 0x33, 0x6F, 0x6F, 0x77, 0x38,
    0xF3, 0xDE, 0xCC, 0xFB, 0xF8, 0xBD, 0x47, 0x89, 0x48, 0x50, 0xC8, 0xAA, 0x5B, 0x37, 0x26, 0x17,
    0x63, 0x8C, 0xF8, 0xDD, 0xE3, 0x46, 0xC2, 0x52, 0x3A, 0x89, 0x53, 0x49, 0xF0, 0x4F, 0x62, 0x19,
    0x89, 0x44, 0xF9, 0x44, 0x24, 0xCC, 0xC7, 0x8B, 0xAE, 0xD0, 0x3F, 0xF5, 0x07, 0x1D, 0xA2, 0x83,
    0xF1, 0x58, 0x2B, 0xFE, 0x9B, 0xC7, 0x33, 0xC1, 0x54, 0xA5, 0xC8, 0xFA, 0x1C, 0x93, 0x8B, 0x57,
    0x2E, 0x9A, 0x33, 0x35, 0x65, 0x80, 0x85, 0xA2, 0xBD, 0x4E, 0xA7, 0x1E, 0x49, 0x94, 0x8E, 0x31,
    0x4D, 0x8B, 0xF9, 0xD8, 0xF0, 0xB9, 0x18, 0xE9, 0x8C, 0x89, 0x44, 0x7B, 0x73, 0x09, 0x4C, 0x23,
    0xCE, 0x74, 0x87, 0x93, 0x84, 0xF9, 0xAA, 0x6B, 0xC5, 0x31, 0xDA, 0x61, 0x35, 0x67, 0xF6, 0x16,
    0xDD, 0x44, 0xBC, 0x5A, 0x32, 0x09, 0x6A, 0x89, 0xF7, 0xB3, 0x02, 0xCB, 0x18, 0xCC, 0x3B, 0x7D,
    0xCD, 0x75, 0x64, 0xB6, 0x68, 0x03, 0x89, 0x6A, 0xB4, 0x0A, 0x2D, 0x3D, 0xB9, 0xC5, 0xDA, 0xC0,
    0x6C, 0x1A, 0xFF, 0xCB, 0xA4, 0xA1, 0xF9, 0x2A, 0x75, 0xE7, 0x51, 0xCA, 0x49, 0x9C, 0xFC, 0x89,
    0x4E, 0xE6, 0xD4, 0x33, 0xEC, 0x04, 0x04, 0x98, 0x96, 0xA0, 0x1D, 0x36, 0x2A, 0x97, 0x6E, 0x38,
    0xD5, 0x31, 0xAD, 0x44, 0x85, 0xA5, 0x7E, 0x1D, 0x1A, 0x93, 0xB6, 0xE2, 0xF6, 0xD4, 0x99, 0xAD,
    0x0D, 0xA7, 0xF8, 0x5E, 0x1A, 0xFE, 0xAA, 0xD4, 0x9D, 0x59, 0xEA, 0x57, 0x96, 0x86, 0x85, 0x95,
    0x24, 0xE1, 0x08, 0xB7, 0x96, 0x5D, 0x3B, 0x8F, 0xD3, 0xDA, 0x79, 0x21, 0x1E, 0xD6, 0x01, 0x4F,
    0xFB, 0x43, 0x5D, 0x37, 0xC2, 0xA6, 0x93, 0x0F, 0x52, 0xAE, 0x79, 0xC7, 0x51, 0x12, 0xDE, 0x2F,
    0xB8, 0x9F, 0xDE, 0x37, 0xBA, 0xAD, 0x7C, 0xD8, 0x6E, 0x71, 0x4F, 0x9C, 0x79, 0x88, 0xA7, 0x9A,
    0xD0, 0x7C, 0x46, 0x12, 0xEF, 0x99, 0xFC, 0xF6, 0xA3, 0x1A, 0xE2, 0xE6, 0x12, 0x94, 0x13, 0x1C,
    0x13, 0x16, 0xE2, 0xE9, 0x81, 0x89, 0x96, 0xA4, 0x53, 0xE2, 0x36, 0xC2, 0x2F, 0xFD, 0x9A, 0xA7,
    0x9B, 0x83, 0x4F, 0x3E, 0x00, 0xED, 0xE0, 0xE3, 0xD9, 0xF0, 0xA1, 0x9D, 0xAC, 0xB5, 0x53, 0xB7,
    0x5C, 0x11, 0xA3, 0xAE, 0x8C, 0xDC, 0xB6, 0x04, 0xDA, 0x83, 0x6D, 0x84, 0x56, 0x2A, 0xA1, 0x3E,
    0x75, 0x58, 0x79, 0xDF, 0x60, 0x2F, 0x5A, 0xDF, 0xB4, 0x24, 0x32, 0xAD, 0x54, 0x4E, 0x1D, 0x00,
    0xE5, 0xB3, 0x9F, 0xB8, 0x7B, 0xB6, 0xA3, 0x96, 0x5D, 0xB4, 0xE3, 0x22, 0x94, 0xAA, 0xEF, 0x0E,
    0x69, 0x6D, 0x86, 0x33, 0x77, 0xA8, 0x66, 0x0E, 0x0E, 0xD5, 0xAD, 0x06, 0x5E, 0x3D, 0x40, 0x2F,
    0xC2, 0x1B, 0x9F, 0xCF, 0x77, 0x53, 0x6D, 0xBD, 0x4A, 0xD6, 0x2B, 0x49, 0x0A, 0x3C, 0x39, 0x57,
    0x4E, 0x83, 0xD2, 0x2C, 0x68, 0xD1, 0xD3, 0xD2, 0xD2, 0xEF, 0x6B, 0x4B, 0xDF, 0x34, 0x96, 0xB6,
    0x93, 0x9E, 0x26, 0x3D, 0xD5, 0xCD, 0x02, 0x0D, 0x4B, 0x4B, 0xBD, 0xDA, 0x52, 0xB7, 0x69, 0xD7,
    0x52, 0x50, 0x69, 0xDB, 0xB0, 0x20, 0x1D, 0x90, 0x62, 0x97, 0xE2, 0x36, 0x28, 0xD5, 0x54, 0x5B,
    0xFF, 0x4D, 0x86, 0x87, 0xFD, 0xD6, 0x35, 0xB4, 0x42, 0xB7, 0x95, 0xA7, 0x33, 0xB1, 0xC6, 0x4E,
    0xAE, 0x82, 0x8A, 0x3C, 0x79, 0x3D, 0x47, 0x96, 0x1F, 0x72, 0xE3, 0x2B, 0x2F, 0xBE, 0x72, 0xE2,
    0x2B, 0x1F, 0xBE, 0x72, 0xE1, 0x2B, 0x0F, 0xBE, 0x72, 0xE0, 0xEB, 0xFA, 0xBE, 0xAE, 0xEE, 0xEB,
    0xDA, 0xEC, 0x63, 0xED, 0x43, 0xED, 0x7D, 0xED, 0x5D, 0xF4, 0x5C, 0xF1, 0x60, 0x6F, 0x2D, 0x6A,
    0xAA, 0x3A, 0x3C, 0x59, 0x9A, 0xB3, 0x2A, 0xB6, 0x58, 0xFE, 0xF4, 0xDA, 0x8C, 0x2A, 0x69, 0x36,
    0xA7, 0xAD, 0x34, 0xC9, 0xFE, 0x1C, 0x1D, 0x14, 0xA6, 0x81, 0x29, 0xB3, 0x8B, 0xCE, 0xDF, 0x71,
    0x26, 0x76, 0x0E, 0x67, 0xF6, 0xD9, 0x45, 0x95, 0x2A, 0xA2, 0xBC, 0x77, 0x0B, 0xA7, 0x1D, 0xD3,
    0x15, 0x04, 0xE4, 0xC2, 0x3D, 0xB0, 0xF4, 0xE2, 0xF2, 0xF8, 0xA4, 0xAF, 0x16, 0xD7, 0xB1, 0xCB,
    0xD0, 0xC5, 0x31, 0xBA, 0x84, 0xEA, 0xB2, 0x09, 0xBB, 0x91, 0x71, 0x50, 0x72, 0x13, 0x2B, 0x2C,
    0x80, 0x73, 0x77, 0xBF, 0xFB, 0x60, 0x26, 0x1E, 0xEC, 0x50, 0x7C, 0xAA, 0x2F, 0x06, 0x8C, 0x44,
    0xAD, 0x0B, 0xCB, 0xC4, 0xF4, 0x03, 0xEA, 0x88, 0xC3, 0xE2, 0x96, 0xB3, 0xE3, 0xBF, 0x2A, 0x5D,
    0x93, 0xD2, 0x27, 0xE8, 0xE5, 0xC2, 0xE1, 0x9A, 0x3A, 0x79, 0xDE, 0x8E, 0x60, 0x99, 0x78, 0xCA,
    0xE9, 0x7C, 0xD3, 0x25, 0xFF, 0x9B, 0x4C, 0x64, 0xD4, 0xC8, 0xA8, 0x95, 0x6E, 0xF7, 0x51, 0x97,
    0x98, 0x51, 0xD0, 0x6C, 0x3E, 0xB9, 0x95, 0x6E, 0xC6, 0x12, 0x8E, 0xA9, 0x67, 0x2B, 0x4E, 0xEB,
    0xB7, 0xB9, 0xEF, 0xB8, 0x79, 0x04, 0x2F, 0xF0, 0x6F, 0xD5, 0x77, 0x7B, 0x35, 0xE7, 0xBE, 0x7F,
    0xC1, 0xFD, 0x1B, 0x44, 0xDC, 0x97, 0xB1, 0xE5, 0xE0, 0xD8, 0xB5, 0xCE, 0x5D, 0x63, 0x90, 0x41,
    0xBC, 0x9A, 0xD9, 0xC0, 0xB3, 0x8C, 0x57, 0xE9, 0xE1, 0x78, 0x55, 0x9C, 0x10, 0xAF, 0xD2, 0x45,
    0xBC, 0xEA, 0x8E, 0xC6, 0x2B, 0x37, 0x7D, 0x22, 0xDE, 0x3F, 0xB1, 0xE2, 0xF7, 0x05, 0x1D, 0xC9,
    0xEA, 0x42, 0x1C, 0x62, 0x3C, 0x62, 0x5C, 0xEA, 0x63, 0x57, 0x3E, 0xEE, 0xE3, 0xD6, 0x59, 0xB1,
    0xCB, 0xD9, 0xF9, 0x25, 0x74, 0x0F, 0x42, 0x6D, 0x57, 0x0B, 0xFD, 0x5C, 0x5E, 0x74, 0xE1, 0x17,
    0x6D, 0x8C, 0x5D, 0x0C, 0x5D, 0x8C, 0x5C, 0x1A, 0xB8, 0x10, 0xB7, 0x6E, 0x9D, 0xC2, 0xF3, 0xE9,
    0xA1, 0xEB, 0x07, 0x42, 0x18, 0x78, 0xD7, 0x36, 0x7C, 0x60, 0xC3, 0x58, 0xB5, 0x81, 0x55, 0x27,
    0x4A, 0xAF, 0x9A, 0x77, 0xCF, 0xD4, 0xDA, 0x9C, 0x7E, 0x2D, 0xAF, 0x98, 0x49, 0xF0, 0x79, 0xA3,
    0xF4, 0x52, 0x32, 0x38, 0xB5, 0x85, 0x1D, 0x7E, 0xBE, 0xE4, 0xF9, 0x3A, 0xE5, 0xD0, 0xB5, 0x02,
    0xAC, 0x15, 0x1E, 0x30, 0x9D, 0x2B, 0x92, 0xC5, 0xA9, 0xB7, 0x44, 0xB6, 0x20, 0x4F, 0x8C, 0x35,
    0x6E, 0xA5, 0xD7, 0x7F, 0x26, 0x25, 0xF8, 0xFD, 0x16, 0x6B, 0x65, 0x90, 0xE7, 0xCE, 0xD5, 0xCA,
    0x42, 0x1F, 0x24, 0x9B, 0x72, 0x68, 0x9F, 0xAE, 0x53, 0x16, 0xAA, 0x81, 0xBC, 0x44, 0xDB, 0xB8,
    0xFA, 0x73, 0x81, 0x67, 0x05, 0xA4, 0x02, 0x0A, 0x7B, 0xDE, 0xCA, 0x96, 0x1A, 0x1E, 0x3D, 0x78,
    0x94, 0x02, 0x47, 0x6B, 0x9B, 0x0C, 0x3F, 0x04, 0xBE, 0x8D, 0x31, 0x3F, 0x9E, 0xC6, 0x98, 0x00,
    0x63, 0x1D, 0x46, 0xA7, 0xD8, 0xA4, 0x7D, 0xB7, 0x36, 0x5C, 0x30, 0x75, 0x97, 0xCA, 0x93, 0xD0,
    0xF1, 0xEB, 0xA7, 0x1B, 0x08, 0x15, 0xBE, 0x29, 0x71, 0x3B, 0x43, 0x2A, 0x54, 0xF0, 0xEB, 0x2A,
    0x7C, 0x55, 0xA3, 0xBF, 0x50, 0xC0, 0x38, 0x51, 0x10, 0xDD, 0x71, 0xB7, 0x59, 0x7C, 0xBA, 0x61,
    0x41, 0x70, 0x10, 0x8C, 0x7C, 0x5B, 0x17, 0x8B, 0x7C, 0x18, 0x7C, 0xFB, 0x21, 0x1F, 0x49, 0xE6,
    0xAB, 0xFE, 0x94, 0x2B, 0x51, 0x24, 0xBF, 0xAB, 0x7D, 0x03, 0xCC, 0x07, 0xFC, 0xDD, 0x6A, 0x94,
    0x62, 0x4F, 0xB4, 0x24, 0x1A, 0x12, 0xA8, 0x08, 0x1D, 0x9C, 0x5A, 0xA2, 0x70, 0x73, 0x5B, 0x7B,
    0x45, 0xF3, 0x0E, 0x3F, 0x51, 0x2C, 0xF4, 0xFE, 0x77, 0x43, 0x85, 0x5C, 0x0A, 0x39, 0x0B, 0xC2,
    0x54, 0x04, 0x26, 0x63, 0xE6, 0x09, 0x23, 0xD2, 0x5C, 0xAC, 0x48, 0x9E, 0xA9, 0x96, 0xFD, 0xB1,
    0x0B, 0x91, 0x7E, 0x4A, 0x60, 0xFF, 0x2D, 0x76, 0x29, 0x79, 0x6E, 0x10, 0x79, 0x7E, 0x27, 0x53,
    0xD5, 0x43, 0xEC, 0x55, 0x2A, 0x6B, 0xD0, 0xC1, 0x1C, 0xB6, 0x00, 0xE0, 0x9F, 0x68, 0xBF, 0xAB,
    0x5B, 0xD3, 0x32, 0xA7, 0x43, 0x6F, 0xC0, 0xE4, 0xEE, 0x23, 0xB3, 0x3F, 0x85, 0x54, 0xFF, 0x80,
    0x40, 0xC1, 0x1B, 0xA6, 0x2A, 0x12, 0xCD, 0x95, 0xCD, 0x8A, 0xC1, 0xF1, 0x48, 0x36, 0xB8, 0xA6,
    0x4F, 0x5A, 0x74, 0x35, 0xC6, 0x53, 0xA9, 0x76, 0x13, 0xB9, 0xFD, 0x94, 0x3F, 0xE8, 0xA9, 0x24,
    0x34, 0x15, 0x53, 0xDA, 0x6C, 0x90, 0xE1, 0xD9, 0xD1, 0xE8, 0x1A, 0x75, 0x36, 0xA5, 0x08, 0x90,
    0x02, 0x30, 0x1B, 0x60, 0x62, 0xD0, 0x47, 0xD1, 0x1C, 0x38, 0xB2, 0x6B, 0x35, 0x5E, 0x87, 0xF9,
    0xC4, 0x46, 0x51, 0x1D, 0xC3, 0x74, 0x81, 0xCF, 0x30, 0x78, 0xBF, 0x0B, 0x5E, 0x93, 0x4F, 0xA6,
    0x12, 0x1A, 0xE6, 0x7E, 0x98, 0xF0, 0x89, 0xC2, 0x84, 0xF8, 0x2C, 0x98, 0x70, 0x79, 0x41, 0x70,
    0x72, 0x27, 0x09, 0x72, 0x5A, 0xC8, 0x3D, 0x55, 0xC0, 0xBE, 0x5D, 0x44, 0x40, 0x42, 0x11, 0xF7,
    0xEB, 0xC5, 0x1A, 0xE9, 0x11, 0xE8, 0x10, 0xD4, 0xAD, 0x66, 0x2E, 0x99, 0xB4, 0x0E, 0x52, 0x2F,
    0x0F, 0x19, 0x22, 0x19, 0x45, 0x76, 0xD6, 0x42, 0xFF, 0xE7, 0x73, 0x6A, 0x10, 0x74, 0xE9, 0x8F,
    0x85, 0xCC, 0x91, 0x8C, 0x01, 0x53, 0xE3, 0x19, 0xA6, 0x68, 0x19, 0xA1, 0x12, 0x79, 0x81, 0xA6,
    0x7A, 0x35, 0x70, 0x9A, 0x00, 0xA8, 0x09, 0x90, 0xDA, 0x01, 0xA8, 0xB6, 0x42, 0x6C, 0x87, 0x1B,
    0x90, 0x74, 0x83, 0xC9, 0x1A, 0xA8, 0x2A, 0x50, 0x33, 0xB4, 0x1F, 0xBC, 0x11, 0x3C, 0x81, 0x47,
    0x6A, 0x33, 0x17, 0x6E, 0xC0, 0xA8, 0xFE, 0xCE, 0x71, 0x58, 0xB4, 0xC1, 0xA2, 0x6F, 0x05, 0xD6,
    0x0A, 0xFE, 0x50, 0x1C, 0x07, 0x6B, 0x84, 0x26, 0x34, 0x85, 0x75, 0x66, 0x53, 0x2E, 0x6D, 0xC2,
    0xD7, 0x1A, 0xC6, 0x97, 0xFC, 0xC4, 0x85, 0xDC, 0xEE, 0xDC, 0x68, 0xAD, 0xA0, 0x47, 0x8F, 0xF6,
    0x0C, 0xC6, 0x62, 0xCB, 0x99, 0x12, 0xDE, 0xB3, 0x1E, 0x44, 0x26, 0xD8, 0xEE, 0xAC, 0xB4, 0x11,
    0x57, 0x5D, 0x5B, 0x62, 0x16, 0xDD, 0x49, 0xD7, 0xCD, 0x4B, 0x48, 0xBC, 0xB4, 0xC0, 0x4E, 0x87,
    0xAE, 0xAB, 0x94, 0x7C, 0x07, 0xC1, 0xBF, 0x01, 0xBF, 0x83, 0x5A, 0xDD, 0xD3, 0x11, 0x2F, 0x38,
    0x63, 0x5B, 0x1B, 0x3E, 0xAE, 0x34, 0xE9, 0x81, 0xA1, 0xA8, 0x06, 0xF9, 0xFD, 0x9F, 0xC9, 0x9F,
    0xED, 0x7E, 0x39, 0x53, 0x3C, 0x18, 0x10, 0x8C, 0xCD, 0x7A, 0x15, 0x6B, 0x17, 0x0D, 0x2B, 0x37,
    0x13, 0xA4, 0x47, 0x49, 0xEA, 0xD7, 0x11, 0x62, 0xB6, 0xCF, 0x98, 0x9D, 0xBD, 0xD6, 0xF2, 0x89,
    0xFB, 0x1F, 0x0C, 0xFF, 0x1B, 0xF9, 0x38, 0xAC, 0xF8, 0x31, 0x7C, 0x18, 0xDB, 0xDA, 0x30, 0xB3,
    0xD3, 0x78, 0x3D, 0x6F, 0x34, 0x42, 0x3C, 0x2B, 0x19, 0x34, 0xFF, 0x36, 0x4B, 0x2C, 0x04, 0xDB,
    0x2C, 0x6F, 0x05, 0xE5, 0x08, 0x34, 0xC3, 0xA0, 0x78, 0x6F, 0x9A, 0x06, 0xF0, 0x72, 0x94, 0xF7,
    0x52, 0x09, 0xCA, 0x8C, 0x49, 0x1F, 0x14, 0x1C, 0x09, 0x1F, 0xD1, 0xB2, 0xD9, 0x21, 0x5B, 0x0D,
    0x23, 0x02, 0x29, 0x2B, 0x3C, 0x6B, 0xC3, 0x47, 0xB5, 0xAD, 0xF0, 0x30, 0x22, 0x60, 0xA8, 0x56,
    0x26, 0xDC, 0x5A, 0xB4, 0x5A, 0xC2, 0x94, 0x71, 0x62, 0x2B, 0x39, 0x4E, 0x63, 0xA9, 0x57, 0x1F,
    0xA8, 0xEC, 0x80, 0x62, 0x0B, 0x0F, 0x55, 0x78, 0x5A, 0x5B, 0xE1, 0x61, 0x2E, 0xA9, 0x15, 0x9E,
    0xAA, 0xAF, 0xF0, 0xEC, 0x0D, 0x1F, 0xF4, 0x15, 0x9E, 0xA6, 0xAF, 0xF0, 0x28, 0x15, 0xD5, 0xC7,
    0x4E, 0xE9, 0x8F, 0x5F, 0x71, 0x3A, 0x58, 0x55, 0xBA, 0xE9, 0x1A, 0x93, 0xD6, 0x58, 0x44, 0x61,
    0xA7, 0xAD, 0x06, 0xDC, 0x64, 0x98, 0x60, 0xB9, 0x46, 0x95, 0x30, 0xA4, 0x42, 0x5E, 0x4F, 0x98,
    0xB0, 0xC7, 0x76, 0x06, 0x89, 0x8F, 0x90, 0x6E, 0x38, 0x24, 0x31, 0x04, 0x56, 0x4B, 0x72, 0xE2,
    0x48, 0x3D, 0x5C, 0xAD, 0x16, 0x75, 0x10, 0x10, 0x24, 0x7B, 0xAE, 0xEA, 0x41, 0xD0, 0xDB, 0x2A,
    0xBE, 0x92, 0x0C, 0xB6, 0x94, 0x01, 0xAA, 0x64, 0x7B, 0xD3, 0x1C, 0x36, 0x56, 0x6E, 0x43, 0x63,
    0xB6, 0xA1, 0xCD, 0x27, 0xB7, 0x00, 0xBF, 0x85, 0xC5, 0x36, 0x02, 0xD0, 0x36, 0x02, 0xD1, 0x36,
    0x1C, 0xD9, 0x76, 0x34, 0xC3, 0xF3, 0x85, 0x64, 0x9D, 0x4D, 0x37, 0xE0, 0x45, 0x96, 0x6D, 0x99,
    0x2B, 0x68, 0x29, 0xE0, 0xB0, 0x1F, 0x60, 0x99, 0x89, 0x45, 0x26, 0x96, 0x98, 0xB8, 0x09, 0x2C,
    0x2F, 0xB1, 0xB8, 0xC4, 0xD2, 0x12, 0x0B, 0x4B, 0x2C, 0x2B, 0xB1, 0xA8, 0xC4, 0x92, 0x12, 0x0B,
    0x4A, 0x2C, 0x27, 0xB1, 0x98, 0xC4, 0x52, 0x12, 0x0B, 0x49, 0x2C, 0x23, 0xB1, 0x88, 0x44, 0x93,
    0xD4, 0xAD, 0xDA, 0xEA, 0xD7, 0x3A, 0x50, 0x23, 0x62, 0x89, 0x88, 0x15, 0x22, 0x2A, 0xC2, 0x40,
    0x71, 0x7C, 0xF4, 0x83, 0xAD, 0x57, 0xB7, 0x17, 0x4B, 0x7C, 0xC6, 0xB9, 0xC3, 0xF7, 0xD1, 0xFD,
    0x3C, 0x58, 0x74, 0xFA, 0xA7, 0xDB, 0x5C, 0x3B, 0x2E, 0x16, 0x27, 0xA5, 0xD1, 0xDC, 0xD5, 0x55,
    0x76, 0xF1, 0x44, 0xEE, 0x7D, 0x5C, 0xF0, 0xC6, 0xB9, 0xED, 0x5E, 0x18, 0x20, 0x5B, 0x43, 0xB0,
    0x75, 0x2F, 0x51, 0x23, 0x72, 0xAB, 0x1F, 0x1B, 0x20, 0xF7, 0x75, 0x3F, 0x7D, 0x8B, 0xD1, 0x67,
    0x94, 0xF7, 0x6E, 0x02, 0x20, 0xDB, 0x43, 0xDE, 0x3A, 0xD5, 0xA7, 0xFC, 0x84, 0x90, 0x60, 0x20,
    0x2A, 0x13, 0x5C, 0x02, 0xD1, 0x96, 0x47, 0x48, 0x10, 0x18, 0x9E, 0x12, 0x21, 0xC1, 0x80, 0x90,
    0x60, 0x0C, 0x4B, 0x77, 0x6A, 0x04, 0x65, 0xAF, 0x04, 0x24, 0x08, 0xF3, 0x30, 0x1F, 0x45, 0x3C,
    0xBC, 0x4D, 0x42, 0x82, 0x86, 0x90, 0xA0, 0x16, 0xAE, 0x49, 0x4C, 0x41, 0x9F, 0x12, 0xB1, 0x42,
    0xF5, 0x8E, 0x55, 0x9A, 0xCA, 0xC2, 0x82, 0x23, 0x8E, 0x45, 0xA6, 0x7F, 0xCA, 0xED, 0x2B, 0x16,
    0xAE, 0x94, 0xC9, 0xC8, 0x31, 0xF9, 0xD8, 0xFB, 0xAC, 0x68, 0xC3, 0xDF, 0x16, 0x2D, 0x54, 0x69,
    0xFC, 0x32, 0x2C, 0xB2, 0x0A, 0x4B, 0x10, 0x00, 0x10, 0x22, 0x60, 0x57, 0xFE, 0x8A, 0xFD, 0xF9,
    0x29, 0x77, 0xAA, 0x56, 0x90, 0x47, 0xA9, 0xB6, 0x78, 0xE0, 0xF7, 0xDE, 0xBF, 0xC1, 0xBA, 0xE5,
    0x38, 0x61, 0xC5, 0x2F, 0x0C, 0x53, 0xFF, 0x0F, 0xC5, 0x45, 0xEB, 0x96, 0x76, 0xBC, 0x72, 0x15,
    0x11, 0x33, 0x0D, 0xB8, 0x29, 0x1B, 0x5E, 0x7E, 0x73, 0xDC, 0x53, 0x07, 0x4C, 0xEA, 0x99, 0x22,
    0xF8, 0x7D, 0x15, 0x4A, 0x7D, 0x51, 0x01, 0x62, 0x2C, 0x1F, 0x42, 0x6E, 0xFF, 0x15, 0x50, 0xFF,
    0xD7, 0xD5, 0x51, 0x6B, 0x4A, 0xB5, 0x0D, 0x87, 0x8A, 0x71, 0x0E, 0x35, 0x18, 0x17, 0x7E, 0xB3,
    0xED, 0xE8, 0x6F, 0xFA, 0xFB, 0x90, 0xBF, 0x51, 0xB3, 0xF3, 0x01, 0x58, 0x26, 0xD2, 0x0F, 0xB0,
    0x8E, 0xF7, 0xAA, 0x5C, 0x85, 0xA2, 0x69, 0xAE, 0x85, 0x89, 0xC5, 0x4B, 0xB9, 0x2D, 0xA8, 0x13,
    0x0B, 0x17, 0x7D, 0x11, 0x83, 0x98, 0x55, 0x15, 0x3D, 0x81, 0x65, 0x01, 0x40, 0xF5, 0x80, 0x51,
    0x9F, 0x77, 0x0C, 0xB6, 0xA5, 0x08, 0x7F, 0x53, 0x86, 0xB2, 0xE2, 0x19, 0x66, 0x8F, 0x1B, 0x86,
    0xAA, 0xC1, 0xA3, 0xBF, 0x3B, 0xA2, 0x94, 0xD6, 0xBE, 0xF1, 0x39, 0xFC, 0xFD, 0x43, 0x98, 0xB1,
    0x5A, 0xB2, 0x2D, 0xDC, 0x33, 0xCB, 0xF5, 0xFE, 0x5E, 0x8B, 0x9F, 0xBE, 0xB8, 0x34, 0x87, 0x90,
    0x18, 0x02, 0x43, 0xDE, 0x83, 0xE2, 0xDA, 0x80, 0x7D, 0xD1, 0x7B, 0x14, 0x4B, 0x1C, 0xA6, 0xE1,
    0xFD, 0xDC, 0x7F, 0x55, 0x2C, 0x8B, 0xAB, 0xE7, 0xBD, 0xE1, 0x9F, 0x1A, 0x96, 0x14, 0x36, 0x22,
    0x79, 0x16, 0xA4, 0x97, 0x2C, 0xAC, 0x53, 0x6D, 0x81, 0xC2, 0x3A, 0xF9, 0x28, 0x96, 0xBF, 0x2C,
    0x6A, 0x68, 0x50, 0xD7, 0xF3, 0xDE, 0xB5, 0xBE, 0xDC, 0xE4, 0x96, 0x8D, 0x59, 0x11, 0xDB, 0xBC,
    0x7B, 0x83, 0xB5, 0x75, 0xDA, 0x65, 0x74, 0x1F, 0x87, 0x89, 0x4D, 0xF4, 0xBE, 0x28, 0x2F, 0x5D,
    0x5B, 0xB7, 0x57, 0xD0, 0x68, 0x5A, 0x40, 0x61, 0xB8, 0x1F, 0x1F, 0xF9, 0xE9, 0xCD, 0x49, 0xB4,
    0x50, 0x5B, 0x97, 0x6A, 0xFB, 0x39, 0xD4, 0x36, 0x7F, 0x76, 0x69, 0xA9, 0xE0, 0x09, 0xF5, 0xE5,
    0x47, 0xC8, 0xB4, 0xFC, 0xE3, 0xC3, 0x59, 0x17, 0x17, 0xA6, 0x23, 0x02, 0xD4, 0x56, 0x19, 0xDA,
    0xD5, 0xDB, 0xF3, 0x9C, 0x7F, 0x03, 0xEA, 0xEB, 0xEF, 0x06, 0x59, 0x61, 0xEB, 0x2D, 0xD2, 0x7E,
    0xFE, 0xDB, 0xEE, 0x91, 0x5C, 0xA4, 0xE3, 0x31, 0x3F, 0x4C, 0x23, 0xA4, 0x69, 0xF4, 0x0B, 0x78,
    0x5F, 0xD4, 0xDE, 0x37, 0xB5, 0x37, 0x7F, 0x60, 0xDF, 0x31, 0x9E, 0x71, 0x5B, 0xCB, 0x4F, 0x61,
    0xAA, 0x85, 0xC0, 0xDD, 0xC9, 0xD2, 0xDF, 0x5D, 0x31, 0x8F, 0xD4, 0xF4, 0x86, 0x9A, 0xBE, 0x15,
    0xC9, 0x8B, 0x60, 0x01, 0xCB, 0x80, 0xC2, 0xE0, 0xEB, 0xF6, 0x79, 0x74, 0x67, 0x5B, 0x5D, 0x74,
    0x1F, 0xEC, 0xC1, 0xF0, 0x79, 0x2C, 0x52, 0xD7, 0xD7, 0xF2, 0xE2, 0x45, 0x15, 0x3A, 0x38, 0xAE,
    0xD0, 0x6F, 0x5D, 0x1C, 0x57, 0x07, 0x85, 0x2D, 0x66, 0xA1, 0xB8, 0xDE, 0x12, 0xB7, 0xF8, 0xD5,
    0xB5, 0xF0, 0x7D, 0x4C, 0x6D, 0xD3, 0x67, 0x97, 0xE7, 0x1D, 0xF3, 0x32, 0x81, 0x67, 0x22, 0x9F,
    0x00, 0xB1, 0x0D, 0xC4, 0x2B, 0xE9, 0xFC, 0x90, 0xCA, 0x49, 0xF4, 0x06, 0x61, 0x17, 0x32, 0xC9,
    0x53, 0xFD, 0x9F, 0x16, 0xCC, 0x8A, 0x2B, 0x3A, 0xC0, 0x71, 0x9F, 0x14, 0x24, 0x78, 0x06, 0x00,
    0x07, 0xEA, 0xDF, 0xF3, 0x16, 0xF5, 0xB5, 0xF4, 0x7B, 0x7D, 0xE1, 0x7E, 0x43, 0x71, 0x5C, 0x64,
    0xAA, 0xE4, 0x79, 0x33, 0x92, 0x97, 0x23, 0x9D, 0x36, 0x32, 0xA9, 0x33, 0x9D, 0xF1, 0xE5, 0xB3,
    0x4C, 0xC6, 0x32, 0xCE, 0x3E, 0x68, 0x63, 0x53, 0xF3, 0xCD, 0xA7, 0xCD, 0x1C, 0x34, 0x4F, 0x87,
    0x6E, 0x3A, 0x15, 0x73, 0x9C, 0x9A, 0x6D, 0xF8, 0xE1, 0x27, 0x0F, 0x24, 0xEC, 0x13, 0xD2, 0xB7,
    0x69, 0xCA, 0x5B, 0x8F, 0xB8, 0xEE, 0xF5, 0x09, 0xC3, 0x86, 0xBE, 0x93, 0x81, 0xBE, 0xDA, 0x1B,
    0xB1, 0x0C, 0x77, 0xF4, 0xE5, 0xEA, 0x9B, 0x83, 0x37, 0x90, 0x6A, 0xF0, 0x5A, 0x3C, 0xB8, 0x8E,
    0xA9, 0x42, 0x04, 0x6B, 0x6C, 0x05, 0xA1, 0x9C, 0x9F, 0xAB, 0xFC, 0x01, 0x9E, 0x8E, 0xF7, 0xA7,
    0x70, 0x0B, 0x51, 0xB1, 0xAD, 0x66, 0xA0, 0xF9, 0x63, 0xDF, 0x92, 0x14, 0xB9, 0x23, 0x4B, 0x43,
    0xA9, 0x6B, 0xBE, 0x2A, 0xC2, 0x2E, 0x28, 0x11, 0xE1, 0x4A, 0x5B, 0x75, 0x21, 0xE5, 0x18, 0x66,
    0xF9, 0x59, 0x2A, 0x2E, 0xC6, 0x3D, 0x25, 0x70, 0xCC, 0x69, 0x47, 0xF2, 0xEE, 0x0A, 0x91, 0x7C,
    0xDA, 0xC0, 0xD2, 0x7E, 0x66, 0x43, 0x30, 0xF2, 0x7C, 0x9C, 0xC5, 0x74, 0x16, 0x76, 0x6D, 0xB8,
    0xD3, 0xBE, 0xC3, 0x8D, 0xD3, 0xEF, 0x01, 0x95, 0x22, 0x6C, 0x26, 0x96, 0x90, 0x50, 0x3D, 0xAD,
    0xB3, 0xF3, 0x9E, 0x7D, 0x91, 0xC9, 0x62, 0xD0, 0xB1, 0x17, 0x99, 0xD2, 0x9C, 0xD6, 0x98, 0x6D,
    0x1A, 0xAD, 0x4A, 0x98, 0xE6, 0xAC, 0x71, 0x6C, 0xCB, 0x6A, 0xE4, 0xFC, 0x84, 0x6A, 0xE4, 0xEC,
    0x68, 0x43, 0xBA, 0xF8, 0x5F, 0xF8, 0x10, 0xF3, 0xA9, 0xF5, 0x1F, 0x2C, 0x0A, 0x34, 0x00, 0x02,
    0xC0, 0x56, 0x67, 0xB5, 0xFF, 0x03, 0x5D, 0x53, 0xB1, 0x6E, 0xD4, 0x40, 0x10, 0x7D, 0xB6, 0x23,
    0xAC, 0xC4, 0x5C, 0x1C, 0x09, 0x42, 0x41, 0x48, 0x9C, 0x82, 0x22, 0x48, 0xCE, 0x99, 0xC2, 0xC5,
    0x4A, 0xD8, 0xE7, 0x15, 0x2D, 0xCD, 0x15, 0x39, 0x1A, 0x0A, 0x9A, 0x14, 0x74, 0x44, 0xC2, 0xC5,
    0x15, 0x97, 0x78, 0x05, 0x3F, 0x70, 0x9F, 0xC0, 0x1F, 0x90, 0xE2, 0x1A, 0xA4, 0xBB, 0x78, 0xA5,
    0xFC, 0xC0, 0x8A, 0x86, 0x82, 0xC6, 0x45, 0x00, 0x09, 0x1A, 0x23, 0xA5, 0x30, 0xE2, 0x92, 0x65,
    0xF6, 0x2E, 0x39, 0x22, 0x66, 0x76, 0xC7, 0xB3, 0x3B, 0x9E, 0xD9, 0xD9, 0x37, 0xB3, 0x19, 0x7C,
    0xEE, 0x09, 0x47, 0x06, 0xE8, 0x60, 0x80, 0x11, 0xAC, 0x21, 0xBC, 0x73, 0x44, 0x29, 0xC6, 0x01,
    0xEE, 0xAF, 0x20, 0xD3, 0xC8, 0xC7, 0x58, 0xDF, 0x2B, 0xA7, 0xE5, 0xB4, 0xBB, 0xFC, 0xF1, 0x28,
    0x9B, 0x7A, 0x55, 0x5A, 0xA4, 0x89, 0xCF, 0x27, 0x81, 0x20, 0x79, 0x02, 0x0D, 0x1F, 0x9B, 0xF0,
    0xAA, 0x6C, 0xCA, 0x42, 0x16, 0x1A, 0xBB, 0xA3, 0x6A, 0xF7, 0x9D, 0x5A, 0xF5, 0x38, 0xDB, 0xC4,
    0xFE, 0x2D, 0xA4, 0x11, 0xFC, 0x31, 0xDC, 0x1A, 0x99, 0x2F, 0xFC, 0x67, 0xD2, 0x3D, 0x55, 0xF6,
    0xA7, 0x2A, 0xCB, 0xB2, 0x4E, 0x3A, 0x3E, 0xC0, 0xF5, 0x97, 0x4C, 0xDC, 0x47, 0x84, 0x14, 0x4B,
    0xA0, 0xF8, 0xED, 0x76, 0x3A, 0x88, 0xB1, 0x86, 0x18, 0x47, 0x70, 0x85, 0x2B, 0x34, 0xE9, 0x5B,
    0x94, 0x5F, 0x83, 0x0B, 0x5E, 0xCA, 0x48, 0xDC, 0x0C, 0x0B, 0x6C, 0x03, 0x35, 0x2C, 0x05, 0x47,
    0xC2, 0xE5, 0x94, 0x0E, 0xE5, 0x83, 0x04, 0xC8, 0x67, 0xDB, 0x15, 0x6C, 0x09, 0x47, 0xC0, 0x03,
    0x56, 0x81, 0x10, 0x60, 0x30, 0x74, 0x40, 0xB3, 0x82, 0xB1, 0xC1, 0xE1, 0x33, 0x13, 0x1E, 0xD0,
    0x8C, 0x69, 0x1E, 0xC3, 0x04, 0x33, 0x3E, 0x70, 0x69, 0xD9, 0xC2, 0xCC, 0xED, 0x7F, 0x0F, 0xEF,
    0xCA, 0xC3, 0x84, 0x7B, 0xB4, 0x5C, 0x5E, 0xFC, 0x6A, 0x22, 0x82, 0x30, 0xA5, 0x83, 0xFB, 0x58,
    0xEF, 0xA1, 0xD4, 0x92, 0xC6, 0xC8, 0xB9, 0x1A, 0x84, 0x23, 0x0D, 0xA2, 0xB9, 0x32, 0xAA, 0xAF,
    0x79, 0x9D, 0x97, 0xAA, 0x54, 0xF6, 0x8C, 0x8D, 0xFD, 0x76, 0x37, 0xB8, 0xAC, 0x32, 0xAD, 0x92,
    0x92, 0x63, 0x38, 0xCB, 0xF4, 0x1C, 0xD6, 0xD4, 0x48, 0x40, 0x04, 0xDF, 0xC8, 0x24, 0xFB, 0x11,
    0x5F, 0x6C, 0x46, 0x3F, 0xE9, 0x18, 0xBE, 0xF1, 0x54, 0x16, 0x7F, 0xE4, 0xA8, 0x30, 0xBF, 0x7B,
    0x8E, 0x0C, 0x51, 0x17, 0xBA, 0xD9, 0xED, 0xD5, 0x9E, 0x2D, 0x2D, 0x0B, 0x16, 0x3C, 0x99, 0xD5,
    0x6F, 0xF6, 0x1D, 0x6E, 0xF2, 0xA6, 0xF4, 0x50, 0x0C, 0x11, 0x5C, 0xD2, 0xA7, 0x42, 0x50, 0xD9,
    0x7A, 0x58, 0x9C, 0x13, 0xCC, 0xE8, 0xD2, 0x55, 0xD9, 0x63, 0xD6, 0x72, 0x1B, 0x44, 0x1A, 0x9D,
    0x97, 0x7C, 0x67, 0x85, 0xDB, 0x15, 0x9C, 0x1A, 0x24, 0x09, 0x99, 0xF7, 0x59, 0xE5, 0xCB, 0x4C,
    0xB1, 0x7A, 0x96, 0xD5, 0xAB, 0x8D, 0xB3, 0x09, 0x0A, 0x61, 0x37, 0xB8, 0x6B, 0x90, 0x8E, 0x94,
    0x35, 0x75, 0x9B, 0x23, 0xDE, 0x9D, 0x19, 0xCF, 0x08, 0x85, 0x62, 0x78, 0x08, 0xAB, 0xB9, 0xA4,
    0x6E, 0xFA, 0x8C, 0x13, 0xFB, 0x54, 0x70, 0xE7, 0xAD, 0x8C, 0x3B, 0xBE, 0xDF, 0x89, 0xA9, 0xBE,
    0x0E, 0xEE, 0x20, 0xAB, 0x5D, 0xD1, 0x52, 0x4B, 0xDC, 0xFB, 0xA2, 0xD8, 0x20, 0x8E, 0x19, 0x23,
    0x49, 0x7A, 0x48, 0xBE, 0x1D, 0x51, 0x48, 0x47, 0xB8, 0x68, 0x73, 0xD8, 0xB5, 0xF7, 0xBB, 0x57,
    0x4A, 0x4B, 0x6B, 0x4A, 0x78, 0x43, 0x0F, 0x31, 0xA1, 0xAA, 0xA8, 0xE8, 0xEB, 0xF3, 0x92, 0xBB,
    0x5A, 0x13, 0x06, 0xAF, 0xB5, 0x20, 0xBC, 0x7B, 0x7B, 0x25, 0xAD, 0xCC, 0xBC, 0xA9, 0x53, 0xD7,
    0xC0, 0x5C, 0x5F, 0xEB, 0x1F, 0xBD, 0x17, 0x22, 0xD2, 0x86, 0xA8, 0x44, 0xF7, 0x3E, 0xE8, 0x06,
    0x0B, 0x32, 0x98, 0x94, 0x5A, 0x81, 0xC2, 0x5D, 0x98, 0x7B, 0x94, 0x7C, 0x6C, 0x8E, 0x30, 0x9E,
    0xC6, 0x04, 0x6B, 0x7E, 0xE1, 0x43, 0xAA, 0x1B, 0x11, 0x9F, 0xEB, 0xFF, 0xF6, 0x09, 0xF1, 0x2A,
    0xCC, 0xC1, 0x82, 0x26, 0x61, 0xAC, 0x1F, 0x91, 0xAF, 0xA7, 0x76, 0x73, 0x96, 0xD0, 0x7B, 0x40,
    0xB2, 0xED, 0x53, 0xDD, 0x18, 0x4B, 0xE6, 0xE4, 0xA9, 0x34, 0x8F, 0x93, 0x3C, 0xCC, 0xC3, 0x84,
    0xF9, 0x84, 0xE9, 0xC3, 0x1D, 0x76, 0x45, 0x49, 0x3F, 0x6A, 0x4C, 0xA0, 0xB4, 0xCF, 0xD6, 0x28,
    0x16, 0xE6, 0x76, 0xEC, 0x10, 0x16, 0x89, 0x3F, 0x4E, 0x07, 0x79, 0x62, 0x38, 0x19, 0x04, 0x53,
    0xD3, 0x70, 0x86, 0xB3, 0x2A, 0xCD, 0xD9, 0x82, 0x9E, 0x7C, 0xAF, 0xD2, 0x49, 0x7F, 0x1E, 0x6A,
    0x31, 0x34, 0xF5, 0x47, 0xBD, 0x60, 0xF3, 0x2A, 0x4A, 0xD1, 0x26, 0x69, 0x78, 0x8B, 0x5E, 0x9C,
    0x05, 0x4A, 0xAC, 0x1F, 0x1E, 0xB7, 0x6A, 0x5F, 0xB9, 0x92, 0xDA, 0xB4, 0x4E, 0xAB, 0x40, 0xFA,
    0x22, 0x90, 0x69, 0x35, 0xAA, 0xFF, 0x02, 0xCD, 0x5C, 0x3D, 0x74, 0xE4, 0xD6, 0x75, 0xBE, 0x00,
    0xB4, 0x42, 0x62, 0x24, 0x86, 0x8B, 0x5D, 0x39, 0xB6, 0x6C, 0x21, 0x45, 0x9A, 0x9C, 0x13, 0x2D,
    0x1A, 0x17, 0x2A, 0x34, 0x00, 0x2C, 0x17, 0x2E, 0x5C, 0x98, 0xC5, 0xCE, 0x6E, 0xC1, 0x82, 0x2A,
    0x5C, 0xB8, 0xB1, 0xE9, 0x22, 0x85, 0x93, 0xC3, 0xE1, 0x60, 0xE3, 0x42, 0xA5, 0x36, 0x85, 0xA4,
    0x22, 0x45, 0x92, 0xCE, 0x9D, 0x1A, 0x17, 0x9B, 0x64, 0x86, 0x03, 0xC5, 0x45, 0x8A, 0x14, 0x82,
    0x7D, 0xB4, 0x76, 0xA1, 0x42, 0xD0, 0x39, 0xBB, 0xC9, 0x39, 0x71, 0xB1, 0x88, 0x0D, 0xDA, 0xA0,
    0x03, 0x0C, 0xF2, 0x7D, 0xF7, 0x61, 0x66, 0x38, 0xE4, 0x70, 0x97, 0xCB, 0x25, 0x95, 0x0C, 0x71,
    0x2F, 0x66, 0x80, 0x87, 0x87, 0xF7, 0x73, 0xFF, 0xEF, 0x7B, 0x74, 0x73, 0xB1, 0x4B, 0x11, 0x1C,
    0xF7, 0x65, 0xF9, 0xE9, 0xBA, 0x16, 0x47, 0x3B, 0xBC, 0xD5, 0x88, 0x2C, 0x8F, 0x76, 0xB8, 0xD5,
    0x75, 0x0D, 0x8E, 0xE3, 0x17, 0xF5, 0xFA, 0xAD, 0xAE, 0x9B, 0xE3, 0xF0, 0xDF, 0xC8, 0x83, 0x1F,
    0x95, 0xC0, 0xCF, 0x59, 0x4F, 0xD7, 0x75, 0xA5, 0x28, 0x1A, 0xEE, 0xBC, 0xB3, 0x25, 0xE2, 0xA7,
    0xB2, 0x8E, 0x12, 0xA0, 0xBF, 0x9F, 0x03, 0x75, 0x5D, 0x26, 0x7E, 0xE5, 0x95, 0xE2, 0xE7, 0x76,
    0x25, 0x7E, 0x86, 0x6A, 0x0C, 0x4A, 0x57, 0x88, 0x37, 0xEE, 0xEE, 0xA0, 0xC8, 0x8F, 0x3A, 0x3C,
    0xED, 0x1C, 0x09, 0x8B, 0x04, 0x22, 0x37, 0x45, 0x5E, 0x7F, 0x4A, 0x8F, 0x9F, 0x7A, 0xC8, 0xCB,
    0x73, 0x7D, 0xB6, 0x10, 0xF7, 0x68, 0xBB, 0x66, 0xC5, 0xAD, 0x84, 0x22, 0xB1, 0x44, 0x22, 0x37,
    0x64, 0xC4, 0x8A, 0x67, 0x5D, 0xD5, 0xA3, 0xE9, 0x10, 0x7D, 0x99, 0xF2, 0xDA, 0xBE, 0xC8, 0x35,
    0x14, 0xC2, 0x11, 0x26, 0xF8, 0xE1, 0xE7, 0x56, 0xC3, 0x0A, 0x2A, 0xB1, 0xBA, 0x0E, 0x83, 0x17,
    0xB4, 0x7C, 0xEE, 0xA1, 0xB8, 0x5D, 0x27, 0xC1, 0xA3, 0x71, 0x16, 0x8B, 0x97, 0x47, 0xE2, 0x00,
    0xF0, 0x08, 0xFA, 0x10, 0xA0, 0x0F, 0x2E, 0x6B, 0xDC, 0xED, 0x58, 0x30, 0x13, 0xF1, 0x0A, 0xF4,
    0xAC, 0x9C, 0x00, 0xF6, 0xF1, 0x3D, 0xC6, 0x33, 0x18, 0x1A, 0xB1, 0x50, 0x47, 0x73, 0xEA, 0xB3,
    0xE7, 0xCB, 0x34, 0x48, 0x81, 0x97, 0x1F, 0xA7, 0xBC, 0xC8, 0x21, 0xEC, 0xDF, 0x93, 0x8E, 0x5B,
    0x32, 0x6A, 0x78, 0x4C, 0xA7, 0xD2, 0xC4, 0xEF, 0xD5, 0x41, 0x57, 0xDA, 0x5D, 0xC2, 0x81, 0xEE,
    0xC7, 0x9B, 0xA7, 0xA3, 0xA1, 0x0E, 0x48, 0x65, 0xC6, 0xCA, 0x9C, 0xAC, 0xFE, 0x54, 0xCA, 0xFE,
    0x50, 0x4F, 0xE3, 0xAE, 0x26, 0x8D, 0x8E, 0xBB, 0x2E, 0xC1, 0x69, 0x24, 0x61, 0xA6, 0x27, 0x2F,
    0x77, 0x78, 0x72, 0x0A, 0xA7, 0x58, 0x9D, 0xDC, 0xC2, 0xCD, 0x71, 0xF2, 0xF3, 0x9D, 0x0C, 0x8F,
    0x8F, 0x33, 0xBC, 0x11, 0xCF, 0x09, 0x46, 0x6C, 0xDC, 0x3D, 0x94, 0x5A, 0x78, 0x9C, 0xE7, 0xD4,
    0x0E, 0x87, 0x47, 0xB7, 0xD8, 0x4C, 0x7C, 0x2A, 0x73, 0x6A, 0xCD, 0xBD, 0x71, 0xA2, 0xA7, 0x20,
    0xD5, 0x93, 0x9F, 0x6D, 0x38, 0x85, 0xBC, 0xD7, 0xDE, 0xEE, 0xF8, 0x00, 0xE8, 0xDC, 0x9C, 0x72,
    0xD6, 0xD2, 0x18, 0x04, 0xBA, 0xBE, 0xB5, 0x81, 0xAE, 0xBF, 0x00, 0xF4, 0x3E, 0xA8, 0xD4, 0x27,
    0xED, 0xFB, 0x95, 0x5B, 0x2F, 0x09, 0x79, 0x4A, 0x34, 0x3A, 0x1B, 0xA1, 0xEF, 0xE2, 0x81, 0x10,
    0x7C, 0xB0, 0xC6, 0x2B, 0xB2, 0xF6, 0x01, 0x69, 0x95, 0x64, 0x8B, 0x46, 0xE2, 0xA4, 0x91, 0x03,
    0x69, 0x40, 0x6C, 0x0D, 0x46, 0xAE, 0xF1, 0x73, 0x69, 0x77, 0x53, 0x34, 0x48, 0x14, 0x9A, 0x00,
    0x9C, 0x03, 0x42, 0x6A, 0x9C, 0x0A, 0xCF, 0xF0, 0x6F, 0x0C, 0x08, 0x53, 0x3C, 0x9B, 0x37, 0x9C,
    0xF0, 0x09, 0x2A, 0x1B, 0x00, 0x42, 0xB6, 0xF5, 0xE4, 0x3B, 0x6C, 0x70, 0xB3, 0x0B, 0xF0, 0x01,
    0x21, 0x20, 0x02, 0x80, 0xD8, 0xAC, 0xBA, 0xC1, 0xBB, 0x9A, 0xC6, 0xCB, 0x9B, 0x26, 0x48, 0x9B,
    0x26, 0xC6, 0xC5, 0x29, 0x6F, 0x48, 0xF3, 0x7B, 0x34, 0x01, 0x83, 0xD2, 0x80, 0x85, 0x1B, 0xBE,
    0x7E, 0xCE, 0x6A, 0xDE, 0xBC, 0x06, 0xC2, 0xF9, 0x3E, 0xC8, 0xBC, 0x31, 0x44, 0x7D, 0xEC, 0x03,
    0x7E, 0x99, 0x82, 0x5D, 0x1A, 0x3F, 0xB3, 0x6A, 0x4E, 0xBD, 0x53, 0xBA, 0x85, 0x53, 0x7A, 0xB9,
    0x55, 0x93, 0xE5, 0x83, 0x44, 0x46, 0x28, 0x11, 0x81, 0x47, 0x02, 0x34, 0xD4, 0xC7, 0x90, 0xBB,
    0x95, 0x92, 0xB6, 0x80, 0x20, 0xAC, 0xF7, 0x33, 0x71, 0x40, 0x0A, 0xE4, 0x7E, 0xB4, 0xB5, 0xBC,
    0x28, 0xB4, 0xC3, 0x3B, 0x25, 0x05, 0x93, 0x0A, 0x27, 0xBC, 0x72, 0x0D, 0x1C, 0xD2, 0x8D, 0x4B,
    0xA9, 0xE0, 0x93, 0xB6, 0xFD, 0x31, 0xC7, 0x8A, 0x83, 0x15, 0x73, 0x7A, 0x07, 0x68, 0xA5, 0x4C,
    0x3C, 0xB0, 0x77, 0x83, 0xC9, 0xB2, 0x2A, 0xB4, 0xCC, 0x3E, 0xBC, 0x5D, 0xA1, 0x59, 0xA0, 0x6E,
    0x97, 0x44, 0x81, 0x02, 0x23, 0xA2, 0x98, 0xB5, 0x85, 0xEC, 0x6F, 0x90, 0xC6, 0x94, 0x56, 0x24,
    0x3D, 0x02, 0xA4, 0x93, 0x0A, 0x9D, 0xE3, 0x40, 0xD9, 0x63, 0xEE, 0xCD, 0xF0, 0x3B, 0x48, 0xCD,
    0x4C, 0x2F, 0x20, 0x4C, 0x79, 0xDD, 0x3C, 0x5F, 0xF4, 0xD0, 0xA0, 0x6C, 0x27, 0x86, 0x1A, 0x82,
    0x1E, 0x62, 0x5C, 0x63, 0x99, 0x52, 0xCB, 0x62, 0xE6, 0x13, 0xF3, 0xBC, 0xD7, 0x83, 0x9F, 0xA1,
    0x9E, 0x14, 0xA2, 0x19, 0xF7, 0x1F, 0x5E, 0x54, 0x56, 0xC6, 0x1D, 0x48, 0x7B, 0x4C, 0xB4, 0x3F,
    0xDC, 0xE9, 0x29, 0x77, 0xB2, 0x8E, 0xD6, 0x25, 0x37, 0x19, 0x2A, 0x85, 0x34, 0x80, 0x0C, 0x07,
    0x3B, 0xA4, 0x0E, 0x91, 0x5B, 0x00, 0xED, 0x3C, 0x18, 0xEE, 0xE4, 0x64, 0xC9, 0x46, 0x91, 0x8E,
    0xC5, 0x0A, 0xFD, 0x18, 0xE8, 0xC7, 0x17, 0xD3, 0x3C, 0x61, 0x86, 0x97, 0xCC, 0x41, 0xF0, 0x4E,
    0x49, 0x91, 0x5C, 0x92, 0xCA, 0xC4, 0xAE, 0x41, 0x66, 0x05, 0xE7, 0xAD, 0xE4, 0x1C, 0xEE, 0x3B,
    0x25, 0xC8, 0x50, 0xC2, 0x6F, 0x40, 0xD6, 0x62, 0x76, 0x7E, 0x79, 0xC8, 0x97, 0x7A, 0x9C, 0x45,
    0x55, 0x48, 0xDA, 0x53, 0x47, 0xEF, 0xF5, 0x25, 0xCD, 0x73, 0x76, 0xA5, 0xB5, 0x38, 0xA6, 0x4E,
    0x7D, 0x03, 0x85, 0x08, 0xBE, 0xB7, 0x18, 0x7E, 0x9C, 0x40, 0x2E, 0xB3, 0x02, 0x15, 0x41, 0x83,
    0x3C, 0x9A, 0x29, 0x11, 0xDC, 0x50, 0xB9, 0x40, 0xD2, 0xC2, 0xBD, 0xB8, 0x36, 0x70, 0x63, 0x86,
    0x9A, 0x83, 0xCC, 0xB0, 0xBB, 0x97, 0x43, 0x0C, 0x42, 0x3F, 0x04, 0x19, 0x9E, 0x49, 0xF8, 0xAC,
    0x85, 0x3A, 0x2E, 0x8D, 0x1B, 0xD3, 0x3F, 0x11, 0x39, 0x04, 0x37, 0xCD, 0xC0, 0x49, 0x61, 0x7E,
    0x25, 0x1C, 0x7F, 0x69, 0xD2, 0xC9, 0x10, 0xE7, 0x1C, 0x1A, 0x65, 0x1F, 0x74, 0x13, 0x81, 0x6C,
    0x96, 0x00, 0xEA, 0x59, 0x03, 0x87, 0x50, 0x18, 0x80, 0x70, 0x88, 0xA0, 0x2A, 0x22, 0x08, 0x87,
    0x08, 0xC2, 0x81, 0x67, 0xAF, 0xA1, 0x08, 0x66, 0x2B, 0x03, 0x36, 0x37, 0x6C, 0xFE, 0x07, 0xE5,
    0xD9, 0xF8, 0x51, 0x53, 0xD7, 0x68, 0x71, 0x0D, 0x81, 0xDE, 0xD4, 0x53, 0xBB, 0x6A, 0x6A, 0x54,
    0xD5, 0xD4, 0xA1, 0x5B, 0x34, 0x75, 0xF0, 0xAD, 0xAC, 0xA9, 0xFD, 0x0F, 0xD3, 0xA6, 0xF6, 0x3E,
    0x4C, 0x9A, 0xDA, 0x79, 0x2C, 0x40, 0x73, 0x20, 0xF6, 0xA7, 0x66, 0x83, 0x41, 0x18, 0xF5, 0x59,
    0x00, 0x6D, 0x53, 0x83, 0x92, 0x15, 0x9E, 0x54, 0x8E, 0x20, 0x2F, 0xB7, 0x62, 0xF4, 0x89, 0xDB,
    0xC2, 0x64, 0xC0, 0x38, 0x35, 0x34, 0x23, 0x62, 0x0A, 0x8C, 0x30, 0x19, 0x51, 0x6A, 0x4C, 0xA9,
    0x4C, 0x28, 0x05, 0x33, 0x45, 0xFA, 0x73, 0xD4, 0x8B, 0x93, 0x30, 0xD1, 0xC2, 0x1C, 0x5E, 0x63,
    0x73, 0x68, 0x55, 0x6A, 0xC8, 0x2C, 0x5A, 0xC0, 0xD6, 0x3C, 0xAD, 0x15, 0x4F, 0x02, 0xA3, 0xEB,
    0x16, 0x72, 0x26, 0xA4, 0x2C, 0x59, 0xC8, 0xA5, 0xD4, 0xCC, 0xD9, 0x4A, 0x26, 0xB5, 0xB7, 0xE4,
    0x94, 0x4C, 0x5B, 0xC0, 0x5A, 0x4F, 0xEB, 0x65, 0x4F, 0xF7, 0xD9, 0xD3, 0x9B, 0xC6, 0x62, 0x50,
    0xEB, 0x61, 0xB2, 0x44, 0xFA, 0x73, 0xD4, 0x6B, 0x8B, 0xA5, 0x75, 0x25, 0xA7, 0xAC, 0xAB, 0x85,
    0x0C, 0x57, 0xFB, 0x92, 0x4C, 0x76, 0x41, 0xB8, 0x2C, 0x9D, 0xD4, 0xF7, 0x77, 0x89, 0x42, 0x8C,
    0x8C, 0x4D, 0x6A, 0xF6, 0x0F, 0xDB, 0x59, 0x8A, 0x11, 0xF3, 0xF3, 0x98, 0x6C, 0x31, 0x92, 0xC6,
    0x86, 0x99, 0xD7, 0x58, 0xD5, 0x0A, 0xE9, 0xB5, 0x88, 0x77, 0x31, 0xD2, 0x5E, 0xEE, 0x17, 0x0D,
    0xA4, 0x58, 0x47, 0x9E, 0x51, 0xAB, 0x73, 0xBD, 0xE6, 0x30, 0x35, 0x73, 0x3F, 0x15, 0x95, 0x3F,
    0x56, 0xCD, 0xC6, 0xB4, 0xD4, 0x4A, 0x71, 0x40, 0x59, 0x43, 0xE1, 0xE2, 0x71, 0xD4, 0x8F, 0x29,
    0x33, 0x9A, 0xB8, 0xE1, 0x18, 0x52, 0x68, 0x9F, 0xE2, 0x8F, 0x4C, 0xE8, 0x54, 0xE0, 0x42, 0x32,
    0x23, 0x05, 0xD1, 0xD8, 0x10, 0xDE, 0x73, 0xAA, 0xD5, 0xC3, 0xAE, 0xFF, 0x98, 0xB9, 0x5B, 0x41,
    0x84, 0x46, 0x9E, 0x05, 0x31, 0x20, 0xCC, 0x5F, 0xAE, 0x21, 0x76, 0x6B, 0xBB, 0x3B, 0xAA, 0xE5,
    0x1A, 0xFA, 0x24, 0x9B, 0xA1, 0xA1, 0xE1, 0x28, 0x57, 0x81, 0xDB, 0xE1, 0xC1, 0x70, 0x6C, 0x4C,
    0xC4, 0x1E, 0x5F, 0xF1, 0xBB, 0xB6, 0xF4, 0x2D, 0xA5, 0xC1, 0x9C, 0x58, 0x7B, 0x03, 0xD6, 0x91,
    0x54, 0x34, 0x1C, 0xF7, 0x0C, 0xB1, 0x86, 0x86, 0xAA, 0x91, 0x5B, 0x55, 0xCB, 0x6A, 0x73, 0x14,
    0x46, 0x0D, 0xC5, 0xD0, 0x54, 0x40, 0x16, 0x91, 0x5D, 0xF6, 0xD7, 0x86, 0xBB, 0xB9, 0x51, 0xDF,
    0x71, 0x47, 0x59, 0x86, 0xBB, 0x67, 0xA2, 0x76, 0x08, 0x84, 0xF9, 0x20, 0x9A, 0xF3, 0xDA, 0xF8,
    0x2E, 0x90, 0xFF, 0x01, 0x90, 0xB7, 0x44, 0xFA, 0x33, 0xB8, 0x5B, 0xC1, 0x46, 0x66, 0xB9, 0x96,
    0xA8, 0xD0, 0x0A, 0x36, 0x0A, 0x02, 0xD4, 0x29, 0x54, 0xB0, 0xE4, 0x08, 0x54, 0x98, 0x9E, 0x34,
    0x4E, 0x68, 0xF8, 0xD0, 0xDC, 0x5E, 0x08, 0x15, 0xD9, 0x55, 0x93, 0x2A, 0x09, 0x0E, 0x77, 0x8B,
    0x38, 0xB1, 0xC1, 0x22, 0xD2, 0xDC, 0x32, 0x82, 0x21, 0xA2, 0x8E, 0x56, 0xB8, 0xA6, 0xE3, 0x12,
    0x5F, 0xC7, 0x35, 0x88, 0x8D, 0x29, 0x98, 0xB4, 0x09, 0x53, 0xA7, 0xF2, 0xF1, 0x8C, 0xC3, 0xAE,
    0xEE, 0xB2, 0xA7, 0x2F, 0x76, 0xF7, 0x68, 0x2A, 0x69, 0xAF, 0xBB, 0x77, 0x31, 0xB3, 0x0E, 0xAD,
    0xFB, 0xC6, 0xA5, 0x06, 0x07, 0xD7, 0xC3, 0xEE, 0x56, 0x5C, 0xF2, 0x01, 0xBB, 0xC7, 0xED, 0x0E,
    0x71, 0xE3, 0x1B, 0xCC, 0xBB, 0x8D, 0xAB, 0x25, 0x55, 0xEF, 0x43, 0x41, 0x1A, 0x11, 0xF8, 0xAE,
    0x0A, 0x47, 0xAD, 0xD9, 0xC6, 0x5B, 0xE0, 0xCC, 0x95, 0x78, 0x6F, 0xE9, 0x1F, 0xDE, 0x2E, 0x03,
    0x38, 0x38, 0x21, 0x7C, 0x9D, 0x50, 0xCC, 0x99, 0xBF, 0x79, 0x9D, 0xF7, 0xC1, 0xD5, 0x30, 0x19,
    0x6C, 0x70, 0xAF, 0x0D, 0x71, 0x63, 0x43, 0xE0, 0xE0, 0x1E, 0xCB, 0xC3, 0x48, 0xE2, 0x8C, 0xD9,
    0x5D, 0x0A, 0x4F, 0x2B, 0x7E, 0xB7, 0x19, 0x51, 0x24, 0x8E, 0xC4, 0x6A, 0xDD, 0xAE, 0x8D, 0x7F,
    0x0F, 0x27, 0x6C, 0x54, 0xD3, 0x1B, 0x6B, 0x0F, 0xEE, 0xB4, 0x71, 0x37, 0xF2, 0xEA, 0x81, 0x5A,
    0xF2, 0xB3, 0x56, 0x5D, 0xC9, 0x20, 0xE7, 0xD0, 0xC0, 0x23, 0x8E, 0x4B, 0xF9, 0x2B, 0x88, 0xEE,
    0x7F, 0x49, 0x67, 0x50, 0xC6, 0x4B, 0xD1, 0xAD, 0x23, 0x3E, 0x51, 0x2D, 0x12, 0x24, 0xD4, 0x34,
    0xC1, 0x83, 0x16, 0xA6, 0x0A, 0x18, 0x6B, 0x46, 0x9A, 0xB8, 0xA7, 0x23, 0x14, 0x0D, 0x1B, 0xF8,
    0x07, 0x23, 0x05, 0x7E, 0x8F, 0x31, 0x13, 0xBC, 0x3E, 0x80, 0x10, 0x1E, 0xE0, 0x5D, 0x84, 0x08,
    0xE6, 0x28, 0xA9, 0xCE, 0xDC, 0x2B, 0x70, 0x44, 0xC3, 0x24, 0xD2, 0x77, 0x3F, 0xE1, 0xC0, 0xA4,
    0x66, 0x16, 0xE1, 0x70, 0x3B, 0xB3, 0x4A, 0x17, 0xBD, 0x5D, 0x81, 0x53, 0xF4, 0x90, 0xBB, 0x99,
    0x97, 0xB9, 0x59, 0xF0, 0x60, 0xFB, 0xA3, 0x19, 0xB4, 0x0F, 0x01, 0x03, 0xB0, 0xB7, 0x80, 0xEF,
    0x8A, 0x7C, 0xD7, 0x42, 0x6B, 0x3D, 0xF6, 0xF6, 0x41, 0xAB, 0xFA, 0x72, 0x4F, 0x02, 0x78, 0xE5,
    0x3B, 0x09, 0xF8, 0x88, 0x40, 0x95, 0x89, 0x6B, 0xE4, 0x90, 0x9B, 0x12, 0x3E, 0x98, 0xA1, 0x6C,
    0x03, 0x83, 0x2A, 0x57, 0x7F, 0xFE, 0xC0, 0xCF, 0x22, 0xAB, 0x71, 0x0B, 0xA8, 0x7C, 0xBB, 0x8A,
    0x20, 0x31, 0x9B, 0x08, 0x12, 0x33, 0x8A, 0x68, 0xA6, 0xD3, 0xE8, 0x53, 0x14, 0x8F, 0x41, 0x53,
    0x4D, 0x84, 0xB9, 0xA8, 0x22, 0x3F, 0xD7, 0xC2, 0xFA, 0x58, 0x8C, 0x3E, 0x1E, 0xBC, 0x38, 0xC7,
    0x74, 0x67, 0xE3, 0xED, 0x62, 0xCF, 0x56, 0x07, 0x7A, 0x1B, 0x5A, 0x12, 0xFE, 0x30, 0xB4, 0x5B,
    0x09, 0x96, 0xB9, 0x6F, 0x55, 0x07, 0xDB, 0x65, 0xDC, 0xE5, 0xEE, 0x1C, 0x6F, 0x0B, 0xF1, 0x00,
    0x1F, 0xEA, 0x92, 0xC8, 0x02, 0x40, 0x4F, 0x44, 0xDE, 0x27, 0x49, 0x14, 0x04, 0x49, 0x14, 0x01,
    0x26, 0x98, 0x85, 0x12, 0x50, 0x00, 0x32, 0xCE, 0x08, 0xAE, 0x01, 0xEC, 0xE4, 0x4D, 0x71, 0x1E,
    0xC0, 0x62, 0x25, 0x0F, 0x50, 0x62, 0xF7, 0x9F, 0x8B, 0xD6, 0x17, 0x69, 0xCF, 0x5B, 0x58, 0x4D,
    0x98, 0x5D, 0xB4, 0x32, 0x02, 0x35, 0x47, 0x31, 0xCC, 0x87, 0x39, 0xC5, 0x06, 0xEA, 0x85, 0x81,
    0x86, 0x7E, 0x1A, 0x8B, 0x0A, 0x86, 0x0E, 0x3A, 0x29, 0x7C, 0x0F, 0xE8, 0x34, 0x53, 0x38, 0xDC,
    0xC1, 0xDC, 0xF8, 0xEB, 0x90, 0xFB, 0x99, 0x4B, 0xC8, 0x7C, 0xCC, 0x97, 0x9F, 0x05, 0x29, 0x1C,
    0x1C, 0x3A, 0x18, 0x80, 0x18, 0xDA, 0x24, 0x8B, 0x31, 0x2C, 0x59, 0x5C, 0x5A, 0x5D, 0x16, 0x81,
    0x98, 0xB3, 0x01, 0x6C, 0xA9, 0x6C, 0x30, 0x71, 0x3F, 0xC9, 0x06, 0x23, 0xFF, 0xC3, 0x6C, 0x10,
    0xF9, 0x6F, 0x67, 0x83, 0x30, 0xF0, 0xB3, 0x81, 0xFF, 0x7D, 0xA2, 0x29, 0x90, 0x0B, 0x36, 0x1B,
    0x38, 0xD0, 0xB9, 0x03, 0xF2, 0x42, 0x44, 0x3A, 0x3B, 0x09, 0xC3, 0x5D, 0x0A, 0x30, 0x85, 0x8D,
    0xF7, 0x95, 0x17, 0xEE, 0x29, 0x4D, 0x07, 0x0F, 0xE6, 0x4A, 0x1D, 0xA0, 0x75, 0x50, 0xC4, 0xCA,
    0x9D, 0xE2, 0xF7, 0x91, 0x1A, 0x51, 0xB1, 0x96, 0x61, 0x59, 0x6B, 0x76, 0x6F, 0x55, 0x2F, 0xDE,
    0x71, 0x56, 0xDD, 0x9B, 0x60, 0x10, 0x16, 0x32, 0x00, 0xFF, 0xC5, 0x34, 0xF7, 0x93, 0x10, 0xF5,
    0xB2, 0xED, 0x5E, 0x36, 0xE8, 0x21, 0x52, 0xD3, 0x1E, 0xA3, 0xC2, 0x7B, 0x28, 0x13, 0xA1, 0x6C,
    0x84, 0x67, 0x22, 0x91, 0x53, 0x60, 0x9D, 0x6A, 0xFB, 0x75, 0xB5, 0x88, 0x16, 0x12, 0x74, 0xA2,
    0x76, 0xD1, 0x97, 0xE4, 0x64, 0xDB, 0x8D, 0xCE, 0xBD, 0x71, 0x70, 0xEB, 0x69, 0xC1, 0x1C, 0xF0,
    0xB0, 0x53, 0xC4, 0x68, 0x51, 0x98, 0xF8, 0x99, 0x9F, 0x06, 0xC0, 0x21, 0xAC, 0x98, 0x08, 0x57,
    0x47, 0x42, 0x9B, 0xC4, 0xAA, 0x20, 0x0D, 0x8E, 0xA0, 0x7C, 0x0E, 0x00, 0x31, 0x0D, 0x8A, 0x8C,
    0x16, 0xA7, 0xF1, 0x5F, 0xC0, 0x24, 0xD7, 0x68, 0x85, 0xA2, 0x29, 0x3E, 0xBD, 0x7A, 0x98, 0x3F,
    0x6B, 0x30, 0x63, 0x8B, 0xBA, 0x3C, 0xF8, 0xF8, 0x57, 0x55, 0xEC, 0xE6, 0xCD, 0xC8, 0xCD, 0x47,
    0x13, 0x54, 0xDE, 0xF4, 0xC0, 0xEF, 0xBC, 0xC6, 0x7B, 0xC1, 0xC7, 0xFF, 0x59, 0xB1, 0x2C, 0x9F,
    0x39, 0x55, 0x0F, 0x20, 0x4C, 0x48, 0x51, 0x31, 0xBE, 0x8E, 0x28, 0x79, 0x45, 0x60, 0xB8, 0xD3,
    0xB1, 0xD2, 0xF6, 0x10, 0xF0, 0xDD, 0xFA, 0x6D, 0xA9, 0xF7, 0xBC, 0x7C, 0x1F, 0x4D, 0xA4, 0xAB,
    0x7D, 0x06, 0xD5, 0x9C, 0x05, 0xC3, 0xDD, 0x2D, 0xCC, 0x78, 0x19, 0xAB, 0xFE, 0x75, 0xD6, 0x20,
    0xA2, 0xC9, 0xB2, 0x76, 0x60, 0xCC, 0x21, 0x4C, 0xA0, 0x72, 0x2C, 0xAA, 0xE3, 0x78, 0x79, 0x44,
    0xBD, 0xE1, 0xF6, 0xAC, 0x68, 0xD8, 0xDE, 0xE1, 0x9B, 0x3B, 0x83, 0x9E, 0xA3, 0x96, 0x43, 0x56,
    0xD0, 0xC5, 0xBD, 0xD5, 0x75, 0xCA, 0x42, 0xA0, 0x78, 0x27, 0xDC, 0xE8, 0xC3, 0x62, 0x0A, 0x54,
    0x71, 0xEC, 0xF5, 0xD1, 0xED, 0x5A, 0xA8, 0xBA, 0x6A, 0x90, 0x16, 0xCF, 0xFC, 0x6D, 0xE2, 0x07,
    0x29, 0xCD, 0x5D, 0xD9, 0x84, 0x20, 0xDC, 0x88, 0x1A, 0xFC, 0x1C, 0xCE, 0x79, 0x2D, 0x26, 0x0A,
    0x17, 0xDF, 0x78, 0x4D, 0xEF, 0x6A, 0xB9, 0x4D, 0x54, 0x8E, 0x1B, 0x2C, 0xC1, 0xA2, 0x62, 0x64,
    0x53, 0x68, 0xCE, 0xF8, 0xCD, 0xEB, 0xBC, 0xCF, 0x18, 0x23, 0x14, 0xA0, 0x40, 0x03, 0xA2, 0x69,
    0xE4, 0x03, 0xF4, 0xE6, 0xC6, 0xAE, 0x2C, 0x3D, 0x49, 0x3C, 0xC3, 0x6B, 0x13, 0xFA, 0x11, 0x28,
    0xC3, 0xB2, 0x7C, 0x06, 0x1C, 0x77, 0x04, 0x34, 0xEE, 0xD2, 0x81, 0x35, 0xDF, 0x29, 0x06, 0x14,
    0xF3, 0x03, 0xB7, 0x90, 0x3A, 0x82, 0x9C, 0x6E, 0x62, 0xD8, 0x48, 0x13, 0x45, 0x03, 0xF8, 0xDD,
    0x8D, 0xDE, 0x30, 0x45, 0xB4, 0xB0, 0x3E, 0xC6, 0x0A, 0x30, 0xC5, 0x70, 0xC3, 0x61, 0x79, 0x3C,
    0xD8, 0x55, 0x29, 0xBA, 0x00, 0xFE, 0xE6, 0x75, 0x5B, 0x63, 0x98, 0x41, 0xE2, 0x16, 0xE4, 0xA0,
    0x00, 0xBE, 0x98, 0xB9, 0xAF, 0x56, 0x5B, 0xD5, 0x33, 0xEA, 0x60, 0xE5, 0x66, 0x5F, 0x54, 0x63,
    0xB9, 0x59, 0x29, 0xDE, 0xCF, 0x6A, 0x3D, 0x3F, 0x6F, 0x5D, 0x3B, 0xEF, 0xAC, 0x06, 0x8F, 0xF1,
    0x45, 0xFF, 0x9B, 0xF0, 0xC5, 0x76, 0x21, 0xB3, 0x8F, 0xC6, 0xE0, 0x34, 0x4A, 0x03, 0xC8, 0xF1,
    0xD4, 0x25, 0xE4, 0x4F, 0x00, 0xB0, 0xDE, 0x02, 0xE0, 0x70, 0x0B, 0x83, 0xF1, 0x73, 0x52, 0x05,
    0x67, 0x16, 0xAF, 0xFD, 0xC9, 0x22, 0xCC, 0x77, 0x6E, 0xAB, 0xE0, 0xB4, 0xCC, 0x7B, 0x01, 0xFD,
    0x61, 0x3B, 0x13, 0x05, 0x23, 0xF3, 0x5E, 0x38, 0x25, 0xF3, 0x30, 0xDB, 0x01, 0x5E, 0xF2, 0x6E,
    0x3D, 0x92, 0xFB, 0x23, 0x8D, 0xA8, 0x07, 0x5D, 0x62, 0xCD, 0x2A, 0xB1, 0x21, 0x2D, 0xA6, 0x13,
    0x99, 0x8C, 0x6F, 0x37, 0xA1, 0x06, 0xAB, 0x07, 0xE3, 0x01, 0xDD, 0xB7, 0xE3, 0x9F, 0x9B, 0x6E,
    0x16, 0x7B, 0xF9, 0x4D, 0xF6, 0x42, 0x3F, 0xF5, 0x79, 0x0F, 0xD8, 0x27, 0xA5, 0xA3, 0x31, 0x14,
    0x46, 0xAA, 0xCF, 0xFC, 0xCB, 0xDD, 0x3C, 0xC8, 0xC6, 0xB0, 0xB3, 0x6C, 0x35, 0x64, 0x7B, 0x7C,
    0xB8, 0xA3, 0x01, 0x7E, 0xFF, 0x38, 0x86, 0x15, 0x45, 0xDC, 0x51, 0xAB, 0x3E, 0xDA, 0xC1, 0xB3,
    0x3E, 0x5C, 0x4F, 0x68, 0xD7, 0x82, 0x56, 0x11, 0xBF, 0x07, 0x19, 0xAF, 0xCF, 0x12, 0x96, 0x99,
    0x0A, 0xCB, 0xAB, 0x96, 0x3B, 0x1B, 0x0F, 0x77, 0x87, 0x09, 0x35, 0x19, 0xC6, 0x89, 0x58, 0xED,
    0x10, 0xB5, 0x1A, 0x42, 0xB5, 0x05, 0x7A, 0x0C, 0x0B, 0x0E, 0xD8, 0xD4, 0xD6, 0x3D, 0x54, 0x8A,
    0xB8, 0x04, 0xEA, 0xC8, 0x97, 0xE1, 0x6B, 0x36, 0xE5, 0x58, 0x62, 0xE6, 0xA2, 0x36, 0x88, 0x72,
    0x54, 0xDD, 0x93, 0xF4, 0x40, 0x9E, 0xDB, 0x16, 0xB2, 0xD2, 0xEB, 0x62, 0x31, 0x18, 0xD6, 0xAD,
    0x07, 0xC3, 0x2E, 0x53, 0x2F, 0x3E, 0xA3, 0x0E, 0x5A, 0x5A, 0x1E, 0xEB, 0x1E, 0xB3, 0x68, 0x78,
    0x6C, 0xF2, 0xBC, 0xA8, 0x99, 0x5A, 0xAD, 0x34, 0xE3, 0xED, 0xEE, 0xBD, 0x2A, 0xEC, 0x1E, 0x77,
    0xC5, 0x8B, 0x73, 0x7B, 0x9E, 0x3C, 0xBB, 0xA2, 0xD1, 0xB8, 0x45, 0xF8, 0xDE, 0xE3, 0x9D, 0xDC,
    0xEF, 0xDE, 0xEE, 0x32, 0xBB, 0xB5, 0xE7, 0x26, 0x7B, 0xA4, 0xE8, 0x8B, 0x87, 0x5B, 0xC7, 0x53,
    0x64, 0xE6, 0xC6, 0x21, 0x7C, 0x35, 0x87, 0x84, 0xEF, 0x30, 0x8A, 0xE4, 0x94, 0xD6, 0xDC, 0x38,
    0xA6, 0x40, 0xE1, 0x12, 0xF5, 0x31, 0x53, 0xE7, 0xF0, 0x76, 0xCB, 0x72, 0x1A, 0x48, 0x4F, 0x4F,
    0xE8, 0x62, 0xE9, 0x55, 0x52, 0xA9, 0xEF, 0x59, 0x5E, 0x07, 0x65, 0xA3, 0x70, 0xEE, 0x1C, 0x6E,
    0xD3, 0x83, 0xAA, 0xF0, 0x82, 0x4A, 0xCF, 0xFC, 0xCD, 0xEB, 0xEA, 0x65, 0xBA, 0x1D, 0x83, 0xD0,
    0x63, 0x54, 0xDC, 0x58, 0xF3, 0xDB, 0xB8, 0x02, 0xDA, 0x8B, 0x13, 0xFA, 0x73, 0xF0, 0x86, 0xE0,
    0xDB, 0x59, 0x1A, 0xDF, 0x31, 0x41, 0xB3, 0x05, 0x6E, 0x77, 0x99, 0xE2, 0x33, 0xD7, 0x1B, 0xCD,
    0xE9, 0x68, 0xF9, 0x0C, 0x6E, 0x03, 0xC3, 0xEC, 0x4E, 0xA5, 0x41, 0xCB, 0xEE, 0x76, 0xAB, 0x3E,
    0x65, 0xA5, 0xFE, 0x65, 0x82, 0xD9, 0x0C, 0x40, 0xDA, 0x14, 0x59, 0x91, 0x73, 0xB4, 0x9B, 0x45,
    0x6E, 0x01, 0xC7, 0xC1, 0xCF, 0xAC, 0xAD, 0x68, 0xE7, 0x81, 0xF2, 0x63, 0x6E, 0x50, 0xC4, 0x1A,
    0x71, 0xC3, 0xBE, 0x67, 0x8A, 0x68, 0x61, 0x7D, 0x8C, 0x15, 0x5C, 0x20, 0xFD, 0xD0, 0x8F, 0x1A,
    0xB4, 0xC4, 0xA7, 0x8C, 0xC1, 0x7E, 0x50, 0x8E, 0x88, 0x40, 0xF0, 0x5F, 0x07, 0x8A, 0xAD, 0x12,
    0xA6, 0xAE, 0xC5, 0xD0, 0x35, 0xA3, 0xCD, 0x21, 0xAD, 0x27, 0x90, 0xE8, 0x3E, 0x06, 0xF0, 0x08,
    0x33, 0x55, 0xD5, 0x4A, 0xDD, 0x4E, 0x39, 0x15, 0x77, 0xDE, 0x89, 0xF7, 0xF8, 0xB1, 0xF8, 0x6F,
    0x7F, 0x3B, 0x0D, 0xFD, 0x6F, 0x67, 0xB1, 0xFF, 0xCD, 0x7C, 0xDF, 0xFF, 0x46, 0x81, 0xA9, 0xD3,
    0xF0, 0xBA, 0xAB, 0xD8, 0xD3, 0x88, 0xB2, 0xFF, 0x3E, 0x71, 0xB0, 0x93, 0x70, 0x04, 0x34, 0xCC,
    0x1F, 0x51, 0x9F, 0x0A, 0xAC, 0x3B, 0xE9, 0x03, 0xBF, 0x02, 0xC7, 0x56, 0xED, 0xD2, 0x5A, 0x31,
    0xAE, 0xBA, 0x9F, 0x56, 0x53, 0x69, 0xBC, 0x9F, 0x55, 0xFB, 0x18, 0xCF, 0x0F, 0x2A, 0x50, 0x54,
    0x70, 0xB7, 0x82, 0x6F, 0x1A, 0x7E, 0xBD, 0x0A, 0xD2, 0x26, 0xB6, 0x2A, 0x5A, 0x6F, 0x14, 0x0B,
    0x0C, 0x62, 0x80, 0x37, 0x20, 0x08, 0x24, 0xAA, 0x80, 0xF6, 0x38, 0xAE, 0xF5, 0x1E, 0xA3, 0xC0,
    0x03, 0x0E, 0xF8, 0x18, 0x08, 0x8D, 0x8D, 0xB6, 0x1F, 0x3F, 0x4E, 0x23, 0xEF, 0xDF, 0x3F, 0xCC,
    0x22, 0xFF, 0xAD, 0xB7, 0xF2, 0x28, 0xF8, 0xE6, 0x8F, 0x8A, 0x28, 0x76, 0xFF, 0xA6, 0x84, 0x86,
    0x56, 0xC7, 0xA5, 0x4B, 0xAD, 0x23, 0x46, 0x07, 0x68, 0x3F, 0xB0, 0x06, 0x30, 0x2B, 0xC5, 0x89,
    0xFF, 0x53, 0x0C, 0x9F, 0xF3, 0x31, 0xE6, 0x7E, 0xD6, 0xA9, 0xC1, 0x0A, 0x3B, 0xE5, 0xD1, 0x14,
    0x4E, 0x9B, 0x4C, 0xEC, 0x8A, 0x16, 0x45, 0x1D, 0x01, 0x35, 0x9B, 0x50, 0x80, 0xB1, 0xC6, 0x03,
    0x05, 0x3D, 0x22, 0xF8, 0x28, 0xA9, 0xD4, 0x98, 0x99, 0x09, 0xF5, 0xD8, 0x84, 0x91, 0x8A, 0x7B,
    0x21, 0xBA, 0x3B, 0xFE, 0xBB, 0x5F, 0x34, 0x13, 0x37, 0x1B, 0x35, 0x6E, 0x16, 0x2D, 0x81, 0x53,
    0x3F, 0xD7, 0x40, 0x01, 0x47, 0x42, 0xFC, 0x07, 0xB7, 0x49, 0x36, 0x6E, 0xEE, 0x68, 0x98, 0xBF,
    0xD4, 0xC1, 0x93, 0xDA, 0xE7, 0x78, 0xCA, 0x9E, 0xB2, 0xBE, 0x44, 0x7B, 0x7D, 0xDE, 0xF2, 0xA1,
    0x39, 0xCD, 0xA5, 0x1D, 0xCE, 0xEF, 0x3C, 0x9A, 0x25, 0x8D, 0x55, 0x3B, 0x45, 0x90, 0x81, 0x29,
    0xE9, 0x88, 0x61, 0xB0, 0x9D, 0xC2, 0x7B, 0xE2, 0x29, 0x02, 0x57, 0xC2, 0x0D, 0x63, 0x1B, 0x48,
    0x64, 0xEF, 0x8C, 0x19, 0x3E, 0x81, 0x2E, 0x89, 0xC4, 0x2D, 0x38, 0xB4, 0xCE, 0xAF, 0x31, 0xD4,
    0xC3, 0xA1, 0xFA, 0xF2, 0xB4, 0x22, 0x14, 0x43, 0xF6, 0xD5, 0xA1, 0x5B, 0x46, 0x76, 0x19, 0x42,
    0x04, 0x38, 0x45, 0x68, 0x55, 0xC7, 0xB1, 0x93, 0xD5, 0xF2, 0x3B, 0x50, 0x74, 0x22, 0x7F, 0xD8,
    0x4B, 0xD0, 0x70, 0x9E, 0x84, 0x5D, 0x71, 0x6D, 0xBB, 0x5E, 0x65, 0x64, 0xDC, 0xCA, 0x21, 0x1F,
    0xA6, 0x16, 0xE3, 0xD3, 0x8D, 0xC6, 0x75, 0xCD, 0xD1, 0xC8, 0x9D, 0x9A, 0xCA, 0x7B, 0x9E, 0xEC,
    0xAB, 0x64, 0xDF, 0x57, 0xCA, 0xF4, 0xD4, 0xD5, 0xFD, 0x92, 0x95, 0xFA, 0xDF, 0xCA, 0x9C, 0xC7,
    0x62, 0x35, 0x7D, 0xCD, 0xE3, 0x39, 0x18, 0x38, 0xBF, 0xB1, 0x5D, 0x32, 0x92, 0x65, 0x97, 0xD6,
    0x76, 0xE1, 0xD1, 0x3C, 0xCB, 0x55, 0x0C, 0x54, 0x8C, 0x71, 0xDD, 0x29, 0x83, 0x2E, 0x1F, 0xCF,
    0x13, 0x0D, 0xAC, 0x4B, 0x9B, 0x50, 0x3A, 0x63, 0x4C, 0x6B, 0xAB, 0xB2, 0xCB, 0x4D, 0xA8, 0x59,
    0xA2, 0x09, 0x79, 0x68, 0x64, 0x55, 0x6E, 0xA1, 0x04, 0x18, 0xFC, 0xC7, 0xD1, 0x2C, 0x71, 0x35,
    0xAB, 0x3D, 0xA6, 0xCA, 0xB6, 0x2A, 0x39, 0x0F, 0x1A, 0x58, 0x15, 0x9C, 0xBD, 0x27, 0xA2, 0xA8,
    0x47, 0x70, 0x6A, 0x80, 0x52, 0x25, 0x7D, 0xFF, 0xB7, 0x87, 0x9D, 0x91, 0x8E, 0xB2, 0xCB, 0xD8,
    0xD1, 0x99, 0xEF, 0x58, 0x45, 0xD0, 0x8F, 0xD6, 0x72, 0x05, 0x51, 0x9F, 0x2B, 0xF0, 0xD3, 0xE9,
    0x70, 0xB8, 0x93, 0xCE, 0x48, 0xF8, 0x8A, 0xCE, 0x9B, 0x2B, 0xD8, 0xE4, 0x2C, 0x1F, 0x40, 0x20,
    0xB1, 0x8E, 0xF9, 0xF6, 0xE3, 0xB3, 0x9D, 0x65, 0x70, 0x50, 0xCE, 0xAC, 0x66, 0x0E, 0x1D, 0x48,
    0x9D, 0x29, 0x74, 0x73, 0x31, 0xB5, 0x2E, 0x09, 0x1A, 0xF3, 0x42, 0xB9, 0x82, 0xD9, 0x32, 0x91,
    0xE9, 0x86, 0x4E, 0xDD, 0x84, 0x96, 0x01, 0xD5, 0x3E, 0xBC, 0x04, 0xA6, 0x5A, 0x77, 0x29, 0xDD,
    0x0E, 0x16, 0x81, 0x6A, 0x95, 0x78, 0x94, 0x7D, 0xFB, 0x42, 0x26, 0xF4, 0x30, 0x3A, 0xC1, 0x3D,
    0x1F, 0x4E, 0x1D, 0x9D, 0x40, 0x2F, 0x63, 0x6A, 0x9C, 0x62, 0x0A, 0x6F, 0x2F, 0xD1, 0xFE, 0xDF,
    0xF6, 0xCE, 0xE0, 0xB8, 0x57, 0xC4, 0x21, 0x98, 0xB9, 0x54, 0x47, 0x99, 0x26, 0xC7, 0xE0, 0x26,
    0x73, 0x6B, 0x27, 0x72, 0xDB, 0x46, 0xA5, 0x5E, 0x51, 0xA3, 0x43, 0xEA, 0x87, 0xB7, 0x32, 0x71,
    0x7E, 0x0A, 0xA1, 0xFC, 0x69, 0x79, 0xCC, 0xAA, 0xB8, 0x58, 0x67, 0xCC, 0x84, 0xF7, 0x73, 0xCE,
    0x17, 0x31, 0x45, 0xC4, 0x57, 0xE7, 0x26, 0x05, 0xC0, 0xF9, 0xA4, 0xF2, 0xE4, 0xE4, 0xBE, 0x51,
    0xCA, 0x88, 0x33, 0x7D, 0x17, 0x12, 0x45, 0xA7, 0x1D, 0xA2, 0xD7, 0x24, 0x8D, 0x98, 0x59, 0xA0,
    0x4B, 0x4C, 0xE9, 0x8E, 0xEB, 0x31, 0x6D, 0x19, 0xCC, 0x65, 0xC0, 0x78, 0x04, 0xFB, 0xFF, 0x76,
    0xA6, 0x74, 0xE1, 0x7D, 0x98, 0x18, 0xD2, 0xF8, 0xC4, 0x50, 0x87, 0x33, 0x37, 0xEF, 0xB5, 0xDB,
    0x9E, 0x46, 0x7A, 0x3E, 0x64, 0x00, 0x7E, 0x15, 0x9A, 0x16, 0xD9, 0xEE, 0x13, 0xFB, 0x5D, 0x6F,
    0x44, 0x1B, 0x72, 0x82, 0x6E, 0x9A, 0x80, 0x4A, 0x38, 0xA4, 0x20, 0x18, 0x2A, 0x65, 0xD0, 0x8E,
    0x0D, 0x4E, 0x23, 0x19, 0xD5, 0xEC, 0x38, 0x15, 0x69, 0xCE, 0x48, 0xCC, 0xC8, 0x84, 0x7D, 0x23,
    0x5F, 0xE3, 0x33, 0x70, 0x20, 0x59, 0x04, 0x43, 0x4C, 0x62, 0xF3, 0xA7, 0x86, 0xDE, 0x1A, 0x25,
    0x39, 0xC7, 0x50, 0x9D, 0x53, 0x2D, 0x16, 0xBA, 0x18, 0x03, 0x5C, 0x4F, 0x3B, 0xFA, 0x7A, 0x98,
    0x80, 0xDA, 0x36, 0x8E, 0x5B, 0x78, 0x44, 0xA5, 0x98, 0x79, 0x47, 0x3B, 0x0C, 0xB9, 0xD6, 0x14,
    0xA7, 0x10, 0x30, 0xD7, 0x47, 0xBD, 0x5F, 0x36, 0xE9, 0x93, 0x4B, 0xFB, 0x8B, 0xD5, 0x08, 0xA9,
    0xB4, 0x7E, 0xE5, 0xB5, 0x60, 0xC4, 0xA9, 0xCC, 0xEA, 0x51, 0x7F, 0x7B, 0xB4, 0xE2, 0x8D, 0xB6,
    0xE7, 0x8D, 0x2F, 0x6F, 0x08, 0xC6, 0x18, 0x6B, 0x8D, 0x73, 0xE6, 0x75, 0x6C, 0x46, 0xBF, 0xB2,
    0xE2, 0x38, 0x88, 0x9D, 0x98, 0xA5, 0x16, 0xAF, 0xC0, 0x3F, 0x02, 0x81, 0x8E, 0xEF, 0xA3, 0x30,
    0xFA, 0x60, 0x33, 0xF4, 0xF1, 0x49, 0xFE, 0x05, 0xFF, 0x8D, 0x6C, 0x00, 0x07, 0x2A, 0x44, 0x85,
    0x8E, 0x2E, 0x06, 0x48, 0xC4, 0xFE, 0x55, 0x01, 0x17, 0xEB, 0x1F, 0x56, 0x0B, 0x41, 0x6C, 0x18,
    0x45, 0xF9, 0xAC, 0xCB, 0xFF, 0x69, 0x98, 0xFC, 0x25, 0x45, 0x62, 0x0A, 0xF1, 0xB4, 0x9F, 0x94,
    0xAF, 0xBF, 0xFE, 0xD5, 0xCF, 0xC9, 0x60, 0xF0, 0xDA, 0x0F, 0xC4, 0xA3, 0xB5, 0x5F, 0xBF, 0x46,
    0x92, 0xF4, 0x8C, 0x59, 0xFB, 0x95, 0xAF, 0xE9, 0xE9, 0xFA, 0xF5, 0x15, 0x07, 0xD8, 0xB5, 0x1A,
    0xAD, 0xDE, 0x1F, 0x8B, 0x7C, 0xAD, 0x90, 0x27, 0x7D, 0x98, 0xF1, 0x06, 0x4D, 0xFC, 0x23, 0x06,
    0xD7, 0x79, 0xEB, 0x89, 0x25, 0xED, 0xCA, 0xD4, 0xF9, 0x15, 0xD4, 0x99, 0xCB, 0xB5, 0x3F, 0x10,
    0xF9, 0xD3, 0xAD, 0xD5, 0xDD, 0x7E, 0xF5, 0x47, 0xDF, 0x16, 0xD1, 0x96, 0x59, 0x3A, 0x63, 0x0E,
    0x71, 0xEE, 0xD0, 0xBC, 0xFA, 0x01, 0xCA, 0xA5, 0xF4, 0x16, 0x30, 0x9C, 0x7F, 0x81, 0xE7, 0x37,
    0xBC, 0xE5, 0x3B, 0x3A, 0x8C, 0x64, 0x0F, 0xA7, 0xB6, 0xF9, 0xCC, 0xF7, 0x36, 0xB7, 0x06, 0x9D,
    0xFD, 0xAA, 0xC8, 0x6B, 0x6C, 0x3B, 0xAA, 0xB2, 0x73, 0x3B, 0xFB, 0xBC, 0xBE, 0xCB, 0x26, 0x56,
    0x12, 0x71, 0x88, 0x98, 0x12, 0xD7, 0x9C, 0xB8, 0x26, 0xC5, 0x4F, 0x66, 0xC5, 0x17, 0x99, 0x71,
    0x63, 0xF5, 0x30, 0x37, 0x4E, 0x81, 0x4B, 0x14, 0x35, 0x26, 0x07, 0xCC, 0xFC, 0x38, 0xED, 0x1C,
    0x20, 0x0F, 0xB4, 0xCC, 0x14, 0xB9, 0x30, 0x47, 0x4E, 0x16, 0x34, 0x05, 0x18, 0xB0, 0x6A, 0x18,
    0x16, 0x6E, 0xC8, 0x20, 0x6D, 0x42, 0xDF, 0x2A, 0x9B, 0x1B, 0x87, 0x99, 0xEE, 0x72, 0x4F, 0x1A,
    0x91, 0x49, 0x75, 0x5E, 0x52, 0xC8, 0xF7, 0x1E, 0xA4, 0x74, 0x05, 0x15, 0xBF, 0x30, 0x91, 0x73,
    0xE3, 0xA8, 0x7B, 0xD9, 0x67, 0x63, 0xAA, 0x5F, 0xD4, 0x4C, 0x3F, 0x33, 0xD3, 0x6C, 0x03, 0xBC,
    0xC7, 0x69, 0xE3, 0x2C, 0x92, 0x42, 0x28, 0x73, 0x6B, 0x80, 0x32, 0x7F, 0xB4, 0x31, 0xC1, 0x34,
    0x08, 0x8E, 0x87, 0x62, 0x83, 0x65, 0x28, 0x36, 0x52, 0x57, 0x8E, 0x00, 0xD1, 0x67, 0x7D, 0x98,
    0xC5, 0x77, 0xBB, 0x34, 0x7E, 0x04, 0x0B, 0x72, 0x06, 0x08, 0x61, 0x44, 0x82, 0x28, 0x4E, 0x06,
    0xA9, 0x8E, 0x47, 0x4D, 0x2F, 0xB8, 0x52, 0xC6, 0xBA, 0x47, 0x19, 0xA5, 0xC7, 0xF9, 0xC3, 0x21,
    0x1C, 0x59, 0x85, 0xC3, 0xE1, 0xD6, 0x49, 0x37, 0x88, 0xE3, 0x3A, 0xEE, 0x1A, 0x05, 0xE7, 0x54,
    0xC8, 0x72, 0x1D, 0xFC, 0xAE, 0xE6, 0xF1, 0xCE, 0x16, 0xAC, 0x54, 0x73, 0x68, 0x5E, 0x53, 0x96,
    0x3F, 0x8F, 0x5D, 0x3F, 0x63, 0x5D, 0xD2, 0x0B, 0xE0, 0xA2, 0x7E, 0x5D, 0x52, 0x97, 0x8E, 0x21,
    0xDF, 0x83, 0x0D, 0x29, 0xBB, 0x30, 0x6D, 0xAE, 0xCD, 0xA4, 0x09, 0x1B, 0xE5, 0xA2, 0x0D, 0xFD,
    0x0C, 0xD3, 0xA8, 0x2B, 0xE3, 0x5F, 0x80, 0x3B, 0xF6, 0x22, 0x26, 0xD1, 0xCD, 0x31, 0xA0, 0xFC,
    0x7C, 0xA9, 0xA2, 0x33, 0x12, 0x25, 0x9F, 0xED, 0x7A, 0x9D, 0x36, 0xD1, 0xF5, 0x3A, 0x5D, 0x6E,
    0x08, 0xDA, 0xB0, 0xBE, 0xBB, 0xF9, 0xA4, 0x29, 0x23, 0xD1, 0xE4, 0x8F, 0x68, 0x1E, 0x48, 0x4C,
    0xD6, 0xC8, 0xA4, 0x8D, 0x4C, 0xDE, 0xC8, 0xE4, 0x8C, 0x7A, 0xAC, 0xA9, 0x23, 0xCD, 0x1D, 0x89,
    0x26, 0x8F, 0xF4, 0xA9, 0xC3, 0x84, 0x35, 0x74, 0x19, 0xF9, 0x78, 0xA6, 0xC2, 0xCF, 0xDB, 0x84,
    0x2F, 0x69, 0xDD, 0x90, 0x78, 0xC6, 0x52, 0xD0, 0xD5, 0xC0, 0x04, 0x70, 0x85, 0x60, 0x2E, 0xCF,
    0x9F, 0xB8, 0xA2, 0x40, 0x9E, 0x6A, 0x3D, 0x9E, 0xAA, 0xF5, 0xE4, 0x79, 0x57, 0x1F, 0x7E, 0x84,
    0x67, 0xE7, 0x8D, 0x5A, 0x16, 0xEB, 0x8C, 0xF6, 0x6C, 0x61, 0xA1, 0x96, 0xE3, 0x57, 0x44, 0x1A,
    0x7F, 0x71, 0xD6, 0x60, 0xD5, 0x3E, 0xD2, 0x28, 0x04, 0x71, 0x89, 0x36, 0x52, 0x3A, 0xFF, 0xBA,
    0x92, 0xF6, 0x77, 0x65, 0x2F, 0x61, 0x4A, 0xFD, 0xAD, 0xD7, 0x4B, 0xCA, 0xE9, 0x78, 0xB1, 0xF6,
    0x88, 0xF4, 0x4C, 0x47, 0xB7, 0x8C, 0x74, 0x8D, 0x6E, 0x90, 0x99, 0x76, 0xED, 0x4B, 0xF4, 0x43,
    0xC8, 0xFC, 0xBF, 0xAE, 0xFA, 0x44, 0x27, 0xDA, 0xF0, 0xCF, 0xB5, 0xB9, 0xF6, 0xC3, 0xFD, 0x5E,
    0x36, 0xAB, 0x84, 0xC9, 0xB9, 0x4C, 0xB7, 0x01, 0x72, 0x2A, 0x38, 0x9C, 0x3E, 0x53, 0x8D, 0xBA,
    0x44, 0x83, 0x13, 0x47, 0x5E, 0x8A, 0xA9, 0x24, 0x63, 0x1A, 0x4C, 0x0C, 0x3E, 0x6B, 0x80, 0x5B,
    0x0D, 0x38, 0xB8, 0xE7, 0xBC, 0x8B, 0x01, 0xA5, 0x85, 0xA1, 0x46, 0x3A, 0x93, 0xF8, 0xAE, 0xE6,
    0xEF, 0x6B, 0x5A, 0x16, 0x2D, 0x08, 0x1C, 0x60, 0xD7, 0x37, 0x6A, 0x5C, 0xE5, 0x7A, 0x94, 0x1A,
    0xE5, 0xEA, 0xA9, 0x89, 0xE9, 0x93, 0xE4, 0x8E, 0xF0, 0x70, 0x0D, 0x82, 0xD7, 0x7B, 0x2C, 0x63,
    0x33, 0xA4, 0xDF, 0xAA, 0x2B, 0xF4, 0x64, 0xC4, 0x05, 0x42, 0xB2, 0xF0, 0xD0, 0x9F, 0x5C, 0x98,
    0xA1, 0x0E, 0x50, 0x8B, 0x22, 0x31, 0x44, 0xB9, 0x86, 0x9E, 0x31, 0x59, 0xB7, 0x45, 0xF7, 0x5E,
    0x5D, 0x7C, 0xB5, 0x26, 0x57, 0xD0, 0xE8, 0x52, 0xC8, 0x25, 0x3E, 0x1A, 0xF6, 0x2E, 0xDD, 0x69,
    0xAC, 0x8D, 0x5F, 0x0B, 0xDB, 0x9C, 0x55, 0xF2, 0x2C, 0xCC, 0xC0, 0x67, 0x0F, 0xB7, 0x9E, 0x25,
    0xC1, 0x68, 0xDE, 0xB6, 0x38, 0x99, 0x76, 0xF4, 0x55, 0x9E, 0x79, 0xFA, 0xBD, 0x1A, 0x02, 0x62,
    0xBC, 0x7F, 0xE9, 0xBE, 0x3E, 0x37, 0x3A, 0x22, 0x36, 0x27, 0xAE, 0xDD, 0x14, 0xA3, 0xF4, 0x74,
    0xB1, 0xA4, 0x9E, 0x02, 0xD3, 0x75, 0x2D, 0x52, 0xBF, 0xA4, 0x13, 0x50, 0x8F, 0x8D, 0x09, 0x3E,
    0x4E, 0x4D, 0xBC, 0xB0, 0xC7, 0x6C, 0xF4, 0x19, 0xF1, 0x60, 0x78, 0x95, 0xC4, 0x8C, 0xA7, 0x86,
    0x43, 0xD3, 0x25, 0xC8, 0x63, 0x09, 0xFB, 0x4C, 0x99, 0x77, 0x0C, 0x6B, 0xA0, 0x8B, 0x44, 0x08,
    0xC5, 0x35, 0x17, 0xE9, 0x13, 0x19, 0x64, 0x7E, 0x79, 0x59, 0x6F, 0xA9, 0xE5, 0xE2, 0xB6, 0xB4,
    0x98, 0x20, 0x47, 0xF1, 0x66, 0xB8, 0x10, 0x05, 0xF3, 0x9D, 0xCC, 0xD4, 0x71, 0x55, 0x8B, 0x9B,
    0x4F, 0x69, 0x24, 0xC0, 0xC4, 0x5F, 0x60, 0xB7, 0x98, 0xA2, 0x14, 0xC5, 0x14, 0x0C, 0x7B, 0x66,
    0x41, 0xF3, 0x38, 0x0D, 0x13, 0xF7, 0xBF, 0x3B, 0xAE, 0xF4, 0x47, 0xAB, 0xDC, 0xF9, 0xED, 0xEE,
    0xF0, 0x3B, 0x7D, 0x98, 0xE8, 0xE5, 0xEE, 0x6F, 0x67, 0x0F, 0x75, 0xFB, 0x82, 0xC7, 0x6E, 0x06,
    0x79, 0xC8, 0xDE, 0xC3, 0x3C, 0x18, 0xD9, 0x70, 0xA0, 0x26, 0x10, 0xE7, 0x30, 0x04, 0x34, 0xE2,
    0x01, 0x34, 0x01, 0x4A, 0xF5, 0x46, 0x9C, 0xB4, 0x07, 0x12, 0x3C, 0x9A, 0xB5, 0x6F, 0xBA, 0xBA,
    0x90, 0x66, 0x76, 0x04, 0x19, 0x78, 0x65, 0x4B, 0xCE, 0x44, 0xB2, 0xA5, 0x2B, 0xF4, 0xD5, 0x05,
    0x52, 0xAB, 0x9D, 0x03, 0x75, 0xD1, 0xFC, 0x2D, 0xEC, 0x19, 0x13, 0x4D, 0xB6, 0x72, 0x03, 0x34,
    0x74, 0x5F, 0x78, 0xDE, 0x05, 0x6E, 0xA8, 0xC7, 0xAF, 0x0C, 0x58, 0xEB, 0xF0, 0xF4, 0x7C, 0xF1,
    0x7E, 0x22, 0x63, 0xA6, 0xF1, 0xA9, 0x67, 0xCC, 0xE1, 0x1A, 0xAF, 0x51, 0x97, 0x8A, 0xA9, 0xBF,
    0xA8, 0x4B, 0xCF, 0x6C, 0xE3, 0x2B, 0x53, 0x25, 0xEA, 0xBA, 0xB2, 0x38, 0x5C, 0xAC, 0x35, 0xF3,
    0xD4, 0x39, 0xAE, 0x16, 0x0E, 0xE3, 0x13, 0xD1, 0x3E, 0x28, 0xE5, 0xE9, 0xD1, 0xF7, 0xAA, 0x8F,
    0xBE, 0xF7, 0x59, 0x60, 0x6A, 0xC1, 0xCD, 0x8B, 0xF9, 0x2E, 0xD4, 0xCA, 0x3B, 0x87, 0x09, 0xE7,
    0xB9, 0x34, 0xE8, 0x32, 0x5B, 0xE9, 0xD0, 0x5C, 0x63, 0x48, 0xE9, 0x58, 0x2B, 0x2F, 0x77, 0x05,
    0x5F, 0xAB, 0x1D, 0x2E, 0xD9, 0xF5, 0xA5, 0xA1, 0x6F, 0x50, 0xA1, 0xE8, 0xD9, 0xB2, 0xE9, 0xE3,
    0xAD, 0x20, 0x0D, 0xE1, 0xB6, 0x9F, 0x24, 0x1C, 0xA9, 0x34, 0x5D, 0x2D, 0x06, 0x93, 0x26, 0xE3,
    0xC5, 0x88, 0x5F, 0x02, 0x7E, 0x30, 0x1C, 0x6F, 0xD1, 0x92, 0x83, 0xA6, 0x35, 0x78, 0xE9, 0xE2,
    0x1F, 0xC7, 0xF6, 0x3D, 0x78, 0xF6, 0x54, 0x58, 0x40, 0x98, 0x31, 0xDD, 0x51, 0x72, 0x3E, 0x74,
    0x38, 0xD4, 0xB0, 0x80, 0x26, 0x6F, 0x37, 0x29, 0xB1, 0xCF, 0x09, 0xD7, 0x22, 0x3E, 0x05, 0x71,
    0xA9, 0xA2, 0x70, 0xAD, 0x22, 0xDB, 0x88, 0x4A, 0xB9, 0x5A, 0xD1, 0x2C, 0x57, 0x94, 0x93, 0xA8,
    0x5D, 0x44, 0x25, 0xAC, 0xB3, 0x54, 0x66, 0x2C, 0x9B, 0x80, 0x7F, 0xCC, 0xDB, 0xEA, 0xD6, 0x9F,
    0xD5, 0x42, 0xCA, 0xA4, 0x27, 0xA9, 0xC2, 0x8C, 0xC4, 0x0A, 0xCE, 0x5C, 0x59, 0xE9, 0xDE, 0xAD,
    0x63, 0x40, 0xF8, 0xCB, 0x8F, 0x57, 0x2B, 0x2B, 0xBD, 0x0F, 0x6A, 0xC1, 0x35, 0x85, 0x13, 0x2B,
    0x2B, 0x4F, 0xAE, 0x78, 0x78, 0x35, 0x8E, 0x5F, 0x8D, 0xC3, 0xF9, 0x62, 0xC5, 0xC3, 0xAB, 0x71,
    0x7F, 0xE8, 0xA6, 0x8E, 0xCD, 0x8B, 0x7D, 0x2D, 0xDA, 0x2B, 0x74, 0x26, 0xBA, 0xA4, 0x83, 0x51,
    0xDF, 0x1B, 0x55, 0x6A, 0x58, 0x6D, 0x82, 0x41, 0x9F, 0xD2, 0x5B, 0x82, 0xBA, 0x6F, 0xD0, 0x8A,
    0x8F, 0x8C, 0xF4, 0x34, 0x0A, 0x97, 0x6B, 0x08, 0x16, 0xEB, 0x98, 0x36, 0x83, 0x46, 0x7C, 0x34,
    0xE4, 0x23, 0x8C, 0xF9, 0x80, 0xE5, 0xAC, 0x46, 0x23, 0x3B, 0xCC, 0x0B, 0x47, 0x13, 0x08, 0xDD,
    0x78, 0x0A, 0x35, 0x3D, 0xD6, 0xB8, 0xB6, 0xD7, 0x2F, 0xED, 0x5C, 0x08, 0xFE, 0x7D, 0x93, 0x9B,
    0x04, 0x23, 0xEA, 0x63, 0x5A, 0x01, 0x17, 0xA9, 0x99, 0x4A, 0xD5, 0x3D, 0x20, 0xFF, 0x8A, 0x0F,
    0xAB, 0xFC, 0x27, 0xCC, 0xF3, 0xDF, 0x87, 0xCD, 0x97, 0xEE, 0xEF, 0x0F, 0x77, 0x32, 0xD6, 0x97,
    0x69, 0xB2, 0xC1, 0x64, 0x26, 0x23, 0x13, 0x38, 0xF1, 0x13, 0x14, 0x06, 0x9B, 0xBA, 0x9D, 0x46,
    0xC4, 0x0A, 0xB9, 0xCA, 0xF6, 0xF5, 0x0C, 0xBE, 0x86, 0x2E, 0xA7, 0xCD, 0x9F, 0xD7, 0x80, 0xA3,
    0xFA, 0x26, 0xE5, 0x02, 0x69, 0x9C, 0xE4, 0x05, 0xD9, 0xB0, 0x1D, 0x4D, 0xE4, 0xCF, 0x5E, 0x54,
    0x73, 0x61, 0xB0, 0xD3, 0x67, 0x03, 0x8C, 0x07, 0x55, 0x9D, 0x19, 0x60, 0xFA, 0xBF, 0xDD, 0xA3,
    0x61, 0xCB, 0x9B, 0x18, 0xA4, 0x5F, 0x50, 0xD0, 0x6B, 0x88, 0x75, 0x96, 0xAC, 0x05, 0x8A, 0x2F,
    0x63, 0xA1, 0xA0, 0xD9, 0xD3, 0x40, 0xFF, 0x62, 0x6C, 0x7C, 0x21, 0xFA, 0x44, 0xAC, 0x88, 0x01,
    0xC7, 0xF1, 0x62, 0x2F, 0xD9, 0xDA, 0x3E, 0x9D, 0xBC, 0x67, 0x97, 0x63, 0x40, 0x57, 0x94, 0x63,
    0x01, 0x9B, 0x8F, 0xF1, 0x42, 0xFB, 0xE1, 0xD9, 0xA9, 0xF4, 0x7E, 0x61, 0x6F, 0x74, 0x7B, 0xB1,
    0xAC, 0xC6, 0x4F, 0x57, 0xD0, 0xFB, 0x91, 0x0C, 0x90, 0x5A, 0xD5, 0x22, 0xB8, 0x3C, 0xEF, 0x11,
    0x77, 0x5B, 0x88, 0x8A, 0xB8, 0x6A, 0x0D, 0x71, 0x9B, 0xC5, 0x49, 0xE4, 0x28, 0x2A, 0x16, 0x88,
    0x3B, 0x2F, 0x18, 0x83, 0x8D, 0xB7, 0x20, 0xE6, 0xE2, 0xF2, 0xC8, 0x88, 0x28, 0x0D, 0x3B, 0x19,
    0xCF, 0x56, 0xED, 0xCA, 0xE0, 0x59, 0x17, 0x13, 0x7E, 0x04, 0x13, 0xB1, 0x69, 0x75, 0xB1, 0x3D,
    0x9B, 0x4B, 0xF5, 0xAB, 0xE2, 0x2E, 0x7F, 0xF2, 0x8E, 0x85, 0xF3, 0xEF, 0x7C, 0x58, 0x2D, 0x86,
    0x7A, 0xA9, 0x32, 0x6A, 0xD3, 0x18, 0xC6, 0x17, 0x5A, 0x72, 0xB8, 0x04, 0x8C, 0x30, 0x9D, 0x5C,
    0xE7, 0x69, 0xAE, 0xD7, 0x33, 0xFB, 0x5F, 0xEA, 0x7A, 0xA5, 0x4B, 0xFF, 0x6B, 0xB9, 0xBC, 0x4B,
    0xF9, 0x77, 0x4F, 0x2E, 0xE0, 0x7F, 0x55, 0xC6, 0xFF, 0x32, 0xA3, 0xDA, 0x6F, 0x3B, 0xCC, 0x9E,
    0x6F, 0x99, 0xFE, 0x8B, 0xF5, 0x2A, 0x50, 0xB1, 0xBE, 0x96, 0xE1, 0xE9, 0xCB, 0xE9, 0xAC, 0x31,
    0x03, 0xE8, 0x3C, 0x56, 0x06, 0xA7, 0xEE, 0xE2, 0x11, 0xDD, 0xC6, 0x23, 0xBA, 0x8F, 0x47, 0x74,
    0x23, 0x8F, 0xE8, 0x4E, 0x1E, 0xD1, 0xAD, 0x3C, 0xA2, 0x7B, 0x79, 0xA4, 0x36, 0x07, 0x77, 0xF3,
    0x88, 0x6E, 0xE7, 0x11, 0xDD, 0xCF, 0x23, 0xBA, 0xA1, 0x47, 0x74, 0x47, 0x8F, 0xE8, 0x96, 0x1E,
    0xD1, 0x3D, 0x3D, 0xC2, 0x4D, 0x3D, 0x6D, 0xC2, 0x5D, 0x3D, 0x34, 0x24, 0x1A, 0xE3, 0xDB, 0x18,
    0xCD, 0x6C, 0xE2, 0xB2, 0x7D, 0x0C, 0x70, 0x20, 0xCF, 0xB1, 0x98, 0xF5, 0x23, 0x2E, 0x66, 0x6D,
    0xB8, 0x98, 0xB5, 0x5E, 0x24, 0xF2, 0xEC, 0x95, 0x51, 0x96, 0x47, 0xA7, 0x3E, 0x72, 0x9D, 0x99,
    0x82, 0x9B, 0x3B, 0x4C, 0x17, 0x50, 0xF1, 0xBB, 0xF5, 0x69, 0xB9, 0x79, 0x65, 0xDB, 0x13, 0xAF,
    0xC9, 0x3D, 0xEF, 0xBD, 0xC2, 0xC1, 0x38, 0x1F, 0x2C, 0x22, 0xFB, 0xE7, 0x5F, 0x83, 0x3E, 0xF0,
    0xD2, 0xDE, 0x2C, 0xD5, 0x6F, 0x9F, 0x55, 0x9B, 0xBD, 0x37, 0x0A, 0xFF, 0xA7, 0x25, 0xF0, 0x33,
    0x37, 0x98, 0x5C, 0x81, 0xB6, 0x1C, 0x28, 0xAE, 0x19, 0xFA, 0xD4, 0xE0, 0x83, 0xB1, 0x8E, 0x55,
    0x10, 0x8B, 0x8A, 0x64, 0x12, 0x45, 0x3B, 0xDC, 0xA2, 0x23, 0x8A, 0x86, 0xEC, 0xF7, 0x1E, 0x3C,
    0xB7, 0x48, 0xA8, 0xFE, 0x31, 0xC9, 0x5B, 0xF7, 0x70, 0x68, 0xD2, 0x2E, 0x8D, 0xCA, 0x6A, 0xD4,
    0x16, 0x72, 0xED, 0xDA, 0x3C, 0x56, 0xF1, 0x6A, 0x77, 0x09, 0x5C, 0xBC, 0xA0, 0xFB, 0x0D, 0x17,
    0x64, 0xBD, 0xDB, 0xC1, 0xED, 0xFB, 0x9E, 0xCC, 0x94, 0xCA, 0x46, 0xCC, 0xEF, 0x5C, 0x9B, 0x0E,
    0x77, 0x52, 0xD5, 0xFA, 0xA9, 0x1A, 0x00, 0xE9, 0x81, 0xAE, 0x75, 0x6A, 0xD4, 0x1B, 0x05, 0x65,
    0xA2, 0x01, 0x07, 0x77, 0x3A, 0xC6, 0x04, 0xBB, 0x7F, 0x43, 0x63, 0xBD, 0x23, 0x99, 0xE5, 0x82,
    0xC9, 0xF2, 0xDF, 0xCB, 0xDD, 0x2E, 0xEB, 0x5D, 0xF5, 0xE7, 0xD8, 0xA6, 0x4F, 0x4D, 0x48, 0x45,
    0xA8, 0x7A, 0xF0, 0x98, 0x1A, 0xBC, 0xE8, 0x3A, 0xC3, 0x85, 0xB1, 0x03, 0xAE, 0xA5, 0xAD, 0x12,
    0x66, 0x26, 0x90, 0x35, 0x95, 0x3F, 0xEF, 0x99, 0x2A, 0x96, 0x1B, 0x43, 0x88, 0x26, 0xE6, 0xA9,
    0x13, 0x45, 0x7B, 0xE4, 0xB9, 0x51, 0xBF, 0xDF, 0x3E, 0x5E, 0x18, 0x3B, 0x78, 0x4C, 0x8D, 0x1D,
    0xAD, 0xAA, 0xAF, 0x94, 0x6B, 0xFC, 0x2A, 0x5D, 0xEF, 0xB9, 0x67, 0xD2, 0x6E, 0x3A, 0x3F, 0x7D,
    0x8B, 0x12, 0xB6, 0x6E, 0xA2, 0x02, 0x0E, 0xA2, 0xED, 0xDD, 0x46, 0x5B, 0xCF, 0x5E, 0xC8, 0x7D,
    0xCA, 0xCB, 0x86, 0x26, 0xB4, 0x7E, 0x3B, 0x69, 0x89, 0x5C, 0x55, 0x7B, 0xB9, 0x6A, 0xD3, 0xFF,
    0xF9, 0xFA, 0xEA, 0xCD, 0x0B, 0xF7, 0x41, 0xFA, 0xAD, 0xFE, 0xD3, 0x40, 0xF9, 0x6B, 0xCF, 0xFF,
    0x7F, 0x6A, 0x58, 0x69, 0x67, 0xFD, 0x9F, 0x57, 0xB2, 0xD6, 0xED, 0xCB, 0xB2, 0xA9, 0x9C, 0xFC,
    0xBE, 0x46, 0x7A, 0x79, 0x5E, 0xFB, 0x5C, 0x52, 0xEC, 0xFC, 0x15, 0x87, 0xEB, 0x42, 0x5F, 0x71,
    0xFA, 0x94, 0xF6, 0xF9, 0x43, 0xE6, 0x21, 0x66, 0x9D, 0x60, 0xB6, 0x23, 0x35, 0x7D, 0x0E, 0x26,
    0x33, 0xFA, 0x6F, 0xFC, 0x50, 0x17, 0xB1, 0xA0, 0x01, 0xC9, 0xC9, 0x06, 0x8C, 0x99, 0xF9, 0x7E,
    0xB0, 0x6A, 0xC0, 0x65, 0xD5, 0x23, 0x5C, 0xC2, 0xC6, 0xE1, 0xEC, 0x9A, 0x8D, 0xA9, 0xCD, 0xCB,
    0xD8, 0xF4, 0x6B, 0xE1, 0x1D, 0x4E, 0x57, 0x2A, 0x1C, 0xFF, 0x5C, 0x78, 0x6D, 0x66, 0xF1, 0xBA,
    0xAE, 0x44, 0xE3, 0xF9, 0x2A, 0xDA, 0xEB, 0x64, 0x95, 0xAE, 0xA6, 0xE6, 0xF9, 0x79, 0xDB, 0x2A,
    0xAF, 0x33, 0x35, 0xAF, 0xCC, 0xA8, 0xDF, 0x4E, 0x7C, 0xAE, 0x6C, 0x73, 0xEF, 0xA6, 0x3E, 0x5C,
    0x74, 0xC7, 0xCB, 0x67, 0xB9, 0xAC, 0x88, 0x55, 0xED, 0xE8, 0xB2, 0x22, 0xC2, 0x99, 0x2D, 0x3A,
    0xEF, 0xA8, 0x5E, 0x72, 0x7B, 0xCF, 0x37, 0xAA, 0xE7, 0xEC, 0x43, 0xF5, 0xAA, 0x1A, 0xCB, 0x3C,
    0xAF, 0x7D, 0x2E, 0x69, 0x37, 0x23, 0xAD, 0x1D, 0x18, 0x3D, 0xB2, 0xB4, 0x7A, 0x54, 0xAB, 0x5C,
    0x6C, 0xB7, 0x84, 0xDC, 0xB8, 0x65, 0x24, 0xCA, 0x78, 0xBE, 0x69, 0xB5, 0xD4, 0xE5, 0x6C, 0x8A,
    0x56, 0x49, 0xD4, 0x6F, 0x42, 0x39, 0xF6, 0xB9, 0xD4, 0x9D, 0x48, 0xF7, 0x5F, 0x31, 0x0A, 0xFE,
    0x84, 0x7E, 0xBF, 0xAC, 0x3E, 0x58, 0xC5, 0x5E, 0x2F, 0x99, 0xF6, 0xAE, 0xA6, 0xFD, 0x21, 0xD4,
    0xD5, 0x00, 0x96, 0xC0, 0x1E, 0x2C, 0xD3, 0x9F, 0xDC, 0xBF, 0x9A, 0x79, 0xE0, 0x3A, 0xD5, 0x6A,
    0x4F, 0xD7, 0x9C, 0xD9, 0x3F, 0x2F, 0xAE, 0xA6, 0x1F, 0x65, 0x4F, 0xFB, 0xE5, 0xAB, 0x27, 0x34,
    0xC2, 0xE5, 0xEC, 0xFE, 0x76, 0xD3, 0xD2, 0xFF, 0xD7, 0x0A, 0x78, 0xB9, 0xA9, 0xE0, 0x9C, 0x9B,
    0xB4, 0x9E, 0x69, 0x05, 0x47, 0xAB, 0xB9, 0xAE, 0x6E, 0x7D, 0x95, 0xC4, 0x53, 0x57, 0x70, 0x30,
    0x02, 0x93, 0xF3, 0x70, 0x8F, 0x1D, 0x70, 0x87, 0x92, 0xA5, 0x63, 0x94, 0x9C, 0x56, 0xC4, 0x57,
    0xB5, 0x05, 0xDB, 0xD8, 0x87, 0x2A, 0x48, 0xD7, 0x2D, 0xC5, 0xCB, 0xD9, 0xD5, 0x05, 0x39, 0x56,
    0x2A, 0x3C, 0x1A, 0x6E, 0x9D, 0xDC, 0xBC, 0xF7, 0xF2, 0xA3, 0x2D, 0x31, 0xFF, 0x6C, 0xA9, 0xDA,
    0xB4, 0xB1, 0x4F, 0xDC, 0x87, 0x9A, 0x45, 0x54, 0xD0, 0x18, 0x24, 0x24, 0xE0, 0xB5, 0xC6, 0x90,
    0xAE, 0xA6, 0xAC, 0x9E, 0xBA, 0x70, 0x25, 0x67, 0x59, 0xDF, 0xEC, 0xC8, 0xA9, 0xE4, 0xA5, 0x92,
    0x11, 0xA7, 0xF8, 0xD2, 0x53, 0x2A, 0x5B, 0x6B, 0x29, 0x95, 0x55, 0x26, 0xE8, 0x8B, 0x45, 0xFF,
    0xDF, 0xBA, 0xE0, 0x2C, 0xC5, 0xDC, 0x4D, 0x93, 0xEE, 0xAB, 0x9E, 0x75, 0x3E, 0x05, 0x5F, 0xFD,
    0xA6, 0x34, 0xEB, 0x21, 0xC7, 0xA9, 0x01, 0x7C, 0xB7, 0x7F, 0x57, 0xEA, 0x3D, 0xB3, 0x38, 0x81,
    0x81, 0xB9, 0xB0, 0x8F, 0xE0, 0x80, 0x81, 0x2C, 0x5A, 0xCC, 0x73, 0xE5, 0xD9, 0xF3, 0x34, 0x9F,
    0xEE, 0xB3, 0x4F, 0x97, 0xD5, 0x53, 0x23, 0x7D, 0xD5, 0xFC, 0x71, 0x70, 0xE6, 0xFF, 0x74, 0x88,
    0x93, 0x65, 0xF6, 0xA7, 0x98, 0xAE, 0xB2, 0x3F, 0xE3, 0x5C, 0x6D, 0xCD, 0x2F, 0x77, 0xFF, 0x05,
    0x83, 0x16, 0x6E, 0xF7, 0x61, 0x65, 0xB2, 0x3F, 0x99, 0xEE, 0xA5, 0x4C, 0xB8, 0x12, 0xE1, 0x7F,
    0x01, 0x95, 0x54, 0x31, 0x6F, 0xD4, 0x30, 0x14, 0xFE, 0x12, 0x0B, 0x65, 0xB0, 0x84, 0x57, 0x24,
    0xD4, 0x66, 0x61, 0x2C, 0xC9, 0xDA, 0x21, 0xB9, 0x18, 0x56, 0x16, 0x7E, 0x4C, 0x07, 0x24, 0x52,
    0xE2, 0x1F, 0xD5, 0x21, 0x43, 0x51, 0x0C, 0x0B, 0x23, 0xFE, 0x07, 0x04, 0x09, 0xA9, 0x6B, 0x90,
    0x6E, 0x48, 0xC5, 0xB5, 0xE6, 0xB3, 0x73, 0xB4, 0xA8, 0xD0, 0xDE, 0xF5, 0xE2, 0xEF, 0xEE, 0x62,
    0xFB, 0xBD, 0xE7, 0xF7, 0xBE, 0xEF, 0x59, 0x19, 0xF4, 0x99, 0x43, 0x9F, 0x4E, 0x98, 0xB1, 0xC1,
    0x1A, 0x2B, 0x4C, 0xF0, 0xAF, 0x47, 0xF1, 0xEB, 0x8B, 0x95, 0x9F, 0xBD, 0x56, 0x7A, 0x03, 0x85,
    0x53, 0xE4, 0x28, 0x51, 0x40, 0x99, 0x02, 0x99, 0xAB, 0x91, 0x4E, 0x15, 0x30, 0x37, 0x5E, 0xA3,
    0xF1, 0x23, 0xF8, 0x0A, 0xD0, 0x94, 0x53, 0x3B, 0xE1, 0xBD, 0xD7, 0x04, 0xD4, 0x1A, 0x6A, 0x03,
    0x46, 0xA3, 0xD7, 0xFF, 0x0C, 0xCE, 0x0F, 0xC8, 0xBE, 0xA2, 0x7B, 0xA3, 0xDF, 0x65, 0x86, 0x96,
    0x8D, 0xF7, 0x26, 0x00, 0x38, 0xDB, 0xC6, 0xDA, 0x1F, 0x9D, 0x9F, 0x31, 0x30, 0x26, 0x90, 0x6B,
    0x40, 0x5A, 0x20, 0x8B, 0x78, 0x46, 0xB4, 0x3B, 0xD0, 0x8C, 0xCD, 0x28, 0xEE, 0x7D, 0xFC, 0xDA,
    0xAF, 0x33, 0xAB, 0x78, 0xE2, 0x3A, 0x3E, 0x2B, 0xFE, 0x2B, 0x59, 0xAB, 0x9C, 0x35, 0x53, 0x7A,
    0xF0, 0x57, 0x21, 0x5F, 0xA3, 0x20, 0x5D, 0x0E, 0x31, 0x16, 0x48, 0xF7, 0x46, 0x2F, 0x67, 0xF4,
    0xD2, 0xA3, 0x87, 0xB2, 0x3D, 0xCF, 0xD1, 0x43, 0x38, 0x62, 0xEC, 0xB9, 0x76, 0xCE, 0xDF, 0x96,
    0xEF, 0x01, 0x35, 0xD7, 0x4A, 0xF2, 0xA2, 0x6C, 0x87, 0x8C, 0xF1, 0x30, 0x8C, 0xB8, 0x7B, 0xE6,
    0x84, 0x27, 0x61, 0xD1, 0x47, 0xA4, 0xAC, 0x47, 0x0F, 0xB4, 0x8F, 0x1A, 0xC3, 0x25, 0x8B, 0x67,
    0x98, 0x42, 0xA4, 0x79, 0x1D, 0x89, 0xEC, 0xFF, 0x8C, 0x39, 0xCC, 0x70, 0x5E, 0x3A, 0xE6, 0xE9,
    0x2F, 0x11, 0x3E, 0xD5, 0x1D, 0x90, 0xB6, 0x88, 0x48, 0x6C, 0x9C, 0x69, 0xB7, 0x72, 0xA0, 0xB3,
    0x84, 0x3E, 0x05, 0x25, 0x24, 0xDC, 0xC2, 0x8A, 0x22, 0xC3, 0x8A, 0x2C, 0xE5, 0x58, 0x44, 0xE0,
    0xAF, 0x03, 0x75, 0x4E, 0x41, 0x4C, 0x8A, 0x9B, 0x15, 0x10, 0xB0, 0x7E, 0x10, 0xDE, 0x47, 0xF4,
    0xD9, 0x15, 0xDA, 0xD2, 0x9B, 0xEA, 0x44, 0xBA, 0x97, 0x2E, 0x9D, 0x72, 0xCB, 0x35, 0x43, 0xE8,
    0xB8, 0x6F, 0x0E, 0x7B, 0x19, 0x66, 0x5D, 0xD0, 0xEF, 0x8A, 0x87, 0xA8, 0x59, 0xEA, 0x4A, 0x79,
    0xDD, 0xE6, 0x94, 0x8B, 0xF1, 0x46, 0xEE, 0xF1, 0x34, 0xAE, 0x99, 0x98, 0x46, 0xFF, 0xEF, 0x33,
    0xCC, 0x7E, 0x1E, 0xFC, 0x22, 0x78, 0xA9, 0x15, 0x45, 0x22, 0x5C, 0x20, 0x36, 0x34, 0x4F, 0xCD,
    0x88, 0x55, 0xFC, 0x0D, 0xEF, 0x62, 0x64, 0x74, 0x0A, 0x44, 0x5A, 0xE5, 0x4A, 0x2D, 0x98, 0x31,
    0x86, 0x1F, 0xB1, 0x92, 0x8A, 0xEB, 0xB4, 0x1B, 0x95, 0x16, 0x4E, 0x1A, 0xE1, 0x32, 0x2B, 0x9C,
    0x08, 0xE0, 0x77, 0x3A, 0x66, 0x36, 0x99, 0xA4, 0x61, 0x3D, 0x74, 0xCC, 0xE3, 0xEC, 0x14, 0x78,
    0xBF, 0xC6, 0x73, 0x6F, 0xD1, 0xD0, 0xFC, 0x05, 0xED, 0x53, 0xF2, 0x96, 0xFB, 0xD0, 0xD3, 0x1F,
    0x71, 0x4E, 0x61, 0x52, 0x4C, 0xFA, 0x8C, 0xE8, 0x21, 0xCD, 0x29, 0x51, 0x5A, 0x69, 0x32, 0x82,
    0x4D, 0xB1, 0x17, 0x16, 0x7F, 0x33, 0x1A, 0xFA, 0x6B, 0xB7, 0xFE, 0x08, 0xD3, 0x72, 0x6D, 0xC5,
    0xF3, 0xE7, 0x3C, 0x65, 0x62, 0x22, 0x85, 0x81, 0x77, 0xB2, 0xBB, 0x61, 0xF3, 0x4D, 0xE8, 0xAE,
    0x35, 0x9B, 0x23, 0x8F, 0xAD, 0xA1, 0x74, 0xC9, 0xDD, 0xBC, 0x46, 0x6C, 0xC8, 0x3C, 0x54, 0x81,
    0x32, 0xFA, 0x49, 0x15, 0x78, 0x2A, 0xE0, 0x03, 0xCD, 0xEA, 0x85, 0x79, 0x6E, 0x5E, 0xDC, 0x04,
    0x35, 0x84, 0xF0, 0x41, 0x1D, 0xC2, 0x2E, 0x4A, 0x49, 0x47, 0xE6, 0x53, 0xAC, 0xB0, 0xCA, 0x75,
    0x2D, 0x6D, 0xCD, 0x56, 0x48, 0xE8, 0x66, 0x9E, 0xD0, 0x38, 0x94, 0x3A, 0x88, 0x88, 0xBB, 0xA3,
    0x5C, 0xBD, 0xDF, 0x70, 0x50, 0x7E, 0x53, 0x17, 0x3A, 0xE0, 0x46, 0x67, 0xD2, 0x3C, 0xA1, 0x67,
    0xDE, 0x68, 0xB1, 0x63, 0x43, 0xFF, 0x16, 0x94, 0x66, 0xC1, 0xB4, 0x0A, 0xA6, 0x55, 0x90, 0xD3,
    0x82, 0xD2, 0x2C, 0x18, 0xA8, 0xD8, 0x0A, 0xF7, 0x6F, 0x90, 0x23, 0xCF, 0x3A, 0x8B, 0x29, 0xEA,
    0x77, 0xC7, 0x68, 0x49, 0xFC, 0x2D, 0x6C, 0xD1, 0x66, 0x84, 0x22, 0x4A, 0x5D, 0x74, 0x57, 0x28,
    0x9A, 0x11, 0x35, 0x93, 0xAE, 0xE8, 0xB8, 0xE5, 0x05, 0x35, 0x4B, 0x97, 0x4D, 0x69, 0x70, 0x5F,
    0x5E, 0xB2, 0xDA, 0xDE, 0x94, 0xD4, 0x32, 0xC3, 0x6C, 0x08, 0xA6, 0x89, 0xFA, 0x21, 0x30, 0xE7,
    0x9A, 0x35, 0xA8, 0x9B, 0x50, 0xF0, 0x81, 0x79, 0x0E, 0x37, 0xB7, 0x1D, 0x9A, 0x8B, 0x6F, 0x53,
    0x80, 0xB8, 0xF8, 0xB4, 0xE0, 0xFB, 0xAB, 0x89, 0x97, 0xC3, 0x0D, 0x12, 0x8D, 0xB7, 0xCD, 0xD8,
    0xF1, 0xCA, 0x1B, 0xAC, 0xA0, 0xBA, 0x1E, 0x8B, 0xC5, 0xB6, 0xBB, 0x77, 0x3D, 0xD1, 0xD9, 0xED,
    0x61, 0xEE, 0x60, 0xB7, 0x6D, 0xA2, 0xD5, 0xE1, 0xC1, 0x51, 0x75, 0x7C, 0xA2, 0xA4, 0x3E, 0x54,
    0x38, 0x50, 0x38, 0x7A, 0x8A, 0xEA, 0x00, 0xC7, 0x47, 0x38, 0xA9, 0xF0, 0x1B, 0xCD, 0x5A, 0xBF,
    0x6F, 0xE4, 0x44, 0x14, 0xFE, 0x6C, 0x13, 0x2C, 0xC5, 0x12, 0x6E, 0xAE, 0x39, 0x9D, 0xC0, 0x6D,
    0x84, 0xB8, 0x75, 0x7B, 0x45, 0xB2, 0xB6, 0x40, 0xA2, 0xA1, 0x49, 0x91, 0x40, 0x41, 0x71, 0x14,
    0x14, 0x47, 0xC3, 0x35, 0x14, 0x57, 0xC4, 0x89, 0x45, 0x43, 0x71, 0xCD, 0x4A, 0x48, 0x50, 0xD0,
    0x5C, 0xC1, 0x1F, 0x40, 0x71, 0x05, 0x45, 0x76, 0x63, 0x74, 0xFF, 0x80, 0x75, 0xD2, 0xE9, 0x0A,
    0x0A, 0x0C, 0x3A, 0x68, 0xB1, 0x74, 0x46, 0xDA, 0x83, 0xF5, 0x0E, 0xEF, 0x3D, 0xFF, 0xD8, 0x75,
    0x76, 0xC3, 0x5D, 0xD6, 0xBB, 0x0E, 0x9B, 0x9D, 0x97, 0x8D, 0xE3, 0x19, 0x7F, 0xDF, 0x9B, 0x79,
    0xDF, 0x7B, 0x33, 0x09, 0x8C, 0x31, 0x00, 0x73, 0x42, 0xC6, 0xCE, 0xD9, 0x9C, 0x90, 0x71, 0x5D,
    0x32, 0x9E, 0x1D, 0x02, 0x7B, 0x76, 0x04, 0x9C, 0x5A, 0x31, 0x30, 0x31, 0x12, 0x68, 0x99, 0x91,
    0x42, 0xFF, 0xEB, 0xC3, 0x0C, 0x86, 0x52, 0x63, 0x98, 0x4A, 0x4D, 0x40, 0x37, 0x04, 0x6C, 0x3C,
    0x38, 0x3E, 0x5C, 0xFA, 0x06, 0x27, 0x24, 0xC3, 0xFD, 0xEA, 0x97, 0x96, 0x92, 0xD1, 0xC7, 0xE5,
    0x27, 0x5D, 0x85, 0x8E, 0x4A, 0xBD, 0x6F, 0x26, 0x01, 0x4E, 0x41, 0x9D, 0xB5, 0xDC, 0x54, 0xB9,
    0xF7, 0xF7, 0x70, 0x88, 0x60, 0x8C, 0x60, 0x82, 0x7C, 0xF4, 0x51, 0xEE, 0xA9, 0xC0, 0x1A, 0xEF,
    0x95, 0xDD, 0x8F, 0x80, 0x91, 0x58, 0x33, 0x61, 0xAC, 0x3C, 0x0E, 0xEE, 0xB1, 0x49, 0xB1, 0xF0,
    0xDA, 0x1C, 0x1D, 0x1A, 0x58, 0x01, 0x6F, 0x01, 0xBB, 0xE5, 0xA3, 0x2E, 0xC5, 0x83, 0x61, 0xE9,
    0x0C, 0xDF, 0xA8, 0x1C, 0xA3, 0x67, 0x64, 0x2C, 0x06, 0xE9, 0xDA, 0x3E, 0x70, 0x6D, 0xCB, 0xEF,
    0x86, 0x07, 0xFA, 0xE2, 0x4B, 0xF1, 0xDD, 0x88, 0x48, 0xF8, 0xE6, 0xA3, 0x78, 0x0B, 0xFB, 0x97,
    0x24, 0xC4, 0x50, 0xC0, 0xB8, 0xAF, 0x9E, 0x90, 0x19, 0x89, 0x67, 0x5B, 0x12, 0x72, 0x42, 0x06,
    0xC4, 0x5C, 0x74, 0x36, 0x46, 0x38, 0x8F, 0xFB, 0x2A, 0x58, 0x25, 0x30, 0xC9, 0xA1, 0x3F, 0x00,
    0x49, 0x45, 0x2C, 0x5C, 0x85, 0xD8, 0xEB, 0xEF, 0x12, 0x60, 0x57, 0x91, 0xD9, 0x3D, 0xAE, 0xE3,
    0xF1, 0x41, 0x8D, 0xFA, 0x2E, 0x99, 0xBE, 0x15, 0x76, 0xC2, 0x49, 0x1B, 0x0C, 0x4C, 0x95, 0x58,
    0xE2, 0x69, 0x7C, 0xC6, 0xE1, 0x64, 0x3C, 0x8D, 0xEC, 0x2F, 0xD3, 0xCB, 0x11, 0x9A, 0x03, 0xFF,
    0x39, 0x18, 0x4F, 0xD8, 0xA1, 0x08, 0x5C, 0xA4, 0x69, 0xD8, 0x11, 0x3A, 0x3F, 0x13, 0x9D, 0x64,
    0x05, 0x75, 0x68, 0xA8, 0x5C, 0x11, 0x5B, 0x47, 0x0D, 0x81, 0xDB, 0x35, 0x09, 0xB8, 0x7B, 0x9B,
    0x66, 0xD1, 0x56, 0xD5, 0x73, 0xBB, 0xE0, 0x6B, 0x45, 0xB0, 0x81, 0x9B, 0xFC, 0x10, 0x0B, 0x89,
    0xF9, 0x34, 0x36, 0x54, 0xC4, 0x30, 0x2F, 0xC5, 0x4F, 0x64, 0xC2, 0x94, 0xD0, 0x8A, 0x67, 0x84,
    0xE8, 0x62, 0x4F, 0x08, 0x4D, 0x3B, 0x24, 0x64, 0xC4, 0xE2, 0x54, 0xC9, 0x1E, 0xB6, 0x96, 0x58,
    0xAB, 0x11, 0x32, 0xB2, 0x0A, 0x23, 0xBE, 0x60, 0xC3, 0x21, 0xF9, 0x0E, 0x2B, 0x46, 0xAF, 0xFB,
    0x19, 0xCA, 0x25, 0x2D, 0xBD, 0x49, 0xCA, 0xC4, 0x33, 0xB4, 0x22, 0x21, 0xEB, 0x6B, 0x42, 0xE1,
    0xB0, 0x48, 0xDC, 0x3C, 0xA3, 0x9E, 0xAF, 0x71, 0xF7, 0x1D, 0xDD, 0xBF, 0x0A, 0x42, 0x7A, 0x96,
    0xB2, 0x48, 0xDC, 0x8D, 0x34, 0x60, 0x1B, 0x03, 0xEB, 0xDB, 0x95, 0x08, 0x5D, 0x6B, 0x82, 0x37,
    0xC7, 0xF8, 0x1F, 0x88, 0xC4, 0x16, 0xD3, 0x49, 0x6A, 0x3A, 0x6D, 0x44, 0x42, 0xA9, 0x9C, 0xDE,
    0xF9, 0xE1, 0x01, 0xE1, 0xAF, 0xDF, 0xF9, 0xE1, 0x3E, 0x01, 0xA3, 0xF7, 0xFC, 0x45, 0xB9, 0x7E,
    0xA0, 0xD4, 0x94, 0xDE, 0xB3, 0x41, 0x72, 0xB6, 0xDA, 0x59, 0x08, 0x4B, 0x65, 0x70, 0x9E, 0xE4,
    0x04, 0xDF, 0xA3, 0x2B, 0x0E, 0x86, 0x87, 0xB7, 0x7D, 0xA5, 0x14, 0xB7, 0xF0, 0xB4, 0x94, 0x21,
    0x0F, 0x3D, 0xB8, 0x4F, 0xCE, 0xE8, 0xDE, 0x09, 0xF5, 0x89, 0x67, 0xF4, 0x7A, 0xF2, 0x4B, 0xF9,
    0xAE, 0x8D, 0xA1, 0x4D, 0x65, 0x1D, 0xEE, 0xCE, 0x7E, 0xBF, 0x22, 0x4A, 0xF6, 0x0E, 0x2F, 0x43,
    0x52, 0x1E, 0xAE, 0xB7, 0x6A, 0x67, 0xAE, 0x08, 0x57, 0x1F, 0x0C, 0x2C, 0x15, 0xDB, 0x4E, 0xD8,
    0x12, 0x97, 0xF6, 0xE0, 0x13, 0x9A, 0xFE, 0x14, 0xE6, 0x07, 0x71, 0x6B, 0x4C, 0xB4, 0xC0, 0x80,
    0x1F, 0x4B, 0x81, 0x1F, 0x72, 0xD1, 0x62, 0x51, 0x6E, 0xD7, 0xF6, 0x5B, 0xF9, 0x8D, 0x9E, 0x2D,
    0xE3, 0xF2, 0xC0, 0x28, 0xA7, 0xE6, 0x9F, 0x08, 0xC6, 0x6F, 0x29, 0xB6, 0xFC, 0xFD, 0x76, 0x78,
    0x29, 0x11, 0x94, 0xDA, 0xB9, 0x3E, 0xBC, 0x46, 0x52, 0xA6, 0xB8, 0x7B, 0x1B, 0xC0, 0x9B, 0xC0,
    0x4A, 0x65, 0x74, 0x99, 0xAC, 0x29, 0xF4, 0x3F, 0xD7, 0x02, 0xF9, 0x19, 0x09, 0x07, 0x6B, 0xC6,
    0x2D, 0x48, 0x6D, 0xB6, 0x00, 0xFB, 0xA0, 0x15, 0x6C, 0x6D, 0x7E, 0xA9, 0xDE, 0x81, 0x56, 0x94,
    0x14, 0xEF, 0x25, 0xAD, 0x30, 0x57, 0xCB, 0xF6, 0x7E, 0xB9, 0x6C, 0xDF, 0xE6, 0xF0, 0x0A, 0xA1,
    0x3F, 0x8F, 0x29, 0x29, 0x67, 0xED, 0xDC, 0xFC, 0x69, 0x81, 0x31, 0xAC, 0x31, 0xB6, 0x58, 0xBD,
    0x0D, 0x6D, 0xC2, 0x75, 0x46, 0xE9, 0x0B, 0x4A, 0xEB, 0xA7, 0x74, 0x0D, 0x01, 0xB7, 0xA8, 0x59,
    0x23, 0x52, 0x19, 0xBB, 0x56, 0x18, 0xEF, 0x15, 0xBE, 0x72, 0xCA, 0xB5, 0x76, 0x51, 0x0E, 0xD1,
    0x36, 0xEA, 0xE2, 0xAF, 0x57, 0x19, 0xAB, 0x00, 0xC3, 0x38, 0xF7, 0x4E, 0x28, 0x68, 0xFB, 0x8D,
    0x17, 0xE4, 0xE2, 0x8D, 0x5C, 0xDC, 0x49, 0xF3, 0x94, 0x7F, 0x9C, 0xC1, 0x8E, 0xC9, 0x61, 0xAE,
    0x5F, 0x74, 0x76, 0xFD, 0x80, 0x13, 0xCE, 0x90, 0x54, 0x92, 0x39, 0xDB, 0x91, 0x18, 0xF9, 0x31,
    0x28, 0x33, 0x91, 0xEB, 0xCB, 0xCD, 0xD4, 0x2D, 0x87, 0xF9, 0x82, 0x06, 0x90, 0xA1, 0x70, 0x63,
    0xDA, 0x48, 0x83, 0xC5, 0xA6, 0x34, 0xAB, 0x3E, 0x9D, 0x0D, 0xC8, 0x65, 0x63, 0x72, 0xEF, 0x54,
    0x9E, 0x13, 0xD0, 0x50, 0xA7, 0x34, 0xF0, 0xA4, 0x6C, 0xFC, 0x39, 0x90, 0xE1, 0x3D, 0xB9, 0x87,
    0xEF, 0xD5, 0xA8, 0xCF, 0x32, 0xF7, 0x16, 0xDB, 0x75, 0x4B, 0x56, 0xD8, 0x43, 0x36, 0xC9, 0x62,
    0x12, 0xDE, 0x1C, 0xC3, 0x51, 0xB1, 0x7E, 0xA8, 0x28, 0x02, 0xDE, 0x98, 0x7B, 0xE2, 0xEA, 0x04,
    0xA5, 0xE8, 0xE3, 0x95, 0x64, 0xD6, 0x7B, 0x43, 0xBE, 0x64, 0xF3, 0x92, 0xEB, 0xB1, 0xF4, 0x9E,
    0xDB, 0x1B, 0x6E, 0x70, 0xF6, 0x2A, 0xA1, 0x3F, 0x27, 0x9C, 0xBF, 0xA6, 0xD0, 0x4A, 0x05, 0x5A,
    0x9D, 0x67, 0x7F, 0x71, 0x67, 0x7F, 0x55, 0x3C, 0xEB, 0x04, 0x71, 0xB4, 0x01, 0x9E, 0x2E, 0x93,
    0xF0, 0xA2, 0x8A, 0xA7, 0xE9, 0x2F, 0x90, 0xED, 0x77, 0x4A, 0x96, 0x8F, 0x4F, 0x24, 0xB5, 0xEC,
    0x56, 0xDB, 0x0A, 0x82, 0xE7, 0xAF, 0x8F, 0xF0, 0x36, 0x1F, 0x04, 0x78, 0x5C, 0x0D, 0xDF, 0xAA,
    0x0F, 0x02, 0x74, 0xDE, 0x4B, 0x5B, 0xFC, 0x50, 0x87, 0x03, 0x36, 0x68, 0xEE, 0xA5, 0x37, 0xC7,
    0xB5, 0x4C, 0x49, 0xC6, 0x57, 0xCD, 0x94, 0xA4, 0x3D, 0x4F, 0x60, 0xC6, 0x59, 0x3B, 0x9E, 0xDA,
    0xA0, 0x2A, 0xF8, 0x9D, 0xBE, 0x70, 0xF2, 0x3B, 0x54, 0x9D, 0x0B, 0x75, 0xF5, 0x7A, 0xC5, 0x70,
    0x96, 0x74, 0x5B, 0xCA, 0xD1, 0xA2, 0xDE, 0x16, 0xA1, 0x7B, 0x54, 0x69, 0x95, 0x56, 0x64, 0x4D,
    0x2B, 0x9A, 0x33, 0x37, 0x28, 0x45, 0x12, 0x5C, 0xC5, 0xCC, 0xC7, 0x05, 0x85, 0x9A, 0x39, 0x9A,
    0xCC, 0xC3, 0x25, 0xCC, 0x51, 0x31, 0x9F, 0x2C, 0x8D, 0x55, 0xDE, 0xE3, 0xB3, 0xBB, 0x1D, 0x96,
    0xC9, 0xA2, 0x69, 0x67, 0x2A, 0xB6, 0xE8, 0xA1, 0x55, 0xBE, 0x26, 0x32, 0x3E, 0x91, 0x0A, 0x5F,
    0x4A, 0xB0, 0x38, 0x60, 0x0C, 0xCF, 0x9D, 0x1C, 0x74, 0x43, 0x46, 0x4F, 0xCB, 0x13, 0x5B, 0xF6,
    0xE5, 0xDE, 0x1A, 0xC8, 0x2C, 0xCF, 0x84, 0x1D, 0xCD, 0x4C, 0x23, 0x13, 0xAE, 0x81, 0xCC, 0xF6,
    0xFB, 0xA8, 0x84, 0x24, 0xE8, 0x92, 0xC7, 0xC1, 0x3E, 0xED, 0x3B, 0x48, 0x34, 0xBE, 0x7B, 0xD4,
    0x9E, 0x43, 0x67, 0xA0, 0x2F, 0x14, 0x04, 0x18, 0xEB, 0x60, 0xB1, 0x20, 0x02, 0x54, 0xED, 0x66,
    0x97, 0x6D, 0x43, 0x18, 0xE9, 0x09, 0x6D, 0x97, 0xDC, 0xDF, 0x4F, 0x22, 0xC2, 0x41, 0xAB, 0xE5,
    0xD9, 0x6C, 0x6C, 0x89, 0xE7, 0x22, 0xAE, 0xFB, 0x84, 0xEB, 0xBF, 0x9B, 0x2B, 0x8D, 0x70, 0xFA,
    0xEE, 0x1F, 0xCA, 0xB7, 0xD5, 0x2F, 0xBE, 0x3E, 0x75, 0xFC, 0xA5, 0x62, 0xC5, 0xA9, 0x8D, 0xB3,
    0x2F, 0x27, 0x5F, 0xB3, 0x29, 0xD1, 0x6B, 0xE3, 0x70, 0x41, 0x0D, 0xB8, 0x32, 0x0F, 0x2D, 0xAB,
    0x8A, 0x12, 0x29, 0x19, 0xCA, 0x63, 0x73, 0x11, 0xA9, 0xD2, 0x10, 0x14, 0x25, 0x46, 0x48, 0xAC,
    0x60, 0x98, 0x07, 0x98, 0x08, 0x98, 0x09, 0x84, 0x4A, 0x31, 0x1F, 0xFC, 0x5C, 0xAB, 0x12, 0x58,
    0x11, 0x78, 0x69, 0x04, 0x38, 0xA5, 0x96, 0x5C, 0x9A, 0x0C, 0x67, 0x7D, 0x29, 0x22, 0x8B, 0xDC,
    0x61, 0xA3, 0x43, 0x32, 0x4D, 0x81, 0x5D, 0x03, 0x19, 0x6F, 0x69, 0x31, 0xD7, 0xD1, 0xCC, 0x34,
    0x97, 0x59, 0x7B, 0x32, 0x77, 0x76, 0xB8, 0x3C, 0xA1, 0xF9, 0xD1, 0x1E, 0xA7, 0x5D, 0xF2, 0xF8,
    0xBE, 0xAC, 0xCA, 0xEE, 0xC7, 0xED, 0x39, 0x74, 0x06, 0xBA, 0xA9, 0x54, 0x22, 0x55, 0x28, 0x4B,
    0xBE, 0x75, 0xB0, 0x58, 0x14, 0xAE, 0x19, 0x39, 0x59, 0x6A, 0xFA, 0xE2, 0xAE, 0x56, 0x6A, 0x44,
    0x02, 0x72, 0x52, 0x64, 0x12, 0x23, 0xD5, 0xC6, 0xD0, 0xC7, 0x44, 0x00, 0x13, 0x3E, 0x50, 0x3E,
    0xE6, 0x23, 0x62, 0x8F, 0xEB, 0x1B, 0xF9, 0xD3, 0x87, 0x94, 0xDF, 0x45, 0x5E, 0x48, 0x5F, 0x6A,
    0x26, 0x65, 0xCC, 0xF4, 0x66, 0x11, 0xCB, 0xAF, 0x63, 0x52, 0x07, 0x8F, 0xD4, 0xC1, 0xF5, 0xED,
    0xC8, 0x0E, 0x1D, 0xB2, 0x2E, 0x15, 0xD2, 0x7D, 0xBA, 0x1A, 0x50, 0xBF, 0x53, 0xF2, 0x20, 0x05,
    0xDB, 0x0B, 0x1A, 0x60, 0x44, 0xCD, 0x8B, 0x8B, 0x50, 0xE1, 0x53, 0x26, 0x26, 0x43, 0x70, 0xB7,
    0x38, 0x9F, 0xD1, 0xD8, 0x76, 0xB2, 0x51, 0xF4, 0xE7, 0x0E, 0xC6, 0x8D, 0xAA, 0x4A, 0x6D, 0x0F,
    0xDF, 0x21, 0xF8, 0x6E, 0x68, 0x27, 0x4E, 0xE3, 0x9F, 0x04, 0x1E, 0x2E, 0xFF, 0x27, 0x81, 0x0D,
    0x32, 0x9C, 0xCF, 0x6A, 0x96, 0xBF, 0x91, 0xF9, 0x29, 0x36, 0x72, 0x2E, 0x07, 0xC0, 0xEC, 0x2F,
    0xBA, 0x5D, 0x70, 0x63, 0x59, 0xA2, 0xCA, 0x43, 0x7F, 0x9C, 0x6E, 0x84, 0xD7, 0xBF, 0xAD, 0x56,
    0xBD, 0x8F, 0xDC, 0x44, 0x14, 0xFF, 0x79, 0x0D, 0xB1, 0x14, 0x17, 0x93, 0x22, 0x1F, 0x48, 0x24,
    0xE7, 0x16, 0x22, 0x6E, 0x4D, 0x41, 0x71, 0x42, 0xEB, 0x1D, 0xA3, 0x14, 0x14, 0x14, 0x9C, 0x50,
    0xB6, 0x4A, 0x01, 0x45, 0x3A, 0x14, 0x5D, 0x8A, 0x14, 0x57, 0xEC, 0xC5, 0x16, 0x14, 0xB4, 0xE9,
    0x69, 0xF9, 0x03, 0x52, 0xA4, 0x38, 0x29, 0x9B, 0xEC, 0x44, 0x29, 0x52, 0xD0, 0x98, 0x02, 0x68,
    0x5D, 0x04, 0xAA, 0x08, 0x19, 0x69, 0x0A, 0x9F, 0xB4, 0xBE, 0xE1, 0xF7, 0xC6, 0xFB, 0x71, 0x97,
    0xE4, 0x68, 0x60, 0xFC, 0xE6, 0xEB, 0xF7, 0xDE, 0xCC, 0xBC, 0x99, 0x79, 0x6F, 0x9E, 0xB1, 0xFB,
    0x46, 0x02, 0xEE, 0x56, 0x49, 0xAE, 0xF0, 0xA9, 0x99, 0xEC, 0xBE, 0x8B, 0xB3, 0x3E, 0x60, 0x90,
    0xA3, 0x2A, 0x9A, 0xDD, 0xEA, 0xAB, 0x7C, 0x17, 0x67, 0x7D, 0x92, 0xCE, 0xE1, 0x2A, 0xB4, 0xBD,
    0x7A, 0xF1, 0xDC, 0x45, 0x9C, 0xFD, 0xE1, 0xD2, 0x24, 0xD7, 0xCE, 0x90, 0xD6, 0x8D, 0xC9, 0x64,
    0xB2, 0xEB, 0x9C, 0x6B, 0x24, 0xB3, 0x0D, 0xD6, 0xA5, 0xE4, 0x89, 0x4F, 0xB9, 0xF3, 0xC9, 0x2C,
    0xAB, 0xB7, 0x82, 0xB7, 0x6F, 0xB7, 0xFF, 0x21, 0x4D, 0x26, 0x37, 0x9D, 0xEB, 0x48, 0xEB, 0x46,
    0x68, 0xA2, 0x32, 0x2E, 0x55, 0x9E, 0xE4, 0x29, 0x34, 0x94, 0x51, 0x65, 0x82, 0x04, 0x43, 0x64,
    0x18, 0x21, 0x25, 0x36, 0xF6, 0xAD, 0x29, 0xF6, 0xC9, 0x4D, 0xC1, 0x33, 0xCC, 0xE3, 0x32, 0x2A,
    0x43, 0x13, 0x3E, 0x6B, 0xA2, 0xEF, 0xEA, 0xF8, 0xFB, 0x4A, 0xDD, 0xA8, 0x92, 0xCF, 0x4D, 0x1A,
    0x1B, 0xCD, 0xC1, 0xCF, 0x6B, 0xF5, 0x43, 0x95, 0xC4, 0x86, 0x34, 0x54, 0x79, 0xA6, 0x30, 0x52,
    0x48, 0xBF, 0x30, 0xA9, 0x32, 0x63, 0x55, 0x66, 0x2A, 0x1F, 0x25, 0x98, 0x6E, 0x61, 0x7F, 0x1B,
    0x14, 0x26, 0xC8, 0x81, 0xEA, 0x86, 0xE1, 0x24, 0x9C, 0x2A, 0x7C, 0x56, 0x63, 0x81, 0x35, 0x15,
    0xCE, 0x92, 0x2E, 0x75, 0xBB, 0x4B, 0xE4, 0x70, 0x45, 0xF7, 0x3C, 0x9D, 0x25, 0xF6, 0x1A, 0x32,
    0x3B, 0x35, 0x2A, 0xB2, 0x48, 0x8E, 0xA1, 0x1D, 0x2F, 0xA3, 0xF4, 0x94, 0xB3, 0x4B, 0x10, 0xF8,
    0x98, 0xFB, 0xD4, 0x95, 0x5E, 0x68, 0xAB, 0xCB, 0x1D, 0x5C, 0xE0, 0x09, 0xE8, 0x5C, 0xE7, 0x72,
    0x12, 0x54, 0x35, 0x2F, 0x7C, 0x96, 0xB6, 0xE4, 0x91, 0x74, 0x9E, 0xFA, 0xC2, 0x77, 0x57, 0xB2,
    0xB1, 0x45, 0x58, 0x71, 0xAE, 0xB4, 0x43, 0x5C, 0xB2, 0xCE, 0xF6, 0xA0, 0xC4, 0x56, 0xA6, 0x8A,
    0x47, 0xD8, 0xD7, 0x87, 0xF0, 0x78, 0xD0, 0xC0, 0xCB, 0x85, 0x46, 0xEA, 0xD8, 0x7A, 0x71, 0xA6,
    0xA4, 0xAF, 0x30, 0x8A, 0x6C, 0xD0, 0xB1, 0xB6, 0x49, 0x17, 0xB9, 0x1C, 0x41, 0x3D, 0xDE, 0x53,
    0x3F, 0x1A, 0x84, 0x66, 0xA4, 0x14, 0xC7, 0xF0, 0x18, 0x7D, 0x3D, 0x44, 0x5F, 0x4F, 0xD1, 0xF3,
    0xB9, 0x3B, 0x91, 0x1F, 0xD4, 0xF0, 0xE3, 0x57, 0xFA, 0x6C, 0x34, 0xDA, 0xE8, 0xB4, 0xD1, 0x6A,
    0xA3, 0xD7, 0x46, 0xB3, 0x8D, 0x6E, 0x27, 0xB5, 0xDB, 0xE8, 0xB7, 0xD2, 0xB0, 0xC8, 0x97, 0x3A,
    0x7E, 0xE6, 0xAA, 0xA5, 0x96, 0xCF, 0xFF, 0x6C, 0x96, 0x7A, 0x3E, 0x37, 0xCD, 0x52, 0x53, 0x69,
    0xF5, 0xBA, 0x4A, 0xAB, 0xD7, 0x56, 0xE4, 0x7A, 0x7D, 0x39, 0x76, 0xA5, 0x71, 0x91, 0x8F, 0xB3,
    0xE9, 0x74, 0xFF, 0xF0, 0xD1, 0x38, 0xAC, 0xB3, 0xA8, 0x9A, 0x46, 0x86, 0xB4, 0x1F, 0x97, 0x87,
    0x71, 0xFE, 0x28, 0x86, 0x80, 0x44, 0x0F, 0x04, 0x66, 0x9E, 0x09, 0x43, 0x38, 0x64, 0x35, 0xB3,
    0x69, 0x96, 0x6D, 0x0F, 0xB7, 0x66, 0xB1, 0x8C, 0xC8, 0x42, 0x52, 0xB5, 0x1D, 0x56, 0xC3, 0x41,
    0xBD, 0x15, 0xD4, 0x04, 0x67, 0x32, 0x86, 0x30, 0x73, 0x95, 0x91, 0x91, 0x91, 0xB3, 0x4D, 0xD6,
    0x16, 0xBE, 0xC1, 0x60, 0x81, 0xA8, 0x83, 0xFA, 0x12, 0x43, 0xCA, 0x84, 0x35, 0xEE, 0x8B, 0x11,
    0x85, 0x0D, 0xE2, 0x8A, 0xF6, 0x2F, 0x3D, 0x12, 0x1B, 0xCA, 0x08, 0x28, 0x36, 0x75, 0x7F, 0xD3,
    0x0D, 0xDA, 0x15, 0xBB, 0x17, 0xF5, 0x03, 0xC9, 0x62, 0x0F, 0x91, 0x41, 0xA0, 0x7E, 0x41, 0xF4,
    0xFB, 0xCF, 0x26, 0xB2, 0xA9, 0x09, 0x3A, 0x87, 0xAC, 0x68, 0x6D, 0x91, 0xFC, 0xBD, 0xC8, 0xB4,
    0xB5, 0x98, 0x77, 0x5C, 0xBA, 0x40, 0xDC, 0x24, 0x26, 0x7A, 0xF1, 0xC2, 0x88, 0xAC, 0x8C, 0x49,
    0x73, 0xDD, 0x67, 0xFC, 0x5B, 0x1E, 0xAF, 0xF3, 0xE6, 0x6E, 0x86, 0xD0, 0x65, 0xE1, 0xB3, 0xB4,
    0x83, 0x79, 0x19, 0x3B, 0x9B, 0xFC, 0xB6, 0xD0, 0x18, 0x7F, 0xC8, 0x31, 0x53, 0x8D, 0xD1, 0x18,
    0xA3, 0x05, 0x9F, 0x2D, 0x68, 0x43, 0x80, 0x5E, 0x2D, 0x04, 0x5F, 0x3E, 0xF5, 0x34, 0xE2, 0x8B,
    0x35, 0xA1, 0x7F, 0x88, 0x83, 0xD0, 0xEE, 0x24, 0x0D, 0x99, 0xEF, 0x24, 0x47, 0x93, 0x6F, 0xBB,
    0x01, 0x5F, 0x9F, 0x1A, 0xEF, 0xBB, 0x23, 0x22, 0x13, 0x32, 0xF7, 0xDC, 0x71, 0x1E, 0x11, 0xB3,
    0x69, 0x8D, 0x73, 0xDD, 0x35, 0xA2, 0xD7, 0xD6, 0xCA, 0xD0, 0x78, 0x22, 0xB1, 0x53, 0x19, 0x3E,
    0x05, 0x5A, 0x0C, 0x68, 0x15, 0x35, 0x14, 0x6F, 0x7C, 0x86, 0x6C, 0x8C, 0x99, 0xC2, 0xDD, 0xF3,
    0x5E, 0x32, 0xA0, 0x99, 0x6D, 0xBD, 0x82, 0xB0, 0x50, 0x1C, 0xF7, 0xB5, 0xF4, 0x03, 0xB3, 0x64,
    0x0F, 0xCC, 0xD6, 0xAB, 0xE1, 0x2B, 0x65, 0x95, 0xD5, 0xAE, 0x38, 0x96, 0x9A, 0xFD, 0x85, 0xE0,
    0x97, 0x6E, 0xCE, 0x17, 0x73, 0xDE, 0x07, 0x1E, 0x51, 0xAE, 0xF1, 0x8B, 0xCA, 0x92, 0x5E, 0x65,
    0xD9, 0x18, 0x67, 0xA2, 0x61, 0x89, 0x22, 0x6B, 0x98, 0xBA, 0x40, 0x24, 0xAB, 0x25, 0x2C, 0x36,
    0x0F, 0xFF, 0x3E, 0xA0, 0x68, 0x8A, 0xE6, 0x20, 0x9F, 0xE2, 0xE4, 0x77, 0x90, 0x0B, 0xFA, 0x36,
    0x6C, 0x5E, 0xCF, 0xEB, 0x2B, 0x75, 0x78, 0xEA, 0xBB, 0x52, 0x0B, 0xFA, 0x36, 0x2C, 0x98, 0x3F,
    0x40, 0x6A, 0x11, 0xBB, 0x36, 0x70, 0x0E, 0xC9, 0xAF, 0x5D, 0x78, 0x54, 0x94, 0x1A, 0x3A, 0xAE,
    0x94, 0xB9, 0x0E, 0x7D, 0xBE, 0x8C, 0xA9, 0x0C, 0x6F, 0x84, 0x96, 0x83, 0x27, 0xBC, 0xCA, 0x12,
    0x21, 0x0D, 0x6B, 0xCE, 0x56, 0xE5, 0x5B, 0x64, 0xD1, 0x1A, 0x45, 0x55, 0x45, 0x5F, 0x3C, 0xE8,
    0xF7, 0x73, 0x3A, 0x8D, 0x7A, 0x90, 0x97, 0x98, 0x9A, 0x75, 0xD5, 0x83, 0x5C, 0x3D, 0xB0, 0xB2,
    0xB6, 0xE5, 0xCA, 0x81, 0xE5, 0xBA, 0x81, 0xBD, 0x2E, 0x05, 0xFA, 0xE2, 0x09, 0x8B, 0x90, 0x5C,
    0xAE, 0xC6, 0x42, 0x83, 0x45, 0x26, 0xC5, 0x81, 0x14, 0xA7, 0x56, 0x68, 0x38, 0xF1, 0xA0, 0xED,
    0x0B, 0xE9, 0xA6, 0x79, 0x74, 0x2C, 0xC6, 0xEA, 0xAA, 0x14, 0xEE, 0x56, 0x93, 0xA2, 0x1D, 0xD8,
    0x34, 0xF8, 0x09, 0x6D, 0xCA, 0x1B, 0xB1, 0x2C, 0x42, 0x62, 0x9C, 0x36, 0x95, 0xCD, 0xA4, 0xE2,
    0x2D, 0xA9, 0x58, 0x82, 0x2F, 0x70, 0xC2, 0x72, 0x79, 0x4D, 0xBA, 0x0C, 0x6D, 0x5F, 0xF8, 0xAE,
    0x8F, 0x77, 0x66, 0x72, 0xCB, 0xDB, 0x11, 0x1F, 0x20, 0x12, 0xB7, 0xCE, 0xCD, 0x2C, 0xC9, 0xBF,
    0x45, 0x3D, 0xA5, 0xFE, 0x6A, 0xC7, 0xFE, 0x78, 0x32, 0x0E, 0x64, 0xBC, 0x6C, 0x8E, 0x8A, 0x45,
    0x5B, 0x74, 0x6D, 0x71, 0xDC, 0x16, 0xCE, 0x97, 0x24, 0x22, 0xB6, 0x2D, 0xAA, 0xF6, 0x22, 0xCD,
    0xF1, 0x75, 0xE2, 0xB5, 0xC4, 0xCE, 0xA5, 0xDD, 0x9E, 0xEE, 0xD2, 0x93, 0x94, 0x74, 0x7B, 0xC4,
    0xC9, 0xD5, 0xEE, 0x01, 0xFD, 0xA2, 0xE5, 0xD3, 0xD5, 0x21, 0x4B, 0xDC, 0x1B, 0x59, 0x70, 0xE1,
    0x8B, 0x5C, 0x1F, 0x6B, 0x76, 0xEE, 0x3D, 0xD4, 0x8F, 0x1B, 0x79, 0x8E, 0x79, 0x44, 0x8F, 0x9B,
    0xD1, 0xBD, 0x87, 0x3D, 0xBE, 0x8A, 0x16, 0xA7, 0x13, 0xE3, 0x6A, 0xA9, 0x68, 0x06, 0x91, 0x09,
    0xCD, 0x80, 0x6F, 0xA9, 0x38, 0xD8, 0x9C, 0x0E, 0x16, 0xCB, 0x8F, 0x82, 0x7E, 0x40, 0x07, 0xFB,
    0x80, 0x52, 0x57, 0xF1, 0x3F, 0xA7, 0xF7, 0x64, 0x52, 0xFD, 0x12, 0x97, 0x3B, 0xF1, 0xE4, 0x46,
    0x7C, 0x9A, 0x08, 0xFF, 0x5C, 0xB0, 0x23, 0xF4, 0xD1, 0xCE, 0xDD, 0x74, 0x6E, 0x07, 0xDC, 0x83,
    0xCB, 0xD9, 0xD8, 0xDE, 0x79, 0xD8, 0xE3, 0x9B, 0x74, 0x4A, 0xAC, 0x7C, 0x53, 0x6C, 0xE8, 0x03,
    0x8C, 0x54, 0x0D, 0x8A, 0x92, 0x17, 0x5B, 0x94, 0x91, 0x04, 0x2E, 0x1F, 0x84, 0x7C, 0xFC, 0xD9,
    0x47, 0xEF, 0x93, 0x7D, 0xAC, 0xF2, 0xB1, 0x26, 0x91, 0x3B, 0xCD, 0x28, 0x4A, 0xC7, 0x2C, 0xCA,
    0x40, 0x0C, 0xC6, 0x47, 0xA3, 0x38, 0x5F, 0xC5, 0xA0, 0x58, 0x9C, 0xC2, 0x95, 0xC8, 0xBE, 0x3E,
    0xBA, 0x73, 0x21, 0x10, 0xA5, 0x93, 0x97, 0xC0, 0x3B, 0xD8, 0xBC, 0x4A, 0x4D, 0xFA, 0x72, 0xFD,
    0x2A, 0x71, 0xF5, 0x68, 0xB8, 0x43, 0xF7, 0x5B, 0x60, 0xC0, 0x27, 0x8C, 0x6F, 0x9B, 0xCF, 0x97,
    0xDD, 0x1F, 0x08, 0x9D, 0x85, 0xFA, 0x8B, 0x11, 0x60, 0xF8, 0x49, 0x6F, 0x46, 0x3E, 0xF0, 0x48,
    0x94, 0xF1, 0xB1, 0xA7, 0x27, 0x06, 0x10, 0x1F, 0x84, 0xFA, 0x38, 0x24, 0xA1, 0xA8, 0x51, 0xF8,
    0x07, 0xED, 0x53, 0x4B, 0x6E, 0xDB, 0x30, 0x14, 0x1C, 0x57, 0x86, 0x89, 0x82, 0x0B, 0x66, 0xD9,
    0x1D, 0x6F, 0x50, 0x5D, 0x20, 0x8A, 0x09, 0xF4, 0x00, 0xB9, 0x42, 0x8F, 0x91, 0x85, 0x5B, 0xF1,
    0x30, 0xDD, 0x14, 0xBD, 0x80, 0x02, 0x30, 0xE5, 0xBB, 0x41, 0x79, 0x04, 0xED, 0xB2, 0x8C, 0x17,
    0x02, 0xAA, 0xA0, 0x96, 0xD8, 0xA1, 0x65, 0x1B, 0xFD, 0x20, 0x3D, 0x41, 0xF9, 0x46, 0x10, 0xC9,
    0xF7, 0x9F, 0x27, 0xA9, 0x09, 0x75, 0x76, 0x1F, 0xB4, 0x84, 0x2A, 0x8D, 0x55, 0x4F, 0x70, 0xC3,
    0x63, 0x9D, 0xBD, 0x9A, 0x70, 0xD5, 0x21, 0x9C, 0x16, 0xB6, 0x40, 0x46, 0x95, 0xA1, 0xBF, 0xC1,
    0x1A, 0x34, 0x06, 0x39, 0xF7, 0x04, 0x0C, 0x08, 0x9A, 0x33, 0xCC, 0x35, 0xD0, 0x4C, 0xD8, 0x66,
    0xBF, 0xD6, 0x82, 0x4A, 0x76, 0x5A, 0xB6, 0xD9, 0xE9, 0x67, 0xA8, 0x25, 0xC9, 0xC6, 0x87, 0xCF,
    0xF8, 0x91, 0xDD, 0x54, 0xB2, 0xC9, 0x4E, 0x15, 0xAD, 0x7A, 0x66, 0x1C, 0x47, 0xA0, 0x06, 0xE8,
    0x3F, 0x62, 0xB5, 0x47, 0x95, 0xC0, 0x00, 0x16, 0xB8, 0x01, 0xE8, 0x4E, 0x33, 0x86, 0x6A, 0xB4,
    0xB7, 0x73, 0x89, 0x13, 0x94, 0x1C, 0x54, 0x6A, 0xB3, 0xE8, 0x09, 0x7A, 0xA4, 0x16, 0x9D, 0xF6,
    0xA3, 0x16, 0xDE, 0xD8, 0x47, 0xA1, 0xE7, 0xCE, 0x78, 0x5E, 0x52, 0xB5, 0xEA, 0x0B, 0xE8, 0xDE,
    0x66, 0xB7, 0xEC, 0x2F, 0x47, 0x1A, 0x10, 0x5C, 0xCB, 0x46, 0x79, 0xE3, 0x2C, 0xDE, 0xA2, 0x61,
    0x0D, 0x45, 0x1A, 0xA6, 0xB6, 0x30, 0x4E, 0x49, 0x73, 0x7C, 0x6B, 0xAF, 0xE4, 0x2C, 0xFA, 0x68,
    0xDB, 0xE0, 0x7E, 0x42, 0x64, 0x35, 0xC6, 0x07, 0xFD, 0x1B, 0xD4, 0x3F, 0x29, 0x35, 0xA9, 0x4D,
    0xDF, 0xD3, 0xBB, 0x54, 0xFD, 0x22, 0x4B, 0x17, 0x8C, 0x04, 0x82, 0x3C, 0x3C, 0xA0, 0xDA, 0xC3,
    0x7A, 0xB4, 0xD9, 0x47, 0xB6, 0x79, 0x64, 0xE0, 0x4E, 0x17, 0xED, 0xAB, 0x09, 0x2B, 0x72, 0xA5,
    0xA5, 0x2B, 0xFD, 0x7A, 0x32, 0xF0, 0x7F, 0x2E, 0x7F, 0xCE, 0x85, 0x5D, 0xD9, 0xEC, 0xD8, 0xEA,
    0x26, 0x4A, 0xFD, 0x45, 0xAE, 0xD9, 0x6D, 0x14, 0xF3, 0x28, 0x7A, 0xC0, 0x76, 0x46, 0x67, 0xD8,
    0x95, 0x67, 0x63, 0xDD, 0x1A, 0x4B, 0x35, 0x17, 0xF6, 0x07, 0x2D, 0x03, 0x27, 0x78, 0xAE, 0xF2,
    0x46, 0x89, 0xB9, 0xF5, 0xFA, 0x09, 0xD5, 0xA1, 0x80, 0x1B, 0x6B, 0x7C, 0x73, 0x9E, 0xD6, 0x1B,
    0x53, 0xA8, 0x8C, 0x39, 0x11, 0xA4, 0xAC, 0x29, 0xF3, 0x85, 0x1A, 0xD1, 0xA1, 0xE0, 0xA5, 0x6F,
    0x23, 0x00, 0x05, 0x35, 0x7F, 0x2B, 0x7C, 0x1D, 0x10, 0x13, 0xE2, 0x1E, 0xE1, 0x80, 0xF0, 0x11,
    0xC1, 0xBA, 0x70, 0x59, 0xF7, 0x63, 0xEB, 0xE2, 0x9C, 0x25, 0xD8, 0x2A, 0x05, 0xF3, 0xF7, 0xF3,
    0x52, 0xFC, 0xF3, 0xBD, 0x70, 0x18, 0x05, 0x86, 0x15, 0xBA, 0x87, 0x09, 0xA7, 0xBC, 0x80, 0x1D,
    0xE2, 0xD4, 0xAD, 0xDB, 0x4F, 0x9B, 0xF9, 0x7D, 0x1D, 0x67, 0x3B, 0xBC, 0x26, 0x8D, 0xB1, 0x6F,
    0x93, 0xC5, 0x49, 0x92, 0xEA, 0x7F, 0x02, 0x85, 0x56, 0xBF, 0x8F, 0xDC, 0x44, 0x14, 0x7E, 0x6B,
    0xE7, 0xE2, 0xC2, 0x41, 0xD3, 0x70, 0x5C, 0xC4, 0x21, 0xB9, 0x49, 0x81, 0x90, 0x0E, 0xA7, 0xA0,
    0xBC, 0xF3, 0xB8, 0x43, 0x22, 0x05, 0x5B, 0x9C, 0xB9, 0xE2, 0x8A, 0x34, 0xF4, 0x9B, 0x3F, 0x20,
    0x3E, 0x1B, 0x22, 0x21, 0xA1, 0x34, 0x57, 0x10, 0x51, 0xA1, 0xD0, 0xE7, 0x1F, 0xA0, 0xD8, 0x3D,
    0x4F, 0x48, 0x99, 0x22, 0xA3, 0xA0, 0x85, 0x32, 0x96, 0x72, 0x5B, 0x45, 0x28, 0x46, 0xF2, 0x4A,
    0xBB, 0xC1, 0xF6, 0xF0, 0xBD, 0xF1, 0x6E, 0xB2, 0x47, 0x22, 0xC5, 0x77, 0xEF, 0x9B, 0xF1, 0xF3,
    0x7B, 0xF3, 0x66, 0xDE, 0xAF, 0x59, 0xDA, 0x26, 0x72, 0x4D, 0x45, 0xC2, 0x34, 0x14, 0xE6, 0x13,
    0x92, 0x14, 0xE1, 0x8F, 0x28, 0xF5, 0x8D, 0x61, 0x8A, 0xFC, 0xE9, 0xA1, 0xF4, 0x15, 0x85, 0x77,
    0x15, 0x64, 0x4C, 0xE3, 0x80, 0xC8, 0x9F, 0x0E, 0x09, 0xBC, 0x9E, 0xA6, 0x87, 0x04, 0x39, 0x4B,
    0xF4, 0xC9, 0x75, 0xA8, 0x7E, 0x7A, 0x0B, 0xF0, 0xC5, 0xAF, 0x44, 0xBB, 0xAD, 0xA6, 0x81, 0x31,
    0x9A, 0xBC, 0xEE, 0xC5, 0x82, 0x44, 0xF9, 0xA8, 0x85, 0x89, 0x47, 0x92, 0xA4, 0xF3, 0x03, 0xD1,
    0x89, 0xFB, 0x01, 0xD1, 0xC4, 0xBD, 0x42, 0x34, 0xBE, 0x7C, 0x15, 0x70, 0xE5, 0x1A, 0xD1, 0xED,
    0x2B, 0xD0, 0x4F, 0xAF, 0xDE, 0xDA, 0xA2, 0xE8, 0xDA, 0xA9, 0xA4, 0xF0, 0xBA, 0x3A, 0x23, 0xF1,
    0xCF, 0xEF, 0x0D, 0x79, 0xE6, 0x65, 0xDD, 0x2F, 0x35, 0xB8, 0xDF, 0x62, 0xC3, 0x5F, 0xC1, 0x02,
    0xEB, 0x13, 0x05, 0xAD, 0xE5, 0x7B, 0xCB, 0xE3, 0x5A, 0x68, 0x6A, 0xC2, 0x98, 0x22, 0x6C, 0xFF,
    0x52, 0x8A, 0x4F, 0x63, 0xF7, 0x69, 0x3D, 0x76, 0x5F, 0x82, 0xBA, 0xE1, 0xC4, 0xAD, 0x29, 0x75,
    0xAB, 0x4B, 0xD2, 0x2D, 0xA3, 0xF0, 0x8E, 0x9E, 0x88, 0xE7, 0x4F, 0x1B, 0xCF, 0x98, 0x0A, 0xBA,
    0x8A, 0x82, 0x25, 0x39, 0xAB, 0xA3, 0x39, 0xF3, 0x64, 0xE8, 0xD4, 0x44, 0x6F, 0x11, 0x64, 0x2D,
    0x6D, 0x7C, 0xCF, 0xA0, 0xFA, 0x7F, 0x39, 0x1A, 0xD5, 0x2C, 0x4B, 0xDE, 0xB2, 0xC8, 0x85, 0xC2,
    0x5F, 0x8E, 0x2D, 0xC2, 0x5B, 0x85, 0xA9, 0x2D, 0xF1, 0xBB, 0x80, 0xD7, 0xD6, 0xEF, 0xC1, 0xCA,
    0x93, 0x22, 0x77, 0xD5, 0x28, 0x39, 0x56, 0x05, 0xF6, 0x53, 0x98, 0x8E, 0x8F, 0xA7, 0x01, 0x9E,
    0xA2, 0x83, 0xF0, 0x89, 0xC9, 0x23, 0x03, 0xDB, 0xF2, 0x4F, 0xF3, 0x73, 0x2D, 0xA9, 0xA3, 0x26,
    0xA2, 0x09, 0x43, 0x43, 0xE3, 0x03, 0x0B, 0x0E, 0x83, 0xCB, 0xE0, 0x31, 0x08, 0x0B, 0x63, 0xC0,
    0xE7, 0xB7, 0x01, 0x07, 0x00, 0xBA, 0xCD, 0xCE, 0x3A, 0x04, 0x89, 0x0A, 0x06, 0xC5, 0x82, 0xA1,
    0x61, 0x30, 0x0C, 0xCF, 0x72, 0xC0, 0x63, 0xED, 0xAB, 0x0C, 0x86, 0x16, 0x16, 0x82, 0x69, 0x7B,
    0x53, 0x0B, 0x75, 0x72, 0x91, 0x77, 0xFC, 0x02, 0x3C, 0xF7, 0x5F, 0x9C, 0x6C, 0x60, 0x00, 0x54,
    0x30, 0x48, 0x86, 0x40, 0x71, 0x78, 0xBE, 0x25, 0xCE, 0x8F, 0x31, 0xB5, 0x89, 0x01, 0x22, 0xA5,
    0x62, 0x46, 0x71, 0xD7, 0x94, 0xC0, 0xC7, 0x16, 0xBF, 0x6B, 0x63, 0x4E, 0x35, 0xE6, 0x17, 0x90,
    0x31, 0xA6, 0xB5, 0x58, 0xB2, 0x16, 0x36, 0xC8, 0xFC, 0x77, 0xE1, 0x59, 0xCC, 0x28, 0x2B, 0x46,
    0xBF, 0x62, 0x5B, 0x78, 0xD8, 0x18, 0x1E, 0xB6, 0x86, 0x87, 0xCD, 0xD9, 0x41, 0xE4, 0x61, 0xCD,
    0xC3, 0x43, 0x78, 0x12, 0xC3, 0x9D, 0xE5, 0x28, 0xC7, 0xB7, 0x2F, 0xB5, 0x9F, 0xB7, 0x49, 0xE1,
    0x69, 0xAB, 0xE7, 0x2E, 0x78, 0x40, 0x02, 0x40, 0xD2, 0xAD, 0x68, 0xD7, 0xC4, 0x8D, 0x03, 0x56,
    0xA8, 0x1A, 0x36, 0xE7, 0x63, 0xC0, 0xD1, 0x79, 0x90, 0xDE, 0x7C, 0x84, 0x21, 0xF8, 0x1E, 0x61,
    0xC5, 0x62, 0x0A, 0x11, 0x8E, 0xC8, 0xAB, 0x28, 0x92, 0xD8, 0x07, 0xA5, 0x21, 0x89, 0x9A, 0xC6,
    0x41, 0x0C, 0x6F, 0x36, 0xB0, 0x3B, 0xA6, 0x5A, 0x1A, 0x7E, 0x7A, 0xDC, 0x99, 0xA5, 0xD9, 0x51,
    0xED, 0x96, 0xE3, 0xC0, 0xD5, 0x9B, 0xFC, 0xED, 0x57, 0xF3, 0xE3, 0x67, 0x3F, 0xD1, 0xAB, 0xCA,
    0x7B, 0x12, 0x53, 0x51, 0xBA, 0x2F, 0x91, 0x4E, 0xDA, 0xC5, 0x29, 0xA4, 0x72, 0x3A, 0xC6, 0x01,
    0xD2, 0x3C, 0xCC, 0x61, 0xD0, 0x98, 0xDA, 0x87, 0x6B, 0x3B, 0x5F, 0xB5, 0x49, 0xC6, 0xFB, 0x09,
    0x6E, 0xA8, 0x66, 0x9B, 0x21, 0x7A, 0x17, 0x6C, 0x41, 0x24, 0xE2, 0xED, 0xCB, 0x04, 0xBB, 0x86,
    0xB1, 0x18, 0xD0, 0x72, 0xDC, 0x73, 0x94, 0x28, 0x12, 0x10, 0x84, 0xF9, 0xA0, 0x13, 0xB9, 0x30,
    0x4F, 0xF2, 0x70, 0x6A, 0x72, 0x14, 0x24, 0x0A, 0x3F, 0x40, 0x44, 0x44, 0xDE, 0xAC, 0x88, 0xE7,
    0x29, 0x78, 0xFC, 0x8D, 0x65, 0x58, 0x96, 0x75, 0x68, 0xF5, 0x6C, 0x27, 0x09, 0xF1, 0xE2, 0x4C,
    0x34, 0x28, 0x4E, 0x29, 0x40, 0x24, 0xB2, 0x7B, 0x08, 0x21, 0xD1, 0x00, 0x6E, 0xF4, 0xE6, 0x09,
    0x7F, 0x53, 0xA0, 0xDC, 0x2D, 0x71, 0x20, 0xEC, 0x41, 0x42, 0x64, 0x67, 0x3E, 0xEC, 0xEB, 0xC4,
    0x86, 0x94, 0x3E, 0x24, 0x39, 0x1D, 0xDB, 0xDE, 0x33, 0x28, 0xB4, 0x83, 0x2E, 0xC4, 0x20, 0x63,
    0x40, 0x47, 0x4E, 0x85, 0x10, 0x39, 0x95, 0x28, 0x01, 0x32, 0x07, 0x74, 0x5C, 0x72, 0x08, 0xBC,
    0x85, 0x1D, 0xD3, 0x25, 0xB1, 0x63, 0x32, 0x94, 0x5D, 0x13, 0x70, 0x1D, 0xFA, 0x2C, 0x87, 0x2A,
    0x87, 0x6E, 0xC3, 0x90, 0x31, 0x84, 0xB9, 0x5D, 0x94, 0xAB, 0x87, 0x29, 0xB9, 0x79, 0x6F, 0xD8,
    0x97, 0x20, 0xD3, 0x8F, 0x20, 0xF6, 0xF2, 0x39, 0x2A, 0x36, 0x27, 0xF7, 0xFE, 0x2F, 0xFD, 0x7B,
    0xA6, 0xD1, 0x10, 0x61, 0xEF, 0xEB, 0xB5, 0xDC, 0x06, 0x05, 0xEB, 0xF3, 0xBF, 0x3D, 0xC9, 0xCC,
    0xA9, 0x1D, 0x85, 0xB1, 0xEE, 0x46, 0x0A, 0x15, 0x49, 0x91, 0xAF, 0x64, 0x84, 0x5E, 0x4D, 0x90,
    0x69, 0x58, 0x1F, 0x13, 0xA7, 0x76, 0x39, 0x77, 0xA1, 0xBE, 0x10, 0xB3, 0xA2, 0x9F, 0x84, 0x31,
    0xF2, 0x97, 0x27, 0x92, 0x7B, 0x04, 0x4F, 0x38, 0x92, 0x76, 0x72, 0x80, 0x49, 0x80, 0xF4, 0x58,
    0xA4, 0xC4, 0x05, 0x49, 0x83, 0xFA, 0x04, 0x93, 0x71, 0x18, 0xBB, 0x55, 0x06, 0xE1, 0x45, 0xA8,
    0xBD, 0x32, 0x83, 0xFA, 0x24, 0x5B, 0x8E, 0x54, 0x86, 0x05, 0x65, 0x83, 0x74, 0x4D, 0xB9, 0x57,
    0x97, 0xC1, 0x02, 0x59, 0x5A, 0xF6, 0xBB, 0x4C, 0xD7, 0xDB, 0x7D, 0xCF, 0xC4, 0xE3, 0x43, 0x78,
    0xDC, 0x1C, 0xBD, 0xD9, 0x71, 0x45, 0x9E, 0x46, 0xD0, 0x38, 0x73, 0x63, 0x0B, 0xBB, 0xB3, 0xA4,
    0xBD, 0xF0, 0xFA, 0xCD, 0x72, 0x25, 0x67, 0x35, 0xB8, 0x7F, 0x79, 0xB6, 0x7D, 0xBD, 0x03, 0x88,
    0xF4, 0x1A, 0x9C, 0x73, 0xEB, 0xB7, 0xD8, 0x76, 0x57, 0xF2, 0xE7, 0x7F, 0x21, 0xB9, 0x95, 0xC6,
    0xCA, 0xA4, 0x33, 0xD4, 0x98, 0xFE, 0x0C, 0x5B, 0xD1, 0x5C, 0xFF, 0x16, 0xA6, 0x89, 0xED, 0x13,
    0x71, 0x4A, 0x7C, 0x32, 0xD2, 0x21, 0xCB, 0x85, 0x28, 0x79, 0x1D, 0xC1, 0xBF, 0x50, 0xB3, 0xB7,
    0xCC, 0x80, 0x3B, 0x09, 0x85, 0xDD, 0x05, 0x43, 0x16, 0xB8, 0xE0, 0xC9, 0xE3, 0xBC, 0x13, 0x67,
    0x1C, 0x8B, 0x11, 0x20, 0x0C, 0xD0, 0x30, 0x22, 0x8E, 0x6C, 0x0A, 0x47, 0xF3, 0x61, 0x72, 0x0B,
    0x1F, 0x2D, 0x8F, 0xE6, 0x88, 0x15, 0x32, 0xF9, 0x0D, 0x2F, 0x98, 0x26, 0x67, 0x1C, 0x17, 0x49,
    0x50, 0x42, 0x5D, 0x90, 0x2D, 0x0F, 0xE6, 0x14, 0x35, 0x32, 0xC6, 0x90, 0x98, 0x67, 0xB6, 0xE7,
    0x6F, 0x21, 0x55, 0xB6, 0x93, 0xD1, 0x29, 0xF2, 0xB4, 0x62, 0xEA, 0xB3, 0xA3, 0x9F, 0x63, 0x91,
    0xA1, 0x4D, 0x24, 0x34, 0xDC, 0x80, 0xA5, 0x67, 0x99, 0xF2, 0xF8, 0xE6, 0x2C, 0xB8, 0x28, 0x14,
    0x6D, 0x42, 0x80, 0x43, 0xAC, 0xAE, 0x4F, 0xDC, 0x7E, 0xA2, 0x7C, 0xC8, 0x6D, 0x53, 0x9D, 0xC0,
    0xB2, 0x92, 0x74, 0xC2, 0x22, 0x29, 0xC3, 0xF8, 0x22, 0x58, 0x5E, 0x44, 0xEA, 0xE3, 0x5E, 0x2E,
    0x50, 0x6A, 0x82, 0x9D, 0x3D, 0x6A, 0x78, 0x8B, 0x15, 0x5F, 0x3C, 0xB0, 0x7E, 0xF9, 0x7C, 0xD3,
    0xD0, 0xEB, 0xEA, 0x48, 0x92, 0x21, 0xD3, 0xFA, 0xFD, 0xAD, 0xEC, 0x7F, 0x0F, 0x85, 0xAB, 0x7A,
    0xDF, 0x1E, 0xC1, 0x0E, 0x12, 0x9D, 0x1C, 0xEB, 0x3E, 0xCB, 0xB3, 0x45, 0xBF, 0x8B, 0xDA, 0xC6,
    0x71, 0x24, 0xCE, 0x85, 0x92, 0xE5, 0x1E, 0x8A, 0xE2, 0xC5, 0x1E, 0x38, 0x58, 0x32, 0x7E, 0xC3,
    0x1C, 0x0C, 0x6D, 0xAA, 0x78, 0x3A, 0x26, 0xEF, 0x05, 0xE7, 0x53, 0x4E, 0x23, 0xEE, 0xD6, 0x78,
    0x7F, 0x70, 0xE1, 0x9D, 0xE8, 0x01, 0xAE, 0x23, 0x4F, 0x8B, 0xDC, 0xD3, 0x01, 0x48, 0x42, 0xA7,
    0x80, 0x0E, 0xFF, 0x60, 0x40, 0x32, 0x76, 0x58, 0x93, 0x9B, 0xCF, 0x9A, 0x76, 0x6D, 0xCB, 0xCF,
    0xE1, 0x88, 0x52, 0xFC, 0xF1, 0xBC, 0x0E, 0xEE, 0x94, 0x4D, 0x88, 0xD6, 0x1C, 0xB9, 0x65, 0x0A,
    0x8A, 0x0E, 0x36, 0xC8, 0x35, 0x5D, 0xCC, 0x0E, 0x73, 0x67, 0x47, 0x0D, 0x54, 0x5B, 0xD0, 0x09,
    0x28, 0x5A, 0x8D, 0xED, 0x11, 0xF8, 0xBD, 0x9F, 0x20, 0x87, 0xA5, 0x8F, 0x66, 0xB1, 0xBD, 0xC3,
    0x98, 0x36, 0x4D, 0xD2, 0xDE, 0x3E, 0x11, 0x6E, 0x61, 0xCA, 0x3A, 0xCE, 0x72, 0xE5, 0xB7, 0xB2,
    0x0A, 0xFE, 0x3E, 0x58, 0x84, 0x7B, 0xFB, 0x8D, 0xDC, 0xDB, 0x4F, 0xA3, 0xBD, 0xFD, 0xC8, 0x12,
    0x91, 0xFD, 0xD9, 0x15, 0xF6, 0x9D, 0x9A, 0x7C, 0x9C, 0x6D, 0xA7, 0x4D, 0x0E, 0xE1, 0xBB, 0x8E,
    0xC9, 0xD9, 0xC2, 0x7A, 0x37, 0x7A, 0xEA, 0xED, 0x34, 0xF6, 0xD6, 0xC3, 0xF5, 0x84, 0x7B, 0x31,
    0x58, 0x91, 0x04, 0xAF, 0xE5, 0x5B, 0xCD, 0xDE, 0xAA, 0x68, 0xC8, 0x31, 0x5F, 0x58, 0x8D, 0xBD,
    0xCD, 0x98, 0x04, 0xEE, 0x90, 0x22, 0xC7, 0x72, 0xF8, 0x7E, 0xFE, 0x7A, 0xBD, 0x01, 0xD6, 0x1E,
    0x74, 0x68, 0x5C, 0x5A, 0xFE, 0xAC, 0xB0, 0xD5, 0xDF, 0xD6, 0xFF, 0x98, 0x83, 0x03, 0xFE, 0xA0,
    0xEB, 0x7B, 0x3E, 0x52, 0xA3, 0xC6, 0xFF, 0x7F, 0xB5, 0x56, 0xBD, 0x96, 0xDB, 0x44, 0x14, 0xBE,
    0x92, 0x38, 0xEB, 0xC2, 0x85, 0x28, 0xE0, 0x1C, 0x3A, 0x51, 0xA4, 0xA0, 0xD8, 0xC4, 0x5B, 0x50,
    0x26, 0x2B, 0xF1, 0x06, 0x5B, 0xC4, 0x15, 0x4D, 0x0A, 0x1E, 0x81, 0x82, 0x62, 0x63, 0x8B, 0xC3,
    0xA1, 0x77, 0x43, 0xCF, 0x1B, 0xD0, 0xA4, 0x70, 0xB1, 0xC1, 0x02, 0x5E, 0xC0, 0x8F, 0x20, 0x92,
    0x0E, 0x0A, 0x14, 0x32, 0x85, 0x48, 0xE4, 0x9D, 0xDC, 0xEF, 0xBB, 0xD2, 0x58, 0xEB, 0x9C, 0x85,
    0x75, 0xC1, 0x1C, 0xFB, 0x9B, 0xDD, 0x99, 0xFB, 0x3F, 0xF7, 0xC7, 0x22, 0x58, 0x51, 0xAD, 0x30,
    0x69, 0x14, 0xB2, 0x4A, 0x21, 0xC7, 0x59, 0xA7, 0xDF, 0x04, 0x47, 0xE9, 0xF7, 0xF3, 0xF9, 0x45,
    0xEE, 0xBD, 0x6F, 0x09, 0x69, 0x35, 0x5C, 0xC8, 0x0E, 0x90, 0x17, 0xA0, 0xD9, 0x86, 0xC3, 0xAD,
    0x0C, 0x0B, 0x17, 0x31, 0xCE, 0xA6, 0x90, 0x95, 0x79, 0x85, 0xC5, 0x5F, 0x95, 0x44, 0xFF, 0xBC,
    0x6E, 0x64, 0xF2, 0xFB, 0xAB, 0x4E, 0xB2, 0x5F, 0x9A, 0xA5, 0x2C, 0xA3, 0x26, 0x2B, 0x4F, 0xA3,
    0x66, 0xA2, 0x66, 0x80, 0xF8, 0xAE, 0x60, 0xEB, 0xA1, 0x0C, 0xF6, 0x8E, 0xEC, 0xEA, 0xEC, 0xF0,
    0xE3, 0xF9, 0x7C, 0x5A, 0xA9, 0xC9, 0xBE, 0x01, 0xC0, 0xC5, 0xB4, 0x84, 0x0D, 0x90, 0xD0, 0xC2,
    0x61, 0x1C, 0x65, 0xE5, 0x20, 0xE0, 0x74, 0x90, 0x79, 0x8C, 0x19, 0x34, 0x9C, 0x2E, 0x64, 0xDF,
    0xAA, 0x33, 0x74, 0x8B, 0x0E, 0xD2, 0x55, 0x73, 0x7A, 0xD2, 0x0D, 0x81, 0x60, 0x48, 0x82, 0x1A,
    0x8D, 0xD4, 0x8F, 0x16, 0x77, 0x9A, 0x83, 0xD0, 0x2F, 0x7A, 0x63, 0x60, 0x55, 0x67, 0x26, 0xD2,
    0x25, 0x25, 0xC0, 0x33, 0xCC, 0x1F, 0x2F, 0x04, 0x8F, 0xA0, 0xAB, 0xEC, 0xF7, 0x82, 0x7E, 0xCB,
    0x53, 0xA3, 0x8B, 0x9D, 0xBD, 0xCA, 0x74, 0x6B, 0x0F, 0x33, 0x2B, 0xEC, 0x6D, 0x9E, 0x5B, 0x6C,
    0x22, 0x07, 0x5A, 0x95, 0x7D, 0x31, 0x36, 0x42, 0x26, 0x38, 0xCE, 0xC0, 0xB7, 0xF4, 0x85, 0x44,
    0x6F, 0xFE, 0xDC, 0xCA, 0xE4, 0xEF, 0x97, 0x4E, 0xB2, 0x5F, 0xEB, 0x9D, 0xE4, 0x71, 0x9D, 0x17,
    0x0F, 0xE3, 0x3A, 0x55, 0xE9, 0x08, 0xD8, 0x31, 0x70, 0x0A, 0xB6, 0x25, 0x04, 0x50, 0xD4, 0xE4,
    0xC5, 0x0B, 0x67, 0xE2, 0x35, 0x3A, 0x45, 0xAF, 0x92, 0xCA, 0xA3, 0xED, 0x28, 0x30, 0xDE, 0x5F,
    0xDB, 0x57, 0x49, 0xDE, 0xEA, 0xC5, 0x6B, 0xA5, 0x70, 0x4A, 0xEA, 0xD4, 0x23, 0xA7, 0xDE, 0xB8,
    0xC4, 0x89, 0x53, 0x37, 0x9D, 0xBA, 0x78, 0x41, 0xF7, 0x92, 0x6A, 0xE0, 0x9D, 0x78, 0xEF, 0xF0,
    0x55, 0xB7, 0xF5, 0x9B, 0x3F, 0xD3, 0x70, 0x3C, 0x93, 0xC4, 0x39, 0x25, 0x03, 0x39, 0xD9, 0xC0,
    0x0E, 0x31, 0x2A, 0xEE, 0xE2, 0xFE, 0x48, 0xEF, 0x7D, 0xCB, 0xE6, 0x27, 0x07, 0x2A, 0x8C, 0x17,
    0x32, 0x20, 0x4B, 0x72, 0xDD, 0xA7, 0x6E, 0xAF, 0x07, 0x2B, 0xA9, 0x9E, 0xDC, 0xA2, 0x00, 0x76,
    0xC3, 0x7E, 0xF8, 0xE1, 0x47, 0xBE, 0x61, 0xCD, 0x4A, 0xDB, 0x1C, 0x13, 0x23, 0xDA, 0x59, 0x1D,
    0xE6, 0x56, 0x89, 0x99, 0x25, 0x44, 0x5A, 0xC8, 0x52, 0xB8, 0xB1, 0x86, 0xEC, 0x95, 0x73, 0x26,
    0xB2, 0x32, 0x30, 0x07, 0x9C, 0x6D, 0xA5, 0x55, 0xC0, 0x50, 0x03, 0x7D, 0x75, 0xF6, 0xF5, 0xD9,
    0x57, 0xE8, 0xFE, 0x72, 0x1C, 0xEF, 0xE8, 0x39, 0xB7, 0xA9, 0x31, 0xCC, 0x56, 0xDC, 0xCE, 0x2D,
    0xAA, 0x57, 0x66, 0x8D, 0x6E, 0x51, 0xC7, 0x0D, 0xE6, 0x5C, 0x59, 0xB6, 0x9E, 0x5B, 0xF2, 0x92,
    0xA1, 0x93, 0x29, 0xD3, 0x51, 0xA2, 0x8D, 0x1F, 0xFC, 0x63, 0x56, 0xF7, 0x65, 0x16, 0xBC, 0xFD,
    0x99, 0x18, 0xDF, 0xB8, 0x8A, 0x4B, 0x39, 0x58, 0x67, 0xC4, 0x66, 0x6F, 0x71, 0x4A, 0xA4, 0xA3,
    0x85, 0x21, 0x4E, 0xD2, 0x22, 0x21, 0x8A, 0xE1, 0x19, 0x51, 0x8E, 0x47, 0x0B, 0x4D, 0xFF, 0x94,
    0x7B, 0xA5, 0x5A, 0xB8, 0x1B, 0x3A, 0x65, 0xA8, 0x6E, 0x27, 0x1D, 0xB1, 0x21, 0x56, 0x44, 0x0B,
    0xC7, 0x31, 0xF8, 0xD5, 0xDD, 0x28, 0x4D, 0x72, 0xAF, 0x85, 0x1A, 0x0F, 0xEC, 0x11, 0xDA, 0x13,
    0xAC, 0x4D, 0x18, 0xC5, 0xF8, 0x46, 0x1C, 0x37, 0xC8, 0x0B, 0x42, 0xDF, 0xFC, 0x8E, 0x81, 0x93,
    0x9F, 0xFE, 0x28, 0x24, 0xA1, 0x22, 0x0F, 0x3D, 0x79, 0x13, 0xDA, 0xEC, 0x48, 0xC5, 0x89, 0xFC,
    0x47, 0x7C, 0xCF, 0xF6, 0x2F, 0x64, 0xAF, 0x65, 0x2F, 0x77, 0xF8, 0x96, 0x21, 0x37, 0x9B, 0x51,
    0x06, 0x8C, 0xD7, 0x47, 0x80, 0xAF, 0x91, 0x57, 0x2E, 0xF4, 0x2C, 0xBF, 0x42, 0x52, 0xA8, 0x71,
    0xE9, 0x1B, 0xED, 0x16, 0x89, 0x43, 0xC9, 0x38, 0xC8, 0xF9, 0x1C, 0x44, 0x1F, 0x48, 0x1B, 0x22,
    0x7A, 0x89, 0x49, 0x71, 0xF9, 0x08, 0x80, 0xBC, 0x6D, 0x33, 0xC8, 0x51, 0x67, 0x92, 0x5A, 0xC9,
    0xD3, 0x2A, 0xBA, 0xFE, 0x62, 0x03, 0x51, 0xCA, 0x70, 0xE2, 0x57, 0x83, 0xCA, 0x4F, 0xC3, 0x5C,
    0x98, 0x11, 0x2A, 0xDC, 0x36, 0x68, 0x93, 0xAD, 0x44, 0x7E, 0xA3, 0x63, 0xCC, 0xE9, 0x59, 0x5A,
    0x3D, 0x50, 0x53, 0x8A, 0xCF, 0x50, 0x34, 0x1F, 0x8A, 0x3C, 0x0A, 0x73, 0xE9, 0x36, 0x95, 0xCD,
    0xFB, 0x2A, 0x11, 0xF3, 0x55, 0x98, 0x97, 0xF5, 0x50, 0x2F, 0xA8, 0x96, 0x18, 0x53, 0x17, 0xD5,
    0xD5, 0xA2, 0x9B, 0xB3, 0x1D, 0xB0, 0xAF, 0xB3, 0xE2, 0x5A, 0xDE, 0x5A, 0x55, 0x91, 0x83, 0xBC,
    0x36, 0x6C, 0x82, 0x1B, 0xF2, 0x89, 0xF4, 0x73, 0x6F, 0x4C, 0xD3, 0x6A, 0x23, 0xF2, 0x3B, 0xE1,
    0x03, 0xE8, 0xA8, 0xFC, 0xD2, 0x46, 0x38, 0xFF, 0xE2, 0x19, 0x6F, 0x6D, 0xA4, 0x8C, 0x2C, 0x5A,
    0x04, 0x79, 0xC3, 0x5A, 0x05, 0xCB, 0x03, 0xE9, 0xAE, 0xA7, 0xCE, 0x7B, 0x17, 0xD4, 0xE9, 0x98,
    0xED, 0xA1, 0xE9, 0xDB, 0x44, 0x27, 0xB3, 0x1F, 0x74, 0x9C, 0xCD, 0x97, 0xE6, 0x8E, 0x76, 0x93,
    0xE1, 0xFF, 0xE1, 0x7E, 0xA0, 0x1F, 0xF8, 0x83, 0x3C, 0xC8, 0xEF, 0x07, 0x6A, 0x70, 0x13, 0x86,
    0x69, 0xE4, 0xBF, 0x91, 0xE8, 0x5A, 0x27, 0x40, 0x99, 0xF9, 0x1A, 0x2F, 0x74, 0x29, 0xF8, 0x5C,
    0x69, 0x96, 0x34, 0xFA, 0x39, 0xFC, 0x3B, 0x7C, 0xEE, 0x8D, 0xFE, 0xFE, 0x57, 0x62, 0x95, 0xA9,
    0x92, 0x55, 0xBE, 0x6A, 0x51, 0x5D, 0xAA, 0xD1, 0x2A, 0x79, 0xCD, 0x64, 0x5D, 0x33, 0x71, 0xD7,
    0x4C, 0xE2, 0x35, 0x13, 0x7A, 0x8D, 0xE4, 0xDE, 0xF6, 0x98, 0x8E, 0x6E, 0x8D, 0x92, 0x5C, 0x8F,
    0xF7, 0x5D, 0x18, 0x2D, 0xBD, 0x4C, 0xB6, 0x98, 0x02, 0xC4, 0x8E, 0xE8, 0x93, 0x2D, 0xAA, 0xFD,
    0x37, 0xE2, 0x77, 0x38, 0xB9, 0xE6, 0x79, 0x3B, 0xA2, 0x24, 0x97, 0xEE, 0xC5, 0xCD, 0x9A, 0xE4,
    0x4F, 0x1B, 0x59, 0xD6, 0x6C, 0xC5, 0xF6, 0x83, 0xE7, 0x9C, 0xC7, 0x28, 0xEE, 0x85, 0x66, 0x3E,
    0x3B, 0x74, 0xCB, 0x2E, 0x7C, 0x8E, 0x9F, 0x2A, 0x53, 0x5F, 0x2E, 0x81, 0xB5, 0x0E, 0x9A, 0x69,
    0x29, 0x77, 0x43, 0x36, 0x17, 0xC3, 0xFF, 0x51, 0xFB, 0xFB, 0x5A, 0xAC, 0xED, 0x8C, 0xCE, 0x6F,
    0xA1, 0x7F, 0x07, 0xDD, 0x94, 0x3D, 0x72, 0xDB, 0x30, 0x10, 0x85, 0x1F, 0xC8, 0x89, 0x59, 0xB0,
    0x80, 0x1B, 0x27, 0x85, 0x0B, 0xE6, 0x00, 0x19, 0xB3, 0x49, 0x69, 0x09, 0xEC, 0x52, 0xA4, 0x49,
    0x61, 0x9E, 0x22, 0x85, 0x2E, 0x20, 0x87, 0xBC, 0x81, 0xD3, 0xA4, 0xF7, 0x11, 0x9C, 0xCE, 0x99,
    0x91, 0x45, 0x1C, 0x01, 0xB9, 0x01, 0x0B, 0x1F, 0x80, 0x33, 0x61, 0x26, 0xD4, 0x44, 0x12, 0xBC,
    0x8B, 0x1F, 0xE5, 0xA7, 0xCC, 0xC4, 0x8D, 0x39, 0x5A, 0x6A, 0xB5, 0x5A, 0x80, 0x0F, 0x1F, 0x1E,
    0x08, 0x00, 0x99, 0x35, 0x14, 0x13, 0x84, 0xD8, 0xD1, 0x2F, 0x45, 0x51, 0x54, 0xE8, 0xAE, 0xDA,
    0xCC, 0x5A, 0x2D, 0xFB, 0x46, 0x97, 0xAD, 0xD4, 0x0A, 0x1C, 0x79, 0xF8, 0x96, 0xBA, 0x84, 0x6C,
    0x8B, 0xB6, 0xAC, 0x64, 0xBF, 0x46, 0x6A, 0xB7, 0x40, 0x63, 0xE0, 0xAE, 0xC5, 0xFD, 0x79, 0x62,
    0xF7, 0x37, 0xD2, 0x5A, 0x53, 0x9A, 0xC2, 0x28, 0x94, 0xC3, 0x07, 0x7C, 0x1E, 0x2F, 0x13, 0x3D,
    0x2D, 0x73, 0x4C, 0xB3, 0x57, 0x62, 0x54, 0x37, 0xE9, 0x50, 0x98, 0xA2, 0xA7, 0x1E, 0x3D, 0xB7,
    0x16, 0x37, 0xE5, 0xBD, 0x1F, 0x9B, 0x4E, 0xAC, 0x86, 0x26, 0x43, 0xCE, 0x4A, 0xE4, 0x9E, 0xA5,
    0x34, 0xAC, 0x89, 0x04, 0x61, 0x2E, 0x35, 0xB0, 0xCA, 0xE9, 0xB6, 0xCD, 0x0C, 0xC4, 0x94, 0x0E,
    0x48, 0x86, 0x64, 0x40, 0x3A, 0x88, 0x09, 0x54, 0xD9, 0x92, 0x3C, 0xDC, 0x91, 0x36, 0xCC, 0x51,
    0x7C, 0xAA, 0x1B, 0x28, 0x6B, 0x6D, 0xC5, 0xB7, 0x96, 0x27, 0xEF, 0xAC, 0x1D, 0x38, 0x56, 0x34,
    0xEA, 0x7F, 0xC4, 0x05, 0xC4, 0xBB, 0x30, 0x6F, 0xCF, 0xA1, 0x48, 0xA2, 0x24, 0x08, 0xD9, 0x00,
    0x08, 0x5E, 0xC3, 0x9A, 0xA2, 0x6C, 0x7D, 0x31, 0xE5, 0xE2, 0xE4, 0xBF, 0xF9, 0x37, 0x37, 0xAF,
    0x7D, 0x1F, 0xF7, 0xF3, 0xCA, 0xB8, 0x44, 0xF3, 0x8C, 0x1C, 0x27, 0x75, 0xCD, 0xB9, 0x0B, 0x3F,
    0x28, 0xED, 0xA9, 0x53, 0xFB, 0x4E, 0x49, 0x9D, 0x45, 0xD8, 0xA9, 0x19, 0xC5, 0x12, 0x56, 0x4F,
    0x14, 0x23, 0xD2, 0xAF, 0xC4, 0xE4, 0x5B, 0x0F, 0xF1, 0x83, 0x9E, 0x61, 0xA9, 0xB5, 0x6B, 0xFD,
    0xC4, 0x25, 0x90, 0xEC, 0x71, 0x3A, 0xA1, 0xB0, 0xA6, 0xB3, 0x50, 0x6F, 0x7E, 0xEE, 0x0A, 0xBD,
    0x82, 0xED, 0x33, 0xB3, 0x85, 0xD2, 0xA9, 0x59, 0x85, 0x3B, 0x57, 0xFC, 0xBF, 0x05, 0x2F, 0x2B,
    0x8C, 0x02, 0x2A, 0xDA, 0x47, 0x74, 0x03, 0x41, 0xC6, 0x08, 0xF1, 0x4F, 0x9F, 0x17, 0x03, 0x9A,
    0x1E, 0x4D, 0x45, 0xDA, 0x55, 0xA5, 0xAA, 0x02, 0xBF, 0xAE, 0x58, 0x11, 0x8C, 0x6C, 0xC8, 0xDB,
    0x66, 0x2F, 0xDB, 0xA9, 0xB4, 0x18, 0xB3, 0x9D, 0xFF, 0xDF, 0x1C, 0x55, 0x6A, 0x92, 0xED, 0x5D,
    0xB3, 0xA8, 0x46, 0x69, 0x71, 0x9D, 0x90, 0x26, 0x41, 0x58, 0x12, 0xC2, 0x92, 0x6A, 0x34, 0xC4,
    0x89, 0xE3, 0x64, 0x51, 0x03, 0x67, 0x07, 0x2C, 0x87, 0xFA, 0xF3, 0xEF, 0x35, 0x52, 0xE3, 0x09,
    0x86, 0x27, 0x56, 0x64, 0xF9, 0x2A, 0xB1, 0x1B, 0x34, 0x3B, 0x8F, 0xA9, 0xD9, 0x00, 0x47, 0x74,
    0x0A, 0x90, 0x5B, 0x06, 0x56, 0x71, 0x57, 0xD8, 0x87, 0x8A, 0x83, 0x7F, 0x7F, 0xE1, 0xFD, 0x26,
    0xB3, 0x9E, 0xDA, 0x8F, 0xE4, 0x74, 0xB2, 0xA7, 0xA0, 0x3A, 0xE9, 0x3C, 0xA5, 0x13, 0xD4, 0x8D,
    0x20, 0xF7, 0xF9, 0xEB, 0xEF, 0x71, 0xC7, 0xA1, 0xDE, 0x59, 0xEF, 0xF4, 0xE2, 0x60, 0xCA, 0x7B,
    0x2C, 0x9C, 0xE9, 0x37, 0x3C, 0x97, 0x5B, 0x29, 0xDF, 0x48, 0x66, 0x83, 0xB0, 0xF3, 0x93, 0x1B,
    0xB1, 0x75, 0x39, 0x5D, 0x73, 0x76, 0x39, 0x17, 0x0B, 0x3A, 0x81, 0x2E, 0x91, 0x9A, 0x51, 0xB2,
    0xB9, 0xF4, 0x3C, 0x24, 0xFD, 0xB9, 0x4F, 0xC4, 0xB0, 0xF4, 0x09, 0x86, 0xDB, 0x90, 0x8C, 0xB7,
    0x78, 0x56, 0x6F, 0xEA, 0x8A, 0x13, 0x3E, 0x1B, 0xFD, 0x1F, 0x49, 0xE8, 0x39, 0x8C, 0x5A, 0xC6,
    0x79, 0x66, 0x3E, 0x49, 0x86, 0xB3, 0xF0, 0x08, 0x13, 0x1E, 0x9A, 0xE9, 0x28, 0xA3, 0xCD, 0xFC,
    0x2B, 0xA0, 0xA4, 0x2E, 0x97, 0x5C, 0xB2, 0x6C, 0x78, 0xE3, 0xB3, 0x09, 0xBD, 0xD5, 0x7B, 0x6E,
    0xA1, 0x25, 0xA4, 0x7B, 0xE7, 0x49, 0x30, 0xF9, 0x9A, 0xE1, 0x31, 0xF9, 0xC0, 0x0B, 0xEF, 0x19,
    0x30, 0x1E, 0x05, 0x1D, 0x22, 0x3A, 0x44, 0x74, 0x88, 0xE8, 0x10, 0xD1, 0x21, 0xA2, 0x43, 0x44,
    0x07, 0x8F, 0x0E, 0x75, 0x7D, 0xE1, 0x92, 0xC4, 0xF2, 0x4B, 0xEF, 0xF7, 0x24, 0xF4, 0x1C, 0x46,
    0x2D, 0xE3, 0x3C, 0x33, 0x9F, 0x78, 0x74, 0x88, 0xE8, 0x10, 0xD1, 0xE1, 0x29, 0xA0, 0xBB, 0xC6,
    0x6B, 0x87, 0x8E, 0xF4, 0x6E, 0x3D, 0xBA, 0x75, 0x3A, 0x7A, 0x74, 0xE5, 0x95, 0xF1, 0x7C, 0xDC,
    0xB9, 0xE2, 0x24, 0xD9, 0x05, 0x98, 0xBC, 0x0E, 0x97, 0x48, 0xD6, 0xC5, 0xE8, 0xD4, 0xDB, 0xDE,
    0xA3, 0xDB, 0xD1, 0x09, 0x77, 0xE8, 0x46, 0xAC, 0x3C, 0xBA, 0x63, 0xBC, 0x7C, 0x5A, 0xE8, 0x66,
    0xD1, 0x75, 0xEB, 0xE0, 0x3A, 0x31, 0x05, 0xD7, 0xB1, 0x62, 0xE7, 0x3A, 0x7E, 0xDB, 0x3B, 0x6B,
    0xA9, 0x00, 0x0A, 0x11, 0x5D, 0x12, 0xCE, 0x32, 0xF2, 0x3E, 0xB8, 0x8E, 0x35, 0x38, 0x74, 0x2A,
    0xBA, 0x6E, 0x1B, 0x5C, 0xC7, 0x3B, 0xE1, 0xD0, 0x09, 0xF3, 0xC8, 0xE8, 0x1E, 0x00,
};

static const EpdGlyph inksans_12_regularGlyphs[] = {
    { 0, 0, 234, 0, 0, 0, 0 }, // U+0000
    { 0, 0, 104, 0, 0, 0, 0 }, // U+000D
    { 0, 0, 107, 0, 0, 0, 0 }, // U+0020
    { 5, 18, 122, 1, 18, 23, 0 }, // !
    { 8, 7, 198, 2, 18, 14, 23 }, // "
    { 16, 18, 255, 0, 18, 72, 37 }, // #
    { 14, 24, 258, 1, 21, 84, 109 }, // $
    { 21, 18, 397, 2, 18, 95, 193 }, // %
    { 16, 18, 261, 1, 18, 72, 288 }, // &
    { 4, 7, 125, 2, 18, 7, 360 }, // '
    { 7, 23, 147, 2, 20, 41, 367 }, // (
    { 6, 23, 147, 1, 20, 35, 408 }, // )
    { 11, 10, 208, 1, 18, 28, 443 }, // *
    { 13, 12, 267, 2, 14, 39, 471 }, // +
    { 5, 7, 121, 1, 2, 9, 510 }, // ,
    { 9, 3, 185, 1, 10, 7, 519 }, // -
    { 5, 4, 121, 1, 4, 5, 526 }, // .
    { 9, 22, 148, 0, 19, 50, 531 }, // /
    { 14, 18, 258, 1, 18, 63, 581 }, // 0
    { 8, 18, 166, 1, 18, 36, 644 }, // 1
    { 13, 18, 246, 1, 18, 59, 680 }, // 2
    { 14, 18, 251, 1, 18, 63, 739 }, // 3
    { 15, 18, 263, 1, 18, 68, 802 }, // 4
    { 13, 18, 241, 1, 18, 59, 870 }, // 5
    { 14, 18, 252, 1, 18, 63, 929 }, // 6
    { 13, 18, 229, 1, 18, 59, 992 }, // 7
    { 14, 18, 252, 1, 18, 63, 1051 }, // 8
    { 14, 18, 252, 1, 18, 63, 1114 }, // 9
    { 5, 14, 121, 1, 14, 18, 1177 }, // :
    { 5, 19, 126, 1, 14, 24, 1195 }, // ;
    { 12, 14, 267, 2, 14, 42, 1219 }, // <
    { 13, 8, 267, 2, 11, 26, 1261 }, // =
    { 13, 14, 267, 2, 14, 46, 1287 }, // >
    { 12, 18, 211, 0, 18, 54, 1333 }, // ?
    { 23, 23, 393, 1, 18, 133, 1387 }, // @
    { 18, 18, 284, 0, 18, 81, 1520 }, // A
    { 14, 18, 263, 2, 18, 63, 1601 }, // B
    { 17, 18, 293, 1, 18, 77, 1664 }, // C
    { 15, 18, 289, 2, 18, 68, 1741 }, // D
    { 12, 18, 241, 2, 18, 54, 1809 }, // E
    { 12, 18, 236, 2, 18, 54, 1863 }, // F
    { 17, 18, 299, 1, 18, 77, 1917 }, // G
    { 15, 18, 298, 2, 18, 68, 1994 }, // H
    { 3, 18, 109, 2, 18, 14, 2062 }, // I
    { 12, 18, 230, 1, 18, 54, 2076 }, // J
    { 15, 18, 275, 2, 18, 68, 2130 }, // K
    { 12, 18, 226, 2, 18, 54, 2198 }, // L
    { 19, 18, 365, 2, 18, 86, 2252 }, // M
    { 15, 18, 303, 2, 18, 68, 2338 }, // N
    { 17, 18, 307, 1, 18, 77, 2406 }, // O
    { 13, 18, 257, 2, 18, 59, 2483 }, // P
    { 17, 20, 307, 1, 18, 85, 2542 }, // Q
    { 14, 18, 259, 2, 18, 63, 2627 }, // R
    { 14, 18, 258, 1, 18, 63, 2690 }, // S
    { 15, 18, 261, 1, 18, 68, 2753 }, // T
    { 15, 18, 296, 2, 18, 68, 2821 }, // U
    { 18, 18, 284, 0, 18, 81, 2889 }, // V
    { 25, 18, 401, 0, 18, 113, 2970 }, // W
    { 17, 18, 280, 0, 18, 77, 3083 }, // X
    { 17, 18, 279, 0, 18, 77, 3160 }, // Y
    { 14, 18, 256, 1, 18, 63, 3237 }, // Z
    { 6, 23, 147, 2, 20, 35, 3300 }, // [
    { 9, 22, 148, 0, 19, 50, 3335 }, // <backslash>
    { 6, 23, 147, 1, 20, 35, 3385 }, // ]
    { 11, 8, 191, 0, 18, 22, 3420 }, // ^
    { 12, 3, 185, 0, 1, 9, 3442 }, // _
    { 6, 4, 135, 1, 20, 6, 3451 }, // `
    { 12, 14, 227, 1, 14, 42, 3457 }, // a
    { 14, 18, 247, 1, 18, 63, 3499 }, // b
    { 13, 14, 231, 1, 14, 46, 3562 }, // c
    { 13, 18, 247, 1, 18, 59, 3608 }, // d
    { 13, 14, 235, 1, 14, 46, 3667 }, // e
    { 10, 19, 152, 0, 19, 48, 3713 }, // f
    { 13, 19, 248, 1, 14, 62, 3761 }, // g
    { 13, 18, 241, 1, 18, 59, 3823 }, // h
    { 4, 19, 101, 1, 19, 19, 3882 }, // i
    { 6, 24, 101, -1, 19, 36, 3901 }, // j
    { 13, 18, 224, 1, 18, 59, 3937 }, // k
    { 4, 18, 101, 1, 18, 18, 3996 }, // l
    { 20, 14, 355, 1, 14, 70, 4014 }, // m
    { 13, 14, 241, 1, 14, 46, 4084 }, // n
    { 13, 14, 242, 1, 14, 46, 4130 }, // o
    { 14, 19, 247, 1, 14, 67, 4176 }, // p
    { 13, 19, 247, 1, 14, 62, 4243 }, // q
    { 9, 14, 155, 1, 14, 32, 4305 }, // r
    { 12, 14, 215, 1, 14, 42, 4337 }, // s
    { 9, 18, 136, 0, 18, 41, 4379 }, // t
    { 13, 14, 241, 1, 14, 46, 4420 }, // u
    { 14, 14, 230, 0, 14, 49, 4466 }, // v
    { 21, 14, 332, 0, 14, 74, 4515 }, // w
    { 14, 14, 223, 0, 14, 49, 4589 }, // x
    { 14, 19, 230, 0, 14, 67, 4638 }, // y
    { 12, 14, 224, 1, 14, 42, 4705 }, // z
    { 9, 23, 176, 1, 20, 52, 4747 }, // {
    { 3, 31, 138, 3, 25, 24, 4799 }, // |
    { 9, 23, 176, 1, 20, 52, 4823 }, // }
    { 14, 5, 267, 1, 10, 18, 4875 }, // ~
    { 0, 0, 107, 0, 0, 0, 0 }, // U+00A0
    { 5, 19, 122, 1, 14, 24, 0 }, // U+00A1
    { 13, 18, 231, 1, 18, 59, 24 }, // U+00A2
    { 14, 18, 248, 1, 18, 63, 83 }, // U+00A3
    { 16, 16, 295, 1, 16, 64, 146 }, // U+00A4
    { 14, 18, 223, 0, 18, 63, 210 }, // U+00A5
    { 3, 21, 117, 2, 18, 16, 273 }, // U+00A6
    { 12, 23, 227, 1, 18, 69, 289 }, // U+00A7
    { 9, 3, 241, 3, 19, 7, 358 }, // U+00A8
    { 19, 19, 366, 2, 19, 91, 365 }, // U+00A9
    { 11, 11, 183, 0, 19, 31, 456 }, // U+00AA
    { 14, 12, 243, 1, 14, 42, 487 }, // U+00AB
    { 12, 7, 267, 2, 10, 21, 529 }, // U+00AC
    { 15, 16, 266, 1, 20, 60, 550 }, // U+00AE
    { 8, 3, 186, 2, 20, 6, 610 }, // U+00AF
    { 9, 9, 183, 1, 19, 21, 616 }, // U+00B0
    { 13, 13, 267, 2, 14, 43, 637 }, // U+00B1
    { 9, 10, 179, 1, 21, 23, 680 }, // U+00B2
    { 10, 10, 182, 1, 21, 25, 703 }, // U+00B3
    { 5, 4, 135, 2, 20, 5, 728 }, // U+00B4
    { 14, 19, 240, 1, 14, 67, 733 }, // U+00B5
    { 13, 18, 240, 1, 18, 59, 800 }, // U+00B6
    { 5, 4, 121, 1, 11, 5, 859 }, // U+00B7
    { 5, 7, 120, 2, 1, 9, 864 }, // U+00B8
    { 6, 10, 126, 1, 21, 15, 873 }, // U+00B9
    { 12, 11, 194, 0, 19, 33, 888 }, // U+00BA
    { 15, 12, 243, 0, 14, 45, 921 }, // U+00BB
    { 20, 18, 327, 0, 18, 90, 966 }, // U+00BC
    { 21, 18, 343, 0, 18, 95, 1056 }, // U+00BD
    { 21, 18, 358, 1, 18, 95, 1151 }, // U+00BE
    { 12, 19, 211, 1, 14, 57, 1246 }, // U+00BF
    { 18, 25, 284, 0, 25, 113, 1303 }, // U+00C0
    { 18, 25, 284, 0, 25, 113, 1416 }, // U+00C1
    { 18, 25, 284, 0, 25, 113, 1529 }, // U+00C2
    { 18, 24, 284, 0, 24, 108, 1642 }, // U+00C3
    { 18, 24, 284, 0, 24, 108, 1750 }, // U+00C4
    { 18, 25, 284, 0, 25, 113, 1858 }, // U+00C5
    { 24, 18, 401, 0, 18, 108, 1971 }, // U+00C6
    { 17, 24, 293, 1, 18, 102, 2079 }, // U+00C7
    { 12, 25, 241, 2, 25, 75, 2181 }, // U+00C8
    { 12, 25, 241, 2, 25, 75, 2256 }, // U+00C9
    { 12, 25, 241, 2, 25, 75, 2331 }, // U+00CA
    { 12, 24, 241, 2, 24, 72, 2406 }, // U+00CB
    { 5, 25, 109, 0, 25, 32, 2478 }, // U+00CC
    { 5, 25, 109, 2, 25, 32, 2510 }, // U+00CD
    { 9, 25, 109, -1, 25, 57, 2542 }, // U+00CE
    { 9, 24, 109, -1, 24, 54, 2599 }, // U+00CF
    { 18, 18, 297, 0, 18, 81, 2653 }, // U+00D0
    { 15, 24, 303, 2, 24, 90, 2734 }, // U+00D1
    { 17, 25, 307, 1, 25, 107, 2824 }, // U+00D2
    { 17, 25, 307, 1, 25, 107, 2931 }, // U+00D3
    { 17, 25, 307, 1, 25, 107, 3038 }, // U+00D4
    { 17, 24, 307, 1, 24, 102, 3145 }, // U+00D5
    { 17, 24, 307, 1, 24, 102, 3247 }, // U+00D6
    { 13, 13, 267, 2, 14, 43, 3349 }, // U+00D7
    { 17, 20, 307, 1, 19, 85, 3392 }, // U+00D8
    { 15, 25, 296, 2, 25, 94, 3477 }, // U+00D9
    { 15, 25, 296, 2, 25, 94, 3571 }, // U+00DA
    { 15, 25, 296, 2, 25, 94, 3665 }, // U+00DB
    { 15, 24, 296, 2, 24, 90, 3759 }, // U+00DC
    { 17, 25, 279, 0, 25, 107, 3849 }, // U+00DD
    { 14, 18, 259, 1, 18, 63, 3956 }, // U+00DE
    { 13, 18, 252, 2, 18, 59, 4019 }, // U+00DF
    { 12, 20, 227, 1, 20, 60, 4078 }, // U+00E0
    { 12, 20, 227, 1, 20, 60, 4138 }, // U+00E1
    { 12, 20, 227, 1, 20, 60, 4198 }, // U+00E2
    { 12, 19, 227, 1, 19, 57, 4258 }, // U+00E3
    { 12, 19, 227, 1, 19, 57, 4315 }, // U+00E4
    { 12, 21, 227, 1, 21, 63, 4372 }, // U+00E5
    { 21, 14, 366, 1, 14, 74, 4435 }, // U+00E6
    { 13, 20, 231, 1, 14, 65, 4509 }, // U+00E7
    { 13, 20, 235, 1, 20, 65, 4574 }, // U+00E8
    { 13, 20, 235, 1, 20, 65, 4639 }, // U+00E9
    { 13, 20, 235, 1, 20, 65, 4704 }, // U+00EA
    { 13, 19, 235, 1, 19, 62, 4769 }, // U+00EB
    { 6, 20, 101, -1, 20, 30, 4831 }, // U+00EC
    { 6, 20, 101, 1, 20, 30, 4861 }, // U+00ED
    { 10, 20, 101, -2, 20, 50, 4891 }, // U+00EE
    { 10, 19, 101, -2, 19, 48, 4941 }, // U+00EF
    { 13, 20, 235, 1, 20, 65, 4989 }, // U+00F0
    { 13, 19, 241, 1, 19, 62, 5054 }, // U+00F1
    { 13, 20, 242, 1, 20, 65, 5116 }, // U+00F2
    { 13, 20, 242, 1, 20, 65, 5181 }, // U+00F3
    { 13, 20, 242, 1, 20, 65, 5246 }, // U+00F4
    { 13, 19, 242, 1, 19, 62, 5311 }, // U+00F5
    { 13, 19, 242, 1, 19, 62, 5373 }, // U+00F6
    { 13, 14, 267, 2, 14, 46, 5435 }, // U+00F7
    { 14, 16, 242, 1, 15, 56, 5481 }, // U+00F8
    { 13, 20, 241, 1, 20, 65, 5537 }, // U+00F9
    { 13, 20, 241, 1, 20, 65, 5602 }, // U+00FA
    { 13, 20, 241, 1, 20, 65, 5667 }, // U+00FB
    { 13, 19, 241, 1, 19, 62, 5732 }, // U+00FC
    { 14, 25, 230, 0, 20, 88, 5794 }, // U+00FD
    { 14, 23, 247, 1, 18, 81, 5882 }, // U+00FE
    { 14, 24, 230, 0, 19, 84, 5963 }, // U+00FF
    { 18, 25, 284, 0, 25, 113, 0 }, // U+0100
    { 12, 20, 227, 1, 20, 60, 113 }, // U+0101
    { 18, 25, 284, 0, 25, 113, 173 }, // U+0102
    { 12, 20, 227, 1, 20, 60, 286 }, // U+0103
    { 18, 23, 284, 0, 18, 104, 346 }, // U+0104
    { 13, 19, 227, 1, 14, 62, 450 }, // U+0105
    { 17, 25, 293, 1, 25, 107, 512 }, // U+0106
    { 13, 20, 231, 1, 20, 65, 619 }, // U+0107
    { 17, 25, 293, 1, 25, 107, 684 }, // U+0108
    { 13, 20, 231, 1, 20, 65, 791 }, // U+0109
    { 17, 24, 293, 1, 24, 102, 856 }, // U+010A
    { 13, 19, 231, 1, 19, 62, 958 }, // U+010B
    { 17, 25, 293, 1, 25, 107, 1020 }, // U+010C
    { 13, 20, 231, 1, 20, 65, 1127 }, // U+010D
    { 15, 25, 289, 2, 25, 94, 1192 }, // U+010E
    { 17, 20, 290, 1, 20, 85, 1286 }, // U+010F
    { 18, 18, 297, 0, 18, 81, 1371 }, // U+0110
    { 15, 18, 247, 1, 18, 68, 1452 }, // U+0111
    { 12, 25, 241, 2, 25, 75, 1520 }, // U+0112
    { 13, 20, 235, 1, 20, 65, 1595 }, // U+0113
    { 12, 25, 241, 2, 25, 75, 1660 }, // U+0114
    { 13, 20, 235, 1, 20, 65, 1735 }, // U+0115
    { 12, 24, 241, 2, 24, 72, 1800 }, // U+0116
    { 13, 19, 235, 1, 19, 62, 1872 }, // U+0117
    { 13, 23, 241, 2, 18, 75, 1934 }, // U+0118
    { 13, 19, 235, 1, 14, 62, 2009 }, // U+0119
    { 12, 25, 241, 2, 25, 75, 2071 }, // U+011A
    { 13, 20, 235, 1, 20, 65, 2146 }, // U+011B
    { 17, 25, 299, 1, 25, 107, 2211 }, // U+011C
    { 13, 25, 248, 1, 20, 82, 2318 }, // U+011D
    { 17, 25, 299, 1, 25, 107, 2400 }, // U+011E
    { 13, 25, 248, 1, 20, 82, 2507 }, // U+011F
    { 17, 24, 299, 1, 24, 102, 2589 }, // U+0120
    { 13, 24, 248, 1, 19, 78, 2691 }, // U+0121
    { 17, 24, 299, 1, 18, 102, 2769 }, // U+0122
    { 13, 26, 248, 1, 21, 85, 2871 }, // U+0123
    { 15, 25, 298, 2, 25, 94, 2956 }, // U+0124
    { 16, 25, 241, -2, 25, 100, 3050 }, // U+0125
    { 18, 18, 315, 1, 18, 81, 3150 }, // U+0126
    { 14, 18, 241, 0, 18, 63, 3231 }, // U+0127
    { 9, 24, 109, -1, 24, 54, 3294 }, // U+0128
    { 8, 19, 101, -1, 19, 38, 3348 }, // U+0129
    { 8, 25, 109, -1, 25, 50, 3386 }, // U+012A
    { 8, 20, 101, -1, 20, 40, 3436 }, // U+012B
    { 9, 25, 109, -1, 25, 57, 3476 }, // U+012C
    { 8, 20, 101, -1, 20, 40, 3533 }, // U+012D
    { 6, 23, 109, 0, 18, 35, 3573 }, // U+012E
    { 7, 24, 101, -1, 19, 42, 3608 }, // U+012F
    { 5, 24, 109, 1, 24, 30, 3650 }, // U+0130
    { 4, 14, 101, 1, 14, 14, 3680 }, // U+0131
    { 18, 18, 339, 2, 18, 81, 3694 }, // U+0132
    { 11, 24, 202, 1, 19, 66, 3775 }, // U+0133
    { 15, 25, 230, 1, 25, 94, 3841 }, // U+0134
    { 10, 25, 101, -2, 20, 63, 3935 }, // U+0135
    { 15, 24, 275, 2, 18, 90, 3998 }, // U+0136
    { 13, 24, 224, 1, 18, 78, 4088 }, // U+0137
    { 13, 14, 218, 1, 14, 46, 4166 }, // U+0138
    { 12, 25, 226, 2, 25, 75, 4212 }, // U+0139
    { 6, 25, 101, 1, 25, 38, 4287 }, // U+013A
    { 12, 24, 226, 2, 18, 72, 4325 }, // U+013B
    { 5, 24, 101, 0, 18, 30, 4397 }, // U+013C
    { 12, 20, 226, 2, 20, 60, 4427 }, // U+013D
    { 8, 20, 143, 1, 20, 40, 4487 }, // U+013E
    { 12, 18, 227, 2, 18, 54, 4527 }, // U+013F
    { 9, 18, 156, 1, 18, 41, 4581 }, // U+0140
    { 14, 18, 239, 0, 18, 63, 4622 }, // U+0141
    { 8, 18, 101, -1, 18, 36, 4685 }, // U+0142
    { 15, 25, 303, 2, 25, 94, 4721 }, // U+0143
    { 13, 20, 241, 1, 20, 65, 4815 }, // U+0144
    { 15, 24, 303, 2, 18, 90, 4880 }, // U+0145
    { 13, 20, 241, 1, 14, 65, 4970 }, // U+0146
    { 15, 25, 303, 2, 25, 94, 5035 }, // U+0147
    { 13, 20, 241, 1, 20, 65, 5129 }, // U+0148
    { 15, 23, 303, 2, 18, 87, 5194 }, // U+014A
    { 13, 19, 241, 1, 14, 62, 5281 }, // U+014B
    { 17, 25, 307, 1, 25, 107, 5343 }, // U+014C
    { 13, 20, 242, 1, 20, 65, 5450 }, // U+014D
    { 17, 25, 307, 1, 25, 107, 5515 }, // U+014E
    { 13, 20, 242, 1, 20, 65, 5622 }, // U+014F
    { 17, 25, 307, 1, 25, 107, 5687 }, // U+0150
    { 13, 20, 242, 1, 20, 65, 5794 }, // U+0151
    { 23, 18, 404, 1, 18, 104, 5859 }, // U+0152
    { 23, 14, 398, 1, 14, 81, 5963 }, // U+0153
    { 14, 25, 259, 2, 25, 88, 6044 }, // U+0154
    { 9, 20, 155, 1, 20, 45, 6132 }, // U+0155
    { 14, 24, 259, 2, 18, 84, 6177 }, // U+0156
    { 10, 20, 155, 0, 14, 50, 6261 }, // U+0157
    { 14, 25, 259, 2, 25, 88, 6311 }, // U+0158
    { 9, 20, 155, 1, 20, 45, 6399 }, // U+0159
    { 14, 25, 258, 1, 25, 88, 6444 }, // U+015A
    { 12, 20, 215, 1, 20, 60, 6532 }, // U+015B
    { 14, 25, 258, 1, 25, 88, 6592 }, // U+015C
    { 12, 20, 215, 1, 20, 60, 6680 }, // U+015D
    { 14, 24, 258, 1, 18, 84, 6740 }, // U+015E
    { 12, 20, 215, 1, 14, 60, 6824 }, // U+015F
    { 14, 25, 258, 1, 25, 88, 6884 }, // U+0160
    { 12, 20, 215, 1, 20, 60, 6972 }, // U+0161
    { 15, 24, 261, 1, 18, 90, 7032 }, // U+0162
    { 9, 24, 136, 0, 18, 54, 7122 }, // U+0163
    { 15, 25, 261, 1, 25, 94, 7176 }, // U+0164
    { 9, 21, 159, 0, 21, 48, 7270 }, // U+0165
    { 15, 18, 261, 1, 18, 68, 7318 }, // U+0166
    { 9, 18, 136, 0, 18, 41, 7386 }, // U+0167
    { 15, 24, 296, 2, 24, 90, 7427 }, // U+0168
    { 13, 19, 241, 1, 19, 62, 7517 }, // U+0169
    { 15, 25, 296, 2, 25, 94, 7579 }, // U+016A
    { 13, 20, 241, 1, 20, 65, 7673 }, // U+016B
    { 15, 25, 296, 2, 25, 94, 7738 }, // U+016C
    { 13, 20, 241, 1, 20, 65, 7832 }, // U+016D
    { 15, 25, 296, 2, 25, 94, 7897 }, // U+016E
    { 13, 21, 241, 1, 21, 69, 7991 }, // U+016F
    { 15, 25, 296, 2, 25, 94, 8060 }, // U+0170
    { 13, 20, 241, 1, 20, 65, 8154 }, // U+0171
    { 15, 23, 296, 2, 18, 87, 8219 }, // U+0172
    { 13, 19, 241, 1, 14, 62, 8306 }, // U+0173
    { 25, 25, 401, 0, 25, 157, 8368 }, // U+0174
    { 21, 20, 332, 0, 20, 105, 8525 }, // U+0175
    { 17, 25, 279, 0, 25, 107, 8630 }, // U+0176
    { 14, 25, 230, 0, 20, 88, 8737 }, // U+0177
    { 17, 24, 279, 0, 24, 102, 8825 }, // U+0178
    { 14, 25, 256, 1, 25, 88, 8927 }, // U+0179
    { 12, 20, 224, 1, 20, 60, 9015 }, // U+017A
    { 14, 24, 256, 1, 24, 84, 9075 }, // U+017B
    { 12, 19, 224, 1, 19, 57, 9159 }, // U+017C
    { 14, 25, 256, 1, 25, 88, 9216 }, // U+017D
    { 12, 20, 224, 1, 20, 60, 9304 }, // U+017E
    { 8, 19, 130, 1, 19, 38, 9364 }, // U+017F
    { 17, 21, 307, 1, 21, 90, 0 }, // U+01A0
    { 14, 17, 241, 1, 17, 60, 90 }, // U+01A1
    { 17, 21, 295, 2, 21, 90, 150 }, // U+01AF
    { 15, 17, 253, 1, 17, 64, 240 }, // U+01B0
    { 29, 20, 512, 2, 20, 145, 304 }, // U+01C5
    { 27, 20, 471, 1, 20, 135, 449 }, // U+01C6
    { 25, 18, 456, 2, 18, 113, 584 }, // U+01C7
    { 17, 24, 327, 2, 19, 102, 697 }, // U+01C8
    { 11, 24, 202, 1, 19, 66, 799 }, // U+01C9
    { 30, 18, 533, 2, 18, 135, 865 }, // U+01CA
    { 22, 24, 403, 2, 19, 132, 1000 }, // U+01CB
    { 19, 24, 341, 1, 19, 114, 1132 }, // U+01CC
    { 18, 25, 284, 0, 25, 113, 1246 }, // U+01CD
    { 12, 20, 227, 1, 20, 60, 1359 }, // U+01CE
    { 9, 25, 109, -1, 25, 57, 1419 }, // U+01CF
    { 10, 20, 101, -2, 20, 50, 1476 }, // U+01D0
    { 17, 25, 307, 1, 25, 107, 1526 }, // U+01D1
    { 13, 20, 242, 1, 20, 65, 1633 }, // U+01D2
    { 15, 25, 296, 2, 25, 94, 1698 }, // U+01D3
    { 13, 20, 241, 1, 20, 65, 1792 }, // U+01D4
    { 15, 27, 296, 2, 27, 102, 1857 }, // U+01D5
    { 13, 22, 241, 1, 22, 72, 1959 }, // U+01D6
    { 15, 28, 296, 2, 28, 105, 2031 }, // U+01D7
    { 13, 23, 241, 1, 23, 75, 2136 }, // U+01D8
    { 15, 28, 296, 2, 28, 105, 2211 }, // U+01D9
    { 13, 23, 241, 1, 23, 75, 2316 }, // U+01DA
    { 15, 28, 296, 2, 28, 105, 2391 }, // U+01DB
    { 13, 23, 241, 1, 23, 75, 2496 }, // U+01DC
    { 13, 14, 235, 1, 14, 46, 2571 }, // U+01DD
    { 18, 27, 284, 0, 27, 122, 2617 }, // U+01DE
    { 12, 22, 227, 1, 22, 66, 2739 }, // U+01DF
    { 18, 27, 284, 0, 27, 122, 2805 }, // U+01E0
    { 12, 22, 227, 1, 22, 66, 2927 }, // U+01E1
    { 24, 25, 401, 0, 25, 150, 2993 }, // U+01E2
    { 21, 20, 366, 1, 20, 105, 3143 }, // U+01E3
    { 18, 18, 299, 1, 18, 81, 3248 }, // U+01E4
    { 16, 19, 271, 1, 14, 76, 3329 }, // U+01E5
    { 17, 25, 299, 1, 25, 107, 3405 }, // U+01E6
    { 13, 25, 248, 1, 20, 82, 3512 }, // U+01E7
    { 15, 25, 275, 2, 25, 94, 3594 }, // U+01E8
    { 16, 25, 224, -2, 25, 100, 3688 }, // U+01E9
    { 17, 23, 307, 1, 18, 98, 3788 }, // U+01EA
    { 13, 19, 242, 1, 14, 62, 3886 }, // U+01EB
    { 17, 30, 307, 1, 25, 128, 3948 }, // U+01EC
    { 13, 25, 242, 1, 20, 82, 4076 }, // U+01ED
    { 15, 30, 274, 1, 25, 113, 4158 }, // U+01EE
    { 14, 25, 252, 1, 20, 88, 4271 }, // U+01EF
    { 10, 25, 101, -2, 20, 63, 4359 }, // U+01F0
    { 31, 18, 545, 2, 18, 140, 4422 }, // U+01F1
    { 29, 18, 512, 2, 18, 131, 4562 }, // U+01F2
    { 27, 18, 471, 1, 18, 122, 4693 }, // U+01F3
    { 17, 25, 299, 1, 25, 107, 4815 }, // U+01F4
    { 13, 25, 248, 1, 20, 82, 4922 }, // U+01F5
    { 25, 18, 448, 2, 18, 113, 5004 }, // U+01F6
    { 15, 23, 268, 1, 18, 87, 5117 }, // U+01F7
    { 15, 25, 303, 2, 25, 94, 5204 }, // U+01F8
    { 13, 20, 241, 1, 20, 65, 5298 }, // U+01F9
    { 18, 28, 284, 0, 28, 126, 5363 }, // U+01FA
    { 12, 25, 227, 1, 25, 75, 5489 }, // U+01FB
    { 24, 25, 401, 0, 25, 150, 5564 }, // U+01FC
    { 21, 20, 366, 1, 20, 105, 5714 }, // U+01FD
    { 17, 26, 307, 1, 25, 111, 5819 }, // U+01FE
    { 14, 21, 242, 1, 20, 74, 5930 }, // U+01FF
    { 18, 25, 284, 0, 25, 113, 6004 }, // U+0200
    { 12, 20, 227, 1, 20, 60, 6117 }, // U+0201
    { 18, 26, 284, 0, 26, 117, 6177 }, // U+0202
    { 12, 21, 227, 1, 21, 63, 6294 }, // U+0203
    { 13, 25, 241, 1, 25, 82, 6357 }, // U+0204
    { 13, 20, 235, 1, 20, 65, 6439 }, // U+0205
    { 12, 26, 241, 2, 26, 78, 6504 }, // U+0206
    { 13, 21, 235, 1, 21, 69, 6582 }, // U+0207
    { 10, 25, 109, -3, 25, 63, 6651 }, // U+0208
    { 10, 20, 101, -3, 20, 50, 6714 }, // U+0209
    { 9, 26, 109, -1, 26, 59, 6764 }, // U+020A
    { 9, 21, 101, -1, 21, 48, 6823 }, // U+020B
    { 17, 25, 307, 1, 25, 107, 6871 }, // U+020C
    { 13, 20, 242, 1, 20, 65, 6978 }, // U+020D
    { 17, 26, 307, 1, 26, 111, 7043 }, // U+020E
    { 13, 21, 242, 1, 21, 69, 7154 }, // U+020F
    { 14, 25, 259, 2, 25, 88, 7223 }, // U+0210
    { 11, 20, 155, -1, 20, 55, 7311 }, // U+0211
    { 14, 26, 259, 2, 26, 91, 7366 }, // U+0212
    { 9, 21, 155, 1, 21, 48, 7457 }, // U+0213
    { 15, 25, 296, 2, 25, 94, 7505 }, // U+0214
    { 13, 20, 241, 1, 20, 65, 7599 }, // U+0215
    { 15, 26, 296, 2, 26, 98, 7664 }, // U+0216
    { 13, 21, 241, 1, 21, 69, 7762 }, // U+0217
    { 14, 24, 258, 1, 18, 84, 7831 }, // U+0218
    { 12, 20, 215, 1, 14, 60, 7915 }, // U+0219
    { 15, 24, 261, 1, 18, 90, 7975 }, // U+021A
    { 9, 24, 136, 0, 18, 54, 8065 }, // U+021B
    { 14, 24, 258, 1, 18, 84, 8119 }, // U+021C
    { 12, 20, 221, 1, 14, 60, 8203 }, // U+021D
    { 15, 25, 298, 2, 25, 94, 8263 }, // U+021E
    { 16, 25, 241, -2, 25, 100, 8357 }, // U+021F
    { 6, 4, 0, 1, 20, 6, 0 }, // U+0300
    { 5, 4, 0, 2, 20, 5, 6 }, // U+0301
    { 9, 4, 0, 1, 20, 9, 11 }, // U+0302
    { 9, 3, 0, 2, 19, 7, 20 }, // U+0303
    { 8, 3, 0, 2, 20, 6, 27 }, // U+0304
    { 8, 4, 0, 1, 20, 8, 33 }, // U+0306
    { 4, 3, 0, 1, 19, 3, 41 }, // U+0307
    { 9, 3, 0, 3, 19, 7, 44 }, // U+0308
    { 5, 4, 0, 1, 20, 5, 51 }, // U+0309
    { 8, 6, 0, 0, 21, 12, 56 }, // U+030A
    { 11, 4, 0, -4, 20, 11, 68 }, // U+030B
    { 9, 4, 0, 1, 20, 9, 79 }, // U+030C
    { 10, 4, 0, 1, 20, 10, 88 }, // U+030F
    { 4, 8, 0, 5, 12, 8, 98 }, // U+0313
    { 4, 8, 0, 5, 12, 8, 106 }, // U+0315
    { 5, 6, 0, -6, 18, 8, 114 }, // U+031B
    { 4, 3, 103, 1, -2, 3, 122 }, // U+0323
    { 4, 6, 0, -10, -2, 6, 125 }, // U+0326
    { 5, 7, 0, 2, 1, 9, 131 }, // U+0327
    { 6, 6, 0, 1, 1, 9, 140 }, // U+0328
    { 9, 4, 0, 1, -1, 9, 149 }, // U+032C
    { 11, 17, 0, -13, 15, 47, 158 }, // U+0337
    { 15, 20, 0, -15, 19, 75, 205 }, // U+0338
    { 8, 3, 0, -11, 19, 6, 280 }, // U+0342
    { 5, 5, 0, 0, 16, 7, 286 }, // U+0343
    { 9, 6, 0, -12, 21, 14, 293 }, // U+0346
    { 9, 5, 0, -12, -2, 12, 307 }, // U+0347
    { 7, 5, 0, -10, -1, 9, 319 }, // U+0348
    { 6, 6, 0, -10, 0, 9, 328 }, // U+0349
    { 10, 7, 0, -13, 21, 18, 337 }, // U+034A
    { 10, 10, 0, -13, 24, 25, 355 }, // U+034B
    { 10, 5, 0, -12, 21, 13, 380 }, // U+034C
    { 11, 7, 0, -13, -1, 20, 393 }, // U+034D
    { 7, 6, 0, -11, -1, 11, 413 }, // U+034E
    { 0, 0, 0, 0, 0, 0, 424 }, // U+034F
    { 10, 10, 0, -12, 25, 25, 424 }, // U+0350
    { 4, 5, 0, -9, 19, 5, 449 }, // U+0351
    { 9, 7, 0, -12, 21, 16, 454 }, // U+0352
    { 7, 7, 0, -10, 0, 13, 470 }, // U+0353
    { 7, 7, 0, -10, 0, 13, 483 }, // U+0354
    { 7, 7, 0, -10, 0, 13, 496 }, // U+0355
    { 14, 7, 0, -12, 0, 25, 509 }, // U+0356
    { 4, 6, 0, 0, 21, 6, 534 }, // U+0357
    { 4, 3, 0, 1, 19, 3, 540 }, // U+0358
    { 7, 6, 0, -11, -1, 11, 543 }, // U+0359
    { 11, 5, 0, -13, -1, 14, 554 }, // U+035A
    { 6, 6, 0, -10, 21, 9, 568 }, // U+035B
    { 19, 4, 0, -10, -1, 19, 577 }, // U+035C
    { 18, 4, 0, -9, 19, 18, 596 }, // U+035D
    { 16, 3, 0, -15, 19, 12, 614 }, // U+035E
    { 16, 3, 0, -15, -2, 12, 626 }, // U+035F
    { 25, 5, 0, -13, 20, 32, 638 }, // U+0360
    { 18, 5, 0, -9, 20, 23, 670 }, // U+0361
    { 21, 7, 0, -10, -1, 37, 693 }, // U+0362
    { 7, 8, 0, -11, 22, 14, 730 }, // U+0363
    { 7, 8, 0, -11, 22, 14, 744 }, // U+0364
    { 3, 9, 0, -9, 24, 7, 758 }, // U+0365
    { 8, 8, 0, -11, 22, 16, 765 }, // U+0366
    { 7, 8, 0, -11, 22, 14, 781 }, // U+0367
    { 7, 8, 0, -11, 22, 14, 795 }, // U+0368
    { 7, 11, 0, -11, 25, 20, 809 }, // U+0369
    { 7, 10, 0, -11, 25, 18, 829 }, // U+036A
    { 11, 7, 0, -13, 22, 20, 847 }, // U+036B
    { 5, 7, 0, -9, 22, 9, 867 }, // U+036C
    { 5, 10, 0, 0, 24, 13, 876 }, // U+036D
    { 8, 7, 0, -11, 22, 14, 889 }, // U+036E
    { 7, 7, 0, -10, 22, 13, 903 }, // U+036F
    { 12, 25, 241, 2, 25, 75, 0 }, // U+0400
    { 12, 24, 241, 2, 24, 72, 75 }, // U+0401
    { 19, 19, 339, 1, 18, 91, 147 }, // U+0402
    { 12, 25, 232, 2, 25, 75, 238 }, // U+0403
    { 17, 18, 293, 1, 18, 77, 313 }, // U+0404
    { 14, 18, 258, 1, 18, 63, 390 }, // U+0405
    { 3, 18, 109, 2, 18, 14, 453 }, // U+0406
    { 9, 24, 109, -1, 24, 54, 467 }, // U+0407
    { 12, 18, 230, 1, 18, 54, 521 }, // U+0408
    { 26, 18, 446, 1, 18, 117, 575 }, // U+0409
    { 25, 18, 450, 2, 18, 113, 692 }, // U+040A
    { 20, 18, 355, 1, 18, 90, 805 }, // U+040B
    { 15, 25, 275, 2, 25, 94, 895 }, // U+040C
    { 15, 25, 303, 2, 25, 94, 989 }, // U+040D
    { 16, 25, 260, 0, 25, 100, 1083 }, // U+040E
    { 15, 22, 289, 2, 18, 83, 1183 }, // U+040F
    { 18, 18, 284, 0, 18, 81, 1266 }, // U+0410
    { 13, 18, 259, 2, 18, 59, 1347 }, // U+0411
    { 14, 18, 263, 2, 18, 63, 1406 }, // U+0412
    { 12, 18, 232, 2, 18, 54, 1469 }, // U+0413
    { 19, 22, 334, 1, 18, 105, 1523 }, // U+0414
    { 12, 18, 241, 2, 18, 54, 1628 }, // U+0415
    { 25, 18, 398, 0, 18, 113, 1682 }, // U+0416
    { 14, 18, 251, 1, 18, 63, 1795 }, // U+0417
    { 15, 18, 303, 2, 18, 68, 1858 }, // U+0418
    { 15, 25, 303, 2, 25, 94, 1926 }, // U+0419
    { 15, 18, 275, 2, 18, 68, 2020 }, // U+041A
    { 16, 18, 299, 1, 18, 72, 2088 }, // U+041B
    { 19, 18, 365, 2, 18, 86, 2160 }, // U+041C
    { 15, 18, 298, 2, 18, 68, 2246 }, // U+041D
    { 17, 18, 307, 1, 18, 77, 2314 }, // U+041E
    { 15, 18, 298, 2, 18, 68, 2391 }, // U+041F
    { 13, 18, 257, 2, 18, 59, 2459 }, // U+0420
    { 17, 18, 293, 1, 18, 77, 2518 }, // U+0421
    { 15, 18, 261, 1, 18, 68, 2595 }, // U+0422
    { 16, 18, 260, 0, 18, 72, 2663 }, // U+0423
    { 19, 21, 332, 1, 20, 100, 2735 }, // U+0424
    { 17, 18, 280, 0, 18, 77, 2835 }, // U+0425
    { 16, 22, 295, 2, 18, 88, 2912 }, // U+0426
    { 15, 18, 281, 1, 18, 68, 3000 }, // U+0427
    { 21, 18, 387, 2, 18, 95, 3068 }, // U+0428
    { 23, 22, 395, 2, 18, 127, 3163 }, // U+0429
    { 19, 18, 328, 1, 18, 86, 3290 }, // U+042A
    { 19, 18, 358, 2, 18, 86, 3376 }, // U+042B
    { 14, 18, 262, 2, 18, 63, 3462 }, // U+042C
    { 16, 18, 293, 1, 18, 72, 3525 }, // U+042D
    { 23, 18, 410, 2, 18, 104, 3597 }, // U+042E
    { 15, 18, 259, 0, 18, 68, 3701 }, // U+042F
    { 12, 14, 227, 1, 14, 42, 3769 }, // U+0430
    { 13, 18, 240, 1, 18, 59, 3811 }, // U+0431
    { 13, 14, 228, 1, 14, 46, 3870 }, // U+0432
    { 10, 14, 177, 1, 14, 35, 3916 }, // U+0433
    { 16, 18, 252, 0, 14, 72, 3951 }, // U+0434
    { 13, 14, 235, 1, 14, 46, 4023 }, // U+0435
    { 20, 14, 331, 0, 14, 70, 4069 }, // U+0436
    { 11, 14, 201, 1, 14, 39, 4139 }, // U+0437
    { 13, 14, 241, 1, 14, 46, 4178 }, // U+0438
    { 13, 20, 241, 1, 20, 65, 4224 }, // U+0439
    { 13, 14, 222, 1, 14, 46, 4289 }, // U+043A
    { 13, 14, 234, 0, 14, 46, 4335 }, // U+043B
    { 17, 14, 314, 1, 14, 60, 4381 }, // U+043C
    { 13, 14, 240, 1, 14, 46, 4441 }, // U+043D
    { 13, 14, 242, 1, 14, 46, 4487 }, // U+043E
    { 13, 14, 238, 1, 14, 46, 4533 }, // U+043F
    { 14, 19, 247, 1, 14, 67, 4579 }, // U+0440
    { 13, 14, 231, 1, 14, 46, 4646 }, // U+0441
    { 12, 14, 192, 0, 14, 42, 4692 }, // U+0442
    { 14, 19, 230, 0, 14, 67, 4734 }, // U+0443
    { 16, 23, 287, 1, 18, 92, 4801 }, // U+0444
    { 14, 14, 223, 0, 14, 49, 4893 }, // U+0445
    { 14, 18, 247, 1, 14, 63, 4942 }, // U+0446
    { 12, 14, 234, 1, 14, 42, 5005 }, // U+0447
    { 19, 14, 334, 1, 14, 67, 5047 }, // U+0448
    { 20, 18, 342, 1, 14, 90, 5114 }, // U+0449
    { 16, 14, 262, 0, 14, 56, 5204 }, // U+044A
    { 17, 14, 304, 1, 14, 60, 5260 }, // U+044B
    { 13, 14, 228, 1, 14, 46, 5320 }, // U+044C
    { 13, 14, 231, 1, 14, 46, 5366 }, // U+044D
    { 20, 14, 340, 1, 14, 70, 5412 }, // U+044E
    { 13, 14, 225, 0, 14, 46, 5482 }, // U+044F
    { 13, 20, 235, 1, 20, 65, 5528 }, // U+0450
    { 13, 19, 235, 1, 19, 62, 5593 }, // U+0451
    { 14, 23, 241, 0, 18, 81, 5655 }, // U+0452
    { 10, 20, 177, 1, 20, 50, 5736 }, // U+0453
    { 13, 14, 231, 1, 14, 46, 5786 }, // U+0454
    { 12, 14, 215, 1, 14, 42, 5832 }, // U+0455
    { 4, 19, 101, 1, 19, 19, 5874 }, // U+0456
    { 10, 19, 101, -2, 19, 48, 5893 }, // U+0457
    { 6, 24, 101, -1, 19, 36, 5941 }, // U+0458
    { 23, 14, 372, 0, 14, 81, 5977 }, // U+0459
    { 21, 14, 362, 1, 14, 74, 6058 }, // U+045A
    { 14, 18, 241, 0, 18, 63, 6132 }, // U+045B
    { 13, 20, 222, 1, 20, 65, 6195 }, // U+045C
    { 13, 20, 241, 1, 20, 65, 6260 }, // U+045D
    { 14, 25, 230, 0, 20, 88, 6325 }, // U+045E
    { 13, 18, 238, 1, 14, 59, 6413 }, // U+045F
    { 20, 18, 369, 2, 18, 90, 6472 }, // U+0460
    { 18, 14, 333, 1, 14, 63, 6562 }, // U+0461
    { 17, 18, 278, 0, 18, 77, 6625 }, // U+0462
    { 15, 18, 250, 0, 18, 68, 6702 }, // U+0463
    { 22, 18, 389, 2, 18, 99, 6770 }, // U+0464
    { 18, 14, 319, 1, 14, 63, 6869 }, // U+0465
    { 18, 18, 284, 0, 18, 81, 6932 }, // U+0466
    { 14, 14, 231, 0, 14, 49, 7013 }, // U+0467
    { 22, 18, 382, 2, 18, 99, 7062 }, // U+0468
    { 19, 14, 318, 1, 14, 67, 7161 }, // U+0469
    { 19, 18, 345, 1, 18, 86, 7228 }, // U+046A
    { 16, 14, 285, 1, 14, 56, 7314 }, // U+046B
    { 26, 18, 463, 2, 18, 117, 7370 }, // U+046C
    { 23, 14, 392, 1, 14, 81, 7487 }, // U+046D
    { 12, 30, 221, 1, 24, 90, 7568 }, // U+046E
    { 11, 25, 212, 1, 20, 69, 7658 }, // U+046F
    { 19, 18, 354, 2, 18, 86, 7727 }, // U+0470
    { 18, 22, 318, 1, 17, 99, 7813 }, // U+0471
    { 17, 18, 307, 1, 18, 77, 7912 }, // U+0472
    { 13, 14, 242, 1, 14, 46, 7989 }, // U+0473
    { 18, 18, 289, 0, 18, 81, 8035 }, // U+0474
    { 15, 14, 240, 0, 14, 53, 8116 }, // U+0475
    { 18, 25, 289, 0, 25, 113, 8169 }, // U+0476
    { 15, 20, 240, 0, 20, 75, 8282 }, // U+0477
    { 32, 23, 537, 1, 18, 184, 8357 }, // U+0478
    { 28, 19, 464, 1, 14, 133, 8541 }, // U+0479
    { 16, 18, 285, 1, 18, 72, 8674 }, // U+0480
    { 13, 18, 229, 1, 14, 59, 8746 }, // U+0481
    { 14, 17, 258, 1, 17, 60, 8805 }, // U+0482
    { 10, 5, 0, -12, 20, 13, 8865 }, // U+0483
    { 10, 3, 0, -12, 19, 8, 8878 }, // U+0484
    { 4, 5, 0, -9, 20, 5, 8886 }, // U+0485
    { 4, 5, 0, -8, 20, 5, 8891 }, // U+0486
    { 11, 3, 0, -13, 19, 9, 8896 }, // U+0487
    { 25, 22, 0, -19, 18, 138, 8905 }, // U+0488
    { 24, 23, 0, -19, 18, 138, 9043 }, // U+0489
    { 18, 29, 303, 2, 25, 131, 9181 }, // U+048A
    { 15, 24, 241, 1, 20, 90, 9312 }, // U+048B
    { 17, 18, 278, 0, 18, 77, 9402 }, // U+048C
    { 15, 17, 250, 0, 17, 64, 9479 }, // U+048D
    { 13, 18, 257, 2, 18, 59, 9543 }, // U+048E
    { 14, 19, 244, 1, 14, 67, 9602 }, // U+048F
    { 12, 22, 232, 2, 22, 66, 9669 }, // U+0490
    { 10, 18, 177, 1, 18, 45, 9735 }, // U+0491
    { 15, 18, 232, -1, 18, 68, 9780 }, // U+0492
    { 11, 14, 177, 0, 14, 39, 9848 }, // U+0493
    { 14, 19, 262, 2, 18, 67, 9887 }, // U+0494
    { 12, 18, 221, 1, 14, 54, 9954 }, // U+0495
    { 26, 22, 408, 0, 18, 143, 10008 }, // U+0496
    { 22, 18, 341, 0, 14, 99, 10151 }, // U+0497
    { 14, 24, 251, 1, 18, 84, 10250 }, // U+0498
    { 11, 20, 201, 1, 14, 55, 10334 }, // U+0499
    { 16, 22, 290, 2, 18, 88, 10389 }, // U+049A
    { 14, 18, 232, 1, 14, 63, 10477 }, // U+049B
    { 15, 18, 274, 2, 18, 68, 10540 }, // U+049C
    { 14, 14, 241, 1, 14, 49, 10608 }, // U+049D
    { 20, 18, 342, 1, 18, 90, 10657 }, // U+04A0
    { 16, 14, 257, 0, 14, 56, 10747 }, // U+04A1
    { 17, 22, 305, 2, 18, 94, 10803 }, // U+04A2
    { 15, 18, 247, 1, 14, 68, 10897 }, // U+04A3
    { 22, 18, 397, 2, 18, 99, 10965 }, // U+04A4
    { 16, 14, 275, 1, 14, 56, 11064 }, // U+04A5
    { 25, 19, 446, 2, 18, 119, 11120 }, // U+04A6
    { 22, 18, 371, 1, 14, 99, 11239 }, // U+04A7
    { 24, 18, 402, 1, 18, 108, 11338 }, // U+04A8
    { 19, 14, 319, 1, 14, 67, 11446 }, // U+04A9
    { 17, 24, 293, 1, 18, 102, 11513 }, // U+04AA
    { 13, 20, 231, 1, 14, 65, 11615 }, // U+04AB
    { 15, 22, 261, 1, 18, 83, 11680 }, // U+04AC
    { 12, 18, 192, 0, 14, 54, 11763 }, // U+04AD
    { 17, 18, 279, 0, 18, 77, 11817 }, // U+04AE
    { 14, 19, 230, 0, 14, 67, 11894 }, // U+04AF
    { 17, 18, 279, 0, 18, 77, 11961 }, // U+04B0
    { 14, 19, 230, 0, 14, 67, 12038 }, // U+04B1
    { 18, 22, 290, 0, 18, 99, 12105 }, // U+04B2
    { 15, 18, 232, 0, 14, 68, 12204 }, // U+04B3
    { 22, 22, 371, 1, 18, 121, 12272 }, // U+04B4
    { 17, 18, 271, 0, 14, 77, 12393 }, // U+04B5
    { 17, 22, 289, 1, 18, 94, 12470 }, // U+04B6
    { 14, 18, 242, 1, 14, 63, 12564 }, // U+04B7
    { 15, 18, 281, 1, 18, 68, 12627 }, // U+04B8
    { 12, 14, 234, 1, 14, 42, 12695 }, // U+04B9
    { 14, 18, 281, 2, 18, 63, 12737 }, // U+04BA
    { 13, 18, 241, 1, 18, 59, 12800 }, // U+04BB
    { 20, 18, 343, 0, 18, 90, 12859 }, // U+04BC
    { 18, 14, 291, 0, 14, 63, 12949 }, // U+04BD
    { 20, 22, 343, 0, 18, 110, 13012 }, // U+04BE
    { 18, 20, 291, 0, 14, 90, 13122 }, // U+04BF
    { 3, 18, 109, 2, 18, 14, 13212 }, // U+04C0
    { 25, 25, 398, 0, 25, 157, 13226 }, // U+04C1
    { 20, 20, 331, 0, 20, 100, 13383 }, // U+04C2
    { 14, 22, 275, 2, 18, 77, 13483 }, // U+04C3
    { 13, 18, 239, 1, 14, 59, 13560 }, // U+04C4
    { 19, 22, 299, 1, 18, 105, 13619 }, // U+04C5
    { 16, 18, 234, 0, 14, 72, 13724 }, // U+04C6
    { 15, 23, 298, 2, 18, 87, 13796 }, // U+04C7
    { 13, 19, 240, 1, 14, 62, 13883 }, // U+04C8
    { 17, 22, 298, 2, 18, 94, 13945 }, // U+04C9
    { 15, 18, 240, 1, 14, 68, 14039 }, // U+04CA
    { 15, 22, 289, 1, 18, 83, 14107 }, // U+04CB
    { 12, 18, 242, 1, 14, 54, 14190 }, // U+04CC
    { 22, 22, 365, 2, 18, 121, 14244 }, // U+04CD
    { 20, 18, 314, 1, 14, 90, 14365 }, // U+04CE
    { 4, 18, 101, 1, 18, 18, 14455 }, // U+04CF
    { 18, 25, 284, 0, 25, 113, 14473 }, // U+04D0
    { 12, 20, 227, 1, 20, 60, 14586 }, // U+04D1
    { 18, 24, 284, 0, 24, 108, 14646 }, // U+04D2
    { 12, 19, 227, 1, 19, 57, 14754 }, // U+04D3
    { 24, 18, 401, 0, 18, 108, 14811 }, // U+04D4
    { 21, 14, 366, 1, 14, 74, 14919 }, // U+04D5
    { 12, 25, 241, 2, 25, 75, 14993 }, // U+04D6
    { 13, 20, 235, 1, 20, 65, 15068 }, // U+04D7
    { 17, 18, 299, 1, 18, 77, 15133 }, // U+04D8
    { 13, 14, 235, 1, 14, 46, 15210 }, // U+04D9
    { 17, 24, 299, 1, 24, 102, 15256 }, // U+04DA
    { 13, 19, 235, 1, 19, 62, 15358 }, // U+04DB
    { 25, 24, 398, 0, 24, 150, 15420 }, // U+04DC
    { 20, 19, 331, 0, 19, 95, 15570 }, // U+04DD
    { 14, 24, 251, 1, 24, 84, 15665 }, // U+04DE
    { 11, 19, 201, 1, 19, 53, 15749 }, // U+04DF
    { 14, 18, 252, 1, 18, 63, 15802 }, // U+04E0
    { 14, 18, 252, 1, 13, 63, 15865 }, // U+04E1
    { 15, 25, 303, 2, 25, 94, 15928 }, // U+04E2
    { 13, 20, 241, 1, 20, 65, 16022 }, // U+04E3
    { 15, 24, 303, 2, 24, 90, 16087 }, // U+04E4
    { 13, 19, 241, 1, 19, 62, 16177 }, // U+04E5
    { 17, 24, 307, 1, 24, 102, 16239 }, // U+04E6
    { 13, 19, 242, 1, 19, 62, 16341 }, // U+04E7
    { 17, 18, 307, 1, 18, 77, 16403 }, // U+04E8
    { 13, 14, 242, 1, 14, 46, 16480 }, // U+04E9
    { 17, 24, 307, 1, 24, 102, 16526 }, // U+04EA
    { 13, 19, 242, 1, 19, 62, 16628 }, // U+04EB
    { 16, 24, 293, 1, 24, 96, 16690 }, // U+04EC
    { 13, 19, 231, 1, 19, 62, 16786 }, // U+04ED
    { 16, 25, 260, 0, 25, 100, 16848 }, // U+04EE
    { 14, 25, 230, 0, 20, 88, 16948 }, // U+04EF
    { 16, 24, 260, 0, 24, 96, 17036 }, // U+04F0
    { 14, 24, 230, 0, 19, 84, 17132 }, // U+04F1
    { 16, 25, 260, 0, 25, 100, 17216 }, // U+04F2
    { 14, 25, 230, 0, 20, 88, 17316 }, // U+04F3
    { 15, 24, 281, 1, 24, 90, 17404 }, // U+04F4
    { 12, 19, 234, 1, 19, 57, 17494 }, // U+04F5
    { 12, 22, 232, 2, 18, 66, 17551 }, // U+04F6
    { 10, 18, 177, 1, 14, 45, 17617 }, // U+04F7
    { 19, 24, 358, 2, 24, 114, 17662 }, // U+04F8
    { 17, 19, 304, 1, 19, 81, 17776 }, // U+04F9
    { 14, 23, 240, 0, 18, 81, 17857 }, // U+04FA
    { 11, 19, 177, 0, 14, 53, 17938 }, // U+04FB
    { 19, 23, 292, 0, 18, 110, 17991 }, // U+04FC
    { 13, 19, 211, 0, 14, 62, 18101 }, // U+04FD
    { 17, 18, 280, 0, 18, 77, 18163 }, // U+04FE
    { 14, 14, 223, 0, 14, 49, 18240 }, // U+04FF
    { 15, 15, 253, 0, 15, 57, 0 }, // U+05D0
    { 13, 15, 229, 1, 15, 49, 57 }, // U+05D1
    { 9, 16, 150, 0, 15, 36, 106 }, // U+05D2
    { 13, 15, 217, 0, 15, 49, 142 }, // U+05D3
    { 13, 15, 251, 1, 15, 49, 191 }, // U+05D4
    { 6, 15, 120, 0, 15, 23, 240 }, // U+05D5
    { 7, 15, 132, 1, 15, 27, 263 }, // U+05D6
    { 14, 15, 265, 1, 15, 53, 290 }, // U+05D7
    { 14, 15, 254, 1, 15, 53, 343 }, // U+05D8
    { 6, 9, 118, 0, 15, 14, 396 }, // U+05D9
    { 11, 20, 218, 1, 15, 55, 410 }, // U+05DA
    { 11, 15, 206, 1, 15, 42, 465 }, // U+05DB
    { 13, 20, 209, 0, 20, 65, 507 }, // U+05DC
    { 15, 15, 274, 1, 15, 57, 572 }, // U+05DD
    { 15, 15, 264, 1, 15, 57, 629 }, // U+05DE
    { 5, 20, 132, 1, 15, 25, 686 }, // U+05DF
    { 7, 15, 152, 1, 15, 27, 711 }, // U+05E0
    { 14, 15, 257, 1, 15, 53, 738 }, // U+05E1
    { 14, 17, 237, 0, 16, 60, 791 }, // U+05E2
    { 13, 20, 248, 1, 15, 65, 851 }, // U+05E3
    { 13, 15, 240, 1, 15, 49, 916 }, // U+05E4
    { 13, 20, 212, 0, 15, 65, 965 }, // U+05E5
    { 12, 15, 222, 1, 15, 45, 1030 }, // U+05E6
    { 14, 20, 251, 1, 15, 70, 1075 }, // U+05E7
    { 11, 15, 209, 1, 15, 42, 1145 }, // U+05E8
    { 16, 15, 292, 1, 15, 60, 1187 }, // U+05E9
    { 16, 15, 274, 0, 15, 60, 1247 }, // U+05EA
    { 14, 13, 253, 0, 19, 46, 1307 }, // U+05EF
    { 13, 15, 236, 0, 15, 49, 1353 }, // U+05F0
    { 14, 15, 241, 0, 15, 53, 1402 }, // U+05F1
    { 14, 9, 240, 0, 15, 32, 1455 }, // U+05F2
    { 4, 7, 74, 0, 15, 7, 1487 }, // U+05F3
    { 9, 7, 146, 0, 15, 16, 1494 }, // U+05F4
    { 18, 23, 284, 0, 18, 104, 0 }, // U+1EA0
    { 12, 19, 227, 1, 14, 57, 104 }, // U+1EA1
    { 18, 25, 284, 0, 25, 113, 161 }, // U+1EA2
    { 12, 20, 227, 1, 20, 60, 274 }, // U+1EA3
    { 18, 28, 284, 0, 28, 126, 334 }, // U+1EA4
    { 12, 23, 227, 1, 23, 69, 460 }, // U+1EA5
    { 18, 28, 284, 0, 28, 126, 529 }, // U+1EA6
    { 12, 23, 227, 1, 23, 69, 655 }, // U+1EA7
    { 18, 29, 284, 0, 29, 131, 724 }, // U+1EA8
    { 12, 24, 227, 1, 24, 72, 855 }, // U+1EA9
    { 18, 28, 284, 0, 28, 126, 927 }, // U+1EAA
    { 12, 23, 227, 1, 23, 69, 1053 }, // U+1EAB
    { 18, 30, 284, 0, 25, 135, 1122 }, // U+1EAC
    { 12, 25, 227, 1, 20, 75, 1257 }, // U+1EAD
    { 18, 28, 284, 0, 28, 126, 1332 }, // U+1EAE
    { 12, 23, 227, 1, 23, 69, 1458 }, // U+1EAF
    { 18, 28, 284, 0, 28, 126, 1527 }, // U+1EB0
    { 12, 23, 227, 1, 23, 69, 1653 }, // U+1EB1
    { 18, 28, 284, 0, 28, 126, 1722 }, // U+1EB2
    { 12, 23, 227, 1, 23, 69, 1848 }, // U+1EB3
    { 18, 28, 284, 0, 28, 126, 1917 }, // U+1EB4
    { 12, 23, 227, 1, 23, 69, 2043 }, // U+1EB5
    { 18, 30, 284, 0, 25, 135, 2112 }, // U+1EB6
    { 12, 25, 227, 1, 20, 75, 2247 }, // U+1EB7
    { 12, 23, 241, 2, 18, 69, 2322 }, // U+1EB8
    { 13, 19, 235, 1, 14, 62, 2391 }, // U+1EB9
    { 12, 25, 241, 2, 25, 75, 2453 }, // U+1EBA
    { 13, 20, 235, 1, 20, 65, 2528 }, // U+1EBB
    { 12, 24, 241, 2, 24, 72, 2593 }, // U+1EBC
    { 13, 19, 235, 1, 19, 62, 2665 }, // U+1EBD
    { 12, 28, 241, 2, 28, 84, 2727 }, // U+1EBE
    { 13, 23, 235, 1, 23, 75, 2811 }, // U+1EBF
    { 12, 28, 241, 2, 28, 84, 2886 }, // U+1EC0
    { 13, 23, 235, 1, 23, 75, 2970 }, // U+1EC1
    { 12, 29, 241, 2, 29, 87, 3045 }, // U+1EC2
    { 13, 24, 235, 1, 24, 78, 3132 }, // U+1EC3
    { 12, 28, 241, 2, 28, 84, 3210 }, // U+1EC4
    { 13, 23, 235, 1, 23, 75, 3294 }, // U+1EC5
    { 12, 30, 241, 2, 25, 90, 3369 }, // U+1EC6
    { 13, 25, 235, 1, 20, 82, 3459 }, // U+1EC7
    { 5, 25, 109, 1, 25, 32, 3541 }, // U+1EC8
    { 5, 20, 101, 1, 20, 25, 3573 }, // U+1EC9
    { 5, 23, 109, 1, 18, 29, 3598 }, // U+1ECA
    { 4, 24, 101, 1, 19, 24, 3627 }, // U+1ECB
    { 17, 23, 307, 1, 18, 98, 3651 }, // U+1ECC
    { 13, 19, 242, 1, 14, 62, 3749 }, // U+1ECD
    { 17, 25, 307, 1, 25, 107, 3811 }, // U+1ECE
    { 13, 20, 242, 1, 20, 65, 3918 }, // U+1ECF
    { 17, 28, 307, 1, 28, 119, 3983 }, // U+1ED0
    { 13, 23, 242, 1, 23, 75, 4102 }, // U+1ED1
    { 17, 28, 307, 1, 28, 119, 4177 }, // U+1ED2
    { 13, 23, 242, 1, 23, 75, 4296 }, // U+1ED3
    { 17, 29, 307, 1, 29, 124, 4371 }, // U+1ED4
    { 13, 24, 242, 1, 24, 78, 4495 }, // U+1ED5
    { 17, 28, 307, 1, 28, 119, 4573 }, // U+1ED6
    { 13, 23, 242, 1, 23, 75, 4692 }, // U+1ED7
    { 17, 30, 307, 1, 25, 128, 4767 }, // U+1ED8
    { 13, 25, 242, 1, 20, 82, 4895 }, // U+1ED9
    { 17, 25, 307, 1, 25, 107, 4977 }, // U+1EDA
    { 14, 20, 241, 1, 20, 70, 5084 }, // U+1EDB
    { 17, 25, 307, 1, 25, 107, 5154 }, // U+1EDC
    { 14, 20, 241, 1, 20, 70, 5261 }, // U+1EDD
    { 17, 25, 307, 1, 25, 107, 5331 }, // U+1EDE
    { 14, 20, 241, 1, 20, 70, 5438 }, // U+1EDF
    { 17, 24, 307, 1, 24, 102, 5508 }, // U+1EE0
    { 14, 19, 241, 1, 19, 67, 5610 }, // U+1EE1
    { 17, 26, 307, 1, 21, 111, 5677 }, // U+1EE2
    { 14, 22, 241, 1, 17, 77, 5788 }, // U+1EE3
    { 15, 23, 296, 2, 18, 87, 5865 }, // U+1EE4
    { 13, 19, 241, 1, 14, 62, 5952 }, // U+1EE5
    { 15, 25, 296, 2, 25, 94, 6014 }, // U+1EE6
    { 13, 20, 241, 1, 20, 65, 6108 }, // U+1EE7
    { 17, 25, 295, 2, 25, 107, 6173 }, // U+1EE8
    { 15, 20, 253, 1, 20, 75, 6280 }, // U+1EE9
    { 17, 25, 295, 2, 25, 107, 6355 }, // U+1EEA
    { 15, 20, 253, 1, 20, 75, 6462 }, // U+1EEB
    { 17, 25, 295, 2, 25, 107, 6537 }, // U+1EEC
    { 15, 20, 253, 1, 20, 75, 6644 }, // U+1EED
    { 17, 24, 295, 2, 24, 102, 6719 }, // U+1EEE
    { 15, 19, 253, 1, 19, 72, 6821 }, // U+1EEF
    { 17, 26, 295, 2, 21, 111, 6893 }, // U+1EF0
    { 15, 22, 253, 1, 17, 83, 7004 }, // U+1EF1
    { 17, 25, 279, 0, 25, 107, 7087 }, // U+1EF2
    { 14, 25, 230, 0, 20, 88, 7194 }, // U+1EF3
    { 17, 23, 279, 0, 18, 98, 7282 }, // U+1EF4
    { 14, 19, 230, 0, 14, 67, 7380 }, // U+1EF5
    { 17, 25, 279, 0, 25, 107, 7447 }, // U+1EF6
    { 14, 25, 230, 0, 20, 88, 7554 }, // U+1EF7
    { 17, 24, 279, 0, 24, 102, 7642 }, // U+1EF8
    { 14, 24, 230, 0, 19, 84, 7744 }, // U+1EF9
    { 0, 0, 221, 0, 0, 0, 0 }, // U+2000
    { 0, 0, 441, 0, 0, 0, 0 }, // U+2001
    { 0, 0, 200, 0, 0, 0, 0 }, // U+2002
    { 0, 0, 400, 0, 0, 0, 0 }, // U+2003
    { 0, 0, 134, 0, 0, 0, 0 }, // U+2004
    { 0, 0, 100, 0, 0, 0, 0 }, // U+2005
    { 0, 0, 66, 0, 0, 0, 0 }, // U+2006
    { 0, 0, 259, 0, 0, 0, 0 }, // U+2007
    { 0, 0, 121, 0, 0, 0, 0 }, // U+2008
    { 0, 0, 69, 0, 0, 0, 0 }, // U+2009
    { 0, 0, 35, 0, 0, 0, 0 }, // U+200A
    { 0, 0, 0, 0, 0, 0, 0 }, // U+200B
    { 2, 19, 0, -1, 18, 10, 0 }, // U+200C
    { 6, 19, 0, -3, 18, 29, 10 }, // U+200D
    { 7, 20, 0, -1, 18, 35, 39 }, // U+200E
    { 7, 20, 0, -6, 18, 35, 74 }, // U+200F
    { 9, 3, 156, 0, 10, 7, 109 }, // U+2010
    { 9, 3, 156, 0, 10, 7, 116 }, // U+2011
    { 15, 3, 259, 1, 10, 12, 123 }, // U+2012
    { 13, 3, 200, 0, 10, 10, 135 }, // U+2013
    { 25, 3, 400, 0, 10, 19, 145 }, // U+2014
    { 25, 3, 400, 0, 10, 19, 164 }, // U+2015
    { 7, 31, 203, 3, 25, 55, 183 }, // U+2016
    { 12, 6, 184, 0, 1, 18, 238 }, // U+2017
    { 5, 7, 111, 1, 18, 9, 256 }, // U+2018
    { 5, 7, 111, 1, 18, 9, 265 }, // U+2019
    { 5, 7, 103, 1, 2, 9, 274 }, // U+201A
    { 5, 7, 111, 0, 18, 9, 283 }, // U+201B
    { 10, 7, 189, 1, 18, 18, 292 }, // U+201C
    { 10, 7, 188, 1, 18, 18, 310 }, // U+201D
    { 10, 7, 180, 1, 2, 18, 328 }, // U+201E
    { 10, 7, 188, 0, 18, 18, 346 }, // U+201F
    { 11, 14, 209, 1, 18, 39, 364 }, // U+2020
    { 11, 18, 209, 1, 18, 50, 403 }, // U+2021
    { 9, 8, 213, 2, 11, 18, 453 }, // U+2022
    { 8, 9, 213, 3, 12, 18, 471 }, // U+2023
    { 5, 4, 121, 1, 4, 5, 489 }, // U+2024
    { 13, 4, 243, 1, 4, 13, 494 }, // U+2025
    { 20, 4, 364, 1, 4, 20, 507 }, // U+2026
    { 5, 4, 121, 1, 11, 5, 527 }, // U+2027
    { 0, 0, 69, 0, 0, 0, 532 }, // U+202F
    { 30, 18, 541, 2, 18, 135, 532 }, // U+2030
    { 39, 18, 686, 2, 18, 176, 667 }, // U+2031
    { 4, 7, 96, 1, 18, 7, 843 }, // U+2032
    { 10, 7, 191, 1, 18, 18, 850 }, // U+2033
    { 16, 7, 286, 1, 18, 28, 868 }, // U+2034
    { 4, 7, 96, 1, 18, 7, 896 }, // U+2035
    { 10, 7, 191, 1, 18, 18, 903 }, // U+2036
    { 16, 7, 286, 1, 18, 28, 921 }, // U+2037
    { 10, 6, 195, 1, -1, 15, 949 }, // U+2038
    { 9, 12, 160, 1, 14, 27, 964 }, // U+2039
    { 9, 12, 160, 0, 14, 27, 991 }, // U+203A
    { 15, 14, 279, 1, 15, 53, 1018 }, // U+203B
    { 13, 18, 244, 1, 18, 59, 1071 }, // U+203C
    { 12, 18, 210, 0, 18, 54, 1130 }, // U+203D
    { 13, 3, 211, 0, 22, 10, 1184 }, // U+203E
    { 20, 5, 331, 0, -1, 25, 1194 }, // U+203F
    { 20, 6, 331, 0, 19, 30, 1219 }, // U+2040
    { 10, 15, 184, 1, 8, 38, 1249 }, // U+2041
    { 16, 15, 295, 1, 17, 60, 1287 }, // U+2042
    { 8, 3, 213, 3, 9, 6, 1347 }, // U+2043
    { 15, 18, 79, -5, 18, 68, 1353 }, // U+2044
    { 6, 23, 147, 2, 20, 35, 1421 }, // U+2045
    { 6, 23, 147, 1, 20, 35, 1456 }, // U+2046
    { 26, 18, 422, 0, 18, 117, 1491 }, // U+2047
    { 19, 18, 333, 0, 18, 86, 1608 }, // U+2048
    { 19, 18, 333, 1, 18, 86, 1694 }, // U+2049
    { 10, 19, 181, 1, 14, 48, 1780 }, // U+204A
    { 12, 18, 240, 2, 18, 54, 1828 }, // U+204B
    { 12, 11, 239, 1, 13, 33, 1882 }, // U+204C
    { 13, 11, 239, 1, 13, 36, 1915 }, // U+204D
    { 11, 10, 208, 1, 8, 28, 1951 }, // U+204E
    { 6, 18, 126, 1, 13, 27, 1979 }, // U+204F
    { 20, 26, 330, 0, 19, 130, 2006 }, // U+2050
    { 11, 23, 221, 2, 18, 64, 2136 }, // U+2051
    { 17, 18, 306, 1, 18, 77, 2200 }, // U+2052
    { 16, 5, 295, 1, 11, 20, 2277 }, // U+2053
    { 20, 5, 331, 0, -1, 25, 2297 }, // U+2054
    { 13, 11, 242, 1, 12, 36, 2322 }, // U+2055
    { 22, 7, 381, 1, 18, 39, 2358 }, // U+2057
    { 0, 0, 114, 0, 0, 0, 2397 }, // U+205F
    { 10, 10, 189, 1, 21, 25, 0 }, // U+2070
    { 3, 11, 83, 1, 22, 9, 25 }, // U+2071
    { 10, 10, 188, 1, 21, 25, 34 }, // U+2074
    { 10, 10, 180, 1, 21, 25, 59 }, // U+2075
    { 10, 10, 182, 1, 21, 25, 84 }, // U+2076
    { 9, 10, 165, 1, 21, 23, 109 }, // U+2077
    { 10, 10, 184, 1, 21, 25, 132 }, // U+2078
    { 10, 10, 182, 1, 21, 25, 157 }, // U+2079
    { 9, 7, 177, 1, 19, 16, 182 }, // U+207A
    { 9, 2, 177, 1, 17, 5, 198 }, // U+207B
    { 9, 5, 177, 1, 19, 12, 203 }, // U+207C
    { 5, 13, 111, 1, 22, 17, 215 }, // U+207D
    { 6, 13, 111, 0, 22, 20, 232 }, // U+207E
    { 9, 8, 178, 1, 19, 18, 252 }, // U+207F
    { 10, 10, 189, 1, 6, 25, 270 }, // U+2080
    { 6, 10, 126, 1, 6, 15, 295 }, // U+2081
    { 9, 10, 179, 1, 6, 23, 310 }, // U+2082
    { 10, 10, 182, 1, 6, 25, 333 }, // U+2083
    { 10, 10, 188, 1, 6, 25, 358 }, // U+2084
    { 10, 10, 180, 1, 6, 25, 383 }, // U+2085
    { 10, 10, 182, 1, 6, 25, 408 }, // U+2086
    { 9, 10, 165, 1, 6, 23, 433 }, // U+2087
    { 10, 10, 184, 1, 6, 25, 456 }, // U+2088
    { 10, 10, 182, 1, 6, 25, 481 }, // U+2089
    { 9, 7, 177, 1, 4, 16, 506 }, // U+208A
    { 9, 2, 177, 1, 2, 5, 522 }, // U+208B
    { 9, 5, 177, 1, 4, 12, 527 }, // U+208C
    { 5, 13, 111, 1, 7, 17, 539 }, // U+208D
    { 6, 13, 111, 0, 7, 20, 556 }, // U+208E
    { 9, 8, 163, 0, 4, 18, 576 }, // U+2090
    { 9, 8, 169, 1, 4, 18, 594 }, // U+2091
    { 9, 8, 173, 1, 4, 18, 612 }, // U+2092
    { 10, 8, 165, 0, 4, 20, 630 }, // U+2093
    { 10, 10, 184, 1, 5, 25, 650 }, // U+2094
    { 9, 10, 178, 1, 6, 23, 675 }, // U+2095
    { 9, 10, 163, 1, 6, 23, 698 }, // U+2096
    { 3, 10, 83, 1, 6, 8, 721 }, // U+2097
    { 14, 8, 253, 1, 4, 28, 729 }, // U+2098
    { 9, 8, 178, 1, 4, 18, 757 }, // U+2099
    { 10, 11, 178, 1, 4, 28, 775 }, // U+209A
    { 8, 8, 160, 1, 4, 16, 803 }, // U+209B
    { 6, 10, 102, 0, 6, 15, 819 }, // U+209C
    { 16, 19, 296, 1, 19, 76, 0 }, // U+20A0
    { 17, 23, 293, 1, 21, 98, 76 }, // U+20A1
    { 16, 18, 291, 1, 18, 72, 174 }, // U+20A2
    { 15, 18, 243, -1, 18, 68, 246 }, // U+20A3
    { 14, 18, 248, 1, 18, 63, 314 }, // U+20A4
    { 19, 18, 344, 1, 16, 86, 377 }, // U+20A5
    { 19, 18, 306, 0, 18, 86, 463 }, // U+20A6
    { 23, 18, 393, 2, 18, 104, 549 }, // U+20A7
    { 26, 18, 455, 2, 18, 117, 653 }, // U+20A8
    { 24, 18, 393, 0, 18, 108, 770 }, // U+20A9
    { 18, 14, 341, 2, 14, 63, 878 }, // U+20AA
    { 15, 23, 247, 1, 18, 87, 941 }, // U+20AB
    { 16, 18, 269, 0, 18, 72, 1028 }, // U+20AC
    { 18, 18, 296, 0, 18, 81, 1100 }, // U+20AD
    { 15, 18, 261, 1, 18, 68, 1181 }, // U+20AE
    { 34, 26, 566, 1, 21, 221, 1249 }, // U+20AF
    { 17, 18, 273, 0, 18, 77, 1470 }, // U+20B1
    { 17, 24, 299, 1, 21, 102, 1547 }, // U+20B2
    { 18, 18, 284, 0, 18, 81, 1649 }, // U+20B3
    { 15, 18, 267, 1, 18, 68, 1730 }, // U+20B4
    { 17, 24, 293, 1, 21, 102, 1798 }, // U+20B5
    { 15, 18, 261, 1, 18, 68, 1900 }, // U+20B8
    { 14, 19, 221, 0, 18, 67, 1968 }, // U+20B9
    { 13, 18, 244, 1, 18, 59, 2035 }, // U+20BA
    { 16, 14, 295, 1, 14, 56, 2094 }, // U+20BC
    { 16, 18, 286, 1, 18, 72, 2150 }, // U+20BD
    { 16, 18, 295, 1, 18, 72, 2222 }, // U+20BE
    { 14, 24, 263, 2, 21, 84, 2294 }, // U+20BF
    { 11, 15, 198, 1, 15, 42, 2378 }, // U+20C0
    { 19, 18, 382, 2, 17, 86, 0 }, // U+2190
    { 17, 19, 343, 2, 19, 81, 86 }, // U+2191
    { 19, 18, 382, 3, 17, 86, 167 }, // U+2192
    { 17, 19, 343, 2, 18, 81, 253 }, // U+2193
    { 30, 17, 536, 2, 17, 128, 334 }, // U+2194
    { 17, 30, 337, 2, 23, 128, 462 }, // U+2195
    { 14, 15, 311, 3, 14, 53, 590 }, // U+2196
    { 15, 15, 311, 2, 14, 57, 643 }, // U+2197
    { 15, 14, 311, 2, 14, 53, 700 }, // U+2198
    { 14, 14, 311, 3, 14, 49, 753 }, // U+2199
    { 25, 20, 460, 2, 19, 125, 802 }, // U+21A9
    { 25, 20, 460, 2, 19, 125, 927 }, // U+21AA
    { 21, 19, 398, 2, 19, 100, 1052 }, // U+21B0
    { 21, 19, 398, 2, 19, 100, 1152 }, // U+21B1
    { 21, 17, 398, 2, 19, 90, 1252 }, // U+21B3
    { 17, 20, 342, 2, 19, 85, 1342 }, // U+21B4
    { 21, 17, 398, 2, 19, 90, 1427 }, // U+21B5
    { 20, 23, 382, 2, 23, 115, 1517 }, // U+21BA
    { 20, 23, 382, 2, 23, 115, 1632 }, // U+21BB
    { 19, 17, 382, 2, 17, 81, 1747 }, // U+21D0
    { 19, 18, 382, 3, 18, 86, 1828 }, // U+21D2
    { 30, 18, 536, 2, 18, 135, 1914 }, // U+21D4
    { 12, 19, 247, 2, 19, 57, 2049 }, // U+21DE
    { 12, 20, 247, 2, 19, 60, 2106 }, // U+21DF
    { 22, 12, 411, 2, 15, 66, 2166 }, // U+21E4
    { 22, 12, 411, 2, 15, 66, 2232 }, // U+21E5
    { 23, 21, 421, 2, 21, 121, 2298 }, // U+21E7
    { 23, 25, 421, 2, 21, 144, 2419 }, // U+21EA
    { 14, 19, 258, 1, 19, 67, 0 }, // U+2202
    { 15, 16, 274, 1, 15, 60, 67 }, // U+2205
    { 17, 18, 281, 0, 18, 77, 127 }, // U+2206
    { 15, 22, 295, 2, 19, 83, 204 }, // U+220F
    { 15, 22, 268, 1, 19, 83, 287 }, // U+2211
    { 13, 3, 267, 2, 9, 10, 370 }, // U+2212
    { 15, 18, 257, 1, 18, 68, 380 }, // U+221A
    { 22, 10, 380, 1, 13, 55, 448 }, // U+221E
    { 11, 26, 150, -1, 20, 72, 503 }, // U+222B
    { 5, 13, 121, 1, 16, 17, 575 }, // U+2236
    { 13, 11, 267, 2, 13, 36, 592 }, // U+2248
    { 13, 14, 267, 2, 14, 46, 628 }, // U+2260
    { 13, 14, 267, 2, 15, 46, 674 }, // U+2264
    { 13, 14, 267, 2, 15, 46, 720 }, // U+2265
    { 35, 35, 556, 0, 27, 307, 766 }, // U+2295
    { 35, 35, 556, 0, 27, 307, 1073 }, // U+2296
    { 35, 35, 556, 0, 27, 307, 1380 }, // U+2297
    { 35, 35, 556, 0, 27, 307, 1687 }, // U+2298
};

static const EpdUnicodeInterval inksans_12_regularIntervals[] = {
    { 0x0, 0x0, 0x0 },
    { 0xD, 0xD, 0x1 },
    { 0x20, 0x7E, 0x2 },
    { 0xA0, 0xAC, 0x61 },
    { 0xAE, 0x148, 0x6E },
    { 0x14A, 0x17F, 0x109 },
    { 0x1A0, 0x1A1, 0x13F },
    { 0x1AF, 0x1B0, 0x141 },
    { 0x1C5, 0x21F, 0x143 },
    { 0x300, 0x304, 0x19E },
    { 0x306, 0x30C, 0x1A3 },
    { 0x30F, 0x30F, 0x1AA },
    { 0x313, 0x313, 0x1AB },
    { 0x315, 0x315, 0x1AC },
    { 0x31B, 0x31B, 0x1AD },
    { 0x323, 0x323, 0x1AE },
    { 0x326, 0x328, 0x1AF },
    { 0x32C, 0x32C, 0x1B2 },
    { 0x337, 0x338, 0x1B3 },
    { 0x342, 0x343, 0x1B5 },
    { 0x346, 0x36F, 0x1B7 },
    { 0x400, 0x479, 0x1E1 },
    { 0x480, 0x49D, 0x25B },
    { 0x4A0, 0x4FF, 0x279 },
    { 0x5D0, 0x5EA, 0x2D9 },
    { 0x5EF, 0x5F4, 0x2F4 },
    { 0x1EA0, 0x1EF9, 0x2FA },
    { 0x2000, 0x2027, 0x354 },
    { 0x202F, 0x2055, 0x37C },
    { 0x2057, 0x2057, 0x3A3 },
    { 0x205F, 0x205F, 0x3A4 },
    { 0x2070, 0x2071, 0x3A5 },
    { 0x2074, 0x208E, 0x3A7 },
    { 0x2090, 0x209C, 0x3C2 },
    { 0x20A0, 0x20AF, 0x3CF },
    { 0x20B1, 0x20B5, 0x3DF },
    { 0x20B8, 0x20BA, 0x3E4 },
    { 0x20BC, 0x20C0, 0x3E7 },
    { 0x2190, 0x2199, 0x3EC },
    { 0x21A9, 0x21AA, 0x3F6 },
    { 0x21B0, 0x21B1, 0x3F8 },
    { 0x21B3, 0x21B5, 0x3FA },
    { 0x21BA, 0x21BB, 0x3FD },
    { 0x21D0, 0x21D0, 0x3FF },
    { 0x21D2, 0x21D2, 0x400 },
    { 0x21D4, 0x21D4, 0x401 },
    { 0x21DE, 0x21DF, 0x402 },
    { 0x21E4, 0x21E5, 0x404 },
    { 0x21E7, 0x21E7, 0x406 },
    { 0x21EA, 0x21EA, 0x407 },
    { 0x2202, 0x2202, 0x408 },
    { 0x2205, 0x2206, 0x409 },
    { 0x220F, 0x220F, 0x40B },
    { 0x2211, 0x2212, 0x40C },
    { 0x221A, 0x221A, 0x40E },
    { 0x221E, 0x221E, 0x40F },
    { 0x222B, 0x222B, 0x410 },
    { 0x2236, 0x2236, 0x411 },
    { 0x2248, 0x2248, 0x412 },
    { 0x2260, 0x2260, 0x413 },
    { 0x2264, 0x2265, 0x414 },
    { 0x2295, 0x2298, 0x416 },
};

static const EpdFontGroup inksans_12_regularGroups[] = {
    { 0, 2518, 5606, 97, 0 },
    { 2518, 2294, 6901, 95, 97 },
    { 4812, 2758, 10679, 127, 192 },
    { 7570, 2692, 9466, 95, 319 },
    { 10262, 689, 1049, 67, 414 },
    { 10951, 6186, 20052, 248, 481 },
    { 17137, 732, 1735, 33, 729 },
    { 17869, 1457, 8842, 90, 762 },
    { 19326, 1251, 2661, 81, 852 },
    { 20577, 422, 1044, 42, 933 },
    { 20999, 1377, 2612, 29, 975 },
    { 22376, 971, 2786, 28, 1004 },
    { 23347, 731, 2126, 18, 1032 },
};

static const EpdKernClassEntry inksans_12_regularKernLeftClasses[] = {
    { 0x0022, 1 }, // "
    { 0x0024, 2 }, // $
    { 0x0025, 3 }, // %
    { 0x0026, 4 }, // &
    { 0x0027, 1 }, // '
    { 0x0028, 5 }, // (
    { 0x0029, 6 }, // )
    { 0x002A, 7 }, // *
    { 0x002B, 8 }, // +
    { 0x002C, 9 }, // ,
    { 0x002D, 8 }, // -
    { 0x002E, 9 }, // .
    { 0x002F, 10 }, // /
    { 0x0030, 11 }, // 0
    { 0x0031, 12 }, // 1
    { 0x0032, 13 }, // 2
    { 0x0033, 14 }, // 3
    { 0x0034, 15 }, // 4
    { 0x0035, 16 }, // 5
    { 0x0036, 17 }, // 6
    { 0x0037, 18 }, // 7
    { 0x0038, 14 }, // 8
    { 0x0039, 11 }, // 9
    { 0x003A, 19 }, // :
    { 0x003B, 19 }, // ;
    { 0x003D, 20 }, // =
    { 0x003E, 21 }, // >
    { 0x003F, 22 }, // ?
    { 0x0040, 23 }, // @
    { 0x0041, 24 }, // A
    { 0x0042, 25 }, // B
    { 0x0043, 26 }, // C
    { 0x0044, 23 }, // D
    { 0x0045, 27 }, // E
    { 0x0046, 28 }, // F
    { 0x0047, 29 }, // G
    { 0x0048, 12 }, // H
    { 0x0049, 12 }, // I
    { 0x004A, 30 }, // J
    { 0x004B, 31 }, // K
    { 0x004C, 32 }, // L
    { 0x004D, 12 }, // M
    { 0x004E, 12 }, // N
    { 0x004F, 23 }, // O
    { 0x0050, 33 }, // P
    { 0x0051, 23 }, // Q
    { 0x0052, 34 }, // R
    { 0x0053, 2 }, // S
    { 0x0054, 35 }, // T
    { 0x0055, 30 }, // U
    { 0x0056, 36 }, // V
    { 0x0057, 37 }, // W
    { 0x0058, 38 }, // X
    { 0x0059, 39 }, // Y
    { 0x005A, 40 }, // Z
    { 0x005B, 41 }, // [
    { 0x005C, 42 }, // <backslash>
    { 0x005D, 6 }, // ]
    { 0x005E, 7 }, // ^
    { 0x005F, 43 }, // _
    { 0x0061, 44 }, // a
    { 0x0062, 45 }, // b
    { 0x0063, 45 }, // c
    { 0x0064, 12 }, // d
    { 0x0065, 45 }, // e
    { 0x0066, 46 }, // f
    { 0x0067, 47 }, // g
    { 0x0068, 44 }, // h
    { 0x0069, 48 }, // i
    { 0x006A, 48 }, // j
    { 0x006B, 49 }, // k
    { 0x006C, 12 }, // l
    { 0x006D, 44 }, // m
    { 0x006E, 44 }, // n
    { 0x006F, 45 }, // o
    { 0x0070, 45 }, // p
    { 0x0071, 47 }, // q
    { 0x0072, 50 }, // r
    { 0x0073, 51 }, // s
    { 0x0074, 52 }, // t
    { 0x0075, 53 }, // u
    { 0x0076, 54 }, // v
    { 0x0077, 55 }, // w
    { 0x0078, 56 }, // x
    { 0x0079, 54 }, // y
    { 0x007A, 57 }, // z
    { 0x007B, 5 }, // {
    { 0x007C, 12 }, // |
    { 0x007D, 6 }, // }
    { 0x007E, 8 }, // ~
    { 0x00A1, 58 }, // U+00A1
    { 0x00A2, 45 }, // U+00A2
    { 0x00A5, 59 }, // U+00A5
    { 0x00A9, 23 }, // U+00A9
    { 0x00AA, 60 }, // U+00AA
    { 0x00AB, 61 }, // U+00AB
    { 0x00AC, 62 }, // U+00AC
    { 0x00AE, 63 }, // U+00AE
    { 0x00B0, 7 }, // U+00B0
    { 0x00B1, 20 }, // U+00B1
    { 0x00B2, 64 }, // U+00B2
    { 0x00B5, 65 }, // U+00B5
    { 0x00B6, 12 }, // U+00B6
    { 0x00B7, 66 }, // U+00B7
    { 0x00B9, 67 }, // U+00B9
    { 0x00BA, 60 }, // U+00BA
    { 0x00BB, 68 }, // U+00BB
    { 0x00BF, 69 }, // U+00BF
    { 0x00C0, 24 }, // U+00C0
    { 0x00C1, 24 }, // U+00C1
    { 0x00C2, 24 }, // U+00C2
    { 0x00C3, 24 }, // U+00C3
    { 0x00C4, 24 }, // U+00C4
    { 0x00C5, 24 }, // U+00C5
    { 0x00C6, 27 }, // U+00C6
    { 0x00C7, 26 }, // U+00C7
    { 0x00C8, 27 }, // U+00C8
    { 0x00C9, 27 }, // U+00C9
    { 0x00CA, 27 }, // U+00CA
    { 0x00CB, 27 }, // U+00CB
    { 0x00CC, 12 }, // U+00CC
    { 0x00CD, 12 }, // U+00CD
    { 0x00CE, 70 }, // U+00CE
    { 0x00CF, 70 }, // U+00CF
    { 0x00D0, 23 }, // U+00D0
    { 0x00D1, 12 }, // U+00D1
    { 0x00D2, 23 }, // U+00D2
    { 0x00D3, 23 }, // U+00D3
    { 0x00D4, 23 }, // U+00D4
    { 0x00D5, 23 }, // U+00D5
    { 0x00D6, 23 }, // U+00D6
    { 0x00D7, 71 }, // U+00D7
    { 0x00D8, 23 }, // U+00D8
    { 0x00D9, 30 }, // U+00D9
    { 0x00DA, 30 }, // U+00DA
    { 0x00DB, 30 }, // U+00DB
    { 0x00DC, 30 }, // U+00DC
    { 0x00DD, 39 }, // U+00DD
    { 0x00DE, 72 }, // U+00DE
    { 0x00DF, 73 }, // U+00DF
    { 0x00E0, 44 }, // U+00E0
    { 0x00E1, 44 }, // U+00E1
    { 0x00E2, 44 }, // U+00E2
    { 0x00E3, 44 }, // U+00E3
    { 0x00E4, 44 }, // U+00E4
    { 0x00E5, 44 }, // U+00E5
    { 0x00E6, 74 }, // U+00E6
    { 0x00E7, 45 }, // U+00E7
    { 0x00E8, 45 }, // U+00E8
    { 0x00E9, 45 }, // U+00E9
    { 0x00EA, 45 }, // U+00EA
    { 0x00EB, 45 }, // U+00EB
    { 0x00EC, 48 }, // U+00EC
    { 0x00ED, 48 }, // U+00ED
    { 0x00EE, 75 }, // U+00EE
    { 0x00EF, 76 }, // U+00EF
    { 0x00F0, 45 }, // U+00F0
    { 0x00F1, 77 }, // U+00F1
    { 0x00F2, 45 }, // U+00F2
    { 0x00F3, 45 }, // U+00F3
    { 0x00F4, 45 }, // U+00F4
    { 0x00F5, 78 }, // U+00F5
    { 0x00F6, 78 }, // U+00F6
    { 0x00F7, 8 }, // U+00F7
    { 0x00F8, 45 }, // U+00F8
    { 0x00F9, 53 }, // U+00F9
    { 0x00FA, 53 }, // U+00FA
    { 0x00FB, 53 }, // U+00FB
    { 0x00FC, 53 }, // U+00FC
    { 0x00FD, 54 }, // U+00FD
    { 0x00FE, 45 }, // U+00FE
    { 0x00FF, 54 }, // U+00FF
    { 0x0100, 24 }, // U+0100
    { 0x0101, 79 }, // U+0101
    { 0x0102, 24 }, // U+0102
    { 0x0103, 44 }, // U+0103
    { 0x0104, 24 }, // U+0104
    { 0x0105, 44 }, // U+0105
    { 0x0106, 26 }, // U+0106
    { 0x0107, 45 }, // U+0107
    { 0x0108, 26 }, // U+0108
    { 0x0109, 45 }, // U+0109
    { 0x010A, 26 }, // U+010A
    { 0x010B, 45 }, // U+010B
    { 0x010C, 26 }, // U+010C
    { 0x010D, 45 }, // U+010D
    { 0x010E, 23 }, // U+010E
    { 0x010F, 80 }, // U+010F
    { 0x0111, 81 }, // U+0111
    { 0x0112, 27 }, // U+0112
    { 0x0113, 45 }, // U+0113
    { 0x0114, 27 }, // U+0114
    { 0x0115, 45 }, // U+0115
    { 0x0116, 27 }, // U+0116
    { 0x0117, 45 }, // U+0117
    { 0x0118, 27 }, // U+0118
    { 0x0119, 45 }, // U+0119
    { 0x011A, 27 }, // U+011A
    { 0x011B, 45 }, // U+011B
    { 0x011C, 29 }, // U+011C
    { 0x011D, 47 }, // U+011D
    { 0x011E, 29 }, // U+011E
    { 0x011F, 47 }, // U+011F
    { 0x0120, 29 }, // U+0120
    { 0x0121, 47 }, // U+0121
    { 0x0122, 29 }, // U+0122
    { 0x0123, 47 }, // U+0123
    { 0x0124, 12 }, // U+0124
    { 0x0125, 44 }, // U+0125
    { 0x0126, 12 }, // U+0126
    { 0x0127, 44 }, // U+0127
    { 0x0128, 70 }, // U+0128
    { 0x0129, 82 }, // U+0129
    { 0x012A, 70 }, // U+012A
    { 0x012B, 83 }, // U+012B
    { 0x012C, 70 }, // U+012C
    { 0x012D, 84 }, // U+012D
    { 0x012E, 12 }, // U+012E
    { 0x012F, 48 }, // U+012F
    { 0x0130, 12 }, // U+0130
    { 0x0131, 48 }, // U+0131
    { 0x0133, 48 }, // U+0133
    { 0x0134, 30 }, // U+0134
    { 0x0135, 85 }, // U+0135
    { 0x0136, 31 }, // U+0136
    { 0x0137, 49 }, // U+0137
    { 0x0138, 49 }, // U+0138
    { 0x0139, 86 }, // U+0139
    { 0x013A, 87 }, // U+013A
    { 0x013B, 32 }, // U+013B
    { 0x013C, 12 }, // U+013C
    { 0x013D, 88 }, // U+013D
    { 0x013E, 12 }, // U+013E
    { 0x013F, 89 }, // U+013F
    { 0x0140, 90 }, // U+0140
    { 0x0141, 91 }, // U+0141
    { 0x0142, 90 }, // U+0142
    { 0x0143, 12 }, // U+0143
    { 0x0144, 44 }, // U+0144
    { 0x0145, 12 }, // U+0145
    { 0x0146, 44 }, // U+0146
    { 0x0147, 12 }, // U+0147
    { 0x0148, 44 }, // U+0148
    { 0x014A, 12 }, // U+014A
    { 0x014C, 23 }, // U+014C
    { 0x014D, 45 }, // U+014D
    { 0x014E, 23 }, // U+014E
    { 0x014F, 45 }, // U+014F
    { 0x0150, 23 }, // U+0150
    { 0x0151, 45 }, // U+0151
    { 0x0152, 27 }, // U+0152
    { 0x0153, 45 }, // U+0153
    { 0x0154, 34 }, // U+0154
    { 0x0155, 50 }, // U+0155
    { 0x0156, 34 }, // U+0156
    { 0x0157, 50 }, // U+0157
    { 0x0158, 34 }, // U+0158
    { 0x0159, 50 }, // U+0159
    { 0x015A, 2 }, // U+015A
    { 0x015B, 51 }, // U+015B
    { 0x015C, 2 }, // U+015C
    { 0x015D, 51 }, // U+015D
    { 0x015E, 2 }, // U+015E
    { 0x015F, 51 }, // U+015F
    { 0x0160, 2 }, // U+0160
    { 0x0161, 51 }, // U+0161
    { 0x0162, 92 }, // U+0162
    { 0x0163, 52 }, // U+0163
    { 0x0164, 93 }, // U+0164
    { 0x0165, 52 }, // U+0165
    { 0x0166, 94 }, // U+0166
    { 0x0167, 52 }, // U+0167
    { 0x0168, 30 }, // U+0168
    { 0x0169, 53 }, // U+0169
    { 0x016A, 30 }, // U+016A
    { 0x016B, 53 }, // U+016B
    { 0x016C, 30 }, // U+016C
    { 0x016D, 53 }, // U+016D
    { 0x016E, 30 }, // U+016E
    { 0x016F, 53 }, // U+016F
    { 0x0170, 30 }, // U+0170
    { 0x0171, 53 }, // U+0171
    { 0x0172, 30 }, // U+0172
    { 0x0173, 53 }, // U+0173
    { 0x0174, 37 }, // U+0174
    { 0x0175, 55 }, // U+0175
    { 0x0176, 39 }, // U+0176
    { 0x0177, 54 }, // U+0177
    { 0x0178, 39 }, // U+0178
    { 0x0179, 40 }, // U+0179
    { 0x017A, 57 }, // U+017A
    { 0x017B, 40 }, // U+017B
    { 0x017C, 57 }, // U+017C
    { 0x017D, 40 }, // U+017D
    { 0x017E, 57 }, // U+017E
    { 0x017F, 95 }, // U+017F
    { 0x01A0, 96 }, // U+01A0
    { 0x01A1, 97 }, // U+01A1
    { 0x01AF, 98 }, // U+01AF
    { 0x01B0, 99 }, // U+01B0
    { 0x01C5, 100 }, // U+01C5
    { 0x01C6, 57 }, // U+01C6
    { 0x01C8, 48 }, // U+01C8
    { 0x01C9, 48 }, // U+01C9
    { 0x01CB, 48 }, // U+01CB
    { 0x01CC, 48 }, // U+01CC
    { 0x01CD, 24 }, // U+01CD
    { 0x01CE, 44 }, // U+01CE
    { 0x01CF, 87 }, // U+01CF
    { 0x01D0, 101 }, // U+01D0
    { 0x01D1, 23 }, // U+01D1
    { 0x01D2, 45 }, // U+01D2
    { 0x01D3, 30 }, // U+01D3
    { 0x01D4, 53 }, // U+01D4
    { 0x01D5, 30 }, // U+01D5
    { 0x01D6, 53 }, // U+01D6
    { 0x01D7, 30 }, // U+01D7
    { 0x01D8, 53 }, // U+01D8
    { 0x01D9, 30 }, // U+01D9
    { 0x01DA, 53 }, // U+01DA
    { 0x01DB, 30 }, // U+01DB
    { 0x01DC, 53 }, // U+01DC
    { 0x01DD, 45 }, // U+01DD
    { 0x01DE, 24 }, // U+01DE
    { 0x01DF, 44 }, // U+01DF
    { 0x01E0, 24 }, // U+01E0
    { 0x01E1, 44 }, // U+01E1
    { 0x01E2, 27 }, // U+01E2
    { 0x01E3, 74 }, // U+01E3
    { 0x01E4, 29 }, // U+01E4
    { 0x01E5, 47 }, // U+01E5
    { 0x01E6, 29 }, // U+01E6
    { 0x01E7, 47 }, // U+01E7
    { 0x01E8, 31 }, // U+01E8
    { 0x01E9, 49 }, // U+01E9
    { 0x01EA, 23 }, // U+01EA
    { 0x01EB, 45 }, // U+01EB
    { 0x01EC, 23 }, // U+01EC
    { 0x01ED, 45 }, // U+01ED
    { 0x01F0, 48 }, // U+01F0
    { 0x01F1, 102 }, // U+01F1
    { 0x01F2, 57 }, // U+01F2
    { 0x01F3, 57 }, // U+01F3
    { 0x01F4, 29 }, // U+01F4
    { 0x01F5, 47 }, // U+01F5
    { 0x01F6, 103 }, // U+01F6
    { 0x01F8, 12 }, // U+01F8
    { 0x01F9, 44 }, // U+01F9
    { 0x01FA, 24 }, // U+01FA
    { 0x01FB, 44 }, // U+01FB
    { 0x01FC, 27 }, // U+01FC
    { 0x01FD, 74 }, // U+01FD
    { 0x01FE, 23 }, // U+01FE
    { 0x01FF, 45 }, // U+01FF
    { 0x0200, 24 }, // U+0200
    { 0x0201, 44 }, // U+0201
    { 0x0202, 24 }, // U+0202
    { 0x0203, 44 }, // U+0203
    { 0x0204, 27 }, // U+0204
    { 0x0205, 45 }, // U+0205
    { 0x0206, 27 }, // U+0206
    { 0x0207, 45 }, // U+0207
    { 0x0208, 104 }, // U+0208
    { 0x0209, 105 }, // U+0209
    { 0x020A, 70 }, // U+020A
    { 0x020B, 106 }, // U+020B
    { 0x020C, 23 }, // U+020C
    { 0x020D, 45 }, // U+020D
    { 0x020E, 23 }, // U+020E
    { 0x020F, 45 }, // U+020F
    { 0x0210, 34 }, // U+0210
    { 0x0211, 50 }, // U+0211
    { 0x0212, 34 }, // U+0212
    { 0x0213, 50 }, // U+0213
    { 0x0214, 30 }, // U+0214
    { 0x0215, 53 }, // U+0215
    { 0x0216, 30 }, // U+0216
    { 0x0217, 53 }, // U+0217
    { 0x0218, 2 }, // U+0218
    { 0x0219, 51 }, // U+0219
    { 0x021A, 35 }, // U+021A
    { 0x021B, 52 }, // U+021B
    { 0x021E, 12 }, // U+021E
    { 0x021F, 44 }, // U+021F
    { 0x0400, 27 }, // U+0400
    { 0x0401, 27 }, // U+0401
    { 0x0402, 45 }, // U+0402
    { 0x0403, 35 }, // U+0403
    { 0x0404, 107 }, // U+0404
    { 0x0405, 2 }, // U+0405
    { 0x0406, 12 }, // U+0406
    { 0x0407, 70 }, // U+0407
    { 0x0408, 30 }, // U+0408
    { 0x0409, 45 }, // U+0409
    { 0x040A, 45 }, // U+040A
    { 0x040B, 44 }, // U+040B
    { 0x040C, 31 }, // U+040C
    { 0x040D, 12 }, // U+040D
    { 0x040F, 12 }, // U+040F
    { 0x0410, 24 }, // U+0410
    { 0x0411, 25 }, // U+0411
    { 0x0412, 25 }, // U+0412
    { 0x0413, 35 }, // U+0413
    { 0x0414, 108 }, // U+0414
    { 0x0415, 27 }, // U+0415
    { 0x0416, 109 }, // U+0416
    { 0x0417, 14 }, // U+0417
    { 0x0418, 12 }, // U+0418
    { 0x0419, 12 }, // U+0419
    { 0x041A, 31 }, // U+041A
    { 0x041B, 12 }, // U+041B
    { 0x041C, 12 }, // U+041C
    { 0x041D, 12 }, // U+041D
    { 0x041E, 23 }, // U+041E
    { 0x041F, 12 }, // U+041F
    { 0x0420, 33 }, // U+0420
    { 0x0421, 26 }, // U+0421
    { 0x0422, 35 }, // U+0422
    { 0x0423, 39 }, // U+0423
    { 0x0424, 110 }, // U+0424
    { 0x0425, 38 }, // U+0425
    { 0x0426, 108 }, // U+0426
    { 0x0427, 12 }, // U+0427
    { 0x0428, 12 }, // U+0428
    { 0x0429, 108 }, // U+0429
    { 0x042A, 45 }, // U+042A
    { 0x042B, 12 }, // U+042B
    { 0x042C, 45 }, // U+042C
    { 0x042D, 23 }, // U+042D
    { 0x042E, 111 }, // U+042E
    { 0x0430, 44 }, // U+0430
    { 0x0432, 51 }, // U+0432
    { 0x0433, 50 }, // U+0433
    { 0x0434, 112 }, // U+0434
    { 0x0435, 45 }, // U+0435
    { 0x0436, 56 }, // U+0436
    { 0x0437, 44 }, // U+0437
    { 0x0438, 44 }, // U+0438
    { 0x0439, 44 }, // U+0439
    { 0x043A, 49 }, // U+043A
    { 0x043B, 44 }, // U+043B
    { 0x043C, 44 }, // U+043C
    { 0x043D, 44 }, // U+043D
    { 0x043E, 45 }, // U+043E
    { 0x043F, 44 }, // U+043F
    { 0x0440, 45 }, // U+0440
    { 0x0441, 45 }, // U+0441
    { 0x0442, 113 }, // U+0442
    { 0x0443, 54 }, // U+0443
    { 0x0444, 45 }, // U+0444
    { 0x0445, 56 }, // U+0445
    { 0x0446, 112 }, // U+0446
    { 0x0447, 44 }, // U+0447
    { 0x0448, 44 }, // U+0448
    { 0x0449, 112 }, // U+0449
    { 0x044A, 114 }, // U+044A
    { 0x044B, 48 }, // U+044B
    { 0x044C, 114 }, // U+044C
    { 0x044D, 45 }, // U+044D
    { 0x044E, 45 }, // U+044E
    { 0x044F, 44 }, // U+044F
    { 0x0450, 45 }, // U+0450
    { 0x0451, 45 }, // U+0451
    { 0x0452, 44 }, // U+0452
    { 0x0453, 50 }, // U+0453
    { 0x0454, 45 }, // U+0454
    { 0x0455, 51 }, // U+0455
    { 0x0456, 48 }, // U+0456
    { 0x0457, 76 }, // U+0457
    { 0x0458, 48 }, // U+0458
    { 0x0459, 114 }, // U+0459
    { 0x045A, 114 }, // U+045A
    { 0x045B, 44 }, // U+045B
    { 0x045C, 49 }, // U+045C
    { 0x045D, 44 }, // U+045D
    { 0x045E, 54 }, // U+045E
    { 0x045F, 53 }, // U+045F
    { 0x0460, 12 }, // U+0460
    { 0x0462, 45 }, // U+0462
    { 0x0463, 45 }, // U+0463
    { 0x0464, 26 }, // U+0464
    { 0x0465, 45 }, // U+0465
    { 0x0466, 24 }, // U+0466
    { 0x0467, 24 }, // U+0467
    { 0x0468, 24 }, // U+0468
    { 0x046E, 25 }, // U+046E
    { 0x0472, 23 }, // U+0472
    { 0x0473, 45 }, // U+0473
    { 0x0474, 36 }, // U+0474
    { 0x0475, 54 }, // U+0475
    { 0x0476, 36 }, // U+0476
    { 0x0477, 54 }, // U+0477
    { 0x0479, 46 }, // U+0479
    { 0x0481, 45 }, // U+0481
    { 0x048A, 12 }, // U+048A
    { 0x048B, 52 }, // U+048B
    { 0x048C, 45 }, // U+048C
    { 0x048D, 45 }, // U+048D
    { 0x048E, 33 }, // U+048E
    { 0x048F, 45 }, // U+048F
    { 0x0490, 35 }, // U+0490
    { 0x0491, 50 }, // U+0491
    { 0x0492, 35 }, // U+0492
    { 0x0493, 50 }, // U+0493
    { 0x0497, 56 }, // U+0497
    { 0x0498, 14 }, // U+0498
    { 0x049A, 31 }, // U+049A
    { 0x049B, 49 }, // U+049B
    { 0x049C, 31 }, // U+049C
    { 0x049D, 49 }, // U+049D
    { 0x04A0, 31 }, // U+04A0
    { 0x04A1, 49 }, // U+04A1
    { 0x04A2, 52 }, // U+04A2
    { 0x04A3, 52 }, // U+04A3
    { 0x04A4, 35 }, // U+04A4
    { 0x04A5, 50 }, // U+04A5
    { 0x04A6, 45 }, // U+04A6
    { 0x04A7, 114 }, // U+04A7
    { 0x04A9, 74 }, // U+04A9
    { 0x04AA, 26 }, // U+04AA
    { 0x04AB, 45 }, // U+04AB
    { 0x04AC, 35 }, // U+04AC
    { 0x04AD, 50 }, // U+04AD
    { 0x04AE, 39 }, // U+04AE
    { 0x04AF, 54 }, // U+04AF
    { 0x04B0, 39 }, // U+04B0
    { 0x04B1, 54 }, // U+04B1
    { 0x04B3, 56 }, // U+04B3
    { 0x04B5, 112 }, // U+04B5
    { 0x04B7, 52 }, // U+04B7
    { 0x04B9, 44 }, // U+04B9
    { 0x04BA, 44 }, // U+04BA
    { 0x04BB, 44 }, // U+04BB
    { 0x04BD, 45 }, // U+04BD
    { 0x04BF, 74 }, // U+04BF
    { 0x04C0, 12 }, // U+04C0
    { 0x04C1, 38 }, // U+04C1
    { 0x04C3, 25 }, // U+04C3
    { 0x04C4, 44 }, // U+04C4
    { 0x04C6, 52 }, // U+04C6
    { 0x04C7, 12 }, // U+04C7
    { 0x04C8, 44 }, // U+04C8
    { 0x04C9, 52 }, // U+04C9
    { 0x04CA, 52 }, // U+04CA
    { 0x04CC, 44 }, // U+04CC
    { 0x04CD, 12 }, // U+04CD
    { 0x04CE, 52 }, // U+04CE
    { 0x04CF, 12 }, // U+04CF
    { 0x04D0, 24 }, // U+04D0
    { 0x04D1, 44 }, // U+04D1
    { 0x04D2, 24 }, // U+04D2
    { 0x04D3, 44 }, // U+04D3
    { 0x04D4, 27 }, // U+04D4
    { 0x04D5, 74 }, // U+04D5
    { 0x04D6, 27 }, // U+04D6
    { 0x04D7, 45 }, // U+04D7
    { 0x04D9, 45 }, // U+04D9
    { 0x04DA, 23 }, // U+04DA
    { 0x04DB, 45 }, // U+04DB
    { 0x04DC, 38 }, // U+04DC
    { 0x04E0, 14 }, // U+04E0
    { 0x04E2, 12 }, // U+04E2
    { 0x04E3, 44 }, // U+04E3
    { 0x04E4, 12 }, // U+04E4
    { 0x04E5, 44 }, // U+04E5
    { 0x04E6, 23 }, // U+04E6
    { 0x04E7, 45 }, // U+04E7
    { 0x04E8, 23 }, // U+04E8
    { 0x04E9, 45 }, // U+04E9
    { 0x04EA, 23 }, // U+04EA
    { 0x04EB, 45 }, // U+04EB
    { 0x04ED, 45 }, // U+04ED
    { 0x04EF, 54 }, // U+04EF
    { 0x04F1, 54 }, // U+04F1
    { 0x04F3, 54 }, // U+04F3
    { 0x04F5, 44 }, // U+04F5
    { 0x04F6, 35 }, // U+04F6
    { 0x04F7, 50 }, // U+04F7
    { 0x04F9, 44 }, // U+04F9
    { 0x04FA, 35 }, // U+04FA
    { 0x04FB, 50 }, // U+04FB
    { 0x04FC, 38 }, // U+04FC
    { 0x04FD, 56 }, // U+04FD
    { 0x04FE, 38 }, // U+04FE
    { 0x04FF, 56 }, // U+04FF
    { 0x05D0, 115 }, // U+05D0
    { 0x05D1, 116 }, // U+05D1
    { 0x05D2, 117 }, // U+05D2
    { 0x05D3, 118 }, // U+05D3
    { 0x05D5, 119 }, // U+05D5
    { 0x05D6, 120 }, // U+05D6
    { 0x05D8, 121 }, // U+05D8
    { 0x05D9, 122 }, // U+05D9
    { 0x05DB, 123 }, // U+05DB
    { 0x05DC, 124 }, // U+05DC
    { 0x05DE, 125 }, // U+05DE
    { 0x05E0, 126 }, // U+05E0
    { 0x05E1, 127 }, // U+05E1
    { 0x05E2, 128 }, // U+05E2
    { 0x05E4, 129 }, // U+05E4
    { 0x05E6, 130 }, // U+05E6
    { 0x05E8, 131 }, // U+05E8
    { 0x05E9, 132 }, // U+05E9
    { 0x05EA, 133 }, // U+05EA
    { 0x1EA0, 24 }, // U+1EA0
    { 0x1EA1, 44 }, // U+1EA1
    { 0x1EA2, 24 }, // U+1EA2
    { 0x1EA3, 44 }, // U+1EA3
    { 0x1EA4, 24 }, // U+1EA4
    { 0x1EA5, 44 }, // U+1EA5
    { 0x1EA6, 24 }, // U+1EA6
    { 0x1EA7, 44 }, // U+1EA7
    { 0x1EA8, 24 }, // U+1EA8
    { 0x1EA9, 44 }, // U+1EA9
    { 0x1EAA, 24 }, // U+1EAA
    { 0x1EAB, 44 }, // U+1EAB
    { 0x1EAC, 24 }, // U+1EAC
    { 0x1EAD, 44 }, // U+1EAD
    { 0x1EAE, 24 }, // U+1EAE
    { 0x1EAF, 44 }, // U+1EAF
    { 0x1EB0, 24 }, // U+1EB0
    { 0x1EB1, 44 }, // U+1EB1
    { 0x1EB2, 24 }, // U+1EB2
    { 0x1EB3, 44 }, // U+1EB3
    { 0x1EB4, 24 }, // U+1EB4
    { 0x1EB5, 44 }, // U+1EB5
    { 0x1EB6, 24 }, // U+1EB6
    { 0x1EB7, 44 }, // U+1EB7
    { 0x1EB8, 27 }, // U+1EB8
    { 0x1EB9, 45 }, // U+1EB9
    { 0x1EBA, 27 }, // U+1EBA
    { 0x1EBB, 45 }, // U+1EBB
    { 0x1EBC, 27 }, // U+1EBC
    { 0x1EBD, 45 }, // U+1EBD
    { 0x1EBE, 27 }, // U+1EBE
    { 0x1EBF, 45 }, // U+1EBF
    { 0x1EC0, 27 }, // U+1EC0
    { 0x1EC1, 45 }, // U+1EC1
    { 0x1EC2, 27 }, // U+1EC2
    { 0x1EC3, 45 }, // U+1EC3
    { 0x1EC4, 27 }, // U+1EC4
    { 0x1EC5, 45 }, // U+1EC5
    { 0x1EC6, 27 }, // U+1EC6
    { 0x1EC7, 45 }, // U+1EC7
    { 0x1EC8, 12 }, // U+1EC8
    { 0x1EC9, 105 }, // U+1EC9
    { 0x1ECA, 12 }, // U+1ECA
    { 0x1ECB, 134 }, // U+1ECB
    { 0x1ECC, 23 }, // U+1ECC
    { 0x1ECD, 45 }, // U+1ECD
    { 0x1ECE, 23 }, // U+1ECE
    { 0x1ECF, 45 }, // U+1ECF
    { 0x1ED0, 23 }, // U+1ED0
    { 0x1ED1, 45 }, // U+1ED1
    { 0x1ED2, 23 }, // U+1ED2
    { 0x1ED3, 45 }, // U+1ED3
    { 0x1ED4, 23 }, // U+1ED4
    { 0x1ED5, 45 }, // U+1ED5
    { 0x1ED6, 23 }, // U+1ED6
    { 0x1ED7, 45 }, // U+1ED7
    { 0x1ED8, 23 }, // U+1ED8
    { 0x1ED9, 45 }, // U+1ED9
    { 0x1EDA, 23 }, // U+1EDA
    { 0x1EDB, 45 }, // U+1EDB
    { 0x1EDC, 23 }, // U+1EDC
    { 0x1EDD, 45 }, // U+1EDD
    { 0x1EDE, 23 }, // U+1EDE
    { 0x1EDF, 45 }, // U+1EDF
    { 0x1EE0, 23 }, // U+1EE0
    { 0x1EE1, 45 }, // U+1EE1
    { 0x1EE2, 23 }, // U+1EE2
    { 0x1EE3, 45 }, // U+1EE3
    { 0x1EE4, 30 }, // U+1EE4
    { 0x1EE5, 53 }, // U+1EE5
    { 0x1EE6, 30 }, // U+1EE6
    { 0x1EE7, 53 }, // U+1EE7
    { 0x1EE8, 135 }, // U+1EE8
    { 0x1EE9, 53 }, // U+1EE9
    { 0x1EEA, 135 }, // U+1EEA
    { 0x1EEB, 53 }, // U+1EEB
    { 0x1EEC, 135 }, // U+1EEC
    { 0x1EED, 99 }, // U+1EED
    { 0x1EEE, 135 }, // U+1EEE
    { 0x1EEF, 53 }, // U+1EEF
    { 0x1EF0, 135 }, // U+1EF0
    { 0x1EF1, 53 }, // U+1EF1
    { 0x1EF2, 39 }, // U+1EF2
    { 0x1EF3, 54 }, // U+1EF3
    { 0x1EF4, 136 }, // U+1EF4
    { 0x1EF5, 54 }, // U+1EF5
    { 0x1EF6, 136 }, // U+1EF6
    { 0x1EF7, 54 }, // U+1EF7
    { 0x1EF8, 136 }, // U+1EF8
    { 0x1EF9, 54 }, // U+1EF9
    { 0x2018, 137 }, // U+2018
    { 0x2019, 138 }, // U+2019
    { 0x201A, 139 }, // U+201A
    { 0x201C, 137 }, // U+201C
    { 0x201D, 138 }, // U+201D
    { 0x201E, 139 }, // U+201E
    { 0x2020, 60 }, // U+2020
    { 0x2021, 60 }, // U+2021
    { 0x2022, 140 }, // U+2022
    { 0x2023, 140 }, // U+2023
    { 0x2026, 141 }, // U+2026
    { 0x2034, 138 }, // U+2034
    { 0x2039, 61 }, // U+2039
    { 0x203A, 68 }, // U+203A
    { 0x203D, 22 }, // U+203D
    { 0x2043, 140 }, // U+2043
    { 0x204B, 33 }, // U+204B
    { 0x204C, 44 }, // U+204C
    { 0x204D, 140 }, // U+204D
    { 0x204F, 19 }, // U+204F
    { 0x2071, 142 }, // U+2071
    { 0x2074, 143 }, // U+2074
    { 0x2077, 144 }, // U+2077
    { 0x207A, 145 }, // U+207A
    { 0x207B, 145 }, // U+207B
    { 0x207D, 146 }, // U+207D
    { 0x2080, 147 }, // U+2080
    { 0x2081, 147 }, // U+2081
    { 0x2082, 147 }, // U+2082
    { 0x2083, 147 }, // U+2083
    { 0x2084, 147 }, // U+2084
    { 0x2085, 148 }, // U+2085
    { 0x2086, 147 }, // U+2086
    { 0x2087, 149 }, // U+2087
    { 0x2088, 147 }, // U+2088
    { 0x2089, 147 }, // U+2089
    { 0x208A, 147 }, // U+208A
    { 0x208B, 147 }, // U+208B
    { 0x208C, 147 }, // U+208C
    { 0x208D, 147 }, // U+208D
    { 0x208E, 147 }, // U+208E
    { 0x2090, 147 }, // U+2090
    { 0x2091, 147 }, // U+2091
    { 0x2092, 147 }, // U+2092
    { 0x2093, 147 }, // U+2093
    { 0x2095, 147 }, // U+2095
    { 0x2096, 147 }, // U+2096
    { 0x2097, 147 }, // U+2097
    { 0x2098, 147 }, // U+2098
    { 0x2099, 147 }, // U+2099
    { 0x209A, 147 }, // U+209A
    { 0x209B, 147 }, // U+209B
    { 0x209C, 147 }, // U+209C
    { 0x20A1, 26 }, // U+20A1
    { 0x20A7, 52 }, // U+20A7
    { 0x20A8, 51 }, // U+20A8
    { 0x20A9, 150 }, // U+20A9
    { 0x20AF, 45 }, // U+20AF
    { 0x20B2, 29 }, // U+20B2
    { 0x20B5, 26 }, // U+20B5
    { 0x20BD, 151 }, // U+20BD
    { 0x20BF, 25 }, // U+20BF
    { 0x2190, 8 }, // U+2190
    { 0x21D0, 20 }, // U+21D0
    { 0x2206, 24 }, // U+2206
    { 0x2212, 8 }, // U+2212
    { 0x221E, 89 }, // U+221E
    { 0x2248, 20 }, // U+2248
    { 0x2260, 20 }, // U+2260
    { 0x2264, 20 }, // U+2264
    { 0x2265, 20 }, // U+2265
};

static const EpdKernClassEntry inksans_12_regularKernRightClasses[] = {
    { 0x0020, 1 }, // U+0020
    { 0x0021, 2 }, // !
    { 0x0022, 3 }, // "
    { 0x0023, 4 }, // #
    { 0x0024, 5 }, // $
    { 0x0026, 6 }, // &
    { 0x0027, 3 }, // '
    { 0x0028, 7 }, // (
    { 0x0029, 8 }, // )
    { 0x002A, 9 }, // *
    { 0x002B, 10 }, // +
    { 0x002C, 11 }, // ,
    { 0x002D, 12 }, // -
    { 0x002E, 13 }, // .
    { 0x002F, 14 }, // /
    { 0x0030, 15 }, // 0
    { 0x0031, 16 }, // 1
    { 0x0032, 17 }, // 2
    { 0x0033, 18 }, // 3
    { 0x0034, 19 }, // 4
    { 0x0035, 20 }, // 5
    { 0x0036, 15 }, // 6
    { 0x0037, 21 }, // 7
    { 0x0038, 22 }, // 8
    { 0x0039, 23 }, // 9
    { 0x003A, 24 }, // :
    { 0x003B, 24 }, // ;
    { 0x003C, 25 }, // <
    { 0x003D, 26 }, // =
    { 0x003F, 27 }, // ?
    { 0x0040, 28 }, // @
    { 0x0041, 29 }, // A
    { 0x0042, 30 }, // B
    { 0x0043, 31 }, // C
    { 0x0044, 30 }, // D
    { 0x0045, 30 }, // E
    { 0x0046, 30 }, // F
    { 0x0047, 31 }, // G
    { 0x0048, 30 }, // H
    { 0x0049, 30 }, // I
    { 0x004A, 32 }, // J
    { 0x004B, 30 }, // K
    { 0x004C, 30 }, // L
    { 0x004D, 30 }, // M
    { 0x004E, 30 }, // N
    { 0x004F, 31 }, // O
    { 0x0050, 30 }, // P
    { 0x0051, 31 }, // Q
    { 0x0052, 30 }, // R
    { 0x0053, 5 }, // S
    { 0x0054, 33 }, // T
    { 0x0055, 34 }, // U
    { 0x0056, 35 }, // V
    { 0x0057, 36 }, // W
    { 0x0058, 37 }, // X
    { 0x0059, 38 }, // Y
    { 0x005A, 39 }, // Z
    { 0x005B, 7 }, // [
    { 0x005C, 35 }, // <backslash>
    { 0x005D, 8 }, // ]
    { 0x005E, 40 }, // ^
    { 0x005F, 41 }, // _
    { 0x0061, 42 }, // a
    { 0x0062, 30 }, // b
    { 0x0063, 43 }, // c
    { 0x0064, 43 }, // d
    { 0x0065, 43 }, // e
    { 0x0066, 44 }, // f
    { 0x0067, 43 }, // g
    { 0x0068, 30 }, // h
    { 0x0069, 45 }, // i
    { 0x006A, 46 }, // j
    { 0x006B, 30 }, // k
    { 0x006C, 30 }, // l
    { 0x006D, 47 }, // m
    { 0x006E, 47 }, // n
    { 0x006F, 43 }, // o
    { 0x0070, 47 }, // p
    { 0x0071, 43 }, // q
    { 0x0072, 47 }, // r
    { 0x0073, 48 }, // s
    { 0x0074, 49 }, // t
    { 0x0075, 50 }, // u
    { 0x0076, 51 }, // v
    { 0x0077, 52 }, // w
    { 0x0078, 53 }, // x
    { 0x0079, 51 }, // y
    { 0x007A, 54 }, // z
    { 0x007B, 7 }, // {
    { 0x007C, 30 }, // |
    { 0x007D, 8 }, // }
    { 0x007E, 55 }, // ~
    { 0x00A2, 43 }, // U+00A2
    { 0x00A9, 31 }, // U+00A9
    { 0x00AA, 56 }, // U+00AA
    { 0x00AB, 57 }, // U+00AB
    { 0x00AC, 58 }, // U+00AC
    { 0x00AE, 59 }, // U+00AE
    { 0x00B0, 60 }, // U+00B0
    { 0x00B1, 26 }, // U+00B1
    { 0x00B2, 61 }, // U+00B2
    { 0x00B5, 62 }, // U+00B5
    { 0x00B6, 63 }, // U+00B6
    { 0x00B7, 64 }, // U+00B7
    { 0x00B9, 65 }, // U+00B9
    { 0x00BA, 56 }, // U+00BA
    { 0x00BB, 66 }, // U+00BB
    { 0x00BF, 67 }, // U+00BF
    { 0x00C0, 29 }, // U+00C0
    { 0x00C1, 29 }, // U+00C1
    { 0x00C2, 29 }, // U+00C2
    { 0x00C3, 29 }, // U+00C3
    { 0x00C4, 29 }, // U+00C4
    { 0x00C5, 29 }, // U+00C5
    { 0x00C6, 29 }, // U+00C6
    { 0x00C7, 31 }, // U+00C7
    { 0x00C8, 30 }, // U+00C8
    { 0x00C9, 30 }, // U+00C9
    { 0x00CA, 30 }, // U+00CA
    { 0x00CB, 30 }, // U+00CB
    { 0x00CC, 30 }, // U+00CC
    { 0x00CD, 30 }, // U+00CD
    { 0x00CE, 68 }, // U+00CE
    { 0x00CF, 68 }, // U+00CF
    { 0x00D0, 69 }, // U+00D0
    { 0x00D1, 30 }, // U+00D1
    { 0x00D2, 31 }, // U+00D2
    { 0x00D3, 31 }, // U+00D3
    { 0x00D4, 31 }, // U+00D4
    { 0x00D5, 31 }, // U+00D5
    { 0x00D6, 31 }, // U+00D6
    { 0x00D7, 70 }, // U+00D7
    { 0x00D8, 31 }, // U+00D8
    { 0x00D9, 34 }, // U+00D9
    { 0x00DA, 34 }, // U+00DA
    { 0x00DB, 34 }, // U+00DB
    { 0x00DC, 34 }, // U+00DC
    { 0x00DD, 38 }, // U+00DD
    { 0x00DE, 30 }, // U+00DE
    { 0x00DF, 30 }, // U+00DF
    { 0x00E0, 42 }, // U+00E0
    { 0x00E1, 42 }, // U+00E1
    { 0x00E2, 42 }, // U+00E2
    { 0x00E3, 71 }, // U+00E3
    { 0x00E4, 72 }, // U+00E4
    { 0x00E5, 42 }, // U+00E5
    { 0x00E6, 42 }, // U+00E6
    { 0x00E7, 43 }, // U+00E7
    { 0x00E8, 43 }, // U+00E8
    { 0x00E9, 43 }, // U+00E9
    { 0x00EA, 43 }, // U+00EA
    { 0x00EB, 73 }, // U+00EB
    { 0x00EC, 74 }, // U+00EC
    { 0x00ED, 75 }, // U+00ED
    { 0x00EE, 76 }, // U+00EE
    { 0x00EF, 77 }, // U+00EF
    { 0x00F0, 43 }, // U+00F0
    { 0x00F1, 47 }, // U+00F1
    { 0x00F2, 43 }, // U+00F2
    { 0x00F3, 43 }, // U+00F3
    { 0x00F4, 43 }, // U+00F4
    { 0x00F5, 78 }, // U+00F5
    { 0x00F6, 73 }, // U+00F6
    { 0x00F7, 10 }, // U+00F7
    { 0x00F8, 43 }, // U+00F8
    { 0x00F9, 50 }, // U+00F9
    { 0x00FA, 50 }, // U+00FA
    { 0x00FB, 50 }, // U+00FB
    { 0x00FC, 79 }, // U+00FC
    { 0x00FD, 51 }, // U+00FD
    { 0x00FE, 30 }, // U+00FE
    { 0x00FF, 80 }, // U+00FF
    { 0x0100, 29 }, // U+0100
    { 0x0101, 81 }, // U+0101
    { 0x0102, 29 }, // U+0102
    { 0x0103, 42 }, // U+0103
    { 0x0104, 29 }, // U+0104
    { 0x0105, 42 }, // U+0105
    { 0x0106, 31 }, // U+0106
    { 0x0107, 43 }, // U+0107
    { 0x0108, 31 }, // U+0108
    { 0x0109, 43 }, // U+0109
    { 0x010A, 31 }, // U+010A
    { 0x010B, 43 }, // U+010B
    { 0x010C, 31 }, // U+010C
    { 0x010D, 43 }, // U+010D
    { 0x010E, 30 }, // U+010E
    { 0x010F, 43 }, // U+010F
    { 0x0110, 82 }, // U+0110
    { 0x0111, 43 }, // U+0111
    { 0x0112, 30 }, // U+0112
    { 0x0113, 43 }, // U+0113
    { 0x0114, 30 }, // U+0114
    { 0x0115, 43 }, // U+0115
    { 0x0116, 30 }, // U+0116
    { 0x0117, 43 }, // U+0117
    { 0x0118, 30 }, // U+0118
    { 0x0119, 43 }, // U+0119
    { 0x011A, 30 }, // U+011A
    { 0x011B, 43 }, // U+011B
    { 0x011C, 31 }, // U+011C
    { 0x011D, 43 }, // U+011D
    { 0x011E, 31 }, // U+011E
    { 0x011F, 43 }, // U+011F
    { 0x0120, 31 }, // U+0120
    { 0x0121, 43 }, // U+0121
    { 0x0122, 31 }, // U+0122
    { 0x0123, 43 }, // U+0123
    { 0x0124, 30 }, // U+0124
    { 0x0125, 30 }, // U+0125
    { 0x0126, 30 }, // U+0126
    { 0x0127, 83 }, // U+0127
    { 0x0128, 68 }, // U+0128
    { 0x0129, 84 }, // U+0129
    { 0x012A, 68 }, // U+012A
    { 0x012B, 85 }, // U+012B
    { 0x012C, 68 }, // U+012C
    { 0x012D, 77 }, // U+012D
    { 0x012E, 30 }, // U+012E
    { 0x012F, 45 }, // U+012F
    { 0x0130, 30 }, // U+0130
    { 0x0131, 45 }, // U+0131
    { 0x0133, 45 }, // U+0133
    { 0x0134, 32 }, // U+0134
    { 0x0135, 86 }, // U+0135
    { 0x0136, 30 }, // U+0136
    { 0x0137, 30 }, // U+0137
    { 0x0138, 47 }, // U+0138
    { 0x0139, 30 }, // U+0139
    { 0x013A, 30 }, // U+013A
    { 0x013B, 30 }, // U+013B
    { 0x013C, 30 }, // U+013C
    { 0x013D, 30 }, // U+013D
    { 0x013E, 30 }, // U+013E
    { 0x0140, 30 }, // U+0140
    { 0x0141, 30 }, // U+0141
    { 0x0142, 30 }, // U+0142
    { 0x0143, 30 }, // U+0143
    { 0x0144, 47 }, // U+0144
    { 0x0145, 30 }, // U+0145
    { 0x0146, 47 }, // U+0146
    { 0x0147, 30 }, // U+0147
    { 0x0148, 47 }, // U+0148
    { 0x014A, 30 }, // U+014A
    { 0x014B, 47 }, // U+014B
    { 0x014C, 31 }, // U+014C
    { 0x014D, 87 }, // U+014D
    { 0x014E, 31 }, // U+014E
    { 0x014F, 43 }, // U+014F
    { 0x0150, 31 }, // U+0150
    { 0x0151, 43 }, // U+0151
    { 0x0152, 31 }, // U+0152
    { 0x0153, 43 }, // U+0153
    { 0x0154, 30 }, // U+0154
    { 0x0155, 47 }, // U+0155
    { 0x0156, 30 }, // U+0156
    { 0x0157, 47 }, // U+0157
    { 0x0158, 30 }, // U+0158
    { 0x0159, 47 }, // U+0159
    { 0x015A, 5 }, // U+015A
    { 0x015B, 48 }, // U+015B
    { 0x015C, 5 }, // U+015C
    { 0x015D, 48 }, // U+015D
    { 0x015E, 5 }, // U+015E
    { 0x015F, 48 }, // U+015F
    { 0x0160, 5 }, // U+0160
    { 0x0161, 48 }, // U+0161
    { 0x0162, 88 }, // U+0162
    { 0x0163, 49 }, // U+0163
    { 0x0164, 89 }, // U+0164
    { 0x0165, 49 }, // U+0165
    { 0x0166, 90 }, // U+0166
    { 0x0167, 49 }, // U+0167
    { 0x0168, 34 }, // U+0168
    { 0x0169, 91 }, // U+0169
    { 0x016A, 34 }, // U+016A
    { 0x016B, 50 }, // U+016B
    { 0x016C, 34 }, // U+016C
    { 0x016D, 50 }, // U+016D
    { 0x016E, 34 }, // U+016E
    { 0x016F, 50 }, // U+016F
    { 0x0170, 34 }, // U+0170
    { 0x0171, 50 }, // U+0171
    { 0x0172, 34 }, // U+0172
    { 0x0173, 50 }, // U+0173
    { 0x0174, 36 }, // U+0174
    { 0x0175, 52 }, // U+0175
    { 0x0176, 38 }, // U+0176
    { 0x0177, 51 }, // U+0177
    { 0x0178, 38 }, // U+0178
    { 0x0179, 39 }, // U+0179
    { 0x017A, 54 }, // U+017A
    { 0x017B, 39 }, // U+017B
    { 0x017C, 54 }, // U+017C
    { 0x017D, 39 }, // U+017D
    { 0x017E, 54 }, // U+017E
    { 0x017F, 30 }, // U+017F
    { 0x01A0, 31 }, // U+01A0
    { 0x01A1, 43 }, // U+01A1
    { 0x01AF, 34 }, // U+01AF
    { 0x01B0, 50 }, // U+01B0
    { 0x01C5, 92 }, // U+01C5
    { 0x01C6, 43 }, // U+01C6
    { 0x01C8, 30 }, // U+01C8
    { 0x01C9, 30 }, // U+01C9
    { 0x01CB, 30 }, // U+01CB
    { 0x01CC, 47 }, // U+01CC
    { 0x01CD, 29 }, // U+01CD
    { 0x01CE, 42 }, // U+01CE
    { 0x01CF, 30 }, // U+01CF
    { 0x01D0, 93 }, // U+01D0
    { 0x01D1, 31 }, // U+01D1
    { 0x01D2, 43 }, // U+01D2
    { 0x01D3, 34 }, // U+01D3
    { 0x01D4, 50 }, // U+01D4
    { 0x01D5, 34 }, // U+01D5
    { 0x01D6, 50 }, // U+01D6
    { 0x01D7, 34 }, // U+01D7
    { 0x01D8, 50 }, // U+01D8
    { 0x01D9, 34 }, // U+01D9
    { 0x01DA, 50 }, // U+01DA
    { 0x01DB, 34 }, // U+01DB
    { 0x01DC, 50 }, // U+01DC
    { 0x01DD, 87 }, // U+01DD
    { 0x01DE, 29 }, // U+01DE
    { 0x01DF, 42 }, // U+01DF
    { 0x01E0, 29 }, // U+01E0
    { 0x01E1, 42 }, // U+01E1
    { 0x01E2, 29 }, // U+01E2
    { 0x01E3, 42 }, // U+01E3
    { 0x01E4, 31 }, // U+01E4
    { 0x01E5, 43 }, // U+01E5
    { 0x01E6, 31 }, // U+01E6
    { 0x01E7, 43 }, // U+01E7
    { 0x01E8, 30 }, // U+01E8
    { 0x01E9, 30 }, // U+01E9
    { 0x01EA, 31 }, // U+01EA
    { 0x01EB, 43 }, // U+01EB
    { 0x01EC, 31 }, // U+01EC
    { 0x01ED, 43 }, // U+01ED
    { 0x01EF, 49 }, // U+01EF
    { 0x01F0, 46 }, // U+01F0
    { 0x01F2, 30 }, // U+01F2
    { 0x01F3, 87 }, // U+01F3
    { 0x01F4, 31 }, // U+01F4
    { 0x01F5, 43 }, // U+01F5
    { 0x01F6, 92 }, // U+01F6
    { 0x01F8, 30 }, // U+01F8
    { 0x01F9, 47 }, // U+01F9
    { 0x01FA, 29 }, // U+01FA
    { 0x01FB, 42 }, // U+01FB
    { 0x01FC, 29 }, // U+01FC
    { 0x01FD, 42 }, // U+01FD
    { 0x01FE, 31 }, // U+01FE
    { 0x01FF, 43 }, // U+01FF
    { 0x0200, 29 }, // U+0200
    { 0x0201, 42 }, // U+0201
    { 0x0202, 29 }, // U+0202
    { 0x0203, 42 }, // U+0203
    { 0x0204, 30 }, // U+0204
    { 0x0205, 43 }, // U+0205
    { 0x0206, 30 }, // U+0206
    { 0x0207, 43 }, // U+0207
    { 0x0208, 68 }, // U+0208
    { 0x0209, 94 }, // U+0209
    { 0x020A, 68 }, // U+020A
    { 0x020B, 95 }, // U+020B
    { 0x020C, 31 }, // U+020C
    { 0x020D, 43 }, // U+020D
    { 0x020E, 31 }, // U+020E
    { 0x020F, 43 }, // U+020F
    { 0x0210, 30 }, // U+0210
    { 0x0211, 47 }, // U+0211
    { 0x0212, 30 }, // U+0212
    { 0x0213, 47 }, // U+0213
    { 0x0214, 34 }, // U+0214
    { 0x0215, 50 }, // U+0215
    { 0x0216, 34 }, // U+0216
    { 0x0217, 50 }, // U+0217
    { 0x0218, 5 }, // U+0218
    { 0x0219, 48 }, // U+0219
    { 0x021A, 33 }, // U+021A
    { 0x021B, 49 }, // U+021B
    { 0x021E, 30 }, // U+021E
    { 0x021F, 30 }, // U+021F
    { 0x0400, 30 }, // U+0400
    { 0x0401, 30 }, // U+0401
    { 0x0402, 33 }, // U+0402
    { 0x0403, 30 }, // U+0403
    { 0x0404, 31 }, // U+0404
    { 0x0405, 5 }, // U+0405
    { 0x0406, 30 }, // U+0406
    { 0x0407, 68 }, // U+0407
    { 0x0408, 32 }, // U+0408
    { 0x0409, 96 }, // U+0409
    { 0x040A, 30 }, // U+040A
    { 0x040B, 33 }, // U+040B
    { 0x040C, 30 }, // U+040C
    { 0x040D, 30 }, // U+040D
    { 0x040F, 30 }, // U+040F
    { 0x0410, 29 }, // U+0410
    { 0x0411, 30 }, // U+0411
    { 0x0412, 30 }, // U+0412
    { 0x0413, 30 }, // U+0413
    { 0x0414, 97 }, // U+0414
    { 0x0415, 30 }, // U+0415
    { 0x0416, 98 }, // U+0416
    { 0x0417, 99 }, // U+0417
    { 0x0418, 92 }, // U+0418
    { 0x0419, 30 }, // U+0419
    { 0x041A, 30 }, // U+041A
    { 0x041B, 96 }, // U+041B
    { 0x041C, 30 }, // U+041C
    { 0x041D, 30 }, // U+041D
    { 0x041E, 31 }, // U+041E
    { 0x041F, 30 }, // U+041F
    { 0x0420, 30 }, // U+0420
    { 0x0421, 31 }, // U+0421
    { 0x0422, 33 }, // U+0422
    { 0x0423, 35 }, // U+0423
    { 0x0424, 100 }, // U+0424
    { 0x0425, 37 }, // U+0425
    { 0x0426, 30 }, // U+0426
    { 0x0427, 101 }, // U+0427
    { 0x0428, 30 }, // U+0428
    { 0x0429, 30 }, // U+0429
    { 0x042A, 102 }, // U+042A
    { 0x042B, 30 }, // U+042B
    { 0x042C, 30 }, // U+042C
    { 0x042D, 31 }, // U+042D
    { 0x042E, 30 }, // U+042E
    { 0x0430, 42 }, // U+0430
    { 0x0431, 15 }, // U+0431
    { 0x0432, 47 }, // U+0432
    { 0x0433, 47 }, // U+0433
    { 0x0434, 103 }, // U+0434
    { 0x0435, 43 }, // U+0435
    { 0x0436, 53 }, // U+0436
    { 0x0437, 43 }, // U+0437
    { 0x0438, 47 }, // U+0438
    { 0x0439, 47 }, // U+0439
    { 0x043A, 47 }, // U+043A
    { 0x043B, 104 }, // U+043B
    { 0x043C, 47 }, // U+043C
    { 0x043D, 47 }, // U+043D
    { 0x043E, 43 }, // U+043E
    { 0x043F, 47 }, // U+043F
    { 0x0440, 47 }, // U+0440
    { 0x0441, 43 }, // U+0441
    { 0x0442, 105 }, // U+0442
    { 0x0443, 51 }, // U+0443
    { 0x0444, 43 }, // U+0444
    { 0x0445, 53 }, // U+0445
    { 0x0446, 47 }, // U+0446
    { 0x0447, 106 }, // U+0447
    { 0x0448, 47 }, // U+0448
    { 0x0449, 47 }, // U+0449
    { 0x044A, 107 }, // U+044A
    { 0x044B, 45 }, // U+044B
    { 0x044C, 47 }, // U+044C
    { 0x044D, 43 }, // U+044D
    { 0x044E, 47 }, // U+044E
    { 0x044F, 108 }, // U+044F
    { 0x0450, 43 }, // U+0450
    { 0x0451, 43 }, // U+0451
    { 0x0452, 30 }, // U+0452
    { 0x0453, 47 }, // U+0453
    { 0x0454, 43 }, // U+0454
    { 0x0455, 48 }, // U+0455
    { 0x0456, 45 }, // U+0456
    { 0x0457, 77 }, // U+0457
    { 0x0458, 46 }, // U+0458
    { 0x0459, 104 }, // U+0459
    { 0x045A, 47 }, // U+045A
    { 0x045B, 30 }, // U+045B
    { 0x045C, 47 }, // U+045C
    { 0x045D, 47 }, // U+045D
    { 0x045E, 51 }, // U+045E
    { 0x045F, 50 }, // U+045F
    { 0x0460, 30 }, // U+0460
    { 0x0463, 49 }, // U+0463
    { 0x0464, 30 }, // U+0464
    { 0x0465, 47 }, // U+0465
    { 0x0466, 29 }, // U+0466
    { 0x0467, 29 }, // U+0467
    { 0x0468, 30 }, // U+0468
    { 0x046C, 30 }, // U+046C
    { 0x046E, 30 }, // U+046E
    { 0x0472, 31 }, // U+0472
    { 0x0473, 43 }, // U+0473
    { 0x0474, 35 }, // U+0474
    { 0x0475, 51 }, // U+0475
    { 0x0476, 35 }, // U+0476
    { 0x0477, 51 }, // U+0477
    { 0x0478, 31 }, // U+0478
    { 0x0479, 43 }, // U+0479
    { 0x0481, 43 }, // U+0481
    { 0x048A, 92 }, // U+048A
    { 0x048B, 47 }, // U+048B
    { 0x048D, 49 }, // U+048D
    { 0x048E, 30 }, // U+048E
    { 0x048F, 47 }, // U+048F
    { 0x0490, 30 }, // U+0490
    { 0x0491, 47 }, // U+0491
    { 0x0493, 49 }, // U+0493
    { 0x0494, 30 }, // U+0494
    { 0x0495, 47 }, // U+0495
    { 0x0497, 53 }, // U+0497
    { 0x049A, 30 }, // U+049A
    { 0x049B, 47 }, // U+049B
    { 0x049C, 30 }, // U+049C
    { 0x049D, 47 }, // U+049D
    { 0x04A0, 33 }, // U+04A0
    { 0x04A1, 49 }, // U+04A1
    { 0x04A2, 30 }, // U+04A2
    { 0x04A3, 47 }, // U+04A3
    { 0x04A4, 30 }, // U+04A4
    { 0x04A5, 47 }, // U+04A5
    { 0x04A6, 30 }, // U+04A6
    { 0x04A7, 47 }, // U+04A7
    { 0x04A9, 43 }, // U+04A9
    { 0x04AA, 31 }, // U+04AA
    { 0x04AB, 43 }, // U+04AB
    { 0x04AC, 33 }, // U+04AC
    { 0x04AD, 49 }, // U+04AD
    { 0x04AE, 38 }, // U+04AE
    { 0x04AF, 51 }, // U+04AF
    { 0x04B0, 38 }, // U+04B0
    { 0x04B1, 51 }, // U+04B1
    { 0x04B2, 37 }, // U+04B2
    { 0x04B3, 53 }, // U+04B3
    { 0x04B4, 33 }, // U+04B4
    { 0x04B5, 49 }, // U+04B5
    { 0x04B7, 42 }, // U+04B7
    { 0x04B9, 42 }, // U+04B9
    { 0x04BA, 30 }, // U+04BA
    { 0x04BB, 30 }, // U+04BB
    { 0x04BD, 49 }, // U+04BD
    { 0x04C0, 30 }, // U+04C0
    { 0x04C1, 37 }, // U+04C1
    { 0x04C3, 30 }, // U+04C3
    { 0x04C4, 47 }, // U+04C4
    { 0x04C6, 104 }, // U+04C6
    { 0x04C7, 92 }, // U+04C7
    { 0x04C8, 47 }, // U+04C8
    { 0x04C9, 30 }, // U+04C9
    { 0x04CA, 47 }, // U+04CA
    { 0x04CD, 30 }, // U+04CD
    { 0x04CE, 47 }, // U+04CE
    { 0x04CF, 30 }, // U+04CF
    { 0x04D0, 29 }, // U+04D0
    { 0x04D1, 42 }, // U+04D1
    { 0x04D2, 29 }, // U+04D2
    { 0x04D3, 42 }, // U+04D3
    { 0x04D4, 29 }, // U+04D4
    { 0x04D5, 42 }, // U+04D5
    { 0x04D6, 30 }, // U+04D6
    { 0x04D7, 43 }, // U+04D7
    { 0x04D9, 43 }, // U+04D9
    { 0x04DA, 31 }, // U+04DA
    { 0x04DB, 43 }, // U+04DB
    { 0x04DC, 37 }, // U+04DC
    { 0x04E1, 49 }, // U+04E1
    { 0x04E2, 30 }, // U+04E2
    { 0x04E3, 47 }, // U+04E3
    { 0x04E4, 30 }, // U+04E4
    { 0x04E5, 47 }, // U+04E5
    { 0x04E6, 31 }, // U+04E6
    { 0x04E7, 43 }, // U+04E7
    { 0x04E8, 31 }, // U+04E8
    { 0x04E9, 43 }, // U+04E9
    { 0x04EA, 31 }, // U+04EA
    { 0x04EB, 43 }, // U+04EB
    { 0x04ED, 43 }, // U+04ED
    { 0x04EF, 51 }, // U+04EF
    { 0x04F1, 51 }, // U+04F1
    { 0x04F3, 51 }, // U+04F3
    { 0x04F7, 47 }, // U+04F7
    { 0x04F9, 47 }, // U+04F9
    { 0x04FB, 49 }, // U+04FB
    { 0x04FC, 37 }, // U+04FC
    { 0x04FD, 53 }, // U+04FD
    { 0x04FE, 37 }, // U+04FE
    { 0x04FF, 53 }, // U+04FF
    { 0x05D0, 109 }, // U+05D0
    { 0x05D1, 110 }, // U+05D1
    { 0x05D2, 111 }, // U+05D2
    { 0x05D3, 112 }, // U+05D3
    { 0x05D4, 113 }, // U+05D4
    { 0x05D6, 114 }, // U+05D6
    { 0x05D7, 115 }, // U+05D7
    { 0x05D8, 116 }, // U+05D8
    { 0x05D9, 117 }, // U+05D9
    { 0x05DA, 118 }, // U+05DA
    { 0x05DB, 119 }, // U+05DB
    { 0x05DC, 120 }, // U+05DC
    { 0x05DD, 121 }, // U+05DD
    { 0x05DE, 122 }, // U+05DE
    { 0x05E1, 123 }, // U+05E1
    { 0x05E2, 124 }, // U+05E2
    { 0x05E3, 125 }, // U+05E3
    { 0x05E4, 126 }, // U+05E4
    { 0x05E5, 127 }, // U+05E5
    { 0x05E7, 128 }, // U+05E7
    { 0x05E8, 129 }, // U+05E8
    { 0x05E9, 130 }, // U+05E9
    { 0x05EA, 131 }, // U+05EA
    { 0x1EA0, 29 }, // U+1EA0
    { 0x1EA1, 42 }, // U+1EA1
    { 0x1EA2, 29 }, // U+1EA2
    { 0x1EA3, 42 }, // U+1EA3
    { 0x1EA4, 29 }, // U+1EA4
    { 0x1EA5, 42 }, // U+1EA5
    { 0x1EA6, 29 }, // U+1EA6
    { 0x1EA7, 42 }, // U+1EA7
    { 0x1EA8, 29 }, // U+1EA8
    { 0x1EA9, 42 }, // U+1EA9
    { 0x1EAA, 29 }, // U+1EAA
    { 0x1EAB, 42 }, // U+1EAB
    { 0x1EAC, 29 }, // U+1EAC
    { 0x1EAD, 42 }, // U+1EAD
    { 0x1EAE, 29 }, // U+1EAE
    { 0x1EAF, 42 }, // U+1EAF
    { 0x1EB0, 29 }, // U+1EB0
    { 0x1EB1, 42 }, // U+1EB1
    { 0x1EB2, 29 }, // U+1EB2
    { 0x1EB3, 42 }, // U+1EB3
    { 0x1EB4, 29 }, // U+1EB4
    { 0x1EB5, 42 }, // U+1EB5
    { 0x1EB6, 29 }, // U+1EB6
    { 0x1EB7, 42 }, // U+1EB7
    { 0x1EB8, 30 }, // U+1EB8
    { 0x1EB9, 43 }, // U+1EB9
    { 0x1EBA, 30 }, // U+1EBA
    { 0x1EBB, 43 }, // U+1EBB
    { 0x1EBC, 30 }, // U+1EBC
    { 0x1EBD, 43 }, // U+1EBD
    { 0x1EBE, 30 }, // U+1EBE
    { 0x1EBF, 43 }, // U+1EBF
    { 0x1EC0, 30 }, // U+1EC0
    { 0x1EC1, 43 }, // U+1EC1
    { 0x1EC2, 30 }, // U+1EC2
    { 0x1EC3, 43 }, // U+1EC3
    { 0x1EC4, 30 }, // U+1EC4
    { 0x1EC5, 43 }, // U+1EC5
    { 0x1EC6, 30 }, // U+1EC6
    { 0x1EC7, 43 }, // U+1EC7
    { 0x1EC8, 30 }, // U+1EC8
    { 0x1EC9, 45 }, // U+1EC9
    { 0x1ECA, 30 }, // U+1ECA
    { 0x1ECB, 45 }, // U+1ECB
    { 0x1ECC, 31 }, // U+1ECC
    { 0x1ECD, 43 }, // U+1ECD
    { 0x1ECE, 31 }, // U+1ECE
    { 0x1ECF, 43 }, // U+1ECF
    { 0x1ED0, 31 }, // U+1ED0
    { 0x1ED1, 43 }, // U+1ED1
    { 0x1ED2, 31 }, // U+1ED2
    { 0x1ED3, 43 }, // U+1ED3
    { 0x1ED4, 31 }, // U+1ED4
    { 0x1ED5, 43 }, // U+1ED5
    { 0x1ED6, 31 }, // U+1ED6
    { 0x1ED7, 43 }, // U+1ED7
    { 0x1ED8, 31 }, // U+1ED8
    { 0x1ED9, 43 }, // U+1ED9
    { 0x1EDA, 31 }, // U+1EDA
    { 0x1EDB, 43 }, // U+1EDB
    { 0x1EDC, 31 }, // U+1EDC
    { 0x1EDD, 43 }, // U+1EDD
    { 0x1EDE, 31 }, // U+1EDE
    { 0x1EDF, 43 }, // U+1EDF
    { 0x1EE0, 31 }, // U+1EE0
    { 0x1EE1, 43 }, // U+1EE1
    { 0x1EE2, 31 }, // U+1EE2
    { 0x1EE3, 43 }, // U+1EE3
    { 0x1EE4, 34 }, // U+1EE4
    { 0x1EE5, 50 }, // U+1EE5
    { 0x1EE6, 34 }, // U+1EE6
    { 0x1EE7, 50 }, // U+1EE7
    { 0x1EE8, 34 }, // U+1EE8
    { 0x1EE9, 50 }, // U+1EE9
    { 0x1EEA, 34 }, // U+1EEA
    { 0x1EEB, 50 }, // U+1EEB
    { 0x1EEC, 34 }, // U+1EEC
    { 0x1EED, 50 }, // U+1EED
    { 0x1EEE, 34 }, // U+1EEE
    { 0x1EEF, 50 }, // U+1EEF
    { 0x1EF0, 34 }, // U+1EF0
    { 0x1EF1, 50 }, // U+1EF1
    { 0x1EF2, 38 }, // U+1EF2
    { 0x1EF3, 51 }, // U+1EF3
    { 0x1EF4, 132 }, // U+1EF4
    { 0x1EF5, 51 }, // U+1EF5
    { 0x1EF6, 132 }, // U+1EF6
    { 0x1EF7, 51 }, // U+1EF7
    { 0x1EF8, 132 }, // U+1EF8
    { 0x1EF9, 51 }, // U+1EF9
    { 0x2018, 133 }, // U+2018
    { 0x2019, 134 }, // U+2019
    { 0x201A, 135 }, // U+201A
    { 0x201B, 136 }, // U+201B
    { 0x201C, 133 }, // U+201C
    { 0x201D, 134 }, // U+201D
    { 0x201E, 135 }, // U+201E
    { 0x201F, 137 }, // U+201F
    { 0x2020, 56 }, // U+2020
    { 0x2021, 56 }, // U+2021
    { 0x2022, 138 }, // U+2022
    { 0x2023, 138 }, // U+2023
    { 0x2026, 139 }, // U+2026
    { 0x2034, 140 }, // U+2034
    { 0x2039, 57 }, // U+2039
    { 0x203A, 66 }, // U+203A
    { 0x203D, 27 }, // U+203D
    { 0x2043, 138 }, // U+2043
    { 0x2044, 141 }, // U+2044
    { 0x204A, 49 }, // U+204A
    { 0x204B, 30 }, // U+204B
    { 0x204C, 138 }, // U+204C
    { 0x204D, 47 }, // U+204D
    { 0x204F, 24 }, // U+204F
    { 0x2074, 142 }, // U+2074
    { 0x2077, 143 }, // U+2077
    { 0x2079, 144 }, // U+2079
    { 0x207E, 145 }, // U+207E
    { 0x207F, 146 }, // U+207F
    { 0x2080, 147 }, // U+2080
    { 0x2081, 147 }, // U+2081
    { 0x2082, 147 }, // U+2082
    { 0x2083, 147 }, // U+2083
    { 0x2084, 148 }, // U+2084
    { 0x2086, 147 }, // U+2086
    { 0x2087, 149 }, // U+2087
    { 0x2088, 147 }, // U+2088
    { 0x2089, 147 }, // U+2089
    { 0x208A, 147 }, // U+208A
    { 0x208B, 147 }, // U+208B
    { 0x208C, 147 }, // U+208C
    { 0x208D, 147 }, // U+208D
    { 0x208E, 147 }, // U+208E
    { 0x2091, 147 }, // U+2091
    { 0x2092, 147 }, // U+2092
    { 0x2093, 147 }, // U+2093
    { 0x2095, 147 }, // U+2095
    { 0x2096, 147 }, // U+2096
    { 0x2097, 147 }, // U+2097
    { 0x2098, 147 }, // U+2098
    { 0x2099, 147 }, // U+2099
    { 0x209A, 147 }, // U+209A
    { 0x209B, 147 }, // U+209B
    { 0x209C, 147 }, // U+209C
    { 0x20A1, 31 }, // U+20A1
    { 0x20A7, 30 }, // U+20A7
    { 0x20A8, 30 }, // U+20A8
    { 0x20AB, 43 }, // U+20AB
    { 0x20B2, 31 }, // U+20B2
    { 0x20B4, 150 }, // U+20B4
    { 0x20B5, 31 }, // U+20B5
    { 0x20B8, 151 }, // U+20B8
    { 0x20BF, 30 }, // U+20BF
    { 0x2192, 10 }, // U+2192
    { 0x21D2, 26 }, // U+21D2
    { 0x2206, 29 }, // U+2206
    { 0x2212, 10 }, // U+2212
    { 0x221E, 152 }, // U+221E
    { 0x222B, 46 }, // U+222B
    { 0x2236, 24 }, // U+2236
    { 0x2248, 26 }, // U+2248
    { 0x2260, 26 }, // U+2260
    { 0x2264, 26 }, // U+2264
    { 0x2265, 26 }, // U+2265
};

static const int8_t inksans_12_regularKernMatrix[] = {
       0,    0,    0,    0,    0,  -13,    0,    0,    0,    0,  -34,    0,  -34,    0,    0,    0,    0,    0,  -25,    0,    0,    0,    0,    0,    0,    0,    0,    0,  -32,    0,    0,  -66,    0,    0,    0,    0,    0,    0,    0,    0,    0,    0,   -7,    0,    0,    0,    0,   -1,    0,    0,    0,    0,    0,    0,    0,    0,    0,    0,    0,    0,    0,    0,    0,    0,    0,    0,    0,    0,    0,    0,    0,    0,   -7,    0,    0,    0,    0,   -7,    0,    0,    0,    0,    0,    0,    0,    0,   -7,    0,    0,    0,    0,    0,    0,    0,    0,  -18,  -18,    0,    0,    0,    0,    0,    0,    0,    0,    0,    0,   -1,    0,    0,    0,    0,    0,    0,    0,    0,    0,    0,    0,    0,    0,    0,    0,    0,    0,    0,    0,    0,    0,    0,    0,    0,    0,    0,    0,    0,    0,    0,  -34,    0,    0,    0,    0,    0,    0,    0,    0,    0,    0,    0,    0,    0,
       0,    0,    0,    0,    0,    0,    0,    0,    0,    0,    0,    0,    0,    0,    0,    0,    0,    0,    0,    0,    0,    0,    0,    0,    0,    0,    0,    0,   -2,    0,    0,    0,   -2,    0,    0,    0,   -4,    0,    0,    0,    0,    0,    0,    0,    0,    0,    0,    0,    0,    0,    0,    0,    0,    0,    0,    0,    0,    0,    0,    0,    0,    0,    0,    0,    0,    0,    0,    0,    0,    0,    0,    0,    0,    0,    0,    0,   18,    0,    0,    0,    0,    0,    0,   18,   18,    0,    0,   -2,   -2,   -2,    0,    0,    0,    0,   18,    0,    0,   -4,    0,    0,    0,   -2,    0,    0,    0,    0,    0,    0,    0,    0,    0,    0,    0,    0,    0,    0,    0,    0,    0,    0,    0,    0,    0,    0,    0,    0,    0,    0,    0,    0,    0,    0,    0,    0,    0,    0,    0,    0,    0,    0,    0,    0,    0,    0,    0,    0,    0,  -26,    0,    0,    0,    0,
       0,    0,    0,    0,    0,    0,    0,    0,    0,    0,    0,    0,    0,    0,    0,    0,    0,    0,    0,    0,    0,    0,    0,    0,    0,    0,    0,    0,    0,    0,    0,    0,    0,    0,    0,    0,    0,    0,    0,    0,    0,    0,    0,    0,    0,    0,    0,    0,    0,    0,    0,    0,    0,    0,    0,    0,    0,    0,    0,    0,    0,    0,    0,    0,    0,    0,    0,    0,    0,    0,    0,    0,    0,    0,    0,    0,    0,    0,    0,    0,    0,    0,    0,    0,    0,    0,    0,    0,    0,    0,    0,    0,    0,    0,    0,    0,    0,    0,    0,    0,    0,    0,    0,    0,    0,    0,    0,    0,    0,    0,    0,    0,    0,    0,    0,    0,    0,    0,    0,    0,    0,    0,    0,    0,    0,    0,    0,    0,    0,    0,    0,    0,  -25,  -27,    0,    0,    0,    0,    0,  -27,    0,    0,    0,    0,    0,    0,    0,    0,    0,    0,    0,    0,
       0,    0,  -13,    0,    0,    0,    0,    0,    0,    0,    0,    0,    0,    0,    0,    0,    0,    0,    0,    0,    0,    0,    0,    0,    0,    0,    0,    0,    0,    0,    0,    0,  -23,    0,  -25,  -16,    0,  -29,    0,    0,    0,    0,    0,    0,    0,    0,    0,    0,    0,    0,  -13,  -13,    0,    0,    0,  -16,    0,    0,   -9,    0,    0,    0,    0,    0,    0,    0,    0,    0,    0,    0,    0,    0,    0,    0,    0,    0,    0,    0,    0,  -13,    0,    0,    0,    0,    0,    0,    0,  -23,  -23,  -23,    0,    0,    0,    0,    0,    0,    0,    0,    0,    0,    0,  -23,    0,    0,    0,    0,    0,    0,    0,    0,    0,    0,    0,    0,    0,    0,    0,    0,    0,    0,    0,    0,    0,    0,    0,    0,    0,    0,    0,    0,    0,  -29,  -36,    0,    0,    0,    0,    0,    0,    0,    0,    0,    0,    0,    0,    0,    0,    0,    0,    0,    0,    0,
       0,    0,    0,    0,    0,    0,    0,    0,    0,    0,    0,    0,    0,    0,    0,    0,    0,    0,    0,    0,    0,    0,    0,    0,    0,    0,    0,    0,    0,    2,    0,    0,    0,    0,    0,    0,    0,    0,    0,    0,    0,    0,   -4,    0,    0,    9,    2,    0,    0,    0,    0,    0,    0,    0,    0,    0,    0,    0,    0,    0,    0,    0,    0,    0,    0,    0,    0,    0,    0,    0,    0,    0,   -4,    0,    0,    0,    0,   -4,    0,    0,    0,    0,    2,    0,    0,    9,   -4,    0,    0,    0,    0,    2,    0,   53,    0,    0,    0,    0,    0,    0,    0,    0,    0,    0,    0,    0,    0,    0,    0,    0,    0,    0,    0,    0,    0,    0,    0,    0,    0,    0,    0,    0,    0,    0,    0,    0,    0,    0,    0,    0,    0,    0,    0,    0,    0,    0,    0,    0,    0,    0,    0,    0,    0,    0,    0,    0,    0,    0,    0,    0,    0,    0,
       0,    0,    0,    0,    0,    0,    0,    0,    0,    0,    0,    0,    0,    0,    0,    0,    0,    0,    0,    0,    0,    0,    0,    0,    0,    0,    0,    0,    0,    0,    0,    0,    0,    0,    0,    0,    0,    0,    0,    0,    0,    0,    0,    0,    0,    0,    0,    0,    0,    0,    0,    0,    0,    0,    0,    0,    0,    0,    0,    0,    0,    0,    0,    0,    0,    0,    0,    0,    0,    0,    0,    0,    0,    0,    0,    0,    0,    0,    0,    0,    0,    0,    0,    0,    0,    0,    0,    0,    0,    0,    0,    0,    0,    2,    0,    0,    0,    0,    0,    0,    0,    0,    0,    0,    0,    0,    0,    0,    0,    0,    0,    0,    0,    0,    0,    0,    0,    0,    0,    0,    0,    0,    0,    0,    0,    0,    0,    0,    0,    0,    0,    0,  -13,    0,    0,    0,    0,    0,    0,    0,    0,    0,    0,    0,    0,    0,    0,    0,    0,    0,    0,    0,
       0,    0,    0,    0,    0,  -13,    0,    0,    0,    0,  -54,    0,  -54,    0,    0,    0,    0,    0,  -18,    0,    0,    0,    0,    0,    0,    0,    0,   -5,  -34,    0,   -5,  -38,    0,    0,    0,    0,    0,    0,    0,    0,  -27,    0,    0,    0,    0,    0,    0,    0,    0,    0,    0,    0,    0,    0,    0,    0,    0,    0,    0,    0,    0,    0,    0,    0,    0,    0,    0,    0,    2,    0,    0,    0,    0,    0,    0,    0,    0,    0,    0,    0,    0,    0,    0,    0,    0,    0,    0,    0,    0,    0,    0,    0,    0,    0,    0,  -13,  -13,    0,    0,   -5,    0,    0,    0,    0,    0,    0,    0,    0,    0,    0,    0,    0,    0,    0,    0,    0,    0,    0,    0,    0,    0,    0,    0,    0,    0,    0,    0,    0,    0,    0,    0,    0,    0,    0,    0,    0,    0,    0,  -54,    0,    0,    0,    0,    0,    0,    0,    0,    0,    0,    0,    0,    0,
       0,    0,    0,    0,    0,    0,    0,    0,    0,    0,    0,    0,    0,    0,    0,    0,  -12,   -4,    0,    0,  -10,    0,    0,    0,    0,    0,    0,    0,  -13,    0,    0,  -18,  -30,    0,  -20,  -17,  -14,  -30,    0,    0,    0,    0,    0,    0,    0,    0,    0,    0,    0,    0,    0,    0,   -9,    0,    0,    0,    0,    0,    0,    0,    0,    0,   -5,    0,    0,    0,    0,    0,    0,    0,    0,    0,    0,    0,    0,    0,    0,    0,    0,    0,    0,    0,    0,    0,    0,    0,    0,  -47,  -47,  -30,    0,    0,    0,    0,    0,    0,    0,  -52,  -20,    0,    0,  -58,    0,    0,    0,    0,    0,    0,    0,    0,    0,    0,    0,    0,    0,    0,    0,    0,    0,    0,    0,    0,    0,    0,    0,    0,    0,    0,    0,    0,    0,  -30,  -21,    0,    0,    0,    0,    0,    0,    0,    0,    0,    0,    0,    0,    0,    0,    0,    0,    0,    0,    0,
      -4,   -2,  -35,    0,    0,    0,    0,    0,    0,    0,    0,    0,    0,    0,  -11,  -35,    0,  -10,    0,   -5,   -7,  -10,   -4,    0,    0,    0,  -35,  -18,    0,    0,  -18,    0,  -13,    0,    0,    0,    0,  -18,    0,    0,    0,    0,    0,    0,    0,    0,    0,    0,    0,    0,    0,    0,    0,    0,    0,    0,    0,    0,    0,    0,    0,    0,  -20,    0,    0,    0,    0,    0,    0,    0,    0,    0,    0,    0,    0,    0,    0,    0,    0,    0,    0,    0,    0,    0,    0,    0,    0,  -13,  -13,  -13,    0,    0,    0,    0,    0,    0,    0,    0,  -10,  -18,    0,  -13,    0,    0,    0,  -13,    0,    0,    0,    0,    0,    0,    0,    0,    0,    0,    0,    0,    0,    0,    0,    0,    0,    0,    0,    0,    0,    0,    0,    0,    0,  -31,    0,  -28,    0,  -54,  -54,    0,    0,  -28,    0,    0,    0,    0,    0,    0,    0,    0,    0,    0,    0,    0,
       0,    0,    0,    0,    0,    0,    0,    0,    0,    0,  -16,    0,  -16,    0,    0,    0,    0,    0,    0,    0,    0,    0,    0,    0,    0,    0,    0,    0,  -10,    0,    0,  -25,    0,    0,    1,    1,    0,    0,    0,    0,    0,    0,    0,    0,    0,    0,    0,    0,    0,    0,    0,    0,    0,    0,    0,    0,    0,    0,    0,    0,    0,    0,    0,    0,    0,    0,    0,    0,    0,    0,    0,    0,    0,    0,    0,    0,    0,    0,    0,    0,    0,    0,    0,    0,    0,    0,    0,    0,    0,    0,    0,    0,    0,   16,    0,    0,    0,    0,    0,    0,    0,    0,    0,    0,    0,    0,    0,    0,    0,    0,    0,    0,    0,    0,    0,    0,    0,    0,    0,    0,    0,    0,    0,    0,    0,    0,    0,    0,    0,    0,    0,    0,    0,    0,    0,    0,    0,    0,  -16,    0,    0,    0,    0,    0,    0,    0,    0,    0,    0,    0,    0,    0,
       0,    0,    0,    0,    0,    0,    0,    0,    0,    0,  -11,    0,  -11,    0,    0,    0,    0,    0,    0,    0,   -8,    0,    0,    0,    0,    0,    0,    0,    0,    0,    0,    0,    0,    0,   -6,    0,  -14,  -13,    0,    0,  -18,    0,    0,    0,    0,    0,    0,    0,    6,    0,    0,    0,    0,    0,    0,    0,    0,    0,    0,    0,    0,    0,    0,    0,    0,    0,    0,    0,    0,    0,    0,    0,    0,    0,    0,    0,    0,    0,    0,    0,    0,    0,    0,    0,    0,    0,    0,    0,    0,    0,    0,    0,    0,    0,    0,    0,    0,  -14,    0,    0,    0,    0,    0,    0,    6,    0,    6,    0,    0,    0,    0,    0,    0,    0,    0,    0,    0,    0,    0,    0,    0,    0,    0,    0,    0,    0,    0,    0,    0,    0,    0,  -13,  -18,    0,  -20,    0,    0,    0,  -11,    0,    0,    0,    0,    0,    0,    0,    0,    0,    0,    0,    0,    0,
       0,    0,    0,    0,    0,    0,    0,    2,    0,    0,    0,    0,    0,    0,    0,    0,    0,    0,    0,    0,    0,    0,    0,    0,    0,    0,    0,    0,    0,    0,    0,    0,    0,    0,    0,    0,    0,    0,    0,    0,    2,    0,    0,    0,    0,    0,    0,    0,    6,    0,    3,    0,    0,    0,    0,    0,    0,    0,    0,    0,    0,    0,    0,    0,    0,    0,    0,    0,   13,    0,    0,    0,    0,    0,    0,    0,   24,    0,    0,    3,    0,   14,    0,   24,   24,    0,    0,    0,    0,    0,    0,    0,    0,   13,   24,    0,    0,    0,    0,    0,    0,    0,    0,    0,    6,    0,    6,    0,    0,    0,    0,    0,    0,    0,    0,    0,    0,    0,    0,    0,    0,    0,    0,    0,    0,    0,    0,    0,    0,    0,    0,    0,    0,    0,    0,    0,    0,    0,    0,    0,    0,    0,    0,    0,    0,    0,    0,    0,    0,    0,    0,    0,
       0,    0,    0,    0,    0,    0,    0,    0,    0,    0,    0,    0,    0,    0,    0,    0,    0,    0,   -6,    0,    0,    0,    0,    0,    0,    0,    0,    0,    0,    0,    0,    0,    0,    0,    0,    0,    0,    0,    0,    0,    0,    0,    0,    0,    0,    0,    0,    0,    0,    0,    0,    0,    0,    0,    0,    0,    0,    0,    0,    0,    0,    0,    0,    0,    0,    0,    0,    0,    0,    0,    0,    0,    0,    0,    0,    0,    0,    0,    0,    0,    0,    0,    0,    0,    0,    0,    0,    0,    0,    0,    0,    0,    0,    0,    0,    0,    0,    0,    0,    0,    0,    0,    0,    0,    0,    0,    0,    0,    0,    0,    0,    0,    0,    0,    0,    0,    0,    0,    0,    0,    0,    0,    0,    0,    0,    0,    0,    0,    0,    0,    0,    0,    0,    0,    0,    0,    0,    0,    0,    0,    0,    0,    0,    0,    0,    0,    0,    0,    0,    0,    0,    0,
       0,    0,    0,    0,    0,    0,    0,    0,   -5,    0,   -9,    0,   -9,    0,    0,    0,    0,    0,    0,    0,    0,    0,    0,    0,    0,    0,    0,    0,    0,    0,    0,    0,    0,    0,    0,    0,   -8,    0,    0,   -5,    0,    0,    0,    0,    0,    0,    0,    0,    0,    0,    0,    0,    0,    0,    0,    0,  -13,    0,    0,   -5,    0,    0,    0,    0,    0,    0,    0,    0,    0,    0,    0,    0,    0,    0,    0,    0,    0,    0,    0,    0,    0,    0,    0,    0,    0,    0,    0,    0,    0,    0,    0,    0,    0,    0,    0,    0,    0,   -8,    0,    0,    0,    0,    0,    0,    0,    0,    0,    0,    0,    0,    0,    0,    0,    0,    0,    0,    0,    0,    0,    0,    0,    0,    0,    0,    0,    0,    0,    0,    0,    0,    0,    0,    0,    0,  -20,    0,    0,    0,   -9,    0,    0,    0,    0,    0,    0,    0,    0,    0,    0,    0,    0,    0,
       0,    0,    0,    0,    0,    0,    0,    0,  -10,    0,  -13,    0,  -13,    0,    0,  -10,    0,    0,    0,    0,    0,    0,    0,    0,    0,    0,    0,    0,    0,    0,    0,    0,    0,    0,    0,    0,    0,    0,    0,  -10,    0,    0,    0,    0,    0,    0,    0,    0,    0,    0,    0,    0,    0,    0,    0,    0,    0,    0,   -2,  -10,    0,    0,  -16,    0,    0,    0,    0,    0,    0,    0,    0,    0,    0,    0,    0,    0,    0,    0,    0,    0,    0,    0,    0,    0,    0,    0,    0,    0,    0,    0,    0,    0,    0,    0,    0,    0,    0,    0,    0,    0,    0,    0,    0,    0,    0,    0,    0,    0,    0,    0,    0,    0,    0,    0,    0,    0,    0,    0,    0,    0,    0,    0,    0,    0,    0,    0,    0,    0,    0,    0,    0,    0,    0,    0,    0,    0,    0,    0,  -13,    0,    0,    0,    0,    0,    0,    0,    0,    0,    0,    0,    0,    0,
       0,    0,    0,    0,    0,    0,    0,    0,   -1,    0,  -10,    0,  -10,    0,    0,    0,    0,    0,    0,    0,    0,    0,    0,    0,    0,    0,    0,    0,    0,    0,    0,    0,    0,    0,    0,    0,    0,    0,    0,   -1,    0,    0,    0,    0,    0,    0,    0,    0,    0,    0,    0,    0,    0,    0,    0,    0,    0,    0,   -2,   -1,    0,    0,    0,    0,    0,    0,    0,    0,    0,    0,    0,    0,    0,    0,    0,    0,    0,    0,    0,    0,    0,    0,    0,    0,    0,    0,    0,    0,    0,    0,    0,    0,    0,    0,    0,    0,    0,    0,    0,    0,    0,    0,    0,    0,    0,    0,    0,    0,    0,    0,    0,    0,    0,    0,    0,    0,    0,    0,    0,    0,    0,    0,    0,    0,    0,    0,    0,    0,    0,    0,    0,    0,    0,    0,    0,    0,    0,    0,  -10,    0,    0,    0,    0,    0,    0,    0,    0,    0,    0,    0,    0,    0,
       0,    0,    0,    0,    0,    0,    0,    0,    0,    0,  -13,    0,  -13,    0,    0,    0,    0,    0,    0,    0,    0,    0,    0,    0,    0,    0,    0,    0,    0,    0,    0,    0,    0,    0,    0,    0,    0,    0,    0,    0,  -18,    0,    0,    0,    0,    0,    0,    0,    0,    0,    0,    0,    0,    0,    0,    0,    0,    0,    0,    0,    0,    0,    0,    0,    0,    0,    0,    0,    0,    0,    0,    0,    0,    0,    0,    0,    0,    0,    0,    0,    0,    0,    0,    0,    0,    0,    0,    0,    0,    0,    0,    0,    0,    0,    0,    0,    0,    0,    0,    0,    0,    0,    0,    0,    0,    0,    0,    0,    0,    0,    0,    0,    0,    0,    0,    0,    0,    0,    0,    0,    0,    0,    0,    0,    0,    0,    0,    0,    0,    0,    0,    0,    0,    0,  -18,    0,    0,    0,  -13,    0,    0,    0,    0,    0,    0,    0,    0,    0,    0,    0,    0,    0,
       0,    0,    0,  -23,    0,  -18,    0,    0,    0,    0,  -50,    0,  -50,    0,   -6,    0,    0,   -7,  -23,   -4,    8,   -6,   -4,  -13,  -36,    0,    0,    0,  -43,    0,    0,  -38,    0,    0,    0,    0,    0,    0,    0,    0,  -63,  -18,  -20,    0,    0,    0,  -20,  -16,    0,    0,    0,    0,    0,    0,    0,    0,  -25,    0,    0,    0,    0,    0,    0,    0,    0,    0,    0,    0,    0,    0,  -18,  -18,  -20,    0,    0,    0,   36,  -20,    0,    0,  -18,    0,    0,   36,   36,    0,  -20,    0,    0,    0,    0,    0,    0,    0,   36,  -42,  -42,    0,   -7,    0,    0,    0,    0,    0,    0,    0,    0,  -16,    0,    0,    0,    0,    0,    0,    0,    0,    0,    0,    0,    0,    0,    0,    0,    0,    0,    0,    0,    0,    0,    0,    0,    0,    0,    0,  -57,    0,    0,    0,  -50,    0,    0,    0,    0,    0,    0,    0,    0,  -30,    0,    0,    0,    0,
       0,    0,    0,    0,    0,    0,    0,    0,    0,    0,    0,    0,    0,    0,    0,    0,    0,    0,    0,    0,    0,    0,    0,    0,    0,    0,    0,    0,    0,    0,    0,    0,  -13,    0,  -25,    0,    0,    0,    0,    0,    0,    0,    0,    0,    0,    0,    0,    0,    0,    0,    0,    0,    0,    0,    0,    0,    0,    0,    0,    0,    0,    0,    0,    0,    0,    0,    0,    0,    0,    0,    0,    0,    0,    0,    0,    0,    0,    0,    0,    0,    0,    0,    0,    0,    0,    0,    0,  -13,  -13,  -13,    0,    0,    0,    0,    0,    0,    0,    0,    0,    0,    0,  -34,    0,    0,    0,    0,    0,    0,    0,    0,    0,    0,    0,    0,    0,    0,    0,    0,    0,    0,    0,    0,    0,    0,    0,    0,    0,    0,    0,    0,    0,    0,  -18,    0,    0,    0,    0,    0,    0,    0,    0,    0,    0,    0,    0,    0,    0,    0,    0,    0,    0,    0,
       0,    0,    0,    0,    0,    0,    0,    0,    0,    0,    0,    0,    0,    0,    0,    0,    0,    0,    0,    0,    0,    0,    0,    0,    0,    0,    0,    0,  -20,    0,    0,    0,  -18,    0,  -27,  -25,  -20,  -38,    0,    0,    0,    0,    0,    0,    0,    0,    0,    0,    0,    0,  -16,    0,  -13,    0,    0,    0,    0,    0,    0,    0,    0,    0,    0,    0,    0,    0,    0,    0,    0,    0,    0,    0,    0,    0,    0,    0,    0,    0,    0,  -16,    0,    0,    0,    0,    0,    0,    0,  -18,  -18,  -18,    0,    0,    0,    0,    0,    0,    0,  -20,    0,    0,    0,  -18,    0,    0,    0,    0,    0,    0,    0,    0,    0,    0,    0,    0,    0,    0,    0,    0,    0,    0,    0,    0,    0,    0,    0,    0,    0,    0,    0,    0,    0,  -38,  -23,    0,    0,    0,    0,    0,    0,    0,    0,    0,    0,    0,    0,    0,    0,    0,    0,    0,  -16,    0,
       0,    0,    0,    0,    0,    0,    0,    0,    0,    0,    0,    0,    0,    0,    0,    0,    0,    0,    0,    0,  -29,    0,    0,    0,    0,    0,    0,    0,   -5,    0,    0,    0,  -32,    0,  -29,  -29,  -23,  -36,  -25,    0,    0,    0,    0,    0,    0,    0,    0,    0,    0,    0,    0,    0,    0,    0,    0,    0,    0,    0,    0,    0,    0,    0,    0,    0,    0,    0,    0,    0,    0,    0,    0,    0,    0,    0,    0,    0,    0,    0,    0,    0,    0,    0,    0,    0,    0,    0,    0,  -32,  -32,  -32,    0,    0,    0,    0,    0,  -13,  -13,  -20,    0,    0,    0,  -29,    0,    0,    0,    0,    0,    0,    0,    0,    0,    0,    0,    0,    0,    0,    0,    0,    0,    0,    0,    0,    0,    0,    0,    0,    0,    0,    0,    0,    0,  -36,  -38,    0,    0,    0,    0,    0,    0,    0,    0,    0,    0,    0,    0,    0,    0,    0,    0,    0,  -29,    0,
       0,    0,    0,    0,    0,    0,    0,    0,    0,    0,    0,    0,    0,    0,    0,    0,    0,    0,    0,    0,    0,    0,    0,    0,    0,    0,    0,    0,  -25,    0,    0,    0,    0,    0,    0,    0,    0,    0,    0,    0,    0,    0,    0,    0,    0,    0,    0,    0,    0,    0,    0,    0,    0,    0,    0,    0,    0,    0,    0,    0,    0,    0,    0,    0,    0,    0,    0,    0,    0,    0,    0,    0,    0,    0,    0,    0,    0,    0,    0,    0,    0,    0,    0,    0,    0,    0,    0,    0,    0,    0,    0,    0,    0,    0,    0,    0,    0,    0,    0,    0,    0,    0,    0,    0,    0,    0,    0,    0,    0,    0,    0,    0,    0,    0,    0,    0,    0,    0,    0,    0,    0,    0,    0,    0,    0,    0,    0,    0,    0,    0,    0,    0,    0,    0,    0,    0,    0,    0,    0,    0,    0,    0,    0,    0,    0,    0,    0,    0,    0,    0,    0,    0,
       0,    0,    0,    0,    0,    0,    0,    0,    0,    0,  -18,    0,  -18,  -16,    0,    0,    0,    0,    0,    0,    0,    0,    0,    0,    0,    0,    0,    0,  -15,    0,    0,    0,  -12,    0,  -14,   -3,  -16,  -15,    0,    0,  -16,    0,    0,    0,    0,    0,    0,    0,    0,    0,    0,    0,    0,    0,    0,    0,    0,    0,   -2,    0,    0,    0,    0,    0,    0,    0,    0,    0,    0,    0,    0,    0,    0,    0,    0,    0,    0,    0,    0,    0,    0,    0,    0,    0,    0,    0,    0,  -12,  -12,  -12,    0,    0,    0,    3,    0,    0,    0,  -37,    0,    0,    0,  -26,    0,    0,    0,    0,    0,    0,    0,    0,    0,    0,    0,    0,    0,    0,    0,    0,    0,    0,    0,    0,    0,    0,    0,    0,    0,    0,    0,    0,    0,  -15,  -13,    0,  -16,    0,    0,    0,  -18,    0,    0,    0,    0,    0,    0,    0,  -16,  -39,    0,    0,    0,    0,
       0,    0,  -32,    0,   -2,    0,    0,    0,  -34,  -13,    0,  -13,    0,    7,    0,  -16,    0,    0,    0,    0,    0,    0,    0,    0,   -5,  -20,  -25,  -15,    6,    0,  -15,    0,  -35,   -8,  -29,  -25,    0,  -30,    0,  -34,    0,    0,   -3,   -1,    2,    0,    0,   -2,   -9,    0,  -27,  -27,    0,    0,  -13,  -29,  -13,  -13,  -28,  -34,    0,    0,  -20,  -13,    0,  -13,    0,    0,    0,  -13,    0,    0,   -3,    2,    2,    2,    0,   -3,    0,  -27,    0,    0,    0,    0,    0,    0,   -3,  -35,  -35,  -57,    0,    0,    2,    0,    0,    0,    0,    0,    0,  -15,    0,  -35,    0,    0,   -9,  -27,   -9,   -2,    0,    0,    0,    0,    0,    0,    0,    0,    0,    0,    0,    0,    0,    0,    0,    0,    0,    0,    0,    0,    0,    0,    0,  -30,  -52,  -41,    0,    0,    0,  -13,    0,  -41,   -3,    0,    0,    0,    0,    0,    0,    0,    0,    0,  -20,    0,
       0,    0,    0,    0,    0,    0,    0,    0,    0,    0,    0,    0,    0,    0,    0,    0,    0,    0,    0,    0,    0,    0,    0,    0,    0,    0,    0,    0,    0,    0,    0,    0,  -23,    0,    0,    0,    0,    0,    0,    0,    0,    0,    0,    0,    0,    0,    0,    0,    0,    0,    0,    0,    0,    0,    0,    0,    0,    0,    0,    0,    0,    0,    0,    0,    0,    0,    0,    0,    0,    0,    0,    0,    0,    0,    0,    0,   13,    0,    0,    0,    0,    0,    0,   13,   13,    0,    0,  -23,  -23,  -23,    0,    0,    0,    0,   13,    0,    0,    0,    0,    0,    0,  -23,    0,    0,    0,    0,    0,    0,    0,    0,    0,    0,    0,    0,    0,    0,    0,    0,    0,    0,    0,    0,    0,    0,    0,    0,    0,    0,    0,    0,    0,    0,  -25,    0,    0,    0,    0,    0,    0,    0,    0,    0,    0,    0,    0,    0,    0,    0,    0,    0,    0,    0,
       0,    0,    0,    0,    0,    0,    0,    0,    0,    0,    0,    0,    0,    0,    0,    0,    0,    0,    0,    0,    0,    0,    0,    0,    0,    0,    0,    0,   -9,    0,    0,    0,    0,    0,    0,    0,   -3,    0,    0,    0,  -16,    0,    0,    0,    0,    0,    0,    0,    0,    0,    1,    0,    0,    0,    0,    0,    0,    0,    0,    0,    0,    0,    0,    0,    0,    0,    0,    0,    0,    0,    0,    0,    0,    0,    0,    0,   13,    0,    0,    1,    0,    0,    0,   13,   13,    0,    0,    0,    0,    0,    0,    0,    0,    0,   13,    0,    0,   -3,    0,    0,    0,    0,    0,    0,    0,    0,    0,    0,    0,    0,    0,    0,    0,    0,    0,    0,    0,    0,    0,    0,    0,    0,    0,    0,    0,    0,    0,    0,    0,    0,    0,    0,    0,    0,    0,    0,    0,    0,    0,    0,    0,    0,    0,    0,    0,    0,    0,    0,    0,    0,    0,    0,
       0,    0,    0,    0,    0,    0,    0,    0,    0,    0,    0,    0,    0,    0,    0,    0,    0,    0,    0,    0,    0,    0,    0,    0,    0,    0,    0,    0,    0,    0,    0,    0,    0,    0,    0,    0,    0,    0,    0,    0,    0,    0,    0,    0,    0,    0,    0,    0,    0,    0,    0,    0,    0,    0,    0,    0,    0,    0,    0,    0,    0,    0,    0,    0,    0,    0,    0,    0,    0,    0,    0,    0,    0,    0,    0,    0,   29,    0,    0,    0,    0,    0,    0,   29,   29,    0,    0,    0,    0,    0,    0,    0,    0,   13,   29,    0,    0,    0,    0,    0,    0,    0,    0,    0,    0,    0,    0,    0,    0,    0,    0,    0,    0,    0,    0,    0,    0,    0,    0,    0,    0,    0,    0,    0,    0,    0,    0,    0,    0,    0,    0,    0,    0,    0,    0,    0,    0,    0,    0,    0,    0,    0,    0,    0,    0,    0,    0,    0,    0,    0,    0,    0,
       0,    0,    0,    0,    0,    0,    0,    0,    0,    0,  -16,    0,  -29,    0,    0,    0,    0,    0,    0,    0,    0,    0,    0,    0,    0,    0,    0,    0,  -36,    0,    0,  -27,    0,    0,    0,    0,    0,    0,    0,    0,  -13,   -9,  -14,    0,    0,    0,  -10,    0,    0,  -13,  -13,    0,    0,  -13,    0,    0,    0,    0,    0,    0,    0,  -13,    0,    0,    0,    0,    0,    0,    0,    0,   -9,   -9,  -14,    0,    0,    0,    0,  -14,  -13,  -13,   -9,    0,    0,    0,    0,    0,  -14,    0,    0,    0,  -13,    0,    0,   29,    0,    0,    0,    0,    0,    0,    0,    0,    0,    0,    0,    0,    0,    0,    0,    0,    0,    0,    0,    0,    0,    0,    0,    0,    0,    0,    0,    0,    0,    0,    0,    0,    0,    0,    0,    0,    0,    0,    0,    0,  -48,    0,    0,    0,  -50,    0,    0,    0,    0,    0,    0,    0,    0,  -19,    0,    0,    0,    0,
       0,    0,    0,    0,    0,    0,    0,    0,    0,    0,    0,    0,    0,    0,    0,    0,    0,    0,    0,    0,    0,    0,    0,    0,    0,    0,    0,    0,  -10,    0,    0,    0,  -12,    0,   -9,    0,   -3,  -10,    0,    0,    0,    0,    0,    0,    0,    0,    0,    0,    0,    0,    0,    0,    0,    0,    0,    0,    0,    0,    0,    0,    0,    0,    0,    0,    0,    0,    0,    0,    0,    0,    0,    0,    0,    0,    0,    0,   13,    0,    0,    0,    0,    0,    0,   13,   13,    0,    0,  -12,  -12,  -12,    0,    0,    0,    3,   13,    0,    0,   -3,    0,    0,    0,  -12,    0,    0,    0,    0,    0,    0,    0,    0,    0,    0,    0,    0,    0,    0,    0,    0,    0,    0,    0,    0,    0,    0,    0,    0,    0,    0,    0,    0,    0,  -10,    0,    0,    0,    0,    0,    0,    0,    0,    0,    0,    0,    0,    0,    0,    0,    0,    0,    0,    0,    0,
       0,    0,    0,    0,    0,    0,    0,    0,    0,    0,  -13,    0,  -13,  -23,    0,    0,    0,    0,    0,    0,    0,    0,    0,    0,    0,    0,    0,    0,   -8,    0,    0,    0,    0,    0,    0,    0,    0,    0,    0,    0,  -20,    0,    0,    0,    0,    0,    0,    0,    0,    0,    0,    0,    0,    0,    0,    0,    0,    0,    0,    0,    0,    0,    0,    0,    0,    0,    0,    0,    0,    0,    0,    0,    0,    0,    0,    0,    0,    0,    0,    0,    0,    0,    0,    0,    0,    0,    0,    0,    0,    0,    0,    0,    0,   13,    0,    0,    0,    0,    0,    0,    0,    0,    0,    0,    0,    0,    0,    0,    0,    0,    0,    0,    0,    0,    0,    0,    0,    0,    0,    0,    0,    0,    0,    0,    0,    0,    0,    0,    0,    0,    0,    0,    0,    0,  -32,    0,    0,    0,  -13,    0,    0,    0,    0,    0,    0,    0,    0,    0,    0,    0,    0,    0,
       0,    0,    0,    0,   -4,    0,    0,    0,    0,  -39,    0,  -39,    0,    0,    0,    0,    0,    0,    0,    0,    0,    0,    0,    0,  -27,  -13,    0,  -14,    0,    0,  -14,    0,    0,    0,    0,    0,    0,    0,    0,    0,    0,    0,  -16,    0,    5,    0,    0,    0,    0,  -13,  -16,  -25,    0,    0,  -39,    0,  -20,  -59,   -6,    0,    0,  -13,    0,  -57,    0,    0,    0,    0,    0,  -13,    0,    0,  -16,    5,    5,    5,   34,  -16,  -13,  -16,    0,    0,    0,   34,   34,    0,  -16,    0,    0,    0,  -13,    0,    5,   34,   34,    0,    0,    0,    0,  -14,    0,    0,    0,    0,    0,  -40,    0,    0,    0,    0,    0,    0,    0,    0,    0,    0,    0,    0,    0,    0,    0,    0,    0,    0,    0,    0,    0,    0,    0,    0,    0,    0,    0,    0,    0,    0,    0,  -13,    0,    0,    0,    0,    0,    0,    0,    0,    0,    0,    0,    0,    0,  -13,
       0,    0,  -36,    0,    0,    0,    0,    0,  -68,  -31,    0,  -52,    0,    0,    0,  -18,    0,    0,    0,    0,    0,    0,    0,    0,    0,    0,    0,  -11,    0,    0,  -11,    0,  -38,    0,  -28,   -5,    0,  -21,    0,  -52,    0,    0,    0,    0,    0,    0,    0,    0,   -9,    0,  -27,    0,    0,    0,  -47,  -38,  -25,  -84,  -32,  -70,    0,    0,  -34,  -56,    0,    0,    0,    0,    0,  -13,    0,    0,    0,    0,    0,    0,    0,    0,    0,  -27,    0,    0,    0,    0,    0,    0,    0,  -38,  -38,  -38,    0,    0,    0,    0,    0,    0,    0,    0,    0,  -11,    0,  -38,    0,    0,   -9,  -54,   -9,    0,    0,    0,    0,    0,    0,    0,    0,    0,    0,    0,    0,    0,    0,    0,    0,    0,    0,    0,    0,    0,    0,    0,    0,  -34,  -34,  -23,    0,  -18,  -18,  -13,    0,  -50,    0,    0,    0,    0,    0,    0,    0,    0,    0,    0,    0,    0,
       0,    0,    0,    0,    0,  -13,    0,    0,    0,  -15,  -16,  -15,  -29,    0,    0,    0,    0,    0,    0,    0,    0,    0,    0,    0,    0,    0,    0,    0,  -31,    0,    0,  -38,    0,    0,    0,    0,    0,    0,    0,    0,    0,   -2,   -3,    0,    0,    0,    0,    0,    0,    0,    0,    0,    0,    0,  -15,    0,    0,  -15,    0,    0,    0,    0,    0,  -15,    0,    0,    0,    0,    0,    0,   -2,   -2,   -3,    0,    0,    0,    0,   -3,    0,    0,   -2,    0,    0,    0,    0,    0,   -3,    0,    0,    0,    0,    0,    0,    0,    0,    0,    0,    0,    0,    0,    0,    0,    0,    0,    0,    0,    0,    0,    0,    0,    0,    0,    0,    0,    0,    0,    0,    0,    0,    0,    0,    0,    0,    0,    0,    0,    0,    0,    0,    0,    0,    0,    0,    0,  -57,    0,    0,    0,  -54,    0,    0,    0,    0,    0,    0,    0,    0,  -26,    0,    0,    0,    0,
       0,    0,    0,    0,    0,    0,    0,    0,    0,    0,    0,    0,    0,    0,    0,    0,    0,    0,    0,    0,    0,    0,    0,    0,    0,    0,    0,    0,    0,    0,    0,    0,    0,    0,   -7,    0,    0,  -10,    0,    0,    0,   -2,   -5,    0,    0,    0,    0,    0,    0,    0,    0,    0,    0,    0,    0,    0,    0,    0,    0,    0,    0,    0,    0,    0,    0,    0,    0,    0,    0,    0,   -2,   -2,   -5,    0,    0,    0,   18,   -5,    0,    0,   -2,    0,    0,   18,   18,    0,   -5,    0,    0,    0,    0,    0,    0,    0,   18,    0,    0,    0,    0,    0,    0,    0,    0,    0,    0,    0,    0,    0,    0,    0,    0,    0,    0,    0,    0,    0,    0,    0,    0,    0,    0,    0,    0,    0,    0,    0,    0,    0,    0,    0,    0,  -10,    0,    0,    0,    0,    0,    0,    0,    0,    0,    0,    0,    0,    0,    0,    0,    0,    0,    0,    0,    0,
       0,    0,    0,    0,   -1,  -13,    0,    0,    0,  -27,  -13,  -27,  -13,  -52,  -13,    0,    0,    0,  -27,    0,  -32,    0,    0,  -13,  -32,  -13,    0,  -12,  -35,    0,  -12,  -36,    0,    0,    0,    0,    0,    6,    0,    0,  -23,  -29,  -31,    0,    0,    0,  -23,  -29,  -41,  -29,  -25,  -25,  -21,  -18,  -27,    0,  -52,  -27,    0,    0,    0,  -70,    0,  -58,    0,  -20,    0,    0,    0,  -13,  -45,  -45,  -52,    0,    0,    0,   36,  -52,  -50,  -38,  -29,    0,    0,   36,   36,    0,  -31,    0,    0,    0,  -45,    0,    0,   53,   36,  -55,  -55,    0,    0,  -12,    0,    0,    0,    0,  -41,  -21,  -41,  -29,    0,    0,    0,    0,    0,    0,    0,    0,    0,    0,    0,    0,    0,    0,    0,    0,    0,    0,    0,    0,    0,    0,    0,    6,    0,    0,  -48,    0,    0,  -13,  -47,    0,    0,    0,    0,    0,    0,    0,    0,  -41,    0,    0,    0,    0,
       0,    0,    0,    0,    0,  -20,    0,    0,    0,  -21,  -38,  -21,  -38,  -20,   -6,    0,    0,    0,  -13,    0,    0,    0,    0,  -25,  -29,  -25,    0,  -28,  -29,    0,  -14,  -38,    0,    0,    6,    0,    0,    0,    0,    0,  -32,  -21,  -22,    0,    0,    0,   -1,  -18,    0,    0,    0,    0,    0,    0,  -21,    0,  -23,  -46,    0,    0,    0,    0,    0,  -37,    0,    0,   -4,    0,    0,  -16,  -21,  -37,  -22,    0,    0,    0,   34,  -40,    0,    0,  -21,    0,    0,   34,   34,    0,  -22,    0,    0,    0,    0,    0,    0,   16,   34,  -50,  -50,    0,    0,  -14,    0,    0,    0,    0,    0,   -4,    0,  -18,    0,    0,    0,    0,    0,    0,    0,    0,    0,    0,    0,    0,    0,    0,    0,    0,    0,    0,    0,    0,    0,    0,    0,    0,    0,    0,  -45,    0,    0,  -16,  -38,    0,    0,    0,    0,    0,    0,    0,  -51,  -60,    0,    0,    0,    0,
       0,    0,    0,    0,   -1,  -20,    0,    0,    0,  -19,  -38,  -19,  -38,   -4,    0,    0,    0,    0,  -13,    0,    0,    0,    0,  -20,  -29,  -25,    0,   -3,  -25,    0,   -3,  -25,    0,    0,    1,    9,    0,    0,    0,    0,    0,  -21,  -20,    0,    0,    0,  -14,  -13,    0,    0,    0,    0,    0,    0,  -19,    0,  -23,  -19,    0,    0,    0,    0,    0,  -33,    0,    0,   -4,    0,    0,    0,  -21,  -21,  -20,    0,    0,    0,    0,  -20,    0,    0,  -21,    0,    0,    0,    0,    0,  -20,    0,    0,    0,    0,    0,    0,   34,    0,    0,    0,    0,    0,   -3,    0,    0,    0,    0,    0,  -14,    0,  -13,    0,    0,    0,    0,    0,    0,    0,    0,    0,    0,    0,    0,    0,    0,    0,    0,    0,    0,    0,    0,    0,    0,    0,    0,    0,    0,  -43,    0,    0,    0,  -38,    0,    0,    0,    0,    0,    0,    0,  -35,  -43,    0,    0,    0,    0,
       0,    0,    0,    0,   -4,    0,    0,    0,    0,  -14,    0,  -14,    0,    0,  -14,    0,    0,   -8,  -16,    0,    0,   -8,    0,    0,  -23,  -20,    0,  -16,    0,    0,  -16,    0,  -16,    0,    0,    0,    0,    0,    0,    0,    0,  -23,  -11,    0,    0,    0,    0,    0,    0,    0,    0,    0,    0,    0,  -28,    0,  -16,  -35,   -3,    0,    0,    0,    0,  -33,    0,    0,    0,    0,    0,  -18,  -23,  -23,  -11,    0,    0,    0,    0,  -11,    0,    0,  -23,    0,    0,    0,    0,    0,  -11,  -16,  -16,  -16,    0,    0,    0,   34,    0,    0,    0,    0,   -8,  -37,  -13,  -16,    0,    0,  -25,  -32,    0,    0,    0,    0,    0,    0,    0,    0,    0,    0,    0,    0,    0,    0,    0,    0,    0,    0,    0,    0,    0,    0,    0,    0,    0,    0,    0,    0,    0,    0,    0,  -18,    0,    0,    0,    0,    0,    0,    0,    0,    0,    0,    0,  -13,    0,    0,
       0,    0,    0,    0,    0,  -25,    0,    0,    0,  -30,  -18,  -30,  -18,    0,    0,    0,    0,    0,  -27,    0,    0,    0,    0,  -25,  -41,  -38,    0,  -15,  -30,    0,  -15,  -13,    6,    0,    0,    0,    0,    0,    0,    0,    0,  -32,  -35,    0,  -10,    0,  -16,  -27,    0,  -16,    0,    0,    0,    0,  -30,    0,  -36,  -50,   -3,    0,    0,  -16,    0,  -50,    0,  -25,    0,    0,    0,  -34,  -60,  -52,  -35,  -10,  -23,  -10,    0,  -35,  -16,    0,  -57,    0,    0,    0,    0,    0,  -58,    6,    6,    6,  -16,    0,  -10,   34,    0,    0,    0,    0,    0,  -15,    0,    6,    0,    0,    0,  -20,    0,  -27,    0,    0,    0,    0,    0,    0,    0,    0,    0,    0,    0,    0,    0,    0,    0,    0,    0,    0,    0,    0,    0,    0,    0,    0,    0,    0,  -43,    0,    0,  -16,  -56,    0,    0,    0,    0,    0,    0,    0,  -62,  -72,    0,    0,    0,  -13,
       0,    0,    0,    0,    0,    0,    0,    0,    0,  -15,    0,  -15,    0,    0,    0,    0,    0,    0,    0,    0,    0,    0,    0,    0,  -25,    0,    0,  -13,    0,    0,  -13,    0,    0,    0,    0,    0,    0,    0,    0,    0,    0,    0,    0,    0,    0,    0,    0,    0,    0,    0,    0,    0,    0,    0,  -15,    0,  -13,  -15,    0,    0,    0,    0,    0,  -29,    0,    0,    0,    0,    0,    0,    0,    0,    0,    0,    0,    0,   34,    0,    0,    0,    0,    0,    0,   34,   34,    0,    0,    0,    0,    0,    0,    0,    0,   13,   34,    0,    0,    0,    0,  -13,    0,    0,    0,    0,    0,   -9,    0,    0,    0,    0,    0,    0,    0,    0,    0,    0,    0,    0,    0,    0,    0,    0,    0,    0,    0,    0,    0,    0,    0,    0,    0,    0,    0,    0,    0,    0,    0,    0,    0,    0,    0,    0,    0,    0,    0,    0,    0,    0,    0,    0,    0,    0,
       0,    0,    0,    0,    0,    0,    0,    0,    0,    0,    0,    0,    0,    0,    0,    0,    0,    0,    0,    0,    0,    0,    0,    0,    0,    0,    0,    0,    0,    2,    0,    0,    0,    0,    0,    0,    0,    0,    0,    0,    0,    0,   -4,    0,    0,    9,    2,    0,    0,    0,    0,    0,    0,    0,    0,    0,    0,    0,    0,    0,    0,    0,    0,    0,    0,    0,    0,    0,    0,    0,    0,    0,   -4,    0,    0,    0,    0,   -4,    0,    0,    0,    0,    2,    0,    0,    9,   -4,    0,    0,    0,    0,    2,    0,   34,    0,    0,    0,    0,    0,    0,    0,    0,    0,    0,    0,    0,    0,    0,    0,    0,    0,    0,    0,    0,    0,    0,    0,    0,    0,    0,    0,    0,    0,    0,    0,    0,    0,    0,    0,    0,    0,    0,    0,    0,    0,    0,    0,    0,    0,    0,    0,    0,    0,    0,    0,    0,    0,    0,    0,    0,    0,    0,
       0,    0,  -32,    0,   -2,    0,    0,    0,  -34,  -13,    0,  -13,    0,    7,    0,  -16,    0,    0,    0,    0,    0,    0,    0,    0,   -5,  -20,  -25,  -15,    6,    0,  -15,    0,  -50,   -8,  -48,  -47,    0,  -30,    0,  -34,    0,    0,   -3,   -1,    2,    0,    0,   -2,   -9,    0,  -47,  -27,    0,    0,  -13,  -29,  -13,  -13,  -28,  -34,    0,    0,  -20,  -13,    0,  -13,    0,    0,    0,  -13,    0,    0,   -3,    2,    2,    2,    0,   -3,    0,  -47,    0,    0,    0,    0,    0,    0,   -3,  -50,  -50,  -50,    0,    0,    2,    0,    0,    0,    0,    0,    0,  -15,    0,  -50,    0,    0,   -9,  -27,   -9,   -2,    0,    0,    0,    0,    0,    0,    0,    0,    0,    0,    0,    0,    0,    0,    0,    0,    0,    0,    0,    0,    0,    0,    0,  -30,  -69,  -63,    0,    0,    0,  -13,    0,  -63,   -3,    0,    0,    0,    0,    0,    0,    0,    0,    0,  -20,    0,
       0,    0,    0,    0,    0,    0,    0,    0,  -27,    0,    0,    0,    0,    0,  -18,  -43,    0,  -18,  -23,  -18,    0,  -18,  -18,    0,    0,    0,    0,  -16,    0,   13,  -16,    0,  -23,  -16,  -32,    0,    0,    0,    0,  -27,    0,    0,    0,    0,   11,   38,   13,    0,    0,    0,  -32,    0,    0,    0,    0,    0,    0,    0,    0,  -27,    0,    0,  -18,    0,    0,    0,    0,    0,    0,    0,    0,    0,    0,   11,   11,   11,    0,    0,    0,  -32,    0,    0,   13,    0,    0,   38,    0,  -23,  -23,  -23,    0,   13,   11,    0,    0,   23,   23,    0,  -18,  -16,  -43,  -20,   18,   18,    0,    0,    0,    0,    0,    0,    0,    0,    0,    0,    0,    0,    0,    0,    0,    0,    0,    0,    0,    0,    0,    0,    0,    0,    0,    0,    0,    0,  -16,    0,    0,    0,    0,    0,    0,    0,    0,    0,    0,    0,    0,    0,    0,    0,    0,    0,  -20,    0,
       0,    0,   -3,    0,    0,    0,    0,    0,    0,    0,    0,    0,    0,    0,    0,  -16,    0,    0,    0,    0,    0,    0,    0,    0,    0,    0,    0,    0,    0,    0,    0,    0,  -28,    0,  -20,  -20,    0,  -33,    0,    0,    0,    0,    0,    0,    0,    0,    0,    0,    0,    0,   -6,    0,    0,    0,    0,    0,    0,    0,   -3,    0,    0,    0,    0,    0,    0,    0,    0,    0,    0,    0,    0,    0,    0,    0,    0,    0,    0,    0,    0,   -6,    0,    0,    0,    0,    0,    0,    0,  -28,  -28,  -28,    0,    0,    0,    0,    0,    0,    0,    0,    0,    0,    0,  -28,    0,    0,    0,    0,    0,    0,    0,    0,    0,    0,    0,    0,    0,    0,    0,    0,    0,    0,    0,    0,    0,    0,    0,    0,    0,    0,    0,    0,    0,  -33,  -18,   -9,    0,    0,    0,    0,    0,   -9,    0,    0,    0,    0,    0,    0,    0,    0,    0,    0,    0,    0,
       0,    0,   -7,    0,    0,    0,    0,   -5,    0,    0,    0,    0,    0,    0,    0,  -13,    0,    0,    0,    0,    0,    0,    0,    0,    0,    0,    0,    0,  -13,    0,    0,    0,  -31,    0,  -22,  -20,  -11,  -38,    0,    0,    0,    4,    0,    0,    0,    0,    0,    0,    0,    0,   -8,   -7,   -9,   -7,    0,  -13,    0,    0,   -4,    0,    0,    0,    0,    0,    0,    0,    0,    0,    0,    0,    4,    4,    0,    0,    0,    0,    0,    0,    0,   -8,    4,    0,    0,    0,    0,    0,    0,  -31,  -31,  -31,    0,    0,    0,   18,    0,    0,    0,  -11,    0,    0,    0,  -31,    0,    0,    0,   -4,    0,    0,    0,    0,    0,    0,    0,    0,    0,    0,    0,    0,    0,    0,    0,    0,    0,    0,    0,    0,    0,    0,    0,    0,    0,  -38,  -25,   -9,    0,    0,    0,    0,    0,   -9,    0,    0,    0,    0,    0,    0,    0,    0,    0,    0,    0,    0,
       0,    0,    0,    0,    0,    0,    0,    0,    0,  -10,  -23,  -10,  -23,   -9,    0,    0,    0,    0,  -25,    0,    0,    0,    0,    0,    0,    0,    0,    0,  -13,    0,    0,  -25,    0,    0,    0,    0,    0,    3,    0,    0,   -6,   -7,  -11,  -16,    1,    1,    0,   -8,  -14,    0,    0,    7,    0,    0,  -10,    0,  -16,  -10,    0,    0,    0,    0,    0,  -10,    0,    0,    0,    0,    0,   -8,   -7,   -7,  -11,    1,    1,    1,   41,  -11,    0,    0,   -7,    0,    0,   41,   57,    1,  -11,    0,    0,    0,    0,    0,    1,   18,   54,  -30,  -30,    0,    0,    0,    0,    0,    0,    0,  -14,    0,  -14,   -8,    0,    0,    0,    0,    0,    0,    0,    0,    0,    0,    0,    0,    0,    0,    0,    0,    0,    0,    0,    0,    0,    0,    0,    3,    0,    0,  -36,    0,    0,   -8,  -23,    0,    0,    0,    0,    0,    0,    0,    0,  -13,    0,    0,    0,    0,
       0,    0,    0,    0,    0,    0,    0,    0,    0,    0,    0,    0,    0,    0,    0,    0,    0,    0,    0,    0,    0,    0,    0,    0,    0,    0,    0,    0,    0,    0,    0,    0,  -20,    0,    0,    0,    0,    0,    0,    0,    0,    0,    0,    0,    0,    1,    0,    0,    0,    0,    0,    0,    0,    0,    0,    0,    0,    0,    0,    0,    0,    0,    0,    0,    0,    0,    0,    0,    0,    0,    0,    0,    0,    0,    0,    0,    0,    0,    0,    0,    0,    0,    0,    0,    0,    1,    0,  -20,  -20,  -20,    0,    0,    0,    0,    0,    0,    0,    0,    0,    0,    0,  -20,    0,    0,    0,    0,    0,    0,    0,    0,    0,    0,    0,    0,    0,    0,    0,    0,    0,    0,    0,    0,    0,    0,    0,    0,    0,    0,    0,    0,    0,    0,    0,    0,    0,    0,    0,    0,    0,    0,    0,    0,    0,    0,    0,    0,    0,    0,    0,    0,    0,    0,
       0,    0,    0,    0,    0,    0,    0,    0,    0,    0,    0,    0,    0,    0,    0,    0,    0,    0,    0,    0,    0,    0,    0,    0,    0,    0,    0,    0,    0,    0,    0,    0,    0,    0,    0,    0,    0,    0,    0,    0,    0,    0,    0,    0,    0,    0,    0,    0,    0,    0,    0,    0,    0,    0,    0,    0,    0,    0,    0,    0,    0,    0,    0,    0,    0,    0,    0,    0,    0,    0,    0,    0,    0,    0,    0,    0,   25,    0,    0,    0,    0,    0,    0,   38,   25,    0,    0,    0,    0,    0,    0,    0,    0,   34,   38,    0,    0,    0,    0,    0,    0,    0,    0,    0,    0,    0,    0,    0,    0,    0,    0,    0,    0,    0,    0,    0,    0,    0,    0,    0,    0,    0,    0,    0,    0,    0,    0,    0,    0,    0,    0,    0,    0,    0,    0,    0,    0,    0,    0,    0,    0,    0,    0,    0,    0,    0,    0,    0,    0,    0,    0,    0,
       0,    0,    0,    0,    0,    0,    0,    0,    0,  -20,    0,  -20,    0,    0,    0,    0,    0,    0,  -18,    0,    0,    0,    0,    0,  -34,    0,    0,    0,    0,    0,    0,    0,  -23,    0,    0,    0,    0,    0,    0,    0,    0,    0,   -9,    0,    0,    0,    0,    0,    0,    0,    1,    0,    0,    0,  -20,    0,  -20,  -47,    0,    0,    0,    0,    0,  -20,    0,    0,    0,    0,    0,    0,    0,    0,   -9,    0,    0,    0,    0,   -9,    0,    1,    0,    0,    0,    0,    0,    0,   -9,  -23,  -23,  -23,    0,    0,    0,    0,    0,    0,    0,    0,    0,    0,    0,  -23,    0,    0,    0,    0,    0,    0,    0,    0,    0,    0,    0,    0,    0,    0,    0,    0,    0,    0,    0,    0,    0,    0,    0,    0,    0,    0,    0,    0,    0,    0,    0,    0,    0,    0,    0,    0,    0,    0,    0,    0,    0,    0,    0,    0,    0,    0,    0,    0,    0,    0,
       0,    0,    0,    0,    0,    0,    0,    0,    0,  -15,  -25,  -15,  -25,  -13,    0,    0,    0,    0,    0,    0,    0,    0,    0,    0,  -16,    0,    0,    0,  -16,    6,    0,  -23,  -23,    0,    0,    0,    0,    0,  -13,    0,    0,   -2,   -8,    7,    3,    6,    5,    0,    7,    0,    6,    3,    6,    0,  -15,    0,    0,  -29,    0,    0,    0,    0,    0,  -15,    0,    0,    0,    0,    0,    0,   -2,   -2,   -8,    3,    3,    3,   11,   -8,    0,    6,   -2,    0,    6,   11,   11,    6,   -8,  -23,  -23,  -23,    0,    6,    3,    6,   11,    0,    0,    0,    0,    0,    0,  -23,   -6,   -6,    7,    0,    7,    0,    0,    0,    0,    0,    0,    0,    0,    0,    0,    0,    0,    0,    0,    0,    0,    0,    0,    0,    0,    0,    0,    0,    0,    0,  -16,    6,  -32,    0,    0,    0,  -25,    6,    0,    0,    0,    0,    0,    0,    0,  -17,    0,    0,    0,    0,
       0,    0,   -1,    0,    0,    0,    0,    0,    0,    0,    0,    0,    0,    0,    0,    0,    0,    0,    0,    0,    0,    0,    0,    0,    0,    0,    0,    0,    0,    0,    0,    0,  -29,    0,  -18,  -13,    0,  -29,    0,    0,    0,    0,    0,    0,    0,    0,    0,    0,    0,    0,    0,    0,    0,    0,    0,    0,    0,    0,   -3,    0,    0,    0,    0,    0,    0,    0,    0,    0,    0,    0,    0,    0,    0,    0,    0,    0,    0,    0,    0,    0,    0,    0,    0,    0,    0,    0,    0,  -29,  -29,  -29,    0,    0,    0,    0,    0,    0,    0,    0,    0,    0,    0,  -29,    0,    0,    0,    0,    0,    0,    0,    0,    0,    0,    0,    0,    0,    0,    0,    0,    0,    0,    0,    0,    0,    0,    0,    0,    0,    0,    0,    0,    0,  -29,  -20,    0,   -5,    0,    0,    0,    0,    0,    0,    0,    0,    0,    0,    0,    0,    0,    0,    0,    0,    0,
       0,    0,    0,    0,    0,    0,    0,    0,    0,   -7,    0,   -7,    0,    0,    0,    0,    0,    0,   -5,    0,    0,    0,    0,    0,  -11,    0,    0,    0,    0,    0,    0,    0,  -13,    0,   -3,   -3,    0,   -5,    0,    0,    0,    2,   -4,  -11,    0,    4,    0,   -4,   -1,    0,    8,    7,    0,    0,   -7,    0,    0,   -7,    0,    0,    0,    0,    0,   -7,    0,    0,    0,    0,    0,   -4,    2,    2,   -4,    0,    0,    0,    0,   -4,    0,    8,    2,    0,    0,    0,    0,    4,   -4,  -13,  -13,  -13,    0,    0,    0,   18,    0,    0,    0,    0,    0,    0,    0,  -13,    0,    0,   -1,    0,   -1,   -4,    0,    0,    0,    0,    0,    0,    0,    0,    0,    0,    0,    0,    0,    0,    0,    0,    0,    0,    0,    0,    0,    0,    0,   -5,  -16,    2,    0,    0,    0,   -4,    0,    2,    0,    0,    0,    0,    0,    0,    0,   11,    0,    0,    0,    0,
       0,    0,    0,    0,    0,    0,    0,    0,    0,  -15,    0,  -15,    0,  -13,    0,    0,    0,    0,    0,    0,    0,    0,    0,    0,  -16,    0,    0,    0,    0,    0,    0,    0,  -20,    0,    0,    0,    0,  -23,    0,    0,  -13,    0,    0,    0,    0,    0,    0,    0,    0,    0,    0,    0,    0,    0,  -15,    0,    0,  -29,    0,    0,    0,    0,    0,  -15,    0,    0,    0,    0,    0,    0,    0,    0,    0,    0,    0,    0,    0,    0,    0,    0,    0,    2,    0,    0,    0,    0,    0,  -20,  -50,  -20,    0,    0,    0,    0,    0,    0,    0,    0,    0,    0,    0,  -20,    0,    0,    0,    0,    0,    0,    0,    0,    0,    0,    0,    0,    0,    0,    0,    0,    0,    0,    0,    0,    0,    0,    0,    0,    0,    0,    0,    0,    0,  -23,  -16,    6,    0,    0,    0,    0,    0,    6,    0,    0,    0,    0,    0,    0,    0,  -21,    0,    0,    0,    0,
       0,    0,    0,    0,    0,    0,    0,    0,    0,  -16,  -17,  -16,  -17,  -23,    0,    0,    0,    0,    0,    0,    0,    0,    0,    0,  -13,  -16,    0,    0,  -27,    2,    0,  -25,  -13,    0,    0,    0,    0,  -13,    0,    0,  -32,   -3,   -8,    6,    0,    0,    0,    0,    6,    0,    0,    0,    0,    0,  -16,    0,  -16,  -16,    0,    0,    0,    0,    0,  -16,    0,    0,    0,    0,    0,    0,   -3,   -3,   -8,    0,    0,    0,    3,   -8,    0,    0,   -3,    0,    2,    3,    3,    0,   -8,  -13,  -38,  -13,    0,    2,    0,    0,    3,    0,    0,    0,    0,    0,    0,  -13,  -18,  -18,    6,    0,    6,    0,    0,    0,    0,    0,    0,    0,    0,    0,    0,    0,    0,    0,    0,    0,    0,    0,    0,    0,    0,    0,    0,    0,    0,  -13,    0,    0,  -32,    0,    0,    0,  -46,    0,    0,    0,    0,    0,    0,    0,    0,  -17,    0,    0,    0,    0,
       0,    0,    0,    0,    0,  -13,    0,    0,    0,    0,  -29,    0,  -29,    0,    0,    0,    0,    0,    0,    0,    0,    0,    0,    0,    0,    0,    0,    0,  -27,    0,    0,  -23,  -20,    0,    0,    0,    0,    0,  -13,    0,    0,    0,   -7,    0,    0,    0,    0,    0,    0,    0,    0,    0,    0,    0,    0,    0,  -13,    0,    0,    0,    0,    0,    0,    0,    0,    0,    0,    0,    0,    0,    0,    0,   -7,    0,    0,    0,    0,   -7,    0,    0,    0,    0,    0,    0,    0,    0,   -7,  -20,  -20,  -20,    0,    0,    0,    0,    0,    0,    0,    0,    0,    0,    0,  -20,    0,    0,    0,    0,    0,    0,    0,    0,    0,    0,    0,    0,    0,    0,    0,    0,    0,    0,    0,    0,    0,    0,    0,    0,    0,    0,    0,    0,    0,    0,    0,    0,  -32,    0,    0,    0,  -29,    0,    0,    0,    0,    0,    0,    0,    0,    0,    0,    0,    0,    0,
       0,    0,    0,    0,    0,    0,    0,    0,    0,   -9,    0,   -9,    0,    0,    0,    0,    0,    0,    0,    0,    0,    0,    0,    0,    0,  -13,    0,    0,    0,    0,    0,    0,  -21,    0,    0,    0,    0,    0,    0,    0,    0,    0,   -9,    7,    0,    0,    0,    0,    7,    0,    0,    0,    0,    0,   -9,    0,  -13,   -9,    0,    0,    0,    0,    0,   -9,    0,    0,    0,    0,    0,    0,    0,    0,   -9,    0,    0,    0,    0,   -9,    0,    0,    0,    0,    0,    0,    0,    0,   -9,  -21,  -21,  -21,    0,    0,    0,    0,    0,    0,    0,    0,    0,    0,    0,  -21,    0,    0,    7,    0,    7,    0,    0,    0,    0,    0,    0,    0,    0,    0,    0,    0,    0,    0,    0,    0,    0,    0,    0,    0,    0,    0,    0,    0,    0,    0,    0,    0,    0,    0,    0,    0,    0,    0,    0,    0,    0,    0,    0,    0,    0,    0,    0,    0,    0,    0,
       0,    0,    0,    0,    0,    0,    0,    0,    0,    0,    0,    0,    0,    0,    0,    0,    0,    0,    0,    0,    0,    0,    0,    0,    0,    0,    0,    0,    0,    0,    0,    0,  -13,    0,    0,    0,    0,    0,    0,    0,    0,    0,   -7,    0,    0,    0,    0,    0,    0,    0,    0,    0,    0,    0,    0,    0,    0,    0,    0,    0,    0,    0,    0,    0,    0,    0,    0,    0,    0,    0,    0,    0,   -7,    0,    0,    0,    0,   -7,    0,    0,    0,    0,    0,    0,    0,    0,   -7,  -13,  -13,  -13,    0,    0,    0,    0,    0,    0,    0,    0,    0,    0,    0,  -13,    0,    0,    0,    0,    0,    0,    0,    0,    0,    0,    0,    0,    0,    0,    0,    0,    0,    0,    0,    0,    0,    0,    0,    0,    0,    0,    0,    0,    0,    0,    0,    0,    0,    0,    0,    0,    0,    0,    0,    0,    0,    0,    0,    0,    0,    0,    0,    0,    0,    0,
       0,    0,    0,    0,    0,    0,    0,    0,    0,    0,    0,    0,    0,    0,    0,    0,    0,    0,    0,    0,    0,    0,    0,    0,    0,    0,    0,    0,    0,    0,    0,    0,  -27,    0,  -13,    0,    0,  -27,    0,    0,    0,    0,    0,    0,    0,    0,    0,    0,    0,    0,    0,    0,    0,    0,    0,    0,    0,    0,    0,    0,    0,    0,    0,    0,    0,    0,    0,    0,    0,    0,    0,    0,    0,    0,    0,    0,    0,    0,    0,    0,    0,    0,    0,    0,    0,    0,    0,  -27,  -27,  -27,    0,    0,    0,    0,    0,    0,    0,    0,    0,    0,    0,  -27,    0,    0,    0,    0,    0,    0,    0,    0,    0,    0,    0,    0,    0,    0,    0,    0,    0,    0,    0,    0,    0,    0,    0,    0,    0,    0,    0,    0,    0,  -27,  -13,    0,    0,    0,    0,    0,    0,    0,    0,    0,    0,    0,    0,    0,    0,    0,    0,    0,    0,    0,
       0,    0,    0,    0,    0,    0,    0,    0,    0,    0,    0,    0,    0,    0,    0,    0,    0,    0,    0,    0,    0,    0,    0,    0,    0,    0,    0,    0,    0,    0,    0,    0,    0,    0,    0,    0,    0,    0,    0,    0,    0,    0,    0,    0,   13,    0,    0,    0,    0,    0,    0,    0,    0,    0,    0,    0,    0,    0,    0,    0,    0,    0,    0,    0,    0,    0,    0,    0,    0,    0,    0,    0,    0,   13,   13,   13,    0,    0,    0,    0,    0,    0,    0,    0,    0,    0,    0,    0,    0,    0,    0,    0,   13,   18,    0,    0,    0,    0,    0,    0,    0,    0,    0,    0,    0,    0,    0,    0,    0,    0,    0,    0,    0,    0,    0,    0,    0,    0,    0,    0,    0,    0,    0,    0,    0,    0,    0,    0,    0,    0,    0,    0,    0,    0,    0,    0,    0,    0,    0,    0,    0,    0,    0,    0,    0,    0,    0,    0,    0,    0,    0,    0,
       0,    0,    0,    0,    0,  -16,    0,    0,    0,    0,    0,    0,    0,    0,    0,    0,    0,    0,    0,    0,    0,    0,    0,    0,    0,    0,    0,    0,  -29,    0,    0,  -29,    0,    0,    0,    0,    0,    0,    0,    0,    0,    0,  -13,    0,    0,    0,    0,    0,    0,    0,    0,    0,    0,    0,    0,    0,    0,    0,    0,    0,    0,    0,    0,    0,    0,    0,    0,    0,    0,    0,    0,    0,  -13,    0,    0,    0,    0,  -13,    0,    0,    0,    0,    0,    0,    0,    0,  -13,    0,    0,    0,    0,    0,    0,    0,    0,    0,    0,    0,    0,    0,    0,    0,    0,    0,    0,    0,    0,    0,    0,    0,    0,    0,    0,    0,    0,    0,    0,    0,    0,    0,    0,    0,    0,    0,    0,    0,    0,    0,    0,    0,    0,    0,    0,    0,    0,    0,    0,    0,    0,    0,    0,    0,    0,    0,    0,    0,    0,    0,    0,    0,    0,    0,
       0,    0,    0,    0,    0,    0,    0,    0,    0,    0,    0,    0,    0,    0,    0,    0,    0,    0,    0,    0,    0,    0,    0,    0,    0,    0,    0,    0,  -13,    0,    0,    0,  -20,    0,    0,    0,    0,  -25,    0,    0,    0,    0,    0,    0,    0,    0,    0,    0,    0,    0,    0,    0,    0,    0,    0,    0,    0,    0,    0,    0,    0,    0,    0,    0,    0,    0,    0,    0,    0,    0,    0,    0,    0,    0,    0,    0,    0,    0,    0,    0,    0,    0,    0,    0,    0,    0,    0,  -20,  -20,  -20,    0,    0,    0,    0,    0,    0,    0,    0,    0,    0,    0,  -47,    0,    0,    0,    0,    0,    0,    0,    0,    0,    0,    0,    0,    0,    0,    0,    0,    0,    0,    0,    0,    0,    0,    0,    0,    0,    0,    0,    0,    0,  -25,    0,    0,    0,    0,    0,    0,    0,    0,    0,    0,    0,    0,    0,    0,    0,    0,    0,    0,    0,    0,
       0,    0,    0,    0,    0,    0,    0,    0,    0,    0,    0,    0,    0,    0,    0,    0,    0,    0,    0,    0,    0,    0,    0,    0,    0,    0,    0,    0,    0,    0,    0,    0,  -20,    0,    0,    0,    0,    0,    0,    0,    0,    0,    0,    0,    0,    0,    0,    0,    0,    0,    0,    0,    0,    0,    0,    0,    0,    0,    0,    0,    0,    0,    0,    0,    0,    0,    0,    0,    0,    0,    0,    0,    0,    0,    0,    0,    0,    0,    0,    0,    0,    0,    0,    0,    0,    0,    0,  -20,  -20,  -20,    0,    0,    0,    0,    0,    0,    0,    0,    0,    0,    0,  -20,    0,    0,    0,    0,    0,    0,    0,    0,    0,    0,    0,    0,    0,    0,    0,    0,    0,    0,    0,    0,    0,    0,    0,    0,    0,    0,    0,    0,    0,    0,    0,    0,    0,    0,    0,    0,    0,    0,    0,    0,    0,    0,    0,    0,    0,    0,    0,    0,    0,    0,
       0,    0,    0,    0,    0,  -13,    0,    0,    0,    0,    0,    0,    0,    0,    0,    0,    0,    0,  -20,    0,    0,    0,    0,    0,    0,    0,    0,   -2,  -28,    0,   -2,  -28,    0,    0,    0,    0,   -3,   -3,    0,    0,    0,   -4,  -11,    0,    0,    0,    0,   -4,    0,    0,    0,    0,    0,    0,    0,    0,    0,    0,    0,    0,    0,    0,    0,    0,    0,    0,    0,    0,    0,    0,   -4,   -4,  -11,    0,    0,    0,    0,  -11,    0,    0,   -4,    0,    0,    0,    0,    0,  -11,    0,    0,    0,    0,    0,    0,    0,    0,    0,    0,   -3,    0,   -2,    0,    0,    0,    0,    0,    0,    0,   -4,    0,    0,    0,    0,    0,    0,    0,    0,    0,    0,    0,    0,    0,    0,    0,    0,    0,    0,    0,    0,    0,    0,    0,   -3,    0,    0,    0,    0,    0,    0,    0,    0,    0,    0,    0,    0,    0,    0,    0,    0,    0,    0,    0,    0,
       0,    0,    0,    0,    0,    0,    0,    0,    0,    0,    0,    0,    0,    0,    0,    0,    0,    0,    0,    0,    0,    0,    0,    0,    0,    0,    0,    0,    0,    0,    0,    0,    0,    0,    0,    0,    0,    0,    0,    0,    0,    0,    0,    0,    0,    0,    0,    0,    0,    0,    0,    0,    0,    0,    0,    0,    0,    0,    0,    0,    0,    0,    0,    0,    0,    0,    0,    0,    0,    0,    0,    0,    0,    0,    0,    0,    0,    0,    0,    0,    0,    0,    0,    0,    0,    0,    0,    0,    0,    0,    0,    0,    0,    0,    0,    0,    0,    0,    0,    0,    0,    0,    0,    0,    0,    0,    0,    0,    0,    0,    0,    0,    0,    0,    0,    0,    0,    0,    0,    0,    0,    0,    0,    0,    0,    0,    0,    0,    0,    0,    0,    0,    0,    0,    0,    0,    0,    0,    0,    0,    0,   -4,    0,    0,    0,    0,    0,    0,    0,    0,    0,    0,
       0,    0,    0,    0,    0,    0,    0,    0,    0,  -15,    0,  -15,    0,  -13,    0,    0,    0,    0,    0,    0,    0,    0,    0,    0,  -16,    0,    0,    0,    0,    0,    0,    0,  -20,    0,    0,    0,    0,  -23,    0,    0,  -13,    0,    0,    0,    0,    0,    0,    0,    0,    0,    0,    0,    0,    0,  -15,    0,    0,  -29,    0,    0,    0,    0,    0,  -15,    0,    0,    0,    0,    0,    0,    0,    0,    0,    0,    0,    0,    0,    0,    0,    0,    0,    2,    0,    0,    0,    0,    0,  -20,  -50,  -20,    0,    0,    0,    0,    0,    0,    0,    0,    0,    0,    0,  -20,    0,    0,    0,    0,    0,    0,    0,    0,    0,    0,    0,    0,    0,    0,    0,    0,    0,    0,    0,    0,    0,    0,    0,    0,    0,    0,    0,    0,    0,  -23,  -36,    6,    0,    0,    0,    0,    0,    6,    0,    0,    0,    0,    0,    0,    0,  -21,    0,    0,    0,    0,
       0,    0,    0,    0,    0,    0,    0,    0,    0,    0,    0,    0,    0,    0,    0,    0,  -12,   -4,    0,    0,  -10,    0,    0,    0,    0,    0,    0,    0,  -13,    0,    0,  -18,  -62,    0,  -35,  -17,  -33,  -50,    0,    0,    0,    0,    0,    0,    0,    0,    0,    0,    0,    0,    0,    0,   -9,    0,    0,    0,    0,    0,    0,    0,    0,    0,   -5,    0,    0,    0,    0,    0,    0,    0,    0,    0,    0,    0,    0,    0,    0,    0,    0,    0,    0,    0,    0,    0,    0,    0,    0,  -62,  -62,  -62,    0,    0,    0,    0,    0,    0,    0,  -33,  -20,    0,    0,  -62,    0,    0,    0,    0,    0,    0,    0,    0,    0,    0,    0,    0,    0,    0,    0,    0,    0,    0,    0,    0,    0,    0,    0,    0,    0,    0,    0,    0,    0,  -50,  -21,    0,    0,    0,    0,    0,    0,    0,    0,    0,    0,    0,    0,    0,    0,    0,    0,    0,    0,    0,
       0,    0,    0,    0,    0,    0,    0,    0,    0,    0,    0,    0,    0,    0,    0,    0,    0,    0,    0,    0,    0,    0,    0,    0,    0,    0,    0,    0,    0,    0,    0,    0,    0,    0,    0,    0,    0,    0,    0,    0,    0,    0,    0,    0,    0,    0,    0,    0,    0,    0,    0,    0,    0,    0,    0,    0,    0,    0,    0,    0,    0,    0,    0,    0,    0,    0,    0,    0,    0,    0,    0,    0,    0,    0,    0,    0,    0,    0,    0,    0,    0,    0,    0,    0,    0,    0,    0,    0,    0,    0,    0,    0,    0,    0,    0,    0,    0,    0,    0,    0,    0,    0,    0,    0,    0,    0,    0,    0,    0,    0,    0,    0,    0,    0,    0,    0,    0,    0,    0,    0,    0,    0,    0,    0,    0,    0,    0,    0,    0,    0,    0,    0,    0,    0,    0,    0,    0,    0,    0,    0,    0,    0,    0,    0,    2,    0,    0,    0,    0,    0,    0,    0,
       0,    0,    0,    0,    0,    0,    0,    0,    0,    0,    0,    0,    0,    0,    0,  -16,  -20,  -18,    0,    0,  -20,  -13,    0,    0,    0,    0,    0,    0,  -13,    0,    0,    0,  -52,    0,  -25,  -23,  -16,  -36,  -13,    0,    0,    0,    0,    0,    0,    0,    0,    0,    0,    0,  -13,  -13,  -13,    0,    0,    0,    0,    0,    0,    0,    0,    0,    0,    0,    0,    0,    0,    0,    0,    0,    0,    0,    0,    0,    0,    0,    0,    0,    0,  -13,    0,    0,    0,    0,    0,    0,    0,  -52,  -52,  -52,    0,    0,    0,    0,    0,  -13,  -13,  -36,  -18,    0,    0,  -79,    0,    0,    0,    0,    0,    0,    0,    0,    0,    0,    0,    0,    0,    0,    0,    0,    0,    0,    0,    0,    0,    0,    0,    0,    0,    0,    0,    0,    0,  -36,  -34,    0,    0,    0,    0,    0,    0,    0,    0,    0,    0,    0,    0,    0,    0,    0,    0,    0,    0,    0,
       0,    0,    0,    0,    0,    0,    0,    0,    0,    0,    0,    0,    0,    0,    0,    0,    0,    0,    0,    0,    0,    0,    0,    0,    0,    0,    0,    0,    0,    0,    0,    0,  -27,    0,  -36,  -32,    0,    0,    0,    0,    0,    0,    0,    0,    0,    0,    0,    0,    0,    0,    0,    0,    0,    0,    0,    0,    0,    0,    0,    0,    0,    0,    0,    0,    0,    0,    0,    0,    0,    0,    0,    0,    0,    0,    0,    0,    0,    0,    0,    0,    0,    0,    0,    0,    0,    0,    0,  -27,  -27,  -27,    0,    0,    0,    0,    0,    0,    0,    0,    0,    0,    0,  -27,    0,    0,    0,    0,    0,    0,    0,    0,    0,    0,    0,    0,    0,    0,    0,    0,    0,    0,    0,    0,    0,    0,    0,    0,    0,    0,    0,    0,    0,    0,  -25,  -13,    0,    0,    0,    0,    0,  -13,    0,    0,    0,    0,    0,    0,    0,    0,    0,    0,    0,    0,
       0,    0,    0,    0,    0,    0,    0,    0,    0,    0,    0,    0,    0,    0,    0,    0,    0,    0,    0,    0,    0,    0,    0,    0,    0,    0,    0,    0,    0,    0,    0,    0,    0,    0,    0,    0,    0,    0,    0,    0,    0,    0,    0,    0,    0,    0,    0,    0,    0,    0,    0,    0,    0,    0,    0,    0,    0,    0,    0,    0,    0,    0,    0,    0,    0,    0,    0,    0,    0,    0,    0,    0,    0,    0,    0,    0,   10,    0,    0,    0,    0,    0,    0,   10,   10,    0,    0,    0,    0,    0,    0,    0,    0,   16,   10,    0,    0,    0,    0,    0,    0,    0,    0,    0,    0,    0,    0,    0,    0,    0,    0,    0,    0,    0,    0,    0,    0,    0,    0,    0,    0,    0,    0,    0,    0,    0,    0,    0,    0,    0,    0,    0,    0,    0,    0,    0,    0,    0,    0,    0,    0,    0,    0,    0,    0,    0,    0,    0,    0,    0,    0,    0,
       0,    0,    0,    0,    0,    0,    0,    0,    0,    0,    0,    0,    0,    0,    0,    0,    0,    0,    0,    0,    0,    0,    0,    0,    0,    0,    0,    0,  -13,    0,    0,    0,  -36,    0,  -16,    0,  -18,  -18,    0,    0,    0,    0,    0,    0,    0,    0,    0,    0,    0,    0,    0,    0,    0,    0,    0,    0,    0,    0,    0,    0,    0,    0,    0,    0,    0,    0,    0,    0,    0,    0,    0,    0,    0,    0,    0,    0,    0,    0,    0,    0,    0,    0,    0,    0,    0,    0,    0,  -36,  -36,  -36,    0,    0,    0,    0,    0,    0,    0,  -18,    0,    0,    0,  -36,    0,    0,    0,    0,    0,    0,    0,    0,    0,    0,    0,    0,    0,    0,    0,    0,    0,    0,    0,    0,    0,    0,    0,    0,    0,    0,    0,    0,    0,  -18,    0,    0,    0,    0,    0,    0,    0,    0,    0,    0,    0,    0,    0,    0,    0,    0,    0,    0,  -13,    0,
       0,    0,    0,    0,    0,    0,    0,    0,    0,    0,  -41,    0,  -41,    0,    0,    0,    0,    0,    0,    0,    0,    0,    0,    0,    0,    0,    0,    0,  -16,    0,    0,  -16,  -23,    0,  -20,    0,    0,    0,  -16,    0,    0,    0,    0,    0,    0,    0,    0,    0,    0,    0,    0,    0,    0,    0,    0,    0,    0,    0,    0,    0,    0,    0,    0,    0,    0,    0,    0,    0,    0,    0,    0,    0,    0,    0,    0,    0,    0,    0,    0,    0,    0,    0,    0,    0,    0,    0,    0,  -23,  -23,  -23,    0,    0,    0,    0,    0,    0,    0,    0,    0,    0,    0,  -23,    0,    0,    0,    0,    0,    0,    0,    0,    0,    0,    0,    0,    0,    0,    0,    0,    0,    0,    0,    0,    0,    0,    0,    0,    0,    0,    0,    0,    0,    0,  -23,    0,  -50,    0,    0,    0,  -41,    0,    0,    0,    0,    0,    0,    0,    0,    0,    0,    0,    0,    0,
       0,    0,    0,    0,    0,    0,    0,    0,    0,    0,    0,    0,    0,    0,    0,    0,    0,    0,    0,    0,    0,    0,    0,    0,    0,    0,    0,    0,    0,    0,    0,    0,  -23,    0,    0,    0,    0,    0,    0,    0,    0,    0,    0,    0,    0,    0,    0,    0,    0,    0,    0,    0,    0,    0,    0,    0,    0,    0,    0,    0,    0,    0,    0,    0,    0,    0,    0,    0,    0,    0,    0,    0,    0,    0,    0,    0,   13,    0,    0,    0,    0,    0,    0,   13,   13,    0,    0,  -23,  -23,  -23,    0,    0,    0,    0,   13,    0,    0,    0,    0,    0,    0,  -23,    0,    0,    0,    0,    0,    0,    0,    0,    0,    0,    0,    0,    0,    0,    0,    0,    0,    0,    0,    0,    0,    0,    0,    0,    0,    0,    0,    0,    0,    0,  -52,    0,    0,    0,    0,    0,    0,    0,    0,    0,    0,    0,    0,    0,    0,    0,    0,    0,    0,    0,
       0,    0,    0,    0,    0,    0,    0,    0,    0,    0,    0,    0,    0,    0,    0,    0,    0,    0,    0,    0,    0,    0,    0,    0,    0,    0,    0,    0,    0,    0,    0,    0,  -32,    0,    0,    0,    0,    0,    0,    0,    0,    0,    0,    0,    0,    0,    0,    0,    0,    0,    0,    0,    0,    0,    0,    0,    0,    0,    0,    0,    0,    0,    0,    0,    0,    0,    0,    0,    0,    0,    0,    0,    0,    0,    0,    0,    0,    0,    0,    0,    0,    0,    0,    0,    0,    0,    0,  -32,  -32,  -32,    0,    0,    0,    0,    0,    0,    0,    0,    0,    0,    0,  -32,    0,    0,    0,    0,    0,    0,    0,    0,    0,    0,    0,    0,    0,    0,    0,    0,    0,    0,    0,    0,    0,    0,    0,    0,    0,    0,    0,    0,    0,    0,    0,    0,    0,    0,    0,    0,    0,    0,    0,    0,    0,    0,    0,    0,    0,    0,    0,    0,    0,    0,
       0,    0,    0,    0,    0,    0,    0,    0,    0,    0,    0,    0,    0,    0,    0,    0,    0,    0,    0,    0,    0,    0,    0,    0,    0,    0,    0,    0,    0,    0,    0,    0,    0,    0,    0,    0,    0,    0,    0,    0,    0,    0,    0,    0,    0,    0,    0,    0,    0,    0,    0,    0,    0,    0,    0,    0,    0,    0,    0,    0,    0,    0,    0,    0,    0,    0,    0,    0,    0,    0,    0,    0,    0,    0,    0,    0,   38,    0,    0,    0,    0,    0,    0,   41,   38,    0,    0,    0,    0,    0,    0,    0,    0,   29,   38,    0,    0,    0,    0,    0,    0,    0,    0,    0,    0,    0,    0,    0,    0,    0,    0,    0,    0,    0,    0,    0,    0,    0,    0,    0,    0,    0,    0,    0,    0,    0,    0,    0,    0,    0,    0,    0,    0,    0,    0,    0,    0,    0,    0,    0,    0,    0,    0,    0,    0,    0,    0,    0,    0,    0,    0,    0,
       0,    0,    0,    0,    0,    0,    0,    0,    0,    0,    0,    0,    0,    0,    0,   18,    0,    0,    0,    0,   36,    0,    0,    0,    0,    0,    0,    0,    0,   24,    0,    0,   36,    0,   34,    0,    0,    0,   36,    0,    0,    0,    0,   16,   25,   25,   11,    0,   20,    0,    0,    0,    0,    0,    0,    0,    0,    0,    0,    0,    0,    0,    0,    0,    0,    0,    0,   10,    0,    0,    0,    0,    0,   38,   25,   38,   65,    0,    0,    0,    0,    0,   24,   65,   65,   38,    0,   36,   36,   36,    0,   54,   38,   20,   65,    0,    0,    0,    0,    0,    0,   36,    0,    0,   20,    0,   20,    0,    0,    0,    0,    0,    0,    0,    0,    0,    0,    0,    0,    0,    0,    0,    0,    0,    0,    0,    0,    0,    0,    0,    0,    0,    0,    0,    0,    0,    0,    0,    0,    0,    0,    0,    0,    0,    0,    0,    0,    0,    0,    0,    0,    0,
       0,    0,   -3,    0,    0,    0,    0,    0,    0,    0,    0,    0,    0,    0,    0,  -16,    0,    0,    0,    0,    0,    0,    0,    0,    0,    0,    0,    0,    0,    0,    0,    0,  -48,    0,  -20,  -20,    0,  -33,    0,    0,    0,    0,    0,    0,    0,    0,    0,    0,    0,    0,   -6,    0,    0,    0,    0,    0,    0,    0,   -3,    0,    0,    0,    0,    0,    0,    0,    0,    0,    0,    0,    0,    0,    0,    0,    0,    0,    0,    0,    0,   -6,    0,    0,    0,    0,    0,    0,    0,  -48,  -48,  -48,    0,    0,    0,    0,    0,    0,    0,    0,    0,    0,    0,  -48,    0,    0,    0,    0,    0,    0,    0,    0,    0,    0,    0,    0,    0,    0,    0,    0,    0,    0,    0,    0,    0,    0,    0,    0,    0,    0,    0,    0,    0,  -33,  -18,   -9,    0,    0,    0,    0,    0,   -9,    0,    0,    0,    0,    0,    0,    0,    0,    0,    0,    0,    0,
       0,    0,   -7,    0,    0,    0,    0,   -5,    0,    0,    0,    0,    0,    0,    0,  -13,    0,    0,    0,    0,    0,    0,    0,    0,    0,    0,    0,    0,  -13,    0,    0,    0,  -52,    0,  -22,  -20,  -11,  -38,    0,    0,    0,    4,    0,    0,    0,    0,    0,    0,    0,    0,   -8,   -7,   -9,   -7,    0,  -13,    0,    0,   -4,    0,    0,    0,    0,    0,    0,    0,    0,    0,    0,    0,    4,    4,    0,    0,    0,    0,    0,    0,    0,   -8,    4,    0,    0,    0,    0,    0,    0,  -52,  -52,  -52,    0,    0,    0,   18,    0,    0,    0,  -11,    0,    0,    0,  -52,    0,    0,    0,   -4,    0,    0,    0,    0,    0,    0,    0,    0,    0,    0,    0,    0,    0,    0,    0,    0,    0,    0,    0,    0,    0,    0,    0,    0,    0,  -38,  -25,   -9,    0,    0,    0,    0,    0,   -9,    0,    0,    0,    0,    0,    0,    0,    0,    0,    0,    0,    0,
       0,    0,   -3,    0,    0,    0,    0,    0,    0,    0,    0,    0,    0,    0,    0,  -16,    0,    0,    0,    0,    0,    0,    0,    0,    0,    0,    0,    0,    0,    0,    0,    0,  -57,    0,  -20,  -20,    0,  -33,    0,    0,    0,    0,    0,    0,    0,    0,    0,    0,    0,    0,   -6,    0,    0,    0,    0,    0,    0,    0,   -3,    0,    0,    0,    0,    0,    0,    0,    0,    0,    0,    0,    0,    0,    0,    0,    0,    0,    0,    0,    0,   -6,    0,    0,    0,    0,    0,    0,    0,  -57,  -57,  -57,    0,    0,    0,    0,    0,    0,    0,    0,    0,    0,    0,  -57,    0,    0,    0,    0,    0,    0,    0,    0,    0,    0,    0,    0,    0,    0,    0,    0,    0,    0,    0,    0,    0,    0,    0,    0,    0,    0,    0,    0,    0,  -33,  -18,   -9,    0,    0,    0,    0,    0,   -9,    0,    0,    0,    0,    0,    0,    0,    0,    0,    0,    0,    0,
       0,    0,   13,    0,    0,    0,    1,   41,   23,    0,    0,    0,    0,    0,    0,   18,    0,    0,    0,    0,   18,    0,    0,    0,    0,    0,    0,    0,    0,   13,    0,    0,   16,    0,    0,    0,    0,    0,    0,   23,    0,    0,    0,    0,   16,   13,   13,    0,    0,    0,    0,    0,    0,    0,    0,   16,    0,    0,    7,   23,    0,    0,    0,    0,    0,    0,    0,    0,    0,    0,    0,    0,    0,   16,   16,   29,   13,    0,    0,    0,    0,    0,   13,   13,   13,   13,    0,   16,   16,   16,    0,   13,   29,   18,   13,    0,    0,    0,    0,    0,    0,   16,    0,    0,    0,    0,    0,    0,    0,    0,    0,    0,    0,    0,    0,    0,    0,    0,    0,    0,    0,    0,    0,    0,    0,    0,    0,    0,    0,    0,    0,    0,   13,    0,    0,    0,    0,    0,    0,    0,    0,    0,    0,    0,    0,    0,    0,  -13,    0,    0,    0,    0,
       0,    0,    0,    0,    0,    0,    0,    0,    0,    0,    0,    0,    0,    0,    0,    0,    0,    0,    0,    0,    0,    0,    0,    0,    0,    0,    0,    0,    0,   13,    0,    0,   13,    0,    0,    0,    0,    0,    0,    0,    0,    0,    0,    0,   13,   16,    0,    0,    0,    0,    0,    0,    0,    0,    0,    0,    0,    0,    0,    0,    0,    0,    0,    0,    0,    0,    0,    0,    0,    0,    0,    0,    0,   13,   13,   16,   16,    0,    0,    0,    0,    0,   16,   16,   16,   16,    0,   13,   13,   13,    0,   13,   13,   16,   16,    0,    0,    0,    0,    0,    0,   13,    0,    0,    0,    0,    0,    0,    0,    0,    0,    0,    0,    0,    0,    0,    0,    0,    0,    0,    0,    0,    0,    0,    0,    0,    0,    0,    0,    0,    0,    0,    0,    0,    0,    0,    0,    0,    0,    0,    0,    0,    0,    0,    0,    0,    0,    0,    0,    0,    0,    0,
       0,    0,    0,    0,    0,    0,    0,    0,    0,    0,    0,    0,    0,    0,    0,   18,    0,    0,    0,    0,   36,    0,    0,    0,    0,    0,    0,    0,    0,   24,    0,    0,   36,    0,   34,    0,    0,    0,   36,    0,    0,    0,    0,   16,   41,   38,   11,    0,   20,    0,    0,    0,    0,    0,    0,    0,    0,    0,    0,    0,    0,    0,    0,    0,    0,    0,    0,   10,    0,    0,    0,    0,    0,   41,   41,   41,   65,    0,    0,    0,    0,    0,   24,   65,   65,   38,    0,   36,   36,   36,    0,   54,   41,   43,   65,    0,    0,    0,    0,    0,    0,   36,    0,    0,   20,    0,   20,    0,    0,    0,    0,    0,    0,    0,    0,    0,    0,    0,    0,    0,    0,    0,    0,    0,    0,    0,    0,    0,    0,    0,    0,    0,    0,    0,    0,    0,    0,    0,    0,    0,    0,    0,    0,    0,    0,    0,    0,    0,    0,    0,    0,    0,
       0,    0,    0,    0,    0,    0,    0,    0,    0,    0,    0,    0,    0,    0,    0,   18,    0,    0,    0,    0,   36,    0,    0,    0,    0,    0,    0,    0,    0,   24,    0,    0,   36,    0,   34,    0,    0,    0,   36,    0,    0,    0,    0,   16,   41,   41,   11,    0,   20,    0,    0,    0,    0,    0,    0,    0,    0,    0,    0,    0,    0,    0,    0,    0,    0,    0,    0,   10,    0,    0,    0,    0,    0,   41,   41,   41,   65,    0,    0,    0,    0,    0,   24,   65,   65,   41,    0,   36,   36,   36,    0,   54,   41,   20,   65,    0,    0,    0,    0,    0,    0,   36,    0,    0,   20,    0,   20,    0,    0,    0,    0,    0,    0,    0,    0,    0,    0,    0,    0,    0,    0,    0,    0,    0,    0,    0,    0,    0,    0,    0,    0,    0,    0,    0,    0,    0,    0,    0,    0,    0,    0,    0,    0,    0,    0,    0,    0,    0,    0,    0,    0,    0,
       0,    0,    0,    0,    0,    0,    0,    0,    0,    0,    0,    0,    0,    0,    0,   18,    0,    0,    0,    0,   36,    0,    0,    0,    0,    0,    0,    0,    0,   24,    0,    0,   36,    0,   34,    0,    0,    0,   36,    0,    0,    0,    0,   16,   41,   25,   11,    0,   20,    0,    0,    0,    0,    0,    0,    0,    0,    0,    0,    0,    0,    0,    0,    0,    0,    0,    0,   10,    0,    0,    0,    0,    0,   41,   41,   41,   65,    0,    0,    0,    0,    0,   24,   65,   65,   38,    0,   36,   36,   36,    0,   54,   41,   20,   65,    0,    0,    0,    0,    0,    0,   36,    0,    0,   20,    0,   20,    0,    0,    0,    0,    0,    0,    0,    0,    0,    0,    0,    0,    0,    0,    0,    0,    0,    0,    0,    0,    0,    0,    0,    0,    0,    0,    0,    0,    0,    0,    0,    0,    0,    0,    0,    0,    0,    0,    0,    0,    0,    0,    0,    0,    0,
       0,    0,    0,    0,    0,    0,    0,    0,    0,    0,    0,    0,    0,    0,    0,    0,    0,    0,    0,    0,    0,    0,    0,    0,    0,    0,    0,    0,    0,    0,    0,    0,    0,    0,    0,    0,    0,    0,    0,    0,    0,    0,    0,    0,    0,    0,    0,    0,    0,    0,    0,    0,    0,    0,    0,    0,    0,    0,    0,    0,    0,    0,    0,    0,    0,    0,    0,    0,    0,    0,    0,    0,    0,    0,    0,    0,   38,    0,    0,    0,    0,    0,    0,   41,   38,    0,    0,    0,    0,    0,    0,    0,    0,   29,   41,    0,    0,    0,    0,    0,    0,    0,    0,    0,    0,    0,    0,    0,    0,    0,    0,    0,    0,    0,    0,    0,    0,    0,    0,    0,    0,    0,    0,    0,    0,    0,    0,    0,    0,    0,    0,    0,    0,    0,    0,    0,    0,    0,    0,    0,    0,    0,    0,    0,    0,    0,    0,    0,    0,    0,    0,    0,
       0,    0,  -36,    0,    0,    0,    0,    0,  -70,  -51,    0,  -51,    0,    0,    0,  -18,    0,    0,    0,    0,    0,    0,    0,    0,    0,    0,    0,  -11,    0,    0,  -11,    0,  -38,    0,  -28,   -5,    0,  -21,    0,  -70,    0,    0,    0,    0,    0,    0,    0,    0,   -9,    0,  -27,    0,    0,    0,  -49,  -38,  -25,  -51,  -32,  -70,    0,    0,  -34,  -51,    0,    0,    0,    0,    0,  -13,    0,    0,    0,    0,    0,    0,    0,    0,    0,  -27,    0,    0,    0,    0,    0,    0,    0,  -38,  -38,  -38,    0,    0,    0,    0,    0,    0,    0,    0,    0,  -11,    0,  -38,    0,    0,   -9,  -54,   -9,    0,    0,    0,    0,    0,    0,    0,    0,    0,    0,    0,    0,    0,    0,    0,    0,    0,    0,    0,    0,    0,    0,    0,    0,  -34,  -34,  -23,    0,  -18,  -18,  -13,    0,  -50,    0,    0,    0,    0,    0,    0,    0,    0,    0,    0,    0,    0,
       0,    0,    0,    0,    0,    0,    0,    2,    0,    0,    0,    0,    0,    0,    0,    0,    0,    0,    0,    0,    0,    0,    0,    0,    0,    0,    0,    0,    0,    0,    0,    0,    0,    0,    0,    0,    0,    0,    0,    0,    2,    0,    0,    0,    0,    0,    0,    0,    6,    0,    3,    0,    0,    0,    0,    0,    0,    0,    0,    0,    0,    0,    0,    0,    0,    0,    0,    0,   13,    0,    0,    0,    0,    0,    0,    0,   24,    0,    0,    3,    0,   14,    0,   24,   24,    0,    0,    0,    0,    0,    0,    0,    0,   29,   24,    0,    0,    0,    0,    0,    0,    0,    0,    0,    6,    0,    6,    0,    0,    0,    0,    0,    0,    0,    0,    0,    0,    0,    0,    0,    0,    0,    0,    0,    0,    0,    0,    0,    0,    0,    0,    0,    0,    0,    0,    0,    0,    0,    0,    0,    0,    0,    0,    0,    0,    0,    0,    0,    0,    0,    0,    0,
       0,    0,  -36,    0,    0,    0,    0,    0,  -68,  -47,    0,  -47,    0,    0,    0,  -18,    0,    0,    0,    0,    0,    0,    0,    0,    0,    0,    0,  -11,    0,    0,  -11,    0,  -38,    0,  -28,   -5,    0,  -21,    0,  -52,    0,    0,    0,    0,    0,    0,    0,    0,   -9,    0,  -27,    0,    0,    0,  -45,  -38,  -25,  -47,  -32,  -70,    0,    0,  -34,  -47,    0,    0,    0,    0,    0,  -13,    0,    0,    0,    0,    0,    0,    0,    0,    0,  -27,    0,    0,    0,    0,    0,    0,    0,  -38,  -38,  -38,    0,    0,    0,    0,    0,    0,    0,    0,    0,  -11,    0,  -38,    0,    0,   -9,  -54,   -9,    0,    0,    0,    0,    0,    0,    0,    0,    0,    0,    0,    0,    0,    0,    0,    0,    0,    0,    0,    0,    0,    0,    0,    0,  -34,  -34,  -23,    0,  -18,  -18,  -13,    0,  -50,    0,    0,    0,    0,    0,    0,    0,    0,    0,    0,    0,    0,
       0,    0,    0,    0,    0,    0,    0,    0,    0,    0,    0,    0,    0,    0,    0,    0,    0,    0,    0,    0,    0,    0,    0,    0,    0,    0,    0,    0,    0,    0,    0,    0,    0,    0,    0,    0,    0,  -13,    0,    0,    0,    0,    0,    0,    0,    0,    0,    0,    0,    0,    0,    0,    0,    0,    0,    0,    0,    0,    0,    0,    0,    0,    0,    0,    0,    0,    0,    0,    0,    0,    0,    0,    0,    0,    0,    0,    0,    0,    0,    0,    0,    0,    0,    0,    0,    0,    0,    0,    0,    0,    0,    0,    0,    0,    0,    0,    0,    0,    0,    0,    0,    0,    0,    0,    0,    0,    0,    0,    0,    0,    0,    0,    0,    0,    0,    0,    0,    0,    0,    0,    0,    0,    0,    0,    0,    0,    0,    0,    0,    0,    0,  -13,    0,    0,    0,    0,    0,    0,    0,    0,    0,    0,    0,    0,    0,    0,    0,    0,    0,    0,    0,    0,
       0,    0,    0,    0,    0,    0,    0,    2,    0,    0,    0,    0,    0,    0,    0,    0,    0,    0,    0,    0,    0,    0,    0,    0,    0,    0,    0,    0,    0,    0,    0,    0,    0,    0,    0,    0,    0,    0,    0,    0,    2,    0,    0,    0,    0,    0,    0,    0,    6,    0,    3,    0,    0,    0,    0,    0,    0,    0,    0,    0,    0,    0,    0,    0,    0,    0,    0,    0,   13,    0,    0,    0,    0,    0,    0,    0,   24,    0,    0,    3,    0,   13,    0,   24,   24,    0,    0,    0,    0,    0,    0,    0,    0,   13,   24,    0,    0,    0,    0,    0,    0,    0,    0,    0,    6,    0,    6,    0,    0,    0,    0,    0,    0,    0,    0,    0,    0,    0,    0,    0,    0,    0,    0,    0,    0,    0,    0,    0,    0,    0,    0,    0,    0,    0,    0,    0,    0,    0,    0,    0,    0,    0,    0,    0,    0,    0,    0,    0,    0,    0,    0,    0,
       0,    0,  -36,    0,    0,    0,    0,    0,  -66,  -31,    0,  -52,    0,    0,    0,  -18,    0,    0,    0,    0,    0,    0,    0,    0,    0,    0,    0,  -11,    0,    0,  -11,    0,  -38,    0,  -28,   -5,    0,  -34,    0,  -66,    0,    0,    0,    0,    0,    0,    0,    0,   -9,    0,  -27,    0,    0,    0,  -47,  -38,  -25,  -84,  -32,  -66,    0,    0,  -34,  -56,    0,    0,    0,    0,    0,  -13,    0,    0,    0,    0,    0,    0,    0,    0,    0,  -27,    0,    0,    0,    0,    0,    0,    0,  -38,  -38,  -38,    0,    0,    0,    0,    0,    0,    0,    0,    0,  -11,    0,  -38,    0,    0,   -9,  -54,   -9,    0,    0,    0,    0,    0,    0,    0,    0,    0,    0,    0,    0,    0,    0,    0,    0,    0,    0,    0,    0,    0,    0,    0,    0,  -34,  -34,  -36,    0,  -18,  -18,  -13,    0,  -36,    0,    0,    0,    0,    0,    0,    0,    0,    0,    0,    0,    0,
       0,    0,    0,    0,   -1,  -13,    0,    0,    0,  -40,  -13,  -40,  -13,  -52,  -13,    0,    0,    0,  -27,    0,  -32,    0,    0,  -13,  -32,  -13,    0,  -12,  -35,    0,  -12,  -36,    0,    0,    0,    0,    0,    6,    0,    0,  -23,  -29,  -31,    0,    0,    0,  -23,  -29,  -41,  -46,  -25,  -25,  -44,  -32,  -40,    0,  -52,  -40,    0,    0,    0,  -46,    0,  -40,    0,  -20,    0,    0,    0,  -13,  -45,  -45,  -52,    0,    0,    0,   36,  -52,  -46,  -38,  -29,    0,    0,   36,   36,    0,  -31,    0,    0,    0,  -46,    0,    0,   53,   36,  -55,  -55,    0,    0,  -12,    0,    0,    0,    0,  -41,  -21,  -41,  -29,    0,    0,    0,    0,    0,    0,    0,    0,    0,    0,    0,    0,    0,    0,    0,    0,    0,    0,    0,    0,    0,    0,    0,    6,    0,    0,  -48,    0,    0,  -13,  -47,    0,    0,    0,    0,    0,    0,    0,    0,  -41,    0,    0,    0,    0,
       0,    0,    0,    0,   -1,  -13,    0,    0,    0,  -40,  -13,  -40,  -13,  -52,  -13,    0,    0,    0,  -27,    0,  -32,    0,    0,  -13,  -32,  -13,    0,  -12,  -35,    0,  -12,  -36,    0,    0,    0,    0,    0,    6,    0,    0,  -23,  -29,  -31,    0,    0,    0,  -23,  -29,  -41,  -29,  -25,  -25,  -21,  -18,  -40,    0,  -52,  -40,    0,    0,    0,  -70,    0,  -40,    0,  -20,    0,    0,    0,  -13,  -45,  -45,  -52,    0,    0,    0,   36,  -52,  -50,  -38,  -29,    0,    0,   36,   36,    0,  -31,    0,    0,    0,  -45,    0,    0,   53,   36,  -55,  -55,    0,    0,  -12,    0,    0,    0,    0,  -41,  -21,  -41,  -29,    0,    0,    0,    0,    0,    0,    0,    0,    0,    0,    0,    0,    0,    0,    0,    0,    0,    0,    0,    0,    0,    0,    0,    6,    0,    0,  -48,    0,    0,  -13,  -47,    0,    0,    0,    0,    0,    0,    0,    0,  -41,    0,    0,    0,    0,
       0,    0,    0,    0,   -1,  -13,    0,    0,    0,  -27,  -13,  -27,  -13,  -52,  -13,    0,    0,    0,  -27,    0,  -32,    0,    0,  -13,  -32,  -13,    0,  -12,  -57,    0,  -12,  -84,    0,    0,    0,    0,    0,    6,    0,    0,  -23,  -29,  -31,    0,    0,    0,  -23,  -29,  -41,  -29,  -25,  -25,  -21,  -18,  -27,    0,  -52,  -27,    0,    0,    0,  -70,    0,  -58,    0,  -20,    0,    0,    0,  -13,  -45,  -45,  -52,    0,    0,    0,   36,  -52,  -50,  -38,  -29,    0,    0,   36,   36,    0,  -31,    0,    0,    0,  -45,    0,    0,   53,   36,  -55,  -55,    0,    0,  -12,    0,    0,    0,    0,  -41,  -21,  -41,  -29,    0,    0,    0,    0,    0,    0,    0,    0,    0,    0,    0,    0,    0,    0,    0,    0,    0,    0,    0,    0,    0,    0,    0,    6,    0,    0,  -48,    0,    0,  -13,  -47,    0,    0,    0,    0,    0,    0,    0,    0,  -65,    0,    0,    0,    0,
       0,    0,    0,    0,    0,    0,    0,    0,    0,    0,    0,    0,    0,    0,    0,    0,    0,    0,    0,    0,    0,    0,    0,    0,    0,    0,    0,    0,    0,    0,    0,    0,    0,    0,    0,    0,    0,    0,    0,    0,    0,  -24,  -27,  -13,    0,    0,  -24,  -24,  -13,  -24,  -24,  -23,  -24,  -24,    0,    0,    0,    0,    0,    0,    0,  -24,    0,    0,    0,    0,    0,    0,    0,    0,  -24,  -24,  -27,    0,    0,    0,    0,  -27,  -24,  -24,  -24,    0,    0,    0,    0,    0,  -27,    0,    0,    0,  -24,    0,    0,    0,    0,    0,    0,    0,    0,    0,    0,    0,    0,    0,  -13,    0,  -13,  -24,    0,    0,    0,    0,    0,    0,    0,    0,    0,    0,    0,    0,    0,    0,    0,    0,    0,    0,    0,    0,    0,    0,    0,    0,    0,    0,    0,    0,    0,    0,    0,    0,    0,    0,    0,    0,    0,    0,    0,    0,    0,    0,    0,    0,
       0,    0,    0,    0,    0,    0,    0,    0,    0,    0,  -18,    0,  -18,    0,    0,    0,    0,    0,    0,    0,    0,    0,    0,    0,    0,    0,    0,    0,  -14,    0,    0,    0,    0,    0,    0,    0,    0,    0,    0,    0,    0,    0,    0,    0,    0,    0,    0,    0,    0,    0,    0,    0,    0,    0,    0,    0,    0,    0,    0,    0,    0,    0,    0,    0,    0,    0,    0,    0,    0,    0,    0,    0,    0,    0,    0,    0,    0,    0,    0,    0,    0,    0,    0,    0,    0,    0,    0,    0,    0,    0,    0,    0,    0,    0,    0,    0,    0,    0,    0,    0,    0,    0,    0,    0,    0,    0,    0,    0,    0,    0,    0,    0,    0,    0,    0,    0,    0,    0,    0,    0,    0,    0,    0,    0,    0,    0,    0,    0,    0,    0,    0,    0,    0,    0,    0,    0,    0,    0,  -18,    0,    0,    0,    0,    0,    0,    0,    0,    0,    0,    0,    0,    0,
       0,    0,    0,    0,    0,    0,    1,    3,    0,    0,  -18,    0,  -18,    0,    0,    0,    0,    0,    0,    0,    0,    0,    0,    0,    0,    0,    0,    0,    0,    0,    0,    0,    0,    0,    0,    0,    0,    0,    0,    0,    0,    0,    0,    0,    0,    0,    0,    0,    0,    0,    0,    0,    0,    0,    0,    0,    0,    0,    0,    0,    0,    0,    0,    0,    0,    0,    0,    0,    0,    0,    0,    0,    0,    0,    0,    0,    0,    0,    0,    0,    0,    0,    0,    0,    0,    0,    0,    0,    0,    0,    0,    0,    0,    0,    0,    0,    0,    0,    0,    0,    0,    0,    0,    0,    0,    0,    0,    0,    0,    0,    0,    0,    0,    0,    0,    0,    0,    0,    0,    0,    0,    0,    0,    0,    0,    0,    0,    0,    0,    0,    0,    0,    0,    0,    0,    0,    0,    0,  -18,    0,    0,    0,    0,    0,    0,    0,    0,    0,    0,    0,    0,    0,
       0,    0,    0,    0,    0,    0,    0,    0,    0,    0,    0,    0,    0,    0,    0,    0,    0,    0,    0,    0,    0,    0,    0,    0,    0,    0,    0,    0,    0,    0,    0,    0,   17,    0,    0,    0,    0,    0,    0,    0,    0,    0,    0,    0,    0,    0,    0,    0,    0,    0,    0,    0,    0,    0,    0,    0,    0,    0,    0,    0,    0,    0,    0,    0,    0,    0,    0,    0,    0,    0,    0,    0,    0,    0,    0,    0,    0,    0,    0,    0,    0,    0,    0,    0,    0,    0,    0,   17,   17,   17,    0,    0,    0,    0,    0,    0,    0,    0,    0,    0,    0,   17,    0,    0,    0,    0,    0,    0,    0,    0,    0,    0,    0,    0,    0,    0,    0,    0,    0,    0,    0,    0,    0,    0,    0,    0,    0,    0,    0,    0,    0,    0,    0,    0,    0,    0,    0,    0,    0,    0,    0,    0,    0,    0,    0,    0,    0,    0,    0,    0,    0,    0,
       0,    0,    0,    0,    0,    0,    0,    0,    0,    0,    0,    0,    0,    0,    0,    0,    0,    0,    0,    0,    0,    0,    0,    0,    0,    0,    0,    0,    0,    0,    0,    0,    0,    0,    0,    0,    0,    0,    0,    0,    0,    0,  -16,    0,    0,    0,    0,    0,   12,    0,    6,    0,    0,    0,    0,    0,    0,    0,    0,    0,    0,    0,    0,    0,    0,    0,    0,    0,    0,    0,    0,    0,  -16,    0,    0,    0,    0,  -16,    0,    6,    0,    0,    0,    0,    0,    0,  -16,    0,    0,    0,    0,    0,    0,    0,    0,    0,    0,    0,    0,    0,    0,    0,    0,    0,   12,    0,   12,    0,    0,    0,    0,    0,    0,    0,    0,    0,    0,    0,    0,    0,    0,    0,    0,    0,    0,    0,    0,    0,    0,    0,    0,    0,    0,    0,    0,    0,    0,    0,    0,    0,    0,    0,    0,    0,    0,    0,    0,    0,    0,    0,    0,    0,
       0,    0,    0,    0,    0,    0,    0,    0,    0,    0,    0,    0,    0,    0,    0,    0,    0,    0,    0,    0,    0,    0,    0,    0,    0,    0,    0,    0,    0,    0,    0,    0,  -29,    0,    0,    0,    0,    0,    0,    0,    0,    0,   -7,    0,    0,    0,    0,    0,    0,    0,    0,    0,    0,    0,    0,    0,    0,    0,    0,    0,    0,    0,    0,    0,    0,    0,    0,    0,    0,    0,    0,    0,   -7,    0,    0,    0,    0,   -7,    0,    0,    0,    0,    0,    0,    0,    0,   -7,  -29,  -29,  -29,    0,    0,    0,    0,    0,    0,    0,    0,    0,    0,    0,  -29,    0,    0,    0,    0,    0,    0,    0,    0,    0,    0,    0,    0,    0,    0,    0,    0,    0,    0,    0,    0,    0,    0,    0,    0,    0,    0,    0,    0,    0,    0,    0,    0,    0,    0,    0,    0,    0,    0,    0,    0,    0,    0,    0,    0,    0,    0,    0,    0,    0,    0,
       0,    0,    0,    0,    0,    0,    0,    0,    0,    0,    0,    0,    0,    0,    0,    0,    0,    0,    0,    0,    0,    0,    0,    0,    0,    0,    0,    0,    0,    0,    0,    0,    0,    0,    0,    0,    0,    0,    0,    0,    0,    0,    0,    0,    0,    0,    0,    0,    0,    0,    0,    0,    0,    0,    0,    0,    0,    0,    0,    0,    0,    0,    0,    0,    0,    0,    0,    0,    0,    0,    0,    0,    0,    0,    0,    0,   38,    0,    0,    0,    0,    0,    0,   38,   38,    0,    0,    0,    0,    0,    0,    0,    0,   36,   38,    0,    0,    0,    0,    0,    0,    0,    0,    0,    0,    0,    0,    0,    0,    0,    0,    0,    0,    0,    0,    0,    0,    0,    0,    0,    0,    0,    0,    0,    0,    0,    0,    0,    0,    0,    0,    0,    0,    0,    0,    0,    0,    0,    0,    0,    0,    0,    0,    0,    0,    0,    0,    0,    0,    0,    0,    0,
       0,    0,    0,    0,    0,    0,    0,    0,    0,    0,    0,    0,    0,    0,    0,    0,    0,    0,    0,    0,    0,    0,    0,    0,    0,    0,    0,    0,    0,    0,    0,    0,    0,    0,    0,    0,    0,    0,    0,    0,    0,    0,    0,    0,    0,    0,    0,    0,    0,    0,    0,    0,    0,    0,    0,    0,    0,    0,    0,    0,    0,    0,    0,    0,    0,    0,    0,    0,    0,    0,    0,    0,    0,    0,    0,    0,    0,    0,    0,    0,    0,    0,    0,    0,    0,    0,    0,    0,    0,    0,    0,    0,    0,   13,    0,    0,    0,    0,    0,    0,    0,    0,    0,    0,    0,    0,    0,    0,    0,    0,    0,    0,    0,    0,    0,    0,    0,    0,    0,    0,    0,    0,    0,    0,    0,    0,    0,    0,    0,    0,    0,    0,    0,    0,    0,    0,    0,    0,    0,    0,    0,    0,    0,    0,    0,    0,    0,    0,    0,    0,    0,    0,
       0,    0,    0,    0,    0,    0,    0,    0,    0,  -15,    0,  -15,    0,  -13,    0,    0,    0,    0,    0,    0,    0,    0,    0,    0,  -16,    0,    0,    0,    0,    0,    0,    0,  -38,    0,    0,    0,    0,  -23,    0,    0,  -13,    0,    0,    0,    0,    0,    0,    0,    0,    0,    0,    0,    0,    0,  -15,    0,    0,  -29,    0,    0,    0,    0,    0,  -15,    0,    0,    0,    0,    0,    0,    0,    0,    0,    0,    0,    0,    0,    0,    0,    0,    0,    2,    0,    0,    0,    0,    0,  -38,  -38,  -38,    0,    0,    0,    0,    0,    0,    0,    0,    0,    0,    0,  -38,    0,    0,    0,    0,    0,    0,    0,    0,    0,    0,    0,    0,    0,    0,    0,    0,    0,    0,    0,    0,    0,    0,    0,    0,    0,    0,    0,    0,    0,  -23,  -16,    6,    0,    0,    0,    0,    0,    6,    0,    0,    0,    0,    0,    0,    0,  -21,    0,    0,    0,    0,
       0,    0,    0,    0,    0,    0,    0,    0,    0,    0,    0,    0,    0,    0,    0,    0,    0,    0,    0,    0,    0,    0,    0,    0,    0,    0,    0,    0,    0,    0,    0,    0,    0,    0,    0,    0,    0,    0,    0,    0,    0,    0,    0,    0,    0,    0,    0,    0,    0,    0,    0,    0,    0,    0,    0,    0,    0,    0,    0,    0,    0,    0,    0,    0,    0,    0,    0,    0,    0,    0,    0,    0,    0,    0,    0,    0,   10,    0,    0,    0,    0,    0,    0,   10,   10,    0,    0,    0,    0,    0,    0,    0,    0,   29,   10,    0,    0,    0,    0,    0,    0,    0,    0,    0,    0,    0,    0,    0,    0,    0,    0,    0,    0,    0,    0,    0,    0,    0,    0,    0,    0,    0,    0,    0,    0,    0,    0,    0,    0,    0,    0,    0,    0,    0,    0,    0,    0,    0,    0,    0,    0,    0,    0,    0,    0,    0,    0,    0,    0,    0,    0,    0,
       0,    0,    0,    0,    0,    0,    0,    0,    0,    0,    0,    0,    0,    0,    0,    0,    0,    0,    0,    0,    0,    0,    0,    0,    0,    0,    0,    0,    0,    0,    0,    0,    0,    0,    0,    0,    0,    0,    0,    0,    0,    0,    0,    0,    0,    0,    0,    0,    0,    0,    0,    0,    0,    0,    0,    0,    0,    0,    0,    0,    0,    0,    0,    0,    0,    0,    0,    0,    0,    0,    0,    0,    0,    0,    0,    0,   38,    0,    0,    0,    0,    0,    0,   38,   38,    0,    0,    0,    0,    0,    0,    0,    0,   34,   38,    0,    0,    0,    0,    0,    0,    0,    0,    0,    0,    0,    0,    0,    0,    0,    0,    0,    0,    0,    0,    0,    0,    0,    0,    0,    0,    0,    0,    0,    0,    0,    0,    0,    0,    0,    0,    0,    0,    0,    0,    0,    0,    0,    0,    0,    0,    0,    0,    0,    0,    0,    0,    0,    0,    0,    0,    0,
       0,    0,    0,    0,    0,    0,    0,    0,    0,    0,    0,    0,    0,    0,    0,   18,    0,    0,    0,    0,   36,    0,    0,    0,    0,    0,    0,    0,    0,   24,    0,    0,   36,    0,   34,    0,    0,    0,   36,    0,    0,    0,    0,   16,   38,   41,   11,    0,   20,    0,    0,    0,    0,    0,    0,    0,    0,    0,    0,    0,    0,    0,    0,    0,    0,    0,    0,   10,    0,    0,    0,    0,    0,   38,   38,   38,   65,    0,    0,    0,    0,    0,   24,   65,   65,   41,    0,   36,   36,   36,    0,   54,   38,   38,   81,    0,    0,    0,    0,    0,    0,   36,    0,    0,   20,    0,   20,    0,    0,    0,    0,    0,    0,    0,    0,    0,    0,    0,    0,    0,    0,    0,    0,    0,    0,    0,    0,    0,    0,    0,    0,    0,    0,    0,    0,    0,    0,    0,    0,    0,    0,    0,    0,    0,    0,    0,    0,    0,    0,    0,    0,    0,
       0,    0,    0,    0,    0,    0,    0,    0,    0,    0,  -18,    0,  -18,    0,    0,    0,    0,    0,    0,    0,    0,    0,    0,    0,    0,    0,    0,    0,    0,    0,    0,    0,    0,    0,    0,    0,    0,    0,    0,    0,    0,    0,    0,    0,    0,    0,    0,    0,    0,    0,    0,    0,    0,    0,    0,    0,    0,    0,    0,    0,    0,    0,    0,    0,    0,    0,    0,    0,    0,    0,    0,    0,    0,    0,    0,    0,    0,    0,    0,    0,    0,    0,    0,    0,    0,    0,    0,    0,    0,    0,    0,    0,    0,    0,    0,    0,    0,    0,    0,    0,    0,    0,    0,    0,    0,    0,    0,    0,    0,    0,    0,    0,    0,    0,    0,    0,    0,    0,    0,    0,    0,    0,    0,    0,    0,    0,    0,    0,    0,    0,    0,    0,    0,    0,    0,    0,    0,    0,  -18,    0,    0,    0,    0,    0,    0,    0,    0,    0,    0,    0,    0,    0,
       0,    0,    0,    0,    0,    0,    0,    0,    0,    0,    0,    0,    0,    0,    0,    0,    0,    0,    0,    0,    0,    0,    0,    0,    0,    0,    0,    0,    0,    0,    0,    0,  -17,    0,    0,    0,    0,    0,    0,    0,   25,    0,    0,    0,    0,    0,    0,    0,    0,    0,    0,    0,    0,    0,    0,    0,    0,    0,    0,    0,    0,    0,    0,    0,    0,    0,    0,    0,    0,    0,    0,    0,    0,    0,    0,    0,    0,    0,    0,    0,    0,    0,    0,    0,    0,    0,    0,  -17,  -17,  -17,    0,    0,    0,    0,    0,    9,    9,    0,    0,    0,    0,  -17,    0,    0,    0,    0,    0,    0,    0,    0,    0,    0,    0,    0,    0,    0,    0,    0,    0,    0,    0,    0,    0,    0,    0,    0,    0,    0,    0,    0,    0,    0,    0,    0,    0,    0,    0,    0,    0,    0,    0,    0,    0,    0,    0,    0,    0,    0,    0,    0,    0,    0,
       0,    0,    0,    0,   -4,    0,    0,    0,    0,  -53,    0,  -53,    0,    0,  -14,    0,    0,   -8,  -16,    0,    0,   -8,    0,    0,  -20,  -20,    0,  -16,    0,    0,  -16,    0,  -16,    0,    0,    0,    0,    0,    0,    0,    0,  -23,  -11,    0,    0,    0,    0,    0,    0,    0,    0,    0,    0,    0,  -53,    0,  -36,  -53,   -3,    0,    0,    0,    0,  -53,    0,    0,    0,    0,    0,  -18,  -23,  -23,  -11,    0,    0,    0,    0,  -11,    0,    0,  -23,    0,    0,    0,    0,    0,  -11,  -16,  -16,  -16,    0,    0,    0,   34,    0,    0,    0,    0,   -8,  -37,  -13,  -16,    0,    0,  -25,  -32,    0,    0,    0,    0,    0,    0,    0,    0,    0,    0,    0,    0,    0,    0,    0,    0,    0,    0,    0,    0,    0,    0,    0,    0,    0,    0,    0,    0,    0,    0,    0,  -18,    0,    0,    0,    0,    0,    0,    0,    0,    0,    0,    0,  -13,    0,    0,
       0,    0,    0,    0,    0,    0,    0,    0,    0,    0,  -18,    0,  -18,  -16,    0,    0,    0,    0,    0,    0,    0,    0,    0,    0,    0,    0,    0,    0,  -15,    0,    0,    0,  -12,    0,  -14,   -3,  -16,  -15,    0,    0,  -16,    0,    0,    0,    0,    0,    0,    0,    0,    0,    0,    0,    0,    0,    0,    0,    0,    0,   -2,    0,    0,    0,    0,    0,    0,    0,    0,    0,    0,    0,    0,    0,    0,    0,    0,    0,    0,    0,    0,    0,    0,    0,    0,    0,    0,    0,    0,  -12,  -12,  -12,    0,    0,    0,    3,    0,    0,    0,  -37,    0,    0,    0,  -26,    0,    0,    0,    0,    0,    0,    0,    0,    0,    0,    0,    0,    0,    0,    0,    0,    0,    0,    0,    0,    0,    0,    0,    0,    0,    0,    0,    0,    0,  -15,  -13,    0,  -36,    0,    0,    0,  -18,    0,    0,    0,    0,    0,    0,    0,  -16,  -39,    0,    0,    0,    0,
       0,    0,    0,    0,    0,    0,    0,    0,    0,    0,  -18,    0,  -18,    0,    0,    0,    0,    0,    0,    0,    0,    0,    0,    0,    0,    0,    0,    0,    0,    0,    0,    0,    0,    0,    0,    0,    0,    0,    0,    0,  -16,    0,    0,    0,    0,    0,    0,    0,    0,    0,    0,    0,    0,    0,    0,    0,    0,    0,    0,    0,    0,    0,    0,    0,    0,    0,    0,    0,    0,    0,    0,    0,    0,    0,    0,    0,    0,    0,    0,    0,    0,    0,    0,    0,    0,    0,    0,    0,    0,    0,    0,    0,    0,    0,    0,    0,    0,    0,    0,    0,    0,    0,    0,    0,    0,    0,    0,    0,    0,    0,    0,    0,    0,    0,    0,    0,    0,    0,    0,    0,    0,    0,    0,    0,    0,    0,    0,    0,    0,    0,    0,    0,    0,    0,  -13,    0,    0,    0,  -18,    0,    0,    0,    0,    0,    0,    0,    0,    0,    0,    0,    0,    0,
       0,    0,  -12,    0,    0,    0,    0,    0,  -12,  -12,    7,  -12,    7,    0,   -5,    0,    0,    0,   -8,    0,    0,   -4,    0,    0,    0,    0,    0,    0,    0,    0,    0,    0,    0,    0,    0,    0,    0,    0,    0,  -12,    0,    0,   -7,  -11,    0,    0,    0,    0,  -11,    0,   -9,  -11,    0,    0,  -12,    0,    0,  -12,    0,  -12,    0,    0,  -11,  -12,    0,    0,    0,    0,    0,    0,    0,    0,   -7,    0,    0,    0,    0,   -7,    0,   -9,    0,    0,    0,    0,    0,    0,   -7,    0,    0,    0,    0,    0,    0,    0,    0,    0,    0,    0,    0,    0,    0,    0,    0,    0,  -11,   -9,  -11,    0,    0,    0,    0,    0,    0,    0,    0,    0,    0,    0,    0,    0,    0,    0,    0,    0,    0,    0,    0,    0,    0,    0,    0,    0,    0,  -12,    0,    0,    0,    0,    7,  -12,    0,    0,    0,    0,    0,    0,    0,    0,    0,    0,    0,    0,
       0,    0,    0,    0,    0,    0,    0,    0,    0,  -15,  -50,  -15,  -50,  -13,    0,    0,    0,    0,    0,    0,    0,    0,    0,    0,  -16,    0,    0,    0,  -16,    6,    0,  -23,  -23,    0,    0,    0,    0,    0,  -13,    0,    0,   -2,   -8,    7,    3,    6,    5,    0,    7,    0,    6,    3,    6,    0,  -15,    0,    0,  -29,    0,    0,    0,    0,    0,  -15,    0,    0,    0,    0,    0,    0,   -2,   -2,   -8,    3,    3,    3,   11,   -8,    0,    6,   -2,    0,    6,   11,   11,    6,   -8,  -23,  -23,  -23,    0,    6,    3,    6,   11,    0,    0,    0,    0,    0,    0,  -23,   -6,   -6,    7,    0,    7,    0,    0,    0,    0,    0,    0,    0,    0,    0,    0,    0,    0,    0,    0,    0,    0,    0,    0,    0,    0,    0,    0,    0,    0,    0,  -16,    6,  -61,    0,    0,    0,  -50,    6,    0,    0,    0,    0,    0,    0,    0,  -17,    0,    0,    0,    0,
       0,    0,    0,    0,    0,    0,    0,  -11,    0,    0,    0,    0,    0,    0,    0,    0,    0,    0,    0,    0,    0,    0,    0,    0,    0,    0,    0,    0,    0,    0,    0,    0,  -41,    0,  -41,    0,  -11,  -68,    0,    0,    0,    0,    0,    0,    0,    0,    0,    0,   -9,    0,  -12,  -11,   -8,    0,    0,  -22,    0,    0,    0,    0,    0,    0,    0,    0,    0,    0,    0,    0,    0,    0,    0,    0,    0,    0,    0,    0,    0,    0,    0,  -12,    0,    0,    0,    0,    0,    0,    0,  -41,  -41,  -41,    0,    0,    0,    0,    0,    0,    0,  -11,    0,    0,    0,  -41,    0,    0,   -9,    0,  -43,    0,    0,    0,    0,    0,    0,    0,    0,    0,    0,    0,    0,    0,    0,    0,    0,    0,    0,    0,    0,    0,    0,    0,    0,  -68,  -28,    0,    0,    0,    0,    0,    0,    0,    0,    0,    0,    0,    0,    0,    0,    0,    0,    0,    0,    0,
       0,    0,    0,    0,    0,    0,    0,    0,    0,    0,    0,    0,    0,    0,    0,    0,    0,    0,    0,    0,    0,    0,    0,    0,    0,    0,    0,    0,    0,    0,    0,    0,    0,    0,    0,    0,    0,    0,    0,    0,    0,    0,    0,    0,    0,    0,    0,    0,    0,    0,    0,    0,    0,    0,    0,    0,    0,    0,    0,    0,    0,    0,    0,    0,    0,    0,    0,    0,    0,    0,    0,    0,    0,    0,    0,    0,    0,    0,    0,    0,    0,    0,    0,    0,    0,    0,    0,    0,    0,    0,    0,    0,    0,    0,    0,    0,    0,    0,    0,    0,    0,    0,    0,    0,    0,    0,    0,    0,    0,    0,    0,    0,    0,    0,    0,    0,   -8,    0,   -2,   -2,    0,    0,    0,    0,    0,   -8,    0,   -4,    0,   -8,    0,    0,    0,    0,    0,    0,    0,    0,    0,    0,    0,    0,    0,    0,    0,    0,    0,    0,    0,    0,    0,    0,
       0,    0,    0,    0,    0,    0,    0,    0,    0,    0,    0,    0,    0,    0,    0,    0,    0,    0,    0,    0,    0,    0,    0,    0,    0,    0,    0,    0,    0,    0,    0,    0,    0,    0,    0,    0,    0,    0,    0,    0,    0,    0,    0,    0,    0,    0,    0,    0,    0,    0,    0,    0,    0,    0,    0,    0,    0,    0,    0,    0,    0,    0,    0,    0,    0,    0,    0,    0,    0,    0,    0,    0,    0,    0,    0,    0,    0,    0,    0,    0,    0,    0,    0,    0,    0,    0,    0,    0,    0,    0,    0,    0,    0,    0,    0,    0,    0,    0,    0,    0,    0,    0,    0,    0,    0,    0,    0,    0,    0,    0,    0,   -5,    0,    0,    0,    0,    0,   -8,    0,    0,    0,    0,  -13,    0,    0,  -13,    0,    0,  -10,    0,    0,    0,    0,    0,    0,    0,    0,    0,    0,    0,    0,    0,    0,    0,    0,    0,    0,    0,    0,    0,    0,    0,
       0,    0,    0,    0,    0,    0,    0,    0,    0,    0,    0,    0,    0,    0,    0,    0,    0,    0,    0,    0,    0,    0,    0,    0,    0,    0,    0,    0,    0,    0,    0,    0,    0,    0,    0,    0,    0,    0,    0,    0,    0,    0,    0,    0,    0,    0,    0,    0,    0,    0,    0,    0,    0,    0,    0,    0,    0,    0,    0,    0,    0,    0,    0,    0,    0,    0,    0,    0,    0,    0,    0,    0,    0,    0,    0,    0,    0,    0,    0,    0,    0,    0,    0,    0,    0,    0,    0,    0,    0,    0,    0,    0,    0,    0,    0,    0,    0,    0,    0,    0,    0,    0,    0,    0,    0,    0,    0,    0,    0,    2,    0,    0,    0,    0,    0,   -8,  -13,    0,   -5,   -6,    0,   -9,    0,    0,    0,  -10,    0,    0,    0,    0,    0,    0,    0,    0,    0,    0,    0,    0,    0,    0,    0,    0,    0,    0,    0,    0,    0,    0,    0,    0,    0,    0,
       0,    0,    0,    0,    0,    0,    0,    0,    0,    0,    0,    0,    0,    0,    0,    0,    0,    0,    0,    0,    0,    0,    0,    0,    0,    0,    0,    0,    0,    0,    0,    0,    0,    0,    0,    0,    0,    0,    0,    0,    0,    0,    0,    0,    0,    0,    0,    0,    0,    0,    0,    0,    0,    0,    0,    0,    0,    0,    0,    0,    0,    0,    0,    0,    0,    0,    0,    0,    0,    0,    0,    0,    0,    0,    0,    0,    0,    0,    0,    0,    0,    0,    0,    0,    0,    0,    0,    0,    0,    0,    0,    0,    0,    0,    0,    0,    0,    0,    0,    0,    0,    0,    0,    0,    0,    0,    0,    0,    0,  -16,    0,    0,   -8,    0,    0,   -8,    0,  -20,  -14,    0,  -10,   -5,  -13,    0,  -20,  -14,    0,    0,  -14,    0,    0,    0,    0,    0,    0,    0,    0,    0,    0,    0,    0,    0,    0,    0,    0,    0,    0,    0,    0,    0,    0,    0,
       0,    0,    0,    0,    0,    0,    0,    0,    0,    0,    0,    0,    0,    0,    0,    0,    0,    0,    0,    0,    0,    0,    0,    0,    0,    0,    0,    0,    0,    0,    0,    0,    0,    0,    0,    0,    0,    0,    0,    0,    0,    0,    0,    0,    0,    0,    0,    0,    0,    0,    0,    0,    0,    0,    0,    0,    0,    0,    0,    0,    0,    0,    0,    0,    0,    0,    0,    0,    0,    0,    0,    0,    0,    0,    0,    0,    0,    0,    0,    0,    0,    0,    0,    0,    0,    0,    0,    0,    0,    0,    0,    0,    0,    0,    0,    0,    0,    0,    0,    0,    0,    0,    0,    0,    0,    0,    0,    0,    0,   -2,    0,    0,    0,    0,    0,   -6,    0,    0,    0,    0,   -4,    0,   -3,    0,    0,   -8,    0,    0,   -4,    0,    0,    0,    0,    0,    0,    0,    0,    0,    0,    0,    0,    0,    0,    0,    0,    0,    0,    0,    0,    0,    0,    0,
       0,    0,    0,    0,    0,    0,    0,    0,    0,    0,    0,    0,    0,    0,    0,    0,    0,    0,    0,    0,    0,    0,    0,    0,    0,    0,    0,    0,    0,    0,    0,    0,    0,    0,    0,    0,    0,    0,    0,    0,    0,    0,    0,    0,    0,    0,    0,    0,    0,    0,    0,    0,    0,    0,    0,    0,    0,    0,    0,    0,    0,    0,    0,    0,    0,    0,    0,    0,    0,    0,    0,    0,    0,    0,    0,    0,    0,    0,    0,    0,    0,    0,    0,    0,    0,    0,    0,    0,    0,    0,    0,    0,    0,    0,    0,    0,    0,    0,    0,    0,    0,    0,    0,    0,    0,    0,    0,    0,    0,   -8,    0,    0,    0,    0,    0,    0,    0,    0,    0,    0,    0,    0,    0,    0,    0,    0,    0,    0,    0,    0,    0,    0,    0,    0,    0,    0,    0,    0,    0,    0,    0,    0,    0,    0,    0,    0,    0,    0,    0,    0,    0,    0,
       0,    0,    0,    0,    0,    0,    0,    0,    0,    0,    0,    0,    0,    0,    0,    0,    0,    0,    0,    0,    0,    0,    0,    0,    0,    0,    0,    0,    0,    0,    0,    0,    0,    0,    0,    0,    0,    0,    0,    0,    0,    0,    0,    0,    0,    0,    0,    0,    0,    0,    0,    0,    0,    0,    0,    0,    0,    0,    0,    0,    0,    0,    0,    0,    0,    0,    0,    0,    0,    0,    0,    0,    0,    0,    0,    0,    0,    0,    0,    0,    0,    0,    0,    0,    0,    0,    0,    0,    0,    0,    0,    0,    0,    0,    0,    0,    0,    0,    0,    0,    0,    0,    0,    0,    0,    0,    0,    0,    0,    0,    0,   -5,    0,    0,    0,   -8,    0,   -8,   -2,    0,    0,    0,    0,    0,   -4,   -9,   -8,   -8,   -5,    0,    0,    0,    0,    0,    0,    0,    0,    0,    0,    0,    0,    0,    0,    0,    0,    0,    0,    0,    0,    0,    0,    0,
       0,    0,    0,    0,    0,    0,    0,    0,    0,    0,    0,    0,    0,    0,    0,    0,    0,    0,    0,    0,    0,    0,    0,    0,    0,    0,    0,    0,    0,    0,    0,    0,    0,    0,    0,    0,    0,    0,    0,    0,    0,    0,    0,    0,    0,    0,    0,    0,    0,    0,    0,    0,    0,    0,    0,    0,    0,    0,    0,    0,    0,    0,    0,    0,    0,    0,    0,    0,    0,    0,    0,    0,    0,    0,    0,    0,    0,    0,    0,    0,    0,    0,    0,    0,    0,    0,    0,    0,    0,    0,    0,    0,    0,    0,    0,    0,    0,    0,    0,    0,    0,    0,    0,    0,    0,    0,    0,    0,    0,  -26,    0,    0,   -8,    0,   -3,   -3,    0,    0,   -3,    0,  -12,   -3,   -3,    0,    0,   -9,    0,    0,   -8,    0,   -8,    0,    0,    0,    0,    0,    0,    0,    0,    0,    0,    0,    0,    0,    0,    0,    0,    0,    0,    0,    0,    0,
       0,    0,    0,    0,    0,    0,    0,    0,    0,    0,    0,    0,    0,    0,    0,    0,    0,    0,    0,    0,    0,    0,    0,    0,    0,    0,    0,    0,    0,    0,    0,    0,    0,    0,    0,    0,    0,    0,    0,    0,    0,    0,    0,    0,    0,    0,    0,    0,    0,    0,    0,    0,    0,    0,    0,    0,    0,    0,    0,    0,    0,    0,    0,    0,    0,    0,    0,    0,    0,    0,    0,    0,    0,    0,    0,    0,    0,    0,    0,    0,    0,    0,    0,    0,    0,    0,    0,    0,    0,    0,    0,    0,    0,    0,    0,    0,    0,    0,    0,    0,    0,    0,    0,    0,    0,    0,    0,    0,    0,    0,    0,    0,    0,    0,    0,   -8,    0,    0,   -5,    0,    0,   -6,   -6,    0,  -10,  -10,    0,    0,    0,    0,    0,    0,    0,    0,    0,    0,    0,    0,    0,    0,    0,    0,    0,    0,    0,    0,    0,    0,    0,    0,    0,    0,
       0,    0,    0,    0,    0,    0,    0,    0,    0,    0,    0,    0,    0,    0,    0,    0,    0,    0,    0,    0,    0,    0,    0,    0,    0,    0,    0,    0,    0,    0,    0,    0,    0,    0,    0,    0,    0,    0,    0,    0,    0,    0,    0,    0,    0,    0,    0,    0,    0,    0,    0,    0,    0,    0,    0,    0,    0,    0,    0,    0,    0,    0,    0,    0,    0,    0,    0,    0,    0,    0,    0,    0,    0,    0,    0,    0,    0,    0,    0,    0,    0,    0,    0,    0,    0,    0,    0,    0,    0,    0,    0,    0,    0,    0,    0,    0,    0,    0,    0,    0,    0,    0,    0,    0,    0,    0,    0,    0,    0,  -16,   -2,    0,    0,    0,    0,   -8,    0,  -12,  -10,    0,    0,    0,   -8,    0,  -15,   -6,    0,    0,    0,    8,   -2,    0,    0,    0,    0,    0,    0,    0,    0,    0,    0,    0,    0,    0,    0,    0,    0,    0,    0,    0,    0,    0,
       0,    0,    0,    0,    0,    0,    0,    0,    0,    0,    0,    0,    0,    0,    0,    0,    0,    0,    0,    0,    0,    0,    0,    0,    0,    0,    0,    0,    0,    0,    0,    0,    0,    0,    0,    0,    0,    0,    0,    0,    0,    0,    0,    0,    0,    0,    0,    0,    0,    0,    0,    0,    0,    0,    0,    0,    0,    0,    0,    0,    0,    0,    0,    0,    0,    0,    0,    0,    0,    0,    0,    0,    0,    0,    0,    0,    0,    0,    0,    0,    0,    0,    0,    0,    0,    0,    0,    0,    0,    0,    0,    0,    0,    0,    0,    0,    0,    0,    0,    0,    0,    0,    0,    0,    0,    0,    0,    0,    0,    0,    0,    0,    0,    0,    0,    0,    0,    0,   -8,    0,   -5,   -8,   -9,    0,    0,  -11,    0,    0,    0,    0,    0,    0,    0,    0,    0,    0,    0,    0,    0,    0,    0,    0,    0,    0,    0,    0,    0,    0,    0,    0,    0,    0,
       0,    0,    0,    0,    0,    0,    0,    0,    0,    0,    0,    0,    0,    0,    0,    0,    0,    0,    0,    0,    0,    0,    0,    0,    0,    0,    0,    0,    0,    0,    0,    0,    0,    0,    0,    0,    0,    0,    0,    0,    0,    0,    0,    0,    0,    0,    0,    0,    0,    0,    0,    0,    0,    0,    0,    0,    0,    0,    0,    0,    0,    0,    0,    0,    0,    0,    0,    0,    0,    0,    0,    0,    0,    0,    0,    0,    0,    0,    0,    0,    0,    0,    0,    0,    0,    0,    0,    0,    0,    0,    0,    0,    0,    0,    0,    0,    0,    0,    0,    0,    0,    0,    0,    0,    0,    0,    0,    0,    0,    0,    0,    0,    0,    0,    0,   -6,   -6,    0,  -10,    0,    0,    0,    0,    0,    0,    0,    0,    0,    0,    0,    0,    0,    0,    0,    0,    0,    0,    0,    0,    0,    0,    0,    0,    0,    0,    0,    0,    0,    0,    0,    0,    0,
       0,    0,    0,    0,    0,    0,    0,    0,    0,    0,    0,    0,    0,    0,    0,    0,    0,    0,    0,    0,    0,    0,    0,    0,    0,    0,    0,    0,    0,    0,    0,    0,    0,    0,    0,    0,    0,    0,    0,    0,    0,    0,    0,    0,    0,    0,    0,    0,    0,    0,    0,    0,    0,    0,    0,    0,    0,    0,    0,    0,    0,    0,    0,    0,    0,    0,    0,    0,    0,    0,    0,    0,    0,    0,    0,    0,    0,    0,    0,    0,    0,    0,    0,    0,    0,    0,    0,    0,    0,    0,    0,    0,    0,    0,    0,    0,    0,    0,    0,    0,    0,    0,    0,    0,    0,    0,    0,    0,    0,    0,    0,    0,    0,    0,    0,   -2,    0,  -12,    0,   -2,    0,    0,   -2,    0,  -12,   -5,    0,    0,   -4,    0,    0,    0,    0,    0,    0,    0,    0,    0,    0,    0,    0,    0,    0,    0,    0,    0,    0,    0,    0,    0,    0,    0,
       0,    0,    0,    0,    0,    0,    0,    0,    0,    0,    0,    0,    0,    0,    0,    0,    0,    0,    0,    0,    0,    0,    0,    0,    0,    0,    0,    0,    0,    0,    0,    0,    0,    0,    0,    0,    0,    0,    0,    0,    0,    0,    0,    0,    0,    0,    0,    0,    0,    0,    0,    0,    0,    0,    0,    0,    0,    0,    0,    0,    0,    0,    0,    0,    0,    0,    0,    0,    0,    0,    0,    0,    0,    0,    0,    0,    0,    0,    0,    0,    0,    0,    0,    0,    0,    0,    0,    0,    0,    0,    0,    0,    0,    0,    0,    0,    0,    0,    0,    0,    0,    0,    0,    0,    0,    0,    0,    0,    0,    0,    0,    0,    0,    0,    0,   -3,    0,    0,    0,    0,    0,    0,  -10,    0,    0,    0,    0,    0,    0,    0,    0,    0,    0,    0,    0,    0,    0,    0,    0,    0,    0,    0,    0,    0,    0,    0,    0,    0,    0,    0,    0,    0,
       0,    0,    0,    0,    0,    0,    0,    0,    0,    0,    0,    0,    0,    0,    0,    0,    0,    0,    0,    0,    0,    0,    0,    0,    0,    0,    0,    0,    0,    0,    0,    0,    0,    0,    0,    0,    0,    0,    0,    0,    0,    0,    0,    0,    0,    0,    0,    0,    0,    0,    0,    0,    0,    0,    0,    0,    0,    0,    0,    0,    0,    0,    0,    0,    0,    0,    0,    0,    0,    0,    0,    0,    0,    0,    0,    0,    0,    0,    0,    0,    0,    0,    0,    0,    0,    0,    0,    0,    0,    0,    0,    0,    0,    0,    0,    0,    0,    0,    0,    0,    0,    0,    0,    0,    0,    0,    0,    0,    0,    0,    0,    0,    0,    0,    0,    0,    0,   -3,   -8,   -3,    0,    0,   -3,    0,  -11,   -2,    0,    0,    0,   -3,    0,    0,    0,    0,    0,    0,    0,    0,    0,    0,    0,    0,    0,    0,    0,    0,    0,    0,    0,    0,    0,    0,
       0,    0,    0,    0,    0,    0,    0,    0,    0,    0,    0,    0,    0,    0,    0,    0,    0,    0,    0,    0,    0,    0,    0,    0,    0,    0,    0,    0,    0,    0,    0,    0,    0,    0,    0,    0,    0,    0,    0,    0,    0,    0,    0,    0,    0,    0,    0,    0,    0,    0,    0,    0,    0,    0,    0,    0,    0,    0,    0,    0,    0,    0,    0,    0,    0,    0,    0,    0,    0,    0,    0,    0,    0,    0,    0,    0,    0,    0,    0,    0,    0,    0,    0,    0,    0,    0,    0,    0,    0,    0,    0,    0,    0,    0,    0,    0,    0,    0,    0,    0,    0,    0,    0,    0,    0,    0,    0,    0,   -5,  -10,    0,   -8,    0,    0,    0,    0,   -8,    0,    0,    0,  -10,    0,  -13,    0,    0,  -10,    0,    0,    0,    0,    0,    0,    0,    0,    0,    0,    0,    0,    0,    0,    0,    0,    0,    0,    0,    0,    0,    0,    0,    0,    0,    0,
       0,    0,    0,    0,    0,    0,    0,    0,    0,    0,    0,    0,    0,    0,    0,    0,    0,    0,    0,    0,    0,    0,    0,    0,    0,    0,    0,    0,    0,    0,    0,    0,    0,    0,    0,    0,    0,    0,    0,    0,    0,    0,    0,    0,    0,    0,    0,    0,    0,    0,    0,    0,    0,    0,    0,    0,    0,    0,    0,    0,    0,    0,    0,    0,    0,    0,    0,    0,    0,    0,    0,    0,    0,    0,    0,    0,    0,    0,    0,    0,    0,    0,    0,    0,    0,    0,    0,    0,    0,    0,    0,    0,    0,    0,    0,    0,    0,    0,    0,    0,    0,    0,    0,    0,    0,    0,    0,    0,    0,  -16,    0,    0,    0,    0,    0,   -8,    0,   -6,   -8,    0,    0,   -3,   -4,    0,  -12,   -4,    0,    0,   -8,    0,   -9,    0,    0,    0,    0,    0,    0,    0,    0,    0,    0,    0,    0,    0,    0,    0,    0,    0,    0,    0,    0,    0,
       0,    0,    0,    0,    0,    0,    0,    0,    0,    0,    0,    0,    0,    0,    0,    0,    0,    0,    0,    0,    0,    0,    0,    0,    0,    0,    0,    0,    0,    0,    0,    0,    0,    0,    0,    0,    0,    0,    0,    0,    0,    0,    0,    0,    0,    0,    0,    0,    0,    0,    0,    0,    0,    0,    0,    0,    0,    0,    0,    0,    0,    0,    0,    0,    0,    0,    0,    0,    0,    0,    0,    0,    0,    0,    0,    0,    0,    0,    0,    0,    0,    0,    0,    0,    0,    0,    0,    0,    0,    0,    0,    0,    0,    0,    0,    0,    0,    0,    0,    0,    0,    0,    0,    0,    0,    0,    0,    0,    0,  -10,    0,    0,    0,    0,    0,   -2,    0,    0,  -10,    0,   -3,    0,   -4,    0,    0,   -3,    0,    0,   -3,    0,    0,    0,    0,    0,    0,    0,    0,    0,    0,    0,    0,    0,    0,    0,    0,    0,    0,    0,    0,    0,    0,    0,
       0,    0,    0,    0,    0,    0,    0,    0,    0,    0,    0,    0,    0,    0,    0,    0,    0,    0,    0,    0,    0,    0,    0,    0,    0,    0,    0,    0,    0,    0,    0,    0,    0,    0,    0,    0,    0,    0,    0,    0,    0,    0,    0,    0,    0,    0,    0,    0,    0,    0,    0,    0,    0,    0,    0,    0,    0,    0,    0,    0,    0,    0,    0,    0,    0,    0,    0,    0,    0,    0,    0,    0,    0,    0,    0,    0,    0,    0,    0,    0,    0,    0,    0,    0,    0,    0,    0,    0,    0,    0,    0,    0,    0,    0,    0,    0,    0,    0,    0,    0,    0,    0,    0,    0,    0,    0,    0,    0,    0,    0,    0,  -18,    0,  -20,    0,    0,   -6,    0,   -8,   -2,    0,  -14,  -16,  -16,    0,  -10,    0,    0,    0,   -8,    0,    0,    0,    0,    0,    0,    0,    0,    0,    0,    0,    0,    0,    0,    0,    0,    0,    0,    0,    0,    0,    0,
       0,    0,    0,    0,    0,    0,    0,    0,    0,    0,    0,    0,    0,    0,    0,    0,    0,    0,    0,    0,    0,    0,    0,    0,    0,    0,    0,    0,    0,    0,    0,    0,    0,    0,    0,    0,    0,    0,    0,    0,    0,    0,    0,    0,    0,    0,    0,    0,    0,    0,    0,    0,    0,    0,    0,    0,    0,    0,    0,    0,    0,    0,    0,    0,    0,    0,    0,    0,    0,    0,    0,    0,    0,    0,    0,    0,   25,    0,    0,    0,    0,    0,    0,   38,   25,    0,    0,    0,    0,    0,    0,    0,    0,   29,   38,    0,    0,    0,    0,    0,    0,    0,    0,    0,    0,    0,    0,    0,    0,    0,    0,    0,    0,    0,    0,    0,    0,    0,    0,    0,    0,    0,    0,    0,    0,    0,    0,    0,    0,    0,    0,    0,    0,    0,    0,    0,    0,    0,    0,    0,    0,    0,    0,    0,    0,    0,    0,    0,    0,    0,    0,    0,
       0,    0,    0,    0,    0,    0,    0,    0,    0,    0,  -13,    0,  -13,    0,    0,    0,    0,    0,    0,    0,    0,    0,    0,    0,    0,    0,    0,    0,    0,    0,    0,    0,    0,    0,    0,    0,    0,    0,    0,    0,    0,    0,    0,    0,    0,    0,    0,    0,    0,    0,    0,    0,    0,    0,    0,    0,    0,    0,    0,    0,    0,    0,    0,    0,    0,    0,    0,    0,    0,    0,    0,    0,    0,    0,    0,    0,    0,    0,    0,    0,    0,    0,    0,    0,    0,    0,    0,    0,    0,    0,    0,    0,    0,   16,    0,    0,    0,    0,    0,    0,    0,    0,    0,    0,    0,    0,    0,    0,    0,    0,    0,    0,    0,    0,    0,    0,    0,    0,    0,    0,    0,    0,    0,    0,    0,    0,    0,    0,    0,    0,    0,    0,    0,    0,    0,    0,    0,    0,  -13,    0,    0,    0,    0,    0,    0,    0,    0,    0,    0,    0,    0,    0,
       0,    0,    0,    0,    0,  -25,    0,    0,    0,  -30,  -31,  -30,  -31,    0,    0,    0,    0,    0,  -27,    0,    0,    0,    0,  -25,  -41,  -38,    0,  -15,  -30,    0,  -15,  -13,    6,    0,    0,    0,    0,    0,    0,    0,    0,  -32,  -35,    0,  -10,    0,  -16,  -27,    0,  -16,    0,    0,    0,    0,  -30,    0,  -36,  -50,   -3,    0,    0,  -16,    0,  -50,    0,  -25,    0,    0,    0,  -34,  -60,  -52,  -35,  -10,  -23,  -10,    0,  -35,  -16,    0,  -57,    0,    0,    0,    0,    0,  -58,    6,    6,    6,  -16,    0,  -10,   34,    0,    0,    0,    0,    0,  -15,    0,    6,    0,    0,    0,  -20,    0,  -27,    0,    0,    0,    0,    0,    0,    0,    0,    0,    0,    0,    0,    0,    0,    0,    0,    0,    0,    0,    0,    0,    0,    0,    0,    0,    0,  -43,    0,    0,  -16,  -31,    0,    0,    0,    0,    0,    0,    0,  -62,  -72,    0,    0,    0,  -13,
       0,    0,    0,    0,    0,  -25,    0,    0,    0,    0,  -37,    0,  -37,  -38,    0,    0,    0,    0,  -25,    0,    0,    0,    0,    0,    0,    0,    0,    0,  -38,    0,    0,  -59,    0,    0,    0,    0,    0,    0,    0,    0,    0,    0,  -16,    0,    0,    0,    0,   -7,    0,    0,    0,    0,    0,    0,    0,    0,    0,    0,    0,    0,    0,    0,    0,    0,    0,    0,  -25,    0,    0,    0,    0,    0,  -16,    0,    0,    0,    0,  -16,    0,    0,    0,    0,    0,    0,    0,    0,  -16,    0,    0,    0,    0,    0,    0,    0,    0,  -25,  -45,    0,    0,    0,    0,    0,  -57,  -34,    0,    0,    0,   -7,    0,    0,    0,    0,    0,    0,    0,    0,    0,    0,    0,    0,    0,    0,    0,    0,    0,    0,    0,    0,    0,    0,    0,    0,    0,    0,  -29,    0,    0,    0,  -37,    0,    0,    0,    0,    0,    0,    0,    0,    0,    0,    0,    0,    0,
       0,    0,    0,  -50,    0,  -27,    0,    0,    0,  -24,  -44,  -24,  -44,  -57,  -18,    0,    0,    0,  -38,    0,  -25,  -16,    0,  -23,  -38,  -23,    0,  -23,  -55,    0,  -23,  -50,    0,    0,    0,    0,    0,    0,    0,    0,  -16,  -23,  -25,    0,    0,    0,   -9,  -30,    5,  -16,    5,    0,    0,    0,  -42,    0,  -34,  -24,    0,    0,    0,  -34,   -4,  -24,    0,    0,  -27,    0,    0,    0,  -23,  -23,  -25,    0,    0,    0,    0,  -25,  -16,    5,  -23,    0,    0,    0,    0,    0,  -25,    0,    0,    0,  -16,    0,    0,    0,    0,  -20,  -36,    0,    0,  -23,    0,    0,  -48,  -25,    5,    0,    5,  -43,    0,    0,    0,    0,    0,    0,    0,    0,    0,    0,    0,    0,    0,    0,    0,    0,    0,    0,    0,    0,    0,    0,    0,    0,    0,    0,    0,    0,    0,    0,  -44,    0,    0,    0,    0,    0,    0,    0,    0,    0,    0,    0,    0,    0,
       0,    0,    0,    0,    0,    0,    0,    0,    0,    0,    0,    0,    0,    0,    0,  -27,    0,    0,    0,    0,    0,    0,    0,    0,    0,    0,    0,  -15,    0,    0,  -15,    0,  -38,    0,  -36,  -25,    0,  -43,    0,    0,    0,  -13,    0,    0,    0,    0,    0,    0,    0,    0,  -20,    0,    0,    0,    0,    0,    0,    0,    0,    0,    0,    0,    0,    0,    0,    0,    0,    0,    0,    0,  -13,  -13,    0,    0,    0,    0,    0,    0,    0,  -20,  -13,    0,    0,    0,    0,    0,    0,  -38,  -38,  -38,    0,    0,    0,    0,    0,   20,   20,    0,    0,  -15,  -25,  -59,   25,   25,  -20,    0,    0,    0,    0,    0,    0,    0,    0,    0,    0,    0,    0,    0,    0,    0,    0,    0,    0,    0,    0,    0,    0,    0,    0,    0,    0,  -43,  -50,  -38,    0,    0,    0,    0,    0,  -38,    0,    0,    0,    0,    0,    0,    0,    0,    0,    0,    0,    0,
       0,    0,    0,    0,    0,    0,    0,    0,    0,    0,    0,    0,    0,    0,    0,    0,    0,    0,    0,    0,    0,    0,    0,    0,    0,    0,    0,    0,  -13,    0,    0,    0,  -13,    0,  -16,    0,  -18,  -18,    0,    0,    0,    0,    0,    0,    0,    0,    0,    0,    0,    0,    0,    0,    0,    0,    0,    0,    0,    0,    0,    0,    0,    0,    0,    0,    0,    0,    0,    0,    0,    0,    0,    0,    0,    0,    0,    0,    0,    0,    0,    0,    0,    0,    0,    0,    0,    0,    0,  -13,  -13,  -13,    0,    0,    0,    0,    0,    0,    0,  -18,    0,    0,    0,  -43,    0,    0,    0,    0,    0,    0,    0,    0,    0,    0,    0,    0,    0,    0,    0,    0,    0,    0,    0,    0,    0,    0,    0,    0,    0,    0,    0,    0,    0,  -18,    0,    0,    0,    0,    0,    0,    0,    0,    0,    0,    0,    0,    0,    0,    0,    0,    0,    0,  -13,    0,
      -4,   -2,  -35,    0,    0,    0,    0,    0,    0,    0,    0,    0,    0,    0,  -11,  -35,    0,  -10,    0,   -5,   -7,  -10,   -4,    0,    0,    0,  -35,  -18,    0,    0,  -18,    0,  -13,    0,    0,    0,    0,  -18,    0,    0,    0,    0,    0,    0,    0,    0,    0,    0,    0,    0,    0,    0,    0,    0,    0,    0,    0,    0,    0,    0,    0,    0,  -20,    0,    0,    0,    0,    0,    0,    0,    0,    0,    0,    0,    0,    0,    0,    0,    0,    0,    0,    0,    0,    0,    0,    0,    0,  -13,  -13,  -13,    0,    0,    0,    0,    0,    0,    0,    0,  -10,  -18,    0,  -13,    0,    0,    0,  -13,    0,    0,    0,    0,    0,    0,    0,    0,    0,    0,    0,    0,    0,    0,    0,    0,    0,    0,    0,    0,    0,    0,    0,    0,    0,  -31,    0,  -28,    0,  -54,  -73,    0,    0,  -28,    0,    0,    0,    0,    0,    0,    0,    0,    0,    0,    0,    0,
       0,    0,    0,    0,    0,    0,    0,    0,    0,    0,    0,    0,    0,    0,    0,    0,    0,    0,    0,    0,    0,    0,    0,    0,    0,    0,    0,    0,    0,    0,    0,    0,    0,    0,    0,    0,    0,    0,    0,    0,    0,    0,    0,    0,    0,    0,    0,    0,    0,    0,    0,    0,    0,    0,    0,    0,    0,    0,    0,    0,    0,    0,    0,    0,    0,    0,    0,    0,    0,    0,    0,    0,    0,    0,    0,    0,    0,    0,    0,    0,    0,    0,    0,    0,    0,    0,    0,    0,    0,    0,    0,    0,    0,    0,    0,    0,    0,    0,    0,    0,    0,    0,    0,    0,    0,    0,    0,    0,    0,    0,    0,    0,    0,    0,    0,    0,    0,    0,    0,    0,    0,    0,    0,    0,    0,    0,    0,    0,    0,    0,    0,    0,    0,    0,    0,    0,    0,    0,    0,    0,    0,    0,    0,    0,    9,    0,    0,    0,    0,    0,    0,    0,
       0,    0,    0,    0,    0,    0,    0,    0,    0,    0,    0,    0,    0,    0,    0,    0,    0,    0,    0,    0,    0,    0,    0,    0,    0,    0,    0,    0,    0,    0,    0,    0,    0,    0,    0,    0,    0,    0,    0,    0,    0,    0,    0,    0,    0,    0,    0,    0,    0,    0,    0,    0,    0,    0,    0,    0,    0,    0,    0,    0,    0,    0,    0,    0,   -3,    0,    0,    0,    0,    0,    0,    0,    0,    0,    0,    0,    0,    0,    0,    0,    0,    0,    0,    0,    0,    0,    0,    0,    0,    0,    0,    0,    0,    0,    0,    0,    0,    0,    0,    0,    0,    0,    0,    0,    0,    0,    0,    0,    0,    0,    0,    0,    0,    0,    0,    0,    0,    0,    0,    0,    0,    0,    0,    0,    0,    0,    0,    0,    0,    0,    0,    0,    0,    0,    0,    0,    0,    0,    0,    0,    0,    0,   -6,    0,    0,    0,    0,    0,    0,    0,    0,    0,
       0,    0,    0,    0,    0,    0,    0,    0,    0,    0,    0,    0,    0,    0,    0,    0,    0,    0,    0,    0,    0,    0,    0,    0,    0,    0,    0,    0,    0,    0,    0,    0,    0,    0,    0,    0,    0,    0,    0,    0,    0,    0,    0,    0,    0,    0,    0,    0,    0,    0,    0,    0,    0,    0,    0,    0,    0,    0,    0,    0,    0,    0,    0,    0,    0,    0,    0,    0,    0,    0,    0,    0,    0,    0,    0,    0,    0,    0,    0,    0,    0,    0,    0,    0,    0,    0,    0,    0,    0,    0,    0,    0,    0,    0,    0,    0,    0,    0,    0,    0,    0,    0,    0,    0,    0,    0,    0,    0,    0,    0,    0,    0,    0,    0,    0,    0,    0,    0,    0,    0,    0,    0,    0,    0,    0,    0,    0,    0,    0,    0,    0,    0,    0,    0,    0,    0,    0,    0,    0,    0,    0,  -21,    5,   -3,    0,  -13,    0,    0,    0,    0,    0,    0,
       0,    0,    0,    0,    0,    0,    0,    0,    0,    0,    0,    0,    0,    0,    0,    0,    0,    0,    0,    0,    0,    0,    0,    0,    0,    0,    0,    0,    0,    0,    0,    0,    0,    0,    0,    0,    0,    0,    0,    0,    0,    0,    0,    0,    0,    0,    0,    0,    0,    0,    0,    0,    0,    0,    0,    0,    0,    0,    0,    0,   -8,    0,    0,    0,    0,    0,    0,    0,    0,    0,    0,    0,    0,    0,    0,    0,    0,    0,    0,    0,    0,    0,    0,    0,    0,    0,    0,    0,    0,    0,    0,    0,    0,    0,    0,    0,    0,    0,    0,    0,    0,    0,    0,    0,    0,    0,    0,    0,    0,    0,    0,    0,    0,    0,    0,    0,    0,    0,    0,    0,    0,    0,    0,    0,    0,    0,    0,    0,    0,    0,    0,    0,    0,    0,    0,    0,    0,    0,    0,    0,    0,    0,   -6,    0,    0,    0,    0,    0,    0,    0,    0,    0,
       0,    0,    0,    0,    0,    0,    0,    0,    0,    0,    0,    0,    0,    0,    0,    0,    0,    0,    0,    0,    0,    0,    0,    0,    0,    0,    0,    0,    0,    0,    0,    0,    0,    0,    0,    0,    0,    0,    0,    0,    0,    0,    0,    0,    0,    0,    0,    0,    0,    0,    0,    0,    0,    0,    0,    0,    0,    0,    0,    0,    0,    0,    0,    0,    0,    0,    0,    0,    0,    0,    0,    0,    0,    0,    0,    0,    0,    0,    0,    0,    0,    0,    0,    0,    0,    0,    0,    0,    0,    0,    0,    0,    0,    0,    0,    0,    0,    0,    0,    0,    0,    0,    0,    0,    0,    0,    0,    0,    0,    0,    0,    0,    0,    0,    0,    0,    0,    0,    0,    0,    0,    0,    0,    0,    0,    0,    0,    0,    0,    0,    0,    0,    0,    0,    0,    0,    0,    0,    0,    0,    0,    0,    0,    0,    0,    2,    0,    0,    0,    0,    0,    0,
       0,    0,    0,    0,    0,    0,    0,    0,    0,    0,    0,    0,    0,    0,    0,  -30,    0,    0,    0,    0,    0,    0,    0,    0,    0,    0,    0,  -16,    0,    0,  -16,    0,  -41,    0,  -51,  -35,    0,  -62,    0,    0,    0,    0,    0,    0,    0,    0,    0,    0,    0,    0,  -17,    0,    0,    0,    0,    0,    0,    0,    0,    0,    0,    0,    0,    0,    0,    0,    0,    0,    0,    0,    0,    0,    0,    0,    0,    0,    0,    0,    0,  -17,    0,    0,    0,    0,    0,    0,    0,  -41,  -41,  -65,    0,    0,    0,    0,    0,    0,    0,    0,    0,  -16,  -13,  -52,    0,    0,    0,    0,    0,    0,    0,    0,    0,    0,    0,    0,    0,    0,    0,    0,    0,    0,    0,    0,    0,    0,    0,    0,    0,    0,    0,    0,    0,  -62,    0,    0,    0,    0,    0,    0,    0,    0,    0,    0,    0,    0,    0,    0,    0,  -10,   -6,    0,    0,    0,
       0,    0,    0,    0,    0,    0,    0,    0,    0,    0,    0,    0,    0,    0,    0,    0,    0,    0,    0,    0,    0,    0,    0,    0,    0,    0,    0,    0,    0,    0,    0,    0,    0,    0,    0,    0,    0,    0,    0,    0,    0,    0,    0,    0,    0,    0,    0,    0,    0,    0,    0,    0,    0,    0,    0,    0,    0,    0,    0,    0,    0,    0,    0,    0,    0,    0,    0,    0,    0,    0,    0,    0,    0,    0,    0,    0,    0,    0,    0,    0,    0,    0,    0,    0,    0,    0,    0,    0,    0,    0,    0,    0,    0,    0,    0,    0,    0,    0,    0,    0,    0,    0,    0,    0,    0,    0,    0,    0,    0,    0,    0,    0,    0,    0,    0,    0,    0,    0,    0,    0,    0,    0,    0,    0,    0,    0,    0,    0,    0,    0,    0,    0,    0,    0,    0,    0,    0,    0,    0,    0,    0,    0,    0,    0,    0,    0,   -6,    0,    0,    0,    0,    0,
       0,    0,    0,    0,    0,    0,    0,    0,    0,    0,    0,    0,    0,    0,    0,    0,    0,    0,    0,    0,    0,    0,    0,    0,    0,    0,    0,    0,    0,    0,    0,    0,    0,    0,    0,    0,    0,    0,    0,    0,    0,    0,    0,    0,    0,    0,    0,    0,    0,    0,    0,    0,    0,    0,    0,    0,    0,    0,    0,    0,    0,    0,    0,    0,    0,    0,    0,    0,    0,    0,    0,    0,    0,    0,    0,    0,    0,    0,    0,    0,    0,    0,    0,    0,    0,    0,    0,    0,    0,    0,    0,    0,    0,    0,    0,    0,    0,    0,    0,    0,    0,    0,    0,    0,    0,    0,    0,    0,    0,    0,    0,    0,    0,    0,    0,    0,    0,    0,    0,    0,    0,    0,    0,    0,    0,    0,    0,    0,    0,    0,    0,    0,    0,    0,    0,    0,    0,    0,    0,    0,    0,    0,    0,    0,    0,    0,    0,  -19,    0,    0,    0,    0,
       0,    0,    0,    0,    0,    0,    0,    0,    0,    0,    0,    0,    0,    0,    0,    0,    0,    0,    0,    0,    0,    0,    0,    0,    0,    0,    0,    0,    0,    0,    0,    0,    0,    0,    0,    0,    0,    0,    0,    0,    0,    0,    0,    0,    0,    0,    0,    0,    0,    0,    0,    0,    0,    0,    0,    0,    0,    0,    0,    0,    0,    0,    0,    0,    0,    0,    0,    0,    0,    0,    0,    0,    0,    0,    0,    0,    0,    0,    0,    0,    0,    0,    0,    0,    0,    0,    0,    0,    0,    0,    0,    0,    0,   16,    0,    0,    0,    0,    0,    0,    0,    0,    0,    0,    0,    0,    0,    0,    0,    0,    0,    0,    0,    0,    0,    0,    0,    0,    0,    0,    0,    0,    0,    0,    0,    0,    0,    0,    0,    0,    0,    0,    0,    0,    0,    0,    0,    0,    0,    0,    0,    0,    0,    0,    0,    0,    0,    0,    0,    0,    0,    0,
       0,    0,    0,    0,    0,    0,    0,    0,    0,    0,  -27,    0,  -27,  -16,    0,    0,    0,    0,    0,    0,    0,    0,    0,    0,    0,    0,    0,    0,    0,    0,    0,    0,    0,    0,    0,    0,    0,    0,    0,    0,  -20,    0,    0,    0,    0,    0,    0,    0,    0,    0,    0,    0,    0,    0,    0,    0,    0,    0,    0,    0,    0,    0,    0,    0,    0,    0,    0,    0,    0,    0,    0,    0,    0,    0,    0,    0,    0,    0,    0,    0,    0,    0,    0,    0,    0,    0,    0,    0,    0,    0,    0,    0,    0,    0,    0,    0,    0,    0,    0,    0,    0,    0,    0,    0,    0,    0,    0,    0,    0,    0,    0,    0,    0,    0,    0,    0,    0,    0,    0,    0,    0,    0,    0,    0,    0,    0,    0,    0,    0,    0,    0,    0,    0,    0,    0,    0,    0,    0,  -27,    0,    0,    0,    0,    0,    0,    0,    0,    0,    0,    0,    0,    0,
};

static const EpdFontData inksans_12_regular = {
    inksans_12_regularBitmaps,
    inksans_12_regularGlyphs,
    inksans_12_regularIntervals,
    62,
    30,
    25,
    -7,
    true,
    inksans_12_regularGroups,
    13,
    nullptr,
    inksans_12_regularKernLeftClasses,
    inksans_12_regularKernRightClasses,
    inksans_12_regularKernMatrix,
    765,
    771,
    151,
    152,
    nullptr,
    0,
};
