/**
 * generated by fontconvert.py
 * name: ui_12_semibold
 * size: 12
 * mode: 1-bit
 * Generated by scripts/build_ui_fonts.py
 */
#pragma once
#include "EpdFontData.h"

static const uint8_t ui_12_semiboldBitmaps[23230] = {
    0xEE, 0xEE, 0xEE, 0xEE, 0xEE, 0xEE, 0x00, 0x6F, 0xF6, 0xE7, 0xE7, 0xE7, 0xE7, 0xE7, 0xE7, 0xE7,
    0x07, 0x1C, 0x06, 0x1C, 0x06, 0x1C, 0x0E, 0x1C, 0x3F, 0xFF, 0x7F, 0xFF, 0x3F, 0xFE, 0x0C, 0x38,
    0x0C, 0x38, 0x1C, 0x38, 0x7F, 0xFE, 0xFF, 0xFE, 0xFF, 0xFE, 0x18, 0x70, 0x18, 0x70, 0x38, 0x70,
    0x38, 0x60, 0x38, 0xE0, 0x01, 0x00, 0x02, 0x00, 0x04, 0x00, 0x08, 0x00, 0xFE, 0x03, 0xFE, 0x0F,
    0xFE, 0x3C, 0x9E, 0x71, 0x1C, 0xE2, 0x01, 0xE4, 0x01, 0xF8, 0x01, 0xFE, 0x01, 0xFF, 0x00, 0x7F,
    0x00, 0x9E, 0x61, 0x1D, 0xE2, 0x39, 0xE4, 0xF3, 0xFF, 0xE3, 0xFF, 0x81, 0xFC, 0x00, 0x40, 0x00,
    0x80, 0x01, 0x00, 0x3C, 0x01, 0x83, 0xF0, 0x1C, 0x3F, 0xC1, 0xC1, 0x86, 0x0C, 0x0C, 0x30, 0xE0,
    0x7F, 0x8E, 0x01, 0xF8, 0x60, 0x07, 0x87, 0x00, 0x00, 0x70, 0x00, 0x07, 0x1F, 0x00, 0x39, 0xFC,
    0x03, 0x8E, 0xE0, 0x38, 0x63, 0x01, 0xC3, 0x18, 0x1C, 0x18, 0xC1, 0xC0, 0xFE, 0x1E, 0x07, 0xF0,
    0xE0, 0x1F, 0x00, 0x1F, 0x80, 0x3F, 0xC0, 0x7F, 0xE0, 0x70, 0xE0, 0x70, 0xE0, 0x71, 0xE0, 0x7B,
    0xC0, 0x3F, 0x80, 0x1F, 0x00, 0x3F, 0x1C, 0x7F, 0x9C, 0xF7, 0xDC, 0xE3, 0xFC, 0xE1, 0xF8, 0xF0,
    0xF8, 0x7F, 0xF8, 0x7F, 0xFC, 0x1F, 0x9E, 0xEE, 0xEE, 0xEE, 0xE0, 0x1C, 0x78, 0xE3, 0xC7, 0x8E,
    0x1C, 0x78, 0xF1, 0xE3, 0x87, 0x0E, 0x1C, 0x3C, 0x78, 0xF0, 0xE1, 0xC3, 0xC3, 0x87, 0x87, 0x00,
    0xE0, 0xE1, 0xC3, 0xC3, 0x87, 0x0F, 0x1E, 0x1C, 0x38, 0x70, 0xE1, 0xC3, 0x87, 0x0E, 0x3C, 0x78,
    0xE3, 0xC7, 0x0E, 0x38, 0x00, 0x0C, 0x03, 0x0E, 0xDF, 0xFF, 0x3F, 0x0F, 0xCF, 0xFF, 0xB7, 0x0C,
    0x03, 0x00, 0x07, 0x00, 0x38, 0x01, 0xC0, 0x0E, 0x00, 0x70, 0x7F, 0xFF, 0xFF, 0xEF, 0xFE, 0x07,
    0x00, 0x38, 0x01, 0xC0, 0x0E, 0x00, 0x70, 0x00, 0x7B, 0xDC, 0xE7, 0x33, 0x80, 0xFF, 0xFF, 0xFF,
    0x6F, 0xF6, 0x03, 0x80, 0xE0, 0x78, 0x1C, 0x07, 0x01, 0xC0, 0xE0, 0x38, 0x0E, 0x03, 0x81, 0xC0,
    0x70, 0x1C, 0x07, 0x03, 0x80, 0xE0, 0x38, 0x1E, 0x07, 0x01, 0xC0, 0x70, 0x38, 0x00, 0x0F, 0xC0,
    0x7F, 0x83, 0xFF, 0x1E, 0x1E, 0x70, 0x3B, 0xC0, 0xFF, 0x03, 0xF8, 0x07, 0xE0, 0x1F, 0x80, 0x7E,
    0x01, 0xFC, 0x0F, 0xF0, 0x3D, 0xC0, 0xE7, 0x87, 0x8F, 0xFC, 0x1F, 0xE0, 0x3F, 0x00, 0x0F, 0x1F,
    0x9F, 0xDE, 0xEE, 0x70, 0x38, 0x1C, 0x0E, 0x07, 0x03, 0x81, 0xC0, 0xE0, 0x70, 0x38, 0x1C, 0x0E,
    0x07, 0x03, 0x80, 0x1F, 0x81, 0xFF, 0x1F, 0xFD, 0xE1, 0xEF, 0x07, 0x70, 0x38, 0x01, 0xC0, 0x1E,
    0x01, 0xE0, 0x1E, 0x01, 0xF0, 0x1F, 0x01, 0xF0, 0x1F, 0x01, 0xF0, 0x1F, 0xFE, 0xFF, 0xF7, 0xFF,
    0x80, 0x1F, 0xC0, 0xFF, 0xC7, 0xFF, 0x3C, 0x1E, 0xE0, 0x38, 0x01, 0xE0, 0x0F, 0x81, 0xF8, 0x07,
    0xE0, 0x1F, 0xC0, 0x07, 0x80, 0x0E, 0x00, 0x3B, 0x80, 0xEF, 0x07, 0x9F, 0xFC, 0x3F, 0xE0, 0x7F,
    0x00, 0x00, 0xF0, 0x03, 0xE0, 0x0F, 0xC0, 0x1F, 0x80, 0x7F, 0x00, 0xEE, 0x03, 0x9C, 0x0F, 0x38,
    0x1C, 0x70, 0x70, 0xE1, 0xE1, 0xC3, 0x83, 0x8F, 0xFF, 0xFF, 0xFF, 0xDF, 0xFF, 0x00, 0x38, 0x00,
    0x70, 0x00, 0xE0, 0x7F, 0xF3, 0xFF, 0x9F, 0xFC, 0xE0, 0x07, 0x00, 0x39, 0xC3, 0xFF, 0x9F, 0xFE,
    0xF8, 0xF0, 0x03, 0xC0, 0x1E, 0x00, 0x70, 0x03, 0xF0, 0x3F, 0xC3, 0xCF, 0xFE, 0x3F, 0xE0, 0xFC,
    0x00, 0x0F, 0xC0, 0x7F, 0xC3, 0xFF, 0x1E, 0x1E, 0x70, 0x03, 0xCE, 0x0E, 0xFE, 0x3F, 0xFC, 0xF8,
    0xFB, 0xC1, 0xEF, 0x03, 0xBC, 0x0E, 0xF0, 0x3B, 0xC1, 0xE7, 0x87, 0x9F, 0xFC, 0x3F, 0xE0, 0x3F,
    0x00, 0xFF, 0xFF, 0xFF, 0xFF, 0xF0, 0x0F, 0x00, 0xE0, 0x1E, 0x01, 0xC0, 0x3C, 0x03, 0x80, 0x78,
    0x07, 0x00, 0xF0, 0x0E, 0x01, 0xE0, 0x1C, 0x03, 0xC0, 0x38, 0x07, 0x80, 0x0F, 0xC0, 0xFF, 0xC7,
    0xFF, 0x9E, 0x1E, 0x70, 0x39, 0xC1, 0xE7, 0x87, 0x0F, 0xF8, 0x1F, 0xE1, 0xFF, 0xC7, 0x07, 0xBC,
    0x0E, 0xE0, 0x3B, 0xC0, 0xEF, 0x07, 0x9F, 0xFC, 0x3F, 0xF0, 0x7F, 0x00, 0x1F, 0x80, 0xFF, 0x87,
    0xFF, 0x3C, 0x1C, 0xF0, 0x7B, 0x80, 0xEE, 0x03, 0xBC, 0x1E, 0xF8, 0xF9, 0xFF, 0xE3, 0xFB, 0x83,
    0x8E, 0x00, 0x3B, 0xC1, 0xEF, 0x0F, 0x1F, 0xF8, 0x3F, 0xE0, 0x7E, 0x00, 0x6F, 0xF6, 0x00, 0x00,
    0x06, 0xFF, 0x60, 0x33, 0xDE, 0x60, 0x00, 0x00, 0x00, 0x00, 0xF7, 0x39, 0xDC, 0xE7, 0x00, 0x00,
    0x00, 0x03, 0x00, 0xF0, 0x3F, 0x0F, 0xE3, 0xF8, 0xFC, 0x0F, 0x00, 0xF8, 0x07, 0xF0, 0x1F, 0xC0,
    0x7F, 0x01, 0xF0, 0x07, 0x00, 0x10, 0xFF, 0xFF, 0xFF, 0xFF, 0xF0, 0x00, 0x00, 0x00, 0x00, 0xFF,
    0xFF, 0xFF, 0xFF, 0xF0, 0x00, 0x0C, 0x00, 0xF0, 0x0F, 0xC0, 0x7F, 0x01, 0xFC, 0x03, 0xF0, 0x0F,
    0x01, 0xF0, 0xFE, 0x3F, 0x8F, 0xE0, 0xF8, 0x0E, 0x00, 0x80, 0x00, 0x1F, 0x87, 0xFC, 0xFF, 0xEF,
    0x1E, 0xE0, 0xE0, 0x0E, 0x01, 0xE0, 0x3C, 0x07, 0x80, 0xF0, 0x0E, 0x00, 0xE0, 0x00, 0x00, 0x00,
    0x0C, 0x01, 0xE0, 0x1E, 0x00, 0xC0, 0x01, 0xFF, 0x00, 0x07, 0xFF, 0xC0, 0x0F, 0xFF, 0xF0, 0x1F,
    0x00, 0xF8, 0x3C, 0x00, 0x7C, 0x78, 0x7B, 0x3C, 0x71, 0xFF, 0x1E, 0xF1, 0xFF, 0x1E, 0xF3, 0x87,
    0x0E, 0xF3, 0x03, 0x0E, 0xE3, 0x03, 0x0E, 0xE3, 0x03, 0x0E, 0xE3, 0x03, 0x0E, 0xE3, 0x03, 0x0E,
    0xF3, 0x87, 0x1E, 0xF1, 0xFF, 0xFC, 0x71, 0xFD, 0xFC, 0x78, 0xF8, 0xF0, 0x3C, 0x00, 0x00, 0x3F,
    0x00, 0x00, 0x1F, 0xFF, 0x80, 0x07, 0xFF, 0x80, 0x01, 0xFF, 0x00, 0x03, 0xE0, 0x00, 0xFC, 0x00,
    0x3F, 0x00, 0x1F, 0xC0, 0x07, 0x78, 0x01, 0xCE, 0x00, 0xF3, 0xC0, 0x3C, 0xF0, 0x0E, 0x1C, 0x07,
    0x87, 0x81, 0xE1, 0xE0, 0x7F, 0xF8, 0x3F, 0xFF, 0x0F, 0xFF, 0xC7, 0x80, 0x79, 0xE0, 0x1E, 0x78,
    0x07, 0xBC, 0x00, 0xF0, 0xFF, 0xC3, 0xFF, 0xCF, 0xFF, 0xB8, 0x1E, 0xE0, 0x3B, 0x80, 0xEE, 0x07,
    0xBF, 0xFC, 0xFF, 0xE3, 0xFF, 0xCE, 0x0F, 0xB8, 0x1E, 0xE0, 0x3B, 0x80, 0xEE, 0x07, 0xBF, 0xFE,
    0xFF, 0xF3, 0xFF, 0x00, 0x07, 0xF0, 0x1F, 0xF8, 0x3F, 0xFC, 0x7C, 0x1E, 0x78, 0x0F, 0xF0, 0x0F,
    0xF0, 0x00, 0xE0, 0x00, 0xE0, 0x00, 0xE0, 0x00, 0xE0, 0x00, 0xF0, 0x00, 0xF0, 0x0F, 0x78, 0x0F,
    0x7C, 0x1E, 0x3F, 0xFC, 0x1F, 0xF8, 0x07, 0xF0, 0xFF, 0xC1, 0xFF, 0xE3, 0xFF, 0xE7, 0x03, 0xEE,
    0x03, 0xDC, 0x03, 0xF8, 0x07, 0xF0, 0x07, 0xE0, 0x0F, 0xC0, 0x1F, 0x80, 0x3F, 0x00, 0xFE, 0x01,
    0xFC, 0x07, 0xB8, 0x1F, 0x7F, 0xFC, 0xFF, 0xF1, 0xFF, 0x80, 0xFF, 0xFF, 0xFF, 0xFF, 0xFE, 0x00,
    0xE0, 0x0E, 0x00, 0xE0, 0x0F, 0xFE, 0xFF, 0xEF, 0xFE, 0xE0, 0x0E, 0x00, 0xE0, 0x0E, 0x00, 0xE0,
    0x0F, 0xFF, 0xFF, 0xFF, 0xFF, 0xFF, 0xFF, 0xFF, 0xFF, 0xEE, 0x00, 0xE0, 0x0E, 0x00, 0xE0, 0x0E,
    0x00, 0xFF, 0xEF, 0xFE, 0xFF, 0xEE, 0x00, 0xE0, 0x0E, 0x00, 0xE0, 0x0E, 0x00, 0xE0, 0x0E, 0x00,
    0x07, 0xF0, 0x0F, 0xFE, 0x0F, 0xFF, 0x8F, 0x83, 0xC7, 0x80, 0xF7, 0x80, 0x3B, 0xC0, 0x01, 0xC0,
    0x00, 0xE0, 0x7F, 0x70, 0x3F, 0xB8, 0x1F, 0xDE, 0x00, 0xEF, 0x00, 0x73, 0xC0, 0x79, 0xF0, 0x78,
    0x7F, 0xFC, 0x1F, 0xF8, 0x03, 0xF8, 0x00, 0xE0, 0x0F, 0xC0, 0x1F, 0x80, 0x3F, 0x00, 0x7E, 0x00,
    0xFC, 0x01, 0xF8, 0x03, 0xFF, 0xFF, 0xFF, 0xFF, 0xFF, 0xFF, 0x80, 0x3F, 0x00, 0x7E, 0x00, 0xFC,
    0x01, 0xF8, 0x03, 0xF0, 0x07, 0xE0, 0x0F, 0xC0, 0x1C, 0xEE, 0xEE, 0xEE, 0xEE, 0xEE, 0xEE, 0xEE,
    0xEE, 0xEE, 0x00, 0x70, 0x07, 0x00, 0x70, 0x07, 0x00, 0x70, 0x07, 0x00, 0x70, 0x07, 0x00, 0x70,
    0x07, 0x00, 0x7E, 0x07, 0xE0, 0x7E, 0x07, 0xF0, 0xF7, 0xFE, 0x7F, 0xE1, 0xF8, 0xE0, 0x3E, 0xE0,
    0x7C, 0xE0, 0x78, 0xE0, 0xF0, 0xE1, 0xE0, 0xE3, 0xC0, 0xE7, 0x80, 0xEF, 0x00, 0xFF, 0x80, 0xFF,
    0x80, 0xFB, 0xC0, 0xF1, 0xE0, 0xF1, 0xE0, 0xE0, 0xF0, 0xE0, 0x78, 0xE0, 0x78, 0xE0, 0x3C, 0xE0,
    0x1E, 0xE0, 0x0E, 0x00, 0xE0, 0x0E, 0x00, 0xE0, 0x0E, 0x00, 0xE0, 0x0E, 0x00, 0xE0, 0x0E, 0x00,
    0xE0, 0x0E, 0x00, 0xE0, 0x0E, 0x00, 0xE0, 0x0F, 0xFF, 0xFF, 0xFF, 0xFF, 0xF8, 0x03, 0xEF, 0xC0,
    0x3E, 0xFC, 0x07, 0xEF, 0xC0, 0x7E, 0xFE, 0x0F, 0xEE, 0xE0, 0xEE, 0xEE, 0x0E, 0xEE, 0xF1, 0xEE,
    0xE7, 0x1C, 0xEE, 0x71, 0xCE, 0xE7, 0xBC, 0xEE, 0x3B, 0x8E, 0xE3, 0xB8, 0xEE, 0x3F, 0x8E, 0xE1,
    0xF0, 0xEE, 0x1F, 0x0E, 0xE0, 0xF0, 0xEE, 0x0E, 0x0E, 0xF0, 0x0E, 0xF8, 0x0E, 0xF8, 0x0E, 0xFC,
    0x0E, 0xFE, 0x0E, 0xEE, 0x0E, 0xEF, 0x0E, 0xE7, 0x8E, 0xE7, 0x8E, 0xE3, 0xCE, 0xE1, 0xCE, 0xE1,
    0xEE, 0xE0, 0xFE, 0xE0, 0x7E, 0xE0, 0x7E, 0xE0, 0x3E, 0xE0, 0x3E, 0xE0, 0x1E, 0x07, 0xF0, 0x0F,
    0xFE, 0x0F, 0xFF, 0x8F, 0x83, 0xE7, 0x80, 0xF7, 0x80, 0x3F, 0xC0, 0x1F, 0xC0, 0x07, 0xE0, 0x03,
    0xF0, 0x01, 0xF8, 0x00, 0xFE, 0x00, 0xFF, 0x00, 0x7B, 0xC0, 0x79, 0xF0, 0x7C, 0x7F, 0xFC, 0x1F,
    0xFC, 0x03, 0xF8, 0x00, 0xFF, 0xC3, 0xFF, 0xCF, 0xFF, 0x38, 0x1E, 0xE0, 0x3B, 0x80, 0xEE, 0x03,
    0xB8, 0x1E, 0xE0, 0xFB, 0xFF, 0xCF, 0xFE, 0x3F, 0xE0, 0xE0, 0x03, 0x80, 0x0E, 0x00, 0x38, 0x00,
    0xE0, 0x03, 0x80, 0x00, 0x07, 0xF0, 0x0F, 0xFE, 0x0F, 0xFF, 0x8F, 0x83, 0xE7, 0x80, 0xF7, 0x80,
    0x3F, 0xC0, 0x1F, 0xC0, 0x07, 0xE0, 0x03, 0xF0, 0x01, 0xF8, 0x00, 0xFE, 0x00, 0xFF, 0x0E, 0x7B,
    0xC3, 0xF9, 0xF1, 0xFC, 0x7F, 0xFC, 0x1F, 0xFC, 0x03, 0xFF, 0x00, 0x01, 0xC0, 0x00, 0x60, 0xFF,
    0xC3, 0xFF, 0xCF, 0xFF, 0x38, 0x1E, 0xE0, 0x3B, 0x80, 0xEE, 0x03, 0xB8, 0x1E, 0xFF, 0xFB, 0xFF,
    0xCF, 0xFC, 0x38, 0x78, 0xE1, 0xE3, 0x83, 0xCE, 0x0F, 0x38, 0x1E, 0xE0, 0x7B, 0x80, 0xF0, 0x0F,
    0xE0, 0x3F, 0xE0, 0xFF, 0xE3, 0xC1, 0xE7, 0x01, 0xCE, 0x00, 0x1E, 0x00, 0x1F, 0x80, 0x1F, 0xE0,
    0x1F, 0xF0, 0x03, 0xF0, 0x01, 0xE6, 0x01, 0xDE, 0x03, 0x9E, 0x0F, 0x3F, 0xFE, 0x3F, 0xF8, 0x1F,
    0xC0, 0xFF, 0xFF, 0xFF, 0xFF, 0xFF, 0xC0, 0xE0, 0x03, 0x80, 0x0E, 0x00, 0x38, 0x00, 0xE0, 0x03,
    0x80, 0x0E, 0x00, 0x38, 0x00, 0xE0, 0x03, 0x80, 0x0E, 0x00, 0x38, 0x00, 0xE0, 0x03, 0x80, 0x0E,
    0x00, 0xE0, 0x0F, 0xC0, 0x1F, 0x80, 0x3F, 0x00, 0x7E, 0x00, 0xFC, 0x01, 0xF8, 0x03, 0xF0, 0x07,
    0xE0, 0x0F, 0xC0, 0x1F, 0x80, 0x3F, 0x00, 0x7E, 0x00, 0xFE, 0x03, 0xDE, 0x0F, 0x3F, 0xFE, 0x3F,
    0xF8, 0x1F, 0xC0, 0x70, 0x03, 0xDE, 0x01, 0xE7, 0x80, 0x78, 0xF0, 0x1C, 0x3C, 0x0F, 0x0F, 0x03,
    0xC1, 0xE0, 0xE0, 0x78, 0x78, 0x0E, 0x1E, 0x03, 0xC7, 0x00, 0xF3, 0xC0, 0x1C, 0xF0, 0x07, 0x38,
    0x01, 0xEE, 0x00, 0x3F, 0x80, 0x0F, 0xC0, 0x03, 0xF0, 0x00, 0x7C, 0x00, 0x70, 0x1E, 0x07, 0xBC,
    0x0F, 0x03, 0xDE, 0x0F, 0x81, 0xCF, 0x07, 0xE1, 0xE3, 0x83, 0xF0, 0xF1, 0xE3, 0xF8, 0x78, 0xF1,
    0xDC, 0x38, 0x38, 0xEF, 0x3C, 0x1C, 0x73, 0x9E, 0x0F, 0x79, 0xCE, 0x07, 0xB8, 0xE7, 0x01, 0xDC,
    0x77, 0x80, 0xEE, 0x1F, 0xC0, 0x7F, 0x0F, 0xC0, 0x3F, 0x07, 0xE0, 0x0F, 0x83, 0xF0, 0x07, 0xC0,
    0xF8, 0x03, 0xE0, 0x78, 0x00, 0x78, 0x07, 0x8F, 0x03, 0xC1, 0xE1, 0xE0, 0x78, 0x78, 0x0F, 0x3C,
    0x01, 0xFE, 0x00, 0x7F, 0x00, 0x0F, 0xC0, 0x01, 0xE0, 0x00, 0x78, 0x00, 0x3F, 0x00, 0x1F, 0xE0,
    0x0F, 0x3C, 0x03, 0xCF, 0x01, 0xE1, 0xE0, 0xF0, 0x3C, 0x3C, 0x0F, 0x1E, 0x01, 0xE0, 0xF8, 0x07,
    0xBC, 0x07, 0x8F, 0x03, 0x87, 0x83, 0xC1, 0xE3, 0xC0, 0x71, 0xE0, 0x3D, 0xE0, 0x0E, 0xE0, 0x07,
    0xF0, 0x01, 0xF0, 0x00, 0x78, 0x00, 0x38, 0x00, 0x1C, 0x00, 0x0E, 0x00, 0x07, 0x00, 0x03, 0x80,
    0x01, 0xC0, 0x00, 0xE0, 0x00, 0xFF, 0xFF, 0xFF, 0xFF, 0xFE, 0x01, 0xE0, 0x0E, 0x00, 0xF0, 0x0F,
    0x00, 0x70, 0x07, 0x80, 0x78, 0x03, 0x80, 0x3C, 0x03, 0xC0, 0x1C, 0x01, 0xE0, 0x1F, 0xFF, 0xFF,
    0xFF, 0xFF, 0xC0, 0xFF, 0xFF, 0xB8, 0xE3, 0x8E, 0x38, 0xE3, 0x8E, 0x38, 0xE3, 0x8E, 0x38, 0xE3,
    0x8E, 0x38, 0xFB, 0xFF, 0xC0, 0xE0, 0x1C, 0x07, 0x01, 0xC0, 0x78, 0x0E, 0x03, 0x80, 0xE0, 0x1C,
    0x07, 0x01, 0xC0, 0x70, 0x0E, 0x03, 0x80, 0xE0, 0x38, 0x07, 0x01, 0xC0, 0x70, 0x1E, 0x03, 0x80,
    0xE0, 0xFD, 0xF9, 0xF0, 0xE1, 0xC3, 0x87, 0x0E, 0x1C, 0x38, 0x70, 0xE1, 0xC3, 0x87, 0x0E, 0x1C,
    0x38, 0x70, 0xE7, 0xDF, 0xBF, 0x00, 0x06, 0x00, 0xF0, 0x0F, 0x01, 0xF8, 0x19, 0x83, 0x9C, 0x38,
    0xC7, 0x0E, 0x60, 0x60, 0xFF, 0xFF, 0xFF, 0xFF, 0xF0, 0x70, 0xE3, 0x87, 0x1F, 0x83, 0xFE, 0x7F,
    0xF7, 0x0F, 0x00, 0x70, 0x0F, 0x3F, 0xF7, 0xFF, 0xF0, 0x7E, 0x07, 0xF0, 0xFF, 0xFF, 0x7F, 0x73,
    0xE7, 0xE0, 0x07, 0x00, 0x38, 0x01, 0xC0, 0x0E, 0x7C, 0x77, 0xF3, 0xFF, 0xDF, 0x1F, 0xF0, 0x7F,
    0x03, 0xF8, 0x0F, 0xC0, 0x7F, 0x07, 0xF8, 0x3F, 0xE3, 0xDF, 0xFE, 0xEF, 0xE7, 0x3E, 0x00, 0x0F,
    0x81, 0xFF, 0x1F, 0xFC, 0xF0, 0xEF, 0x07, 0x78, 0x03, 0x80, 0x1C, 0x00, 0xF0, 0x07, 0x83, 0x9E,
    0x1C, 0xFF, 0xE3, 0xFE, 0x07, 0xC0, 0x00, 0x38, 0x01, 0xC0, 0x0E, 0x00, 0x71, 0xF3, 0x9F, 0xFD,
    0xFF, 0xEF, 0x0F, 0xF0, 0x7F, 0x81, 0xF8, 0x0F, 0xC0, 0x7F, 0x07, 0xF8, 0x3F, 0xE3, 0xEF, 0xFF,
    0x3F, 0xB8, 0xF9, 0xC0, 0x0F, 0xC1, 0xFF, 0x1F, 0xFC, 0xE0, 0xEF, 0x07, 0xFF, 0xFF, 0xFF, 0xFF,
    0xFF, 0xE0, 0x07, 0x80, 0x1C, 0x1E, 0xFF, 0xE3, 0xFE, 0x07, 0xE0, 0x07, 0x83, 0xE1, 0xF8, 0x70,
    0x1C, 0x3F, 0xEF, 0xF9, 0xFE, 0x1C, 0x07, 0x01, 0xC0, 0x70, 0x1C, 0x07, 0x01, 0xC0, 0x70, 0x1C,
    0x07, 0x01, 0xC0, 0x1F, 0x39, 0xFD, 0xDF, 0xFE, 0xF1, 0xFF, 0x07, 0xF8, 0x3F, 0x80, 0xFC, 0x07,
    0xE0, 0x3F, 0x83, 0xFC, 0x1E, 0xFF, 0xF3, 0xFB, 0x8F, 0x9C, 0x00, 0xEE, 0x0F, 0x7F, 0xF1, 0xFF,
    0x87, 0xF0, 0xE0, 0x0E, 0x00, 0xE0, 0x0E, 0x00, 0xE7, 0xCE, 0xFE, 0xFF, 0xFF, 0x0F, 0xF0, 0xFE,
    0x07, 0xE0, 0x7E, 0x07, 0xE0, 0x7E, 0x07, 0xE0, 0x7E, 0x07, 0xE0, 0x7E, 0x07, 0xEE, 0xEE, 0x00,
    0xEE, 0xEE, 0xEE, 0xEE, 0xEE, 0xEE, 0xEE, 0x38, 0xE3, 0x8E, 0x00, 0x03, 0x8E, 0x38, 0xE3, 0x8E,
    0x38, 0xE3, 0x8E, 0x38, 0xE3, 0x8E, 0x38, 0xEF, 0xBE, 0xE0, 0xE0, 0x07, 0x00, 0x38, 0x01, 0xC0,
    0x0E, 0x0F, 0x70, 0xF3, 0x8F, 0x1C, 0xF0, 0xE7, 0x07, 0xF8, 0x3F, 0x81, 0xFE, 0x0F, 0xF0, 0x73,
    0xC3, 0x8F, 0x1C, 0x3C, 0xE1, 0xE7, 0x07, 0x80, 0xEE, 0xEE, 0xEE, 0xEE, 0xEE, 0xEE, 0xEE, 0xEE,
    0xEE, 0xE7, 0x8F, 0x8F, 0xFD, 0xFC, 0xFF, 0xFF, 0xEF, 0x1F, 0x1E, 0xE0, 0xE0, 0xEE, 0x0E, 0x0E,
    0xE0, 0xE0, 0xEE, 0x0E, 0x0E, 0xE0, 0xE0, 0xEE, 0x0E, 0x0E, 0xE0, 0xE0, 0xEE, 0x0E, 0x0E, 0xE0,
    0xE0, 0xEE, 0x0E, 0x0E, 0xE7, 0xCF, 0xFE, 0xFF, 0xFF, 0x0F, 0xF0, 0xFE, 0x07, 0xE0, 0x7E, 0x07,
    0xE0, 0x7E, 0x07, 0xE0, 0x7E, 0x07, 0xE0, 0x7E, 0x07, 0x0F, 0x81, 0xFF, 0x1F, 0xFC, 0xF1, 0xEF,
    0x07, 0xF8, 0x3F, 0x80, 0xFC, 0x07, 0xF0, 0x7F, 0x83, 0xDE, 0x3C, 0xFF, 0xE3, 0xFE, 0x07, 0xC0,
    0xE7, 0xC7, 0x7F, 0x3F, 0xFD, 0xF1, 0xFF, 0x07, 0xF0, 0x3F, 0x80, 0xFC, 0x07, 0xF0, 0x7F, 0x83,
    0xFE, 0x3D, 0xFF, 0xEF, 0xFE, 0x73, 0xE3, 0x80, 0x1C, 0x00, 0xE0, 0x07, 0x00, 0x38, 0x00, 0x1F,
    0x39, 0xFD, 0xDF, 0xFF, 0xF0, 0xFF, 0x07, 0xF8, 0x1F, 0x80, 0xFC, 0x07, 0xF0, 0x7F, 0x83, 0xFE,
    0x3E, 0xFF, 0xF3, 0xFB, 0x8F, 0x9C, 0x00, 0xE0, 0x07, 0x00, 0x38, 0x01, 0xC0, 0x0E, 0x00, 0xE7,
    0xFF, 0xFF, 0xF0, 0xF0, 0xE0, 0xE0, 0xE0, 0xE0, 0xE0, 0xE0, 0xE0, 0xE0, 0xE0, 0x1F, 0x81, 0xFF,
    0x1F, 0xFC, 0xF0, 0xE7, 0x00, 0x3E, 0x00, 0xFF, 0x03, 0xFC, 0x00, 0xF0, 0x03, 0x9C, 0x1C, 0xFF,
    0xE3, 0xFE, 0x0F, 0xE0, 0x38, 0x1C, 0x0E, 0x07, 0x0F, 0xF7, 0xFB, 0xFC, 0x70, 0x38, 0x1C, 0x0E,
    0x07, 0x03, 0x81, 0xC0, 0xE0, 0x7E, 0x1F, 0x07, 0x80, 0xE0, 0x7E, 0x07, 0xE0, 0x7E, 0x07, 0xE0,
    0x7E, 0x07, 0xE0, 0x7E, 0x07, 0xE0, 0x7F, 0x0F, 0xF0, 0xFF, 0xFF, 0x7F, 0x73, 0xE7, 0x70, 0x1C,
    0xE0, 0x79, 0xE0, 0xE1, 0xC1, 0xC3, 0x87, 0x87, 0x8E, 0x07, 0x1C, 0x0E, 0x78, 0x1E, 0xE0, 0x1D,
    0xC0, 0x3F, 0x80, 0x3E, 0x00, 0x7C, 0x00, 0xF0, 0x00, 0x70, 0x70, 0x73, 0x87, 0xC3, 0x9E, 0x3E,
    0x3C, 0xF1, 0xF1, 0xE3, 0x8F, 0x8E, 0x1C, 0xEC, 0x70, 0xF7, 0x77, 0x83, 0xBB, 0xB8, 0x1D, 0x9D,
    0xC0, 0xFC, 0x7E, 0x07, 0xE3, 0xF0, 0x1F, 0x1F, 0x00, 0xF0, 0x78, 0x07, 0x83, 0xC0, 0x78, 0x38,
    0xE1, 0xE3, 0xC7, 0x07, 0xBC, 0x0F, 0xE0, 0x3F, 0x00, 0x7C, 0x01, 0xF0, 0x0F, 0xC0, 0x7B, 0x81,
    0xCF, 0x0F, 0x1C, 0x38, 0x79, 0xE0, 0xF0, 0x70, 0x1C, 0xE0, 0x79, 0xE0, 0xE1, 0xC1, 0xC3, 0x87,
    0x87, 0x8E, 0x07, 0x1C, 0x0E, 0x78, 0x0E, 0xE0, 0x1D, 0xC0, 0x3F, 0x00, 0x3E, 0x00, 0x7C, 0x00,
    0xF0, 0x01, 0xE0, 0x03, 0xC0, 0x3F, 0x00, 0x7C, 0x00, 0xF0, 0x00, 0xFF, 0xFF, 0xFF, 0xFF, 0x81,
    0xE0, 0x38, 0x0F, 0x03, 0xC0, 0xF0, 0x1C, 0x07, 0x81, 0xE0, 0x7F, 0xFF, 0xFF, 0xFF, 0xC0, 0x07,
    0x87, 0xC7, 0xC3, 0xC1, 0xC0, 0xE0, 0x70, 0x38, 0x3C, 0x1E, 0x3E, 0x1E, 0x0F, 0x81, 0xE0, 0x70,
    0x38, 0x1C, 0x0E, 0x07, 0x03, 0xC1, 0xF0, 0x7C, 0x1E, 0xEE, 0xEE, 0xEE, 0xEE, 0xEE, 0xEE, 0xEE,
    0xEE, 0xEE, 0xEE, 0xEE, 0xEE, 0xEE, 0xEE, 0xEE, 0xE0, 0xF0, 0x7C, 0x1F, 0x07, 0x81, 0xC0, 0xE0,
    0x70, 0x38, 0x1E, 0x0F, 0x03, 0xE0, 0xF0, 0xF8, 0xF0, 0x70, 0x38, 0x1C, 0x0E, 0x07, 0x07, 0x87,
    0xC7, 0xC3, 0xC0, 0x3C, 0x3B, 0xF1, 0xFF, 0xFF, 0xC7, 0xEE, 0x1E, 0x00, 0x6F, 0xF6, 0x00, 0xEE,
    0xEE, 0xEE, 0xEE, 0xEE, 0xEE, 0xE0, 0x0F, 0x3C, 0x39, 0xE1, 0xEF, 0x0F, 0x38, 0x79, 0xC3, 0xCF,
    0x0F, 0x3C, 0x1E, 0x70, 0x3C, 0xE0, 0x7B, 0xC0, 0xE7, 0x83, 0xCF, 0x3C, 0x3F, 0x3F, 0xDC, 0x6C,
    0x37, 0x1B, 0xFC, 0xFC, 0x3C, 0x00, 0x6F, 0xF6, 0x1F, 0x0F, 0xF1, 0xC7, 0x70, 0xEE, 0x0F, 0xC1,
    0xF8, 0x3F, 0x0E, 0x71, 0xCF, 0xF0, 0x7C, 0x00, 0x79, 0xC0, 0x7B, 0xC0, 0x7B, 0xC0, 0x73, 0xC0,
    0xF3, 0xC0, 0xF3, 0x81, 0xE7, 0x07, 0x9E, 0x0E, 0x78, 0x3D, 0xE0, 0xF7, 0x83, 0xCE, 0x00, 0x06,
    0x00, 0xF0, 0x0F, 0x00, 0x60, 0x00, 0x00, 0x00, 0x07, 0x00, 0xF0, 0x0F, 0x01, 0xE0, 0x7E, 0x07,
    0x80, 0xF0, 0x0E, 0x00, 0xE0, 0xEF, 0x1E, 0x7F, 0xE7, 0xFC, 0x1F, 0x00, 0x07, 0x80, 0x00, 0xE0,
    0x00, 0x1C, 0x00, 0x07, 0x00, 0x00, 0x00, 0x00, 0x00, 0x00, 0x3E, 0x00, 0x0F, 0xC0, 0x03, 0xF0,
    0x01, 0xFC, 0x00, 0x77, 0x80, 0x1C, 0xE0, 0x0F, 0x3C, 0x03, 0xCF, 0x00, 0xE1, 0xC0, 0x78, 0x78,
    0x1E, 0x1E, 0x07, 0xFF, 0x83, 0xFF, 0xF0, 0xFF, 0xFC, 0x78, 0x07, 0x9E, 0x01, 0xE7, 0x80, 0x7B,
    0xC0, 0x0F, 0x00, 0x78, 0x00, 0x1C, 0x00, 0x0E, 0x00, 0x03, 0x80, 0x00, 0x00, 0x00, 0x00, 0x00,
    0x3E, 0x00, 0x0F, 0xC0, 0x03, 0xF0, 0x01, 0xFC, 0x00, 0x77, 0x80, 0x1C, 0xE0, 0x0F, 0x3C, 0x03,
    0xCF, 0x00, 0xE1, 0xC0, 0x78, 0x78, 0x1E, 0x1E, 0x07, 0xFF, 0x83, 0xFF, 0xF0, 0xFF, 0xFC, 0x78,
    0x07, 0x9E, 0x01, 0xE7, 0x80, 0x7B, 0xC0, 0x0F, 0x01, 0xE0, 0x00, 0xFC, 0x00, 0x73, 0x80, 0x18,
    0x60, 0x00, 0x00, 0x00, 0x00, 0x00, 0x3E, 0x00, 0x0F, 0xC0, 0x03, 0xF0, 0x01, 0xFC, 0x00, 0x77,
    0x80, 0x1C, 0xE0, 0x0F, 0x3C, 0x03, 0xCF, 0x00, 0xE1, 0xC0, 0x78, 0x78, 0x1E, 0x1E, 0x07, 0xFF,
    0x83, 0xFF, 0xF0, 0xFF, 0xFC, 0x78, 0x07, 0x9E, 0x01, 0xE7, 0x80, 0x7B, 0xC0, 0x0F, 0x07, 0x38,
    0x01, 0xCE, 0x00, 0x73, 0x80, 0x00, 0x00, 0x00, 0x00, 0x00, 0x00, 0x00, 0x1E, 0x00, 0x0F, 0x80,
    0x03, 0xF0, 0x01, 0xFC, 0x00, 0x77, 0x80, 0x1C, 0xE0, 0x0F, 0x38, 0x03, 0xCF, 0x00, 0xE1, 0xC0,
    0x78, 0x78, 0x1E, 0x1E, 0x07, 0xFF, 0x83, 0xFF, 0xF0, 0xFF, 0xFC, 0x78, 0x07, 0x1E, 0x01, 0xE7,
    0x00, 0x7B, 0xC0, 0x0F, 0x03, 0xE0, 0x01, 0xFC, 0x00, 0x63, 0x00, 0x18, 0xC0, 0x07, 0xF0, 0x00,
    0xF8, 0x00, 0x00, 0x00, 0x0F, 0x80, 0x03, 0xE0, 0x01, 0xFC, 0x00, 0x7F, 0x00, 0x1D, 0xE0, 0x0F,
    0x78, 0x03, 0xCE, 0x00, 0xE3, 0xC0, 0x78, 0xF0, 0x1E, 0x1E, 0x07, 0x07, 0x83, 0xFF, 0xE0, 0xFF,
    0xFC, 0x3F, 0xFF, 0x1E, 0x01, 0xC7, 0x80, 0x79, 0xC0, 0x1E, 0xF0, 0x03, 0xC0, 0x00, 0xFF, 0xFF,
    0x00, 0xFF, 0xFF, 0x01, 0xEF, 0xFF, 0x01, 0xCE, 0x00, 0x03, 0xCE, 0x00, 0x03, 0xCE, 0x00, 0x07,
    0x8E, 0x00, 0x07, 0x8F, 0xFE, 0x0F, 0x0F, 0xFE, 0x0F, 0x0F, 0xFE, 0x0E, 0x0E, 0x00, 0x1F, 0xFE,
    0x00, 0x1F, 0xFE, 0x00, 0x3F, 0xFE, 0x00, 0x3C, 0x0E, 0x00, 0x78, 0x0F, 0xFE, 0x78, 0x0F, 0xFF,
    0xF0, 0x0F, 0xFF, 0x07, 0xF0, 0x1F, 0xF8, 0x3F, 0xFC, 0x7C, 0x1E, 0x78, 0x0E, 0xF0, 0x0F, 0xF0,
    0x00, 0xE0, 0x00, 0xE0, 0x00, 0xE0, 0x00, 0xE0, 0x00, 0xF0, 0x00, 0xF0, 0x0F, 0x78, 0x0E, 0x7C,
    0x1E, 0x3F, 0xFC, 0x1F, 0xF8, 0x07, 0xE0, 0x01, 0x80, 0x01, 0xE0, 0x00, 0x60, 0x01, 0xE0, 0x01,
    0xC0, 0x03, 0x80, 0x38, 0x07, 0x00, 0x60, 0x00, 0x00, 0x00, 0xFF, 0xFF, 0xFF, 0xFF, 0xFE, 0x00,
    0xE0, 0x0E, 0x00, 0xE0, 0x0F, 0xFE, 0xFF, 0xEF, 0xFE, 0xE0, 0x0E, 0x00, 0xE0, 0x0E, 0x00, 0xE0,
    0x0F, 0xFF, 0xFF, 0xFF, 0xFF, 0x0F, 0x01, 0xF8, 0x39, 0xC3, 0x0C, 0x00, 0x00, 0x00, 0xFF, 0xFF,
    0xFF, 0xFF, 0xFE, 0x00, 0xE0, 0x0E, 0x00, 0xE0, 0x0F, 0xFE, 0xFF, 0xEF, 0xFE, 0xE0, 0x0E, 0x00,
    0xE0, 0x0E, 0x00, 0xE0, 0x0F, 0xFF, 0xFF, 0xFF, 0xFF, 0x39, 0xC7, 0x18, 0x00, 0x0E, 0x38, 0xE3,
    0x8E, 0x38, 0xE3, 0x8E, 0x38, 0xE3, 0x8E, 0x38, 0xE3, 0x8E, 0x38, 0x1C, 0x0F, 0x87, 0x73, 0x8E,
    0x00, 0x00, 0x01, 0xC0, 0x70, 0x1C, 0x07, 0x01, 0xC0, 0x70, 0x1C, 0x07, 0x01, 0xC0, 0x70, 0x1C,
    0x07, 0x01, 0xC0, 0x70, 0x1C, 0x07, 0x01, 0xC0, 0x70, 0x07, 0x00, 0x01, 0xC0, 0x00, 0xE0, 0x00,
    0x38, 0x00, 0x00, 0x00, 0x00, 0x00, 0x1F, 0xC0, 0x3F, 0xF8, 0x3F, 0xFE, 0x3E, 0x0F, 0x9E, 0x03,
    0xDE, 0x00, 0xFF, 0x00, 0x7F, 0x00, 0x1F, 0x80, 0x0F, 0xC0, 0x07, 0xE0, 0x03, 0xF8, 0x03, 0xFC,
    0x01, 0xEF, 0x01, 0xE7, 0xC1, 0xF1, 0xFF, 0xF0, 0x7F, 0xF0, 0x0F, 0xE0, 0x00, 0x70, 0x00, 0x70,
    0x00, 0x38, 0x00, 0x38, 0x00, 0x00, 0x00, 0x00, 0x00, 0x1F, 0xC0, 0x3F, 0xF8, 0x3F, 0xFE, 0x3E,
    0x0F, 0x9E, 0x03, 0xDE, 0x00, 0xFF, 0x00, 0x7F, 0x00, 0x1F, 0x80, 0x0F, 0xC0, 0x07, 0xE0, 0x03,
    0xF8, 0x03, 0xFC, 0x01, 0xEF, 0x01, 0xE7, 0xC1, 0xF1, 0xFF, 0xF0, 0x7F, 0xF0, 0x0F, 0xE0, 0x0E,
    0x38, 0x07, 0x1C, 0x03, 0x8E, 0x00, 0x00, 0x00, 0x00, 0x00, 0x00, 0x00, 0x1F, 0xC0, 0x3F, 0xF8,
    0x3F, 0xFE, 0x3E, 0x0F, 0x9E, 0x03, 0xDE, 0x00, 0xFF, 0x00, 0x7F, 0x00, 0x1F, 0x80, 0x0F, 0xC0,
    0x07, 0xE0, 0x03, 0xF8, 0x03, 0xFC, 0x01, 0xEF, 0x01, 0xE7, 0xC1, 0xF1, 0xFF, 0xF0, 0x7F, 0xF0,
    0x0F, 0xE0, 0x00, 0x00, 0x03, 0xFB, 0x87, 0xFF, 0xC7, 0xFF, 0xC7, 0xC1, 0xF3, 0xC1, 0xFB, 0xC0,
    0xFF, 0xE0, 0xEF, 0xE0, 0xE3, 0xF0, 0xE1, 0xF8, 0x70, 0xFC, 0x70, 0x7F, 0x70, 0x7F, 0xF0, 0x3D,
    0xF8, 0x3C, 0xF8, 0x3E, 0x3F, 0xFE, 0x1F, 0xFE, 0x1D, 0xFC, 0x00, 0x00, 0x00, 0x0E, 0x00, 0x0E,
    0x00, 0x1C, 0x00, 0x1C, 0x00, 0x00, 0x00, 0x00, 0x38, 0x03, 0xF0, 0x07, 0xE0, 0x0F, 0xC0, 0x1F,
    0x80, 0x3F, 0x00, 0x7E, 0x00, 0xFC, 0x01, 0xF8, 0x03, 0xF0, 0x07, 0xE0, 0x0F, 0xC0, 0x1F, 0x80,
    0x3F, 0x80, 0xF7, 0x83, 0xCF, 0xFF, 0x8F, 0xFE, 0x07, 0xF0, 0x00, 0xE0, 0x03, 0x80, 0x07, 0x00,
    0x1C, 0x00, 0x00, 0x00, 0x00, 0x38, 0x03, 0xF0, 0x07, 0xE0, 0x0F, 0xC0, 0x1F, 0x80, 0x3F, 0x00,
    0x7E, 0x00, 0xFC, 0x01, 0xF8, 0x03, 0xF0, 0x07, 0xE0, 0x0F, 0xC0, 0x1F, 0x80, 0x3F, 0x80, 0xF7,
    0x83, 0xCF, 0xFF, 0x8F, 0xFE, 0x07, 0xF0, 0x1C, 0x70, 0x38, 0xE0, 0x71, 0xC0, 0x00, 0x00, 0x00,
    0x00, 0x00, 0x38, 0x03, 0xF0, 0x07, 0xE0, 0x0F, 0xC0, 0x1F, 0x80, 0x3F, 0x00, 0x7E, 0x00, 0xFC,
    0x01, 0xF8, 0x03, 0xF0, 0x07, 0xE0, 0x0F, 0xC0, 0x1F, 0x80, 0x3F, 0x80, 0xF7, 0x83, 0xCF, 0xFF,
    0x8F, 0xFE, 0x07, 0xF0, 0x00, 0x70, 0x00, 0x70, 0x00, 0x38, 0x00, 0x38, 0x00, 0x00, 0x00, 0x00,
    0x03, 0xE0, 0x1E, 0xF0, 0x1E, 0x3C, 0x0E, 0x1E, 0x0F, 0x07, 0x8F, 0x01, 0xC7, 0x80, 0xF7, 0x80,
    0x3B, 0x80, 0x1F, 0xC0, 0x07, 0xC0, 0x01, 0xE0, 0x00, 0xE0, 0x00, 0x70, 0x00, 0x38, 0x00, 0x1C,
    0x00, 0x0E, 0x00, 0x07, 0x00, 0x03, 0x80, 0x1F, 0x81, 0xFF, 0x8F, 0xFF, 0x3C, 0x3C, 0xE0, 0x73,
    0x81, 0xCE, 0x0F, 0x39, 0xF8, 0xE7, 0xC3, 0x9F, 0xCE, 0x0F, 0xB8, 0x0E, 0xE0, 0x3B, 0x80, 0xEE,
    0x07, 0xB9, 0xFE, 0xE7, 0xF3, 0x9F, 0x00, 0x1C, 0x01, 0xE0, 0x0E, 0x00, 0x60, 0x00, 0x00, 0x00,
    0x1F, 0x83, 0xFE, 0x7F, 0xF7, 0x0F, 0x00, 0x70, 0x0F, 0x3F, 0xF7, 0xFF, 0xF0, 0x7E, 0x07, 0xF0,
    0xFF, 0xFF, 0x7F, 0x73, 0xE7, 0x03, 0xC0, 0x38, 0x03, 0x80, 0x70, 0x00, 0x00, 0x00, 0x1F, 0x83,
    0xFE, 0x7F, 0xF7, 0x0F, 0x00, 0x70, 0x0F, 0x3F, 0xF7, 0xFF, 0xF0, 0x7E, 0x07, 0xF0, 0xFF, 0xFF,
    0x7F, 0x73, 0xE7, 0x07, 0x00, 0xF8, 0x1D, 0xC3, 0x8E, 0x00, 0x00, 0x00, 0x1F, 0x83, 0xFE, 0x7F,
    0xF7, 0x0F, 0x00, 0x70, 0x0F, 0x3F, 0xF7, 0xFF, 0xF0, 0x7E, 0x07, 0xF0, 0xFF, 0xFF, 0x7F, 0x73,
    0xE7, 0x1F, 0xC3, 0xFC, 0x00, 0x00, 0x00, 0x1F, 0x83, 0xFE, 0x7F, 0xF7, 0x0F, 0x00, 0x70, 0x0F,
    0x3F, 0xF7, 0xFF, 0xF0, 0x7E, 0x07, 0xF0, 0xFF, 0xFF, 0x7F, 0x73, 0xE7, 0x39, 0xC3, 0x9C, 0x39,
    0xC0, 0x00, 0x00, 0x01, 0xF8, 0x3F, 0xE7, 0xFF, 0x70, 0xF0, 0x07, 0x00, 0xF3, 0xFF, 0x7F, 0xFF,
    0x07, 0xE0, 0x7F, 0x0F, 0xFF, 0xF7, 0xF7, 0x3E, 0x70, 0x07, 0x00, 0xF8, 0x19, 0xC1, 0x8C, 0x18,
    0xC1, 0xF8, 0x0F, 0x00, 0x00, 0x1F, 0x83, 0xFE, 0x7F, 0xF7, 0x0F, 0x00, 0x70, 0x0F, 0x3F, 0xF7,
    0xFF, 0xF0, 0x7E, 0x07, 0xF0, 0xFF, 0xFF, 0x7F, 0x73, 0xE7, 0x1F, 0x8F, 0xC1, 0xFF, 0xFF, 0x1F,
    0xFF, 0xFC, 0xE1, 0xF0, 0xE0, 0x0F, 0x03, 0x87, 0xFF, 0xFC, 0xFF, 0xFF, 0xEF, 0xFF, 0xFF, 0xF0,
    0xF0, 0x07, 0x07, 0x80, 0x3C, 0x3E, 0x1F, 0xFF, 0xFF, 0xE7, 0xFB, 0xFF, 0x1F, 0x87, 0xE0, 0x0F,
    0xC1, 0xFF, 0x1F, 0xFC, 0xF0, 0xFF, 0x03, 0x78, 0x03, 0x80, 0x1C, 0x00, 0xF0, 0x07, 0x81, 0x9E,
    0x1E, 0xFF, 0xE3, 0xFE, 0x07, 0xE0, 0x0C, 0x00, 0x78, 0x00, 0xC0, 0x1E, 0x01, 0xE0, 0x1C, 0x00,
    0x70, 0x03, 0x80, 0x0E, 0x00, 0x00, 0x00, 0x00, 0x3F, 0x07, 0xFC, 0x7F, 0xF3, 0x83, 0xBC, 0x1F,
    0xFF, 0xFF, 0xFF, 0xFF, 0xFF, 0x80, 0x1E, 0x00, 0x70, 0x7B, 0xFF, 0x8F, 0xF8, 0x1F, 0x80, 0x01,
    0xC0, 0x1C, 0x00, 0xE0, 0x0E, 0x00, 0x00, 0x00, 0x00, 0x3F, 0x07, 0xFC, 0x7F, 0xF3, 0x83, 0xBC,
    0x1F, 0xFF, 0xFF, 0xFF, 0xFF, 0xFF, 0x80, 0x1E, 0x00, 0x70, 0x7B, 0xFF, 0x8F, 0xF8, 0x1F, 0x80,
    0x07, 0x00, 0x7C, 0x07, 0x70, 0x71, 0xC0, 0x00, 0x00, 0x00, 0x3F, 0x07, 0xFC, 0x7F, 0xF3, 0x83,
    0xBC, 0x1F, 0xFF, 0xFF, 0xFF, 0xFF, 0xFF, 0x80, 0x1E, 0x00, 0x70, 0x7B, 0xFF, 0x8F, 0xF8, 0x1F,
    0x80, 0x38, 0xE1, 0xC7, 0x0E, 0x38, 0x00, 0x00, 0x00, 0x07, 0xE0, 0xFF, 0x8F, 0xFE, 0x70, 0x77,
    0x83, 0xFF, 0xFF, 0xFF, 0xFF, 0xFF, 0xF0, 0x03, 0xC0, 0x0E, 0x0F, 0x7F, 0xF1, 0xFF, 0x03, 0xF0,
    0xE1, 0xC7, 0x0E, 0x00, 0xE3, 0x8E, 0x38, 0xE3, 0x8E, 0x38, 0xE3, 0x8E, 0x38, 0xE3, 0x80, 0x39,
    0xC7, 0x38, 0x03, 0x8E, 0x38, 0xE3, 0x8E, 0x38, 0xE3, 0x8E, 0x38, 0xE3, 0x8E, 0x00, 0x1C, 0x0F,
    0x87, 0x73, 0x8E, 0x00, 0x00, 0x01, 0xC0, 0x70, 0x1C, 0x07, 0x01, 0xC0, 0x70, 0x1C, 0x07, 0x01,
    0xC0, 0x70, 0x1C, 0x07, 0x01, 0xC0, 0x70, 0xE3, 0xF1, 0xF8, 0xE0, 0x00, 0x00, 0xE0, 0x70, 0x38,
    0x1C, 0x0E, 0x07, 0x03, 0x81, 0xC0, 0xE0, 0x70, 0x38, 0x1C, 0x0E, 0x07, 0x00, 0x1F, 0xC3, 0xF8,
    0x00, 0x00, 0x00, 0xE7, 0xCF, 0xFE, 0xFF, 0xFF, 0x0F, 0xF0, 0xFE, 0x07, 0xE0, 0x7E, 0x07, 0xE0,
    0x7E, 0x07, 0xE0, 0x7E, 0x07, 0xE0, 0x7E, 0x07, 0x1C, 0x00, 0x70, 0x03, 0x80, 0x0E, 0x00, 0x00,
    0x00, 0x00, 0x3E, 0x07, 0xFC, 0x7F, 0xF3, 0xC7, 0xBC, 0x1F, 0xE0, 0xFE, 0x03, 0xF0, 0x1F, 0xC1,
    0xFE, 0x0F, 0x78, 0xF3, 0xFF, 0x8F, 0xF8, 0x1F, 0x00, 0x01, 0xC0, 0x1C, 0x00, 0xE0, 0x0E, 0x00,
    0x00, 0x00, 0x00, 0x3E, 0x07, 0xFC, 0x7F, 0xF3, 0xC7, 0xBC, 0x1F, 0xE0, 0xFE, 0x03, 0xF0, 0x1F,
    0xC1, 0xFE, 0x0F, 0x78, 0xF3, 0xFF, 0x8F, 0xF8, 0x1F, 0x00, 0x07, 0x00, 0x7C, 0x07, 0x70, 0x71,
    0xC0, 0x00, 0x00, 0x00, 0x3E, 0x07, 0xFC, 0x7F, 0xF3, 0xC7, 0xBC, 0x1F, 0xE0, 0xFE, 0x03, 0xF0,
    0x1F, 0xC1, 0xFE, 0x0F, 0x78, 0xF3, 0xFF, 0x8F, 0xF8, 0x1F, 0x00, 0x1F, 0xE1, 0xFE, 0x00, 0x00,
    0x00, 0x00, 0xF8, 0x1F, 0xF1, 0xFF, 0xCF, 0x1E, 0xF0, 0x7F, 0x83, 0xF8, 0x0F, 0xC0, 0x7F, 0x07,
    0xF8, 0x3D, 0xE3, 0xCF, 0xFE, 0x3F, 0xE0, 0x7C, 0x00, 0x38, 0xE1, 0xC7, 0x0E, 0x38, 0x00, 0x00,
    0x00, 0x07, 0xC0, 0xFF, 0x8F, 0xFE, 0x78, 0xF7, 0x83, 0xFC, 0x1F, 0xC0, 0x7E, 0x03, 0xF8, 0x3F,
    0xC1, 0xEF, 0x1E, 0x7F, 0xF1, 0xFF, 0x03, 0xE0, 0x00, 0x00, 0x0F, 0x98, 0x7F, 0xF1, 0xFF, 0xC3,
    0xC7, 0x8F, 0x1F, 0x9E, 0x3F, 0x38, 0xCE, 0x73, 0x1C, 0xFE, 0x79, 0xF8, 0xF1, 0xE3, 0xC3, 0xFF,
    0x87, 0xFE, 0x19, 0xF0, 0x00, 0x00, 0x1C, 0x01, 0xC0, 0x0E, 0x00, 0xE0, 0x00, 0x00, 0x00, 0xE0,
    0x7E, 0x07, 0xE0, 0x7E, 0x07, 0xE0, 0x7E, 0x07, 0xE0, 0x7E, 0x07, 0xE0, 0x7F, 0x0F, 0xF0, 0xFF,
    0xFF, 0x7F, 0x73, 0xE7, 0x03, 0x80, 0x38, 0x07, 0x00, 0x70, 0x00, 0x00, 0x00, 0xE0, 0x7E, 0x07,
    0xE0, 0x7E, 0x07, 0xE0, 0x7E, 0x07, 0xE0, 0x7E, 0x07, 0xE0, 0x7F, 0x0F, 0xF0, 0xFF, 0xFF, 0x7F,
    0x73, 0xE7, 0x06, 0x00, 0xF0, 0x1F, 0x83, 0x9C, 0x00, 0x00, 0x00, 0xE0, 0x7E, 0x07, 0xE0, 0x7E,
    0x07, 0xE0, 0x7E, 0x07, 0xE0, 0x7E, 0x07, 0xE0, 0x7F, 0x0F, 0xF0, 0xFF, 0xFF, 0x7F, 0x73, 0xE7,
    0x39, 0xC3, 0x9C, 0x39, 0xC0, 0x00, 0x00, 0x0E, 0x07, 0xE0, 0x7E, 0x07, 0xE0, 0x7E, 0x07, 0xE0,
    0x7E, 0x07, 0xE0, 0x7E, 0x07, 0xF0, 0xFF, 0x0F, 0xFF, 0xF7, 0xF7, 0x3E, 0x70, 0x00, 0xE0, 0x03,
    0x80, 0x07, 0x00, 0x1C, 0x00, 0x00, 0x00, 0x00, 0x1C, 0x07, 0x38, 0x1E, 0x78, 0x38, 0x70, 0x70,
    0xE1, 0xE1, 0xE3, 0x81, 0xC7, 0x03, 0x9E, 0x03, 0xB8, 0x07, 0x70, 0x0F, 0xC0, 0x0F, 0x80, 0x1F,
    0x00, 0x3C, 0x00, 0x78, 0x00, 0xF0, 0x0F, 0xC0, 0x1F, 0x00, 0x3C, 0x00, 0x30, 0xC3, 0xFC, 0x0F,
    0x00, 0x00, 0x00, 0x01, 0xF8, 0x3F, 0xE7, 0xFF, 0xF0, 0xF0, 0x07, 0x00, 0xF3, 0xFF, 0x7F, 0xFF,
    0x07, 0xE0, 0x7F, 0x0F, 0xFF, 0xF7, 0xFF, 0x3E, 0x70, 0x1F, 0x81, 0xFF, 0x1F, 0xFC, 0xE1, 0xE0,
    0x07, 0x00, 0x78, 0xFF, 0xCF, 0xFE, 0xF0, 0x77, 0x03, 0xBC, 0x3D, 0xFF, 0xE7, 0xF7, 0x1F, 0x78,
    0x07, 0x00, 0x38, 0x01, 0xF0, 0x0F, 0xC0, 0x3C, 0x01, 0xC0, 0x1C, 0x00, 0xE0, 0x0E, 0x00, 0x00,
    0x00, 0x00, 0x3E, 0x07, 0xFC, 0x7F, 0xF3, 0xC3, 0xBC, 0x1D, 0xE0, 0x0E, 0x00, 0x70, 0x03, 0xC0,
    0x1E, 0x0E, 0x78, 0x73, 0xFF, 0x8F, 0xF8, 0x1F, 0x00, 0x0E, 0x38, 0x07, 0x70, 0x03, 0xE0, 0x03,
    0xC0, 0x00, 0x00, 0x00, 0x00, 0x07, 0xF0, 0x1F, 0xF8, 0x3F, 0xFC, 0x7C, 0x1E, 0x78, 0x0F, 0xF0,
    0x0F, 0xF0, 0x00, 0xE0, 0x00, 0xE0, 0x00, 0xE0, 0x00, 0xE0, 0x00, 0xF0, 0x00, 0xF0, 0x0F, 0x78,
    0x0F, 0x7C, 0x3E, 0x3F, 0xFC, 0x1F, 0xF8, 0x07, 0xF0, 0x38, 0xE0, 0xEE, 0x03, 0xE0, 0x0E, 0x00,
    0x00, 0x00, 0x00, 0x3E, 0x07, 0xFC, 0x7F, 0xF3, 0xC3, 0xBC, 0x1D, 0xE0, 0x0E, 0x00, 0x70, 0x03,
    0xC0, 0x1E, 0x0E, 0x78, 0x73, 0xFF, 0x8F, 0xF8, 0x1F, 0x00, 0x71, 0xC0, 0x77, 0x00, 0x7C, 0x00,
    0x70, 0x00, 0x00, 0x00, 0x00, 0x3F, 0xF0, 0x7F, 0xF8, 0xFF, 0xF9, 0xC0, 0xFB, 0x80, 0xF7, 0x00,
    0xFE, 0x01, 0xFC, 0x01, 0xF8, 0x03, 0xF0, 0x07, 0xE0, 0x0F, 0xC0, 0x3F, 0x80, 0x7F, 0x01, 0xEE,
    0x07, 0xDF, 0xFF, 0x3F, 0xFC, 0x7F, 0xE0, 0x00, 0x03, 0x80, 0x00, 0xE0, 0x03, 0xB8, 0x00, 0xEE,
    0x00, 0x3B, 0x80, 0x0E, 0x01, 0xF3, 0x80, 0xFF, 0xE0, 0x7F, 0xF8, 0x1E, 0x1E, 0x0F, 0x07, 0x83,
    0xC0, 0xE0, 0xE0, 0x38, 0x38, 0x0E, 0x0F, 0x07, 0x83, 0xC1, 0xE0, 0xF8, 0xF8, 0x1F, 0xFE, 0x03,
    0xFB, 0x80, 0x7C, 0xE0, 0x1F, 0xF8, 0x07, 0xFF, 0x81, 0xFF, 0xF0, 0x70, 0x3E, 0x1C, 0x07, 0x87,
    0x00, 0xF1, 0xC0, 0x3D, 0xFF, 0x07, 0xFF, 0xE1, 0xFF, 0xF8, 0x71, 0xC0, 0x1C, 0x70, 0x0F, 0x1C,
    0x03, 0xC7, 0x01, 0xE1, 0xC0, 0xF8, 0x7F, 0xFC, 0x1F, 0xFE, 0x07, 0xFE, 0x00, 0x00, 0x38, 0x07,
    0xFC, 0x0F, 0xF8, 0x01, 0xC1, 0xF3, 0x87, 0xFF, 0x1F, 0xFE, 0x3C, 0x3C, 0xF0, 0x79, 0xE0, 0x73,
    0x80, 0xE7, 0x01, 0xCF, 0x07, 0x9E, 0x0F, 0x3E, 0x3E, 0x3F, 0xFC, 0x3F, 0xB8, 0x3E, 0x70, 0x0E,
    0x00, 0xE0, 0x0E, 0x00, 0xE0, 0x00, 0x00, 0x00, 0xFF, 0xFF, 0xFF, 0xFF, 0xFE, 0x00, 0xE0, 0x0E,
    0x00, 0xE0, 0x0F, 0xFE, 0xFF, 0xEF, 0xFE, 0xE0, 0x0E, 0x00, 0xE0, 0x0E, 0x00, 0xE0, 0x0F, 0xFF,
    0xFF, 0xFF, 0xFF, 0x07, 0x00, 0x38, 0x01, 0xC0, 0x0E, 0x00, 0x00, 0x00, 0x00, 0x3F, 0x07, 0xFC,
    0x7F, 0xF3, 0x83, 0xBC, 0x1F, 0xFF, 0xFF, 0xFF, 0xFF, 0xFF, 0x80, 0x1E, 0x00, 0x70, 0x7B, 0xFF,
    0x8F, 0xF8, 0x1F, 0x80, 0xFF, 0xF7, 0xFF, 0xBF, 0xFD, 0xC0, 0x0E, 0x00, 0x70, 0x03, 0x80, 0x1F,
    0xFC, 0xFF, 0xE7, 0xFF, 0x38, 0x01, 0xC0, 0x0E, 0x00, 0x70, 0x03, 0x80, 0x1F, 0xFE, 0xFF, 0xF7,
    0xFF, 0x80, 0x38, 0x03, 0x80, 0x1F, 0x00, 0xFC, 0x03, 0xC0, 0x0F, 0xC1, 0xFF, 0x1F, 0xFC, 0xE0,
    0xEF, 0x07, 0xFF, 0xFF, 0xFF, 0xFF, 0xFF, 0xE0, 0x07, 0x80, 0x1C, 0x1E, 0xFF, 0xE3, 0xFF, 0x07,
    0xF0, 0x07, 0x00, 0x38, 0x01, 0xF0, 0x0F, 0xC0, 0x3C, 0x39, 0xC1, 0xF8, 0x0F, 0x00, 0x60, 0x00,
    0x00, 0x00, 0xFF, 0xFF, 0xFF, 0xFF, 0xFE, 0x00, 0xE0, 0x0E, 0x00, 0xE0, 0x0F, 0xFE, 0xFF, 0xEF,
    0xFE, 0xE0, 0x0E, 0x00, 0xE0, 0x0E, 0x00, 0xE0, 0x0F, 0xFF, 0xFF, 0xFF, 0xFF, 0x38, 0xE0, 0xEE,
    0x03, 0xE0, 0x0E, 0x00, 0x00, 0x00, 0x00, 0x3F, 0x07, 0xFC, 0x7F, 0xF3, 0x83, 0xBC, 0x1F, 0xE0,
    0xFF, 0xFF, 0xFF, 0xFF, 0x80, 0x1E, 0x00, 0x70, 0x7B, 0xFF, 0x8F, 0xF8, 0x1F, 0x80, 0x0C, 0x30,
    0x07, 0x38, 0x01, 0xF8, 0x00, 0x78, 0x00, 0x00, 0x00, 0x00, 0x00, 0x1F, 0xC0, 0x3F, 0xF8, 0x3F,
    0xFE, 0x3E, 0x0F, 0x1E, 0x03, 0xDE, 0x00, 0xEF, 0x00, 0x07, 0x00, 0x03, 0x83, 0xFD, 0xC1, 0xFE,
    0xE0, 0x7F, 0x78, 0x03, 0xBC, 0x03, 0xCF, 0x01, 0xE7, 0xC1, 0xE1, 0xFF, 0xF0, 0x7F, 0xE0, 0x0F,
    0xE0, 0x30, 0xC1, 0xCE, 0x07, 0xE0, 0x1E, 0x00, 0x00, 0x00, 0x00, 0x7C, 0xE7, 0xF7, 0x7F, 0xFB,
    0xC7, 0xFC, 0x1F, 0xE0, 0xFE, 0x03, 0xF0, 0x1F, 0x80, 0xFE, 0x0F, 0xF0, 0x7B, 0xFF, 0xCF, 0xEE,
    0x3E, 0x70, 0x03, 0xB8, 0x3D, 0xFF, 0xCF, 0xFE, 0x1F, 0xC0, 0x7F, 0xFF, 0x80, 0x00, 0x01, 0xC0,
    0xE0, 0x70, 0x38, 0x1C, 0x0E, 0x07, 0x03, 0x81, 0xC0, 0xE0, 0x70, 0x38, 0x1C, 0x0E, 0x00, 0x38,
    0xE3, 0x8E, 0x38, 0xE3, 0x8E, 0x38, 0xE3, 0x8E, 0x38, 0xE3, 0x8E, 0x38, 0xE7, 0x38, 0xFB, 0xF7,
    0x80, 0x38, 0xE3, 0x8E, 0x00, 0x03, 0x8E, 0x38, 0xE3, 0x8E, 0x38, 0xE3, 0x8E, 0x38, 0xE3, 0x8E,
    0x73, 0x8F, 0xBE, 0x78, 0xEE, 0xEE, 0x00, 0xEE, 0xEE, 0xEE, 0xEE, 0xEE, 0xEE, 0xEE, 0xEE, 0xEE,
    0xEE, 0xEE, 0xEE, 0xEE, 0xEE, 0xEE, 0xEE, 0x39, 0xC7, 0x38, 0x00, 0x0E, 0x38, 0xE3, 0x8E, 0x38,
    0xE3, 0x8E, 0x38, 0xE3, 0x8E, 0x38, 0xE3, 0x8E, 0x38, 0x03, 0x8E, 0x38, 0xE3, 0x8E, 0x30, 0xE3,
    0x0E, 0x00, 0xE0, 0x0E, 0x00, 0xE0, 0x0E, 0x00, 0xE0, 0x0E, 0x00, 0xE0, 0x0E, 0x00, 0xE0, 0x0E,
    0x00, 0xFF, 0xFF, 0xFF, 0xFF, 0xF0, 0x07, 0xE7, 0xE6, 0xE6, 0xE6, 0xE0, 0xE0, 0xE0, 0xE0, 0xE0,
    0xE0, 0xE0, 0xE0, 0xE0, 0xE0, 0xE0, 0xE0, 0xE0, 0xE0, 0x1C, 0x00, 0x38, 0x00, 0x70, 0x00, 0xE0,
    0x01, 0xC6, 0x03, 0x9C, 0x07, 0xF8, 0x0F, 0xE0, 0x3F, 0x00, 0xF8, 0x03, 0xF0, 0x07, 0xE0, 0x01,
    0xC0, 0x03, 0x80, 0x07, 0x00, 0x0F, 0xFF, 0x1F, 0xFE, 0x3F, 0xFC, 0x38, 0x70, 0xE1, 0xC3, 0x87,
    0xCF, 0xBE, 0xF9, 0xF2, 0xE1, 0xC3, 0x87, 0x0E, 0x1C, 0x38, 0x70, 0x03, 0x80, 0x38, 0x07, 0x00,
    0x70, 0x00, 0x0E, 0x7C, 0xFF, 0xEF, 0xFF, 0xF0, 0xFF, 0x0F, 0xE0, 0x7E, 0x07, 0xE0, 0x7E, 0x07,
    0xE0, 0x7E, 0x07, 0xE0, 0x7E, 0x07, 0xE0, 0x70, 0x39, 0xC1, 0xF8, 0x0F, 0x00, 0x00, 0x00, 0x0E,
    0x7C, 0xFF, 0xEF, 0xFF, 0xF0, 0xFF, 0x0F, 0xE0, 0x7E, 0x07, 0xE0, 0x7E, 0x07, 0xE0, 0x7E, 0x07,
    0xE0, 0x7E, 0x07, 0xE0, 0x70, 0x1E, 0xE0, 0xE7, 0x07, 0x70, 0x73, 0x00, 0x00, 0x00, 0x00, 0x3E,
    0x07, 0xFC, 0x7F, 0xF3, 0xC7, 0xBC, 0x1F, 0xE0, 0xFE, 0x03, 0xF0, 0x1F, 0xC1, 0xFE, 0x0F, 0x78,
    0xF3, 0xFF, 0x8F, 0xF8, 0x1F, 0x00, 0x0E, 0x0E, 0x1C, 0x18, 0x00, 0xE7, 0xFF, 0xFF, 0xF0, 0xF0,
    0xE0, 0xE0, 0xE0, 0xE0, 0xE0, 0xE0, 0xE0, 0xE0, 0xE0, 0x39, 0xE0, 0x77, 0x00, 0xF8, 0x01, 0xC0,
    0x00, 0x00, 0x00, 0x0F, 0xFC, 0x3F, 0xFC, 0xFF, 0xF3, 0x81, 0xEE, 0x03, 0xB8, 0x0E, 0xE0, 0x3B,
    0x81, 0xEF, 0xFF, 0xBF, 0xFC, 0xFF, 0xC3, 0x87, 0x8E, 0x1E, 0x38, 0x3C, 0xE0, 0xF3, 0x81, 0xEE,
    0x07, 0xB8, 0x0F, 0x61, 0x9C, 0xE3, 0xF0, 0x78, 0x00, 0x00, 0x07, 0x39, 0xFE, 0x7F, 0x9E, 0x07,
    0x81, 0xC0, 0x70, 0x1C, 0x07, 0x01, 0xC0, 0x70, 0x1C, 0x07, 0x01, 0xC0, 0x00, 0xE0, 0x03, 0x80,
    0x06, 0x00, 0x1C, 0x00, 0x00, 0x00, 0x00, 0x03, 0xF8, 0x0F, 0xF8, 0x3F, 0xF8, 0xF0, 0x79, 0xC0,
    0x73, 0x80, 0x07, 0x80, 0x07, 0xE0, 0x07, 0xF8, 0x07, 0xFC, 0x00, 0xFC, 0x00, 0x79, 0x80, 0x77,
    0x80, 0xE7, 0x83, 0xCF, 0xFF, 0x8F, 0xFE, 0x07, 0xF0, 0x01, 0xC0, 0x1C, 0x00, 0xE0, 0x0E, 0x00,
    0x00, 0x00, 0x00, 0x7E, 0x07, 0xFC, 0x7F, 0xF3, 0xC3, 0x9C, 0x00, 0xF8, 0x03, 0xFC, 0x0F, 0xF0,
    0x03, 0xC0, 0x0E, 0x70, 0x73, 0xFF, 0x8F, 0xF8, 0x3F, 0x80, 0x0F, 0xE0, 0x3F, 0xE0, 0xFF, 0xE3,
    0xC1, 0xE7, 0x01, 0xCE, 0x00, 0x1E, 0x00, 0x1F, 0x80, 0x1F, 0xE0, 0x1F, 0xF0, 0x03, 0xF0, 0x01,
    0xE6, 0x01, 0xDE, 0x03, 0x9E, 0x0F, 0x3F, 0xFE, 0x3F, 0xF8, 0x1F, 0xC0, 0x06, 0x00, 0x0F, 0x00,
    0x06, 0x00, 0x3C, 0x00, 0xF0, 0x00, 0x1F, 0xC1, 0xFF, 0x1F, 0xFC, 0xF0, 0xE7, 0x00, 0x3E, 0x00,
    0xFF, 0x03, 0xFC, 0x00, 0xF0, 0x03, 0x9C, 0x1C, 0xFF, 0xE3, 0xFE, 0x0F, 0xE0, 0x0C, 0x00, 0x78,
    0x00, 0xC0, 0x1E, 0x01, 0xE0, 0x1C, 0x70, 0x1D, 0xC0, 0x1F, 0x00, 0x3C, 0x00, 0x00, 0x00, 0x00,
    0x03, 0xF8, 0x0F, 0xF8, 0x3F, 0xF8, 0xF0, 0x79, 0xC0, 0x73, 0x80, 0x07, 0x80, 0x07, 0xE0, 0x07,
    0xF8, 0x03, 0xFC, 0x00, 0xFC, 0x00, 0x79, 0x80, 0x77, 0x80, 0xE7, 0x83, 0xCF, 0xFF, 0x8F, 0xFE,
    0x07, 0xF0, 0x38, 0xE0, 0xEE, 0x03, 0xE0, 0x0E, 0x00, 0x00, 0x00, 0x00, 0x7E, 0x07, 0xFC, 0x7F,
    0xF3, 0xC3, 0x9C, 0x00, 0xF8, 0x03, 0xFC, 0x0F, 0xF0, 0x03, 0xC0, 0x0E, 0x70, 0x73, 0xFF, 0x8F,
    0xF8, 0x3F, 0x80, 0x38, 0x38, 0x38, 0x38, 0xFF, 0xFF, 0xFE, 0x38, 0x38, 0x38, 0x38, 0x38, 0x38,
    0x38, 0x38, 0x3E, 0x1F, 0x1F, 0x0C, 0x0F, 0x03, 0x0F, 0x0E, 0x1C, 0x60, 0x3B, 0x80, 0x7C, 0x00,
    0xE0, 0x00, 0x00, 0x00, 0x0F, 0xFF, 0xFF, 0xFF, 0xFF, 0xFC, 0x0E, 0x00, 0x38, 0x00, 0xE0, 0x03,
    0x80, 0x0E, 0x00, 0x38, 0x00, 0xE0, 0x03, 0x80, 0x0E, 0x00, 0x38, 0x00, 0xE0, 0x03, 0x80, 0x0E,
    0x00, 0x38, 0x00, 0xE0, 0x03, 0xC0, 0xE0, 0x38, 0xEE, 0x3B, 0x8E, 0x03, 0x83, 0xFC, 0xFF, 0x3F,
    0xC3, 0x80, 0xE0, 0x38, 0x0E, 0x03, 0x80, 0xE0, 0x38, 0x0E, 0x03, 0xF0, 0x7C, 0x0F, 0x00, 0x3F,
    0x83, 0xF8, 0x3F, 0x80, 0x00, 0xE0, 0x7E, 0x07, 0xE0, 0x7E, 0x07, 0xE0, 0x7E, 0x07, 0xE0, 0x7E,
    0x07, 0xE0, 0x7F, 0x0F, 0xF0, 0xFF, 0xFF, 0x7F, 0x73, 0xE7, 0x03, 0x80, 0x0F, 0x80, 0x33, 0x80,
    0x63, 0x00, 0xCE, 0x00, 0xF8, 0x00, 0xE0, 0x00, 0x00, 0xE0, 0x0F, 0xC0, 0x1F, 0x80, 0x3F, 0x00,
    0x7E, 0x00, 0xFC, 0x01, 0xF8, 0x03, 0xF0, 0x07, 0xE0, 0x0F, 0xC0, 0x1F, 0x80, 0x3F, 0x00, 0x7E,
    0x00, 0xFE, 0x03, 0xDE, 0x0F, 0x3F, 0xFE, 0x3F, 0xF8, 0x1F, 0xC0, 0x0F, 0x01, 0xF8, 0x19, 0x81,
    0x98, 0x1F, 0x80, 0xF0, 0x00, 0x0E, 0x07, 0xE0, 0x7E, 0x07, 0xE0, 0x7E, 0x07, 0xE0, 0x7E, 0x07,
    0xE0, 0x7E, 0x07, 0xF0, 0xFF, 0x0F, 0xFF, 0xF7, 0xF7, 0x3E, 0x70, 0x0F, 0x78, 0x1C, 0xE0, 0x33,
    0x80, 0xE6, 0x00, 0x00, 0x00, 0x00, 0x38, 0x03, 0xF0, 0x07, 0xE0, 0x0F, 0xC0, 0x1F, 0x80, 0x3F,
    0x00, 0x7E, 0x00, 0xFC, 0x01, 0xF8, 0x03, 0xF0, 0x07, 0xE0, 0x0F, 0xC0, 0x1F, 0x80, 0x3F, 0x80,
    0xF7, 0x83, 0xCF, 0xFF, 0x8F, 0xFE, 0x07, 0xF0, 0x1C, 0xE1, 0xDC, 0x39, 0xC3, 0xB8, 0x00, 0x00,
    0x00, 0xE0, 0x7E, 0x07, 0xE0, 0x7E, 0x07, 0xE0, 0x7E, 0x07, 0xE0, 0x7E, 0x07, 0xE0, 0x7F, 0x0F,
    0xF0, 0xFF, 0xFF, 0x7F, 0x73, 0xE7, 0xE0, 0x0F, 0xC0, 0x1F, 0x80, 0x3F, 0x00, 0x7E, 0x00, 0xFC,
    0x01, 0xF8, 0x03, 0xF0, 0x07, 0xE0, 0x0F, 0xC0, 0x1F, 0x80, 0x3F, 0x00, 0x7E, 0x00, 0xFE, 0x03,
    0xDE, 0x0F, 0xBF, 0xFE, 0x3F, 0xF8, 0x1F, 0xC0, 0x0E, 0x00, 0x38, 0x00, 0x7C, 0x00, 0xFC, 0x00,
    0xF8, 0x00, 0xE0, 0x77, 0x03, 0xB8, 0x1D, 0xC0, 0xEE, 0x07, 0x70, 0x3B, 0x81, 0xDC, 0x0E, 0xE0,
    0x77, 0x87, 0xBC, 0x3D, 0xFF, 0xE7, 0xF7, 0x1F, 0x38, 0x03, 0x80, 0x38, 0x01, 0xF0, 0x0F, 0xC0,
    0x3C, 0x03, 0x80, 0xE0, 0x1C, 0x07, 0x00, 0x01, 0xFF, 0xFF, 0xFF, 0xFF, 0x03, 0xC0, 0x70, 0x1E,
    0x07, 0x81, 0xE0, 0x38, 0x0F, 0x03, 0xC0, 0xFF, 0xFF, 0xFF, 0xFF, 0x80, 0x0E, 0x01, 0xC0, 0x38,
    0x07, 0x00, 0x00, 0x00, 0x3F, 0xFF, 0xFF, 0xFF, 0xE0, 0x78, 0x1E, 0x03, 0xC0, 0xF0, 0x3C, 0x0F,
    0x81, 0xE0, 0x78, 0x1F, 0xFF, 0xFF, 0xFF, 0xF0, 0x38, 0xE0, 0xEE, 0x03, 0xE0, 0x0E, 0x00, 0x00,
    0x00, 0x03, 0xFF, 0xFF, 0xFF, 0xFF, 0xF8, 0x07, 0x80, 0x38, 0x03, 0xC0, 0x3C, 0x01, 0xC0, 0x1E,
    0x01, 0xE0, 0x0E, 0x00, 0xF0, 0x0F, 0x00, 0x70, 0x07, 0x80, 0x7F, 0xFF, 0xFF, 0xFF, 0xFF, 0x71,
    0xC7, 0x70, 0x7C, 0x07, 0x00, 0x00, 0x00, 0x3F, 0xFF, 0xFF, 0xFF, 0xE0, 0x78, 0x0E, 0x03, 0xC0,
    0xF0, 0x3C, 0x0F, 0x01, 0xE0, 0x78, 0x1F, 0xFF, 0xFF, 0xFF, 0xF0, 0x00, 0x1C, 0x00, 0x70, 0x01,
    0xC3, 0xFF, 0x3F, 0xF9, 0xFF, 0xC7, 0x8F, 0x3C, 0x1E, 0xF0, 0x7B, 0x80, 0xEE, 0x03, 0xBC, 0x1E,
    0xF0, 0x79, 0xE3, 0xC7, 0xFF, 0x0F, 0xF8, 0x0F, 0x80, 0x00, 0x1C, 0x00, 0x70, 0x01, 0xF8, 0x1F,
    0xE0, 0x7F, 0x81, 0xEE, 0x07, 0x38, 0x1C, 0xE0, 0x73, 0x81, 0xCE, 0x07, 0x38, 0x1C, 0xF0, 0xF3,
    0xC3, 0xCF, 0xFF, 0x1F, 0xDC, 0x3E, 0x70, 0x0F, 0xE0, 0x3F, 0xE0, 0xFF, 0xE3, 0xC1, 0xE7, 0x01,
    0xCE, 0x00, 0x1E, 0x00, 0x1F, 0x80, 0x1F, 0xE0, 0x1F, 0xF0, 0x03, 0xF0, 0x01, 0xE6, 0x01, 0xDE,
    0x03, 0x9E, 0x0F, 0x3F, 0xFE, 0x3F, 0xF8, 0x1F, 0xC0, 0x00, 0x00, 0x1C, 0x00, 0x70, 0x00, 0xE0,
    0x01, 0xC0, 0x03, 0x00, 0x1F, 0x81, 0xFF, 0x1F, 0xFC, 0xF0, 0xE7, 0x00, 0x3E, 0x00, 0xFF, 0x03,
    0xFC, 0x00, 0xF0, 0x03, 0x9C, 0x1C, 0xFF, 0xE3, 0xFE, 0x0F, 0xE0, 0x00, 0x00, 0xE0, 0x07, 0x00,
    0x70, 0x03, 0x80, 0x1C, 0x00, 0xFF, 0xFF, 0xFF, 0xFF, 0xFF, 0xC0, 0xE0, 0x03, 0x80, 0x0E, 0x00,
    0x38, 0x00, 0xE0, 0x03, 0x80, 0x0E, 0x00, 0x38, 0x00, 0xE0, 0x03, 0x80, 0x0E, 0x00, 0x38, 0x00,
    0xE0, 0x03, 0x80, 0x0E, 0x00, 0x00, 0x00, 0xE0, 0x07, 0x00, 0x1C, 0x00, 0x70, 0x01, 0x80, 0x38,
    0x1C, 0x0E, 0x07, 0x0F, 0xF7, 0xFB, 0xFC, 0x70, 0x38, 0x1C, 0x0E, 0x07, 0x03, 0x81, 0xC0, 0xE0,
    0x7E, 0x1F, 0x07, 0x80, 0x03, 0x81, 0xC0, 0xE0, 0xE0, 0x70, 0x07, 0xF0, 0x1F, 0xF8, 0x3F, 0xFE,
    0x7C, 0x1E, 0x78, 0x0F, 0xF0, 0x07, 0xF0, 0x00, 0xFF, 0xC0, 0xFF, 0xC0, 0xFF, 0xC0, 0xE0, 0x00,
    0xF0, 0x00, 0xF0, 0x0F, 0x78, 0x0E, 0x7C, 0x1E, 0x3F, 0xFC, 0x1F, 0xF8, 0x07, 0xE0, 0xEE, 0xEE,
    0xEE, 0xEE, 0xEE, 0xEE, 0xEE, 0xEE, 0xEE, 0x03, 0xE0, 0x00, 0xFC, 0x00, 0x3F, 0x00, 0x1F, 0xC0,
    0x07, 0x78, 0x01, 0xCE, 0x00, 0xF3, 0xC0, 0x3C, 0xF0, 0x0E, 0x1C, 0x07, 0x87, 0x81, 0xE1, 0xE0,
    0x7F, 0xF8, 0x3F, 0xFF, 0x0F, 0xFF, 0xC7, 0x80, 0x79, 0xE0, 0x1E, 0x78, 0x07, 0xBC, 0x00, 0xF0,
    0xFF, 0xF3, 0xFF, 0xCF, 0xFE, 0x38, 0x00, 0xE0, 0x03, 0x80, 0x0E, 0x00, 0x3F, 0xF0, 0xFF, 0xF3,
    0xFF, 0xEE, 0x07, 0xB8, 0x0E, 0xE0, 0x3B, 0x80, 0xEE, 0x07, 0xBF, 0xFC, 0xFF, 0xF3, 0xFF, 0x00,
    0xFF, 0xC3, 0xFF, 0xCF, 0xFF, 0xB8, 0x1E, 0xE0, 0x3B, 0x80, 0xEE, 0x07, 0xBF, 0xFC, 0xFF, 0xE3,
    0xFF, 0xCE, 0x0F, 0xB8, 0x1E, 0xE0, 0x3B, 0x80, 0xEE, 0x07, 0xBF, 0xFE, 0xFF, 0xF3, 0xFF, 0x00,
    0xFF, 0xFF, 0xFF, 0xFF, 0xEE, 0x00, 0xE0, 0x0E, 0x00, 0xE0, 0x0E, 0x00, 0xE0, 0x0E, 0x00, 0xE0,
    0x0E, 0x00, 0xE0, 0x0E, 0x00, 0xE0, 0x0E, 0x00, 0xE0, 0x0E, 0x00, 0x07, 0xFF, 0x80, 0x7F, 0xF8,
    0x07, 0xFF, 0x80, 0xF0, 0x38, 0x0F, 0x03, 0x80, 0xF0, 0x38, 0x0F, 0x03, 0x80, 0xF0, 0x38, 0x0E,
    0x03, 0x80, 0xE0, 0x38, 0x0E, 0x03, 0x80, 0xE0, 0x38, 0x1E, 0x03, 0x81, 0xC0, 0x38, 0x3C, 0x03,
    0x8F, 0xFF, 0xFE, 0xFF, 0xFF, 0xEF, 0xFF, 0xFE, 0xE0, 0x00, 0xEE, 0x00, 0x0E, 0xE0, 0x00, 0xEE,
    0x00, 0x0E, 0xE0, 0x00, 0xE0, 0xFF, 0xFF, 0xFF, 0xFF, 0xFE, 0x00, 0xE0, 0x0E, 0x00, 0xE0, 0x0F,
    0xFE, 0xFF, 0xEF, 0xFE, 0xE0, 0x0E, 0x00, 0xE0, 0x0E, 0x00, 0xE0, 0x0F, 0xFF, 0xFF, 0xFF, 0xFF,
    0x78, 0x1C, 0x0F, 0x1E, 0x0E, 0x07, 0x8F, 0x07, 0x07, 0x83, 0xC3, 0x87, 0x80, 0xF1, 0xC3, 0xC0,
    0x78, 0xE3, 0xC0, 0x1E, 0x71, 0xC0, 0x07, 0xFF, 0xE0, 0x03, 0xFF, 0xF0, 0x03, 0xFF, 0xF8, 0x01,
    0xC7, 0x1E, 0x01, 0xE3, 0x8F, 0x01, 0xE1, 0xC3, 0xC0, 0xF0, 0xE1, 0xE0, 0xF0, 0x70, 0x78, 0x78,
    0x38, 0x1E, 0x78, 0x1C, 0x0F, 0x3C, 0x0E, 0x03, 0xC0, 0x1F, 0xC0, 0xFF, 0xC7, 0xFF, 0x3C, 0x1E,
    0xE0, 0x38, 0x01, 0xE0, 0x0F, 0x81, 0xF8, 0x07, 0xE0, 0x1F, 0xC0, 0x07, 0x80, 0x0E, 0x00, 0x3B,
    0x80, 0xEF, 0x07, 0x9F, 0xFC, 0x3F, 0xE0, 0x7F, 0x00, 0xE0, 0x1E, 0xE0, 0x3E, 0xE0, 0x3E, 0xE0,
    0x7E, 0xE0, 0x7E, 0xE0, 0xEE, 0xE1, 0xEE, 0xE1, 0xCE, 0xE3, 0xCE, 0xE7, 0x8E, 0xE7, 0x8E, 0xEF,
    0x0E, 0xFE, 0x0E, 0xFE, 0x0E, 0xFC, 0x0E, 0xF8, 0x0E, 0xF8, 0x0E, 0xF0, 0x0E, 0x18, 0x60, 0x1C,
    0xE0, 0x0F, 0xC0, 0x07, 0x80, 0x00, 0x00, 0x00, 0x00, 0xE0, 0x1E, 0xE0, 0x3E, 0xE0, 0x3E, 0xE0,
    0x7E, 0xE0, 0xFE, 0xE0, 0xEE, 0xE1, 0xEE, 0xE1, 0xCE, 0xE3, 0xCE, 0xE7, 0x8E, 0xE7, 0x0E, 0xEF,
    0x0E, 0xFE, 0x0E, 0xFC, 0x0E, 0xFC, 0x0E, 0xF8, 0x0E, 0xF8, 0x0E, 0xF0, 0x0E, 0xE0, 0x3E, 0xE0,
    0x3C, 0xE0, 0x78, 0xE0, 0xF0, 0xE1, 0xE0, 0xE1, 0xE0, 0xE3, 0xC0, 0xFF, 0x80, 0xFF, 0x80, 0xFF,
    0x80, 0xE3, 0xC0, 0xE3, 0xC0, 0xE1, 0xE0, 0xE0, 0xF0, 0xE0, 0x78, 0xE0, 0x78, 0xE0, 0x3C, 0xE0,
    0x1E, 0x0F, 0xFF, 0x07, 0xFF, 0x83, 0xFF, 0xC1, 0xC0, 0xE0, 0xE0, 0x70, 0x70, 0x38, 0x38, 0x1C,
    0x1C, 0x0E, 0x0E, 0x07, 0x0F, 0x03, 0x87, 0x81, 0xC3, 0xC0, 0xE1, 0xE0, 0x70, 0xE0, 0x38, 0x70,
    0x1C, 0xF8, 0x0E, 0xF8, 0x07, 0x78, 0x03, 0x80, 0xF8, 0x03, 0xEF, 0xC0, 0x3E, 0xFC, 0x07, 0xEF,
    0xC0, 0x7E, 0xFE, 0x0F, 0xEE, 0xE0, 0xEE, 0xEE, 0x0E, 0xEE, 0xF1, 0xEE, 0xE7, 0x1C, 0xEE, 0x71,
    0xCE, 0xE7, 0xBC, 0xEE, 0x3B, 0x8E, 0xE3, 0xB8, 0xEE, 0x3F, 0x8E, 0xE1, 0xF0, 0xEE, 0x1F, 0x0E,
    0xE0, 0xF0, 0xEE, 0x0E, 0x0E, 0xE0, 0x0F, 0xC0, 0x1F, 0x80, 0x3F, 0x00, 0x7E, 0x00, 0xFC, 0x01,
    0xF8, 0x03, 0xFF, 0xFF, 0xFF, 0xFF, 0xFF, 0xFF, 0x80, 0x3F, 0x00, 0x7E, 0x00, 0xFC, 0x01, 0xF8,
    0x03, 0xF0, 0x07, 0xE0, 0x0F, 0xC0, 0x1C, 0x07, 0xF0, 0x0F, 0xFE, 0x0F, 0xFF, 0x8F, 0x83, 0xE7,
    0x80, 0xF7, 0x80, 0x3F, 0xC0, 0x1F, 0xC0, 0x07, 0xE0, 0x03, 0xF0, 0x01, 0xF8, 0x00, 0xFE, 0x00,
    0xFF, 0x00, 0x7B, 0xC0, 0x79, 0xF0, 0x7C, 0x7F, 0xFC, 0x1F, 0xFC, 0x03, 0xF8, 0x00, 0xFF, 0xFF,
    0xFF, 0xFF, 0xFF, 0xFF, 0x00, 0x7E, 0x00, 0xFC, 0x01, 0xF8, 0x03, 0xF0, 0x07, 0xE0, 0x0F, 0xC0,
    0x1F, 0x80, 0x3F, 0x00, 0x7E, 0x00, 0xFC, 0x01, 0xF8, 0x03, 0xF0, 0x07, 0xE0, 0x0F, 0xC0, 0x1C,
    0xFF, 0xC3, 0xFF, 0xCF, 0xFF, 0x38, 0x1E, 0xE0, 0x3B, 0x80, 0xEE, 0x03, 0xB8, 0x1E, 0xE0, 0xFB,
    0xFF, 0xCF, 0xFE, 0x3F, 0xE0, 0xE0, 0x03, 0x80, 0x0E, 0x00, 0x38, 0x00, 0xE0, 0x03, 0x80, 0x00,
    0x07, 0xF0, 0x1F, 0xF8, 0x3F, 0xFC, 0x7C, 0x1E, 0x78, 0x0F, 0xF0, 0x0F, 0xF0, 0x00, 0xE0, 0x00,
    0xE0, 0x00, 0xE0, 0x00, 0xE0, 0x00, 0xF0, 0x00, 0xF0, 0x0F, 0x78, 0x0F, 0x7C, 0x1E, 0x3F, 0xFC,
    0x1F, 0xF8, 0x07, 0xF0, 0xFF, 0xFF, 0xFF, 0xFF, 0xFF, 0xC0, 0xE0, 0x03, 0x80, 0x0E, 0x00, 0x38,
    0x00, 0xE0, 0x03, 0x80, 0x0E, 0x00, 0x38, 0x00, 0xE0, 0x03, 0x80, 0x0E, 0x00, 0x38, 0x00, 0xE0,
    0x03, 0x80, 0x0E, 0x00, 0xF0, 0x0F, 0x78, 0x0E, 0x78, 0x1E, 0x3C, 0x1E, 0x3C, 0x3C, 0x1E, 0x3C,
    0x1E, 0x38, 0x0E, 0x78, 0x0F, 0x70, 0x07, 0x70, 0x07, 0xF0, 0x03, 0xE0, 0x03, 0xE0, 0x01, 0xC0,
    0x03, 0xC0, 0x1F, 0x80, 0x1F, 0x80, 0x1E, 0x00, 0x00, 0xE0, 0x00, 0x1C, 0x00, 0x03, 0x80, 0x03,
    0xFC, 0x01, 0xFF, 0xF0, 0x7F, 0xFF, 0x1F, 0x39, 0xF3, 0xC7, 0x1E, 0xF0, 0xE1, 0xFE, 0x1C, 0x3F,
    0x83, 0x87, 0xF0, 0x70, 0xFE, 0x0E, 0x1F, 0xE1, 0xC3, 0xDC, 0x38, 0x73, 0xC7, 0x3E, 0x3F, 0xFF,
    0x83, 0xFF, 0xE0, 0x1F, 0xF0, 0x00, 0x70, 0x00, 0x0E, 0x00, 0x01, 0xC0, 0x00, 0x78, 0x07, 0x8F,
    0x03, 0xC1, 0xE1, 0xE0, 0x78, 0x78, 0x0F, 0x3C, 0x01, 0xFE, 0x00, 0x7F, 0x00, 0x0F, 0xC0, 0x01,
    0xE0, 0x00, 0x78, 0x00, 0x3F, 0x00, 0x1F, 0xE0, 0x0F, 0x3C, 0x03, 0xCF, 0x01, 0xE1, 0xE0, 0xF0,
    0x3C, 0x3C, 0x0F, 0x1E, 0x01, 0xE0, 0xE0, 0x1C, 0x70, 0x0E, 0x38, 0x07, 0x1C, 0x03, 0x8E, 0x01,
    0xC7, 0x00, 0xE3, 0x80, 0x71, 0xC0, 0x38, 0xE0, 0x1C, 0x70, 0x0E, 0x38, 0x07, 0x1C, 0x03, 0x8E,
    0x01, 0xC7, 0x00, 0xE3, 0x80, 0x71, 0xFF, 0xFE, 0xFF, 0xFF, 0x7F, 0xFF, 0x80, 0x01, 0xC0, 0x00,
    0xE0, 0x00, 0x70, 0x00, 0x38, 0xE0, 0x1F, 0x80, 0x7E, 0x01, 0xF8, 0x07, 0xE0, 0x1F, 0x80, 0x7F,
    0x01, 0xFC, 0x0F, 0x7F, 0xFD, 0xFF, 0xF1, 0xFD, 0xC0, 0x07, 0x00, 0x1C, 0x00, 0x70, 0x01, 0xC0,
    0x07, 0x00, 0x1C, 0x00, 0x70, 0xE0, 0x70, 0x7F, 0x03, 0x83, 0xF8, 0x1C, 0x1F, 0xC0, 0xE0, 0xFE,
    0x07, 0x07, 0xF0, 0x38, 0x3F, 0x81, 0xC1, 0xFC, 0x0E, 0x0F, 0xE0, 0x70, 0x7F, 0x03, 0x83, 0xF8,
    0x1C, 0x1F, 0xC0, 0xE0, 0xFE, 0x07, 0x07, 0xF0, 0x38, 0x3F, 0x81, 0xC1, 0xFF, 0xFF, 0xFF, 0xFF,
    0xFF, 0xFF, 0xFF, 0xFF, 0xC0, 0xE0, 0x70, 0x39, 0xC0, 0xE0, 0x73, 0x81, 0xC0, 0xE7, 0x03, 0x81,
    0xCE, 0x07, 0x03, 0x9C, 0x0E, 0x07, 0x38, 0x1C, 0x0E, 0x70, 0x38, 0x1C, 0xE0, 0x70, 0x39, 0xC0,
    0xE0, 0x73, 0x81, 0xC0, 0xE7, 0x03, 0x81, 0xCE, 0x07, 0x03, 0x9C, 0x0E, 0x07, 0x38, 0x1C, 0x0E,
    0x7F, 0xFF, 0xFF, 0xFF, 0xFF, 0xFF, 0xFF, 0xFF, 0xFC, 0x00, 0x00, 0x38, 0x00, 0x00, 0x70, 0x00,
    0x00, 0xE0, 0x00, 0x01, 0xC0, 0xE0, 0x00, 0xFC, 0x00, 0x1F, 0x80, 0x03, 0xF0, 0x00, 0x7E, 0x00,
    0x0F, 0xC0, 0x01, 0xFF, 0xE0, 0x3F, 0xFF, 0x07, 0xFF, 0xF0, 0xFC, 0x1F, 0x1F, 0x81, 0xE3, 0xF0,
    0x1C, 0x7E, 0x03, 0x8F, 0xC0, 0x71, 0xF8, 0x1E, 0x3F, 0xFF, 0x87, 0xFF, 0xE0, 0xFF, 0xF8, 0x1C,
    0xE0, 0x03, 0x80, 0x0E, 0x00, 0x38, 0x00, 0xE0, 0x03, 0x80, 0x0F, 0xF8, 0x3F, 0xF8, 0xFF, 0xF3,
    0x83, 0xEE, 0x07, 0xB8, 0x0E, 0xE0, 0x3B, 0x80, 0xEE, 0x07, 0xBF, 0xFC, 0xFF, 0xE3, 0xFF, 0x00,
    0x0F, 0xE0, 0x0F, 0xFC, 0x1F, 0xFF, 0x0F, 0x03, 0xCF, 0x00, 0xE7, 0x00, 0x78, 0x00, 0x1C, 0x07,
    0xFE, 0x03, 0xFF, 0x01, 0xFF, 0x80, 0x01, 0xC0, 0x00, 0xEF, 0x00, 0xF3, 0x80, 0x71, 0xE0, 0x78,
    0x7F, 0xF8, 0x1F, 0xF8, 0x03, 0xF0, 0x00, 0x0F, 0xFC, 0x3F, 0xF8, 0xFF, 0xF3, 0xC0, 0xE7, 0x81,
    0xCE, 0x03, 0x9C, 0x07, 0x3C, 0x0E, 0x3F, 0xFC, 0x3F, 0xF8, 0x3F, 0xF0, 0x70, 0xE1, 0xE1, 0xC3,
    0x83, 0x8F, 0x07, 0x1C, 0x0E, 0x78, 0x1D, 0xE0, 0x38, 0x1F, 0x83, 0xFE, 0x7F, 0xF7, 0x0F, 0x00,
    0x70, 0x0F, 0x3F, 0xF7, 0xFF, 0xF0, 0x7E, 0x07, 0xF0, 0xFF, 0xFF, 0x7F, 0x73, 0xE7, 0x00, 0x70,
    0x3F, 0x87, 0xF8, 0x7F, 0x07, 0x00, 0x33, 0xF3, 0xBF, 0xDF, 0x1E, 0xF0, 0x7F, 0x83, 0xF8, 0x0F,
    0xC0, 0x7E, 0x03, 0xF8, 0x3D, 0xC1, 0xCF, 0xFE, 0x3F, 0xE0, 0x7C, 0x00, 0xFF, 0x8F, 0xFC, 0xFF,
    0xEE, 0x0E, 0xE1, 0xEF, 0xFC, 0xFF, 0x8F, 0xFE, 0xE0, 0xFE, 0x07, 0xE0, 0xFF, 0xFF, 0xFF, 0xEF,
    0xFC, 0xFF, 0xFF, 0xFF, 0xFC, 0x0E, 0x07, 0x03, 0x81, 0xC0, 0xE0, 0x70, 0x38, 0x1C, 0x0E, 0x07,
    0x00, 0x1F, 0xF8, 0x1F, 0xF8, 0x1F, 0xF8, 0x1C, 0x38, 0x1C, 0x38, 0x1C, 0x38, 0x1C, 0x38, 0x1C,
    0x38, 0x3C, 0x38, 0x38, 0x38, 0x38, 0x38, 0xFF, 0xFE, 0xFF, 0xFE, 0xFF, 0xFE, 0xE0, 0x0E, 0xE0,
    0x0E, 0xE0, 0x0E, 0xE0, 0x0E, 0xE0, 0x0E, 0x0F, 0xC1, 0xFF, 0x1F, 0xFC, 0xE0, 0xEF, 0x07, 0xFF,
    0xFF, 0xFF, 0xFF, 0xFF, 0xE0, 0x07, 0x80, 0x1C, 0x1E, 0xFF, 0xE3, 0xFE, 0x07, 0xE0, 0x78, 0x70,
    0xF1, 0xC3, 0x87, 0x8F, 0x1C, 0x78, 0x3C, 0xE7, 0x80, 0xE7, 0x3C, 0x07, 0xBB, 0xC0, 0x1F, 0xFC,
    0x00, 0xFF, 0xE0, 0x0F, 0xFF, 0x80, 0x7B, 0xBC, 0x07, 0x9C, 0xF0, 0x78, 0xE3, 0xC3, 0xC7, 0x0F,
    0x3C, 0x38, 0x78, 0x3F, 0x1F, 0xEF, 0xFF, 0x87, 0x03, 0xC3, 0xE0, 0xF0, 0x3E, 0x03, 0xC0, 0x7F,
    0x3F, 0xFF, 0x7F, 0x8F, 0xC0, 0xE0, 0x7E, 0x0F, 0xE1, 0xFE, 0x1F, 0xE3, 0xFE, 0x7F, 0xE7, 0x7E,
    0xE7, 0xFE, 0x7F, 0xC7, 0xF8, 0x7F, 0x87, 0xF0, 0x7E, 0x07, 0x30, 0xC3, 0x9C, 0x1F, 0x80, 0xF0,
    0x00, 0x00, 0x00, 0xE0, 0x7E, 0x0F, 0xE1, 0xFE, 0x1F, 0xE3, 0xFE, 0x7F, 0xE7, 0x7E, 0xE7, 0xFE,
    0x7F, 0xC7, 0xF8, 0x7F, 0x87, 0xF0, 0x7E, 0x07, 0xE0, 0xF7, 0x0F, 0x38, 0x79, 0xC7, 0x8E, 0x78,
    0x73, 0xC3, 0xFC, 0x1F, 0xE0, 0xFF, 0x87, 0x3C, 0x38, 0xF1, 0xC3, 0xCE, 0x1E, 0x70, 0x78, 0x1F,
    0xF8, 0x7F, 0xE1, 0xFF, 0x87, 0x0E, 0x1C, 0x38, 0x70, 0xE1, 0xC3, 0x87, 0x0E, 0x1C, 0x38, 0x70,
    0xE3, 0xC3, 0x9F, 0x0E, 0xF8, 0x3B, 0xC0, 0xE0, 0xF8, 0x0F, 0xFE, 0x0F, 0xFF, 0x07, 0xFF, 0x87,
    0xFF, 0xE3, 0xFF, 0x71, 0xDF, 0xBD, 0xEF, 0xCE, 0xE7, 0xE7, 0x73, 0xF3, 0xB9, 0xF8, 0xF8, 0xFC,
    0x7C, 0x7E, 0x3C, 0x3F, 0x0E, 0x1C, 0xE0, 0x7E, 0x07, 0xE0, 0x7E, 0x07, 0xE0, 0x7F, 0xFF, 0xFF,
    0xFF, 0xFF, 0xE0, 0x7E, 0x07, 0xE0, 0x7E, 0x07, 0xE0, 0x7E, 0x07, 0x0F, 0x81, 0xFF, 0x1F, 0xFC,
    0xF1, 0xEF, 0x07, 0xF8, 0x3F, 0x80, 0xFC, 0x07, 0xF0, 0x7F, 0x83, 0xDE, 0x3C, 0xFF, 0xE3, 0xFE,
    0x07, 0xC0, 0xFF, 0xFF, 0xFF, 0xFF, 0xFE, 0x07, 0xE0, 0x7E, 0x07, 0xE0, 0x7E, 0x07, 0xE0, 0x7E,
    0x07, 0xE0, 0x7E, 0x07, 0xE0, 0x7E, 0x07, 0xE7, 0xC7, 0x7F, 0x3F, 0xFD, 0xF1, 0xFF, 0x07, 0xF0,
    0x3F, 0x80, 0xFC, 0x07, 0xF0, 0x7F, 0x83, 0xFE, 0x3D, 0xFF, 0xEF, 0xFE, 0x73, 0xE3, 0x80, 0x1C,
    0x00, 0xE0, 0x07, 0x00, 0x38, 0x00, 0x0F, 0x81, 0xFF, 0x1F, 0xFC, 0xF0, 0xEF, 0x07, 0x78, 0x03,
    0x80, 0x1C, 0x00, 0xF0, 0x07, 0x83, 0x9E, 0x1C, 0xFF, 0xE3, 0xFE, 0x07, 0xC0, 0xFF, 0xFF, 0xFF,
    0xFF, 0xF0, 0xE0, 0x0E, 0x00, 0xE0, 0x0E, 0x00, 0xE0, 0x0E, 0x00, 0xE0, 0x0E, 0x00, 0xE0, 0x0E,
    0x00, 0xE0, 0x70, 0x1C, 0xE0, 0x79, 0xE0, 0xE1, 0xC1, 0xC3, 0x87, 0x87, 0x8E, 0x07, 0x1C, 0x0E,
    0x78, 0x0E, 0xE0, 0x1D, 0xC0, 0x3F, 0x00, 0x3E, 0x00, 0x7C, 0x00, 0xF0, 0x01, 0xE0, 0x03, 0xC0,
    0x3F, 0x00, 0x7C, 0x00, 0xF0, 0x00, 0x01, 0xC0, 0x00, 0xE0, 0x00, 0x70, 0x00, 0x38, 0x00, 0xFF,
    0x81, 0xFF, 0xF1, 0xFF, 0xF8, 0xF3, 0x9E, 0xF1, 0xC7, 0xF8, 0xE3, 0xF8, 0x71, 0xFC, 0x38, 0xFF,
    0x1C, 0x7F, 0x8E, 0x3D, 0xE7, 0x3C, 0xFF, 0xFC, 0x3F, 0xFE, 0x07, 0xFC, 0x00, 0x70, 0x00, 0x38,
    0x00, 0x1C, 0x00, 0x0E, 0x00, 0x07, 0x00, 0x78, 0x38, 0xE1, 0xE3, 0xC7, 0x07, 0xBC, 0x0F, 0xE0,
    0x3F, 0x00, 0x7C, 0x01, 0xF0, 0x0F, 0xC0, 0x7B, 0x81, 0xCF, 0x0F, 0x1C, 0x38, 0x79, 0xE0, 0xF0,
    0xE0, 0x73, 0x81, 0xCE, 0x07, 0x38, 0x1C, 0xE0, 0x73, 0x81, 0xCE, 0x07, 0x38, 0x1C, 0xE0, 0x73,
    0x81, 0xCE, 0x07, 0x3F, 0xFF, 0xFF, 0xFF, 0xFF, 0xF0, 0x01, 0xC0, 0x07, 0x00, 0x1C, 0x00, 0x70,
    0xE0, 0xEE, 0x0E, 0xE0, 0xEE, 0x0E, 0xE0, 0xEE, 0x0E, 0xF0, 0xEF, 0xFE, 0x7F, 0xE1, 0xFE, 0x00,
    0xE0, 0x0E, 0x00, 0xE0, 0x0E, 0xE1, 0xC3, 0xB8, 0x70, 0xEE, 0x1C, 0x3B, 0x87, 0x0E, 0xE1, 0xC3,
    0xB8, 0x70, 0xEE, 0x1C, 0x3B, 0x87, 0x0E, 0xE1, 0xC3, 0xB8, 0x70, 0xEE, 0x1C, 0x3B, 0xFF, 0xFE,
    0xFF, 0xFF, 0xBF, 0xFF, 0xE0, 0xE1, 0xC1, 0xCE, 0x1C, 0x1C, 0xE1, 0xC1, 0xCE, 0x1C, 0x1C, 0xE1,
    0xC1, 0xCE, 0x1C, 0x1C, 0xE1, 0xC1, 0xCE, 0x1C, 0x1C, 0xE1, 0xC1, 0xCE, 0x1C, 0x1C, 0xE1, 0xC1,
    0xCF, 0xFF, 0xFF, 0xFF, 0xFF, 0xFF, 0xFF, 0xFF, 0x00, 0x00, 0x70, 0x00, 0x07, 0x00, 0x00, 0x70,
    0x00, 0x07, 0xFE, 0x00, 0xFE, 0x00, 0x7E, 0x00, 0x0E, 0x00, 0x0E, 0x00, 0x0F, 0xF8, 0x0F, 0xFE,
    0x0F, 0xFF, 0x0E, 0x0F, 0x0E, 0x07, 0x0E, 0x0F, 0x0F, 0xFF, 0x0F, 0xFE, 0x0F, 0xF8, 0xE0, 0x07,
    0x70, 0x03, 0xB8, 0x01, 0xDC, 0x00, 0xEE, 0x00, 0x77, 0xFC, 0x3B, 0xFF, 0x9D, 0xFF, 0xEE, 0xE0,
    0xF7, 0x70, 0x3B, 0xB8, 0x3D, 0xDF, 0xFE, 0xEF, 0xFE, 0x77, 0xFC, 0x38, 0xE0, 0x0E, 0x00, 0xE0,
    0x0E, 0x00, 0xE0, 0x0F, 0xF8, 0xFF, 0xEF, 0xFF, 0xE0, 0xFE, 0x07, 0xE0, 0xFF, 0xFF, 0xFF, 0xEF,
    0xF8, 0x0F, 0xC0, 0xFF, 0x87, 0xFF, 0x1C, 0x1E, 0x00, 0x78, 0x1F, 0xE0, 0x7F, 0x81, 0xFE, 0x00,
    0x39, 0xC1, 0xE7, 0x07, 0x9F, 0xFC, 0x3F, 0xE0, 0x3F, 0x00, 0xE0, 0x3E, 0x1C, 0x1F, 0xF3, 0x87,
    0xFF, 0x70, 0xE1, 0xEE, 0x3C, 0x1F, 0xFF, 0x03, 0xFF, 0xE0, 0x3F, 0xFC, 0x07, 0xE3, 0x81, 0xFC,
    0x78, 0x3F, 0x87, 0x0F, 0x70, 0xFF, 0xEE, 0x0F, 0xF9, 0xC0, 0x7C, 0x00, 0x1F, 0xF9, 0xFF, 0xDF,
    0xFE, 0xF0, 0x77, 0x03, 0xBC, 0x1D, 0xFF, 0xE7, 0xFF, 0x1F, 0xF8, 0xF1, 0xCF, 0x0E, 0x78, 0x77,
    0x83, 0xB8, 0x1C, 0x38, 0xE1, 0xC7, 0x0E, 0x38, 0x00, 0x00, 0x00, 0x07, 0xE0, 0xFF, 0x8F, 0xFE,
    0x70, 0x77, 0x83, 0xFF, 0xFF, 0xFF, 0xFF, 0xFF, 0xF0, 0x03, 0xC0, 0x0E, 0x0F, 0x7F, 0xF1, 0xFF,
    0x03, 0xF0, 0x0F, 0x81, 0xFF, 0x1F, 0xFC, 0xF0, 0xEF, 0x00, 0x7F, 0x83, 0xFC, 0x1F, 0xE0, 0xF0,
    0x07, 0x83, 0x9E, 0x1C, 0xFF, 0xE3, 0xFE, 0x07, 0xC0, 0xEE, 0xEE, 0x00, 0xEE, 0xEE, 0xEE, 0xEE,
    0xEE, 0xEE, 0xEE, 0xE3, 0xF1, 0xF8, 0xE0, 0x00, 0x00, 0xE0, 0x70, 0x38, 0x1C, 0x0E, 0x07, 0x03,
    0x81, 0xC0, 0xE0, 0x70, 0x38, 0x1C, 0x0E, 0x07, 0x00, 0x18, 0x60, 0x73, 0x80, 0xFC, 0x01, 0xE0,
    0x00, 0x00, 0x00, 0x0F, 0x03, 0xDC, 0x0E, 0x70, 0x79, 0xE1, 0xE3, 0x87, 0x0E, 0x3C, 0x3C, 0xF0,
    0x73, 0x81, 0xDE, 0x07, 0xF0, 0x0F, 0xC0, 0x3F, 0x00, 0x78, 0x01, 0xE0, 0x07, 0x00, 0x1C, 0x03,
    0xF0, 0x1F, 0x80, 0x7C, 0x00, 0x03, 0x80, 0xE0, 0x3B, 0xFE, 0xFF, 0xBF, 0xEE, 0x03, 0x80, 0xE0,
    0x38, 0x0E, 0x03, 0x80, 0xE0, 0x38, 0x0E, 0x03, 0x80, 0xE0, 0x00, 0x1F, 0xFE, 0x3F, 0xFC, 0x7F,
    0xF0, 0xE0, 0x01, 0xC0, 0x03, 0x80, 0x07, 0x00, 0x3F, 0xF0, 0xFF, 0xE1, 0xFF, 0xC0, 0x70, 0x00,
    0xE0, 0x01, 0xC0, 0x03, 0x80, 0x07, 0x00, 0x0E, 0x00, 0x1C, 0x00, 0x38, 0x00, 0x3F, 0xE7, 0xFC,
    0xFF, 0x9C, 0x03, 0x80, 0x70, 0x3F, 0xE7, 0xFC, 0x7F, 0x87, 0x00, 0xE0, 0x1C, 0x03, 0x80, 0x70,
    0x00, 0xE0, 0x3E, 0x70, 0x1E, 0x38, 0x1E, 0x1C, 0x1E, 0x0E, 0x1F, 0x07, 0x0F, 0x03, 0x8F, 0x01,
    0xFF, 0x00, 0xFF, 0x80, 0x7F, 0xC0, 0x38, 0xF0, 0x1C, 0x78, 0x0E, 0x1E, 0x07, 0x07, 0x83, 0x81,
    0xE1, 0xC0, 0xFE, 0xE0, 0x3F, 0x70, 0x0F, 0x80, 0x01, 0xC0, 0x00, 0xE0, 0x00, 0x70, 0x00, 0x38,
    0xE0, 0xF3, 0x87, 0x8E, 0x1E, 0x38, 0xF0, 0xE7, 0x83, 0x9C, 0x0F, 0xF0, 0x3F, 0xC0, 0xFF, 0x03,
    0x9E, 0x0E, 0x3C, 0x38, 0x7E, 0xE1, 0xFB, 0x83, 0xE0, 0x03, 0x80, 0x0E, 0x00, 0x38, 0x00, 0xE0,
    0xE0, 0x0E, 0x70, 0x07, 0x38, 0x03, 0x9C, 0x01, 0xCE, 0x00, 0xE7, 0x00, 0x73, 0x80, 0x39, 0xFF,
    0xFC, 0xFF, 0xFE, 0x7F, 0xFF, 0x38, 0x03, 0x9C, 0x01, 0xCE, 0x00, 0xE7, 0x00, 0x73, 0x80, 0x39,
    0xC0, 0x1F, 0xE0, 0x0F, 0xF0, 0x07, 0xC0, 0x00, 0xE0, 0x00, 0x70, 0x00, 0x38, 0x00, 0x1C, 0xE0,
    0x73, 0x81, 0xCE, 0x07, 0x38, 0x1C, 0xE0, 0x73, 0xFF, 0xCF, 0xFF, 0x3F, 0xFC, 0xE0, 0x73, 0x81,
    0xCE, 0x07, 0x38, 0x1F, 0xE0, 0x7F, 0x81, 0xF0, 0x01, 0xC0, 0x07, 0x00, 0x1C, 0x00, 0x70, 0xF8,
    0x07, 0xBC, 0x07, 0x8F, 0x03, 0x87, 0x83, 0xC1, 0xE3, 0xC0, 0x71, 0xE0, 0x3D, 0xE0, 0x0E, 0xE0,
    0x07, 0xF0, 0x01, 0xF0, 0x00, 0x78, 0x00, 0x38, 0x00, 0x1C, 0x00, 0x0E, 0x00, 0x07, 0x00, 0x03,
    0x80, 0x01, 0xC0, 0x00, 0xE0, 0x00, 0x70, 0x1C, 0xF0, 0x39, 0xE0, 0xF1, 0xC1, 0xC3, 0xC3, 0x83,
    0x8F, 0x07, 0x1C, 0x0F, 0x38, 0x0E, 0xF0, 0x1D, 0xC0, 0x3F, 0x80, 0x3F, 0x00, 0x7C, 0x00, 0xF8,
    0x00, 0xE0, 0x01, 0xC0, 0x03, 0x80, 0x07, 0x00, 0x0E, 0x00, 0x78, 0x07, 0x9E, 0x03, 0xC3, 0xC0,
    0xF0, 0xF0, 0x78, 0x1E, 0x3C, 0x03, 0x8F, 0x00, 0xF7, 0x80, 0x1F, 0xC0, 0x03, 0xF0, 0x00, 0xF8,
    0x00, 0x1C, 0x00, 0x07, 0x00, 0x1F, 0xFC, 0x07, 0xFF, 0x00, 0x1E, 0x00, 0x07, 0x00, 0x01, 0xC0,
    0x00, 0x70, 0x00, 0x78, 0x1E, 0xF0, 0x38, 0xE0, 0xF1, 0xC1, 0xC3, 0xC3, 0x83, 0x8F, 0x07, 0x1C,
    0x0F, 0x38, 0x0E, 0xF0, 0x1D, 0xC0, 0x3F, 0x80, 0x3E, 0x00, 0x7C, 0x00, 0xF8, 0x07, 0xFC, 0x0F,
    0xF8, 0x03, 0x80, 0x07, 0x00, 0x0E, 0x00, 0x0F, 0xE0, 0x1F, 0xF8, 0x7F, 0xFC, 0x78, 0x3E, 0xF0,
    0x1E, 0xE0, 0x0F, 0x00, 0x0F, 0xFF, 0xFF, 0xFF, 0xFF, 0xFF, 0xFF, 0xE0, 0x07, 0xF0, 0x0F, 0xF0,
    0x0F, 0x70, 0x1E, 0x78, 0x3E, 0x3F, 0xFC, 0x1F, 0xF8, 0x0F, 0xE0, 0x1F, 0x81, 0xFF, 0x1F, 0xFD,
    0xE0, 0xE0, 0x07, 0x80, 0x1F, 0xFF, 0xFF, 0xFF, 0xFF, 0xFF, 0x83, 0xDC, 0x1C, 0xFF, 0xE3, 0xFE,
    0x0F, 0xC0, 0x07, 0xF0, 0x0F, 0xFE, 0x0F, 0xFF, 0x8F, 0x83, 0xE7, 0x80, 0xF7, 0x80, 0x3F, 0xC0,
    0x1F, 0xFF, 0xFF, 0xFF, 0xFF, 0xFF, 0xFF, 0xF8, 0x00, 0xFE, 0x00, 0xFF, 0x00, 0x7B, 0xC0, 0x79,
    0xF0, 0x7C, 0x7F, 0xFC, 0x1F, 0xFC, 0x03, 0xF8, 0x00, 0x0F, 0x81, 0xFF, 0x1F, 0xFC, 0xF1, 0xEF,
    0x07, 0xFF, 0x3F, 0xFF, 0xFE, 0x7F, 0xF0, 0x7F, 0x83, 0xDE, 0x3C, 0xFF, 0xE3, 0xFE, 0x07, 0xC0,
    0x02, 0x7D, 0x80, 0x63, 0x37, 0xB0, 0x66, 0x66, 0x60, 0xFF, 0x5A, 0xD0, 0xB5, 0x80, 0x88, 0xC3,
    0x66, 0x60, 0x01, 0xCE, 0xCC, 0xD4, 0xE0, 0xE3, 0x11, 0x34, 0x43, 0xCD, 0x3E, 0x3C, 0x88, 0x3C,
    0x88, 0x37, 0xCC, 0x88, 0x88, 0x71, 0xDB, 0x6E, 0x28, 0xED, 0xB7, 0xBC, 0x14, 0x00, 0x39, 0xB4,
    0x5B, 0x79, 0x00, 0x9B, 0xE8, 0x9D, 0x62, 0x11, 0x1F, 0x00, 0x34, 0x43, 0x11, 0x3E, 0x11, 0x13,
    0x33, 0xEC, 0x03, 0x88, 0x67, 0x00, 0xE3, 0x11, 0x73, 0x68, 0xB6, 0x78, 0x20, 0x9D, 0x62, 0x34,
    0x43, 0x11, 0x1F, 0x00, 0x88, 0xC3, 0x01, 0xCE, 0xCC, 0xD4, 0xE0, 0x76, 0xF6, 0xE0, 0xFF, 0xDB,
    0xDB, 0x63, 0x63, 0xFB, 0xFB, 0x03, 0x03, 0xFB, 0xFB, 0x20, 0x23, 0x00, 0xF0, 0xDE, 0xC0, 0xDE,
    0xD8, 0xC0, 0xF8, 0x00, 0xF9, 0x08, 0x40, 0xF0, 0xF0, 0xC1, 0xE0, 0xF0, 0x60, 0xF0, 0x55, 0x01,
    0xFF, 0xFF, 0xF0, 0xFC, 0x00, 0xFF, 0xFF, 0xFF, 0xFF, 0xFF, 0xFF, 0xFF, 0xFF, 0xFF, 0xE0, 0xF0,
    0xF0, 0xEF, 0xFE, 0x00, 0x00, 0x00, 0xEF, 0xFE, 0xF0, 0xF0, 0x3F, 0x3F, 0xBF, 0xDE, 0x0F, 0x07,
    0x83, 0xC1, 0xE0, 0xF0, 0x78, 0x3C, 0x1E, 0x0F, 0xFF, 0xFF, 0xFE, 0xF2, 0x20, 0x7C, 0x0F, 0x1F,
    0x07, 0x87, 0xC3, 0xC1, 0xE1, 0xE0, 0x79, 0xF0, 0x7E, 0xF0, 0x7F, 0xF8, 0x7F, 0xF8, 0x3C, 0xF0,
    0x3E, 0x7C, 0x1E, 0x1E, 0x0F, 0x07, 0x87, 0x83, 0xE3, 0xC0, 0xF1, 0xE0, 0x7C, 0x7F, 0x81, 0xFF,
    0x87, 0xFE, 0x00, 0x7C, 0x00, 0xF0, 0x03, 0xC0, 0x0F, 0x00, 0x3C, 0x00, 0xF0, 0x03, 0xC0, 0x0F,
    0x00, 0x3C, 0xFF, 0xFF, 0xFF, 0xFF, 0xFF, 0x80, 0x3E, 0x0F, 0xC3, 0xF8, 0x3E, 0x07, 0x81, 0xE0,
    0x78, 0x1E, 0x07, 0x81, 0xE0, 0xF8, 0xFE, 0xFF, 0xBC, 0xFE, 0x38, 0x00, 0xFF, 0xFB, 0xFF, 0xEF,
    0xFF, 0x80, 0x38, 0x01, 0xE0, 0x07, 0x80, 0x1E, 0x00, 0x78, 0x01, 0xE0, 0x07, 0x80, 0x1E, 0x00,
    0x78, 0x01, 0xE0, 0x07, 0x80, 0x1E, 0x00, 0x7F, 0xF0, 0xFF, 0xF9, 0xFF, 0xF0, 0x01, 0xF0, 0x01,
    0xE0, 0x03, 0xC0, 0x07, 0xBC, 0x0F, 0x78, 0x1E, 0xF0, 0x3D, 0xE0, 0x7B, 0xC0, 0xF7, 0x81, 0xEF,
    0x03, 0xDE, 0x07, 0x80, 0x7E, 0xFD, 0xF8, 0xF1, 0xE3, 0xC7, 0x8F, 0x1E, 0x3C, 0x78, 0xF1, 0xE3,
    0xC7, 0x80, 0xFF, 0xFF, 0xFF, 0x1E, 0x3C, 0x78, 0x78, 0x78, 0x78, 0x78, 0x78, 0x78, 0x7C, 0x3C,
    0x3C, 0x7F, 0xF8, 0x7F, 0xFE, 0x7F, 0xFE, 0x3C, 0x1F, 0x3C, 0x0F, 0x3C, 0x0F, 0x3C, 0x0F, 0x3C,
    0x0F, 0x3C, 0x0F, 0x3C, 0x0F, 0x3C, 0x0F, 0x3C, 0x0F, 0x3C, 0x0F, 0x3C, 0x0F, 0x3C, 0x0F, 0xF3,
    0xE3, 0xCF, 0xEF, 0x3F, 0xBC, 0x1F, 0xF0, 0x3F, 0xC0, 0xFF, 0x03, 0xFC, 0x0F, 0xF0, 0x3F, 0xC0,
    0xFF, 0x87, 0xDF, 0x3E, 0x7F, 0xF8, 0xFF, 0xC0, 0xFC, 0x00, 0x7E, 0xFD, 0xF8, 0xF1, 0xE3, 0xC7,
    0x8F, 0x1E, 0x7F, 0xC3, 0xFF, 0x1F, 0xFC, 0x01, 0xF0, 0x07, 0x80, 0x3C, 0x01, 0xE0, 0x0F, 0x00,
    0x78, 0x03, 0xC0, 0x1E, 0x00, 0xF0, 0x07, 0x80, 0x3C, 0x01, 0xE0, 0x0F, 0x00, 0x78, 0x03, 0xC0,
    0x1E, 0x00, 0xF0, 0x7F, 0x07, 0xFC, 0xFF, 0xC0, 0x3E, 0x01, 0xE0, 0x0F, 0x00, 0xF0, 0x0F, 0x00,
    0xF0, 0x0F, 0x01, 0xF0, 0x3E, 0xFF, 0xEF, 0xFC, 0xFF, 0x00, 0xF0, 0x07, 0x80, 0x3C, 0x01, 0xE0,
    0x0F, 0xFF, 0xFF, 0xFB, 0xFF, 0xC0, 0x1E, 0x01, 0xF0, 0x0F, 0x00, 0x78, 0x07, 0xC0, 0x3C, 0x01,
    0xE0, 0x1E, 0x00, 0xF0, 0x07, 0x80, 0x78, 0x03, 0xC0, 0x7F, 0xF8, 0x7F, 0xFE, 0x7F, 0xFE, 0x3C,
    0x1F, 0x3C, 0x0F, 0x3C, 0x0F, 0x3C, 0x0F, 0x3C, 0x0F, 0x3C, 0x0F, 0x3C, 0x0F, 0x3C, 0x0F, 0x3C,
    0x0F, 0x3F, 0xFF, 0x3F, 0xFF, 0x3F, 0xFF, 0x78, 0xF8, 0x3C, 0xFF, 0x1E, 0xFF, 0xC7, 0xF3, 0xE3,
    0xE0, 0xF9, 0xF0, 0x3C, 0x78, 0x1E, 0x3C, 0x0F, 0x3C, 0x07, 0x9E, 0x03, 0xCF, 0x03, 0xC7, 0x83,
    0xE3, 0xCF, 0xE3, 0xE7, 0xE1, 0xE7, 0xE0, 0x7E, 0xFD, 0xF8, 0xF1, 0xE3, 0xC7, 0x8F, 0x1E, 0x3C,
    0x78, 0xF1, 0xE3, 0xC7, 0x8F, 0x1E, 0x3C, 0x78, 0xF0, 0x7C, 0x7E, 0x7F, 0x1F, 0x0F, 0x0F, 0x0F,
    0x0F, 0x0F, 0x0F, 0x0F, 0x0F, 0xFF, 0xFF, 0xFF, 0x7F, 0xF1, 0xFF, 0xF3, 0xFF, 0xF1, 0xE1, 0xF3,
    0x81, 0xEF, 0x03, 0xDE, 0x07, 0xBC, 0x0F, 0x78, 0x1E, 0xF0, 0x3D, 0xF0, 0xF9, 0xF3, 0xE3, 0xFF,
    0xC3, 0xFF, 0x01, 0xF8, 0x00, 0x00, 0x01, 0xE0, 0xF7, 0x83, 0xDE, 0x0F, 0x78, 0x3D, 0xE0, 0xF3,
    0xC3, 0xCF, 0x0F, 0x3C, 0x7C, 0xF1, 0xE1, 0xC7, 0x87, 0x3E, 0x1F, 0xF1, 0xFF, 0x8F, 0xFC, 0x3F,
    0xC0, 0xE0, 0x00, 0x00, 0x00, 0x1F, 0xC0, 0xFF, 0x87, 0xFF, 0x3E, 0x3E, 0xF0, 0x7B, 0xC0, 0xFF,
    0x03, 0xFF, 0x0F, 0x7C, 0x3C, 0xF0, 0xF0, 0x03, 0xC0, 0x0F, 0x00, 0x3C, 0x00, 0xF0, 0x03, 0xC0,
    0x0F, 0x00, 0x3C, 0x00, 0xF0, 0x03, 0xC0, 0x0F, 0x1F, 0xC1, 0xFF, 0x87, 0xFF, 0x3E, 0x3E, 0xF0,
    0x7B, 0xC0, 0xFF, 0x03, 0xFF, 0x0F, 0x7C, 0x3C, 0xF0, 0xF0, 0x07, 0x80, 0x7E, 0xFF, 0xF3, 0xFF,
    0x8F, 0xF8, 0x00, 0x78, 0x3D, 0xE0, 0xF7, 0xC3, 0xCF, 0x0F, 0x3C, 0x78, 0x79, 0xE1, 0xE7, 0x87,
    0xFC, 0x0F, 0xE0, 0x3F, 0x00, 0xF8, 0x01, 0xE0, 0x07, 0x80, 0x1E, 0x00, 0x3C, 0x00, 0xF0, 0x03,
    0xC0, 0x0F, 0x00, 0x1E, 0x00, 0x78, 0x7C, 0x3D, 0xF0, 0xF3, 0xE3, 0xC7, 0x8F, 0x1F, 0x78, 0x3F,
    0xE0, 0x7F, 0x01, 0xFC, 0x03, 0xE0, 0x07, 0x80, 0x1F, 0x00, 0x3C, 0x7F, 0xF9, 0xFF, 0xE7, 0xFF,
    0x80, 0x7F, 0xFF, 0xFF, 0xFF, 0xFF, 0xF8, 0x01, 0xE0, 0x03, 0xC0, 0x07, 0x80, 0x0F, 0x3C, 0x3C,
    0x78, 0x78, 0xF0, 0xF1, 0xE3, 0xC3, 0xC7, 0x87, 0x8F, 0x0F, 0x3E, 0x1E, 0x78, 0x3C, 0x00, 0x78,
    0x00, 0xF0, 0x01, 0xE0, 0x03, 0xC0, 0x00, 0x7F, 0x87, 0xFE, 0x7F, 0xE0, 0x1F, 0x00, 0xF0, 0x0F,
    0x00, 0xF0, 0x0F, 0x00, 0xF0, 0x0F, 0x00, 0xF0, 0x0F, 0x00, 0xF0, 0x0F, 0x00, 0xF0, 0xF3, 0xCF,
    0x79, 0xE7, 0xBC, 0xF3, 0xDE, 0x79, 0xEF, 0x3C, 0xF7, 0xBC, 0x7B, 0xFE, 0x3D, 0xFE, 0x1E, 0xFC,
    0x0F, 0x7C, 0x07, 0x9E, 0x07, 0xCF, 0xC7, 0xC3, 0xFF, 0xC0, 0xFF, 0xC0, 0x1F, 0xC0, 0x7F, 0xF8,
    0x7F, 0xFE, 0x7F, 0xFF, 0x1E, 0x1F, 0x1E, 0x0F, 0x1E, 0x0F, 0x1E, 0x0F, 0x1E, 0x0F, 0x1E, 0x0F,
    0x1E, 0x0F, 0x1E, 0x0F, 0x3E, 0x0F, 0x7E, 0x0F, 0xFC, 0x0F, 0xF8, 0x0F, 0x00, 0x00, 0x00, 0xF8,
    0x00, 0x3E, 0x00, 0x1F, 0x80, 0x01, 0xE0, 0x1F, 0xFB, 0xF7, 0xFE, 0xFD, 0xFF, 0xFF, 0x1F, 0xE3,
    0xC7, 0xB8, 0xF1, 0xE0, 0x3C, 0x78, 0x0F, 0x1E, 0x03, 0xC7, 0x80, 0xF0, 0x7E, 0x7E, 0xFC, 0xFD,
    0xF9, 0xF8, 0xF0, 0xF1, 0xE1, 0xE3, 0xC3, 0xC7, 0x87, 0x8F, 0x0F, 0x1E, 0x1E, 0x3C, 0x3C, 0x78,
    0x78, 0xF0, 0xF1, 0xE1, 0xE3, 0xC3, 0xC7, 0x87, 0x80, 0x7E, 0x3F, 0x7E, 0x3F, 0x7E, 0x3F, 0x1E,
    0x0F, 0x1E, 0x0F, 0x1E, 0x0F, 0x1E, 0x0F, 0x1E, 0x0F, 0x1E, 0x0F, 0x00, 0x0F, 0x00, 0x0F, 0x00,
    0x0F, 0x00, 0x0F, 0x00, 0x0F, 0x00, 0x0F, 0x7E, 0x3F, 0x7E, 0x3F, 0x7E, 0x3F, 0x1E, 0x0F, 0x1E,
    0x0F, 0x1E, 0x0F, 0x1E, 0x0F, 0x1E, 0x0F, 0x1E, 0x0F, 0x79, 0xE7, 0x9C, 0x71, 0xCE, 0x00, 0x79,
    0xEF, 0x39, 0xE7, 0x38, 0xE7, 0x3C, 0xE7, 0x38, 0xE0, 0x00, 0x00, 0x00, 0x00, 0x00, 0x00, 0x1C,
    0x00, 0x00, 0x03, 0x80, 0x00, 0x00, 0x60, 0x00, 0x00, 0x06, 0x0F, 0xFF, 0xFF, 0xFE, 0x7F, 0xFF,
    0xFF, 0xE0, 0x03, 0x00, 0x00, 0x00, 0x07, 0x33, 0xC6, 0x00, 0x00, 0x3F, 0x91, 0x77, 0xF0, 0x03,
    0xFE, 0x49, 0x9E, 0xFF, 0xFF, 0xF0, 0x45, 0x86, 0x0F, 0xFF, 0x80, 0x03, 0x80, 0x00, 0x00, 0x00,
    0x00, 0xC0, 0x00, 0x00, 0x00, 0x00, 0x3C, 0x00, 0x00, 0x00, 0xFC, 0x00, 0x00, 0x01, 0x08, 0x00,
    0x00, 0x03, 0x10, 0x00, 0x00, 0x07, 0xFF, 0xFF, 0xFF, 0xC7, 0xFF, 0xFF, 0xFF, 0x00, 0x00, 0x00,
    0x00, 0x00, 0x00, 0x01, 0xE0, 0x00, 0x04, 0xD8, 0x00, 0x03, 0x63, 0xC0, 0x01, 0xF1, 0xBF, 0xFF,
    0xFF, 0xE7, 0xFF, 0xF7, 0xF0, 0x00, 0x01, 0x00, 0x00, 0x00, 0x00, 0x00, 0x00, 0x00, 0x00, 0x00,
    0x00, 0x00, 0x00, 0x00, 0x00, 0x00, 0x80, 0x00, 0x00, 0x00, 0x00, 0x00, 0x00, 0xC0, 0x00, 0x00,
    0x00, 0x00, 0x00, 0x02, 0x70, 0x00, 0x00, 0x00, 0x00, 0x00, 0x03, 0x18, 0x00, 0x00, 0x00, 0x00,
    0x07, 0x01, 0x8C, 0x00, 0x00, 0x00, 0x00, 0x07, 0xE1, 0xE6, 0x00, 0x00, 0x00, 0x00, 0x06, 0x7F,
    0xFF, 0x00, 0x00, 0x00, 0x00, 0x02, 0x0F, 0xCF, 0x00, 0x00, 0x00, 0x00, 0x01, 0x00, 0x00, 0x10,
    0x00, 0x00, 0x00, 0x00, 0x80, 0x00, 0x0F, 0xFF, 0xFF, 0xFF, 0xFF, 0xF0, 0x00, 0x03, 0xFF, 0xFF,
    0xFF, 0xFF, 0xFC, 0x00, 0x00, 0x00, 0x00, 0x00, 0x00, 0x0E, 0x00, 0x00, 0x00, 0x00, 0x00, 0x00,
    0x00, 0x00, 0x00, 0x18, 0x00, 0x01, 0xBF, 0xC0, 0x1F, 0xB3, 0xFF, 0xFF, 0x00, 0x1F, 0xFC, 0x00,
    0x00, 0x01, 0x0A, 0x04, 0x2C, 0x18, 0xE0, 0x63, 0x00, 0xC4, 0x03, 0x10, 0x04, 0x40, 0x18, 0x3C,
    0x20, 0xC0, 0xC6, 0x01, 0x18, 0x06, 0xC0, 0x1B, 0x00, 0x38, 0x00, 0xE0, 0x01, 0x00, 0x04, 0x00,
    0x00, 0x00, 0x83, 0x01, 0x8C, 0x03, 0x18, 0x02, 0x38, 0x06, 0x20, 0x04, 0xC0, 0x0C, 0xE0, 0x08,
    0x1E, 0x18, 0x60, 0x10, 0xC0, 0x23, 0x00, 0x66, 0x00, 0x58, 0x00, 0xF0, 0x00, 0xC0, 0x01, 0x80,
    0x00, 0x00, 0x00, 0x00, 0x08, 0x00, 0x00, 0x60, 0x01, 0xC1, 0xC0, 0x0F, 0x83, 0x00, 0x67, 0x0C,
    0x01, 0x0C, 0x30, 0x04, 0x38, 0xC0, 0x18, 0xFE, 0x1C, 0x7F, 0xF1, 0xE0, 0xFE, 0x0E, 0x80, 0x18,
    0x02, 0x00, 0x60, 0x08, 0x03, 0x00, 0x30, 0x18, 0x00, 0xE1, 0xE0, 0x01, 0xFE, 0x00, 0x03, 0xE0,
    0x00, 0x00, 0x02, 0x08, 0x1C, 0xC1, 0xEC, 0x02, 0x60, 0x06, 0x00, 0x30, 0x03, 0x00, 0x18, 0x01,
    0x90, 0x0C, 0xCE, 0xCE, 0xF6, 0x33, 0x20, 0x00, 0x00, 0x00, 0x00, 0x00, 0x10, 0x40, 0x07, 0x30,
    0x03, 0xD8, 0x00, 0x26, 0x00, 0x03, 0x00, 0x00, 0xC0, 0x00, 0x60, 0x00, 0x18, 0x00, 0x0C, 0x80,
    0x43, 0x33, 0xB9, 0x9D, 0xEE, 0x63, 0x31, 0x90, 0x00, 0x00, 0x00, 0x00, 0x04, 0x01, 0xC0, 0x18,
    0x00, 0x00, 0x00, 0x0E, 0x03, 0xE0, 0xCC, 0x10, 0xC2, 0x18, 0x63, 0x0F, 0xE0, 0xF4, 0x00, 0x80,
    0xF3, 0xFC, 0x7C, 0x00, 0x00, 0x08, 0x03, 0x00, 0x60, 0x04, 0x00, 0x80, 0x10, 0x00, 0x00, 0x02,
    0x6C, 0xCE, 0xE0, 0x00, 0xCC, 0xC4, 0x62, 0x10, 0x1F, 0x00, 0x01, 0xF8, 0x00, 0x1C, 0xE0, 0x00,
    0x83, 0x00, 0x04, 0x08, 0x03, 0x38, 0x41, 0xF1, 0xFF, 0xFF, 0x03, 0xFF, 0xE0, 0x1E, 0x00, 0xFC,
    0x07, 0x10, 0x10, 0x00, 0x40, 0x01, 0x81, 0x87, 0x9E, 0x0F, 0xF0, 0x1F, 0x00, 0x30, 0x01, 0x80,
    0x0C, 0x00, 0x21, 0xF8, 0x8F, 0xE2, 0x70, 0xCB, 0x01, 0x38, 0x04, 0xC0, 0x37, 0xC3, 0x93, 0xFC,
    0xC7, 0xE0, 0x00, 0x00, 0x1A, 0xAC, 0x9C, 0x40, 0x00, 0x32, 0x8E, 0x9E, 0x40, 0x00, 0x00, 0xFC,
    0x8B, 0x14, 0xC0, 0x00, 0x60, 0x1A, 0xAA, 0xCA, 0x7A, 0x4E, 0x00, 0x00, 0x03, 0x3F, 0xC0, 0x00,
    0x82, 0x0B, 0x25, 0xE0, 0x06, 0x03, 0x80, 0x60, 0x18, 0x06, 0x0F, 0x84, 0x01, 0xFF, 0x02, 0x01,
    0x11, 0x16, 0x2C, 0x00, 0x66, 0x64, 0x1E, 0x00, 0x02, 0x6C, 0xCE, 0xE0, 0x00, 0x4E, 0x40, 0x40,
    0x10, 0x04, 0x01, 0x00, 0x60, 0x1E, 0x03, 0xC0, 0x30, 0x08, 0x02, 0x00, 0x88, 0x37, 0x0F, 0xC1,
    0xE0, 0x08, 0x1C, 0x1C, 0x00, 0x76, 0x76, 0x02, 0x00, 0x0F, 0x8F, 0xEE, 0x36, 0x02, 0x01, 0x80,
    0xF0, 0x3C, 0x06, 0x01, 0x00, 0x80, 0x00, 0x00, 0x70, 0x38, 0x08, 0x00, 0x00, 0x00, 0x07, 0x00,
    0x7C, 0x07, 0x00, 0x30, 0x03, 0x00, 0x10, 0x00, 0x80, 0x07, 0xC0, 0x1F, 0x80, 0x1C, 0x00, 0x60,
    0x06, 0x01, 0xE1, 0xFE, 0x07, 0xC0, 0x00, 0x03, 0x81, 0xF0, 0xCC, 0x20, 0x0C, 0x03, 0xFC, 0xFF,
    0x78, 0x00, 0x00, 0x00, 0x7E, 0x00, 0x00, 0x08, 0x08, 0x0C, 0x08, 0x08, 0x08, 0x08, 0x08, 0x08,
    0x08, 0x08, 0x08, 0x08, 0x08, 0x08, 0x08, 0x00, 0x6C, 0xFF, 0x82, 0x23, 0x32, 0x22, 0x22, 0x22,
    0x22, 0x22, 0x22, 0x00, 0x07, 0x01, 0x80, 0x20, 0x03, 0x80, 0xE0, 0x10, 0x01, 0xC0, 0x7C, 0x19,
    0xC2, 0x18, 0x41, 0x0C, 0x21, 0xFC, 0x1E, 0x80, 0x30, 0x06, 0x03, 0x8F, 0xE0, 0xF8, 0x00, 0x00,
    0x44, 0x66, 0x44, 0x44, 0x44, 0x44, 0x44, 0x44, 0x40, 0x6A, 0xFF, 0x80, 0x00, 0x00, 0x00, 0xE0,
    0x07, 0xCC, 0x38, 0x40, 0xC1, 0xE6, 0x07, 0x90, 0x10, 0x40, 0x41, 0xF1, 0x03, 0xF4, 0x03, 0xD0,
    0x03, 0x60, 0x19, 0xC3, 0xC3, 0xFE, 0x07, 0xC0, 0x49, 0x24, 0x92, 0x49, 0x24, 0x92, 0x40, 0x00,
    0x00, 0x00, 0x00, 0x60, 0x00, 0x18, 0x00, 0x06, 0x40, 0x01, 0x90, 0x00, 0x24, 0x00, 0x09, 0x80,
    0x06, 0x78, 0x1F, 0x8F, 0xFF, 0x81, 0xFF, 0x00, 0x00, 0x00, 0x00, 0x00, 0x00, 0x30, 0x00, 0x1C,
    0x00, 0x02, 0x00, 0x00, 0x00, 0x00, 0x04, 0x6E, 0x64, 0x00, 0x00, 0x18, 0x1C, 0x1E, 0x26, 0x63,
    0x43, 0x43, 0x66, 0x7E, 0x3C, 0x00, 0x00, 0x00, 0x98, 0x00, 0x76, 0x18, 0x18, 0x86, 0x00, 0x01,
    0x90, 0x00, 0x64, 0x00, 0x09, 0x00, 0x02, 0x60, 0x01, 0x9E, 0x07, 0xE3, 0xFF, 0xE0, 0x7F, 0xC0,
    0x00, 0x80, 0x00, 0x70, 0x00, 0x2E, 0x00, 0x1D, 0x86, 0x02, 0x21, 0x80, 0x00, 0x64, 0x00, 0x19,
    0x00, 0x02, 0x40, 0x00, 0x98, 0x00, 0x67, 0x81, 0xF8, 0xFF, 0xF8, 0x1F, 0xF0, 0x00, 0x3E, 0x00,
    0x7F, 0xC0, 0x63, 0xFC, 0x01, 0xFC, 0x07, 0xE0, 0x0F, 0x00, 0x1C, 0x00, 0x18, 0x00, 0x30, 0x00,
    0x20, 0xC0, 0x21, 0xC0, 0x20, 0x00, 0x20, 0x00, 0x30, 0x00, 0x1C, 0x0E, 0x0F, 0xFC, 0x07, 0xF0,
    0x3E, 0x00, 0x7F, 0xC0, 0x63, 0xFC, 0x01, 0xFC, 0x07, 0xE0, 0x0F, 0x00, 0x1C, 0x00, 0x18, 0x00,
    0x30, 0x00, 0x20, 0x00, 0x20, 0x00, 0x20, 0x00, 0x20, 0x00, 0x30, 0x00, 0x1C, 0x0E, 0x0F, 0xFC,
    0x07, 0xF0, 0x01, 0x80, 0x03, 0xC0, 0x01, 0x80, 0x00, 0x00, 0x00, 0x00, 0x3E, 0x00, 0x7F, 0xC0,
    0x63, 0xFC, 0x01, 0xFC, 0x07, 0xE0, 0x0F, 0x00, 0x1C, 0x00, 0x18, 0x00, 0x30, 0x00, 0x20, 0x00,
    0x20, 0x00, 0x20, 0x00, 0x20, 0x00, 0x30, 0x00, 0x1C, 0x0E, 0x0F, 0xFC, 0x07, 0xF0, 0x00, 0x02,
    0x03, 0x80, 0xC0, 0x70, 0x18, 0x0C, 0x03, 0xC3, 0x7F, 0x9F, 0x80, 0x00, 0x04, 0x07, 0x03, 0x00,
    0x00, 0x00, 0x10, 0x1C, 0x06, 0x03, 0x80, 0xC0, 0x60, 0x1E, 0x1B, 0xFC, 0xFC, 0x01, 0x00, 0xC0,
    0x30, 0x0E, 0x01, 0x80, 0x60, 0x0C, 0x03, 0x00, 0x80, 0x60, 0x18, 0x1C, 0x7E, 0x0F, 0x00, 0x00,
    0x01, 0x80, 0xE0, 0x08, 0x00, 0x00, 0x40, 0x30, 0x0C, 0x03, 0x80, 0x60, 0x18, 0x03, 0x00, 0xC0,
    0x20, 0x18, 0x06, 0x07, 0x1F, 0x83, 0xC0, 0x00, 0x00, 0x00, 0x00, 0x00, 0x06, 0x00, 0x00, 0x0E,
    0x00, 0x00, 0x46, 0x00, 0x30, 0xC6, 0x00, 0x30, 0xC6, 0x00, 0x30, 0xF2, 0x00, 0x3F, 0xFE, 0x40,
    0x1F, 0x3E, 0x40, 0x10, 0x00, 0x40, 0x10, 0x00, 0x40, 0x10, 0x00, 0x60, 0x70, 0x00, 0x71, 0xE0,
    0x00, 0x3F, 0xC0, 0x00, 0x1F, 0x00, 0x00, 0x00, 0x00, 0x80, 0x00, 0x00, 0xC0, 0x00, 0x01, 0x30,
    0x00, 0x03, 0x70, 0x00, 0x03, 0x20, 0x00, 0x00, 0x06, 0x00, 0x00, 0x0E, 0x00, 0x00, 0x46, 0x00,
    0x30, 0xC6, 0x00, 0x30, 0xC6, 0x00, 0x30, 0xF2, 0x00, 0x3F, 0xFE, 0x40, 0x1F, 0x3E, 0x40, 0x10,
    0x00, 0x40, 0x10, 0x00, 0x40, 0x10, 0x00, 0x60, 0x70, 0x00, 0x71, 0xE0, 0x00, 0x3F, 0xC0, 0x00,
    0x1F, 0x00, 0x00, 0x00, 0x00, 0x1E, 0x00, 0x00, 0x1F, 0xC0, 0x00, 0x0E, 0x78, 0x00, 0x06, 0x06,
    0x00, 0x33, 0x00, 0x80, 0x0D, 0x80, 0x60, 0x03, 0xC0, 0xF0, 0x00, 0xFF, 0xF8, 0x40, 0x1F, 0xF8,
    0x10, 0x04, 0x00, 0x04, 0x01, 0x00, 0x01, 0x00, 0x40, 0x00, 0x60, 0x30, 0x00, 0x1C, 0x78, 0x00,
    0x03, 0xFC, 0x00, 0x00, 0x7C, 0x00, 0x00, 0x00, 0x00, 0x40, 0x00, 0x00, 0x38, 0x00, 0x00, 0x0E,
    0x00, 0x00, 0x01, 0x00, 0x00, 0x00, 0x00, 0x00, 0x00, 0x00, 0x00, 0x00, 0x01, 0xE0, 0x00, 0x01,
    0xFC, 0x00, 0x00, 0xE7, 0x80, 0x00, 0x60, 0x60, 0x03, 0x30, 0x08, 0x00, 0xD8, 0x06, 0x00, 0x3C,
    0x0F, 0x00, 0x0F, 0xFF, 0x84, 0x01, 0xFF, 0x81, 0x00, 0x40, 0x00, 0x40, 0x10, 0x00, 0x10, 0x04,
    0x00, 0x06, 0x03, 0x00, 0x01, 0xC7, 0x80, 0x00, 0x3F, 0xC0, 0x00, 0x07, 0xC0, 0x00, 0x00, 0x04,
    0x00, 0x06, 0x00, 0x03, 0x00, 0x01, 0x80, 0x00, 0xC0, 0x00, 0x60, 0x00, 0x30, 0x00, 0x08, 0x00,
    0x04, 0x3C, 0x03, 0x3F, 0x81, 0xB9, 0xE0, 0xF0, 0x30, 0x70, 0x18, 0x30, 0x1F, 0xF0, 0x3C, 0xFF,
    0xFC, 0x1F, 0xF8, 0x00, 0x04, 0x00, 0x06, 0x00, 0x03, 0x00, 0x01, 0x83, 0x00, 0xC3, 0x80, 0x60,
    0x00, 0x30, 0x00, 0x08, 0x00, 0x04, 0x3C, 0x03, 0x3F, 0x81, 0xB9, 0xE0, 0xF0, 0x30, 0x70, 0x18,
    0x30, 0x1F, 0xF0, 0x3C, 0xFF, 0xFC, 0x1F, 0xF8, 0x00, 0x1E, 0x00, 0x7E, 0x01, 0xC4, 0x02, 0x00,
    0x04, 0x00, 0x0C, 0x0C, 0x1F, 0x78, 0x1F, 0xC0, 0x0E, 0x00, 0x30, 0x00, 0x40, 0x01, 0x80, 0x02,
    0x00, 0x04, 0x00, 0x08, 0x00, 0x18, 0x00, 0x1C, 0x06, 0x1F, 0xF8, 0x1F, 0xC0, 0x00, 0x00, 0x18,
    0x00, 0x70, 0x00, 0x60, 0x00, 0x00, 0x00, 0x00, 0x07, 0x80, 0x1F, 0x80, 0x71, 0x00, 0x80, 0x01,
    0x00, 0x03, 0x03, 0x07, 0xDE, 0x07, 0xF0, 0x03, 0x80, 0x0C, 0x00, 0x10, 0x00, 0x60, 0x00, 0x80,
    0x01, 0x00, 0x02, 0x00, 0x06, 0x00, 0x07, 0x01, 0x87, 0xFE, 0x07, 0xF0, 0x00, 0x40, 0x00, 0xB0,
    0xC0, 0x63, 0xE0, 0x07, 0xC0, 0x0F, 0x80, 0x0F, 0x00, 0x06, 0x00, 0x03, 0x80, 0x01, 0xF0, 0x00,
    0x1C, 0x00, 0x03, 0x00, 0x00, 0xC4, 0x00, 0x22, 0x00, 0x11, 0xC0, 0x78, 0xFF, 0xF8, 0x1F, 0xF0,
    0x00, 0x00, 0x00, 0x00, 0x00, 0xC0, 0x03, 0xE0, 0x07, 0xC0, 0x0F, 0x80, 0x0F, 0x00, 0x06, 0x00,
    0x03, 0x80, 0x01, 0xF0, 0x00, 0x1C, 0x00, 0x03, 0x00, 0x00, 0xC4, 0x00, 0x22, 0x00, 0x11, 0xC0,
    0x78, 0xFF, 0xF8, 0x1F, 0xF0, 0x00, 0x00, 0x00, 0x02, 0x00, 0x1B, 0x80, 0x0C, 0x80, 0x01, 0x80,
    0x00, 0xC0, 0x00, 0x00, 0x00, 0x00, 0x00, 0xE0, 0x07, 0xCC, 0x38, 0x78, 0xC1, 0x26, 0x00, 0x10,
    0x00, 0x40, 0x41, 0xF1, 0x03, 0xF4, 0x01, 0xD0, 0x03, 0x60, 0x19, 0xC3, 0xC3, 0xFE, 0x07, 0xC0,
    0x00, 0x00, 0x00, 0x38, 0x00, 0xF8, 0x23, 0x86, 0xE6, 0x1C, 0xD8, 0x00, 0x20, 0x00, 0x40, 0x20,
    0xF8, 0x40, 0xFC, 0x80, 0x39, 0x00, 0x33, 0x00, 0xC7, 0x0F, 0x07, 0xFC, 0x07, 0xC0, 0x00, 0x00,
    0x00, 0x38, 0x60, 0xF8, 0xC3, 0x86, 0x66, 0x0C, 0xD8, 0x00, 0x20, 0x00, 0x40, 0x20, 0xF8, 0x40,
    0xFC, 0x80, 0x39, 0x00, 0x33, 0x00, 0xC7, 0x0F, 0x07, 0xFC, 0x07, 0xC0, 0x03, 0xFF, 0xC0, 0x00,
    0x02, 0x00, 0x00, 0x60, 0x00, 0x0C, 0x00, 0x00, 0x00, 0x00, 0x00, 0x00, 0x0E, 0x00, 0x01, 0xE0,
    0x00, 0x6E, 0x00, 0x08, 0xC0, 0x01, 0x0D, 0x00, 0x33, 0xA0, 0x07, 0xF4, 0x00, 0x72, 0xC0, 0x00,
    0xDE, 0x03, 0xF1, 0xFF, 0xFC, 0x1F, 0xFC, 0x00, 0x00, 0x00, 0x0C, 0xC0, 0x3B, 0x00, 0x40, 0x00,
    0x00, 0x03, 0x80, 0x1F, 0x00, 0xCE, 0x02, 0x18, 0x08, 0x30, 0x30, 0xC0, 0xFF, 0x41, 0xE5, 0x00,
    0x14, 0x00, 0x50, 0x02, 0x60, 0x39, 0xC3, 0xC3, 0xFE, 0x07, 0xE0, 0x00, 0x20, 0x06, 0x00, 0x70,
    0x06, 0x00, 0x60, 0x06, 0x00, 0x60, 0x43, 0x08, 0x30, 0xE3, 0x02, 0x30, 0xC3, 0x00, 0x10, 0x01,
    0x00, 0x3F, 0xFF, 0xFF, 0xE0, 0x00, 0x00, 0x01, 0x00, 0x18, 0x00, 0xE0, 0x06, 0x00, 0x30, 0x00,
    0x80, 0x06, 0x00, 0x30, 0x01, 0x80, 0x0C, 0x00, 0x60, 0x03, 0x00, 0x08, 0x00, 0x40, 0x02, 0x40,
    0x12, 0x00, 0x90, 0x04, 0x80, 0x26, 0x03, 0x38, 0xF0, 0xFF, 0x03, 0xE0, 0x00, 0x07, 0x03, 0xE1,
    0x9C, 0x43, 0x80, 0x77, 0xFB, 0xFE, 0xE0, 0x20, 0x08, 0x03, 0x00, 0xC0, 0x30, 0x0C, 0x03, 0x00,
    0xC0, 0x00, 0x00, 0x00, 0x30, 0x01, 0x80, 0x00, 0x00, 0x03, 0x00, 0x18, 0x00, 0xC0, 0x06, 0x40,
    0x32, 0x00, 0x90, 0x04, 0x80, 0x26, 0x03, 0x38, 0xF0, 0xFF, 0x03, 0xE0, 0x01, 0x00, 0x0F, 0x00,
    0x3E, 0x01, 0xFC, 0x0C, 0xF8, 0x21, 0x60, 0xCC, 0xC1, 0xB3, 0x07, 0xC7, 0xFF, 0xF3, 0xC7, 0x80,
    0x00, 0x00, 0x00, 0xE0, 0x3E, 0x0C, 0xE1, 0x0C, 0x20, 0x86, 0x10, 0xFE, 0x0F, 0x40, 0x18, 0x03,
    0x01, 0xC7, 0xF0, 0x7C, 0x00, 0x00, 0x00, 0x00, 0x00, 0xE0, 0x07, 0xC0, 0x38, 0x00, 0xC0, 0x06,
    0x00, 0x10, 0x00, 0x40, 0x41, 0xF1, 0x03, 0xF4, 0x01, 0xD0, 0x03, 0x60, 0x19, 0xC3, 0xC3, 0xFE,
    0x07, 0xC0, 0x00, 0x00, 0x00, 0xE0, 0x07, 0xC0, 0x38, 0x00, 0xC0, 0x06, 0x00, 0x10, 0x00, 0x40,
    0x41, 0xF1, 0x03, 0xF4, 0x01, 0xD0, 0x03, 0x60, 0x19, 0xC3, 0xC3, 0xFE, 0x07, 0xC0, 0x00, 0x00,
    0x26, 0x01, 0xD8, 0x06, 0x60, 0x00, 0x00, 0x09, 0xCC, 0x8E, 0xE0, 0x00, 0x1C, 0x29, 0x73, 0xC2,
    0x00, 0x00, 0x6F, 0x2E, 0xE0, 0x00, 0x08, 0xEC, 0x00, 0x30, 0xC3, 0x98, 0x40, 0x00, 0x67, 0x30,
    0x00, 0x00, 0x25, 0x16, 0x60, 0x67, 0x56, 0x20, 0x7E, 0x00, 0x7C, 0xFF, 0x80, 0x7C, 0xFF, 0x80,
    0xAF, 0xE0, 0x18, 0xCE, 0x14, 0x60, 0x04, 0x74, 0xE0, 0x00, 0xF8, 0x06, 0x5E, 0xE3, 0x00, 0x63,
    0x3D, 0x20, 0x00, 0x6F, 0xF6, 0x63, 0xB8, 0x60, 0x00, 0x01, 0x90, 0xCC, 0x48, 0x00, 0x0C, 0x41,
    0x07, 0x78, 0x00, 0x21, 0xDE, 0x60, 0x00, 0x04, 0xC6, 0x66, 0x33, 0x31, 0x11, 0x11, 0x10, 0x00,
    0xC1, 0xC3, 0xE7, 0x7E, 0x7C, 0x30, 0x30, 0x30, 0x30, 0x30, 0x10, 0x10, 0x10, 0x10, 0x00, 0x58,
    0x56, 0x15, 0xCF, 0x3F, 0x8F, 0x83, 0x80, 0x60, 0x18, 0x06, 0x01, 0x80, 0x20, 0x08, 0x02, 0x00,
    0x80, 0x08, 0x0C, 0x0E, 0x0C, 0x04, 0x03, 0x01, 0xE0, 0x70, 0x18, 0x08, 0x0C, 0x04, 0x03, 0x01,
    0xF8, 0x78, 0x00, 0x1C, 0x1E, 0x37, 0x23, 0x63, 0x41, 0x41, 0x43, 0x67, 0x7E, 0x3C, 0x40, 0x7F,
    0x3F, 0x80, 0x40, 0x20, 0x10, 0x08, 0x04, 0x02, 0x01, 0x80, 0xC0, 0x60, 0x18, 0x0C, 0x00, 0x00,
    0x18, 0x0B, 0x03, 0x70, 0x66, 0x0C, 0xE3, 0x0C, 0x61, 0x88, 0x1B, 0x03, 0x60, 0x68, 0x07, 0x00,
    0xE0, 0x1C, 0x01, 0x00, 0x00, 0x00, 0x80, 0x38, 0x07, 0x00, 0xE0, 0x16, 0x06, 0xC0, 0xDC, 0x11,
    0x86, 0x30, 0xC7, 0x30, 0x66, 0x0E, 0x80, 0xD0, 0x10, 0x00, 0x0E, 0x0F, 0x8C, 0xC4, 0x63, 0x91,
    0xF8, 0x7C, 0x02, 0x01, 0x00, 0xC0, 0x60, 0x30, 0x0C, 0x06, 0x00, 0x00, 0x20, 0x9C, 0xDE, 0x42,
    0x60, 0x60, 0x30, 0x30, 0x18, 0x19, 0x0C, 0xCC, 0xE6, 0x32, 0x00, 0x00, 0x00, 0x61, 0xC3, 0x04,
    0x30, 0xC6, 0x39, 0xC0, 0x00, 0x00, 0xE7, 0x18, 0xC3, 0x08, 0x30, 0xE1, 0x80, 0x00, 0x00, 0x00,
    0x00, 0xC0, 0x30, 0x7F, 0x8F, 0xC1, 0xE0, 0x78, 0x21, 0x00, 0x00, 0x00, 0x00, 0x00, 0x00, 0x60,
    0x00, 0x18, 0x00, 0x06, 0x40, 0x01, 0x90, 0x00, 0x24, 0x00, 0x09, 0x80, 0x06, 0x78, 0x1F, 0x8F,
    0xFF, 0x81, 0xFF, 0x00, 0x00, 0x00, 0x03, 0x80, 0x1F, 0x00, 0xCE, 0x02, 0x18, 0x08, 0x30, 0x30,
    0xC0, 0xFF, 0x41, 0xE5, 0x00, 0x14, 0x00, 0x50, 0x02, 0x60, 0x39, 0xC3, 0xC3, 0xFE, 0x07, 0xE0,
    0x2F, 0xF8, 0x0C, 0x69, 0xF0, 0x00, 0x00, 0x04, 0x08, 0x18, 0x20, 0x40, 0x81, 0x02, 0x04, 0x08,
    0x10, 0x20, 0x40, 0x81, 0x02, 0x00, 0x00, 0x0C, 0x61, 0x07, 0x78, 0x00, 0x82, 0x08, 0x20, 0x82,
    0x08, 0x20, 0x82, 0x08, 0x20, 0x82, 0x08, 0x20, 0x80, 0x00, 0x10, 0x20, 0x40, 0x81, 0x02, 0x04,
    0x08, 0x10, 0x20, 0x40, 0x81, 0x02, 0x04, 0x08, 0x00, 0x00, 0x61, 0x83, 0x07, 0x3E, 0x00, 0x00,
    0x03, 0x81, 0xF0, 0xCC, 0x20, 0x0C, 0x03, 0xFC, 0xFF, 0x78, 0x00, 0x00, 0x00, 0x00, 0x80, 0x01,
    0x00, 0x03, 0x00, 0x04, 0x00, 0x08, 0x0E, 0x10, 0x3C, 0x20, 0xC8, 0x41, 0x00, 0x83, 0x01, 0x07,
    0xFA, 0x0F, 0xE4, 0x38, 0x08, 0x00, 0x10, 0x00, 0x20, 0x00, 0x40, 0x00, 0x80, 0x00, 0x00, 0x00,
    0xE0, 0x00, 0x07, 0xC0, 0x00, 0x39, 0x00, 0x00, 0x80, 0x00, 0x02, 0x00, 0x1C, 0x0E, 0x70, 0xF8,
    0x1F, 0xC6, 0x71, 0xF8, 0x10, 0xC0, 0x00, 0x41, 0x00, 0x01, 0x84, 0x00, 0x07, 0xF0, 0x00, 0x0F,
    0x40, 0x00, 0x03, 0x00, 0x00, 0x0C, 0x00, 0x00, 0xE0, 0x00, 0x7F, 0x00, 0x00, 0xF8, 0x00, 0x00,
    0x00, 0x00, 0x00, 0x00, 0x00, 0x00, 0x0C, 0x00, 0x00, 0x10, 0x00, 0x00, 0x40, 0x38, 0x02, 0x01,
    0xF0, 0x08, 0x0E, 0x40, 0x00, 0x20, 0x00, 0x00, 0x80, 0x07, 0x03, 0x9C, 0x3E, 0x07, 0xF1, 0x9C,
    0x7E, 0x04, 0x30, 0x00, 0x10, 0x40, 0x00, 0x61, 0x00, 0x01, 0xFC, 0x00, 0x03, 0xD0, 0x00, 0x00,
    0xC0, 0x00, 0x03, 0x00, 0x00, 0x38, 0x00, 0x1F, 0xC0, 0x00, 0x3E, 0x00, 0x00, 0x00, 0x00, 0x00,
    0x00, 0x00, 0x00, 0x00, 0x00, 0x0E, 0x00, 0x00, 0x0F, 0x80, 0x00, 0x0C, 0x40, 0x00, 0x04, 0x00,
    0x01, 0xC3, 0x1C, 0x01, 0xF0, 0xFE, 0x01, 0xC1, 0xFC, 0x00, 0xC0, 0x80, 0x00, 0xC0, 0x00, 0x00,
    0x40, 0x00, 0x00, 0x20, 0x00, 0x04, 0x1F, 0x00, 0x02, 0x07, 0xE0, 0x01, 0x00, 0x70, 0x00, 0x80,
    0x18, 0x00, 0x60, 0x18, 0x00, 0x38, 0x78, 0x00, 0x0F, 0xF8, 0x00, 0x03, 0xE0, 0x00, 0x00, 0x01,
    0x00, 0x00, 0x40, 0x00, 0x1E, 0x00, 0x06, 0x82, 0x03, 0xE1, 0x80, 0x00, 0x64, 0x00, 0x19, 0x00,
    0x06, 0x40, 0x00, 0x98, 0x00, 0x67, 0x81, 0xF8, 0xFF, 0xF8, 0x1F, 0xF8, 0x00, 0x00, 0x00, 0x00,
    0x60, 0x00, 0x18, 0x00, 0x02, 0x00, 0x01, 0xC1, 0x80, 0x60, 0x60, 0x00, 0x19, 0x00, 0x06, 0x40,
    0x00, 0x90, 0x00, 0x26, 0x00, 0x19, 0xE0, 0x7E, 0x3F, 0xFE, 0x07, 0xFC, 0x00, 0x00, 0x00, 0x00,
    0x00, 0x60, 0x00, 0x18, 0x00, 0x06, 0x40, 0x01, 0x90, 0x00, 0x24, 0x00, 0x09, 0x80, 0x06, 0x78,
    0x1F, 0x8F, 0xFF, 0x81, 0xFF, 0x00, 0x00, 0x00, 0x00, 0x80, 0x00, 0x70, 0x00, 0x08, 0x00, 0x02,
    0x00, 0x00, 0xC0, 0x00, 0x30, 0x00, 0x00, 0x00, 0x00, 0x00, 0x01, 0x98, 0x00, 0x7E, 0x18, 0x19,
    0x06, 0x00, 0x01, 0x90, 0x00, 0x64, 0x00, 0x09, 0x00, 0x02, 0x60, 0x01, 0x9E, 0x07, 0xE3, 0xFF,
    0xE0, 0x7F, 0xC0, 0x01, 0x40, 0x00, 0x70, 0x00, 0x00, 0x00, 0x01, 0x98, 0x00, 0x76, 0x00, 0x06,
    0x06, 0x01, 0x81, 0x80, 0x00, 0x64, 0x00, 0x19, 0x00, 0x02, 0x40, 0x00, 0x98, 0x00, 0x67, 0x81,
    0xF8, 0xFF, 0xF8, 0x1F, 0xF0, 0x00, 0x00, 0x00, 0x00, 0x00, 0x60, 0x00, 0x18, 0x00, 0x06, 0x40,
    0x01, 0x90, 0x00, 0x24, 0x00, 0x09, 0x80, 0x06, 0x78, 0x1F, 0x8F, 0xFF, 0x81, 0xFF, 0x00, 0x00,
    0x00, 0x00, 0x20, 0x00, 0xDC, 0x00, 0x32, 0x00, 0x03, 0x00, 0x00, 0xC0, 0x00, 0x00, 0x00, 0x00,
    0x40, 0x00, 0xF0, 0x00, 0x04, 0x00, 0x0D, 0x06, 0x03, 0x41, 0x80, 0x00, 0x64, 0x00, 0x19, 0x00,
    0x02, 0x40, 0x00, 0x98, 0x00, 0x67, 0x81, 0xF8, 0xFF, 0xF8, 0x1F, 0xF0, 0x00, 0x00, 0x00, 0x00,
    0x00, 0x60, 0x00, 0x18, 0x00, 0x06, 0x40, 0x01, 0x90, 0x00, 0x24, 0x00, 0x09, 0x80, 0x06, 0x78,
    0x1F, 0x8F, 0xFF, 0x81, 0xFF, 0x00, 0x00, 0x00, 0x01, 0x20, 0x00, 0xD8, 0x00, 0x00, 0x00, 0x07,
    0x80, 0x01, 0x20, 0x00, 0x01, 0xC0, 0x03, 0x00, 0x03, 0xC0, 0x03, 0xC0, 0x02, 0x00, 0x3E, 0x00,
    0x7F, 0xE0, 0x63, 0xFE, 0x01, 0xFC, 0x07, 0xE0, 0x0F, 0x00, 0x1C, 0x00, 0x18, 0x00, 0x30, 0x00,
    0x20, 0x00, 0x20, 0x00, 0x20, 0x00, 0x20, 0x00, 0x30, 0x00, 0x1C, 0x06, 0x0F, 0xFE, 0x07, 0xF0,
    0x00, 0x00, 0x01, 0x80, 0x03, 0x80, 0x01, 0x00, 0x00, 0x80, 0x01, 0x80, 0x01, 0x80, 0x00, 0x00,
    0x3E, 0x00, 0x7F, 0xC0, 0x63, 0xFC, 0x01, 0xFC, 0x07, 0xE0, 0x0F, 0x00, 0x1C, 0x00, 0x18, 0x00,
    0x30, 0x00, 0x20, 0x00, 0x20, 0x00, 0x20, 0x00, 0x20, 0x00, 0x30, 0x00, 0x1C, 0x0E, 0x0F, 0xFC,
    0x07, 0xF0, 0x3E, 0x00, 0x7F, 0xC0, 0x63, 0xFC, 0x01, 0xFC, 0x07, 0xE0, 0x0F, 0x00, 0x1C, 0x00,
    0x18, 0x00, 0x30, 0x20, 0x23, 0x70, 0x27, 0x70, 0x22, 0x00, 0x20, 0x00, 0x30, 0x00, 0x1C, 0x0E,
    0x0F, 0xFC, 0x07, 0xF0, 0x3E, 0x00, 0x7F, 0xC0, 0x63, 0xFC, 0x01, 0xFC, 0x07, 0xE0, 0x0F, 0x00,
    0x1C, 0x00, 0x18, 0x80, 0x31, 0xC0, 0x20, 0x80, 0x20, 0x00, 0x20, 0xC0, 0x20, 0xC0, 0x30, 0x00,
    0x1C, 0x0E, 0x0F, 0xFC, 0x07, 0xF0, 0x00, 0x00, 0x01, 0x80, 0x01, 0x80, 0x02, 0x60, 0x07, 0x60,
    0x02, 0x00, 0x00, 0x00, 0x3E, 0x00, 0x7F, 0xC0, 0x63, 0xFC, 0x01, 0xFC, 0x07, 0xE0, 0x0F, 0x00,
    0x1C, 0x00, 0x18, 0x00, 0x30, 0x00, 0x20, 0x00, 0x20, 0x00, 0x20, 0x00, 0x20, 0x00, 0x30, 0x00,
    0x1C, 0x0E, 0x0F, 0xFC, 0x07, 0xF0, 0x3E, 0x00, 0x7F, 0xC0, 0x63, 0xFC, 0x01, 0xFC, 0x07, 0xE0,
    0x0F, 0x00, 0x1C, 0x00, 0x18, 0x00, 0x31, 0x20, 0x23, 0x70, 0x23, 0xA0, 0x20, 0xC0, 0x20, 0x00,
    0x30, 0x00, 0x1C, 0x0E, 0x0F, 0xFC, 0x07, 0xF0, 0x3E, 0x00, 0x7F, 0xC0, 0x63, 0xFC, 0x01, 0xFC,
    0x07, 0xE0, 0x0F, 0x00, 0x1C, 0x00, 0x18, 0x00, 0x31, 0xE0, 0x21, 0x20, 0x21, 0x20, 0x21, 0xE0,
    0x20, 0x00, 0x30, 0x00, 0x1C, 0x0E, 0x0F, 0xFC, 0x07, 0xF0, 0x08, 0x02, 0x00, 0xF0, 0x34, 0x1F,
    0x00, 0x00, 0x00, 0x18, 0x07, 0x01, 0xC0, 0x38, 0x0E, 0x01, 0x80, 0x26, 0x19, 0xFE, 0x7E, 0x00,
    0x00, 0x00, 0x80, 0x70, 0x0C, 0x03, 0x80, 0x60, 0x18, 0x02, 0x61, 0x9F, 0xE7, 0xE0, 0x28, 0x0E,
    0x00, 0x00, 0x02, 0x03, 0x80, 0xC0, 0x70, 0x18, 0x0C, 0x03, 0xC3, 0x7F, 0x9F, 0x80, 0x00, 0x00,
    0xC0, 0x70, 0x10, 0x08, 0x02, 0x00, 0xF0, 0x34, 0x1F, 0x00, 0x00, 0x00, 0x18, 0x07, 0x01, 0xC0,
    0x38, 0x0E, 0x01, 0x80, 0x26, 0x19, 0xFE, 0x7E, 0x00, 0x00, 0x00, 0x30, 0x0E, 0x01, 0x00, 0x02,
    0x1B, 0x9D, 0x84, 0x00, 0x00, 0x20, 0x38, 0x0C, 0x07, 0x01, 0x80, 0xC0, 0x3C, 0x37, 0xF9, 0xF8,
    0x00, 0x02, 0x03, 0x80, 0xC0, 0x70, 0x18, 0x0C, 0x03, 0xC3, 0x7F, 0x9F, 0x80, 0x00, 0x23, 0xB9,
    0xD8, 0x40, 0x00, 0x04, 0x07, 0x06, 0xE3, 0x61, 0x00, 0x00, 0x08, 0x0E, 0x03, 0x01, 0xC0, 0x60,
    0x30, 0x0F, 0x0D, 0xFE, 0x7E, 0x00, 0x00, 0x11, 0x1D, 0xC5, 0x41, 0xC0, 0x40, 0x00, 0x08, 0x0E,
    0x03, 0x01, 0xC0, 0x60, 0x30, 0x0F, 0x0D, 0xFE, 0x7E, 0x00, 0x00, 0x1A, 0x0D, 0x00, 0x03, 0x60,
    0xA0, 0x00, 0x08, 0x0E, 0x03, 0x01, 0xC0, 0x60, 0x30, 0x0F, 0x0D, 0xFE, 0x7E, 0x00, 0x04, 0x01,
    0x00, 0x78, 0x12, 0x0F, 0x80, 0x00, 0x00, 0x0C, 0x03, 0x80, 0x60, 0x18, 0x03, 0x00, 0xC0, 0x10,
    0x0C, 0x03, 0x01, 0x81, 0xE7, 0xF0, 0xF0, 0x00, 0x06, 0x40, 0xD0, 0x1C, 0x06, 0x00, 0x00, 0x00,
    0x0C, 0x03, 0x00, 0xE0, 0x18, 0x06, 0x00, 0xC0, 0x30, 0x08, 0x06, 0x01, 0x81, 0xC7, 0xE0, 0xF0,
    0x01, 0x00, 0xC0, 0x38, 0x06, 0x01, 0x80, 0x30, 0x0C, 0x01, 0x00, 0xC0, 0x30, 0x18, 0x1E, 0x7F,
    0x0F, 0xC0, 0x50, 0x1C, 0x01, 0x00, 0xC0, 0x30, 0x0E, 0x01, 0x80, 0x60, 0x0C, 0x03, 0x00, 0x80,
    0x60, 0x18, 0x1C, 0x7E, 0x0F, 0x00, 0x00, 0x40, 0x38, 0x06, 0x00, 0x00, 0x01, 0x00, 0xC0, 0x30,
    0x0E, 0x01, 0x80, 0x60, 0x0C, 0x03, 0x00, 0x80, 0x60, 0x18, 0x1C, 0x7E, 0x0F, 0x00, 0x00, 0x90,
    0x34, 0x06, 0x01, 0x80, 0x00, 0x01, 0x00, 0xC0, 0x30, 0x0E, 0x01, 0x86, 0x61, 0xCC, 0x23, 0x00,
    0x80, 0x60, 0x18, 0x1C, 0x7E, 0x0F, 0x00, 0x00, 0x40, 0x38, 0x06, 0x00, 0x00, 0x00, 0x06, 0x61,
    0xB8, 0x64, 0x00, 0x00, 0x40, 0x30, 0x0C, 0x03, 0x80, 0x60, 0x18, 0x03, 0x00, 0xC0, 0x20, 0x18,
    0x06, 0x07, 0x1F, 0x83, 0xC0, 0x00, 0x01, 0x80, 0xB8, 0x76, 0x19, 0x80, 0x00, 0x10, 0x0C, 0x03,
    0x00, 0xE0, 0x18, 0x06, 0x00, 0xC0, 0x30, 0x08, 0x06, 0x01, 0x81, 0xC7, 0xE0, 0xF0, 0x00, 0x03,
    0xC0, 0x80, 0x34, 0x0F, 0x00, 0x00, 0x10, 0x0C, 0x03, 0x00, 0xE0, 0x18, 0x06, 0x00, 0xC0, 0x30,
    0x08, 0x06, 0x01, 0x81, 0xC7, 0xE0, 0xF0, 0x00, 0x00, 0x80, 0x00, 0x01, 0xC0, 0x00, 0x01, 0xC0,
    0x00, 0x00, 0x00, 0x00, 0x00, 0x06, 0x00, 0x00, 0x0E, 0x00, 0x00, 0x46, 0x00, 0x30, 0xC6, 0x00,
    0x30, 0xC6, 0x00, 0x30, 0xF2, 0x00, 0x3F, 0xFE, 0x40, 0x1F, 0x3E, 0x40, 0x10, 0x00, 0x40, 0x10,
    0x00, 0x40, 0x10, 0xC0, 0x60, 0x71, 0xC0, 0x71, 0xE0, 0xC0, 0x3F, 0xC0, 0x00, 0x1F, 0x00, 0x00,
    0x00, 0x00, 0x00, 0x00, 0x00, 0x06, 0x00, 0x00, 0x0E, 0x00, 0x00, 0x46, 0x00, 0x30, 0xC6, 0x00,
    0x30, 0xC6, 0x00, 0x30, 0xF2, 0x00, 0x3F, 0xFE, 0x40, 0x1F, 0x3E, 0x40, 0x10, 0x00, 0x40, 0x10,
    0x00, 0x40, 0x11, 0x30, 0x60, 0x73, 0xB0, 0x71, 0xE1, 0x40, 0x3F, 0xC0, 0xC0, 0x1F, 0x00, 0x00,
    0x00, 0x00, 0x80, 0x00, 0x00, 0xC0, 0x00, 0x01, 0x30, 0x00, 0x03, 0x70, 0x00, 0x03, 0x20, 0x00,
    0x00, 0x06, 0x00, 0x00, 0x0E, 0x00, 0x00, 0x46, 0x00, 0x30, 0xC6, 0x00, 0x30, 0xC6, 0x00, 0x30,
    0xF2, 0x00, 0x3F, 0xFE, 0x40, 0x1F, 0x3E, 0x40, 0x10, 0x00, 0x40, 0x10, 0x00, 0x40, 0x11, 0x30,
    0x60, 0x73, 0xB0, 0x71, 0xE1, 0x40, 0x3F, 0xC0, 0xC0, 0x1F, 0x00, 0x00, 0x00, 0x00, 0x1E, 0x00,
    0x00, 0x1F, 0xC0, 0x00, 0x0E, 0x78, 0x00, 0x06, 0x06, 0x00, 0x33, 0x00, 0x80, 0x0D, 0x80, 0x60,
    0x03, 0xC0, 0xF0, 0x00, 0xFF, 0xF8, 0x40, 0x1F, 0xF8, 0x10, 0x04, 0x00, 0x04, 0x01, 0x00, 0x01,
    0x00, 0x42, 0x60, 0x60, 0x31, 0xDC, 0x1C, 0x78, 0x22, 0x03, 0xFC, 0x00, 0x00, 0x7C, 0x00, 0x00,
    0x00, 0x00, 0x40, 0x00, 0x00, 0x38, 0x00, 0x00, 0x17, 0x00, 0x00, 0x0E, 0xC0, 0x00, 0x01, 0x10,
    0x00, 0x00, 0x00, 0x00, 0x00, 0x00, 0x00, 0x00, 0x00, 0x78, 0x00, 0x00, 0x7F, 0x00, 0x00, 0x39,
    0xE0, 0x00, 0x18, 0x18, 0x00, 0xCC, 0x02, 0x00, 0x36, 0x01, 0x80, 0x0F, 0x03, 0xC0, 0x03, 0xFF,
    0xE1, 0x00, 0x7F, 0xE0, 0x40, 0x10, 0x00, 0x10, 0x04, 0x00, 0x04, 0x01, 0x00, 0x01, 0x80, 0xC0,
    0x00, 0x71, 0xE0, 0x00, 0x0F, 0xF0, 0x00, 0x01, 0xF0, 0x00, 0x00, 0x04, 0x00, 0x06, 0x00, 0x03,
    0x06, 0x01, 0x85, 0xC0, 0xC6, 0xE0, 0x63, 0x20, 0x30, 0x00, 0x08, 0x00, 0x04, 0x3C, 0x03, 0x3F,
    0x81, 0xB9, 0xE0, 0xF0, 0x30, 0x70, 0x18, 0x30, 0x1F, 0xF0, 0x3C, 0xFF, 0xFC, 0x1F, 0xF8, 0x00,
    0x00, 0x00, 0x18, 0x00, 0x30, 0x01, 0x98, 0x03, 0x30, 0x00, 0x00, 0x00, 0x00, 0x0F, 0x00, 0x3F,
    0x00, 0xE2, 0x01, 0x00, 0x02, 0x00, 0x06, 0x06, 0x0F, 0xBC, 0x0F, 0xE0, 0x07, 0x00, 0x18, 0x00,
    0x20, 0x00, 0xC0, 0x01, 0x00, 0x02, 0x00, 0x04, 0x00, 0x0C, 0x00, 0x0E, 0x03, 0x0F, 0xFC, 0x0F,
    0xE0, 0x00, 0x07, 0x00, 0x00, 0xF0, 0x00, 0x37, 0x00, 0x04, 0x60, 0x00, 0x86, 0x80, 0x19, 0xD0,
    0x03, 0xFA, 0x00, 0x39, 0x60, 0x00, 0x6F, 0x01, 0xF8, 0xFF, 0xFE, 0x0F, 0xFE, 0x00, 0x00, 0x07,
    0x00, 0x00, 0xF0, 0x00, 0x37, 0x00, 0x04, 0x60, 0x00, 0x86, 0x80, 0x19, 0xD0, 0x03, 0xFA, 0x00,
    0x39, 0x60, 0x00, 0x6F, 0x01, 0xF8, 0xFF, 0xFE, 0x0F, 0xFE, 0x00, 0x00, 0x00, 0x00, 0x02, 0x00,
    0x00, 0xE0, 0x00, 0x1C, 0x00, 0x01, 0x00, 0x00, 0x02, 0x00, 0x00, 0x60, 0x00, 0x0C, 0x00, 0x00,
    0x00, 0x00, 0x00, 0x00, 0x0E, 0x00, 0x01, 0xE0, 0x00, 0x6E, 0x00, 0x08, 0xC0, 0x01, 0x0D, 0x00,
    0x33, 0xA0, 0x07, 0xF4, 0x00, 0x72, 0xC0, 0x00, 0xDE, 0x03, 0xF1, 0xFF, 0xFC, 0x1F, 0xFC, 0x00,
    0x00, 0x00, 0x00, 0x04, 0x00, 0x01, 0xC0, 0x00, 0x38, 0x00, 0x02, 0x00, 0x00, 0x00, 0x00, 0x00,
    0x40, 0x00, 0x0C, 0x00, 0x02, 0x40, 0x00, 0xDC, 0x00, 0x09, 0x00, 0x00, 0x00, 0x00, 0x38, 0x00,
    0x07, 0x80, 0x01, 0xB8, 0x00, 0x23, 0x00, 0x04, 0x34, 0x00, 0xCE, 0x80, 0x1F, 0xD0, 0x01, 0xCB,
    0x00, 0x03, 0x78, 0x0F, 0xC7, 0xFF, 0xF0, 0x7F, 0xF0, 0x00, 0x00, 0x07, 0x00, 0x00, 0xF0, 0x00,
    0x37, 0x00, 0x04, 0x60, 0x00, 0x86, 0x80, 0x19, 0xD0, 0x03, 0xFA, 0x00, 0x39, 0x60, 0x00, 0x6F,
    0x01, 0xF8, 0xFF, 0xFE, 0x0F, 0xFE, 0x00, 0x00, 0x00, 0x00, 0x05, 0x80, 0x01, 0xB0, 0x00, 0x18,
    0x00, 0x01, 0x80, 0x00, 0x00, 0x00, 0x05, 0x00, 0x01, 0xB0, 0x00, 0x00, 0x00, 0x03, 0xC0, 0x00,
    0x50, 0x00, 0x00, 0x00, 0x01, 0xC0, 0x00, 0x3C, 0x00, 0x0D, 0xC0, 0x01, 0x18, 0x00, 0x21, 0xA0,
    0x06, 0x74, 0x00, 0xFE, 0x80, 0x0E, 0x58, 0x00, 0x1B, 0xC0, 0x7E, 0x3F, 0xFF, 0x83, 0xFF, 0x80,
    0x00, 0x40, 0x03, 0x80, 0x0C, 0x00, 0x00, 0x00, 0x00, 0x03, 0x80, 0x1F, 0x00, 0xCE, 0x02, 0x18,
    0x08, 0x30, 0x30, 0xC0, 0xFF, 0x41, 0xE5, 0x00, 0x14, 0x00, 0x50, 0x02, 0x60, 0x39, 0xC3, 0xC3,
    0xFE, 0x07, 0xE0, 0x00, 0x00, 0x01, 0x00, 0x0E, 0x00, 0x4C, 0x03, 0xB0, 0x04, 0x00, 0x00, 0x00,
    0x38, 0x01, 0xF0, 0x0C, 0xE0, 0x21, 0x80, 0x83, 0x03, 0x0C, 0x0F, 0xF4, 0x1E, 0x50, 0x01, 0x40,
    0x05, 0x00, 0x26, 0x03, 0x9C, 0x3C, 0x3F, 0xE0, 0x7E, 0x00, 0x00, 0x00, 0x00, 0x00, 0xC0, 0x03,
    0xE0, 0x07, 0xC0, 0x0F, 0x80, 0x0F, 0x00, 0x06, 0x00, 0x03, 0x80, 0x01, 0xF0, 0x00, 0x1C, 0x00,
    0x03, 0x00, 0x00, 0xC4, 0x00, 0x22, 0x00, 0x11, 0xC0, 0x78, 0xFF, 0xF8, 0x1F, 0xF0, 0x00, 0x00,
    0x04, 0x00, 0x00, 0x0E, 0x00, 0x00, 0x1E, 0x00, 0x00, 0x1E, 0x00, 0x00, 0x1C, 0x00, 0x00, 0x08,
    0x00, 0x00, 0x06, 0x00, 0x00, 0x03, 0xFF, 0xFC, 0x00, 0xFF, 0xFF, 0x00, 0x00, 0x00, 0xD0, 0x00,
    0x00, 0xEF, 0xFF, 0xFF, 0xF7, 0xFF, 0xFF, 0xF0, 0x00, 0x00, 0x00, 0x01, 0xC0, 0x03, 0xE0, 0x07,
    0xC0, 0x0F, 0xE0, 0x0E, 0x90, 0x04, 0x70, 0x03, 0xC0, 0x01, 0xF0, 0x00, 0x1C, 0x00, 0x03, 0x00,
    0x00, 0xC4, 0x00, 0x22, 0x00, 0x11, 0xC0, 0x78, 0x7F, 0xF8, 0x1F, 0xF0, 0x00, 0x00, 0x20, 0x06,
    0x0C, 0x70, 0xE6, 0x04, 0x60, 0x06, 0x00, 0x60, 0x43, 0x08, 0x30, 0xE3, 0x02, 0x30, 0xC3, 0x00,
    0x10, 0x01, 0x00, 0x3F, 0xFF, 0xFF, 0xE0, 0x00, 0x20, 0x06, 0x00, 0x70, 0x46, 0x02, 0x61, 0xB6,
    0x00, 0x60, 0x43, 0x08, 0x30, 0xE3, 0x02, 0x30, 0xC3, 0x00, 0x10, 0x01, 0x00, 0x3F, 0xFF, 0xFF,
    0xE0, 0x00, 0x20, 0x06, 0x00, 0x70, 0x06, 0x00, 0x60, 0x06, 0x00, 0x60, 0x43, 0x08, 0x30, 0xE3,
    0x02, 0x30, 0xC3, 0x00, 0x10, 0x01, 0x00, 0x3F, 0xFF, 0xFF, 0xE0, 0x00, 0x00, 0x80, 0xD8, 0x0C,
    0x80, 0x70, 0x02, 0x00, 0x00, 0x00, 0x00, 0x00, 0x03, 0x80, 0x07, 0x80, 0x0F, 0x30, 0x1E, 0xF8,
    0x1D, 0xF0, 0x03, 0xE0, 0x03, 0xC0, 0x01, 0x80, 0x00, 0xE0, 0x00, 0x7C, 0x00, 0x07, 0x00, 0x00,
    0xC0, 0x00, 0x31, 0x00, 0x08, 0x80, 0x04, 0x70, 0x1E, 0x3F, 0xFE, 0x07, 0xFC, 0x00, 0x00, 0x00,
    0x00, 0x01, 0x80, 0x03, 0xC0, 0x07, 0x80, 0x0E, 0x38, 0x1C, 0x7C, 0x08, 0xF8, 0x01, 0xFC, 0x01,
    0xD2, 0x00, 0x8E, 0x00, 0x78, 0x00, 0x3E, 0x00, 0x03, 0x80, 0x00, 0x60, 0x00, 0x18, 0x80, 0x04,
    0x40, 0x02, 0x38, 0x0F, 0x0F, 0xFF, 0x03, 0xFE, 0x00, 0x00, 0x00, 0x00, 0x30, 0x00, 0x59, 0xC0,
    0x33, 0xC0, 0x07, 0x98, 0x0F, 0x7C, 0x0E, 0xF8, 0x01, 0xF0, 0x01, 0xE0, 0x00, 0xC0, 0x00, 0x70,
    0x00, 0x3E, 0x00, 0x03, 0x80, 0x00, 0x60, 0x00, 0x18, 0x80, 0x04, 0x40, 0x02, 0x38, 0x0F, 0x1F,
    0xFF, 0x03, 0xFE, 0x00, 0x00, 0x00, 0x00, 0x03, 0x80, 0x07, 0x80, 0x0F, 0x30, 0x1E, 0xF8, 0x1D,
    0xF0, 0x03, 0xE0, 0x03, 0xC0, 0x01, 0x80, 0x00, 0xE0, 0x00, 0x7C, 0x00, 0x07, 0x00, 0x00, 0xC0,
    0x00, 0x31, 0x00, 0x08, 0x80, 0x04, 0x70, 0x1E, 0x3F, 0xFE, 0x07, 0xFC, 0x00, 0x00, 0x00, 0x00,
    0x80, 0x06, 0xE0, 0x07, 0x70, 0x01, 0x00, 0x00, 0x00, 0x00, 0x03, 0x80, 0x07, 0x80, 0x0F, 0x30,
    0x1E, 0xF8, 0x1D, 0xF0, 0x03, 0xE0, 0x03, 0xC0, 0x01, 0x80, 0x00, 0xE0, 0x00, 0x7C, 0x00, 0x07,
    0x00, 0x00, 0xC0, 0x00, 0x31, 0x00, 0x08, 0x80, 0x04, 0x70, 0x1E, 0x3F, 0xFE, 0x07, 0xFC, 0x00,
    0x00, 0x00, 0x02, 0x00, 0x03, 0x80, 0x00, 0x80, 0x00, 0x40, 0x00, 0x70, 0x00, 0x10, 0x00, 0x00,
    0x00, 0x00, 0x00, 0x00, 0x40, 0x00, 0x28, 0x00, 0x2C, 0xE0, 0x19, 0xE0, 0x03, 0xCC, 0x07, 0xBE,
    0x07, 0x7C, 0x00, 0xF8, 0x00, 0xF0, 0x00, 0x60, 0x00, 0x38, 0x00, 0x1F, 0x00, 0x01, 0xC0, 0x00,
    0x30, 0x00, 0x0C, 0x40, 0x02, 0x20, 0x01, 0x1C, 0x07, 0x8F, 0xFF, 0x81, 0xFF, 0x00, 0x00, 0x90,
    0x06, 0x80, 0x3C, 0x00, 0xC0, 0x04, 0x00, 0x00, 0x01, 0x80, 0x0E, 0x00, 0x70, 0x03, 0x00, 0x18,
    0x00, 0x40, 0x03, 0x00, 0x18, 0x00, 0xC0, 0x06, 0x00, 0x30, 0x01, 0x80, 0x04, 0x00, 0x20, 0x01,
    0x20, 0x09, 0x00, 0x48, 0x02, 0x40, 0x13, 0x01, 0x9C, 0x78, 0x7F, 0x81, 0xF0, 0x00, 0x00, 0x00,
    0x03, 0x00, 0x18, 0x00, 0x00, 0x00, 0x00, 0x10, 0x01, 0x80, 0x0E, 0x00, 0x60, 0x03, 0x00, 0x08,
    0x00, 0x60, 0x03, 0x00, 0x18, 0x00, 0xC0, 0x06, 0x00, 0x30, 0x00, 0x80, 0x04, 0x00, 0x24, 0x01,
    0x20, 0x09, 0x00, 0x48, 0x02, 0x60, 0x33, 0x8F, 0x0F, 0xF0, 0x3E, 0x00, 0x00, 0x20, 0x01, 0x80,
    0x09, 0x80, 0x76, 0x00, 0x80, 0x00, 0x00, 0x02, 0x00, 0x18, 0x00, 0x70, 0x01, 0x80, 0x06, 0x00,
    0x08, 0x00, 0x30, 0x00, 0xC0, 0x03, 0x00, 0x0C, 0x00, 0x30, 0x00, 0xC0, 0x01, 0x00, 0x04, 0x00,
    0x11, 0x00, 0x44, 0x01, 0x10, 0x04, 0x40, 0x11, 0x80, 0xC7, 0x1E, 0x0F, 0xF0, 0x1F, 0x00, 0x00,
    0x00, 0x01, 0x00, 0x18, 0x00, 0xE0, 0x06, 0x00, 0x30, 0x00, 0x80, 0x06, 0x00, 0x30, 0x01, 0x80,
    0x0C, 0x00, 0x60, 0x03, 0x00, 0x08, 0x00, 0x40, 0x02, 0x40, 0x12, 0x00, 0x90, 0x04, 0x80, 0x26,
    0x03, 0x38, 0xF0, 0xFF, 0x03, 0xE0, 0x00, 0x00, 0x4C, 0x07, 0x60, 0x14, 0x00, 0x60, 0x00, 0x00,
    0x00, 0x00, 0x30, 0x01, 0x80, 0x00, 0x00, 0x03, 0x00, 0x18, 0x00, 0xC0, 0x06, 0x40, 0x32, 0x00,
    0x90, 0x04, 0x80, 0x26, 0x03, 0x38, 0xF0, 0xFF, 0x03, 0xE0, 0x00, 0x00, 0x20, 0x03, 0x80, 0x1C,
    0x00, 0x00, 0x00, 0x00, 0x00, 0x01, 0x80, 0x0C, 0x00, 0x60, 0x03, 0x20, 0x19, 0x00, 0x48, 0x02,
    0x40, 0x13, 0x01, 0x9C, 0x78, 0x7F, 0x81, 0xF0, 0x00, 0x00, 0x00, 0x20, 0x01, 0x00, 0x0F, 0x00,
    0xF8, 0x00, 0x00, 0x00, 0xC0, 0x06, 0x00, 0x30, 0x01, 0x90, 0x0C, 0x80, 0x24, 0x01, 0x20, 0x09,
    0x80, 0xCE, 0x3C, 0x3F, 0xC0, 0xF8, 0x00, 0x04, 0x00, 0x30, 0x01, 0x80, 0x00, 0x00, 0x03, 0x00,
    0x18, 0x00, 0xC0, 0x06, 0x40, 0x32, 0x00, 0x90, 0x04, 0x80, 0x26, 0x03, 0x38, 0xF0, 0xFF, 0x03,
    0xE0, 0x0A, 0x00, 0x70, 0x00, 0x06, 0x00, 0x30, 0x02, 0x60, 0x3B, 0x00, 0x90, 0x00, 0x18, 0x00,
    0xC0, 0x06, 0x00, 0x32, 0x01, 0x90, 0x04, 0x80, 0x24, 0x01, 0x30, 0x19, 0xC7, 0x87, 0xF8, 0x1F,
    0x00, 0x01, 0x00, 0x0F, 0x00, 0x3E, 0x01, 0xFC, 0x0C, 0xF8, 0x21, 0x60, 0xCC, 0xC1, 0xB3, 0x07,
    0xC7, 0xFF, 0xF3, 0xC7, 0x80, 0x00, 0x01, 0x80, 0x03, 0xC0, 0x01, 0x80, 0x00, 0x00, 0x00, 0x00,
    0x3E, 0x00, 0x7F, 0xC0, 0x63, 0xFC, 0x01, 0xFC, 0x07, 0xE0, 0x0F, 0x00, 0x1C, 0x00, 0x18, 0x00,
    0x31, 0x20, 0x23, 0x70, 0x23, 0xA0, 0x20, 0xC0, 0x20, 0x00, 0x30, 0x00, 0x1C, 0x0E, 0x0F, 0xFC,
    0x07, 0xF0, 0x1C, 0x30, 0x3C, 0x3C, 0x20, 0x18, 0x1C, 0x1E, 0x36, 0x63, 0x43, 0x41, 0x62, 0x7E,
    0x3C, 0x00, 0x18, 0x1C, 0x1E, 0x26, 0x63, 0x43, 0x43, 0x66, 0x7E, 0x3C, 0x1C, 0x30, 0x3C, 0x3C,
    0x20, 0x18, 0x1C, 0x1E, 0x36, 0x63, 0x43, 0x41, 0x62, 0x7E, 0x3C, 0x04, 0x6E, 0x64, 0x00, 0x00,
    0x18, 0x1C, 0x1E, 0x26, 0x63, 0x43, 0x43, 0x66, 0x7E, 0x3C, 0x00, 0x00, 0xE0, 0x3E, 0x0C, 0xE1,
    0x04, 0x20, 0xC6, 0x18, 0xFF, 0x0F, 0xA0, 0x0C, 0x03, 0x0F, 0xE1, 0x78, 0xFE, 0x07, 0x80, 0x00,
    0x00, 0xE0, 0x3E, 0x0C, 0xE1, 0x0C, 0x20, 0x86, 0x10, 0xFE, 0x0F, 0x40, 0x08, 0x3F, 0x01, 0xC0,
    0x78, 0xFE, 0x0F, 0x00, 0x00, 0x01, 0x20, 0x34, 0x03, 0x80, 0x60, 0x00, 0x00, 0x00, 0x38, 0x0F,
    0x83, 0x38, 0x43, 0x08, 0x21, 0x84, 0x3F, 0x83, 0xD0, 0x06, 0x00, 0xC0, 0x71, 0xFC, 0x1F, 0x00,
    0x00, 0x00, 0x00, 0x60, 0x0C, 0x00, 0x80, 0x30, 0x04, 0x00, 0x00, 0x00, 0x07, 0x01, 0xF0, 0x67,
    0x08, 0x61, 0x04, 0x30, 0x87, 0xF0, 0x7A, 0x00, 0xC0, 0x18, 0x0E, 0x3F, 0x83, 0xE0, 0x00, 0x00,
    0x00, 0x00, 0xC0, 0x18, 0x01, 0x00, 0x20, 0x04, 0x00, 0x00, 0x00, 0x00, 0x00, 0x00, 0x00, 0x00,
    0x00, 0x70, 0x1F, 0x06, 0x70, 0x86, 0x10, 0x43, 0x18, 0x7F, 0x07, 0xA0, 0x0C, 0x01, 0x80, 0xE3,
    0xF8, 0x3E, 0x00, 0x00, 0x02, 0x00, 0xE0, 0x14, 0x06, 0xC0, 0x00, 0x00, 0x01, 0xC0, 0x7C, 0x19,
    0xC2, 0x18, 0x41, 0x0C, 0x21, 0xFC, 0x1E, 0x80, 0x30, 0x06, 0x03, 0x8F, 0xE0, 0xF8, 0x00, 0x00,
    0x00, 0x03, 0x30, 0x76, 0x04, 0x00, 0x00, 0x0E, 0x03, 0xE0, 0xCE, 0x10, 0xC2, 0x08, 0x61, 0x0F,
    0xE0, 0xF4, 0x01, 0x80, 0x30, 0x1C, 0x7F, 0x07, 0xC0, 0x00, 0x00, 0x00, 0x00, 0x40, 0x1C, 0x04,
    0xC1, 0xD8, 0x10, 0x00, 0x00, 0x38, 0x0F, 0x83, 0x38, 0x43, 0x08, 0x21, 0x84, 0x3F, 0x83, 0xD0,
    0x06, 0x00, 0xC0, 0x71, 0xFC, 0x1F, 0x00, 0x00, 0x00, 0x00, 0x00, 0xE0, 0x07, 0xC0, 0x38, 0x00,
    0xC0, 0x06, 0x00, 0x10, 0x00, 0x40, 0x41, 0xF1, 0x03, 0xF4, 0x01, 0xD0, 0x03, 0x60, 0x19, 0xC3,
    0xC3, 0xFE, 0x07, 0xC0, 0x00, 0x00, 0x00, 0x03, 0x80, 0x03, 0xE0, 0x03, 0x80, 0x01, 0x80, 0x01,
    0x80, 0x00, 0x80, 0x00, 0x40, 0x18, 0x3E, 0x3C, 0x0F, 0xFA, 0x00, 0xF1, 0x00, 0x30, 0xC0, 0x30,
    0x70, 0xF0, 0x1F, 0xF0, 0x07, 0xC0, 0x00, 0x00, 0x00, 0xEC, 0x87, 0xD6, 0x38, 0x70, 0xC0, 0xC6,
    0x00, 0x10, 0x00, 0x40, 0x41, 0xF1, 0x03, 0xF4, 0x01, 0xD0, 0x03, 0x60, 0x19, 0xC3, 0xC3, 0xFE,
    0x07, 0xC0, 0x02, 0x00, 0xE0, 0x18, 0x00, 0x00, 0x00, 0x0E, 0x03, 0xE0, 0xCE, 0x10, 0xC2, 0x08,
    0x61, 0x0F, 0xE0, 0xF4, 0x01, 0x80, 0x30, 0x1C, 0x7F, 0x07, 0xC0, 0x00, 0x00, 0x00, 0x00, 0x00,
    0xE0, 0x07, 0xC0, 0x38, 0x00, 0xC0, 0x06, 0x00, 0x10, 0x00, 0x40, 0x41, 0xF1, 0x03, 0xF4, 0x01,
    0xD0, 0x03, 0x60, 0x19, 0xC3, 0xC3, 0xFE, 0x07, 0xC0, 0x00, 0x00, 0x18, 0x00, 0x60, 0x00, 0x00,
    0x06, 0x00, 0x18, 0x00, 0x00, 0x00, 0x00, 0x00, 0x00, 0xE0, 0x07, 0xC0, 0x38, 0x00, 0xC0, 0x06,
    0x00, 0x10, 0x00, 0x40, 0x41, 0xF1, 0x03, 0xF4, 0x01, 0xD0, 0x03, 0x60, 0x19, 0xC3, 0xC3, 0xFE,
    0x07, 0xC0, 0x00, 0x00, 0x26, 0x01, 0xD8, 0x02, 0x80, 0x06, 0x00, 0x00, 0x00, 0x00, 0x00, 0x01,
    0x80, 0x01, 0x80, 0x07, 0x80, 0x07, 0x00, 0x06, 0x00, 0x03, 0xC0, 0x1F, 0xFF, 0xFF, 0x7F, 0xFE,
    0x00, 0x0E, 0x00, 0x06, 0x00, 0x01, 0xE0, 0x00, 0x78, 0x00, 0x10, 0x00, 0x00, 0x20, 0x00, 0x38,
    0x00, 0x7C, 0x00, 0x3C, 0x00, 0x18, 0x00, 0x06, 0x00, 0x1F, 0xFF, 0xFF, 0x3F, 0xFF, 0x00, 0x01,
    0xE7, 0x80, 0x00, 0x18, 0x1C, 0x1E, 0x26, 0x63, 0x43, 0x43, 0x66, 0x7E, 0x3C, 0x04, 0x00, 0x10,
    0x00, 0x40, 0x01, 0x0E, 0x04, 0xC8, 0x7F, 0xE4, 0x00, 0x1F, 0xC0, 0x0A, 0x04, 0x02, 0xC1, 0x50,
    0xB9, 0xFC, 0x01, 0xF8, 0x00, 0x31, 0x47, 0x20, 0x00, 0x08, 0x6C, 0x82, 0x18, 0xE7, 0x00, 0x7C,
    0x61, 0x02, 0x46, 0x07, 0x80, 0x01, 0x09, 0xB4, 0x00, 0x00, 0x00, 0x60, 0x91, 0x1E, 0x48, 0x1C,
    0x00, 0x00, 0x00, 0x00, 0x00, 0x00, 0x10, 0x00, 0x00, 0x03, 0xE0, 0x00, 0x00, 0xFB, 0xE0, 0x00,
    0x1D, 0x89, 0xC0, 0x01, 0x8F, 0xE3, 0x80, 0x31, 0x88, 0xC6, 0x03, 0xB0, 0x01, 0xB8, 0x1F, 0x00,
    0x07, 0xE1, 0xE0, 0x00, 0x0F, 0x0E, 0x00, 0x00, 0x3C, 0x60, 0x00, 0x00, 0xE2, 0x00, 0x00, 0x03,
    0x30, 0x00, 0x00, 0x19, 0x80, 0x00, 0x00, 0xE8, 0x00, 0x00, 0x03, 0x40, 0x00, 0x00, 0x1A, 0x00,
    0x00, 0x00, 0xD0, 0x00, 0x00, 0x06, 0x80, 0x00, 0x00, 0x36, 0x00, 0x00, 0x03, 0xB0, 0x00, 0x00,
    0x19, 0x80, 0x00, 0x00, 0xC6, 0x00, 0x00, 0x0E, 0x78, 0x00, 0x00, 0xF1, 0xF0, 0x00, 0x1F, 0x07,
    0xC0, 0x01, 0xF8, 0x3B, 0x80, 0x3B, 0x80, 0xC7, 0xFF, 0x38, 0x01, 0x8E, 0xC3, 0x00, 0x07, 0xE3,
    0xF0, 0x00, 0x0F, 0xFC, 0x00, 0x00, 0x07, 0x00, 0x00, 0x00, 0x10, 0x00, 0x00, 0x00, 0x00, 0x00,
    0x00, 0x10, 0x00, 0x00, 0x28, 0x00, 0x00, 0x44, 0x00, 0x0F, 0xFF, 0xF0, 0x09, 0x01, 0x10, 0x0A,
    0x00, 0x90, 0x0C, 0x00, 0x70, 0x0C, 0x00, 0x30, 0x18, 0x00, 0x18, 0x38, 0x38, 0x18, 0x68, 0x6C,
    0x14, 0x48, 0x44, 0x12, 0x68, 0x6C, 0x14, 0x38, 0x38, 0x18, 0x18, 0x00, 0x10, 0x0C, 0x00, 0x30,
    0x0A, 0x00, 0xD0, 0x09, 0x01, 0x90, 0x0F, 0xFF, 0xF0, 0x00, 0x44, 0x00, 0x00, 0x28, 0x00, 0x00,
    0x10, 0x00, 0x00, 0x00, 0x00, 0x75, 0x70, 0x75, 0x55, 0x70, 0x00, 0xE7, 0x84, 0x70, 0x62, 0xE8,
    0x88, 0x00, 0x00, 0x00, 0x60, 0x91, 0x1E, 0x48, 0x1C, 0x00, 0x20, 0x7E, 0x00, 0x72, 0x9C, 0x2E,
    0x00, 0x00, 0x20, 0x40, 0x7E, 0x00, 0xC2, 0x07, 0xE0, 0x00, 0xA0, 0x92, 0x49, 0xC0, 0x00, 0x00,
    0x10, 0x01, 0x40, 0x15, 0x01, 0x54, 0x16, 0xD1, 0x63, 0x4B, 0xBA, 0x3D, 0xE0, 0xEE, 0x07, 0x70,
    0x3B, 0x81, 0xDC, 0x0E, 0xE0, 0x77, 0x03, 0xF8, 0x38, 0xE3, 0x01, 0x1F, 0xFC, 0x04, 0xA4, 0x00,
    0x4A, 0x40, 0x6F, 0xF6, 0x62, 0xE8, 0x88, 0x00, 0x00, 0x06, 0x07, 0x02, 0xC0, 0x20, 0x00, 0x10,
    0x1C, 0x06, 0x03, 0x80, 0xC0, 0x60, 0x1E, 0x1B, 0xFC, 0xFC, 0x02, 0x01, 0x80, 0x70, 0x26, 0x00,
    0x00, 0x00, 0x30, 0x0C, 0x03, 0x80, 0x60, 0x18, 0x03, 0x00, 0xC0, 0x20, 0x18, 0x06, 0x07, 0x1F,
    0x83, 0xC0, 0x21, 0xDE, 0x60, 0x00, 0x04, 0xC6, 0x66, 0x33, 0x31, 0x11, 0x11, 0x10, 0x00, 0xC1,
    0xC3, 0xE7, 0x7E, 0x7C, 0x30, 0x30, 0x30, 0x30, 0x30, 0x10, 0x10, 0x10, 0x10, 0x00, 0x58, 0x56,
    0x15, 0xCF, 0x3F, 0x8F, 0x83, 0x80, 0x60, 0x18, 0x06, 0x01, 0x80, 0x20, 0x08, 0x02, 0x00, 0x80,
    0x00, 0x11, 0xCC, 0xF3, 0xA0, 0x68, 0x1F, 0xE7, 0xF8, 0xF8, 0x30, 0x0C, 0x03, 0x00, 0x40, 0x10,
    0x04, 0x01, 0x00, 0x40, 0x00, 0x02, 0x00, 0xC0, 0x38, 0x1F, 0x0C, 0xE2, 0x19, 0x87, 0x60, 0xD0,
    0x34, 0x05, 0x11, 0x6E, 0xDF, 0xE3, 0xB8, 0x00, 0x07, 0x03, 0xF1, 0x80, 0x40, 0x18, 0x27, 0x39,
    0xFE, 0x1E, 0x07, 0x03, 0x80, 0xC0, 0x60, 0x18, 0x04, 0x00, 0x00, 0x00, 0x18, 0x0B, 0x03, 0x70,
    0x66, 0x0C, 0xE3, 0x0C, 0x61, 0x88, 0x1B, 0x03, 0x60, 0x68, 0x07, 0x00, 0xE0, 0x1C, 0x01, 0x00,
    0x00, 0x00, 0x80, 0x38, 0x07, 0x00, 0xE0, 0x16, 0x06, 0xC0, 0xDC, 0x11, 0x86, 0x30, 0xC7, 0x30,
    0x66, 0x0E, 0x80, 0xD0, 0x10, 0x00, 0x0E, 0x0F, 0x8C, 0xC4, 0x63, 0x91, 0xF8, 0x7C, 0x02, 0x01,
    0x00, 0xC0, 0x60, 0x30, 0x0C, 0x06, 0x00, 0x00, 0x00, 0x80, 0x00, 0x00, 0xC0, 0x00, 0x01, 0x30,
    0x00, 0x03, 0x70, 0x00, 0x03, 0x20, 0x00, 0x00, 0x06, 0x00, 0x00, 0x0E, 0x00, 0x00, 0x46, 0x00,
    0x30, 0xC6, 0x00, 0x30, 0xC6, 0x00, 0x30, 0xF2, 0x00, 0x3F, 0xFE, 0x40, 0x1F, 0x3E, 0x40, 0x10,
    0x00, 0x40, 0x10, 0x00, 0x40, 0x10, 0xC0, 0x60, 0x71, 0xC0, 0x71, 0xE0, 0xC0, 0x3F, 0xC0, 0x00,
    0x1F, 0x00, 0x00, 0x00, 0x00, 0x40, 0x00, 0x00, 0x38, 0x00, 0x00, 0x0E, 0x00, 0x00, 0x01, 0x00,
    0x00, 0x00, 0x00, 0x00, 0x00, 0x00, 0x00, 0x00, 0x01, 0xE0, 0x00, 0x01, 0xFC, 0x00, 0x00, 0xE7,
    0x80, 0x00, 0x60, 0x60, 0x03, 0x30, 0x08, 0x00, 0xD8, 0x06, 0x00, 0x3C, 0x0F, 0x00, 0x0F, 0xFF,
    0x84, 0x01, 0xFF, 0x81, 0x00, 0x40, 0x00, 0x40, 0x10, 0x00, 0x10, 0x04, 0x08, 0x06, 0x03, 0x07,
    0x01, 0xC7, 0x81, 0xC0, 0x3F, 0xC0, 0x00, 0x07, 0xC0, 0x00, 0x00, 0x00, 0x00, 0x18, 0x00, 0x70,
    0x00, 0x60, 0x00, 0x00, 0x00, 0x00, 0x07, 0x80, 0x1F, 0x80, 0x71, 0x00, 0x80, 0x01, 0x00, 0x03,
    0x03, 0x07, 0xDE, 0x07, 0xF0, 0x03, 0x80, 0x0C, 0x00, 0x10, 0x00, 0x61, 0x00, 0x87, 0x01, 0x04,
    0x02, 0x00, 0x06, 0x00, 0x07, 0x01, 0x87, 0xFE, 0x07, 0xF0, 0x00, 0x03, 0x81, 0xF0, 0xCC, 0x20,
    0x0C, 0x03, 0xFC, 0xFF, 0x78, 0x00, 0x00, 0x00, 0x28, 0x0A, 0x02, 0x80, 0xA0, 0x00, 0x00, 0x07,
    0x03, 0xE0, 0xDC, 0x03, 0x80, 0x73, 0xFD, 0xFE, 0xE0, 0x30, 0x04, 0x41, 0x1C, 0x45, 0x19, 0x46,
    0x01, 0x80, 0x40, 0x00, 0x01, 0x00, 0x0C, 0x00, 0x38, 0x01, 0xA0, 0x00, 0x00, 0x00, 0x00, 0x10,
    0x00, 0xF0, 0x03, 0xE0, 0x1F, 0xC0, 0xCF, 0x82, 0x16, 0x0C, 0xCC, 0x1B, 0x30, 0x7C, 0x7F, 0xFF,
    0x3C, 0x78, 0x00, 0x00, 0x00, 0x00, 0x00, 0x00, 0x60, 0x00, 0x18, 0x00, 0x06, 0x40, 0x01, 0x90,
    0x00, 0x24, 0x00, 0x09, 0x80, 0x06, 0x78, 0x1F, 0x8F, 0xFF, 0x81, 0xFF, 0x00, 0x00, 0x00, 0x00,
    0x00, 0x01, 0xAC, 0x00, 0x69, 0x00, 0x00, 0x00, 0x00, 0x80, 0x00, 0x70, 0x00, 0x2E, 0x00, 0x1D,
    0x86, 0x02, 0x21, 0x80, 0x00, 0x64, 0x00, 0x19, 0x00, 0x02, 0x40, 0x00, 0x98, 0x00, 0x67, 0x81,
    0xF8, 0xFF, 0xF8, 0x1F, 0xF0, 0x00, 0x00, 0x00, 0x00, 0x00, 0x03, 0x00, 0x01, 0xC0, 0x00, 0x20,
    0x00, 0x00, 0x00, 0x00, 0x00, 0x00, 0x00, 0x60, 0x00, 0x18, 0x00, 0x06, 0x40, 0x01, 0x90, 0x00,
    0x24, 0x00, 0x09, 0x80, 0x06, 0x78, 0x1F, 0x8F, 0xFF, 0x81, 0xFF, 0x00, 0x00, 0x00, 0x00, 0x00,
    0x00, 0x30, 0x00, 0x0E, 0x00, 0x0D, 0xC0, 0x03, 0x20, 0x00, 0x00, 0x00, 0x00, 0x00, 0x00, 0x98,
    0x00, 0x76, 0x18, 0x18, 0x86, 0x00, 0x01, 0x90, 0x00, 0x64, 0x00, 0x09, 0x00, 0x02, 0x60, 0x01,
    0x9E, 0x07, 0xE3, 0xFF, 0xE0, 0x7F, 0xC0, 0x00, 0x00, 0x00, 0x00, 0x00, 0x0C, 0x00, 0x03, 0x80,
    0x03, 0x70, 0x00, 0xC8, 0x00, 0x00, 0x00, 0x00, 0x00, 0x00, 0x70, 0x00, 0x1C, 0x18, 0x02, 0x06,
    0x00, 0x01, 0x90, 0x00, 0x64, 0x00, 0x09, 0x00, 0x02, 0x60, 0x01, 0x9E, 0x07, 0xE3, 0xFF, 0xE0,
    0x7F, 0xC0, 0x00, 0x00, 0x00, 0x00, 0x00, 0x37, 0x00, 0x1D, 0xC0, 0x02, 0x00, 0x00, 0x00, 0x00,
    0x00, 0x00, 0x60, 0x00, 0x18, 0x00, 0x06, 0x40, 0x01, 0x90, 0x00, 0x24, 0x00, 0x09, 0x80, 0x06,
    0x78, 0x1F, 0x8F, 0xFF, 0x81, 0xFF, 0x00, 0x00, 0x00, 0x00, 0x00, 0x00, 0x30, 0x00, 0x1C, 0x00,
    0x05, 0x80, 0x00, 0x20, 0x00, 0x02, 0x00, 0x00, 0xD0, 0x00, 0x34, 0x00, 0x06, 0x06, 0x00, 0x81,
    0x80, 0x00, 0x64, 0x00, 0x19, 0x00, 0x06, 0x40, 0x00, 0x98, 0x00, 0x67, 0x00, 0xF8, 0xFF, 0xF8,
    0x1F, 0xF0, 0x00, 0x00, 0x00, 0x06, 0x60, 0x06, 0x60, 0x02, 0x00, 0x00, 0x00, 0x3E, 0x00, 0x7F,
    0xC0, 0x63, 0xFC, 0x01, 0xFC, 0x07, 0xE0, 0x0F, 0x00, 0x1C, 0x00, 0x18, 0x00, 0x30, 0x00, 0x20,
    0x00, 0x20, 0x00, 0x20, 0x00, 0x20, 0x00, 0x30, 0x00, 0x1C, 0x0E, 0x0F, 0xFC, 0x07, 0xF0, 0x3E,
    0x00, 0x7F, 0xC0, 0x63, 0xFC, 0x01, 0xFC, 0x07, 0xE0, 0x0F, 0x00, 0x1C, 0x00, 0x18, 0x00, 0x30,
    0xC0, 0x20, 0xE0, 0x23, 0x30, 0x23, 0x20, 0x20, 0x00, 0x30, 0x00, 0x1C, 0x0E, 0x0F, 0xFC, 0x07,
    0xF0, 0x08, 0x02, 0x00, 0xF0, 0x34, 0x1F, 0x00, 0x00, 0x00, 0x18, 0x07, 0x01, 0xC0, 0x38, 0x0E,
    0x01, 0x80, 0x26, 0x19, 0xFE, 0x7E, 0x00, 0x00, 0xC0, 0x30, 0x00, 0x01, 0x00, 0xE0, 0x10, 0x00,
    0x02, 0x03, 0x80, 0xC0, 0x70, 0x18, 0x0C, 0x03, 0xC3, 0x7F, 0x9F, 0x80, 0x00, 0x80, 0xC0, 0x70,
    0x4C, 0x00, 0x00, 0x00, 0x00, 0xC0, 0x30, 0x0C, 0x03, 0x80, 0x60, 0x18, 0x02, 0x00, 0x87, 0xF0,
    0x38, 0x1C, 0xFE, 0x0F, 0x00, 0x00, 0x00, 0x01, 0x40, 0x00, 0x03, 0x60, 0x00, 0x00, 0x00, 0x00,
    0x01, 0xE0, 0x00, 0x01, 0x60, 0x00, 0x00, 0x06, 0x00, 0x00, 0x0E, 0x00, 0x00, 0x46, 0x00, 0x30,
    0xC6, 0x00, 0x30, 0xC6, 0x00, 0x30, 0xF2, 0x00, 0x3F, 0xFE, 0x40, 0x1F, 0x3E, 0x40, 0x10, 0x00,
    0x40, 0x10, 0x00, 0x40, 0x10, 0x00, 0x60, 0x70, 0x00, 0x71, 0xE0, 0x00, 0x3F, 0xC0, 0x00, 0x1F,
    0x00, 0x00, 0x02, 0x00, 0x6E, 0x01, 0xCC, 0x00, 0x00, 0x00, 0x00, 0x03, 0xC0, 0x0F, 0xC0, 0x38,
    0x80, 0x40, 0x00, 0x80, 0x01, 0x81, 0x83, 0xEF, 0x03, 0xF8, 0x01, 0xC0, 0x06, 0x00, 0x08, 0x00,
    0x30, 0x00, 0x40, 0x00, 0x80, 0x01, 0x00, 0x03, 0x00, 0x03, 0x80, 0xC3, 0xFF, 0x03, 0xF8, 0x00,
    0x00, 0x04, 0x00, 0xDC, 0x01, 0xD0, 0x00, 0xC0, 0x01, 0x00, 0x00, 0x00, 0x0F, 0x00, 0x3F, 0x00,
    0xE2, 0x01, 0x00, 0x02, 0x00, 0x06, 0x06, 0x0F, 0xBC, 0x0F, 0xE0, 0x07, 0x00, 0x18, 0x00, 0x20,
    0x00, 0xC0, 0x01, 0x00, 0x02, 0x00, 0x04, 0x00, 0x0C, 0x00, 0x0E, 0x03, 0x0F, 0xFC, 0x0F, 0xE0,
    0x00, 0x00, 0x18, 0x00, 0x70, 0x00, 0x00, 0x00, 0xC0, 0x01, 0x80, 0x00, 0x00, 0x00, 0x00, 0x1E,
    0x00, 0x7E, 0x01, 0xC4, 0x02, 0x00, 0x04, 0x00, 0x0C, 0x0C, 0x1F, 0x78, 0x1F, 0xC0, 0x0E, 0x00,
    0x30, 0x00, 0x40, 0x01, 0x80, 0x02, 0x00, 0x04, 0x00, 0x08, 0x00, 0x18, 0x00, 0x1C, 0x06, 0x1F,
    0xF8, 0x1F, 0xC0, 0x00, 0x07, 0x00, 0x00, 0xF0, 0x00, 0x37, 0x00, 0x04, 0x60, 0x00, 0x86, 0x80,
    0x19, 0xD0, 0x03, 0xFA, 0x00, 0x39, 0x60, 0x00, 0x6F, 0x01, 0xF8, 0xFF, 0xFE, 0x0F, 0xFE, 0x00,
    0x00, 0x00, 0x00, 0x00, 0x80, 0x01, 0xB8, 0x00, 0x32, 0x00, 0x00, 0x00, 0x00, 0x07, 0x00, 0x00,
    0xF0, 0x00, 0x37, 0x00, 0x04, 0x60, 0x00, 0x86, 0x80, 0x19, 0xD0, 0x03, 0xFA, 0x00, 0x39, 0x60,
    0x00, 0x6F, 0x01, 0xF8, 0xFF, 0xFE, 0x0F, 0xFE, 0x00, 0x00, 0x00, 0x00, 0x02, 0x00, 0x00, 0xE0,
    0x00, 0x36, 0x00, 0x06, 0xC0, 0x00, 0x80, 0x00, 0x00, 0x00, 0x60, 0x00, 0x30, 0x60, 0x09, 0xF0,
    0x03, 0xE0, 0x07, 0xC0, 0x07, 0x80, 0x03, 0x00, 0x01, 0xC0, 0x00, 0xF8, 0x00, 0x0E, 0x00, 0x01,
    0x80, 0x00, 0x62, 0x00, 0x11, 0x00, 0x08, 0xE0, 0x3C, 0x7F, 0xFC, 0x0F, 0xF8, 0x00, 0x00, 0x80,
    0x00, 0xE0, 0x00, 0x58, 0x60, 0x31, 0xF0, 0x03, 0xE0, 0x07, 0xC0, 0x07, 0x80, 0x03, 0x00, 0x01,
    0xC0, 0x00, 0xF8, 0x00, 0x0E, 0x00, 0x01, 0x80, 0x00, 0x62, 0x00, 0x11, 0x00, 0x08, 0xE0, 0x3C,
    0x7F, 0xFC, 0x0F, 0xF8, 0x00, 0x00, 0x00, 0x00, 0x00, 0xC0, 0x03, 0xE0, 0x07, 0xC0, 0x0F, 0x80,
    0x0F, 0x00, 0x06, 0x00, 0x03, 0x80, 0x01, 0xF0, 0x00, 0x1C, 0x00, 0x03, 0x00, 0x00, 0xC4, 0x00,
    0x22, 0x00, 0x11, 0xC0, 0x78, 0xFF, 0xF8, 0x1F, 0xF0, 0x00, 0x00, 0x00, 0x00, 0x00, 0x0E, 0x00,
    0x02, 0x80, 0x06, 0xE0, 0x03, 0x20, 0x00, 0x00, 0x00, 0x06, 0x01, 0xC0, 0x60, 0x00, 0x00, 0x01,
    0xC0, 0xF8, 0x67, 0x10, 0xE0, 0x1D, 0xFE, 0xFF, 0xB8, 0x08, 0x02, 0x00, 0xC0, 0x30, 0x0C, 0x03,
    0x00, 0xC0, 0x30, 0x00, 0x00, 0x07, 0x03, 0xE1, 0x9C, 0x43, 0x80, 0x77, 0xFB, 0xFE, 0xE0, 0x20,
    0x08, 0x03, 0x10, 0xCE, 0x33, 0x8C, 0x03, 0x00, 0xC0, 0x00, 0x00, 0x00, 0x30, 0x01, 0x80, 0x00,
    0x00, 0x03, 0x00, 0x18, 0x00, 0xC0, 0x06, 0x40, 0x32, 0x00, 0x90, 0x04, 0x80, 0x26, 0x03, 0x38,
    0xF0, 0xFF, 0x03, 0xE0, 0x00, 0x00, 0x0C, 0x06, 0xE0, 0x32, 0x00, 0x00, 0x00, 0x00, 0x00, 0x40,
    0x03, 0xC0, 0x12, 0x01, 0xF0, 0x00, 0x00, 0x10, 0x01, 0xC0, 0x06, 0x00, 0x00, 0x00, 0x0C, 0x00,
    0x60, 0x03, 0x00, 0x19, 0x00, 0xC8, 0x02, 0x40, 0x12, 0x00, 0x98, 0x0C, 0xE3, 0xC3, 0xFC, 0x0F,
    0x80, 0x00, 0x00, 0xC8, 0x03, 0xC0, 0x1C, 0x00, 0x60, 0x00, 0x00, 0x18, 0x01, 0xC0, 0x06, 0x00,
    0x00, 0x00, 0x0C, 0x00, 0x60, 0x03, 0x00, 0x19, 0x00, 0xC8, 0x02, 0x40, 0x12, 0x00, 0x98, 0x0C,
    0xE3, 0xC3, 0xFC, 0x0F, 0x80, 0x00, 0x00, 0x00, 0xC0, 0x03, 0x00, 0x0C, 0x00, 0x30, 0x00, 0xC0,
    0x03, 0x00, 0x0C, 0x00, 0x30, 0x07, 0xF0, 0x03, 0x80, 0x06, 0x00, 0x18, 0x00, 0x60, 0x01, 0x80,
    0x02, 0x40, 0x09, 0x00, 0x24, 0x00, 0x90, 0x02, 0x60, 0x31, 0xC3, 0xC3, 0xFE, 0x07, 0xE0, 0x00,
    0x01, 0x80, 0x60, 0x00, 0x06, 0x01, 0x80, 0x00, 0x04, 0x03, 0x00, 0xC0, 0x38, 0x06, 0x01, 0x80,
    0x30, 0x0C, 0x02, 0x01, 0x80, 0x60, 0x71, 0xF8, 0x3C, 0x00, 0x07, 0x06, 0x03, 0x41, 0xE0, 0x80,
    0x08, 0x0C, 0x06, 0x03, 0x80, 0xC0, 0x60, 0x10, 0x08, 0x04, 0x06, 0x02, 0x07, 0x7F, 0x0F, 0x00,
    0x00, 0x00, 0x80, 0x00, 0x01, 0xC0, 0x00, 0x00, 0x80, 0x00, 0x00, 0x80, 0x00, 0x00, 0xC0, 0x00,
    0x00, 0xC0, 0x00, 0x00, 0x06, 0x00, 0x00, 0x0E, 0x00, 0x00, 0x46, 0x00, 0x30, 0xC6, 0x00, 0x30,
    0xC6, 0x00, 0x30, 0xF2, 0x00, 0x3F, 0xFE, 0x40, 0x1F, 0x3E, 0x40, 0x10, 0x00, 0x40, 0x10, 0x00,
    0x40, 0x10, 0x00, 0x60, 0x70, 0x00, 0x71, 0xE0, 0x00, 0x3F, 0xC0, 0x00, 0x1F, 0x00, 0x00, 0x3E,
    0x00, 0xFF, 0x81, 0x9F, 0xF0, 0x0F, 0xE0, 0x7E, 0x01, 0xE0, 0x07, 0x00, 0x0C, 0x80, 0x31, 0x00,
    0x43, 0xC0, 0x84, 0x81, 0x1F, 0x02, 0x00, 0x06, 0x00, 0x07, 0x01, 0x8F, 0xFE, 0x07, 0xF0, 0x00,
    0x00, 0x00, 0x00, 0x7F, 0x01, 0xFF, 0xF2, 0x0F, 0xE0, 0x3E, 0x00, 0xE0, 0x03, 0x00, 0x0C, 0xC0,
    0x30, 0xE0, 0x43, 0x40, 0x87, 0x81, 0x01, 0x02, 0x1E, 0x06, 0x20, 0x07, 0x01, 0x8F, 0xFE, 0x07,
    0xF0, 0x00, 0x00, 0x00, 0x00, 0x00, 0x00, 0x01, 0x80, 0x00, 0x01, 0xE0, 0x00, 0x01, 0xA0, 0x00,
    0x01, 0xE0, 0x00, 0x00, 0x20, 0x00, 0x01, 0xE0, 0x00, 0x01, 0x00, 0x00, 0x00, 0x06, 0x00, 0x00,
    0x0E, 0x00, 0x00, 0x66, 0x00, 0x30, 0x46, 0x00, 0x30, 0xC6, 0x00, 0x30, 0xF2, 0x00, 0x3F, 0xFE,
    0x40, 0x1F, 0xBE, 0x40, 0x10, 0x00, 0x40, 0x10, 0x00, 0x40, 0x10, 0x00, 0x60, 0x70, 0x00, 0x71,
    0xE0, 0x00, 0x3F, 0xC0, 0x00, 0x1F, 0x00, 0x00, 0x00, 0x04, 0x03, 0xC1, 0x21, 0xE0, 0x00, 0x6C,
    0x10, 0x00, 0x01, 0x01, 0xC0, 0xE0, 0x30, 0x1C, 0x06, 0x01, 0x00, 0x80, 0x40, 0x60, 0x60, 0x77,
    0xF0, 0xF0, 0x01, 0x00, 0x02, 0x00, 0x07, 0x00, 0x09, 0x00, 0x3C, 0x00, 0x00, 0x0F, 0x80, 0x3F,
    0xE0, 0x63, 0xFC, 0x03, 0xF8, 0x1F, 0x80, 0x78, 0x01, 0xC0, 0x03, 0x00, 0x0C, 0x00, 0x10, 0x00,
    0x20, 0x00, 0x40, 0x00, 0x80, 0x01, 0x80, 0x01, 0xC0, 0xE1, 0xFF, 0x81, 0xFC, 0x00, 0x03, 0x47,
    0x10, 0x68, 0xA2, 0xC2, 0x08, 0x20, 0x82, 0x08, 0x20, 0x82, 0x08, 0x00, 0x01, 0x25, 0x9C, 0x60,
    0xA2, 0x8B, 0x08, 0x20, 0x82, 0x08, 0x20, 0x82, 0x08, 0x20, 0x00, 0x00, 0x00, 0x90, 0x03, 0x83,
    0x84, 0x1F, 0x10, 0xE0, 0x43, 0x01, 0x18, 0x00, 0x40, 0x01, 0x01, 0x07, 0xC4, 0x0F, 0xD0, 0x07,
    0x40, 0x0D, 0x80, 0x67, 0x0F, 0x0F, 0xF8, 0x1F, 0x00, 0x00, 0x00, 0xA0, 0x02, 0xC0, 0x0E, 0x0E,
    0x30, 0x7C, 0x43, 0x81, 0x0C, 0x04, 0x60, 0x01, 0x00, 0x04, 0x04, 0x1F, 0x10, 0x3F, 0x40, 0x1D,
    0x00, 0x36, 0x01, 0x9C, 0x3C, 0x3F, 0xE0, 0x7C, 0x00, 0x00, 0x00, 0x00, 0xE0, 0x07, 0xC0, 0x38,
    0x00, 0xC0, 0x06, 0x00, 0x10, 0x00, 0x40, 0x41, 0xF1, 0x03, 0xF4, 0x01, 0xD0, 0x03, 0x60, 0x19,
    0xC3, 0xC3, 0xFE, 0x07, 0xC0, 0x00, 0x00, 0x34, 0x00, 0xF0, 0x02, 0x80, 0x08, 0x00, 0x30, 0x00,
    0x40, 0x01, 0x00, 0x00, 0x00, 0x08, 0x04, 0x80, 0x70, 0x02, 0x00, 0x20, 0x02, 0x38, 0x27, 0xC2,
    0xCE, 0x08, 0x60, 0x82, 0x0C, 0x20, 0xFE, 0x07, 0xA0, 0x06, 0x00, 0x60, 0x1C, 0x3F, 0x81, 0xF0,
    0x00, 0x00, 0x00, 0x1A, 0x01, 0xE0, 0x30, 0x06, 0x00, 0x47, 0x09, 0xF1, 0x66, 0x08, 0x61, 0x0C,
    0x31, 0x87, 0xF0, 0x7E, 0x00, 0xC0, 0x30, 0x0E, 0x7F, 0x83, 0xC0, 0x00, 0x00, 0x68, 0x00, 0x1C,
    0x00, 0x08, 0x00, 0x02, 0x00, 0x01, 0x00, 0x00, 0x84, 0x00, 0x0C, 0x00, 0x3E, 0x00, 0x38, 0x00,
    0x30, 0x00, 0x1E, 0x00, 0xFF, 0xFF, 0xFB, 0xFF, 0xF0, 0x00, 0x00, 0x14, 0x00, 0x07, 0x80, 0x01,
    0x80, 0x00, 0x20, 0x00, 0x08, 0x00, 0x02, 0x10, 0x00, 0x9C, 0x00, 0x1E, 0x00, 0x1E, 0x00, 0x04,
    0x00, 0x03, 0x80, 0x0E, 0xFF, 0xFF, 0x9F, 0xFF, 0x80, 0x3E, 0x00, 0xFF, 0x81, 0x8F, 0xF0, 0x0F,
    0xE0, 0x7C, 0x01, 0xE0, 0x07, 0x00, 0x0C, 0xD0, 0x31, 0xC0, 0x42, 0x80, 0x84, 0x01, 0x04, 0x02,
    0x08, 0x06, 0x00, 0x07, 0x03, 0x07, 0xFE, 0x07, 0xF0, 0x00, 0x00, 0x00, 0x00, 0x03, 0x40, 0x00,
    0x02, 0xC0, 0x00, 0x02, 0x80, 0x00, 0x02, 0x00, 0x00, 0x01, 0x00, 0x00, 0x01, 0x00, 0x00, 0x00,
    0x06, 0x00, 0x00, 0x0E, 0x00, 0x00, 0x6E, 0x00, 0x30, 0xC6, 0x00, 0x30, 0xC6, 0x00, 0x30, 0xF2,
    0x00, 0x3F, 0xFE, 0x40, 0x3F, 0xBE, 0x40, 0x10, 0x00, 0x40, 0x10, 0x00, 0x40, 0x10, 0x00, 0x60,
    0x70, 0x00, 0x71, 0xE0, 0x00, 0x3F, 0xC0, 0x00, 0x1F, 0x00, 0x00, 0x00, 0x00, 0x00, 0x00, 0x00,
    0xC0, 0x00, 0x00, 0xC0, 0x00, 0x01, 0x60, 0x00, 0x01, 0x20, 0x00, 0x00, 0x06, 0x00, 0x00, 0x0E,
    0x00, 0x00, 0x46, 0x00, 0x30, 0xC6, 0x00, 0x30, 0xC6, 0x00, 0x30, 0xF2, 0x00, 0x3F, 0xFE, 0x40,
    0x1F, 0x3E, 0x40, 0x10, 0x00, 0x40, 0x10, 0x00, 0x40, 0x10, 0x00, 0x60, 0x70, 0x00, 0x71, 0xE0,
    0x00, 0x3F, 0xC0, 0x00, 0x1F, 0x00, 0x00, 0x00, 0x20, 0x06, 0x00, 0x70, 0x06, 0x02, 0x61, 0xB6,
    0x00, 0x60, 0x43, 0x08, 0x30, 0xE3, 0x02, 0x30, 0xC3, 0x00, 0x10, 0x01, 0x00, 0x3F, 0xFF, 0xFF,
    0xE0, 0x1F, 0xC1, 0xFF, 0x9F, 0xFC, 0xE0, 0xF0, 0x07, 0x80, 0x7C, 0xFF, 0xEF, 0xFF, 0xF0, 0x7F,
    0x03, 0xFC, 0x3F, 0xFF, 0xF7, 0xFF, 0x9F, 0xBC, 0x00, 0x00, 0x00, 0x07, 0x00, 0x38, 0x01, 0xC0,
    0x01, 0xE0, 0x00, 0x78, 0x00, 0x0E, 0x00, 0x03, 0x00, 0x00, 0x00, 0x00, 0x00, 0x00, 0x3E, 0x00,
    0x0F, 0xC0, 0x03, 0xF0, 0x01, 0xFC, 0x00, 0x77, 0x80, 0x1C, 0xE0, 0x0F, 0x3C, 0x03, 0xCF, 0x00,
    0xE1, 0xC0, 0x78, 0x78, 0x1E, 0x1E, 0x07, 0xFF, 0x83, 0xFF, 0xF0, 0xFF, 0xFC, 0x78, 0x07, 0x9E,
    0x01, 0xE7, 0x80, 0x7B, 0xC0, 0x0F, 0x0F, 0x00, 0xF0, 0x03, 0x00, 0x70, 0x00, 0x00, 0x00, 0x1F,
    0x83, 0xFE, 0x7F, 0xF7, 0x0F, 0x00, 0x70, 0x0F, 0x3F, 0xF7, 0xFF, 0xF0, 0x7E, 0x07, 0xF0, 0xFF,
    0xFF, 0x7F, 0x73, 0xE7, 0x00, 0x70, 0x03, 0x80, 0x38, 0x00, 0x00, 0x70, 0x07, 0xC0, 0x77, 0x07,
    0x38, 0x30, 0x40, 0x00, 0x07, 0xE0, 0x7F, 0xC7, 0xFF, 0x38, 0x78, 0x01, 0xC0, 0x1E, 0x3F, 0xF3,
    0xFF, 0xBC, 0x1D, 0xC0, 0xEF, 0x0F, 0x7F, 0xF9, 0xFD, 0xC7, 0xCE, 0x00, 0x38, 0x00, 0x06, 0x00,
    0x01, 0xC0, 0x00, 0x00, 0x01, 0xE0, 0x00, 0xFC, 0x00, 0x3F, 0x00, 0x1C, 0xE0, 0x00, 0x00, 0x00,
    0x00, 0x00, 0x3E, 0x00, 0x0F, 0xC0, 0x03, 0xF0, 0x01, 0xFC, 0x00, 0x77, 0x80, 0x1C, 0xE0, 0x0F,
    0x3C, 0x03, 0xCF, 0x00, 0xE1, 0xC0, 0x78, 0x78, 0x1E, 0x1E, 0x07, 0xFF, 0x83, 0xFF, 0xF0, 0xFF,
    0xFC, 0x78, 0x07, 0x9E, 0x01, 0xE7, 0x80, 0x7B, 0xC0, 0x0F, 0x01, 0xC0, 0x0E, 0x00, 0x60, 0x00,
    0x07, 0x00, 0xF8, 0x1D, 0xC3, 0x9C, 0x30, 0x40, 0x00, 0x1F, 0x83, 0xFE, 0x7F, 0xF7, 0x0F, 0x00,
    0x70, 0x0F, 0x3F, 0xF7, 0xFF, 0xF0, 0x7E, 0x07, 0xF0, 0xFF, 0xFF, 0x7F, 0x73, 0xE7, 0x00, 0x3C,
    0x00, 0x0F, 0x00, 0x00, 0xC0, 0x00, 0x60, 0x00, 0x00, 0x00, 0x78, 0x00, 0x3F, 0x00, 0x1C, 0xE0,
    0x06, 0x18, 0x00, 0x00, 0x00, 0x1F, 0x00, 0x0F, 0xC0, 0x03, 0xF0, 0x01, 0xFE, 0x00, 0x7B, 0x80,
    0x1C, 0xE0, 0x0F, 0x3C, 0x03, 0xCF, 0x00, 0xE1, 0xC0, 0x78, 0x78, 0x1E, 0x1E, 0x07, 0xFF, 0xC3,
    0xFF, 0xF0, 0xFF, 0xFC, 0x78, 0x07, 0x9E, 0x01, 0xE7, 0x80, 0x7B, 0xC0, 0x0F, 0x01, 0xC0, 0x1E,
    0x00, 0x60, 0x0C, 0x00, 0x00, 0xF0, 0x1F, 0x83, 0xDC, 0x38, 0xE0, 0x00, 0x1F, 0x83, 0xFE, 0x7F,
    0xF7, 0x0F, 0x00, 0x70, 0x0F, 0x3F, 0xF7, 0xFF, 0xF0, 0x7E, 0x07, 0xF0, 0xFF, 0xFF, 0x7F, 0x73,
    0xE7, 0x1E, 0xC3, 0xFC, 0x33, 0x80, 0x00, 0x0F, 0x01, 0xF8, 0x3D, 0xC3, 0x8E, 0x00, 0x01, 0xF8,
    0x3F, 0xE7, 0xFF, 0x70, 0xF0, 0x07, 0x00, 0xF3, 0xFF, 0x7F, 0xFF, 0x07, 0xE0, 0x7F, 0x0F, 0xFF,
    0xF7, 0xF7, 0x3E, 0x70, 0x01, 0xC0, 0x00, 0xF8, 0x00, 0x77, 0x00, 0x3C, 0xE0, 0x00, 0x00, 0x00,
    0x00, 0x00, 0x00, 0x00, 0x0F, 0x80, 0x03, 0xE0, 0x00, 0xFC, 0x00, 0x77, 0x00, 0x1D, 0xC0, 0x07,
    0x78, 0x03, 0xCE, 0x00, 0xE3, 0xC0, 0x38, 0xF0, 0x1E, 0x1C, 0x07, 0xFF, 0x83, 0xFF, 0xE0, 0xFF,
    0xFC, 0x38, 0x0F, 0x1E, 0x01, 0xC7, 0x80, 0x79, 0xC0, 0x1E, 0xF0, 0x03, 0xC0, 0x00, 0x00, 0x00,
    0x00, 0x07, 0x00, 0x01, 0xC0, 0x00, 0x70, 0x00, 0x07, 0x00, 0x7C, 0x07, 0x70, 0x73, 0xC0, 0x00,
    0x00, 0x00, 0x7F, 0x07, 0xFE, 0x7F, 0xF3, 0x83, 0xC0, 0x1E, 0x01, 0xF3, 0xFF, 0xBF, 0xFF, 0xC1,
    0xFC, 0x0F, 0xF0, 0xFF, 0xFF, 0xDF, 0xFE, 0x7E, 0xF0, 0x00, 0x00, 0x00, 0x1C, 0x00, 0xE0, 0x07,
    0x00, 0x00, 0x70, 0x00, 0x18, 0x00, 0x0E, 0x00, 0x00, 0x00, 0x06, 0x18, 0x01, 0xCE, 0x00, 0x3F,
    0x00, 0x07, 0x80, 0x00, 0x00, 0x00, 0x00, 0x00, 0x1E, 0x00, 0x0F, 0xC0, 0x03, 0xF0, 0x01, 0xFC,
    0x00, 0x77, 0x80, 0x1C, 0xE0, 0x0F, 0x3C, 0x03, 0xCF, 0x00, 0xE1, 0xC0, 0x78, 0x78, 0x1E, 0x1E,
    0x07, 0xFF, 0x83, 0xFF, 0xF0, 0xFF, 0xFC, 0x78, 0x07, 0x9E, 0x01, 0xE7, 0x80, 0x7B, 0xC0, 0x0F,
    0x03, 0x80, 0x30, 0x07, 0x00, 0x00, 0x00, 0x03, 0x0C, 0x39, 0xC1, 0xF8, 0x0F, 0x00, 0x00, 0x1F,
    0x83, 0xFE, 0x7F, 0xFF, 0x0F, 0x00, 0x70, 0x0F, 0x3F, 0xF7, 0xFF, 0xF0, 0x7E, 0x07, 0xF0, 0xFF,
    0xFF, 0x7F, 0xF3, 0xE7, 0x1C, 0x00, 0xC0, 0x06, 0x00, 0x00, 0x00, 0x03, 0x0C, 0x39, 0xC1, 0xF8,
    0x0F, 0x00, 0x00, 0x1F, 0x83, 0xFE, 0x7F, 0xFF, 0x0F, 0x00, 0x70, 0x0F, 0x3F, 0xF7, 0xFF, 0xF0,
    0x7E, 0x07, 0xF0, 0xFF, 0xFF, 0x7F, 0xF3, 0xE7, 0x1E, 0xC3, 0xFC, 0x33, 0x80, 0x00, 0x30, 0xC3,
    0xFC, 0x0F, 0x00, 0x00, 0x00, 0x01, 0xF8, 0x3F, 0xE7, 0xFF, 0xF0, 0xF0, 0x07, 0x00, 0xF3, 0xFF,
    0x7F, 0xFF, 0x07, 0xE0, 0x7F, 0x0F, 0xFF, 0xF7, 0xFF, 0x3E, 0x70, 0x30, 0xC1, 0xFC, 0x0F, 0x00,
    0x00, 0x00, 0x01, 0xF8, 0x3F, 0xE7, 0xFF, 0xF0, 0xF0, 0x07, 0x00, 0xF3, 0xFF, 0x7F, 0xFF, 0x07,
    0xE0, 0x7F, 0x0F, 0xFF, 0xF7, 0xFF, 0x3E, 0x70, 0x00, 0x00, 0x00, 0x70, 0x07, 0x00, 0x70, 0x0F,
    0xC1, 0xFF, 0x1F, 0xFC, 0xE0, 0xFF, 0x07, 0xFF, 0xFF, 0xFF, 0xFF, 0xFF, 0xE0, 0x07, 0x80, 0x1C,
    0x1E, 0xFF, 0xE3, 0xFE, 0x07, 0xE0, 0x00, 0x00, 0x00, 0x07, 0x00, 0x38, 0x01, 0xC0, 0x0F, 0x00,
    0x7C, 0x00, 0xE0, 0x06, 0x00, 0x00, 0x00, 0x00, 0x3F, 0x07, 0xFC, 0x7F, 0xF3, 0x83, 0xBC, 0x1F,
    0xFF, 0xFF, 0xFF, 0xFF, 0xFF, 0x80, 0x1E, 0x00, 0x70, 0x7B, 0xFF, 0x8F, 0xF8, 0x1F, 0x80, 0x1F,
    0xE1, 0xFE, 0x00, 0x00, 0x00, 0x00, 0xFC, 0x1F, 0xF1, 0xFF, 0xCE, 0x0E, 0xF0, 0x7F, 0xFF, 0xFF,
    0xFF, 0xFF, 0xFE, 0x00, 0x78, 0x01, 0xC1, 0xEF, 0xFE, 0x3F, 0xE0, 0x7E, 0x00, 0x00, 0x38, 0x03,
    0x80, 0x38, 0x00, 0x00, 0x70, 0x07, 0xC0, 0x77, 0x07, 0x9C, 0x10, 0x60, 0x00, 0x03, 0xF0, 0x7F,
    0xC7, 0xFF, 0x38, 0x3B, 0xC1, 0xFF, 0xFF, 0xFF, 0xFF, 0xFF, 0xF8, 0x01, 0xE0, 0x07, 0x07, 0xBF,
    0xF8, 0xFF, 0x81, 0xF8, 0x01, 0x80, 0x1C, 0x00, 0xC0, 0x00, 0x0F, 0x01, 0xF0, 0x1F, 0x83, 0x9C,
    0x00, 0x00, 0x00, 0xFF, 0xFF, 0xFF, 0xFF, 0xFE, 0x00, 0xE0, 0x0E, 0x00, 0xE0, 0x0F, 0xFE, 0xFF,
    0xEF, 0xFE, 0xE0, 0x0E, 0x00, 0xE0, 0x0E, 0x00, 0xE0, 0x0F, 0xFF, 0xFF, 0xFF, 0xFF, 0x01, 0xC0,
    0x07, 0x00, 0x18, 0x00, 0x00, 0x70, 0x07, 0xC0, 0x77, 0x07, 0x9C, 0x10, 0x60, 0x00, 0x03, 0xF0,
    0x7F, 0xC7, 0xFF, 0x38, 0x3B, 0xC1, 0xFF, 0xFF, 0xFF, 0xFF, 0xFF, 0xF8, 0x01, 0xE0, 0x07, 0x07,
    0xBF, 0xF8, 0xFF, 0x81, 0xF8, 0x01, 0xC0, 0x0F, 0x00, 0x18, 0x01, 0x80, 0x00, 0x07, 0x80, 0x3E,
    0x03, 0xB8, 0x38, 0xE0, 0x00, 0x03, 0xF0, 0x7F, 0xC7, 0xFF, 0x38, 0x3B, 0xC1, 0xFF, 0xFF, 0xFF,
    0xFF, 0xFF, 0xF8, 0x01, 0xE0, 0x07, 0x07, 0xBF, 0xF8, 0xFF, 0x81, 0xF8, 0x07, 0x00, 0x7C, 0x07,
    0x70, 0x73, 0xC0, 0x00, 0x00, 0x00, 0x3F, 0x07, 0xFC, 0x7F, 0xF3, 0x83, 0xFC, 0x1F, 0xFF, 0xFF,
    0xFF, 0xFF, 0xFF, 0x80, 0x1E, 0x00, 0x70, 0x7B, 0xFF, 0x8F, 0xF8, 0x1F, 0x80, 0x00, 0x00, 0x00,
    0x1C, 0x00, 0xE0, 0x07, 0x00, 0xF7, 0xCC, 0x40, 0x39, 0xCE, 0x73, 0x9C, 0xE7, 0x39, 0xCE, 0x73,
    0x9C, 0xEE, 0xEE, 0x00, 0xEE, 0xEE, 0xEE, 0xEE, 0xEE, 0xEE, 0xEE, 0x00, 0xEE, 0xE0, 0x07, 0xF0,
    0x0F, 0xFE, 0x0F, 0xFF, 0x8F, 0x83, 0xE7, 0x80, 0xF7, 0x80, 0x3F, 0xC0, 0x1F, 0xC0, 0x07, 0xE0,
    0x03, 0xF0, 0x01, 0xF8, 0x00, 0xFE, 0x00, 0xFF, 0x00, 0x7B, 0xC0, 0x79, 0xF0, 0x7C, 0x7F, 0xFC,
    0x1F, 0xFC, 0x03, 0xF8, 0x00, 0x00, 0x00, 0x00, 0x00, 0x1C, 0x00, 0x0E, 0x00, 0x07, 0x00, 0x0F,
    0x81, 0xFF, 0x1F, 0xFC, 0xF1, 0xEF, 0x07, 0xF8, 0x3F, 0x80, 0xFC, 0x07, 0xF0, 0x7F, 0x83, 0xDE,
    0x3C, 0xFF, 0xE3, 0xFE, 0x07, 0xC0, 0x00, 0x00, 0x00, 0x07, 0x00, 0x38, 0x01, 0xC0, 0x0F, 0x00,
    0x7C, 0x00, 0xE0, 0x06, 0x00, 0x00, 0x00, 0x00, 0x3E, 0x07, 0xFC, 0x7F, 0xF3, 0xC7, 0xBC, 0x1F,
    0xE0, 0xFE, 0x03, 0xF0, 0x1F, 0xC1, 0xFE, 0x0F, 0x78, 0xF3, 0xFF, 0x8F, 0xF8, 0x1F, 0x00, 0x00,
    0x0E, 0x00, 0x0E, 0x00, 0x06, 0x00, 0x00, 0x00, 0x1C, 0x00, 0x1F, 0x00, 0x1D, 0xC0, 0x1E, 0x70,
    0x0E, 0x18, 0x00, 0x00, 0x01, 0xFC, 0x03, 0xFF, 0x83, 0xFF, 0xE3, 0xE0, 0xF9, 0xE0, 0x3D, 0xE0,
    0x0F, 0xF0, 0x07, 0xF0, 0x01, 0xF8, 0x00, 0xFC, 0x00, 0x7E, 0x00, 0x3F, 0x80, 0x3F, 0xC0, 0x1E,
    0xF0, 0x1E, 0x7C, 0x1F, 0x1F, 0xFF, 0x07, 0xFF, 0x00, 0xFE, 0x00, 0x00, 0x70, 0x03, 0x80, 0x38,
    0x00, 0x00, 0x70, 0x07, 0xC0, 0x77, 0x07, 0x9C, 0x10, 0x40, 0x00, 0x03, 0xE0, 0x7F, 0xC7, 0xFF,
    0x3C, 0x7B, 0xC1, 0xFE, 0x0F, 0xE0, 0x3F, 0x01, 0xFC, 0x1F, 0xE0, 0xF7, 0x8F, 0x3F, 0xF8, 0xFF,
    0x81, 0xF0, 0x00, 0x70, 0x00, 0x1C, 0x00, 0x06, 0x00, 0x00, 0x00, 0x1C, 0x00, 0x1F, 0x00, 0x1D,
    0xC0, 0x1E, 0x70, 0x0E, 0x18, 0x00, 0x00, 0x01, 0xFC, 0x03, 0xFF, 0x83, 0xFF, 0xE3, 0xE0, 0xF9,
    0xE0, 0x3D, 0xE0, 0x0F, 0xF0, 0x07, 0xF0, 0x01, 0xF8, 0x00, 0xFC, 0x00, 0x7E, 0x00, 0x3F, 0x80,
    0x3F, 0xC0, 0x1E, 0xF0, 0x1E, 0x7C, 0x1F, 0x1F, 0xFF, 0x07, 0xFF, 0x00, 0xFE, 0x00, 0x01, 0xC0,
    0x07, 0x00, 0x18, 0x00, 0x00, 0x70, 0x07, 0xC0, 0x77, 0x07, 0x9C, 0x10, 0x40, 0x00, 0x03, 0xE0,
    0x7F, 0xC7, 0xFF, 0x3C, 0x7B, 0xC1, 0xFE, 0x0F, 0xE0, 0x3F, 0x01, 0xFC, 0x1F, 0xE0, 0xF7, 0x8F,
    0x3F, 0xF8, 0xFF, 0x81, 0xF0, 0x01, 0xC0, 0x0F, 0x00, 0x18, 0x01, 0x80, 0x00, 0x07, 0x80, 0x3E,
    0x03, 0xB8, 0x38, 0xE0, 0x00, 0x03, 0xE0, 0x7F, 0xC7, 0xFF, 0x3C, 0x7B, 0xC1, 0xFE, 0x0F, 0xE0,
    0x3F, 0x01, 0xFC, 0x1F, 0xE0, 0xF7, 0x8F, 0x3F, 0xF8, 0xFF, 0x81, 0xF0, 0x1E, 0xE0, 0xFE, 0x04,
    0x60, 0x00, 0x00, 0x70, 0x07, 0xC0, 0x77, 0x07, 0x1C, 0x00, 0x00, 0x7C, 0x0F, 0xF8, 0xFF, 0xE7,
    0x8F, 0x78, 0x3F, 0xC1, 0xFC, 0x07, 0xE0, 0x3F, 0x83, 0xFC, 0x1E, 0xF1, 0xE7, 0xFF, 0x1F, 0xF0,
    0x3E, 0x00, 0x01, 0xC0, 0x01, 0xF0, 0x01, 0xDC, 0x01, 0xCF, 0x00, 0x00, 0x00, 0x00, 0x00, 0x00,
    0x00, 0x0F, 0xE0, 0x1F, 0xFC, 0x1F, 0xFF, 0x1F, 0x07, 0xCF, 0x01, 0xEF, 0x00, 0x7F, 0x80, 0x3F,
    0x80, 0x0F, 0xC0, 0x07, 0xE0, 0x03, 0xF0, 0x01, 0xFC, 0x01, 0xFE, 0x00, 0xF7, 0x80, 0xF3, 0xE0,
    0xF8, 0xFF, 0xF8, 0x3F, 0xF8, 0x07, 0xF0, 0x00, 0x00, 0x00, 0x00, 0x00, 0x38, 0x00, 0x1C, 0x00,
    0x0E, 0x00, 0x07, 0x00, 0x7C, 0x07, 0x70, 0x79, 0xC0, 0x00, 0x00, 0x00, 0x3E, 0x07, 0xFC, 0x7F,
    0xF3, 0xC7, 0xBC, 0x1F, 0xE0, 0xFE, 0x03, 0xF0, 0x1F, 0xC1, 0xFE, 0x0F, 0x78, 0xF3, 0xFF, 0x8F,
    0xF8, 0x1F, 0x00, 0x00, 0x00, 0x00, 0x1C, 0x00, 0xE0, 0x07, 0x00, 0x01, 0xC0, 0x0E, 0x00, 0x39,
    0xC1, 0xC7, 0x00, 0x1C, 0x00, 0x70, 0xFF, 0xCF, 0xFE, 0x7F, 0xF1, 0xE3, 0xCF, 0x07, 0xBC, 0x1E,
    0xE0, 0x3B, 0x80, 0xEF, 0x07, 0xBC, 0x1E, 0x78, 0xF1, 0xFF, 0xC3, 0xFE, 0x03, 0xE0, 0x1C, 0x00,
    0x38, 0x00, 0xE1, 0xC1, 0xC7, 0x00, 0x1C, 0x00, 0x70, 0xFF, 0xCF, 0xFE, 0x7F, 0xF1, 0xE3, 0xCF,
    0x07, 0xBC, 0x1E, 0xE0, 0x3B, 0x80, 0xEF, 0x07, 0xBC, 0x1E, 0x78, 0xF1, 0xFF, 0xC3, 0xFE, 0x03,
    0xE0, 0x03, 0xC0, 0x01, 0xF0, 0x00, 0x38, 0x00, 0x18, 0x70, 0x00, 0x38, 0x00, 0x1C, 0x1F, 0xFE,
    0x3F, 0xFE, 0x3F, 0xFE, 0x3E, 0x0F, 0x9E, 0x03, 0xDE, 0x00, 0xFF, 0x00, 0x7F, 0x00, 0x1F, 0x80,
    0x0F, 0xC0, 0x07, 0xE0, 0x03, 0xF8, 0x03, 0xFC, 0x01, 0xEF, 0x01, 0xE7, 0xC1, 0xF1, 0xFF, 0xF0,
    0x7F, 0xF0, 0x0F, 0xE0, 0x0F, 0x00, 0x3E, 0x00, 0x30, 0x00, 0xC7, 0x00, 0x1C, 0x00, 0x70, 0xFF,
    0xCF, 0xFE, 0x7F, 0xF1, 0xE3, 0xCF, 0x07, 0xBC, 0x1E, 0xE0, 0x3B, 0x80, 0xEF, 0x07, 0xBC, 0x1E,
    0x78, 0xF1, 0xFF, 0xC3, 0xFE, 0x03, 0xE0, 0x1F, 0xC0, 0x7E, 0x00, 0x01, 0xC0, 0x07, 0x0F, 0xFC,
    0xFF, 0xE7, 0xFF, 0x1E, 0x3C, 0xF0, 0x7B, 0xC1, 0xEE, 0x03, 0xB8, 0x0E, 0xF0, 0x7B, 0xC1, 0xE7,
    0x8F, 0x1F, 0xFC, 0x3F, 0xE0, 0x3E, 0x00, 0x00, 0x1C, 0x00, 0x70, 0x01, 0xC0, 0x07, 0x0F, 0xFC,
    0xFF, 0xE7, 0xFF, 0x1E, 0x3C, 0xF0, 0x7B, 0xC1, 0xEE, 0x03, 0xB8, 0x0E, 0xF0, 0x7B, 0xC1, 0xE7,
    0x8F, 0x1F, 0xFC, 0x3F, 0xE0, 0x3E, 0x00, 0x00, 0x00, 0x00, 0x07, 0x00, 0x1C, 0x00, 0x70, 0x00,
    0xE0, 0x7E, 0x07, 0xE0, 0x7E, 0x07, 0xE0, 0x7E, 0x07, 0xE0, 0x7E, 0x07, 0xE0, 0x7F, 0x0F, 0xF0,
    0xFF, 0xFF, 0x7F, 0x73, 0xE7, 0x00, 0x00, 0x00, 0x07, 0x00, 0x70, 0x07, 0x00, 0x07, 0x80, 0x0F,
    0x80, 0x06, 0x00, 0x1C, 0x00, 0x00, 0x00, 0x00, 0x38, 0x03, 0xF0, 0x07, 0xE0, 0x0F, 0xC0, 0x1F,
    0x80, 0x3F, 0x00, 0x7E, 0x00, 0xFC, 0x01, 0xF8, 0x03, 0xF0, 0x07, 0xE0, 0x0F, 0xC0, 0x1F, 0x80,
    0x3F, 0x80, 0xF7, 0x83, 0xCF, 0xFF, 0x8F, 0xFE, 0x07, 0xF0, 0x0E, 0x00, 0xF0, 0x03, 0x00, 0x60,
    0x00, 0x00, 0x00, 0xE0, 0x7E, 0x07, 0xE0, 0x7E, 0x07, 0xE0, 0x7E, 0x07, 0xE0, 0x7E, 0x07, 0xE0,
    0x7F, 0x0F, 0xF0, 0xFF, 0xFF, 0x7F, 0x73, 0xE7, 0x03, 0x80, 0x0E, 0x00, 0x70, 0xC1, 0xC7, 0x00,
    0x1C, 0x00, 0x7E, 0x07, 0xF8, 0x1F, 0xE0, 0x7B, 0x81, 0xCE, 0x07, 0x38, 0x1C, 0xE0, 0x73, 0x81,
    0xCE, 0x07, 0x3C, 0x3C, 0xF0, 0xF3, 0xFF, 0xC7, 0xF7, 0x0F, 0x9C, 0x1C, 0x00, 0x70, 0x00, 0xE0,
    0xC3, 0x87, 0x00, 0x1C, 0x00, 0x7E, 0x07, 0xF8, 0x1F, 0xE0, 0x7B, 0x81, 0xCE, 0x07, 0x38, 0x1C,
    0xE0, 0x73, 0x81, 0xCE, 0x07, 0x3C, 0x3C, 0xF0, 0xF3, 0xFF, 0xC7, 0xF7, 0x0F, 0x9C, 0x0E, 0x00,
    0x3C, 0x00, 0x30, 0x01, 0x87, 0x00, 0x1C, 0x00, 0x7E, 0x07, 0xF8, 0x1F, 0xE0, 0x7B, 0x81, 0xCE,
    0x07, 0x38, 0x1C, 0xE0, 0x73, 0x81, 0xCE, 0x07, 0x3C, 0x3C, 0xF0, 0xF3, 0xFF, 0xC7, 0xF7, 0x0F,
    0x9C, 0x1F, 0xC0, 0xFE, 0x00, 0x01, 0xC0, 0x07, 0xE0, 0x7F, 0x81, 0xFE, 0x07, 0xB8, 0x1C, 0xE0,
    0x73, 0x81, 0xCE, 0x07, 0x38, 0x1C, 0xE0, 0x73, 0xC3, 0xCF, 0x0F, 0x3F, 0xFC, 0x7F, 0x70, 0xF9,
    0xC0, 0x00, 0x1C, 0x00, 0x70, 0x01, 0xC0, 0x07, 0xE0, 0x7F, 0x81, 0xFE, 0x07, 0xB8, 0x1C, 0xE0,
    0x73, 0x81, 0xCE, 0x07, 0x38, 0x1C, 0xE0, 0x73, 0xC3, 0xCF, 0x0F, 0x3F, 0xFC, 0x7F, 0x70, 0xF9,
    0xC0, 0x00, 0x00, 0x00, 0x07, 0x00, 0x1C, 0x00, 0x70, 0x00, 0xFF, 0xFF, 0xC0, 0x00, 0x88, 0xA0,
    0x83, 0x8A, 0x84, 0x08, 0x10, 0x20, 0x40, 0x81, 0x02, 0x04, 0x08, 0x10, 0x20, 0x40, 0x00, 0x41,
    0xBF, 0x9A, 0x48, 0x20, 0x82, 0x08, 0x20, 0x82, 0x08, 0x20, 0x82, 0x08, 0x00, 0x00, 0x86, 0x3F,
    0x64, 0x90, 0x41, 0x04, 0x10, 0x41, 0x04, 0x10, 0x41, 0x04, 0x10, 0x40, 0xFF, 0xFF, 0xFF, 0xFF,
    0xFE, 0xFF, 0xFF, 0xFF, 0xFF, 0xFF, 0xFF, 0xFF, 0xFF, 0xFF, 0xE0, 0x31, 0x9C, 0xE7, 0x7B, 0x80,
    0x73, 0x9D, 0xCE, 0x73, 0x00, 0x31, 0xCC, 0x77, 0x19, 0xCE, 0x73, 0xBC, 0xEE, 0x78, 0x73, 0xDC,
    0xE7, 0x3B, 0x8E, 0xE7, 0x39, 0xCC, 0x70, 0x79, 0xDC, 0xF7, 0x39, 0xCE, 0x73, 0x98, 0xCE, 0x30,
    0x60, 0x60, 0x6F, 0x0F, 0x0F, 0xF0, 0xF0, 0xF6, 0x06, 0x06, 0x0C, 0x34, 0x7C, 0x00, 0x00, 0x00,
    0x10, 0x30, 0x10, 0x10, 0x10, 0x10, 0x10, 0x10, 0x10, 0x10, 0x10, 0x10, 0x10, 0x10, 0x18, 0x0E,
    0x06, 0x40, 0x00, 0x04, 0x00, 0x08, 0x40, 0x00, 0x86, 0x00, 0x18, 0x78, 0x1F, 0xC3, 0xFF, 0xEF,
    0x1F, 0xF0, 0x70, 0x00, 0x00, 0x00, 0x10, 0x00, 0x1B, 0x80, 0x01, 0x90, 0x00, 0x0E, 0x00, 0x00,
    0x40, 0x00, 0x00, 0x00, 0x00, 0x06, 0x06, 0x06, 0x06, 0x03, 0x03, 0x0E, 0xFE, 0xF8, 0x00, 0x02,
    0x37, 0x32, 0x0C, 0x0C, 0x00, 0x00, 0x00, 0xC0, 0x60, 0x38, 0xFF, 0xFE, 0x70, 0x00, 0x04, 0x3B,
    0x8E, 0x40, 0xE0, 0x10, 0x00, 0x00, 0x3E, 0x00, 0x3F, 0xE0, 0x10, 0xFF, 0x00, 0x3F, 0x80, 0x3E,
    0x00, 0x71, 0x80, 0x60, 0x60, 0x20, 0x3E, 0x32, 0x47, 0x13, 0x70, 0x09, 0xD0, 0x04, 0x30, 0x03,
    0x00, 0x01, 0xE0, 0xE0, 0x7F, 0xE0, 0x0F, 0xC0, 0x00, 0x00, 0x00, 0x00, 0x00, 0x1E, 0x00, 0x3F,
    0x80, 0x21, 0xE0, 0x00, 0xFE, 0x00, 0x7E, 0x07, 0xC0, 0xFF, 0x00, 0xFC, 0x00, 0x00, 0x00, 0x01,
    0x30, 0x03, 0xB0, 0x01, 0x40, 0x00, 0xE0, 0x00, 0x00, 0x00, 0x00, 0x07, 0xC0, 0x03, 0xF8, 0x00,
    0x87, 0x80, 0x00, 0xFE, 0x00, 0x3F, 0x80, 0x7D, 0x83, 0xFC, 0x3F, 0xFC, 0x07, 0xC0, 0x00, 0x00,
    0x13, 0x00, 0x0E, 0xC0, 0x01, 0x40, 0x00, 0x38, 0x00, 0x00, 0x00, 0x00, 0x00, 0x60, 0x07, 0x01,
    0xD8, 0x19, 0x80, 0x00, 0x00, 0x00, 0x30, 0x03, 0x00, 0x38, 0x01, 0x80, 0x18, 0x00, 0xC0, 0x0F,
    0x00, 0xF0, 0x18, 0x01, 0x80, 0x70, 0x7E, 0x03, 0xC0, 0x00, 0x00, 0x00, 0x00, 0x00, 0x00, 0x38,
    0x00, 0x1F, 0x00, 0x1F, 0x80, 0x0F, 0xC0, 0x03, 0xC0, 0x00, 0x60, 0x00, 0x0F, 0x00, 0x00, 0xF0,
    0x00, 0x07, 0x00, 0x00, 0x30, 0x00, 0x03, 0x04, 0x00, 0x20, 0x80, 0x04, 0x1C, 0x03, 0xE3, 0xFF,
    0xEF, 0x1F, 0xF0, 0xE0, 0x00, 0x00, 0x30, 0x3C, 0x7E, 0x7C, 0x3C, 0x0C, 0x03, 0xC0, 0xF8, 0x07,
    0x80, 0x70, 0x0C, 0x01, 0x80, 0x60, 0xF3, 0xF8, 0xF8, 0x00, 0x00, 0x00, 0x0E, 0x07, 0xE1, 0xF8,
    0x7C, 0x0F, 0x00, 0xC0, 0x0F, 0x00, 0x3C, 0x00, 0xE0, 0x07, 0x00, 0x30, 0x01, 0x80, 0x18, 0x0F,
    0xCF, 0xEF, 0xF8, 0x70, 0x00, 0x00, 0x80, 0x00, 0x70, 0x00, 0x3C, 0x00, 0x1E, 0xE0, 0x0E, 0x7C,
    0x03, 0x7E, 0x00, 0x3F, 0x00, 0x0F, 0x00, 0x01, 0x80, 0x00, 0x3C, 0x00, 0x03, 0xC0, 0x00, 0x1C,
    0x00, 0x00, 0xC0, 0x00, 0x0C, 0x10, 0x00, 0x82, 0x00, 0x10, 0x70, 0x0F, 0x8F, 0xFF, 0xBC, 0x7F,
    0xC3, 0x80, 0x00, 0x00, 0x1C, 0x0E, 0x0F, 0x37, 0x9F, 0xDF, 0x8F, 0x83, 0xC0, 0x60, 0x0F, 0x01,
    0xF0, 0x07, 0x80, 0x38, 0x03, 0x00, 0x30, 0x06, 0x07, 0x8F, 0xE1, 0xF0, 0x00, 0x00, 0x60, 0x1C,
    0x07, 0x01, 0xCE, 0x77, 0xED, 0xF8, 0x7C, 0x0F, 0x00, 0xC0, 0x0F, 0x00, 0x3C, 0x00, 0xE0, 0x07,
    0x00, 0x30, 0x01, 0x80, 0x18, 0x0F, 0xCF, 0xEF, 0xF8, 0x70, 0x00, 0x10, 0x00, 0x1F, 0xD0, 0x0F,
    0xE8, 0x03, 0xC4, 0x00, 0x63, 0x00, 0x11, 0xC0, 0x78, 0x7F, 0xF0, 0x1F, 0xE0, 0x00, 0x00, 0x00,
    0x00, 0x06, 0x06, 0x06, 0x06, 0x03, 0x03, 0x0E, 0xFE, 0xF8, 0x00, 0x02, 0x37, 0x77, 0x20, 0x00,
    0x00, 0xC0, 0x60, 0x38, 0xFF, 0xFE, 0x70, 0x00, 0x00, 0x33, 0x8E, 0xC1, 0x00, 0x00, 0x3F, 0x00,
    0x00, 0x00, 0x80, 0xC0, 0x20, 0x10, 0x08, 0x04, 0x02, 0x01, 0x00, 0x80, 0x40, 0x20, 0x10, 0x08,
    0x04, 0x03, 0x00, 0xE0, 0x30, 0x63, 0x0F, 0x3C, 0x80, 0x02, 0x18, 0x20, 0x82, 0x08, 0x20, 0x82,
    0x08, 0x20, 0x82, 0x0C, 0x1C, 0x30, 0x07, 0x00, 0xD0, 0x0C, 0x00, 0xF0, 0x0C, 0x00, 0x70, 0x0F,
    0x81, 0x98, 0x18, 0xC1, 0x0C, 0x10, 0x41, 0xC4, 0x1F, 0xF0, 0x7F, 0x00, 0xC0, 0x0C, 0x03, 0x87,
    0xF0, 0x3E, 0x00, 0x00, 0x41, 0x04, 0x10, 0x41, 0x04, 0x10, 0x41, 0x04, 0x10, 0x41, 0x06, 0x0E,
    0x18, 0xE4, 0x1E, 0x79, 0x00, 0x30, 0x00, 0x20, 0x00, 0x18, 0x00, 0x0F, 0x00, 0x04, 0x01, 0x00,
    0x01, 0xFD, 0x00, 0xFE, 0x80, 0x1C, 0x40, 0x06, 0x30, 0x01, 0x1C, 0x07, 0x87, 0xFF, 0x01, 0xFE,
    0x00, 0x00, 0x00, 0x1C, 0xC3, 0x4F, 0x20, 0x00, 0xC3, 0x0C, 0x30, 0x41, 0x1F, 0xEF, 0x00, 0x1C,
    0x30, 0x30, 0x3C, 0x30, 0x00, 0x04, 0x0C, 0x18, 0x3C, 0xFF, 0xE7, 0x41, 0x04, 0x10, 0x41, 0x04,
    0x10, 0x41, 0x04, 0x10, 0x41, 0x06, 0x0E, 0x18, 0x40, 0x00, 0x04, 0x00, 0x08, 0x40, 0x00, 0x86,
    0x00, 0x18, 0x78, 0x1F, 0xC3, 0xFF, 0xEF, 0x1F, 0xF0, 0x70, 0x00, 0x00, 0x00, 0x00, 0x00, 0x0C,
    0x00, 0x00, 0xE0, 0x00, 0x0C, 0x00, 0x00, 0x00, 0x00, 0x00, 0x21, 0xC3, 0x0C, 0x30, 0x47, 0xFB,
    0x80, 0x00, 0x18, 0xE1, 0x80, 0x00, 0x0C, 0x18, 0x3C, 0xFF, 0xE7, 0x00, 0x00, 0x18, 0x1C, 0x18,
    0x00, 0x04, 0x1B, 0x86, 0x60, 0x00, 0x00, 0x01, 0x80, 0x60, 0x78, 0x36, 0x18, 0x8C, 0x23, 0x88,
    0x7F, 0x0F, 0xF0, 0x1C, 0x00, 0x00, 0x00, 0x26, 0x00, 0x07, 0x60, 0x00, 0x22, 0x00, 0x00, 0x00,
    0x04, 0x00, 0x00, 0x40, 0x00, 0x84, 0x00, 0x08, 0x60, 0x01, 0x87, 0x81, 0xFC, 0x3F, 0xFE, 0xF1,
    0xFF, 0x07, 0x00, 0x46, 0xEE, 0x64, 0x00, 0x00, 0x08, 0x1C, 0x0C, 0x0C, 0x0C, 0x04, 0x1C, 0xF8,
    0xE0, 0x01, 0x0E, 0xE3, 0x30, 0x00, 0x00, 0x00, 0x00, 0x30, 0x18, 0x0E, 0x3F, 0xFF, 0x9C, 0x00,
    0x80, 0x00, 0x1C, 0x00, 0x02, 0xE0, 0x00, 0x76, 0x00, 0x02, 0x20, 0x00, 0x00, 0x00, 0x40, 0x00,
    0x04, 0x00, 0x08, 0x40, 0x00, 0x86, 0x00, 0x18, 0x78, 0x1F, 0xC3, 0xFF, 0xEF, 0x1F, 0xF0, 0x70,
    0x00, 0x18, 0x1C, 0x6E, 0x64, 0x00, 0x00, 0x08, 0x1C, 0x0C, 0x0C, 0x0C, 0x04, 0x1C, 0xF8, 0xE0,
    0x00, 0x03, 0x00, 0xE0, 0x6E, 0x3B, 0x04, 0x00, 0x00, 0x00, 0x03, 0x01, 0x80, 0xE3, 0xFF, 0xF9,
    0xC0, 0x3E, 0x00, 0x3F, 0xE0, 0x10, 0xFF, 0x00, 0x3F, 0x80, 0x3E, 0x00, 0x71, 0x80, 0x60, 0x60,
    0x20, 0x3E, 0x31, 0x07, 0x11, 0xC0, 0x08, 0xE0, 0x04, 0x00, 0x03, 0x00, 0x01, 0xE0, 0xE0, 0x7F,
    0xE0, 0x0F, 0xC0, 0x00, 0x00, 0x00, 0x00, 0x00, 0x1E, 0x00, 0x3F, 0x80, 0x21, 0xE0, 0x00, 0xFE,
    0x00, 0x7E, 0x07, 0xC0, 0xFF, 0x00, 0xFC, 0x00, 0x00, 0x00, 0x00, 0x40, 0x00, 0xE0, 0x00, 0xC0,
    0x00, 0x00, 0x00, 0x00, 0x07, 0xC0, 0x03, 0xF8, 0x00, 0x87, 0x80, 0x00, 0xFE, 0x00, 0x3F, 0x80,
    0x7D, 0x83, 0xFC, 0x3F, 0xFC, 0x07, 0xC0, 0x00, 0x00, 0x04, 0x00, 0x03, 0x80, 0x00, 0xC0, 0x00,
    0x00, 0x00, 0x3E, 0x00, 0x3F, 0xE0, 0x10, 0xFF, 0x00, 0x3F, 0x80, 0x3E, 0x00, 0x71, 0x80, 0x60,
    0x60, 0x20, 0x3E, 0x30, 0x07, 0x10, 0x00, 0x08, 0x00, 0x04, 0x00, 0x03, 0x00, 0x01, 0xE0, 0xE0,
    0x7F, 0xE0, 0x0F, 0xC0, 0x00, 0x00, 0x00, 0x00, 0x00, 0x1E, 0x00, 0x3F, 0x80, 0x21, 0xE0, 0x00,
    0xFE, 0x00, 0x7E, 0x07, 0xC0, 0xFF, 0x00, 0xFC, 0x00, 0x00, 0x00, 0x07, 0xC0, 0x03, 0xF8, 0x00,
    0x87, 0x80, 0x00, 0xFE, 0x00, 0x3F, 0x80, 0x7D, 0x83, 0xFC, 0x3F, 0xFC, 0x07, 0xC0, 0x00, 0x00,
    0x00, 0xC0, 0x00, 0x60, 0x00, 0x00, 0x00, 0x00, 0x01, 0xF0, 0x01, 0xFF, 0x00, 0x87, 0xF8, 0x01,
    0xFC, 0x01, 0xF0, 0x03, 0x8C, 0x03, 0x03, 0x01, 0x01, 0xF1, 0x80, 0x38, 0x80, 0x00, 0x40, 0x00,
    0x20, 0x00, 0x18, 0x00, 0x0F, 0x07, 0x03, 0xFF, 0x00, 0x7E, 0x00, 0x00, 0x00, 0x00, 0x00, 0x01,
    0x80, 0x03, 0x80, 0x01, 0x00, 0x00, 0x00, 0x00, 0x00, 0x1E, 0x00, 0x3F, 0x80, 0x21, 0xE0, 0x00,
    0xFE, 0x00, 0x7E, 0x07, 0xC0, 0xFF, 0x00, 0xFC, 0x00, 0x00, 0x00, 0x00, 0x60, 0x00, 0x38, 0x00,
    0x04, 0x00, 0x00, 0x00, 0x00, 0x00, 0x01, 0xF0, 0x00, 0xFE, 0x00, 0x21, 0xE0, 0x00, 0x3F, 0x80,
    0x0F, 0xE0, 0x1F, 0x60, 0xFF, 0x0F, 0xFF, 0x01, 0xF0, 0x00, 0x00, 0x80, 0x18, 0x03, 0x00, 0x60,
    0x06, 0x00, 0xC0, 0x1C, 0xC3, 0xDF, 0xFD, 0xF1, 0x80, 0x00, 0x01, 0x00, 0x70, 0x0E, 0x00, 0x00,
    0x00, 0x01, 0x00, 0x30, 0x06, 0x00, 0xC0, 0x0C, 0x01, 0x80, 0x39, 0x87, 0xBF, 0xFB, 0xE3, 0x00,
    0x00, 0x30, 0x03, 0x00, 0x38, 0x01, 0x80, 0x18, 0x00, 0xC0, 0x0F, 0x00, 0xF0, 0x18, 0x01, 0x80,
    0x70, 0x7E, 0x03, 0xC0, 0x00, 0x00, 0x00, 0x00, 0x60, 0x0E, 0x00, 0x60, 0x00, 0x00, 0x00, 0x03,
    0x00, 0x30, 0x03, 0x80, 0x18, 0x01, 0x80, 0x0C, 0x00, 0xF0, 0x0F, 0x01, 0x80, 0x18, 0x07, 0x07,
    0xE0, 0x3C, 0x00, 0x00, 0x00, 0x00, 0x00, 0x00, 0x00, 0x23, 0x00, 0x0C, 0x31, 0x00, 0x06, 0x19,
    0x80, 0x03, 0x0C, 0xC0, 0x01, 0xFF, 0xFD, 0x00, 0x7F, 0xEE, 0x80, 0x20, 0x00, 0x40, 0x10, 0x00,
    0x20, 0x08, 0x00, 0x18, 0x1C, 0x00, 0x0E, 0x3C, 0x00, 0x03, 0xFC, 0x00, 0x00, 0xF8, 0x00, 0x00,
    0x00, 0x00, 0x00, 0x06, 0x00, 0x26, 0x00, 0x66, 0x08, 0x66, 0x18, 0x43, 0x30, 0xF3, 0xFF, 0xFE,
    0xFF, 0x9E, 0x00, 0x02, 0x00, 0x33, 0x00, 0x11, 0x83, 0x18, 0x83, 0x0C, 0xE7, 0xFF, 0xFF, 0xFF,
    0xEE, 0x00, 0x00, 0xC0, 0x00, 0x00, 0x60, 0x00, 0x00, 0x4C, 0x00, 0x00, 0x66, 0x00, 0x00, 0x10,
    0x00, 0x00, 0x00, 0x00, 0x00, 0x00, 0x00, 0x00, 0x00, 0x8C, 0x00, 0x30, 0xC4, 0x00, 0x18, 0x66,
    0x00, 0x0C, 0x33, 0x00, 0x07, 0xFF, 0xF4, 0x01, 0xFF, 0xBA, 0x00, 0x80, 0x01, 0x00, 0x40, 0x00,
    0x80, 0x20, 0x00, 0x60, 0x70, 0x00, 0x38, 0xF0, 0x00, 0x0F, 0xF0, 0x00, 0x03, 0xE0, 0x00, 0x00,
    0x00, 0x40, 0x00, 0xE0, 0x01, 0x70, 0x03, 0xB0, 0x01, 0x00, 0x00, 0x06, 0x00, 0x26, 0x00, 0x66,
    0x08, 0x66, 0x18, 0x43, 0x30, 0xF3, 0xFF, 0xFE, 0xFF, 0x9E, 0x00, 0xC0, 0x00, 0x60, 0x00, 0x4C,
    0x00, 0x76, 0x00, 0x10, 0x00, 0x00, 0x00, 0x00, 0x08, 0x00, 0xCC, 0x00, 0x46, 0x0C, 0x62, 0x0C,
    0x33, 0x9F, 0xFF, 0xFF, 0xFF, 0xB8, 0x00, 0x00, 0x1E, 0x00, 0x00, 0x0F, 0xE0, 0x00, 0x03, 0x9E,
    0x00, 0x00, 0xC0, 0xC0, 0x03, 0x30, 0x08, 0x00, 0x6C, 0x03, 0x00, 0x0F, 0x03, 0xE0, 0x01, 0xFF,
    0xFF, 0x40, 0x1F, 0xF8, 0xE8, 0x02, 0x00, 0x01, 0x00, 0x40, 0x00, 0x20, 0x08, 0x00, 0x06, 0x03,
    0x00, 0x00, 0xE3, 0xC0, 0x00, 0x0F, 0xF0, 0x00, 0x00, 0xF8, 0x00, 0x00, 0x00, 0x1E, 0x00, 0x0F,
    0xE0, 0x07, 0x3C, 0x03, 0x03, 0x19, 0x80, 0xC6, 0xC0, 0x73, 0xE0, 0x7B, 0xFF, 0xFC, 0xC3, 0xFC,
    0x00, 0x00, 0x1E, 0x00, 0x03, 0xF8, 0x00, 0x73, 0xC0, 0x0C, 0x0C, 0x19, 0x80, 0xC1, 0xB0, 0x1C,
    0x3E, 0x07, 0xCF, 0xFF, 0xFF, 0xC3, 0xFC, 0x70, 0x00, 0x00, 0x40, 0x00, 0x00, 0x1C, 0x00, 0x00,
    0x03, 0x80, 0x00, 0x00, 0x20, 0x00, 0x00, 0x00, 0x00, 0x00, 0x00, 0x00, 0x00, 0x00, 0x07, 0x80,
    0x00, 0x03, 0xF8, 0x00, 0x00, 0xE7, 0x80, 0x00, 0x30, 0x30, 0x00, 0xCC, 0x02, 0x00, 0x1B, 0x00,
    0xC0, 0x03, 0xC0, 0xF8, 0x00, 0x7F, 0xFF, 0xD0, 0x07, 0xFE, 0x3A, 0x00, 0x80, 0x00, 0x40, 0x10,
    0x00, 0x08, 0x02, 0x00, 0x01, 0x80, 0xC0, 0x00, 0x38, 0xF0, 0x00, 0x03, 0xFC, 0x00, 0x00, 0x3E,
    0x00, 0x00, 0x00, 0x00, 0x00, 0x00, 0x18, 0x00, 0x0E, 0x00, 0x00, 0x00, 0x00, 0x00, 0x00, 0x00,
    0x00, 0x01, 0xE0, 0x00, 0xFE, 0x00, 0x73, 0xC0, 0x30, 0x31, 0x98, 0x0C, 0x6C, 0x07, 0x3E, 0x07,
    0xBF, 0xFF, 0xCC, 0x3F, 0xC0, 0x00, 0x00, 0x00, 0x06, 0x00, 0x00, 0xE0, 0x00, 0x00, 0x00, 0x00,
    0x00, 0x00, 0x00, 0x00, 0x00, 0x1E, 0x00, 0x03, 0xF8, 0x00, 0x73, 0xC0, 0x0C, 0x0C, 0x19, 0x80,
    0xC1, 0xB0, 0x1C, 0x3E, 0x07, 0xCF, 0xFF, 0xFF, 0xC3, 0xFC, 0x70, 0x04, 0x00, 0x01, 0x80, 0x00,
    0x30, 0x00, 0x06, 0x00, 0x00, 0xC0, 0x00, 0x18, 0x00, 0x03, 0x00, 0x00, 0x20, 0x00, 0x04, 0x3C,
    0x00, 0xCF, 0xE0, 0x1B, 0x9E, 0x03, 0xC0, 0xC0, 0x70, 0x18, 0x0C, 0x07, 0x3F, 0x03, 0xE3, 0xFF,
    0xFF, 0x1F, 0xF8, 0xE0, 0x10, 0x00, 0x18, 0x00, 0x38, 0x00, 0x38, 0x00, 0x18, 0x00, 0x18, 0x00,
    0x18, 0x00, 0x18, 0x00, 0x18, 0x78, 0x19, 0xFC, 0x0B, 0x8E, 0x0F, 0x07, 0x0C, 0x02, 0x18, 0x0E,
    0x10, 0x7C, 0xFF, 0xF0, 0xFF, 0x80, 0x10, 0x00, 0x08, 0x00, 0x0E, 0x00, 0x07, 0x00, 0x01, 0x00,
    0x00, 0x80, 0x00, 0x60, 0x00, 0x30, 0x00, 0x18, 0x78, 0x0C, 0xFE, 0x06, 0xE3, 0x83, 0xC0, 0xE0,
    0xC0, 0x20, 0xC0, 0x70, 0x41, 0xF9, 0xFF, 0xFF, 0xFF, 0x03, 0x80, 0x04, 0x00, 0x01, 0x80, 0x00,
    0x30, 0x00, 0x06, 0x0C, 0x00, 0xC3, 0x80, 0x18, 0x00, 0x03, 0x00, 0x00, 0x20, 0x00, 0x04, 0x3C,
    0x00, 0xCF, 0xE0, 0x1B, 0x9E, 0x03, 0xC0, 0xC0, 0x70, 0x18, 0x0C, 0x07, 0x3F, 0x03, 0xE3, 0xFF,
    0xFF, 0x1F, 0xF8, 0xE0, 0x10, 0x00, 0x18, 0x00, 0x38, 0x20, 0x38, 0x70, 0x18, 0x70, 0x18, 0x20,
    0x18, 0x00, 0x18, 0x00, 0x18, 0x78, 0x19, 0xFC, 0x0B, 0x8E, 0x0F, 0x07, 0x0C, 0x02, 0x18, 0x0E,
    0x10, 0x7C, 0xFF, 0xF0, 0xFF, 0x80, 0x10, 0x00, 0x08, 0x00, 0x0E, 0x08, 0x07, 0x0E, 0x01, 0x07,
    0x00, 0x81, 0x00, 0x60, 0x00, 0x30, 0x00, 0x18, 0x78, 0x0C, 0xFE, 0x06, 0xE3, 0x83, 0xC0, 0xE0,
    0xC0, 0x20, 0xC0, 0x70, 0x41, 0xF9, 0xFF, 0xFF, 0xFF, 0x03, 0x80, 0x00, 0x00, 0xF8, 0x1F, 0xF0,
    0xE3, 0x87, 0x0C, 0x0C, 0x40, 0x36, 0x01, 0xE0, 0x0F, 0xE0, 0xCF, 0x0C, 0x00, 0x40, 0x02, 0x00,
    0x10, 0x00, 0xE0, 0x43, 0xFE, 0x0F, 0xC0, 0x00, 0x00, 0x00, 0x00, 0xF0, 0x1F, 0x83, 0x80, 0x30,
    0x03, 0x00, 0x38, 0x11, 0xFF, 0xFF, 0xEF, 0xE0, 0x00, 0x03, 0xE1, 0xFF, 0x38, 0xE3, 0x0C, 0x31,
    0x83, 0x60, 0xF8, 0xFF, 0xFE, 0x3C, 0x00, 0x00, 0x20, 0x03, 0x80, 0x0C, 0x00, 0x00, 0x00, 0x00,
    0x7C, 0x0F, 0xF8, 0x71, 0xC3, 0x86, 0x06, 0x20, 0x1B, 0x00, 0xF0, 0x07, 0xF0, 0x67, 0x86, 0x00,
    0x20, 0x01, 0x00, 0x08, 0x00, 0x70, 0x21, 0xFF, 0x07, 0xE0, 0x00, 0x00, 0x00, 0x00, 0x40, 0x0E,
    0x00, 0x60, 0x00, 0x00, 0x00, 0x0F, 0x01, 0xF8, 0x38, 0x03, 0x00, 0x30, 0x03, 0x81, 0x1F, 0xFF,
    0xFE, 0xFE, 0x00, 0x00, 0x00, 0x80, 0x38, 0x03, 0x00, 0x00, 0x00, 0x07, 0xC3, 0xFE, 0x71, 0xC6,
    0x18, 0x63, 0x06, 0xC1, 0xF1, 0xFF, 0xFC, 0x78, 0x00, 0x00, 0x00, 0x00, 0x30, 0x00, 0x07, 0x00,
    0x00, 0x20, 0x00, 0x00, 0x00, 0x00, 0x78, 0x00, 0x0F, 0x80, 0x01, 0xCC, 0x40, 0x18, 0xC4, 0x01,
    0x04, 0x40, 0x18, 0x46, 0x01, 0xDC, 0x78, 0x1F, 0x83, 0xFF, 0xFF, 0x1F, 0xF8, 0xF0, 0x04, 0x00,
    0xC0, 0x18, 0x00, 0x00, 0x00, 0x0E, 0x03, 0xE0, 0xCC, 0x10, 0xC2, 0x18, 0x63, 0x0F, 0xE0, 0xF4,
    0x00, 0x80, 0xF3, 0xFC, 0x7C, 0x00, 0x08, 0x07, 0x01, 0xC0, 0x00, 0x00, 0x07, 0x83, 0xE1, 0xCC,
    0x63, 0x10, 0x46, 0x31, 0xF8, 0xFF, 0xFD, 0xF0, 0x00, 0x00, 0x03, 0x30, 0x03, 0xB0, 0x01, 0x00,
    0x00, 0x00, 0x00, 0xE0, 0x01, 0xF0, 0x03, 0x38, 0x02, 0x18, 0x02, 0x0C, 0x02, 0x0C, 0x03, 0x8C,
    0x03, 0xFF, 0x40, 0xFF, 0x40, 0x04, 0x40, 0x04, 0x40, 0x08, 0x60, 0x18, 0x70, 0xF0, 0x3F, 0xE0,
    0x1F, 0x80, 0x00, 0x03, 0x30, 0xEE, 0x0C, 0x00, 0x00, 0x0E, 0x03, 0xE0, 0xCC, 0x10, 0xC2, 0x18,
    0x63, 0x0F, 0xE0, 0xF4, 0x00, 0x80, 0xF3, 0xFC, 0x7C, 0x00, 0x02, 0x0D, 0xC7, 0x70, 0x80, 0x00,
    0x07, 0x83, 0xE1, 0xCC, 0x63, 0x10, 0x46, 0x31, 0xF8, 0xFF, 0xFD, 0xF0, 0x00, 0x02, 0x00, 0x00,
    0x80, 0x00, 0x20, 0x00, 0x08, 0x00, 0x02, 0x00, 0x00, 0x80, 0x00, 0x20, 0x02, 0x08, 0x01, 0x02,
    0x00, 0x70, 0x80, 0x04, 0x21, 0x06, 0x08, 0x40, 0x02, 0x10, 0x00, 0x87, 0x00, 0xF0, 0xFF, 0xFF,
    0x1F, 0xF1, 0xC0, 0x00, 0x00, 0x30, 0x3C, 0x7E, 0x7C, 0x3C, 0x0C, 0x03, 0xC0, 0xF8, 0x07, 0x80,
    0x70, 0x0C, 0x01, 0x80, 0x60, 0xF3, 0xF8, 0xF8, 0x00, 0x00, 0x00, 0x0E, 0x07, 0xE1, 0xF8, 0x7C,
    0x0F, 0x00, 0xC0, 0x0F, 0x00, 0x3C, 0x00, 0xE0, 0x07, 0x00, 0x30, 0x01, 0x80, 0x18, 0x0F, 0xCF,
    0xEF, 0xF8, 0x70, 0x00, 0x20, 0x00, 0xC0, 0x01, 0xC0, 0x03, 0x00, 0x06, 0x00, 0x04, 0x00, 0x0C,
    0x00, 0x18, 0x00, 0x30, 0x00, 0x60, 0x00, 0xC0, 0x01, 0x80, 0x01, 0x00, 0x02, 0x00, 0x06, 0x00,
    0x0E, 0x40, 0x1C, 0x80, 0x21, 0x00, 0x42, 0x00, 0x86, 0x03, 0x0E, 0x3C, 0x0F, 0xF0, 0x0F, 0x80,
    0x13, 0x33, 0x33, 0x33, 0x33, 0x33, 0x11, 0x2E, 0xC0, 0x10, 0x60, 0xC0, 0x81, 0x02, 0x04, 0x08,
    0x10, 0x20, 0x40, 0x81, 0x02, 0x0E, 0x7F, 0xEE, 0x07, 0x00, 0xF8, 0x3F, 0x87, 0x9C, 0xF0, 0xCB,
    0x0C, 0x9E, 0xE9, 0xFF, 0x87, 0xB8, 0x00, 0xC0, 0x0C, 0x00, 0xC0, 0x0C, 0x00, 0xC0, 0x0C, 0x00,
    0x00, 0x00, 0x00, 0x00, 0x70, 0x1F, 0x06, 0x60, 0x8E, 0x30, 0xCF, 0x9F, 0xFF, 0xE3, 0xC0, 0x02,
    0x01, 0xE0, 0x7C, 0x1D, 0x83, 0x18, 0x43, 0x1E, 0x77, 0xFF, 0xEF, 0x60, 0x00, 0x00, 0x0C, 0x00,
    0x38, 0x00, 0x30, 0x00, 0x00, 0x00, 0x06, 0x00, 0x0C, 0x00, 0x1C, 0x00, 0x3C, 0x80, 0x39, 0x00,
    0x42, 0x00, 0x84, 0x01, 0x0C, 0x06, 0x1C, 0x78, 0x1F, 0xE0, 0x1F, 0x00, 0x00, 0x63, 0x84, 0x00,
    0x00, 0x87, 0x0C, 0x30, 0xC1, 0x1F, 0xEE, 0x00, 0x00, 0x18, 0x3C, 0x18, 0x00, 0x00, 0x00, 0x0C,
    0x18, 0x3C, 0xFF, 0xE7, 0x00, 0x01, 0x80, 0x60, 0x78, 0x36, 0x18, 0x8C, 0x23, 0x88, 0x7F, 0x0F,
    0xF0, 0x1C, 0x04, 0x00, 0xF0, 0x0F, 0x81, 0xFC, 0x33, 0xE2, 0x16, 0x33, 0x31, 0xB3, 0x1F, 0x17,
    0xFF, 0x71, 0xE0, 0x00, 0x02, 0x01, 0xC0, 0xF0, 0x3C, 0x1B, 0x04, 0xC3, 0x30, 0xCC, 0x36, 0x3F,
    0xFF, 0xFD, 0xCE, 0x30, 0x8E, 0x21, 0xF8, 0x3C, 0x00, 0x00, 0x07, 0x00, 0xF8, 0x19, 0x81, 0x0C,
    0x10, 0x41, 0x04, 0x1C, 0x41, 0xFF, 0x07, 0xF0, 0x0C, 0x00, 0xC0, 0x38, 0x7F, 0x03, 0xE0, 0x00,
    0x00, 0x00, 0x10, 0x00, 0x1F, 0xD0, 0x0F, 0xE8, 0x03, 0xC4, 0x00, 0x63, 0x00, 0x11, 0xC0, 0x78,
    0x7F, 0xF0, 0x1F, 0xE0, 0x00, 0x00, 0x00, 0x00, 0x10, 0x00, 0x1F, 0xD0, 0x0F, 0xE8, 0x03, 0xC4,
    0x00, 0x63, 0x00, 0x11, 0xC0, 0x78, 0x7F, 0xF0, 0x1F, 0xE0, 0x00, 0x00, 0x02, 0x20, 0x03, 0xB8,
    0x00, 0xC8, 0x00, 0x00, 0x00, 0x00, 0x06, 0x06, 0x06, 0x06, 0x03, 0x03, 0x0E, 0xFE, 0xF8, 0x00,
    0x02, 0x37, 0x77, 0x20, 0x00, 0x00, 0xC0, 0x60, 0x38, 0xFF, 0xFE, 0x70, 0x00, 0x00, 0x33, 0x8E,
    0xC1, 0x00, 0x20, 0x01, 0xF8, 0x60, 0x01, 0x80, 0x06, 0x18, 0x18, 0x70, 0x60, 0xE0, 0x81, 0xC2,
    0x01, 0x88, 0x03, 0x20, 0x07, 0x80, 0x0C, 0x00, 0x30, 0x01, 0xA0, 0x0C, 0x80, 0x63, 0x03, 0xFC,
    0x0F, 0xE0, 0x00, 0x00, 0x0F, 0xE0, 0x40, 0x00, 0x18, 0x00, 0x03, 0x00, 0x80, 0x60, 0x38, 0x0C,
    0x07, 0x81, 0x80, 0x78, 0x30, 0x03, 0x06, 0x00, 0x31, 0xC0, 0x02, 0x38, 0x00, 0x65, 0x00, 0x04,
    0xA0, 0x00, 0xF4, 0x00, 0x0E, 0x80, 0x07, 0x98, 0x03, 0xE1, 0xC1, 0xF8, 0x18, 0x70, 0x0C, 0x00,
    0xF0, 0x6C, 0x06, 0x00, 0x62, 0x06, 0x70, 0x63, 0x82, 0x1C, 0x20, 0x62, 0x03, 0x20, 0x1E, 0x00,
    0xC0, 0x0E, 0x00, 0xE0, 0x13, 0x07, 0x30, 0xFF, 0x0F, 0xE0, 0x70, 0x00, 0xC0, 0x00, 0xF0, 0x10,
    0xE0, 0x30, 0x00, 0x30, 0x40, 0x30, 0x60, 0x30, 0x70, 0x30, 0x78, 0x30, 0x1C, 0x30, 0x0C, 0x70,
    0x06, 0x70, 0x02, 0x50, 0x03, 0x50, 0x01, 0xD0, 0x01, 0xD0, 0x03, 0x98, 0x1F, 0x8F, 0x7E, 0x07,
    0x00, 0x00, 0x0C, 0x00, 0xC0, 0x0E, 0x00, 0xCE, 0x0C, 0x70, 0x47, 0x84, 0x1C, 0x40, 0x74, 0x03,
    0xC0, 0x1C, 0x01, 0xC0, 0x1E, 0x03, 0x60, 0x67, 0x1F, 0xE1, 0xFE, 0x00, 0x00, 0x00, 0x1C, 0x03,
    0x00, 0x3C, 0x03, 0xC0, 0x20, 0x00, 0x00, 0x10, 0x00, 0x60, 0x00, 0xC0, 0x01, 0x8E, 0x03, 0x0E,
    0x06, 0x1C, 0x0C, 0x0C, 0x18, 0x0C, 0x30, 0x18, 0xE0, 0x19, 0x40, 0x12, 0x80, 0x2D, 0x00, 0x3A,
    0x00, 0xE6, 0x0F, 0x87, 0x7E, 0x06, 0x00, 0x00, 0x00, 0x00, 0xE0, 0x03, 0x00, 0x07, 0x80, 0x0F,
    0x00, 0x10, 0x00, 0x00, 0x00, 0x18, 0x03, 0x00, 0x60, 0x0D, 0xC1, 0xBC, 0x33, 0xC2, 0x1C, 0x41,
    0xC8, 0x0F, 0x00, 0xC0, 0x18, 0x07, 0x81, 0x90, 0x63, 0x1F, 0xE3, 0xF8, 0x00, 0x10, 0x00, 0x30,
    0x00, 0x30, 0x00, 0x30, 0xE0, 0x30, 0xF0, 0x30, 0x70, 0x30, 0x18, 0x30, 0x0C, 0x30, 0x0C, 0x70,
    0x06, 0x50, 0x02, 0x50, 0x02, 0xD0, 0x01, 0xD0, 0x07, 0x98, 0x1F, 0x0E, 0x7E, 0x06,
};

static const EpdGlyph ui_12_semiboldGlyphs[] = {
    { 0, 0, 101, 0, 0, 0, 0 }, // U+0020
    { 4, 18, 129, 2, 18, 9, 0 }, // !
    { 8, 7, 209, 3, 18, 7, 9 }, // "
    { 16, 18, 257, 0, 18, 36, 16 }, // #
    { 15, 25, 260, 1, 22, 47, 52 }, // $
    { 21, 18, 402, 2, 18, 48, 99 }, // %
    { 16, 18, 265, 1, 18, 36, 147 }, // &
    { 4, 7, 130, 3, 18, 4, 183 }, // '
    { 7, 23, 149, 2, 20, 21, 187 }, // (
    { 7, 23, 149, 1, 20, 21, 208 }, // )
    { 10, 10, 216, 2, 18, 13, 229 }, // *
    { 13, 13, 269, 2, 14, 22, 242 }, // +
    { 5, 7, 128, 1, 2, 5, 264 }, // ,
    { 8, 3, 186, 2, 9, 3, 269 }, // -
    { 4, 4, 128, 2, 4, 2, 272 }, // .
    { 10, 22, 152, 0, 19, 28, 274 }, // /
    { 14, 18, 264, 1, 18, 32, 302 }, // 0
    { 9, 18, 169, 1, 18, 21, 334 }, // 1
    { 13, 18, 249, 2, 18, 30, 355 }, // 2
    { 14, 18, 254, 1, 18, 32, 385 }, // 3
    { 15, 18, 266, 1, 18, 34, 417 }, // 4
    { 13, 18, 245, 1, 18, 30, 451 }, // 5
    { 14, 18, 256, 1, 18, 32, 481 }, // 6
    { 12, 18, 230, 1, 18, 27, 513 }, // 7
    { 14, 18, 256, 1, 18, 32, 540 }, // 8
    { 14, 18, 256, 1, 18, 32, 572 }, // 9
    { 4, 13, 128, 2, 13, 7, 604 }, // :
    { 5, 18, 132, 1, 13, 12, 611 }, // ;
    { 12, 15, 269, 2, 15, 23, 623 }, // <
    { 12, 9, 269, 3, 12, 14, 646 }, // =
    { 12, 15, 269, 3, 15, 23, 660 }, // >
    { 12, 18, 217, 1, 18, 27, 683 }, // ?
    { 24, 23, 400, 1, 18, 69, 710 }, // @
    { 18, 18, 291, 0, 18, 41, 779 }, // A
    { 14, 18, 264, 2, 18, 32, 820 }, // B
    { 16, 18, 295, 1, 18, 36, 852 }, // C
    { 15, 18, 289, 2, 18, 34, 888 }, // D
    { 12, 18, 242, 2, 18, 27, 922 }, // E
    { 12, 18, 235, 2, 18, 27, 949 }, // F
    { 17, 18, 300, 1, 18, 39, 976 }, // G
    { 15, 18, 298, 2, 18, 34, 1015 }, // H
    { 4, 18, 111, 2, 18, 9, 1049 }, // I
    { 12, 18, 232, 1, 18, 27, 1058 }, // J
    { 16, 18, 281, 2, 18, 36, 1085 }, // K
    { 12, 18, 226, 2, 18, 27, 1121 }, // L
    { 20, 18, 369, 2, 18, 45, 1148 }, // M
    { 16, 18, 304, 2, 18, 36, 1193 }, // N
    { 17, 18, 307, 1, 18, 39, 1229 }, // O
    { 14, 18, 258, 2, 18, 32, 1268 }, // P
    { 17, 20, 309, 1, 18, 43, 1300 }, // Q
    { 14, 18, 261, 2, 18, 32, 1343 }, // R
    { 15, 18, 260, 1, 18, 34, 1375 }, // S
    { 14, 18, 264, 1, 18, 32, 1409 }, // T
    { 15, 18, 294, 2, 18, 34, 1441 }, // U
    { 18, 18, 291, 0, 18, 41, 1475 }, // V
    { 25, 18, 408, 0, 18, 57, 1516 }, // W
    { 18, 18, 288, 0, 18, 41, 1573 }, // X
    { 17, 18, 285, 0, 18, 39, 1614 }, // Y
    { 13, 18, 261, 1, 18, 30, 1653 }, // Z
    { 6, 23, 149, 2, 20, 18, 1683 }, // [
    { 10, 22, 152, 0, 19, 28, 1701 }, // <backslash>
    { 7, 23, 149, 1, 20, 21, 1729 }, // ]
    { 12, 9, 193, 0, 19, 14, 1750 }, // ^
    { 12, 3, 188, 0, 0, 5, 1764 }, // _
    { 6, 4, 140, 1, 20, 3, 1769 }, // `
    { 12, 14, 230, 1, 14, 21, 1772 }, // a
    { 13, 18, 250, 2, 18, 30, 1793 }, // b
    { 13, 14, 233, 1, 14, 23, 1823 }, // c
    { 13, 18, 250, 1, 18, 30, 1846 }, // d
    { 13, 14, 237, 1, 14, 23, 1876 }, // e
    { 10, 19, 155, 0, 19, 24, 1899 }, // f
    { 13, 19, 250, 1, 14, 31, 1923 }, // g
    { 12, 18, 245, 2, 18, 27, 1954 }, // h
    { 4, 20, 105, 1, 20, 10, 1981 }, // i
    { 6, 25, 105, 0, 20, 19, 1991 }, // j
    { 13, 18, 228, 2, 18, 30, 2010 }, // k
    { 4, 18, 105, 2, 18, 9, 2040 }, // l
    { 20, 14, 360, 2, 14, 35, 2049 }, // m
    { 12, 14, 245, 2, 14, 21, 2084 }, // n
    { 13, 14, 244, 1, 14, 23, 2105 }, // o
    { 13, 19, 250, 2, 14, 31, 2128 }, // p
    { 13, 19, 250, 1, 14, 31, 2159 }, // q
    { 8, 15, 159, 2, 15, 15, 2190 }, // r
    { 13, 14, 220, 0, 14, 23, 2205 }, // s
    { 9, 18, 141, 1, 18, 21, 2228 }, // t
    { 12, 14, 245, 2, 14, 21, 2249 }, // u
    { 15, 14, 235, 0, 14, 27, 2270 }, // v
    { 21, 14, 336, 0, 14, 37, 2297 }, // w
    { 14, 14, 228, 0, 14, 25, 2334 }, // x
    { 15, 19, 235, 0, 14, 36, 2359 }, // y
    { 11, 14, 226, 1, 14, 20, 2395 }, // z
    { 9, 23, 182, 2, 20, 26, 2415 }, // {
    { 4, 31, 144, 3, 25, 16, 2441 }, // |
    { 9, 23, 182, 1, 20, 26, 2457 }, // }
    { 13, 5, 269, 2, 10, 9, 2483 }, // ~
    { 0, 0, 101, 0, 0, 0, 2492 }, // U+00A0
    { 4, 19, 129, 2, 14, 10, 2492 }, // U+00A1
    { 14, 12, 254, 1, 14, 21, 2502 }, // U+00AB
    { 9, 9, 183, 1, 19, 11, 2523 }, // U+00B0
    { 4, 4, 128, 2, 11, 2, 2534 }, // U+00B7
    { 11, 11, 195, 1, 19, 16, 2536 }, // U+00BA
    { 15, 12, 254, 0, 14, 23, 2552 }, // U+00BB
    { 12, 19, 217, 1, 14, 29, 2575 }, // U+00BF
    { 18, 24, 291, 0, 24, 54, 2604 }, // U+00C0
    { 18, 24, 291, 0, 24, 54, 2658 }, // U+00C1
    { 18, 24, 291, 0, 24, 54, 2712 }, // U+00C2
    { 18, 24, 291, 0, 24, 54, 2766 }, // U+00C4
    { 18, 25, 291, 0, 25, 57, 2820 }, // U+00C5
    { 24, 18, 405, 0, 18, 54, 2877 }, // U+00C6
    { 16, 23, 295, 1, 18, 46, 2931 }, // U+00C7
    { 12, 24, 242, 2, 24, 36, 2977 }, // U+00C9
    { 12, 24, 242, 2, 24, 36, 3013 }, // U+00CA
    { 6, 24, 111, 2, 24, 18, 3049 }, // U+00CD
    { 10, 24, 111, -1, 24, 30, 3067 }, // U+00CE
    { 17, 24, 307, 1, 24, 51, 3097 }, // U+00D2
    { 17, 24, 307, 1, 24, 51, 3148 }, // U+00D3
    { 17, 24, 307, 1, 24, 51, 3199 }, // U+00D6
    { 17, 20, 307, 1, 19, 43, 3250 }, // U+00D8
    { 15, 24, 294, 2, 24, 45, 3293 }, // U+00D9
    { 15, 24, 294, 2, 24, 45, 3338 }, // U+00DA
    { 15, 24, 294, 2, 24, 45, 3383 }, // U+00DC
    { 17, 24, 285, 0, 24, 51, 3428 }, // U+00DD
    { 14, 18, 257, 2, 18, 32, 3479 }, // U+00DF
    { 12, 20, 230, 1, 20, 30, 3511 }, // U+00E0
    { 12, 20, 230, 1, 20, 30, 3541 }, // U+00E1
    { 12, 20, 230, 1, 20, 30, 3571 }, // U+00E2
    { 12, 18, 230, 1, 18, 27, 3601 }, // U+00E3
    { 12, 19, 230, 1, 19, 29, 3628 }, // U+00E4
    { 12, 22, 230, 1, 22, 33, 3657 }, // U+00E5
    { 21, 14, 365, 1, 14, 37, 3690 }, // U+00E6
    { 13, 19, 233, 1, 14, 31, 3727 }, // U+00E7
    { 13, 20, 237, 1, 20, 33, 3758 }, // U+00E8
    { 13, 20, 237, 1, 20, 33, 3791 }, // U+00E9
    { 13, 20, 237, 1, 20, 33, 3824 }, // U+00EA
    { 13, 19, 237, 1, 19, 31, 3857 }, // U+00EB
    { 6, 19, 105, 0, 19, 15, 3888 }, // U+00EC
    { 6, 19, 105, 2, 19, 15, 3903 }, // U+00ED
    { 10, 20, 105, -1, 20, 25, 3918 }, // U+00EE
    { 9, 19, 105, -1, 19, 22, 3943 }, // U+00EF
    { 12, 18, 245, 2, 18, 27, 3965 }, // U+00F1
    { 13, 20, 244, 1, 20, 33, 3992 }, // U+00F2
    { 13, 20, 244, 1, 20, 33, 4025 }, // U+00F3
    { 13, 20, 244, 1, 20, 33, 4058 }, // U+00F4
    { 13, 18, 244, 1, 18, 30, 4091 }, // U+00F5
    { 13, 19, 244, 1, 19, 31, 4121 }, // U+00F6
    { 15, 16, 244, 0, 15, 30, 4152 }, // U+00F8
    { 12, 20, 245, 2, 20, 30, 4182 }, // U+00F9
    { 12, 20, 245, 2, 20, 30, 4212 }, // U+00FA
    { 12, 20, 245, 2, 20, 30, 4242 }, // U+00FB
    { 12, 19, 245, 2, 19, 29, 4272 }, // U+00FC
    { 15, 25, 235, 0, 20, 47, 4301 }, // U+00FD
    { 12, 19, 230, 1, 19, 29, 4348 }, // U+0103
    { 13, 19, 230, 1, 14, 31, 4377 }, // U+0105
    { 13, 20, 233, 1, 20, 33, 4408 }, // U+0107
    { 16, 24, 295, 1, 24, 48, 4441 }, // U+010C
    { 13, 20, 233, 1, 20, 33, 4489 }, // U+010D
    { 15, 24, 289, 2, 24, 45, 4522 }, // U+010E
    { 18, 20, 296, 1, 20, 45, 4567 }, // U+010F
    { 18, 18, 301, 0, 18, 41, 4612 }, // U+0110
    { 15, 18, 250, 1, 18, 34, 4653 }, // U+0111
    { 12, 24, 242, 2, 24, 36, 4687 }, // U+0116
    { 13, 20, 237, 1, 20, 33, 4723 }, // U+0117
    { 13, 23, 242, 2, 18, 38, 4756 }, // U+0118
    { 13, 19, 237, 1, 14, 31, 4794 }, // U+0119
    { 12, 24, 242, 2, 24, 36, 4825 }, // U+011A
    { 13, 20, 237, 1, 20, 33, 4861 }, // U+011B
    { 17, 24, 300, 1, 24, 51, 4894 }, // U+011E
    { 13, 25, 250, 1, 20, 41, 4945 }, // U+011F
    { 9, 18, 105, -1, 18, 21, 4986 }, // U+0129
    { 6, 23, 111, 1, 18, 18, 5007 }, // U+012E
    { 6, 25, 105, 0, 20, 19, 5025 }, // U+012F
    { 4, 24, 111, 2, 24, 12, 5044 }, // U+0130
    { 4, 14, 105, 2, 14, 7, 5056 }, // U+0131
    { 6, 24, 105, 2, 24, 18, 5063 }, // U+013A
    { 12, 19, 226, 2, 19, 29, 5081 }, // U+013D
    { 8, 19, 151, 2, 19, 19, 5110 }, // U+013E
    { 15, 18, 241, 0, 18, 34, 5129 }, // U+0141
    { 7, 18, 105, 0, 18, 16, 5163 }, // U+0142
    { 12, 19, 245, 2, 19, 29, 5179 }, // U+0144
    { 12, 19, 245, 2, 19, 29, 5208 }, // U+0148
    { 13, 20, 244, 1, 20, 33, 5237 }, // U+0151
    { 8, 19, 159, 2, 19, 19, 5270 }, // U+0155
    { 14, 24, 261, 2, 24, 42, 5289 }, // U+0158
    { 10, 20, 159, 1, 20, 25, 5331 }, // U+0159
    { 15, 24, 260, 1, 24, 45, 5356 }, // U+015A
    { 13, 20, 220, 0, 20, 33, 5401 }, // U+015B
    { 15, 23, 260, 1, 18, 44, 5434 }, // U+015E
    { 13, 19, 220, 0, 14, 31, 5478 }, // U+015F
    { 15, 24, 260, 1, 24, 45, 5509 }, // U+0160
    { 13, 20, 220, 0, 20, 33, 5554 }, // U+0161
    { 8, 23, 141, 1, 18, 23, 5587 }, // U+0163
    { 14, 24, 264, 1, 24, 42, 5610 }, // U+0164
    { 10, 21, 168, 1, 21, 27, 5652 }, // U+0165
    { 12, 18, 245, 2, 18, 27, 5679 }, // U+016B
    { 15, 26, 294, 2, 26, 49, 5706 }, // U+016E
    { 12, 21, 245, 2, 21, 32, 5755 }, // U+016F
    { 15, 24, 294, 2, 24, 45, 5787 }, // U+0170
    { 12, 20, 245, 2, 20, 30, 5832 }, // U+0171
    { 15, 23, 294, 2, 18, 44, 5862 }, // U+0172
    { 13, 19, 245, 2, 14, 31, 5906 }, // U+0173
    { 11, 19, 226, 1, 19, 27, 5937 }, // U+017A
    { 11, 20, 226, 1, 20, 28, 5964 }, // U+017C
    { 13, 24, 261, 1, 24, 39, 5992 }, // U+017D
    { 11, 20, 226, 1, 20, 28, 6031 }, // U+017E
    { 14, 17, 243, 1, 17, 30, 6059 }, // U+01A1
    { 14, 17, 258, 2, 17, 30, 6089 }, // U+01B0
    { 15, 24, 260, 1, 18, 45, 6119 }, // U+0218
    { 13, 20, 220, 0, 14, 33, 6164 }, // U+0219
    { 14, 24, 264, 1, 18, 42, 6197 }, // U+021A
    { 9, 24, 141, 1, 18, 27, 6239 }, // U+021B
    { 16, 18, 295, 1, 18, 36, 6266 }, // U+0404
    { 4, 18, 111, 2, 18, 9, 6302 }, // U+0406
    { 18, 18, 291, 0, 18, 41, 6311 }, // U+0410
    { 14, 18, 259, 2, 18, 32, 6352 }, // U+0411
    { 14, 18, 264, 2, 18, 32, 6384 }, // U+0412
    { 12, 18, 232, 2, 18, 27, 6416 }, // U+0413
    { 20, 23, 341, 1, 18, 58, 6443 }, // U+0414
    { 12, 18, 242, 2, 18, 27, 6501 }, // U+0415
    { 25, 18, 413, 0, 18, 57, 6528 }, // U+0416
    { 14, 18, 254, 1, 18, 32, 6585 }, // U+0417
    { 16, 18, 304, 2, 18, 36, 6617 }, // U+0418
    { 16, 24, 304, 2, 24, 48, 6653 }, // U+0419
    { 16, 18, 281, 2, 18, 36, 6701 }, // U+041A
    { 17, 18, 300, 1, 18, 39, 6737 }, // U+041B
    { 20, 18, 369, 2, 18, 45, 6776 }, // U+041C
    { 15, 18, 298, 2, 18, 34, 6821 }, // U+041D
    { 17, 18, 307, 1, 18, 39, 6855 }, // U+041E
    { 15, 18, 298, 2, 18, 34, 6894 }, // U+041F
    { 14, 18, 258, 2, 18, 32, 6928 }, // U+0420
    { 16, 18, 295, 1, 18, 36, 6960 }, // U+0421
    { 14, 18, 264, 1, 18, 32, 6996 }, // U+0422
    { 16, 18, 269, 0, 18, 36, 7028 }, // U+0423
    { 19, 22, 333, 1, 20, 53, 7064 }, // U+0424
    { 18, 18, 288, 0, 18, 41, 7117 }, // U+0425
    { 17, 22, 301, 2, 18, 47, 7158 }, // U+0426
    { 14, 18, 282, 2, 18, 32, 7205 }, // U+0427
    { 21, 18, 391, 2, 18, 48, 7237 }, // U+0428
    { 23, 22, 401, 2, 18, 64, 7285 }, // U+0429
    { 19, 18, 363, 2, 18, 43, 7349 }, // U+042B
    { 14, 18, 263, 2, 18, 32, 7392 }, // U+042C
    { 17, 18, 295, 1, 18, 39, 7424 }, // U+042D
    { 15, 18, 261, 0, 18, 34, 7463 }, // U+042F
    { 12, 14, 230, 1, 14, 21, 7497 }, // U+0430
    { 13, 18, 242, 1, 18, 30, 7518 }, // U+0431
    { 12, 14, 229, 2, 14, 21, 7548 }, // U+0432
    { 9, 14, 179, 2, 14, 16, 7569 }, // U+0433
    { 16, 19, 258, 1, 14, 38, 7585 }, // U+0434
    { 13, 14, 237, 1, 14, 23, 7623 }, // U+0435
    { 21, 14, 338, 0, 14, 37, 7646 }, // U+0436
    { 10, 14, 204, 1, 14, 18, 7683 }, // U+0437
    { 12, 14, 245, 2, 14, 21, 7701 }, // U+0438
    { 12, 20, 245, 2, 20, 30, 7722 }, // U+0439
    { 13, 14, 228, 2, 14, 23, 7752 }, // U+043A
    { 14, 14, 238, 0, 14, 25, 7775 }, // U+043B
    { 17, 14, 319, 2, 14, 30, 7800 }, // U+043C
    { 12, 14, 244, 2, 14, 21, 7830 }, // U+043D
    { 13, 14, 244, 1, 14, 23, 7851 }, // U+043E
    { 12, 14, 242, 2, 14, 21, 7874 }, // U+043F
    { 13, 19, 250, 2, 14, 31, 7895 }, // U+0440
    { 13, 14, 233, 1, 14, 23, 7926 }, // U+0441
    { 12, 14, 198, 1, 14, 21, 7949 }, // U+0442
    { 15, 19, 235, 0, 14, 36, 7970 }, // U+0443
    { 17, 23, 299, 1, 18, 49, 8006 }, // U+0444
    { 14, 14, 228, 0, 14, 25, 8055 }, // U+0445
    { 14, 18, 254, 2, 14, 32, 8080 }, // U+0446
    { 12, 14, 237, 2, 14, 21, 8112 }, // U+0447
    { 18, 14, 339, 2, 14, 32, 8133 }, // U+0448
    { 20, 18, 348, 2, 14, 45, 8165 }, // U+0449
    { 16, 14, 267, 0, 14, 28, 8210 }, // U+044A
    { 17, 14, 313, 2, 14, 30, 8238 }, // U+044B
    { 12, 14, 232, 2, 14, 21, 8268 }, // U+044C
    { 14, 14, 233, 0, 14, 25, 8289 }, // U+044D
    { 19, 14, 344, 2, 14, 34, 8314 }, // U+044E
    { 13, 14, 228, 0, 14, 23, 8348 }, // U+044F
    { 13, 19, 237, 1, 19, 31, 8371 }, // U+0451
    { 13, 14, 233, 1, 14, 23, 8402 }, // U+0454
    { 4, 20, 105, 1, 20, 10, 8425 }, // U+0456
    { 9, 19, 105, -1, 19, 22, 8435 }, // U+0457
    { 14, 25, 235, 0, 20, 44, 8457 }, // U+045E
    { 10, 17, 179, 2, 17, 22, 8501 }, // U+0491
    { 15, 18, 232, -1, 18, 34, 8523 }, // U+0492
    { 11, 14, 179, 0, 14, 20, 8557 }, // U+0493
    { 17, 22, 297, 2, 18, 47, 8577 }, // U+049A
    { 14, 18, 239, 2, 14, 32, 8624 }, // U+049B
    { 17, 22, 308, 2, 18, 47, 8656 }, // U+04A2
    { 14, 18, 254, 2, 14, 32, 8703 }, // U+04A3
    { 17, 18, 285, 0, 18, 39, 8735 }, // U+04AE
    { 15, 19, 235, 0, 14, 36, 8774 }, // U+04AF
    { 18, 18, 285, 0, 18, 41, 8810 }, // U+04B0
    { 15, 19, 235, 0, 14, 36, 8851 }, // U+04B1
    { 16, 18, 299, 1, 18, 36, 8887 }, // U+04D8
    { 13, 14, 237, 1, 14, 23, 8923 }, // U+04D9
    { 17, 18, 307, 1, 18, 39, 8946 }, // U+04E8
    { 13, 14, 244, 1, 14, 23, 8985 }, // U+04E9
    { 4, 5, 0, 1, -1, 3, 9008 }, // U+0591
    { 5, 4, 0, 1, 21, 3, 9011 }, // U+0592
    { 4, 5, 0, 1, 21, 3, 9014 }, // U+0593
    { 2, 4, 0, 1, 21, 1, 9017 }, // U+0594
    { 5, 5, 0, 0, 22, 4, 9018 }, // U+0595
    { 4, 4, 0, 1, -1, 2, 9022 }, // U+0596
    { 4, 4, 0, 1, 20, 2, 9024 }, // U+0597
    { 7, 5, 0, 1, 21, 5, 9026 }, // U+0598
    { 4, 4, 0, 1, 20, 2, 9031 }, // U+0599
    { 4, 4, 0, 1, -2, 2, 9033 }, // U+059A
    { 4, 4, 0, 1, -1, 2, 9035 }, // U+059B
    { 4, 4, 0, 1, 19, 2, 9037 }, // U+059C
    { 4, 4, 0, 1, 19, 2, 9039 }, // U+059D
    { 8, 4, 0, 1, 19, 4, 9041 }, // U+059E
    { 11, 6, 0, 1, 22, 9, 9045 }, // U+059F
    { 6, 6, 0, 1, 22, 5, 9054 }, // U+05A0
    { 4, 4, 0, 1, 20, 2, 9059 }, // U+05A1
    { 4, 4, 0, 1, -2, 2, 9061 }, // U+05A2
    { 4, 5, 0, 1, -1, 3, 9063 }, // U+05A3
    { 4, 4, 0, 1, -2, 2, 9066 }, // U+05A4
    { 4, 4, 0, 1, -1, 2, 9068 }, // U+05A5
    { 8, 4, 0, 1, -1, 4, 9070 }, // U+05A6
    { 5, 6, 0, 1, -1, 4, 9074 }, // U+05A7
    { 4, 4, 0, 1, 19, 2, 9078 }, // U+05A8
    { 6, 6, 0, 1, 22, 5, 9080 }, // U+05A9
    { 4, 4, 0, 1, -2, 2, 9085 }, // U+05AA
    { 4, 4, 0, 1, 20, 2, 9087 }, // U+05AB
    { 4, 5, 0, 1, 20, 3, 9089 }, // U+05AC
    { 4, 4, 0, 1, -1, 2, 9092 }, // U+05AD
    { 7, 5, 0, 1, 21, 5, 9094 }, // U+05AE
    { 5, 4, 0, 1, 20, 3, 9099 }, // U+05AF
    { 2, 4, 0, 1, -2, 1, 9102 }, // U+05B0
    { 8, 4, 0, 1, -2, 4, 9103 }, // U+05B1
    { 8, 4, 0, 1, -2, 4, 9107 }, // U+05B2
    { 8, 5, 0, 1, -1, 5, 9111 }, // U+05B3
    { 2, 2, 0, 1, -1, 1, 9116 }, // U+05B4
    { 5, 2, 0, 1, -1, 2, 9117 }, // U+05B5
    { 5, 4, 0, 1, -2, 3, 9119 }, // U+05B6
    { 5, 2, 0, 1, -2, 2, 9122 }, // U+05B7
    { 5, 4, 0, 1, -2, 3, 9124 }, // U+05B8
    { 2, 2, 0, 1, 19, 1, 9127 }, // U+05B9
    { 2, 2, 0, 1, 19, 1, 9128 }, // U+05BA
    { 7, 4, 0, 1, -2, 4, 9129 }, // U+05BB
    { 2, 2, 0, 1, 9, 1, 9133 }, // U+05BC
    { 2, 4, 0, 1, -2, 1, 9134 }, // U+05BD
    { 7, 4, 130, 1, 16, 4, 9135 }, // U+05BE
    { 6, 2, 0, 1, 18, 2, 9139 }, // U+05BF
    { 3, 25, 206, 5, 19, 10, 9141 }, // U+05C0
    { 2, 2, 0, 1, 19, 1, 9151 }, // U+05C1
    { 2, 2, 0, 1, 19, 1, 9152 }, // U+05C2
    { 4, 14, 109, 1, 14, 7, 9153 }, // U+05C3
    { 2, 2, 0, 1, 19, 1, 9160 }, // U+05C4
    { 2, 2, 0, 1, -1, 1, 9161 }, // U+05C5
    { 9, 15, 177, 2, 15, 17, 9162 }, // U+05C6
    { 4, 3, 0, 1, -2, 2, 9179 }, // U+05C7
    { 17, 15, 270, 0, 15, 32, 9181 }, // U+05D0
    { 14, 15, 238, 1, 15, 27, 9213 }, // U+05D1
    { 10, 16, 165, 0, 15, 20, 9240 }, // U+05D2
    { 14, 15, 228, 0, 15, 27, 9260 }, // U+05D3
    { 15, 15, 263, 1, 15, 29, 9287 }, // U+05D4
    { 7, 15, 135, 0, 15, 14, 9316 }, // U+05D5
    { 8, 15, 148, 1, 15, 15, 9330 }, // U+05D6
    { 16, 15, 275, 0, 15, 30, 9345 }, // U+05D7
    { 14, 15, 264, 1, 15, 27, 9375 }, // U+05D8
    { 7, 9, 133, 0, 15, 8, 9402 }, // U+05D9
    { 13, 20, 228, 0, 15, 33, 9410 }, // U+05DA
    { 12, 15, 211, 0, 15, 23, 9443 }, // U+05DB
    { 13, 19, 222, 1, 19, 31, 9466 }, // U+05DC
    { 16, 15, 281, 0, 15, 30, 9497 }, // U+05DD
    { 17, 15, 281, 0, 15, 32, 9527 }, // U+05DE
    { 7, 20, 142, 0, 15, 18, 9559 }, // U+05DF
    { 8, 15, 162, 0, 15, 15, 9577 }, // U+05E0
    { 15, 15, 272, 1, 15, 29, 9592 }, // U+05E1
    { 14, 18, 252, 1, 16, 32, 9621 }, // U+05E2
    { 14, 20, 262, 1, 15, 35, 9653 }, // U+05E3
    { 14, 15, 251, 1, 15, 27, 9688 }, // U+05E4
    { 14, 20, 235, 0, 15, 35, 9715 }, // U+05E5
    { 14, 15, 237, 0, 15, 27, 9750 }, // U+05E6
    { 15, 20, 262, 1, 15, 38, 9777 }, // U+05E7
    { 12, 15, 217, 0, 15, 23, 9815 }, // U+05E8
    { 17, 15, 315, 1, 15, 32, 9838 }, // U+05E9
    { 16, 15, 289, 1, 15, 30, 9870 }, // U+05EA
    { 18, 14, 305, 0, 20, 32, 9900 }, // U+05EF
    { 15, 15, 268, 0, 15, 29, 9932 }, // U+05F0
    { 16, 15, 281, 0, 15, 30, 9961 }, // U+05F1
    { 16, 9, 282, 0, 15, 18, 9991 }, // U+05F2
    { 6, 7, 89, 0, 15, 6, 10009 }, // U+05F3
    { 11, 7, 178, 0, 15, 10, 10015 }, // U+05F4
    { 28, 7, 455, 1, 6, 25, 10025 }, // U+0600
    { 41, 7, 658, 0, 1, 36, 10050 }, // U+0601
    { 31, 6, 493, 0, 5, 24, 10086 }, // U+0602
    { 26, 8, 433, 1, 5, 26, 10110 }, // U+0603
    { 57, 15, 929, 0, 12, 107, 10136 }, // U+0604
    { 25, 4, 400, 0, 23, 13, 10243 }, // U+0605
    { 14, 18, 215, -1, 18, 32, 10256 }, // U+0606
    { 15, 18, 215, -1, 18, 34, 10288 }, // U+0607
    { 22, 17, 397, 1, 10, 47, 10322 }, // U+0608
    { 13, 15, 221, 0, 13, 25, 10369 }, // U+0609
    { 18, 15, 289, 0, 13, 34, 10394 }, // U+060A
    { 11, 25, 168, -1, 17, 35, 10428 }, // U+060B
    { 4, 7, 85, 1, 6, 4, 10463 }, // U+060C
    { 5, 8, 120, 1, 4, 5, 10467 }, // U+060D
    { 21, 8, 342, 1, 8, 21, 10472 }, // U+060E
    { 14, 22, 259, 1, 14, 39, 10493 }, // U+060F
    { 6, 6, 0, 0, 24, 5, 10532 }, // U+0610
    { 6, 6, 0, 0, 24, 5, 10537 }, // U+0611
    { 7, 5, 0, 0, 24, 5, 10542 }, // U+0612
    { 8, 8, 0, 0, 26, 8, 10547 }, // U+0613
    { 9, 3, 0, 0, 22, 4, 10555 }, // U+0614
    { 6, 6, 0, -1, 32, 5, 10559 }, // U+0615
    { 10, 8, 0, -1, 34, 10, 10564 }, // U+0616
    { 4, 8, 0, -1, 34, 4, 10574 }, // U+0617
    { 4, 3, 0, 0, 21, 2, 10578 }, // U+0618
    { 4, 4, 0, 0, 23, 2, 10580 }, // U+0619
    { 4, 3, 0, -1, -1, 2, 10582 }, // U+061A
    { 4, 14, 85, 1, 11, 7, 10584 }, // U+061B
    { 0, 0, 0, 0, 0, 0, 10591 }, // U+061C
    { 10, 14, 173, 0, 14, 18, 10591 }, // U+061D
    { 8, 7, 142, 0, 5, 7, 10609 }, // U+061E
    { 9, 17, 170, 1, 15, 20, 10616 }, // U+061F
    { 13, 16, 217, 1, 9, 26, 10636 }, // U+0620
    { 10, 10, 175, 0, 8, 13, 10662 }, // U+0621
    { 8, 21, 95, -2, 21, 21, 10675 }, // U+0622
    { 4, 23, 95, 1, 22, 12, 10696 }, // U+0623
    { 11, 20, 187, 0, 14, 28, 10708 }, // U+0624
    { 4, 23, 95, 1, 17, 12, 10736 }, // U+0625
    { 14, 16, 247, 1, 9, 28, 10748 }, // U+0626
    { 3, 17, 95, 1, 17, 7, 10776 }, // U+0627
    { 18, 17, 309, 1, 11, 39, 10783 }, // U+0628
    { 8, 15, 163, 1, 15, 15, 10822 }, // U+0629
    { 18, 12, 309, 1, 12, 27, 10837 }, // U+062A
    { 18, 13, 309, 1, 13, 30, 10864 }, // U+062B
    { 16, 17, 254, 1, 10, 34, 10894 }, // U+062C
    { 16, 17, 254, 1, 10, 34, 10928 }, // U+062D
    { 16, 22, 254, 1, 15, 44, 10962 }, // U+062E
    { 9, 11, 166, 1, 11, 13, 11006 }, // U+062F
    { 9, 16, 166, 1, 16, 18, 11019 }, // U+0630
    { 10, 14, 154, -1, 9, 18, 11037 }, // U+0631
    { 10, 19, 154, -1, 14, 24, 11055 }, // U+0632
    { 24, 16, 405, 1, 9, 48, 11079 }, // U+0633
    { 24, 20, 405, 1, 13, 60, 11127 }, // U+0634
    { 26, 16, 438, 1, 9, 52, 11187 }, // U+0635
    { 26, 22, 438, 1, 15, 72, 11239 }, // U+0636
    { 17, 17, 308, 1, 17, 37, 11311 }, // U+0637
    { 17, 17, 308, 1, 17, 37, 11348 }, // U+0638
    { 15, 19, 242, 1, 12, 36, 11385 }, // U+0639
    { 15, 25, 242, 1, 18, 47, 11421 }, // U+063A
    { 17, 17, 289, 1, 17, 37, 11468 }, // U+063B
    { 17, 24, 289, 1, 17, 51, 11505 }, // U+063C
    { 14, 16, 247, 1, 9, 28, 11556 }, // U+063D
    { 15, 16, 247, 0, 9, 30, 11584 }, // U+063E
    { 15, 16, 247, 0, 9, 30, 11614 }, // U+063F
    { 6, 3, 84, 0, 3, 3, 11644 }, // U+0640
    { 19, 17, 339, 1, 17, 41, 11647 }, // U+0641
    { 14, 20, 259, 1, 13, 35, 11688 }, // U+0642
    { 12, 17, 223, 1, 17, 26, 11723 }, // U+0643
    { 13, 24, 238, 1, 17, 39, 11749 }, // U+0644
    { 10, 17, 196, 2, 9, 22, 11788 }, // U+0645
    { 13, 16, 234, 1, 9, 26, 11810 }, // U+0646
    { 14, 12, 252, 0, 11, 21, 11836 }, // U+0647
    { 11, 15, 187, 0, 9, 21, 11857 }, // U+0648
    { 14, 16, 247, 1, 9, 28, 11878 }, // U+0649
    { 14, 21, 247, 1, 9, 37, 11906 }, // U+064A
    { 6, 6, 0, 1, 24, 5, 11943 }, // U+064B
    { 7, 5, 0, 0, 23, 5, 11948 }, // U+064C
    { 6, 6, 0, 1, 0, 5, 11953 }, // U+064D
    { 6, 4, 0, 0, 22, 3, 11958 }, // U+064E
    { 6, 5, 0, 0, 23, 4, 11961 }, // U+064F
    { 6, 5, 0, 0, 0, 4, 11965 }, // U+0650
    { 6, 5, 0, -1, 24, 4, 11969 }, // U+0651
    { 4, 4, 0, -1, 22, 2, 11973 }, // U+0652
    { 8, 3, 0, -1, 21, 3, 11975 }, // U+0653
    { 4, 5, 0, 0, 23, 3, 11978 }, // U+0654
    { 4, 5, 0, 0, -1, 3, 11981 }, // U+0655
    { 2, 7, 0, 0, 0, 2, 11984 }, // U+0656
    { 6, 5, 0, 0, 23, 4, 11986 }, // U+0657
    { 5, 4, 0, 0, 23, 3, 11990 }, // U+0658
    { 7, 2, 0, -1, 21, 2, 11993 }, // U+0659
    { 5, 6, 0, 0, 24, 4, 11995 }, // U+065A
    { 5, 5, 0, 0, 23, 4, 11999 }, // U+065B
    { 4, 4, 0, 0, -1, 2, 12003 }, // U+065C
    { 5, 5, 0, 0, 23, 4, 12005 }, // U+065D
    { 6, 6, 0, -1, 24, 5, 12009 }, // U+065E
    { 6, 6, 0, -1, 0, 5, 12014 }, // U+065F
    { 5, 5, 126, 1, 8, 4, 12019 }, // U+0660
    { 4, 15, 126, 2, 15, 8, 12023 }, // U+0661
    { 8, 15, 165, 2, 15, 15, 12031 }, // U+0662
    { 10, 15, 191, 1, 15, 19, 12046 }, // U+0663
    { 9, 15, 168, 1, 15, 17, 12065 }, // U+0664
    { 8, 12, 153, 0, 14, 12, 12082 }, // U+0665
    { 9, 15, 178, 0, 15, 17, 12094 }, // U+0666
    { 11, 15, 174, 0, 15, 21, 12111 }, // U+0667
    { 11, 15, 174, 0, 15, 21, 12132 }, // U+0668
    { 9, 16, 173, 0, 16, 18, 12153 }, // U+0669
    { 9, 15, 160, 0, 13, 17, 12171 }, // U+066A
    { 6, 11, 89, -2, 5, 9, 12188 }, // U+066B
    { 6, 11, 89, 0, 15, 9, 12197 }, // U+066C
    { 10, 10, 160, 0, 11, 13, 12206 }, // U+066D
    { 18, 11, 309, 1, 11, 25, 12219 }, // U+066E
    { 14, 16, 259, 1, 9, 28, 12244 }, // U+066F
    { 2, 8, 0, 0, 26, 2, 12272 }, // U+0670
    { 7, 23, 95, -1, 23, 21, 12274 }, // U+0671
    { 6, 23, 95, -1, 23, 18, 12295 }, // U+0672
    { 7, 25, 95, -1, 18, 22, 12313 }, // U+0673
    { 10, 10, 175, 0, 14, 13, 12335 }, // U+0674
    { 15, 18, 270, 1, 18, 34, 12348 }, // U+0675
    { 22, 19, 362, 0, 13, 53, 12382 }, // U+0676
    { 22, 22, 362, 0, 16, 61, 12435 }, // U+0677
    { 25, 20, 422, 1, 13, 63, 12496 }, // U+0678
    { 18, 13, 309, 1, 13, 30, 12559 }, // U+0679
    { 18, 14, 309, 1, 14, 32, 12589 }, // U+067A
    { 18, 19, 309, 1, 11, 43, 12621 }, // U+067B
    { 18, 14, 309, 1, 12, 32, 12664 }, // U+067C
    { 18, 13, 309, 1, 13, 30, 12696 }, // U+067D
    { 18, 18, 309, 1, 11, 41, 12726 }, // U+067E
    { 18, 13, 309, 1, 13, 30, 12767 }, // U+067F
    { 18, 17, 309, 1, 11, 39, 12797 }, // U+0680
    { 16, 22, 254, 1, 15, 44, 12836 }, // U+0681
    { 16, 25, 254, 1, 18, 50, 12880 }, // U+0682
    { 16, 17, 254, 1, 10, 34, 12930 }, // U+0683
    { 16, 17, 254, 1, 10, 34, 12964 }, // U+0684
    { 16, 24, 254, 1, 17, 48, 12998 }, // U+0685
    { 16, 17, 254, 1, 10, 34, 13046 }, // U+0686
    { 16, 17, 254, 1, 10, 34, 13080 }, // U+0687
    { 10, 17, 166, 0, 17, 22, 13114 }, // U+0688
    { 10, 13, 166, 0, 11, 17, 13136 }, // U+0689
    { 9, 16, 166, 1, 11, 18, 13153 }, // U+068A
    { 10, 22, 166, 0, 17, 28, 13171 }, // U+068B
    { 9, 15, 166, 1, 15, 17, 13199 }, // U+068C
    { 9, 16, 166, 1, 11, 18, 13216 }, // U+068D
    { 9, 17, 166, 1, 17, 20, 13234 }, // U+068E
    { 9, 17, 166, 1, 17, 20, 13254 }, // U+068F
    { 9, 17, 166, 1, 17, 20, 13274 }, // U+0690
    { 10, 20, 154, -1, 15, 25, 13294 }, // U+0691
    { 10, 20, 154, -1, 15, 25, 13319 }, // U+0692
    { 10, 16, 154, -1, 9, 20, 13344 }, // U+0693
    { 10, 19, 154, -1, 9, 24, 13364 }, // U+0694
    { 10, 20, 154, -1, 9, 25, 13388 }, // U+0695
    { 10, 19, 154, -1, 9, 24, 13413 }, // U+0696
    { 10, 19, 154, -1, 14, 24, 13437 }, // U+0697
    { 10, 20, 154, -1, 15, 25, 13461 }, // U+0698
    { 10, 20, 154, -1, 15, 25, 13486 }, // U+0699
    { 24, 19, 405, 1, 12, 57, 13511 }, // U+069A
    { 24, 16, 405, 1, 9, 48, 13568 }, // U+069B
    { 24, 20, 405, 1, 13, 60, 13616 }, // U+069C
    { 26, 16, 438, 1, 9, 52, 13676 }, // U+069D
    { 26, 23, 438, 1, 16, 75, 13728 }, // U+069E
    { 17, 17, 308, 1, 17, 37, 13803 }, // U+069F
    { 15, 26, 242, 1, 19, 49, 13840 }, // U+06A0
    { 19, 12, 339, 1, 12, 29, 13889 }, // U+06A1
    { 19, 17, 339, 1, 12, 41, 13918 }, // U+06A2
    { 19, 22, 339, 1, 17, 53, 13959 }, // U+06A3
    { 19, 19, 339, 1, 19, 46, 14012 }, // U+06A4
    { 19, 18, 339, 1, 12, 43, 14058 }, // U+06A5
    { 19, 18, 339, 1, 18, 43, 14101 }, // U+06A6
    { 14, 20, 259, 1, 13, 35, 14144 }, // U+06A7
    { 14, 22, 259, 1, 15, 39, 14179 }, // U+06A8
    { 17, 17, 289, 1, 17, 37, 14218 }, // U+06A9
    { 25, 13, 406, 0, 13, 41, 14255 }, // U+06AA
    { 17, 17, 289, 1, 17, 37, 14296 }, // U+06AB
    { 12, 17, 223, 1, 17, 26, 14333 }, // U+06AC
    { 12, 17, 223, 1, 17, 26, 14359 }, // U+06AD
    { 12, 24, 223, 1, 17, 36, 14385 }, // U+06AE
    { 17, 19, 289, 1, 19, 41, 14421 }, // U+06AF
    { 17, 20, 289, 1, 20, 43, 14462 }, // U+06B0
    { 17, 20, 289, 1, 20, 43, 14505 }, // U+06B1
    { 17, 24, 289, 1, 19, 51, 14548 }, // U+06B2
    { 17, 27, 289, 1, 19, 58, 14599 }, // U+06B3
    { 17, 21, 289, 1, 21, 45, 14657 }, // U+06B4
    { 13, 29, 238, 1, 22, 48, 14702 }, // U+06B5
    { 13, 28, 238, 1, 21, 46, 14750 }, // U+06B6
    { 14, 29, 238, 1, 22, 51, 14796 }, // U+06B7
    { 13, 30, 238, 1, 17, 49, 14847 }, // U+06B8
    { 13, 21, 234, 1, 9, 35, 14896 }, // U+06B9
    { 13, 13, 234, 1, 6, 22, 14931 }, // U+06BA
    { 13, 18, 234, 1, 11, 30, 14953 }, // U+06BB
    { 13, 18, 234, 1, 9, 30, 14983 }, // U+06BC
    { 13, 17, 234, 1, 10, 28, 15013 }, // U+06BD
    { 14, 12, 252, 0, 11, 21, 15041 }, // U+06BE
    { 16, 22, 254, 1, 15, 44, 15062 }, // U+06BF
    { 8, 15, 163, 1, 15, 15, 15106 }, // U+06C0
    { 8, 11, 163, 1, 11, 11, 15121 }, // U+06C1
    { 8, 15, 163, 1, 15, 15, 15132 }, // U+06C2
    { 8, 15, 163, 1, 15, 15, 15147 }, // U+06C3
    { 11, 15, 187, 0, 9, 21, 15162 }, // U+06C4
    { 11, 15, 187, 0, 9, 21, 15183 }, // U+06C5
    { 11, 21, 187, 0, 15, 29, 15204 }, // U+06C6
    { 11, 22, 187, 0, 16, 31, 15233 }, // U+06C7
    { 11, 26, 187, 0, 20, 36, 15264 }, // U+06C8
    { 11, 20, 187, 0, 14, 28, 15300 }, // U+06C9
    { 11, 19, 187, 0, 13, 27, 15328 }, // U+06CA
    { 11, 21, 187, 0, 15, 29, 15355 }, // U+06CB
    { 14, 16, 247, 1, 9, 28, 15384 }, // U+06CC
    { 17, 16, 247, -2, 9, 34, 15412 }, // U+06CD
    { 14, 16, 247, 1, 9, 28, 15446 }, // U+06CE
    { 11, 19, 187, 0, 13, 27, 15474 }, // U+06CF
    { 14, 23, 247, 1, 9, 41, 15501 }, // U+06D0
    { 14, 22, 247, 1, 9, 39, 15542 }, // U+06D1
    { 17, 9, 309, 2, 9, 20, 15581 }, // U+06D2
    { 18, 13, 309, 1, 13, 30, 15601 }, // U+06D3
    { 6, 3, 97, 0, 3, 3, 15631 }, // U+06D4
    { 8, 11, 163, 1, 11, 11, 15634 }, // U+06D5
    { 14, 8, 0, -1, 34, 14, 15645 }, // U+06D6
    { 9, 8, 0, 0, 34, 9, 15659 }, // U+06D7
    { 6, 6, 0, 0, 32, 5, 15668 }, // U+06D8
    { 6, 7, 0, 0, 33, 6, 15673 }, // U+06D9
    { 7, 6, 0, 0, 32, 6, 15679 }, // U+06DA
    { 5, 5, 0, 0, 31, 4, 15685 }, // U+06DB
    { 10, 6, 0, -1, 32, 8, 15689 }, // U+06DC
    { 29, 34, 504, 1, 27, 124, 15697 }, // U+06DD
    { 24, 24, 368, 0, 18, 72, 15821 }, // U+06DE
    { 4, 3, 0, -1, 22, 2, 15893 }, // U+06DF
    { 4, 5, 0, -1, 24, 3, 15895 }, // U+06E0
    { 6, 5, 0, -1, 24, 4, 15898 }, // U+06E1
    { 4, 7, 0, 0, 25, 4, 15902 }, // U+06E2
    { 10, 6, 0, -1, -1, 8, 15906 }, // U+06E3
    { 8, 3, 0, -1, 21, 3, 15914 }, // U+06E4
    { 5, 5, 82, 0, 4, 4, 15917 }, // U+06E5
    { 8, 4, 118, 0, 4, 4, 15921 }, // U+06E6
    { 7, 4, 0, 0, 23, 4, 15925 }, // U+06E7
    { 6, 6, 0, -1, 32, 5, 15929 }, // U+06E8
    { 13, 19, 204, 0, 17, 31, 15934 }, // U+06E9
    { 4, 5, 0, 0, 0, 3, 15965 }, // U+06EA
    { 4, 4, 0, 0, 22, 2, 15968 }, // U+06EB
    { 4, 4, 0, 0, 23, 2, 15970 }, // U+06EC
    { 4, 7, 0, 0, -1, 4, 15972 }, // U+06ED
    { 9, 16, 166, 1, 16, 18, 15976 }, // U+06EE
    { 10, 19, 154, -1, 14, 24, 15994 }, // U+06EF
    { 5, 5, 126, 1, 8, 4, 16018 }, // U+06F0
    { 4, 15, 126, 2, 15, 8, 16022 }, // U+06F1
    { 8, 15, 165, 2, 15, 15, 16030 }, // U+06F2
    { 10, 15, 191, 1, 15, 19, 16045 }, // U+06F3
    { 10, 16, 186, 2, 16, 20, 16064 }, // U+06F4
    { 10, 15, 182, 0, 15, 19, 16084 }, // U+06F5
    { 10, 16, 178, 1, 15, 20, 16103 }, // U+06F6
    { 11, 15, 174, 0, 15, 21, 16123 }, // U+06F7
    { 11, 15, 174, 0, 15, 21, 16144 }, // U+06F8
    { 9, 16, 173, 0, 16, 18, 16165 }, // U+06F9
    { 24, 20, 405, 1, 13, 60, 16183 }, // U+06FA
    { 26, 22, 438, 1, 15, 72, 16243 }, // U+06FB
    { 15, 25, 242, 1, 18, 47, 16315 }, // U+06FC
    { 10, 16, 175, 0, 8, 20, 16362 }, // U+06FD
    { 10, 17, 196, 1, 9, 22, 16382 }, // U+06FE
    { 14, 18, 252, 0, 17, 32, 16404 }, // U+06FF
    { 18, 16, 309, 1, 11, 36, 16436 }, // U+0750
    { 18, 19, 309, 1, 13, 43, 16472 }, // U+0751
    { 18, 18, 309, 1, 11, 41, 16515 }, // U+0752
    { 18, 19, 309, 1, 12, 43, 16556 }, // U+0753
    { 18, 17, 309, 1, 12, 39, 16599 }, // U+0754
    { 18, 17, 309, 1, 11, 39, 16638 }, // U+0755
    { 18, 13, 309, 1, 13, 30, 16677 }, // U+0756
    { 16, 22, 254, 1, 15, 44, 16707 }, // U+0757
    { 16, 17, 254, 1, 10, 34, 16751 }, // U+0758
    { 10, 24, 166, 0, 17, 30, 16785 }, // U+0759
    { 9, 17, 166, 1, 11, 20, 16815 }, // U+075A
    { 10, 15, 154, -1, 9, 19, 16835 }, // U+075B
    { 24, 20, 405, 1, 13, 60, 16854 }, // U+075C
    { 15, 24, 242, 1, 17, 45, 16914 }, // U+075D
    { 15, 26, 242, 1, 19, 49, 16959 }, // U+075E
    { 15, 27, 242, 1, 20, 51, 17008 }, // U+075F
    { 19, 17, 339, 1, 12, 41, 17059 }, // U+0760
    { 19, 18, 339, 1, 12, 43, 17100 }, // U+0761
    { 17, 18, 289, 1, 18, 39, 17143 }, // U+0762
    { 17, 18, 289, 1, 18, 39, 17182 }, // U+0763
    { 17, 24, 289, 1, 17, 51, 17221 }, // U+0764
    { 10, 22, 196, 2, 14, 28, 17272 }, // U+0765
    { 10, 17, 196, 2, 9, 22, 17300 }, // U+0766
    { 13, 21, 234, 1, 9, 35, 17322 }, // U+0767
    { 13, 22, 234, 1, 15, 36, 17357 }, // U+0768
    { 13, 22, 234, 1, 15, 36, 17393 }, // U+0769
    { 14, 24, 238, 1, 17, 42, 17429 }, // U+076A
    { 10, 21, 154, -1, 16, 27, 17471 }, // U+076B
    { 9, 19, 154, -1, 14, 22, 17498 }, // U+076C
    { 24, 21, 405, 1, 14, 63, 17520 }, // U+076D
    { 15, 18, 254, 1, 10, 34, 17583 }, // U+076E
    { 15, 18, 254, 1, 10, 34, 17617 }, // U+076F
    { 24, 23, 405, 1, 16, 69, 17651 }, // U+0770
    { 9, 23, 154, -1, 18, 26, 17720 }, // U+0771
    { 15, 23, 254, 1, 16, 44, 17746 }, // U+0772
    { 6, 18, 95, -1, 17, 14, 17790 }, // U+0773
    { 6, 19, 95, -1, 18, 15, 17804 }, // U+0774
    { 14, 17, 247, 1, 10, 30, 17819 }, // U+0775
    { 14, 18, 247, 1, 11, 32, 17849 }, // U+0776
    { 14, 25, 247, 1, 9, 44, 17881 }, // U+0777
    { 12, 19, 187, -1, 13, 29, 17925 }, // U+0778
    { 11, 18, 187, -1, 13, 25, 17954 }, // U+0779
    { 17, 14, 309, 2, 14, 30, 17979 }, // U+077A
    { 18, 14, 309, 1, 14, 32, 18009 }, // U+077B
    { 15, 17, 254, 1, 10, 32, 18041 }, // U+077C
    { 24, 22, 405, 1, 15, 66, 18073 }, // U+077D
    { 24, 20, 405, 1, 13, 60, 18139 }, // U+077E
    { 12, 17, 223, 1, 17, 26, 18199 }, // U+077F
    { 13, 19, 230, 1, 14, 31, 18225 }, // U+1EA1
    { 18, 24, 291, 0, 24, 54, 18256 }, // U+1EA2
    { 12, 20, 230, 1, 20, 30, 18310 }, // U+1EA3
    { 13, 24, 230, 1, 24, 39, 18340 }, // U+1EA5
    { 18, 28, 291, 0, 28, 63, 18379 }, // U+1EA6
    { 12, 24, 230, 1, 24, 36, 18442 }, // U+1EA7
    { 18, 28, 291, 0, 28, 63, 18478 }, // U+1EA8
    { 12, 24, 230, 1, 24, 36, 18541 }, // U+1EA9
    { 12, 23, 230, 1, 23, 35, 18577 }, // U+1EAB
    { 18, 30, 291, 0, 25, 68, 18612 }, // U+1EAC
    { 13, 25, 230, 1, 20, 41, 18680 }, // U+1EAD
    { 18, 28, 291, 0, 28, 63, 18721 }, // U+1EAE
    { 12, 24, 230, 1, 24, 36, 18784 }, // U+1EAF
    { 12, 24, 230, 1, 24, 36, 18820 }, // U+1EB1
    { 12, 23, 230, 1, 23, 35, 18856 }, // U+1EB5
    { 12, 24, 230, 1, 19, 36, 18891 }, // U+1EB7
    { 13, 19, 237, 1, 14, 31, 18927 }, // U+1EB9
    { 13, 20, 237, 1, 20, 33, 18958 }, // U+1EBB
    { 13, 18, 237, 1, 18, 30, 18991 }, // U+1EBD
    { 13, 24, 237, 1, 24, 39, 19021 }, // U+1EBF
    { 12, 28, 242, 2, 28, 42, 19060 }, // U+1EC0
    { 13, 24, 237, 1, 24, 39, 19102 }, // U+1EC1
    { 13, 24, 237, 1, 24, 39, 19141 }, // U+1EC3
    { 13, 25, 237, 1, 20, 41, 19180 }, // U+1EC7
    { 5, 19, 105, 1, 19, 12, 19221 }, // U+1EC9
    { 4, 25, 105, 1, 20, 13, 19233 }, // U+1ECB
    { 17, 23, 307, 1, 18, 49, 19246 }, // U+1ECC
    { 13, 19, 244, 1, 14, 31, 19295 }, // U+1ECD
    { 13, 20, 244, 1, 20, 33, 19326 }, // U+1ECF
    { 17, 28, 307, 1, 28, 60, 19359 }, // U+1ED0
    { 13, 24, 244, 1, 24, 39, 19419 }, // U+1ED1
    { 17, 28, 307, 1, 28, 60, 19458 }, // U+1ED2
    { 13, 24, 244, 1, 24, 39, 19518 }, // U+1ED3
    { 13, 24, 244, 1, 24, 39, 19557 }, // U+1ED5
    { 13, 23, 244, 1, 23, 38, 19596 }, // U+1ED7
    { 17, 30, 307, 1, 25, 64, 19634 }, // U+1ED8
    { 13, 25, 244, 1, 20, 41, 19698 }, // U+1ED9
    { 14, 20, 243, 1, 20, 35, 19739 }, // U+1EDB
    { 14, 20, 243, 1, 20, 35, 19774 }, // U+1EDD
    { 17, 24, 309, 1, 24, 51, 19809 }, // U+1EDE
    { 14, 20, 243, 1, 20, 35, 19860 }, // U+1EDF
    { 14, 18, 243, 1, 18, 32, 19895 }, // U+1EE1
    { 14, 23, 243, 1, 18, 41, 19927 }, // U+1EE3
    { 12, 19, 245, 2, 14, 29, 19968 }, // U+1EE5
    { 15, 24, 294, 2, 24, 45, 19997 }, // U+1EE6
    { 12, 20, 245, 2, 20, 30, 20042 }, // U+1EE7
    { 14, 20, 258, 2, 20, 35, 20072 }, // U+1EE9
    { 14, 20, 258, 2, 20, 35, 20107 }, // U+1EEB
    { 14, 20, 258, 2, 20, 35, 20142 }, // U+1EED
    { 14, 18, 258, 2, 18, 32, 20177 }, // U+1EEF
    { 14, 23, 258, 2, 18, 41, 20209 }, // U+1EF1
    { 1, 18, 0, 0, 17, 3, 20250 }, // U+200C
    { 7, 19, 0, -3, 18, 17, 20253 }, // U+200D
    { 6, 19, 0, 0, 18, 15, 20270 }, // U+200E
    { 6, 19, 0, -5, 18, 15, 20285 }, // U+200F
    { 13, 3, 200, 0, 9, 5, 20300 }, // U+2013
    { 25, 3, 400, 0, 9, 10, 20305 }, // U+2014
    { 5, 7, 118, 2, 18, 5, 20315 }, // U+2018
    { 5, 7, 118, 2, 18, 5, 20320 }, // U+2019
    { 10, 7, 203, 2, 18, 9, 20325 }, // U+201C
    { 10, 7, 201, 2, 18, 9, 20334 }, // U+201D
    { 10, 7, 192, 1, 2, 9, 20343 }, // U+201E
    { 20, 4, 382, 2, 4, 10, 20352 }, // U+2026
    { 8, 23, 101, -1, 23, 23, 20362 }, // U+FB51
    { 20, 14, 327, 1, 7, 35, 20385 }, // U+FB57
    { 8, 17, 137, 0, 10, 17, 20420 }, // U+FB58
    { 10, 13, 144, 0, 6, 17, 20437 }, // U+FB59
    { 17, 17, 266, 1, 9, 37, 20454 }, // U+FB7B
    { 16, 15, 254, 0, 9, 30, 20491 }, // U+FB7C
    { 18, 15, 266, 0, 9, 34, 20521 }, // U+FB7D
    { 12, 21, 162, -1, 15, 32, 20555 }, // U+FB8B
    { 19, 17, 310, 1, 17, 41, 20587 }, // U+FB8F
    { 10, 17, 166, 0, 17, 22, 20628 }, // U+FB90
    { 12, 17, 184, 0, 17, 26, 20650 }, // U+FB91
    { 19, 19, 310, 1, 19, 46, 20676 }, // U+FB93
    { 11, 19, 166, -1, 19, 27, 20722 }, // U+FB94
    { 12, 19, 184, 0, 19, 29, 20749 }, // U+FB95
    { 17, 10, 275, 1, 3, 22, 20778 }, // U+FBFD
    { 8, 15, 137, 0, 10, 15, 20800 }, // U+FBFE
    { 10, 11, 144, 0, 6, 14, 20815 }, // U+FBFF
    { 9, 21, 101, -2, 21, 24, 20829 }, // U+FE82
    { 6, 22, 101, 1, 22, 17, 20853 }, // U+FE84
    { 12, 20, 187, 0, 14, 30, 20870 }, // U+FE86
    { 6, 22, 101, 1, 17, 17, 20900 }, // U+FE88
    { 17, 14, 275, 1, 7, 30, 20917 }, // U+FE8A
    { 6, 15, 110, -1, 15, 12, 20947 }, // U+FE8B
    { 8, 12, 117, 0, 12, 12, 20959 }, // U+FE8C
    { 6, 17, 101, 1, 17, 13, 20971 }, // U+FE8E
    { 20, 13, 327, 1, 7, 33, 20984 }, // U+FE90
    { 6, 16, 110, 0, 10, 12, 21017 }, // U+FE91
    { 8, 12, 117, 0, 6, 12, 21029 }, // U+FE92
    { 10, 15, 181, 2, 15, 19, 21041 }, // U+FE94
    { 20, 12, 327, 1, 12, 30, 21060 }, // U+FE96
    { 8, 15, 110, 0, 15, 15, 21090 }, // U+FE97
    { 10, 11, 144, 0, 11, 14, 21105 }, // U+FE98
    { 20, 13, 327, 1, 13, 33, 21119 }, // U+FE9A
    { 8, 16, 110, 0, 16, 16, 21152 }, // U+FE9B
    { 10, 13, 144, 0, 13, 17, 21168 }, // U+FE9C
    { 17, 17, 266, 1, 9, 37, 21185 }, // U+FE9E
    { 16, 14, 254, 0, 9, 28, 21222 }, // U+FE9F
    { 18, 14, 266, 0, 9, 32, 21250 }, // U+FEA0
    { 17, 17, 266, 1, 9, 37, 21282 }, // U+FEA2
    { 16, 9, 254, 0, 9, 18, 21319 }, // U+FEA3
    { 18, 9, 266, 0, 9, 21, 21337 }, // U+FEA4
    { 17, 22, 266, 1, 14, 47, 21358 }, // U+FEA6
    { 16, 14, 254, 0, 14, 28, 21405 }, // U+FEA7
    { 18, 14, 266, 0, 14, 32, 21433 }, // U+FEA8
    { 11, 11, 190, 1, 11, 16, 21465 }, // U+FEAA
    { 11, 16, 190, 1, 16, 22, 21481 }, // U+FEAC
    { 12, 15, 162, -1, 9, 23, 21503 }, // U+FEAE
    { 12, 20, 162, -1, 14, 30, 21526 }, // U+FEB0
    { 25, 14, 407, 1, 7, 44, 21556 }, // U+FEB2
    { 16, 9, 263, 0, 9, 18, 21600 }, // U+FEB3
    { 17, 7, 265, 0, 7, 15, 21618 }, // U+FEB4
    { 25, 20, 407, 1, 13, 63, 21633 }, // U+FEB6
    { 16, 13, 263, 0, 13, 26, 21696 }, // U+FEB7
    { 17, 13, 265, 0, 13, 28, 21722 }, // U+FEB8
    { 27, 16, 440, 1, 9, 54, 21750 }, // U+FEBA
    { 18, 9, 314, 0, 9, 21, 21804 }, // U+FEBB
    { 20, 9, 311, 0, 9, 23, 21825 }, // U+FEBC
    { 27, 22, 440, 1, 15, 75, 21848 }, // U+FEBE
    { 18, 15, 314, 0, 15, 34, 21923 }, // U+FEBF
    { 20, 15, 311, 0, 15, 38, 21957 }, // U+FEC0
    { 19, 17, 310, 1, 17, 41, 21995 }, // U+FEC2
    { 16, 17, 264, 0, 17, 34, 22036 }, // U+FEC3
    { 17, 17, 252, 0, 17, 37, 22070 }, // U+FEC4
    { 19, 17, 310, 1, 17, 41, 22107 }, // U+FEC6
    { 16, 17, 264, 0, 17, 34, 22148 }, // U+FEC7
    { 17, 17, 252, 0, 17, 37, 22182 }, // U+FEC8
    { 13, 18, 191, 1, 10, 30, 22219 }, // U+FECA
    { 12, 10, 202, 0, 10, 15, 22249 }, // U+FECB
    { 11, 10, 166, 0, 10, 14, 22264 }, // U+FECC
    { 13, 23, 191, 1, 15, 38, 22278 }, // U+FECE
    { 12, 15, 202, 0, 15, 23, 22316 }, // U+FECF
    { 11, 15, 166, 0, 15, 21, 22339 }, // U+FED0
    { 20, 15, 327, 1, 15, 38, 22360 }, // U+FED2
    { 11, 17, 168, -1, 17, 24, 22398 }, // U+FED3
    { 10, 14, 155, 0, 14, 18, 22422 }, // U+FED4
    { 16, 21, 257, 1, 14, 42, 22440 }, // U+FED6
    { 11, 17, 168, -1, 17, 24, 22482 }, // U+FED7
    { 10, 14, 155, 0, 14, 18, 22506 }, // U+FED8
    { 18, 17, 294, 1, 17, 39, 22524 }, // U+FEDA
    { 10, 17, 166, 0, 17, 22, 22563 }, // U+FEDB
    { 12, 17, 184, 0, 17, 26, 22585 }, // U+FEDC
    { 15, 24, 236, 1, 17, 45, 22611 }, // U+FEDE
    { 4, 17, 85, 0, 17, 9, 22656 }, // U+FEDF
    { 7, 17, 98, 0, 17, 15, 22665 }, // U+FEE0
    { 12, 17, 211, 2, 9, 26, 22680 }, // U+FEE2
    { 11, 9, 182, -1, 9, 13, 22706 }, // U+FEE3
    { 11, 9, 165, 0, 9, 13, 22719 }, // U+FEE4
    { 15, 17, 234, 1, 10, 32, 22732 }, // U+FEE6
    { 6, 15, 110, 0, 15, 12, 22764 }, // U+FEE7
    { 8, 12, 117, 0, 12, 12, 22776 }, // U+FEE8
    { 10, 11, 181, 2, 11, 14, 22788 }, // U+FEEA
    { 12, 12, 203, -1, 11, 18, 22802 }, // U+FEEB
    { 10, 17, 152, 0, 11, 22, 22820 }, // U+FEEC
    { 12, 15, 187, 0, 9, 23, 22842 }, // U+FEEE
    { 17, 10, 275, 1, 3, 22, 22865 }, // U+FEF0
    { 17, 14, 275, 1, 3, 30, 22887 }, // U+FEF2
    { 8, 15, 137, 0, 10, 15, 22917 }, // U+FEF3
    { 10, 11, 144, 0, 6, 14, 22932 }, // U+FEF4
    { 14, 18, 207, -3, 18, 32, 22946 }, // U+FEF5
    { 19, 18, 244, -3, 18, 43, 22978 }, // U+FEF6
    { 12, 19, 207, 0, 19, 29, 23021 }, // U+FEF7
    { 16, 19, 244, 1, 19, 38, 23050 }, // U+FEF8
    { 12, 25, 207, 0, 18, 38, 23088 }, // U+FEF9
    { 15, 24, 244, 0, 17, 45, 23126 }, // U+FEFA
    { 11, 18, 207, 0, 18, 25, 23171 }, // U+FEFB
    { 16, 17, 244, 0, 17, 34, 23196 }, // U+FEFC
};

static const EpdUnicodeInterval ui_12_semiboldIntervals[] = {
    { 0x20, 0x7E, 0x0 },
    { 0xA0, 0xA1, 0x5F },
    { 0xAB, 0xAB, 0x61 },
    { 0xB0, 0xB0, 0x62 },
    { 0xB7, 0xB7, 0x63 },
    { 0xBA, 0xBB, 0x64 },
    { 0xBF, 0xC2, 0x66 },
    { 0xC4, 0xC7, 0x6A },
    { 0xC9, 0xCA, 0x6E },
    { 0xCD, 0xCE, 0x70 },
    { 0xD2, 0xD3, 0x72 },
    { 0xD6, 0xD6, 0x74 },
    { 0xD8, 0xDA, 0x75 },
    { 0xDC, 0xDD, 0x78 },
    { 0xDF, 0xEF, 0x7A },
    { 0xF1, 0xF6, 0x8B },
    { 0xF8, 0xFD, 0x91 },
    { 0x103, 0x103, 0x97 },
    { 0x105, 0x105, 0x98 },
    { 0x107, 0x107, 0x99 },
    { 0x10C, 0x111, 0x9A },
    { 0x116, 0x11B, 0xA0 },
    { 0x11E, 0x11F, 0xA6 },
    { 0x129, 0x129, 0xA8 },
    { 0x12E, 0x131, 0xA9 },
    { 0x13A, 0x13A, 0xAD },
    { 0x13D, 0x13E, 0xAE },
    { 0x141, 0x142, 0xB0 },
    { 0x144, 0x144, 0xB2 },
    { 0x148, 0x148, 0xB3 },
    { 0x151, 0x151, 0xB4 },
    { 0x155, 0x155, 0xB5 },
    { 0x158, 0x15B, 0xB6 },
    { 0x15E, 0x161, 0xBA },
    { 0x163, 0x165, 0xBE },
    { 0x16B, 0x16B, 0xC1 },
    { 0x16E, 0x173, 0xC2 },
    { 0x17A, 0x17A, 0xC8 },
    { 0x17C, 0x17E, 0xC9 },
    { 0x1A1, 0x1A1, 0xCC },
    { 0x1B0, 0x1B0, 0xCD },
    { 0x218, 0x21B, 0xCE },
    { 0x404, 0x404, 0xD2 },
    { 0x406, 0x406, 0xD3 },
    { 0x410, 0x429, 0xD4 },
    { 0x42B, 0x42D, 0xEE },
    { 0x42F, 0x44F, 0xF1 },
    { 0x451, 0x451, 0x112 },
    { 0x454, 0x454, 0x113 },
    { 0x456, 0x457, 0x114 },
    { 0x45E, 0x45E, 0x116 },
    { 0x491, 0x493, 0x117 },
    { 0x49A, 0x49B, 0x11A },
    { 0x4A2, 0x4A3, 0x11C },
    { 0x4AE, 0x4B1, 0x11E },
    { 0x4D8, 0x4D9, 0x122 },
    { 0x4E8, 0x4E9, 0x124 },
    { 0x591, 0x5C7, 0x126 },
    { 0x5D0, 0x5EA, 0x15D },
    { 0x5EF, 0x5F4, 0x178 },
    { 0x600, 0x6FF, 0x17E },
    { 0x750, 0x77F, 0x27E },
    { 0x1EA1, 0x1EA3, 0x2AE },
    { 0x1EA5, 0x1EA9, 0x2B1 },
    { 0x1EAB, 0x1EAF, 0x2B6 },
    { 0x1EB1, 0x1EB1, 0x2BB },
    { 0x1EB5, 0x1EB5, 0x2BC },
    { 0x1EB7, 0x1EB7, 0x2BD },
    { 0x1EB9, 0x1EB9, 0x2BE },
    { 0x1EBB, 0x1EBB, 0x2BF },
    { 0x1EBD, 0x1EBD, 0x2C0 },
    { 0x1EBF, 0x1EC1, 0x2C1 },
    { 0x1EC3, 0x1EC3, 0x2C4 },
    { 0x1EC7, 0x1EC7, 0x2C5 },
    { 0x1EC9, 0x1EC9, 0x2C6 },
    { 0x1ECB, 0x1ECD, 0x2C7 },
    { 0x1ECF, 0x1ED3, 0x2CA },
    { 0x1ED5, 0x1ED5, 0x2CF },
    { 0x1ED7, 0x1ED9, 0x2D0 },
    { 0x1EDB, 0x1EDB, 0x2D3 },
    { 0x1EDD, 0x1EDF, 0x2D4 },
    { 0x1EE1, 0x1EE1, 0x2D7 },
    { 0x1EE3, 0x1EE3, 0x2D8 },
    { 0x1EE5, 0x1EE7, 0x2D9 },
    { 0x1EE9, 0x1EE9, 0x2DC },
    { 0x1EEB, 0x1EEB, 0x2DD },
    { 0x1EED, 0x1EED, 0x2DE },
    { 0x1EEF, 0x1EEF, 0x2DF },
    { 0x1EF1, 0x1EF1, 0x2E0 },
    { 0x200C, 0x200F, 0x2E1 },
    { 0x2013, 0x2014, 0x2E5 },
    { 0x2018, 0x2019, 0x2E7 },
    { 0x201C, 0x201E, 0x2E9 },
    { 0x2026, 0x2026, 0x2EC },
    { 0xFB51, 0xFB51, 0x2ED },
    { 0xFB57, 0xFB59, 0x2EE },
    { 0xFB7B, 0xFB7D, 0x2F1 },
    { 0xFB8B, 0xFB8B, 0x2F4 },
    { 0xFB8F, 0xFB91, 0x2F5 },
    { 0xFB93, 0xFB95, 0x2F8 },
    { 0xFBFD, 0xFBFF, 0x2FB },
    { 0xFE82, 0xFE82, 0x2FE },
    { 0xFE84, 0xFE84, 0x2FF },
    { 0xFE86, 0xFE86, 0x300 },
    { 0xFE88, 0xFE88, 0x301 },
    { 0xFE8A, 0xFE8C, 0x302 },
    { 0xFE8E, 0xFE8E, 0x305 },
    { 0xFE90, 0xFE92, 0x306 },
    { 0xFE94, 0xFE94, 0x309 },
    { 0xFE96, 0xFE98, 0x30A },
    { 0xFE9A, 0xFE9C, 0x30D },
    { 0xFE9E, 0xFEA0, 0x310 },
    { 0xFEA2, 0xFEA4, 0x313 },
    { 0xFEA6, 0xFEA8, 0x316 },
    { 0xFEAA, 0xFEAA, 0x319 },
    { 0xFEAC, 0xFEAC, 0x31A },
    { 0xFEAE, 0xFEAE, 0x31B },
    { 0xFEB0, 0xFEB0, 0x31C },
    { 0xFEB2, 0xFEB4, 0x31D },
    { 0xFEB6, 0xFEB8, 0x320 },
    { 0xFEBA, 0xFEBC, 0x323 },
    { 0xFEBE, 0xFEC0, 0x326 },
    { 0xFEC2, 0xFEC4, 0x329 },
    { 0xFEC6, 0xFEC8, 0x32C },
    { 0xFECA, 0xFECC, 0x32F },
    { 0xFECE, 0xFED0, 0x332 },
    { 0xFED2, 0xFED4, 0x335 },
    { 0xFED6, 0xFED8, 0x338 },
    { 0xFEDA, 0xFEDC, 0x33B },
    { 0xFEDE, 0xFEE0, 0x33E },
    { 0xFEE2, 0xFEE4, 0x341 },
    { 0xFEE6, 0xFEE8, 0x344 },
    { 0xFEEA, 0xFEEC, 0x347 },
    { 0xFEEE, 0xFEEE, 0x34A },
    { 0xFEF0, 0xFEF0, 0x34B },
    { 0xFEF2, 0xFEFC, 0x34C },
};

static const EpdKernClassEntry ui_12_semiboldKernLeftClasses[] = {
    { 0x0022, 1 }, // "
    { 0x0024, 2 }, // $
    { 0x0025, 3 }, // %
    { 0x0026, 4 }, // &
    { 0x0027, 1 }, // '
    { 0x0028, 5 }, // (
    { 0x0029, 6 }, // )
    { 0x002A, 7 }, // *
    { 0x002B, 8 }, // +
    { 0x002C, 9 }, // ,
    { 0x002D, 8 }, // -
    { 0x002E, 9 }, // .
    { 0x002F, 10 }, // /
    { 0x0030, 11 }, // 0
    { 0x0031, 12 }, // 1
    { 0x0032, 13 }, // 2
    { 0x0033, 14 }, // 3
    { 0x0034, 15 }, // 4
    { 0x0035, 16 }, // 5
    { 0x0036, 17 }, // 6
    { 0x0037, 18 }, // 7
    { 0x0038, 14 }, // 8
    { 0x0039, 11 }, // 9
    { 0x003A, 19 }, // :
    { 0x003B, 19 }, // ;
    { 0x003D, 20 }, // =
    { 0x003E, 21 }, // >
    { 0x003F, 22 }, // ?
    { 0x0040, 23 }, // @
    { 0x0041, 24 }, // A
    { 0x0042, 25 }, // B
    { 0x0043, 26 }, // C
    { 0x0044, 23 }, // D
    { 0x0045, 27 }, // E
    { 0x0046, 28 }, // F
    { 0x0047, 29 }, // G
    { 0x0048, 12 }, // H
    { 0x0049, 12 }, // I
    { 0x004A, 30 }, // J
    { 0x004B, 31 }, // K
    { 0x004C, 32 }, // L
    { 0x004D, 12 }, // M
    { 0x004E, 12 }, // N
    { 0x004F, 23 }, // O
    { 0x0050, 33 }, // P
    { 0x0051, 23 }, // Q
    { 0x0052, 34 }, // R
    { 0x0053, 2 }, // S
    { 0x0054, 35 }, // T
    { 0x0055, 30 }, // U
    { 0x0056, 36 }, // V
    { 0x0057, 37 }, // W
    { 0x0058, 38 }, // X
    { 0x0059, 39 }, // Y
    { 0x005A, 40 }, // Z
    { 0x005B, 5 }, // [
    { 0x005C, 41 }, // <backslash>
    { 0x005D, 6 }, // ]
    { 0x005E, 7 }, // ^
    { 0x005F, 42 }, // _
    { 0x0061, 43 }, // a
    { 0x0062, 44 }, // b
    { 0x0063, 44 }, // c
    { 0x0064, 12 }, // d
    { 0x0065, 44 }, // e
    { 0x0066, 45 }, // f
    { 0x0067, 46 }, // g
    { 0x0068, 43 }, // h
    { 0x0069, 47 }, // i
    { 0x006A, 47 }, // j
    { 0x006B, 48 }, // k
    { 0x006C, 12 }, // l
    { 0x006D, 43 }, // m
    { 0x006E, 43 }, // n
    { 0x006F, 44 }, // o
    { 0x0070, 44 }, // p
    { 0x0071, 46 }, // q
    { 0x0072, 49 }, // r
    { 0x0073, 50 }, // s
    { 0x0074, 51 }, // t
    { 0x0075, 52 }, // u
    { 0x0076, 53 }, // v
    { 0x0077, 54 }, // w
    { 0x0078, 55 }, // x
    { 0x0079, 53 }, // y
    { 0x007A, 56 }, // z
    { 0x007B, 5 }, // {
    { 0x007C, 12 }, // |
    { 0x007D, 6 }, // }
    { 0x007E, 57 }, // ~
    { 0x00A1, 58 }, // U+00A1
    { 0x00AB, 59 }, // U+00AB
    { 0x00B0, 7 }, // U+00B0
    { 0x00B7, 60 }, // U+00B7
    { 0x00BA, 61 }, // U+00BA
    { 0x00BB, 62 }, // U+00BB
    { 0x00BF, 63 }, // U+00BF
    { 0x00C0, 24 }, // U+00C0
    { 0x00C1, 24 }, // U+00C1
    { 0x00C2, 24 }, // U+00C2
    { 0x00C4, 24 }, // U+00C4
    { 0x00C5, 24 }, // U+00C5
    { 0x00C6, 27 }, // U+00C6
    { 0x00C7, 26 }, // U+00C7
    { 0x00C9, 27 }, // U+00C9
    { 0x00CA, 27 }, // U+00CA
    { 0x00CD, 12 }, // U+00CD
    { 0x00CE, 64 }, // U+00CE
    { 0x00D2, 23 }, // U+00D2
    { 0x00D3, 23 }, // U+00D3
    { 0x00D6, 23 }, // U+00D6
    { 0x00D8, 23 }, // U+00D8
    { 0x00D9, 30 }, // U+00D9
    { 0x00DA, 30 }, // U+00DA
    { 0x00DC, 30 }, // U+00DC
    { 0x00DD, 39 }, // U+00DD
    { 0x00DF, 65 }, // U+00DF
    { 0x00E0, 43 }, // U+00E0
    { 0x00E1, 43 }, // U+00E1
    { 0x00E2, 43 }, // U+00E2
    { 0x00E3, 43 }, // U+00E3
    { 0x00E4, 43 }, // U+00E4
    { 0x00E5, 43 }, // U+00E5
    { 0x00E6, 66 }, // U+00E6
    { 0x00E7, 44 }, // U+00E7
    { 0x00E8, 44 }, // U+00E8
    { 0x00E9, 44 }, // U+00E9
    { 0x00EA, 44 }, // U+00EA
    { 0x00EB, 44 }, // U+00EB
    { 0x00EC, 47 }, // U+00EC
    { 0x00ED, 47 }, // U+00ED
    { 0x00EE, 67 }, // U+00EE
    { 0x00EF, 68 }, // U+00EF
    { 0x00F1, 69 }, // U+00F1
    { 0x00F2, 44 }, // U+00F2
    { 0x00F3, 44 }, // U+00F3
    { 0x00F4, 44 }, // U+00F4
    { 0x00F5, 70 }, // U+00F5
    { 0x00F6, 70 }, // U+00F6
    { 0x00F8, 44 }, // U+00F8
    { 0x00F9, 52 }, // U+00F9
    { 0x00FA, 52 }, // U+00FA
    { 0x00FB, 52 }, // U+00FB
    { 0x00FC, 52 }, // U+00FC
    { 0x00FD, 53 }, // U+00FD
    { 0x0103, 43 }, // U+0103
    { 0x0105, 43 }, // U+0105
    { 0x0107, 44 }, // U+0107
    { 0x010C, 26 }, // U+010C
    { 0x010D, 44 }, // U+010D
    { 0x010E, 23 }, // U+010E
    { 0x010F, 71 }, // U+010F
    { 0x0111, 72 }, // U+0111
    { 0x0116, 27 }, // U+0116
    { 0x0117, 44 }, // U+0117
    { 0x0118, 27 }, // U+0118
    { 0x0119, 44 }, // U+0119
    { 0x011A, 27 }, // U+011A
    { 0x011B, 44 }, // U+011B
    { 0x011E, 29 }, // U+011E
    { 0x011F, 46 }, // U+011F
    { 0x0129, 73 }, // U+0129
    { 0x012E, 12 }, // U+012E
    { 0x012F, 47 }, // U+012F
    { 0x0130, 12 }, // U+0130
    { 0x0131, 47 }, // U+0131
    { 0x013A, 12 }, // U+013A
    { 0x013D, 74 }, // U+013D
    { 0x013E, 12 }, // U+013E
    { 0x0141, 75 }, // U+0141
    { 0x0142, 76 }, // U+0142
    { 0x0144, 43 }, // U+0144
    { 0x0148, 43 }, // U+0148
    { 0x0151, 44 }, // U+0151
    { 0x0155, 49 }, // U+0155
    { 0x0158, 34 }, // U+0158
    { 0x0159, 49 }, // U+0159
    { 0x015A, 2 }, // U+015A
    { 0x015B, 50 }, // U+015B
    { 0x015E, 2 }, // U+015E
    { 0x015F, 50 }, // U+015F
    { 0x0160, 2 }, // U+0160
    { 0x0161, 50 }, // U+0161
    { 0x0163, 51 }, // U+0163
    { 0x0164, 77 }, // U+0164
    { 0x0165, 51 }, // U+0165
    { 0x016B, 52 }, // U+016B
    { 0x016E, 30 }, // U+016E
    { 0x016F, 52 }, // U+016F
    { 0x0170, 30 }, // U+0170
    { 0x0171, 52 }, // U+0171
    { 0x0172, 30 }, // U+0172
    { 0x0173, 52 }, // U+0173
    { 0x017A, 56 }, // U+017A
    { 0x017C, 56 }, // U+017C
    { 0x017D, 40 }, // U+017D
    { 0x017E, 56 }, // U+017E
    { 0x01A1, 78 }, // U+01A1
    { 0x01B0, 79 }, // U+01B0
    { 0x0218, 2 }, // U+0218
    { 0x0219, 50 }, // U+0219
    { 0x021A, 35 }, // U+021A
    { 0x021B, 51 }, // U+021B
    { 0x0404, 80 }, // U+0404
    { 0x0406, 12 }, // U+0406
    { 0x0410, 24 }, // U+0410
    { 0x0411, 25 }, // U+0411
    { 0x0412, 25 }, // U+0412
    { 0x0413, 35 }, // U+0413
    { 0x0414, 81 }, // U+0414
    { 0x0415, 27 }, // U+0415
    { 0x0416, 82 }, // U+0416
    { 0x0417, 14 }, // U+0417
    { 0x0418, 12 }, // U+0418
    { 0x0419, 12 }, // U+0419
    { 0x041A, 31 }, // U+041A
    { 0x041B, 12 }, // U+041B
    { 0x041C, 12 }, // U+041C
    { 0x041D, 12 }, // U+041D
    { 0x041E, 23 }, // U+041E
    { 0x041F, 12 }, // U+041F
    { 0x0420, 33 }, // U+0420
    { 0x0421, 26 }, // U+0421
    { 0x0422, 35 }, // U+0422
    { 0x0423, 39 }, // U+0423
    { 0x0424, 83 }, // U+0424
    { 0x0425, 38 }, // U+0425
    { 0x0426, 81 }, // U+0426
    { 0x0427, 12 }, // U+0427
    { 0x0428, 12 }, // U+0428
    { 0x0429, 81 }, // U+0429
    { 0x042B, 12 }, // U+042B
    { 0x042C, 44 }, // U+042C
    { 0x042D, 23 }, // U+042D
    { 0x0430, 43 }, // U+0430
    { 0x0432, 50 }, // U+0432
    { 0x0433, 49 }, // U+0433
    { 0x0434, 84 }, // U+0434
    { 0x0435, 44 }, // U+0435
    { 0x0436, 55 }, // U+0436
    { 0x0437, 43 }, // U+0437
    { 0x0438, 43 }, // U+0438
    { 0x0439, 43 }, // U+0439
    { 0x043A, 48 }, // U+043A
    { 0x043B, 43 }, // U+043B
    { 0x043C, 43 }, // U+043C
    { 0x043D, 43 }, // U+043D
    { 0x043E, 44 }, // U+043E
    { 0x043F, 43 }, // U+043F
    { 0x0440, 44 }, // U+0440
    { 0x0441, 44 }, // U+0441
    { 0x0442, 85 }, // U+0442
    { 0x0443, 53 }, // U+0443
    { 0x0444, 44 }, // U+0444
    { 0x0445, 55 }, // U+0445
    { 0x0446, 84 }, // U+0446
    { 0x0447, 43 }, // U+0447
    { 0x0448, 43 }, // U+0448
    { 0x0449, 84 }, // U+0449
    { 0x044A, 86 }, // U+044A
    { 0x044B, 47 }, // U+044B
    { 0x044C, 86 }, // U+044C
    { 0x044D, 44 }, // U+044D
    { 0x044E, 44 }, // U+044E
    { 0x044F, 43 }, // U+044F
    { 0x0451, 44 }, // U+0451
    { 0x0454, 44 }, // U+0454
    { 0x0456, 47 }, // U+0456
    { 0x0457, 68 }, // U+0457
    { 0x045E, 53 }, // U+045E
    { 0x0491, 49 }, // U+0491
    { 0x0492, 35 }, // U+0492
    { 0x0493, 49 }, // U+0493
    { 0x049A, 31 }, // U+049A
    { 0x049B, 48 }, // U+049B
    { 0x04A2, 51 }, // U+04A2
    { 0x04A3, 51 }, // U+04A3
    { 0x04AE, 39 }, // U+04AE
    { 0x04AF, 53 }, // U+04AF
    { 0x04B0, 87 }, // U+04B0
    { 0x04B1, 53 }, // U+04B1
    { 0x04D9, 44 }, // U+04D9
    { 0x04E8, 23 }, // U+04E8
    { 0x04E9, 44 }, // U+04E9
    { 0x05D0, 88 }, // U+05D0
    { 0x05D1, 89 }, // U+05D1
    { 0x05D2, 90 }, // U+05D2
    { 0x05D3, 91 }, // U+05D3
    { 0x05D5, 92 }, // U+05D5
    { 0x05D6, 93 }, // U+05D6
    { 0x05D8, 94 }, // U+05D8
    { 0x05D9, 95 }, // U+05D9
    { 0x05DB, 96 }, // U+05DB
    { 0x05DC, 97 }, // U+05DC
    { 0x05DE, 98 }, // U+05DE
    { 0x05E0, 99 }, // U+05E0
    { 0x05E1, 100 }, // U+05E1
    { 0x05E2, 101 }, // U+05E2
    { 0x05E4, 102 }, // U+05E4
    { 0x05E6, 103 }, // U+05E6
    { 0x05E8, 104 }, // U+05E8
    { 0x05E9, 105 }, // U+05E9
    { 0x05EA, 106 }, // U+05EA
    { 0x1EA1, 43 }, // U+1EA1
    { 0x1EA2, 24 }, // U+1EA2
    { 0x1EA3, 43 }, // U+1EA3
    { 0x1EA5, 43 }, // U+1EA5
    { 0x1EA6, 24 }, // U+1EA6
    { 0x1EA7, 43 }, // U+1EA7
    { 0x1EA8, 24 }, // U+1EA8
    { 0x1EA9, 43 }, // U+1EA9
    { 0x1EAB, 43 }, // U+1EAB
    { 0x1EAC, 24 }, // U+1EAC
    { 0x1EAD, 43 }, // U+1EAD
    { 0x1EAE, 24 }, // U+1EAE
    { 0x1EAF, 43 }, // U+1EAF
    { 0x1EB1, 43 }, // U+1EB1
    { 0x1EB5, 43 }, // U+1EB5
    { 0x1EB7, 43 }, // U+1EB7
    { 0x1EB9, 44 }, // U+1EB9
    { 0x1EBB, 44 }, // U+1EBB
    { 0x1EBD, 44 }, // U+1EBD
    { 0x1EBF, 44 }, // U+1EBF
    { 0x1EC0, 27 }, // U+1EC0
    { 0x1EC1, 44 }, // U+1EC1
    { 0x1EC3, 44 }, // U+1EC3
    { 0x1EC7, 44 }, // U+1EC7
    { 0x1EC9, 107 }, // U+1EC9
    { 0x1ECB, 47 }, // U+1ECB
    { 0x1ECC, 23 }, // U+1ECC
    { 0x1ECD, 44 }, // U+1ECD
    { 0x1ECF, 44 }, // U+1ECF
    { 0x1ED0, 23 }, // U+1ED0
    { 0x1ED1, 44 }, // U+1ED1
    { 0x1ED2, 23 }, // U+1ED2
    { 0x1ED3, 44 }, // U+1ED3
    { 0x1ED5, 44 }, // U+1ED5
    { 0x1ED7, 44 }, // U+1ED7
    { 0x1ED8, 23 }, // U+1ED8
    { 0x1ED9, 44 }, // U+1ED9
    { 0x1EDB, 44 }, // U+1EDB
    { 0x1EDD, 44 }, // U+1EDD
    { 0x1EDE, 23 }, // U+1EDE
    { 0x1EDF, 44 }, // U+1EDF
    { 0x1EE1, 44 }, // U+1EE1
    { 0x1EE3, 44 }, // U+1EE3
    { 0x1EE5, 52 }, // U+1EE5
    { 0x1EE6, 30 }, // U+1EE6
    { 0x1EE7, 52 }, // U+1EE7
    { 0x1EE9, 52 }, // U+1EE9
    { 0x1EEB, 52 }, // U+1EEB
    { 0x1EED, 79 }, // U+1EED
    { 0x1EEF, 52 }, // U+1EEF
    { 0x1EF1, 52 }, // U+1EF1
    { 0x2018, 108 }, // U+2018
    { 0x2019, 109 }, // U+2019
    { 0x201C, 108 }, // U+201C
    { 0x201D, 109 }, // U+201D
    { 0x201E, 110 }, // U+201E
    { 0x2026, 9 }, // U+2026
};

static const EpdKernClassEntry ui_12_semiboldKernRightClasses[] = {
    { 0x0020, 1 }, // U+0020
    { 0x0021, 2 }, // !
    { 0x0022, 3 }, // "
    { 0x0023, 4 }, // #
    { 0x0024, 5 }, // $
    { 0x0026, 6 }, // &
    { 0x0027, 3 }, // '
    { 0x0028, 7 }, // (
    { 0x0029, 8 }, // )
    { 0x002A, 9 }, // *
    { 0x002B, 10 }, // +
    { 0x002C, 11 }, // ,
    { 0x002D, 12 }, // -
    { 0x002E, 13 }, // .
    { 0x002F, 14 }, // /
    { 0x0030, 15 }, // 0
    { 0x0031, 16 }, // 1
    { 0x0032, 17 }, // 2
    { 0x0033, 18 }, // 3
    { 0x0034, 19 }, // 4
    { 0x0035, 20 }, // 5
    { 0x0036, 15 }, // 6
    { 0x0037, 21 }, // 7
    { 0x0038, 22 }, // 8
    { 0x0039, 20 }, // 9
    { 0x003A, 23 }, // :
    { 0x003B, 23 }, // ;
    { 0x003C, 24 }, // <
    { 0x003D, 25 }, // =
    { 0x003F, 26 }, // ?
    { 0x0040, 27 }, // @
    { 0x0041, 28 }, // A
    { 0x0042, 29 }, // B
    { 0x0043, 30 }, // C
    { 0x0044, 29 }, // D
    { 0x0045, 29 }, // E
    { 0x0046, 29 }, // F
    { 0x0047, 30 }, // G
    { 0x0048, 29 }, // H
    { 0x0049, 29 }, // I
    { 0x004A, 31 }, // J
    { 0x004B, 29 }, // K
    { 0x004C, 29 }, // L
    { 0x004D, 29 }, // M
    { 0x004E, 29 }, // N
    { 0x004F, 30 }, // O
    { 0x0050, 29 }, // P
    { 0x0051, 30 }, // Q
    { 0x0052, 29 }, // R
    { 0x0053, 5 }, // S
    { 0x0054, 32 }, // T
    { 0x0055, 33 }, // U
    { 0x0056, 34 }, // V
    { 0x0057, 35 }, // W
    { 0x0058, 36 }, // X
    { 0x0059, 37 }, // Y
    { 0x005A, 38 }, // Z
    { 0x005B, 7 }, // [
    { 0x005C, 34 }, // <backslash>
    { 0x005D, 8 }, // ]
    { 0x005E, 39 }, // ^
    { 0x005F, 40 }, // _
    { 0x0061, 41 }, // a
    { 0x0062, 29 }, // b
    { 0x0063, 42 }, // c
    { 0x0064, 42 }, // d
    { 0x0065, 42 }, // e
    { 0x0066, 43 }, // f
    { 0x0067, 42 }, // g
    { 0x0068, 29 }, // h
    { 0x0069, 44 }, // i
    { 0x006A, 45 }, // j
    { 0x006B, 29 }, // k
    { 0x006C, 29 }, // l
    { 0x006D, 46 }, // m
    { 0x006E, 46 }, // n
    { 0x006F, 42 }, // o
    { 0x0070, 46 }, // p
    { 0x0071, 42 }, // q
    { 0x0072, 46 }, // r
    { 0x0073, 47 }, // s
    { 0x0074, 48 }, // t
    { 0x0075, 49 }, // u
    { 0x0076, 50 }, // v
    { 0x0077, 51 }, // w
    { 0x0078, 52 }, // x
    { 0x0079, 50 }, // y
    { 0x007A, 53 }, // z
    { 0x007B, 7 }, // {
    { 0x007C, 29 }, // |
    { 0x007D, 8 }, // }
    { 0x007E, 54 }, // ~
    { 0x00AB, 55 }, // U+00AB
    { 0x00B0, 56 }, // U+00B0
    { 0x00B7, 57 }, // U+00B7
    { 0x00BA, 58 }, // U+00BA
    { 0x00BB, 59 }, // U+00BB
    { 0x00BF, 60 }, // U+00BF
    { 0x00C0, 28 }, // U+00C0
    { 0x00C1, 28 }, // U+00C1
    { 0x00C2, 28 }, // U+00C2
    { 0x00C4, 28 }, // U+00C4
    { 0x00C5, 28 }, // U+00C5
    { 0x00C6, 28 }, // U+00C6
    { 0x00C7, 30 }, // U+00C7
    { 0x00C9, 29 }, // U+00C9
    { 0x00CA, 29 }, // U+00CA
    { 0x00CD, 29 }, // U+00CD
    { 0x00CE, 61 }, // U+00CE
    { 0x00D2, 30 }, // U+00D2
    { 0x00D3, 30 }, // U+00D3
    { 0x00D6, 30 }, // U+00D6
    { 0x00D8, 30 }, // U+00D8
    { 0x00D9, 33 }, // U+00D9
    { 0x00DA, 33 }, // U+00DA
    { 0x00DC, 33 }, // U+00DC
    { 0x00DD, 37 }, // U+00DD
    { 0x00DF, 29 }, // U+00DF
    { 0x00E0, 41 }, // U+00E0
    { 0x00E1, 41 }, // U+00E1
    { 0x00E2, 41 }, // U+00E2
    { 0x00E3, 62 }, // U+00E3
    { 0x00E4, 63 }, // U+00E4
    { 0x00E5, 41 }, // U+00E5
    { 0x00E6, 41 }, // U+00E6
    { 0x00E7, 42 }, // U+00E7
    { 0x00E8, 42 }, // U+00E8
    { 0x00E9, 42 }, // U+00E9
    { 0x00EA, 42 }, // U+00EA
    { 0x00EB, 64 }, // U+00EB
    { 0x00EC, 65 }, // U+00EC
    { 0x00ED, 66 }, // U+00ED
    { 0x00EE, 67 }, // U+00EE
    { 0x00EF, 68 }, // U+00EF
    { 0x00F1, 46 }, // U+00F1
    { 0x00F2, 42 }, // U+00F2
    { 0x00F3, 42 }, // U+00F3
    { 0x00F4, 42 }, // U+00F4
    { 0x00F5, 69 }, // U+00F5
    { 0x00F6, 64 }, // U+00F6
    { 0x00F8, 42 }, // U+00F8
    { 0x00F9, 49 }, // U+00F9
    { 0x00FA, 49 }, // U+00FA
    { 0x00FB, 49 }, // U+00FB
    { 0x00FC, 70 }, // U+00FC
    { 0x00FD, 50 }, // U+00FD
    { 0x0103, 41 }, // U+0103
    { 0x0105, 41 }, // U+0105
    { 0x0107, 42 }, // U+0107
    { 0x010C, 30 }, // U+010C
    { 0x010D, 42 }, // U+010D
    { 0x010E, 29 }, // U+010E
    { 0x010F, 42 }, // U+010F
    { 0x0110, 71 }, // U+0110
    { 0x0111, 42 }, // U+0111
    { 0x0116, 29 }, // U+0116
    { 0x0117, 42 }, // U+0117
    { 0x0118, 29 }, // U+0118
    { 0x0119, 42 }, // U+0119
    { 0x011A, 29 }, // U+011A
    { 0x011B, 42 }, // U+011B
    { 0x011E, 30 }, // U+011E
    { 0x011F, 42 }, // U+011F
    { 0x0129, 72 }, // U+0129
    { 0x012E, 29 }, // U+012E
    { 0x012F, 44 }, // U+012F
    { 0x0130, 29 }, // U+0130
    { 0x0131, 44 }, // U+0131
    { 0x013A, 29 }, // U+013A
    { 0x013D, 29 }, // U+013D
    { 0x013E, 29 }, // U+013E
    { 0x0141, 29 }, // U+0141
    { 0x0142, 29 }, // U+0142
    { 0x0144, 46 }, // U+0144
    { 0x0148, 46 }, // U+0148
    { 0x0151, 42 }, // U+0151
    { 0x0155, 46 }, // U+0155
    { 0x0158, 29 }, // U+0158
    { 0x0159, 46 }, // U+0159
    { 0x015A, 5 }, // U+015A
    { 0x015B, 47 }, // U+015B
    { 0x015E, 5 }, // U+015E
    { 0x015F, 47 }, // U+015F
    { 0x0160, 5 }, // U+0160
    { 0x0161, 47 }, // U+0161
    { 0x0163, 48 }, // U+0163
    { 0x0164, 73 }, // U+0164
    { 0x0165, 48 }, // U+0165
    { 0x016B, 49 }, // U+016B
    { 0x016E, 33 }, // U+016E
    { 0x016F, 49 }, // U+016F
    { 0x0170, 33 }, // U+0170
    { 0x0171, 49 }, // U+0171
    { 0x0172, 33 }, // U+0172
    { 0x0173, 49 }, // U+0173
    { 0x017A, 53 }, // U+017A
    { 0x017C, 53 }, // U+017C
    { 0x017D, 38 }, // U+017D
    { 0x017E, 53 }, // U+017E
    { 0x01A1, 42 }, // U+01A1
    { 0x01B0, 49 }, // U+01B0
    { 0x0218, 5 }, // U+0218
    { 0x0219, 47 }, // U+0219
    { 0x021A, 32 }, // U+021A
    { 0x021B, 48 }, // U+021B
    { 0x0404, 30 }, // U+0404
    { 0x0406, 29 }, // U+0406
    { 0x0410, 28 }, // U+0410
    { 0x0411, 29 }, // U+0411
    { 0x0412, 29 }, // U+0412
    { 0x0413, 29 }, // U+0413
    { 0x0414, 74 }, // U+0414
    { 0x0415, 29 }, // U+0415
    { 0x0416, 75 }, // U+0416
    { 0x0417, 76 }, // U+0417
    { 0x0418, 77 }, // U+0418
    { 0x0419, 29 }, // U+0419
    { 0x041A, 29 }, // U+041A
    { 0x041B, 78 }, // U+041B
    { 0x041C, 29 }, // U+041C
    { 0x041D, 29 }, // U+041D
    { 0x041E, 30 }, // U+041E
    { 0x041F, 29 }, // U+041F
    { 0x0420, 29 }, // U+0420
    { 0x0421, 30 }, // U+0421
    { 0x0422, 32 }, // U+0422
    { 0x0423, 34 }, // U+0423
    { 0x0424, 79 }, // U+0424
    { 0x0425, 36 }, // U+0425
    { 0x0426, 29 }, // U+0426
    { 0x0427, 80 }, // U+0427
    { 0x0428, 29 }, // U+0428
    { 0x0429, 29 }, // U+0429
    { 0x042B, 29 }, // U+042B
    { 0x042C, 29 }, // U+042C
    { 0x042D, 30 }, // U+042D
    { 0x0430, 41 }, // U+0430
    { 0x0431, 15 }, // U+0431
    { 0x0432, 46 }, // U+0432
    { 0x0433, 46 }, // U+0433
    { 0x0434, 81 }, // U+0434
    { 0x0435, 42 }, // U+0435
    { 0x0436, 52 }, // U+0436
    { 0x0437, 42 }, // U+0437
    { 0x0438, 46 }, // U+0438
    { 0x0439, 46 }, // U+0439
    { 0x043A, 46 }, // U+043A
    { 0x043B, 82 }, // U+043B
    { 0x043C, 46 }, // U+043C
    { 0x043D, 46 }, // U+043D
    { 0x043E, 42 }, // U+043E
    { 0x043F, 46 }, // U+043F
    { 0x0440, 46 }, // U+0440
    { 0x0441, 42 }, // U+0441
    { 0x0442, 83 }, // U+0442
    { 0x0443, 50 }, // U+0443
    { 0x0444, 42 }, // U+0444
    { 0x0445, 52 }, // U+0445
    { 0x0446, 46 }, // U+0446
    { 0x0447, 84 }, // U+0447
    { 0x0448, 46 }, // U+0448
    { 0x0449, 46 }, // U+0449
    { 0x044A, 85 }, // U+044A
    { 0x044B, 44 }, // U+044B
    { 0x044C, 46 }, // U+044C
    { 0x044D, 42 }, // U+044D
    { 0x044E, 46 }, // U+044E
    { 0x044F, 86 }, // U+044F
    { 0x0451, 42 }, // U+0451
    { 0x0454, 42 }, // U+0454
    { 0x0456, 44 }, // U+0456
    { 0x0457, 68 }, // U+0457
    { 0x045E, 50 }, // U+045E
    { 0x0491, 46 }, // U+0491
    { 0x0493, 48 }, // U+0493
    { 0x049A, 29 }, // U+049A
    { 0x049B, 46 }, // U+049B
    { 0x04A2, 29 }, // U+04A2
    { 0x04A3, 46 }, // U+04A3
    { 0x04AE, 37 }, // U+04AE
    { 0x04AF, 50 }, // U+04AF
    { 0x04B0, 87 }, // U+04B0
    { 0x04B1, 50 }, // U+04B1
    { 0x04D9, 42 }, // U+04D9
    { 0x04E8, 30 }, // U+04E8
    { 0x04E9, 42 }, // U+04E9
    { 0x05D0, 88 }, // U+05D0
    { 0x05D1, 89 }, // U+05D1
    { 0x05D2, 90 }, // U+05D2
    { 0x05D3, 91 }, // U+05D3
    { 0x05D4, 92 }, // U+05D4
    { 0x05D6, 93 }, // U+05D6
    { 0x05D7, 94 }, // U+05D7
    { 0x05D8, 95 }, // U+05D8
    { 0x05D9, 96 }, // U+05D9
    { 0x05DA, 97 }, // U+05DA
    { 0x05DB, 98 }, // U+05DB
    { 0x05DC, 99 }, // U+05DC
    { 0x05DD, 100 }, // U+05DD
    { 0x05DE, 101 }, // U+05DE
    { 0x05E1, 102 }, // U+05E1
    { 0x05E2, 103 }, // U+05E2
    { 0x05E3, 104 }, // U+05E3
    { 0x05E4, 105 }, // U+05E4
    { 0x05E5, 106 }, // U+05E5
    { 0x05E7, 107 }, // U+05E7
    { 0x05E8, 108 }, // U+05E8
    { 0x05E9, 109 }, // U+05E9
    { 0x05EA, 110 }, // U+05EA
    { 0x1EA1, 41 }, // U+1EA1
    { 0x1EA2, 28 }, // U+1EA2
    { 0x1EA3, 41 }, // U+1EA3
    { 0x1EA5, 41 }, // U+1EA5
    { 0x1EA6, 28 }, // U+1EA6
    { 0x1EA7, 41 }, // U+1EA7
    { 0x1EA8, 28 }, // U+1EA8
    { 0x1EA9, 41 }, // U+1EA9
    { 0x1EAB, 41 }, // U+1EAB
    { 0x1EAC, 28 }, // U+1EAC
    { 0x1EAD, 41 }, // U+1EAD
    { 0x1EAE, 28 }, // U+1EAE
    { 0x1EAF, 41 }, // U+1EAF
    { 0x1EB1, 41 }, // U+1EB1
    { 0x1EB5, 41 }, // U+1EB5
    { 0x1EB7, 41 }, // U+1EB7
    { 0x1EB9, 42 }, // U+1EB9
    { 0x1EBB, 42 }, // U+1EBB
    { 0x1EBD, 42 }, // U+1EBD
    { 0x1EBF, 42 }, // U+1EBF
    { 0x1EC0, 29 }, // U+1EC0
    { 0x1EC1, 42 }, // U+1EC1
    { 0x1EC3, 42 }, // U+1EC3
    { 0x1EC7, 42 }, // U+1EC7
    { 0x1EC9, 44 }, // U+1EC9
    { 0x1ECB, 44 }, // U+1ECB
    { 0x1ECC, 30 }, // U+1ECC
    { 0x1ECD, 42 }, // U+1ECD
    { 0x1ECF, 42 }, // U+1ECF
    { 0x1ED0, 30 }, // U+1ED0
    { 0x1ED1, 42 }, // U+1ED1
    { 0x1ED2, 30 }, // U+1ED2
    { 0x1ED3, 42 }, // U+1ED3
    { 0x1ED5, 42 }, // U+1ED5
    { 0x1ED7, 42 }, // U+1ED7
    { 0x1ED8, 30 }, // U+1ED8
    { 0x1ED9, 42 }, // U+1ED9
    { 0x1EDB, 42 }, // U+1EDB
    { 0x1EDD, 42 }, // U+1EDD
    { 0x1EDE, 30 }, // U+1EDE
    { 0x1EDF, 42 }, // U+1EDF
    { 0x1EE1, 42 }, // U+1EE1
    { 0x1EE3, 42 }, // U+1EE3
    { 0x1EE5, 49 }, // U+1EE5
    { 0x1EE6, 33 }, // U+1EE6
    { 0x1EE7, 49 }, // U+1EE7
    { 0x1EE9, 49 }, // U+1EE9
    { 0x1EEB, 49 }, // U+1EEB
    { 0x1EED, 49 }, // U+1EED
    { 0x1EEF, 49 }, // U+1EEF
    { 0x1EF1, 49 }, // U+1EF1
    { 0x2018, 111 }, // U+2018
    { 0x2019, 112 }, // U+2019
    { 0x201C, 111 }, // U+201C
    { 0x201D, 112 }, // U+201D
    { 0x201E, 113 }, // U+201E
    { 0x2026, 114 }, // U+2026
};

static const int8_t ui_12_semiboldKernMatrix[] = {
       0,    0,    0,    0,    0,  -13,    0,    0,    0,    0,  -35,    0,  -35,    0,    0,    0,    0,    0,  -25,    0,    0,    0,    0,    0,    0,    0,    0,  -32,    0,    0,  -66,    0,    0,    0,    0,    0,    0,    0,    0,    0,    0,   -7,    0,    0,    0,    0,   -2,    0,    0,    0,    0,    0,    0,    0,    0,    0,    0,    0,    0,    0,    0,    0,    0,   -7,    0,    0,    0,    0,   -7,    0,    0,    0,    0,  -18,    0,    0,    0,  -18,    0,    0,    0,    0,    0,    0,    0,   -2,    0,    0,    0,    0,    0,    0,    0,    0,    0,    0,    0,    0,    0,    0,    0,    0,    0,    0,    0,    0,    0,    0,    0,    0,    0,    0,    0,  -35,
       0,    0,    0,    0,    0,    0,    0,    0,    0,    0,    0,    0,    0,    0,    0,    0,    0,    0,    0,    0,    0,    0,    0,    0,    0,    0,    0,   -4,    0,    0,    0,   -3,    0,    0,    0,   -5,    0,    0,    0,    0,    0,    0,    0,    0,    0,    0,    0,    0,    0,    0,    0,    0,    0,    0,    0,    0,    0,    0,    0,    0,    0,    0,    0,    0,    0,    0,    0,   18,    0,    0,    0,   18,   -3,    0,   -5,    0,    0,    0,    0,    0,    0,    0,    0,    0,    0,    0,    0,    0,    0,    0,    0,    0,    0,    0,    0,    0,    0,    0,    0,    0,    0,    0,    0,    0,    0,    0,    0,    0,    0,    0,    0,    0,    0,    0,
       0,    0,    0,    0,    0,    0,    0,    0,    0,    0,    0,    0,    0,    0,    0,    0,    0,    0,    0,    0,    0,    0,    0,    0,    0,    0,    0,    0,    0,    0,    0,    0,    0,    0,    0,    0,    0,    0,    0,    0,    0,    0,    0,    0,    0,    0,    0,    0,    0,    0,    0,    0,    0,    0,    0,    0,    0,    0,    0,    0,    0,    0,    0,    0,    0,    0,    0,    0,    0,    0,    0,    0,    0,    0,    0,    0,    0,    0,    0,    0,    0,    0,    0,    0,    0,    0,    0,    0,    0,    0,    0,    0,    0,    0,    0,    0,    0,    0,    0,    0,    0,    0,    0,    0,    0,    0,    0,    0,    0,    0,  -25,  -27,    0,    0,
       0,    0,  -13,    0,    0,    0,    0,    0,    0,    0,    0,    0,    0,    0,    0,    0,    0,    0,    0,    0,    0,    0,    0,    0,    0,    0,    0,    0,    0,    0,    0,  -23,    0,  -25,  -16,    0,  -29,    0,    0,    0,    0,    0,    0,    0,    0,    0,    0,    0,    0,  -13,  -13,    0,    0,    0,    0,    0,    0,  -16,    0,    0,    0,    0,    0,    0,    0,    0,    0,    0,    0,    0,    0,    0,  -23,    0,    0,    0,    0,    0,    0,    0,    0,    0,    0,    0,    0,    0,  -29,    0,    0,    0,    0,    0,    0,    0,    0,    0,    0,    0,    0,    0,    0,    0,    0,    0,    0,    0,    0,    0,    0,    0,  -36,    0,    0,    0,
       0,    0,    0,    0,    0,    0,    0,    0,    0,    0,    0,    0,    0,    0,    0,    0,    0,    0,    0,    0,    0,    0,    0,    0,    0,    0,    0,    0,    5,    0,    0,    0,    0,    0,    0,    0,    0,    0,    0,    0,    0,   -3,    0,    0,    7,    5,    0,    0,    0,    0,    0,    0,    0,    0,    0,    0,    0,    0,    0,    0,    0,    0,    0,   -3,    0,    0,    0,    0,   -3,    0,    0,    0,    0,    0,    0,    0,    5,    0,    0,    0,    0,    0,    0,    0,    0,    0,    0,    0,    0,    0,    0,    0,    0,    0,    0,    0,    0,    0,    0,    0,    0,    0,    0,    0,    0,    0,    0,    0,    0,    0,    0,    0,    0,    0,
       0,    0,    0,    0,    0,    0,    0,    0,    0,    0,    0,    0,    0,    0,    0,    0,    0,    0,    0,    0,    0,    0,    0,    0,    0,    0,    0,    0,    0,    0,    0,    0,    0,    0,    0,    0,    0,    0,    0,    0,    0,    0,    0,    0,    0,    0,    0,    0,    0,    0,    0,    0,    0,    0,    0,    0,    0,    0,    0,    0,    0,    0,    0,    0,    0,    0,    0,    0,    0,    0,    0,    0,    0,    0,    0,    0,    0,    0,    0,    0,    0,    0,    0,    0,    0,    0,    0,    0,    0,    0,    0,    0,    0,    0,    0,    0,    0,    0,    0,    0,    0,    0,    0,    0,    0,    0,    0,    0,    0,    0,  -13,    0,    0,    0,
       0,    0,    0,    0,    0,  -13,    0,    0,    0,    0,  -54,    0,  -54,    0,    0,    0,    0,    0,  -18,    0,    0,    0,    0,    0,    0,    0,   -6,  -36,    0,   -6,  -38,    0,    0,    0,    0,    0,    0,    0,    0,  -27,    0,    0,    0,    0,    0,    0,    0,    0,    0,    0,    0,    0,    0,    0,    0,    0,    0,    0,    0,    0,    0,    0,    0,    0,    0,    0,    0,    0,    0,    0,    0,    0,    0,  -13,    0,    0,    0,  -13,   -6,    0,    0,    0,    0,    0,    0,    0,    0,    0,    0,    0,    0,    0,    0,    0,    0,    0,    0,    0,    0,    0,    0,    0,    0,    0,    0,    0,    0,    0,    0,    0,    0,    0,    0,  -54,
       0,    0,    0,    0,    0,    0,    0,    0,    0,    0,    0,    0,    0,    0,    0,    0,  -10,   -3,    0,    0,  -11,    0,    0,    0,    0,    0,    0,  -13,    0,    0,  -18,  -30,    0,  -19,  -13,  -15,  -28,    0,    0,    0,    0,    0,    0,    0,    0,    0,    0,    0,    0,    0,    0,   -9,    0,    0,    0,    0,    0,    0,    0,    0,    0,    0,    0,    0,    0,    0,    0,    0,    0,    0,    0,    0,  -50,    0,  -48,  -16,    0,    0,    0,    0,    0,    0,    0,    0,    0,    0,  -28,    0,    0,    0,    0,    0,    0,    0,    0,    0,    0,    0,    0,    0,    0,    0,    0,    0,    0,    0,    0,    0,    0,    0,  -16,    0,    0,    0,
      -8,   -3,  -37,    0,    0,    0,    0,    0,    0,    0,    0,    0,    0,    0,  -11,  -36,    0,  -10,    0,   -4,   -9,  -11,    0,    0,    0,  -35,  -18,    0,    0,  -18,    0,  -13,    0,    0,    0,    0,  -22,    0,    0,    0,    0,    0,    0,    0,    0,    0,    0,    0,    0,    0,    0,    0,    0,    0,    0,    0,    0,    0,    0,    0,    0,    0,    0,    0,    0,    0,    0,    0,    0,    0,    0,    0,  -13,    0,    0,  -10,    0,    0,  -18,    0,    0,    0,    0,  -13,    0,    0,  -22,    0,    0,    0,    0,    0,    0,    0,    0,    0,    0,    0,    0,    0,    0,    0,    0,    0,    0,    0,    0,    0,    0,    0,    0,  -33,    0,    0,
       0,    0,    0,    0,    0,    0,    0,    0,    0,    0,  -16,    0,  -16,    0,    0,    0,    0,    0,    0,    0,    0,    0,    0,    0,    0,    0,    0,  -10,    0,    0,  -25,    0,    0,    2,    2,    0,    0,    0,    0,    0,    0,    0,    0,    0,    0,    0,    0,    0,    0,    0,    0,    0,    0,    0,    0,    0,    0,    0,    0,    0,    0,    0,    0,    0,    0,    0,    0,    0,    0,    0,    0,    0,    0,    0,    0,    0,    0,    0,    0,    0,    0,    0,    0,    0,    0,    0,    0,    0,    0,    0,    0,    0,    0,    0,    0,    0,    0,    0,    0,    0,    0,    0,    0,    0,    0,    0,    0,    0,    0,    0,    0,    0,    0,  -16,
       0,    0,    0,    0,    0,    0,    0,    0,    0,    0,  -11,    0,  -11,    0,    0,    0,    0,    0,    0,    0,   -8,    0,    0,    0,    0,    0,    0,    0,    0,    0,    0,    0,    0,   -8,    0,  -14,  -13,    0,    0,  -18,    0,    0,    0,    0,    0,    0,    0,    7,    0,    0,    0,    0,    0,    0,    0,    0,    0,    0,    0,    0,    0,    0,    0,    0,    0,    0,    0,    0,    0,    0,    0,    0,    0,    0,  -14,    0,    0,    0,    0,    0,    0,    0,    7,    0,    7,    0,  -13,    0,    0,    0,    0,    0,    0,    0,    0,    0,    0,    0,    0,    0,    0,    0,    0,    0,    0,    0,    0,    0,    0,    0,  -18,    0,  -20,  -11,
       0,    0,    0,    0,    0,    0,    0,    5,    0,    0,    0,    0,    0,    0,    0,    0,    0,    0,    0,    0,    0,    0,    0,    0,    0,    0,    0,    0,    0,    0,    0,    0,    0,    0,    0,    0,    0,    0,    0,    5,    0,    0,    0,    0,    0,    0,    0,    6,    0,    3,    0,    0,    0,    0,    0,    0,    0,    0,    0,    0,    0,    0,    0,    0,    0,    0,    0,   25,    0,    0,   14,   25,    0,    0,    0,    0,    0,    0,    0,    0,    0,    0,    6,    0,    6,    0,    0,    0,    0,    0,    0,    0,    0,    0,    0,    0,    0,    0,    0,    0,    0,    0,    0,    0,    0,    0,    0,    0,    0,    0,    0,    0,    0,    0,
       0,    0,    0,    0,    0,    0,    0,    0,    0,    0,    0,    0,    0,    0,    0,    0,    0,    0,   -6,    0,    0,    0,    0,    0,    0,    0,    0,    0,    0,    0,    0,    0,    0,    0,    0,    0,    0,    0,    0,    0,    0,    0,    0,    0,    0,    0,    0,    0,    0,    0,    0,    0,    0,    0,    0,    0,    0,    0,    0,    0,    0,    0,    0,    0,    0,    0,    0,    0,    0,    0,    0,    0,    0,    0,    0,    0,    0,    0,    0,    0,    0,    0,    0,    0,    0,    0,    0,    0,    0,    0,    0,    0,    0,    0,    0,    0,    0,    0,    0,    0,    0,    0,    0,    0,    0,    0,    0,    0,    0,    0,    0,    0,    0,    0,
       0,    0,    0,    0,    0,    0,    0,    0,   -4,    0,   -9,    0,   -9,    0,    0,    0,    0,    0,    0,    0,    0,    0,    0,    0,    0,    0,    0,    0,    0,    0,    0,    0,    0,    0,    0,   -9,    0,    0,   -4,    0,    0,    0,    0,    0,    0,    0,    0,    0,    0,    0,    0,    0,    0,    0,  -13,   -4,    0,    0,    0,    0,    0,    0,    0,    0,    0,    0,    0,    0,    0,    0,    0,    0,    0,    0,   -9,    0,    0,    0,    0,    0,    0,    0,    0,    0,    0,    0,    0,    0,    0,    0,    0,    0,    0,    0,    0,    0,    0,    0,    0,    0,    0,    0,    0,    0,    0,    0,    0,    0,    0,    0,    0,    0,  -20,   -9,
       0,    0,    0,    0,    0,    0,    0,    0,  -12,    0,  -13,    0,  -13,    0,    0,  -13,    0,    0,    0,    0,    0,    0,    0,    0,    0,    0,    0,    0,    0,    0,    0,    0,    0,    0,    0,    0,    0,    0,  -12,    0,    0,    0,    0,    0,    0,    0,    0,    0,    0,    0,    0,    0,    0,    0,    0,  -12,    0,    0,    0,    0,    0,    0,    0,    0,    0,    0,    0,    0,    0,    0,    0,    0,    0,    0,    0,    0,    0,    0,    0,    0,    0,    0,    0,    0,    0,    0,    0,    0,    0,    0,    0,    0,    0,    0,    0,    0,    0,    0,    0,    0,    0,    0,    0,    0,    0,    0,    0,    0,    0,    0,    0,    0,    0,  -13,
       0,    0,    0,    0,    0,    0,    0,    0,   -1,    0,  -10,    0,  -10,    0,    0,    0,    0,    0,    0,    0,    0,    0,    0,    0,    0,    0,    0,    0,    0,    0,    0,    0,    0,    0,    0,    0,    0,    0,   -1,    0,    0,    0,    0,    0,    0,    0,    0,    0,    0,    0,    0,    0,    0,    0,    0,   -1,    0,    0,    0,    0,    0,    0,    0,    0,    0,    0,    0,    0,    0,    0,    0,    0,    0,    0,    0,    0,    0,    0,    0,    0,    0,    0,    0,    0,    0,    0,    0,    0,    0,    0,    0,    0,    0,    0,    0,    0,    0,    0,    0,    0,    0,    0,    0,    0,    0,    0,    0,    0,    0,    0,    0,    0,    0,  -10,
       0,    0,    0,    0,    0,    0,    0,    0,    0,    0,  -12,    0,  -12,    0,    0,    0,    0,    0,    0,    0,    0,    0,    0,    0,    0,    0,    0,    0,    0,    0,    0,    0,    0,    0,    0,    0,    0,    0,    0,  -18,    0,    0,    0,    0,    0,    0,    0,    0,    0,    0,    0,    0,    0,    0,    0,    0,    0,    0,    0,    0,    0,    0,    0,    0,    0,    0,    0,    0,    0,    0,    0,    0,    0,    0,    0,    0,    0,    0,    0,    0,    0,    0,    0,    0,    0,    0,    0,    0,    0,    0,    0,    0,    0,    0,    0,    0,    0,    0,    0,    0,    0,    0,    0,    0,    0,    0,    0,    0,    0,    0,    0,    0,  -18,  -12,
       0,    0,    0,  -23,    0,  -18,    0,    0,    0,    0,  -50,    0,  -50,    0,   -6,    0,    0,   -7,  -23,   -4,    8,   -6,  -13,  -36,    0,    0,    0,  -43,    0,    0,  -38,    0,    0,    0,    0,    0,    0,    0,    0,  -63,  -18,  -20,    0,    0,    0,  -20,  -16,    0,    0,    0,    0,    0,    0,    0,  -25,    0,    0,    0,    0,    0,    0,  -18,  -18,  -20,    0,    0,    0,   36,  -20,    0,    0,   36,    0,  -42,    0,   -7,    0,  -42,    0,    0,    0,    0,    0,    0,    0,  -16,    0,    0,    0,    0,    0,    0,    0,    0,    0,    0,    0,    0,    0,    0,    0,    0,    0,    0,    0,    0,    0,    0,    0,    0,    0,    0,  -57,  -50,
       0,    0,    0,    0,    0,    0,    0,    0,    0,    0,    0,    0,    0,    0,    0,    0,    0,    0,    0,    0,    0,    0,    0,    0,    0,    0,    0,    0,    0,    0,    0,  -13,    0,  -25,    0,    0,    0,    0,    0,    0,    0,    0,    0,    0,    0,    0,    0,    0,    0,    0,    0,    0,    0,    0,    0,    0,    0,    0,    0,    0,    0,    0,    0,    0,    0,    0,    0,    0,    0,    0,    0,    0,  -13,    0,    0,    0,    0,    0,    0,    0,    0,    0,    0,    0,    0,    0,    0,    0,    0,    0,    0,    0,    0,    0,    0,    0,    0,    0,    0,    0,    0,    0,    0,    0,    0,    0,    0,    0,    0,    0,  -18,    0,    0,    0,
       0,    0,    0,    0,    0,    0,    0,    0,    0,    0,    0,    0,    0,    0,    0,    0,    0,    0,    0,    0,    0,    0,    0,    0,    0,    0,    0,  -20,    0,    0,    0,  -18,    0,  -27,  -25,  -20,  -38,    0,    0,    0,    0,    0,    0,    0,    0,    0,    0,    0,    0,  -16,    0,  -13,    0,    0,    0,    0,    0,    0,    0,    0,    0,    0,    0,    0,    0,    0,    0,    0,    0,    0,    0,    0,  -18,    0,  -20,    0,    0,    0,    0,    0,    0,    0,    0,    0,    0,    0,  -38,    0,    0,    0,    0,    0,    0,    0,    0,    0,    0,    0,    0,    0,    0,    0,    0,    0,    0,    0,    0,    0,    0,    0,  -23,    0,    0,    0,
       0,    0,    0,    0,    0,    0,    0,    0,    0,    0,    0,    0,    0,    0,    0,    0,    0,    0,    0,    0,  -29,    0,    0,    0,    0,    0,    0,  -10,    0,    0,    0,  -32,    0,  -29,  -29,  -23,  -36,  -25,    0,    0,    0,    0,    0,    0,    0,    0,    0,    0,    0,    0,    0,    0,    0,    0,    0,    0,    0,    0,    0,    0,    0,    0,    0,    0,    0,    0,    0,    0,    0,    0,    0,    0,  -32,  -13,  -20,    0,    0,  -13,    0,    0,    0,    0,    0,    0,    0,    0,  -36,    0,    0,    0,    0,    0,    0,    0,    0,    0,    0,    0,    0,    0,    0,    0,    0,    0,    0,    0,    0,    0,    0,    0,  -38,    0,    0,    0,
       0,    0,    0,    0,    0,    0,    0,    0,    0,    0,    0,    0,    0,    0,    0,    0,    0,    0,    0,    0,    0,    0,    0,    0,    0,    0,    0,  -25,    0,    0,    0,    0,    0,    0,    0,    0,    0,    0,    0,    0,    0,    0,    0,    0,    0,    0,    0,    0,    0,    0,    0,    0,    0,    0,    0,    0,    0,    0,    0,    0,    0,    0,    0,    0,    0,    0,    0,    0,    0,    0,    0,    0,    0,    0,    0,    0,    0,    0,    0,    0,    0,    0,    0,    0,    0,    0,    0,    0,    0,    0,    0,    0,    0,    0,    0,    0,    0,    0,    0,    0,    0,    0,    0,    0,    0,    0,    0,    0,    0,    0,    0,    0,    0,    0,
       0,    0,    0,    0,    0,    0,    0,    0,    0,    0,  -18,    0,  -18,  -16,    0,    0,    0,    0,    0,    0,    0,    0,    0,    0,    0,    0,    0,  -16,    0,    0,    0,  -12,    0,  -15,   -6,  -19,  -16,    0,    0,  -16,    0,    0,    0,    0,    0,    0,    0,    0,    0,    0,    0,    0,    0,    0,    0,    0,    0,    0,    0,    0,    0,    0,    0,    0,    0,    0,    0,    0,    0,    0,    0,    0,  -12,    0,  -39,    0,    0,    0,    0,    0,    0,    0,    0,    0,    0,    0,  -16,    0,    0,    0,    0,    0,    0,    0,    0,    0,    0,    0,    0,    0,    0,    0,    0,    0,    0,    0,    0,    0,    0,    0,  -13,    0,  -16,  -18,
       0,    0,  -32,    0,   -4,    0,    0,    0,  -36,  -13,    0,  -13,    0,    6,    0,  -18,    0,    0,    0,    0,    0,    0,    0,  -10,  -20,  -25,  -16,    6,    0,  -16,    0,  -35,   -8,  -30,  -27,    0,  -31,    0,  -36,    0,    0,   -6,   -2,    1,    0,    0,   -3,  -10,    0,  -27,  -27,    0,    0,  -13,  -13,  -36,  -13,  -29,  -13,    0,    0,    0,    0,   -6,    1,    1,    1,    0,   -6,    0,    0,    0,  -35,    0,    0,    0,    0,    0,  -16,    0,    0,    0,  -10,  -27,  -10,   -3,  -31,    0,    0,    0,    0,    0,    0,    0,    0,    0,    0,    0,    0,    0,    0,    0,    0,    0,    0,    0,    0,    0,    0,    0,  -52,  -41,    0,    0,
       0,    0,    0,    0,    0,    0,    0,    0,    0,    0,    0,    0,    0,    0,    0,    0,    0,    0,    0,    0,    0,    0,    0,    0,    0,    0,    0,    0,    0,    0,    0,  -23,    0,    0,    0,    0,    0,    0,    0,    0,    0,    0,    0,    0,    0,    0,    0,    0,    0,    0,    0,    0,    0,    0,    0,    0,    0,    0,    0,    0,    0,    0,    0,    0,    0,    0,    0,   13,    0,    0,    0,   13,  -23,    0,    0,    0,    0,    0,    0,    0,    0,    0,    0,    0,    0,    0,    0,    0,    0,    0,    0,    0,    0,    0,    0,    0,    0,    0,    0,    0,    0,    0,    0,    0,    0,    0,    0,    0,    0,    0,  -25,    0,    0,    0,
       0,    0,    0,    0,    0,    0,    0,    0,    0,    0,    0,    0,    0,    0,    0,    0,    0,    0,    0,    0,    0,    0,    0,    0,    0,    0,    0,  -10,    0,    0,    0,    0,    0,    0,    0,   -5,    0,    0,    0,  -16,    0,    0,    0,    0,    0,    0,    0,    0,    0,    2,    0,    0,    0,    0,    0,    0,    0,    0,    0,    0,    0,    0,    0,    0,    0,    0,    0,   13,    0,    0,    0,   13,    0,    0,   -5,    0,    0,    0,    0,    0,    0,    0,    0,    0,    0,    0,    0,    0,    0,    0,    0,    0,    0,    0,    0,    0,    0,    0,    0,    0,    0,    0,    0,    0,    0,    0,    0,    0,    0,    0,    0,    0,    0,    0,
       0,    0,    0,    0,    0,    0,    0,    0,    0,    0,    0,    0,    0,    0,    0,    0,    0,    0,    0,    0,    0,    0,    0,    0,    0,    0,    0,    0,    0,    0,    0,    0,    0,    0,    0,    0,    0,    0,    0,    0,    0,    0,    0,    0,    0,    0,    0,    0,    0,    0,    0,    0,    0,    0,    0,    0,    0,    0,    0,    0,    0,    0,    0,    0,    0,    0,    0,   29,    0,    0,    0,   29,    0,    0,    0,    0,    0,    0,    0,    0,    0,    0,    0,    0,    0,    0,    0,    0,    0,    0,    0,    0,    0,    0,    0,    0,    0,    0,    0,    0,    0,    0,    0,    0,    0,    0,    0,    0,    0,    0,    0,    0,    0,    0,
       0,    0,    0,    0,    0,    0,    0,    0,    0,    0,  -16,    0,  -29,    0,    0,    0,    0,    0,    0,    0,    0,    0,    0,    0,    0,    0,    0,  -36,    0,    0,  -27,    0,    0,    0,    0,    0,    0,    0,    0,  -13,   -8,  -13,    0,    0,    0,   -9,    0,    0,  -13,  -13,    0,    0,  -13,    0,    0,    0,    0,    0,    0,    0,    0,   -8,   -8,  -13,    0,    0,    0,    0,  -13,  -13,    0,    0,    0,    0,    0,    0,    0,    0,    0,    0,    0,    0,    0,    0,    0,    0,    0,    0,    0,    0,    0,    0,    0,    0,    0,    0,    0,    0,    0,    0,    0,    0,    0,    0,    0,    0,    0,    0,    0,    0,    0,    0,  -48,  -50,
       0,    0,    0,    0,    0,    0,    0,    0,    0,    0,    0,    0,    0,    0,    0,    0,    0,    0,    0,    0,    0,    0,    0,    0,    0,    0,    0,  -11,    0,    0,    0,  -12,    0,   -9,    0,   -5,  -11,    0,    0,    0,    0,    0,    0,    0,    0,    0,    0,    0,    0,    0,    0,    0,    0,    0,    0,    0,    0,    0,    0,    0,    0,    0,    0,    0,    0,    0,    0,   13,    0,    0,    0,   13,  -12,    0,   -5,    0,    0,    0,    0,    0,    0,    0,    0,    0,    0,    0,  -11,    0,    0,    0,    0,    0,    0,    0,    0,    0,    0,    0,    0,    0,    0,    0,    0,    0,    0,    0,    0,    0,    0,    0,    0,    0,    0,    0,
       0,    0,    0,    0,    0,    0,    0,    0,    0,    0,  -13,    0,  -13,  -23,    0,    0,    0,    0,    0,    0,    0,    0,    0,    0,    0,    0,    0,   -8,    0,    0,    0,    0,    0,    0,    0,    0,    0,    0,    0,  -20,    0,    0,    0,    0,    0,    0,    0,    0,    0,    0,    0,    0,    0,    0,    0,    0,    0,    0,    0,    0,    0,    0,    0,    0,    0,    0,    0,    0,    0,    0,    0,    0,    0,    0,    0,    0,    0,    0,    0,    0,    0,    0,    0,    0,    0,    0,    0,    0,    0,    0,    0,    0,    0,    0,    0,    0,    0,    0,    0,    0,    0,    0,    0,    0,    0,    0,    0,    0,    0,    0,    0,    0,  -32,  -13,
       0,    0,    0,    0,   -4,    0,    0,    0,    0,  -35,    0,  -35,    0,    0,    0,    0,    0,    0,    0,    0,    0,    0,    0,  -27,  -13,    0,  -15,    0,    0,  -15,    0,    0,    0,    0,    0,    0,    0,    0,    0,    0,    0,  -16,    0,    4,    0,    0,    0,    0,  -13,  -16,  -25,    0,    0,  -35,  -20,    0,  -53,    0,    0,    0,    0,    0,    0,  -16,    4,    4,    4,   34,  -16,  -13,    0,   34,    0,    0,    0,    0,    0,    0,  -15,    0,    0,    0,    0,  -41,    0,    0,    0,    0,    0,    0,    0,    0,    0,    0,    0,    0,    0,    0,    0,    0,    0,    0,    0,    0,    0,    0,    0,    0,    0,    0,    0,    0,    0,    0,
       0,    0,  -36,    0,    0,    0,    0,    0,  -68,  -29,    0,  -49,    0,    0,    0,  -18,    0,    0,    0,    0,    0,    0,    0,    0,    0,    0,  -11,    0,    0,  -11,    0,  -37,    0,  -30,  -10,    0,  -28,    0,  -52,    0,    0,    0,    0,    0,    0,    0,    0,   -9,    0,  -27,    0,    0,    0,  -45,  -25,  -70,  -54,  -38,    0,    0,    0,    0,    0,    0,    0,    0,    0,    0,    0,    0,    0,    0,  -37,    0,    0,    0,    0,    0,  -11,    0,    0,    0,   -9,  -52,   -9,    0,  -28,    0,    0,    0,    0,    0,    0,    0,    0,    0,    0,    0,    0,    0,    0,    0,    0,    0,    0,    0,    0,    0,    0,    0,  -34,  -30,    0,    0,
       0,    0,    0,    0,    0,  -13,    0,    0,    0,  -12,  -16,  -12,  -29,    0,    0,    0,    0,    0,    0,    0,    0,    0,    0,    0,    0,    0,    0,  -32,    0,    0,  -38,    0,    0,    0,    0,    0,    0,    0,    0,    0,   -4,   -3,    0,    0,    0,    0,    0,    0,    0,    0,    0,    0,    0,  -12,    0,    0,  -12,    0,    0,    0,    0,   -4,   -4,   -3,    0,    0,    0,    0,   -3,    0,    0,    0,    0,    0,    0,    0,    0,    0,    0,    0,    0,    0,    0,    0,    0,    0,    0,    0,    0,    0,    0,    0,    0,    0,    0,    0,    0,    0,    0,    0,    0,    0,    0,    0,    0,    0,    0,    0,    0,    0,    0,    0,  -57,  -54,
       0,    0,    0,    0,    0,    0,    0,    0,    0,    0,    0,    0,    0,    0,    0,    0,    0,    0,    0,    0,    0,    0,    0,    0,    0,    0,    0,    0,    0,    0,    0,    0,    0,   -7,    0,    0,  -11,    0,    0,    0,   -2,   -5,    0,    0,    0,    0,    0,    0,    0,    0,    0,    0,    0,    0,    0,    0,    0,    0,    0,    0,    0,   -2,   -2,   -5,    0,    0,    0,   18,   -5,    0,    0,   18,    0,    0,    0,    0,    0,    0,    0,    0,    0,    0,    0,    0,    0,    0,  -11,    0,    0,    0,    0,    0,    0,    0,    0,    0,    0,    0,    0,    0,    0,    0,    0,    0,    0,    0,    0,    0,    0,    0,    0,    0,    0,    0,
       0,    0,    0,    0,   -1,  -13,    0,    0,    0,  -24,  -13,  -24,  -13,  -52,  -13,    0,    0,    0,  -27,    0,  -32,    0,  -13,  -32,  -13,    0,  -12,  -35,    0,  -12,  -36,    0,    0,    0,    0,    0,    5,    0,    0,  -23,  -29,  -31,    0,    0,    0,  -23,  -29,  -41,  -29,  -25,  -25,  -17,  -18,  -24,  -52,    0,  -55,    0,  -20,    0,    0,  -45,  -45,  -52,    0,    0,    0,   36,  -52,  -50,    0,   36,    0,  -55,    0,    0,    0,  -55,  -12,    0,    0,    0,  -41,  -21,  -41,  -29,    5,    0,    0,    0,    0,    0,    0,    0,    0,    0,    0,    0,    0,    0,    0,    0,    0,    0,    0,    0,    0,    0,    0,    0,    0,    0,  -48,  -47,
       0,    0,    0,    0,    0,  -20,    0,    0,    0,  -22,  -38,  -22,  -38,  -20,   -8,    0,    0,    0,  -13,    0,    0,    0,  -25,  -29,  -25,    0,  -29,  -30,    0,  -15,  -38,    0,    0,    6,    0,    0,    0,    0,    0,  -32,  -23,  -23,    0,    0,    0,   -2,  -18,    0,    0,    0,    0,    0,    0,  -22,  -23,    0,  -38,    0,    0,   -8,    0,  -23,  -38,  -23,    0,    0,    0,   34,  -41,    0,    0,   34,    0,  -49,    0,    0,    0,  -49,  -15,    0,    0,    0,    0,   -5,    0,  -18,    0,    0,    0,    0,    0,    0,    0,    0,    0,    0,    0,    0,    0,    0,    0,    0,    0,    0,    0,    0,    0,    0,    0,    0,    0,    0,  -45,  -38,
       0,    0,    0,    0,   -2,  -20,    0,    0,    0,  -18,  -38,  -18,  -38,   -8,    0,    0,    0,    0,  -13,    0,    0,    0,  -20,  -29,  -25,    0,   -6,  -27,    0,   -6,  -25,    0,    0,    2,    9,    0,    0,    0,    0,    0,  -22,  -20,    0,    0,    0,  -14,  -13,    0,    0,    0,    0,    0,    0,  -18,  -23,    0,  -31,    0,    0,   -8,    0,  -22,  -22,  -20,    0,    0,    0,    0,  -20,    0,    0,    0,    0,    0,    0,    0,    0,    0,   -6,    0,    0,    0,    0,  -14,    0,  -13,    0,    0,    0,    0,    0,    0,    0,    0,    0,    0,    0,    0,    0,    0,    0,    0,    0,    0,    0,    0,    0,    0,    0,    0,    0,    0,  -43,  -38,
       0,    0,    0,    0,   -5,    0,    0,    0,    0,  -15,    0,  -15,    0,    0,  -14,    0,    0,   -9,  -16,    0,    0,   -9,    0,  -23,  -20,    0,  -19,    0,    0,  -19,    0,  -16,    0,    0,    0,    0,    0,    0,    0,    0,  -23,  -11,    0,    0,    0,    0,    0,    0,    0,    0,    0,    0,    0,  -29,  -16,    0,  -33,    0,    0,    0,    0,  -23,  -23,  -11,    0,    0,    0,    0,  -11,    0,    0,    0,  -16,    0,    0,   -9,    0,    0,  -39,  -13,    0,    0,  -25,  -33,    0,    0,    0,    0,    0,    0,    0,    0,    0,    0,    0,    0,    0,    0,    0,    0,    0,    0,    0,    0,    0,    0,    0,    0,    0,    0,    0,    0,    0,    0,
       0,    0,    0,    0,    0,  -25,    0,    0,    0,  -28,  -22,  -28,  -22,    0,    0,    0,    0,    0,  -27,    0,    0,    0,  -25,  -41,  -38,    0,  -16,  -31,    0,  -16,  -13,    5,    0,    0,    0,    0,    0,    0,    0,    0,  -37,  -39,    0,   -9,    0,  -16,  -27,    0,  -16,    0,    0,    0,    0,  -28,  -36,    0,  -48,    0,  -25,    0,    0,  -64,  -57,  -39,   -9,  -23,   -9,    0,  -39,  -16,    0,    0,    5,    0,    0,    0,    0,    0,  -16,    0,    0,    0,    0,  -20,    0,  -27,    0,    0,    0,    0,    0,    0,    0,    0,    0,    0,    0,    0,    0,    0,    0,    0,    0,    0,    0,    0,    0,    0,    0,    0,    0,    0,  -43,  -60,
       0,    0,    0,    0,    0,    0,    0,    0,    0,  -15,    0,  -15,    0,    0,    0,    0,    0,    0,    0,    0,    0,    0,    0,  -25,    0,    0,  -13,    0,    0,  -13,    0,    0,    0,    0,    0,    0,    0,    0,    0,    0,    0,    0,    0,    0,    0,    0,    0,    0,    0,    0,    0,    0,    0,  -15,  -13,    0,  -29,    0,    0,    0,    0,    0,    0,    0,    0,    0,    0,   34,    0,    0,    0,   34,    0,    0,    0,    0,    0,    0,  -13,    0,    0,    0,    0,   -9,    0,    0,    0,    0,    0,    0,    0,    0,    0,    0,    0,    0,    0,    0,    0,    0,    0,    0,    0,    0,    0,    0,    0,    0,    0,    0,    0,    0,    0,    0,
       0,    0,  -32,    0,   -4,    0,    0,    0,  -36,  -13,    0,  -13,    0,    6,    0,  -18,    0,    0,    0,    0,    0,    0,    0,  -10,  -20,  -25,  -16,    6,    0,  -16,    0,  -51,   -8,  -50,  -50,    0,  -31,    0,  -36,    0,    0,   -6,   -2,    1,    0,    0,   -3,  -10,    0,  -47,  -27,    0,    0,  -13,  -13,  -36,  -13,  -29,  -13,    0,    0,    0,    0,   -6,    1,    1,    1,    0,   -6,    0,    0,    0,  -51,    0,    0,    0,    0,    0,  -16,    0,    0,    0,  -10,  -27,  -10,   -3,  -31,    0,    0,    0,    0,    0,    0,    0,    0,    0,    0,    0,    0,    0,    0,    0,    0,    0,    0,    0,    0,    0,    0,    0,  -69,  -63,    0,    0,
       0,    0,    0,    0,    0,    0,    0,    0,  -27,    0,    0,    0,    0,    0,  -18,  -43,    0,  -18,  -23,  -18,    0,  -18,    0,    0,    0,    0,  -16,    0,   13,  -16,    0,  -23,  -16,  -32,    0,    0,    0,    0,  -27,    0,    0,    0,    0,    9,   38,   13,    0,    0,    0,  -32,    0,    0,    0,    0,    0,  -27,    0,    0,    0,    0,    0,    0,    0,    0,    9,    9,    9,    0,    0,    0,    0,    0,  -23,   23,    0,  -18,   13,   23,  -16,  -43,   18,   18,    0,    0,    0,    0,    0,    0,    0,    0,    0,    0,    0,    0,    0,    0,    0,    0,    0,    0,    0,    0,    0,    0,    0,    0,    0,    0,    0,    0,  -16,    0,    0,    0,
       0,    0,   -6,    0,    0,    0,    0,    0,    0,    0,    0,    0,    0,    0,    0,  -16,    0,    0,    0,    0,    0,    0,    0,    0,    0,    0,    0,    0,    0,    0,    0,  -28,    0,  -20,  -20,    0,  -36,    0,    0,    0,    0,    0,    0,    0,    0,    0,    0,    0,    0,   -7,    0,    0,    0,    0,    0,    0,    0,    0,    0,    0,    0,    0,    0,    0,    0,    0,    0,    0,    0,    0,    0,    0,  -28,    0,    0,    0,    0,    0,    0,    0,    0,    0,    0,    0,    0,    0,  -36,    0,    0,    0,    0,    0,    0,    0,    0,    0,    0,    0,    0,    0,    0,    0,    0,    0,    0,    0,    0,    0,    0,    0,  -18,   -9,    0,    0,
       0,    0,   -7,    0,    0,    0,    0,   -5,    0,    0,    0,    0,    0,    0,    0,  -13,    0,    0,    0,    0,    0,    0,    0,    0,    0,    0,    0,  -13,    0,    0,    0,  -31,    0,  -23,  -20,  -11,  -42,    0,    0,    0,    4,    0,    0,    0,    0,    0,    0,    0,    0,   -7,   -6,   -8,   -7,    0,    0,    0,    0,  -13,    0,    0,    0,    4,    4,    0,    0,    0,    0,    0,    0,    0,    0,    0,  -31,    0,  -11,    0,    0,    0,    0,    0,    0,    0,    0,   -5,    0,    0,  -83,    0,    0,    0,    0,    0,    0,    0,    0,    0,    0,    0,    0,    0,    0,    0,    0,    0,    0,    0,    0,    0,    0,    0,  -25,   -9,    0,    0,
       0,    0,    0,    0,    0,    0,    0,    0,    0,   -9,  -23,   -9,  -23,   -7,    0,    0,    0,    0,  -25,    0,    0,    0,    0,    0,    0,    0,    0,  -13,    0,    0,  -25,    0,    0,    0,    0,    0,    3,    0,    0,   -6,   -7,  -10,  -16,    2,    1,    0,   -8,  -15,    0,    0,    7,    0,    0,   -9,  -16,    0,   -9,    0,    0,    0,    0,   -7,   -7,  -10,    2,    2,    2,   41,  -10,    0,    0,   41,    0,  -31,    0,    0,    0,  -31,    0,    0,    0,    0,  -15,    0,  -15,   -8,    3,    0,    0,    0,    0,    0,    0,    0,    0,    0,    0,    0,    0,    0,    0,    0,    0,    0,    0,    0,    0,    0,    0,    0,    0,    0,  -36,  -23,
       0,    0,    0,    0,    0,    0,    0,    0,    0,    0,    0,    0,    0,    0,    0,    0,    0,    0,    0,    0,    0,    0,    0,    0,    0,    0,    0,    0,    0,    0,    0,  -20,    0,    0,    0,    0,    0,    0,    0,    0,    0,    0,    0,    0,    2,    0,    0,    0,    0,    0,    0,    0,    0,    0,    0,    0,    0,    0,    0,    0,    0,    0,    0,    0,    0,    0,    0,    0,    0,    0,    0,    0,  -20,    0,    0,    0,    0,    0,    0,    0,    0,    0,    0,    0,    0,    0,    0,    0,    0,    0,    0,    0,    0,    0,    0,    0,    0,    0,    0,    0,    0,    0,    0,    0,    0,    0,    0,    0,    0,    0,    0,    0,    0,    0,
       0,    0,    0,    0,    0,    0,    0,    0,    0,    0,    0,    0,    0,    0,    0,    0,    0,    0,    0,    0,    0,    0,    0,    0,    0,    0,    0,    0,    0,    0,    0,    0,    0,    0,    0,    0,    0,    0,    0,    0,    0,    0,    0,    0,    0,    0,    0,    0,    0,    0,    0,    0,    0,    0,    0,    0,    0,    0,    0,    0,    0,    0,    0,    0,    0,    0,    0,   25,    0,    0,    0,   38,    0,    0,    0,    0,    0,    0,    0,    0,    0,    0,    0,    0,    0,    0,    0,    0,    0,    0,    0,    0,    0,    0,    0,    0,    0,    0,    0,    0,    0,    0,    0,    0,    0,    0,    0,    0,    0,    0,    0,    0,    0,    0,
       0,    0,    0,    0,    0,    0,    0,    0,    0,  -21,    0,  -21,    0,    0,    0,    0,    0,    0,  -18,    0,    0,    0,    0,  -34,    0,    0,    0,    0,    0,    0,    0,  -23,    0,    0,    0,    0,    0,    0,    0,    0,    0,   -9,    0,    0,    0,    0,    0,    0,    0,    2,    0,    0,    0,  -21,  -20,    0,  -21,    0,    0,    0,    0,    0,    0,   -9,    0,    0,    0,    0,   -9,    0,    0,    0,  -23,    0,    0,    0,    0,    0,    0,    0,    0,    0,    0,    0,    0,    0,    0,    0,    0,    0,    0,    0,    0,    0,    0,    0,    0,    0,    0,    0,    0,    0,    0,    0,    0,    0,    0,    0,    0,    0,    0,    0,    0,    0,
       0,    0,    0,    0,    0,    0,    0,    0,    0,  -15,  -25,  -15,  -25,  -13,    0,    0,    0,    0,    0,    0,    0,    0,    0,  -16,    0,    0,    0,  -16,    6,    0,  -23,  -23,    0,    0,    0,    0,    0,  -13,    0,    0,   -4,   -9,    7,    3,    6,    4,    0,    7,    0,    6,    3,    6,    0,  -15,    0,    0,  -15,    0,    0,    0,    0,   -4,   -4,   -9,    3,    3,    3,    9,   -9,    0,    0,    9,  -23,    0,    0,    0,    6,    0,    0,    0,   -7,   -7,    7,    0,    7,    0,    0,    0,    0,    0,    0,    0,    0,    0,    0,    0,    0,    0,    0,    0,    0,    0,    0,    0,    0,    0,    0,    0,    0,    0,  -16,    6,  -32,  -25,
       0,    0,   -2,    0,    0,    0,    0,    0,    0,    0,    0,    0,    0,    0,    0,    0,    0,    0,    0,    0,    0,    0,    0,    0,    0,    0,    0,    0,    0,    0,    0,  -29,    0,  -18,  -13,    0,  -29,    0,    0,    0,    0,    0,    0,    0,    0,    0,    0,    0,    0,    0,    0,    0,    0,    0,    0,    0,    0,    0,    0,    0,    0,    0,    0,    0,    0,    0,    0,    0,    0,    0,    0,    0,  -29,    0,    0,    0,    0,    0,    0,    0,    0,    0,    0,    0,    0,    0,  -29,    0,    0,    0,    0,    0,    0,    0,    0,    0,    0,    0,    0,    0,    0,    0,    0,    0,    0,    0,    0,    0,    0,    0,  -20,    0,   -4,    0,
       0,    0,    0,    0,    0,    0,    0,    0,    0,   -7,    0,   -7,    0,    0,    0,    0,    0,    0,   -4,    0,    0,    0,    0,  -11,    0,    0,    0,    0,    1,    0,    0,  -13,    0,   -3,   -3,    0,   -4,    0,    0,    0,    2,   -4,  -12,    0,    3,    0,   -3,   -3,    0,    9,    7,    0,    0,   -7,    0,    0,   -7,    0,    0,    0,    0,    2,    2,   -4,    0,    0,    0,    0,   -4,    0,    0,    0,  -13,    0,    0,    0,    1,    0,    0,    0,    0,    0,   -3,    0,   -3,   -3,   -4,    0,    0,    0,    0,    0,    0,    0,    0,    0,    0,    0,    0,    0,    0,    0,    0,    0,    0,    0,    0,    0,    0,    0,  -16,    3,    0,    0,
       0,    0,    0,    0,    0,    0,    0,    0,    0,  -15,    0,  -15,    0,  -13,    0,    0,    0,    0,    0,    0,    0,    0,    0,  -16,    0,    0,    0,    0,    0,    0,    0,  -20,    0,    0,    0,    0,  -23,    0,    0,  -13,    0,    0,    0,    0,    0,    0,    0,    0,    0,    0,    0,    0,    0,  -15,    0,    0,  -15,    0,    0,    0,    0,    0,    0,    0,    0,    0,    0,    0,    0,    0,    5,    0,  -50,    0,    0,    0,    0,    0,    0,    0,    0,    0,    0,    0,    0,    0,  -23,    0,    0,    0,    0,    0,    0,    0,    0,    0,    0,    0,    0,    0,    0,    0,    0,    0,    0,    0,    0,    0,    0,    0,  -16,    6,    0,    0,
       0,    0,    0,    0,    0,    0,    0,    0,    0,  -16,  -16,  -16,  -16,  -23,    0,    0,    0,    0,    0,    0,    0,    0,    0,  -13,  -16,    0,    0,  -27,    1,    0,  -25,  -13,    0,    0,    0,    0,  -13,    0,    0,  -32,   -3,   -7,    6,    0,    0,    0,    0,    7,    0,    0,    0,    0,    0,  -16,  -16,    0,  -16,    0,    0,    0,    0,   -3,   -3,   -7,    0,    0,    0,    6,   -7,    0,    0,    6,  -38,    0,    0,    0,    1,    0,    0,    0,  -18,  -18,    7,    0,    7,    0,  -13,    0,    0,    0,    0,    0,    0,    0,    0,    0,    0,    0,    0,    0,    0,    0,    0,    0,    0,    0,    0,    0,    0,    0,    0,    0,  -32,  -46,
       0,    0,    0,    0,    0,  -13,    0,    0,    0,    0,  -29,    0,  -29,    0,    0,    0,    0,    0,    0,    0,    0,    0,    0,    0,    0,    0,    0,  -27,    0,    0,  -23,  -20,    0,    0,    0,    0,    0,  -13,    0,    0,   -1,   -6,    0,    0,    0,    0,    0,    0,    0,    0,    0,    0,    0,    0,  -13,    0,    0,    0,    0,    0,    0,   -1,   -1,   -6,    0,    0,    0,    0,   -6,    0,    0,    0,  -20,    0,    0,    0,    0,    0,    0,    0,    0,    0,    0,    0,    0,    0,    0,    0,    0,    0,    0,    0,    0,    0,    0,    0,    0,    0,    0,    0,    0,    0,    0,    0,    0,    0,    0,    0,    0,    0,    0,    0,  -32,  -29,
       0,    0,    0,    0,    0,    0,    0,    0,    0,   -9,    0,   -9,    0,    0,    0,    0,    0,    0,    0,    0,    0,    0,    0,    0,  -13,    0,    0,    0,    0,    0,    0,  -17,    0,    0,    0,    0,    0,    0,    0,    0,   -1,   -8,    6,    0,    0,    0,    0,    6,    0,    0,    0,    0,    0,   -9,  -13,    0,   -9,    0,    0,    0,    0,   -1,   -1,   -8,    0,    0,    0,    0,   -8,    0,    0,    0,  -17,    0,    0,    0,    0,    0,    0,    0,    0,    0,    6,    0,    6,    0,    0,    0,    0,    0,    0,    0,    0,    0,    0,    0,    0,    0,    0,    0,    0,    0,    0,    0,    0,    0,    0,    0,    0,    0,    0,    0,    0,    0,
       0,    0,    0,    0,    0,    0,    0,    0,    0,    0,    0,    0,    0,    0,    0,    0,    0,    0,    0,    0,    0,    0,    0,    0,    0,    0,    0,    0,    0,    0,    0,  -13,    0,    0,    0,    0,    0,    0,    0,    0,    0,   -7,    0,    0,    0,    0,    0,    0,    0,    0,    0,    0,    0,    0,    0,    0,    0,    0,    0,    0,    0,    0,    0,   -7,    0,    0,    0,    0,   -7,    0,    0,    0,  -13,    0,    0,    0,    0,    0,    0,    0,    0,    0,    0,    0,    0,    0,    0,    0,    0,    0,    0,    0,    0,    0,    0,    0,    0,    0,    0,    0,    0,    0,    0,    0,    0,    0,    0,    0,    0,    0,    0,    0,    0,    0,
       0,    0,    0,    0,    0,    0,    0,    0,    0,    0,    0,    0,    0,    0,    0,    0,  -10,   -3,    0,    0,  -11,    0,    0,    0,    0,    0,    0,  -13,    0,    0,  -18,  -30,    0,  -19,  -13,  -30,  -28,    0,    0,    0,    0,    0,    0,    0,    0,    0,    0,    0,    0,    0,    0,   -9,    0,    0,    0,    0,    0,    0,    0,    0,    0,    0,    0,    0,    0,    0,    0,    0,    0,    0,    0,    0,  -50,    0,  -30,  -16,    0,    0,    0,    0,    0,    0,    0,    0,    0,    0,  -28,    0,    0,    0,    0,    0,    0,    0,    0,    0,    0,    0,    0,    0,    0,    0,    0,    0,    0,    0,    0,    0,    0,    0,  -16,    0,    0,    0,
       0,    0,    0,    0,    0,    0,    0,    0,    0,    0,    0,    0,    0,    0,    0,    0,    0,    0,    0,    0,    0,    0,    0,    0,    0,    0,    0,    0,    0,    0,    0,  -27,    0,  -13,    0,    0,  -27,    0,    0,    0,    0,    0,    0,    0,    0,    0,    0,    0,    0,    0,    0,    0,    0,    0,    0,    0,    0,    0,    0,    0,    0,    0,    0,    0,    0,    0,    0,    0,    0,    0,    0,    0,  -27,    0,    0,    0,    0,    0,    0,    0,    0,    0,    0,    0,    0,    0,  -27,    0,    0,    0,    0,    0,    0,    0,    0,    0,    0,    0,    0,    0,    0,    0,    0,    0,    0,    0,    0,    0,    0,    0,  -13,    0,    0,    0,
       0,    0,    0,    0,    0,    0,    0,    0,    0,    0,    0,    0,    0,    0,    0,    0,    0,    0,    0,    0,    0,    0,    0,    0,    0,    0,    0,  -13,    0,    0,    0,  -20,    0,    0,    0,    0,  -25,    0,    0,    0,    0,    0,    0,    0,    0,    0,    0,    0,    0,    0,    0,    0,    0,    0,    0,    0,    0,    0,    0,    0,    0,    0,    0,    0,    0,    0,    0,    0,    0,    0,    0,    0,  -20,    0,    0,    0,    0,    0,    0,    0,    0,    0,    0,    0,    0,    0,  -25,    0,    0,    0,    0,    0,    0,    0,    0,    0,    0,    0,    0,    0,    0,    0,    0,    0,    0,    0,    0,    0,    0,    0,    0,    0,    0,    0,
       0,    0,    0,    0,    0,    0,    0,    0,    0,    0,    0,    0,    0,    0,    0,    0,  -10,   -3,    0,    0,  -11,    0,    0,    0,    0,    0,    0,  -13,    0,    0,  -18,  -62,    0,  -35,  -13,  -33,  -48,    0,    0,    0,    0,    0,    0,    0,    0,    0,    0,    0,    0,    0,    0,   -9,    0,    0,    0,    0,    0,    0,    0,    0,    0,    0,    0,    0,    0,    0,    0,    0,    0,    0,    0,    0,  -62,    0,  -33,  -16,    0,    0,    0,    0,    0,    0,    0,    0,    0,    0,  -48,    0,    0,    0,    0,    0,    0,    0,    0,    0,    0,    0,    0,    0,    0,    0,    0,    0,    0,    0,    0,    0,    0,    0,  -16,    0,    0,    0,
       0,    0,    0,    0,    0,  -16,    0,    0,    0,    0,    0,    0,    0,    0,    0,    0,    0,    0,    0,    0,    0,    0,    0,    0,    0,    0,    0,  -29,    0,    0,  -29,    0,    0,    0,    0,    0,    0,    0,    0,    0,    0,  -13,    0,    0,    0,    0,    0,    0,    0,    0,    0,    0,    0,    0,    0,    0,    0,    0,    0,    0,    0,    0,    0,  -13,    0,    0,    0,    0,  -13,    0,    0,    0,    0,    0,    0,    0,    0,    0,    0,    0,    0,    0,    0,    0,    0,    0,    0,    0,    0,    0,    0,    0,    0,    0,    0,    0,    0,    0,    0,    0,    0,    0,    0,    0,    0,    0,    0,    0,    0,    0,    0,    0,    0,    0,
       0,    0,    0,    0,    0,    0,    0,    0,    0,    0,    0,    0,    0,    0,    0,  -16,  -20,  -18,    0,    0,  -20,  -13,    0,    0,    0,    0,    0,  -13,    0,    0,    0,  -52,    0,  -25,  -23,  -16,  -36,  -13,    0,    0,    0,    0,    0,    0,    0,    0,    0,    0,    0,  -13,  -13,  -13,    0,    0,    0,    0,    0,    0,    0,    0,    0,    0,    0,    0,    0,    0,    0,    0,    0,    0,    0,    0,  -52,  -13,  -36,  -18,    0,  -13,    0,    0,    0,    0,    0,    0,    0,    0,  -36,    0,    0,    0,    0,    0,    0,    0,    0,    0,    0,    0,    0,    0,    0,    0,    0,    0,    0,    0,    0,    0,    0,    0,  -34,    0,    0,    0,
       0,    0,    0,    0,    0,    0,    0,    0,    0,    0,    0,    0,    0,    0,    0,    0,    0,    0,    0,    0,    0,    0,    0,    0,    0,    0,    0,    0,    0,    0,    0,  -27,    0,  -42,  -36,    0,    0,    0,    0,    0,    0,    0,    0,    0,    0,    0,    0,    0,    0,    0,    0,    0,    0,    0,    0,    0,    0,    0,    0,    0,    0,    0,    0,    0,    0,    0,    0,    0,    0,    0,    0,    0,  -27,    0,    0,    0,    0,    0,    0,    0,    0,    0,    0,    0,    0,    0,    0,    0,    0,    0,    0,    0,    0,    0,    0,    0,    0,    0,    0,    0,    0,    0,    0,    0,    0,    0,    0,    0,    0,    0,  -25,  -13,    0,    0,
       0,    0,    0,    0,    0,    0,    0,    0,    0,    0,    0,    0,    0,    0,    0,    0,    0,    0,    0,    0,    0,    0,    0,    0,    0,    0,    0,    0,    0,    0,    0,    0,    0,    0,    0,    0,    0,    0,    0,    0,    0,    0,    0,    0,    0,    0,    0,    0,    0,    0,    0,    0,    0,    0,    0,    0,    0,    0,    0,    0,    0,    0,    0,    0,    0,    0,    0,   13,    0,    0,    0,   13,    0,    0,    0,    0,    0,    0,    0,    0,    0,    0,    0,    0,    0,    0,    0,    0,    0,    0,    0,    0,    0,    0,    0,    0,    0,    0,    0,    0,    0,    0,    0,    0,    0,    0,    0,    0,    0,    0,    0,    0,    0,    0,
       0,    0,    0,    0,    0,    0,    0,    0,    0,    0,    0,    0,    0,    0,    0,    0,    0,    0,    0,    0,    0,    0,    0,    0,    0,    0,    0,    0,    0,    0,    0,  -23,    0,    0,    0,    0,    0,    0,    0,    0,    0,    0,    0,    0,    0,    0,    0,    0,    0,    0,    0,    0,    0,    0,    0,    0,    0,    0,    0,    0,    0,    0,    0,    0,    0,    0,    0,   13,    0,    0,    0,   13,  -23,    0,    0,    0,    0,    0,    0,    0,    0,    0,    0,    0,    0,    0,    0,    0,    0,    0,    0,    0,    0,    0,    0,    0,    0,    0,    0,    0,    0,    0,    0,    0,    0,    0,    0,    0,    0,    0,  -52,    0,    0,    0,
       0,    0,    0,    0,    0,    0,    0,    0,    0,    0,    0,    0,    0,    0,    0,    0,    0,    0,    0,    0,    0,    0,    0,    0,    0,    0,    0,    0,    0,    0,    0,  -32,    0,    0,    0,    0,    0,    0,    0,    0,    0,    0,    0,    0,    0,    0,    0,    0,    0,    0,    0,    0,    0,    0,    0,    0,    0,    0,    0,    0,    0,    0,    0,    0,    0,    0,    0,    0,    0,    0,    0,    0,  -32,    0,    0,    0,    0,    0,    0,    0,    0,    0,    0,    0,    0,    0,    0,    0,    0,    0,    0,    0,    0,    0,    0,    0,    0,    0,    0,    0,    0,    0,    0,    0,    0,    0,    0,    0,    0,    0,    0,    0,    0,    0,
       0,    0,    0,    0,    0,    0,    0,    0,    0,    0,    0,    0,    0,    0,    0,    0,    0,    0,    0,    0,    0,    0,    0,    0,    0,    0,    0,    0,    0,    0,    0,    0,    0,    0,    0,    0,    0,    0,    0,    0,    0,    0,    0,    0,    0,    0,    0,    0,    0,    0,    0,    0,    0,    0,    0,    0,    0,    0,    0,    0,    0,    0,    0,    0,    0,    0,    0,   38,    0,    0,    0,   40,    0,    0,    0,    0,    0,    0,    0,    0,    0,    0,    0,    0,    0,    0,    0,    0,    0,    0,    0,    0,    0,    0,    0,    0,    0,    0,    0,    0,    0,    0,    0,    0,    0,    0,    0,    0,    0,    0,    0,    0,    0,    0,
       0,    0,    0,    0,    0,    0,    0,    0,    0,    0,    0,    0,    0,    0,    0,   18,    0,    0,    0,    0,   36,    0,    0,    0,    0,    0,    0,    0,   25,    0,    0,   36,    0,   34,    0,    0,    0,   36,    0,    0,    0,    0,   16,   25,   25,    9,    0,   20,    0,    0,    0,    0,    0,    0,    0,    0,    0,    0,    0,    0,   13,    0,    0,    0,   38,   25,   38,   64,    0,    0,    0,   64,   36,    0,    0,    0,   54,    0,    0,    0,    0,    0,   20,    0,   20,    0,    0,    0,    0,    0,    0,    0,    0,    0,    0,    0,    0,    0,    0,    0,    0,    0,    0,    0,    0,    0,    0,    0,    0,    0,    0,    0,    0,    0,
       0,    0,   -6,    0,    0,    0,    0,    0,    0,    0,    0,    0,    0,    0,    0,  -16,    0,    0,    0,    0,    0,    0,    0,    0,    0,    0,    0,    0,    0,    0,    0,  -48,    0,  -20,  -20,    0,  -36,    0,    0,    0,    0,    0,    0,    0,    0,    0,    0,    0,    0,   -7,    0,    0,    0,    0,    0,    0,    0,    0,    0,    0,    0,    0,    0,    0,    0,    0,    0,    0,    0,    0,    0,    0,  -48,    0,    0,    0,    0,    0,    0,    0,    0,    0,    0,    0,    0,    0,  -36,    0,    0,    0,    0,    0,    0,    0,    0,    0,    0,    0,    0,    0,    0,    0,    0,    0,    0,    0,    0,    0,    0,    0,  -18,   -9,    0,    0,
       0,    0,   -7,    0,    0,    0,    0,   -5,    0,    0,    0,    0,    0,    0,    0,  -13,    0,    0,    0,    0,    0,    0,    0,    0,    0,    0,    0,  -13,    0,    0,    0,  -52,    0,  -23,  -20,  -11,  -42,    0,    0,    0,    4,    0,    0,    0,    0,    0,    0,    0,    0,   -7,   -6,   -8,   -7,    0,    0,    0,    0,  -13,    0,    0,    0,    4,    4,    0,    0,    0,    0,    0,    0,    0,    0,    0,  -52,    0,  -11,    0,    0,    0,    0,    0,    0,    0,    0,   -5,    0,    0,  -83,    0,    0,    0,    0,    0,    0,    0,    0,    0,    0,    0,    0,    0,    0,    0,    0,    0,    0,    0,    0,    0,    0,    0,  -25,   -9,    0,    0,
       0,    0,   13,    0,    0,    0,    2,   47,   23,    0,    0,    0,    0,    0,    0,   18,    0,    0,    0,    0,   18,    0,    0,    0,    0,    0,    0,    0,   13,    0,    0,   16,    0,    0,    0,    0,    0,    0,   23,    0,    0,    0,    0,   16,   13,   13,    0,    0,    0,    0,    0,    0,    0,    0,    0,   23,    0,   16,    0,    0,    0,    0,    0,    0,   16,   16,   29,   13,    0,    0,    0,   13,   16,    0,    0,    0,   13,    0,    0,    0,    0,    0,    0,    0,    0,    0,    0,    0,    0,    0,    0,    0,    0,    0,    0,    0,    0,    0,    0,    0,    0,    0,    0,    0,    0,    0,    0,    0,    0,    0,   13,    0,    0,    0,
       0,    0,    0,    0,    0,    0,    0,    0,    0,    0,    0,    0,    0,    0,    0,    0,    0,    0,    0,    0,    0,    0,    0,    0,    0,    0,    0,    0,   13,    0,    0,   13,    0,    0,    0,    0,    0,    0,    0,    0,    0,    0,    0,   13,   16,    0,    0,    0,    0,    0,    0,    0,    0,    0,    0,    0,    0,    0,    0,    0,    0,    0,    0,    0,   13,   13,   16,   16,    0,    0,    0,   16,   13,    0,    0,    0,   13,    0,    0,    0,    0,    0,    0,    0,    0,    0,    0,    0,    0,    0,    0,    0,    0,    0,    0,    0,    0,    0,    0,    0,    0,    0,    0,    0,    0,    0,    0,    0,    0,    0,    0,    0,    0,    0,
       0,    0,    0,    0,    0,    0,    0,    0,    0,    0,    0,    0,    0,    0,    0,   18,    0,    0,    0,    0,   36,    0,    0,    0,    0,    0,    0,    0,   25,    0,    0,   36,    0,   34,    0,    0,    0,   36,    0,    0,    0,    0,   16,   40,   38,    9,    0,   20,    0,    0,    0,    0,    0,    0,    0,    0,    0,    0,    0,    0,   13,    0,    0,    0,   40,   40,   40,   64,    0,    0,    0,   64,   36,    0,    0,    0,   54,    0,    0,    0,    0,    0,   20,    0,   20,    0,    0,    0,    0,    0,    0,    0,    0,    0,    0,    0,    0,    0,    0,    0,    0,    0,    0,    0,    0,    0,    0,    0,    0,    0,    0,    0,    0,    0,
       0,    0,  -36,    0,    0,    0,    0,    0,  -68,  -44,    0,  -44,    0,    0,    0,  -18,    0,    0,    0,    0,    0,    0,    0,    0,    0,    0,  -11,    0,    0,  -11,    0,  -37,    0,  -30,  -10,    0,  -28,    0,  -52,    0,    0,    0,    0,    0,    0,    0,    0,   -9,    0,  -27,    0,    0,    0,  -43,  -25,  -70,  -44,  -38,    0,    0,    0,    0,    0,    0,    0,    0,    0,    0,    0,    0,    0,    0,  -37,    0,    0,    0,    0,    0,  -11,    0,    0,    0,   -9,  -52,   -9,    0,  -28,    0,    0,    0,    0,    0,    0,    0,    0,    0,    0,    0,    0,    0,    0,    0,    0,    0,    0,    0,    0,    0,    0,    0,  -34,  -30,    0,    0,
       0,    0,  -36,    0,    0,    0,    0,    0,  -66,  -29,    0,  -49,    0,    0,    0,  -18,    0,    0,    0,    0,    0,    0,    0,    0,    0,    0,  -11,    0,    0,  -11,    0,  -37,    0,  -30,  -10,    0,  -41,    0,  -66,    0,    0,    0,    0,    0,    0,    0,    0,   -9,    0,  -27,    0,    0,    0,  -45,  -25,  -66,  -54,  -38,    0,    0,    0,    0,    0,    0,    0,    0,    0,    0,    0,    0,    0,    0,  -37,    0,    0,    0,    0,    0,  -11,    0,    0,    0,   -9,  -52,   -9,    0,  -41,    0,    0,    0,    0,    0,    0,    0,    0,    0,    0,    0,    0,    0,    0,    0,    0,    0,    0,    0,    0,    0,    0,    0,  -34,  -43,    0,    0,
       0,    0,    0,    0,    0,    0,    0,    5,    0,    0,    0,    0,    0,    0,    0,    0,    0,    0,    0,    0,    0,    0,    0,    0,    0,    0,    0,    0,    0,    0,    0,    0,    0,    0,    0,    0,    0,    0,    0,    5,    0,    0,    0,    0,    0,    0,    0,   12,    0,    3,    0,    0,    0,    0,    0,    0,    0,    0,    0,    0,    0,    0,    0,    0,    0,    0,    0,   25,    0,    0,   13,   25,    0,    0,    0,    0,    0,    0,    0,    0,    0,    0,   12,    0,   12,    0,    0,    0,    0,    0,    0,    0,    0,    0,    0,    0,    0,    0,    0,    0,    0,    0,    0,    0,    0,    0,    0,    0,    0,    0,    0,    0,    0,    0,
       0,    0,    0,    0,   -1,  -13,    0,    0,    0,  -37,  -13,  -37,  -13,  -52,  -13,    0,    0,    0,  -27,    0,  -32,    0,  -13,  -32,  -13,    0,  -12,  -35,    0,  -12,  -36,    0,    0,    0,    0,    0,    5,    0,    0,  -23,  -29,  -31,    0,    0,    0,  -23,  -29,  -41,  -29,  -25,  -25,  -17,  -18,  -37,  -52,    0,  -37,    0,  -20,    0,    0,  -45,  -45,  -52,    0,    0,    0,   36,  -52,  -50,    0,   36,    0,  -55,    0,    0,    0,  -55,  -12,    0,    0,    0,  -41,  -21,  -41,  -29,    5,    0,    0,    0,    0,    0,    0,    0,    0,    0,    0,    0,    0,    0,    0,    0,    0,    0,    0,    0,    0,    0,    0,    0,    0,    0,  -48,  -47,
       0,    0,    0,    0,    0,    0,    2,    6,    0,    0,  -18,    0,  -18,    0,    0,    0,    0,    0,    0,    0,    0,    0,    0,    0,    0,    0,    0,    0,    0,    0,    0,    0,    0,    0,    0,    0,    0,    0,    0,    0,    0,    0,    0,    0,    0,    0,    0,    0,    0,    0,    0,    0,    0,    0,    0,    0,    0,    0,    0,    0,    0,    0,    0,    0,    0,    0,    0,    0,    0,    0,    0,    0,    0,    0,    0,    0,    0,    0,    0,    0,    0,    0,    0,    0,    0,    0,    0,    0,    0,    0,    0,    0,    0,    0,    0,    0,    0,    0,    0,    0,    0,    0,    0,    0,    0,    0,    0,    0,    0,    0,    0,    0,    0,  -18,
       0,    0,    0,    0,    0,    0,    0,    0,    0,    0,    0,    0,    0,    0,    0,    0,    0,    0,    0,    0,    0,    0,    0,    0,    0,    0,    0,    0,    0,    0,    0,    0,    0,    0,    0,    0,    0,    0,    0,    0,    0,  -19,    0,    0,    0,    0,    0,   12,    0,    7,    0,    0,    0,    0,    0,    0,    0,    0,    0,    0,    0,    0,    0,  -19,    0,    0,    0,    0,  -19,    0,    0,    0,    0,    0,    0,    0,    0,    0,    0,    0,    0,    0,   12,    0,   12,    0,    0,    0,    0,    0,    0,    0,    0,    0,    0,    0,    0,    0,    0,    0,    0,    0,    0,    0,    0,    0,    0,    0,    0,    0,    0,    0,    0,    0,
       0,    0,    0,    0,    0,    0,    0,    0,    0,    0,  -18,    0,  -18,    0,    0,    0,    0,    0,    0,    0,    0,    0,    0,    0,    0,    0,    0,    0,    0,    0,    0,    0,    0,    0,    0,    0,    0,    0,    0,    0,    0,    0,    0,    0,    0,    0,    0,    0,    0,    0,    0,    0,    0,    0,    0,    0,    0,    0,    0,    0,    0,    0,    0,    0,    0,    0,    0,    0,    0,    0,    0,    0,    0,    0,    0,    0,    0,    0,    0,    0,    0,    0,    0,    0,    0,    0,    0,    0,    0,    0,    0,    0,    0,    0,    0,    0,    0,    0,    0,    0,    0,    0,    0,    0,    0,    0,    0,    0,    0,    0,    0,    0,    0,  -18,
       0,    0,    0,    0,    0,    0,    0,    0,    0,    0,    0,    0,    0,    0,    0,    0,    0,    0,    0,    0,    0,    0,    0,    0,    0,    0,    0,    0,    0,    0,    0,  -21,    0,    0,    0,    0,    0,    0,    0,   25,    0,    0,    0,    0,    0,    0,    0,    0,    0,    0,    0,    0,    0,    0,    0,    0,    0,    0,    0,    0,    0,    0,    0,    0,    0,    0,    0,    0,    0,    0,    0,    0,  -21,    8,    0,    0,    0,    8,    0,    0,    0,    0,    0,    0,    0,    0,    0,    0,    0,    0,    0,    0,    0,    0,    0,    0,    0,    0,    0,    0,    0,    0,    0,    0,    0,    0,    0,    0,    0,    0,    0,    0,    0,    0,
       0,    0,    0,    0,   -5,    0,    0,    0,    0,  -49,    0,  -49,    0,    0,  -14,    0,    0,   -9,  -16,    0,    0,   -9,    0,  -20,  -20,    0,  -19,    0,    0,  -19,    0,  -16,    0,    0,    0,    0,    0,    0,    0,    0,  -23,  -11,    0,    0,    0,    0,    0,    0,    0,    0,    0,    0,    0,  -49,  -36,    0,  -49,    0,    0,    0,    0,  -23,  -23,  -11,    0,    0,    0,    0,  -11,    0,    0,    0,  -16,    0,    0,   -9,    0,    0,  -39,  -13,    0,    0,  -25,  -33,    0,    0,    0,    0,    0,    0,    0,    0,    0,    0,    0,    0,    0,    0,    0,    0,    0,    0,    0,    0,    0,    0,    0,    0,    0,    0,    0,    0,    0,    0,
       0,    0,    0,    0,    0,    0,    0,    0,    0,    0,  -18,    0,  -18,  -16,    0,    0,    0,    0,    0,    0,    0,    0,    0,    0,    0,    0,    0,  -16,    0,    0,    0,  -12,    0,  -15,   -6,  -19,  -16,    0,    0,  -16,    0,    0,    0,    0,    0,    0,    0,    0,    0,    0,    0,    0,    0,    0,    0,    0,    0,    0,    0,    0,    0,    0,    0,    0,    0,    0,    0,    0,    0,    0,    0,    0,  -12,    0,  -39,    0,    0,    0,    0,    0,    0,    0,    0,    0,    0,    0,  -16,    0,    0,    0,    0,    0,    0,    0,    0,    0,    0,    0,    0,    0,    0,    0,    0,    0,    0,    0,    0,    0,    0,    0,  -13,    0,  -36,  -18,
       0,    0,  -13,    0,    0,    0,    0,    0,  -13,  -13,    7,  -13,    7,    0,   -6,    0,    0,    0,   -6,    0,    0,   -4,    0,    0,    0,    0,    0,    0,    0,    0,    0,    0,    0,    0,    0,    0,    0,    0,  -13,    0,    0,   -7,  -12,    0,    0,    0,    0,  -12,    0,  -11,  -12,    0,    0,  -13,    0,  -13,  -13,    0,    0,    0,    0,    0,    0,   -7,    0,    0,    0,    0,   -7,    0,    0,    0,    0,    0,    0,    0,    0,    0,    0,    0,    0,    0,  -12,  -13,  -12,    0,    0,    0,    0,    0,    0,    0,    0,    0,    0,    0,    0,    0,    0,    0,    0,    0,    0,    0,    0,    0,    0,    0,    0,    0,    0,  -13,    0,    7,
       0,    0,    0,    0,    0,    0,    0,    0,    0,  -15,  -50,  -15,  -50,  -13,    0,    0,    0,    0,    0,    0,    0,    0,    0,  -16,    0,    0,    0,  -16,    6,    0,  -23,  -23,    0,    0,    0,    0,    0,  -13,    0,    0,   -4,   -9,    7,    3,    6,    4,    0,    7,    0,    6,    3,    6,    0,  -15,    0,    0,  -15,    0,    0,    0,    0,   -4,   -4,   -9,    3,    3,    3,    9,   -9,    0,    0,    9,  -23,    0,    0,    0,    6,    0,    0,    0,   -7,   -7,    7,    0,    7,    0,    0,    0,    0,    0,    0,    0,    0,    0,    0,    0,    0,    0,    0,    0,    0,    0,    0,    0,    0,    0,    0,    0,    0,    0,  -16,    6,  -61,  -50,
       0,    0,    0,    0,    0,    0,    0,  -11,    0,    0,    0,    0,    0,    0,    0,    0,    0,    0,    0,    0,    0,    0,    0,    0,    0,    0,    0,    0,    0,    0,    0,  -42,    0,  -42,    0,  -11,  -68,    0,    0,    0,    0,    0,    0,    0,    0,    0,    0,   -9,    0,  -13,  -11,   -8,    0,    0,    0,    0,    0,  -21,    0,    0,    0,    0,    0,    0,    0,    0,    0,    0,    0,    0,    0,    0,  -42,    0,  -11,    0,    0,    0,    0,    0,    0,    0,   -9,    0,  -43,    0,  -68,    0,    0,    0,    0,    0,    0,    0,    0,    0,    0,    0,    0,    0,    0,    0,    0,    0,    0,    0,    0,    0,    0,    0,  -28,    0,    0,    0,
       0,    0,    0,    0,    0,  -25,    0,    0,    0,  -28,  -22,  -28,  -22,    0,    0,    0,    0,    0,  -27,    0,    0,    0,  -25,  -41,  -38,    0,  -16,  -31,    0,  -16,  -13,    5,    0,    0,    0,    0,    0,    0,    0,    0,  -37,  -79,    0,   -9,    0,  -16,  -27,    0,  -16,    0,    0,    0,    0,  -28,  -36,    0,  -48,    0,  -25,    0,    0,  -64,  -57,  -79,   -9,  -23,   -9,    0,  -79,  -16,    0,    0,    5,    0,    0,    0,    0,    0,  -16,    0,    0,    0,    0,  -20,    0,  -27,    0,    0,    0,    0,    0,    0,    0,    0,    0,    0,    0,    0,    0,    0,    0,    0,    0,    0,    0,    0,    0,    0,    0,    0,    0,    0,  -43,  -60,
       0,    0,    0,    0,    0,    0,    0,    0,    0,    0,    0,    0,    0,    0,    0,    0,    0,    0,    0,    0,    0,    0,    0,    0,    0,    0,    0,    0,    0,    0,    0,    0,    0,    0,    0,    0,    0,    0,    0,    0,    0,    0,    0,    0,    0,    0,    0,    0,    0,    0,    0,    0,    0,    0,    0,    0,    0,    0,    0,    0,    0,    0,    0,    0,    0,    0,    0,    0,    0,    0,    0,    0,    0,    0,    0,    0,    0,    0,    0,    0,    0,    0,    0,    0,    0,    0,    0,    0,    0,    0,    0,    0,    0,    0,    0,   -8,    0,   -4,   -1,    0,    0,    0,    0,    0,   -8,    0,   -4,    0,   -8,    0,    0,    0,    0,    0,
       0,    0,    0,    0,    0,    0,    0,    0,    0,    0,    0,    0,    0,    0,    0,    0,    0,    0,    0,    0,    0,    0,    0,    0,    0,    0,    0,    0,    0,    0,    0,    0,    0,    0,    0,    0,    0,    0,    0,    0,    0,    0,    0,    0,    0,    0,    0,    0,    0,    0,    0,    0,    0,    0,    0,    0,    0,    0,    0,    0,    0,    0,    0,    0,    0,    0,    0,    0,    0,    0,    0,    0,    0,    0,    0,    0,    0,    0,    0,    0,    0,    0,    0,    0,    0,    0,    0,    0,    0,    0,   -2,    0,    0,    0,    0,    0,   -3,    0,    0,    0,    0,  -10,    0,    0,  -10,    0,    0,   -4,    0,    0,    0,    0,    0,    0,
       0,    0,    0,    0,    0,    0,    0,    0,    0,    0,    0,    0,    0,    0,    0,    0,    0,    0,    0,    0,    0,    0,    0,    0,    0,    0,    0,    0,    0,    0,    0,    0,    0,    0,    0,    0,    0,    0,    0,    0,    0,    0,    0,    0,    0,    0,    0,    0,    0,    0,    0,    0,    0,    0,    0,    0,    0,    0,    0,    0,    0,    0,    0,    0,    0,    0,    0,    0,    0,    0,    0,    0,    0,    0,    0,    0,    0,    0,    0,    0,    0,    0,    0,    0,    0,    0,    0,    0,    3,    0,    0,    0,    0,    0,   -3,  -10,    0,   -2,   -5,    0,   -6,    0,    0,    0,   -4,    0,    0,    0,    0,    0,    0,    0,    0,    0,
       0,    0,    0,    0,    0,    0,    0,    0,    0,    0,    0,    0,    0,    0,    0,    0,    0,    0,    0,    0,    0,    0,    0,    0,    0,    0,    0,    0,    0,    0,    0,    0,    0,    0,    0,    0,    0,    0,    0,    0,    0,    0,    0,    0,    0,    0,    0,    0,    0,    0,    0,    0,    0,    0,    0,    0,    0,    0,    0,    0,    0,    0,    0,    0,    0,    0,    0,    0,    0,    0,    0,    0,    0,    0,    0,    0,    0,    0,    0,    0,    0,    0,    0,    0,    0,    0,    0,    0,  -16,    0,    0,   -8,    0,    0,   -3,    0,  -20,  -13,    0,   -4,   -2,  -10,    0,  -20,  -13,    0,    0,  -13,    0,    0,    0,    0,    0,    0,
       0,    0,    0,    0,    0,    0,    0,    0,    0,    0,    0,    0,    0,    0,    0,    0,    0,    0,    0,    0,    0,    0,    0,    0,    0,    0,    0,    0,    0,    0,    0,    0,    0,    0,    0,    0,    0,    0,    0,    0,    0,    0,    0,    0,    0,    0,    0,    0,    0,    0,    0,    0,    0,    0,    0,    0,    0,    0,    0,    0,    0,    0,    0,    0,    0,    0,    0,    0,    0,    0,    0,    0,    0,    0,    0,    0,    0,    0,    0,    0,    0,    0,    0,    0,    0,    0,    0,    0,   -4,    0,    0,    0,    0,    0,   -5,    0,    0,    0,    0,   -4,    0,   -6,    0,    0,   -8,    0,    0,   -9,    0,    0,    0,    0,    0,    0,
       0,    0,    0,    0,    0,    0,    0,    0,    0,    0,    0,    0,    0,    0,    0,    0,    0,    0,    0,    0,    0,    0,    0,    0,    0,    0,    0,    0,    0,    0,    0,    0,    0,    0,    0,    0,    0,    0,    0,    0,    0,    0,    0,    0,    0,    0,    0,    0,    0,    0,    0,    0,    0,    0,    0,    0,    0,    0,    0,    0,    0,    0,    0,    0,    0,    0,    0,    0,    0,    0,    0,    0,    0,    0,    0,    0,    0,    0,    0,    0,    0,    0,    0,    0,    0,    0,    0,    0,   -3,    0,    0,    0,    0,    0,    0,    0,    0,    0,    0,    0,    0,    0,    0,    0,    0,    0,    0,    0,    0,    0,    0,    0,    0,    0,
       0,    0,    0,    0,    0,    0,    0,    0,    0,    0,    0,    0,    0,    0,    0,    0,    0,    0,    0,    0,    0,    0,    0,    0,    0,    0,    0,    0,    0,    0,    0,    0,    0,    0,    0,    0,    0,    0,    0,    0,    0,    0,    0,    0,    0,    0,    0,    0,    0,    0,    0,    0,    0,    0,    0,    0,    0,    0,    0,    0,    0,    0,    0,    0,    0,    0,    0,    0,    0,    0,    0,    0,    0,    0,    0,    0,    0,    0,    0,    0,    0,    0,    0,    0,    0,    0,    0,    0,    0,    0,   -2,    0,    0,    0,   -8,    0,  -15,   -1,    0,    0,    0,    0,    0,   -9,   -6,   -3,   -3,   -2,    0,    0,    0,    0,    0,    0,
       0,    0,    0,    0,    0,    0,    0,    0,    0,    0,    0,    0,    0,    0,    0,    0,    0,    0,    0,    0,    0,    0,    0,    0,    0,    0,    0,    0,    0,    0,    0,    0,    0,    0,    0,    0,    0,    0,    0,    0,    0,    0,    0,    0,    0,    0,    0,    0,    0,    0,    0,    0,    0,    0,    0,    0,    0,    0,    0,    0,    0,    0,    0,    0,    0,    0,    0,    0,    0,    0,    0,    0,    0,    0,    0,    0,    0,    0,    0,    0,    0,    0,    0,    0,    0,    0,    0,    0,  -24,    0,    0,   -8,    0,   -6,   -6,    0,    0,   -6,    0,  -12,   -6,   -6,    0,    0,   -8,    0,    0,   -8,    0,   -8,    0,    0,    0,    0,
       0,    0,    0,    0,    0,    0,    0,    0,    0,    0,    0,    0,    0,    0,    0,    0,    0,    0,    0,    0,    0,    0,    0,    0,    0,    0,    0,    0,    0,    0,    0,    0,    0,    0,    0,    0,    0,    0,    0,    0,    0,    0,    0,    0,    0,    0,    0,    0,    0,    0,    0,    0,    0,    0,    0,    0,    0,    0,    0,    0,    0,    0,    0,    0,    0,    0,    0,    0,    0,    0,    0,    0,    0,    0,    0,    0,    0,    0,    0,    0,    0,    0,    0,    0,    0,    0,    0,    0,    0,    0,    0,    0,    0,    0,   -3,    0,    0,   -2,    0,    0,   -5,   -5,    0,   -9,   -9,    0,    0,    0,    0,    0,    0,    0,    0,    0,
       0,    0,    0,    0,    0,    0,    0,    0,    0,    0,    0,    0,    0,    0,    0,    0,    0,    0,    0,    0,    0,    0,    0,    0,    0,    0,    0,    0,    0,    0,    0,    0,    0,    0,    0,    0,    0,    0,    0,    0,    0,    0,    0,    0,    0,    0,    0,    0,    0,    0,    0,    0,    0,    0,    0,    0,    0,    0,    0,    0,    0,    0,    0,    0,    0,    0,    0,    0,    0,    0,    0,    0,    0,    0,    0,    0,    0,    0,    0,    0,    0,    0,    0,    0,    0,    0,    0,    0,  -16,   -3,    0,    0,    0,    0,   -3,    0,  -12,   -9,    0,    0,    0,   -3,    0,  -18,   -5,    0,    0,    0,    3,   -1,    0,    0,    0,    0,
       0,    0,    0,    0,    0,    0,    0,    0,    0,    0,    0,    0,    0,    0,    0,    0,    0,    0,    0,    0,    0,    0,    0,    0,    0,    0,    0,    0,    0,    0,    0,    0,    0,    0,    0,    0,    0,    0,    0,    0,    0,    0,    0,    0,    0,    0,    0,    0,    0,    0,    0,    0,    0,    0,    0,    0,    0,    0,    0,    0,    0,    0,    0,    0,    0,    0,    0,    0,    0,    0,    0,    0,    0,    0,    0,    0,    0,    0,    0,    0,    0,    0,    0,    0,    0,    0,    0,    0,    0,    0,    0,    0,    0,    0,    0,    0,    0,   -8,    0,   -2,   -8,  -10,    0,    0,  -10,    0,    0,    0,    0,    0,    0,    0,    0,    0,
       0,    0,    0,    0,    0,    0,    0,    0,    0,    0,    0,    0,    0,    0,    0,    0,    0,    0,    0,    0,    0,    0,    0,    0,    0,    0,    0,    0,    0,    0,    0,    0,    0,    0,    0,    0,    0,    0,    0,    0,    0,    0,    0,    0,    0,    0,    0,    0,    0,    0,    0,    0,    0,    0,    0,    0,    0,    0,    0,    0,    0,    0,    0,    0,    0,    0,    0,    0,    0,    0,    0,    0,    0,    0,    0,    0,    0,    0,    0,    0,    0,    0,    0,    0,    0,    0,    0,    0,    0,    0,    0,    0,    0,    0,   -5,   -7,    0,   -4,    0,    0,    0,    0,    0,    0,    0,    0,    0,    0,    0,    0,    0,    0,    0,    0,
       0,    0,    0,    0,    0,    0,    0,    0,    0,    0,    0,    0,    0,    0,    0,    0,    0,    0,    0,    0,    0,    0,    0,    0,    0,    0,    0,    0,    0,    0,    0,    0,    0,    0,    0,    0,    0,    0,    0,    0,    0,    0,    0,    0,    0,    0,    0,    0,    0,    0,    0,    0,    0,    0,    0,    0,    0,    0,    0,    0,    0,    0,    0,    0,    0,    0,    0,    0,    0,    0,    0,    0,    0,    0,    0,    0,    0,    0,    0,    0,    0,    0,    0,    0,    0,    0,    0,    0,    0,    0,    0,    0,    0,    0,   -3,    0,  -12,    0,   -3,    0,    0,   -3,    0,   -5,   -2,    0,    0,   -9,    0,    0,    0,    0,    0,    0,
       0,    0,    0,    0,    0,    0,    0,    0,    0,    0,    0,    0,    0,    0,    0,    0,    0,    0,    0,    0,    0,    0,    0,    0,    0,    0,    0,    0,    0,    0,    0,    0,    0,    0,    0,    0,    0,    0,    0,    0,    0,    0,    0,    0,    0,    0,    0,    0,    0,    0,    0,    0,    0,    0,    0,    0,    0,    0,    0,    0,    0,    0,    0,    0,    0,    0,    0,    0,    0,    0,    0,    0,    0,    0,    0,    0,    0,    0,    0,    0,    0,    0,    0,    0,    0,    0,    0,    0,    0,    0,    0,    0,    0,    0,   -6,    0,    0,    0,    0,    0,    0,   -4,    0,    0,    0,    0,    0,    0,    0,    0,    0,    0,    0,    0,
       0,    0,    0,    0,    0,    0,    0,    0,    0,    0,    0,    0,    0,    0,    0,    0,    0,    0,    0,    0,    0,    0,    0,    0,    0,    0,    0,    0,    0,    0,    0,    0,    0,    0,    0,    0,    0,    0,    0,    0,    0,    0,    0,    0,    0,    0,    0,    0,    0,    0,    0,    0,    0,    0,    0,    0,    0,    0,    0,    0,    0,    0,    0,    0,    0,    0,    0,    0,    0,    0,    0,    0,    0,    0,    0,    0,    0,    0,    0,    0,    0,    0,    0,    0,    0,    0,    0,    0,    0,    0,    0,    0,    0,    0,    0,    0,   -6,   -8,   -6,    0,    0,   -6,    0,  -14,   -3,    0,    0,    0,   -6,    0,    0,    0,    0,    0,
       0,    0,    0,    0,    0,    0,    0,    0,    0,    0,    0,    0,    0,    0,    0,    0,    0,    0,    0,    0,    0,    0,    0,    0,    0,    0,    0,    0,    0,    0,    0,    0,    0,    0,    0,    0,    0,    0,    0,    0,    0,    0,    0,    0,    0,    0,    0,    0,    0,    0,    0,    0,    0,    0,    0,    0,    0,    0,    0,    0,    0,    0,    0,    0,    0,    0,    0,    0,    0,    0,    0,    0,    0,    0,    0,    0,    0,    0,    0,    0,    0,    0,    0,    0,    0,    0,    0,   -2,   -4,    0,   -3,    0,    0,    0,    0,   -8,    0,    0,    0,   -4,    0,  -10,    0,    0,   -9,    0,    0,    0,    0,    0,    0,    0,    0,    0,
       0,    0,    0,    0,    0,    0,    0,    0,    0,    0,    0,    0,    0,    0,    0,    0,    0,    0,    0,    0,    0,    0,    0,    0,    0,    0,    0,    0,    0,    0,    0,    0,    0,    0,    0,    0,    0,    0,    0,    0,    0,    0,    0,    0,    0,    0,    0,    0,    0,    0,    0,    0,    0,    0,    0,    0,    0,    0,    0,    0,    0,    0,    0,    0,    0,    0,    0,    0,    0,    0,    0,    0,    0,    0,    0,    0,    0,    0,    0,    0,    0,    0,    0,    0,    0,    0,    0,    0,  -16,    0,    0,    0,    0,    0,   -8,    0,  -12,   -3,    0,    0,   -6,   -9,    0,  -12,   -9,    0,    0,   -8,    0,  -10,    0,    0,    0,    0,
       0,    0,    0,    0,    0,    0,    0,    0,    0,    0,    0,    0,    0,    0,    0,    0,    0,    0,    0,    0,    0,    0,    0,    0,    0,    0,    0,    0,    0,    0,    0,    0,    0,    0,    0,    0,    0,    0,    0,    0,    0,    0,    0,    0,    0,    0,    0,    0,    0,    0,    0,    0,    0,    0,    0,    0,    0,    0,    0,    0,    0,    0,    0,    0,    0,    0,    0,    0,    0,    0,    0,    0,    0,    0,    0,    0,    0,    0,    0,    0,    0,    0,    0,    0,    0,    0,    0,    0,  -11,    0,    0,    0,    0,    0,   -3,    0,    0,  -11,    0,   -6,    0,   -9,    0,    0,   -6,    0,    0,   -6,    0,    0,    0,    0,    0,    0,
       0,    0,    0,    0,    0,    0,    0,    0,    0,    0,    0,    0,    0,    0,    0,    0,    0,    0,    0,    0,    0,    0,    0,    0,    0,    0,    0,    0,    0,    0,    0,    0,    0,    0,    0,    0,    0,    0,    0,    0,    0,    0,    0,    0,    0,    0,    0,    0,    0,    0,    0,    0,    0,    0,    0,    0,    0,    0,    0,    0,    0,    0,    0,    0,    0,    0,    0,    0,    0,    0,    0,    0,    0,    0,    0,    0,    0,    0,    0,    0,    0,    0,    0,    0,    0,    0,    0,    0,    0,    0,  -19,    0,  -20,    0,    0,   -7,    0,   -3,   -3,    0,  -15,  -16,  -16,    0,   -4,    0,    0,    0,   -8,    0,    0,    0,    0,    0,
       0,    0,    0,    0,    0,    0,    0,    0,    0,    0,    0,    0,    0,    0,    0,    0,    0,    0,    0,    0,    0,    0,    0,    0,    0,    0,    0,    0,    0,    0,    0,    0,    0,    0,    0,    0,    0,    0,    0,    0,    0,    0,    0,    0,    0,    0,    0,    0,    0,    0,    0,    0,    0,    0,    0,    0,    0,    0,    0,    0,    0,    0,    0,    0,    0,    0,    0,   38,    0,    0,    0,   38,    0,    0,    0,    0,    0,    0,    0,    0,    0,    0,    0,    0,    0,    0,    0,    0,    0,    0,    0,    0,    0,    0,    0,    0,    0,    0,    0,    0,    0,    0,    0,    0,    0,    0,    0,    0,    0,    0,    0,    0,    0,    0,
       0,    0,    0,    0,    0,  -25,    0,    0,    0,    0,  -40,    0,  -40,  -38,    0,    0,    0,    0,  -25,    0,    0,    0,    0,    0,    0,    0,    0,  -38,    0,    0,  -59,    0,    0,    0,    0,    0,    0,    0,    0,    0,    0,  -16,    0,    0,    0,    0,   -7,    0,    0,    0,    0,    0,    0,    0,    0,    0,    0,    0,    0,  -25,    0,    0,    0,  -16,    0,    0,    0,    0,  -16,    0,    0,    0,    0,  -45,    0,    0,    0,  -25,    0,    0,  -57,  -34,    0,    0,    0,   -7,    0,    0,    0,    0,    0,    0,    0,    0,    0,    0,    0,    0,    0,    0,    0,    0,    0,    0,    0,    0,    0,    0,    0,    0,    0,    0,  -34,  -40,
       0,    0,    0,  -50,    0,  -27,    0,    0,    0,  -22,  -48,  -22,  -48,  -57,  -18,    0,    0,    0,  -38,    0,  -25,  -16,  -23,  -38,  -23,    0,  -23,  -55,    0,  -23,  -50,    0,    0,    0,    0,    0,    0,    0,    0,  -16,  -23,  -25,    0,    0,    0,  -10,  -29,    4,  -16,    4,    0,    0,    0,  -41,  -34,    0,  -22,    0,    0,  -27,    0,  -23,  -23,  -25,    0,    0,    0,    0,  -25,  -16,    0,    0,    0,  -36,    0,    0,    0,  -20,  -23,    0,  -48,  -25,    4,    0,    4,  -42,    0,    0,    0,    0,    0,    0,    0,    0,    0,    0,    0,    0,    0,    0,    0,    0,    0,    0,    0,    0,    0,    0,    0,    0,    0,    0,    0,  -48,
       0,    0,    0,    0,    0,    0,    0,    0,    0,    0,    0,    0,    0,    0,    0,  -27,    0,    0,    0,    0,    0,    0,    0,    0,    0,    0,    0,    0,    0,    0,    0,  -38,    0,  -36,  -25,    0,  -43,    0,    0,    0,  -13,    0,    0,    0,    0,    0,    0,    0,    0,  -20,    0,    0,    0,    0,    0,    0,    0,    0,    0,    0,    0,  -13,  -13,    0,    0,    0,    0,    0,    0,    0,    0,    0,  -38,   20,    0,    0,    0,   20,    0,  -25,   25,   25,  -20,    0,    0,    0,  -43,    0,    0,    0,    0,    0,    0,    0,    0,    0,    0,    0,    0,    0,    0,    0,    0,    0,    0,    0,    0,    0,    0,    0,  -50,  -38,    0,    0,
};

static const EpdFontData ui_12_semibold = {
    ui_12_semiboldBitmaps,
    ui_12_semiboldGlyphs,
    ui_12_semiboldIntervals,
    136,
    30,
    25,
    -7,
    false,
    nullptr,
    0,
    nullptr,
    ui_12_semiboldKernLeftClasses,
    ui_12_semiboldKernRightClasses,
    ui_12_semiboldKernMatrix,
    360,
    366,
    110,
    114,
    nullptr,
    0,
};
