/**
 * generated by fontconvert.py
 * name: ui_10_semibold
 * size: 10
 * mode: 1-bit
 * Generated by scripts/build_ui_fonts.py
 */
#pragma once
#include "EpdFontData.h"

static const uint8_t ui_10_semiboldBitmaps[16550] = {
    0xFF, 0xFF, 0xFF, 0xFF, 0x81, 0xFF, 0xEF, 0xDF, 0xBF, 0x7E, 0xFD, 0xC0, 0x0C, 0x70, 0x31, 0xC0,
    0xC6, 0x03, 0x18, 0x7F, 0xF9, 0xFF, 0xE1, 0xCE, 0x06, 0x38, 0x18, 0xC0, 0xE3, 0x0F, 0xFF, 0x3F,
    0xFC, 0x30, 0xC0, 0xC7, 0x03, 0x1C, 0x0C, 0x60, 0x02, 0x00, 0x20, 0x0F, 0xC3, 0xFE, 0x7F, 0xF7,
    0x27, 0x72, 0x27, 0x20, 0x7E, 0x03, 0xFC, 0x0F, 0xE0, 0x3F, 0x02, 0x76, 0x27, 0x72, 0x77, 0xFF,
    0x3F, 0xE1, 0xF8, 0x02, 0x00, 0x20, 0x78, 0x0C, 0x7E, 0x0E, 0x3F, 0x06, 0x19, 0x86, 0x0F, 0xC7,
    0x07, 0xE3, 0x01, 0xE3, 0x00, 0x03, 0x80, 0x01, 0x8E, 0x01, 0x8F, 0x81, 0xCE, 0x60, 0xC6, 0x30,
    0xC3, 0x18, 0x61, 0xDC, 0x60, 0xFE, 0x60, 0x3E, 0x1E, 0x01, 0xF8, 0x1E, 0xE0, 0xE7, 0x07, 0x38,
    0x3B, 0xC0, 0xFC, 0x07, 0xC0, 0x7E, 0x77, 0xFB, 0xB9, 0xFD, 0xC7, 0xEE, 0x1E, 0x79, 0xF1, 0xFF,
    0xC7, 0xEF, 0xFF, 0xFF, 0xC0, 0x38, 0xE7, 0x1C, 0x73, 0x8E, 0x38, 0xE3, 0x8E, 0x38, 0xE3, 0x8E,
    0x1C, 0x71, 0xC3, 0x8E, 0x61, 0xC7, 0x0E, 0x38, 0xE3, 0x87, 0x1C, 0x71, 0xC7, 0x1C, 0x73, 0x8E,
    0x39, 0xC7, 0x18, 0x0C, 0x03, 0x06, 0xD9, 0xFE, 0x1E, 0x1F, 0xE6, 0xD8, 0x30, 0x0C, 0x00, 0x0E,
    0x01, 0xC0, 0x38, 0x07, 0x0F, 0xFF, 0xFF, 0xC3, 0x80, 0x70, 0x0E, 0x01, 0xC0, 0x30, 0x00, 0x77,
    0x6E, 0xEC, 0x01, 0xFF, 0xF8, 0xDF, 0x00, 0x07, 0x06, 0x0E, 0x0E, 0x0E, 0x0C, 0x1C, 0x1C, 0x18,
    0x18, 0x38, 0x38, 0x30, 0x30, 0x70, 0x70, 0x60, 0x60, 0xE0, 0x1F, 0x03, 0xFC, 0x79, 0xE7, 0x0E,
    0xE0, 0xEE, 0x07, 0xE0, 0x7E, 0x07, 0xE0, 0x7E, 0x07, 0xE0, 0x7E, 0x0E, 0x70, 0xE7, 0x9E, 0x3F,
    0xC1, 0xF0, 0x1E, 0x7D, 0xFF, 0x7C, 0xE1, 0xC3, 0x87, 0x0E, 0x1C, 0x38, 0x70, 0xE1, 0xC3, 0x87,
    0x3F, 0x1F, 0xEF, 0x3F, 0x87, 0xE1, 0xC0, 0x70, 0x1C, 0x0E, 0x07, 0x83, 0xC1, 0xE0, 0xF0, 0x78,
    0x3E, 0x0F, 0xFF, 0xFF, 0x1F, 0x0F, 0xF9, 0xEF, 0x70, 0x76, 0x0E, 0x01, 0xC0, 0xF0, 0x7C, 0x0F,
    0xC0, 0x3C, 0x03, 0x80, 0x7E, 0x0F, 0xF3, 0xDF, 0xF0, 0xF8, 0x03, 0xC0, 0x7C, 0x07, 0xC0, 0xFC,
    0x0D, 0xC1, 0xDC, 0x39, 0xC3, 0x9C, 0x71, 0xC7, 0x1C, 0xE1, 0xCF, 0xFF, 0xFF, 0xF0, 0x1C, 0x01,
    0xC0, 0x1C, 0x7F, 0xCF, 0xF9, 0xC0, 0x30, 0x0E, 0x01, 0xDE, 0x3F, 0xE7, 0x9E, 0x01, 0xE0, 0x1C,
    0x03, 0xF0, 0x7E, 0x1D, 0xE7, 0x9F, 0xE0, 0xF8, 0x1F, 0x07, 0xF9, 0xE7, 0x38, 0x7E, 0x0D, 0xC0,
    0x3B, 0xE7, 0xFE, 0xF1, 0xFC, 0x1F, 0x83, 0xF0, 0x77, 0x0E, 0xF7, 0x8F, 0xF0, 0xF8, 0xFF, 0xFF,
    0xF0, 0x1C, 0x07, 0x03, 0x80, 0xE0, 0x70, 0x1C, 0x0E, 0x03, 0x81, 0xC0, 0x70, 0x38, 0x0E, 0x03,
    0x81, 0xC0, 0x1F, 0x0F, 0xF9, 0xEF, 0x70, 0x7E, 0x0F, 0xC1, 0xDE, 0xF1, 0xFC, 0x7F, 0xDE, 0x3F,
    0x83, 0xF0, 0x7E, 0x0F, 0xF3, 0xDF, 0xF0, 0xF8, 0x1F, 0x0F, 0xF1, 0xEF, 0x70, 0xEE, 0x0F, 0xC1,
    0xF8, 0x3F, 0x8F, 0x7F, 0xE7, 0xDC, 0x03, 0xF0, 0x7E, 0x1C, 0xE7, 0x9F, 0xE0, 0xF8, 0xDF, 0x00,
    0x00, 0xDF, 0x00, 0x67, 0x60, 0x00, 0x00, 0x06, 0x66, 0x6C, 0xC0, 0x00, 0x00, 0x30, 0x3C, 0x3F,
    0x3F, 0x3F, 0x0F, 0x03, 0xE0, 0x7E, 0x07, 0xE0, 0x7C, 0x07, 0x00, 0x40, 0x00, 0x3F, 0xFF, 0xFC,
    0x00, 0x00, 0x00, 0x0F, 0xFF, 0xFF, 0x00, 0x30, 0x0F, 0x03, 0xF0, 0x3F, 0x03, 0xF0, 0x3C, 0x1F,
    0x1F, 0x9F, 0x8F, 0x83, 0x80, 0x80, 0x00, 0x3F, 0x1F, 0xEF, 0x3B, 0x87, 0xC1, 0xC0, 0xF0, 0x78,
    0x3C, 0x1E, 0x07, 0x01, 0xC0, 0x00, 0x00, 0x07, 0x01, 0xC0, 0x70, 0x03, 0xF8, 0x01, 0xFF, 0xC0,
    0x7C, 0x7C, 0x1E, 0x01, 0xC7, 0x80, 0x1C, 0xE3, 0xFB, 0xB8, 0xFF, 0x3F, 0x38, 0xE7, 0xE6, 0x0C,
    0xFC, 0xC1, 0x9F, 0x98, 0x33, 0xF3, 0x06, 0x7E, 0x71, 0xCF, 0xCF, 0x7F, 0x9C, 0xFF, 0xF3, 0xCF,
    0x3C, 0x3C, 0x00, 0x03, 0xE1, 0x80, 0x3F, 0xF8, 0x01, 0xFE, 0x00, 0x03, 0xC0, 0x03, 0xC0, 0x07,
    0xE0, 0x07, 0xE0, 0x06, 0xE0, 0x0E, 0x70, 0x0E, 0x70, 0x0E, 0x70, 0x1C, 0x38, 0x1C, 0x38, 0x1F,
    0xF8, 0x3F, 0xFC, 0x38, 0x1C, 0x38, 0x1C, 0x70, 0x1E, 0x70, 0x0E, 0xFF, 0x9F, 0xFB, 0x8F, 0x70,
    0x7E, 0x0F, 0xC1, 0xF8, 0xF7, 0xFC, 0xFF, 0xDC, 0x3F, 0x83, 0xF0, 0x7E, 0x0F, 0xC3, 0xFF, 0xF7,
    0xFC, 0x0F, 0xC0, 0xFF, 0x83, 0xCF, 0x1C, 0x0E, 0xF0, 0x3B, 0x80, 0x0E, 0x00, 0x38, 0x00, 0xE0,
    0x03, 0x80, 0x0E, 0x00, 0x3C, 0x0E, 0x70, 0x38, 0xF3, 0xC3, 0xFE, 0x03, 0xF0, 0xFF, 0x87, 0xFE,
    0x38, 0xF9, 0xC1, 0xEE, 0x07, 0x70, 0x1F, 0x80, 0xFC, 0x07, 0xE0, 0x3F, 0x01, 0xF8, 0x0F, 0xC0,
    0xEE, 0x0F, 0x71, 0xF3, 0xFF, 0x1F, 0xF0, 0xFF, 0xFF, 0xFE, 0x03, 0x80, 0xE0, 0x38, 0x0E, 0x03,
    0xFF, 0xFF, 0xF8, 0x0E, 0x03, 0x80, 0xE0, 0x38, 0x0F, 0xFF, 0xFF, 0xFF, 0xFF, 0xFE, 0x03, 0x80,
    0xE0, 0x38, 0x0E, 0x03, 0x80, 0xFF, 0xBF, 0xEE, 0x03, 0x80, 0xE0, 0x38, 0x0E, 0x03, 0x80, 0x0F,
    0xC0, 0x7F, 0xC3, 0xCF, 0x9C, 0x0E, 0xF0, 0x3F, 0x80, 0x0E, 0x00, 0x38, 0x00, 0xE1, 0xFF, 0x87,
    0xFE, 0x01, 0xFC, 0x07, 0x70, 0x38, 0xF3, 0xE1, 0xFF, 0x03, 0xF0, 0xE0, 0x3F, 0x01, 0xF8, 0x0F,
    0xC0, 0x7E, 0x03, 0xF0, 0x1F, 0x80, 0xFF, 0xFF, 0xFF, 0xFF, 0x01, 0xF8, 0x0F, 0xC0, 0x7E, 0x03,
    0xF0, 0x1F, 0x80, 0xFC, 0x07, 0xFF, 0xFF, 0xFF, 0xFF, 0xFF, 0xFF, 0x01, 0xC0, 0x70, 0x1C, 0x07,
    0x01, 0xC0, 0x70, 0x1C, 0x07, 0x01, 0xC0, 0x7E, 0x1F, 0x87, 0xE1, 0xFC, 0xE7, 0xF8, 0xF8, 0xE0,
    0x77, 0x07, 0x38, 0x79, 0xC7, 0x8E, 0x78, 0x77, 0x83, 0xB8, 0x1F, 0xC0, 0xFF, 0x07, 0xB8, 0x38,
    0xE1, 0xC7, 0x8E, 0x1C, 0x70, 0x73, 0x83, 0xDC, 0x0E, 0xE0, 0x38, 0x0E, 0x03, 0x80, 0xE0, 0x38,
    0x0E, 0x03, 0x80, 0xE0, 0x38, 0x0E, 0x03, 0x80, 0xE0, 0x3F, 0xEF, 0xFF, 0xFF, 0xF0, 0x0F, 0xF8,
    0x1F, 0xF8, 0x1F, 0xF8, 0x1F, 0xFC, 0x3F, 0xFC, 0x3F, 0xEC, 0x37, 0xEE, 0x77, 0xEE, 0x77, 0xEE,
    0x67, 0xE7, 0xE7, 0xE7, 0xE7, 0xE3, 0xC7, 0xE3, 0xC7, 0xE3, 0xC7, 0xE1, 0x87, 0xF0, 0x3F, 0x81,
    0xFE, 0x0F, 0xF0, 0x7F, 0xC3, 0xFF, 0x1F, 0xB8, 0xFD, 0xE7, 0xE7, 0x3F, 0x1D, 0xF8, 0xEF, 0xC3,
    0xFE, 0x1F, 0xF0, 0x7F, 0x81, 0xFC, 0x0F, 0x0F, 0xC0, 0x7F, 0x83, 0xCF, 0x1C, 0x0E, 0xF0, 0x3F,
    0x80, 0x7E, 0x01, 0xF8, 0x07, 0xE0, 0x1F, 0x80, 0x7E, 0x01, 0xFC, 0x0F, 0x70, 0x38, 0xF3, 0xC1,
    0xFE, 0x03, 0xF0, 0xFF, 0x1F, 0xFB, 0x8F, 0xF0, 0x7E, 0x0F, 0xC1, 0xF8, 0x3F, 0x0F, 0xFF, 0xDF,
    0xF3, 0x80, 0x70, 0x0E, 0x01, 0xC0, 0x38, 0x07, 0x00, 0x0F, 0xC0, 0x7F, 0x83, 0xCF, 0x1C, 0x0E,
    0xF0, 0x3F, 0x80, 0x7E, 0x01, 0xF8, 0x07, 0xE0, 0x1F, 0x80, 0x7E, 0x19, 0xFC, 0x7F, 0x78, 0xF8,
    0xFF, 0xC1, 0xFF, 0x03, 0xFE, 0x00, 0x18, 0xFF, 0x0F, 0xFC, 0xE3, 0xEE, 0x0E, 0xE0, 0xEE, 0x0E,
    0xE0, 0xEE, 0x1E, 0xFF, 0xCF, 0xF8, 0xE7, 0x8E, 0x38, 0xE1, 0xCE, 0x1C, 0xE0, 0xEE, 0x0E, 0x0F,
    0xC3, 0xFE, 0x79, 0xF7, 0x07, 0x70, 0x27, 0x00, 0x7E, 0x03, 0xFC, 0x0F, 0xE0, 0x1F, 0x00, 0x76,
    0x07, 0x70, 0x77, 0x9F, 0x3F, 0xE1, 0xF8, 0xFF, 0xFF, 0xFF, 0x07, 0x00, 0x70, 0x07, 0x00, 0x70,
    0x07, 0x00, 0x70, 0x07, 0x00, 0x70, 0x07, 0x00, 0x70, 0x07, 0x00, 0x70, 0x07, 0x00, 0x70, 0xE0,
    0x7E, 0x07, 0xE0, 0x7E, 0x07, 0xE0, 0x7E, 0x07, 0xE0, 0x7E, 0x07, 0xE0, 0x7E, 0x07, 0xE0, 0x7E,
    0x07, 0xF0, 0xF7, 0x9E, 0x3F, 0xC1, 0xF8, 0x70, 0x1E, 0xE0, 0x39, 0xC0, 0x71, 0xC1, 0xE3, 0x83,
    0x87, 0x07, 0x07, 0x0E, 0x0E, 0x38, 0x1C, 0x70, 0x1C, 0xE0, 0x3B, 0x80, 0x77, 0x00, 0x7E, 0x00,
    0xF8, 0x01, 0xF0, 0x01, 0xE0, 0x70, 0x70, 0x3B, 0x83, 0xC3, 0x9C, 0x3E, 0x1C, 0xE1, 0xF0, 0xE3,
    0x8F, 0x87, 0x1C, 0x6E, 0x70, 0xE7, 0x73, 0x87, 0x3B, 0x9C, 0x1D, 0xCC, 0xE0, 0xEC, 0x66, 0x07,
    0x63, 0xF0, 0x3F, 0x1F, 0x80, 0xF8, 0x7C, 0x07, 0x83, 0xC0, 0x3C, 0x1E, 0x01, 0xE0, 0xF0, 0x78,
    0x1C, 0x70, 0x70, 0x71, 0xE0, 0xF3, 0x80, 0xEE, 0x00, 0xFC, 0x01, 0xF0, 0x01, 0xE0, 0x03, 0xC0,
    0x0F, 0x80, 0x3B, 0x80, 0x77, 0x81, 0xC7, 0x07, 0x87, 0x0E, 0x0F, 0x38, 0x0E, 0x70, 0x1C, 0xF0,
    0x70, 0xE0, 0xE1, 0xE3, 0x81, 0xC7, 0x03, 0xDC, 0x03, 0xB8, 0x03, 0xE0, 0x07, 0xC0, 0x07, 0x00,
    0x0E, 0x00, 0x1C, 0x00, 0x38, 0x00, 0x70, 0x00, 0xE0, 0x01, 0xC0, 0xFF, 0xFF, 0xFC, 0x07, 0x80,
    0xE0, 0x38, 0x07, 0x01, 0xC0, 0x70, 0x0E, 0x03, 0x80, 0xE0, 0x1C, 0x07, 0x01, 0xE0, 0x3F, 0xFF,
    0xFF, 0xFF, 0xF9, 0xCE, 0x73, 0x9C, 0xE7, 0x39, 0xCE, 0x73, 0x9C, 0xE7, 0x3F, 0xF0, 0xE0, 0x60,
    0x60, 0x70, 0x70, 0x30, 0x30, 0x38, 0x38, 0x18, 0x18, 0x1C, 0x1C, 0x0C, 0x0E, 0x0E, 0x0E, 0x06,
    0x07, 0xFF, 0xCE, 0x73, 0x9C, 0xE7, 0x39, 0xCE, 0x73, 0x9C, 0xE7, 0x39, 0xFF, 0xF0, 0x00, 0x07,
    0x81, 0xE0, 0xFC, 0x33, 0x0C, 0xC6, 0x19, 0x86, 0x00, 0x3F, 0xFF, 0xFC, 0x73, 0x8C, 0x3F, 0x1F,
    0xEF, 0x3C, 0x87, 0x01, 0xCF, 0xF7, 0xFF, 0x87, 0xE1, 0xFD, 0xFF, 0xFD, 0xF7, 0xE0, 0x1C, 0x03,
    0x80, 0x70, 0x0E, 0xF1, 0xFF, 0x3E, 0xF7, 0x0E, 0xE0, 0xFC, 0x1F, 0x83, 0xF0, 0x7E, 0x1D, 0xF7,
    0xBF, 0xE7, 0x78, 0x1F, 0x07, 0xF1, 0xEF, 0x70, 0xEE, 0x01, 0xC0, 0x38, 0x07, 0x00, 0xE1, 0xCF,
    0x78, 0xFE, 0x0F, 0x80, 0x00, 0xE0, 0x1C, 0x03, 0x80, 0x73, 0xEE, 0xFF, 0xDE, 0xFF, 0x0F, 0xE0,
    0xFC, 0x1F, 0x83, 0xF0, 0x7E, 0x1E, 0xF7, 0xDF, 0xF9, 0xF7, 0x1F, 0x07, 0xF1, 0xEF, 0x70, 0xEE,
    0x0F, 0xFF, 0xFF, 0xFF, 0x00, 0xE0, 0x8F, 0x78, 0xFF, 0x0F, 0x80, 0x1E, 0x3E, 0x38, 0x38, 0x38,
    0xFE, 0xFE, 0x38, 0x38, 0x38, 0x38, 0x38, 0x38, 0x38, 0x38, 0x38, 0x38, 0x3E, 0xEF, 0xFD, 0xEF,
    0xF0, 0xFE, 0x0F, 0xC1, 0xF8, 0x3F, 0x07, 0xE1, 0xEF, 0x7D, 0xFF, 0x9F, 0x70, 0x0E, 0xE7, 0x9F,
    0xF1, 0xF8, 0xE0, 0x38, 0x0E, 0x03, 0x80, 0xEF, 0x3F, 0xEF, 0x3F, 0x87, 0xE1, 0xF8, 0x7E, 0x1F,
    0x87, 0xE1, 0xF8, 0x7E, 0x1F, 0x87, 0xDF, 0x01, 0xFF, 0xFF, 0xFF, 0xFF, 0xE0, 0x31, 0xCC, 0x00,
    0x1C, 0xE7, 0x39, 0xCE, 0x73, 0x9C, 0xE7, 0x39, 0xDF, 0xEE, 0x00, 0xE0, 0x1C, 0x03, 0x80, 0x70,
    0x0E, 0x1D, 0xC7, 0x39, 0xC7, 0x70, 0xFE, 0x1F, 0x83, 0xF8, 0x77, 0x0E, 0x71, 0xCF, 0x38, 0xF7,
    0x0E, 0xFF, 0xFF, 0xFF, 0xFF, 0xFF, 0xFF, 0xEE, 0x3C, 0xFF, 0x7E, 0xF7, 0xDE, 0xE3, 0x8E, 0xE3,
    0x8E, 0xE3, 0x8E, 0xE3, 0x8E, 0xE3, 0x8E, 0xE3, 0x8E, 0xE3, 0x8E, 0xE3, 0x8E, 0xE3, 0x8E, 0xEF,
    0x3F, 0xEF, 0x3F, 0x87, 0xE1, 0xF8, 0x7E, 0x1F, 0x87, 0xE1, 0xF8, 0x7E, 0x1F, 0x87, 0x1F, 0x07,
    0xF1, 0xEF, 0x70, 0x7E, 0x0F, 0xC1, 0xF8, 0x3F, 0x07, 0xE0, 0xEF, 0x78, 0xFE, 0x0F, 0x80, 0xEF,
    0x1F, 0xF3, 0xEF, 0x70, 0xEE, 0x0F, 0xC1, 0xF8, 0x3F, 0x07, 0xE1, 0xDF, 0x7B, 0xFE, 0x77, 0x8E,
    0x01, 0xC0, 0x38, 0x07, 0x00, 0x3E, 0xEF, 0xFD, 0xEF, 0xF0, 0xFE, 0x0F, 0xC1, 0xF8, 0x3F, 0x07,
    0xE1, 0xEF, 0x7D, 0xFF, 0x9F, 0x70, 0x0E, 0x01, 0xC0, 0x38, 0x07, 0x01, 0xDF, 0xFF, 0x8E, 0x1C,
    0x38, 0x70, 0xE1, 0xC3, 0x87, 0x0E, 0x00, 0x1F, 0x07, 0xF9, 0xE7, 0x38, 0x47, 0x80, 0x7E, 0x07,
    0xF0, 0x0F, 0x60, 0xEF, 0x3C, 0xFF, 0x0F, 0xC0, 0x38, 0x38, 0x38, 0xFE, 0xFE, 0x38, 0x38, 0x38,
    0x38, 0x38, 0x38, 0x38, 0x38, 0x3E, 0x1E, 0xE1, 0xF8, 0x7E, 0x1F, 0x87, 0xE1, 0xF8, 0x7E, 0x1F,
    0x87, 0xE1, 0xFC, 0xF7, 0xFC, 0xF7, 0xF0, 0x77, 0x0E, 0x70, 0xE3, 0x0E, 0x39, 0xC3, 0x9C, 0x19,
    0xC1, 0xD8, 0x1F, 0x80, 0xF8, 0x0F, 0x00, 0xF0, 0xE1, 0xC3, 0x9C, 0x78, 0xE7, 0x1E, 0x31, 0xC7,
    0x9C, 0x33, 0xE7, 0x0E, 0xD9, 0xC3, 0xB7, 0x60, 0xEC, 0xF8, 0x1F, 0x3E, 0x07, 0x8F, 0x01, 0xE3,
    0xC0, 0x38, 0x70, 0x70, 0xE3, 0x9C, 0x39, 0xC1, 0xF8, 0x1F, 0x80, 0xF0, 0x0F, 0x01, 0xF8, 0x1F,
    0x83, 0x9C, 0x70, 0xE7, 0x0E, 0xF0, 0x77, 0x0E, 0x70, 0xE3, 0x8E, 0x39, 0xC3, 0x9C, 0x19, 0xC1,
    0xF8, 0x1F, 0x80, 0xF0, 0x0F, 0x00, 0xF0, 0x0E, 0x00, 0xE0, 0x3C, 0x07, 0x80, 0xFF, 0xFF, 0xC1,
    0xE0, 0xE0, 0xE0, 0xF0, 0x70, 0x70, 0x70, 0x78, 0x3F, 0xFF, 0xF0, 0x0E, 0x3C, 0xF1, 0xC3, 0x87,
    0x0E, 0x1C, 0x71, 0xC3, 0xC3, 0xC3, 0x87, 0x0E, 0x1C, 0x38, 0x78, 0x78, 0x70, 0xFF, 0xFF, 0xFF,
    0xFF, 0xFF, 0xFF, 0xFF, 0xFF, 0xFF, 0xFC, 0xE1, 0xE1, 0xE1, 0xC3, 0x87, 0x0E, 0x1C, 0x3C, 0x1C,
    0x79, 0xC3, 0x87, 0x0E, 0x1C, 0x38, 0xF3, 0xC7, 0x00, 0x00, 0x0F, 0x1F, 0xFB, 0xF3, 0xFE, 0x3C,
    0xFF, 0x81, 0xFF, 0xFF, 0xFF, 0xFF, 0x0F, 0x70, 0x77, 0x07, 0x78, 0x73, 0x87, 0x38, 0x39, 0xC0,
    0xE7, 0x03, 0xBC, 0x0E, 0xE0, 0x7B, 0x80, 0x00, 0xFB, 0xFF, 0x3C, 0x7D, 0xDF, 0x1C, 0xDF, 0x00,
    0x3E, 0x3F, 0xB8, 0xF8, 0x3C, 0x1E, 0x0F, 0x8E, 0xFE, 0x3E, 0x00, 0x73, 0x81, 0xDE, 0x07, 0x70,
    0x3D, 0xC0, 0xE7, 0x07, 0x38, 0x7B, 0x83, 0xB8, 0x3B, 0xC3, 0x9C, 0x00, 0x0E, 0x03, 0x80, 0xE0,
    0x00, 0x00, 0x03, 0x80, 0xE0, 0x70, 0x7C, 0x3C, 0x0E, 0x03, 0x86, 0xE1, 0xFC, 0xE7, 0xF8, 0xFC,
    0x07, 0x00, 0x03, 0x00, 0x01, 0x80, 0x00, 0x00, 0x03, 0xC0, 0x03, 0xC0, 0x07, 0xE0, 0x07, 0xE0,
    0x06, 0xE0, 0x0E, 0x70, 0x0E, 0x70, 0x0E, 0x70, 0x1C, 0x38, 0x1C, 0x38, 0x1F, 0xF8, 0x3F, 0xFC,
    0x38, 0x1C, 0x38, 0x1C, 0x70, 0x1E, 0x70, 0x0E, 0x00, 0xE0, 0x00, 0xC0, 0x01, 0x80, 0x00, 0x00,
    0x03, 0xC0, 0x03, 0xC0, 0x07, 0xE0, 0x07, 0xE0, 0x06, 0xE0, 0x0E, 0x70, 0x0E, 0x70, 0x0E, 0x70,
    0x1C, 0x38, 0x1C, 0x38, 0x1F, 0xF8, 0x3F, 0xFC, 0x38, 0x1C, 0x38, 0x1C, 0x70, 0x1E, 0x70, 0x0E,
    0x01, 0x80, 0x03, 0xC0, 0x06, 0xE0, 0x04, 0x60, 0x00, 0x00, 0x03, 0xC0, 0x03, 0xC0, 0x07, 0xE0,
    0x07, 0xE0, 0x06, 0xE0, 0x0E, 0x70, 0x0E, 0x70, 0x0E, 0x70, 0x1C, 0x38, 0x1C, 0x38, 0x1F, 0xF8,
    0x3F, 0xFC, 0x38, 0x1C, 0x38, 0x1C, 0x70, 0x1E, 0x70, 0x0E, 0x06, 0x60, 0x0E, 0x70, 0x06, 0x60,
    0x00, 0x00, 0x03, 0xC0, 0x07, 0xC0, 0x07, 0xE0, 0x07, 0xE0, 0x07, 0xE0, 0x0E, 0x70, 0x0E, 0x70,
    0x0E, 0x70, 0x1C, 0x38, 0x1C, 0x38, 0x1F, 0xF8, 0x3F, 0xFC, 0x38, 0x1C, 0x38, 0x1C, 0x70, 0x1E,
    0x70, 0x0E, 0x03, 0xC0, 0x06, 0xE0, 0x06, 0x60, 0x06, 0x60, 0x03, 0xC0, 0x00, 0x00, 0x03, 0xC0,
    0x03, 0xC0, 0x07, 0xE0, 0x07, 0xE0, 0x06, 0xE0, 0x0E, 0x70, 0x0E, 0x70, 0x0E, 0x70, 0x1C, 0x38,
    0x1C, 0x38, 0x1F, 0xF8, 0x3F, 0xFC, 0x38, 0x1C, 0x38, 0x1C, 0x70, 0x1E, 0x70, 0x0E, 0x01, 0xFF,
    0xF0, 0x3F, 0xFF, 0x03, 0xBF, 0xE0, 0x3B, 0x80, 0x07, 0x38, 0x00, 0x73, 0x80, 0x0E, 0x38, 0x00,
    0xE3, 0xFE, 0x1E, 0x3F, 0xE1, 0xC3, 0x80, 0x1F, 0xF8, 0x03, 0xFF, 0x80, 0x38, 0x38, 0x07, 0x83,
    0x80, 0x70, 0x3F, 0xF7, 0x03, 0xFF, 0x0F, 0xC0, 0x7F, 0xC3, 0xCF, 0x9C, 0x0E, 0xF0, 0x1F, 0x80,
    0x0E, 0x00, 0x38, 0x00, 0xE0, 0x03, 0x80, 0x0E, 0x00, 0x3C, 0x07, 0x70, 0x38, 0xF3, 0xE1, 0xFF,
    0x03, 0xF0, 0x03, 0x00, 0x0F, 0x00, 0x0C, 0x00, 0xE0, 0x07, 0x01, 0x80, 0xC0, 0x00, 0xFF, 0xFF,
    0xFE, 0x03, 0x80, 0xE0, 0x38, 0x0E, 0x03, 0xFF, 0xFF, 0xF8, 0x0E, 0x03, 0x80, 0xE0, 0x38, 0x0F,
    0xFF, 0xFF, 0x0C, 0x07, 0x83, 0x30, 0x84, 0x00, 0x3F, 0xFF, 0xFF, 0x80, 0xE0, 0x38, 0x0E, 0x03,
    0x80, 0xFF, 0xFF, 0xFE, 0x03, 0x80, 0xE0, 0x38, 0x0E, 0x03, 0xFF, 0xFF, 0xC0, 0x73, 0x38, 0x0E,
    0x73, 0x9C, 0xE7, 0x39, 0xCE, 0x73, 0x9C, 0xE7, 0x39, 0xC0, 0x18, 0x1E, 0x1D, 0x8C, 0x60, 0x00,
    0xE0, 0x70, 0x38, 0x1C, 0x0E, 0x07, 0x03, 0x81, 0xC0, 0xE0, 0x70, 0x38, 0x1C, 0x0E, 0x07, 0x03,
    0x81, 0xC0, 0x0E, 0x00, 0x18, 0x00, 0x30, 0x00, 0x00, 0x00, 0x00, 0x3F, 0x01, 0xFE, 0x0F, 0x3C,
    0x70, 0x3B, 0xC0, 0xFE, 0x01, 0xF8, 0x07, 0xE0, 0x1F, 0x80, 0x7E, 0x01, 0xF8, 0x07, 0xF0, 0x3D,
    0xC0, 0xE3, 0xCF, 0x07, 0xF8, 0x0F, 0xC0, 0x01, 0xC0, 0x06, 0x00, 0x30, 0x00, 0x00, 0x00, 0x00,
    0x3F, 0x01, 0xFE, 0x0F, 0x3C, 0x70, 0x3B, 0xC0, 0xFE, 0x01, 0xF8, 0x07, 0xE0, 0x1F, 0x80, 0x7E,
    0x01, 0xF8, 0x07, 0xF0, 0x3D, 0xC0, 0xE3, 0xCF, 0x07, 0xF8, 0x0F, 0xC0, 0x0C, 0xC0, 0x73, 0x80,
    0xCC, 0x00, 0x00, 0x00, 0x00, 0x3F, 0x01, 0xFE, 0x0F, 0x3C, 0x70, 0x3B, 0xC0, 0xFE, 0x01, 0xF8,
    0x07, 0xE0, 0x1F, 0x80, 0x7E, 0x01, 0xF8, 0x07, 0xF0, 0x3D, 0xC0, 0xE3, 0xCF, 0x07, 0xF8, 0x0F,
    0xC0, 0x00, 0x00, 0x3F, 0x61, 0xFF, 0x8F, 0x3C, 0x70, 0x7B, 0xC3, 0xFE, 0x0D, 0xF8, 0x67, 0xE3,
    0x9F, 0x9C, 0x7E, 0x61, 0xFB, 0x87, 0xFC, 0x3D, 0xE0, 0xE3, 0xCF, 0x1F, 0xF8, 0x6F, 0xC0, 0x00,
    0x00, 0x1C, 0x00, 0xC0, 0x06, 0x00, 0x00, 0x00, 0x0E, 0x07, 0xE0, 0x7E, 0x07, 0xE0, 0x7E, 0x07,
    0xE0, 0x7E, 0x07, 0xE0, 0x7E, 0x07, 0xE0, 0x7E, 0x07, 0xE0, 0x7F, 0x0F, 0x79, 0xE3, 0xFC, 0x1F,
    0x80, 0x03, 0x80, 0x30, 0x06, 0x00, 0x00, 0x00, 0x0E, 0x07, 0xE0, 0x7E, 0x07, 0xE0, 0x7E, 0x07,
    0xE0, 0x7E, 0x07, 0xE0, 0x7E, 0x07, 0xE0, 0x7E, 0x07, 0xE0, 0x7F, 0x0F, 0x79, 0xE3, 0xFC, 0x1F,
    0x80, 0x19, 0x83, 0x9C, 0x19, 0x80, 0x00, 0x00, 0x0E, 0x07, 0xE0, 0x7E, 0x07, 0xE0, 0x7E, 0x07,
    0xE0, 0x7E, 0x07, 0xE0, 0x7E, 0x07, 0xE0, 0x7E, 0x07, 0xE0, 0x7F, 0x0F, 0x79, 0xE3, 0xFC, 0x1F,
    0x80, 0x01, 0xC0, 0x03, 0x00, 0x0E, 0x00, 0x00, 0x07, 0x01, 0xCF, 0x07, 0x0E, 0x0E, 0x1E, 0x38,
    0x1C, 0x70, 0x3D, 0xC0, 0x3B, 0x80, 0x3E, 0x00, 0x7C, 0x00, 0x70, 0x00, 0xE0, 0x01, 0xC0, 0x03,
    0x80, 0x07, 0x00, 0x0E, 0x00, 0x1C, 0x00, 0x3F, 0x0F, 0xF3, 0xCF, 0x70, 0xEE, 0x1D, 0xC3, 0xB8,
    0xE7, 0x78, 0xEF, 0xDC, 0x3F, 0x83, 0xF0, 0x7E, 0x0F, 0xC3, 0xFB, 0xF7, 0x7C, 0x38, 0x06, 0x00,
    0xC0, 0x00, 0x00, 0x0F, 0xC7, 0xFB, 0xCF, 0x21, 0xC0, 0x73, 0xFD, 0xFF, 0xE1, 0xF8, 0x7F, 0x7F,
    0xFF, 0x7D, 0xC0, 0x07, 0x01, 0x80, 0xC0, 0x00, 0x00, 0x0F, 0xC7, 0xFB, 0xCF, 0x21, 0xC0, 0x73,
    0xFD, 0xFF, 0xE1, 0xF8, 0x7F, 0x7F, 0xFF, 0x7D, 0xC0, 0x0E, 0x07, 0x83, 0xB0, 0xC4, 0x00, 0x0F,
    0xC7, 0xFB, 0xCF, 0x21, 0xC0, 0x73, 0xFD, 0xFF, 0xE1, 0xF8, 0x7F, 0x7F, 0xFF, 0x7D, 0xC0, 0x19,
    0x0F, 0xC3, 0xF0, 0x00, 0x00, 0x0F, 0xC7, 0xFB, 0xCF, 0x21, 0xC0, 0x73, 0xFD, 0xFF, 0xE1, 0xF8,
    0x7F, 0x7F, 0xFF, 0x7D, 0xC0, 0x33, 0x1C, 0xE3, 0x30, 0x00, 0x00, 0x0F, 0xC7, 0xFB, 0xCF, 0x21,
    0xC0, 0x73, 0xFD, 0xFF, 0xE1, 0xF8, 0x7F, 0x7F, 0xFF, 0x7D, 0xC0, 0x1E, 0x0E, 0xC3, 0x30, 0xCC,
    0x1E, 0x00, 0x03, 0xF1, 0xFE, 0xF3, 0xC8, 0x70, 0x1C, 0xFF, 0x7F, 0xF8, 0x7E, 0x1F, 0xDF, 0xFF,
    0xDF, 0x70, 0x3E, 0x3E, 0x1F, 0xFF, 0xCF, 0x3E, 0x78, 0x87, 0x0E, 0x01, 0xC3, 0x8F, 0xFF, 0xFF,
    0xFF, 0xFF, 0x87, 0x00, 0xE1, 0xC1, 0xBD, 0xF9, 0xEF, 0xF7, 0xF8, 0xF8, 0xF8, 0x1F, 0x07, 0xF1,
    0xEF, 0x70, 0xEE, 0x01, 0xC0, 0x38, 0x07, 0x00, 0xE0, 0xCF, 0x78, 0xFE, 0x0F, 0x80, 0xC0, 0x0E,
    0x00, 0xC0, 0x78, 0x18, 0x03, 0x80, 0x30, 0x00, 0x00, 0x00, 0x3E, 0x0F, 0xE3, 0xDE, 0xE1, 0xDC,
    0x1F, 0xFF, 0xFF, 0xFE, 0x01, 0xC1, 0x1E, 0xF1, 0xFE, 0x1F, 0x00, 0x07, 0x00, 0xC0, 0x38, 0x00,
    0x00, 0x00, 0x3E, 0x0F, 0xE3, 0xDE, 0xE1, 0xDC, 0x1F, 0xFF, 0xFF, 0xFE, 0x01, 0xC1, 0x1E, 0xF1,
    0xFE, 0x1F, 0x00, 0x0E, 0x03, 0xE0, 0xEE, 0x18, 0xC0, 0x00, 0x3E, 0x0F, 0xE3, 0xDE, 0xE1, 0xDC,
    0x1F, 0xFF, 0xFF, 0xFE, 0x01, 0xC1, 0x1E, 0xF1, 0xFE, 0x1F, 0x00, 0x31, 0x87, 0x70, 0xC6, 0x00,
    0x00, 0x00, 0x3E, 0x0F, 0xE3, 0xDE, 0xE1, 0xDC, 0x1F, 0xFF, 0xFF, 0xFE, 0x01, 0xC1, 0x1E, 0xF1,
    0xFE, 0x1F, 0x00, 0x63, 0x8C, 0x03, 0x9C, 0xE7, 0x39, 0xCE, 0x73, 0x9C, 0xE7, 0x73, 0x38, 0x0E,
    0x73, 0x9C, 0xE7, 0x39, 0xCE, 0x73, 0x9C, 0x18, 0x1E, 0x1D, 0x8C, 0x60, 0x00, 0xE0, 0x70, 0x38,
    0x1C, 0x0E, 0x07, 0x03, 0x81, 0xC0, 0xE0, 0x70, 0x38, 0x1C, 0x00, 0xC7, 0xDF, 0x18, 0x00, 0x07,
    0x0E, 0x1C, 0x38, 0x70, 0xE1, 0xC3, 0x87, 0x0E, 0x1C, 0x38, 0x39, 0x0F, 0xC3, 0xF0, 0x00, 0x00,
    0x3B, 0xCF, 0xFB, 0xCF, 0xE1, 0xF8, 0x7E, 0x1F, 0x87, 0xE1, 0xF8, 0x7E, 0x1F, 0x87, 0xE1, 0xC0,
    0x18, 0x03, 0x80, 0x30, 0x00, 0x00, 0x00, 0x3E, 0x0F, 0xE3, 0xDE, 0xE0, 0xFC, 0x1F, 0x83, 0xF0,
    0x7E, 0x0F, 0xC1, 0xDE, 0xF1, 0xFC, 0x1F, 0x00, 0x03, 0x00, 0xE0, 0x18, 0x00, 0x00, 0x00, 0x3E,
    0x0F, 0xE3, 0xDE, 0xE0, 0xFC, 0x1F, 0x83, 0xF0, 0x7E, 0x0F, 0xC1, 0xDE, 0xF1, 0xFC, 0x1F, 0x00,
    0x0E, 0x03, 0xE0, 0xEE, 0x18, 0xC0, 0x00, 0x3E, 0x0F, 0xE3, 0xDE, 0xE0, 0xFC, 0x1F, 0x83, 0xF0,
    0x7E, 0x0F, 0xC1, 0xDE, 0xF1, 0xFC, 0x1F, 0x00, 0x1D, 0x87, 0xF0, 0xDC, 0x00, 0x00, 0x00, 0x3E,
    0x0F, 0xE3, 0xDE, 0xE0, 0xFC, 0x1F, 0x83, 0xF0, 0x7E, 0x0F, 0xC1, 0xDE, 0xF1, 0xFC, 0x1F, 0x00,
    0x31, 0x87, 0x70, 0xC6, 0x00, 0x00, 0x00, 0x3E, 0x0F, 0xE3, 0xDE, 0xE0, 0xFC, 0x1F, 0x83, 0xF0,
    0x7E, 0x0F, 0xC1, 0xDE, 0xF1, 0xFC, 0x1F, 0x00, 0x00, 0x01, 0xF6, 0x3F, 0xC7, 0xBC, 0xE1, 0xEE,
    0x3E, 0xE6, 0xEE, 0xCE, 0xF8, 0xEF, 0x8E, 0x7B, 0xC7, 0xF8, 0xDF, 0x00, 0x00, 0x38, 0x06, 0x00,
    0xC0, 0x00, 0x00, 0x38, 0x7E, 0x1F, 0x87, 0xE1, 0xF8, 0x7E, 0x1F, 0x87, 0xE1, 0xF8, 0x7F, 0x3D,
    0xFF, 0x3D, 0xC0, 0x07, 0x01, 0x80, 0xC0, 0x00, 0x00, 0x38, 0x7E, 0x1F, 0x87, 0xE1, 0xF8, 0x7E,
    0x1F, 0x87, 0xE1, 0xF8, 0x7F, 0x3D, 0xFF, 0x3D, 0xC0, 0x1E, 0x07, 0x83, 0x30, 0x84, 0x00, 0x38,
    0x7E, 0x1F, 0x87, 0xE1, 0xF8, 0x7E, 0x1F, 0x87, 0xE1, 0xF8, 0x7F, 0xFD, 0xFF, 0x3D, 0xC0, 0x33,
    0x1C, 0xE3, 0x30, 0x00, 0x00, 0x38, 0x7E, 0x1F, 0x87, 0xE1, 0xF8, 0x7E, 0x1F, 0x87, 0xE1, 0xF8,
    0x7F, 0x3D, 0xFF, 0x3D, 0xC0, 0x03, 0x80, 0x30, 0x07, 0x00, 0x00, 0x00, 0x0F, 0x07, 0x70, 0xE7,
    0x0E, 0x38, 0xE3, 0x9C, 0x39, 0xC1, 0x9C, 0x1F, 0x81, 0xF8, 0x0F, 0x00, 0xF0, 0x0F, 0x00, 0xE0,
    0x0E, 0x03, 0xC0, 0x78, 0x00, 0x31, 0x8E, 0xE1, 0xF0, 0x78, 0x00, 0x0F, 0xC7, 0xF9, 0xCF, 0x61,
    0xC0, 0x73, 0xFD, 0xFF, 0xE1, 0xF8, 0x7E, 0x3F, 0xFF, 0x7D, 0xC0, 0x3F, 0x0F, 0xF3, 0xCF, 0x10,
    0xE0, 0x1C, 0x7F, 0x9F, 0xF7, 0x0E, 0xE1, 0xDE, 0xFB, 0xFF, 0x3F, 0xE0, 0x30, 0x0E, 0x01, 0xF0,
    0x1E, 0x07, 0x00, 0xC0, 0x18, 0x00, 0x00, 0x00, 0x3E, 0x0F, 0xE3, 0xDE, 0xE1, 0xDC, 0x03, 0x80,
    0x70, 0x0E, 0x01, 0xC3, 0x9E, 0xF1, 0xFC, 0x1F, 0x00, 0x1C, 0xE0, 0x3F, 0x00, 0x78, 0x00, 0xC0,
    0x00, 0x00, 0x3F, 0x03, 0xFF, 0x0F, 0x3C, 0x70, 0x3B, 0xC0, 0xEE, 0x00, 0x38, 0x00, 0xE0, 0x03,
    0x80, 0x0E, 0x00, 0x38, 0x06, 0xF0, 0x39, 0xE1, 0xE3, 0xFF, 0x0F, 0xF8, 0x0F, 0xC0, 0x33, 0x83,
    0x60, 0x78, 0x06, 0x00, 0x00, 0x3E, 0x0F, 0xE3, 0xDE, 0xE1, 0xDC, 0x03, 0x80, 0x70, 0x0E, 0x01,
    0xC3, 0x9E, 0xF1, 0xFC, 0x1F, 0x00, 0x63, 0x01, 0xB8, 0x07, 0x80, 0x18, 0x00, 0x00, 0x7F, 0xC3,
    0xFF, 0x1C, 0x7C, 0xE0, 0xF7, 0x03, 0xB8, 0x0F, 0xC0, 0x7E, 0x03, 0xF0, 0x1F, 0x80, 0xFC, 0x07,
    0xE0, 0x77, 0x07, 0xB8, 0xF9, 0xFF, 0x8F, 0xF8, 0x00, 0x00, 0x0C, 0x01, 0xD8, 0x03, 0xB0, 0x07,
    0x60, 0x0E, 0x07, 0xDC, 0x1F, 0xF8, 0x3D, 0xF0, 0xE1, 0xE1, 0xC1, 0xC3, 0x83, 0x87, 0x07, 0x0E,
    0x0E, 0x1C, 0x3C, 0x1E, 0xF8, 0x3F, 0xF0, 0x3E, 0xE0, 0x3F, 0xE0, 0x7F, 0xE0, 0xE3, 0xE1, 0xC1,
    0xE3, 0x81, 0xC7, 0x01, 0xCE, 0x03, 0xFF, 0x87, 0xFF, 0x0E, 0x70, 0x1C, 0xE0, 0x39, 0xC0, 0xE3,
    0x83, 0xC7, 0x1F, 0x0F, 0xFC, 0x1F, 0xF0, 0x00, 0xE0, 0x7F, 0x07, 0xF0, 0x0E, 0x3E, 0xE7, 0xFE,
    0x7B, 0xEE, 0x1E, 0xE0, 0xEE, 0x0E, 0xE0, 0xEE, 0x0E, 0xE1, 0xE7, 0xBE, 0x7F, 0xE3, 0xEE, 0x18,
    0x07, 0x01, 0x80, 0x00, 0xFF, 0xFF, 0xFE, 0x03, 0x80, 0xE0, 0x38, 0x0E, 0x03, 0xFF, 0xFF, 0xF8,
    0x0E, 0x03, 0x80, 0xE0, 0x38, 0x0F, 0xFF, 0xFF, 0x0C, 0x01, 0xC0, 0x30, 0x00, 0x00, 0x00, 0x3E,
    0x0F, 0xE3, 0xDE, 0xE1, 0xDC, 0x1F, 0xFF, 0xFF, 0xFE, 0x01, 0xC1, 0x1E, 0xF1, 0xFE, 0x1F, 0x00,
    0xFF, 0xDF, 0xFB, 0x80, 0x70, 0x0E, 0x01, 0xC0, 0x3F, 0xF7, 0xFE, 0xE0, 0x1C, 0x03, 0x80, 0x70,
    0x0E, 0x01, 0xC0, 0x3F, 0xF7, 0xFE, 0x01, 0x80, 0x70, 0x0F, 0x00, 0xE0, 0x1F, 0x07, 0xF1, 0xEF,
    0x70, 0x7F, 0xFF, 0xFF, 0xF8, 0x07, 0x00, 0xE0, 0xCF, 0x78, 0xFF, 0x0F, 0xC0, 0x30, 0x0E, 0x01,
    0xF0, 0x1E, 0x21, 0x8C, 0xC1, 0xE0, 0x30, 0x00, 0x3F, 0xFF, 0xFF, 0x80, 0xE0, 0x38, 0x0E, 0x03,
    0x80, 0xFF, 0xFF, 0xFE, 0x03, 0x80, 0xE0, 0x38, 0x0E, 0x03, 0xFF, 0xFF, 0xC0, 0x33, 0x83, 0x60,
    0x78, 0x06, 0x00, 0x00, 0x3E, 0x0F, 0xE3, 0xDE, 0xE1, 0xDC, 0x1F, 0xFF, 0xFF, 0xFE, 0x01, 0xC1,
    0x1E, 0xF1, 0xFE, 0x1F, 0x00, 0x18, 0xC0, 0x73, 0x00, 0xFC, 0x03, 0xE0, 0x00, 0x00, 0x3F, 0x01,
    0xFF, 0x0F, 0x3E, 0x70, 0x3B, 0xC0, 0xFE, 0x00, 0x38, 0x00, 0xE0, 0x03, 0x87, 0xFE, 0x1F, 0xF8,
    0x07, 0xF0, 0x1D, 0xE0, 0xE3, 0xFF, 0x87, 0xFC, 0x0F, 0xC0, 0x31, 0x87, 0xF0, 0x7C, 0x00, 0x00,
    0x00, 0x7D, 0xDF, 0xFB, 0xDF, 0xE1, 0xFC, 0x1F, 0x83, 0xF0, 0x7E, 0x0F, 0xC3, 0xDC, 0xFB, 0xF7,
    0x3C, 0xE0, 0x1D, 0xCF, 0x3F, 0xE3, 0xF0, 0x77, 0xFB, 0x70, 0x00, 0x07, 0x0E, 0x1C, 0x38, 0x70,
    0xE1, 0xC3, 0x87, 0x0E, 0x1C, 0x38, 0x73, 0x9C, 0xE7, 0x39, 0xCE, 0x73, 0x9C, 0xE7, 0x39, 0xCE,
    0x67, 0x3C, 0xE0, 0x33, 0x8C, 0x00, 0x39, 0xCE, 0x73, 0x9C, 0xE7, 0x39, 0xCE, 0x73, 0x39, 0xE7,
    0x00, 0xDF, 0x0F, 0xFF, 0xFF, 0xFF, 0xFF, 0xFF, 0xF0, 0xFF, 0xFF, 0xFF, 0xFF, 0xF0, 0x73, 0x38,
    0x0E, 0x73, 0x9C, 0xE7, 0x39, 0xCE, 0x73, 0x9C, 0xE7, 0x39, 0xC0, 0x06, 0x39, 0x8E, 0x63, 0x98,
    0xE0, 0x38, 0x0E, 0x03, 0x80, 0xE0, 0x38, 0x0E, 0x03, 0x80, 0xE0, 0x38, 0x0F, 0xFB, 0xFF, 0xFF,
    0xC0, 0x0D, 0xDB, 0xB7, 0x6E, 0x1C, 0x38, 0x70, 0xE1, 0xC3, 0x87, 0x0E, 0x1C, 0x38, 0x70, 0xE0,
    0x38, 0x03, 0x80, 0x38, 0x03, 0x80, 0x39, 0x83, 0xF8, 0x3F, 0x03, 0xC0, 0xF8, 0x0F, 0x80, 0xB8,
    0x03, 0x80, 0x38, 0x03, 0xFE, 0x3F, 0xF3, 0xFF, 0x38, 0xE3, 0x8E, 0x3C, 0xF3, 0xFE, 0xF8, 0xE3,
    0x8E, 0x38, 0xE3, 0x8E, 0x07, 0x01, 0x80, 0xC0, 0x00, 0xEF, 0x3F, 0xEF, 0x3F, 0x87, 0xE1, 0xF8,
    0x7E, 0x1F, 0x87, 0xE1, 0xF8, 0x7E, 0x1F, 0x87, 0x73, 0x8F, 0xC1, 0xE0, 0x00, 0x00, 0x3B, 0xCF,
    0xFB, 0xCF, 0xE1, 0xF8, 0x7E, 0x1F, 0x87, 0xE1, 0xF8, 0x7E, 0x1F, 0x87, 0xE1, 0xC0, 0x19, 0xC7,
    0x70, 0xCC, 0x00, 0x00, 0x00, 0x3E, 0x0F, 0xE3, 0xDE, 0xE0, 0xFC, 0x1F, 0x83, 0xF0, 0x7E, 0x0F,
    0xC1, 0xDE, 0xF1, 0xFC, 0x1F, 0x00, 0x1C, 0x30, 0xE0, 0x0E, 0xFF, 0xFC, 0x70, 0xE1, 0xC3, 0x87,
    0x0E, 0x1C, 0x38, 0x70, 0x31, 0x83, 0xB0, 0x1E, 0x00, 0xC0, 0x00, 0x0F, 0xF0, 0xFF, 0xCE, 0x3C,
    0xE0, 0xEE, 0x0E, 0xE0, 0xEE, 0x0E, 0xE1, 0xEF, 0xFC, 0xFF, 0x8E, 0x78, 0xE3, 0x8E, 0x1C, 0xE1,
    0xCE, 0x0E, 0xE0, 0xE0, 0x63, 0x3B, 0x0F, 0x03, 0x00, 0x03, 0xB9, 0xFC, 0xF0, 0x70, 0x38, 0x1C,
    0x0E, 0x07, 0x03, 0x81, 0xC0, 0xE0, 0x70, 0x00, 0x03, 0x80, 0x30, 0x07, 0x00, 0x00, 0x00, 0x00,
    0xFC, 0x3F, 0xE7, 0x9F, 0x70, 0x77, 0x02, 0x70, 0x07, 0xE0, 0x3F, 0xC0, 0xFE, 0x01, 0xF0, 0x07,
    0x60, 0x77, 0x07, 0x79, 0xF3, 0xFE, 0x1F, 0x80, 0x03, 0x80, 0xE0, 0x18, 0x00, 0x00, 0x00, 0x3E,
    0x0F, 0xF3, 0xCE, 0x70, 0x8F, 0x00, 0xFC, 0x0F, 0xE0, 0x1E, 0xC1, 0xDE, 0x79, 0xFE, 0x1F, 0x80,
    0x0F, 0xC3, 0xFE, 0x79, 0xF7, 0x07, 0x70, 0x27, 0x00, 0x7E, 0x03, 0xFC, 0x0F, 0xE0, 0x1F, 0x00,
    0x76, 0x07, 0x70, 0x77, 0x9F, 0x3F, 0xE1, 0xF8, 0x02, 0x00, 0x38, 0x01, 0x80, 0x78, 0x1F, 0x07,
    0xF9, 0xE7, 0x38, 0x47, 0x80, 0x7E, 0x07, 0xF0, 0x0F, 0x60, 0xEF, 0x3C, 0xFF, 0x0F, 0xC0, 0x40,
    0x0E, 0x00, 0xC0, 0x78, 0x19, 0xC0, 0xF8, 0x0F, 0x00, 0x60, 0x00, 0x00, 0xFC, 0x3F, 0xE7, 0x9F,
    0x70, 0x77, 0x00, 0x70, 0x07, 0xE0, 0x3F, 0xC0, 0xFE, 0x01, 0xF0, 0x07, 0xE0, 0x77, 0x07, 0x7F,
    0xF3, 0xFE, 0x1F, 0x80, 0x39, 0xC3, 0x70, 0x3C, 0x03, 0x00, 0x00, 0x3E, 0x0F, 0xF3, 0xCE, 0x70,
    0x8F, 0x00, 0xFC, 0x0F, 0xE0, 0x1E, 0xC1, 0xDE, 0x79, 0xFE, 0x1F, 0x80, 0x38, 0x38, 0x38, 0xFE,
    0xFE, 0x38, 0x38, 0x38, 0x38, 0x38, 0x38, 0x38, 0x38, 0x3E, 0x1F, 0x0C, 0x0F, 0x03, 0x1E, 0x18,
    0xC1, 0xD8, 0x0F, 0x00, 0x60, 0x00, 0x0F, 0xFF, 0xFF, 0xF0, 0x70, 0x07, 0x00, 0x70, 0x07, 0x00,
    0x70, 0x07, 0x00, 0x70, 0x07, 0x00, 0x70, 0x07, 0x00, 0x70, 0x07, 0x00, 0x70, 0x07, 0x00, 0x03,
    0x01, 0x80, 0xC7, 0x63, 0x87, 0xF3, 0xF8, 0x70, 0x38, 0x1C, 0x0E, 0x07, 0x03, 0x81, 0xC0, 0xE0,
    0x7C, 0x1E, 0x00, 0x3F, 0x0F, 0xC0, 0x00, 0x00, 0xE1, 0xF8, 0x7E, 0x1F, 0x87, 0xE1, 0xF8, 0x7E,
    0x1F, 0x87, 0xE1, 0xFC, 0xF7, 0xFC, 0xF7, 0x0F, 0x01, 0xD8, 0x19, 0x81, 0x98, 0x0F, 0x00, 0x00,
    0xE0, 0x7E, 0x07, 0xE0, 0x7E, 0x07, 0xE0, 0x7E, 0x07, 0xE0, 0x7E, 0x07, 0xE0, 0x7E, 0x07, 0xE0,
    0x7E, 0x07, 0xF0, 0xF7, 0x9E, 0x3F, 0xC1, 0xF8, 0x1E, 0x0D, 0xC3, 0x30, 0xCC, 0x1E, 0x00, 0x0E,
    0x1F, 0x87, 0xE1, 0xF8, 0x7E, 0x1F, 0x87, 0xE1, 0xF8, 0x7E, 0x1F, 0xCF, 0x7F, 0xCF, 0x70, 0x1D,
    0xC1, 0x98, 0x1B, 0x00, 0x00, 0x00, 0x0E, 0x07, 0xE0, 0x7E, 0x07, 0xE0, 0x7E, 0x07, 0xE0, 0x7E,
    0x07, 0xE0, 0x7E, 0x07, 0xE0, 0x7E, 0x07, 0xE0, 0x7F, 0x0F, 0x79, 0xE3, 0xFC, 0x1F, 0x80, 0x3B,
    0x8C, 0xC3, 0x60, 0x00, 0x00, 0x38, 0x7E, 0x1F, 0x87, 0xE1, 0xF8, 0x7E, 0x1F, 0x87, 0xE1, 0xF8,
    0x7F, 0x3D, 0xFF, 0x3D, 0xC0, 0xE0, 0x7E, 0x07, 0xE0, 0x7E, 0x07, 0xE0, 0x7E, 0x07, 0xE0, 0x7E,
    0x07, 0xE0, 0x7E, 0x07, 0xE0, 0x7E, 0x07, 0xF0, 0xF7, 0x9E, 0x3F, 0xC1, 0xF8, 0x06, 0x00, 0xE0,
    0x0F, 0x80, 0x70, 0xE1, 0xDC, 0x3B, 0x87, 0x70, 0xEE, 0x1D, 0xC3, 0xB8, 0x77, 0x0E, 0xE1, 0xDE,
    0x79, 0xFF, 0x1E, 0xE0, 0x38, 0x07, 0x00, 0xF0, 0x0E, 0x06, 0x07, 0x03, 0x00, 0x0F, 0xFF, 0xFC,
    0x1E, 0x0E, 0x0E, 0x0F, 0x07, 0x07, 0x07, 0x07, 0x83, 0xFF, 0xFF, 0x0C, 0x0E, 0x03, 0x00, 0x00,
    0x07, 0xFF, 0xFE, 0x0F, 0x07, 0x07, 0x07, 0x83, 0x83, 0x83, 0xC3, 0xC1, 0xFF, 0xFF, 0x80, 0x31,
    0x83, 0x70, 0x7C, 0x07, 0x00, 0x01, 0xFF, 0xFF, 0xF8, 0x0F, 0x01, 0xC0, 0x70, 0x0E, 0x03, 0x80,
    0xE0, 0x1C, 0x07, 0x01, 0xC0, 0x38, 0x0E, 0x03, 0xC0, 0x7F, 0xFF, 0xFE, 0x63, 0x1B, 0x8F, 0x83,
    0x80, 0x07, 0xFF, 0xFE, 0x0F, 0x07, 0x07, 0x07, 0x83, 0x83, 0x83, 0x83, 0xC1, 0xFF, 0xFF, 0x80,
    0x00, 0x60, 0x07, 0x00, 0x71, 0xFE, 0x3F, 0xC7, 0xBC, 0xE0, 0xEE, 0x0E, 0xE0, 0xEE, 0x0E, 0xE0,
    0xEE, 0x0E, 0x7B, 0xC3, 0xF8, 0x1F, 0x00, 0x00, 0x30, 0x07, 0x00, 0x7E, 0x1F, 0xE1, 0xFE, 0x1C,
    0xE1, 0xCE, 0x1C, 0xE1, 0xCE, 0x1C, 0xE1, 0xCE, 0x1C, 0xF3, 0xC7, 0xFC, 0x3D, 0xC0, 0x0F, 0xC3,
    0xFE, 0x79, 0xF7, 0x07, 0x70, 0x27, 0x00, 0x7E, 0x03, 0xFC, 0x0F, 0xE0, 0x1F, 0x00, 0x76, 0x07,
    0x70, 0x77, 0x9F, 0x3F, 0xE1, 0xF8, 0x00, 0x00, 0x60, 0x06, 0x00, 0xE0, 0x0C, 0x00, 0x1F, 0x07,
    0xF9, 0xE7, 0x38, 0x47, 0x80, 0x7E, 0x07, 0xF0, 0x0F, 0x60, 0xEF, 0x3C, 0xFF, 0x0F, 0xC0, 0x00,
    0x1C, 0x03, 0x80, 0x60, 0x1C, 0x00, 0xFF, 0xFF, 0xFF, 0x07, 0x00, 0x70, 0x07, 0x00, 0x70, 0x07,
    0x00, 0x70, 0x07, 0x00, 0x70, 0x07, 0x00, 0x70, 0x07, 0x00, 0x70, 0x07, 0x00, 0x70, 0x00, 0x00,
    0x70, 0x06, 0x00, 0xE0, 0x0C, 0x00, 0x38, 0x38, 0x38, 0xFE, 0xFE, 0x38, 0x38, 0x38, 0x38, 0x38,
    0x38, 0x38, 0x38, 0x3E, 0x1E, 0x00, 0x1C, 0x18, 0x38, 0x30, 0x0F, 0xC0, 0x7F, 0x83, 0xCF, 0x1C,
    0x0E, 0xF0, 0x3B, 0x80, 0x0E, 0x00, 0x3F, 0xE0, 0xFF, 0x83, 0x80, 0x0E, 0x00, 0x3C, 0x0E, 0x70,
    0x38, 0xF3, 0xC3, 0xFE, 0x03, 0xF0, 0xFF, 0xFF, 0xFF, 0xFF, 0xFF, 0xFF, 0x03, 0xC0, 0x03, 0xC0,
    0x07, 0xE0, 0x07, 0xE0, 0x06, 0xE0, 0x0E, 0x70, 0x0E, 0x70, 0x0E, 0x70, 0x1C, 0x38, 0x1C, 0x38,
    0x1F, 0xF8, 0x3F, 0xFC, 0x38, 0x1C, 0x38, 0x1C, 0x70, 0x1E, 0x70, 0x0E, 0xFF, 0xDF, 0xFB, 0x80,
    0x70, 0x0E, 0x01, 0xC0, 0x38, 0x07, 0xFC, 0xFF, 0xDC, 0x3F, 0x83, 0xF0, 0x7E, 0x0F, 0xC3, 0xFF,
    0xF7, 0xFC, 0xFF, 0x9F, 0xFB, 0x8F, 0x70, 0x7E, 0x0F, 0xC1, 0xF8, 0xF7, 0xFC, 0xFF, 0xDC, 0x3F,
    0x83, 0xF0, 0x7E, 0x0F, 0xC3, 0xFF, 0xF7, 0xFC, 0xFF, 0xFF, 0xFE, 0x03, 0x80, 0xE0, 0x38, 0x0E,
    0x03, 0x80, 0xE0, 0x38, 0x0E, 0x03, 0x80, 0xE0, 0x38, 0x0E, 0x03, 0x80, 0x0F, 0xFC, 0x0F, 0xFC,
    0x0E, 0x1C, 0x0C, 0x1C, 0x0C, 0x1C, 0x1C, 0x1C, 0x1C, 0x1C, 0x1C, 0x1C, 0x1C, 0x1C, 0x1C, 0x1C,
    0x1C, 0x1C, 0x1C, 0x1C, 0x38, 0x1C, 0x78, 0x1C, 0xFF, 0xFF, 0xFF, 0xFF, 0xE0, 0x07, 0xE0, 0x07,
    0xE0, 0x07, 0xE0, 0x07, 0xFF, 0xFF, 0xFE, 0x03, 0x80, 0xE0, 0x38, 0x0E, 0x03, 0xFF, 0xFF, 0xF8,
    0x0E, 0x03, 0x80, 0xE0, 0x38, 0x0F, 0xFF, 0xFF, 0x70, 0x70, 0x73, 0xC3, 0x87, 0x8E, 0x1C, 0x38,
    0x78, 0xE3, 0x81, 0xC7, 0x1C, 0x07, 0x39, 0xC0, 0x39, 0xCE, 0x00, 0xFF, 0xE0, 0x0F, 0xFF, 0x00,
    0x7F, 0xFC, 0x07, 0x1C, 0xF0, 0x38, 0xE3, 0x83, 0x87, 0x1E, 0x3C, 0x38, 0x71, 0xC1, 0xC3, 0xDE,
    0x0E, 0x0E, 0x1F, 0x0F, 0xF9, 0xEF, 0x70, 0x76, 0x0E, 0x01, 0xC0, 0xF0, 0x7C, 0x0F, 0xC0, 0x3C,
    0x03, 0x80, 0x7E, 0x0F, 0xF3, 0xDF, 0xF0, 0xF8, 0xE0, 0x7F, 0x03, 0xF8, 0x3F, 0xC3, 0xFE, 0x1F,
    0xF1, 0xDF, 0x8E, 0xFC, 0xE7, 0xEF, 0x3F, 0x71, 0xFF, 0x8F, 0xF8, 0x7F, 0x83, 0xFC, 0x1F, 0xC0,
    0xFE, 0x07, 0x18, 0xC0, 0xEE, 0x03, 0xE0, 0x1E, 0x00, 0x00, 0x70, 0x3F, 0x81, 0xFC, 0x1F, 0xE0,
    0xFF, 0x0F, 0xF8, 0xEF, 0xC7, 0x7E, 0x73, 0xF7, 0x9F, 0xB8, 0xFF, 0xC7, 0xFC, 0x3F, 0xC1, 0xFE,
    0x0F, 0xE0, 0x7F, 0x03, 0x80, 0xE0, 0x77, 0x07, 0x38, 0x79, 0xC3, 0x8E, 0x38, 0x73, 0xC3, 0xBC,
    0x1F, 0xC0, 0xFE, 0x07, 0x38, 0x39, 0xE1, 0xC7, 0x8E, 0x1C, 0x70, 0x73, 0x83, 0xDC, 0x0E, 0x0F,
    0xFC, 0x3F, 0xF1, 0xE1, 0xC7, 0x07, 0x1C, 0x1C, 0x70, 0x71, 0xC1, 0xC7, 0x07, 0x1C, 0x1C, 0x70,
    0x71, 0xC1, 0xC7, 0x07, 0x38, 0x1C, 0xE0, 0x7F, 0x81, 0xF8, 0x07, 0xF0, 0x0F, 0xF8, 0x1F, 0xF8,
    0x1F, 0xF8, 0x1F, 0xFC, 0x3F, 0xFC, 0x3F, 0xEC, 0x37, 0xEE, 0x77, 0xEE, 0x77, 0xEE, 0x67, 0xE7,
    0xE7, 0xE7, 0xE7, 0xE3, 0xC7, 0xE3, 0xC7, 0xE3, 0xC7, 0xE1, 0x87, 0xE0, 0x3F, 0x01, 0xF8, 0x0F,
    0xC0, 0x7E, 0x03, 0xF0, 0x1F, 0x80, 0xFF, 0xFF, 0xFF, 0xFF, 0x01, 0xF8, 0x0F, 0xC0, 0x7E, 0x03,
    0xF0, 0x1F, 0x80, 0xFC, 0x07, 0x0F, 0xC0, 0x7F, 0x83, 0xCF, 0x1C, 0x0E, 0xF0, 0x3F, 0x80, 0x7E,
    0x01, 0xF8, 0x07, 0xE0, 0x1F, 0x80, 0x7E, 0x01, 0xFC, 0x0F, 0x70, 0x38, 0xF3, 0xC1, 0xFE, 0x03,
    0xF0, 0xFF, 0xFF, 0xFF, 0xF8, 0x0F, 0xC0, 0x7E, 0x03, 0xF0, 0x1F, 0x80, 0xFC, 0x07, 0xE0, 0x3F,
    0x01, 0xF8, 0x0F, 0xC0, 0x7E, 0x03, 0xF0, 0x1F, 0x80, 0xFC, 0x07, 0xFF, 0x1F, 0xFB, 0x8F, 0xF0,
    0x7E, 0x0F, 0xC1, 0xF8, 0x3F, 0x0F, 0xFF, 0xDF, 0xF3, 0x80, 0x70, 0x0E, 0x01, 0xC0, 0x38, 0x07,
    0x00, 0x0F, 0xC0, 0xFF, 0x83, 0xCF, 0x1C, 0x0E, 0xF0, 0x3B, 0x80, 0x0E, 0x00, 0x38, 0x00, 0xE0,
    0x03, 0x80, 0x0E, 0x00, 0x3C, 0x0E, 0x70, 0x38, 0xF3, 0xC3, 0xFE, 0x03, 0xF0, 0xFF, 0xFF, 0xFF,
    0x07, 0x00, 0x70, 0x07, 0x00, 0x70, 0x07, 0x00, 0x70, 0x07, 0x00, 0x70, 0x07, 0x00, 0x70, 0x07,
    0x00, 0x70, 0x07, 0x00, 0x70, 0x70, 0x3D, 0xE0, 0xE3, 0x83, 0x8F, 0x1E, 0x1C, 0x70, 0x71, 0xC0,
    0xEE, 0x03, 0xB8, 0x07, 0xC0, 0x1F, 0x00, 0x7C, 0x00, 0xE0, 0x03, 0x80, 0x7C, 0x01, 0xF0, 0x07,
    0x80, 0x01, 0x80, 0x03, 0x80, 0x03, 0x80, 0x1F, 0xF0, 0x3F, 0xFC, 0x7B, 0xBC, 0xF3, 0x8E, 0xE3,
    0x8E, 0xE3, 0x8E, 0xE3, 0x8E, 0xE3, 0x8E, 0xE3, 0x8E, 0x73, 0x8E, 0x7F, 0xBC, 0x3F, 0xF8, 0x0F,
    0xF0, 0x03, 0x80, 0x03, 0x80, 0x78, 0x1C, 0x70, 0x70, 0x71, 0xE0, 0xF3, 0x80, 0xEE, 0x00, 0xFC,
    0x01, 0xF0, 0x01, 0xE0, 0x03, 0xC0, 0x0F, 0x80, 0x3B, 0x80, 0x77, 0x81, 0xC7, 0x07, 0x87, 0x0E,
    0x0F, 0x38, 0x0E, 0xE0, 0x73, 0x81, 0xCE, 0x07, 0x38, 0x1C, 0xE0, 0x73, 0x81, 0xCE, 0x07, 0x38,
    0x1C, 0xE0, 0x73, 0x81, 0xCE, 0x07, 0x38, 0x1C, 0xE0, 0x73, 0xFF, 0xEF, 0xFF, 0xFF, 0xFF, 0x00,
    0x1C, 0x00, 0x70, 0x01, 0xC0, 0x06, 0xE0, 0x7E, 0x07, 0xE0, 0x7E, 0x07, 0xE0, 0x7E, 0x07, 0xE0,
    0x7F, 0x0F, 0x7F, 0xF3, 0xFF, 0x00, 0x70, 0x07, 0x00, 0x70, 0x07, 0x00, 0x70, 0x07, 0xE1, 0xC3,
    0xB8, 0x70, 0xEE, 0x1C, 0x3B, 0x87, 0x0E, 0xE1, 0xC3, 0xB8, 0x70, 0xEE, 0x1C, 0x3B, 0x87, 0x0E,
    0xE1, 0xC3, 0xB8, 0x70, 0xEE, 0x1C, 0x3B, 0x87, 0x0E, 0xE1, 0xC3, 0xBF, 0xFF, 0xEF, 0xFF, 0xFB,
    0xFF, 0xFE, 0xE1, 0xC3, 0x9C, 0x38, 0x73, 0x87, 0x0E, 0x70, 0xE1, 0xCE, 0x1C, 0x39, 0xC3, 0x87,
    0x38, 0x70, 0xE7, 0x0E, 0x1C, 0xE1, 0xC3, 0x9C, 0x38, 0x73, 0x87, 0x0E, 0x70, 0xE1, 0xCE, 0x1C,
    0x39, 0xFF, 0xFF, 0xFF, 0xFF, 0xFF, 0xFF, 0xFF, 0x00, 0x00, 0xE0, 0x00, 0x1C, 0x00, 0x03, 0x80,
    0x00, 0x30, 0xE0, 0x07, 0xE0, 0x07, 0xE0, 0x07, 0xE0, 0x07, 0xE0, 0x07, 0xE0, 0x07, 0xFF, 0x07,
    0xFF, 0xC7, 0xE3, 0xE7, 0xE0, 0xE7, 0xE0, 0xE7, 0xE0, 0xE7, 0xE0, 0xE7, 0xE3, 0xE7, 0xFF, 0xC7,
    0xFF, 0x07, 0xE0, 0x1C, 0x03, 0x80, 0x70, 0x0E, 0x01, 0xC0, 0x3F, 0xC7, 0xFE, 0xE3, 0xFC, 0x1F,
    0x83, 0xF0, 0x7E, 0x0F, 0xC7, 0xFF, 0xF7, 0xF8, 0x0F, 0xC0, 0xFF, 0x83, 0xCF, 0x1C, 0x0E, 0x70,
    0x38, 0x00, 0x70, 0x01, 0xC1, 0xFF, 0x07, 0xFC, 0x00, 0x70, 0x01, 0xDC, 0x0E, 0x70, 0x38, 0xF3,
    0xC1, 0xFE, 0x03, 0xF0, 0x0F, 0xF3, 0xFF, 0x7C, 0x77, 0x07, 0x70, 0x77, 0x07, 0x70, 0x77, 0x87,
    0x3F, 0xF1, 0xFF, 0x1E, 0x71, 0xC7, 0x38, 0x73, 0x87, 0x70, 0x77, 0x07, 0x3F, 0x1F, 0xEF, 0x3C,
    0x87, 0x01, 0xCF, 0xF7, 0xFF, 0x87, 0xE1, 0xFD, 0xFF, 0xFD, 0xF7, 0x00, 0xC1, 0xF8, 0xFE, 0x3E,
    0x06, 0x01, 0xDE, 0x3F, 0xF7, 0x8E, 0xE0, 0xFC, 0x1F, 0x83, 0xF0, 0x7E, 0x1C, 0xF7, 0x8F, 0xE0,
    0xF8, 0xFE, 0x3F, 0xEE, 0x7B, 0x8E, 0xE7, 0xBF, 0xCF, 0xFB, 0x8F, 0xE1, 0xF8, 0xFF, 0xFB, 0xFC,
    0xFF, 0xFF, 0xE0, 0xE0, 0xE0, 0xE0, 0xE0, 0xE0, 0xE0, 0xE0, 0xE0, 0xE0, 0x1F, 0xE0, 0xFF, 0x0E,
    0x38, 0x71, 0xC3, 0x8E, 0x1C, 0x70, 0xE3, 0x87, 0x1C, 0x30, 0xE3, 0x87, 0x3F, 0xFF, 0xFF, 0xFE,
    0x03, 0xF0, 0x1F, 0x80, 0xFC, 0x07, 0x1F, 0x07, 0xF1, 0xEF, 0x70, 0xEE, 0x0F, 0xFF, 0xFF, 0xFF,
    0x00, 0xE0, 0x8F, 0x78, 0xFF, 0x0F, 0x80, 0xF1, 0xC7, 0x38, 0xE7, 0x8E, 0x73, 0x87, 0xBB, 0x81,
    0xDD, 0xC0, 0x7F, 0xC0, 0x3F, 0xE0, 0x3B, 0xF8, 0x3D, 0xDC, 0x1C, 0xE7, 0x1C, 0x73, 0xDE, 0x38,
    0xE0, 0x3F, 0x1F, 0xE7, 0x3D, 0x87, 0x03, 0x83, 0xC0, 0xF8, 0x0F, 0x61, 0xDC, 0xF7, 0xF8, 0xFC,
    0xE1, 0xF8, 0x7E, 0x3F, 0x9F, 0xE7, 0xFB, 0xFF, 0xDF, 0xE7, 0xF9, 0xFC, 0x7E, 0x1F, 0x87, 0x63,
    0x1D, 0xC3, 0xF0, 0x78, 0x00, 0x38, 0x7E, 0x3F, 0x8F, 0xE7, 0xF9, 0xFE, 0xFF, 0xF7, 0xF9, 0xFE,
    0x7F, 0x1F, 0x87, 0xE1, 0xC0, 0xE1, 0xDC, 0x73, 0x9E, 0x73, 0x8E, 0xE1, 0xF8, 0x3F, 0x87, 0x70,
    0xE7, 0x1C, 0xF3, 0x8E, 0x70, 0xE0, 0x3F, 0xE7, 0xFC, 0xE3, 0x9C, 0x73, 0x8E, 0x71, 0xCE, 0x39,
    0xC7, 0x38, 0xEE, 0x1F, 0xC3, 0xF0, 0x70, 0xF0, 0x7F, 0xE1, 0xFF, 0x87, 0xFF, 0x3F, 0xFC, 0xFF,
    0xF3, 0xFE, 0xDD, 0xFB, 0xF7, 0xEF, 0x9F, 0x9E, 0x7E, 0x79, 0xF8, 0xC7, 0xE1, 0xF8, 0x7E, 0x1F,
    0x87, 0xE1, 0xFF, 0xFF, 0xFF, 0x87, 0xE1, 0xF8, 0x7E, 0x1F, 0x87, 0x1F, 0x07, 0xF1, 0xEF, 0x70,
    0x7E, 0x0F, 0xC1, 0xF8, 0x3F, 0x07, 0xE0, 0xEF, 0x78, 0xFE, 0x0F, 0x80, 0xFF, 0xFF, 0xFE, 0x1F,
    0x87, 0xE1, 0xF8, 0x7E, 0x1F, 0x87, 0xE1, 0xF8, 0x7E, 0x1F, 0x87, 0xEF, 0x1F, 0xF3, 0xEF, 0x70,
    0xEE, 0x0F, 0xC1, 0xF8, 0x3F, 0x07, 0xE1, 0xDF, 0x7B, 0xFE, 0x77, 0x8E, 0x01, 0xC0, 0x38, 0x07,
    0x00, 0x1F, 0x07, 0xF1, 0xEF, 0x70, 0xEE, 0x01, 0xC0, 0x38, 0x07, 0x00, 0xE1, 0xCF, 0x78, 0xFE,
    0x0F, 0x80, 0xFF, 0xFF, 0xF1, 0xC0, 0x70, 0x1C, 0x07, 0x01, 0xC0, 0x70, 0x1C, 0x07, 0x01, 0xC0,
    0x70, 0xF0, 0x77, 0x0E, 0x70, 0xE3, 0x8E, 0x39, 0xC3, 0x9C, 0x19, 0xC1, 0xF8, 0x1F, 0x80, 0xF0,
    0x0F, 0x00, 0xF0, 0x0E, 0x00, 0xE0, 0x3C, 0x07, 0x80, 0x07, 0x00, 0x1C, 0x00, 0x70, 0x01, 0xC0,
    0x1F, 0xE0, 0xFF, 0xC7, 0xF7, 0xB9, 0xCE, 0xE7, 0x3B, 0x9C, 0xEE, 0x73, 0xB9, 0xCE, 0xE7, 0x39,
    0xFD, 0xE3, 0xFF, 0x07, 0xF0, 0x07, 0x00, 0x1C, 0x00, 0x70, 0x01, 0xC0, 0x70, 0xE3, 0x9C, 0x39,
    0xC1, 0xF8, 0x1F, 0x80, 0xF0, 0x0F, 0x01, 0xF8, 0x1F, 0x83, 0x9C, 0x70, 0xE7, 0x0E, 0xE1, 0xDC,
    0x3B, 0x87, 0x70, 0xEE, 0x1D, 0xC3, 0xB8, 0x77, 0x0E, 0xE1, 0xDC, 0x3B, 0xFF, 0xFF, 0xF0, 0x0E,
    0x01, 0xC0, 0x38, 0x03, 0xE1, 0xF8, 0x7E, 0x1F, 0x87, 0xE1, 0xFC, 0x77, 0xFC, 0xFF, 0x01, 0xC0,
    0x70, 0x1C, 0x07, 0xE3, 0x8F, 0xC7, 0x1F, 0x8E, 0x3F, 0x1C, 0x7E, 0x38, 0xFC, 0x71, 0xF8, 0xE3,
    0xF1, 0xC7, 0xE3, 0x8F, 0xC7, 0x1F, 0xFF, 0xFF, 0xFF, 0xF0, 0xE3, 0x8E, 0x71, 0xC7, 0x38, 0xE3,
    0x9C, 0x71, 0xCE, 0x38, 0xE7, 0x1C, 0x73, 0x8E, 0x39, 0xC7, 0x1C, 0xE3, 0x8E, 0x71, 0xC7, 0x3F,
    0xFF, 0xFF, 0xFF, 0xF0, 0x00, 0x38, 0x00, 0x1C, 0x00, 0x0E, 0x00, 0x06, 0xFC, 0x07, 0xE0, 0x07,
    0x00, 0x38, 0x01, 0xFE, 0x0F, 0xF8, 0x71, 0xE3, 0x87, 0x1C, 0x38, 0xE3, 0xC7, 0xFC, 0x3F, 0xC0,
    0xE0, 0x1F, 0x80, 0x7E, 0x01, 0xF8, 0x07, 0xFF, 0x1F, 0xFE, 0x7E, 0x3D, 0xF8, 0x77, 0xE1, 0xDF,
    0x8F, 0x7F, 0xF9, 0xFF, 0xC7, 0xE0, 0x38, 0x0E, 0x03, 0x80, 0xFF, 0x3F, 0xEE, 0x3F, 0x87, 0xE1,
    0xF8, 0xFF, 0xFB, 0xFC, 0x1F, 0x0F, 0xF1, 0xCF, 0x30, 0xE0, 0x1E, 0x1F, 0xC3, 0xF8, 0x07, 0xE1,
    0xCE, 0x79, 0xFE, 0x0F, 0x80, 0xE0, 0xF8, 0xE3, 0xFC, 0xE3, 0xDE, 0xE7, 0x0E, 0xE7, 0x07, 0xFF,
    0x07, 0xFF, 0x07, 0xE7, 0x07, 0xE7, 0x0E, 0xE3, 0xDE, 0xE1, 0xFC, 0xE0, 0xF8, 0x1F, 0xE7, 0xFD,
    0xE3, 0xB8, 0x77, 0x0E, 0xF1, 0xCF, 0xF8, 0xFF, 0x3C, 0xE7, 0x1D, 0xC3, 0xB8, 0x70, 0x31, 0x87,
    0x70, 0xC6, 0x00, 0x01, 0xF0, 0x7F, 0x1E, 0xF7, 0x0E, 0xE0, 0xFF, 0xFF, 0xFF, 0xF0, 0x0E, 0x08,
    0xF7, 0x8F, 0xF0, 0xF8, 0x1F, 0x0F, 0xF1, 0xEF, 0x70, 0xEE, 0x01, 0xFC, 0x3F, 0x87, 0x00, 0xE1,
    0xCF, 0x79, 0xFE, 0x0F, 0x80, 0xDF, 0x01, 0xFF, 0xFF, 0xFF, 0xFF, 0xE0, 0xC7, 0xDF, 0x18, 0x03,
    0x87, 0x0E, 0x1C, 0x38, 0x70, 0xE1, 0xC3, 0x87, 0x0E, 0x1C, 0x18, 0xC0, 0xFE, 0x03, 0xE0, 0x00,
    0x00, 0x00, 0x38, 0x39, 0xC1, 0xCE, 0x1C, 0x38, 0xE1, 0xC7, 0x06, 0x70, 0x3B, 0x81, 0xDC, 0x07,
    0xC0, 0x3E, 0x01, 0xE0, 0x07, 0x00, 0x38, 0x03, 0x80, 0x7C, 0x03, 0xC0, 0x00, 0x07, 0x07, 0x07,
    0xFF, 0xFF, 0xE0, 0xE0, 0xE0, 0xE0, 0xE0, 0xE0, 0xE0, 0xE0, 0xE0, 0xE0, 0x3F, 0xF3, 0xFF, 0x38,
    0x03, 0x80, 0x38, 0x03, 0x80, 0x38, 0x0F, 0xF8, 0xFF, 0x83, 0x80, 0x38, 0x03, 0x80, 0x38, 0x03,
    0x80, 0x38, 0x03, 0x80, 0x3F, 0xCF, 0xF3, 0x80, 0xE0, 0x38, 0x3F, 0xCF, 0xF0, 0xE0, 0x38, 0x0E,
    0x03, 0x80, 0xE0, 0xE0, 0x73, 0x83, 0xCE, 0x1E, 0x38, 0x70, 0xE3, 0x83, 0x9E, 0x0E, 0x70, 0x3F,
    0x80, 0xFF, 0x03, 0x9C, 0x0E, 0x38, 0x38, 0xF0, 0xE1, 0xC3, 0x83, 0x8E, 0x0F, 0xF8, 0x1F, 0x00,
    0x1C, 0x00, 0x70, 0x01, 0xC0, 0x06, 0xE1, 0xDC, 0x73, 0x9E, 0x73, 0x8E, 0xE1, 0xF8, 0x3F, 0x87,
    0x70, 0xE7, 0x1C, 0xF3, 0x8F, 0xF0, 0xF0, 0x0E, 0x01, 0xC0, 0x38, 0x03, 0xE0, 0x3B, 0x80, 0xEE,
    0x03, 0xB8, 0x0E, 0xE0, 0x3B, 0x80, 0xEE, 0x03, 0xBF, 0xFE, 0xFF, 0xFB, 0x80, 0xEE, 0x03, 0xB8,
    0x0E, 0xE0, 0x3B, 0x80, 0xEE, 0x03, 0xF8, 0x0F, 0x00, 0x1C, 0x00, 0x70, 0x01, 0xC0, 0x03, 0xE1,
    0xCE, 0x1C, 0xE1, 0xCE, 0x1C, 0xE1, 0xCF, 0xFC, 0xFF, 0xCE, 0x1C, 0xE1, 0xCE, 0x1C, 0xE1, 0xFE,
    0x1F, 0x00, 0x70, 0x07, 0x00, 0x70, 0x06, 0x70, 0x1C, 0xF0, 0x70, 0xE0, 0xE1, 0xE3, 0x81, 0xC7,
    0x03, 0xDC, 0x03, 0xB8, 0x03, 0xE0, 0x07, 0xC0, 0x07, 0x00, 0x0E, 0x00, 0x1C, 0x00, 0x38, 0x00,
    0x70, 0x00, 0xE0, 0x01, 0xC0, 0x70, 0x73, 0x83, 0x9C, 0x38, 0x71, 0xC3, 0x8E, 0x0C, 0xE0, 0x77,
    0x03, 0xB0, 0x0F, 0x80, 0x7C, 0x03, 0xC0, 0x0E, 0x00, 0x70, 0x03, 0x80, 0x1C, 0x00, 0xE0, 0x70,
    0x1C, 0xE0, 0x70, 0xE0, 0xE1, 0xE3, 0x81, 0xC7, 0x03, 0xDC, 0x03, 0xB8, 0x03, 0xE0, 0x07, 0xC0,
    0x07, 0x00, 0x0E, 0x00, 0xFF, 0x81, 0xFF, 0x00, 0x70, 0x00, 0xE0, 0x01, 0xC0, 0x70, 0x73, 0x83,
    0x8E, 0x38, 0x71, 0xC3, 0x8E, 0x0E, 0xE0, 0x77, 0x03, 0xB0, 0x0F, 0x80, 0x7C, 0x03, 0xC0, 0x3F,
    0x81, 0xFC, 0x03, 0x80, 0x1C, 0x00, 0xE0, 0x0F, 0xC0, 0xFF, 0x87, 0xCF, 0x3C, 0x1E, 0xE0, 0x38,
    0x00, 0x70, 0x01, 0xFF, 0xFF, 0xFF, 0xFF, 0x80, 0x7E, 0x01, 0xF8, 0x0E, 0x70, 0x79, 0xF3, 0xC3,
    0xFE, 0x03, 0xF0, 0x3F, 0x0F, 0xF3, 0xCF, 0x10, 0xE0, 0x0F, 0xFF, 0xFF, 0xFF, 0x07, 0xE1, 0xCE,
    0x79, 0xFE, 0x0F, 0x80, 0x0F, 0xC0, 0x7F, 0x83, 0xCF, 0x1C, 0x0E, 0xF0, 0x3F, 0x80, 0x7E, 0x01,
    0xFF, 0xFF, 0xFF, 0xFF, 0x80, 0x7E, 0x01, 0xFC, 0x0F, 0x70, 0x38, 0xF3, 0xC1, 0xFE, 0x03, 0xF0,
    0x1F, 0x07, 0xF1, 0xEF, 0x70, 0x7E, 0x0F, 0xF9, 0xF9, 0xFF, 0x07, 0xE0, 0xEF, 0x78, 0xFE, 0x0F,
    0x80, 0x4E, 0xA0, 0x66, 0xFF, 0xCF, 0x20, 0xFF, 0x5A, 0xD6, 0xB0, 0x99, 0x80, 0x1F, 0x00, 0x03,
    0xBB, 0x47, 0xCC, 0x80, 0x6C, 0xC6, 0x45, 0x36, 0x7A, 0x00, 0x7A, 0x00, 0x6F, 0xB2, 0x40, 0x63,
    0x4B, 0x65, 0xAE, 0xE0, 0x00, 0x32, 0xD6, 0xE0, 0x00, 0xAE, 0x80, 0x8A, 0xE4, 0x01, 0x17, 0x6C,
    0xC6, 0x2F, 0x00, 0x12, 0x6D, 0xB0, 0x6C, 0x4E, 0x00, 0xCC, 0x80, 0x64, 0xA4, 0xE0, 0x00, 0x8A,
    0xE4, 0x6C, 0xC6, 0x01, 0x17, 0x99, 0x80, 0x03, 0xBB, 0x47, 0xE8, 0x8E, 0xCC, 0xD6, 0x00, 0x98,
    0x00, 0xF6, 0x00, 0x18, 0x00, 0xF6, 0x40, 0x98, 0xC0, 0xD0, 0x00, 0xD0, 0x08, 0x00, 0xF0, 0xF2,
    0x20, 0xC0, 0xC0, 0xC0, 0xC0, 0xC0, 0xC0, 0x54, 0xFF, 0xFF, 0xC0, 0xF8, 0x00, 0xDB, 0x6D, 0xB6,
    0xDB, 0x6D, 0xB6, 0xDB, 0x6C, 0xC0, 0xC0, 0xEE, 0xE0, 0x00, 0x00, 0x0E, 0xEE, 0xC0, 0xC0, 0x7F,
    0xFF, 0xF7, 0x0E, 0x1C, 0x38, 0x70, 0xE1, 0xC3, 0xFF, 0xFF, 0xE0, 0xE4, 0x40, 0x78, 0x3C, 0xF0,
    0xE1, 0xE3, 0x87, 0x8E, 0x0F, 0x78, 0x7F, 0xC3, 0xFE, 0x1E, 0xF0, 0x79, 0xE1, 0xC3, 0x87, 0x0F,
    0x1C, 0x1E, 0xF0, 0x78, 0x7F, 0x07, 0xF8, 0x7F, 0xC0, 0x1C, 0x01, 0xC0, 0x1C, 0x01, 0xC0, 0x1C,
    0x01, 0xC0, 0x1C, 0x7F, 0xFF, 0xFF, 0xFF, 0xF0, 0x7C, 0x7E, 0x7E, 0x0E, 0x0E, 0x0E, 0x0E, 0x0E,
    0x0E, 0x1E, 0xFF, 0xF7, 0xE7, 0x00, 0xFF, 0xEF, 0xFE, 0x7F, 0xE0, 0x38, 0x03, 0x80, 0x38, 0x03,
    0x80, 0x38, 0x03, 0x80, 0x38, 0x03, 0x80, 0x38, 0x03, 0x80, 0x7F, 0xC3, 0xFF, 0x1F, 0xFC, 0x00,
    0xE0, 0x07, 0x00, 0x39, 0xC1, 0xCE, 0x0E, 0x70, 0x73, 0x83, 0x9C, 0x1C, 0xE0, 0xE7, 0x07, 0x00,
    0xFB, 0xEF, 0x8E, 0x38, 0xE3, 0x8E, 0x38, 0xE3, 0x8E, 0x38, 0xFF, 0xFD, 0xF9, 0xC7, 0x8E, 0x1C,
    0x38, 0x78, 0xF1, 0xE3, 0xC3, 0x80, 0x7F, 0xE1, 0xFF, 0xC7, 0xFF, 0x8E, 0x0E, 0x38, 0x38, 0xE0,
    0xE3, 0x83, 0x8E, 0x0E, 0x38, 0x38, 0xE0, 0xE3, 0x83, 0x8E, 0x0E, 0x38, 0x38, 0xE7, 0xCE, 0x7E,
    0xE7, 0xFE, 0x0F, 0xE0, 0x7E, 0x07, 0xE0, 0x7E, 0x07, 0xF0, 0xFF, 0x0F, 0x7F, 0xE3, 0xFC, 0x1F,
    0x80, 0xFB, 0xEF, 0x8E, 0x38, 0xE3, 0x80, 0xFF, 0x1F, 0xF3, 0xFF, 0x00, 0xE0, 0x1C, 0x03, 0x80,
    0x70, 0x0E, 0x01, 0xC0, 0x38, 0x07, 0x00, 0xE0, 0x1C, 0x03, 0x80, 0x70, 0x0E, 0x01, 0xC0, 0x7E,
    0x0F, 0xF1, 0xFE, 0x01, 0xE0, 0x1C, 0x03, 0x80, 0x70, 0x0E, 0x01, 0xC0, 0x79, 0xFE, 0x7F, 0xCF,
    0xE0, 0x00, 0x1C, 0x03, 0x80, 0x70, 0x0F, 0xFF, 0xFF, 0xBF, 0xF0, 0x1E, 0x03, 0x80, 0x70, 0x1E,
    0x03, 0x80, 0x70, 0x1E, 0x03, 0x80, 0x70, 0x1E, 0x00, 0x7F, 0xE1, 0xFF, 0xC7, 0xFF, 0x8E, 0x0E,
    0x38, 0x38, 0xE0, 0xE3, 0x83, 0x8E, 0x0E, 0x38, 0x38, 0xE0, 0xE3, 0xFF, 0x8F, 0xFE, 0x3F, 0xF8,
    0x71, 0xF0, 0xF7, 0xF1, 0xFF, 0xE1, 0xF1, 0xE3, 0xC1, 0xC7, 0x83, 0x8F, 0x07, 0x1C, 0x0E, 0x38,
    0x3C, 0x70, 0x78, 0xE7, 0xE3, 0xDF, 0x87, 0xBE, 0x00, 0xFB, 0xEF, 0x8E, 0x38, 0xE3, 0x8E, 0x38,
    0xE3, 0x8E, 0x38, 0xE3, 0x8E, 0x38, 0x79, 0xF9, 0xF0, 0xE1, 0xC3, 0x87, 0x0E, 0x1C, 0x3B, 0xF7,
    0xEF, 0xC0, 0x7F, 0xC7, 0xFF, 0x9F, 0xFC, 0x70, 0xF7, 0x03, 0xB8, 0x1D, 0xC0, 0xEE, 0x07, 0x78,
    0x7B, 0xC3, 0xCF, 0xFC, 0x7F, 0xC0, 0xFC, 0x00, 0x00, 0x03, 0x83, 0x9E, 0x1C, 0xF0, 0xE3, 0x87,
    0x1C, 0x38, 0xF1, 0xC7, 0x9E, 0x1C, 0xF0, 0xE7, 0x07, 0xF8, 0xFF, 0x8F, 0xF0, 0x7E, 0x00, 0x00,
    0x00, 0x3F, 0x07, 0xF8, 0xFF, 0xCF, 0x1E, 0xE0, 0xEF, 0x0E, 0xF8, 0xE7, 0x8E, 0x10, 0xE0, 0x0E,
    0x00, 0xE0, 0x0E, 0x00, 0xE0, 0x0E, 0x00, 0xE0, 0x0E, 0x00, 0xE0, 0x3F, 0x07, 0xF8, 0xFF, 0xCF,
    0x1E, 0xE0, 0xEF, 0x0E, 0xF8, 0xE7, 0x8E, 0x11, 0xE0, 0x1E, 0x7F, 0xCF, 0xF8, 0xFF, 0x00, 0x70,
    0xF7, 0x8F, 0x78, 0xE3, 0x8E, 0x3C, 0xE3, 0xDE, 0x1F, 0xC1, 0xF8, 0x0F, 0x00, 0xE0, 0x0F, 0x00,
    0xF0, 0x07, 0x00, 0x70, 0x07, 0x80, 0x78, 0x03, 0x80, 0x78, 0xF7, 0x8F, 0x3C, 0xF1, 0xEE, 0x1E,
    0xE0, 0xFE, 0x07, 0xC0, 0x78, 0x03, 0xC0, 0x3C, 0x7F, 0xE7, 0xFE, 0x7F, 0xE0, 0x7F, 0xFB, 0xFF,
    0xDF, 0xFC, 0x00, 0xE0, 0x0F, 0x00, 0x79, 0xC3, 0x8E, 0x1C, 0x71, 0xE3, 0x8E, 0x1C, 0x70, 0xE7,
    0x87, 0x3C, 0x38, 0x01, 0xC0, 0x0E, 0x00, 0x70, 0x00, 0x7F, 0x0F, 0xF1, 0xFF, 0x00, 0xE0, 0x1C,
    0x03, 0x80, 0x70, 0x0E, 0x01, 0xC0, 0x38, 0x07, 0x00, 0xE0, 0x1C, 0xE7, 0x3B, 0x9C, 0xEE, 0x73,
    0xB9, 0xCE, 0xEF, 0x3B, 0xF8, 0xEF, 0xE3, 0xBE, 0x0E, 0xF0, 0x79, 0xC1, 0xE7, 0xFF, 0x0F, 0xF8,
    0x0F, 0xC0, 0x7F, 0xF1, 0xFF, 0xE7, 0xFF, 0xC7, 0x0F, 0x1C, 0x1C, 0x70, 0x71, 0xC1, 0xC7, 0x07,
    0x1C, 0x1C, 0x70, 0x77, 0xC1, 0xDF, 0x07, 0x78, 0x1C, 0x0F, 0x80, 0x1F, 0x00, 0x3E, 0x00, 0x1C,
    0x0F, 0xBF, 0xDF, 0x7F, 0xBE, 0xFF, 0x1D, 0xCE, 0x38, 0x1C, 0x70, 0x38, 0xE0, 0x70, 0x00, 0x00,
    0xF9, 0xF7, 0xCF, 0xBE, 0x7C, 0x70, 0xE3, 0x87, 0x1C, 0x38, 0xE1, 0xC7, 0x0E, 0x38, 0x71, 0xC3,
    0x8E, 0x1C, 0x70, 0xE3, 0x87, 0x00, 0xF8, 0xF7, 0xCF, 0xBE, 0x3C, 0x70, 0xE3, 0x87, 0x1C, 0x38,
    0xE1, 0xC7, 0x0E, 0x00, 0x70, 0x03, 0x80, 0x1C, 0x00, 0xE0, 0x07, 0x00, 0xF8, 0xF7, 0xCF, 0xBE,
    0x3C, 0x70, 0xE3, 0x87, 0x1C, 0x38, 0xE1, 0xC0, 0x00, 0x73, 0x9C, 0xEE, 0x70, 0x73, 0xB9, 0xDD,
    0xCE, 0xEE, 0x77, 0x30, 0x00, 0x00, 0x00, 0x00, 0x00, 0x30, 0x00, 0x00, 0xC0, 0x00, 0x01, 0x0F,
    0xFF, 0xFF, 0xDF, 0xFF, 0xFF, 0x80, 0x04, 0x00, 0x00, 0x01, 0xA3, 0x98, 0x00, 0x07, 0xE9, 0xB7,
    0xC0, 0x1F, 0xCA, 0xCE, 0x7F, 0xFF, 0x04, 0xE1, 0x03, 0xFC, 0x00, 0x10, 0x00, 0x00, 0x00, 0x00,
    0x70, 0x00, 0x00, 0x6C, 0x00, 0x00, 0x22, 0x00, 0x00, 0x1F, 0xFF, 0xFF, 0xE7, 0xFF, 0xFF, 0xF0,
    0x00, 0x00, 0x38, 0x00, 0x01, 0xE0, 0x00, 0x2C, 0xFF, 0xFF, 0xFE, 0x7F, 0xF9, 0xF0, 0x00, 0x00,
    0x00, 0x00, 0x00, 0x00, 0x00, 0x00, 0x04, 0x00, 0x00, 0x00, 0x00, 0x00, 0x06, 0x00, 0x00, 0x00,
    0x00, 0x00, 0x26, 0x00, 0x00, 0x00, 0x00, 0x00, 0x66, 0x00, 0x00, 0x00, 0x00, 0x70, 0x66, 0x00,
    0x00, 0x00, 0x00, 0xBF, 0xFE, 0x00, 0x00, 0x00, 0x01, 0x0F, 0xBC, 0x00, 0x00, 0x00, 0x01, 0x00,
    0x00, 0x00, 0x00, 0x00, 0x01, 0x00, 0x00, 0xFF, 0xFF, 0xFF, 0xFD, 0x80, 0x00, 0x7F, 0xFF, 0xFF,
    0xFF, 0xE0, 0x00, 0x00, 0x00, 0x00, 0x00, 0xE0, 0x00, 0x00, 0x00, 0x00, 0x00, 0x00, 0x00, 0x00,
    0x00, 0x01, 0xE0, 0x03, 0xFF, 0xFF, 0xF8, 0x07, 0xFE, 0x00, 0x00, 0x02, 0x2C, 0x11, 0xE0, 0xCC,
    0x02, 0x20, 0x19, 0x00, 0x48, 0x02, 0x0E, 0x18, 0xC0, 0x46, 0x03, 0x60, 0x0B, 0x00, 0x70, 0x01,
    0x80, 0x08, 0x00, 0x00, 0x00, 0x04, 0x20, 0x44, 0x06, 0x60, 0x22, 0x03, 0x00, 0x13, 0x01, 0x07,
    0x18, 0xC0, 0x8C, 0x0D, 0x80, 0x58, 0x07, 0x00, 0x30, 0x02, 0x00, 0x00, 0x00, 0x00, 0x00, 0x00,
    0x18, 0x01, 0x83, 0x00, 0x78, 0x60, 0x19, 0x84, 0x02, 0x30, 0x80, 0x43, 0xF0, 0x8F, 0xFC, 0x70,
    0xFC, 0x1A, 0x01, 0x00, 0x40, 0x20, 0x0C, 0x0C, 0x01, 0x87, 0x00, 0x1F, 0xC0, 0x01, 0xE0, 0x00,
    0x00, 0x02, 0x30, 0x72, 0x07, 0x60, 0x04, 0x00, 0xC0, 0x08, 0x01, 0x80, 0x12, 0x63, 0x76, 0x23,
    0x66, 0x00, 0x00, 0x00, 0x00, 0x00, 0x46, 0x01, 0xC8, 0x03, 0xB0, 0x00, 0x40, 0x01, 0x80, 0x02,
    0x00, 0x0C, 0x00, 0x12, 0x64, 0x6E, 0xFC, 0x8D, 0x9B, 0x00, 0x00, 0x00, 0x00, 0x08, 0x0E, 0x02,
    0x00, 0x00, 0xC0, 0xF0, 0xDC, 0x46, 0x21, 0x1F, 0xC7, 0x60, 0x67, 0xF7, 0xE0, 0x00, 0x08, 0x0C,
    0x02, 0x01, 0x00, 0x80, 0x00, 0x09, 0x6D, 0x80, 0x01, 0x36, 0x48, 0x80, 0x18, 0x00, 0x3E, 0x00,
    0x31, 0x80, 0x10, 0x40, 0x2C, 0x20, 0x77, 0xFF, 0xF1, 0xFF, 0xE0, 0x1C, 0x03, 0xE0, 0x40, 0x04,
    0x00, 0x60, 0xC3, 0xF8, 0x1E, 0x01, 0xC0, 0x10, 0x03, 0x1C, 0x27, 0xF2, 0xE3, 0x38, 0x13, 0x01,
    0x38, 0x64, 0xFE, 0x47, 0x80, 0x00, 0x32, 0x5C, 0x80, 0x00, 0x33, 0x1E, 0x80, 0x04, 0xC8, 0xF3,
    0x24, 0xC0, 0x40, 0x69, 0x2B, 0xA4, 0xC0, 0x00, 0x00, 0x0A, 0xFE, 0x00, 0x81, 0x89, 0x78, 0x0C,
    0x06, 0x03, 0x01, 0x81, 0xC2, 0x01, 0xFC, 0x00, 0x10, 0x70, 0x18, 0x00, 0x66, 0x60, 0x03, 0x40,
    0x09, 0x6D, 0x80, 0x19, 0x00, 0x01, 0x02, 0x04, 0x0C, 0x0C, 0x08, 0x10, 0x20, 0x4C, 0xF8, 0xE0,
    0x30, 0xC1, 0x1B, 0x6C, 0x00, 0x38, 0xFB, 0x14, 0x08, 0x1C, 0x1C, 0x1C, 0x10, 0x20, 0x01, 0x83,
    0x00, 0x00, 0x01, 0x80, 0x78, 0x1C, 0x02, 0x00, 0x80, 0x10, 0x03, 0xC0, 0x3E, 0x00, 0xC0, 0x18,
    0x0E, 0x3F, 0x83, 0xC0, 0x18, 0x3C, 0x64, 0x40, 0x66, 0x7E, 0xF0, 0x00, 0x00, 0xF8, 0x00, 0x81,
    0x02, 0x04, 0x08, 0x10, 0x20, 0x40, 0x81, 0x02, 0x04, 0x08, 0x10, 0x00, 0x53, 0xF0, 0x9B, 0x49,
    0x24, 0x92, 0x49, 0x00, 0x0C, 0x08, 0x07, 0x02, 0x00, 0xC0, 0xF0, 0xCC, 0x46, 0x21, 0x1F, 0x87,
    0xC0, 0x60, 0x67, 0xF0, 0xE0, 0x49, 0x24, 0x92, 0x49, 0x24, 0x83, 0x9F, 0x80, 0x00, 0xC0, 0x39,
    0x8C, 0x41, 0x0E, 0x41, 0x88, 0x01, 0xC4, 0x1E, 0x80, 0xF0, 0x0B, 0x07, 0x3F, 0x83, 0xC0, 0x49,
    0x24, 0x92, 0x49, 0x24, 0x80, 0x00, 0x00, 0x00, 0x20, 0x01, 0xA0, 0x03, 0x80, 0x0E, 0x00, 0x3C,
    0x03, 0x9F, 0xFC, 0x3F, 0xC0, 0x00, 0x00, 0x00, 0x01, 0xC0, 0x06, 0x00, 0x00, 0x00, 0x00, 0x6C,
    0x6C, 0x00, 0x00, 0x38, 0x1C, 0x2E, 0x46, 0x42, 0x42, 0x7C, 0x3C, 0x01, 0x00, 0x3E, 0x01, 0x90,
    0x80, 0x06, 0x80, 0x0E, 0x00, 0x38, 0x00, 0xF0, 0x0E, 0x7F, 0xF0, 0xFF, 0x00, 0x02, 0x00, 0x18,
    0x00, 0x98, 0x03, 0x42, 0x00, 0x1A, 0x00, 0x38, 0x00, 0xE0, 0x03, 0xC0, 0x39, 0xFF, 0xC3, 0xFC,
    0x00, 0x7C, 0x07, 0xFF, 0x01, 0xF8, 0x1E, 0x01, 0x80, 0x18, 0x01, 0x80, 0x08, 0x60, 0x43, 0x02,
    0x00, 0x18, 0x00, 0xE0, 0x03, 0xFF, 0x07, 0xE0, 0x7C, 0x07, 0xFF, 0x01, 0xF8, 0x1E, 0x01, 0x80,
    0x18, 0x01, 0x80, 0x08, 0x00, 0x40, 0x02, 0x00, 0x18, 0x00, 0xE0, 0x03, 0xFF, 0x07, 0xE0, 0x00,
    0x00, 0x30, 0x01, 0x80, 0x04, 0x00, 0x00, 0x3E, 0x03, 0xFF, 0x80, 0xFC, 0x0F, 0x00, 0xC0, 0x0C,
    0x00, 0xC0, 0x04, 0x00, 0x20, 0x01, 0x00, 0x0C, 0x00, 0x70, 0x01, 0xFF, 0x83, 0xF0, 0x00, 0x18,
    0x30, 0x60, 0x60, 0xC0, 0xFF, 0xFC, 0x00, 0x30, 0x60, 0x00, 0x01, 0x83, 0x06, 0x06, 0x0C, 0x0F,
    0xFF, 0xC0, 0x00, 0x06, 0x06, 0x07, 0x03, 0x03, 0x01, 0x01, 0x03, 0x06, 0xFE, 0x78, 0x00, 0x0C,
    0x0C, 0x00, 0x00, 0x06, 0x06, 0x07, 0x03, 0x03, 0x01, 0x01, 0x03, 0x06, 0xFE, 0x78, 0x00, 0x00,
    0x00, 0x00, 0x08, 0x00, 0x03, 0x00, 0x43, 0x20, 0x08, 0x46, 0x03, 0x0C, 0xC0, 0x3F, 0xF4, 0x07,
    0xDE, 0x80, 0xC0, 0x10, 0x10, 0x03, 0x02, 0x00, 0x61, 0x80, 0x07, 0xE0, 0x00, 0x78, 0x00, 0x00,
    0x00, 0x04, 0x00, 0x00, 0xC0, 0x00, 0x6C, 0x00, 0x0D, 0x80, 0x00, 0x04, 0x00, 0x01, 0x80, 0x21,
    0x90, 0x04, 0x23, 0x01, 0x86, 0x60, 0x1F, 0xFA, 0x03, 0xEF, 0x40, 0x60, 0x08, 0x08, 0x01, 0x81,
    0x00, 0x30, 0xC0, 0x03, 0xF0, 0x00, 0x3C, 0x00, 0x00, 0x00, 0x01, 0xC0, 0x00, 0x1F, 0x00, 0x03,
    0x8C, 0x01, 0x30, 0x30, 0x19, 0x01, 0x00, 0xF0, 0x38, 0x03, 0xFF, 0x90, 0x1F, 0xF0, 0x80, 0xC0,
    0x04, 0x04, 0x00, 0x30, 0x20, 0x01, 0x86, 0x00, 0x07, 0xE0, 0x00, 0x1E, 0x00, 0x00, 0x00, 0x00,
    0x00, 0x00, 0x30, 0x00, 0x01, 0x80, 0x00, 0x00, 0x00, 0x00, 0x00, 0x00, 0x00, 0xE0, 0x00, 0x0F,
    0x80, 0x01, 0xC6, 0x00, 0x98, 0x18, 0x0C, 0x80, 0x80, 0x78, 0x1C, 0x01, 0xFF, 0xC8, 0x0F, 0xF8,
    0x40, 0x60, 0x02, 0x02, 0x00, 0x18, 0x10, 0x00, 0xC3, 0x00, 0x03, 0xF0, 0x00, 0x0F, 0x00, 0x00,
    0x00, 0x00, 0x18, 0x00, 0x30, 0x00, 0x60, 0x00, 0xC0, 0x01, 0x80, 0x03, 0x00, 0x06, 0x18, 0x04,
    0xFC, 0x0B, 0x1C, 0x1C, 0x18, 0x30, 0x14, 0xC0, 0xCF, 0xFF, 0x07, 0xFC, 0x00, 0x00, 0x00, 0x18,
    0x00, 0x30, 0x00, 0x61, 0x80, 0xC7, 0x01, 0x80, 0x03, 0x00, 0x06, 0x18, 0x04, 0xFC, 0x0B, 0x1C,
    0x1C, 0x18, 0x30, 0x14, 0xC0, 0xCF, 0xFF, 0x07, 0xFC, 0x00, 0x38, 0x07, 0xC0, 0xC0, 0x08, 0x00,
    0xC1, 0x8F, 0x70, 0x7E, 0x03, 0x80, 0x20, 0x06, 0x00, 0x40, 0x04, 0x00, 0x40, 0x06, 0x00, 0x3F,
    0xF0, 0xFC, 0x00, 0x01, 0x00, 0x38, 0x01, 0x00, 0x00, 0x03, 0x80, 0x7C, 0x0C, 0x00, 0x80, 0x0C,
    0x18, 0xF7, 0x07, 0xE0, 0x38, 0x02, 0x00, 0x60, 0x04, 0x00, 0x40, 0x04, 0x00, 0x60, 0x03, 0xFF,
    0x0F, 0xC0, 0x00, 0x00, 0x04, 0x20, 0x43, 0x80, 0x3C, 0x03, 0xC0, 0x18, 0x00, 0x60, 0x01, 0xE0,
    0x00, 0xC0, 0x01, 0x88, 0x03, 0x20, 0x04, 0xC0, 0x33, 0xFF, 0x83, 0xFC, 0x00, 0x00, 0x08, 0x00,
    0xE0, 0x0F, 0x00, 0xF0, 0x06, 0x00, 0x18, 0x00, 0x78, 0x00, 0x30, 0x00, 0x62, 0x00, 0xC8, 0x01,
    0x30, 0x0C, 0xFF, 0xE0, 0xFF, 0x00, 0x00, 0x00, 0x90, 0x03, 0x60, 0x06, 0x00, 0x08, 0x00, 0x00,
    0x00, 0xC0, 0x39, 0x8C, 0x53, 0x09, 0x40, 0x08, 0x21, 0xE4, 0x1E, 0x80, 0x70, 0x0B, 0x07, 0x3F,
    0x83, 0xC0, 0x00, 0x30, 0x03, 0x81, 0x30, 0xDB, 0x06, 0x50, 0x00, 0x80, 0x87, 0x84, 0x1E, 0x20,
    0x19, 0x00, 0x8C, 0x1C, 0x3F, 0x80, 0xF0, 0x00, 0x00, 0x62, 0x0E, 0x31, 0x8D, 0xB0, 0xCA, 0x00,
    0x20, 0x43, 0xC4, 0x1E, 0x40, 0x34, 0x02, 0x60, 0xE3, 0xF8, 0x1E, 0x00, 0xFF, 0xC0, 0x00, 0x00,
    0x00, 0x10, 0x00, 0x38, 0x00, 0x10, 0x00, 0x00, 0x00, 0x38, 0x00, 0x3C, 0x00, 0x46, 0x00, 0x46,
    0x80, 0x46, 0x80, 0x7E, 0x80, 0x3A, 0xC0, 0x0E, 0x7F, 0xFC, 0x3F, 0xE0, 0x00, 0x81, 0xB8, 0x32,
    0x00, 0x00, 0x38, 0x0F, 0x83, 0x30, 0x43, 0x08, 0x61, 0xFE, 0x1E, 0xC0, 0x18, 0x03, 0x80, 0xB8,
    0xE3, 0xF8, 0x3C, 0x00, 0x00, 0x80, 0x60, 0x1C, 0x02, 0x00, 0x80, 0x30, 0x8C, 0x43, 0x1C, 0xC2,
    0x10, 0x04, 0x01, 0xFF, 0xFF, 0xE0, 0x00, 0x00, 0x60, 0x18, 0x06, 0x01, 0x80, 0x60, 0x18, 0x02,
    0x00, 0x80, 0x20, 0x08, 0x03, 0x00, 0xC0, 0x38, 0x06, 0x01, 0x80, 0xB0, 0x67, 0xF0, 0xF0, 0x38,
    0x1E, 0x11, 0x80, 0x63, 0xF7, 0xFB, 0x01, 0x00, 0x80, 0x60, 0x30, 0x18, 0x0C, 0x00, 0x00, 0x00,
    0x06, 0x01, 0x80, 0x20, 0x00, 0x80, 0x60, 0x08, 0x03, 0x80, 0xE0, 0x18, 0x0B, 0x0E, 0x7F, 0x0F,
    0x00, 0x00, 0x00, 0x30, 0x07, 0x80, 0x7C, 0x08, 0xE0, 0x8B, 0x0C, 0xB0, 0x71, 0x7F, 0xD3, 0xCE,
    0x00, 0x00, 0x0C, 0x0F, 0x0C, 0xC4, 0x62, 0x11, 0xF8, 0x7C, 0x06, 0x06, 0x7F, 0x0E, 0x00, 0x00,
    0xC0, 0x38, 0x0C, 0x03, 0x00, 0x40, 0x08, 0x21, 0xE4, 0x1E, 0x80, 0x70, 0x0B, 0x07, 0x3F, 0x83,
    0xC0, 0x00, 0xC0, 0x38, 0x0C, 0x03, 0x00, 0x40, 0x08, 0x21, 0xE4, 0x1E, 0x80, 0x70, 0x0B, 0x07,
    0x3F, 0x83, 0xC0, 0x00, 0x0D, 0x81, 0xB0, 0x00, 0x00, 0x17, 0xA6, 0xC0, 0x00, 0x18, 0x47, 0x8C,
    0x20, 0x01, 0xBD, 0xC0, 0x00, 0x01, 0xB8, 0x00, 0x31, 0x8E, 0xC4, 0x00, 0x01, 0xB8, 0x00, 0x15,
    0xF0, 0xEA, 0xE0, 0x00, 0xF8, 0x00, 0x73, 0xF0, 0x73, 0xF0, 0xF8, 0x37, 0x18, 0xC0, 0x99, 0x60,
    0x01, 0xE0, 0x06, 0x9C, 0xC0, 0x00, 0x04, 0xEB, 0x00, 0xFF, 0x80, 0x63, 0x38, 0x61, 0x00, 0x01,
    0xA3, 0x1C, 0x00, 0x11, 0x0E, 0xF0, 0x00, 0x07, 0x72, 0x00, 0x1B, 0x26, 0xC9, 0x24, 0x90, 0x03,
    0x1C, 0xFF, 0x79, 0x86, 0x08, 0x20, 0x82, 0x08, 0x00, 0x00, 0xA2, 0x59, 0xEF, 0xE3, 0x81, 0x80,
    0xC0, 0x60, 0x10, 0x08, 0x04, 0x02, 0x00, 0x00, 0x00, 0x61, 0x86, 0x0C, 0x1C, 0x1C, 0x18, 0x20,
    0x81, 0x03, 0xE3, 0xC0, 0x39, 0xE4, 0xF1, 0x86, 0x18, 0xFE, 0x70, 0x00, 0xFC, 0x7C, 0x04, 0x04,
    0x04, 0x04, 0x04, 0x06, 0x06, 0x02, 0x03, 0x00, 0x00, 0x60, 0xF0, 0x4C, 0x66, 0x31, 0x90, 0xD8,
    0x68, 0x1C, 0x0E, 0x07, 0x01, 0x00, 0x08, 0x04, 0x07, 0x03, 0x81, 0x41, 0xB0, 0x98, 0x46, 0x63,
    0x20, 0xF0, 0x68, 0x10, 0x70, 0xF2, 0x66, 0x4F, 0x8F, 0x02, 0x04, 0x0C, 0x18, 0x18, 0x20, 0x00,
    0x00, 0x23, 0x72, 0x76, 0x04, 0x0C, 0x08, 0x18, 0x12, 0x37, 0x23, 0x60, 0x00, 0x10, 0xC6, 0x10,
    0x8C, 0xCE, 0x40, 0x01, 0x98, 0x8C, 0x42, 0x18, 0x40, 0x00, 0x00, 0x08, 0x18, 0x7E, 0x3C, 0x3C,
    0x24, 0x00, 0x00, 0x00, 0x00, 0x20, 0x01, 0xA0, 0x03, 0x80, 0x0E, 0x00, 0x3C, 0x03, 0x9F, 0xFC,
    0x3F, 0xC0, 0x03, 0x80, 0xF8, 0x33, 0x04, 0x30, 0x86, 0x1F, 0xE1, 0xEC, 0x01, 0x80, 0x38, 0x0B,
    0x8E, 0x3F, 0x83, 0xC0, 0x7C, 0x33, 0x7C, 0x00, 0x10, 0x86, 0x21, 0x08, 0x42, 0x10, 0x84, 0x21,
    0x08, 0x00, 0x11, 0x0E, 0xF0, 0x10, 0x84, 0x21, 0x08, 0x42, 0x10, 0x84, 0x21, 0x08, 0x01, 0x0C,
    0x42, 0x10, 0x84, 0x21, 0x08, 0x42, 0x10, 0x80, 0x11, 0x0E, 0xF0, 0x00, 0x18, 0x3C, 0x64, 0x40,
    0x66, 0x7E, 0xF0, 0x00, 0x00, 0x01, 0x00, 0x04, 0x00, 0x10, 0x00, 0x40, 0xC1, 0x07, 0x84, 0x32,
    0x10, 0x80, 0x43, 0x19, 0x0F, 0xE4, 0x78, 0x10, 0x00, 0x40, 0x01, 0x00, 0x04, 0x00, 0x00, 0x00,
    0x00, 0x06, 0x00, 0x01, 0xE0, 0x00, 0x24, 0x00, 0x0C, 0x00, 0xC0, 0xCC, 0x3C, 0x1F, 0x8C, 0xC7,
    0x01, 0x18, 0x00, 0x21, 0x00, 0x07, 0xE0, 0x00, 0x7C, 0x00, 0x01, 0x80, 0x00, 0x60, 0x01, 0xFC,
    0x00, 0x0E, 0x00, 0x00, 0x04, 0x00, 0x00, 0xC0, 0x00, 0x10, 0x18, 0x02, 0x07, 0x80, 0x00, 0x90,
    0x00, 0x30, 0x03, 0x03, 0x30, 0xF0, 0x7E, 0x33, 0x1C, 0x04, 0x20, 0x00, 0x84, 0x00, 0x1F, 0x80,
    0x01, 0xF0, 0x00, 0x06, 0x00, 0x01, 0x80, 0x07, 0xF0, 0x00, 0x38, 0x00, 0x00, 0x00, 0x01, 0xC0,
    0x00, 0x1E, 0x00, 0x00, 0x80, 0x01, 0x8C, 0x00, 0x1C, 0x3F, 0x01, 0x83, 0xE0, 0x18, 0x00, 0x00,
    0x80, 0x00, 0x04, 0x00, 0x04, 0x3C, 0x00, 0x20, 0xF0, 0x01, 0x00, 0xC0, 0x08, 0x04, 0x00, 0x60,
    0xE0, 0x01, 0xFC, 0x00, 0x07, 0x80, 0x00, 0x04, 0x00, 0x1C, 0x00, 0x48, 0x83, 0xC2, 0x00, 0x0A,
    0x00, 0x38, 0x00, 0xE0, 0x03, 0xC0, 0x39, 0xFF, 0xC3, 0xFC, 0x00, 0x00, 0x00, 0x18, 0x00, 0x00,
    0x00, 0x80, 0x06, 0x08, 0x00, 0x68, 0x00, 0xE0, 0x03, 0x80, 0x0F, 0x00, 0xE7, 0xFF, 0x0F, 0xF0,
    0x00, 0x00, 0x00, 0x20, 0x01, 0xA0, 0x03, 0x80, 0x0E, 0x00, 0x3C, 0x03, 0x9F, 0xFC, 0x3F, 0xC0,
    0x00, 0x00, 0x20, 0x00, 0x80, 0x00, 0x00, 0x0C, 0x00, 0x20, 0x00, 0x01, 0x00, 0x6E, 0x01, 0x90,
    0x80, 0x06, 0x80, 0x0E, 0x00, 0x38, 0x00, 0xF0, 0x0E, 0x7F, 0xF0, 0xFF, 0x00, 0x70, 0x01, 0xC0,
    0x01, 0x00, 0x3E, 0x00, 0x90, 0x01, 0x82, 0x00, 0x1A, 0x00, 0x38, 0x00, 0xE0, 0x03, 0xC0, 0x39,
    0xFF, 0xC3, 0xFC, 0x00, 0x00, 0x00, 0x00, 0x20, 0x01, 0xA0, 0x03, 0x80, 0x0E, 0x00, 0x3C, 0x03,
    0x9F, 0xFC, 0x3F, 0xC0, 0x00, 0x00, 0x48, 0x03, 0x60, 0x06, 0x00, 0x08, 0x00, 0x00, 0x00, 0x00,
    0x00, 0x3C, 0x00, 0x00, 0x03, 0xC2, 0x00, 0x1A, 0x00, 0x38, 0x00, 0xE0, 0x03, 0xC0, 0x39, 0xFF,
    0xC3, 0xFC, 0x00, 0x00, 0x00, 0x00, 0x20, 0x01, 0xA0, 0x03, 0x80, 0x0E, 0x00, 0x3C, 0x03, 0x9F,
    0xFC, 0x3F, 0xC0, 0x00, 0x00, 0x50, 0x01, 0x40, 0x05, 0x00, 0x14, 0x00, 0x06, 0x00, 0x80, 0x0E,
    0x00, 0x80, 0x7C, 0x0F, 0xFE, 0x07, 0xE0, 0xE0, 0x18, 0x03, 0x00, 0x60, 0x04, 0x00, 0x40, 0x04,
    0x00, 0x60, 0x07, 0x00, 0x3F, 0xE1, 0xF8, 0x02, 0x00, 0x30, 0x00, 0x00, 0x0C, 0x00, 0x60, 0x00,
    0x01, 0xF0, 0x1F, 0xFC, 0x07, 0xE0, 0x78, 0x06, 0x00, 0x60, 0x06, 0x00, 0x20, 0x01, 0x00, 0x08,
    0x00, 0x60, 0x03, 0x80, 0x0F, 0xFC, 0x1F, 0x80, 0x7C, 0x07, 0xFF, 0x01, 0xF8, 0x1E, 0x01, 0x80,
    0x18, 0x01, 0x80, 0x09, 0xB0, 0x4D, 0x82, 0x00, 0x18, 0x00, 0xE0, 0x03, 0xFF, 0x07, 0xE0, 0x7C,
    0x07, 0xFF, 0x01, 0xF8, 0x1E, 0x01, 0x80, 0x18, 0x01, 0x8C, 0x08, 0x40, 0x40, 0x02, 0x18, 0x18,
    0x00, 0xE0, 0x03, 0xFF, 0x07, 0xE0, 0x00, 0x00, 0x10, 0x01, 0xC0, 0x1B, 0x00, 0x90, 0x00, 0x01,
    0xF0, 0x1F, 0xFC, 0x07, 0xE0, 0x78, 0x06, 0x00, 0x60, 0x06, 0x00, 0x20, 0x01, 0x00, 0x08, 0x00,
    0x60, 0x03, 0x80, 0x0F, 0xFC, 0x1F, 0x80, 0x7C, 0x07, 0xFF, 0x01, 0xF8, 0x1E, 0x01, 0x80, 0x18,
    0x01, 0x82, 0x09, 0xB0, 0x46, 0x82, 0x18, 0x18, 0x00, 0xE0, 0x03, 0xFF, 0x07, 0xE0, 0x7C, 0x07,
    0xFF, 0x01, 0xF8, 0x1E, 0x01, 0x80, 0x18, 0x01, 0x96, 0x08, 0xB0, 0x42, 0x82, 0x3C, 0x18, 0x00,
    0xE0, 0x03, 0xFF, 0x07, 0xE0, 0x10, 0x10, 0x1C, 0x3C, 0x00, 0x00, 0x0C, 0x04, 0x06, 0x06, 0x03,
    0x03, 0xFE, 0x7C, 0x00, 0x10, 0x30, 0x60, 0x60, 0xC0, 0xFF, 0xFC, 0x50, 0x60, 0x00, 0x18, 0x30,
    0x60, 0x60, 0xC0, 0xFF, 0xFC, 0x00, 0x41, 0xC1, 0x00, 0x00, 0x10, 0x10, 0x1C, 0x3C, 0x00, 0x00,
    0x0C, 0x04, 0x06, 0x06, 0x03, 0x03, 0xFE, 0x7C, 0x00, 0x08, 0x18, 0x18, 0x00, 0x00, 0x59, 0xB0,
    0x00, 0x01, 0x83, 0x06, 0x06, 0x0C, 0x0F, 0xFF, 0xC0, 0x00, 0x18, 0x30, 0x60, 0x60, 0xC0, 0xFF,
    0xFC, 0x00, 0x93, 0x62, 0x00, 0x00, 0x30, 0xB3, 0xE2, 0x00, 0x03, 0x06, 0x0C, 0x0C, 0x18, 0x1F,
    0xFF, 0x80, 0x00, 0x59, 0x90, 0xC1, 0x00, 0x03, 0x06, 0x0C, 0x0C, 0x18, 0x1F, 0xFF, 0x80, 0x00,
    0x78, 0x01, 0xE0, 0x00, 0x03, 0x06, 0x0C, 0x0C, 0x18, 0x1F, 0xFF, 0x80, 0x00, 0x04, 0x03, 0x81,
    0x21, 0xE0, 0x00, 0x10, 0x0C, 0x06, 0x01, 0x80, 0xC0, 0x20, 0x10, 0x18, 0x18, 0xFC, 0x38, 0x00,
    0x00, 0x12, 0x1E, 0x0C, 0x00, 0x00, 0x06, 0x06, 0x07, 0x03, 0x03, 0x01, 0x01, 0x03, 0x06, 0xFE,
    0x78, 0x02, 0x06, 0x02, 0x03, 0x03, 0x01, 0x01, 0x01, 0x03, 0x06, 0x7E, 0x3E, 0x0E, 0x00, 0x06,
    0x06, 0x07, 0x03, 0x03, 0x01, 0x01, 0x03, 0x06, 0xFE, 0x78, 0x00, 0x10, 0x30, 0x10, 0x00, 0x06,
    0x06, 0x07, 0x03, 0x03, 0x01, 0x01, 0x03, 0x06, 0x7E, 0x38, 0x00, 0x68, 0x38, 0x30, 0x00, 0x00,
    0x06, 0x06, 0x07, 0x13, 0x3B, 0x11, 0x01, 0x03, 0x06, 0xFE, 0x78, 0x00, 0x10, 0x30, 0x10, 0x00,
    0x09, 0x8F, 0xC2, 0x00, 0x00, 0x30, 0x18, 0x0E, 0x03, 0x01, 0x80, 0x40, 0x20, 0x30, 0x33, 0xF8,
    0xF0, 0x00, 0x0C, 0x16, 0x1B, 0x10, 0x00, 0x06, 0x06, 0x07, 0x03, 0x03, 0x01, 0x01, 0x03, 0x06,
    0xFE, 0x78, 0x00, 0x1E, 0x00, 0x1E, 0x00, 0x00, 0x06, 0x06, 0x07, 0x03, 0x03, 0x01, 0x01, 0x03,
    0x06, 0xFE, 0x78, 0x00, 0x04, 0x00, 0x01, 0xC0, 0x00, 0x10, 0x00, 0x00, 0x20, 0x00, 0x0C, 0x01,
    0x0C, 0x80, 0x21, 0x18, 0x0C, 0x33, 0x00, 0xFF, 0xD0, 0x1F, 0x7A, 0x03, 0x00, 0x40, 0x40, 0x0C,
    0x08, 0x61, 0x86, 0x1C, 0x1F, 0x80, 0x01, 0xE0, 0x00, 0x00, 0x00, 0x00, 0x00, 0x08, 0x00, 0x03,
    0x00, 0x43, 0x20, 0x08, 0x46, 0x03, 0x0C, 0xC0, 0x3F, 0xF4, 0x07, 0xDE, 0x80, 0xC0, 0x10, 0x11,
    0x23, 0x02, 0x6C, 0x61, 0x86, 0x07, 0xE0, 0x60, 0x78, 0x00, 0x00, 0x00, 0x04, 0x00, 0x00, 0xC0,
    0x00, 0x6C, 0x00, 0x0D, 0x80, 0x00, 0x04, 0x00, 0x01, 0x80, 0x21, 0x90, 0x04, 0x23, 0x01, 0x86,
    0x60, 0x1F, 0xFA, 0x03, 0xEF, 0x40, 0x60, 0x08, 0x08, 0x91, 0x81, 0x36, 0x30, 0xC3, 0x03, 0xF0,
    0x30, 0x3C, 0x00, 0x00, 0x00, 0x01, 0xC0, 0x00, 0x1F, 0x00, 0x03, 0x8C, 0x01, 0x30, 0x30, 0x19,
    0x01, 0x00, 0xF0, 0x38, 0x03, 0xFF, 0x90, 0x1F, 0xF0, 0x80, 0xC0, 0x04, 0x04, 0x04, 0x30, 0x23,
    0x71, 0x86, 0x19, 0x07, 0xE0, 0x00, 0x1E, 0x00, 0x00, 0x00, 0x00, 0x00, 0x00, 0x30, 0x00, 0x03,
    0xC0, 0x00, 0x36, 0x00, 0x00, 0x80, 0x00, 0x00, 0x00, 0x00, 0x07, 0x00, 0x00, 0x7C, 0x00, 0x0E,
    0x30, 0x04, 0xC0, 0xC0, 0x64, 0x04, 0x03, 0xC0, 0xE0, 0x0F, 0xFE, 0x40, 0x7F, 0xC2, 0x03, 0x00,
    0x10, 0x10, 0x00, 0xC0, 0x80, 0x06, 0x18, 0x00, 0x1F, 0x80, 0x00, 0x78, 0x00, 0x00, 0x00, 0x00,
    0x18, 0x00, 0x30, 0xC0, 0x61, 0xC0, 0xCD, 0x81, 0x88, 0x03, 0x00, 0x06, 0x18, 0x04, 0xFC, 0x0B,
    0x1C, 0x1C, 0x18, 0x30, 0x14, 0xC0, 0xCF, 0xFF, 0x07, 0xFC, 0x00, 0x00, 0x01, 0x00, 0x18, 0x06,
    0xC0, 0x64, 0x00, 0x00, 0x38, 0x07, 0xC0, 0xC0, 0x08, 0x00, 0xC1, 0x8F, 0x70, 0x7E, 0x03, 0x80,
    0x20, 0x06, 0x00, 0x40, 0x04, 0x00, 0x40, 0x06, 0x00, 0x3F, 0xF0, 0xFC, 0x00, 0x38, 0x00, 0x3C,
    0x00, 0x46, 0x00, 0x46, 0x80, 0x46, 0x80, 0x7E, 0x80, 0x3A, 0xC0, 0x0E, 0x7F, 0xFC, 0x3F, 0xE0,
    0x00, 0x38, 0x00, 0x3C, 0x00, 0x46, 0x00, 0x46, 0x80, 0x46, 0x80, 0x7E, 0x80, 0x3A, 0xC0, 0x0E,
    0x7F, 0xFC, 0x3F, 0xE0, 0x00, 0x00, 0x00, 0x08, 0x00, 0x18, 0x00, 0x08, 0x00, 0x00, 0x00, 0x10,
    0x00, 0x38, 0x00, 0x10, 0x00, 0x00, 0x00, 0x38, 0x00, 0x3C, 0x00, 0x46, 0x00, 0x46, 0x80, 0x46,
    0x80, 0x7E, 0x80, 0x3A, 0xC0, 0x0E, 0x7F, 0xFC, 0x3F, 0xE0, 0x00, 0x00, 0x00, 0x08, 0x00, 0x18,
    0x00, 0x08, 0x00, 0x00, 0x00, 0x10, 0x00, 0x18, 0x00, 0x6C, 0x00, 0x60, 0x00, 0x00, 0x00, 0x38,
    0x00, 0x3C, 0x00, 0x46, 0x00, 0x46, 0x80, 0x46, 0x80, 0x7E, 0x80, 0x3A, 0xC0, 0x0E, 0x7F, 0xFC,
    0x3F, 0xE0, 0x00, 0x38, 0x00, 0x3C, 0x00, 0x46, 0x00, 0x46, 0x80, 0x46, 0x80, 0x7E, 0x80, 0x3A,
    0xC0, 0x0E, 0x7F, 0xFC, 0x3F, 0xE0, 0x00, 0x00, 0x00, 0x36, 0x00, 0x34, 0x00, 0x18, 0x00, 0x08,
    0x00, 0x28, 0x00, 0x28, 0x00, 0x28, 0x00, 0x28, 0x00, 0x00, 0x00, 0x38, 0x00, 0x3C, 0x00, 0x46,
    0x00, 0x46, 0x80, 0x46, 0x80, 0x7E, 0x80, 0x3A, 0xC0, 0x0E, 0x7F, 0xFC, 0x3F, 0xE0, 0x00, 0x00,
    0x60, 0x0C, 0x01, 0x00, 0x00, 0x07, 0x01, 0xF0, 0x66, 0x08, 0x61, 0x0C, 0x3F, 0xC3, 0xD8, 0x03,
    0x00, 0x70, 0x17, 0x1C, 0x7F, 0x07, 0x80, 0x00, 0x00, 0x60, 0x0C, 0x02, 0x60, 0x48, 0x00, 0x00,
    0xE0, 0x3E, 0x0C, 0xC1, 0x0C, 0x21, 0x87, 0xF8, 0x7B, 0x00, 0x60, 0x0E, 0x02, 0xE3, 0x8F, 0xE0,
    0xF0, 0x00, 0x00, 0x08, 0x00, 0xE0, 0x0F, 0x00, 0xF0, 0x06, 0x00, 0x18, 0x00, 0x78, 0x00, 0x30,
    0x00, 0x62, 0x00, 0xC8, 0x01, 0x30, 0x0C, 0xFF, 0xE0, 0xFF, 0x00, 0x00, 0x00, 0x00, 0x0E, 0x00,
    0x01, 0xC0, 0x00, 0x30, 0x00, 0x06, 0x00, 0x00, 0x40, 0x00, 0x07, 0xFF, 0xE0, 0x3F, 0xFF, 0x00,
    0x00, 0x1F, 0xFF, 0xFF, 0x7F, 0xFF, 0xE0, 0x00, 0x00, 0x00, 0xE0, 0x0F, 0x00, 0xF8, 0x07, 0xD0,
    0x19, 0x80, 0x78, 0x00, 0x70, 0x00, 0x60, 0x00, 0xC8, 0x01, 0x30, 0x0C, 0xFF, 0xE0, 0xFF, 0x00,
    0x00, 0x80, 0x61, 0xDC, 0x62, 0x00, 0x80, 0x30, 0x8C, 0x43, 0x1C, 0xC2, 0x10, 0x04, 0x01, 0xFF,
    0xFF, 0xE0, 0x00, 0x80, 0x60, 0x9C, 0x22, 0x14, 0x80, 0x30, 0x8C, 0x43, 0x1C, 0xC2, 0x10, 0x04,
    0x01, 0xFF, 0xFF, 0xE0, 0x00, 0x80, 0x60, 0x1C, 0x02, 0x00, 0x80, 0x30, 0x8C, 0x43, 0x1C, 0xC2,
    0x10, 0x04, 0x01, 0xFF, 0xFF, 0xE0, 0x00, 0x48, 0x1B, 0x03, 0x00, 0x40, 0x00, 0x00, 0x18, 0x01,
    0xC0, 0x1C, 0x81, 0xCE, 0x0C, 0xF0, 0x0F, 0x00, 0x60, 0x01, 0x80, 0x07, 0x80, 0x03, 0x00, 0x06,
    0x20, 0x0C, 0x80, 0x13, 0x00, 0xCF, 0xFE, 0x0F, 0xF0, 0x00, 0x00, 0x00, 0xE0, 0x0E, 0x00, 0xEE,
    0x0E, 0xF0, 0x0F, 0x80, 0x7D, 0x01, 0x98, 0x07, 0x80, 0x07, 0x00, 0x06, 0x00, 0x0C, 0x80, 0x13,
    0x00, 0xCF, 0xFE, 0x0F, 0xF0, 0x00, 0x00, 0x04, 0x60, 0x77, 0x00, 0x72, 0x07, 0x38, 0x33, 0xC0,
    0x3C, 0x01, 0x80, 0x06, 0x00, 0x1E, 0x00, 0x0C, 0x00, 0x18, 0x80, 0x32, 0x00, 0x4C, 0x03, 0x3F,
    0xF8, 0x3F, 0xC0, 0x00, 0x18, 0x01, 0xC0, 0x1C, 0x81, 0xCE, 0x0C, 0xF0, 0x0F, 0x00, 0x60, 0x01,
    0x80, 0x07, 0x80, 0x03, 0x00, 0x06, 0x20, 0x0C, 0x80, 0x13, 0x00, 0xCF, 0xFE, 0x0F, 0xF0, 0x00,
    0x00, 0x01, 0x00, 0x7E, 0x00, 0x90, 0x00, 0x00, 0x00, 0x18, 0x01, 0xC0, 0x1C, 0x81, 0xCE, 0x0C,
    0xF0, 0x0F, 0x00, 0x60, 0x01, 0x80, 0x07, 0x80, 0x03, 0x00, 0x06, 0x20, 0x0C, 0x80, 0x13, 0x00,
    0xCF, 0xFE, 0x0F, 0xF0, 0x00, 0x00, 0x06, 0x00, 0x18, 0x00, 0x00, 0x01, 0x80, 0x02, 0x00, 0x00,
    0x00, 0x08, 0x00, 0x11, 0x81, 0xDC, 0x01, 0xC8, 0x1C, 0xE0, 0xCF, 0x00, 0xF0, 0x06, 0x00, 0x18,
    0x00, 0x78, 0x00, 0x30, 0x00, 0x62, 0x00, 0xC8, 0x01, 0x30, 0x0C, 0xFF, 0xE0, 0xFF, 0x00, 0x00,
    0x00, 0xA0, 0x38, 0x04, 0x00, 0x00, 0x60, 0x18, 0x06, 0x01, 0x80, 0x60, 0x18, 0x02, 0x00, 0x80,
    0x20, 0x08, 0x03, 0x00, 0xC0, 0x38, 0x06, 0x01, 0x80, 0xB0, 0x67, 0xF0, 0xF0, 0x00, 0x00, 0x40,
    0x38, 0x04, 0x00, 0x00, 0x60, 0x18, 0x06, 0x01, 0x80, 0x60, 0x18, 0x02, 0x00, 0x80, 0x20, 0x08,
    0x03, 0x00, 0xC0, 0x38, 0x06, 0x01, 0x80, 0xB0, 0x67, 0xF0, 0xF0, 0x00, 0x00, 0x20, 0x06, 0x03,
    0x60, 0x20, 0x00, 0x00, 0x60, 0x0C, 0x01, 0x80, 0x30, 0x06, 0x00, 0xC0, 0x08, 0x01, 0x00, 0x20,
    0x04, 0x00, 0xC0, 0x18, 0x03, 0x40, 0x28, 0x05, 0x01, 0x30, 0x63, 0xF8, 0x3C, 0x00, 0x00, 0x00,
    0x60, 0x18, 0x06, 0x01, 0x80, 0x60, 0x18, 0x02, 0x00, 0x80, 0x20, 0x08, 0x03, 0x00, 0xC0, 0x38,
    0x06, 0x01, 0x80, 0xB0, 0x67, 0xF0, 0xF0, 0x00, 0x0D, 0x83, 0x60, 0x60, 0x08, 0x00, 0x00, 0x06,
    0x01, 0x80, 0x20, 0x00, 0x80, 0x60, 0x08, 0x03, 0x80, 0xE0, 0x18, 0x0B, 0x0E, 0x7F, 0x0F, 0x00,
    0x00, 0x20, 0x18, 0x02, 0x00, 0x00, 0x00, 0x20, 0x18, 0x02, 0x00, 0xE0, 0x38, 0x06, 0x02, 0xC3,
    0x9F, 0xC3, 0xC0, 0x00, 0x04, 0x01, 0xE0, 0x48, 0x3C, 0x00, 0x20, 0x18, 0x02, 0x00, 0xE0, 0x38,
    0x06, 0x02, 0xC3, 0x9F, 0xC3, 0xC0, 0x00, 0x02, 0x01, 0xC0, 0x20, 0x00, 0x80, 0x60, 0x08, 0x03,
    0x80, 0xE0, 0x18, 0x0B, 0x0E, 0x7F, 0x0F, 0x03, 0x40, 0x60, 0x00, 0x02, 0x00, 0xC0, 0xD8, 0x34,
    0x00, 0x20, 0x18, 0x02, 0x00, 0xE0, 0x38, 0x06, 0x02, 0xC3, 0x9F, 0xC3, 0xC0, 0x00, 0x00, 0x30,
    0x07, 0x80, 0x7C, 0x08, 0xE0, 0x8B, 0x0C, 0xB0, 0x71, 0x7F, 0xD3, 0xCE, 0x00, 0x00, 0x00, 0x00,
    0x30, 0x01, 0x80, 0x04, 0x00, 0x00, 0x3E, 0x03, 0xFF, 0x80, 0xFC, 0x0F, 0x00, 0xC0, 0x0C, 0x00,
    0xC1, 0x04, 0xD8, 0x23, 0x41, 0x0C, 0x0C, 0x00, 0x70, 0x01, 0xFF, 0x83, 0xF0, 0x30, 0x81, 0xC3,
    0x00, 0x06, 0x0E, 0x2E, 0xCD, 0x0A, 0x17, 0xC7, 0x80, 0x00, 0xE0, 0xE2, 0xE8, 0xD0, 0xA1, 0x7C,
    0x78, 0x30, 0x81, 0xC3, 0x00, 0x06, 0x0E, 0x2E, 0xCD, 0x0A, 0x17, 0xC7, 0x80, 0x00, 0x6C, 0x6C,
    0x00, 0x00, 0x38, 0x1C, 0x2E, 0x46, 0x42, 0x42, 0x7C, 0x3C, 0x06, 0x03, 0xC1, 0x98, 0x46, 0x10,
    0x87, 0xE0, 0xF8, 0x06, 0x19, 0x0D, 0xC7, 0xE0, 0x60, 0x06, 0x03, 0xC1, 0x98, 0x42, 0x10, 0x87,
    0xE0, 0xF8, 0x06, 0x0F, 0x01, 0xC7, 0xE0, 0xF0, 0x10, 0x0E, 0x03, 0x01, 0x80, 0x00, 0x60, 0x78,
    0x66, 0x23, 0x10, 0x8F, 0xC3, 0xE0, 0x30, 0x33, 0xF8, 0x70, 0x04, 0x03, 0x01, 0x00, 0x80, 0x00,
    0x00, 0x30, 0x3C, 0x33, 0x10, 0x88, 0x47, 0xE1, 0xF0, 0x18, 0x19, 0xFC, 0x38, 0x00, 0x00, 0x04,
    0x03, 0x01, 0x80, 0xC0, 0x40, 0x00, 0x00, 0x00, 0x00, 0x03, 0x03, 0xC3, 0x31, 0x18, 0x84, 0x7E,
    0x1F, 0x01, 0x81, 0x9F, 0xC3, 0x80, 0x00, 0x06, 0x03, 0x80, 0x00, 0x00, 0x60, 0x78, 0x66, 0x23,
    0x10, 0x8F, 0xC3, 0xE0, 0x30, 0x33, 0xF8, 0x70, 0x02, 0x1B, 0x0C, 0x80, 0x00, 0xC0, 0xF0, 0xCC,
    0x46, 0x21, 0x1F, 0x87, 0xC0, 0x60, 0x67, 0xF0, 0xE0, 0x00, 0x06, 0x03, 0x02, 0xC1, 0x20, 0x00,
    0x30, 0x3C, 0x33, 0x11, 0x88, 0x47, 0xE1, 0xF0, 0x18, 0x19, 0xFC, 0x38, 0x00, 0x00, 0xC0, 0x38,
    0x0C, 0x03, 0x00, 0x40, 0x08, 0x21, 0xE4, 0x1E, 0x80, 0x70, 0x0B, 0x07, 0x3F, 0x83, 0xC0, 0x00,
    0x0C, 0x00, 0x38, 0x00, 0xC0, 0x03, 0x00, 0x04, 0x00, 0x08, 0x02, 0x1E, 0x1C, 0x1E, 0x68, 0x06,
    0x10, 0x08, 0x30, 0x70, 0x3F, 0x80, 0x3C, 0x00, 0x00, 0x64, 0x0E, 0x51, 0x87, 0x30, 0x22, 0x00,
    0x20, 0x43, 0xC4, 0x1E, 0x40, 0x34, 0x02, 0x60, 0xE3, 0xF8, 0x1E, 0x00, 0x00, 0x04, 0x03, 0x01,
    0x00, 0x00, 0x60, 0x78, 0x66, 0x23, 0x10, 0x8F, 0xC3, 0xE0, 0x30, 0x33, 0xF8, 0x70, 0x00, 0xC0,
    0x38, 0x0C, 0x03, 0x00, 0x40, 0x08, 0x21, 0xE4, 0x1E, 0x80, 0x70, 0x0B, 0x07, 0x3F, 0x83, 0xC0,
    0x10, 0x06, 0x00, 0x40, 0x08, 0x01, 0x00, 0x00, 0x00, 0x00, 0xC0, 0x38, 0x0C, 0x03, 0x00, 0x40,
    0x08, 0x21, 0xE4, 0x1E, 0x80, 0x70, 0x0B, 0x07, 0x3F, 0x83, 0xC0, 0x00, 0x0D, 0x81, 0x90, 0x0C,
    0x00, 0x00, 0x02, 0x00, 0x0C, 0x00, 0x70, 0x03, 0x00, 0x04, 0x00, 0x6F, 0xFF, 0xDF, 0xFE, 0x00,
    0x18, 0x00, 0x40, 0x00, 0xE0, 0x01, 0x80, 0x00, 0x00, 0x00, 0x80, 0x0F, 0x00, 0x30, 0x00, 0xC0,
    0x01, 0xFF, 0xF9, 0xFF, 0xE0, 0x73, 0x80, 0x00, 0xE0, 0xE2, 0xE8, 0xD0, 0xA1, 0x7C, 0x78, 0x00,
    0x02, 0x00, 0x40, 0x08, 0x61, 0x14, 0x2C, 0x9F, 0xE7, 0xC0, 0x10, 0x10, 0x16, 0x16, 0x12, 0x7C,
    0xF8, 0x10, 0x4E, 0xC0, 0x00, 0x10, 0x94, 0x22, 0x38, 0x7C, 0x85, 0x10, 0x38, 0x06, 0x0F, 0x00,
    0x00, 0x16, 0x9E, 0x90, 0xE0, 0x00, 0x10, 0x00, 0x00, 0x70, 0x00, 0x07, 0xBC, 0x00, 0x23, 0x22,
    0x01, 0x9F, 0xF3, 0x06, 0xC0, 0x1B, 0x0F, 0x00, 0x1F, 0x38, 0x00, 0x0E, 0x60, 0x00, 0x0C, 0x80,
    0x00, 0x0F, 0x00, 0x00, 0x1C, 0x00, 0x00, 0x18, 0x00, 0x00, 0x30, 0x00, 0x00, 0x60, 0x00, 0x00,
    0xC0, 0x00, 0x01, 0x80, 0x00, 0x03, 0x80, 0x00, 0x0D, 0x00, 0x00, 0x1B, 0x00, 0x00, 0x67, 0x00,
    0x01, 0xCF, 0x80, 0x0F, 0x8D, 0x80, 0x76, 0x0C, 0xFF, 0x98, 0x06, 0x6C, 0xC0, 0x03, 0xDE, 0x00,
    0x00, 0xE0, 0x00, 0x00, 0x80, 0x00, 0x00, 0x40, 0x00, 0x1C, 0x00, 0x04, 0x40, 0x0F, 0xFF, 0x81,
    0x40, 0x50, 0x30, 0x06, 0x04, 0x00, 0x41, 0x87, 0x0C, 0x51, 0xB1, 0x5A, 0x22, 0x2D, 0x46, 0xC5,
    0x18, 0x70, 0xC1, 0x00, 0x10, 0x30, 0x06, 0x05, 0x01, 0x40, 0xFF, 0xF8, 0x01, 0x10, 0x00, 0x1C,
    0x00, 0x01, 0x00, 0x00, 0xF7, 0x80, 0xF6, 0xF0, 0x33, 0x84, 0xC0, 0x21, 0x74, 0x44, 0x00, 0x00,
    0x16, 0x9E, 0x90, 0xE0, 0x00, 0xF8, 0x00, 0x65, 0x71, 0x60, 0x21, 0x07, 0xC0, 0x02, 0x0F, 0x80,
    0x03, 0x99, 0xE0, 0x08, 0x05, 0x02, 0xA1, 0x7C, 0x27, 0xAD, 0xD7, 0x78, 0xDC, 0x37, 0x0D, 0xC3,
    0x70, 0xDC, 0x3F, 0x1C, 0xEF, 0xFC, 0x0A, 0x00, 0x0A, 0x00, 0xFF, 0x80, 0x21, 0x74, 0x44, 0x00,
    0x00, 0x30, 0x71, 0x20, 0x01, 0x03, 0x06, 0x06, 0x0C, 0x0F, 0xFF, 0xC0, 0x04, 0x0C, 0x0E, 0x02,
    0x00, 0x06, 0x06, 0x06, 0x03, 0x03, 0x01, 0x01, 0x03, 0x06, 0xFE, 0x78, 0x07, 0x72, 0x00, 0x1B,
    0x26, 0xC9, 0x24, 0x90, 0x03, 0x1C, 0xFF, 0x79, 0x86, 0x08, 0x20, 0x82, 0x08, 0x00, 0x00, 0xA2,
    0x59, 0xEF, 0xE3, 0x81, 0x80, 0xC0, 0x60, 0x10, 0x08, 0x04, 0x02, 0x00, 0x00, 0x06, 0x27, 0x9A,
    0x0D, 0xA7, 0xF1, 0xA0, 0xC0, 0x60, 0x10, 0x08, 0x04, 0x02, 0x01, 0x00, 0x10, 0x38, 0x3C, 0x3C,
    0x66, 0x43, 0xC3, 0x81, 0x81, 0x99, 0xFF, 0x7E, 0x18, 0x1F, 0x18, 0x08, 0x06, 0x31, 0xF8, 0x70,
    0x30, 0x30, 0x30, 0x10, 0x08, 0x00, 0x00, 0x60, 0xF0, 0x4C, 0x66, 0x31, 0x90, 0xD8, 0x68, 0x1C,
    0x0E, 0x07, 0x01, 0x00, 0x08, 0x04, 0x07, 0x03, 0x81, 0x41, 0xB0, 0x98, 0x46, 0x63, 0x20, 0xF0,
    0x68, 0x10, 0x70, 0xF2, 0x66, 0x4F, 0x8F, 0x02, 0x04, 0x0C, 0x18, 0x18, 0x20, 0x00, 0x00, 0x04,
    0x00, 0x00, 0xC0, 0x00, 0x6C, 0x00, 0x0D, 0x80, 0x00, 0x04, 0x00, 0x01, 0x80, 0x21, 0x90, 0x04,
    0x23, 0x01, 0x86, 0x60, 0x1F, 0xFA, 0x03, 0xEF, 0x40, 0x60, 0x08, 0x08, 0x01, 0x81, 0x0C, 0x30,
    0xC3, 0x83, 0xF0, 0x00, 0x3C, 0x00, 0x00, 0x00, 0x00, 0x00, 0x00, 0x30, 0x00, 0x01, 0x80, 0x00,
    0x00, 0x00, 0x00, 0x00, 0x00, 0x00, 0xE0, 0x00, 0x0F, 0x80, 0x01, 0xC6, 0x00, 0x98, 0x18, 0x0C,
    0x80, 0x80, 0x78, 0x1C, 0x01, 0xFF, 0xC8, 0x0F, 0xF8, 0x40, 0x60, 0x02, 0x02, 0x00, 0x18, 0x10,
    0x60, 0xC3, 0x07, 0x03, 0xF0, 0x00, 0x0F, 0x00, 0x00, 0x00, 0x01, 0x00, 0x38, 0x01, 0x00, 0x00,
    0x03, 0x80, 0x7C, 0x0C, 0x00, 0x80, 0x0C, 0x18, 0xF7, 0x07, 0xE0, 0x38, 0x02, 0x00, 0x62, 0x04,
    0x70, 0x42, 0x04, 0x00, 0x60, 0x03, 0xFF, 0x0F, 0xC0, 0x18, 0x3C, 0x64, 0x40, 0x66, 0x7E, 0xF0,
    0x00, 0x00, 0x18, 0x18, 0x18, 0x00, 0x1C, 0x1F, 0x19, 0x80, 0x63, 0xF3, 0xFB, 0x81, 0x80, 0x4A,
    0x25, 0x12, 0x88, 0x04, 0x00, 0x00, 0x00, 0x00, 0x30, 0x07, 0x00, 0x50, 0x00, 0x00, 0x00, 0x03,
    0x00, 0x7C, 0x07, 0xC0, 0x8E, 0x08, 0xB0, 0xCB, 0x07, 0x17, 0xFD, 0x3C, 0xE0, 0x00, 0x00, 0x00,
    0x00, 0x20, 0x01, 0xA0, 0x03, 0x80, 0x0E, 0x00, 0x3C, 0x03, 0x9F, 0xFC, 0x3F, 0xC0, 0x00, 0x00,
    0x08, 0x06, 0xA0, 0x00, 0x00, 0x02, 0x00, 0x18, 0x00, 0x98, 0x03, 0x42, 0x00, 0x1A, 0x00, 0x38,
    0x00, 0xE0, 0x03, 0xC0, 0x39, 0xFF, 0xC3, 0xFC, 0x00, 0x00, 0x00, 0x00, 0x1C, 0x00, 0x60, 0x00,
    0x00, 0x00, 0x00, 0x00, 0x20, 0x01, 0xA0, 0x03, 0x80, 0x0E, 0x00, 0x3C, 0x03, 0x9F, 0xFC, 0x3F,
    0xC0, 0x00, 0x00, 0x20, 0x01, 0xC0, 0x0D, 0x80, 0x36, 0x00, 0x00, 0x00, 0x01, 0x00, 0x3E, 0x01,
    0x90, 0x80, 0x06, 0x80, 0x0E, 0x00, 0x38, 0x00, 0xF0, 0x0E, 0x7F, 0xF0, 0xFF, 0x00, 0x00, 0x00,
    0x80, 0x07, 0x00, 0x36, 0x00, 0xD8, 0x00, 0x00, 0x02, 0x00, 0x18, 0x00, 0x60, 0x80, 0x06, 0x80,
    0x0E, 0x00, 0x38, 0x00, 0xF0, 0x0E, 0x7F, 0xF0, 0xFF, 0x00, 0x00, 0x00, 0x20, 0x0D, 0x80, 0x32,
    0x00, 0x00, 0x00, 0x00, 0x00, 0x00, 0x20, 0x01, 0xA0, 0x03, 0x80, 0x0E, 0x00, 0x3C, 0x03, 0x9F,
    0xFC, 0x3F, 0xC0, 0x00, 0x00, 0x20, 0x01, 0xC0, 0x05, 0x00, 0x00, 0x00, 0x09, 0x00, 0x34, 0x00,
    0x60, 0x01, 0x82, 0x00, 0x1A, 0x00, 0x38, 0x00, 0xE0, 0x03, 0xC0, 0x19, 0xFF, 0xC3, 0xFC, 0x00,
    0x01, 0x00, 0xFC, 0x02, 0x40, 0x00, 0x07, 0xC0, 0x7F, 0xF0, 0x1F, 0x81, 0xE0, 0x18, 0x01, 0x80,
    0x18, 0x00, 0x80, 0x04, 0x00, 0x20, 0x01, 0x80, 0x0E, 0x00, 0x3F, 0xF0, 0x7E, 0x00, 0x7C, 0x07,
    0xFF, 0x01, 0xF8, 0x1E, 0x01, 0x80, 0x18, 0x01, 0x8C, 0x08, 0x70, 0x47, 0xC2, 0x24, 0x18, 0x00,
    0xE0, 0x03, 0xFF, 0x07, 0xE0, 0x10, 0x10, 0x1C, 0x3C, 0x00, 0x00, 0x0C, 0x04, 0x06, 0x06, 0x03,
    0x03, 0xFE, 0x7C, 0x00, 0x18, 0x18, 0x08, 0x18, 0x00, 0x00, 0x18, 0x30, 0x60, 0x60, 0xC0, 0xFF,
    0xFC, 0x00, 0x40, 0xC2, 0x84, 0x00, 0x00, 0x01, 0x01, 0x80, 0x60, 0x30, 0x08, 0x04, 0x02, 0x1F,
    0x83, 0x9F, 0x87, 0x80, 0x00, 0x0A, 0x00, 0x03, 0x40, 0x00, 0x28, 0x00, 0x05, 0x00, 0x00, 0x04,
    0x00, 0x01, 0x80, 0x21, 0x90, 0x04, 0x23, 0x01, 0x86, 0x60, 0x1F, 0xFA, 0x03, 0xEF, 0x40, 0x60,
    0x08, 0x08, 0x01, 0x81, 0x00, 0x30, 0xC0, 0x03, 0xF0, 0x00, 0x3C, 0x00, 0x00, 0x04, 0x06, 0xC0,
    0x64, 0x00, 0x00, 0x38, 0x07, 0xC0, 0xC0, 0x08, 0x00, 0xC1, 0x8F, 0x70, 0x7E, 0x03, 0x80, 0x20,
    0x06, 0x00, 0x40, 0x04, 0x00, 0x40, 0x06, 0x00, 0x3F, 0xF0, 0xFC, 0x00, 0x06, 0xC0, 0x70, 0x01,
    0x00, 0x00, 0x03, 0x80, 0x7C, 0x0C, 0x00, 0x80, 0x0C, 0x18, 0xF7, 0x07, 0xE0, 0x38, 0x02, 0x00,
    0x60, 0x04, 0x00, 0x40, 0x04, 0x00, 0x60, 0x03, 0xFF, 0x0F, 0xC0, 0x10, 0x03, 0x00, 0x10, 0x01,
    0x00, 0x10, 0x00, 0x00, 0x38, 0x07, 0xC0, 0xC0, 0x08, 0x00, 0xC1, 0x8F, 0x70, 0x7E, 0x03, 0x80,
    0x20, 0x06, 0x00, 0x40, 0x04, 0x00, 0x40, 0x06, 0x00, 0x3F, 0xF0, 0xFC, 0x00, 0x38, 0x00, 0x3C,
    0x00, 0x46, 0x00, 0x46, 0x80, 0x46, 0x80, 0x7E, 0x80, 0x3A, 0xC0, 0x0E, 0x7F, 0xFC, 0x3F, 0xE0,
    0x00, 0x00, 0x00, 0x26, 0x00, 0x36, 0x00, 0x20, 0x00, 0x38, 0x00, 0x3C, 0x00, 0x46, 0x00, 0x46,
    0x80, 0x46, 0x80, 0x7E, 0x80, 0x3A, 0xC0, 0x0E, 0x7F, 0xFC, 0x3F, 0xE0, 0x00, 0x00, 0x00, 0x18,
    0x00, 0x0C, 0x00, 0x36, 0x00, 0x24, 0x00, 0x00, 0x0C, 0x20, 0x23, 0x80, 0x3C, 0x03, 0xC0, 0x18,
    0x00, 0x60, 0x01, 0xE0, 0x00, 0xC0, 0x01, 0x88, 0x03, 0x20, 0x04, 0xC0, 0x33, 0xFF, 0x83, 0xFC,
    0x00, 0x00, 0x00, 0x18, 0x00, 0x10, 0x81, 0x0E, 0x00, 0xF0, 0x0F, 0x00, 0x60, 0x01, 0x80, 0x07,
    0x80, 0x03, 0x00, 0x06, 0x20, 0x0C, 0x80, 0x13, 0x00, 0xCF, 0xFE, 0x0F, 0xF0, 0x00, 0x08, 0x00,
    0xE0, 0x0F, 0x00, 0xF0, 0x06, 0x00, 0x18, 0x00, 0x78, 0x00, 0x30, 0x00, 0x62, 0x00, 0xC8, 0x01,
    0x30, 0x0C, 0xFF, 0xE0, 0xFF, 0x00, 0x00, 0x00, 0x00, 0x01, 0x80, 0x09, 0x00, 0x24, 0x00, 0x00,
    0x00, 0x08, 0x0E, 0x02, 0x00, 0x01, 0xC0, 0xF0, 0x8C, 0x03, 0x1F, 0xBF, 0xD8, 0x08, 0x04, 0x03,
    0x01, 0x80, 0xC0, 0x60, 0x00, 0x00, 0x38, 0x1E, 0x11, 0x80, 0x63, 0xF7, 0xFB, 0x01, 0x00, 0x80,
    0x66, 0x33, 0x18, 0x0C, 0x00, 0x00, 0x00, 0x06, 0x01, 0x80, 0x20, 0x00, 0x80, 0x60, 0x08, 0x03,
    0x80, 0xE0, 0x18, 0x0B, 0x0E, 0x7F, 0x0F, 0x00, 0x00, 0x98, 0x76, 0x08, 0x00, 0x10, 0x07, 0x01,
    0x20, 0xF0, 0x00, 0x03, 0x01, 0xC0, 0x00, 0x00, 0x80, 0x60, 0x0A, 0x03, 0x80, 0xE0, 0x18, 0x0B,
    0x0E, 0x7F, 0x0F, 0x00, 0x24, 0x0D, 0x01, 0x80, 0x60, 0x00, 0x06, 0x01, 0x80, 0x00, 0x00, 0x80,
    0x60, 0x0A, 0x03, 0x80, 0xE0, 0x18, 0x0B, 0x0E, 0x7F, 0x0F, 0x00, 0x00, 0x80, 0x30, 0x06, 0x00,
    0xC0, 0x18, 0x03, 0x00, 0x20, 0x3F, 0x00, 0xC0, 0x18, 0x03, 0x00, 0x60, 0x05, 0x00, 0xA0, 0x14,
    0x02, 0x80, 0xD8, 0x31, 0xFC, 0x1F, 0x00, 0x00, 0x0C, 0x0C, 0x00, 0x0C, 0x04, 0x00, 0x06, 0x06,
    0x07, 0x03, 0x03, 0x01, 0x01, 0x03, 0x06, 0xFE, 0x78, 0x06, 0x04, 0x03, 0x81, 0x80, 0x00, 0x10,
    0x0C, 0x06, 0x03, 0x00, 0xC0, 0x60, 0x20, 0x30, 0x39, 0xF8, 0x78, 0x00, 0x04, 0x00, 0x01, 0x80,
    0x00, 0x10, 0x00, 0x02, 0x00, 0x00, 0xC0, 0x00, 0x00, 0x80, 0x00, 0x30, 0x04, 0x32, 0x00, 0x84,
    0x60, 0x30, 0xCC, 0x03, 0xFF, 0x40, 0x7D, 0xE8, 0x0C, 0x01, 0x01, 0x00, 0x30, 0x20, 0x06, 0x18,
    0x00, 0x7E, 0x00, 0x07, 0x80, 0x00, 0x7C, 0x0F, 0xFE, 0x07, 0xE0, 0xF0, 0x18, 0x03, 0x00, 0x64,
    0x04, 0x70, 0x44, 0x84, 0xF0, 0x60, 0x07, 0x00, 0x3F, 0xE1, 0xF8, 0x38, 0x03, 0xF8, 0x31, 0xFC,
    0x0F, 0xC1, 0xE0, 0x1C, 0x00, 0x88, 0x0C, 0x70, 0x47, 0x82, 0x04, 0x11, 0xA0, 0xE0, 0x03, 0xFF,
    0x0F, 0xE0, 0x00, 0x00, 0x00, 0x01, 0x00, 0x00, 0x38, 0x00, 0x0F, 0x00, 0x00, 0x20, 0x00, 0x14,
    0x00, 0x00, 0x10, 0x00, 0x06, 0x00, 0x86, 0x40, 0x10, 0xCC, 0x06, 0x19, 0x80, 0x7F, 0xE8, 0x0F,
    0xBD, 0x01, 0x80, 0x20, 0x20, 0x06, 0x04, 0x00, 0xC3, 0x00, 0x0F, 0xC0, 0x00, 0xF0, 0x00, 0x00,
    0x00, 0x04, 0x03, 0x81, 0xC0, 0x20, 0x50, 0x00, 0x00, 0x06, 0x01, 0x80, 0xC0, 0x60, 0x18, 0x0C,
    0x04, 0x06, 0x07, 0x3F, 0x0F, 0x00, 0x00, 0x00, 0x40, 0x07, 0x00, 0x48, 0x0F, 0x00, 0x00, 0x7C,
    0x0F, 0xFE, 0x07, 0xE0, 0xF0, 0x18, 0x03, 0x00, 0x60, 0x04, 0x00, 0x40, 0x04, 0x00, 0x60, 0x07,
    0x00, 0x3F, 0xF0, 0xFC, 0x04, 0x18, 0x85, 0x28, 0x42, 0x10, 0x84, 0x21, 0x08, 0x40, 0x01, 0x67,
    0x98, 0x28, 0xA2, 0x82, 0x08, 0x20, 0x82, 0x08, 0x20, 0x80, 0x00, 0x0A, 0x01, 0xC3, 0x00, 0xE2,
    0x30, 0x4C, 0x01, 0x00, 0x20, 0x87, 0x90, 0x7A, 0x01, 0xC0, 0x2C, 0x1C, 0xFE, 0x0F, 0x00, 0x00,
    0x0B, 0x01, 0xC3, 0x30, 0xE2, 0x30, 0x4C, 0x09, 0x00, 0x20, 0x87, 0x90, 0x7A, 0x01, 0xC0, 0x2C,
    0x1C, 0xFE, 0x0F, 0x00, 0x00, 0xC0, 0x3C, 0x0C, 0x03, 0x00, 0x40, 0x0C, 0x21, 0xF4, 0x0F, 0x80,
    0x58, 0x39, 0xFC, 0x1F, 0x00, 0x00, 0x28, 0x0B, 0x00, 0x80, 0x10, 0x02, 0x00, 0x20, 0x00, 0x00,
    0x00, 0x34, 0x07, 0x01, 0x00, 0x46, 0x13, 0xC1, 0x98, 0x46, 0x10, 0x87, 0xE0, 0xF8, 0x06, 0x03,
    0x1F, 0xC3, 0xC0, 0x08, 0x12, 0x07, 0x80, 0x80, 0x27, 0x0B, 0xE3, 0x98, 0x42, 0x10, 0xC7, 0xF0,
    0xF8, 0x02, 0x01, 0x8F, 0xC1, 0xE0, 0x00, 0x00, 0xA0, 0x01, 0xC0, 0x02, 0x00, 0x02, 0x00, 0x04,
    0x40, 0x01, 0x80, 0x1E, 0x00, 0x60, 0x00, 0x80, 0x0F, 0xFF, 0xFB, 0xFF, 0xC0, 0x00, 0x00, 0x58,
    0x00, 0x78, 0x00, 0x60, 0x00, 0x20, 0x00, 0x20, 0x00, 0x26, 0x00, 0x1C, 0x00, 0x30, 0x00, 0x40,
    0x00, 0x7F, 0xFE, 0x7F, 0xFC, 0x7C, 0x0F, 0xFE, 0x07, 0xE0, 0xF0, 0x18, 0x03, 0x68, 0x67, 0x04,
    0x50, 0x44, 0x04, 0x20, 0x62, 0x07, 0x00, 0x3F, 0xF1, 0xFC, 0x00, 0x00, 0x00, 0x03, 0x40, 0x00,
    0x70, 0x00, 0x0A, 0x00, 0x00, 0x80, 0x00, 0x10, 0x00, 0x02, 0x10, 0x00, 0x06, 0x00, 0x86, 0x40,
    0x10, 0xCC, 0x06, 0x19, 0x80, 0x7F, 0xE8, 0x0F, 0xBD, 0x01, 0x80, 0x20, 0x20, 0x06, 0x04, 0x00,
    0xC3, 0x00, 0x0F, 0xC0, 0x00, 0xF0, 0x00, 0x00, 0x00, 0x00, 0x00, 0x00, 0x80, 0x00, 0x38, 0x00,
    0x05, 0x80, 0x00, 0x04, 0x00, 0x01, 0x80, 0x21, 0x90, 0x04, 0x23, 0x01, 0x86, 0x60, 0x1F, 0xFA,
    0x03, 0xEF, 0x40, 0x60, 0x08, 0x08, 0x01, 0x81, 0x00, 0x30, 0xC0, 0x03, 0xF0, 0x00, 0x3C, 0x00,
    0x00, 0x00, 0x80, 0x60, 0x1C, 0x02, 0x34, 0x80, 0x30, 0x8C, 0x43, 0x1C, 0xC2, 0x10, 0x04, 0x01,
    0xFF, 0xFF, 0xE0, 0x1F, 0x8F, 0xF9, 0xE7, 0x90, 0x70, 0x0E, 0x7F, 0xDF, 0xBF, 0x07, 0xE0, 0xFE,
    0x7F, 0xFF, 0x9F, 0x70, 0x00, 0x18, 0x03, 0x80, 0x60, 0x03, 0x80, 0x03, 0xC0, 0x00, 0xC0, 0x01,
    0x80, 0x00, 0x00, 0x03, 0xC0, 0x03, 0xC0, 0x07, 0xE0, 0x07, 0xE0, 0x06, 0xE0, 0x0E, 0x70, 0x0E,
    0x70, 0x0E, 0x70, 0x1C, 0x38, 0x1C, 0x38, 0x1F, 0xF8, 0x3F, 0xFC, 0x38, 0x1C, 0x38, 0x1C, 0x70,
    0x1E, 0x70, 0x0E, 0x1C, 0x07, 0x80, 0x60, 0x30, 0x00, 0x0F, 0xC7, 0xFB, 0xCF, 0x21, 0xC0, 0x73,
    0xFD, 0xFF, 0xE1, 0xF8, 0x7F, 0x7F, 0xFF, 0x7D, 0xC0, 0x01, 0xC0, 0x30, 0x06, 0x00, 0x01, 0xE0,
    0x7E, 0x0C, 0xE0, 0x00, 0x3F, 0x0F, 0xF3, 0xCF, 0x10, 0xE0, 0x1C, 0x7F, 0x9F, 0xF7, 0x0E, 0xE1,
    0xDE, 0xFB, 0xFF, 0x3E, 0xE0, 0x00, 0x60, 0x00, 0x70, 0x00, 0x30, 0x00, 0x00, 0x03, 0xC0, 0x07,
    0xE0, 0x0E, 0x70, 0x00, 0x00, 0x03, 0xC0, 0x03, 0xC0, 0x07, 0xE0, 0x07, 0xE0, 0x06, 0xE0, 0x0E,
    0x70, 0x0E, 0x70, 0x0E, 0x70, 0x1C, 0x38, 0x1C, 0x38, 0x1F, 0xF8, 0x3F, 0xFC, 0x38, 0x1C, 0x38,
    0x1C, 0x70, 0x1E, 0x70, 0x0E, 0x03, 0x00, 0xE0, 0x18, 0x00, 0x1E, 0x0F, 0xC3, 0x38, 0x00, 0x3F,
    0x1F, 0xEF, 0x3C, 0x87, 0x01, 0xCF, 0xF7, 0xFF, 0x87, 0xE1, 0xFD, 0xFF, 0xFD, 0xF7, 0x00, 0x70,
    0x00, 0x30, 0x00, 0x20, 0x01, 0x80, 0x03, 0xC0, 0x07, 0x60, 0x06, 0x30, 0x00, 0x00, 0x03, 0xC0,
    0x03, 0xE0, 0x07, 0xE0, 0x07, 0xE0, 0x07, 0x70, 0x0F, 0x70, 0x0E, 0x70, 0x0E, 0x70, 0x1E, 0x38,
    0x1E, 0x38, 0x1F, 0xF8, 0x3F, 0xFC, 0x38, 0x1C, 0x38, 0x1C, 0x78, 0x0E, 0x70, 0x0E, 0x03, 0x80,
    0x60, 0x10, 0x10, 0x1E, 0x0E, 0xC3, 0x30, 0x00, 0x3F, 0x1F, 0xEF, 0x3C, 0x87, 0x01, 0xCF, 0xF7,
    0xFF, 0x87, 0xE1, 0xFD, 0xFF, 0xFD, 0xF7, 0x39, 0x0F, 0xC2, 0x20, 0x30, 0x1E, 0x0F, 0xC3, 0x38,
    0x00, 0x3F, 0x1F, 0xEF, 0x3C, 0x87, 0x01, 0xCF, 0xF7, 0xFF, 0x87, 0xE1, 0xFD, 0xFF, 0xFD, 0xF7,
    0x03, 0x80, 0x07, 0xC0, 0x0E, 0xE0, 0x00, 0x00, 0x00, 0x00, 0x03, 0x80, 0x07, 0xC0, 0x07, 0xC0,
    0x06, 0xC0, 0x0E, 0xE0, 0x0E, 0xE0, 0x0C, 0x70, 0x1C, 0x70, 0x1C, 0x70, 0x1F, 0xF8, 0x3F, 0xF8,
    0x38, 0x38, 0x38, 0x1C, 0x38, 0x1C, 0x70, 0x1E, 0x70, 0x0E, 0x00, 0x00, 0x03, 0x00, 0x03, 0x80,
    0x03, 0x00, 0x0C, 0x03, 0xC0, 0xFC, 0x1D, 0xC0, 0x00, 0x00, 0x07, 0xE3, 0xFE, 0x79, 0xE4, 0x1C,
    0x03, 0x9F, 0xF7, 0xEF, 0xC1, 0xF8, 0x3F, 0x9F, 0xFF, 0xE7, 0xDC, 0x00, 0x06, 0x00, 0xE0, 0x18,
    0x00, 0x00, 0xC0, 0x01, 0x80, 0x01, 0x80, 0x00, 0x00, 0x0C, 0x60, 0x07, 0xE0, 0x03, 0xC0, 0x00,
    0x00, 0x03, 0x80, 0x07, 0xC0, 0x07, 0xC0, 0x06, 0xE0, 0x0E, 0xE0, 0x0E, 0xE0, 0x0E, 0x70, 0x1C,
    0x70, 0x1C, 0x70, 0x1C, 0x78, 0x3F, 0xF8, 0x3F, 0xFC, 0x38, 0x1C, 0x38, 0x1C, 0x70, 0x1E, 0x70,
    0x0E, 0x07, 0x01, 0x80, 0x60, 0x00, 0x31, 0x8F, 0xC0, 0xE0, 0x00, 0x3F, 0x1F, 0xE7, 0x3D, 0x87,
    0x01, 0xCF, 0xF7, 0xFF, 0x87, 0xE1, 0xF8, 0xFF, 0xFD, 0xF7, 0x18, 0x07, 0x00, 0xC0, 0x00, 0x31,
    0x8F, 0xC0, 0xE0, 0x00, 0x3F, 0x1F, 0xE7, 0x3D, 0x87, 0x01, 0xCF, 0xF7, 0xFF, 0x87, 0xE1, 0xF8,
    0xFF, 0xFD, 0xF7, 0x1D, 0x8F, 0xE3, 0x30, 0x00, 0x31, 0x8F, 0xC0, 0xE0, 0x00, 0x3F, 0x1F, 0xE7,
    0x3D, 0x87, 0x01, 0xCF, 0xF7, 0xFF, 0x87, 0xE1, 0xF8, 0xFF, 0xFD, 0xF7, 0x31, 0x8F, 0xE1, 0xF0,
    0x00, 0x00, 0x0F, 0xC7, 0xF9, 0xCF, 0x61, 0xC0, 0x73, 0xFD, 0xFF, 0xE1, 0xF8, 0x7E, 0x3F, 0xFF,
    0x7D, 0xC0, 0x00, 0xC0, 0x38, 0x0C, 0x00, 0x1F, 0x07, 0xF1, 0xEF, 0x70, 0x7F, 0xFF, 0xFF, 0xF8,
    0x07, 0x00, 0xE0, 0xCF, 0x78, 0xFF, 0x0F, 0x80, 0x00, 0x18, 0x03, 0x80, 0x60, 0x1E, 0x03, 0xC0,
    0x18, 0x02, 0x00, 0x00, 0x3E, 0x0F, 0xE3, 0xDE, 0xE1, 0xDC, 0x1F, 0xFF, 0xFF, 0xFE, 0x01, 0xC1,
    0x1E, 0xF1, 0xFE, 0x1F, 0x00, 0x1D, 0x87, 0xF0, 0xDC, 0x00, 0x00, 0x00, 0x3E, 0x0F, 0xE3, 0xDE,
    0xE1, 0xDC, 0x1F, 0xFF, 0xFF, 0xFE, 0x01, 0xC1, 0x1E, 0xF1, 0xFE, 0x1F, 0x00, 0x00, 0xC0, 0x38,
    0x06, 0x00, 0x01, 0xE0, 0x36, 0x0C, 0xE0, 0x00, 0x1F, 0x07, 0xF1, 0xEF, 0x70, 0xEE, 0x0F, 0xFF,
    0xFF, 0xFF, 0x00, 0xE0, 0x8F, 0x78, 0xFF, 0x0F, 0x80, 0x03, 0x00, 0xE0, 0x18, 0x00, 0x1E, 0x0F,
    0xC7, 0x38, 0x00, 0xFF, 0xFF, 0xFE, 0x03, 0x80, 0xE0, 0x38, 0x0E, 0x03, 0xFF, 0xFF, 0xF8, 0x0E,
    0x03, 0x80, 0xE0, 0x38, 0x0F, 0xFF, 0xFF, 0x03, 0x00, 0x30, 0x06, 0x00, 0x01, 0xE0, 0x36, 0x0C,
    0xE0, 0x00, 0x1F, 0x07, 0xF1, 0xEF, 0x70, 0xEE, 0x0F, 0xFF, 0xFF, 0xFF, 0x00, 0xE0, 0x8F, 0x78,
    0xFF, 0x0F, 0x80, 0x03, 0x80, 0x30, 0x04, 0x02, 0x00, 0xF0, 0x36, 0x0C, 0x60, 0x00, 0x1F, 0x07,
    0xF1, 0xEF, 0x70, 0xEE, 0x0F, 0xFF, 0xFF, 0xFF, 0x00, 0xE0, 0x8F, 0x78, 0xFF, 0x0F, 0x80, 0x0C,
    0x03, 0xC0, 0x7C, 0x1D, 0xC0, 0x00, 0x00, 0x07, 0xC1, 0xFC, 0x7B, 0xDC, 0x1F, 0xFF, 0xFF, 0xFE,
    0x01, 0xC0, 0x38, 0x33, 0xDE, 0x3F, 0xC3, 0xE0, 0x00, 0x06, 0x00, 0xE0, 0x18, 0x00, 0xF7, 0x8C,
    0x40, 0x39, 0xCE, 0x73, 0x9C, 0xE7, 0x39, 0xCE, 0x70, 0xDF, 0x01, 0xFF, 0xFF, 0xFF, 0xFF, 0xE3,
    0x7C, 0x0F, 0xC0, 0x7F, 0x83, 0xCF, 0x1C, 0x0E, 0xF0, 0x3F, 0x80, 0x7E, 0x01, 0xF8, 0x07, 0xE0,
    0x1F, 0x80, 0x7E, 0x01, 0xFC, 0x0F, 0x70, 0x38, 0xF3, 0xC1, 0xFE, 0x03, 0xF0, 0x00, 0x00, 0x18,
    0x00, 0x70, 0x01, 0x80, 0x1F, 0x07, 0xF1, 0xEF, 0x70, 0x7E, 0x0F, 0xC1, 0xF8, 0x3F, 0x07, 0xE0,
    0xEF, 0x78, 0xFE, 0x0F, 0x80, 0x00, 0x18, 0x03, 0x80, 0x60, 0x1E, 0x01, 0xC0, 0x18, 0x02, 0x00,
    0x00, 0x3E, 0x0F, 0xE3, 0xDE, 0xE0, 0xFC, 0x1F, 0x83, 0xF0, 0x7E, 0x0F, 0xC1, 0xDE, 0xF1, 0xFC,
    0x1F, 0x00, 0x00, 0x30, 0x01, 0x80, 0x06, 0x00, 0x00, 0x07, 0x80, 0x3F, 0x01, 0xCE, 0x00, 0x00,
    0x0F, 0xC0, 0x7F, 0x83, 0xCF, 0x1C, 0x0E, 0xF0, 0x3F, 0x80, 0x7E, 0x01, 0xF8, 0x07, 0xE0, 0x1F,
    0x80, 0x7E, 0x01, 0xFC, 0x0F, 0x70, 0x38, 0xF3, 0xC1, 0xFE, 0x03, 0xF0, 0x00, 0xE0, 0x18, 0x06,
    0x00, 0x00, 0xE0, 0x36, 0x0C, 0x60, 0x00, 0x1F, 0x07, 0xF1, 0xEF, 0x70, 0x7E, 0x0F, 0xC1, 0xF8,
    0x3F, 0x07, 0xE0, 0xEF, 0x78, 0xFE, 0x0F, 0x80, 0x00, 0xC0, 0x03, 0x80, 0x06, 0x00, 0x00, 0x07,
    0x80, 0x3F, 0x01, 0xCE, 0x00, 0x00, 0x0F, 0xC0, 0x7F, 0x83, 0xCF, 0x1C, 0x0E, 0xF0, 0x3F, 0x80,
    0x7E, 0x01, 0xF8, 0x07, 0xE0, 0x1F, 0x80, 0x7E, 0x01, 0xFC, 0x0F, 0x70, 0x38, 0xF3, 0xC1, 0xFE,
    0x03, 0xF0, 0x03, 0x80, 0x30, 0x06, 0x00, 0x00, 0xE0, 0x36, 0x0C, 0x60, 0x00, 0x1F, 0x07, 0xF1,
    0xEF, 0x70, 0x7E, 0x0F, 0xC1, 0xF8, 0x3F, 0x07, 0xE0, 0xEF, 0x78, 0xFE, 0x0F, 0x80, 0x03, 0x80,
    0x30, 0x06, 0x03, 0x00, 0xF0, 0x36, 0x0C, 0x60, 0x00, 0x1F, 0x07, 0xF1, 0xEF, 0x70, 0x7E, 0x0F,
    0xC1, 0xF8, 0x3F, 0x07, 0xE0, 0xEF, 0x78, 0xFE, 0x0F, 0x80, 0x1D, 0x87, 0xF0, 0xCC, 0x02, 0x01,
    0xF0, 0x36, 0x0C, 0x60, 0x00, 0x1F, 0x07, 0xF1, 0xEF, 0x70, 0x7E, 0x0F, 0xC1, 0xF8, 0x3F, 0x07,
    0xE0, 0xEF, 0x78, 0xFE, 0x0F, 0x80, 0x07, 0x00, 0x3E, 0x01, 0xDC, 0x00, 0x00, 0x00, 0x00, 0x3F,
    0x01, 0xFE, 0x0F, 0x3C, 0x70, 0x3B, 0xC0, 0xFE, 0x01, 0xF8, 0x07, 0xE0, 0x1F, 0x80, 0x7E, 0x01,
    0xF8, 0x07, 0xF0, 0x3D, 0xC0, 0xE3, 0xCF, 0x07, 0xF8, 0x0F, 0xC0, 0x00, 0x00, 0x60, 0x01, 0xC0,
    0x06, 0x00, 0x0C, 0x03, 0xC0, 0x7C, 0x1D, 0xC0, 0x00, 0x00, 0x07, 0xC1, 0xFC, 0x7B, 0xDC, 0x1F,
    0x83, 0xF0, 0x7E, 0x0F, 0xC1, 0xF8, 0x3B, 0xDE, 0x3F, 0x83, 0xE0, 0x00, 0x06, 0x00, 0xE0, 0x18,
    0x00, 0x03, 0x00, 0x70, 0x06, 0x70, 0x07, 0x00, 0x71, 0xFE, 0x3F, 0xC7, 0xBC, 0xE0, 0xEE, 0x0E,
    0xE0, 0xEE, 0x0E, 0xE0, 0xEE, 0x0E, 0x7B, 0xC3, 0xF8, 0x1F, 0x00, 0x18, 0x01, 0xC0, 0x0C, 0x70,
    0x07, 0x00, 0x71, 0xFE, 0x3F, 0xC7, 0xBC, 0xE0, 0xEE, 0x0E, 0xE0, 0xEE, 0x0E, 0xE0, 0xEE, 0x0E,
    0x7B, 0xC3, 0xF8, 0x1F, 0x00, 0x07, 0x00, 0x1E, 0x00, 0x18, 0x00, 0xC7, 0x00, 0x1C, 0x3F, 0xF1,
    0xFF, 0xCF, 0xFC, 0x78, 0x7B, 0xC0, 0xFE, 0x01, 0xF8, 0x07, 0xE0, 0x1F, 0x80, 0x7E, 0x01, 0xF8,
    0x07, 0xF0, 0x3D, 0xC0, 0xE3, 0xCF, 0x07, 0xF8, 0x0F, 0xC0, 0x1E, 0x00, 0xE0, 0x06, 0x60, 0x47,
    0x00, 0x71, 0xFE, 0x3F, 0xC7, 0xBC, 0xE0, 0xEE, 0x0E, 0xE0, 0xEE, 0x0E, 0xE0, 0xEE, 0x0E, 0x7B,
    0xC3, 0xF8, 0x1F, 0x00, 0x1D, 0x01, 0x76, 0x00, 0x70, 0x07, 0x1F, 0xE3, 0xFC, 0x7B, 0xCE, 0x0E,
    0xE0, 0xEE, 0x0E, 0xE0, 0xEE, 0x0E, 0xE0, 0xE7, 0xBC, 0x3F, 0x81, 0xF0, 0x00, 0x70, 0x07, 0x00,
    0x71, 0xFE, 0x3F, 0xC7, 0xBC, 0xE0, 0xEE, 0x0E, 0xE0, 0xEE, 0x0E, 0xE0, 0xEE, 0x0E, 0x7B, 0xC3,
    0xF8, 0x1F, 0x00, 0x00, 0x0C, 0x00, 0xE0, 0x0C, 0x00, 0xE1, 0xF8, 0x7E, 0x1F, 0x87, 0xE1, 0xF8,
    0x7E, 0x1F, 0x87, 0xE1, 0xFC, 0xF7, 0xFC, 0xF7, 0x00, 0x03, 0x00, 0xE0, 0x30, 0x0E, 0x00, 0xF0,
    0x02, 0x00, 0x60, 0x00, 0x0E, 0x07, 0xE0, 0x7E, 0x07, 0xE0, 0x7E, 0x07, 0xE0, 0x7E, 0x07, 0xE0,
    0x7E, 0x07, 0xE0, 0x7E, 0x07, 0xE0, 0x7F, 0x0F, 0x79, 0xE3, 0xFC, 0x1F, 0x80, 0x1C, 0x07, 0x80,
    0x40, 0x30, 0x00, 0x38, 0x7E, 0x1F, 0x87, 0xE1, 0xF8, 0x7E, 0x1F, 0x87, 0xE1, 0xF8, 0x7F, 0x3D,
    0xFF, 0x3D, 0xC0, 0x07, 0x00, 0x60, 0x0C, 0x70, 0x07, 0x00, 0x7E, 0x1F, 0xE1, 0xFE, 0x1C, 0xE1,
    0xCE, 0x1C, 0xE1, 0xCE, 0x1C, 0xE1, 0xCE, 0x1C, 0xF3, 0xC7, 0xFC, 0x3D, 0xC0, 0x38, 0x01, 0x80,
    0x0C, 0x70, 0x07, 0x00, 0x7E, 0x1F, 0xE1, 0xFE, 0x1C, 0xE1, 0xCE, 0x1C, 0xE1, 0xCE, 0x1C, 0xE1,
    0xCE, 0x1C, 0xF3, 0xC7, 0xFC, 0x3D, 0xC0, 0x1C, 0x01, 0xE0, 0x04, 0x30, 0xC7, 0x00, 0x7E, 0x1F,
    0xE1, 0xFE, 0x1C, 0xE1, 0xCE, 0x1C, 0xE1, 0xCE, 0x1C, 0xE1, 0xCE, 0x1C, 0xF3, 0xC7, 0xFC, 0x3D,
    0xC0, 0x39, 0x03, 0xF0, 0x3F, 0x30, 0x07, 0x00, 0x7E, 0x1F, 0xE1, 0xFE, 0x1C, 0xE1, 0xCE, 0x1C,
    0xE1, 0xCE, 0x1C, 0xE1, 0xCE, 0x1C, 0xF3, 0xC7, 0xFC, 0x3D, 0xC0, 0x00, 0x70, 0x07, 0x00, 0x7E,
    0x1F, 0xE1, 0xFE, 0x1C, 0xE1, 0xCE, 0x1C, 0xE1, 0xCE, 0x1C, 0xE1, 0xCE, 0x1C, 0xF3, 0xC7, 0xFC,
    0x3D, 0xC0, 0x00, 0x0C, 0x00, 0xE0, 0x0C, 0x00, 0xFF, 0xFF, 0x02, 0x88, 0xEA, 0x90, 0x84, 0x21,
    0x08, 0x42, 0x10, 0x84, 0x20, 0xBF, 0x2A, 0x42, 0x10, 0x84, 0x21, 0x08, 0x42, 0x10, 0x22, 0x3E,
    0x92, 0x84, 0x21, 0x08, 0x42, 0x10, 0x84, 0x21, 0x00, 0x3F, 0xFF, 0xFC, 0x00, 0x00, 0x07, 0xFF,
    0xFF, 0xFF, 0xFF, 0xFE, 0x31, 0x8C, 0xE7, 0x38, 0x73, 0x9C, 0xC6, 0x30, 0x31, 0x99, 0xCC, 0xCE,
    0x67, 0x73, 0xB8, 0x73, 0xB9, 0x9D, 0xCC, 0xE6, 0x63, 0x30, 0x77, 0x3B, 0x99, 0xDC, 0xCE, 0x66,
    0x70, 0xC1, 0x83, 0x70, 0xE1, 0xF0, 0x60, 0xC0, 0x18, 0xD3, 0xE0, 0x00, 0x00, 0x08, 0x10, 0x20,
    0x40, 0x81, 0x02, 0x04, 0x08, 0x10, 0x20, 0x38, 0x70, 0x80, 0x00, 0x40, 0x02, 0x20, 0x03, 0x18,
    0x03, 0x87, 0xFF, 0xF1, 0xFE, 0x18, 0x00, 0x00, 0x09, 0x80, 0x06, 0xC0, 0x01, 0x80, 0x00, 0x40,
    0x00, 0x00, 0x00, 0x04, 0x18, 0x30, 0x70, 0x60, 0xBF, 0x78, 0x00, 0x49, 0xB9, 0xC1, 0x80, 0x00,
    0x04, 0x0C, 0x0C, 0xFF, 0xF7, 0x00, 0x26, 0x36, 0x18, 0x08, 0x00, 0x38, 0x01, 0xF8, 0x04, 0xFE,
    0x00, 0xF8, 0x0F, 0x80, 0x62, 0x02, 0x07, 0x9A, 0x4E, 0x5F, 0x01, 0x38, 0x04, 0x60, 0x18, 0x00,
    0x3F, 0xC0, 0x7C, 0x00, 0x3C, 0x03, 0xF8, 0x00, 0xF0, 0x03, 0xE0, 0x7F, 0x7F, 0x03, 0xE0, 0x00,
    0x00, 0x06, 0xC0, 0x36, 0x00, 0x60, 0x00, 0x00, 0x3C, 0x00, 0xFE, 0x00, 0x0F, 0x00, 0x0F, 0xC0,
    0x7E, 0x1F, 0xC7, 0xBE, 0x07, 0x80, 0x00, 0x06, 0xC0, 0x0C, 0x80, 0x06, 0x00, 0x00, 0x00, 0x00,
    0x03, 0x00, 0xE0, 0x6C, 0x10, 0x00, 0x00, 0x60, 0x18, 0x06, 0x00, 0xC0, 0x30, 0x06, 0x01, 0xC0,
    0xC0, 0x63, 0xF0, 0x78, 0x00, 0x00, 0x04, 0x00, 0x3C, 0x00, 0xF8, 0x03, 0xC0, 0x07, 0x00, 0x07,
    0x00, 0x03, 0x80, 0x00, 0xE0, 0x00, 0x60, 0x80, 0x30, 0x80, 0x10, 0xC0, 0x38, 0xFF, 0xFE, 0x3F,
    0xCE, 0x01, 0x03, 0x87, 0x8F, 0x0C, 0x06, 0x03, 0xC0, 0x30, 0x0C, 0x03, 0x00, 0x80, 0xCF, 0xC7,
    0xC0, 0x00, 0x81, 0xE1, 0xF1, 0xE0, 0xE0, 0x30, 0x07, 0x00, 0x60, 0x0C, 0x01, 0x80, 0x20, 0x1C,
    0xFF, 0xFC, 0x70, 0x00, 0x0C, 0x00, 0x38, 0x00, 0xE4, 0x03, 0xBC, 0x06, 0xF8, 0x03, 0xC0, 0x07,
    0x00, 0x07, 0x00, 0x03, 0x80, 0x00, 0xE0, 0x00, 0x60, 0x80, 0x30, 0x80, 0x10, 0xC0, 0x38, 0xFF,
    0xFE, 0x3F, 0xCE, 0x00, 0x80, 0xE0, 0xE8, 0xEE, 0x4F, 0x0F, 0x06, 0x01, 0x80, 0x78, 0x03, 0x00,
    0x60, 0x0C, 0x01, 0x00, 0xC7, 0xE1, 0xF0, 0x01, 0x81, 0xC1, 0xC9, 0xDE, 0xDF, 0x1E, 0x0E, 0x03,
    0x00, 0x70, 0x06, 0x00, 0xC0, 0x18, 0x02, 0x01, 0xCF, 0xFF, 0xC7, 0x00, 0x00, 0x03, 0xE8, 0x0F,
    0xA0, 0x18, 0x80, 0x33, 0x00, 0x4E, 0x0E, 0x1F, 0xF0, 0x3E, 0x00, 0x04, 0x18, 0x30, 0x70, 0x60,
    0xBF, 0x78, 0x00, 0x09, 0xBB, 0x20, 0x00, 0x04, 0x0C, 0x0C, 0xFF, 0xF7, 0x00, 0x04, 0x36, 0x24,
    0x00, 0x00, 0x7C, 0x00, 0x00, 0x10, 0x10, 0x10, 0x10, 0x10, 0x10, 0x10, 0x10, 0x10, 0x10, 0x10,
    0x0E, 0x06, 0x44, 0x39, 0x80, 0x21, 0x08, 0x42, 0x10, 0x84, 0x21, 0x08, 0x41, 0xC6, 0x0C, 0x04,
    0x01, 0x00, 0x70, 0x10, 0x03, 0x01, 0xE0, 0xCC, 0x23, 0x0C, 0x43, 0xF8, 0x7F, 0x03, 0x01, 0x8F,
    0xE0, 0xE0, 0x01, 0x04, 0x10, 0x41, 0x04, 0x10, 0x41, 0x04, 0x10, 0x40, 0xE3, 0x8C, 0x41, 0xC7,
    0x00, 0x60, 0x02, 0x00, 0x0E, 0x00, 0x30, 0x00, 0x00, 0xFA, 0x03, 0xE8, 0x06, 0x20, 0x0C, 0xC0,
    0x13, 0x83, 0x87, 0xFC, 0x0F, 0x80, 0x18, 0x83, 0x8C, 0x00, 0x61, 0x82, 0x0C, 0x27, 0xBC, 0x18,
    0x40, 0xE1, 0x80, 0x01, 0x06, 0x08, 0xFF, 0xDC, 0x01, 0x04, 0x10, 0x41, 0x04, 0x10, 0x41, 0x04,
    0x10, 0x40, 0xE1, 0x80, 0x80, 0x00, 0x40, 0x02, 0x20, 0x03, 0x18, 0x03, 0x87, 0xFF, 0xF1, 0xFE,
    0x18, 0x00, 0x00, 0x00, 0x00, 0x03, 0x00, 0x01, 0x80, 0x00, 0x00, 0x00, 0x11, 0xC6, 0x31, 0x8F,
    0xDC, 0x00, 0x0C, 0x60, 0x00, 0x08, 0x30, 0x47, 0xFE, 0xE0, 0x00, 0x1C, 0x18, 0x00, 0x00, 0x36,
    0x1B, 0x00, 0x00, 0x40, 0x60, 0x70, 0xF8, 0x44, 0x62, 0x3F, 0x0F, 0xE0, 0x38, 0x00, 0x00, 0x06,
    0xC0, 0x03, 0x60, 0x00, 0x00, 0x08, 0x00, 0x04, 0x00, 0x22, 0x00, 0x31, 0x80, 0x38, 0x7F, 0xFF,
    0x1F, 0xE1, 0x80, 0x0B, 0x74, 0x80, 0x10, 0xE1, 0x86, 0x18, 0x6F, 0x38, 0x00, 0x36, 0x34, 0x00,
    0x00, 0x04, 0x0C, 0x0C, 0xFF, 0xF7, 0x02, 0x00, 0x03, 0x80, 0x03, 0x60, 0x01, 0xB0, 0x00, 0x00,
    0x04, 0x00, 0x02, 0x00, 0x11, 0x00, 0x18, 0xC0, 0x1C, 0x3F, 0xFF, 0x8F, 0xF0, 0xC0, 0x00, 0xC3,
    0x97, 0x48, 0x01, 0x0E, 0x18, 0x61, 0x86, 0xF3, 0x80, 0x08, 0x18, 0x26, 0x36, 0x00, 0x00, 0x04,
    0x0C, 0x0C, 0xFF, 0xF7, 0x38, 0x01, 0xF8, 0x04, 0xFE, 0x00, 0xF8, 0x0F, 0x80, 0x62, 0x02, 0x07,
    0x98, 0x0E, 0x46, 0x01, 0x18, 0x04, 0x00, 0x18, 0x00, 0x3F, 0xC0, 0x7C, 0x00, 0x3C, 0x03, 0xF8,
    0x00, 0xF0, 0x03, 0xE0, 0x7F, 0x7F, 0x03, 0xE0, 0x00, 0x00, 0x01, 0x00, 0x1C, 0x00, 0x40, 0x3C,
    0x00, 0xFE, 0x00, 0x0F, 0x00, 0x0F, 0xC0, 0x7E, 0x1F, 0xC7, 0xBE, 0x07, 0x80, 0x00, 0x01, 0x00,
    0x07, 0x00, 0x04, 0x00, 0x38, 0x01, 0xF8, 0x04, 0xFE, 0x00, 0xF8, 0x0F, 0x80, 0x62, 0x02, 0x07,
    0x98, 0x0E, 0x40, 0x01, 0x00, 0x04, 0x00, 0x18, 0x00, 0x3F, 0xC0, 0x7C, 0x00, 0x3C, 0x03, 0xF8,
    0x00, 0xF0, 0x03, 0xE0, 0x7F, 0x7F, 0x03, 0xE0, 0x00, 0x3C, 0x00, 0xFE, 0x00, 0x0F, 0x00, 0x0F,
    0xC0, 0x7E, 0x1F, 0xC7, 0xBE, 0x07, 0x80, 0x00, 0x00, 0x18, 0x00, 0x60, 0x00, 0x00, 0x38, 0x01,
    0xF8, 0x04, 0xFE, 0x00, 0xF8, 0x0F, 0x80, 0x62, 0x02, 0x07, 0x98, 0x0E, 0x40, 0x01, 0x00, 0x04,
    0x00, 0x18, 0x00, 0x3F, 0xC0, 0x7C, 0x00, 0x00, 0x00, 0x30, 0x01, 0x80, 0x00, 0x00, 0x00, 0x1E,
    0x01, 0xFC, 0x00, 0x78, 0x01, 0xF0, 0x3F, 0xBF, 0x81, 0xF0, 0x00, 0x00, 0x00, 0x0C, 0x00, 0x18,
    0x00, 0x00, 0x00, 0x00, 0x07, 0x80, 0x1F, 0xC0, 0x01, 0xE0, 0x01, 0xF8, 0x0F, 0xC3, 0xF8, 0xF7,
    0xC0, 0xF0, 0x00, 0x03, 0x00, 0xC0, 0x18, 0x06, 0x00, 0xC0, 0x33, 0xFF, 0xFC, 0xC0, 0x00, 0x06,
    0x01, 0x80, 0x00, 0x00, 0x03, 0x00, 0xC0, 0x18, 0x06, 0x00, 0xC0, 0x33, 0xFF, 0xFC, 0xC0, 0x00,
    0x01, 0x80, 0x60, 0x18, 0x03, 0x00, 0xC0, 0x18, 0x07, 0x03, 0x01, 0x8F, 0xC1, 0xE0, 0x00, 0x03,
    0x00, 0xC0, 0x00, 0x00, 0x01, 0x80, 0x60, 0x18, 0x03, 0x00, 0xC0, 0x18, 0x07, 0x03, 0x01, 0x8F,
    0xC1, 0xE0, 0x00, 0x00, 0x00, 0x04, 0x32, 0x00, 0x21, 0x30, 0x03, 0x19, 0x80, 0x0F, 0xFF, 0x40,
    0x7F, 0xDA, 0x03, 0x00, 0x10, 0x10, 0x00, 0xC0, 0x80, 0x06, 0x18, 0x00, 0x1F, 0x80, 0x00, 0x78,
    0x00, 0x00, 0x00, 0x00, 0x00, 0x80, 0x2E, 0x03, 0x31, 0x11, 0x98, 0xCF, 0xFF, 0xFF, 0xDE, 0x00,
    0x80, 0x01, 0x30, 0x46, 0x41, 0x88, 0x8F, 0xFF, 0xDF, 0xFD, 0xC0, 0x00, 0x04, 0x00, 0x00, 0x70,
    0x00, 0x06, 0xC0, 0x00, 0x36, 0x00, 0x00, 0x00, 0x00, 0x00, 0x00, 0x02, 0x19, 0x00, 0x10, 0x98,
    0x01, 0x8C, 0xC0, 0x07, 0xFF, 0xA0, 0x3F, 0xED, 0x01, 0x80, 0x08, 0x08, 0x00, 0x60, 0x40, 0x03,
    0x0C, 0x00, 0x0F, 0xC0, 0x00, 0x3C, 0x00, 0x00, 0x01, 0x00, 0x0C, 0x01, 0xB0, 0x0D, 0x80, 0x01,
    0x00, 0x5C, 0x06, 0x62, 0x23, 0x31, 0x9F, 0xFF, 0xFF, 0xBC, 0x01, 0x00, 0x03, 0x00, 0x0B, 0x00,
    0x32, 0x00, 0x00, 0x00, 0x10, 0x00, 0x26, 0x08, 0xC8, 0x31, 0x11, 0xFF, 0xFB, 0xFF, 0xB8, 0x00,
    0x01, 0xC0, 0x00, 0x07, 0xC0, 0x00, 0x38, 0xC0, 0x04, 0xC0, 0xC0, 0x19, 0x01, 0x00, 0x3C, 0x0E,
    0x00, 0x3F, 0xFF, 0x40, 0x7F, 0xC6, 0x80, 0xC0, 0x01, 0x01, 0x00, 0x03, 0x02, 0x00, 0x06, 0x18,
    0x00, 0x07, 0xE0, 0x00, 0x07, 0x80, 0x00, 0x00, 0x00, 0x30, 0x01, 0xF8, 0x07, 0x38, 0x18, 0x31,
    0x60, 0x27, 0x81, 0xBF, 0xFF, 0x67, 0xF8, 0x00, 0x30, 0x00, 0x7E, 0x00, 0x73, 0x80, 0x60, 0xC1,
    0x60, 0x21, 0xE0, 0x73, 0xFF, 0xFD, 0x9F, 0xE7, 0x00, 0x00, 0x00, 0x00, 0x0C, 0x00, 0x00, 0x18,
    0x00, 0x00, 0x00, 0x00, 0x00, 0x00, 0x00, 0x00, 0x38, 0x00, 0x00, 0xF8, 0x00, 0x07, 0x18, 0x00,
    0x98, 0x18, 0x03, 0x20, 0x20, 0x07, 0x81, 0xC0, 0x07, 0xFF, 0xE8, 0x0F, 0xF8, 0xD0, 0x18, 0x00,
    0x20, 0x20, 0x00, 0x60, 0x40, 0x00, 0xC3, 0x00, 0x00, 0xFC, 0x00, 0x00, 0xF0, 0x00, 0x00, 0x00,
    0x00, 0x03, 0x00, 0x06, 0x00, 0x00, 0x00, 0x00, 0x00, 0x06, 0x00, 0x3F, 0x00, 0xE7, 0x03, 0x06,
    0x2C, 0x04, 0xF0, 0x37, 0xFF, 0xEC, 0xFF, 0x00, 0x00, 0x00, 0x00, 0xC0, 0x00, 0x60, 0x00, 0x00,
    0x00, 0x00, 0x00, 0x01, 0x80, 0x03, 0xF0, 0x03, 0x9C, 0x03, 0x06, 0x0B, 0x01, 0x0F, 0x03, 0x9F,
    0xFF, 0xEC, 0xFF, 0x38, 0x00, 0x00, 0x06, 0x00, 0x03, 0x00, 0x01, 0x80, 0x00, 0xC0, 0x00, 0x60,
    0x00, 0x30, 0x00, 0x08, 0x60, 0x04, 0xFC, 0x02, 0xC7, 0x01, 0xC1, 0x80, 0xC0, 0x44, 0xC0, 0xE3,
    0xFF, 0xF8, 0x7F, 0xCE, 0x00, 0x01, 0x80, 0x0C, 0x00, 0x60, 0x03, 0x00, 0x18, 0x00, 0xC0, 0x06,
    0x18, 0x13, 0xF0, 0xB9, 0xC7, 0x06, 0x30, 0x33, 0x07, 0x7F, 0xF3, 0xFC, 0x00, 0x00, 0x00, 0xC0,
    0x03, 0x00, 0x0C, 0x00, 0x30, 0x00, 0xC0, 0x03, 0x00, 0x0C, 0x30, 0x13, 0xF0, 0x5C, 0xE1, 0xC1,
    0x86, 0x06, 0x30, 0x73, 0xFF, 0xEF, 0xF1, 0xC0, 0x00, 0x00, 0x06, 0x00, 0x03, 0x00, 0x01, 0x86,
    0x00, 0xC7, 0x00, 0x60, 0x00, 0x30, 0x00, 0x08, 0x60, 0x04, 0xFC, 0x02, 0xC7, 0x01, 0xC1, 0x80,
    0xC0, 0x44, 0xC0, 0xE3, 0xFF, 0xF8, 0x7F, 0xCE, 0x00, 0x01, 0x80, 0x0C, 0x00, 0x61, 0x83, 0x0C,
    0x18, 0x00, 0xC0, 0x06, 0x18, 0x13, 0xF0, 0xB9, 0xC7, 0x06, 0x30, 0x33, 0x07, 0x7F, 0xF3, 0xFC,
    0x00, 0x00, 0x00, 0xC0, 0x03, 0x00, 0x0C, 0x30, 0x30, 0xC0, 0xC0, 0x03, 0x00, 0x0C, 0x30, 0x13,
    0xF0, 0x5C, 0xE1, 0xC1, 0x86, 0x06, 0x30, 0x73, 0xFF, 0xEF, 0xF1, 0xC0, 0x38, 0x1F, 0xC3, 0x98,
    0x31, 0x03, 0x60, 0x38, 0x07, 0xE1, 0x3C, 0x40, 0x08, 0x01, 0x00, 0x30, 0x03, 0xFC, 0x3E, 0x00,
    0x0C, 0x0F, 0x82, 0x01, 0x80, 0x60, 0x0E, 0x7F, 0xFF, 0xF0, 0x1C, 0x3F, 0x98, 0xC6, 0x21, 0xB0,
    0x73, 0xFF, 0xE7, 0x08, 0x03, 0x00, 0x60, 0x00, 0x03, 0x81, 0xFC, 0x39, 0x83, 0x10, 0x36, 0x03,
    0x80, 0x7E, 0x13, 0xC4, 0x00, 0x80, 0x10, 0x03, 0x00, 0x3F, 0xC3, 0xE0, 0x08, 0x07, 0x00, 0x80,
    0x00, 0x0C, 0x0F, 0x82, 0x01, 0x80, 0x60, 0x0E, 0x7F, 0xFF, 0xF0, 0x0C, 0x06, 0x03, 0x00, 0x01,
    0xC3, 0xF9, 0x8C, 0x62, 0x1B, 0x07, 0x3F, 0xFE, 0x70, 0x00, 0x08, 0x00, 0x0C, 0x00, 0x02, 0x00,
    0x00, 0x00, 0x01, 0xC0, 0x01, 0xF2, 0x01, 0x99, 0x00, 0x84, 0x80, 0x42, 0x60, 0x3E, 0x1F, 0xFF,
    0xC7, 0xFC, 0xE0, 0x08, 0x0E, 0x02, 0x00, 0x00, 0xC0, 0xF0, 0xDC, 0x46, 0x21, 0x1F, 0xC7, 0x60,
    0x67, 0xF7, 0xE0, 0x08, 0x0C, 0x06, 0x00, 0x01, 0xC1, 0xE1, 0xD8, 0xC4, 0x42, 0x3F, 0x3F, 0xFF,
    0xF0, 0x00, 0x80, 0x6E, 0x03, 0x20, 0x00, 0x00, 0x38, 0x03, 0xE0, 0x33, 0x01, 0x0C, 0x0C, 0x60,
    0x7F, 0xA1, 0xFF, 0x00, 0x48, 0x02, 0x60, 0x23, 0x86, 0x0F, 0xE0, 0x3C, 0x00, 0x00, 0x1B, 0x0D,
    0x80, 0x00, 0xC0, 0xF0, 0xDC, 0x46, 0x21, 0x1F, 0xC7, 0x60, 0x67, 0xF7, 0xE0, 0x00, 0x13, 0x1D,
    0x80, 0x01, 0xC1, 0xE1, 0xD8, 0xC4, 0x42, 0x3F, 0x3F, 0xFF, 0xF0, 0x00, 0x00, 0x00, 0x20, 0x00,
    0x40, 0x00, 0x80, 0x01, 0x00, 0x02, 0x00, 0x84, 0x02, 0x08, 0x07, 0x10, 0x04, 0x22, 0x00, 0x46,
    0x00, 0x8F, 0xFF, 0xEF, 0xF9, 0xC0, 0x01, 0x03, 0x87, 0x8F, 0x0C, 0x06, 0x03, 0xC0, 0x30, 0x0C,
    0x03, 0x00, 0x80, 0xCF, 0xC7, 0xC0, 0x00, 0x81, 0xE1, 0xF1, 0xE0, 0xE0, 0x30, 0x07, 0x00, 0x60,
    0x0C, 0x01, 0x80, 0x20, 0x1C, 0xFF, 0xFC, 0x70, 0x00, 0x00, 0x18, 0x01, 0x80, 0x18, 0x01, 0x80,
    0x18, 0x01, 0x80, 0x18, 0x00, 0x80, 0x08, 0x00, 0x80, 0x08, 0x00, 0xC0, 0x0E, 0x80, 0xE8, 0x04,
    0x80, 0x0C, 0x08, 0xC3, 0x07, 0xE0, 0x3C, 0x00, 0x05, 0xB2, 0x49, 0x24, 0x93, 0xF0, 0x00, 0x82,
    0x08, 0x20, 0x82, 0x08, 0x20, 0x82, 0x08, 0x23, 0xFF, 0xC0, 0x0E, 0x07, 0x87, 0xB3, 0xCC, 0xB1,
    0xAF, 0xF8, 0xFE, 0x00, 0x80, 0x30, 0x0C, 0x03, 0x00, 0xC0, 0x00, 0x00, 0x0E, 0x1E, 0x1B, 0x31,
    0x31, 0xFF, 0xCF, 0x0C, 0x0F, 0x0D, 0x8C, 0x46, 0x37, 0xFF, 0xFE, 0x08, 0x01, 0xC0, 0x08, 0x00,
    0x08, 0x00, 0x80, 0x18, 0x00, 0xE8, 0x0E, 0x80, 0xC8, 0x08, 0xC0, 0x8C, 0x30, 0x7E, 0x03, 0xC0,
    0x01, 0x8C, 0x00, 0x08, 0xE3, 0x18, 0xC7, 0xEE, 0x00, 0x10, 0x70, 0x40, 0x00, 0x01, 0x06, 0x08,
    0xFF, 0xDC, 0x04, 0x06, 0x07, 0x0F, 0x84, 0x46, 0x23, 0xF0, 0xFE, 0x03, 0x80, 0x00, 0x0C, 0x07,
    0x07, 0xC6, 0x72, 0x2D, 0x96, 0x71, 0xFE, 0xF3, 0x80, 0x00, 0x04, 0x0C, 0x1C, 0x34, 0x26, 0x24,
    0x6C, 0xFF, 0xFF, 0x66, 0x23, 0x33, 0x3E, 0x0C, 0x0C, 0x07, 0x83, 0x30, 0x84, 0x31, 0x0F, 0xF1,
    0xFC, 0x04, 0x06, 0x3F, 0x83, 0xC0, 0x00, 0x00, 0x03, 0xE8, 0x0F, 0xA0, 0x18, 0x80, 0x33, 0x00,
    0x4E, 0x0E, 0x1F, 0xF0, 0x3E, 0x00, 0x00, 0x00, 0x03, 0xE8, 0x0F, 0xA0, 0x18, 0x80, 0x33, 0x00,
    0x4E, 0x0E, 0x1F, 0xF0, 0x3E, 0x00, 0x00, 0x03, 0x60, 0x0C, 0x80, 0x00, 0x00, 0x04, 0x18, 0x30,
    0x70, 0x60, 0xBF, 0x78, 0x00, 0x09, 0xBB, 0x20, 0x00, 0x04, 0x0C, 0x0C, 0xFF, 0xF7, 0x00, 0x04,
    0x36, 0x24, 0x00, 0x00, 0x07, 0xC6, 0x00, 0x60, 0x06, 0x18, 0x21, 0xC2, 0x0E, 0x20, 0x32, 0x01,
    0xA0, 0x0E, 0x00, 0x60, 0x0A, 0x01, 0x10, 0x7F, 0x07, 0xE0, 0x00, 0x00, 0xF8, 0x20, 0x00, 0xC0,
    0x01, 0x83, 0x83, 0x03, 0x06, 0x07, 0x0C, 0x03, 0x18, 0x02, 0x30, 0x06, 0xE0, 0x05, 0x40, 0x06,
    0x80, 0x1D, 0x00, 0xF1, 0xC7, 0xC3, 0x80, 0x60, 0x20, 0x0E, 0x1A, 0x06, 0x01, 0x98, 0x27, 0x08,
    0xE2, 0x0C, 0x81, 0xA0, 0x38, 0x06, 0x02, 0x81, 0x11, 0xFC, 0x7E, 0x60, 0x04, 0x00, 0x38, 0x11,
    0x01, 0x84, 0x0C, 0x70, 0x61, 0xC3, 0x03, 0x18, 0x18, 0xC0, 0x66, 0x01, 0x70, 0x0A, 0x80, 0x34,
    0x03, 0xA0, 0x78, 0xEF, 0x83, 0x00, 0x01, 0x80, 0xC0, 0x6C, 0x17, 0x09, 0xC4, 0x32, 0x0D, 0x03,
    0x80, 0xC0, 0xA0, 0x89, 0xFC, 0xFC, 0x00, 0x30, 0x20, 0x10, 0x0E, 0x04, 0x00, 0x00, 0x40, 0x02,
    0x00, 0x30, 0x81, 0x8E, 0x0C, 0x38, 0x60, 0x63, 0x01, 0x18, 0x0C, 0xC0, 0x2E, 0x01, 0xD0, 0x0E,
    0x81, 0xE3, 0xBE, 0x1C, 0x00, 0x03, 0x00, 0x20, 0x01, 0x00, 0x0E, 0x00, 0x40, 0x00, 0x00, 0x01,
    0x80, 0xC0, 0x6C, 0x17, 0x09, 0xC4, 0x32, 0x0D, 0x03, 0x80, 0xC0, 0xA0, 0x89, 0xFC, 0xFC, 0x00,
    0x40, 0x02, 0x00, 0x30, 0x81, 0x8E, 0x0C, 0x38, 0x60, 0x63, 0x03, 0x18, 0x0C, 0xC0, 0x2E, 0x01,
    0xD0, 0x0E, 0x81, 0xE7, 0xBE, 0x1C,
};

static const EpdGlyph ui_10_semiboldGlyphs[] = {
    { 0, 0, 84, 0, 0, 0, 0 }, // U+0020
    { 3, 16, 107, 2, 16, 6, 0 }, // !
    { 7, 6, 174, 2, 16, 6, 6 }, // "
    { 14, 16, 214, 0, 16, 28, 12 }, // #
    { 12, 20, 217, 0, 18, 30, 40 }, // $
    { 17, 16, 335, 2, 16, 34, 70 }, // %
    { 13, 16, 221, 1, 16, 26, 104 }, // &
    { 3, 6, 109, 2, 16, 3, 130 }, // '
    { 6, 20, 124, 2, 17, 15, 133 }, // (
    { 6, 20, 124, 0, 17, 15, 148 }, // )
    { 10, 9, 180, 1, 16, 12, 163 }, // *
    { 11, 11, 224, 2, 12, 16, 175 }, // +
    { 4, 6, 106, 1, 2, 3, 191 }, // ,
    { 7, 3, 155, 1, 8, 3, 194 }, // -
    { 3, 3, 106, 2, 3, 2, 197 }, // .
    { 8, 19, 126, 0, 17, 19, 199 }, // /
    { 12, 16, 220, 1, 16, 24, 218 }, // 0
    { 7, 16, 141, 0, 16, 14, 242 }, // 1
    { 10, 16, 208, 1, 16, 20, 256 }, // 2
    { 11, 16, 212, 1, 16, 22, 276 }, // 3
    { 12, 16, 222, 1, 16, 24, 298 }, // 4
    { 11, 16, 204, 1, 16, 22, 322 }, // 5
    { 11, 16, 213, 1, 16, 22, 344 }, // 6
    { 10, 16, 192, 1, 16, 20, 366 }, // 7
    { 11, 16, 213, 1, 16, 22, 386 }, // 8
    { 11, 16, 213, 1, 16, 22, 408 }, // 9
    { 3, 11, 106, 2, 11, 5, 430 }, // :
    { 4, 15, 110, 1, 11, 8, 435 }, // ;
    { 10, 13, 224, 2, 13, 17, 443 }, // <
    { 10, 8, 224, 2, 11, 10, 460 }, // =
    { 10, 13, 224, 2, 13, 17, 470 }, // >
    { 10, 16, 181, 1, 16, 20, 487 }, // ?
    { 19, 20, 333, 1, 16, 48, 507 }, // @
    { 16, 16, 242, 0, 16, 32, 555 }, // A
    { 11, 16, 220, 2, 16, 22, 587 }, // B
    { 14, 16, 246, 1, 16, 28, 609 }, // C
    { 13, 16, 241, 2, 16, 26, 637 }, // D
    { 10, 16, 202, 2, 16, 20, 663 }, // E
    { 10, 16, 196, 2, 16, 20, 683 }, // F
    { 14, 16, 250, 1, 16, 28, 703 }, // G
    { 13, 16, 248, 2, 16, 26, 731 }, // H
    { 3, 16, 92, 2, 16, 6, 757 }, // I
    { 10, 16, 193, 1, 16, 20, 763 }, // J
    { 13, 16, 234, 2, 16, 26, 783 }, // K
    { 10, 16, 188, 2, 16, 20, 809 }, // L
    { 16, 16, 307, 2, 16, 32, 829 }, // M
    { 13, 16, 253, 2, 16, 26, 861 }, // N
    { 14, 16, 256, 1, 16, 28, 887 }, // O
    { 11, 16, 215, 2, 16, 22, 915 }, // P
    { 14, 17, 258, 1, 16, 30, 937 }, // Q
    { 12, 16, 217, 2, 16, 24, 967 }, // R
    { 12, 16, 217, 0, 16, 24, 991 }, // S
    { 12, 16, 220, 1, 16, 24, 1015 }, // T
    { 12, 16, 245, 2, 16, 24, 1039 }, // U
    { 15, 16, 242, 0, 16, 30, 1063 }, // V
    { 21, 16, 340, 0, 16, 42, 1093 }, // W
    { 15, 16, 240, 0, 16, 30, 1135 }, // X
    { 15, 16, 238, 0, 16, 30, 1165 }, // Y
    { 11, 16, 217, 1, 16, 22, 1195 }, // Z
    { 5, 20, 124, 2, 17, 13, 1217 }, // [
    { 8, 19, 126, 0, 17, 19, 1230 }, // <backslash>
    { 5, 20, 124, 1, 17, 13, 1249 }, // ]
    { 10, 8, 160, 0, 16, 10, 1262 }, // ^
    { 10, 3, 156, 0, 1, 4, 1272 }, // _
    { 5, 3, 117, 1, 16, 2, 1276 }, // `
    { 10, 12, 191, 1, 12, 15, 1278 }, // a
    { 11, 16, 208, 1, 16, 22, 1293 }, // b
    { 11, 12, 194, 1, 12, 17, 1315 }, // c
    { 11, 16, 208, 1, 16, 22, 1332 }, // d
    { 11, 12, 197, 1, 12, 17, 1354 }, // e
    { 8, 17, 130, 1, 17, 17, 1371 }, // f
    { 11, 16, 208, 1, 12, 22, 1388 }, // g
    { 10, 16, 204, 1, 16, 20, 1410 }, // h
    { 3, 17, 87, 1, 17, 7, 1430 }, // i
    { 5, 21, 87, 0, 17, 14, 1437 }, // j
    { 11, 16, 190, 1, 16, 22, 1451 }, // k
    { 3, 16, 87, 1, 16, 6, 1473 }, // l
    { 16, 12, 300, 1, 12, 24, 1479 }, // m
    { 10, 12, 204, 1, 12, 15, 1503 }, // n
    { 11, 12, 203, 1, 12, 17, 1518 }, // o
    { 11, 16, 208, 1, 12, 22, 1535 }, // p
    { 11, 16, 208, 1, 12, 22, 1557 }, // q
    { 7, 13, 132, 1, 13, 12, 1579 }, // r
    { 11, 12, 183, 0, 12, 17, 1591 }, // s
    { 8, 15, 118, 0, 15, 15, 1608 }, // t
    { 10, 12, 204, 1, 12, 15, 1623 }, // u
    { 12, 12, 196, 0, 12, 18, 1638 }, // v
    { 18, 12, 280, 0, 12, 27, 1656 }, // w
    { 12, 12, 190, 0, 12, 18, 1683 }, // x
    { 12, 16, 196, 0, 12, 24, 1701 }, // y
    { 9, 12, 189, 1, 12, 14, 1725 }, // z
    { 7, 20, 151, 1, 17, 18, 1739 }, // {
    { 3, 26, 120, 2, 21, 10, 1757 }, // |
    { 7, 20, 151, 1, 17, 18, 1767 }, // }
    { 11, 5, 224, 2, 9, 7, 1785 }, // ~
    { 0, 0, 84, 0, 0, 0, 1792 }, // U+00A0
    { 3, 16, 107, 2, 12, 6, 1792 }, // U+00A1
    { 13, 10, 211, 0, 12, 17, 1798 }, // U+00AB
    { 7, 8, 153, 1, 17, 7, 1815 }, // U+00B0
    { 3, 3, 106, 2, 9, 2, 1822 }, // U+00B7
    { 9, 9, 162, 1, 16, 11, 1824 }, // U+00BA
    { 13, 10, 211, 0, 12, 17, 1835 }, // U+00BB
    { 10, 16, 181, 1, 12, 20, 1852 }, // U+00BF
    { 16, 20, 242, 0, 20, 40, 1872 }, // U+00C0
    { 16, 20, 242, 0, 20, 40, 1912 }, // U+00C1
    { 16, 21, 242, 0, 21, 42, 1952 }, // U+00C2
    { 16, 20, 242, 0, 20, 40, 1994 }, // U+00C4
    { 16, 22, 242, 0, 22, 44, 2034 }, // U+00C5
    { 20, 16, 338, 0, 16, 40, 2078 }, // U+00C6
    { 14, 20, 246, 1, 16, 35, 2118 }, // U+00C7
    { 10, 20, 202, 2, 20, 25, 2153 }, // U+00C9
    { 10, 21, 202, 2, 21, 27, 2178 }, // U+00CA
    { 5, 20, 92, 2, 20, 13, 2205 }, // U+00CD
    { 9, 21, 92, -1, 21, 24, 2218 }, // U+00CE
    { 14, 21, 256, 1, 21, 37, 2242 }, // U+00D2
    { 14, 21, 256, 1, 21, 37, 2279 }, // U+00D3
    { 14, 21, 256, 1, 21, 37, 2316 }, // U+00D6
    { 14, 18, 256, 1, 17, 32, 2353 }, // U+00D8
    { 12, 21, 245, 2, 21, 32, 2385 }, // U+00D9
    { 12, 21, 245, 2, 21, 32, 2417 }, // U+00DA
    { 12, 21, 245, 2, 21, 32, 2449 }, // U+00DC
    { 15, 20, 238, 0, 20, 38, 2481 }, // U+00DD
    { 11, 16, 214, 2, 16, 22, 2519 }, // U+00DF
    { 10, 17, 191, 1, 17, 22, 2541 }, // U+00E0
    { 10, 17, 191, 1, 17, 22, 2563 }, // U+00E1
    { 10, 17, 191, 1, 17, 22, 2585 }, // U+00E2
    { 10, 17, 191, 1, 17, 22, 2607 }, // U+00E3
    { 10, 17, 191, 1, 17, 22, 2629 }, // U+00E4
    { 10, 18, 191, 1, 18, 23, 2651 }, // U+00E5
    { 18, 12, 304, 1, 12, 27, 2674 }, // U+00E6
    { 11, 16, 194, 1, 12, 22, 2701 }, // U+00E7
    { 11, 17, 197, 1, 17, 24, 2723 }, // U+00E8
    { 11, 17, 197, 1, 17, 24, 2747 }, // U+00E9
    { 11, 17, 197, 1, 17, 24, 2771 }, // U+00EA
    { 11, 17, 197, 1, 17, 24, 2795 }, // U+00EB
    { 5, 16, 87, -1, 16, 10, 2819 }, // U+00EC
    { 5, 16, 87, 1, 16, 10, 2829 }, // U+00ED
    { 9, 17, 87, -2, 17, 20, 2839 }, // U+00EE
    { 7, 17, 87, -1, 17, 15, 2859 }, // U+00EF
    { 10, 17, 204, 1, 17, 22, 2874 }, // U+00F1
    { 11, 17, 203, 1, 17, 24, 2896 }, // U+00F2
    { 11, 17, 203, 1, 17, 24, 2920 }, // U+00F3
    { 11, 17, 203, 1, 17, 24, 2944 }, // U+00F4
    { 11, 17, 203, 1, 17, 24, 2968 }, // U+00F5
    { 11, 17, 203, 1, 17, 24, 2992 }, // U+00F6
    { 12, 14, 203, 1, 13, 21, 3016 }, // U+00F8
    { 10, 17, 204, 1, 17, 22, 3037 }, // U+00F9
    { 10, 17, 204, 1, 17, 22, 3059 }, // U+00FA
    { 10, 17, 204, 1, 17, 22, 3081 }, // U+00FB
    { 10, 17, 204, 1, 17, 22, 3103 }, // U+00FC
    { 12, 21, 196, 0, 17, 32, 3125 }, // U+00FD
    { 10, 17, 191, 1, 17, 22, 3157 }, // U+0103
    { 11, 16, 191, 1, 12, 22, 3179 }, // U+0105
    { 11, 17, 194, 1, 17, 24, 3201 }, // U+0107
    { 14, 21, 246, 1, 21, 37, 3225 }, // U+010C
    { 11, 17, 194, 1, 17, 24, 3262 }, // U+010D
    { 13, 21, 241, 2, 21, 35, 3286 }, // U+010E
    { 15, 17, 246, 1, 17, 32, 3321 }, // U+010F
    { 15, 16, 250, 1, 16, 30, 3353 }, // U+0110
    { 12, 16, 208, 1, 16, 24, 3383 }, // U+0111
    { 10, 20, 202, 2, 20, 25, 3407 }, // U+0116
    { 11, 17, 197, 1, 17, 24, 3432 }, // U+0117
    { 11, 20, 202, 2, 16, 28, 3456 }, // U+0118
    { 11, 16, 197, 1, 12, 22, 3484 }, // U+0119
    { 10, 21, 202, 2, 21, 27, 3506 }, // U+011A
    { 11, 17, 197, 1, 17, 24, 3533 }, // U+011B
    { 14, 21, 250, 1, 21, 37, 3557 }, // U+011E
    { 11, 21, 208, 1, 17, 29, 3594 }, // U+011F
    { 7, 17, 87, 0, 17, 15, 3623 }, // U+0129
    { 5, 20, 92, 1, 16, 13, 3638 }, // U+012E
    { 5, 21, 87, 0, 17, 14, 3651 }, // U+012F
    { 3, 20, 92, 2, 20, 8, 3665 }, // U+0130
    { 3, 12, 87, 1, 12, 5, 3673 }, // U+0131
    { 5, 20, 87, 1, 20, 13, 3678 }, // U+013A
    { 10, 17, 188, 2, 17, 22, 3691 }, // U+013D
    { 7, 17, 126, 1, 17, 15, 3713 }, // U+013E
    { 12, 16, 200, 1, 16, 24, 3728 }, // U+0141
    { 6, 16, 87, -1, 16, 12, 3752 }, // U+0142
    { 10, 16, 204, 1, 16, 20, 3764 }, // U+0144
    { 10, 17, 204, 1, 17, 22, 3784 }, // U+0148
    { 11, 17, 203, 1, 17, 24, 3806 }, // U+0151
    { 7, 16, 132, 1, 16, 14, 3830 }, // U+0155
    { 12, 21, 217, 2, 21, 32, 3844 }, // U+0158
    { 9, 17, 132, 0, 17, 20, 3876 }, // U+0159
    { 12, 21, 217, 0, 21, 32, 3896 }, // U+015A
    { 11, 17, 183, 0, 17, 24, 3928 }, // U+015B
    { 12, 20, 217, 0, 16, 30, 3952 }, // U+015E
    { 11, 16, 183, 0, 12, 22, 3982 }, // U+015F
    { 12, 21, 217, 0, 21, 32, 4004 }, // U+0160
    { 11, 17, 183, 0, 17, 24, 4036 }, // U+0161
    { 8, 19, 118, 0, 15, 19, 4060 }, // U+0163
    { 12, 21, 220, 1, 21, 32, 4079 }, // U+0164
    { 9, 17, 140, 0, 17, 20, 4111 }, // U+0165
    { 10, 16, 204, 1, 16, 20, 4131 }, // U+016B
    { 12, 22, 245, 2, 22, 33, 4151 }, // U+016E
    { 10, 18, 204, 1, 18, 23, 4184 }, // U+016F
    { 12, 21, 245, 2, 21, 32, 4207 }, // U+0170
    { 10, 17, 204, 1, 17, 22, 4239 }, // U+0171
    { 12, 20, 245, 2, 16, 30, 4261 }, // U+0172
    { 11, 16, 204, 1, 12, 22, 4291 }, // U+0173
    { 9, 16, 189, 1, 16, 18, 4313 }, // U+017A
    { 9, 17, 189, 1, 17, 20, 4331 }, // U+017C
    { 11, 21, 217, 1, 21, 29, 4351 }, // U+017D
    { 9, 17, 189, 1, 17, 20, 4380 }, // U+017E
    { 12, 15, 202, 1, 15, 23, 4400 }, // U+01A1
    { 12, 15, 215, 1, 15, 23, 4423 }, // U+01B0
    { 12, 21, 217, 0, 16, 32, 4446 }, // U+0218
    { 11, 17, 183, 0, 12, 24, 4478 }, // U+0219
    { 12, 21, 220, 1, 16, 32, 4502 }, // U+021A
    { 8, 20, 118, 0, 15, 20, 4534 }, // U+021B
    { 14, 16, 246, 1, 16, 28, 4554 }, // U+0404
    { 3, 16, 92, 2, 16, 6, 4582 }, // U+0406
    { 16, 16, 242, 0, 16, 32, 4588 }, // U+0410
    { 11, 16, 215, 2, 16, 22, 4620 }, // U+0411
    { 11, 16, 220, 2, 16, 22, 4642 }, // U+0412
    { 10, 16, 194, 2, 16, 20, 4664 }, // U+0413
    { 16, 20, 284, 1, 16, 40, 4684 }, // U+0414
    { 10, 16, 202, 2, 16, 20, 4724 }, // U+0415
    { 21, 16, 344, 0, 16, 42, 4744 }, // U+0416
    { 11, 16, 212, 1, 16, 22, 4786 }, // U+0417
    { 13, 16, 253, 2, 16, 26, 4808 }, // U+0418
    { 13, 21, 253, 2, 21, 35, 4834 }, // U+0419
    { 13, 16, 234, 2, 16, 26, 4869 }, // U+041A
    { 14, 16, 250, 0, 16, 28, 4895 }, // U+041B
    { 16, 16, 307, 2, 16, 32, 4923 }, // U+041C
    { 13, 16, 248, 2, 16, 26, 4955 }, // U+041D
    { 14, 16, 256, 1, 16, 28, 4981 }, // U+041E
    { 13, 16, 248, 2, 16, 26, 5009 }, // U+041F
    { 11, 16, 215, 2, 16, 22, 5035 }, // U+0420
    { 14, 16, 246, 1, 16, 28, 5057 }, // U+0421
    { 12, 16, 220, 1, 16, 24, 5085 }, // U+0422
    { 14, 16, 224, 0, 16, 28, 5109 }, // U+0423
    { 16, 18, 278, 1, 17, 36, 5137 }, // U+0424
    { 15, 16, 240, 0, 16, 30, 5173 }, // U+0425
    { 14, 20, 250, 2, 16, 35, 5203 }, // U+0426
    { 12, 16, 235, 1, 16, 24, 5238 }, // U+0427
    { 18, 16, 326, 2, 16, 36, 5262 }, // U+0428
    { 19, 20, 334, 2, 16, 48, 5298 }, // U+0429
    { 16, 16, 302, 2, 16, 32, 5346 }, // U+042B
    { 11, 16, 219, 2, 16, 22, 5378 }, // U+042C
    { 14, 16, 246, 0, 16, 28, 5400 }, // U+042D
    { 12, 16, 217, 0, 16, 24, 5428 }, // U+042F
    { 10, 12, 191, 1, 12, 15, 5452 }, // U+0430
    { 11, 16, 201, 1, 16, 22, 5467 }, // U+0431
    { 10, 12, 191, 1, 12, 15, 5489 }, // U+0432
    { 8, 12, 149, 1, 12, 12, 5504 }, // U+0433
    { 13, 16, 215, 1, 12, 26, 5516 }, // U+0434
    { 11, 12, 197, 1, 12, 17, 5542 }, // U+0435
    { 17, 12, 282, 0, 12, 26, 5559 }, // U+0436
    { 10, 12, 170, 0, 12, 15, 5585 }, // U+0437
    { 10, 12, 204, 1, 12, 15, 5600 }, // U+0438
    { 10, 17, 204, 1, 17, 22, 5615 }, // U+0439
    { 11, 12, 190, 1, 12, 17, 5637 }, // U+043A
    { 11, 12, 198, 1, 12, 17, 5654 }, // U+043B
    { 14, 12, 266, 1, 12, 21, 5671 }, // U+043C
    { 10, 12, 203, 1, 12, 15, 5692 }, // U+043D
    { 11, 12, 203, 1, 12, 17, 5707 }, // U+043E
    { 10, 12, 202, 1, 12, 15, 5724 }, // U+043F
    { 11, 16, 208, 1, 12, 22, 5739 }, // U+0440
    { 11, 12, 194, 1, 12, 17, 5761 }, // U+0441
    { 10, 12, 165, 1, 12, 15, 5778 }, // U+0442
    { 12, 16, 196, 0, 12, 24, 5793 }, // U+0443
    { 14, 20, 249, 1, 16, 35, 5817 }, // U+0444
    { 12, 12, 190, 0, 12, 18, 5852 }, // U+0445
    { 11, 16, 212, 1, 12, 22, 5870 }, // U+0446
    { 10, 12, 198, 1, 12, 15, 5892 }, // U+0447
    { 15, 12, 282, 1, 12, 23, 5907 }, // U+0448
    { 17, 16, 290, 1, 12, 34, 5930 }, // U+0449
    { 13, 12, 222, 1, 12, 20, 5964 }, // U+044A
    { 14, 12, 261, 1, 12, 21, 5984 }, // U+044B
    { 10, 12, 193, 1, 12, 15, 6005 }, // U+044C
    { 11, 12, 194, 1, 12, 17, 6020 }, // U+044D
    { 16, 12, 286, 1, 12, 24, 6037 }, // U+044E
    { 11, 12, 190, 0, 12, 17, 6061 }, // U+044F
    { 11, 16, 197, 1, 16, 22, 6078 }, // U+0451
    { 11, 12, 194, 1, 12, 17, 6100 }, // U+0454
    { 3, 17, 87, 1, 17, 7, 6117 }, // U+0456
    { 7, 16, 87, -1, 16, 14, 6124 }, // U+0457
    { 13, 21, 196, 0, 17, 35, 6138 }, // U+045E
    { 8, 15, 149, 1, 15, 15, 6173 }, // U+0491
    { 12, 16, 194, 0, 16, 24, 6188 }, // U+0492
    { 10, 12, 149, 0, 12, 15, 6212 }, // U+0493
    { 14, 20, 247, 2, 16, 35, 6227 }, // U+049A
    { 11, 16, 199, 1, 12, 22, 6262 }, // U+049B
    { 14, 20, 256, 2, 16, 35, 6284 }, // U+04A2
    { 12, 16, 211, 1, 12, 24, 6319 }, // U+04A3
    { 15, 16, 238, 0, 16, 30, 6343 }, // U+04AE
    { 13, 16, 196, 0, 12, 26, 6373 }, // U+04AF
    { 15, 16, 238, 0, 16, 30, 6399 }, // U+04B0
    { 13, 16, 196, 0, 12, 26, 6429 }, // U+04B1
    { 14, 16, 249, 1, 16, 28, 6455 }, // U+04D8
    { 11, 12, 197, 1, 12, 17, 6483 }, // U+04D9
    { 14, 16, 256, 1, 16, 28, 6500 }, // U+04E8
    { 11, 12, 203, 1, 12, 17, 6528 }, // U+04E9
    { 4, 4, 0, 1, -1, 2, 6545 }, // U+0591
    { 4, 4, 0, 1, 18, 2, 6547 }, // U+0592
    { 3, 4, 0, 1, 18, 2, 6549 }, // U+0593
    { 2, 4, 0, 1, 18, 1, 6551 }, // U+0594
    { 5, 4, 0, 0, 18, 3, 6552 }, // U+0595
    { 3, 3, 0, 1, -1, 2, 6555 }, // U+0596
    { 3, 4, 0, 1, 17, 2, 6557 }, // U+0597
    { 6, 4, 0, 1, 17, 3, 6559 }, // U+0598
    { 3, 3, 0, 1, 17, 2, 6562 }, // U+0599
    { 4, 4, 0, 1, -1, 2, 6564 }, // U+059A
    { 4, 4, 0, 0, 0, 2, 6566 }, // U+059B
    { 3, 3, 0, 1, 16, 2, 6568 }, // U+059C
    { 3, 3, 0, 1, 16, 2, 6570 }, // U+059D
    { 7, 3, 0, 1, 16, 3, 6572 }, // U+059E
    { 9, 5, 0, 1, 18, 6, 6575 }, // U+059F
    { 5, 5, 0, 1, 18, 4, 6581 }, // U+05A0
    { 4, 3, 0, 1, 16, 2, 6585 }, // U+05A1
    { 4, 4, 0, 1, -1, 2, 6587 }, // U+05A2
    { 4, 4, 0, 0, -1, 2, 6589 }, // U+05A3
    { 4, 4, 0, 1, -1, 2, 6591 }, // U+05A4
    { 3, 3, 0, 1, -1, 2, 6593 }, // U+05A5
    { 7, 3, 0, 0, -2, 3, 6595 }, // U+05A6
    { 4, 5, 0, 1, -1, 3, 6598 }, // U+05A7
    { 3, 3, 0, 1, 16, 2, 6601 }, // U+05A8
    { 5, 5, 0, 1, 18, 4, 6603 }, // U+05A9
    { 4, 4, 0, 1, -1, 2, 6607 }, // U+05AA
    { 4, 4, 0, 1, 17, 2, 6609 }, // U+05AB
    { 4, 4, 0, 0, 17, 2, 6611 }, // U+05AC
    { 3, 3, 0, 1, -1, 2, 6613 }, // U+05AD
    { 6, 4, 0, 1, 17, 3, 6615 }, // U+05AE
    { 4, 4, 0, 1, 17, 2, 6618 }, // U+05AF
    { 2, 4, 0, 1, -2, 1, 6620 }, // U+05B0
    { 7, 4, 0, 1, -2, 4, 6621 }, // U+05B1
    { 7, 4, 0, 1, -2, 4, 6625 }, // U+05B2
    { 7, 3, 0, 1, -2, 3, 6629 }, // U+05B3
    { 2, 2, 0, 1, -2, 1, 6632 }, // U+05B4
    { 5, 2, 0, 1, -2, 2, 6633 }, // U+05B5
    { 5, 4, 0, 1, -2, 3, 6635 }, // U+05B6
    { 4, 2, 0, 1, -2, 1, 6638 }, // U+05B7
    { 4, 4, 0, 1, -2, 2, 6639 }, // U+05B8
    { 2, 2, 0, 1, 15, 1, 6641 }, // U+05B9
    { 2, 2, 0, 1, 15, 1, 6642 }, // U+05BA
    { 6, 4, 0, 1, -2, 3, 6643 }, // U+05BB
    { 2, 2, 0, 1, 7, 1, 6646 }, // U+05BC
    { 2, 3, 0, 0, -2, 1, 6647 }, // U+05BD
    { 6, 3, 108, 1, 13, 3, 6648 }, // U+05BE
    { 5, 2, 0, 1, 15, 2, 6651 }, // U+05BF
    { 3, 21, 172, 4, 16, 8, 6653 }, // U+05C0
    { 2, 2, 0, 1, 15, 1, 6661 }, // U+05C1
    { 2, 2, 0, 1, 15, 1, 6662 }, // U+05C2
    { 4, 12, 91, 1, 12, 6, 6663 }, // U+05C3
    { 2, 2, 0, 1, 15, 1, 6669 }, // U+05C4
    { 2, 2, 0, 1, -2, 1, 6670 }, // U+05C5
    { 7, 13, 148, 2, 13, 12, 6671 }, // U+05C6
    { 4, 3, 0, 1, -2, 2, 6683 }, // U+05C7
    { 14, 13, 225, 0, 13, 23, 6685 }, // U+05D0
    { 12, 13, 198, 0, 13, 20, 6708 }, // U+05D1
    { 8, 14, 137, 1, 13, 14, 6728 }, // U+05D2
    { 12, 13, 190, 0, 13, 20, 6742 }, // U+05D3
    { 13, 13, 219, 0, 13, 22, 6762 }, // U+05D4
    { 6, 13, 113, 0, 13, 10, 6784 }, // U+05D5
    { 7, 13, 124, 0, 13, 12, 6794 }, // U+05D6
    { 14, 13, 229, 0, 13, 23, 6806 }, // U+05D7
    { 12, 13, 220, 1, 13, 20, 6829 }, // U+05D8
    { 6, 8, 111, 0, 13, 6, 6849 }, // U+05D9
    { 11, 17, 190, 1, 13, 24, 6855 }, // U+05DA
    { 11, 13, 176, 0, 13, 18, 6879 }, // U+05DB
    { 11, 17, 185, 1, 17, 24, 6897 }, // U+05DC
    { 14, 13, 234, 0, 13, 23, 6921 }, // U+05DD
    { 15, 13, 234, 0, 13, 25, 6944 }, // U+05DE
    { 6, 17, 118, 0, 13, 13, 6969 }, // U+05DF
    { 7, 13, 135, 1, 13, 12, 6982 }, // U+05E0
    { 13, 13, 227, 0, 13, 22, 6994 }, // U+05E1
    { 13, 15, 210, 0, 14, 25, 7016 }, // U+05E2
    { 12, 17, 218, 1, 13, 26, 7041 }, // U+05E3
    { 12, 13, 209, 1, 13, 20, 7067 }, // U+05E4
    { 12, 17, 196, 0, 13, 26, 7087 }, // U+05E5
    { 12, 13, 197, 0, 13, 20, 7113 }, // U+05E6
    { 13, 17, 218, 0, 13, 28, 7133 }, // U+05E7
    { 11, 13, 181, 0, 13, 18, 7161 }, // U+05E8
    { 14, 13, 262, 1, 13, 23, 7179 }, // U+05E9
    { 14, 13, 241, 0, 13, 23, 7202 }, // U+05EA
    { 15, 12, 254, 0, 17, 23, 7225 }, // U+05EF
    { 13, 13, 223, 0, 13, 22, 7248 }, // U+05F0
    { 13, 13, 234, 0, 13, 22, 7270 }, // U+05F1
    { 13, 8, 235, 0, 13, 13, 7292 }, // U+05F2
    { 5, 6, 74, 0, 13, 4, 7305 }, // U+05F3
    { 9, 6, 148, 0, 13, 7, 7309 }, // U+05F4
    { 23, 6, 379, 1, 6, 18, 7316 }, // U+0600
    { 34, 6, 548, 1, 1, 26, 7334 }, // U+0601
    { 25, 5, 411, 1, 5, 16, 7360 }, // U+0602
    { 22, 6, 361, 1, 4, 17, 7376 }, // U+0603
    { 48, 13, 774, 1, 10, 78, 7393 }, // U+0604
    { 21, 4, 333, 0, 20, 11, 7471 }, // U+0605
    { 13, 16, 179, -1, 15, 26, 7482 }, // U+0606
    { 12, 16, 179, -1, 15, 24, 7508 }, // U+0607
    { 19, 15, 331, 1, 9, 36, 7532 }, // U+0608
    { 12, 13, 184, 0, 11, 20, 7568 }, // U+0609
    { 15, 13, 241, 0, 11, 25, 7588 }, // U+060A
    { 9, 21, 140, -1, 14, 24, 7613 }, // U+060B
    { 3, 6, 71, 1, 5, 3, 7637 }, // U+060C
    { 4, 8, 100, 1, 4, 4, 7640 }, // U+060D
    { 17, 7, 285, 1, 7, 15, 7644 }, // U+060E
    { 12, 18, 216, 0, 11, 27, 7659 }, // U+060F
    { 5, 5, 0, 0, 20, 4, 7686 }, // U+0610
    { 5, 4, 0, -1, 20, 3, 7690 }, // U+0611
    { 7, 5, 0, -1, 20, 5, 7693 }, // U+0612
    { 7, 6, 0, 0, 20, 6, 7698 }, // U+0613
    { 8, 3, 0, 0, 19, 3, 7704 }, // U+0614
    { 6, 5, 0, -1, 27, 4, 7707 }, // U+0615
    { 9, 7, 0, -1, 29, 8, 7711 }, // U+0616
    { 3, 7, 0, 0, 29, 3, 7719 }, // U+0617
    { 3, 3, 0, 0, 18, 2, 7722 }, // U+0618
    { 4, 4, 0, 0, 19, 2, 7724 }, // U+0619
    { 4, 3, 0, -1, 0, 2, 7726 }, // U+061A
    { 3, 12, 71, 1, 10, 5, 7728 }, // U+061B
    { 0, 0, 0, 0, 0, 0, 7733 }, // U+061C
    { 7, 12, 144, 1, 12, 11, 7733 }, // U+061D
    { 6, 6, 119, 0, 4, 5, 7744 }, // U+061E
    { 7, 14, 142, 1, 12, 13, 7749 }, // U+061F
    { 11, 13, 181, 1, 8, 18, 7762 }, // U+0620
    { 8, 8, 146, 1, 6, 8, 7780 }, // U+0621
    { 7, 18, 79, -1, 17, 16, 7788 }, // U+0622
    { 3, 19, 79, 1, 19, 8, 7804 }, // U+0623
    { 9, 15, 156, 0, 11, 17, 7812 }, // U+0624
    { 3, 20, 79, 1, 14, 8, 7829 }, // U+0625
    { 11, 13, 206, 1, 8, 18, 7837 }, // U+0626
    { 3, 14, 79, 1, 14, 6, 7855 }, // U+0627
    { 14, 14, 257, 1, 9, 25, 7861 }, // U+0628
    { 8, 13, 136, 0, 13, 13, 7886 }, // U+0629
    { 14, 10, 257, 1, 10, 18, 7899 }, // U+062A
    { 14, 11, 257, 1, 11, 20, 7917 }, // U+062B
    { 13, 14, 212, 1, 8, 23, 7937 }, // U+062C
    { 13, 14, 212, 1, 8, 23, 7960 }, // U+062D
    { 13, 19, 212, 1, 13, 31, 7983 }, // U+062E
    { 7, 9, 138, 1, 9, 8, 8014 }, // U+062F
    { 7, 13, 138, 1, 13, 12, 8022 }, // U+0630
    { 8, 12, 129, -1, 8, 12, 8034 }, // U+0631
    { 8, 16, 129, -1, 12, 16, 8046 }, // U+0632
    { 19, 14, 338, 1, 8, 34, 8062 }, // U+0633
    { 19, 17, 338, 1, 11, 41, 8096 }, // U+0634
    { 21, 14, 365, 1, 8, 37, 8137 }, // U+0635
    { 21, 19, 365, 1, 13, 50, 8174 }, // U+0636
    { 15, 15, 256, 0, 15, 29, 8224 }, // U+0637
    { 15, 15, 256, 0, 15, 29, 8253 }, // U+0638
    { 12, 16, 201, 1, 10, 24, 8282 }, // U+0639
    { 12, 21, 201, 1, 15, 32, 8306 }, // U+063A
    { 14, 15, 241, 1, 15, 27, 8338 }, // U+063B
    { 14, 20, 241, 1, 14, 35, 8365 }, // U+063C
    { 11, 13, 206, 1, 8, 18, 8400 }, // U+063D
    { 13, 13, 206, -1, 8, 22, 8418 }, // U+063E
    { 12, 13, 206, 0, 8, 20, 8440 }, // U+063F
    { 5, 2, 70, 0, 2, 2, 8460 }, // U+0640
    { 16, 15, 283, 1, 15, 30, 8462 }, // U+0641
    { 11, 17, 216, 1, 11, 24, 8492 }, // U+0642
    { 10, 14, 186, 1, 14, 18, 8516 }, // U+0643
    { 10, 20, 198, 1, 15, 25, 8534 }, // U+0644
    { 9, 14, 163, 1, 7, 16, 8559 }, // U+0645
    { 10, 14, 195, 1, 9, 18, 8575 }, // U+0646
    { 12, 11, 210, 0, 10, 17, 8593 }, // U+0647
    { 9, 11, 156, 0, 7, 13, 8610 }, // U+0648
    { 11, 13, 206, 1, 8, 18, 8623 }, // U+0649
    { 11, 17, 206, 1, 8, 24, 8641 }, // U+064A
    { 5, 5, 0, 1, 20, 4, 8665 }, // U+064B
    { 6, 5, 0, -1, 20, 4, 8669 }, // U+064C
    { 5, 5, 0, 0, 0, 4, 8673 }, // U+064D
    { 5, 4, 0, 0, 19, 3, 8677 }, // U+064E
    { 5, 5, 0, -1, 20, 4, 8680 }, // U+064F
    { 5, 4, 0, 0, 0, 3, 8684 }, // U+0650
    { 4, 3, 0, 0, 18, 2, 8687 }, // U+0651
    { 4, 3, 0, 0, 18, 2, 8689 }, // U+0652
    { 7, 3, 0, -1, 18, 3, 8691 }, // U+0653
    { 3, 5, 0, 0, 19, 2, 8694 }, // U+0654
    { 3, 5, 0, 0, -1, 2, 8696 }, // U+0655
    { 1, 6, 0, 0, 0, 1, 8698 }, // U+0656
    { 5, 4, 0, 0, 19, 3, 8699 }, // U+0657
    { 4, 3, 0, 0, 19, 2, 8702 }, // U+0658
    { 6, 2, 0, -1, 18, 2, 8704 }, // U+0659
    { 5, 5, 0, 0, 20, 4, 8706 }, // U+065A
    { 4, 5, 0, 0, 20, 3, 8710 }, // U+065B
    { 3, 3, 0, 0, -1, 2, 8713 }, // U+065C
    { 5, 5, 0, -1, 20, 4, 8715 }, // U+065D
    { 6, 5, 0, -1, 20, 4, 8719 }, // U+065E
    { 5, 5, 0, -1, 0, 4, 8723 }, // U+065F
    { 4, 5, 105, 1, 7, 3, 8727 }, // U+0660
    { 3, 12, 105, 2, 12, 5, 8730 }, // U+0661
    { 6, 13, 138, 2, 12, 10, 8735 }, // U+0662
    { 9, 13, 159, 1, 12, 15, 8745 }, // U+0663
    { 7, 13, 140, 1, 13, 12, 8760 }, // U+0664
    { 6, 9, 127, 1, 10, 7, 8772 }, // U+0665
    { 8, 13, 148, 0, 13, 13, 8779 }, // U+0666
    { 9, 12, 145, 0, 12, 14, 8792 }, // U+0667
    { 9, 12, 145, 0, 12, 14, 8806 }, // U+0668
    { 7, 13, 144, 1, 12, 12, 8820 }, // U+0669
    { 8, 13, 134, 0, 11, 13, 8832 }, // U+066A
    { 5, 9, 74, -1, 4, 6, 8845 }, // U+066B
    { 5, 10, 74, 0, 13, 7, 8851 }, // U+066C
    { 8, 8, 133, 0, 9, 8, 8858 }, // U+066D
    { 14, 9, 257, 1, 9, 16, 8866 }, // U+066E
    { 11, 13, 216, 1, 7, 18, 8882 }, // U+066F
    { 1, 7, 0, 0, 22, 1, 8900 }, // U+0670
    { 5, 20, 79, 0, 19, 13, 8901 }, // U+0671
    { 5, 19, 79, 0, 19, 12, 8914 }, // U+0672
    { 5, 21, 79, 0, 15, 14, 8926 }, // U+0673
    { 8, 8, 146, 1, 11, 8, 8940 }, // U+0674
    { 14, 16, 225, 1, 15, 28, 8948 }, // U+0675
    { 19, 15, 302, 0, 11, 36, 8976 }, // U+0676
    { 19, 17, 302, 0, 13, 41, 9012 }, // U+0677
    { 21, 16, 352, 1, 11, 42, 9053 }, // U+0678
    { 14, 11, 257, 1, 11, 20, 9095 }, // U+0679
    { 14, 12, 257, 1, 12, 21, 9115 }, // U+067A
    { 14, 15, 257, 1, 9, 27, 9136 }, // U+067B
    { 14, 12, 257, 1, 10, 21, 9163 }, // U+067C
    { 14, 11, 257, 1, 11, 20, 9184 }, // U+067D
    { 14, 15, 257, 1, 9, 27, 9204 }, // U+067E
    { 14, 11, 257, 1, 11, 20, 9231 }, // U+067F
    { 14, 14, 257, 1, 9, 25, 9251 }, // U+0680
    { 12, 18, 212, 1, 12, 27, 9276 }, // U+0681
    { 13, 20, 212, 1, 14, 33, 9303 }, // U+0682
    { 13, 14, 212, 1, 8, 23, 9336 }, // U+0683
    { 13, 14, 212, 1, 8, 23, 9359 }, // U+0684
    { 13, 20, 212, 1, 14, 33, 9382 }, // U+0685
    { 13, 14, 212, 1, 8, 23, 9415 }, // U+0686
    { 13, 14, 212, 1, 8, 23, 9438 }, // U+0687
    { 8, 14, 138, 0, 14, 14, 9461 }, // U+0688
    { 7, 11, 138, 1, 9, 10, 9475 }, // U+0689
    { 7, 14, 138, 1, 9, 13, 9485 }, // U+068A
    { 8, 19, 138, 0, 14, 19, 9498 }, // U+068B
    { 7, 13, 138, 1, 13, 12, 9517 }, // U+068C
    { 7, 13, 138, 1, 9, 12, 9529 }, // U+068D
    { 7, 14, 138, 1, 14, 13, 9541 }, // U+068E
    { 7, 14, 138, 1, 14, 13, 9554 }, // U+068F
    { 7, 14, 138, 1, 14, 13, 9567 }, // U+0690
    { 9, 17, 129, -1, 13, 20, 9580 }, // U+0691
    { 8, 17, 129, -1, 13, 17, 9600 }, // U+0692
    { 8, 13, 129, -1, 7, 13, 9617 }, // U+0693
    { 8, 16, 129, -1, 8, 16, 9630 }, // U+0694
    { 8, 17, 129, -1, 8, 17, 9646 }, // U+0695
    { 8, 16, 129, -1, 8, 16, 9663 }, // U+0696
    { 9, 16, 129, -1, 12, 18, 9679 }, // U+0697
    { 8, 17, 129, -1, 13, 17, 9697 }, // U+0698
    { 8, 17, 129, -1, 13, 17, 9714 }, // U+0699
    { 19, 16, 338, 1, 10, 38, 9731 }, // U+069A
    { 19, 14, 338, 1, 8, 34, 9769 }, // U+069B
    { 19, 17, 338, 1, 11, 41, 9803 }, // U+069C
    { 21, 14, 365, 1, 8, 37, 9844 }, // U+069D
    { 21, 20, 365, 1, 14, 53, 9881 }, // U+069E
    { 15, 15, 256, 0, 15, 29, 9934 }, // U+069F
    { 12, 22, 201, 1, 16, 33, 9963 }, // U+06A0
    { 16, 10, 283, 1, 10, 20, 9996 }, // U+06A1
    { 16, 14, 283, 1, 10, 28, 10016 }, // U+06A2
    { 16, 19, 283, 1, 15, 38, 10044 }, // U+06A3
    { 16, 16, 283, 1, 16, 32, 10082 }, // U+06A4
    { 16, 15, 283, 1, 10, 30, 10114 }, // U+06A5
    { 16, 15, 283, 1, 15, 30, 10144 }, // U+06A6
    { 11, 18, 216, 1, 12, 25, 10174 }, // U+06A7
    { 11, 19, 216, 1, 13, 27, 10199 }, // U+06A8
    { 14, 14, 241, 1, 14, 25, 10226 }, // U+06A9
    { 20, 11, 338, 0, 11, 28, 10251 }, // U+06AA
    { 14, 14, 241, 1, 14, 25, 10279 }, // U+06AB
    { 10, 14, 186, 1, 14, 18, 10304 }, // U+06AC
    { 10, 14, 186, 1, 14, 18, 10322 }, // U+06AD
    { 10, 20, 186, 1, 14, 25, 10340 }, // U+06AE
    { 14, 16, 241, 1, 16, 28, 10365 }, // U+06AF
    { 14, 16, 241, 1, 16, 28, 10393 }, // U+06B0
    { 14, 17, 241, 1, 17, 30, 10421 }, // U+06B1
    { 14, 21, 241, 1, 16, 37, 10451 }, // U+06B2
    { 14, 22, 241, 1, 16, 39, 10488 }, // U+06B3
    { 14, 18, 241, 1, 18, 32, 10527 }, // U+06B4
    { 10, 24, 198, 1, 19, 30, 10559 }, // U+06B5
    { 10, 24, 198, 1, 19, 30, 10589 }, // U+06B6
    { 11, 25, 198, 1, 20, 35, 10619 }, // U+06B7
    { 10, 25, 198, 1, 15, 32, 10654 }, // U+06B8
    { 10, 18, 195, 1, 9, 23, 10686 }, // U+06B9
    { 10, 11, 195, 1, 6, 14, 10709 }, // U+06BA
    { 10, 15, 195, 1, 10, 19, 10723 }, // U+06BB
    { 10, 16, 195, 1, 8, 20, 10742 }, // U+06BC
    { 10, 15, 195, 1, 10, 19, 10762 }, // U+06BD
    { 12, 11, 210, 0, 10, 17, 10781 }, // U+06BE
    { 13, 19, 212, 1, 13, 31, 10798 }, // U+06BF
    { 7, 13, 136, 1, 13, 12, 10829 }, // U+06C0
    { 7, 9, 136, 1, 9, 8, 10841 }, // U+06C1
    { 7, 13, 136, 1, 13, 12, 10849 }, // U+06C2
    { 8, 13, 136, 0, 13, 13, 10861 }, // U+06C3
    { 10, 12, 156, 0, 7, 15, 10874 }, // U+06C4
    { 10, 12, 156, -1, 7, 15, 10889 }, // U+06C5
    { 9, 16, 156, 0, 12, 18, 10904 }, // U+06C6
    { 9, 17, 156, 0, 13, 20, 10922 }, // U+06C7
    { 9, 21, 156, 0, 17, 24, 10942 }, // U+06C8
    { 9, 16, 156, 0, 12, 18, 10966 }, // U+06C9
    { 9, 15, 156, 0, 11, 17, 10984 }, // U+06CA
    { 9, 17, 156, 0, 13, 20, 11001 }, // U+06CB
    { 11, 13, 206, 1, 8, 18, 11021 }, // U+06CC
    { 15, 13, 206, -3, 8, 25, 11039 }, // U+06CD
    { 12, 13, 206, 0, 8, 20, 11064 }, // U+06CE
    { 9, 16, 156, 0, 12, 18, 11084 }, // U+06CF
    { 11, 19, 206, 1, 8, 27, 11102 }, // U+06D0
    { 11, 18, 206, 1, 8, 25, 11129 }, // U+06D1
    { 15, 7, 258, 1, 7, 14, 11154 }, // U+06D2
    { 15, 11, 258, 1, 11, 21, 11168 }, // U+06D3
    { 5, 2, 81, 0, 2, 2, 11189 }, // U+06D4
    { 7, 9, 136, 1, 9, 8, 11191 }, // U+06D5
    { 11, 8, 0, 0, 30, 11, 11199 }, // U+06D6
    { 8, 7, 0, 0, 29, 7, 11210 }, // U+06D7
    { 5, 5, 0, 0, 26, 4, 11217 }, // U+06D8
    { 5, 6, 0, 0, 28, 4, 11221 }, // U+06D9
    { 6, 5, 0, -1, 27, 4, 11225 }, // U+06DA
    { 4, 5, 0, 0, 26, 3, 11229 }, // U+06DB
    { 8, 5, 0, 0, 27, 5, 11232 }, // U+06DC
    { 23, 28, 420, 1, 22, 81, 11237 }, // U+06DD
    { 19, 19, 307, 0, 15, 46, 11318 }, // U+06DE
    { 3, 3, 0, 0, 18, 2, 11364 }, // U+06DF
    { 3, 4, 0, 0, 19, 2, 11366 }, // U+06E0
    { 5, 4, 0, -1, 19, 3, 11368 }, // U+06E1
    { 4, 7, 0, -1, 21, 4, 11371 }, // U+06E2
    { 8, 5, 0, 0, -1, 5, 11375 }, // U+06E3
    { 7, 3, 0, -1, 18, 3, 11380 }, // U+06E4
    { 4, 5, 68, 0, 4, 3, 11383 }, // U+06E5
    { 6, 3, 98, 0, 3, 3, 11386 }, // U+06E6
    { 6, 3, 0, 0, 18, 3, 11389 }, // U+06E7
    { 4, 5, 0, 0, 27, 3, 11392 }, // U+06E8
    { 10, 15, 170, 0, 14, 19, 11395 }, // U+06E9
    { 3, 4, 0, 0, 0, 2, 11414 }, // U+06EA
    { 3, 4, 0, 0, 19, 2, 11416 }, // U+06EB
    { 3, 3, 0, 0, 19, 2, 11418 }, // U+06EC
    { 4, 7, 0, -1, 0, 4, 11420 }, // U+06ED
    { 7, 13, 138, 1, 13, 12, 11424 }, // U+06EE
    { 8, 16, 129, -1, 12, 16, 11436 }, // U+06EF
    { 4, 5, 105, 1, 7, 3, 11452 }, // U+06F0
    { 3, 12, 105, 2, 12, 5, 11455 }, // U+06F1
    { 6, 13, 138, 2, 12, 10, 11460 }, // U+06F2
    { 9, 13, 159, 1, 12, 15, 11470 }, // U+06F3
    { 9, 13, 155, 1, 13, 15, 11485 }, // U+06F4
    { 8, 12, 151, 1, 12, 12, 11500 }, // U+06F5
    { 9, 12, 148, 0, 12, 14, 11512 }, // U+06F6
    { 9, 12, 145, 0, 12, 14, 11526 }, // U+06F7
    { 9, 12, 145, 0, 12, 14, 11540 }, // U+06F8
    { 7, 13, 144, 1, 12, 12, 11554 }, // U+06F9
    { 19, 17, 338, 1, 11, 41, 11566 }, // U+06FA
    { 21, 19, 365, 1, 13, 50, 11607 }, // U+06FB
    { 12, 21, 201, 1, 15, 32, 11657 }, // U+06FC
    { 8, 13, 146, 1, 6, 13, 11689 }, // U+06FD
    { 9, 14, 163, 1, 7, 16, 11702 }, // U+06FE
    { 12, 16, 210, 0, 15, 24, 11718 }, // U+06FF
    { 14, 13, 257, 1, 9, 23, 11742 }, // U+0750
    { 14, 16, 257, 1, 11, 28, 11765 }, // U+0751
    { 14, 15, 257, 1, 9, 27, 11793 }, // U+0752
    { 14, 16, 257, 1, 10, 28, 11820 }, // U+0753
    { 14, 15, 257, 1, 10, 27, 11848 }, // U+0754
    { 14, 14, 257, 1, 9, 25, 11875 }, // U+0755
    { 14, 11, 257, 1, 11, 20, 11900 }, // U+0756
    { 13, 18, 212, 1, 12, 30, 11920 }, // U+0757
    { 13, 14, 212, 1, 8, 23, 11950 }, // U+0758
    { 8, 20, 138, 0, 14, 20, 11973 }, // U+0759
    { 7, 14, 138, 1, 9, 13, 11993 }, // U+075A
    { 9, 12, 129, -1, 8, 14, 12006 }, // U+075B
    { 19, 17, 338, 1, 11, 41, 12020 }, // U+075C
    { 12, 20, 201, 1, 14, 30, 12061 }, // U+075D
    { 12, 21, 201, 1, 15, 32, 12091 }, // U+075E
    { 12, 22, 201, 1, 16, 33, 12123 }, // U+075F
    { 16, 14, 283, 1, 10, 28, 12156 }, // U+0760
    { 16, 15, 283, 1, 10, 30, 12184 }, // U+0761
    { 14, 15, 241, 1, 15, 27, 12214 }, // U+0762
    { 14, 16, 241, 1, 16, 28, 12241 }, // U+0763
    { 14, 20, 241, 1, 14, 35, 12269 }, // U+0764
    { 9, 19, 163, 1, 12, 22, 12304 }, // U+0765
    { 9, 14, 163, 1, 7, 16, 12326 }, // U+0766
    { 10, 18, 195, 1, 9, 23, 12342 }, // U+0767
    { 10, 18, 195, 1, 13, 23, 12365 }, // U+0768
    { 10, 18, 195, 1, 13, 23, 12388 }, // U+0769
    { 11, 20, 198, 1, 15, 28, 12411 }, // U+076A
    { 8, 18, 129, -1, 14, 18, 12439 }, // U+076B
    { 9, 16, 129, -1, 12, 18, 12457 }, // U+076C
    { 19, 18, 338, 1, 12, 43, 12475 }, // U+076D
    { 12, 14, 212, 1, 8, 21, 12518 }, // U+076E
    { 13, 14, 212, 1, 8, 23, 12539 }, // U+076F
    { 19, 19, 338, 1, 13, 46, 12562 }, // U+0770
    { 9, 19, 129, -1, 15, 22, 12608 }, // U+0771
    { 12, 20, 212, 1, 14, 30, 12630 }, // U+0772
    { 5, 15, 79, -1, 15, 10, 12660 }, // U+0773
    { 6, 15, 79, -2, 15, 12, 12670 }, // U+0774
    { 11, 15, 206, 1, 10, 21, 12682 }, // U+0775
    { 11, 15, 206, 1, 10, 21, 12703 }, // U+0776
    { 11, 20, 206, 1, 7, 28, 12724 }, // U+0777
    { 10, 15, 156, 0, 11, 19, 12752 }, // U+0778
    { 10, 15, 156, -1, 11, 19, 12771 }, // U+0779
    { 15, 12, 258, 1, 12, 23, 12790 }, // U+077A
    { 16, 12, 258, 1, 12, 24, 12813 }, // U+077B
    { 12, 14, 212, 1, 8, 21, 12837 }, // U+077C
    { 19, 19, 338, 1, 13, 46, 12858 }, // U+077D
    { 19, 17, 338, 1, 11, 41, 12904 }, // U+077E
    { 10, 14, 186, 1, 14, 18, 12945 }, // U+077F
    { 11, 16, 191, 1, 12, 22, 12963 }, // U+1EA1
    { 16, 21, 242, 0, 21, 42, 12985 }, // U+1EA2
    { 10, 17, 191, 1, 17, 22, 13027 }, // U+1EA3
    { 11, 20, 191, 1, 20, 28, 13049 }, // U+1EA5
    { 16, 24, 242, 0, 24, 48, 13077 }, // U+1EA6
    { 10, 20, 191, 1, 20, 25, 13125 }, // U+1EA7
    { 16, 24, 242, 0, 24, 48, 13150 }, // U+1EA8
    { 10, 20, 191, 1, 20, 25, 13198 }, // U+1EA9
    { 10, 20, 191, 1, 20, 25, 13223 }, // U+1EAB
    { 16, 25, 242, 0, 21, 50, 13248 }, // U+1EAC
    { 11, 22, 191, 1, 18, 31, 13298 }, // U+1EAD
    { 16, 24, 242, 0, 24, 48, 13329 }, // U+1EAE
    { 10, 20, 191, 1, 20, 25, 13377 }, // U+1EAF
    { 10, 20, 191, 1, 20, 25, 13402 }, // U+1EB1
    { 10, 20, 191, 1, 20, 25, 13427 }, // U+1EB5
    { 10, 21, 191, 1, 17, 27, 13452 }, // U+1EB7
    { 11, 16, 197, 1, 12, 22, 13479 }, // U+1EB9
    { 11, 17, 197, 1, 17, 24, 13501 }, // U+1EBB
    { 11, 17, 197, 1, 17, 24, 13525 }, // U+1EBD
    { 11, 20, 197, 1, 20, 28, 13549 }, // U+1EBF
    { 10, 24, 202, 2, 24, 30, 13577 }, // U+1EC0
    { 11, 20, 197, 1, 20, 28, 13607 }, // U+1EC1
    { 11, 20, 197, 1, 20, 28, 13635 }, // U+1EC3
    { 11, 22, 197, 1, 18, 31, 13663 }, // U+1EC7
    { 5, 17, 87, 0, 17, 11, 13694 }, // U+1EC9
    { 3, 21, 87, 1, 17, 8, 13705 }, // U+1ECB
    { 14, 20, 256, 1, 16, 35, 13713 }, // U+1ECC
    { 11, 16, 203, 1, 12, 22, 13748 }, // U+1ECD
    { 11, 17, 203, 1, 17, 24, 13770 }, // U+1ECF
    { 14, 24, 256, 1, 24, 42, 13794 }, // U+1ED0
    { 11, 20, 203, 1, 20, 28, 13836 }, // U+1ED1
    { 14, 24, 256, 1, 24, 42, 13864 }, // U+1ED2
    { 11, 20, 203, 1, 20, 28, 13906 }, // U+1ED3
    { 11, 20, 203, 1, 20, 28, 13934 }, // U+1ED5
    { 11, 20, 203, 1, 20, 28, 13962 }, // U+1ED7
    { 14, 25, 256, 1, 21, 44, 13990 }, // U+1ED8
    { 11, 22, 203, 1, 18, 31, 14034 }, // U+1ED9
    { 12, 17, 202, 1, 17, 26, 14065 }, // U+1EDB
    { 12, 17, 202, 1, 17, 26, 14091 }, // U+1EDD
    { 14, 21, 258, 1, 21, 37, 14117 }, // U+1EDE
    { 12, 17, 202, 1, 17, 26, 14154 }, // U+1EDF
    { 12, 16, 202, 1, 16, 24, 14180 }, // U+1EE1
    { 12, 19, 202, 1, 15, 29, 14204 }, // U+1EE3
    { 10, 16, 204, 1, 12, 20, 14233 }, // U+1EE5
    { 12, 21, 245, 2, 21, 32, 14253 }, // U+1EE6
    { 10, 17, 204, 1, 17, 22, 14285 }, // U+1EE7
    { 12, 17, 215, 1, 17, 26, 14307 }, // U+1EE9
    { 12, 17, 215, 1, 17, 26, 14333 }, // U+1EEB
    { 12, 17, 215, 1, 17, 26, 14359 }, // U+1EED
    { 12, 17, 215, 1, 17, 26, 14385 }, // U+1EEF
    { 12, 19, 215, 1, 15, 29, 14411 }, // U+1EF1
    { 1, 16, 0, 0, 15, 2, 14440 }, // U+200C
    { 5, 16, 0, -2, 15, 10, 14442 }, // U+200D
    { 5, 16, 0, 0, 15, 10, 14452 }, // U+200E
    { 5, 16, 0, -4, 15, 10, 14462 }, // U+200F
    { 10, 3, 167, 0, 8, 4, 14472 }, // U+2013
    { 21, 3, 333, 0, 8, 8, 14476 }, // U+2014
    { 5, 6, 98, 1, 16, 4, 14484 }, // U+2018
    { 5, 6, 98, 1, 15, 4, 14488 }, // U+2019
    { 9, 6, 169, 1, 16, 7, 14492 }, // U+201C
    { 9, 6, 167, 1, 15, 7, 14499 }, // U+201D
    { 9, 6, 160, 1, 2, 7, 14506 }, // U+201E
    { 17, 3, 319, 2, 3, 7, 14513 }, // U+2026
    { 7, 19, 84, 0, 19, 17, 14520 }, // U+FB51
    { 17, 12, 272, 1, 6, 26, 14537 }, // U+FB57
    { 7, 14, 114, 0, 8, 13, 14563 }, // U+FB58
    { 8, 11, 120, 0, 5, 11, 14576 }, // U+FB59
    { 14, 14, 222, 1, 8, 25, 14587 }, // U+FB7B
    { 13, 12, 212, 0, 7, 20, 14612 }, // U+FB7C
    { 15, 12, 222, 0, 7, 23, 14632 }, // U+FB7D
    { 10, 17, 135, -1, 13, 22, 14655 }, // U+FB8B
    { 16, 14, 259, 1, 14, 28, 14677 }, // U+FB8F
    { 9, 14, 138, 0, 14, 16, 14705 }, // U+FB90
    { 10, 14, 153, 0, 14, 18, 14721 }, // U+FB91
    { 16, 16, 259, 1, 16, 32, 14739 }, // U+FB93
    { 10, 16, 138, -1, 16, 20, 14771 }, // U+FB94
    { 10, 16, 153, 0, 16, 20, 14791 }, // U+FB95
    { 14, 9, 229, 1, 3, 16, 14811 }, // U+FBFD
    { 7, 13, 114, 0, 8, 12, 14827 }, // U+FBFE
    { 8, 10, 120, 0, 5, 10, 14839 }, // U+FBFF
    { 8, 17, 84, -1, 17, 17, 14849 }, // U+FE82
    { 5, 19, 84, 1, 19, 12, 14866 }, // U+FE84
    { 10, 16, 156, 0, 12, 20, 14878 }, // U+FE86
    { 6, 20, 84, 1, 15, 15, 14898 }, // U+FE88
    { 14, 12, 229, 1, 6, 21, 14913 }, // U+FE8A
    { 6, 12, 92, -1, 12, 9, 14934 }, // U+FE8B
    { 7, 10, 97, 0, 10, 9, 14943 }, // U+FE8C
    { 6, 15, 84, 1, 15, 12, 14952 }, // U+FE8E
    { 17, 11, 272, 1, 6, 24, 14964 }, // U+FE90
    { 5, 13, 92, 0, 8, 9, 14988 }, // U+FE91
    { 7, 10, 97, 0, 5, 9, 14997 }, // U+FE92
    { 9, 13, 151, 1, 13, 15, 15006 }, // U+FE94
    { 17, 10, 272, 1, 10, 22, 15021 }, // U+FE96
    { 6, 12, 92, 0, 12, 9, 15043 }, // U+FE97
    { 8, 10, 120, 0, 10, 10, 15052 }, // U+FE98
    { 17, 11, 272, 1, 11, 24, 15062 }, // U+FE9A
    { 6, 14, 92, 0, 14, 11, 15086 }, // U+FE9B
    { 8, 11, 120, 0, 11, 11, 15097 }, // U+FE9C
    { 14, 14, 222, 1, 8, 25, 15108 }, // U+FE9E
    { 13, 11, 212, 0, 7, 18, 15133 }, // U+FE9F
    { 15, 11, 222, 0, 7, 21, 15151 }, // U+FEA0
    { 14, 14, 222, 1, 8, 25, 15172 }, // U+FEA2
    { 13, 7, 212, 0, 7, 12, 15197 }, // U+FEA3
    { 15, 7, 222, 0, 7, 14, 15209 }, // U+FEA4
    { 14, 18, 222, 1, 12, 32, 15223 }, // U+FEA6
    { 13, 12, 212, 0, 12, 20, 15255 }, // U+FEA7
    { 15, 12, 222, 0, 12, 23, 15275 }, // U+FEA8
    { 10, 9, 158, 1, 9, 12, 15298 }, // U+FEAA
    { 10, 13, 158, 1, 13, 17, 15310 }, // U+FEAC
    { 10, 12, 135, -1, 8, 15, 15327 }, // U+FEAE
    { 10, 16, 135, -1, 12, 20, 15342 }, // U+FEB0
    { 21, 12, 339, 1, 6, 32, 15362 }, // U+FEB2
    { 13, 8, 219, 0, 8, 13, 15394 }, // U+FEB3
    { 15, 6, 221, 0, 6, 12, 15407 }, // U+FEB4
    { 21, 17, 339, 1, 11, 45, 15419 }, // U+FEB6
    { 13, 11, 219, 0, 11, 18, 15464 }, // U+FEB7
    { 15, 11, 221, 0, 11, 21, 15482 }, // U+FEB8
    { 23, 14, 366, 1, 8, 41, 15503 }, // U+FEBA
    { 15, 8, 262, 0, 8, 15, 15544 }, // U+FEBB
    { 17, 8, 259, 0, 8, 17, 15559 }, // U+FEBC
    { 23, 19, 366, 1, 13, 55, 15576 }, // U+FEBE
    { 15, 13, 262, 0, 13, 25, 15631 }, // U+FEBF
    { 17, 13, 259, 0, 13, 28, 15656 }, // U+FEC0
    { 17, 15, 258, 0, 15, 32, 15684 }, // U+FEC2
    { 13, 15, 220, 0, 15, 25, 15716 }, // U+FEC3
    { 14, 15, 210, 0, 15, 27, 15741 }, // U+FEC4
    { 17, 15, 258, 0, 15, 32, 15768 }, // U+FEC6
    { 13, 15, 220, 0, 15, 25, 15800 }, // U+FEC7
    { 14, 15, 210, 0, 15, 27, 15825 }, // U+FEC8
    { 11, 14, 159, 1, 8, 20, 15852 }, // U+FECA
    { 10, 8, 168, 0, 8, 10, 15872 }, // U+FECB
    { 9, 8, 138, 0, 8, 9, 15882 }, // U+FECC
    { 11, 18, 159, 1, 12, 25, 15891 }, // U+FECE
    { 10, 12, 168, 0, 12, 15, 15916 }, // U+FECF
    { 9, 12, 138, 0, 12, 14, 15931 }, // U+FED0
    { 17, 12, 272, 1, 12, 26, 15945 }, // U+FED2
    { 9, 14, 140, -1, 14, 16, 15971 }, // U+FED3
    { 9, 12, 129, 0, 12, 14, 15987 }, // U+FED4
    { 13, 17, 214, 1, 11, 28, 16001 }, // U+FED6
    { 9, 14, 140, -1, 14, 16, 16029 }, // U+FED7
    { 9, 12, 129, 0, 12, 14, 16045 }, // U+FED8
    { 15, 14, 245, 1, 14, 27, 16059 }, // U+FEDA
    { 9, 14, 138, 0, 14, 16, 16086 }, // U+FEDB
    { 10, 14, 153, 0, 14, 18, 16102 }, // U+FEDC
    { 12, 21, 197, 1, 15, 32, 16120 }, // U+FEDE
    { 3, 15, 71, 0, 15, 6, 16152 }, // U+FEDF
    { 6, 15, 82, 0, 15, 12, 16158 }, // U+FEE0
    { 10, 14, 176, 1, 7, 18, 16170 }, // U+FEE2
    { 8, 7, 152, 0, 7, 7, 16188 }, // U+FEE3
    { 9, 7, 138, 0, 7, 8, 16195 }, // U+FEE4
    { 12, 14, 195, 1, 8, 21, 16203 }, // U+FEE6
    { 5, 13, 92, 0, 13, 9, 16224 }, // U+FEE7
    { 7, 10, 97, 0, 10, 9, 16233 }, // U+FEE8
    { 9, 9, 151, 1, 9, 11, 16242 }, // U+FEEA
    { 9, 11, 169, 0, 10, 13, 16253 }, // U+FEEB
    { 8, 14, 127, 0, 9, 14, 16266 }, // U+FEEC
    { 10, 11, 156, 0, 7, 14, 16280 }, // U+FEEE
    { 14, 9, 229, 1, 3, 16, 16294 }, // U+FEF0
    { 14, 13, 229, 1, 3, 23, 16310 }, // U+FEF2
    { 7, 13, 114, 0, 8, 12, 16333 }, // U+FEF3
    { 8, 10, 120, 0, 5, 10, 16345 }, // U+FEF4
    { 12, 15, 173, -2, 15, 23, 16355 }, // U+FEF5
    { 15, 15, 203, -2, 15, 29, 16378 }, // U+FEF6
    { 10, 16, 173, 0, 16, 20, 16407 }, // U+FEF7
    { 13, 16, 203, 1, 16, 26, 16427 }, // U+FEF8
    { 9, 21, 173, 1, 15, 24, 16453 }, // U+FEF9
    { 13, 20, 203, 0, 14, 33, 16477 }, // U+FEFA
    { 9, 15, 173, 1, 15, 17, 16510 }, // U+FEFB
    { 13, 14, 203, 0, 14, 23, 16527 }, // U+FEFC
};

static const EpdUnicodeInterval ui_10_semiboldIntervals[] = {
    { 0x20, 0x7E, 0x0 },
    { 0xA0, 0xA1, 0x5F },
    { 0xAB, 0xAB, 0x61 },
    { 0xB0, 0xB0, 0x62 },
    { 0xB7, 0xB7, 0x63 },
    { 0xBA, 0xBB, 0x64 },
    { 0xBF, 0xC2, 0x66 },
    { 0xC4, 0xC7, 0x6A },
    { 0xC9, 0xCA, 0x6E },
    { 0xCD, 0xCE, 0x70 },
    { 0xD2, 0xD3, 0x72 },
    { 0xD6, 0xD6, 0x74 },
    { 0xD8, 0xDA, 0x75 },
    { 0xDC, 0xDD, 0x78 },
    { 0xDF, 0xEF, 0x7A },
    { 0xF1, 0xF6, 0x8B },
    { 0xF8, 0xFD, 0x91 },
    { 0x103, 0x103, 0x97 },
    { 0x105, 0x105, 0x98 },
    { 0x107, 0x107, 0x99 },
    { 0x10C, 0x111, 0x9A },
    { 0x116, 0x11B, 0xA0 },
    { 0x11E, 0x11F, 0xA6 },
    { 0x129, 0x129, 0xA8 },
    { 0x12E, 0x131, 0xA9 },
    { 0x13A, 0x13A, 0xAD },
    { 0x13D, 0x13E, 0xAE },
    { 0x141, 0x142, 0xB0 },
    { 0x144, 0x144, 0xB2 },
    { 0x148, 0x148, 0xB3 },
    { 0x151, 0x151, 0xB4 },
    { 0x155, 0x155, 0xB5 },
    { 0x158, 0x15B, 0xB6 },
    { 0x15E, 0x161, 0xBA },
    { 0x163, 0x165, 0xBE },
    { 0x16B, 0x16B, 0xC1 },
    { 0x16E, 0x173, 0xC2 },
    { 0x17A, 0x17A, 0xC8 },
    { 0x17C, 0x17E, 0xC9 },
    { 0x1A1, 0x1A1, 0xCC },
    { 0x1B0, 0x1B0, 0xCD },
    { 0x218, 0x21B, 0xCE },
    { 0x404, 0x404, 0xD2 },
    { 0x406, 0x406, 0xD3 },
    { 0x410, 0x429, 0xD4 },
    { 0x42B, 0x42D, 0xEE },
    { 0x42F, 0x44F, 0xF1 },
    { 0x451, 0x451, 0x112 },
    { 0x454, 0x454, 0x113 },
    { 0x456, 0x457, 0x114 },
    { 0x45E, 0x45E, 0x116 },
    { 0x491, 0x493, 0x117 },
    { 0x49A, 0x49B, 0x11A },
    { 0x4A2, 0x4A3, 0x11C },
    { 0x4AE, 0x4B1, 0x11E },
    { 0x4D8, 0x4D9, 0x122 },
    { 0x4E8, 0x4E9, 0x124 },
    { 0x591, 0x5C7, 0x126 },
    { 0x5D0, 0x5EA, 0x15D },
    { 0x5EF, 0x5F4, 0x178 },
    { 0x600, 0x6FF, 0x17E },
    { 0x750, 0x77F, 0x27E },
    { 0x1EA1, 0x1EA3, 0x2AE },
    { 0x1EA5, 0x1EA9, 0x2B1 },
    { 0x1EAB, 0x1EAF, 0x2B6 },
    { 0x1EB1, 0x1EB1, 0x2BB },
    { 0x1EB5, 0x1EB5, 0x2BC },
    { 0x1EB7, 0x1EB7, 0x2BD },
    { 0x1EB9, 0x1EB9, 0x2BE },
    { 0x1EBB, 0x1EBB, 0x2BF },
    { 0x1EBD, 0x1EBD, 0x2C0 },
    { 0x1EBF, 0x1EC1, 0x2C1 },
    { 0x1EC3, 0x1EC3, 0x2C4 },
    { 0x1EC7, 0x1EC7, 0x2C5 },
    { 0x1EC9, 0x1EC9, 0x2C6 },
    { 0x1ECB, 0x1ECD, 0x2C7 },
    { 0x1ECF, 0x1ED3, 0x2CA },
    { 0x1ED5, 0x1ED5, 0x2CF },
    { 0x1ED7, 0x1ED9, 0x2D0 },
    { 0x1EDB, 0x1EDB, 0x2D3 },
    { 0x1EDD, 0x1EDF, 0x2D4 },
    { 0x1EE1, 0x1EE1, 0x2D7 },
    { 0x1EE3, 0x1EE3, 0x2D8 },
    { 0x1EE5, 0x1EE7, 0x2D9 },
    { 0x1EE9, 0x1EE9, 0x2DC },
    { 0x1EEB, 0x1EEB, 0x2DD },
    { 0x1EED, 0x1EED, 0x2DE },
    { 0x1EEF, 0x1EEF, 0x2DF },
    { 0x1EF1, 0x1EF1, 0x2E0 },
    { 0x200C, 0x200F, 0x2E1 },
    { 0x2013, 0x2014, 0x2E5 },
    { 0x2018, 0x2019, 0x2E7 },
    { 0x201C, 0x201E, 0x2E9 },
    { 0x2026, 0x2026, 0x2EC },
    { 0xFB51, 0xFB51, 0x2ED },
    { 0xFB57, 0xFB59, 0x2EE },
    { 0xFB7B, 0xFB7D, 0x2F1 },
    { 0xFB8B, 0xFB8B, 0x2F4 },
    { 0xFB8F, 0xFB91, 0x2F5 },
    { 0xFB93, 0xFB95, 0x2F8 },
    { 0xFBFD, 0xFBFF, 0x2FB },
    { 0xFE82, 0xFE82, 0x2FE },
    { 0xFE84, 0xFE84, 0x2FF },
    { 0xFE86, 0xFE86, 0x300 },
    { 0xFE88, 0xFE88, 0x301 },
    { 0xFE8A, 0xFE8C, 0x302 },
    { 0xFE8E, 0xFE8E, 0x305 },
    { 0xFE90, 0xFE92, 0x306 },
    { 0xFE94, 0xFE94, 0x309 },
    { 0xFE96, 0xFE98, 0x30A },
    { 0xFE9A, 0xFE9C, 0x30D },
    { 0xFE9E, 0xFEA0, 0x310 },
    { 0xFEA2, 0xFEA4, 0x313 },
    { 0xFEA6, 0xFEA8, 0x316 },
    { 0xFEAA, 0xFEAA, 0x319 },
    { 0xFEAC, 0xFEAC, 0x31A },
    { 0xFEAE, 0xFEAE, 0x31B },
    { 0xFEB0, 0xFEB0, 0x31C },
    { 0xFEB2, 0xFEB4, 0x31D },
    { 0xFEB6, 0xFEB8, 0x320 },
    { 0xFEBA, 0xFEBC, 0x323 },
    { 0xFEBE, 0xFEC0, 0x326 },
    { 0xFEC2, 0xFEC4, 0x329 },
    { 0xFEC6, 0xFEC8, 0x32C },
    { 0xFECA, 0xFECC, 0x32F },
    { 0xFECE, 0xFED0, 0x332 },
    { 0xFED2, 0xFED4, 0x335 },
    { 0xFED6, 0xFED8, 0x338 },
    { 0xFEDA, 0xFEDC, 0x33B },
    { 0xFEDE, 0xFEE0, 0x33E },
    { 0xFEE2, 0xFEE4, 0x341 },
    { 0xFEE6, 0xFEE8, 0x344 },
    { 0xFEEA, 0xFEEC, 0x347 },
    { 0xFEEE, 0xFEEE, 0x34A },
    { 0xFEF0, 0xFEF0, 0x34B },
    { 0xFEF2, 0xFEFC, 0x34C },
};

static const EpdKernClassEntry ui_10_semiboldKernLeftClasses[] = {
    { 0x0022, 1 }, // "
    { 0x0024, 2 }, // $
    { 0x0025, 3 }, // %
    { 0x0026, 4 }, // &
    { 0x0027, 1 }, // '
    { 0x0028, 5 }, // (
    { 0x0029, 6 }, // )
    { 0x002A, 7 }, // *
    { 0x002B, 8 }, // +
    { 0x002C, 9 }, // ,
    { 0x002D, 8 }, // -
    { 0x002E, 9 }, // .
    { 0x002F, 10 }, // /
    { 0x0030, 11 }, // 0
    { 0x0031, 12 }, // 1
    { 0x0032, 13 }, // 2
    { 0x0033, 14 }, // 3
    { 0x0034, 15 }, // 4
    { 0x0035, 16 }, // 5
    { 0x0036, 17 }, // 6
    { 0x0037, 18 }, // 7
    { 0x0038, 14 }, // 8
    { 0x0039, 11 }, // 9
    { 0x003A, 19 }, // :
    { 0x003B, 19 }, // ;
    { 0x003D, 20 }, // =
    { 0x003E, 21 }, // >
    { 0x003F, 22 }, // ?
    { 0x0040, 23 }, // @
    { 0x0041, 24 }, // A
    { 0x0042, 25 }, // B
    { 0x0043, 26 }, // C
    { 0x0044, 23 }, // D
    { 0x0045, 27 }, // E
    { 0x0046, 28 }, // F
    { 0x0047, 29 }, // G
    { 0x0048, 12 }, // H
    { 0x0049, 12 }, // I
    { 0x004A, 30 }, // J
    { 0x004B, 31 }, // K
    { 0x004C, 32 }, // L
    { 0x004D, 12 }, // M
    { 0x004E, 12 }, // N
    { 0x004F, 23 }, // O
    { 0x0050, 33 }, // P
    { 0x0051, 23 }, // Q
    { 0x0052, 34 }, // R
    { 0x0053, 2 }, // S
    { 0x0054, 35 }, // T
    { 0x0055, 30 }, // U
    { 0x0056, 36 }, // V
    { 0x0057, 37 }, // W
    { 0x0058, 38 }, // X
    { 0x0059, 39 }, // Y
    { 0x005A, 40 }, // Z
    { 0x005B, 5 }, // [
    { 0x005C, 41 }, // <backslash>
    { 0x005D, 6 }, // ]
    { 0x005E, 7 }, // ^
    { 0x005F, 42 }, // _
    { 0x0061, 43 }, // a
    { 0x0062, 44 }, // b
    { 0x0063, 44 }, // c
    { 0x0064, 12 }, // d
    { 0x0065, 44 }, // e
    { 0x0066, 45 }, // f
    { 0x0067, 46 }, // g
    { 0x0068, 43 }, // h
    { 0x0069, 47 }, // i
    { 0x006A, 47 }, // j
    { 0x006B, 48 }, // k
    { 0x006C, 12 }, // l
    { 0x006D, 43 }, // m
    { 0x006E, 43 }, // n
    { 0x006F, 44 }, // o
    { 0x0070, 44 }, // p
    { 0x0071, 46 }, // q
    { 0x0072, 49 }, // r
    { 0x0073, 50 }, // s
    { 0x0074, 51 }, // t
    { 0x0075, 52 }, // u
    { 0x0076, 53 }, // v
    { 0x0077, 54 }, // w
    { 0x0078, 55 }, // x
    { 0x0079, 53 }, // y
    { 0x007A, 56 }, // z
    { 0x007B, 5 }, // {
    { 0x007C, 12 }, // |
    { 0x007D, 6 }, // }
    { 0x007E, 57 }, // ~
    { 0x00A1, 58 }, // U+00A1
    { 0x00AB, 59 }, // U+00AB
    { 0x00B0, 7 }, // U+00B0
    { 0x00B7, 60 }, // U+00B7
    { 0x00BA, 61 }, // U+00BA
    { 0x00BB, 62 }, // U+00BB
    { 0x00BF, 63 }, // U+00BF
    { 0x00C0, 24 }, // U+00C0
    { 0x00C1, 24 }, // U+00C1
    { 0x00C2, 24 }, // U+00C2
    { 0x00C4, 24 }, // U+00C4
    { 0x00C5, 24 }, // U+00C5
    { 0x00C6, 27 }, // U+00C6
    { 0x00C7, 26 }, // U+00C7
    { 0x00C9, 27 }, // U+00C9
    { 0x00CA, 27 }, // U+00CA
    { 0x00CD, 12 }, // U+00CD
    { 0x00CE, 64 }, // U+00CE
    { 0x00D2, 23 }, // U+00D2
    { 0x00D3, 23 }, // U+00D3
    { 0x00D6, 23 }, // U+00D6
    { 0x00D8, 23 }, // U+00D8
    { 0x00D9, 30 }, // U+00D9
    { 0x00DA, 30 }, // U+00DA
    { 0x00DC, 30 }, // U+00DC
    { 0x00DD, 39 }, // U+00DD
    { 0x00DF, 65 }, // U+00DF
    { 0x00E0, 43 }, // U+00E0
    { 0x00E1, 43 }, // U+00E1
    { 0x00E2, 43 }, // U+00E2
    { 0x00E3, 43 }, // U+00E3
    { 0x00E4, 43 }, // U+00E4
    { 0x00E5, 43 }, // U+00E5
    { 0x00E6, 66 }, // U+00E6
    { 0x00E7, 44 }, // U+00E7
    { 0x00E8, 44 }, // U+00E8
    { 0x00E9, 44 }, // U+00E9
    { 0x00EA, 44 }, // U+00EA
    { 0x00EB, 44 }, // U+00EB
    { 0x00EC, 47 }, // U+00EC
    { 0x00ED, 47 }, // U+00ED
    { 0x00EE, 67 }, // U+00EE
    { 0x00EF, 68 }, // U+00EF
    { 0x00F1, 69 }, // U+00F1
    { 0x00F2, 44 }, // U+00F2
    { 0x00F3, 44 }, // U+00F3
    { 0x00F4, 44 }, // U+00F4
    { 0x00F5, 70 }, // U+00F5
    { 0x00F6, 70 }, // U+00F6
    { 0x00F8, 44 }, // U+00F8
    { 0x00F9, 52 }, // U+00F9
    { 0x00FA, 52 }, // U+00FA
    { 0x00FB, 52 }, // U+00FB
    { 0x00FC, 52 }, // U+00FC
    { 0x00FD, 53 }, // U+00FD
    { 0x0103, 43 }, // U+0103
    { 0x0105, 43 }, // U+0105
    { 0x0107, 44 }, // U+0107
    { 0x010C, 26 }, // U+010C
    { 0x010D, 44 }, // U+010D
    { 0x010E, 23 }, // U+010E
    { 0x010F, 71 }, // U+010F
    { 0x0111, 72 }, // U+0111
    { 0x0116, 27 }, // U+0116
    { 0x0117, 44 }, // U+0117
    { 0x0118, 27 }, // U+0118
    { 0x0119, 44 }, // U+0119
    { 0x011A, 27 }, // U+011A
    { 0x011B, 44 }, // U+011B
    { 0x011E, 29 }, // U+011E
    { 0x011F, 46 }, // U+011F
    { 0x0129, 73 }, // U+0129
    { 0x012E, 12 }, // U+012E
    { 0x012F, 47 }, // U+012F
    { 0x0130, 12 }, // U+0130
    { 0x0131, 47 }, // U+0131
    { 0x013A, 12 }, // U+013A
    { 0x013D, 74 }, // U+013D
    { 0x013E, 12 }, // U+013E
    { 0x0141, 75 }, // U+0141
    { 0x0142, 76 }, // U+0142
    { 0x0144, 43 }, // U+0144
    { 0x0148, 43 }, // U+0148
    { 0x0151, 44 }, // U+0151
    { 0x0155, 49 }, // U+0155
    { 0x0158, 34 }, // U+0158
    { 0x0159, 49 }, // U+0159
    { 0x015A, 2 }, // U+015A
    { 0x015B, 50 }, // U+015B
    { 0x015E, 2 }, // U+015E
    { 0x015F, 50 }, // U+015F
    { 0x0160, 2 }, // U+0160
    { 0x0161, 50 }, // U+0161
    { 0x0163, 51 }, // U+0163
    { 0x0164, 77 }, // U+0164
    { 0x0165, 51 }, // U+0165
    { 0x016B, 52 }, // U+016B
    { 0x016E, 30 }, // U+016E
    { 0x016F, 52 }, // U+016F
    { 0x0170, 30 }, // U+0170
    { 0x0171, 52 }, // U+0171
    { 0x0172, 30 }, // U+0172
    { 0x0173, 52 }, // U+0173
    { 0x017A, 56 }, // U+017A
    { 0x017C, 56 }, // U+017C
    { 0x017D, 40 }, // U+017D
    { 0x017E, 56 }, // U+017E
    { 0x01A1, 78 }, // U+01A1
    { 0x01B0, 79 }, // U+01B0
    { 0x0218, 2 }, // U+0218
    { 0x0219, 50 }, // U+0219
    { 0x021A, 35 }, // U+021A
    { 0x021B, 51 }, // U+021B
    { 0x0404, 80 }, // U+0404
    { 0x0406, 12 }, // U+0406
    { 0x0410, 24 }, // U+0410
    { 0x0411, 25 }, // U+0411
    { 0x0412, 25 }, // U+0412
    { 0x0413, 35 }, // U+0413
    { 0x0414, 81 }, // U+0414
    { 0x0415, 27 }, // U+0415
    { 0x0416, 82 }, // U+0416
    { 0x0417, 14 }, // U+0417
    { 0x0418, 12 }, // U+0418
    { 0x0419, 12 }, // U+0419
    { 0x041A, 31 }, // U+041A
    { 0x041B, 12 }, // U+041B
    { 0x041C, 12 }, // U+041C
    { 0x041D, 12 }, // U+041D
    { 0x041E, 23 }, // U+041E
    { 0x041F, 12 }, // U+041F
    { 0x0420, 33 }, // U+0420
    { 0x0421, 26 }, // U+0421
    { 0x0422, 35 }, // U+0422
    { 0x0423, 39 }, // U+0423
    { 0x0424, 83 }, // U+0424
    { 0x0425, 38 }, // U+0425
    { 0x0426, 81 }, // U+0426
    { 0x0427, 12 }, // U+0427
    { 0x0428, 12 }, // U+0428
    { 0x0429, 81 }, // U+0429
    { 0x042B, 12 }, // U+042B
    { 0x042C, 44 }, // U+042C
    { 0x042D, 23 }, // U+042D
    { 0x0430, 43 }, // U+0430
    { 0x0432, 50 }, // U+0432
    { 0x0433, 49 }, // U+0433
    { 0x0434, 84 }, // U+0434
    { 0x0435, 44 }, // U+0435
    { 0x0436, 55 }, // U+0436
    { 0x0437, 43 }, // U+0437
    { 0x0438, 43 }, // U+0438
    { 0x0439, 43 }, // U+0439
    { 0x043A, 48 }, // U+043A
    { 0x043B, 43 }, // U+043B
    { 0x043C, 43 }, // U+043C
    { 0x043D, 43 }, // U+043D
    { 0x043E, 44 }, // U+043E
    { 0x043F, 43 }, // U+043F
    { 0x0440, 44 }, // U+0440
    { 0x0441, 44 }, // U+0441
    { 0x0442, 85 }, // U+0442
    { 0x0443, 53 }, // U+0443
    { 0x0444, 44 }, // U+0444
    { 0x0445, 55 }, // U+0445
    { 0x0446, 84 }, // U+0446
    { 0x0447, 43 }, // U+0447
    { 0x0448, 43 }, // U+0448
    { 0x0449, 84 }, // U+0449
    { 0x044A, 86 }, // U+044A
    { 0x044B, 47 }, // U+044B
    { 0x044C, 86 }, // U+044C
    { 0x044D, 44 }, // U+044D
    { 0x044E, 44 }, // U+044E
    { 0x044F, 43 }, // U+044F
    { 0x0451, 44 }, // U+0451
    { 0x0454, 44 }, // U+0454
    { 0x0456, 47 }, // U+0456
    { 0x0457, 68 }, // U+0457
    { 0x045E, 53 }, // U+045E
    { 0x0491, 49 }, // U+0491
    { 0x0492, 35 }, // U+0492
    { 0x0493, 49 }, // U+0493
    { 0x049A, 31 }, // U+049A
    { 0x049B, 48 }, // U+049B
    { 0x04A2, 51 }, // U+04A2
    { 0x04A3, 51 }, // U+04A3
    { 0x04AE, 39 }, // U+04AE
    { 0x04AF, 53 }, // U+04AF
    { 0x04B0, 87 }, // U+04B0
    { 0x04B1, 53 }, // U+04B1
    { 0x04D9, 44 }, // U+04D9
    { 0x04E8, 23 }, // U+04E8
    { 0x04E9, 44 }, // U+04E9
    { 0x05D0, 88 }, // U+05D0
    { 0x05D1, 89 }, // U+05D1
    { 0x05D2, 90 }, // U+05D2
    { 0x05D3, 91 }, // U+05D3
    { 0x05D5, 92 }, // U+05D5
    { 0x05D6, 93 }, // U+05D6
    { 0x05D8, 94 }, // U+05D8
    { 0x05D9, 95 }, // U+05D9
    { 0x05DB, 96 }, // U+05DB
    { 0x05DC, 97 }, // U+05DC
    { 0x05DE, 98 }, // U+05DE
    { 0x05E0, 99 }, // U+05E0
    { 0x05E1, 100 }, // U+05E1
    { 0x05E2, 101 }, // U+05E2
    { 0x05E4, 102 }, // U+05E4
    { 0x05E6, 103 }, // U+05E6
    { 0x05E8, 104 }, // U+05E8
    { 0x05E9, 105 }, // U+05E9
    { 0x05EA, 106 }, // U+05EA
    { 0x1EA1, 43 }, // U+1EA1
    { 0x1EA2, 24 }, // U+1EA2
    { 0x1EA3, 43 }, // U+1EA3
    { 0x1EA5, 43 }, // U+1EA5
    { 0x1EA6, 24 }, // U+1EA6
    { 0x1EA7, 43 }, // U+1EA7
    { 0x1EA8, 24 }, // U+1EA8
    { 0x1EA9, 43 }, // U+1EA9
    { 0x1EAB, 43 }, // U+1EAB
    { 0x1EAC, 24 }, // U+1EAC
    { 0x1EAD, 43 }, // U+1EAD
    { 0x1EAE, 24 }, // U+1EAE
    { 0x1EAF, 43 }, // U+1EAF
    { 0x1EB1, 43 }, // U+1EB1
    { 0x1EB5, 43 }, // U+1EB5
    { 0x1EB7, 43 }, // U+1EB7
    { 0x1EB9, 44 }, // U+1EB9
    { 0x1EBB, 44 }, // U+1EBB
    { 0x1EBD, 44 }, // U+1EBD
    { 0x1EBF, 44 }, // U+1EBF
    { 0x1EC0, 27 }, // U+1EC0
    { 0x1EC1, 44 }, // U+1EC1
    { 0x1EC3, 44 }, // U+1EC3
    { 0x1EC7, 44 }, // U+1EC7
    { 0x1EC9, 107 }, // U+1EC9
    { 0x1ECB, 47 }, // U+1ECB
    { 0x1ECC, 23 }, // U+1ECC
    { 0x1ECD, 44 }, // U+1ECD
    { 0x1ECF, 44 }, // U+1ECF
    { 0x1ED0, 23 }, // U+1ED0
    { 0x1ED1, 44 }, // U+1ED1
    { 0x1ED2, 23 }, // U+1ED2
    { 0x1ED3, 44 }, // U+1ED3
    { 0x1ED5, 44 }, // U+1ED5
    { 0x1ED7, 44 }, // U+1ED7
    { 0x1ED8, 23 }, // U+1ED8
    { 0x1ED9, 44 }, // U+1ED9
    { 0x1EDB, 44 }, // U+1EDB
    { 0x1EDD, 44 }, // U+1EDD
    { 0x1EDE, 23 }, // U+1EDE
    { 0x1EDF, 44 }, // U+1EDF
    { 0x1EE1, 44 }, // U+1EE1
    { 0x1EE3, 44 }, // U+1EE3
    { 0x1EE5, 52 }, // U+1EE5
    { 0x1EE6, 30 }, // U+1EE6
    { 0x1EE7, 52 }, // U+1EE7
    { 0x1EE9, 52 }, // U+1EE9
    { 0x1EEB, 52 }, // U+1EEB
    { 0x1EED, 79 }, // U+1EED
    { 0x1EEF, 52 }, // U+1EEF
    { 0x1EF1, 52 }, // U+1EF1
    { 0x2018, 108 }, // U+2018
    { 0x2019, 109 }, // U+2019
    { 0x201C, 108 }, // U+201C
    { 0x201D, 109 }, // U+201D
    { 0x201E, 110 }, // U+201E
    { 0x2026, 9 }, // U+2026
};

static const EpdKernClassEntry ui_10_semiboldKernRightClasses[] = {
    { 0x0020, 1 }, // U+0020
    { 0x0021, 2 }, // !
    { 0x0022, 3 }, // "
    { 0x0023, 4 }, // #
    { 0x0024, 5 }, // $
    { 0x0026, 6 }, // &
    { 0x0027, 3 }, // '
    { 0x0028, 7 }, // (
    { 0x0029, 8 }, // )
    { 0x002A, 9 }, // *
    { 0x002B, 10 }, // +
    { 0x002C, 11 }, // ,
    { 0x002D, 12 }, // -
    { 0x002E, 13 }, // .
    { 0x002F, 14 }, // /
    { 0x0030, 15 }, // 0
    { 0x0031, 16 }, // 1
    { 0x0032, 17 }, // 2
    { 0x0033, 18 }, // 3
    { 0x0034, 19 }, // 4
    { 0x0035, 20 }, // 5
    { 0x0036, 15 }, // 6
    { 0x0037, 21 }, // 7
    { 0x0038, 22 }, // 8
    { 0x0039, 23 }, // 9
    { 0x003A, 24 }, // :
    { 0x003B, 24 }, // ;
    { 0x003C, 25 }, // <
    { 0x003D, 26 }, // =
    { 0x003F, 27 }, // ?
    { 0x0040, 28 }, // @
    { 0x0041, 29 }, // A
    { 0x0042, 30 }, // B
    { 0x0043, 31 }, // C
    { 0x0044, 30 }, // D
    { 0x0045, 30 }, // E
    { 0x0046, 30 }, // F
    { 0x0047, 31 }, // G
    { 0x0048, 30 }, // H
    { 0x0049, 30 }, // I
    { 0x004A, 32 }, // J
    { 0x004B, 30 }, // K
    { 0x004C, 30 }, // L
    { 0x004D, 30 }, // M
    { 0x004E, 30 }, // N
    { 0x004F, 31 }, // O
    { 0x0050, 30 }, // P
    { 0x0051, 31 }, // Q
    { 0x0052, 30 }, // R
    { 0x0053, 5 }, // S
    { 0x0054, 33 }, // T
    { 0x0055, 34 }, // U
    { 0x0056, 35 }, // V
    { 0x0057, 36 }, // W
    { 0x0058, 37 }, // X
    { 0x0059, 38 }, // Y
    { 0x005A, 39 }, // Z
    { 0x005B, 7 }, // [
    { 0x005C, 35 }, // <backslash>
    { 0x005D, 8 }, // ]
    { 0x005E, 40 }, // ^
    { 0x005F, 41 }, // _
    { 0x0061, 42 }, // a
    { 0x0062, 30 }, // b
    { 0x0063, 43 }, // c
    { 0x0064, 43 }, // d
    { 0x0065, 43 }, // e
    { 0x0066, 44 }, // f
    { 0x0067, 43 }, // g
    { 0x0068, 30 }, // h
    { 0x0069, 45 }, // i
    { 0x006A, 46 }, // j
    { 0x006B, 30 }, // k
    { 0x006C, 30 }, // l
    { 0x006D, 47 }, // m
    { 0x006E, 47 }, // n
    { 0x006F, 43 }, // o
    { 0x0070, 47 }, // p
    { 0x0071, 43 }, // q
    { 0x0072, 47 }, // r
    { 0x0073, 48 }, // s
    { 0x0074, 49 }, // t
    { 0x0075, 50 }, // u
    { 0x0076, 51 }, // v
    { 0x0077, 52 }, // w
    { 0x0078, 53 }, // x
    { 0x0079, 51 }, // y
    { 0x007A, 54 }, // z
    { 0x007B, 7 }, // {
    { 0x007C, 30 }, // |
    { 0x007D, 8 }, // }
    { 0x007E, 55 }, // ~
    { 0x00AB, 56 }, // U+00AB
    { 0x00B0, 57 }, // U+00B0
    { 0x00B7, 58 }, // U+00B7
    { 0x00BA, 59 }, // U+00BA
    { 0x00BB, 60 }, // U+00BB
    { 0x00BF, 61 }, // U+00BF
    { 0x00C0, 29 }, // U+00C0
    { 0x00C1, 29 }, // U+00C1
    { 0x00C2, 29 }, // U+00C2
    { 0x00C4, 29 }, // U+00C4
    { 0x00C5, 29 }, // U+00C5
    { 0x00C6, 29 }, // U+00C6
    { 0x00C7, 31 }, // U+00C7
    { 0x00C9, 30 }, // U+00C9
    { 0x00CA, 30 }, // U+00CA
    { 0x00CD, 30 }, // U+00CD
    { 0x00CE, 62 }, // U+00CE
    { 0x00D2, 31 }, // U+00D2
    { 0x00D3, 31 }, // U+00D3
    { 0x00D6, 31 }, // U+00D6
    { 0x00D8, 31 }, // U+00D8
    { 0x00D9, 34 }, // U+00D9
    { 0x00DA, 34 }, // U+00DA
    { 0x00DC, 34 }, // U+00DC
    { 0x00DD, 38 }, // U+00DD
    { 0x00DF, 30 }, // U+00DF
    { 0x00E0, 42 }, // U+00E0
    { 0x00E1, 42 }, // U+00E1
    { 0x00E2, 42 }, // U+00E2
    { 0x00E3, 63 }, // U+00E3
    { 0x00E4, 64 }, // U+00E4
    { 0x00E5, 42 }, // U+00E5
    { 0x00E6, 42 }, // U+00E6
    { 0x00E7, 43 }, // U+00E7
    { 0x00E8, 43 }, // U+00E8
    { 0x00E9, 43 }, // U+00E9
    { 0x00EA, 43 }, // U+00EA
    { 0x00EB, 65 }, // U+00EB
    { 0x00EC, 66 }, // U+00EC
    { 0x00ED, 67 }, // U+00ED
    { 0x00EE, 68 }, // U+00EE
    { 0x00EF, 69 }, // U+00EF
    { 0x00F1, 47 }, // U+00F1
    { 0x00F2, 43 }, // U+00F2
    { 0x00F3, 43 }, // U+00F3
    { 0x00F4, 43 }, // U+00F4
    { 0x00F5, 70 }, // U+00F5
    { 0x00F6, 65 }, // U+00F6
    { 0x00F8, 43 }, // U+00F8
    { 0x00F9, 50 }, // U+00F9
    { 0x00FA, 50 }, // U+00FA
    { 0x00FB, 50 }, // U+00FB
    { 0x00FC, 71 }, // U+00FC
    { 0x00FD, 51 }, // U+00FD
    { 0x0103, 42 }, // U+0103
    { 0x0105, 42 }, // U+0105
    { 0x0107, 43 }, // U+0107
    { 0x010C, 31 }, // U+010C
    { 0x010D, 43 }, // U+010D
    { 0x010E, 30 }, // U+010E
    { 0x010F, 43 }, // U+010F
    { 0x0110, 72 }, // U+0110
    { 0x0111, 43 }, // U+0111
    { 0x0116, 30 }, // U+0116
    { 0x0117, 43 }, // U+0117
    { 0x0118, 30 }, // U+0118
    { 0x0119, 43 }, // U+0119
    { 0x011A, 30 }, // U+011A
    { 0x011B, 43 }, // U+011B
    { 0x011E, 31 }, // U+011E
    { 0x011F, 43 }, // U+011F
    { 0x0129, 73 }, // U+0129
    { 0x012E, 30 }, // U+012E
    { 0x012F, 45 }, // U+012F
    { 0x0130, 30 }, // U+0130
    { 0x0131, 45 }, // U+0131
    { 0x013A, 30 }, // U+013A
    { 0x013D, 30 }, // U+013D
    { 0x013E, 30 }, // U+013E
    { 0x0141, 30 }, // U+0141
    { 0x0142, 30 }, // U+0142
    { 0x0144, 47 }, // U+0144
    { 0x0148, 47 }, // U+0148
    { 0x0151, 43 }, // U+0151
    { 0x0155, 47 }, // U+0155
    { 0x0158, 30 }, // U+0158
    { 0x0159, 47 }, // U+0159
    { 0x015A, 5 }, // U+015A
    { 0x015B, 48 }, // U+015B
    { 0x015E, 5 }, // U+015E
    { 0x015F, 48 }, // U+015F
    { 0x0160, 5 }, // U+0160
    { 0x0161, 48 }, // U+0161
    { 0x0163, 49 }, // U+0163
    { 0x0164, 74 }, // U+0164
    { 0x0165, 49 }, // U+0165
    { 0x016B, 50 }, // U+016B
    { 0x016E, 34 }, // U+016E
    { 0x016F, 50 }, // U+016F
    { 0x0170, 34 }, // U+0170
    { 0x0171, 50 }, // U+0171
    { 0x0172, 34 }, // U+0172
    { 0x0173, 50 }, // U+0173
    { 0x017A, 54 }, // U+017A
    { 0x017C, 54 }, // U+017C
    { 0x017D, 39 }, // U+017D
    { 0x017E, 54 }, // U+017E
    { 0x01A1, 43 }, // U+01A1
    { 0x01B0, 50 }, // U+01B0
    { 0x0218, 5 }, // U+0218
    { 0x0219, 48 }, // U+0219
    { 0x021A, 33 }, // U+021A
    { 0x021B, 49 }, // U+021B
    { 0x0404, 31 }, // U+0404
    { 0x0406, 30 }, // U+0406
    { 0x0410, 29 }, // U+0410
    { 0x0411, 30 }, // U+0411
    { 0x0412, 30 }, // U+0412
    { 0x0413, 30 }, // U+0413
    { 0x0414, 75 }, // U+0414
    { 0x0415, 30 }, // U+0415
    { 0x0416, 76 }, // U+0416
    { 0x0417, 77 }, // U+0417
    { 0x0418, 78 }, // U+0418
    { 0x0419, 30 }, // U+0419
    { 0x041A, 30 }, // U+041A
    { 0x041B, 79 }, // U+041B
    { 0x041C, 30 }, // U+041C
    { 0x041D, 30 }, // U+041D
    { 0x041E, 31 }, // U+041E
    { 0x041F, 30 }, // U+041F
    { 0x0420, 30 }, // U+0420
    { 0x0421, 31 }, // U+0421
    { 0x0422, 33 }, // U+0422
    { 0x0423, 35 }, // U+0423
    { 0x0424, 80 }, // U+0424
    { 0x0425, 37 }, // U+0425
    { 0x0426, 30 }, // U+0426
    { 0x0427, 81 }, // U+0427
    { 0x0428, 30 }, // U+0428
    { 0x0429, 30 }, // U+0429
    { 0x042B, 30 }, // U+042B
    { 0x042C, 30 }, // U+042C
    { 0x042D, 31 }, // U+042D
    { 0x0430, 42 }, // U+0430
    { 0x0431, 15 }, // U+0431
    { 0x0432, 47 }, // U+0432
    { 0x0433, 47 }, // U+0433
    { 0x0434, 82 }, // U+0434
    { 0x0435, 43 }, // U+0435
    { 0x0436, 53 }, // U+0436
    { 0x0437, 43 }, // U+0437
    { 0x0438, 47 }, // U+0438
    { 0x0439, 47 }, // U+0439
    { 0x043A, 47 }, // U+043A
    { 0x043B, 83 }, // U+043B
    { 0x043C, 47 }, // U+043C
    { 0x043D, 47 }, // U+043D
    { 0x043E, 43 }, // U+043E
    { 0x043F, 47 }, // U+043F
    { 0x0440, 47 }, // U+0440
    { 0x0441, 43 }, // U+0441
    { 0x0442, 84 }, // U+0442
    { 0x0443, 51 }, // U+0443
    { 0x0444, 43 }, // U+0444
    { 0x0445, 53 }, // U+0445
    { 0x0446, 47 }, // U+0446
    { 0x0447, 85 }, // U+0447
    { 0x0448, 47 }, // U+0448
    { 0x0449, 47 }, // U+0449
    { 0x044A, 86 }, // U+044A
    { 0x044B, 45 }, // U+044B
    { 0x044C, 47 }, // U+044C
    { 0x044D, 43 }, // U+044D
    { 0x044E, 47 }, // U+044E
    { 0x044F, 87 }, // U+044F
    { 0x0451, 43 }, // U+0451
    { 0x0454, 43 }, // U+0454
    { 0x0456, 45 }, // U+0456
    { 0x0457, 69 }, // U+0457
    { 0x045E, 51 }, // U+045E
    { 0x0491, 47 }, // U+0491
    { 0x0493, 49 }, // U+0493
    { 0x049A, 30 }, // U+049A
    { 0x049B, 47 }, // U+049B
    { 0x04A2, 30 }, // U+04A2
    { 0x04A3, 47 }, // U+04A3
    { 0x04AE, 38 }, // U+04AE
    { 0x04AF, 51 }, // U+04AF
    { 0x04B0, 88 }, // U+04B0
    { 0x04B1, 51 }, // U+04B1
    { 0x04D9, 43 }, // U+04D9
    { 0x04E8, 31 }, // U+04E8
    { 0x04E9, 43 }, // U+04E9
    { 0x05D0, 89 }, // U+05D0
    { 0x05D1, 90 }, // U+05D1
    { 0x05D2, 91 }, // U+05D2
    { 0x05D3, 92 }, // U+05D3
    { 0x05D4, 93 }, // U+05D4
    { 0x05D6, 94 }, // U+05D6
    { 0x05D7, 95 }, // U+05D7
    { 0x05D8, 96 }, // U+05D8
    { 0x05D9, 97 }, // U+05D9
    { 0x05DA, 98 }, // U+05DA
    { 0x05DB, 99 }, // U+05DB
    { 0x05DC, 100 }, // U+05DC
    { 0x05DD, 101 }, // U+05DD
    { 0x05DE, 102 }, // U+05DE
    { 0x05E1, 103 }, // U+05E1
    { 0x05E2, 104 }, // U+05E2
    { 0x05E3, 105 }, // U+05E3
    { 0x05E4, 106 }, // U+05E4
    { 0x05E5, 107 }, // U+05E5
    { 0x05E7, 108 }, // U+05E7
    { 0x05E8, 109 }, // U+05E8
    { 0x05E9, 110 }, // U+05E9
    { 0x05EA, 111 }, // U+05EA
    { 0x1EA1, 42 }, // U+1EA1
    { 0x1EA2, 29 }, // U+1EA2
    { 0x1EA3, 42 }, // U+1EA3
    { 0x1EA5, 42 }, // U+1EA5
    { 0x1EA6, 29 }, // U+1EA6
    { 0x1EA7, 42 }, // U+1EA7
    { 0x1EA8, 29 }, // U+1EA8
    { 0x1EA9, 42 }, // U+1EA9
    { 0x1EAB, 42 }, // U+1EAB
    { 0x1EAC, 29 }, // U+1EAC
    { 0x1EAD, 42 }, // U+1EAD
    { 0x1EAE, 29 }, // U+1EAE
    { 0x1EAF, 42 }, // U+1EAF
    { 0x1EB1, 42 }, // U+1EB1
    { 0x1EB5, 42 }, // U+1EB5
    { 0x1EB7, 42 }, // U+1EB7
    { 0x1EB9, 43 }, // U+1EB9
    { 0x1EBB, 43 }, // U+1EBB
    { 0x1EBD, 43 }, // U+1EBD
    { 0x1EBF, 43 }, // U+1EBF
    { 0x1EC0, 30 }, // U+1EC0
    { 0x1EC1, 43 }, // U+1EC1
    { 0x1EC3, 43 }, // U+1EC3
    { 0x1EC7, 43 }, // U+1EC7
    { 0x1EC9, 45 }, // U+1EC9
    { 0x1ECB, 45 }, // U+1ECB
    { 0x1ECC, 31 }, // U+1ECC
    { 0x1ECD, 43 }, // U+1ECD
    { 0x1ECF, 43 }, // U+1ECF
    { 0x1ED0, 31 }, // U+1ED0
    { 0x1ED1, 43 }, // U+1ED1
    { 0x1ED2, 31 }, // U+1ED2
    { 0x1ED3, 43 }, // U+1ED3
    { 0x1ED5, 43 }, // U+1ED5
    { 0x1ED7, 43 }, // U+1ED7
    { 0x1ED8, 31 }, // U+1ED8
    { 0x1ED9, 43 }, // U+1ED9
    { 0x1EDB, 43 }, // U+1EDB
    { 0x1EDD, 43 }, // U+1EDD
    { 0x1EDE, 31 }, // U+1EDE
    { 0x1EDF, 43 }, // U+1EDF
    { 0x1EE1, 43 }, // U+1EE1
    { 0x1EE3, 43 }, // U+1EE3
    { 0x1EE5, 50 }, // U+1EE5
    { 0x1EE6, 34 }, // U+1EE6
    { 0x1EE7, 50 }, // U+1EE7
    { 0x1EE9, 50 }, // U+1EE9
    { 0x1EEB, 50 }, // U+1EEB
    { 0x1EED, 50 }, // U+1EED
    { 0x1EEF, 50 }, // U+1EEF
    { 0x1EF1, 50 }, // U+1EF1
    { 0x2018, 112 }, // U+2018
    { 0x2019, 113 }, // U+2019
    { 0x201C, 112 }, // U+201C
    { 0x201D, 113 }, // U+201D
    { 0x201E, 114 }, // U+201E
    { 0x2026, 115 }, // U+2026
};

static const int8_t ui_10_semiboldKernMatrix[] = {
       0,    0,    0,    0,    0,  -11,    0,    0,    0,    0,  -29,    0,  -29,    0,    0,    0,    0,    0,  -21,    0,    0,    0,    0,    0,    0,    0,    0,    0,  -26,    0,    0,  -55,    0,    0,    0,    0,    0,    0,    0,    0,    0,    0,   -6,    0,    0,    0,    0,   -2,    0,    0,    0,    0,    0,    0,    0,    0,    0,    0,    0,    0,    0,    0,    0,    0,   -6,    0,    0,    0,    0,   -6,    0,    0,    0,    0,  -15,    0,    0,    0,  -15,    0,    0,    0,    0,    0,    0,    0,   -2,    0,    0,    0,    0,    0,    0,    0,    0,    0,    0,    0,    0,    0,    0,    0,    0,    0,    0,    0,    0,    0,    0,    0,    0,    0,    0,    0,  -29,
       0,    0,    0,    0,    0,    0,    0,    0,    0,    0,    0,    0,    0,    0,    0,    0,    0,    0,    0,    0,    0,    0,    0,    0,    0,    0,    0,    0,   -3,    0,    0,    0,   -2,    0,    0,    0,   -4,    0,    0,    0,    0,    0,    0,    0,    0,    0,    0,    0,    0,    0,    0,    0,    0,    0,    0,    0,    0,    0,    0,    0,    0,    0,    0,    0,    0,    0,    0,    0,   15,    0,    0,    0,   15,   -2,    0,   -4,    0,    0,    0,    0,    0,    0,    0,    0,    0,    0,    0,    0,    0,    0,    0,    0,    0,    0,    0,    0,    0,    0,    0,    0,    0,    0,    0,    0,    0,    0,    0,    0,    0,    0,    0,    0,    0,    0,    0,
       0,    0,    0,    0,    0,    0,    0,    0,    0,    0,    0,    0,    0,    0,    0,    0,    0,    0,    0,    0,    0,    0,    0,    0,    0,    0,    0,    0,    0,    0,    0,    0,    0,    0,    0,    0,    0,    0,    0,    0,    0,    0,    0,    0,    0,    0,    0,    0,    0,    0,    0,    0,    0,    0,    0,    0,    0,    0,    0,    0,    0,    0,    0,    0,    0,    0,    0,    0,    0,    0,    0,    0,    0,    0,    0,    0,    0,    0,    0,    0,    0,    0,    0,    0,    0,    0,    0,    0,    0,    0,    0,    0,    0,    0,    0,    0,    0,    0,    0,    0,    0,    0,    0,    0,    0,    0,    0,    0,    0,    0,    0,  -21,  -23,    0,    0,
       0,    0,  -11,    0,    0,    0,    0,    0,    0,    0,    0,    0,    0,    0,    0,    0,    0,    0,    0,    0,    0,    0,    0,    0,    0,    0,    0,    0,    0,    0,    0,    0,  -19,    0,  -21,  -13,    0,  -25,    0,    0,    0,    0,    0,    0,    0,    0,    0,    0,    0,    0,  -11,  -11,    0,    0,    0,    0,    0,    0,  -13,    0,    0,    0,    0,    0,    0,    0,    0,    0,    0,    0,    0,    0,    0,  -19,    0,    0,    0,    0,    0,    0,    0,    0,    0,    0,    0,    0,    0,  -25,    0,    0,    0,    0,    0,    0,    0,    0,    0,    0,    0,    0,    0,    0,    0,    0,    0,    0,    0,    0,    0,    0,    0,  -30,    0,    0,    0,
       0,    0,    0,    0,    0,    0,    0,    0,    0,    0,    0,    0,    0,    0,    0,    0,    0,    0,    0,    0,    0,    0,    0,    0,    0,    0,    0,    0,    0,    4,    0,    0,    0,    0,    0,    0,    0,    0,    0,    0,    0,    0,   -2,    0,    0,    6,    4,    0,    0,    0,    0,    0,    0,    0,    0,    0,    0,    0,    0,    0,    0,    0,    0,    0,   -2,    0,    0,    0,    0,   -2,    0,    0,    0,    0,    0,    0,    0,    4,    0,    0,    0,    0,    0,    0,    0,    0,    0,    0,    0,    0,    0,    0,    0,    0,    0,    0,    0,    0,    0,    0,    0,    0,    0,    0,    0,    0,    0,    0,    0,    0,    0,    0,    0,    0,    0,
       0,    0,    0,    0,    0,    0,    0,    0,    0,    0,    0,    0,    0,    0,    0,    0,    0,    0,    0,    0,    0,    0,    0,    0,    0,    0,    0,    0,    0,    0,    0,    0,    0,    0,    0,    0,    0,    0,    0,    0,    0,    0,    0,    0,    0,    0,    0,    0,    0,    0,    0,    0,    0,    0,    0,    0,    0,    0,    0,    0,    0,    0,    0,    0,    0,    0,    0,    0,    0,    0,    0,    0,    0,    0,    0,    0,    0,    0,    0,    0,    0,    0,    0,    0,    0,    0,    0,    0,    0,    0,    0,    0,    0,    0,    0,    0,    0,    0,    0,    0,    0,    0,    0,    0,    0,    0,    0,    0,    0,    0,    0,  -11,    0,    0,    0,
       0,    0,    0,    0,    0,  -11,    0,    0,    0,    0,  -45,    0,  -45,    0,    0,    0,    0,    0,  -15,    0,    0,    0,    0,    0,    0,    0,    0,   -5,  -30,    0,   -5,  -32,    0,    0,    0,    0,    0,    0,    0,    0,  -23,    0,    0,    0,    0,    0,    0,    0,    0,    0,    0,    0,    0,    0,    0,    0,    0,    0,    0,    0,    0,    0,    0,    0,    0,    0,    0,    0,    0,    0,    0,    0,    0,    0,  -11,    0,    0,    0,  -11,   -5,    0,    0,    0,    0,    0,    0,    0,    0,    0,    0,    0,    0,    0,    0,    0,    0,    0,    0,    0,    0,    0,    0,    0,    0,    0,    0,    0,    0,    0,    0,    0,    0,    0,    0,  -45,
       0,    0,    0,    0,    0,    0,    0,    0,    0,    0,    0,    0,    0,    0,    0,    0,   -8,   -2,    0,    0,   -9,    0,    0,    0,    0,    0,    0,    0,  -11,    0,    0,  -15,  -25,    0,  -16,  -11,  -13,  -23,    0,    0,    0,    0,    0,    0,    0,    0,    0,    0,    0,    0,    0,    0,   -7,    0,    0,    0,    0,    0,    0,    0,    0,    0,    0,    0,    0,    0,    0,    0,    0,    0,    0,    0,    0,  -42,    0,  -40,  -13,    0,    0,    0,    0,    0,    0,    0,    0,    0,    0,  -23,    0,    0,    0,    0,    0,    0,    0,    0,    0,    0,    0,    0,    0,    0,    0,    0,    0,    0,    0,    0,    0,    0,    0,  -13,    0,    0,    0,
      -7,   -3,  -31,    0,    0,    0,    0,    0,    0,    0,    0,    0,    0,    0,   -9,  -30,    0,   -8,    0,   -3,   -7,   -9,   -4,    0,    0,    0,  -29,  -15,    0,    0,  -15,    0,  -11,    0,    0,    0,    0,  -18,    0,    0,    0,    0,    0,    0,    0,    0,    0,    0,    0,    0,    0,    0,    0,    0,    0,    0,    0,    0,    0,    0,    0,    0,    0,    0,    0,    0,    0,    0,    0,    0,    0,    0,    0,  -11,    0,    0,   -8,    0,    0,  -15,    0,    0,    0,    0,  -11,    0,    0,  -18,    0,    0,    0,    0,    0,    0,    0,    0,    0,    0,    0,    0,    0,    0,    0,    0,    0,    0,    0,    0,    0,    0,    0,    0,  -27,    0,    0,
       0,    0,    0,    0,    0,    0,    0,    0,    0,    0,  -13,    0,  -13,    0,    0,    0,    0,    0,    0,    0,    0,    0,    0,    0,    0,    0,    0,    0,   -8,    0,    0,  -21,    0,    0,    2,    2,    0,    0,    0,    0,    0,    0,    0,    0,    0,    0,    0,    0,    0,    0,    0,    0,    0,    0,    0,    0,    0,    0,    0,    0,    0,    0,    0,    0,    0,    0,    0,    0,    0,    0,    0,    0,    0,    0,    0,    0,    0,    0,    0,    0,    0,    0,    0,    0,    0,    0,    0,    0,    0,    0,    0,    0,    0,    0,    0,    0,    0,    0,    0,    0,    0,    0,    0,    0,    0,    0,    0,    0,    0,    0,    0,    0,    0,    0,  -13,
       0,    0,    0,    0,    0,    0,    0,    0,    0,    0,   -9,    0,   -9,    0,    0,    0,    0,    0,    0,    0,   -7,    0,    0,    0,    0,    0,    0,    0,    0,    0,    0,    0,    0,    0,   -7,    0,  -12,  -11,    0,    0,  -15,    0,    0,    0,    0,    0,    0,    0,    6,    0,    0,    0,    0,    0,    0,    0,    0,    0,    0,    0,    0,    0,    0,    0,    0,    0,    0,    0,    0,    0,    0,    0,    0,    0,    0,  -12,    0,    0,    0,    0,    0,    0,    0,    6,    0,    6,    0,  -11,    0,    0,    0,    0,    0,    0,    0,    0,    0,    0,    0,    0,    0,    0,    0,    0,    0,    0,    0,    0,    0,    0,    0,  -15,    0,  -17,   -9,
       0,    0,    0,    0,    0,    0,    0,    4,    0,    0,    0,    0,    0,    0,    0,    0,    0,    0,    0,    0,    0,    0,    0,    0,    0,    0,    0,    0,    0,    0,    0,    0,    0,    0,    0,    0,    0,    0,    0,    0,    4,    0,    0,    0,    0,    0,    0,    0,    5,    0,    3,    0,    0,    0,    0,    0,    0,    0,    0,    0,    0,    0,    0,    0,    0,    0,    0,    0,   21,    0,    0,   12,   21,    0,    0,    0,    0,    0,    0,    0,    0,    0,    0,    5,    0,    5,    0,    0,    0,    0,    0,    0,    0,    0,    0,    0,    0,    0,    0,    0,    0,    0,    0,    0,    0,    0,    0,    0,    0,    0,    0,    0,    0,    0,    0,
       0,    0,    0,    0,    0,    0,    0,    0,    0,    0,    0,    0,    0,    0,    0,    0,    0,    0,   -5,    0,    0,    0,    0,    0,    0,    0,    0,    0,    0,    0,    0,    0,    0,    0,    0,    0,    0,    0,    0,    0,    0,    0,    0,    0,    0,    0,    0,    0,    0,    0,    0,    0,    0,    0,    0,    0,    0,    0,    0,    0,    0,    0,    0,    0,    0,    0,    0,    0,    0,    0,    0,    0,    0,    0,    0,    0,    0,    0,    0,    0,    0,    0,    0,    0,    0,    0,    0,    0,    0,    0,    0,    0,    0,    0,    0,    0,    0,    0,    0,    0,    0,    0,    0,    0,    0,    0,    0,    0,    0,    0,    0,    0,    0,    0,    0,
       0,    0,    0,    0,    0,    0,    0,    0,   -3,    0,   -7,    0,   -7,    0,    0,    0,    0,    0,    0,    0,    0,    0,    0,    0,    0,    0,    0,    0,    0,    0,    0,    0,    0,    0,    0,    0,   -7,    0,    0,   -3,    0,    0,    0,    0,    0,    0,    0,    0,    0,    0,    0,    0,    0,    0,    0,  -11,   -3,    0,    0,    0,    0,    0,    0,    0,    0,    0,    0,    0,    0,    0,    0,    0,    0,    0,    0,   -7,    0,    0,    0,    0,    0,    0,    0,    0,    0,    0,    0,    0,    0,    0,    0,    0,    0,    0,    0,    0,    0,    0,    0,    0,    0,    0,    0,    0,    0,    0,    0,    0,    0,    0,    0,    0,    0,  -17,   -7,
       0,    0,    0,    0,    0,    0,    0,    0,  -10,    0,  -11,    0,  -11,    0,    0,  -11,    0,    0,    0,    0,    0,    0,    0,    0,    0,    0,    0,    0,    0,    0,    0,    0,    0,    0,    0,    0,    0,    0,    0,  -10,    0,    0,    0,    0,    0,    0,    0,    0,    0,    0,    0,    0,    0,    0,    0,    0,  -10,    0,    0,    0,    0,    0,    0,    0,    0,    0,    0,    0,    0,    0,    0,    0,    0,    0,    0,    0,    0,    0,    0,    0,    0,    0,    0,    0,    0,    0,    0,    0,    0,    0,    0,    0,    0,    0,    0,    0,    0,    0,    0,    0,    0,    0,    0,    0,    0,    0,    0,    0,    0,    0,    0,    0,    0,    0,  -11,
       0,    0,    0,    0,    0,    0,    0,    0,   -1,    0,   -8,    0,   -8,    0,    0,    0,    0,    0,    0,    0,    0,    0,    0,    0,    0,    0,    0,    0,    0,    0,    0,    0,    0,    0,    0,    0,    0,    0,    0,   -1,    0,    0,    0,    0,    0,    0,    0,    0,    0,    0,    0,    0,    0,    0,    0,    0,   -1,    0,    0,    0,    0,    0,    0,    0,    0,    0,    0,    0,    0,    0,    0,    0,    0,    0,    0,    0,    0,    0,    0,    0,    0,    0,    0,    0,    0,    0,    0,    0,    0,    0,    0,    0,    0,    0,    0,    0,    0,    0,    0,    0,    0,    0,    0,    0,    0,    0,    0,    0,    0,    0,    0,    0,    0,    0,   -8,
       0,    0,    0,    0,    0,    0,    0,    0,    0,    0,  -10,    0,  -10,    0,    0,    0,    0,    0,    0,    0,    0,    0,    0,    0,    0,    0,    0,    0,    0,    0,    0,    0,    0,    0,    0,    0,    0,    0,    0,    0,  -15,    0,    0,    0,    0,    0,    0,    0,    0,    0,    0,    0,    0,    0,    0,    0,    0,    0,    0,    0,    0,    0,    0,    0,    0,    0,    0,    0,    0,    0,    0,    0,    0,    0,    0,    0,    0,    0,    0,    0,    0,    0,    0,    0,    0,    0,    0,    0,    0,    0,    0,    0,    0,    0,    0,    0,    0,    0,    0,    0,    0,    0,    0,    0,    0,    0,    0,    0,    0,    0,    0,    0,    0,  -15,  -10,
       0,    0,    0,  -19,    0,  -15,    0,    0,    0,    0,  -42,    0,  -42,    0,   -5,    0,    0,   -6,  -19,   -3,    7,   -5,   -3,  -11,  -30,    0,    0,    0,  -36,    0,    0,  -32,    0,    0,    0,    0,    0,    0,    0,    0,  -53,  -15,  -17,    0,    0,    0,  -17,  -13,    0,    0,    0,    0,    0,    0,    0,  -21,    0,    0,    0,    0,    0,    0,  -15,  -15,  -17,    0,    0,    0,   30,  -17,    0,    0,   30,    0,  -35,    0,   -6,    0,  -35,    0,    0,    0,    0,    0,    0,    0,  -13,    0,    0,    0,    0,    0,    0,    0,    0,    0,    0,    0,    0,    0,    0,    0,    0,    0,    0,    0,    0,    0,    0,    0,    0,    0,    0,  -47,  -42,
       0,    0,    0,    0,    0,    0,    0,    0,    0,    0,    0,    0,    0,    0,    0,    0,    0,    0,    0,    0,    0,    0,    0,    0,    0,    0,    0,    0,    0,    0,    0,    0,  -11,    0,  -21,    0,    0,    0,    0,    0,    0,    0,    0,    0,    0,    0,    0,    0,    0,    0,    0,    0,    0,    0,    0,    0,    0,    0,    0,    0,    0,    0,    0,    0,    0,    0,    0,    0,    0,    0,    0,    0,    0,  -11,    0,    0,    0,    0,    0,    0,    0,    0,    0,    0,    0,    0,    0,    0,    0,    0,    0,    0,    0,    0,    0,    0,    0,    0,    0,    0,    0,    0,    0,    0,    0,    0,    0,    0,    0,    0,    0,  -15,    0,    0,    0,
       0,    0,    0,    0,    0,    0,    0,    0,    0,    0,    0,    0,    0,    0,    0,    0,    0,    0,    0,    0,    0,    0,    0,    0,    0,    0,    0,    0,  -17,    0,    0,    0,  -15,    0,  -23,  -21,  -17,  -32,    0,    0,    0,    0,    0,    0,    0,    0,    0,    0,    0,    0,  -13,    0,  -11,    0,    0,    0,    0,    0,    0,    0,    0,    0,    0,    0,    0,    0,    0,    0,    0,    0,    0,    0,    0,  -15,    0,  -17,    0,    0,    0,    0,    0,    0,    0,    0,    0,    0,    0,  -32,    0,    0,    0,    0,    0,    0,    0,    0,    0,    0,    0,    0,    0,    0,    0,    0,    0,    0,    0,    0,    0,    0,    0,  -19,    0,    0,    0,
       0,    0,    0,    0,    0,    0,    0,    0,    0,    0,    0,    0,    0,    0,    0,    0,    0,    0,    0,    0,  -25,    0,    0,    0,    0,    0,    0,    0,   -8,    0,    0,    0,  -26,    0,  -25,  -25,  -19,  -30,  -21,    0,    0,    0,    0,    0,    0,    0,    0,    0,    0,    0,    0,    0,    0,    0,    0,    0,    0,    0,    0,    0,    0,    0,    0,    0,    0,    0,    0,    0,    0,    0,    0,    0,    0,  -26,  -11,  -17,    0,    0,  -11,    0,    0,    0,    0,    0,    0,    0,    0,  -30,    0,    0,    0,    0,    0,    0,    0,    0,    0,    0,    0,    0,    0,    0,    0,    0,    0,    0,    0,    0,    0,    0,    0,  -32,    0,    0,    0,
       0,    0,    0,    0,    0,    0,    0,    0,    0,    0,    0,    0,    0,    0,    0,    0,    0,    0,    0,    0,    0,    0,    0,    0,    0,    0,    0,    0,  -21,    0,    0,    0,    0,    0,    0,    0,    0,    0,    0,    0,    0,    0,    0,    0,    0,    0,    0,    0,    0,    0,    0,    0,    0,    0,    0,    0,    0,    0,    0,    0,    0,    0,    0,    0,    0,    0,    0,    0,    0,    0,    0,    0,    0,    0,    0,    0,    0,    0,    0,    0,    0,    0,    0,    0,    0,    0,    0,    0,    0,    0,    0,    0,    0,    0,    0,    0,    0,    0,    0,    0,    0,    0,    0,    0,    0,    0,    0,    0,    0,    0,    0,    0,    0,    0,    0,
       0,    0,    0,    0,    0,    0,    0,    0,    0,    0,  -15,    0,  -15,  -13,    0,    0,    0,    0,    0,    0,    0,    0,    0,    0,    0,    0,    0,    0,  -13,    0,    0,    0,  -10,    0,  -13,   -5,  -15,  -13,    0,    0,  -13,    0,    0,    0,    0,    0,    0,    0,    0,    0,    0,    0,    0,    0,    0,    0,    0,    0,    0,    0,    0,    0,    0,    0,    0,    0,    0,    0,    0,    0,    0,    0,    0,  -10,    0,  -32,    0,    0,    0,    0,    0,    0,    0,    0,    0,    0,    0,  -13,    0,    0,    0,    0,    0,    0,    0,    0,    0,    0,    0,    0,    0,    0,    0,    0,    0,    0,    0,    0,    0,    0,    0,  -11,    0,  -13,  -15,
       0,    0,  -26,    0,   -3,    0,    0,    0,  -30,  -11,    0,  -11,    0,    5,    0,  -15,    0,    0,    0,    0,    0,    0,    0,    0,   -8,  -17,  -21,  -13,    5,    0,  -13,    0,  -29,   -7,  -25,  -22,    0,  -26,    0,  -30,    0,    0,   -5,   -2,    1,    0,    0,   -2,   -8,    0,  -23,  -23,    0,    0,  -11,  -11,  -30,  -11,  -25,  -11,    0,    0,    0,    0,   -5,    1,    1,    1,    0,   -5,    0,    0,    0,  -29,    0,    0,    0,    0,    0,  -13,    0,    0,    0,   -8,  -22,   -8,   -2,  -26,    0,    0,    0,    0,    0,    0,    0,    0,    0,    0,    0,    0,    0,    0,    0,    0,    0,    0,    0,    0,    0,    0,    0,  -43,  -34,    0,    0,
       0,    0,    0,    0,    0,    0,    0,    0,    0,    0,    0,    0,    0,    0,    0,    0,    0,    0,    0,    0,    0,    0,    0,    0,    0,    0,    0,    0,    0,    0,    0,    0,  -19,    0,    0,    0,    0,    0,    0,    0,    0,    0,    0,    0,    0,    0,    0,    0,    0,    0,    0,    0,    0,    0,    0,    0,    0,    0,    0,    0,    0,    0,    0,    0,    0,    0,    0,    0,   11,    0,    0,    0,   11,  -19,    0,    0,    0,    0,    0,    0,    0,    0,    0,    0,    0,    0,    0,    0,    0,    0,    0,    0,    0,    0,    0,    0,    0,    0,    0,    0,    0,    0,    0,    0,    0,    0,    0,    0,    0,    0,    0,  -21,    0,    0,    0,
       0,    0,    0,    0,    0,    0,    0,    0,    0,    0,    0,    0,    0,    0,    0,    0,    0,    0,    0,    0,    0,    0,    0,    0,    0,    0,    0,    0,   -8,    0,    0,    0,    0,    0,    0,    0,   -4,    0,    0,    0,  -13,    0,    0,    0,    0,    0,    0,    0,    0,    0,    1,    0,    0,    0,    0,    0,    0,    0,    0,    0,    0,    0,    0,    0,    0,    0,    0,    0,   11,    0,    0,    0,   11,    0,    0,   -4,    0,    0,    0,    0,    0,    0,    0,    0,    0,    0,    0,    0,    0,    0,    0,    0,    0,    0,    0,    0,    0,    0,    0,    0,    0,    0,    0,    0,    0,    0,    0,    0,    0,    0,    0,    0,    0,    0,    0,
       0,    0,    0,    0,    0,    0,    0,    0,    0,    0,    0,    0,    0,    0,    0,    0,    0,    0,    0,    0,    0,    0,    0,    0,    0,    0,    0,    0,    0,    0,    0,    0,    0,    0,    0,    0,    0,    0,    0,    0,    0,    0,    0,    0,    0,    0,    0,    0,    0,    0,    0,    0,    0,    0,    0,    0,    0,    0,    0,    0,    0,    0,    0,    0,    0,    0,    0,    0,   25,    0,    0,    0,   25,    0,    0,    0,    0,    0,    0,    0,    0,    0,    0,    0,    0,    0,    0,    0,    0,    0,    0,    0,    0,    0,    0,    0,    0,    0,    0,    0,    0,    0,    0,    0,    0,    0,    0,    0,    0,    0,    0,    0,    0,    0,    0,
       0,    0,    0,    0,    0,    0,    0,    0,    0,    0,  -13,    0,  -24,    0,    0,    0,    0,    0,    0,    0,    0,    0,    0,    0,    0,    0,    0,    0,  -30,    0,    0,  -23,    0,    0,    0,    0,    0,    0,    0,    0,  -11,   -6,  -11,    0,    0,    0,   -8,    0,    0,  -11,  -11,    0,    0,  -11,    0,    0,    0,    0,    0,    0,    0,    0,   -6,   -6,  -11,    0,    0,    0,    0,  -11,  -11,    0,    0,    0,    0,    0,    0,    0,    0,    0,    0,    0,    0,    0,    0,    0,    0,    0,    0,    0,    0,    0,    0,    0,    0,    0,    0,    0,    0,    0,    0,    0,    0,    0,    0,    0,    0,    0,    0,    0,    0,    0,    0,  -40,  -42,
       0,    0,    0,    0,    0,    0,    0,    0,    0,    0,    0,    0,    0,    0,    0,    0,    0,    0,    0,    0,    0,    0,    0,    0,    0,    0,    0,    0,   -9,    0,    0,    0,  -10,    0,   -7,    0,   -4,   -9,    0,    0,    0,    0,    0,    0,    0,    0,    0,    0,    0,    0,    0,    0,    0,    0,    0,    0,    0,    0,    0,    0,    0,    0,    0,    0,    0,    0,    0,    0,   11,    0,    0,    0,   11,  -10,    0,   -4,    0,    0,    0,    0,    0,    0,    0,    0,    0,    0,    0,   -9,    0,    0,    0,    0,    0,    0,    0,    0,    0,    0,    0,    0,    0,    0,    0,    0,    0,    0,    0,    0,    0,    0,    0,    0,    0,    0,    0,
       0,    0,    0,    0,    0,    0,    0,    0,    0,    0,  -11,    0,  -11,  -19,    0,    0,    0,    0,    0,    0,    0,    0,    0,    0,    0,    0,    0,    0,   -7,    0,    0,    0,    0,    0,    0,    0,    0,    0,    0,    0,  -17,    0,    0,    0,    0,    0,    0,    0,    0,    0,    0,    0,    0,    0,    0,    0,    0,    0,    0,    0,    0,    0,    0,    0,    0,    0,    0,    0,    0,    0,    0,    0,    0,    0,    0,    0,    0,    0,    0,    0,    0,    0,    0,    0,    0,    0,    0,    0,    0,    0,    0,    0,    0,    0,    0,    0,    0,    0,    0,    0,    0,    0,    0,    0,    0,    0,    0,    0,    0,    0,    0,    0,    0,  -26,  -11,
       0,    0,    0,    0,   -3,    0,    0,    0,    0,  -29,    0,  -29,    0,    0,    0,    0,    0,    0,    0,    0,    0,    0,    0,    0,  -23,  -11,    0,  -13,    0,    0,  -13,    0,    0,    0,    0,    0,    0,    0,    0,    0,    0,    0,  -13,    0,    3,    0,    0,    0,    0,  -11,  -13,  -21,    0,    0,  -29,  -17,    0,  -44,    0,    0,    0,    0,    0,    0,  -13,    3,    3,    3,   28,  -13,  -11,    0,   28,    0,    0,    0,    0,    0,    0,  -13,    0,    0,    0,    0,  -34,    0,    0,    0,    0,    0,    0,    0,    0,    0,    0,    0,    0,    0,    0,    0,    0,    0,    0,    0,    0,    0,    0,    0,    0,    0,    0,    0,    0,    0,    0,
       0,    0,  -30,    0,    0,    0,    0,    0,  -57,  -24,    0,  -41,    0,    0,    0,  -15,    0,    0,    0,    0,    0,    0,    0,    0,    0,    0,    0,   -9,    0,    0,   -9,    0,  -31,    0,  -25,   -8,    0,  -23,    0,  -43,    0,    0,    0,    0,    0,    0,    0,    0,   -7,    0,  -23,    0,    0,    0,  -37,  -21,  -59,  -45,  -32,    0,    0,    0,    0,    0,    0,    0,    0,    0,    0,    0,    0,    0,    0,  -31,    0,    0,    0,    0,    0,   -9,    0,    0,    0,   -7,  -43,   -7,    0,  -23,    0,    0,    0,    0,    0,    0,    0,    0,    0,    0,    0,    0,    0,    0,    0,    0,    0,    0,    0,    0,    0,    0,    0,  -28,  -25,    0,    0,
       0,    0,    0,    0,    0,  -11,    0,    0,    0,  -10,  -13,  -10,  -24,    0,    0,    0,    0,    0,    0,    0,    0,    0,    0,    0,    0,    0,    0,    0,  -27,    0,    0,  -32,    0,    0,    0,    0,    0,    0,    0,    0,    0,   -3,   -2,    0,    0,    0,    0,    0,    0,    0,    0,    0,    0,    0,  -10,    0,    0,  -10,    0,    0,    0,    0,   -3,   -3,   -2,    0,    0,    0,    0,   -2,    0,    0,    0,    0,    0,    0,    0,    0,    0,    0,    0,    0,    0,    0,    0,    0,    0,    0,    0,    0,    0,    0,    0,    0,    0,    0,    0,    0,    0,    0,    0,    0,    0,    0,    0,    0,    0,    0,    0,    0,    0,    0,    0,  -47,  -45,
       0,    0,    0,    0,    0,    0,    0,    0,    0,    0,    0,    0,    0,    0,    0,    0,    0,    0,    0,    0,    0,    0,    0,    0,    0,    0,    0,    0,    0,    0,    0,    0,    0,    0,   -6,    0,    0,   -9,    0,    0,    0,   -2,   -4,    0,    0,    0,    0,    0,    0,    0,    0,    0,    0,    0,    0,    0,    0,    0,    0,    0,    0,    0,   -2,   -2,   -4,    0,    0,    0,   15,   -4,    0,    0,   15,    0,    0,    0,    0,    0,    0,    0,    0,    0,    0,    0,    0,    0,    0,   -9,    0,    0,    0,    0,    0,    0,    0,    0,    0,    0,    0,    0,    0,    0,    0,    0,    0,    0,    0,    0,    0,    0,    0,    0,    0,    0,    0,
       0,    0,    0,    0,   -1,  -11,    0,    0,    0,  -20,  -11,  -20,  -11,  -43,  -11,    0,    0,    0,  -23,    0,  -26,    0,    0,  -11,  -26,  -11,    0,  -10,  -29,    0,  -10,  -30,    0,    0,    0,    0,    0,    4,    0,    0,  -19,  -24,  -26,    0,    0,    0,  -19,  -25,  -34,  -25,  -21,  -21,  -14,  -15,  -20,  -43,    0,  -46,    0,  -17,    0,    0,  -38,  -38,  -43,    0,    0,    0,   30,  -43,  -42,    0,   30,    0,  -46,    0,    0,    0,  -46,  -10,    0,    0,    0,  -34,  -18,  -34,  -25,    4,    0,    0,    0,    0,    0,    0,    0,    0,    0,    0,    0,    0,    0,    0,    0,    0,    0,    0,    0,    0,    0,    0,    0,    0,    0,  -40,  -40,
       0,    0,    0,    0,    0,  -17,    0,    0,    0,  -18,  -32,  -18,  -32,  -16,   -7,    0,    0,    0,  -11,    0,    0,    0,    0,  -21,  -25,  -21,    0,  -24,  -25,    0,  -13,  -32,    0,    0,    5,    0,    0,    0,    0,    0,  -26,  -19,  -19,    0,    0,    0,   -2,  -15,    0,    0,    0,    0,    0,    0,  -18,  -19,    0,  -32,    0,    0,   -7,    0,  -19,  -32,  -19,    0,    0,    0,   28,  -34,    0,    0,   28,    0,  -41,    0,    0,    0,  -41,  -13,    0,    0,    0,    0,   -4,    0,  -15,    0,    0,    0,    0,    0,    0,    0,    0,    0,    0,    0,    0,    0,    0,    0,    0,    0,    0,    0,    0,    0,    0,    0,    0,    0,    0,  -38,  -32,
       0,    0,    0,    0,   -1,  -17,    0,    0,    0,  -15,  -32,  -15,  -32,   -7,    0,    0,    0,    0,  -11,    0,    0,    0,    0,  -17,  -25,  -21,    0,   -5,  -22,    0,   -5,  -21,    0,    0,    2,    7,    0,    0,    0,    0,    0,  -18,  -17,    0,    0,    0,  -11,  -11,    0,    0,    0,    0,    0,    0,  -15,  -19,    0,  -26,    0,    0,   -7,    0,  -18,  -18,  -17,    0,    0,    0,    0,  -17,    0,    0,    0,    0,    0,    0,    0,    0,    0,   -5,    0,    0,    0,    0,  -11,    0,  -11,    0,    0,    0,    0,    0,    0,    0,    0,    0,    0,    0,    0,    0,    0,    0,    0,    0,    0,    0,    0,    0,    0,    0,    0,    0,    0,  -36,  -32,
       0,    0,    0,    0,   -4,    0,    0,    0,    0,  -13,    0,  -13,    0,    0,  -12,    0,    0,   -7,  -13,    0,    0,   -7,    0,    0,  -19,  -17,    0,  -15,    0,    0,  -15,    0,  -13,    0,    0,    0,    0,    0,    0,    0,    0,  -19,   -9,    0,    0,    0,    0,    0,    0,    0,    0,    0,    0,    0,  -24,  -13,    0,  -28,    0,    0,    0,    0,  -19,  -19,   -9,    0,    0,    0,    0,   -9,    0,    0,    0,  -13,    0,    0,   -7,    0,    0,  -32,  -11,    0,    0,  -21,  -28,    0,    0,    0,    0,    0,    0,    0,    0,    0,    0,    0,    0,    0,    0,    0,    0,    0,    0,    0,    0,    0,    0,    0,    0,    0,    0,    0,    0,    0,    0,
       0,    0,    0,    0,    0,  -21,    0,    0,    0,  -23,  -18,  -23,  -18,    0,    0,    0,    0,    0,  -23,    0,    0,    0,    0,  -21,  -34,  -32,    0,  -13,  -26,    0,  -13,  -11,    4,    0,    0,    0,    0,    0,    0,    0,    0,  -30,  -33,    0,   -8,    0,  -13,  -23,    0,  -13,    0,    0,    0,    0,  -23,  -30,    0,  -40,    0,  -21,    0,    0,  -53,  -47,  -33,   -8,  -19,   -8,    0,  -33,  -13,    0,    0,    4,    0,    0,    0,    0,    0,  -13,    0,    0,    0,    0,  -16,    0,  -23,    0,    0,    0,    0,    0,    0,    0,    0,    0,    0,    0,    0,    0,    0,    0,    0,    0,    0,    0,    0,    0,    0,    0,    0,    0,    0,  -36,  -50,
       0,    0,    0,    0,    0,    0,    0,    0,    0,  -13,    0,  -13,    0,    0,    0,    0,    0,    0,    0,    0,    0,    0,    0,    0,  -21,    0,    0,  -11,    0,    0,  -11,    0,    0,    0,    0,    0,    0,    0,    0,    0,    0,    0,    0,    0,    0,    0,    0,    0,    0,    0,    0,    0,    0,    0,  -13,  -11,    0,  -24,    0,    0,    0,    0,    0,    0,    0,    0,    0,    0,   28,    0,    0,    0,   28,    0,    0,    0,    0,    0,    0,  -11,    0,    0,    0,    0,   -7,    0,    0,    0,    0,    0,    0,    0,    0,    0,    0,    0,    0,    0,    0,    0,    0,    0,    0,    0,    0,    0,    0,    0,    0,    0,    0,    0,    0,    0,    0,
       0,    0,  -26,    0,   -3,    0,    0,    0,  -30,  -11,    0,  -11,    0,    5,    0,  -15,    0,    0,    0,    0,    0,    0,    0,    0,   -8,  -17,  -21,  -13,    5,    0,  -13,    0,  -42,   -7,  -41,  -41,    0,  -26,    0,  -30,    0,    0,   -5,   -2,    1,    0,    0,   -2,   -8,    0,  -40,  -23,    0,    0,  -11,  -11,  -30,  -11,  -25,  -11,    0,    0,    0,    0,   -5,    1,    1,    1,    0,   -5,    0,    0,    0,  -42,    0,    0,    0,    0,    0,  -13,    0,    0,    0,   -8,  -22,   -8,   -2,  -26,    0,    0,    0,    0,    0,    0,    0,    0,    0,    0,    0,    0,    0,    0,    0,    0,    0,    0,    0,    0,    0,    0,    0,  -58,  -53,    0,    0,
       0,    0,    0,    0,    0,    0,    0,    0,  -23,    0,    0,    0,    0,    0,  -15,  -36,    0,  -15,  -19,  -15,    0,  -15,  -15,    0,    0,    0,    0,  -13,    0,   11,  -13,    0,  -19,  -13,  -26,    0,    0,    0,    0,  -23,    0,    0,    0,    0,    7,   32,   11,    0,    0,    0,  -26,    0,    0,    0,    0,    0,  -23,    0,    0,    0,    0,    0,    0,    0,    0,    7,    7,    7,    0,    0,    0,    0,    0,  -19,   19,    0,  -15,   11,   19,  -13,  -36,   15,   15,    0,    0,    0,    0,    0,    0,    0,    0,    0,    0,    0,    0,    0,    0,    0,    0,    0,    0,    0,    0,    0,    0,    0,    0,    0,    0,    0,    0,  -13,    0,    0,    0,
       0,    0,   -5,    0,    0,    0,    0,    0,    0,    0,    0,    0,    0,    0,    0,  -13,    0,    0,    0,    0,    0,    0,    0,    0,    0,    0,    0,    0,    0,    0,    0,    0,  -23,    0,  -17,  -17,    0,  -30,    0,    0,    0,    0,    0,    0,    0,    0,    0,    0,    0,    0,   -6,    0,    0,    0,    0,    0,    0,    0,    0,    0,    0,    0,    0,    0,    0,    0,    0,    0,    0,    0,    0,    0,    0,  -23,    0,    0,    0,    0,    0,    0,    0,    0,    0,    0,    0,    0,    0,  -30,    0,    0,    0,    0,    0,    0,    0,    0,    0,    0,    0,    0,    0,    0,    0,    0,    0,    0,    0,    0,    0,    0,    0,  -15,   -8,    0,    0,
       0,    0,   -6,    0,    0,    0,    0,   -4,    0,    0,    0,    0,    0,    0,    0,  -11,    0,    0,    0,    0,    0,    0,    0,    0,    0,    0,    0,    0,  -11,    0,    0,    0,  -26,    0,  -19,  -17,   -9,  -35,    0,    0,    0,    3,    0,    0,    0,    0,    0,    0,    0,    0,   -6,   -5,   -7,   -6,    0,    0,    0,    0,  -11,    0,    0,    0,    3,    3,    0,    0,    0,    0,    0,    0,    0,    0,    0,  -26,    0,   -9,    0,    0,    0,    0,    0,    0,    0,    0,   -4,    0,    0,  -69,    0,    0,    0,    0,    0,    0,    0,    0,    0,    0,    0,    0,    0,    0,    0,    0,    0,    0,    0,    0,    0,    0,    0,  -21,   -7,    0,    0,
       0,    0,    0,    0,    0,    0,    0,    0,    0,   -8,  -19,   -8,  -19,   -6,    0,    0,    0,    0,  -21,    0,    0,    0,    0,    0,    0,    0,    0,    0,  -11,    0,    0,  -21,    0,    0,    0,    0,    0,    2,    0,    0,   -5,   -6,   -8,  -14,    2,    1,    0,   -7,  -13,    0,    0,    6,    0,    0,   -8,  -13,    0,   -8,    0,    0,    0,    0,   -6,   -6,   -8,    2,    2,    2,   34,   -8,    0,    0,   34,    0,  -26,    0,    0,    0,  -26,    0,    0,    0,    0,  -13,    0,  -13,   -7,    2,    0,    0,    0,    0,    0,    0,    0,    0,    0,    0,    0,    0,    0,    0,    0,    0,    0,    0,    0,    0,    0,    0,    0,    0,    0,  -30,  -19,
       0,    0,    0,    0,    0,    0,    0,    0,    0,    0,    0,    0,    0,    0,    0,    0,    0,    0,    0,    0,    0,    0,    0,    0,    0,    0,    0,    0,    0,    0,    0,    0,  -17,    0,    0,    0,    0,    0,    0,    0,    0,    0,    0,    0,    0,    2,    0,    0,    0,    0,    0,    0,    0,    0,    0,    0,    0,    0,    0,    0,    0,    0,    0,    0,    0,    0,    0,    0,    0,    0,    0,    0,    0,  -17,    0,    0,    0,    0,    0,    0,    0,    0,    0,    0,    0,    0,    0,    0,    0,    0,    0,    0,    0,    0,    0,    0,    0,    0,    0,    0,    0,    0,    0,    0,    0,    0,    0,    0,    0,    0,    0,    0,    0,    0,    0,
       0,    0,    0,    0,    0,    0,    0,    0,    0,    0,    0,    0,    0,    0,    0,    0,    0,    0,    0,    0,    0,    0,    0,    0,    0,    0,    0,    0,    0,    0,    0,    0,    0,    0,    0,    0,    0,    0,    0,    0,    0,    0,    0,    0,    0,    0,    0,    0,    0,    0,    0,    0,    0,    0,    0,    0,    0,    0,    0,    0,    0,    0,    0,    0,    0,    0,    0,    0,   21,    0,    0,    0,   32,    0,    0,    0,    0,    0,    0,    0,    0,    0,    0,    0,    0,    0,    0,    0,    0,    0,    0,    0,    0,    0,    0,    0,    0,    0,    0,    0,    0,    0,    0,    0,    0,    0,    0,    0,    0,    0,    0,    0,    0,    0,    0,
       0,    0,    0,    0,    0,    0,    0,    0,    0,  -18,    0,  -18,    0,    0,    0,    0,    0,    0,  -15,    0,    0,    0,    0,    0,  -28,    0,    0,    0,    0,    0,    0,    0,  -19,    0,    0,    0,    0,    0,    0,    0,    0,    0,   -7,    0,    0,    0,    0,    0,    0,    0,    2,    0,    0,    0,  -18,  -17,    0,  -18,    0,    0,    0,    0,    0,    0,   -7,    0,    0,    0,    0,   -7,    0,    0,    0,  -19,    0,    0,    0,    0,    0,    0,    0,    0,    0,    0,    0,    0,    0,    0,    0,    0,    0,    0,    0,    0,    0,    0,    0,    0,    0,    0,    0,    0,    0,    0,    0,    0,    0,    0,    0,    0,    0,    0,    0,    0,    0,
       0,    0,    0,    0,    0,    0,    0,    0,    0,  -13,  -21,  -13,  -21,  -11,    0,    0,    0,    0,    0,    0,    0,    0,    0,    0,  -13,    0,    0,    0,  -13,    5,    0,  -19,  -19,    0,    0,    0,    0,    0,  -11,    0,    0,   -3,   -7,    6,    2,    5,    3,    0,    6,    0,    5,    3,    5,    0,  -13,    0,    0,  -13,    0,    0,    0,    0,   -3,   -3,   -7,    2,    2,    2,    7,   -7,    0,    0,    7,  -19,    0,    0,    0,    5,    0,    0,    0,   -6,   -6,    6,    0,    6,    0,    0,    0,    0,    0,    0,    0,    0,    0,    0,    0,    0,    0,    0,    0,    0,    0,    0,    0,    0,    0,    0,    0,    0,    0,  -13,    5,  -26,  -21,
       0,    0,   -2,    0,    0,    0,    0,    0,    0,    0,    0,    0,    0,    0,    0,    0,    0,    0,    0,    0,    0,    0,    0,    0,    0,    0,    0,    0,    0,    0,    0,    0,  -25,    0,  -15,  -11,    0,  -25,    0,    0,    0,    0,    0,    0,    0,    0,    0,    0,    0,    0,    0,    0,    0,    0,    0,    0,    0,    0,    0,    0,    0,    0,    0,    0,    0,    0,    0,    0,    0,    0,    0,    0,    0,  -25,    0,    0,    0,    0,    0,    0,    0,    0,    0,    0,    0,    0,    0,  -25,    0,    0,    0,    0,    0,    0,    0,    0,    0,    0,    0,    0,    0,    0,    0,    0,    0,    0,    0,    0,    0,    0,    0,  -17,    0,   -3,    0,
       0,    0,    0,    0,    0,    0,    0,    0,    0,   -6,    0,   -6,    0,    0,    0,    0,    0,    0,   -3,    0,    0,    0,    0,    0,   -9,    0,    0,    0,    0,    1,    0,    0,  -11,    0,   -2,   -2,    0,   -3,    0,    0,    0,    2,   -3,  -10,    0,    3,    0,   -3,   -2,    0,    7,    6,    0,    0,   -6,    0,    0,   -6,    0,    0,    0,    0,    2,    2,   -3,    0,    0,    0,    0,   -3,    0,    0,    0,  -11,    0,    0,    0,    1,    0,    0,    0,    0,    0,   -2,    0,   -2,   -3,   -3,    0,    0,    0,    0,    0,    0,    0,    0,    0,    0,    0,    0,    0,    0,    0,    0,    0,    0,    0,    0,    0,    0,    0,  -13,    2,    0,    0,
       0,    0,    0,    0,    0,    0,    0,    0,    0,  -13,    0,  -13,    0,  -11,    0,    0,    0,    0,    0,    0,    0,    0,    0,    0,  -13,    0,    0,    0,    0,    0,    0,    0,  -17,    0,    0,    0,    0,  -19,    0,    0,  -11,    0,    0,    0,    0,    0,    0,    0,    0,    0,    0,    0,    0,    0,  -13,    0,    0,  -13,    0,    0,    0,    0,    0,    0,    0,    0,    0,    0,    0,    0,    0,    4,    0,  -42,    0,    0,    0,    0,    0,    0,    0,    0,    0,    0,    0,    0,    0,  -19,    0,    0,    0,    0,    0,    0,    0,    0,    0,    0,    0,    0,    0,    0,    0,    0,    0,    0,    0,    0,    0,    0,    0,  -13,    5,    0,    0,
       0,    0,    0,    0,    0,    0,    0,    0,    0,  -13,  -14,  -13,  -14,  -19,    0,    0,    0,    0,    0,    0,    0,    0,    0,    0,  -11,  -13,    0,    0,  -23,    1,    0,  -21,  -11,    0,    0,    0,    0,  -11,    0,    0,  -26,   -3,   -6,    5,    0,    0,    0,    0,    6,    0,    0,    0,    0,    0,  -13,  -13,    0,  -13,    0,    0,    0,    0,   -3,   -3,   -6,    0,    0,    0,    5,   -6,    0,    0,    5,  -32,    0,    0,    0,    1,    0,    0,    0,  -15,  -15,    6,    0,    6,    0,  -11,    0,    0,    0,    0,    0,    0,    0,    0,    0,    0,    0,    0,    0,    0,    0,    0,    0,    0,    0,    0,    0,    0,    0,    0,    0,  -26,  -38,
       0,    0,    0,    0,    0,  -11,    0,    0,    0,    0,  -25,    0,  -25,    0,    0,    0,    0,    0,    0,    0,    0,    0,    0,    0,    0,    0,    0,    0,  -23,    0,    0,  -19,  -17,    0,    0,    0,    0,    0,  -11,    0,    0,   -1,   -5,    0,    0,    0,    0,    0,    0,    0,    0,    0,    0,    0,    0,  -11,    0,    0,    0,    0,    0,    0,   -1,   -1,   -5,    0,    0,    0,    0,   -5,    0,    0,    0,  -17,    0,    0,    0,    0,    0,    0,    0,    0,    0,    0,    0,    0,    0,    0,    0,    0,    0,    0,    0,    0,    0,    0,    0,    0,    0,    0,    0,    0,    0,    0,    0,    0,    0,    0,    0,    0,    0,    0,    0,  -26,  -25,
       0,    0,    0,    0,    0,    0,    0,    0,    0,   -7,    0,   -7,    0,    0,    0,    0,    0,    0,    0,    0,    0,    0,    0,    0,    0,  -11,    0,    0,    0,    0,    0,    0,  -14,    0,    0,    0,    0,    0,    0,    0,    0,    0,   -7,    5,    0,    0,    0,    0,    5,    0,    0,    0,    0,    0,   -7,  -11,    0,   -7,    0,    0,    0,    0,    0,    0,   -7,    0,    0,    0,    0,   -7,    0,    0,    0,  -14,    0,    0,    0,    0,    0,    0,    0,    0,    0,    5,    0,    5,    0,    0,    0,    0,    0,    0,    0,    0,    0,    0,    0,    0,    0,    0,    0,    0,    0,    0,    0,    0,    0,    0,    0,    0,    0,    0,    0,    0,    0,
       0,    0,    0,    0,    0,    0,    0,    0,    0,    0,    0,    0,    0,    0,    0,    0,    0,    0,    0,    0,    0,    0,    0,    0,    0,    0,    0,    0,    0,    0,    0,    0,  -11,    0,    0,    0,    0,    0,    0,    0,    0,    0,   -6,    0,    0,    0,    0,    0,    0,    0,    0,    0,    0,    0,    0,    0,    0,    0,    0,    0,    0,    0,    0,    0,   -6,    0,    0,    0,    0,   -6,    0,    0,    0,  -11,    0,    0,    0,    0,    0,    0,    0,    0,    0,    0,    0,    0,    0,    0,    0,    0,    0,    0,    0,    0,    0,    0,    0,    0,    0,    0,    0,    0,    0,    0,    0,    0,    0,    0,    0,    0,    0,    0,    0,    0,    0,
       0,    0,    0,    0,    0,    0,    0,    0,    0,    0,    0,    0,    0,    0,    0,    0,   -8,   -2,    0,    0,   -9,    0,    0,    0,    0,    0,    0,    0,  -11,    0,    0,  -15,  -25,    0,  -16,  -11,  -25,  -23,    0,    0,    0,    0,    0,    0,    0,    0,    0,    0,    0,    0,    0,    0,   -7,    0,    0,    0,    0,    0,    0,    0,    0,    0,    0,    0,    0,    0,    0,    0,    0,    0,    0,    0,    0,  -42,    0,  -25,  -13,    0,    0,    0,    0,    0,    0,    0,    0,    0,    0,  -23,    0,    0,    0,    0,    0,    0,    0,    0,    0,    0,    0,    0,    0,    0,    0,    0,    0,    0,    0,    0,    0,    0,    0,  -13,    0,    0,    0,
       0,    0,    0,    0,    0,    0,    0,    0,    0,    0,    0,    0,    0,    0,    0,    0,    0,    0,    0,    0,    0,    0,    0,    0,    0,    0,    0,    0,    0,    0,    0,    0,  -23,    0,  -11,    0,    0,  -23,    0,    0,    0,    0,    0,    0,    0,    0,    0,    0,    0,    0,    0,    0,    0,    0,    0,    0,    0,    0,    0,    0,    0,    0,    0,    0,    0,    0,    0,    0,    0,    0,    0,    0,    0,  -23,    0,    0,    0,    0,    0,    0,    0,    0,    0,    0,    0,    0,    0,  -23,    0,    0,    0,    0,    0,    0,    0,    0,    0,    0,    0,    0,    0,    0,    0,    0,    0,    0,    0,    0,    0,    0,    0,  -11,    0,    0,    0,
       0,    0,    0,    0,    0,    0,    0,    0,    0,    0,    0,    0,    0,    0,    0,    0,    0,    0,    0,    0,    0,    0,    0,    0,    0,    0,    0,    0,  -11,    0,    0,    0,  -17,    0,    0,    0,    0,  -21,    0,    0,    0,    0,    0,    0,    0,    0,    0,    0,    0,    0,    0,    0,    0,    0,    0,    0,    0,    0,    0,    0,    0,    0,    0,    0,    0,    0,    0,    0,    0,    0,    0,    0,    0,  -17,    0,    0,    0,    0,    0,    0,    0,    0,    0,    0,    0,    0,    0,  -21,    0,    0,    0,    0,    0,    0,    0,    0,    0,    0,    0,    0,    0,    0,    0,    0,    0,    0,    0,    0,    0,    0,    0,    0,    0,    0,    0,
       0,    0,    0,    0,    0,    0,    0,    0,    0,    0,    0,    0,    0,    0,    0,    0,   -8,   -2,    0,    0,   -9,    0,    0,    0,    0,    0,    0,    0,  -11,    0,    0,  -15,  -52,    0,  -29,  -11,  -28,  -40,    0,    0,    0,    0,    0,    0,    0,    0,    0,    0,    0,    0,    0,    0,   -7,    0,    0,    0,    0,    0,    0,    0,    0,    0,    0,    0,    0,    0,    0,    0,    0,    0,    0,    0,    0,  -52,    0,  -28,  -13,    0,    0,    0,    0,    0,    0,    0,    0,    0,    0,  -40,    0,    0,    0,    0,    0,    0,    0,    0,    0,    0,    0,    0,    0,    0,    0,    0,    0,    0,    0,    0,    0,    0,    0,  -13,    0,    0,    0,
       0,    0,    0,    0,    0,  -13,    0,    0,    0,    0,    0,    0,    0,    0,    0,    0,    0,    0,    0,    0,    0,    0,    0,    0,    0,    0,    0,    0,  -25,    0,    0,  -25,    0,    0,    0,    0,    0,    0,    0,    0,    0,    0,  -11,    0,    0,    0,    0,    0,    0,    0,    0,    0,    0,    0,    0,    0,    0,    0,    0,    0,    0,    0,    0,    0,  -11,    0,    0,    0,    0,  -11,    0,    0,    0,    0,    0,    0,    0,    0,    0,    0,    0,    0,    0,    0,    0,    0,    0,    0,    0,    0,    0,    0,    0,    0,    0,    0,    0,    0,    0,    0,    0,    0,    0,    0,    0,    0,    0,    0,    0,    0,    0,    0,    0,    0,    0,
       0,    0,    0,    0,    0,    0,    0,    0,    0,    0,    0,    0,    0,    0,    0,  -13,  -17,  -15,    0,    0,  -17,  -11,    0,    0,    0,    0,    0,    0,  -11,    0,    0,    0,  -43,    0,  -21,  -19,  -13,  -30,  -11,    0,    0,    0,    0,    0,    0,    0,    0,    0,    0,    0,  -11,  -11,  -11,    0,    0,    0,    0,    0,    0,    0,    0,    0,    0,    0,    0,    0,    0,    0,    0,    0,    0,    0,    0,  -43,  -11,  -30,  -15,    0,  -11,    0,    0,    0,    0,    0,    0,    0,    0,  -30,    0,    0,    0,    0,    0,    0,    0,    0,    0,    0,    0,    0,    0,    0,    0,    0,    0,    0,    0,    0,    0,    0,    0,  -28,    0,    0,    0,
       0,    0,    0,    0,    0,    0,    0,    0,    0,    0,    0,    0,    0,    0,    0,    0,    0,    0,    0,    0,    0,    0,    0,    0,    0,    0,    0,    0,    0,    0,    0,    0,  -23,    0,  -35,  -30,    0,    0,    0,    0,    0,    0,    0,    0,    0,    0,    0,    0,    0,    0,    0,    0,    0,    0,    0,    0,    0,    0,    0,    0,    0,    0,    0,    0,    0,    0,    0,    0,    0,    0,    0,    0,    0,  -23,    0,    0,    0,    0,    0,    0,    0,    0,    0,    0,    0,    0,    0,    0,    0,    0,    0,    0,    0,    0,    0,    0,    0,    0,    0,    0,    0,    0,    0,    0,    0,    0,    0,    0,    0,    0,    0,  -21,  -11,    0,    0,
       0,    0,    0,    0,    0,    0,    0,    0,    0,    0,    0,    0,    0,    0,    0,    0,    0,    0,    0,    0,    0,    0,    0,    0,    0,    0,    0,    0,    0,    0,    0,    0,    0,    0,    0,    0,    0,    0,    0,    0,    0,    0,    0,    0,    0,    0,    0,    0,    0,    0,    0,    0,    0,    0,    0,    0,    0,    0,    0,    0,    0,    0,    0,    0,    0,    0,    0,    0,   11,    0,    0,    0,   11,    0,    0,    0,    0,    0,    0,    0,    0,    0,    0,    0,    0,    0,    0,    0,    0,    0,    0,    0,    0,    0,    0,    0,    0,    0,    0,    0,    0,    0,    0,    0,    0,    0,    0,    0,    0,    0,    0,    0,    0,    0,    0,
       0,    0,    0,    0,    0,    0,    0,    0,    0,    0,    0,    0,    0,    0,    0,    0,    0,    0,    0,    0,    0,    0,    0,    0,    0,    0,    0,    0,    0,    0,    0,    0,  -19,    0,    0,    0,    0,    0,    0,    0,    0,    0,    0,    0,    0,    0,    0,    0,    0,    0,    0,    0,    0,    0,    0,    0,    0,    0,    0,    0,    0,    0,    0,    0,    0,    0,    0,    0,   11,    0,    0,    0,   11,  -19,    0,    0,    0,    0,    0,    0,    0,    0,    0,    0,    0,    0,    0,    0,    0,    0,    0,    0,    0,    0,    0,    0,    0,    0,    0,    0,    0,    0,    0,    0,    0,    0,    0,    0,    0,    0,    0,  -43,    0,    0,    0,
       0,    0,    0,    0,    0,    0,    0,    0,    0,    0,    0,    0,    0,    0,    0,    0,    0,    0,    0,    0,    0,    0,    0,    0,    0,    0,    0,    0,    0,    0,    0,    0,  -26,    0,    0,    0,    0,    0,    0,    0,    0,    0,    0,    0,    0,    0,    0,    0,    0,    0,    0,    0,    0,    0,    0,    0,    0,    0,    0,    0,    0,    0,    0,    0,    0,    0,    0,    0,    0,    0,    0,    0,    0,  -26,    0,    0,    0,    0,    0,    0,    0,    0,    0,    0,    0,    0,    0,    0,    0,    0,    0,    0,    0,    0,    0,    0,    0,    0,    0,    0,    0,    0,    0,    0,    0,    0,    0,    0,    0,    0,    0,    0,    0,    0,    0,
       0,    0,    0,    0,    0,    0,    0,    0,    0,    0,    0,    0,    0,    0,    0,    0,    0,    0,    0,    0,    0,    0,    0,    0,    0,    0,    0,    0,    0,    0,    0,    0,    0,    0,    0,    0,    0,    0,    0,    0,    0,    0,    0,    0,    0,    0,    0,    0,    0,    0,    0,    0,    0,    0,    0,    0,    0,    0,    0,    0,    0,    0,    0,    0,    0,    0,    0,    0,   32,    0,    0,    0,   34,    0,    0,    0,    0,    0,    0,    0,    0,    0,    0,    0,    0,    0,    0,    0,    0,    0,    0,    0,    0,    0,    0,    0,    0,    0,    0,    0,    0,    0,    0,    0,    0,    0,    0,    0,    0,    0,    0,    0,    0,    0,    0,
       0,    0,    0,    0,    0,    0,    0,    0,    0,    0,    0,    0,    0,    0,    0,   15,    0,    0,    0,    0,   30,    0,    0,    0,    0,    0,    0,    0,    0,   21,    0,    0,   30,    0,   28,    0,    0,    0,   30,    0,    0,    0,    0,   13,   21,   21,    7,    0,   17,    0,    0,    0,    0,    0,    0,    0,    0,    0,    0,    0,    0,   11,    0,    0,    0,   32,   21,   32,   54,    0,    0,    0,   54,   30,    0,    0,    0,   45,    0,    0,    0,    0,    0,   17,    0,   17,    0,    0,    0,    0,    0,    0,    0,    0,    0,    0,    0,    0,    0,    0,    0,    0,    0,    0,    0,    0,    0,    0,    0,    0,    0,    0,    0,    0,    0,
       0,    0,   -5,    0,    0,    0,    0,    0,    0,    0,    0,    0,    0,    0,    0,  -13,    0,    0,    0,    0,    0,    0,    0,    0,    0,    0,    0,    0,    0,    0,    0,    0,  -40,    0,  -17,  -17,    0,  -30,    0,    0,    0,    0,    0,    0,    0,    0,    0,    0,    0,    0,   -6,    0,    0,    0,    0,    0,    0,    0,    0,    0,    0,    0,    0,    0,    0,    0,    0,    0,    0,    0,    0,    0,    0,  -40,    0,    0,    0,    0,    0,    0,    0,    0,    0,    0,    0,    0,    0,  -30,    0,    0,    0,    0,    0,    0,    0,    0,    0,    0,    0,    0,    0,    0,    0,    0,    0,    0,    0,    0,    0,    0,    0,  -15,   -8,    0,    0,
       0,    0,   -6,    0,    0,    0,    0,   -4,    0,    0,    0,    0,    0,    0,    0,  -11,    0,    0,    0,    0,    0,    0,    0,    0,    0,    0,    0,    0,  -11,    0,    0,    0,  -43,    0,  -19,  -17,   -9,  -35,    0,    0,    0,    3,    0,    0,    0,    0,    0,    0,    0,    0,   -6,   -5,   -7,   -6,    0,    0,    0,    0,  -11,    0,    0,    0,    3,    3,    0,    0,    0,    0,    0,    0,    0,    0,    0,  -43,    0,   -9,    0,    0,    0,    0,    0,    0,    0,    0,   -4,    0,    0,  -69,    0,    0,    0,    0,    0,    0,    0,    0,    0,    0,    0,    0,    0,    0,    0,    0,    0,    0,    0,    0,    0,    0,    0,  -21,   -7,    0,    0,
       0,    0,   11,    0,    0,    0,    2,   39,   19,    0,    0,    0,    0,    0,    0,   15,    0,    0,    0,    0,   15,    0,    0,    0,    0,    0,    0,    0,    0,   11,    0,    0,   13,    0,    0,    0,    0,    0,    0,   19,    0,    0,    0,    0,   13,   11,   11,    0,    0,    0,    0,    0,    0,    0,    0,    0,   19,    0,   13,    0,    0,    0,    0,    0,    0,   13,   13,   24,   11,    0,    0,    0,   11,   13,    0,    0,    0,   11,    0,    0,    0,    0,    0,    0,    0,    0,    0,    0,    0,    0,    0,    0,    0,    0,    0,    0,    0,    0,    0,    0,    0,    0,    0,    0,    0,    0,    0,    0,    0,    0,    0,   11,    0,    0,    0,
       0,    0,    0,    0,    0,    0,    0,    0,    0,    0,    0,    0,    0,    0,    0,    0,    0,    0,    0,    0,    0,    0,    0,    0,    0,    0,    0,    0,    0,   11,    0,    0,   11,    0,    0,    0,    0,    0,    0,    0,    0,    0,    0,    0,   11,   13,    0,    0,    0,    0,    0,    0,    0,    0,    0,    0,    0,    0,    0,    0,    0,    0,    0,    0,    0,   11,   11,   13,   13,    0,    0,    0,   13,   11,    0,    0,    0,   11,    0,    0,    0,    0,    0,    0,    0,    0,    0,    0,    0,    0,    0,    0,    0,    0,    0,    0,    0,    0,    0,    0,    0,    0,    0,    0,    0,    0,    0,    0,    0,    0,    0,    0,    0,    0,    0,
       0,    0,    0,    0,    0,    0,    0,    0,    0,    0,    0,    0,    0,    0,    0,   15,    0,    0,    0,    0,   30,    0,    0,    0,    0,    0,    0,    0,    0,   21,    0,    0,   30,    0,   28,    0,    0,    0,   30,    0,    0,    0,    0,   13,   34,   32,    7,    0,   17,    0,    0,    0,    0,    0,    0,    0,    0,    0,    0,    0,    0,   11,    0,    0,    0,   34,   34,   34,   54,    0,    0,    0,   54,   30,    0,    0,    0,   45,    0,    0,    0,    0,    0,   17,    0,   17,    0,    0,    0,    0,    0,    0,    0,    0,    0,    0,    0,    0,    0,    0,    0,    0,    0,    0,    0,    0,    0,    0,    0,    0,    0,    0,    0,    0,    0,
       0,    0,  -30,    0,    0,    0,    0,    0,  -57,  -37,    0,  -37,    0,    0,    0,  -15,    0,    0,    0,    0,    0,    0,    0,    0,    0,    0,    0,   -9,    0,    0,   -9,    0,  -31,    0,  -25,   -8,    0,  -23,    0,  -43,    0,    0,    0,    0,    0,    0,    0,    0,   -7,    0,  -23,    0,    0,    0,  -35,  -21,  -59,  -37,  -32,    0,    0,    0,    0,    0,    0,    0,    0,    0,    0,    0,    0,    0,    0,  -31,    0,    0,    0,    0,    0,   -9,    0,    0,    0,   -7,  -43,   -7,    0,  -23,    0,    0,    0,    0,    0,    0,    0,    0,    0,    0,    0,    0,    0,    0,    0,    0,    0,    0,    0,    0,    0,    0,    0,  -28,  -25,    0,    0,
       0,    0,  -30,    0,    0,    0,    0,    0,  -55,  -24,    0,  -41,    0,    0,    0,  -15,    0,    0,    0,    0,    0,    0,    0,    0,    0,    0,    0,   -9,    0,    0,   -9,    0,  -31,    0,  -25,   -8,    0,  -34,    0,  -55,    0,    0,    0,    0,    0,    0,    0,    0,   -7,    0,  -23,    0,    0,    0,  -37,  -21,  -55,  -45,  -32,    0,    0,    0,    0,    0,    0,    0,    0,    0,    0,    0,    0,    0,    0,  -31,    0,    0,    0,    0,    0,   -9,    0,    0,    0,   -7,  -43,   -7,    0,  -34,    0,    0,    0,    0,    0,    0,    0,    0,    0,    0,    0,    0,    0,    0,    0,    0,    0,    0,    0,    0,    0,    0,    0,  -28,  -36,    0,    0,
       0,    0,    0,    0,    0,    0,    0,    4,    0,    0,    0,    0,    0,    0,    0,    0,    0,    0,    0,    0,    0,    0,    0,    0,    0,    0,    0,    0,    0,    0,    0,    0,    0,    0,    0,    0,    0,    0,    0,    0,    4,    0,    0,    0,    0,    0,    0,    0,   10,    0,    3,    0,    0,    0,    0,    0,    0,    0,    0,    0,    0,    0,    0,    0,    0,    0,    0,    0,   21,    0,    0,   11,   21,    0,    0,    0,    0,    0,    0,    0,    0,    0,    0,   10,    0,   10,    0,    0,    0,    0,    0,    0,    0,    0,    0,    0,    0,    0,    0,    0,    0,    0,    0,    0,    0,    0,    0,    0,    0,    0,    0,    0,    0,    0,    0,
       0,    0,    0,    0,   -1,  -11,    0,    0,    0,  -31,  -11,  -31,  -11,  -43,  -11,    0,    0,    0,  -23,    0,  -26,    0,    0,  -11,  -26,  -11,    0,  -10,  -29,    0,  -10,  -30,    0,    0,    0,    0,    0,    4,    0,    0,  -19,  -24,  -26,    0,    0,    0,  -19,  -25,  -34,  -25,  -21,  -21,  -14,  -15,  -31,  -43,    0,  -31,    0,  -17,    0,    0,  -38,  -38,  -43,    0,    0,    0,   30,  -43,  -42,    0,   30,    0,  -46,    0,    0,    0,  -46,  -10,    0,    0,    0,  -34,  -18,  -34,  -25,    4,    0,    0,    0,    0,    0,    0,    0,    0,    0,    0,    0,    0,    0,    0,    0,    0,    0,    0,    0,    0,    0,    0,    0,    0,    0,  -40,  -40,
       0,    0,    0,    0,    0,    0,    2,    5,    0,    0,  -15,    0,  -15,    0,    0,    0,    0,    0,    0,    0,    0,    0,    0,    0,    0,    0,    0,    0,    0,    0,    0,    0,    0,    0,    0,    0,    0,    0,    0,    0,    0,    0,    0,    0,    0,    0,    0,    0,    0,    0,    0,    0,    0,    0,    0,    0,    0,    0,    0,    0,    0,    0,    0,    0,    0,    0,    0,    0,    0,    0,    0,    0,    0,    0,    0,    0,    0,    0,    0,    0,    0,    0,    0,    0,    0,    0,    0,    0,    0,    0,    0,    0,    0,    0,    0,    0,    0,    0,    0,    0,    0,    0,    0,    0,    0,    0,    0,    0,    0,    0,    0,    0,    0,    0,  -15,
       0,    0,    0,    0,    0,    0,    0,    0,    0,    0,    0,    0,    0,    0,    0,    0,    0,    0,    0,    0,    0,    0,    0,    0,    0,    0,    0,    0,    0,    0,    0,    0,    0,    0,    0,    0,    0,    0,    0,    0,    0,    0,  -16,    0,    0,    0,    0,    0,   10,    0,    6,    0,    0,    0,    0,    0,    0,    0,    0,    0,    0,    0,    0,    0,  -16,    0,    0,    0,    0,  -16,    0,    0,    0,    0,    0,    0,    0,    0,    0,    0,    0,    0,    0,   10,    0,   10,    0,    0,    0,    0,    0,    0,    0,    0,    0,    0,    0,    0,    0,    0,    0,    0,    0,    0,    0,    0,    0,    0,    0,    0,    0,    0,    0,    0,    0,
       0,    0,    0,    0,    0,    0,    0,    0,    0,    0,  -15,    0,  -15,    0,    0,    0,    0,    0,    0,    0,    0,    0,    0,    0,    0,    0,    0,    0,    0,    0,    0,    0,    0,    0,    0,    0,    0,    0,    0,    0,    0,    0,    0,    0,    0,    0,    0,    0,    0,    0,    0,    0,    0,    0,    0,    0,    0,    0,    0,    0,    0,    0,    0,    0,    0,    0,    0,    0,    0,    0,    0,    0,    0,    0,    0,    0,    0,    0,    0,    0,    0,    0,    0,    0,    0,    0,    0,    0,    0,    0,    0,    0,    0,    0,    0,    0,    0,    0,    0,    0,    0,    0,    0,    0,    0,    0,    0,    0,    0,    0,    0,    0,    0,    0,  -15,
       0,    0,    0,    0,    0,    0,    0,    0,    0,    0,    0,    0,    0,    0,    0,    0,    0,    0,    0,    0,    0,    0,    0,    0,    0,    0,    0,    0,    0,    0,    0,    0,  -17,    0,    0,    0,    0,    0,    0,    0,   21,    0,    0,    0,    0,    0,    0,    0,    0,    0,    0,    0,    0,    0,    0,    0,    0,    0,    0,    0,    0,    0,    0,    0,    0,    0,    0,    0,    0,    0,    0,    0,    0,  -17,    7,    0,    0,    0,    7,    0,    0,    0,    0,    0,    0,    0,    0,    0,    0,    0,    0,    0,    0,    0,    0,    0,    0,    0,    0,    0,    0,    0,    0,    0,    0,    0,    0,    0,    0,    0,    0,    0,    0,    0,    0,
       0,    0,    0,    0,   -4,    0,    0,    0,    0,  -41,    0,  -41,    0,    0,  -12,    0,    0,   -7,  -13,    0,    0,   -7,    0,    0,  -17,  -17,    0,  -15,    0,    0,  -15,    0,  -13,    0,    0,    0,    0,    0,    0,    0,    0,  -19,   -9,    0,    0,    0,    0,    0,    0,    0,    0,    0,    0,    0,  -41,  -30,    0,  -41,    0,    0,    0,    0,  -19,  -19,   -9,    0,    0,    0,    0,   -9,    0,    0,    0,  -13,    0,    0,   -7,    0,    0,  -32,  -11,    0,    0,  -21,  -28,    0,    0,    0,    0,    0,    0,    0,    0,    0,    0,    0,    0,    0,    0,    0,    0,    0,    0,    0,    0,    0,    0,    0,    0,    0,    0,    0,    0,    0,    0,
       0,    0,    0,    0,    0,    0,    0,    0,    0,    0,  -15,    0,  -15,  -13,    0,    0,    0,    0,    0,    0,    0,    0,    0,    0,    0,    0,    0,    0,  -13,    0,    0,    0,  -10,    0,  -13,   -5,  -15,  -13,    0,    0,  -13,    0,    0,    0,    0,    0,    0,    0,    0,    0,    0,    0,    0,    0,    0,    0,    0,    0,    0,    0,    0,    0,    0,    0,    0,    0,    0,    0,    0,    0,    0,    0,    0,  -10,    0,  -32,    0,    0,    0,    0,    0,    0,    0,    0,    0,    0,    0,  -13,    0,    0,    0,    0,    0,    0,    0,    0,    0,    0,    0,    0,    0,    0,    0,    0,    0,    0,    0,    0,    0,    0,    0,  -11,    0,  -30,  -15,
       0,    0,  -11,    0,    0,    0,    0,    0,  -11,  -11,    6,  -11,    6,    0,   -5,    0,    0,    0,   -5,    0,    0,   -3,    0,    0,    0,    0,    0,    0,    0,    0,    0,    0,    0,    0,    0,    0,    0,    0,    0,  -11,    0,    0,   -6,  -10,    0,    0,    0,    0,  -10,    0,   -9,  -10,    0,    0,  -11,    0,  -11,  -11,    0,    0,    0,    0,    0,    0,   -6,    0,    0,    0,    0,   -6,    0,    0,    0,    0,    0,    0,    0,    0,    0,    0,    0,    0,    0,  -10,  -11,  -10,    0,    0,    0,    0,    0,    0,    0,    0,    0,    0,    0,    0,    0,    0,    0,    0,    0,    0,    0,    0,    0,    0,    0,    0,    0,    0,  -11,    0,    6,
       0,    0,    0,    0,    0,    0,    0,    0,    0,  -13,  -42,  -13,  -42,  -11,    0,    0,    0,    0,    0,    0,    0,    0,    0,    0,  -13,    0,    0,    0,  -13,    5,    0,  -19,  -19,    0,    0,    0,    0,    0,  -11,    0,    0,   -3,   -7,    6,    2,    5,    3,    0,    6,    0,    5,    3,    5,    0,  -13,    0,    0,  -13,    0,    0,    0,    0,   -3,   -3,   -7,    2,    2,    2,    7,   -7,    0,    0,    7,  -19,    0,    0,    0,    5,    0,    0,    0,   -6,   -6,    6,    0,    6,    0,    0,    0,    0,    0,    0,    0,    0,    0,    0,    0,    0,    0,    0,    0,    0,    0,    0,    0,    0,    0,    0,    0,    0,    0,  -13,    5,  -51,  -42,
       0,    0,    0,    0,    0,    0,    0,   -9,    0,    0,    0,    0,    0,    0,    0,    0,    0,    0,    0,    0,    0,    0,    0,    0,    0,    0,    0,    0,    0,    0,    0,    0,  -35,    0,  -35,    0,   -9,  -57,    0,    0,    0,    0,    0,    0,    0,    0,    0,    0,   -8,    0,  -11,   -9,   -7,    0,    0,    0,    0,    0,  -17,    0,    0,    0,    0,    0,    0,    0,    0,    0,    0,    0,    0,    0,    0,  -35,    0,   -9,    0,    0,    0,    0,    0,    0,    0,   -8,    0,  -36,    0,  -57,    0,    0,    0,    0,    0,    0,    0,    0,    0,    0,    0,    0,    0,    0,    0,    0,    0,    0,    0,    0,    0,    0,    0,  -24,    0,    0,    0,
       0,    0,    0,    0,    0,  -21,    0,    0,    0,  -23,  -18,  -23,  -18,    0,    0,    0,    0,    0,  -23,    0,    0,    0,    0,  -21,  -34,  -32,    0,  -13,  -26,    0,  -13,  -11,    4,    0,    0,    0,    0,    0,    0,    0,    0,  -30,  -66,    0,   -8,    0,  -13,  -23,    0,  -13,    0,    0,    0,    0,  -23,  -30,    0,  -40,    0,  -21,    0,    0,  -53,  -47,  -66,   -8,  -19,   -8,    0,  -66,  -13,    0,    0,    4,    0,    0,    0,    0,    0,  -13,    0,    0,    0,    0,  -16,    0,  -23,    0,    0,    0,    0,    0,    0,    0,    0,    0,    0,    0,    0,    0,    0,    0,    0,    0,    0,    0,    0,    0,    0,    0,    0,    0,    0,  -36,  -50,
       0,    0,    0,    0,    0,    0,    0,    0,    0,    0,    0,    0,    0,    0,    0,    0,    0,    0,    0,    0,    0,    0,    0,    0,    0,    0,    0,    0,    0,    0,    0,    0,    0,    0,    0,    0,    0,    0,    0,    0,    0,    0,    0,    0,    0,    0,    0,    0,    0,    0,    0,    0,    0,    0,    0,    0,    0,    0,    0,    0,    0,    0,    0,    0,    0,    0,    0,    0,    0,    0,    0,    0,    0,    0,    0,    0,    0,    0,    0,    0,    0,    0,    0,    0,    0,    0,    0,    0,    0,    0,    0,    0,    0,    0,    0,    0,   -7,    0,   -4,   -1,    0,    0,    0,    0,    0,   -7,    0,   -3,    0,   -7,    0,    0,    0,    0,    0,
       0,    0,    0,    0,    0,    0,    0,    0,    0,    0,    0,    0,    0,    0,    0,    0,    0,    0,    0,    0,    0,    0,    0,    0,    0,    0,    0,    0,    0,    0,    0,    0,    0,    0,    0,    0,    0,    0,    0,    0,    0,    0,    0,    0,    0,    0,    0,    0,    0,    0,    0,    0,    0,    0,    0,    0,    0,    0,    0,    0,    0,    0,    0,    0,    0,    0,    0,    0,    0,    0,    0,    0,    0,    0,    0,    0,    0,    0,    0,    0,    0,    0,    0,    0,    0,    0,    0,    0,    0,    0,    0,   -2,    0,    0,    0,    0,    0,   -2,    0,    0,    0,    0,   -8,    0,    0,   -8,    0,    0,   -3,    0,    0,    0,    0,    0,    0,
       0,    0,    0,    0,    0,    0,    0,    0,    0,    0,    0,    0,    0,    0,    0,    0,    0,    0,    0,    0,    0,    0,    0,    0,    0,    0,    0,    0,    0,    0,    0,    0,    0,    0,    0,    0,    0,    0,    0,    0,    0,    0,    0,    0,    0,    0,    0,    0,    0,    0,    0,    0,    0,    0,    0,    0,    0,    0,    0,    0,    0,    0,    0,    0,    0,    0,    0,    0,    0,    0,    0,    0,    0,    0,    0,    0,    0,    0,    0,    0,    0,    0,    0,    0,    0,    0,    0,    0,    0,    3,    0,    0,    0,    0,    0,   -2,   -8,    0,   -2,   -4,    0,   -5,    0,    0,    0,   -3,    0,    0,    0,    0,    0,    0,    0,    0,    0,
       0,    0,    0,    0,    0,    0,    0,    0,    0,    0,    0,    0,    0,    0,    0,    0,    0,    0,    0,    0,    0,    0,    0,    0,    0,    0,    0,    0,    0,    0,    0,    0,    0,    0,    0,    0,    0,    0,    0,    0,    0,    0,    0,    0,    0,    0,    0,    0,    0,    0,    0,    0,    0,    0,    0,    0,    0,    0,    0,    0,    0,    0,    0,    0,    0,    0,    0,    0,    0,    0,    0,    0,    0,    0,    0,    0,    0,    0,    0,    0,    0,    0,    0,    0,    0,    0,    0,    0,    0,  -13,    0,    0,   -7,    0,    0,   -2,    0,  -17,  -11,    0,   -3,   -2,   -8,    0,  -17,  -11,    0,    0,  -11,    0,    0,    0,    0,    0,    0,
       0,    0,    0,    0,    0,    0,    0,    0,    0,    0,    0,    0,    0,    0,    0,    0,    0,    0,    0,    0,    0,    0,    0,    0,    0,    0,    0,    0,    0,    0,    0,    0,    0,    0,    0,    0,    0,    0,    0,    0,    0,    0,    0,    0,    0,    0,    0,    0,    0,    0,    0,    0,    0,    0,    0,    0,    0,    0,    0,    0,    0,    0,    0,    0,    0,    0,    0,    0,    0,    0,    0,    0,    0,    0,    0,    0,    0,    0,    0,    0,    0,    0,    0,    0,    0,    0,    0,    0,    0,   -4,    0,    0,    0,    0,    0,   -4,    0,    0,    0,    0,   -3,    0,   -5,    0,    0,   -7,    0,    0,   -7,    0,    0,    0,    0,    0,    0,
       0,    0,    0,    0,    0,    0,    0,    0,    0,    0,    0,    0,    0,    0,    0,    0,    0,    0,    0,    0,    0,    0,    0,    0,    0,    0,    0,    0,    0,    0,    0,    0,    0,    0,    0,    0,    0,    0,    0,    0,    0,    0,    0,    0,    0,    0,    0,    0,    0,    0,    0,    0,    0,    0,    0,    0,    0,    0,    0,    0,    0,    0,    0,    0,    0,    0,    0,    0,    0,    0,    0,    0,    0,    0,    0,    0,    0,    0,    0,    0,    0,    0,    0,    0,    0,    0,    0,    0,    0,   -2,    0,    0,    0,    0,    0,    0,    0,    0,    0,    0,    0,    0,    0,    0,    0,    0,    0,    0,    0,    0,    0,    0,    0,    0,    0,
       0,    0,    0,    0,    0,    0,    0,    0,    0,    0,    0,    0,    0,    0,    0,    0,    0,    0,    0,    0,    0,    0,    0,    0,    0,    0,    0,    0,    0,    0,    0,    0,    0,    0,    0,    0,    0,    0,    0,    0,    0,    0,    0,    0,    0,    0,    0,    0,    0,    0,    0,    0,    0,    0,    0,    0,    0,    0,    0,    0,    0,    0,    0,    0,    0,    0,    0,    0,    0,    0,    0,    0,    0,    0,    0,    0,    0,    0,    0,    0,    0,    0,    0,    0,    0,    0,    0,    0,    0,    0,    0,   -2,    0,    0,    0,   -7,    0,  -12,   -1,    0,    0,    0,    0,    0,   -7,   -5,   -2,   -2,   -2,    0,    0,    0,    0,    0,    0,
       0,    0,    0,    0,    0,    0,    0,    0,    0,    0,    0,    0,    0,    0,    0,    0,    0,    0,    0,    0,    0,    0,    0,    0,    0,    0,    0,    0,    0,    0,    0,    0,    0,    0,    0,    0,    0,    0,    0,    0,    0,    0,    0,    0,    0,    0,    0,    0,    0,    0,    0,    0,    0,    0,    0,    0,    0,    0,    0,    0,    0,    0,    0,    0,    0,    0,    0,    0,    0,    0,    0,    0,    0,    0,    0,    0,    0,    0,    0,    0,    0,    0,    0,    0,    0,    0,    0,    0,    0,  -20,    0,    0,   -7,    0,   -5,   -5,    0,    0,   -5,    0,  -10,   -5,   -5,    0,    0,   -7,    0,    0,   -7,    0,   -7,    0,    0,    0,    0,
       0,    0,    0,    0,    0,    0,    0,    0,    0,    0,    0,    0,    0,    0,    0,    0,    0,    0,    0,    0,    0,    0,    0,    0,    0,    0,    0,    0,    0,    0,    0,    0,    0,    0,    0,    0,    0,    0,    0,    0,    0,    0,    0,    0,    0,    0,    0,    0,    0,    0,    0,    0,    0,    0,    0,    0,    0,    0,    0,    0,    0,    0,    0,    0,    0,    0,    0,    0,    0,    0,    0,    0,    0,    0,    0,    0,    0,    0,    0,    0,    0,    0,    0,    0,    0,    0,    0,    0,    0,    0,    0,    0,    0,    0,    0,   -2,    0,    0,   -2,    0,    0,   -4,   -4,    0,   -7,   -7,    0,    0,    0,    0,    0,    0,    0,    0,    0,
       0,    0,    0,    0,    0,    0,    0,    0,    0,    0,    0,    0,    0,    0,    0,    0,    0,    0,    0,    0,    0,    0,    0,    0,    0,    0,    0,    0,    0,    0,    0,    0,    0,    0,    0,    0,    0,    0,    0,    0,    0,    0,    0,    0,    0,    0,    0,    0,    0,    0,    0,    0,    0,    0,    0,    0,    0,    0,    0,    0,    0,    0,    0,    0,    0,    0,    0,    0,    0,    0,    0,    0,    0,    0,    0,    0,    0,    0,    0,    0,    0,    0,    0,    0,    0,    0,    0,    0,    0,  -13,   -2,    0,    0,    0,    0,   -2,    0,  -10,   -7,    0,    0,    0,   -2,    0,  -15,   -4,    0,    0,    0,    3,   -1,    0,    0,    0,    0,
       0,    0,    0,    0,    0,    0,    0,    0,    0,    0,    0,    0,    0,    0,    0,    0,    0,    0,    0,    0,    0,    0,    0,    0,    0,    0,    0,    0,    0,    0,    0,    0,    0,    0,    0,    0,    0,    0,    0,    0,    0,    0,    0,    0,    0,    0,    0,    0,    0,    0,    0,    0,    0,    0,    0,    0,    0,    0,    0,    0,    0,    0,    0,    0,    0,    0,    0,    0,    0,    0,    0,    0,    0,    0,    0,    0,    0,    0,    0,    0,    0,    0,    0,    0,    0,    0,    0,    0,    0,    0,    0,    0,    0,    0,    0,    0,    0,    0,   -7,    0,   -2,   -7,   -8,    0,    0,   -9,    0,    0,    0,    0,    0,    0,    0,    0,    0,
       0,    0,    0,    0,    0,    0,    0,    0,    0,    0,    0,    0,    0,    0,    0,    0,    0,    0,    0,    0,    0,    0,    0,    0,    0,    0,    0,    0,    0,    0,    0,    0,    0,    0,    0,    0,    0,    0,    0,    0,    0,    0,    0,    0,    0,    0,    0,    0,    0,    0,    0,    0,    0,    0,    0,    0,    0,    0,    0,    0,    0,    0,    0,    0,    0,    0,    0,    0,    0,    0,    0,    0,    0,    0,    0,    0,    0,    0,    0,    0,    0,    0,    0,    0,    0,    0,    0,    0,    0,    0,    0,    0,    0,    0,    0,   -4,   -6,    0,   -3,    0,    0,    0,    0,    0,    0,    0,    0,    0,    0,    0,    0,    0,    0,    0,    0,
       0,    0,    0,    0,    0,    0,    0,    0,    0,    0,    0,    0,    0,    0,    0,    0,    0,    0,    0,    0,    0,    0,    0,    0,    0,    0,    0,    0,    0,    0,    0,    0,    0,    0,    0,    0,    0,    0,    0,    0,    0,    0,    0,    0,    0,    0,    0,    0,    0,    0,    0,    0,    0,    0,    0,    0,    0,    0,    0,    0,    0,    0,    0,    0,    0,    0,    0,    0,    0,    0,    0,    0,    0,    0,    0,    0,    0,    0,    0,    0,    0,    0,    0,    0,    0,    0,    0,    0,    0,    0,    0,    0,    0,    0,    0,   -2,    0,  -10,    0,   -2,    0,    0,   -2,    0,   -4,   -2,    0,    0,   -7,    0,    0,    0,    0,    0,    0,
       0,    0,    0,    0,    0,    0,    0,    0,    0,    0,    0,    0,    0,    0,    0,    0,    0,    0,    0,    0,    0,    0,    0,    0,    0,    0,    0,    0,    0,    0,    0,    0,    0,    0,    0,    0,    0,    0,    0,    0,    0,    0,    0,    0,    0,    0,    0,    0,    0,    0,    0,    0,    0,    0,    0,    0,    0,    0,    0,    0,    0,    0,    0,    0,    0,    0,    0,    0,    0,    0,    0,    0,    0,    0,    0,    0,    0,    0,    0,    0,    0,    0,    0,    0,    0,    0,    0,    0,    0,    0,    0,    0,    0,    0,    0,   -5,    0,    0,    0,    0,    0,    0,   -3,    0,    0,    0,    0,    0,    0,    0,    0,    0,    0,    0,    0,
       0,    0,    0,    0,    0,    0,    0,    0,    0,    0,    0,    0,    0,    0,    0,    0,    0,    0,    0,    0,    0,    0,    0,    0,    0,    0,    0,    0,    0,    0,    0,    0,    0,    0,    0,    0,    0,    0,    0,    0,    0,    0,    0,    0,    0,    0,    0,    0,    0,    0,    0,    0,    0,    0,    0,    0,    0,    0,    0,    0,    0,    0,    0,    0,    0,    0,    0,    0,    0,    0,    0,    0,    0,    0,    0,    0,    0,    0,    0,    0,    0,    0,    0,    0,    0,    0,    0,    0,    0,    0,    0,    0,    0,    0,    0,    0,    0,   -5,   -7,   -5,    0,    0,   -5,    0,  -12,   -2,    0,    0,    0,   -5,    0,    0,    0,    0,    0,
       0,    0,    0,    0,    0,    0,    0,    0,    0,    0,    0,    0,    0,    0,    0,    0,    0,    0,    0,    0,    0,    0,    0,    0,    0,    0,    0,    0,    0,    0,    0,    0,    0,    0,    0,    0,    0,    0,    0,    0,    0,    0,    0,    0,    0,    0,    0,    0,    0,    0,    0,    0,    0,    0,    0,    0,    0,    0,    0,    0,    0,    0,    0,    0,    0,    0,    0,    0,    0,    0,    0,    0,    0,    0,    0,    0,    0,    0,    0,    0,    0,    0,    0,    0,    0,    0,    0,    0,   -2,   -3,    0,   -2,    0,    0,    0,    0,   -7,    0,    0,    0,   -3,    0,   -8,    0,    0,   -7,    0,    0,    0,    0,    0,    0,    0,    0,    0,
       0,    0,    0,    0,    0,    0,    0,    0,    0,    0,    0,    0,    0,    0,    0,    0,    0,    0,    0,    0,    0,    0,    0,    0,    0,    0,    0,    0,    0,    0,    0,    0,    0,    0,    0,    0,    0,    0,    0,    0,    0,    0,    0,    0,    0,    0,    0,    0,    0,    0,    0,    0,    0,    0,    0,    0,    0,    0,    0,    0,    0,    0,    0,    0,    0,    0,    0,    0,    0,    0,    0,    0,    0,    0,    0,    0,    0,    0,    0,    0,    0,    0,    0,    0,    0,    0,    0,    0,    0,  -13,    0,    0,    0,    0,    0,   -7,    0,  -10,   -2,    0,    0,   -5,   -7,    0,  -10,   -7,    0,    0,   -7,    0,   -8,    0,    0,    0,    0,
       0,    0,    0,    0,    0,    0,    0,    0,    0,    0,    0,    0,    0,    0,    0,    0,    0,    0,    0,    0,    0,    0,    0,    0,    0,    0,    0,    0,    0,    0,    0,    0,    0,    0,    0,    0,    0,    0,    0,    0,    0,    0,    0,    0,    0,    0,    0,    0,    0,    0,    0,    0,    0,    0,    0,    0,    0,    0,    0,    0,    0,    0,    0,    0,    0,    0,    0,    0,    0,    0,    0,    0,    0,    0,    0,    0,    0,    0,    0,    0,    0,    0,    0,    0,    0,    0,    0,    0,    0,   -9,    0,    0,    0,    0,    0,   -2,    0,    0,   -9,    0,   -5,    0,   -7,    0,    0,   -5,    0,    0,   -5,    0,    0,    0,    0,    0,    0,
       0,    0,    0,    0,    0,    0,    0,    0,    0,    0,    0,    0,    0,    0,    0,    0,    0,    0,    0,    0,    0,    0,    0,    0,    0,    0,    0,    0,    0,    0,    0,    0,    0,    0,    0,    0,    0,    0,    0,    0,    0,    0,    0,    0,    0,    0,    0,    0,    0,    0,    0,    0,    0,    0,    0,    0,    0,    0,    0,    0,    0,    0,    0,    0,    0,    0,    0,    0,    0,    0,    0,    0,    0,    0,    0,    0,    0,    0,    0,    0,    0,    0,    0,    0,    0,    0,    0,    0,    0,    0,    0,  -16,    0,  -17,    0,    0,   -6,    0,   -2,   -2,    0,  -12,  -13,  -13,    0,   -3,    0,    0,    0,   -7,    0,    0,    0,    0,    0,
       0,    0,    0,    0,    0,    0,    0,    0,    0,    0,    0,    0,    0,    0,    0,    0,    0,    0,    0,    0,    0,    0,    0,    0,    0,    0,    0,    0,    0,    0,    0,    0,    0,    0,    0,    0,    0,    0,    0,    0,    0,    0,    0,    0,    0,    0,    0,    0,    0,    0,    0,    0,    0,    0,    0,    0,    0,    0,    0,    0,    0,    0,    0,    0,    0,    0,    0,    0,   32,    0,    0,    0,   32,    0,    0,    0,    0,    0,    0,    0,    0,    0,    0,    0,    0,    0,    0,    0,    0,    0,    0,    0,    0,    0,    0,    0,    0,    0,    0,    0,    0,    0,    0,    0,    0,    0,    0,    0,    0,    0,    0,    0,    0,    0,    0,
       0,    0,    0,    0,    0,  -21,    0,    0,    0,    0,  -33,    0,  -33,  -32,    0,    0,    0,    0,  -21,    0,    0,    0,    0,    0,    0,    0,    0,    0,  -32,    0,    0,  -49,    0,    0,    0,    0,    0,    0,    0,    0,    0,    0,  -13,    0,    0,    0,    0,   -6,    0,    0,    0,    0,    0,    0,    0,    0,    0,    0,    0,    0,  -21,    0,    0,    0,  -13,    0,    0,    0,    0,  -13,    0,    0,    0,    0,  -38,    0,    0,    0,  -21,    0,    0,  -47,  -28,    0,    0,    0,   -6,    0,    0,    0,    0,    0,    0,    0,    0,    0,    0,    0,    0,    0,    0,    0,    0,    0,    0,    0,    0,    0,    0,    0,    0,    0,    0,  -28,  -33,
       0,    0,    0,  -42,    0,  -23,    0,    0,    0,  -19,  -40,  -19,  -40,  -47,  -15,    0,    0,    0,  -32,    0,  -21,  -13,    0,  -19,  -32,  -19,    0,  -19,  -46,    0,  -19,  -42,    0,    0,    0,    0,    0,    0,    0,    0,  -13,  -19,  -21,    0,    0,    0,   -9,  -24,    3,  -13,    3,    0,    0,    0,  -34,  -28,    0,  -19,    0,    0,  -23,    0,  -19,  -19,  -21,    0,    0,    0,    0,  -21,  -13,    0,    0,    0,  -30,    0,    0,    0,  -17,  -19,    0,  -40,  -21,    3,    0,    3,  -35,    0,    0,    0,    0,    0,    0,    0,    0,    0,    0,    0,    0,    0,    0,    0,    0,    0,    0,    0,    0,    0,    0,    0,    0,    0,    0,    0,  -40,
       0,    0,    0,    0,    0,    0,    0,    0,    0,    0,    0,    0,    0,    0,    0,  -23,    0,    0,    0,    0,    0,    0,    0,    0,    0,    0,    0,    0,    0,    0,    0,    0,  -32,    0,  -30,  -21,    0,  -36,    0,    0,    0,  -11,    0,    0,    0,    0,    0,    0,    0,    0,  -17,    0,    0,    0,    0,    0,    0,    0,    0,    0,    0,    0,  -11,  -11,    0,    0,    0,    0,    0,    0,    0,    0,    0,  -32,   17,    0,    0,    0,   17,    0,  -21,   21,   21,  -17,    0,    0,    0,  -36,    0,    0,    0,    0,    0,    0,    0,    0,    0,    0,    0,    0,    0,    0,    0,    0,    0,    0,    0,    0,    0,    0,    0,  -42,  -32,    0,    0,
};

static const EpdFontData ui_10_semibold = {
    ui_10_semiboldBitmaps,
    ui_10_semiboldGlyphs,
    ui_10_semiboldIntervals,
    136,
    25,
    21,
    -6,
    false,
    nullptr,
    0,
    nullptr,
    ui_10_semiboldKernLeftClasses,
    ui_10_semiboldKernRightClasses,
    ui_10_semiboldKernMatrix,
    360,
    366,
    110,
    115,
    nullptr,
    0,
};
