/**
 * generated by fontconvert.py
 * name: ui_14_medium
 * size: 14
 * mode: 1-bit
 * Generated by scripts/build_ui_fonts.py
 */
#pragma once
#include "EpdFontData.h"

static const uint8_t ui_14_mediumBitmaps[59343] = {
    0x77, 0x77, 0x77, 0x77, 0x77, 0x77, 0x77, 0x00, 0x06, 0xFF, 0x60, 0xE7, 0x73, 0xB9, 0xDC, 0xEE,
    0x77, 0x3B, 0x9D, 0xCE, 0x03, 0x87, 0x00, 0x60, 0xE0, 0x0C, 0x1C, 0x03, 0x83, 0x80, 0x70, 0x60,
    0x7F, 0xFF, 0x8F, 0xFF, 0xF1, 0xFF, 0xFE, 0x06, 0x0E, 0x01, 0xC1, 0xC0, 0x38, 0x30, 0x07, 0x0E,
    0x00, 0xE1, 0xC0, 0xFF, 0xFF, 0x3F, 0xFF, 0xE3, 0xFF, 0xF8, 0x1C, 0x18, 0x03, 0x87, 0x00, 0x70,
    0xE0, 0x0C, 0x1C, 0x01, 0x83, 0x80, 0x01, 0x80, 0x00, 0xC0, 0x00, 0x60, 0x00, 0x30, 0x00, 0x7F,
    0x00, 0xFF, 0xE0, 0xFF, 0xF8, 0xFB, 0x3C, 0x79, 0x8F, 0x38, 0xC3, 0x9C, 0x60, 0x0F, 0x30, 0x03,
    0xF8, 0x00, 0xFF, 0x00, 0x3F, 0xF0, 0x03, 0xFC, 0x01, 0xBF, 0x00, 0xC7, 0x80, 0x61, 0xDE, 0x30,
    0xE7, 0x18, 0xF3, 0xCC, 0xF8, 0xFF, 0xF8, 0x3F, 0xF8, 0x07, 0xF0, 0x00, 0xC0, 0x00, 0x60, 0x00,
    0x30, 0x00, 0x3C, 0x00, 0x70, 0xFC, 0x01, 0xC3, 0xFC, 0x07, 0x87, 0x18, 0x1E, 0x0C, 0x30, 0x38,
    0x18, 0x60, 0xE0, 0x39, 0xC3, 0xC0, 0x7F, 0x87, 0x00, 0x7E, 0x1C, 0x00, 0x38, 0x78, 0x00, 0x00,
    0xE0, 0x00, 0x03, 0x87, 0xC0, 0x0E, 0x1F, 0xC0, 0x1C, 0x71, 0xC0, 0x70, 0xC1, 0x81, 0xC1, 0x83,
    0x07, 0x83, 0x06, 0x0E, 0x07, 0x1C, 0x38, 0x0F, 0xF8, 0xE0, 0x0F, 0xE1, 0xC0, 0x0F, 0x80, 0x0F,
    0xC0, 0x07, 0xF8, 0x03, 0xFF, 0x00, 0xF3, 0xC0, 0x38, 0x70, 0x0E, 0x1C, 0x03, 0xCF, 0x00, 0xF7,
    0x80, 0x1F, 0xC0, 0x03, 0xE0, 0x01, 0xF8, 0x00, 0xFF, 0x1C, 0x7B, 0xC7, 0x3C, 0x79, 0xCE, 0x0F,
    0xF3, 0x81, 0xF8, 0xF0, 0x3E, 0x3C, 0x1F, 0x87, 0xFF, 0xE0, 0xFF, 0xFC, 0x0F, 0xC7, 0x80, 0xEE,
    0xEE, 0xEE, 0xEE, 0x1E, 0x38, 0xF1, 0xC7, 0x8F, 0x1C, 0x38, 0xF1, 0xE3, 0xC7, 0x0E, 0x1C, 0x38,
    0x70, 0xF1, 0xE3, 0xC3, 0x87, 0x8F, 0x0E, 0x1E, 0x1C, 0x3C, 0x70, 0x70, 0x38, 0x38, 0x3C, 0x1C,
    0x1C, 0x1E, 0x1E, 0x1E, 0x0E, 0x0E, 0x0E, 0x0E, 0x0E, 0x0E, 0x0E, 0x1E, 0x1E, 0x1C, 0x1C, 0x3C,
    0x38, 0x38, 0x70, 0x70, 0x06, 0x00, 0x60, 0x46, 0x2F, 0x6F, 0x7F, 0xE1, 0xF8, 0x1F, 0x87, 0xFE,
    0xF6, 0xF4, 0x62, 0x06, 0x00, 0x60, 0x03, 0x80, 0x07, 0x00, 0x0E, 0x00, 0x1C, 0x00, 0x38, 0x00,
    0x70, 0x1F, 0xFF, 0x7F, 0xFF, 0xFF, 0xFE, 0x07, 0x00, 0x0E, 0x00, 0x1C, 0x00, 0x38, 0x00, 0x70,
    0x00, 0xE0, 0x00, 0x38, 0xE3, 0x9E, 0x71, 0xC7, 0x18, 0xFF, 0xFF, 0xFF, 0xE0, 0x6F, 0xF6, 0x01,
    0xC0, 0x38, 0x07, 0x01, 0xC0, 0x38, 0x07, 0x00, 0xE0, 0x38, 0x07, 0x00, 0xE0, 0x38, 0x07, 0x00,
    0xE0, 0x1C, 0x07, 0x00, 0xE0, 0x1C, 0x07, 0x80, 0xE0, 0x1C, 0x03, 0x80, 0xE0, 0x1C, 0x03, 0x80,
    0x70, 0x00, 0x07, 0xE0, 0x1F, 0xF8, 0x3F, 0xFC, 0x3C, 0x3E, 0x78, 0x1E, 0x70, 0x0E, 0xF0, 0x0F,
    0xF0, 0x0F, 0xE0, 0x07, 0xE0, 0x07, 0xE0, 0x07, 0xE0, 0x07, 0xE0, 0x07, 0xF0, 0x0F, 0xF0, 0x0F,
    0x70, 0x0E, 0x78, 0x1E, 0x7C, 0x3E, 0x3F, 0xFC, 0x1F, 0xF8, 0x07, 0xE0, 0x0F, 0x1F, 0x9F, 0xDE,
    0xEE, 0x76, 0x38, 0x1C, 0x0E, 0x07, 0x03, 0x81, 0xC0, 0xE0, 0x70, 0x38, 0x1C, 0x0E, 0x07, 0x03,
    0x81, 0xC0, 0xE0, 0x70, 0x0F, 0xC0, 0xFF, 0xC7, 0xFF, 0x9E, 0x0F, 0xF0, 0x3F, 0x80, 0x70, 0x01,
    0xC0, 0x0F, 0x00, 0x3C, 0x01, 0xE0, 0x0F, 0x00, 0x78, 0x03, 0xE0, 0x1F, 0x00, 0xF8, 0x07, 0xC0,
    0x3E, 0x01, 0xF0, 0x0F, 0xFF, 0xFF, 0xFF, 0xFF, 0xFC, 0x07, 0xF0, 0x1F, 0xF8, 0x3F, 0xFC, 0x78,
    0x1E, 0x70, 0x0E, 0x00, 0x0E, 0x00, 0x1E, 0x00, 0x1C, 0x03, 0xFC, 0x03, 0xF0, 0x03, 0xF8, 0x00,
    0x3C, 0x00, 0x1E, 0x00, 0x0E, 0x00, 0x0E, 0xF0, 0x0E, 0x70, 0x1E, 0x78, 0x1E, 0x3F, 0xFC, 0x1F,
    0xF8, 0x0F, 0xE0, 0x00, 0x78, 0x00, 0xF8, 0x01, 0xF8, 0x01, 0xF8, 0x03, 0xF8, 0x07, 0xB8, 0x07,
    0x38, 0x0F, 0x38, 0x0E, 0x38, 0x1C, 0x38, 0x3C, 0x38, 0x38, 0x38, 0x70, 0x38, 0xF0, 0x38, 0xFF,
    0xFF, 0xFF, 0xFF, 0xFF, 0xFF, 0x00, 0x38, 0x00, 0x38, 0x00, 0x38, 0x00, 0x38, 0x7F, 0xF8, 0xFF,
    0xF1, 0xFF, 0xE3, 0x80, 0x07, 0x00, 0x0E, 0x00, 0x1C, 0x00, 0x3B, 0xE0, 0xFF, 0xF1, 0xFF, 0xF1,
    0xC1, 0xE0, 0x01, 0xE0, 0x01, 0xC0, 0x03, 0x80, 0x07, 0x70, 0x0E, 0xF0, 0x3D, 0xE0, 0xF1, 0xFF,
    0xE1, 0xFF, 0x80, 0xFC, 0x00, 0x07, 0xE0, 0x1F, 0xF8, 0x3F, 0xFC, 0x3C, 0x3C, 0x78, 0x1E, 0x70,
    0x00, 0xF0, 0x00, 0xE3, 0xE0, 0xEF, 0xF8, 0xFF, 0xFC, 0xF8, 0x3C, 0xF8, 0x1E, 0xF0, 0x0E, 0xF0,
    0x0E, 0xF0, 0x0E, 0xF0, 0x0E, 0x70, 0x1E, 0x78, 0x3C, 0x3F, 0xFC, 0x1F, 0xF8, 0x07, 0xE0, 0xFF,
    0xFF, 0xFF, 0xFF, 0xFF, 0xC0, 0x0F, 0x00, 0x38, 0x01, 0xE0, 0x07, 0x00, 0x3C, 0x00, 0xE0, 0x07,
    0x80, 0x1C, 0x00, 0xF0, 0x03, 0x80, 0x1E, 0x00, 0x70, 0x03, 0xC0, 0x0E, 0x00, 0x78, 0x01, 0xC0,
    0x0F, 0x00, 0x38, 0x00, 0x0F, 0xE0, 0x3F, 0xE0, 0xFF, 0xE3, 0xC1, 0xE7, 0x01, 0xCE, 0x03, 0x9C,
    0x07, 0x3C, 0x1E, 0x3F, 0xF8, 0x3F, 0xC0, 0xFF, 0xE3, 0xE3, 0xEF, 0x01, 0xFE, 0x03, 0xF8, 0x03,
    0xF0, 0x07, 0xF0, 0x1F, 0xF0, 0x79, 0xFF, 0xF1, 0xFF, 0xC0, 0xFE, 0x00, 0x0F, 0xE0, 0x1F, 0xF0,
    0x7F, 0xF8, 0x78, 0x3C, 0xF0, 0x1C, 0xF0, 0x1E, 0xE0, 0x1E, 0xE0, 0x1E, 0xF0, 0x1E, 0xF0, 0x3E,
    0x7C, 0x7E, 0x3F, 0xEE, 0x1F, 0xCE, 0x07, 0x0E, 0x00, 0x1E, 0xE0, 0x1C, 0xF0, 0x3C, 0x78, 0x38,
    0x7F, 0xF8, 0x3F, 0xF0, 0x0F, 0xC0, 0x6F, 0xF6, 0x00, 0x00, 0x00, 0x06, 0xFF, 0x60, 0x33, 0xDE,
    0x60, 0x00, 0x00, 0x00, 0x00, 0x07, 0xB9, 0xCE, 0x67, 0x39, 0xC0, 0x00, 0x00, 0x00, 0x30, 0x03,
    0xC0, 0x3F, 0x03, 0xF8, 0x3F, 0x83, 0xF8, 0x3F, 0x80, 0xF0, 0x03, 0xF0, 0x07, 0xF0, 0x07, 0xF0,
    0x07, 0xF0, 0x07, 0xF0, 0x03, 0xC0, 0x03, 0x00, 0x00, 0xFF, 0xFF, 0xFF, 0xFF, 0xFE, 0x00, 0x00,
    0x00, 0x00, 0x03, 0xFF, 0xFF, 0xFF, 0xFF, 0xF8, 0x00, 0x03, 0x00, 0x0F, 0x00, 0x3F, 0x00, 0x7F,
    0x00, 0x7F, 0x00, 0x7F, 0x00, 0x7F, 0x00, 0x3C, 0x03, 0xF0, 0x3F, 0x83, 0xF8, 0x3F, 0x83, 0xF8,
    0x0F, 0x00, 0x30, 0x00, 0x00, 0x00, 0x1F, 0xC1, 0xFF, 0x1F, 0xFD, 0xE0, 0xFF, 0x03, 0xF0, 0x1C,
    0x00, 0xE0, 0x0F, 0x00, 0xF0, 0x1F, 0x01, 0xF0, 0x1E, 0x00, 0xF0, 0x07, 0x00, 0x38, 0x00, 0x00,
    0x00, 0x00, 0x30, 0x03, 0xC0, 0x1E, 0x00, 0x60, 0x00, 0x00, 0x3F, 0x00, 0x00, 0x3F, 0xFE, 0x00,
    0x1F, 0xFF, 0xE0, 0x07, 0xE0, 0x3F, 0x01, 0xF0, 0x01, 0xF0, 0x78, 0x00, 0x1E, 0x0E, 0x00, 0x01,
    0xE3, 0xC1, 0xF6, 0x1C, 0x70, 0xFF, 0xC3, 0xDE, 0x3F, 0xF8, 0x3B, 0xC7, 0x07, 0x07, 0x71, 0xE0,
    0x60, 0xEE, 0x38, 0x0C, 0x1D, 0xC7, 0x01, 0x83, 0xB8, 0xE0, 0x30, 0x77, 0x1C, 0x06, 0x0E, 0xF3,
    0xC1, 0xC3, 0xDE, 0x38, 0x3C, 0x7B, 0xC7, 0xFF, 0xFE, 0x38, 0x7F, 0xBF, 0x87, 0x87, 0xC3, 0xE0,
    0x78, 0x00, 0x00, 0x0F, 0x80, 0x00, 0x00, 0xFC, 0x01, 0x00, 0x0F, 0xFF, 0xE0, 0x00, 0x7F, 0xFC,
    0x00, 0x03, 0xFF, 0x00, 0x00, 0x00, 0xF8, 0x00, 0x07, 0xC0, 0x00, 0x7E, 0x00, 0x03, 0xF8, 0x00,
    0x1D, 0xC0, 0x01, 0xEF, 0x00, 0x0E, 0x78, 0x00, 0x71, 0xC0, 0x07, 0x8F, 0x00, 0x38, 0x78, 0x01,
    0xC1, 0xC0, 0x1E, 0x0F, 0x00, 0xE0, 0x78, 0x0F, 0xFF, 0xC0, 0x7F, 0xFF, 0x03, 0xFF, 0xF8, 0x3C,
    0x01, 0xE1, 0xE0, 0x0F, 0x0E, 0x00, 0x38, 0xF0, 0x01, 0xE7, 0x80, 0x0F, 0x00, 0xFF, 0xE0, 0xFF,
    0xF8, 0xFF, 0xF8, 0xE0, 0x3C, 0xE0, 0x1C, 0xE0, 0x1C, 0xE0, 0x1C, 0xE0, 0x3C, 0xE0, 0x78, 0xFF,
    0xF0, 0xFF, 0xF0, 0xFF, 0xFC, 0xE0, 0x3E, 0xE0, 0x1E, 0xE0, 0x0E, 0xE0, 0x0E, 0xE0, 0x0E, 0xE0,
    0x1E, 0xFF, 0xFC, 0xFF, 0xF8, 0xFF, 0xF0, 0x03, 0xF8, 0x01, 0xFF, 0xC0, 0x7F, 0xFC, 0x1F, 0x03,
    0xC7, 0x80, 0x3C, 0xF0, 0x07, 0xBC, 0x00, 0x77, 0x80, 0x00, 0xE0, 0x00, 0x1C, 0x00, 0x03, 0x80,
    0x00, 0x70, 0x00, 0x0E, 0x00, 0x01, 0xE0, 0x00, 0x3C, 0x00, 0x73, 0xC0, 0x1E, 0x78, 0x03, 0xC7,
    0xC1, 0xF0, 0x7F, 0xFC, 0x07, 0xFF, 0x00, 0x3F, 0x80, 0xFF, 0xE0, 0x3F, 0xFE, 0x0F, 0xFF, 0xC3,
    0x80, 0x78, 0xE0, 0x0F, 0x38, 0x01, 0xCE, 0x00, 0x7B, 0x80, 0x0E, 0xE0, 0x03, 0xB8, 0x00, 0xEE,
    0x00, 0x3B, 0x80, 0x0E, 0xE0, 0x03, 0xB8, 0x01, 0xEE, 0x00, 0x7B, 0x80, 0x1C, 0xE0, 0x0F, 0x38,
    0x0F, 0x8F, 0xFF, 0xC3, 0xFF, 0xE0, 0xFF, 0xE0, 0x00, 0xFF, 0xFF, 0xFF, 0xFF, 0xFF, 0xB8, 0x00,
    0xE0, 0x03, 0x80, 0x0E, 0x00, 0x38, 0x00, 0xE0, 0x03, 0xFF, 0xEF, 0xFF, 0xBF, 0xFC, 0xE0, 0x03,
    0x80, 0x0E, 0x00, 0x38, 0x00, 0xE0, 0x03, 0x80, 0x0F, 0xFF, 0xBF, 0xFF, 0xFF, 0xFC, 0xFF, 0xFF,
    0xFF, 0xFF, 0xFF, 0xC0, 0x0E, 0x00, 0x70, 0x03, 0x80, 0x1C, 0x00, 0xE0, 0x07, 0xFF, 0xBF, 0xFF,
    0xFF, 0xFE, 0x00, 0x70, 0x03, 0x80, 0x1C, 0x00, 0xE0, 0x07, 0x00, 0x38, 0x01, 0xC0, 0x0E, 0x00,
    0x00, 0x03, 0xF8, 0x01, 0xFF, 0xC0, 0x7F, 0xFC, 0x1E, 0x07, 0xC7, 0x80, 0x78, 0xE0, 0x07, 0xBC,
    0x00, 0x77, 0x80, 0x00, 0xE0, 0x00, 0x1C, 0x00, 0x03, 0x80, 0xFF, 0x70, 0x1F, 0xEE, 0x03, 0xFD,
    0xE0, 0x03, 0xBC, 0x00, 0x73, 0xC0, 0x1E, 0x78, 0x03, 0x87, 0xC1, 0xF0, 0x7F, 0xFC, 0x07, 0xFF,
    0x00, 0x3F, 0x80, 0xE0, 0x03, 0xF0, 0x01, 0xF8, 0x00, 0xFC, 0x00, 0x7E, 0x00, 0x3F, 0x00, 0x1F,
    0x80, 0x0F, 0xC0, 0x07, 0xE0, 0x03, 0xFF, 0xFF, 0xFF, 0xFF, 0xFF, 0xFF, 0xFE, 0x00, 0x3F, 0x00,
    0x1F, 0x80, 0x0F, 0xC0, 0x07, 0xE0, 0x03, 0xF0, 0x01, 0xF8, 0x00, 0xFC, 0x00, 0x7E, 0x00, 0x38,
    0xEE, 0xEE, 0xEE, 0xEE, 0xEE, 0xEE, 0xEE, 0xEE, 0xEE, 0xEE, 0xE0, 0x00, 0x38, 0x00, 0xE0, 0x03,
    0x80, 0x0E, 0x00, 0x38, 0x00, 0xE0, 0x03, 0x80, 0x0E, 0x00, 0x38, 0x00, 0xE0, 0x03, 0x80, 0x0E,
    0x00, 0x3B, 0x80, 0xEE, 0x03, 0xB8, 0x0E, 0xF0, 0x3B, 0xC1, 0xE7, 0xFF, 0x0F, 0xF8, 0x1F, 0xC0,
    0xE0, 0x0F, 0x70, 0x0F, 0xB8, 0x0F, 0x9C, 0x0F, 0x8E, 0x0F, 0x87, 0x07, 0x83, 0x87, 0x81, 0xC7,
    0x80, 0xE7, 0x80, 0x77, 0xC0, 0x3F, 0xF0, 0x1F, 0xF8, 0x0F, 0x9E, 0x07, 0x87, 0x83, 0x83, 0xC1,
    0xC0, 0xF0, 0xE0, 0x3C, 0x70, 0x1F, 0x38, 0x07, 0x9C, 0x01, 0xEE, 0x00, 0x78, 0xE0, 0x07, 0x00,
    0x38, 0x01, 0xC0, 0x0E, 0x00, 0x70, 0x03, 0x80, 0x1C, 0x00, 0xE0, 0x07, 0x00, 0x38, 0x01, 0xC0,
    0x0E, 0x00, 0x70, 0x03, 0x80, 0x1C, 0x00, 0xE0, 0x07, 0x00, 0x3F, 0xFF, 0xFF, 0xFF, 0xFF, 0x80,
    0xF8, 0x00, 0x7F, 0xF0, 0x03, 0xFF, 0xC0, 0x0F, 0xFF, 0x00, 0x3F, 0xFE, 0x01, 0xFF, 0xB8, 0x07,
    0x7E, 0xE0, 0x1D, 0xFB, 0xC0, 0xF7, 0xE7, 0x03, 0x9F, 0x9E, 0x1E, 0x7E, 0x78, 0x79, 0xF8, 0xE1,
    0xC7, 0xE3, 0xCF, 0x1F, 0x87, 0x38, 0x7E, 0x1C, 0xE1, 0xF8, 0x7F, 0x87, 0xE0, 0xFC, 0x1F, 0x83,
    0xF0, 0x7E, 0x07, 0x81, 0xF8, 0x1E, 0x07, 0xE0, 0x78, 0x1C, 0xF0, 0x03, 0xBE, 0x00, 0xEF, 0x80,
    0x3B, 0xF0, 0x0E, 0xFE, 0x03, 0xBB, 0x80, 0xEE, 0xF0, 0x3B, 0x9E, 0x0E, 0xE7, 0x83, 0xB8, 0xF0,
    0xEE, 0x1E, 0x3B, 0x87, 0x8E, 0xE0, 0xF3, 0xB8, 0x1C, 0xEE, 0x07, 0xBB, 0x80, 0xFE, 0xE0, 0x3F,
    0xB8, 0x07, 0xEE, 0x00, 0xFB, 0x80, 0x3E, 0xE0, 0x07, 0x80, 0x03, 0xF8, 0x00, 0xFF, 0xE0, 0x1F,
    0xFF, 0x03, 0xE0, 0x78, 0x78, 0x03, 0xC7, 0x80, 0x1C, 0xF0, 0x01, 0xEF, 0x00, 0x1E, 0xE0, 0x00,
    0xEE, 0x00, 0x0E, 0xE0, 0x00, 0xEE, 0x00, 0x0E, 0xE0, 0x00, 0xEF, 0x00, 0x1E, 0xF0, 0x01, 0xE7,
    0x80, 0x1C, 0x78, 0x03, 0xC3, 0xE0, 0x78, 0x1F, 0xFF, 0x00, 0xFF, 0xE0, 0x03, 0xF8, 0x00, 0xFF,
    0xE1, 0xFF, 0xF3, 0xFF, 0xF7, 0x01, 0xEE, 0x01, 0xFC, 0x01, 0xF8, 0x03, 0xF0, 0x07, 0xE0, 0x1F,
    0xC0, 0x3F, 0x81, 0xF7, 0xFF, 0xCF, 0xFF, 0x1F, 0xF8, 0x38, 0x00, 0x70, 0x00, 0xE0, 0x01, 0xC0,
    0x03, 0x80, 0x07, 0x00, 0x0E, 0x00, 0x00, 0x03, 0xF8, 0x00, 0xFF, 0xE0, 0x1F, 0xFF, 0x03, 0xE0,
    0x78, 0x78, 0x03, 0xC7, 0x80, 0x1C, 0xF0, 0x01, 0xEF, 0x00, 0x0E, 0xE0, 0x00, 0xEE, 0x00, 0x0E,
    0xE0, 0x00, 0xEE, 0x00, 0x0E, 0xE0, 0x00, 0xEF, 0x00, 0x1E, 0xF0, 0x71, 0xE7, 0x83, 0xBC, 0x7C,
    0x3F, 0xC3, 0xE1, 0xF8, 0x1F, 0xFF, 0x00, 0xFF, 0xF0, 0x03, 0xFF, 0x80, 0x00, 0x3C, 0x00, 0x01,
    0xC0, 0xFF, 0xE0, 0xFF, 0xF8, 0xFF, 0xFC, 0xE0, 0x3C, 0xE0, 0x1E, 0xE0, 0x0E, 0xE0, 0x0E, 0xE0,
    0x0E, 0xE0, 0x1E, 0xE0, 0x3E, 0xFF, 0xFC, 0xFF, 0xF8, 0xFF, 0xF0, 0xE0, 0xF0, 0xE0, 0xF0, 0xE0,
    0x78, 0xE0, 0x38, 0xE0, 0x3C, 0xE0, 0x1E, 0xE0, 0x1E, 0xE0, 0x0F, 0x07, 0xF0, 0x0F, 0xFE, 0x0F,
    0xFF, 0x8F, 0x83, 0xC7, 0x80, 0xF3, 0x80, 0x39, 0xC0, 0x00, 0xF0, 0x00, 0x3F, 0x00, 0x0F, 0xF0,
    0x03, 0xFF, 0x00, 0x3F, 0xC0, 0x03, 0xF0, 0x00, 0x78, 0x00, 0x1D, 0xE0, 0x0E, 0x70, 0x0F, 0x3C,
    0x0F, 0x8F, 0xFF, 0x83, 0xFF, 0x80, 0x7F, 0x00, 0xFF, 0xFF, 0xFF, 0xFF, 0xFF, 0xFF, 0x01, 0xC0,
    0x01, 0xC0, 0x01, 0xC0, 0x01, 0xC0, 0x01, 0xC0, 0x01, 0xC0, 0x01, 0xC0, 0x01, 0xC0, 0x01, 0xC0,
    0x01, 0xC0, 0x01, 0xC0, 0x01, 0xC0, 0x01, 0xC0, 0x01, 0xC0, 0x01, 0xC0, 0x01, 0xC0, 0x01, 0xC0,
    0x01, 0xC0, 0xE0, 0x03, 0xF0, 0x01, 0xF8, 0x00, 0xFC, 0x00, 0x7E, 0x00, 0x3F, 0x00, 0x1F, 0x80,
    0x0F, 0xC0, 0x07, 0xE0, 0x03, 0xF0, 0x01, 0xF8, 0x00, 0xFC, 0x00, 0x7E, 0x00, 0x3F, 0x00, 0x1F,
    0x80, 0x0F, 0xE0, 0x0F, 0xF0, 0x07, 0xBE, 0x07, 0x8F, 0xFF, 0x83, 0xFF, 0x80, 0x7F, 0x00, 0x78,
    0x00, 0xF7, 0x80, 0x0F, 0x38, 0x01, 0xE3, 0xC0, 0x1E, 0x3C, 0x01, 0xC1, 0xC0, 0x3C, 0x1E, 0x03,
    0xC1, 0xE0, 0x38, 0x0E, 0x07, 0x80, 0xF0, 0x78, 0x0F, 0x07, 0x00, 0x70, 0xF0, 0x07, 0x8F, 0x00,
    0x38, 0xE0, 0x03, 0x9E, 0x00, 0x3D, 0xC0, 0x01, 0xDC, 0x00, 0x1F, 0xC0, 0x01, 0xF8, 0x00, 0x0F,
    0x80, 0x00, 0xF8, 0x00, 0x70, 0x07, 0x80, 0x7B, 0xC0, 0x7C, 0x03, 0x9E, 0x03, 0xE0, 0x3C, 0x70,
    0x1F, 0x01, 0xE3, 0x80, 0xFC, 0x0E, 0x1E, 0x0E, 0xE0, 0x70, 0xF0, 0x77, 0x07, 0x83, 0x83, 0xB8,
    0x3C, 0x1C, 0x3D, 0xE1, 0xC0, 0xF1, 0xC7, 0x0E, 0x07, 0x8E, 0x38, 0xF0, 0x1C, 0x71, 0xE7, 0x00,
    0xE7, 0x87, 0x38, 0x07, 0xB8, 0x39, 0xC0, 0x1D, 0xC1, 0xDE, 0x00, 0xEE, 0x0E, 0xE0, 0x07, 0xF0,
    0x3F, 0x00, 0x3F, 0x01, 0xF8, 0x00, 0xF8, 0x0F, 0xC0, 0x07, 0xC0, 0x7C, 0x00, 0x3C, 0x01, 0xE0,
    0x00, 0x78, 0x01, 0xE3, 0xC0, 0x3C, 0x1E, 0x07, 0x81, 0xE0, 0x78, 0x0F, 0x0F, 0x00, 0x79, 0xE0,
    0x07, 0x9C, 0x00, 0x3F, 0xC0, 0x01, 0xF8, 0x00, 0x0F, 0x00, 0x00, 0xF0, 0x00, 0x1F, 0x80, 0x03,
    0xFC, 0x00, 0x3B, 0xC0, 0x07, 0x9E, 0x00, 0xF0, 0xF0, 0x0F, 0x0F, 0x01, 0xE0, 0x78, 0x3C, 0x03,
    0xC7, 0x80, 0x3C, 0x78, 0x01, 0xE0, 0xF0, 0x01, 0xEF, 0x00, 0x78, 0xF0, 0x0F, 0x1E, 0x03, 0xC1,
    0xE0, 0xF0, 0x3C, 0x1E, 0x03, 0xC7, 0x80, 0x3C, 0xE0, 0x07, 0xBC, 0x00, 0x7F, 0x00, 0x07, 0xE0,
    0x00, 0xF8, 0x00, 0x0E, 0x00, 0x01, 0xC0, 0x00, 0x38, 0x00, 0x07, 0x00, 0x00, 0xE0, 0x00, 0x1C,
    0x00, 0x03, 0x80, 0x00, 0x70, 0x00, 0x0E, 0x00, 0xFF, 0xFF, 0xFF, 0xFF, 0xFF, 0xF8, 0x01, 0xE0,
    0x03, 0x80, 0x0F, 0x00, 0x3C, 0x00, 0x70, 0x01, 0xE0, 0x07, 0x80, 0x0E, 0x00, 0x3C, 0x00, 0xF0,
    0x01, 0xC0, 0x07, 0x80, 0x1E, 0x00, 0x38, 0x00, 0xF0, 0x03, 0xFF, 0xFF, 0xFF, 0xFF, 0xFF, 0xE0,
    0xFF, 0xFF, 0xF8, 0xE3, 0x8E, 0x38, 0xE3, 0x8E, 0x38, 0xE3, 0x8E, 0x38, 0xE3, 0x8E, 0x38, 0xE3,
    0x8E, 0x38, 0xFF, 0xFF, 0xC0, 0x70, 0x0E, 0x01, 0xC0, 0x38, 0x03, 0x80, 0x70, 0x0E, 0x01, 0xE0,
    0x1C, 0x03, 0x80, 0x70, 0x07, 0x00, 0xE0, 0x1C, 0x03, 0x80, 0x38, 0x07, 0x00, 0xE0, 0x0E, 0x01,
    0xC0, 0x38, 0x07, 0x00, 0x70, 0x0E, 0x01, 0xC0, 0xFD, 0xFB, 0xF0, 0xE1, 0xC3, 0x87, 0x0E, 0x1C,
    0x38, 0x70, 0xE1, 0xC3, 0x87, 0x0E, 0x1C, 0x38, 0x70, 0xE1, 0xC3, 0x87, 0x0E, 0xFD, 0xFB, 0xF0,
    0x07, 0x00, 0x7C, 0x03, 0xE0, 0x3F, 0x81, 0xDC, 0x1C, 0x70, 0xE3, 0x87, 0x0E, 0x70, 0x73, 0x01,
    0x80, 0xFF, 0xFF, 0xFF, 0xFF, 0xFF, 0xC0, 0xF1, 0xC3, 0x86, 0x0F, 0xC0, 0xFF, 0xC7, 0xFF, 0x9E,
    0x1E, 0x30, 0x38, 0x00, 0xE0, 0x1F, 0x8F, 0xFE, 0x7F, 0xBB, 0xC0, 0xEE, 0x03, 0xB8, 0x1E, 0xF0,
    0x7B, 0xFF, 0xE7, 0xFB, 0x8F, 0xCE, 0xE0, 0x01, 0xC0, 0x03, 0x80, 0x07, 0x00, 0x0E, 0x00, 0x1C,
    0xF8, 0x3B, 0xFC, 0x7F, 0xFC, 0xF8, 0x79, 0xE0, 0x7B, 0xC0, 0x77, 0x00, 0xEE, 0x01, 0xDC, 0x03,
    0xB8, 0x07, 0x78, 0x1E, 0xF0, 0x3D, 0xF0, 0xF3, 0xFF, 0xE7, 0x7F, 0x8E, 0x7C, 0x00, 0x0F, 0xE0,
    0x3F, 0xE0, 0xFF, 0xE3, 0xC1, 0xEF, 0x01, 0xDE, 0x00, 0x38, 0x00, 0x70, 0x00, 0xE0, 0x01, 0xC0,
    0x03, 0xC0, 0x07, 0x80, 0xE7, 0x83, 0xC7, 0xFF, 0x07, 0xFC, 0x07, 0xF0, 0x00, 0x1C, 0x00, 0x38,
    0x00, 0x70, 0x00, 0xE0, 0x01, 0xC1, 0xF3, 0x8F, 0xF7, 0x3F, 0xFE, 0x78, 0x7D, 0xE0, 0x7B, 0xC0,
    0x77, 0x00, 0xEE, 0x01, 0xDC, 0x03, 0xB8, 0x07, 0x78, 0x1E, 0xF0, 0x3C, 0xF0, 0xF9, 0xFF, 0xF1,
    0xFE, 0xE0, 0xF9, 0xC0, 0x0F, 0xC0, 0x3F, 0xE0, 0xFF, 0xE3, 0xC3, 0xCF, 0x03, 0xDE, 0x03, 0xBF,
    0xFF, 0x7F, 0xFE, 0xFF, 0xFD, 0xC0, 0x03, 0xC0, 0x07, 0x80, 0x87, 0x83, 0xC7, 0xFF, 0x07, 0xFC,
    0x07, 0xF0, 0x07, 0xC1, 0xF8, 0x7F, 0x0F, 0x01, 0xC0, 0x38, 0x3F, 0xF7, 0xFE, 0xFF, 0x83, 0x80,
    0x70, 0x0E, 0x01, 0xC0, 0x38, 0x07, 0x00, 0xE0, 0x1C, 0x03, 0x80, 0x70, 0x0E, 0x01, 0xC0, 0x38,
    0x00, 0x0F, 0xCE, 0x3F, 0xDC, 0xFF, 0xFB, 0xC1, 0xFF, 0x01, 0xFE, 0x03, 0xF8, 0x03, 0xF0, 0x07,
    0xE0, 0x0F, 0xC0, 0x1F, 0xC0, 0x7F, 0x80, 0xF7, 0x83, 0xEF, 0xFF, 0xCF, 0xFB, 0x87, 0xE7, 0x00,
    0x0E, 0x00, 0x3D, 0xC0, 0x7B, 0xFF, 0xE3, 0xFF, 0x81, 0xFC, 0x00, 0xE0, 0x03, 0x80, 0x0E, 0x00,
    0x38, 0x00, 0xE0, 0x03, 0x9F, 0x8E, 0xFF, 0x3F, 0xFE, 0xF8, 0x7B, 0xC0, 0xEE, 0x03, 0xB8, 0x0E,
    0xE0, 0x3B, 0x80, 0xEE, 0x03, 0xB8, 0x0E, 0xE0, 0x3B, 0x80, 0xEE, 0x03, 0xB8, 0x0E, 0xE0, 0x38,
    0x6F, 0xF6, 0x00, 0xEE, 0xEE, 0xEE, 0xEE, 0xEE, 0xEE, 0xEE, 0xEE, 0x18, 0xF3, 0xC6, 0x00, 0x03,
    0x8E, 0x38, 0xE3, 0x8E, 0x38, 0xE3, 0x8E, 0x38, 0xE3, 0x8E, 0x38, 0xE3, 0x8E, 0x3B, 0xEF, 0x38,
    0xE0, 0x03, 0x80, 0x0E, 0x00, 0x38, 0x00, 0xE0, 0x03, 0x81, 0xEE, 0x0F, 0x38, 0x78, 0xE3, 0xC3,
    0x8F, 0x0E, 0x78, 0x3B, 0xC0, 0xFF, 0x03, 0xFC, 0x0F, 0x78, 0x38, 0xF0, 0xE3, 0xE3, 0x87, 0x8E,
    0x0F, 0x38, 0x1E, 0xE0, 0x3C, 0xEE, 0xEE, 0xEE, 0xEE, 0xEE, 0xEE, 0xEE, 0xEE, 0xEE, 0xEE, 0xE0,
    0xE7, 0xC3, 0xE3, 0xBF, 0xBF, 0xCF, 0xFF, 0xFF, 0xBC, 0x3E, 0x1E, 0xF0, 0x78, 0x3B, 0x81, 0xC0,
    0xEE, 0x07, 0x03, 0xB8, 0x1C, 0x0E, 0xE0, 0x70, 0x3B, 0x81, 0xC0, 0xEE, 0x07, 0x03, 0xB8, 0x1C,
    0x0E, 0xE0, 0x70, 0x3B, 0x81, 0xC0, 0xEE, 0x07, 0x03, 0xB8, 0x1C, 0x0E, 0xE7, 0xE3, 0xBF, 0xCF,
    0xFF, 0xBE, 0x1E, 0xF0, 0x3B, 0x80, 0xEE, 0x03, 0xB8, 0x0E, 0xE0, 0x3B, 0x80, 0xEE, 0x03, 0xB8,
    0x0E, 0xE0, 0x3B, 0x80, 0xEE, 0x03, 0xB8, 0x0E, 0x0F, 0xE0, 0x3F, 0xE0, 0xFF, 0xE3, 0xC1, 0xE7,
    0x01, 0xDE, 0x03, 0xF8, 0x03, 0xF0, 0x07, 0xE0, 0x0F, 0xC0, 0x1F, 0xC0, 0x7B, 0x80, 0xE7, 0x83,
    0xC7, 0xFF, 0x07, 0xFC, 0x07, 0xF0, 0xE7, 0xC1, 0xDF, 0xE3, 0xFF, 0xE7, 0xC3, 0xCF, 0x03, 0xDE,
    0x03, 0xB8, 0x07, 0x70, 0x0E, 0xE0, 0x1D, 0xC0, 0x3B, 0xC0, 0xF7, 0x81, 0xEF, 0x87, 0x9F, 0xFF,
    0x3B, 0xFC, 0x73, 0xE0, 0xE0, 0x01, 0xC0, 0x03, 0x80, 0x07, 0x00, 0x0E, 0x00, 0x1C, 0x00, 0x00,
    0x0F, 0x9C, 0x7F, 0xB9, 0xFF, 0xF3, 0xC3, 0xEF, 0x03, 0xDE, 0x03, 0xB8, 0x07, 0x70, 0x0E, 0xE0,
    0x1D, 0xC0, 0x3B, 0xC0, 0xF7, 0x81, 0xE7, 0x87, 0xCF, 0xFF, 0x8F, 0xF7, 0x07, 0xCE, 0x00, 0x1C,
    0x00, 0x38, 0x00, 0x70, 0x00, 0xE0, 0x01, 0xC0, 0x03, 0x80, 0x00, 0x73, 0xFB, 0xFF, 0xEF, 0x87,
    0x83, 0x81, 0xC0, 0xE0, 0x70, 0x38, 0x1C, 0x0E, 0x07, 0x03, 0x81, 0xC0, 0xE0, 0x00, 0x0F, 0xC0,
    0xFF, 0x87, 0xFF, 0x1E, 0x1E, 0x70, 0x21, 0xE0, 0x07, 0xE0, 0x0F, 0xF8, 0x0F, 0xF0, 0x03, 0xE0,
    0x03, 0x9C, 0x0E, 0x70, 0x79, 0xFF, 0xE3, 0xFF, 0x03, 0xF0, 0x1C, 0x07, 0x01, 0xC0, 0x70, 0xFF,
    0xFF, 0xF7, 0xF8, 0x70, 0x1C, 0x07, 0x01, 0xC0, 0x70, 0x1C, 0x07, 0x01, 0xC0, 0x70, 0x1C, 0x07,
    0xE0, 0xFC, 0x1F, 0xE0, 0x3B, 0x80, 0xEE, 0x03, 0xB8, 0x0E, 0xE0, 0x3B, 0x80, 0xEE, 0x03, 0xB8,
    0x0E, 0xE0, 0x3B, 0x80, 0xEE, 0x03, 0xBC, 0x1E, 0xF0, 0x79, 0xFF, 0xE7, 0xFB, 0x87, 0xCE, 0x70,
    0x0F, 0x3C, 0x07, 0x9E, 0x03, 0x87, 0x03, 0xC3, 0xC1, 0xE0, 0xE0, 0xE0, 0x70, 0xF0, 0x3C, 0x70,
    0x0E, 0x38, 0x07, 0x3C, 0x03, 0xDC, 0x00, 0xEE, 0x00, 0x7F, 0x00, 0x1F, 0x00, 0x0F, 0x80, 0x07,
    0x80, 0x70, 0x3C, 0x0E, 0x78, 0x3C, 0x0E, 0x78, 0x3C, 0x1E, 0x38, 0x7E, 0x1C, 0x38, 0x7E, 0x1C,
    0x3C, 0x7E, 0x3C, 0x1C, 0x76, 0x3C, 0x1C, 0xE7, 0x38, 0x1C, 0xE7, 0x38, 0x0E, 0xE7, 0x78, 0x0E,
    0xC3, 0x70, 0x0F, 0xC3, 0xF0, 0x0F, 0xC3, 0xF0, 0x07, 0xC1, 0xE0, 0x07, 0x81, 0xE0, 0x07, 0x81,
    0xE0, 0x78, 0x1E, 0x3C, 0x3C, 0x1C, 0x38, 0x1E, 0x78, 0x0E, 0x70, 0x07, 0xE0, 0x07, 0xE0, 0x03,
    0xC0, 0x03, 0xC0, 0x07, 0xE0, 0x0F, 0xF0, 0x0E, 0x70, 0x1E, 0x78, 0x3C, 0x3C, 0x38, 0x1C, 0x78,
    0x1E, 0x70, 0x0F, 0x3C, 0x07, 0x9E, 0x03, 0x87, 0x03, 0xC3, 0xC1, 0xE0, 0xE0, 0xE0, 0x70, 0xF0,
    0x3C, 0x70, 0x0E, 0x38, 0x07, 0x3C, 0x03, 0xDC, 0x00, 0xEE, 0x00, 0x7E, 0x00, 0x1F, 0x00, 0x0F,
    0x80, 0x07, 0x80, 0x03, 0xC0, 0x01, 0xE0, 0x00, 0xE0, 0x07, 0xF0, 0x03, 0xF0, 0x01, 0xF0, 0x00,
    0xFF, 0xF7, 0xFF, 0xBF, 0xFC, 0x03, 0xC0, 0x1C, 0x01, 0xE0, 0x1E, 0x00, 0xE0, 0x0F, 0x00, 0xF0,
    0x0F, 0x00, 0x70, 0x07, 0x80, 0x7F, 0xFF, 0xFF, 0xFF, 0xFF, 0x01, 0x83, 0xC3, 0xE3, 0xC1, 0xE0,
    0xE0, 0x70, 0x38, 0x1C, 0x0E, 0x07, 0x07, 0x8F, 0x87, 0x83, 0xE0, 0x78, 0x1C, 0x0E, 0x07, 0x03,
    0x81, 0xC0, 0xE0, 0x70, 0x3C, 0x0F, 0x87, 0xC0, 0xE0, 0xEE, 0xEE, 0xEE, 0xEE, 0xEE, 0xEE, 0xEE,
    0xEE, 0xEE, 0xEE, 0xEE, 0xEE, 0xEE, 0xEE, 0xEE, 0xEE, 0xEE, 0xE0, 0xC0, 0x3E, 0x0F, 0x80, 0xF0,
    0x1C, 0x07, 0x01, 0xC0, 0x70, 0x1C, 0x07, 0x01, 0xC0, 0x78, 0x0F, 0x80, 0xE0, 0xF8, 0x78, 0x1E,
    0x07, 0x01, 0xC0, 0x70, 0x1C, 0x07, 0x01, 0xC0, 0xF0, 0xFC, 0x3E, 0x0F, 0x00, 0x1C, 0x00, 0xFC,
    0x1F, 0xFC, 0x7F, 0x9F, 0xFE, 0x1F, 0xDC, 0x0F, 0x00, 0x6F, 0xF6, 0x00, 0x07, 0x77, 0x77, 0x77,
    0x77, 0x77, 0x77, 0x70, 0x03, 0x8E, 0x07, 0x1C, 0x0F, 0x3C, 0x1E, 0x78, 0x3C, 0xF0, 0x79, 0xE0,
    0xF1, 0xC0, 0x79, 0xE0, 0x3C, 0xF0, 0x1E, 0x78, 0x0F, 0x3C, 0x07, 0x1C, 0x03, 0x8E, 0x1E, 0x1F,
    0xE7, 0xFB, 0x87, 0xC0, 0xF0, 0x3E, 0x1D, 0xFE, 0x7F, 0x87, 0x80, 0x6F, 0xF6, 0x1F, 0x83, 0xFC,
    0x79, 0xEF, 0x0F, 0xE0, 0x7E, 0x07, 0xE0, 0x7E, 0x07, 0xF0, 0xF7, 0x9E, 0x3F, 0xC1, 0xF8, 0xF3,
    0xC0, 0x79, 0xE0, 0x3C, 0xF0, 0x1E, 0x78, 0x0F, 0x3C, 0x07, 0x9E, 0x07, 0x9E, 0x07, 0x9E, 0x0F,
    0x3C, 0x1E, 0x78, 0x3C, 0xF0, 0x79, 0xE0, 0xF3, 0xC0, 0x03, 0x00, 0x3C, 0x01, 0xE0, 0x06, 0x00,
    0x00, 0x00, 0x00, 0x1C, 0x00, 0xE0, 0x07, 0x00, 0x78, 0x07, 0xC0, 0x7C, 0x07, 0xC0, 0x7C, 0x03,
    0xC0, 0x1C, 0x00, 0xE0, 0x3F, 0x83, 0xFC, 0x1E, 0xFF, 0xE3, 0xFE, 0x0F, 0xE0, 0x01, 0xC0, 0x00,
    0x0F, 0x00, 0x00, 0x38, 0x00, 0x00, 0xE0, 0x00, 0x00, 0x00, 0x00, 0x00, 0x00, 0x03, 0xE0, 0x00,
    0x1F, 0x00, 0x01, 0xF8, 0x00, 0x0F, 0xE0, 0x00, 0x77, 0x00, 0x07, 0xBC, 0x00, 0x39, 0xE0, 0x01,
    0xC7, 0x00, 0x1E, 0x3C, 0x00, 0xE1, 0xE0, 0x07, 0x07, 0x00, 0x78, 0x3C, 0x03, 0x81, 0xE0, 0x3F,
    0xFF, 0x01, 0xFF, 0xFC, 0x0F, 0xFF, 0xE0, 0xF0, 0x07, 0x87, 0x80, 0x3C, 0x38, 0x00, 0xE3, 0xC0,
    0x07, 0x9E, 0x00, 0x3C, 0x00, 0x1C, 0x00, 0x01, 0xC0, 0x00, 0x0E, 0x00, 0x00, 0xE0, 0x00, 0x00,
    0x00, 0x00, 0x00, 0x00, 0x03, 0xE0, 0x00, 0x1F, 0x00, 0x01, 0xF8, 0x00, 0x0F, 0xE0, 0x00, 0x77,
    0x00, 0x07, 0xBC, 0x00, 0x39, 0xE0, 0x01, 0xC7, 0x00, 0x1E, 0x3C, 0x00, 0xE1, 0xE0, 0x07, 0x07,
    0x00, 0x78, 0x3C, 0x03, 0x81, 0xE0, 0x3F, 0xFF, 0x01, 0xFF, 0xFC, 0x0F, 0xFF, 0xE0, 0xF0, 0x07,
    0x87, 0x80, 0x3C, 0x38, 0x00, 0xE3, 0xC0, 0x07, 0x9E, 0x00, 0x3C, 0x00, 0x70, 0x00, 0x07, 0xC0,
    0x00, 0x77, 0x00, 0x07, 0x1C, 0x00, 0x30, 0x60, 0x00, 0x00, 0x00, 0x00, 0x00, 0x00, 0x1F, 0x00,
    0x00, 0xF8, 0x00, 0x0F, 0xC0, 0x00, 0x7F, 0x00, 0x03, 0xB8, 0x00, 0x3D, 0xE0, 0x01, 0xCF, 0x00,
    0x0E, 0x38, 0x00, 0xF1, 0xE0, 0x07, 0x0F, 0x00, 0x38, 0x38, 0x03, 0xC1, 0xE0, 0x1C, 0x0F, 0x01,
    0xFF, 0xF8, 0x0F, 0xFF, 0xE0, 0x7F, 0xFF, 0x07, 0x80, 0x3C, 0x3C, 0x01, 0xE1, 0xC0, 0x07, 0x1E,
    0x00, 0x3C, 0xF0, 0x01, 0xE0, 0x03, 0x8E, 0x00, 0x1C, 0x70, 0x00, 0xE3, 0x80, 0x07, 0x1C, 0x00,
    0x00, 0x00, 0x00, 0x00, 0x00, 0x03, 0xE0, 0x00, 0x1F, 0x00, 0x01, 0xFC, 0x00, 0x0F, 0xE0, 0x00,
    0x77, 0x00, 0x07, 0xBC, 0x00, 0x39, 0xE0, 0x01, 0xC7, 0x00, 0x1E, 0x3C, 0x00, 0xF1, 0xE0, 0x0F,
    0x07, 0x00, 0x78, 0x3C, 0x03, 0xC1, 0xE0, 0x3F, 0xFF, 0x81, 0xFF, 0xFC, 0x0F, 0xFF, 0xE0, 0xF0,
    0x07, 0x87, 0x80, 0x3C, 0x38, 0x00, 0xE3, 0xC0, 0x07, 0x9E, 0x00, 0x3C, 0x00, 0x70, 0x00, 0x07,
    0xC0, 0x00, 0x77, 0x00, 0x03, 0x18, 0x00, 0x18, 0xC0, 0x00, 0xFE, 0x00, 0x03, 0xE0, 0x00, 0x00,
    0x00, 0x00, 0xF8, 0x00, 0x07, 0xC0, 0x00, 0x3E, 0x00, 0x03, 0xF8, 0x00, 0x1D, 0xC0, 0x00, 0xEE,
    0x00, 0x0E, 0x78, 0x00, 0x71, 0xC0, 0x07, 0x8F, 0x00, 0x38, 0x78, 0x01, 0xC1, 0xC0, 0x1E, 0x0F,
    0x00, 0xE0, 0x78, 0x07, 0xFF, 0xC0, 0x7F, 0xFF, 0x03, 0xFF, 0xF8, 0x3C, 0x01, 0xE1, 0xE0, 0x0F,
    0x0E, 0x00, 0x38, 0xF0, 0x01, 0xE7, 0x80, 0x0F, 0x00, 0x00, 0x3F, 0xFF, 0xE0, 0x07, 0xFF, 0xFC,
    0x01, 0xEF, 0xFF, 0x80, 0x39, 0xC0, 0x00, 0x0F, 0x38, 0x00, 0x01, 0xC7, 0x00, 0x00, 0x78, 0xE0,
    0x00, 0x0E, 0x1C, 0x00, 0x03, 0xC3, 0x80, 0x00, 0x78, 0x7F, 0xFC, 0x1E, 0x0F, 0xFF, 0x83, 0xC1,
    0xFF, 0xE0, 0xF0, 0x38, 0x00, 0x1F, 0xFF, 0x00, 0x07, 0xFF, 0xE0, 0x00, 0xFF, 0xFC, 0x00, 0x1C,
    0x03, 0x80, 0x07, 0x80, 0x70, 0x00, 0xE0, 0x0F, 0xFF, 0xBC, 0x01, 0xFF, 0xF7, 0x80, 0x3F, 0xFE,
    0x03, 0xF8, 0x01, 0xFF, 0xC0, 0x7F, 0xFC, 0x1F, 0x03, 0xC7, 0x80, 0x3C, 0xF0, 0x07, 0xBC, 0x00,
    0x77, 0x80, 0x00, 0xE0, 0x00, 0x1C, 0x00, 0x03, 0x80, 0x00, 0x70, 0x00, 0x0E, 0x00, 0x01, 0xE0,
    0x00, 0x3C, 0x00, 0x73, 0xC0, 0x1E, 0x78, 0x03, 0xC7, 0xC0, 0xF0, 0x7F, 0xFC, 0x07, 0xFF, 0x00,
    0x3F, 0x80, 0x00, 0x80, 0x00, 0x3C, 0x00, 0x03, 0xC0, 0x00, 0x18, 0x00, 0x1F, 0x00, 0x03, 0xC0,
    0x00, 0x01, 0xC0, 0x0F, 0x00, 0x38, 0x01, 0xC0, 0x00, 0x00, 0x00, 0x0F, 0xFF, 0xFF, 0xFF, 0xFF,
    0xFB, 0x80, 0x0E, 0x00, 0x38, 0x00, 0xE0, 0x03, 0x80, 0x0E, 0x00, 0x3F, 0xFE, 0xFF, 0xFB, 0xFF,
    0xCE, 0x00, 0x38, 0x00, 0xE0, 0x03, 0x80, 0x0E, 0x00, 0x38, 0x00, 0xFF, 0xFB, 0xFF, 0xFF, 0xFF,
    0xC0, 0x07, 0x00, 0x3E, 0x01, 0xFC, 0x0F, 0x38, 0x38, 0x60, 0x00, 0x00, 0x00, 0x3F, 0xFF, 0xFF,
    0xFF, 0xFF, 0xEE, 0x00, 0x38, 0x00, 0xE0, 0x03, 0x80, 0x0E, 0x00, 0x38, 0x00, 0xFF, 0xFB, 0xFF,
    0xEF, 0xFF, 0x38, 0x00, 0xE0, 0x03, 0x80, 0x0E, 0x00, 0x38, 0x00, 0xE0, 0x03, 0xFF, 0xEF, 0xFF,
    0xFF, 0xFF, 0x39, 0xE7, 0x38, 0x00, 0x0E, 0x38, 0xE3, 0x8E, 0x38, 0xE3, 0x8E, 0x38, 0xE3, 0x8E,
    0x38, 0xE3, 0x8E, 0x38, 0xE3, 0x8E, 0x00, 0x0E, 0x03, 0xE0, 0xFE, 0x3C, 0xE7, 0x0C, 0x00, 0x00,
    0x00, 0x70, 0x0E, 0x01, 0xC0, 0x38, 0x07, 0x00, 0xE0, 0x1C, 0x03, 0x80, 0x70, 0x0E, 0x01, 0xC0,
    0x38, 0x07, 0x00, 0xE0, 0x1C, 0x03, 0x80, 0x70, 0x0E, 0x01, 0xC0, 0x38, 0x07, 0x00, 0x03, 0x80,
    0x00, 0x1C, 0x00, 0x01, 0xC0, 0x00, 0x0E, 0x00, 0x00, 0x00, 0x00, 0x00, 0x00, 0x00, 0x00, 0x00,
    0x3F, 0x80, 0x0F, 0xFE, 0x01, 0xFF, 0xF0, 0x3E, 0x07, 0x87, 0x80, 0x3C, 0x78, 0x01, 0xCF, 0x00,
    0x1E, 0xF0, 0x01, 0xEE, 0x00, 0x0E, 0xE0, 0x00, 0xEE, 0x00, 0x0E, 0xE0, 0x00, 0xEE, 0x00, 0x0E,
    0xF0, 0x01, 0xEF, 0x00, 0x1E, 0x78, 0x01, 0xC7, 0x80, 0x3C, 0x3E, 0x07, 0x81, 0xFF, 0xF0, 0x0F,
    0xFE, 0x00, 0x3F, 0x80, 0x00, 0x38, 0x00, 0x07, 0x80, 0x00, 0x70, 0x00, 0x0E, 0x00, 0x00, 0x00,
    0x00, 0x00, 0x00, 0x00, 0x00, 0x00, 0x3F, 0x80, 0x0F, 0xFE, 0x01, 0xFF, 0xF0, 0x3E, 0x07, 0x87,
    0x80, 0x3C, 0x78, 0x01, 0xCF, 0x00, 0x1E, 0xF0, 0x01, 0xEE, 0x00, 0x0E, 0xE0, 0x00, 0xEE, 0x00,
    0x0E, 0xE0, 0x00, 0xEE, 0x00, 0x0E, 0xF0, 0x01, 0xEF, 0x00, 0x1E, 0x78, 0x01, 0xC7, 0x80, 0x3C,
    0x3E, 0x07, 0x81, 0xFF, 0xF0, 0x0F, 0xFE, 0x00, 0x3F, 0x80, 0x07, 0x1C, 0x00, 0x71, 0xC0, 0x07,
    0x1C, 0x00, 0x71, 0xC0, 0x00, 0x00, 0x00, 0x00, 0x00, 0x00, 0x00, 0x00, 0x3F, 0x80, 0x0F, 0xFE,
    0x01, 0xFF, 0xF0, 0x3E, 0x07, 0x87, 0x80, 0x3C, 0x78, 0x01, 0xCF, 0x00, 0x1E, 0xF0, 0x01, 0xEE,
    0x00, 0x0E, 0xE0, 0x00, 0xEE, 0x00, 0x0E, 0xE0, 0x00, 0xEE, 0x00, 0x0E, 0xF0, 0x01, 0xEF, 0x00,
    0x1E, 0x78, 0x01, 0xC7, 0x80, 0x3C, 0x3E, 0x07, 0x81, 0xFF, 0xF0, 0x0F, 0xFE, 0x00, 0x3F, 0x80,
    0x00, 0x00, 0x00, 0x3F, 0x9C, 0x0F, 0xFF, 0xC1, 0xFF, 0xF8, 0x3E, 0x07, 0x87, 0x80, 0xFC, 0x78,
    0x0F, 0xCF, 0x01, 0xDE, 0xF0, 0x39, 0xEE, 0x03, 0x8E, 0xE0, 0x70, 0xEE, 0x0E, 0x0E, 0xE1, 0xC0,
    0xEE, 0x1C, 0x0E, 0xF3, 0x81, 0xEF, 0x70, 0x1E, 0x7F, 0x01, 0xC7, 0xE0, 0x3C, 0x3E, 0x07, 0x83,
    0xFF, 0xF0, 0x3F, 0xFE, 0x07, 0x3F, 0x80, 0x00, 0x00, 0x00, 0x07, 0x00, 0x03, 0xC0, 0x00, 0xE0,
    0x00, 0x38, 0x00, 0x00, 0x00, 0x00, 0x00, 0x00, 0x01, 0xC0, 0x07, 0xE0, 0x03, 0xF0, 0x01, 0xF8,
    0x00, 0xFC, 0x00, 0x7E, 0x00, 0x3F, 0x00, 0x1F, 0x80, 0x0F, 0xC0, 0x07, 0xE0, 0x03, 0xF0, 0x01,
    0xF8, 0x00, 0xFC, 0x00, 0x7E, 0x00, 0x3F, 0x00, 0x1F, 0xC0, 0x1F, 0xE0, 0x0F, 0x7C, 0x0F, 0x1F,
    0xFF, 0x07, 0xFF, 0x00, 0xFE, 0x00, 0x00, 0x70, 0x00, 0x78, 0x00, 0x38, 0x00, 0x38, 0x00, 0x00,
    0x00, 0x00, 0x00, 0x00, 0x01, 0xC0, 0x07, 0xE0, 0x03, 0xF0, 0x01, 0xF8, 0x00, 0xFC, 0x00, 0x7E,
    0x00, 0x3F, 0x00, 0x1F, 0x80, 0x0F, 0xC0, 0x07, 0xE0, 0x03, 0xF0, 0x01, 0xF8, 0x00, 0xFC, 0x00,
    0x7E, 0x00, 0x3F, 0x00, 0x1F, 0xC0, 0x1F, 0xE0, 0x0F, 0x7C, 0x0F, 0x1F, 0xFF, 0x07, 0xFF, 0x00,
    0xFE, 0x00, 0x0E, 0x38, 0x07, 0x1C, 0x03, 0x8E, 0x01, 0xC7, 0x00, 0x00, 0x00, 0x00, 0x00, 0x00,
    0x01, 0xC0, 0x07, 0xE0, 0x03, 0xF0, 0x01, 0xF8, 0x00, 0xFC, 0x00, 0x7E, 0x00, 0x3F, 0x00, 0x1F,
    0x80, 0x0F, 0xC0, 0x07, 0xE0, 0x03, 0xF0, 0x01, 0xF8, 0x00, 0xFC, 0x00, 0x7E, 0x00, 0x3F, 0x00,
    0x1F, 0xC0, 0x1F, 0xE0, 0x0F, 0x7C, 0x0F, 0x1F, 0xFF, 0x07, 0xFF, 0x00, 0xFE, 0x00, 0x00, 0x38,
    0x00, 0x0F, 0x00, 0x01, 0xC0, 0x00, 0x70, 0x00, 0x00, 0x00, 0x00, 0x00, 0x3C, 0x00, 0x7B, 0xC0,
    0x1E, 0x3C, 0x03, 0xC7, 0x80, 0xF0, 0x78, 0x3C, 0x0F, 0x07, 0x80, 0xF1, 0xE0, 0x0F, 0x38, 0x01,
    0xEF, 0x00, 0x1F, 0xC0, 0x01, 0xF8, 0x00, 0x3E, 0x00, 0x03, 0x80, 0x00, 0x70, 0x00, 0x0E, 0x00,
    0x01, 0xC0, 0x00, 0x38, 0x00, 0x07, 0x00, 0x00, 0xE0, 0x00, 0x1C, 0x00, 0x03, 0x80, 0x00, 0x1F,
    0xC0, 0x7F, 0xE1, 0xFF, 0xC7, 0x83, 0xCF, 0x03, 0x9C, 0x07, 0x38, 0x0E, 0x70, 0x3C, 0xE0, 0xF1,
    0xC7, 0xC3, 0x8F, 0xC7, 0x1F, 0xCE, 0x03, 0xDC, 0x03, 0xB8, 0x07, 0x70, 0x0E, 0xE0, 0x1D, 0xC0,
    0x7B, 0x8F, 0xE7, 0x1F, 0x8E, 0x3E, 0x00, 0x1E, 0x00, 0x38, 0x00, 0x60, 0x01, 0xC0, 0x00, 0x00,
    0x00, 0x00, 0xFC, 0x0F, 0xFC, 0x7F, 0xF9, 0xE1, 0xE3, 0x03, 0x80, 0x0E, 0x01, 0xF8, 0xFF, 0xE7,
    0xFB, 0xBC, 0x0E, 0xE0, 0x3B, 0x81, 0xEF, 0x07, 0xBF, 0xFE, 0x7F, 0xB8, 0xFC, 0xE0, 0x01, 0xE0,
    0x07, 0x00, 0x38, 0x00, 0xC0, 0x00, 0x00, 0x00, 0x00, 0xFC, 0x0F, 0xFC, 0x7F, 0xF9, 0xE1, 0xE3,
    0x03, 0x80, 0x0E, 0x01, 0xF8, 0xFF, 0xE7, 0xFB, 0xBC, 0x0E, 0xE0, 0x3B, 0x81, 0xEF, 0x07, 0xBF,
    0xFE, 0x7F, 0xB8, 0xFC, 0xE0, 0x03, 0x00, 0x3E, 0x00, 0xFC, 0x07, 0x38, 0x38, 0x60, 0x00, 0x00,
    0x00, 0x03, 0xF0, 0x3F, 0xF1, 0xFF, 0xE7, 0x87, 0x8C, 0x0E, 0x00, 0x38, 0x07, 0xE3, 0xFF, 0x9F,
    0xEE, 0xF0, 0x3B, 0x80, 0xEE, 0x07, 0xBC, 0x1E, 0xFF, 0xF9, 0xFE, 0xE3, 0xF3, 0x80, 0x1F, 0xE0,
    0x7F, 0x80, 0x60, 0x00, 0x00, 0x00, 0x00, 0x3F, 0x03, 0xFF, 0x1F, 0xFE, 0x78, 0x78, 0xC0, 0xE0,
    0x03, 0x80, 0x7E, 0x3F, 0xF9, 0xFE, 0xEF, 0x03, 0xB8, 0x0E, 0xE0, 0x7B, 0xC1, 0xEF, 0xFF, 0x9F,
    0xEE, 0x3F, 0x38, 0x38, 0xE0, 0xE3, 0x83, 0x8E, 0x0E, 0x38, 0x00, 0x00, 0x00, 0x00, 0xFC, 0x0F,
    0xFC, 0x7F, 0xF9, 0xE1, 0xE3, 0x03, 0x80, 0x0E, 0x01, 0xF8, 0xFF, 0xE7, 0xFB, 0xBC, 0x0E, 0xE0,
    0x3B, 0x81, 0xEF, 0x07, 0xBF, 0xFE, 0x7F, 0xB8, 0xFC, 0xE0, 0x07, 0x80, 0x3F, 0x01, 0xCE, 0x06,
    0x18, 0x1C, 0xE0, 0x3F, 0x00, 0x78, 0x00, 0x00, 0x0F, 0xC0, 0xFF, 0xC7, 0xFF, 0x9E, 0x1E, 0x30,
    0x38, 0x00, 0xE0, 0x1F, 0x8F, 0xFE, 0x7F, 0xBB, 0xC0, 0xEE, 0x03, 0xB8, 0x1E, 0xF0, 0x7B, 0xFF,
    0xE7, 0xFB, 0x8F, 0xCE, 0x0F, 0xC3, 0xF0, 0x3F, 0xEF, 0xFC, 0x7F, 0xFF, 0xFE, 0x70, 0x7C, 0x1E,
    0x00, 0x38, 0x0F, 0x00, 0x38, 0x07, 0x0F, 0xFF, 0xFF, 0x3F, 0xFF, 0xFF, 0x7F, 0xFF, 0xFF, 0xF8,
    0x38, 0x00, 0xF0, 0x38, 0x00, 0xE0, 0x78, 0x06, 0xF0, 0x7C, 0x0F, 0xFF, 0xFF, 0xFE, 0x7F, 0xCF,
    0xFC, 0x1F, 0x03, 0xF8, 0x0F, 0xE0, 0x3F, 0xE0, 0xFF, 0xE3, 0xC1, 0xE7, 0x01, 0xDE, 0x00, 0x38,
    0x00, 0x70, 0x00, 0xE0, 0x01, 0xC0, 0x03, 0xC0, 0x03, 0x80, 0xE7, 0x83, 0xC7, 0xFF, 0x07, 0xFC,
    0x07, 0xF0, 0x03, 0x00, 0x07, 0x80, 0x07, 0x80, 0x03, 0x00, 0x3E, 0x00, 0x78, 0x00, 0x0E, 0x00,
    0x1C, 0x00, 0x1C, 0x00, 0x18, 0x00, 0x00, 0x00, 0x00, 0x03, 0xF0, 0x0F, 0xF8, 0x3F, 0xF8, 0xF0,
    0xF3, 0xC0, 0xF7, 0x80, 0xEF, 0xFF, 0xDF, 0xFF, 0xBF, 0xFF, 0x70, 0x00, 0xF0, 0x01, 0xE0, 0x21,
    0xE0, 0xF1, 0xFF, 0xC1, 0xFF, 0x01, 0xFC, 0x00, 0x01, 0xE0, 0x03, 0x80, 0x0E, 0x00, 0x1C, 0x00,
    0x00, 0x00, 0x00, 0x03, 0xF0, 0x0F, 0xF8, 0x3F, 0xF8, 0xF0, 0xF3, 0xC0, 0xF7, 0x80, 0xEF, 0xFF,
    0xDF, 0xFF, 0xBF, 0xFF, 0x70, 0x00, 0xF0, 0x01, 0xE0, 0x21, 0xE0, 0xF1, 0xFF, 0xC1, 0xFF, 0x01,
    0xFC, 0x00, 0x03, 0x00, 0x0F, 0x00, 0x3F, 0x00, 0xE7, 0x01, 0x86, 0x00, 0x00, 0x00, 0x00, 0x07,
    0xE0, 0x1F, 0xF0, 0x7F, 0xF1, 0xE1, 0xE7, 0x81, 0xEF, 0x01, 0xDF, 0xFF, 0xBF, 0xFF, 0x7F, 0xFE,
    0xE0, 0x01, 0xE0, 0x03, 0xC0, 0x43, 0xC1, 0xE3, 0xFF, 0x83, 0xFE, 0x03, 0xF8, 0x00, 0x1C, 0x70,
    0x38, 0xE0, 0x71, 0xC0, 0xE3, 0x80, 0x00, 0x00, 0x00, 0x03, 0xF0, 0x0F, 0xF8, 0x3F, 0xF8, 0xF0,
    0xF3, 0xC0, 0xF7, 0x80, 0xEF, 0xFF, 0xDF, 0xFF, 0xBF, 0xFF, 0x70, 0x00, 0xF0, 0x01, 0xE0, 0x21,
    0xE0, 0xF1, 0xFF, 0xC1, 0xFF, 0x01, 0xFC, 0x00, 0x70, 0x70, 0xE0, 0xE0, 0x00, 0x07, 0x0E, 0x1C,
    0x38, 0x70, 0xE1, 0xC3, 0x87, 0x0E, 0x1C, 0x38, 0x70, 0xE1, 0xC3, 0x80, 0x39, 0xE7, 0x38, 0x00,
    0x0E, 0x38, 0xE3, 0x8E, 0x38, 0xE3, 0x8E, 0x38, 0xE3, 0x8E, 0x38, 0xE3, 0x80, 0x0F, 0x03, 0xE0,
    0xEE, 0x38, 0xE0, 0x00, 0x00, 0x03, 0x80, 0x70, 0x0E, 0x01, 0xC0, 0x38, 0x07, 0x00, 0xE0, 0x1C,
    0x03, 0x80, 0x70, 0x0E, 0x01, 0xC0, 0x38, 0x07, 0x00, 0xE0, 0x1C, 0x00, 0xE3, 0xB8, 0xEE, 0x3B,
    0x8E, 0x00, 0x00, 0x01, 0xC0, 0x70, 0x1C, 0x07, 0x01, 0xC0, 0x70, 0x1C, 0x07, 0x01, 0xC0, 0x70,
    0x1C, 0x07, 0x01, 0xC0, 0x70, 0x1C, 0x07, 0x00, 0x1E, 0x60, 0xFF, 0x83, 0xFC, 0x00, 0x00, 0x00,
    0x03, 0x9F, 0x8E, 0xFF, 0x3F, 0xFE, 0xF8, 0x7B, 0xC0, 0xEE, 0x03, 0xB8, 0x0E, 0xE0, 0x3B, 0x80,
    0xEE, 0x03, 0xB8, 0x0E, 0xE0, 0x3B, 0x80, 0xEE, 0x03, 0xB8, 0x0E, 0xE0, 0x38, 0x0E, 0x00, 0x1E,
    0x00, 0x1C, 0x00, 0x1C, 0x00, 0x00, 0x00, 0x00, 0x03, 0xF8, 0x0F, 0xF8, 0x3F, 0xF8, 0xF0, 0x79,
    0xC0, 0x77, 0x80, 0xFE, 0x00, 0xFC, 0x01, 0xF8, 0x03, 0xF0, 0x07, 0xF0, 0x1E, 0xE0, 0x39, 0xE0,
    0xF1, 0xFF, 0xC1, 0xFF, 0x01, 0xFC, 0x00, 0x00, 0xE0, 0x03, 0xC0, 0x07, 0x00, 0x1C, 0x00, 0x00,
    0x00, 0x00, 0x03, 0xF8, 0x0F, 0xF8, 0x3F, 0xF8, 0xF0, 0x79, 0xC0, 0x77, 0x80, 0xFE, 0x00, 0xFC,
    0x01, 0xF8, 0x03, 0xF0, 0x07, 0xF0, 0x1E, 0xE0, 0x39, 0xE0, 0xF1, 0xFF, 0xC1, 0xFF, 0x01, 0xFC,
    0x00, 0x03, 0x80, 0x0F, 0x80, 0x3B, 0x80, 0xE3, 0x81, 0x83, 0x00, 0x00, 0x00, 0x00, 0x07, 0xF0,
    0x1F, 0xF0, 0x7F, 0xF1, 0xE0, 0xF3, 0x80, 0xEF, 0x01, 0xFC, 0x01, 0xF8, 0x03, 0xF0, 0x07, 0xE0,
    0x0F, 0xE0, 0x3D, 0xC0, 0x73, 0xC1, 0xE3, 0xFF, 0x83, 0xFE, 0x03, 0xF8, 0x00, 0x0F, 0xF0, 0x3F,
    0xC0, 0x18, 0x00, 0x00, 0x00, 0x00, 0x01, 0xFC, 0x07, 0xFC, 0x1F, 0xFC, 0x78, 0x3C, 0xE0, 0x3B,
    0xC0, 0x7F, 0x80, 0x7F, 0x00, 0xFE, 0x01, 0xFC, 0x03, 0xF8, 0x0F, 0x70, 0x1C, 0xF0, 0x78, 0xFF,
    0xE0, 0xFF, 0x80, 0xFE, 0x00, 0x1C, 0x70, 0x38, 0xE0, 0x71, 0xC0, 0xE3, 0x80, 0x00, 0x00, 0x00,
    0x03, 0xF8, 0x0F, 0xF8, 0x3F, 0xF8, 0xF0, 0x79, 0xC0, 0x77, 0x80, 0xFE, 0x00, 0xFC, 0x01, 0xF8,
    0x03, 0xF0, 0x07, 0xF0, 0x1E, 0xE0, 0x39, 0xE0, 0xF1, 0xFF, 0xC1, 0xFF, 0x01, 0xFC, 0x00, 0x00,
    0x00, 0x03, 0xF9, 0x83, 0xFF, 0xC3, 0xFF, 0xC3, 0xC1, 0xE1, 0xC1, 0xF1, 0xE1, 0xFC, 0xE0, 0xCE,
    0x70, 0xE7, 0x38, 0xE3, 0x9C, 0xE1, 0xCF, 0xE1, 0xE3, 0xE0, 0xE1, 0xE0, 0xF0, 0xFF, 0xF0, 0x7F,
    0xF0, 0x77, 0xF0, 0x10, 0x00, 0x00, 0x1C, 0x00, 0x38, 0x00, 0xE0, 0x01, 0xC0, 0x00, 0x00, 0x00,
    0x0E, 0x03, 0xB8, 0x0E, 0xE0, 0x3B, 0x80, 0xEE, 0x03, 0xB8, 0x0E, 0xE0, 0x3B, 0x80, 0xEE, 0x03,
    0xB8, 0x0E, 0xE0, 0x3B, 0xC1, 0xEF, 0x07, 0x9F, 0xFE, 0x7F, 0xB8, 0x7C, 0xE0, 0x01, 0xC0, 0x0F,
    0x00, 0x38, 0x01, 0xC0, 0x00, 0x00, 0x00, 0x0E, 0x03, 0xB8, 0x0E, 0xE0, 0x3B, 0x80, 0xEE, 0x03,
    0xB8, 0x0E, 0xE0, 0x3B, 0x80, 0xEE, 0x03, 0xB8, 0x0E, 0xE0, 0x3B, 0xC1, 0xEF, 0x07, 0x9F, 0xFE,
    0x7F, 0xB8, 0x7C, 0xE0, 0x07, 0x00, 0x3E, 0x01, 0xFC, 0x0F, 0x38, 0x38, 0x60, 0x00, 0x00, 0x00,
    0x38, 0x0E, 0xE0, 0x3B, 0x80, 0xEE, 0x03, 0xB8, 0x0E, 0xE0, 0x3B, 0x80, 0xEE, 0x03, 0xB8, 0x0E,
    0xE0, 0x3B, 0x80, 0xEF, 0x07, 0xBC, 0x1E, 0x7F, 0xF9, 0xFE, 0xE1, 0xF3, 0x80, 0x38, 0xE0, 0xE3,
    0x83, 0x8E, 0x0E, 0x38, 0x00, 0x00, 0x00, 0x0E, 0x03, 0xB8, 0x0E, 0xE0, 0x3B, 0x80, 0xEE, 0x03,
    0xB8, 0x0E, 0xE0, 0x3B, 0x80, 0xEE, 0x03, 0xB8, 0x0E, 0xE0, 0x3B, 0xC1, 0xEF, 0x07, 0x9F, 0xFE,
    0x7F, 0xB8, 0x7C, 0xE0, 0x00, 0x70, 0x00, 0x70, 0x00, 0x38, 0x00, 0x38, 0x00, 0x00, 0x00, 0x00,
    0x01, 0xC0, 0x3C, 0xF0, 0x1E, 0x78, 0x0E, 0x1C, 0x0F, 0x0F, 0x07, 0x83, 0x83, 0x81, 0xC3, 0xC0,
    0xF1, 0xC0, 0x38, 0xE0, 0x1C, 0xF0, 0x0F, 0x70, 0x03, 0xB8, 0x01, 0xF8, 0x00, 0x7C, 0x00, 0x3E,
    0x00, 0x1E, 0x00, 0x0F, 0x00, 0x07, 0x80, 0x03, 0x80, 0x1F, 0xC0, 0x0F, 0xC0, 0x07, 0xC0, 0x00,
    0x18, 0x60, 0x73, 0x80, 0xFC, 0x01, 0xE0, 0x00, 0x00, 0x00, 0x00, 0xFC, 0x0F, 0xFC, 0x7F, 0xF9,
    0xE1, 0xE3, 0x03, 0x80, 0x0E, 0x01, 0xF8, 0xFF, 0xE7, 0xFF, 0xBE, 0x0E, 0xE0, 0x3B, 0x80, 0xEF,
    0x07, 0xBF, 0xFE, 0x7F, 0xB8, 0xFC, 0xE0, 0x0F, 0xC0, 0x7F, 0xE1, 0xFF, 0xE3, 0xC3, 0xC3, 0x03,
    0x80, 0x07, 0x00, 0x7E, 0x1F, 0xFC, 0x7F, 0xB9, 0xE0, 0x73, 0x80, 0xE7, 0x03, 0xCF, 0x07, 0x9F,
    0xFF, 0x1F, 0xEE, 0x1F, 0x9C, 0x00, 0x78, 0x01, 0xC0, 0x03, 0x80, 0x07, 0xC0, 0x0F, 0xC0, 0x0F,
    0x80, 0x00, 0xE0, 0x03, 0x80, 0x07, 0x00, 0x1C, 0x00, 0x00, 0x00, 0x00, 0x03, 0xF8, 0x0F, 0xF8,
    0x3F, 0xF8, 0xF0, 0x7B, 0xC0, 0x77, 0x80, 0x0E, 0x00, 0x1C, 0x00, 0x38, 0x00, 0x70, 0x00, 0xF0,
    0x01, 0xE0, 0x39, 0xE0, 0xF1, 0xFF, 0xC1, 0xFF, 0x01, 0xFC, 0x00, 0x06, 0x0C, 0x00, 0xE3, 0x80,
    0x0F, 0xE0, 0x00, 0xF8, 0x00, 0x0E, 0x00, 0x00, 0x00, 0x00, 0x00, 0x00, 0x1F, 0xC0, 0x0F, 0xFE,
    0x03, 0xFF, 0xE0, 0xF8, 0x1E, 0x3C, 0x01, 0xE7, 0x00, 0x3D, 0xE0, 0x03, 0xBC, 0x00, 0x07, 0x00,
    0x00, 0xE0, 0x00, 0x1C, 0x00, 0x03, 0x80, 0x00, 0x70, 0x00, 0x0F, 0x00, 0x01, 0xE0, 0x03, 0x9E,
    0x00, 0xF3, 0xE0, 0x3E, 0x3E, 0x0F, 0x83, 0xFF, 0xE0, 0x3F, 0xF8, 0x01, 0xFC, 0x00, 0x18, 0x70,
    0x39, 0xE0, 0x3F, 0x80, 0x3E, 0x00, 0x38, 0x00, 0x00, 0x00, 0x00, 0x07, 0xF0, 0x1F, 0xF0, 0x7F,
    0xF1, 0xE0, 0xF7, 0x80, 0xEF, 0x00, 0x1C, 0x00, 0x38, 0x00, 0x70, 0x00, 0xE0, 0x01, 0xE0, 0x03,
    0xC0, 0x73, 0xC1, 0xE3, 0xFF, 0x83, 0xFE, 0x03, 0xF8, 0x00, 0x30, 0xE0, 0x0E, 0x78, 0x01, 0xFC,
    0x00, 0x3E, 0x00, 0x07, 0x00, 0x00, 0x00, 0x00, 0x00, 0x03, 0xFF, 0x80, 0xFF, 0xF8, 0x3F, 0xFF,
    0x0E, 0x01, 0xE3, 0x80, 0x3C, 0xE0, 0x07, 0x38, 0x01, 0xEE, 0x00, 0x3B, 0x80, 0x0E, 0xE0, 0x03,
    0xB8, 0x00, 0xEE, 0x00, 0x3B, 0x80, 0x0E, 0xE0, 0x07, 0xB8, 0x01, 0xEE, 0x00, 0x73, 0x80, 0x3C,
    0xE0, 0x3E, 0x3F, 0xFF, 0x0F, 0xFF, 0x83, 0xFF, 0x80, 0x00, 0x00, 0xE0, 0x01, 0xCE, 0x00, 0x1C,
    0xE0, 0x01, 0xCE, 0x00, 0x1C, 0xE0, 0x01, 0xC0, 0x0F, 0x9C, 0x03, 0xFD, 0xC0, 0x7F, 0xFC, 0x07,
    0x87, 0xC0, 0xF0, 0x3C, 0x0F, 0x01, 0xC0, 0xE0, 0x1C, 0x0E, 0x01, 0xC0, 0xE0, 0x1C, 0x0E, 0x01,
    0xC0, 0xF0, 0x3C, 0x0F, 0x03, 0xC0, 0x78, 0x7C, 0x07, 0xFF, 0xC0, 0x3F, 0xDC, 0x00, 0xF9, 0xC0,
    0x1F, 0xFC, 0x00, 0xFF, 0xF8, 0x07, 0xFF, 0xE0, 0x38, 0x07, 0x81, 0xC0, 0x1E, 0x0E, 0x00, 0x70,
    0x70, 0x03, 0xC3, 0x80, 0x0E, 0x1C, 0x00, 0x77, 0xFF, 0x83, 0xBF, 0xFC, 0x1C, 0xFF, 0xC0, 0xE1,
    0xC0, 0x07, 0x0E, 0x00, 0x78, 0x70, 0x03, 0xC3, 0x80, 0x1C, 0x1C, 0x01, 0xE0, 0xE0, 0x3E, 0x07,
    0xFF, 0xE0, 0x3F, 0xFE, 0x01, 0xFF, 0xC0, 0x00, 0x00, 0x1C, 0x00, 0xFF, 0xC0, 0x7F, 0xE0, 0x03,
    0x80, 0x01, 0xC0, 0x7C, 0xE0, 0xFF, 0x70, 0xFF, 0xF8, 0x78, 0x7C, 0x78, 0x1E, 0x3C, 0x07, 0x1C,
    0x03, 0x8E, 0x01, 0xC7, 0x00, 0xE3, 0x80, 0x71, 0xE0, 0x78, 0xF0, 0x3C, 0x3C, 0x3E, 0x1F, 0xFF,
    0x07, 0xFB, 0x80, 0xF9, 0xC0, 0x03, 0x00, 0x1E, 0x00, 0x78, 0x00, 0xC0, 0x00, 0x00, 0x00, 0x0F,
    0xFF, 0xFF, 0xFF, 0xFF, 0xFB, 0x80, 0x0E, 0x00, 0x38, 0x00, 0xE0, 0x03, 0x80, 0x0E, 0x00, 0x3F,
    0xFE, 0xFF, 0xFB, 0xFF, 0xCE, 0x00, 0x38, 0x00, 0xE0, 0x03, 0x80, 0x0E, 0x00, 0x38, 0x00, 0xFF,
    0xFB, 0xFF, 0xFF, 0xFF, 0xC0, 0x03, 0x00, 0x0F, 0x00, 0x1E, 0x00, 0x18, 0x00, 0x00, 0x00, 0x00,
    0x03, 0xF0, 0x0F, 0xF8, 0x3F, 0xF8, 0xF0, 0xF3, 0xC0, 0xF7, 0x80, 0xEF, 0xFF, 0xDF, 0xFF, 0xBF,
    0xFF, 0x70, 0x00, 0xF0, 0x01, 0xE0, 0x21, 0xE0, 0xF1, 0xFF, 0xC1, 0xFF, 0x01, 0xFC, 0x00, 0xFF,
    0xFD, 0xFF, 0xFB, 0xFF, 0xE7, 0x00, 0x0E, 0x00, 0x1C, 0x00, 0x38, 0x00, 0x70, 0x00, 0xE0, 0x01,
    0xFF, 0xF3, 0xFF, 0xE7, 0xFF, 0x8E, 0x00, 0x1C, 0x00, 0x38, 0x00, 0x70, 0x00, 0xE0, 0x01, 0xC0,
    0x03, 0xFF, 0xE7, 0xFF, 0xEF, 0xFF, 0xC0, 0x0F, 0x00, 0x3C, 0x00, 0x70, 0x00, 0xFC, 0x01, 0xF8,
    0x01, 0xF0, 0x0F, 0xC0, 0x3F, 0xE0, 0xFF, 0xE3, 0xC3, 0xCF, 0x03, 0xDE, 0x03, 0xBF, 0xFF, 0x7F,
    0xFE, 0xFF, 0xFD, 0xC0, 0x03, 0xC0, 0x07, 0x80, 0xC7, 0x83, 0xC7, 0xFF, 0x07, 0xFE, 0x07, 0xF8,
    0x00, 0x70, 0x01, 0xC0, 0x03, 0x80, 0x07, 0xC0, 0x0F, 0xC0, 0x0F, 0x00, 0x38, 0x60, 0xF3, 0x81,
    0xFC, 0x03, 0xE0, 0x07, 0x00, 0x00, 0x00, 0x00, 0x3F, 0xFF, 0xFF, 0xFF, 0xFF, 0xEE, 0x00, 0x38,
    0x00, 0xE0, 0x03, 0x80, 0x0E, 0x00, 0x38, 0x00, 0xFF, 0xFB, 0xFF, 0xEF, 0xFF, 0x38, 0x00, 0xE0,
    0x03, 0x80, 0x0E, 0x00, 0x38, 0x00, 0xE0, 0x03, 0xFF, 0xEF, 0xFF, 0xFF, 0xFF, 0x18, 0x70, 0x39,
    0xC0, 0x3F, 0x00, 0x3C, 0x00, 0x30, 0x00, 0x00, 0x00, 0x00, 0x07, 0xE0, 0x1F, 0xF0, 0x7F, 0xF1,
    0xE1, 0xE7, 0x81, 0xEF, 0x01, 0xDE, 0x03, 0xBF, 0xFF, 0x7F, 0xFE, 0xE0, 0x01, 0xE0, 0x03, 0xC0,
    0x43, 0xC1, 0xE3, 0xFF, 0x83, 0xFE, 0x03, 0xF8, 0x00, 0x06, 0x0C, 0x00, 0xC1, 0x80, 0x1C, 0x70,
    0x01, 0xFC, 0x00, 0x1F, 0x00, 0x00, 0x00, 0x00, 0x00, 0x00, 0x1F, 0xC0, 0x0F, 0xFE, 0x03, 0xFF,
    0xE0, 0xF0, 0x3E, 0x3C, 0x01, 0xC7, 0x00, 0x3D, 0xE0, 0x03, 0xBC, 0x00, 0x07, 0x00, 0x00, 0xE0,
    0x00, 0x1C, 0x07, 0xFB, 0x80, 0xFF, 0x70, 0x1F, 0xEF, 0x00, 0x1D, 0xE0, 0x03, 0x9E, 0x00, 0xF3,
    0xE0, 0x3C, 0x3E, 0x0F, 0x83, 0xFF, 0xE0, 0x3F, 0xF8, 0x01, 0xFC, 0x00, 0x18, 0x30, 0x30, 0x60,
    0x71, 0xC0, 0x7F, 0x00, 0x7C, 0x00, 0x00, 0x00, 0x00, 0x07, 0xE7, 0x1F, 0xEE, 0x7F, 0xFD, 0xE0,
    0xFF, 0x80, 0xFF, 0x01, 0xFC, 0x01, 0xF8, 0x03, 0xF0, 0x07, 0xE0, 0x0F, 0xE0, 0x3F, 0xC0, 0x7B,
    0xC1, 0xF7, 0xFF, 0xE7, 0xFD, 0xC3, 0xF3, 0x80, 0x07, 0x00, 0x1E, 0xE0, 0x3D, 0xFF, 0xF1, 0xFF,
    0xC0, 0xFE, 0x00, 0x79, 0xFF, 0xFF, 0xC0, 0x00, 0x00, 0xE0, 0x70, 0x38, 0x1C, 0x0E, 0x07, 0x03,
    0x81, 0xC0, 0xE0, 0x70, 0x38, 0x1C, 0x0E, 0x07, 0x03, 0x81, 0xC0, 0x38, 0x70, 0xE1, 0xC3, 0x87,
    0x0E, 0x1C, 0x38, 0x70, 0xE1, 0xC3, 0x87, 0x0E, 0x1C, 0x38, 0x70, 0xE1, 0xC3, 0x8F, 0x3C, 0x70,
    0xF9, 0xF9, 0xF0, 0x18, 0x78, 0xF0, 0xC0, 0x00, 0x0E, 0x1C, 0x38, 0x70, 0xE1, 0xC3, 0x87, 0x0E,
    0x1C, 0x38, 0x70, 0xE1, 0xC3, 0x87, 0x1E, 0x78, 0xE1, 0xFB, 0xF3, 0xE0, 0x6F, 0xF6, 0x00, 0xEE,
    0xEE, 0xEE, 0xEE, 0xEE, 0xEE, 0xEE, 0xEE, 0xEE, 0xEE, 0xE0, 0xEE, 0xEE, 0xEE, 0xEE, 0xEE, 0xEE,
    0xEE, 0xEE, 0x39, 0xE7, 0x38, 0x00, 0x0E, 0x38, 0xE3, 0x8E, 0x38, 0xE3, 0x8E, 0x38, 0xE3, 0x8E,
    0x38, 0xE3, 0x8E, 0x38, 0xE3, 0x8E, 0x00, 0x03, 0xC7, 0x1C, 0x38, 0xE1, 0xC7, 0x0E, 0x38, 0x70,
    0x03, 0x80, 0x1C, 0x00, 0xE0, 0x07, 0x00, 0x38, 0x01, 0xC0, 0x0E, 0x00, 0x70, 0x03, 0x80, 0x1C,
    0x00, 0xE0, 0x07, 0x00, 0x38, 0x01, 0xFF, 0xFF, 0xFF, 0xFF, 0xFC, 0x07, 0xE7, 0xE7, 0xE6, 0xE6,
    0xE0, 0xE0, 0xE0, 0xE0, 0xE0, 0xE0, 0xE0, 0xE0, 0xE0, 0xE0, 0xE0, 0xE0, 0xE0, 0xE0, 0xE0, 0xE0,
    0xE0, 0x1C, 0x00, 0x1C, 0x00, 0x1C, 0x00, 0x1C, 0x00, 0x1C, 0x00, 0x1C, 0x30, 0x1C, 0xF0, 0x1F,
    0xF0, 0x1F, 0xE0, 0x1F, 0x80, 0x3E, 0x00, 0xFC, 0x00, 0xFC, 0x00, 0xDC, 0x00, 0x1C, 0x00, 0x1C,
    0x00, 0x1C, 0x00, 0x1C, 0x00, 0x1F, 0xFF, 0x1F, 0xFF, 0x1F, 0xFF, 0x1C, 0x0E, 0x07, 0x03, 0x81,
    0xC0, 0xE4, 0x7E, 0x3F, 0x3E, 0x3E, 0x3F, 0x1B, 0x81, 0xC0, 0xE0, 0x70, 0x38, 0x1C, 0x0E, 0x07,
    0x03, 0x81, 0xC0, 0x01, 0xC0, 0x0F, 0x00, 0x38, 0x01, 0xC0, 0x00, 0x00, 0x00, 0x0E, 0x7E, 0x3B,
    0xFC, 0xFF, 0xFB, 0xE1, 0xEF, 0x03, 0xB8, 0x0E, 0xE0, 0x3B, 0x80, 0xEE, 0x03, 0xB8, 0x0E, 0xE0,
    0x3B, 0x80, 0xEE, 0x03, 0xB8, 0x0E, 0xE0, 0x3B, 0x80, 0xE0, 0x38, 0xE0, 0x77, 0x00, 0xF8, 0x01,
    0xC0, 0x00, 0x00, 0x00, 0x0E, 0x7E, 0x3B, 0xFC, 0xFF, 0xFB, 0xE1, 0xEF, 0x03, 0xB8, 0x0E, 0xE0,
    0x3B, 0x80, 0xEE, 0x03, 0xB8, 0x0E, 0xE0, 0x3B, 0x80, 0xEE, 0x03, 0xB8, 0x0E, 0xE0, 0x3B, 0x80,
    0xE0, 0x0E, 0x38, 0x1C, 0xE0, 0x73, 0x80, 0xE7, 0x00, 0x00, 0x00, 0x00, 0x03, 0xF8, 0x0F, 0xF8,
    0x3F, 0xF8, 0xF0, 0x79, 0xC0, 0x77, 0x80, 0xFE, 0x00, 0xFC, 0x01, 0xF8, 0x03, 0xF0, 0x07, 0xF0,
    0x1E, 0xE0, 0x39, 0xE0, 0xF1, 0xFF, 0xC1, 0xFF, 0x01, 0xFC, 0x00, 0x07, 0x07, 0x03, 0x03, 0x80,
    0x00, 0x03, 0x9F, 0xDF, 0xFF, 0x7C, 0x3C, 0x1C, 0x0E, 0x07, 0x03, 0x81, 0xC0, 0xE0, 0x70, 0x38,
    0x1C, 0x0E, 0x07, 0x00, 0x38, 0x70, 0x1C, 0xE0, 0x0F, 0xC0, 0x07, 0x80, 0x03, 0x00, 0x00, 0x00,
    0x00, 0x00, 0xFF, 0xE0, 0xFF, 0xF8, 0xFF, 0xFC, 0xE0, 0x3C, 0xE0, 0x1E, 0xE0, 0x0E, 0xE0, 0x0E,
    0xE0, 0x0E, 0xE0, 0x1E, 0xE0, 0x3E, 0xFF, 0xFC, 0xFF, 0xF8, 0xFF, 0xF0, 0xE0, 0xF0, 0xE0, 0x70,
    0xE0, 0x78, 0xE0, 0x3C, 0xE0, 0x3C, 0xE0, 0x1E, 0xE0, 0x1E, 0xE0, 0x0F, 0xF1, 0xCF, 0x70, 0xFC,
    0x0F, 0x00, 0x00, 0x00, 0x1C, 0xF3, 0xBE, 0x7F, 0x8F, 0x81, 0xE0, 0x38, 0x07, 0x00, 0xE0, 0x1C,
    0x03, 0x80, 0x70, 0x0E, 0x01, 0xC0, 0x38, 0x07, 0x00, 0xE0, 0x00, 0x00, 0x70, 0x00, 0x70, 0x00,
    0x38, 0x00, 0x38, 0x00, 0x00, 0x00, 0x00, 0x00, 0x00, 0x00, 0x0F, 0xE0, 0x1F, 0xFC, 0x1F, 0xFF,
    0x1F, 0x07, 0x8F, 0x01, 0xE7, 0x00, 0x73, 0x80, 0x01, 0xE0, 0x00, 0x7E, 0x00, 0x1F, 0xE0, 0x07,
    0xFE, 0x00, 0x7F, 0x80, 0x07, 0xE0, 0x00, 0xF0, 0x00, 0x3B, 0xC0, 0x1C, 0xE0, 0x1E, 0x78, 0x1F,
    0x1F, 0xFF, 0x07, 0xFF, 0x00, 0xFE, 0x00, 0x01, 0xE0, 0x07, 0x00, 0x38, 0x00, 0xE0, 0x00, 0x00,
    0x00, 0x00, 0xFC, 0x0F, 0xF8, 0x7F, 0xF1, 0xE1, 0xE7, 0x02, 0x1E, 0x00, 0x7E, 0x00, 0xFF, 0x80,
    0xFF, 0x00, 0x3E, 0x00, 0x39, 0xC0, 0xE7, 0x07, 0x9F, 0xFE, 0x3F, 0xF0, 0x3F, 0x00, 0x07, 0xF0,
    0x0F, 0xFE, 0x0F, 0xFF, 0x8F, 0x83, 0xC7, 0x80, 0xF3, 0x80, 0x39, 0xC0, 0x00, 0xF0, 0x00, 0x3F,
    0x00, 0x0F, 0xF0, 0x03, 0xFF, 0x00, 0x3F, 0xC0, 0x03, 0xF0, 0x00, 0x78, 0x00, 0x1D, 0xE0, 0x0E,
    0x70, 0x0F, 0x3C, 0x0F, 0x8F, 0xFF, 0x83, 0xFF, 0x80, 0x7F, 0x00, 0x0C, 0x00, 0x07, 0x80, 0x01,
    0xE0, 0x00, 0x30, 0x00, 0xF8, 0x00, 0x78, 0x00, 0x0F, 0xC0, 0xFF, 0xC7, 0xFF, 0x1E, 0x1E, 0x70,
    0x21, 0xE0, 0x07, 0xE0, 0x0F, 0xF8, 0x0F, 0xF0, 0x03, 0xE0, 0x03, 0x9C, 0x0E, 0x70, 0x79, 0xFF,
    0xE3, 0xFF, 0x03, 0xF0, 0x03, 0x00, 0x0F, 0x00, 0x1E, 0x00, 0x18, 0x03, 0xE0, 0x1F, 0x00, 0x0E,
    0x38, 0x07, 0x38, 0x01, 0xF8, 0x00, 0x7C, 0x00, 0x1C, 0x00, 0x00, 0x00, 0x00, 0x00, 0x0F, 0xE0,
    0x1F, 0xFC, 0x1F, 0xFF, 0x1F, 0x03, 0xCF, 0x01, 0xE7, 0x00, 0x03, 0x80, 0x01, 0xE0, 0x00, 0x7E,
    0x00, 0x1F, 0xE0, 0x07, 0xFE, 0x00, 0x7F, 0x80, 0x03, 0xE0, 0x00, 0xF0, 0x00, 0x3B, 0xC0, 0x1C,
    0xE0, 0x1E, 0x7C, 0x1F, 0x1F, 0xFF, 0x07, 0xFF, 0x00, 0xFE, 0x00, 0x18, 0x60, 0x73, 0x80, 0xFC,
    0x01, 0xE0, 0x03, 0x00, 0x00, 0x00, 0x00, 0x03, 0xF0, 0x3F, 0xE1, 0xFF, 0xC7, 0x87, 0x9C, 0x08,
    0x78, 0x01, 0xF8, 0x03, 0xFE, 0x03, 0xFC, 0x00, 0xF8, 0x00, 0xE7, 0x03, 0x9C, 0x1E, 0x7F, 0xF8,
    0xFF, 0xC0, 0xFC, 0x00, 0x1C, 0x03, 0x80, 0x70, 0x0E, 0x0F, 0xF9, 0xFF, 0x1F, 0xE0, 0xE0, 0x1C,
    0x03, 0x80, 0x70, 0x0E, 0x01, 0xC0, 0x38, 0x07, 0x00, 0xE0, 0x1C, 0x03, 0xF0, 0x3F, 0x03, 0xE0,
    0x30, 0x07, 0x00, 0xF0, 0x06, 0x07, 0xC0, 0xF0, 0x0C, 0x38, 0x0E, 0x70, 0x07, 0xF0, 0x03, 0xE0,
    0x01, 0xC0, 0x00, 0x00, 0x00, 0x00, 0xFF, 0xFF, 0xFF, 0xFF, 0xFF, 0xFF, 0x01, 0xC0, 0x01, 0xC0,
    0x01, 0xC0, 0x01, 0xC0, 0x01, 0xC0, 0x01, 0xC0, 0x01, 0xC0, 0x01, 0xC0, 0x01, 0xC0, 0x01, 0xC0,
    0x01, 0xC0, 0x01, 0xC0, 0x01, 0xC0, 0x01, 0xC0, 0x01, 0xC0, 0x01, 0xC0, 0x01, 0xC0, 0x01, 0xC0,
    0x00, 0xE0, 0x1C, 0x03, 0x8E, 0x61, 0xCC, 0x38, 0x07, 0x07, 0xFE, 0xFF, 0xCF, 0xF0, 0x70, 0x0E,
    0x01, 0xC0, 0x38, 0x07, 0x00, 0xE0, 0x1C, 0x03, 0x80, 0x70, 0x0F, 0x01, 0xF8, 0x1F, 0x81, 0xF0,
    0x1F, 0xE0, 0x7F, 0x81, 0xFE, 0x00, 0x00, 0x00, 0x03, 0x80, 0xEE, 0x03, 0xB8, 0x0E, 0xE0, 0x3B,
    0x80, 0xEE, 0x03, 0xB8, 0x0E, 0xE0, 0x3B, 0x80, 0xEE, 0x03, 0xB8, 0x0E, 0xF0, 0x7B, 0xC1, 0xE7,
    0xFF, 0x9F, 0xFE, 0x1F, 0x38, 0x03, 0xE0, 0x03, 0xF8, 0x01, 0x8C, 0x00, 0xC6, 0x00, 0x77, 0x00,
    0x1F, 0x00, 0x07, 0x00, 0x00, 0x00, 0xE0, 0x03, 0xF0, 0x01, 0xF8, 0x00, 0xFC, 0x00, 0x7E, 0x00,
    0x3F, 0x00, 0x1F, 0x80, 0x0F, 0xC0, 0x07, 0xE0, 0x03, 0xF0, 0x01, 0xF8, 0x00, 0xFC, 0x00, 0x7E,
    0x00, 0x3F, 0x00, 0x1F, 0x80, 0x0F, 0xE0, 0x0F, 0xF0, 0x07, 0xBE, 0x07, 0x8F, 0xFF, 0x83, 0xFF,
    0x80, 0x7F, 0x00, 0x07, 0x00, 0x7E, 0x01, 0x8C, 0x06, 0x30, 0x18, 0xC0, 0x7E, 0x00, 0x70, 0x00,
    0x00, 0xE0, 0x3B, 0x80, 0xEE, 0x03, 0xB8, 0x0E, 0xE0, 0x3B, 0x80, 0xEE, 0x03, 0xB8, 0x0E, 0xE0,
    0x3B, 0x80, 0xEE, 0x03, 0xBC, 0x1E, 0xF0, 0x79, 0xFF, 0xE7, 0xFB, 0x87, 0xCE, 0x07, 0x1C, 0x03,
    0x9C, 0x03, 0x9C, 0x01, 0xCE, 0x00, 0x00, 0x00, 0x00, 0x00, 0x00, 0x01, 0xC0, 0x07, 0xE0, 0x03,
    0xF0, 0x01, 0xF8, 0x00, 0xFC, 0x00, 0x7E, 0x00, 0x3F, 0x00, 0x1F, 0x80, 0x0F, 0xC0, 0x07, 0xE0,
    0x03, 0xF0, 0x01, 0xF8, 0x00, 0xFC, 0x00, 0x7E, 0x00, 0x3F, 0x00, 0x1F, 0xC0, 0x1F, 0xE0, 0x0F,
    0x7C, 0x0F, 0x1F, 0xFF, 0x07, 0xFF, 0x00, 0xFE, 0x00, 0x1C, 0x70, 0x73, 0x83, 0x9C, 0x0E, 0x60,
    0x00, 0x00, 0x00, 0x0E, 0x03, 0xB8, 0x0E, 0xE0, 0x3B, 0x80, 0xEE, 0x03, 0xB8, 0x0E, 0xE0, 0x3B,
    0x80, 0xEE, 0x03, 0xB8, 0x0E, 0xE0, 0x3B, 0xC1, 0xEF, 0x07, 0x9F, 0xFE, 0x7F, 0xB8, 0x7C, 0xE0,
    0xE0, 0x03, 0xF0, 0x01, 0xF8, 0x00, 0xFC, 0x00, 0x7E, 0x00, 0x3F, 0x00, 0x1F, 0x80, 0x0F, 0xC0,
    0x07, 0xE0, 0x03, 0xF0, 0x01, 0xF8, 0x00, 0xFC, 0x00, 0x7E, 0x00, 0x3F, 0x00, 0x1F, 0x80, 0x0F,
    0xE0, 0x0F, 0xF0, 0x07, 0xBE, 0x07, 0x8F, 0xFF, 0x83, 0xFF, 0x80, 0x7F, 0x80, 0x0F, 0x00, 0x0E,
    0x00, 0x07, 0x00, 0x03, 0xF0, 0x01, 0xF8, 0x00, 0x7C, 0x00, 0xE0, 0x39, 0xC0, 0x73, 0x80, 0xE7,
    0x01, 0xCE, 0x03, 0x9C, 0x07, 0x38, 0x0E, 0x70, 0x1C, 0xE0, 0x39, 0xC0, 0x73, 0x80, 0xE7, 0x83,
    0xCF, 0x07, 0x8F, 0xFF, 0x1F, 0xEE, 0x0F, 0x9C, 0x00, 0x70, 0x01, 0xC0, 0x03, 0x80, 0x07, 0xC0,
    0x0F, 0xC0, 0x0F, 0x80, 0x03, 0xC0, 0x1C, 0x01, 0xC0, 0x0C, 0x00, 0x00, 0x00, 0x03, 0xFF, 0xDF,
    0xFE, 0xFF, 0xF0, 0x0F, 0x00, 0x70, 0x07, 0x80, 0x78, 0x03, 0x80, 0x3C, 0x03, 0xC0, 0x3C, 0x01,
    0xC0, 0x1E, 0x01, 0xFF, 0xFF, 0xFF, 0xFF, 0xFC, 0x06, 0x00, 0x78, 0x03, 0xC0, 0x0C, 0x00, 0x00,
    0x00, 0x03, 0xFF, 0xDF, 0xFE, 0xFF, 0xF0, 0x07, 0x00, 0x70, 0x07, 0x80, 0x78, 0x03, 0x80, 0x3C,
    0x03, 0xC0, 0x3C, 0x01, 0xC0, 0x1E, 0x01, 0xFF, 0xFF, 0xFF, 0xFF, 0xFC, 0x18, 0x30, 0x38, 0xE0,
    0x3F, 0x80, 0x3E, 0x00, 0x38, 0x00, 0x00, 0x00, 0x00, 0x7F, 0xFF, 0xFF, 0xFF, 0xFF, 0xFC, 0x00,
    0xF0, 0x01, 0xC0, 0x07, 0x80, 0x1E, 0x00, 0x38, 0x00, 0xF0, 0x03, 0xC0, 0x07, 0x00, 0x1E, 0x00,
    0x78, 0x00, 0xE0, 0x03, 0xC0, 0x0F, 0x00, 0x1C, 0x00, 0x78, 0x01, 0xFF, 0xFF, 0xFF, 0xFF, 0xFF,
    0xF0, 0x71, 0xE1, 0xCE, 0x07, 0xE0, 0x1E, 0x00, 0x00, 0x00, 0x03, 0xFF, 0xDF, 0xFE, 0xFF, 0xF0,
    0x0F, 0x00, 0x70, 0x07, 0x80, 0x78, 0x03, 0x80, 0x3C, 0x03, 0xC0, 0x3C, 0x01, 0xC0, 0x1E, 0x01,
    0xFF, 0xFF, 0xFF, 0xFF, 0xFC, 0x00, 0x07, 0x00, 0x03, 0x80, 0x01, 0xC0, 0x00, 0xE0, 0xFF, 0xF0,
    0xFF, 0xF0, 0xFF, 0xE0, 0xF0, 0x78, 0x70, 0x1C, 0x78, 0x0F, 0x38, 0x03, 0x9C, 0x01, 0xCE, 0x00,
    0xE7, 0x00, 0x73, 0xC0, 0x78, 0xE0, 0x38, 0x78, 0x3C, 0x1F, 0xFC, 0x07, 0xFC, 0x01, 0xFC, 0x00,
    0x00, 0x07, 0x00, 0x07, 0x00, 0x07, 0x00, 0x07, 0xE0, 0x3F, 0xE0, 0x3E, 0xE0, 0x38, 0xE0, 0x38,
    0xE0, 0x38, 0xE0, 0x38, 0xE0, 0x38, 0xE0, 0x38, 0xE0, 0x38, 0xE0, 0x38, 0xE0, 0x38, 0xF0, 0x78,
    0xF0, 0x78, 0x7F, 0xF8, 0x7F, 0xB8, 0x1F, 0x38, 0x07, 0xF0, 0x0F, 0xFE, 0x0F, 0xFF, 0x8F, 0x83,
    0xC7, 0x80, 0xF3, 0x80, 0x39, 0xC0, 0x00, 0xF0, 0x00, 0x3F, 0x00, 0x0F, 0xF0, 0x03, 0xFF, 0x00,
    0x3F, 0xC0, 0x03, 0xF0, 0x00, 0x78, 0x00, 0x1D, 0xE0, 0x0E, 0x70, 0x0F, 0x3C, 0x0F, 0x8F, 0xFF,
    0x83, 0xFF, 0x80, 0x7F, 0x00, 0x00, 0x00, 0x07, 0x00, 0x07, 0x00, 0x03, 0x80, 0x01, 0xC0, 0x00,
    0xC0, 0x00, 0x0F, 0xC0, 0xFF, 0x87, 0xFF, 0x1E, 0x1E, 0x70, 0x21, 0xE0, 0x07, 0xE0, 0x0F, 0xF8,
    0x0F, 0xF0, 0x03, 0xE0, 0x03, 0x9C, 0x0E, 0x70, 0x79, 0xFF, 0xE3, 0xFF, 0x03, 0xF0, 0x00, 0x00,
    0x1C, 0x00, 0x70, 0x01, 0xC0, 0x06, 0x00, 0x38, 0x00, 0xFF, 0xFF, 0xFF, 0xFF, 0xFF, 0xFF, 0x01,
    0xC0, 0x01, 0xC0, 0x01, 0xC0, 0x01, 0xC0, 0x01, 0xC0, 0x01, 0xC0, 0x01, 0xC0, 0x01, 0xC0, 0x01,
    0xC0, 0x01, 0xC0, 0x01, 0xC0, 0x01, 0xC0, 0x01, 0xC0, 0x01, 0xC0, 0x01, 0xC0, 0x01, 0xC0, 0x01,
    0xC0, 0x01, 0xC0, 0x00, 0x00, 0x00, 0x00, 0x01, 0xC0, 0x03, 0x80, 0x03, 0x80, 0x03, 0x80, 0x03,
    0x00, 0x1C, 0x07, 0x01, 0xC0, 0x70, 0xFF, 0xFF, 0xF7, 0xF8, 0x70, 0x1C, 0x07, 0x01, 0xC0, 0x70,
    0x1C, 0x07, 0x01, 0xC0, 0x70, 0x1C, 0x07, 0xE0, 0xFC, 0x1F, 0x00, 0x00, 0x00, 0xF0, 0x38, 0x0E,
    0x07, 0x01, 0xC0, 0x03, 0xF8, 0x01, 0xFF, 0xC0, 0x7F, 0xFC, 0x1F, 0x07, 0xC7, 0x80, 0x3C, 0xE0,
    0x07, 0xBC, 0x00, 0x77, 0x80, 0x00, 0xE0, 0x00, 0x1F, 0xFE, 0x03, 0xFF, 0xC0, 0x7F, 0xF0, 0x0E,
    0x00, 0x01, 0xE0, 0x00, 0x3C, 0x00, 0x73, 0x80, 0x1E, 0x78, 0x03, 0xC7, 0x81, 0xF0, 0x7F, 0xFC,
    0x07, 0xFF, 0x00, 0x3F, 0x80, 0xEE, 0xEE, 0xEE, 0xEE, 0xEE, 0xEE, 0xEE, 0xEE, 0xEE, 0xEE, 0xE0,
    0x00, 0xF8, 0x00, 0x07, 0xC0, 0x00, 0x7E, 0x00, 0x03, 0xF8, 0x00, 0x1D, 0xC0, 0x01, 0xEF, 0x00,
    0x0E, 0x78, 0x00, 0x71, 0xC0, 0x07, 0x8F, 0x00, 0x38, 0x78, 0x01, 0xC1, 0xC0, 0x1E, 0x0F, 0x00,
    0xE0, 0x78, 0x0F, 0xFF, 0xC0, 0x7F, 0xFF, 0x03, 0xFF, 0xF8, 0x3C, 0x01, 0xE1, 0xE0, 0x0F, 0x0E,
    0x00, 0x38, 0xF0, 0x01, 0xE7, 0x80, 0x0F, 0x00, 0xFF, 0xF9, 0xFF, 0xF3, 0xFF, 0xE7, 0x00, 0x0E,
    0x00, 0x1C, 0x00, 0x38, 0x00, 0x70, 0x00, 0xE0, 0x01, 0xFF, 0xC3, 0xFF, 0xE7, 0xFF, 0xEE, 0x01,
    0xFC, 0x03, 0xF8, 0x03, 0xF0, 0x07, 0xE0, 0x1F, 0xC0, 0x7F, 0xFF, 0xF7, 0xFF, 0xCF, 0xFE, 0x00,
    0xFF, 0xE0, 0xFF, 0xF8, 0xFF, 0xF8, 0xE0, 0x3C, 0xE0, 0x1C, 0xE0, 0x1C, 0xE0, 0x1C, 0xE0, 0x3C,
    0xE0, 0x78, 0xFF, 0xF0, 0xFF, 0xF0, 0xFF, 0xFC, 0xE0, 0x3E, 0xE0, 0x1E, 0xE0, 0x0E, 0xE0, 0x0E,
    0xE0, 0x0E, 0xE0, 0x1E, 0xFF, 0xFC, 0xFF, 0xF8, 0xFF, 0xF0, 0xFF, 0xFF, 0xFF, 0xFF, 0xFF, 0xB8,
    0x00, 0xE0, 0x03, 0x80, 0x0E, 0x00, 0x38, 0x00, 0xE0, 0x03, 0x80, 0x0E, 0x00, 0x38, 0x00, 0xE0,
    0x03, 0x80, 0x0E, 0x00, 0x38, 0x00, 0xE0, 0x03, 0x80, 0x0E, 0x00, 0x38, 0x00, 0xE0, 0x00, 0x07,
    0xFF, 0xE0, 0x1F, 0xFF, 0x80, 0x7F, 0xFE, 0x01, 0xE0, 0x38, 0x07, 0x00, 0xE0, 0x1C, 0x03, 0x80,
    0x70, 0x0E, 0x01, 0xC0, 0x38, 0x07, 0x00, 0xE0, 0x1C, 0x03, 0x80, 0x70, 0x0E, 0x03, 0xC0, 0x38,
    0x0F, 0x00, 0xE0, 0x3C, 0x03, 0x80, 0xE0, 0x0E, 0x03, 0x80, 0x38, 0x1E, 0x00, 0xE0, 0xF0, 0x03,
    0x8F, 0xFF, 0xFF, 0xFF, 0xFF, 0xFF, 0xFF, 0xFF, 0xFF, 0x80, 0x00, 0x7E, 0x00, 0x01, 0xF8, 0x00,
    0x07, 0xE0, 0x00, 0x1F, 0x80, 0x00, 0x70, 0xFF, 0xFF, 0xFF, 0xFF, 0xFF, 0xB8, 0x00, 0xE0, 0x03,
    0x80, 0x0E, 0x00, 0x38, 0x00, 0xE0, 0x03, 0xFF, 0xEF, 0xFF, 0xBF, 0xFC, 0xE0, 0x03, 0x80, 0x0E,
    0x00, 0x38, 0x00, 0xE0, 0x03, 0x80, 0x0F, 0xFF, 0xBF, 0xFF, 0xFF, 0xFC, 0x3C, 0x07, 0x01, 0xF1,
    0xE0, 0x38, 0x0F, 0x07, 0x81, 0xC0, 0xF0, 0x3C, 0x0E, 0x07, 0x80, 0xF0, 0x70, 0x78, 0x03, 0xC3,
    0x83, 0xC0, 0x1E, 0x1C, 0x3C, 0x00, 0x78, 0xE1, 0xC0, 0x01, 0xC7, 0x1E, 0x00, 0x0F, 0xFF, 0xE0,
    0x00, 0x7F, 0xFF, 0x00, 0x03, 0xFF, 0xFC, 0x00, 0x3C, 0x71, 0xE0, 0x03, 0xC3, 0x87, 0x80, 0x1E,
    0x1C, 0x1C, 0x01, 0xE0, 0xE0, 0xF0, 0x0E, 0x07, 0x03, 0xC0, 0xF0, 0x38, 0x1E, 0x0F, 0x01, 0xC0,
    0x78, 0x78, 0x0E, 0x03, 0xE7, 0x80, 0x70, 0x0F, 0x00, 0x07, 0xF0, 0x1F, 0xF8, 0x3F, 0xFC, 0x78,
    0x1E, 0x70, 0x0E, 0x00, 0x0E, 0x00, 0x1E, 0x00, 0x1C, 0x03, 0xFC, 0x03, 0xF0, 0x03, 0xF8, 0x00,
    0x3C, 0x00, 0x1E, 0x00, 0x0E, 0x00, 0x0E, 0xF0, 0x0E, 0x70, 0x1E, 0x78, 0x1E, 0x3F, 0xFC, 0x1F,
    0xF8, 0x0F, 0xE0, 0xE0, 0x07, 0xB8, 0x03, 0xEE, 0x00, 0xFB, 0x80, 0x7E, 0xE0, 0x3F, 0xB8, 0x0E,
    0xEE, 0x07, 0xBB, 0x81, 0xCE, 0xE0, 0xF3, 0xB8, 0x78, 0xEE, 0x1E, 0x3B, 0x8F, 0x0E, 0xE7, 0x83,
    0xB9, 0xE0, 0xEE, 0xF0, 0x3B, 0xF8, 0x0E, 0xFE, 0x03, 0xBF, 0x00, 0xEF, 0x80, 0x3B, 0xE0, 0x0E,
    0xF0, 0x03, 0x80, 0x0C, 0x18, 0x03, 0x06, 0x00, 0xE3, 0x80, 0x1F, 0xC0, 0x03, 0xE0, 0x00, 0x00,
    0x00, 0x00, 0x03, 0x80, 0x1E, 0xE0, 0x0F, 0xB8, 0x03, 0xEE, 0x01, 0xFB, 0x80, 0xFE, 0xE0, 0x3B,
    0xB8, 0x1E, 0xEE, 0x07, 0x3B, 0x83, 0xCE, 0xE1, 0xE3, 0xB8, 0x70, 0xEE, 0x3C, 0x3B, 0x9E, 0x0E,
    0xE7, 0x83, 0xBB, 0xC0, 0xEF, 0xE0, 0x3B, 0xF8, 0x0E, 0xFC, 0x03, 0xBE, 0x00, 0xEF, 0x80, 0x3B,
    0xC0, 0x0E, 0xE0, 0x0F, 0x70, 0x0F, 0x38, 0x07, 0x9C, 0x07, 0x8E, 0x07, 0x87, 0x07, 0x83, 0x83,
    0xC1, 0xC3, 0xC0, 0xE3, 0xC0, 0x7F, 0xC0, 0x3F, 0xE0, 0x1F, 0xF8, 0x0E, 0x1E, 0x07, 0x0F, 0x03,
    0x83, 0xC1, 0xC0, 0xF0, 0xE0, 0x3C, 0x70, 0x1E, 0x38, 0x07, 0x9C, 0x01, 0xEE, 0x00, 0xF8, 0x07,
    0xFF, 0xC1, 0xFF, 0xF8, 0x3F, 0xFF, 0x07, 0x80, 0xE0, 0xF0, 0x1C, 0x1E, 0x03, 0x83, 0x80, 0x70,
    0x70, 0x0E, 0x0E, 0x01, 0xC1, 0xC0, 0x38, 0x38, 0x07, 0x07, 0x00, 0xE0, 0xE0, 0x1C, 0x3C, 0x03,
    0x87, 0x80, 0x70, 0xF0, 0x0E, 0x1C, 0x01, 0xC7, 0x80, 0x3B, 0xF0, 0x07, 0x7C, 0x00, 0xEF, 0x00,
    0x1C, 0xF8, 0x00, 0x7F, 0xF0, 0x03, 0xFF, 0xC0, 0x0F, 0xFF, 0x00, 0x3F, 0xFE, 0x01, 0xFF, 0xB8,
    0x07, 0x7E, 0xE0, 0x1D, 0xFB, 0xC0, 0xF7, 0xE7, 0x03, 0x9F, 0x9E, 0x1E, 0x7E, 0x78, 0x79, 0xF8,
    0xE1, 0xC7, 0xE3, 0xCF, 0x1F, 0x87, 0x38, 0x7E, 0x1C, 0xE1, 0xF8, 0x7F, 0x87, 0xE0, 0xFC, 0x1F,
    0x83, 0xF0, 0x7E, 0x07, 0x81, 0xF8, 0x1E, 0x07, 0xE0, 0x78, 0x1C, 0xE0, 0x03, 0xF0, 0x01, 0xF8,
    0x00, 0xFC, 0x00, 0x7E, 0x00, 0x3F, 0x00, 0x1F, 0x80, 0x0F, 0xC0, 0x07, 0xE0, 0x03, 0xFF, 0xFF,
    0xFF, 0xFF, 0xFF, 0xFF, 0xFE, 0x00, 0x3F, 0x00, 0x1F, 0x80, 0x0F, 0xC0, 0x07, 0xE0, 0x03, 0xF0,
    0x01, 0xF8, 0x00, 0xFC, 0x00, 0x7E, 0x00, 0x38, 0x03, 0xF8, 0x00, 0xFF, 0xE0, 0x1F, 0xFF, 0x03,
    0xE0, 0x78, 0x78, 0x03, 0xC7, 0x80, 0x1C, 0xF0, 0x01, 0xEF, 0x00, 0x1E, 0xE0, 0x00, 0xEE, 0x00,
    0x0E, 0xE0, 0x00, 0xEE, 0x00, 0x0E, 0xE0, 0x00, 0xEF, 0x00, 0x1E, 0xF0, 0x01, 0xE7, 0x80, 0x1C,
    0x78, 0x03, 0xC3, 0xE0, 0x78, 0x1F, 0xFF, 0x00, 0xFF, 0xE0, 0x03, 0xF8, 0x00, 0xFF, 0xFF, 0xFF,
    0xFF, 0xFF, 0xFF, 0xFC, 0x00, 0x7E, 0x00, 0x3F, 0x00, 0x1F, 0x80, 0x0F, 0xC0, 0x07, 0xE0, 0x03,
    0xF0, 0x01, 0xF8, 0x00, 0xFC, 0x00, 0x7E, 0x00, 0x3F, 0x00, 0x1F, 0x80, 0x0F, 0xC0, 0x07, 0xE0,
    0x03, 0xF0, 0x01, 0xF8, 0x00, 0xFC, 0x00, 0x7E, 0x00, 0x38, 0xFF, 0xE1, 0xFF, 0xF3, 0xFF, 0xF7,
    0x01, 0xEE, 0x01, 0xFC, 0x01, 0xF8, 0x03, 0xF0, 0x07, 0xE0, 0x1F, 0xC0, 0x3F, 0x81, 0xF7, 0xFF,
    0xCF, 0xFF, 0x1F, 0xF8, 0x38, 0x00, 0x70, 0x00, 0xE0, 0x01, 0xC0, 0x03, 0x80, 0x07, 0x00, 0x0E,
    0x00, 0x00, 0x03, 0xF8, 0x01, 0xFF, 0xC0, 0x7F, 0xFC, 0x1F, 0x03, 0xC7, 0x80, 0x3C, 0xF0, 0x07,
    0xBC, 0x00, 0x77, 0x80, 0x00, 0xE0, 0x00, 0x1C, 0x00, 0x03, 0x80, 0x00, 0x70, 0x00, 0x0E, 0x00,
    0x01, 0xE0, 0x00, 0x3C, 0x00, 0x73, 0xC0, 0x1E, 0x78, 0x03, 0xC7, 0xC1, 0xF0, 0x7F, 0xFC, 0x07,
    0xFF, 0x00, 0x3F, 0x80, 0xFF, 0xFF, 0xFF, 0xFF, 0xFF, 0xFF, 0x01, 0xC0, 0x01, 0xC0, 0x01, 0xC0,
    0x01, 0xC0, 0x01, 0xC0, 0x01, 0xC0, 0x01, 0xC0, 0x01, 0xC0, 0x01, 0xC0, 0x01, 0xC0, 0x01, 0xC0,
    0x01, 0xC0, 0x01, 0xC0, 0x01, 0xC0, 0x01, 0xC0, 0x01, 0xC0, 0x01, 0xC0, 0x01, 0xC0, 0x78, 0x01,
    0xC7, 0x00, 0x78, 0xF0, 0x0F, 0x0E, 0x03, 0xC1, 0xE0, 0x78, 0x3C, 0x0E, 0x03, 0xC3, 0xC0, 0x78,
    0x70, 0x07, 0x9E, 0x00, 0xF3, 0xC0, 0x0E, 0x70, 0x01, 0xFE, 0x00, 0x1F, 0x80, 0x03, 0xF0, 0x00,
    0x3C, 0x00, 0x07, 0x80, 0x00, 0xF0, 0x00, 0x3C, 0x00, 0x3F, 0x80, 0x07, 0xE0, 0x00, 0xF8, 0x00,
    0x00, 0x70, 0x00, 0x01, 0xC0, 0x00, 0x07, 0x00, 0x00, 0xFF, 0xC0, 0x0F, 0xFF, 0xC0, 0xFF, 0xFF,
    0x83, 0xE7, 0x1F, 0x1E, 0x1C, 0x3C, 0xF0, 0x70, 0x7B, 0xC1, 0xC1, 0xEE, 0x07, 0x03, 0xB8, 0x1C,
    0x0E, 0xE0, 0x70, 0x3B, 0x81, 0xC0, 0xEF, 0x07, 0x03, 0xBC, 0x1C, 0x1E, 0x78, 0x70, 0xF0, 0xF1,
    0xC7, 0xC3, 0xFF, 0xFE, 0x03, 0xFF, 0xF0, 0x03, 0xFF, 0x00, 0x01, 0xC0, 0x00, 0x07, 0x00, 0x00,
    0x1C, 0x00, 0x78, 0x01, 0xE3, 0xC0, 0x3C, 0x1E, 0x07, 0x81, 0xE0, 0x78, 0x0F, 0x0F, 0x00, 0x79,
    0xE0, 0x07, 0x9C, 0x00, 0x3F, 0xC0, 0x01, 0xF8, 0x00, 0x0F, 0x00, 0x00, 0xF0, 0x00, 0x1F, 0x80,
    0x03, 0xFC, 0x00, 0x3B, 0xC0, 0x07, 0x9E, 0x00, 0xF0, 0xF0, 0x0F, 0x0F, 0x01, 0xE0, 0x78, 0x3C,
    0x03, 0xC7, 0x80, 0x3C, 0x78, 0x01, 0xE0, 0xE0, 0x07, 0x1C, 0x00, 0xE3, 0x80, 0x1C, 0x70, 0x03,
    0x8E, 0x00, 0x71, 0xC0, 0x0E, 0x38, 0x01, 0xC7, 0x00, 0x38, 0xE0, 0x07, 0x1C, 0x00, 0xE3, 0x80,
    0x1C, 0x70, 0x03, 0x8E, 0x00, 0x71, 0xC0, 0x0E, 0x38, 0x01, 0xC7, 0x00, 0x38, 0xE0, 0x07, 0x1C,
    0x00, 0xE3, 0xFF, 0xFF, 0x7F, 0xFF, 0xEF, 0xFF, 0xFC, 0x00, 0x03, 0x80, 0x00, 0x70, 0x00, 0x0E,
    0x00, 0x01, 0xC0, 0x00, 0x38, 0xE0, 0x07, 0xE0, 0x07, 0xE0, 0x07, 0xE0, 0x07, 0xE0, 0x07, 0xE0,
    0x07, 0xE0, 0x07, 0xE0, 0x07, 0xF0, 0x07, 0xF8, 0x1F, 0x7F, 0xFF, 0x3F, 0xFF, 0x0F, 0xE7, 0x00,
    0x07, 0x00, 0x07, 0x00, 0x07, 0x00, 0x07, 0x00, 0x07, 0x00, 0x07, 0x00, 0x07, 0x00, 0x07, 0xE0,
    0x38, 0x0E, 0xE0, 0x38, 0x0E, 0xE0, 0x38, 0x0E, 0xE0, 0x38, 0x0E, 0xE0, 0x38, 0x0E, 0xE0, 0x38,
    0x0E, 0xE0, 0x38, 0x0E, 0xE0, 0x38, 0x0E, 0xE0, 0x38, 0x0E, 0xE0, 0x38, 0x0E, 0xE0, 0x38, 0x0E,
    0xE0, 0x38, 0x0E, 0xE0, 0x38, 0x0E, 0xE0, 0x38, 0x0E, 0xE0, 0x38, 0x0E, 0xE0, 0x38, 0x0E, 0xE0,
    0x38, 0x0E, 0xE0, 0x38, 0x0E, 0xFF, 0xFF, 0xFE, 0xFF, 0xFF, 0xFE, 0xFF, 0xFF, 0xFE, 0xE0, 0x38,
    0x0E, 0x38, 0x0E, 0x03, 0x8E, 0x03, 0x80, 0xE3, 0x80, 0xE0, 0x38, 0xE0, 0x38, 0x0E, 0x38, 0x0E,
    0x03, 0x8E, 0x03, 0x80, 0xE3, 0x80, 0xE0, 0x38, 0xE0, 0x38, 0x0E, 0x38, 0x0E, 0x03, 0x8E, 0x03,
    0x80, 0xE3, 0x80, 0xE0, 0x38, 0xE0, 0x38, 0x0E, 0x38, 0x0E, 0x03, 0x8E, 0x03, 0x80, 0xE3, 0x80,
    0xE0, 0x38, 0xE0, 0x38, 0x0E, 0x38, 0x0E, 0x03, 0x8F, 0xFF, 0xFF, 0xFF, 0xFF, 0xFF, 0xFF, 0xFF,
    0xFF, 0xFF, 0xC0, 0x00, 0x00, 0x70, 0x00, 0x00, 0x1C, 0x00, 0x00, 0x07, 0x00, 0x00, 0x01, 0xC0,
    0x00, 0x00, 0x70, 0xE0, 0x00, 0x3B, 0x80, 0x00, 0xEE, 0x00, 0x03, 0xB8, 0x00, 0x0E, 0xE0, 0x00,
    0x3B, 0x80, 0x00, 0xEE, 0x00, 0x03, 0xB8, 0x00, 0x0E, 0xFF, 0xE0, 0x3B, 0xFF, 0xE0, 0xEF, 0xFF,
    0xC3, 0xB8, 0x0F, 0x8E, 0xE0, 0x1E, 0x3B, 0x80, 0x38, 0xEE, 0x00, 0xE3, 0xB8, 0x03, 0x8E, 0xE0,
    0x1E, 0x3B, 0x80, 0xF8, 0xEF, 0xFF, 0xC3, 0xBF, 0xFE, 0x0E, 0xFF, 0xE0, 0x38, 0xE0, 0x00, 0xE0,
    0x00, 0xE0, 0x00, 0xE0, 0x00, 0xE0, 0x00, 0xE0, 0x00, 0xE0, 0x00, 0xE0, 0x00, 0xFF, 0xE0, 0xFF,
    0xF8, 0xFF, 0xFC, 0xE0, 0x3E, 0xE0, 0x1E, 0xE0, 0x0E, 0xE0, 0x0E, 0xE0, 0x0E, 0xE0, 0x1E, 0xE0,
    0x3E, 0xFF, 0xFC, 0xFF, 0xF8, 0xFF, 0xE0, 0x03, 0xF8, 0x00, 0xFF, 0xE0, 0x1F, 0xFF, 0x03, 0xE0,
    0x78, 0x78, 0x03, 0xC7, 0x80, 0x1C, 0x70, 0x01, 0xE0, 0x00, 0x1E, 0x00, 0x00, 0xE0, 0x1F, 0xFE,
    0x01, 0xFF, 0xE0, 0x0F, 0xFE, 0x00, 0x00, 0xE0, 0x00, 0x0E, 0x70, 0x01, 0xE7, 0x80, 0x1C, 0x78,
    0x03, 0xC3, 0xE0, 0x78, 0x1F, 0xFF, 0x00, 0xFF, 0xE0, 0x03, 0xF8, 0x00, 0x07, 0xFF, 0x1F, 0xFF,
    0x3F, 0xFF, 0x3C, 0x07, 0x78, 0x07, 0x70, 0x07, 0x70, 0x07, 0x70, 0x07, 0x78, 0x07, 0x7C, 0x07,
    0x3F, 0xFF, 0x1F, 0xFF, 0x0F, 0xFF, 0x0F, 0x07, 0x0F, 0x07, 0x1E, 0x07, 0x1C, 0x07, 0x3C, 0x07,
    0x78, 0x07, 0x78, 0x07, 0xF0, 0x07, 0x0F, 0xC0, 0xFF, 0xC7, 0xFF, 0x9E, 0x1E, 0x30, 0x38, 0x00,
    0xE0, 0x1F, 0x8F, 0xFE, 0x7F, 0xBB, 0xC0, 0xEE, 0x03, 0xB8, 0x1E, 0xF0, 0x7B, 0xFF, 0xE7, 0xFB,
    0x8F, 0xCE, 0x00, 0x1C, 0x07, 0xF8, 0x3F, 0xE1, 0xFF, 0x83, 0xC0, 0x0E, 0x38, 0x19, 0xFC, 0x77,
    0xFC, 0xFC, 0x7D, 0xF0, 0x3B, 0xC0, 0x7F, 0x80, 0x7E, 0x00, 0xFC, 0x01, 0xF8, 0x03, 0xF8, 0x0F,
    0x70, 0x1C, 0xF0, 0x78, 0xFF, 0xE0, 0xFF, 0x80, 0xFE, 0x00, 0xFF, 0xC3, 0xFF, 0x8F, 0xFF, 0x38,
    0x1C, 0xE0, 0x73, 0x81, 0xCF, 0xFE, 0x3F, 0xF0, 0xFF, 0xF3, 0x81, 0xEE, 0x03, 0xB8, 0x0E, 0xE0,
    0x7B, 0xFF, 0xEF, 0xFF, 0x3F, 0xF8, 0xFF, 0xFF, 0xFF, 0xFF, 0x80, 0xE0, 0x38, 0x0E, 0x03, 0x80,
    0xE0, 0x38, 0x0E, 0x03, 0x80, 0xE0, 0x38, 0x0E, 0x03, 0x80, 0x0F, 0xFE, 0x03, 0xFF, 0x80, 0xFF,
    0xE0, 0x38, 0x38, 0x1E, 0x0E, 0x07, 0x83, 0x81, 0xE0, 0xE0, 0x70, 0x38, 0x1C, 0x0E, 0x07, 0x03,
    0x81, 0xC0, 0xE0, 0xF0, 0x38, 0x38, 0x0E, 0x3F, 0xFF, 0xEF, 0xFF, 0xFB, 0xFF, 0xFE, 0xE0, 0x03,
    0xB8, 0x00, 0xEE, 0x00, 0x3B, 0x80, 0x0E, 0xE0, 0x03, 0x80, 0x0F, 0xC0, 0x3F, 0xE0, 0xFF, 0xE3,
    0xC3, 0xCF, 0x03, 0xDE, 0x03, 0xBF, 0xFF, 0x7F, 0xFE, 0xFF, 0xFD, 0xC0, 0x03, 0xC0, 0x07, 0x80,
    0x87, 0x83, 0xC7, 0xFF, 0x07, 0xFC, 0x07, 0xF0, 0x70, 0x38, 0x1E, 0xF0, 0x70, 0x78, 0xF0, 0xE1,
    0xE0, 0xF1, 0xC3, 0x80, 0xE3, 0x8F, 0x01, 0xE7, 0x3C, 0x01, 0xEE, 0xF0, 0x01, 0xFF, 0xC0, 0x03,
    0xFF, 0x80, 0x0F, 0xFF, 0x80, 0x3C, 0xE7, 0x80, 0x79, 0xC7, 0x01, 0xE3, 0x8F, 0x07, 0x87, 0x0F,
    0x1E, 0x0E, 0x0F, 0x3C, 0x1C, 0x0F, 0x1F, 0x83, 0xFF, 0x3F, 0xFD, 0xE1, 0xE0, 0x07, 0x00, 0x78,
    0x1F, 0x80, 0xF8, 0x07, 0xE0, 0x07, 0x80, 0x1C, 0x00, 0xEF, 0x0F, 0x7F, 0xF9, 0xFF, 0x83, 0xF0,
    0xE0, 0x3B, 0x81, 0xEE, 0x07, 0xB8, 0x3E, 0xE1, 0xFB, 0x87, 0xEE, 0x3B, 0xB9, 0xCE, 0xE7, 0x3B,
    0xB8, 0xEF, 0xE3, 0xBF, 0x0E, 0xF8, 0x3B, 0xE0, 0xEF, 0x03, 0xB8, 0x0E, 0x30, 0x60, 0xE3, 0x81,
    0xFC, 0x03, 0xE0, 0x00, 0x00, 0x00, 0x0E, 0x03, 0xB8, 0x1E, 0xE0, 0x7B, 0x83, 0xEE, 0x1F, 0xB8,
    0x7E, 0xE3, 0xBB, 0x9C, 0xEE, 0x73, 0xBB, 0x8E, 0xFC, 0x3B, 0xF0, 0xEF, 0x83, 0xBE, 0x0E, 0xF0,
    0x3B, 0x80, 0xE0, 0xE0, 0x7F, 0x81, 0xEE, 0x0F, 0x38, 0x78, 0xE3, 0xC3, 0x8F, 0x0E, 0x78, 0x3F,
    0xC0, 0xFF, 0x03, 0xFE, 0x0E, 0x3C, 0x38, 0xF0, 0xE1, 0xE3, 0x83, 0xCE, 0x07, 0xB8, 0x1F, 0x1F,
    0xFC, 0x3F, 0xF8, 0x7F, 0xF0, 0xE0, 0xE1, 0xC1, 0xC3, 0x83, 0x87, 0x07, 0x0E, 0x0E, 0x1C, 0x1C,
    0x38, 0x38, 0x70, 0x71, 0xE0, 0xE3, 0xC1, 0xDF, 0x03, 0xBE, 0x07, 0x78, 0x0E, 0xF8, 0x03, 0xFF,
    0x80, 0xFF, 0xF0, 0x1F, 0xFE, 0x03, 0xFF, 0xE0, 0xFF, 0xDC, 0x1D, 0xFB, 0xC7, 0xBF, 0x38, 0xE7,
    0xE7, 0x1C, 0xFC, 0xF7, 0x9F, 0x8E, 0xE3, 0xF1, 0xDC, 0x7E, 0x1F, 0x0F, 0xC3, 0xE1, 0xF8, 0x7C,
    0x3F, 0x07, 0x07, 0xE0, 0x3B, 0x80, 0xEE, 0x03, 0xB8, 0x0E, 0xE0, 0x3B, 0x80, 0xEF, 0xFF, 0xBF,
    0xFE, 0xFF, 0xFB, 0x80, 0xEE, 0x03, 0xB8, 0x0E, 0xE0, 0x3B, 0x80, 0xEE, 0x03, 0xB8, 0x0E, 0x0F,
    0xE0, 0x3F, 0xE0, 0xFF, 0xE3, 0xC1, 0xE7, 0x01, 0xDE, 0x03, 0xF8, 0x03, 0xF0, 0x07, 0xE0, 0x0F,
    0xC0, 0x1F, 0xC0, 0x7B, 0x80, 0xE7, 0x83, 0xC7, 0xFF, 0x07, 0xFC, 0x07, 0xF0, 0xFF, 0xFB, 0xFF,
    0xEF, 0xFF, 0xB8, 0x0E, 0xE0, 0x3B, 0x80, 0xEE, 0x03, 0xB8, 0x0E, 0xE0, 0x3B, 0x80, 0xEE, 0x03,
    0xB8, 0x0E, 0xE0, 0x3B, 0x80, 0xEE, 0x03, 0xB8, 0x0E, 0xE7, 0xC1, 0xDF, 0xE3, 0xFF, 0xE7, 0xC3,
    0xCF, 0x03, 0xDE, 0x03, 0xB8, 0x07, 0x70, 0x0E, 0xE0, 0x1D, 0xC0, 0x3B, 0xC0, 0xF7, 0x81, 0xEF,
    0x87, 0x9F, 0xFF, 0x3B, 0xFC, 0x73, 0xE0, 0xE0, 0x01, 0xC0, 0x03, 0x80, 0x07, 0x00, 0x0E, 0x00,
    0x1C, 0x00, 0x00, 0x0F, 0xE0, 0x3F, 0xE0, 0xFF, 0xE3, 0xC1, 0xEF, 0x01, 0xDE, 0x00, 0x38, 0x00,
    0x70, 0x00, 0xE0, 0x01, 0xC0, 0x03, 0xC0, 0x07, 0x80, 0xE7, 0x83, 0xC7, 0xFF, 0x07, 0xFC, 0x07,
    0xF0, 0xFF, 0xFF, 0xFF, 0xFF, 0xFE, 0x0E, 0x00, 0x70, 0x03, 0x80, 0x1C, 0x00, 0xE0, 0x07, 0x00,
    0x38, 0x01, 0xC0, 0x0E, 0x00, 0x70, 0x03, 0x80, 0x1C, 0x00, 0xE0, 0x70, 0x0F, 0x3C, 0x07, 0x9E,
    0x03, 0x87, 0x03, 0xC3, 0xC1, 0xE0, 0xE0, 0xE0, 0x70, 0xF0, 0x3C, 0x70, 0x0E, 0x38, 0x07, 0x3C,
    0x03, 0xDC, 0x00, 0xEE, 0x00, 0x7E, 0x00, 0x1F, 0x00, 0x0F, 0x80, 0x07, 0x80, 0x03, 0xC0, 0x01,
    0xE0, 0x00, 0xE0, 0x07, 0xF0, 0x03, 0xF0, 0x01, 0xF0, 0x00, 0x00, 0xE0, 0x00, 0x1C, 0x00, 0x03,
    0x80, 0x00, 0x70, 0x00, 0x0E, 0x00, 0x1F, 0xF8, 0x07, 0xFF, 0xC1, 0xFF, 0xFC, 0x78, 0xE3, 0xCE,
    0x1C, 0x3B, 0xC3, 0x87, 0xF0, 0x70, 0xFE, 0x0E, 0x1F, 0xC1, 0xC1, 0xF8, 0x38, 0x7F, 0x87, 0x0F,
    0x70, 0xE1, 0xCF, 0x1C, 0x78, 0xFF, 0xFE, 0x0F, 0xFF, 0x80, 0xFF, 0xC0, 0x01, 0xC0, 0x00, 0x38,
    0x00, 0x07, 0x00, 0x00, 0xE0, 0x00, 0x1C, 0x00, 0x03, 0x80, 0x00, 0x78, 0x1E, 0x3C, 0x3C, 0x1C,
    0x38, 0x1E, 0x78, 0x0E, 0x70, 0x07, 0xE0, 0x07, 0xE0, 0x03, 0xC0, 0x03, 0xC0, 0x07, 0xE0, 0x0F,
    0xF0, 0x0E, 0x70, 0x1E, 0x78, 0x3C, 0x3C, 0x38, 0x1C, 0x78, 0x1E, 0xE0, 0x38, 0xE0, 0x38, 0xE0,
    0x38, 0xE0, 0x38, 0xE0, 0x38, 0xE0, 0x38, 0xE0, 0x38, 0xE0, 0x38, 0xE0, 0x38, 0xE0, 0x38, 0xE0,
    0x38, 0xE0, 0x38, 0xE0, 0x38, 0xFF, 0xFE, 0xFF, 0xFE, 0xFF, 0xFE, 0x00, 0x0E, 0x00, 0x0E, 0x00,
    0x0E, 0x00, 0x0E, 0x00, 0x0E, 0xE0, 0x3F, 0x01, 0xF8, 0x0F, 0xC0, 0x7E, 0x03, 0xF0, 0x1F, 0xC0,
    0xFE, 0x07, 0x7F, 0xF9, 0xFF, 0xC7, 0xFE, 0x00, 0x70, 0x03, 0x80, 0x1C, 0x00, 0xE0, 0x07, 0xE0,
    0x70, 0x3F, 0x03, 0x81, 0xF8, 0x1C, 0x0F, 0xC0, 0xE0, 0x7E, 0x07, 0x03, 0xF0, 0x38, 0x1F, 0x81,
    0xC0, 0xFC, 0x0E, 0x07, 0xE0, 0x70, 0x3F, 0x03, 0x81, 0xF8, 0x1C, 0x0F, 0xC0, 0xE0, 0x7E, 0x07,
    0x03, 0xFF, 0xFF, 0xFF, 0xFF, 0xFF, 0xFF, 0xFF, 0xFF, 0xE0, 0x70, 0x71, 0xC0, 0xE0, 0xE3, 0x81,
    0xC1, 0xC7, 0x03, 0x83, 0x8E, 0x07, 0x07, 0x1C, 0x0E, 0x0E, 0x38, 0x1C, 0x1C, 0x70, 0x38, 0x38,
    0xE0, 0x70, 0x71, 0xC0, 0xE0, 0xE3, 0x81, 0xC1, 0xC7, 0x03, 0x83, 0x8E, 0x07, 0x07, 0x1F, 0xFF,
    0xFF, 0xBF, 0xFF, 0xFF, 0x7F, 0xFF, 0xFE, 0x00, 0x00, 0x1C, 0x00, 0x00, 0x38, 0x00, 0x00, 0x70,
    0x00, 0x00, 0xE0, 0x00, 0x01, 0xC0, 0xFF, 0x00, 0x1F, 0xE0, 0x01, 0xFC, 0x00, 0x03, 0x80, 0x00,
    0x70, 0x00, 0x0F, 0xF8, 0x01, 0xFF, 0xC0, 0x3F, 0xFC, 0x07, 0x03, 0xC0, 0xE0, 0x38, 0x1C, 0x07,
    0x03, 0x80, 0xE0, 0x70, 0x3C, 0x0F, 0xFF, 0x01, 0xFF, 0xE0, 0x3F, 0xF0, 0xE0, 0x01, 0xF8, 0x00,
    0x7E, 0x00, 0x1F, 0x80, 0x07, 0xE0, 0x01, 0xFF, 0xE0, 0x7F, 0xFE, 0x1F, 0xFF, 0xC7, 0xE0, 0x79,
    0xF8, 0x0E, 0x7E, 0x03, 0x9F, 0x80, 0xE7, 0xE0, 0x79, 0xFF, 0xFC, 0x7F, 0xFF, 0x1F, 0xFF, 0x07,
    0xE0, 0x03, 0x80, 0x0E, 0x00, 0x38, 0x00, 0xE0, 0x03, 0xFE, 0x0F, 0xFE, 0x3F, 0xFC, 0xE0, 0x7B,
    0x80, 0xEE, 0x03, 0xB8, 0x0E, 0xE0, 0x7B, 0xFF, 0xCF, 0xFF, 0x3F, 0xF0, 0x0F, 0xE0, 0x1F, 0xF0,
    0x3F, 0xF8, 0x78, 0x3C, 0x70, 0x1E, 0x00, 0x1E, 0x03, 0xFE, 0x07, 0xFE, 0x07, 0xFE, 0x00, 0x0E,
    0x00, 0x1E, 0x70, 0x1E, 0x78, 0x3C, 0x3F, 0xF8, 0x1F, 0xF0, 0x0F, 0xE0, 0xE0, 0x1F, 0x83, 0x81,
    0xFF, 0x8E, 0x0F, 0xFF, 0x38, 0x3C, 0x3C, 0xE1, 0xE0, 0x7B, 0x87, 0x81, 0xEF, 0xFC, 0x03, 0xBF,
    0xF0, 0x0E, 0xFF, 0xC0, 0x3B, 0x87, 0x00, 0xEE, 0x1E, 0x07, 0xB8, 0x78, 0x1E, 0xE0, 0xF0, 0xF3,
    0x83, 0xFF, 0xCE, 0x07, 0xFE, 0x38, 0x07, 0xE0, 0x0F, 0xFC, 0xFF, 0xF3, 0xFF, 0xDE, 0x07, 0x70,
    0x1D, 0xC0, 0x77, 0x81, 0xDF, 0x07, 0x3F, 0xFC, 0x7F, 0xF0, 0xFF, 0xC7, 0x87, 0x3C, 0x1C, 0xF0,
    0x77, 0x81, 0xDC, 0x07, 0x1C, 0x70, 0x38, 0xE0, 0x71, 0xC0, 0xE3, 0x80, 0x00, 0x00, 0x00, 0x03,
    0xF0, 0x0F, 0xF8, 0x3F, 0xF8, 0xF0, 0xF3, 0xC0, 0xF7, 0x80, 0xEF, 0xFF, 0xDF, 0xFF, 0xBF, 0xFF,
    0x70, 0x00, 0xF0, 0x01, 0xE0, 0x21, 0xE0, 0xF1, 0xFF, 0xC1, 0xFF, 0x01, 0xFC, 0x00, 0x0F, 0xE0,
    0x3F, 0xE0, 0xFF, 0xE3, 0xC1, 0xEF, 0x01, 0xDE, 0x00, 0x3F, 0xE0, 0x7F, 0xE0, 0xFF, 0xC1, 0xC0,
    0x03, 0xC0, 0x07, 0x80, 0xE7, 0x83, 0xC7, 0xFF, 0x07, 0xFC, 0x07, 0xF0, 0x6F, 0xF6, 0x00, 0xEE,
    0xEE, 0xEE, 0xEE, 0xEE, 0xEE, 0xEE, 0xEE, 0xE3, 0xB8, 0xEE, 0x3B, 0x8E, 0x00, 0x00, 0x01, 0xC0,
    0x70, 0x1C, 0x07, 0x01, 0xC0, 0x70, 0x1C, 0x07, 0x01, 0xC0, 0x70, 0x1C, 0x07, 0x01, 0xC0, 0x70,
    0x1C, 0x07, 0x00, 0x0C, 0x18, 0x07, 0x1C, 0x01, 0xFC, 0x00, 0x7C, 0x00, 0x00, 0x00, 0x00, 0x01,
    0xC0, 0x1C, 0xF0, 0x1E, 0x78, 0x0E, 0x1C, 0x07, 0x0F, 0x07, 0x83, 0x83, 0x81, 0xC3, 0xC0, 0xF1,
    0xE0, 0x38, 0xE0, 0x1E, 0xF0, 0x07, 0x70, 0x03, 0xB8, 0x01, 0xFC, 0x00, 0x7C, 0x00, 0x3E, 0x00,
    0x1E, 0x00, 0x0F, 0x00, 0x07, 0x80, 0x03, 0x80, 0x1F, 0xC0, 0x0F, 0xC0, 0x07, 0xC0, 0x00, 0x01,
    0xC0, 0x38, 0x07, 0x00, 0xEF, 0xFD, 0xFF, 0xBF, 0xF7, 0x00, 0xE0, 0x1C, 0x03, 0x80, 0x70, 0x0E,
    0x01, 0xC0, 0x38, 0x07, 0x00, 0xE0, 0x1C, 0x03, 0x80, 0x70, 0x00, 0x1F, 0xFF, 0x8F, 0xFF, 0xC7,
    0xFF, 0xC3, 0x80, 0x01, 0xC0, 0x00, 0xE0, 0x00, 0x70, 0x00, 0x38, 0x00, 0x1C, 0x00, 0x7F, 0xF8,
    0x3F, 0xFC, 0x0F, 0xFE, 0x01, 0xC0, 0x00, 0xE0, 0x00, 0x70, 0x00, 0x38, 0x00, 0x1C, 0x00, 0x0E,
    0x00, 0x07, 0x00, 0x03, 0x80, 0x01, 0xC0, 0x00, 0x3F, 0xF3, 0xFF, 0x3F, 0xF3, 0x80, 0x38, 0x03,
    0x80, 0x38, 0x0F, 0xFC, 0xFF, 0xCF, 0xF8, 0x38, 0x03, 0x80, 0x38, 0x03, 0x80, 0x38, 0x03, 0x80,
    0xE0, 0x0F, 0x1C, 0x03, 0xE3, 0x80, 0x78, 0x70, 0x1E, 0x0E, 0x07, 0x81, 0xC1, 0xE0, 0x38, 0x3C,
    0x07, 0x0F, 0x00, 0xE3, 0xC0, 0x1F, 0xF0, 0x03, 0xFE, 0x00, 0x7F, 0xE0, 0x0E, 0x1E, 0x01, 0xC3,
    0xC0, 0x38, 0x3C, 0x07, 0x03, 0xC0, 0xE0, 0x3C, 0x1C, 0x07, 0x83, 0x80, 0x7F, 0x70, 0x07, 0xEE,
    0x00, 0x7C, 0x00, 0x03, 0x80, 0x00, 0x70, 0x00, 0x0E, 0x00, 0x01, 0xC0, 0x00, 0x38, 0xE0, 0x3D,
    0xC0, 0xF3, 0x83, 0xC7, 0x0F, 0x0E, 0x3E, 0x1C, 0x78, 0x39, 0xE0, 0x7F, 0x80, 0xFF, 0x01, 0xFF,
    0x03, 0x8F, 0x07, 0x0F, 0x0E, 0x1E, 0x1C, 0x1F, 0xF8, 0x1F, 0xF0, 0x1F, 0x00, 0x0E, 0x00, 0x1C,
    0x00, 0x38, 0x00, 0x70, 0x00, 0xE0, 0xE0, 0x03, 0x8E, 0x00, 0x38, 0xE0, 0x03, 0x8E, 0x00, 0x38,
    0xE0, 0x03, 0x8E, 0x00, 0x38, 0xE0, 0x03, 0x8E, 0x00, 0x38, 0xE0, 0x03, 0x8F, 0xFF, 0xF8, 0xFF,
    0xFF, 0x8F, 0xFF, 0xF8, 0xE0, 0x03, 0x8E, 0x00, 0x38, 0xE0, 0x03, 0x8E, 0x00, 0x38, 0xE0, 0x03,
    0x8E, 0x00, 0x38, 0xE0, 0x03, 0xEE, 0x00, 0x3E, 0xE0, 0x03, 0xE0, 0x00, 0x0E, 0x00, 0x00, 0xE0,
    0x00, 0x0E, 0x00, 0x00, 0xE0, 0x00, 0x0E, 0xE0, 0x38, 0xE0, 0x38, 0xE0, 0x38, 0xE0, 0x38, 0xE0,
    0x38, 0xE0, 0x38, 0xFF, 0xF8, 0xFF, 0xF8, 0xFF, 0xF8, 0xE0, 0x38, 0xE0, 0x38, 0xE0, 0x38, 0xE0,
    0x38, 0xE0, 0x3E, 0xE0, 0x3E, 0xE0, 0x3E, 0x00, 0x0E, 0x00, 0x0E, 0x00, 0x0E, 0x00, 0x0E, 0x00,
    0x0E, 0xF0, 0x01, 0xEF, 0x00, 0x78, 0xF0, 0x0F, 0x1E, 0x03, 0xC1, 0xE0, 0xF0, 0x3C, 0x1E, 0x03,
    0xC7, 0x80, 0x3C, 0xE0, 0x07, 0xBC, 0x00, 0x7F, 0x00, 0x07, 0xE0, 0x00, 0xF8, 0x00, 0x0E, 0x00,
    0x01, 0xC0, 0x00, 0x38, 0x00, 0x07, 0x00, 0x00, 0xE0, 0x00, 0x1C, 0x00, 0x03, 0x80, 0x00, 0x70,
    0x00, 0x0E, 0x00, 0x78, 0x07, 0x3C, 0x07, 0x8E, 0x03, 0xC7, 0x81, 0xC3, 0xC1, 0xE0, 0xE0, 0xE0,
    0x78, 0x70, 0x3C, 0x78, 0x0E, 0x38, 0x07, 0x9C, 0x01, 0xDE, 0x00, 0xEE, 0x00, 0x7F, 0x00, 0x1F,
    0x80, 0x0F, 0x80, 0x07, 0xC0, 0x01, 0xC0, 0x00, 0xE0, 0x00, 0x70, 0x00, 0x38, 0x00, 0x1C, 0x00,
    0x0E, 0x00, 0x78, 0x00, 0xF3, 0xC0, 0x1E, 0x3C, 0x01, 0xE1, 0xE0, 0x3C, 0x0F, 0x07, 0x80, 0xF0,
    0x78, 0x07, 0x8F, 0x00, 0x38, 0xF0, 0x03, 0xDE, 0x00, 0x1F, 0xC0, 0x01, 0xFC, 0x00, 0x0F, 0x80,
    0x00, 0x70, 0x00, 0x07, 0x00, 0x07, 0xFF, 0x00, 0xFF, 0xF8, 0x0F, 0xFF, 0x80, 0x07, 0x00, 0x00,
    0x70, 0x00, 0x07, 0x00, 0x00, 0x70, 0x00, 0xF0, 0x0E, 0xF0, 0x1E, 0x70, 0x1E, 0x78, 0x1C, 0x38,
    0x3C, 0x38, 0x38, 0x3C, 0x38, 0x1C, 0x78, 0x1C, 0x70, 0x1E, 0x70, 0x0E, 0xF0, 0x0E, 0xE0, 0x0F,
    0xE0, 0x07, 0xC0, 0x07, 0xC0, 0x03, 0xC0, 0x1F, 0xF8, 0x1F, 0xF8, 0x03, 0xC0, 0x03, 0x80, 0x03,
    0x80, 0x03, 0x80, 0x07, 0xF0, 0x03, 0xFF, 0x80, 0xFF, 0xF8, 0x3E, 0x07, 0x87, 0x80, 0x79, 0xE0,
    0x07, 0x38, 0x00, 0xF0, 0x00, 0x0E, 0x00, 0x01, 0xDF, 0xFF, 0xFB, 0xFF, 0xFF, 0x7F, 0xFF, 0xEE,
    0x00, 0x1D, 0xC0, 0x03, 0xBC, 0x00, 0xF3, 0x80, 0x1C, 0x78, 0x07, 0x87, 0x81, 0xE0, 0xFF, 0xF8,
    0x0F, 0xFE, 0x00, 0x7F, 0x00, 0x1F, 0xC0, 0x7F, 0xE1, 0xFF, 0xE7, 0x83, 0xC2, 0x03, 0xC0, 0x03,
    0x80, 0x07, 0x7F, 0xFE, 0xFF, 0xFD, 0xFF, 0xFB, 0xC0, 0x77, 0x81, 0xE7, 0x87, 0x8F, 0xFF, 0x0F,
    0xFC, 0x07, 0xE0, 0x03, 0xF8, 0x00, 0xFF, 0xE0, 0x1F, 0xFF, 0x03, 0xE0, 0x78, 0x78, 0x03, 0xC7,
    0x80, 0x1C, 0xF0, 0x01, 0xEF, 0x00, 0x1E, 0xE0, 0x00, 0xEF, 0xFF, 0xFE, 0xFF, 0xFF, 0xEF, 0xFF,
    0xFE, 0xE0, 0x00, 0xEF, 0x00, 0x1E, 0xF0, 0x01, 0xE7, 0x80, 0x1C, 0x78, 0x03, 0xC3, 0xE0, 0x78,
    0x1F, 0xFF, 0x00, 0xFF, 0xE0, 0x03, 0xF8, 0x00, 0x0F, 0xE0, 0x3F, 0xE0, 0xFF, 0xE3, 0xC1, 0xE7,
    0x01, 0xDE, 0x03, 0xFF, 0xC7, 0xFF, 0xFF, 0xF1, 0xFF, 0xC0, 0x1F, 0xC0, 0x7B, 0x80, 0xE7, 0x83,
    0xC7, 0xFF, 0x07, 0xFC, 0x07, 0xF0, 0x01, 0x1D, 0x38, 0x80, 0x63, 0x01, 0xBD, 0x80, 0x26, 0x26,
    0x60, 0x3C, 0xF0, 0x5A, 0xD0, 0xB5, 0x80, 0x88, 0xC3, 0x06, 0x66, 0x00, 0x01, 0xCE, 0x48, 0x70,
    0xE3, 0x11, 0x33, 0x10, 0xC3, 0x00, 0x0D, 0xD2, 0xE0, 0x3C, 0x88, 0x3C, 0x88, 0x37, 0xCC, 0x88,
    0x88, 0x61, 0xD2, 0x46, 0x48, 0xB9, 0xE0, 0x00, 0x32, 0x52, 0xE0, 0x00, 0x4A, 0x5C, 0x80, 0x8E,
    0xDC, 0x40, 0x08, 0x42, 0xF0, 0x00, 0x33, 0x10, 0xC3, 0x00, 0x11, 0x3E, 0x11, 0x11, 0x33, 0xEE,
    0x03, 0x90, 0x43, 0x30, 0xE3, 0x11, 0x64, 0xA4, 0xE0, 0x00, 0x8E, 0xDC, 0x40, 0x33, 0x10, 0xC3,
    0x00, 0x08, 0x42, 0xF0, 0x00, 0x88, 0xC3, 0x01, 0xCE, 0x4A, 0x70, 0x69, 0x96, 0x3C, 0xF0, 0x00,
    0xDB, 0xDB, 0x00, 0x63, 0x63, 0x00, 0x03, 0xFB, 0x00, 0x03, 0x03, 0x00, 0xFB, 0x23, 0x20, 0x23,
    0x23, 0x3C, 0x06, 0xF6, 0x06, 0xF6, 0x03, 0x18, 0xF8, 0x00, 0xF9, 0x08, 0x40, 0x00, 0x3C, 0x3C,
    0x01, 0x83, 0x01, 0x83, 0xC1, 0x80, 0x3C, 0x55, 0x40, 0x01, 0xFF, 0xF8, 0xFC, 0x00, 0xFF, 0xFF,
    0xFF, 0xFF, 0xFF, 0xFF, 0xFF, 0xC0, 0x3C, 0x3C, 0xDF, 0x00, 0x00, 0x00, 0x01, 0xBE, 0x3C, 0x3C,
    0x3F, 0x3F, 0xBE, 0x1C, 0x0E, 0x07, 0x03, 0x81, 0xC0, 0xE0, 0x70, 0x38, 0x1C, 0x0E, 0x07, 0x03,
    0x81, 0xFF, 0xFF, 0x80, 0xF4, 0x40, 0x70, 0x07, 0x1C, 0x03, 0x87, 0x01, 0xC3, 0xC0, 0xE0, 0xF0,
    0x70, 0x78, 0x70, 0x7E, 0x38, 0x7B, 0xB8, 0x39, 0xF8, 0x38, 0x78, 0x1C, 0x1C, 0x0E, 0x07, 0x07,
    0x03, 0xC7, 0x00, 0xE3, 0x80, 0x39, 0xC0, 0x1E, 0xE0, 0x07, 0x00, 0x7F, 0xC0, 0xFF, 0xE0, 0x03,
    0xC0, 0x03, 0xC0, 0x03, 0x80, 0x07, 0x00, 0x0E, 0x00, 0x1C, 0x00, 0x38, 0x00, 0x70, 0x00, 0xE0,
    0x01, 0xC0, 0x03, 0x80, 0x07, 0x00, 0x0E, 0x7F, 0xFF, 0xFF, 0xFE, 0x3E, 0x0F, 0xC0, 0x78, 0x0E,
    0x03, 0x80, 0xE0, 0x38, 0x0E, 0x03, 0x80, 0xE0, 0x38, 0x0E, 0x07, 0x83, 0xE3, 0xDB, 0xE7, 0xE1,
    0xC0, 0x00, 0xFF, 0xFF, 0xFF, 0xF8, 0x01, 0xC0, 0x03, 0x80, 0x07, 0x00, 0x0E, 0x00, 0x1C, 0x00,
    0x38, 0x00, 0x70, 0x00, 0xE0, 0x01, 0xC0, 0x03, 0x80, 0x07, 0x00, 0x0E, 0x00, 0x1C, 0x00, 0x38,
    0x00, 0x70, 0x7F, 0xF0, 0xFF, 0xF8, 0x00, 0xF8, 0x00, 0x70, 0x00, 0xE0, 0x01, 0xC0, 0x03, 0xB8,
    0x07, 0x70, 0x0E, 0xE0, 0x1D, 0xC0, 0x3B, 0x80, 0x77, 0x00, 0xEE, 0x01, 0xDC, 0x03, 0xB8, 0x07,
    0x70, 0x0E, 0xFF, 0xF1, 0xC7, 0x1C, 0x71, 0xC7, 0x1C, 0x71, 0xC7, 0x1C, 0x71, 0xC7, 0x1C, 0xFF,
    0x7F, 0x83, 0xC3, 0x81, 0x81, 0xC0, 0xE0, 0x70, 0x38, 0x1C, 0x0E, 0x07, 0x03, 0x81, 0xC0, 0x70,
    0x38, 0x1C, 0x00, 0x7F, 0xFC, 0x7F, 0xFF, 0x0E, 0x03, 0xC7, 0x00, 0xF3, 0x80, 0x39, 0xC0, 0x1C,
    0xE0, 0x0E, 0x70, 0x07, 0x38, 0x03, 0x9C, 0x01, 0xCE, 0x00, 0xE7, 0x00, 0x73, 0x80, 0x39, 0xC0,
    0x1C, 0xE0, 0x0E, 0x70, 0x07, 0x38, 0x03, 0x80, 0xE1, 0xF1, 0xC3, 0xF3, 0x84, 0xF7, 0x00, 0xFE,
    0x00, 0xFC, 0x01, 0xF8, 0x03, 0xF0, 0x07, 0xE0, 0x0F, 0xC0, 0x1F, 0x80, 0x3F, 0x00, 0x77, 0x01,
    0xCF, 0x07, 0x8F, 0x1E, 0x0F, 0xF8, 0x0F, 0xE0, 0xFF, 0xF1, 0xC7, 0x1C, 0x71, 0xC7, 0x1C, 0x70,
    0x7F, 0xE1, 0xFF, 0xC0, 0x07, 0x80, 0x0E, 0x00, 0x1C, 0x00, 0x70, 0x01, 0xC0, 0x07, 0x00, 0x1C,
    0x00, 0x70, 0x01, 0xC0, 0x07, 0x00, 0x1C, 0x00, 0x70, 0x01, 0xC0, 0x07, 0x00, 0x1C, 0x00, 0x70,
    0x01, 0xC0, 0x07, 0x00, 0x1C, 0x00, 0x70, 0x01, 0xC0, 0x7F, 0x87, 0xFE, 0x00, 0xF8, 0x01, 0xE0,
    0x07, 0x00, 0x38, 0x00, 0xE0, 0x07, 0x00, 0x38, 0x01, 0xC0, 0x0E, 0x00, 0xE0, 0x07, 0x00, 0x78,
    0x0F, 0x9F, 0xF8, 0xFF, 0x80, 0xE0, 0x03, 0x80, 0x0E, 0x00, 0x38, 0x00, 0xE0, 0x03, 0xFF, 0xEF,
    0xFF, 0x80, 0x0E, 0x00, 0x70, 0x01, 0xC0, 0x07, 0x00, 0x38, 0x00, 0xE0, 0x03, 0x80, 0x1C, 0x00,
    0x70, 0x01, 0xC0, 0x0E, 0x00, 0x38, 0x00, 0xE0, 0x07, 0x00, 0x1C, 0x00, 0xFF, 0xFC, 0x7F, 0xFF,
    0x0E, 0x03, 0xC7, 0x00, 0xF3, 0x80, 0x39, 0xC0, 0x1C, 0xE0, 0x0E, 0x70, 0x07, 0x38, 0x03, 0x9C,
    0x01, 0xCE, 0x00, 0xE7, 0x00, 0x73, 0x80, 0x39, 0xC0, 0x1C, 0xE0, 0x0E, 0x7F, 0xFF, 0x3F, 0xFF,
    0x80, 0x70, 0xFC, 0x1C, 0x7F, 0x83, 0x38, 0xF0, 0xEC, 0x1E, 0x3E, 0x03, 0x87, 0x80, 0x71, 0xC0,
    0x1C, 0x70, 0x07, 0x1C, 0x01, 0xC7, 0x00, 0x73, 0x80, 0x1C, 0xE0, 0x0E, 0x38, 0x03, 0x8E, 0x01,
    0xE3, 0x81, 0xF1, 0xC7, 0xF8, 0x71, 0xF8, 0x00, 0xFF, 0xF1, 0xC7, 0x1C, 0x71, 0xC7, 0x1C, 0x71,
    0xC7, 0x1C, 0x71, 0xC7, 0x1C, 0x71, 0xC7, 0x1C, 0x71, 0xC0, 0x7C, 0x7E, 0x0F, 0x07, 0x07, 0x07,
    0x07, 0x07, 0x07, 0x07, 0x07, 0x07, 0x07, 0x07, 0x07, 0xFF, 0xFF, 0xFF, 0xF8, 0xFF, 0xFC, 0x18,
    0x1E, 0x38, 0x0E, 0x30, 0x07, 0x70, 0x07, 0x70, 0x07, 0x70, 0x07, 0x70, 0x07, 0x70, 0x07, 0x70,
    0x07, 0x70, 0x07, 0x78, 0x0E, 0x38, 0x1E, 0x3E, 0x3C, 0x1F, 0xF8, 0x07, 0xF0, 0x00, 0x00, 0xE0,
    0x1D, 0xC0, 0x3B, 0x80, 0x77, 0x00, 0xE7, 0x01, 0xCE, 0x03, 0x9C, 0x07, 0x38, 0x0E, 0x38, 0x1C,
    0x70, 0x70, 0xE0, 0xE1, 0xC1, 0xC1, 0xC7, 0x03, 0x9E, 0x07, 0xF8, 0x3F, 0xC1, 0xFE, 0x03, 0xC0,
    0x00, 0x00, 0x00, 0x1F, 0xC0, 0x7F, 0xE1, 0xF3, 0xE7, 0x81, 0xEE, 0x01, 0xDC, 0x03, 0xB8, 0x03,
    0xF0, 0x07, 0xF0, 0x0E, 0xF8, 0x1C, 0xF0, 0x38, 0x00, 0x70, 0x00, 0xE0, 0x01, 0xC0, 0x03, 0x80,
    0x07, 0x00, 0x0E, 0x00, 0x1C, 0x00, 0x38, 0x00, 0x70, 0x00, 0xE0, 0x01, 0xC0, 0x03, 0x80, 0x1F,
    0xC0, 0x7F, 0xE1, 0xF3, 0xE7, 0x81, 0xEE, 0x01, 0xDC, 0x03, 0xB8, 0x03, 0xF0, 0x07, 0x70, 0x0E,
    0xF8, 0x1C, 0x70, 0x38, 0x00, 0xE0, 0x01, 0xC0, 0x07, 0x00, 0x7E, 0x7F, 0xF0, 0xFF, 0xC0, 0x70,
    0x1C, 0xF0, 0x38, 0xE0, 0x71, 0xC0, 0xE1, 0xC1, 0xC3, 0x87, 0x03, 0x8E, 0x07, 0x1C, 0x0E, 0x70,
    0x0F, 0xC0, 0x1F, 0x00, 0x3C, 0x00, 0x38, 0x00, 0x70, 0x00, 0xE0, 0x00, 0xE0, 0x01, 0xC0, 0x03,
    0x80, 0x07, 0x00, 0x07, 0x00, 0x0E, 0x00, 0x1C, 0x00, 0x38, 0x00, 0xF0, 0x1D, 0xC0, 0x73, 0x83,
    0x8E, 0x0E, 0x1C, 0x38, 0x78, 0xE0, 0xE7, 0x01, 0xDC, 0x07, 0xE0, 0x0F, 0x00, 0x1C, 0x00, 0x78,
    0x00, 0xE0, 0x01, 0xC0, 0x07, 0x3F, 0xFE, 0xFF, 0xF8, 0xFF, 0xFF, 0xFF, 0xFE, 0x00, 0x0E, 0x00,
    0x0E, 0x00, 0x0E, 0x00, 0x1C, 0x70, 0x1C, 0x70, 0x1C, 0x70, 0x38, 0x70, 0x38, 0x70, 0x38, 0x70,
    0x70, 0x70, 0x70, 0x70, 0x70, 0x70, 0xE0, 0x70, 0xE0, 0x70, 0xE0, 0x70, 0x00, 0x70, 0x00, 0x70,
    0x00, 0x70, 0x00, 0x70, 0x00, 0x70, 0x00, 0x7F, 0xC3, 0xFF, 0x00, 0x3C, 0x00, 0xF0, 0x03, 0x80,
    0x1C, 0x00, 0xE0, 0x07, 0x00, 0x38, 0x01, 0xC0, 0x0E, 0x00, 0x70, 0x03, 0x80, 0x1C, 0x00, 0xE0,
    0x07, 0x00, 0x38, 0xE1, 0xC3, 0xB8, 0x70, 0xEE, 0x1C, 0x3B, 0x87, 0x0E, 0xE1, 0xC3, 0xB8, 0x70,
    0xEE, 0x38, 0x3B, 0x9E, 0x0E, 0xFF, 0x03, 0xBF, 0x80, 0xEE, 0x00, 0x39, 0xC0, 0x0E, 0x70, 0x07,
    0x1E, 0x03, 0xC3, 0xE3, 0xE0, 0x7F, 0xF0, 0x07, 0xF0, 0x00, 0x7F, 0xFE, 0x1F, 0xFF, 0xC0, 0xE0,
    0x78, 0x38, 0x0F, 0x0E, 0x01, 0xC3, 0x80, 0x70, 0xE0, 0x1C, 0x38, 0x07, 0x0E, 0x01, 0xC3, 0x80,
    0x70, 0xE0, 0x1C, 0x38, 0x07, 0x0E, 0x01, 0xC3, 0x80, 0x71, 0xC0, 0x1D, 0xF0, 0x07, 0x78, 0x01,
    0xC0, 0x0F, 0xC0, 0x0F, 0xC0, 0x01, 0xC0, 0x01, 0xC0, 0x01, 0xC0, 0xFD, 0xFF, 0xFD, 0xFF, 0x1D,
    0xC7, 0x1D, 0xC7, 0x1D, 0xC7, 0x1C, 0x07, 0x1C, 0x07, 0x1C, 0x07, 0x1C, 0x07, 0x1C, 0x07, 0xFC,
    0x7F, 0xF1, 0xF1, 0xC1, 0xC7, 0x07, 0x1C, 0x1C, 0x70, 0x71, 0xC1, 0xC7, 0x07, 0x1C, 0x1C, 0x70,
    0x71, 0xC1, 0xC7, 0x07, 0x1C, 0x1C, 0x70, 0x71, 0xC1, 0xC7, 0x07, 0x1C, 0x1C, 0xFC, 0x7F, 0xF8,
    0xFC, 0x70, 0x38, 0xE0, 0x71, 0xC0, 0xE3, 0x81, 0xC7, 0x03, 0x8E, 0x07, 0x1C, 0x0E, 0x30, 0x1C,
    0x00, 0x38, 0x00, 0x70, 0x00, 0xE0, 0x01, 0xC0, 0x03, 0x80, 0x07, 0x00, 0x0E, 0xFC, 0x7F, 0xF8,
    0xFC, 0x70, 0x38, 0xE0, 0x71, 0xC0, 0xE3, 0x81, 0xC7, 0x03, 0x8E, 0x07, 0x1C, 0x0E, 0x38, 0x1C,
    0x39, 0x8C, 0x67, 0x31, 0x8C, 0x39, 0xCC, 0x73, 0x1C, 0xC6, 0x71, 0x98, 0xE6, 0x31, 0x8C, 0x00,
    0x00, 0x00, 0x00, 0x00, 0x00, 0x00, 0x1C, 0x00, 0x00, 0x00, 0x38, 0x00, 0x00, 0x00, 0x70, 0x00,
    0x00, 0x00, 0x60, 0xFF, 0xFF, 0xFF, 0xFF, 0xFF, 0xFF, 0xFF, 0xFE, 0x7F, 0xFF, 0xFF, 0xFE, 0x01,
    0x80, 0x00, 0x00, 0x00, 0x1E, 0xC7, 0x86, 0x00, 0x00, 0x03, 0xFD, 0x1F, 0x9F, 0x80, 0x00, 0x7F,
    0xDA, 0x33, 0xFF, 0xFF, 0xFF, 0xF8, 0x64, 0xC3, 0x87, 0xFF, 0xFF, 0x00, 0x8F, 0x07, 0x01, 0xFF,
    0xE0, 0x00, 0x1E, 0x00, 0x00, 0x00, 0x00, 0x00, 0x18, 0x00, 0x00, 0x00, 0x00, 0x00, 0x1C, 0x00,
    0x00, 0x00, 0x0F, 0xC0, 0x00, 0x00, 0x01, 0x98, 0x00, 0x00, 0x00, 0x21, 0x00, 0x00, 0x00, 0x07,
    0xFF, 0xFF, 0xFF, 0xFC, 0xFF, 0xFF, 0xFF, 0xFF, 0x8F, 0xFF, 0xFF, 0xFF, 0xE0, 0x00, 0x00, 0x00,
    0x00, 0x00, 0x00, 0x01, 0xE0, 0x00, 0x00, 0x0F, 0xC0, 0x00, 0x03, 0x63, 0x00, 0x00, 0x1B, 0x0F,
    0xFF, 0xFF, 0xFF, 0xFF, 0xFF, 0xFF, 0xFF, 0x9F, 0xFF, 0xF3, 0xFC, 0x00, 0x00, 0x08, 0x00, 0x00,
    0x00, 0x00, 0x00, 0x00, 0x00, 0x00, 0x00, 0x00, 0x00, 0x00, 0x00, 0x00, 0x00, 0x00, 0x00, 0x20,
    0x00, 0x00, 0x00, 0x00, 0x00, 0x00, 0x00, 0x18, 0x00, 0x00, 0x00, 0x00, 0x00, 0x00, 0x00, 0x06,
    0x00, 0x00, 0x00, 0x00, 0x00, 0x00, 0x00, 0x11, 0x80, 0x00, 0x00, 0x00, 0x00, 0x00, 0x00, 0x0C,
    0x70, 0x00, 0x00, 0x00, 0x00, 0x00, 0x38, 0x03, 0x0C, 0x00, 0x00, 0x00, 0x00, 0x00, 0x1F, 0x80,
    0xC3, 0x00, 0x00, 0x00, 0x00, 0x00, 0x07, 0xFF, 0xFF, 0xC0, 0x00, 0x00, 0x00, 0x00, 0x03, 0x1F,
    0xFF, 0xE0, 0x00, 0x00, 0x00, 0x00, 0x00, 0x81, 0xFC, 0xF8, 0x00, 0x00, 0x00, 0x00, 0x00, 0x20,
    0x00, 0x00, 0x00, 0x00, 0x00, 0x00, 0x00, 0x08, 0x00, 0x00, 0x3F, 0xFF, 0xFF, 0xFF, 0xFF, 0x03,
    0x00, 0x00, 0x0F, 0xFF, 0xFF, 0xFF, 0xFF, 0xFF, 0xE0, 0x00, 0x01, 0xFF, 0xFF, 0xFF, 0xFF, 0xFF,
    0xFE, 0x00, 0x00, 0x00, 0x00, 0x00, 0x00, 0x01, 0xFF, 0x80, 0x00, 0x00, 0x00, 0x00, 0x00, 0x00,
    0x00, 0x60, 0x00, 0x00, 0x00, 0x00, 0x00, 0x00, 0x00, 0x00, 0x00, 0x00, 0x00, 0x00, 0x00, 0x08,
    0xFC, 0x00, 0x01, 0xE7, 0xFF, 0xFF, 0xFE, 0x30, 0xFF, 0xFF, 0xE0, 0x00, 0x3F, 0xFC, 0x00, 0x00,
    0x00, 0x42, 0x50, 0xC3, 0x70, 0x61, 0xC0, 0x61, 0x80, 0x21, 0x80, 0x31, 0x80, 0x30, 0x80, 0x18,
    0x80, 0x18, 0x0F, 0x0C, 0x0F, 0x0C, 0x18, 0x06, 0x18, 0x06, 0x30, 0x02, 0x30, 0x03, 0x60, 0x03,
    0xE0, 0x01, 0xC0, 0x01, 0xC0, 0x00, 0x80, 0x00, 0x80, 0x00, 0x00, 0x00, 0x00, 0x00, 0x80, 0xC1,
    0x00, 0x63, 0x00, 0x63, 0x80, 0x21, 0x80, 0x31, 0x00, 0x31, 0x00, 0x19, 0xC0, 0x18, 0x1F, 0x0C,
    0x1F, 0x0C, 0x18, 0x0C, 0x38, 0x06, 0x30, 0x06, 0x70, 0x03, 0x60, 0x03, 0xE0, 0x01, 0xC0, 0x01,
    0xC0, 0x01, 0x80, 0x00, 0x80, 0x00, 0x00, 0x00, 0x00, 0x00, 0x00, 0x00, 0x00, 0x20, 0x00, 0x00,
    0x18, 0x00, 0x3C, 0x06, 0x00, 0x1F, 0x81, 0x80, 0x07, 0xF0, 0x70, 0x03, 0x0E, 0x0C, 0x00, 0x83,
    0x83, 0x00, 0x20, 0x60, 0xC0, 0x0C, 0x1D, 0xE0, 0x43, 0xFF, 0xF0, 0x78, 0xFF, 0xF0, 0x7C, 0x1F,
    0xF0, 0x1D, 0x00, 0x0C, 0x04, 0x40, 0x02, 0x00, 0x10, 0x01, 0x80, 0x06, 0x00, 0xC0, 0x01, 0xC1,
    0xE0, 0x00, 0x3F, 0xF0, 0x00, 0x07, 0xF0, 0x00, 0x00, 0x60, 0x00, 0x00, 0x00, 0x00, 0x20, 0xC0,
    0x70, 0xC0, 0x79, 0x80, 0x79, 0x80, 0x13, 0x00, 0x03, 0x00, 0x06, 0x00, 0x06, 0x00, 0x0C, 0x00,
    0x0C, 0x00, 0x19, 0x8C, 0x19, 0xCE, 0x33, 0xDE, 0x30, 0xC6, 0x60, 0x00, 0x20, 0x00, 0x00, 0x00,
    0x01, 0x06, 0x00, 0x1C, 0x30, 0x00, 0xF3, 0x00, 0x07, 0x98, 0x00, 0x09, 0x80, 0x00, 0x0C, 0x00,
    0x00, 0xC0, 0x00, 0x06, 0x00, 0x00, 0x60, 0x00, 0x03, 0x00, 0x00, 0x33, 0x18, 0xC1, 0x9C, 0xE7,
    0x19, 0xEF, 0x78, 0xC3, 0x18, 0xCC, 0x00, 0x00, 0x20, 0x00, 0x00, 0x00, 0x00, 0x20, 0x07, 0x00,
    0x70, 0x02, 0x00, 0x00, 0x02, 0x00, 0xF8, 0x0F, 0xC1, 0x9E, 0x10, 0x61, 0x06, 0x18, 0x71, 0xFF,
    0x0F, 0xB0, 0x03, 0x00, 0x77, 0xFE, 0x7F, 0xC7, 0xE0, 0x00, 0x00, 0x00, 0x03, 0x00, 0x30, 0x03,
    0x00, 0x30, 0x03, 0x00, 0x10, 0x01, 0x00, 0x00, 0x02, 0x64, 0xCE, 0xF6, 0x00, 0x21, 0x8C, 0x31,
    0x8C, 0x30, 0x80, 0x00, 0x0F, 0x00, 0x00, 0x3F, 0x80, 0x00, 0x7F, 0xC0, 0x00, 0x60, 0xC0, 0x00,
    0x40, 0xC0, 0x02, 0x60, 0x40, 0x1E, 0x7F, 0xFF, 0xFC, 0x3F, 0xFF, 0xF0, 0x1F, 0xFF, 0x80, 0x0F,
    0x00, 0x0F, 0xE0, 0x07, 0xF0, 0x04, 0x00, 0x02, 0x00, 0x01, 0x80, 0x00, 0xE0, 0x60, 0x7C, 0xF0,
    0x1F, 0xF0, 0x07, 0xE0, 0x01, 0xC0, 0x01, 0xC0, 0x00, 0xC0, 0x00, 0xC0, 0x80, 0x61, 0xF8, 0x23,
    0xFE, 0x13, 0xC7, 0x0B, 0x81, 0x87, 0x80, 0x43, 0x80, 0x61, 0xC0, 0x71, 0xFF, 0xF1, 0x9F, 0xF0,
    0x83, 0xE0, 0x00, 0x00, 0x00, 0x1A, 0x9E, 0x7E, 0x41, 0x00, 0x19, 0x43, 0xD3, 0xE4, 0x00, 0x00,
    0x00, 0x02, 0xF3, 0x1D, 0x31, 0x63, 0x4E, 0x00, 0x30, 0x06, 0x54, 0xAE, 0x57, 0xC9, 0x04, 0x8C,
    0x00, 0x00, 0x00, 0x00, 0x65, 0xFF, 0x00, 0x00, 0x00, 0x40, 0x81, 0x73, 0x2F, 0x80, 0x00, 0x00,
    0x70, 0x07, 0x00, 0x70, 0x07, 0x00, 0x30, 0x07, 0x03, 0xD0, 0x60, 0x07, 0xFE, 0x01, 0x80, 0x21,
    0x04, 0x22, 0x60, 0x07, 0xE0, 0x66, 0x76, 0x00, 0x0B, 0xD8, 0x00, 0x02, 0x64, 0xCE, 0xF6, 0x00,
    0x04, 0xEE, 0x60, 0x00, 0x08, 0x01, 0x00, 0x20, 0x04, 0x00, 0xC0, 0x1E, 0x01, 0xE0, 0x0C, 0x01,
    0x80, 0x20, 0x04, 0x00, 0xCC, 0x19, 0xC1, 0xF8, 0x1E, 0x00, 0x0E, 0x07, 0x01, 0x06, 0x23, 0xB9,
    0xDC, 0x46, 0x00, 0x07, 0xE3, 0xFD, 0xC7, 0x40, 0x30, 0x0C, 0x03, 0xC0, 0x78, 0x0F, 0x00, 0xC0,
    0x10, 0x04, 0x01, 0x00, 0x00, 0x20, 0x1C, 0x07, 0x00, 0x80, 0x00, 0x00, 0x01, 0xE0, 0x0F, 0x80,
    0x70, 0x03, 0x00, 0x18, 0x00, 0x60, 0x01, 0x00, 0x06, 0x00, 0x1F, 0xC0, 0x3F, 0x80, 0x1E, 0x00,
    0x18, 0x00, 0xC0, 0x0F, 0x1F, 0xF0, 0x7F, 0x80, 0xF8, 0x00, 0x00, 0x00, 0xF0, 0x1F, 0x83, 0x98,
    0x30, 0x03, 0x00, 0x38, 0xE1, 0xFF, 0x7F, 0xE7, 0x80, 0x00, 0x00, 0x00, 0x3F, 0xBF, 0x80, 0x00,
    0x00, 0x40, 0x60, 0x38, 0x0C, 0x04, 0x02, 0x01, 0x00, 0x80, 0x40, 0x20, 0x10, 0x08, 0x04, 0x02,
    0x01, 0x00, 0x80, 0x40, 0x20, 0x10, 0x00, 0x00, 0x6D, 0x8F, 0xF8, 0x02, 0x77, 0x22, 0x22, 0x22,
    0x22, 0x22, 0x22, 0x22, 0x22, 0x07, 0x00, 0xD0, 0x08, 0x00, 0xF0, 0x0F, 0x00, 0x80, 0x07, 0x00,
    0xF8, 0x0F, 0xC1, 0x8E, 0x10, 0x61, 0x06, 0x18, 0x61, 0xFE, 0x1F, 0xE0, 0xFE, 0x00, 0x60, 0x0E,
    0x01, 0xCF, 0xF8, 0x7F, 0x81, 0xE0, 0x44, 0xEE, 0x44, 0x44, 0x44, 0x44, 0x44, 0x44, 0x44, 0x44,
    0x06, 0xE8, 0xFF, 0x80, 0x00, 0x04, 0x00, 0x1E, 0x30, 0x3F, 0x70, 0x78, 0x40, 0x60, 0x78, 0xC0,
    0x70, 0x80, 0x40, 0x80, 0x00, 0xF0, 0x40, 0xFE, 0x40, 0x7F, 0x40, 0x07, 0x40, 0x03, 0x60, 0x06,
    0x60, 0x1C, 0x7F, 0xF8, 0x3F, 0xF0, 0x1F, 0x80, 0x0B, 0x74, 0x92, 0x49, 0x24, 0x92, 0x49, 0x20,
    0x00, 0x00, 0x20, 0x00, 0x06, 0x00, 0x00, 0x60, 0x00, 0x06, 0x40, 0x00, 0x74, 0x00, 0x03, 0x40,
    0x00, 0x36, 0x00, 0x03, 0x70, 0x01, 0xE7, 0xFF, 0xFE, 0x3F, 0xFF, 0x80, 0xFF, 0xC0, 0x00, 0x00,
    0x00, 0x00, 0x00, 0x00, 0x40, 0x00, 0x0E, 0x00, 0x00, 0xE0, 0x00, 0x04, 0x00, 0x00, 0x00, 0x00,
    0x00, 0x19, 0xCF, 0x71, 0x98, 0x00, 0x00, 0x01, 0x80, 0x70, 0x1E, 0x07, 0xC2, 0x39, 0x8E, 0x41,
    0x90, 0x66, 0x19, 0xFE, 0x7F, 0x0F, 0x80, 0x00, 0x00, 0x00, 0x01, 0x00, 0x03, 0x38, 0x20, 0x73,
    0x86, 0x03, 0x00, 0x60, 0x00, 0x06, 0x40, 0x00, 0x74, 0x00, 0x03, 0x40, 0x00, 0x36, 0x00, 0x03,
    0x70, 0x01, 0xE7, 0xFF, 0xFE, 0x3F, 0xFF, 0x80, 0xFF, 0xC0, 0x00, 0x40, 0x00, 0x0E, 0x00, 0x00,
    0xD0, 0x00, 0x33, 0x82, 0x03, 0xB8, 0x60, 0x11, 0x06, 0x00, 0x00, 0x64, 0x00, 0x07, 0x40, 0x00,
    0x34, 0x00, 0x03, 0x60, 0x00, 0x37, 0x00, 0x1E, 0x7F, 0xFF, 0xE3, 0xFF, 0xF8, 0x0F, 0xFC, 0x00,
    0x08, 0x00, 0x1F, 0xF0, 0x07, 0xFF, 0xF1, 0x87, 0xFC, 0x00, 0xFF, 0x00, 0xFC, 0x00, 0x78, 0x00,
    0x38, 0x00, 0x1C, 0x00, 0x0E, 0x00, 0x03, 0x06, 0x00, 0x83, 0xC0, 0x20, 0xE0, 0x08, 0x08, 0x02,
    0x00, 0x00, 0xC0, 0x00, 0x38, 0x00, 0x07, 0xFF, 0xE0, 0xFF, 0xF0, 0x0F, 0xE0, 0x08, 0x00, 0x1F,
    0xF0, 0x07, 0xFF, 0xF1, 0x87, 0xFC, 0x00, 0xFF, 0x00, 0xFC, 0x00, 0x78, 0x00, 0x38, 0x00, 0x1C,
    0x00, 0x0E, 0x00, 0x03, 0x00, 0x00, 0x80, 0x00, 0x20, 0x00, 0x08, 0x00, 0x02, 0x00, 0x00, 0xC0,
    0x00, 0x38, 0x00, 0x07, 0xFF, 0xE0, 0xFF, 0xF0, 0x0F, 0xE0, 0x00, 0x00, 0x00, 0x30, 0x00, 0x1E,
    0x00, 0x07, 0x00, 0x00, 0x00, 0x00, 0x00, 0x00, 0x80, 0x01, 0xFF, 0x00, 0x7F, 0xFF, 0x18, 0x7F,
    0xC0, 0x0F, 0xF0, 0x0F, 0xC0, 0x07, 0x80, 0x03, 0x80, 0x01, 0xC0, 0x00, 0xE0, 0x00, 0x30, 0x00,
    0x08, 0x00, 0x02, 0x00, 0x00, 0x80, 0x00, 0x20, 0x00, 0x0C, 0x00, 0x03, 0x80, 0x00, 0x7F, 0xFE,
    0x0F, 0xFF, 0x00, 0xFE, 0x00, 0x02, 0x01, 0xC0, 0x70, 0x0E, 0x03, 0x80, 0x60, 0x1C, 0x03, 0x00,
    0xFF, 0xFF, 0xF9, 0xFC, 0x00, 0x03, 0x81, 0xE0, 0x30, 0x00, 0x00, 0x00, 0x20, 0x1C, 0x07, 0x00,
    0xE0, 0x38, 0x06, 0x01, 0xC0, 0x30, 0x0F, 0xFF, 0xFF, 0x9F, 0xC0, 0x00, 0x00, 0x10, 0x06, 0x00,
    0xE0, 0x1C, 0x01, 0x80, 0x38, 0x03, 0x00, 0x60, 0x04, 0x01, 0x80, 0x30, 0x0C, 0x03, 0x9F, 0xE3,
    0xF8, 0x3E, 0x00, 0x00, 0x00, 0x60, 0x1E, 0x01, 0x80, 0x00, 0x00, 0x00, 0x20, 0x0C, 0x01, 0xC0,
    0x38, 0x03, 0x00, 0x70, 0x06, 0x00, 0xC0, 0x08, 0x03, 0x00, 0x60, 0x18, 0x07, 0x3F, 0xC7, 0xF0,
    0x7C, 0x00, 0x00, 0x00, 0x00, 0x00, 0x00, 0x00, 0x08, 0x00, 0x00, 0x03, 0x00, 0x00, 0x04, 0x60,
    0x00, 0x00, 0x8C, 0x00, 0x10, 0x31, 0xC0, 0x07, 0x06, 0x18, 0x00, 0xE1, 0xC3, 0x00, 0x1F, 0xFF,
    0xE8, 0x01, 0xFF, 0xF9, 0x00, 0x3F, 0x9F, 0x20, 0x02, 0x00, 0x04, 0x00, 0x40, 0x00, 0xC0, 0x18,
    0x00, 0x18, 0x06, 0x00, 0x03, 0x83, 0xC0, 0x00, 0x3F, 0xF0, 0x00, 0x03, 0xF8, 0x00, 0x00, 0x10,
    0x00, 0x00, 0x00, 0x00, 0x00, 0x00, 0x00, 0x00, 0x02, 0x00, 0x00, 0x00, 0xE0, 0x00, 0x00, 0x0A,
    0x00, 0x00, 0x0E, 0xE0, 0x00, 0x01, 0xCC, 0x00, 0x00, 0x10, 0x10, 0x00, 0x00, 0x06, 0x00, 0x00,
    0x08, 0xC0, 0x00, 0x01, 0x18, 0x00, 0x20, 0x63, 0x80, 0x0E, 0x0C, 0x30, 0x01, 0xC3, 0x86, 0x00,
    0x3F, 0xFF, 0xD0, 0x03, 0xFF, 0xF2, 0x00, 0x7F, 0x3E, 0x40, 0x04, 0x00, 0x08, 0x00, 0x80, 0x01,
    0x80, 0x30, 0x00, 0x30, 0x0C, 0x00, 0x07, 0x07, 0x80, 0x00, 0x7F, 0xE0, 0x00, 0x07, 0xF0, 0x00,
    0x00, 0x20, 0x00, 0x00, 0x00, 0x00, 0x00, 0x00, 0x00, 0x00, 0x1F, 0x80, 0x00, 0x01, 0xFF, 0x00,
    0x00, 0x0F, 0x1E, 0x00, 0x00, 0x70, 0x38, 0x00, 0x33, 0x80, 0x60, 0x01, 0xDC, 0x01, 0x80, 0x07,
    0xE0, 0x1E, 0x00, 0x1F, 0xFF, 0xF1, 0x00, 0x3F, 0xFF, 0x04, 0x00, 0xFF, 0xF0, 0x10, 0x01, 0x00,
    0x00, 0x40, 0x04, 0x00, 0x01, 0x80, 0x30, 0x00, 0x06, 0x01, 0x80, 0x00, 0x1C, 0x1E, 0x00, 0x00,
    0x3F, 0xF0, 0x00, 0x00, 0x7F, 0x00, 0x00, 0x00, 0x40, 0x00, 0x00, 0x00, 0x00, 0x00, 0x00, 0x00,
    0x00, 0x00, 0x60, 0x00, 0x00, 0x03, 0xC0, 0x00, 0x00, 0x0E, 0x00, 0x00, 0x00, 0x10, 0x00, 0x00,
    0x00, 0x00, 0x00, 0x00, 0x00, 0x00, 0x00, 0x00, 0x00, 0x00, 0x00, 0x00, 0x07, 0xE0, 0x00, 0x00,
    0x7F, 0xC0, 0x00, 0x03, 0xC7, 0x80, 0x00, 0x1C, 0x0E, 0x00, 0x0C, 0xE0, 0x18, 0x00, 0x77, 0x00,
    0x60, 0x01, 0xF8, 0x07, 0x80, 0x07, 0xFF, 0xFC, 0x40, 0x0F, 0xFF, 0xC1, 0x00, 0x3F, 0xFC, 0x04,
    0x00, 0x40, 0x00, 0x10, 0x01, 0x00, 0x00, 0x60, 0x0C, 0x00, 0x01, 0x80, 0x60, 0x00, 0x07, 0x07,
    0x80, 0x00, 0x0F, 0xFC, 0x00, 0x00, 0x1F, 0xC0, 0x00, 0x00, 0x10, 0x00, 0x00, 0x00, 0x02, 0x00,
    0x00, 0x60, 0x00, 0x07, 0x00, 0x00, 0x70, 0x00, 0x06, 0x00, 0x00, 0x60, 0x00, 0x07, 0x00, 0x00,
    0x70, 0x00, 0x03, 0x00, 0x00, 0x30, 0x20, 0x03, 0x0F, 0x80, 0x33, 0xFE, 0x03, 0x78, 0xF0, 0x3E,
    0x07, 0x01, 0xC0, 0x30, 0x38, 0x03, 0x43, 0x00, 0xE7, 0xFF, 0xFC, 0x3F, 0xFF, 0x80, 0xFF, 0xE0,
    0x02, 0x00, 0x00, 0x60, 0x00, 0x07, 0x00, 0x00, 0x70, 0x60, 0x06, 0x07, 0x00, 0x60, 0xF0, 0x07,
    0x02, 0x00, 0x70, 0x00, 0x03, 0x00, 0x00, 0x30, 0x20, 0x03, 0x0F, 0x80, 0x33, 0xFE, 0x03, 0x78,
    0xF0, 0x3E, 0x07, 0x01, 0xC0, 0x30, 0x38, 0x03, 0x43, 0x00, 0xE7, 0xFF, 0xFC, 0x3F, 0xFF, 0x80,
    0xFF, 0xE0, 0x0F, 0x00, 0x0F, 0xE0, 0x03, 0xF8, 0x01, 0x00, 0x00, 0x40, 0x00, 0x18, 0x00, 0x07,
    0x07, 0x01, 0xF7, 0xC0, 0x3F, 0xE0, 0x07, 0xC0, 0x00, 0xC0, 0x00, 0x60, 0x00, 0x30, 0x00, 0x0C,
    0x00, 0x02, 0x00, 0x00, 0x80, 0x00, 0x20, 0x00, 0x0C, 0x00, 0x03, 0x80, 0x00, 0x7F, 0xFE, 0x0F,
    0xFF, 0x00, 0xFE, 0x00, 0x00, 0x00, 0x01, 0x00, 0x00, 0xE0, 0x00, 0x38, 0x00, 0x04, 0x00, 0x00,
    0x00, 0x00, 0x00, 0x00, 0x3C, 0x00, 0x3F, 0x80, 0x0F, 0xE0, 0x04, 0x00, 0x01, 0x00, 0x00, 0x60,
    0x00, 0x1C, 0x1C, 0x07, 0xDF, 0x00, 0xFF, 0x80, 0x1F, 0x00, 0x03, 0x00, 0x01, 0x80, 0x00, 0xC0,
    0x00, 0x30, 0x00, 0x08, 0x00, 0x02, 0x00, 0x00, 0x80, 0x00, 0x30, 0x00, 0x0E, 0x00, 0x01, 0xFF,
    0xF8, 0x3F, 0xFC, 0x03, 0xF8, 0x00, 0x00, 0x10, 0x00, 0x03, 0x06, 0x00, 0xD1, 0xE0, 0x08, 0x7E,
    0x00, 0x1F, 0x80, 0x07, 0xC0, 0x00, 0xF0, 0x00, 0x0C, 0x00, 0x00, 0xE0, 0x00, 0x0F, 0x80, 0x00,
    0x7E, 0x00, 0x00, 0xF0, 0x00, 0x03, 0x80, 0x00, 0x18, 0x40, 0x00, 0xC4, 0x00, 0x0C, 0x60, 0x01,
    0xC7, 0xFF, 0xF8, 0x3F, 0xFF, 0x01, 0xFF, 0xC0, 0x00, 0x00, 0x00, 0x00, 0x06, 0x00, 0x01, 0xE0,
    0x00, 0x7E, 0x00, 0x1F, 0x80, 0x07, 0xC0, 0x00, 0xF0, 0x00, 0x0C, 0x00, 0x00, 0xE0, 0x00, 0x0F,
    0x80, 0x00, 0x7E, 0x00, 0x00, 0xF0, 0x00, 0x03, 0x80, 0x00, 0x18, 0x40, 0x00, 0xC4, 0x00, 0x0C,
    0x60, 0x01, 0xC7, 0xFF, 0xF8, 0x3F, 0xFF, 0x01, 0xFF, 0xC0, 0x00, 0x00, 0x00, 0x00, 0x20, 0x00,
    0x67, 0x00, 0x07, 0x70, 0x00, 0x6A, 0x00, 0x01, 0xC0, 0x00, 0x08, 0x00, 0x00, 0x00, 0x00, 0x04,
    0x00, 0x1E, 0x10, 0x3F, 0x38, 0x78, 0x38, 0x60, 0x4C, 0xC0, 0x44, 0xC0, 0x00, 0x80, 0x00, 0xC0,
    0x40, 0xFC, 0x40, 0x7F, 0x40, 0x1F, 0x40, 0x03, 0x60, 0x06, 0x60, 0x1C, 0x7F, 0xF8, 0x3F, 0xF0,
    0x1F, 0x80, 0x00, 0x01, 0x00, 0x01, 0xE0, 0x00, 0xFC, 0x04, 0x78, 0x33, 0x98, 0x1C, 0xEC, 0x03,
    0x13, 0x00, 0x00, 0x80, 0x00, 0x30, 0x04, 0x0F, 0xC1, 0x01, 0xFC, 0x40, 0x1F, 0x10, 0x00, 0xC6,
    0x00, 0x61, 0x80, 0x70, 0x7F, 0xF8, 0x0F, 0xFC, 0x01, 0xF8, 0x00, 0x00, 0x02, 0x00, 0x07, 0x86,
    0x07, 0xE3, 0x07, 0x86, 0x63, 0x07, 0xBB, 0x01, 0x89, 0x80, 0x00, 0x80, 0x00, 0x60, 0x10, 0x3F,
    0x08, 0x0F, 0xE4, 0x01, 0xF2, 0x00, 0x19, 0x80, 0x18, 0xC0, 0x38, 0x7F, 0xF8, 0x1F, 0xF8, 0x07,
    0xE0, 0x00, 0xFF, 0xFF, 0xF8, 0x00, 0x00, 0x80, 0x00, 0x03, 0x80, 0x00, 0x07, 0x00, 0x00, 0x0E,
    0x00, 0x00, 0x00, 0x00, 0x00, 0x00, 0x00, 0x00, 0x78, 0x00, 0x01, 0xF8, 0x00, 0x07, 0xF8, 0x00,
    0x0C, 0x70, 0x00, 0x10, 0x70, 0x00, 0x20, 0x64, 0x00, 0x7F, 0xC8, 0x00, 0xFF, 0x90, 0x00, 0xFB,
    0x30, 0x00, 0x06, 0x70, 0x00, 0x7C, 0xFF, 0xFF, 0xF0, 0xFF, 0xFF, 0x80, 0x7F, 0xF8, 0x00, 0x00,
    0x00, 0x00, 0x46, 0x00, 0x77, 0x80, 0x39, 0x80, 0x08, 0x00, 0x00, 0x00, 0x01, 0xE0, 0x01, 0xF8,
    0x00, 0xFC, 0x00, 0xC7, 0x00, 0x41, 0x80, 0x20, 0xE0, 0x18, 0x30, 0x0F, 0xF9, 0x07, 0xFC, 0x81,
    0xF2, 0x40, 0x01, 0x20, 0x01, 0x98, 0x00, 0x8C, 0x01, 0xC7, 0x07, 0xC1, 0xFF, 0x80, 0x7F, 0x80,
    0x04, 0x00, 0x00, 0x00, 0x00, 0x60, 0x01, 0x80, 0x0E, 0x00, 0x38, 0x00, 0x60, 0x01, 0x80, 0x06,
    0x00, 0x18, 0x0C, 0x60, 0x41, 0xC3, 0x03, 0x07, 0x0C, 0x04, 0x30, 0xE0, 0xC0, 0x03, 0x00, 0x0C,
    0x00, 0x1F, 0xFF, 0xFF, 0xFF, 0xFF, 0xF8, 0x00, 0x00, 0x00, 0x30, 0x00, 0xE0, 0x01, 0xC0, 0x03,
    0x80, 0x07, 0x00, 0x0E, 0x00, 0x0C, 0x00, 0x18, 0x00, 0x30, 0x00, 0x60, 0x00, 0xE0, 0x01, 0xC0,
    0x01, 0x80, 0x03, 0x00, 0x06, 0x00, 0x0C, 0x00, 0x18, 0x00, 0x32, 0x00, 0x24, 0x00, 0x48, 0x00,
    0x90, 0x01, 0x30, 0x06, 0x60, 0x38, 0xFF, 0xE0, 0xFF, 0x80, 0xFC, 0x00, 0x00, 0x01, 0xE0, 0x3F,
    0x07, 0x38, 0x41, 0xC0, 0x0E, 0x03, 0xE7, 0xFE, 0xFF, 0xCF, 0x00, 0x80, 0x0C, 0x00, 0xC0, 0x0C,
    0x00, 0xC0, 0x0C, 0x00, 0xC0, 0x0E, 0x00, 0xC0, 0x00, 0x00, 0x00, 0x00, 0x06, 0x00, 0x1C, 0x00,
    0x38, 0x00, 0x00, 0x00, 0x01, 0x00, 0x07, 0x00, 0x0E, 0x00, 0x1C, 0x00, 0x19, 0x00, 0x32, 0x00,
    0x64, 0x00, 0x48, 0x00, 0x98, 0x03, 0x30, 0x1C, 0x7F, 0xF0, 0x7F, 0xC0, 0x7E, 0x00, 0x00, 0x00,
    0x00, 0x38, 0x00, 0x1F, 0x80, 0x0F, 0xF0, 0x03, 0x3E, 0x01, 0x8D, 0xC0, 0x61, 0x30, 0x18, 0xC6,
    0x03, 0x31, 0x80, 0xF8, 0x67, 0xFF, 0x89, 0xFF, 0xFE, 0x3F, 0x1F, 0x00, 0x00, 0x00, 0x07, 0x00,
    0xF8, 0x0F, 0xC1, 0x8E, 0x10, 0x61, 0x06, 0x18, 0x21, 0xFE, 0x1F, 0xE0, 0xFA, 0x00, 0x60, 0x06,
    0x01, 0xCF, 0xF8, 0x7F, 0x81, 0xE0, 0x00, 0x04, 0x00, 0x1E, 0x00, 0x3F, 0x00, 0x78, 0x00, 0x60,
    0x00, 0xC0, 0x00, 0xC0, 0x00, 0x80, 0x00, 0xC0, 0x40, 0xFC, 0x40, 0x7F, 0x40, 0x1F, 0x40, 0x03,
    0x60, 0x06, 0x60, 0x1C, 0x7F, 0xF8, 0x3F, 0xF0, 0x1F, 0x80, 0x00, 0x04, 0x00, 0x1E, 0x00, 0x3F,
    0x00, 0x78, 0x00, 0x60, 0x00, 0xC0, 0x00, 0xC0, 0x00, 0x80, 0x00, 0xC0, 0x40, 0xFC, 0x40, 0x7F,
    0x40, 0x1F, 0x40, 0x03, 0x60, 0x06, 0x60, 0x1C, 0x7F, 0xF8, 0x3F, 0xF0, 0x1F, 0x80, 0x00, 0x00,
    0x08, 0xC0, 0x1D, 0xE0, 0x1C, 0xC0, 0x08, 0x00, 0x00, 0x00, 0x00, 0xEF, 0x27, 0x7B, 0x00, 0x00,
    0x06, 0x0E, 0x0E, 0x6F, 0x3C, 0x30, 0x0C, 0xEC, 0xDE, 0xC0, 0x00, 0x00, 0x77, 0xB0, 0x00, 0x30,
    0xA3, 0x87, 0x33, 0x80, 0x04, 0xEE, 0x20, 0x04, 0x09, 0x52, 0xE7, 0x00, 0x71, 0xE5, 0x9E, 0x00,
    0x00, 0x3F, 0xD7, 0xC0, 0x7D, 0x8F, 0xF8, 0x7D, 0x8F, 0xF8, 0xAF, 0xF8, 0x0E, 0x31, 0xC1, 0xC3,
    0x86, 0x00, 0x82, 0x2C, 0x9C, 0x00, 0x00, 0x7E, 0x03, 0x36, 0x9E, 0x38, 0xC0, 0x01, 0x87, 0x34,
    0x98, 0x00, 0x6F, 0xF6, 0x61, 0x47, 0x38, 0x30, 0x70, 0x00, 0x44, 0x98, 0xE3, 0x09, 0x80, 0x00,
    0x0C, 0x34, 0x40, 0xF7, 0xC0, 0x00, 0x01, 0x1F, 0xF7, 0x08, 0x01, 0x86, 0x1C, 0x70, 0xC3, 0x86,
    0x18, 0x61, 0x86, 0x08, 0x20, 0x82, 0x08, 0x00, 0x20, 0x70, 0x7C, 0x3F, 0xFB, 0xF9, 0xF8, 0x60,
    0x30, 0x1C, 0x06, 0x03, 0x01, 0x80, 0xC0, 0x60, 0x30, 0x18, 0x00, 0x00, 0x00, 0x06, 0x12, 0x61,
    0x27, 0x3E, 0x7F, 0xE3, 0xFC, 0x3E, 0x03, 0x80, 0x18, 0x01, 0x80, 0x18, 0x01, 0x80, 0x18, 0x01,
    0x80, 0x08, 0x00, 0x80, 0x08, 0x00, 0x00, 0x00, 0x03, 0x01, 0xC0, 0xE0, 0x70, 0x10, 0x0E, 0x03,
    0xE0, 0x7C, 0x0F, 0x01, 0x80, 0x60, 0x30, 0x08, 0x02, 0x00, 0xFF, 0x3F, 0x87, 0xC0, 0x0E, 0x07,
    0xC3, 0xF0, 0xCE, 0x21, 0x98, 0x64, 0x09, 0x02, 0x41, 0x98, 0x67, 0xF1, 0xFC, 0x3C, 0x00, 0x00,
    0x0F, 0xE3, 0xFE, 0x3F, 0x80, 0x10, 0x02, 0x00, 0x40, 0x08, 0x01, 0x00, 0x20, 0x06, 0x00, 0xC0,
    0x18, 0x03, 0x00, 0x30, 0x06, 0x00, 0xC0, 0x00, 0x00, 0x06, 0x01, 0xB8, 0x0D, 0xC0, 0xE7, 0x06,
    0x38, 0x30, 0xC3, 0x87, 0x18, 0x18, 0xC0, 0xCC, 0x07, 0x60, 0x1B, 0x00, 0xF0, 0x07, 0x80, 0x1C,
    0x00, 0xC0, 0x06, 0x00, 0x00, 0x00, 0x18, 0x01, 0xC0, 0x0E, 0x00, 0x78, 0x02, 0xC0, 0x36, 0x01,
    0xB8, 0x08, 0xC0, 0xC7, 0x06, 0x38, 0x60, 0xE3, 0x07, 0x38, 0x1D, 0x80, 0xEC, 0x03, 0x00, 0x10,
    0x00, 0x03, 0xC0, 0xFC, 0x33, 0x84, 0x30, 0xC2, 0x1F, 0xC3, 0xF8, 0x3F, 0x00, 0x20, 0x06, 0x00,
    0xC0, 0x18, 0x03, 0x00, 0x70, 0x06, 0x00, 0xC0, 0x00, 0x00, 0x04, 0x19, 0xC3, 0x3C, 0xC7, 0x98,
    0x26, 0x00, 0xC0, 0x30, 0x06, 0x01, 0x80, 0x30, 0x0C, 0xC1, 0x9C, 0x67, 0x8C, 0x33, 0x00, 0x20,
    0x00, 0x00, 0x18, 0x38, 0x70, 0x60, 0x41, 0x83, 0x0C, 0x38, 0xE3, 0x80, 0x00, 0x0C, 0x79, 0xC3,
    0x06, 0x18, 0x30, 0x40, 0xE1, 0xC1, 0x81, 0x00, 0x00, 0x00, 0x40, 0x06, 0x00, 0x60, 0x7F, 0xE1,
    0xF8, 0x0F, 0x01, 0xF0, 0x19, 0x81, 0x08, 0x00, 0x00, 0x00, 0x00, 0x20, 0x00, 0x06, 0x00, 0x00,
    0x60, 0x00, 0x06, 0x40, 0x00, 0x74, 0x00, 0x03, 0x40, 0x00, 0x36, 0x00, 0x03, 0x70, 0x01, 0xE7,
    0xFF, 0xFE, 0x3F, 0xFF, 0x80, 0xFF, 0xC0, 0x00, 0x78, 0x00, 0x7E, 0x00, 0x3F, 0x00, 0x31, 0xC0,
    0x10, 0x60, 0x08, 0x38, 0x06, 0x0C, 0x03, 0xFE, 0x41, 0xFF, 0x20, 0x7C, 0x90, 0x00, 0x48, 0x00,
    0x66, 0x00, 0x23, 0x00, 0x71, 0xC1, 0xF0, 0x7F, 0xE0, 0x1F, 0xE0, 0x01, 0x00, 0x00, 0x2F, 0xFA,
    0x00, 0x06, 0x3B, 0x7F, 0x00, 0x00, 0x00, 0x08, 0x08, 0x1C, 0x1C, 0x08, 0x08, 0x08, 0x08, 0x08,
    0x08, 0x08, 0x08, 0x08, 0x08, 0x08, 0x08, 0x08, 0x08, 0x08, 0x08, 0x0C, 0x38, 0x40, 0xF7, 0xC0,
    0x02, 0x04, 0x1C, 0x38, 0x20, 0x40, 0x81, 0x02, 0x04, 0x08, 0x10, 0x20, 0x40, 0x81, 0x02, 0x04,
    0x08, 0x10, 0x00, 0x10, 0x60, 0xE0, 0x81, 0x02, 0x04, 0x08, 0x10, 0x20, 0x40, 0x81, 0x02, 0x04,
    0x08, 0x10, 0x20, 0x40, 0x00, 0x03, 0x0D, 0x18, 0x3D, 0xF0, 0x00, 0x00, 0x00, 0xF0, 0x1F, 0x83,
    0x98, 0x30, 0x03, 0x00, 0x38, 0xE1, 0xFF, 0x7F, 0xE7, 0x80, 0x00, 0x00, 0x00, 0x00, 0x10, 0x00,
    0x0C, 0x00, 0x03, 0x80, 0x00, 0xE0, 0x00, 0x10, 0x00, 0x04, 0x03, 0xC1, 0x01, 0xF0, 0x40, 0xE4,
    0x10, 0x20, 0x04, 0x08, 0x01, 0x03, 0x8E, 0x40, 0x7F, 0x90, 0x7F, 0xE4, 0x3C, 0x01, 0x00, 0x00,
    0x40, 0x00, 0x10, 0x00, 0x04, 0x00, 0x01, 0x00, 0x00, 0x40, 0x00, 0x00, 0x00, 0x00, 0x3C, 0x00,
    0x00, 0x1F, 0x00, 0x00, 0x0F, 0xC0, 0x00, 0x03, 0x10, 0x00, 0x00, 0x80, 0x01, 0xC0, 0x30, 0x60,
    0xF8, 0x0F, 0xF8, 0x3F, 0x07, 0xFE, 0x18, 0xE3, 0xE0, 0x04, 0x18, 0x00, 0x01, 0x06, 0x00, 0x00,
    0x60, 0x80, 0x00, 0x1F, 0xE0, 0x00, 0x07, 0xF8, 0x00, 0x00, 0xFA, 0x00, 0x00, 0x01, 0x80, 0x00,
    0x00, 0x60, 0x00, 0x00, 0x70, 0x00, 0x0F, 0xF8, 0x00, 0x01, 0xFE, 0x00, 0x00, 0x1E, 0x00, 0x00,
    0x00, 0x03, 0x80, 0x00, 0x00, 0xE0, 0x00, 0x00, 0x18, 0x00, 0x00, 0x06, 0x00, 0xF0, 0x01, 0x00,
    0x7C, 0x00, 0x80, 0x3F, 0x00, 0x00, 0x0C, 0x40, 0x00, 0x02, 0x00, 0x07, 0x00, 0xC1, 0x83, 0xE0,
    0x3F, 0xE0, 0xFC, 0x1F, 0xF8, 0x63, 0x8F, 0x80, 0x10, 0x60, 0x00, 0x04, 0x08, 0x00, 0x01, 0x82,
    0x00, 0x00, 0x7F, 0x80, 0x00, 0x1F, 0xE0, 0x00, 0x03, 0xE8, 0x00, 0x00, 0x06, 0x00, 0x00, 0x01,
    0x80, 0x00, 0x01, 0xC0, 0x00, 0x3F, 0xE0, 0x00, 0x07, 0xF8, 0x00, 0x00, 0x78, 0x00, 0x00, 0x00,
    0x00, 0x00, 0x00, 0x00, 0x00, 0x0F, 0x00, 0x00, 0x00, 0x7C, 0x00, 0x00, 0x03, 0x90, 0x00, 0x00,
    0x08, 0x00, 0x00, 0x10, 0x30, 0x00, 0x01, 0xE0, 0xE7, 0x80, 0x0F, 0xC1, 0xFE, 0x00, 0x78, 0x1F,
    0xF0, 0x01, 0x80, 0x60, 0x00, 0x0C, 0x00, 0x00, 0x00, 0x30, 0x00, 0x00, 0x00, 0x80, 0x00, 0x00,
    0x03, 0x00, 0x00, 0x04, 0x0F, 0xC0, 0x00, 0x10, 0x1F, 0xC0, 0x00, 0x40, 0x1F, 0x00, 0x01, 0x00,
    0x0C, 0x00, 0x06, 0x00, 0x60, 0x00, 0x18, 0x07, 0x00, 0x00, 0x7F, 0xF8, 0x00, 0x00, 0xFF, 0xC0,
    0x00, 0x01, 0xF8, 0x00, 0x00, 0x00, 0x00, 0x80, 0x00, 0x08, 0x00, 0x00, 0x80, 0x00, 0x0F, 0x00,
    0x00, 0xD8, 0x20, 0x1F, 0x06, 0x00, 0x00, 0x60, 0x00, 0x06, 0x40, 0x00, 0x74, 0x00, 0x03, 0x40,
    0x00, 0x36, 0x00, 0x03, 0x70, 0x01, 0xE7, 0xFF, 0xFE, 0x3F, 0xFF, 0x80, 0xFF, 0xC0, 0x00, 0x80,
    0x00, 0x0C, 0x00, 0x00, 0xC0, 0x00, 0x00, 0x00, 0x00, 0xC0, 0x20, 0x0E, 0x06, 0x00, 0xC0, 0x60,
    0x00, 0x06, 0x40, 0x00, 0x74, 0x00, 0x03, 0x40, 0x00, 0x36, 0x00, 0x03, 0x70, 0x01, 0xE7, 0xFF,
    0xFE, 0x3F, 0xFF, 0x80, 0xFF, 0xC0, 0x00, 0x00, 0x20, 0x00, 0x06, 0x00, 0x00, 0x60, 0x00, 0x06,
    0x40, 0x00, 0x74, 0x00, 0x03, 0x40, 0x00, 0x36, 0x00, 0x03, 0x70, 0x01, 0xE7, 0xFF, 0xFE, 0x3F,
    0xFF, 0x80, 0xFF, 0xC0, 0x00, 0x00, 0x00, 0x04, 0x00, 0x00, 0xE0, 0x00, 0x0E, 0x00, 0x00, 0x00,
    0x00, 0x06, 0x00, 0x00, 0xF0, 0x00, 0x06, 0x00, 0x00, 0x00, 0x00, 0x00, 0x00, 0x00, 0x01, 0x00,
    0x03, 0x38, 0x20, 0x7B, 0x86, 0x03, 0x10, 0x60, 0x00, 0x06, 0x40, 0x00, 0x74, 0x00, 0x03, 0x40,
    0x00, 0x36, 0x00, 0x03, 0x70, 0x01, 0xE7, 0xFF, 0xFE, 0x3F, 0xFF, 0x80, 0xFF, 0xC0, 0x00, 0xB0,
    0x00, 0x0F, 0x00, 0x00, 0x00, 0x00, 0x33, 0x00, 0x03, 0xB8, 0x00, 0x35, 0x02, 0x00, 0xE0, 0x60,
    0x0C, 0x06, 0x00, 0x00, 0x64, 0x00, 0x07, 0x40, 0x00, 0x34, 0x00, 0x03, 0x60, 0x00, 0x37, 0x00,
    0x1E, 0x7F, 0xFF, 0xE3, 0xFF, 0xF8, 0x0F, 0xFC, 0x00, 0x00, 0x00, 0x20, 0x00, 0x06, 0x00, 0x00,
    0x60, 0x00, 0x06, 0x40, 0x00, 0x74, 0x00, 0x03, 0x40, 0x00, 0x36, 0x00, 0x03, 0x70, 0x01, 0xE7,
    0xFF, 0xFE, 0x3F, 0xFF, 0x80, 0xFF, 0xC0, 0x00, 0x00, 0x00, 0x00, 0x00, 0x01, 0x98, 0x00, 0x39,
    0x80, 0x01, 0xE0, 0x00, 0x06, 0x00, 0x00, 0x60, 0x00, 0x00, 0x00, 0x00, 0x00, 0x00, 0x3F, 0x00,
    0x01, 0x20, 0x00, 0x02, 0x02, 0x01, 0xB0, 0x60, 0x12, 0x06, 0x00, 0x00, 0x64, 0x00, 0x07, 0x40,
    0x00, 0x34, 0x00, 0x03, 0x60, 0x00, 0x37, 0x00, 0x1E, 0x7F, 0xFF, 0xE3, 0xFF, 0xF8, 0x0F, 0xFC,
    0x00, 0x00, 0x00, 0x20, 0x00, 0x06, 0x00, 0x00, 0x60, 0x00, 0x06, 0x40, 0x00, 0x74, 0x00, 0x03,
    0x40, 0x00, 0x36, 0x00, 0x03, 0x70, 0x01, 0xE7, 0xFF, 0xFE, 0x3F, 0xFF, 0x80, 0xFF, 0xC0, 0x00,
    0x00, 0x00, 0x08, 0x00, 0x01, 0xB0, 0x00, 0x09, 0x00, 0x00, 0x90, 0x00, 0x1F, 0x80, 0x00, 0x90,
    0x00, 0x00, 0xE0, 0x00, 0x68, 0x00, 0x10, 0x00, 0x07, 0x80, 0x01, 0xE0, 0x00, 0x60, 0x00, 0x80,
    0x01, 0xFF, 0x00, 0x7F, 0xFF, 0x18, 0x7F, 0xC0, 0x0F, 0xF0, 0x0F, 0xC0, 0x07, 0x80, 0x03, 0x80,
    0x01, 0xC0, 0x00, 0x60, 0x00, 0x30, 0x00, 0x08, 0x00, 0x02, 0x00, 0x00, 0x80, 0x00, 0x20, 0x00,
    0x0C, 0x00, 0x03, 0x80, 0x00, 0x7F, 0xFE, 0x0F, 0xFF, 0x00, 0xFE, 0x00, 0x00, 0x00, 0x00, 0x70,
    0x00, 0x1C, 0x00, 0x02, 0x00, 0x00, 0xC0, 0x00, 0x38, 0x00, 0x0C, 0x00, 0x00, 0x00, 0x08, 0x00,
    0x1F, 0xF0, 0x07, 0xFF, 0xF1, 0x87, 0xFC, 0x00, 0xFF, 0x00, 0xFC, 0x00, 0x78, 0x00, 0x38, 0x00,
    0x1C, 0x00, 0x0E, 0x00, 0x03, 0x00, 0x00, 0x80, 0x00, 0x20, 0x00, 0x08, 0x00, 0x02, 0x00, 0x00,
    0xC0, 0x00, 0x38, 0x00, 0x07, 0xFF, 0xE0, 0xFF, 0xF0, 0x0F, 0xE0, 0x08, 0x00, 0x1F, 0xF0, 0x07,
    0xFF, 0xF1, 0x87, 0xFC, 0x00, 0xFF, 0x00, 0xFC, 0x00, 0x78, 0x00, 0x38, 0x00, 0x1C, 0x00, 0x0E,
    0x00, 0x03, 0x11, 0x80, 0x8E, 0xF0, 0x23, 0x98, 0x08, 0x40, 0x02, 0x00, 0x00, 0xC0, 0x00, 0x38,
    0x00, 0x07, 0xFF, 0xE0, 0xFF, 0xF0, 0x0F, 0xE0, 0x08, 0x00, 0x1F, 0xF0, 0x07, 0xFF, 0xF1, 0x87,
    0xFC, 0x00, 0xFF, 0x00, 0xFC, 0x00, 0x78, 0x00, 0x38, 0x00, 0x1C, 0x00, 0x0E, 0x18, 0x03, 0x0E,
    0x00, 0x81, 0x00, 0x20, 0x20, 0x08, 0x1C, 0x02, 0x06, 0x00, 0xC0, 0x00, 0x38, 0x00, 0x07, 0xFF,
    0xE0, 0xFF, 0xF0, 0x0F, 0xE0, 0x00, 0x00, 0x00, 0x30, 0x00, 0x0C, 0x00, 0x0C, 0xC0, 0x07, 0xB8,
    0x00, 0xC4, 0x00, 0x00, 0x00, 0x20, 0x00, 0x7F, 0xC0, 0x1F, 0xFF, 0xC6, 0x1F, 0xF0, 0x03, 0xFC,
    0x03, 0xF0, 0x01, 0xE0, 0x00, 0xE0, 0x00, 0x70, 0x00, 0x38, 0x00, 0x0C, 0x00, 0x02, 0x00, 0x00,
    0x80, 0x00, 0x20, 0x00, 0x08, 0x00, 0x03, 0x00, 0x00, 0xE0, 0x00, 0x1F, 0xFF, 0x83, 0xFF, 0xC0,
    0x3F, 0x80, 0x08, 0x00, 0x1F, 0xF0, 0x07, 0xFF, 0xF1, 0x87, 0xFC, 0x00, 0xFF, 0x00, 0xFC, 0x00,
    0x78, 0x00, 0x38, 0x00, 0x1C, 0x00, 0x0E, 0x00, 0x03, 0x19, 0x80, 0x8E, 0x60, 0x21, 0xE0, 0x08,
    0x18, 0x02, 0x06, 0x00, 0xC0, 0x00, 0x38, 0x00, 0x07, 0xFF, 0xE0, 0xFF, 0xF0, 0x0F, 0xE0, 0x08,
    0x00, 0x1F, 0xF0, 0x07, 0xFF, 0xF1, 0x87, 0xFC, 0x00, 0xFF, 0x00, 0xFC, 0x00, 0x78, 0x00, 0x38,
    0x00, 0x1C, 0x00, 0x0E, 0x24, 0x03, 0x1F, 0x80, 0x82, 0x40, 0x20, 0x90, 0x08, 0x36, 0x02, 0x09,
    0x00, 0xC0, 0x00, 0x38, 0x00, 0x07, 0xFF, 0xE0, 0xFF, 0xF0, 0x0F, 0xE0, 0x08, 0x02, 0x00, 0xF0,
    0x36, 0x1F, 0x00, 0x00, 0x00, 0x08, 0x03, 0x00, 0xC0, 0x38, 0x0E, 0x01, 0x80, 0x70, 0x0C, 0x03,
    0xFF, 0xBF, 0xE7, 0xF0, 0x01, 0x00, 0x60, 0x0E, 0x01, 0xC0, 0x1C, 0x03, 0x80, 0x30, 0x06, 0x00,
    0x5F, 0xFB, 0xFE, 0x3F, 0x80, 0xB0, 0x16, 0x03, 0x80, 0x02, 0x01, 0xC0, 0x70, 0x0E, 0x03, 0x80,
    0x60, 0x1C, 0x03, 0x00, 0xFF, 0xFF, 0xF9, 0xFC, 0x00, 0x00, 0x00, 0xC0, 0x78, 0x0C, 0x01, 0x00,
    0x08, 0x02, 0x00, 0xF0, 0x36, 0x1F, 0x00, 0x00, 0x00, 0x08, 0x03, 0x00, 0xC0, 0x38, 0x0E, 0x01,
    0x80, 0x70, 0x0C, 0x03, 0xFF, 0xBF, 0xE7, 0xF0, 0x00, 0x00, 0x03, 0x01, 0xE0, 0x38, 0x04, 0x00,
    0x00, 0x04, 0x63, 0xB9, 0xEE, 0x10, 0x00, 0x00, 0x20, 0x1C, 0x07, 0x00, 0xE0, 0x38, 0x06, 0x01,
    0xC0, 0x30, 0x0F, 0xFF, 0xFF, 0x9F, 0xC0, 0x02, 0x01, 0xC0, 0x70, 0x0E, 0x03, 0x80, 0x60, 0x1C,
    0x03, 0x00, 0xFF, 0xFF, 0xF9, 0xFC, 0x00, 0x00, 0x43, 0x39, 0xEE, 0x31, 0x00, 0x00, 0x04, 0x03,
    0x80, 0x50, 0xEE, 0x3B, 0x84, 0x00, 0x00, 0x08, 0x07, 0x01, 0xC0, 0x38, 0x0E, 0x01, 0x80, 0x70,
    0x0C, 0x03, 0xFF, 0xFF, 0xE7, 0xF0, 0x01, 0x0C, 0xE3, 0xB8, 0xD4, 0x0E, 0x01, 0x00, 0x00, 0x08,
    0x07, 0x01, 0xC0, 0x38, 0x0E, 0x01, 0x80, 0x70, 0x0C, 0x03, 0xFF, 0xFF, 0xE7, 0xF0, 0x12, 0x0F,
    0xC1, 0x20, 0x48, 0x1B, 0x04, 0x80, 0x00, 0x08, 0x07, 0x01, 0xC0, 0x38, 0x0E, 0x01, 0x80, 0x70,
    0x0C, 0x03, 0xFF, 0xFF, 0xE7, 0xF0, 0x02, 0x00, 0x20, 0x02, 0x00, 0x3C, 0x03, 0x60, 0x7C, 0x00,
    0x00, 0x00, 0x00, 0x80, 0x1C, 0x01, 0xC0, 0x0C, 0x00, 0xE0, 0x0E, 0x00, 0x60, 0x02, 0x00, 0x20,
    0x02, 0x00, 0x60, 0x0E, 0x01, 0xC7, 0xFC, 0x7F, 0x81, 0xE0, 0x08, 0x41, 0x98, 0x1A, 0x03, 0xC0,
    0x30, 0x00, 0x00, 0x00, 0x04, 0x01, 0x80, 0x38, 0x07, 0x00, 0x60, 0x0E, 0x00, 0xC0, 0x18, 0x01,
    0x00, 0x60, 0x0C, 0x03, 0x00, 0xE7, 0xF8, 0xFE, 0x0F, 0x80, 0x00, 0x00, 0x10, 0x06, 0x00, 0xC0,
    0x1C, 0x03, 0x80, 0x30, 0x02, 0x00, 0x40, 0x08, 0x01, 0x00, 0x20, 0x0C, 0x03, 0x3F, 0xE3, 0xF8,
    0x3F, 0x80, 0xB0, 0x1C, 0x00, 0x00, 0x00, 0x10, 0x06, 0x00, 0xE0, 0x1C, 0x01, 0x80, 0x38, 0x03,
    0x00, 0x60, 0x04, 0x01, 0x80, 0x30, 0x0C, 0x03, 0x9F, 0xE3, 0xF8, 0x3E, 0x00, 0x00, 0x20, 0x0E,
    0x01, 0xC0, 0x38, 0x00, 0x00, 0x00, 0x00, 0x10, 0x06, 0x00, 0xE0, 0x1C, 0x01, 0x80, 0x38, 0x03,
    0x00, 0x60, 0x04, 0x01, 0x80, 0x30, 0x0C, 0x03, 0x9F, 0xE3, 0xF8, 0x1E, 0x00, 0x00, 0x88, 0x19,
    0x01, 0xC0, 0x38, 0x02, 0x00, 0x00, 0x00, 0x10, 0x06, 0x00, 0xE0, 0x1C, 0x01, 0x81, 0x38, 0x73,
    0x1E, 0x61, 0x84, 0x01, 0x80, 0x30, 0x0C, 0x03, 0x9F, 0xE3, 0xF8, 0x3E, 0x00, 0x00, 0x20, 0x0E,
    0x01, 0xC0, 0x38, 0x00, 0x00, 0x00, 0x00, 0x8C, 0x1D, 0xE1, 0xCC, 0x08, 0x00, 0x00, 0x00, 0x80,
    0x18, 0x01, 0xC0, 0x1C, 0x00, 0xC0, 0x0E, 0x00, 0x60, 0x06, 0x00, 0x20, 0x06, 0x00, 0x60, 0x0C,
    0x01, 0xC7, 0xF8, 0x7F, 0x03, 0xE0, 0x00, 0x00, 0x60, 0x0E, 0x01, 0xA0, 0xCE, 0x19, 0x80, 0x00,
    0x00, 0x00, 0x80, 0x30, 0x07, 0x00, 0xE0, 0x0C, 0x01, 0xC0, 0x18, 0x03, 0x00, 0x20, 0x0C, 0x01,
    0x80, 0x60, 0x1C, 0xFF, 0x1F, 0xC1, 0xF0, 0x04, 0x81, 0xF0, 0x12, 0x02, 0x40, 0xFC, 0x09, 0x00,
    0x00, 0x04, 0x01, 0x80, 0x38, 0x07, 0x00, 0x60, 0x0E, 0x00, 0xC0, 0x18, 0x01, 0x00, 0x60, 0x0C,
    0x03, 0x00, 0xE7, 0xF8, 0xFE, 0x0F, 0x80, 0x00, 0x00, 0x10, 0x00, 0x00, 0x07, 0x00, 0x00, 0x00,
    0xE0, 0x00, 0x00, 0x08, 0x00, 0x00, 0x00, 0x04, 0x00, 0x00, 0x01, 0x80, 0x00, 0x02, 0x30, 0x00,
    0x00, 0x46, 0x00, 0x08, 0x18, 0xE0, 0x03, 0x83, 0x0C, 0x00, 0x70, 0xE1, 0x80, 0x0F, 0xFF, 0xF4,
    0x00, 0xFF, 0xFC, 0x80, 0x1F, 0xCF, 0x90, 0x01, 0x00, 0x02, 0x00, 0x20, 0x00, 0x60, 0x0C, 0x18,
    0x0C, 0x03, 0x07, 0x81, 0xC1, 0xE0, 0xE0, 0x1F, 0xF8, 0x08, 0x01, 0xFC, 0x00, 0x00, 0x08, 0x00,
    0x00, 0x00, 0x00, 0x00, 0x00, 0x00, 0x00, 0x00, 0x08, 0x00, 0x00, 0x03, 0x00, 0x00, 0x04, 0x60,
    0x00, 0x00, 0x8C, 0x00, 0x10, 0x31, 0xC0, 0x07, 0x06, 0x18, 0x00, 0xE1, 0xC3, 0x00, 0x1F, 0xFF,
    0xE8, 0x01, 0xFF, 0xF9, 0x00, 0x3F, 0x9F, 0x20, 0x02, 0x00, 0x04, 0x00, 0x40, 0x20, 0xC0, 0x18,
    0xCE, 0x18, 0x06, 0x39, 0x83, 0x83, 0xC3, 0xC0, 0x3F, 0xF0, 0x1C, 0x03, 0xF8, 0x01, 0x00, 0x10,
    0x00, 0x00, 0x00, 0x00, 0x00, 0x00, 0x00, 0x00, 0x02, 0x00, 0x00, 0x00, 0xE0, 0x00, 0x00, 0x0A,
    0x00, 0x00, 0x0E, 0xE0, 0x00, 0x01, 0xCC, 0x00, 0x00, 0x10, 0x10, 0x00, 0x00, 0x06, 0x00, 0x00,
    0x08, 0xC0, 0x00, 0x01, 0x18, 0x00, 0x20, 0x63, 0x80, 0x0E, 0x0C, 0x30, 0x01, 0xC3, 0x86, 0x00,
    0x3F, 0xFF, 0xD0, 0x03, 0xFF, 0xF2, 0x00, 0x7F, 0x3E, 0x40, 0x04, 0x00, 0x08, 0x00, 0x80, 0x41,
    0x80, 0x31, 0x9C, 0x30, 0x0C, 0x73, 0x07, 0x07, 0x87, 0x80, 0x7F, 0xE0, 0x38, 0x07, 0xF0, 0x02,
    0x00, 0x20, 0x00, 0x00, 0x00, 0x00, 0x00, 0x00, 0x00, 0x00, 0x1F, 0x80, 0x00, 0x01, 0xFF, 0x00,
    0x00, 0x0F, 0x1E, 0x00, 0x00, 0x70, 0x38, 0x00, 0x33, 0x80, 0x60, 0x01, 0xDC, 0x01, 0x80, 0x07,
    0xE0, 0x1E, 0x00, 0x1F, 0xFF, 0xF1, 0x00, 0x3F, 0xFF, 0x04, 0x00, 0xFF, 0xF0, 0x10, 0x01, 0x00,
    0x00, 0x40, 0x04, 0x00, 0x01, 0x80, 0x30, 0xCE, 0x06, 0x01, 0x87, 0xB8, 0x1C, 0x1E, 0x0C, 0x40,
    0x3F, 0xF0, 0x00, 0x00, 0x7F, 0x00, 0x00, 0x00, 0x40, 0x00, 0x00, 0x00, 0x00, 0x00, 0x00, 0x00,
    0x00, 0x00, 0x60, 0x00, 0x00, 0x01, 0x80, 0x00, 0x00, 0x19, 0x80, 0x00, 0x00, 0xE7, 0x00, 0x00,
    0x01, 0x98, 0x00, 0x00, 0x00, 0x00, 0x00, 0x00, 0x00, 0x00, 0x00, 0x00, 0x00, 0x00, 0x00, 0x00,
    0x1F, 0x80, 0x00, 0x01, 0xFF, 0x00, 0x00, 0x0F, 0x1E, 0x00, 0x00, 0x70, 0x38, 0x00, 0x33, 0x80,
    0x60, 0x01, 0xDC, 0x01, 0x80, 0x07, 0xE0, 0x1E, 0x00, 0x1F, 0xFF, 0xF1, 0x00, 0x3F, 0xFF, 0x04,
    0x00, 0xFF, 0xF0, 0x10, 0x01, 0x00, 0x00, 0x40, 0x04, 0x00, 0x01, 0x80, 0x30, 0x00, 0x06, 0x01,
    0x80, 0x00, 0x1C, 0x1E, 0x00, 0x00, 0x3F, 0xF0, 0x00, 0x00, 0x7F, 0x00, 0x00, 0x00, 0x40, 0x00,
    0x00, 0x00, 0x02, 0x00, 0x00, 0x60, 0x00, 0x07, 0x06, 0x00, 0x70, 0x70, 0x06, 0x0B, 0x80, 0x61,
    0xDC, 0x07, 0x18, 0x80, 0x70, 0x00, 0x03, 0x00, 0x00, 0x30, 0x20, 0x03, 0x0F, 0x80, 0x33, 0xFE,
    0x03, 0x78, 0xF0, 0x3E, 0x07, 0x01, 0xC0, 0x30, 0x38, 0x03, 0x43, 0x00, 0xE7, 0xFF, 0xFC, 0x3F,
    0xFF, 0x80, 0xFF, 0xE0, 0x00, 0x00, 0x03, 0x00, 0x00, 0xE0, 0x00, 0x54, 0x00, 0x3B, 0x80, 0x0C,
    0x40, 0x00, 0x00, 0x00, 0x00, 0x00, 0x0F, 0x00, 0x0F, 0xE0, 0x03, 0xF8, 0x01, 0x00, 0x00, 0x40,
    0x00, 0x18, 0x00, 0x07, 0x07, 0x01, 0xF7, 0xC0, 0x3F, 0xE0, 0x07, 0xC0, 0x00, 0xC0, 0x00, 0x60,
    0x00, 0x30, 0x00, 0x0C, 0x00, 0x02, 0x00, 0x00, 0x80, 0x00, 0x20, 0x00, 0x0C, 0x00, 0x03, 0x80,
    0x00, 0x7F, 0xFE, 0x0F, 0xFF, 0x00, 0xFE, 0x00, 0x00, 0x01, 0xE0, 0x00, 0x07, 0xE0, 0x00, 0x1F,
    0xE0, 0x00, 0x31, 0xC0, 0x00, 0x41, 0xC0, 0x00, 0x81, 0x90, 0x01, 0xFF, 0x20, 0x03, 0xFE, 0x40,
    0x03, 0xEC, 0xC0, 0x00, 0x19, 0xC0, 0x01, 0xF3, 0xFF, 0xFF, 0xC3, 0xFF, 0xFE, 0x01, 0xFF, 0xE0,
    0x00, 0x00, 0x01, 0xE0, 0x00, 0x07, 0xE0, 0x00, 0x1F, 0xE0, 0x00, 0x31, 0xC0, 0x00, 0x41, 0xC0,
    0x00, 0x81, 0x90, 0x01, 0xFF, 0x20, 0x03, 0xFE, 0x40, 0x03, 0xEC, 0xC0, 0x00, 0x19, 0xC0, 0x01,
    0xF3, 0xFF, 0xFF, 0xC3, 0xFF, 0xFE, 0x01, 0xFF, 0xE0, 0x00, 0x00, 0x00, 0x00, 0x00, 0x00, 0x00,
    0x00, 0xE0, 0x00, 0x01, 0xE0, 0x00, 0x03, 0x80, 0x00, 0x00, 0x00, 0x00, 0x00, 0x80, 0x00, 0x03,
    0x80, 0x00, 0x07, 0x00, 0x00, 0x0E, 0x00, 0x00, 0x00, 0x00, 0x00, 0x00, 0x00, 0x00, 0x78, 0x00,
    0x01, 0xF8, 0x00, 0x07, 0xF8, 0x00, 0x0C, 0x70, 0x00, 0x10, 0x70, 0x00, 0x20, 0x64, 0x00, 0x7F,
    0xC8, 0x00, 0xFF, 0x90, 0x00, 0xFB, 0x30, 0x00, 0x06, 0x70, 0x00, 0x7C, 0xFF, 0xFF, 0xF0, 0xFF,
    0xFF, 0x80, 0x7F, 0xF8, 0x00, 0x00, 0x00, 0x00, 0x00, 0x00, 0x00, 0x00, 0x38, 0x00, 0x00, 0x78,
    0x00, 0x00, 0xE0, 0x00, 0x00, 0x00, 0x00, 0x00, 0x00, 0x00, 0x01, 0x00, 0x00, 0x07, 0x00, 0x00,
    0x07, 0x80, 0x00, 0x77, 0x80, 0x00, 0xE6, 0x00, 0x00, 0x80, 0x00, 0x00, 0x00, 0x00, 0x01, 0xE0,
    0x00, 0x07, 0xE0, 0x00, 0x1F, 0xE0, 0x00, 0x31, 0xC0, 0x00, 0x41, 0xC0, 0x00, 0x81, 0x90, 0x01,
    0xFF, 0x20, 0x03, 0xFE, 0x40, 0x03, 0xEC, 0xC0, 0x00, 0x19, 0xC0, 0x01, 0xF3, 0xFF, 0xFF, 0xC3,
    0xFF, 0xFE, 0x01, 0xFF, 0xE0, 0x00, 0x00, 0x01, 0xE0, 0x00, 0x07, 0xE0, 0x00, 0x1F, 0xE0, 0x00,
    0x31, 0xC0, 0x00, 0x41, 0xC0, 0x00, 0x81, 0x90, 0x01, 0xFF, 0x20, 0x03, 0xFE, 0x40, 0x03, 0xEC,
    0xC0, 0x00, 0x19, 0xC0, 0x01, 0xF3, 0xFF, 0xFF, 0xC3, 0xFF, 0xFE, 0x01, 0xFF, 0xE0, 0x00, 0x00,
    0x00, 0x00, 0x00, 0x8C, 0x00, 0x03, 0x9C, 0x00, 0x07, 0x30, 0x00, 0x01, 0x80, 0x00, 0x03, 0x00,
    0x00, 0x00, 0x00, 0x00, 0x02, 0x40, 0x00, 0x0E, 0xC0, 0x00, 0x09, 0x00, 0x00, 0x09, 0x00, 0x00,
    0x36, 0x00, 0x00, 0x24, 0x00, 0x00, 0x00, 0x00, 0x00, 0xF0, 0x00, 0x03, 0xF0, 0x00, 0x0F, 0xF0,
    0x00, 0x18, 0xE0, 0x00, 0x20, 0xE0, 0x00, 0x40, 0xC8, 0x00, 0xFF, 0x90, 0x01, 0xFF, 0x20, 0x01,
    0xF6, 0x60, 0x00, 0x0C, 0xE0, 0x00, 0xF9, 0xFF, 0xFF, 0xE1, 0xFF, 0xFF, 0x00, 0xFF, 0xF0, 0x00,
    0x00, 0x00, 0x00, 0x18, 0x00, 0x1C, 0x00, 0x06, 0x00, 0x00, 0x00, 0x00, 0x00, 0x01, 0xE0, 0x01,
    0xF8, 0x00, 0xFC, 0x00, 0xC7, 0x00, 0x41, 0x80, 0x20, 0xE0, 0x18, 0x30, 0x0F, 0xF9, 0x07, 0xFC,
    0x81, 0xF2, 0x40, 0x01, 0x20, 0x01, 0x98, 0x00, 0x8C, 0x01, 0xC7, 0x07, 0xC1, 0xFF, 0x80, 0x7F,
    0x80, 0x04, 0x00, 0x00, 0x00, 0x00, 0x10, 0x00, 0x1C, 0x00, 0x07, 0x80, 0x0C, 0xC0, 0x0E, 0x60,
    0x02, 0x00, 0x00, 0x00, 0x00, 0x78, 0x00, 0x7E, 0x00, 0x3F, 0x00, 0x31, 0xC0, 0x10, 0x60, 0x08,
    0x38, 0x06, 0x0C, 0x03, 0xFE, 0x41, 0xFF, 0x20, 0x7C, 0x90, 0x00, 0x48, 0x00, 0x66, 0x00, 0x23,
    0x00, 0x71, 0xC1, 0xF0, 0x7F, 0xE0, 0x1F, 0xE0, 0x01, 0x00, 0x00, 0x00, 0x00, 0x00, 0x00, 0x06,
    0x00, 0x01, 0xE0, 0x00, 0x7E, 0x00, 0x1F, 0x80, 0x07, 0xC0, 0x00, 0xF0, 0x00, 0x0C, 0x00, 0x00,
    0xE0, 0x00, 0x0F, 0x80, 0x00, 0x7E, 0x00, 0x00, 0xF0, 0x00, 0x03, 0x80, 0x00, 0x18, 0x40, 0x00,
    0xC4, 0x00, 0x0C, 0x60, 0x01, 0xC7, 0xFF, 0xF8, 0x3F, 0xFF, 0x01, 0xFF, 0xC0, 0x00, 0x00, 0x00,
    0x00, 0x00, 0x18, 0x00, 0x00, 0x03, 0xC0, 0x00, 0x00, 0x3C, 0x00, 0x00, 0x03, 0xC0, 0x00, 0x00,
    0x38, 0x00, 0x00, 0x03, 0x00, 0x00, 0x00, 0x10, 0x00, 0x00, 0x00, 0xFF, 0xFF, 0x00, 0x07, 0xFF,
    0xFF, 0x00, 0x1F, 0xFF, 0xFC, 0x00, 0x00, 0x00, 0x70, 0x00, 0x00, 0x01, 0xBF, 0xFF, 0xFF, 0xFD,
    0xFF, 0xFF, 0xFF, 0xC7, 0xFF, 0xFF, 0xFC, 0x00, 0x00, 0x00, 0x00, 0x0E, 0x00, 0x03, 0xE0, 0x00,
    0xFC, 0x00, 0x3F, 0x80, 0x0F, 0xD8, 0x00, 0xE5, 0x80, 0x0C, 0x70, 0x00, 0xF0, 0x00, 0x0F, 0xC0,
    0x00, 0x1E, 0x00, 0x00, 0x70, 0x00, 0x03, 0x80, 0x00, 0x18, 0x40, 0x00, 0xC4, 0x00, 0x0C, 0x60,
    0x03, 0xC7, 0xFF, 0xF8, 0x3F, 0xFF, 0x01, 0xFF, 0xC0, 0x00, 0x00, 0x00, 0x60, 0x01, 0x81, 0x8E,
    0x0F, 0x38, 0x18, 0x60, 0x01, 0x80, 0x06, 0x00, 0x18, 0x0C, 0x60, 0x41, 0xC3, 0x03, 0x07, 0x0C,
    0x04, 0x30, 0xE0, 0xC0, 0x03, 0x00, 0x0C, 0x00, 0x1F, 0xFF, 0xFF, 0xFF, 0xFF, 0xF8, 0x00, 0x00,
    0x00, 0x60, 0x01, 0x80, 0x0E, 0x06, 0x38, 0x18, 0x60, 0x99, 0x83, 0x66, 0x00, 0x18, 0x0C, 0x60,
    0x41, 0xC3, 0x03, 0x07, 0x0C, 0x04, 0x30, 0xE0, 0xC0, 0x03, 0x00, 0x0C, 0x00, 0x1F, 0xFF, 0xFF,
    0xFF, 0xFF, 0xF8, 0x00, 0x00, 0x00, 0x60, 0x01, 0x80, 0x0E, 0x00, 0x38, 0x00, 0x60, 0x01, 0x80,
    0x06, 0x00, 0x18, 0x0C, 0x60, 0x41, 0xC3, 0x03, 0x07, 0x0C, 0x04, 0x30, 0xE0, 0xC0, 0x03, 0x00,
    0x0C, 0x00, 0x1F, 0xFF, 0xFF, 0xFF, 0xFF, 0xF8, 0x00, 0x00, 0x04, 0x01, 0x38, 0x0E, 0xE0, 0x15,
    0x00, 0x38, 0x00, 0x40, 0x00, 0x00, 0x00, 0x00, 0x60, 0x00, 0x1E, 0x00, 0x07, 0x80, 0x01, 0xE6,
    0x00, 0x79, 0xE0, 0x1E, 0x7E, 0x01, 0x9F, 0x80, 0x07, 0xC0, 0x00, 0xF0, 0x00, 0x0C, 0x00, 0x00,
    0xE0, 0x00, 0x0F, 0x80, 0x00, 0x7E, 0x00, 0x00, 0xF0, 0x00, 0x03, 0x80, 0x00, 0x18, 0x40, 0x00,
    0xC4, 0x00, 0x0C, 0x60, 0x01, 0xC7, 0xFF, 0xF8, 0x3F, 0xFF, 0x01, 0xFF, 0xC0, 0x00, 0x00, 0x00,
    0x00, 0x06, 0x00, 0x01, 0xE0, 0x00, 0x78, 0x00, 0x3E, 0xE0, 0x0F, 0x3E, 0x01, 0xCF, 0xC0, 0x13,
    0xF8, 0x00, 0xFD, 0x80, 0x0E, 0x58, 0x00, 0xC7, 0x00, 0x0F, 0x00, 0x00, 0xFC, 0x00, 0x01, 0xE0,
    0x00, 0x07, 0x00, 0x00, 0x38, 0x00, 0x01, 0x84, 0x00, 0x0C, 0x40, 0x00, 0xC6, 0x00, 0x3C, 0x7F,
    0xFF, 0x83, 0xFF, 0xF0, 0x1F, 0xFC, 0x00, 0x00, 0x00, 0x00, 0x03, 0x06, 0x00, 0xF1, 0xE0, 0x0C,
    0x78, 0x00, 0x1E, 0x60, 0x07, 0x9E, 0x01, 0xE7, 0xE0, 0x19, 0xF8, 0x00, 0x7C, 0x00, 0x0F, 0x00,
    0x00, 0xC0, 0x00, 0x0E, 0x00, 0x00, 0xF8, 0x00, 0x07, 0xE0, 0x00, 0x0F, 0x00, 0x00, 0x38, 0x00,
    0x01, 0x84, 0x00, 0x0C, 0x40, 0x00, 0xC6, 0x00, 0x1C, 0x7F, 0xFF, 0x83, 0xFF, 0xF0, 0x1F, 0xFC,
    0x00, 0x00, 0x00, 0x60, 0x00, 0x1E, 0x00, 0x07, 0x80, 0x01, 0xE6, 0x00, 0x79, 0xE0, 0x1E, 0x7E,
    0x01, 0x9F, 0x80, 0x07, 0xC0, 0x00, 0xF0, 0x00, 0x0C, 0x00, 0x00, 0xE0, 0x00, 0x0F, 0x80, 0x00,
    0x7E, 0x00, 0x00, 0xF0, 0x00, 0x03, 0x80, 0x00, 0x18, 0x40, 0x00, 0xC4, 0x00, 0x0C, 0x60, 0x01,
    0xC7, 0xFF, 0xF8, 0x3F, 0xFF, 0x01, 0xFF, 0xC0, 0x00, 0x00, 0x00, 0x00, 0x00, 0x00, 0x66, 0x00,
    0x0F, 0x70, 0x00, 0xE6, 0x00, 0x00, 0x00, 0x00, 0x00, 0x60, 0x00, 0x1E, 0x00, 0x07, 0x80, 0x01,
    0xE6, 0x00, 0x79, 0xE0, 0x1E, 0x7E, 0x01, 0x9F, 0x80, 0x07, 0xC0, 0x00, 0xF0, 0x00, 0x0C, 0x00,
    0x00, 0xE0, 0x00, 0x0F, 0x80, 0x00, 0x7E, 0x00, 0x00, 0xF0, 0x00, 0x03, 0x80, 0x00, 0x18, 0x40,
    0x00, 0xC4, 0x00, 0x0C, 0x60, 0x01, 0xC7, 0xFF, 0xF8, 0x3F, 0xFF, 0x01, 0xFF, 0xC0, 0x00, 0x00,
    0x00, 0x00, 0x00, 0x00, 0x18, 0x00, 0x01, 0x80, 0x00, 0x00, 0x00, 0x00, 0x80, 0x00, 0x1C, 0x00,
    0x01, 0x80, 0x00, 0x00, 0x00, 0x00, 0x40, 0x00, 0x06, 0x00, 0x00, 0x58, 0x60, 0x0D, 0x9E, 0x00,
    0xC7, 0x80, 0x01, 0xE6, 0x00, 0x79, 0xE0, 0x1E, 0x7E, 0x01, 0x9F, 0x80, 0x07, 0xC0, 0x00, 0xF0,
    0x00, 0x0C, 0x00, 0x00, 0xE0, 0x00, 0x0F, 0x80, 0x00, 0x7E, 0x00, 0x00, 0xF0, 0x00, 0x03, 0x80,
    0x00, 0x18, 0x40, 0x00, 0xC4, 0x00, 0x0C, 0x60, 0x01, 0xC7, 0xFF, 0xF8, 0x3F, 0xFF, 0x01, 0xFF,
    0xC0, 0x00, 0x00, 0x01, 0x88, 0x01, 0xB0, 0x03, 0xC0, 0x03, 0x80, 0x06, 0x00, 0x00, 0x00, 0x0C,
    0x00, 0x38, 0x00, 0x70, 0x00, 0xE0, 0x01, 0xC0, 0x03, 0x80, 0x03, 0x00, 0x06, 0x00, 0x0C, 0x00,
    0x18, 0x00, 0x38, 0x00, 0x70, 0x00, 0x60, 0x00, 0xC0, 0x01, 0x80, 0x03, 0x00, 0x06, 0x00, 0x0C,
    0x80, 0x09, 0x00, 0x12, 0x00, 0x24, 0x00, 0x4C, 0x01, 0x98, 0x0E, 0x3F, 0xF8, 0x3F, 0xE0, 0x3F,
    0x00, 0x00, 0x00, 0x00, 0x60, 0x01, 0xE0, 0x01, 0x80, 0x00, 0x00, 0x00, 0x00, 0x06, 0x00, 0x1C,
    0x00, 0x38, 0x00, 0x70, 0x00, 0xE0, 0x01, 0xC0, 0x01, 0x80, 0x03, 0x00, 0x06, 0x00, 0x0C, 0x00,
    0x1C, 0x00, 0x38, 0x00, 0x30, 0x00, 0x60, 0x00, 0xC0, 0x01, 0x80, 0x03, 0x00, 0x06, 0x40, 0x04,
    0x80, 0x09, 0x00, 0x12, 0x00, 0x26, 0x00, 0xCC, 0x07, 0x1F, 0xFC, 0x1F, 0xF0, 0x1F, 0x80, 0x00,
    0x10, 0x00, 0x38, 0x00, 0x34, 0x00, 0xCE, 0x00, 0xEE, 0x00, 0x44, 0x00, 0x00, 0x00, 0x18, 0x00,
    0x38, 0x00, 0x38, 0x00, 0x38, 0x00, 0x38, 0x00, 0x38, 0x00, 0x18, 0x00, 0x18, 0x00, 0x18, 0x00,
    0x18, 0x00, 0x1C, 0x00, 0x1C, 0x00, 0x0C, 0x00, 0x0C, 0x00, 0x0C, 0x00, 0x0C, 0x00, 0x0C, 0x00,
    0x0C, 0x40, 0x04, 0x40, 0x04, 0x40, 0x04, 0x40, 0x04, 0x60, 0x0C, 0x60, 0x38, 0x7F, 0xF0, 0x3F,
    0xE0, 0x1F, 0x80, 0x00, 0x00, 0x00, 0x30, 0x00, 0xE0, 0x01, 0xC0, 0x03, 0x80, 0x07, 0x00, 0x0E,
    0x00, 0x0C, 0x00, 0x18, 0x00, 0x30, 0x00, 0x60, 0x00, 0xE0, 0x01, 0xC0, 0x01, 0x80, 0x03, 0x00,
    0x06, 0x00, 0x0C, 0x00, 0x18, 0x00, 0x32, 0x00, 0x24, 0x00, 0x48, 0x00, 0x90, 0x01, 0x30, 0x06,
    0x60, 0x38, 0xFF, 0xE0, 0xFF, 0x80, 0xFC, 0x00, 0x00, 0x01, 0x18, 0x07, 0x70, 0x06, 0x60, 0x03,
    0x00, 0x06, 0x00, 0x00, 0x00, 0x00, 0x00, 0x06, 0x00, 0x1C, 0x00, 0x38, 0x00, 0x00, 0x00, 0x01,
    0x00, 0x07, 0x00, 0x0E, 0x00, 0x1C, 0x00, 0x19, 0x00, 0x32, 0x00, 0x64, 0x00, 0x48, 0x00, 0x98,
    0x03, 0x30, 0x1C, 0x7F, 0xF0, 0x7F, 0xC0, 0x7E, 0x00, 0x00, 0x00, 0x00, 0x00, 0xE0, 0x01, 0xC0,
    0x03, 0x80, 0x00, 0x00, 0x00, 0x00, 0x00, 0x10, 0x00, 0x70, 0x00, 0xE0, 0x01, 0xC0, 0x01, 0x90,
    0x03, 0x20, 0x06, 0x40, 0x04, 0x80, 0x09, 0x80, 0x33, 0x01, 0xC7, 0xFF, 0x07, 0xFC, 0x07, 0xE0,
    0x00, 0x04, 0x00, 0x08, 0x00, 0x1F, 0x00, 0x36, 0x00, 0xFC, 0x00, 0x00, 0x00, 0x02, 0x00, 0x0E,
    0x00, 0x1C, 0x00, 0x38, 0x00, 0x32, 0x00, 0x64, 0x00, 0xC8, 0x00, 0x90, 0x01, 0x30, 0x06, 0x60,
    0x38, 0xFF, 0xE0, 0xFF, 0x80, 0xFC, 0x00, 0x00, 0x00, 0x04, 0x00, 0x1C, 0x00, 0x38, 0x00, 0x20,
    0x00, 0x00, 0x00, 0x02, 0x00, 0x0E, 0x00, 0x1C, 0x00, 0x39, 0x00, 0x32, 0x00, 0x64, 0x00, 0x48,
    0x00, 0x98, 0x03, 0x30, 0x0C, 0x70, 0x78, 0x7F, 0xE0, 0x7F, 0x00, 0x78, 0x00, 0xB0, 0x01, 0xE0,
    0x00, 0x02, 0x00, 0x0E, 0x00, 0x0C, 0x00, 0x66, 0x01, 0xCC, 0x01, 0x00, 0x00, 0x02, 0x00, 0x0E,
    0x00, 0x1C, 0x00, 0x38, 0x00, 0x32, 0x00, 0x64, 0x00, 0xC8, 0x00, 0x90, 0x01, 0x30, 0x06, 0x60,
    0x38, 0xFF, 0xE0, 0xFF, 0x80, 0xFC, 0x00, 0x00, 0x00, 0x00, 0x38, 0x00, 0x1F, 0x80, 0x0F, 0xF0,
    0x03, 0x3E, 0x01, 0x8D, 0xC0, 0x61, 0x30, 0x18, 0xC6, 0x03, 0x31, 0x80, 0xF8, 0x67, 0xFF, 0x89,
    0xFF, 0xFE, 0x3F, 0x1F, 0x00, 0x00, 0x00, 0x00, 0x00, 0x00, 0x30, 0x00, 0x1E, 0x00, 0x07, 0x00,
    0x00, 0x00, 0x00, 0x00, 0x00, 0x80, 0x01, 0xFF, 0x00, 0x7F, 0xFF, 0x18, 0x7F, 0xC0, 0x0F, 0xF0,
    0x0F, 0xC0, 0x07, 0x80, 0x03, 0x80, 0x01, 0xC0, 0x00, 0xE0, 0x00, 0x31, 0x98, 0x08, 0xE6, 0x02,
    0x1E, 0x00, 0x81, 0x80, 0x20, 0x60, 0x0C, 0x00, 0x03, 0x80, 0x00, 0x7F, 0xFE, 0x0F, 0xFF, 0x00,
    0xFE, 0x00, 0x1C, 0x0D, 0x02, 0x00, 0xF0, 0x38, 0x08, 0x01, 0x80, 0x70, 0x1E, 0x07, 0xC2, 0x79,
    0x8E, 0x41, 0x90, 0x64, 0x19, 0xDE, 0x7F, 0x0F, 0x80, 0x18, 0x07, 0x01, 0xE0, 0x7C, 0x23, 0x98,
    0xE4, 0x19, 0x06, 0x61, 0x9F, 0xE7, 0xF0, 0xF8, 0x1C, 0x0D, 0x02, 0x00, 0xF0, 0x38, 0x08, 0x01,
    0x80, 0x70, 0x1E, 0x07, 0xC2, 0x79, 0x8E, 0x41, 0x90, 0x64, 0x19, 0xDE, 0x7F, 0x0F, 0x80, 0x00,
    0x19, 0xCF, 0x71, 0x98, 0x00, 0x00, 0x01, 0x80, 0x70, 0x1E, 0x07, 0xC2, 0x39, 0x8E, 0x41, 0x90,
    0x66, 0x19, 0xFE, 0x7F, 0x0F, 0x80, 0x07, 0x80, 0xFC, 0x0F, 0xC1, 0x86, 0x10, 0x61, 0x03, 0x18,
    0x31, 0xFF, 0x1F, 0xF0, 0xFB, 0x00, 0x20, 0x06, 0x1C, 0x61, 0x6C, 0x57, 0x87, 0xF0, 0x3E, 0x00,
    0x03, 0x80, 0x3E, 0x01, 0xF8, 0x18, 0xE0, 0x83, 0x04, 0x18, 0x30, 0x41, 0xFE, 0x0F, 0xF0, 0x3E,
    0x80, 0x0C, 0x0F, 0xE0, 0x1E, 0x00, 0x71, 0xFF, 0x0F, 0xF0, 0x1F, 0x00, 0x08, 0x80, 0xC8, 0x07,
    0x80, 0x70, 0x07, 0x00, 0x00, 0x00, 0x00, 0x70, 0x0F, 0x80, 0xFC, 0x18, 0xE1, 0x06, 0x10, 0x61,
    0x82, 0x1F, 0xE1, 0xFE, 0x0F, 0xA0, 0x06, 0x00, 0x60, 0x1C, 0xFF, 0x87, 0xF8, 0x1E, 0x00, 0x03,
    0x80, 0x38, 0x01, 0x80, 0x18, 0x01, 0x00, 0x20, 0x00, 0x00, 0x00, 0x07, 0x00, 0xF8, 0x0F, 0xC1,
    0x8E, 0x10, 0x61, 0x02, 0x18, 0x21, 0xFE, 0x1F, 0xE0, 0xFA, 0x00, 0x60, 0x06, 0x01, 0xCF, 0xF8,
    0x7F, 0x81, 0xE0, 0x00, 0x00, 0x30, 0x03, 0x00, 0x30, 0x03, 0x00, 0x30, 0x03, 0x00, 0x00, 0x00,
    0x00, 0x00, 0x00, 0x00, 0x00, 0x00, 0x00, 0x00, 0x07, 0x00, 0xF8, 0x0F, 0xC1, 0x8E, 0x10, 0x61,
    0x06, 0x18, 0x21, 0xFE, 0x1F, 0xE0, 0xFA, 0x00, 0x60, 0x06, 0x01, 0xCF, 0xF8, 0x7F, 0x81, 0xE0,
    0x00, 0x00, 0x30, 0x07, 0x00, 0x58, 0x04, 0x80, 0x00, 0x00, 0x00, 0x70, 0x0F, 0x80, 0xFC, 0x18,
    0xE1, 0x06, 0x10, 0x61, 0x82, 0x1F, 0xE1, 0xFE, 0x0F, 0xA0, 0x06, 0x00, 0x60, 0x1C, 0xFF, 0x87,
    0xF8, 0x1E, 0x00, 0x00, 0x00, 0x8C, 0x1D, 0xC1, 0xCC, 0x08, 0x00, 0x00, 0x07, 0x00, 0xF8, 0x0F,
    0xC1, 0x8E, 0x10, 0x61, 0x06, 0x18, 0x21, 0xFE, 0x1F, 0xE0, 0xFA, 0x00, 0x60, 0x06, 0x01, 0xCF,
    0xF8, 0x7F, 0x81, 0xE0, 0x00, 0x00, 0x20, 0x07, 0x00, 0x38, 0x0D, 0xC1, 0xCC, 0x08, 0x00, 0x00,
    0x07, 0x00, 0xF8, 0x0F, 0xC1, 0x8E, 0x10, 0x61, 0x06, 0x18, 0x21, 0xFE, 0x1F, 0xE0, 0xFA, 0x00,
    0x60, 0x06, 0x01, 0xCF, 0xF8, 0x7F, 0x81, 0xE0, 0x00, 0x04, 0x00, 0x1E, 0x00, 0x3F, 0x00, 0x78,
    0x00, 0x60, 0x00, 0xC0, 0x00, 0xC0, 0x00, 0x80, 0x00, 0xC0, 0x40, 0xFC, 0x40, 0x7F, 0x40, 0x1F,
    0x40, 0x03, 0x60, 0x06, 0x60, 0x1C, 0x7F, 0xF8, 0x3F, 0xF0, 0x1F, 0x80, 0x00, 0x00, 0x40, 0x00,
    0x1E, 0x00, 0x03, 0xF0, 0x00, 0x78, 0x00, 0x06, 0x00, 0x00, 0xC0, 0x00, 0x0C, 0x00, 0x00, 0x80,
    0x00, 0x0C, 0x00, 0xC0, 0xFC, 0x3C, 0x07, 0xF7, 0xC0, 0x1F, 0xC4, 0x00, 0x30, 0x60, 0x06, 0x06,
    0x01, 0xC0, 0x7F, 0xF8, 0x03, 0xFF, 0x00, 0x1F, 0x80, 0x00, 0x02, 0x00, 0x07, 0x99, 0x87, 0xEE,
    0x87, 0x83, 0xC3, 0x00, 0xC3, 0x00, 0x61, 0x80, 0x00, 0x80, 0x00, 0x60, 0x10, 0x3F, 0x08, 0x0F,
    0xE4, 0x01, 0xF2, 0x00, 0x19, 0x80, 0x18, 0xC0, 0x38, 0x7F, 0xF8, 0x1F, 0xF8, 0x07, 0xE0, 0x00,
    0x02, 0x00, 0x70, 0x07, 0x00, 0x30, 0x00, 0x00, 0x00, 0x07, 0x00, 0xF8, 0x0F, 0xC1, 0x8E, 0x10,
    0x61, 0x06, 0x18, 0x21, 0xFE, 0x1F, 0xE0, 0xFA, 0x00, 0x60, 0x06, 0x01, 0xCF, 0xF8, 0x7F, 0x81,
    0xE0, 0x00, 0x04, 0x00, 0x1E, 0x00, 0x3F, 0x00, 0x78, 0x00, 0x60, 0x00, 0xC0, 0x00, 0xC0, 0x00,
    0x80, 0x00, 0xC0, 0x40, 0xFC, 0x40, 0x7F, 0x40, 0x1F, 0x40, 0x03, 0x60, 0x06, 0x60, 0x1C, 0x7F,
    0xF8, 0x3F, 0xF0, 0x1F, 0x80, 0x00, 0x00, 0x03, 0x00, 0x07, 0x00, 0x02, 0x00, 0x01, 0x00, 0x03,
    0x80, 0x03, 0x00, 0x00, 0x00, 0x00, 0x04, 0x00, 0x1E, 0x00, 0x3F, 0x00, 0x78, 0x00, 0x60, 0x00,
    0xC0, 0x00, 0xC0, 0x00, 0x80, 0x00, 0xC0, 0x40, 0xFC, 0x40, 0x7F, 0x40, 0x1F, 0x40, 0x03, 0x60,
    0x06, 0x60, 0x1C, 0x7F, 0xF8, 0x3F, 0xF0, 0x1F, 0x80, 0x00, 0x00, 0x0C, 0xC0, 0x1E, 0xE0, 0x0C,
    0x40, 0x03, 0x00, 0x03, 0x00, 0x00, 0x00, 0x00, 0x00, 0x00, 0x18, 0x00, 0x03, 0x80, 0x01, 0xF0,
    0x00, 0x38, 0x00, 0x06, 0x00, 0x00, 0xC0, 0x00, 0x3F, 0xFF, 0xFF, 0xFF, 0xFF, 0xE3, 0xFF, 0xF8,
    0x0E, 0x00, 0x00, 0xD0, 0x00, 0x04, 0x00, 0x00, 0x3C, 0x00, 0x01, 0xC0, 0x00, 0x08, 0x00, 0x00,
    0x02, 0x00, 0x00, 0x70, 0x00, 0x0F, 0x00, 0x01, 0xF0, 0x00, 0x1C, 0x00, 0x01, 0x80, 0x00, 0x0F,
    0xC0, 0x3F, 0xFF, 0xFF, 0xF8, 0xFF, 0xFF, 0x00, 0x3C, 0xF9, 0xF0, 0x18, 0x07, 0x01, 0xE0, 0x7C,
    0x23, 0x98, 0xE4, 0x19, 0x06, 0x61, 0x9F, 0xE7, 0xF0, 0xF8, 0x00, 0x00, 0x08, 0x00, 0x10, 0x00,
    0x20, 0x00, 0x41, 0xC0, 0x86, 0x41, 0x39, 0x9F, 0xFE, 0x40, 0x01, 0xFE, 0x00, 0x00, 0x00, 0xA8,
    0x10, 0x02, 0xE0, 0x56, 0x0B, 0xC1, 0x19, 0xFE, 0x40, 0x0F, 0xC0, 0x04, 0x0E, 0x12, 0x1E, 0x30,
    0x80, 0x04, 0x19, 0x31, 0x20, 0xC1, 0x04, 0x1E, 0xFE, 0x18, 0x60, 0x48, 0x40, 0x60, 0x3E, 0x00,
    0xC2, 0x16, 0xD8, 0x00, 0x00, 0x00, 0x0C, 0x16, 0xA3, 0xE4, 0x40, 0xD0, 0x1E, 0x00, 0x00, 0x00,
    0x00, 0x00, 0x00, 0x00, 0xC0, 0x00, 0x00, 0x01, 0xF8, 0x00, 0x00, 0x07, 0xCF, 0xC0, 0x00, 0x0E,
    0x62, 0x78, 0x00, 0x1C, 0x73, 0x87, 0x00, 0x18, 0xFF, 0xF8, 0xC0, 0x19, 0xC0, 0x07, 0x70, 0x1F,
    0x80, 0x00, 0xFC, 0x1F, 0x80, 0x00, 0x3F, 0x1E, 0x00, 0x00, 0x07, 0xC7, 0x00, 0x00, 0x01, 0xE3,
    0x00, 0x00, 0x00, 0x73, 0x00, 0x00, 0x00, 0x39, 0x80, 0x00, 0x00, 0x0D, 0xC0, 0x00, 0x00, 0x07,
    0xC0, 0x00, 0x00, 0x01, 0xE0, 0x00, 0x00, 0x00, 0xF0, 0x00, 0x00, 0x00, 0x78, 0x00, 0x00, 0x00,
    0x3C, 0x00, 0x00, 0x00, 0x1E, 0x00, 0x00, 0x00, 0x0F, 0x00, 0x00, 0x00, 0x0F, 0xC0, 0x00, 0x00,
    0x07, 0x60, 0x00, 0x00, 0x03, 0x30, 0x00, 0x00, 0x03, 0x9C, 0x00, 0x00, 0x01, 0xC7, 0x00, 0x00,
    0x01, 0xE7, 0xC0, 0x00, 0x01, 0xF1, 0xF8, 0x00, 0x03, 0xF0, 0x7E, 0x00, 0x03, 0xF0, 0x19, 0x80,
    0x07, 0x78, 0x06, 0x79, 0xCE, 0x38, 0x01, 0x87, 0xFC, 0x70, 0x00, 0x71, 0x88, 0xF0, 0x00, 0x0F,
    0xCF, 0xE0, 0x00, 0x00, 0xFF, 0x80, 0x00, 0x00, 0x0E, 0x00, 0x00, 0x00, 0x02, 0x00, 0x00, 0x00,
    0x00, 0x00, 0x00, 0x07, 0x00, 0x00, 0x03, 0x20, 0x00, 0x01, 0x86, 0x00, 0x0F, 0xFF, 0xFC, 0x02,
    0x60, 0x11, 0x00, 0xB0, 0x02, 0x40, 0x38, 0x00, 0x70, 0x0C, 0x00, 0x0C, 0x06, 0x00, 0x01, 0x83,
    0x81, 0xE0, 0x71, 0xA0, 0xCC, 0x16, 0xC8, 0x21, 0x04, 0xB2, 0x08, 0x41, 0x26, 0x83, 0x30, 0x58,
    0xE0, 0x78, 0x1C, 0x18, 0x00, 0x06, 0x03, 0x00, 0x03, 0x00, 0xE0, 0x01, 0xC0, 0x2C, 0x00, 0x90,
    0x09, 0x80, 0x44, 0x03, 0xFF, 0xFF, 0x00, 0x06, 0x18, 0x00, 0x00, 0xC8, 0x00, 0x00, 0x1C, 0x00,
    0x00, 0x02, 0x00, 0x00, 0x71, 0x65, 0x9C, 0x71, 0x64, 0x96, 0x70, 0x10, 0xF7, 0x82, 0x71, 0x80,
    0x61, 0xBD, 0x08, 0x42, 0x00, 0x00, 0x00, 0x0C, 0x16, 0xA3, 0xE4, 0x40, 0xD0, 0x1E, 0x00, 0x00,
    0x3F, 0xD7, 0xC0, 0x72, 0xD6, 0xF1, 0x78, 0x00, 0x18, 0x10, 0x0F, 0xE0, 0x00, 0x60, 0x80, 0xFE,
    0x00, 0x40, 0xD3, 0x45, 0x37, 0x80, 0x00, 0x00, 0x03, 0x00, 0x09, 0x00, 0x2D, 0x00, 0xA5, 0x02,
    0xB5, 0x0A, 0x9D, 0x2E, 0x1D, 0x2E, 0x74, 0x2C, 0xD0, 0x79, 0xC0, 0x73, 0x80, 0xE7, 0x01, 0xCE,
    0x03, 0x9C, 0x07, 0x38, 0x0E, 0x70, 0x1F, 0xE0, 0x7F, 0xE1, 0x80, 0x67, 0xFF, 0xC0, 0x4A, 0xA4,
    0x06, 0x96, 0x00, 0x6F, 0xF6, 0x61, 0xBD, 0x08, 0x42, 0x00, 0x04, 0x03, 0x80, 0xB0, 0x6C, 0x11,
    0x00, 0x00, 0x00, 0x0C, 0x07, 0x00, 0xE0, 0x38, 0x06, 0x01, 0xC0, 0x30, 0x0F, 0xFF, 0xFF, 0x9F,
    0xC0, 0x01, 0x00, 0x70, 0x1E, 0x02, 0x60, 0x44, 0x00, 0x00, 0x20, 0x0C, 0x01, 0xC0, 0x38, 0x03,
    0x00, 0x70, 0x06, 0x00, 0xC0, 0x08, 0x03, 0x00, 0x60, 0x18, 0x07, 0x3F, 0xC7, 0xF0, 0x7C, 0x00,
    0x01, 0x1F, 0xF7, 0x08, 0x01, 0x86, 0x1C, 0x70, 0xC3, 0x86, 0x18, 0x61, 0x86, 0x08, 0x20, 0x82,
    0x08, 0x00, 0x20, 0x70, 0x7C, 0x3F, 0xFB, 0xF9, 0xF8, 0x60, 0x30, 0x1C, 0x06, 0x03, 0x01, 0x80,
    0xC0, 0x60, 0x30, 0x18, 0x00, 0x00, 0x00, 0x06, 0x12, 0x61, 0x27, 0x3E, 0x7F, 0xE3, 0xFC, 0x3E,
    0x03, 0x80, 0x18, 0x01, 0x80, 0x18, 0x01, 0x80, 0x18, 0x01, 0x80, 0x08, 0x00, 0x80, 0x08, 0x00,
    0x00, 0x00, 0x06, 0x38, 0x67, 0xC6, 0x64, 0x74, 0x03, 0xFE, 0x3F, 0xE3, 0xFC, 0x18, 0x01, 0x80,
    0x18, 0x01, 0x80, 0x18, 0x01, 0x80, 0x08, 0x00, 0x80, 0x08, 0x00, 0x80, 0x08, 0x00, 0xC0, 0x0E,
    0x00, 0xF0, 0x1F, 0x81, 0xB8, 0x31, 0xC2, 0x0C, 0x60, 0xE6, 0x06, 0x40, 0x64, 0x06, 0x46, 0x26,
    0x66, 0x7F, 0xE7, 0xFC, 0x3B, 0x80, 0x00, 0x07, 0xE0, 0xFE, 0x30, 0x84, 0x00, 0xC0, 0x18, 0x3B,
    0xFE, 0x3F, 0x83, 0xE0, 0x78, 0x0E, 0x03, 0x80, 0xE0, 0x18, 0x02, 0x00, 0x40, 0x00, 0x00, 0x00,
    0x06, 0x01, 0xB8, 0x0D, 0xC0, 0xE7, 0x06, 0x38, 0x30, 0xC3, 0x87, 0x18, 0x18, 0xC0, 0xCC, 0x07,
    0x60, 0x1B, 0x00, 0xF0, 0x07, 0x80, 0x1C, 0x00, 0xC0, 0x06, 0x00, 0x00, 0x00, 0x18, 0x01, 0xC0,
    0x0E, 0x00, 0x78, 0x02, 0xC0, 0x36, 0x01, 0xB8, 0x08, 0xC0, 0xC7, 0x06, 0x38, 0x60, 0xE3, 0x07,
    0x38, 0x1D, 0x80, 0xEC, 0x03, 0x00, 0x10, 0x00, 0x03, 0xC0, 0xFC, 0x33, 0x84, 0x30, 0xC2, 0x1F,
    0xC3, 0xF8, 0x3F, 0x00, 0x20, 0x06, 0x00, 0xC0, 0x18, 0x03, 0x00, 0x70, 0x06, 0x00, 0xC0, 0x00,
    0x00, 0x00, 0x00, 0x00, 0x00, 0x02, 0x00, 0x00, 0x00, 0xE0, 0x00, 0x00, 0x0A, 0x00, 0x00, 0x0E,
    0xE0, 0x00, 0x01, 0xCC, 0x00, 0x00, 0x10, 0x10, 0x00, 0x00, 0x06, 0x00, 0x00, 0x08, 0xC0, 0x00,
    0x01, 0x18, 0x00, 0x20, 0x63, 0x80, 0x0E, 0x0C, 0x30, 0x01, 0xC3, 0x86, 0x00, 0x3F, 0xFF, 0xD0,
    0x03, 0xFF, 0xF2, 0x00, 0x7F, 0x3E, 0x40, 0x04, 0x00, 0x08, 0x00, 0x80, 0x01, 0x80, 0x30, 0x60,
    0x30, 0x0C, 0x1E, 0x07, 0x07, 0x83, 0x80, 0x7F, 0xE0, 0x20, 0x07, 0xF0, 0x00, 0x00, 0x20, 0x00,
    0x00, 0x00, 0x00, 0x00, 0x00, 0x00, 0x00, 0x60, 0x00, 0x00, 0x03, 0xC0, 0x00, 0x00, 0x0E, 0x00,
    0x00, 0x00, 0x10, 0x00, 0x00, 0x00, 0x00, 0x00, 0x00, 0x00, 0x00, 0x00, 0x00, 0x00, 0x00, 0x00,
    0x00, 0x07, 0xE0, 0x00, 0x00, 0x7F, 0xC0, 0x00, 0x03, 0xC7, 0x80, 0x00, 0x1C, 0x0E, 0x00, 0x0C,
    0xE0, 0x18, 0x00, 0x77, 0x00, 0x60, 0x01, 0xF8, 0x07, 0x80, 0x07, 0xFF, 0xFC, 0x40, 0x0F, 0xFF,
    0xC1, 0x00, 0x3F, 0xFC, 0x04, 0x00, 0x40, 0x00, 0x10, 0x01, 0x00, 0x00, 0x60, 0x0C, 0x04, 0x01,
    0x80, 0x60, 0x38, 0x07, 0x07, 0x80, 0xE0, 0x0F, 0xFC, 0x01, 0x00, 0x1F, 0xC0, 0x00, 0x00, 0x10,
    0x00, 0x00, 0x00, 0x00, 0x00, 0x01, 0x00, 0x00, 0xE0, 0x00, 0x38, 0x00, 0x04, 0x00, 0x00, 0x00,
    0x00, 0x00, 0x00, 0x3C, 0x00, 0x3F, 0x80, 0x0F, 0xE0, 0x04, 0x00, 0x01, 0x00, 0x00, 0x60, 0x00,
    0x1C, 0x1C, 0x07, 0xDF, 0x00, 0xFF, 0x80, 0x1F, 0x00, 0x03, 0x00, 0x01, 0x80, 0x00, 0xC1, 0x00,
    0x30, 0xE0, 0x08, 0x38, 0x02, 0x0C, 0x00, 0x80, 0x00, 0x30, 0x00, 0x0E, 0x00, 0x01, 0xFF, 0xF8,
    0x3F, 0xFC, 0x03, 0xF8, 0x00, 0x00, 0x00, 0xF0, 0x1F, 0x83, 0x98, 0x30, 0x03, 0x00, 0x38, 0xE1,
    0xFF, 0x7F, 0xE7, 0x80, 0x00, 0x00, 0x00, 0x01, 0x00, 0xF0, 0x0D, 0x00, 0x50, 0x01, 0x00, 0x00,
    0x00, 0x00, 0xF0, 0x1F, 0x83, 0x3C, 0x21, 0xE0, 0x0F, 0x03, 0xF7, 0xFE, 0x7F, 0xE7, 0x00, 0xC0,
    0x0C, 0x00, 0x43, 0x84, 0x28, 0x62, 0x86, 0x28, 0x60, 0x06, 0x00, 0x60, 0x00, 0x00, 0x00, 0xC0,
    0x00, 0x30, 0x00, 0x16, 0x00, 0x05, 0x80, 0x01, 0x20, 0x00, 0x00, 0x00, 0x00, 0x00, 0x03, 0x00,
    0x00, 0xF0, 0x00, 0x7E, 0x00, 0x3F, 0xC0, 0x0C, 0xF8, 0x06, 0x37, 0x01, 0x84, 0xE0, 0x63, 0x18,
    0x0C, 0xC6, 0x03, 0xE1, 0x9F, 0xFE, 0x27, 0xFF, 0xF8, 0xFC, 0x7C, 0x00, 0x00, 0x00, 0x00, 0x00,
    0x20, 0x00, 0x06, 0x00, 0x00, 0x60, 0x00, 0x06, 0x40, 0x00, 0x74, 0x00, 0x03, 0x40, 0x00, 0x36,
    0x00, 0x03, 0x70, 0x01, 0xE7, 0xFF, 0xFE, 0x3F, 0xFF, 0x80, 0xFF, 0xC0, 0x00, 0x00, 0x00, 0x00,
    0x00, 0x00, 0x4C, 0x00, 0x36, 0xC0, 0x02, 0x40, 0x00, 0x00, 0x00, 0x00, 0x40, 0x00, 0x0E, 0x00,
    0x00, 0xD0, 0x00, 0x33, 0x82, 0x03, 0xB8, 0x60, 0x11, 0x06, 0x00, 0x00, 0x64, 0x00, 0x07, 0x40,
    0x00, 0x34, 0x00, 0x03, 0x60, 0x00, 0x37, 0x00, 0x1E, 0x7F, 0xFF, 0xE3, 0xFF, 0xF8, 0x0F, 0xFC,
    0x00, 0x00, 0x00, 0x00, 0x00, 0x00, 0x04, 0x00, 0x00, 0xE0, 0x00, 0x0E, 0x00, 0x00, 0x40, 0x00,
    0x00, 0x00, 0x00, 0x00, 0x20, 0x00, 0x06, 0x00, 0x00, 0x60, 0x00, 0x06, 0x40, 0x00, 0x74, 0x00,
    0x03, 0x40, 0x00, 0x36, 0x00, 0x03, 0x70, 0x01, 0xE7, 0xFF, 0xFE, 0x3F, 0xFF, 0x80, 0xFF, 0xC0,
    0x00, 0x00, 0x00, 0x00, 0x00, 0x00, 0x60, 0x00, 0x0E, 0x00, 0x01, 0x58, 0x00, 0x3B, 0x80, 0x03,
    0x98, 0x00, 0x00, 0x00, 0x00, 0x00, 0x00, 0x01, 0x00, 0x03, 0x38, 0x20, 0x73, 0x86, 0x03, 0x00,
    0x60, 0x00, 0x06, 0x40, 0x00, 0x74, 0x00, 0x03, 0x40, 0x00, 0x36, 0x00, 0x03, 0x70, 0x01, 0xE7,
    0xFF, 0xFE, 0x3F, 0xFF, 0x80, 0xFF, 0xC0, 0x00, 0x00, 0x00, 0x00, 0x00, 0x00, 0x60, 0x00, 0x0E,
    0x00, 0x01, 0x58, 0x00, 0x3B, 0x80, 0x03, 0x98, 0x00, 0x00, 0x00, 0x00, 0x00, 0x00, 0x0C, 0x00,
    0x01, 0xE0, 0x20, 0x0C, 0x06, 0x00, 0x00, 0x60, 0x00, 0x06, 0x40, 0x00, 0x74, 0x00, 0x03, 0x40,
    0x00, 0x36, 0x00, 0x03, 0x70, 0x01, 0xE7, 0xFF, 0xFE, 0x3F, 0xFF, 0x80, 0xFF, 0xC0, 0x00, 0x00,
    0x00, 0x00, 0x00, 0x01, 0x18, 0x00, 0x3B, 0xC0, 0x03, 0x98, 0x00, 0x10, 0x00, 0x00, 0x00, 0x20,
    0x00, 0x06, 0x00, 0x00, 0x60, 0x00, 0x06, 0x40, 0x00, 0x74, 0x00, 0x03, 0x40, 0x00, 0x36, 0x00,
    0x03, 0x70, 0x01, 0xE7, 0xFF, 0xFE, 0x3F, 0xFF, 0x80, 0xFF, 0xC0, 0x00, 0x00, 0x00, 0x00, 0x00,
    0x00, 0x60, 0x00, 0x0E, 0x00, 0x00, 0xB0, 0x00, 0x1B, 0x00, 0x01, 0x10, 0x00, 0x00, 0x10, 0x00,
    0x3B, 0x00, 0x01, 0xA0, 0x00, 0x0E, 0x02, 0x00, 0xC0, 0x60, 0x00, 0x06, 0x00, 0x00, 0x64, 0x00,
    0x07, 0x40, 0x00, 0x34, 0x00, 0x03, 0x60, 0x00, 0x36, 0x00, 0x0E, 0x7C, 0x1F, 0xE3, 0xFF, 0xF8,
    0x0F, 0xFC, 0x00, 0x00, 0x10, 0x00, 0xCE, 0x00, 0x73, 0x00, 0x0C, 0x40, 0x00, 0x00, 0x02, 0x00,
    0x07, 0xFC, 0x01, 0xFF, 0xFC, 0x61, 0xFF, 0x00, 0x3F, 0xC0, 0x3F, 0x00, 0x1E, 0x00, 0x0E, 0x00,
    0x07, 0x00, 0x03, 0x80, 0x00, 0xC0, 0x00, 0x20, 0x00, 0x08, 0x00, 0x02, 0x00, 0x00, 0x80, 0x00,
    0x30, 0x00, 0x0E, 0x00, 0x01, 0xFF, 0xF8, 0x3F, 0xFC, 0x03, 0xF8, 0x00, 0x08, 0x00, 0x1F, 0xF0,
    0x07, 0xFF, 0xF1, 0x87, 0xFC, 0x00, 0xFF, 0x00, 0xFC, 0x00, 0x78, 0x00, 0x38, 0x00, 0x1C, 0x00,
    0x0E, 0x18, 0x03, 0x07, 0x00, 0x82, 0xE0, 0x21, 0xDC, 0x08, 0x66, 0x02, 0x00, 0x00, 0xC0, 0x00,
    0x38, 0x00, 0x07, 0xFF, 0xE0, 0xFF, 0xF0, 0x0F, 0xE0, 0x08, 0x02, 0x00, 0xF0, 0x36, 0x1F, 0x00,
    0x00, 0x00, 0x08, 0x03, 0x00, 0xC0, 0x38, 0x0E, 0x01, 0x80, 0x70, 0x0C, 0x03, 0xFF, 0xBF, 0xE7,
    0xF0, 0x00, 0x04, 0x03, 0x80, 0xC0, 0x00, 0x06, 0x03, 0x80, 0x40, 0x02, 0x01, 0xC0, 0x70, 0x0E,
    0x03, 0x80, 0x60, 0x1C, 0x03, 0x00, 0xFF, 0xFF, 0xF9, 0xFC, 0x00, 0x00, 0x00, 0xC0, 0x38, 0x16,
    0x04, 0xC0, 0x00, 0x00, 0x80, 0x18, 0x01, 0xC0, 0x1C, 0x00, 0xC0, 0x0E, 0x00, 0x60, 0x06, 0x00,
    0x20, 0x06, 0x0F, 0xF0, 0x0E, 0x01, 0xC7, 0xF8, 0x7F, 0x01, 0xE0, 0x00, 0x00, 0x48, 0x00, 0x00,
    0x0D, 0x80, 0x00, 0x01, 0x20, 0x00, 0x00, 0x12, 0x00, 0x00, 0x06, 0xC0, 0x00, 0x00, 0x00, 0x80,
    0x00, 0x00, 0x30, 0x00, 0x00, 0x46, 0x00, 0x00, 0x08, 0xC0, 0x01, 0x03, 0x1C, 0x00, 0x70, 0x61,
    0x80, 0x0E, 0x1C, 0x30, 0x01, 0xFF, 0xFE, 0x80, 0x1F, 0xFF, 0x90, 0x03, 0xF9, 0xF2, 0x00, 0x20,
    0x00, 0x40, 0x04, 0x00, 0x0C, 0x01, 0x80, 0x01, 0x80, 0x60, 0x00, 0x38, 0x3C, 0x00, 0x03, 0xFF,
    0x00, 0x00, 0x3F, 0x80, 0x00, 0x01, 0x00, 0x00, 0x00, 0x01, 0x00, 0x0C, 0xE0, 0x07, 0xB8, 0x00,
    0xC4, 0x00, 0x00, 0x00, 0x00, 0x00, 0x00, 0xF0, 0x00, 0xFE, 0x00, 0x3F, 0x80, 0x10, 0x00, 0x04,
    0x00, 0x01, 0x80, 0x00, 0x70, 0x70, 0x1F, 0x7C, 0x03, 0xFE, 0x00, 0x7C, 0x00, 0x0C, 0x00, 0x06,
    0x00, 0x03, 0x00, 0x00, 0xC0, 0x00, 0x20, 0x00, 0x08, 0x00, 0x02, 0x00, 0x00, 0xC0, 0x00, 0x38,
    0x00, 0x07, 0xFF, 0xE0, 0xFF, 0xF0, 0x0F, 0xE0, 0x00, 0x00, 0x04, 0x40, 0x03, 0xB8, 0x00, 0xCC,
    0x00, 0x0C, 0x00, 0x03, 0x80, 0x00, 0x00, 0x00, 0x00, 0x00, 0x0F, 0x00, 0x0F, 0xE0, 0x03, 0xF8,
    0x01, 0x00, 0x00, 0x40, 0x00, 0x18, 0x00, 0x07, 0x07, 0x01, 0xF7, 0xC0, 0x3F, 0xE0, 0x07, 0xC0,
    0x00, 0xC0, 0x00, 0x60, 0x00, 0x30, 0x00, 0x0C, 0x00, 0x02, 0x00, 0x00, 0x80, 0x00, 0x20, 0x00,
    0x0C, 0x00, 0x03, 0x80, 0x00, 0x7F, 0xFE, 0x0F, 0xFF, 0x00, 0xFE, 0x00, 0x00, 0x00, 0x03, 0x00,
    0x01, 0xC0, 0x00, 0x00, 0x00, 0x04, 0x00, 0x03, 0x80, 0x00, 0xC0, 0x00, 0x00, 0x00, 0x00, 0x00,
    0x03, 0xC0, 0x03, 0xF8, 0x00, 0xFE, 0x00, 0x40, 0x00, 0x10, 0x00, 0x06, 0x00, 0x01, 0xC1, 0xC0,
    0x7D, 0xF0, 0x0F, 0xF8, 0x01, 0xF0, 0x00, 0x30, 0x00, 0x18, 0x00, 0x0C, 0x00, 0x03, 0x00, 0x00,
    0x80, 0x00, 0x20, 0x00, 0x08, 0x00, 0x03, 0x00, 0x00, 0xE0, 0x00, 0x1F, 0xFF, 0x83, 0xFF, 0xC0,
    0x3F, 0x80, 0x00, 0x01, 0xE0, 0x00, 0x07, 0xE0, 0x00, 0x1F, 0xE0, 0x00, 0x31, 0xC0, 0x00, 0x41,
    0xC0, 0x00, 0x81, 0x90, 0x01, 0xFF, 0x20, 0x03, 0xFE, 0x40, 0x03, 0xEC, 0xC0, 0x00, 0x19, 0xC0,
    0x01, 0xF3, 0xFF, 0xFF, 0xC3, 0xFF, 0xFE, 0x01, 0xFF, 0xE0, 0x00, 0x00, 0x00, 0x00, 0x00, 0x0C,
    0x00, 0x03, 0xBC, 0x00, 0x07, 0x78, 0x00, 0x0C, 0x20, 0x00, 0x00, 0x00, 0x00, 0x01, 0xE0, 0x00,
    0x07, 0xE0, 0x00, 0x1F, 0xE0, 0x00, 0x31, 0xC0, 0x00, 0x41, 0xC0, 0x00, 0x81, 0x90, 0x01, 0xFF,
    0x20, 0x03, 0xFE, 0x40, 0x03, 0xEC, 0xC0, 0x00, 0x19, 0xC0, 0x01, 0xF3, 0xFF, 0xFF, 0xC3, 0xFF,
    0xFE, 0x01, 0xFF, 0xE0, 0x00, 0x00, 0x00, 0x00, 0x00, 0x20, 0x00, 0x00, 0xE0, 0x00, 0x00, 0xE0,
    0x00, 0x0E, 0xE0, 0x00, 0x1C, 0xC0, 0x00, 0x10, 0x00, 0x00, 0x00, 0x00, 0x02, 0x00, 0x00, 0x70,
    0x60, 0x06, 0x1E, 0x00, 0x07, 0xE0, 0x01, 0xF8, 0x00, 0x7C, 0x00, 0x0F, 0x00, 0x00, 0xC0, 0x00,
    0x0E, 0x00, 0x00, 0xF8, 0x00, 0x07, 0xE0, 0x00, 0x0F, 0x00, 0x00, 0x38, 0x00, 0x01, 0x84, 0x00,
    0x0C, 0x40, 0x00, 0xC6, 0x00, 0x1C, 0x7F, 0xFF, 0x83, 0xFF, 0xF0, 0x1F, 0xFC, 0x00, 0x00, 0x00,
    0x00, 0x04, 0x00, 0x00, 0xD0, 0x00, 0x03, 0x06, 0x00, 0xD1, 0xE0, 0x08, 0x7E, 0x00, 0x1F, 0x80,
    0x07, 0xC0, 0x00, 0xF0, 0x00, 0x0C, 0x00, 0x00, 0xE0, 0x00, 0x0F, 0x80, 0x00, 0x7E, 0x00, 0x00,
    0xF0, 0x00, 0x03, 0x80, 0x00, 0x18, 0x40, 0x00, 0xC4, 0x00, 0x0C, 0x60, 0x01, 0xC7, 0xFF, 0xF8,
    0x3F, 0xFF, 0x01, 0xFF, 0xC0, 0x00, 0x00, 0x00, 0x00, 0x06, 0x00, 0x01, 0xE0, 0x00, 0x7E, 0x00,
    0x1F, 0x80, 0x07, 0xC0, 0x00, 0xF0, 0x00, 0x0C, 0x00, 0x00, 0xE0, 0x00, 0x0F, 0x80, 0x00, 0x7E,
    0x00, 0x00, 0xF0, 0x00, 0x03, 0x80, 0x00, 0x18, 0x40, 0x00, 0xC4, 0x00, 0x0C, 0x60, 0x01, 0xC7,
    0xFF, 0xF8, 0x3F, 0xFF, 0x01, 0xFF, 0xC0, 0x00, 0x00, 0x00, 0x00, 0x00, 0x00, 0x18, 0x00, 0x01,
    0x80, 0x00, 0x46, 0x00, 0x0E, 0x70, 0x00, 0x66, 0x00, 0x00, 0x00, 0x00, 0x00, 0xC0, 0x1E, 0x01,
    0xC0, 0x00, 0x00, 0x00, 0x00, 0x01, 0xE0, 0x3F, 0x07, 0x38, 0x41, 0xC0, 0x0E, 0x03, 0xE7, 0xFE,
    0xFF, 0xCF, 0x00, 0x80, 0x0C, 0x00, 0xC0, 0x0C, 0x00, 0xC0, 0x0C, 0x00, 0xC0, 0x0E, 0x00, 0xC0,
    0x00, 0x00, 0x00, 0x01, 0xE0, 0x3F, 0x07, 0x38, 0x41, 0xC0, 0x0E, 0x03, 0xE7, 0xFE, 0xFF, 0xCF,
    0x00, 0x80, 0x0C, 0x00, 0xC0, 0x0C, 0x30, 0xC7, 0x0C, 0x70, 0xC2, 0x0E, 0x00, 0xC0, 0x00, 0x00,
    0x00, 0x00, 0x06, 0x00, 0x1C, 0x00, 0x38, 0x00, 0x00, 0x00, 0x01, 0x00, 0x07, 0x00, 0x0E, 0x00,
    0x1C, 0x00, 0x19, 0x00, 0x32, 0x00, 0x64, 0x00, 0x48, 0x00, 0x98, 0x03, 0x30, 0x1C, 0x7F, 0xF0,
    0x7F, 0xC0, 0x7E, 0x00, 0x00, 0x00, 0x08, 0x03, 0xB8, 0x07, 0x70, 0x04, 0x40, 0x00, 0x00, 0x04,
    0x00, 0x08, 0x00, 0x1E, 0x00, 0x36, 0x00, 0xF8, 0x00, 0x00, 0x00, 0x00, 0x01, 0x80, 0x07, 0x80,
    0x06, 0x00, 0x00, 0x00, 0x00, 0x40, 0x01, 0xC0, 0x03, 0x80, 0x07, 0x00, 0x06, 0x40, 0x0C, 0x80,
    0x19, 0x00, 0x12, 0x00, 0x26, 0x00, 0xCC, 0x07, 0x1F, 0xFC, 0x1F, 0xF0, 0x1F, 0x80, 0x08, 0x80,
    0x19, 0x00, 0x36, 0x00, 0x38, 0x00, 0x70, 0x00, 0x00, 0x00, 0x00, 0x01, 0x80, 0x07, 0x00, 0x0E,
    0x00, 0x00, 0x00, 0x00, 0x40, 0x01, 0xC0, 0x03, 0x80, 0x07, 0x00, 0x06, 0x40, 0x0C, 0x80, 0x19,
    0x00, 0x12, 0x00, 0x26, 0x00, 0xCC, 0x07, 0x1F, 0xFC, 0x1F, 0xF0, 0x1F, 0x80, 0x00, 0x00, 0x00,
    0x1C, 0x00, 0x1C, 0x00, 0x1C, 0x00, 0x1C, 0x00, 0x1C, 0x00, 0x1C, 0x00, 0x0C, 0x00, 0x0C, 0x00,
    0x0C, 0x00, 0xFF, 0x00, 0x0E, 0x00, 0x0E, 0x00, 0x06, 0x00, 0x06, 0x00, 0x06, 0x00, 0x06, 0x00,
    0x06, 0x00, 0x06, 0x40, 0x02, 0x40, 0x02, 0x40, 0x02, 0x40, 0x02, 0x60, 0x0E, 0x70, 0x1C, 0x7F,
    0xF8, 0x3F, 0xF0, 0x1F, 0xC0, 0x00, 0x00, 0x60, 0x1C, 0x01, 0x80, 0x00, 0x06, 0x00, 0xE0, 0x08,
    0x00, 0x00, 0x10, 0x06, 0x00, 0xE0, 0x1C, 0x01, 0x80, 0x38, 0x03, 0x00, 0x60, 0x04, 0x01, 0x80,
    0x30, 0x0C, 0x03, 0x9F, 0xE3, 0xF8, 0x3E, 0x00, 0x03, 0x80, 0xD0, 0x10, 0x03, 0xC0, 0x70, 0x08,
    0x00, 0x20, 0x0C, 0x01, 0xC0, 0x38, 0x03, 0x00, 0x70, 0x06, 0x00, 0xC0, 0x08, 0x03, 0x00, 0x60,
    0x18, 0x07, 0x3F, 0xC7, 0xF0, 0x3C, 0x00, 0x00, 0x00, 0x00, 0x00, 0x00, 0x02, 0x00, 0x00, 0x00,
    0xE0, 0x00, 0x00, 0x18, 0x00, 0x00, 0x00, 0x00, 0x00, 0x00, 0x30, 0x00, 0x00, 0x0E, 0x00, 0x00,
    0x00, 0x82, 0x00, 0x00, 0x00, 0xC0, 0x00, 0x01, 0x18, 0x00, 0x00, 0x23, 0x00, 0x04, 0x0C, 0x70,
    0x01, 0xC1, 0x86, 0x00, 0x38, 0x70, 0xC0, 0x07, 0xFF, 0xFA, 0x00, 0x7F, 0xFE, 0x40, 0x0F, 0xE7,
    0xC8, 0x00, 0x80, 0x01, 0x00, 0x10, 0x00, 0x30, 0x06, 0x00, 0x06, 0x01, 0x80, 0x00, 0xE0, 0xF0,
    0x00, 0x0F, 0xFC, 0x00, 0x00, 0xFE, 0x00, 0x00, 0x04, 0x00, 0x00, 0x00, 0x08, 0x00, 0x3F, 0xC0,
    0x1F, 0xFF, 0xCC, 0x7F, 0xE0, 0x0F, 0xF0, 0x1F, 0x80, 0x1E, 0x00, 0x1C, 0x00, 0x1C, 0x00, 0x0C,
    0x40, 0x0C, 0x20, 0x04, 0x1E, 0x02, 0x0D, 0x81, 0x0F, 0x80, 0x80, 0x00, 0x60, 0x00, 0x38, 0x00,
    0x0F, 0x01, 0xC3, 0xFF, 0xC0, 0xFF, 0x80, 0x04, 0x00, 0x08, 0x00, 0x1F, 0xE0, 0x07, 0xFF, 0xF1,
    0x8F, 0xFC, 0x01, 0xFF, 0x00, 0xFC, 0x00, 0x78, 0x00, 0x38, 0x00, 0x1C, 0x80, 0x06, 0x20, 0x03,
    0x0F, 0x00, 0xC3, 0x60, 0x21, 0xF0, 0x08, 0x00, 0x02, 0x1D, 0x80, 0xC6, 0x40, 0x38, 0x00, 0x07,
    0x80, 0xE0, 0xFF, 0xF8, 0x1F, 0xF0, 0x00, 0x40, 0x00, 0x00, 0x00, 0x20, 0x00, 0x00, 0x04, 0x00,
    0x00, 0x00, 0xF0, 0x00, 0x00, 0x1A, 0x00, 0x00, 0x07, 0xC0, 0x00, 0x00, 0x00, 0x00, 0x00, 0x1B,
    0x00, 0x00, 0x03, 0x60, 0x00, 0x00, 0x00, 0x40, 0x00, 0x00, 0x18, 0x00, 0x00, 0x23, 0x00, 0x04,
    0x0C, 0x70, 0x00, 0x81, 0x8E, 0x00, 0x38, 0x30, 0xC0, 0x07, 0x0E, 0x18, 0x00, 0xFF, 0xFF, 0x40,
    0x0F, 0xFF, 0xC8, 0x01, 0xFC, 0xF9, 0x00, 0x10, 0x00, 0x20, 0x02, 0x00, 0x06, 0x00, 0xC0, 0x00,
    0xC0, 0x30, 0x00, 0x1C, 0x1E, 0x00, 0x01, 0xFF, 0x80, 0x00, 0x1F, 0xC0, 0x00, 0x00, 0x80, 0x00,
    0x00, 0x04, 0x00, 0x80, 0x1E, 0x03, 0x60, 0xF8, 0x01, 0x01, 0x70, 0x24, 0x00, 0x00, 0x00, 0x06,
    0x00, 0xC0, 0x1C, 0x03, 0x80, 0x30, 0x07, 0x00, 0x60, 0x0C, 0x01, 0x80, 0x30, 0x06, 0x01, 0x80,
    0x73, 0xFC, 0x7F, 0x07, 0xC0, 0x01, 0x00, 0x00, 0x80, 0x00, 0x7C, 0x00, 0x36, 0x00, 0x3F, 0x00,
    0x00, 0x00, 0x00, 0x00, 0x10, 0x00, 0x7F, 0x80, 0x3F, 0xFF, 0x98, 0xFF, 0xC0, 0x3F, 0xE0, 0x3F,
    0x00, 0x3C, 0x00, 0x38, 0x00, 0x38, 0x00, 0x38, 0x00, 0x18, 0x00, 0x08, 0x00, 0x04, 0x00, 0x02,
    0x00, 0x01, 0x00, 0x00, 0xC0, 0x00, 0x70, 0x00, 0x1F, 0xFF, 0x87, 0xFF, 0x80, 0xFE, 0x00, 0x8B,
    0x6F, 0x10, 0x41, 0x24, 0xD3, 0x08, 0x20, 0x82, 0x08, 0x20, 0x82, 0x08, 0x20, 0x82, 0x02, 0x6D,
    0x9C, 0x61, 0x86, 0x8A, 0x2C, 0x20, 0x82, 0x08, 0x20, 0x82, 0x08, 0x20, 0x82, 0x08, 0x22, 0x00,
    0x32, 0x00, 0x3C, 0x04, 0x10, 0x1E, 0x18, 0x3F, 0x18, 0x78, 0x18, 0x60, 0x18, 0xC0, 0x00, 0xC0,
    0x00, 0x80, 0x00, 0xC0, 0x40, 0xFC, 0x40, 0x7F, 0x40, 0x1F, 0x40, 0x03, 0x60, 0x06, 0x60, 0x1C,
    0x7F, 0xF8, 0x3F, 0xF0, 0x1F, 0x80, 0x00, 0x00, 0x25, 0x00, 0x2F, 0x00, 0x3F, 0x04, 0x30, 0x1E,
    0x30, 0x3F, 0x10, 0x78, 0x10, 0x60, 0x10, 0xC0, 0x00, 0xC0, 0x00, 0x80, 0x00, 0xC0, 0x40, 0xFC,
    0x40, 0x7F, 0x40, 0x1F, 0x40, 0x03, 0x60, 0x06, 0x60, 0x1C, 0x7F, 0xF8, 0x3F, 0xF0, 0x1F, 0x80,
    0x00, 0x0E, 0x00, 0x1F, 0x00, 0x3F, 0x00, 0x70, 0x00, 0xE0, 0x00, 0xC0, 0x00, 0x80, 0x00, 0x80,
    0x40, 0xF8, 0x40, 0xFE, 0x40, 0x3F, 0x40, 0x03, 0x60, 0x06, 0x60, 0x0E, 0x70, 0x7C, 0x3F, 0xF0,
    0x1F, 0xC0, 0x04, 0x00, 0x00, 0x00, 0x06, 0x80, 0x0B, 0x80, 0x0B, 0x00, 0x0C, 0x00, 0x04, 0x00,
    0x04, 0x00, 0x02, 0x00, 0x02, 0x00, 0x00, 0x00, 0x88, 0x0C, 0x80, 0xF0, 0x04, 0x00, 0x60, 0x06,
    0x38, 0x67, 0xC2, 0x7E, 0x0C, 0x60, 0x83, 0x08, 0x30, 0xC3, 0x0F, 0xF0, 0xFF, 0x07, 0xF0, 0x03,
    0x00, 0x60, 0x0E, 0x7F, 0xC3, 0xF8, 0x1F, 0x00, 0x14, 0x06, 0xA0, 0x3F, 0x00, 0xC0, 0x06, 0x00,
    0x31, 0xC0, 0x9F, 0x04, 0xFC, 0x2C, 0x70, 0x41, 0x82, 0x0C, 0x18, 0x20, 0xFF, 0x07, 0xF8, 0x1F,
    0x40, 0x06, 0x00, 0x30, 0x03, 0x1C, 0xF0, 0x7F, 0x01, 0xF0, 0x00, 0x44, 0x00, 0x03, 0x20, 0x00,
    0x1E, 0x00, 0x00, 0x40, 0x00, 0x03, 0x00, 0x00, 0x18, 0x00, 0x00, 0x40, 0x00, 0x02, 0x18, 0x00,
    0x03, 0x80, 0x00, 0x78, 0x00, 0x0F, 0x00, 0x00, 0xE0, 0x00, 0x06, 0x00, 0x01, 0x3F, 0xFF, 0xFF,
    0xFF, 0xFF, 0xC7, 0xFF, 0xF0, 0x0A, 0x00, 0x03, 0x50, 0x00, 0x1F, 0x80, 0x00, 0x60, 0x00, 0x03,
    0x00, 0x00, 0x18, 0x00, 0x00, 0x40, 0x00, 0x02, 0x18, 0x00, 0x03, 0xC0, 0x00, 0x7C, 0x00, 0x0F,
    0x80, 0x00, 0xE0, 0x00, 0x06, 0x00, 0x00, 0x3E, 0x00, 0xFD, 0xFF, 0xFF, 0xC7, 0xFF, 0xF8, 0x08,
    0x00, 0x1F, 0xE0, 0x07, 0xFF, 0xF1, 0x8F, 0xFC, 0x01, 0xFF, 0x00, 0xFC, 0x00, 0x78, 0x00, 0x38,
    0x00, 0x1C, 0xC8, 0x0E, 0x5C, 0x03, 0x12, 0x00, 0x86, 0x00, 0x20, 0x80, 0x08, 0x30, 0x02, 0x04,
    0x00, 0xC1, 0x00, 0x38, 0x00, 0x07, 0xFF, 0xE0, 0xFF, 0xF0, 0x0F, 0xE0, 0x00, 0x00, 0x00, 0x00,
    0x00, 0x1D, 0x00, 0x00, 0x02, 0xE0, 0x00, 0x00, 0x58, 0x00, 0x00, 0x08, 0x00, 0x00, 0x01, 0x80,
    0x00, 0x00, 0x10, 0x00, 0x00, 0x03, 0x00, 0x00, 0x00, 0x20, 0x40, 0x00, 0x00, 0x18, 0x00, 0x00,
    0x23, 0x00, 0x04, 0x04, 0x70, 0x00, 0x81, 0x8E, 0x00, 0x38, 0x30, 0xC0, 0x07, 0x0E, 0x18, 0x00,
    0xFF, 0xFF, 0x40, 0x0F, 0xFF, 0xC8, 0x01, 0xFC, 0xF9, 0x00, 0x10, 0x00, 0x20, 0x02, 0x00, 0x06,
    0x00, 0xC0, 0x00, 0xC0, 0x30, 0x00, 0x1C, 0x1E, 0x00, 0x01, 0xFF, 0x80, 0x00, 0x1F, 0xC0, 0x00,
    0x00, 0x80, 0x00, 0x00, 0x00, 0x00, 0x18, 0x00, 0x00, 0x07, 0x00, 0x00, 0x00, 0xB0, 0x00, 0x00,
    0x16, 0x00, 0x00, 0x00, 0x40, 0x00, 0x00, 0x01, 0x80, 0x00, 0x02, 0x30, 0x00, 0x00, 0x46, 0x00,
    0x08, 0x18, 0xE0, 0x03, 0x83, 0x0C, 0x00, 0x70, 0xE1, 0x80, 0x0F, 0xFF, 0xF4, 0x00, 0xFF, 0xFC,
    0x80, 0x1F, 0xCF, 0x90, 0x01, 0x00, 0x02, 0x00, 0x20, 0x00, 0x60, 0x0C, 0x00, 0x0C, 0x03, 0x00,
    0x01, 0xC1, 0xE0, 0x00, 0x1F, 0xF8, 0x00, 0x01, 0xFC, 0x00, 0x00, 0x08, 0x00, 0x00, 0x00, 0x00,
    0x00, 0x00, 0x60, 0x01, 0x80, 0x0E, 0x00, 0x38, 0x00, 0x60, 0x99, 0x83, 0x66, 0x00, 0x18, 0x0C,
    0x60, 0x41, 0xC3, 0x03, 0x07, 0x0C, 0x04, 0x30, 0xE0, 0xC0, 0x03, 0x00, 0x0C, 0x00, 0x1F, 0xFF,
    0xFF, 0xFF, 0xFF, 0xF8, 0x0F, 0xC0, 0xFF, 0xC7, 0xFF, 0x9E, 0x1E, 0x30, 0x38, 0x00, 0xE0, 0x1F,
    0x8F, 0xFE, 0x7F, 0xBB, 0xC0, 0xEE, 0x03, 0xB8, 0x1E, 0xF0, 0x7B, 0xFF, 0xE7, 0xFB, 0x8F, 0xCE,
    0x00, 0x00, 0x00, 0x00, 0x30, 0x01, 0xE0, 0x07, 0x80, 0x0C, 0x00, 0x00, 0xF0, 0x00, 0x07, 0xC0,
    0x00, 0x0E, 0x00, 0x00, 0x60, 0x00, 0x00, 0x00, 0x00, 0x00, 0x00, 0x03, 0xE0, 0x00, 0x1F, 0x00,
    0x01, 0xF8, 0x00, 0x0F, 0xE0, 0x00, 0x77, 0x00, 0x07, 0xBC, 0x00, 0x39, 0xE0, 0x01, 0xC7, 0x00,
    0x1E, 0x3C, 0x00, 0xE1, 0xE0, 0x07, 0x07, 0x00, 0x78, 0x3C, 0x03, 0x81, 0xE0, 0x3F, 0xFF, 0x01,
    0xFF, 0xFC, 0x0F, 0xFF, 0xE0, 0xF0, 0x07, 0x87, 0x80, 0x3C, 0x38, 0x00, 0xE3, 0xC0, 0x07, 0x9E,
    0x00, 0x3C, 0x0F, 0x00, 0x3E, 0x00, 0x18, 0x00, 0xE0, 0x03, 0x00, 0x00, 0x00, 0x00, 0x03, 0xF0,
    0x3F, 0xF1, 0xFF, 0xE7, 0x87, 0x8C, 0x0E, 0x00, 0x38, 0x07, 0xE3, 0xFF, 0x9F, 0xEE, 0xF0, 0x3B,
    0x80, 0xEE, 0x07, 0xBC, 0x1E, 0xFF, 0xF9, 0xFE, 0xE3, 0xF3, 0x80, 0x00, 0x3C, 0x00, 0xE0, 0x07,
    0x00, 0x1C, 0x00, 0x00, 0x1E, 0x00, 0xFC, 0x07, 0xF0, 0x1C, 0xE0, 0x00, 0x00, 0x00, 0x03, 0xF0,
    0x3F, 0xF1, 0xFF, 0xE7, 0x87, 0x8C, 0x0E, 0x00, 0x38, 0x07, 0xE3, 0xFF, 0x9F, 0xEE, 0xF0, 0x3B,
    0x80, 0xEE, 0x07, 0xBC, 0x1E, 0xFF, 0xF9, 0xFE, 0xE3, 0xF3, 0x80, 0x00, 0x1C, 0x00, 0x00, 0x70,
    0x00, 0x03, 0x80, 0x00, 0x0E, 0x00, 0x00, 0x00, 0x00, 0x38, 0x00, 0x03, 0xE0, 0x00, 0x3B, 0x80,
    0x03, 0x8E, 0x00, 0x00, 0x00, 0x00, 0x00, 0x00, 0x01, 0xF0, 0x00, 0x0F, 0x80, 0x00, 0xFC, 0x00,
    0x07, 0xF0, 0x00, 0x3B, 0x80, 0x03, 0xDE, 0x00, 0x1C, 0xF0, 0x00, 0xE3, 0x80, 0x0F, 0x1E, 0x00,
    0x70, 0xF0, 0x03, 0x83, 0x80, 0x3C, 0x1E, 0x01, 0xC0, 0xF0, 0x1F, 0xFF, 0x80, 0xFF, 0xFE, 0x07,
    0xFF, 0xF0, 0x78, 0x03, 0xC3, 0xC0, 0x1E, 0x1C, 0x00, 0x71, 0xE0, 0x03, 0xCF, 0x00, 0x1E, 0x01,
    0xC0, 0x03, 0x80, 0x06, 0x00, 0x1C, 0x00, 0x00, 0x1E, 0x00, 0xFC, 0x07, 0xF0, 0x1C, 0xE0, 0x00,
    0x00, 0x00, 0x03, 0xF0, 0x3F, 0xF1, 0xFF, 0xE7, 0x87, 0x8C, 0x0E, 0x00, 0x38, 0x07, 0xE3, 0xFF,
    0x9F, 0xEE, 0xF0, 0x3B, 0x80, 0xEE, 0x07, 0xBC, 0x1E, 0xFF, 0xF9, 0xFE, 0xE3, 0xF3, 0x80, 0x00,
    0x1F, 0x00, 0x00, 0xF8, 0x00, 0x01, 0xC0, 0x00, 0x0C, 0x00, 0x00, 0x00, 0x00, 0x38, 0x00, 0x03,
    0xE0, 0x00, 0x3B, 0x80, 0x03, 0x8E, 0x00, 0x00, 0x00, 0x00, 0x00, 0x00, 0x01, 0xF0, 0x00, 0x0F,
    0x80, 0x00, 0xFC, 0x00, 0x07, 0xF0, 0x00, 0x3B, 0x80, 0x03, 0xDE, 0x00, 0x1C, 0xF0, 0x00, 0xE3,
    0x80, 0x0F, 0x1E, 0x00, 0x70, 0xF0, 0x03, 0x83, 0x80, 0x3C, 0x1E, 0x01, 0xC0, 0xF0, 0x1F, 0xFF,
    0x80, 0xFF, 0xFE, 0x07, 0xFF, 0xF0, 0x78, 0x03, 0xC3, 0xC0, 0x1E, 0x1C, 0x00, 0x71, 0xE0, 0x03,
    0xCF, 0x00, 0x1E, 0x01, 0xE0, 0x07, 0xC0, 0x07, 0x00, 0x18, 0x00, 0x00, 0x1C, 0x00, 0xF8, 0x07,
    0x70, 0x18, 0xE0, 0x00, 0x00, 0x00, 0x03, 0xF0, 0x3F, 0xF1, 0xFF, 0xE7, 0x87, 0x8C, 0x0E, 0x00,
    0x38, 0x07, 0xE3, 0xFF, 0x9F, 0xEE, 0xF0, 0x3B, 0x80, 0xEE, 0x07, 0xBC, 0x1E, 0xFF, 0xF9, 0xFE,
    0xE3, 0xF3, 0x80, 0x0C, 0x60, 0x7D, 0x81, 0xBE, 0x06, 0x70, 0x00, 0x00, 0x1C, 0x00, 0xF8, 0x03,
    0xF0, 0x1C, 0xE0, 0x00, 0x00, 0x00, 0x03, 0xF0, 0x3F, 0xF1, 0xFF, 0xE7, 0x87, 0x8C, 0x0E, 0x00,
    0x38, 0x07, 0xE3, 0xFF, 0x9F, 0xEE, 0xF0, 0x3B, 0x80, 0xEE, 0x07, 0xBC, 0x1E, 0xFF, 0xF9, 0xFE,
    0xE3, 0xF3, 0x80, 0x00, 0x30, 0x00, 0x07, 0xC0, 0x00, 0x7F, 0x00, 0x07, 0x9C, 0x00, 0x38, 0x60,
    0x00, 0x00, 0x00, 0x00, 0x00, 0x00, 0x0F, 0x00, 0x00, 0xFC, 0x00, 0x07, 0xE0, 0x00, 0x7F, 0x00,
    0x03, 0xBC, 0x00, 0x1C, 0xE0, 0x01, 0xE7, 0x00, 0x0E, 0x3C, 0x00, 0x71, 0xE0, 0x07, 0x87, 0x00,
    0x38, 0x3C, 0x03, 0xC1, 0xE0, 0x1E, 0x07, 0x00, 0xFF, 0xFC, 0x0F, 0xFF, 0xE0, 0x7F, 0xFF, 0x07,
    0x80, 0x3C, 0x3C, 0x01, 0xE1, 0xC0, 0x07, 0x1E, 0x00, 0x3C, 0xF0, 0x01, 0xE0, 0x00, 0x00, 0x00,
    0x00, 0x00, 0x00, 0xC0, 0x00, 0x0F, 0x00, 0x00, 0x78, 0x00, 0x01, 0x80, 0x00, 0x07, 0x80, 0x3F,
    0x01, 0xCE, 0x0E, 0x38, 0x00, 0x00, 0x00, 0x00, 0xFC, 0x0F, 0xFC, 0x7F, 0xF9, 0xE1, 0xE3, 0x03,
    0x80, 0x0E, 0x01, 0xF8, 0xFF, 0xE7, 0xFB, 0xBC, 0x0E, 0xE0, 0x3B, 0x81, 0xEF, 0x07, 0xBF, 0xFE,
    0x7F, 0xB8, 0xFC, 0xE0, 0x00, 0x00, 0x00, 0x03, 0x00, 0x1E, 0x00, 0x78, 0x00, 0xC0, 0x00, 0x1C,
    0x00, 0x01, 0xE0, 0x00, 0x0E, 0x00, 0x00, 0xE0, 0x00, 0x00, 0x00, 0x01, 0x83, 0x00, 0x0E, 0x38,
    0x00, 0x3F, 0x80, 0x00, 0xF8, 0x00, 0x00, 0x00, 0x00, 0x00, 0x00, 0x01, 0xF0, 0x00, 0x0F, 0x80,
    0x00, 0xFE, 0x00, 0x07, 0xF0, 0x00, 0x3B, 0x80, 0x03, 0xDE, 0x00, 0x1C, 0xF0, 0x00, 0xE3, 0x80,
    0x0F, 0x1E, 0x00, 0x70, 0xF0, 0x07, 0x83, 0x80, 0x3C, 0x1E, 0x01, 0xC0, 0xF0, 0x1F, 0xFF, 0x80,
    0xFF, 0xFE, 0x07, 0xFF, 0xF0, 0x78, 0x03, 0xC3, 0xC0, 0x1E, 0x1C, 0x00, 0x71, 0xE0, 0x03, 0xCF,
    0x00, 0x1E, 0x01, 0xC0, 0x07, 0x00, 0x18, 0x00, 0xC0, 0x00, 0x00, 0x61, 0x81, 0xCE, 0x03, 0xF0,
    0x07, 0x80, 0x00, 0x00, 0x00, 0x03, 0xF0, 0x3F, 0xF1, 0xFF, 0xE7, 0x87, 0x8C, 0x0E, 0x00, 0x38,
    0x07, 0xE3, 0xFF, 0x9F, 0xFE, 0xF8, 0x3B, 0x80, 0xEE, 0x03, 0xBC, 0x1E, 0xFF, 0xF9, 0xFE, 0xE3,
    0xF3, 0x80, 0x1E, 0x00, 0x38, 0x00, 0x60, 0x00, 0xC0, 0x00, 0x00, 0x61, 0x81, 0xCE, 0x03, 0xF0,
    0x07, 0x80, 0x00, 0x00, 0x00, 0x03, 0xF0, 0x3F, 0xF1, 0xFF, 0xE7, 0x87, 0x8C, 0x0E, 0x00, 0x38,
    0x07, 0xE3, 0xFF, 0x9F, 0xFE, 0xF8, 0x3B, 0x80, 0xEE, 0x03, 0xBC, 0x1E, 0xFF, 0xF9, 0xFE, 0xE3,
    0xF3, 0x80, 0x0E, 0x60, 0x7D, 0x81, 0xBE, 0x06, 0x30, 0x00, 0x00, 0x61, 0x81, 0xCE, 0x03, 0xF0,
    0x07, 0x80, 0x00, 0x00, 0x00, 0x03, 0xF0, 0x3F, 0xF1, 0xFF, 0xE7, 0x87, 0x8C, 0x0E, 0x00, 0x38,
    0x07, 0xE3, 0xFF, 0x9F, 0xFE, 0xF8, 0x3B, 0x80, 0xEE, 0x03, 0xBC, 0x1E, 0xFF, 0xF9, 0xFE, 0xE3,
    0xF3, 0x80, 0x18, 0x60, 0x73, 0x80, 0xFC, 0x01, 0xE0, 0x00, 0x00, 0x00, 0x00, 0xFC, 0x0F, 0xFC,
    0x7F, 0xF9, 0xE1, 0xE3, 0x03, 0x80, 0x0E, 0x01, 0xF8, 0xFF, 0xE7, 0xFF, 0xBE, 0x0E, 0xE0, 0x3B,
    0x80, 0xEF, 0x07, 0xBF, 0xFE, 0x7F, 0xB8, 0xFC, 0xE0, 0x00, 0x00, 0x00, 0x03, 0x00, 0x1E, 0x00,
    0x78, 0x00, 0xC0, 0x0F, 0xC0, 0x3F, 0xE0, 0xFF, 0xE3, 0xC3, 0xCF, 0x03, 0xDE, 0x03, 0xBF, 0xFF,
    0x7F, 0xFE, 0xFF, 0xFD, 0xC0, 0x03, 0xC0, 0x07, 0x80, 0x87, 0x83, 0xC7, 0xFF, 0x07, 0xFC, 0x07,
    0xF0, 0x00, 0x00, 0x00, 0x00, 0x0C, 0x00, 0x3C, 0x00, 0x78, 0x00, 0x60, 0x00, 0x07, 0x80, 0x0F,
    0x00, 0x06, 0x00, 0x1C, 0x00, 0x00, 0x00, 0x00, 0x03, 0xF0, 0x0F, 0xF8, 0x3F, 0xF8, 0xF0, 0xF3,
    0xC0, 0xF7, 0x80, 0xEF, 0xFF, 0xDF, 0xFF, 0xBF, 0xFF, 0x70, 0x00, 0xF0, 0x01, 0xE0, 0x21, 0xE0,
    0xF1, 0xFF, 0xC1, 0xFF, 0x01, 0xFC, 0x00, 0x0F, 0xE0, 0x3F, 0xC0, 0x18, 0x00, 0x00, 0x00, 0x00,
    0x01, 0xF8, 0x07, 0xFC, 0x1F, 0xFC, 0x78, 0x79, 0xE0, 0x7B, 0xC0, 0x77, 0xFF, 0xEF, 0xFF, 0xDF,
    0xFF, 0xB8, 0x00, 0x78, 0x00, 0xF0, 0x10, 0xF0, 0x78, 0xFF, 0xE0, 0xFF, 0x80, 0xFE, 0x00, 0x00,
    0x1C, 0x00, 0x70, 0x00, 0xC0, 0x03, 0x80, 0x00, 0x00, 0xF0, 0x01, 0xF0, 0x07, 0x70, 0x1C, 0xE0,
    0x00, 0x00, 0x00, 0x00, 0x7E, 0x01, 0xFF, 0x07, 0xFF, 0x1E, 0x1E, 0x78, 0x1E, 0xF0, 0x1D, 0xFF,
    0xFB, 0xFF, 0xF7, 0xFF, 0xEE, 0x00, 0x1E, 0x00, 0x3C, 0x04, 0x3C, 0x1E, 0x3F, 0xF8, 0x3F, 0xE0,
    0x3F, 0x80, 0x01, 0xC0, 0x03, 0x80, 0x0E, 0x00, 0x1C, 0x00, 0x00, 0x1C, 0x00, 0xF8, 0x07, 0x70,
    0x38, 0xE0, 0x00, 0x00, 0x00, 0x3F, 0xFF, 0xFF, 0xFF, 0xFF, 0xEE, 0x00, 0x38, 0x00, 0xE0, 0x03,
    0x80, 0x0E, 0x00, 0x38, 0x00, 0xFF, 0xFB, 0xFF, 0xEF, 0xFF, 0x38, 0x00, 0xE0, 0x03, 0x80, 0x0E,
    0x00, 0x38, 0x00, 0xE0, 0x03, 0xFF, 0xEF, 0xFF, 0xFF, 0xFF, 0x00, 0xE0, 0x01, 0xC0, 0x01, 0xC0,
    0x03, 0x80, 0x00, 0x00, 0xF0, 0x01, 0xF0, 0x07, 0x70, 0x1C, 0xE0, 0x00, 0x00, 0x00, 0x00, 0x7E,
    0x01, 0xFF, 0x07, 0xFF, 0x1E, 0x1E, 0x78, 0x1E, 0xF0, 0x1D, 0xFF, 0xFB, 0xFF, 0xF7, 0xFF, 0xEE,
    0x00, 0x1E, 0x00, 0x3C, 0x04, 0x3C, 0x1E, 0x3F, 0xF8, 0x3F, 0xE0, 0x3F, 0x80, 0x00, 0xF0, 0x01,
    0xF0, 0x00, 0xE0, 0x03, 0x80, 0x00, 0x00, 0x70, 0x01, 0xF0, 0x07, 0x70, 0x1C, 0x70, 0x00, 0x00,
    0x00, 0x00, 0x7E, 0x01, 0xFF, 0x07, 0xFF, 0x1E, 0x1E, 0x78, 0x1E, 0xF0, 0x1D, 0xFF, 0xFB, 0xFF,
    0xF7, 0xFF, 0xEE, 0x00, 0x1E, 0x00, 0x3C, 0x06, 0x3C, 0x1E, 0x3F, 0xF8, 0x3F, 0xE0, 0x3F, 0x80,
    0x07, 0x80, 0x1F, 0x80, 0x73, 0x80, 0xC7, 0x80, 0x00, 0x00, 0x00, 0x03, 0xF0, 0x0F, 0xF8, 0x3F,
    0xF8, 0xF0, 0xF3, 0xC0, 0xF7, 0x80, 0xEF, 0xFF, 0xDF, 0xFF, 0xBF, 0xFF, 0x70, 0x00, 0xF0, 0x01,
    0xE0, 0x21, 0xE0, 0xF1, 0xFF, 0xC1, 0xFF, 0x01, 0xFC, 0x00, 0x00, 0x00, 0x00, 0x03, 0x00, 0x0F,
    0x00, 0x1E, 0x00, 0x18, 0x00, 0xF7, 0xCE, 0x60, 0x01, 0xCE, 0x73, 0x9C, 0xE7, 0x39, 0xCE, 0x73,
    0x9C, 0xE7, 0x38, 0x6F, 0xF6, 0x00, 0xEE, 0xEE, 0xEE, 0xEE, 0xEE, 0xEE, 0xEE, 0xEE, 0x00, 0x6F,
    0xF6, 0x03, 0xF8, 0x00, 0xFF, 0xE0, 0x1F, 0xFF, 0x03, 0xE0, 0x78, 0x78, 0x03, 0xC7, 0x80, 0x1C,
    0xF0, 0x01, 0xEF, 0x00, 0x1E, 0xE0, 0x00, 0xEE, 0x00, 0x0E, 0xE0, 0x00, 0xEE, 0x00, 0x0E, 0xE0,
    0x00, 0xEF, 0x00, 0x1E, 0xF0, 0x01, 0xE7, 0x80, 0x1C, 0x78, 0x03, 0xC3, 0xE0, 0x78, 0x1F, 0xFF,
    0x00, 0xFF, 0xE0, 0x03, 0xF8, 0x00, 0x00, 0x00, 0x00, 0x00, 0x00, 0x06, 0x00, 0x00, 0xF0, 0x00,
    0x0F, 0x00, 0x00, 0x60, 0x00, 0x0F, 0xE0, 0x3F, 0xE0, 0xFF, 0xE3, 0xC1, 0xE7, 0x01, 0xDE, 0x03,
    0xF8, 0x03, 0xF0, 0x07, 0xE0, 0x0F, 0xC0, 0x1F, 0xC0, 0x7B, 0x80, 0xE7, 0x83, 0xC7, 0xFF, 0x07,
    0xFC, 0x07, 0xF0, 0x00, 0x00, 0x00, 0x00, 0x0C, 0x00, 0x3C, 0x00, 0x78, 0x00, 0x60, 0x00, 0x07,
    0x80, 0x0F, 0x80, 0x07, 0x00, 0x0C, 0x00, 0x00, 0x00, 0x00, 0x03, 0xF8, 0x0F, 0xF8, 0x3F, 0xF8,
    0xF0, 0x79, 0xC0, 0x77, 0x80, 0xFE, 0x00, 0xFC, 0x01, 0xF8, 0x03, 0xF0, 0x07, 0xF0, 0x1E, 0xE0,
    0x39, 0xE0, 0xF1, 0xFF, 0xC1, 0xFF, 0x01, 0xFC, 0x00, 0x00, 0x07, 0x80, 0x00, 0x70, 0x00, 0x0E,
    0x00, 0x00, 0xC0, 0x00, 0x00, 0x00, 0x0E, 0x00, 0x01, 0xF0, 0x00, 0x3B, 0x80, 0x07, 0x1C, 0x00,
    0x60, 0xC0, 0x00, 0x00, 0x00, 0x3F, 0x80, 0x0F, 0xFE, 0x01, 0xFF, 0xF0, 0x3E, 0x07, 0x87, 0x80,
    0x3C, 0x78, 0x01, 0xCF, 0x00, 0x1E, 0xF0, 0x01, 0xEE, 0x00, 0x0E, 0xE0, 0x00, 0xEE, 0x00, 0x0E,
    0xE0, 0x00, 0xEE, 0x00, 0x0E, 0xF0, 0x01, 0xEF, 0x00, 0x1E, 0x78, 0x01, 0xC7, 0x80, 0x3C, 0x3E,
    0x07, 0x81, 0xFF, 0xF0, 0x0F, 0xFE, 0x00, 0x3F, 0x80, 0x00, 0x1C, 0x00, 0x38, 0x00, 0xE0, 0x01,
    0x80, 0x00, 0x00, 0x70, 0x01, 0xF0, 0x07, 0x70, 0x1C, 0x70, 0x00, 0x00, 0x00, 0x00, 0x7F, 0x01,
    0xFF, 0x07, 0xFF, 0x1E, 0x0F, 0x38, 0x0E, 0xF0, 0x1F, 0xC0, 0x1F, 0x80, 0x3F, 0x00, 0x7E, 0x00,
    0xFE, 0x03, 0xDC, 0x07, 0x3C, 0x1E, 0x3F, 0xF8, 0x3F, 0xE0, 0x3F, 0x80, 0x00, 0x38, 0x00, 0x01,
    0xC0, 0x00, 0x1C, 0x00, 0x00, 0xE0, 0x00, 0x00, 0x00, 0x0E, 0x00, 0x01, 0xF0, 0x00, 0x3B, 0x80,
    0x07, 0x1C, 0x00, 0x60, 0xC0, 0x00, 0x00, 0x00, 0x3F, 0x80, 0x0F, 0xFE, 0x01, 0xFF, 0xF0, 0x3E,
    0x07, 0x87, 0x80, 0x3C, 0x78, 0x01, 0xCF, 0x00, 0x1E, 0xF0, 0x01, 0xEE, 0x00, 0x0E, 0xE0, 0x00,
    0xEE, 0x00, 0x0E, 0xE0, 0x00, 0xEE, 0x00, 0x0E, 0xF0, 0x01, 0xEF, 0x00, 0x1E, 0x78, 0x01, 0xC7,
    0x80, 0x3C, 0x3E, 0x07, 0x81, 0xFF, 0xF0, 0x0F, 0xFE, 0x00, 0x3F, 0x80, 0x00, 0xE0, 0x00, 0xE0,
    0x01, 0xC0, 0x01, 0xC0, 0x00, 0x00, 0x70, 0x01, 0xF0, 0x07, 0x70, 0x1C, 0x70, 0x00, 0x00, 0x00,
    0x00, 0x7F, 0x01, 0xFF, 0x07, 0xFF, 0x1E, 0x0F, 0x38, 0x0E, 0xF0, 0x1F, 0xC0, 0x1F, 0x80, 0x3F,
    0x00, 0x7E, 0x00, 0xFE, 0x03, 0xDC, 0x07, 0x3C, 0x1E, 0x3F, 0xF8, 0x3F, 0xE0, 0x3F, 0x80, 0x00,
    0xF0, 0x01, 0xF0, 0x00, 0xE0, 0x01, 0x80, 0x00, 0x00, 0x70, 0x01, 0xF0, 0x07, 0x70, 0x1C, 0x70,
    0x00, 0x00, 0x00, 0x00, 0x7F, 0x01, 0xFF, 0x07, 0xFF, 0x1E, 0x0F, 0x38, 0x0E, 0xF0, 0x1F, 0xC0,
    0x1F, 0x80, 0x3F, 0x00, 0x7E, 0x00, 0xFE, 0x03, 0xDC, 0x07, 0x3C, 0x1E, 0x3F, 0xF8, 0x3F, 0xE0,
    0x3F, 0x80, 0x0E, 0x30, 0x1E, 0x60, 0x77, 0xC0, 0xC7, 0x00, 0x00, 0x00, 0x70, 0x01, 0xF0, 0x07,
    0x70, 0x1E, 0x70, 0x00, 0x00, 0x00, 0x00, 0x7F, 0x01, 0xFF, 0x07, 0xFF, 0x1E, 0x0F, 0x38, 0x0E,
    0xF0, 0x1F, 0xE0, 0x1F, 0xC0, 0x3F, 0x80, 0x7F, 0x00, 0xFE, 0x03, 0xDC, 0x07, 0x3C, 0x1E, 0x3F,
    0xF8, 0x3F, 0xE0, 0x3F, 0x80, 0x00, 0x60, 0x00, 0x1F, 0x00, 0x03, 0xF8, 0x00, 0x79, 0xC0, 0x07,
    0x0C, 0x00, 0x00, 0x00, 0x00, 0x00, 0x00, 0x3F, 0x80, 0x0F, 0xFE, 0x01, 0xFF, 0xF0, 0x3E, 0x07,
    0x87, 0x80, 0x3C, 0x78, 0x01, 0xCF, 0x00, 0x1E, 0xF0, 0x01, 0xEE, 0x00, 0x0E, 0xE0, 0x00, 0xEE,
    0x00, 0x0E, 0xE0, 0x00, 0xEE, 0x00, 0x0E, 0xF0, 0x01, 0xEF, 0x00, 0x1E, 0x78, 0x01, 0xC7, 0x80,
    0x3C, 0x3E, 0x07, 0x81, 0xFF, 0xF0, 0x0F, 0xFE, 0x00, 0x3F, 0x80, 0x00, 0x00, 0x00, 0x00, 0x00,
    0x00, 0x60, 0x00, 0x0F, 0x00, 0x00, 0xF0, 0x00, 0x06, 0x00, 0x07, 0x80, 0x1F, 0x80, 0x73, 0x80,
    0xC7, 0x80, 0x00, 0x00, 0x00, 0x03, 0xF8, 0x0F, 0xF8, 0x3F, 0xF8, 0xF0, 0x79, 0xC0, 0x77, 0x80,
    0xFE, 0x00, 0xFC, 0x01, 0xF8, 0x03, 0xF0, 0x07, 0xF0, 0x1E, 0xE0, 0x39, 0xE0, 0xF1, 0xFF, 0xC1,
    0xFF, 0x01, 0xFC, 0x00, 0x00, 0x00, 0x00, 0x03, 0x00, 0x0F, 0x00, 0x1E, 0x00, 0x18, 0x00, 0x00,
    0xE0, 0x00, 0xF0, 0x00, 0x71, 0xC0, 0x70, 0xE0, 0x00, 0x70, 0x00, 0x38, 0x3F, 0xFC, 0x3F, 0xFC,
    0x3F, 0xF8, 0x3C, 0x1E, 0x1C, 0x07, 0x1E, 0x03, 0xCE, 0x00, 0xE7, 0x00, 0x73, 0x80, 0x39, 0xC0,
    0x1C, 0xF0, 0x1E, 0x38, 0x0E, 0x1E, 0x0F, 0x07, 0xFF, 0x01, 0xFF, 0x00, 0x7F, 0x00, 0x0E, 0x00,
    0x07, 0x80, 0x01, 0xC1, 0xC0, 0x70, 0xE0, 0x00, 0x70, 0x00, 0x38, 0x3F, 0xFC, 0x3F, 0xFC, 0x3F,
    0xF8, 0x3C, 0x1E, 0x1C, 0x07, 0x1E, 0x03, 0xCE, 0x00, 0xE7, 0x00, 0x73, 0x80, 0x39, 0xC0, 0x1C,
    0xF0, 0x1E, 0x38, 0x0E, 0x1E, 0x0F, 0x07, 0xFF, 0x01, 0xFF, 0x00, 0x7F, 0x00, 0x01, 0xE0, 0x00,
    0x1F, 0x00, 0x00, 0x70, 0x00, 0x06, 0x00, 0x00, 0x60, 0xE0, 0x00, 0x0E, 0x00, 0x00, 0xE0, 0x3F,
    0xFE, 0x0F, 0xFF, 0xE1, 0xFF, 0xF8, 0x3E, 0x0F, 0x87, 0xC0, 0x3C, 0x78, 0x03, 0xCF, 0x00, 0x1E,
    0xF0, 0x01, 0xEE, 0x00, 0x0E, 0xE0, 0x00, 0xEE, 0x00, 0x0E, 0xE0, 0x00, 0xEE, 0x00, 0x0E, 0xF0,
    0x00, 0xEF, 0x00, 0x1E, 0x78, 0x01, 0xC7, 0x80, 0x3C, 0x3E, 0x07, 0x81, 0xFF, 0xF0, 0x0F, 0xFE,
    0x00, 0x3F, 0x80, 0x07, 0x80, 0x03, 0xE0, 0x00, 0x70, 0x00, 0x30, 0xE0, 0x00, 0x70, 0x00, 0x38,
    0x3F, 0xFC, 0x3F, 0xFC, 0x3F, 0xF8, 0x3C, 0x1E, 0x1C, 0x07, 0x1E, 0x03, 0xCE, 0x00, 0xE7, 0x00,
    0x73, 0x80, 0x39, 0xC0, 0x1C, 0xF0, 0x1E, 0x38, 0x0E, 0x1E, 0x0F, 0x07, 0xFF, 0x01, 0xFF, 0x00,
    0x7F, 0x00, 0x0F, 0xF0, 0x0F, 0xF0, 0x00, 0x01, 0xC0, 0x00, 0xE0, 0x00, 0x70, 0x7F, 0xF8, 0x7F,
    0xF8, 0x7F, 0xF0, 0x78, 0x3C, 0x38, 0x0E, 0x3C, 0x07, 0x9C, 0x01, 0xCE, 0x00, 0xE7, 0x00, 0x73,
    0x80, 0x39, 0xE0, 0x3C, 0x70, 0x1C, 0x3C, 0x1E, 0x0F, 0xFE, 0x03, 0xFE, 0x00, 0xFE, 0x00, 0x00,
    0x07, 0x00, 0x03, 0x80, 0x01, 0xC0, 0x00, 0xE0, 0xFF, 0xF0, 0xFF, 0xF0, 0xFF, 0xE0, 0xF0, 0x78,
    0x70, 0x1C, 0x78, 0x0F, 0x38, 0x03, 0x9C, 0x01, 0xCE, 0x00, 0xE7, 0x00, 0x73, 0xC0, 0x78, 0xE0,
    0x38, 0x78, 0x3C, 0x1F, 0xFC, 0x07, 0xFC, 0x01, 0xFC, 0x00, 0x00, 0x00, 0x00, 0x00, 0x0C, 0x00,
    0x0F, 0x00, 0x07, 0x80, 0x01, 0x80, 0x00, 0xE0, 0x3B, 0x80, 0xEE, 0x03, 0xB8, 0x0E, 0xE0, 0x3B,
    0x80, 0xEE, 0x03, 0xB8, 0x0E, 0xE0, 0x3B, 0x80, 0xEE, 0x03, 0xBC, 0x1E, 0xF0, 0x79, 0xFF, 0xE7,
    0xFB, 0x87, 0xCE, 0x00, 0x00, 0x00, 0x00, 0x30, 0x01, 0xE0, 0x07, 0x80, 0x0C, 0x00, 0x03, 0xC0,
    0x01, 0xF0, 0x00, 0x38, 0x00, 0x18, 0x00, 0x1C, 0x00, 0x00, 0x00, 0x00, 0x01, 0xC0, 0x07, 0xE0,
    0x03, 0xF0, 0x01, 0xF8, 0x00, 0xFC, 0x00, 0x7E, 0x00, 0x3F, 0x00, 0x1F, 0x80, 0x0F, 0xC0, 0x07,
    0xE0, 0x03, 0xF0, 0x01, 0xF8, 0x00, 0xFC, 0x00, 0x7E, 0x00, 0x3F, 0x00, 0x1F, 0xC0, 0x1F, 0xE0,
    0x0F, 0x7C, 0x0F, 0x1F, 0xFF, 0x07, 0xFF, 0x00, 0xFE, 0x00, 0x0F, 0x00, 0x3E, 0x00, 0x38, 0x00,
    0xC0, 0x00, 0x00, 0x00, 0x0E, 0x03, 0xB8, 0x0E, 0xE0, 0x3B, 0x80, 0xEE, 0x03, 0xB8, 0x0E, 0xE0,
    0x3B, 0x80, 0xEE, 0x03, 0xB8, 0x0E, 0xE0, 0x3B, 0xC1, 0xEF, 0x07, 0x9F, 0xFE, 0x7F, 0xB8, 0x7C,
    0xE0, 0x01, 0xC0, 0x03, 0xC0, 0x03, 0x87, 0x07, 0x07, 0x00, 0x07, 0x00, 0x07, 0xE0, 0x3F, 0xE0,
    0x3E, 0xE0, 0x38, 0xE0, 0x38, 0xE0, 0x38, 0xE0, 0x38, 0xE0, 0x38, 0xE0, 0x38, 0xE0, 0x38, 0xE0,
    0x38, 0xE0, 0x38, 0xF0, 0x78, 0xF0, 0x78, 0x7F, 0xF8, 0x7F, 0xB8, 0x1F, 0x38, 0x1C, 0x00, 0x0E,
    0x00, 0x0E, 0x07, 0x07, 0x07, 0x00, 0x07, 0x00, 0x07, 0xE0, 0x3F, 0xE0, 0x3E, 0xE0, 0x38, 0xE0,
    0x38, 0xE0, 0x38, 0xE0, 0x38, 0xE0, 0x38, 0xE0, 0x38, 0xE0, 0x38, 0xE0, 0x38, 0xE0, 0x38, 0xF0,
    0x78, 0xF0, 0x78, 0x7F, 0xF8, 0x7F, 0xB8, 0x1F, 0x38, 0x0F, 0x00, 0x0F, 0x80, 0x03, 0x80, 0x03,
    0x07, 0x00, 0x07, 0x00, 0x07, 0xE0, 0x3F, 0xE0, 0x3E, 0xE0, 0x38, 0xE0, 0x38, 0xE0, 0x38, 0xE0,
    0x38, 0xE0, 0x38, 0xE0, 0x38, 0xE0, 0x38, 0xE0, 0x38, 0xE0, 0x38, 0xF0, 0x78, 0xF0, 0x78, 0x7F,
    0xF8, 0x7F, 0xB8, 0x1F, 0x38, 0x1F, 0xE0, 0x3F, 0xC0, 0x04, 0x07, 0x00, 0x07, 0x00, 0x07, 0xE0,
    0x3F, 0xE0, 0x3E, 0xE0, 0x38, 0xE0, 0x38, 0xE0, 0x38, 0xE0, 0x38, 0xE0, 0x38, 0xE0, 0x38, 0xE0,
    0x38, 0xE0, 0x38, 0xE0, 0x38, 0xF0, 0x78, 0xF0, 0x78, 0x7F, 0xF8, 0x7F, 0xB8, 0x1F, 0x38, 0x00,
    0x07, 0x00, 0x07, 0x00, 0x07, 0x00, 0x07, 0xE0, 0x3F, 0xE0, 0x3E, 0xE0, 0x38, 0xE0, 0x38, 0xE0,
    0x38, 0xE0, 0x38, 0xE0, 0x38, 0xE0, 0x38, 0xE0, 0x38, 0xE0, 0x38, 0xE0, 0x38, 0xF0, 0x78, 0xF0,
    0x78, 0x7F, 0xF8, 0x7F, 0xB8, 0x1F, 0x38, 0x00, 0x00, 0x00, 0x00, 0x03, 0x00, 0x07, 0x80, 0x07,
    0x80, 0x03, 0x00, 0x55, 0x55, 0x55, 0x55, 0x55, 0x40, 0x01, 0x89, 0xB1, 0xC3, 0x8F, 0xB5, 0x08,
    0x10, 0x20, 0x40, 0x81, 0x02, 0x04, 0x08, 0x10, 0x20, 0x40, 0x81, 0x02, 0x00, 0x00, 0x0C, 0x06,
    0x7E, 0x46, 0x4C, 0x48, 0x40, 0x40, 0x40, 0x40, 0x40, 0x40, 0x40, 0x40, 0x40, 0x40, 0x40, 0x40,
    0x40, 0x40, 0x40, 0x00, 0x61, 0x87, 0xF6, 0x26, 0x40, 0x81, 0x02, 0x04, 0x08, 0x10, 0x20, 0x40,
    0x81, 0x02, 0x04, 0x08, 0x10, 0x20, 0x40, 0xFF, 0xFF, 0xFF, 0xFF, 0xFF, 0xF8, 0xFF, 0xFF, 0xFF,
    0xFF, 0xFF, 0xFF, 0xFF, 0xFF, 0xFF, 0xFF, 0xFE, 0x39, 0xCE, 0x77, 0x39, 0xDE, 0x7B, 0xDC, 0xE7,
    0x33, 0x9C, 0x38, 0xE7, 0x1C, 0xE3, 0x1C, 0xE7, 0x1C, 0xE3, 0x9C, 0xF7, 0x9E, 0x79, 0xEF, 0x39,
    0xC7, 0x38, 0xE7, 0x38, 0xC7, 0x38, 0xE7, 0x1C, 0x39, 0xE7, 0x3D, 0xE7, 0x38, 0xE7, 0x1C, 0xE3,
    0x9C, 0xE3, 0x1C, 0x60, 0x30, 0x1B, 0xC1, 0xE0, 0xFF, 0x07, 0x83, 0xD8, 0x0C, 0x06, 0x00, 0x00,
    0x00, 0x00, 0x00, 0x1C, 0x00, 0x00, 0x0E, 0x07, 0xFF, 0x87, 0x07, 0xFF, 0xC3, 0x83, 0xFF, 0xE1,
    0xC0, 0x00, 0x70, 0xE0, 0x00, 0x38, 0x70, 0x00, 0x3C, 0x38, 0x00, 0x1C, 0x1C, 0x00, 0x0E, 0x0E,
    0x00, 0x0F, 0x07, 0xF0, 0x07, 0x03, 0xF8, 0x07, 0x81, 0xFC, 0x07, 0x80, 0xE0, 0x03, 0xC0, 0x70,
    0x07, 0xC0, 0x38, 0x07, 0xC0, 0x1C, 0x07, 0xC0, 0x0E, 0x0F, 0xC0, 0x07, 0x0F, 0x80, 0x03, 0x83,
    0x80, 0x01, 0xC0, 0x00, 0x00, 0xE0, 0x00, 0x00, 0x70, 0x00, 0x00, 0x38, 0x00, 0x00, 0x1C, 0x00,
    0x00, 0x0E, 0x00, 0x00, 0x00, 0x00, 0x00, 0x00, 0x07, 0x03, 0xFF, 0xC1, 0xC0, 0xFF, 0xF8, 0x70,
    0x3F, 0xFC, 0x1C, 0x00, 0x07, 0x07, 0x00, 0x01, 0xC1, 0xC0, 0x00, 0xF0, 0x7F, 0x00, 0x38, 0x1F,
    0xC0, 0x1E, 0x07, 0xF0, 0x0F, 0x01, 0xC0, 0x0F, 0x80, 0x70, 0x07, 0xC0, 0x1C, 0x0F, 0xE0, 0x07,
    0x07, 0xE0, 0x01, 0xC1, 0xE0, 0x00, 0x70, 0x00, 0x00, 0x1C, 0x01, 0xFF, 0xFF, 0x00, 0xFF, 0xFF,
    0xC0, 0x3F, 0xFF, 0xF0, 0x00, 0x00, 0x1C, 0x00, 0x00, 0x07, 0x00, 0x00, 0x01, 0xC0, 0x00, 0x00,
    0x70, 0x00, 0x00, 0x1C, 0x00, 0x00, 0x07, 0x00, 0x00, 0x01, 0xC0, 0x00, 0x00, 0x00, 0x00, 0x00,
    0x07, 0x00, 0x00, 0x01, 0xC0, 0xFF, 0xF8, 0x70, 0x3F, 0xFE, 0x1C, 0x00, 0x07, 0x87, 0x00, 0x01,
    0xC1, 0xC0, 0x00, 0x70, 0x70, 0x00, 0x3C, 0x1F, 0x80, 0x1E, 0x07, 0xF0, 0x0F, 0x01, 0xFC, 0x07,
    0xC0, 0x70, 0x03, 0xE0, 0x1C, 0x03, 0xE0, 0x07, 0x07, 0xF0, 0x01, 0xC1, 0xF0, 0x00, 0x70, 0x30,
    0x00, 0x1C, 0x00, 0x00, 0x07, 0x00, 0x70, 0x01, 0xC0, 0x1C, 0x00, 0x70, 0x07, 0x00, 0x00, 0x01,
    0xC0, 0x00, 0x00, 0x70, 0x00, 0x00, 0x1C, 0x00, 0x00, 0x07, 0xFF, 0xFE, 0x01, 0xFF, 0xFF, 0x80,
    0x7F, 0xFF, 0xE0, 0x00, 0x00, 0x00, 0x00, 0x00, 0x1C, 0x1F, 0xFF, 0x8E, 0x0F, 0xFF, 0x87, 0x03,
    0xFF, 0xC3, 0x80, 0x00, 0xE1, 0xC0, 0x00, 0xF0, 0xFE, 0x00, 0x70, 0x7F, 0x00, 0x78, 0x3F, 0x80,
    0x78, 0x1C, 0x00, 0xF8, 0x0E, 0x03, 0xF8, 0x07, 0x07, 0xF0, 0x03, 0x83, 0xF0, 0x01, 0xC1, 0xC0,
    0x00, 0x00, 0x1F, 0xFF, 0xF0, 0x0F, 0xFF, 0xF8, 0x07, 0xFF, 0xFC, 0x00, 0x00, 0x0E, 0x00, 0x00,
    0x07, 0x00, 0xFF, 0xFF, 0x80, 0x7F, 0xFF, 0xC0, 0x38, 0x00, 0x00, 0x1C, 0x00, 0x00, 0x0E, 0x00,
    0x00, 0x07, 0xFF, 0xFE, 0x03, 0xFF, 0xFF, 0x00, 0x00, 0x00, 0x38, 0x00, 0x00, 0x1C, 0x1F, 0xFF,
    0x0E, 0x0F, 0xFF, 0x87, 0x03, 0xFF, 0xC3, 0x80, 0x00, 0xE1, 0xC0, 0x00, 0xE0, 0xFE, 0x00, 0x70,
    0x7F, 0x00, 0x70, 0x3F, 0x80, 0x78, 0x1C, 0x00, 0xF8, 0x0E, 0x01, 0xF8, 0x07, 0x07, 0xF8, 0x03,
    0x87, 0xF0, 0x01, 0xC1, 0xE0, 0x00, 0xE0, 0x00, 0x00, 0x00, 0x1C, 0x38, 0x70, 0x0E, 0x1C, 0x78,
    0x07, 0x0E, 0x3C, 0x03, 0x87, 0x1E, 0x01, 0xFF, 0x8F, 0x00, 0xFF, 0xC7, 0x80, 0x70, 0xE7, 0xE0,
    0x38, 0x77, 0xF8, 0x1F, 0xFF, 0x9E, 0x0F, 0xFF, 0xC7, 0x87, 0xFF, 0x81, 0x80, 0x00, 0x00, 0x00,
    0x00, 0x00, 0x00, 0x00, 0x00, 0x0F, 0x03, 0xFF, 0xC3, 0xC1, 0xFF, 0xF0, 0xF0, 0x7F, 0xFC, 0x3C,
    0x00, 0x07, 0x0F, 0x00, 0x03, 0xC3, 0xC0, 0x00, 0xF0, 0xFE, 0x00, 0x38, 0x3F, 0xC0, 0x1E, 0x0F,
    0xF0, 0x0F, 0x03, 0xC0, 0x07, 0x80, 0xF0, 0x07, 0xC0, 0x3C, 0x07, 0xE0, 0x0F, 0x07, 0xE0, 0x03,
    0xC1, 0xE0, 0x00, 0xF0, 0x60, 0x00, 0x1C, 0x00, 0x3F, 0xF0, 0x00, 0x3F, 0xFF, 0x00, 0x1F, 0x83,
    0xE0, 0x0F, 0x00, 0x3C, 0x03, 0x80, 0x07, 0x00, 0xE0, 0x01, 0xC0, 0x3C, 0x00, 0xF0, 0x07, 0xFF,
    0xF8, 0x00, 0xFF, 0xFC, 0x00, 0x0F, 0xFC, 0x00, 0x00, 0x00, 0x0E, 0x00, 0x07, 0x1C, 0x00, 0x0E,
    0x38, 0x00, 0x1C, 0x77, 0xFF, 0x38, 0xEF, 0xFE, 0x71, 0xCF, 0xFC, 0xE3, 0x80, 0x39, 0xC7, 0x00,
    0x73, 0x8E, 0x01, 0xC7, 0x1C, 0x03, 0x8E, 0x38, 0x07, 0x1F, 0xF0, 0x1E, 0x3F, 0xE0, 0x38, 0x7F,
    0xC0, 0xF0, 0xE3, 0x83, 0xC1, 0xC7, 0x0F, 0x03, 0x8E, 0x3C, 0x07, 0x1C, 0xF0, 0x0E, 0x3B, 0xC0,
    0x1C, 0x77, 0x00, 0x38, 0xE4, 0x00, 0x71, 0xC0, 0x00, 0xE3, 0x80, 0x01, 0xC7, 0x00, 0x03, 0x8E,
    0x00, 0x07, 0x1C, 0x00, 0x00, 0x38, 0x00, 0x00, 0x00, 0x00, 0x03, 0x8E, 0x3F, 0xF3, 0x8E, 0x7F,
    0xF3, 0x8E, 0x7F, 0xF3, 0x8E, 0x00, 0xF3, 0x8E, 0x00, 0xE3, 0xFE, 0x00, 0xE3, 0xFE, 0x01, 0xE3,
    0xFE, 0x03, 0xC3, 0x8E, 0x07, 0x83, 0x8E, 0x0F, 0x03, 0x8E, 0x7E, 0x03, 0x8E, 0x7C, 0x03, 0x8E,
    0x70, 0x00, 0x00, 0x07, 0xFF, 0xFC, 0x07, 0xFF, 0xFE, 0x07, 0xFF, 0xFE, 0x00, 0x00, 0x0E, 0x00,
    0x00, 0x0E, 0x07, 0xFF, 0xFE, 0x07, 0xFF, 0xFE, 0x07, 0x00, 0x00, 0x07, 0x00, 0x00, 0x07, 0x00,
    0x00, 0x07, 0xFF, 0xFF, 0x07, 0xFF, 0xFF, 0x00, 0x00, 0x0C, 0x00, 0x00, 0x3C, 0x00, 0x00, 0x79,
    0xFF, 0xE0, 0xF3, 0xFF, 0xC1, 0xE7, 0xFF, 0x83, 0xC0, 0x07, 0x07, 0x80, 0x0E, 0x0F, 0x00, 0x3C,
    0x1E, 0x00, 0x70, 0x3C, 0x00, 0xE0, 0x78, 0x03, 0xDF, 0xF0, 0x07, 0x3F, 0xE0, 0x1E, 0x7F, 0xC0,
    0x78, 0x07, 0x80, 0xF0, 0x0F, 0x07, 0xC0, 0x1E, 0x1F, 0x00, 0x3C, 0x7C, 0x00, 0x7B, 0xF0, 0x00,
    0xF7, 0x80, 0x01, 0xEE, 0x00, 0x03, 0xC0, 0x00, 0x07, 0x80, 0x00, 0x0F, 0x00, 0x00, 0x1E, 0x00,
    0x00, 0x3C, 0x00, 0x00, 0x78, 0x00, 0x00, 0x00, 0x00, 0x00, 0x3C, 0xFF, 0xF0, 0x79, 0xFF, 0xE0,
    0xF3, 0xFF, 0xC1, 0xE0, 0x03, 0x83, 0xC0, 0x0F, 0x07, 0x80, 0x1D, 0xFF, 0x00, 0x7B, 0xFE, 0x00,
    0xE7, 0xFC, 0x07, 0xC0, 0x78, 0x1F, 0x00, 0xF0, 0xFC, 0x01, 0xE7, 0xE0, 0x03, 0xDF, 0x80, 0x07,
    0xB8, 0x00, 0x0F, 0x00, 0x00, 0x00, 0x0F, 0xFF, 0xFC, 0x1F, 0xFF, 0xF8, 0x38, 0x00, 0xF0, 0x70,
    0x01, 0xE0, 0xE0, 0x03, 0xC1, 0xC0, 0x07, 0x83, 0x80, 0x0F, 0x07, 0xFF, 0xFE, 0x0F, 0xFF, 0xFC,
    0x1F, 0xFF, 0xF8, 0x00, 0x00, 0x0E, 0x00, 0x03, 0x1C, 0x00, 0x0E, 0x38, 0x00, 0x1C, 0x77, 0xFF,
    0x38, 0xEF, 0xFE, 0x71, 0xCF, 0xFC, 0xE3, 0x80, 0x39, 0xC7, 0x00, 0xF3, 0x8E, 0x01, 0xC7, 0x1C,
    0x03, 0x8E, 0x38, 0x07, 0xFC, 0x70, 0x1F, 0xF8, 0xE0, 0x3F, 0xF1, 0xC0, 0xF0, 0xE3, 0x83, 0xC1,
    0xC7, 0x0F, 0x03, 0x8E, 0x3E, 0x07, 0x1C, 0xF8, 0x0E, 0x3B, 0xE0, 0x1C, 0x77, 0x00, 0x38, 0xEC,
    0x00, 0x71, 0xC0, 0x00, 0xE3, 0x80, 0x01, 0xC7, 0x00, 0x03, 0x8E, 0x00, 0x07, 0x1C, 0x00, 0x00,
    0x38, 0x00, 0x00, 0x00, 0x00, 0x01, 0xC7, 0x00, 0x10, 0xE3, 0x87, 0xFE, 0x71, 0xC3, 0xFF, 0x38,
    0xE0, 0x07, 0x9C, 0x70, 0x03, 0xCE, 0x38, 0x01, 0xC7, 0x1C, 0x01, 0xFF, 0x8E, 0x00, 0xFF, 0xC7,
    0x00, 0xFF, 0xE3, 0x80, 0xF0, 0x71, 0xC0, 0xF0, 0x38, 0xE1, 0xF0, 0x1C, 0x71, 0xF0, 0x0E, 0x38,
    0xF0, 0x07, 0x1C, 0x20, 0x00, 0x00, 0x00, 0xE0, 0x70, 0x00, 0x70, 0x38, 0x00, 0x78, 0x1E, 0x00,
    0x3C, 0x0F, 0x00, 0x1E, 0x0F, 0x80, 0x1F, 0x87, 0xE0, 0x1F, 0xE7, 0x78, 0x1E, 0x7F, 0x9F, 0x1E,
    0x1F, 0x87, 0xC6, 0x07, 0x81, 0xC0, 0x00, 0x00, 0x00, 0x00, 0x00, 0x00, 0x00, 0x00, 0x3C, 0x00,
    0x00, 0x79, 0xFF, 0xE0, 0xF7, 0xFF, 0xC1, 0xEF, 0xFF, 0x83, 0xC0, 0x07, 0x07, 0x80, 0x0E, 0x0F,
    0x00, 0x3F, 0xFE, 0x00, 0x7F, 0xFC, 0x00, 0xE0, 0x78, 0x03, 0xC0, 0xF0, 0x07, 0x01, 0xE0, 0x1E,
    0x03, 0xC0, 0x78, 0x07, 0x80, 0xF7, 0xFF, 0x03, 0xCF, 0xFE, 0x1F, 0x0F, 0xFC, 0x7C, 0x00, 0x7B,
    0xF0, 0x00, 0xF7, 0x80, 0x01, 0xEE, 0x00, 0x03, 0xC0, 0x00, 0x07, 0x80, 0x00, 0x0F, 0x00, 0x00,
    0x1E, 0x00, 0x00, 0x3C, 0x00, 0x00, 0x78, 0x00, 0x00, 0x1C, 0x00, 0x00, 0x38, 0xFF, 0xF0, 0x71,
    0xFF, 0xE0, 0xE0, 0x01, 0xFF, 0xC0, 0x03, 0xFF, 0x80, 0x0F, 0xFF, 0x00, 0x1C, 0x0E, 0x00, 0x70,
    0x1C, 0x01, 0xE0, 0x38, 0x0F, 0x9F, 0xF0, 0x3E, 0x3F, 0xE3, 0xF8, 0x7F, 0xCF, 0xC0, 0x03, 0x9E,
    0x00, 0x07, 0x00, 0x00, 0x0E, 0x00, 0x00, 0x00, 0x1F, 0xFF, 0xF8, 0x3F, 0xFF, 0xF0, 0x00, 0x00,
    0xE0, 0x00, 0x01, 0xC0, 0x00, 0x03, 0x80, 0x00, 0x07, 0x00, 0x00, 0x0E, 0x00, 0x00, 0x1C, 0x00,
    0x00, 0x38, 0x00, 0x00, 0x1E, 0x3F, 0xFC, 0x1E, 0x3F, 0xFC, 0x1E, 0x3F, 0xFC, 0x1E, 0x00, 0x3F,
    0xFE, 0x00, 0x3F, 0xFE, 0x00, 0x38, 0x1E, 0x00, 0x78, 0x1E, 0x00, 0xF0, 0x1E, 0x03, 0xEF, 0xFE,
    0x0F, 0xCF, 0xFE, 0x7F, 0x80, 0x1E, 0x7E, 0x00, 0x1E, 0x30, 0x00, 0x0C, 0x07, 0xFF, 0xFC, 0x07,
    0xFF, 0xFE, 0x07, 0xFF, 0xFE, 0x00, 0x00, 0x1E, 0x00, 0x00, 0x1E, 0x07, 0xFF, 0xFE, 0x07, 0xFF,
    0xFE, 0x07, 0x00, 0x00, 0x07, 0x00, 0x00, 0x07, 0x00, 0x00, 0x07, 0xFF, 0xFE, 0x07, 0xFF, 0xFE,
    0x00, 0x00, 0x00, 0x00, 0x00, 0x3C, 0x00, 0x00, 0x79, 0xFF, 0xE0, 0xF3, 0xFF, 0xC1, 0xE0, 0x07,
    0xFF, 0xC0, 0x07, 0xFF, 0x80, 0x1F, 0xFF, 0x00, 0x38, 0x1E, 0x00, 0xF0, 0x3C, 0x03, 0xC0, 0x78,
    0x0F, 0x3F, 0xF0, 0x7C, 0x7F, 0xE3, 0xF0, 0x03, 0xDF, 0x80, 0x07, 0xBE, 0x00, 0x0F, 0x20, 0x00,
    0x0C, 0x00, 0xFF, 0xC0, 0x07, 0xFF, 0xE0, 0x1F, 0x07, 0xE0, 0x78, 0x01, 0xE0, 0xE0, 0x03, 0xC1,
    0xC0, 0x07, 0x83, 0xC0, 0x1E, 0x03, 0xFF, 0xFC, 0x03, 0xFF, 0xF0, 0x01, 0xFF, 0x00, 0x00, 0x00,
    0x0E, 0x00, 0x03, 0x9C, 0x00, 0x07, 0x38, 0x00, 0x0E, 0x77, 0xFF, 0x1C, 0xEF, 0xFE, 0x39, 0xCF,
    0xFC, 0x73, 0x80, 0x38, 0xE7, 0x00, 0xFF, 0xCE, 0x01, 0xFF, 0x9C, 0x03, 0xFF, 0x38, 0x07, 0x0E,
    0x70, 0x1C, 0x1C, 0xE0, 0x38, 0x39, 0xC0, 0xE0, 0x73, 0x83, 0xCF, 0xE7, 0x0F, 0x1F, 0xCE, 0x3C,
    0x03, 0x9C, 0xF0, 0x07, 0x3F, 0xC0, 0x0E, 0x77, 0x00, 0x1C, 0xE4, 0x00, 0x39, 0xC0, 0x00, 0x73,
    0x80, 0x00, 0xE7, 0x00, 0x01, 0xCE, 0x00, 0x03, 0x9C, 0x00, 0x00, 0x38, 0x3F, 0xFF, 0xF8, 0x3F,
    0xFF, 0xF8, 0x3F, 0xFF, 0xF8, 0x00, 0x00, 0x38, 0x00, 0x00, 0x38, 0x00, 0x00, 0x38, 0x00, 0x00,
    0x38, 0x00, 0x00, 0x38, 0x00, 0x00, 0x38, 0x00, 0x70, 0x38, 0x00, 0x70, 0x38, 0x00, 0x70, 0x38,
    0x00, 0x70, 0x78, 0x00, 0x70, 0x78, 0x00, 0x70, 0x70, 0x00, 0x70, 0x30, 0x00, 0x70, 0x00, 0x00,
    0x70, 0x00, 0x00, 0x70, 0x00, 0xFF, 0xFF, 0xFF, 0xFF, 0xFF, 0xFF, 0x00, 0x00, 0x00, 0x1F, 0xFF,
    0xF8, 0x0F, 0xFF, 0xFC, 0x07, 0xFF, 0xFE, 0x00, 0x00, 0x07, 0x00, 0x00, 0x03, 0x80, 0x00, 0x01,
    0xC0, 0x00, 0xE0, 0xE0, 0x00, 0x70, 0x70, 0x00, 0x38, 0x38, 0x00, 0x1C, 0x00, 0x00, 0x0E, 0x00,
    0x1F, 0xFF, 0xFF, 0xEF, 0xFF, 0xFF, 0xF3, 0xFF, 0xFF, 0xF8, 0x00, 0x00, 0x00, 0x00, 0x00, 0x00,
    0x03, 0xFF, 0xC0, 0x07, 0xFF, 0xF8, 0x07, 0xC0, 0x3E, 0x03, 0x80, 0x07, 0x01, 0xC0, 0x03, 0xC0,
    0xF0, 0x01, 0xC0, 0x3E, 0x07, 0xE0, 0x0F, 0xFF, 0xE0, 0x01, 0xFF, 0x80, 0x00, 0x00, 0x00, 0x1C,
    0x00, 0x00, 0x07, 0x00, 0x00, 0x01, 0xC0, 0x7F, 0xF8, 0x70, 0x3F, 0xFF, 0x1C, 0x0F, 0xFF, 0xC7,
    0x00, 0x00, 0x71, 0xC0, 0x00, 0x1C, 0x70, 0x00, 0x07, 0x1C, 0x00, 0x01, 0xC7, 0x00, 0x00, 0xF1,
    0xC0, 0x0E, 0x3C, 0x7F, 0x03, 0x8F, 0x1F, 0xC0, 0xE3, 0x87, 0xF0, 0x38, 0xE1, 0xC0, 0x0E, 0x18,
    0x70, 0x03, 0x80, 0x1C, 0x00, 0xE0, 0x07, 0x00, 0x38, 0x09, 0xC1, 0xFF, 0xFF, 0x70, 0x7F, 0xFF,
    0x9C, 0x1F, 0xFC, 0x07, 0x00, 0x00, 0x01, 0xC0, 0x00, 0x00, 0x70, 0x00, 0x00, 0x1C, 0x00, 0x00,
    0x07, 0x00, 0x00, 0x01, 0xC0, 0x00, 0x00, 0x18, 0x00, 0x00, 0x1C, 0x00, 0x00, 0x0E, 0x07, 0xFF,
    0xC7, 0x03, 0xFF, 0xE3, 0x80, 0x00, 0x71, 0xC0, 0x00, 0x38, 0xE0, 0x00, 0x1C, 0x70, 0x00, 0x0E,
    0x38, 0x03, 0x87, 0x1F, 0xC1, 0xC3, 0x8F, 0xE0, 0xE1, 0xC7, 0xE0, 0x70, 0x03, 0x80, 0x38, 0x19,
    0xC3, 0xFF, 0xFE, 0xE1, 0xFF, 0xFF, 0x70, 0xFF, 0xC0, 0x38, 0x00, 0x00, 0x1C, 0x00, 0x00, 0x0E,
    0x01, 0xC0, 0x07, 0x00, 0xE0, 0x03, 0x80, 0x70, 0x00, 0x00, 0x38, 0x00, 0x00, 0x1C, 0x00, 0x00,
    0x0F, 0xFF, 0xFC, 0x07, 0xFF, 0xFE, 0x03, 0xFF, 0xFF, 0x00, 0x0F, 0xFF, 0xF8, 0x0F, 0xFF, 0xFE,
    0x07, 0xFF, 0xFF, 0x00, 0x00, 0x07, 0x80, 0x00, 0x03, 0xC0, 0x00, 0x01, 0xE0, 0x00, 0x00, 0xF0,
    0x00, 0x00, 0x70, 0x00, 0x00, 0x38, 0x00, 0x00, 0x1C, 0x00, 0x00, 0x0E, 0x0F, 0xFF, 0xFF, 0xEF,
    0xFF, 0xFF, 0xFF, 0xFF, 0xFF, 0xFC, 0x00, 0x70, 0x00, 0x00, 0x38, 0x00, 0x00, 0x1C, 0x00, 0x00,
    0x0E, 0x00, 0x00, 0x07, 0x00, 0x00, 0x03, 0x80, 0x00, 0x01, 0xC0, 0x00, 0x00, 0xE0, 0x00, 0x00,
    0x70, 0x00, 0x00, 0x38, 0x00, 0x00, 0x1C, 0x00, 0x00, 0x00, 0x00, 0x00, 0x0F, 0xFF, 0xFC, 0x07,
    0xFF, 0xFE, 0x03, 0xFF, 0xFF, 0x00, 0x00, 0x03, 0x80, 0x00, 0x01, 0xC0, 0x00, 0x00, 0xE0, 0x00,
    0x00, 0x70, 0x00, 0x00, 0x38, 0x00, 0x00, 0x1C, 0x3F, 0xFF, 0xFF, 0xDF, 0xFF, 0xFF, 0xEF, 0xFF,
    0xFF, 0xF0, 0x00, 0xE0, 0x00, 0x00, 0x70, 0x00, 0x00, 0x38, 0x00, 0x00, 0x1C, 0x00, 0x0F, 0xFF,
    0xFC, 0x07, 0xFF, 0xFE, 0x03, 0xFF, 0xFF, 0x00, 0x00, 0x03, 0x80, 0x00, 0x01, 0xC0, 0x00, 0x00,
    0xE0, 0x00, 0x00, 0x70, 0x00, 0x00, 0x38, 0x00, 0x00, 0x1C, 0x00, 0x00, 0x00, 0x1C, 0x00, 0x00,
    0x38, 0x00, 0x20, 0x71, 0xFF, 0xF0, 0xE3, 0xFF, 0xE1, 0xC0, 0x01, 0xC3, 0x80, 0x03, 0x87, 0x00,
    0x07, 0x0E, 0x00, 0x0E, 0x1C, 0x00, 0x1C, 0x38, 0x00, 0x78, 0x70, 0x00, 0xF0, 0xE0, 0x01, 0xE1,
    0xDF, 0xFF, 0xFB, 0xBF, 0xFF, 0xF7, 0x7F, 0xFC, 0x0E, 0x01, 0xC0, 0x1C, 0x03, 0x80, 0x38, 0x07,
    0x00, 0x70, 0x0E, 0x00, 0xE0, 0x1C, 0x01, 0xC0, 0x38, 0x03, 0x80, 0x70, 0x07, 0x00, 0xE0, 0x0E,
    0x01, 0xC0, 0x1C, 0x03, 0x80, 0x38, 0x00, 0x00, 0x70, 0x0F, 0xFF, 0xFE, 0x03, 0xFF, 0xFF, 0x80,
    0xFF, 0xFF, 0xE0, 0x00, 0x00, 0x78, 0x00, 0x00, 0x1E, 0x00, 0x00, 0x07, 0x80, 0x00, 0x01, 0xE0,
    0x00, 0x00, 0x70, 0x00, 0x00, 0x1C, 0x00, 0x00, 0x07, 0x07, 0xFF, 0xFF, 0xF9, 0xFF, 0xFF, 0xFF,
    0x7F, 0xFF, 0xFF, 0x80, 0x1C, 0x38, 0x00, 0x07, 0x0E, 0x00, 0x01, 0xC3, 0x80, 0x0E, 0x70, 0xE0,
    0x03, 0x9C, 0x38, 0x00, 0xE7, 0x0E, 0x00, 0x38, 0x00, 0x00, 0x0E, 0x00, 0x00, 0x03, 0x80, 0x00,
    0x00, 0xFF, 0xFF, 0xE0, 0x3F, 0xFF, 0xF8, 0x0F, 0xFF, 0xFE, 0x00, 0x1F, 0xFF, 0xF8, 0x0F, 0xFF,
    0xFC, 0x07, 0xFF, 0xFE, 0x00, 0x00, 0x07, 0x00, 0x00, 0x03, 0x80, 0x00, 0x01, 0xC0, 0x00, 0x00,
    0xE0, 0x00, 0x00, 0x70, 0x00, 0x00, 0x38, 0x00, 0x00, 0x1C, 0x00, 0x00, 0x0E, 0x00, 0x00, 0x07,
    0x00, 0x00, 0x03, 0x80, 0x00, 0x01, 0xC0, 0x00, 0x01, 0xE0, 0x00, 0x00, 0xF0, 0x00, 0x00, 0x00,
    0x00, 0x00, 0x00, 0x3F, 0xFF, 0xFF, 0xDF, 0xFF, 0xFF, 0xEF, 0xFF, 0xFF, 0xF0, 0x1F, 0xFF, 0xF8,
    0x0F, 0xFF, 0xFE, 0x07, 0xFF, 0xFF, 0x00, 0x00, 0x07, 0x80, 0x00, 0x03, 0xC0, 0x00, 0x01, 0xE0,
    0x00, 0x00, 0xF0, 0x00, 0x00, 0x70, 0x00, 0x00, 0x38, 0x00, 0x00, 0x1C, 0x00, 0x00, 0x0E, 0x1F,
    0xFF, 0xFF, 0xEF, 0xFF, 0xFF, 0xF0, 0x00, 0x00, 0x00, 0x00, 0x00, 0x00, 0x00, 0x00, 0x00, 0x1C,
    0x00, 0x00, 0x0E, 0x00, 0x00, 0x07, 0x00, 0x00, 0x03, 0x80, 0x00, 0x01, 0xC0, 0x00, 0x00, 0xE0,
    0x00, 0x00, 0x7F, 0xFF, 0xF0, 0x3F, 0xFF, 0xF8, 0x1F, 0xFF, 0xFC, 0x00, 0x00, 0x00, 0x00, 0x0F,
    0xFF, 0xFC, 0x07, 0xFF, 0xFE, 0x00, 0x00, 0x07, 0x00, 0x00, 0x03, 0x80, 0x00, 0x01, 0xC0, 0x00,
    0x00, 0xE0, 0x00, 0x00, 0x70, 0x00, 0x00, 0x38, 0x7F, 0xFF, 0xFF, 0xBF, 0xFF, 0xFF, 0xDF, 0xFF,
    0xFF, 0xE0, 0x00, 0x00, 0x00, 0x00, 0x00, 0x00, 0x7F, 0xFF, 0xE0, 0x3F, 0xFF, 0xF0, 0x1F, 0xFF,
    0xF8, 0x00, 0x00, 0x1C, 0x00, 0x00, 0x0E, 0x03, 0xFF, 0xFF, 0x01, 0xFF, 0xFF, 0x80, 0xE0, 0x00,
    0x00, 0x70, 0x00, 0x00, 0x38, 0x00, 0x00, 0x1F, 0xFF, 0xFC, 0x0F, 0xFF, 0xFE, 0x00, 0x1F, 0xFF,
    0xF8, 0x0F, 0xFF, 0xFC, 0x07, 0xFF, 0xFE, 0x00, 0x00, 0x07, 0x00, 0x00, 0x03, 0x80, 0x00, 0x01,
    0xC0, 0x00, 0x00, 0xE0, 0x00, 0x00, 0x70, 0x00, 0x00, 0x38, 0x00, 0x00, 0x3C, 0x3F, 0xFF, 0xFF,
    0xDF, 0xFF, 0xFF, 0xEF, 0xFF, 0xFF, 0xF0, 0x00, 0x00, 0x00, 0x00, 0x00, 0x00, 0x3F, 0xFF, 0xF0,
    0x1F, 0xFF, 0xF8, 0x0F, 0xFF, 0xFC, 0x07, 0x00, 0x0E, 0x03, 0x80, 0x07, 0x01, 0xC0, 0x03, 0x80,
    0xE0, 0x01, 0xC0, 0x7F, 0xFF, 0xE0, 0x3F, 0xFF, 0xF0, 0x1F, 0xFF, 0xF8, 0x00, 0x00, 0x00, 0x00,
    0x0F, 0xFF, 0xFC, 0x07, 0xFF, 0xFE, 0x00, 0x00, 0x07, 0x00, 0x00, 0x03, 0x80, 0x00, 0x01, 0xC0,
    0x00, 0x00, 0xE0, 0x00, 0x00, 0x70, 0x00, 0x00, 0x38, 0x00, 0x00, 0x1C, 0x3F, 0xFF, 0xFF, 0xDF,
    0xFF, 0xFF, 0xEF, 0xFF, 0xFF, 0xF0, 0x00, 0x00, 0x00, 0x00, 0x00, 0x00, 0x38, 0x00, 0x70, 0x1C,
    0x00, 0x38, 0x0E, 0x00, 0x1C, 0x07, 0xFF, 0xFE, 0x03, 0xFF, 0xFF, 0x01, 0xFF, 0xFF, 0x80, 0xE0,
    0x01, 0xC0, 0x70, 0x00, 0xE0, 0x3F, 0xFF, 0xF0, 0x1F, 0xFF, 0xF8, 0x0F, 0xFF, 0xFC, 0x00, 0x00,
    0x00, 0x1C, 0x00, 0x00, 0x38, 0x00, 0x00, 0x71, 0xFF, 0xE0, 0xE3, 0xFF, 0xE1, 0xC7, 0xFF, 0xC3,
    0x80, 0x07, 0x87, 0x00, 0x0E, 0x0E, 0x00, 0x1C, 0x1C, 0x00, 0x38, 0x38, 0x00, 0xF0, 0x70, 0x01,
    0xC0, 0xE0, 0x07, 0x81, 0xC0, 0x0E, 0x03, 0x80, 0x3C, 0x07, 0x00, 0xF0, 0x0E, 0x03, 0xC0, 0x1C,
    0x0F, 0x00, 0x38, 0x7C, 0x00, 0x73, 0xF0, 0x00, 0xE7, 0xC0, 0x01, 0xC6, 0x00, 0x03, 0x80, 0x00,
    0x07, 0x00, 0x00, 0x0E, 0x00, 0x00, 0x1C, 0x00, 0x00, 0x38, 0x00, 0x00, 0x70, 0x00, 0x00, 0x1C,
    0x00, 0x30, 0x38, 0xFF, 0xF0, 0x71, 0xFF, 0xE0, 0xE0, 0x01, 0xC1, 0xC0, 0x03, 0x83, 0x80, 0x0F,
    0x07, 0x00, 0x1C, 0x0E, 0x00, 0x78, 0x1C, 0x03, 0xE0, 0x38, 0x0F, 0x80, 0x70, 0xFE, 0x00, 0xE7,
    0xF0, 0x01, 0xCF, 0x80, 0x03, 0x88, 0x00, 0x00, 0x03, 0xFF, 0xFE, 0x07, 0xFF, 0xFC, 0x0F, 0xFF,
    0xF8, 0x00, 0x00, 0x70, 0x00, 0x00, 0xE0, 0x7F, 0xFF, 0xC0, 0xFF, 0xFF, 0x81, 0xC0, 0x00, 0x03,
    0x80, 0x00, 0x07, 0x00, 0x00, 0x0F, 0xFF, 0xFC, 0x1F, 0xFF, 0xF8, 0x00, 0x00, 0x1C, 0x3F, 0xF8,
    0x38, 0xFF, 0xF0, 0x71, 0xFF, 0xE0, 0xE0, 0x01, 0xC1, 0xC0, 0x03, 0x83, 0x80, 0x0F, 0x07, 0x00,
    0x1C, 0x0E, 0x00, 0x70, 0x1C, 0x01, 0xE0, 0x38, 0x0F, 0x80, 0x70, 0x7E, 0x00, 0xE3, 0xF8, 0x01,
    0xCF, 0xC0, 0x03, 0x9E, 0x00, 0x07, 0x00, 0x00, 0x00, 0x07, 0xFF, 0xFC, 0x0F, 0xFF, 0xF8, 0x1C,
    0x00, 0x70, 0x38, 0x00, 0xE0, 0x70, 0x01, 0xC0, 0xE0, 0x03, 0x81, 0xC0, 0x07, 0x03, 0xFF, 0xFE,
    0x07, 0xFF, 0xFC, 0x0F, 0xFF, 0xF8, 0x00, 0x00, 0x00, 0x00, 0x00, 0x07, 0x00, 0x00, 0x01, 0xC0,
    0xFC, 0xF8, 0x70, 0x7F, 0xFF, 0x1C, 0x1F, 0xFF, 0xC7, 0x00, 0x38, 0x71, 0xC0, 0x0E, 0x1C, 0x70,
    0x03, 0x87, 0x1C, 0x01, 0xE1, 0xC7, 0x00, 0x70, 0xE1, 0xC0, 0x1C, 0x38, 0x7F, 0x07, 0x0E, 0x1F,
    0xC3, 0xC3, 0x87, 0xF0, 0xE0, 0xE1, 0xC0, 0x38, 0x70, 0x70, 0x1E, 0x1C, 0x1C, 0x0F, 0x0F, 0x07,
    0x03, 0x83, 0x81, 0xC1, 0xE1, 0xE0, 0x70, 0x30, 0x70, 0x1C, 0x00, 0x3C, 0x07, 0x00, 0x06, 0x01,
    0xC0, 0x00, 0x00, 0x70, 0x00, 0x00, 0x1C, 0x00, 0x00, 0x07, 0x00, 0x00, 0x01, 0xC0, 0x00, 0x00,
    0x0C, 0x00, 0x00, 0x3D, 0xFD, 0xFC, 0x7B, 0xFB, 0xF8, 0xF3, 0xF3, 0xF1, 0xE0, 0xE0, 0xE3, 0xC1,
    0xC3, 0xC7, 0x83, 0x87, 0xFF, 0x0E, 0x0F, 0xFE, 0x3C, 0x3F, 0xFC, 0x70, 0x70, 0x7B, 0xE1, 0xE0,
    0xF7, 0x87, 0x81, 0xEE, 0x1E, 0x03, 0xC0, 0x18, 0x07, 0x80, 0x00, 0x00, 0x07, 0x00, 0x1C, 0x0E,
    0x00, 0x3C, 0x1C, 0x00, 0x78, 0x3F, 0xFF, 0xF0, 0x7F, 0xFF, 0xE0, 0xFF, 0xFF, 0xC1, 0xC0, 0x07,
    0x83, 0x80, 0x0F, 0x07, 0xFF, 0xFE, 0x0F, 0xFF, 0xFC, 0x1F, 0xFF, 0xF8, 0x00, 0x00, 0x0E, 0x00,
    0x03, 0x9C, 0x00, 0x07, 0x38, 0x00, 0x0E, 0x77, 0xEF, 0x9C, 0xEF, 0xDF, 0x39, 0xDF, 0xBE, 0x73,
    0x87, 0x1C, 0xE7, 0x0E, 0x39, 0xCE, 0x1C, 0x73, 0x9C, 0x38, 0xE7, 0x38, 0x71, 0xFE, 0x70, 0xC3,
    0xFC, 0xE3, 0x8F, 0xF9, 0xC7, 0x1C, 0x73, 0x8E, 0x38, 0xE7, 0x38, 0x71, 0xCE, 0x71, 0xC3, 0x9D,
    0xE3, 0x87, 0x3B, 0x8F, 0x0E, 0x76, 0x1C, 0x1C, 0xE0, 0x78, 0x39, 0xC0, 0x20, 0x73, 0x80, 0x00,
    0xE7, 0x00, 0x01, 0xCE, 0x00, 0x03, 0x9C, 0x00, 0x00, 0x38, 0x1F, 0xE3, 0xFC, 0x07, 0xF9, 0xFF,
    0x81, 0xFE, 0x7F, 0xE0, 0x03, 0x80, 0x78, 0x00, 0xE0, 0x1E, 0x00, 0x38, 0x07, 0x80, 0x1E, 0xE1,
    0xC0, 0x07, 0x38, 0x70, 0x01, 0xCE, 0x1C, 0x00, 0x03, 0x80, 0x07, 0xFF, 0xFF, 0xF9, 0xFF, 0xFF,
    0xFE, 0x7F, 0xFF, 0xFF, 0x80, 0x00, 0x00, 0x00, 0x00, 0x00, 0x00, 0x3F, 0xFF, 0xF0, 0x0F, 0xFF,
    0xFC, 0x00, 0x00, 0x07, 0x00, 0x00, 0x01, 0xC0, 0x3F, 0xFF, 0xF0, 0x0F, 0xFF, 0xFC, 0x03, 0x80,
    0x00, 0x00, 0xE0, 0x00, 0x00, 0x38, 0x00, 0x00, 0x0F, 0xFF, 0xFE, 0x03, 0xFF, 0xFF, 0x80, 0x1F,
    0xE7, 0xFC, 0x1F, 0xF3, 0xFE, 0x0F, 0xF9, 0xFF, 0x00, 0x1C, 0x03, 0x80, 0x0E, 0x01, 0xC0, 0x07,
    0x00, 0xE0, 0x03, 0x80, 0xF0, 0x03, 0xC0, 0x78, 0x01, 0xE0, 0x3C, 0x00, 0xE0, 0x1C, 0x00, 0x70,
    0x0E, 0x1F, 0xFF, 0xFF, 0xEF, 0xFF, 0xFF, 0xFF, 0xFF, 0xFF, 0xFC, 0x00, 0x70, 0x00, 0x00, 0x38,
    0x00, 0x00, 0x1C, 0x00, 0x00, 0x0E, 0x00, 0x00, 0x07, 0x00, 0x00, 0x03, 0x80, 0x00, 0x01, 0xC0,
    0x00, 0x00, 0xE0, 0x00, 0x00, 0x70, 0x00, 0x00, 0x38, 0x00, 0x00, 0x1C, 0x00, 0x00, 0x3F, 0xE7,
    0xFC, 0x1F, 0xF3, 0xFE, 0x0F, 0xF9, 0xFF, 0x00, 0x1C, 0x03, 0x80, 0x0E, 0x01, 0xC0, 0x07, 0x00,
    0xE0, 0x03, 0x80, 0x70, 0x01, 0xC0, 0x38, 0x01, 0xE0, 0x1C, 0x00, 0xF0, 0x1E, 0x00, 0x70, 0x0F,
    0x00, 0x38, 0x07, 0x00, 0x1C, 0x03, 0x80, 0x1E, 0x01, 0xC0, 0x0E, 0x00, 0xE0, 0x00, 0x00, 0x00,
    0x00, 0x00, 0x00, 0x00, 0x00, 0x00, 0x3F, 0xFF, 0xFF, 0xDF, 0xFF, 0xFF, 0xEF, 0xFF, 0xFF, 0xF0,
    0x00, 0x00, 0x00, 0x1F, 0xF3, 0xFE, 0x0F, 0xF9, 0xFF, 0x00, 0x1C, 0x07, 0x80, 0x0E, 0x03, 0xC0,
    0x07, 0x01, 0xE0, 0x03, 0x80, 0xF0, 0x01, 0xC0, 0x70, 0x01, 0xE0, 0x38, 0x00, 0xF0, 0x1C, 0x3F,
    0xFF, 0xFF, 0xDF, 0xFF, 0xFF, 0xE0, 0x00, 0x00, 0x00, 0x00, 0x00, 0x00, 0x00, 0x00, 0x00, 0x3F,
    0xFF, 0xF8, 0x1F, 0xFF, 0xFC, 0x0F, 0x00, 0x00, 0x07, 0x80, 0x00, 0x03, 0xFF, 0xFF, 0x01, 0xFF,
    0xFF, 0x80, 0xF0, 0x00, 0x00, 0x78, 0x00, 0x00, 0x3C, 0x00, 0x00, 0x1F, 0xFF, 0xFC, 0x0F, 0xFF,
    0xFE, 0x00, 0x00, 0x00, 0x60, 0x00, 0x00, 0x70, 0x00, 0x00, 0x70, 0xE0, 0x00, 0x70, 0xE0, 0x00,
    0x70, 0xE0, 0x00, 0x70, 0xE0, 0x00, 0x70, 0xE0, 0x00, 0x70, 0xE0, 0x00, 0x70, 0xE0, 0x00, 0x70,
    0xE0, 0x00, 0x70, 0xE0, 0x00, 0x7F, 0xE0, 0x00, 0x7F, 0xE0, 0x00, 0x7F, 0xE0, 0x00, 0x70, 0xE0,
    0x00, 0x70, 0xE0, 0x00, 0x70, 0xE0, 0x1E, 0x70, 0xFF, 0xFE, 0x70, 0xFF, 0xFE, 0x70, 0xFF, 0xE0,
    0x70, 0x00, 0x00, 0x70, 0x00, 0x00, 0x70, 0x00, 0x00, 0x70, 0x00, 0x00, 0x70, 0x00, 0x00, 0x70,
    0x00, 0x00, 0x70, 0x00, 0x00, 0x00, 0x00, 0x00, 0x1C, 0x00, 0x00, 0x0E, 0x0E, 0x00, 0x07, 0x07,
    0x00, 0x03, 0x83, 0x80, 0x01, 0xC1, 0xC0, 0x00, 0xE0, 0xE0, 0x00, 0x70, 0x70, 0x00, 0x3F, 0xB8,
    0x00, 0x1F, 0xDC, 0x00, 0x0F, 0xEE, 0x00, 0x07, 0x07, 0x03, 0xF3, 0x83, 0xFF, 0xF9, 0xC1, 0xFF,
    0xF8, 0xE0, 0xFE, 0x00, 0x70, 0x00, 0x00, 0x38, 0x00, 0x00, 0x1C, 0x03, 0x00, 0x0E, 0x01, 0xC0,
    0x07, 0x00, 0xE0, 0x00, 0x00, 0x70, 0x00, 0x00, 0x38, 0x00, 0x00, 0x1C, 0x00, 0x00, 0x0E, 0x00,
    0x00, 0x07, 0xFF, 0xFE, 0x03, 0xFF, 0xFF, 0x00, 0x00, 0x00, 0x00, 0x38, 0x00, 0x1C, 0x1C, 0x00,
    0x0E, 0x0E, 0x00, 0x07, 0x07, 0x00, 0x03, 0x83, 0x80, 0x01, 0xC1, 0xC0, 0x00, 0xFE, 0xE0, 0x00,
    0x7F, 0x70, 0x00, 0x3F, 0xB8, 0x03, 0x1C, 0x1F, 0xFF, 0xCE, 0x0F, 0xFF, 0xE7, 0x07, 0xFF, 0x03,
    0x80, 0x00, 0x01, 0xC0, 0x00, 0x00, 0x00, 0x3F, 0xFF, 0xF0, 0x1F, 0xFF, 0xF8, 0x07, 0xFF, 0xFC,
    0x00, 0x00, 0x0E, 0x00, 0x00, 0x07, 0x01, 0xFF, 0xFF, 0x80, 0xFF, 0xFF, 0xC0, 0x78, 0x00, 0x00,
    0x3C, 0x00, 0x00, 0x1E, 0x00, 0x00, 0x0F, 0xFF, 0xFE, 0x07, 0xFF, 0xFF, 0x00, 0x00, 0x00, 0x38,
    0x00, 0x00, 0x1C, 0x1C, 0x00, 0x0E, 0x0E, 0x00, 0x07, 0x07, 0x00, 0x03, 0x83, 0x80, 0x01, 0xC1,
    0xC0, 0x00, 0xFE, 0xE0, 0x00, 0x7F, 0x70, 0x00, 0x3F, 0xB8, 0x00, 0x1C, 0x1C, 0x00, 0x0E, 0x0E,
    0x1F, 0xE7, 0x07, 0xFF, 0xF3, 0x83, 0xFF, 0xE1, 0xC0, 0x00, 0x00, 0xE0, 0x00, 0x00, 0x70, 0x00,
    0x00, 0x00, 0x0F, 0xFF, 0xFC, 0x07, 0xFF, 0xFE, 0x03, 0xFF, 0xFF, 0x01, 0xE0, 0x03, 0x80, 0xF0,
    0x01, 0xC0, 0x78, 0x00, 0xE0, 0x3C, 0x00, 0x70, 0x1F, 0xFF, 0xF8, 0x0F, 0xFF, 0xFC, 0x07, 0xFF,
    0xFE, 0x00, 0x00, 0x00, 0x38, 0x38, 0x00, 0x1C, 0x1C, 0x00, 0x0E, 0x0E, 0x00, 0x07, 0x07, 0x00,
    0x03, 0x83, 0x80, 0x01, 0xC1, 0xC0, 0x00, 0xFE, 0xE0, 0x00, 0x7F, 0x70, 0x00, 0x3F, 0x38, 0x03,
    0x1C, 0x1F, 0xFF, 0xCE, 0x0F, 0xFF, 0xE7, 0x07, 0xFE, 0x03, 0x80, 0x00, 0x01, 0xC0, 0x00, 0x00,
    0xE0, 0x00, 0x00, 0x00, 0x03, 0x80, 0xE0, 0x01, 0xC0, 0x70, 0x01, 0xE0, 0x38, 0x00, 0xF0, 0x3C,
    0x00, 0x78, 0x1F, 0x00, 0x7E, 0x1F, 0x80, 0x7F, 0x9E, 0xE0, 0x79, 0xFE, 0x7C, 0x78, 0x7E, 0x1F,
    0x38, 0x1E, 0x07, 0x00, 0x02, 0x00, 0x00, 0x00, 0x00, 0x00, 0x00, 0x0E, 0x38, 0x00, 0x1C, 0x70,
    0x00, 0x38, 0xE7, 0x00, 0x71, 0xCE, 0x00, 0xE3, 0x9C, 0x01, 0xC7, 0x38, 0x03, 0x8E, 0x70, 0x07,
    0x1C, 0xE0, 0x0E, 0x39, 0xC0, 0x1C, 0x73, 0x80, 0x3F, 0xE7, 0x00, 0x7F, 0xCE, 0x00, 0xFF, 0x9C,
    0x01, 0xC7, 0x38, 0x03, 0x8E, 0x70, 0x07, 0x1C, 0xE0, 0x4E, 0x39, 0xFF, 0xDC, 0x73, 0xFF, 0xB8,
    0xE7, 0xF0, 0x71, 0xC0, 0x00, 0xE3, 0x80, 0x01, 0xC7, 0x00, 0x03, 0x8E, 0x00, 0x07, 0x1C, 0x00,
    0x0E, 0x38, 0x00, 0x00, 0x70, 0x00, 0x00, 0x00, 0x00, 0x07, 0x38, 0x00, 0x0E, 0x73, 0x80, 0x1C,
    0xE7, 0x00, 0x39, 0xCE, 0x00, 0x73, 0x9C, 0x00, 0xE7, 0x38, 0x01, 0xCE, 0x70, 0x03, 0xFC, 0xE0,
    0x07, 0xF9, 0xC0, 0x0F, 0xF3, 0x80, 0x1C, 0xE7, 0x03, 0x39, 0xCF, 0xFE, 0x73, 0x9F, 0xFE, 0xE7,
    0x3F, 0xE1, 0xCE, 0x00, 0x03, 0x9C, 0x00, 0x07, 0x38, 0x1C, 0x0E, 0x70, 0x38, 0x1C, 0xE0, 0x70,
    0x01, 0xC0, 0xE0, 0x00, 0x01, 0xC0, 0x00, 0x03, 0x80, 0x00, 0x0F, 0xFF, 0xFE, 0x1F, 0xFF, 0xFC,
    0x1F, 0xFF, 0xF8, 0x00, 0x00, 0x00, 0x00, 0x00, 0x38, 0x00, 0x00, 0x73, 0x80, 0x00, 0xE7, 0x00,
    0x01, 0xCE, 0x00, 0x03, 0x9C, 0x00, 0x07, 0x38, 0x00, 0x0E, 0x70, 0x00, 0x1C, 0xE0, 0x1F, 0xF9,
    0xC0, 0x7F, 0xF3, 0x80, 0xFF, 0xE7, 0x00, 0x01, 0xCE, 0x00, 0x03, 0x9C, 0x00, 0x07, 0x38, 0x00,
    0x0E, 0x70, 0x00, 0x1C, 0xE0, 0x0C, 0x39, 0xFF, 0xFC, 0x73, 0xFF, 0xF8, 0xE7, 0xFF, 0x01, 0xC0,
    0x00, 0x03, 0x80, 0x00, 0x07, 0x00, 0x00, 0x0E, 0x00, 0x00, 0x1C, 0x00, 0x00, 0x38, 0x00, 0x00,
    0x70, 0x00, 0x00, 0x00, 0x00, 0x00, 0xE7, 0x00, 0x03, 0x9C, 0x00, 0x0E, 0x70, 0x00, 0x39, 0xC0,
    0x7F, 0xE7, 0x01, 0xFF, 0x9C, 0x00, 0x0E, 0x70, 0x00, 0x39, 0xC0, 0x00, 0xE7, 0x00, 0x63, 0x9F,
    0xFF, 0x8E, 0x7F, 0xFF, 0x39, 0xFF, 0xC0, 0xE0, 0x00, 0x03, 0x80, 0x00, 0x00, 0x3F, 0xE7, 0x38,
    0xFF, 0x9C, 0xE0, 0x0E, 0x73, 0x80, 0x39, 0xFE, 0x3F, 0xE7, 0xF8, 0xFF, 0x9C, 0xE3, 0xC0, 0x73,
    0x8F, 0x01, 0xCE, 0x3C, 0xF7, 0x38, 0xFF, 0xDF, 0xE3, 0xFF, 0x7F, 0x80, 0x00, 0x00, 0x00, 0x00,
    0x00, 0xE7, 0x00, 0x03, 0x9C, 0x00, 0x0E, 0x70, 0x00, 0x39, 0xC0, 0x7F, 0xE7, 0x01, 0xFF, 0x9C,
    0x07, 0xFE, 0x70, 0x00, 0x39, 0xC0, 0x00, 0xE7, 0x00, 0x03, 0x9C, 0x07, 0x8E, 0x7F, 0xFE, 0x39,
    0xFF, 0xF8, 0xE7, 0xF0, 0x03, 0x80, 0x00, 0x0E, 0x00, 0x00, 0x00, 0x3F, 0xFF, 0xE0, 0xFF, 0xFF,
    0x83, 0xFF, 0xFE, 0x0E, 0x00, 0x38, 0x38, 0x00, 0xE0, 0xE0, 0x03, 0x83, 0x80, 0x0E, 0x0F, 0xFF,
    0xF8, 0x3F, 0xFF, 0xE0, 0xFF, 0xFF, 0x80, 0x00, 0x00, 0x00, 0x00, 0x00, 0xF7, 0x00, 0x03, 0xDC,
    0x00, 0x0F, 0x70, 0x0F, 0xFD, 0xC0, 0x7F, 0xF7, 0x01, 0xFF, 0xDC, 0x00, 0x0F, 0x70, 0x00, 0x3D,
    0xC0, 0x78, 0xF7, 0xFF, 0xE3, 0xDF, 0xFF, 0x8F, 0x7F, 0x80, 0x3C, 0x00, 0x70, 0xF0, 0x01, 0xC3,
    0x80, 0x07, 0x00, 0x1F, 0xFF, 0xFC, 0x7F, 0xFF, 0xF0, 0x00, 0x00, 0x00, 0x00, 0x00, 0x01, 0xFF,
    0xC0, 0x0F, 0xFF, 0x80, 0x78, 0x0F, 0x01, 0xC0, 0x1C, 0x07, 0xC1, 0xF0, 0x0F, 0xFF, 0x80, 0x0F,
    0xF8, 0x00, 0x00, 0x00, 0x1C, 0x00, 0x1C, 0x70, 0x00, 0x71, 0xF8, 0x01, 0xC7, 0xE0, 0x07, 0x1F,
    0x80, 0x1C, 0x7E, 0x00, 0x71, 0xF8, 0x01, 0xC7, 0xE0, 0x07, 0x1F, 0x83, 0xFC, 0x7E, 0x1F, 0xF1,
    0xF8, 0x7F, 0xC7, 0xE0, 0x07, 0x1F, 0x80, 0x1C, 0x7E, 0x00, 0x71, 0xF8, 0x01, 0xC7, 0xE0, 0x07,
    0x1F, 0x80, 0x9C, 0x7F, 0xFE, 0x71, 0xFF, 0xF9, 0xC7, 0xFF, 0x87, 0x1C, 0x00, 0x1C, 0x70, 0x00,
    0x71, 0xC0, 0x01, 0xC7, 0x00, 0x07, 0x1C, 0x00, 0x1C, 0x70, 0x00, 0x01, 0xC0, 0x00, 0x00, 0x00,
    0x00, 0x00, 0xE7, 0x00, 0x03, 0x9C, 0x00, 0x0E, 0x70, 0x1F, 0xF9, 0xC0, 0x7F, 0xE7, 0x00, 0x03,
    0x9C, 0x00, 0x0E, 0x70, 0x00, 0x39, 0xC0, 0x7F, 0xE7, 0x01, 0xFF, 0x9C, 0x00, 0x0E, 0x70, 0x0C,
    0x39, 0xFF, 0xF0, 0xE7, 0xFF, 0xC3, 0x9F, 0xF8, 0x0E, 0x00, 0x00, 0x38, 0x00, 0x00, 0x01, 0xFF,
    0xFF, 0x87, 0xFF, 0xFE, 0x0F, 0xFF, 0xF8, 0x00, 0x00, 0xE0, 0x00, 0x03, 0x80, 0x00, 0x0E, 0x00,
    0x00, 0x38, 0x00, 0x00, 0xE0, 0x00, 0x03, 0x80, 0x0E, 0x00, 0x00, 0x07, 0x00, 0x00, 0x03, 0x80,
    0x00, 0x01, 0xC0, 0x00, 0x00, 0xE0, 0x00, 0x00, 0x7F, 0xFF, 0xC0, 0x3F, 0xFF, 0xF0, 0x1F, 0xFF,
    0xF8, 0x00, 0x1C, 0x00, 0x00, 0x0E, 0x00, 0x3F, 0xFF, 0xFF, 0xFF, 0xFF, 0xFF, 0xF7, 0xFF, 0xFF,
    0xF0, 0x00, 0x00, 0x00, 0x00, 0x70, 0x00, 0x00, 0x38, 0x00, 0x3F, 0xFF, 0xFC, 0x1F, 0xFF, 0xFE,
    0x00, 0x00, 0x00, 0x00, 0x1F, 0xF8, 0x00, 0x3F, 0xFF, 0x00, 0x3C, 0x07, 0xC0, 0x1C, 0x00, 0xE0,
    0x0F, 0x01, 0xF0, 0x03, 0xFF, 0xF0, 0x00, 0x7F, 0xE0, 0x00, 0x0E, 0x00, 0x00, 0x07, 0x00, 0x00,
    0x03, 0x80, 0x00, 0x01, 0xC0, 0x00, 0x00, 0xE0, 0x00, 0x00, 0x70, 0x00, 0x00, 0x38, 0x00, 0x00,
    0x1C, 0x00, 0x00, 0x0F, 0xFF, 0xFC, 0x07, 0xFF, 0xFE, 0x00, 0x00, 0x00, 0x00, 0x00, 0x00, 0x00,
    0x00, 0x00, 0x03, 0xFF, 0xFF, 0xF9, 0xFF, 0xFF, 0xFE, 0xFF, 0xFF, 0xFF, 0x00, 0x1C, 0x00, 0x00,
    0x0E, 0x00, 0x00, 0x07, 0x00, 0x00, 0x03, 0x80, 0x00, 0x01, 0xC0, 0x00, 0x00, 0xE0, 0x00, 0x00,
    0x70, 0x00, 0x00, 0x38, 0x00, 0x00, 0x1C, 0x00, 0x00, 0x0E, 0x00, 0x00, 0x03, 0x80, 0x00, 0x00,
    0xE0, 0x00, 0x00, 0x38, 0x00, 0x00, 0x0E, 0x00, 0x00, 0x03, 0x80, 0x00, 0x00, 0xFF, 0xFF, 0xC0,
    0x3F, 0xFF, 0xF0, 0x00, 0x00, 0x00, 0x00, 0x00, 0x00, 0x07, 0xFF, 0xFF, 0xF9, 0xFF, 0xFF, 0xFE,
    0x00, 0x1C, 0x00, 0x00, 0x07, 0x00, 0x00, 0x01, 0xC0, 0x00, 0x3F, 0xFF, 0xF0, 0x0F, 0xFF, 0xFC,
    0x00, 0x00, 0x07, 0x00, 0x00, 0x01, 0xC0, 0x3F, 0xFF, 0xF0, 0x0F, 0xFF, 0xFC, 0x03, 0x80, 0x00,
    0x00, 0xE0, 0x00, 0x00, 0x38, 0x00, 0x00, 0x0F, 0xFF, 0xFE, 0x03, 0xFF, 0xFF, 0x80, 0x1C, 0x00,
    0x00, 0x1C, 0x00, 0x00, 0x1C, 0x00, 0x00, 0x1C, 0x00, 0x00, 0x1C, 0x00, 0x00, 0x1C, 0x00, 0x00,
    0x1C, 0x00, 0x00, 0x1C, 0x00, 0x00, 0x1F, 0xFF, 0xF8, 0x1F, 0xFF, 0xF8, 0x00, 0x00, 0x00, 0x00,
    0x00, 0x00, 0x00, 0x00, 0x00, 0x7F, 0xFF, 0xFF, 0xFF, 0xFF, 0xFF, 0xFF, 0xFF, 0xFF, 0x03, 0x81,
    0xC0, 0x03, 0x81, 0xC0, 0x03, 0x81, 0xC0, 0x03, 0x81, 0xC0, 0x03, 0x81, 0xC0, 0x03, 0x81, 0xC0,
    0x03, 0x81, 0xC0, 0x03, 0x81, 0xC0, 0x03, 0x81, 0xC0, 0x1C, 0x00, 0x00, 0x0E, 0x00, 0x00, 0x07,
    0x00, 0x00, 0x03, 0x80, 0x00, 0x01, 0xC0, 0x00, 0x00, 0xE0, 0x00, 0x00, 0x70, 0x00, 0x00, 0x3F,
    0xFF, 0xF8, 0x1F, 0xFF, 0xFC, 0x00, 0x00, 0x00, 0x00, 0x00, 0x00, 0x00, 0x00, 0x00, 0x0F, 0xFF,
    0xFF, 0xF7, 0xFF, 0xFF, 0xFB, 0xFF, 0xFF, 0xFC, 0x00, 0x00, 0x00, 0x00, 0x00, 0x00, 0x0E, 0x00,
    0x00, 0x07, 0x00, 0x00, 0x03, 0x80, 0x00, 0x01, 0xC0, 0x00, 0x00, 0xE0, 0x00, 0x00, 0x7F, 0xFF,
    0xF0, 0x3F, 0xFF, 0xF8, 0x1F, 0xFF, 0xFC, 0x00, 0x1C, 0x00, 0x00, 0x0F, 0x00, 0x00, 0x07, 0x80,
    0x00, 0x03, 0xC0, 0x00, 0x01, 0xE0, 0x00, 0x00, 0xF0, 0x00, 0x00, 0x7F, 0xFF, 0xF0, 0x3F, 0xFF,
    0xF8, 0x00, 0x00, 0x00, 0x00, 0x00, 0x00, 0x3F, 0xFF, 0xFF, 0xDF, 0xFF, 0xFF, 0xEF, 0xFF, 0xFF,
    0xF0, 0x00, 0x00, 0x00, 0x00, 0x00, 0x00, 0x3F, 0xFF, 0xF0, 0x1F, 0xFF, 0xF8, 0x00, 0x00, 0x1C,
    0x00, 0x00, 0x0E, 0x03, 0xFF, 0xFF, 0x01, 0xFF, 0xFF, 0x80, 0xF0, 0x00, 0x00, 0x70, 0x00, 0x00,
    0x38, 0x00, 0x00, 0x1F, 0xFF, 0xFC, 0x0F, 0xFF, 0xFE, 0x00, 0x1C, 0x00, 0x00, 0x0E, 0x00, 0x00,
    0x07, 0x00, 0x00, 0x03, 0x80, 0x00, 0x01, 0xC0, 0x00, 0x00, 0xE0, 0x00, 0x00, 0x70, 0x00, 0x00,
    0x3F, 0xFF, 0xF0, 0x1F, 0xFF, 0xF8, 0x07, 0xFF, 0xFC, 0x00, 0x00, 0x00, 0x00, 0x00, 0x00, 0x0F,
    0xFF, 0xFF, 0xF7, 0xFF, 0xFF, 0xFB, 0xFF, 0xFF, 0xFC, 0x00, 0x00, 0x00, 0x00, 0x00, 0x00, 0x01,
    0xFF, 0xE0, 0x03, 0xFF, 0xFC, 0x03, 0xE0, 0x1F, 0x01, 0xC0, 0x03, 0x80, 0xE0, 0x01, 0xC0, 0x78,
    0x01, 0xE0, 0x3F, 0xFF, 0xE0, 0x07, 0xFF, 0xE0, 0x00, 0xFF, 0xC0, 0x00, 0x00, 0x00, 0x38, 0x00,
    0x00, 0xE0, 0x00, 0x03, 0x9C, 0x00, 0x0E, 0x70, 0x00, 0x39, 0xC0, 0x00, 0xE7, 0x00, 0x03, 0x9C,
    0x00, 0x0E, 0x70, 0x00, 0x39, 0xC0, 0x00, 0xE7, 0x00, 0x03, 0x9C, 0x00, 0x0E, 0x70, 0x00, 0x39,
    0xC0, 0x00, 0xE7, 0x00, 0x03, 0x9C, 0x00, 0x0E, 0x70, 0x00, 0x39, 0xC0, 0xFC, 0xE7, 0xFF, 0xF3,
    0x9F, 0xFF, 0xCE, 0x7F, 0x80, 0x38, 0x00, 0x00, 0xE0, 0x00, 0x03, 0x80, 0x00, 0x0E, 0x00, 0x00,
    0x38, 0x00, 0x00, 0xE0, 0x00, 0x03, 0x80, 0x00, 0x00, 0x00, 0x00, 0x00, 0xF0, 0x00, 0x00, 0xF0,
    0xFF, 0xF0, 0xF0, 0xFF, 0xF8, 0xF0, 0xFF, 0xF8, 0xF0, 0xE0, 0x00, 0xF0, 0xE0, 0x00, 0xF0, 0xE0,
    0x00, 0xF0, 0xE0, 0x00, 0xF0, 0xE0, 0x00, 0xF0, 0xE0, 0x00, 0xFF, 0xE0, 0x00, 0xFF, 0xE0, 0x00,
    0xFF, 0xE0, 0x00, 0xF0, 0xE0, 0x00, 0xF0, 0xE0, 0x00, 0xF0, 0xE0, 0x0C, 0xF0, 0xFF, 0xFE, 0xF0,
    0xFF, 0xFE, 0xF0, 0xFF, 0x00, 0xF0, 0x00, 0x00, 0xF0, 0x00, 0x00, 0xF0, 0x00, 0x00, 0xF0, 0x00,
    0x00, 0xF0, 0x00, 0x00, 0xF0, 0x00, 0x00, 0xF0, 0x00, 0x00, 0x00, 0x00, 0x00, 0x70, 0x00, 0x00,
    0x70, 0xFF, 0xF0, 0x70, 0xFF, 0xF0, 0x70, 0xFF, 0xE0, 0x70, 0xE0, 0x00, 0x70, 0xE0, 0x00, 0x70,
    0xE0, 0x00, 0x7E, 0xE0, 0x00, 0x7F, 0xE0, 0x00, 0x7F, 0xE0, 0x00, 0x70, 0xE0, 0x1C, 0x70, 0xFF,
    0xFE, 0x70, 0xFF, 0xFC, 0x70, 0xFF, 0x00, 0x70, 0x00, 0x00, 0x70, 0x00, 0x00, 0x70, 0x1C, 0x00,
    0x70, 0x1C, 0x00, 0x70, 0x1C, 0x00, 0x00, 0x1C, 0x00, 0x00, 0x1C, 0x00, 0x00, 0x1C, 0x00, 0x00,
    0x1F, 0xFF, 0xF8, 0x1F, 0xFF, 0xF8, 0x1F, 0xFF, 0xF8, 0x00, 0x00, 0x00, 0x00, 0x00, 0x70, 0xFF,
    0xE0, 0x70, 0xFF, 0xF0, 0x70, 0xFF, 0xF0, 0x70, 0xE0, 0x00, 0x70, 0xE0, 0x00, 0x70, 0xE0, 0x00,
    0x7F, 0xE0, 0x00, 0x7F, 0xE0, 0x00, 0x7E, 0xE0, 0x00, 0x70, 0xE0, 0x1C, 0x70, 0xFF, 0xFE, 0x70,
    0xFF, 0xFC, 0x70, 0xFF, 0x80, 0x70, 0x00, 0x00, 0x70, 0x00, 0x00, 0x00, 0x1F, 0xFF, 0xF0, 0x1F,
    0xFF, 0xF0, 0x1F, 0xFF, 0xF0, 0x1C, 0x00, 0x00, 0x1C, 0x00, 0x00, 0x1C, 0x00, 0x00, 0x1C, 0x00,
    0x00, 0x1C, 0x00, 0x00, 0x1F, 0xFF, 0xF8, 0x1F, 0xFF, 0xF8, 0x00, 0x00, 0x00, 0x00, 0x00, 0x70,
    0x00, 0x00, 0x70, 0xFF, 0xF0, 0x70, 0xFF, 0xF0, 0x70, 0xE0, 0x00, 0x70, 0xE0, 0x00, 0x70, 0xE0,
    0x00, 0x7E, 0xE0, 0x00, 0x7F, 0xE0, 0x00, 0x7F, 0xE0, 0x00, 0x70, 0xE0, 0x0C, 0x70, 0xFF, 0xFE,
    0x70, 0xFF, 0xFE, 0x70, 0xFF, 0xE0, 0x70, 0x00, 0x00, 0x70, 0x00, 0x00, 0x60, 0x03, 0xFF, 0x00,
    0x0F, 0xFF, 0xC0, 0x1F, 0xFF, 0xE0, 0x3C, 0x00, 0xF0, 0x3C, 0x00, 0x70, 0x3C, 0x00, 0x70, 0x3C,
    0x00, 0xF0, 0x1F, 0xFF, 0xE0, 0x0F, 0xFF, 0xC0, 0x03, 0xFF, 0x00, 0x00, 0x00, 0x1C, 0x00, 0x1C,
    0x70, 0x00, 0x71, 0xC0, 0x01, 0xC7, 0xFF, 0xC7, 0x1F, 0xFF, 0x1C, 0x7F, 0xF8, 0x71, 0xF8, 0x01,
    0xC7, 0xE0, 0x07, 0x1F, 0x80, 0x1C, 0x7E, 0x00, 0x71, 0xF8, 0x01, 0xFF, 0xE0, 0x07, 0xFF, 0x80,
    0x1F, 0xFE, 0x00, 0x71, 0xF8, 0x01, 0xC7, 0xE0, 0x07, 0x1F, 0x80, 0x1C, 0x7E, 0x0E, 0x71, 0xFF,
    0xFD, 0xC7, 0xFF, 0xE7, 0x1F, 0x80, 0x1C, 0x70, 0x00, 0x71, 0xC0, 0x01, 0xC7, 0x00, 0x07, 0x1C,
    0x00, 0x1C, 0x70, 0x00, 0x01, 0xC0, 0x00, 0x00, 0x18, 0x00, 0x00, 0x70, 0x00, 0x01, 0xDF, 0xFE,
    0x07, 0x7F, 0xF8, 0x1D, 0xFF, 0xE0, 0x77, 0x00, 0x01, 0xDC, 0x00, 0x07, 0x70, 0x00, 0x1D, 0xC0,
    0x00, 0x77, 0x00, 0xFF, 0xDC, 0x03, 0xFF, 0x70, 0x0F, 0xFD, 0xC0, 0x00, 0x77, 0x00, 0x01, 0xDC,
    0x00, 0x07, 0x70, 0x00, 0x1D, 0xC0, 0x38, 0x77, 0xFF, 0xE1, 0xDF, 0xFF, 0x87, 0x7F, 0xC0, 0x1C,
    0x00, 0x00, 0x70, 0x00, 0x01, 0xC0, 0x00, 0x07, 0x00, 0x00, 0x1C, 0x00, 0x00, 0x70, 0x00, 0x01,
    0xC0, 0x00, 0x00, 0x1C, 0x00, 0x0E, 0x70, 0x00, 0x39, 0xC0, 0x00, 0xE7, 0xFF, 0xC3, 0x9F, 0xFF,
    0x0E, 0x7F, 0x00, 0x39, 0xF8, 0x00, 0xE7, 0xE0, 0x03, 0x9F, 0x80, 0x0E, 0x7E, 0x07, 0xF9, 0xF8,
    0x3F, 0xE7, 0xE0, 0xFF, 0x9F, 0x80, 0x0E, 0x7E, 0x00, 0x39, 0xF8, 0x00, 0xE7, 0xE0, 0x03, 0x9F,
    0x80, 0x0E, 0x7E, 0x06, 0x39, 0xFF, 0xFC, 0xE7, 0xFF, 0xF3, 0x9F, 0xF8, 0x0E, 0x70, 0x00, 0x39,
    0xC0, 0x00, 0xE7, 0x00, 0x03, 0x9C, 0x00, 0x0E, 0x70, 0x00, 0x01, 0xC0, 0x00, 0x00, 0x00, 0x0F,
    0xFF, 0xFE, 0x07, 0xFF, 0xFF, 0x03, 0x80, 0x00, 0x01, 0xC0, 0x00, 0x00, 0xE0, 0x00, 0x00, 0x70,
    0x00, 0x00, 0x38, 0x00, 0x00, 0x1C, 0x00, 0x00, 0x0E, 0x00, 0x00, 0x07, 0x00, 0x00, 0x03, 0xFF,
    0xFF, 0x81, 0xFF, 0xFF, 0xC0, 0xFF, 0xFF, 0xC0, 0x00, 0x70, 0x00, 0x00, 0x38, 0x00, 0x00, 0x1C,
    0x00, 0x00, 0x0E, 0x00, 0x00, 0x07, 0x00, 0x00, 0x03, 0x80, 0x0F, 0xFF, 0xFF, 0xFF, 0xFF, 0xFF,
    0xFF, 0xFF, 0xFF, 0xFC, 0x00, 0x00, 0x00, 0x1F, 0xFF, 0xF8, 0x1F, 0xFF, 0xF8, 0x1C, 0x00, 0x00,
    0x1C, 0x00, 0x00, 0x1C, 0x00, 0x00, 0x1C, 0x00, 0x00, 0x1F, 0xFF, 0xF8, 0x1F, 0xFF, 0xF8, 0x1F,
    0xFF, 0xF8, 0x00, 0x1C, 0x00, 0x00, 0x1C, 0x00, 0x00, 0x1C, 0x00, 0xFF, 0xFF, 0xFF, 0xFF, 0xFF,
    0xFF, 0xFF, 0xFF, 0xFF, 0x00, 0x00, 0x00, 0x1F, 0xFF, 0xF8, 0x1F, 0xFF, 0xF8, 0x1F, 0xFF, 0xF8,
    0x00, 0x00, 0x38, 0x00, 0x00, 0x38, 0x00, 0x00, 0x38, 0x00, 0x00, 0x38, 0x00, 0x00, 0x38, 0x00,
    0x00, 0x38, 0x00, 0x00, 0x00, 0x0F, 0xFF, 0xFC, 0x07, 0xFF, 0xFE, 0x03, 0xC0, 0x00, 0x01, 0xC0,
    0x00, 0x00, 0xE0, 0x00, 0x00, 0x7F, 0xFF, 0xE0, 0x3F, 0xFF, 0xF8, 0x1F, 0xFF, 0xFC, 0x00, 0x0E,
    0x00, 0x00, 0x07, 0x00, 0x1F, 0xFF, 0xFF, 0xFF, 0xFF, 0xFF, 0xFF, 0xFF, 0xFF, 0xF8, 0x00, 0x00,
    0x00, 0x3F, 0xFF, 0xF0, 0x1F, 0xFF, 0xF8, 0x00, 0x00, 0x1C, 0x00, 0x00, 0x0E, 0x00, 0x00, 0x07,
    0x01, 0xFF, 0xFF, 0x80, 0xFF, 0xFF, 0xC0, 0x70, 0x00, 0x00, 0x38, 0x00, 0x00, 0x1F, 0xFF, 0xFC,
    0x0F, 0xFF, 0xFE, 0x00, 0x00, 0x00, 0x00, 0x0F, 0xFF, 0xFC, 0x07, 0xFF, 0xFE, 0x03, 0x80, 0x00,
    0x01, 0xC0, 0x00, 0x00, 0xE0, 0x00, 0x00, 0x70, 0x00, 0x00, 0x3F, 0xFF, 0xF0, 0x1F, 0xFF, 0xF8,
    0x0F, 0xFF, 0xFC, 0x00, 0x07, 0x00, 0x00, 0x03, 0x80, 0x00, 0x01, 0xC0, 0x07, 0xFF, 0xFF, 0xFB,
    0xFF, 0xFF, 0xFD, 0xFF, 0xFF, 0xFE, 0x00, 0x00, 0x00, 0x01, 0xFF, 0xE0, 0x03, 0xFF, 0xFC, 0x03,
    0xF0, 0x3F, 0x01, 0xC0, 0x07, 0x80, 0xE0, 0x01, 0xC0, 0x78, 0x01, 0xE0, 0x3F, 0x03, 0xE0, 0x07,
    0xFF, 0xE0, 0x00, 0xFF, 0xC0, 0x00, 0x00, 0x00, 0x1C, 0x00, 0x00, 0x70, 0x00, 0x01, 0xCF, 0xFF,
    0xC7, 0x3F, 0xFF, 0x1C, 0xFF, 0xF8, 0x73, 0x80, 0x01, 0xCE, 0x00, 0x07, 0x38, 0x00, 0x1C, 0xE0,
    0x00, 0x73, 0x80, 0x01, 0xCE, 0x00, 0x07, 0x3F, 0xFF, 0x1C, 0xFF, 0xFC, 0x73, 0xFF, 0xE1, 0xC0,
    0x70, 0x07, 0x01, 0xC0, 0x1C, 0x07, 0x00, 0x70, 0x1C, 0x01, 0xFF, 0xFF, 0xE7, 0xFF, 0xFF, 0xDF,
    0xFF, 0xF0, 0x70, 0x00, 0x01, 0xC0, 0x00, 0x07, 0x00, 0x00, 0x1C, 0x00, 0x00, 0x70, 0x00, 0x01,
    0xC0, 0x00, 0x00, 0x1C, 0x00, 0x00, 0x38, 0x7F, 0xFC, 0x70, 0xFF, 0xF8, 0xE1, 0xC0, 0x01, 0xC3,
    0x80, 0x03, 0x87, 0x00, 0x07, 0x0E, 0x00, 0x0E, 0x1F, 0xFF, 0x1C, 0x3F, 0xFE, 0x38, 0x7F, 0xFC,
    0x70, 0x07, 0x00, 0xE0, 0x0E, 0x01, 0xC0, 0x1C, 0x33, 0x9F, 0xFF, 0xF7, 0x3F, 0xFF, 0xCE, 0x7F,
    0x80, 0x1C, 0x00, 0x00, 0x38, 0x1C, 0x00, 0x70, 0x38, 0x00, 0xE0, 0x70, 0x00, 0x00, 0xE0, 0x00,
    0x01, 0xC0, 0x00, 0x03, 0xFF, 0xFF, 0x07, 0xFF, 0xFE, 0x0F, 0xFF, 0xFC, 0x00, 0x00, 0x00, 0x00,
    0x00, 0x1C, 0x7F, 0xFC, 0x38, 0xFF, 0xF8, 0x71, 0xFF, 0xF0, 0xE3, 0x80, 0x01, 0xC7, 0x00, 0x03,
    0x8E, 0x00, 0x07, 0x1F, 0xFF, 0x0E, 0x3F, 0xFE, 0x1C, 0x7F, 0xFC, 0x38, 0x07, 0x00, 0x70, 0x0E,
    0x00, 0xE0, 0xFF, 0xF9, 0xDF, 0xFF, 0xF3, 0xBF, 0xFF, 0x07, 0x00, 0x00, 0x0E, 0x00, 0x00, 0x00,
    0x1F, 0xFF, 0xF8, 0x3F, 0xFF, 0xF0, 0x7F, 0xFF, 0xE0, 0xE0, 0x01, 0xC1, 0xC0, 0x03, 0x83, 0x80,
    0x07, 0x07, 0xFF, 0xFE, 0x0F, 0xFF, 0xFC, 0x1F, 0xFF, 0xF8, 0x00, 0x00, 0x00, 0x00, 0x00, 0x1C,
    0x7F, 0xFC, 0x38, 0xFF, 0xF8, 0x71, 0xFF, 0xE0, 0xE3, 0x80, 0x01, 0xC7, 0x00, 0x03, 0x8E, 0x00,
    0x07, 0x1F, 0xFF, 0x0E, 0x3F, 0xFE, 0x1C, 0x7F, 0xFC, 0x38, 0x07, 0x00, 0x70, 0x0E, 0x0C, 0xEF,
    0xFF, 0xF9, 0xDF, 0xFF, 0xF3, 0xBF, 0xF0, 0x07, 0x00, 0x00, 0x00, 0x0E, 0x00, 0x1C, 0x1C, 0x00,
    0x38, 0x38, 0x00, 0x70, 0x7F, 0xFF, 0xE0, 0xFF, 0xFF, 0xC1, 0xC0, 0x03, 0x83, 0x80, 0x07, 0x07,
    0xFF, 0xFE, 0x0F, 0xFF, 0xFC, 0x1F, 0xFF, 0xF8, 0x0F, 0xFF, 0xFC, 0x07, 0xFF, 0xFE, 0x03, 0xFF,
    0xFE, 0x01, 0xC0, 0x00, 0x00, 0xE0, 0x00, 0x00, 0x70, 0x00, 0x00, 0x38, 0x00, 0x00, 0x1C, 0x00,
    0x00, 0x0E, 0x00, 0x00, 0x07, 0xFF, 0xFE, 0x03, 0xFF, 0xFF, 0x00, 0x00, 0x00, 0x00, 0x00, 0x00,
    0x03, 0xFF, 0xFF, 0xF9, 0xFF, 0xFF, 0xFE, 0xFF, 0xFF, 0xFF, 0x00, 0x1C, 0x00, 0x00, 0x0E, 0x00,
    0x00, 0x07, 0x00, 0x00, 0x03, 0x80, 0x00, 0x01, 0xC0, 0x00, 0x00, 0xE0, 0x00, 0x00, 0x70, 0x00,
    0x00, 0x38, 0x00, 0x00, 0x1C, 0x00, 0x00, 0x00, 0x00, 0x00, 0x0F, 0xFF, 0xFC, 0x07, 0xFF, 0xFE,
    0x03, 0x80, 0x00, 0x01, 0xC0, 0x00, 0x00, 0xE0, 0x00, 0x00, 0x70, 0x00, 0x00, 0x3F, 0xFF, 0xF0,
    0x1F, 0xFF, 0xF8, 0x0F, 0xFF, 0xFC, 0x00, 0x00, 0x00, 0x1F, 0xFF, 0xFF, 0xEF, 0xFF, 0xFF, 0xF7,
    0xFF, 0xFF, 0xF8, 0x00, 0x70, 0x00, 0x00, 0x38, 0x00, 0x1C, 0x1C, 0x38, 0x0E, 0x0E, 0x1C, 0x07,
    0xFF, 0xFE, 0x03, 0xFF, 0xFF, 0x01, 0xFF, 0xFF, 0x80, 0xE0, 0x01, 0xC0, 0x70, 0x00, 0xE0, 0x3F,
    0xFF, 0xF0, 0x1F, 0xFF, 0xF8, 0x0F, 0xFF, 0xFC, 0x00, 0x00, 0x00, 0x0E, 0x00, 0x00, 0x1C, 0x7F,
    0xFC, 0x38, 0xFF, 0xF8, 0x71, 0xFF, 0xF0, 0xE3, 0x80, 0x01, 0xC7, 0x00, 0x03, 0x8E, 0x00, 0x07,
    0x1C, 0x00, 0x0E, 0x3F, 0xFE, 0x1C, 0x7F, 0xFC, 0x38, 0xFF, 0xF8, 0x70, 0x00, 0x00, 0xE0, 0x00,
    0x01, 0xC0, 0x00, 0x03, 0xBF, 0xFF, 0xE7, 0x7F, 0xFF, 0xCE, 0xFF, 0xF8, 0x1C, 0x03, 0x80, 0x38,
    0x07, 0x00, 0x70, 0x0E, 0x00, 0xE0, 0x1C, 0x01, 0xC0, 0x38, 0x03, 0x80, 0x70, 0x07, 0x00, 0xE0,
    0x0E, 0x01, 0xC0, 0x1C, 0x03, 0x80, 0x38, 0x1F, 0xFF, 0xF8, 0x0F, 0xFF, 0xFC, 0x07, 0xFF, 0xFE,
    0x03, 0x80, 0x00, 0x01, 0xC0, 0x00, 0x00, 0xE0, 0x00, 0x00, 0x70, 0x00, 0x00, 0x38, 0x00, 0x00,
    0x1C, 0x00, 0x00, 0x0E, 0x00, 0x00, 0x07, 0xFF, 0xFF, 0x03, 0xFF, 0xFF, 0x81, 0xFF, 0xFF, 0x80,
    0x00, 0x00, 0x00, 0x00, 0x00, 0x00, 0x00, 0x00, 0x00, 0x00, 0x00, 0x00, 0x00, 0x00, 0x00, 0x3F,
    0xFF, 0xFF, 0xDF, 0xFF, 0xFF, 0xEF, 0xFF, 0xFF, 0xF0, 0x00, 0x00, 0x00, 0x0F, 0xFF, 0xFC, 0x07,
    0xFF, 0xFE, 0x03, 0x80, 0x00, 0x01, 0xC0, 0x00, 0x00, 0xE0, 0x00, 0x00, 0x70, 0x00, 0x00, 0x38,
    0x00, 0x00, 0x1F, 0xFF, 0xF8, 0x0F, 0xFF, 0xFE, 0x07, 0xFF, 0xFE, 0x00, 0x00, 0x00, 0x00, 0x00,
    0x00, 0x07, 0xFF, 0xFF, 0xFB, 0xFF, 0xFF, 0xFD, 0xFF, 0xFF, 0xFE, 0x00, 0x00, 0x00, 0x00, 0x00,
    0x00, 0x07, 0x00, 0x00, 0x03, 0x80, 0x00, 0x01, 0xC0, 0x00, 0x00, 0xE0, 0x00, 0x00, 0x70, 0x00,
    0x00, 0x3F, 0xFF, 0xF8, 0x1F, 0xFF, 0xFC, 0x0F, 0xFF, 0xFE, 0x00, 0x00, 0x00, 0x70, 0x00, 0x03,
    0x80, 0x00, 0x1D, 0xFF, 0xF0, 0xEF, 0xFF, 0x87, 0x7F, 0xF8, 0x3B, 0x80, 0x01, 0xDC, 0x00, 0x0E,
    0xE0, 0x00, 0x77, 0x00, 0x03, 0xB8, 0x00, 0x1D, 0xC0, 0x00, 0xEE, 0x00, 0x07, 0x70, 0x00, 0x3B,
    0x80, 0x01, 0xDC, 0x00, 0x0E, 0xE0, 0x00, 0x77, 0x00, 0x73, 0xBF, 0xFF, 0x9D, 0xFF, 0xFC, 0xEF,
    0xFC, 0x07, 0x00, 0x00, 0x38, 0x00, 0x01, 0xC0, 0x00, 0x0E, 0x00, 0x00, 0x70, 0x00, 0x03, 0x80,
    0x00, 0x1C, 0x00, 0x00, 0x00, 0x00, 0x00, 0xE0, 0x00, 0x03, 0x9F, 0xFE, 0x0E, 0x7F, 0xF8, 0x39,
    0xC0, 0x00, 0xE7, 0x00, 0x03, 0x9C, 0x00, 0x0E, 0x70, 0x00, 0x39, 0xC0, 0x00, 0xE7, 0x00, 0x03,
    0x9C, 0x01, 0xCE, 0x7F, 0xFF, 0x39, 0xFF, 0xFC, 0xE7, 0xFC, 0x03, 0x80, 0x00, 0x0E, 0x00, 0x00,
    0x38, 0x07, 0xFE, 0x00, 0x7F, 0xFE, 0x03, 0xFF, 0xFC, 0x0E, 0x00, 0x78, 0x78, 0x00, 0xE1, 0xE0,
    0x03, 0x83, 0x80, 0x1E, 0x0F, 0xF7, 0xF0, 0x1F, 0xFF, 0x80, 0x1F, 0xF8, 0x00, 0x00, 0x00, 0x00,
    0x00, 0x07, 0x1C, 0x00, 0x0E, 0x38, 0x00, 0x1C, 0x7F, 0xDF, 0xB8, 0xFF, 0xBF, 0x71, 0xFE, 0x7E,
    0xE3, 0xF0, 0xE1, 0xC7, 0xE1, 0xC3, 0x8F, 0xC3, 0x87, 0x1F, 0x87, 0x0E, 0x3F, 0x0E, 0x1F, 0xFE,
    0x1C, 0x3F, 0xFC, 0x38, 0x7F, 0xF8, 0x70, 0xE3, 0xF0, 0xE1, 0xC7, 0xE1, 0xC3, 0x8F, 0xC3, 0x87,
    0x1F, 0xF7, 0xEE, 0x3F, 0xEF, 0xFC, 0x7F, 0x9F, 0x38, 0xE0, 0x00, 0x71, 0xC0, 0x00, 0xE3, 0x80,
    0x01, 0xC7, 0x00, 0x03, 0x8E, 0x00, 0x07, 0x1C, 0x00, 0x00, 0x38, 0x3F, 0xEF, 0xFE, 0x1F, 0xF7,
    0xFF, 0x0F, 0xFB, 0xFF, 0x07, 0x01, 0xE0, 0x03, 0x80, 0xF0, 0x01, 0xC0, 0x78, 0x00, 0xE0, 0x3C,
    0x00, 0x70, 0x1E, 0x00, 0x38, 0x0F, 0x00, 0x1C, 0x77, 0x80, 0x0F, 0xFF, 0xFF, 0x87, 0xFD, 0xFF,
    0xC0, 0x00, 0x00, 0x00, 0x01, 0xC0, 0x00, 0x00, 0xE0, 0x00, 0x00, 0x70, 0x00, 0x00, 0x38, 0x00,
    0x00, 0x1C, 0x00, 0x00, 0x0E, 0x00, 0x1F, 0xFF, 0xFF, 0xFF, 0xFF, 0xFF, 0xFB, 0xFF, 0xFF, 0xF8,
    0x00, 0x00, 0x0E, 0x00, 0x00, 0x1C, 0xFC, 0x7E, 0x39, 0xFD, 0xFC, 0x73, 0xFB, 0xF8, 0xE7, 0x07,
    0x01, 0xCE, 0x0E, 0x03, 0x9C, 0x1C, 0x07, 0x38, 0x38, 0x0E, 0x71, 0x70, 0x1C, 0xFE, 0xFE, 0x39,
    0xFD, 0xFC, 0x70, 0x00, 0x00, 0xE0, 0x00, 0x01, 0xC0, 0x00, 0x73, 0xFF, 0xFF, 0xE7, 0x7F, 0xFF,
    0xCE, 0xFF, 0xC0, 0x1C, 0x03, 0x80, 0x38, 0x07, 0x00, 0x70, 0x0E, 0x00, 0xE0, 0x1C, 0x01, 0xC0,
    0x38, 0x03, 0x80, 0x70, 0x07, 0x00, 0xE0, 0x0E, 0x01, 0xC0, 0x1C, 0x03, 0x80, 0x38, 0x00, 0x00,
    0x00, 0x00, 0x00, 0x1C, 0x00, 0x00, 0x0E, 0x0F, 0xFF, 0x07, 0x07, 0xFF, 0x83, 0x83, 0xFF, 0xC1,
    0xC0, 0x00, 0xE0, 0xE0, 0x00, 0x70, 0x70, 0x00, 0x38, 0x38, 0x00, 0x1C, 0x1C, 0x1F, 0xFE, 0x0E,
    0x0F, 0xFF, 0x07, 0xF7, 0xFF, 0x83, 0xFB, 0x80, 0x01, 0xFD, 0xC0, 0x00, 0xE0, 0xE0, 0x00, 0x70,
    0x70, 0x00, 0x38, 0x38, 0x00, 0x1C, 0x1C, 0x03, 0xCE, 0x0F, 0xFF, 0xE7, 0x07, 0xFF, 0xF3, 0x83,
    0xFE, 0x01, 0xC0, 0x00, 0x00, 0xE0, 0x00, 0x00, 0x70, 0x00, 0x00, 0x38, 0x00, 0x00, 0x1C, 0x00,
    0x00, 0x0E, 0x00, 0x00, 0x00, 0x00, 0x00, 0x00, 0x1C, 0x1F, 0xFE, 0x0E, 0x0F, 0xFF, 0x07, 0x07,
    0xFF, 0x83, 0x80, 0x01, 0xC1, 0xC0, 0x00, 0xE0, 0xE0, 0x00, 0x70, 0x7F, 0x7F, 0xF8, 0x3F, 0xBF,
    0xFC, 0x1F, 0xDC, 0x00, 0x0E, 0x0E, 0x00, 0x07, 0x07, 0x00, 0x73, 0x83, 0xFF, 0xF9, 0xC1, 0xFF,
    0xFC, 0xE0, 0xFE, 0x00, 0x70, 0x00, 0x00, 0x38, 0x00, 0x00, 0x00, 0x03, 0xFF, 0xFE, 0x03, 0xFF,
    0xFF, 0x01, 0xFF, 0xFF, 0x80, 0x00, 0x01, 0xC0, 0x00, 0x00, 0xE0, 0x00, 0x00, 0x70, 0x00, 0x00,
    0x38, 0x00, 0x00, 0x1C, 0x00, 0x00, 0x0E, 0x00, 0x00, 0x00, 0x00, 0x00, 0x00, 0x1C, 0x1F, 0xFE,
    0x0E, 0x0F, 0xFF, 0x07, 0x07, 0xFF, 0x83, 0x80, 0x01, 0xC1, 0xC0, 0x00, 0xE0, 0xE0, 0x00, 0x70,
    0x7F, 0x7F, 0xF8, 0x3F, 0xBF, 0xFC, 0x1F, 0xDC, 0x00, 0x0E, 0x0E, 0x00, 0x07, 0x07, 0x00, 0xF3,
    0x83, 0xFF, 0xF9, 0xC1, 0xFF, 0xFC, 0xE0, 0xFE, 0x00, 0x70, 0x00, 0x00, 0x38, 0x00, 0x00, 0x00,
    0x03, 0xFF, 0xFE, 0x01, 0xFF, 0xFF, 0x00, 0xE0, 0x03, 0x80, 0x70, 0x01, 0xC0, 0x38, 0x00, 0xE0,
    0x1C, 0x00, 0x70, 0x0F, 0xFF, 0xF8, 0x07, 0xFF, 0xFC, 0x03, 0xFF, 0xFE, 0x00, 0x00, 0x00, 0x00,
    0x00, 0x07, 0x1C, 0x00, 0x0E, 0x3B, 0xFF, 0x1C, 0x77, 0xFE, 0x38, 0xEF, 0xFC, 0x71, 0xC0, 0x38,
    0xE3, 0x80, 0x71, 0xC7, 0x00, 0xE3, 0x8E, 0x01, 0xC7, 0x1C, 0x03, 0x8E, 0x3B, 0xFF, 0x1F, 0xF7,
    0xFE, 0x3F, 0xEE, 0x00, 0x7F, 0xDC, 0x00, 0xE3, 0xB8, 0x01, 0xC7, 0x70, 0x03, 0x8E, 0xE0, 0x07,
    0x1D, 0xC0, 0x4E, 0x3B, 0xFF, 0xDC, 0x77, 0xFF, 0xB8, 0xEF, 0xF0, 0x71, 0xC0, 0x00, 0xE3, 0x80,
    0x01, 0xC7, 0x00, 0x03, 0x8E, 0x00, 0x07, 0x1C, 0x00, 0x00, 0x38, 0x00, 0x00, 0x1C, 0x00, 0x00,
    0x38, 0x00, 0x00, 0x73, 0xFF, 0xC0, 0xE7, 0xFF, 0x81, 0xCF, 0xFF, 0x03, 0x80, 0x0E, 0x07, 0x00,
    0x1C, 0x0E, 0x00, 0x38, 0x1C, 0x00, 0x70, 0x39, 0xFF, 0xE7, 0xF3, 0xFF, 0xDF, 0xE7, 0xFF, 0xBF,
    0xCE, 0x00, 0x03, 0x9C, 0x00, 0x07, 0x38, 0x00, 0x0E, 0x70, 0x00, 0x1C, 0xE0, 0x04, 0x39, 0xFF,
    0xF8, 0x73, 0xFF, 0xF0, 0xE7, 0xFF, 0x01, 0xC0, 0x00, 0x03, 0x80, 0x00, 0x07, 0x00, 0x00, 0x0E,
    0x00, 0x00, 0x1C, 0x00, 0x00, 0x38, 0x00, 0x00, 0x70, 0x00, 0x00, 0x0E, 0x00, 0x03, 0x9C, 0x00,
    0x07, 0x3B, 0xFF, 0x0E, 0x77, 0xFE, 0x1C, 0xEF, 0xFC, 0x39, 0xC0, 0x38, 0x73, 0x80, 0x70, 0xE7,
    0x00, 0xE1, 0xCE, 0x01, 0xC3, 0x9C, 0x03, 0xBF, 0x3B, 0xFF, 0x7E, 0x77, 0xFE, 0xFC, 0xEE, 0x00,
    0x39, 0xDC, 0x00, 0x73, 0xB8, 0x00, 0xE7, 0x70, 0x01, 0xCE, 0xE0, 0x33, 0x9D, 0xFF, 0xE7, 0x3B,
    0xFF, 0xCE, 0x77, 0xF8, 0x1C, 0xE0, 0x00, 0x39, 0xC0, 0x00, 0x73, 0x80, 0x00, 0xE7, 0x00, 0x01,
    0xCE, 0x00, 0x03, 0x9C, 0x00, 0x00, 0x38, 0x00, 0x00, 0x00, 0x00, 0x00, 0x38, 0x00, 0x00, 0x73,
    0xFF, 0xC0, 0xE7, 0xFF, 0x81, 0xCF, 0xFF, 0x03, 0x80, 0x0E, 0x7F, 0x00, 0x1D, 0xFE, 0x00, 0x3B,
    0xFC, 0x00, 0x70, 0x39, 0xFF, 0xE0, 0x73, 0xFF, 0xC0, 0xE7, 0xFF, 0x81, 0xCE, 0x00, 0x03, 0x9C,
    0x00, 0xFF, 0x38, 0x01, 0xFE, 0x70, 0x00, 0x1C, 0xE0, 0x00, 0x39, 0xC0, 0x30, 0x73, 0xFF, 0xF0,
    0xE7, 0xFF, 0xE1, 0xCF, 0xFC, 0x03, 0x80, 0x00, 0x07, 0x00, 0x00, 0x0E, 0x00, 0x00, 0x1C, 0x00,
    0x00, 0x38, 0x00, 0x00, 0x70, 0x00, 0x00, 0x00, 0x00, 0x00, 0x39, 0xFF, 0xC0, 0x73, 0xFF, 0x80,
    0xE7, 0xFF, 0x01, 0xC0, 0x0E, 0x7F, 0x80, 0x1C, 0xFF, 0x00, 0x38, 0x0E, 0x7F, 0xF0, 0x1C, 0xFF,
    0xE0, 0x39, 0xC0, 0x0F, 0xF3, 0x80, 0x1F, 0xE7, 0x00, 0x1F, 0xCF, 0xFF, 0x83, 0x9F, 0xFF, 0x07,
    0x3F, 0xFC, 0x0E, 0x00, 0x00, 0x1C, 0x00, 0x00, 0x00, 0x3F, 0xFF, 0xF0, 0x7F, 0xFF, 0xE0, 0xFF,
    0xFF, 0xC0, 0x00, 0x03, 0x80, 0x00, 0x07, 0x00, 0x00, 0x0E, 0x00, 0x00, 0x1C, 0x00, 0x00, 0x38,
    0x00, 0x00, 0x70, 0x00, 0x00, 0x00, 0x00, 0x00, 0x1C, 0x7F, 0xF0, 0x1C, 0x7F, 0xF0, 0x1C, 0x00,
    0x73, 0xFC, 0x00, 0x73, 0xFC, 0x00, 0x70, 0x1C, 0x7F, 0xF0, 0x1C, 0x7F, 0xF0, 0x1C, 0x70, 0x03,
    0xFC, 0x70, 0x03, 0xFC, 0x70, 0x1D, 0xFC, 0x7F, 0xFC, 0x1C, 0x7F, 0xFC, 0x1C, 0x00, 0x00, 0x1C,
    0x00, 0x00, 0x00, 0x0F, 0xFF, 0xFC, 0x0F, 0xFF, 0xFC, 0x00, 0x00, 0x1C, 0x00, 0x00, 0x1C, 0x0F,
    0xFF, 0xFC, 0x0F, 0xFF, 0xFC, 0x0E, 0x00, 0x00, 0x0E, 0x00, 0x00, 0x0E, 0x00, 0x00, 0x0F, 0xFF,
    0xFE, 0x0F, 0xFF, 0xFE, 0x00, 0x00, 0x00, 0x00, 0x00, 0x39, 0xFF, 0xC0, 0x73, 0xFF, 0x80, 0xE0,
    0x07, 0x3F, 0xC0, 0x0E, 0x7F, 0x80, 0x1C, 0x07, 0x3F, 0xF8, 0x0E, 0x7F, 0xF0, 0x1C, 0xE0, 0x07,
    0xF9, 0xC0, 0x0F, 0xF3, 0x80, 0x1F, 0xE7, 0xFF, 0xC1, 0xCF, 0xFF, 0x83, 0x9F, 0xFF, 0x07, 0x00,
    0x00, 0x0E, 0x00, 0x00, 0x00, 0x1C, 0x00, 0x38, 0x38, 0x00, 0x70, 0x78, 0x00, 0xE0, 0xFF, 0xFF,
    0xC1, 0xFF, 0xFF, 0x83, 0x80, 0x07, 0x07, 0x00, 0x0E, 0x0F, 0xFF, 0xFC, 0x1F, 0xFF, 0xF8, 0x3F,
    0xFF, 0xF0, 0x00, 0x00, 0x1C, 0x00, 0x00, 0x0F, 0x1F, 0xFC, 0x07, 0x8F, 0xFE, 0x03, 0xC0, 0x07,
    0x3F, 0xE0, 0x03, 0x9F, 0xF0, 0x01, 0xC7, 0xF8, 0x00, 0xE0, 0x3C, 0x7F, 0xF0, 0x1E, 0x3F, 0xF8,
    0x0F, 0x1C, 0x00, 0xFF, 0x8E, 0x00, 0x7F, 0xC7, 0x00, 0x41, 0xE3, 0xFF, 0xE0, 0xF1, 0xFF, 0xF0,
    0x78, 0xFF, 0xC0, 0x3C, 0x00, 0x00, 0x1C, 0x01, 0xC0, 0x70, 0x00, 0xE0, 0x38, 0x00, 0x70, 0x1E,
    0x00, 0x3C, 0x0F, 0x00, 0x3E, 0x0F, 0x80, 0x1F, 0x87, 0xE0, 0x1D, 0xE7, 0x78, 0x3E, 0xFF, 0x9E,
    0x3E, 0x3F, 0x87, 0xCE, 0x0F, 0x81, 0xC0, 0x01, 0x00, 0x00, 0x1F, 0xFF, 0xF8, 0x0F, 0xFF, 0xFC,
    0x07, 0xFF, 0xFE, 0x00, 0x00, 0x07, 0x00, 0x00, 0x03, 0x80, 0x00, 0x01, 0xC0, 0x00, 0x00, 0xE0,
    0x3F, 0xFF, 0xF0, 0x1F, 0xFF, 0xF8, 0x0E, 0x00, 0x00, 0x07, 0x00, 0x00, 0x03, 0x80, 0x00, 0x01,
    0xFF, 0xFF, 0xC0, 0xFF, 0xFF, 0xE0, 0x7F, 0xFF, 0xF0, 0x00, 0x38, 0x00, 0x00, 0x1C, 0x00, 0x00,
    0x0E, 0x00, 0x00, 0x07, 0x00, 0x00, 0x03, 0x80, 0x0F, 0xFF, 0xFF, 0xFF, 0xFF, 0xFF, 0xFF, 0xFF,
    0xFF, 0xFC, 0x00, 0x00, 0x00, 0x07, 0xFF, 0xFE, 0x03, 0xFF, 0xFF, 0x00, 0x00, 0x03, 0x80, 0x00,
    0x01, 0xC0, 0x7F, 0xFF, 0xE0, 0x3F, 0xFF, 0xF0, 0x1C, 0x00, 0x00, 0x0E, 0x00, 0x00, 0x07, 0xFF,
    0xFE, 0x03, 0xFF, 0xFF, 0x01, 0xFF, 0xFF, 0x80, 0x01, 0xC0, 0x00, 0x00, 0xE0, 0x01, 0xFF, 0xFF,
    0xFE, 0xFF, 0xFF, 0xFF, 0x00, 0x00, 0x00, 0x00, 0x00, 0x00, 0x03, 0xFF, 0xFF, 0x03, 0xFF, 0xFF,
    0x81, 0xFF, 0xFF, 0xC0, 0x00, 0x00, 0xE0, 0x00, 0x00, 0x70, 0x00, 0x00, 0x38, 0x00, 0x00, 0x1C,
    0x00, 0x00, 0x0E, 0x00, 0x1F, 0xFF, 0xF8, 0x0F, 0xFF, 0xFC, 0x07, 0xFF, 0xFE, 0x00, 0x00, 0x07,
    0x00, 0x00, 0x03, 0x80, 0x00, 0x01, 0xC0, 0x7F, 0xFF, 0xE0, 0x3F, 0xFF, 0xF0, 0x1F, 0xFF, 0xF8,
    0x0E, 0x00, 0x00, 0x07, 0x00, 0x00, 0x03, 0x80, 0x00, 0x01, 0xFF, 0xFF, 0xC0, 0xFF, 0xFF, 0xE0,
    0x7F, 0xFF, 0xF0, 0x07, 0x83, 0x80, 0x03, 0xC1, 0xC0, 0x01, 0xE0, 0xE0, 0x00, 0xF0, 0x70, 0x00,
    0x78, 0x38, 0x0F, 0xFF, 0xFF, 0xF7, 0xFF, 0xFF, 0xF9, 0xFF, 0xFF, 0xFC, 0x00, 0x00, 0x00, 0x1F,
    0xFF, 0xF8, 0x1F, 0xFF, 0xF8, 0x00, 0x00, 0x38, 0x00, 0x00, 0x38, 0x00, 0x00, 0x38, 0x1F, 0xFF,
    0xF8, 0x1F, 0xFF, 0xF8, 0x1C, 0x00, 0x00, 0x1C, 0x00, 0x00, 0x1C, 0x00, 0x00, 0x1F, 0xFF, 0xFC,
    0x1F, 0xFF, 0xFC, 0x1F, 0xFF, 0xF8, 0x00, 0x00, 0x00, 0x00, 0x00, 0x00, 0xFF, 0xFF, 0xFF, 0xFF,
    0xFF, 0xFF, 0xFF, 0xFF, 0xFF, 0x00, 0x1C, 0x00, 0x00, 0x1C, 0x00, 0x00, 0x1C, 0x00, 0x00, 0x1C,
    0x00, 0x00, 0x1C, 0x00, 0x00, 0x1C, 0x00, 0x00, 0x1C, 0x00, 0x00, 0x00, 0x00, 0x0F, 0xFF, 0xFC,
    0x07, 0xFF, 0xFE, 0x00, 0x00, 0x07, 0x00, 0x00, 0x03, 0x80, 0x00, 0x01, 0xC0, 0x7F, 0xFF, 0xE0,
    0x3F, 0xFF, 0xF0, 0x1C, 0x00, 0x00, 0x0E, 0x00, 0x00, 0x07, 0x00, 0x00, 0x03, 0xFF, 0xFF, 0x81,
    0xFF, 0xFF, 0xC0, 0xFF, 0xFF, 0xE0, 0x00, 0x00, 0x00, 0xFF, 0xFF, 0xFE, 0xFF, 0xFF, 0xFF, 0x7F,
    0xFF, 0xFF, 0x80, 0xE0, 0x70, 0x00, 0x70, 0x38, 0x00, 0x38, 0x1C, 0x00, 0x1C, 0x0E, 0x00, 0x0E,
    0x07, 0x00, 0x07, 0x03, 0x80, 0x03, 0x81, 0xC0, 0x01, 0xC0, 0xE0, 0x00, 0x1F, 0xFF, 0xF8, 0x0F,
    0xFF, 0xFC, 0x00, 0x00, 0x0E, 0x00, 0x00, 0x07, 0x01, 0xFF, 0xFF, 0x80, 0xFF, 0xFF, 0xC0, 0x70,
    0x00, 0x00, 0x38, 0x00, 0x00, 0x1F, 0xFF, 0xFC, 0x0F, 0xFF, 0xFE, 0x00, 0x00, 0x00, 0x00, 0x00,
    0x00, 0x0F, 0xFF, 0xFF, 0xF7, 0xFF, 0xFF, 0xF8, 0x0F, 0x07, 0x00, 0x07, 0x83, 0x80, 0x1F, 0xFF,
    0xF8, 0x0F, 0xFF, 0xFC, 0x00, 0x00, 0x0E, 0x00, 0x00, 0x07, 0x01, 0xFF, 0xFF, 0x80, 0xFF, 0xFF,
    0xC0, 0x70, 0x00, 0x00, 0x38, 0x00, 0x00, 0x1F, 0xFF, 0xFC, 0x0F, 0xFF, 0xFE, 0x00, 0x00, 0x00,
    0x00, 0x0F, 0xFF, 0xFC, 0x07, 0xFF, 0xFE, 0x00, 0x00, 0x07, 0x00, 0x00, 0x03, 0x80, 0x00, 0x01,
    0xC0, 0x00, 0x00, 0xE0, 0x3F, 0xFF, 0xF0, 0x1F, 0xFF, 0xF8, 0x0E, 0x00, 0x00, 0x07, 0x00, 0x00,
    0x03, 0x80, 0x00, 0x01, 0xC0, 0x00, 0x00, 0xFF, 0xFF, 0xE0, 0x7F, 0xFF, 0xF0, 0x00, 0x00, 0x00,
    0x00, 0x00, 0x00, 0x00, 0x00, 0x00, 0x00, 0x00, 0x00, 0x1F, 0xFF, 0xFF, 0xEF, 0xFF, 0xFF, 0xF7,
    0xFF, 0xFF, 0xF8, 0x00, 0x00, 0x00, 0x0F, 0xFF, 0xFC, 0x07, 0xFF, 0xFE, 0x00, 0x00, 0x07, 0x00,
    0x00, 0x03, 0x80, 0xFF, 0xFF, 0xC0, 0x7F, 0xFF, 0xE0, 0x38, 0x00, 0x00, 0x1C, 0x00, 0x00, 0x0E,
    0x00, 0x00, 0x07, 0xFF, 0xFF, 0x03, 0xFF, 0xFF, 0x80, 0x00, 0x00, 0x00, 0x00, 0x00, 0x03, 0xFF,
    0xFF, 0xFD, 0xFF, 0xFF, 0xFE, 0xFF, 0xFF, 0xFF, 0x00, 0x00, 0x00, 0x07, 0x00, 0x00, 0x03, 0x80,
    0x00, 0x01, 0xC0, 0x00, 0x00, 0xE0, 0x00, 0x00, 0x70, 0x00, 0x00, 0x3F, 0xFF, 0xF8, 0x1F, 0xFF,
    0xFC, 0x0F, 0xFF, 0xFE, 0x00, 0x1F, 0xFF, 0xF8, 0x0F, 0xFF, 0xFC, 0x00, 0x00, 0x0E, 0x00, 0x00,
    0x07, 0x01, 0xFF, 0xFF, 0x80, 0xFF, 0xFF, 0xC0, 0x70, 0x00, 0x00, 0x38, 0x00, 0x00, 0x1F, 0xFF,
    0xFC, 0x0F, 0xFF, 0xFE, 0x00, 0x00, 0x00, 0x00, 0x00, 0x00, 0x0F, 0xFF, 0xFF, 0xF7, 0xFF, 0xFF,
    0xF8, 0x00, 0x00, 0x00, 0x00, 0x00, 0x00, 0x1F, 0xFF, 0xF8, 0x0F, 0xFF, 0xFC, 0x00, 0x00, 0x0E,
    0x00, 0x00, 0x07, 0x01, 0xFF, 0xFF, 0x80, 0xFF, 0xFF, 0xC0, 0x70, 0x00, 0x00, 0x38, 0x00, 0x00,
    0x1F, 0xFF, 0xFC, 0x0F, 0xFF, 0xFE, 0x00, 0x00, 0x00, 0x00, 0x0F, 0xFF, 0xFC, 0x07, 0xFF, 0xFE,
    0x00, 0x00, 0x07, 0x00, 0x00, 0x03, 0x80, 0xFF, 0xFF, 0xC0, 0x7F, 0xFF, 0xE0, 0x38, 0x00, 0x00,
    0x1C, 0x00, 0x00, 0x0F, 0xFF, 0xFE, 0x07, 0xFF, 0xFF, 0x00, 0x00, 0x00, 0x00, 0x00, 0x00, 0x07,
    0xFF, 0xFF, 0xFB, 0xFF, 0xFF, 0xFD, 0xFF, 0xFF, 0xFE, 0x00, 0x00, 0x00, 0x00, 0x00, 0x00, 0x07,
    0xFF, 0xFE, 0x03, 0xFF, 0xFF, 0x01, 0xE0, 0x03, 0x80, 0xE0, 0x01, 0xC0, 0x70, 0x00, 0xE0, 0x3F,
    0xFF, 0xF0, 0x1F, 0xFF, 0xF8, 0x0F, 0xFF, 0xFC, 0x00, 0x00, 0x00, 0x38, 0x00, 0x00, 0xE0, 0x00,
    0x03, 0x9F, 0xFE, 0x0E, 0x7F, 0xF8, 0x39, 0xFF, 0xE0, 0xE0, 0x03, 0x83, 0x80, 0x0E, 0x0E, 0x00,
    0x38, 0x38, 0x00, 0xE0, 0xE7, 0xFF, 0x83, 0x9F, 0xFE, 0x0E, 0x7F, 0xF8, 0x39, 0xC0, 0x00, 0xE7,
    0x00, 0x03, 0x9C, 0x00, 0x0E, 0x70, 0x00, 0x39, 0xC0, 0x00, 0xE7, 0x00, 0xF3, 0x9F, 0xFF, 0xCE,
    0x7F, 0xFF, 0x39, 0xFF, 0x00, 0xE0, 0x00, 0x03, 0x80, 0x00, 0x0E, 0x00, 0x00, 0x38, 0x00, 0x00,
    0xE0, 0x00, 0x03, 0x80, 0x00, 0x00, 0x00, 0x00, 0x00, 0x77, 0xFF, 0x81, 0xDF, 0xFE, 0x07, 0x7F,
    0xF8, 0x1C, 0x00, 0xE0, 0x70, 0x03, 0x81, 0xC0, 0x0E, 0x07, 0x7F, 0xF8, 0x1D, 0xFF, 0xE0, 0x77,
    0x00, 0x01, 0xDC, 0x00, 0x07, 0x70, 0x01, 0x1D, 0xFF, 0xFC, 0x77, 0xFF, 0xF1, 0xDF, 0xFE, 0x07,
    0x00, 0x00, 0x1C, 0x00, 0x00, 0x00, 0xFF, 0xFF, 0xC3, 0xFF, 0xFF, 0x0F, 0xFF, 0xFC, 0x00, 0x00,
    0x70, 0x00, 0x01, 0xC0, 0x00, 0x07, 0x00, 0x00, 0x1C, 0x00, 0x00, 0x70, 0x00, 0x01, 0xC0, 0x00,
    0x00, 0x1C, 0x00, 0x00, 0x39, 0xFF, 0xE0, 0x73, 0xFF, 0xC0, 0xE0, 0x03, 0x81, 0xC0, 0x07, 0x03,
    0x80, 0x0E, 0x07, 0x3F, 0xFC, 0x0E, 0x7F, 0xF8, 0x1C, 0xFF, 0xF0, 0x39, 0xC0, 0x00, 0x73, 0x80,
    0x00, 0xE7, 0x00, 0x11, 0xCF, 0xFF, 0xE3, 0x9F, 0xFF, 0xC7, 0x3F, 0xFC, 0x0E, 0x00, 0x00, 0x1C,
    0x00, 0x00, 0x38, 0x38, 0x00, 0x70, 0x70, 0x00, 0xE0, 0xE0, 0x00, 0x01, 0xC0, 0x00, 0x03, 0x80,
    0x00, 0x07, 0x00, 0x00, 0x0F, 0xFF, 0xFE, 0x1F, 0xFF, 0xFC, 0x00, 0x00, 0x00, 0x00, 0x00, 0x39,
    0xFF, 0xE0, 0x73, 0xFF, 0xC0, 0xE7, 0xFF, 0x81, 0xC0, 0x07, 0x03, 0x80, 0x0E, 0x07, 0x00, 0x1C,
    0x0E, 0x7F, 0xF8, 0x1C, 0xFF, 0xF0, 0x39, 0xC0, 0x00, 0x73, 0x80, 0x00, 0xE7, 0x00, 0x71, 0xCF,
    0xFF, 0xE3, 0x9F, 0xFF, 0xC7, 0x3F, 0xF0, 0x0E, 0x00, 0x00, 0x1C, 0x00, 0x18, 0x00, 0x07, 0xFF,
    0x80, 0x3F, 0xFF, 0xC0, 0xF8, 0x07, 0xC1, 0xC0, 0x03, 0x83, 0x80, 0x07, 0x07, 0x80, 0x1E, 0x0F,
    0xFF, 0xF8, 0x07, 0xFF, 0xE0, 0x03, 0xFF, 0x00, 0x00, 0x00, 0x60, 0x00, 0x00, 0xF0, 0x00, 0x00,
    0xF0, 0xFF, 0xF0, 0xF0, 0xFF, 0xF0, 0xF0, 0xFF, 0xF0, 0xF0, 0xE0, 0x70, 0xF0, 0xE0, 0x70, 0xF0,
    0xE0, 0x70, 0xF0, 0xE0, 0x70, 0xF0, 0xE0, 0x70, 0xF0, 0xE0, 0x70, 0xFF, 0xE0, 0x70, 0xFF, 0xE0,
    0x70, 0xFF, 0xE0, 0x70, 0xF0, 0xE0, 0x70, 0xF0, 0xE0, 0x70, 0xF0, 0xE0, 0x70, 0xF0, 0xFF, 0xF0,
    0xF0, 0xFF, 0xF0, 0xF0, 0xFF, 0xF0, 0xF0, 0x00, 0x00, 0xF0, 0x00, 0x00, 0xF0, 0x00, 0x00, 0xF0,
    0x00, 0x00, 0xF0, 0x00, 0x00, 0xF0, 0x00, 0x00, 0xF0, 0x00, 0x00, 0x70, 0x00, 0x00, 0x70, 0x00,
    0x00, 0x70, 0xFF, 0xF0, 0x70, 0xFF, 0xF0, 0x70, 0xFF, 0xF0, 0x70, 0xE0, 0x70, 0x70, 0xE0, 0x70,
    0x70, 0xE0, 0x70, 0x7E, 0xE0, 0x70, 0x7F, 0xE0, 0x70, 0x7F, 0xE0, 0x70, 0x70, 0xE0, 0x70, 0x70,
    0xFF, 0xF0, 0x70, 0xFF, 0xF0, 0x70, 0xFF, 0xF0, 0x70, 0x00, 0x00, 0x70, 0x00, 0x00, 0x70, 0x1C,
    0x00, 0x70, 0x1C, 0x00, 0x70, 0x1C, 0x00, 0x00, 0x1C, 0x00, 0x00, 0x1C, 0x00, 0x00, 0x1C, 0x00,
    0x00, 0x1F, 0xFF, 0xF8, 0x1F, 0xFF, 0xF8, 0x1F, 0xFF, 0xF8, 0x00, 0x00, 0x00, 0x00, 0x00, 0x70,
    0xFF, 0xF0, 0x70, 0xFF, 0xF0, 0x70, 0xFF, 0xF0, 0x70, 0xE0, 0x70, 0x70, 0xE0, 0x70, 0x70, 0xE0,
    0x70, 0x7F, 0xE0, 0x70, 0x7F, 0xE0, 0x70, 0x7E, 0xE0, 0x70, 0x70, 0xE0, 0x70, 0x70, 0xFF, 0xF0,
    0x70, 0xFF, 0xF0, 0x70, 0x00, 0x00, 0x70, 0x00, 0x00, 0x70, 0x00, 0x00, 0x00, 0x00, 0x00, 0x00,
    0x1F, 0xFF, 0xF0, 0x1F, 0xFF, 0xF0, 0x00, 0x78, 0x00, 0x00, 0x7C, 0x00, 0x00, 0xFC, 0x00, 0x01,
    0xFF, 0x00, 0x0F, 0xCF, 0xC0, 0x3F, 0x83, 0xF8, 0x3E, 0x00, 0xF8, 0x10, 0x00, 0x10, 0x00, 0x00,
    0x1C, 0x00, 0x1C, 0x70, 0x00, 0x71, 0xC0, 0x01, 0xC7, 0xFF, 0xE7, 0x1F, 0xFF, 0x9C, 0x7E, 0x0E,
    0x71, 0xF8, 0x39, 0xC7, 0xE0, 0xE7, 0x1F, 0x83, 0x9C, 0x7E, 0x0E, 0x71, 0xF8, 0x39, 0xFF, 0xE0,
    0xE7, 0xFF, 0x83, 0x9F, 0xFE, 0x0E, 0x71, 0xF8, 0x39, 0xC7, 0xE0, 0xE7, 0x1F, 0x83, 0x9C, 0x7F,
    0xFE, 0x71, 0xFF, 0xF9, 0xC7, 0x7F, 0xC7, 0x1C, 0x00, 0x1C, 0x70, 0x00, 0x71, 0xC0, 0x01, 0xC7,
    0x00, 0x07, 0x1C, 0x00, 0x1C, 0x70, 0x00, 0x01, 0xC0, 0x00, 0x00, 0x00, 0x00, 0x00, 0xE0, 0x00,
    0x03, 0xBF, 0xFC, 0x0E, 0xFF, 0xF0, 0x3B, 0xFF, 0xC0, 0xEE, 0x07, 0x03, 0xB8, 0x1C, 0x0E, 0xE0,
    0x7F, 0xFB, 0x81, 0xFF, 0xEE, 0x07, 0xFF, 0xB8, 0x1C, 0x0E, 0xE0, 0x70, 0x3B, 0xFF, 0xC0, 0xEF,
    0xFF, 0x03, 0xBF, 0xFC, 0x0E, 0x00, 0x00, 0x38, 0x00, 0x00, 0xE1, 0xE0, 0x03, 0x87, 0x80, 0x0E,
    0x1E, 0x00, 0x00, 0x78, 0x00, 0x01, 0xE0, 0x00, 0x07, 0x80, 0x00, 0x1F, 0xFF, 0xFC, 0x7F, 0xFF,
    0xF1, 0xFF, 0xFF, 0xC0, 0x00, 0x00, 0x1C, 0x00, 0x0E, 0x70, 0x00, 0x39, 0xC0, 0x00, 0xE7, 0xFF,
    0xE3, 0x9F, 0xFF, 0x8E, 0x7E, 0x0E, 0x39, 0xF8, 0x38, 0xE7, 0xE0, 0xE3, 0x9F, 0x83, 0x8E, 0x7E,
    0x0F, 0xF9, 0xF8, 0x3F, 0xE7, 0xE0, 0xFF, 0x9F, 0x83, 0x8E, 0x7E, 0x0E, 0x39, 0xF8, 0x38, 0xE7,
    0xE0, 0xE3, 0x9F, 0x83, 0x8E, 0x7F, 0xFE, 0x39, 0xFF, 0xF8, 0xE7, 0x7F, 0xC3, 0x9C, 0x00, 0x0E,
    0x70, 0x00, 0x39, 0xC0, 0x00, 0xE7, 0x00, 0x03, 0x9C, 0x00, 0x0E, 0x70, 0x00, 0x01, 0xC0, 0x00,
    0x00, 0x38, 0x00, 0x00, 0xE0, 0x00, 0x03, 0xBF, 0xFC, 0x0E, 0xFF, 0xF0, 0x3B, 0x81, 0xFF, 0xEE,
    0x07, 0xFF, 0xB8, 0x1F, 0xFE, 0xE0, 0x70, 0x3B, 0x81, 0xC0, 0xEE, 0x07, 0x03, 0xB8, 0x1F, 0xFE,
    0xE0, 0x7F, 0xFB, 0xFF, 0xC0, 0xEF, 0xFF, 0x03, 0xBF, 0xFC, 0x0E, 0x00, 0x00, 0x38, 0x00, 0x00,
    0xE0, 0x00, 0x03, 0x87, 0x80, 0x0E, 0x1E, 0x00, 0x00, 0x78, 0x00, 0x01, 0xE0, 0x00, 0x07, 0x80,
    0x00, 0x1E, 0x00, 0x00, 0x7F, 0xFF, 0xF1, 0xFF, 0xFF, 0xC0, 0x00, 0x00, 0x00, 0x00, 0x00, 0xE0,
    0x00, 0x03, 0xBF, 0xFC, 0x0E, 0xFF, 0xF0, 0x3B, 0x81, 0xFF, 0xEE, 0x07, 0xFF, 0xB8, 0x1C, 0x0E,
    0xE0, 0x70, 0x3B, 0x81, 0xC0, 0xEE, 0x07, 0xFF, 0xB8, 0x1F, 0xFE, 0xFF, 0xFF, 0xFB, 0xFF, 0xC0,
    0xEF, 0xFF, 0x03, 0x80, 0x00, 0x0E, 0x00, 0x00, 0x38, 0x07, 0xFE, 0x00, 0x7F, 0xFE, 0x03, 0xFF,
    0xFC, 0x1E, 0x00, 0x78, 0x70, 0x00, 0xE1, 0xC0, 0x03, 0x87, 0x80, 0x1E, 0x0F, 0xE7, 0xF0, 0x1F,
    0xFF, 0x80, 0x1F, 0xF8, 0x00, 0x00, 0x00, 0x38, 0x00, 0x00, 0x73, 0xFF, 0xE0, 0xE7, 0xFF, 0xC1,
    0xCF, 0xFF, 0xFF, 0x9C, 0x07, 0xFF, 0x38, 0x0E, 0x0E, 0x70, 0x1C, 0x1C, 0xE0, 0x38, 0x39, 0xC0,
    0x7F, 0xF3, 0x80, 0xFF, 0xE7, 0xFF, 0xFF, 0xCF, 0xFF, 0x83, 0x9F, 0xFF, 0x07, 0x00, 0x00, 0x0E,
    0x00, 0x0E, 0x1C, 0x00, 0x1C, 0x00, 0x1F, 0xFF, 0xF0, 0x7F, 0xFF, 0xF0, 0xFF, 0xFF, 0xE0, 0x01,
    0xC0, 0x00, 0x07, 0xC0, 0x00, 0x1F, 0xC0, 0x00, 0xFB, 0xC0, 0x07, 0xE3, 0xF0, 0x7F, 0x03, 0xFC,
    0xF8, 0x01, 0xF0, 0x00, 0x00, 0x00, 0x00, 0x00, 0x00, 0x0F, 0xFF, 0xFE, 0x07, 0xFF, 0xFF, 0x03,
    0x80, 0x03, 0x81, 0xC0, 0x01, 0xC0, 0xE0, 0x00, 0xE0, 0x70, 0x00, 0x70, 0x38, 0x00, 0x38, 0x1C,
    0x00, 0x1C, 0x0E, 0x00, 0x0E, 0x07, 0x00, 0x07, 0x03, 0xFF, 0xFF, 0x81, 0xFF, 0xFF, 0xC0, 0xFF,
    0xFF, 0xE0, 0x00, 0x70, 0x00, 0x00, 0x38, 0x00, 0x00, 0x1C, 0x00, 0x00, 0x0E, 0x00, 0x00, 0x07,
    0x00, 0x1F, 0xFF, 0xFF, 0xFF, 0xFF, 0xFF, 0xFF, 0xFF, 0xFF, 0xFC, 0x00, 0x00, 0x00, 0x0F, 0xFF,
    0xFC, 0x07, 0xFF, 0xFE, 0x03, 0x80, 0x07, 0x01, 0xC0, 0x03, 0x80, 0xE0, 0x01, 0xC0, 0x70, 0x00,
    0xE0, 0x3F, 0xFF, 0xF0, 0x1F, 0xFF, 0xF8, 0x0F, 0xFF, 0xFC, 0x00, 0x07, 0x00, 0x00, 0x03, 0x80,
    0x00, 0x01, 0xC0, 0x07, 0xFF, 0xFF, 0xFB, 0xFF, 0xFF, 0xFD, 0xFF, 0xFF, 0xFE, 0x00, 0x00, 0x00,
    0x00, 0x00, 0x00, 0x07, 0xFF, 0xFE, 0x03, 0xFF, 0xFF, 0x00, 0x00, 0x03, 0x80, 0x00, 0x01, 0xC0,
    0x00, 0x00, 0xE0, 0x00, 0x00, 0x70, 0x00, 0x00, 0x38, 0x00, 0x00, 0x1C, 0x00, 0x00, 0x00, 0x00,
    0x0F, 0xFF, 0xFC, 0x07, 0xFF, 0xFE, 0x03, 0x80, 0x07, 0x01, 0xC0, 0x03, 0x80, 0xE0, 0x01, 0xC0,
    0x70, 0x00, 0xE0, 0x3F, 0xFF, 0xF0, 0x1F, 0xFF, 0xF8, 0x0F, 0xFF, 0xFC, 0x00, 0x07, 0x00, 0x00,
    0x03, 0x80, 0x00, 0x01, 0xC0, 0x07, 0xFF, 0xFF, 0xFB, 0xFF, 0xFF, 0xFD, 0xFF, 0xFF, 0xFE, 0x00,
    0x00, 0x00, 0x00, 0x0E, 0x00, 0x00, 0x07, 0x00, 0x00, 0x07, 0xC0, 0x00, 0x03, 0xE0, 0x00, 0x03,
    0xF8, 0x00, 0x07, 0xDF, 0x00, 0x1F, 0xC7, 0xE0, 0x3F, 0x81, 0xFC, 0x1F, 0x00, 0x3E, 0x04, 0x00,
    0x02, 0x00, 0x1F, 0xFF, 0xF8, 0x0F, 0xFF, 0xFC, 0x07, 0xFF, 0xFE, 0x03, 0x80, 0x07, 0x01, 0xC0,
    0x03, 0x80, 0xE0, 0x01, 0xC0, 0x70, 0x00, 0xE0, 0x38, 0x00, 0x70, 0x1F, 0xFF, 0xF8, 0x0F, 0xFF,
    0xFC, 0x07, 0xFF, 0xFE, 0x00, 0x00, 0x00, 0x00, 0x00, 0x00, 0x07, 0xFF, 0xFF, 0xFB, 0xFF, 0xFF,
    0xFD, 0xFF, 0xFF, 0xFE, 0x00, 0x1C, 0x00, 0x00, 0x0E, 0x00, 0x00, 0x07, 0x00, 0x00, 0x03, 0x80,
    0x00, 0x01, 0xC0, 0x00, 0x00, 0xE0, 0x00, 0x00, 0x70, 0x00, 0x00, 0x38, 0x00, 0x00, 0x1C, 0x00,
    0x00, 0x00, 0x00, 0x00, 0x03, 0xFF, 0xFF, 0x00, 0xFF, 0xFF, 0xC0, 0x38, 0x00, 0x70, 0x0E, 0x00,
    0x1C, 0x03, 0x80, 0x07, 0x00, 0xE0, 0x01, 0xC0, 0x38, 0x00, 0x70, 0x0F, 0xFF, 0xFC, 0x03, 0xFF,
    0xFF, 0x00, 0xFF, 0xFF, 0xC0, 0x00, 0x00, 0x00, 0x00, 0x00, 0x00, 0x1F, 0xFF, 0xFF, 0xE7, 0xFF,
    0xFF, 0xF9, 0xFF, 0xFF, 0xFE, 0x00, 0x0E, 0x00, 0x00, 0x03, 0x80, 0x00, 0xE0, 0xE0, 0x00, 0x38,
    0x38, 0x00, 0x0E, 0x0E, 0x00, 0x03, 0x80, 0x00, 0x00, 0xE0, 0x00, 0x00, 0x3F, 0xFF, 0xF0, 0x0F,
    0xFF, 0xFE, 0x03, 0xFF, 0xFF, 0x80, 0x00, 0x00, 0x38, 0x00, 0x00, 0xE0, 0x00, 0x03, 0x9F, 0xFE,
    0x0E, 0x7F, 0xF8, 0x39, 0xFF, 0xE0, 0xE7, 0x03, 0x83, 0x9C, 0x0E, 0x0E, 0x70, 0x38, 0x39, 0xC0,
    0xE0, 0xE7, 0x03, 0x83, 0x9C, 0x0E, 0x0E, 0x70, 0x38, 0x39, 0xC0, 0xE0, 0xE7, 0x03, 0x83, 0x9C,
    0x0E, 0x0E, 0x70, 0x38, 0x39, 0xC0, 0xE0, 0xE7, 0xFF, 0x83, 0x9F, 0xFE, 0x0E, 0x7F, 0xF8, 0x38,
    0x00, 0x00, 0xE0, 0x00, 0x03, 0x80, 0x00, 0x0E, 0x00, 0x00, 0x38, 0x00, 0x00, 0xE0, 0x00, 0x03,
    0x80, 0x00, 0x00, 0x3B, 0xFF, 0xE0, 0xEF, 0xFF, 0x83, 0xBF, 0xFE, 0x0E, 0xE0, 0x38, 0x3B, 0x80,
    0xE0, 0xEE, 0x03, 0x83, 0xB8, 0x0E, 0x0E, 0xE0, 0x38, 0x3B, 0x80, 0xE0, 0xEF, 0xFF, 0x83, 0xBF,
    0xFE, 0x0E, 0xFF, 0xF8, 0x38, 0x00, 0x00, 0xE0, 0x00, 0x00, 0x07, 0xFF, 0xFE, 0x1F, 0xFF, 0xF8,
    0x00, 0x00, 0xE0, 0x00, 0x03, 0x87, 0xFF, 0xFE, 0x1F, 0xFF, 0xF8, 0x78, 0x00, 0x01, 0xC0, 0x00,
    0x07, 0x00, 0x00, 0x1F, 0xFF, 0xFC, 0x7F, 0xFF, 0xF0, 0x00, 0x00, 0x00, 0x00, 0x00, 0xEF, 0xFF,
    0x83, 0xBF, 0xFE, 0x0E, 0xFF, 0xF8, 0x3B, 0x80, 0xE0, 0xEE, 0x03, 0x83, 0xB8, 0x0E, 0x0E, 0xE0,
    0x38, 0x3B, 0x80, 0xE0, 0xEE, 0x03, 0x83, 0xBF, 0xFE, 0x0E, 0xFF, 0xF8, 0x3B, 0xFF, 0xE0, 0xE0,
    0x00, 0x03, 0x80, 0x07, 0x0E, 0x00, 0x1C, 0x00, 0x7F, 0xFF, 0xC3, 0xFF, 0xFF, 0x8F, 0xFF, 0xFE,
    0x00, 0x3C, 0x00, 0x00, 0xF8, 0x00, 0x07, 0xF0, 0x00, 0x7D, 0xE0, 0x0F, 0xE3, 0xF0, 0xFE, 0x07,
    0xF3, 0xE0, 0x07, 0x80, 0x00, 0x00, 0x00, 0x00, 0x00, 0x00, 0x00, 0xF0, 0x00, 0x00, 0xF0, 0xE0,
    0x38, 0xF0, 0xE0, 0x38, 0xF0, 0xE0, 0x38, 0xF0, 0xE0, 0x38, 0xF0, 0xE0, 0x38, 0xF0, 0xE0, 0x38,
    0xF0, 0xE0, 0x38, 0xF0, 0xFF, 0xF8, 0xF0, 0xFF, 0xF8, 0xFF, 0xE0, 0x38, 0xFF, 0xE0, 0x38, 0xFF,
    0xE0, 0x38, 0xF0, 0xE0, 0x38, 0xF0, 0xE0, 0x38, 0xF0, 0xE0, 0x38, 0xF0, 0xF0, 0x38, 0xF0, 0xFF,
    0xF8, 0xF0, 0xFF, 0xF8, 0xF0, 0x00, 0x00, 0xF0, 0x00, 0x00, 0xF0, 0x00, 0x00, 0xF0, 0x00, 0x00,
    0xF0, 0x00, 0x00, 0xF0, 0x00, 0x00, 0xF0, 0x00, 0x00, 0x00, 0x00, 0x00, 0x70, 0x00, 0x00, 0x70,
    0xE0, 0x38, 0x70, 0xE0, 0x38, 0x70, 0xE0, 0x38, 0x70, 0xE0, 0x38, 0x70, 0xFF, 0xF8, 0x70, 0xFF,
    0xF8, 0x7E, 0xE0, 0x38, 0x7F, 0xE0, 0x38, 0x7F, 0xE0, 0x38, 0x70, 0xE0, 0x38, 0x70, 0xFF, 0xF8,
    0x70, 0xFF, 0xF8, 0x70, 0xFF, 0xF8, 0x70, 0x00, 0x00, 0x70, 0x00, 0x00, 0x70, 0x1C, 0x00, 0x70,
    0x1C, 0x00, 0x70, 0x1C, 0x00, 0x00, 0x1C, 0x00, 0x00, 0x1C, 0x00, 0x00, 0x1C, 0x00, 0x00, 0x1F,
    0xFF, 0xF8, 0x1F, 0xFF, 0xF8, 0x1F, 0xFF, 0xF8, 0x00, 0x00, 0x00, 0x00, 0x00, 0x70, 0xE0, 0x78,
    0x70, 0xE0, 0x78, 0x70, 0xE0, 0x78, 0x70, 0xE0, 0x78, 0x70, 0xFF, 0xF8, 0x7E, 0xFF, 0xF8, 0x7F,
    0xE0, 0x78, 0x7F, 0xE0, 0x78, 0x70, 0xE0, 0x78, 0x70, 0xFF, 0xF8, 0x70, 0xFF, 0xF8, 0x70, 0xFF,
    0xF8, 0x70, 0x00, 0x00, 0x70, 0x00, 0x00, 0x00, 0x7F, 0xCF, 0xF0, 0x7F, 0xCF, 0xF0, 0x01, 0xC0,
    0x70, 0x01, 0xC0, 0x70, 0x01, 0xC0, 0x70, 0x3F, 0xC0, 0x70, 0x3F, 0xC0, 0x70, 0x38, 0x00, 0x70,
    0x38, 0x00, 0x70, 0x7F, 0xF8, 0x70, 0x7F, 0xF8, 0x70, 0x00, 0x00, 0x00, 0x00, 0x00, 0x00, 0x00,
    0x00, 0x70, 0xE0, 0x38, 0x70, 0xE0, 0x38, 0x70, 0xE0, 0x38, 0x70, 0xE0, 0x38, 0x70, 0xFF, 0xF8,
    0x70, 0xFF, 0xF8, 0x7F, 0xE0, 0x38, 0x7F, 0xE0, 0x38, 0x7F, 0xE0, 0x38, 0x70, 0xE0, 0x38, 0x70,
    0xFF, 0xF8, 0x70, 0xFF, 0xF8, 0x70, 0xFF, 0xF8, 0x70, 0x00, 0x00, 0x70, 0x00, 0x00, 0x00, 0x1F,
    0xFF, 0xF0, 0x1F, 0xFF, 0xF0, 0x1F, 0xFF, 0xF0, 0x1C, 0x00, 0x70, 0x1C, 0x00, 0x70, 0x1C, 0x00,
    0x70, 0x1C, 0x00, 0x70, 0x1F, 0xFF, 0xF0, 0x1F, 0xFF, 0xF0, 0x1F, 0xFF, 0xF0, 0x00, 0x00, 0x70,
    0xE0, 0x38, 0x70, 0xE0, 0x38, 0x70, 0xE0, 0x38, 0x70, 0xE0, 0x38, 0x70, 0xFF, 0xF8, 0x70, 0xFF,
    0xF8, 0x7E, 0xFF, 0xF8, 0x7F, 0xE0, 0x38, 0x7F, 0xE0, 0x38, 0x70, 0xE0, 0x38, 0x70, 0xFF, 0xF8,
    0x70, 0xFF, 0xF8, 0x70, 0xFF, 0xF8, 0x70, 0x00, 0x00, 0x70, 0x00, 0x00, 0x70, 0x03, 0xFF, 0x00,
    0x0F, 0xFF, 0xC0, 0x1F, 0xFF, 0xE0, 0x1E, 0x00, 0xF0, 0x3C, 0x00, 0x70, 0x3C, 0x00, 0x70, 0x1E,
    0x00, 0xF0, 0x1F, 0xFF, 0xE0, 0x0F, 0xFF, 0xC0, 0x03, 0xFF, 0x00, 0x00, 0x00, 0x1C, 0x00, 0x1C,
    0x70, 0x00, 0x71, 0xF8, 0x39, 0xC7, 0xE0, 0xE7, 0x1F, 0x83, 0x9C, 0x7E, 0x0E, 0x71, 0xF8, 0x39,
    0xC7, 0xE0, 0xE7, 0x1F, 0xFF, 0x9C, 0x7F, 0xFE, 0x71, 0xFF, 0xF9, 0xFF, 0xE0, 0xE7, 0xFF, 0x83,
    0x9F, 0xFE, 0x0E, 0x71, 0xF8, 0x39, 0xC7, 0xE0, 0xE7, 0x1F, 0x83, 0x9C, 0x7F, 0xFE, 0x71, 0xFF,
    0xF9, 0xC7, 0xFF, 0xE7, 0x1C, 0x00, 0x1C, 0x70, 0x00, 0x71, 0xC0, 0x01, 0xC7, 0x00, 0x07, 0x1C,
    0x00, 0x1C, 0x70, 0x00, 0x01, 0xC0, 0x00, 0x00, 0x00, 0x00, 0x1C, 0x7E, 0x0E, 0x71, 0xF8, 0x39,
    0xC7, 0xE0, 0xE7, 0x1F, 0x83, 0x9C, 0x7F, 0xFE, 0x71, 0xFF, 0xF9, 0xFF, 0xFF, 0xE7, 0xFF, 0x83,
    0x9F, 0xFE, 0x0E, 0x71, 0xF8, 0x39, 0xC7, 0xE0, 0xE7, 0x1F, 0xFF, 0x9C, 0x7F, 0xFE, 0x71, 0xC0,
    0x01, 0xC7, 0x00, 0x07, 0x1C, 0x00, 0x00, 0x01, 0xFF, 0xFF, 0xC7, 0xFF, 0xFF, 0x0F, 0xFF, 0xFC,
    0x00, 0x00, 0x70, 0x00, 0x01, 0xC0, 0x00, 0x07, 0x00, 0x00, 0x1C, 0x00, 0x00, 0x70, 0x00, 0x01,
    0xC0, 0x00, 0x00, 0x00, 0x00, 0x00, 0xE0, 0x00, 0x03, 0xB8, 0x1C, 0x0E, 0xE0, 0x70, 0x3B, 0x81,
    0xC0, 0xEE, 0x07, 0x03, 0xB8, 0x1C, 0x0E, 0xE0, 0x70, 0x3B, 0x81, 0xC0, 0xEF, 0xFF, 0xFF, 0xBF,
    0xFF, 0xFE, 0xE0, 0x7F, 0xFB, 0x81, 0xC0, 0xEE, 0x07, 0x03, 0xB8, 0x1C, 0x0E, 0xE0, 0x70, 0x3B,
    0x81, 0xC0, 0xEF, 0xFF, 0x03, 0xBF, 0xFC, 0x0E, 0xFF, 0xF0, 0x38, 0x00, 0x00, 0xE0, 0x00, 0x03,
    0x80, 0x00, 0x0E, 0x00, 0x00, 0x38, 0x00, 0x00, 0xE0, 0x00, 0x03, 0x80, 0x00, 0x00, 0x00, 0x00,
    0x00, 0x39, 0xC0, 0xE0, 0x73, 0x81, 0xC0, 0xE7, 0x03, 0x81, 0xCE, 0x07, 0x03, 0x9C, 0x0E, 0x07,
    0x3F, 0xFC, 0x0E, 0x7F, 0xFF, 0xFC, 0xE0, 0x7F, 0xF9, 0xC0, 0xFF, 0xF3, 0x81, 0xC0, 0xE7, 0x03,
    0x81, 0xCE, 0x07, 0x03, 0x9F, 0xFE, 0x07, 0x3F, 0xFC, 0x0E, 0x00, 0x00, 0x1C, 0x00, 0x00, 0x38,
    0x00, 0x00, 0x70, 0x78, 0x00, 0xE0, 0xF0, 0x01, 0xC1, 0xE0, 0x00, 0x03, 0xC0, 0x00, 0x07, 0x80,
    0x00, 0x0F, 0x00, 0x00, 0x1F, 0xFF, 0xFC, 0x3F, 0xFF, 0xF8, 0x00, 0x00, 0x1C, 0xE0, 0x70, 0x39,
    0xC0, 0xE0, 0x73, 0x81, 0xC0, 0xE7, 0x03, 0x81, 0xCF, 0xFF, 0x03, 0x9F, 0xFF, 0xFF, 0x3F, 0xFF,
    0xFE, 0x70, 0x3F, 0xFC, 0xE0, 0x70, 0x39, 0xC0, 0xE0, 0x73, 0xFF, 0xC0, 0xE7, 0xFF, 0x81, 0xCF,
    0xFF, 0x03, 0x80, 0x00, 0x07, 0x00, 0x00, 0x0E, 0x07, 0xFF, 0xFC, 0x1F, 0xFF, 0xF8, 0x3F, 0xFF,
    0xF0, 0x70, 0x00, 0xE0, 0xE0, 0x01, 0xC1, 0xC0, 0x03, 0x83, 0x80, 0x07, 0x07, 0xFF, 0xFE, 0x0F,
    0xFF, 0xFC, 0x1F, 0xFF, 0xF8, 0x00, 0x00, 0x00, 0x00, 0x00, 0x1C, 0x70, 0x38, 0x1C, 0x70, 0x38,
    0x1C, 0x70, 0x38, 0x1C, 0x70, 0x38, 0x1C, 0x7F, 0xF8, 0x1C, 0x7F, 0xFF, 0xFC, 0x7F, 0xFF, 0xFC,
    0x70, 0x3F, 0xFC, 0x70, 0x38, 0x1C, 0x70, 0x38, 0x1C, 0x70, 0x38, 0x1C, 0x7F, 0xF8, 0x1C, 0x7F,
    0xF8, 0x1C, 0x00, 0x00, 0x1C, 0x00, 0x00, 0x1C, 0x00, 0x0E, 0x1C, 0x00, 0x1E, 0x1C, 0x00, 0x1E,
    0x00, 0x00, 0x1F, 0x00, 0x00, 0x3F, 0x00, 0x00, 0x7F, 0xC0, 0x01, 0xF3, 0xE0, 0x0F, 0xE1, 0xFE,
    0x1F, 0x80, 0x7E, 0x0E, 0x00, 0x1E, 0x00, 0x00, 0x00, 0x00, 0x00, 0x1C, 0x00, 0x0E, 0x70, 0x00,
    0x39, 0xF8, 0x38, 0xE7, 0xE0, 0xE3, 0x9F, 0x83, 0x8E, 0x7E, 0x0E, 0x39, 0xF8, 0x38, 0xE7, 0xE0,
    0xE3, 0x9F, 0xFF, 0x8E, 0x7F, 0xFE, 0x39, 0xFF, 0xFF, 0xE7, 0xE0, 0xFF, 0x9F, 0x83, 0x8E, 0x7E,
    0x0E, 0x39, 0xF8, 0x38, 0xE7, 0xE0, 0xE3, 0x9F, 0x83, 0x8E, 0x7F, 0xFE, 0x39, 0xFF, 0xF8, 0xE7,
    0xFF, 0xE3, 0x9C, 0x00, 0x0E, 0x70, 0x00, 0x39, 0xC0, 0x00, 0xE7, 0x00, 0x03, 0x9C, 0x00, 0x0E,
    0x70, 0x00, 0x01, 0xC0, 0x00, 0x00, 0x00, 0x00, 0x00, 0x39, 0xC0, 0xE0, 0x73, 0x81, 0xC0, 0xE7,
    0x03, 0x81, 0xCE, 0x07, 0xFF, 0x9C, 0x0F, 0xFF, 0x3F, 0xFF, 0xFE, 0x7F, 0xF8, 0x1C, 0xE0, 0xF0,
    0x39, 0xC0, 0xE0, 0x73, 0x81, 0xFF, 0xE7, 0x03, 0xFF, 0xCE, 0x0F, 0xFF, 0x9F, 0xFE, 0x07, 0x3F,
    0xFC, 0x0E, 0x00, 0x00, 0x1C, 0x00, 0x00, 0x38, 0x00, 0x00, 0x70, 0x70, 0x00, 0xE0, 0xE0, 0x01,
    0xC1, 0xC0, 0x00, 0x03, 0x80, 0x00, 0x07, 0x00, 0x00, 0x0F, 0x00, 0x00, 0x1F, 0xFF, 0xFC, 0x3F,
    0xFF, 0xF8, 0x00, 0x00, 0x00, 0x00, 0x00, 0x39, 0xC0, 0xE0, 0x73, 0x81, 0xC0, 0xE7, 0x03, 0xFF,
    0xCF, 0xFF, 0xFF, 0x9F, 0xFF, 0xFF, 0x3F, 0xFC, 0x0E, 0x70, 0x38, 0x1C, 0xE0, 0x7F, 0xF9, 0xC0,
    0xFF, 0xF3, 0xFF, 0xC0, 0xE7, 0xFF, 0x81, 0xCF, 0xFF, 0x03, 0x80, 0x00, 0x07, 0x00, 0x00, 0x00,
    0x0F, 0xFF, 0xFC, 0x1F, 0xFF, 0xF8, 0x00, 0x00, 0x70, 0x00, 0x00, 0xE0, 0xFF, 0xFF, 0xC1, 0xFF,
    0xFF, 0x83, 0xC0, 0x00, 0x07, 0x80, 0x00, 0x0F, 0xFF, 0xFE, 0x1F, 0xFF, 0xFC, 0x3F, 0xFF, 0xF8,
    0x1C, 0x00, 0x1C, 0x0E, 0x00, 0x0E, 0x07, 0x00, 0x07, 0x03, 0x80, 0x03, 0x81, 0xC0, 0x01, 0xC0,
    0xFF, 0xFF, 0xE0, 0x7F, 0xFF, 0xF0, 0x3F, 0xFF, 0xF8, 0x1C, 0x00, 0x1C, 0x0E, 0x00, 0x0E, 0x07,
    0x00, 0x07, 0x03, 0xFF, 0xFF, 0x81, 0xFF, 0xFF, 0xC0, 0xFF, 0xFF, 0xE0, 0x00, 0x70, 0x00, 0x00,
    0x38, 0x00, 0x00, 0x1C, 0x00, 0x00, 0x0E, 0x00, 0x00, 0x07, 0x00, 0x1F, 0xFF, 0xFF, 0xFF, 0xFF,
    0xFF, 0xFF, 0xFF, 0xFF, 0xFC, 0x00, 0x00, 0x00, 0x07, 0x00, 0x0E, 0x03, 0x80, 0x07, 0x01, 0xFF,
    0xFF, 0x80, 0xFF, 0xFF, 0xC0, 0x70, 0x01, 0xE0, 0x38, 0x00, 0x70, 0x1C, 0x00, 0x38, 0x0F, 0xFF,
    0xFC, 0x07, 0xFF, 0xFE, 0x03, 0xFF, 0xFF, 0x00, 0x03, 0x80, 0x00, 0x01, 0xC0, 0x03, 0xFF, 0xFF,
    0xFD, 0xFF, 0xFF, 0xFE, 0xFF, 0xFF, 0xFF, 0x00, 0x00, 0x00, 0x00, 0x00, 0x00, 0x07, 0xFF, 0xFF,
    0x03, 0xFF, 0xFF, 0x80, 0xFF, 0xFF, 0xC0, 0x00, 0x00, 0xE0, 0x00, 0x00, 0x70, 0x00, 0x00, 0x38,
    0x00, 0x00, 0x1C, 0x00, 0x00, 0x0E, 0x00, 0x00, 0x00, 0x00, 0x03, 0x80, 0x07, 0x00, 0xE0, 0x01,
    0xC0, 0x38, 0x00, 0x70, 0x0F, 0xFF, 0xFC, 0x03, 0xFF, 0xFF, 0x00, 0xE0, 0x01, 0xC0, 0x38, 0x00,
    0x70, 0x0E, 0x00, 0x1C, 0x03, 0xFF, 0xFF, 0x00, 0xFF, 0xFF, 0xC0, 0x3F, 0xFF, 0xF0, 0x00, 0x1C,
    0x00, 0x00, 0x07, 0x00, 0x07, 0xFF, 0xFF, 0xF9, 0xFF, 0xFF, 0xFE, 0x7F, 0xFF, 0xFF, 0x80, 0x00,
    0x00, 0x00, 0xE0, 0x00, 0x00, 0x38, 0x00, 0x00, 0x0E, 0x00, 0x00, 0x03, 0x80, 0x00, 0x00, 0xE0,
    0x00, 0x00, 0x3F, 0xFF, 0xF8, 0x0F, 0xFF, 0xFE, 0x03, 0xFF, 0xFF, 0x80, 0x00, 0x00, 0x00, 0x0E,
    0x00, 0x1C, 0x07, 0x00, 0x0E, 0x03, 0x80, 0x07, 0x01, 0xFF, 0xFF, 0x80, 0xFF, 0xFF, 0xC0, 0x7F,
    0xFF, 0xE0, 0x38, 0x00, 0x70, 0x1C, 0x00, 0x38, 0x0E, 0x00, 0x1C, 0x07, 0xFF, 0xFE, 0x03, 0xFF,
    0xFF, 0x01, 0xFF, 0xFF, 0x80, 0x00, 0x00, 0x00, 0x00, 0x00, 0x00, 0x00, 0x00, 0x00, 0xFF, 0xFF,
    0xFF, 0x7F, 0xFF, 0xFF, 0x80, 0x07, 0x00, 0x00, 0x03, 0x80, 0x00, 0x01, 0xC0, 0x00, 0x00, 0xE0,
    0x00, 0x00, 0x70, 0x00, 0x00, 0x38, 0x00, 0x00, 0x1C, 0x00, 0x00, 0x0E, 0x00, 0x00, 0x0E, 0x00,
    0x1C, 0x07, 0x00, 0x0E, 0x03, 0x80, 0x07, 0x01, 0xFF, 0xFF, 0x80, 0xFF, 0xFF, 0xC0, 0x70, 0x01,
    0xE0, 0x38, 0x00, 0x70, 0x1C, 0x00, 0x38, 0x0F, 0xFF, 0xFC, 0x07, 0xFF, 0xFE, 0x03, 0xFF, 0xFE,
    0x00, 0x00, 0x00, 0x07, 0xFF, 0xFF, 0xFF, 0xFF, 0xFF, 0xFF, 0xFF, 0xFF, 0xFE, 0x00, 0x38, 0x00,
    0x00, 0x1C, 0x00, 0x00, 0x0E, 0x00, 0x07, 0xFF, 0xFF, 0x03, 0xFF, 0xFF, 0x81, 0xFF, 0xFF, 0xC0,
    0x00, 0x00, 0xE0, 0x00, 0x00, 0x70, 0x00, 0x00, 0x38, 0x00, 0x00, 0x1C, 0x00, 0x00, 0x0E, 0x00,
    0x0C, 0x00, 0x38, 0x0E, 0x00, 0x1C, 0x07, 0x00, 0x0E, 0x03, 0x80, 0x07, 0x01, 0xFF, 0xFF, 0x80,
    0xFF, 0xFF, 0xC0, 0x70, 0x00, 0xE0, 0x38, 0x00, 0x70, 0x1C, 0x00, 0x38, 0x0F, 0xFF, 0xFC, 0x07,
    0xFF, 0xFE, 0x01, 0xFF, 0xFF, 0x00, 0x00, 0x00, 0x03, 0xFF, 0xFF, 0xFB, 0xFF, 0xFF, 0xFD, 0xFF,
    0xFF, 0xFE, 0x00, 0x1C, 0x00, 0x00, 0x0E, 0x00, 0x07, 0x07, 0x00, 0x03, 0x83, 0x80, 0x01, 0xC1,
    0xC0, 0x00, 0xE0, 0x00, 0x00, 0x70, 0x00, 0x00, 0x3F, 0xFF, 0xF8, 0x1F, 0xFF, 0xFC, 0x0F, 0xFF,
    0xFE, 0x00, 0x1C, 0x00, 0x38, 0x0E, 0x00, 0x1C, 0x07, 0xFF, 0xFE, 0x03, 0xFF, 0xFF, 0x01, 0xE0,
    0x03, 0x80, 0xE0, 0x01, 0xC0, 0x78, 0x00, 0xE0, 0x3F, 0xFF, 0xF0, 0x1F, 0xFF, 0xF8, 0x00, 0x00,
    0x00, 0x3F, 0xFF, 0xFF, 0xDF, 0xFF, 0xFF, 0xEF, 0xFF, 0xFF, 0xF0, 0x00, 0xE0, 0x00, 0x00, 0x70,
    0x00, 0x3F, 0xFF, 0xF0, 0x1F, 0xFF, 0xF8, 0x00, 0x00, 0x1C, 0x00, 0x00, 0x0E, 0x00, 0x00, 0x07,
    0x01, 0xFF, 0xFF, 0x80, 0xFF, 0xFF, 0xC0, 0x70, 0x00, 0x00, 0x38, 0x00, 0x00, 0x1F, 0xFF, 0xFC,
    0x0F, 0xFF, 0xFE, 0x00, 0x1C, 0x00, 0x38, 0x0E, 0x00, 0x1E, 0x07, 0x00, 0x0F, 0x03, 0x80, 0x07,
    0x81, 0xC0, 0x03, 0xC0, 0xFF, 0xFF, 0xE0, 0x7F, 0xFF, 0xF0, 0x3F, 0xFF, 0xF8, 0x1C, 0x00, 0x3C,
    0x0E, 0x00, 0x1E, 0x07, 0x00, 0x0F, 0x03, 0x80, 0x07, 0x81, 0xFF, 0xFF, 0xC0, 0xFF, 0xFF, 0xE0,
    0x7F, 0xFF, 0xE0, 0x00, 0x00, 0x00, 0x00, 0x00, 0x00, 0x00, 0x00, 0x00, 0x00, 0x00, 0x00, 0x1F,
    0xFF, 0xFF, 0xEF, 0xFF, 0xFF, 0xF7, 0xFF, 0xFF, 0xF8, 0x00, 0x00, 0x38, 0x00, 0x00, 0xE0, 0x00,
    0x03, 0x9C, 0x07, 0x0E, 0x70, 0x1C, 0x39, 0xC0, 0x70, 0xE7, 0x01, 0xC3, 0x9C, 0x07, 0x0E, 0x70,
    0x1C, 0x39, 0xC0, 0x70, 0xE7, 0xFF, 0xC3, 0x9F, 0xFF, 0x0E, 0x70, 0x1C, 0x39, 0xC0, 0x70, 0xE7,
    0x01, 0xC3, 0x9C, 0x07, 0x0E, 0x70, 0x1C, 0x39, 0xC0, 0x70, 0xE7, 0x03, 0xC3, 0x9F, 0xFF, 0x0E,
    0x7F, 0xFC, 0x38, 0x00, 0x00, 0xE0, 0x00, 0x03, 0x80, 0x00, 0x0E, 0x00, 0x00, 0x38, 0x00, 0x00,
    0xE0, 0x00, 0x03, 0x80, 0x00, 0x00, 0x38, 0x00, 0x00, 0xEE, 0x03, 0x83, 0xB8, 0x0E, 0x0E, 0xE0,
    0x38, 0x3B, 0x80, 0xE0, 0xEF, 0xFF, 0x83, 0xBF, 0xFE, 0x0E, 0xFF, 0xF8, 0x3B, 0x80, 0xE0, 0xEE,
    0x03, 0x83, 0xB8, 0x0E, 0x0E, 0xE0, 0x38, 0x3B, 0xFF, 0xE0, 0xEF, 0xFF, 0x83, 0xBF, 0xFE, 0x0E,
    0x00, 0x00, 0x38, 0x00, 0x00, 0xE1, 0xC0, 0x03, 0x87, 0x00, 0x0E, 0x1C, 0x00, 0x00, 0x70, 0x00,
    0x01, 0xC0, 0x00, 0x07, 0x80, 0x00, 0x1F, 0xFF, 0xFC, 0x7F, 0xFF, 0xF0, 0x00, 0x00, 0x00, 0x00,
    0x00, 0xEE, 0x03, 0x83, 0xB8, 0x0E, 0x0E, 0xE0, 0x38, 0x3B, 0xFF, 0xE0, 0xEF, 0xFF, 0x83, 0xBF,
    0xFE, 0x0E, 0xE0, 0x38, 0x3B, 0x80, 0xE0, 0xEE, 0x03, 0x83, 0xBF, 0xFE, 0x0E, 0xFF, 0xF8, 0x3B,
    0xFF, 0xE0, 0xE0, 0x00, 0x03, 0x80, 0x07, 0x0E, 0x00, 0x1C, 0x00, 0x00, 0xF0, 0x03, 0xFF, 0xFF,
    0x8F, 0xFF, 0xFE, 0x00, 0x3C, 0x00, 0x00, 0xF8, 0x00, 0x07, 0xF0, 0x00, 0x7D, 0xE0, 0x1F, 0xC3,
    0xF0, 0xFE, 0x07, 0xF3, 0xC0, 0x07, 0x80, 0x00, 0x00, 0x00, 0x00, 0x00, 0x00, 0x00, 0x0E, 0x00,
    0x00, 0x07, 0x1C, 0xEE, 0x73, 0x8E, 0x77, 0x39, 0xC7, 0x3B, 0x9C, 0xE3, 0x9D, 0xCE, 0x71, 0xCE,
    0xE7, 0x38, 0xE7, 0x73, 0x9C, 0x73, 0xB9, 0xCE, 0x3F, 0xDF, 0xE7, 0x1F, 0xEF, 0xF3, 0xFE, 0x77,
    0x39, 0xFF, 0x3B, 0x9C, 0xFF, 0x9D, 0xCE, 0x71, 0xCE, 0xE7, 0x38, 0xE7, 0x73, 0x9C, 0x73, 0xB9,
    0xCE, 0x3F, 0xDF, 0xE7, 0x1F, 0xEF, 0xF3, 0x8F, 0xF7, 0xF9, 0xC0, 0x00, 0x00, 0xE0, 0x00, 0x00,
    0x70, 0x00, 0x00, 0x38, 0x00, 0x00, 0x1C, 0x00, 0x00, 0x0E, 0x00, 0x00, 0x07, 0x00, 0x00, 0x00,
    0x00, 0x00, 0x00, 0x03, 0x80, 0x00, 0x00, 0x70, 0x00, 0xF0, 0x0E, 0x00, 0x1E, 0x01, 0xC0, 0x03,
    0xC0, 0x38, 0x00, 0x78, 0x07, 0x00, 0x0F, 0x00, 0xE0, 0x01, 0xE0, 0x1C, 0x00, 0x3C, 0x03, 0x80,
    0x07, 0x80, 0x70, 0x00, 0xF0, 0x0F, 0xE0, 0x3F, 0x01, 0xFC, 0x07, 0xE0, 0x3F, 0x80, 0xFE, 0x07,
    0x00, 0x39, 0xC0, 0xE0, 0x0F, 0x3C, 0x1C, 0x03, 0xC3, 0xC3, 0x80, 0xF8, 0x3E, 0x70, 0x3E, 0x03,
    0xCE, 0x03, 0x80, 0x31, 0xC0, 0x00, 0x00, 0x38, 0x00, 0x00, 0x07, 0x00, 0x00, 0x00, 0xE0, 0x00,
    0x00, 0x1C, 0x00, 0x00, 0x03, 0x80, 0x00, 0x00, 0x70, 0x00, 0x00, 0x00, 0x00, 0x00, 0x00, 0x1C,
    0x00, 0xF0, 0x0E, 0x00, 0x78, 0x07, 0x00, 0x3C, 0x03, 0x80, 0x1E, 0x01, 0xC0, 0x0F, 0x00, 0xE0,
    0x07, 0x80, 0x7F, 0x07, 0xE0, 0x3F, 0x83, 0xF0, 0x1F, 0xC3, 0xFC, 0x0E, 0x03, 0xCF, 0x07, 0x03,
    0xC3, 0xE3, 0x87, 0xC0, 0xF9, 0xC1, 0xC0, 0x38, 0xE0, 0x80, 0x00, 0x70, 0x00, 0x00, 0x38, 0x00,
    0x00, 0x00, 0x07, 0xFF, 0xFE, 0x03, 0xFF, 0xFF, 0x00, 0xFF, 0xFF, 0x80, 0x00, 0x01, 0xC0, 0x00,
    0x00, 0xE0, 0x00, 0x00, 0x70, 0x00, 0x00, 0x38, 0x00, 0x00, 0x1C, 0x00, 0x00, 0x0E, 0x00, 0x00,
    0x00, 0x1C, 0x00, 0x00, 0x07, 0x00, 0x00, 0x01, 0xC0, 0x03, 0x80, 0x70, 0x00, 0xE0, 0x1C, 0x00,
    0x38, 0x07, 0x00, 0x1E, 0x01, 0xC0, 0x07, 0x80, 0x70, 0x01, 0xE0, 0x1F, 0x80, 0x7C, 0x07, 0xF0,
    0x3F, 0x01, 0xFC, 0x1F, 0xE0, 0x70, 0x0F, 0x3C, 0x1C, 0x07, 0xC7, 0xC7, 0x07, 0xE0, 0xF9, 0xC1,
    0xF0, 0x1C, 0x70, 0x30, 0x00, 0x1C, 0x00, 0x00, 0x07, 0x00, 0x00, 0x01, 0xC0, 0x1C, 0x00, 0x70,
    0x07, 0x00, 0x00, 0x01, 0xC0, 0x00, 0x00, 0x70, 0x00, 0x00, 0x1C, 0x00, 0x00, 0x07, 0x00, 0x00,
    0x01, 0xFF, 0xFF, 0x80, 0x7F, 0xFF, 0xE0, 0x00, 0x00, 0x00, 0x00, 0x00, 0x07, 0x00, 0x1C, 0x01,
    0xC0, 0x0F, 0x00, 0x70, 0x03, 0xC0, 0x1C, 0x00, 0xF0, 0x07, 0x00, 0x3C, 0x01, 0xC0, 0x0F, 0x00,
    0x7E, 0x03, 0xE0, 0x1F, 0xC1, 0xF8, 0x07, 0xF0, 0x77, 0x01, 0xC0, 0x3D, 0xE0, 0x70, 0x1E, 0x3E,
    0x1C, 0x1F, 0x07, 0xC7, 0x07, 0x80, 0xE1, 0xC1, 0xC0, 0x00, 0x70, 0x00, 0x00, 0x1C, 0x00, 0x03,
    0x00, 0x00, 0x1F, 0xFE, 0x00, 0x1F, 0xFF, 0xE0, 0x0F, 0x80, 0x7C, 0x03, 0x80, 0x07, 0x00, 0xE0,
    0x01, 0xC0, 0x3C, 0x00, 0xF0, 0x07, 0xF3, 0xF8, 0x00, 0xFF, 0xFC, 0x00, 0x0F, 0xFC, 0x00, 0x00,
    0x00, 0x00, 0x00, 0x01, 0xC7, 0x00, 0x01, 0xC7, 0x01, 0xC1, 0xC7, 0x03, 0xC1, 0xC7, 0x03, 0xC1,
    0xC7, 0x03, 0xC1, 0xC7, 0x03, 0xC1, 0xC7, 0x03, 0xC1, 0xC7, 0x03, 0xC1, 0xC7, 0x03, 0xC1, 0xC7,
    0x03, 0xC1, 0xFF, 0x03, 0xC1, 0xFF, 0x03, 0xE1, 0xFF, 0x07, 0xE1, 0xC7, 0x07, 0xF1, 0xC7, 0x0F,
    0x71, 0xC7, 0x1E, 0x79, 0xC7, 0x3C, 0x3D, 0xC7, 0x7C, 0x1D, 0xC7, 0x78, 0x0D, 0xC7, 0x30, 0x01,
    0xC7, 0x00, 0x01, 0xC7, 0x00, 0x01, 0xC7, 0x00, 0x01, 0xC7, 0x00, 0x01, 0xC7, 0x00, 0x00, 0x07,
    0x00, 0x00, 0x00, 0x00, 0x07, 0x1C, 0x1E, 0x0E, 0x38, 0x3C, 0x1C, 0x70, 0x78, 0x38, 0xE0, 0xF0,
    0x71, 0xC1, 0xE0, 0xE3, 0x83, 0xC1, 0xFF, 0x07, 0x83, 0xFE, 0x1F, 0x87, 0xFC, 0x3F, 0x0E, 0x38,
    0xF7, 0x1C, 0x73, 0xCF, 0xB8, 0xEF, 0x0F, 0x71, 0xDC, 0x0E, 0xE3, 0xB0, 0x01, 0xC7, 0x00, 0x03,
    0x8E, 0x00, 0x00, 0x00, 0x1F, 0xFF, 0xF8, 0x3F, 0xFF, 0xF0, 0x7F, 0xFF, 0xE0, 0x00, 0x01, 0xC0,
    0x00, 0x03, 0x80, 0x00, 0x07, 0x00, 0x00, 0x0E, 0x00, 0x00, 0x1C, 0x00, 0x00, 0x38, 0x00, 0x00,
    0x00, 0x00, 0x03, 0x8E, 0x03, 0x03, 0x8E, 0x07, 0x83, 0x8E, 0x07, 0x83, 0x8E, 0x07, 0x83, 0x8E,
    0x07, 0x83, 0x8E, 0x07, 0x83, 0xFE, 0x07, 0x83, 0xFE, 0x0F, 0xC3, 0xFE, 0x0F, 0xC3, 0x8E, 0x1F,
    0xE3, 0x8E, 0x3C, 0xFB, 0x8E, 0xF8, 0x7B, 0x8E, 0x70, 0x3B, 0x8E, 0x60, 0x03, 0x8E, 0x00, 0x00,
    0x0E, 0x00, 0x00, 0x00, 0x00, 0xFF, 0xF0, 0x01, 0xFF, 0xFC, 0x03, 0xC0, 0x3E, 0x07, 0x80, 0x1E,
    0x07, 0x00, 0x0E, 0x07, 0x80, 0x1E, 0x03, 0xE0, 0x7C, 0x01, 0xFF, 0xF8, 0x00, 0x7F, 0xE0, 0x00,
    0x00, 0x00, 0x00, 0x00, 0x1C, 0x00, 0xF0, 0x0E, 0x00, 0x78, 0x07, 0x00, 0x3C, 0x03, 0x80, 0x1E,
    0x01, 0xFC, 0x0F, 0x00, 0xFE, 0x07, 0x80, 0x7E, 0x03, 0xE0, 0x38, 0x03, 0xF0, 0x1C, 0x03, 0xFC,
    0x0E, 0x03, 0xCF, 0x07, 0xF3, 0xE3, 0xE3, 0xFF, 0xE0, 0xF9, 0xFB, 0xE0, 0x38, 0xE0, 0xC0, 0x00,
    0x70, 0x00, 0x00, 0x38, 0x00, 0x0E, 0x1C, 0x00, 0x07, 0x8E, 0x00, 0x03, 0xC0, 0x00, 0x01, 0xE0,
    0x00, 0x01, 0xF8, 0x00, 0x01, 0xFE, 0x00, 0x03, 0xE7, 0xC0, 0x0F, 0xE1, 0xFC, 0x0F, 0xC0, 0x7F,
    0x07, 0x80, 0x07, 0x00, 0x00, 0x00, 0x00, 0x00, 0x00, 0x00, 0x00, 0x00, 0x0E, 0x00, 0x00, 0x0E,
    0x01, 0xE0, 0x0E, 0x01, 0xE0, 0x0E, 0x01, 0xE0, 0x0E, 0x01, 0xE0, 0x0E, 0x01, 0xE0, 0x0E, 0x01,
    0xE0, 0x0E, 0x01, 0xE1, 0xFE, 0x01, 0xE3, 0xFE, 0x01, 0xE3, 0xFE, 0x03, 0xF0, 0x0E, 0x03, 0xF0,
    0x0E, 0x03, 0xF8, 0x0E, 0x07, 0x38, 0x0E, 0x0F, 0x3C, 0x0E, 0x1E, 0x1E, 0x0E, 0x3E, 0x0F, 0x8E,
    0x7C, 0x07, 0x8E, 0x38, 0x03, 0x0E, 0x00, 0x00, 0x0E, 0x00, 0x00, 0x0E, 0x00, 0x00, 0x0E, 0x00,
    0x00, 0x0E, 0x00, 0x00, 0x0E, 0x00, 0x00, 0x0E, 0x00, 0x00, 0x00, 0x00, 0x00, 0x38, 0x0F, 0x00,
    0x70, 0x1E, 0x00, 0xE0, 0x3C, 0x01, 0xC0, 0x78, 0x03, 0x80, 0xF0, 0xFF, 0x01, 0xE1, 0xFE, 0x03,
    0xE3, 0xFC, 0x0F, 0xC0, 0x38, 0x3F, 0xC0, 0x70, 0xF3, 0xC0, 0xE3, 0xE3, 0xE1, 0xDF, 0x83, 0xE3,
    0xBE, 0x03, 0x87, 0x30, 0x00, 0x0E, 0x00, 0x00, 0x1C, 0x00, 0x00, 0x00, 0x3F, 0xFF, 0xF0, 0x7F,
    0xFF, 0xE0, 0x00, 0x01, 0xC0, 0x00, 0x03, 0x80, 0x00, 0x07, 0x00, 0x00, 0x0E, 0x00, 0x00, 0x1C,
    0x00, 0x00, 0x38, 0x00, 0x00, 0x70, 0x00, 0x00, 0x1C, 0x00, 0x00, 0x38, 0x00, 0x00, 0x70, 0x0E,
    0x00, 0xE0, 0x1C, 0x01, 0xC0, 0x38, 0x03, 0x80, 0x70, 0xFF, 0x01, 0xE3, 0xFE, 0x03, 0xC7, 0xFC,
    0x07, 0xC0, 0x38, 0x1F, 0x80, 0x70, 0x3F, 0x80, 0xE0, 0xF7, 0x81, 0xC3, 0xC7, 0xC3, 0x9F, 0x07,
    0xC7, 0x3C, 0x07, 0x0E, 0x70, 0x04, 0x1C, 0x00, 0x00, 0x38, 0x00, 0x00, 0x70, 0x38, 0x00, 0xE0,
    0x70, 0x00, 0x00, 0xE0, 0x00, 0x01, 0xC0, 0x00, 0x03, 0x80, 0x00, 0x07, 0x00, 0x00, 0x0F, 0xFF,
    0xFC, 0x1F, 0xFF, 0xF8, 0x00, 0x00, 0x1C, 0x03, 0x00, 0x38, 0x07, 0x00, 0x70, 0x0E, 0x00, 0xE0,
    0x1C, 0x01, 0xC0, 0x78, 0x7F, 0x80, 0xF0, 0xFF, 0x01, 0xF1, 0xFE, 0x07, 0xF0, 0x1C, 0x1E, 0xF0,
    0x38, 0x79, 0xF0, 0x73, 0xE1, 0xF8, 0xEF, 0x81, 0xE1, 0xCE, 0x00, 0x83, 0x80, 0x00, 0x00, 0x00,
    0x00, 0x00, 0x07, 0xFF, 0xFC, 0x0F, 0xFF, 0xF8, 0x00, 0x00, 0x70, 0x00, 0x00, 0xE0, 0x7F, 0xFF,
    0xC0, 0xFF, 0xFF, 0x81, 0xC0, 0x00, 0x03, 0x80, 0x00, 0x07, 0x00, 0x00, 0x0F, 0xFF, 0xFC, 0x1F,
    0xFF, 0xF8, 0x00, 0x00, 0x00, 0x00, 0x00, 0x0E, 0x01, 0xC0, 0x0E, 0x01, 0xC0, 0x0E, 0x01, 0xC0,
    0x0E, 0x01, 0xC0, 0x0E, 0x03, 0xC1, 0xFE, 0x03, 0xE1, 0xFE, 0x03, 0xE1, 0xFE, 0x07, 0xF0, 0x0E,
    0x07, 0x78, 0x0E, 0x0F, 0x3C, 0x0E, 0x1E, 0x1F, 0x0E, 0x7C, 0x0F, 0x8E, 0x78, 0x07, 0x0E, 0x30,
    0x00, 0x0E, 0x00, 0x00, 0x0E, 0x00, 0x7F, 0xE0, 0x01, 0xFF, 0xF8, 0x03, 0xFF, 0xFE, 0x07, 0x80,
    0x1E, 0x07, 0x00, 0x0E, 0x07, 0x00, 0x0E, 0x07, 0x80, 0x1E, 0x03, 0xF9, 0xFE, 0x01, 0xFF, 0xF8,
    0x00, 0x7F, 0xE0, 0x00, 0x00, 0x07, 0x00, 0x00, 0xE7, 0x00, 0x00, 0xE7, 0x03, 0xC0, 0xE7, 0x03,
    0xC0, 0xE7, 0x03, 0xC0, 0xE7, 0x03, 0xC0, 0xE7, 0x03, 0xC0, 0xE7, 0x03, 0xC0, 0xE7, 0x03, 0xC0,
    0xE7, 0x03, 0xCF, 0xE7, 0x03, 0xCF, 0xE7, 0x03, 0xCF, 0xE7, 0x07, 0xE0, 0xE7, 0x07, 0xE0, 0xE7,
    0x07, 0xF0, 0xE7, 0x0E, 0x70, 0xE7, 0x1E, 0x78, 0xE7, 0x3C, 0x3E, 0xE7, 0x7C, 0x1E, 0xE7, 0x38,
    0x0C, 0xE7, 0x20, 0x00, 0xE7, 0x00, 0x00, 0xE7, 0x00, 0x00, 0xE7, 0x00, 0x00, 0xE7, 0x00, 0x00,
    0xE7, 0x00, 0x00, 0x07, 0x00, 0x00, 0x00, 0x00, 0x03, 0x9C, 0x1E, 0x07, 0x38, 0x3C, 0x0E, 0x70,
    0x78, 0x1C, 0xE0, 0xF0, 0x39, 0xC1, 0xE7, 0xF3, 0x83, 0xCF, 0xE7, 0x07, 0x9F, 0xCE, 0x1F, 0x83,
    0x9C, 0x3F, 0x07, 0x38, 0xFF, 0x0E, 0x73, 0xCF, 0x9C, 0xEF, 0x0F, 0x39, 0xFC, 0x0E, 0x73, 0xB0,
    0x00, 0xE7, 0x00, 0x01, 0xCE, 0x00, 0x00, 0x00, 0x1F, 0xFF, 0xF8, 0x3F, 0xFF, 0xF0, 0x7F, 0xFF,
    0xE0, 0x00, 0x01, 0xC0, 0x00, 0x03, 0x80, 0x00, 0x07, 0x00, 0x00, 0x0E, 0x00, 0x00, 0x1C, 0x00,
    0x00, 0x38, 0x00, 0x00, 0x00, 0x00, 0x00, 0xE7, 0x01, 0xC0, 0x73, 0x80, 0xF0, 0x39, 0xC0, 0x78,
    0x1C, 0xE0, 0x3C, 0x0E, 0x70, 0x1E, 0x7F, 0x38, 0x0F, 0x3F, 0x9C, 0x07, 0x9F, 0xCE, 0x07, 0xE0,
    0xE7, 0x03, 0xF0, 0x73, 0x83, 0xFC, 0x39, 0xC3, 0xCF, 0x1C, 0xE7, 0xC3, 0xCE, 0x71, 0xC0, 0xE7,
    0x38, 0xC0, 0x03, 0x9C, 0x00, 0x01, 0x8E, 0x00, 0x03, 0x07, 0x00, 0x03, 0xC3, 0x80, 0x01, 0xE0,
    0x00, 0x00, 0xF0, 0x00, 0x00, 0xFC, 0x00, 0x00, 0xFF, 0x00, 0x01, 0xF3, 0xE0, 0x03, 0xF0, 0xFC,
    0x07, 0xF0, 0x3F, 0x83, 0xE0, 0x07, 0xC0, 0x00, 0x00, 0x00, 0x00, 0x00, 0x00, 0x00, 0x00, 0x38,
    0x07, 0x00, 0x70, 0x0E, 0x00, 0xE0, 0x1C, 0x1F, 0xC0, 0x38, 0x7F, 0x80, 0x70, 0xFF, 0x01, 0xE0,
    0x0E, 0x03, 0xC0, 0x1C, 0x07, 0xC0, 0x38, 0x1F, 0x8F, 0xF0, 0x3F, 0x9F, 0xE0, 0xF7, 0x81, 0xC3,
    0xC7, 0x83, 0x9F, 0x07, 0xC7, 0x3C, 0x07, 0x0E, 0x70, 0x06, 0x1C, 0x00, 0x00, 0x38, 0x00, 0x00,
    0x70, 0x38, 0x00, 0xE0, 0x70, 0x01, 0xC0, 0xE0, 0x00, 0x01, 0xC0, 0x00, 0x03, 0x80, 0x00, 0x07,
    0xFF, 0xFE, 0x0F, 0xFF, 0xFC, 0x1F, 0xFF, 0xF8, 0x00, 0x1C, 0x00, 0x00, 0x0E, 0x00, 0x00, 0x07,
    0x00, 0x00, 0x03, 0x80, 0x00, 0x03, 0xE0, 0x00, 0x01, 0xF0, 0x00, 0x01, 0xFC, 0x00, 0x01, 0xEF,
    0x00, 0x01, 0xE3, 0xC0, 0x03, 0xE0, 0xF8, 0x07, 0xE0, 0x3F, 0x0F, 0xE0, 0x0F, 0xE3, 0xC0, 0x01,
    0xE0, 0x00, 0xE0, 0x00, 0x00, 0x70, 0x00, 0x00, 0x38, 0x00, 0x00, 0x1C, 0x00, 0x00, 0x0E, 0x00,
    0x00, 0x07, 0x00, 0x0F, 0xFF, 0xFF, 0xFF, 0xFF, 0xFF, 0xFB, 0xFF, 0xFF, 0xFC, 0x00, 0x1C, 0x00,
    0x00, 0x0E, 0x00, 0x00, 0x07, 0x00, 0x00, 0x07, 0xC0, 0x00, 0x07, 0xF0, 0x00, 0x07, 0xFC, 0x00,
    0x07, 0xDF, 0x00, 0x1F, 0x83, 0xF0, 0x3F, 0x80, 0xFE, 0x1F, 0x0E, 0x1F, 0x04, 0x07, 0x01, 0x00,
    0x03, 0x80, 0x00, 0x01, 0xC0, 0x07, 0xFF, 0xFF, 0xFF, 0xFF, 0xFF, 0xFE, 0x00, 0x00, 0x00, 0x00,
    0x00, 0x00, 0x00, 0x00, 0x00, 0x07, 0xFF, 0xFF, 0x03, 0xFF, 0xFF, 0x80, 0x00, 0x01, 0xC0, 0x00,
    0x00, 0xE0, 0x00, 0x00, 0x70, 0x00, 0x00, 0x38, 0x00, 0x00, 0x1C, 0x00, 0x00, 0x0E, 0x00, 0x00,
    0x1C, 0x00, 0x00, 0x0E, 0x00, 0x00, 0x07, 0x00, 0x00, 0x07, 0xC0, 0x00, 0x03, 0xE0, 0x00, 0x03,
    0xF8, 0x00, 0x03, 0xDE, 0x00, 0x07, 0xC7, 0x80, 0x0F, 0xC1, 0xF8, 0x1F, 0xC0, 0x7F, 0x0F, 0x87,
    0x0F, 0x80, 0x03, 0x80, 0x80, 0x01, 0xC0, 0x00, 0x00, 0xE0, 0x03, 0xFF, 0xFF, 0xFF, 0xFF, 0xFF,
    0xFF, 0xFF, 0xFF, 0xFF, 0x00, 0x00, 0x00, 0x07, 0x00, 0x00, 0x03, 0x80, 0x00, 0x01, 0xC0, 0x00,
    0x00, 0xE0, 0x00, 0x00, 0x70, 0x00, 0x00, 0x3F, 0xFF, 0xF8, 0x1F, 0xFF, 0xFC, 0x0F, 0xFF, 0xFE,
    0x00, 0x00, 0x1C, 0x00, 0x00, 0x0E, 0x00, 0x00, 0x07, 0x00, 0x00, 0x07, 0xC0, 0x00, 0x03, 0xE0,
    0x00, 0x07, 0xF8, 0x00, 0x07, 0xDF, 0x00, 0x0F, 0xC7, 0xE0, 0x3F, 0x81, 0xFC, 0x1F, 0x0E, 0x3E,
    0x04, 0x07, 0x03, 0x00, 0x03, 0x80, 0x00, 0x01, 0xC0, 0x07, 0xFF, 0xFF, 0xFB, 0xFF, 0xFF, 0xFC,
    0x00, 0x00, 0x00, 0x00, 0x00, 0x00, 0x00, 0xFF, 0xC0, 0x01, 0xFF, 0xF8, 0x01, 0xF0, 0x3F, 0x01,
    0xE0, 0x07, 0x80, 0xE0, 0x01, 0xC0, 0x78, 0x01, 0xE0, 0x1F, 0x03, 0xF0, 0x07, 0xFF, 0xE0, 0x00,
    0xFF, 0xC0, 0x00, 0x00, 0x1C, 0x00, 0x00, 0x0E, 0x00, 0x00, 0x07, 0x00, 0x00, 0x07, 0x80, 0x00,
    0x03, 0xE0, 0x00, 0x03, 0xF8, 0x00, 0x03, 0xDE, 0x00, 0x03, 0xCF, 0x80, 0x07, 0xC3, 0xF0, 0x1F,
    0xC0, 0x7F, 0x0F, 0x80, 0x1F, 0x87, 0x00, 0x01, 0x80, 0x00, 0x00, 0x00, 0x00, 0x00, 0x03, 0xFF,
    0xFF, 0xFD, 0xFF, 0xFF, 0xFF, 0xFF, 0xFF, 0xFF, 0x80, 0x0E, 0x00, 0x00, 0x07, 0x00, 0x00, 0x03,
    0x80, 0x00, 0x01, 0xC0, 0x00, 0x00, 0xE0, 0x00, 0x00, 0x70, 0x00, 0x00, 0x38, 0x00, 0x00, 0x1C,
    0x00, 0x00, 0x0E, 0x00, 0x00, 0x00, 0x00, 0x00, 0x00, 0x1C, 0x00, 0x00, 0x1C, 0x00, 0x00, 0x3E,
    0x00, 0x00, 0x3E, 0x00, 0x00, 0x7F, 0x00, 0x01, 0xF7, 0x80, 0x07, 0xE3, 0xE0, 0x3F, 0xC1, 0xFC,
    0x3F, 0x00, 0x7C, 0x38, 0x00, 0x1C, 0x00, 0x00, 0x00, 0xFF, 0xFF, 0xFF, 0xFF, 0xFF, 0xFF, 0xFF,
    0xFF, 0xFF, 0x00, 0x1C, 0x00, 0x00, 0x1C, 0x00, 0x00, 0x1C, 0x00, 0x1F, 0xFF, 0xF8, 0x1F, 0xFF,
    0xF8, 0x1F, 0xFF, 0xF8, 0x1C, 0x00, 0x38, 0x1C, 0x00, 0x38, 0x1C, 0x00, 0x38, 0x1F, 0xFF, 0xF8,
    0x1F, 0xFF, 0xF8, 0x1F, 0xFF, 0xF8, 0x00, 0x1C, 0x00, 0x00, 0x0E, 0x00, 0x00, 0x07, 0x00, 0x00,
    0x07, 0x80, 0x00, 0x03, 0xC0, 0x00, 0x01, 0xF0, 0x00, 0x01, 0xF8, 0x00, 0x01, 0xFE, 0x00, 0x01,
    0xF7, 0x80, 0x01, 0xF1, 0xE0, 0x03, 0xF0, 0x7C, 0x0F, 0xF0, 0x1F, 0xC7, 0xE0, 0x07, 0xE1, 0xC0,
    0x00, 0xE0, 0x00, 0x00, 0x00, 0x00, 0x00, 0x00, 0x00, 0x00, 0x00, 0x00, 0x00, 0x00, 0x00, 0x00,
    0x00, 0x1F, 0xFF, 0xFF, 0xEF, 0xFF, 0xFF, 0xF7, 0xFF, 0xFF, 0xF8, 0x00, 0x1C, 0x00, 0x00, 0x0E,
    0x00, 0x00, 0x0F, 0x00, 0x00, 0x07, 0xC0, 0x00, 0x07, 0xF0, 0x00, 0x07, 0xBC, 0x00, 0x0F, 0x8F,
    0x80, 0x7F, 0x83, 0xF8, 0x3F, 0x00, 0xFE, 0x1E, 0x00, 0x0E, 0x00, 0x00, 0x00, 0x00, 0x00, 0x00,
    0x0F, 0xFF, 0xFF, 0xF7, 0xFF, 0xFF, 0xF8, 0x00, 0x00, 0x00, 0x00, 0x00, 0x00, 0x1C, 0x00, 0x38,
    0x0E, 0x00, 0x1C, 0x07, 0x80, 0x0E, 0x03, 0xFF, 0xFF, 0x01, 0xFF, 0xFF, 0x80, 0xE0, 0x01, 0xC0,
    0x70, 0x00, 0xE0, 0x3F, 0xFF, 0xF0, 0x1F, 0xFF, 0xF8, 0x0F, 0xFF, 0xFC, 0x00, 0x00, 0x00, 0x0E,
    0x00, 0x00, 0x1C, 0x03, 0x00, 0x38, 0x0F, 0x00, 0x70, 0x1E, 0x00, 0xE0, 0x3C, 0x01, 0xC0, 0x78,
    0x03, 0x80, 0xF0, 0x07, 0x01, 0xE0, 0x0E, 0x03, 0xC0, 0x1C, 0x07, 0x80, 0x38, 0x0F, 0x00, 0x70,
    0x3F, 0x00, 0xE0, 0x7E, 0x01, 0xC1, 0xEE, 0x03, 0x83, 0x9E, 0x07, 0x0F, 0x1E, 0x0E, 0x3C, 0x3E,
    0x1D, 0xF0, 0x3F, 0x3B, 0xC0, 0x3C, 0x77, 0x00, 0x10, 0xE0, 0x00, 0x01, 0xC0, 0x00, 0x03, 0x80,
    0x00, 0x07, 0x00, 0x00, 0x0E, 0x00, 0x00, 0x1C, 0x00, 0x00, 0x38, 0x00, 0x00, 0x0E, 0x03, 0xC0,
    0x1C, 0x07, 0x80, 0x38, 0x0F, 0x00, 0x70, 0x1E, 0x00, 0xE0, 0x3C, 0x01, 0xC0, 0x78, 0x03, 0x81,
    0xF8, 0x07, 0x03, 0xF0, 0x0E, 0x0F, 0xF0, 0x1C, 0x3C, 0xF0, 0x38, 0xF0, 0xF8, 0x77, 0xC0, 0xF8,
    0xEF, 0x00, 0xE1, 0xCC, 0x00, 0x03, 0x80, 0x00, 0x07, 0x00, 0x00, 0x00, 0x0F, 0xFF, 0xFC, 0x1F,
    0xFF, 0xF8, 0x3F, 0xFF, 0xF0, 0x00, 0x00, 0xE0, 0x00, 0x01, 0xC0, 0x00, 0x03, 0x80, 0x00, 0x07,
    0x00, 0x00, 0x0E, 0x00, 0x00, 0x1C, 0x00, 0x00, 0x00, 0x00, 0x00, 0x38, 0x07, 0x00, 0x70, 0x0E,
    0x00, 0xE0, 0x1C, 0x01, 0xC0, 0x38, 0x03, 0x80, 0x70, 0x07, 0x00, 0xF0, 0x0E, 0x03, 0xE0, 0x1C,
    0x07, 0xC0, 0x38, 0x1F, 0xC0, 0x70, 0x7B, 0xC0, 0xE0, 0xF3, 0xC1, 0xC7, 0xC7, 0xE3, 0x9F, 0x07,
    0xC7, 0x3C, 0x03, 0x8E, 0x20, 0x00, 0x1C, 0x00, 0x00, 0x38, 0x00, 0x00, 0x70, 0x38, 0x00, 0xE0,
    0x70, 0x00, 0x00, 0xE0, 0x00, 0x01, 0xC0, 0x00, 0x03, 0x80, 0x00, 0x07, 0x00, 0x00, 0x0F, 0xFF,
    0xFC, 0x1F, 0xFF, 0xF8, 0x01, 0xC0, 0x1C, 0x03, 0x80, 0x38, 0x07, 0x00, 0x70, 0x0E, 0x00, 0xE0,
    0x1C, 0x01, 0xC0, 0x7C, 0x03, 0x80, 0xF8, 0x07, 0x03, 0xF8, 0x0E, 0x0F, 0x78, 0x1C, 0x3E, 0x78,
    0x38, 0xF8, 0x7C, 0x73, 0xE0, 0x78, 0xE7, 0x00, 0x61, 0xC0, 0x00, 0x03, 0x80, 0x00, 0x00, 0x03,
    0xFF, 0xFE, 0x07, 0xFF, 0xFC, 0x00, 0x00, 0x38, 0x00, 0x00, 0x70, 0x3F, 0xFF, 0xE0, 0x7F, 0xFF,
    0xC0, 0xE0, 0x00, 0x01, 0xC0, 0x00, 0x03, 0x80, 0x00, 0x07, 0xFF, 0xFE, 0x0F, 0xFF, 0xFC, 0x00,
    0x00, 0x00, 0x00, 0x00, 0x38, 0x07, 0x00, 0x70, 0x0E, 0x00, 0xE0, 0x1C, 0x01, 0xC0, 0x38, 0x03,
    0x80, 0x70, 0x07, 0x01, 0xF0, 0x0E, 0x03, 0xE0, 0x1C, 0x0F, 0xE0, 0x38, 0x3D, 0xE0, 0x70, 0xF1,
    0xE0, 0xE3, 0xE3, 0xF1, 0xDF, 0x81, 0xE3, 0x9C, 0x01, 0x87, 0x20, 0x00, 0x0E, 0x00, 0x00, 0x1C,
    0x01, 0xFF, 0x80, 0x0F, 0xFF, 0xC0, 0x3F, 0xFF, 0xC0, 0xF0, 0x03, 0xC1, 0xC0, 0x03, 0x83, 0x80,
    0x07, 0x07, 0x80, 0x1E, 0x07, 0xFF, 0xF8, 0x07, 0xFF, 0xE0, 0x03, 0xFF, 0x00, 0x00, 0x00, 0x00,
    0x03, 0xC0, 0x70, 0x01, 0xE0, 0x38, 0x00, 0xF0, 0x1C, 0x00, 0x78, 0x0E, 0x00, 0x3C, 0x07, 0x00,
    0x1E, 0x03, 0xC0, 0x0F, 0x03, 0xE0, 0x0F, 0xC1, 0xF0, 0x0F, 0xF1, 0xFC, 0x0F, 0x39, 0xEF, 0x0F,
    0x9F, 0xE3, 0xCF, 0x87, 0xF0, 0xF3, 0x81, 0xF0, 0x30, 0x00, 0x20, 0x00, 0x00, 0x00, 0x00, 0x00,
    0x00, 0x00, 0x00, 0x00, 0x00, 0x00, 0x00, 0x00, 0x1F, 0xFF, 0xFF, 0xEF, 0xFF, 0xFF, 0xF7, 0xFF,
    0xFF, 0xF8, 0x00, 0x00, 0x30, 0x00, 0x00, 0x3C, 0x00, 0x00, 0x1E, 0x01, 0xF8, 0x0F, 0x01, 0xFE,
    0x07, 0x81, 0xFF, 0x83, 0xC1, 0xE1, 0xE1, 0xE0, 0xE0, 0x70, 0xF0, 0xF0, 0x3C, 0x78, 0x70, 0x0E,
    0x3C, 0x38, 0x07, 0x1E, 0x1C, 0x03, 0x8F, 0xFE, 0x01, 0xC7, 0xFF, 0x00, 0xE3, 0xFF, 0x80, 0x71,
    0xE1, 0xC0, 0x78, 0xF0, 0xF0, 0x38, 0x78, 0x38, 0x1C, 0x3C, 0x1F, 0x3E, 0x1E, 0x07, 0xFE, 0x0F,
    0x01, 0xFE, 0x07, 0x80, 0x3C, 0x03, 0xC0, 0x00, 0x01, 0xE0, 0x00, 0x00, 0xF0, 0x00, 0x00, 0x78,
    0x00, 0x00, 0x3C, 0x00, 0x00, 0x1E, 0x00, 0x00, 0x00, 0x38, 0x00, 0x00, 0x1C, 0x03, 0xF0, 0x0E,
    0x03, 0xFC, 0x07, 0x03, 0xFF, 0x03, 0x83, 0xC3, 0xC1, 0xC3, 0xC0, 0xF0, 0xE1, 0xC0, 0x38, 0x70,
    0xE0, 0x1C, 0x3F, 0x70, 0x0E, 0x1F, 0xF8, 0x07, 0x0F, 0xFE, 0x07, 0x87, 0x07, 0x87, 0x83, 0x83,
    0xFF, 0xC1, 0xC0, 0xFF, 0xC0, 0xE0, 0x1F, 0x80, 0x70, 0x00, 0x00, 0x38, 0x00, 0x00, 0x1C, 0x07,
    0x80, 0x0E, 0x03, 0xC0, 0x07, 0x01, 0xE0, 0x00, 0x00, 0xF0, 0x00, 0x00, 0x78, 0x00, 0x00, 0x3C,
    0x00, 0x00, 0x1F, 0xFF, 0xFC, 0x0F, 0xFF, 0xFE, 0x07, 0xFF, 0xFF, 0x00, 0x00, 0x00, 0x00, 0x00,
    0x00, 0x70, 0x0F, 0xC0, 0x70, 0x3F, 0xF0, 0x70, 0x7F, 0xF8, 0x70, 0x70, 0x38, 0x70, 0xF0, 0x3C,
    0x7F, 0xE0, 0x1C, 0x7F, 0xE0, 0x1C, 0x7F, 0xE0, 0x1C, 0x70, 0xF0, 0x3C, 0x70, 0x78, 0x78, 0x70,
    0x3F, 0xF0, 0x70, 0x1F, 0xE0, 0x70, 0x07, 0x80, 0x00, 0x00, 0x01, 0xC0, 0x00, 0x01, 0xC0, 0x38,
    0x7F, 0xFE, 0x38, 0x7F, 0xFE, 0x38, 0x01, 0x80, 0x38, 0x07, 0xE0, 0x38, 0x0F, 0xF0, 0x38, 0x1E,
    0x78, 0x38, 0x5C, 0x38, 0x3F, 0xDE, 0x78, 0x3F, 0xCF, 0xF0, 0x3E, 0x07, 0xE0, 0x00, 0x00, 0x00,
    0x00, 0x00, 0x70, 0x07, 0x80, 0x70, 0x1F, 0xE0, 0x70, 0x3F, 0xF0, 0x70, 0x78, 0x78, 0x70, 0xF0,
    0x3C, 0x70, 0xE0, 0x1C, 0x7F, 0xE0, 0x1C, 0x7F, 0xE0, 0x1C, 0x7F, 0xF0, 0x3C, 0x70, 0x70, 0x38,
    0x70, 0x7F, 0xF8, 0x70, 0x3F, 0xF0, 0x70, 0x0F, 0xC0, 0x70, 0x00, 0x00, 0x70, 0x00, 0x00, 0x00,
    0x1F, 0xFF, 0xF0, 0x1F, 0xFF, 0xF0, 0x1F, 0xFF, 0xF0, 0x1E, 0x00, 0x70, 0x1E, 0x00, 0x70, 0x1E,
    0x00, 0x70, 0x1E, 0x00, 0x70, 0x1F, 0xFF, 0xF0, 0x1F, 0xFF, 0xF0, 0x1F, 0xFF, 0xF0, 0x00, 0x00,
    0x00, 0x00, 0x00, 0x1C, 0x01, 0xE0, 0x0E, 0x03, 0xFC, 0x07, 0x03, 0xFF, 0x03, 0x83, 0xC3, 0xC1,
    0xC3, 0xC0, 0xF0, 0xE1, 0xC0, 0x38, 0x7F, 0xE0, 0x1C, 0x3F, 0xF0, 0x0E, 0x1F, 0xBC, 0x0F, 0x0E,
    0x0E, 0x07, 0x07, 0x07, 0xFF, 0x83, 0x81, 0xFF, 0x81, 0xC0, 0x3F, 0x00, 0xE0, 0x00, 0x00, 0x70,
    0x00, 0x00, 0x00, 0x01, 0xC0, 0xE0, 0x00, 0xE0, 0x70, 0x00, 0xF0, 0x3C, 0x00, 0x78, 0x1E, 0x00,
    0x3C, 0x1F, 0x00, 0x3F, 0x0F, 0xC0, 0x3F, 0xCE, 0xF0, 0x7C, 0xFF, 0x3E, 0x3C, 0x3F, 0x0F, 0x9C,
    0x0F, 0x01, 0x80, 0x00, 0x00, 0x00, 0x00, 0x00, 0x00, 0x00, 0x03, 0x8E, 0x00, 0x03, 0x8E, 0x1F,
    0x83, 0x8E, 0x3F, 0xC3, 0x8E, 0x7F, 0xE3, 0x8E, 0x70, 0xF3, 0x8E, 0xF0, 0x73, 0x8E, 0xE0, 0x73,
    0xFE, 0xE0, 0x73, 0xFE, 0xE0, 0x73, 0xFE, 0xF0, 0x73, 0x8E, 0x70, 0xF3, 0x8E, 0x7F, 0xE3, 0x8E,
    0x3F, 0xC3, 0x8E, 0x1F, 0x83, 0x8E, 0x00, 0x03, 0x8E, 0x00, 0x03, 0x8E, 0x07, 0x03, 0x8E, 0x07,
    0x03, 0x8E, 0x07, 0x00, 0x0E, 0x07, 0x00, 0x00, 0x07, 0x00, 0x00, 0x07, 0x00, 0x00, 0x07, 0x00,
    0x00, 0x07, 0xFF, 0xFF, 0x07, 0xFF, 0xFF, 0x00, 0x00, 0x00, 0x00, 0x03, 0x8E, 0x1F, 0x83, 0x8E,
    0x3F, 0xC3, 0x8E, 0x7F, 0xE3, 0x8E, 0xF0, 0xF3, 0x8E, 0xE0, 0x73, 0xFE, 0xE0, 0x73, 0xFE, 0xE0,
    0x73, 0xFE, 0xE0, 0x73, 0x8E, 0x70, 0xF3, 0x8E, 0x7F, 0xE3, 0x8E, 0x3F, 0xC3, 0x8E, 0x1F, 0x83,
    0x8E, 0x00, 0x03, 0x8E, 0x00, 0x00, 0x00, 0x07, 0xFF, 0xFE, 0x07, 0xFF, 0xFE, 0x00, 0x00, 0x0E,
    0x00, 0x00, 0x0E, 0x07, 0xFF, 0xFE, 0x07, 0xFF, 0xFE, 0x07, 0x00, 0x00, 0x07, 0x00, 0x00, 0x07,
    0x00, 0x00, 0x07, 0xFF, 0xFF, 0x07, 0xFF, 0xFF, 0x00, 0x00, 0x70, 0x00, 0x00, 0x70, 0x0F, 0xC0,
    0x70, 0x1F, 0xE0, 0x70, 0x3F, 0xF0, 0x70, 0x78, 0x78, 0x70, 0x70, 0x38, 0x7F, 0xF0, 0x3C, 0x7F,
    0xE0, 0x1C, 0x7F, 0xE0, 0x1C, 0x70, 0xE0, 0x1C, 0x70, 0xE0, 0x1C, 0x70, 0xE0, 0x1C, 0x70, 0xE0,
    0x1C, 0x70, 0xE0, 0x3C, 0x7F, 0xF0, 0x38, 0x7F, 0x70, 0x38, 0x7F, 0x7C, 0xF8, 0x70, 0x3F, 0xF0,
    0x70, 0x1F, 0xE0, 0x70, 0x07, 0x80, 0x70, 0x00, 0x00, 0x70, 0x00, 0x00, 0x70, 0x00, 0x00, 0x70,
    0x00, 0x00, 0x70, 0x00, 0x00, 0x70, 0x00, 0x00, 0x00, 0x00, 0x00, 0x1C, 0x03, 0xF8, 0x0E, 0x07,
    0xFE, 0x07, 0x07, 0xCF, 0x83, 0xFF, 0x81, 0xE1, 0xFF, 0x80, 0x70, 0xE1, 0xC0, 0x38, 0x70, 0xE0,
    0x1C, 0x38, 0x70, 0x1E, 0x1F, 0xFC, 0x0F, 0x0F, 0xEF, 0xFF, 0x07, 0x03, 0xFF, 0x03, 0x80, 0x7F,
    0x01, 0xC0, 0x00, 0x00, 0xE0, 0x00, 0x00, 0x00, 0x3F, 0xCE, 0x38, 0x1F, 0xE7, 0x1C, 0x00, 0x73,
    0x8E, 0x00, 0x39, 0xFF, 0x03, 0xFC, 0xFF, 0x81, 0xFE, 0x71, 0xC0, 0xE0, 0x38, 0xE0, 0x70, 0x1C,
    0x70, 0x38, 0xEE, 0x38, 0x1F, 0xF7, 0xFC, 0x0F, 0xFB, 0xFE, 0x00, 0x00, 0x00, 0x00, 0x00, 0x00,
    0x78, 0x07, 0x80, 0x78, 0x1F, 0xE0, 0x78, 0x3F, 0xF0, 0x7F, 0x78, 0x78, 0x7F, 0xF0, 0x3C, 0x7F,
    0xE0, 0x1C, 0x78, 0xE0, 0x1C, 0x78, 0xE0, 0x1C, 0x78, 0xF0, 0x3C, 0x7F, 0x70, 0x38, 0x7F, 0x7F,
    0xF8, 0x7F, 0x3F, 0xF0, 0x78, 0x0F, 0xC0, 0x78, 0x00, 0x00, 0x78, 0x00, 0x00, 0x30, 0x01, 0xFF,
    0x80, 0x07, 0xFF, 0xE0, 0x0F, 0xFF, 0xF0, 0x1E, 0x00, 0x78, 0x1C, 0x00, 0x38, 0x1C, 0x00, 0x38,
    0x1E, 0x00, 0x78, 0x0F, 0xFF, 0xF0, 0x07, 0xFF, 0xE0, 0x01, 0xFF, 0x80, 0x00, 0x00, 0x00, 0x00,
    0x00, 0x70, 0x00, 0x01, 0xC3, 0xF0, 0x07, 0x1F, 0xE0, 0x1C, 0xFF, 0xC0, 0x77, 0x87, 0x81, 0xDC,
    0x0E, 0x07, 0xF0, 0x3C, 0x1F, 0x80, 0x70, 0x7E, 0x01, 0xC3, 0xF8, 0x07, 0xFF, 0xE0, 0x1F, 0xFF,
    0x80, 0x70, 0x7E, 0x01, 0xC1, 0xF8, 0x07, 0x07, 0xF0, 0x38, 0x1D, 0xC0, 0xE0, 0x77, 0x8F, 0x81,
    0xCF, 0xFC, 0x07, 0x1F, 0xE0, 0x1C, 0x1E, 0x00, 0x70, 0x00, 0x01, 0xC0, 0x00, 0x07, 0x00, 0x00,
    0x1C, 0x00, 0x00, 0x70, 0x00, 0x01, 0xC0, 0x00, 0x00, 0x00, 0x00, 0x00, 0x38, 0x3F, 0x00, 0x70,
    0xFF, 0x00, 0xE7, 0xFF, 0x01, 0xCF, 0x0F, 0x03, 0xBC, 0x0F, 0x07, 0x70, 0x0E, 0x0E, 0xE0, 0x1F,
    0xFD, 0xC0, 0x3F, 0xFB, 0x80, 0x7F, 0xF7, 0x81, 0xE0, 0xE7, 0x87, 0x81, 0xCF, 0xFE, 0x03, 0x87,
    0xF8, 0x07, 0x07, 0xE0, 0x0E, 0x00, 0x00, 0x1C, 0x00, 0x00, 0x38, 0x38, 0x00, 0x70, 0x70, 0x00,
    0xE0, 0xE0, 0x00, 0x01, 0xC0, 0x00, 0x03, 0x80, 0x00, 0x07, 0x00, 0x00, 0x0F, 0xFF, 0xFE, 0x1F,
    0xFF, 0xFC, 0x3F, 0xFF, 0xF8, 0x00, 0x00, 0x00, 0x06, 0x00, 0x38, 0x7F, 0x80, 0x71, 0xFF, 0x80,
    0xE7, 0x87, 0x81, 0xDE, 0x07, 0x83, 0xB8, 0x07, 0xFF, 0x70, 0x0F, 0xFE, 0xE0, 0x1F, 0xFD, 0xC0,
    0x38, 0x39, 0xC0, 0xE0, 0x73, 0xFF, 0xC0, 0xE3, 0xFF, 0x01, 0xC1, 0xF8, 0x03, 0x80, 0x00, 0x00,
    0x07, 0xFF, 0xFC, 0x0F, 0xFF, 0xFC, 0x1F, 0xFF, 0xF8, 0x00, 0x00, 0x70, 0x00, 0x00, 0xE0, 0xFF,
    0xFF, 0xC1, 0xFF, 0xFF, 0x83, 0x80, 0x00, 0x07, 0x00, 0x00, 0x0E, 0x00, 0x00, 0x1F, 0xFF, 0xFC,
    0x3F, 0xFF, 0xF8, 0x00, 0x00, 0x00, 0x00, 0x00, 0x70, 0xFC, 0x01, 0xCF, 0xFC, 0x07, 0x7F, 0xF8,
    0x1D, 0xC0, 0xE0, 0x7E, 0x03, 0xC1, 0xF8, 0x07, 0xFF, 0xE0, 0x1F, 0xFF, 0x80, 0x7F, 0xFF, 0x03,
    0xC1, 0xDE, 0x1E, 0x07, 0x3F, 0xF0, 0x1C, 0x7F, 0x80, 0x70, 0x78, 0x01, 0xC0, 0x00, 0x00, 0x0E,
    0x00, 0x1C, 0x38, 0x00, 0x70, 0xE0, 0x01, 0xC3, 0xFF, 0xFF, 0x0F, 0xFF, 0xFC, 0x3C, 0x00, 0xF0,
    0xE0, 0x01, 0xC3, 0x80, 0x07, 0x0F, 0xFF, 0xFC, 0x3F, 0xFF, 0xF0, 0xFF, 0xFF, 0xC0, 0x00, 0x00,
    0x00, 0x00, 0x00, 0x1E, 0x03, 0xF0, 0x0F, 0x07, 0xFE, 0x07, 0x87, 0xFF, 0x83, 0xC7, 0x83, 0xC1,
    0xE3, 0x80, 0xF0, 0xF1, 0xC0, 0x7F, 0xF8, 0xE0, 0x3F, 0xFC, 0x70, 0x1E, 0x1E, 0x3C, 0x1E, 0x0F,
    0x0F, 0xFF, 0x07, 0x83, 0xFF, 0x03, 0xC0, 0x7E, 0x01, 0xE0, 0x00, 0x00, 0xE0, 0x00, 0x00, 0x00,
    0x18, 0x70, 0xF0, 0x1E, 0x38, 0x78, 0x0F, 0x1C, 0x3C, 0x07, 0x8E, 0x1E, 0x03, 0xFF, 0x0F, 0x01,
    0xFF, 0x87, 0xC0, 0xF1, 0xC7, 0xE0, 0x78, 0xE7, 0xF8, 0x3C, 0x77, 0x9E, 0x1F, 0xFF, 0x87, 0x8F,
    0xFD, 0x81, 0x80, 0x00, 0x00, 0x00, 0x00, 0x00, 0x18, 0x00, 0x00, 0x3C, 0x0F, 0xC0, 0x3C, 0x3F,
    0xF0, 0x3C, 0x7F, 0xF8, 0x3C, 0x70, 0x38, 0x3C, 0xF0, 0x3C, 0x3C, 0xE0, 0x1F, 0xFC, 0xE0, 0x1F,
    0xFC, 0xE0, 0x1F, 0xFC, 0xF0, 0x3C, 0x3C, 0x70, 0x38, 0x3C, 0x7F, 0xF8, 0x3C, 0x3F, 0xF0, 0x3C,
    0x0F, 0xC0, 0x3C, 0x00, 0x00, 0x18, 0x01, 0x80, 0xC0, 0x03, 0x80, 0xE0, 0x03, 0x80, 0xE0, 0x03,
    0xC1, 0xE0, 0x03, 0xC1, 0xE0, 0x07, 0xC1, 0xF0, 0x0F, 0xE3, 0xF8, 0x1E, 0xF7, 0xBC, 0x7C, 0x7F,
    0x1F, 0x78, 0x3E, 0x0E, 0x30, 0x1C, 0x06, 0x00, 0x00, 0x00, 0x00, 0x00, 0x0E, 0x00, 0x07, 0x1C,
    0x00, 0x0E, 0x38, 0xF8, 0x1C, 0x73, 0xF8, 0x38, 0xEF, 0xF8, 0x71, 0xDC, 0x70, 0xE3, 0xB8, 0xE1,
    0xC7, 0xE0, 0xE3, 0x8F, 0xC1, 0xC7, 0x1F, 0x83, 0x8E, 0x3F, 0x07, 0xFC, 0x7E, 0x0F, 0xF8, 0xFC,
    0x1F, 0xF1, 0xF8, 0x38, 0xE3, 0xF0, 0x71, 0xC7, 0xE0, 0xE3, 0x8E, 0xE3, 0x87, 0x1D, 0xE7, 0x0E,
    0x3B, 0xFE, 0x1C, 0x73, 0xF8, 0x38, 0xE1, 0xC0, 0x71, 0xC0, 0x00, 0xE3, 0x80, 0x01, 0xC7, 0x00,
    0x03, 0x8E, 0x00, 0x07, 0x1C, 0x00, 0x00, 0x38, 0x00, 0x00, 0x00, 0x00, 0x00, 0xF0, 0x00, 0x03,
    0xC3, 0xF0, 0x0F, 0x1F, 0xE0, 0x3C, 0xFF, 0xC0, 0xF7, 0x87, 0xFF, 0xDC, 0x0F, 0xFF, 0xF0, 0x3F,
    0xFF, 0x80, 0x70, 0xFE, 0x01, 0xC3, 0xF8, 0x07, 0x0F, 0xE0, 0x1C, 0x3F, 0x80, 0x70, 0xFE, 0x01,
    0xC3, 0xF8, 0x07, 0xFF, 0xF0, 0x3F, 0xFD, 0xC0, 0xFF, 0xF7, 0xCF, 0x83, 0xCF, 0xFC, 0x0F, 0x1F,
    0xE0, 0x3C, 0x1E, 0x00, 0xF0, 0x00, 0x03, 0xC0, 0x00, 0x0F, 0x00, 0x00, 0x3C, 0x00, 0x00, 0xF0,
    0x00, 0x03, 0xC0, 0x00, 0x00, 0x00, 0x00, 0x00, 0x70, 0xFC, 0x01, 0xCF, 0xFC, 0x07, 0x7F, 0xFF,
    0xFD, 0xE1, 0xFF, 0xFF, 0x03, 0xFF, 0xF8, 0x07, 0x07, 0xE0, 0x1C, 0x1F, 0x80, 0x70, 0x7F, 0x01,
    0xFF, 0xDC, 0x0F, 0xFF, 0x7F, 0xFF, 0xFC, 0xFF, 0xC0, 0x70, 0xFC, 0x01, 0xC0, 0x00, 0x07, 0x00,
    0x00, 0x1C, 0x00, 0x00, 0x00, 0xFF, 0xFF, 0xC3, 0xFF, 0xFF, 0x00, 0x00, 0x1C, 0x00, 0x00, 0x70,
    0x00, 0x01, 0xC0, 0x00, 0x07, 0x00, 0x00, 0x1C, 0x00, 0x00, 0x70, 0x00, 0x01, 0xC0, 0x00, 0x00,
    0x00, 0x00, 0x00, 0x38, 0x1E, 0x00, 0x70, 0xFF, 0x00, 0xE3, 0xFF, 0x03, 0xCF, 0x1F, 0xFF, 0xBC,
    0x0F, 0xFF, 0x70, 0x0E, 0x0E, 0xE0, 0x1C, 0x1D, 0xC0, 0x38, 0x3B, 0x80, 0x70, 0x77, 0x81, 0xFF,
    0xE7, 0x87, 0xFF, 0xCF, 0xFF, 0xFF, 0x8F, 0xFC, 0x07, 0x07, 0xE0, 0x0E, 0x00, 0x00, 0x1C, 0x00,
    0x00, 0x38, 0x38, 0x00, 0x70, 0x70, 0x00, 0xE0, 0xE0, 0x00, 0x01, 0xC0, 0x00, 0x03, 0x80, 0x00,
    0x07, 0x00, 0x00, 0x0F, 0xFF, 0xFE, 0x1F, 0xFF, 0xFC, 0x3F, 0xFF, 0xF8, 0x00, 0x00, 0x00, 0x06,
    0x00, 0x78, 0x7F, 0x80, 0xF1, 0xFF, 0x81, 0xE7, 0x87, 0xFF, 0xDE, 0x07, 0xFF, 0xB8, 0x07, 0x0F,
    0x70, 0x0E, 0x1E, 0xE0, 0x1C, 0x3D, 0xC0, 0x7F, 0xFB, 0xC0, 0xFF, 0xF3, 0xFF, 0xFF, 0xE3, 0xFF,
    0x03, 0xC1, 0xF8, 0x07, 0x80, 0x00, 0x00, 0x07, 0xFF, 0xFC, 0x0F, 0xFF, 0xFC, 0x1F, 0xFF, 0xF8,
    0x00, 0x00, 0xF0, 0x00, 0x01, 0xE0, 0xFF, 0xFF, 0xC1, 0xFF, 0xFF, 0x83, 0x80, 0x00, 0x07, 0x00,
    0x00, 0x0E, 0x00, 0x00, 0x1F, 0xFF, 0xF8, 0x3F, 0xFF, 0xF0, 0x00, 0x00, 0x00, 0x00, 0x00, 0x38,
    0x3F, 0x00, 0x71, 0xFF, 0x80, 0xE7, 0xFF, 0xFF, 0xDE, 0x07, 0xFF, 0xB8, 0x07, 0xFF, 0x70, 0x0E,
    0x0E, 0xE0, 0x1C, 0x1D, 0xC0, 0x38, 0x3B, 0xC0, 0xFF, 0xF3, 0xC3, 0xFF, 0xE3, 0xFF, 0xFF, 0xC3,
    0xFC, 0x03, 0x81, 0xE0, 0x07, 0x00, 0x00, 0x00, 0x0E, 0x00, 0x1C, 0x1C, 0x00, 0x38, 0x38, 0x00,
    0x70, 0x7F, 0xFF, 0xE0, 0xFF, 0xFF, 0xC1, 0xE0, 0x03, 0x83, 0x80, 0x07, 0x07, 0x00, 0x0E, 0x0F,
    0xFF, 0xFC, 0x1F, 0xFF, 0xF8, 0x3F, 0xFF, 0xF0, 0x00, 0x00, 0x0E, 0x00, 0x07, 0x1C, 0x00, 0x0E,
    0x38, 0xF8, 0x1C, 0x73, 0xF8, 0x38, 0xEF, 0xF8, 0x71, 0xDC, 0x70, 0xE3, 0xB8, 0xFF, 0xC7, 0xE0,
    0xFF, 0x8F, 0xC1, 0xFF, 0x1F, 0x83, 0x8E, 0x3F, 0x07, 0x1C, 0x7E, 0x0E, 0x38, 0xFC, 0x1C, 0x71,
    0xF8, 0x38, 0xE3, 0xF0, 0x7F, 0xC7, 0xE0, 0xFF, 0x8E, 0xE3, 0xFF, 0x1D, 0xE7, 0x0E, 0x3B, 0xFE,
    0x1C, 0x73, 0xF8, 0x38, 0xE1, 0xE0, 0x71, 0xC0, 0x00, 0xE3, 0x80, 0x01, 0xC7, 0x00, 0x03, 0x8E,
    0x00, 0x07, 0x1C, 0x00, 0x00, 0x38, 0x00, 0x0C, 0x00, 0x00, 0x7F, 0xF0, 0x00, 0x3F, 0xFF, 0x00,
    0x1F, 0x03, 0xE0, 0x0F, 0x00, 0x3C, 0x07, 0x80, 0x07, 0x81, 0xC0, 0x00, 0xE0, 0x70, 0x00, 0x38,
    0x1C, 0x00, 0x0E, 0x07, 0x80, 0x07, 0x80, 0xE0, 0x01, 0xC0, 0x3E, 0x01, 0xF0, 0x07, 0xFF, 0xF8,
    0x00, 0x7F, 0xF8, 0x00, 0x07, 0xF8, 0x00, 0x00, 0x70, 0x00, 0x00, 0x1C, 0x00, 0x00, 0x07, 0x00,
    0x00, 0x01, 0xC0, 0x01, 0xFF, 0xFF, 0xFE, 0x7F, 0xFF, 0xFF, 0x9F, 0xFF, 0xFF, 0xE0, 0x01, 0xFF,
    0xC0, 0x03, 0xFF, 0xF8, 0x07, 0xE0, 0x7E, 0x03, 0xC0, 0x07, 0x01, 0xC0, 0x03, 0xC0, 0xF0, 0x01,
    0xC0, 0x7F, 0x0F, 0xE0, 0x0F, 0xFF, 0xE0, 0x01, 0xFF, 0xC0, 0x00, 0x0E, 0x00, 0x00, 0x07, 0x00,
    0x1F, 0xFF, 0xFF, 0xEF, 0xFF, 0xFF, 0xF3, 0xFF, 0xFF, 0xF8, 0x00, 0x00, 0x00, 0x3F, 0xFF, 0xF0,
    0x1F, 0xFF, 0xF8, 0x00, 0x00, 0x1C, 0x00, 0x00, 0x0E, 0x00, 0x00, 0x07, 0x01, 0xFF, 0xFF, 0x80,
    0xFF, 0xFF, 0xC0, 0x70, 0x00, 0x00, 0x38, 0x00, 0x00, 0x1F, 0xFF, 0xFC, 0x0F, 0xFF, 0xFE, 0x00,
    0x00, 0x00, 0x00, 0x00, 0x00, 0x07, 0x00, 0x1E, 0x01, 0xC0, 0x1F, 0xE0, 0x70, 0x0F, 0xFC, 0x1C,
    0x07, 0x87, 0x87, 0x03, 0xC0, 0xF1, 0xC0, 0xE0, 0x1C, 0x70, 0x38, 0x07, 0x1C, 0x0E, 0x01, 0xC7,
    0x03, 0xC0, 0xF1, 0xC0, 0x70, 0x38, 0x7F, 0x1F, 0xFE, 0x1F, 0xC3, 0xFF, 0x07, 0xF0, 0x3F, 0x01,
    0xC0, 0x03, 0x80, 0x70, 0x00, 0xE0, 0x1C, 0x00, 0x38, 0x07, 0x00, 0x0E, 0x09, 0xC1, 0xFF, 0xFE,
    0x70, 0x7F, 0xFF, 0x9C, 0x1F, 0xFC, 0x07, 0x00, 0x00, 0x01, 0xC0, 0x00, 0x00, 0x70, 0x00, 0x00,
    0x1C, 0x00, 0x00, 0x07, 0x00, 0x00, 0x01, 0xC0, 0x00, 0x00, 0x00, 0x00, 0x00, 0x1C, 0x01, 0xFC,
    0x0E, 0x01, 0xFF, 0x07, 0x01, 0xE3, 0xC3, 0x81, 0xE0, 0xF1, 0xC0, 0xE0, 0x38, 0xE0, 0x70, 0x1C,
    0x70, 0x38, 0x0E, 0x38, 0x1E, 0x0F, 0x1E, 0x07, 0xFF, 0x0F, 0xE1, 0xFF, 0x07, 0xF0, 0x3E, 0x03,
    0xC0, 0x0E, 0x01, 0xC0, 0x07, 0x0C, 0xE0, 0xFF, 0xFF, 0x70, 0x7F, 0xFF, 0xB8, 0x3F, 0xE0, 0x1C,
    0x00, 0x00, 0x0E, 0x01, 0xC0, 0x07, 0x00, 0xE0, 0x03, 0x80, 0x70, 0x00, 0x00, 0x38, 0x00, 0x00,
    0x1C, 0x00, 0x00, 0x0F, 0xFF, 0xFC, 0x07, 0xFF, 0xFE, 0x03, 0xFF, 0xFF, 0x00, 0x00, 0x00, 0x1C,
    0x0F, 0xF0, 0x38, 0x3F, 0xF0, 0x70, 0xF9, 0xF0, 0xE3, 0xC0, 0xF1, 0xC7, 0x00, 0xE3, 0x8E, 0x01,
    0xC7, 0x1C, 0x03, 0x8E, 0x1C, 0x0E, 0x1C, 0x3F, 0xFC, 0x38, 0x3F, 0xF0, 0x70, 0x0F, 0x80, 0xE0,
    0x1C, 0x01, 0xC0, 0x39, 0xF3, 0xBF, 0xFF, 0xF7, 0x3F, 0xFF, 0xCE, 0x78, 0x00, 0x1C, 0x00, 0x00,
    0x38, 0x38, 0x00, 0x70, 0x70, 0x00, 0xE0, 0xE0, 0x00, 0x01, 0xC0, 0x00, 0x03, 0x80, 0x00, 0x07,
    0xFF, 0xFF, 0x0F, 0xFF, 0xFE, 0x1F, 0xFF, 0xFC, 0x00, 0xFF, 0x80, 0x01, 0xFF, 0xF0, 0x01, 0xFF,
    0xFE, 0x01, 0xE0, 0x0F, 0x01, 0xE0, 0x03, 0xC0, 0xE0, 0x00, 0xE0, 0x70, 0x00, 0x78, 0x38, 0x00,
    0x3C, 0x1C, 0x00, 0x1C, 0x0F, 0x00, 0x0E, 0x03, 0xC0, 0x1F, 0x00, 0xF8, 0x3F, 0x00, 0x3F, 0xFF,
    0x00, 0x1F, 0xFF, 0x00, 0x0F, 0x03, 0x80, 0x07, 0x81, 0xC0, 0x03, 0xC0, 0xE0, 0x01, 0xE0, 0x70,
    0x00, 0xF0, 0x38, 0x1F, 0xFF, 0xFF, 0xFF, 0xFF, 0xFF, 0xFF, 0xFF, 0xFF, 0xFC, 0x01, 0xFF, 0xC0,
    0x03, 0xFF, 0xF8, 0x03, 0xF0, 0x7E, 0x03, 0xC0, 0x07, 0x81, 0xC0, 0x01, 0xC0, 0xE0, 0x00, 0xE0,
    0x78, 0x00, 0xF0, 0x1F, 0x01, 0xF0, 0x07, 0xFF, 0xF0, 0x01, 0xFF, 0xF0, 0x00, 0xE0, 0x38, 0x00,
    0x70, 0x1C, 0x00, 0x38, 0x0E, 0x07, 0xFF, 0xFF, 0xFF, 0xFF, 0xFF, 0xFE, 0xFF, 0xFF, 0xFE, 0x00,
    0x00, 0x00, 0x00, 0xFF, 0xE0, 0x01, 0xFF, 0xFC, 0x01, 0xF0, 0x1F, 0x01, 0xE0, 0x03, 0xC0, 0xE0,
    0x00, 0xE0, 0x78, 0x00, 0xF0, 0x1F, 0x01, 0xF0, 0x07, 0xFF, 0xF0, 0x00, 0xFF, 0xE0, 0x00, 0x00,
    0x00, 0x00, 0x00, 0xFF, 0xE0, 0x01, 0xFF, 0xFC, 0x01, 0xF8, 0x3F, 0x01, 0xE0, 0x03, 0xC0, 0xE0,
    0x01, 0xE0, 0x70, 0x00, 0x70, 0x38, 0x00, 0x38, 0x1E, 0x00, 0x3C, 0x07, 0xC0, 0x7C, 0x01, 0xFF,
    0xFC, 0x00, 0x3F, 0xF8, 0x00, 0x01, 0xC0, 0x00, 0x00, 0x00, 0x01, 0xFF, 0xFF, 0xFD, 0xFF, 0xFF,
    0xFF, 0xFF, 0xFF, 0xFF, 0x80, 0x0E, 0x00, 0x00, 0x07, 0x00, 0x00, 0x03, 0x80, 0x00, 0x01, 0xC0,
    0x00, 0x00, 0xE0, 0x00, 0x00, 0x70, 0x00, 0x00, 0x38, 0x00, 0x00, 0x1C, 0x00, 0x00, 0x0E, 0x00,
    0x00, 0x00, 0x3E, 0x00, 0x01, 0xFF, 0xF0, 0x01, 0xFF, 0xFC, 0x01, 0xF0, 0x1F, 0x01, 0xE0, 0x03,
    0xC0, 0xE0, 0x00, 0xE0, 0x70, 0x00, 0xF0, 0x3C, 0x00, 0x78, 0x0F, 0xC1, 0xF8, 0x03, 0xFF, 0xF8,
    0x00, 0x7F, 0xF0, 0x00, 0x00, 0x00, 0x00, 0x00, 0x00, 0x07, 0xFF, 0xFF, 0xFF, 0xFF, 0xFF, 0xFF,
    0xFF, 0xFF, 0xFF, 0x00, 0x1C, 0x00, 0x00, 0x0E, 0x00, 0x07, 0x87, 0x00, 0x03, 0xC3, 0x80, 0x01,
    0xE1, 0xC0, 0x00, 0xF0, 0x00, 0x00, 0x78, 0x00, 0x00, 0x3F, 0xFF, 0xF8, 0x1F, 0xFF, 0xFC, 0x0F,
    0xFF, 0xFE, 0x00, 0x01, 0xFF, 0xC0, 0x03, 0xFF, 0xF8, 0x07, 0xE0, 0x7E, 0x03, 0xC0, 0x07, 0x01,
    0xC0, 0x03, 0xC0, 0xF0, 0x01, 0xC0, 0x7C, 0x03, 0xE0, 0x1F, 0xFF, 0xE0, 0x03, 0xFF, 0xC0, 0x00,
    0x00, 0x00, 0x1F, 0xFF, 0xFF, 0xDF, 0xFF, 0xFF, 0xEF, 0xFF, 0xFF, 0xF0, 0x00, 0xE0, 0x00, 0x00,
    0x70, 0x00, 0x3F, 0xFF, 0xF0, 0x1F, 0xFF, 0xF8, 0x00, 0x00, 0x1C, 0x00, 0x00, 0x0E, 0x00, 0x00,
    0x07, 0x01, 0xFF, 0xFF, 0x80, 0xFF, 0xFF, 0xC0, 0x70, 0x00, 0x00, 0x38, 0x00, 0x00, 0x1F, 0xFF,
    0xFC, 0x0F, 0xFF, 0xFE, 0x00, 0x01, 0xFF, 0xC0, 0x03, 0xFF, 0xF8, 0x03, 0xF0, 0x7E, 0x03, 0xC0,
    0x07, 0x81, 0xC0, 0x01, 0xC0, 0xE0, 0x00, 0xE0, 0x78, 0x00, 0xF0, 0x1F, 0xC7, 0xF0, 0x07, 0xFF,
    0xF0, 0x00, 0xFF, 0xE0, 0x00, 0x00, 0x00, 0x00, 0x00, 0x00, 0x0F, 0xFF, 0xFF, 0xFF, 0xFF, 0xFF,
    0xFC, 0x00, 0x70, 0x00, 0x00, 0x38, 0x00, 0x00, 0x1C, 0x00, 0x00, 0x00, 0x00, 0x00, 0x07, 0x00,
    0x00, 0x03, 0x80, 0x00, 0x03, 0xE0, 0x00, 0x03, 0xF8, 0x00, 0x07, 0xDE, 0x00, 0x1F, 0xC7, 0xE0,
    0x3F, 0xC1, 0xFE, 0x0F, 0x00, 0x3E, 0x00, 0x00, 0x00, 0x00, 0x00, 0x00, 0x00, 0x00, 0x00, 0x3C,
    0x0F, 0xC0, 0x78, 0x7F, 0xE0, 0xF1, 0xF3, 0xE1, 0xE7, 0x81, 0xE3, 0xCE, 0x01, 0xC7, 0x9C, 0x03,
    0x8F, 0x38, 0x07, 0x1E, 0x78, 0x1E, 0x3C, 0x7C, 0x78, 0x78, 0x7F, 0xE0, 0xF0, 0x3F, 0x01, 0xE0,
    0x00, 0x03, 0xC0, 0x7F, 0xF7, 0xFF, 0xFF, 0xEF, 0xFF, 0xFF, 0x1E, 0x03, 0x80, 0x3C, 0x07, 0x00,
    0x78, 0x0E, 0x3F, 0xF0, 0x1C, 0x7F, 0xE0, 0x38, 0x03, 0xC0, 0x70, 0x07, 0x80, 0xE0, 0x0F, 0x01,
    0xC0, 0x1E, 0x03, 0x80, 0x3C, 0x07, 0x00, 0x78, 0x00, 0x00, 0x00, 0x00, 0x00, 0x38, 0x1F, 0xC0,
    0x70, 0xFF, 0xE0, 0xE1, 0xE1, 0xE1, 0xC7, 0x01, 0xC3, 0x8E, 0x03, 0x87, 0x1C, 0x07, 0x0E, 0x1E,
    0x3E, 0x1C, 0x3F, 0xF8, 0x38, 0x1F, 0xC0, 0x70, 0x00, 0x00, 0xE0, 0x03, 0xF9, 0xDF, 0xFF, 0xF3,
    0xBF, 0xFF, 0x87, 0x00, 0x70, 0x0E, 0x00, 0xE3, 0xFC, 0x01, 0xC7, 0xF8, 0x03, 0x80, 0x70, 0x77,
    0x00, 0xE0, 0xE0, 0x01, 0xC1, 0xC0, 0x00, 0x03, 0x80, 0x00, 0x07, 0x00, 0x00, 0x1F, 0xFF, 0xFE,
    0x1F, 0xFF, 0xFC, 0x3F, 0xFF, 0xF8, 0x00, 0x00, 0x1C, 0x0F, 0xE0, 0x38, 0x7F, 0xF0, 0x71, 0xF0,
    0xF0, 0xE3, 0x80, 0xE1, 0xC7, 0x01, 0xC3, 0x8F, 0x07, 0x87, 0x0F, 0xFE, 0x0E, 0x07, 0xF0, 0x1C,
    0x00, 0x00, 0x3B, 0xFF, 0xFE, 0x77, 0xFF, 0xFC, 0xE7, 0xFC, 0x01, 0xC0, 0x38, 0x7F, 0x80, 0x70,
    0xFF, 0x00, 0xE0, 0x0E, 0x00, 0x00, 0x00, 0x1F, 0xFF, 0xF8, 0x3F, 0xFF, 0xF0, 0x00, 0x00, 0xE0,
    0x00, 0x01, 0xC1, 0xFF, 0xFF, 0x83, 0xFF, 0xFF, 0x07, 0x00, 0x00, 0x0E, 0x00, 0x00, 0x1F, 0xFF,
    0xFC, 0x3F, 0xFF, 0xF8, 0x00, 0x00, 0x07, 0x00, 0x00, 0xE7, 0x00, 0x00, 0xE7, 0x07, 0xF0, 0xE7,
    0x1F, 0xF8, 0xE7, 0x1C, 0x3C, 0xE7, 0x38, 0x1C, 0xE7, 0x38, 0x1C, 0xE7, 0x38, 0x1C, 0xE7, 0x1C,
    0x3C, 0xE7, 0x1F, 0xF8, 0xE7, 0x07, 0xF0, 0xE7, 0x00, 0x00, 0xE7, 0x00, 0xFE, 0xE7, 0x7F, 0xFE,
    0xE7, 0x7F, 0xFC, 0xE7, 0x03, 0x80, 0xE7, 0x03, 0x80, 0xE7, 0x03, 0x9F, 0xE7, 0x03, 0x9F, 0xE7,
    0x03, 0x80, 0xE7, 0x03, 0x80, 0xE7, 0x03, 0x80, 0xE7, 0x03, 0x80, 0xE7, 0x03, 0x80, 0xE7, 0x00,
    0x00, 0xE7, 0x00, 0x00, 0x07, 0x00, 0x00, 0x00, 0x00, 0x00, 0xE7, 0x0F, 0xF0, 0xE7, 0x1F, 0xF8,
    0xE7, 0x3C, 0x3C, 0xE7, 0x38, 0x1C, 0xE7, 0x38, 0x1C, 0xE7, 0x1F, 0xF8, 0xE7, 0x0F, 0xF0, 0xE7,
    0x03, 0xC0, 0xE7, 0x00, 0x3E, 0xE7, 0x7F, 0xFE, 0xE7, 0x7F, 0xFC, 0xE7, 0x01, 0xC0, 0xE7, 0x01,
    0xCF, 0xE7, 0x01, 0xCF, 0xE7, 0x01, 0xC0, 0xE7, 0x00, 0x00, 0x00, 0x07, 0x80, 0x07, 0x07, 0x80,
    0x07, 0x07, 0xFF, 0xFF, 0x07, 0xFF, 0xFF, 0x07, 0x80, 0x07, 0x07, 0x80, 0x07, 0x07, 0xFF, 0xFF,
    0x07, 0xFF, 0xFF, 0x07, 0xFF, 0xFF, 0x00, 0x00, 0x1C, 0x00, 0x00, 0x38, 0x0F, 0xC0, 0x70, 0x7F,
    0xE0, 0xE1, 0xFF, 0xE1, 0xC7, 0x81, 0xE3, 0x8E, 0x01, 0xC7, 0x1C, 0x03, 0x8E, 0x38, 0x07, 0x1C,
    0x78, 0x1E, 0x38, 0x7F, 0xF8, 0x70, 0x7F, 0xE0, 0xE0, 0x3F, 0x01, 0xC0, 0x00, 0x03, 0x80, 0x00,
    0xF7, 0x7F, 0xFF, 0xEE, 0xFF, 0xFF, 0x9C, 0xFF, 0xC0, 0x38, 0x03, 0x80, 0x70, 0x07, 0x00, 0xE0,
    0x0E, 0x01, 0xC0, 0x1C, 0x03, 0x80, 0x38, 0x07, 0x00, 0x70, 0x0E, 0x00, 0xE0, 0x1C, 0x01, 0xC0,
    0x38, 0x03, 0x80, 0x70, 0x00, 0x00, 0x00, 0x00, 0xFF, 0xC0, 0x01, 0xFF, 0xF8, 0x01, 0xF8, 0x7E,
    0x01, 0xE0, 0x07, 0x80, 0xE0, 0x01, 0xC0, 0x70, 0x00, 0xF0, 0x38, 0x00, 0x70, 0x1E, 0x00, 0x78,
    0x07, 0xC0, 0xFC, 0x01, 0xFF, 0xFC, 0x00, 0x7F, 0xF8, 0x00, 0x01, 0xC0, 0x00, 0x00, 0x00, 0x01,
    0xFF, 0xFF, 0xFD, 0xFF, 0xFF, 0xFE, 0xFF, 0xFF, 0xFF, 0x01, 0xC0, 0xE0, 0x00, 0xE0, 0x70, 0x00,
    0x70, 0x38, 0x00, 0x38, 0x1C, 0x00, 0x1C, 0x0E, 0x00, 0x0E, 0x07, 0x00, 0x07, 0x03, 0x80, 0x03,
    0x81, 0xC0, 0x01, 0xC0, 0xE0, 0x00, 0x00, 0x3C, 0x00, 0x00, 0xFF, 0xC0, 0x01, 0xFF, 0xF8, 0x01,
    0xF0, 0x3E, 0x01, 0xE0, 0x07, 0x80, 0xE0, 0x01, 0xC0, 0xF0, 0x00, 0xF0, 0x70, 0x00, 0x38, 0x38,
    0x00, 0x1C, 0x1E, 0x00, 0x1E, 0x07, 0x00, 0x0E, 0x03, 0xC0, 0x0F, 0x00, 0xF8, 0x1F, 0x00, 0x3F,
    0xFF, 0x00, 0x07, 0xFE, 0x00, 0x00, 0x78, 0x00, 0x00, 0x00, 0x00, 0x00, 0x00, 0x00, 0x00, 0x00,
    0x00, 0x1F, 0xFF, 0xFF, 0xEF, 0xFF, 0xFF, 0xF7, 0xFF, 0xFF, 0xF8, 0x00, 0x18, 0x00, 0x01, 0xFF,
    0xE0, 0x03, 0xFF, 0xFC, 0x03, 0xF0, 0x3F, 0x01, 0xE0, 0x03, 0x81, 0xE0, 0x01, 0xE0, 0xF0, 0x00,
    0xF0, 0x3C, 0x00, 0x70, 0x1F, 0x81, 0xF8, 0x07, 0xFF, 0xF8, 0x00, 0xFF, 0xF0, 0x00, 0x03, 0x00,
    0x00, 0x00, 0x00, 0x07, 0xFF, 0xFF, 0xFB, 0xFF, 0xFF, 0xFD, 0xFF, 0xFF, 0xFE, 0x00, 0x00, 0x00,
    0x00, 0x00, 0x00, 0x07, 0x00, 0x00, 0x03, 0x80, 0x00, 0x01, 0xC0, 0x00, 0x00, 0xE0, 0x00, 0x00,
    0x70, 0x00, 0x00, 0x3F, 0xFF, 0xF0, 0x1F, 0xFF, 0xFC, 0x0F, 0xFF, 0xFE, 0x00, 0x01, 0xFF, 0xC0,
    0x07, 0xFF, 0xF8, 0x07, 0xE0, 0x7E, 0x03, 0x80, 0x07, 0x03, 0xC0, 0x03, 0xC0, 0xE0, 0x01, 0xE0,
    0x7C, 0x03, 0xE0, 0x1F, 0xFF, 0xE0, 0x03, 0xFF, 0xC0, 0x00, 0x00, 0x00, 0x00, 0x00, 0x00, 0x1F,
    0xFF, 0xFF, 0xEF, 0xFF, 0xFF, 0xF0, 0x00, 0x00, 0x00, 0x00, 0x00, 0x00, 0x3F, 0xFF, 0xF0, 0x1F,
    0xFF, 0xF8, 0x00, 0x00, 0x1C, 0x00, 0x00, 0x0E, 0x00, 0x00, 0x07, 0x01, 0xFF, 0xFF, 0x80, 0xFF,
    0xFF, 0xC0, 0x70, 0x00, 0x00, 0x38, 0x00, 0x00, 0x1F, 0xFF, 0xFC, 0x0F, 0xFF, 0xFE, 0x00, 0x01,
    0xFF, 0x80, 0x03, 0xFF, 0xF0, 0x07, 0xFF, 0xFE, 0x03, 0xC0, 0x0F, 0x03, 0xC0, 0x03, 0xC1, 0xE0,
    0x01, 0xE0, 0x70, 0x00, 0xE0, 0x3E, 0x01, 0xF0, 0x0F, 0xFF, 0xF0, 0x01, 0xFF, 0xE0, 0x00, 0x00,
    0x00, 0x00, 0x00, 0x00, 0x0F, 0xFF, 0xFF, 0xF7, 0xFF, 0xFF, 0xFB, 0xFF, 0xFF, 0xFC, 0x00, 0x00,
    0x00, 0x00, 0x00, 0x00, 0x0F, 0xFF, 0xFC, 0x07, 0xFF, 0xFE, 0x03, 0xFF, 0xFF, 0x01, 0xC0, 0x03,
    0x80, 0xE0, 0x01, 0xC0, 0x70, 0x00, 0xE0, 0x3F, 0xFF, 0xF0, 0x1F, 0xFF, 0xF8, 0x0F, 0xFF, 0xFC,
    0x00, 0x00, 0x00, 0x0E, 0x00, 0x00, 0x1C, 0x0F, 0xC0, 0x38, 0x3F, 0xE0, 0x71, 0xFF, 0xE0, 0xE3,
    0xC3, 0xC1, 0xCF, 0x03, 0xC3, 0x9C, 0x03, 0x87, 0x38, 0x07, 0x0E, 0x70, 0x0E, 0x1C, 0xE0, 0x1C,
    0x39, 0xE0, 0x78, 0x71, 0xE1, 0xE0, 0xE1, 0xFF, 0x81, 0xC1, 0xFE, 0x03, 0x80, 0xF0, 0x07, 0x00,
    0x00, 0x0E, 0x00, 0x00, 0x1C, 0x00, 0x03, 0x3B, 0xFF, 0xFE, 0x77, 0xFF, 0xFC, 0xEF, 0xFF, 0x81,
    0xC0, 0x00, 0x03, 0x80, 0x00, 0x07, 0x00, 0x00, 0x0E, 0x00, 0x00, 0x1C, 0x00, 0x00, 0x38, 0x00,
    0x00, 0x38, 0x00, 0x00, 0xE0, 0x00, 0x03, 0x83, 0xF0, 0x0E, 0x1F, 0xE0, 0x38, 0xFF, 0xC0, 0xE7,
    0x87, 0x83, 0x9C, 0x0E, 0x0E, 0xF0, 0x3C, 0x3B, 0x80, 0x70, 0xEE, 0x01, 0xC3, 0xB8, 0x07, 0x0E,
    0xE0, 0x1C, 0x3B, 0x80, 0x70, 0xEE, 0x01, 0xC3, 0xBC, 0x0F, 0x0E, 0x70, 0x38, 0x39, 0xC0, 0xE0,
    0xE7, 0xCF, 0x83, 0x8F, 0xFC, 0x0E, 0x1F, 0xE0, 0x38, 0x1E, 0x00, 0xE0, 0x00, 0x03, 0x80, 0x00,
    0x0E, 0x00, 0x00, 0x38, 0x00, 0x00, 0xE0, 0x00, 0x03, 0x80, 0x00, 0x00, 0x00, 0x00, 0x00, 0xE0,
    0x30, 0x03, 0x87, 0xF8, 0x0E, 0x3F, 0xF0, 0x39, 0xF3, 0xE0, 0xEF, 0x03, 0xC3, 0xB8, 0x07, 0x0E,
    0xE0, 0x1C, 0x3B, 0x80, 0x70, 0xEE, 0x01, 0xC3, 0xBC, 0x0F, 0x0E, 0x78, 0x78, 0x38, 0xFF, 0xC0,
    0xE1, 0xFE, 0x03, 0x81, 0xE0, 0x0E, 0x00, 0x00, 0x38, 0x00, 0x00, 0xE0, 0xE0, 0x03, 0x83, 0x80,
    0x0E, 0x0E, 0x00, 0x00, 0x38, 0x00, 0x00, 0xE0, 0x00, 0x03, 0x80, 0x00, 0x0F, 0xFF, 0xFC, 0x3F,
    0xFF, 0xF0, 0xFF, 0xFF, 0xC0, 0x00, 0x00, 0x38, 0x7F, 0x80, 0xE3, 0xFF, 0x03, 0x9F, 0xFE, 0x0E,
    0xF0, 0x3C, 0x3B, 0x80, 0x70, 0xEE, 0x01, 0xC3, 0xB8, 0x07, 0x0E, 0xF0, 0x3C, 0x39, 0xC0, 0xE0,
    0xE7, 0xFF, 0x83, 0x8F, 0xFC, 0x0E, 0x0F, 0xC0, 0x38, 0x00, 0x00, 0xE0, 0xFF, 0xFF, 0x83, 0xFF,
    0xFE, 0x0F, 0xFF, 0xF8, 0x00, 0x00, 0xE0, 0x00, 0x03, 0x83, 0xFF, 0xFE, 0x0F, 0xFF, 0xF8, 0x38,
    0x00, 0x00, 0xE0, 0x00, 0x03, 0x80, 0x00, 0x0F, 0xFF, 0xFC, 0x3F, 0xFF, 0xF0, 0x00, 0x00, 0x38,
    0x3F, 0x00, 0xE3, 0xFE, 0x03, 0x9F, 0xFC, 0x0E, 0x70, 0x38, 0x3B, 0xC0, 0x60, 0xEE, 0x01, 0xC3,
    0xB8, 0x07, 0x0E, 0xE0, 0x1C, 0x3B, 0xC0, 0xE0, 0xE7, 0xCF, 0x83, 0x8F, 0xFC, 0x0E, 0x1F, 0xC0,
    0x38, 0x00, 0x00, 0xE0, 0x00, 0x00, 0x07, 0xFF, 0xFE, 0x1F, 0xFF, 0xF8, 0x01, 0xC0, 0xE0, 0x07,
    0x03, 0x87, 0xFC, 0x0E, 0x1F, 0xF0, 0x38, 0x70, 0x00, 0xE1, 0xC0, 0x03, 0x87, 0x0E, 0x0E, 0x1F,
    0xF8, 0x38, 0x7F, 0xE0, 0xE0, 0x00, 0x00, 0x00, 0x00, 0x00, 0x00, 0x00, 0x00, 0xE0, 0xFC, 0x03,
    0x8F, 0xFC, 0x0E, 0x7F, 0xF8, 0x39, 0xE1, 0xE0, 0xEF, 0x03, 0xC3, 0xB8, 0x07, 0x0E, 0xE0, 0x1C,
    0x3B, 0x80, 0x70, 0xEF, 0x03, 0xC3, 0x9E, 0x1E, 0x0E, 0x7F, 0xF8, 0x38, 0xFF, 0x80, 0xE0, 0xFC,
    0x03, 0x80, 0x00, 0x0E, 0x00, 0x00, 0x00, 0x3F, 0xFF, 0xE0, 0xFF, 0xFF, 0x83, 0xFF, 0xFE, 0x0E,
    0x00, 0x38, 0x38, 0x00, 0xE0, 0xE0, 0x03, 0x83, 0x80, 0x0E, 0x0F, 0xFF, 0xF8, 0x3F, 0xFF, 0xE0,
    0xFF, 0xFF, 0x80, 0x00, 0x00, 0x00, 0x00, 0x00, 0xE0, 0xFC, 0x03, 0x8F, 0xFC, 0x0E, 0x7F, 0xF8,
    0x3B, 0xC0, 0xF0, 0xEF, 0x01, 0xC3, 0xB8, 0x07, 0x0E, 0xE0, 0x1C, 0x3B, 0x80, 0x70, 0xEF, 0x03,
    0xC3, 0x9F, 0x3E, 0x0E, 0x3F, 0xF0, 0x38, 0x7F, 0x80, 0xE0, 0x00, 0x03, 0x80, 0x00, 0x00, 0x0E,
    0x00, 0x38, 0x38, 0x00, 0xE0, 0xE0, 0x03, 0x83, 0xFF, 0xFE, 0x0F, 0xFF, 0xF8, 0x3F, 0xFF, 0xE0,
    0xE0, 0x03, 0x83, 0x80, 0x0E, 0x0F, 0xFF, 0xF8, 0x3F, 0xFF, 0xE0, 0xFF, 0xFF, 0x80, 0x00, 0x00,
    0x00, 0x00, 0x00, 0x3C, 0x07, 0x80, 0x3C, 0x1F, 0xE0, 0x3C, 0x7F, 0xF8, 0x3C, 0x78, 0x78, 0x3C,
    0xF0, 0x3C, 0x3C, 0xE0, 0x1C, 0x3C, 0xE0, 0x1C, 0x3C, 0xE0, 0x1C, 0x3C, 0xF0, 0x3C, 0x3C, 0x78,
    0x78, 0x3C, 0x7F, 0xF8, 0x3C, 0x3F, 0xF0, 0x3C, 0x0F, 0xC0, 0x3C, 0x00, 0x00, 0x3C, 0x00, 0x00,
    0x00, 0x03, 0x80, 0xE0, 0x03, 0x80, 0xE0, 0x07, 0x81, 0xE0, 0x07, 0x81, 0xE0, 0x07, 0x81, 0xF0,
    0x0F, 0xC3, 0xF0, 0x1E, 0xE7, 0xBC, 0x7C, 0xFF, 0x3E, 0x78, 0x7E, 0x1F, 0x30, 0x3C, 0x06, 0x00,
    0x00, 0x00, 0x00, 0x00, 0x00, 0x00, 0x00, 0x03, 0x80, 0x00, 0x00, 0x70, 0x1F, 0xFF, 0x8E, 0x03,
    0xFF, 0xF1, 0xC0, 0x7F, 0xFE, 0x38, 0x00, 0x78, 0x07, 0x00, 0x0F, 0x00, 0xE0, 0x01, 0xE0, 0x1C,
    0x00, 0x3C, 0x03, 0x80, 0x07, 0x80, 0x70, 0x00, 0xF0, 0x0F, 0xE0, 0x1E, 0x01, 0xFC, 0x07, 0xE0,
    0x3F, 0x80, 0xFC, 0x07, 0x00, 0x3D, 0xC0, 0xE0, 0x07, 0x3C, 0x1C, 0x01, 0xE3, 0xC3, 0x80, 0x78,
    0x3C, 0x70, 0x3E, 0x03, 0xCE, 0x07, 0x80, 0x31, 0xC0, 0x60, 0x00, 0x38, 0x00, 0x00, 0x07, 0x00,
    0x00, 0x00, 0xE0, 0x00, 0x00, 0x1C, 0x00, 0x00, 0x03, 0x80, 0x00, 0x00, 0x70, 0x00, 0x00, 0x00,
    0x00, 0x00, 0x00, 0x07, 0x03, 0xFF, 0xF1, 0xC0, 0xFF, 0xFC, 0x70, 0x3F, 0xFF, 0x1C, 0x00, 0x78,
    0x07, 0x00, 0x1E, 0x01, 0xC0, 0x07, 0x80, 0x7F, 0x01, 0xE0, 0x1F, 0xC0, 0xFC, 0x07, 0xF0, 0x3F,
    0x81, 0xC0, 0x1E, 0xF0, 0x70, 0x1F, 0x3E, 0x1C, 0x0F, 0x87, 0xE7, 0x07, 0xC0, 0x71, 0xC0, 0xC0,
    0x0C, 0x70, 0x00, 0x00, 0x1C, 0x00, 0x00, 0x00, 0x00, 0xFF, 0xFF, 0xC0, 0x3F, 0xFF, 0xF0, 0x07,
    0xFF, 0xFC, 0x00, 0x00, 0x07, 0x00, 0x00, 0x01, 0xC0, 0x00, 0x00, 0x70, 0x00, 0x00, 0x1C, 0x00,
    0x00, 0x07, 0x00, 0x00, 0x01, 0xC0, 0x00, 0x00, 0x00, 0x00, 0x00, 0x07, 0x03, 0xFF, 0xF1, 0xC0,
    0xFF, 0xFC, 0x70, 0x3F, 0xFF, 0x1C, 0x00, 0x78, 0x07, 0x00, 0x1E, 0x01, 0xFC, 0x07, 0x80, 0x7F,
    0x03, 0xF0, 0x1F, 0xC0, 0xFE, 0x07, 0x00, 0x7B, 0xC1, 0xC0, 0x7C, 0x7C, 0x70, 0x7E, 0x0F, 0x9C,
    0x1F, 0x01, 0xC7, 0x03, 0x00, 0x01, 0xC0, 0x00, 0x00, 0x00, 0x07, 0xFF, 0xFC, 0x01, 0xFF, 0xFF,
    0x00, 0x00, 0x01, 0xC0, 0x00, 0x00, 0x70, 0x07, 0xFF, 0xFC, 0x01, 0xFF, 0xFF, 0x00, 0x70, 0x00,
    0x00, 0x1C, 0x00, 0x00, 0x07, 0x00, 0x00, 0x01, 0xFF, 0xFF, 0x80, 0x7F, 0xFF, 0xE0, 0x00, 0x00,
    0x00, 0x00, 0x00, 0x1C, 0x1F, 0xFF, 0x8E, 0x0F, 0xFF, 0xC7, 0x07, 0xFF, 0xE3, 0x80, 0x1E, 0x01,
    0xC0, 0x0F, 0x00, 0xE0, 0x07, 0x80, 0x7F, 0x03, 0xE0, 0x3F, 0x83, 0xF0, 0x1F, 0xC1, 0xFC, 0x0E,
    0x01, 0xEF, 0x07, 0x03, 0xE3, 0xE3, 0x87, 0xE0, 0xF9, 0xC3, 0xE0, 0x38, 0xE0, 0xC0, 0x00, 0x70,
    0x00, 0x00, 0x00, 0x07, 0xFF, 0xFC, 0x03, 0xFF, 0xFE, 0x01, 0xFF, 0xFF, 0x00, 0xE0, 0x03, 0x80,
    0x70, 0x01, 0xC0, 0x38, 0x00, 0xE0, 0x1C, 0x00, 0x70, 0x0F, 0xFF, 0xF8, 0x07, 0xFF, 0xFC, 0x03,
    0xFF, 0xFE, 0x00, 0x00, 0x00, 0x18, 0x00, 0x00, 0x07, 0x07, 0xFF, 0xE1, 0xC1, 0xFF, 0xFC, 0x70,
    0x7F, 0xFF, 0x1C, 0x00, 0xF0, 0x07, 0x00, 0x3C, 0x01, 0xC0, 0x0F, 0x00, 0x7F, 0x03, 0xE0, 0x1F,
    0xC1, 0xF8, 0x07, 0xE0, 0x7F, 0x01, 0xC0, 0x3D, 0xE0, 0x70, 0x1E, 0x3E, 0x1C, 0x1F, 0x07, 0xC7,
    0x0F, 0x80, 0xF1, 0xC1, 0xC0, 0x00, 0x70, 0x00, 0x00, 0x18, 0x00, 0x03, 0x00, 0x00, 0x1F, 0xFE,
    0x00, 0x1F, 0xFF, 0xE0, 0x0F, 0x80, 0x7C, 0x03, 0x80, 0x07, 0x00, 0xE0, 0x01, 0xC0, 0x3C, 0x00,
    0xF0, 0x07, 0xF3, 0xF8, 0x00, 0xFF, 0xFC, 0x00, 0x0F, 0xFC, 0x00, 0x00, 0x00, 0x00, 0x00, 0x01,
    0xC7, 0x00, 0x01, 0xC7, 0x00, 0x01, 0xC7, 0x7F, 0xFD, 0xC7, 0x7F, 0xFD, 0xC7, 0x03, 0xC1, 0xC7,
    0x03, 0xC1, 0xC7, 0x03, 0xC1, 0xC7, 0x03, 0xC1, 0xC7, 0x03, 0xC1, 0xC7, 0x03, 0xC1, 0xFF, 0x03,
    0xC1, 0xFF, 0x07, 0xC1, 0xFF, 0x07, 0xE1, 0xC7, 0x07, 0xE1, 0xC7, 0x0F, 0x71, 0xC7, 0x0E, 0x79,
    0xC7, 0x1E, 0x3D, 0xC7, 0x7C, 0x3D, 0xC7, 0x78, 0x0D, 0xC7, 0x30, 0x01, 0xC7, 0x00, 0x01, 0xC7,
    0x00, 0x01, 0xC7, 0x00, 0x01, 0xC7, 0x00, 0x01, 0xC7, 0x00, 0x00, 0xC7, 0x00, 0x00, 0x00, 0x00,
    0x00, 0x0E, 0x00, 0x00, 0x0E, 0x3F, 0xFF, 0x0E, 0x3F, 0xFF, 0x0E, 0x3F, 0xFF, 0x0E, 0x01, 0xE0,
    0x0E, 0x01, 0xE0, 0x0E, 0x01, 0xE0, 0x0E, 0x01, 0xE0, 0x0E, 0x01, 0xE1, 0xFE, 0x01, 0xE1, 0xFE,
    0x01, 0xF1, 0xFE, 0x03, 0xF0, 0x0E, 0x03, 0xF8, 0x0E, 0x07, 0xB8, 0x0E, 0x0F, 0x3C, 0x0E, 0x0E,
    0x1E, 0x0E, 0x1E, 0x0F, 0x0E, 0x7C, 0x07, 0x8E, 0x78, 0x03, 0x8E, 0x30, 0x01, 0x0E, 0x00, 0x00,
    0x0E, 0x00, 0x00, 0x0E, 0x00, 0x00, 0x0E, 0x00, 0x00, 0x0E, 0x00, 0x00, 0x0E, 0x00, 0x00, 0x00,
    0x00, 0x00, 0x0E, 0x3F, 0xFF, 0x0E, 0x3F, 0xFF, 0x0E, 0x3F, 0xFF, 0x0E, 0x01, 0xE0, 0x0E, 0x01,
    0xE0, 0x0E, 0x01, 0xE0, 0xFE, 0x01, 0xE1, 0xFE, 0x03, 0xF1, 0xFE, 0x03, 0xF8, 0x0E, 0x07, 0xBC,
    0x0E, 0x0F, 0x3E, 0x0E, 0x3E, 0x1F, 0x8E, 0x7C, 0x07, 0x0E, 0x38, 0x03, 0x0E, 0x00, 0x00, 0x0E,
    0x00, 0x00, 0x00, 0x07, 0xFF, 0xFE, 0x07, 0xFF, 0xFE, 0x07, 0xFF, 0xFE, 0x00, 0x00, 0x0E, 0x00,
    0x00, 0x0E, 0x00, 0x00, 0x0E, 0x00, 0x00, 0x0E, 0x00, 0x00, 0x0E, 0x00, 0x00, 0x0E, 0x00, 0x00,
    0x00, 0x00, 0x00, 0x1E, 0x3F, 0xFE, 0x1E, 0x7F, 0xFE, 0x1E, 0x7F, 0xFE, 0x1E, 0x01, 0xC0, 0x1E,
    0x01, 0xC0, 0x1E, 0x01, 0xC0, 0x1E, 0x03, 0xC3, 0xFE, 0x03, 0xE3, 0xFE, 0x03, 0xE1, 0xFE, 0x07,
    0xF0, 0x1E, 0x0F, 0x78, 0x1E, 0x1E, 0x3E, 0x1E, 0x7C, 0x1F, 0x1E, 0x78, 0x0E, 0x1E, 0x70, 0x02,
    0x1E, 0x00, 0x00, 0x1E, 0x00, 0x00, 0x1E, 0x07, 0x00, 0x1E, 0x07, 0x00, 0x00, 0x07, 0x00, 0x00,
    0x07, 0x00, 0x00, 0x07, 0x00, 0x00, 0x07, 0xFF, 0xFE, 0x07, 0xFF, 0xFE, 0x07, 0xFF, 0xFE, 0x00,
    0x00, 0x00, 0x00, 0x00, 0x39, 0xFF, 0xF8, 0x73, 0xFF, 0xF0, 0xE3, 0xFF, 0xE1, 0xC0, 0x38, 0x03,
    0x80, 0xF0, 0x7F, 0x01, 0xF1, 0xFE, 0x07, 0xE3, 0xFC, 0x0F, 0xE0, 0x38, 0x3D, 0xE0, 0x71, 0xF1,
    0xF0, 0xE7, 0xC1, 0xF1, 0xCF, 0x01, 0xC3, 0x98, 0x00, 0x07, 0x00, 0x00, 0x00, 0x07, 0xFF, 0xFC,
    0x0F, 0xFF, 0xF8, 0x00, 0x00, 0x70, 0x00, 0x00, 0xE0, 0x7F, 0xFF, 0xC0, 0xFF, 0xFF, 0x81, 0xC0,
    0x00, 0x03, 0x80, 0x00, 0x07, 0x00, 0x00, 0x0F, 0xFF, 0xFC, 0x1F, 0xFF, 0xF8, 0x00, 0x00, 0x00,
    0x00, 0x00, 0x0E, 0x7F, 0xFF, 0x0E, 0x7F, 0xFF, 0x0E, 0x7F, 0xFF, 0x0E, 0x01, 0xC0, 0x0E, 0x01,
    0xC0, 0x0E, 0x03, 0xC0, 0xFE, 0x03, 0xE1, 0xFE, 0x03, 0xE1, 0xFE, 0x07, 0xF0, 0x0E, 0x0F, 0x38,
    0x0E, 0x1E, 0x3E, 0x0E, 0x7E, 0x1F, 0x8E, 0xFC, 0x0F, 0x0E, 0x70, 0x03, 0x0E, 0x00, 0x00, 0x0E,
    0x00, 0x00, 0x00, 0x00, 0xFF, 0xF0, 0x03, 0xFF, 0xFC, 0x07, 0xC0, 0x3E, 0x07, 0x00, 0x0E, 0x07,
    0x00, 0x0E, 0x07, 0x80, 0x1E, 0x03, 0xE0, 0x7E, 0x01, 0xFF, 0xF8, 0x00, 0x7F, 0xE0, 0x00, 0x00,
    0x07, 0x00, 0x00, 0xE7, 0x00, 0x00, 0xE7, 0x00, 0x00, 0xE7, 0x7F, 0xFC, 0xE7, 0x7F, 0xFC, 0xE7,
    0x03, 0xC0, 0xE7, 0x03, 0xC0, 0xE7, 0x03, 0xC0, 0xE7, 0x03, 0xC0, 0xE7, 0x03, 0xCF, 0xE7, 0x03,
    0xCF, 0xE7, 0x03, 0xCF, 0xE7, 0x07, 0xE0, 0xE7, 0x07, 0xE0, 0xE7, 0x07, 0xE0, 0xE7, 0x0E, 0x70,
    0xE7, 0x1E, 0x78, 0xE7, 0x3C, 0x3C, 0xE7, 0x7C, 0x1E, 0xE7, 0x78, 0x0C, 0xE7, 0x30, 0x00, 0xE7,
    0x00, 0x00, 0xE7, 0x00, 0x00, 0xE7, 0x00, 0x00, 0xE7, 0x00, 0x00, 0xE7, 0x00, 0x00, 0x07, 0x00,
    0x00, 0x0E, 0x00, 0x00, 0x0E, 0x00, 0x00, 0x0E, 0x3F, 0xFF, 0x0E, 0x3F, 0xFF, 0x0E, 0x3F, 0xFF,
    0x0E, 0x01, 0xE0, 0x0E, 0x01, 0xE0, 0x0E, 0x01, 0xE1, 0xFE, 0x01, 0xE1, 0xFE, 0x01, 0xE1, 0xFE,
    0x01, 0xE0, 0x0E, 0x01, 0xF0, 0x0E, 0x03, 0xF0, 0x0E, 0x03, 0xF9, 0xFE, 0x07, 0xB9, 0xFE, 0x07,
    0x3D, 0xFE, 0x0F, 0x1E, 0x0E, 0x1E, 0x0F, 0x0E, 0x7C, 0x0F, 0x8E, 0x78, 0x03, 0x0E, 0x30, 0x00,
    0x0E, 0x00, 0x00, 0x0E, 0x00, 0x00, 0x0E, 0x00, 0x00, 0x0E, 0x00, 0x00, 0x0E, 0x00, 0x00, 0x0E,
    0x00, 0x00, 0x00, 0x00, 0x00, 0x03, 0xC3, 0xFF, 0xF0, 0xF0, 0xFF, 0xFC, 0x3C, 0x3F, 0xFF, 0x0F,
    0x00, 0x78, 0x3F, 0xC0, 0x1E, 0x0F, 0xF0, 0x07, 0x83, 0xFC, 0x01, 0xE0, 0x0F, 0x00, 0xFC, 0x03,
    0xC0, 0x3F, 0x8F, 0xF0, 0x1E, 0xF3, 0xFC, 0x0F, 0x3E, 0xFF, 0x0F, 0x87, 0xE3, 0xC7, 0xC0, 0x78,
    0xF0, 0xE0, 0x04, 0x3C, 0x00, 0x00, 0x00, 0x00, 0x78, 0x1C, 0x00, 0x1E, 0x07, 0x00, 0x07, 0x81,
    0xE0, 0x01, 0xE0, 0x78, 0x00, 0xFC, 0x3F, 0x00, 0x3F, 0x0F, 0xC0, 0x3C, 0xE7, 0x3C, 0x1F, 0x3F,
    0xCF, 0xC7, 0x87, 0xE1, 0xE0, 0x80, 0x70, 0x18, 0x00, 0x00, 0x00, 0x00, 0x00, 0x00, 0x1F, 0xFF,
    0xFF, 0x0F, 0xFF, 0xFF, 0x80, 0x03, 0x80, 0x00, 0x01, 0xC0, 0x00, 0x01, 0xF0, 0x00, 0x00, 0xF8,
    0x00, 0x00, 0xFE, 0x00, 0x00, 0x77, 0x00, 0x00, 0xFB, 0xE0, 0x00, 0xF8, 0xF8, 0x01, 0xF8, 0x3F,
    0x03, 0xF0, 0x07, 0xE1, 0xF0, 0x01, 0xF0, 0xC0, 0x70, 0x10, 0x00, 0x38, 0x00, 0x00, 0x1C, 0x00,
    0x00, 0x0E, 0x00, 0x00, 0x07, 0x00, 0x00, 0x03, 0x80, 0x0F, 0xFF, 0xFF, 0xFF, 0xFF, 0xFF, 0xFD,
    0xFF, 0xFF, 0xFC, 0x1F, 0xFF, 0xFC, 0x1F, 0xFF, 0xFF, 0x0F, 0xFF, 0xFF, 0x80, 0x07, 0xC0, 0x00,
    0x03, 0xE0, 0x00, 0x03, 0xF8, 0x00, 0x03, 0xDE, 0x00, 0x03, 0xEF, 0x80, 0x0F, 0xE3, 0xF0, 0x3F,
    0xC0, 0x7F, 0x0F, 0x87, 0x1F, 0x87, 0x03, 0x81, 0x80, 0x01, 0xC0, 0x00, 0x00, 0xE0, 0x03, 0xFF,
    0xFF, 0xFF, 0xFF, 0xFF, 0xFF, 0xFF, 0xFF, 0xFF, 0x00, 0x00, 0x00, 0x07, 0x00, 0x00, 0x03, 0x80,
    0x00, 0x01, 0xC0, 0x00, 0x00, 0xE0, 0x00, 0x00, 0x70, 0x00, 0x00, 0x3F, 0xFF, 0xF8, 0x1F, 0xFF,
    0xFC, 0x0F, 0xFF, 0xFE, 0x00, 0x1F, 0xFF, 0xF8, 0x1F, 0xFF, 0xFE, 0x0F, 0xFF, 0xFF, 0x00, 0x07,
    0xC0, 0x00, 0x07, 0xE0, 0x00, 0x07, 0xFC, 0x00, 0x0F, 0xDF, 0x80, 0x7F, 0x87, 0xF8, 0x7F, 0x80,
    0xFE, 0x1E, 0x0E, 0x1E, 0x00, 0x07, 0x00, 0x00, 0x03, 0x80, 0x0F, 0xFF, 0xFF, 0xF7, 0xFF, 0xFF,
    0xFB, 0xFF, 0xFF, 0xFC, 0x00, 0x00, 0x00, 0x1C, 0x00, 0x38, 0x0E, 0x00, 0x1C, 0x07, 0x00, 0x0E,
    0x03, 0xFF, 0xFF, 0x01, 0xFF, 0xFF, 0x80, 0xE0, 0x01, 0xC0, 0x70, 0x00, 0xE0, 0x3F, 0xFF, 0xF0,
    0x1F, 0xFF, 0xF8, 0x0F, 0xFF, 0xFC, 0x00, 0x00, 0x00, 0x00, 0x1F, 0xFF, 0xFE, 0x0F, 0xFF, 0xFF,
    0x00, 0x07, 0xC0, 0x00, 0x03, 0xE0, 0x00, 0x03, 0xF8, 0x00, 0x07, 0xDE, 0x00, 0x0F, 0xC7, 0xE0,
    0x7F, 0xC1, 0xFE, 0x1F, 0x8E, 0x3E, 0x0C, 0x07, 0x03, 0x00, 0x03, 0x80, 0x00, 0x01, 0xC0, 0x07,
    0xFF, 0xFF, 0xFB, 0xFF, 0xFF, 0xFC, 0x00, 0x00, 0x00, 0x00, 0x00, 0x00, 0x00, 0xFF, 0xC0, 0x01,
    0xFF, 0xF8, 0x01, 0xF0, 0x3F, 0x01, 0xE0, 0x07, 0x80, 0xE0, 0x01, 0xC0, 0x78, 0x01, 0xE0, 0x1F,
    0x03, 0xF0, 0x07, 0xFF, 0xE0, 0x00, 0xFF, 0xC0, 0x00, 0x00, 0x00, 0x38, 0x00, 0x00, 0x1C, 0x00,
    0x00, 0x0E, 0x0F, 0xFF, 0xE7, 0x07, 0xFF, 0xF3, 0x83, 0xFF, 0xF1, 0xC0, 0x07, 0x00, 0xE0, 0x07,
    0x80, 0x70, 0x03, 0xE0, 0x38, 0x01, 0xF8, 0x1C, 0x01, 0xDC, 0x0E, 0x01, 0xE7, 0x87, 0xF3, 0xE1,
    0xF3, 0xFB, 0xE0, 0x79, 0xFD, 0xC7, 0x08, 0xE0, 0x03, 0x80, 0x70, 0x01, 0xC0, 0x38, 0x00, 0xE0,
    0x1C, 0x00, 0x70, 0x4E, 0x1F, 0xFF, 0xF7, 0x0F, 0xFF, 0xFB, 0x83, 0xFF, 0x01, 0xC0, 0x00, 0x00,
    0xE0, 0x00, 0x00, 0x70, 0x00, 0x00, 0x38, 0x00, 0x00, 0x1C, 0x00, 0x00, 0x0E, 0x00, 0x1F, 0xFF,
    0xFC, 0x0F, 0xFF, 0xFE, 0x07, 0xFF, 0xFF, 0x00, 0x03, 0xC0, 0x00, 0x03, 0xE0, 0x00, 0x01, 0xF0,
    0x00, 0x01, 0xFC, 0x00, 0x03, 0xEF, 0x80, 0x07, 0xE3, 0xF0, 0x1F, 0xC0, 0x7F, 0x0F, 0x80, 0x0F,
    0x82, 0x00, 0x00, 0x80, 0x00, 0x00, 0x03, 0xFF, 0xFF, 0xFB, 0xFF, 0xFF, 0xFF, 0xFF, 0xFF, 0xFF,
    0x00, 0x1C, 0x00, 0x00, 0x0E, 0x00, 0x00, 0x07, 0x00, 0x00, 0x03, 0x80, 0x00, 0x01, 0xC0, 0x00,
    0x00, 0xE0, 0x00, 0x00, 0x70, 0x00, 0x00, 0x38, 0x00, 0x00, 0x1C, 0x00, 0x00, 0x1F, 0xFF, 0xFC,
    0x1F, 0xFF, 0xFE, 0x0F, 0xFF, 0xFF, 0x00, 0x07, 0xC0, 0x00, 0x03, 0xE0, 0x00, 0x03, 0xF0, 0x00,
    0x03, 0xFC, 0x00, 0x07, 0xCF, 0x80, 0x0F, 0xC3, 0xF0, 0x3F, 0xC0, 0xFF, 0x0F, 0x80, 0x1F, 0x86,
    0x00, 0x01, 0x80, 0x00, 0x00, 0x07, 0xFF, 0xFF, 0xFB, 0xFF, 0xFF, 0xFD, 0xFF, 0xFF, 0xFE, 0x00,
    0x1C, 0x00, 0x00, 0x0E, 0x00, 0x07, 0x07, 0x00, 0x03, 0x83, 0x80, 0x01, 0xC1, 0xC0, 0x00, 0xE0,
    0x00, 0x00, 0x70, 0x00, 0x00, 0x3F, 0xFF, 0xF8, 0x1F, 0xFF, 0xFC, 0x0F, 0xFF, 0xFE, 0x00, 0x1F,
    0xFF, 0xF8, 0x1F, 0xFF, 0xFE, 0x0F, 0xFF, 0xFF, 0x00, 0x07, 0xC0, 0x00, 0x07, 0xE0, 0x00, 0x07,
    0xFC, 0x00, 0x1F, 0x8F, 0xC0, 0xFF, 0x83, 0xFC, 0x3F, 0x00, 0x7C, 0x00, 0x00, 0x02, 0x3F, 0xFF,
    0xFF, 0xDF, 0xFF, 0xFF, 0xEF, 0xFF, 0xFF, 0xF0, 0x00, 0xE0, 0x00, 0x00, 0x70, 0x00, 0x3F, 0xFF,
    0xF0, 0x1F, 0xFF, 0xF8, 0x00, 0x00, 0x1C, 0x00, 0x00, 0x0E, 0x00, 0x00, 0x07, 0x01, 0xFF, 0xFF,
    0x80, 0xFF, 0xFF, 0xC0, 0x70, 0x00, 0x00, 0x38, 0x00, 0x00, 0x1F, 0xFF, 0xFC, 0x0F, 0xFF, 0xFE,
    0x00, 0x00, 0x00, 0x00, 0x1F, 0xFF, 0xFE, 0x0F, 0xFF, 0xFF, 0x00, 0x07, 0xC0, 0x00, 0x03, 0xE0,
    0x00, 0x03, 0xF8, 0x00, 0x07, 0xDE, 0x00, 0x1F, 0xC7, 0xE0, 0x7F, 0x81, 0xFE, 0x1F, 0x00, 0x3E,
    0x0C, 0x00, 0x03, 0x00, 0x00, 0x00, 0x0F, 0xFF, 0xFF, 0xF7, 0xFF, 0xFF, 0xF9, 0xFF, 0xFF, 0xFC,
    0x00, 0x38, 0x00, 0x00, 0x1C, 0x00, 0x00, 0xFF, 0xC0, 0x01, 0xFF, 0xF8, 0x01, 0xFF, 0xFF, 0x01,
    0xE0, 0x07, 0x80, 0xE0, 0x01, 0xC0, 0x78, 0x01, 0xE0, 0x1F, 0x03, 0xF0, 0x07, 0xFF, 0xE0, 0x00,
    0xFF, 0xC0, 0x00, 0x00, 0x00, 0x00, 0x1F, 0xFF, 0xFE, 0x0F, 0xFF, 0xFF, 0x00, 0x07, 0xC0, 0x00,
    0x07, 0xE0, 0x00, 0x07, 0xF8, 0x00, 0x0F, 0xDF, 0x80, 0x7F, 0x87, 0xFC, 0x3F, 0x00, 0xFE, 0x1C,
    0x00, 0x0E, 0x00, 0x00, 0x00, 0x1F, 0xFF, 0xFF, 0xEF, 0xFF, 0xFF, 0xF0, 0x00, 0x00, 0x00, 0x00,
    0x00, 0x00, 0x3F, 0xFF, 0xF0, 0x1F, 0xFF, 0xF8, 0x00, 0x00, 0x1C, 0x00, 0x00, 0x0E, 0x00, 0x00,
    0x07, 0x01, 0xFF, 0xFF, 0x80, 0xFF, 0xFF, 0xC0, 0x70, 0x00, 0x00, 0x38, 0x00, 0x00, 0x1F, 0xFF,
    0xFC, 0x0F, 0xFF, 0xFE, 0x00, 0x00, 0x00, 0x00, 0x1F, 0xFF, 0xFE, 0x0F, 0xFF, 0xFF, 0x00, 0x07,
    0xC0, 0x00, 0x03, 0xE0, 0x00, 0x03, 0xF8, 0x00, 0x07, 0xDE, 0x00, 0x0F, 0xC7, 0xE0, 0x3F, 0xC1,
    0xFE, 0x1F, 0x80, 0x3F, 0x04, 0x00, 0x03, 0x00, 0x00, 0x00, 0x0F, 0xFF, 0xFF, 0xF7, 0xFF, 0xFF,
    0xFB, 0xFF, 0xFF, 0xFC, 0x00, 0x00, 0x00, 0x00, 0x00, 0x00, 0x01, 0xFF, 0xE0, 0x03, 0xFF, 0xFC,
    0x01, 0xF0, 0x1F, 0x01, 0xE0, 0x03, 0x80, 0xE0, 0x01, 0xC0, 0x78, 0x00, 0xE0, 0x1F, 0xEF, 0xF0,
    0x07, 0xFF, 0xF0, 0x00, 0xFF, 0xC0, 0x00, 0x00, 0x00, 0x0E, 0x00, 0x00, 0x1C, 0x00, 0x00, 0x39,
    0xFF, 0xF8, 0x77, 0xFF, 0xF8, 0xEF, 0xFF, 0xF1, 0xC0, 0x78, 0x03, 0x80, 0xF0, 0x07, 0x01, 0xE0,
    0x0E, 0x03, 0xC0, 0x1C, 0x07, 0x80, 0x38, 0x0F, 0x00, 0x70, 0x1E, 0x00, 0xE0, 0x7E, 0x01, 0xC0,
    0xFC, 0x03, 0x83, 0x9C, 0x07, 0x0F, 0x3C, 0x0E, 0x3C, 0x3C, 0x1C, 0xF8, 0x3E, 0x3B, 0xE0, 0x3C,
    0x77, 0x80, 0x38, 0xE4, 0x00, 0x01, 0xC0, 0x00, 0x03, 0x80, 0x00, 0x07, 0x00, 0x00, 0x0E, 0x00,
    0x00, 0x1C, 0x00, 0x00, 0x38, 0x00, 0x00, 0x00, 0x00, 0x00, 0x38, 0xFF, 0xFC, 0x73, 0xFF, 0xF8,
    0xE3, 0xFF, 0xF1, 0xC0, 0x3C, 0x03, 0x80, 0x78, 0x07, 0x00, 0xF0, 0x0E, 0x01, 0xE0, 0x1C, 0x07,
    0xE0, 0x38, 0x0F, 0xC0, 0x70, 0x39, 0xC0, 0xE0, 0xF3, 0xE1, 0xC7, 0xC3, 0xE3, 0x9F, 0x03, 0xC7,
    0x1C, 0x01, 0x8E, 0x00, 0x00, 0x1C, 0x00, 0x00, 0x00, 0x3F, 0xFF, 0xF0, 0x7F, 0xFF, 0xE0, 0x7F,
    0xFF, 0xC0, 0x00, 0x03, 0x80, 0x00, 0x07, 0x00, 0x00, 0x0E, 0x00, 0x00, 0x1C, 0x00, 0x00, 0x38,
    0x00, 0x00, 0x70, 0x00, 0x00, 0x00, 0x00, 0x00, 0x38, 0x00, 0x00, 0x73, 0xFF, 0xF8, 0xE7, 0xFF,
    0xF1, 0xC0, 0x3C, 0x03, 0x80, 0x70, 0x07, 0x00, 0xF0, 0x0E, 0x01, 0xE0, 0x1C, 0x07, 0xC0, 0x38,
    0x0F, 0xC0, 0x70, 0x3F, 0xC0, 0xE0, 0xF3, 0xC1, 0xC7, 0xC3, 0xE3, 0x9F, 0x03, 0xC7, 0x3C, 0x03,
    0x8E, 0x20, 0x00, 0x1C, 0x00, 0x00, 0x38, 0x1C, 0x00, 0x70, 0x38, 0x00, 0xE0, 0x70, 0x00, 0x00,
    0xE0, 0x00, 0x01, 0xC0, 0x00, 0x03, 0x80, 0x00, 0x07, 0xFF, 0xFE, 0x0F, 0xFF, 0xFC, 0x1F, 0xFF,
    0xF8, 0x00, 0x00, 0x00, 0x00, 0x00, 0x38, 0xFF, 0xFC, 0x73, 0xFF, 0xF8, 0xE7, 0xFF, 0xF1, 0xC0,
    0x38, 0x03, 0x80, 0x78, 0x07, 0x00, 0xF0, 0x0E, 0x03, 0xE0, 0x1C, 0x07, 0xE0, 0x38, 0x1F, 0xE0,
    0x70, 0x79, 0xE0, 0xE1, 0xE3, 0xE1, 0xCF, 0x83, 0xE3, 0x9E, 0x01, 0xC7, 0x18, 0x00, 0x0E, 0x00,
    0x00, 0x00, 0x0F, 0xFF, 0xF8, 0x1F, 0xFF, 0xF0, 0x3F, 0xFF, 0xE0, 0x70, 0x01, 0xC0, 0xE0, 0x03,
    0x81, 0xC0, 0x07, 0x03, 0x80, 0x0E, 0x07, 0xFF, 0xFC, 0x0F, 0xFF, 0xF8, 0x1F, 0xFF, 0xF0, 0x00,
    0x00, 0x00, 0x00, 0x00, 0x39, 0xFF, 0xFC, 0x73, 0xFF, 0xF8, 0xE7, 0xFF, 0xF1, 0xC0, 0x38, 0x03,
    0x80, 0x78, 0x07, 0x00, 0xF0, 0x0E, 0x03, 0xE0, 0x1C, 0x0F, 0xE0, 0x38, 0x1D, 0xE0, 0x70, 0xF9,
    0xF0, 0xE7, 0xE1, 0xF1, 0xCF, 0x81, 0xE3, 0x9C, 0x00, 0x87, 0x00, 0x00, 0x00, 0x07, 0x00, 0x1C,
    0x0E, 0x00, 0x38, 0x1C, 0x00, 0x70, 0x3F, 0xFF, 0xE0, 0x7F, 0xFF, 0xC0, 0xFF, 0xFF, 0x81, 0xC0,
    0x07, 0x03, 0x80, 0x0E, 0x07, 0xFF, 0xFC, 0x0F, 0xFF, 0xF8, 0x1F, 0xFF, 0xF0, 0x00, 0x00, 0x00,
    0x00, 0x00, 0x07, 0x80, 0x00, 0x01, 0xE0, 0xFE, 0x7F, 0x78, 0x3F, 0xFF, 0xDE, 0x0F, 0xE7, 0xF7,
    0x80, 0x70, 0xE1, 0xE0, 0x1C, 0x38, 0x78, 0x07, 0x0E, 0x1E, 0x01, 0xC3, 0x87, 0x80, 0x70, 0xE1,
    0xE0, 0x3C, 0x3C, 0x7F, 0x0F, 0x0F, 0x1F, 0xC3, 0xC3, 0xC7, 0xF0, 0xF9, 0xF1, 0xE0, 0x7E, 0x7C,
    0x78, 0x1F, 0x9F, 0x9E, 0x0F, 0x7E, 0xE7, 0x83, 0x9F, 0x9D, 0xE1, 0xE3, 0xC7, 0xF8, 0x30, 0x60,
    0xDE, 0x00, 0x00, 0x07, 0x80, 0x00, 0x01, 0xE0, 0x00, 0x00, 0x78, 0x00, 0x00, 0x1E, 0x00, 0x00,
    0x07, 0x80, 0x00, 0x01, 0xE0, 0x00, 0x00, 0x0C, 0x00, 0x00, 0x03, 0x83, 0xF9, 0xFC, 0xE0, 0xFF,
    0xFF, 0x38, 0x3F, 0xFF, 0xCE, 0x01, 0xC3, 0x83, 0x80, 0x70, 0xE0, 0xFC, 0x1C, 0x38, 0x3F, 0x0F,
    0x0F, 0x0F, 0xC3, 0xE7, 0xC3, 0x81, 0xFD, 0xF8, 0xE1, 0xF7, 0xEF, 0x38, 0x79, 0xF1, 0xEE, 0x0C,
    0x38, 0x33, 0x80, 0x00, 0x00, 0xE0, 0x00, 0x00, 0x00, 0x0F, 0xF3, 0x8E, 0x03, 0xFC, 0xE3, 0x80,
    0x07, 0x38, 0xE0, 0x01, 0xCF, 0xF8, 0x00, 0x73, 0xFE, 0x03, 0xFC, 0xFF, 0x80, 0xFF, 0x38, 0xE0,
    0x38, 0x0E, 0x38, 0x0E, 0x03, 0x8E, 0x03, 0xFE, 0xFF, 0x80, 0xFF, 0xBF, 0xE0, 0x00, 0x00, 0x00,
    0x00, 0x00, 0x71, 0xC0, 0x00, 0x38, 0xE7, 0xEF, 0xDC, 0x73, 0xF7, 0xEE, 0x39, 0xFB, 0xF7, 0x1C,
    0x38, 0xE3, 0x8E, 0x1C, 0x71, 0xC7, 0x0E, 0x38, 0xE3, 0x87, 0x1C, 0x71, 0xC3, 0x8E, 0x38, 0xE1,
    0xC7, 0x1F, 0xF0, 0xE3, 0x8F, 0xF8, 0x71, 0xC7, 0xFC, 0x7C, 0xF3, 0x8E, 0x3E, 0xF9, 0xC7, 0x1F,
    0x7C, 0xE3, 0x9D, 0xF7, 0x71, 0xDE, 0xFB, 0xB8, 0xEE, 0x38, 0xFC, 0x72, 0x1C, 0x2E, 0x38, 0x04,
    0x07, 0x1C, 0x00, 0x03, 0x8E, 0x00, 0x01, 0xC7, 0x00, 0x00, 0xE3, 0x80, 0x00, 0x71, 0xC0, 0x00,
    0x00, 0xE0, 0x00, 0x00, 0x00, 0x1F, 0xFB, 0xFF, 0x0F, 0xFD, 0xFF, 0x80, 0xF0, 0x1C, 0x00, 0x78,
    0x0E, 0x00, 0x3E, 0x0F, 0x80, 0x3F, 0x8F, 0xE0, 0x3D, 0xFF, 0x78, 0x7C, 0x7F, 0x1F, 0x3C, 0x1F,
    0x07, 0x08, 0x07, 0x00, 0x80, 0x03, 0x80, 0x00, 0x01, 0xC0, 0x07, 0xFF, 0xFF, 0xFF, 0xFF, 0xFF,
    0xFE, 0xFF, 0xFF, 0xFE, 0x00, 0x00, 0x00, 0x00, 0x00, 0x00, 0x07, 0xFF, 0xFF, 0x03, 0xFF, 0xFF,
    0x80, 0x00, 0x03, 0xC0, 0x00, 0x01, 0xE0, 0x00, 0x00, 0xF0, 0x00, 0x00, 0x78, 0x00, 0x00, 0x3C,
    0x00, 0x00, 0x1E, 0x00, 0x00, 0x00, 0x0E, 0xFE, 0x3F, 0x1D, 0xFE, 0xFF, 0x3B, 0xFD, 0xFE, 0x70,
    0xE0, 0xE0, 0xE1, 0xC1, 0xC1, 0xC3, 0x83, 0x83, 0x87, 0x0F, 0x07, 0x1F, 0x1F, 0x0E, 0x3E, 0x3E,
    0x1C, 0xFE, 0xFE, 0x39, 0xDF, 0xDC, 0x7F, 0x1F, 0x3E, 0xFE, 0x3E, 0x39, 0xD8, 0x38, 0x33, 0x80,
    0x00, 0x07, 0x00, 0x00, 0x00, 0x1F, 0xFF, 0xFC, 0x3F, 0xFF, 0xF8, 0x3F, 0xFF, 0xF0, 0x00, 0x00,
    0xE0, 0x00, 0x01, 0xC0, 0x00, 0x03, 0x80, 0x00, 0x07, 0x00, 0x00, 0x0E, 0x00, 0x00, 0x1C, 0x00,
    0x00, 0x00, 0x00, 0x70, 0x07, 0x00, 0x1C, 0x01, 0xC0, 0x07, 0x00, 0x70, 0x7F, 0xFF, 0x1C, 0x1F,
    0xFF, 0xC7, 0x00, 0x1C, 0x01, 0xC0, 0x07, 0x00, 0x7F, 0x03, 0xE0, 0x1F, 0xC0, 0xF8, 0x07, 0xE0,
    0x7F, 0x01, 0xC0, 0x3D, 0xE0, 0x70, 0x1E, 0x3E, 0x1C, 0x1F, 0x07, 0xC7, 0x07, 0x80, 0xF1, 0xC0,
    0x80, 0x00, 0x70, 0x00, 0x00, 0x00, 0x01, 0xFF, 0xFF, 0x00, 0xFF, 0xFF, 0xC0, 0x3F, 0xFF, 0xF0,
    0x00, 0x1E, 0x00, 0x00, 0x0F, 0xC0, 0x00, 0x03, 0xF8, 0x00, 0x03, 0xCF, 0x00, 0x03, 0xE1, 0xF8,
    0x07, 0xF0, 0x3F, 0x80, 0xF0, 0x03, 0xE0, 0x00, 0x00, 0x00, 0x00, 0x00, 0x00, 0x0E, 0x07, 0x1C,
    0x1C, 0x0E, 0x38, 0x38, 0x1C, 0x77, 0xFF, 0xB8, 0xEF, 0xFF, 0x71, 0xDF, 0xFC, 0xE3, 0x83, 0x81,
    0xC7, 0x07, 0x03, 0xFE, 0x0F, 0x07, 0xFC, 0x3E, 0x0E, 0x38, 0xFE, 0x1C, 0x73, 0xDE, 0x38, 0xEF,
    0x1F, 0x71, 0xFE, 0x1E, 0xE3, 0xB0, 0x09, 0xC7, 0x00, 0x03, 0x8E, 0x00, 0x00, 0x00, 0x1F, 0xFF,
    0xF8, 0x7F, 0xFF, 0xF0, 0xFF, 0xFF, 0xE0, 0x00, 0x01, 0xC0, 0x00, 0x03, 0x80, 0x00, 0x07, 0x00,
    0x00, 0x0E, 0x00, 0x00, 0x1C, 0x00, 0x00, 0x38, 0x00, 0x00, 0x00, 0x0E, 0x07, 0x1C, 0x1C, 0x0E,
    0x38, 0x3C, 0x1C, 0x77, 0xFF, 0xB8, 0xEF, 0xFF, 0x71, 0xC1, 0xE0, 0xE3, 0x83, 0xC1, 0xFF, 0x07,
    0x83, 0xFE, 0x1F, 0x07, 0xFC, 0x3F, 0x0E, 0x38, 0xFF, 0x1C, 0x73, 0xCF, 0xB8, 0xEF, 0x0F, 0x71,
    0xDC, 0x0E, 0xE3, 0x90, 0x01, 0xC7, 0x00, 0x00, 0x00, 0x0E, 0x00, 0x1C, 0x1C, 0x00, 0x38, 0x3F,
    0xFF, 0xF0, 0x7F, 0xFF, 0xE0, 0xFF, 0xFF, 0xC1, 0xC0, 0x03, 0x83, 0x80, 0x07, 0x07, 0xFF, 0xFE,
    0x0F, 0xFF, 0xFC, 0x1F, 0xFF, 0xF8, 0x00, 0x00, 0x00, 0x00, 0xE0, 0x07, 0x00, 0x70, 0x03, 0x87,
    0xFF, 0xC1, 0xC7, 0xFF, 0xF0, 0xE3, 0xFF, 0xF8, 0x70, 0x07, 0x00, 0x38, 0x03, 0x80, 0x1C, 0x01,
    0xE1, 0xFE, 0x01, 0xF0, 0xFF, 0x00, 0xFC, 0x7F, 0x80, 0xEF, 0x01, 0xC0, 0xF3, 0xC0, 0xE1, 0xF0,
    0xF8, 0x71, 0xF0, 0x3C, 0x38, 0xF0, 0x06, 0x1C, 0x20, 0x00, 0x0E, 0x00, 0x07, 0x07, 0x00, 0x03,
    0xC3, 0x80, 0x01, 0xE0, 0x00, 0x01, 0xF8, 0x00, 0x00, 0xFC, 0x00, 0x01, 0xFF, 0x80, 0x01, 0xF3,
    0xE0, 0x07, 0xF0, 0xFF, 0x07, 0xE0, 0x1F, 0x83, 0xC0, 0x03, 0xC0, 0x00, 0x00, 0x00, 0x00, 0x00,
    0x07, 0x03, 0x80, 0xE7, 0x03, 0x80, 0xE7, 0x03, 0x80, 0xE7, 0x03, 0x80, 0xE7, 0x7F, 0xFC, 0xE7,
    0x7F, 0xFC, 0xE7, 0x7F, 0xFC, 0xE7, 0x03, 0x80, 0xE7, 0x03, 0x80, 0xE7, 0x03, 0x80, 0xE7, 0x03,
    0x8F, 0xE7, 0x07, 0xCF, 0xE7, 0x07, 0xC7, 0xE7, 0x07, 0xC0, 0xE7, 0x0E, 0xE0, 0xE7, 0x0E, 0xF0,
    0xE7, 0x1E, 0x78, 0xE7, 0x3C, 0x3C, 0xE7, 0x78, 0x3E, 0xE7, 0x78, 0x1C, 0xE7, 0x20, 0x00, 0xE7,
    0x00, 0x00, 0xE7, 0x00, 0x00, 0xE7, 0x00, 0x00, 0xE7, 0x00, 0x00, 0xE7, 0x00, 0x00, 0x07, 0x00,
    0x1C, 0x00, 0x00, 0x0E, 0x00, 0x00, 0x07, 0x00, 0x03, 0xFF, 0xFF, 0x83, 0xFF, 0xFF, 0xC1, 0xFF,
    0xFF, 0xE0, 0x00, 0x70, 0x00, 0x00, 0x38, 0x00, 0x00, 0x3E, 0x00, 0x00, 0x3F, 0x00, 0x00, 0x1F,
    0xC0, 0x00, 0x3E, 0xF8, 0x00, 0x7E, 0x3F, 0x01, 0xFE, 0x0F, 0xF0, 0xFC, 0x01, 0xF8, 0x78, 0x38,
    0x3C, 0x00, 0x1C, 0x00, 0x00, 0x0E, 0x00, 0x00, 0x07, 0x00, 0x00, 0x03, 0x80, 0x00, 0x01, 0xC0,
    0x07, 0xFF, 0xFF, 0xFF, 0xFF, 0xFF, 0xFE, 0x00, 0x00, 0x00, 0x00, 0x00, 0x00, 0x00, 0x0E, 0x00,
    0x00, 0x07, 0x00, 0x03, 0xFF, 0xFF, 0x81, 0xFF, 0xFF, 0xC0, 0xFF, 0xFF, 0xE0, 0x00, 0xF8, 0x00,
    0x00, 0x7C, 0x00, 0x00, 0xFF, 0x80, 0x03, 0xFB, 0xF8, 0x0F, 0xF0, 0x7F, 0x87, 0xE3, 0x8F, 0xC0,
    0x01, 0xC0, 0x00, 0x00, 0xE0, 0x03, 0xFF, 0xFF, 0xFF, 0xFF, 0xFF, 0xFF, 0x7F, 0xFF, 0xFF, 0x00,
    0x00, 0x00, 0x00, 0x00, 0x00, 0x00, 0x7F, 0xF8, 0x00, 0xFF, 0xFF, 0x00, 0xF8, 0x07, 0xC0, 0x70,
    0x00, 0xE0, 0x38, 0x00, 0x70, 0x1F, 0x81, 0xF8, 0x07, 0xFF, 0xF8, 0x00, 0x7F, 0xF0, 0x00, 0x00,
    0xE0, 0x0E, 0x01, 0xC0, 0x1C, 0x03, 0x80, 0x38, 0x07, 0x00, 0x73, 0xFF, 0xF8, 0xE7, 0xFF, 0xF1,
    0xCF, 0xFF, 0xE3, 0x80, 0x70, 0x07, 0x00, 0xE0, 0x0E, 0x03, 0xE0, 0x1C, 0x07, 0xE0, 0x38, 0x1D,
    0xE0, 0x70, 0xFB, 0xE0, 0xE7, 0xE3, 0xF1, 0xCF, 0x81, 0xE3, 0x9C, 0x71, 0xC7, 0x00, 0xE0, 0x0E,
    0x01, 0xC0, 0x1C, 0x03, 0x80, 0x38, 0x07, 0x1E, 0x77, 0xFF, 0xFC, 0xEF, 0xFF, 0xF9, 0xDF, 0xC0,
    0x03, 0x80, 0x00, 0x07, 0x00, 0x00, 0x0E, 0x00, 0x00, 0x1C, 0x00, 0x00, 0x38, 0x00, 0x00, 0x00,
    0x00, 0x0E, 0x00, 0x00, 0x07, 0x00, 0x00, 0x03, 0x80, 0x01, 0xFF, 0xFF, 0xC0, 0xFF, 0xFF, 0xE0,
    0x00, 0x70, 0x00, 0x00, 0x7C, 0x00, 0x00, 0x3E, 0x00, 0x00, 0x3F, 0x80, 0x00, 0x3D, 0xE0, 0x00,
    0x7C, 0x7C, 0x03, 0xFC, 0x1F, 0xE1, 0xFC, 0x07, 0xF0, 0xF0, 0x00, 0x70, 0x00, 0x00, 0x00, 0x00,
    0x00, 0x00, 0x7F, 0xFF, 0xFF, 0xFF, 0xFF, 0xFF, 0xEF, 0xFF, 0xFF, 0xE0, 0x01, 0xC0, 0x00, 0x00,
    0xE0, 0x00, 0x00, 0x70, 0x00, 0x00, 0x38, 0x00, 0x00, 0x1C, 0x00, 0x00, 0x0E, 0x00, 0x00, 0x07,
    0x00, 0x00, 0x00, 0x00, 0x00, 0x00, 0x1C, 0x00, 0x00, 0x1C, 0x00, 0x3F, 0xFF, 0xFC, 0x3F, 0xFF,
    0xFC, 0x00, 0x3E, 0x00, 0x00, 0x3E, 0x00, 0x00, 0xFF, 0x80, 0x07, 0xE7, 0xF0, 0x7F, 0xC1, 0xFE,
    0x3E, 0x00, 0x7C, 0x00, 0x00, 0x00, 0xFF, 0xFF, 0xFF, 0xFF, 0xFF, 0xFF, 0xFF, 0xFF, 0xFF, 0x00,
    0x1C, 0x00, 0x00, 0x1C, 0x00, 0x1F, 0xFF, 0xF8, 0x1F, 0xFF, 0xF8, 0x00, 0x00, 0x38, 0x00, 0x00,
    0x38, 0x1F, 0xFF, 0xF8, 0x1F, 0xFF, 0xF8, 0x1C, 0x00, 0x00, 0x1C, 0x00, 0x00, 0x1F, 0xFF, 0xFC,
    0x1F, 0xFF, 0xFC, 0x00, 0x00, 0x00, 0x00, 0x0E, 0x00, 0x00, 0x07, 0x00, 0x03, 0xFF, 0xFF, 0x81,
    0xFF, 0xFF, 0xC0, 0xFF, 0xFF, 0xE0, 0x00, 0xF8, 0x00, 0x00, 0xFE, 0x00, 0x01, 0xFF, 0xC0, 0x0F,
    0xF1, 0xFE, 0x0F, 0xF0, 0x7F, 0x87, 0xC0, 0x07, 0xC0, 0x00, 0x00, 0x07, 0xFF, 0xFF, 0xFF, 0xFF,
    0xFF, 0xFF, 0xFF, 0xFF, 0xFF, 0x00, 0x1C, 0x00, 0x00, 0x0E, 0x00, 0x00, 0x07, 0x00, 0x03, 0xFF,
    0xFF, 0x01, 0xFF, 0xFF, 0x80, 0xFF, 0xFF, 0xC0, 0x70, 0x00, 0xE0, 0x38, 0x00, 0x70, 0x1F, 0xFF,
    0xF8, 0x0F, 0xFF, 0xFC, 0x07, 0xFF, 0xFE, 0x00, 0x00, 0x00, 0x00, 0x00, 0x0E, 0x00, 0x00, 0x07,
    0x00, 0x03, 0xFF, 0xFF, 0x81, 0xFF, 0xFF, 0xC0, 0xFF, 0xFF, 0xE0, 0x00, 0xF8, 0x00, 0x00, 0x7C,
    0x00, 0x00, 0xFF, 0x80, 0x01, 0xFB, 0xF0, 0x0F, 0xF0, 0x7F, 0x87, 0xE0, 0x0F, 0xC1, 0x00, 0x00,
    0x43, 0xFF, 0xFF, 0xFB, 0xFF, 0xFF, 0xFF, 0xFF, 0xFF, 0xFF, 0x00, 0x1C, 0x00, 0x00, 0x0E, 0x00,
    0x00, 0x7F, 0xE0, 0x00, 0xFF, 0xFC, 0x00, 0xFF, 0xFF, 0x00, 0xF0, 0x03, 0xC0, 0x70, 0x00, 0xE0,
    0x3C, 0x00, 0x70, 0x1F, 0x81, 0xF8, 0x03, 0xFF, 0xF8, 0x00, 0x7F, 0xE0, 0x00, 0x00, 0xE0, 0x0E,
    0x01, 0xC0, 0x1C, 0x03, 0x80, 0x39, 0xFF, 0xFC, 0x73, 0xFF, 0xF8, 0xE7, 0xFF, 0xF1, 0xC0, 0x38,
    0x03, 0x80, 0xF8, 0x07, 0x01, 0xF0, 0x0E, 0x07, 0xF0, 0x1C, 0x1E, 0xF8, 0x39, 0xF8, 0xFC, 0x73,
    0xE0, 0xF8, 0xE3, 0x00, 0x21, 0xC0, 0x00, 0x03, 0xBF, 0xFF, 0xE7, 0x7F, 0xFF, 0xCE, 0xFF, 0xFE,
    0x1C, 0x03, 0x80, 0x38, 0x07, 0x00, 0x70, 0x0E, 0x00, 0xE0, 0x1C, 0x01, 0xC0, 0x38, 0x03, 0x80,
    0x70, 0x07, 0x00, 0xE0, 0x0E, 0x01, 0xC0, 0x1C, 0x03, 0x80, 0x38, 0x00, 0x00, 0x00, 0x00, 0x0E,
    0x00, 0x00, 0x07, 0x00, 0x03, 0xFF, 0xFF, 0x81, 0xFF, 0xFF, 0xC0, 0xFF, 0xFF, 0xE0, 0x00, 0xF0,
    0x00, 0x00, 0x7C, 0x00, 0x00, 0xFF, 0x00, 0x01, 0xFB, 0xE0, 0x0F, 0xF0, 0xFF, 0x87, 0xF0, 0x1F,
    0xC3, 0x80, 0x01, 0xC0, 0x00, 0x00, 0x03, 0xFF, 0xFF, 0xFD, 0xFF, 0xFF, 0xFE, 0xFF, 0xFF, 0xFF,
    0x00, 0x00, 0x00, 0x00, 0x00, 0x00, 0x03, 0xFF, 0xFF, 0x81, 0xFF, 0xFF, 0xC0, 0xFF, 0xFF, 0xE0,
    0x00, 0x00, 0xF0, 0x00, 0x00, 0x78, 0x00, 0x00, 0x3C, 0x00, 0x00, 0x1E, 0x00, 0x00, 0x0F, 0x00,
    0x00, 0x00, 0x1C, 0x07, 0x00, 0x70, 0x1C, 0x01, 0xC0, 0x70, 0x07, 0x01, 0xC0, 0x1D, 0xFF, 0xFC,
    0x77, 0xFF, 0xF1, 0xDF, 0xFF, 0xC7, 0x01, 0xC0, 0x1C, 0x07, 0x00, 0x70, 0x1C, 0x01, 0xC0, 0x70,
    0x07, 0x03, 0xE0, 0x1C, 0x0F, 0x80, 0x70, 0x3F, 0x01, 0xC1, 0xDC, 0x07, 0x0F, 0x78, 0x1C, 0x78,
    0xF0, 0x73, 0xC1, 0xE1, 0xDF, 0x03, 0xE7, 0x78, 0x07, 0x1D, 0x80, 0x00, 0x70, 0x00, 0x01, 0xC0,
    0x00, 0x07, 0x00, 0x00, 0x1C, 0x00, 0x00, 0x70, 0x00, 0x01, 0xC0, 0x01, 0xE0, 0x1C, 0x03, 0xC0,
    0x38, 0x07, 0x80, 0x73, 0xFF, 0xF8, 0xE7, 0xFF, 0xF1, 0xC7, 0xFF, 0xE3, 0x80, 0x78, 0x07, 0x00,
    0xF0, 0x0E, 0x01, 0xE0, 0x1C, 0x07, 0xE0, 0x38, 0x1F, 0xE0, 0x70, 0x79, 0xE0, 0xE3, 0xE1, 0xF1,
    0xCF, 0x81, 0xE3, 0x9E, 0x00, 0xC7, 0x10, 0x00, 0x0E, 0x00, 0x00, 0x00, 0x0F, 0xFF, 0xF8, 0x1F,
    0xFF, 0xF0, 0x38, 0x00, 0xE0, 0x70, 0x01, 0xC0, 0xE0, 0x03, 0x81, 0xC0, 0x07, 0x03, 0xFF, 0xFE,
    0x07, 0xFF, 0xFC, 0x0F, 0xFF, 0xF8, 0x01, 0xC0, 0x1C, 0x03, 0x80, 0x38, 0x07, 0x00, 0x71, 0xFF,
    0xF8, 0xE7, 0xFF, 0xF1, 0xCF, 0xFF, 0xE3, 0x80, 0x70, 0x07, 0x00, 0xE0, 0x0E, 0x03, 0xE0, 0x1C,
    0x07, 0xC0, 0x38, 0x1F, 0xC0, 0x70, 0x3B, 0xC0, 0xE0, 0xF3, 0xE1, 0xC7, 0xC3, 0xF3, 0x9F, 0x03,
    0xC7, 0x3C, 0x01, 0x8E, 0x20, 0x00, 0x1C, 0x00, 0x18, 0x00, 0x07, 0xFF, 0x80, 0x3F, 0xFF, 0xC0,
    0xF8, 0x07, 0xC1, 0xE0, 0x03, 0x83, 0x80, 0x07, 0x07, 0x80, 0x1E, 0x07, 0xF3, 0xF8, 0x07, 0xFF,
    0xE0, 0x03, 0xFF, 0x00, 0x00, 0x00, 0x00, 0x00, 0x00, 0x0E, 0x00, 0x00, 0x03, 0x80, 0xFF, 0xF0,
    0xE0, 0x3F, 0xFC, 0x38, 0x0F, 0xFF, 0x0E, 0x00, 0x01, 0xC3, 0x80, 0x00, 0x70, 0xE0, 0x00, 0x1C,
    0x38, 0x00, 0x0F, 0x0E, 0x00, 0xFF, 0x83, 0x81, 0xFF, 0xE0, 0xFE, 0x7F, 0xF8, 0x3F, 0x90, 0x1C,
    0x0F, 0xE0, 0x0F, 0x03, 0x80, 0x07, 0x80, 0xE0, 0x03, 0xE0, 0x38, 0x01, 0xF0, 0x0E, 0x00, 0xF8,
    0x03, 0x80, 0xFC, 0x00, 0xE0, 0x7E, 0x00, 0x38, 0x1E, 0x00, 0x0E, 0x02, 0x00, 0x03, 0x80, 0x00,
    0x00, 0xE0, 0x00, 0x00, 0x38, 0x00, 0x00, 0x0E, 0x00, 0x00, 0x03, 0x80, 0x00, 0x00, 0x0E, 0x00,
    0x07, 0x1C, 0x00, 0x0E, 0x3B, 0xFF, 0x9C, 0x77, 0xFF, 0x38, 0xE7, 0xFE, 0x71, 0xC0, 0x1C, 0xE3,
    0x80, 0x39, 0xC7, 0x00, 0xF3, 0x8E, 0xFF, 0xC7, 0x1F, 0xFF, 0x8F, 0xFF, 0xFF, 0x1F, 0xF0, 0x1C,
    0x3F, 0xE0, 0x78, 0x71, 0xC0, 0xE0, 0xE3, 0x83, 0xC1, 0xC7, 0x0F, 0x03, 0x8E, 0x3C, 0x07, 0x1D,
    0xF0, 0x0E, 0x3F, 0xC0, 0x1C, 0x76, 0x00, 0x38, 0xE0, 0x00, 0x71, 0xC0, 0x00, 0xE3, 0x80, 0x01,
    0xC7, 0x00, 0x03, 0x8E, 0x00, 0x07, 0x1C, 0x00, 0x00, 0x00, 0x00, 0x03, 0x8E, 0x00, 0x03, 0x8E,
    0x7F, 0xF3, 0x8E, 0x7F, 0xF3, 0x8E, 0x3F, 0xF3, 0x8E, 0x00, 0x73, 0x8E, 0x00, 0xF3, 0x8E, 0x7F,
    0xE3, 0x8E, 0xFF, 0xE3, 0xFE, 0x7F, 0xC3, 0xFE, 0x03, 0xC3, 0x8E, 0x07, 0x83, 0x8E, 0x0F, 0x03,
    0x8E, 0x1E, 0x03, 0x8E, 0x7C, 0x03, 0x8E, 0x78, 0x03, 0x8E, 0x60, 0x03, 0x8E, 0x07, 0x03, 0x8E,
    0x07, 0x03, 0x8E, 0x07, 0x00, 0x0E, 0x07, 0x00, 0x00, 0x07, 0x00, 0x00, 0x07, 0x00, 0x00, 0x07,
    0xFF, 0xFE, 0x07, 0xFF, 0xFF, 0x07, 0xFF, 0xFF, 0x00, 0x00, 0x0C, 0x00, 0x00, 0x3C, 0x00, 0x00,
    0x79, 0xFF, 0xE0, 0xF3, 0xFF, 0xC1, 0xE7, 0xFF, 0x83, 0xC0, 0x07, 0x07, 0x80, 0x0E, 0x0F, 0x00,
    0x3C, 0x1E, 0x00, 0x70, 0x3D, 0xFF, 0xE0, 0x7B, 0xFF, 0xDF, 0xF7, 0xF7, 0xBF, 0xE0, 0x0E, 0x7F,
    0xC0, 0x3C, 0x07, 0x80, 0xF0, 0x0F, 0x03, 0xC0, 0x1E, 0x0F, 0x00, 0x3C, 0x3C, 0x00, 0x79, 0xF0,
    0x00, 0xF7, 0xC0, 0x01, 0xEF, 0x00, 0x03, 0xC8, 0x00, 0x07, 0x80, 0x00, 0x0F, 0x00, 0x00, 0x1E,
    0x00, 0x00, 0x3C, 0x00, 0x00, 0x78, 0x00, 0x00, 0x00, 0x00, 0x00, 0x1E, 0x3F, 0xFC, 0x1E, 0x3F,
    0xFC, 0x1E, 0x1F, 0xFC, 0x1E, 0x00, 0x1C, 0x1E, 0x01, 0xFC, 0x1E, 0x7F, 0xFB, 0xFE, 0x7F, 0xFB,
    0xFE, 0x00, 0xF0, 0x1E, 0x01, 0xE0, 0x1E, 0x07, 0xC0, 0x1E, 0x3F, 0x80, 0x1E, 0x7E, 0x00, 0x1E,
    0x78, 0x00, 0x0C, 0x07, 0xFF, 0xFC, 0x07, 0xFF, 0xFE, 0x07, 0xFF, 0xFE, 0x00, 0x00, 0x1E, 0x00,
    0x00, 0x1E, 0x07, 0xFF, 0xFE, 0x07, 0xFF, 0xFE, 0x07, 0x00, 0x00, 0x07, 0x00, 0x00, 0x07, 0x00,
    0x00, 0x07, 0xFF, 0xFE, 0x07, 0xFF, 0xFE, 0x00, 0x00, 0x00, 0x00, 0x00, 0x3C, 0xFF, 0xF0, 0x79,
    0xFF, 0xE0, 0xF3, 0xFF, 0xC1, 0xE0, 0x03, 0x83, 0xC0, 0x0F, 0x07, 0x9F, 0xFD, 0xFF, 0x7F, 0xFB,
    0xFE, 0xFD, 0xE7, 0xFC, 0x03, 0xC0, 0x78, 0x1F, 0x00, 0xF0, 0x7C, 0x01, 0xE7, 0xF0, 0x03, 0xDF,
    0x80, 0x07, 0xBE, 0x00, 0x0F, 0x20, 0x00, 0x00, 0x0F, 0xFF, 0xF8, 0x1F, 0xFF, 0xF8, 0x3F, 0xFF,
    0xF0, 0x70, 0x01, 0xE0, 0xE0, 0x03, 0xC1, 0xC0, 0x07, 0x83, 0x80, 0x0F, 0x07, 0xFF, 0xFE, 0x0F,
    0xFF, 0xFC, 0x1F, 0xFF, 0xF8, 0x00, 0x00, 0x00, 0x00, 0x00, 0x3C, 0x00, 0x00, 0x79, 0xFF, 0xE0,
    0xF3, 0xFF, 0xC1, 0xE7, 0xFF, 0x83, 0xC0, 0x07, 0x07, 0x80, 0x0E, 0x0F, 0x00, 0x3F, 0xFE, 0x00,
    0x7F, 0xFD, 0xFF, 0xFF, 0xFB, 0xFF, 0xC0, 0xF7, 0xFF, 0x81, 0xE0, 0x0E, 0x03, 0xC0, 0x3C, 0x07,
    0x80, 0xF7, 0xFF, 0x03, 0xCF, 0xFE, 0x0F, 0x0F, 0xFC, 0x3E, 0x00, 0x79, 0xF0, 0x00, 0xF7, 0xC0,
    0x01, 0xEF, 0x00, 0x03, 0xC8, 0x00, 0x07, 0x80, 0x00, 0x0F, 0x00, 0x00, 0x1E, 0x00, 0x00, 0x3C,
    0x00, 0x00, 0x78, 0x1F, 0xFF, 0xFC, 0x0F, 0xFF, 0xFE, 0x07, 0xFF, 0xFF, 0x00, 0x00, 0x07, 0x80,
    0x00, 0x03, 0xC0, 0x00, 0x01, 0xE0, 0x00, 0x01, 0xE0, 0x7F, 0xFF, 0xF0, 0x3F, 0xFF, 0xF8, 0x1F,
    0xE0, 0x1C, 0x00, 0x00, 0x0E, 0x00, 0x0E, 0x07, 0x00, 0x07, 0x07, 0x80, 0x03, 0x83, 0xC0, 0x01,
    0xC0, 0xC0, 0x00, 0xE0, 0x00, 0x00, 0x70, 0x00, 0x00, 0x38, 0x00, 0x3F, 0xFF, 0xFF, 0xDF, 0xFF,
    0xFF, 0xEF, 0xFF, 0xFF, 0xF0, 0x1F, 0xFF, 0xF8, 0x0F, 0xFF, 0xFE, 0x07, 0xFF, 0xFF, 0x00, 0x00,
    0x03, 0x80, 0x00, 0x01, 0xC0, 0x00, 0x00, 0xE0, 0x00, 0x00, 0x70, 0x00, 0x00, 0x78, 0x3F, 0xFF,
    0xFC, 0x1F, 0xFF, 0xFE, 0x0F, 0xF0, 0x0F, 0x00, 0x00, 0x07, 0x80, 0x00, 0x03, 0x80, 0x00, 0x01,
    0xC0, 0x00, 0x00, 0xE0, 0x00, 0x00, 0x70, 0x00, 0x00, 0x38, 0x00, 0x00, 0x00, 0x3F, 0xFF, 0xFF,
    0xDF, 0xFF, 0xFF, 0xEF, 0xFF, 0xFF, 0xF0, 0x00, 0x00, 0x00, 0x0F, 0xFF, 0xFE, 0x07, 0xFF, 0xFF,
    0x00, 0x00, 0x07, 0x80, 0x00, 0x03, 0xC0, 0x00, 0x01, 0xE0, 0xFF, 0xFF, 0xF0, 0x7F, 0xFF, 0xF0,
    0x00, 0x00, 0x38, 0x00, 0x00, 0x1C, 0x3F, 0xFF, 0xFF, 0xDF, 0xFF, 0xFF, 0xEF, 0xFF, 0xFF, 0xF0,
    0x00, 0x00, 0x00, 0x00, 0x00, 0x00, 0x3F, 0xFF, 0xF8, 0x1F, 0xFF, 0xFC, 0x00, 0x00, 0x1E, 0x00,
    0x00, 0x0F, 0x03, 0xFF, 0xFF, 0x81, 0xFF, 0xFF, 0xC0, 0xE0, 0x00, 0x00, 0x70, 0x00, 0x00, 0x38,
    0x00, 0x00, 0x1F, 0xFF, 0xFE, 0x0F, 0xFF, 0xFF, 0x00, 0x00, 0x00, 0x00, 0x0F, 0xFF, 0xFE, 0x07,
    0xFF, 0xFF, 0x00, 0x00, 0x07, 0x80, 0x00, 0x03, 0xC0, 0x00, 0x01, 0xE0, 0xFF, 0xFF, 0xE0, 0x3F,
    0xFF, 0xF0, 0x1F, 0x80, 0x38, 0x00, 0x00, 0x1C, 0x00, 0x00, 0x0E, 0x1F, 0xFF, 0xFF, 0xEF, 0xFF,
    0xFF, 0xF7, 0xFF, 0xFF, 0xF8, 0x00, 0x00, 0x00, 0x18, 0x00, 0x30, 0x1C, 0x00, 0x3C, 0x0E, 0x00,
    0x1E, 0x07, 0x80, 0x0F, 0x03, 0xFF, 0xFF, 0x81, 0xFF, 0xFF, 0xC0, 0xE0, 0x01, 0xE0, 0x70, 0x00,
    0xF0, 0x3F, 0xFF, 0xF8, 0x1F, 0xFF, 0xFC, 0x0F, 0xFF, 0xFE, 0x00, 0x00, 0x00, 0x1C, 0x00, 0x00,
    0x38, 0x00, 0x00, 0x71, 0xFF, 0xE0, 0xE3, 0xFF, 0xE1, 0xC7, 0xFF, 0x83, 0x80, 0x07, 0x07, 0x00,
    0x0E, 0x0E, 0x00, 0x1C, 0x1C, 0x00, 0x38, 0x39, 0xFF, 0xF0, 0x73, 0xFF, 0xC0, 0xE7, 0xFF, 0x81,
    0xC0, 0x0F, 0x03, 0x80, 0x3C, 0x07, 0x00, 0xF0, 0x0E, 0x01, 0xE0, 0x1C, 0x0F, 0x80, 0x38, 0x3E,
    0x00, 0x71, 0xF8, 0x00, 0xE7, 0xE0, 0x01, 0xCF, 0x00, 0x03, 0x88, 0x00, 0x07, 0x00, 0x00, 0x0E,
    0x00, 0x00, 0x1C, 0x00, 0x00, 0x38, 0x00, 0x00, 0x70, 0x00, 0x00, 0x1C, 0x7F, 0xF8, 0x38, 0xFF,
    0xF8, 0x71, 0xFF, 0xE0, 0xE0, 0x01, 0xC1, 0xC0, 0x03, 0x83, 0x9F, 0xFF, 0x07, 0x3F, 0xFC, 0x0E,
    0x7E, 0xF8, 0x1C, 0x01, 0xE0, 0x38, 0x0F, 0x80, 0x70, 0x7E, 0x00, 0xE3, 0xF8, 0x01, 0xCF, 0xC0,
    0x03, 0x8C, 0x00, 0x07, 0x03, 0x80, 0x0E, 0x07, 0x00, 0x1C, 0x0E, 0x00, 0x38, 0x1F, 0xFF, 0xF0,
    0x3F, 0xFF, 0xE0, 0x7F, 0xFF, 0xC0, 0xE0, 0x03, 0x81, 0xC0, 0x07, 0x03, 0xFF, 0xFE, 0x07, 0xFF,
    0xFC, 0x0F, 0xFF, 0xF8, 0x00, 0x00, 0x70, 0x00, 0x00, 0x38, 0x00, 0x00, 0x1C, 0x0F, 0xFF, 0x0E,
    0x07, 0xFF, 0x87, 0x03, 0xFF, 0xC3, 0x81, 0xC0, 0x01, 0xC0, 0xE0, 0x00, 0xE0, 0x70, 0x00, 0x70,
    0x38, 0x00, 0x38, 0x1F, 0xFE, 0x1C, 0x0F, 0xFF, 0x0F, 0xE7, 0xFF, 0x87, 0xF3, 0x80, 0x03, 0xF9,
    0xC0, 0x01, 0xC0, 0xE0, 0x00, 0xE0, 0x70, 0x00, 0x70, 0x38, 0x00, 0x38, 0x1C, 0x03, 0x9C, 0x0F,
    0xFF, 0xCE, 0x07, 0xFF, 0xE7, 0x03, 0xFE, 0x03, 0x80, 0x00, 0x01, 0xC0, 0x00, 0x00, 0xE0, 0x00,
    0x00, 0x70, 0x00, 0x00, 0x38, 0x00, 0x00, 0x1C, 0x00, 0x00, 0x00, 0x00, 0x00, 0x1C, 0x70, 0x00,
    0x71, 0xC0, 0x01, 0xC7, 0xFF, 0xE7, 0x1F, 0xFF, 0x9C, 0x7E, 0x00, 0x71, 0xF8, 0x01, 0xC7, 0xE0,
    0x07, 0x1F, 0x80, 0x1C, 0x7E, 0x00, 0x71, 0xFF, 0xF1, 0xFF, 0xFF, 0xC7, 0xFF, 0x80, 0x1F, 0xFE,
    0x00, 0x71, 0xF8, 0x01, 0xC7, 0xE0, 0x07, 0x1F, 0x80, 0x1C, 0x7F, 0xFF, 0x71, 0xFF, 0xFD, 0xC7,
    0xFF, 0x07, 0x1C, 0x00, 0x1C, 0x70, 0x00, 0x71, 0xC0, 0x01, 0xC7, 0x00, 0x07, 0x1C, 0x00, 0x1C,
    0x70, 0x00, 0x31, 0xC0, 0x00, 0x00, 0x00, 0x00, 0x1C, 0x77, 0xFC, 0x71, 0xFF, 0xF9, 0xC7, 0xFF,
    0xE7, 0x1F, 0x80, 0x1C, 0x7E, 0x00, 0x71, 0xF8, 0x01, 0xFF, 0xFF, 0xC7, 0xFF, 0xFF, 0x1F, 0xFE,
    0x00, 0x71, 0xF8, 0x01, 0xC7, 0xE0, 0x27, 0x1F, 0xFF, 0xDC, 0x7F, 0xFF, 0x71, 0xFF, 0x81, 0xC7,
    0x00, 0x07, 0x1C, 0x00, 0x00, 0x01, 0xFF, 0xFF, 0xC7, 0xFF, 0xFF, 0x0F, 0xFF, 0xFC, 0x00, 0x00,
    0x70, 0x00, 0x01, 0xC0, 0x00, 0x07, 0x00, 0x00, 0x1C, 0x00, 0x00, 0x70, 0x00, 0x01, 0xC0, 0x00,
    0x00, 0x00, 0x00, 0x00, 0xF0, 0x00, 0x03, 0xDF, 0xFE, 0x0F, 0x7F, 0xF8, 0x3D, 0xFF, 0xE0, 0xF7,
    0x00, 0x03, 0xDC, 0x00, 0x0F, 0x70, 0x00, 0x3D, 0xC0, 0x00, 0xF7, 0xFF, 0x7F, 0xDF, 0xFD, 0xFF,
    0x7F, 0xF7, 0xFD, 0xC0, 0x00, 0xF7, 0x00, 0x03, 0xDC, 0x00, 0x0F, 0x70, 0x00, 0x3D, 0xC0, 0x00,
    0xF7, 0x00, 0xC3, 0xDF, 0xFF, 0x0F, 0x7F, 0xFC, 0x3D, 0xFE, 0x00, 0xF0, 0x00, 0x03, 0xC0, 0x00,
    0x0F, 0x00, 0x00, 0x3C, 0x00, 0x00, 0xF0, 0x00, 0x03, 0xC0, 0x00, 0x00, 0x3D, 0xFF, 0xE0, 0xF7,
    0xFF, 0x83, 0xDF, 0xFE, 0x0F, 0x70, 0x00, 0x3D, 0xC0, 0x00, 0xF7, 0x00, 0x3F, 0xDF, 0xFD, 0xFF,
    0x7F, 0xF7, 0xFD, 0xC0, 0x00, 0xF7, 0x00, 0x03, 0xDC, 0x03, 0x0F, 0x7F, 0xFC, 0x3D, 0xFF, 0xF0,
    0xF7, 0xF8, 0x03, 0xC0, 0x00, 0x0F, 0x00, 0x00, 0x00, 0x3F, 0xFF, 0xF0, 0xFF, 0xFF, 0xC3, 0x80,
    0x0F, 0x0E, 0x00, 0x3C, 0x38, 0x00, 0xF0, 0xE0, 0x03, 0xC3, 0xFF, 0xFF, 0x0F, 0xFF, 0xFC, 0x3F,
    0xFF, 0xF0, 0x00, 0x00, 0x1C, 0x00, 0x0C, 0x70, 0x00, 0x79, 0xC0, 0x01, 0xE7, 0xFF, 0xC7, 0x9F,
    0xFF, 0x1E, 0x7E, 0x00, 0x79, 0xF8, 0x01, 0xE7, 0xE0, 0x07, 0x9F, 0x80, 0x1E, 0x7E, 0x01, 0xF9,
    0xFF, 0xEF, 0xE7, 0xFF, 0xBF, 0x9F, 0xFC, 0x1E, 0x7E, 0x00, 0x79, 0xF8, 0x01, 0xE7, 0xE0, 0x07,
    0x9F, 0x80, 0x1E, 0x7E, 0x02, 0x79, 0xFF, 0xF9, 0xE7, 0xFF, 0xE7, 0x9F, 0xF8, 0x1E, 0x70, 0x00,
    0x79, 0xC0, 0x01, 0xE7, 0x00, 0x07, 0x9C, 0x00, 0x1E, 0x70, 0x00, 0x01, 0xC0, 0x00, 0x07, 0x3B,
    0xFF, 0x1C, 0xEF, 0xFC, 0x73, 0xBF, 0xF1, 0xCE, 0xE0, 0x07, 0x3B, 0x80, 0x1C, 0xEE, 0x00, 0x73,
    0xBF, 0xEF, 0xCE, 0xFF, 0xBF, 0x3B, 0x80, 0x1C, 0xEE, 0x00, 0x73, 0xB8, 0x01, 0xCE, 0xFF, 0xE7,
    0x3B, 0xFF, 0x9C, 0xEF, 0xFC, 0x73, 0x80, 0x01, 0xCE, 0x00, 0x00, 0x38, 0x3F, 0xFF, 0xE1, 0xFF,
    0xFF, 0x87, 0xFF, 0xFE, 0x00, 0x00, 0x38, 0x00, 0x00, 0xE0, 0x00, 0x03, 0x80, 0x00, 0x0E, 0x00,
    0x00, 0x38, 0x00, 0x00, 0xE0, 0x00, 0x07, 0x1F, 0xFF, 0x1C, 0x7F, 0xFC, 0x71, 0xFF, 0xF1, 0xC7,
    0xE0, 0x07, 0x1F, 0x80, 0x1C, 0x7F, 0xFB, 0xF1, 0xFF, 0xEF, 0xC7, 0xFF, 0xBF, 0x1F, 0x80, 0x1C,
    0x7E, 0x00, 0x71, 0xF8, 0x19, 0xC7, 0xFF, 0xE7, 0x1F, 0xFF, 0x9C, 0x76, 0x00, 0x71, 0xC0, 0x01,
    0xC7, 0x00, 0x00, 0x00, 0x3F, 0xFF, 0xF0, 0xFF, 0xFF, 0xC3, 0x80, 0x07, 0x0E, 0x00, 0x1C, 0x38,
    0x00, 0x70, 0xE0, 0x01, 0xC3, 0xFF, 0xFF, 0x0F, 0xFF, 0xFC, 0x3F, 0xFF, 0xF0, 0x00, 0x00, 0x00,
    0x07, 0xFF, 0xFE, 0x03, 0xFF, 0xFF, 0x01, 0xC0, 0x00, 0x00, 0xE0, 0x00, 0x00, 0x70, 0x00, 0x00,
    0x3F, 0xFF, 0xE0, 0x1F, 0xFF, 0xF0, 0x0F, 0xFF, 0xF8, 0x07, 0x00, 0x00, 0x03, 0x80, 0x00, 0x01,
    0xC0, 0x00, 0x00, 0xFF, 0xFF, 0xC0, 0x7F, 0xFF, 0xE0, 0x3F, 0xFF, 0xF0, 0x00, 0x38, 0x00, 0x00,
    0x1C, 0x00, 0x00, 0x0E, 0x00, 0x00, 0x07, 0x00, 0x00, 0x03, 0x80, 0x07, 0xFF, 0xFF, 0xFB, 0xFF,
    0xFF, 0xFC, 0x00, 0x00, 0x00, 0x0F, 0xFF, 0xF8, 0x1F, 0xFF, 0xF8, 0x1F, 0xFF, 0xF8, 0x1C, 0x00,
    0x00, 0x1E, 0x00, 0x00, 0x1F, 0xFF, 0xF8, 0x1F, 0xFF, 0xF8, 0x1C, 0x00, 0x00, 0x1C, 0x00, 0x00,
    0x1F, 0xFF, 0xF8, 0x1F, 0xFF, 0xF8, 0x1F, 0xFF, 0xF8, 0x00, 0x1C, 0x00, 0x00, 0x1C, 0x00, 0xFF,
    0xFF, 0xFF, 0xFF, 0xFF, 0xFF, 0x7F, 0xFF, 0xFF, 0x00, 0x00, 0x00, 0x03, 0xFF, 0xC0, 0x0F, 0xFF,
    0xF0, 0x1F, 0x00, 0xF8, 0x1C, 0x00, 0x38, 0x1C, 0x00, 0x38, 0x1F, 0x81, 0xF8, 0x0F, 0xFF, 0xF0,
    0x01, 0xFF, 0xC0, 0x00, 0x00, 0x0E, 0x00, 0x00, 0x1C, 0x00, 0x00, 0x38, 0xFF, 0xFC, 0x71, 0xFF,
    0xF8, 0xE3, 0xFF, 0xE1, 0xC7, 0x00, 0x03, 0x8E, 0x00, 0x07, 0x1F, 0xFF, 0x0E, 0x3F, 0xFE, 0x1C,
    0x7F, 0xFC, 0x38, 0xE0, 0x00, 0x71, 0xC0, 0x00, 0xE3, 0xFF, 0xF1, 0xC7, 0xFF, 0xE3, 0x8F, 0xFF,
    0xC7, 0x00, 0xE0, 0x0E, 0x01, 0xC0, 0x1C, 0x03, 0x80, 0x3B, 0xFF, 0xFE, 0x77, 0xFF, 0xFC, 0xEF,
    0xFF, 0xC1, 0xC0, 0x00, 0x03, 0x80, 0x00, 0x07, 0x00, 0x00, 0x0E, 0x00, 0x00, 0x1C, 0x00, 0x00,
    0x38, 0x00, 0x00, 0x00, 0x0F, 0xFF, 0xFC, 0x07, 0xFF, 0xFE, 0x03, 0xC0, 0x00, 0x01, 0xC0, 0x00,
    0x00, 0xE0, 0x00, 0x00, 0x78, 0x00, 0x00, 0x3F, 0xFF, 0xF0, 0x1F, 0xFF, 0xF8, 0x0F, 0x00, 0x00,
    0x07, 0x00, 0x00, 0x03, 0x80, 0x00, 0x01, 0xC0, 0x00, 0x00, 0xFF, 0xFF, 0xE0, 0x7F, 0xFF, 0xF0,
    0x1F, 0xFF, 0xF0, 0x00, 0x00, 0x00, 0x00, 0x00, 0x00, 0x00, 0x00, 0x00, 0x1F, 0xFF, 0xFF, 0xEF,
    0xFF, 0xFF, 0xF7, 0xFF, 0xFF, 0xF8, 0x00, 0x00, 0x00, 0x0F, 0xFF, 0xFC, 0x07, 0xFF, 0xFE, 0x03,
    0x80, 0x00, 0x01, 0xC0, 0x00, 0x00, 0xFF, 0xFF, 0xC0, 0x7F, 0xFF, 0xE0, 0x38, 0x00, 0x00, 0x1C,
    0x00, 0x00, 0x0E, 0x00, 0x00, 0x07, 0xFF, 0xFF, 0x03, 0xFF, 0xFF, 0x80, 0x00, 0x00, 0x00, 0x00,
    0x00, 0x03, 0xFF, 0xFF, 0xFD, 0xFF, 0xFF, 0xFE, 0xFF, 0xFF, 0xFF, 0x00, 0x00, 0x00, 0x07, 0x00,
    0x00, 0x03, 0x80, 0x00, 0x01, 0xC0, 0x00, 0x00, 0xE0, 0x00, 0x00, 0x70, 0x00, 0x00, 0x3F, 0xFF,
    0xF8, 0x1F, 0xFF, 0xFC, 0x0F, 0xFF, 0xFE, 0x00, 0x00, 0x00, 0x38, 0x00, 0x00, 0xE0, 0x00, 0x03,
    0x9F, 0xFF, 0x0E, 0x7F, 0xFC, 0x39, 0xFF, 0xF0, 0xE7, 0x00, 0x03, 0x9C, 0x00, 0x0E, 0x70, 0x00,
    0x39, 0xC0, 0x00, 0xE7, 0xFF, 0x83, 0x9F, 0xFE, 0x0E, 0x7F, 0xF8, 0x39, 0xC0, 0x00, 0xE7, 0x00,
    0x03, 0x9C, 0x00, 0x0E, 0x70, 0x00, 0x39, 0xC0, 0x00, 0xE7, 0x00, 0x63, 0x9F, 0xFF, 0xCE, 0x7F,
    0xFF, 0x39, 0xFF, 0x00, 0xE0, 0x00, 0x03, 0x80, 0x00, 0x0E, 0x00, 0x00, 0x38, 0x00, 0x00, 0xE0,
    0x00, 0x03, 0x80, 0x00, 0x00, 0x39, 0xFF, 0xF0, 0xE7, 0xFF, 0xC3, 0x9F, 0xFF, 0x0E, 0x70, 0x00,
    0x39, 0xC0, 0x00, 0xE7, 0xFF, 0x83, 0x9F, 0xFE, 0x0E, 0x7F, 0xF8, 0x39, 0xC0, 0x00, 0xE7, 0x00,
    0x03, 0x9F, 0xFF, 0xCE, 0x7F, 0xFF, 0x39, 0xFF, 0xF0, 0xE0, 0x00, 0x03, 0x80, 0x00, 0x00, 0x0E,
    0x00, 0x38, 0x38, 0x00, 0xE0, 0xFF, 0xFF, 0x83, 0xFF, 0xFE, 0x0F, 0xFF, 0xF8, 0x38, 0x00, 0xE0,
    0xE0, 0x03, 0x83, 0xFF, 0xFE, 0x0F, 0xFF, 0xF8, 0x3F, 0xFF, 0xE0, 0x00, 0x00, 0x00, 0x00, 0x00,
    0xE0, 0x00, 0x03, 0x9F, 0xFF, 0x0E, 0x7F, 0xFC, 0x39, 0xC0, 0x00, 0xE7, 0x00, 0x03, 0x9C, 0x00,
    0x0E, 0x7F, 0xF8, 0x39, 0xFF, 0xE0, 0xE7, 0x00, 0x03, 0x9C, 0x00, 0x0E, 0x70, 0x02, 0x39, 0xFF,
    0xFC, 0xE7, 0xFF, 0xF3, 0x9F, 0xF0, 0x0E, 0x00, 0x00, 0x38, 0x00, 0x20, 0x00, 0x3F, 0xFC, 0x01,
    0xFF, 0xFC, 0x0F, 0x80, 0xF8, 0x78, 0x00, 0xE1, 0xE0, 0x03, 0x83, 0x80, 0x1E, 0x0F, 0xF7, 0xF8,
    0x1F, 0xFF, 0x80, 0x1F, 0xF8, 0x00, 0x00, 0x00, 0x18, 0x00, 0x00, 0x0F, 0x00, 0x00, 0x03, 0xC1,
    0xFF, 0xFE, 0xF0, 0x7F, 0xFF, 0xBC, 0x1F, 0xFF, 0xEF, 0x00, 0xE1, 0xC3, 0xC0, 0x38, 0x70, 0xF0,
    0x0E, 0x1C, 0x3C, 0x03, 0x87, 0x0F, 0x00, 0xE1, 0xC3, 0xC0, 0x38, 0x70, 0xFF, 0x0E, 0x1C, 0x3F,
    0xC3, 0x87, 0x0F, 0xF0, 0xE1, 0xC3, 0xC0, 0x38, 0x70, 0xF0, 0x0E, 0x1C, 0x3C, 0x03, 0x87, 0x0F,
    0x07, 0xFF, 0xFF, 0xC1, 0xFF, 0xFF, 0xF0, 0x7F, 0xFC, 0x3C, 0x00, 0x00, 0x0F, 0x00, 0x00, 0x03,
    0xC0, 0x00, 0x00, 0xF0, 0x00, 0x00, 0x3C, 0x00, 0x00, 0x0F, 0x00, 0x00, 0x03, 0xC0, 0x00, 0x00,
    0x00, 0x00, 0x00, 0x07, 0x00, 0x00, 0x01, 0xC0, 0xFF, 0xFC, 0x70, 0x3F, 0xFF, 0x9C, 0x0F, 0xFF,
    0xC7, 0x00, 0xE1, 0xC1, 0xC0, 0x38, 0x70, 0x70, 0x0E, 0x1C, 0x1F, 0xC3, 0x87, 0x07, 0xF0, 0xE1,
    0xC1, 0xF8, 0x38, 0x70, 0x70, 0x0E, 0x1F, 0x9C, 0x1F, 0xFF, 0xF7, 0x07, 0xFF, 0xF9, 0xC1, 0xFF,
    0x00, 0x70, 0x00, 0x00, 0x1C, 0x00, 0x01, 0x87, 0x00, 0x00, 0xF1, 0xC0, 0x00, 0x3C, 0x00, 0x00,
    0x0F, 0x00, 0x00, 0x07, 0xE0, 0x00, 0x03, 0xFC, 0x00, 0x03, 0xE7, 0xC0, 0x07, 0xF0, 0xFC, 0x07,
    0xF0, 0x1F, 0xC0, 0xF0, 0x01, 0xE0, 0x00, 0x00, 0x00, 0x00, 0x01, 0xC7, 0x00, 0x01, 0xC7, 0x7F,
    0xFD, 0xC7, 0x7F, 0xFD, 0xC7, 0x7F, 0xFD, 0xC7, 0x1C, 0x71, 0xC7, 0x1C, 0x71, 0xC7, 0x1C, 0x71,
    0xC7, 0x1C, 0x71, 0xC7, 0x1C, 0x71, 0xC7, 0x1C, 0x71, 0xFF, 0x1C, 0x71, 0xFF, 0x1C, 0x71, 0xFF,
    0x1C, 0x71, 0xC7, 0x1C, 0x71, 0xC7, 0x1C, 0x71, 0xC7, 0x1C, 0x71, 0xC7, 0x7F, 0xFD, 0xC7, 0x7F,
    0xFD, 0xC7, 0x7F, 0xF1, 0xC7, 0x00, 0x01, 0xC7, 0x00, 0x01, 0xC7, 0x00, 0x01, 0xC7, 0x00, 0x01,
    0xC7, 0x00, 0x01, 0xC7, 0x00, 0x00, 0x07, 0x00, 0x00, 0x00, 0x00, 0x03, 0x9C, 0x00, 0x07, 0x3B,
    0xFF, 0xCE, 0x77, 0xFF, 0x9C, 0xEF, 0xFF, 0x39, 0xC7, 0x38, 0x73, 0x8E, 0x70, 0xFF, 0x1C, 0xE1,
    0xFE, 0x39, 0xC3, 0xFC, 0x73, 0x87, 0x38, 0xE7, 0x0E, 0x71, 0xCE, 0x1C, 0xEF, 0xFF, 0xB9, 0xDF,
    0xFF, 0x73, 0xBF, 0xF0, 0xE7, 0x00, 0x01, 0xCE, 0x00, 0x00, 0x00, 0x1F, 0xFF, 0xF8, 0x3F, 0xFF,
    0xF0, 0x7F, 0xFF, 0xE0, 0x00, 0x01, 0xC0, 0x00, 0x03, 0x80, 0x00, 0x07, 0x00, 0x00, 0x0E, 0x00,
    0x00, 0x1C, 0x00, 0x00, 0x38, 0x00, 0x00, 0x00, 0x00, 0x00, 0x0E, 0x3F, 0xFE, 0x0E, 0x3F, 0xFF,
    0x0E, 0x3F, 0xFF, 0x0E, 0x0E, 0x38, 0x0E, 0x0E, 0x38, 0x0E, 0x0E, 0x38, 0xFE, 0x0E, 0x38, 0xFE,
    0x0E, 0x38, 0xFE, 0x0E, 0x38, 0x0E, 0x0E, 0x38, 0x0E, 0x0E, 0x3B, 0x0E, 0x7F, 0xFF, 0x8E, 0x7F,
    0xFF, 0x8E, 0x7F, 0xC0, 0x0E, 0x00, 0x00, 0x0E, 0x00, 0x00, 0x00, 0x07, 0xFF, 0xFE, 0x07, 0xFF,
    0xFE, 0x07, 0x00, 0x0E, 0x07, 0x00, 0x0E, 0x07, 0x00, 0x0E, 0x07, 0x00, 0x0E, 0x07, 0xFF, 0xFE,
    0x07, 0xFF, 0xFE, 0x07, 0xFF, 0xFE, 0x00, 0x00, 0x07, 0x00, 0x00, 0x07, 0x00, 0x00, 0xE7, 0x3F,
    0xF8, 0xE7, 0x7F, 0xFC, 0xE7, 0x7F, 0xFC, 0xE7, 0x1C, 0x70, 0xE7, 0x1C, 0x70, 0xE7, 0x1C, 0x70,
    0xE7, 0x1C, 0x70, 0xE7, 0x1C, 0x70, 0xE7, 0x1C, 0x77, 0xE7, 0x1C, 0x77, 0xE7, 0x1C, 0x77, 0xE7,
    0x1C, 0x70, 0xE7, 0x1C, 0x70, 0xE7, 0x1C, 0x70, 0xE7, 0x1C, 0x70, 0xE7, 0x7F, 0xFC, 0xE7, 0x7F,
    0xFE, 0xE7, 0x7F, 0xE0, 0xE7, 0x00, 0x00, 0xE7, 0x00, 0x00, 0xE7, 0x00, 0x00, 0xE7, 0x00, 0x00,
    0xE7, 0x00, 0x00, 0xE7, 0x00, 0x00, 0xE7, 0x00, 0x00, 0x00, 0x00, 0x00, 0x71, 0xC0, 0x00, 0x1C,
    0x71, 0xFF, 0xE7, 0x1C, 0x7F, 0xF9, 0xC7, 0x0F, 0xFE, 0x71, 0xC1, 0xCE, 0x1C, 0x70, 0x73, 0x87,
    0x1C, 0x1C, 0xEF, 0xC7, 0x07, 0x3B, 0xF1, 0xC1, 0xCE, 0x7C, 0x70, 0x73, 0x87, 0x1C, 0x1C, 0xE1,
    0xC7, 0x1F, 0xFF, 0x71, 0xC7, 0xFF, 0xDC, 0x71, 0xFF, 0x87, 0x1C, 0x00, 0x01, 0xC7, 0x00, 0x00,
    0x01, 0xC0, 0x00, 0xF0, 0x70, 0x00, 0x3C, 0x00, 0x00, 0x0F, 0x00, 0x00, 0x07, 0xE0, 0x00, 0x03,
    0xFC, 0x00, 0x03, 0xE7, 0xC0, 0x03, 0xF0, 0xFE, 0x03, 0xF8, 0x0F, 0xE0, 0x78, 0x00, 0xF8, 0x00,
    0x00, 0x00, 0x00, 0x00, 0x00, 0x00, 0x00, 0x0E, 0x00, 0x00, 0x0E, 0x3F, 0xFF, 0x0E, 0x3F, 0xFF,
    0x0E, 0x0E, 0x38, 0x7E, 0x0E, 0x38, 0xFE, 0x0E, 0x38, 0xFE, 0x0E, 0x38, 0x0E, 0x0E, 0x38, 0x0E,
    0x0E, 0x38, 0x0E, 0x0E, 0x38, 0xFE, 0x0E, 0x38, 0xFE, 0x0E, 0x38, 0x0E, 0x7F, 0xFF, 0x8E, 0x7F,
    0xFF, 0x8E, 0x7F, 0xFC, 0x0E, 0x00, 0x00, 0x0E, 0x00, 0x00, 0x0E, 0x03, 0x80, 0x0E, 0x03, 0x80,
    0x0E, 0x03, 0x80, 0x00, 0x03, 0x80, 0x00, 0x03, 0x80, 0x00, 0x03, 0xFF, 0xFF, 0x07, 0xFF, 0xFF,
    0x03, 0xFF, 0xFF, 0x00, 0x00, 0x0E, 0x3F, 0xFE, 0x0E, 0x3F, 0xFF, 0x0E, 0x3F, 0xFF, 0x0E, 0x0E,
    0x38, 0xFE, 0x0E, 0x38, 0xFE, 0x0E, 0x38, 0xFE, 0x0E, 0x38, 0x0E, 0x0E, 0x38, 0x0E, 0x0E, 0x38,
    0xFE, 0x0E, 0x38, 0xFE, 0x0E, 0x39, 0xFE, 0x7F, 0xFF, 0x8E, 0x7F, 0xFF, 0x8E, 0x7F, 0xE0, 0x0E,
    0x00, 0x00, 0x0E, 0x00, 0x00, 0x00, 0x00, 0x7F, 0xF0, 0x01, 0xFF, 0xFC, 0x03, 0xC0, 0x3E, 0x07,
    0x80, 0x0E, 0x07, 0x00, 0x0E, 0x07, 0x80, 0x0E, 0x03, 0xE0, 0x7E, 0x01, 0xFF, 0xFC, 0x00, 0x7F,
    0xE0, 0x00, 0x00, 0x00, 0x1F, 0xFF, 0xFE, 0x0F, 0xFF, 0xFF, 0x07, 0xFF, 0xFF, 0x80, 0x38, 0x1C,
    0x00, 0x1C, 0x0E, 0x00, 0x0E, 0x07, 0x00, 0x07, 0x03, 0x80, 0x03, 0x81, 0xC0, 0x01, 0xC0, 0xE0,
    0x00, 0xE0, 0x70, 0x00, 0x70, 0x38, 0x03, 0xFF, 0xFF, 0xC1, 0xFF, 0xFF, 0xE0, 0x00, 0x70, 0x00,
    0x00, 0x38, 0x00, 0x00, 0x1C, 0x00, 0x00, 0x0E, 0x00, 0x00, 0x07, 0x00, 0x00, 0x03, 0x80, 0x0F,
    0xFF, 0xFF, 0xF7, 0xFF, 0xFF, 0xF9, 0xFF, 0xFF, 0xFC, 0x00, 0x00, 0x00, 0x1F, 0xFF, 0xFE, 0x0F,
    0xFF, 0xFF, 0x00, 0x78, 0x38, 0x00, 0x38, 0x1C, 0x00, 0x1C, 0x0E, 0x00, 0x0E, 0x07, 0x00, 0x07,
    0x03, 0x80, 0x1F, 0xFF, 0xF8, 0x0F, 0xFF, 0xFE, 0x07, 0xFF, 0xFF, 0x00, 0x03, 0x80, 0x00, 0x01,
    0xC0, 0x00, 0x00, 0xE0, 0x03, 0xFF, 0xFF, 0xFD, 0xFF, 0xFF, 0xFE, 0x7F, 0xFF, 0xFF, 0x00, 0x00,
    0x00, 0x07, 0x00, 0x00, 0x03, 0x80, 0x00, 0x01, 0xC0, 0x00, 0x00, 0xE0, 0x00, 0x00, 0x70, 0x00,
    0x00, 0x3F, 0xFF, 0xF0, 0x1F, 0xFF, 0xF8, 0x0F, 0xFF, 0xFC, 0x00, 0x00, 0x00, 0x00, 0x1F, 0xFF,
    0xFE, 0x0F, 0xFF, 0xFF, 0x00, 0x70, 0x38, 0x00, 0x38, 0x1C, 0x00, 0x1C, 0x0E, 0x00, 0x0E, 0x07,
    0x00, 0x3F, 0xFF, 0xF8, 0x1F, 0xFF, 0xFC, 0x0F, 0xFF, 0xFE, 0x00, 0x07, 0x00, 0x00, 0x03, 0x80,
    0x0F, 0xFF, 0xFF, 0xF7, 0xFF, 0xFF, 0xF8, 0x00, 0x00, 0x00, 0x00, 0x00, 0x00, 0x1F, 0xFF, 0xF8,
    0x0F, 0xFF, 0xFC, 0x00, 0x00, 0x0E, 0x00, 0x00, 0x07, 0x01, 0xFF, 0xFF, 0x80, 0xFF, 0xFF, 0xC0,
    0x70, 0x00, 0x00, 0x38, 0x00, 0x00, 0x1F, 0xFF, 0xFC, 0x0F, 0xFF, 0xFE, 0x00, 0x00, 0x00, 0x00,
    0x1F, 0xFF, 0xFE, 0x0F, 0xFF, 0xFF, 0x07, 0xFF, 0xFF, 0x80, 0x38, 0x1E, 0x00, 0x1C, 0x0F, 0x00,
    0x0E, 0x07, 0x80, 0x07, 0x03, 0xC0, 0x03, 0x81, 0xE0, 0x01, 0xC0, 0xF0, 0x00, 0xE0, 0x78, 0x07,
    0xFF, 0xFF, 0x83, 0xFF, 0xFF, 0xC1, 0xFF, 0xFF, 0xE0, 0x0F, 0x07, 0x00, 0x07, 0x83, 0x80, 0x03,
    0xC1, 0xC0, 0x01, 0xE0, 0xE0, 0x00, 0xF0, 0x70, 0x00, 0x78, 0x38, 0x0F, 0xFF, 0xFF, 0xFF, 0xFF,
    0xFF, 0xFD, 0xFF, 0xFF, 0xFC, 0x00, 0x00, 0x00, 0x1F, 0xFF, 0xFE, 0x0F, 0xFF, 0xFF, 0x07, 0xFF,
    0xFF, 0x80, 0x38, 0x1E, 0x00, 0x1C, 0x0F, 0x00, 0x0E, 0x07, 0x80, 0x07, 0x03, 0xC0, 0x03, 0x81,
    0xE0, 0x01, 0xC0, 0xF0, 0x00, 0xE0, 0x78, 0x00, 0x70, 0x3C, 0x03, 0xFF, 0xFF, 0xC1, 0xFF, 0xFF,
    0xE0, 0xFF, 0xFF, 0xF0, 0x00, 0x00, 0x00, 0x00, 0x00, 0x00, 0x00, 0x00, 0x00, 0x00, 0x00, 0x00,
    0x1F, 0xFF, 0xFF, 0xEF, 0xFF, 0xFF, 0xF7, 0xFF, 0xFF, 0xF8, 0x00, 0x00, 0x00, 0x1F, 0xFF, 0xFE,
    0x0F, 0xFF, 0xFF, 0x03, 0xFF, 0xFF, 0x80, 0x38, 0x1E, 0x00, 0x1C, 0x0F, 0x00, 0x0E, 0x07, 0x80,
    0x07, 0x03, 0xC0, 0x03, 0xC1, 0xE0, 0x0F, 0xFF, 0xFE, 0x07, 0xFF, 0xFF, 0x00, 0x00, 0x00, 0x00,
    0x00, 0x00, 0x00, 0x00, 0x00, 0x03, 0xFF, 0xFF, 0xFD, 0xFF, 0xFF, 0xFE, 0x00, 0x00, 0x00, 0x00,
    0x00, 0x00, 0x07, 0x00, 0x00, 0x03, 0xC0, 0x00, 0x01, 0xE0, 0x00, 0x00, 0xF0, 0x00, 0x00, 0x78,
    0x00, 0x00, 0x3F, 0xFF, 0xF8, 0x1F, 0xFF, 0xFC, 0x0F, 0xFF, 0xFE, 0x00, 0x00, 0x00, 0x00, 0x1F,
    0xFF, 0xFE, 0x0F, 0xFF, 0xFF, 0x00, 0x70, 0x3C, 0x00, 0x38, 0x1E, 0x00, 0x1C, 0x0F, 0x00, 0x0E,
    0x07, 0x80, 0x3F, 0xFF, 0xF8, 0x1F, 0xFF, 0xFC, 0x00, 0x00, 0x00, 0x00, 0x00, 0x00, 0x1F, 0xFF,
    0xFF, 0xEF, 0xFF, 0xFF, 0xF7, 0xFF, 0xFF, 0xF8, 0x00, 0x00, 0x00, 0x00, 0x00, 0x00, 0x1F, 0xFF,
    0xFC, 0x0F, 0xFF, 0xFE, 0x00, 0x00, 0x0F, 0x00, 0x00, 0x07, 0x81, 0xFF, 0xFF, 0xC0, 0xFF, 0xFF,
    0xE0, 0x70, 0x00, 0x00, 0x38, 0x00, 0x00, 0x1F, 0xFF, 0xFC, 0x0F, 0xFF, 0xFE, 0x00, 0x00, 0x00,
    0x0E, 0x00, 0x00, 0x1C, 0x00, 0x00, 0x3B, 0xFF, 0xFC, 0x77, 0xFF, 0xF8, 0xEF, 0xFF, 0xF1, 0xC3,
    0x87, 0x03, 0x87, 0x0E, 0x07, 0x0E, 0x1C, 0x0E, 0x1C, 0x38, 0x1C, 0x38, 0x70, 0x38, 0x70, 0xE0,
    0x70, 0xE1, 0xC0, 0xE1, 0xC3, 0x81, 0xC3, 0x87, 0x03, 0x87, 0x0E, 0x07, 0x0E, 0x1C, 0x0E, 0x1C,
    0x38, 0x1D, 0xFF, 0xFF, 0x3B, 0xFF, 0xFE, 0x77, 0xFF, 0xC0, 0xE0, 0x00, 0x01, 0xC0, 0x00, 0x03,
    0x80, 0x00, 0x07, 0x00, 0x00, 0x0E, 0x00, 0x00, 0x1C, 0x00, 0x00, 0x38, 0x00, 0x00, 0x1C, 0x7F,
    0xFE, 0x39, 0xFF, 0xFC, 0x71, 0xFF, 0xF8, 0xE0, 0xE1, 0xC1, 0xC1, 0xC3, 0x83, 0x83, 0x87, 0x07,
    0x07, 0x0E, 0x0E, 0x0E, 0x1C, 0x1C, 0x1C, 0x38, 0x39, 0xFF, 0xFF, 0x73, 0xFF, 0xFE, 0xE7, 0xFF,
    0x01, 0xC0, 0x00, 0x03, 0x80, 0x00, 0x00, 0x03, 0xFF, 0xFE, 0x07, 0xFF, 0xFC, 0x00, 0x00, 0x38,
    0x00, 0x00, 0x70, 0x3F, 0xFF, 0xE0, 0x7F, 0xFF, 0xC0, 0xE0, 0x00, 0x01, 0xC0, 0x00, 0x03, 0x80,
    0x00, 0x07, 0xFF, 0xFE, 0x0F, 0xFF, 0xFC, 0x00, 0x00, 0x1C, 0x00, 0x00, 0x38, 0xFF, 0xFC, 0x73,
    0xFF, 0xF8, 0xE3, 0xFF, 0xF1, 0xC1, 0xC3, 0x83, 0x83, 0x87, 0x07, 0x07, 0x0E, 0x0E, 0x0E, 0x1C,
    0x1C, 0x1C, 0x38, 0x38, 0x38, 0x70, 0x70, 0x70, 0xFC, 0xE7, 0xFF, 0xF9, 0xCF, 0xFF, 0xF3, 0x8F,
    0x00, 0x07, 0x00, 0x00, 0x0E, 0x00, 0x00, 0x00, 0x01, 0xFF, 0xC0, 0x0F, 0xFF, 0xE0, 0x3E, 0x03,
    0xE0, 0x70, 0x01, 0xC1, 0xE0, 0x03, 0x81, 0xC0, 0x07, 0x03, 0xF0, 0x7E, 0x03, 0xFF, 0xF8, 0x01,
    0xFF, 0x80, 0x00, 0x00, 0x00, 0x00, 0x70, 0x07, 0x00, 0x1C, 0x01, 0xC0, 0x07, 0x00, 0x70, 0x01,
    0xC0, 0x1C, 0x1F, 0xFF, 0xC7, 0x07, 0xFF, 0xF1, 0xC1, 0xFF, 0xFC, 0x70, 0x00, 0x00, 0x1C, 0x00,
    0xF8, 0x07, 0x00, 0xFF, 0x81, 0xC0, 0x7F, 0xF0, 0x7F, 0x1C, 0x1C, 0x1F, 0xCF, 0x03, 0x87, 0xF3,
    0x80, 0xE1, 0xC0, 0xE0, 0x38, 0x70, 0x38, 0x0E, 0x1C, 0x0F, 0x07, 0x87, 0x01, 0xE3, 0xC1, 0xC0,
    0x3F, 0xF0, 0x70, 0x07, 0xF0, 0x1C, 0x00, 0x70, 0x07, 0x00, 0x00, 0x01, 0xC0, 0x00, 0x00, 0x70,
    0x00, 0x00, 0x1C, 0x00, 0x00, 0x07, 0x00, 0x00, 0x01, 0xC0, 0x00, 0x00, 0x00, 0x00, 0xE0, 0x1C,
    0x00, 0x70, 0x0E, 0x00, 0x38, 0x07, 0x0F, 0xFF, 0xF3, 0x87, 0xFF, 0xF9, 0xC0, 0x00, 0x00, 0xE0,
    0x03, 0x80, 0x70, 0x0F, 0xF8, 0x38, 0x0F, 0xFE, 0x1F, 0xCF, 0x8F, 0x8F, 0xE7, 0x01, 0xC7, 0xF3,
    0x80, 0xE3, 0x81, 0xC0, 0x71, 0xC0, 0xF0, 0xF8, 0xE0, 0x3F, 0xF8, 0x70, 0x0F, 0xF8, 0x38, 0x00,
    0x00, 0x1C, 0x00, 0x00, 0x0E, 0x01, 0xE0, 0x07, 0x00, 0xF0, 0x03, 0x80, 0x78, 0x00, 0x00, 0x3C,
    0x00, 0x00, 0x1E, 0x00, 0x00, 0x0F, 0xFF, 0xFC, 0x07, 0xFF, 0xFE, 0x03, 0xFF, 0xFF, 0x00, 0x01,
    0xC0, 0x00, 0x00, 0xE0, 0x1C, 0x00, 0x70, 0x0E, 0x1F, 0xFF, 0xE7, 0x0F, 0xFF, 0xF3, 0x80, 0x00,
    0x01, 0xC0, 0x0F, 0x80, 0xE0, 0x1F, 0xF0, 0x7F, 0x1F, 0xFC, 0x3F, 0x9E, 0x0F, 0x1F, 0xCE, 0x03,
    0x8E, 0x07, 0x01, 0xC7, 0x03, 0xE3, 0xE3, 0x80, 0xFF, 0xE1, 0xC0, 0x1F, 0xC0, 0xE0, 0x00, 0x00,
    0x70, 0x00, 0x00, 0x00, 0x07, 0xFF, 0xFC, 0x03, 0xFF, 0xFE, 0x00, 0x00, 0x07, 0x00, 0x00, 0x03,
    0x80, 0x7F, 0xFF, 0xC0, 0x3F, 0xFF, 0xE0, 0x1C, 0x00, 0x00, 0x0E, 0x00, 0x00, 0x07, 0xFF, 0xFE,
    0x03, 0xFF, 0xFF, 0x00, 0x01, 0xC0, 0x38, 0x00, 0xE0, 0x1C, 0x00, 0x70, 0x0E, 0x1F, 0xFF, 0xE7,
    0x0F, 0xFF, 0xF3, 0x80, 0x00, 0x01, 0xC0, 0x1F, 0xC0, 0xFE, 0x3F, 0xF8, 0x7F, 0x3E, 0x3C, 0x3F,
    0x9C, 0x07, 0x1C, 0x0E, 0x03, 0x8E, 0x07, 0x01, 0xC7, 0x03, 0xC3, 0xE3, 0x80, 0xFF, 0xE1, 0xC0,
    0x1F, 0xC0, 0xE0, 0x00, 0x00, 0x70, 0x00, 0x00, 0x00, 0x07, 0xFF, 0xFC, 0x03, 0xFF, 0xFE, 0x01,
    0xFF, 0xFF, 0x00, 0xF0, 0x03, 0x80, 0x78, 0x01, 0xC0, 0x3C, 0x00, 0xE0, 0x1F, 0xFF, 0xF0, 0x0F,
    0xFF, 0xF8, 0x07, 0xFF, 0xFC, 0x00, 0x01, 0xC0, 0x38, 0x00, 0xE0, 0x1C, 0x00, 0x70, 0x0E, 0x1F,
    0xFF, 0xE7, 0x0F, 0xFF, 0xF3, 0x83, 0xFF, 0xF9, 0xC0, 0x00, 0x00, 0xE0, 0x1F, 0xF0, 0x7F, 0x1F,
    0xFC, 0x3F, 0x9F, 0x1F, 0x1F, 0xCE, 0x03, 0x8E, 0x07, 0x01, 0xC7, 0x03, 0x80, 0xE3, 0x81, 0xF1,
    0xE1, 0xC0, 0x7F, 0xF0, 0xE0, 0x0F, 0xE0, 0x70, 0x00, 0x00, 0x00, 0x07, 0x00, 0x1C, 0x03, 0xC0,
    0x0E, 0x01, 0xE0, 0x07, 0x00, 0xFF, 0xFF, 0x80, 0x7F, 0xFF, 0xC0, 0x3C, 0x00, 0xE0, 0x1E, 0x00,
    0x70, 0x0F, 0xFF, 0xF8, 0x07, 0xFF, 0xFC, 0x03, 0xFF, 0xFE, 0x00, 0x00, 0x00, 0x00, 0x00, 0xE0,
    0x1C, 0x00, 0x70, 0x0E, 0x00, 0x38, 0x07, 0x0F, 0xFF, 0xF3, 0x87, 0xFF, 0xF9, 0xC0, 0x00, 0x00,
    0xE0, 0x0F, 0xE0, 0x70, 0x0F, 0xF8, 0x3F, 0x8F, 0x1E, 0x1F, 0xCF, 0x07, 0x8F, 0xE7, 0x01, 0xC7,
    0x03, 0x80, 0xE3, 0x81, 0xC0, 0xF1, 0xC0, 0x78, 0xF0, 0xE0, 0x1F, 0xF0, 0x70, 0x07, 0xF0, 0x38,
    0x00, 0x00, 0x1C, 0x00, 0x07, 0x8E, 0x00, 0x03, 0xC0, 0x00, 0x01, 0xE0, 0x00, 0x01, 0xF8, 0x00,
    0x01, 0xFE, 0x00, 0x03, 0xE7, 0xC0, 0x0F, 0xE1, 0xFC, 0x0F, 0xE0, 0x3F, 0x03, 0x80, 0x07, 0x00,
    0x00, 0x00, 0x00, 0x00, 0x00, 0x00, 0x00, 0x70, 0x07, 0x00, 0x1C, 0x03, 0xC0, 0x07, 0x00, 0xF0,
    0xFF, 0xFF, 0x3C, 0x3F, 0xFF, 0xCF, 0x00, 0x00, 0x03, 0xC0, 0x0F, 0x80, 0xF0, 0x0F, 0xF8, 0x3F,
    0xC7, 0xFF, 0x0F, 0xF3, 0xC1, 0xE3, 0xF8, 0xE0, 0x38, 0xF0, 0x38, 0x0E, 0x3C, 0x0F, 0x07, 0x8F,
    0x01, 0xFF, 0xC3, 0xC0, 0x1F, 0xC0, 0xF0, 0x00, 0x00, 0x3C, 0x00, 0x00, 0x07, 0x00, 0x0F, 0xFC,
    0x00, 0x0F, 0xFF, 0xC0, 0x07, 0xF3, 0xF8, 0x03, 0xC0, 0x0F, 0x00, 0xE0, 0x01, 0xC0, 0x3C, 0x00,
    0xF0, 0x07, 0xC0, 0xF8, 0x00, 0xFF, 0xFC, 0x00, 0x0F, 0xFC, 0x00, 0x00, 0x00, 0x00, 0x03, 0x81,
    0xC7, 0x03, 0x81, 0xC7, 0x03, 0x81, 0xC7, 0x03, 0x81, 0xC7, 0x7F, 0xFD, 0xC7, 0x7F, 0xFD, 0xC7,
    0x7F, 0xFD, 0xC7, 0x00, 0x01, 0xC7, 0x07, 0xC1, 0xC7, 0x0F, 0xF1, 0xC7, 0x1F, 0xF9, 0xC7, 0x3C,
    0x39, 0xFF, 0x38, 0x3D, 0xFF, 0x38, 0x1D, 0xFF, 0x38, 0x1D, 0xC7, 0x38, 0x1D, 0xC7, 0x3C, 0x3D,
    0xC7, 0x1E, 0x79, 0xC7, 0x1F, 0xF9, 0xC7, 0x0F, 0xF1, 0xC7, 0x03, 0x81, 0xC7, 0x00, 0x01, 0xC7,
    0x00, 0x01, 0xC7, 0x00, 0x01, 0xC7, 0x00, 0x01, 0xC7, 0x00, 0x00, 0xC7, 0x00, 0x00, 0x00, 0x00,
    0xE0, 0x71, 0xC0, 0x38, 0x1C, 0x70, 0x0E, 0x07, 0x1C, 0x7F, 0xFD, 0xC7, 0x1F, 0xFF, 0x71, 0xC7,
    0xFF, 0xDC, 0x70, 0x0F, 0x07, 0x1C, 0x0F, 0xF1, 0xFF, 0x07, 0xFE, 0x7F, 0xC3, 0xC3, 0xDF, 0xF0,
    0xE0, 0x77, 0x1C, 0x38, 0x1D, 0xC7, 0x0E, 0x07, 0x71, 0xC1, 0xE7, 0x9C, 0x70, 0x7F, 0xE7, 0x1C,
    0x07, 0xE1, 0xC7, 0x00, 0x00, 0x01, 0xC0, 0x00, 0x70, 0x70, 0x00, 0x1E, 0x00, 0x00, 0x07, 0x80,
    0x00, 0x03, 0xF0, 0x00, 0x01, 0xFE, 0x00, 0x01, 0xF3, 0xE0, 0x03, 0xF8, 0x7F, 0x01, 0xF8, 0x0F,
    0xE0, 0x78, 0x00, 0x78, 0x00, 0x00, 0x00, 0x00, 0x00, 0x02, 0x00, 0x70, 0x38, 0xE0, 0x0E, 0x07,
    0x1C, 0x3F, 0xFE, 0xE3, 0x87, 0xFF, 0xDC, 0x70, 0xFF, 0xFB, 0x8E, 0x00, 0x00, 0x71, 0xC0, 0x3F,
    0x0E, 0x38, 0x1F, 0xF9, 0xFF, 0x03, 0xCF, 0x3F, 0xE0, 0xE0, 0x77, 0x9C, 0x1C, 0x0E, 0xE3, 0x83,
    0x81, 0xDC, 0x70, 0x38, 0x73, 0x8E, 0x07, 0xFE, 0x71, 0xC0, 0x3F, 0x0E, 0x38, 0x00, 0x01, 0xC7,
    0x00, 0x00, 0x00, 0x00, 0x03, 0x80, 0xE0, 0x00, 0x70, 0x1C, 0x00, 0x0E, 0x07, 0x80, 0x03, 0xE0,
    0xF8, 0x00, 0xFC, 0x3F, 0x00, 0x3F, 0xC7, 0x78, 0x0F, 0x3F, 0xCF, 0x83, 0xC3, 0xF0, 0xF8, 0x30,
    0x3C, 0x06, 0x00, 0x00, 0x00, 0x00, 0x00, 0x00, 0x0E, 0x07, 0x83, 0x8E, 0x07, 0x83, 0x8E, 0xFF,
    0xFB, 0x8E, 0xFF, 0xFF, 0x8E, 0xFF, 0xFF, 0x8E, 0x00, 0x03, 0x8E, 0x0F, 0xC3, 0x8E, 0x1F, 0xE3,
    0xFE, 0x3F, 0xF3, 0xFE, 0x78, 0x7B, 0x8E, 0x70, 0x3B, 0x8E, 0x70, 0x3B, 0x8E, 0x78, 0x7B, 0x8E,
    0x3F, 0xF3, 0x8E, 0x1F, 0xE3, 0x8E, 0x00, 0x01, 0x8E, 0x00, 0x00, 0x0E, 0x00, 0x7F, 0xF0, 0x01,
    0xFF, 0xFC, 0x03, 0xF0, 0xFE, 0x07, 0x80, 0x1E, 0x07, 0x00, 0x0E, 0x07, 0x80, 0x0E, 0x03, 0xE0,
    0x7E, 0x01, 0xFF, 0xF8, 0x00, 0x7F, 0xE0, 0x00, 0x00, 0x00, 0x00, 0xE0, 0x0E, 0x00, 0x70, 0x0F,
    0x00, 0x38, 0x07, 0x8F, 0xFF, 0xF3, 0xC7, 0xFF, 0xF9, 0xFC, 0x00, 0x00, 0xFE, 0x0F, 0xE0, 0x7E,
    0x1F, 0xFC, 0x3C, 0x1F, 0x1E, 0x1E, 0x0E, 0x03, 0x8F, 0xE7, 0x01, 0xC7, 0xF3, 0x80, 0xE3, 0xF9,
    0xE1, 0xF1, 0xE0, 0x7F, 0xF0, 0xF0, 0x0F, 0xE0, 0x78, 0x00, 0x00, 0x3C, 0x00, 0x00, 0x0E, 0x00,
    0x3F, 0xF0, 0x00, 0x7F, 0xFE, 0x00, 0x7F, 0x3F, 0x80, 0x78, 0x01, 0xE0, 0x38, 0x00, 0x70, 0x1E,
    0x00, 0x78, 0x07, 0xC0, 0xF8, 0x01, 0xFF, 0xF8, 0x00, 0x3F, 0xF0, 0x00, 0x00, 0x00, 0x00, 0x01,
    0xC0, 0x0E, 0x01, 0xC0, 0x0E, 0x01, 0xC0, 0x0E, 0x7F, 0xFF, 0x0E, 0x7F, 0xFF, 0x0E, 0x7F, 0xFE,
    0x0E, 0x01, 0x80, 0x1E, 0x0F, 0xF0, 0xFE, 0x1F, 0xF8, 0xFE, 0x3C, 0x3C, 0x0E, 0x38, 0x1C, 0x0E,
    0x38, 0x1C, 0x0E, 0x38, 0x1C, 0xFE, 0x3C, 0x3C, 0xFE, 0x1F, 0xF8, 0xFE, 0x0F, 0xF0, 0x0E, 0x07,
    0xE0, 0x0E, 0x00, 0x00, 0x0E, 0x07, 0x80, 0x0E, 0x07, 0x80, 0x0E, 0x07, 0x80, 0x00, 0x07, 0x80,
    0x00, 0x07, 0x80, 0x00, 0x07, 0xFF, 0xFF, 0x07, 0xFF, 0xFF, 0x07, 0xFF, 0xFF, 0x01, 0xC0, 0x0E,
    0x01, 0xC0, 0x0E, 0x01, 0xC0, 0x0E, 0x7F, 0xFF, 0x0E, 0x7F, 0xFF, 0x0E, 0x7F, 0xFF, 0x0E, 0x00,
    0x00, 0x0E, 0x07, 0xE0, 0xFE, 0x1F, 0xF8, 0xFE, 0x1F, 0xF8, 0x1E, 0x3C, 0x3C, 0x0E, 0x38, 0x1C,
    0x0E, 0x38, 0x1C, 0xFE, 0x38, 0x1C, 0xFE, 0x1E, 0x78, 0xFE, 0x1F, 0xF8, 0x0E, 0x07, 0xE0, 0x0E,
    0x00, 0x00, 0x0E, 0x00, 0x7F, 0xE0, 0x01, 0xFF, 0xF8, 0x07, 0xF9, 0xFE, 0x07, 0x80, 0x1E, 0x07,
    0x00, 0x0E, 0x07, 0x80, 0x1E, 0x07, 0xE0, 0x7E, 0x01, 0xFF, 0xF8, 0x00, 0x7F, 0xE0, 0x00, 0x1C,
    0x00, 0x00, 0x07, 0x00, 0x00, 0x01, 0xC0, 0x00, 0xFF, 0xFF, 0xFC, 0x3F, 0xFF, 0xFF, 0x0F, 0xFF,
    0xFF, 0xC0, 0x00, 0x00, 0x00, 0x00, 0x30, 0x00, 0x01, 0xFF, 0xE0, 0x01, 0xFF, 0xFE, 0x00, 0xF8,
    0x0F, 0x80, 0x3C, 0x00, 0xF0, 0x0E, 0x00, 0x1C, 0x03, 0x80, 0x0F, 0x00, 0xF8, 0x07, 0xC0, 0x1F,
    0xFF, 0xE0, 0x03, 0xFF, 0xF0, 0x00, 0x1F, 0xE0, 0x00, 0x01, 0xC0, 0x00, 0x00, 0x70, 0x00, 0x00,
    0x1C, 0x00, 0x1F, 0xFF, 0xFF, 0xE7, 0xFF, 0xFF, 0xF9, 0xFF, 0xFF, 0xFE, 0x00, 0x00, 0x00, 0x00,
    0x0E, 0x00, 0x00, 0x07, 0x00, 0x0F, 0xFF, 0xFF, 0xC7, 0xFF, 0xFF, 0xE0, 0x00, 0x00, 0x00, 0x07,
    0xFF, 0x00, 0x0F, 0xFF, 0xE0, 0x0F, 0x80, 0xF8, 0x0F, 0x00, 0x1C, 0x07, 0x80, 0x1E, 0x01, 0xFC,
    0xFF, 0x00, 0x7F, 0xFF, 0x00, 0x07, 0xFC, 0x00, 0x00, 0x70, 0x01, 0xFF, 0xFF, 0xFE, 0xFF, 0xFF,
    0xFF, 0x00, 0x00, 0x00, 0x00, 0x00, 0x00, 0x00, 0x00, 0x00, 0x01, 0xFF, 0xFF, 0xC0, 0xFF, 0xFF,
    0xE0, 0x70, 0x00, 0xF0, 0x38, 0x00, 0x78, 0x1C, 0x00, 0x3C, 0x0F, 0xFF, 0xFE, 0x07, 0xFF, 0xFF,
    0x00, 0x00, 0x00, 0x00, 0x00, 0xE0, 0x1C, 0x00, 0x70, 0x0E, 0x00, 0x38, 0x07, 0x0F, 0xFF, 0xFB,
    0x87, 0xFF, 0xFD, 0xC1, 0xFF, 0xFC, 0xE0, 0x00, 0x00, 0x70, 0x07, 0xF0, 0x38, 0x0F, 0xFE, 0x1C,
    0x07, 0x8F, 0x0E, 0x07, 0x01, 0xC7, 0x03, 0x80, 0xE3, 0xF9, 0xC0, 0x71, 0xFC, 0xF0, 0x78, 0xFE,
    0x3F, 0xF8, 0x70, 0x0F, 0xF8, 0x38, 0x03, 0xF8, 0x1C, 0x00, 0x70, 0x0E, 0x00, 0x38, 0x27, 0x0F,
    0xFF, 0xFB, 0x87, 0xFF, 0xFD, 0xC3, 0xFF, 0x80, 0xE0, 0x00, 0x00, 0x70, 0x00, 0x00, 0x38, 0x00,
    0x00, 0x1C, 0x00, 0x00, 0x0E, 0x00, 0x01, 0xC0, 0x00, 0x00, 0xE0, 0x1C, 0x00, 0x70, 0x0E, 0x0F,
    0xFF, 0xE7, 0x07, 0xFF, 0xF3, 0x80, 0x00, 0x01, 0xC0, 0x1F, 0xC0, 0xE0, 0x3F, 0xF8, 0x70, 0x3C,
    0x1E, 0x3F, 0x9C, 0x07, 0x1F, 0xCE, 0x03, 0x8F, 0xE7, 0xC7, 0xC7, 0x01, 0xFF, 0xC3, 0x80, 0x3F,
    0x81, 0xC0, 0x07, 0x00, 0xE0, 0x03, 0x8F, 0x70, 0xFF, 0xFF, 0xB8, 0x7F, 0xFF, 0xDC, 0x1C, 0x00,
    0x0E, 0x00, 0x00, 0x00, 0x01, 0xFF, 0xFF, 0x80, 0xFF, 0xFF, 0xC0, 0x3F, 0xFF, 0xE0, 0x00, 0x00,
    0x70, 0x00, 0x00, 0x38, 0x00, 0x00, 0x1C, 0x00, 0x00, 0x0E, 0x00, 0x01, 0xC0, 0x18, 0x00, 0xE0,
    0x1C, 0x00, 0x70, 0x0E, 0x0F, 0xFF, 0xE7, 0x07, 0xFF, 0xF3, 0x80, 0x00, 0x01, 0xC0, 0x1F, 0xC0,
    0xE0, 0x3F, 0xF8, 0x70, 0x3E, 0x3E, 0x38, 0x1C, 0x07, 0x1C, 0x0E, 0x03, 0x8F, 0xE7, 0x01, 0xC7,
    0xF1, 0xE3, 0xC3, 0xF8, 0xFF, 0xE1, 0xC0, 0x1F, 0xC0, 0xE0, 0x03, 0x83, 0x70, 0xFF, 0xFF, 0xB8,
    0x7F, 0xFF, 0x9C, 0x1F, 0x00, 0x0E, 0x00, 0x00, 0x07, 0x00, 0xE0, 0x03, 0x80, 0x70, 0x01, 0xC0,
    0x38, 0x00, 0x00, 0x1C, 0x00, 0x00, 0x0F, 0xFF, 0xFC, 0x07, 0xFF, 0xFE, 0x03, 0xFF, 0xFF, 0x00,
    0x00, 0x00, 0x00, 0x00, 0xE0, 0x1C, 0x00, 0x70, 0x0E, 0x0F, 0xFF, 0xE7, 0x07, 0xFF, 0xF3, 0x80,
    0x00, 0x01, 0xC0, 0x3F, 0xE0, 0xE0, 0x7F, 0xFC, 0x7F, 0x38, 0x0E, 0x3F, 0x9E, 0x0F, 0x1F, 0xC7,
    0xFF, 0x0E, 0x01, 0xFF, 0x07, 0x00, 0x1C, 0x03, 0x80, 0x0E, 0xFD, 0xC3, 0xFF, 0xFE, 0xE1, 0xFF,
    0xF8, 0x70, 0x00, 0x00, 0x38, 0x00, 0x00, 0x00, 0x03, 0xFF, 0xFE, 0x01, 0xFF, 0xFF, 0x00, 0x00,
    0x03, 0x80, 0x7F, 0xFF, 0xC0, 0x3F, 0xFF, 0xE0, 0x1C, 0x00, 0x00, 0x0E, 0x00, 0x00, 0x07, 0xFF,
    0xFE, 0x03, 0xFF, 0xFF, 0x00, 0x00, 0x00, 0x00, 0x00, 0xE0, 0x1C, 0x00, 0x70, 0x0E, 0x0F, 0xFF,
    0xE7, 0x07, 0xFF, 0xF3, 0x80, 0x00, 0x01, 0xC0, 0x1F, 0xC0, 0xE0, 0x3F, 0xF8, 0x70, 0x3C, 0x1E,
    0x3F, 0x1C, 0x07, 0x1F, 0xCE, 0x03, 0x8F, 0xE7, 0xC7, 0xC7, 0x01, 0xFF, 0xC3, 0x80, 0x3F, 0x81,
    0xC0, 0x07, 0x00, 0xE1, 0xFF, 0xFF, 0x70, 0xFF, 0xFF, 0xB8, 0x3F, 0x00, 0x1C, 0x00, 0x00, 0x0E,
    0x00, 0x3F, 0xF8, 0x00, 0x7F, 0xFF, 0x00, 0x7C, 0x07, 0xC0, 0x38, 0x00, 0xE0, 0x1C, 0x00, 0x70,
    0x0F, 0x80, 0xF8, 0x03, 0xFF, 0xF8, 0x00, 0x7F, 0xF0, 0x00, 0x00, 0x1C, 0x00, 0x00, 0x0E, 0x00,
    0x00, 0x07, 0x00, 0x07, 0xFF, 0xFF, 0xC3, 0xFF, 0xFF, 0xE1, 0xFF, 0xFF, 0xF0, 0x00, 0x00, 0x00,
    0x00, 0x00, 0x00, 0x01, 0xFF, 0xC0, 0x03, 0xFF, 0xF8, 0x03, 0xE0, 0x3E, 0x01, 0xC0, 0x07, 0x00,
    0xE0, 0x03, 0x80, 0x7C, 0x07, 0xC0, 0x1F, 0xFF, 0xC0, 0x03, 0xFF, 0x80, 0x00, 0x00, 0x00, 0x00,
    0x00, 0x00, 0x1F, 0xFF, 0xFF, 0xEF, 0xFF, 0xFF, 0xF7, 0xFF, 0xFF, 0xF0, 0x00, 0xE0, 0x00, 0x00,
    0x70, 0x00, 0x00, 0x38, 0x00, 0x00, 0x1C, 0x00, 0x00, 0x0E, 0x00, 0x00, 0x07, 0x00, 0x00, 0x00,
    0x1C, 0x00, 0x00, 0x0E, 0x00, 0x00, 0x07, 0x00, 0x07, 0xFF, 0xFF, 0xE3, 0xFF, 0xFF, 0xF1, 0xFF,
    0xFF, 0xF8, 0x00, 0x00, 0x00, 0x01, 0xFF, 0x80, 0x07, 0xFF, 0xF0, 0x07, 0xE0, 0x7C, 0x03, 0xC0,
    0x0F, 0x01, 0xC0, 0x07, 0x80, 0xE0, 0x03, 0xC0, 0x7C, 0x07, 0xC0, 0x1F, 0xFF, 0xC0, 0x03, 0xFF,
    0x80, 0x00, 0x00, 0x00, 0x3F, 0xFF, 0xFF, 0xFF, 0xFF, 0xFF, 0xFF, 0xFF, 0xFF, 0xF0, 0x3C, 0x0E,
    0x00, 0x1E, 0x07, 0x00, 0x0F, 0x03, 0x80, 0x07, 0x81, 0xC0, 0x03, 0xC0, 0xE0, 0x01, 0xE0, 0x70,
    0x00, 0xF0, 0x38, 0x00, 0x00, 0x00, 0x00, 0x03, 0x80, 0x38, 0x07, 0x00, 0x70, 0x0E, 0x00, 0xEF,
    0xFF, 0xF9, 0xDF, 0xFF, 0xF3, 0x80, 0x00, 0x07, 0x00, 0xE0, 0x0E, 0x0F, 0xF8, 0x1C, 0x3F, 0xF8,
    0x38, 0xF0, 0x78, 0x71, 0xC0, 0x70, 0xE3, 0x80, 0xE1, 0xC7, 0x01, 0xC3, 0x8F, 0x07, 0x87, 0x0F,
    0xFE, 0x0E, 0x0F, 0xF8, 0x1C, 0x01, 0x80, 0x38, 0x00, 0x00, 0x70, 0x38, 0x00, 0xE0, 0x70, 0x01,
    0xC0, 0xE0, 0x00, 0x01, 0xC0, 0x00, 0x03, 0x80, 0x00, 0x07, 0xFF, 0xFE, 0x0F, 0xFF, 0xFC, 0x1F,
    0xFF, 0xF8, 0x0C, 0x1B, 0x3F, 0x80, 0x00, 0x00, 0x00, 0x00, 0x20, 0x30, 0x18, 0x04, 0x02, 0x01,
    0x00, 0x80, 0x40, 0x20, 0x10, 0x08, 0x04, 0x02, 0x01, 0x00, 0x80, 0x40, 0x3E, 0x0F, 0x03, 0x80,
    0x40, 0x00, 0x00, 0x40, 0x00, 0x10, 0x40, 0x00, 0x30, 0x60, 0x00, 0x30, 0x70, 0x00, 0xF0, 0x7F,
    0xFF, 0xFE, 0x3F, 0xFF, 0x9E, 0x0F, 0xFC, 0x0E, 0x00, 0x00, 0x00, 0x00, 0x00, 0x00, 0x00, 0xCC,
    0x00, 0x01, 0xCC, 0x00, 0x00, 0xF0, 0x00, 0x00, 0x30, 0x00, 0x00, 0x30, 0x00, 0x00, 0x00, 0x00,
    0x00, 0x00, 0x40, 0x30, 0x0E, 0x03, 0x80, 0xE0, 0x18, 0x06, 0x01, 0xBF, 0xCF, 0xF3, 0xE0, 0x00,
    0x00, 0x01, 0x18, 0xEE, 0x15, 0x03, 0x80, 0x60, 0x00, 0x00, 0x00, 0x20, 0x0C, 0x03, 0x81, 0xFD,
    0xFF, 0xFE, 0x38, 0x00, 0x00, 0x03, 0x30, 0xE6, 0x0F, 0x00, 0x60, 0x0C, 0x00, 0x00, 0x08, 0x00,
    0x0F, 0xE0, 0x01, 0xFF, 0xC0, 0x21, 0xFF, 0x80, 0x07, 0xF0, 0x03, 0xFC, 0x01, 0xE6, 0x00, 0x70,
    0x40, 0x18, 0x0F, 0xC2, 0x00, 0xFC, 0xC8, 0xCF, 0x93, 0xB8, 0x02, 0x3A, 0x00, 0x43, 0x80, 0x0C,
    0x30, 0x01, 0x80, 0x00, 0x1C, 0x0F, 0x03, 0xFF, 0xC0, 0x3F, 0xE0, 0x00, 0x40, 0x00, 0x0F, 0x00,
    0x03, 0xF8, 0x00, 0xFF, 0x80, 0x00, 0x3C, 0x00, 0x03, 0xFC, 0x00, 0x3F, 0x80, 0x3F, 0x67, 0xFF,
    0x00, 0xFF, 0x80, 0x1F, 0xC0, 0x00, 0x00, 0x00, 0x00, 0x26, 0x00, 0x0C, 0xE0, 0x01, 0x98, 0x00,
    0x0C, 0x00, 0x01, 0x80, 0x00, 0x00, 0x00, 0x0F, 0x00, 0x01, 0xFC, 0x00, 0x3F, 0xF0, 0x00, 0x07,
    0xC0, 0x00, 0x3F, 0xC0, 0x03, 0xF8, 0x00, 0xFE, 0x0F, 0xFE, 0x7F, 0xFF, 0x83, 0xFF, 0xE0, 0x1F,
    0x00, 0x00, 0x00, 0x08, 0xC0, 0x01, 0xDC, 0x00, 0x0C, 0xC0, 0x00, 0x30, 0x00, 0x03, 0x00, 0x00,
    0x00, 0x00, 0x00, 0x00, 0x0C, 0x00, 0x38, 0x00, 0x50, 0x0C, 0xE0, 0x33, 0x00, 0x00, 0x00, 0x00,
    0x00, 0x80, 0x06, 0x00, 0x1C, 0x00, 0x70, 0x00, 0xC0, 0x03, 0x80, 0x06, 0x00, 0x1E, 0x00, 0x3C,
    0x01, 0xF0, 0x06, 0x00, 0x30, 0x01, 0xC1, 0xFE, 0x07, 0xF0, 0x0F, 0x80, 0x00, 0x00, 0x00, 0x00,
    0x00, 0xC0, 0x00, 0x0F, 0x00, 0x01, 0xFC, 0x00, 0x1F, 0xC0, 0x01, 0xF8, 0x00, 0x0F, 0x80, 0x00,
    0x30, 0x00, 0x00, 0xE0, 0x00, 0x01, 0xE0, 0x00, 0x03, 0xE0, 0x00, 0x03, 0xC0, 0x00, 0x03, 0x80,
    0x00, 0x06, 0x04, 0x00, 0x0C, 0x10, 0x00, 0x30, 0x60, 0x01, 0xC1, 0xFF, 0xFF, 0xE3, 0xFF, 0xF7,
    0xC7, 0xFF, 0x07, 0x00, 0x00, 0x03, 0x00, 0xF0, 0x7E, 0x1F, 0x87, 0xE0, 0xF8, 0x0C, 0x00, 0xF0,
    0x0F, 0xC0, 0x7E, 0x00, 0xF0, 0x03, 0x80, 0x1C, 0x00, 0xC0, 0x0C, 0x01, 0xCF, 0xF8, 0xFF, 0x0F,
    0xC0, 0x00, 0x00, 0x00, 0xE0, 0x0F, 0x80, 0xFC, 0x1F, 0xC0, 0xF8, 0x07, 0x80, 0x38, 0x00, 0x70,
    0x00, 0xF0, 0x01, 0xE0, 0x01, 0xC0, 0x03, 0x80, 0x07, 0x00, 0x0C, 0x00, 0x10, 0x01, 0xC3, 0xFF,
    0xFF, 0xF3, 0xFF, 0x07, 0x00, 0x00, 0x30, 0x00, 0x03, 0xC0, 0x00, 0x3C, 0x00, 0x03, 0xCC, 0x00,
    0x3C, 0xF0, 0x03, 0xDF, 0xC0, 0x0D, 0xFC, 0x00, 0x1F, 0x80, 0x00, 0xF8, 0x00, 0x03, 0x00, 0x00,
    0x0E, 0x00, 0x00, 0x1E, 0x00, 0x00, 0x3E, 0x00, 0x00, 0x3C, 0x00, 0x00, 0x38, 0x00, 0x00, 0x60,
    0x40, 0x00, 0xC1, 0x00, 0x03, 0x06, 0x00, 0x1C, 0x1F, 0xFF, 0xFE, 0x3F, 0xFF, 0x7C, 0x7F, 0xF0,
    0x70, 0x00, 0x10, 0x03, 0x80, 0x78, 0x0F, 0x31, 0xE7, 0xB9, 0xF9, 0x3F, 0x07, 0xE0, 0x7C, 0x03,
    0x00, 0x1E, 0x00, 0xFC, 0x03, 0xF0, 0x03, 0xC0, 0x07, 0x00, 0x1C, 0x00, 0x60, 0x03, 0x00, 0x38,
    0xFF, 0x87, 0xF8, 0x3F, 0x00, 0x00, 0x00, 0x00, 0xC0, 0x0F, 0x00, 0xF8, 0x0F, 0x38, 0xF3, 0xE7,
    0x3F, 0x17, 0xF0, 0x3E, 0x01, 0xE0, 0x0E, 0x00, 0x1C, 0x00, 0x3C, 0x00, 0x78, 0x00, 0x70, 0x00,
    0xE0, 0x01, 0xC0, 0x03, 0x00, 0x04, 0x00, 0x70, 0xFF, 0xFF, 0xFC, 0xFF, 0xC1, 0xC0, 0x00, 0x0F,
    0xE8, 0x03, 0xFD, 0x00, 0x7F, 0xA0, 0x07, 0x84, 0x00, 0x38, 0xC0, 0x01, 0x18, 0x00, 0x63, 0xC0,
    0x78, 0x3F, 0xFE, 0x03, 0xFF, 0x00, 0x0C, 0x00, 0x00, 0x00, 0x00, 0x40, 0x30, 0x0E, 0x03, 0x80,
    0xE0, 0x18, 0x06, 0x01, 0xBF, 0xCF, 0xF3, 0xE0, 0x00, 0x00, 0x01, 0x18, 0xEE, 0x39, 0x84, 0x00,
    0x00, 0x00, 0x20, 0x0C, 0x03, 0x81, 0xFD, 0xFF, 0xFE, 0x38, 0x00, 0x00, 0x02, 0x30, 0xEF, 0x1C,
    0xC1, 0x00, 0x20, 0x1F, 0xCD, 0xE0, 0x00, 0x00, 0x02, 0x01, 0x80, 0x60, 0x08, 0x02, 0x00, 0x80,
    0x20, 0x08, 0x02, 0x00, 0x80, 0x20, 0x08, 0x02, 0x00, 0x80, 0x20, 0x08, 0x03, 0xE0, 0x78, 0x0E,
    0x61, 0xA3, 0x03, 0x8E, 0x10, 0x00, 0x10, 0x60, 0xC0, 0x81, 0x02, 0x04, 0x08, 0x10, 0x20, 0x40,
    0x81, 0x02, 0x04, 0x08, 0x1E, 0x1E, 0x1C, 0x03, 0x00, 0x1E, 0x00, 0xC0, 0x03, 0x00, 0x07, 0x80,
    0x3E, 0x00, 0xC0, 0x01, 0xC0, 0x0F, 0x80, 0x3F, 0x01, 0x8E, 0x04, 0x18, 0x10, 0x20, 0x60, 0x81,
    0xFF, 0x87, 0xFE, 0x07, 0xF8, 0x01, 0x80, 0x06, 0x00, 0x30, 0xFF, 0x81, 0xFE, 0x01, 0xE0, 0x00,
    0x00, 0x83, 0x06, 0x04, 0x08, 0x10, 0x20, 0x40, 0x81, 0x02, 0x04, 0x08, 0x10, 0x20, 0x40, 0xF8,
    0xF0, 0xE3, 0x0F, 0x10, 0x3C, 0x78, 0x80, 0x30, 0x00, 0x0E, 0x00, 0x01, 0x00, 0x00, 0x3C, 0x00,
    0x07, 0x00, 0x00, 0x00, 0x1F, 0xD0, 0x07, 0xFA, 0x00, 0xFF, 0x40, 0x0F, 0x08, 0x00, 0x71, 0x80,
    0x02, 0x30, 0x00, 0xC7, 0x80, 0xF0, 0x7F, 0xFC, 0x07, 0xFE, 0x00, 0x18, 0x00, 0x1C, 0x68, 0x81,
    0xE3, 0x84, 0x01, 0x06, 0x0C, 0x1C, 0x38, 0x30, 0x60, 0xFF, 0x7E, 0xF0, 0x0E, 0x0D, 0x04, 0x03,
    0xC1, 0xE0, 0x80, 0x00, 0x0C, 0x06, 0x06, 0x03, 0x07, 0xEF, 0xFF, 0x1C, 0x00, 0x83, 0x06, 0x04,
    0x08, 0x10, 0x20, 0x40, 0x81, 0x02, 0x04, 0x08, 0x10, 0x20, 0x40, 0xF8, 0xF0, 0xE0, 0x40, 0x00,
    0x00, 0x40, 0x00, 0x10, 0x40, 0x00, 0x30, 0x60, 0x00, 0x30, 0x70, 0x00, 0xF0, 0x7F, 0xFF, 0xFE,
    0x3F, 0xFF, 0x9E, 0x0F, 0xFC, 0x0E, 0x00, 0x00, 0x00, 0x00, 0x00, 0x00, 0x00, 0x20, 0x00, 0x00,
    0x70, 0x00, 0x00, 0x70, 0x00, 0x00, 0x20, 0x00, 0x00, 0x00, 0x00, 0x00, 0x08, 0x30, 0x70, 0xE1,
    0xC1, 0x83, 0x07, 0xFB, 0xF7, 0x80, 0x00, 0x02, 0x0E, 0x1C, 0x10, 0x00, 0x00, 0x02, 0x03, 0x03,
    0x83, 0xF7, 0xFF, 0x8E, 0x00, 0x00, 0x04, 0x07, 0x03, 0x80, 0x80, 0x00, 0x00, 0x02, 0x30, 0x77,
    0x07, 0x30, 0x20, 0x00, 0x00, 0x03, 0x00, 0x30, 0x07, 0x01, 0xF0, 0x3B, 0x06, 0x30, 0xC3, 0x0C,
    0x10, 0xFF, 0x07, 0xFE, 0x1D, 0xF0, 0x07, 0x00, 0x00, 0x00, 0x01, 0x18, 0x00, 0x03, 0xB8, 0x00,
    0x03, 0xB8, 0x00, 0x01, 0x00, 0x00, 0x00, 0x00, 0x00, 0x40, 0x00, 0x00, 0x40, 0x00, 0x10, 0x40,
    0x00, 0x30, 0x60, 0x00, 0x30, 0x70, 0x00, 0xF0, 0x7F, 0xFF, 0xFE, 0x3F, 0xFF, 0x9E, 0x0F, 0xFC,
    0x0E, 0x02, 0x33, 0xBD, 0xCC, 0x40, 0x00, 0x00, 0x10, 0x18, 0x0E, 0x07, 0x03, 0x80, 0xC0, 0x60,
    0x33, 0xF1, 0xF8, 0xF0, 0x00, 0x01, 0x03, 0x70, 0xEE, 0x0C, 0x80, 0x00, 0x00, 0x00, 0x00, 0x08,
    0x03, 0x00, 0xE0, 0x7F, 0x7F, 0xFF, 0x8E, 0x00, 0x40, 0x00, 0x00, 0xE0, 0x00, 0x00, 0x60, 0x00,
    0x01, 0x98, 0x00, 0x03, 0xB8, 0x00, 0x01, 0x00, 0x00, 0x00, 0x00, 0x00, 0x40, 0x00, 0x00, 0x40,
    0x00, 0x10, 0x40, 0x00, 0x30, 0x60, 0x00, 0x30, 0x70, 0x00, 0xF0, 0x7F, 0xFF, 0xFE, 0x3F, 0xFF,
    0x9E, 0x0F, 0xFC, 0x0E, 0x00, 0x04, 0x07, 0x05, 0x67, 0x73, 0x10, 0x00, 0x00, 0x04, 0x06, 0x03,
    0x81, 0xC0, 0xE0, 0x30, 0x18, 0x0C, 0xFC, 0x7E, 0x3C, 0x00, 0x00, 0x00, 0xC0, 0x18, 0x0C, 0xC3,
    0xB8, 0x33, 0x00, 0x00, 0x00, 0x00, 0x00, 0x20, 0x0C, 0x03, 0x81, 0xFD, 0xFF, 0xFE, 0x38, 0x08,
    0x00, 0x0F, 0xE0, 0x01, 0xFF, 0xC0, 0x21, 0xFF, 0x80, 0x07, 0xF0, 0x03, 0xFC, 0x01, 0xE6, 0x00,
    0x70, 0x40, 0x18, 0x0F, 0xC2, 0x00, 0xFC, 0xC2, 0x0F, 0x90, 0xE0, 0x02, 0x1C, 0x00, 0x41, 0x00,
    0x0C, 0x00, 0x01, 0x80, 0x00, 0x1C, 0x0F, 0x03, 0xFF, 0xC0, 0x3F, 0xE0, 0x00, 0x40, 0x00, 0x0F,
    0x00, 0x03, 0xF8, 0x00, 0xFF, 0x80, 0x00, 0x3C, 0x00, 0x03, 0xFC, 0x00, 0x3F, 0x80, 0x3F, 0x67,
    0xFF, 0x00, 0xFF, 0x80, 0x1F, 0xC0, 0x00, 0x00, 0x00, 0x00, 0x00, 0x00, 0x03, 0x00, 0x00, 0xF0,
    0x00, 0x0C, 0x00, 0x00, 0x00, 0x0F, 0x00, 0x01, 0xFC, 0x00, 0x3F, 0xF0, 0x00, 0x07, 0xC0, 0x00,
    0x3F, 0xC0, 0x03, 0xF8, 0x00, 0xFE, 0x0F, 0xFE, 0x7F, 0xFF, 0x83, 0xFF, 0xE0, 0x1F, 0x00, 0x00,
    0x00, 0x02, 0x00, 0x00, 0x70, 0x00, 0x07, 0x00, 0x00, 0x30, 0x00, 0x00, 0x00, 0x08, 0x00, 0x0F,
    0xE0, 0x01, 0xFF, 0xC0, 0x21, 0xFF, 0x80, 0x07, 0xF0, 0x03, 0xFC, 0x01, 0xE6, 0x00, 0x70, 0x40,
    0x18, 0x0F, 0xC2, 0x00, 0xFC, 0xC0, 0x0F, 0x90, 0x00, 0x02, 0x00, 0x00, 0x40, 0x00, 0x0C, 0x00,
    0x01, 0x80, 0x00, 0x1C, 0x0F, 0x03, 0xFF, 0xC0, 0x3F, 0xE0, 0x00, 0x40, 0x00, 0x0F, 0x00, 0x03,
    0xF8, 0x00, 0xFF, 0x80, 0x00, 0x3C, 0x00, 0x03, 0xFC, 0x00, 0x3F, 0x80, 0x3F, 0x67, 0xFF, 0x00,
    0xFF, 0x80, 0x1F, 0xC0, 0x00, 0x0F, 0x00, 0x01, 0xFC, 0x00, 0x3F, 0xF0, 0x00, 0x07, 0xC0, 0x00,
    0x3F, 0xC0, 0x03, 0xF8, 0x00, 0xFE, 0x0F, 0xFE, 0x7F, 0xFF, 0x83, 0xFF, 0xE0, 0x1F, 0x00, 0x00,
    0x00, 0x10, 0x00, 0x07, 0x00, 0x00, 0xE0, 0x00, 0x0C, 0x00, 0x00, 0x00, 0x02, 0x00, 0x03, 0xF8,
    0x00, 0x7F, 0xF0, 0x08, 0x7F, 0xE0, 0x01, 0xFC, 0x00, 0xFF, 0x00, 0x79, 0x80, 0x1C, 0x10, 0x06,
    0x03, 0xF0, 0x80, 0x3F, 0x30, 0x03, 0xE4, 0x00, 0x00, 0x80, 0x00, 0x10, 0x00, 0x03, 0x00, 0x00,
    0x60, 0x00, 0x07, 0x03, 0xC0, 0xFF, 0xF0, 0x0F, 0xF8, 0x00, 0x10, 0x00, 0x00, 0x00, 0x00, 0x18,
    0x00, 0x07, 0x80, 0x00, 0x60, 0x00, 0x00, 0x00, 0x00, 0x00, 0x00, 0x00, 0x00, 0x78, 0x00, 0x1F,
    0xC0, 0x07, 0xFC, 0x00, 0x01, 0xE0, 0x00, 0x1F, 0xE0, 0x01, 0xFC, 0x01, 0xFB, 0x3F, 0xF8, 0x07,
    0xFC, 0x00, 0xFE, 0x00, 0x00, 0x00, 0x00, 0x00, 0x0C, 0x00, 0x01, 0xE0, 0x00, 0x1C, 0x00, 0x00,
    0x00, 0x00, 0x00, 0x00, 0x00, 0x00, 0x00, 0xF0, 0x00, 0x1F, 0xC0, 0x03, 0xFF, 0x00, 0x00, 0x7C,
    0x00, 0x03, 0xFC, 0x00, 0x3F, 0x80, 0x0F, 0xE0, 0xFF, 0xE7, 0xFF, 0xF8, 0x3F, 0xFE, 0x01, 0xF0,
    0x02, 0x00, 0x18, 0x00, 0xC0, 0x06, 0x00, 0x38, 0x00, 0xC0, 0x06, 0x00, 0x38, 0x00, 0xE7, 0xFF,
    0xFF, 0xFE, 0xFC, 0x70, 0x00, 0x00, 0x70, 0x03, 0x80, 0x18, 0x00, 0x00, 0x00, 0x00, 0x08, 0x00,
    0x60, 0x03, 0x00, 0x18, 0x00, 0xE0, 0x03, 0x00, 0x18, 0x00, 0xE0, 0x03, 0x9F, 0xFF, 0xFF, 0xFB,
    0xF1, 0xC0, 0x00, 0x00, 0x02, 0x00, 0x18, 0x00, 0x70, 0x01, 0xC0, 0x03, 0x00, 0x0E, 0x00, 0x18,
    0x00, 0x78, 0x00, 0xF0, 0x07, 0xC0, 0x18, 0x00, 0xC0, 0x07, 0x07, 0xF8, 0x1F, 0xC0, 0x3E, 0x00,
    0x00, 0x00, 0x0C, 0x00, 0x78, 0x00, 0xC0, 0x00, 0x00, 0x00, 0x00, 0x08, 0x00, 0x60, 0x01, 0xC0,
    0x07, 0x00, 0x0C, 0x00, 0x38, 0x00, 0x60, 0x01, 0xE0, 0x03, 0xC0, 0x1F, 0x00, 0x60, 0x03, 0x00,
    0x1C, 0x1F, 0xE0, 0x7F, 0x00, 0xF8, 0x00, 0x00, 0x00, 0x08, 0x40, 0x00, 0x00, 0xC6, 0x00, 0x02,
    0x06, 0x30, 0x00, 0x38, 0x31, 0x80, 0x01, 0xC3, 0x18, 0x00, 0x0E, 0x3C, 0xF1, 0x00, 0x3F, 0xFF,
    0xE8, 0x01, 0xFF, 0xE7, 0x40, 0x04, 0x00, 0x02, 0x00, 0x20, 0x00, 0x10, 0x03, 0x00, 0x00, 0xC0,
    0x30, 0x00, 0x07, 0x07, 0x80, 0x00, 0x1F, 0xF8, 0x00, 0x00, 0x7F, 0x00, 0x00, 0x00, 0x80, 0x00,
    0x00, 0x00, 0x00, 0x00, 0x00, 0x20, 0x00, 0x18, 0x00, 0x07, 0x00, 0x19, 0xC0, 0x0C, 0x70, 0xC3,
    0x0C, 0x60, 0xC3, 0xFF, 0xFF, 0xFF, 0xFF, 0xFE, 0xFC, 0xF8, 0x00, 0x00, 0x00, 0x01, 0x0C, 0x00,
    0x31, 0x80, 0xC3, 0x18, 0x18, 0x31, 0x87, 0x87, 0x3C, 0xFF, 0xFF, 0xFE, 0xFF, 0xE7, 0x00, 0x00,
    0x00, 0x00, 0x00, 0x00, 0x80, 0x00, 0x00, 0x0E, 0x00, 0x00, 0x00, 0x28, 0x00, 0x00, 0x0E, 0xE0,
    0x00, 0x00, 0x73, 0x00, 0x00, 0x01, 0x00, 0x00, 0x00, 0x00, 0x00, 0x00, 0x00, 0x08, 0x40, 0x00,
    0x00, 0xC6, 0x00, 0x02, 0x06, 0x30, 0x00, 0x38, 0x31, 0x80, 0x01, 0xC3, 0x18, 0x00, 0x0E, 0x3C,
    0xF1, 0x00, 0x3F, 0xFF, 0xE8, 0x01, 0xFF, 0xE7, 0x40, 0x04, 0x00, 0x02, 0x00, 0x20, 0x00, 0x10,
    0x03, 0x00, 0x00, 0xC0, 0x30, 0x00, 0x07, 0x07, 0x80, 0x00, 0x1F, 0xF8, 0x00, 0x00, 0x7F, 0x00,
    0x00, 0x00, 0x80, 0x00, 0x00, 0x00, 0x00, 0x00, 0x08, 0x00, 0x07, 0x00, 0x00, 0xF0, 0x00, 0xDC,
    0x00, 0x73, 0x00, 0x08, 0x08, 0x00, 0x06, 0x00, 0x01, 0xC0, 0x06, 0x70, 0x03, 0x1C, 0x30, 0xC3,
    0x18, 0x30, 0xFF, 0xFF, 0xFF, 0xFF, 0xFF, 0xBF, 0x3E, 0x00, 0x00, 0x00, 0x02, 0x00, 0x00, 0x70,
    0x00, 0x02, 0x80, 0x01, 0xDC, 0x00, 0x1C, 0xC0, 0x00, 0x80, 0x00, 0x00, 0x00, 0x00, 0x00, 0x00,
    0x01, 0x0C, 0x00, 0x31, 0x80, 0xC3, 0x18, 0x18, 0x31, 0x87, 0x87, 0x3C, 0xFF, 0xFF, 0xFE, 0xFF,
    0xE7, 0x00, 0x00, 0x00, 0x00, 0x00, 0x00, 0x07, 0xE0, 0x00, 0x00, 0x1F, 0xF0, 0x00, 0x00, 0x3C,
    0x78, 0x00, 0x00, 0x70, 0x38, 0x00, 0x08, 0xE0, 0x18, 0x00, 0x1D, 0xC0, 0x18, 0x00, 0x1F, 0x80,
    0x70, 0x00, 0x1F, 0xFF, 0xFE, 0x40, 0x0F, 0xFF, 0xDE, 0x40, 0x0F, 0xFF, 0x0E, 0x40, 0x04, 0x00,
    0x00, 0x40, 0x04, 0x00, 0x00, 0x60, 0x0C, 0x00, 0x00, 0x60, 0x18, 0x00, 0x00, 0x70, 0x78, 0x00,
    0x00, 0x3F, 0xF0, 0x00, 0x00, 0x1F, 0xC0, 0x00, 0x00, 0x04, 0x00, 0x00, 0x00, 0x00, 0x00, 0x00,
    0x00, 0x3E, 0x00, 0x07, 0xFC, 0x00, 0x78, 0xF0, 0x07, 0x03, 0x86, 0x70, 0x0C, 0x27, 0x00, 0x63,
    0xF0, 0x0E, 0xFF, 0xFF, 0xE7, 0xFF, 0xFE, 0x38, 0x7F, 0xC0, 0x00, 0x00, 0x00, 0x00, 0x07, 0xC0,
    0x00, 0x1F, 0xF0, 0x00, 0x3C, 0x78, 0x00, 0x70, 0x38, 0x0C, 0xE0, 0x18, 0x09, 0xC0, 0x18, 0x1F,
    0x80, 0x70, 0xFF, 0xFF, 0xFE, 0xFF, 0xFF, 0xDF, 0xE1, 0xFF, 0x0F, 0x00, 0x00, 0x00, 0x00, 0x00,
    0x00, 0x18, 0x00, 0x00, 0x00, 0x3C, 0x00, 0x00, 0x00, 0x38, 0x00, 0x00, 0x00, 0x10, 0x00, 0x00,
    0x00, 0x00, 0x00, 0x00, 0x00, 0x00, 0x00, 0x00, 0x00, 0x00, 0x00, 0x00, 0x00, 0x07, 0xE0, 0x00,
    0x00, 0x1F, 0xF0, 0x00, 0x00, 0x3C, 0x78, 0x00, 0x00, 0x70, 0x38, 0x00, 0x08, 0xE0, 0x18, 0x00,
    0x1D, 0xC0, 0x18, 0x00, 0x1F, 0x80, 0x70, 0x00, 0x1F, 0xFF, 0xFE, 0x40, 0x0F, 0xFF, 0xDE, 0x40,
    0x0F, 0xFF, 0x0E, 0x40, 0x04, 0x00, 0x00, 0x40, 0x04, 0x00, 0x00, 0x60, 0x0C, 0x00, 0x00, 0x60,
    0x18, 0x00, 0x00, 0x70, 0x78, 0x00, 0x00, 0x3F, 0xF0, 0x00, 0x00, 0x1F, 0xC0, 0x00, 0x00, 0x04,
    0x00, 0x00, 0x00, 0x00, 0x00, 0x00, 0x00, 0x80, 0x00, 0x0E, 0x00, 0x00, 0x70, 0x00, 0x01, 0x00,
    0x00, 0x00, 0x00, 0x00, 0x00, 0x00, 0x00, 0x00, 0x00, 0x07, 0xC0, 0x00, 0xFF, 0x80, 0x0F, 0x1E,
    0x00, 0xE0, 0x70, 0xCE, 0x01, 0x84, 0xE0, 0x0C, 0x7E, 0x01, 0xDF, 0xFF, 0xFC, 0xFF, 0xFF, 0xC7,
    0x0F, 0xF8, 0x00, 0x00, 0x00, 0x00, 0x00, 0x10, 0x00, 0x00, 0x38, 0x00, 0x00, 0x38, 0x00, 0x00,
    0x10, 0x00, 0x00, 0x00, 0x00, 0x00, 0x00, 0x00, 0x00, 0x00, 0x00, 0x00, 0x07, 0xC0, 0x00, 0x1F,
    0xF0, 0x00, 0x3C, 0x78, 0x00, 0x70, 0x38, 0x0C, 0xE0, 0x18, 0x09, 0xC0, 0x18, 0x1F, 0x80, 0x70,
    0xFF, 0xFF, 0xFE, 0xFF, 0xFF, 0xDF, 0xE1, 0xFF, 0x0F, 0x02, 0x00, 0x00, 0x0C, 0x00, 0x00, 0x1C,
    0x00, 0x00, 0x38, 0x00, 0x00, 0x60, 0x00, 0x00, 0xC0, 0x00, 0x01, 0xC0, 0x00, 0x03, 0x80, 0x00,
    0x03, 0x00, 0x00, 0x06, 0x04, 0x00, 0x0C, 0x3E, 0x00, 0x19, 0xFF, 0x00, 0x37, 0x8F, 0x00, 0x7C,
    0x0E, 0x00, 0x70, 0x0C, 0x01, 0xC0, 0x18, 0x43, 0x00, 0xE0, 0xFF, 0xFF, 0xF8, 0xFF, 0xFE, 0xF8,
    0x7F, 0xF0, 0xF0, 0x18, 0x00, 0x06, 0x00, 0x03, 0x80, 0x00, 0xE0, 0x00, 0x18, 0x00, 0x06, 0x00,
    0x01, 0x80, 0x00, 0x60, 0x00, 0x18, 0x00, 0x06, 0x07, 0x81, 0xC7, 0xF0, 0x33, 0xFE, 0x0D, 0xC1,
    0xC3, 0xC0, 0x30, 0xE0, 0x0C, 0x30, 0x07, 0x18, 0x0F, 0xBF, 0xFF, 0x8F, 0xFF, 0x83, 0xFE, 0x00,
    0x08, 0x00, 0x03, 0x00, 0x00, 0xE0, 0x00, 0x1E, 0x00, 0x01, 0x80, 0x00, 0x30, 0x00, 0x06, 0x00,
    0x00, 0xC0, 0x00, 0x18, 0x00, 0x03, 0x03, 0xC0, 0x31, 0xFC, 0x06, 0x7F, 0xC0, 0xDC, 0x1C, 0x1E,
    0x01, 0x83, 0x80, 0x30, 0x60, 0x0C, 0x18, 0x07, 0x9F, 0xFF, 0xFF, 0xFF, 0xE7, 0xFF, 0xC0, 0x70,
    0x02, 0x00, 0x00, 0x0C, 0x00, 0x00, 0x1C, 0x00, 0x00, 0x38, 0x30, 0x00, 0x60, 0x70, 0x00, 0xC1,
    0xE0, 0x01, 0xC0, 0x80, 0x03, 0x80, 0x00, 0x03, 0x00, 0x00, 0x06, 0x04, 0x00, 0x0C, 0x3E, 0x00,
    0x19, 0xFF, 0x00, 0x37, 0x8F, 0x00, 0x7C, 0x0E, 0x00, 0x70, 0x0C, 0x01, 0xC0, 0x18, 0x43, 0x00,
    0xE0, 0xFF, 0xFF, 0xF8, 0xFF, 0xFE, 0xF8, 0x7F, 0xF0, 0xF0, 0x18, 0x00, 0x06, 0x00, 0x03, 0x80,
    0x00, 0xE0, 0x60, 0x18, 0x3C, 0x06, 0x06, 0x01, 0x80, 0x00, 0x60, 0x00, 0x18, 0x00, 0x06, 0x07,
    0x81, 0xC7, 0xF0, 0x33, 0xFE, 0x0D, 0xC1, 0xC3, 0xC0, 0x30, 0xE0, 0x0C, 0x30, 0x07, 0x18, 0x0F,
    0xBF, 0xFF, 0x8F, 0xFF, 0x83, 0xFE, 0x00, 0x08, 0x00, 0x03, 0x00, 0x00, 0xE0, 0x00, 0x1E, 0x0E,
    0x01, 0x83, 0xC0, 0x30, 0x30, 0x06, 0x00, 0x00, 0xC0, 0x00, 0x18, 0x00, 0x03, 0x03, 0xC0, 0x31,
    0xFC, 0x06, 0x7F, 0xC0, 0xDC, 0x1C, 0x1E, 0x01, 0x83, 0x80, 0x30, 0x60, 0x0C, 0x18, 0x07, 0x9F,
    0xFF, 0xFF, 0xFF, 0xE7, 0xFF, 0xC0, 0x70, 0x1F, 0x80, 0x7F, 0x81, 0xFF, 0x83, 0x83, 0x03, 0x86,
    0x03, 0x1C, 0x03, 0x70, 0x03, 0xC0, 0x07, 0xF0, 0x1F, 0xF0, 0x63, 0xE1, 0x80, 0x02, 0x00, 0x04,
    0x00, 0x08, 0x00, 0x18, 0x00, 0x38, 0x0C, 0x3F, 0xF8, 0x3F, 0xC0, 0x04, 0x00, 0x07, 0x80, 0x3F,
    0x01, 0xFE, 0x0C, 0x00, 0x30, 0x00, 0xE0, 0x03, 0x80, 0x07, 0x8F, 0xFF, 0xFF, 0xFF, 0xCF, 0xE0,
    0x00, 0x0F, 0x81, 0xFE, 0x1F, 0xF8, 0xE0, 0xC3, 0x86, 0x0E, 0x70, 0x3F, 0x00, 0xF0, 0xFF, 0xFF,
    0xFF, 0xFC, 0x1E, 0x02, 0x00, 0x0E, 0x00, 0x3C, 0x00, 0x30, 0x00, 0x00, 0x00, 0x00, 0x07, 0xE0,
    0x1F, 0xE0, 0x7F, 0xE0, 0xE0, 0xC0, 0xE1, 0x80, 0xC7, 0x00, 0xDC, 0x00, 0xF0, 0x01, 0xFC, 0x07,
    0xFC, 0x18, 0xF8, 0x60, 0x00, 0x80, 0x01, 0x00, 0x02, 0x00, 0x06, 0x00, 0x0E, 0x03, 0x0F, 0xFE,
    0x0F, 0xF0, 0x01, 0x00, 0x02, 0x00, 0x1C, 0x00, 0x70, 0x00, 0x80, 0x00, 0x00, 0x00, 0x00, 0x78,
    0x03, 0xF0, 0x1F, 0xE0, 0xC0, 0x03, 0x00, 0x0E, 0x00, 0x38, 0x00, 0x78, 0xFF, 0xFF, 0xFF, 0xFC,
    0xFE, 0x00, 0x02, 0x00, 0x38, 0x03, 0xC0, 0x04, 0x00, 0x00, 0x00, 0x00, 0x3E, 0x07, 0xF8, 0x7F,
    0xE3, 0x83, 0x0E, 0x18, 0x39, 0xC0, 0xFC, 0x03, 0xC3, 0xFF, 0xFF, 0xFF, 0xF0, 0x78, 0x00, 0x00,
    0x40, 0x00, 0x00, 0xE0, 0x00, 0x01, 0xE0, 0x00, 0x00, 0xC0, 0x00, 0x00, 0x00, 0x00, 0x00, 0x00,
    0x00, 0x01, 0xF0, 0x00, 0x03, 0xF0, 0x00, 0x07, 0xB8, 0x40, 0x06, 0x18, 0x40, 0x06, 0x18, 0x40,
    0x04, 0x08, 0x60, 0x07, 0x38, 0x70, 0x03, 0xF0, 0x7F, 0xFF, 0xFE, 0x3F, 0xFF, 0xFE, 0x0F, 0xFE,
    0x1E, 0x00, 0x00, 0x20, 0x07, 0x00, 0x70, 0x02, 0x00, 0x00, 0x02, 0x00, 0xF8, 0x0F, 0xC1, 0x9E,
    0x10, 0x61, 0x06, 0x18, 0x71, 0xFF, 0x0F, 0xB0, 0x03, 0x00, 0x77, 0xFE, 0x7F, 0xC7, 0xE0, 0x00,
    0x00, 0x70, 0x0F, 0x00, 0x60, 0x00, 0x00, 0x00, 0x07, 0x00, 0xF8, 0x1F, 0xC3, 0x8C, 0x30, 0xC2,
    0x04, 0x30, 0xC3, 0xFC, 0xFF, 0xFF, 0xFF, 0xF9, 0xF0, 0x00, 0x00, 0x00, 0x23, 0x00, 0x1D, 0xE0,
    0x07, 0x30, 0x00, 0x80, 0x00, 0x00, 0x00, 0x07, 0x80, 0x03, 0xF0, 0x00, 0xFC, 0x00, 0x63, 0x80,
    0x10, 0x60, 0x04, 0x0C, 0x01, 0x83, 0x00, 0x7F, 0xE4, 0x0F, 0xFD, 0x01, 0xFF, 0x40, 0x01, 0x10,
    0x00, 0xC6, 0x00, 0x21, 0x80, 0x38, 0x70, 0x3C, 0x0F, 0xFE, 0x01, 0xFE, 0x00, 0x08, 0x00, 0x00,
    0x81, 0x9C, 0x3D, 0xC1, 0x88, 0x00, 0x00, 0x20, 0x0F, 0x80, 0xFC, 0x19, 0xE1, 0x06, 0x10, 0x61,
    0x87, 0x1F, 0xF0, 0xFB, 0x00, 0x30, 0x07, 0x7F, 0xE7, 0xFC, 0x7E, 0x00, 0x00, 0x00, 0x98, 0x1D,
    0xC1, 0x98, 0x08, 0x00, 0x00, 0x07, 0x00, 0xF8, 0x1F, 0xC3, 0x8C, 0x30, 0xC2, 0x04, 0x30, 0xC3,
    0xFC, 0xFF, 0xFF, 0xFF, 0xF9, 0xF0, 0x00, 0x00, 0x00, 0x00, 0x04, 0x00, 0x00, 0x60, 0x00, 0x03,
    0x00, 0x00, 0x18, 0x00, 0x00, 0x40, 0x00, 0x02, 0x00, 0x00, 0x10, 0x00, 0x00, 0x80, 0x03, 0x04,
    0x00, 0x20, 0x20, 0x01, 0x01, 0x00, 0x0E, 0x08, 0x00, 0x10, 0x41, 0x03, 0x02, 0x08, 0x00, 0x10,
    0x40, 0x00, 0x83, 0x00, 0x04, 0x1F, 0xFF, 0xFC, 0x7F, 0xFF, 0xF1, 0xFF, 0x83, 0x80, 0x00, 0x00,
    0x03, 0x00, 0xF0, 0x7E, 0x1F, 0x87, 0xE0, 0xF8, 0x0C, 0x00, 0xF0, 0x0F, 0xC0, 0x7E, 0x00, 0xF0,
    0x03, 0x80, 0x1C, 0x00, 0xC0, 0x0C, 0x01, 0xCF, 0xF8, 0xFF, 0x0F, 0xC0, 0x00, 0x00, 0x00, 0xE0,
    0x0F, 0x80, 0xFC, 0x1F, 0xC0, 0xF8, 0x07, 0x80, 0x38, 0x00, 0x70, 0x00, 0xF0, 0x01, 0xE0, 0x01,
    0xC0, 0x03, 0x80, 0x07, 0x00, 0x0C, 0x00, 0x10, 0x01, 0xC3, 0xFF, 0xFF, 0xF3, 0xFF, 0x07, 0x00,
    0x10, 0x00, 0x1C, 0x00, 0x0E, 0x00, 0x07, 0x00, 0x03, 0x80, 0x01, 0xC0, 0x00, 0x60, 0x00, 0x30,
    0x00, 0x18, 0x00, 0x0C, 0x00, 0x06, 0x00, 0x03, 0x80, 0x00, 0xC0, 0x00, 0x60, 0x00, 0x30, 0x00,
    0x18, 0x00, 0x0C, 0x00, 0x07, 0x90, 0x03, 0xE8, 0x00, 0xF4, 0x00, 0x42, 0x00, 0x21, 0x80, 0x30,
    0xC0, 0x30, 0x70, 0x78, 0x1F, 0xF8, 0x07, 0xF0, 0x00, 0x80, 0x00, 0x01, 0xCE, 0x73, 0x9C, 0x63,
    0x18, 0xC6, 0x31, 0x8C, 0x63, 0x1F, 0xBD, 0xC0, 0x00, 0x10, 0x30, 0x30, 0x30, 0x10, 0x10, 0x10,
    0x10, 0x10, 0x10, 0x10, 0x10, 0x10, 0x10, 0x10, 0x10, 0xFF, 0xFF, 0xE7, 0x01, 0x80, 0x1F, 0x01,
    0xFE, 0x0F, 0x98, 0x7C, 0x63, 0x61, 0xCD, 0xC3, 0x37, 0xEF, 0xCF, 0xFF, 0x0F, 0xBC, 0x00, 0x30,
    0x00, 0xC0, 0x03, 0x00, 0x04, 0x00, 0x18, 0x00, 0x60, 0x01, 0x80, 0x04, 0x00, 0x00, 0x01, 0xC0,
    0x1F, 0x01, 0xF8, 0x18, 0xE0, 0xC7, 0x0C, 0x18, 0x70, 0xDF, 0xFE, 0xFF, 0xF6, 0x0F, 0x00, 0x03,
    0x00, 0x7C, 0x07, 0xF0, 0x39, 0x83, 0x8C, 0x18, 0x70, 0xE1, 0x9F, 0xEF, 0xFF, 0xFF, 0x9E, 0xC0,
    0x00, 0x00, 0x01, 0x00, 0x01, 0xC0, 0x00, 0xE0, 0x00, 0x20, 0x00, 0x00, 0x00, 0x00, 0x30, 0x00,
    0x38, 0x00, 0x1C, 0x00, 0x0F, 0x90, 0x03, 0xC8, 0x01, 0xE4, 0x00, 0x42, 0x00, 0x21, 0x80, 0x30,
    0xC0, 0x30, 0x70, 0x78, 0x1F, 0xF8, 0x07, 0xF0, 0x00, 0x80, 0x00, 0x00, 0x10, 0x70, 0xE0, 0x80,
    0x00, 0x02, 0x0C, 0x1C, 0x38, 0x70, 0x60, 0xC1, 0xFE, 0xFD, 0xE0, 0x00, 0x04, 0x07, 0x03, 0x80,
    0x80, 0x00, 0x00, 0x00, 0x04, 0x06, 0x07, 0x07, 0xEF, 0xFF, 0x1C, 0x00, 0x00, 0x30, 0x03, 0x00,
    0x70, 0x1F, 0x03, 0xB0, 0x63, 0x0C, 0x30, 0xC1, 0x0F, 0xF0, 0x7F, 0xE1, 0xDF, 0x00, 0x70, 0x00,
    0x00, 0x0F, 0x00, 0x3F, 0x00, 0x7F, 0x01, 0x9F, 0x02, 0x37, 0x0C, 0x26, 0x18, 0xC6, 0x19, 0x8C,
    0x3E, 0x19, 0xFF, 0x13, 0xFF, 0xE7, 0x8F, 0x80, 0x00, 0x00, 0x00, 0x00, 0x18, 0x03, 0x80, 0x78,
    0x0D, 0x80, 0xDC, 0x19, 0xC1, 0x8C, 0x38, 0x83, 0x18, 0xFF, 0x7F, 0xFF, 0xFF, 0xF7, 0x1C, 0x38,
    0x61, 0xC2, 0x1F, 0xE0, 0xFE, 0x07, 0xC0, 0x07, 0x00, 0x3E, 0x00, 0xFC, 0x06, 0x38, 0x10, 0x60,
    0x41, 0x81, 0x82, 0x07, 0xFE, 0x1F, 0xF8, 0x1F, 0xE0, 0x06, 0x00, 0x18, 0x01, 0xC3, 0xFE, 0x07,
    0xF8, 0x07, 0x80, 0x00, 0x0F, 0xE8, 0x03, 0xFD, 0x00, 0x7F, 0xA0, 0x07, 0x84, 0x00, 0x38, 0xC0,
    0x01, 0x18, 0x00, 0x63, 0xC0, 0x78, 0x3F, 0xFE, 0x03, 0xFF, 0x00, 0x0C, 0x00, 0x00, 0x00, 0x0F,
    0xE8, 0x03, 0xFD, 0x00, 0x7F, 0xA0, 0x07, 0x84, 0x00, 0x38, 0xC0, 0x01, 0x18, 0x00, 0x63, 0xC0,
    0x78, 0x3F, 0xFE, 0x03, 0xFF, 0x00, 0x0C, 0x00, 0x00, 0x00, 0x00, 0xCE, 0x00, 0x3D, 0xC0, 0x03,
    0x30, 0x00, 0x00, 0x00, 0x00, 0x00, 0x40, 0x30, 0x0E, 0x03, 0x80, 0xE0, 0x18, 0x06, 0x01, 0xBF,
    0xCF, 0xF3, 0xE0, 0x00, 0x00, 0x01, 0x18, 0xEE, 0x39, 0x84, 0x00, 0x00, 0x00, 0x20, 0x0C, 0x03,
    0x81, 0xFD, 0xFF, 0xFE, 0x38, 0x00, 0x00, 0x02, 0x30, 0xEF, 0x1C, 0xC1, 0x00, 0x20, 0x02, 0x3F,
    0x83, 0x37, 0x81, 0x80, 0x00, 0xE0, 0x00, 0x60, 0x60, 0x30, 0x38, 0x18, 0x1E, 0x0C, 0x07, 0x86,
    0x00, 0xE1, 0x00, 0x38, 0x80, 0x0E, 0xC0, 0x01, 0xE0, 0x00, 0x60, 0x00, 0x30, 0x00, 0x3C, 0x00,
    0x33, 0x00, 0x30, 0x80, 0x7F, 0xC0, 0x3F, 0xE0, 0x1F, 0xE0, 0x30, 0x80, 0x03, 0xFC, 0x04, 0x17,
    0x80, 0x60, 0x00, 0x03, 0x00, 0x00, 0x18, 0x04, 0x00, 0xC0, 0x70, 0x06, 0x03, 0xC0, 0x30, 0x0F,
    0x03, 0x80, 0x1C, 0x1C, 0x00, 0x60, 0xE0, 0x01, 0x87, 0x00, 0x0C, 0x28, 0x00, 0x33, 0x40, 0x00,
    0x9A, 0x00, 0x07, 0xD0, 0x00, 0x1C, 0x80, 0x01, 0xE4, 0x00, 0x3E, 0x3C, 0x0F, 0xF0, 0xF0, 0xFE,
    0x03, 0x80, 0x70, 0x03, 0x40, 0x08, 0x00, 0xBC, 0x06, 0xE0, 0x1A, 0x00, 0x70, 0x01, 0x9C, 0x06,
    0x78, 0x18, 0xF0, 0x63, 0xE1, 0x81, 0xC2, 0x03, 0x88, 0x07, 0x60, 0x0F, 0x80, 0x0C, 0x00, 0x30,
    0x01, 0xE0, 0x0C, 0x80, 0x61, 0x07, 0xFC, 0x3F, 0xF0, 0xFF, 0x80, 0x70, 0x00, 0x34, 0x00, 0x08,
    0x00, 0x03, 0xC0, 0x10, 0xE0, 0x0C, 0x20, 0x03, 0x00, 0x00, 0xC1, 0x80, 0x30, 0x70, 0x0C, 0x1E,
    0x07, 0x07, 0x81, 0xC0, 0x70, 0x70, 0x0E, 0x1C, 0x01, 0x85, 0x00, 0x31, 0x40, 0x0C, 0xD0, 0x01,
    0xB4, 0x00, 0x39, 0x00, 0x0E, 0x40, 0x0F, 0x1F, 0x1F, 0xC3, 0xDF, 0xC0, 0x70, 0x00, 0x10, 0x01,
    0x80, 0x0C, 0x00, 0x74, 0x03, 0x30, 0x1B, 0xC0, 0xCF, 0x86, 0x3E, 0x10, 0x78, 0x80, 0xEC, 0x03,
    0xE0, 0x0E, 0x00, 0x30, 0x03, 0xC0, 0x32, 0x03, 0x08, 0x7F, 0xC7, 0xFE, 0x3F, 0xE0, 0x00, 0x00,
    0x00, 0x60, 0x07, 0x80, 0x20, 0x01, 0xE0, 0x0F, 0x00, 0x60, 0x00, 0x00, 0x00, 0x00, 0x00, 0x00,
    0x03, 0x00, 0x00, 0xC0, 0x00, 0x30, 0x00, 0x0C, 0x38, 0x03, 0x0F, 0x00, 0xC3, 0xC0, 0x70, 0x78,
    0x1C, 0x07, 0x07, 0x00, 0xC1, 0xC0, 0x18, 0x50, 0x06, 0x34, 0x00, 0xCD, 0x00, 0x17, 0x40, 0x07,
    0x90, 0x01, 0xE4, 0x01, 0xF1, 0xE3, 0xF8, 0x3F, 0xFC, 0x07, 0x00, 0x00, 0x00, 0x00, 0x01, 0x80,
    0x00, 0xF0, 0x00, 0x20, 0x00, 0x0F, 0x00, 0x03, 0xC0, 0x00, 0xC0, 0x00, 0x00, 0x00, 0x00, 0x00,
    0x10, 0x00, 0xC0, 0x03, 0x00, 0x0E, 0x00, 0x31, 0x80, 0xC7, 0x83, 0x1F, 0x0C, 0x3E, 0x10, 0x1C,
    0x40, 0x39, 0x00, 0x7C, 0x00, 0xE0, 0x01, 0x80, 0x0F, 0x00, 0x66, 0x03, 0x08, 0x3F, 0xE0, 0xFF,
    0x83, 0xFC, 0x00, 0x00, 0x00, 0x03, 0x00, 0x00, 0xC0, 0x00, 0x30, 0x40, 0x0C, 0x38, 0x03, 0x0F,
    0x00, 0xC1, 0xE0, 0x70, 0x38, 0x1C, 0x07, 0x07, 0x00, 0xE1, 0xC0, 0x18, 0x50, 0x03, 0x34, 0x00,
    0xCD, 0x00, 0x17, 0x40, 0x07, 0x90, 0x01, 0xE4, 0x00, 0xF1, 0xE3, 0xFC, 0x3D, 0xFC, 0x07,
};

static const EpdGlyph ui_14_mediumGlyphs[] = {
    { 0, 0, 124, 0, 0, 0, 0 }, // U+0020
    { 4, 21, 142, 2, 21, 11, 0 }, // !
    { 9, 8, 231, 3, 21, 9, 11 }, // "
    { 19, 21, 298, 0, 21, 50, 20 }, // #
    { 17, 28, 302, 1, 25, 60, 70 }, // $
    { 23, 21, 464, 3, 21, 61, 130 }, // %
    { 18, 21, 305, 1, 21, 48, 191 }, // &
    { 4, 8, 146, 3, 21, 4, 239 }, // '
    { 7, 26, 172, 3, 22, 23, 243 }, // (
    { 8, 26, 172, 1, 22, 26, 266 }, // )
    { 12, 12, 243, 2, 21, 18, 292 }, // *
    { 15, 15, 312, 2, 16, 29, 310 }, // +
    { 6, 8, 142, 1, 3, 6, 339 }, // ,
    { 9, 3, 216, 2, 11, 4, 345 }, // -
    { 4, 4, 142, 2, 4, 2, 349 }, // .
    { 11, 25, 173, 0, 22, 35, 351 }, // /
    { 16, 21, 301, 2, 21, 42, 386 }, // 0
    { 9, 21, 194, 1, 21, 24, 428 }, // 1
    { 14, 21, 288, 2, 21, 37, 452 }, // 2
    { 16, 21, 293, 1, 21, 42, 489 }, // 3
    { 16, 21, 306, 2, 21, 42, 531 }, // 4
    { 15, 21, 281, 2, 21, 40, 573 }, // 5
    { 16, 21, 294, 2, 21, 42, 613 }, // 6
    { 14, 21, 267, 1, 21, 37, 655 }, // 7
    { 15, 21, 294, 2, 21, 40, 692 }, // 8
    { 16, 21, 294, 2, 21, 42, 732 }, // 9
    { 4, 15, 142, 2, 15, 8, 774 }, // :
    { 5, 20, 147, 2, 15, 13, 782 }, // ;
    { 14, 17, 312, 2, 17, 30, 795 }, // <
    { 13, 9, 312, 3, 13, 15, 825 }, // =
    { 14, 17, 312, 3, 17, 30, 840 }, // >
    { 13, 21, 246, 1, 21, 35, 870 }, // ?
    { 27, 27, 459, 2, 21, 92, 905 }, // @
    { 21, 21, 331, 0, 21, 56, 997 }, // A
    { 16, 21, 307, 2, 21, 42, 1053 }, // B
    { 19, 21, 342, 2, 21, 50, 1095 }, // C
    { 18, 21, 337, 2, 21, 48, 1145 }, // D
    { 14, 21, 281, 2, 21, 37, 1193 }, // E
    { 13, 21, 275, 2, 21, 35, 1230 }, // F
    { 19, 21, 349, 2, 21, 50, 1265 }, // G
    { 17, 21, 348, 2, 21, 45, 1315 }, // H
    { 4, 21, 127, 2, 21, 11, 1360 }, // I
    { 14, 21, 268, 1, 21, 37, 1371 }, // J
    { 17, 21, 321, 2, 21, 45, 1408 }, // K
    { 13, 21, 264, 2, 21, 35, 1453 }, // L
    { 22, 21, 426, 2, 21, 58, 1488 }, // M
    { 18, 21, 353, 2, 21, 48, 1546 }, // N
    { 20, 21, 358, 2, 21, 53, 1594 }, // O
    { 15, 21, 299, 2, 21, 40, 1647 }, // P
    { 20, 23, 359, 2, 21, 58, 1687 }, // Q
    { 16, 21, 302, 2, 21, 42, 1745 }, // R
    { 17, 21, 302, 1, 21, 45, 1787 }, // S
    { 16, 21, 305, 1, 21, 42, 1832 }, // T
    { 17, 21, 346, 2, 21, 45, 1874 }, // U
    { 20, 21, 331, 0, 21, 53, 1919 }, // V
    { 29, 21, 468, 0, 21, 77, 1972 }, // W
    { 20, 21, 327, 0, 21, 53, 2049 }, // X
    { 19, 21, 325, 1, 21, 50, 2102 }, // Y
    { 15, 21, 299, 2, 21, 40, 2152 }, // Z
    { 6, 27, 172, 3, 23, 21, 2192 }, // [
    { 11, 25, 173, 0, 22, 35, 2213 }, // <backslash>
    { 7, 27, 172, 2, 23, 24, 2248 }, // ]
    { 13, 10, 222, 0, 21, 17, 2272 }, // ^
    { 14, 3, 216, 0, 0, 6, 2289 }, // _
    { 6, 4, 157, 2, 22, 3, 2295 }, // `
    { 14, 16, 265, 1, 16, 28, 2298 }, // a
    { 15, 21, 289, 2, 21, 40, 2326 }, // b
    { 15, 16, 269, 1, 16, 30, 2366 }, // c
    { 15, 21, 289, 1, 21, 40, 2396 }, // d
    { 15, 16, 274, 1, 16, 30, 2436 }, // e
    { 11, 22, 177, 1, 22, 31, 2466 }, // f
    { 15, 22, 289, 1, 16, 42, 2497 }, // g
    { 14, 21, 281, 2, 21, 37, 2539 }, // h
    { 4, 22, 118, 2, 22, 11, 2576 }, // i
    { 6, 28, 118, 0, 22, 21, 2587 }, // j
    { 14, 21, 261, 2, 21, 37, 2608 }, // k
    { 4, 21, 118, 2, 21, 11, 2645 }, // l
    { 22, 16, 415, 2, 16, 44, 2656 }, // m
    { 14, 16, 281, 2, 16, 28, 2700 }, // n
    { 15, 16, 282, 1, 16, 30, 2728 }, // o
    { 15, 22, 289, 2, 16, 42, 2758 }, // p
    { 15, 22, 289, 1, 16, 42, 2800 }, // q
    { 9, 17, 181, 2, 17, 20, 2842 }, // r
    { 14, 16, 251, 1, 16, 28, 2862 }, // s
    { 10, 20, 159, 0, 20, 25, 2890 }, // t
    { 14, 16, 281, 2, 16, 28, 2915 }, // u
    { 17, 16, 268, 0, 16, 34, 2943 }, // v
    { 24, 16, 387, 0, 16, 48, 2977 }, // w
    { 16, 16, 260, 0, 16, 32, 3025 }, // x
    { 17, 22, 268, 0, 16, 47, 3057 }, // y
    { 13, 16, 261, 2, 16, 26, 3104 }, // z
    { 9, 27, 206, 2, 23, 31, 3130 }, // {
    { 4, 35, 161, 4, 28, 18, 3161 }, // |
    { 10, 27, 206, 2, 23, 34, 3179 }, // }
    { 15, 6, 312, 2, 12, 12, 3213 }, // ~
    { 0, 0, 124, 0, 0, 0, 3225 }, // U+00A0
    { 4, 21, 142, 2, 16, 11, 3225 }, // U+00A1
    { 16, 13, 284, 1, 16, 26, 3236 }, // U+00AB
    { 10, 10, 213, 2, 22, 13, 3262 }, // U+00B0
    { 4, 4, 142, 2, 12, 2, 3275 }, // U+00B7
    { 12, 12, 226, 1, 22, 18, 3277 }, // U+00BA
    { 16, 13, 284, 1, 16, 26, 3295 }, // U+00BB
    { 13, 22, 246, 1, 16, 36, 3321 }, // U+00BF
    { 21, 27, 331, 0, 27, 71, 3357 }, // U+00C0
    { 21, 27, 331, 0, 27, 71, 3428 }, // U+00C1
    { 21, 28, 331, 0, 28, 74, 3499 }, // U+00C2
    { 21, 27, 331, 0, 27, 71, 3573 }, // U+00C4
    { 21, 29, 331, 0, 29, 77, 3644 }, // U+00C5
    { 27, 21, 468, 0, 21, 71, 3721 }, // U+00C6
    { 19, 27, 342, 2, 21, 65, 3792 }, // U+00C7
    { 14, 27, 281, 2, 27, 48, 3857 }, // U+00C9
    { 14, 28, 281, 2, 28, 49, 3905 }, // U+00CA
    { 6, 27, 127, 2, 27, 21, 3954 }, // U+00CD
    { 11, 28, 127, -2, 28, 39, 3975 }, // U+00CE
    { 20, 28, 358, 2, 28, 70, 4014 }, // U+00D2
    { 20, 28, 358, 2, 28, 70, 4084 }, // U+00D3
    { 20, 28, 358, 2, 28, 70, 4154 }, // U+00D6
    { 20, 23, 358, 2, 22, 58, 4224 }, // U+00D8
    { 17, 28, 346, 2, 28, 60, 4282 }, // U+00D9
    { 17, 28, 346, 2, 28, 60, 4342 }, // U+00DA
    { 17, 28, 346, 2, 28, 60, 4402 }, // U+00DC
    { 19, 27, 325, 1, 27, 65, 4462 }, // U+00DD
    { 15, 21, 294, 2, 21, 40, 4527 }, // U+00DF
    { 14, 22, 265, 1, 22, 39, 4567 }, // U+00E0
    { 14, 22, 265, 1, 22, 39, 4606 }, // U+00E1
    { 14, 23, 265, 1, 23, 41, 4645 }, // U+00E2
    { 14, 21, 265, 1, 21, 37, 4686 }, // U+00E3
    { 14, 22, 265, 1, 22, 39, 4723 }, // U+00E4
    { 14, 24, 265, 1, 24, 42, 4762 }, // U+00E5
    { 24, 16, 427, 1, 16, 48, 4804 }, // U+00E6
    { 15, 22, 269, 1, 16, 42, 4852 }, // U+00E7
    { 15, 22, 274, 1, 22, 42, 4894 }, // U+00E8
    { 15, 22, 274, 1, 22, 42, 4936 }, // U+00E9
    { 15, 23, 274, 1, 23, 44, 4978 }, // U+00EA
    { 15, 22, 274, 1, 22, 42, 5022 }, // U+00EB
    { 7, 22, 118, -1, 22, 20, 5064 }, // U+00EC
    { 6, 22, 118, 2, 22, 17, 5084 }, // U+00ED
    { 11, 22, 118, -2, 22, 31, 5101 }, // U+00EE
    { 10, 22, 118, -1, 22, 28, 5132 }, // U+00EF
    { 14, 21, 281, 2, 21, 37, 5160 }, // U+00F1
    { 15, 22, 282, 1, 22, 42, 5197 }, // U+00F2
    { 15, 22, 282, 1, 22, 42, 5239 }, // U+00F3
    { 15, 23, 282, 1, 23, 44, 5281 }, // U+00F4
    { 15, 21, 282, 1, 21, 40, 5325 }, // U+00F5
    { 15, 22, 282, 1, 22, 42, 5365 }, // U+00F6
    { 17, 18, 282, 0, 17, 39, 5407 }, // U+00F8
    { 14, 22, 281, 2, 22, 39, 5446 }, // U+00F9
    { 14, 22, 281, 2, 22, 39, 5485 }, // U+00FA
    { 14, 23, 281, 2, 23, 41, 5524 }, // U+00FB
    { 14, 22, 281, 2, 22, 39, 5565 }, // U+00FC
    { 17, 28, 268, 0, 22, 60, 5604 }, // U+00FD
    { 14, 22, 265, 1, 22, 39, 5664 }, // U+0103
    { 15, 22, 265, 1, 16, 42, 5703 }, // U+0105
    { 15, 22, 269, 1, 22, 42, 5745 }, // U+0107
    { 19, 28, 342, 2, 28, 67, 5787 }, // U+010C
    { 15, 23, 269, 1, 23, 44, 5854 }, // U+010D
    { 18, 28, 337, 2, 28, 63, 5898 }, // U+010E
    { 20, 22, 338, 1, 22, 55, 5961 }, // U+010F
    { 21, 21, 347, 0, 21, 56, 6016 }, // U+0110
    { 17, 21, 289, 1, 21, 45, 6072 }, // U+0111
    { 14, 27, 281, 2, 27, 48, 6117 }, // U+0116
    { 15, 22, 274, 1, 22, 42, 6165 }, // U+0117
    { 15, 27, 281, 2, 21, 51, 6207 }, // U+0118
    { 15, 22, 274, 1, 16, 42, 6258 }, // U+0119
    { 14, 28, 281, 2, 28, 49, 6300 }, // U+011A
    { 15, 23, 274, 1, 23, 44, 6349 }, // U+011B
    { 19, 28, 349, 2, 28, 67, 6393 }, // U+011E
    { 15, 29, 289, 1, 23, 55, 6460 }, // U+011F
    { 9, 21, 118, -1, 21, 24, 6515 }, // U+0129
    { 7, 27, 127, 1, 21, 24, 6539 }, // U+012E
    { 7, 28, 118, 0, 22, 25, 6563 }, // U+012F
    { 4, 27, 127, 2, 27, 14, 6588 }, // U+0130
    { 4, 16, 118, 2, 16, 8, 6602 }, // U+0131
    { 6, 27, 118, 2, 27, 21, 6610 }, // U+013A
    { 13, 22, 264, 2, 22, 36, 6631 }, // U+013D
    { 8, 22, 167, 2, 22, 22, 6667 }, // U+013E
    { 16, 21, 279, 0, 21, 42, 6689 }, // U+0141
    { 9, 21, 118, -1, 21, 24, 6731 }, // U+0142
    { 14, 22, 281, 2, 22, 39, 6755 }, // U+0144
    { 14, 22, 281, 2, 22, 39, 6794 }, // U+0148
    { 15, 22, 282, 1, 22, 42, 6833 }, // U+0151
    { 9, 22, 181, 2, 22, 25, 6875 }, // U+0155
    { 16, 28, 302, 2, 28, 56, 6900 }, // U+0158
    { 11, 22, 181, 1, 22, 31, 6956 }, // U+0159
    { 17, 28, 302, 1, 28, 60, 6987 }, // U+015A
    { 14, 22, 251, 1, 22, 39, 7047 }, // U+015B
    { 17, 27, 302, 1, 21, 58, 7086 }, // U+015E
    { 14, 22, 251, 1, 16, 39, 7144 }, // U+015F
    { 17, 28, 302, 1, 28, 60, 7183 }, // U+0160
    { 14, 23, 251, 1, 23, 41, 7243 }, // U+0161
    { 11, 26, 159, 0, 20, 36, 7284 }, // U+0163
    { 16, 28, 305, 1, 28, 56, 7320 }, // U+0164
    { 11, 23, 186, 0, 23, 32, 7376 }, // U+0165
    { 14, 21, 281, 2, 21, 37, 7408 }, // U+016B
    { 17, 29, 346, 2, 29, 62, 7445 }, // U+016E
    { 14, 24, 281, 2, 24, 42, 7507 }, // U+016F
    { 17, 28, 346, 2, 28, 60, 7549 }, // U+0170
    { 14, 22, 281, 2, 22, 39, 7609 }, // U+0171
    { 17, 27, 346, 2, 21, 58, 7648 }, // U+0172
    { 15, 22, 281, 2, 16, 42, 7706 }, // U+0173
    { 13, 22, 261, 2, 22, 36, 7748 }, // U+017A
    { 13, 22, 261, 2, 22, 36, 7784 }, // U+017C
    { 15, 28, 299, 2, 28, 53, 7820 }, // U+017D
    { 13, 22, 261, 2, 22, 36, 7873 }, // U+017E
    { 17, 20, 281, 1, 20, 43, 7909 }, // U+01A1
    { 16, 20, 295, 2, 20, 40, 7952 }, // U+01B0
    { 17, 27, 302, 1, 21, 58, 7992 }, // U+0218
    { 14, 22, 251, 1, 16, 39, 8050 }, // U+0219
    { 16, 28, 305, 1, 21, 56, 8089 }, // U+021A
    { 10, 27, 159, 0, 20, 34, 8145 }, // U+021B
    { 19, 21, 342, 2, 21, 50, 8179 }, // U+0404
    { 4, 21, 127, 2, 21, 11, 8229 }, // U+0406
    { 21, 21, 331, 0, 21, 56, 8240 }, // U+0410
    { 15, 21, 302, 2, 21, 40, 8296 }, // U+0411
    { 16, 21, 307, 2, 21, 42, 8336 }, // U+0412
    { 14, 21, 271, 2, 21, 37, 8378 }, // U+0413
    { 22, 26, 390, 1, 21, 72, 8415 }, // U+0414
    { 14, 21, 281, 2, 21, 37, 8487 }, // U+0415
    { 29, 21, 465, 0, 21, 77, 8524 }, // U+0416
    { 16, 21, 293, 1, 21, 42, 8601 }, // U+0417
    { 18, 21, 353, 2, 21, 48, 8643 }, // U+0418
    { 18, 28, 353, 2, 28, 63, 8691 }, // U+0419
    { 17, 21, 321, 2, 21, 45, 8754 }, // U+041A
    { 19, 21, 349, 1, 21, 50, 8799 }, // U+041B
    { 22, 21, 426, 2, 21, 58, 8849 }, // U+041C
    { 17, 21, 348, 2, 21, 45, 8907 }, // U+041D
    { 20, 21, 358, 2, 21, 53, 8952 }, // U+041E
    { 17, 21, 348, 2, 21, 45, 9005 }, // U+041F
    { 15, 21, 299, 2, 21, 40, 9050 }, // U+0420
    { 19, 21, 342, 2, 21, 50, 9090 }, // U+0421
    { 16, 21, 305, 1, 21, 42, 9140 }, // U+0422
    { 19, 21, 304, 0, 21, 50, 9182 }, // U+0423
    { 22, 24, 388, 2, 22, 66, 9232 }, // U+0424
    { 20, 21, 327, 0, 21, 53, 9298 }, // U+0425
    { 19, 26, 344, 2, 21, 62, 9351 }, // U+0426
    { 16, 21, 328, 2, 21, 42, 9413 }, // U+0427
    { 24, 21, 452, 2, 21, 63, 9455 }, // U+0428
    { 26, 26, 461, 2, 21, 85, 9518 }, // U+0429
    { 22, 21, 418, 2, 21, 58, 9603 }, // U+042B
    { 16, 21, 305, 2, 21, 42, 9661 }, // U+042C
    { 20, 21, 342, 1, 21, 53, 9703 }, // U+042D
    { 16, 21, 302, 1, 21, 42, 9756 }, // U+042F
    { 14, 16, 265, 1, 16, 28, 9798 }, // U+0430
    { 15, 21, 280, 1, 21, 40, 9826 }, // U+0431
    { 14, 16, 266, 2, 16, 28, 9866 }, // U+0432
    { 10, 16, 206, 2, 16, 20, 9894 }, // U+0433
    { 18, 21, 294, 1, 16, 48, 9914 }, // U+0434
    { 15, 16, 274, 1, 16, 30, 9962 }, // U+0435
    { 23, 16, 387, 1, 16, 46, 9992 }, // U+0436
    { 13, 16, 235, 1, 16, 26, 10038 }, // U+0437
    { 14, 16, 281, 2, 16, 28, 10064 }, // U+0438
    { 14, 22, 281, 2, 22, 39, 10092 }, // U+0439
    { 14, 16, 259, 2, 16, 28, 10131 }, // U+043A
    { 15, 16, 273, 1, 16, 30, 10159 }, // U+043B
    { 19, 16, 366, 2, 16, 38, 10189 }, // U+043C
    { 14, 16, 280, 2, 16, 28, 10227 }, // U+043D
    { 15, 16, 282, 1, 16, 30, 10255 }, // U+043E
    { 14, 16, 278, 2, 16, 28, 10285 }, // U+043F
    { 15, 22, 289, 2, 16, 42, 10313 }, // U+0440
    { 15, 16, 269, 1, 16, 30, 10355 }, // U+0441
    { 13, 16, 224, 1, 16, 26, 10385 }, // U+0442
    { 17, 22, 268, 0, 16, 47, 10411 }, // U+0443
    { 19, 27, 335, 1, 21, 65, 10458 }, // U+0444
    { 16, 16, 260, 0, 16, 32, 10523 }, // U+0445
    { 16, 21, 288, 2, 16, 42, 10555 }, // U+0446
    { 13, 16, 273, 2, 16, 26, 10597 }, // U+0447
    { 21, 16, 390, 2, 16, 42, 10623 }, // U+0448
    { 23, 21, 399, 2, 16, 61, 10665 }, // U+0449
    { 19, 16, 306, 0, 16, 38, 10726 }, // U+044A
    { 18, 16, 355, 2, 16, 36, 10764 }, // U+044B
    { 14, 16, 266, 2, 16, 28, 10800 }, // U+044C
    { 16, 16, 269, 0, 16, 32, 10828 }, // U+044D
    { 22, 16, 397, 2, 16, 44, 10860 }, // U+044E
    { 14, 16, 262, 0, 16, 28, 10904 }, // U+044F
    { 15, 22, 274, 1, 22, 42, 10932 }, // U+0451
    { 15, 16, 269, 1, 16, 30, 10974 }, // U+0454
    { 4, 22, 118, 2, 22, 11, 11004 }, // U+0456
    { 10, 22, 118, -1, 22, 28, 11015 }, // U+0457
    { 17, 28, 268, 0, 22, 60, 11043 }, // U+045E
    { 11, 20, 206, 2, 20, 28, 11103 }, // U+0491
    { 17, 21, 271, -1, 21, 45, 11131 }, // U+0492
    { 12, 16, 206, 1, 16, 24, 11176 }, // U+0493
    { 19, 26, 338, 2, 21, 62, 11200 }, // U+049A
    { 15, 21, 271, 2, 16, 40, 11262 }, // U+049B
    { 20, 26, 356, 2, 21, 65, 11302 }, // U+04A2
    { 16, 21, 289, 2, 16, 42, 11367 }, // U+04A3
    { 19, 21, 325, 1, 21, 50, 11409 }, // U+04AE
    { 17, 22, 268, 0, 16, 47, 11459 }, // U+04AF
    { 20, 21, 325, 0, 21, 53, 11506 }, // U+04B0
    { 16, 22, 268, 1, 16, 44, 11559 }, // U+04B1
    { 19, 21, 348, 2, 21, 50, 11603 }, // U+04D8
    { 15, 16, 274, 1, 16, 30, 11653 }, // U+04D9
    { 20, 21, 358, 2, 21, 53, 11683 }, // U+04E8
    { 15, 16, 282, 1, 16, 30, 11736 }, // U+04E9
    { 5, 5, 0, 2, -1, 4, 11766 }, // U+0591
    { 5, 5, 0, 2, 24, 4, 11770 }, // U+0592
    { 4, 5, 0, 1, 24, 3, 11774 }, // U+0593
    { 2, 6, 0, 2, 25, 2, 11777 }, // U+0594
    { 5, 5, 0, 1, 24, 4, 11779 }, // U+0595
    { 4, 4, 0, 1, -2, 2, 11783 }, // U+0596
    { 4, 5, 0, 1, 23, 3, 11785 }, // U+0597
    { 7, 4, 0, 1, 23, 4, 11788 }, // U+0598
    { 4, 4, 0, 1, 23, 2, 11792 }, // U+0599
    { 5, 5, 0, 1, -2, 4, 11794 }, // U+059A
    { 4, 5, 0, 1, -1, 3, 11798 }, // U+059B
    { 4, 4, 0, 1, 22, 2, 11801 }, // U+059C
    { 4, 4, 0, 1, 22, 2, 11803 }, // U+059D
    { 8, 4, 0, 1, 22, 4, 11805 }, // U+059E
    { 11, 5, 0, 1, 23, 7, 11809 }, // U+059F
    { 5, 5, 0, 1, 23, 4, 11816 }, // U+05A0
    { 5, 4, 0, 1, 22, 3, 11820 }, // U+05A1
    { 5, 4, 0, 2, -2, 3, 11823 }, // U+05A2
    { 5, 5, 0, 1, -2, 4, 11826 }, // U+05A3
    { 5, 5, 0, 1, -2, 4, 11830 }, // U+05A4
    { 4, 4, 0, 1, -2, 2, 11834 }, // U+05A5
    { 8, 4, 0, 1, -2, 4, 11836 }, // U+05A6
    { 5, 6, 0, 1, -1, 4, 11840 }, // U+05A7
    { 4, 4, 0, 1, 22, 2, 11844 }, // U+05A8
    { 5, 5, 0, 1, 23, 4, 11846 }, // U+05A9
    { 5, 4, 0, 2, -2, 3, 11850 }, // U+05AA
    { 5, 5, 0, 1, 24, 4, 11853 }, // U+05AB
    { 5, 5, 0, 1, 23, 4, 11857 }, // U+05AC
    { 4, 4, 0, 1, -2, 2, 11861 }, // U+05AD
    { 7, 4, 0, 1, 23, 4, 11863 }, // U+05AE
    { 4, 4, 0, 1, 23, 2, 11867 }, // U+05AF
    { 2, 6, 0, 2, 0, 2, 11869 }, // U+05B0
    { 8, 6, 0, 2, 0, 6, 11871 }, // U+05B1
    { 8, 6, 0, 2, 0, 6, 11877 }, // U+05B2
    { 8, 6, 0, 2, 0, 6, 11883 }, // U+05B3
    { 2, 3, 0, 2, -1, 1, 11889 }, // U+05B4
    { 5, 3, 0, 2, -1, 2, 11890 }, // U+05B5
    { 5, 6, 0, 2, 0, 4, 11892 }, // U+05B6
    { 5, 2, 0, 2, -2, 2, 11896 }, // U+05B7
    { 5, 5, 0, 2, -2, 4, 11898 }, // U+05B8
    { 2, 3, 0, 2, 22, 1, 11902 }, // U+05B9
    { 2, 3, 0, 2, 22, 1, 11903 }, // U+05BA
    { 7, 6, 0, 2, 0, 6, 11904 }, // U+05BB
    { 2, 3, 0, 2, 11, 1, 11910 }, // U+05BC
    { 2, 5, 0, 1, -2, 2, 11911 }, // U+05BD
    { 7, 3, 151, 1, 18, 3, 11913 }, // U+05BE
    { 6, 2, 0, 2, 21, 2, 11916 }, // U+05BF
    { 2, 29, 245, 7, 22, 8, 11918 }, // U+05C0
    { 2, 3, 0, 2, 22, 1, 11926 }, // U+05C1
    { 2, 3, 0, 2, 22, 1, 11927 }, // U+05C2
    { 3, 16, 115, 2, 16, 6, 11928 }, // U+05C3
    { 2, 3, 0, 2, 22, 1, 11934 }, // U+05C4
    { 2, 3, 0, 2, -1, 1, 11935 }, // U+05C5
    { 9, 17, 185, 2, 17, 20, 11936 }, // U+05C6
    { 4, 4, 0, 2, -2, 2, 11956 }, // U+05C7
    { 17, 17, 295, 1, 17, 37, 11958 }, // U+05D0
    { 15, 17, 267, 1, 17, 32, 11995 }, // U+05D1
    { 10, 18, 175, 0, 17, 23, 12027 }, // U+05D2
    { 15, 17, 253, 1, 17, 32, 12050 }, // U+05D3
    { 15, 17, 293, 1, 17, 32, 12082 }, // U+05D4
    { 6, 17, 140, 1, 17, 13, 12114 }, // U+05D5
    { 9, 17, 154, 1, 17, 20, 12127 }, // U+05D6
    { 17, 17, 309, 1, 17, 37, 12147 }, // U+05D7
    { 15, 17, 296, 2, 17, 32, 12184 }, // U+05D8
    { 6, 10, 138, 1, 17, 8, 12216 }, // U+05D9
    { 14, 23, 254, 0, 17, 41, 12224 }, // U+05DA
    { 13, 17, 240, 1, 17, 28, 12265 }, // U+05DB
    { 14, 22, 244, 1, 22, 39, 12293 }, // U+05DC
    { 17, 17, 319, 1, 17, 37, 12332 }, // U+05DD
    { 18, 17, 308, 0, 17, 39, 12369 }, // U+05DE
    { 6, 23, 154, 1, 17, 18, 12408 }, // U+05DF
    { 8, 17, 177, 1, 17, 17, 12426 }, // U+05E0
    { 16, 17, 300, 1, 17, 34, 12443 }, // U+05E1
    { 15, 20, 277, 1, 18, 38, 12477 }, // U+05E2
    { 15, 23, 289, 1, 17, 44, 12515 }, // U+05E3
    { 15, 17, 281, 2, 17, 32, 12559 }, // U+05E4
    { 15, 23, 247, 0, 17, 44, 12591 }, // U+05E5
    { 14, 17, 260, 1, 17, 30, 12635 }, // U+05E6
    { 16, 23, 293, 2, 17, 46, 12665 }, // U+05E7
    { 13, 17, 244, 0, 17, 28, 12711 }, // U+05E8
    { 18, 17, 341, 2, 17, 39, 12739 }, // U+05E9
    { 18, 17, 320, 0, 17, 39, 12778 }, // U+05EA
    { 16, 15, 295, 1, 22, 30, 12817 }, // U+05EF
    { 14, 17, 275, 1, 17, 30, 12847 }, // U+05F0
    { 15, 17, 281, 1, 17, 32, 12877 }, // U+05F1
    { 15, 10, 280, 1, 17, 19, 12909 }, // U+05F2
    { 5, 8, 87, 0, 17, 5, 12928 }, // U+05F3
    { 10, 8, 170, 0, 17, 10, 12933 }, // U+05F4
    { 32, 8, 531, 1, 7, 32, 12943 }, // U+0600
    { 47, 8, 767, 0, 1, 47, 12975 }, // U+0601
    { 35, 7, 576, 1, 6, 31, 13022 }, // U+0602
    { 30, 9, 505, 1, 6, 34, 13053 }, // U+0603
    { 66, 19, 1084, 1, 14, 157, 13087 }, // U+0604
    { 30, 5, 467, 0, 28, 19, 13244 }, // U+0605
    { 16, 22, 251, -1, 21, 44, 13263 }, // U+0606
    { 16, 22, 251, -1, 21, 44, 13307 }, // U+0607
    { 26, 21, 463, 1, 13, 69, 13351 }, // U+0608
    { 16, 17, 258, 0, 15, 34, 13420 }, // U+0609
    { 21, 17, 337, 0, 15, 45, 13454 }, // U+060A
    { 12, 30, 196, -1, 20, 45, 13499 }, // U+060B
    { 4, 8, 99, 1, 6, 4, 13544 }, // U+060C
    { 6, 10, 140, 1, 5, 8, 13548 }, // U+060D
    { 24, 9, 399, 1, 9, 27, 13556 }, // U+060E
    { 17, 25, 302, 0, 16, 54, 13583 }, // U+060F
    { 6, 6, 0, 0, 28, 5, 13637 }, // U+0610
    { 7, 6, 0, 0, 28, 6, 13642 }, // U+0611
    { 8, 7, 0, 0, 29, 7, 13648 }, // U+0612
    { 9, 9, 0, 0, 30, 11, 13655 }, // U+0613
    { 11, 4, 0, -1, 25, 6, 13666 }, // U+0614
    { 7, 6, 0, 0, 36, 6, 13672 }, // U+0615
    { 12, 10, 0, -1, 41, 15, 13678 }, // U+0616
    { 5, 9, 0, -1, 40, 6, 13693 }, // U+0617
    { 4, 4, 0, 0, 25, 2, 13699 }, // U+0618
    { 4, 5, 0, 0, 26, 3, 13701 }, // U+0619
    { 5, 4, 0, -1, -1, 3, 13704 }, // U+061A
    { 4, 16, 99, 1, 13, 8, 13707 }, // U+061B
    { 0, 0, 0, 0, 0, 0, 13715 }, // U+061C
    { 11, 16, 202, 0, 16, 22, 13715 }, // U+061D
    { 9, 8, 166, 1, 6, 9, 13737 }, // U+061E
    { 10, 19, 198, 1, 17, 24, 13746 }, // U+061F
    { 14, 18, 253, 2, 10, 32, 13770 }, // U+0620
    { 12, 11, 204, 1, 9, 17, 13802 }, // U+0621
    { 9, 25, 111, -1, 24, 29, 13819 }, // U+0622
    { 4, 26, 111, 1, 26, 13, 13848 }, // U+0623
    { 12, 22, 218, 1, 16, 33, 13861 }, // U+0624
    { 4, 27, 111, 2, 20, 14, 13894 }, // U+0625
    { 16, 18, 288, 1, 10, 36, 13908 }, // U+0626
    { 3, 20, 111, 2, 20, 8, 13944 }, // U+0627
    { 20, 19, 360, 1, 12, 48, 13952 }, // U+0628
    { 10, 18, 190, 1, 18, 23, 14000 }, // U+0629
    { 20, 14, 360, 1, 14, 35, 14023 }, // U+062A
    { 20, 15, 360, 1, 15, 38, 14058 }, // U+062B
    { 18, 20, 297, 1, 12, 45, 14096 }, // U+062C
    { 18, 20, 297, 1, 12, 45, 14141 }, // U+062D
    { 18, 26, 297, 1, 18, 59, 14186 }, // U+062E
    { 10, 12, 193, 1, 12, 15, 14245 }, // U+062F
    { 10, 18, 193, 1, 18, 23, 14260 }, // U+0630
    { 11, 17, 180, -1, 11, 24, 14283 }, // U+0631
    { 11, 22, 180, -1, 16, 31, 14307 }, // U+0632
    { 27, 19, 473, 1, 11, 65, 14338 }, // U+0633
    { 27, 24, 473, 1, 16, 81, 14403 }, // U+0634
    { 30, 19, 512, 1, 11, 72, 14484 }, // U+0635
    { 30, 26, 512, 1, 18, 98, 14556 }, // U+0636
    { 20, 20, 359, 1, 20, 50, 14654 }, // U+0637
    { 20, 20, 359, 1, 20, 50, 14704 }, // U+0638
    { 18, 22, 282, 1, 14, 50, 14754 }, // U+0639
    { 18, 29, 282, 1, 21, 66, 14804 }, // U+063A
    { 20, 20, 337, 1, 20, 50, 14870 }, // U+063B
    { 20, 28, 337, 1, 20, 70, 14920 }, // U+063C
    { 16, 18, 288, 1, 10, 36, 14990 }, // U+063D
    { 18, 18, 288, -1, 10, 41, 15026 }, // U+063E
    { 17, 18, 288, 0, 10, 39, 15067 }, // U+063F
    { 7, 3, 98, 0, 3, 3, 15106 }, // U+0640
    { 23, 20, 396, 1, 20, 58, 15109 }, // U+0641
    { 17, 24, 302, 1, 16, 51, 15167 }, // U+0642
    { 14, 21, 260, 1, 21, 37, 15218 }, // U+0643
    { 15, 28, 278, 1, 20, 53, 15255 }, // U+0644
    { 12, 20, 228, 2, 11, 30, 15308 }, // U+0645
    { 15, 19, 274, 1, 11, 36, 15338 }, // U+0646
    { 18, 14, 295, 0, 13, 32, 15374 }, // U+0647
    { 12, 16, 218, 1, 10, 24, 15406 }, // U+0648
    { 16, 18, 288, 1, 10, 36, 15430 }, // U+0649
    { 16, 24, 288, 1, 10, 48, 15466 }, // U+064A
    { 6, 7, 0, 1, 28, 6, 15514 }, // U+064B
    { 8, 6, 0, -1, 28, 6, 15520 }, // U+064C
    { 6, 6, 0, 1, -1, 5, 15526 }, // U+064D
    { 6, 5, 0, 0, 26, 4, 15531 }, // U+064E
    { 6, 6, 0, 0, 28, 5, 15535 }, // U+064F
    { 6, 4, 0, 0, -1, 3, 15540 }, // U+0650
    { 7, 5, 0, -1, 27, 5, 15543 }, // U+0651
    { 6, 5, 0, -1, 25, 4, 15548 }, // U+0652
    { 9, 3, 0, -1, 25, 4, 15552 }, // U+0653
    { 4, 6, 0, 0, 27, 3, 15556 }, // U+0654
    { 4, 6, 0, 0, -1, 3, 15559 }, // U+0655
    { 2, 8, 0, 0, 0, 2, 15562 }, // U+0656
    { 7, 6, 0, -1, 27, 6, 15564 }, // U+0657
    { 6, 5, 0, 0, 26, 4, 15570 }, // U+0658
    { 8, 2, 0, -1, 24, 2, 15574 }, // U+0659
    { 6, 6, 0, 0, 28, 5, 15576 }, // U+065A
    { 6, 6, 0, 0, 27, 5, 15581 }, // U+065B
    { 4, 4, 0, 0, -1, 2, 15586 }, // U+065C
    { 6, 6, 0, 0, 28, 5, 15588 }, // U+065D
    { 7, 7, 0, -1, 28, 7, 15593 }, // U+065E
    { 7, 6, 0, -1, -1, 6, 15600 }, // U+065F
    { 5, 6, 147, 2, 10, 4, 15606 }, // U+0660
    { 6, 17, 147, 1, 17, 13, 15610 }, // U+0661
    { 9, 18, 193, 2, 17, 21, 15623 }, // U+0662
    { 12, 18, 223, 1, 17, 27, 15644 }, // U+0663
    { 10, 18, 196, 2, 18, 23, 15671 }, // U+0664
    { 10, 13, 178, 1, 15, 17, 15694 }, // U+0665
    { 11, 18, 208, 1, 18, 25, 15711 }, // U+0666
    { 13, 17, 204, 0, 17, 28, 15736 }, // U+0667
    { 13, 17, 204, -1, 17, 28, 15764 }, // U+0668
    { 11, 18, 202, 0, 18, 25, 15792 }, // U+0669
    { 11, 17, 187, 0, 15, 24, 15817 }, // U+066A
    { 7, 13, 104, -2, 6, 12, 15841 }, // U+066B
    { 7, 12, 104, 0, 17, 11, 15853 }, // U+066C
    { 12, 11, 187, 0, 12, 17, 15864 }, // U+066D
    { 20, 12, 360, 1, 12, 30, 15881 }, // U+066E
    { 17, 18, 302, 1, 10, 39, 15911 }, // U+066F
    { 2, 9, 0, 0, 30, 3, 15950 }, // U+0670
    { 8, 26, 111, -1, 26, 26, 15953 }, // U+0671
    { 7, 26, 111, -1, 26, 23, 15979 }, // U+0672
    { 7, 28, 111, -1, 20, 25, 16002 }, // U+0673
    { 12, 11, 204, 1, 16, 17, 16027 }, // U+0674
    { 18, 21, 315, 2, 21, 48, 16044 }, // U+0675
    { 26, 21, 422, 1, 15, 69, 16092 }, // U+0676
    { 26, 24, 422, 1, 18, 78, 16161 }, // U+0677
    { 30, 23, 492, 1, 15, 87, 16239 }, // U+0678
    { 20, 16, 360, 1, 16, 40, 16326 }, // U+0679
    { 20, 16, 360, 1, 16, 40, 16366 }, // U+067A
    { 20, 21, 360, 1, 12, 53, 16406 }, // U+067B
    { 20, 16, 360, 1, 14, 40, 16459 }, // U+067C
    { 20, 15, 360, 1, 15, 38, 16499 }, // U+067D
    { 20, 20, 360, 1, 12, 50, 16537 }, // U+067E
    { 20, 15, 360, 1, 15, 38, 16587 }, // U+067F
    { 20, 19, 360, 1, 12, 48, 16625 }, // U+0680
    { 18, 26, 297, 1, 18, 59, 16673 }, // U+0681
    { 18, 28, 297, 1, 20, 63, 16732 }, // U+0682
    { 18, 20, 297, 1, 12, 45, 16795 }, // U+0683
    { 18, 20, 297, 1, 12, 45, 16840 }, // U+0684
    { 18, 27, 297, 1, 19, 61, 16885 }, // U+0685
    { 18, 20, 297, 1, 12, 45, 16946 }, // U+0686
    { 18, 20, 297, 1, 12, 45, 16991 }, // U+0687
    { 10, 19, 193, 1, 19, 24, 17036 }, // U+0688
    { 11, 15, 193, 1, 12, 21, 17060 }, // U+0689
    { 10, 18, 193, 1, 12, 23, 17081 }, // U+068A
    { 10, 25, 193, 1, 19, 32, 17104 }, // U+068B
    { 10, 18, 193, 1, 18, 23, 17136 }, // U+068C
    { 10, 18, 193, 1, 12, 23, 17159 }, // U+068D
    { 10, 19, 193, 1, 19, 24, 17182 }, // U+068E
    { 10, 19, 193, 1, 19, 24, 17206 }, // U+068F
    { 10, 19, 193, 1, 19, 24, 17230 }, // U+0690
    { 12, 24, 180, -2, 18, 36, 17254 }, // U+0691
    { 11, 23, 180, -1, 17, 32, 17290 }, // U+0692
    { 11, 19, 180, -1, 11, 27, 17322 }, // U+0693
    { 11, 23, 180, -1, 11, 32, 17349 }, // U+0694
    { 11, 23, 180, -1, 11, 32, 17381 }, // U+0695
    { 11, 23, 180, -1, 11, 32, 17413 }, // U+0696
    { 12, 22, 180, -1, 16, 33, 17445 }, // U+0697
    { 11, 24, 180, -1, 18, 33, 17478 }, // U+0698
    { 11, 23, 180, -1, 17, 32, 17511 }, // U+0699
    { 27, 22, 473, 1, 14, 75, 17543 }, // U+069A
    { 27, 19, 473, 1, 11, 65, 17618 }, // U+069B
    { 27, 24, 473, 1, 16, 81, 17683 }, // U+069C
    { 30, 19, 512, 1, 11, 72, 17764 }, // U+069D
    { 30, 27, 512, 1, 19, 102, 17836 }, // U+069E
    { 20, 20, 359, 1, 20, 50, 17938 }, // U+069F
    { 18, 30, 282, 1, 22, 68, 17988 }, // U+06A0
    { 23, 14, 396, 1, 14, 41, 18056 }, // U+06A1
    { 23, 20, 396, 1, 14, 58, 18097 }, // U+06A2
    { 23, 26, 396, 1, 20, 75, 18155 }, // U+06A3
    { 23, 22, 396, 1, 22, 64, 18230 }, // U+06A4
    { 23, 21, 396, 1, 14, 61, 18294 }, // U+06A5
    { 23, 21, 396, 1, 21, 61, 18355 }, // U+06A6
    { 17, 24, 302, 1, 16, 51, 18416 }, // U+06A7
    { 17, 26, 302, 1, 18, 56, 18467 }, // U+06A8
    { 20, 20, 337, 1, 20, 50, 18523 }, // U+06A9
    { 29, 16, 474, 0, 16, 58, 18573 }, // U+06AA
    { 20, 20, 337, 1, 20, 50, 18631 }, // U+06AB
    { 14, 21, 260, 1, 21, 37, 18681 }, // U+06AC
    { 14, 21, 260, 1, 21, 37, 18718 }, // U+06AD
    { 14, 29, 260, 1, 21, 51, 18755 }, // U+06AE
    { 20, 22, 337, 1, 22, 55, 18806 }, // U+06AF
    { 20, 23, 337, 1, 23, 58, 18861 }, // U+06B0
    { 20, 23, 337, 1, 23, 58, 18919 }, // U+06B1
    { 20, 28, 337, 1, 22, 70, 18977 }, // U+06B2
    { 20, 31, 337, 1, 22, 78, 19047 }, // U+06B3
    { 20, 24, 337, 1, 24, 60, 19125 }, // U+06B4
    { 15, 34, 278, 1, 26, 64, 19185 }, // U+06B5
    { 15, 33, 278, 1, 25, 62, 19249 }, // U+06B6
    { 16, 34, 278, 1, 26, 68, 19311 }, // U+06B7
    { 15, 35, 278, 1, 20, 66, 19379 }, // U+06B8
    { 15, 25, 274, 1, 11, 47, 19445 }, // U+06B9
    { 15, 15, 274, 1, 7, 29, 19492 }, // U+06BA
    { 15, 20, 274, 1, 12, 38, 19521 }, // U+06BB
    { 15, 22, 274, 1, 12, 42, 19559 }, // U+06BC
    { 15, 20, 274, 1, 12, 38, 19601 }, // U+06BD
    { 18, 14, 295, 0, 13, 32, 19639 }, // U+06BE
    { 18, 26, 297, 1, 18, 59, 19671 }, // U+06BF
    { 10, 18, 190, 1, 18, 23, 19730 }, // U+06C0
    { 10, 12, 190, 1, 12, 15, 19753 }, // U+06C1
    { 10, 18, 190, 1, 18, 23, 19768 }, // U+06C2
    { 10, 18, 190, 1, 18, 23, 19791 }, // U+06C3
    { 12, 17, 218, 0, 10, 26, 19814 }, // U+06C4
    { 13, 17, 218, 0, 10, 28, 19840 }, // U+06C5
    { 12, 23, 218, 1, 17, 35, 19868 }, // U+06C6
    { 12, 24, 218, 1, 18, 36, 19903 }, // U+06C7
    { 12, 30, 218, 1, 24, 45, 19939 }, // U+06C8
    { 12, 23, 218, 1, 17, 35, 19984 }, // U+06C9
    { 12, 22, 218, 1, 16, 33, 20019 }, // U+06CA
    { 12, 24, 218, 1, 18, 36, 20052 }, // U+06CB
    { 16, 18, 288, 1, 10, 36, 20088 }, // U+06CC
    { 20, 18, 288, -3, 10, 45, 20124 }, // U+06CD
    { 17, 18, 288, 0, 10, 39, 20169 }, // U+06CE
    { 12, 22, 218, 1, 16, 33, 20208 }, // U+06CF
    { 16, 26, 288, 1, 10, 52, 20241 }, // U+06D0
    { 16, 25, 288, 1, 10, 50, 20293 }, // U+06D1
    { 20, 10, 361, 2, 10, 25, 20343 }, // U+06D2
    { 21, 15, 361, 2, 15, 40, 20368 }, // U+06D3
    { 7, 3, 113, 0, 3, 3, 20408 }, // U+06D4
    { 10, 12, 190, 1, 12, 15, 20411 }, // U+06D5
    { 15, 10, 0, 0, 41, 19, 20426 }, // U+06D6
    { 11, 10, 0, 0, 41, 14, 20445 }, // U+06D7
    { 8, 6, 0, 0, 36, 6, 20459 }, // U+06D8
    { 7, 8, 0, -1, 39, 7, 20465 }, // U+06D9
    { 8, 7, 0, 0, 38, 7, 20472 }, // U+06DA
    { 6, 6, 0, 0, 36, 5, 20479 }, // U+06DB
    { 11, 7, 0, -1, 38, 10, 20484 }, // U+06DC
    { 33, 39, 588, 2, 31, 161, 20494 }, // U+06DD
    { 26, 26, 430, 1, 20, 85, 20655 }, // U+06DE
    { 6, 4, 0, -1, 26, 3, 20740 }, // U+06DF
    { 6, 5, 0, -1, 27, 4, 20743 }, // U+06E0
    { 6, 6, 0, -1, 27, 5, 20747 }, // U+06E1
    { 5, 8, 0, 0, 28, 5, 20752 }, // U+06E2
    { 11, 7, 0, -1, -1, 10, 20757 }, // U+06E3
    { 9, 3, 0, -1, 25, 4, 20767 }, // U+06E4
    { 5, 6, 96, 0, 5, 4, 20771 }, // U+06E5
    { 9, 4, 137, 0, 4, 5, 20775 }, // U+06E6
    { 8, 4, 0, 0, 26, 4, 20780 }, // U+06E7
    { 6, 8, 0, -1, 38, 6, 20784 }, // U+06E8
    { 15, 21, 238, 0, 19, 40, 20790 }, // U+06E9
    { 4, 4, 0, 0, -1, 2, 20830 }, // U+06EA
    { 4, 5, 0, 0, 26, 3, 20832 }, // U+06EB
    { 4, 4, 0, 0, 26, 2, 20835 }, // U+06EC
    { 5, 8, 0, 0, -1, 5, 20837 }, // U+06ED
    { 10, 18, 193, 1, 18, 23, 20842 }, // U+06EE
    { 11, 22, 180, -1, 16, 31, 20865 }, // U+06EF
    { 5, 6, 147, 2, 10, 4, 20896 }, // U+06F0
    { 6, 17, 147, 1, 17, 13, 20900 }, // U+06F1
    { 9, 18, 193, 2, 17, 21, 20913 }, // U+06F2
    { 12, 18, 223, 1, 17, 27, 20934 }, // U+06F3
    { 12, 18, 218, 1, 18, 27, 20961 }, // U+06F4
    { 12, 17, 212, 1, 17, 26, 20988 }, // U+06F5
    { 11, 18, 207, 1, 17, 25, 21014 }, // U+06F6
    { 13, 17, 204, 0, 17, 28, 21039 }, // U+06F7
    { 13, 17, 204, -1, 17, 28, 21067 }, // U+06F8
    { 11, 18, 202, 0, 18, 25, 21095 }, // U+06F9
    { 27, 24, 473, 1, 16, 81, 21120 }, // U+06FA
    { 30, 26, 512, 1, 18, 98, 21201 }, // U+06FB
    { 18, 29, 282, 1, 21, 66, 21299 }, // U+06FC
    { 12, 18, 204, 1, 9, 27, 21365 }, // U+06FD
    { 12, 20, 228, 1, 11, 30, 21392 }, // U+06FE
    { 18, 21, 295, 0, 20, 48, 21422 }, // U+06FF
    { 20, 18, 360, 1, 12, 45, 21470 }, // U+0750
    { 20, 22, 360, 1, 15, 55, 21515 }, // U+0751
    { 20, 20, 360, 1, 12, 50, 21570 }, // U+0752
    { 20, 22, 360, 1, 14, 55, 21620 }, // U+0753
    { 20, 20, 360, 1, 14, 50, 21675 }, // U+0754
    { 20, 19, 360, 1, 12, 48, 21725 }, // U+0755
    { 20, 15, 360, 1, 15, 38, 21773 }, // U+0756
    { 18, 25, 297, 1, 17, 57, 21811 }, // U+0757
    { 18, 20, 297, 1, 12, 45, 21868 }, // U+0758
    { 10, 27, 193, 1, 19, 34, 21913 }, // U+0759
    { 10, 19, 193, 1, 12, 24, 21947 }, // U+075A
    { 12, 16, 180, -1, 10, 24, 21971 }, // U+075B
    { 27, 23, 473, 1, 15, 78, 21995 }, // U+075C
    { 18, 28, 282, 1, 20, 63, 22073 }, // U+075D
    { 18, 30, 282, 1, 22, 68, 22136 }, // U+075E
    { 18, 31, 282, 1, 23, 70, 22204 }, // U+075F
    { 23, 20, 396, 1, 14, 58, 22274 }, // U+0760
    { 23, 21, 396, 1, 14, 61, 22332 }, // U+0761
    { 20, 21, 337, 1, 21, 53, 22393 }, // U+0762
    { 20, 22, 337, 1, 22, 55, 22446 }, // U+0763
    { 20, 28, 337, 1, 20, 70, 22501 }, // U+0764
    { 12, 26, 228, 2, 17, 39, 22571 }, // U+0765
    { 12, 20, 228, 2, 11, 30, 22610 }, // U+0766
    { 15, 25, 274, 1, 11, 47, 22640 }, // U+0767
    { 15, 25, 274, 1, 17, 47, 22687 }, // U+0768
    { 15, 25, 274, 1, 17, 47, 22734 }, // U+0769
    { 16, 28, 278, 1, 20, 56, 22781 }, // U+076A
    { 11, 25, 180, -1, 19, 35, 22837 }, // U+076B
    { 11, 22, 180, -1, 16, 31, 22872 }, // U+076C
    { 27, 25, 473, 1, 17, 85, 22903 }, // U+076D
    { 17, 21, 297, 1, 12, 45, 22988 }, // U+076E
    { 18, 21, 297, 1, 12, 48, 23033 }, // U+076F
    { 27, 26, 473, 1, 18, 88, 23081 }, // U+0770
    { 11, 26, 180, -1, 20, 36, 23169 }, // U+0771
    { 17, 27, 297, 1, 19, 58, 23205 }, // U+0772
    { 6, 20, 111, -1, 20, 15, 23263 }, // U+0773
    { 6, 21, 111, -1, 21, 16, 23278 }, // U+0774
    { 16, 20, 288, 1, 12, 40, 23294 }, // U+0775
    { 16, 21, 288, 1, 13, 42, 23334 }, // U+0776
    { 16, 28, 288, 1, 10, 56, 23376 }, // U+0777
    { 12, 21, 218, 0, 15, 32, 23432 }, // U+0778
    { 13, 21, 218, 0, 15, 35, 23464 }, // U+0779
    { 21, 16, 361, 1, 16, 42, 23499 }, // U+077A
    { 21, 16, 361, 1, 16, 42, 23541 }, // U+077B
    { 18, 20, 297, 1, 12, 45, 23583 }, // U+077C
    { 27, 26, 473, 1, 18, 88, 23628 }, // U+077D
    { 27, 22, 473, 1, 14, 75, 23716 }, // U+077E
    { 14, 21, 260, 1, 21, 37, 23791 }, // U+077F
    { 14, 22, 265, 1, 16, 39, 23828 }, // U+1EA1
    { 21, 27, 331, 0, 27, 71, 23867 }, // U+1EA2
    { 14, 23, 265, 1, 23, 41, 23938 }, // U+1EA3
    { 14, 27, 265, 1, 27, 48, 23979 }, // U+1EA5
    { 21, 32, 331, 0, 32, 84, 24027 }, // U+1EA6
    { 14, 27, 265, 1, 27, 48, 24111 }, // U+1EA7
    { 21, 32, 331, 0, 32, 84, 24159 }, // U+1EA8
    { 14, 27, 265, 1, 27, 48, 24243 }, // U+1EA9
    { 14, 27, 265, 1, 27, 48, 24291 }, // U+1EAB
    { 21, 34, 331, 0, 28, 90, 24339 }, // U+1EAC
    { 14, 28, 265, 1, 22, 49, 24429 }, // U+1EAD
    { 21, 32, 331, 0, 32, 84, 24478 }, // U+1EAE
    { 14, 27, 265, 1, 27, 48, 24562 }, // U+1EAF
    { 14, 27, 265, 1, 27, 48, 24610 }, // U+1EB1
    { 14, 27, 265, 1, 27, 48, 24658 }, // U+1EB5
    { 14, 28, 265, 1, 22, 49, 24706 }, // U+1EB7
    { 15, 22, 274, 1, 16, 42, 24755 }, // U+1EB9
    { 15, 22, 274, 1, 22, 42, 24797 }, // U+1EBB
    { 15, 21, 274, 1, 21, 40, 24839 }, // U+1EBD
    { 15, 27, 274, 1, 27, 51, 24879 }, // U+1EBF
    { 14, 32, 281, 2, 32, 56, 24930 }, // U+1EC0
    { 15, 27, 274, 1, 27, 51, 24986 }, // U+1EC1
    { 15, 27, 274, 1, 27, 51, 25037 }, // U+1EC3
    { 15, 28, 274, 1, 22, 53, 25088 }, // U+1EC7
    { 5, 22, 118, 1, 22, 14, 25141 }, // U+1EC9
    { 4, 28, 118, 2, 22, 14, 25155 }, // U+1ECB
    { 20, 27, 358, 2, 21, 68, 25169 }, // U+1ECC
    { 15, 22, 282, 1, 16, 42, 25237 }, // U+1ECD
    { 15, 22, 282, 1, 22, 42, 25279 }, // U+1ECF
    { 20, 32, 358, 2, 32, 80, 25321 }, // U+1ED0
    { 15, 27, 282, 1, 27, 51, 25401 }, // U+1ED1
    { 20, 32, 358, 2, 32, 80, 25452 }, // U+1ED2
    { 15, 27, 282, 1, 27, 51, 25532 }, // U+1ED3
    { 15, 27, 282, 1, 27, 51, 25583 }, // U+1ED5
    { 15, 27, 282, 1, 27, 51, 25634 }, // U+1ED7
    { 20, 34, 358, 2, 28, 85, 25685 }, // U+1ED8
    { 15, 28, 282, 1, 22, 53, 25770 }, // U+1ED9
    { 17, 22, 281, 1, 22, 47, 25823 }, // U+1EDB
    { 17, 22, 281, 1, 22, 47, 25870 }, // U+1EDD
    { 20, 28, 358, 2, 28, 70, 25917 }, // U+1EDE
    { 17, 22, 281, 1, 22, 47, 25987 }, // U+1EDF
    { 17, 21, 281, 1, 21, 45, 26034 }, // U+1EE1
    { 17, 26, 281, 1, 20, 56, 26079 }, // U+1EE3
    { 14, 22, 281, 2, 16, 39, 26135 }, // U+1EE5
    { 17, 28, 346, 2, 28, 60, 26174 }, // U+1EE6
    { 14, 22, 281, 2, 22, 39, 26234 }, // U+1EE7
    { 16, 22, 295, 2, 22, 44, 26273 }, // U+1EE9
    { 16, 22, 295, 2, 22, 44, 26317 }, // U+1EEB
    { 16, 22, 295, 2, 22, 44, 26361 }, // U+1EED
    { 16, 21, 295, 2, 21, 42, 26405 }, // U+1EEF
    { 16, 26, 295, 2, 20, 52, 26447 }, // U+1EF1
    { 2, 21, 0, -1, 20, 6, 26499 }, // U+200C
    { 7, 22, 0, -3, 21, 20, 26505 }, // U+200D
    { 8, 22, 0, -1, 20, 22, 26525 }, // U+200E
    { 7, 22, 0, -6, 20, 20, 26547 }, // U+200F
    { 15, 3, 233, 0, 11, 6, 26567 }, // U+2013
    { 29, 3, 467, 0, 11, 11, 26573 }, // U+2014
    { 5, 8, 129, 2, 21, 5, 26584 }, // U+2018
    { 5, 8, 129, 2, 21, 5, 26589 }, // U+2019
    { 11, 8, 221, 2, 21, 11, 26594 }, // U+201C
    { 11, 8, 220, 2, 21, 11, 26605 }, // U+201D
    { 11, 8, 210, 1, 3, 11, 26616 }, // U+201E
    { 22, 4, 425, 2, 4, 11, 26627 }, // U+2026
    { 25, 27, 429, 1, 25, 85, 26638 }, // U+AC00
    { 26, 27, 429, 0, 25, 88, 26723 }, // U+AC01
    { 26, 27, 429, 0, 25, 88, 26811 }, // U+AC04
    { 25, 27, 429, 1, 25, 85, 26899 }, // U+AC08
    { 25, 28, 429, 1, 25, 88, 26984 }, // U+AC12
    { 26, 27, 429, 1, 25, 88, 27072 }, // U+AC15
    { 23, 27, 429, 1, 25, 78, 27160 }, // U+AC1C
    { 24, 27, 429, 1, 25, 81, 27238 }, // U+AC24
    { 23, 27, 429, 1, 25, 78, 27319 }, // U+AC70
    { 23, 27, 429, 1, 25, 78, 27397 }, // U+AC80
    { 23, 27, 429, 1, 25, 78, 27475 }, // U+AC8C
    { 25, 28, 429, 1, 25, 88, 27553 }, // U+ACA0
    { 23, 27, 429, 1, 25, 78, 27641 }, // U+ACA8
    { 23, 26, 429, 1, 24, 75, 27719 }, // U+ACA9
    { 24, 26, 429, 1, 24, 78, 27794 }, // U+ACB0
    { 23, 27, 429, 1, 25, 78, 27872 }, // U+ACBD
    { 23, 27, 429, 1, 25, 78, 27950 }, // U+ACC4
    { 24, 22, 429, 1, 22, 66, 28028 }, // U+ACE0
    { 25, 25, 429, 1, 23, 79, 28094 }, // U+ACF5
    { 26, 27, 429, 0, 25, 88, 28173 }, // U+ACFC
    { 25, 27, 429, 1, 25, 85, 28261 }, // U+AD00
    { 25, 25, 429, 1, 23, 79, 28346 }, // U+AD6C
    { 25, 26, 429, 1, 24, 82, 28425 }, // U+AD6D
    { 23, 27, 429, 1, 25, 78, 28507 }, // U+ADC0
    { 26, 25, 429, 0, 23, 82, 28585 }, // U+ADE0
    { 25, 21, 429, 1, 22, 66, 28667 }, // U+ADF8
    { 25, 25, 429, 1, 23, 79, 28733 }, // U+ADFC
    { 25, 26, 429, 1, 24, 82, 28812 }, // U+AE00
    { 25, 25, 429, 1, 23, 79, 28894 }, // U+AE08
    { 25, 26, 429, 1, 24, 82, 28973 }, // U+AE09
    { 23, 27, 429, 1, 25, 78, 29055 }, // U+AE30
    { 23, 27, 429, 1, 25, 78, 29133 }, // U+AE38
    { 23, 26, 429, 1, 24, 75, 29211 }, // U+AE40
    { 26, 27, 429, 0, 25, 88, 29286 }, // U+AE4C
    { 23, 27, 429, 1, 25, 78, 29374 }, // U+AECD
    { 23, 27, 429, 1, 25, 78, 29452 }, // U+AED8
    { 26, 26, 429, 0, 24, 85, 29530 }, // U+AF34
    { 25, 25, 429, 1, 23, 79, 29615 }, // U+AFB8
    { 25, 21, 429, 1, 22, 66, 29694 }, // U+B044
    { 25, 26, 429, 1, 24, 82, 29760 }, // U+B05D
    { 24, 27, 429, 2, 25, 81, 29842 }, // U+B098
    { 25, 27, 429, 2, 25, 85, 29923 }, // U+B09C
    { 25, 27, 429, 2, 25, 85, 30008 }, // U+B0A0
    { 25, 27, 429, 2, 25, 85, 30093 }, // U+B0A8
    { 25, 27, 429, 2, 24, 85, 30178 }, // U+B0AC
    { 23, 27, 429, 2, 25, 78, 30263 }, // U+B0B4
    { 23, 27, 429, 2, 25, 78, 30341 }, // U+B0B8
    { 23, 27, 429, 2, 25, 78, 30419 }, // U+B108
    { 22, 27, 429, 2, 25, 75, 30497 }, // U+B113
    { 22, 27, 429, 2, 25, 75, 30572 }, // U+B118
    { 22, 27, 429, 2, 25, 75, 30647 }, // U+B123
    { 22, 27, 429, 3, 25, 75, 30722 }, // U+B124
    { 22, 27, 429, 2, 25, 75, 30797 }, // U+B141
    { 25, 26, 429, 1, 24, 82, 30872 }, // U+B193
    { 25, 25, 429, 0, 23, 79, 30954 }, // U+B204
    { 26, 26, 429, 0, 24, 85, 31033 }, // U+B20C
    { 24, 25, 429, 1, 23, 75, 31118 }, // U+B274
    { 25, 25, 429, 1, 23, 79, 31193 }, // U+B294
    { 25, 26, 429, 1, 24, 82, 31272 }, // U+B298
    { 25, 26, 429, 1, 24, 82, 31354 }, // U+B2A5
    { 22, 27, 429, 2, 25, 75, 31436 }, // U+B2C8
    { 24, 27, 429, 2, 25, 81, 31511 }, // U+B2E4
    { 24, 27, 429, 2, 25, 81, 31592 }, // U+B2E8
    { 24, 27, 429, 2, 25, 81, 31673 }, // U+B2EB
    { 24, 27, 429, 2, 25, 81, 31754 }, // U+B2F9
    { 22, 27, 429, 2, 25, 75, 31835 }, // U+B300
    { 22, 27, 429, 2, 25, 75, 31910 }, // U+B354
    { 22, 27, 429, 2, 25, 75, 31985 }, // U+B370
    { 25, 23, 429, 1, 23, 72, 32060 }, // U+B3C4
    { 24, 26, 429, 1, 24, 78, 32132 }, // U+B3C5
    { 25, 26, 429, 1, 24, 82, 32210 }, // U+B3CC
    { 25, 26, 429, 1, 24, 82, 32292 }, // U+B3D9
    { 22, 27, 429, 1, 25, 75, 32374 }, // U+B418
    { 23, 26, 429, 1, 24, 75, 32449 }, // U+B41C
    { 23, 27, 429, 1, 25, 78, 32524 }, // U+B428
    { 23, 27, 429, 1, 25, 78, 32602 }, // U+B429
    { 25, 25, 429, 1, 23, 79, 32680 }, // U+B450
    { 25, 26, 429, 1, 24, 82, 32759 }, // U+B461
    { 23, 27, 429, 1, 25, 78, 32841 }, // U+B4A4
    { 25, 21, 429, 1, 22, 66, 32919 }, // U+B4DC
    { 25, 26, 429, 1, 24, 82, 32985 }, // U+B4E0
    { 21, 27, 429, 3, 25, 71, 33067 }, // U+B514
    { 22, 27, 429, 2, 25, 75, 33138 }, // U+B529
    { 23, 27, 429, 2, 25, 78, 33213 }, // U+B54C
    { 25, 22, 429, 1, 22, 69, 33291 }, // U+B610
    { 23, 27, 429, 1, 25, 78, 33360 }, // U+B6F0
    { 25, 27, 429, 1, 25, 85, 33438 }, // U+B77C
    { 25, 27, 429, 1, 25, 85, 33523 }, // U+B77D
    { 25, 27, 429, 1, 25, 85, 33608 }, // U+B78C
    { 23, 27, 429, 1, 25, 78, 33693 }, // U+B798
    { 23, 27, 429, 1, 25, 78, 33771 }, // U+B7EC
    { 23, 27, 429, 1, 25, 78, 33849 }, // U+B808
    { 23, 27, 429, 1, 25, 78, 33927 }, // U+B824
    { 23, 27, 429, 1, 25, 78, 34005 }, // U+B825
    { 24, 27, 429, 1, 25, 81, 34083 }, // U+B82C
    { 23, 27, 429, 1, 25, 78, 34164 }, // U+B835
    { 25, 28, 429, 1, 25, 88, 34242 }, // U+B838
    { 25, 23, 429, 1, 23, 72, 34330 }, // U+B85C
    { 25, 26, 429, 0, 24, 82, 34402 }, // U+B85D
    { 25, 23, 429, 1, 23, 72, 34484 }, // U+B8CC
    { 24, 26, 429, 1, 24, 78, 34556 }, // U+B8E8
    { 25, 26, 429, 1, 24, 82, 34634 }, // U+B958
    { 25, 26, 429, 1, 24, 82, 34716 }, // U+B960
    { 25, 22, 429, 1, 23, 69, 34798 }, // U+B974
    { 25, 26, 429, 1, 24, 82, 34867 }, // U+B978
    { 25, 26, 429, 1, 24, 82, 34949 }, // U+B97C
    { 25, 26, 429, 1, 24, 82, 35031 }, // U+B984
    { 22, 27, 429, 2, 25, 75, 35113 }, // U+B9AC
    { 22, 27, 429, 2, 25, 75, 35188 }, // U+B9AD
    { 23, 26, 429, 2, 24, 75, 35263 }, // U+B9B0
    { 23, 27, 429, 2, 25, 78, 35338 }, // U+B9C1
    { 24, 27, 429, 2, 25, 81, 35416 }, // U+B9C8
    { 24, 27, 429, 2, 25, 81, 35497 }, // U+B9CC
    { 24, 28, 429, 2, 25, 84, 35578 }, // U+B9DE
    { 22, 27, 429, 2, 25, 75, 35662 }, // U+B9E4
    { 22, 27, 429, 3, 25, 75, 35737 }, // U+BA3C
    { 22, 27, 429, 2, 25, 75, 35812 }, // U+BA54
    { 22, 27, 429, 3, 25, 75, 35887 }, // U+BA74
    { 22, 27, 429, 3, 25, 75, 35962 }, // U+BA85
    { 23, 28, 429, 3, 25, 81, 36037 }, // U+BA87
    { 25, 22, 429, 1, 23, 69, 36118 }, // U+BAA8
    { 25, 26, 429, 1, 24, 82, 36187 }, // U+BAA9
    { 25, 27, 429, 1, 24, 85, 36269 }, // U+BABB
    { 25, 25, 429, 1, 23, 79, 36354 }, // U+BB34
    { 26, 26, 429, 0, 24, 85, 36433 }, // U+BB38
    { 22, 27, 429, 2, 25, 75, 36518 }, // U+BBF8
    { 22, 26, 429, 3, 24, 72, 36593 }, // U+BC00
    { 22, 28, 429, 3, 25, 77, 36665 }, // U+BC0F
    { 24, 27, 429, 2, 25, 81, 36742 }, // U+BC14
    { 24, 27, 429, 2, 25, 81, 36823 }, // U+BC18
    { 24, 28, 429, 2, 25, 84, 36904 }, // U+BC1D
    { 24, 27, 429, 2, 25, 81, 36988 }, // U+BC24
    { 24, 26, 429, 2, 24, 78, 37069 }, // U+BC29
    { 22, 27, 429, 2, 25, 75, 37147 }, // U+BC30
    { 22, 27, 429, 2, 25, 75, 37222 }, // U+BC31
    { 22, 27, 429, 2, 25, 75, 37297 }, // U+BC84
    { 23, 27, 429, 2, 25, 78, 37372 }, // U+BC88
    { 23, 26, 429, 2, 24, 75, 37450 }, // U+BC94
    { 24, 28, 429, 2, 25, 84, 37525 }, // U+BC97
    { 22, 27, 429, 2, 25, 75, 37609 }, // U+BCA0
    { 23, 27, 429, 2, 25, 78, 37684 }, // U+BCC0
    { 23, 27, 429, 2, 25, 78, 37762 }, // U+BCC4
    { 25, 22, 429, 1, 23, 69, 37840 }, // U+BCF4
    { 25, 26, 429, 0, 24, 82, 37909 }, // U+BCF5
    { 26, 26, 429, 0, 24, 85, 37991 }, // U+BCF8
    { 25, 26, 429, 1, 24, 82, 38076 }, // U+BD80
    { 25, 26, 429, 0, 24, 82, 38158 }, // U+BD81
    { 25, 26, 429, 1, 24, 82, 38240 }, // U+BD84
    { 25, 26, 429, 1, 24, 82, 38322 }, // U+BD88
    { 25, 22, 429, 1, 23, 69, 38404 }, // U+BE0C
    { 22, 27, 429, 2, 25, 75, 38473 }, // U+BE44
    { 22, 26, 429, 3, 24, 72, 38548 }, // U+BE48
    { 22, 28, 429, 3, 25, 77, 38620 }, // U+BE5B
    { 25, 27, 429, 1, 25, 85, 38697 }, // U+BE60
    { 27, 27, 429, 0, 25, 92, 38782 }, // U+C0AC
    { 25, 27, 429, 1, 25, 85, 38874 }, // U+C0AD
    { 26, 27, 429, 0, 25, 88, 38959 }, // U+C0B0
    { 26, 27, 429, 1, 25, 88, 39047 }, // U+C0C1
    { 24, 27, 429, 0, 25, 81, 39135 }, // U+C0C8
    { 23, 27, 429, 1, 25, 78, 39216 }, // U+C0C9
    { 24, 27, 429, 1, 25, 81, 39294 }, // U+C0DD
    { 25, 28, 429, 1, 25, 88, 39375 }, // U+C0F7
    { 24, 27, 429, 0, 25, 81, 39463 }, // U+C11C
    { 23, 27, 429, 1, 25, 78, 39544 }, // U+C11D
    { 23, 27, 429, 1, 25, 78, 39622 }, // U+C120
    { 23, 27, 429, 1, 25, 78, 39700 }, // U+C124
    { 24, 27, 429, 1, 25, 81, 39778 }, // U+C131
    { 24, 27, 429, 0, 25, 81, 39859 }, // U+C138
    { 23, 27, 429, 1, 25, 78, 39940 }, // U+C139
    { 25, 28, 429, 1, 25, 88, 40018 }, // U+C14B
    { 23, 27, 429, 1, 25, 78, 40106 }, // U+C158
    { 25, 22, 429, 1, 23, 69, 40184 }, // U+C18C
    { 25, 26, 429, 1, 24, 82, 40253 }, // U+C18D
    { 25, 26, 429, 1, 24, 82, 40335 }, // U+C190
    { 25, 26, 429, 1, 24, 82, 40417 }, // U+C1A1
    { 25, 26, 429, 1, 24, 82, 40499 }, // U+C218
    { 24, 27, 429, 1, 25, 81, 40581 }, // U+C228
    { 25, 22, 429, 1, 23, 69, 40662 }, // U+C2A4
    { 25, 26, 429, 1, 24, 82, 40731 }, // U+C2B5
    { 23, 27, 429, 1, 25, 78, 40813 }, // U+C2DC
    { 23, 26, 429, 1, 24, 75, 40891 }, // U+C2DD
    { 23, 27, 429, 1, 25, 78, 40966 }, // U+C2E0
    { 23, 26, 429, 1, 24, 75, 41044 }, // U+C2E4
    { 23, 27, 429, 1, 25, 78, 41119 }, // U+C2F1
    { 25, 22, 429, 1, 23, 69, 41197 }, // U+C4F0
    { 25, 27, 429, 2, 25, 85, 41266 }, // U+C544
    { 25, 27, 429, 2, 25, 85, 41351 }, // U+C548
    { 24, 27, 429, 2, 25, 81, 41436 }, // U+C54A
    { 24, 27, 429, 2, 25, 81, 41517 }, // U+C554
    { 25, 28, 429, 2, 25, 88, 41598 }, // U+C558
    { 24, 27, 429, 1, 25, 81, 41686 }, // U+C564
    { 24, 27, 429, 1, 25, 81, 41767 }, // U+C568
    { 24, 26, 429, 2, 24, 78, 41848 }, // U+C57C
    { 25, 27, 429, 2, 25, 85, 41926 }, // U+C587
    { 24, 27, 429, 2, 25, 81, 42011 }, // U+C591
    { 22, 27, 429, 2, 25, 75, 42092 }, // U+C5B4
    { 23, 27, 429, 2, 25, 78, 42167 }, // U+C5B8
    { 23, 27, 429, 2, 25, 78, 42245 }, // U+C5BC
    { 22, 27, 429, 2, 25, 75, 42323 }, // U+C5C5
    { 25, 28, 429, 2, 25, 88, 42398 }, // U+C5C6
    { 24, 28, 429, 2, 25, 84, 42486 }, // U+C5C8
    { 23, 27, 429, 2, 25, 78, 42570 }, // U+C5D0
    { 22, 27, 429, 2, 25, 75, 42648 }, // U+C5EC
    { 22, 27, 429, 2, 25, 75, 42723 }, // U+C5ED
    { 23, 27, 429, 2, 25, 78, 42798 }, // U+C5F0
    { 23, 27, 429, 2, 25, 78, 42876 }, // U+C5F4
    { 23, 27, 429, 2, 25, 78, 42954 }, // U+C5FD
    { 23, 27, 429, 2, 25, 78, 43032 }, // U+C608
    { 26, 22, 429, 1, 23, 72, 43110 }, // U+C624
    { 25, 26, 429, 1, 24, 82, 43182 }, // U+C62C
    { 26, 27, 429, 0, 25, 88, 43264 }, // U+C640
    { 25, 27, 429, 1, 25, 85, 43352 }, // U+C644
    { 23, 26, 429, 1, 24, 75, 43437 }, // U+C67C
    { 25, 22, 429, 1, 23, 69, 43512 }, // U+C694
    { 25, 26, 429, 1, 24, 82, 43581 }, // U+C6A9
    { 25, 26, 429, 1, 24, 82, 43663 }, // U+C6B0
    { 25, 26, 429, 1, 24, 82, 43745 }, // U+C6B4
    { 25, 26, 429, 1, 24, 82, 43827 }, // U+C6B8
    { 25, 27, 429, 1, 24, 85, 43909 }, // U+C6C3
    { 23, 27, 429, 1, 25, 78, 43994 }, // U+C6CC
    { 23, 27, 429, 1, 25, 78, 44072 }, // U+C6D0
    { 23, 27, 429, 1, 25, 78, 44150 }, // U+C6D4
    { 24, 27, 429, 0, 25, 81, 44228 }, // U+C6E8
    { 24, 27, 429, 0, 25, 81, 44309 }, // U+C6F9
    { 23, 27, 429, 1, 25, 78, 44390 }, // U+C704
    { 25, 26, 429, 1, 24, 82, 44468 }, // U+C720
    { 25, 22, 429, 1, 23, 69, 44550 }, // U+C73C
    { 25, 26, 429, 1, 24, 82, 44619 }, // U+C740
    { 25, 26, 429, 1, 24, 82, 44701 }, // U+C744
    { 25, 26, 429, 1, 24, 82, 44783 }, // U+C74C
    { 23, 27, 429, 1, 25, 78, 44865 }, // U+C758
    { 22, 27, 429, 2, 25, 75, 44943 }, // U+C774
    { 22, 27, 429, 2, 25, 75, 45018 }, // U+C778
    { 22, 26, 429, 2, 24, 72, 45093 }, // U+C77C
    { 22, 27, 429, 2, 24, 75, 45165 }, // U+C77D
    { 22, 27, 429, 2, 25, 75, 45240 }, // U+C784
    { 22, 27, 429, 2, 25, 75, 45315 }, // U+C785
    { 24, 28, 429, 2, 25, 84, 45390 }, // U+C788
    { 27, 27, 429, 0, 25, 92, 45474 }, // U+C790
    { 26, 27, 429, 0, 25, 88, 45566 }, // U+C791
    { 26, 27, 429, 0, 25, 88, 45654 }, // U+C798
    { 25, 27, 429, 1, 25, 85, 45742 }, // U+C7A0
    { 26, 27, 429, 1, 25, 88, 45827 }, // U+C7A5
    { 24, 27, 429, 0, 25, 81, 45915 }, // U+C7AC
    { 24, 27, 429, 0, 25, 81, 45996 }, // U+C800
    { 24, 27, 429, 0, 25, 81, 46077 }, // U+C801
    { 24, 27, 429, 1, 25, 81, 46158 }, // U+C804
    { 23, 27, 429, 1, 25, 78, 46239 }, // U+C808
    { 24, 27, 429, 1, 25, 81, 46317 }, // U+C815
    { 24, 27, 429, 0, 25, 81, 46398 }, // U+C81C
    { 24, 27, 429, 0, 25, 81, 46479 }, // U+C838
    { 26, 28, 429, 0, 25, 91, 46560 }, // U+C84C
    { 25, 23, 429, 1, 23, 72, 46651 }, // U+C870
    { 25, 26, 429, 1, 24, 82, 46723 }, // U+C874
    { 25, 26, 429, 1, 24, 82, 46805 }, // U+C881
    { 25, 26, 429, 1, 24, 82, 46887 }, // U+C885
    { 25, 27, 429, 1, 25, 85, 46969 }, // U+C88C
    { 25, 25, 429, 1, 23, 79, 47054 }, // U+C8FC
    { 25, 26, 429, 1, 24, 82, 47133 }, // U+C900
    { 25, 26, 429, 1, 24, 82, 47215 }, // U+C904
    { 25, 26, 429, 1, 24, 82, 47297 }, // U+C911
    { 25, 26, 429, 1, 24, 82, 47379 }, // U+C990
    { 25, 26, 429, 1, 24, 82, 47461 }, // U+C99D
    { 23, 27, 429, 1, 25, 78, 47543 }, // U+C9C0
    { 23, 27, 429, 1, 25, 78, 47621 }, // U+C9C1
    { 23, 27, 429, 1, 25, 78, 47699 }, // U+C9C4
    { 23, 27, 429, 1, 25, 78, 47777 }, // U+C9D0
    { 23, 27, 429, 1, 25, 78, 47855 }, // U+C9D1
    { 26, 27, 429, 0, 25, 88, 47933 }, // U+C9DC
    { 26, 27, 429, 0, 25, 88, 48021 }, // U+C9E7
    { 25, 27, 429, 0, 25, 85, 48109 }, // U+C9F8
    { 25, 26, 429, 1, 24, 82, 48194 }, // U+CABD
    { 23, 26, 429, 1, 24, 75, 48276 }, // U+CC0D
    { 26, 28, 429, 1, 25, 91, 48351 }, // U+CC3E
    { 23, 27, 429, 1, 25, 78, 48442 }, // U+CC45
    { 23, 27, 429, 1, 25, 78, 48520 }, // U+CC55
    { 25, 28, 429, 1, 25, 88, 48598 }, // U+CCAB
    { 24, 27, 429, 0, 25, 81, 48686 }, // U+CCB4
    { 25, 24, 429, 1, 24, 75, 48767 }, // U+CD08
    { 25, 27, 429, 1, 25, 85, 48842 }, // U+CD1D
    { 23, 27, 429, 1, 25, 78, 48927 }, // U+CD5C
    { 25, 27, 429, 1, 25, 85, 49005 }, // U+CD94
    { 24, 27, 429, 1, 25, 81, 49090 }, // U+CD9C
    { 25, 27, 429, 1, 25, 85, 49171 }, // U+CDA4
    { 25, 27, 429, 1, 25, 85, 49256 }, // U+CDA9
    { 23, 27, 429, 1, 25, 78, 49341 }, // U+CDE8
    { 25, 27, 429, 1, 25, 85, 49419 }, // U+CE21
    { 22, 27, 429, 1, 25, 75, 49504 }, // U+CE58
    { 23, 26, 429, 1, 24, 75, 49579 }, // U+CE68
    { 23, 27, 429, 1, 25, 78, 49654 }, // U+CE6D
    { 26, 27, 429, 1, 25, 88, 49732 }, // U+CE74
    { 23, 26, 429, 1, 24, 75, 49820 }, // U+CE90
    { 24, 27, 429, 1, 25, 81, 49895 }, // U+CE94
    { 23, 27, 429, 1, 25, 78, 49976 }, // U+CEE4
    { 24, 27, 429, 1, 25, 81, 50054 }, // U+CEEC
    { 23, 27, 429, 1, 25, 78, 50135 }, // U+CEF4
    { 23, 27, 429, 1, 25, 78, 50213 }, // U+CF1C
    { 25, 21, 429, 1, 22, 66, 50291 }, // U+CF54
    { 25, 21, 429, 1, 22, 66, 50357 }, // U+D06C
    { 25, 26, 429, 1, 24, 82, 50423 }, // U+D074
    { 25, 26, 429, 1, 24, 82, 50505 }, // U+D07D
    { 23, 27, 429, 1, 25, 78, 50587 }, // U+D0A4
    { 23, 26, 429, 1, 24, 75, 50665 }, // U+D0B5
    { 25, 27, 429, 2, 25, 85, 50740 }, // U+D0C0
    { 22, 27, 429, 2, 25, 75, 50825 }, // U+D0DC
    { 22, 27, 429, 2, 25, 75, 50900 }, // U+D0DD
    { 22, 27, 429, 2, 25, 75, 50975 }, // U+D130
    { 22, 26, 429, 2, 24, 72, 51050 }, // U+D140
    { 22, 27, 429, 2, 25, 75, 51122 }, // U+D14C
    { 22, 26, 429, 2, 24, 72, 51197 }, // U+D14D
    { 22, 26, 429, 2, 24, 72, 51269 }, // U+D15C
    { 25, 23, 429, 0, 23, 72, 51341 }, // U+D1A0
    { 24, 26, 429, 1, 24, 78, 51413 }, // U+D1B5
    { 23, 27, 429, 1, 25, 78, 51491 }, // U+D1F4
    { 25, 22, 429, 1, 23, 69, 51569 }, // U+D2B8
    { 25, 26, 429, 1, 24, 82, 51638 }, // U+D2BC
    { 22, 27, 429, 2, 25, 75, 51720 }, // U+D2F0
    { 22, 26, 429, 2, 24, 72, 51795 }, // U+D301
    { 22, 27, 429, 2, 25, 75, 51867 }, // U+D305
    { 26, 27, 429, 0, 25, 88, 51942 }, // U+D30C
    { 26, 28, 429, 0, 25, 91, 52030 }, // U+D31F
    { 24, 26, 429, 0, 24, 78, 52121 }, // U+D328
    { 23, 27, 429, 1, 25, 78, 52199 }, // U+D329
    { 24, 27, 429, 0, 25, 81, 52277 }, // U+D38C
    { 24, 27, 429, 0, 25, 81, 52358 }, // U+D398
    { 26, 28, 429, 1, 25, 91, 52439 }, // U+D3AB
    { 24, 27, 429, 0, 25, 81, 52530 }, // U+D3B8
    { 24, 26, 429, 0, 24, 78, 52611 }, // U+D3C9
    { 25, 23, 429, 1, 23, 72, 52689 }, // U+D3EC
    { 25, 26, 429, 1, 24, 82, 52761 }, // U+D3F0
    { 25, 26, 429, 1, 24, 82, 52843 }, // U+D3F4
    { 25, 23, 429, 1, 23, 72, 52925 }, // U+D45C
    { 25, 22, 429, 1, 23, 69, 52997 }, // U+D504
    { 25, 26, 429, 1, 24, 82, 53066 }, // U+D508
    { 25, 26, 429, 1, 24, 82, 53148 }, // U+D50C
    { 23, 27, 429, 1, 25, 78, 53230 }, // U+D53C
    { 23, 26, 429, 1, 24, 75, 53308 }, // U+D544
    { 23, 26, 429, 1, 24, 75, 53383 }, // U+D551
    { 26, 27, 429, 0, 25, 88, 53458 }, // U+D558
    { 25, 27, 429, 1, 25, 85, 53546 }, // U+D55C
    { 25, 27, 429, 1, 25, 85, 53631 }, // U+D560
    { 25, 26, 429, 1, 24, 82, 53716 }, // U+D568
    { 25, 27, 429, 1, 25, 85, 53798 }, // U+D569
    { 25, 28, 429, 1, 25, 88, 53883 }, // U+D56B
    { 26, 27, 429, 1, 25, 88, 53971 }, // U+D56D
    { 24, 27, 429, 0, 25, 81, 54059 }, // U+D574
    { 26, 28, 429, 0, 25, 91, 54140 }, // U+D587
    { 27, 28, 429, 0, 25, 95, 54231 }, // U+D588
    { 24, 27, 429, 1, 25, 81, 54326 }, // U+D589
    { 25, 27, 429, 1, 25, 85, 54407 }, // U+D5A5
    { 24, 27, 429, 1, 25, 81, 54492 }, // U+D604
    { 24, 27, 429, 1, 25, 81, 54573 }, // U+D615
    { 26, 24, 429, 1, 24, 78, 54654 }, // U+D638
    { 25, 27, 429, 1, 25, 85, 54732 }, // U+D648
    { 25, 27, 429, 1, 25, 85, 54817 }, // U+D654
    { 25, 27, 429, 1, 25, 85, 54902 }, // U+D655
    { 25, 27, 429, 1, 25, 85, 54987 }, // U+D658
    { 25, 27, 429, 1, 25, 85, 55072 }, // U+D65C
    { 25, 27, 429, 1, 25, 85, 55157 }, // U+D669
    { 25, 27, 429, 1, 25, 85, 55242 }, // U+D6C4
    { 25, 27, 429, 1, 25, 85, 55327 }, // U+D734
    { 23, 27, 429, 1, 25, 78, 55412 }, // U+D78C
    { 9, 26, 118, 0, 26, 30, 55490 }, // U+FB51
    { 24, 16, 381, 1, 8, 48, 55520 }, // U+FB57
    { 10, 20, 160, 0, 12, 25, 55568 }, // U+FB58
    { 11, 15, 168, 0, 7, 21, 55593 }, // U+FB59
    { 19, 20, 311, 1, 11, 48, 55614 }, // U+FB7B
    { 19, 17, 297, 0, 10, 41, 55662 }, // U+FB7C
    { 20, 17, 311, 0, 10, 43, 55703 }, // U+FB7D
    { 14, 24, 189, -1, 18, 42, 55746 }, // U+FB8B
    { 22, 20, 362, 1, 20, 55, 55788 }, // U+FB8F
    { 12, 20, 194, 0, 20, 30, 55843 }, // U+FB90
    { 14, 20, 214, 0, 20, 35, 55873 }, // U+FB91
    { 22, 22, 362, 1, 22, 61, 55908 }, // U+FB93
    { 13, 22, 194, -1, 22, 36, 55969 }, // U+FB94
    { 14, 23, 214, 0, 23, 41, 56005 }, // U+FB95
    { 19, 11, 321, 1, 3, 27, 56046 }, // U+FBFD
    { 10, 18, 160, 0, 12, 23, 56073 }, // U+FBFE
    { 11, 13, 168, 0, 7, 18, 56096 }, // U+FBFF
    { 10, 24, 118, -1, 24, 30, 56114 }, // U+FE82
    { 7, 26, 118, 1, 26, 23, 56144 }, // U+FE84
    { 14, 23, 218, 1, 17, 41, 56167 }, // U+FE86
    { 7, 26, 118, 2, 20, 23, 56208 }, // U+FE88
    { 19, 16, 321, 1, 8, 38, 56231 }, // U+FE8A
    { 7, 17, 128, 0, 17, 15, 56269 }, // U+FE8B
    { 9, 14, 136, 0, 14, 16, 56284 }, // U+FE8C
    { 7, 20, 118, 2, 20, 18, 56300 }, // U+FE8E
    { 24, 15, 381, 1, 8, 45, 56318 }, // U+FE90
    { 7, 19, 128, 0, 12, 17, 56363 }, // U+FE91
    { 9, 14, 136, 0, 7, 16, 56380 }, // U+FE92
    { 12, 18, 211, 2, 18, 27, 56396 }, // U+FE94
    { 24, 14, 381, 1, 14, 42, 56423 }, // U+FE96
    { 9, 17, 128, 0, 17, 20, 56465 }, // U+FE97
    { 11, 13, 168, 0, 13, 18, 56485 }, // U+FE98
    { 24, 15, 381, 1, 15, 45, 56503 }, // U+FE9A
    { 9, 19, 128, 0, 19, 22, 56548 }, // U+FE9B
    { 11, 15, 168, 0, 15, 21, 56570 }, // U+FE9C
    { 19, 20, 311, 1, 11, 48, 56591 }, // U+FE9E
    { 19, 16, 297, 0, 10, 38, 56639 }, // U+FE9F
    { 20, 16, 311, 0, 10, 40, 56677 }, // U+FEA0
    { 19, 20, 311, 1, 11, 48, 56717 }, // U+FEA2
    { 19, 10, 297, 0, 10, 24, 56765 }, // U+FEA3
    { 20, 10, 311, 0, 10, 25, 56789 }, // U+FEA4
    { 19, 26, 311, 1, 17, 62, 56814 }, // U+FEA6
    { 19, 17, 297, 0, 17, 41, 56876 }, // U+FEA7
    { 20, 17, 311, 0, 17, 43, 56917 }, // U+FEA8
    { 13, 12, 221, 1, 12, 20, 56960 }, // U+FEAA
    { 13, 18, 221, 1, 18, 30, 56980 }, // U+FEAC
    { 14, 17, 189, -1, 11, 30, 57010 }, // U+FEAE
    { 14, 22, 189, -1, 16, 39, 57040 }, // U+FEB0
    { 29, 16, 475, 1, 8, 58, 57079 }, // U+FEB2
    { 18, 11, 307, 0, 11, 25, 57137 }, // U+FEB3
    { 20, 8, 309, 0, 8, 20, 57162 }, // U+FEB4
    { 29, 24, 475, 1, 16, 87, 57182 }, // U+FEB6
    { 18, 16, 307, 0, 16, 36, 57269 }, // U+FEB7
    { 20, 16, 309, 0, 16, 40, 57305 }, // U+FEB8
    { 32, 19, 513, 1, 11, 76, 57345 }, // U+FEBA
    { 21, 11, 367, 0, 11, 29, 57421 }, // U+FEBB
    { 24, 11, 363, 0, 11, 33, 57450 }, // U+FEBC
    { 32, 26, 513, 1, 18, 104, 57483 }, // U+FEBE
    { 21, 18, 367, 0, 18, 48, 57587 }, // U+FEBF
    { 24, 18, 363, 0, 18, 54, 57635 }, // U+FEC0
    { 23, 20, 362, 1, 20, 58, 57689 }, // U+FEC2
    { 18, 20, 308, 0, 20, 45, 57747 }, // U+FEC3
    { 19, 20, 294, 0, 20, 48, 57792 }, // U+FEC4
    { 23, 20, 362, 1, 20, 58, 57840 }, // U+FEC6
    { 18, 20, 308, 0, 20, 45, 57898 }, // U+FEC7
    { 19, 20, 294, 0, 20, 48, 57943 }, // U+FEC8
    { 15, 20, 223, 1, 11, 38, 57991 }, // U+FECA
    { 14, 11, 236, 0, 11, 20, 58029 }, // U+FECB
    { 13, 11, 193, 0, 11, 18, 58049 }, // U+FECC
    { 15, 26, 223, 1, 17, 49, 58067 }, // U+FECE
    { 14, 17, 236, 0, 17, 30, 58116 }, // U+FECF
    { 13, 17, 193, 0, 17, 28, 58146 }, // U+FED0
    { 24, 17, 381, 1, 17, 51, 58174 }, // U+FED2
    { 12, 20, 196, -1, 20, 30, 58225 }, // U+FED3
    { 12, 17, 181, 0, 17, 26, 58255 }, // U+FED4
    { 18, 24, 300, 1, 16, 54, 58281 }, // U+FED6
    { 12, 19, 196, -1, 19, 29, 58335 }, // U+FED7
    { 12, 17, 181, 0, 17, 26, 58364 }, // U+FED8
    { 21, 21, 344, 1, 21, 56, 58390 }, // U+FEDA
    { 12, 20, 194, 0, 20, 30, 58446 }, // U+FEDB
    { 14, 20, 214, 0, 20, 35, 58476 }, // U+FEDC
    { 17, 28, 276, 1, 20, 60, 58511 }, // U+FEDE
    { 5, 20, 99, 0, 20, 13, 58571 }, // U+FEDF
    { 8, 20, 114, 0, 20, 20, 58584 }, // U+FEE0
    { 14, 19, 246, 2, 10, 34, 58604 }, // U+FEE2
    { 13, 10, 213, 0, 10, 17, 58638 }, // U+FEE3
    { 13, 10, 193, 0, 10, 17, 58655 }, // U+FEE4
    { 17, 20, 273, 1, 12, 43, 58672 }, // U+FEE6
    { 7, 18, 128, 0, 18, 16, 58715 }, // U+FEE7
    { 9, 14, 136, 0, 14, 16, 58731 }, // U+FEE8
    { 12, 13, 211, 2, 13, 20, 58747 }, // U+FEEA
    { 15, 14, 237, -1, 13, 27, 58767 }, // U+FEEB
    { 12, 19, 178, 0, 13, 29, 58794 }, // U+FEEC
    { 14, 16, 218, 1, 10, 28, 58823 }, // U+FEEE
    { 19, 11, 321, 1, 3, 27, 58851 }, // U+FEF0
    { 19, 16, 321, 1, 3, 38, 58878 }, // U+FEF2
    { 10, 18, 160, 0, 12, 23, 58916 }, // U+FEF3
    { 11, 13, 168, 0, 7, 18, 58939 }, // U+FEF4
    { 17, 21, 242, -3, 21, 45, 58957 }, // U+FEF5
    { 21, 21, 285, -2, 21, 56, 59002 }, // U+FEF6
    { 14, 23, 242, 0, 23, 41, 59058 }, // U+FEF7
    { 18, 22, 285, 1, 22, 50, 59099 }, // U+FEF8
    { 13, 29, 242, 0, 20, 48, 59149 }, // U+FEF9
    { 18, 29, 285, 1, 20, 66, 59197 }, // U+FEFA
    { 14, 20, 242, 0, 20, 35, 59263 }, // U+FEFB
    { 18, 20, 285, 1, 20, 45, 59298 }, // U+FEFC
};

static const EpdUnicodeInterval ui_14_mediumIntervals[] = {
    { 0x20, 0x7E, 0x0 },
    { 0xA0, 0xA1, 0x5F },
    { 0xAB, 0xAB, 0x61 },
    { 0xB0, 0xB0, 0x62 },
    { 0xB7, 0xB7, 0x63 },
    { 0xBA, 0xBB, 0x64 },
    { 0xBF, 0xC2, 0x66 },
    { 0xC4, 0xC7, 0x6A },
    { 0xC9, 0xCA, 0x6E },
    { 0xCD, 0xCE, 0x70 },
    { 0xD2, 0xD3, 0x72 },
    { 0xD6, 0xD6, 0x74 },
    { 0xD8, 0xDA, 0x75 },
    { 0xDC, 0xDD, 0x78 },
    { 0xDF, 0xEF, 0x7A },
    { 0xF1, 0xF6, 0x8B },
    { 0xF8, 0xFD, 0x91 },
    { 0x103, 0x103, 0x97 },
    { 0x105, 0x105, 0x98 },
    { 0x107, 0x107, 0x99 },
    { 0x10C, 0x111, 0x9A },
    { 0x116, 0x11B, 0xA0 },
    { 0x11E, 0x11F, 0xA6 },
    { 0x129, 0x129, 0xA8 },
    { 0x12E, 0x131, 0xA9 },
    { 0x13A, 0x13A, 0xAD },
    { 0x13D, 0x13E, 0xAE },
    { 0x141, 0x142, 0xB0 },
    { 0x144, 0x144, 0xB2 },
    { 0x148, 0x148, 0xB3 },
    { 0x151, 0x151, 0xB4 },
    { 0x155, 0x155, 0xB5 },
    { 0x158, 0x15B, 0xB6 },
    { 0x15E, 0x161, 0xBA },
    { 0x163, 0x165, 0xBE },
    { 0x16B, 0x16B, 0xC1 },
    { 0x16E, 0x173, 0xC2 },
    { 0x17A, 0x17A, 0xC8 },
    { 0x17C, 0x17E, 0xC9 },
    { 0x1A1, 0x1A1, 0xCC },
    { 0x1B0, 0x1B0, 0xCD },
    { 0x218, 0x21B, 0xCE },
    { 0x404, 0x404, 0xD2 },
    { 0x406, 0x406, 0xD3 },
    { 0x410, 0x429, 0xD4 },
    { 0x42B, 0x42D, 0xEE },
    { 0x42F, 0x44F, 0xF1 },
    { 0x451, 0x451, 0x112 },
    { 0x454, 0x454, 0x113 },
    { 0x456, 0x457, 0x114 },
    { 0x45E, 0x45E, 0x116 },
    { 0x491, 0x493, 0x117 },
    { 0x49A, 0x49B, 0x11A },
    { 0x4A2, 0x4A3, 0x11C },
    { 0x4AE, 0x4B1, 0x11E },
    { 0x4D8, 0x4D9, 0x122 },
    { 0x4E8, 0x4E9, 0x124 },
    { 0x591, 0x5C7, 0x126 },
    { 0x5D0, 0x5EA, 0x15D },
    { 0x5EF, 0x5F4, 0x178 },
    { 0x600, 0x6FF, 0x17E },
    { 0x750, 0x77F, 0x27E },
    { 0x1EA1, 0x1EA3, 0x2AE },
    { 0x1EA5, 0x1EA9, 0x2B1 },
    { 0x1EAB, 0x1EAF, 0x2B6 },
    { 0x1EB1, 0x1EB1, 0x2BB },
    { 0x1EB5, 0x1EB5, 0x2BC },
    { 0x1EB7, 0x1EB7, 0x2BD },
    { 0x1EB9, 0x1EB9, 0x2BE },
    { 0x1EBB, 0x1EBB, 0x2BF },
    { 0x1EBD, 0x1EBD, 0x2C0 },
    { 0x1EBF, 0x1EC1, 0x2C1 },
    { 0x1EC3, 0x1EC3, 0x2C4 },
    { 0x1EC7, 0x1EC7, 0x2C5 },
    { 0x1EC9, 0x1EC9, 0x2C6 },
    { 0x1ECB, 0x1ECD, 0x2C7 },
    { 0x1ECF, 0x1ED3, 0x2CA },
    { 0x1ED5, 0x1ED5, 0x2CF },
    { 0x1ED7, 0x1ED9, 0x2D0 },
    { 0x1EDB, 0x1EDB, 0x2D3 },
    { 0x1EDD, 0x1EDF, 0x2D4 },
    { 0x1EE1, 0x1EE1, 0x2D7 },
    { 0x1EE3, 0x1EE3, 0x2D8 },
    { 0x1EE5, 0x1EE7, 0x2D9 },
    { 0x1EE9, 0x1EE9, 0x2DC },
    { 0x1EEB, 0x1EEB, 0x2DD },
    { 0x1EED, 0x1EED, 0x2DE },
    { 0x1EEF, 0x1EEF, 0x2DF },
    { 0x1EF1, 0x1EF1, 0x2E0 },
    { 0x200C, 0x200F, 0x2E1 },
    { 0x2013, 0x2014, 0x2E5 },
    { 0x2018, 0x2019, 0x2E7 },
    { 0x201C, 0x201E, 0x2E9 },
    { 0x2026, 0x2026, 0x2EC },
    { 0xAC00, 0xAC01, 0x2ED },
    { 0xAC04, 0xAC04, 0x2EF },
    { 0xAC08, 0xAC08, 0x2F0 },
    { 0xAC12, 0xAC12, 0x2F1 },
    { 0xAC15, 0xAC15, 0x2F2 },
    { 0xAC1C, 0xAC1C, 0x2F3 },
    { 0xAC24, 0xAC24, 0x2F4 },
    { 0xAC70, 0xAC70, 0x2F5 },
    { 0xAC80, 0xAC80, 0x2F6 },
    { 0xAC8C, 0xAC8C, 0x2F7 },
    { 0xACA0, 0xACA0, 0x2F8 },
    { 0xACA8, 0xACA9, 0x2F9 },
    { 0xACB0, 0xACB0, 0x2FB },
    { 0xACBD, 0xACBD, 0x2FC },
    { 0xACC4, 0xACC4, 0x2FD },
    { 0xACE0, 0xACE0, 0x2FE },
    { 0xACF5, 0xACF5, 0x2FF },
    { 0xACFC, 0xACFC, 0x300 },
    { 0xAD00, 0xAD00, 0x301 },
    { 0xAD6C, 0xAD6D, 0x302 },
    { 0xADC0, 0xADC0, 0x304 },
    { 0xADE0, 0xADE0, 0x305 },
    { 0xADF8, 0xADF8, 0x306 },
    { 0xADFC, 0xADFC, 0x307 },
    { 0xAE00, 0xAE00, 0x308 },
    { 0xAE08, 0xAE09, 0x309 },
    { 0xAE30, 0xAE30, 0x30B },
    { 0xAE38, 0xAE38, 0x30C },
    { 0xAE40, 0xAE40, 0x30D },
    { 0xAE4C, 0xAE4C, 0x30E },
    { 0xAECD, 0xAECD, 0x30F },
    { 0xAED8, 0xAED8, 0x310 },
    { 0xAF34, 0xAF34, 0x311 },
    { 0xAFB8, 0xAFB8, 0x312 },
    { 0xB044, 0xB044, 0x313 },
    { 0xB05D, 0xB05D, 0x314 },
    { 0xB098, 0xB098, 0x315 },
    { 0xB09C, 0xB09C, 0x316 },
    { 0xB0A0, 0xB0A0, 0x317 },
    { 0xB0A8, 0xB0A8, 0x318 },
    { 0xB0AC, 0xB0AC, 0x319 },
    { 0xB0B4, 0xB0B4, 0x31A },
    { 0xB0B8, 0xB0B8, 0x31B },
    { 0xB108, 0xB108, 0x31C },
    { 0xB113, 0xB113, 0x31D },
    { 0xB118, 0xB118, 0x31E },
    { 0xB123, 0xB124, 0x31F },
    { 0xB141, 0xB141, 0x321 },
    { 0xB193, 0xB193, 0x322 },
    { 0xB204, 0xB204, 0x323 },
    { 0xB20C, 0xB20C, 0x324 },
    { 0xB274, 0xB274, 0x325 },
    { 0xB294, 0xB294, 0x326 },
    { 0xB298, 0xB298, 0x327 },
    { 0xB2A5, 0xB2A5, 0x328 },
    { 0xB2C8, 0xB2C8, 0x329 },
    { 0xB2E4, 0xB2E4, 0x32A },
    { 0xB2E8, 0xB2E8, 0x32B },
    { 0xB2EB, 0xB2EB, 0x32C },
    { 0xB2F9, 0xB2F9, 0x32D },
    { 0xB300, 0xB300, 0x32E },
    { 0xB354, 0xB354, 0x32F },
    { 0xB370, 0xB370, 0x330 },
    { 0xB3C4, 0xB3C5, 0x331 },
    { 0xB3CC, 0xB3CC, 0x333 },
    { 0xB3D9, 0xB3D9, 0x334 },
    { 0xB418, 0xB418, 0x335 },
    { 0xB41C, 0xB41C, 0x336 },
    { 0xB428, 0xB429, 0x337 },
    { 0xB450, 0xB450, 0x339 },
    { 0xB461, 0xB461, 0x33A },
    { 0xB4A4, 0xB4A4, 0x33B },
    { 0xB4DC, 0xB4DC, 0x33C },
    { 0xB4E0, 0xB4E0, 0x33D },
    { 0xB514, 0xB514, 0x33E },
    { 0xB529, 0xB529, 0x33F },
    { 0xB54C, 0xB54C, 0x340 },
    { 0xB610, 0xB610, 0x341 },
    { 0xB6F0, 0xB6F0, 0x342 },
    { 0xB77C, 0xB77D, 0x343 },
    { 0xB78C, 0xB78C, 0x345 },
    { 0xB798, 0xB798, 0x346 },
    { 0xB7EC, 0xB7EC, 0x347 },
    { 0xB808, 0xB808, 0x348 },
    { 0xB824, 0xB825, 0x349 },
    { 0xB82C, 0xB82C, 0x34B },
    { 0xB835, 0xB835, 0x34C },
    { 0xB838, 0xB838, 0x34D },
    { 0xB85C, 0xB85D, 0x34E },
    { 0xB8CC, 0xB8CC, 0x350 },
    { 0xB8E8, 0xB8E8, 0x351 },
    { 0xB958, 0xB958, 0x352 },
    { 0xB960, 0xB960, 0x353 },
    { 0xB974, 0xB974, 0x354 },
    { 0xB978, 0xB978, 0x355 },
    { 0xB97C, 0xB97C, 0x356 },
    { 0xB984, 0xB984, 0x357 },
    { 0xB9AC, 0xB9AD, 0x358 },
    { 0xB9B0, 0xB9B0, 0x35A },
    { 0xB9C1, 0xB9C1, 0x35B },
    { 0xB9C8, 0xB9C8, 0x35C },
    { 0xB9CC, 0xB9CC, 0x35D },
    { 0xB9DE, 0xB9DE, 0x35E },
    { 0xB9E4, 0xB9E4, 0x35F },
    { 0xBA3C, 0xBA3C, 0x360 },
    { 0xBA54, 0xBA54, 0x361 },
    { 0xBA74, 0xBA74, 0x362 },
    { 0xBA85, 0xBA85, 0x363 },
    { 0xBA87, 0xBA87, 0x364 },
    { 0xBAA8, 0xBAA9, 0x365 },
    { 0xBABB, 0xBABB, 0x367 },
    { 0xBB34, 0xBB34, 0x368 },
    { 0xBB38, 0xBB38, 0x369 },
    { 0xBBF8, 0xBBF8, 0x36A },
    { 0xBC00, 0xBC00, 0x36B },
    { 0xBC0F, 0xBC0F, 0x36C },
    { 0xBC14, 0xBC14, 0x36D },
    { 0xBC18, 0xBC18, 0x36E },
    { 0xBC1D, 0xBC1D, 0x36F },
    { 0xBC24, 0xBC24, 0x370 },
    { 0xBC29, 0xBC29, 0x371 },
    { 0xBC30, 0xBC31, 0x372 },
    { 0xBC84, 0xBC84, 0x374 },
    { 0xBC88, 0xBC88, 0x375 },
    { 0xBC94, 0xBC94, 0x376 },
    { 0xBC97, 0xBC97, 0x377 },
    { 0xBCA0, 0xBCA0, 0x378 },
    { 0xBCC0, 0xBCC0, 0x379 },
    { 0xBCC4, 0xBCC4, 0x37A },
    { 0xBCF4, 0xBCF5, 0x37B },
    { 0xBCF8, 0xBCF8, 0x37D },
    { 0xBD80, 0xBD81, 0x37E },
    { 0xBD84, 0xBD84, 0x380 },
    { 0xBD88, 0xBD88, 0x381 },
    { 0xBE0C, 0xBE0C, 0x382 },
    { 0xBE44, 0xBE44, 0x383 },
    { 0xBE48, 0xBE48, 0x384 },
    { 0xBE5B, 0xBE5B, 0x385 },
    { 0xBE60, 0xBE60, 0x386 },
    { 0xC0AC, 0xC0AD, 0x387 },
    { 0xC0B0, 0xC0B0, 0x389 },
    { 0xC0C1, 0xC0C1, 0x38A },
    { 0xC0C8, 0xC0C9, 0x38B },
    { 0xC0DD, 0xC0DD, 0x38D },
    { 0xC0F7, 0xC0F7, 0x38E },
    { 0xC11C, 0xC11D, 0x38F },
    { 0xC120, 0xC120, 0x391 },
    { 0xC124, 0xC124, 0x392 },
    { 0xC131, 0xC131, 0x393 },
    { 0xC138, 0xC139, 0x394 },
    { 0xC14B, 0xC14B, 0x396 },
    { 0xC158, 0xC158, 0x397 },
    { 0xC18C, 0xC18D, 0x398 },
    { 0xC190, 0xC190, 0x39A },
    { 0xC1A1, 0xC1A1, 0x39B },
    { 0xC218, 0xC218, 0x39C },
    { 0xC228, 0xC228, 0x39D },
    { 0xC2A4, 0xC2A4, 0x39E },
    { 0xC2B5, 0xC2B5, 0x39F },
    { 0xC2DC, 0xC2DD, 0x3A0 },
    { 0xC2E0, 0xC2E0, 0x3A2 },
    { 0xC2E4, 0xC2E4, 0x3A3 },
    { 0xC2F1, 0xC2F1, 0x3A4 },
    { 0xC4F0, 0xC4F0, 0x3A5 },
    { 0xC544, 0xC544, 0x3A6 },
    { 0xC548, 0xC548, 0x3A7 },
    { 0xC54A, 0xC54A, 0x3A8 },
    { 0xC554, 0xC554, 0x3A9 },
    { 0xC558, 0xC558, 0x3AA },
    { 0xC564, 0xC564, 0x3AB },
    { 0xC568, 0xC568, 0x3AC },
    { 0xC57C, 0xC57C, 0x3AD },
    { 0xC587, 0xC587, 0x3AE },
    { 0xC591, 0xC591, 0x3AF },
    { 0xC5B4, 0xC5B4, 0x3B0 },
    { 0xC5B8, 0xC5B8, 0x3B1 },
    { 0xC5BC, 0xC5BC, 0x3B2 },
    { 0xC5C5, 0xC5C6, 0x3B3 },
    { 0xC5C8, 0xC5C8, 0x3B5 },
    { 0xC5D0, 0xC5D0, 0x3B6 },
    { 0xC5EC, 0xC5ED, 0x3B7 },
    { 0xC5F0, 0xC5F0, 0x3B9 },
    { 0xC5F4, 0xC5F4, 0x3BA },
    { 0xC5FD, 0xC5FD, 0x3BB },
    { 0xC608, 0xC608, 0x3BC },
    { 0xC624, 0xC624, 0x3BD },
    { 0xC62C, 0xC62C, 0x3BE },
    { 0xC640, 0xC640, 0x3BF },
    { 0xC644, 0xC644, 0x3C0 },
    { 0xC67C, 0xC67C, 0x3C1 },
    { 0xC694, 0xC694, 0x3C2 },
    { 0xC6A9, 0xC6A9, 0x3C3 },
    { 0xC6B0, 0xC6B0, 0x3C4 },
    { 0xC6B4, 0xC6B4, 0x3C5 },
    { 0xC6B8, 0xC6B8, 0x3C6 },
    { 0xC6C3, 0xC6C3, 0x3C7 },
    { 0xC6CC, 0xC6CC, 0x3C8 },
    { 0xC6D0, 0xC6D0, 0x3C9 },
    { 0xC6D4, 0xC6D4, 0x3CA },
    { 0xC6E8, 0xC6E8, 0x3CB },
    { 0xC6F9, 0xC6F9, 0x3CC },
    { 0xC704, 0xC704, 0x3CD },
    { 0xC720, 0xC720, 0x3CE },
    { 0xC73C, 0xC73C, 0x3CF },
    { 0xC740, 0xC740, 0x3D0 },
    { 0xC744, 0xC744, 0x3D1 },
    { 0xC74C, 0xC74C, 0x3D2 },
    { 0xC758, 0xC758, 0x3D3 },
    { 0xC774, 0xC774, 0x3D4 },
    { 0xC778, 0xC778, 0x3D5 },
    { 0xC77C, 0xC77D, 0x3D6 },
    { 0xC784, 0xC785, 0x3D8 },
    { 0xC788, 0xC788, 0x3DA },
    { 0xC790, 0xC791, 0x3DB },
    { 0xC798, 0xC798, 0x3DD },
    { 0xC7A0, 0xC7A0, 0x3DE },
    { 0xC7A5, 0xC7A5, 0x3DF },
    { 0xC7AC, 0xC7AC, 0x3E0 },
    { 0xC800, 0xC801, 0x3E1 },
    { 0xC804, 0xC804, 0x3E3 },
    { 0xC808, 0xC808, 0x3E4 },
    { 0xC815, 0xC815, 0x3E5 },
    { 0xC81C, 0xC81C, 0x3E6 },
    { 0xC838, 0xC838, 0x3E7 },
    { 0xC84C, 0xC84C, 0x3E8 },
    { 0xC870, 0xC870, 0x3E9 },
    { 0xC874, 0xC874, 0x3EA },
    { 0xC881, 0xC881, 0x3EB },
    { 0xC885, 0xC885, 0x3EC },
    { 0xC88C, 0xC88C, 0x3ED },
    { 0xC8FC, 0xC8FC, 0x3EE },
    { 0xC900, 0xC900, 0x3EF },
    { 0xC904, 0xC904, 0x3F0 },
    { 0xC911, 0xC911, 0x3F1 },
    { 0xC990, 0xC990, 0x3F2 },
    { 0xC99D, 0xC99D, 0x3F3 },
    { 0xC9C0, 0xC9C1, 0x3F4 },
    { 0xC9C4, 0xC9C4, 0x3F6 },
    { 0xC9D0, 0xC9D1, 0x3F7 },
    { 0xC9DC, 0xC9DC, 0x3F9 },
    { 0xC9E7, 0xC9E7, 0x3FA },
    { 0xC9F8, 0xC9F8, 0x3FB },
    { 0xCABD, 0xCABD, 0x3FC },
    { 0xCC0D, 0xCC0D, 0x3FD },
    { 0xCC3E, 0xCC3E, 0x3FE },
    { 0xCC45, 0xCC45, 0x3FF },
    { 0xCC55, 0xCC55, 0x400 },
    { 0xCCAB, 0xCCAB, 0x401 },
    { 0xCCB4, 0xCCB4, 0x402 },
    { 0xCD08, 0xCD08, 0x403 },
    { 0xCD1D, 0xCD1D, 0x404 },
    { 0xCD5C, 0xCD5C, 0x405 },
    { 0xCD94, 0xCD94, 0x406 },
    { 0xCD9C, 0xCD9C, 0x407 },
    { 0xCDA4, 0xCDA4, 0x408 },
    { 0xCDA9, 0xCDA9, 0x409 },
    { 0xCDE8, 0xCDE8, 0x40A },
    { 0xCE21, 0xCE21, 0x40B },
    { 0xCE58, 0xCE58, 0x40C },
    { 0xCE68, 0xCE68, 0x40D },
    { 0xCE6D, 0xCE6D, 0x40E },
    { 0xCE74, 0xCE74, 0x40F },
    { 0xCE90, 0xCE90, 0x410 },
    { 0xCE94, 0xCE94, 0x411 },
    { 0xCEE4, 0xCEE4, 0x412 },
    { 0xCEEC, 0xCEEC, 0x413 },
    { 0xCEF4, 0xCEF4, 0x414 },
    { 0xCF1C, 0xCF1C, 0x415 },
    { 0xCF54, 0xCF54, 0x416 },
    { 0xD06C, 0xD06C, 0x417 },
    { 0xD074, 0xD074, 0x418 },
    { 0xD07D, 0xD07D, 0x419 },
    { 0xD0A4, 0xD0A4, 0x41A },
    { 0xD0B5, 0xD0B5, 0x41B },
    { 0xD0C0, 0xD0C0, 0x41C },
    { 0xD0DC, 0xD0DD, 0x41D },
    { 0xD130, 0xD130, 0x41F },
    { 0xD140, 0xD140, 0x420 },
    { 0xD14C, 0xD14D, 0x421 },
    { 0xD15C, 0xD15C, 0x423 },
    { 0xD1A0, 0xD1A0, 0x424 },
    { 0xD1B5, 0xD1B5, 0x425 },
    { 0xD1F4, 0xD1F4, 0x426 },
    { 0xD2B8, 0xD2B8, 0x427 },
    { 0xD2BC, 0xD2BC, 0x428 },
    { 0xD2F0, 0xD2F0, 0x429 },
    { 0xD301, 0xD301, 0x42A },
    { 0xD305, 0xD305, 0x42B },
    { 0xD30C, 0xD30C, 0x42C },
    { 0xD31F, 0xD31F, 0x42D },
    { 0xD328, 0xD329, 0x42E },
    { 0xD38C, 0xD38C, 0x430 },
    { 0xD398, 0xD398, 0x431 },
    { 0xD3AB, 0xD3AB, 0x432 },
    { 0xD3B8, 0xD3B8, 0x433 },
    { 0xD3C9, 0xD3C9, 0x434 },
    { 0xD3EC, 0xD3EC, 0x435 },
    { 0xD3F0, 0xD3F0, 0x436 },
    { 0xD3F4, 0xD3F4, 0x437 },
    { 0xD45C, 0xD45C, 0x438 },
    { 0xD504, 0xD504, 0x439 },
    { 0xD508, 0xD508, 0x43A },
    { 0xD50C, 0xD50C, 0x43B },
    { 0xD53C, 0xD53C, 0x43C },
    { 0xD544, 0xD544, 0x43D },
    { 0xD551, 0xD551, 0x43E },
    { 0xD558, 0xD558, 0x43F },
    { 0xD55C, 0xD55C, 0x440 },
    { 0xD560, 0xD560, 0x441 },
    { 0xD568, 0xD569, 0x442 },
    { 0xD56B, 0xD56B, 0x444 },
    { 0xD56D, 0xD56D, 0x445 },
    { 0xD574, 0xD574, 0x446 },
    { 0xD587, 0xD589, 0x447 },
    { 0xD5A5, 0xD5A5, 0x44A },
    { 0xD604, 0xD604, 0x44B },
    { 0xD615, 0xD615, 0x44C },
    { 0xD638, 0xD638, 0x44D },
    { 0xD648, 0xD648, 0x44E },
    { 0xD654, 0xD655, 0x44F },
    { 0xD658, 0xD658, 0x451 },
    { 0xD65C, 0xD65C, 0x452 },
    { 0xD669, 0xD669, 0x453 },
    { 0xD6C4, 0xD6C4, 0x454 },
    { 0xD734, 0xD734, 0x455 },
    { 0xD78C, 0xD78C, 0x456 },
    { 0xFB51, 0xFB51, 0x457 },
    { 0xFB57, 0xFB59, 0x458 },
    { 0xFB7B, 0xFB7D, 0x45B },
    { 0xFB8B, 0xFB8B, 0x45E },
    { 0xFB8F, 0xFB91, 0x45F },
    { 0xFB93, 0xFB95, 0x462 },
    { 0xFBFD, 0xFBFF, 0x465 },
    { 0xFE82, 0xFE82, 0x468 },
    { 0xFE84, 0xFE84, 0x469 },
    { 0xFE86, 0xFE86, 0x46A },
    { 0xFE88, 0xFE88, 0x46B },
    { 0xFE8A, 0xFE8C, 0x46C },
    { 0xFE8E, 0xFE8E, 0x46F },
    { 0xFE90, 0xFE92, 0x470 },
    { 0xFE94, 0xFE94, 0x473 },
    { 0xFE96, 0xFE98, 0x474 },
    { 0xFE9A, 0xFE9C, 0x477 },
    { 0xFE9E, 0xFEA0, 0x47A },
    { 0xFEA2, 0xFEA4, 0x47D },
    { 0xFEA6, 0xFEA8, 0x480 },
    { 0xFEAA, 0xFEAA, 0x483 },
    { 0xFEAC, 0xFEAC, 0x484 },
    { 0xFEAE, 0xFEAE, 0x485 },
    { 0xFEB0, 0xFEB0, 0x486 },
    { 0xFEB2, 0xFEB4, 0x487 },
    { 0xFEB6, 0xFEB8, 0x48A },
    { 0xFEBA, 0xFEBC, 0x48D },
    { 0xFEBE, 0xFEC0, 0x490 },
    { 0xFEC2, 0xFEC4, 0x493 },
    { 0xFEC6, 0xFEC8, 0x496 },
    { 0xFECA, 0xFECC, 0x499 },
    { 0xFECE, 0xFED0, 0x49C },
    { 0xFED2, 0xFED4, 0x49F },
    { 0xFED6, 0xFED8, 0x4A2 },
    { 0xFEDA, 0xFEDC, 0x4A5 },
    { 0xFEDE, 0xFEE0, 0x4A8 },
    { 0xFEE2, 0xFEE4, 0x4AB },
    { 0xFEE6, 0xFEE8, 0x4AE },
    { 0xFEEA, 0xFEEC, 0x4B1 },
    { 0xFEEE, 0xFEEE, 0x4B4 },
    { 0xFEF0, 0xFEF0, 0x4B5 },
    { 0xFEF2, 0xFEFC, 0x4B6 },
};

static const EpdKernClassEntry ui_14_mediumKernLeftClasses[] = {
    { 0x0022, 1 }, // "
    { 0x0024, 2 }, // $
    { 0x0025, 3 }, // %
    { 0x0026, 4 }, // &
    { 0x0027, 1 }, // '
    { 0x0028, 5 }, // (
    { 0x0029, 6 }, // )
    { 0x002A, 7 }, // *
    { 0x002B, 8 }, // +
    { 0x002C, 9 }, // ,
    { 0x002D, 8 }, // -
    { 0x002E, 9 }, // .
    { 0x002F, 10 }, // /
    { 0x0030, 11 }, // 0
    { 0x0031, 12 }, // 1
    { 0x0032, 13 }, // 2
    { 0x0033, 14 }, // 3
    { 0x0034, 15 }, // 4
    { 0x0035, 16 }, // 5
    { 0x0036, 17 }, // 6
    { 0x0037, 18 }, // 7
    { 0x0038, 14 }, // 8
    { 0x0039, 11 }, // 9
    { 0x003A, 19 }, // :
    { 0x003B, 19 }, // ;
    { 0x003D, 20 }, // =
    { 0x003E, 21 }, // >
    { 0x003F, 22 }, // ?
    { 0x0040, 23 }, // @
    { 0x0041, 24 }, // A
    { 0x0042, 25 }, // B
    { 0x0043, 26 }, // C
    { 0x0044, 23 }, // D
    { 0x0045, 27 }, // E
    { 0x0046, 28 }, // F
    { 0x0047, 29 }, // G
    { 0x0048, 12 }, // H
    { 0x0049, 12 }, // I
    { 0x004A, 30 }, // J
    { 0x004B, 31 }, // K
    { 0x004C, 32 }, // L
    { 0x004D, 12 }, // M
    { 0x004E, 12 }, // N
    { 0x004F, 23 }, // O
    { 0x0050, 33 }, // P
    { 0x0051, 23 }, // Q
    { 0x0052, 34 }, // R
    { 0x0053, 2 }, // S
    { 0x0054, 35 }, // T
    { 0x0055, 30 }, // U
    { 0x0056, 36 }, // V
    { 0x0057, 37 }, // W
    { 0x0058, 38 }, // X
    { 0x0059, 39 }, // Y
    { 0x005A, 40 }, // Z
    { 0x005B, 5 }, // [
    { 0x005C, 41 }, // <backslash>
    { 0x005D, 6 }, // ]
    { 0x005E, 7 }, // ^
    { 0x005F, 42 }, // _
    { 0x0061, 43 }, // a
    { 0x0062, 44 }, // b
    { 0x0063, 44 }, // c
    { 0x0064, 12 }, // d
    { 0x0065, 44 }, // e
    { 0x0066, 45 }, // f
    { 0x0067, 46 }, // g
    { 0x0068, 43 }, // h
    { 0x0069, 47 }, // i
    { 0x006A, 47 }, // j
    { 0x006B, 48 }, // k
    { 0x006C, 12 }, // l
    { 0x006D, 43 }, // m
    { 0x006E, 43 }, // n
    { 0x006F, 44 }, // o
    { 0x0070, 44 }, // p
    { 0x0071, 46 }, // q
    { 0x0072, 49 }, // r
    { 0x0073, 50 }, // s
    { 0x0074, 51 }, // t
    { 0x0075, 52 }, // u
    { 0x0076, 53 }, // v
    { 0x0077, 54 }, // w
    { 0x0078, 55 }, // x
    { 0x0079, 53 }, // y
    { 0x007A, 56 }, // z
    { 0x007B, 5 }, // {
    { 0x007C, 12 }, // |
    { 0x007D, 6 }, // }
    { 0x007E, 57 }, // ~
    { 0x00A1, 58 }, // U+00A1
    { 0x00AB, 59 }, // U+00AB
    { 0x00B0, 7 }, // U+00B0
    { 0x00B7, 60 }, // U+00B7
    { 0x00BA, 61 }, // U+00BA
    { 0x00BB, 62 }, // U+00BB
    { 0x00BF, 63 }, // U+00BF
    { 0x00C0, 24 }, // U+00C0
    { 0x00C1, 24 }, // U+00C1
    { 0x00C2, 24 }, // U+00C2
    { 0x00C4, 24 }, // U+00C4
    { 0x00C5, 24 }, // U+00C5
    { 0x00C6, 27 }, // U+00C6
    { 0x00C7, 26 }, // U+00C7
    { 0x00C9, 27 }, // U+00C9
    { 0x00CA, 27 }, // U+00CA
    { 0x00CD, 12 }, // U+00CD
    { 0x00CE, 64 }, // U+00CE
    { 0x00D2, 23 }, // U+00D2
    { 0x00D3, 23 }, // U+00D3
    { 0x00D6, 23 }, // U+00D6
    { 0x00D8, 23 }, // U+00D8
    { 0x00D9, 30 }, // U+00D9
    { 0x00DA, 30 }, // U+00DA
    { 0x00DC, 30 }, // U+00DC
    { 0x00DD, 39 }, // U+00DD
    { 0x00DF, 65 }, // U+00DF
    { 0x00E0, 43 }, // U+00E0
    { 0x00E1, 43 }, // U+00E1
    { 0x00E2, 43 }, // U+00E2
    { 0x00E3, 43 }, // U+00E3
    { 0x00E4, 43 }, // U+00E4
    { 0x00E5, 43 }, // U+00E5
    { 0x00E6, 66 }, // U+00E6
    { 0x00E7, 44 }, // U+00E7
    { 0x00E8, 44 }, // U+00E8
    { 0x00E9, 44 }, // U+00E9
    { 0x00EA, 44 }, // U+00EA
    { 0x00EB, 44 }, // U+00EB
    { 0x00EC, 47 }, // U+00EC
    { 0x00ED, 47 }, // U+00ED
    { 0x00EE, 67 }, // U+00EE
    { 0x00EF, 68 }, // U+00EF
    { 0x00F1, 69 }, // U+00F1
    { 0x00F2, 44 }, // U+00F2
    { 0x00F3, 44 }, // U+00F3
    { 0x00F4, 44 }, // U+00F4
    { 0x00F5, 70 }, // U+00F5
    { 0x00F6, 70 }, // U+00F6
    { 0x00F8, 44 }, // U+00F8
    { 0x00F9, 52 }, // U+00F9
    { 0x00FA, 52 }, // U+00FA
    { 0x00FB, 52 }, // U+00FB
    { 0x00FC, 52 }, // U+00FC
    { 0x00FD, 53 }, // U+00FD
    { 0x0103, 43 }, // U+0103
    { 0x0105, 43 }, // U+0105
    { 0x0107, 44 }, // U+0107
    { 0x010C, 26 }, // U+010C
    { 0x010D, 44 }, // U+010D
    { 0x010E, 23 }, // U+010E
    { 0x010F, 71 }, // U+010F
    { 0x0111, 72 }, // U+0111
    { 0x0116, 27 }, // U+0116
    { 0x0117, 44 }, // U+0117
    { 0x0118, 27 }, // U+0118
    { 0x0119, 44 }, // U+0119
    { 0x011A, 27 }, // U+011A
    { 0x011B, 44 }, // U+011B
    { 0x011E, 29 }, // U+011E
    { 0x011F, 46 }, // U+011F
    { 0x0129, 73 }, // U+0129
    { 0x012E, 12 }, // U+012E
    { 0x012F, 47 }, // U+012F
    { 0x0130, 12 }, // U+0130
    { 0x0131, 47 }, // U+0131
    { 0x013A, 12 }, // U+013A
    { 0x013D, 74 }, // U+013D
    { 0x013E, 12 }, // U+013E
    { 0x0141, 75 }, // U+0141
    { 0x0142, 76 }, // U+0142
    { 0x0144, 43 }, // U+0144
    { 0x0148, 43 }, // U+0148
    { 0x0151, 44 }, // U+0151
    { 0x0155, 49 }, // U+0155
    { 0x0158, 34 }, // U+0158
    { 0x0159, 49 }, // U+0159
    { 0x015A, 2 }, // U+015A
    { 0x015B, 50 }, // U+015B
    { 0x015E, 2 }, // U+015E
    { 0x015F, 50 }, // U+015F
    { 0x0160, 2 }, // U+0160
    { 0x0161, 50 }, // U+0161
    { 0x0163, 51 }, // U+0163
    { 0x0164, 77 }, // U+0164
    { 0x0165, 51 }, // U+0165
    { 0x016B, 52 }, // U+016B
    { 0x016E, 30 }, // U+016E
    { 0x016F, 52 }, // U+016F
    { 0x0170, 30 }, // U+0170
    { 0x0171, 52 }, // U+0171
    { 0x0172, 30 }, // U+0172
    { 0x0173, 52 }, // U+0173
    { 0x017A, 56 }, // U+017A
    { 0x017C, 56 }, // U+017C
    { 0x017D, 40 }, // U+017D
    { 0x017E, 56 }, // U+017E
    { 0x01A1, 78 }, // U+01A1
    { 0x01B0, 79 }, // U+01B0
    { 0x0218, 2 }, // U+0218
    { 0x0219, 50 }, // U+0219
    { 0x021A, 35 }, // U+021A
    { 0x021B, 51 }, // U+021B
    { 0x0404, 80 }, // U+0404
    { 0x0406, 12 }, // U+0406
    { 0x0410, 24 }, // U+0410
    { 0x0411, 25 }, // U+0411
    { 0x0412, 25 }, // U+0412
    { 0x0413, 35 }, // U+0413
    { 0x0414, 81 }, // U+0414
    { 0x0415, 27 }, // U+0415
    { 0x0416, 82 }, // U+0416
    { 0x0417, 14 }, // U+0417
    { 0x0418, 12 }, // U+0418
    { 0x0419, 12 }, // U+0419
    { 0x041A, 31 }, // U+041A
    { 0x041B, 12 }, // U+041B
    { 0x041C, 12 }, // U+041C
    { 0x041D, 12 }, // U+041D
    { 0x041E, 23 }, // U+041E
    { 0x041F, 12 }, // U+041F
    { 0x0420, 33 }, // U+0420
    { 0x0421, 26 }, // U+0421
    { 0x0422, 35 }, // U+0422
    { 0x0423, 39 }, // U+0423
    { 0x0424, 83 }, // U+0424
    { 0x0425, 38 }, // U+0425
    { 0x0426, 81 }, // U+0426
    { 0x0427, 12 }, // U+0427
    { 0x0428, 12 }, // U+0428
    { 0x0429, 81 }, // U+0429
    { 0x042B, 12 }, // U+042B
    { 0x042C, 44 }, // U+042C
    { 0x042D, 23 }, // U+042D
    { 0x0430, 43 }, // U+0430
    { 0x0432, 50 }, // U+0432
    { 0x0433, 49 }, // U+0433
    { 0x0434, 84 }, // U+0434
    { 0x0435, 44 }, // U+0435
    { 0x0436, 55 }, // U+0436
    { 0x0437, 43 }, // U+0437
    { 0x0438, 43 }, // U+0438
    { 0x0439, 43 }, // U+0439
    { 0x043A, 48 }, // U+043A
    { 0x043B, 43 }, // U+043B
    { 0x043C, 43 }, // U+043C
    { 0x043D, 43 }, // U+043D
    { 0x043E, 44 }, // U+043E
    { 0x043F, 43 }, // U+043F
    { 0x0440, 44 }, // U+0440
    { 0x0441, 44 }, // U+0441
    { 0x0442, 85 }, // U+0442
    { 0x0443, 53 }, // U+0443
    { 0x0444, 44 }, // U+0444
    { 0x0445, 55 }, // U+0445
    { 0x0446, 84 }, // U+0446
    { 0x0447, 43 }, // U+0447
    { 0x0448, 43 }, // U+0448
    { 0x0449, 84 }, // U+0449
    { 0x044A, 86 }, // U+044A
    { 0x044B, 47 }, // U+044B
    { 0x044C, 86 }, // U+044C
    { 0x044D, 44 }, // U+044D
    { 0x044E, 44 }, // U+044E
    { 0x044F, 43 }, // U+044F
    { 0x0451, 44 }, // U+0451
    { 0x0454, 44 }, // U+0454
    { 0x0456, 47 }, // U+0456
    { 0x0457, 68 }, // U+0457
    { 0x045E, 53 }, // U+045E
    { 0x0491, 49 }, // U+0491
    { 0x0492, 35 }, // U+0492
    { 0x0493, 49 }, // U+0493
    { 0x049A, 31 }, // U+049A
    { 0x049B, 48 }, // U+049B
    { 0x04A2, 51 }, // U+04A2
    { 0x04A3, 51 }, // U+04A3
    { 0x04AE, 39 }, // U+04AE
    { 0x04AF, 53 }, // U+04AF
    { 0x04B0, 87 }, // U+04B0
    { 0x04B1, 53 }, // U+04B1
    { 0x04D9, 44 }, // U+04D9
    { 0x04E8, 23 }, // U+04E8
    { 0x04E9, 44 }, // U+04E9
    { 0x05D0, 88 }, // U+05D0
    { 0x05D1, 89 }, // U+05D1
    { 0x05D2, 90 }, // U+05D2
    { 0x05D3, 91 }, // U+05D3
    { 0x05D5, 92 }, // U+05D5
    { 0x05D6, 93 }, // U+05D6
    { 0x05D8, 94 }, // U+05D8
    { 0x05D9, 95 }, // U+05D9
    { 0x05DB, 96 }, // U+05DB
    { 0x05DC, 97 }, // U+05DC
    { 0x05DE, 98 }, // U+05DE
    { 0x05E0, 99 }, // U+05E0
    { 0x05E1, 100 }, // U+05E1
    { 0x05E2, 101 }, // U+05E2
    { 0x05E4, 102 }, // U+05E4
    { 0x05E6, 103 }, // U+05E6
    { 0x05E8, 104 }, // U+05E8
    { 0x05E9, 105 }, // U+05E9
    { 0x05EA, 106 }, // U+05EA
    { 0x1EA1, 43 }, // U+1EA1
    { 0x1EA2, 24 }, // U+1EA2
    { 0x1EA3, 43 }, // U+1EA3
    { 0x1EA5, 43 }, // U+1EA5
    { 0x1EA6, 24 }, // U+1EA6
    { 0x1EA7, 43 }, // U+1EA7
    { 0x1EA8, 24 }, // U+1EA8
    { 0x1EA9, 43 }, // U+1EA9
    { 0x1EAB, 43 }, // U+1EAB
    { 0x1EAC, 24 }, // U+1EAC
    { 0x1EAD, 43 }, // U+1EAD
    { 0x1EAE, 24 }, // U+1EAE
    { 0x1EAF, 43 }, // U+1EAF
    { 0x1EB1, 43 }, // U+1EB1
    { 0x1EB5, 43 }, // U+1EB5
    { 0x1EB7, 43 }, // U+1EB7
    { 0x1EB9, 44 }, // U+1EB9
    { 0x1EBB, 44 }, // U+1EBB
    { 0x1EBD, 44 }, // U+1EBD
    { 0x1EBF, 44 }, // U+1EBF
    { 0x1EC0, 27 }, // U+1EC0
    { 0x1EC1, 44 }, // U+1EC1
    { 0x1EC3, 44 }, // U+1EC3
    { 0x1EC7, 44 }, // U+1EC7
    { 0x1EC9, 107 }, // U+1EC9
    { 0x1ECB, 47 }, // U+1ECB
    { 0x1ECC, 23 }, // U+1ECC
    { 0x1ECD, 44 }, // U+1ECD
    { 0x1ECF, 44 }, // U+1ECF
    { 0x1ED0, 23 }, // U+1ED0
    { 0x1ED1, 44 }, // U+1ED1
    { 0x1ED2, 23 }, // U+1ED2
    { 0x1ED3, 44 }, // U+1ED3
    { 0x1ED5, 44 }, // U+1ED5
    { 0x1ED7, 44 }, // U+1ED7
    { 0x1ED8, 23 }, // U+1ED8
    { 0x1ED9, 44 }, // U+1ED9
    { 0x1EDB, 44 }, // U+1EDB
    { 0x1EDD, 44 }, // U+1EDD
    { 0x1EDE, 23 }, // U+1EDE
    { 0x1EDF, 44 }, // U+1EDF
    { 0x1EE1, 44 }, // U+1EE1
    { 0x1EE3, 44 }, // U+1EE3
    { 0x1EE5, 52 }, // U+1EE5
    { 0x1EE6, 30 }, // U+1EE6
    { 0x1EE7, 52 }, // U+1EE7
    { 0x1EE9, 52 }, // U+1EE9
    { 0x1EEB, 52 }, // U+1EEB
    { 0x1EED, 79 }, // U+1EED
    { 0x1EEF, 52 }, // U+1EEF
    { 0x1EF1, 52 }, // U+1EF1
    { 0x2018, 108 }, // U+2018
    { 0x2019, 109 }, // U+2019
    { 0x201C, 108 }, // U+201C
    { 0x201D, 109 }, // U+201D
    { 0x201E, 110 }, // U+201E
    { 0x2026, 9 }, // U+2026
};

static const EpdKernClassEntry ui_14_mediumKernRightClasses[] = {
    { 0x0020, 1 }, // U+0020
    { 0x0021, 2 }, // !
    { 0x0022, 3 }, // "
    { 0x0023, 4 }, // #
    { 0x0024, 5 }, // $
    { 0x0026, 6 }, // &
    { 0x0027, 3 }, // '
    { 0x0028, 7 }, // (
    { 0x0029, 8 }, // )
    { 0x002A, 9 }, // *
    { 0x002B, 10 }, // +
    { 0x002C, 11 }, // ,
    { 0x002D, 12 }, // -
    { 0x002E, 13 }, // .
    { 0x002F, 14 }, // /
    { 0x0030, 15 }, // 0
    { 0x0031, 16 }, // 1
    { 0x0032, 17 }, // 2
    { 0x0033, 18 }, // 3
    { 0x0034, 19 }, // 4
    { 0x0035, 20 }, // 5
    { 0x0036, 15 }, // 6
    { 0x0037, 21 }, // 7
    { 0x0038, 22 }, // 8
    { 0x0039, 23 }, // 9
    { 0x003A, 24 }, // :
    { 0x003B, 24 }, // ;
    { 0x003C, 25 }, // <
    { 0x003D, 26 }, // =
    { 0x003F, 27 }, // ?
    { 0x0040, 28 }, // @
    { 0x0041, 29 }, // A
    { 0x0042, 30 }, // B
    { 0x0043, 31 }, // C
    { 0x0044, 30 }, // D
    { 0x0045, 30 }, // E
    { 0x0046, 30 }, // F
    { 0x0047, 31 }, // G
    { 0x0048, 30 }, // H
    { 0x0049, 30 }, // I
    { 0x004A, 32 }, // J
    { 0x004B, 30 }, // K
    { 0x004C, 30 }, // L
    { 0x004D, 30 }, // M
    { 0x004E, 30 }, // N
    { 0x004F, 31 }, // O
    { 0x0050, 30 }, // P
    { 0x0051, 31 }, // Q
    { 0x0052, 30 }, // R
    { 0x0053, 5 }, // S
    { 0x0054, 33 }, // T
    { 0x0055, 34 }, // U
    { 0x0056, 35 }, // V
    { 0x0057, 36 }, // W
    { 0x0058, 37 }, // X
    { 0x0059, 38 }, // Y
    { 0x005A, 39 }, // Z
    { 0x005B, 7 }, // [
    { 0x005C, 35 }, // <backslash>
    { 0x005D, 8 }, // ]
    { 0x005E, 40 }, // ^
    { 0x005F, 41 }, // _
    { 0x0061, 42 }, // a
    { 0x0062, 30 }, // b
    { 0x0063, 43 }, // c
    { 0x0064, 43 }, // d
    { 0x0065, 43 }, // e
    { 0x0066, 44 }, // f
    { 0x0067, 43 }, // g
    { 0x0068, 30 }, // h
    { 0x0069, 45 }, // i
    { 0x006A, 46 }, // j
    { 0x006B, 30 }, // k
    { 0x006C, 30 }, // l
    { 0x006D, 47 }, // m
    { 0x006E, 47 }, // n
    { 0x006F, 43 }, // o
    { 0x0070, 47 }, // p
    { 0x0071, 43 }, // q
    { 0x0072, 47 }, // r
    { 0x0073, 48 }, // s
    { 0x0074, 49 }, // t
    { 0x0075, 50 }, // u
    { 0x0076, 51 }, // v
    { 0x0077, 52 }, // w
    { 0x0078, 53 }, // x
    { 0x0079, 51 }, // y
    { 0x007A, 54 }, // z
    { 0x007B, 7 }, // {
    { 0x007C, 30 }, // |
    { 0x007D, 8 }, // }
    { 0x007E, 55 }, // ~
    { 0x00AB, 56 }, // U+00AB
    { 0x00B0, 57 }, // U+00B0
    { 0x00B7, 58 }, // U+00B7
    { 0x00BA, 59 }, // U+00BA
    { 0x00BB, 60 }, // U+00BB
    { 0x00BF, 61 }, // U+00BF
    { 0x00C0, 29 }, // U+00C0
    { 0x00C1, 29 }, // U+00C1
    { 0x00C2, 29 }, // U+00C2
    { 0x00C4, 29 }, // U+00C4
    { 0x00C5, 29 }, // U+00C5
    { 0x00C6, 29 }, // U+00C6
    { 0x00C7, 31 }, // U+00C7
    { 0x00C9, 30 }, // U+00C9
    { 0x00CA, 30 }, // U+00CA
    { 0x00CD, 30 }, // U+00CD
    { 0x00CE, 62 }, // U+00CE
    { 0x00D2, 31 }, // U+00D2
    { 0x00D3, 31 }, // U+00D3
    { 0x00D6, 31 }, // U+00D6
    { 0x00D8, 31 }, // U+00D8
    { 0x00D9, 34 }, // U+00D9
    { 0x00DA, 34 }, // U+00DA
    { 0x00DC, 34 }, // U+00DC
    { 0x00DD, 38 }, // U+00DD
    { 0x00DF, 30 }, // U+00DF
    { 0x00E0, 42 }, // U+00E0
    { 0x00E1, 42 }, // U+00E1
    { 0x00E2, 42 }, // U+00E2
    { 0x00E3, 63 }, // U+00E3
    { 0x00E4, 64 }, // U+00E4
    { 0x00E5, 42 }, // U+00E5
    { 0x00E6, 42 }, // U+00E6
    { 0x00E7, 43 }, // U+00E7
    { 0x00E8, 43 }, // U+00E8
    { 0x00E9, 43 }, // U+00E9
    { 0x00EA, 43 }, // U+00EA
    { 0x00EB, 65 }, // U+00EB
    { 0x00EC, 66 }, // U+00EC
    { 0x00ED, 67 }, // U+00ED
    { 0x00EE, 68 }, // U+00EE
    { 0x00EF, 69 }, // U+00EF
    { 0x00F1, 47 }, // U+00F1
    { 0x00F2, 43 }, // U+00F2
    { 0x00F3, 43 }, // U+00F3
    { 0x00F4, 43 }, // U+00F4
    { 0x00F5, 70 }, // U+00F5
    { 0x00F6, 65 }, // U+00F6
    { 0x00F8, 43 }, // U+00F8
    { 0x00F9, 50 }, // U+00F9
    { 0x00FA, 50 }, // U+00FA
    { 0x00FB, 50 }, // U+00FB
    { 0x00FC, 71 }, // U+00FC
    { 0x00FD, 51 }, // U+00FD
    { 0x0103, 42 }, // U+0103
    { 0x0105, 42 }, // U+0105
    { 0x0107, 43 }, // U+0107
    { 0x010C, 31 }, // U+010C
    { 0x010D, 43 }, // U+010D
    { 0x010E, 30 }, // U+010E
    { 0x010F, 43 }, // U+010F
    { 0x0110, 72 }, // U+0110
    { 0x0111, 43 }, // U+0111
    { 0x0116, 30 }, // U+0116
    { 0x0117, 43 }, // U+0117
    { 0x0118, 30 }, // U+0118
    { 0x0119, 43 }, // U+0119
    { 0x011A, 30 }, // U+011A
    { 0x011B, 43 }, // U+011B
    { 0x011E, 31 }, // U+011E
    { 0x011F, 43 }, // U+011F
    { 0x0129, 73 }, // U+0129
    { 0x012E, 30 }, // U+012E
    { 0x012F, 45 }, // U+012F
    { 0x0130, 30 }, // U+0130
    { 0x0131, 45 }, // U+0131
    { 0x013A, 30 }, // U+013A
    { 0x013D, 30 }, // U+013D
    { 0x013E, 30 }, // U+013E
    { 0x0141, 30 }, // U+0141
    { 0x0142, 30 }, // U+0142
    { 0x0144, 47 }, // U+0144
    { 0x0148, 47 }, // U+0148
    { 0x0151, 43 }, // U+0151
    { 0x0155, 47 }, // U+0155
    { 0x0158, 30 }, // U+0158
    { 0x0159, 47 }, // U+0159
    { 0x015A, 5 }, // U+015A
    { 0x015B, 48 }, // U+015B
    { 0x015E, 5 }, // U+015E
    { 0x015F, 48 }, // U+015F
    { 0x0160, 5 }, // U+0160
    { 0x0161, 48 }, // U+0161
    { 0x0163, 49 }, // U+0163
    { 0x0164, 74 }, // U+0164
    { 0x0165, 49 }, // U+0165
    { 0x016B, 50 }, // U+016B
    { 0x016E, 34 }, // U+016E
    { 0x016F, 50 }, // U+016F
    { 0x0170, 34 }, // U+0170
    { 0x0171, 50 }, // U+0171
    { 0x0172, 34 }, // U+0172
    { 0x0173, 50 }, // U+0173
    { 0x017A, 54 }, // U+017A
    { 0x017C, 54 }, // U+017C
    { 0x017D, 39 }, // U+017D
    { 0x017E, 54 }, // U+017E
    { 0x01A1, 43 }, // U+01A1
    { 0x01B0, 50 }, // U+01B0
    { 0x0218, 5 }, // U+0218
    { 0x0219, 48 }, // U+0219
    { 0x021A, 33 }, // U+021A
    { 0x021B, 49 }, // U+021B
    { 0x0404, 31 }, // U+0404
    { 0x0406, 30 }, // U+0406
    { 0x0410, 29 }, // U+0410
    { 0x0411, 30 }, // U+0411
    { 0x0412, 30 }, // U+0412
    { 0x0413, 30 }, // U+0413
    { 0x0414, 75 }, // U+0414
    { 0x0415, 30 }, // U+0415
    { 0x0416, 76 }, // U+0416
    { 0x0417, 77 }, // U+0417
    { 0x0418, 78 }, // U+0418
    { 0x0419, 30 }, // U+0419
    { 0x041A, 30 }, // U+041A
    { 0x041B, 79 }, // U+041B
    { 0x041C, 30 }, // U+041C
    { 0x041D, 30 }, // U+041D
    { 0x041E, 31 }, // U+041E
    { 0x041F, 30 }, // U+041F
    { 0x0420, 30 }, // U+0420
    { 0x0421, 31 }, // U+0421
    { 0x0422, 33 }, // U+0422
    { 0x0423, 35 }, // U+0423
    { 0x0424, 80 }, // U+0424
    { 0x0425, 37 }, // U+0425
    { 0x0426, 30 }, // U+0426
    { 0x0427, 81 }, // U+0427
    { 0x0428, 30 }, // U+0428
    { 0x0429, 30 }, // U+0429
    { 0x042B, 30 }, // U+042B
    { 0x042C, 30 }, // U+042C
    { 0x042D, 31 }, // U+042D
    { 0x0430, 42 }, // U+0430
    { 0x0431, 15 }, // U+0431
    { 0x0432, 47 }, // U+0432
    { 0x0433, 47 }, // U+0433
    { 0x0434, 82 }, // U+0434
    { 0x0435, 43 }, // U+0435
    { 0x0436, 53 }, // U+0436
    { 0x0437, 43 }, // U+0437
    { 0x0438, 47 }, // U+0438
    { 0x0439, 47 }, // U+0439
    { 0x043A, 47 }, // U+043A
    { 0x043B, 83 }, // U+043B
    { 0x043C, 47 }, // U+043C
    { 0x043D, 47 }, // U+043D
    { 0x043E, 43 }, // U+043E
    { 0x043F, 47 }, // U+043F
    { 0x0440, 47 }, // U+0440
    { 0x0441, 43 }, // U+0441
    { 0x0442, 84 }, // U+0442
    { 0x0443, 51 }, // U+0443
    { 0x0444, 43 }, // U+0444
    { 0x0445, 53 }, // U+0445
    { 0x0446, 47 }, // U+0446
    { 0x0447, 85 }, // U+0447
    { 0x0448, 47 }, // U+0448
    { 0x0449, 47 }, // U+0449
    { 0x044A, 86 }, // U+044A
    { 0x044B, 45 }, // U+044B
    { 0x044C, 47 }, // U+044C
    { 0x044D, 43 }, // U+044D
    { 0x044E, 47 }, // U+044E
    { 0x044F, 87 }, // U+044F
    { 0x0451, 43 }, // U+0451
    { 0x0454, 43 }, // U+0454
    { 0x0456, 45 }, // U+0456
    { 0x0457, 69 }, // U+0457
    { 0x045E, 51 }, // U+045E
    { 0x0491, 47 }, // U+0491
    { 0x0493, 49 }, // U+0493
    { 0x049A, 30 }, // U+049A
    { 0x049B, 47 }, // U+049B
    { 0x04A2, 30 }, // U+04A2
    { 0x04A3, 47 }, // U+04A3
    { 0x04AE, 38 }, // U+04AE
    { 0x04AF, 51 }, // U+04AF
    { 0x04B0, 88 }, // U+04B0
    { 0x04B1, 51 }, // U+04B1
    { 0x04D9, 43 }, // U+04D9
    { 0x04E8, 31 }, // U+04E8
    { 0x04E9, 43 }, // U+04E9
    { 0x05D0, 89 }, // U+05D0
    { 0x05D1, 90 }, // U+05D1
    { 0x05D2, 91 }, // U+05D2
    { 0x05D3, 92 }, // U+05D3
    { 0x05D4, 93 }, // U+05D4
    { 0x05D6, 94 }, // U+05D6
    { 0x05D7, 95 }, // U+05D7
    { 0x05D8, 96 }, // U+05D8
    { 0x05D9, 97 }, // U+05D9
    { 0x05DA, 98 }, // U+05DA
    { 0x05DB, 99 }, // U+05DB
    { 0x05DC, 100 }, // U+05DC
    { 0x05DD, 101 }, // U+05DD
    { 0x05DE, 102 }, // U+05DE
    { 0x05E1, 103 }, // U+05E1
    { 0x05E2, 104 }, // U+05E2
    { 0x05E3, 105 }, // U+05E3
    { 0x05E4, 106 }, // U+05E4
    { 0x05E5, 107 }, // U+05E5
    { 0x05E7, 108 }, // U+05E7
    { 0x05E8, 109 }, // U+05E8
    { 0x05E9, 110 }, // U+05E9
    { 0x05EA, 111 }, // U+05EA
    { 0x1EA1, 42 }, // U+1EA1
    { 0x1EA2, 29 }, // U+1EA2
    { 0x1EA3, 42 }, // U+1EA3
    { 0x1EA5, 42 }, // U+1EA5
    { 0x1EA6, 29 }, // U+1EA6
    { 0x1EA7, 42 }, // U+1EA7
    { 0x1EA8, 29 }, // U+1EA8
    { 0x1EA9, 42 }, // U+1EA9
    { 0x1EAB, 42 }, // U+1EAB
    { 0x1EAC, 29 }, // U+1EAC
    { 0x1EAD, 42 }, // U+1EAD
    { 0x1EAE, 29 }, // U+1EAE
    { 0x1EAF, 42 }, // U+1EAF
    { 0x1EB1, 42 }, // U+1EB1
    { 0x1EB5, 42 }, // U+1EB5
    { 0x1EB7, 42 }, // U+1EB7
    { 0x1EB9, 43 }, // U+1EB9
    { 0x1EBB, 43 }, // U+1EBB
    { 0x1EBD, 43 }, // U+1EBD
    { 0x1EBF, 43 }, // U+1EBF
    { 0x1EC0, 30 }, // U+1EC0
    { 0x1EC1, 43 }, // U+1EC1
    { 0x1EC3, 43 }, // U+1EC3
    { 0x1EC7, 43 }, // U+1EC7
    { 0x1EC9, 45 }, // U+1EC9
    { 0x1ECB, 45 }, // U+1ECB
    { 0x1ECC, 31 }, // U+1ECC
    { 0x1ECD, 43 }, // U+1ECD
    { 0x1ECF, 43 }, // U+1ECF
    { 0x1ED0, 31 }, // U+1ED0
    { 0x1ED1, 43 }, // U+1ED1
    { 0x1ED2, 31 }, // U+1ED2
    { 0x1ED3, 43 }, // U+1ED3
    { 0x1ED5, 43 }, // U+1ED5
    { 0x1ED7, 43 }, // U+1ED7
    { 0x1ED8, 31 }, // U+1ED8
    { 0x1ED9, 43 }, // U+1ED9
    { 0x1EDB, 43 }, // U+1EDB
    { 0x1EDD, 43 }, // U+1EDD
    { 0x1EDE, 31 }, // U+1EDE
    { 0x1EDF, 43 }, // U+1EDF
    { 0x1EE1, 43 }, // U+1EE1
    { 0x1EE3, 43 }, // U+1EE3
    { 0x1EE5, 50 }, // U+1EE5
    { 0x1EE6, 34 }, // U+1EE6
    { 0x1EE7, 50 }, // U+1EE7
    { 0x1EE9, 50 }, // U+1EE9
    { 0x1EEB, 50 }, // U+1EEB
    { 0x1EED, 50 }, // U+1EED
    { 0x1EEF, 50 }, // U+1EEF
    { 0x1EF1, 50 }, // U+1EF1
    { 0x2018, 112 }, // U+2018
    { 0x2019, 113 }, // U+2019
    { 0x201C, 112 }, // U+201C
    { 0x201D, 113 }, // U+201D
    { 0x201E, 114 }, // U+201E
    { 0x2026, 115 }, // U+2026
};

static const int8_t ui_14_mediumKernMatrix[] = {
       0,    0,    0,    0,    0,  -16,    0,    0,    0,    0,  -39,    0,  -39,    0,    0,    0,    0,    0,  -29,    0,    0,    0,    0,    0,    0,    0,    0,    0,  -37,    0,    0,  -77,    0,    0,    0,    0,    0,    0,    0,    0,    0,    0,   -8,    0,    0,    0,    0,   -1,    0,    0,    0,    0,    0,    0,    0,    0,    0,    0,    0,    0,    0,    0,    0,    0,   -8,    0,    0,    0,    0,   -8,    0,    0,    0,    0,  -21,    0,    0,    0,  -21,    0,    0,    0,    0,    0,    0,    0,   -1,    0,    0,    0,    0,    0,    0,    0,    0,    0,    0,    0,    0,    0,    0,    0,    0,    0,    0,    0,    0,    0,    0,    0,    0,    0,    0,    0,  -39,
       0,    0,    0,    0,    0,    0,    0,    0,    0,    0,    0,    0,    0,    0,    0,    0,    0,    0,    0,    0,    0,    0,    0,    0,    0,    0,    0,    0,   -2,    0,    0,    0,   -3,    0,    0,    0,   -5,    0,    0,    0,    0,    0,    0,    0,    0,    0,    0,    0,    0,    0,    0,    0,    0,    0,    0,    0,    0,    0,    0,    0,    0,    0,    0,    0,    0,    0,    0,    0,   21,    0,    0,    0,   21,   -3,    0,   -5,    0,    0,    0,    0,    0,    0,    0,    0,    0,    0,    0,    0,    0,    0,    0,    0,    0,    0,    0,    0,    0,    0,    0,    0,    0,    0,    0,    0,    0,    0,    0,    0,    0,    0,    0,    0,    0,    0,    0,
       0,    0,    0,    0,    0,    0,    0,    0,    0,    0,    0,    0,    0,    0,    0,    0,    0,    0,    0,    0,    0,    0,    0,    0,    0,    0,    0,    0,    0,    0,    0,    0,    0,    0,    0,    0,    0,    0,    0,    0,    0,    0,    0,    0,    0,    0,    0,    0,    0,    0,    0,    0,    0,    0,    0,    0,    0,    0,    0,    0,    0,    0,    0,    0,    0,    0,    0,    0,    0,    0,    0,    0,    0,    0,    0,    0,    0,    0,    0,    0,    0,    0,    0,    0,    0,    0,    0,    0,    0,    0,    0,    0,    0,    0,    0,    0,    0,    0,    0,    0,    0,    0,    0,    0,    0,    0,    0,    0,    0,    0,    0,  -29,  -32,    0,    0,
       0,    0,  -16,    0,    0,    0,    0,    0,    0,    0,    0,    0,    0,    0,    0,    0,    0,    0,    0,    0,    0,    0,    0,    0,    0,    0,    0,    0,    0,    0,    0,    0,  -26,    0,  -29,  -18,    0,  -34,    0,    0,    0,    0,    0,    0,    0,    0,    0,    0,    0,    0,  -16,  -16,    0,    0,    0,    0,    0,    0,  -18,    0,    0,    0,    0,    0,    0,    0,    0,    0,    0,    0,    0,    0,    0,  -26,    0,    0,    0,    0,    0,    0,    0,    0,    0,    0,    0,    0,    0,  -34,    0,    0,    0,    0,    0,    0,    0,    0,    0,    0,    0,    0,    0,    0,    0,    0,    0,    0,    0,    0,    0,    0,    0,  -42,    0,    0,    0,
       0,    0,    0,    0,    0,    0,    0,    0,    0,    0,    0,    0,    0,    0,    0,    0,    0,    0,    0,    0,    0,    0,    0,    0,    0,    0,    0,    0,    0,    3,    0,    0,    0,    0,    0,    0,    0,    0,    0,    0,    0,    0,   -4,    0,    0,   11,    3,    0,    0,    0,    0,    0,    0,    0,    0,    0,    0,    0,    0,    0,    0,    0,    0,    0,   -4,    0,    0,    0,    0,   -4,    0,    0,    0,    0,    0,    0,    0,    3,    0,    0,    0,    0,    0,    0,    0,    0,    0,    0,    0,    0,    0,    0,    0,    0,    0,    0,    0,    0,    0,    0,    0,    0,    0,    0,    0,    0,    0,    0,    0,    0,    0,    0,    0,    0,    0,
       0,    0,    0,    0,    0,    0,    0,    0,    0,    0,    0,    0,    0,    0,    0,    0,    0,    0,    0,    0,    0,    0,    0,    0,    0,    0,    0,    0,    0,    0,    0,    0,    0,    0,    0,    0,    0,    0,    0,    0,    0,    0,    0,    0,    0,    0,    0,    0,    0,    0,    0,    0,    0,    0,    0,    0,    0,    0,    0,    0,    0,    0,    0,    0,    0,    0,    0,    0,    0,    0,    0,    0,    0,    0,    0,    0,    0,    0,    0,    0,    0,    0,    0,    0,    0,    0,    0,    0,    0,    0,    0,    0,    0,    0,    0,    0,    0,    0,    0,    0,    0,    0,    0,    0,    0,    0,    0,    0,    0,    0,    0,  -16,    0,    0,    0,
       0,    0,    0,    0,    0,  -16,    0,    0,    0,    0,  -64,    0,  -64,    0,    0,    0,    0,    0,  -21,    0,    0,    0,    0,    0,    0,    0,    0,   -6,  -39,    0,   -6,  -45,    0,    0,    0,    0,    0,    0,    0,    0,  -32,    0,    0,    0,    0,    0,    0,    0,    0,    0,    0,    0,    0,    0,    0,    0,    0,    0,    0,    0,    0,    0,    0,    0,    0,    0,    0,    0,    0,    0,    0,    0,    0,    0,  -16,    0,    0,    0,  -16,   -6,    0,    0,    0,    0,    0,    0,    0,    0,    0,    0,    0,    0,    0,    0,    0,    0,    0,    0,    0,    0,    0,    0,    0,    0,    0,    0,    0,    0,    0,    0,    0,    0,    0,    0,  -64,
       0,    0,    0,    0,    0,    0,    0,    0,    0,    0,    0,    0,    0,    0,    0,    0,  -14,   -4,    0,    0,  -11,    0,    0,    0,    0,    0,    0,    0,  -16,    0,    0,  -21,  -35,    0,  -23,  -19,  -17,  -35,    0,    0,    0,    0,    0,    0,    0,    0,    0,    0,    0,    0,    0,    0,  -10,    0,    0,    0,    0,    0,    0,    0,    0,    0,    0,    0,    0,    0,    0,    0,    0,    0,    0,    0,    0,  -54,    0,  -61,  -24,    0,    0,    0,    0,    0,    0,    0,    0,    0,    0,  -35,    0,    0,    0,    0,    0,    0,    0,    0,    0,    0,    0,    0,    0,    0,    0,    0,    0,    0,    0,    0,    0,    0,    0,  -24,    0,    0,    0,
      -5,   -2,  -41,    0,    0,    0,    0,    0,    0,    0,    0,    0,    0,    0,  -13,  -41,    0,  -12,    0,   -5,   -8,  -11,   -4,    0,    0,    0,  -41,  -21,    0,    0,  -21,    0,  -16,    0,    0,    0,    0,  -21,    0,    0,    0,    0,    0,    0,    0,    0,    0,    0,    0,    0,    0,    0,    0,    0,    0,    0,    0,    0,    0,    0,    0,    0,    0,    0,    0,    0,    0,    0,    0,    0,    0,    0,    0,  -16,    0,    0,  -12,    0,    0,  -21,    0,    0,    0,    0,  -15,    0,    0,  -21,    0,    0,    0,    0,    0,    0,    0,    0,    0,    0,    0,    0,    0,    0,    0,    0,    0,    0,    0,    0,    0,    0,    0,    0,  -32,    0,    0,
       0,    0,    0,    0,    0,    0,    0,    0,    0,    0,  -18,    0,  -18,    0,    0,    0,    0,    0,    0,    0,    0,    0,    0,    0,    0,    0,    0,    0,  -11,    0,    0,  -29,    0,    0,    1,    1,    0,    0,    0,    0,    0,    0,    0,    0,    0,    0,    0,    0,    0,    0,    0,    0,    0,    0,    0,    0,    0,    0,    0,    0,    0,    0,    0,    0,    0,    0,    0,    0,    0,    0,    0,    0,    0,    0,    0,    0,    0,    0,    0,    0,    0,    0,    0,    0,    0,    0,    0,    0,    0,    0,    0,    0,    0,    0,    0,    0,    0,    0,    0,    0,    0,    0,    0,    0,    0,    0,    0,    0,    0,    0,    0,    0,    0,    0,  -18,
       0,    0,    0,    0,    0,    0,    0,    0,    0,    0,  -13,    0,  -13,    0,    0,    0,    0,    0,    0,    0,   -9,    0,    0,    0,    0,    0,    0,    0,    0,    0,    0,    0,    0,    0,   -7,    0,  -16,  -16,    0,    0,  -21,    0,    0,    0,    0,    0,    0,    0,    7,    0,    0,    0,    0,    0,    0,    0,    0,    0,    0,    0,    0,    0,    0,    0,    0,    0,    0,    0,    0,    0,    0,    0,    0,    0,    0,  -16,    0,    0,    0,    0,    0,    0,    0,    7,    0,    7,    0,  -16,    0,    0,    0,    0,    0,    0,    0,    0,    0,    0,    0,    0,    0,    0,    0,    0,    0,    0,    0,    0,    0,    0,    0,  -21,    0,  -24,  -13,
       0,    0,    0,    0,    0,    0,    0,    3,    0,    0,    0,    0,    0,    0,    0,    0,    0,    0,    0,    0,    0,    0,    0,    0,    0,    0,    0,    0,    0,    0,    0,    0,    0,    0,    0,    0,    0,    0,    0,    0,    3,    0,    0,    0,    0,    0,    0,    0,    7,    0,    3,    0,    0,    0,    0,    0,    0,    0,    0,    0,    0,    0,    0,    0,    0,    0,    0,    0,   28,    0,    0,   16,   28,    0,    0,    0,    0,    0,    0,    0,    0,    0,    0,    7,    0,    7,    0,    0,    0,    0,    0,    0,    0,    0,    0,    0,    0,    0,    0,    0,    0,    0,    0,    0,    0,    0,    0,    0,    0,    0,    0,    0,    0,    0,    0,
       0,    0,    0,    0,    0,    0,    0,    0,    0,    0,    0,    0,    0,    0,    0,    0,    0,    0,   -7,    0,    0,    0,    0,    0,    0,    0,    0,    0,    0,    0,    0,    0,    0,    0,    0,    0,    0,    0,    0,    0,    0,    0,    0,    0,    0,    0,    0,    0,    0,    0,    0,    0,    0,    0,    0,    0,    0,    0,    0,    0,    0,    0,    0,    0,    0,    0,    0,    0,    0,    0,    0,    0,    0,    0,    0,    0,    0,    0,    0,    0,    0,    0,    0,    0,    0,    0,    0,    0,    0,    0,    0,    0,    0,    0,    0,    0,    0,    0,    0,    0,    0,    0,    0,    0,    0,    0,    0,    0,    0,    0,    0,    0,    0,    0,    0,
       0,    0,    0,    0,    0,    0,    0,    0,   -6,    0,  -10,    0,  -10,    0,    0,    0,    0,    0,    0,    0,    0,    0,    0,    0,    0,    0,    0,    0,    0,    0,    0,    0,    0,    0,    0,    0,  -10,    0,    0,   -6,    0,    0,    0,    0,    0,    0,    0,    0,    0,    0,    0,    0,    0,    0,    0,  -16,   -6,    0,    0,    0,    0,    0,    0,    0,    0,    0,    0,    0,    0,    0,    0,    0,    0,    0,    0,  -10,    0,    0,    0,    0,    0,    0,    0,    0,    0,    0,    0,    0,    0,    0,    0,    0,    0,    0,    0,    0,    0,    0,    0,    0,    0,    0,    0,    0,    0,    0,    0,    0,    0,    0,    0,    0,    0,  -24,  -10,
       0,    0,    0,    0,    0,    0,    0,    0,  -12,    0,  -16,    0,  -16,    0,    0,  -12,    0,    0,    0,    0,    0,    0,    0,    0,    0,    0,    0,    0,    0,    0,    0,    0,    0,    0,    0,    0,    0,    0,    0,  -12,    0,    0,    0,    0,    0,    0,    0,    0,    0,    0,    0,    0,    0,    0,    0,    0,  -12,    0,    0,    0,    0,    0,    0,    0,    0,    0,    0,    0,    0,    0,    0,    0,    0,    0,    0,    0,    0,    0,    0,    0,    0,    0,    0,    0,    0,    0,    0,    0,    0,    0,    0,    0,    0,    0,    0,    0,    0,    0,    0,    0,    0,    0,    0,    0,    0,    0,    0,    0,    0,    0,    0,    0,    0,    0,  -16,
       0,    0,    0,    0,    0,    0,    0,    0,   -1,    0,  -12,    0,  -12,    0,    0,    0,    0,    0,    0,    0,    0,    0,    0,    0,    0,    0,    0,    0,    0,    0,    0,    0,    0,    0,    0,    0,    0,    0,    0,   -1,    0,    0,    0,    0,    0,    0,    0,    0,    0,    0,    0,    0,    0,    0,    0,    0,   -1,    0,    0,    0,    0,    0,    0,    0,    0,    0,    0,    0,    0,    0,    0,    0,    0,    0,    0,    0,    0,    0,    0,    0,    0,    0,    0,    0,    0,    0,    0,    0,    0,    0,    0,    0,    0,    0,    0,    0,    0,    0,    0,    0,    0,    0,    0,    0,    0,    0,    0,    0,    0,    0,    0,    0,    0,    0,  -12,
       0,    0,    0,    0,    0,    0,    0,    0,    0,    0,  -15,    0,  -15,    0,    0,    0,    0,    0,    0,    0,    0,    0,    0,    0,    0,    0,    0,    0,    0,    0,    0,    0,    0,    0,    0,    0,    0,    0,    0,    0,  -21,    0,    0,    0,    0,    0,    0,    0,    0,    0,    0,    0,    0,    0,    0,    0,    0,    0,    0,    0,    0,    0,    0,    0,    0,    0,    0,    0,    0,    0,    0,    0,    0,    0,    0,    0,    0,    0,    0,    0,    0,    0,    0,    0,    0,    0,    0,    0,    0,    0,    0,    0,    0,    0,    0,    0,    0,    0,    0,    0,    0,    0,    0,    0,    0,    0,    0,    0,    0,    0,    0,    0,    0,  -21,  -15,
       0,    0,    0,  -26,    0,  -21,    0,    0,    0,    0,  -58,    0,  -58,    0,   -7,    0,    0,   -8,  -27,   -5,    9,   -7,   -5,  -16,  -42,    0,    0,    0,  -50,    0,    0,  -45,    0,    0,    0,    0,    0,    0,    0,    0,  -74,  -21,  -24,    0,    0,    0,  -24,  -18,    0,    0,    0,    0,    0,    0,    0,  -29,    0,    0,    0,    0,    0,    0,  -21,  -21,  -24,    0,    0,    0,   42,  -24,    0,    0,   42,    0,  -49,    0,   -8,    0,  -49,    0,    0,    0,    0,    0,    0,    0,  -18,    0,    0,    0,    0,    0,    0,    0,    0,    0,    0,    0,    0,    0,    0,    0,    0,    0,    0,    0,    0,    0,    0,    0,    0,    0,    0,  -66,  -58,
       0,    0,    0,    0,    0,    0,    0,    0,    0,    0,    0,    0,    0,    0,    0,    0,    0,    0,    0,    0,    0,    0,    0,    0,    0,    0,    0,    0,    0,    0,    0,    0,  -16,    0,  -29,    0,    0,    0,    0,    0,    0,    0,    0,    0,    0,    0,    0,    0,    0,    0,    0,    0,    0,    0,    0,    0,    0,    0,    0,    0,    0,    0,    0,    0,    0,    0,    0,    0,    0,    0,    0,    0,    0,  -16,    0,    0,    0,    0,    0,    0,    0,    0,    0,    0,    0,    0,    0,    0,    0,    0,    0,    0,    0,    0,    0,    0,    0,    0,    0,    0,    0,    0,    0,    0,    0,    0,    0,    0,    0,    0,    0,  -21,    0,    0,    0,
       0,    0,    0,    0,    0,    0,    0,    0,    0,    0,    0,    0,    0,    0,    0,    0,    0,    0,    0,    0,    0,    0,    0,    0,    0,    0,    0,    0,  -24,    0,    0,    0,  -21,    0,  -32,  -29,  -24,  -45,    0,    0,    0,    0,    0,    0,    0,    0,    0,    0,    0,    0,  -18,    0,  -16,    0,    0,    0,    0,    0,    0,    0,    0,    0,    0,    0,    0,    0,    0,    0,    0,    0,    0,    0,    0,  -21,    0,  -24,    0,    0,    0,    0,    0,    0,    0,    0,    0,    0,    0,  -45,    0,    0,    0,    0,    0,    0,    0,    0,    0,    0,    0,    0,    0,    0,    0,    0,    0,    0,    0,    0,    0,    0,    0,  -26,    0,    0,    0,
       0,    0,    0,    0,    0,    0,    0,    0,    0,    0,    0,    0,    0,    0,    0,    0,    0,    0,    0,    0,  -34,    0,    0,    0,    0,    0,    0,    0,   -6,    0,    0,    0,  -37,    0,  -34,  -34,  -26,  -42,  -29,    0,    0,    0,    0,    0,    0,    0,    0,    0,    0,    0,    0,    0,    0,    0,    0,    0,    0,    0,    0,    0,    0,    0,    0,    0,    0,    0,    0,    0,    0,    0,    0,    0,    0,  -37,  -16,  -24,    0,    0,  -16,    0,    0,    0,    0,    0,    0,    0,    0,  -42,    0,    0,    0,    0,    0,    0,    0,    0,    0,    0,    0,    0,    0,    0,    0,    0,    0,    0,    0,    0,    0,    0,    0,  -45,    0,    0,    0,
       0,    0,    0,    0,    0,    0,    0,    0,    0,    0,    0,    0,    0,    0,    0,    0,    0,    0,    0,    0,    0,    0,    0,    0,    0,    0,    0,    0,  -29,    0,    0,    0,    0,    0,    0,    0,    0,    0,    0,    0,    0,    0,    0,    0,    0,    0,    0,    0,    0,    0,    0,    0,    0,    0,    0,    0,    0,    0,    0,    0,    0,    0,    0,    0,    0,    0,    0,    0,    0,    0,    0,    0,    0,    0,    0,    0,    0,    0,    0,    0,    0,    0,    0,    0,    0,    0,    0,    0,    0,    0,    0,    0,    0,    0,    0,    0,    0,    0,    0,    0,    0,    0,    0,    0,    0,    0,    0,    0,    0,    0,    0,    0,    0,    0,    0,
       0,    0,    0,    0,    0,    0,    0,    0,    0,    0,  -21,    0,  -21,  -18,    0,    0,    0,    0,    0,    0,    0,    0,    0,    0,    0,    0,    0,    0,  -17,    0,    0,    0,  -14,    0,  -17,   -4,  -19,  -17,    0,    0,  -18,    0,    0,    0,    0,    0,    0,    0,    0,    0,    0,    0,    0,    0,    0,    0,    0,    0,    0,    0,    0,    0,    0,    0,    0,    0,    0,    0,    0,    0,    0,    0,    0,  -14,    0,  -43,    0,    0,    0,    0,    0,    0,    0,    0,    0,    0,    0,  -17,    0,    0,    0,    0,    0,    0,    0,    0,    0,    0,    0,    0,    0,    0,    0,    0,    0,    0,    0,    0,    0,    0,    0,  -16,    0,  -18,  -21,
       0,    0,  -37,    0,   -2,    0,    0,    0,  -39,  -16,    0,  -16,    0,    8,    0,  -18,    0,    0,    0,    0,    0,    0,    0,    0,   -6,  -24,  -29,  -17,    7,    0,  -17,    0,  -40,   -9,  -33,  -29,    0,  -35,    0,  -39,    0,    0,   -4,   -1,    2,    0,    0,   -2,  -10,    0,  -32,  -32,    0,    0,  -16,  -16,  -39,  -16,  -34,  -16,    0,    0,    0,    0,   -4,    2,    2,    2,    0,   -4,    0,    0,    0,  -40,    0,    0,    0,    0,    0,  -17,    0,    0,    0,  -10,  -31,  -10,   -2,  -35,    0,    0,    0,    0,    0,    0,    0,    0,    0,    0,    0,    0,    0,    0,    0,    0,    0,    0,    0,    0,    0,    0,    0,  -61,  -48,    0,    0,
       0,    0,    0,    0,    0,    0,    0,    0,    0,    0,    0,    0,    0,    0,    0,    0,    0,    0,    0,    0,    0,    0,    0,    0,    0,    0,    0,    0,    0,    0,    0,    0,  -26,    0,    0,    0,    0,    0,    0,    0,    0,    0,    0,    0,    0,    0,    0,    0,    0,    0,    0,    0,    0,    0,    0,    0,    0,    0,    0,    0,    0,    0,    0,    0,    0,    0,    0,    0,   16,    0,    0,    0,   16,  -26,    0,    0,    0,    0,    0,    0,    0,    0,    0,    0,    0,    0,    0,    0,    0,    0,    0,    0,    0,    0,    0,    0,    0,    0,    0,    0,    0,    0,    0,    0,    0,    0,    0,    0,    0,    0,    0,  -29,    0,    0,    0,
       0,    0,    0,    0,    0,    0,    0,    0,    0,    0,    0,    0,    0,    0,    0,    0,    0,    0,    0,    0,    0,    0,    0,    0,    0,    0,    0,    0,  -10,    0,    0,    0,    0,    0,    0,    0,   -4,    0,    0,    0,  -18,    0,    0,    0,    0,    0,    0,    0,    0,    0,    1,    0,    0,    0,    0,    0,    0,    0,    0,    0,    0,    0,    0,    0,    0,    0,    0,    0,   16,    0,    0,    0,   16,    0,    0,   -4,    0,    0,    0,    0,    0,    0,    0,    0,    0,    0,    0,    0,    0,    0,    0,    0,    0,    0,    0,    0,    0,    0,    0,    0,    0,    0,    0,    0,    0,    0,    0,    0,    0,    0,    0,    0,    0,    0,    0,
       0,    0,    0,    0,    0,    0,    0,    0,    0,    0,    0,    0,    0,    0,    0,    0,    0,    0,    0,    0,    0,    0,    0,    0,    0,    0,    0,    0,    0,    0,    0,    0,    0,    0,    0,    0,    0,    0,    0,    0,    0,    0,    0,    0,    0,    0,    0,    0,    0,    0,    0,    0,    0,    0,    0,    0,    0,    0,    0,    0,    0,    0,    0,    0,    0,    0,    0,    0,   34,    0,    0,    0,   34,    0,    0,    0,    0,    0,    0,    0,    0,    0,    0,    0,    0,    0,    0,    0,    0,    0,    0,    0,    0,    0,    0,    0,    0,    0,    0,    0,    0,    0,    0,    0,    0,    0,    0,    0,    0,    0,    0,    0,    0,    0,    0,
       0,    0,    0,    0,    0,    0,    0,    0,    0,    0,  -18,    0,  -34,    0,    0,    0,    0,    0,    0,    0,    0,    0,    0,    0,    0,    0,    0,    0,  -42,    0,    0,  -32,    0,    0,    0,    0,    0,    0,    0,    0,  -16,  -10,  -17,    0,    0,    0,  -12,    0,    0,  -16,  -16,    0,    0,  -16,    0,    0,    0,    0,    0,    0,    0,    0,  -10,  -10,  -17,    0,    0,    0,    0,  -17,  -16,    0,    0,    0,    0,    0,    0,    0,    0,    0,    0,    0,    0,    0,    0,    0,    0,    0,    0,    0,    0,    0,    0,    0,    0,    0,    0,    0,    0,    0,    0,    0,    0,    0,    0,    0,    0,    0,    0,    0,    0,    0,    0,  -56,  -58,
       0,    0,    0,    0,    0,    0,    0,    0,    0,    0,    0,    0,    0,    0,    0,    0,    0,    0,    0,    0,    0,    0,    0,    0,    0,    0,    0,    0,  -12,    0,    0,    0,  -14,    0,  -10,    0,   -4,  -11,    0,    0,    0,    0,    0,    0,    0,    0,    0,    0,    0,    0,    0,    0,    0,    0,    0,    0,    0,    0,    0,    0,    0,    0,    0,    0,    0,    0,    0,    0,   16,    0,    0,    0,   16,  -14,    0,   -4,    0,    0,    0,    0,    0,    0,    0,    0,    0,    0,    0,  -11,    0,    0,    0,    0,    0,    0,    0,    0,    0,    0,    0,    0,    0,    0,    0,    0,    0,    0,    0,    0,    0,    0,    0,    0,    0,    0,    0,
       0,    0,    0,    0,    0,    0,    0,    0,    0,    0,  -16,    0,  -16,  -26,    0,    0,    0,    0,    0,    0,    0,    0,    0,    0,    0,    0,    0,    0,   -9,    0,    0,    0,    0,    0,    0,    0,    0,    0,    0,    0,  -24,    0,    0,    0,    0,    0,    0,    0,    0,    0,    0,    0,    0,    0,    0,    0,    0,    0,    0,    0,    0,    0,    0,    0,    0,    0,    0,    0,    0,    0,    0,    0,    0,    0,    0,    0,    0,    0,    0,    0,    0,    0,    0,    0,    0,    0,    0,    0,    0,    0,    0,    0,    0,    0,    0,    0,    0,    0,    0,    0,    0,    0,    0,    0,    0,    0,    0,    0,    0,    0,    0,    0,    0,  -37,  -16,
       0,    0,    0,    0,   -5,    0,    0,    0,    0,  -46,    0,  -46,    0,    0,    0,    0,    0,    0,    0,    0,    0,    0,    0,    0,  -32,  -16,    0,  -17,    0,    0,  -17,    0,    0,    0,    0,    0,    0,    0,    0,    0,    0,    0,  -18,    0,    6,    0,    0,    0,    0,  -16,  -18,  -29,    0,    0,  -46,  -24,    0,  -67,    0,    0,    0,    0,    0,    0,  -18,    6,    6,    6,   40,  -18,  -16,    0,   40,    0,    0,    0,    0,    0,    0,  -17,    0,    0,    0,    0,  -47,    0,    0,    0,    0,    0,    0,    0,    0,    0,    0,    0,    0,    0,    0,    0,    0,    0,    0,    0,    0,    0,    0,    0,    0,    0,    0,    0,    0,    0,    0,
       0,    0,  -42,    0,    0,    0,    0,    0,  -79,  -37,    0,  -60,    0,    0,    0,  -21,    0,    0,    0,    0,    0,    0,    0,    0,    0,    0,    0,  -13,    0,    0,  -13,    0,  -44,    0,  -33,   -6,    0,  -24,    0,  -61,    0,    0,    0,    0,    0,    0,    0,    0,  -10,    0,  -32,    0,    0,    0,  -55,  -29,  -82,  -66,  -45,    0,    0,    0,    0,    0,    0,    0,    0,    0,    0,    0,    0,    0,    0,  -44,    0,    0,    0,    0,    0,  -13,    0,    0,    0,  -10,  -63,  -10,    0,  -24,    0,    0,    0,    0,    0,    0,    0,    0,    0,    0,    0,    0,    0,    0,    0,    0,    0,    0,    0,    0,    0,    0,    0,  -40,  -26,    0,    0,
       0,    0,    0,    0,    0,  -16,    0,    0,    0,  -17,  -18,  -17,  -34,    0,    0,    0,    0,    0,    0,    0,    0,    0,    0,    0,    0,    0,    0,    0,  -36,    0,    0,  -45,    0,    0,    0,    0,    0,    0,    0,    0,    0,   -2,   -3,    0,    0,    0,    0,    0,    0,    0,    0,    0,    0,    0,  -17,    0,    0,  -17,    0,    0,    0,    0,   -2,   -2,   -3,    0,    0,    0,    0,   -3,    0,    0,    0,    0,    0,    0,    0,    0,    0,    0,    0,    0,    0,    0,    0,    0,    0,    0,    0,    0,    0,    0,    0,    0,    0,    0,    0,    0,    0,    0,    0,    0,    0,    0,    0,    0,    0,    0,    0,    0,    0,    0,    0,  -66,  -63,
       0,    0,    0,    0,    0,    0,    0,    0,    0,    0,    0,    0,    0,    0,    0,    0,    0,    0,    0,    0,    0,    0,    0,    0,    0,    0,    0,    0,    0,    0,    0,    0,    0,    0,   -8,    0,    0,  -12,    0,    0,    0,   -2,   -6,    0,    0,    0,    0,    0,    0,    0,    0,    0,    0,    0,    0,    0,    0,    0,    0,    0,    0,    0,   -2,   -2,   -6,    0,    0,    0,   21,   -6,    0,    0,   21,    0,    0,    0,    0,    0,    0,    0,    0,    0,    0,    0,    0,    0,    0,  -12,    0,    0,    0,    0,    0,    0,    0,    0,    0,    0,    0,    0,    0,    0,    0,    0,    0,    0,    0,    0,    0,    0,    0,    0,    0,    0,    0,
       0,    0,    0,    0,   -1,  -16,    0,    0,    0,  -31,  -16,  -31,  -16,  -61,  -16,    0,    0,    0,  -32,    0,  -37,    0,    0,  -16,  -37,  -16,    0,  -14,  -40,    0,  -14,  -42,    0,    0,    0,    0,    0,    8,    0,    0,  -26,  -34,  -36,    0,    0,    0,  -26,  -34,  -48,  -34,  -29,  -29,  -24,  -21,  -31,  -61,    0,  -68,    0,  -24,    0,    0,  -53,  -53,  -60,    0,    0,    0,   42,  -60,  -58,    0,   42,    0,  -64,    0,    0,    0,  -64,  -14,    0,    0,    0,  -48,  -25,  -48,  -34,    8,    0,    0,    0,    0,    0,    0,    0,    0,    0,    0,    0,    0,    0,    0,    0,    0,    0,    0,    0,    0,    0,    0,    0,    0,    0,  -56,  -55,
       0,    0,    0,    0,    0,  -24,    0,    0,    0,  -25,  -45,  -25,  -45,  -23,   -7,    0,    0,    0,  -16,    0,    0,    0,    0,  -29,  -34,  -29,    0,  -32,  -33,    0,  -17,  -45,    0,    0,    7,    0,    0,    0,    0,    0,  -37,  -25,  -25,    0,    0,    0,   -1,  -21,    0,    0,    0,    0,    0,    0,  -25,  -26,    0,  -43,    0,    0,   -5,    0,  -25,  -44,  -25,    0,    0,    0,   40,  -46,    0,    0,   40,    0,  -58,    0,    0,    0,  -58,  -17,    0,    0,    0,    0,   -5,    0,  -21,    0,    0,    0,    0,    0,    0,    0,    0,    0,    0,    0,    0,    0,    0,    0,    0,    0,    0,    0,    0,    0,    0,    0,    0,    0,    0,  -53,  -45,
       0,    0,    0,    0,   -1,  -24,    0,    0,    0,  -22,  -45,  -22,  -45,   -5,    0,    0,    0,    0,  -16,    0,    0,    0,    0,  -24,  -34,  -29,    0,   -4,  -29,    0,   -4,  -29,    0,    0,    1,   11,    0,    0,    0,    0,    0,  -25,  -23,    0,    0,    0,  -16,  -16,    0,    0,    0,    0,    0,    0,  -22,  -26,    0,  -38,    0,    0,   -5,    0,  -25,  -25,  -23,    0,    0,    0,    0,  -23,    0,    0,    0,    0,    0,    0,    0,    0,    0,   -4,    0,    0,    0,    0,  -16,    0,  -16,    0,    0,    0,    0,    0,    0,    0,    0,    0,    0,    0,    0,    0,    0,    0,    0,    0,    0,    0,    0,    0,    0,    0,    0,    0,    0,  -50,  -45,
       0,    0,    0,    0,   -5,    0,    0,    0,    0,  -17,    0,  -17,    0,    0,  -16,    0,    0,  -10,  -18,    0,    0,  -10,    0,    0,  -26,  -24,    0,  -19,    0,    0,  -19,    0,  -18,    0,    0,    0,    0,    0,    0,    0,    0,  -26,  -13,    0,    0,    0,    0,    0,    0,    0,    0,    0,    0,    0,  -33,  -18,    0,  -38,    0,    0,    0,    0,  -26,  -26,  -13,    0,    0,    0,    0,  -13,    0,    0,    0,  -18,    0,    0,  -10,    0,    0,  -43,  -16,    0,    0,  -29,  -38,    0,    0,    0,    0,    0,    0,    0,    0,    0,    0,    0,    0,    0,    0,    0,    0,    0,    0,    0,    0,    0,    0,    0,    0,    0,    0,    0,    0,    0,    0,
       0,    0,    0,    0,    0,  -29,    0,    0,    0,  -35,  -21,  -35,  -21,    0,    0,    0,    0,    0,  -32,    0,    0,    0,    0,  -29,  -48,  -45,    0,  -17,  -35,    0,  -17,  -16,    8,    0,    0,    0,    0,    0,    0,    0,    0,  -38,  -41,    0,  -12,    0,  -18,  -32,    0,  -18,    0,    0,    0,    0,  -35,  -42,    0,  -58,    0,  -29,    0,    0,  -70,  -61,  -41,  -12,  -26,  -12,    0,  -41,  -18,    0,    0,    8,    0,    0,    0,    0,    0,  -17,    0,    0,    0,    0,  -23,    0,  -32,    0,    0,    0,    0,    0,    0,    0,    0,    0,    0,    0,    0,    0,    0,    0,    0,    0,    0,    0,    0,    0,    0,    0,    0,    0,    0,  -50,  -65,
       0,    0,    0,    0,    0,    0,    0,    0,    0,  -18,    0,  -18,    0,    0,    0,    0,    0,    0,    0,    0,    0,    0,    0,    0,  -29,    0,    0,  -16,    0,    0,  -16,    0,    0,    0,    0,    0,    0,    0,    0,    0,    0,    0,    0,    0,    0,    0,    0,    0,    0,    0,    0,    0,    0,    0,  -18,  -16,    0,  -34,    0,    0,    0,    0,    0,    0,    0,    0,    0,    0,   40,    0,    0,    0,   40,    0,    0,    0,    0,    0,    0,  -16,    0,    0,    0,    0,  -11,    0,    0,    0,    0,    0,    0,    0,    0,    0,    0,    0,    0,    0,    0,    0,    0,    0,    0,    0,    0,    0,    0,    0,    0,    0,    0,    0,    0,    0,    0,
       0,    0,  -37,    0,   -2,    0,    0,    0,  -39,  -16,    0,  -16,    0,    8,    0,  -18,    0,    0,    0,    0,    0,    0,    0,    0,   -6,  -24,  -29,  -17,    7,    0,  -17,    0,  -59,   -9,  -56,  -55,    0,  -35,    0,  -39,    0,    0,   -4,   -1,    2,    0,    0,   -2,  -10,    0,  -55,  -32,    0,    0,  -16,  -16,  -39,  -16,  -34,  -16,    0,    0,    0,    0,   -4,    2,    2,    2,    0,   -4,    0,    0,    0,  -59,    0,    0,    0,    0,    0,  -17,    0,    0,    0,  -10,  -31,  -10,   -2,  -35,    0,    0,    0,    0,    0,    0,    0,    0,    0,    0,    0,    0,    0,    0,    0,    0,    0,    0,    0,    0,    0,    0,    0,  -81,  -74,    0,    0,
       0,    0,    0,    0,    0,    0,    0,    0,  -32,    0,    0,    0,    0,    0,  -21,  -50,    0,  -21,  -26,  -21,    0,  -21,  -21,    0,    0,    0,    0,  -18,    0,   16,  -18,    0,  -26,  -18,  -37,    0,    0,    0,    0,  -32,    0,    0,    0,    0,   13,   45,   16,    0,    0,    0,  -37,    0,    0,    0,    0,    0,  -32,    0,    0,    0,    0,    0,    0,    0,    0,   13,   13,   13,    0,    0,    0,    0,    0,  -26,   26,    0,  -21,   16,   26,  -18,  -50,   21,   21,    0,    0,    0,    0,    0,    0,    0,    0,    0,    0,    0,    0,    0,    0,    0,    0,    0,    0,    0,    0,    0,    0,    0,    0,    0,    0,    0,    0,  -18,    0,    0,    0,
       0,    0,   -3,    0,    0,    0,    0,    0,    0,    0,    0,    0,    0,    0,    0,  -18,    0,    0,    0,    0,    0,    0,    0,    0,    0,    0,    0,    0,    0,    0,    0,    0,  -32,    0,  -24,  -24,    0,  -38,    0,    0,    0,    0,    0,    0,    0,    0,    0,    0,    0,    0,   -7,    0,    0,    0,    0,    0,    0,    0,    0,    0,    0,    0,    0,    0,    0,    0,    0,    0,    0,    0,    0,    0,    0,  -32,    0,    0,    0,    0,    0,    0,    0,    0,    0,    0,    0,    0,    0,  -38,    0,    0,    0,    0,    0,    0,    0,    0,    0,    0,    0,    0,    0,    0,    0,    0,    0,    0,    0,    0,    0,    0,    0,  -21,  -10,    0,    0,
       0,    0,   -8,    0,    0,    0,    0,   -5,    0,    0,    0,    0,    0,    0,    0,  -16,    0,    0,    0,    0,    0,    0,    0,    0,    0,    0,    0,    0,  -16,    0,    0,    0,  -36,    0,  -25,  -23,  -13,  -44,    0,    0,    0,    5,    0,    0,    0,    0,    0,    0,    0,    0,   -9,   -8,  -10,   -8,    0,    0,    0,    0,  -16,    0,    0,    0,    5,    5,    0,    0,    0,    0,    0,    0,    0,    0,    0,  -36,    0,  -13,    0,    0,    0,    0,    0,    0,    0,    0,   -5,    0,    0,  -88,    0,    0,    0,    0,    0,    0,    0,    0,    0,    0,    0,    0,    0,    0,    0,    0,    0,    0,    0,    0,    0,    0,    0,  -29,  -11,    0,    0,
       0,    0,    0,    0,    0,    0,    0,    0,    0,  -12,  -26,  -12,  -26,  -11,    0,    0,    0,    0,  -29,    0,    0,    0,    0,    0,    0,    0,    0,    0,  -16,    0,    0,  -29,    0,    0,    0,    0,    0,    4,    0,    0,   -7,   -8,  -13,  -19,    1,    1,    0,  -10,  -17,    0,    0,    8,    0,    0,  -12,  -18,    0,  -12,    0,    0,    0,    0,   -8,   -8,  -13,    1,    1,    1,   48,  -13,    0,    0,   48,    0,  -35,    0,    0,    0,  -35,    0,    0,    0,    0,  -17,    0,  -17,  -10,    4,    0,    0,    0,    0,    0,    0,    0,    0,    0,    0,    0,    0,    0,    0,    0,    0,    0,    0,    0,    0,    0,    0,    0,    0,    0,  -42,  -26,
       0,    0,    0,    0,    0,    0,    0,    0,    0,    0,    0,    0,    0,    0,    0,    0,    0,    0,    0,    0,    0,    0,    0,    0,    0,    0,    0,    0,    0,    0,    0,    0,  -24,    0,    0,    0,    0,    0,    0,    0,    0,    0,    0,    0,    0,    1,    0,    0,    0,    0,    0,    0,    0,    0,    0,    0,    0,    0,    0,    0,    0,    0,    0,    0,    0,    0,    0,    0,    0,    0,    0,    0,    0,  -24,    0,    0,    0,    0,    0,    0,    0,    0,    0,    0,    0,    0,    0,    0,    0,    0,    0,    0,    0,    0,    0,    0,    0,    0,    0,    0,    0,    0,    0,    0,    0,    0,    0,    0,    0,    0,    0,    0,    0,    0,    0,
       0,    0,    0,    0,    0,    0,    0,    0,    0,    0,    0,    0,    0,    0,    0,    0,    0,    0,    0,    0,    0,    0,    0,    0,    0,    0,    0,    0,    0,    0,    0,    0,    0,    0,    0,    0,    0,    0,    0,    0,    0,    0,    0,    0,    0,    0,    0,    0,    0,    0,    0,    0,    0,    0,    0,    0,    0,    0,    0,    0,    0,    0,    0,    0,    0,    0,    0,    0,   29,    0,    0,    0,   45,    0,    0,    0,    0,    0,    0,    0,    0,    0,    0,    0,    0,    0,    0,    0,    0,    0,    0,    0,    0,    0,    0,    0,    0,    0,    0,    0,    0,    0,    0,    0,    0,    0,    0,    0,    0,    0,    0,    0,    0,    0,    0,
       0,    0,    0,    0,    0,    0,    0,    0,    0,  -23,    0,  -23,    0,    0,    0,    0,    0,    0,  -21,    0,    0,    0,    0,    0,  -40,    0,    0,    0,    0,    0,    0,    0,  -26,    0,    0,    0,    0,    0,    0,    0,    0,    0,  -10,    0,    0,    0,    0,    0,    0,    0,    1,    0,    0,    0,  -23,  -24,    0,  -23,    0,    0,    0,    0,    0,    0,  -10,    0,    0,    0,    0,  -10,    0,    0,    0,  -26,    0,    0,    0,    0,    0,    0,    0,    0,    0,    0,    0,    0,    0,    0,    0,    0,    0,    0,    0,    0,    0,    0,    0,    0,    0,    0,    0,    0,    0,    0,    0,    0,    0,    0,    0,    0,    0,    0,    0,    0,    0,
       0,    0,    0,    0,    0,    0,    0,    0,    0,  -18,  -29,  -18,  -29,  -15,    0,    0,    0,    0,    0,    0,    0,    0,    0,    0,  -18,    0,    0,    0,  -18,    7,    0,  -26,  -26,    0,    0,    0,    0,    0,  -16,    0,    0,   -2,   -9,    8,    4,    7,    6,    0,    8,    0,    7,    4,    7,    0,  -18,    0,    0,  -18,    0,    0,    0,    0,   -2,   -2,   -9,    4,    4,    4,   13,   -9,    0,    0,   13,  -26,    0,    0,    0,    7,    0,    0,    0,   -7,   -7,    8,    0,    8,    0,    0,    0,    0,    0,    0,    0,    0,    0,    0,    0,    0,    0,    0,    0,    0,    0,    0,    0,    0,    0,    0,    0,    0,    0,  -18,    7,  -37,  -29,
       0,    0,   -1,    0,    0,    0,    0,    0,    0,    0,    0,    0,    0,    0,    0,    0,    0,    0,    0,    0,    0,    0,    0,    0,    0,    0,    0,    0,    0,    0,    0,    0,  -34,    0,  -21,  -16,    0,  -34,    0,    0,    0,    0,    0,    0,    0,    0,    0,    0,    0,    0,    0,    0,    0,    0,    0,    0,    0,    0,    0,    0,    0,    0,    0,    0,    0,    0,    0,    0,    0,    0,    0,    0,    0,  -34,    0,    0,    0,    0,    0,    0,    0,    0,    0,    0,    0,    0,    0,  -34,    0,    0,    0,    0,    0,    0,    0,    0,    0,    0,    0,    0,    0,    0,    0,    0,    0,    0,    0,    0,    0,    0,    0,  -24,    0,   -6,    0,
       0,    0,    0,    0,    0,    0,    0,    0,    0,   -9,    0,   -9,    0,    0,    0,    0,    0,    0,   -5,    0,    0,    0,    0,    0,  -13,    0,    0,    0,    0,    0,    0,    0,  -16,    0,   -4,   -4,    0,   -6,    0,    0,    0,    2,   -5,  -13,    0,    4,    0,   -4,   -2,    0,   10,    8,    0,    0,   -9,    0,    0,   -9,    0,    0,    0,    0,    2,    2,   -5,    0,    0,    0,    0,   -5,    0,    0,    0,  -16,    0,    0,    0,    0,    0,    0,    0,    0,    0,   -2,    0,   -2,   -4,   -6,    0,    0,    0,    0,    0,    0,    0,    0,    0,    0,    0,    0,    0,    0,    0,    0,    0,    0,    0,    0,    0,    0,    0,  -18,    2,    0,    0,
       0,    0,    0,    0,    0,    0,    0,    0,    0,  -18,    0,  -18,    0,  -16,    0,    0,    0,    0,    0,    0,    0,    0,    0,    0,  -18,    0,    0,    0,    0,    0,    0,    0,  -24,    0,    0,    0,    0,  -26,    0,    0,  -16,    0,    0,    0,    0,    0,    0,    0,    0,    0,    0,    0,    0,    0,  -18,    0,    0,  -18,    0,    0,    0,    0,    0,    0,    0,    0,    0,    0,    0,    0,    0,    3,    0,  -58,    0,    0,    0,    0,    0,    0,    0,    0,    0,    0,    0,    0,    0,  -26,    0,    0,    0,    0,    0,    0,    0,    0,    0,    0,    0,    0,    0,    0,    0,    0,    0,    0,    0,    0,    0,    0,    0,  -18,    7,    0,    0,
       0,    0,    0,    0,    0,    0,    0,    0,    0,  -18,  -20,  -18,  -20,  -26,    0,    0,    0,    0,    0,    0,    0,    0,    0,    0,  -16,  -18,    0,    0,  -32,    2,    0,  -29,  -16,    0,    0,    0,    0,  -16,    0,    0,  -37,   -3,   -9,    7,    0,    0,    0,    0,    7,    0,    0,    0,    0,    0,  -18,  -18,    0,  -18,    0,    0,    0,    0,   -3,   -3,   -9,    0,    0,    0,    4,   -9,    0,    0,    4,  -45,    0,    0,    0,    2,    0,    0,    0,  -21,  -21,    7,    0,    7,    0,  -16,    0,    0,    0,    0,    0,    0,    0,    0,    0,    0,    0,    0,    0,    0,    0,    0,    0,    0,    0,    0,    0,    0,    0,    0,    0,  -37,  -54,
       0,    0,    0,    0,    0,  -16,    0,    0,    0,    0,  -34,    0,  -34,    0,    0,    0,    0,    0,    0,    0,    0,    0,    0,    0,    0,    0,    0,    0,  -32,    0,    0,  -26,  -24,    0,    0,    0,    0,    0,  -16,    0,    0,    0,   -8,    0,    0,    0,    0,    0,    0,    0,    0,    0,    0,    0,    0,  -16,    0,    0,    0,    0,    0,    0,    0,    0,   -8,    0,    0,    0,    0,   -8,    0,    0,    0,  -24,    0,    0,    0,    0,    0,    0,    0,    0,    0,    0,    0,    0,    0,    0,    0,    0,    0,    0,    0,    0,    0,    0,    0,    0,    0,    0,    0,    0,    0,    0,    0,    0,    0,    0,    0,    0,    0,    0,    0,  -37,  -34,
       0,    0,    0,    0,    0,    0,    0,    0,    0,  -10,    0,  -10,    0,    0,    0,    0,    0,    0,    0,    0,    0,    0,    0,    0,    0,  -16,    0,    0,    0,    0,    0,    0,  -24,    0,    0,    0,    0,    0,    0,    0,    0,    0,  -10,    8,    0,    0,    0,    0,    8,    0,    0,    0,    0,    0,  -10,  -16,    0,  -10,    0,    0,    0,    0,    0,    0,  -10,    0,    0,    0,    0,  -10,    0,    0,    0,  -24,    0,    0,    0,    0,    0,    0,    0,    0,    0,    8,    0,    8,    0,    0,    0,    0,    0,    0,    0,    0,    0,    0,    0,    0,    0,    0,    0,    0,    0,    0,    0,    0,    0,    0,    0,    0,    0,    0,    0,    0,    0,
       0,    0,    0,    0,    0,    0,    0,    0,    0,    0,    0,    0,    0,    0,    0,    0,    0,    0,    0,    0,    0,    0,    0,    0,    0,    0,    0,    0,    0,    0,    0,    0,  -16,    0,    0,    0,    0,    0,    0,    0,    0,    0,   -8,    0,    0,    0,    0,    0,    0,    0,    0,    0,    0,    0,    0,    0,    0,    0,    0,    0,    0,    0,    0,    0,   -8,    0,    0,    0,    0,   -8,    0,    0,    0,  -16,    0,    0,    0,    0,    0,    0,    0,    0,    0,    0,    0,    0,    0,    0,    0,    0,    0,    0,    0,    0,    0,    0,    0,    0,    0,    0,    0,    0,    0,    0,    0,    0,    0,    0,    0,    0,    0,    0,    0,    0,    0,
       0,    0,    0,    0,    0,    0,    0,    0,    0,    0,    0,    0,    0,    0,    0,    0,  -14,   -4,    0,    0,  -11,    0,    0,    0,    0,    0,    0,    0,  -16,    0,    0,  -21,  -35,    0,  -23,  -19,  -34,  -35,    0,    0,    0,    0,    0,    0,    0,    0,    0,    0,    0,    0,    0,    0,  -10,    0,    0,    0,    0,    0,    0,    0,    0,    0,    0,    0,    0,    0,    0,    0,    0,    0,    0,    0,    0,  -54,    0,  -34,  -24,    0,    0,    0,    0,    0,    0,    0,    0,    0,    0,  -35,    0,    0,    0,    0,    0,    0,    0,    0,    0,    0,    0,    0,    0,    0,    0,    0,    0,    0,    0,    0,    0,    0,    0,  -24,    0,    0,    0,
       0,    0,    0,    0,    0,    0,    0,    0,    0,    0,    0,    0,    0,    0,    0,    0,    0,    0,    0,    0,    0,    0,    0,    0,    0,    0,    0,    0,    0,    0,    0,    0,  -32,    0,  -16,    0,    0,  -32,    0,    0,    0,    0,    0,    0,    0,    0,    0,    0,    0,    0,    0,    0,    0,    0,    0,    0,    0,    0,    0,    0,    0,    0,    0,    0,    0,    0,    0,    0,    0,    0,    0,    0,    0,  -32,    0,    0,    0,    0,    0,    0,    0,    0,    0,    0,    0,    0,    0,  -32,    0,    0,    0,    0,    0,    0,    0,    0,    0,    0,    0,    0,    0,    0,    0,    0,    0,    0,    0,    0,    0,    0,    0,  -16,    0,    0,    0,
       0,    0,    0,    0,    0,    0,    0,    0,    0,    0,    0,    0,    0,    0,    0,    0,    0,    0,    0,    0,    0,    0,    0,    0,    0,    0,    0,    0,  -16,    0,    0,    0,  -24,    0,    0,    0,    0,  -29,    0,    0,    0,    0,    0,    0,    0,    0,    0,    0,    0,    0,    0,    0,    0,    0,    0,    0,    0,    0,    0,    0,    0,    0,    0,    0,    0,    0,    0,    0,    0,    0,    0,    0,    0,  -24,    0,    0,    0,    0,    0,    0,    0,    0,    0,    0,    0,    0,    0,  -29,    0,    0,    0,    0,    0,    0,    0,    0,    0,    0,    0,    0,    0,    0,    0,    0,    0,    0,    0,    0,    0,    0,    0,    0,    0,    0,    0,
       0,    0,    0,    0,    0,    0,    0,    0,    0,    0,    0,    0,    0,    0,    0,    0,  -14,   -4,    0,    0,  -11,    0,    0,    0,    0,    0,    0,    0,  -16,    0,    0,  -21,  -72,    0,  -41,  -19,  -38,  -58,    0,    0,    0,    0,    0,    0,    0,    0,    0,    0,    0,    0,    0,    0,  -10,    0,    0,    0,    0,    0,    0,    0,    0,    0,    0,    0,    0,    0,    0,    0,    0,    0,    0,    0,    0,  -72,    0,  -38,  -24,    0,    0,    0,    0,    0,    0,    0,    0,    0,    0,  -58,    0,    0,    0,    0,    0,    0,    0,    0,    0,    0,    0,    0,    0,    0,    0,    0,    0,    0,    0,    0,    0,    0,    0,  -24,    0,    0,    0,
       0,    0,    0,    0,    0,  -18,    0,    0,    0,    0,    0,    0,    0,    0,    0,    0,    0,    0,    0,    0,    0,    0,    0,    0,    0,    0,    0,    0,  -34,    0,    0,  -34,    0,    0,    0,    0,    0,    0,    0,    0,    0,    0,  -16,    0,    0,    0,    0,    0,    0,    0,    0,    0,    0,    0,    0,    0,    0,    0,    0,    0,    0,    0,    0,    0,  -16,    0,    0,    0,    0,  -16,    0,    0,    0,    0,    0,    0,    0,    0,    0,    0,    0,    0,    0,    0,    0,    0,    0,    0,    0,    0,    0,    0,    0,    0,    0,    0,    0,    0,    0,    0,    0,    0,    0,    0,    0,    0,    0,    0,    0,    0,    0,    0,    0,    0,    0,
       0,    0,    0,    0,    0,    0,    0,    0,    0,    0,    0,    0,    0,    0,    0,  -18,  -24,  -21,    0,    0,  -24,  -16,    0,    0,    0,    0,    0,    0,  -16,    0,    0,    0,  -61,    0,  -29,  -26,  -18,  -42,  -16,    0,    0,    0,    0,    0,    0,    0,    0,    0,    0,    0,  -16,  -16,  -16,    0,    0,    0,    0,    0,    0,    0,    0,    0,    0,    0,    0,    0,    0,    0,    0,    0,    0,    0,    0,  -61,  -16,  -42,  -21,    0,  -16,    0,    0,    0,    0,    0,    0,    0,    0,  -42,    0,    0,    0,    0,    0,    0,    0,    0,    0,    0,    0,    0,    0,    0,    0,    0,    0,    0,    0,    0,    0,    0,    0,  -40,    0,    0,    0,
       0,    0,    0,    0,    0,    0,    0,    0,    0,    0,    0,    0,    0,    0,    0,    0,    0,    0,    0,    0,    0,    0,    0,    0,    0,    0,    0,    0,    0,    0,    0,    0,  -32,    0,  -42,  -38,    0,    0,    0,    0,    0,    0,    0,    0,    0,    0,    0,    0,    0,    0,    0,    0,    0,    0,    0,    0,    0,    0,    0,    0,    0,    0,    0,    0,    0,    0,    0,    0,    0,    0,    0,    0,    0,  -32,    0,    0,    0,    0,    0,    0,    0,    0,    0,    0,    0,    0,    0,    0,    0,    0,    0,    0,    0,    0,    0,    0,    0,    0,    0,    0,    0,    0,    0,    0,    0,    0,    0,    0,    0,    0,    0,  -29,  -16,    0,    0,
       0,    0,    0,    0,    0,    0,    0,    0,    0,    0,    0,    0,    0,    0,    0,    0,    0,    0,    0,    0,    0,    0,    0,    0,    0,    0,    0,    0,    0,    0,    0,    0,    0,    0,    0,    0,    0,    0,    0,    0,    0,    0,    0,    0,    0,    0,    0,    0,    0,    0,    0,    0,    0,    0,    0,    0,    0,    0,    0,    0,    0,    0,    0,    0,    0,    0,    0,    0,   12,    0,    0,    0,   12,    0,    0,    0,    0,    0,    0,    0,    0,    0,    0,    0,    0,    0,    0,    0,    0,    0,    0,    0,    0,    0,    0,    0,    0,    0,    0,    0,    0,    0,    0,    0,    0,    0,    0,    0,    0,    0,    0,    0,    0,    0,    0,
       0,    0,    0,    0,    0,    0,    0,    0,    0,    0,    0,    0,    0,    0,    0,    0,    0,    0,    0,    0,    0,    0,    0,    0,    0,    0,    0,    0,    0,    0,    0,    0,  -26,    0,    0,    0,    0,    0,    0,    0,    0,    0,    0,    0,    0,    0,    0,    0,    0,    0,    0,    0,    0,    0,    0,    0,    0,    0,    0,    0,    0,    0,    0,    0,    0,    0,    0,    0,   16,    0,    0,    0,   16,  -26,    0,    0,    0,    0,    0,    0,    0,    0,    0,    0,    0,    0,    0,    0,    0,    0,    0,    0,    0,    0,    0,    0,    0,    0,    0,    0,    0,    0,    0,    0,    0,    0,    0,    0,    0,    0,    0,  -61,    0,    0,    0,
       0,    0,    0,    0,    0,    0,    0,    0,    0,    0,    0,    0,    0,    0,    0,    0,    0,    0,    0,    0,    0,    0,    0,    0,    0,    0,    0,    0,    0,    0,    0,    0,  -37,    0,    0,    0,    0,    0,    0,    0,    0,    0,    0,    0,    0,    0,    0,    0,    0,    0,    0,    0,    0,    0,    0,    0,    0,    0,    0,    0,    0,    0,    0,    0,    0,    0,    0,    0,    0,    0,    0,    0,    0,  -37,    0,    0,    0,    0,    0,    0,    0,    0,    0,    0,    0,    0,    0,    0,    0,    0,    0,    0,    0,    0,    0,    0,    0,    0,    0,    0,    0,    0,    0,    0,    0,    0,    0,    0,    0,    0,    0,    0,    0,    0,    0,
       0,    0,    0,    0,    0,    0,    0,    0,    0,    0,    0,    0,    0,    0,    0,    0,    0,    0,    0,    0,    0,    0,    0,    0,    0,    0,    0,    0,    0,    0,    0,    0,    0,    0,    0,    0,    0,    0,    0,    0,    0,    0,    0,    0,    0,    0,    0,    0,    0,    0,    0,    0,    0,    0,    0,    0,    0,    0,    0,    0,    0,    0,    0,    0,    0,    0,    0,    0,   45,    0,    0,    0,   48,    0,    0,    0,    0,    0,    0,    0,    0,    0,    0,    0,    0,    0,    0,    0,    0,    0,    0,    0,    0,    0,    0,    0,    0,    0,    0,    0,    0,    0,    0,    0,    0,    0,    0,    0,    0,    0,    0,    0,    0,    0,    0,
       0,    0,    0,    0,    0,    0,    0,    0,    0,    0,    0,    0,    0,    0,    0,   21,    0,    0,    0,    0,   42,    0,    0,    0,    0,    0,    0,    0,    0,   28,    0,    0,   42,    0,   40,    0,    0,    0,   42,    0,    0,    0,    0,   18,   29,   29,   13,    0,   24,    0,    0,    0,    0,    0,    0,    0,    0,    0,    0,    0,    0,   12,    0,    0,    0,   45,   29,   45,   76,    0,    0,    0,   76,   42,    0,    0,    0,   63,    0,    0,    0,    0,    0,   24,    0,   24,    0,    0,    0,    0,    0,    0,    0,    0,    0,    0,    0,    0,    0,    0,    0,    0,    0,    0,    0,    0,    0,    0,    0,    0,    0,    0,    0,    0,    0,
       0,    0,   -3,    0,    0,    0,    0,    0,    0,    0,    0,    0,    0,    0,    0,  -18,    0,    0,    0,    0,    0,    0,    0,    0,    0,    0,    0,    0,    0,    0,    0,    0,  -56,    0,  -24,  -24,    0,  -38,    0,    0,    0,    0,    0,    0,    0,    0,    0,    0,    0,    0,   -7,    0,    0,    0,    0,    0,    0,    0,    0,    0,    0,    0,    0,    0,    0,    0,    0,    0,    0,    0,    0,    0,    0,  -56,    0,    0,    0,    0,    0,    0,    0,    0,    0,    0,    0,    0,    0,  -38,    0,    0,    0,    0,    0,    0,    0,    0,    0,    0,    0,    0,    0,    0,    0,    0,    0,    0,    0,    0,    0,    0,    0,  -21,  -10,    0,    0,
       0,    0,   -8,    0,    0,    0,    0,   -5,    0,    0,    0,    0,    0,    0,    0,  -16,    0,    0,    0,    0,    0,    0,    0,    0,    0,    0,    0,    0,  -16,    0,    0,    0,  -60,    0,  -25,  -23,  -13,  -44,    0,    0,    0,    5,    0,    0,    0,    0,    0,    0,    0,    0,   -9,   -8,  -10,   -8,    0,    0,    0,    0,  -16,    0,    0,    0,    5,    5,    0,    0,    0,    0,    0,    0,    0,    0,    0,  -60,    0,  -13,    0,    0,    0,    0,    0,    0,    0,    0,   -5,    0,    0,  -88,    0,    0,    0,    0,    0,    0,    0,    0,    0,    0,    0,    0,    0,    0,    0,    0,    0,    0,    0,    0,    0,    0,    0,  -29,  -11,    0,    0,
       0,    0,   16,    0,    0,    0,    1,   48,   26,    0,    0,    0,    0,    0,    0,   21,    0,    0,    0,    0,   21,    0,    0,    0,    0,    0,    0,    0,    0,   16,    0,    0,   18,    0,    0,    0,    0,    0,    0,   26,    0,    0,    0,    0,   18,   16,   16,    0,    0,    0,    0,    0,    0,    0,    0,    0,   26,    0,   18,    0,    0,    0,    0,    0,    0,   18,   18,   34,   16,    0,    0,    0,   16,   18,    0,    0,    0,   16,    0,    0,    0,    0,    0,    0,    0,    0,    0,    0,    0,    0,    0,    0,    0,    0,    0,    0,    0,    0,    0,    0,    0,    0,    0,    0,    0,    0,    0,    0,    0,    0,    0,   16,    0,    0,    0,
       0,    0,    0,    0,    0,    0,    0,    0,    0,    0,    0,    0,    0,    0,    0,    0,    0,    0,    0,    0,    0,    0,    0,    0,    0,    0,    0,    0,    0,   16,    0,    0,   16,    0,    0,    0,    0,    0,    0,    0,    0,    0,    0,    0,   16,   18,    0,    0,    0,    0,    0,    0,    0,    0,    0,    0,    0,    0,    0,    0,    0,    0,    0,    0,    0,   16,   16,   18,   18,    0,    0,    0,   18,   16,    0,    0,    0,   16,    0,    0,    0,    0,    0,    0,    0,    0,    0,    0,    0,    0,    0,    0,    0,    0,    0,    0,    0,    0,    0,    0,    0,    0,    0,    0,    0,    0,    0,    0,    0,    0,    0,    0,    0,    0,    0,
       0,    0,    0,    0,    0,    0,    0,    0,    0,    0,    0,    0,    0,    0,    0,   21,    0,    0,    0,    0,   42,    0,    0,    0,    0,    0,    0,    0,    0,   28,    0,    0,   42,    0,   40,    0,    0,    0,   42,    0,    0,    0,    0,   18,   48,   45,   13,    0,   24,    0,    0,    0,    0,    0,    0,    0,    0,    0,    0,    0,    0,   12,    0,    0,    0,   48,   48,   48,   76,    0,    0,    0,   76,   42,    0,    0,    0,   63,    0,    0,    0,    0,    0,   24,    0,   24,    0,    0,    0,    0,    0,    0,    0,    0,    0,    0,    0,    0,    0,    0,    0,    0,    0,    0,    0,    0,    0,    0,    0,    0,    0,    0,    0,    0,    0,
       0,    0,  -42,    0,    0,    0,    0,    0,  -79,  -55,    0,  -55,    0,    0,    0,  -21,    0,    0,    0,    0,    0,    0,    0,    0,    0,    0,    0,  -13,    0,    0,  -13,    0,  -44,    0,  -33,   -6,    0,  -24,    0,  -61,    0,    0,    0,    0,    0,    0,    0,    0,  -10,    0,  -32,    0,    0,    0,  -52,  -29,  -82,  -55,  -45,    0,    0,    0,    0,    0,    0,    0,    0,    0,    0,    0,    0,    0,    0,  -44,    0,    0,    0,    0,    0,  -13,    0,    0,    0,  -10,  -63,  -10,    0,  -24,    0,    0,    0,    0,    0,    0,    0,    0,    0,    0,    0,    0,    0,    0,    0,    0,    0,    0,    0,    0,    0,    0,    0,  -40,  -26,    0,    0,
       0,    0,  -42,    0,    0,    0,    0,    0,  -77,  -37,    0,  -60,    0,    0,    0,  -21,    0,    0,    0,    0,    0,    0,    0,    0,    0,    0,    0,  -13,    0,    0,  -13,    0,  -44,    0,  -33,   -6,    0,  -40,    0,  -77,    0,    0,    0,    0,    0,    0,    0,    0,  -10,    0,  -32,    0,    0,    0,  -55,  -29,  -77,  -66,  -45,    0,    0,    0,    0,    0,    0,    0,    0,    0,    0,    0,    0,    0,    0,  -44,    0,    0,    0,    0,    0,  -13,    0,    0,    0,  -10,  -63,  -10,    0,  -40,    0,    0,    0,    0,    0,    0,    0,    0,    0,    0,    0,    0,    0,    0,    0,    0,    0,    0,    0,    0,    0,    0,    0,  -40,  -42,    0,    0,
       0,    0,    0,    0,    0,    0,    0,    3,    0,    0,    0,    0,    0,    0,    0,    0,    0,    0,    0,    0,    0,    0,    0,    0,    0,    0,    0,    0,    0,    0,    0,    0,    0,    0,    0,    0,    0,    0,    0,    0,    3,    0,    0,    0,    0,    0,    0,    0,   14,    0,    3,    0,    0,    0,    0,    0,    0,    0,    0,    0,    0,    0,    0,    0,    0,    0,    0,    0,   28,    0,    0,   16,   28,    0,    0,    0,    0,    0,    0,    0,    0,    0,    0,   14,    0,   14,    0,    0,    0,    0,    0,    0,    0,    0,    0,    0,    0,    0,    0,    0,    0,    0,    0,    0,    0,    0,    0,    0,    0,    0,    0,    0,    0,    0,    0,
       0,    0,    0,    0,   -1,  -16,    0,    0,    0,  -47,  -16,  -47,  -16,  -61,  -16,    0,    0,    0,  -32,    0,  -37,    0,    0,  -16,  -37,  -16,    0,  -14,  -40,    0,  -14,  -42,    0,    0,    0,    0,    0,    8,    0,    0,  -26,  -34,  -36,    0,    0,    0,  -26,  -34,  -48,  -34,  -29,  -29,  -24,  -21,  -47,  -61,    0,  -47,    0,  -24,    0,    0,  -53,  -53,  -60,    0,    0,    0,   42,  -60,  -58,    0,   42,    0,  -64,    0,    0,    0,  -64,  -14,    0,    0,    0,  -48,  -25,  -48,  -34,    8,    0,    0,    0,    0,    0,    0,    0,    0,    0,    0,    0,    0,    0,    0,    0,    0,    0,    0,    0,    0,    0,    0,    0,    0,    0,  -56,  -55,
       0,    0,    0,    0,    0,    0,    1,    4,    0,    0,  -21,    0,  -21,    0,    0,    0,    0,    0,    0,    0,    0,    0,    0,    0,    0,    0,    0,    0,    0,    0,    0,    0,    0,    0,    0,    0,    0,    0,    0,    0,    0,    0,    0,    0,    0,    0,    0,    0,    0,    0,    0,    0,    0,    0,    0,    0,    0,    0,    0,    0,    0,    0,    0,    0,    0,    0,    0,    0,    0,    0,    0,    0,    0,    0,    0,    0,    0,    0,    0,    0,    0,    0,    0,    0,    0,    0,    0,    0,    0,    0,    0,    0,    0,    0,    0,    0,    0,    0,    0,    0,    0,    0,    0,    0,    0,    0,    0,    0,    0,    0,    0,    0,    0,    0,  -21,
       0,    0,    0,    0,    0,    0,    0,    0,    0,    0,    0,    0,    0,    0,    0,    0,    0,    0,    0,    0,    0,    0,    0,    0,    0,    0,    0,    0,    0,    0,    0,    0,    0,    0,    0,    0,    0,    0,    0,    0,    0,    0,  -19,    0,    0,    0,    0,    0,   14,    0,    7,    0,    0,    0,    0,    0,    0,    0,    0,    0,    0,    0,    0,    0,  -19,    0,    0,    0,    0,  -19,    0,    0,    0,    0,    0,    0,    0,    0,    0,    0,    0,    0,    0,   14,    0,   14,    0,    0,    0,    0,    0,    0,    0,    0,    0,    0,    0,    0,    0,    0,    0,    0,    0,    0,    0,    0,    0,    0,    0,    0,    0,    0,    0,    0,    0,
       0,    0,    0,    0,    0,    0,    0,    0,    0,    0,  -21,    0,  -21,    0,    0,    0,    0,    0,    0,    0,    0,    0,    0,    0,    0,    0,    0,    0,    0,    0,    0,    0,    0,    0,    0,    0,    0,    0,    0,    0,    0,    0,    0,    0,    0,    0,    0,    0,    0,    0,    0,    0,    0,    0,    0,    0,    0,    0,    0,    0,    0,    0,    0,    0,    0,    0,    0,    0,    0,    0,    0,    0,    0,    0,    0,    0,    0,    0,    0,    0,    0,    0,    0,    0,    0,    0,    0,    0,    0,    0,    0,    0,    0,    0,    0,    0,    0,    0,    0,    0,    0,    0,    0,    0,    0,    0,    0,    0,    0,    0,    0,    0,    0,    0,  -21,
       0,    0,    0,    0,    0,    0,    0,    0,    0,    0,    0,    0,    0,    0,    0,    0,    0,    0,    0,    0,    0,    0,    0,    0,    0,    0,    0,    0,    0,    0,    0,    0,  -20,    0,    0,    0,    0,    0,    0,    0,   29,    0,    0,    0,    0,    0,    0,    0,    0,    0,    0,    0,    0,    0,    0,    0,    0,    0,    0,    0,    0,    0,    0,    0,    0,    0,    0,    0,    0,    0,    0,    0,    0,  -20,   10,    0,    0,    0,   10,    0,    0,    0,    0,    0,    0,    0,    0,    0,    0,    0,    0,    0,    0,    0,    0,    0,    0,    0,    0,    0,    0,    0,    0,    0,    0,    0,    0,    0,    0,    0,    0,    0,    0,    0,    0,
       0,    0,    0,    0,   -5,    0,    0,    0,    0,  -62,    0,  -62,    0,    0,  -16,    0,    0,  -10,  -18,    0,    0,  -10,    0,    0,  -24,  -24,    0,  -19,    0,    0,  -19,    0,  -18,    0,    0,    0,    0,    0,    0,    0,    0,  -26,  -13,    0,    0,    0,    0,    0,    0,    0,    0,    0,    0,    0,  -62,  -42,    0,  -62,    0,    0,    0,    0,  -26,  -26,  -13,    0,    0,    0,    0,  -13,    0,    0,    0,  -18,    0,    0,  -10,    0,    0,  -43,  -16,    0,    0,  -29,  -38,    0,    0,    0,    0,    0,    0,    0,    0,    0,    0,    0,    0,    0,    0,    0,    0,    0,    0,    0,    0,    0,    0,    0,    0,    0,    0,    0,    0,    0,    0,
       0,    0,    0,    0,    0,    0,    0,    0,    0,    0,  -21,    0,  -21,  -18,    0,    0,    0,    0,    0,    0,    0,    0,    0,    0,    0,    0,    0,    0,  -17,    0,    0,    0,  -14,    0,  -17,   -4,  -19,  -17,    0,    0,  -18,    0,    0,    0,    0,    0,    0,    0,    0,    0,    0,    0,    0,    0,    0,    0,    0,    0,    0,    0,    0,    0,    0,    0,    0,    0,    0,    0,    0,    0,    0,    0,    0,  -14,    0,  -43,    0,    0,    0,    0,    0,    0,    0,    0,    0,    0,    0,  -17,    0,    0,    0,    0,    0,    0,    0,    0,    0,    0,    0,    0,    0,    0,    0,    0,    0,    0,    0,    0,    0,    0,    0,  -16,    0,  -42,  -21,
       0,    0,  -15,    0,    0,    0,    0,    0,  -15,  -15,    8,  -15,    8,    0,   -6,    0,    0,    0,   -9,    0,    0,   -5,    0,    0,    0,    0,    0,    0,    0,    0,    0,    0,    0,    0,    0,    0,    0,    0,    0,  -15,    0,    0,   -8,  -13,    0,    0,    0,    0,  -13,    0,  -11,  -13,    0,    0,  -15,    0,  -15,  -15,    0,    0,    0,    0,    0,    0,   -8,    0,    0,    0,    0,   -8,    0,    0,    0,    0,    0,    0,    0,    0,    0,    0,    0,    0,    0,  -13,  -11,  -13,    0,    0,    0,    0,    0,    0,    0,    0,    0,    0,    0,    0,    0,    0,    0,    0,    0,    0,    0,    0,    0,    0,    0,    0,    0,    0,  -15,    0,    8,
       0,    0,    0,    0,    0,    0,    0,    0,    0,  -18,  -58,  -18,  -58,  -15,    0,    0,    0,    0,    0,    0,    0,    0,    0,    0,  -18,    0,    0,    0,  -18,    7,    0,  -26,  -26,    0,    0,    0,    0,    0,  -16,    0,    0,   -2,   -9,    8,    4,    7,    6,    0,    8,    0,    7,    4,    7,    0,  -18,    0,    0,  -18,    0,    0,    0,    0,   -2,   -2,   -9,    4,    4,    4,   13,   -9,    0,    0,   13,  -26,    0,    0,    0,    7,    0,    0,    0,   -7,   -7,    8,    0,    8,    0,    0,    0,    0,    0,    0,    0,    0,    0,    0,    0,    0,    0,    0,    0,    0,    0,    0,    0,    0,    0,    0,    0,    0,    0,  -18,    7,  -71,  -58,
       0,    0,    0,    0,    0,    0,    0,  -13,    0,    0,    0,    0,    0,    0,    0,    0,    0,    0,    0,    0,    0,    0,    0,    0,    0,    0,    0,    0,    0,    0,    0,    0,  -47,    0,  -47,    0,  -13,  -80,    0,    0,    0,    0,    0,    0,    0,    0,    0,    0,  -10,    0,  -14,  -13,  -10,    0,    0,    0,    0,    0,  -25,    0,    0,    0,    0,    0,    0,    0,    0,    0,    0,    0,    0,    0,    0,  -47,    0,  -13,    0,    0,    0,    0,    0,    0,    0,  -10,    0,  -50,    0,  -80,    0,    0,    0,    0,    0,    0,    0,    0,    0,    0,    0,    0,    0,    0,    0,    0,    0,    0,    0,    0,    0,    0,    0,  -33,    0,    0,    0,
       0,    0,    0,    0,    0,  -29,    0,    0,    0,  -35,  -21,  -35,  -21,    0,    0,    0,    0,    0,  -32,    0,    0,    0,    0,  -29,  -48,  -45,    0,  -17,  -35,    0,  -17,  -16,    8,    0,    0,    0,    0,    0,    0,    0,    0,  -38,  -82,    0,  -12,    0,  -18,  -32,    0,  -18,    0,    0,    0,    0,  -35,  -42,    0,  -58,    0,  -29,    0,    0,  -70,  -61,  -82,  -12,  -26,  -12,    0,  -82,  -18,    0,    0,    8,    0,    0,    0,    0,    0,  -17,    0,    0,    0,    0,  -23,    0,  -32,    0,    0,    0,    0,    0,    0,    0,    0,    0,    0,    0,    0,    0,    0,    0,    0,    0,    0,    0,    0,    0,    0,    0,    0,    0,    0,  -50,  -65,
       0,    0,    0,    0,    0,    0,    0,    0,    0,    0,    0,    0,    0,    0,    0,    0,    0,    0,    0,    0,    0,    0,    0,    0,    0,    0,    0,    0,    0,    0,    0,    0,    0,    0,    0,    0,    0,    0,    0,    0,    0,    0,    0,    0,    0,    0,    0,    0,    0,    0,    0,    0,    0,    0,    0,    0,    0,    0,    0,    0,    0,    0,    0,    0,    0,    0,    0,    0,    0,    0,    0,    0,    0,    0,    0,    0,    0,    0,    0,    0,    0,    0,    0,    0,    0,    0,    0,    0,    0,    0,    0,    0,    0,    0,    0,    0,   -9,    0,   -3,   -3,    0,    0,    0,    0,    0,   -9,    0,   -5,    0,   -9,    0,    0,    0,    0,    0,
       0,    0,    0,    0,    0,    0,    0,    0,    0,    0,    0,    0,    0,    0,    0,    0,    0,    0,    0,    0,    0,    0,    0,    0,    0,    0,    0,    0,    0,    0,    0,    0,    0,    0,    0,    0,    0,    0,    0,    0,    0,    0,    0,    0,    0,    0,    0,    0,    0,    0,    0,    0,    0,    0,    0,    0,    0,    0,    0,    0,    0,    0,    0,    0,    0,    0,    0,    0,    0,    0,    0,    0,    0,    0,    0,    0,    0,    0,    0,    0,    0,    0,    0,    0,    0,    0,    0,    0,    0,    0,    0,   -6,    0,    0,    0,    0,    0,   -9,    0,    0,    0,    0,  -15,    0,    0,  -15,    0,    0,  -12,    0,    0,    0,    0,    0,    0,
       0,    0,    0,    0,    0,    0,    0,    0,    0,    0,    0,    0,    0,    0,    0,    0,    0,    0,    0,    0,    0,    0,    0,    0,    0,    0,    0,    0,    0,    0,    0,    0,    0,    0,    0,    0,    0,    0,    0,    0,    0,    0,    0,    0,    0,    0,    0,    0,    0,    0,    0,    0,    0,    0,    0,    0,    0,    0,    0,    0,    0,    0,    0,    0,    0,    0,    0,    0,    0,    0,    0,    0,    0,    0,    0,    0,    0,    0,    0,    0,    0,    0,    0,    0,    0,    0,    0,    0,    0,    2,    0,    0,    0,    0,    0,   -9,  -15,    0,   -6,   -7,    0,  -10,    0,    0,    0,  -12,    0,    0,    0,    0,    0,    0,    0,    0,    0,
       0,    0,    0,    0,    0,    0,    0,    0,    0,    0,    0,    0,    0,    0,    0,    0,    0,    0,    0,    0,    0,    0,    0,    0,    0,    0,    0,    0,    0,    0,    0,    0,    0,    0,    0,    0,    0,    0,    0,    0,    0,    0,    0,    0,    0,    0,    0,    0,    0,    0,    0,    0,    0,    0,    0,    0,    0,    0,    0,    0,    0,    0,    0,    0,    0,    0,    0,    0,    0,    0,    0,    0,    0,    0,    0,    0,    0,    0,    0,    0,    0,    0,    0,    0,    0,    0,    0,    0,    0,  -19,    0,    0,   -9,    0,    0,   -9,    0,  -23,  -17,    0,  -12,   -6,  -15,    0,  -23,  -17,    0,    0,  -17,    0,    0,    0,    0,    0,    0,
       0,    0,    0,    0,    0,    0,    0,    0,    0,    0,    0,    0,    0,    0,    0,    0,    0,    0,    0,    0,    0,    0,    0,    0,    0,    0,    0,    0,    0,    0,    0,    0,    0,    0,    0,    0,    0,    0,    0,    0,    0,    0,    0,    0,    0,    0,    0,    0,    0,    0,    0,    0,    0,    0,    0,    0,    0,    0,    0,    0,    0,    0,    0,    0,    0,    0,    0,    0,    0,    0,    0,    0,    0,    0,    0,    0,    0,    0,    0,    0,    0,    0,    0,    0,    0,    0,    0,    0,    0,   -3,    0,    0,    0,    0,    0,   -7,    0,    0,    0,    0,   -5,    0,   -3,    0,    0,   -9,    0,    0,   -5,    0,    0,    0,    0,    0,    0,
       0,    0,    0,    0,    0,    0,    0,    0,    0,    0,    0,    0,    0,    0,    0,    0,    0,    0,    0,    0,    0,    0,    0,    0,    0,    0,    0,    0,    0,    0,    0,    0,    0,    0,    0,    0,    0,    0,    0,    0,    0,    0,    0,    0,    0,    0,    0,    0,    0,    0,    0,    0,    0,    0,    0,    0,    0,    0,    0,    0,    0,    0,    0,    0,    0,    0,    0,    0,    0,    0,    0,    0,    0,    0,    0,    0,    0,    0,    0,    0,    0,    0,    0,    0,    0,    0,    0,    0,    0,   -9,    0,    0,    0,    0,    0,    0,    0,    0,    0,    0,    0,    0,    0,    0,    0,    0,    0,    0,    0,    0,    0,    0,    0,    0,    0,
       0,    0,    0,    0,    0,    0,    0,    0,    0,    0,    0,    0,    0,    0,    0,    0,    0,    0,    0,    0,    0,    0,    0,    0,    0,    0,    0,    0,    0,    0,    0,    0,    0,    0,    0,    0,    0,    0,    0,    0,    0,    0,    0,    0,    0,    0,    0,    0,    0,    0,    0,    0,    0,    0,    0,    0,    0,    0,    0,    0,    0,    0,    0,    0,    0,    0,    0,    0,    0,    0,    0,    0,    0,    0,    0,    0,    0,    0,    0,    0,    0,    0,    0,    0,    0,    0,    0,    0,    0,    0,    0,   -6,    0,    0,    0,   -9,    0,   -9,   -3,    0,    0,    0,    0,    0,   -5,  -10,   -9,   -9,   -6,    0,    0,    0,    0,    0,    0,
       0,    0,    0,    0,    0,    0,    0,    0,    0,    0,    0,    0,    0,    0,    0,    0,    0,    0,    0,    0,    0,    0,    0,    0,    0,    0,    0,    0,    0,    0,    0,    0,    0,    0,    0,    0,    0,    0,    0,    0,    0,    0,    0,    0,    0,    0,    0,    0,    0,    0,    0,    0,    0,    0,    0,    0,    0,    0,    0,    0,    0,    0,    0,    0,    0,    0,    0,    0,    0,    0,    0,    0,    0,    0,    0,    0,    0,    0,    0,    0,    0,    0,    0,    0,    0,    0,    0,    0,    0,  -30,    0,    0,   -9,    0,   -3,   -3,    0,    0,   -3,    0,  -14,   -3,   -3,    0,    0,  -11,    0,    0,   -9,    0,   -9,    0,    0,    0,    0,
       0,    0,    0,    0,    0,    0,    0,    0,    0,    0,    0,    0,    0,    0,    0,    0,    0,    0,    0,    0,    0,    0,    0,    0,    0,    0,    0,    0,    0,    0,    0,    0,    0,    0,    0,    0,    0,    0,    0,    0,    0,    0,    0,    0,    0,    0,    0,    0,    0,    0,    0,    0,    0,    0,    0,    0,    0,    0,    0,    0,    0,    0,    0,    0,    0,    0,    0,    0,    0,    0,    0,    0,    0,    0,    0,    0,    0,    0,    0,    0,    0,    0,    0,    0,    0,    0,    0,    0,    0,    0,    0,    0,    0,    0,    0,   -9,    0,    0,   -6,    0,    0,   -7,   -7,    0,  -12,  -12,    0,    0,    0,    0,    0,    0,    0,    0,    0,
       0,    0,    0,    0,    0,    0,    0,    0,    0,    0,    0,    0,    0,    0,    0,    0,    0,    0,    0,    0,    0,    0,    0,    0,    0,    0,    0,    0,    0,    0,    0,    0,    0,    0,    0,    0,    0,    0,    0,    0,    0,    0,    0,    0,    0,    0,    0,    0,    0,    0,    0,    0,    0,    0,    0,    0,    0,    0,    0,    0,    0,    0,    0,    0,    0,    0,    0,    0,    0,    0,    0,    0,    0,    0,    0,    0,    0,    0,    0,    0,    0,    0,    0,    0,    0,    0,    0,    0,    0,  -19,   -2,    0,    0,    0,    0,   -9,    0,  -14,  -12,    0,    0,    0,   -9,    0,  -17,   -7,    0,    0,    0,    9,   -3,    0,    0,    0,    0,
       0,    0,    0,    0,    0,    0,    0,    0,    0,    0,    0,    0,    0,    0,    0,    0,    0,    0,    0,    0,    0,    0,    0,    0,    0,    0,    0,    0,    0,    0,    0,    0,    0,    0,    0,    0,    0,    0,    0,    0,    0,    0,    0,    0,    0,    0,    0,    0,    0,    0,    0,    0,    0,    0,    0,    0,    0,    0,    0,    0,    0,    0,    0,    0,    0,    0,    0,    0,    0,    0,    0,    0,    0,    0,    0,    0,    0,    0,    0,    0,    0,    0,    0,    0,    0,    0,    0,    0,    0,    0,    0,    0,    0,    0,    0,    0,    0,    0,   -9,    0,   -6,   -9,  -10,    0,    0,  -13,    0,    0,    0,    0,    0,    0,    0,    0,    0,
       0,    0,    0,    0,    0,    0,    0,    0,    0,    0,    0,    0,    0,    0,    0,    0,    0,    0,    0,    0,    0,    0,    0,    0,    0,    0,    0,    0,    0,    0,    0,    0,    0,    0,    0,    0,    0,    0,    0,    0,    0,    0,    0,    0,    0,    0,    0,    0,    0,    0,    0,    0,    0,    0,    0,    0,    0,    0,    0,    0,    0,    0,    0,    0,    0,    0,    0,    0,    0,    0,    0,    0,    0,    0,    0,    0,    0,    0,    0,    0,    0,    0,    0,    0,    0,    0,    0,    0,    0,    0,    0,    0,    0,    0,    0,   -7,   -7,    0,  -12,    0,    0,    0,    0,    0,    0,    0,    0,    0,    0,    0,    0,    0,    0,    0,    0,
       0,    0,    0,    0,    0,    0,    0,    0,    0,    0,    0,    0,    0,    0,    0,    0,    0,    0,    0,    0,    0,    0,    0,    0,    0,    0,    0,    0,    0,    0,    0,    0,    0,    0,    0,    0,    0,    0,    0,    0,    0,    0,    0,    0,    0,    0,    0,    0,    0,    0,    0,    0,    0,    0,    0,    0,    0,    0,    0,    0,    0,    0,    0,    0,    0,    0,    0,    0,    0,    0,    0,    0,    0,    0,    0,    0,    0,    0,    0,    0,    0,    0,    0,    0,    0,    0,    0,    0,    0,    0,    0,    0,    0,    0,    0,   -2,    0,  -14,    0,   -2,    0,    0,   -2,    0,  -14,   -6,    0,    0,   -5,    0,    0,    0,    0,    0,    0,
       0,    0,    0,    0,    0,    0,    0,    0,    0,    0,    0,    0,    0,    0,    0,    0,    0,    0,    0,    0,    0,    0,    0,    0,    0,    0,    0,    0,    0,    0,    0,    0,    0,    0,    0,    0,    0,    0,    0,    0,    0,    0,    0,    0,    0,    0,    0,    0,    0,    0,    0,    0,    0,    0,    0,    0,    0,    0,    0,    0,    0,    0,    0,    0,    0,    0,    0,    0,    0,    0,    0,    0,    0,    0,    0,    0,    0,    0,    0,    0,    0,    0,    0,    0,    0,    0,    0,    0,    0,    0,    0,    0,    0,    0,    0,   -3,    0,    0,    0,    0,    0,    0,  -12,    0,    0,    0,    0,    0,    0,    0,    0,    0,    0,    0,    0,
       0,    0,    0,    0,    0,    0,    0,    0,    0,    0,    0,    0,    0,    0,    0,    0,    0,    0,    0,    0,    0,    0,    0,    0,    0,    0,    0,    0,    0,    0,    0,    0,    0,    0,    0,    0,    0,    0,    0,    0,    0,    0,    0,    0,    0,    0,    0,    0,    0,    0,    0,    0,    0,    0,    0,    0,    0,    0,    0,    0,    0,    0,    0,    0,    0,    0,    0,    0,    0,    0,    0,    0,    0,    0,    0,    0,    0,    0,    0,    0,    0,    0,    0,    0,    0,    0,    0,    0,    0,    0,    0,    0,    0,    0,    0,    0,    0,   -3,   -9,   -3,    0,    0,   -3,    0,  -13,   -2,    0,    0,    0,   -3,    0,    0,    0,    0,    0,
       0,    0,    0,    0,    0,    0,    0,    0,    0,    0,    0,    0,    0,    0,    0,    0,    0,    0,    0,    0,    0,    0,    0,    0,    0,    0,    0,    0,    0,    0,    0,    0,    0,    0,    0,    0,    0,    0,    0,    0,    0,    0,    0,    0,    0,    0,    0,    0,    0,    0,    0,    0,    0,    0,    0,    0,    0,    0,    0,    0,    0,    0,    0,    0,    0,    0,    0,    0,    0,    0,    0,    0,    0,    0,    0,    0,    0,    0,    0,    0,    0,    0,    0,    0,    0,    0,    0,    0,   -6,  -12,    0,   -9,    0,    0,    0,    0,   -9,    0,    0,    0,  -12,    0,  -15,    0,    0,  -12,    0,    0,    0,    0,    0,    0,    0,    0,    0,
       0,    0,    0,    0,    0,    0,    0,    0,    0,    0,    0,    0,    0,    0,    0,    0,    0,    0,    0,    0,    0,    0,    0,    0,    0,    0,    0,    0,    0,    0,    0,    0,    0,    0,    0,    0,    0,    0,    0,    0,    0,    0,    0,    0,    0,    0,    0,    0,    0,    0,    0,    0,    0,    0,    0,    0,    0,    0,    0,    0,    0,    0,    0,    0,    0,    0,    0,    0,    0,    0,    0,    0,    0,    0,    0,    0,    0,    0,    0,    0,    0,    0,    0,    0,    0,    0,    0,    0,    0,  -19,    0,    0,    0,    0,    0,   -9,    0,   -7,   -9,    0,    0,   -3,   -5,    0,  -14,   -5,    0,    0,   -9,    0,  -10,    0,    0,    0,    0,
       0,    0,    0,    0,    0,    0,    0,    0,    0,    0,    0,    0,    0,    0,    0,    0,    0,    0,    0,    0,    0,    0,    0,    0,    0,    0,    0,    0,    0,    0,    0,    0,    0,    0,    0,    0,    0,    0,    0,    0,    0,    0,    0,    0,    0,    0,    0,    0,    0,    0,    0,    0,    0,    0,    0,    0,    0,    0,    0,    0,    0,    0,    0,    0,    0,    0,    0,    0,    0,    0,    0,    0,    0,    0,    0,    0,    0,    0,    0,    0,    0,    0,    0,    0,    0,    0,    0,    0,    0,  -11,    0,    0,    0,    0,    0,   -2,    0,    0,  -11,    0,   -3,    0,   -5,    0,    0,   -3,    0,    0,   -3,    0,    0,    0,    0,    0,    0,
       0,    0,    0,    0,    0,    0,    0,    0,    0,    0,    0,    0,    0,    0,    0,    0,    0,    0,    0,    0,    0,    0,    0,    0,    0,    0,    0,    0,    0,    0,    0,    0,    0,    0,    0,    0,    0,    0,    0,    0,    0,    0,    0,    0,    0,    0,    0,    0,    0,    0,    0,    0,    0,    0,    0,    0,    0,    0,    0,    0,    0,    0,    0,    0,    0,    0,    0,    0,    0,    0,    0,    0,    0,    0,    0,    0,    0,    0,    0,    0,    0,    0,    0,    0,    0,    0,    0,    0,    0,    0,    0,  -21,    0,  -23,    0,    0,   -7,    0,   -9,   -2,    0,  -16,  -19,  -19,    0,  -12,    0,    0,    0,   -9,    0,    0,    0,    0,    0,
       0,    0,    0,    0,    0,    0,    0,    0,    0,    0,    0,    0,    0,    0,    0,    0,    0,    0,    0,    0,    0,    0,    0,    0,    0,    0,    0,    0,    0,    0,    0,    0,    0,    0,    0,    0,    0,    0,    0,    0,    0,    0,    0,    0,    0,    0,    0,    0,    0,    0,    0,    0,    0,    0,    0,    0,    0,    0,    0,    0,    0,    0,    0,    0,    0,    0,    0,    0,   45,    0,    0,    0,   45,    0,    0,    0,    0,    0,    0,    0,    0,    0,    0,    0,    0,    0,    0,    0,    0,    0,    0,    0,    0,    0,    0,    0,    0,    0,    0,    0,    0,    0,    0,    0,    0,    0,    0,    0,    0,    0,    0,    0,    0,    0,    0,
       0,    0,    0,    0,    0,  -29,    0,    0,    0,    0,  -43,    0,  -43,  -45,    0,    0,    0,    0,  -29,    0,    0,    0,    0,    0,    0,    0,    0,    0,  -45,    0,    0,  -69,    0,    0,    0,    0,    0,    0,    0,    0,    0,    0,  -18,    0,    0,    0,    0,   -9,    0,    0,    0,    0,    0,    0,    0,    0,    0,    0,    0,    0,  -29,    0,    0,    0,  -18,    0,    0,    0,    0,  -18,    0,    0,    0,    0,  -53,    0,    0,    0,  -29,    0,    0,  -66,  -40,    0,    0,    0,   -9,    0,    0,    0,    0,    0,    0,    0,    0,    0,    0,    0,    0,    0,    0,    0,    0,    0,    0,    0,    0,    0,    0,    0,    0,    0,    0,  -34,  -43,
       0,    0,    0,  -58,    0,  -32,    0,    0,    0,  -28,  -51,  -28,  -51,  -66,  -21,    0,    0,    0,  -45,    0,  -29,  -18,    0,  -26,  -45,  -26,    0,  -26,  -64,    0,  -26,  -58,    0,    0,    0,    0,    0,    0,    0,    0,  -18,  -26,  -29,    0,    0,    0,  -11,  -35,    5,  -18,    5,    0,    0,    0,  -49,  -40,    0,  -28,    0,    0,  -32,    0,  -26,  -26,  -29,    0,    0,    0,    0,  -29,  -18,    0,    0,    0,  -42,    0,    0,    0,  -24,  -26,    0,  -56,  -29,    5,    0,    5,  -50,    0,    0,    0,    0,    0,    0,    0,    0,    0,    0,    0,    0,    0,    0,    0,    0,    0,    0,    0,    0,    0,    0,    0,    0,    0,    0,    0,  -51,
       0,    0,    0,    0,    0,    0,    0,    0,    0,    0,    0,    0,    0,    0,    0,  -32,    0,    0,    0,    0,    0,    0,    0,    0,    0,    0,    0,    0,    0,    0,    0,    0,  -45,    0,  -42,  -29,    0,  -50,    0,    0,    0,  -16,    0,    0,    0,    0,    0,    0,    0,    0,  -24,    0,    0,    0,    0,    0,    0,    0,    0,    0,    0,    0,  -16,  -16,    0,    0,    0,    0,    0,    0,    0,    0,    0,  -45,   24,    0,    0,    0,   24,    0,  -29,   29,   29,  -24,    0,    0,    0,  -50,    0,    0,    0,    0,    0,    0,    0,    0,    0,    0,    0,    0,    0,    0,    0,    0,    0,    0,    0,    0,    0,    0,    0,  -58,  -45,    0,    0,
};

static const EpdFontData ui_14_medium = {
    ui_14_mediumBitmaps,
    ui_14_mediumGlyphs,
    ui_14_mediumIntervals,
    462,
    35,
    29,
    -8,
    false,
    nullptr,
    0,
    nullptr,
    ui_14_mediumKernLeftClasses,
    ui_14_mediumKernRightClasses,
    ui_14_mediumKernMatrix,
    360,
    366,
    110,
    115,
    nullptr,
    0,
};
