/**
 * generated by fontconvert.py
 * name: ui_script_16
 * size: 16
 * mode: 1-bit
 * Generated by scripts/build_ui_fonts.py
 */
#pragma once
#include "EpdFontData.h"

static const uint8_t ui_script_16Bitmaps[17270] = {
    0x00, 0x60, 0x1C, 0x03, 0x80, 0x70, 0x1C, 0x03, 0x80, 0xE0, 0x1C, 0x07, 0x00, 0xE0, 0x18, 0x07,
    0x00, 0xE0, 0x38, 0x07, 0x00, 0xE0, 0x18, 0x03, 0x00, 0x60, 0x00, 0x00, 0x00, 0x40, 0x1C, 0x07,
    0x80, 0x60, 0x00, 0x11, 0x06, 0x61, 0x98, 0x66, 0x3B, 0x8C, 0xC7, 0x71, 0x98, 0x00, 0x00, 0x00,
    0x00, 0x00, 0x00, 0x60, 0xE0, 0x01, 0xC3, 0xC0, 0x0F, 0x0F, 0x00, 0x38, 0x78, 0x01, 0xE1, 0xE0,
    0x07, 0x07, 0x00, 0x1C, 0x3C, 0x00, 0xE0, 0xE0, 0x03, 0x83, 0x80, 0x1E, 0x1E, 0x00, 0x70, 0x70,
    0x1F, 0xFF, 0xF8, 0x7F, 0xFF, 0xE0, 0x38, 0x38, 0x01, 0xE1, 0xE0, 0x07, 0x07, 0x00, 0x1C, 0x1C,
    0x00, 0xF0, 0xF0, 0x3F, 0xFF, 0xF8, 0x7F, 0xFF, 0xE0, 0x78, 0x78, 0x01, 0xC1, 0xC0, 0x07, 0x07,
    0x00, 0x1C, 0x1C, 0x00, 0xE0, 0xE0, 0x03, 0x83, 0x80, 0x0E, 0x0E, 0x00, 0x38, 0x38, 0x01, 0xC1,
    0xC0, 0x03, 0x03, 0x00, 0x0C, 0x0C, 0x00, 0x00, 0x00, 0x00, 0x00, 0x00, 0x00, 0x00, 0x20, 0x00,
    0x18, 0x00, 0x06, 0x00, 0x03, 0x80, 0x00, 0xC0, 0x01, 0xF8, 0x01, 0xFF, 0x00, 0xFF, 0xC0, 0x7B,
    0x00, 0x19, 0xC0, 0x0E, 0x60, 0x03, 0xB0, 0x00, 0x7C, 0x00, 0x0E, 0x00, 0x01, 0xC0, 0x00, 0xF8,
    0x00, 0x3E, 0x00, 0x0D, 0xC0, 0x06, 0x70, 0x01, 0x9C, 0x18, 0xCE, 0x0E, 0x3F, 0x01, 0xFF, 0x80,
    0x3F, 0x80, 0x01, 0x80, 0x00, 0xC0, 0x00, 0x30, 0x00, 0x0C, 0x00, 0x02, 0x00, 0x00, 0x80, 0x00,
    0x00, 0x00, 0x00, 0x0F, 0x00, 0x00, 0xFC, 0x0C, 0x0F, 0xE0, 0xF0, 0x73, 0x0F, 0x07, 0x18, 0xF0,
    0x39, 0xC7, 0x03, 0x8C, 0x70, 0x1C, 0xC7, 0x00, 0xFE, 0x70, 0x03, 0xC7, 0x00, 0x08, 0x70, 0x00,
    0x07, 0x00, 0x00, 0x73, 0x80, 0x07, 0x7E, 0x00, 0x77, 0xF0, 0x07, 0xBD, 0x80, 0x3B, 0xCC, 0x03,
    0x9C, 0x60, 0x39, 0xE6, 0x03, 0x8E, 0x30, 0x3C, 0x73, 0x01, 0xC3, 0xF0, 0x0C, 0x0E, 0x00, 0x60,
    0x00, 0x00, 0x00, 0x00, 0x00, 0x07, 0xC0, 0x00, 0x7F, 0x80, 0x07, 0xFE, 0x00, 0x78, 0x70, 0x03,
    0x87, 0x80, 0x3C, 0x38, 0x01, 0xC3, 0x80, 0x0E, 0x78, 0x00, 0x77, 0x80, 0x03, 0xF8, 0x00, 0x0F,
    0x80, 0x00, 0x78, 0x07, 0x07, 0xC0, 0x78, 0x7F, 0x07, 0x87, 0x9C, 0x78, 0x38, 0x67, 0x83, 0x83,
    0xF8, 0x3C, 0x0F, 0x81, 0xC0, 0xF8, 0x0F, 0x1F, 0xE0, 0x7F, 0xF7, 0x80, 0xFE, 0x1E, 0x00, 0x00,
    0x7C, 0x00, 0x01, 0xF0, 0x00, 0x03, 0x80, 0x10, 0x61, 0x86, 0x38, 0xC7, 0x18, 0x00, 0x00, 0x18,
    0x01, 0xF0, 0x0F, 0x80, 0x3C, 0x01, 0xE0, 0x0F, 0x00, 0x38, 0x01, 0xC0, 0x0F, 0x00, 0x38, 0x01,
    0xE0, 0x07, 0x00, 0x1C, 0x00, 0xE0, 0x03, 0x80, 0x1C, 0x00, 0x70, 0x01, 0xC0, 0x06, 0x00, 0x38,
    0x00, 0xE0, 0x03, 0x80, 0x0C, 0x00, 0x30, 0x00, 0xC0, 0x03, 0x80, 0x0E, 0x00, 0x18, 0x00, 0x70,
    0x00, 0xF0, 0x01, 0xC0, 0x00, 0x00, 0x00, 0x00, 0x03, 0x00, 0x1C, 0x00, 0xE0, 0x03, 0x00, 0x1C,
    0x00, 0xE0, 0x07, 0x00, 0x38, 0x01, 0x80, 0x0C, 0x00, 0x60, 0x03, 0x00, 0x38, 0x01, 0xC0, 0x0E,
    0x00, 0x60, 0x07, 0x00, 0x38, 0x01, 0x80, 0x1C, 0x00, 0xE0, 0x0E, 0x00, 0x70, 0x07, 0x00, 0x78,
    0x03, 0x80, 0x38, 0x0F, 0xC0, 0x3C, 0x00, 0x80, 0x00, 0x00, 0x80, 0x18, 0x03, 0x81, 0x30, 0x1F,
    0x61, 0xFE, 0x0F, 0xC1, 0xE0, 0x3E, 0x07, 0x70, 0xE3, 0x0C, 0x38, 0x01, 0x00, 0x01, 0x00, 0x0C,
    0x00, 0x30, 0x00, 0xC0, 0x03, 0x00, 0x0E, 0x07, 0xFF, 0x9F, 0xFF, 0x03, 0x00, 0x0C, 0x00, 0x30,
    0x00, 0xC0, 0x03, 0x00, 0x00, 0x00, 0x00, 0xC6, 0x73, 0xB9, 0xDC, 0x00, 0x1F, 0xEF, 0xF8, 0xC0,
    0x23, 0xDE, 0xE0, 0x00, 0x00, 0x00, 0x00, 0x80, 0x00, 0xE0, 0x00, 0x70, 0x00, 0x70, 0x00, 0x38,
    0x00, 0x38, 0x00, 0x38, 0x00, 0x1C, 0x00, 0x1C, 0x00, 0x0E, 0x00, 0x0E, 0x00, 0x0E, 0x00, 0x07,
    0x00, 0x07, 0x00, 0x03, 0x80, 0x03, 0x80, 0x01, 0xC0, 0x01, 0xC0, 0x00, 0xE0, 0x00, 0xE0, 0x00,
    0x70, 0x00, 0x70, 0x00, 0x38, 0x00, 0x38, 0x00, 0x1C, 0x00, 0x1C, 0x00, 0x0E, 0x00, 0x06, 0x00,
    0x03, 0x00, 0x00, 0x00, 0x00, 0x07, 0xE0, 0x3F, 0xC3, 0xFE, 0x0E, 0x9C, 0x70, 0x73, 0x81, 0xCE,
    0x07, 0x70, 0x19, 0xC0, 0xE6, 0x03, 0xB8, 0x0E, 0xE0, 0x73, 0x81, 0xC6, 0x0E, 0x1C, 0x70, 0x3F,
    0xC0, 0xFE, 0x00, 0xE0, 0x00, 0x00, 0x30, 0x07, 0x80, 0x7C, 0x07, 0xE0, 0xFF, 0x0F, 0x70, 0xF3,
    0x8F, 0x1C, 0x61, 0xC0, 0x0E, 0x00, 0x70, 0x03, 0x00, 0x38, 0x01, 0xC0, 0x1C, 0x00, 0xE0, 0x07,
    0x00, 0x38, 0x01, 0x80, 0x0C, 0x00, 0x00, 0x00, 0x07, 0xC0, 0x3F, 0xC0, 0x7F, 0xC0, 0xC3, 0x80,
    0x07, 0x00, 0x1E, 0x00, 0x38, 0x00, 0xE0, 0x03, 0x80, 0x0F, 0x00, 0x3C, 0x00, 0xE0, 0x03, 0xC0,
    0x0F, 0x3C, 0x1F, 0xFE, 0x7F, 0xFC, 0xFC, 0x00, 0xC0, 0x00, 0x00, 0xC0, 0x7F, 0x87, 0xFE, 0x38,
    0x70, 0x03, 0x80, 0x78, 0x0F, 0x81, 0xF8, 0x1F, 0x01, 0xFC, 0x07, 0xF0, 0x03, 0xC0, 0x0F, 0x00,
    0x38, 0x03, 0x80, 0x3C, 0x7F, 0xC7, 0xFC, 0x1F, 0x80, 0x00, 0x00, 0x1C, 0x00, 0xF1, 0x83, 0x8E,
    0x1C, 0x38, 0xF1, 0xC3, 0x87, 0x1C, 0x38, 0x70, 0xE3, 0x87, 0x0F, 0xFC, 0x1F, 0xE0, 0x7F, 0x80,
    0x0E, 0x00, 0x30, 0x01, 0xC0, 0x07, 0x00, 0x18, 0x00, 0x60, 0x01, 0x80, 0x00, 0x00, 0x01, 0xF0,
    0x1F, 0xC1, 0xFC, 0x1C, 0x01, 0xC0, 0x0E, 0x00, 0xFE, 0x03, 0xF8, 0x01, 0xE0, 0x07, 0x00, 0x18,
    0x00, 0xC0, 0x06, 0x00, 0x70, 0x03, 0x88, 0x78, 0xFF, 0x83, 0xF8, 0x0F, 0x00, 0x00, 0x00, 0x07,
    0xC0, 0x7E, 0x0F, 0xE0, 0x70, 0x07, 0x00, 0x70, 0x07, 0xFE, 0x3F, 0xFB, 0xF1, 0xDC, 0x0E, 0xC0,
    0x7E, 0x03, 0xF0, 0x3B, 0x87, 0x9C, 0x78, 0x7F, 0x83, 0xF8, 0x06, 0x00, 0x07, 0xE0, 0xFF, 0x8F,
    0xDC, 0x30, 0xE0, 0x0E, 0x00, 0x70, 0x07, 0x00, 0x70, 0x03, 0x83, 0xF8, 0x0F, 0xF0, 0x1F, 0x81,
    0xC0, 0x0E, 0x00, 0xE0, 0x07, 0x00, 0x70, 0x03, 0x80, 0x1C, 0x00, 0xE0, 0x00, 0x00, 0x00, 0x01,
    0x00, 0x03, 0xF0, 0x07, 0xFC, 0x0F, 0x3E, 0x0E, 0x0F, 0x0E, 0x07, 0x0E, 0x0E, 0x06, 0x3E, 0x07,
    0xFC, 0x03, 0xF8, 0x07, 0xC0, 0x0F, 0xC0, 0x0E, 0xE0, 0x1C, 0xE0, 0x38, 0xE0, 0x38, 0xF0, 0x70,
    0xE0, 0x71, 0xE0, 0x77, 0xC0, 0x7F, 0x80, 0x3F, 0x00, 0x18, 0x00, 0x07, 0x83, 0xF8, 0xFF, 0xBC,
    0x77, 0x1F, 0xC3, 0xB8, 0xF7, 0x3C, 0xFF, 0x0F, 0xE0, 0x38, 0x07, 0x00, 0xC0, 0x38, 0x07, 0x00,
    0xC0, 0x18, 0x07, 0x00, 0xF0, 0x1E, 0x01, 0x80, 0x00, 0x00, 0x04, 0x0E, 0x1E, 0x1C, 0x00, 0x00,
    0x00, 0x00, 0x78, 0x78, 0x70, 0x07, 0x07, 0x83, 0xC0, 0x80, 0x00, 0x00, 0x00, 0x00, 0x18, 0x0C,
    0x06, 0x07, 0x07, 0x03, 0x83, 0x80, 0x00, 0x60, 0x07, 0x80, 0xFC, 0x1F, 0x81, 0xF0, 0x3E, 0x01,
    0xE0, 0x0E, 0x00, 0x3C, 0x00, 0xF8, 0x03, 0xF8, 0x0F, 0xE0, 0x1F, 0x00, 0x00, 0x01, 0xFF, 0xCF,
    0xFE, 0x00, 0x00, 0x00, 0x00, 0x03, 0xFF, 0x8F, 0xFC, 0x78, 0x03, 0xF0, 0x0F, 0xE0, 0x0F, 0x80,
    0x1E, 0x00, 0x38, 0x03, 0xC0, 0x3E, 0x07, 0xC0, 0xFC, 0x1F, 0x80, 0xF0, 0x02, 0x00, 0x00, 0x01,
    0xF0, 0x1F, 0xE0, 0xFB, 0xC3, 0x87, 0x1C, 0x1C, 0x70, 0x71, 0xC3, 0x87, 0x0E, 0x00, 0x38, 0x01,
    0xC0, 0x1E, 0x00, 0xF0, 0x07, 0x80, 0x3C, 0x01, 0xE0, 0x07, 0x00, 0x1C, 0x00, 0x60, 0x01, 0x00,
    0x00, 0x00, 0x00, 0x00, 0x40, 0x07, 0x80, 0x1E, 0x00, 0x70, 0x00, 0x00, 0x1F, 0x00, 0x03, 0xFE,
    0x00, 0x7F, 0xF8, 0x07, 0xC1, 0xE0, 0x78, 0x07, 0x07, 0x80, 0x1C, 0x78, 0xF0, 0xE7, 0x8F, 0xC7,
    0x38, 0xFE, 0x3B, 0xCE, 0x31, 0xDC, 0x73, 0x8F, 0xE7, 0x1C, 0xEE, 0x38, 0xE7, 0x71, 0xCF, 0xF3,
    0x8F, 0xFF, 0x1C, 0x7E, 0x70, 0xE1, 0xE0, 0x03, 0x80, 0x00, 0x1E, 0x00, 0x00, 0x7F, 0x80, 0x01,
    0xFC, 0x00, 0x03, 0xE0, 0x00, 0x00, 0x03, 0x00, 0x01, 0xE0, 0x00, 0xFC, 0x00, 0x7F, 0x00, 0x1D,
    0xC0, 0x0F, 0x70, 0x03, 0x9C, 0x01, 0xC7, 0x00, 0xF1, 0xC0, 0x38, 0x70, 0x1C, 0x1C, 0x07, 0x06,
    0x03, 0x9F, 0x80, 0xFF, 0xE0, 0xFF, 0xF8, 0x3F, 0x0E, 0x0E, 0x03, 0x87, 0x80, 0xE1, 0xC0, 0x38,
    0xE0, 0x0E, 0x38, 0x03, 0x8E, 0x00, 0xE7, 0x00, 0x39, 0xC0, 0x0E, 0x60, 0x00, 0x00, 0x00, 0x00,
    0x00, 0x00, 0x00, 0x7F, 0x00, 0x7F, 0xC0, 0x3C, 0xF0, 0x1C, 0x38, 0x1E, 0x1C, 0x0E, 0x0E, 0x07,
    0x0E, 0x07, 0x07, 0x03, 0x87, 0x03, 0x87, 0x01, 0xCF, 0x00, 0xFF, 0x80, 0xFF, 0xF0, 0x7C, 0x7C,
    0x78, 0x0E, 0x38, 0x03, 0x9C, 0x01, 0xDC, 0x00, 0xCE, 0x00, 0xE7, 0x00, 0x77, 0x00, 0x71, 0x80,
    0x78, 0xB8, 0xF8, 0x1F, 0xF8, 0x07, 0xF8, 0x00, 0xE0, 0x00, 0x00, 0x1C, 0x00, 0x7E, 0x00, 0xFF,
    0x01, 0xF7, 0x03, 0xC7, 0x07, 0x87, 0x07, 0x0F, 0x0F, 0x0E, 0x1E, 0x1E, 0x1C, 0x1C, 0x3C, 0x08,
    0x38, 0x00, 0x70, 0x00, 0x70, 0x00, 0x70, 0x00, 0xE0, 0x00, 0xE0, 0x00, 0xE0, 0x00, 0xE0, 0x00,
    0xE0, 0x00, 0xE0, 0x18, 0xE0, 0x78, 0xF1, 0xF0, 0x7F, 0xE0, 0x7F, 0x80, 0x3E, 0x00, 0x00, 0x00,
    0x00, 0xE0, 0x00, 0x3F, 0xE0, 0x01, 0xFF, 0xC0, 0x03, 0xDF, 0x00, 0x0E, 0x3C, 0x00, 0xE0, 0xF0,
    0x07, 0x03, 0xC0, 0x38, 0x0E, 0x03, 0x80, 0x70, 0x1C, 0x01, 0xC0, 0xE0, 0x0E, 0x0E, 0x00, 0x70,
    0x70, 0x03, 0x03, 0x00, 0x38, 0x38, 0x01, 0xC1, 0xC0, 0x0E, 0x0E, 0x00, 0xE0, 0xE0, 0x07, 0x07,
    0x00, 0x78, 0x38, 0x03, 0x81, 0x80, 0x38, 0x1C, 0x03, 0xC0, 0xE0, 0x3C, 0x07, 0x07, 0xC0, 0xF0,
    0x7C, 0x07, 0xFF, 0xC0, 0x1F, 0xF8, 0x00, 0x7F, 0x00, 0x00, 0x00, 0x00, 0x00, 0x00, 0x00, 0x00,
    0x07, 0xFE, 0x00, 0xFF, 0xE0, 0x1F, 0xFC, 0x03, 0xF0, 0x00, 0x3C, 0x00, 0x07, 0x80, 0x00, 0x70,
    0x00, 0x0F, 0x00, 0x00, 0xE0, 0x00, 0x1C, 0x3F, 0x03, 0xFF, 0xF0, 0x3F, 0xF8, 0x07, 0xF8, 0x00,
    0x70, 0x00, 0x07, 0x00, 0x00, 0xE0, 0x00, 0x0E, 0x00, 0x00, 0xE0, 0x03, 0x0E, 0x00, 0x70, 0x70,
    0x3E, 0x07, 0xFF, 0xC0, 0x3F, 0xF8, 0x00, 0xFC, 0x00, 0x00, 0x00, 0x00, 0x03, 0xFF, 0x81, 0xFF,
    0xFC, 0x1F, 0xFD, 0xE0, 0x1C, 0x00, 0x00, 0xE0, 0x00, 0x06, 0x00, 0x00, 0x70, 0x00, 0x03, 0x80,
    0x00, 0x18, 0x00, 0x01, 0xC0, 0x00, 0x1F, 0xFE, 0x00, 0xFF, 0xF0, 0x07, 0xFC, 0x00, 0x78, 0x00,
    0x03, 0x80, 0x00, 0x1C, 0x00, 0x01, 0xC0, 0x00, 0x0E, 0x00, 0x00, 0x70, 0x00, 0x07, 0x00, 0x00,
    0x38, 0x00, 0x01, 0xC0, 0x00, 0x04, 0x00, 0x00, 0x00, 0x00, 0x00, 0x3F, 0x00, 0x7F, 0xC0, 0x7F,
    0xF0, 0x3C, 0x38, 0x3C, 0x08, 0x3C, 0x00, 0x1C, 0x00, 0x1E, 0x00, 0x0E, 0x00, 0x07, 0x00, 0x07,
    0x00, 0x03, 0x8F, 0x01, 0xC7, 0xE1, 0xC3, 0xF8, 0xE0, 0x1C, 0x70, 0x0E, 0x38, 0x0E, 0x18, 0x07,
    0x1C, 0x07, 0x8E, 0x03, 0x87, 0x03, 0x81, 0x87, 0xC0, 0xFF, 0x80, 0x7F, 0x80, 0x1F, 0x00, 0x00,
    0x00, 0x00, 0x00, 0x00, 0x00, 0x03, 0x80, 0x00, 0x0E, 0x00, 0x80, 0x78, 0x07, 0x01, 0xC0, 0x3C,
    0x07, 0x00, 0xE0, 0x38, 0x03, 0x80, 0xE0, 0x0E, 0x07, 0x00, 0x70, 0x1C, 0x01, 0xC0, 0x70, 0x07,
    0x03, 0x80, 0x38, 0x0E, 0x00, 0xE0, 0x3F, 0xFF, 0x81, 0xFF, 0xFC, 0x07, 0xFF, 0xF0, 0x1C, 0x01,
    0xC0, 0xE0, 0x07, 0x03, 0x80, 0x38, 0x0E, 0x00, 0xE0, 0x38, 0x03, 0x81, 0xC0, 0x1C, 0x07, 0x00,
    0x70, 0x1C, 0x01, 0xC0, 0x70, 0x07, 0x03, 0x80, 0x38, 0x0E, 0x00, 0x60, 0x18, 0x00, 0x00, 0x00,
    0x00, 0x00, 0x01, 0xFE, 0x01, 0xFF, 0xE0, 0x3F, 0xF0, 0x02, 0x38, 0x00, 0x03, 0x80, 0x00, 0x38,
    0x00, 0x07, 0x00, 0x00, 0x70, 0x00, 0x07, 0x00, 0x00, 0x70, 0x00, 0x0E, 0x00, 0x00, 0xE0, 0x00,
    0x0E, 0x00, 0x01, 0xC0, 0x00, 0x1C, 0x00, 0x01, 0xC0, 0x00, 0x38, 0x00, 0x03, 0x80, 0x00, 0x38,
    0x00, 0x03, 0x80, 0x00, 0x7F, 0x80, 0x7F, 0xFC, 0x07, 0xFF, 0x00, 0x00, 0x00, 0x00, 0x00, 0x06,
    0x00, 0x3F, 0xC0, 0x1F, 0xE0, 0x04, 0xE0, 0x00, 0x70, 0x00, 0x78, 0x00, 0x38, 0x00, 0x1C, 0x00,
    0x1E, 0x00, 0x0E, 0x00, 0x07, 0x00, 0x07, 0x80, 0x03, 0x80, 0x01, 0xC0, 0x00, 0xE0, 0x00, 0xE0,
    0x00, 0x70, 0x00, 0x38, 0x00, 0x38, 0x00, 0x1C, 0x00, 0x1E, 0x00, 0x0E, 0x00, 0x07, 0x00, 0x07,
    0x80, 0x03, 0x80, 0x03, 0xC0, 0x01, 0xC0, 0x11, 0xE0, 0x0F, 0xE0, 0x07, 0xE0, 0x01, 0xE0, 0x00,
    0x00, 0x00, 0x00, 0x03, 0x01, 0xC0, 0x38, 0x1E, 0x01, 0xC1, 0xF0, 0x1C, 0x3E, 0x00, 0xE3, 0xE0,
    0x0E, 0x3C, 0x00, 0x73, 0xC0, 0x07, 0x7C, 0x00, 0x3F, 0xC0, 0x01, 0xF8, 0x00, 0x1F, 0x80, 0x00,
    0xF8, 0x00, 0x0F, 0xC0, 0x00, 0x7E, 0x00, 0x03, 0xF0, 0x00, 0x1B, 0x80, 0x01, 0xCE, 0x00, 0x0E,
    0x70, 0x00, 0xE1, 0xC0, 0x07, 0x0F, 0x00, 0x38, 0x3C, 0x03, 0xC0, 0xF8, 0x1C, 0x03, 0xC0, 0x60,
    0x0E, 0x00, 0x00, 0x00, 0x00, 0x00, 0x40, 0x07, 0x00, 0x70, 0x07, 0x80, 0x38, 0x03, 0x80, 0x3C,
    0x01, 0xC0, 0x1E, 0x00, 0xE0, 0x07, 0x00, 0x70, 0x03, 0x80, 0x1C, 0x01, 0xC0, 0x0E, 0x00, 0xE0,
    0x07, 0x00, 0x38, 0x01, 0xC0, 0x0E, 0x00, 0x70, 0x03, 0x81, 0xCF, 0xFE, 0x7F, 0xE0, 0xFC, 0x00,
    0x00, 0x00, 0x00, 0x80, 0x01, 0x80, 0x38, 0x00, 0x70, 0x0F, 0x80, 0x0F, 0x01, 0xF0, 0x03, 0xE0,
    0x7C, 0x00, 0xFC, 0x1F, 0x80, 0x1F, 0x03, 0xF0, 0x07, 0xE0, 0xEE, 0x00, 0xFC, 0x1D, 0xC0, 0x3B,
    0x87, 0x30, 0x07, 0x70, 0xEE, 0x01, 0xDC, 0x39, 0xC0, 0x3B, 0x8F, 0x38, 0x0E, 0x71, 0xC6, 0x01,
    0xCE, 0x79, 0xC0, 0x73, 0xCE, 0x38, 0x1E, 0x73, 0x87, 0x03, 0x8E, 0xF0, 0xC0, 0xF1, 0xDC, 0x18,
    0x1C, 0x3F, 0x07, 0x07, 0x87, 0xE0, 0xE0, 0xE0, 0xF8, 0x1C, 0x3C, 0x0C, 0x03, 0x87, 0x00, 0x00,
    0x70, 0x40, 0x00, 0x0C, 0x00, 0x00, 0x00, 0x0E, 0x00, 0x00, 0x1C, 0x00, 0x00, 0x38, 0x03, 0x80,
    0xF0, 0x0F, 0x01, 0xE0, 0x1F, 0x03, 0x80, 0x7E, 0x07, 0x00, 0xFC, 0x0E, 0x03, 0xB8, 0x3C, 0x07,
    0x70, 0x70, 0x0E, 0xE0, 0xE0, 0x39, 0xC1, 0xC0, 0x73, 0x83, 0x81, 0xC7, 0x0F, 0x03, 0x8E, 0x1C,
    0x07, 0x1C, 0x38, 0x1C, 0x38, 0x70, 0x38, 0x71, 0xC0, 0xF0, 0xE3, 0x81, 0xC1, 0xC7, 0x03, 0x81,
    0xDC, 0x0F, 0x03, 0xB8, 0x1C, 0x07, 0xF0, 0x38, 0x0F, 0xC0, 0xF0, 0x0F, 0x81, 0xC0, 0x0E, 0x03,
    0x80, 0x08, 0x03, 0x00, 0x00, 0x00, 0x00, 0x00, 0x00, 0x00, 0x10, 0x00, 0x1F, 0x80, 0x0F, 0xF0,
    0x07, 0x9C, 0x03, 0x83, 0x81, 0xE0, 0xE0, 0xF0, 0x38, 0x38, 0x0E, 0x1C, 0x03, 0x87, 0x00, 0xE3,
    0x80, 0x38, 0xE0, 0x1E, 0x38, 0x07, 0x9C, 0x01, 0xC7, 0x00, 0xF1, 0xC0, 0x38, 0x60, 0x1E, 0x18,
    0x07, 0x0E, 0x03, 0xC3, 0x81, 0xE0, 0xE0, 0xF0, 0x3C, 0x78, 0x07, 0xFC, 0x00, 0xFE, 0x00, 0x1F,
    0x00, 0x00, 0x01, 0xFC, 0x00, 0x3F, 0xE0, 0x0F, 0xFE, 0x01, 0xE1, 0xE0, 0x38, 0x1C, 0x07, 0x03,
    0x81, 0xC0, 0x70, 0x38, 0x0E, 0x07, 0x03, 0x81, 0xC0, 0x70, 0x38, 0x1C, 0x07, 0x07, 0x81, 0xC1,
    0xE0, 0x38, 0xF8, 0x07, 0xFE, 0x01, 0xFF, 0x00, 0x3E, 0x00, 0x07, 0x00, 0x01, 0xE0, 0x00, 0x38,
    0x00, 0x07, 0x00, 0x00, 0xE0, 0x00, 0x38, 0x00, 0x07, 0x00, 0x00, 0x60, 0x00, 0x00, 0x00, 0x7C,
    0x00, 0x7F, 0x00, 0x7F, 0xC0, 0x70, 0x70, 0x70, 0x38, 0x78, 0x1C, 0x78, 0x0E, 0x38, 0x07, 0x1C,
    0x07, 0x9E, 0x03, 0x8E, 0x01, 0xCF, 0x01, 0xE7, 0x00, 0xE3, 0x80, 0x73, 0xC0, 0x71, 0xC0, 0x38,
    0xE0, 0x3C, 0x73, 0x9C, 0x39, 0xDE, 0x1C, 0x7E, 0x0E, 0x3F, 0x07, 0x0F, 0x03, 0x8F, 0x00, 0xFF,
    0xC0, 0x3F, 0xE0, 0x06, 0x38, 0x00, 0x1C, 0x00, 0x00, 0x00, 0x00, 0x00, 0x00, 0x07, 0xF0, 0x01,
    0xFF, 0xC0, 0x0F, 0xFE, 0x00, 0xF0, 0xE0, 0x0E, 0x07, 0x00, 0xE0, 0x70, 0x1C, 0x07, 0x01, 0xC0,
    0xE0, 0x38, 0x1E, 0x03, 0x83, 0xC0, 0x70, 0xF8, 0x07, 0x3E, 0x00, 0x7F, 0xC0, 0x0F, 0xF0, 0x00,
    0xF8, 0x00, 0x1F, 0x80, 0x01, 0xFC, 0x00, 0x1D, 0xC0, 0x03, 0x9E, 0x00, 0x38, 0xF0, 0x03, 0x87,
    0x80, 0x70, 0x3C, 0x07, 0x01, 0xF0, 0xF0, 0x0F, 0x86, 0x00, 0x38, 0x00, 0x0F, 0x80, 0x03, 0xFC,
    0x00, 0xFF, 0xE0, 0x1F, 0x0E, 0x03, 0xE0, 0xE0, 0x78, 0x1E, 0x0F, 0x03, 0xC1, 0xE0, 0x38, 0x3C,
    0x03, 0x03, 0x80, 0x00, 0x38, 0x00, 0x07, 0x00, 0x00, 0x70, 0x00, 0x03, 0x80, 0x00, 0x3C, 0x00,
    0x01, 0xE0, 0x00, 0x0F, 0x80, 0x00, 0x7C, 0x00, 0x01, 0xE0, 0x00, 0x07, 0x00, 0x00, 0x70, 0x06,
    0x03, 0x80, 0x70, 0x70, 0x07, 0xFF, 0x00, 0x3F, 0xE0, 0x00, 0xF8, 0x00, 0x01, 0xFC, 0x3F, 0xFF,
    0xBF, 0xFF, 0xEF, 0x38, 0x40, 0x3C, 0x00, 0x1C, 0x00, 0x0E, 0x00, 0x0F, 0x00, 0x07, 0x00, 0x03,
    0x80, 0x03, 0xC0, 0x01, 0xC0, 0x00, 0xE0, 0x00, 0xF0, 0x00, 0x70, 0x00, 0x38, 0x00, 0x38, 0x00,
    0x1C, 0x00, 0x0E, 0x00, 0x06, 0x00, 0x07, 0x00, 0x03, 0x80, 0x01, 0x80, 0x00, 0xC0, 0x00, 0x00,
    0x00, 0x00, 0x60, 0x10, 0x1E, 0x03, 0x07, 0x80, 0xE0, 0xE0, 0x1C, 0x3C, 0x03, 0x87, 0x00, 0x70,
    0xE0, 0x1C, 0x38, 0x03, 0x87, 0x00, 0x70, 0xE0, 0x1C, 0x3C, 0x03, 0x87, 0x00, 0x70, 0xE0, 0x1C,
    0x1C, 0x03, 0x87, 0x00, 0xE0, 0xE0, 0x1C, 0x1C, 0x07, 0x03, 0x81, 0xE0, 0x70, 0x38, 0x0E, 0x0E,
    0x01, 0xC3, 0xC0, 0x38, 0xF0, 0x07, 0xFC, 0x00, 0x7F, 0x00, 0x07, 0x80, 0x00, 0x00, 0x00, 0x00,
    0x00, 0x00, 0x38, 0x01, 0x9C, 0x01, 0xCE, 0x01, 0xE7, 0x00, 0xE3, 0x80, 0xF1, 0xC0, 0x70, 0xE0,
    0x70, 0x70, 0x78, 0x70, 0x38, 0x38, 0x3C, 0x1C, 0x1C, 0x0E, 0x0E, 0x07, 0x0E, 0x03, 0x8F, 0x01,
    0xC7, 0x00, 0xE3, 0x80, 0x73, 0x80, 0x39, 0xC0, 0x1D, 0xC0, 0x0E, 0xE0, 0x07, 0xE0, 0x03, 0xF0,
    0x01, 0xF8, 0x00, 0x78, 0x00, 0x18, 0x00, 0x00, 0x00, 0x00, 0x06, 0x01, 0x80, 0xC1, 0xC0, 0x70,
    0x38, 0x38, 0x1E, 0x07, 0x07, 0x03, 0xC1, 0xE1, 0xE0, 0xF0, 0x38, 0x38, 0x1E, 0x07, 0x07, 0x07,
    0xC1, 0xC0, 0xE0, 0xF8, 0x38, 0x1C, 0x3E, 0x0F, 0x07, 0x07, 0xC1, 0xC0, 0xE1, 0xF8, 0x78, 0x1C,
    0x3F, 0x0E, 0x03, 0x8F, 0xE1, 0xC0, 0x71, 0xF8, 0x70, 0x1E, 0x77, 0x0E, 0x03, 0x8E, 0xE3, 0x80,
    0x73, 0x9C, 0x70, 0x0E, 0xF3, 0x9C, 0x01, 0xDC, 0x73, 0x80, 0x3F, 0x0E, 0xE0, 0x07, 0xE1, 0xFC,
    0x00, 0xF8, 0x3F, 0x00, 0x1E, 0x07, 0xC0, 0x01, 0x80, 0x60, 0x00, 0x00, 0x00, 0x00, 0x03, 0x80,
    0x20, 0x0E, 0x01, 0x80, 0x38, 0x0E, 0x00, 0xE0, 0x38, 0x03, 0x81, 0xC0, 0x0E, 0x0F, 0x00, 0x18,
    0x78, 0x00, 0x63, 0xC0, 0x01, 0xDE, 0x00, 0x07, 0x70, 0x00, 0x1F, 0x80, 0x00, 0x7C, 0x00, 0x01,
    0xE0, 0x00, 0x07, 0x80, 0x00, 0x3E, 0x00, 0x01, 0xF8, 0x00, 0x0F, 0x70, 0x00, 0x79, 0xC0, 0x03,
    0xC3, 0x80, 0x1E, 0x0E, 0x00, 0xF0, 0x1E, 0x07, 0x80, 0x7C, 0x1C, 0x00, 0xF0, 0x60, 0x00, 0x00,
    0x00, 0x00, 0x00, 0x00, 0x00, 0x30, 0x00, 0x1C, 0x00, 0xCE, 0x00, 0xE7, 0x00, 0xF3, 0x80, 0xF1,
    0xC0, 0xF0, 0xE0, 0xF0, 0x70, 0x70, 0x38, 0x70, 0x1C, 0x70, 0x07, 0x70, 0x03, 0xF0, 0x00, 0xF8,
    0x00, 0x78, 0x00, 0x38, 0x00, 0x1C, 0x00, 0x1E, 0x00, 0x0E, 0x00, 0x07, 0x00, 0x07, 0x80, 0x03,
    0x80, 0x01, 0xC0, 0x00, 0xE0, 0x00, 0x70, 0x00, 0x30, 0x00, 0x00, 0x00, 0x00, 0x00, 0xFF, 0xE0,
    0x07, 0xFF, 0xE0, 0x1F, 0xFF, 0x80, 0x00, 0x0E, 0x00, 0x00, 0x78, 0x00, 0x01, 0xC0, 0x00, 0x0F,
    0x00, 0x00, 0x78, 0x00, 0x03, 0xC0, 0x00, 0x1E, 0x00, 0x00, 0xF0, 0x00, 0x07, 0x80, 0x00, 0x3C,
    0x00, 0x01, 0xE0, 0x00, 0x0F, 0x00, 0x00, 0x78, 0x00, 0x03, 0xC0, 0x00, 0x1E, 0x00, 0x00, 0xF0,
    0x00, 0x07, 0x80, 0x00, 0x3C, 0x00, 0x01, 0xE0, 0x00, 0x07, 0xFF, 0xF0, 0x1F, 0xFF, 0xC0, 0x7F,
    0xFC, 0x00, 0x00, 0x00, 0x00, 0x00, 0x06, 0x00, 0x0F, 0xF0, 0x03, 0xFC, 0x00, 0x7E, 0x00, 0x07,
    0x00, 0x00, 0x70, 0x00, 0x0E, 0x00, 0x00, 0xE0, 0x00, 0x1C, 0x00, 0x01, 0xC0, 0x00, 0x18, 0x00,
    0x03, 0x80, 0x00, 0x38, 0x00, 0x07, 0x00, 0x00, 0x70, 0x00, 0x07, 0x00, 0x00, 0xE0, 0x00, 0x0E,
    0x00, 0x00, 0xE0, 0x00, 0x1C, 0x00, 0x01, 0xC0, 0x00, 0x3C, 0x00, 0x03, 0x80, 0x00, 0x38, 0x00,
    0x03, 0x80, 0x00, 0x70, 0x00, 0x07, 0x00, 0x00, 0x71, 0xC0, 0x07, 0xFE, 0x00, 0xFF, 0xC0, 0x07,
    0x00, 0x00, 0x00, 0x60, 0xE0, 0xE0, 0xE0, 0xE0, 0xE0, 0xE0, 0xE0, 0x60, 0x70, 0x70, 0x70, 0x70,
    0x70, 0x30, 0x38, 0x38, 0x38, 0x18, 0x1C, 0x1C, 0x1C, 0x0C, 0x0C, 0x0E, 0x0E, 0x0E, 0x06, 0x06,
    0x00, 0x01, 0x80, 0x3F, 0xF0, 0x1F, 0xFC, 0x00, 0x0E, 0x00, 0x03, 0x80, 0x01, 0xC0, 0x00, 0x70,
    0x00, 0x18, 0x00, 0x0E, 0x00, 0x03, 0x80, 0x00, 0xC0, 0x00, 0x70, 0x00, 0x1C, 0x00, 0x06, 0x00,
    0x03, 0x80, 0x00, 0xE0, 0x00, 0x30, 0x00, 0x1C, 0x00, 0x07, 0x00, 0x01, 0xC0, 0x00, 0x60, 0x00,
    0x38, 0x00, 0x0E, 0x00, 0x03, 0x00, 0x01, 0xC0, 0x00, 0x70, 0x00, 0x18, 0x00, 0x3E, 0x00, 0xFF,
    0x80, 0x1F, 0xE0, 0x00, 0x00, 0x00, 0x00, 0x00, 0x70, 0x1F, 0x01, 0xF8, 0x3B, 0x87, 0x1C, 0x60,
    0xCE, 0x0E, 0xC0, 0xEC, 0x06, 0x00, 0x40, 0x00, 0x01, 0xFF, 0xE7, 0xFF, 0x80, 0x03, 0x1C, 0xE3,
    0x18, 0x00, 0x01, 0xC0, 0x07, 0xC0, 0x1F, 0xC0, 0x79, 0xC1, 0xE3, 0x83, 0x8E, 0x0E, 0x3C, 0x1C,
    0xF8, 0x73, 0xF8, 0xEF, 0x71, 0xFC, 0x7B, 0xF0, 0x73, 0x80, 0x00, 0x00, 0x00, 0x00, 0x00, 0x06,
    0x00, 0x38, 0x00, 0xE0, 0x03, 0x80, 0x1C, 0x00, 0x70, 0x03, 0x80, 0x0E, 0x00, 0x30, 0x01, 0xC0,
    0x07, 0x0C, 0x19, 0xF8, 0xEF, 0xE3, 0xF9, 0xCF, 0x86, 0x7C, 0x39, 0xE1, 0xC7, 0x0F, 0x1C, 0x78,
    0x27, 0xC0, 0x7E, 0x01, 0xE0, 0x00, 0x00, 0x00, 0x00, 0x7C, 0x0F, 0xC1, 0xFE, 0x1C, 0xE3, 0x8C,
    0x38, 0xC7, 0x80, 0x70, 0x07, 0x06, 0x71, 0xE7, 0x3C, 0x7F, 0x83, 0xE0, 0x18, 0x00, 0x00, 0x00,
    0x00, 0x06, 0x00, 0x0F, 0x00, 0x0E, 0x00, 0x0E, 0x00, 0x1C, 0x00, 0x1C, 0x00, 0x1C, 0x00, 0x38,
    0x00, 0x38, 0x00, 0x38, 0x02, 0x70, 0x0F, 0xF0, 0x1F, 0xF0, 0x38, 0xE0, 0x30, 0xE0, 0x71, 0xE0,
    0x61, 0xE0, 0xE7, 0xE0, 0xEF, 0xE0, 0xFE, 0xE0, 0x7C, 0xE0, 0x38, 0xE0, 0x00, 0xE0, 0x00, 0x00,
    0x00, 0x00, 0x7C, 0x0F, 0xE1, 0xE6, 0x3C, 0x63, 0x9E, 0x7F, 0xC7, 0xF8, 0x70, 0x07, 0x00, 0x71,
    0xC7, 0xF8, 0x3F, 0x01, 0xE0, 0x00, 0x3C, 0x00, 0xFC, 0x03, 0xF8, 0x0F, 0x70, 0x1C, 0xC0, 0x71,
    0x80, 0xE0, 0x03, 0x80, 0x07, 0x00, 0x0C, 0x00, 0x38, 0x00, 0x7F, 0x01, 0xFE, 0x03, 0xF8, 0x07,
    0x00, 0x1C, 0x00, 0x38, 0x00, 0x70, 0x00, 0xE0, 0x03, 0x80, 0x07, 0x00, 0x0E, 0x00, 0x1C, 0x00,
    0x38, 0x00, 0x70, 0x00, 0xE0, 0x00, 0x80, 0x00, 0x00, 0x00, 0x00, 0x00, 0x1E, 0x03, 0xF8, 0x1F,
    0xE1, 0xCF, 0x1C, 0x78, 0xE3, 0x8E, 0x3C, 0x71, 0xC3, 0xFE, 0x0F, 0xF0, 0x7B, 0x80, 0x18, 0x01,
    0xC0, 0x0E, 0x00, 0x70, 0xC3, 0x03, 0x38, 0x1F, 0x80, 0xFC, 0x03, 0xC0, 0x00, 0x00, 0x03, 0x00,
    0x06, 0x00, 0x1C, 0x00, 0x38, 0x00, 0x70, 0x01, 0xC0, 0x03, 0x80, 0x0F, 0x00, 0x1C, 0x00, 0x38,
    0x00, 0xE0, 0x01, 0xC3, 0x03, 0x8F, 0x0E, 0x7F, 0x1D, 0xFE, 0x3F, 0x9C, 0xFE, 0x39, 0xF8, 0x63,
    0xC0, 0xF7, 0x81, 0xEE, 0x01, 0x80, 0x00, 0x00, 0x04, 0x0E, 0x0E, 0x1E, 0x0C, 0x00, 0x00, 0x00,
    0x30, 0x38, 0x38, 0x70, 0x70, 0x70, 0xE0, 0xE0, 0xE0, 0xE0, 0x40, 0x00, 0x0C, 0x00, 0x38, 0x00,
    0x70, 0x00, 0xC0, 0x00, 0x00, 0x00, 0x00, 0x00, 0x00, 0x00, 0x00, 0x60, 0x00, 0xE0, 0x01, 0xC0,
    0x03, 0x00, 0x0E, 0x00, 0x1C, 0x00, 0x38, 0x00, 0x70, 0x00, 0xE0, 0x01, 0x80, 0x07, 0x00, 0x0E,
    0x00, 0x18, 0x00, 0x70, 0x00, 0xE0, 0x23, 0x80, 0x67, 0x00, 0xFC, 0x01, 0xF8, 0x01, 0xE0, 0x00,
    0x00, 0x80, 0x0E, 0x00, 0x70, 0x03, 0x80, 0x38, 0x01, 0xC0, 0x1C, 0x00, 0xE0, 0x07, 0x00, 0x70,
    0x03, 0x80, 0x38, 0xE1, 0xCF, 0x1D, 0xF0, 0xFE, 0x07, 0xE0, 0x7E, 0x03, 0xF8, 0x19, 0xC1, 0xCF,
    0x0E, 0x3D, 0x70, 0xF9, 0x03, 0x80, 0x00, 0x00, 0x00, 0x60, 0x1C, 0x0E, 0x03, 0x80, 0xE0, 0x70,
    0x1C, 0x0E, 0x03, 0x80, 0xC0, 0x70, 0x1C, 0x06, 0x03, 0x80, 0xE0, 0x70, 0x1C, 0x07, 0x01, 0x80,
    0x60, 0x18, 0x06, 0x00, 0x00, 0x00, 0x00, 0x01, 0xC0, 0x00, 0x1C, 0x00, 0x01, 0xC6, 0x00, 0x38,
    0xF0, 0x03, 0xBF, 0x38, 0x3F, 0xF7, 0xC7, 0xF7, 0xFC, 0x7E, 0xFD, 0xC7, 0xCF, 0x9C, 0x78, 0xF1,
    0xC7, 0x1E, 0x1E, 0x60, 0x80, 0xE0, 0x00, 0x00, 0x60, 0x01, 0xC0, 0x07, 0x1C, 0x3C, 0xF8, 0xEF,
    0xE3, 0xFF, 0x9F, 0xCE, 0x7C, 0x3B, 0xE0, 0xEF, 0x03, 0x98, 0x0E, 0x00, 0x00, 0x03, 0x81, 0xF8,
    0x7F, 0x9E, 0x73, 0x8E, 0xE1, 0xDC, 0x77, 0x0E, 0xE3, 0x9C, 0xF3, 0xFC, 0x3F, 0x07, 0x80, 0x01,
    0x00, 0x07, 0x00, 0x0E, 0x00, 0x1D, 0x80, 0x7F, 0xC0, 0xFF, 0x81, 0xE7, 0x87, 0x8F, 0x0E, 0x1C,
    0x18, 0x78, 0x73, 0xE0, 0xFF, 0x81, 0xFC, 0x03, 0x80, 0x0E, 0x00, 0x1C, 0x00, 0x38, 0x00, 0x60,
    0x01, 0xC0, 0x03, 0x80, 0x07, 0x00, 0x0E, 0x00, 0x18, 0x00, 0x00, 0x03, 0xC0, 0x7E, 0x1E, 0xE3,
    0xCE, 0x78, 0xE7, 0x1C, 0xE3, 0xCE, 0xF8, 0xFF, 0x8F, 0xF8, 0x77, 0x00, 0x70, 0x06, 0x00, 0xE0,
    0x0E, 0x00, 0xE0, 0x0C, 0x00, 0xC0, 0x0C, 0x00, 0xC0, 0x0C, 0x00, 0x40, 0x1C, 0x00, 0xE0, 0x0E,
    0x3C, 0x77, 0xE3, 0xFC, 0x3F, 0x81, 0xF0, 0x0F, 0x00, 0x70, 0x07, 0x80, 0x38, 0x01, 0xC0, 0x06,
    0x00, 0x00, 0x00, 0x03, 0xE0, 0x7E, 0x0F, 0x71, 0xE7, 0x38, 0xE7, 0x0C, 0x70, 0x07, 0x00, 0x78,
    0x03, 0xC0, 0x1E, 0x00, 0xF0, 0x4F, 0x0F, 0xF0, 0x7E, 0x00, 0x01, 0x00, 0x38, 0x07, 0x80, 0x70,
    0x0E, 0x03, 0xFE, 0x7F, 0xE3, 0xFC, 0x38, 0x03, 0x80, 0x30, 0x07, 0x00, 0x70, 0x07, 0x00, 0x60,
    0x0E, 0x08, 0xE1, 0xC7, 0xF8, 0x3F, 0x01, 0x80, 0x00, 0x00, 0xC2, 0x1C, 0x71, 0xCF, 0x38, 0xE3,
    0x8E, 0x70, 0xE7, 0x1C, 0x73, 0xC7, 0x3C, 0x7F, 0xC7, 0xEC, 0x38, 0xE0, 0x0E, 0x00, 0x0C, 0x03,
    0x81, 0xB8, 0x77, 0x1C, 0xE7, 0x1C, 0xE1, 0xB8, 0x3E, 0x07, 0x80, 0x60, 0x00, 0x00, 0x00, 0x00,
    0x71, 0x80, 0x71, 0xC0, 0xF1, 0xC3, 0xE3, 0x87, 0xE3, 0x87, 0xE7, 0x8E, 0xEF, 0x1E, 0xFF, 0x3C,
    0xFF, 0xF8, 0xFB, 0xF0, 0x71, 0xE0, 0x00, 0x01, 0x87, 0x1C, 0xF1, 0xDE, 0x0F, 0xC0, 0xF8, 0x0F,
    0x01, 0xF0, 0x3F, 0x87, 0xBC, 0xF1, 0xE6, 0x0F, 0x00, 0x30, 0x00, 0x00, 0x00, 0x40, 0x00, 0x70,
    0x60, 0x38, 0x70, 0x1C, 0x38, 0x0E, 0x38, 0x07, 0x1C, 0x03, 0x9E, 0x01, 0xCE, 0x00, 0xE7, 0x00,
    0x77, 0x00, 0x1F, 0x80, 0x0F, 0x80, 0x03, 0xC0, 0x01, 0xC0, 0x00, 0xE0, 0x00, 0xE0, 0x00, 0xF0,
    0x00, 0x70, 0x0E, 0xF0, 0x07, 0xF0, 0x01, 0xF0, 0x00, 0x00, 0x00, 0x1F, 0xE0, 0xFF, 0x80, 0x3C,
    0x03, 0xE0, 0x3C, 0x07, 0xC0, 0x78, 0x07, 0x80, 0x78, 0x07, 0xFF, 0xFF, 0xFF, 0xFC, 0x00, 0x00,
    0x00, 0x00, 0xE0, 0x0F, 0x80, 0x78, 0x01, 0xC0, 0x0E, 0x00, 0x38, 0x00, 0xC0, 0x03, 0x00, 0x0C,
    0x00, 0x70, 0x01, 0xC0, 0x07, 0x00, 0x18, 0x00, 0xE0, 0x07, 0x80, 0x3C, 0x03, 0xE0, 0x07, 0x80,
    0x0E, 0x00, 0x38, 0x00, 0xE0, 0x03, 0x80, 0x1C, 0x00, 0x70, 0x01, 0x80, 0x0E, 0x00, 0x38, 0x00,
    0xE0, 0x03, 0xE0, 0x0F, 0x80, 0x1C, 0x00, 0x00, 0x00, 0x01, 0x80, 0x0E, 0x00, 0xF0, 0x07, 0x00,
    0x78, 0x03, 0x80, 0x1C, 0x01, 0xC0, 0x0E, 0x00, 0xF0, 0x07, 0x00, 0x38, 0x03, 0x80, 0x1C, 0x01,
    0xE0, 0x0E, 0x00, 0x70, 0x07, 0x80, 0x38, 0x01, 0xC0, 0x1E, 0x00, 0xE0, 0x07, 0x00, 0x38, 0x03,
    0x80, 0x1C, 0x00, 0xE0, 0x07, 0x00, 0x70, 0x01, 0x80, 0x0C, 0x00, 0x00, 0x00, 0x00, 0x80, 0x0F,
    0x00, 0x3C, 0x00, 0xE0, 0x03, 0x80, 0x1C, 0x00, 0xC0, 0x0E, 0x00, 0x70, 0x07, 0x00, 0x38, 0x03,
    0x80, 0x1C, 0x01, 0xC0, 0x1C, 0x00, 0xE0, 0x07, 0x00, 0x38, 0x01, 0xC0, 0x0E, 0x00, 0x70, 0x03,
    0x80, 0x1C, 0x00, 0xE0, 0x07, 0x00, 0x30, 0x03, 0x80, 0x3C, 0x07, 0xC0, 0x3C, 0x00, 0x00, 0x01,
    0xF0, 0x6F, 0xFF, 0xB9, 0xFE, 0x01, 0xE0, 0x00, 0x40, 0x1E, 0x01, 0xE0, 0x1C, 0x00, 0x00, 0x00,
    0x03, 0x00, 0x30, 0x03, 0x00, 0x30, 0x07, 0x00, 0x70, 0x06, 0x00, 0xE0, 0x0C, 0x01, 0xC0, 0x1C,
    0x01, 0x80, 0x38, 0x03, 0x00, 0x70, 0x07, 0x00, 0xE0, 0x0E, 0x00, 0xC0, 0x00, 0x00, 0x00, 0x40,
    0x80, 0x38, 0x70, 0x1C, 0x78, 0x1E, 0x3C, 0x0F, 0x1E, 0x07, 0x8F, 0x03, 0xC7, 0x81, 0xE3, 0xC0,
    0x70, 0xE0, 0x1E, 0x3C, 0x03, 0x87, 0x00, 0x78, 0xF0, 0x0F, 0x3E, 0x01, 0xF3, 0xE0, 0x3E, 0x7C,
    0x03, 0x87, 0x1E, 0x0F, 0xE7, 0xB9, 0x87, 0xE1, 0xF8, 0x7E, 0x1B, 0x8E, 0x7F, 0x1F, 0x83, 0xC0,
    0x01, 0x9D, 0xE6, 0x00, 0x01, 0x01, 0xE1, 0xFC, 0x67, 0x39, 0xDC, 0x77, 0x39, 0x8E, 0x67, 0x3F,
    0x87, 0xC0, 0xE0, 0x70, 0xE0, 0x0F, 0x9F, 0x00, 0xF8, 0xF0, 0x07, 0xCF, 0x80, 0x78, 0x78, 0x07,
    0x87, 0x00, 0x78, 0xF0, 0x07, 0x0E, 0x01, 0xE3, 0xC0, 0x78, 0xF0, 0x1E, 0x3C, 0x07, 0x8F, 0x01,
    0xE3, 0xC0, 0x70, 0xE0, 0x1C, 0x38, 0x01, 0x02, 0x00, 0x00, 0x00, 0x00, 0xE0, 0x03, 0xC0, 0x0E,
    0x00, 0x10, 0x00, 0x00, 0x00, 0x00, 0x10, 0x00, 0xE0, 0x03, 0x80, 0x1E, 0x00, 0x70, 0x03, 0xC0,
    0x1E, 0x00, 0xF0, 0x0F, 0x00, 0x38, 0x01, 0xC0, 0x07, 0x08, 0x38, 0x30, 0xE0, 0xE3, 0x87, 0x0E,
    0x1C, 0x39, 0xE0, 0xFF, 0x00, 0xF8, 0x00, 0x00, 0x00, 0x00, 0x00, 0x30, 0x00, 0x06, 0x00, 0x00,
    0xE0, 0x00, 0x0C, 0x00, 0x01, 0xC0, 0x00, 0x30, 0x00, 0x00, 0x00, 0x03, 0x00, 0x00, 0xF0, 0x00,
    0x3F, 0x00, 0x0F, 0xE0, 0x01, 0xDC, 0x00, 0x7B, 0x80, 0x0E, 0x70, 0x03, 0x8E, 0x00, 0xF1, 0xC0,
    0x1C, 0x38, 0x07, 0x07, 0x00, 0xE0, 0xC0, 0x39, 0xF8, 0x07, 0xFF, 0x01, 0xFF, 0xE0, 0x7E, 0x1C,
    0x0E, 0x03, 0x81, 0xC0, 0x70, 0x70, 0x0E, 0x0C, 0x01, 0xC3, 0x80, 0x38, 0x70, 0x07, 0x1C, 0x00,
    0xE3, 0x80, 0x1C, 0x60, 0x00, 0x00, 0x00, 0x00, 0x00, 0x00, 0x00, 0x00, 0x07, 0x00, 0x00, 0xF0,
    0x00, 0x0E, 0x00, 0x01, 0xC0, 0x00, 0x18, 0x00, 0x00, 0x00, 0x00, 0x30, 0x00, 0x07, 0x80, 0x00,
    0xFC, 0x00, 0x1F, 0xC0, 0x01, 0xDC, 0x00, 0x3D, 0xC0, 0x03, 0x9C, 0x00, 0x71, 0xC0, 0x0F, 0x1C,
    0x00, 0xE1, 0xC0, 0x1C, 0x1C, 0x01, 0xC1, 0x80, 0x39, 0xF8, 0x03, 0xFF, 0x80, 0x7F, 0xF8, 0x0F,
    0xC3, 0x80, 0xE0, 0x38, 0x0E, 0x03, 0x81, 0xC0, 0x38, 0x18, 0x03, 0x83, 0x80, 0x38, 0x38, 0x03,
    0x87, 0x00, 0x38, 0x70, 0x03, 0x86, 0x00, 0x00, 0x00, 0x00, 0x00, 0x00, 0x00, 0x80, 0x00, 0x1E,
    0x00, 0x01, 0xF8, 0x00, 0x1C, 0xE0, 0x00, 0xC3, 0x00, 0x00, 0x00, 0x00, 0x0C, 0x00, 0x00, 0xF0,
    0x00, 0x0F, 0xC0, 0x00, 0xFE, 0x00, 0x07, 0x70, 0x00, 0x7B, 0x80, 0x03, 0x9C, 0x00, 0x38, 0xE0,
    0x03, 0xC7, 0x00, 0x1C, 0x38, 0x01, 0xC1, 0xC0, 0x0E, 0x0C, 0x00, 0xE7, 0xE0, 0x07, 0xFF, 0x00,
    0x7F, 0xF8, 0x07, 0xE1, 0xC0, 0x38, 0x0E, 0x01, 0xC0, 0x70, 0x1C, 0x03, 0x80, 0xC0, 0x1C, 0x0E,
    0x00, 0xE0, 0x70, 0x07, 0x07, 0x00, 0x38, 0x38, 0x01, 0xC1, 0x80, 0x00, 0x00, 0x00, 0x00, 0x00,
    0x00, 0x00, 0x00, 0x1C, 0x40, 0x00, 0x73, 0x80, 0x01, 0xCE, 0x00, 0x06, 0x30, 0x00, 0x00, 0x00,
    0x00, 0x00, 0x00, 0x00, 0xC0, 0x00, 0x07, 0x80, 0x00, 0x3F, 0x00, 0x01, 0xFC, 0x00, 0x07, 0x70,
    0x00, 0x3D, 0xC0, 0x00, 0xE7, 0x00, 0x07, 0x1C, 0x00, 0x3C, 0x70, 0x00, 0xE1, 0xC0, 0x07, 0x07,
    0x00, 0x1C, 0x18, 0x00, 0xE7, 0xE0, 0x03, 0xFF, 0x80, 0x1F, 0xFE, 0x00, 0xFC, 0x38, 0x03, 0x80,
    0xE0, 0x0E, 0x03, 0x80, 0x70, 0x0E, 0x01, 0x80, 0x38, 0x0E, 0x00, 0xE0, 0x38, 0x03, 0x81, 0xC0,
    0x0E, 0x07, 0x00, 0x38, 0x18, 0x00, 0x00, 0x00, 0x00, 0x00, 0x00, 0x00, 0xE0, 0x00, 0x1F, 0x00,
    0x03, 0x30, 0x00, 0x33, 0x00, 0x01, 0xE0, 0x00, 0x1E, 0x00, 0x03, 0x00, 0x00, 0x78, 0x00, 0x0F,
    0xC0, 0x01, 0xFC, 0x00, 0x1D, 0xC0, 0x03, 0xDC, 0x00, 0x39, 0xC0, 0x07, 0x1C, 0x00, 0xF1, 0xC0,
    0x0E, 0x1C, 0x01, 0xC1, 0xC0, 0x1C, 0x18, 0x03, 0x9F, 0x80, 0x3F, 0xF8, 0x0F, 0xFF, 0x80, 0xFC,
    0x38, 0x0E, 0x03, 0x81, 0xE0, 0x38, 0x1C, 0x03, 0x83, 0x80, 0x38, 0x38, 0x03, 0x83, 0x80, 0x38,
    0x70, 0x03, 0x87, 0x00, 0x38, 0x60, 0x00, 0x00, 0x00, 0x00, 0x00, 0x01, 0xC7, 0xF8, 0x00, 0x07,
    0xFF, 0xF8, 0x00, 0x1F, 0xFF, 0xE0, 0x00, 0x7F, 0xC0, 0x00, 0x01, 0xE7, 0x80, 0x00, 0x03, 0x8E,
    0x00, 0x00, 0x0E, 0x3C, 0x00, 0x00, 0x38, 0x70, 0x00, 0x00, 0x71, 0xE0, 0x00, 0x01, 0xC3, 0xFF,
    0x00, 0x07, 0x8F, 0xFE, 0x00, 0x0E, 0x1F, 0xE0, 0x00, 0x7C, 0x38, 0x00, 0x01, 0xFF, 0xF0, 0x00,
    0x01, 0xFF, 0xC0, 0x00, 0x07, 0xFF, 0x80, 0x00, 0x1E, 0x0F, 0x00, 0x00, 0x38, 0x1C, 0x00, 0x00,
    0xF0, 0x38, 0x00, 0x01, 0xC0, 0x70, 0x08, 0x07, 0x00, 0xE0, 0x78, 0x1E, 0x01, 0xFF, 0xF0, 0x18,
    0x01, 0xFF, 0x80, 0x00, 0x01, 0xFC, 0x00, 0x00, 0x1C, 0x00, 0x7E, 0x00, 0xFF, 0x01, 0xF7, 0x03,
    0xC7, 0x07, 0x87, 0x07, 0x0F, 0x0F, 0x0E, 0x1E, 0x1E, 0x1C, 0x1C, 0x38, 0x08, 0x38, 0x00, 0x70,
    0x00, 0x70, 0x00, 0x70, 0x00, 0xE0, 0x00, 0xE0, 0x00, 0xE0, 0x00, 0xE0, 0x00, 0xE0, 0x00, 0xE0,
    0x18, 0xE0, 0x78, 0xF1, 0xF0, 0x7F, 0xE0, 0x7F, 0x80, 0x3E, 0x00, 0x18, 0x00, 0x18, 0x00, 0x0C,
    0x00, 0x0E, 0x00, 0x4E, 0x00, 0xFE, 0x00, 0x7C, 0x00, 0x00, 0x00, 0x00, 0x00, 0x06, 0x00, 0x00,
    0xE0, 0x00, 0x1C, 0x00, 0x03, 0x80, 0x00, 0x30, 0x00, 0x00, 0x00, 0x00, 0x00, 0x00, 0x7F, 0xE0,
    0x1F, 0xFE, 0x03, 0xFF, 0xC0, 0x3F, 0x00, 0x03, 0xC0, 0x00, 0x78, 0x00, 0x07, 0x00, 0x00, 0xF0,
    0x00, 0x0E, 0x00, 0x01, 0xC3, 0xE0, 0x3F, 0xFE, 0x03, 0xFF, 0x80, 0x7F, 0x80, 0x07, 0x00, 0x00,
    0x70, 0x00, 0x0E, 0x00, 0x00, 0xE0, 0x00, 0x0E, 0x00, 0x30, 0xE0, 0x07, 0x07, 0x03, 0xE0, 0x7F,
    0xFC, 0x03, 0xFF, 0x80, 0x0F, 0xC0, 0x00, 0x00, 0x00, 0x80, 0x00, 0x0F, 0x00, 0x00, 0xFC, 0x00,
    0x0E, 0xE0, 0x00, 0x63, 0x00, 0x00, 0x00, 0x00, 0x00, 0x00, 0x0F, 0xFC, 0x00, 0xFF, 0xE0, 0x0F,
    0xFE, 0x00, 0xFC, 0x00, 0x07, 0x80, 0x00, 0x78, 0x00, 0x03, 0x80, 0x00, 0x3C, 0x00, 0x01, 0xC0,
    0x00, 0x1C, 0x3F, 0x01, 0xFF, 0xF8, 0x0F, 0xFE, 0x00, 0xFF, 0x00, 0x07, 0x00, 0x00, 0x38, 0x00,
    0x03, 0x80, 0x00, 0x1C, 0x00, 0x00, 0xE0, 0x03, 0x07, 0x00, 0x38, 0x1C, 0x0F, 0x80, 0xFF, 0xF8,
    0x03, 0xFF, 0x80, 0x07, 0xE0, 0x00, 0x00, 0x01, 0x00, 0x00, 0x38, 0x00, 0x07, 0x80, 0x00, 0xF0,
    0x00, 0x0E, 0x00, 0x00, 0xC0, 0x00, 0x00, 0x00, 0x00, 0x00, 0x00, 0x1F, 0xE0, 0x1F, 0xFE, 0x03,
    0xFF, 0x00, 0x23, 0x80, 0x00, 0x38, 0x00, 0x03, 0x80, 0x00, 0x70, 0x00, 0x07, 0x00, 0x00, 0x70,
    0x00, 0x0E, 0x00, 0x00, 0xE0, 0x00, 0x0E, 0x00, 0x00, 0xE0, 0x00, 0x1C, 0x00, 0x01, 0xC0, 0x00,
    0x1C, 0x00, 0x03, 0x80, 0x00, 0x38, 0x00, 0x03, 0x80, 0x00, 0x78, 0x00, 0x07, 0xF8, 0x07, 0xFF,
    0xC0, 0x7F, 0xF0, 0x00, 0x00, 0x00, 0x00, 0x00, 0x00, 0x00, 0x70, 0x00, 0x0F, 0x80, 0x01, 0xFC,
    0x00, 0x38, 0xC0, 0x01, 0x04, 0x00, 0x00, 0x00, 0x00, 0x00, 0x00, 0x1F, 0xE0, 0x1F, 0xFE, 0x03,
    0xFF, 0x00, 0x23, 0x80, 0x00, 0x38, 0x00, 0x03, 0x80, 0x00, 0x70, 0x00, 0x07, 0x00, 0x00, 0x70,
    0x00, 0x0E, 0x00, 0x00, 0xE0, 0x00, 0x0E, 0x00, 0x01, 0xC0, 0x00, 0x1C, 0x00, 0x01, 0xC0, 0x00,
    0x1C, 0x00, 0x03, 0x80, 0x00, 0x38, 0x00, 0x03, 0x80, 0x00, 0x78, 0x00, 0x07, 0xF8, 0x07, 0xFF,
    0xC0, 0x7F, 0xF0, 0x00, 0x40, 0x00, 0x00, 0x00, 0x00, 0x01, 0x80, 0x00, 0xE0, 0x00, 0x1C, 0x00,
    0x07, 0x00, 0x00, 0xC0, 0x00, 0x30, 0x00, 0x00, 0x00, 0x10, 0x00, 0x1F, 0x80, 0x0F, 0xF0, 0x07,
    0x9C, 0x03, 0x83, 0x81, 0xE0, 0xE0, 0xF0, 0x38, 0x38, 0x0E, 0x1C, 0x03, 0x87, 0x00, 0xE3, 0x80,
    0x38, 0xE0, 0x1E, 0x38, 0x07, 0x9C, 0x01, 0xC7, 0x00, 0xF1, 0xC0, 0x38, 0x60, 0x1E, 0x18, 0x07,
    0x0E, 0x03, 0xC3, 0x81, 0xE0, 0xE0, 0xF0, 0x3C, 0x78, 0x07, 0xFC, 0x00, 0xFE, 0x00, 0x1F, 0x00,
    0x00, 0x00, 0x00, 0x00, 0x00, 0xE0, 0x00, 0x38, 0x00, 0x1C, 0x00, 0x0E, 0x00, 0x03, 0x00, 0x00,
    0x00, 0x00, 0x40, 0x00, 0x7E, 0x00, 0x3F, 0xC0, 0x1E, 0x70, 0x0E, 0x0E, 0x07, 0x83, 0x83, 0xC0,
    0xE0, 0xE0, 0x38, 0x70, 0x0E, 0x1C, 0x03, 0x8E, 0x00, 0xE3, 0x80, 0x78, 0xE0, 0x1E, 0x70, 0x07,
    0x1C, 0x03, 0xC7, 0x00, 0xE1, 0x80, 0x78, 0x60, 0x1C, 0x38, 0x0F, 0x0E, 0x07, 0x83, 0x83, 0xC0,
    0xF1, 0xE0, 0x1F, 0xF0, 0x03, 0xF8, 0x00, 0x7C, 0x00, 0x00, 0x00, 0x00, 0x03, 0x88, 0x00, 0x73,
    0x80, 0x0E, 0xF0, 0x01, 0x8C, 0x00, 0x00, 0x00, 0x00, 0x00, 0x00, 0x80, 0x00, 0x7E, 0x00, 0x1F,
    0xE0, 0x07, 0x9C, 0x01, 0xC1, 0xC0, 0x78, 0x38, 0x1E, 0x07, 0x03, 0x80, 0xE0, 0xE0, 0x1C, 0x1C,
    0x03, 0x87, 0x00, 0x70, 0xE0, 0x1E, 0x1C, 0x03, 0xC7, 0x00, 0x70, 0xE0, 0x1E, 0x1C, 0x03, 0x83,
    0x00, 0xF0, 0x60, 0x1C, 0x1C, 0x07, 0x83, 0x81, 0xE0, 0x70, 0x78, 0x0F, 0x1E, 0x00, 0xFF, 0x80,
    0x0F, 0xE0, 0x00, 0xF8, 0x00, 0x00, 0x00, 0x20, 0x00, 0x87, 0x00, 0x3F, 0xF0, 0x07, 0xFE, 0x00,
    0xF3, 0xC0, 0x1C, 0x3C, 0x03, 0xC7, 0xC0, 0x78, 0xFC, 0x07, 0x1F, 0xC0, 0xE1, 0xDC, 0x0E, 0x39,
    0xC1, 0xC7, 0x1C, 0x1C, 0x73, 0xC1, 0xCE, 0x3C, 0x39, 0xC3, 0x83, 0x9C, 0x78, 0x3B, 0x87, 0x03,
    0x70, 0xF0, 0x37, 0x0E, 0x07, 0xE1, 0xE0, 0x7C, 0x3C, 0x07, 0xC7, 0x80, 0x78, 0xF0, 0x03, 0xFE,
    0x00, 0x7F, 0xC0, 0x06, 0xF8, 0x00, 0x60, 0x00, 0x00, 0x00, 0x00, 0x00, 0x00, 0x00, 0x03, 0x00,
    0x00, 0x70, 0x00, 0x0E, 0x00, 0x00, 0xE0, 0x00, 0x1C, 0x00, 0x01, 0x00, 0x00, 0x00, 0x03, 0x00,
    0x80, 0xF0, 0x18, 0x3C, 0x07, 0x07, 0x00, 0xE1, 0xE0, 0x1C, 0x38, 0x03, 0x87, 0x00, 0xE1, 0xC0,
    0x1C, 0x38, 0x03, 0x87, 0x00, 0xE1, 0xE0, 0x1C, 0x38, 0x03, 0x87, 0x00, 0xE0, 0xE0, 0x1C, 0x38,
    0x07, 0x07, 0x00, 0xE0, 0xE0, 0x38, 0x1C, 0x0F, 0x03, 0x81, 0xC0, 0x70, 0x70, 0x0E, 0x1E, 0x01,
    0xC7, 0x80, 0x3F, 0xE0, 0x03, 0xF8, 0x00, 0x3C, 0x00, 0x00, 0x00, 0x00, 0x00, 0x02, 0x00, 0x00,
    0xE0, 0x00, 0x3C, 0x00, 0x0F, 0x00, 0x01, 0xC0, 0x00, 0x30, 0x00, 0x00, 0x00, 0x18, 0x04, 0x07,
    0x80, 0xC1, 0xE0, 0x38, 0x38, 0x07, 0x0F, 0x00, 0xE1, 0xC0, 0x1C, 0x38, 0x07, 0x0E, 0x00, 0xE1,
    0xC0, 0x1C, 0x38, 0x07, 0x0F, 0x00, 0xE1, 0xC0, 0x1C, 0x38, 0x07, 0x07, 0x00, 0xE1, 0xC0, 0x38,
    0x38, 0x07, 0x07, 0x01, 0xC0, 0xE0, 0x78, 0x1C, 0x0E, 0x03, 0x83, 0x80, 0x70, 0xF0, 0x0E, 0x3C,
    0x01, 0xFF, 0x00, 0x1F, 0xC0, 0x01, 0xE0, 0x00, 0x00, 0x00, 0x00, 0x00, 0x00, 0x00, 0x06, 0x30,
    0x01, 0xEE, 0x00, 0x39, 0xC0, 0x02, 0x30, 0x00, 0x00, 0x00, 0x00, 0x00, 0x18, 0x04, 0x07, 0x80,
    0xC1, 0xE0, 0x38, 0x38, 0x07, 0x0F, 0x00, 0xE1, 0xC0, 0x1C, 0x38, 0x07, 0x0E, 0x00, 0xE1, 0xC0,
    0x1C, 0x38, 0x07, 0x0F, 0x00, 0xE1, 0xC0, 0x1C, 0x38, 0x07, 0x07, 0x00, 0xE1, 0xC0, 0x38, 0x38,
    0x07, 0x07, 0x01, 0xC0, 0xE0, 0x78, 0x1C, 0x0E, 0x03, 0x83, 0x80, 0x70, 0xF0, 0x0E, 0x3C, 0x01,
    0xFF, 0x00, 0x1F, 0xC0, 0x01, 0xE0, 0x00, 0x00, 0x00, 0x00, 0x00, 0x08, 0x00, 0x1C, 0x00, 0x0E,
    0x00, 0x0E, 0x00, 0x0E, 0x00, 0x02, 0x00, 0x00, 0x00, 0xC0, 0x00, 0x70, 0x03, 0x38, 0x03, 0x9C,
    0x03, 0xCE, 0x03, 0xC7, 0x03, 0xC3, 0x83, 0xC1, 0xC1, 0xC0, 0xE1, 0xC0, 0x71, 0xC0, 0x1D, 0xC0,
    0x0F, 0xC0, 0x03, 0xE0, 0x01, 0xE0, 0x00, 0xE0, 0x00, 0x70, 0x00, 0x78, 0x00, 0x38, 0x00, 0x1C,
    0x00, 0x1E, 0x00, 0x0E, 0x00, 0x07, 0x00, 0x03, 0x80, 0x01, 0xC0, 0x00, 0xC0, 0x00, 0x00, 0x00,
    0x00, 0x00, 0x00, 0x00, 0x0F, 0x00, 0x1F, 0xC0, 0x1F, 0xE0, 0x1E, 0x30, 0x0E, 0x38, 0x0E, 0x1C,
    0x0F, 0x1C, 0x07, 0x1E, 0x03, 0x9E, 0x03, 0x9E, 0x01, 0xCE, 0x00, 0xCE, 0x00, 0xE7, 0x00, 0x73,
    0x80, 0x38, 0xE0, 0x38, 0x78, 0x1C, 0x1C, 0x0E, 0x0E, 0x0E, 0x07, 0x07, 0x7F, 0x83, 0x9F, 0x81,
    0xC7, 0x81, 0xC0, 0x00, 0xE0, 0x00, 0x70, 0x00, 0x38, 0x00, 0x1C, 0x00, 0x0E, 0x00, 0x07, 0x00,
    0x01, 0x00, 0x00, 0x00, 0x00, 0x01, 0x80, 0x03, 0x80, 0x03, 0x00, 0x07, 0x00, 0x06, 0x00, 0x08,
    0x00, 0x00, 0x01, 0xC0, 0x07, 0xC0, 0x1F, 0xC0, 0x79, 0xC1, 0xE3, 0x83, 0x8E, 0x0E, 0x3C, 0x1C,
    0xF8, 0x73, 0xF8, 0xEF, 0x71, 0xFC, 0x7B, 0xF0, 0x73, 0x80, 0x00, 0x00, 0x00, 0x00, 0x00, 0x00,
    0x06, 0x00, 0x0E, 0x00, 0x1E, 0x00, 0x38, 0x00, 0x30, 0x00, 0x00, 0x00, 0x00, 0x01, 0xC0, 0x03,
    0xE0, 0x07, 0xF0, 0x0F, 0x38, 0x1E, 0x38, 0x1C, 0x70, 0x38, 0xF0, 0x39, 0xF0, 0x73, 0xF8, 0x77,
    0xB8, 0x7F, 0x1E, 0x7E, 0x0E, 0x38, 0x00, 0x00, 0x00, 0x00, 0x00, 0x00, 0xE0, 0x03, 0xE0, 0x0F,
    0xE0, 0x18, 0xE0, 0x20, 0x80, 0x00, 0x00, 0xE0, 0x03, 0xE0, 0x0F, 0xE0, 0x3C, 0xE0, 0xF1, 0xC1,
    0xC7, 0x07, 0x1E, 0x0E, 0x7C, 0x39, 0xFC, 0x77, 0xB8, 0xFE, 0x3D, 0xF8, 0x39, 0xC0, 0x00, 0x00,
    0x00, 0x00, 0x00, 0x00, 0xE0, 0x00, 0xFD, 0xC0, 0x6F, 0xE0, 0x21, 0xC0, 0x00, 0x00, 0x07, 0x00,
    0x07, 0xC0, 0x07, 0xF0, 0x07, 0x9C, 0x07, 0x8E, 0x03, 0x8E, 0x03, 0x8F, 0x01, 0xCF, 0x81, 0xCF,
    0xE0, 0xEF, 0x70, 0x7F, 0x1E, 0x3F, 0x07, 0x0E, 0x00, 0x00, 0x00, 0x00, 0x00, 0xC6, 0x01, 0xCE,
    0x01, 0xCE, 0x01, 0xCE, 0x00, 0x84, 0x00, 0x00, 0x01, 0xC0, 0x03, 0xE0, 0x07, 0xF0, 0x0F, 0x38,
    0x1E, 0x38, 0x1C, 0x70, 0x38, 0xF0, 0x39, 0xF0, 0x73, 0xF8, 0x77, 0xB8, 0x7F, 0x1E, 0x7E, 0x0E,
    0x38, 0x00, 0x00, 0x00, 0x00, 0x38, 0x00, 0x78, 0x01, 0xB8, 0x03, 0x70, 0x06, 0xC0, 0x0F, 0x80,
    0x0E, 0x00, 0xE0, 0x03, 0xE0, 0x0F, 0xE0, 0x39, 0xE0, 0xF3, 0xC3, 0xC7, 0x07, 0x1E, 0x1E, 0x7C,
    0x39, 0xFC, 0x7F, 0xB9, 0xFC, 0x7D, 0xF0, 0x79, 0xC0, 0x00, 0x00, 0x00, 0x00, 0x00, 0x00, 0x1E,
    0x3E, 0x03, 0xF7, 0xF0, 0x7F, 0xF7, 0x0F, 0x3C, 0x70, 0xE3, 0xCF, 0x1C, 0x7F, 0xE3, 0xCF, 0xFC,
    0x39, 0xF8, 0x07, 0x3F, 0x80, 0x77, 0xB8, 0xC7, 0xF3, 0xFC, 0x7C, 0x1F, 0x83, 0x80, 0xF0, 0x00,
    0x00, 0x1E, 0x01, 0xF8, 0x1F, 0xE0, 0xE7, 0x0E, 0x30, 0x71, 0x07, 0x00, 0x38, 0x01, 0xC3, 0x8E,
    0x3C, 0x73, 0xC3, 0xFC, 0x0F, 0x80, 0x70, 0x03, 0x80, 0x0E, 0x00, 0x30, 0x19, 0x80, 0xFC, 0x03,
    0xC0, 0x00, 0x00, 0x00, 0x38, 0x03, 0x80, 0x1C, 0x01, 0xC0, 0x0C, 0x00, 0x80, 0x00, 0x07, 0xC0,
    0xFE, 0x1E, 0x63, 0xC6, 0x39, 0xE7, 0xFC, 0x7F, 0x87, 0x00, 0x70, 0x07, 0x1C, 0x7F, 0x83, 0xF0,
    0x1E, 0x00, 0x00, 0x00, 0x00, 0x60, 0x03, 0x80, 0x1E, 0x00, 0xF0, 0x01, 0x80, 0x00, 0x00, 0x00,
    0x07, 0xC0, 0x3F, 0x81, 0xE6, 0x0F, 0x18, 0x39, 0xE1, 0xFF, 0x07, 0xF8, 0x1C, 0x00, 0x70, 0x01,
    0xC7, 0x07, 0xF8, 0x0F, 0xC0, 0x1E, 0x00, 0x00, 0x80, 0x0E, 0x00, 0xF8, 0x0E, 0xE0, 0xE3, 0x80,
    0x00, 0x00, 0x00, 0xF8, 0x0F, 0xE0, 0xF3, 0x0F, 0x18, 0x73, 0xC7, 0xFC, 0x3F, 0xC1, 0xC0, 0x0E,
    0x00, 0x71, 0xC3, 0xFC, 0x0F, 0xC0, 0x3C, 0x00, 0x03, 0x18, 0x1C, 0xE0, 0x73, 0x81, 0xCE, 0x02,
    0x10, 0x00, 0x00, 0x7C, 0x03, 0xF8, 0x1E, 0x60, 0xF1, 0x83, 0x9E, 0x1F, 0xF0, 0x7F, 0x81, 0xC0,
    0x07, 0x00, 0x1C, 0x70, 0x7F, 0x80, 0xFC, 0x01, 0xE0, 0x00, 0x10, 0x70, 0x70, 0xE0, 0xC1, 0x80,
    0x00, 0x00, 0x00, 0xC1, 0xC3, 0x8E, 0x1C, 0x38, 0xE1, 0xC3, 0x87, 0x04, 0x00, 0x00, 0x00, 0x60,
    0x38, 0x1E, 0x0F, 0x03, 0x00, 0x00, 0x00, 0x00, 0x00, 0x03, 0x00, 0xE0, 0x38, 0x1C, 0x07, 0x01,
    0xC0, 0xE0, 0x38, 0x0E, 0x03, 0x80, 0x40, 0x00, 0x04, 0x07, 0x83, 0xF1, 0xCE, 0x61, 0x80, 0x00,
    0x00, 0x00, 0x00, 0x0C, 0x03, 0x80, 0xE0, 0x70, 0x1C, 0x07, 0x03, 0x80, 0xE0, 0x38, 0x0E, 0x01,
    0x00, 0x11, 0x8E, 0x67, 0xBD, 0xCE, 0x21, 0x00, 0x00, 0x00, 0x00, 0x30, 0x0E, 0x03, 0x81, 0xC0,
    0x70, 0x1C, 0x0E, 0x03, 0x80, 0xE0, 0x38, 0x04, 0x00, 0x00, 0x00, 0x03, 0xC2, 0x03, 0xEF, 0x06,
    0x7E, 0x00, 0x38, 0x00, 0x00, 0x00, 0x00, 0x18, 0x00, 0x1C, 0x00, 0x1C, 0x70, 0x3C, 0xF8, 0x3B,
    0xF8, 0x3F, 0xF8, 0x7F, 0x38, 0x7C, 0x38, 0xF8, 0x38, 0xF0, 0x38, 0x60, 0x38, 0x00, 0x00, 0x00,
    0x00, 0x18, 0x01, 0xC0, 0x1C, 0x00, 0xC0, 0x0C, 0x00, 0x00, 0x00, 0x03, 0xC0, 0x7E, 0x0F, 0xF1,
    0xE7, 0x3C, 0x73, 0x87, 0x78, 0xE7, 0x0E, 0x71, 0xC7, 0x3C, 0x7F, 0x87, 0xF0, 0x3C, 0x00, 0x00,
    0x00, 0x00, 0x70, 0x03, 0xC0, 0x0E, 0x00, 0x70, 0x01, 0x80, 0x00, 0x00, 0x00, 0x03, 0xC0, 0x1F,
    0x80, 0xFF, 0x07, 0x9C, 0x3C, 0x70, 0xE1, 0xC7, 0x8E, 0x1C, 0x38, 0x71, 0xC1, 0xCF, 0x07, 0xF8,
    0x1F, 0xC0, 0x3C, 0x00, 0x00, 0x40, 0x07, 0x80, 0x3F, 0x01, 0xEE, 0x06, 0x18, 0x00, 0x00, 0x00,
    0x00, 0xF0, 0x07, 0xE0, 0x3F, 0xC1, 0xE7, 0x0F, 0x1C, 0x38, 0x71, 0xE3, 0x87, 0x0E, 0x1C, 0x70,
    0x73, 0xC1, 0xFE, 0x07, 0xF0, 0x0F, 0x00, 0x00, 0x00, 0x0F, 0x08, 0x1F, 0x78, 0x77, 0xE0, 0x07,
    0x00, 0x00, 0x00, 0xF0, 0x03, 0xF0, 0x0F, 0xF0, 0x3C, 0xE0, 0xF1, 0xC1, 0xC3, 0x87, 0x8E, 0x0E,
    0x1C, 0x1C, 0x70, 0x39, 0xE0, 0x7F, 0x80, 0xFE, 0x00, 0xF0, 0x00, 0x01, 0x08, 0x0E, 0x70, 0x3B,
    0xC0, 0xC6, 0x00, 0x10, 0x00, 0x00, 0x3C, 0x01, 0xF8, 0x0F, 0xF0, 0x79, 0xC3, 0xC7, 0x0E, 0x1C,
    0x78, 0xE1, 0xC3, 0x87, 0x1C, 0x1C, 0xF0, 0x7F, 0x81, 0xFC, 0x03, 0xC0, 0x00, 0x00, 0x00, 0x03,
    0x8C, 0x0F, 0xF0, 0x3F, 0xC0, 0xE3, 0x03, 0xDE, 0x07, 0x7C, 0x1D, 0xB8, 0x3E, 0x70, 0x79, 0xC0,
    0xE7, 0x01, 0xFE, 0x07, 0xF8, 0x0B, 0xC0, 0x00, 0x00, 0x00, 0x00, 0x00, 0x30, 0x07, 0x00, 0x38,
    0x03, 0x80, 0x18, 0x01, 0x80, 0x00, 0x00, 0x00, 0xC2, 0x1C, 0x71, 0xCF, 0x38, 0xE3, 0x8E, 0x70,
    0xE7, 0x1C, 0x73, 0xC7, 0x3C, 0x7F, 0xC7, 0xEC, 0x38, 0xE0, 0x0E, 0x00, 0x00, 0x07, 0x00, 0xF0,
    0x1E, 0x01, 0xC0, 0x18, 0x00, 0x00, 0x00, 0x00, 0x00, 0xC2, 0x1C, 0x71, 0xCF, 0x38, 0xE3, 0x8E,
    0x70, 0xE7, 0x1C, 0x73, 0xC7, 0x3C, 0x7F, 0xC7, 0xEC, 0x38, 0xE0, 0x0E, 0x00, 0xC0, 0x0F, 0x00,
    0xFC, 0x0E, 0x70, 0x61, 0x80, 0x00, 0x00, 0x01, 0x84, 0x1C, 0x70, 0xE7, 0x8E, 0x38, 0x71, 0xC7,
    0x0E, 0x38, 0xE1, 0xCF, 0x0E, 0x78, 0x7F, 0xC3, 0xF6, 0x0E, 0x38, 0x01, 0xC0, 0x03, 0x10, 0x1C,
    0xE0, 0x73, 0x81, 0xCE, 0x02, 0x00, 0x00, 0x00, 0x00, 0x03, 0x08, 0x1C, 0x70, 0x73, 0xC3, 0x8E,
    0x0E, 0x38, 0x70, 0xE1, 0xC7, 0x07, 0x3C, 0x1C, 0xF0, 0x7F, 0xC1, 0xFB, 0x03, 0x8E, 0x00, 0x38,
    0x00, 0x00, 0x00, 0x00, 0x60, 0x00, 0x3C, 0x00, 0x1E, 0x00, 0x07, 0x00, 0x01, 0x80, 0x00, 0x00,
    0x02, 0x00, 0x01, 0xC1, 0x80, 0x70, 0xE0, 0x1C, 0x38, 0x07, 0x1C, 0x01, 0xC7, 0x00, 0x73, 0xC0,
    0x1C, 0xE0, 0x07, 0x38, 0x01, 0xDC, 0x00, 0x3F, 0x00, 0x0F, 0x80, 0x01, 0xE0, 0x00, 0x70, 0x00,
    0x1C, 0x00, 0x0E, 0x00, 0x07, 0x80, 0x01, 0xC0, 0x1D, 0xE0, 0x07, 0xF0, 0x00, 0xF8, 0x00, 0x00,
    0x00, 0x00, 0x00, 0x80, 0x03, 0x0C, 0x06, 0x38, 0x0F, 0xE0, 0x0F, 0x80, 0x0E, 0x00, 0x00, 0x00,
    0xE0, 0x07, 0xE0, 0x1F, 0xE0, 0x39, 0xE0, 0xE3, 0x83, 0xCF, 0x07, 0x1E, 0x1C, 0x7C, 0x39, 0xF8,
    0xFF, 0x39, 0xFC, 0x79, 0xF0, 0x73, 0x80, 0x00, 0x00, 0x00, 0x01, 0xC0, 0x03, 0xE0, 0x07, 0xF0,
    0x0F, 0x38, 0x1E, 0x38, 0x1C, 0x70, 0x38, 0xF0, 0x39, 0xF0, 0x73, 0xF8, 0x77, 0xB8, 0x7F, 0x1E,
    0x7E, 0x1E, 0x38, 0x38, 0x00, 0x70, 0x00, 0x60, 0x00, 0xE6, 0x00, 0x7E, 0x00, 0x78, 0x00, 0x00,
    0x00, 0x00, 0x00, 0x70, 0x03, 0xC0, 0x1E, 0x00, 0x70, 0x01, 0x80, 0x00, 0x01, 0xF0, 0x0F, 0xC0,
    0x7F, 0x81, 0xCE, 0x0E, 0x30, 0x38, 0xC1, 0xE0, 0x07, 0x00, 0x1C, 0x18, 0x71, 0xE1, 0xCF, 0x07,
    0xF8, 0x0F, 0x80, 0x18, 0x00, 0x00, 0x00, 0x00, 0x0C, 0x30, 0x03, 0xBC, 0x00, 0x7E, 0x00, 0x0E,
    0x00, 0x01, 0x00, 0x01, 0xC0, 0x01, 0xF8, 0x00, 0xFF, 0x00, 0x7D, 0xC0, 0x3C, 0x70, 0x1E, 0x1C,
    0x07, 0x0F, 0x03, 0xC3, 0x81, 0xE1, 0xE0, 0x70, 0x70, 0x38, 0x08, 0x0E, 0x00, 0x07, 0x00, 0x01,
    0xC0, 0x00, 0x70, 0x00, 0x38, 0x00, 0x0E, 0x00, 0x03, 0x80, 0x00, 0xE0, 0x00, 0x38, 0x00, 0x0E,
    0x01, 0x83, 0x81, 0xE0, 0xF1, 0xF0, 0x1F, 0xF8, 0x07, 0xF8, 0x00, 0xF8, 0x00, 0x00, 0x00, 0x00,
    0x00, 0x00, 0x0C, 0x30, 0x3B, 0xC0, 0x7E, 0x00, 0xF0, 0x01, 0x00, 0x00, 0x00, 0xE0, 0x0F, 0xC0,
    0x3F, 0x81, 0xCE, 0x0E, 0x30, 0x38, 0xC1, 0xE0, 0x07, 0x00, 0x1C, 0x18, 0x71, 0xE1, 0xCF, 0x07,
    0xF8, 0x0F, 0x80, 0x18, 0x00, 0x00, 0x00, 0x00, 0x00, 0x1C, 0x60, 0x00, 0x7F, 0x80, 0x00, 0xFC,
    0x00, 0x01, 0xE0, 0x03, 0x80, 0x00, 0x7F, 0xC0, 0x01, 0xFF, 0xC0, 0x01, 0xEF, 0x80, 0x03, 0x8F,
    0x00, 0x1C, 0x0E, 0x00, 0x70, 0x3C, 0x01, 0xC0, 0x70, 0x0E, 0x01, 0xC0, 0x38, 0x03, 0x80, 0xE0,
    0x0E, 0x07, 0x00, 0x38, 0x1C, 0x00, 0xC0, 0x70, 0x07, 0x03, 0x80, 0x1C, 0x0E, 0x00, 0x70, 0x38,
    0x03, 0x81, 0xC0, 0x0E, 0x07, 0x00, 0x78, 0x1C, 0x01, 0xC0, 0x60, 0x0E, 0x03, 0x80, 0x78, 0x0E,
    0x03, 0xC0, 0x38, 0x3E, 0x03, 0xC1, 0xF0, 0x0F, 0xFF, 0x80, 0x1F, 0xF8, 0x00, 0x3F, 0x80, 0x00,
    0x00, 0x00, 0x00, 0x00, 0x00, 0x00, 0x00, 0x60, 0x00, 0x0F, 0x60, 0x00, 0xE6, 0x00, 0x0E, 0x60,
    0x01, 0xCE, 0x00, 0x1D, 0xC0, 0x01, 0xD8, 0x00, 0x38, 0x00, 0x03, 0x80, 0x00, 0x38, 0x00, 0x27,
    0x00, 0x0F, 0xF0, 0x01, 0xFF, 0x00, 0x38, 0xE0, 0x03, 0x0E, 0x00, 0x61, 0xE0, 0x06, 0x1E, 0x00,
    0xE7, 0xE0, 0x0E, 0xFE, 0x00, 0xFE, 0xE0, 0x07, 0xCE, 0x00, 0x38, 0xE0, 0x00, 0x0E, 0x00, 0x00,
    0x00, 0x00, 0x00, 0x70, 0x00, 0x1F, 0xF0, 0x00, 0xFF, 0xE0, 0x01, 0xC7, 0x80, 0x0E, 0x1E, 0x00,
    0x60, 0x78, 0x07, 0x01, 0xC0, 0x38, 0x07, 0x01, 0x80, 0x38, 0x1C, 0x01, 0xC0, 0xE0, 0x0E, 0x0E,
    0x00, 0x71, 0xFC, 0x03, 0x9F, 0xF0, 0x1C, 0x38, 0x01, 0xC1, 0xC0, 0x0E, 0x0E, 0x00, 0x70, 0x60,
    0x07, 0x07, 0x00, 0x38, 0x38, 0x03, 0x81, 0xC0, 0x3C, 0x1C, 0x03, 0xC0, 0xE0, 0x3C, 0x07, 0x07,
    0xC0, 0x70, 0x7C, 0x03, 0xFF, 0xC0, 0x1F, 0xF8, 0x00, 0x7F, 0x00, 0x00, 0x00, 0x00, 0x00, 0x03,
    0x00, 0x03, 0xC0, 0x01, 0xC0, 0x00, 0xE0, 0x00, 0xF0, 0x07, 0xFC, 0x00, 0xF8, 0x00, 0x38, 0x00,
    0x1C, 0x00, 0x0E, 0x00, 0x4E, 0x00, 0xFF, 0x00, 0xFF, 0x80, 0xE3, 0x80, 0x61, 0xC0, 0x61, 0xE0,
    0x30, 0xF0, 0x39, 0xF8, 0x1D, 0xFC, 0x0F, 0xEE, 0x03, 0xE7, 0x00, 0xE3, 0x80, 0x01, 0xC0, 0x00,
    0x00, 0x00, 0x00, 0x00, 0x00, 0x00, 0x0C, 0x00, 0x01, 0xC0, 0x00, 0x1C, 0x00, 0x01, 0x80, 0x00,
    0x00, 0x00, 0x00, 0x00, 0x00, 0x00, 0x00, 0x7F, 0xE0, 0x0F, 0xFE, 0x01, 0xFF, 0xC0, 0x3F, 0x00,
    0x03, 0xC0, 0x00, 0x78, 0x00, 0x07, 0x00, 0x00, 0xF0, 0x00, 0x0E, 0x00, 0x01, 0xC3, 0xF0, 0x3F,
    0xFF, 0x03, 0xFF, 0x80, 0x7F, 0x80, 0x07, 0x00, 0x00, 0x70, 0x00, 0x0E, 0x00, 0x00, 0xE0, 0x00,
    0x0E, 0x00, 0x30, 0xE0, 0x07, 0x07, 0x03, 0xE0, 0x7F, 0xFC, 0x03, 0xFF, 0x80, 0x0F, 0xC0, 0x00,
    0x00, 0x60, 0x0F, 0x00, 0xF0, 0x0E, 0x00, 0x40, 0x00, 0x07, 0xC0, 0xFE, 0x1E, 0x63, 0xC6, 0x39,
    0xE7, 0xFC, 0x7F, 0x87, 0x00, 0x70, 0x07, 0x1C, 0x7F, 0x83, 0xF0, 0x1E, 0x00, 0x00, 0x00, 0x00,
    0x07, 0xFE, 0x00, 0xFF, 0xE0, 0x1F, 0xFC, 0x03, 0xF0, 0x00, 0x3C, 0x00, 0x07, 0x80, 0x00, 0x70,
    0x00, 0x0F, 0x00, 0x00, 0xE0, 0x00, 0x1C, 0x3F, 0x03, 0xFF, 0xF0, 0x3F, 0xF8, 0x07, 0xF8, 0x00,
    0x70, 0x00, 0x07, 0x00, 0x00, 0xE0, 0x00, 0x0E, 0x00, 0x00, 0xE0, 0x03, 0x0E, 0x00, 0x70, 0x70,
    0x3E, 0x07, 0xFF, 0xC0, 0x3F, 0xF8, 0x00, 0xFF, 0x00, 0x00, 0x60, 0x00, 0x0E, 0x00, 0x00, 0xCE,
    0x00, 0x0F, 0xC0, 0x00, 0x70, 0x00, 0x00, 0x00, 0x00, 0x00, 0x7C, 0x0F, 0xE1, 0xE6, 0x3C, 0x63,
    0x9E, 0x7F, 0xC7, 0xF8, 0x70, 0x07, 0x00, 0x71, 0xC7, 0xF8, 0x3F, 0x01, 0xE0, 0x38, 0x03, 0x00,
    0x70, 0x06, 0x70, 0x7E, 0x03, 0x80, 0x00, 0x00, 0x00, 0x04, 0x10, 0x00, 0x71, 0x80, 0x01, 0xFC,
    0x00, 0x07, 0xC0, 0x00, 0x18, 0x00, 0x00, 0x00, 0x00, 0x00, 0x00, 0x0F, 0xFC, 0x00, 0xFF, 0xE0,
    0x0F, 0xFE, 0x00, 0xFC, 0x00, 0x07, 0x80, 0x00, 0x78, 0x00, 0x03, 0x80, 0x00, 0x3C, 0x00, 0x01,
    0xC0, 0x00, 0x1C, 0x3F, 0x01, 0xFF, 0xF8, 0x0F, 0xFE, 0x00, 0xFF, 0x00, 0x07, 0x00, 0x00, 0x38,
    0x00, 0x03, 0x80, 0x00, 0x1C, 0x00, 0x00, 0xE0, 0x03, 0x07, 0x00, 0x38, 0x1C, 0x0F, 0x80, 0xFF,
    0xF8, 0x03, 0xFF, 0x80, 0x07, 0xE0, 0x00, 0x02, 0x00, 0x1C, 0x70, 0x3F, 0x80, 0x7C, 0x00, 0xE0,
    0x00, 0x00, 0x00, 0x01, 0xF0, 0x0F, 0xE0, 0x79, 0x83, 0xC6, 0x0E, 0x78, 0x7F, 0xC1, 0xFE, 0x07,
    0x00, 0x1C, 0x00, 0x71, 0xC1, 0xFE, 0x03, 0xF0, 0x07, 0x80, 0x00, 0x00, 0x00, 0x03, 0x0C, 0x00,
    0x63, 0x80, 0x0C, 0xE0, 0x01, 0xF8, 0x00, 0x1E, 0x00, 0x00, 0x00, 0x03, 0xF0, 0x01, 0xFF, 0x00,
    0x7F, 0xF0, 0x0F, 0x0E, 0x03, 0xC0, 0x80, 0xF0, 0x00, 0x1C, 0x00, 0x07, 0x80, 0x00, 0xE0, 0x00,
    0x1C, 0x00, 0x07, 0x00, 0x00, 0xE3, 0xC0, 0x1C, 0x7E, 0x07, 0x0F, 0xE0, 0xE0, 0x1C, 0x1C, 0x03,
    0x83, 0x80, 0xE0, 0x60, 0x1C, 0x1C, 0x07, 0x83, 0x80, 0xE0, 0x70, 0x38, 0x06, 0x1F, 0x00, 0xFF,
    0x80, 0x1F, 0xE0, 0x01, 0xF0, 0x00, 0x00, 0x00, 0x00, 0x01, 0x04, 0x06, 0x18, 0x0C, 0x70, 0x1F,
    0xC0, 0x1F, 0x00, 0x1C, 0x00, 0x00, 0x01, 0xE0, 0x0F, 0xE0, 0x3F, 0xC0, 0x73, 0xC1, 0xC7, 0x83,
    0x8E, 0x0E, 0x3C, 0x1C, 0x70, 0x3F, 0xE0, 0x7F, 0xC0, 0x7B, 0x00, 0x06, 0x00, 0x1C, 0x00, 0x38,
    0x00, 0x60, 0x31, 0xC0, 0x73, 0x80, 0x7E, 0x00, 0xFC, 0x00, 0xF0, 0x00, 0x00, 0x00, 0x30, 0x0F,
    0x1B, 0xFF, 0x67, 0xC0, 0x20, 0x00, 0x00, 0x00, 0x00, 0x30, 0x07, 0x00, 0xE0, 0x38, 0x07, 0x00,
    0xE0, 0x38, 0x07, 0x00, 0xE0, 0x1C, 0x01, 0x00, 0x00, 0x00, 0x00, 0x00, 0x01, 0xFE, 0x01, 0xFF,
    0xE0, 0x3F, 0xF0, 0x02, 0x38, 0x00, 0x03, 0x80, 0x00, 0x38, 0x00, 0x07, 0x00, 0x00, 0x70, 0x00,
    0x07, 0x00, 0x00, 0xE0, 0x00, 0x0E, 0x00, 0x00, 0xE0, 0x00, 0x1C, 0x00, 0x01, 0xC0, 0x00, 0x1C,
    0x00, 0x01, 0xC0, 0x00, 0x38, 0x00, 0x03, 0x80, 0x00, 0x38, 0x00, 0x07, 0x80, 0x00, 0x7F, 0x80,
    0x7F, 0xFC, 0x07, 0xFF, 0x00, 0x1C, 0x00, 0x03, 0x80, 0x00, 0x30, 0x00, 0x07, 0x70, 0x00, 0x3F,
    0x00, 0x03, 0xC0, 0x00, 0x00, 0x00, 0x00, 0x00, 0x20, 0x07, 0x00, 0xF0, 0x0F, 0x00, 0x60, 0x00,
    0x00, 0x00, 0x00, 0x00, 0x80, 0x1C, 0x01, 0xC0, 0x1C, 0x03, 0x80, 0x38, 0x07, 0x80, 0x70, 0x07,
    0x00, 0x70, 0x0E, 0x03, 0xC0, 0x30, 0x07, 0x00, 0x66, 0x07, 0xE0, 0x38, 0x00, 0x00, 0x00, 0x00,
    0x00, 0x00, 0x70, 0x00, 0x07, 0x00, 0x00, 0xF0, 0x00, 0x06, 0x00, 0x00, 0x00, 0x00, 0x00, 0x00,
    0x00, 0x00, 0x00, 0x1F, 0xE0, 0x1F, 0xFE, 0x03, 0xFF, 0x00, 0x23, 0x80, 0x00, 0x38, 0x00, 0x03,
    0x80, 0x00, 0x70, 0x00, 0x07, 0x00, 0x00, 0x70, 0x00, 0x0E, 0x00, 0x00, 0xE0, 0x00, 0x0E, 0x00,
    0x01, 0xC0, 0x00, 0x1C, 0x00, 0x01, 0xC0, 0x00, 0x1C, 0x00, 0x03, 0x80, 0x00, 0x38, 0x00, 0x03,
    0x80, 0x00, 0x78, 0x00, 0x07, 0xF8, 0x07, 0xFF, 0xC0, 0x7F, 0xF0, 0x00, 0x40, 0x00, 0x01, 0x8E,
    0x77, 0x39, 0xDC, 0xE7, 0x38, 0x80, 0x00, 0x10, 0x01, 0xC0, 0x1E, 0x01, 0xE0, 0x0C, 0x00, 0x60,
    0x00, 0x00, 0x30, 0x01, 0xC0, 0x1C, 0x00, 0xE0, 0x07, 0x00, 0x70, 0x03, 0x80, 0x38, 0x01, 0xC0,
    0x0C, 0x00, 0xE0, 0x07, 0x00, 0x30, 0x03, 0x80, 0x1C, 0x01, 0xC0, 0x0E, 0x00, 0x70, 0x03, 0x00,
    0x18, 0x00, 0xC0, 0x06, 0x00, 0x00, 0x00, 0x00, 0x41, 0x00, 0x61, 0x80, 0x70, 0xC0, 0x78, 0xE0,
    0x38, 0x70, 0x38, 0x70, 0x3C, 0x20, 0x1C, 0x00, 0x1E, 0x00, 0x0E, 0x00, 0x07, 0x00, 0x07, 0x00,
    0x03, 0x80, 0x01, 0xC0, 0x01, 0xC0, 0x00, 0xE0, 0x00, 0xE0, 0x00, 0x70, 0x00, 0x38, 0x00, 0x1C,
    0x00, 0x0E, 0x00, 0x07, 0x00, 0x03, 0x81, 0xC0, 0xFF, 0xE0, 0x7F, 0xE0, 0x0F, 0xC0, 0x00, 0x00,
    0x00, 0x03, 0x18, 0x07, 0x30, 0x1E, 0x60, 0x39, 0xC0, 0xF7, 0x01, 0xCC, 0x03, 0x80, 0x0E, 0x00,
    0x1C, 0x00, 0x38, 0x00, 0xE0, 0x01, 0xC0, 0x03, 0x00, 0x0E, 0x00, 0x1C, 0x00, 0x70, 0x00, 0xE0,
    0x01, 0xC0, 0x03, 0x80, 0x06, 0x00, 0x0C, 0x00, 0x18, 0x00, 0x00, 0x00, 0x00, 0x10, 0x00, 0x70,
    0x01, 0xC0, 0x07, 0x80, 0x0E, 0x00, 0x38, 0x00, 0xF0, 0x01, 0xC0, 0x07, 0x80, 0x0E, 0x00, 0x1C,
    0xE0, 0x7F, 0xC0, 0xFE, 0x03, 0xF0, 0x0F, 0x80, 0x3E, 0x00, 0x78, 0x00, 0x70, 0x00, 0xE0, 0x01,
    0xC0, 0x03, 0x80, 0x07, 0x00, 0x0E, 0x07, 0x0F, 0xFE, 0x1F, 0xF8, 0x0F, 0xC0, 0x00, 0x00, 0x18,
    0x03, 0x80, 0xE0, 0x1C, 0x03, 0x80, 0xE0, 0x1C, 0x07, 0xE0, 0xF8, 0x1E, 0x07, 0x03, 0xE0, 0xF8,
    0x3F, 0x00, 0xE0, 0x38, 0x07, 0x00, 0xE0, 0x18, 0x03, 0x00, 0x60, 0x0C, 0x00, 0x00, 0x00, 0x00,
    0x00, 0x18, 0x00, 0x78, 0x01, 0xE0, 0x03, 0x80, 0x06, 0x00, 0x00, 0x00, 0x00, 0x00, 0x00, 0x30,
    0x00, 0x70, 0x00, 0xE3, 0x83, 0xCF, 0x87, 0x7F, 0x0F, 0xFE, 0x3F, 0x9C, 0x7C, 0x39, 0xF0, 0x73,
    0xC0, 0xE3, 0x01, 0xC0, 0x00, 0x00, 0x00, 0x00, 0x01, 0x86, 0x01, 0xFE, 0x00, 0xFC, 0x00, 0x70,
    0x00, 0x00, 0x00, 0x00, 0x00, 0x00, 0x18, 0x00, 0x1C, 0x00, 0x1C, 0x70, 0x3C, 0xF8, 0x3B, 0xF8,
    0x3F, 0xF8, 0x7F, 0x38, 0x7C, 0x38, 0xF8, 0x38, 0xF0, 0x38, 0x60, 0x38, 0x00, 0x00, 0x00, 0x00,
    0x03, 0x18, 0x0F, 0x78, 0x1C, 0xE0, 0x73, 0x80, 0xC6, 0x00, 0x00, 0x00, 0x00, 0x03, 0xC0, 0x0F,
    0xC0, 0x3F, 0x80, 0xF3, 0x03, 0xC6, 0x0F, 0x0C, 0x1E, 0x38, 0x38, 0x60, 0x71, 0xC1, 0xE7, 0x01,
    0xFC, 0x03, 0xF0, 0x03, 0xC0, 0x00, 0x00, 0x00, 0x00, 0x60, 0x03, 0x80, 0x1C, 0x00, 0xE0, 0x03,
    0x00, 0x00, 0x07, 0x00, 0x1C, 0x00, 0xE3, 0xC3, 0xBF, 0x0F, 0xF0, 0x7F, 0x01, 0xF0, 0x07, 0x80,
    0x1C, 0x00, 0xF0, 0x03, 0x80, 0x0E, 0x00, 0x18, 0x00, 0x00, 0x00, 0x00, 0x00, 0x00, 0x01, 0x8E,
    0x00, 0x1D, 0xC0, 0x00, 0xF8, 0x00, 0x07, 0x00, 0x00, 0x20, 0x00, 0x00, 0x00, 0x07, 0xF0, 0x01,
    0xFF, 0xC0, 0x0F, 0xFE, 0x00, 0xF0, 0xE0, 0x0E, 0x07, 0x00, 0xE0, 0x70, 0x1C, 0x07, 0x01, 0xC0,
    0xE0, 0x38, 0x1E, 0x03, 0x83, 0xC0, 0x70, 0xF8, 0x07, 0x3E, 0x00, 0x7F, 0xC0, 0x0F, 0xF0, 0x00,
    0xF8, 0x00, 0x1F, 0x80, 0x01, 0xFC, 0x00, 0x1D, 0xC0, 0x03, 0x9E, 0x00, 0x38, 0xF0, 0x03, 0x87,
    0x80, 0x70, 0x3C, 0x07, 0x01, 0xF0, 0xF0, 0x0F, 0x86, 0x00, 0x38, 0x00, 0x00, 0x18, 0x60, 0x73,
    0x80, 0xFC, 0x01, 0xE0, 0x03, 0x00, 0x00, 0x07, 0x00, 0x1C, 0x00, 0xE3, 0xC3, 0xBF, 0x0F, 0xF0,
    0x7F, 0x01, 0xF0, 0x07, 0x80, 0x1C, 0x00, 0xF0, 0x03, 0x80, 0x0E, 0x00, 0x18, 0x00, 0x00, 0x00,
    0x00, 0x00, 0x80, 0x00, 0x1C, 0x00, 0x03, 0xC0, 0x00, 0x78, 0x00, 0x06, 0x00, 0x00, 0x40, 0x00,
    0x0F, 0x80, 0x03, 0xFC, 0x00, 0xFF, 0xE0, 0x1F, 0x0E, 0x03, 0xE0, 0xE0, 0x78, 0x1E, 0x0F, 0x03,
    0xC1, 0xE0, 0x38, 0x3C, 0x03, 0x03, 0x80, 0x00, 0x78, 0x00, 0x07, 0x00, 0x00, 0x70, 0x00, 0x07,
    0x00, 0x00, 0x3C, 0x00, 0x01, 0xE0, 0x00, 0x0F, 0x80, 0x00, 0x7C, 0x00, 0x01, 0xE0, 0x00, 0x0F,
    0x00, 0x00, 0x70, 0x06, 0x07, 0x00, 0x70, 0x70, 0x07, 0xFF, 0x00, 0x3F, 0xE0, 0x01, 0xF8, 0x00,
    0x00, 0x18, 0x00, 0xE0, 0x07, 0x80, 0x3C, 0x00, 0xE0, 0x01, 0x00, 0x00, 0x00, 0xF8, 0x07, 0xE0,
    0x3D, 0xC1, 0xE7, 0x0E, 0x38, 0x70, 0xC1, 0xC0, 0x07, 0x00, 0x1E, 0x00, 0x3C, 0x00, 0x78, 0x00,
    0xF0, 0x13, 0xC0, 0xFF, 0x01, 0xF8, 0x00, 0x00, 0x0F, 0x80, 0x03, 0xFC, 0x00, 0xFF, 0xE0, 0x1F,
    0x0E, 0x03, 0xE0, 0xE0, 0x78, 0x1E, 0x0F, 0x03, 0xC1, 0xE0, 0x38, 0x1C, 0x03, 0x03, 0x80, 0x00,
    0x38, 0x00, 0x03, 0x00, 0x00, 0x30, 0x00, 0x03, 0x80, 0x00, 0x3C, 0x00, 0x01, 0xE0, 0x00, 0x0F,
    0x80, 0x00, 0x3C, 0x00, 0x01, 0xE0, 0x00, 0x07, 0x00, 0x00, 0x70, 0x06, 0x03, 0x80, 0x70, 0x70,
    0x03, 0xFF, 0x00, 0x3F, 0xE0, 0x00, 0xF8, 0x00, 0x06, 0x00, 0x00, 0x70, 0x00, 0x03, 0x80, 0x00,
    0x18, 0x00, 0x3F, 0x80, 0x01, 0xF0, 0x00, 0x00, 0x00, 0x00, 0x01, 0xF0, 0x1F, 0x81, 0xEE, 0x1E,
    0x71, 0xC7, 0x1C, 0x30, 0xE0, 0x07, 0x00, 0x3C, 0x00, 0xF0, 0x03, 0xC0, 0x0F, 0x02, 0x78, 0x3F,
    0xC0, 0xFC, 0x03, 0x80, 0x0C, 0x00, 0x70, 0x01, 0x80, 0xFC, 0x07, 0xE0, 0x04, 0x00, 0x00, 0x00,
    0x00, 0x01, 0xC6, 0x00, 0x1E, 0xE0, 0x00, 0xFC, 0x00, 0x07, 0x80, 0x00, 0x00, 0x00, 0x0F, 0x80,
    0x03, 0xFC, 0x00, 0xFF, 0xE0, 0x1F, 0x0E, 0x03, 0xE0, 0xE0, 0x78, 0x1E, 0x0F, 0x03, 0xC1, 0xE0,
    0x38, 0x3C, 0x03, 0x03, 0x80, 0x00, 0x38, 0x00, 0x07, 0x00, 0x00, 0x70, 0x00, 0x03, 0x80, 0x00,
    0x3C, 0x00, 0x01, 0xE0, 0x00, 0x0F, 0x80, 0x00, 0x7C, 0x00, 0x01, 0xE0, 0x00, 0x07, 0x00, 0x00,
    0x70, 0x06, 0x03, 0x80, 0x70, 0x70, 0x07, 0xFF, 0x00, 0x3F, 0xE0, 0x00, 0xF8, 0x00, 0x02, 0x00,
    0x1C, 0x70, 0x3F, 0x80, 0x7C, 0x00, 0xE0, 0x00, 0x00, 0x00, 0x00, 0xF8, 0x07, 0xE0, 0x3D, 0xC1,
    0xE7, 0x0E, 0x38, 0x70, 0xC1, 0xC0, 0x07, 0x00, 0x1E, 0x00, 0x3C, 0x00, 0x78, 0x00, 0xF0, 0x13,
    0xC0, 0xFF, 0x01, 0xF8, 0x00, 0x00, 0x00, 0x0E, 0x00, 0x70, 0x07, 0x00, 0x38, 0x03, 0xB0, 0xFF,
    0xC7, 0xFE, 0x0E, 0x00, 0xE0, 0x07, 0x00, 0x70, 0x03, 0x80, 0x1C, 0x00, 0xC0, 0x06, 0x00, 0x30,
    0x61, 0xFE, 0x0F, 0xF0, 0x3E, 0x01, 0x80, 0x0C, 0x00, 0x70, 0x01, 0xC0, 0x4E, 0x07, 0xF0, 0x1F,
    0x00, 0x00, 0x00, 0x00, 0xC3, 0x00, 0x73, 0x80, 0x3F, 0x80, 0x0F, 0x80, 0x01, 0x00, 0x00, 0x00,
    0x00, 0x00, 0x01, 0xFC, 0x3F, 0xFF, 0xBF, 0xFF, 0xEF, 0x38, 0x40, 0x3C, 0x00, 0x1C, 0x00, 0x0E,
    0x00, 0x0F, 0x00, 0x07, 0x00, 0x03, 0x80, 0x03, 0xC0, 0x01, 0xC0, 0x00, 0xE0, 0x00, 0xF0, 0x00,
    0x70, 0x00, 0x38, 0x00, 0x38, 0x00, 0x1C, 0x00, 0x0E, 0x00, 0x06, 0x00, 0x07, 0x00, 0x03, 0x80,
    0x01, 0x80, 0x00, 0xC0, 0x00, 0x00, 0x00, 0x00, 0x18, 0x00, 0x30, 0x08, 0x60, 0x39, 0xC0, 0xE7,
    0x03, 0xCC, 0x07, 0x00, 0x7F, 0xC1, 0xFF, 0xC1, 0xFF, 0x01, 0xC0, 0x07, 0x00, 0x0E, 0x00, 0x1C,
    0x00, 0x70, 0x00, 0xE0, 0x01, 0xC0, 0x03, 0x82, 0x07, 0x1C, 0x0F, 0xF8, 0x0F, 0xC0, 0x0E, 0x00,
    0x00, 0x00, 0x00, 0x1F, 0xF0, 0x3C, 0x00, 0x00, 0x00, 0x00, 0x20, 0x01, 0xC6, 0x07, 0x1C, 0x3C,
    0xF0, 0xE3, 0x83, 0x8E, 0x1C, 0x78, 0x71, 0xC1, 0xCF, 0x07, 0x7C, 0x1F, 0xF0, 0x7C, 0xC0, 0xE3,
    0x80, 0x0E, 0x00, 0x00, 0x0E, 0x00, 0x03, 0xE0, 0x00, 0xCC, 0x00, 0x19, 0x80, 0x01, 0xE0, 0x00,
    0x3C, 0x00, 0xC0, 0x00, 0x3C, 0x06, 0x07, 0x01, 0xC1, 0xE0, 0x38, 0x38, 0x07, 0x0F, 0x01, 0xE1,
    0xC0, 0x38, 0x78, 0x07, 0x0E, 0x00, 0xE1, 0xC0, 0x38, 0x78, 0x07, 0x0E, 0x00, 0xE1, 0xC0, 0x38,
    0x38, 0x07, 0x0F, 0x01, 0xC1, 0xC0, 0x38, 0x38, 0x0E, 0x07, 0x03, 0xC0, 0xE0, 0x70, 0x1C, 0x1C,
    0x03, 0x87, 0x80, 0x71, 0xE0, 0x0F, 0xF8, 0x00, 0xFE, 0x00, 0x0F, 0x80, 0x00, 0x40, 0x00, 0x00,
    0xE0, 0x1F, 0x03, 0x30, 0x33, 0x01, 0xE0, 0x1C, 0x00, 0x01, 0xC6, 0x1C, 0x73, 0xCF, 0x38, 0xE3,
    0x8E, 0x71, 0xE7, 0x1C, 0x73, 0xC7, 0x7C, 0x7F, 0xC7, 0xCC, 0x38, 0xE0, 0x0E, 0x00, 0x00, 0x00,
    0x03, 0x18, 0x00, 0xE7, 0x00, 0x39, 0xC0, 0x06, 0x30, 0x00, 0x84, 0x00, 0x00, 0x00, 0x18, 0x04,
    0x07, 0x80, 0xC1, 0xE0, 0x38, 0x38, 0x07, 0x0F, 0x00, 0xE1, 0xC0, 0x1C, 0x38, 0x07, 0x0E, 0x00,
    0xE1, 0xC0, 0x1C, 0x38, 0x07, 0x0F, 0x00, 0xE1, 0xC0, 0x1C, 0x38, 0x07, 0x07, 0x00, 0xE1, 0xC0,
    0x38, 0x38, 0x07, 0x07, 0x01, 0xC0, 0xE0, 0x78, 0x1C, 0x0E, 0x03, 0x83, 0x80, 0x70, 0xF0, 0x0E,
    0x3C, 0x01, 0xFF, 0x00, 0x1F, 0xC0, 0x01, 0xE0, 0x00, 0x00, 0x00, 0x00, 0x00, 0x00, 0x01, 0x08,
    0x07, 0x78, 0x1C, 0xE0, 0x73, 0x80, 0xC6, 0x00, 0x00, 0x00, 0x00, 0x00, 0x00, 0x18, 0x40, 0x71,
    0xC0, 0xE7, 0x83, 0x8E, 0x07, 0x1C, 0x1C, 0x38, 0x38, 0xE0, 0x73, 0xC0, 0xE7, 0x81, 0xFF, 0x03,
    0xF6, 0x03, 0x8E, 0x00, 0x1C, 0x00, 0x00, 0x00, 0x00, 0x06, 0x00, 0x00, 0x78, 0x0C, 0x07, 0x80,
    0x60, 0x38, 0x07, 0x01, 0xC0, 0x38, 0x1C, 0x01, 0xC0, 0xE0, 0x1E, 0x0F, 0x00, 0xE0, 0x70, 0x07,
    0x03, 0x80, 0x38, 0x3C, 0x03, 0x81, 0xC0, 0x1C, 0x0E, 0x01, 0xC0, 0x70, 0x0E, 0x07, 0x80, 0xE0,
    0x38, 0x07, 0x01, 0xC0, 0x70, 0x0E, 0x03, 0x80, 0x70, 0x38, 0x03, 0x83, 0x80, 0x1C, 0x3C, 0x00,
    0xE3, 0xC0, 0x07, 0xFC, 0x00, 0x1F, 0xC0, 0x00, 0xFC, 0x00, 0x0E, 0x00, 0x00, 0xE0, 0x00, 0x06,
    0x00, 0x00, 0x73, 0x00, 0x01, 0xF8, 0x00, 0x0F, 0x00, 0x00, 0x00, 0x00, 0x00, 0x00, 0x00, 0xC2,
    0x1C, 0x71, 0xCF, 0x38, 0xE3, 0x8E, 0x70, 0xE7, 0x1C, 0x73, 0xC7, 0x3C, 0x7F, 0xC7, 0xEC, 0x38,
    0xE0, 0x1E, 0x03, 0x80, 0x70, 0x06, 0x00, 0xE6, 0x07, 0xE0, 0x78, 0x00, 0x00, 0x00, 0x00, 0x00,
    0x60, 0x03, 0xC0, 0x1E, 0x00, 0x70, 0x01, 0x80, 0x00, 0x00, 0x00, 0x00, 0x00, 0x7F, 0x81, 0xFF,
    0x00, 0x3C, 0x01, 0xF0, 0x0F, 0x00, 0xF8, 0x07, 0x80, 0x3C, 0x01, 0xE0, 0x0F, 0xFF, 0xBF, 0xFE,
    0xFE, 0x00, 0x00, 0x20, 0x03, 0x80, 0x3C, 0x01, 0xC0, 0x04, 0x00, 0x00, 0x00, 0x03, 0xFC, 0x1F,
    0xF0, 0x07, 0x80, 0x7C, 0x07, 0x80, 0xF8, 0x0F, 0x00, 0xF0, 0x0F, 0x00, 0xFF, 0xFF, 0xFF, 0xFF,
    0x80, 0x00, 0x00, 0x00, 0x00, 0x31, 0xC0, 0x00, 0xEE, 0x00, 0x01, 0xF0, 0x00, 0x03, 0x80, 0x00,
    0x04, 0x00, 0x00, 0x00, 0x00, 0x3F, 0xF8, 0x01, 0xFF, 0xF8, 0x07, 0xFF, 0xE0, 0x00, 0x03, 0x80,
    0x00, 0x1E, 0x00, 0x00, 0x70, 0x00, 0x03, 0xC0, 0x00, 0x1E, 0x00, 0x00, 0xF0, 0x00, 0x07, 0x80,
    0x00, 0x3C, 0x00, 0x01, 0xE0, 0x00, 0x0F, 0x00, 0x00, 0x78, 0x00, 0x03, 0xC0, 0x00, 0x1E, 0x00,
    0x00, 0xF0, 0x00, 0x07, 0x80, 0x00, 0x3C, 0x00, 0x01, 0xE0, 0x00, 0x0F, 0x00, 0x00, 0x78, 0x00,
    0x01, 0xFF, 0xFC, 0x07, 0xFF, 0xF0, 0x1F, 0xFF, 0x00, 0x00, 0x00, 0x06, 0x38, 0x0F, 0xF0, 0x0F,
    0x80, 0x0E, 0x00, 0x00, 0x00, 0x00, 0x00, 0x00, 0x1F, 0xE0, 0x3F, 0xE0, 0x03, 0xC0, 0x0F, 0x80,
    0x3C, 0x01, 0xF0, 0x07, 0x80, 0x1E, 0x00, 0x78, 0x01, 0xFF, 0xF3, 0xFF, 0xE7, 0xF0, 0x00, 0x00,
    0x03, 0xC0, 0x00, 0xF0, 0x00, 0x3C, 0x00, 0x0F, 0x07, 0xFF, 0x87, 0xFF, 0xE3, 0xFF, 0xE1, 0xF0,
    0xFC, 0x78, 0x0F, 0x3E, 0x03, 0xEF, 0x00, 0x7B, 0xC0, 0x1E, 0xF0, 0x07, 0xBC, 0x01, 0xEF, 0x00,
    0x7B, 0xC0, 0x1E, 0xF0, 0x07, 0x9E, 0x03, 0xC7, 0xC1, 0xF0, 0xFF, 0xF8, 0x1F, 0xFC, 0x01, 0xFC,
    0x00, 0x00, 0x03, 0xC0, 0x00, 0xF0, 0x00, 0x3C, 0x00, 0x0F, 0xF0, 0x1F, 0xFC, 0x07, 0xEF, 0x01,
    0xE3, 0xC0, 0x78, 0xF0, 0x1E, 0x3C, 0x07, 0x8F, 0x01, 0xE3, 0xC0, 0x78, 0xF0, 0x1E, 0x3C, 0x07,
    0x8F, 0x01, 0xE3, 0xC0, 0x78, 0xF0, 0x1E, 0x3C, 0x0F, 0x8F, 0x87, 0xE1, 0xFF, 0xF8, 0x3F, 0xDE,
    0x07, 0xE7, 0x80, 0x00, 0x0F, 0x80, 0x03, 0xFC, 0x00, 0xFF, 0xE0, 0x1F, 0x0E, 0x03, 0xE0, 0xE0,
    0x78, 0x1E, 0x0F, 0x03, 0xC1, 0xE0, 0x38, 0x3C, 0x03, 0x03, 0x80, 0x00, 0x78, 0x00, 0x07, 0x00,
    0x00, 0x70, 0x00, 0x07, 0x00, 0x00, 0x3C, 0x00, 0x01, 0xE0, 0x00, 0x0F, 0x80, 0x00, 0x7C, 0x00,
    0x01, 0xE0, 0x00, 0x0F, 0x00, 0x00, 0x70, 0x06, 0x07, 0x00, 0x70, 0x70, 0x07, 0xFF, 0x00, 0x3F,
    0xE0, 0x01, 0xF8, 0x00, 0x00, 0x00, 0x01, 0x80, 0x00, 0x18, 0x00, 0x03, 0x80, 0x00, 0x30, 0x00,
    0x06, 0x00, 0x00, 0x03, 0xE0, 0x7E, 0x0F, 0x71, 0xC7, 0x38, 0xE7, 0x0C, 0x70, 0x07, 0x00, 0x78,
    0x03, 0xC0, 0x1E, 0x00, 0xF0, 0xCF, 0x0F, 0xF0, 0x7E, 0x00, 0x00, 0x30, 0x03, 0x80, 0x30, 0x07,
    0x00, 0xE0, 0x00, 0x00, 0x3F, 0x80, 0xFF, 0xFE, 0x1F, 0xFF, 0xF0, 0xF3, 0x84, 0x00, 0x78, 0x00,
    0x07, 0x00, 0x00, 0x70, 0x00, 0x0F, 0x00, 0x00, 0xE0, 0x00, 0x0E, 0x00, 0x01, 0xE0, 0x00, 0x1C,
    0x00, 0x01, 0xC0, 0x00, 0x3C, 0x00, 0x03, 0x80, 0x00, 0x38, 0x00, 0x07, 0x00, 0x00, 0x70, 0x00,
    0x07, 0x00, 0x00, 0x60, 0x00, 0x0E, 0x00, 0x00, 0xE0, 0x00, 0x0C, 0x00, 0x00, 0xC0, 0x00, 0x00,
    0x00, 0x01, 0x80, 0x00, 0x18, 0x00, 0x03, 0x80, 0x00, 0x30, 0x00, 0x06, 0x00, 0x00, 0x00, 0x80,
    0x0E, 0x00, 0xF0, 0x07, 0x00, 0x70, 0x0F, 0xF8, 0xFF, 0xC3, 0xFC, 0x0C, 0x00, 0xE0, 0x06, 0x00,
    0x70, 0x03, 0x80, 0x1C, 0x00, 0xC0, 0x06, 0x08, 0x30, 0xE1, 0xFE, 0x07, 0xE0, 0x1C, 0x00, 0x00,
    0x0C, 0x00, 0x60, 0x07, 0x00, 0x30, 0x03, 0x00, 0x00, 0x00, 0x04, 0x00, 0x07, 0xC0, 0x03, 0xF8,
    0x01, 0xE7, 0x00, 0xF1, 0xC0, 0x78, 0x70, 0x3C, 0x1C, 0x0E, 0x07, 0x07, 0x81, 0xC3, 0xC0, 0x00,
    0xE0, 0x00, 0x78, 0x00, 0x1F, 0xF0, 0x07, 0xFE, 0x03, 0xC0, 0x00, 0xE0, 0x00, 0x78, 0x00, 0x1E,
    0x00, 0x07, 0x00, 0x01, 0xC0, 0x00, 0x70, 0x04, 0x1C, 0x07, 0x87, 0x8F, 0xC0, 0xFF, 0xC0, 0x1F,
    0xE0, 0x01, 0xC0, 0x00, 0x00, 0x0F, 0xC0, 0x07, 0xFE, 0x03, 0xFF, 0xE0, 0x3F, 0xC0, 0x00, 0x38,
    0x00, 0x03, 0x80, 0x00, 0x38, 0x00, 0x07, 0x00, 0x00, 0x70, 0x00, 0x07, 0x00, 0x00, 0xE0, 0x00,
    0x0E, 0x00, 0x00, 0xE0, 0x00, 0x1C, 0x00, 0x01, 0xC0, 0x00, 0x1C, 0x00, 0x03, 0x80, 0x00, 0x38,
    0x00, 0x03, 0x80, 0x00, 0x38, 0x00, 0x07, 0xB8, 0x07, 0xFF, 0xC0, 0x7F, 0xF8, 0x00, 0x60, 0x00,
    0x00, 0x00, 0x00, 0x00, 0x02, 0x00, 0x01, 0xE0, 0x00, 0xFC, 0x00, 0x3F, 0x00, 0x1F, 0xC0, 0x07,
    0x70, 0x03, 0xDC, 0x01, 0xE7, 0x00, 0x71, 0xC0, 0x3C, 0x70, 0x0E, 0x1C, 0x07, 0x06, 0x01, 0xC1,
    0x80, 0xE3, 0xE0, 0x7F, 0xF8, 0x3F, 0xFE, 0x0F, 0xC3, 0x83, 0x80, 0xE1, 0xE0, 0x38, 0x70, 0x0E,
    0x38, 0x03, 0x8E, 0x00, 0xE7, 0x80, 0x39, 0xC0, 0x0E, 0x70, 0x03, 0x98, 0x00, 0x00, 0x00, 0x00,
    0x00, 0x3F, 0xC0, 0x3F, 0xFE, 0x03, 0xFF, 0xE0, 0x1E, 0x00, 0x03, 0x80, 0x00, 0x38, 0x00, 0x07,
    0x80, 0x00, 0x70, 0x00, 0x07, 0x00, 0x00, 0xFC, 0x00, 0x0F, 0xF0, 0x01, 0xFF, 0xC0, 0x1C, 0x1E,
    0x01, 0xC0, 0xE0, 0x38, 0x07, 0x03, 0x80, 0x70, 0x38, 0x07, 0x07, 0x00, 0xF0, 0x70, 0x0E, 0x07,
    0x01, 0xE0, 0x70, 0x3C, 0x07, 0x0F, 0x80, 0x7F, 0xF0, 0x07, 0xFC, 0x00, 0x3F, 0x00, 0x00, 0x00,
    0x00, 0x00, 0x00, 0x00, 0x7F, 0x00, 0x7F, 0xC0, 0x3C, 0xF0, 0x1C, 0x38, 0x1E, 0x1C, 0x0E, 0x0E,
    0x0F, 0x0E, 0x07, 0x07, 0x03, 0x87, 0x03, 0x87, 0x01, 0xCF, 0x01, 0xFF, 0xC0, 0xFF, 0xF0, 0x78,
    0x3C, 0x70, 0x0E, 0x38, 0x03, 0xBC, 0x01, 0xDC, 0x00, 0xCE, 0x00, 0xEF, 0x00, 0x77, 0x00, 0x71,
    0xE0, 0x70, 0x3D, 0xF8, 0x1F, 0xF0, 0x07, 0xF0, 0x00, 0x00, 0x00, 0x00, 0x0F, 0xE0, 0x0F, 0xFF,
    0x07, 0xFF, 0xF0, 0x7E, 0x0C, 0x07, 0x80, 0x00, 0x38, 0x00, 0x07, 0x00, 0x00, 0x70, 0x00, 0x07,
    0x00, 0x00, 0xE0, 0x00, 0x0E, 0x00, 0x00, 0xE0, 0x00, 0x1C, 0x00, 0x01, 0xC0, 0x00, 0x18, 0x00,
    0x03, 0x80, 0x00, 0x38, 0x00, 0x07, 0x00, 0x00, 0x70, 0x00, 0x07, 0x00, 0x00, 0x70, 0x00, 0x06,
    0x00, 0x00, 0x60, 0x00, 0x00, 0x00, 0x00, 0x3F, 0x80, 0x03, 0xFF, 0xF0, 0x00, 0xFF, 0xFC, 0x00,
    0x1F, 0x07, 0x00, 0x03, 0x81, 0xC0, 0x01, 0xC0, 0xE0, 0x00, 0x70, 0x38, 0x00, 0x1C, 0x0E, 0x00,
    0x0E, 0x07, 0x00, 0x03, 0x81, 0xC0, 0x00, 0xE0, 0x70, 0x00, 0x70, 0x38, 0x00, 0x1C, 0x0E, 0x00,
    0x0E, 0x03, 0x80, 0x03, 0x81, 0xC0, 0x01, 0xC0, 0x70, 0x00, 0x70, 0x3C, 0x00, 0x38, 0x0E, 0x00,
    0x1E, 0x03, 0x80, 0x07, 0x01, 0xC0, 0x03, 0xC0, 0x72, 0x07, 0xE1, 0xFF, 0xC7, 0xFF, 0xFF, 0xF1,
    0xFF, 0xFF, 0xDC, 0x70, 0x00, 0x07, 0x1C, 0x00, 0x03, 0x8E, 0x00, 0x00, 0xE3, 0x80, 0x00, 0x78,
    0xE0, 0x00, 0x1C, 0x38, 0x00, 0x06, 0x04, 0x00, 0x01, 0x80, 0x00, 0x00, 0x00, 0x00, 0x00, 0x00,
    0x02, 0x7E, 0x00, 0xFF, 0xE0, 0x1F, 0xFC, 0x03, 0xF8, 0x00, 0x3C, 0x00, 0x03, 0x80, 0x00, 0x70,
    0x00, 0x07, 0x00, 0x00, 0xE0, 0x00, 0x1E, 0x0E, 0x01, 0xC7, 0xF0, 0x3F, 0xFE, 0x03, 0xFF, 0x00,
    0x7F, 0x80, 0x07, 0x00, 0x00, 0x70, 0x00, 0x0E, 0x00, 0x00, 0xE0, 0x00, 0x0E, 0x00, 0x30, 0xE0,
    0x07, 0x07, 0x03, 0xE0, 0x7F, 0xFC, 0x03, 0xFF, 0x80, 0x0F, 0xC0, 0x00, 0x00, 0x00, 0x00, 0x00,
    0x01, 0xC0, 0x18, 0x00, 0x01, 0xE0, 0x1C, 0x00, 0x00, 0xE0, 0x38, 0x0E, 0x00, 0x70, 0x38, 0x1F,
    0x00, 0x78, 0x38, 0x3E, 0x00, 0x38, 0x78, 0xF8, 0x00, 0x1C, 0x71, 0xF0, 0x00, 0x1E, 0x73, 0xE0,
    0x00, 0x0F, 0x77, 0x80, 0x00, 0x07, 0xEF, 0x00, 0x00, 0x07, 0xFE, 0x00, 0x00, 0x03, 0xFC, 0x00,
    0x00, 0x07, 0xF8, 0x00, 0x00, 0x1F, 0xFC, 0x00, 0x00, 0x3F, 0xDC, 0x00, 0x00, 0x7B, 0x8E, 0x00,
    0x01, 0xF3, 0x8F, 0x00, 0x03, 0xE7, 0x87, 0x00, 0x0F, 0xC7, 0x07, 0x80, 0x1F, 0x07, 0x03, 0xC0,
    0x7E, 0x0F, 0x01, 0xE0, 0x78, 0x0E, 0x01, 0xF0, 0x70, 0x0E, 0x00, 0xF0, 0x00, 0x0C, 0x00, 0x00,
    0x00, 0x1C, 0x00, 0x1F, 0xC0, 0x1F, 0xF8, 0x0F, 0xFE, 0x03, 0xC3, 0x81, 0xE0, 0xE0, 0x30, 0x38,
    0x00, 0x0E, 0x00, 0x07, 0x80, 0x03, 0xC0, 0x01, 0xE0, 0x01, 0xF8, 0x03, 0xFC, 0x00, 0x7F, 0x00,
    0x1F, 0xE0, 0x00, 0x3C, 0x00, 0x07, 0x00, 0x01, 0xC6, 0x00, 0x73, 0xC0, 0x1C, 0xE0, 0x0E, 0x38,
    0x07, 0x87, 0x87, 0xC0, 0xFF, 0xE0, 0x1F, 0xF0, 0x01, 0xF0, 0x00, 0x00, 0x80, 0x00, 0x01, 0xC0,
    0x06, 0x01, 0xC0, 0x0E, 0x03, 0xC0, 0x1E, 0x03, 0x80, 0x3E, 0x03, 0x80, 0x7C, 0x07, 0x00, 0xFC,
    0x07, 0x01, 0xFC, 0x0F, 0x03, 0xF8, 0x0E, 0x07, 0xB8, 0x0E, 0x0F, 0x70, 0x1E, 0x0E, 0x70, 0x1C,
    0x1C, 0x70, 0x1C, 0x38, 0xE0, 0x18, 0x70, 0xE0, 0x38, 0xF0, 0xE0, 0x39, 0xE1, 0xC0, 0x33, 0xC1,
    0xC0, 0x77, 0x83, 0x80, 0x7F, 0x03, 0x80, 0x7E, 0x03, 0x80, 0x7C, 0x07, 0x00, 0xF8, 0x07, 0x00,
    0xF0, 0x0F, 0x00, 0x60, 0x0E, 0x00, 0x00, 0x0E, 0x00, 0x00, 0x0C, 0x00, 0x00, 0x00, 0x00, 0x00,
    0x00, 0x18, 0x00, 0x0C, 0x38, 0x00, 0x0C, 0xF0, 0x00, 0x0F, 0xE0, 0x00, 0x07, 0xC0, 0x00, 0x80,
    0x00, 0x01, 0xC0, 0x06, 0x01, 0xC0, 0x0E, 0x01, 0xC0, 0x1E, 0x03, 0x80, 0x3E, 0x03, 0x80, 0x7C,
    0x07, 0x80, 0xFC, 0x07, 0x01, 0xFC, 0x07, 0x03, 0xF8, 0x0E, 0x03, 0xB8, 0x0E, 0x07, 0x38, 0x1E,
    0x0E, 0x70, 0x1C, 0x1C, 0x70, 0x1C, 0x38, 0xE0, 0x1C, 0x78, 0xE0, 0x38, 0xF0, 0xE0, 0x39, 0xE1,
    0xC0, 0x33, 0xC1, 0xC0, 0x77, 0x83, 0xC0, 0x7F, 0x03, 0x80, 0x7E, 0x03, 0x80, 0x7C, 0x07, 0x00,
    0xF8, 0x07, 0x00, 0xF0, 0x0F, 0x00, 0x60, 0x0E, 0x00, 0x00, 0x0E, 0x00, 0x00, 0x0E, 0x00, 0x00,
    0x00, 0x00, 0x00, 0x60, 0x00, 0x07, 0x00, 0x80, 0x38, 0x0E, 0x03, 0x81, 0xF0, 0x1C, 0x1F, 0x01,
    0xC3, 0xE0, 0x0E, 0x3E, 0x00, 0xE3, 0xC0, 0x07, 0x3C, 0x00, 0x3F, 0xC0, 0x03, 0xFC, 0x00, 0x1F,
    0x80, 0x01, 0xF8, 0x00, 0x0F, 0xC0, 0x00, 0x7E, 0x00, 0x03, 0x70, 0x00, 0x39, 0xC0, 0x01, 0xCE,
    0x00, 0x1C, 0x38, 0x00, 0xE1, 0xE0, 0x07, 0x07, 0x80, 0x78, 0x1F, 0x03, 0x80, 0x78, 0x0C, 0x01,
    0xC0, 0x00, 0x00, 0x00, 0x00, 0x00, 0xE0, 0x00, 0x3F, 0xC0, 0x07, 0xFF, 0x80, 0x7F, 0xFE, 0x03,
    0xFE, 0x38, 0x07, 0x70, 0xE0, 0x01, 0xC3, 0x80, 0x0E, 0x1E, 0x00, 0x38, 0x70, 0x00, 0xE1, 0xC0,
    0x07, 0x07, 0x00, 0x1C, 0x3C, 0x00, 0xE0, 0xE0, 0x03, 0x83, 0x80, 0x1C, 0x0E, 0x00, 0x70, 0x78,
    0x03, 0x81, 0xC0, 0x1E, 0x07, 0x00, 0x70, 0x1C, 0x03, 0x80, 0xE0, 0x1E, 0x03, 0x80, 0xF0, 0x0E,
    0x07, 0x80, 0x70, 0x3C, 0x01, 0xC0, 0xE0, 0x02, 0x00, 0x00, 0x00, 0x00, 0x00, 0x00, 0x00, 0x00,
    0x01, 0x00, 0x38, 0x00, 0x70, 0x0F, 0x80, 0x0F, 0x01, 0xF0, 0x03, 0xE0, 0x7E, 0x00, 0x7C, 0x0F,
    0x80, 0x1F, 0x03, 0xF0, 0x03, 0xE0, 0xFE, 0x00, 0xFC, 0x1D, 0xC0, 0x3B, 0x87, 0x30, 0x07, 0x70,
    0xEE, 0x01, 0xDC, 0x39, 0xC0, 0x3B, 0x87, 0x38, 0x0E, 0x71, 0xC6, 0x01, 0xCE, 0x79, 0xC0, 0x73,
    0xCE, 0x38, 0x0E, 0x73, 0xC7, 0x03, 0x8E, 0xF0, 0xC0, 0x71, 0xDC, 0x18, 0x1C, 0x3F, 0x87, 0x07,
    0x87, 0xE0, 0xE0, 0xE0, 0xF8, 0x1C, 0x3C, 0x0C, 0x03, 0x87, 0x00, 0x00, 0x70, 0x40, 0x00, 0x0C,
    0x00, 0x00, 0x00, 0x00, 0x03, 0x80, 0x00, 0x0E, 0x00, 0x80, 0x78, 0x07, 0x01, 0xC0, 0x1C, 0x07,
    0x00, 0xE0, 0x38, 0x03, 0x80, 0xE0, 0x0E, 0x07, 0x00, 0x70, 0x1C, 0x01, 0xC0, 0xF0, 0x07, 0x03,
    0x80, 0x38, 0x0F, 0xFF, 0xE0, 0x7F, 0xFF, 0x81, 0xFF, 0xFC, 0x07, 0x00, 0x70, 0x1C, 0x01, 0xC0,
    0xE0, 0x0E, 0x03, 0x80, 0x38, 0x0E, 0x00, 0xE0, 0x70, 0x07, 0x01, 0xC0, 0x1C, 0x07, 0x00, 0x70,
    0x1C, 0x01, 0xC0, 0xE0, 0x0E, 0x03, 0x80, 0x18, 0x0E, 0x00, 0x20, 0x10, 0x00, 0x00, 0x00, 0x00,
    0x00, 0x0F, 0x00, 0x0F, 0xE0, 0x07, 0xFC, 0x03, 0xC7, 0x81, 0xE0, 0xE0, 0xF0, 0x38, 0x38, 0x0E,
    0x1C, 0x03, 0x87, 0x00, 0xE3, 0x80, 0x38, 0xE0, 0x1E, 0x38, 0x07, 0x9C, 0x01, 0xC7, 0x00, 0xF1,
    0xC0, 0x38, 0x60, 0x1E, 0x18, 0x07, 0x0E, 0x03, 0xC3, 0x81, 0xE0, 0xE0, 0xF0, 0x3C, 0x78, 0x07,
    0xFE, 0x00, 0xFE, 0x00, 0x1F, 0x00, 0x00, 0x00, 0x00, 0x00, 0x00, 0x07, 0xFE, 0x01, 0xFF, 0xFE,
    0x01, 0xFF, 0xF8, 0x03, 0xE0, 0x78, 0x03, 0x80, 0x70, 0x03, 0x80, 0x70, 0x07, 0x00, 0xF0, 0x07,
    0x00, 0xE0, 0x07, 0x00, 0xE0, 0x0E, 0x01, 0xE0, 0x0E, 0x01, 0xE0, 0x1E, 0x01, 0xC0, 0x1C, 0x01,
    0xC0, 0x1C, 0x03, 0xC0, 0x38, 0x03, 0x80, 0x38, 0x03, 0x80, 0x38, 0x07, 0x80, 0x78, 0x07, 0x80,
    0x70, 0x07, 0x00, 0x70, 0x07, 0x00, 0x70, 0x07, 0x00, 0xE0, 0x07, 0x00, 0xE0, 0x06, 0x00, 0xE0,
    0x00, 0x00, 0x01, 0xFC, 0x00, 0x3F, 0xE0, 0x07, 0xFE, 0x01, 0xE1, 0xE0, 0x38, 0x1C, 0x07, 0x03,
    0x81, 0xC0, 0x70, 0x38, 0x1E, 0x07, 0x03, 0x81, 0xC0, 0x70, 0x38, 0x1C, 0x07, 0x07, 0x01, 0xC3,
    0xE0, 0x3F, 0xF8, 0x07, 0xFC, 0x01, 0xFE, 0x00, 0x38, 0x00, 0x07, 0x00, 0x01, 0xC0, 0x00, 0x38,
    0x00, 0x07, 0x00, 0x01, 0xC0, 0x00, 0x38, 0x00, 0x03, 0x00, 0x00, 0x00, 0x00, 0x00, 0x00, 0x00,
    0x00, 0x3E, 0x00, 0xFF, 0x01, 0xF7, 0x03, 0xE7, 0x03, 0xC7, 0x07, 0x87, 0x0F, 0x0E, 0x1E, 0x1E,
    0x1C, 0x1C, 0x3C, 0x08, 0x38, 0x00, 0x78, 0x00, 0x70, 0x00, 0x70, 0x00, 0xF0, 0x00, 0xE0, 0x00,
    0xE0, 0x00, 0xE0, 0x00, 0xE0, 0x00, 0xE0, 0x18, 0xE0, 0x78, 0xF1, 0xF0, 0x7F, 0xE0, 0x7F, 0x80,
    0x3E, 0x00, 0x00, 0x00, 0x03, 0xFE, 0x3F, 0xFF, 0xBF, 0xFF, 0xEE, 0x38, 0x40, 0x3C, 0x00, 0x1C,
    0x00, 0x0E, 0x00, 0x0E, 0x00, 0x07, 0x00, 0x03, 0x80, 0x03, 0x80, 0x01, 0xC0, 0x00, 0xE0, 0x00,
    0xE0, 0x00, 0x70, 0x00, 0x38, 0x00, 0x38, 0x00, 0x1C, 0x00, 0x0E, 0x00, 0x0E, 0x00, 0x07, 0x00,
    0x03, 0x80, 0x01, 0x80, 0x00, 0x00, 0x00, 0x08, 0x00, 0x07, 0x00, 0x61, 0xC0, 0x1C, 0x70, 0x0E,
    0x1C, 0x03, 0x87, 0x00, 0xE1, 0xC0, 0x70, 0x70, 0x1C, 0x1C, 0x0E, 0x07, 0x03, 0x81, 0xC1, 0xC0,
    0x70, 0x70, 0x1C, 0x38, 0x07, 0x0E, 0x00, 0xE7, 0x00, 0x3B, 0xC0, 0x0E, 0xE0, 0x01, 0xF0, 0x00,
    0x7C, 0x00, 0x1E, 0x00, 0x0F, 0x00, 0x07, 0x80, 0x01, 0xC0, 0x00, 0xE0, 0x00, 0x70, 0x00, 0x18,
    0x00, 0x00, 0x00, 0x00, 0x00, 0x03, 0x00, 0x00, 0x0C, 0x00, 0x00, 0x70, 0x00, 0x01, 0xC0, 0x00,
    0x7F, 0x00, 0x07, 0xFF, 0x00, 0x3F, 0xFE, 0x03, 0xE7, 0xBC, 0x1E, 0x1C, 0x38, 0x70, 0x70, 0x63,
    0x83, 0xC1, 0xCE, 0x0E, 0x07, 0x70, 0x78, 0x1D, 0xC1, 0xC0, 0xE6, 0x07, 0x03, 0x98, 0x3C, 0x0E,
    0x60, 0xE0, 0x71, 0x83, 0x81, 0xC6, 0x1E, 0x0E, 0x1C, 0x70, 0x78, 0x39, 0xC7, 0xC0, 0x7F, 0xFE,
    0x00, 0xFF, 0xF0, 0x00, 0xFE, 0x00, 0x03, 0x80, 0x00, 0x0E, 0x00, 0x00, 0x38, 0x00, 0x00, 0xE0,
    0x00, 0x01, 0x00, 0x00, 0x00, 0xC0, 0x08, 0x03, 0x80, 0x60, 0x0E, 0x01, 0x80, 0x38, 0x0E, 0x00,
    0xE0, 0x78, 0x03, 0x83, 0xC0, 0x0E, 0x0E, 0x00, 0x18, 0x70, 0x00, 0x73, 0xC0, 0x01, 0xDE, 0x00,
    0x07, 0xF0, 0x00, 0x1F, 0x80, 0x00, 0x7C, 0x00, 0x01, 0xE0, 0x00, 0x0F, 0x80, 0x00, 0x7E, 0x00,
    0x03, 0xDC, 0x00, 0x1E, 0x70, 0x00, 0xF0, 0xE0, 0x07, 0x83, 0x80, 0x3C, 0x07, 0x01, 0xE0, 0x1F,
    0x07, 0x00, 0x3C, 0x18, 0x00, 0x00, 0x00, 0x00, 0x00, 0x00, 0x00, 0x10, 0x0C, 0x00, 0xE0, 0x38,
    0x03, 0x81, 0xE0, 0x1E, 0x07, 0x00, 0x70, 0x1C, 0x01, 0xC0, 0xE0, 0x0E, 0x03, 0x80, 0x38, 0x1C,
    0x01, 0xE0, 0x70, 0x07, 0x01, 0xC0, 0x3C, 0x0E, 0x00, 0xE0, 0x38, 0x03, 0x81, 0xE0, 0x1E, 0x07,
    0x00, 0x70, 0x1C, 0x01, 0xC0, 0x70, 0x0E, 0x03, 0x80, 0x38, 0x0E, 0x00, 0xE0, 0x38, 0x03, 0x80,
    0x7F, 0xFF, 0x81, 0xFF, 0xFF, 0x01, 0xFF, 0xFC, 0x00, 0x00, 0x70, 0x00, 0x03, 0xC0, 0x00, 0x0E,
    0x00, 0x00, 0x78, 0x00, 0x01, 0xC0, 0x00, 0x07, 0x00, 0x00, 0x08, 0x00, 0x06, 0x00, 0x03, 0xC0,
    0x00, 0xE0, 0x00, 0x38, 0x0E, 0x1C, 0x03, 0x87, 0x00, 0xE3, 0xC0, 0x70, 0xE0, 0x1C, 0x38, 0x07,
    0x1C, 0x03, 0x87, 0x00, 0xE1, 0xC0, 0x78, 0x60, 0x7C, 0x38, 0x3F, 0x0E, 0x3F, 0xC1, 0xFF, 0xE0,
    0x7F, 0x38, 0x0F, 0x9C, 0x00, 0x07, 0x00, 0x01, 0xC0, 0x00, 0xF0, 0x00, 0x38, 0x00, 0x0E, 0x00,
    0x03, 0x80, 0x01, 0xE0, 0x00, 0x70, 0x00, 0x1C, 0x00, 0x02, 0x00, 0x00, 0x00, 0x00, 0x00, 0x06,
    0x00, 0x01, 0xC0, 0x70, 0x00, 0x0E, 0x03, 0x81, 0x80, 0xF0, 0x3C, 0x0E, 0x07, 0x81, 0xC0, 0xF0,
    0x38, 0x1E, 0x07, 0x03, 0xC0, 0xE0, 0x38, 0x1C, 0x0F, 0x03, 0xC0, 0xE0, 0x70, 0x1C, 0x0F, 0x03,
    0x81, 0xE0, 0x70, 0x3C, 0x0E, 0x03, 0x81, 0xC0, 0x70, 0x38, 0x0E, 0x07, 0x81, 0xC0, 0xE0, 0x38,
    0x1E, 0x07, 0x01, 0xC0, 0xE0, 0x38, 0x1C, 0x07, 0x03, 0x80, 0xE0, 0x78, 0x1C, 0x07, 0x03, 0x80,
    0xE0, 0x70, 0x1C, 0x07, 0x03, 0x81, 0xE0, 0x78, 0x1C, 0x0E, 0x03, 0xFF, 0xFF, 0xF0, 0x0F, 0xFF,
    0xFF, 0x80, 0x3F, 0xFF, 0xE0, 0x00, 0x00, 0x00, 0x00, 0x00, 0x38, 0x00, 0x00, 0x03, 0x80, 0x00,
    0x00, 0x78, 0x1C, 0x06, 0x07, 0x01, 0xC0, 0x70, 0xF0, 0x1C, 0x0F, 0x0F, 0x01, 0xC0, 0xE0, 0xE0,
    0x38, 0x0E, 0x1E, 0x03, 0x81, 0xE1, 0xC0, 0x38, 0x1C, 0x1C, 0x07, 0x01, 0xC3, 0xC0, 0x70, 0x38,
    0x38, 0x07, 0x03, 0x83, 0x80, 0xF0, 0x78, 0x78, 0x0E, 0x07, 0x07, 0x80, 0xE0, 0x70, 0x70, 0x0E,
    0x07, 0x07, 0x01, 0xC0, 0xE0, 0x70, 0x1C, 0x0F, 0x87, 0x01, 0xC7, 0xFC, 0x7F, 0xFF, 0xFF, 0xC3,
    0xFF, 0xFF, 0xFC, 0x0F, 0xFF, 0x83, 0xC0, 0x00, 0x00, 0x38, 0x00, 0x00, 0x07, 0x80, 0x00, 0x00,
    0x70, 0x00, 0x00, 0x0F, 0x00, 0x00, 0x00, 0xE0, 0x00, 0x00, 0x1E, 0x00, 0x00, 0x01, 0xC0, 0x00,
    0x00, 0x1C, 0x00, 0x00, 0x00, 0x00, 0x00, 0x40, 0x00, 0x00, 0x38, 0x00, 0x00, 0x0E, 0x00, 0x18,
    0x07, 0x80, 0x0F, 0x01, 0xC0, 0x03, 0xC0, 0xF0, 0x00, 0xE0, 0x38, 0x00, 0x78, 0x1E, 0x00, 0x1C,
    0x07, 0xC0, 0x07, 0x03, 0xFC, 0x03, 0xC0, 0xE7, 0x80, 0xE0, 0x38, 0x70, 0x78, 0x1E, 0x1C, 0x1C,
    0x07, 0x03, 0x87, 0x01, 0xC0, 0xE3, 0xC0, 0xE0, 0x38, 0xE0, 0x38, 0x0E, 0x38, 0x1E, 0x07, 0x9C,
    0x07, 0x03, 0xC7, 0x01, 0xC1, 0xF1, 0xC0, 0x70, 0xF8, 0xF0, 0x3C, 0xFC, 0x38, 0x0F, 0xFE, 0x0E,
    0x01, 0xFE, 0x03, 0x80, 0x1E, 0x00, 0x00, 0x00, 0x00, 0x00, 0x03, 0x00, 0x1E, 0x00, 0x70, 0x03,
    0xC0, 0x0E, 0x00, 0x38, 0x01, 0xC0, 0x07, 0x00, 0x3F, 0x80, 0xFF, 0x03, 0x9E, 0x1C, 0x38, 0x70,
    0x71, 0xC1, 0xCE, 0x07, 0x38, 0x1C, 0xE0, 0xE7, 0x03, 0x9C, 0x1C, 0xF0, 0xF3, 0x8F, 0x8F, 0xFC,
    0x1F, 0xE0, 0x3E, 0x00, 0x00, 0x30, 0x00, 0x7E, 0x00, 0x7F, 0x80, 0x7D, 0xE0, 0x38, 0x30, 0x18,
    0x1C, 0x00, 0x0E, 0x00, 0x07, 0x00, 0x03, 0x80, 0x01, 0x80, 0x00, 0xC0, 0x07, 0xE0, 0x3F, 0xF0,
    0x1F, 0xF8, 0x07, 0xB8, 0x00, 0x1C, 0x00, 0x1E, 0x00, 0x0E, 0x00, 0x0F, 0x00, 0x0F, 0x06, 0x07,
    0x87, 0x0F, 0x81, 0xFF, 0x80, 0x7F, 0x80, 0x1F, 0x80, 0x00, 0x00, 0x00, 0x00, 0x00, 0xC0, 0x00,
    0x7F, 0xC0, 0x0F, 0xFE, 0x00, 0xFC, 0xF0, 0x0F, 0x07, 0x00, 0xF0, 0x38, 0x0F, 0x03, 0x80, 0x70,
    0x1C, 0x03, 0x80, 0xE0, 0x38, 0x0E, 0x01, 0xC0, 0x70, 0x0E, 0x03, 0x80, 0x30, 0xF8, 0x01, 0xFF,
    0xC0, 0x07, 0xFE, 0x00, 0x1F, 0x60, 0x00, 0xF3, 0x00, 0x07, 0xB8, 0x00, 0x79, 0xC0, 0x07, 0x8E,
    0x00, 0xF8, 0xE0, 0x0F, 0x87, 0x00, 0xF8, 0x38, 0x0F, 0x81, 0xC0, 0x78, 0x0E, 0x03, 0x00, 0x70,
    0x00, 0x03, 0x00, 0x01, 0xC0, 0x07, 0xC0, 0x1F, 0xC0, 0x79, 0xC1, 0xE3, 0x83, 0x8E, 0x0E, 0x3C,
    0x1C, 0xF8, 0x73, 0xF8, 0xFF, 0x79, 0xF8, 0x7B, 0xE0, 0x73, 0x00, 0x00, 0x00, 0x03, 0x00, 0x7F,
    0xC0, 0x7F, 0xC0, 0x7E, 0x00, 0x38, 0x00, 0x1C, 0x00, 0x0C, 0x00, 0x07, 0x00, 0x03, 0x80, 0x01,
    0xC0, 0x06, 0xE0, 0x03, 0xF0, 0x03, 0xB8, 0x03, 0xDC, 0x01, 0xCE, 0x01, 0xE7, 0x00, 0xE7, 0x80,
    0x73, 0x80, 0x3B, 0xC0, 0x1F, 0xC0, 0x07, 0xC0, 0x01, 0xC0, 0x00, 0x00, 0x1C, 0x00, 0x3E, 0x00,
    0xF6, 0x01, 0xE6, 0x01, 0xCE, 0x03, 0x8C, 0x07, 0x1C, 0x0E, 0x38, 0x0E, 0xF0, 0x1D, 0xE0, 0x1F,
    0xC0, 0x3F, 0x00, 0x3E, 0x00, 0x3B, 0x00, 0x73, 0x80, 0x73, 0x80, 0x73, 0x00, 0x77, 0x00, 0xE7,
    0x00, 0xEE, 0x00, 0xFE, 0x00, 0x7C, 0x00, 0x78, 0x00, 0x07, 0xE1, 0xFE, 0x1F, 0x81, 0xC0, 0x3C,
    0x03, 0x80, 0x38, 0x03, 0x00, 0x70, 0x07, 0x00, 0x60, 0x06, 0x00, 0x60, 0x00, 0x00, 0x06, 0x00,
    0xF8, 0x1F, 0xC0, 0x1E, 0x00, 0xE0, 0x06, 0x00, 0x60, 0x07, 0x00, 0x70, 0x07, 0x07, 0xF1, 0xFE,
    0x3E, 0xE7, 0x8E, 0x70, 0xEF, 0x1C, 0xE1, 0xCE, 0x38, 0xE7, 0x8E, 0xF0, 0xFE, 0x07, 0xC0, 0x10,
    0x00, 0x00, 0x00, 0x7C, 0x0F, 0xE1, 0xE6, 0x3C, 0x63, 0x9E, 0x7F, 0xC7, 0xF8, 0x70, 0x07, 0x00,
    0x71, 0xC7, 0xF8, 0x3F, 0x01, 0xE0, 0x00, 0x00, 0x00, 0x03, 0x00, 0x0C, 0x30, 0x60, 0xE3, 0x8F,
    0x07, 0x71, 0xE0, 0x77, 0x3C, 0x03, 0xE7, 0x80, 0x3F, 0xF0, 0x07, 0xFE, 0x00, 0xFF, 0xC0, 0x1E,
    0xEC, 0x03, 0x9C, 0xE0, 0x71, 0xC7, 0x0E, 0x1C, 0x78, 0xE0, 0x03, 0x80, 0x00, 0x00, 0x00, 0x3C,
    0x00, 0x7E, 0x00, 0xFF, 0x00, 0xE3, 0x00, 0x03, 0x00, 0x07, 0x00, 0x0E, 0x00, 0x3C, 0x00, 0x78,
    0x00, 0xF0, 0x00, 0xE0, 0x00, 0xE0, 0x00, 0x60, 0x00, 0x70, 0x00, 0xFC, 0x07, 0xFC, 0x1F, 0xFC,
    0x7F, 0xE0, 0x79, 0xC0, 0xE1, 0xC0, 0xC7, 0x80, 0x7F, 0x00, 0x3E, 0x00, 0x00, 0x00, 0x08, 0x01,
    0xC6, 0x1C, 0x73, 0x8E, 0x38, 0xE7, 0x0E, 0x71, 0xC7, 0x1C, 0x73, 0xC7, 0xFC, 0x7E, 0xC3, 0x8E,
    0x00, 0xE0, 0x00, 0x00, 0x18, 0x60, 0x73, 0x80, 0xFE, 0x03, 0xE0, 0x02, 0x00, 0x00, 0x00, 0x08,
    0x1C, 0x70, 0x71, 0xC3, 0x8E, 0x0E, 0x38, 0x71, 0xC1, 0xCF, 0x07, 0x7C, 0x1B, 0xE0, 0x7D, 0x81,
    0xE6, 0x03, 0x1C, 0x00, 0x30, 0x00, 0x00, 0x08, 0x00, 0xE1, 0x87, 0x1C, 0x79, 0xE3, 0x9E, 0x1D,
    0xE1, 0xFC, 0x0F, 0xC0, 0x7E, 0x07, 0xB8, 0x39, 0xC1, 0xC7, 0x8C, 0x3E, 0x00, 0x60, 0x01, 0xF8,
    0x0F, 0xF0, 0x3F, 0xC0, 0x67, 0x03, 0x9C, 0x0C, 0xE0, 0x73, 0x81, 0x8E, 0x0E, 0x38, 0x71, 0xC7,
    0xC7, 0x3E, 0x1C, 0x70, 0x20, 0x00, 0x00, 0x00, 0x30, 0x38, 0x0F, 0x0F, 0x03, 0xE3, 0xE0, 0xFC,
    0xF8, 0x1D, 0xBF, 0x07, 0x3E, 0xE1, 0xE7, 0xDC, 0x38, 0xF3, 0x8E, 0x1C, 0x71, 0xC3, 0x0E, 0x30,
    0x01, 0xC0, 0x00, 0x38, 0x00, 0x00, 0x00, 0x0C, 0x00, 0x38, 0xE1, 0xC3, 0x87, 0x0E, 0x1C, 0x70,
    0xE1, 0xC3, 0xFF, 0x0F, 0xFC, 0x7C, 0xE1, 0xC3, 0x87, 0x1C, 0x38, 0x70, 0xE0, 0x01, 0x80, 0x00,
    0x03, 0x81, 0xF8, 0x7F, 0x9E, 0x73, 0x8E, 0xE1, 0xDC, 0x77, 0x0E, 0xE3, 0x9C, 0xF3, 0xFC, 0x3F,
    0x07, 0x80, 0x00, 0x00, 0xFF, 0x07, 0xFC, 0x7C, 0xE3, 0x87, 0x1C, 0x78, 0xE3, 0xCF, 0x1C, 0x71,
    0xE3, 0x8F, 0x38, 0x71, 0xC3, 0x8E, 0x1C, 0x70, 0x00, 0x01, 0x00, 0x0E, 0x00, 0x38, 0x00, 0xFC,
    0x07, 0xF8, 0x1F, 0xF0, 0xF9, 0xC3, 0x87, 0x0E, 0x1C, 0x71, 0xE1, 0xFF, 0x07, 0xF8, 0x3F, 0x80,
    0xE0, 0x03, 0x80, 0x1C, 0x00, 0x70, 0x01, 0xC0, 0x07, 0x00, 0x18, 0x00, 0xE0, 0x01, 0x80, 0x00,
    0x01, 0x80, 0x7C, 0x0F, 0xE1, 0xEE, 0x3C, 0xE3, 0x8C, 0x38, 0x07, 0x00, 0x70, 0x67, 0x1E, 0x73,
    0xC7, 0xF8, 0x3E, 0x01, 0x80, 0x30, 0x00, 0x1C, 0x00, 0x0E, 0x40, 0x0E, 0x78, 0x07, 0x7C, 0xE3,
    0xFE, 0xF1, 0xF7, 0xFD, 0xF3, 0xCE, 0xF9, 0xE7, 0x78, 0xE3, 0xB8, 0xE1, 0xD8, 0x30, 0x60, 0x00,
    0x00, 0x00, 0x00, 0x00, 0x40, 0x00, 0x70, 0x60, 0x38, 0x70, 0x1C, 0x38, 0x0E, 0x38, 0x07, 0x1C,
    0x03, 0x9E, 0x01, 0xCE, 0x00, 0xEF, 0x00, 0x77, 0x00, 0x1F, 0x80, 0x0F, 0x80, 0x03, 0xC0, 0x01,
    0xC0, 0x01, 0xE0, 0x00, 0xE0, 0x00, 0xE0, 0x00, 0xF0, 0x0F, 0xF0, 0x07, 0xF0, 0x00, 0xE0, 0x00,
    0x00, 0x00, 0x00, 0x0C, 0x00, 0x03, 0x80, 0x01, 0xC0, 0x00, 0x70, 0x03, 0xFD, 0xE1, 0xFF, 0xF8,
    0xE7, 0xF7, 0x39, 0xF1, 0xDC, 0x78, 0x77, 0x3C, 0x3B, 0x8E, 0x0E, 0xE7, 0xCF, 0x3F, 0xFF, 0x8F,
    0xF7, 0xC3, 0xFC, 0x00, 0x67, 0x00, 0x03, 0x80, 0x00, 0xE0, 0x00, 0x38, 0x00, 0x1C, 0x00, 0x07,
    0x00, 0x01, 0xC0, 0x00, 0x70, 0x00, 0x18, 0x00, 0x00, 0x00, 0x01, 0x87, 0x1C, 0xF1, 0xDE, 0x0F,
    0xC0, 0xF8, 0x0F, 0x01, 0xF0, 0x3F, 0x87, 0xBC, 0xF1, 0xE6, 0x0F, 0x00, 0x70, 0x00, 0x00, 0xE1,
    0x87, 0x1C, 0x78, 0xE3, 0x8F, 0x1C, 0x71, 0xC3, 0x8E, 0x38, 0xF1, 0xC7, 0x0F, 0xB8, 0xFF, 0xFF,
    0xFF, 0xFF, 0xBF, 0x38, 0x03, 0xC0, 0x1C, 0x00, 0xC0, 0x00, 0x00, 0x0C, 0x01, 0xC2, 0x1C, 0x73,
    0x8F, 0x31, 0xE7, 0x3C, 0x77, 0xC7, 0xF8, 0x7F, 0x83, 0x70, 0x07, 0x00, 0x70, 0x07, 0x80, 0x30,
    0x00, 0x00, 0x18, 0x40, 0x0F, 0x38, 0x43, 0x9E, 0x39, 0xE7, 0x9E, 0x73, 0xCF, 0xBD, 0xF3, 0xEE,
    0xF9, 0xF3, 0xFF, 0xFC, 0xFD, 0xFB, 0xFE, 0x3C, 0x77, 0x0E, 0x08, 0x00, 0x00, 0x18, 0x04, 0x3C,
    0x0E, 0x39, 0xCE, 0x79, 0xCE, 0x71, 0xCE, 0x71, 0xDC, 0x73, 0x9C, 0xE3, 0x9C, 0xE3, 0xBE, 0xF7,
    0xFE, 0x7F, 0xFE, 0x3F, 0x8E, 0x00, 0x0E, 0x00, 0x1E, 0x00, 0x1C, 0x00, 0x08, 0x0E, 0x1F, 0xC7,
    0x70, 0x18, 0x0E, 0x07, 0xC1, 0xFC, 0xFF, 0x39, 0xDC, 0x77, 0x3D, 0xDE, 0x7F, 0x1F, 0x83, 0xC0,
    0x0C, 0x01, 0x83, 0x80, 0xF1, 0xC0, 0x3C, 0x70, 0x0E, 0x19, 0xE3, 0x8F, 0xF9, 0xC3, 0xF6, 0x71,
    0xF9, 0xBC, 0x78, 0xEE, 0x1E, 0x7B, 0x87, 0x3C, 0xE1, 0xFE, 0x70, 0x1E, 0x0C, 0x00, 0x00, 0x00,
    0x00, 0x03, 0x80, 0xE0, 0x78, 0x3C, 0x0F, 0x07, 0xF1, 0xC6, 0x71, 0xF8, 0x7E, 0x7F, 0xFE, 0xFF,
    0x1F, 0x00, 0x00, 0x07, 0xC0, 0xFE, 0x0F, 0xE0, 0xC7, 0x00, 0x70, 0x07, 0x07, 0xF0, 0xFE, 0x06,
    0xE0, 0x1C, 0x03, 0xC7, 0xF0, 0x7E, 0x07, 0x80, 0x00, 0x00, 0x03, 0x03, 0x00, 0xE1, 0xF8, 0x78,
    0xFE, 0x1C, 0x7B, 0x87, 0x1C, 0xE1, 0xFF, 0x38, 0xFF, 0x8E, 0x7F, 0xE3, 0x9F, 0x39, 0xE7, 0x8E,
    0xF1, 0xC3, 0xFC, 0x70, 0xFE, 0x1C, 0x1E, 0x00, 0x00, 0x00, 0x03, 0x80, 0x7E, 0x0F, 0xE1, 0xCE,
    0x18, 0xE3, 0x8C, 0x39, 0xC1, 0xB8, 0x1F, 0xE0, 0xFF, 0x0E, 0xE1, 0xDE, 0xF9, 0xCF, 0x1C, 0x61,
    0x80, 0x00, 0x00, 0x0E, 0x70, 0x3B, 0xC0, 0xEE, 0x03, 0x10, 0x00, 0x00, 0x7C, 0x03, 0xF8, 0x1E,
    0x60, 0xF1, 0x83, 0x9E, 0x1F, 0xF0, 0x7F, 0x81, 0xC0, 0x07, 0x00, 0x1C, 0x70, 0x7F, 0x80, 0xFC,
    0x01, 0xE0, 0x00, 0x07, 0x81, 0xFC, 0x7B, 0x9E, 0x77, 0x8E, 0xFC, 0xBF, 0xC7, 0xC0, 0xE0, 0xDC,
    0x7B, 0xFF, 0x3F, 0xC7, 0xE0, 0x00, 0x00, 0x00, 0x0E, 0x0E, 0x1E, 0x0C, 0x00, 0x00, 0x00, 0x30,
    0x38, 0x38, 0x70, 0x70, 0x70, 0xE0, 0xE0, 0xE0, 0xE0, 0x00, 0x00, 0x0C, 0x67, 0xBD, 0xCE, 0x21,
    0x00, 0x00, 0x00, 0x00, 0x30, 0x0E, 0x03, 0x81, 0xC0, 0x70, 0x1C, 0x0E, 0x03, 0x80, 0xE0, 0x38,
    0x00, 0x00, 0x00, 0x00, 0x80, 0x1C, 0x60, 0x07, 0x78, 0x00, 0xFC, 0x00, 0x1C, 0x00, 0x00, 0x00,
    0x08, 0x00, 0x07, 0x06, 0x01, 0xC3, 0x80, 0x70, 0xE0, 0x1C, 0x70, 0x07, 0x1C, 0x01, 0xCF, 0x00,
    0x73, 0x80, 0x1D, 0xE0, 0x07, 0x70, 0x00, 0xFC, 0x00, 0x3E, 0x00, 0x07, 0x80, 0x01, 0xC0, 0x00,
    0xF0, 0x00, 0x38, 0x00, 0x1C, 0x00, 0x0F, 0x00, 0x7F, 0x80, 0x1F, 0xC0, 0x01, 0xC0, 0x00, 0x00,
    0x00, 0x00, 0x18, 0x00, 0x30, 0x00, 0xE0, 0x01, 0xC0, 0xFF, 0x01, 0xFE, 0x07, 0x98, 0x0E, 0x00,
    0x1C, 0x00, 0x30, 0x00, 0xE0, 0x01, 0xC0, 0x03, 0x80, 0x0E, 0x00, 0x1C, 0x00, 0xF8, 0x01, 0xE0,
    0x01, 0x80, 0x00, 0x00, 0x0F, 0xE0, 0x0F, 0xFF, 0x07, 0xFF, 0xE0, 0xFE, 0x08, 0x07, 0x80, 0x00,
    0x78, 0x00, 0x07, 0x00, 0x00, 0x70, 0x00, 0x0E, 0x00, 0x00, 0xE0, 0x00, 0x1F, 0xF0, 0x03, 0xFF,
    0x80, 0x7F, 0x80, 0x03, 0x80, 0x00, 0x38, 0x00, 0x03, 0x80, 0x00, 0x70, 0x00, 0x07, 0x00, 0x00,
    0x70, 0x00, 0x07, 0x00, 0x00, 0xE0, 0x00, 0x0E, 0x00, 0x00, 0xE0, 0x00, 0x00, 0x03, 0xF0, 0x7F,
    0x83, 0xF0, 0x1C, 0x01, 0xC0, 0x1F, 0xC1, 0xFE, 0x07, 0x80, 0x38, 0x01, 0xC0, 0x0C, 0x00, 0x60,
    0x03, 0x00, 0x00, 0x00, 0x00, 0x60, 0x00, 0x07, 0x00, 0x80, 0x38, 0x0E, 0x03, 0x81, 0xF0, 0x1C,
    0x1F, 0x01, 0xC3, 0xE0, 0x0E, 0x3E, 0x00, 0xE3, 0xC0, 0x07, 0x3C, 0x00, 0x3F, 0xC0, 0x03, 0xFC,
    0x00, 0x1F, 0x80, 0x01, 0xF8, 0x00, 0x0F, 0xC0, 0x00, 0x7E, 0x00, 0x03, 0x70, 0x00, 0x39, 0xC0,
    0x01, 0xCE, 0x00, 0x1C, 0x38, 0x00, 0xE1, 0xE0, 0x07, 0x07, 0x80, 0x78, 0x1F, 0x83, 0x80, 0x7E,
    0x0C, 0x01, 0xF0, 0x00, 0x07, 0x00, 0x00, 0x38, 0x00, 0x03, 0x80, 0x00, 0x1C, 0x00, 0x00, 0xC0,
    0x00, 0x00, 0x00, 0x00, 0x00, 0x63, 0x07, 0x1C, 0x39, 0xC1, 0xDE, 0x1D, 0xE0, 0xFE, 0x0F, 0xE0,
    0x7E, 0x03, 0xB8, 0x39, 0xC1, 0xC7, 0x0E, 0x3F, 0x70, 0xF9, 0x0F, 0x00, 0xF8, 0x0F, 0xC0, 0xEC,
    0x07, 0xE0, 0x1F, 0x00, 0xF0, 0x00, 0x00, 0x00, 0x00, 0x00, 0x03, 0x80, 0x00, 0x0E, 0x00, 0x80,
    0x78, 0x07, 0x01, 0xC0, 0x1C, 0x07, 0x00, 0xE0, 0x38, 0x03, 0x80, 0xE0, 0x0E, 0x07, 0x00, 0x70,
    0x1C, 0x01, 0xC0, 0x70, 0x07, 0x03, 0x80, 0x38, 0x0F, 0xFF, 0xE0, 0x7F, 0xFF, 0x81, 0xFF, 0xFC,
    0x07, 0x00, 0x70, 0x1C, 0x01, 0xC0, 0xE0, 0x0E, 0x03, 0x80, 0x38, 0x0E, 0x00, 0xE0, 0x70, 0x03,
    0x01, 0xC0, 0x1C, 0x07, 0x00, 0x70, 0x1C, 0x01, 0xFC, 0xE0, 0x0F, 0xF3, 0x80, 0x1F, 0xCE, 0x00,
    0x2F, 0x00, 0x00, 0x38, 0x00, 0x01, 0xC0, 0x00, 0x07, 0x00, 0x00, 0x3C, 0x00, 0x00, 0xE0, 0x00,
    0x03, 0x80, 0x00, 0x04, 0x00, 0x0C, 0x00, 0x38, 0x61, 0xC3, 0x87, 0x0E, 0x1C, 0x70, 0xE1, 0xC3,
    0xFF, 0x0F, 0xFC, 0x7C, 0xE1, 0xC3, 0x87, 0x1F, 0x98, 0x7E, 0xE0, 0xF9, 0x80, 0xC0, 0x07, 0x00,
    0x1C, 0x00, 0xE0, 0x01, 0x00, 0x00, 0x00, 0x10, 0x00, 0x1C, 0x00, 0xCE, 0x00, 0xE7, 0x00, 0xF3,
    0x80, 0xF1, 0xC0, 0x70, 0xE0, 0x70, 0x70, 0x70, 0x38, 0x70, 0x1C, 0x70, 0x07, 0x78, 0x03, 0xF8,
    0x00, 0xF8, 0x00, 0x78, 0x00, 0x38, 0x00, 0x1C, 0x00, 0x1E, 0x00, 0x0E, 0x00, 0x07, 0x00, 0x07,
    0x80, 0x03, 0x80, 0x01, 0xC0, 0x00, 0xE0, 0x00, 0x70, 0x00, 0x30, 0x00, 0x00, 0x00, 0x00, 0x20,
    0x03, 0x00, 0x30, 0x63, 0x0E, 0x31, 0xE3, 0x1C, 0x33, 0x83, 0x78, 0x3F, 0x03, 0xE0, 0x3C, 0x03,
    0x80, 0x38, 0x07, 0x00, 0x70, 0x07, 0x00, 0x70, 0x0E, 0x00, 0xE0, 0x0E, 0x00, 0xC0, 0x00, 0x00,
    0x00, 0x00, 0x01, 0x00, 0x00, 0x70, 0x03, 0x0E, 0x00, 0xE1, 0xC0, 0x3C, 0x38, 0x0F, 0x07, 0x01,
    0xC0, 0xE0, 0x70, 0x1C, 0x1C, 0x03, 0x87, 0x00, 0x71, 0xC0, 0x07, 0x78, 0x00, 0xFE, 0x00, 0x0F,
    0x80, 0x1F, 0xFE, 0x03, 0xFF, 0xC0, 0x07, 0x00, 0x01, 0xC0, 0x00, 0x38, 0x00, 0x07, 0x00, 0x01,
    0xE0, 0x00, 0x38, 0x00, 0x07, 0x00, 0x00, 0xE0, 0x00, 0x18, 0x00, 0x03, 0x00, 0x00, 0x00, 0x00,
    0x00, 0x06, 0x00, 0x0C, 0x00, 0x18, 0x30, 0x30, 0xE0, 0x63, 0x80, 0xCF, 0x01, 0x9C, 0x03, 0xF0,
    0x07, 0xE0, 0x0F, 0x83, 0xFE, 0x03, 0xFE, 0x00, 0x78, 0x01, 0xC0, 0x03, 0x80, 0x07, 0x00, 0x1C,
    0x00, 0x38, 0x00, 0x70, 0x00, 0xC0, 0x01, 0x80, 0x00, 0x00, 0xFE, 0x00, 0x7F, 0xE0, 0x1F, 0xFE,
    0x03, 0xC0, 0xE0, 0x00, 0x0C, 0x00, 0x01, 0xC0, 0x00, 0x38, 0x00, 0x07, 0x00, 0x00, 0xC0, 0x00,
    0x38, 0x00, 0x07, 0x00, 0x00, 0xE3, 0xFF, 0xF8, 0xFF, 0xFF, 0x3F, 0xFF, 0xC7, 0x80, 0x38, 0xE0,
    0x0E, 0x1C, 0x03, 0x81, 0xC0, 0xF0, 0x38, 0x3C, 0x03, 0xFF, 0x00, 0x3F, 0xC0, 0x03, 0xE0, 0x00,
    0x00, 0x01, 0xF0, 0x7F, 0x0C, 0xE0, 0x0E, 0x01, 0xC2, 0x31, 0xFE, 0x7F, 0xDC, 0x73, 0x9C, 0x7F,
    0x87, 0xC0, 0x20, 0x00, 0x00, 0x18, 0x00, 0x1F, 0x80, 0x0F, 0xF0, 0x07, 0xFC, 0x03, 0xC7, 0x81,
    0xE0, 0xE0, 0xF0, 0x38, 0x38, 0x0E, 0x1C, 0x03, 0x87, 0x00, 0xE3, 0xC0, 0x39, 0xFF, 0xFE, 0x7F,
    0xFF, 0x9C, 0x01, 0xC7, 0x00, 0xF1, 0xC0, 0x38, 0x60, 0x1C, 0x18, 0x07, 0x0E, 0x03, 0x83, 0x81,
    0xE0, 0xE0, 0xF0, 0x3C, 0x78, 0x07, 0xFC, 0x00, 0xFE, 0x00, 0x0C, 0x00, 0x00, 0x03, 0x81, 0xF8,
    0x7F, 0x9E, 0x73, 0x8E, 0xE1, 0xDF, 0xF7, 0xFE, 0xE3, 0x9C, 0xF3, 0xFC, 0x3F, 0x07, 0x80, 0x0F,
    0xE0, 0x3F, 0xF0, 0xFF, 0xF3, 0xE1, 0xF7, 0x81, 0xE0, 0x03, 0xC0, 0x07, 0x80, 0xFF, 0x1F, 0xFE,
    0xFF, 0xFF, 0xF0, 0x7F, 0x80, 0xFF, 0x01, 0xFE, 0x07, 0xFE, 0x1F, 0xBF, 0xFF, 0x7F, 0xDE, 0x3F,
    0x3C, 0x00, 0x00, 0x00, 0x00, 0x00, 0x00, 0x30, 0x00, 0xF0, 0x01, 0xE0, 0x01, 0x80, 0x00, 0xF8,
    0x00, 0x01, 0xF8, 0x00, 0x00, 0x70, 0x00, 0x00, 0xE0, 0x00, 0x03, 0x80, 0x00, 0x00, 0x00, 0x00,
    0x00, 0x00, 0x00, 0x3E, 0x00, 0x00, 0xFC, 0x00, 0x01, 0xFC, 0x00, 0x03, 0xF8, 0x00, 0x0F, 0x78,
    0x00, 0x1E, 0xF0, 0x00, 0x39, 0xE0, 0x00, 0xF1, 0xE0, 0x01, 0xE3, 0xC0, 0x07, 0xC7, 0x80, 0x0F,
    0x07, 0x80, 0x1E, 0x0F, 0x00, 0x7C, 0x1F, 0x00, 0xF0, 0x1E, 0x01, 0xE0, 0x3C, 0x07, 0xFF, 0xFC,
    0x0F, 0xFF, 0xF8, 0x1F, 0xFF, 0xF0, 0x78, 0x00, 0xF0, 0xF0, 0x01, 0xE3, 0xE0, 0x03, 0xE7, 0x80,
    0x03, 0xCF, 0x00, 0x07, 0xBE, 0x00, 0x0F, 0x80, 0x00, 0x00, 0x0F, 0x80, 0x1F, 0x00, 0x06, 0x00,
    0x1C, 0x00, 0x30, 0x00, 0x00, 0x00, 0x00, 0x0F, 0xE0, 0x3F, 0xF0, 0xFF, 0xF3, 0xE1, 0xF7, 0x81,
    0xE0, 0x03, 0xC0, 0x07, 0x80, 0xFF, 0x1F, 0xFE, 0xFF, 0xFF, 0xF0, 0x7F, 0x80, 0xFF, 0x01, 0xFE,
    0x07, 0xFE, 0x1F, 0xBF, 0xFF, 0x7F, 0xDE, 0x3F, 0x3C, 0x00, 0x0F, 0x00, 0x1E, 0x00, 0x1C, 0x00,
    0x38, 0x00, 0x00, 0x03, 0xC0, 0x07, 0xE0, 0x0F, 0xE0, 0x1E, 0x70, 0x1C, 0x38, 0x00, 0x00, 0x00,
    0x00, 0x0F, 0xE0, 0x1F, 0xF8, 0x3F, 0xFC, 0x7C, 0x3E, 0x78, 0x1E, 0x00, 0x1E, 0x00, 0x1E, 0x01,
    0xFE, 0x1F, 0xFE, 0x7F, 0xFE, 0xFC, 0x1E, 0xF0, 0x1E, 0xF0, 0x1E, 0xF0, 0x3E, 0xF8, 0x7E, 0x7F,
    0xFE, 0x7F, 0xDE, 0x1F, 0x9E, 0x00, 0x0F, 0x00, 0x00, 0x0E, 0x00, 0x00, 0x0E, 0x00, 0x00, 0x1C,
    0x00, 0x00, 0x00, 0x00, 0x07, 0x80, 0x00, 0x1F, 0x00, 0x00, 0x77, 0x00, 0x01, 0xC7, 0x00, 0x07,
    0x87, 0x00, 0x00, 0x00, 0x00, 0x00, 0x00, 0x00, 0x07, 0xC0, 0x00, 0x1F, 0x80, 0x00, 0x3F, 0x80,
    0x00, 0x7F, 0x00, 0x01, 0xEF, 0x00, 0x03, 0xDE, 0x00, 0x07, 0x3C, 0x00, 0x1E, 0x3C, 0x00, 0x3C,
    0x78, 0x00, 0xF8, 0xF0, 0x01, 0xE0, 0xF0, 0x03, 0xC1, 0xE0, 0x0F, 0x83, 0xE0, 0x1E, 0x03, 0xC0,
    0x3C, 0x07, 0x80, 0xFF, 0xFF, 0x81, 0xFF, 0xFF, 0x03, 0xFF, 0xFE, 0x0F, 0x00, 0x1E, 0x1E, 0x00,
    0x3C, 0x7C, 0x00, 0x7C, 0xF0, 0x00, 0x79, 0xE0, 0x00, 0xF7, 0xC0, 0x01, 0xF0, 0x00, 0xF0, 0x00,
    0xE0, 0x00, 0xE0, 0x00, 0xE0, 0x00, 0x00, 0x78, 0x01, 0xF8, 0x07, 0xF0, 0x1E, 0x70, 0x38, 0x70,
    0x00, 0x00, 0x00, 0x00, 0xFE, 0x03, 0xFF, 0x0F, 0xFF, 0x3E, 0x1F, 0x78, 0x1E, 0x00, 0x3C, 0x00,
    0x78, 0x0F, 0xF1, 0xFF, 0xEF, 0xFF, 0xFF, 0x07, 0xF8, 0x0F, 0xF0, 0x1F, 0xE0, 0x7F, 0xE1, 0xFB,
    0xFF, 0xF7, 0xFD, 0xE3, 0xF3, 0xC0, 0x00, 0x0F, 0x00, 0x00, 0x1F, 0x00, 0x00, 0x0E, 0x00, 0x00,
    0x18, 0x00, 0x00, 0x00, 0x00, 0x07, 0x00, 0x00, 0x1F, 0x00, 0x00, 0x7F, 0x00, 0x01, 0xCF, 0x00,
    0x07, 0x8E, 0x00, 0x00, 0x00, 0x00, 0x00, 0x00, 0x00, 0x07, 0xC0, 0x00, 0x1F, 0x80, 0x00, 0x3F,
    0x80, 0x00, 0x7F, 0x00, 0x01, 0xEE, 0x00, 0x03, 0xDE, 0x00, 0x0F, 0x3C, 0x00, 0x1E, 0x78, 0x00,
    0x3C, 0x78, 0x00, 0xF0, 0xF0, 0x01, 0xE0, 0xF0, 0x03, 0xC1, 0xE0, 0x0F, 0x03, 0xC0, 0x1E, 0x03,
    0xC0, 0x3C, 0x07, 0x80, 0xFF, 0xFF, 0x81, 0xFF, 0xFF, 0x03, 0xFF, 0xFE, 0x0F, 0x00, 0x1E, 0x1E,
    0x00, 0x3C, 0x7C, 0x00, 0x78, 0xF0, 0x00, 0x79, 0xE0, 0x00, 0xF7, 0xC0, 0x01, 0xF0, 0x00, 0x78,
    0x00, 0xF8, 0x00, 0x70, 0x00, 0xC0, 0x00, 0x00, 0x30, 0x00, 0xF8, 0x03, 0xF8, 0x0E, 0x70, 0x3C,
    0x70, 0x00, 0x00, 0x00, 0x00, 0xFE, 0x03, 0xFF, 0x0F, 0xFF, 0x3E, 0x1F, 0x78, 0x1E, 0x00, 0x3C,
    0x00, 0x78, 0x0F, 0xF1, 0xFF, 0xEF, 0xFF, 0xFF, 0x07, 0xF8, 0x0F, 0xF0, 0x1F, 0xE0, 0x7F, 0xE1,
    0xFB, 0xFF, 0xF7, 0xFD, 0xE3, 0xF3, 0xC0, 0x0F, 0x38, 0x3F, 0x70, 0x77, 0xC0, 0xC7, 0x80, 0x00,
    0x00, 0x30, 0x01, 0xF0, 0x03, 0xF0, 0x0E, 0x70, 0x38, 0xF0, 0x00, 0x00, 0x00, 0x00, 0xFE, 0x03,
    0xFF, 0x0F, 0xFF, 0x3E, 0x1F, 0x78, 0x1E, 0x00, 0x3C, 0x00, 0x78, 0x0F, 0xF1, 0xFF, 0xEF, 0xFF,
    0xFF, 0x07, 0xF8, 0x0F, 0xF0, 0x1F, 0xE0, 0x7F, 0xE1, 0xFB, 0xFF, 0xF7, 0xFD, 0xE3, 0xF3, 0xC0,
    0x00, 0x7C, 0x00, 0x01, 0xFC, 0x00, 0x07, 0xBC, 0x00, 0x1E, 0x3C, 0x00, 0x38, 0x38, 0x00, 0x00,
    0x00, 0x00, 0x00, 0x00, 0x00, 0x3E, 0x00, 0x00, 0xFE, 0x00, 0x01, 0xFC, 0x00, 0x03, 0xF8, 0x00,
    0x0F, 0x78, 0x00, 0x1E, 0xF0, 0x00, 0x79, 0xE0, 0x00, 0xF1, 0xE0, 0x01, 0xE3, 0xC0, 0x07, 0xC7,
    0xC0, 0x0F, 0x07, 0x80, 0x1E, 0x0F, 0x00, 0x7C, 0x1F, 0x00, 0xF0, 0x1E, 0x01, 0xE0, 0x3C, 0x07,
    0xFF, 0xFC, 0x0F, 0xFF, 0xF8, 0x3F, 0xFF, 0xF0, 0x78, 0x00, 0xF0, 0xF0, 0x01, 0xE3, 0xE0, 0x03,
    0xE7, 0x80, 0x03, 0xCF, 0x00, 0x07, 0xBE, 0x00, 0x0F, 0x80, 0x00, 0x00, 0x00, 0x00, 0x00, 0x00,
    0x00, 0x00, 0x00, 0xE0, 0x00, 0x03, 0xE0, 0x00, 0x07, 0xC0, 0x00, 0x07, 0x00, 0x00, 0x03, 0xC0,
    0x0F, 0xC0, 0x3F, 0xC0, 0xF3, 0x81, 0xC3, 0x80, 0x00, 0x00, 0x00, 0x07, 0xF0, 0x1F, 0xF8, 0x7F,
    0xF9, 0xF0, 0xFB, 0xC0, 0xF0, 0x01, 0xE0, 0x03, 0xC0, 0x7F, 0x8F, 0xFF, 0x7F, 0xFF, 0xF8, 0x3F,
    0xC0, 0x7F, 0x80, 0xFF, 0x03, 0xFF, 0x0F, 0xDF, 0xFF, 0xBF, 0xEF, 0x1F, 0x9E, 0x00, 0x00, 0x00,
    0x00, 0x00, 0x00, 0x18, 0x00, 0x78, 0x00, 0xF0, 0x00, 0xC0, 0x00, 0x0E, 0x00, 0x00, 0x3C, 0x00,
    0x00, 0xF0, 0x00, 0x01, 0xC0, 0x00, 0x00, 0x00, 0x00, 0x60, 0x60, 0x00, 0xE0, 0xC0, 0x01, 0xE3,
    0x80, 0x01, 0xFE, 0x00, 0x01, 0xF8, 0x00, 0x00, 0x00, 0x00, 0x00, 0x00, 0x00, 0x0F, 0xC0, 0x00,
    0x1F, 0x80, 0x00, 0x7F, 0x80, 0x00, 0xFF, 0x00, 0x01, 0xFE, 0x00, 0x07, 0x9E, 0x00, 0x0F, 0x3C,
    0x00, 0x1E, 0x78, 0x00, 0x7C, 0x78, 0x00, 0xF0, 0xF0, 0x01, 0xE1, 0xF0, 0x07, 0xC1, 0xE0, 0x0F,
    0x03, 0xC0, 0x1E, 0x07, 0xC0, 0x7C, 0x07, 0x80, 0xFF, 0xFF, 0x81, 0xFF, 0xFF, 0x07, 0xFF, 0xFE,
    0x0F, 0x00, 0x3E, 0x1E, 0x00, 0x3C, 0x7C, 0x00, 0x78, 0xF0, 0x00, 0x79, 0xE0, 0x00, 0xF7, 0xC0,
    0x01, 0xF0, 0x00, 0x70, 0x01, 0xC0, 0x07, 0x80, 0x0E, 0x00, 0x00, 0x00, 0x00, 0x06, 0x06, 0x0F,
    0x3C, 0x0F, 0xF0, 0x0F, 0xC0, 0x00, 0x00, 0x00, 0x00, 0xFE, 0x03, 0xFF, 0x0F, 0xFF, 0x3E, 0x1F,
    0x78, 0x1E, 0x00, 0x3C, 0x00, 0x78, 0x0F, 0xF1, 0xFF, 0xEF, 0xFF, 0xFF, 0x07, 0xF8, 0x0F, 0xF0,
    0x1F, 0xE0, 0x3F, 0xE1, 0xFB, 0xFF, 0xF7, 0xFD, 0xE3, 0xF3, 0xC0, 0x0E, 0x00, 0x0E, 0x00, 0x1E,
    0x00, 0x1C, 0x00, 0x00, 0x00, 0x00, 0x06, 0x06, 0x0F, 0x3C, 0x0F, 0xF0, 0x0F, 0xC0, 0x00, 0x00,
    0x00, 0x00, 0xFE, 0x03, 0xFF, 0x0F, 0xFF, 0x3E, 0x1F, 0x78, 0x1E, 0x00, 0x3C, 0x00, 0x78, 0x0F,
    0xF1, 0xFF, 0xEF, 0xFF, 0xFF, 0x07, 0xF8, 0x0F, 0xF0, 0x1F, 0xE0, 0x3F, 0xE1, 0xFB, 0xFF, 0xF7,
    0xFD, 0xE3, 0xF3, 0xC0, 0x0F, 0x18, 0x3F, 0x70, 0x77, 0xE0, 0xC7, 0x80, 0x00, 0x00, 0x00, 0x06,
    0x06, 0x0F, 0x3C, 0x0F, 0xF0, 0x0F, 0xC0, 0x00, 0x00, 0x00, 0x00, 0xFE, 0x03, 0xFF, 0x0F, 0xFF,
    0x3E, 0x1F, 0x78, 0x1E, 0x00, 0x3C, 0x00, 0x78, 0x0F, 0xF1, 0xFF, 0xEF, 0xFF, 0xFF, 0x07, 0xF8,
    0x0F, 0xF0, 0x1F, 0xE0, 0x3F, 0xE1, 0xFB, 0xFF, 0xF7, 0xFD, 0xE3, 0xF3, 0xC0, 0x18, 0x18, 0x38,
    0x70, 0x39, 0xC0, 0x7F, 0x80, 0x3C, 0x00, 0x00, 0x00, 0x00, 0x07, 0xF0, 0x1F, 0xF8, 0x7F, 0xF9,
    0xF0, 0xFB, 0xC0, 0xF0, 0x01, 0xE0, 0x03, 0xC0, 0x7F, 0x8F, 0xFF, 0x7F, 0xFF, 0xF8, 0x3F, 0xC0,
    0x7F, 0x80, 0xFF, 0x01, 0xFF, 0x0F, 0xDF, 0xFF, 0xBF, 0xEF, 0x1F, 0x9E, 0x00, 0x00, 0x00, 0x00,
    0x00, 0x00, 0x18, 0x00, 0x78, 0x00, 0xF0, 0x00, 0xC0, 0x00, 0x00, 0x7C, 0x0F, 0xE1, 0xE6, 0x3C,
    0x63, 0x9E, 0x7F, 0xC7, 0xF8, 0x70, 0x07, 0x00, 0x71, 0xC7, 0xF8, 0x3F, 0x01, 0xE0, 0x00, 0x00,
    0x00, 0x18, 0x03, 0xC0, 0x38, 0x01, 0x00, 0x00, 0x00, 0x03, 0xE0, 0x01, 0xF8, 0x00, 0x1C, 0x00,
    0x0C, 0x00, 0x0E, 0x00, 0x00, 0x00, 0x00, 0x00, 0x07, 0xF0, 0x0F, 0xFE, 0x0F, 0xFF, 0x8F, 0x87,
    0xC7, 0x80, 0xF7, 0x80, 0x7B, 0xC0, 0x1F, 0xFF, 0xFF, 0xFF, 0xFF, 0xFF, 0xFF, 0xFC, 0x00, 0x1E,
    0x00, 0x0F, 0x00, 0x03, 0xC0, 0x79, 0xF0, 0x7C, 0x7F, 0xFC, 0x1F, 0xFC, 0x03, 0xF8, 0x00, 0x03,
    0x00, 0x0F, 0x18, 0x3F, 0xF0, 0x67, 0xC0, 0x02, 0x00, 0x00, 0x01, 0xF8, 0x07, 0xF0, 0x1E, 0x60,
    0x78, 0xC0, 0xE7, 0x83, 0xFE, 0x07, 0xF8, 0x0E, 0x00, 0x1C, 0x00, 0x38, 0xE0, 0x7F, 0x80, 0x7E,
    0x00, 0x78, 0x00, 0x00, 0x0F, 0x00, 0x07, 0x00, 0x07, 0x80, 0x03, 0x80, 0x00, 0x00, 0x0E, 0x00,
    0x0F, 0x80, 0x0F, 0xE0, 0x0E, 0x78, 0x0F, 0x1E, 0x00, 0x00, 0x00, 0x00, 0x00, 0x7F, 0x00, 0xFF,
    0xE0, 0xFF, 0xF8, 0xF8, 0x7C, 0x78, 0x0F, 0x78, 0x07, 0xBC, 0x01, 0xFF, 0xFF, 0xFF, 0xFF, 0xFF,
    0xFF, 0xFF, 0xC0, 0x01, 0xE0, 0x00, 0xF0, 0x00, 0x3C, 0x07, 0x9F, 0x07, 0xC7, 0xFF, 0xC1, 0xFF,
    0xC0, 0x3F, 0x80, 0x00, 0xF0, 0x00, 0x70, 0x00, 0x38, 0x00, 0x1C, 0x00, 0x00, 0x03, 0xC0, 0x07,
    0xE0, 0x0F, 0xE0, 0x1E, 0x70, 0x3C, 0x38, 0x00, 0x00, 0x00, 0x00, 0xFF, 0xFF, 0xFF, 0xFF, 0xFF,
    0xFF, 0xF0, 0x00, 0xF0, 0x00, 0xF0, 0x00, 0xF0, 0x00, 0xF0, 0x00, 0xF0, 0x00, 0xF0, 0x00, 0xFF,
    0xFE, 0xFF, 0xFE, 0xFF, 0xFE, 0xF0, 0x00, 0xF0, 0x00, 0xF0, 0x00, 0xF0, 0x00, 0xF0, 0x00, 0xF0,
    0x00, 0xF0, 0x00, 0xF0, 0x00, 0xFF, 0xFF, 0xFF, 0xFF, 0xFF, 0xFF, 0x00, 0x70, 0x00, 0x1C, 0x00,
    0x0F, 0x00, 0x03, 0x80, 0x00, 0x00, 0x0E, 0x00, 0x0F, 0x80, 0x0F, 0xE0, 0x0E, 0x78, 0x0F, 0x1E,
    0x00, 0x00, 0x00, 0x00, 0x00, 0x7F, 0x00, 0xFF, 0xE0, 0xFF, 0xF8, 0xF8, 0x7C, 0x78, 0x0F, 0x78,
    0x07, 0xBC, 0x01, 0xFF, 0xFF, 0xFF, 0xFF, 0xFF, 0xFF, 0xFF, 0xC0, 0x01, 0xE0, 0x00, 0xF0, 0x00,
    0x3C, 0x07, 0x9F, 0x07, 0xC7, 0xFF, 0xC1, 0xFF, 0xC0, 0x3F, 0x80, 0x00, 0x78, 0x00, 0x3E, 0x00,
    0x07, 0x00, 0x03, 0x80, 0x00, 0x00, 0x0E, 0x00, 0x0F, 0x80, 0x0F, 0xE0, 0x0F, 0x78, 0x0F, 0x1C,
    0x00, 0x00, 0x00, 0x00, 0x00, 0x7F, 0x00, 0xFF, 0xE0, 0xFF, 0xF8, 0xF8, 0x7C, 0x78, 0x0F, 0x78,
    0x07, 0xBC, 0x01, 0xFF, 0xFF, 0xFF, 0xFF, 0xFF, 0xFF, 0xFF, 0xC0, 0x01, 0xE0, 0x00, 0xF0, 0x00,
    0x3C, 0x07, 0x9F, 0x07, 0xC7, 0xFF, 0xC1, 0xFF, 0xC0, 0x3F, 0x80, 0x03, 0xE0, 0x03, 0xF0, 0x01,
    0xDC, 0x01, 0xC7, 0x01, 0xC3, 0xC0, 0x00, 0x00, 0x00, 0x00, 0x0F, 0xE0, 0x1F, 0xFC, 0x1F, 0xFF,
    0x1F, 0x0F, 0x8F, 0x01, 0xEF, 0x00, 0xF7, 0x80, 0x3F, 0xFF, 0xFF, 0xFF, 0xFF, 0xFF, 0xFF, 0xF8,
    0x00, 0x3C, 0x00, 0x1E, 0x00, 0x07, 0x80, 0xF3, 0xF0, 0xF8, 0xFF, 0xF8, 0x3F, 0xF8, 0x07, 0xF0,
    0x00, 0x00, 0x00, 0x00, 0x00, 0x00, 0x00, 0x1C, 0x00, 0x1F, 0x00, 0x0F, 0x80, 0x03, 0x80, 0xFB,
    0xE3, 0x8E, 0x30, 0x00, 0x1E, 0x79, 0xE7, 0x9E, 0x79, 0xE7, 0x9E, 0x79, 0xE7, 0x9E, 0x79, 0xE7,
    0x9E, 0x78, 0x00, 0x80, 0x70, 0x3C, 0x0F, 0x01, 0x80, 0x00, 0x00, 0x00, 0x06, 0x01, 0xC0, 0x70,
    0x38, 0x0E, 0x03, 0x81, 0xC0, 0x70, 0x1C, 0x07, 0x00, 0x80, 0x00, 0x00, 0x1C, 0x07, 0x01, 0xC0,
    0x60, 0x00, 0x00, 0x10, 0x00, 0x1F, 0x80, 0x0F, 0xF0, 0x07, 0x9C, 0x03, 0x83, 0x81, 0xE0, 0xE0,
    0xF0, 0x38, 0x38, 0x0E, 0x1C, 0x03, 0x87, 0x00, 0xE3, 0x80, 0x38, 0xE0, 0x1E, 0x38, 0x07, 0x9C,
    0x01, 0xC7, 0x00, 0xF1, 0xC0, 0x38, 0x60, 0x1E, 0x18, 0x07, 0x0E, 0x03, 0xC3, 0x81, 0xE0, 0xE0,
    0xF0, 0x3C, 0x78, 0x07, 0xFC, 0x00, 0xFE, 0x00, 0x1F, 0x00, 0x00, 0x00, 0x03, 0x80, 0x00, 0xE0,
    0x00, 0x38, 0x00, 0x0C, 0x00, 0x00, 0x03, 0xC0, 0x7E, 0x0F, 0xF1, 0xE7, 0x3C, 0x73, 0x87, 0x78,
    0xE7, 0x0E, 0x71, 0xC7, 0x3C, 0x7F, 0x87, 0xF0, 0x3C, 0x00, 0x00, 0x00, 0x07, 0x00, 0x70, 0x07,
    0x00, 0x00, 0x00, 0x00, 0x00, 0x03, 0xE0, 0x01, 0xF8, 0x00, 0x1C, 0x00, 0x0E, 0x00, 0x0E, 0x00,
    0x00, 0x00, 0x00, 0x00, 0x07, 0xF0, 0x0F, 0xFE, 0x0F, 0xFF, 0x8F, 0x87, 0xE7, 0x80, 0xF7, 0xC0,
    0x7F, 0xC0, 0x1F, 0xE0, 0x0F, 0xF0, 0x07, 0xF8, 0x03, 0xFC, 0x01, 0xFE, 0x00, 0xFF, 0x00, 0x7B,
    0xC0, 0x79, 0xF0, 0x7C, 0x7F, 0xFC, 0x1F, 0xFC, 0x03, 0xF8, 0x00, 0x00, 0x01, 0xE0, 0x00, 0x07,
    0x00, 0x00, 0x38, 0x00, 0x00, 0xE0, 0x00, 0x00, 0x00, 0x01, 0xE0, 0x00, 0x0F, 0xC0, 0x00, 0x7F,
    0x80, 0x01, 0xCF, 0x00, 0x0E, 0x1C, 0x00, 0x00, 0x00, 0x00, 0x00, 0x00, 0x01, 0xFE, 0x00, 0x1F,
    0xFE, 0x00, 0xFF, 0xFC, 0x07, 0xE1, 0xF8, 0x3E, 0x01, 0xF1, 0xF0, 0x03, 0xE7, 0x80, 0x07, 0x9E,
    0x00, 0x1E, 0xF0, 0x00, 0x3F, 0xC0, 0x00, 0xFF, 0x00, 0x03, 0xFC, 0x00, 0x0F, 0xF0, 0x00, 0x3F,
    0xC0, 0x00, 0xFF, 0x00, 0x03, 0xFC, 0x00, 0x0F, 0x78, 0x00, 0x79, 0xE0, 0x01, 0xE7, 0xC0, 0x0F,
    0x8F, 0x80, 0x7C, 0x1F, 0x87, 0xE0, 0x3F, 0xFF, 0x00, 0x7F, 0xF8, 0x00, 0x7F, 0x80, 0x00, 0x07,
    0x00, 0x07, 0x80, 0x03, 0x80, 0x03, 0x80, 0x00, 0x00, 0x0E, 0x00, 0x0F, 0x80, 0x0F, 0xE0, 0x0F,
    0x38, 0x0F, 0x1E, 0x00, 0x00, 0x00, 0x00, 0x00, 0x7F, 0x00, 0xFF, 0xE0, 0xFF, 0xF8, 0xF8, 0x7E,
    0x78, 0x0F, 0x7C, 0x07, 0xFC, 0x01, 0xFE, 0x00, 0xFF, 0x00, 0x7F, 0x80, 0x3F, 0xC0, 0x1F, 0xE0,
    0x0F, 0xF0, 0x07, 0xBC, 0x07, 0x9F, 0x07, 0xC7, 0xFF, 0xC1, 0xFF, 0xC0, 0x3F, 0x80, 0x00, 0x0E,
    0x00, 0x00, 0x3C, 0x00, 0x00, 0x70, 0x00, 0x00, 0xE0, 0x00, 0x00, 0x00, 0x01, 0xE0, 0x00, 0x0F,
    0xC0, 0x00, 0x7F, 0x80, 0x01, 0xCF, 0x00, 0x0E, 0x1C, 0x00, 0x00, 0x00, 0x00, 0x00, 0x00, 0x01,
    0xFE, 0x00, 0x1F, 0xFE, 0x00, 0xFF, 0xFC, 0x07, 0xE1, 0xF8, 0x3E, 0x01, 0xF1, 0xF0, 0x03, 0xE7,
    0x80, 0x07, 0x9E, 0x00, 0x1E, 0xF0, 0x00, 0x3F, 0xC0, 0x00, 0xFF, 0x00, 0x03, 0xFC, 0x00, 0x0F,
    0xF0, 0x00, 0x3F, 0xC0, 0x00, 0xFF, 0x00, 0x03, 0xFC, 0x00, 0x0F, 0x78, 0x00, 0x79, 0xE0, 0x01,
    0xE7, 0xC0, 0x0F, 0x8F, 0x80, 0x7C, 0x1F, 0x87, 0xE0, 0x3F, 0xFF, 0x00, 0x7F, 0xF8, 0x00, 0x7F,
    0x80, 0x00, 0x78, 0x00, 0x1C, 0x00, 0x07, 0x00, 0x03, 0x80, 0x00, 0x00, 0x0E, 0x00, 0x0F, 0x80,
    0x0F, 0xE0, 0x0F, 0x38, 0x0F, 0x1E, 0x00, 0x00, 0x00, 0x00, 0x00, 0x7F, 0x00, 0xFF, 0xE0, 0xFF,
    0xF8, 0xF8, 0x7E, 0x78, 0x0F, 0x7C, 0x07, 0xFC, 0x01, 0xFE, 0x00, 0xFF, 0x00, 0x7F, 0x80, 0x3F,
    0xC0, 0x1F, 0xE0, 0x0F, 0xF0, 0x07, 0xBC, 0x07, 0x9F, 0x07, 0xC7, 0xFF, 0xC1, 0xFF, 0xC0, 0x3F,
    0x80, 0x00, 0x78, 0x00, 0x3E, 0x00, 0x03, 0x00, 0x03, 0x80, 0x00, 0x00, 0x0E, 0x00, 0x0F, 0x80,
    0x0F, 0xE0, 0x0F, 0x78, 0x0F, 0x1C, 0x00, 0x00, 0x00, 0x00, 0x00, 0x7F, 0x00, 0xFF, 0xE0, 0xFF,
    0xF8, 0xF8, 0x7E, 0x78, 0x0F, 0x7C, 0x07, 0xFC, 0x01, 0xFE, 0x00, 0xFF, 0x00, 0x7F, 0x80, 0x3F,
    0xC0, 0x1F, 0xE0, 0x0F, 0xF0, 0x07, 0xBC, 0x07, 0x9F, 0x07, 0xC7, 0xFF, 0xC1, 0xFF, 0xC0, 0x3F,
    0x80, 0x07, 0x1C, 0x07, 0xEE, 0x03, 0x7E, 0x03, 0x8E, 0x00, 0x00, 0x00, 0x0E, 0x00, 0x0F, 0x80,
    0x0F, 0xE0, 0x0F, 0x78, 0x0F, 0x1E, 0x00, 0x00, 0x00, 0x00, 0x00, 0x7F, 0x00, 0xFF, 0xE0, 0xFF,
    0xF8, 0xF8, 0x7E, 0x78, 0x0F, 0x7C, 0x07, 0xFC, 0x01, 0xFE, 0x00, 0xFF, 0x00, 0x7F, 0x80, 0x3F,
    0xC0, 0x1F, 0xE0, 0x0F, 0xF0, 0x07, 0xBC, 0x07, 0x9F, 0x07, 0xC7, 0xFF, 0xC1, 0xFF, 0xC0, 0x3F,
    0x80, 0x00, 0x78, 0x00, 0x03, 0xF0, 0x00, 0x1F, 0xE0, 0x00, 0xF3, 0xC0, 0x03, 0x87, 0x00, 0x00,
    0x00, 0x00, 0x00, 0x00, 0x00, 0x7F, 0x80, 0x07, 0xFF, 0x80, 0x3F, 0xFF, 0x01, 0xF8, 0x7E, 0x0F,
    0x80, 0x7C, 0x7C, 0x00, 0xF9, 0xE0, 0x01, 0xE7, 0x80, 0x07, 0xBC, 0x00, 0x0F, 0xF0, 0x00, 0x3F,
    0xC0, 0x00, 0xFF, 0x00, 0x03, 0xFC, 0x00, 0x0F, 0xF0, 0x00, 0x3F, 0xC0, 0x00, 0xFF, 0x00, 0x03,
    0xDE, 0x00, 0x1E, 0x78, 0x00, 0x79, 0xF0, 0x03, 0xE3, 0xE0, 0x1F, 0x07, 0xE1, 0xF8, 0x0F, 0xFF,
    0xC0, 0x1F, 0xFE, 0x00, 0x1F, 0xE0, 0x00, 0x00, 0x00, 0x00, 0x00, 0x00, 0x00, 0x00, 0x00, 0x03,
    0x00, 0x00, 0x1E, 0x00, 0x00, 0x78, 0x00, 0x00, 0xC0, 0x00, 0x01, 0xE0, 0x01, 0xF8, 0x01, 0xFC,
    0x01, 0xE7, 0x01, 0xE1, 0xC0, 0x00, 0x00, 0x00, 0x00, 0x0F, 0xE0, 0x1F, 0xFC, 0x1F, 0xFF, 0x1F,
    0x0F, 0xCF, 0x01, 0xEF, 0x80, 0xFF, 0x80, 0x3F, 0xC0, 0x1F, 0xE0, 0x0F, 0xF0, 0x07, 0xF8, 0x03,
    0xFC, 0x01, 0xFE, 0x00, 0xF7, 0x80, 0xF3, 0xE0, 0xF8, 0xFF, 0xF8, 0x3F, 0xF8, 0x07, 0xF0, 0x00,
    0x00, 0x00, 0x00, 0x00, 0x00, 0x00, 0x0C, 0x00, 0x0F, 0x00, 0x07, 0x80, 0x01, 0x80, 0x00, 0x78,
    0x00, 0x1C, 0x00, 0x0F, 0x00, 0x03, 0x8F, 0x01, 0xC3, 0xC0, 0x00, 0xF0, 0x00, 0x3C, 0x1F, 0xFF,
    0x1F, 0xFF, 0x8F, 0xFF, 0x87, 0xC3, 0xF1, 0xE0, 0x3C, 0xF8, 0x0F, 0xBC, 0x01, 0xEF, 0x00, 0x7B,
    0xC0, 0x1E, 0xF0, 0x07, 0xBC, 0x01, 0xEF, 0x00, 0x7B, 0xC0, 0x1E, 0x78, 0x0F, 0x1F, 0x07, 0xC3,
    0xFF, 0xE0, 0x7F, 0xF0, 0x07, 0xF0, 0x00, 0x0F, 0x00, 0x01, 0xC0, 0x00, 0x78, 0x00, 0x0E, 0x0F,
    0x01, 0xC3, 0xC0, 0x00, 0xF0, 0x00, 0x3C, 0x1F, 0xFF, 0x1F, 0xFF, 0x8F, 0xFF, 0x87, 0xC3, 0xF1,
    0xE0, 0x3C, 0xF8, 0x0F, 0xBC, 0x01, 0xEF, 0x00, 0x7B, 0xC0, 0x1E, 0xF0, 0x07, 0xBC, 0x01, 0xEF,
    0x00, 0x7B, 0xC0, 0x1E, 0x78, 0x0F, 0x1F, 0x07, 0xC3, 0xFF, 0xE0, 0x7F, 0xF0, 0x07, 0xF0, 0x00,
    0x00, 0x00, 0x00, 0x03, 0xE0, 0x00, 0x0F, 0xC0, 0x00, 0x07, 0x00, 0x00, 0x38, 0x00, 0x00, 0xE0,
    0xF0, 0x00, 0x03, 0xC0, 0x00, 0x0F, 0x01, 0xFF, 0xFC, 0x1F, 0xFF, 0xF0, 0xFF, 0xFF, 0x07, 0xE1,
    0xF8, 0x3E, 0x01, 0xF1, 0xF0, 0x03, 0xE7, 0x80, 0x07, 0x9E, 0x00, 0x1E, 0xF0, 0x00, 0x3F, 0xC0,
    0x00, 0xFF, 0x00, 0x03, 0xFC, 0x00, 0x0F, 0xF0, 0x00, 0x3F, 0xC0, 0x00, 0xFF, 0x00, 0x03, 0xFC,
    0x00, 0x0F, 0x78, 0x00, 0x79, 0xE0, 0x01, 0xE7, 0xC0, 0x0F, 0x8F, 0x80, 0x7C, 0x1F, 0x87, 0xE0,
    0x3F, 0xFF, 0x00, 0x7F, 0xF8, 0x00, 0x7F, 0x80, 0x00, 0x00, 0x01, 0xF0, 0x00, 0x7E, 0x00, 0x03,
    0x80, 0x00, 0xE3, 0xC0, 0x70, 0xF0, 0x00, 0x3C, 0x00, 0x0F, 0x07, 0xFF, 0x87, 0xFF, 0xE3, 0xFF,
    0xE1, 0xF0, 0xFC, 0x78, 0x0F, 0x3E, 0x03, 0xEF, 0x00, 0x7B, 0xC0, 0x1E, 0xF0, 0x07, 0xBC, 0x01,
    0xEF, 0x00, 0x7B, 0xC0, 0x1E, 0xF0, 0x07, 0x9E, 0x03, 0xC7, 0xC1, 0xF0, 0xFF, 0xF8, 0x1F, 0xFC,
    0x01, 0xFC, 0x00, 0x07, 0x98, 0x03, 0xFE, 0x00, 0xCF, 0x38, 0x00, 0x0F, 0x00, 0x03, 0xC0, 0x00,
    0xF0, 0x7F, 0xFC, 0x7F, 0xFE, 0x3F, 0xFE, 0x1F, 0x0F, 0xC7, 0x80, 0xF3, 0xE0, 0x3E, 0xF0, 0x07,
    0xBC, 0x01, 0xEF, 0x00, 0x7B, 0xC0, 0x1E, 0xF0, 0x07, 0xBC, 0x01, 0xEF, 0x00, 0x79, 0xE0, 0x3C,
    0x7C, 0x1F, 0x0F, 0xFF, 0x81, 0xFF, 0xC0, 0x1F, 0xC0, 0x00, 0x03, 0x80, 0x00, 0xF0, 0x00, 0x3C,
    0x00, 0x0F, 0x07, 0xFF, 0xC7, 0xFF, 0xE3, 0xFF, 0xE1, 0xF0, 0xFC, 0x78, 0x0F, 0x3E, 0x03, 0xEF,
    0x00, 0x7B, 0xC0, 0x1E, 0xF0, 0x07, 0xBC, 0x01, 0xEF, 0x00, 0x7B, 0xC0, 0x1E, 0xF0, 0x07, 0x9E,
    0x03, 0xC7, 0xC1, 0xF0, 0xFF, 0xF8, 0x1F, 0xFC, 0x01, 0xFC, 0x00, 0x00, 0x00, 0x00, 0x00, 0x00,
    0x00, 0x00, 0x30, 0x00, 0x1E, 0x00, 0x07, 0x80, 0x00, 0xC0, 0x00, 0x00, 0x00, 0xC2, 0x1C, 0x71,
    0xCF, 0x38, 0xE3, 0x8E, 0x70, 0xE7, 0x1C, 0x73, 0xC7, 0x3C, 0x7F, 0xC7, 0xEC, 0x38, 0xE0, 0x0E,
    0x00, 0x06, 0x00, 0xE0, 0x0E, 0x00, 0x40, 0x00, 0x00, 0x00, 0x00, 0x3C, 0x00, 0x07, 0xC0, 0x00,
    0x38, 0x00, 0x07, 0x00, 0x01, 0xC0, 0x00, 0x00, 0x00, 0x00, 0x00, 0xF0, 0x01, 0xFE, 0x00, 0x3F,
    0xC0, 0x07, 0xF8, 0x00, 0xFF, 0x00, 0x1F, 0xE0, 0x03, 0xFC, 0x00, 0x7F, 0x80, 0x0F, 0xF0, 0x01,
    0xFE, 0x00, 0x3F, 0xC0, 0x07, 0xF8, 0x00, 0xFF, 0x00, 0x1F, 0xE0, 0x03, 0xFC, 0x00, 0x7F, 0x80,
    0x0F, 0xF0, 0x01, 0xFE, 0x00, 0x3F, 0xE0, 0x0F, 0xBC, 0x01, 0xE7, 0xE0, 0xFC, 0x7F, 0xFF, 0x03,
    0xFF, 0x80, 0x1F, 0xC0, 0x00, 0x00, 0x0F, 0x00, 0x1F, 0x00, 0x0E, 0x00, 0x18, 0x00, 0x70, 0x00,
    0x00, 0x00, 0x00, 0xF0, 0x1F, 0xE0, 0x3F, 0xC0, 0x7F, 0x80, 0xFF, 0x01, 0xFE, 0x03, 0xFC, 0x07,
    0xF8, 0x0F, 0xF0, 0x1F, 0xE0, 0x3F, 0xC0, 0x7F, 0x80, 0xFF, 0x01, 0xFE, 0x07, 0xFE, 0x1F, 0xBF,
    0xFF, 0x3F, 0xDE, 0x3F, 0x3C, 0x00, 0xF0, 0x00, 0x38, 0x00, 0x1C, 0x00, 0x07, 0x0F, 0x03, 0x83,
    0xC0, 0x00, 0xF0, 0x00, 0x3F, 0xC0, 0x7F, 0xF0, 0x1F, 0xBC, 0x07, 0x8F, 0x01, 0xE3, 0xC0, 0x78,
    0xF0, 0x1E, 0x3C, 0x07, 0x8F, 0x01, 0xE3, 0xC0, 0x78, 0xF0, 0x1E, 0x3C, 0x07, 0x8F, 0x01, 0xE3,
    0xC0, 0x78, 0xF0, 0x3E, 0x3E, 0x1F, 0x87, 0xFF, 0xE0, 0xFF, 0x78, 0x1F, 0x9E, 0x00, 0x1E, 0x00,
    0x03, 0x80, 0x00, 0x70, 0x00, 0x1C, 0x0F, 0x03, 0x83, 0xC0, 0x00, 0xF0, 0x00, 0x3F, 0xC0, 0x7F,
    0xF0, 0x1F, 0xBC, 0x07, 0x8F, 0x01, 0xE3, 0xC0, 0x78, 0xF0, 0x1E, 0x3C, 0x07, 0x8F, 0x01, 0xE3,
    0xC0, 0x78, 0xF0, 0x1E, 0x3C, 0x07, 0x8F, 0x01, 0xE3, 0xC0, 0x78, 0xF0, 0x3E, 0x3E, 0x1F, 0x87,
    0xFF, 0xE0, 0xFF, 0x78, 0x1F, 0x9E, 0x00, 0x00, 0x00, 0x01, 0xE0, 0x00, 0x7C, 0x00, 0x07, 0x00,
    0x01, 0x83, 0xC0, 0xE0, 0xF0, 0x00, 0x3C, 0x00, 0x0F, 0xF0, 0x1F, 0xFC, 0x07, 0xEF, 0x01, 0xE3,
    0xC0, 0x78, 0xF0, 0x1E, 0x3C, 0x07, 0x8F, 0x01, 0xE3, 0xC0, 0x78, 0xF0, 0x1E, 0x3C, 0x07, 0x8F,
    0x01, 0xE3, 0xC0, 0x78, 0xF0, 0x1E, 0x3C, 0x0F, 0x8F, 0x87, 0xE1, 0xFF, 0xF8, 0x3F, 0xDE, 0x07,
    0xE7, 0x80, 0x0F, 0x30, 0x07, 0xFC, 0x01, 0x9E, 0x1C, 0x00, 0x0F, 0x00, 0x03, 0xC0, 0x00, 0xFF,
    0x01, 0xFF, 0xC0, 0x7E, 0xF0, 0x1E, 0x3C, 0x07, 0x8F, 0x01, 0xE3, 0xC0, 0x78, 0xF0, 0x1E, 0x3C,
    0x07, 0x8F, 0x01, 0xE3, 0xC0, 0x78, 0xF0, 0x1E, 0x3C, 0x07, 0x8F, 0x01, 0xE3, 0xC0, 0xF8, 0xF8,
    0x7E, 0x1F, 0xFF, 0x83, 0xFD, 0xE0, 0x7E, 0x78, 0x00, 0x01, 0xC0, 0x00, 0xF0, 0x00, 0x3C, 0x00,
    0x0F, 0xF0, 0x1F, 0xFC, 0x07, 0xEF, 0x01, 0xE3, 0xC0, 0x78, 0xF0, 0x1E, 0x3C, 0x07, 0x8F, 0x01,
    0xE3, 0xC0, 0x78, 0xF0, 0x1E, 0x3C, 0x07, 0x8F, 0x01, 0xE3, 0xC0, 0x78, 0xF0, 0x1E, 0x3C, 0x0F,
    0x8F, 0x87, 0xE1, 0xFF, 0xF8, 0x3F, 0xDE, 0x07, 0xE7, 0x80, 0x00, 0x00, 0x00, 0x00, 0x00, 0x00,
    0x00, 0x60, 0x00, 0x3C, 0x00, 0x0F, 0x00, 0x01, 0x80, 0x00, 0x00, 0x03, 0xFF, 0xE7, 0xFF, 0x80,
    0x00, 0x00, 0x3F, 0xFF, 0xE7, 0xFF, 0xF8, 0x00, 0x63, 0x9C, 0x71, 0xCF, 0xBE, 0x70, 0x03, 0xBF,
    0xF7, 0x19, 0xDC, 0xC0, 0x00, 0x00, 0x03, 0x1C, 0xE3, 0x38, 0xE7, 0x18, 0xE7, 0x9E, 0xFB, 0xDE,
    0x71, 0xC0, 0x00, 0x03, 0x9E, 0x7D, 0xE7, 0x9E, 0x38, 0xE3, 0x8E, 0x31, 0xC7, 0x18, 0x63, 0x80,
    0x30, 0xCF, 0x3D, 0xEF, 0xBC, 0xF3, 0x8C, 0x63, 0x9C, 0x73, 0x1C, 0x43, 0x00, 0x00, 0x00, 0x1C,
    0x38, 0xE7, 0x9E, 0x3D, 0xC3, 0x0E,
};

static const EpdGlyph ui_script_16Glyphs[] = {
    { 0, 0, 129, 0, 0, 0, 0 }, // U+0020
    { 11, 25, 112, 2, 25, 35, 0 }, // !
    { 10, 9, 126, 5, 23, 12, 35 }, // "
    { 22, 33, 298, 2, 27, 91, 47 }, // #
    { 18, 31, 240, 1, 26, 70, 138 }, // $
    { 21, 25, 320, 3, 22, 66, 208 }, // %
    { 21, 26, 301, 2, 23, 69, 274 }, // &
    { 6, 9, 62, 5, 23, 7, 343 }, // '
    { 14, 32, 176, 5, 26, 56, 350 }, // (
    { 13, 31, 176, 0, 26, 51, 406 }, // )
    { 12, 13, 194, 6, 26, 20, 457 }, // *
    { 14, 14, 238, 3, 14, 25, 477 }, // +
    { 5, 8, 106, 1, 5, 5, 502 }, // ,
    { 10, 4, 174, 3, 9, 5, 507 }, // -
    { 5, 4, 106, 2, 6, 3, 512 }, // .
    { 17, 30, 176, 0, 26, 64, 515 }, // /
    { 14, 19, 240, 4, 19, 34, 579 }, // 0
    { 13, 20, 240, 5, 19, 33, 613 }, // 1
    { 15, 19, 240, 3, 19, 36, 646 }, // 2
    { 13, 19, 240, 4, 19, 31, 682 }, // 3
    { 14, 21, 240, 5, 20, 37, 713 }, // 4
    { 13, 19, 234, 4, 19, 31, 750 }, // 5
    { 13, 19, 247, 4, 19, 31, 781 }, // 6
    { 13, 21, 238, 5, 19, 35, 812 }, // 7
    { 16, 22, 240, 3, 20, 44, 847 }, // 8
    { 11, 22, 236, 7, 20, 31, 891 }, // 9
    { 8, 11, 106, 2, 13, 11, 922 }, // :
    { 9, 15, 106, 1, 12, 17, 933 }, // ;
    { 13, 13, 238, 3, 14, 22, 950 }, // <
    { 13, 8, 238, 3, 12, 13, 972 }, // =
    { 13, 13, 238, 4, 14, 22, 985 }, // >
    { 14, 25, 199, 5, 25, 44, 1007 }, // ?
    { 21, 22, 343, 3, 18, 58, 1051 }, // @
    { 18, 26, 271, 1, 23, 59, 1109 }, // A
    { 17, 27, 278, 2, 24, 58, 1168 }, // B
    { 16, 27, 253, 4, 24, 54, 1226 }, // C
    { 21, 29, 311, 2, 25, 77, 1280 }, // D
    { 20, 24, 284, 2, 23, 60, 1357 }, // E
    { 21, 24, 246, 2, 23, 63, 1417 }, // F
    { 17, 27, 262, 3, 24, 58, 1480 }, // G
    { 22, 28, 304, 2, 25, 77, 1538 }, // H
    { 20, 25, 216, 1, 23, 63, 1615 }, // I
    { 17, 31, 166, -2, 24, 66, 1678 }, // J
    { 21, 26, 269, 2, 23, 69, 1744 }, // K
    { 13, 26, 227, 3, 24, 43, 1813 }, // L
    { 27, 25, 387, 1, 23, 85, 1856 }, // M
    { 23, 29, 326, 2, 25, 84, 1941 }, // N
    { 18, 25, 268, 3, 23, 57, 2025 }, // O
    { 19, 25, 249, 2, 23, 60, 2082 }, // P
    { 17, 28, 264, 4, 23, 60, 2142 }, // Q
    { 20, 26, 289, 2, 24, 65, 2202 }, // R
    { 20, 26, 262, 4, 24, 65, 2267 }, // S
    { 17, 24, 244, 5, 22, 51, 2332 }, // T
    { 19, 27, 257, 4, 24, 65, 2383 }, // U
    { 17, 27, 261, 6, 24, 58, 2448 }, // V
    { 27, 24, 384, 4, 22, 81, 2506 }, // W
    { 22, 26, 279, 1, 23, 72, 2587 }, // X
    { 17, 27, 269, 6, 24, 58, 2659 }, // Y
    { 22, 25, 278, 1, 23, 69, 2717 }, // Z
    { 20, 32, 176, 1, 27, 80, 2786 }, // [
    { 8, 30, 176, 5, 26, 30, 2866 }, // <backslash>
    { 18, 31, 176, -2, 26, 70, 2896 }, // ]
    { 12, 11, 238, 4, 20, 17, 2966 }, // ^
    { 14, 3, 238, 1, 3, 6, 2983 }, // _
    { 5, 7, 188, 8, 21, 5, 2989 }, // `
    { 15, 14, 236, 2, 13, 27, 2994 }, // a
    { 14, 24, 235, 3, 24, 42, 3021 }, // b
    { 12, 15, 193, 2, 15, 23, 3063 }, // c
    { 16, 25, 213, 3, 23, 50, 3086 }, // d
    { 12, 14, 177, 2, 14, 21, 3136 }, // e
    { 15, 28, 158, 2, 23, 53, 3157 }, // f
    { 13, 22, 193, 2, 14, 36, 3210 }, // g
    { 15, 22, 251, 3, 22, 42, 3246 }, // h
    { 8, 19, 103, 3, 19, 19, 3288 }, // i
    { 15, 28, 112, -3, 20, 53, 3307 }, // j
    { 13, 24, 198, 2, 23, 39, 3360 }, // k
    { 10, 24, 93, 2, 23, 30, 3399 }, // l
    { 20, 13, 302, 2, 14, 33, 3429 }, // m
    { 14, 13, 243, 3, 13, 23, 3462 }, // n
    { 11, 13, 191, 3, 13, 18, 3485 }, // o
    { 15, 23, 202, 0, 15, 44, 3503 }, // p
    { 12, 22, 201, 3, 13, 33, 3547 }, // q
    { 13, 14, 192, 3, 14, 23, 3580 }, // r
    { 12, 15, 185, 3, 15, 23, 3603 }, // s
    { 12, 20, 177, 3, 19, 30, 3626 }, // t
    { 12, 14, 197, 3, 13, 21, 3656 }, // u
    { 11, 12, 177, 3, 13, 17, 3677 }, // v
    { 16, 12, 276, 4, 13, 24, 3694 }, // w
    { 12, 13, 183, 2, 13, 20, 3718 }, // x
    { 17, 23, 182, -3, 15, 49, 3738 }, // y
    { 13, 12, 168, 1, 12, 20, 3787 }, // z
    { 14, 32, 176, 4, 27, 56, 3807 }, // {
    { 13, 33, 176, 3, 27, 54, 3863 }, // |
    { 13, 30, 176, 2, 26, 49, 3917 }, // }
    { 14, 5, 238, 3, 12, 9, 3966 }, // ~
    { 0, 0, 129, 0, 0, 0, 3975 }, // U+00A0
    { 12, 26, 112, 0, 17, 39, 3975 }, // U+00A1
    { 18, 16, 344, 3, 16, 36, 4014 }, // U+00AB
    { 10, 11, 151, 7, 25, 14, 4050 }, // U+00B0
    { 5, 6, 100, 4, 13, 4, 4064 }, // U+00B7
    { 10, 12, 151, 5, 22, 15, 4068 }, // U+00BA
    { 19, 16, 378, 5, 15, 38, 4083 }, // U+00BB
    { 14, 26, 199, 1, 18, 46, 4121 }, // U+00BF
    { 19, 34, 268, 1, 31, 81, 4167 }, // U+00C0
    { 20, 33, 268, 1, 30, 83, 4248 }, // U+00C1
    { 21, 32, 268, 1, 29, 84, 4331 }, // U+00C2
    { 22, 33, 268, 1, 30, 91, 4415 }, // U+00C4
    { 20, 32, 268, 1, 29, 80, 4506 }, // U+00C5
    { 31, 24, 418, 1, 22, 93, 4586 }, // U+00C6
    { 16, 33, 257, 3, 24, 66, 4679 }, // U+00C7
    { 20, 31, 292, 2, 30, 78, 4745 }, // U+00C9
    { 21, 30, 292, 2, 29, 79, 4823 }, // U+00CA
    { 20, 32, 213, 1, 30, 80, 4902 }, // U+00CD
    { 20, 32, 213, 1, 30, 80, 4982 }, // U+00CE
    { 18, 33, 264, 3, 31, 75, 5062 }, // U+00D2
    { 18, 32, 264, 3, 30, 72, 5137 }, // U+00D3
    { 19, 32, 264, 3, 30, 76, 5209 }, // U+00D6
    { 20, 28, 264, 2, 24, 70, 5285 }, // U+00D8
    { 19, 34, 257, 4, 31, 81, 5355 }, // U+00D9
    { 19, 33, 257, 4, 30, 79, 5436 }, // U+00DA
    { 19, 33, 257, 4, 30, 79, 5515 }, // U+00DC
    { 17, 33, 269, 6, 30, 71, 5594 }, // U+00DD
    { 17, 31, 212, 1, 23, 66, 5665 }, // U+00DF
    { 15, 22, 233, 2, 21, 42, 5731 }, // U+00E0
    { 16, 22, 233, 2, 21, 44, 5773 }, // U+00E1
    { 15, 21, 233, 2, 20, 40, 5817 }, // U+00E2
    { 17, 20, 233, 2, 19, 43, 5857 }, // U+00E3
    { 16, 20, 233, 2, 19, 40, 5900 }, // U+00E4
    { 15, 21, 233, 2, 20, 40, 5940 }, // U+00E5
    { 20, 14, 306, 1, 14, 35, 5980 }, // U+00E6
    { 13, 21, 189, 1, 14, 35, 6015 }, // U+00E7
    { 12, 21, 173, 2, 21, 32, 6050 }, // U+00E8
    { 14, 21, 173, 2, 21, 37, 6082 }, // U+00E9
    { 13, 20, 173, 2, 20, 33, 6119 }, // U+00EA
    { 14, 19, 173, 2, 19, 34, 6152 }, // U+00EB
    { 7, 21, 100, 3, 21, 19, 6186 }, // U+00EC
    { 10, 21, 100, 3, 21, 27, 6205 }, // U+00ED
    { 10, 20, 100, 3, 20, 25, 6232 }, // U+00EE
    { 10, 19, 100, 3, 19, 24, 6257 }, // U+00EF
    { 16, 19, 240, 3, 19, 38, 6281 }, // U+00F1
    { 12, 21, 188, 2, 21, 32, 6319 }, // U+00F2
    { 14, 21, 188, 2, 21, 37, 6351 }, // U+00F3
    { 14, 20, 188, 2, 20, 35, 6388 }, // U+00F4
    { 15, 19, 188, 2, 19, 36, 6423 }, // U+00F5
    { 14, 19, 188, 2, 19, 34, 6459 }, // U+00F6
    { 15, 15, 188, 1, 14, 29, 6493 }, // U+00F8
    { 12, 22, 197, 3, 21, 33, 6522 }, // U+00F9
    { 12, 22, 197, 3, 21, 33, 6555 }, // U+00FA
    { 13, 20, 197, 3, 19, 33, 6588 }, // U+00FB
    { 14, 20, 197, 3, 19, 35, 6621 }, // U+00FC
    { 18, 29, 182, -3, 21, 66, 6656 }, // U+00FD
    { 15, 21, 233, 2, 20, 40, 6722 }, // U+0103
    { 16, 19, 233, 2, 13, 38, 6762 }, // U+0105
    { 14, 21, 189, 2, 21, 37, 6800 }, // U+0107
    { 18, 33, 257, 3, 30, 75, 6837 }, // U+010C
    { 14, 21, 189, 2, 21, 37, 6912 }, // U+010D
    { 22, 34, 308, 2, 30, 94, 6949 }, // U+010E
    { 20, 25, 245, 3, 23, 63, 7043 }, // U+010F
    { 21, 28, 308, 1, 24, 74, 7106 }, // U+0110
    { 17, 25, 210, 3, 23, 54, 7180 }, // U+0111
    { 20, 31, 292, 2, 30, 78, 7234 }, // U+0116
    { 12, 19, 173, 2, 19, 29, 7312 }, // U+0117
    { 20, 30, 292, 2, 23, 75, 7341 }, // U+0118
    { 12, 21, 173, 2, 14, 32, 7416 }, // U+0119
    { 21, 30, 292, 2, 29, 79, 7448 }, // U+011A
    { 14, 20, 173, 2, 20, 35, 7527 }, // U+011B
    { 19, 33, 266, 3, 30, 79, 7562 }, // U+011E
    { 15, 28, 189, 2, 20, 53, 7641 }, // U+011F
    { 11, 19, 100, 3, 19, 27, 7694 }, // U+0129
    { 20, 31, 213, 1, 23, 78, 7721 }, // U+012E
    { 12, 26, 100, -2, 19, 39, 7799 }, // U+012F
    { 20, 32, 213, 1, 30, 80, 7838 }, // U+0130
    { 5, 12, 100, 3, 12, 8, 7918 }, // U+0131
    { 13, 30, 90, 2, 29, 49, 7926 }, // U+013A
    { 17, 26, 227, 3, 24, 56, 7975 }, // U+013D
    { 15, 24, 161, 2, 23, 45, 8031 }, // U+013E
    { 15, 26, 227, 1, 24, 49, 8076 }, // U+0141
    { 11, 24, 120, 2, 23, 33, 8125 }, // U+0142
    { 15, 21, 240, 3, 21, 40, 8158 }, // U+0144
    { 16, 20, 240, 3, 20, 40, 8198 }, // U+0148
    { 15, 21, 188, 2, 21, 40, 8238 }, // U+0151
    { 14, 21, 192, 3, 21, 37, 8278 }, // U+0155
    { 20, 32, 266, 2, 30, 80, 8315 }, // U+0158
    { 14, 21, 192, 3, 21, 37, 8395 }, // U+0159
    { 20, 32, 259, 4, 30, 80, 8432 }, // U+015A
    { 14, 22, 182, 3, 22, 39, 8512 }, // U+015B
    { 20, 33, 259, 4, 24, 83, 8551 }, // U+015E
    { 13, 22, 182, 2, 15, 36, 8634 }, // U+015F
    { 20, 32, 259, 4, 30, 80, 8670 }, // U+0160
    { 14, 22, 182, 3, 22, 39, 8750 }, // U+0161
    { 13, 27, 177, 2, 20, 44, 8789 }, // U+0163
    { 17, 32, 244, 5, 30, 68, 8833 }, // U+0164
    { 15, 23, 187, 3, 22, 44, 8901 }, // U+0165
    { 14, 19, 197, 3, 18, 34, 8945 }, // U+016B
    { 19, 32, 257, 4, 29, 76, 8979 }, // U+016E
    { 12, 20, 197, 3, 19, 30, 9055 }, // U+016F
    { 19, 33, 257, 4, 30, 79, 9085 }, // U+0170
    { 15, 22, 197, 3, 21, 42, 9164 }, // U+0171
    { 21, 33, 257, 2, 24, 87, 9206 }, // U+0172
    { 12, 21, 197, 3, 13, 32, 9293 }, // U+0173
    { 14, 21, 168, 1, 21, 37, 9325 }, // U+017A
    { 13, 19, 168, 1, 19, 31, 9362 }, // U+017C
    { 22, 32, 278, 1, 30, 88, 9393 }, // U+017D
    { 15, 20, 168, 1, 20, 38, 9481 }, // U+017E
    { 18, 22, 318, 2, 22, 50, 9519 }, // U+01A1
    { 18, 22, 336, 2, 22, 50, 9569 }, // U+01B0
    { 20, 32, 259, 4, 24, 80, 9619 }, // U+0218
    { 12, 21, 182, 3, 14, 32, 9699 }, // U+0219
    { 20, 30, 244, 2, 22, 75, 9731 }, // U+021A
    { 13, 26, 177, 2, 20, 43, 9806 }, // U+021B
    { 18, 26, 260, 2, 24, 59, 9849 }, // U+0404
    { 20, 25, 216, 1, 22, 63, 9908 }, // U+0406
    { 18, 27, 271, 1, 24, 61, 9971 }, // U+0410
    { 20, 26, 278, 3, 24, 65, 10032 }, // U+0411
    { 17, 27, 276, 2, 24, 58, 10097 }, // U+0412
    { 20, 23, 246, 2, 22, 58, 10155 }, // U+0413
    { 26, 32, 392, 1, 24, 104, 10213 }, // U+0414
    { 20, 25, 295, 2, 24, 63, 10317 }, // U+0415
    { 32, 25, 440, 0, 23, 100, 10380 }, // U+0416
    { 18, 26, 298, 3, 25, 59, 10480 }, // U+0417
    { 24, 28, 337, 3, 24, 84, 10539 }, // U+0418
    { 24, 33, 337, 3, 29, 99, 10623 }, // U+0419
    { 21, 25, 269, 2, 23, 66, 10722 }, // U+041A
    { 22, 26, 341, 2, 23, 72, 10788 }, // U+041B
    { 27, 25, 387, 1, 23, 85, 10860 }, // U+041C
    { 22, 28, 304, 2, 25, 77, 10945 }, // U+041D
    { 18, 25, 268, 3, 23, 57, 11022 }, // U+041E
    { 24, 25, 322, 3, 24, 75, 11079 }, // U+041F
    { 19, 25, 252, 2, 23, 60, 11154 }, // U+0420
    { 16, 27, 260, 4, 24, 54, 11214 }, // U+0421
    { 17, 24, 244, 5, 22, 51, 11268 }, // U+0422
    { 18, 27, 284, 5, 24, 61, 11319 }, // U+0423
    { 22, 29, 346, 3, 25, 80, 11380 }, // U+0424
    { 22, 25, 279, 1, 22, 69, 11460 }, // U+0425
    { 22, 30, 354, 4, 22, 83, 11529 }, // U+0426
    { 18, 28, 293, 6, 24, 63, 11612 }, // U+0427
    { 29, 25, 444, 3, 24, 91, 11675 }, // U+0428
    { 28, 32, 453, 2, 23, 112, 11766 }, // U+0429
    { 26, 25, 353, 2, 24, 82, 11878 }, // U+042B
    { 14, 25, 245, 3, 24, 44, 11960 }, // U+042C
    { 17, 26, 265, 2, 24, 56, 12004 }, // U+042D
    { 21, 27, 308, 3, 24, 71, 12060 }, // U+042F
    { 15, 13, 236, 2, 13, 25, 12131 }, // U+0430
    { 17, 22, 183, 3, 22, 47, 12156 }, // U+0431
    { 16, 23, 182, 3, 23, 46, 12203 }, // U+0432
    { 12, 14, 159, 2, 13, 21, 12249 }, // U+0433
    { 12, 23, 200, 4, 22, 35, 12270 }, // U+0434
    { 12, 14, 177, 2, 14, 21, 12305 }, // U+0435
    { 20, 16, 290, 1, 14, 40, 12326 }, // U+0436
    { 16, 24, 164, -3, 13, 48, 12366 }, // U+0437
    { 12, 13, 197, 3, 13, 20, 12414 }, // U+0438
    { 14, 21, 224, 3, 20, 37, 12434 }, // U+0439
    { 13, 14, 206, 3, 14, 23, 12471 }, // U+043A
    { 14, 13, 198, 1, 13, 23, 12494 }, // U+043B
    { 19, 14, 287, 1, 13, 34, 12517 }, // U+043C
    { 14, 14, 230, 3, 13, 25, 12551 }, // U+043D
    { 11, 13, 191, 3, 13, 18, 12576 }, // U+043E
    { 13, 14, 222, 3, 14, 23, 12594 }, // U+043F
    { 14, 22, 202, 0, 14, 39, 12617 }, // U+0440
    { 12, 14, 193, 2, 13, 21, 12656 }, // U+0441
    { 17, 13, 282, 3, 13, 28, 12677 }, // U+0442
    { 17, 22, 182, -3, 15, 47, 12705 }, // U+0443
    { 18, 25, 302, 3, 16, 57, 12752 }, // U+0444
    { 12, 13, 183, 2, 13, 20, 12809 }, // U+0445
    { 13, 18, 232, 3, 13, 30, 12829 }, // U+0446
    { 12, 15, 182, 2, 14, 23, 12859 }, // U+0447
    { 18, 11, 312, 3, 12, 25, 12882 }, // U+0448
    { 16, 17, 281, 3, 13, 34, 12907 }, // U+0449
    { 10, 15, 180, 2, 14, 19, 12941 }, // U+044A
    { 18, 14, 291, 3, 13, 32, 12960 }, // U+044B
    { 10, 15, 182, 3, 14, 19, 12992 }, // U+044C
    { 12, 14, 169, 1, 13, 21, 13011 }, // U+044D
    { 18, 15, 286, 2, 14, 34, 13032 }, // U+044E
    { 12, 15, 195, 2, 15, 23, 13066 }, // U+044F
    { 14, 19, 177, 2, 19, 34, 13089 }, // U+0451
    { 11, 14, 195, 2, 13, 20, 13123 }, // U+0454
    { 8, 19, 103, 3, 19, 19, 13143 }, // U+0456
    { 10, 19, 100, 3, 19, 24, 13162 }, // U+0457
    { 18, 27, 191, -3, 20, 61, 13186 }, // U+045E
    { 15, 19, 182, 1, 18, 36, 13247 }, // U+0491
    { 20, 23, 272, 4, 22, 58, 13283 }, // U+0492
    { 13, 14, 150, 1, 13, 23, 13341 }, // U+0493
    { 21, 30, 301, 2, 23, 79, 13364 }, // U+049A
    { 13, 22, 228, 3, 14, 36, 13443 }, // U+049B
    { 22, 34, 343, 2, 25, 94, 13479 }, // U+04A2
    { 14, 18, 229, 3, 13, 32, 13573 }, // U+04A3
    { 17, 27, 269, 6, 24, 58, 13605 }, // U+04AE
    { 12, 22, 202, 4, 13, 33, 13663 }, // U+04AF
    { 19, 27, 296, 6, 24, 65, 13696 }, // U+04B0
    { 15, 21, 240, 3, 12, 40, 13761 }, // U+04B1
    { 19, 23, 266, 3, 22, 55, 13801 }, // U+04D8
    { 11, 14, 173, 2, 14, 20, 13856 }, // U+04D9
    { 18, 25, 268, 3, 23, 57, 13876 }, // U+04E8
    { 11, 13, 191, 3, 13, 18, 13933 }, // U+04E9
    { 15, 25, 300, 1, 18, 47, 13951 }, // U+1EA1
    { 23, 31, 376, 0, 31, 90, 13998 }, // U+1EA2
    { 15, 26, 300, 1, 26, 49, 14088 }, // U+1EA3
    { 16, 30, 300, 1, 30, 60, 14137 }, // U+1EA5
    { 23, 36, 376, 0, 36, 104, 14197 }, // U+1EA6
    { 15, 30, 300, 1, 30, 57, 14301 }, // U+1EA7
    { 23, 36, 376, 0, 36, 104, 14358 }, // U+1EA8
    { 15, 30, 300, 1, 30, 57, 14462 }, // U+1EA9
    { 15, 30, 300, 1, 30, 57, 14519 }, // U+1EAB
    { 23, 38, 376, 0, 31, 110, 14576 }, // U+1EAC
    { 15, 32, 300, 1, 25, 60, 14686 }, // U+1EAD
    { 23, 36, 376, 0, 36, 104, 14746 }, // U+1EAE
    { 15, 30, 300, 1, 30, 57, 14850 }, // U+1EAF
    { 15, 30, 300, 1, 30, 57, 14907 }, // U+1EB1
    { 15, 30, 300, 1, 30, 57, 14964 }, // U+1EB5
    { 15, 32, 300, 1, 25, 60, 15021 }, // U+1EB7
    { 12, 20, 173, 2, 14, 30, 15081 }, // U+1EB9
    { 17, 26, 311, 2, 26, 56, 15111 }, // U+1EBB
    { 15, 19, 173, 2, 19, 36, 15167 }, // U+1EBD
    { 17, 30, 311, 2, 30, 64, 15203 }, // U+1EBF
    { 16, 36, 321, 3, 36, 72, 15267 }, // U+1EC0
    { 17, 30, 311, 2, 30, 64, 15339 }, // U+1EC1
    { 17, 30, 311, 2, 30, 64, 15403 }, // U+1EC3
    { 17, 32, 311, 2, 25, 68, 15467 }, // U+1EC7
    { 6, 25, 132, 1, 25, 19, 15535 }, // U+1EC9
    { 10, 25, 100, 0, 19, 32, 15554 }, // U+1ECB
    { 18, 30, 264, 3, 23, 68, 15586 }, // U+1ECC
    { 12, 19, 188, 2, 13, 29, 15654 }, // U+1ECD
    { 17, 26, 319, 2, 26, 56, 15683 }, // U+1ECF
    { 22, 36, 408, 2, 36, 99, 15739 }, // U+1ED0
    { 17, 30, 319, 2, 30, 64, 15838 }, // U+1ED1
    { 22, 36, 408, 2, 36, 99, 15902 }, // U+1ED2
    { 17, 30, 319, 2, 30, 64, 16001 }, // U+1ED3
    { 17, 30, 319, 2, 30, 64, 16065 }, // U+1ED5
    { 17, 30, 319, 2, 30, 64, 16129 }, // U+1ED7
    { 22, 38, 408, 2, 31, 105, 16193 }, // U+1ED8
    { 17, 32, 319, 2, 25, 68, 16298 }, // U+1ED9
    { 18, 25, 318, 2, 25, 57, 16366 }, // U+1EDB
    { 18, 25, 318, 2, 25, 57, 16423 }, // U+1EDD
    { 22, 32, 408, 2, 32, 88, 16480 }, // U+1EDE
    { 18, 26, 318, 2, 26, 59, 16568 }, // U+1EDF
    { 18, 24, 318, 2, 24, 54, 16627 }, // U+1EE1
    { 18, 29, 318, 2, 22, 66, 16681 }, // U+1EE3
    { 12, 19, 197, 3, 13, 29, 16747 }, // U+1EE5
    { 19, 32, 392, 3, 32, 76, 16776 }, // U+1EE6
    { 15, 26, 318, 2, 26, 49, 16852 }, // U+1EE7
    { 18, 25, 336, 2, 25, 57, 16901 }, // U+1EE9
    { 18, 25, 336, 2, 25, 57, 16958 }, // U+1EEB
    { 18, 26, 336, 2, 26, 59, 17015 }, // U+1EED
    { 18, 24, 336, 2, 24, 54, 17074 }, // U+1EEF
    { 18, 29, 336, 2, 22, 66, 17128 }, // U+1EF1
    { 14, 3, 238, 3, 9, 6, 17194 }, // U+2013
    { 18, 3, 302, 3, 9, 7, 17200 }, // U+2014
    { 6, 9, 62, 5, 24, 7, 17207 }, // U+2018
    { 5, 10, 62, 6, 24, 7, 17214 }, // U+2019
    { 11, 9, 142, 5, 24, 13, 17221 }, // U+201C
    { 12, 9, 142, 5, 24, 14, 17234 }, // U+201D
    { 11, 9, 142, 0, 5, 13, 17248 }, // U+201E
    { 18, 4, 317, 2, 6, 9, 17261 }, // U+2026
};

static const EpdUnicodeInterval ui_script_16Intervals[] = {
    { 0x20, 0x7E, 0x0 },
    { 0xA0, 0xA1, 0x5F },
    { 0xAB, 0xAB, 0x61 },
    { 0xB0, 0xB0, 0x62 },
    { 0xB7, 0xB7, 0x63 },
    { 0xBA, 0xBB, 0x64 },
    { 0xBF, 0xC2, 0x66 },
    { 0xC4, 0xC7, 0x6A },
    { 0xC9, 0xCA, 0x6E },
    { 0xCD, 0xCE, 0x70 },
    { 0xD2, 0xD3, 0x72 },
    { 0xD6, 0xD6, 0x74 },
    { 0xD8, 0xDA, 0x75 },
    { 0xDC, 0xDD, 0x78 },
    { 0xDF, 0xEF, 0x7A },
    { 0xF1, 0xF6, 0x8B },
    { 0xF8, 0xFD, 0x91 },
    { 0x103, 0x103, 0x97 },
    { 0x105, 0x105, 0x98 },
    { 0x107, 0x107, 0x99 },
    { 0x10C, 0x111, 0x9A },
    { 0x116, 0x11B, 0xA0 },
    { 0x11E, 0x11F, 0xA6 },
    { 0x129, 0x129, 0xA8 },
    { 0x12E, 0x131, 0xA9 },
    { 0x13A, 0x13A, 0xAD },
    { 0x13D, 0x13E, 0xAE },
    { 0x141, 0x142, 0xB0 },
    { 0x144, 0x144, 0xB2 },
    { 0x148, 0x148, 0xB3 },
    { 0x151, 0x151, 0xB4 },
    { 0x155, 0x155, 0xB5 },
    { 0x158, 0x15B, 0xB6 },
    { 0x15E, 0x161, 0xBA },
    { 0x163, 0x165, 0xBE },
    { 0x16B, 0x16B, 0xC1 },
    { 0x16E, 0x173, 0xC2 },
    { 0x17A, 0x17A, 0xC8 },
    { 0x17C, 0x17E, 0xC9 },
    { 0x1A1, 0x1A1, 0xCC },
    { 0x1B0, 0x1B0, 0xCD },
    { 0x218, 0x21B, 0xCE },
    { 0x404, 0x404, 0xD2 },
    { 0x406, 0x406, 0xD3 },
    { 0x410, 0x429, 0xD4 },
    { 0x42B, 0x42D, 0xEE },
    { 0x42F, 0x44F, 0xF1 },
    { 0x451, 0x451, 0x112 },
    { 0x454, 0x454, 0x113 },
    { 0x456, 0x457, 0x114 },
    { 0x45E, 0x45E, 0x116 },
    { 0x491, 0x493, 0x117 },
    { 0x49A, 0x49B, 0x11A },
    { 0x4A2, 0x4A3, 0x11C },
    { 0x4AE, 0x4B1, 0x11E },
    { 0x4D8, 0x4D9, 0x122 },
    { 0x4E8, 0x4E9, 0x124 },
    { 0x1EA1, 0x1EA3, 0x126 },
    { 0x1EA5, 0x1EA9, 0x129 },
    { 0x1EAB, 0x1EAF, 0x12E },
    { 0x1EB1, 0x1EB1, 0x133 },
    { 0x1EB5, 0x1EB5, 0x134 },
    { 0x1EB7, 0x1EB7, 0x135 },
    { 0x1EB9, 0x1EB9, 0x136 },
    { 0x1EBB, 0x1EBB, 0x137 },
    { 0x1EBD, 0x1EBD, 0x138 },
    { 0x1EBF, 0x1EC1, 0x139 },
    { 0x1EC3, 0x1EC3, 0x13C },
    { 0x1EC7, 0x1EC7, 0x13D },
    { 0x1EC9, 0x1EC9, 0x13E },
    { 0x1ECB, 0x1ECD, 0x13F },
    { 0x1ECF, 0x1ED3, 0x142 },
    { 0x1ED5, 0x1ED5, 0x147 },
    { 0x1ED7, 0x1ED9, 0x148 },
    { 0x1EDB, 0x1EDB, 0x14B },
    { 0x1EDD, 0x1EDF, 0x14C },
    { 0x1EE1, 0x1EE1, 0x14F },
    { 0x1EE3, 0x1EE3, 0x150 },
    { 0x1EE5, 0x1EE7, 0x151 },
    { 0x1EE9, 0x1EE9, 0x154 },
    { 0x1EEB, 0x1EEB, 0x155 },
    { 0x1EED, 0x1EED, 0x156 },
    { 0x1EEF, 0x1EEF, 0x157 },
    { 0x1EF1, 0x1EF1, 0x158 },
    { 0x2013, 0x2014, 0x159 },
    { 0x2018, 0x2019, 0x15B },
    { 0x201C, 0x201E, 0x15D },
    { 0x2026, 0x2026, 0x160 },
};

static const EpdKernClassEntry ui_script_16KernLeftClasses[] = {
    { 0x0041, 1 }, // A
    { 0x0042, 2 }, // B
    { 0x0043, 3 }, // C
    { 0x0044, 4 }, // D
    { 0x0045, 5 }, // E
    { 0x0046, 6 }, // F
    { 0x0047, 7 }, // G
    { 0x0048, 8 }, // H
    { 0x0049, 9 }, // I
    { 0x004A, 10 }, // J
    { 0x004B, 11 }, // K
    { 0x004C, 12 }, // L
    { 0x004D, 13 }, // M
    { 0x004E, 14 }, // N
    { 0x004F, 15 }, // O
    { 0x0050, 16 }, // P
    { 0x0051, 17 }, // Q
    { 0x0052, 18 }, // R
    { 0x0053, 19 }, // S
    { 0x0054, 20 }, // T
    { 0x0055, 21 }, // U
    { 0x0056, 22 }, // V
    { 0x0057, 23 }, // W
    { 0x0058, 24 }, // X
    { 0x0059, 25 }, // Y
    { 0x005A, 26 }, // Z
    { 0x0061, 27 }, // a
    { 0x0062, 28 }, // b
    { 0x0063, 29 }, // c
    { 0x0064, 30 }, // d
    { 0x0065, 31 }, // e
    { 0x0066, 32 }, // f
    { 0x0067, 33 }, // g
    { 0x0068, 34 }, // h
    { 0x0069, 35 }, // i
    { 0x006A, 36 }, // j
    { 0x006B, 37 }, // k
    { 0x006C, 38 }, // l
    { 0x006D, 39 }, // m
    { 0x006E, 40 }, // n
    { 0x006F, 41 }, // o
    { 0x0070, 42 }, // p
    { 0x0071, 43 }, // q
    { 0x0072, 44 }, // r
    { 0x0073, 45 }, // s
    { 0x0074, 46 }, // t
    { 0x0075, 47 }, // u
    { 0x0076, 48 }, // v
    { 0x0077, 49 }, // w
    { 0x0078, 50 }, // x
    { 0x0079, 51 }, // y
    { 0x007A, 52 }, // z
    { 0x01B0, 53 }, // U+01B0
    { 0x0406, 54 }, // U+0406
    { 0x0410, 55 }, // U+0410
    { 0x0411, 56 }, // U+0411
    { 0x0412, 57 }, // U+0412
    { 0x0413, 58 }, // U+0413
    { 0x0414, 59 }, // U+0414
    { 0x0415, 60 }, // U+0415
    { 0x0416, 61 }, // U+0416
    { 0x0417, 62 }, // U+0417
    { 0x0418, 63 }, // U+0418
    { 0x0419, 63 }, // U+0419
    { 0x041A, 64 }, // U+041A
    { 0x041B, 65 }, // U+041B
    { 0x041C, 66 }, // U+041C
    { 0x041D, 67 }, // U+041D
    { 0x041E, 68 }, // U+041E
    { 0x041F, 69 }, // U+041F
    { 0x0420, 70 }, // U+0420
    { 0x0421, 71 }, // U+0421
    { 0x0422, 72 }, // U+0422
    { 0x0423, 73 }, // U+0423
    { 0x0424, 74 }, // U+0424
    { 0x0425, 75 }, // U+0425
    { 0x0426, 76 }, // U+0426
    { 0x0427, 77 }, // U+0427
    { 0x0428, 78 }, // U+0428
    { 0x0429, 79 }, // U+0429
    { 0x042B, 80 }, // U+042B
    { 0x042C, 81 }, // U+042C
    { 0x042D, 82 }, // U+042D
    { 0x042F, 83 }, // U+042F
    { 0x0430, 84 }, // U+0430
    { 0x0431, 85 }, // U+0431
    { 0x0432, 86 }, // U+0432
    { 0x0433, 87 }, // U+0433
    { 0x0434, 88 }, // U+0434
    { 0x0435, 89 }, // U+0435
    { 0x0436, 90 }, // U+0436
    { 0x0437, 91 }, // U+0437
    { 0x0438, 92 }, // U+0438
    { 0x0439, 93 }, // U+0439
    { 0x043A, 94 }, // U+043A
    { 0x043B, 95 }, // U+043B
    { 0x043C, 96 }, // U+043C
    { 0x043D, 97 }, // U+043D
    { 0x043E, 98 }, // U+043E
    { 0x043F, 99 }, // U+043F
    { 0x0440, 100 }, // U+0440
    { 0x0441, 101 }, // U+0441
    { 0x0442, 102 }, // U+0442
    { 0x0443, 103 }, // U+0443
    { 0x0444, 104 }, // U+0444
    { 0x0445, 105 }, // U+0445
    { 0x0446, 106 }, // U+0446
    { 0x0447, 107 }, // U+0447
    { 0x0448, 108 }, // U+0448
    { 0x0449, 109 }, // U+0449
    { 0x044A, 110 }, // U+044A
    { 0x044B, 111 }, // U+044B
    { 0x044C, 112 }, // U+044C
    { 0x044D, 113 }, // U+044D
    { 0x044E, 114 }, // U+044E
    { 0x044F, 115 }, // U+044F
    { 0x045E, 116 }, // U+045E
    { 0x0491, 117 }, // U+0491
    { 0x049A, 118 }, // U+049A
    { 0x049B, 119 }, // U+049B
    { 0x04A3, 120 }, // U+04A3
    { 0x04AE, 121 }, // U+04AE
    { 0x04D8, 122 }, // U+04D8
    { 0x04D9, 123 }, // U+04D9
    { 0x04E8, 122 }, // U+04E8
    { 0x04E9, 123 }, // U+04E9
    { 0x1EA2, 124 }, // U+1EA2
    { 0x1EA6, 124 }, // U+1EA6
    { 0x1EA8, 124 }, // U+1EA8
    { 0x1EAC, 124 }, // U+1EAC
    { 0x1EAE, 124 }, // U+1EAE
    { 0x1EBB, 125 }, // U+1EBB
    { 0x1EBF, 125 }, // U+1EBF
    { 0x1EC1, 125 }, // U+1EC1
    { 0x1EC3, 125 }, // U+1EC3
    { 0x1EC7, 125 }, // U+1EC7
    { 0x1ECF, 125 }, // U+1ECF
    { 0x1ED0, 126 }, // U+1ED0
    { 0x1ED1, 125 }, // U+1ED1
    { 0x1ED2, 126 }, // U+1ED2
    { 0x1ED3, 125 }, // U+1ED3
    { 0x1ED5, 125 }, // U+1ED5
    { 0x1ED7, 125 }, // U+1ED7
    { 0x1ED8, 126 }, // U+1ED8
    { 0x1ED9, 125 }, // U+1ED9
    { 0x1EDB, 125 }, // U+1EDB
    { 0x1EDD, 125 }, // U+1EDD
    { 0x1EDE, 126 }, // U+1EDE
    { 0x1EDF, 125 }, // U+1EDF
    { 0x1EE1, 125 }, // U+1EE1
    { 0x1EE3, 125 }, // U+1EE3
    { 0x1EE6, 127 }, // U+1EE6
    { 0x1EED, 53 }, // U+1EED
    { 0x2018, 128 }, // U+2018
};

static const EpdKernClassEntry ui_script_16KernRightClasses[] = {
    { 0x0041, 1 }, // A
    { 0x0042, 2 }, // B
    { 0x0043, 3 }, // C
    { 0x0044, 4 }, // D
    { 0x0045, 5 }, // E
    { 0x0046, 6 }, // F
    { 0x0047, 7 }, // G
    { 0x0048, 8 }, // H
    { 0x0049, 9 }, // I
    { 0x004A, 10 }, // J
    { 0x004B, 11 }, // K
    { 0x004C, 12 }, // L
    { 0x004D, 13 }, // M
    { 0x004E, 14 }, // N
    { 0x004F, 15 }, // O
    { 0x0050, 16 }, // P
    { 0x0051, 17 }, // Q
    { 0x0052, 18 }, // R
    { 0x0053, 19 }, // S
    { 0x0054, 20 }, // T
    { 0x0055, 21 }, // U
    { 0x0056, 22 }, // V
    { 0x0057, 23 }, // W
    { 0x0058, 24 }, // X
    { 0x0059, 25 }, // Y
    { 0x005A, 26 }, // Z
    { 0x0061, 27 }, // a
    { 0x0062, 28 }, // b
    { 0x0063, 29 }, // c
    { 0x0064, 30 }, // d
    { 0x0065, 31 }, // e
    { 0x0066, 32 }, // f
    { 0x0067, 33 }, // g
    { 0x0068, 34 }, // h
    { 0x0069, 35 }, // i
    { 0x006A, 36 }, // j
    { 0x006B, 37 }, // k
    { 0x006C, 38 }, // l
    { 0x006D, 39 }, // m
    { 0x006E, 40 }, // n
    { 0x006F, 41 }, // o
    { 0x0070, 42 }, // p
    { 0x0071, 43 }, // q
    { 0x0072, 44 }, // r
    { 0x0073, 45 }, // s
    { 0x0074, 46 }, // t
    { 0x0075, 47 }, // u
    { 0x0076, 48 }, // v
    { 0x0077, 49 }, // w
    { 0x0078, 50 }, // x
    { 0x0079, 51 }, // y
    { 0x007A, 52 }, // z
    { 0x01A1, 53 }, // U+01A1
    { 0x0406, 54 }, // U+0406
    { 0x0410, 55 }, // U+0410
    { 0x0411, 56 }, // U+0411
    { 0x0412, 57 }, // U+0412
    { 0x0413, 58 }, // U+0413
    { 0x0414, 59 }, // U+0414
    { 0x0415, 60 }, // U+0415
    { 0x0416, 61 }, // U+0416
    { 0x0417, 62 }, // U+0417
    { 0x041A, 63 }, // U+041A
    { 0x041B, 64 }, // U+041B
    { 0x041C, 65 }, // U+041C
    { 0x041D, 66 }, // U+041D
    { 0x041E, 67 }, // U+041E
    { 0x041F, 68 }, // U+041F
    { 0x0420, 69 }, // U+0420
    { 0x0421, 70 }, // U+0421
    { 0x0422, 71 }, // U+0422
    { 0x0423, 72 }, // U+0423
    { 0x0424, 73 }, // U+0424
    { 0x0425, 74 }, // U+0425
    { 0x0426, 75 }, // U+0426
    { 0x0427, 76 }, // U+0427
    { 0x0429, 77 }, // U+0429
    { 0x042C, 78 }, // U+042C
    { 0x042D, 79 }, // U+042D
    { 0x042F, 80 }, // U+042F
    { 0x0430, 81 }, // U+0430
    { 0x0431, 82 }, // U+0431
    { 0x0432, 83 }, // U+0432
    { 0x0433, 84 }, // U+0433
    { 0x0434, 85 }, // U+0434
    { 0x0435, 86 }, // U+0435
    { 0x0436, 87 }, // U+0436
    { 0x0437, 88 }, // U+0437
    { 0x0438, 89 }, // U+0438
    { 0x0439, 90 }, // U+0439
    { 0x043A, 91 }, // U+043A
    { 0x043B, 92 }, // U+043B
    { 0x043C, 93 }, // U+043C
    { 0x043D, 94 }, // U+043D
    { 0x043E, 95 }, // U+043E
    { 0x043F, 96 }, // U+043F
    { 0x0440, 97 }, // U+0440
    { 0x0441, 98 }, // U+0441
    { 0x0442, 99 }, // U+0442
    { 0x0443, 100 }, // U+0443
    { 0x0444, 101 }, // U+0444
    { 0x0445, 102 }, // U+0445
    { 0x0446, 103 }, // U+0446
    { 0x0447, 104 }, // U+0447
    { 0x0448, 105 }, // U+0448
    { 0x0449, 106 }, // U+0449
    { 0x044A, 107 }, // U+044A
    { 0x044B, 108 }, // U+044B
    { 0x044C, 109 }, // U+044C
    { 0x044D, 110 }, // U+044D
    { 0x044E, 111 }, // U+044E
    { 0x044F, 112 }, // U+044F
    { 0x0451, 113 }, // U+0451
    { 0x0454, 114 }, // U+0454
    { 0x0456, 115 }, // U+0456
    { 0x0457, 116 }, // U+0457
    { 0x045E, 117 }, // U+045E
    { 0x0491, 118 }, // U+0491
    { 0x0493, 119 }, // U+0493
    { 0x049A, 120 }, // U+049A
    { 0x049B, 121 }, // U+049B
    { 0x04A2, 122 }, // U+04A2
    { 0x04A3, 123 }, // U+04A3
    { 0x04AE, 124 }, // U+04AE
    { 0x04D9, 125 }, // U+04D9
    { 0x04E8, 126 }, // U+04E8
    { 0x04E9, 125 }, // U+04E9
    { 0x1EA1, 127 }, // U+1EA1
    { 0x1EA2, 128 }, // U+1EA2
    { 0x1EA3, 127 }, // U+1EA3
    { 0x1EA5, 127 }, // U+1EA5
    { 0x1EA6, 128 }, // U+1EA6
    { 0x1EA7, 127 }, // U+1EA7
    { 0x1EA8, 128 }, // U+1EA8
    { 0x1EA9, 127 }, // U+1EA9
    { 0x1EAB, 127 }, // U+1EAB
    { 0x1EAC, 128 }, // U+1EAC
    { 0x1EAD, 127 }, // U+1EAD
    { 0x1EAE, 128 }, // U+1EAE
    { 0x1EAF, 127 }, // U+1EAF
    { 0x1EB1, 127 }, // U+1EB1
    { 0x1EB5, 127 }, // U+1EB5
    { 0x1EB7, 127 }, // U+1EB7
    { 0x1EBB, 53 }, // U+1EBB
    { 0x1EBF, 53 }, // U+1EBF
    { 0x1EC1, 53 }, // U+1EC1
    { 0x1EC3, 53 }, // U+1EC3
    { 0x1EC7, 53 }, // U+1EC7
    { 0x1EC9, 129 }, // U+1EC9
    { 0x1ECF, 53 }, // U+1ECF
    { 0x1ED0, 130 }, // U+1ED0
    { 0x1ED1, 53 }, // U+1ED1
    { 0x1ED2, 130 }, // U+1ED2
    { 0x1ED3, 53 }, // U+1ED3
    { 0x1ED5, 53 }, // U+1ED5
    { 0x1ED7, 53 }, // U+1ED7
    { 0x1ED8, 130 }, // U+1ED8
    { 0x1ED9, 53 }, // U+1ED9
    { 0x1EDB, 53 }, // U+1EDB
    { 0x1EDD, 53 }, // U+1EDD
    { 0x1EDE, 130 }, // U+1EDE
    { 0x1EDF, 53 }, // U+1EDF
    { 0x1EE1, 53 }, // U+1EE1
    { 0x1EE3, 53 }, // U+1EE3
    { 0x1EE6, 131 }, // U+1EE6
    { 0x2018, 132 }, // U+2018
};

static const int8_t ui_script_16KernMatrix[] = {
       0,    0,  -11,    0,   -5,    0,   -5,   -5,    5,    5,    0,   -5,    5,    0,  -11,   -5,  -11,    0,  -19,  -27,  -11,  -21,  -11,   -5,  -35,   -5,    0,    0,    0,    0,    0,    0,    0,    0,    0,    5,    0,    0,    0,   -5,    0,    0,   -5,   -5,   -5,    0,   -5,   -3,    0,    5,   -5,   11,    0,    0,    0,    0,    0,    0,    0,    0,    0,    0,    0,    0,    0,    0,    0,    0,    0,    0,    0,    0,    0,    0,    0,    0,    0,    0,    0,    0,    0,    0,    0,    0,    0,    0,    0,    0,    0,    0,    0,    0,    0,    0,    0,    0,    0,    0,    0,    0,    0,    0,    0,    0,    0,    0,    0,    0,    0,    0,    0,    0,    0,    0,    0,    0,    0,    0,    0,    0,    0,    0,    0,    0,    0,    0,    0,    0,    0,    0,    0,    0,
       0,    0,  -11,    0,    0,  -11,    0,    0,   -5,   -5,    0,    0,    0,    0,    0,   -5,    0,   -5,  -11,  -21,  -11,  -27,  -27,  -21,  -35,  -16,    0,    0,    0,    0,    0,    5,    5,    0,    5,    5,    5,    5,    5,    0,    0,    0,    0,    0,    0,    0,    0,    0,    0,    5,    0,   21,    0,    0,    0,    0,    0,    0,    0,    0,    0,    0,    0,    0,    0,    0,    0,    0,    0,    0,    0,    0,    0,    0,    0,    0,    0,    0,    0,    0,    0,    0,    0,    0,    0,    0,    0,    0,    0,    0,    0,    0,    0,    0,    0,    0,    0,    0,    0,    0,    0,    0,    0,    0,    0,    0,    0,    0,    0,    0,    0,    0,    0,    0,    0,    0,    0,    0,    0,    0,    0,    0,    0,    0,    0,    0,    0,    0,    0,    0,    0,    0,
     -11,    0,   -5,    0,   -5,    0,   -5,    0,    0,   -5,   -5,    0,    0,    0,   -5,   -5,  -11,    0,   -5,  -11,   -5,  -11,  -11,  -16,  -19,  -21,    0,    0,   -3,   -5,    0,    0,    0,    0,    0,    5,    0,    3,    0,   -3,    0,    0,    0,    0,   -5,    5,   -5,  -11,   -5,   11,    0,   11,    0,    0,    0,    0,    0,    0,    0,    0,    0,    0,    0,    0,    0,    0,    0,    0,    0,    0,    0,    0,    0,    0,    0,    0,    0,    0,    0,    0,    0,    0,    0,    0,    0,    0,    0,    0,    0,    0,    0,    0,    0,    0,    0,    0,    0,    0,    0,    0,    0,    0,    0,    0,    0,    0,    0,    0,    0,    0,    0,    0,    0,    0,    0,    0,    0,    0,    0,    0,    0,    0,    0,    0,    0,    0,    0,    0,    0,    0,    0,    0,
      -5,    0,    0,    0,    0,   -5,    0,    0,   -5,   -5,    0,    0,   -3,    0,    0,    0,    0,    0,    0,  -21,    0,  -16,   -5,  -27,  -27,  -16,    0,    5,    5,    0,    5,   11,    5,    5,    8,    3,    5,    5,   11,    0,    5,    5,    5,    5,    5,   11,    0,   16,   11,   11,    5,   16,    0,    0,    0,    0,    0,    0,    0,    0,    0,    0,    0,    0,    0,    0,    0,    0,    0,    0,    0,    0,    0,    0,    0,    0,    0,    0,    0,    0,    0,    0,    0,    0,    0,    0,    0,    0,    0,    0,    0,    0,    0,    0,    0,    0,    0,    0,    0,    0,    0,    0,    0,    0,    0,    0,    0,    0,    0,    0,    0,    0,    0,    0,    0,    0,    0,    0,    0,    0,    0,    0,    0,    0,    0,    0,    0,    0,    0,    0,    0,    0,
       0,    0,   -5,   -5,    0,    0,   -5,    0,    0,   -5,    0,    0,    0,    0,   -5,    0,  -11,    0,  -21,   -5,  -11,  -13,  -16,  -21,  -27,  -11,    0,    0,    0,    0,    0,    0,    0,    0,    0,    0,    0,    0,    0,    0,    0,    0,    0,    0,    0,    0,    0,   -5,   -5,    5,   -5,   11,    0,    0,    0,    0,    0,    0,    0,    0,    0,    0,    0,    0,    0,    0,    0,    0,    0,    0,    0,    0,    0,    0,    0,    0,    0,    0,    0,    0,    0,    0,    0,    0,    0,    0,    0,    0,    0,    0,    0,    0,    0,    0,    0,    0,    0,    0,    0,    0,    0,    0,    0,    0,    0,    0,    0,    0,    0,    0,    0,    0,    0,    0,    0,    0,    0,    0,    0,    0,    0,    0,    0,    0,    0,    0,    0,    0,    0,    0,    0,    0,
     -21,    0,   -5,   11,    0,   11,    0,    0,    5,   11,    0,    5,   -5,    5,    5,   -5,    5,    0,    5,  -16,    0,    5,    5,    0,    5,   -5,  -16,    0,  -11,  -11,   -8,    5,   -5,   11,    5,    5,    5,   11,    0,  -11,  -11,   -5,   -5,   -5,    0,    5,   -5,    5,    0,    0,    0,    5,    0,    0,    0,    0,    0,    0,    0,    0,    0,    0,    0,    0,    0,    0,    0,    0,    0,    0,    0,    0,    0,    0,    0,    0,    0,    0,    0,    0,    0,    0,    0,    0,    0,    0,    0,    0,    0,    0,    0,    0,    0,    0,    0,    0,    0,    0,    0,    0,    0,    0,    0,    0,    0,    0,    0,    0,    0,    0,    0,    0,    0,    0,    0,    0,    0,    0,    0,    0,    0,    0,    0,    0,    0,    0,    0,    0,    0,    0,    0,    0,
      -5,    0,    0,    0,    0,    0,    0,    0,   -5,   -5,    0,    0,   -5,    5,    0,  -11,    0,    0,   -5,    0,   -5,   -5,  -11,  -21,  -21,  -11,    0,    0,    0,    0,    0,    5,    0,    5,    5,    5,    5,    5,    5,    0,    0,    0,    0,    0,    0,    5,    0,    5,    0,    5,    0,    5,    0,    0,    0,    0,    0,    0,    0,    0,    0,    0,    0,    0,    0,    0,    0,    0,    0,    0,    0,    0,    0,    0,    0,    0,    0,    0,    0,    0,    0,    0,    0,    0,    0,    0,    0,    0,    0,    0,    0,    0,    0,    0,    0,    0,    0,    0,    0,    0,    0,    0,    0,    0,    0,    0,    0,    0,    0,    0,    0,    0,    0,    0,    0,    0,    0,    0,    0,    0,    0,    0,    0,    0,    0,    0,    0,    0,    0,    0,    0,    0,
       0,    0,    0,    0,    0,    0,    0,    0,    0,    0,    0,    0,    0,    0,    0,    0,    0,    0,    0,    0,    0,    0,    0,    0,    0,    0,    0,    5,    0,    0,    0,    5,    0,    5,    5,   11,    5,    5,    5,    0,    0,    0,    0,    0,    0,   11,    0,    5,    0,   11,    5,   11,    0,    0,    0,    0,    0,    0,    0,    0,    0,    0,    0,    0,    0,    0,    0,    0,    0,    0,    0,    0,    0,    0,    0,    0,    0,    0,    0,    0,    0,    0,    0,    0,    0,    0,    0,    0,    0,    0,    0,    0,    0,    0,    0,    0,    0,    0,    0,    0,    0,    0,    0,    0,    0,    0,    0,    0,    0,    0,    0,    0,    0,    0,    0,    0,    0,    0,    0,    0,    0,    0,    0,    0,    0,    0,    0,    0,    0,    0,    0,    0,
       5,    0,    0,   16,    0,   21,    0,    0,   16,   21,    5,    5,   16,   11,    0,    0,    0,    5,    0,    0,    5,   16,   11,    5,   16,   11,   -5,    5,   -5,   -5,   -5,   11,   -5,   16,   11,   16,   11,   11,    0,   -5,   -5,    5,  -11,   -5,   -5,    5,   -5,  -11,  -13,    5,   -5,   11,    0,    0,    0,    0,    0,    0,    0,    0,    0,    0,    0,    0,    0,    0,    0,    0,    0,    0,    0,    0,    0,    0,    0,    0,    0,    0,    0,    0,    0,    0,    0,    0,    0,    0,    0,    0,    0,    0,    0,    0,    0,    0,    0,    0,    0,    0,    0,    0,    0,    0,    0,    0,    0,    0,    0,    0,    0,    0,    0,    0,    0,    0,    0,    0,    0,    0,    0,    0,    0,    0,    0,    0,    0,    0,    0,    0,    0,    0,    0,    0,
       0,    0,    0,    0,    0,    0,    0,    0,   -5,    5,    0,    0,    0,    0,   -5,   -5,   -5,   -5,    0,    5,   -5,    0,    0,  -13,  -11,  -11,   -5,    5,   -5,   -5,   -5,    5,    0,    5,    5,   11,    5,   11,    0,   -5,   -5,    5,   -5,    0,    0,   11,  -11,    0,    0,    0,    0,    5,    0,    0,    0,    0,    0,    0,    0,    0,    0,    0,    0,    0,    0,    0,    0,    0,    0,    0,    0,    0,    0,    0,    0,    0,    0,    0,    0,    0,    0,    0,    0,    0,    0,    0,    0,    0,    0,    0,    0,    0,    0,    0,    0,    0,    0,    0,    0,    0,    0,    0,    0,    0,    0,    0,    0,    0,    0,    0,    0,    0,    0,    0,    0,    0,    0,    0,    0,    0,    0,    0,    0,    0,    0,    0,    0,    0,    0,    0,    0,    0,
       0,    0,   -5,    5,    0,   11,   -5,    0,    0,   11,    0,    0,   11,    0,   -5,    0,    0,    0,    0,   -5,    0,    0,    0,   -5,    0,    0,  -21,    0,  -21,  -21,  -21,    5,  -21,    5,    5,   21,    5,    5,    0,  -21,  -27,    5,  -27,    0,  -21,    5,  -32,  -16,  -21,   -5,  -16,    0,    0,    0,    0,    0,    0,    0,    0,    0,    0,    0,    0,    0,    0,    0,    0,    0,    0,    0,    0,    0,    0,    0,    0,    0,    0,    0,    0,    0,    0,    0,    0,    0,    0,    0,    0,    0,    0,    0,    0,    0,    0,    0,    0,    0,    0,    0,    0,    0,    0,    0,    0,    0,    0,    0,    0,    0,    0,    0,    0,    0,    0,    0,    0,    0,    0,    0,    0,    0,    0,    0,    0,    0,    0,    0,    0,    0,    0,    0,    0,    0,
       0,    0,  -11,    0,  -11,    0,  -11,    0,  -21,    0,    0,  -11,    0,    0,  -13,    0,  -16,    0,  -35,  -37,  -24,  -37,  -21,    0,  -48,   -5,    0,   -5,    0,    0,    0,    5,   -5,   -5,    5,   11,    5,    5,    0,  -11,    0,    5,  -21,    0,   -5,   -5,  -21,  -32,  -21,    5,  -11,   16,    0,    0,    0,    0,    0,    0,    0,    0,    0,    0,    0,    0,    0,    0,    0,    0,    0,    0,    0,    0,    0,    0,    0,    0,    0,    0,    0,    0,    0,    0,    0,    0,    0,    0,    0,    0,    0,    0,    0,    0,    0,    0,    0,    0,    0,    0,    0,    0,    0,    0,    0,    0,    0,    0,    0,    0,    0,    0,    0,    0,    0,    0,    0,    0,    0,    0,    0,    0,    0,    0,    0,    0,    0,    0,    0,    0,    0,    0,    0,    0,
       0,    0,    0,    0,    0,    0,    0,    0,    0,    5,    0,    0,    0,    0,    0,   -5,   -5,    0,  -11,  -16,  -11,  -11,  -16,   -5,  -27,   -5,    0,    5,    0,    0,    0,    5,    0,    5,    5,    0,    5,    5,    0,    0,    0,    5,   -5,    0,    0,   11,   -5,    5,    0,    5,   -5,    5,    0,    0,    0,    0,    0,    0,    0,    0,    0,    0,    0,    0,    0,    0,    0,    0,    0,    0,    0,    0,    0,    0,    0,    0,    0,    0,    0,    0,    0,    0,    0,    0,    0,    0,    0,    0,    0,    0,    0,    0,    0,    0,    0,    0,    0,    0,    0,    0,    0,    0,    0,    0,    0,    0,    0,    0,    0,    0,    0,    0,    0,    0,    0,    0,    0,    0,    0,    0,    0,    0,    0,    0,    0,    0,    0,    0,    0,    0,    0,    0,
       0,    0,    0,    0,    0,    0,    0,    0,    0,    0,    0,    0,    0,    0,    0,    0,    0,    0,    0,    0,    0,    0,   -5,  -11,  -11,   -5,    0,    5,    0,    0,    5,    5,    5,    5,   11,   11,   11,   11,    5,    0,    0,    0,    5,    0,    0,   11,    0,   16,    0,   16,    5,   21,    0,    0,    0,    0,    0,    0,    0,    0,    0,    0,    0,    0,    0,    0,    0,    0,    0,    0,    0,    0,    0,    0,    0,    0,    0,    0,    0,    0,    0,    0,    0,    0,    0,    0,    0,    0,    0,    0,    0,    0,    0,    0,    0,    0,    0,    0,    0,    0,    0,    0,    0,    0,    0,    0,    0,    0,    0,    0,    0,    0,    0,    0,    0,    0,    0,    0,    0,    0,    0,    0,    0,    0,    0,    0,    0,    0,    0,    0,    0,    0,
      -5,    0,    0,   -5,    0,    0,    0,    0,   -5,    0,    0,    5,    0,    0,    0,    0,    5,    0,    0,   -5,    0,   -5,   -5,  -21,  -21,  -11,    0,    0,    0,    0,    0,   11,   11,    5,   11,   11,    5,   11,   11,    0,    5,    5,    5,    0,    5,   11,    0,   16,    5,   16,   11,   16,    0,    0,    0,    0,    0,    0,    0,    0,    0,    0,    0,    0,    0,    0,    0,    0,    0,    0,    0,    0,    0,    0,    0,    0,    0,    0,    0,    0,    0,    0,    0,    0,    0,    0,    0,    0,    0,    0,    0,    0,    0,    0,    0,    0,    0,    0,    0,    0,    0,    0,    0,    0,    0,    0,    0,    0,    0,    0,    0,    0,    0,    0,    0,    0,    0,    0,    0,    0,    0,    0,    0,    0,    0,    0,    0,    0,    0,    0,    0,    0,
     -21,    0,    0,   -5,    0,    0,    0,    0,   -5,   -5,    0,    0,  -16,   -5,    0,    0,    0,    0,    5,    0,    0,    0,    0,  -19,  -11,  -27,  -21,    0,  -16,  -21,  -11,    5,   -5,    5,    5,   11,    5,    5,    5,   -5,  -16,    0,  -16,    0,  -11,   11,  -16,    5,    0,    5,    0,    5,    0,    0,    0,    0,    0,    0,    0,    0,    0,    0,    0,    0,    0,    0,    0,    0,    0,    0,    0,    0,    0,    0,    0,    0,    0,    0,    0,    0,    0,    0,    0,    0,    0,    0,    0,    0,    0,    0,    0,    0,    0,    0,    0,    0,    0,    0,    0,    0,    0,    0,    0,    0,    0,    0,    0,    0,    0,    0,    0,    0,    0,    0,    0,    0,    0,    0,    0,    0,    0,    0,    0,    0,    0,    0,    0,    0,    0,    0,    0,    0,
       0,    0,    0,    0,    0,    0,    0,    0,    0,   43,    0,    0,    0,    0,    0,    0,    0,    0,    0,   -5,    0,   -5,   -5,  -11,  -16,   -5,    0,    5,    0,    0,    0,   11,   11,    5,   11,   48,    5,   11,   11,    0,    0,   11,    0,    0,    0,   16,    0,   11,    0,   11,   27,   21,    0,    0,    0,    0,    0,    0,    0,    0,    0,    0,    0,    0,    0,    0,    0,    0,    0,    0,    0,    0,    0,    0,    0,    0,    0,    0,    0,    0,    0,    0,    0,    0,    0,    0,    0,    0,    0,    0,    0,    0,    0,    0,    0,    0,    0,    0,    0,    0,    0,    0,    0,    0,    0,    0,    0,    0,    0,    0,    0,    0,    0,    0,    0,    0,    0,    0,    0,    0,    0,    0,    0,    0,    0,    0,    0,    0,    0,    0,    0,    0,
     -13,   -5,  -11,    5,  -11,    5,   -5,    0,   -5,   16,    0,   -5,  -11,    5,   -5,    0,   -5,    0,    0,   -5,  -11,   -5,   -5,  -11,  -16,  -24,   -5,    0,   -5,   -5,   -5,   11,   -5,    0,    0,   16,    0,    0,    0,   -5,   -5,   11,  -16,   -5,   -5,    5,  -16,    0,   -5,    5,    5,   11,    0,    0,    0,    0,    0,    0,    0,    0,    0,    0,    0,    0,    0,    0,    0,    0,    0,    0,    0,    0,    0,    0,    0,    0,    0,    0,    0,    0,    0,    0,    0,    0,    0,    0,    0,    0,    0,    0,    0,    0,    0,    0,    0,    0,    0,    0,    0,    0,    0,    0,    0,    0,    0,    0,    0,    0,    0,    0,    0,    0,    0,    0,    0,    0,    0,    0,    0,    0,    0,    0,    0,    0,    0,    0,    0,    0,    0,    0,    0,    0,
       0,    0,    0,   11,   -5,   16,    0,    0,    5,   16,    0,   11,    0,    5,    5,    0,    0,    0,    0,    0,    0,   11,    5,    0,    5,   -5,   -5,    5,  -11,  -13,  -11,   11,  -11,   11,   11,   16,    5,   11,    0,  -11,   -5,    0,  -11,   -5,   -5,   11,  -11,  -27,  -16,    5,   -8,   11,    0,    0,    0,    0,    0,    0,    0,    0,    0,    0,    0,    0,    0,    0,    0,    0,    0,    0,    0,    0,    0,    0,    0,    0,    0,    0,    0,    0,    0,    0,    0,    0,    0,    0,    0,    0,    0,    0,    0,    0,    0,    0,    0,    0,    0,    0,    0,    0,    0,    0,    0,    0,    0,    0,    0,    0,    0,    0,    0,    0,    0,    0,    0,    0,    0,    0,    0,    0,    0,    0,    0,    0,    0,    0,    0,    0,    0,    0,    0,    0,
     -27,    0,   -5,    5,   -5,   16,   -5,    0,    5,    0,    0,    0,  -16,    0,    0,    0,    0,    0,    0,  -16,    0,    5,    0,   -5,    0,   -5,  -48,    0,  -43,  -59,  -48,   11,  -43,   11,    0,   11,    5,   11,  -27,  -48,  -48,  -43,  -64,  -43,  -43,    5,  -48,  -37,  -53,  -32,  -27,  -21,    0,    0,    0,    0,    0,    0,    0,    0,    0,    0,    0,    0,    0,    0,    0,    0,    0,    0,    0,    0,    0,    0,    0,    0,    0,    0,    0,    0,    0,    0,    0,    0,    0,    0,    0,    0,    0,    0,    0,    0,    0,    0,    0,    0,    0,    0,    0,    0,    0,    0,    0,    0,    0,    0,    0,    0,    0,    0,    0,    0,    0,    0,    0,    0,    0,    0,    0,    0,    0,    0,    0,    0,    0,    0,    0,    0,    0,    0,    0,    0,
       0,    0,    0,    0,    5,    5,    0,    0,    0,    0,    0,    0,    0,    0,    0,    0,   16,    5,    0,   11,    5,    5,    0,   -5,   -5,   -5,    0,   11,    0,    0,    0,   16,    5,   16,   16,   21,   11,   16,   16,    0,    0,    5,    0,    5,    5,   27,    5,   27,    5,   16,    5,   16,    0,    0,    0,    0,    0,    0,    0,    0,    0,    0,    0,    0,    0,    0,    0,    0,    0,    0,    0,    0,    0,    0,    0,    0,    0,    0,    0,    0,    0,    0,    0,    0,    0,    0,    0,    0,    0,    0,    0,    0,    0,    0,    0,    0,    0,    0,    0,    0,    0,    0,    0,    0,    0,    0,    0,    0,    0,    0,    0,    0,    0,    0,    0,    0,    0,    0,    0,    0,    0,    0,    0,    0,    0,    0,    0,    0,    0,    0,    0,    0,
     -29,    0,  -11,    0,  -11,    5,   -5,    0,    0,    0,    0,    0,  -16,   -5,   -5,  -11,   -5,    0,    0,   11,   -5,    0,    0,  -11,   -5,  -11,  -27,    0,  -16,  -16,  -16,    0,  -16,    0,    0,    0,    0,    0,   -5,  -16,  -16,  -11,  -16,  -11,  -16,    0,  -16,    0,  -16,    0,    0,    0,    0,    0,    0,    0,    0,    0,    0,    0,    0,    0,    0,    0,    0,    0,    0,    0,    0,    0,    0,    0,    0,    0,    0,    0,    0,    0,    0,    0,    0,    0,    0,    0,    0,    0,    0,    0,    0,    0,    0,    0,    0,    0,    0,    0,    0,    0,    0,    0,    0,    0,    0,    0,    0,    0,    0,    0,    0,    0,    0,    0,    0,    0,    0,    0,    0,    0,    0,    0,    0,    0,    0,    0,    0,    0,    0,    0,    0,    0,    0,    0,
     -11,    0,    0,   11,    0,   11,    0,    0,    5,   11,    0,    5,   -5,    0,    0,    0,    0,    0,    5,   16,    0,    5,    0,   -5,    5,   -5,    0,   11,    0,   -5,    5,   16,    0,   16,   16,   21,   11,   21,    5,    0,    0,    0,    0,    0,    0,   21,    0,   16,    0,   11,   11,   16,    0,    0,    0,    0,    0,    0,    0,    0,    0,    0,    0,    0,    0,    0,    0,    0,    0,    0,    0,    0,    0,    0,    0,    0,    0,    0,    0,    0,    0,    0,    0,    0,    0,    0,    0,    0,    0,    0,    0,    0,    0,    0,    0,    0,    0,    0,    0,    0,    0,    0,    0,    0,    0,    0,    0,    0,    0,    0,    0,    0,    0,    0,    0,    0,    0,    0,    0,    0,    0,    0,    0,    0,    0,    0,    0,    0,    0,    0,    0,    0,
     -13,    0,  -11,    0,   -5,    0,  -11,    0,   -5,    0,    0,    0,  -13,   -5,  -11,   -5,  -13,    0,  -11,    0,  -11,    0,    0,  -16,  -11,    0,    0,    0,    0,    0,   -5,    5,   -5,    0,    5,   16,    5,   11,    5,    0,   -5,    5,  -21,    0,    0,    0,  -16,  -11,  -16,    5,  -11,   16,    0,    0,    0,    0,    0,    0,    0,    0,    0,    0,    0,    0,    0,    0,    0,    0,    0,    0,    0,    0,    0,    0,    0,    0,    0,    0,    0,    0,    0,    0,    0,    0,    0,    0,    0,    0,    0,    0,    0,    0,    0,    0,    0,    0,    0,    0,    0,    0,    0,    0,    0,    0,    0,    0,    0,    0,    0,    0,    0,    0,    0,    0,    0,    0,    0,    0,    0,    0,    0,    0,    0,    0,    0,    0,    0,    0,    0,    0,    0,    0,
     -29,    0,  -16,    5,  -16,   11,  -16,   -5,    5,    5,    0,    0,  -19,    0,  -11,   -5,   -5,   -5,   -5,   -8,    0,    0,    0,  -16,   -5,  -21,  -37,    0,  -32,  -32,  -32,    0,  -32,    0,    0,    0,    0,    0,  -16,  -32,  -32,  -27,  -32,  -32,  -32,    0,  -32,  -11,  -27,  -27,  -21,  -16,    0,    0,    0,    0,    0,    0,    0,    0,    0,    0,    0,    0,    0,    0,    0,    0,    0,    0,    0,    0,    0,    0,    0,    0,    0,    0,    0,    0,    0,    0,    0,    0,    0,    0,    0,    0,    0,    0,    0,    0,    0,    0,    0,    0,    0,    0,    0,    0,    0,    0,    0,    0,    0,    0,    0,    0,    0,    0,    0,    0,    0,    0,    0,    0,    0,    0,    0,    0,    0,    0,    0,    0,    0,    0,    0,    0,    0,    0,    0,    0,
     -11,   -5,  -11,   -5,  -11,    0,  -11,    0,    0,    0,    0,   -5,    0,    0,  -16,   -5,   -5,   -5,  -11,    0,   -5,    0,   -5,   -5,  -11,   -5,  -11,   -5,   -5,  -16,  -21,    0,  -21,    0,    0,    5,    5,    0,   -5,  -27,  -16,   -5,  -27,  -21,  -16,   -5,  -16,  -11,  -21,   -5,  -16,    5,    0,    0,    0,    0,    0,    0,    0,    0,    0,    0,    0,    0,    0,    0,    0,    0,    0,    0,    0,    0,    0,    0,    0,    0,    0,    0,    0,    0,    0,    0,    0,    0,    0,    0,    0,    0,    0,    0,    0,    0,    0,    0,    0,    0,    0,    0,    0,    0,    0,    0,    0,    0,    0,    0,    0,    0,    0,    0,    0,    0,    0,    0,    0,    0,    0,    0,    0,    0,    0,    0,    0,    0,    0,    0,    0,    0,    0,    0,    0,    0,
       0,    0,    0,    0,    0,    0,    0,    0,    0,    0,    0,    0,    0,    0,    0,    0,    0,    0,    0,    0,    0,    0,    0,    0,    0,    0,    0,    0,    0,    0,    0,    0,    0,    0,    0,    0,    0,    0,    0,    0,    0,    0,    0,    0,    0,    0,    0,  -11,   -5,    0,  -11,    0,    0,    0,    0,    0,    0,    0,    0,    0,    0,    0,    0,    0,    0,    0,    0,    0,    0,    0,    0,    0,    0,    0,    0,    0,    0,    0,    0,    0,    0,    0,    0,    0,    0,    0,    0,    0,    0,    0,    0,    0,    0,    0,    0,    0,    0,    0,    0,    0,    0,    0,    0,    0,    0,    0,    0,    0,    0,    0,    0,    0,    0,    0,    0,    0,    0,    0,    0,    0,    0,    0,    0,    0,    0,    0,    0,    0,    0,    0,    0,    0,
       0,    0,    0,    0,    0,    0,    0,    0,    0,    0,    0,    0,    0,    0,    0,    0,    0,    0,    0,    0,    0,    0,    0,    0,    0,    0,   -5,    0,   -5,   -5,    0,    0,    0,   -3,    0,   -3,    0,    0,    0,    0,    0,    0,    0,    0,    0,    0,   -5,    0,    0,   -5,   -5,    0,    0,    0,    0,    0,    0,    0,    0,    0,    0,    0,    0,    0,    0,    0,    0,    0,    0,    0,    0,    0,    0,    0,    0,    0,    0,    0,    0,    0,    0,    0,    0,    0,    0,    0,    0,    0,    0,    0,    0,    0,    0,    0,    0,    0,    0,    0,    0,    0,    0,    0,    0,    0,    0,    0,    0,    0,    0,    0,    0,    0,    0,    0,    0,    0,    0,    0,    0,    0,    0,    0,    0,    0,    0,    0,    0,    0,    0,    0,    0,    0,
       0,    0,    0,    0,    0,    0,    0,    0,    0,    0,    0,    0,    0,    0,    0,    0,    0,    0,    0,    0,    0,    0,    0,    0,    0,    0,    0,    0,    0,    0,    0,    0,    0,    0,    0,    0,    0,    5,    0,    0,    0,    0,    0,    0,    0,    0,    0,    0,   -5,    0,   -3,    0,    0,    0,    0,    0,    0,    0,    0,    0,    0,    0,    0,    0,    0,    0,    0,    0,    0,    0,    0,    0,    0,    0,    0,    0,    0,    0,    0,    0,    0,    0,    0,    0,    0,    0,    0,    0,    0,    0,    0,    0,    0,    0,    0,    0,    0,    0,    0,    0,    0,    0,    0,    0,    0,    0,    0,    0,    0,    0,    0,    0,    0,    0,    0,    0,    0,    0,    0,    0,    0,    0,    0,    0,    0,    0,    0,    0,    0,    0,    0,    0,
       0,    0,    0,    0,    0,    0,    0,    0,    0,    0,    0,    0,    0,    0,    0,    0,    0,    0,    0,    0,    0,    0,    0,    0,    0,    0,    0,    0,    0,    0,    0,    0,    0,    0,    0,    0,    0,    0,    0,   -5,    0,    0,    0,    0,    0,    5,   -5,    0,    0,    0,    0,    0,    0,    0,    0,    0,    0,    0,    0,    0,    0,    0,    0,    0,    0,    0,    0,    0,    0,    0,    0,    0,    0,    0,    0,    0,    0,    0,    0,    0,    0,    0,    0,    0,    0,    0,    0,    0,    0,    0,    0,    0,    0,    0,    0,    0,    0,    0,    0,    0,    0,    0,    0,    0,    0,    0,    0,    0,    0,    0,    0,    0,    0,    0,    0,    0,    0,    0,    0,    0,    0,    0,    0,    0,    0,    0,    0,    0,    0,    0,    0,    0,
       0,    0,    0,    0,    0,    0,    0,    0,    0,    0,    0,    0,    0,    0,    0,    0,    0,    0,    0,    0,    0,    0,    0,    0,    0,    0,    0,    0,    0,    0,    0,    0,    0,    0,    0,    0,    0,    5,    0,    0,    0,    0,    0,    0,    0,    0,    0,    0,    0,    0,    0,    0,    0,    0,    0,    0,    0,    0,    0,    0,    0,    0,    0,    0,    0,    0,    0,    0,    0,    0,    0,    0,    0,    0,    0,    0,    0,    0,    0,    0,    0,    0,    0,    0,    0,    0,    0,    0,    0,    0,    0,    0,    0,    0,    0,    0,    0,    0,    0,    0,    0,    0,    0,    0,    0,    0,    0,    0,    0,    0,    0,    0,    0,    0,    0,    0,    0,    0,    0,    0,    0,    0,    0,    0,    0,    0,    0,    0,    0,    0,    0,    0,
       0,    0,    0,    0,    0,    0,    0,    0,    0,    0,    0,    0,    0,    0,    0,    0,    0,    0,    0,    0,    0,    0,    0,    0,    0,    0,   -5,    0,    0,    0,    0,    5,    0,    5,    5,    5,    0,   11,    5,    0,    0,    0,    0,    0,    0,   21,    0,    5,    0,    0,    5,    0,    0,    0,    0,    0,    0,    0,    0,    0,    0,    0,    0,    0,    0,    0,    0,    0,    0,    0,    0,    0,    0,    0,    0,    0,    0,    0,    0,    0,    0,    0,    0,    0,    0,    0,    0,    0,    0,    0,    0,    0,    0,    0,    0,    0,    0,    0,    0,    0,    0,    0,    0,    0,    0,    0,    0,    0,    0,    0,    0,    0,    0,    0,    0,    0,    0,    0,    0,    0,    0,    0,    0,    0,    0,    0,    0,    0,    0,    0,    0,    0,
       0,    0,    0,    0,    0,    0,    0,    0,    0,    0,    0,    0,    0,    0,    0,    0,    0,    0,    0,    0,    0,    0,    0,    0,    0,    0,    0,    0,    0,    0,    0,    0,    0,    0,    5,    0,    0,    0,    0,    0,    0,    0,    0,    0,    0,    0,    0,    0,    0,    0,    5,    0,    0,    0,    0,    0,    0,    0,    0,    0,    0,    0,    0,    0,    0,    0,    0,    0,    0,    0,    0,    0,    0,    0,    0,    0,    0,    0,    0,    0,    0,    0,    0,    0,    0,    0,    0,    0,    0,    0,    0,    0,    0,    0,    0,    0,    0,    0,    0,    0,    0,    0,    0,    0,    0,    0,    0,    0,    0,    0,    0,    0,    0,    0,    0,    0,    0,    0,    0,    0,    0,    0,    0,    0,    0,    0,    0,    0,    0,    0,    0,    0,
       0,    0,    0,    0,    0,    0,    0,    0,    0,    0,    0,    0,    0,    0,    0,    0,    0,    0,    0,    0,    0,    0,    0,    0,    0,    0,    0,    0,    0,    0,    0,   -5,  -11,    0,    0,    0,    0,    0,    0,    0,    0,    0,   -5,    0,   -5,    0,    0,  -16,   -8,    0,  -16,    0,    0,    0,    0,    0,    0,    0,    0,    0,    0,    0,    0,    0,    0,    0,    0,    0,    0,    0,    0,    0,    0,    0,    0,    0,    0,    0,    0,    0,    0,    0,    0,    0,    0,    0,    0,    0,    0,    0,    0,    0,    0,    0,    0,    0,    0,    0,    0,    0,    0,    0,    0,    0,    0,    0,    0,    0,    0,    0,    0,    0,    0,    0,    0,    0,    0,    0,    0,    0,    0,    0,    0,    0,    0,    0,    0,    0,    0,    0,    0,    0,
       0,    0,    0,    0,    0,    0,    0,    0,    0,    0,    0,    0,    0,    0,    0,    0,    0,    0,    0,    0,    0,    0,    0,    0,    0,    0,    0,    0,    0,    0,    0,    5,    0,    0,    0,    0,    0,    0,    0,    0,    0,    0,    0,    0,    0,    0,    0,    5,    0,    0,    0,    0,    0,    0,    0,    0,    0,    0,    0,    0,    0,    0,    0,    0,    0,    0,    0,    0,    0,    0,    0,    0,    0,    0,    0,    0,    0,    0,    0,    0,    0,    0,    0,    0,    0,    0,    0,    0,    0,    0,    0,    0,    0,    0,    0,    0,    0,    0,    0,    0,    0,    0,    0,    0,    0,    0,    0,    0,    0,    0,    0,    0,    0,    0,    0,    0,    0,    0,    0,    0,    0,    0,    0,    0,    0,    0,    0,    0,    0,    0,    0,    0,
       0,    0,    0,    0,    0,    0,    0,    0,    0,    0,    0,    0,    0,    0,    0,    0,    0,    0,    0,    0,    0,    0,    0,    0,    0,    0,    0,    0,    0,    0,    0,    0,    0,    0,    0,    0,    0,    0,    0,    0,    0,    0,    0,    0,    0,    5,   -5,    0,    0,    5,    5,    5,    0,    0,    0,    0,    0,    0,    0,    0,    0,    0,    0,    0,    0,    0,    0,    0,    0,    0,    0,    0,    0,    0,    0,    0,    0,    0,    0,    0,    0,    0,    0,    0,    0,    0,    0,    0,    0,    0,    0,    0,    0,    0,    0,    0,    0,    0,    0,    0,    0,    0,    0,    0,    0,    0,    0,    0,    0,    0,    0,    0,    0,    0,    0,    0,    0,    0,    0,    0,    0,    0,    0,    0,    0,    0,    0,    0,    0,    0,    0,    0,
       0,    0,    0,    0,    0,    0,    0,    0,    0,    0,    0,    0,    0,    0,    0,    0,    0,    0,    0,    0,    0,    0,    0,    0,    0,    0,    0,    0,   11,    0,    5,   11,    0,    5,    5,    0,   11,   11,    5,    0,    5,    0,    0,    5,    0,    5,    5,    5,    0,    0,   -5,    5,    0,    0,    0,    0,    0,    0,    0,    0,    0,    0,    0,    0,    0,    0,    0,    0,    0,    0,    0,    0,    0,    0,    0,    0,    0,    0,    0,    0,    0,    0,    0,    0,    0,    0,    0,    0,    0,    0,    0,    0,    0,    0,    0,    0,    0,    0,    0,    0,    0,    0,    0,    0,    0,    0,    0,    0,    0,    0,    0,    0,    0,    0,    0,    0,    0,    0,    0,    0,    0,    0,    0,    0,    0,    0,    0,    0,    0,    0,    0,    0,
       0,    0,    0,    0,    0,    0,    0,    0,    0,    0,    0,    0,    0,    0,    0,    0,    0,    0,    0,    0,    0,    0,    0,    0,    0,    0,    0,    0,    0,    0,    0,    0,    0,    0,    0,    0,    0,    5,    0,    0,    0,    0,    0,    0,    0,    5,    0,    0,    0,    0,    0,   11,    0,    0,    0,    0,    0,    0,    0,    0,    0,    0,    0,    0,    0,    0,    0,    0,    0,    0,    0,    0,    0,    0,    0,    0,    0,    0,    0,    0,    0,    0,    0,    0,    0,    0,    0,    0,    0,    0,    0,    0,    0,    0,    0,    0,    0,    0,    0,    0,    0,    0,    0,    0,    0,    0,    0,    0,    0,    0,    0,    0,    0,    0,    0,    0,    0,    0,    0,    0,    0,    0,    0,    0,    0,    0,    0,    0,    0,    0,    0,    0,
       0,    0,    0,    0,    0,    0,    0,    0,    0,    0,    0,    0,    0,    0,    0,    0,    0,    0,    0,    0,    0,    0,    0,    0,    0,    0,    0,    0,    0,    5,    0,    0,    0,    0,    0,    0,    0,    0,    0,    0,   11,    0,    0,    0,    0,    0,    0,   -8,   -5,    0,   -5,    0,    0,    0,    0,    0,    0,    0,    0,    0,    0,    0,    0,    0,    0,    0,    0,    0,    0,    0,    0,    0,    0,    0,    0,    0,    0,    0,    0,    0,    0,    0,    0,    0,    0,    0,    0,    0,    0,    0,    0,    0,    0,    0,    0,    0,    0,    0,    0,    0,    0,    0,    0,    0,    0,    0,    0,    0,    0,    0,    0,    0,    0,    0,    0,    0,    0,    0,    0,    0,    0,    0,    0,    0,    0,    0,    0,    0,    0,    0,    0,    0,
       0,    0,    0,    0,    0,    0,    0,    0,    0,    0,    0,    0,    0,    0,    0,    0,    0,    0,    0,    0,    0,    0,    0,    0,    0,    0,    0,   -8,    0,    0,    0,    0,    0,    0,    0,    0,    0,    0,    0,    0,    0,    0,    0,    0,   -3,   -5,   -5,  -11,  -11,    0,  -11,    0,    0,    0,    0,    0,    0,    0,    0,    0,    0,    0,    0,    0,    0,    0,    0,    0,    0,    0,    0,    0,    0,    0,    0,    0,    0,    0,    0,    0,    0,    0,    0,    0,    0,    0,    0,    0,    0,    0,    0,    0,    0,    0,    0,    0,    0,    0,    0,    0,    0,    0,    0,    0,    0,    0,    0,    0,    0,    0,    0,    0,    0,    0,    0,    0,    0,    0,    0,    0,    0,    0,    0,    0,    0,    0,    0,    0,    0,    0,    0,    0,
       0,    0,    0,    0,    0,    0,    0,    0,    0,    0,    0,    0,    0,    0,    0,    0,    0,    0,    0,    0,    0,    0,    0,    0,    0,    0,    0,    0,    0,    0,    0,    0,    0,    0,    0,   -3,    0,    0,    0,    0,    0,    0,    0,    0,    0,    0,   -5,    3,   -5,    0,   -5,    0,    0,    0,    0,    0,    0,    0,    0,    0,    0,    0,    0,    0,    0,    0,    0,    0,    0,    0,    0,    0,    0,    0,    0,    0,    0,    0,    0,    0,    0,    0,    0,    0,    0,    0,    0,    0,    0,    0,    0,    0,    0,    0,    0,    0,    0,    0,    0,    0,    0,    0,    0,    0,    0,    0,    0,    0,    0,    0,    0,    0,    0,    0,    0,    0,    0,    0,    0,    0,    0,    0,    0,    0,    0,    0,    0,    0,    0,    0,    0,    0,
       0,    0,    0,    0,    0,    0,    0,    0,    0,    0,    0,    0,    0,    0,    0,    0,    0,    0,    0,    0,    0,    0,    0,    0,    0,    0,    0,    0,    0,    0,    0,    0,    0,    0,    0,    0,    0,    0,    0,   -5,    0,    0,    0,    0,    0,    0,   -5,    0,    0,    0,   -5,    0,    0,    0,    0,    0,    0,    0,    0,    0,    0,    0,    0,    0,    0,    0,    0,    0,    0,    0,    0,    0,    0,    0,    0,    0,    0,    0,    0,    0,    0,    0,    0,    0,    0,    0,    0,    0,    0,    0,    0,    0,    0,    0,    0,    0,    0,    0,    0,    0,    0,    0,    0,    0,    0,    0,    0,    0,    0,    0,    0,    0,    0,    0,    0,    0,    0,    0,    0,    0,    0,    0,    0,    0,    0,    0,    0,    0,    0,    0,    0,    0,
       0,    0,    0,    0,    0,    0,    0,    0,    0,    0,    0,    0,    0,    0,    0,    0,    0,    0,    0,    0,    0,    0,    0,    0,    0,    0,    0,    0,    0,    0,    0,    0,    0,   -5,    0,    5,    0,    0,    0,   -5,   -5,    0,    0,    0,    0,    0,   -5,    0,    0,    0,    0,    0,    0,    0,    0,    0,    0,    0,    0,    0,    0,    0,    0,    0,    0,    0,    0,    0,    0,    0,    0,    0,    0,    0,    0,    0,    0,    0,    0,    0,    0,    0,    0,    0,    0,    0,    0,    0,    0,    0,    0,    0,    0,    0,    0,    0,    0,    0,    0,    0,    0,    0,    0,    0,    0,    0,    0,    0,    0,    0,    0,    0,    0,    0,    0,    0,    0,    0,    0,    0,    0,    0,    0,    0,    0,    0,    0,    0,    0,    0,    0,    0,
       0,    0,    0,    0,    0,    0,    0,    0,    0,    0,    0,    0,    0,    0,    0,    0,    0,    0,    0,    0,    0,    0,    0,    0,    0,    0,   -3,    0,    0,    0,    0,    0,    0,    0,    3,    0,    0,    0,    0,    0,    0,    0,    0,    0,    0,    0,    0,   11,    0,    0,    0,    0,    0,    0,    0,    0,    0,    0,    0,    0,    0,    0,    0,    0,    0,    0,    0,    0,    0,    0,    0,    0,    0,    0,    0,    0,    0,    0,    0,    0,    0,    0,    0,    0,    0,    0,    0,    0,    0,    0,    0,    0,    0,    0,    0,    0,    0,    0,    0,    0,    0,    0,    0,    0,    0,    0,    0,    0,    0,    0,    0,    0,    0,    0,    0,    0,    0,    0,    0,    0,    0,    0,    0,    0,    0,    0,    0,    0,    0,    0,    0,    0,
       0,    0,    0,    0,    0,    0,    0,    0,    0,    0,    0,    0,    0,    0,    0,    0,    0,    0,    0,    0,    0,    0,    0,    0,    0,    0,    0,    0,    0,    0,    0,    5,    0,    0,    0,    0,    0,    0,    0,    0,    0,    0,    0,    0,    0,    5,    0,   11,    0,    8,    0,   11,    0,    0,    0,    0,    0,    0,    0,    0,    0,    0,    0,    0,    0,    0,    0,    0,    0,    0,    0,    0,    0,    0,    0,    0,    0,    0,    0,    0,    0,    0,    0,    0,    0,    0,    0,    0,    0,    0,    0,    0,    0,    0,    0,    0,    0,    0,    0,    0,    0,    0,    0,    0,    0,    0,    0,    0,    0,    0,    0,    0,    0,    0,    0,    0,    0,    0,    0,    0,    0,    0,    0,    0,    0,    0,    0,    0,    0,    0,    0,    0,
       0,    0,    0,    0,    0,    0,    0,    0,    0,    0,    0,    0,    0,    0,    0,    0,    0,    0,    0,    0,    0,    0,    0,    0,    0,    0,    0,    0,    0,    0,    0,    0,    0,    0,    3,    0,    0,    0,    0,    0,    0,    0,    0,    0,    0,    0,    0,    5,    0,   11,    0,   16,    0,    0,    0,    0,    0,    0,    0,    0,    0,    0,    0,    0,    0,    0,    0,    0,    0,    0,    0,    0,    0,    0,    0,    0,    0,    0,    0,    0,    0,    0,    0,    0,    0,    0,    0,    0,    0,    0,    0,    0,    0,    0,    0,    0,    0,    0,    0,    0,    0,    0,    0,    0,    0,    0,    0,    0,    0,    0,    0,    0,    0,    0,    0,    0,    0,    0,    0,    0,    0,    0,    0,    0,    0,    0,    0,    0,    0,    0,    0,    0,
       0,    0,    0,    0,    0,    0,    0,    0,    0,    0,    0,    0,    0,    0,    0,    0,    0,    0,    0,    0,    0,    0,    0,    0,    0,    0,    0,   -5,    0,    0,    0,    5,    0,    0,    5,    0,    5,    5,    0,    0,    0,    0,    0,    0,    0,    0,    0,    0,    0,    5,    0,   16,    0,    0,    0,    0,    0,    0,    0,    0,    0,    0,    0,    0,    0,    0,    0,    0,    0,    0,    0,    0,    0,    0,    0,    0,    0,    0,    0,    0,    0,    0,    0,    0,    0,    0,    0,    0,    0,    0,    0,    0,    0,    0,    0,    0,    0,    0,    0,    0,    0,    0,    0,    0,    0,    0,    0,    0,    0,    0,    0,    0,    0,    0,    0,    0,    0,    0,    0,    0,    0,    0,    0,    0,    0,    0,    0,    0,    0,    0,    0,    0,
       0,    0,    0,    0,    0,    0,    0,    0,    0,    0,    0,    0,    0,    0,    0,    0,    0,    0,    0,    0,    0,    0,    0,    0,    0,    0,   -5,    0,    0,    0,    0,    5,    0,    0,    5,    0,    0,    0,    0,    0,    0,    0,    0,    0,    0,    5,    0,   11,    0,   11,    5,    5,    0,    0,    0,    0,    0,    0,    0,    0,    0,    0,    0,    0,    0,    0,    0,    0,    0,    0,    0,    0,    0,    0,    0,    0,    0,    0,    0,    0,    0,    0,    0,    0,    0,    0,    0,    0,    0,    0,    0,    0,    0,    0,    0,    0,    0,    0,    0,    0,    0,    0,    0,    0,    0,    0,    0,    0,    0,    0,    0,    0,    0,    0,    0,    0,    0,    0,    0,    0,    0,    0,    0,    0,    0,    0,    0,    0,    0,    0,    0,    0,
       0,    0,    0,    0,    0,    0,    0,    0,    0,    0,    0,    0,    0,    0,    0,    0,    0,    0,    0,    0,    0,    0,    0,    0,    0,    0,    0,    0,    0,    0,    0,    0,    0,    0,    5,    0,    0,    0,    0,    0,    0,    0,    0,    0,    0,    0,    0,    0,    0,    5,    0,    0,    0,    0,    0,    0,    0,    0,    0,    0,    0,    0,    0,    0,    0,    0,    0,    0,    0,    0,    0,    0,    0,    0,    0,    0,    0,    0,    0,    0,    0,    0,    0,    0,    0,    0,    0,    0,    0,    0,    0,    0,    0,    0,    0,    0,    0,    0,    0,    0,    0,    0,    0,    0,    0,    0,    0,    0,    0,    0,    0,    0,    0,    0,    0,    0,    0,    0,    0,    0,    0,    0,    0,    0,    0,    0,    0,    0,    0,    0,    0,    0,
       0,    0,    0,    0,    0,    0,    0,    0,    0,    0,    0,    0,    0,    0,    0,    0,    0,    0,    0,    0,    0,    0,    0,    0,    0,    0,    0,    0,    0,    0,    0,    5,    0,    0,    5,    0,    5,    5,    0,   -5,    0,    5,   -5,    0,    0,    0,   -3,    5,    0,    8,   -5,    5,    0,    0,    0,    0,    0,    0,    0,    0,    0,    0,    0,    0,    0,    0,    0,    0,    0,    0,    0,    0,    0,    0,    0,    0,    0,    0,    0,    0,    0,    0,    0,    0,    0,    0,    0,    0,    0,    0,    0,    0,    0,    0,    0,    0,    0,    0,    0,    0,    0,    0,    0,    0,    0,    0,    0,    0,    0,    0,    0,    0,    0,    0,    0,    0,    0,    0,    0,    0,    0,    0,    0,    0,    0,    0,    0,    0,    0,    0,    0,    0,
       0,    0,    0,    0,    0,    0,    0,    0,    0,    0,    0,    0,    0,    0,    0,    0,    0,    0,    0,    0,    0,    0,    0,    0,    0,    0,   -5,    0,    0,   -5,    5,    0,    0,    0,    0,    0,    0,    0,    0,   -5,    0,    0,    0,    0,    0,    5,   -5,    5,    0,    5,    0,    0,    0,    0,    0,    0,    0,    0,    0,    0,    0,    0,    0,    0,    0,    0,    0,    0,    0,    0,    0,    0,    0,    0,    0,    0,    0,    0,    0,    0,    0,    0,    0,    0,    0,    0,    0,    0,    0,    0,    0,    0,    0,    0,    0,    0,    0,    0,    0,    0,    0,    0,    0,    0,    0,    0,    0,    0,    0,    0,    0,    0,    0,    0,    0,    0,    0,    0,    0,    0,    0,    0,    0,    0,    0,    0,    0,    0,    0,    0,    0,    0,
       0,    0,    0,    0,    0,    0,    0,    0,    0,    0,    0,    0,    0,    0,    0,    0,    0,    0,    0,    0,    0,    0,    0,    0,    0,    0,    0,    0,    0,    0,    0,    5,    0,    0,    5,    0,    0,    0,    0,    0,    0,    0,    0,    0,    0,    5,    0,    5,    0,    5,    0,   11,    0,    0,    0,    0,    0,    0,    0,    0,    0,    0,    0,    0,    0,    0,    0,    0,    0,    0,    0,    0,    0,    0,    0,    0,    0,    0,    0,    0,    0,    0,    0,    0,    0,    0,    0,    0,    0,    0,    0,    0,    0,    0,    0,    0,    0,    0,    0,    0,    0,    0,    0,    0,    0,    0,    0,    0,    0,    0,    0,    0,    0,    0,    0,    0,    0,    0,    0,    0,    0,    0,    0,    0,    0,    0,    0,    0,    0,    0,    0,    0,
       0,    0,    0,    0,    0,    0,    0,    0,    0,    0,    0,    0,    0,    0,    0,    0,    0,    0,    0,    0,    0,    0,    0,    0,    0,    0,    0,    0,    0,    0,    0,    0,    0,    0,    0,    0,    0,    0,    0,    0,    0,    0,    0,    0,    0,    0,    0,    0,    0,    0,    0,    0,  -22,    0,    0,    0,    0,    0,    0,    0,    0,    0,    0,    0,    0,    0,    0,    0,    0,    0,    0,    0,    0,    0,    0,    0,    0,    0,    0,    0,    0,    0,    0,    0,    0,    0,    0,    0,    0,    0,    0,    0,    0,    0,    0,    0,    0,    0,    0,    0,    0,    0,    0,    0,    0,    0,    0,    0,    0,    0,    0,    0,    0,    0,    0,    0,    0,    0,    0,    0,    0,    0,    0,    0,    0,    0,    0,    0,    0,    0,    0,    0,
       0,    0,    0,    0,    0,    0,    0,    0,    0,    0,    0,    0,    0,    0,    0,    0,    0,    0,    0,    0,    0,    0,    0,    0,    0,    0,    0,    0,    0,    0,    0,    0,    0,    0,    0,    0,    0,    0,    0,    0,    0,    0,    0,    0,    0,    0,    0,    0,    0,    0,    0,    0,    0,   16,    5,    0,    0,    0,    0,    0,    0,    0,    5,    0,   16,    0,    0,    0,    0,    0,    0,    0,    0,    5,    0,    0,    0,    0,    0,    0,   -5,    0,    0,    0,    0,   -5,    0,    0,   -5,   -5,    0,    0,    0,    0,   -5,   -5,    5,   -5,    0,   -5,    0,    5,    0,    0,    0,    0,    0,    0,    0,    0,    0,    0,    0,    0,   11,    0,    0,    0,    0,    0,    0,    0,    0,   16,    0,    0,    0,    0,    0,    0,    0,    0,
       0,    0,    0,    0,    0,    0,    0,    0,    0,    0,    0,    0,    0,    0,    0,    0,    0,    0,    0,    0,    0,    0,    0,    0,    0,    0,    0,    0,    0,    0,    0,    0,    0,    0,    0,    0,    0,    0,    0,    0,    0,    0,    0,    0,    0,    0,    0,    0,    0,    0,    0,    0,    0,    5,    0,    0,    0,    0,   -2,   -5,    0,   -4,    0,    0,    5,   -5,  -11,    0,   -2,  -11,  -27,  -11,    0,   -5,   -4,  -18,    0,    0,   -4,    0,    0,    0,    0,    0,    0,    0,    0,    0,   -5,   -5,   -2,    0,    0,    0,    0,   -5,    0,    0,    0,    2,    0,    5,    0,    0,    0,    0,    0,    0,    0,    0,    0,    0,    0,    0,    0,    0,    0,    0,    0,    0,   -2,    0,    0,  -35,    0,    0,    0,    0,    0,    0,    0,    0,
       0,    0,    0,    0,    0,    0,    0,    0,    0,    0,    0,    0,    0,    0,    0,    0,    0,    0,    0,    0,    0,    0,    0,    0,    0,    0,    0,    0,    0,    0,    0,    0,    0,    0,    0,    0,    0,    0,    0,    0,    0,    0,    0,    0,    0,    0,    0,    0,    0,    0,    0,    0,    0,    0,    0,    0,    0,    0,  -21,    0,    0,   -4,    0,   -9,    4,    0,    0,    0,    0,    0,    4,   -7,    0,    0,   -7,  -25,    0,    0,    0,  -11,    0,    0,    0,    0,    0,    0,    0,    0,    0,    0,    0,    0,    0,    0,    0,    0,    0,    0,    0,    0,    0,    0,    0,    0,    0,    0,    0,    0,    0,    0,    0,    0,    0,    0,    0,    0,    0,    0,    0,    0,    0,    0,    0,    0,    0,    0,    0,    0,    0,    0,    0,    0,
       0,    0,    0,    0,    0,    0,    0,    0,    0,    0,    0,    0,    0,    0,    0,    0,    0,    0,    0,    0,    0,    0,    0,    0,    0,    0,    0,    0,    0,    0,    0,    0,    0,    0,    0,    0,    0,    0,    0,    0,    0,    0,    0,    0,    0,    0,    0,    0,    0,    0,    0,    0,    0,   -5,    7,    0,    0,    0,    0,    0,   14,    9,    0,    7,    4,    0,    0,    0,    2,  -11,   -7,    0,    0,  -12,    0,   -4,    0,    0,    0,    0,    0,    0,    0,    0,    0,    0,    0,    0,    0,    0,    0,    0,    0,    0,   18,    5,    0,    0,    5,    0,    0,    5,    0,    0,    0,    0,    0,    0,    0,    0,    0,    0,    0,   18,    5,    0,    0,    0,    0,    0,    0,    0,    0,  -35,   18,    0,    0,    0,    0,    0,    0,    0,
       0,    0,    0,    0,    0,    0,    0,    0,    0,    0,    0,    0,    0,    0,    0,    0,    0,    0,    0,    0,    0,    0,    0,    0,    0,    0,   -2,    0,    0,    0,    0,    0,    0,    0,    0,    0,    0,    0,    0,    0,    0,    0,    0,    0,    0,    0,    0,    0,    0,    0,    0,    0,    0,    0,  -14,    0,   -5,    0,  -48,   -7,    0,  -12,    0,   -2,  -28,    0,   -7,    0,    0,    0,    0,    0,   -4,   -2,   -5,   -4,    0,    0,    0,  -20, -110,  -28,   -9,  -82,    0,  -84,  -69,  -69, -128, -112,  -87,  -91, -114, -105, -123, -119, -100, -126, -110, -128, -128, -110, -124, -107, -116, -119,  -94, -121, -128, -108,  -96,  -82,  -98, -123,  -36,  -12, -101, -128,  -96,    0,  -87,    0, -105,    0, -123,   -7,    0,    0,    0,    0,    0,    0,
       0,    0,    0,    0,    0,    0,    0,    0,    0,    0,    0,    0,    0,    0,    0,    0,    0,    0,    0,    0,    0,    0,    0,    0,    0,    0,    0,    0,    0,    0,    0,    0,    0,    0,    0,    0,    0,    0,    0,    0,    0,    0,    0,    0,    0,    0,    0,    0,    0,    0,    0,    0,    0,    0,    0,    0,    0,    0,    0,   -4,    0,   -2,    0,    0,   11,    0,    0,    0,    0,    4,    0,  -16,   -5,    0,    0,  -16,    0,    0,   -4,   -2,    0,    0,    0,    0,    0,    0,    0,    0,   -7,   -7,    0,    0,    0,    0,    0,    0,    0,    0,    0,   11,    0,    0,    0,    0,    0,    0,    0,    0,    0,    0,    0,    0,    0,    0,    0,    0,   11,    0,    0,    0,    0,    0,    0,    0,    0,    0,    0,    0,    0,    0,    0,    0,
       0,    0,    0,    0,    0,    0,    0,    0,    0,    0,    0,    0,    0,    0,    0,    0,    0,    0,    0,    0,    0,    0,    0,    0,    0,    0,    0,    0,    0,    0,    0,    0,    0,    0,    0,    0,    0,    0,    0,    0,    0,    0,    0,    0,    0,    0,    0,    0,    0,    0,    0,    0,    0,    0,    0,    0,    0,    0,    0,    0,    0,    0,    0,    0,    0,    0,   -5,    0,    0,   -5,   -5,   -4,    0,  -18,    0,    0,    0,    0,    0,   -4,    0,    0,    0,    0,    0,    0,    0,    0,    0,    0,    0,    0,    0,    0,    0,    0,    0,    0,    0,   -5,    0,    5,    0,    0,    0,    0,    0,    0,    0,    0,    0,    0,    0,    0,    0,    0,    0,    0,    0,    0,    0,    0,    0,  -27,    0,    0,    0,    0,    0,    0,    0,    0,
       0,    0,    0,    0,    0,    0,    0,    0,    0,    0,    0,    0,    0,    0,    0,    0,    0,    0,    0,    0,    0,    0,    0,    0,    0,    0,    0,    0,    0,    0,    0,    0,    0,    0,    0,    0,    0,    0,    0,    0,    0,    0,    0,    0,    0,    0,    0,    0,    0,    0,    0,    0,    0,    0,    0,   -2,    0,    0,   -5,    0,    7,   -4,    0,   -2,    7,    0,    0,    0,    0,    0,    0,   -9,  -11,    0,    0,  -12,    0,    0,    0,    0,    0,    0,    0,    0,    0,    0,    0,    0,    0,    0,    0,    0,    0,    0,    0,    0,    0,    0,    0,    0,    0,    0,    0,    0,    0,    0,    0,    0,    0,    0,    0,    0,    0,    0,    0,    0,    0,    0,    0,    0,    0,    0,    0,    0,    0,    0,    0,    0,    0,    0,    0,    0,
       0,    0,    0,    0,    0,    0,    0,    0,    0,    0,    0,    0,    0,    0,    0,    0,    0,    0,    0,    0,    0,    0,    0,    0,    0,    0,    0,    0,    0,    0,    0,    0,    0,    0,    0,    0,    0,    0,    0,    0,    0,    0,    0,    0,    0,    0,    0,    0,    0,    0,    0,    0,    0,    0,    0,    0,    0,    0,   -7,    0,    0,    0,    0,    0,    2,    0,    0,    0,    0,    0,    0,  -23,  -11,   -4,   -5,   -5,    0,    0,    0,  -16,    0,    0,    0,    0,    0,    0,    0,    0,   -4,   -4,    0,    0,    0,    0,    0,    0,    0,    0,    0,    0,    0,    0,    0,    0,    0,    0,    0,    0,    0,    0,    0,    0,    0,    0,    0,    0,    0,    0,    0,    0,    0,    0,    0,    0,    0,    0,    0,    0,    0,    0,    0,    0,
       0,    0,    0,    0,    0,    0,    0,    0,    0,    0,    0,    0,    0,    0,    0,    0,    0,    0,    0,    0,    0,    0,    0,    0,    0,    0,    0,    0,    0,    0,    0,    0,    0,    0,    0,    0,    0,    0,    0,    0,    0,    0,    0,    0,    0,    0,    0,    0,    0,    0,    0,    0,    0,    0,    0,    0,    0,    0,    0,    0,    0,    0,    0,    0,    0,    0,    0,    0,    0,    0,    0,    7,    4,    0,    0,    0,    0,    0,    0,    0,    0,    0,    0,    0,    0,    0,    0,    0,    0,    0,    0,    0,    0,    0,    0,    0,    0,    0,    0,    0,    0,    0,    0,    0,    0,    0,    0,    0,    0,    0,    0,    0,    0,    0,    0,    0,    0,    0,    0,    0,    0,    0,    0,    0,    0,    0,    0,    0,    0,    0,    0,    0,
       0,    0,    0,    0,    0,    0,    0,    0,    0,    0,    0,    0,    0,    0,    0,    0,    0,    0,    0,    0,    0,    0,    0,    0,    0,    0,    0,    0,    0,    0,    0,    0,    0,    0,    0,    0,    0,    0,    0,    0,    0,    0,    0,    0,    0,    0,    0,    0,    0,    0,    0,    0,    0,    0,    0,    0,    0,    0,    0,    0,    4,   -2,    0,   11,   11,    0,   -5,    0,    0,   -5,    5,   11,    4,   -5,    0,    0,    0,    0,    2,    0,  -21,    0,    0,    0,    0,  -21,    0,    0,  -64,  -32,    0,    0,    0,    0,  -27,  -21,    5,  -21,    0,  -16,    0,   -5,    0,    0,    0,    0,    0,    0,    0,    0,    0,    0,    0,    0,    5,    0,    0,    0,    0,    0,    0,    0,    0,    0,    0,    0,    0,    0,    0,    0,    0,    0,
       0,    0,    0,    0,    0,    0,    0,    0,    0,    0,    0,    0,    0,    0,    0,    0,    0,    0,    0,    0,    0,    0,    0,    0,    0,    0,    0,    0,    0,    0,    0,    0,    0,    0,    0,    0,    0,    0,    0,    0,    0,    0,    0,    0,    0,    0,    0,    0,    0,    0,    0,    0,    0,    0,    0,   -7,  -11,  -11,  -20,    0,    0,   -9,    0,    0,    0,    0,    0,    0,    0,    0,    0,   -7,    0,    0,    0,  -20,    0,    0,  -12,  -20,  -11,    0,    0,    0,    0,  -11,    0,    0,    0,    0,    0,    0,    0,    0,    0,    0,    0,    0,    0,    0,    0,    0,    0,    0,    0,    0,    0,    0,    0,    0,    0,    0,  -11,    0,    0,    0,    0,    0,    0,    0,    0,    0,    0,    0,    0,    0,    0,    0,    0,    0,    0,    0,
       0,    0,    0,    0,    0,    0,    0,    0,    0,    0,    0,    0,    0,    0,    0,    0,    0,    0,    0,    0,    0,    0,    0,    0,    0,    0,    0,    0,    0,    0,    0,    0,    0,    0,    0,    0,    0,    0,    0,    0,    0,    0,    0,    0,    0,    0,    0,    0,    0,    0,    0,    0,    0,    0,    0,    0,    0,    0,    0,    0,    0,    0,    0,    4,    0,    0,    0,    0,   -5,    0,   -2,    4,    0,   -2,    0,    0,    0,    0,   -2,   -2,    0,    0,    0,    0,    0,    0,    0,    0,  -11,   -5,    0,    0,    0,    0,    0,    0,    5,    0,    0,    5,    0,    5,    0,    0,    0,    0,    0,    0,    0,    0,    0,    0,    0,    0,    5,    0,    0,    0,    0,    0,    0,    0,    0,  -27,    0,    0,    0,    0,    0,    0,    0,    0,
       0,    0,    0,    0,    0,    0,    0,    0,    0,    0,    0,    0,    0,    0,    0,    0,    0,    0,    0,    0,    0,    0,    0,    0,    0,    0,    0,    0,    0,    0,    0,    0,    0,    0,    0,    0,    0,    0,    0,    0,    0,    0,    0,    0,    0,    0,    0,    0,    0,    0,    0,    0,    0,    0,    0,    0,    0,    0,    0,    0,    0,    0,    0,    0,    0,    0,    0,    0,    0,    0,    0,    4,    0,    0,    0,    0,    0,    0,    0,    0,    0,    0,    0,    0,    0,    0,    0,    0,    0,    0,    0,    0,    0,    0,    0,    0,    0,    0,    5,    5,    0,   11,    0,    0,    0,    0,    0,    0,    0,    0,    0,    0,    0,    0,    5,    0,    0,    0,    0,    0,    0,    0,    0,    0,    0,    0,    0,    0,    0,    0,    0,    0,
       0,    0,    0,    0,    0,    0,    0,    0,    0,    0,    0,    0,    0,    0,    0,    0,    0,    0,    0,    0,    0,    0,    0,    0,    0,    0,    0,    0,    0,    0,    0,    0,    0,    0,    0,    0,    0,    0,    0,    0,    0,    0,    0,    0,    0,    0,    0,    0,    0,    0,    0,    0,    0,   -5,   -5,    0,    0,    0,  -23,    0,    0,    0,    0,    0,    0,    0,    0,    0,    0,    0,   -5,  -14,    0,  -14,    0,    0,    0,    0,    0,    0,    0,    0,    0,    0,    0,    0,    0,    0,    0,    0,    0,    0,    0,    0,    5,    0,    5,    0,   11,   11,    0,   16,    0,    0,    0,    0,    0,    0,    0,    0,    0,    0,    0,    0,   11,    0,    0,    0,    0,    0,    0,    0,    0,  -21,    0,    0,    0,    0,    0,    0,    0,    0,
       0,    0,    0,    0,    0,    0,    0,    0,    0,    0,    0,    0,    0,    0,    0,    0,    0,    0,    0,    0,    0,    0,    0,    0,    0,    0,    0,    0,    0,    0,    0,    0,    0,    0,    0,    0,    0,    0,    0,    0,    0,    0,    0,    0,    0,    0,    0,    0,    0,    0,    0,    0,    0,    0,    0,    0,    0,    0,    0,    0,    0,    0,    0,    0,    0,    0,    0,    0,    0,    0,    0,    0,    0,    0,    0,    0,    0,    0,    0,   -4,   -4,    0,    0,    0,    0,    0,    0,    0,    0,    0,    0,    0,    0,    0,    0,    0,    0,    0,    0,    0,    0,    0,    0,    0,    0,    0,    0,    0,    0,    0,    0,    0,    0,    0,    0,    0,    0,    0,    0,    0,    0,    0,    0,    0,    0,    0,    0,    0,    0,    0,    0,    0,
       0,    0,    0,    0,    0,    0,    0,    0,    0,    0,    0,    0,    0,    0,    0,    0,    0,    0,    0,    0,    0,    0,    0,    0,    0,    0,    0,    0,    0,    0,    0,    0,    0,    0,    0,    0,    0,    0,    0,    0,    0,    0,    0,    0,    0,    0,    0,    0,    0,    0,    0,    0,    0,   -5,  -14,    0,    0,    0,  -43,    0,   -4,   -5,    0,   -2,   -9,   -2,    0,    0,    0,    0,    0,   -4,    0,  -19,   -2,    0,    0,    0,    0,   -4,  -23,   -4,    0,   -4,   -2,  -12,   -4,   -2,   -9,   -5,   -5,  -12,  -21,   -2,  -16,   -2,   -2,   -9,    4,   11,  -16,   11,   -7,   11,   -5,   -7,   23,  -21,   -9,   12,   -7,    0,    0,    0,    5,    0,   11,   -4,    0,    0,   -5,   -2,   -2,  -11,    0,    0,    0,    0,    0,    0,    0,    0,
       0,    0,    0,    0,    0,    0,    0,    0,    0,    0,    0,    0,    0,    0,    0,    0,    0,    0,    0,    0,    0,    0,    0,    0,    0,    0,    0,    0,    0,    0,    0,    0,    0,    0,    0,    0,    0,    0,    0,    0,    0,    0,    0,    0,    0,    0,    0,    0,    0,    0,    0,    0,    0,    0,  -11,    0,    0,    0,   -2,   -7,    7,   -5,   -5,    0,    0,    0,   -5,    0,   -5,   -5,  -11,    0,    0,  -16,    0,   -2,    0,    0,   -2,    0,    0,    0,   -4,    0,    0,    0,    0,    0,  -12,   -5,    0,    0,    0,    0,   -7,   -3,    0,   -3,    0,    0,    0,   11,    0,    0,    0,    0,    0,    0,    0,    0,    0,    0,    0,    0,    0,    0,    0,    0,    0,    0,    0,    0,    0,  -19,    0,    0,    0,    0,    0,    0,    0,    0,
       0,    0,    0,    0,    0,    0,    0,    0,    0,    0,    0,    0,    0,    0,    0,    0,    0,    0,    0,    0,    0,    0,    0,    0,    0,    0,    0,    0,    0,    0,    0,    0,    0,    0,    0,    0,    0,    0,    0,    0,    0,    0,    0,    0,    0,    0,    0,    0,    0,    0,    0,    0,    0,    5,  -27,    0,   -4,    0,  -32,   -5,    0,   -7,    0,    0,   -9,    0,    0,    0,    0,   -5,  -16,   -7,    0,   -5,    0,   -4,    0,    0,   -2,   -9,  -48,  -11,   -7,  -28,    0,  -57,  -34,  -46,  -53,  -14,  -53,  -37,  -52,  -32,  -59,  -41,  -43,  -48,  -44,  -28,  -59,  -36,  -60,  -48,  -60,  -55,  -28,  -60,  -57,  -36,  -59,    0,   -5,    0,    0,    0,    0,  -28,    0,    0,  -53,    0,  -32,    0,    0,    0,    0,    0,    0,    0,    0,    0,
       0,    0,    0,    0,    0,    0,    0,    0,    0,    0,    0,    0,    0,    0,    0,    0,    0,    0,    0,    0,    0,    0,    0,    0,    0,    0,    0,    0,    0,    0,    0,    0,    0,    0,    0,    0,    0,    0,    0,    0,    0,    0,    0,    0,    0,    0,    0,    0,    0,    0,    0,    0,    0,    0,  -11,   -4,  -12,   -4,  -37,   -7,   -2,  -11,   -4,  -18,   -2,    0,   -4,   -2,    0,   -2,   -4,    0,    0,    0,   -4,   -7,    0,   -4,   -4,  -32,  -34,  -25,  -14,  -23,  -11,  -28,  -20,  -23,  -25,  -25,  -30,  -25,  -39,  -20,  -30,  -25,  -20,  -27,  -23,   -7,  -41,  -18,  -25,  -20,  -23,  -28,   -2,  -44,  -34,  -20,  -30,    0,  -28,  -30,    0,    0,   -7,  -23,    0,   -4,  -30,    0,  -20,    0,  -30,   -4,    0,    0,    0,    0,    0,    0,
       0,    0,    0,    0,    0,    0,    0,    0,    0,    0,    0,    0,    0,    0,    0,    0,    0,    0,    0,    0,    0,    0,    0,    0,    0,    0,    0,    0,    0,    0,    0,    0,    0,    0,    0,    0,    0,    0,    0,    0,    0,    0,    0,    0,    0,    0,    0,    0,    0,    0,    0,    0,    0,    0,    4,    0,    0,    0,  -20,    0,    0,   -4,    0,   -7,    2,    0,    0,    0,    0,    0,    0,   -4,    0,    0,    0,    0,    0,   -2,    0,  -11,    0,    0,    0,    0,    0,    0,    0,    0,    0,    0,    0,    0,    0,    0,    0,    0,    0,    0,    0,    0,    0,    0,    0,    0,    0,    0,    0,    0,    0,    0,    0,    0,    0,    0,    0,    0,    0,    0,    0,    0,    0,    0,    0,    0,    0,    0,    0,    0,    0,    0,    0,    0,
       0,    0,    0,    0,    0,    0,    0,    0,    0,    0,    0,    0,    0,    0,    0,    0,    0,    0,    0,    0,    0,    0,    0,    0,    0,    0,    0,    0,    0,    0,    0,    0,    0,    0,    0,    0,    0,    0,    0,    0,    0,    0,    0,    0,    0,    0,    0,    0,    0,    0,    0,    0,    0,   -5,   -3,    0,    0,    0,    0,   -5,    0,   -4,    0,    0,    8,    0,   -7,    0,   -5,  -11,    0,    0,    0,  -16,    0,    0,    0,    0,    0,    0,    0,    0,    0,    0,    0,   -5,    0,    0,  -16,  -16,    0,    0,    0,    0,   -5,    0,    5,    0,    5,  -11,    0,    5,    0,    0,    0,    0,    0,    0,    0,    0,    0,    0,    0,    0,    5,    0,    0,    0,    0,    0,    0,    0,    0,  -11,    0,    0,    0,    0,    0,    0,    0,    0,
       0,    0,    0,    0,    0,    0,    0,    0,    0,    0,    0,    0,    0,    0,    0,    0,    0,    0,    0,    0,    0,    0,    0,    0,    0,    0,    0,    0,    0,    0,    0,    0,    0,    0,    0,    0,    0,    0,    0,    0,    0,    0,    0,    0,    0,    0,    0,    0,    0,    0,    0,    0,    0,    0,   -4,   -9,   -7,    0,    0,    0,    0,  -20,    0,    0,    7,    0,   -4,    0,    0,    0,    0,  -11,   -7,    0,    0,  -11,    0,    0,   -4,   -7,    0,    0,    0,    0,    0,    0,    0,    0,    0,    0,    0,    0,    0,    0,    0,    0,    0,    0,    0,    0,    0,    0,    0,    0,    0,    0,    0,    0,    0,    0,    0,    0,    0,    0,    0,    0,    0,    0,    0,    0,    0,    0,    0,    0,    0,   -4,    0,    0,    0,    0,    0,    0,
       0,    0,    0,    0,    0,    0,    0,    0,    0,    0,    0,    0,    0,    0,    0,    0,    0,    0,    0,    0,    0,    0,    0,    0,    0,    0,    0,    0,    0,    0,    0,    0,    0,    0,    0,    0,    0,    0,    0,    0,    0,    0,    0,    0,    0,    0,    0,    0,    0,    0,    0,    0,    0,    0,    0,    0,    0,    0,   -5,    0,    0,   -7,    0,   -4,    0,    0,    0,    0,    0,    0,    0,   -4,    0,    0,    0,    0,    0,    0,    0,    0,    0,    0,    0,    0,    0,    0,    0,    0,    0,    0,    0,    0,    0,    0,    0,    0,    0,    0,    0,    0,    0,    0,    0,    0,    0,    0,    0,    0,    0,    0,    0,    0,    0,    0,    0,    0,    0,    0,    0,    0,    0,    0,    0,    0,    0,    0,    0,    0,    0,    0,    0,    0,
       0,    0,    0,    0,    0,    0,    0,    0,    0,    0,    0,    0,    0,    0,    0,    0,    0,    0,    0,    0,    0,    0,    0,    0,    0,    0,    0,    0,    0,    0,    0,    0,    0,    0,    0,    0,    0,    0,    0,    0,    0,    0,    0,    0,    0,    0,    0,    0,    0,    0,    0,    0,    0,    0,    0,    0,    0,    0,    0,    0,    0,    0,    0,    0,    0,    0,    0,    0,    0,    0,    0,   -7,    0,    0,    0,    0,    0,    0,    0,   -7,    0,    0,    0,    0,    0,  -16,    0,    0,    0,    0,    0,    0,    0,    0,    0,    0,    0,    0,    0,    0,    0,    0,    0,    0,    0,    0,    0,    0,    0,    0,    0,    0,  -16,    0,    0,    0,    0,    0,    0,    0,    0,    0,    0,    0,    0,    0,    0,    0,    0,    0,    0,    0,
       0,    0,    0,    0,    0,    0,    0,    0,    0,    0,    0,    0,    0,    0,    0,    0,    0,    0,    0,    0,    0,    0,    0,    0,    0,    0,    0,    0,    0,    0,    0,    0,    0,    0,    0,    0,    0,    0,    0,    0,    0,    0,    0,    0,    0,    0,    0,    0,    0,    0,    0,    0,    0,    0,    0,    0,    0,   -7,   -5,    0,    0,   -4,    0,   -4,    0,    0,    0,    0,    0,    0,  -16,  -30,   -5,    0,    0,  -16,    0,    0,   -4,  -18,    0,    0,    0,    0,    0,    0,    0,    0,    0,    0,    0,    0,    0,    0,    0,    0,    0,    0,    0,    0,    0,    0,    0,    0,    0,    0,    0,    0,    0,    0,    0,    0,    0,    0,    0,    0,    0,    0,    0,    0,    0,    0,    0,    0,    0,    0,    0,    0,    0,    0,    0,    0,
       0,    0,    0,    0,    0,    0,    0,    0,    0,    0,    0,    0,    0,    0,    0,    0,    0,    0,    0,    0,    0,    0,    0,    0,    0,    0,    0,    0,    0,    0,    0,    0,    0,    0,    0,    0,    0,    0,    0,    0,    0,    0,    0,    0,    0,    0,    0,    0,    0,    0,    0,    0,    0,    0,    0,    0,    0,    0,   -9,    0,    0,    0,    0,    0,    0,    0,    0,    0,    0,    0,    0,    0,    0,    0,    0,    0,    0,    0,    0,    0,    0,    0,    0,    0,    0,    0,    0,    0,    0,    0,    0,    0,    0,    0,    0,    0,    0,    0,    0,    0,    0,    0,    0,    0,    0,    0,    0,    0,    0,    0,    0,    0,    0,    0,    0,    0,    0,    0,    0,    0,    0,    0,    0,    0,    0,    0,    0,    0,    0,    0,    0,    0,
       0,    0,    0,    0,    0,    0,    0,    0,    0,    0,    0,    0,    0,    0,    0,    0,    0,    0,    0,    0,    0,    0,    0,    0,    0,    0,    0,    0,    0,    0,    0,    0,    0,    0,    0,    0,    0,    0,    0,    0,    0,    0,    0,    0,    0,    0,    0,    0,    0,    0,    0,    0,    0,    0,    0,    0,    0,    0,  -20,    0,    0,   -7,    0,   -9,    0,    0,    0,    0,    0,    0,  -18,  -27,    0,   -2,    0,  -14,    0,    0,    0,  -21,    0,    0,    0,    0,    0,    0,    0,    0,    0,    0,    0,    0,    0,    0,    0,    0,    0,    0,    0,    0,    0,    0,    0,    0,    0,    0,    0,    0,    0,    0,    0,    0,    0,    0,    0,    0,    0,    0,    0,    0,    0,    0,    0,    0,    0,    0,    0,    0,    0,    0,    0,    0,
       0,    0,    0,    0,    0,    0,    0,    0,    0,    0,    0,    0,    0,    0,    0,    0,    0,    0,    0,    0,    0,    0,    0,    0,    0,    0,    0,    0,    0,    0,    0,    0,    0,    0,    0,    0,    0,    0,    0,    0,    0,    0,    0,    0,    0,    0,    0,    0,    0,    0,    0,    0,    0,    0,    0,    0,    0,    0,  -36,    0,    0,    0,    0,  -18,    0,    0,    0,    0,    0,    0,   -5,  -16,    0,   -2,   -4,   -5,    0,    0,    0,  -14,    0,    0,    0,    0,    0,    0,    0,    0,    0,    0,    0,    0,    0,    0,    0,    0,    0,    0,    0,    0,    0,    0,    0,    0,    0,    0,    0,    0,    0,    0,    0,    0,    0,    0,    0,    0,    0,    0,    0,    0,    0,    0,    0,    0,    0,    0,    0,    0,    0,    0,    0,    0,
       0,    0,    0,    0,    0,    0,    0,    0,    0,    0,    0,    0,    0,    0,    0,    0,    0,    0,    0,    0,    0,    0,    0,    0,    0,    0,    0,    0,    0,    0,    0,    0,    0,    0,    0,    0,    0,    0,    0,    0,    0,    0,    0,    0,    0,    0,    0,    0,    0,    0,    0,    0,    0,    0,    0,    0,    0,    0,    0,    0,    0,    0,    0,    0,    0,    0,    0,    0,    0,   -2,    0,   -7,    0,    0,    0,    0,   -7,    0,    0,    0,    0,    0,    0,    0,    0,    0,    0,    0,    0,    0,    0,    0,    0,    0,    0,    0,    0,    0,    0,    0,    0,    0,    0,    0,    0,    0,    0,    0,    0,    0,    0,    0,    0,    0,    0,    0,    0,    0,    0,    0,    0,    0,    0,    0,    0,    0,    0,    0,    0,    0,    0,    0,
       0,    0,    0,    0,    0,    0,    0,    0,    0,    0,    0,    0,    0,    0,    0,    0,    0,    0,    0,    0,    0,    0,    0,    0,    0,    0,    0,    0,    0,    0,    0,    0,    0,    0,    0,    0,    0,    0,    0,    0,    0,    0,    0,    0,    0,    0,    0,    0,    0,    0,    0,    0,    0,    0,    0,    0,    0,    0,    0,    0,    0,    0,    0,    0,    0,    0,    0,    0,    0,    0,    0,    0,    0,    0,    0,    0,    0,    0,    0,    0,    0,    0,    0,    0,    0,    0,   11,   -4,    0,    0,    0,   20,    7,    0,    0,    0,    0,    0,    0,  -11,    0,    0,    0,   -4,    0,    0,    0,    0,    7,   14,    0,    0,    0,    0,    0,    0,    0,    0,    0,    0,    0,    0,    0,    0,    0,    0,    0,    0,    0,    0,    0,    0,
       0,    0,    0,    0,    0,    0,    0,    0,    0,    0,    0,    0,    0,    0,    0,    0,    0,    0,    0,    0,    0,    0,    0,    0,    0,    0,    0,    0,    0,    0,    0,    0,    0,    0,    0,    0,    0,    0,    0,    0,    0,    0,    0,    0,    0,    0,    0,    0,    0,    0,    0,    0,    0,    0,    0,    0,    0,    0,    0,    0,    0,    0,    0,    0,    0,    0,    0,    0,    0,    0,    0,    0,    0,    0,    0,    0,    0,    0,    0,    0,  -11,    0,    0,  -11,   -2,  -11,  -11,  -20,  -14,    4,  -14,  -18,  -11,  -16,   -7,  -20,  -12,  -11,  -14,  -11,  -18,    0,    0,   -7,  -11,  -14,   -4,  -27,  -12,   -7,  -21,  -11,    0,    0,    0,    0,    0,    0,    0,    0,    0,    0,    0,    0,    0,    0,    0,    0,    0,    0,    0,   46,
       0,    0,    0,    0,    0,    0,    0,    0,    0,    0,    0,    0,    0,    0,    0,    0,    0,    0,    0,    0,    0,    0,    0,    0,    0,    0,    0,    0,    0,    0,    0,    0,    0,    0,    0,    0,    0,    0,    0,    0,    0,    0,    0,    0,    0,    0,    0,    0,    0,    0,    0,    0,    0,    0,    0,    0,    0,    0,    0,    0,    0,    0,    0,    0,    0,    0,    0,    0,    0,    0,    0,    0,    0,    0,    0,    0,    0,    0,    0,    0,   -4,    0,    0,    0,    2,  -12,   -4,  -14,  -25,    0,   -4,  -21,  -11,   -5,  -20,   -7,    0,   -7,   -7,   -4,  -14,    0,    0,    0,   -4,   -4,    4,  -32,   -7,    0,  -11,    0,    0,    0,   11,    0,    0,    0,    0,    0,    0,    0,    0,    0,    0,    0,    0,    0,    0,    0,    0,    0,
       0,    0,    0,    0,    0,    0,    0,    0,    0,    0,    0,    0,    0,    0,    0,    0,    0,    0,    0,    0,    0,    0,    0,    0,    0,    0,    0,    0,    0,    0,    0,    0,    0,    0,    0,    0,    0,    0,    0,    0,    0,    0,    0,    0,    0,    0,    0,    0,    0,    0,    0,    0,    0,    0,    0,    0,    0,    0,    0,    0,    0,    0,    0,    0,    0,    0,    0,    0,    0,    0,    0,    0,    0,    0,    0,    0,    0,    0,    0,    0,   -7,   -4,    0,    0,   -5,    0,    0,    0,    0,    0,    0,  -16,  -11,    0,  -11,    0,    0,    0,    0,    2,  -12,    4,    0,    5,    0,    0,   12,  -11,  -11,    7,    0,    2,    0,    0,    0,    0,    0,    0,    0,    0,    0,    0,    0,    0,    0,    0,    0,    0,    0,    0,    0,    0,
       0,    0,    0,    0,    0,    0,    0,    0,    0,    0,    0,    0,    0,    0,    0,    0,    0,    0,    0,    0,    0,    0,    0,    0,    0,    0,    0,    0,    0,    0,    0,    0,    0,    0,    0,    0,    0,    0,    0,    0,    0,    0,    0,    0,    0,    0,    0,    0,    0,    0,    0,    0,    0,    0,    0,    0,    0,    0,    0,    0,    0,    0,    0,    0,    0,    0,    0,    0,    0,    0,    0,    0,    0,    0,    0,    0,    0,    0,    0,    0,    0,    0,    0,    0,    0,    0,    0,    0,    0,    0,    0,   -5,   -4,    0,    0,    0,    0,    0,    0,   -4,   -4,    0,    0,    4,    0,    0,   20,  -11,    0,    4,   -2,   -4,    0,    0,    0,    0,    0,    0,    0,    0,    0,    0,    0,    0,    0,    0,    0,    0,    0,    0,    0,    0,
       0,    0,    0,    0,    0,    0,    0,    0,    0,    0,    0,    0,    0,    0,    0,    0,    0,    0,    0,    0,    0,    0,    0,    0,    0,    0,    0,    0,    0,    0,    0,    0,    0,    0,    0,    0,    0,    0,    0,    0,    0,    0,    0,    0,    0,    0,    0,    0,    0,    0,    0,    0,    0,    0,    0,    0,    0,    0,    0,    0,    0,    0,    0,    0,    0,    0,    0,    0,    0,    0,    0,    0,    0,    0,    0,    0,    0,    0,    0,    0,    0,    0,    0,    0,   -4,    0,    4,   -4,   -4,   -4,    0,   -2,    4,    0,    0,    0,    0,    0,    0,   -2,    0,    4,    0,    0,    0,    0,    4,   -7,    0,    4,    0,    0,    0,    0,    0,    0,    0,    0,    0,    0,    0,    0,    0,    0,    0,    0,    0,    0,    0,    0,    0,    0,
       0,    0,    0,    0,    0,    0,    0,    0,    0,    0,    0,    0,    0,    0,    0,    0,    0,    0,    0,    0,    0,    0,    0,    0,    0,    0,    0,    0,    0,    0,    0,    0,    0,    0,    0,    0,    0,    0,    0,    0,    0,    0,    0,    0,    0,    0,    0,    0,    0,    0,    0,    0,    0,    0,    0,    0,    0,    0,    0,    0,    0,    0,    0,    0,    0,    0,    0,    0,    0,    0,    0,    0,    0,    0,    0,    0,    0,    0,    0,    0,  -16,   -4,   -4,    0,   -7,    0,    0,    0,   -4,   -4,    0,    0,    0,    0,    0,    0,    0,   -4,    0,    0,   -4,    0,    0,    0,    0,    0,    4,  -11,   -4,    4,    0,    0,    0,    0,    0,    0,    0,    0,    0,    0,    0,    0,    0,    0,    0,    0,    0,    0,    0,    0,    0,    0,
       0,    0,    0,    0,    0,    0,    0,    0,    0,    0,    0,    0,    0,    0,    0,    0,    0,    0,    0,    0,    0,    0,    0,    0,    0,    0,    0,    0,    0,    0,    0,    0,    0,    0,    0,    0,    0,    0,    0,    0,    0,    0,    0,    0,    0,    0,    0,    0,    0,    0,    0,    0,    0,    0,    0,    0,    0,    0,    0,    0,    0,    0,    0,    0,    0,    0,    0,    0,    0,    0,    0,    0,    0,    0,    0,    0,    0,    0,    0,    0,   -4,    0,   -4,    0,   -4,    0,    0,   27,   -4,   -4,   -4,   -4,   -4,   -4,    0,   -4,    0,    0,    0,    7,    0,    0,    0,    2,    2,   -7,    0,  -14,    0,    0,   -4,   -4,    0,    0,    0,    0,    0,    0,    0,    0,    0,    0,    0,    0,    0,    0,    0,    0,    0,    0,    0,  -16,
       0,    0,    0,    0,    0,    0,    0,    0,    0,    0,    0,    0,    0,    0,    0,    0,    0,    0,    0,    0,    0,    0,    0,    0,    0,    0,    0,    0,    0,    0,    0,    0,    0,    0,    0,    0,    0,    0,    0,    0,    0,    0,    0,    0,    0,    0,    0,    0,    0,    0,    0,    0,    0,    0,    0,    0,    0,    0,    0,    0,    0,    0,    0,    0,    0,    0,    0,    0,    0,    0,    0,    0,    0,    0,    0,    0,    0,    0,    0,    0,    0,    0,    0,    0,   -2,    0,    7,   -4,    0,    0,    0,   16,    0,    0,    4,    0,    0,    0,    0,    4,    0,    5,    0,    4,    7,    0,   11,    0,    0,   11,    0,    0,    0,    0,    5,    0,    0,    9,    0,    0,    0,    0,    0,    0,    0,    0,    0,    0,    0,    0,    0,    0,
       0,    0,    0,    0,    0,    0,    0,    0,    0,    0,    0,    0,    0,    0,    0,    0,    0,    0,    0,    0,    0,    0,    0,    0,    0,    0,    0,    0,    0,    0,    0,    0,    0,    0,    0,    0,    0,    0,    0,    0,    0,    0,    0,    0,    0,    0,    0,    0,    0,    0,    0,    0,    0,    0,    0,    0,    0,    0,    0,    0,    0,    0,    0,    0,    0,    0,    0,    0,    0,    0,    0,    0,    0,    0,    0,    0,    0,    0,    0,    0,    0,    0,    0,    0,   -2,    0,    7,   -4,    0,    0,    0,   16,    0,    0,    4,    0,    0,    0,    0,    4,    0,    5,    0,    4,    7,    0,   11,    0,    0,   11,    0,    0,    0,    0,    5,    0,    0,    0,    0,    0,    0,    0,    0,    0,    0,    0,    0,    0,    0,    0,    0,    0,
       0,    0,    0,    0,    0,    0,    0,    0,    0,    0,    0,    0,    0,    0,    0,    0,    0,    0,    0,    0,    0,    0,    0,    0,    0,    0,    0,    0,    0,    0,    0,    0,    0,    0,    0,    0,    0,    0,    0,    0,    0,    0,    0,    0,    0,    0,    0,    0,    0,    0,    0,    0,    0,    0,    0,    0,    0,    0,    0,    0,    0,    0,    0,    0,    0,    0,    0,    0,    0,    0,    0,    0,    0,    0,    0,    0,    0,    0,    0,    0,    0,   -4,    0,    0,  -11,   -4,    4,    0,    0,    0,    0,    0,    0,    0,   -4,    0,    0,    0,    0,    0,    0,    0,    0,    0,    0,   -4,    5,    0,   -7,    0,    0,    0,    0,    0,    0,    0,    0,    0,    0,    0,    0,    0,    0,    0,    0,    0,    0,    0,    0,    0,    0,    0,
       0,    0,    0,    0,    0,    0,    0,    0,    0,    0,    0,    0,    0,    0,    0,    0,    0,    0,    0,    0,    0,    0,    0,    0,    0,    0,    0,    0,    0,    0,    0,    0,    0,    0,    0,    0,    0,    0,    0,    0,    0,    0,    0,    0,    0,    0,    0,    0,    0,    0,    0,    0,    0,    0,    0,    0,    0,    0,    0,    0,    0,    0,    0,    0,    0,    0,    0,    0,    0,    0,    0,    0,    0,    0,    0,    0,    0,    0,    0,    0,    0,    0,    0,    4,    0,    0,    4,    0,    0,    0,    0,    0,    0,    0,   -2,    0,    0,    0,    0,    4,    0,    0,    0,    5,    0,    0,    0,    0,    0,    0,    0,   12,    0,   -2,    0,    0,    0,    0,    0,    0,    0,    0,    0,    0,   -2,    0,    0,    0,    0,    0,    0,    0,
       0,    0,    0,    0,    0,    0,    0,    0,    0,    0,    0,    0,    0,    0,    0,    0,    0,    0,    0,    0,    0,    0,    0,    0,    0,    0,    0,    0,    0,    0,    0,    0,    0,    0,    0,    0,    0,    0,    0,    0,    0,    0,    0,    0,    0,    0,    0,    0,    0,    0,    0,    0,    0,    0,    0,    0,    0,    0,    0,    0,    0,    0,    0,    0,    0,    0,    0,    0,    0,    0,    0,    0,    0,    0,    0,    0,    0,    0,    0,    0,    0,   -4,   -4,    0,   -7,   -4,    4,  -11,  -12,    0,   -4,    0,    0,    0,   -4,    0,    0,    0,   -7,   -7,   -4,    0,    0,   -4,   -4,   -7,   -4,   -7,  -11,    0,   -7,    0,    0,    0,    0,    0,    0,    0,    0,    0,    0,    0,    0,    0,    0,    0,    0,    0,    0,    0,    0,    0,
       0,    0,    0,    0,    0,    0,    0,    0,    0,    0,    0,    0,    0,    0,    0,    0,    0,    0,    0,    0,    0,    0,    0,    0,    0,    0,    0,    0,    0,    0,    0,    0,    0,    0,    0,    0,    0,    0,    0,    0,    0,    0,    0,    0,    0,    0,    0,    0,    0,    0,    0,    0,    0,    0,    0,    0,    0,    0,    0,    0,    0,    0,    0,    0,    0,    0,    0,    0,    0,    0,    0,    0,    0,    0,    0,    0,    0,    0,    0,    0,  -11,    0,   -7,    0,   -7,    0,    0,  -11,   -4,   -4,    0,   -4,   -4,    0,    0,    0,    0,    0,    0,   -4,   -4,    0,    0,    0,    0,    0,    0,    0,   -4,    0,    0,    0,    0,    0,    0,    0,    0,    0,    0,    0,    0,    0,    0,    0,    0,    0,    0,    0,    0,    0,    0,    0,
       0,    0,    0,    0,    0,    0,    0,    0,    0,    0,    0,    0,    0,    0,    0,    0,    0,    0,    0,    0,    0,    0,    0,    0,    0,    0,    0,    0,    0,    0,    0,    0,    0,    0,    0,    0,    0,    0,    0,    0,    0,    0,    0,    0,    0,    0,    0,    0,    0,    0,    0,    0,    0,    0,    0,    0,    0,    0,    0,    0,    0,    0,    0,    0,    0,    0,    0,    0,    0,    0,    0,    0,    0,    0,    0,    0,    0,    0,    0,    0,    0,    0,    0,    0,  -11,    0,    0,   -9,   -5,   -5,  -12,  -18,   -4,    0,    0,   -5,    0,    0,    0,   -7,    0,    0,    0,    0,   -4,   -4,   -4,    0,    0,    0,  -11,   -5,    0,    0,    0,    0,    0,    0,    0,    0,    0,    0,    0,    0,    0,    0,    0,    0,    0,    0,    0,    0,
       0,    0,    0,    0,    0,    0,    0,    0,    0,    0,    0,    0,    0,    0,    0,    0,    0,    0,    0,    0,    0,    0,    0,    0,    0,    0,    0,    0,    0,    0,    0,    0,    0,    0,    0,    0,    0,    0,    0,    0,    0,    0,    0,    0,    0,    0,    0,    0,    0,    0,    0,    0,    0,    0,    0,    0,    0,    0,    0,    0,    0,    0,    0,    0,    0,    0,    0,    0,    0,    0,    0,    0,    0,    0,    0,    0,    0,    0,    0,    0,    0,    0,    0,    0,    0,    0,    0,    0,   -5,   -5,    0,    0,    0,    0,    0,    0,    0,    0,    0,  -11,    0,    0,    0,    0,    0,    0,    0,    0,    0,    0,    0,    0,    0,    0,    0,    0,    0,    0,    0,    0,    0,    0,    0,    0,    0,    0,    0,    0,    0,    0,    0,    0,
       0,    0,    0,    0,    0,    0,    0,    0,    0,    0,    0,    0,    0,    0,    0,    0,    0,    0,    0,    0,    0,    0,    0,    0,    0,    0,    0,    0,    0,    0,    0,    0,    0,    0,    0,    0,    0,    0,    0,    0,    0,    0,    0,    0,    0,    0,    0,    0,    0,    0,    0,    0,    0,    0,    0,    0,    0,    0,    0,    0,    0,    0,    0,    0,    0,    0,    0,    0,    0,    0,    0,    0,    0,    0,    0,    0,    0,    0,    0,    0,    0,    0,   -4,   -4,  -11,    0,   -7,   -7,   -5,   -5,   -7,   -9,    0,    0,    0,   -5,    0,    0,    0,   -9,    0,    0,    0,    0,    0,   -4,   -7,  -21,    0,    0,   -4,    0,    0,    0,    0,    0,    0,    0,    0,    0,    0,    0,    0,    0,    0,    0,    0,    0,    0,    0,    0,    0,
       0,    0,    0,    0,    0,    0,    0,    0,    0,    0,    0,    0,    0,    0,    0,    0,    0,    0,    0,    0,    0,    0,    0,    0,    0,    0,    0,    0,    0,    0,    0,    0,    0,    0,    0,    0,    0,    0,    0,    0,    0,    0,    0,    0,    0,    0,    0,    0,    0,    0,    0,    0,    0,    0,    0,    0,    0,    0,    0,    0,    0,    0,    0,    0,    0,    0,    0,    0,    0,    0,    0,    0,    0,    0,    0,    0,    0,    0,    0,    0,    0,    0,    0,    0,    0,    0,    0,   -7,   -9,   -9,    0,    0,    0,    0,    0,    0,    0,    0,    0,  -10,    0,    0,    0,   -4,    0,    0,    0,   -4,    0,    0,   -7,   -5,    0,    0,    0,    0,    0,    0,    0,    0,    0,    0,    0,    0,    0,    0,    0,    0,    0,    0,    0,    0,
       0,    0,    0,    0,    0,    0,    0,    0,    0,    0,    0,    0,    0,    0,    0,    0,    0,    0,    0,    0,    0,    0,    0,    0,    0,    0,    0,    0,    0,    0,    0,    0,    0,    0,    0,    0,    0,    0,    0,    0,    0,    0,    0,    0,    0,    0,    0,    0,    0,    0,    0,    0,    0,    0,    0,    0,    0,    0,    0,    0,    0,    0,    0,    0,    0,    0,    0,    0,    0,    0,    0,    0,    0,    0,    0,    0,    0,    0,    0,    0,   16,    0,   11,    4,    0,    0,   14,    0,    0,    0,    0,   11,    7,    4,   11,    0,   20,    0,    0,   -4,    4,    7,    0,    0,    4,    0,    0,    0,   11,   14,    0,   11,    0,    0,    0,    0,    0,    0,    0,    0,    0,    0,    0,    0,    0,    0,    0,    0,    0,    0,    0,    0,
       0,    0,    0,    0,    0,    0,    0,    0,    0,    0,    0,    0,    0,    0,    0,    0,    0,    0,    0,    0,    0,    0,    0,    0,    0,    0,    0,    0,    0,    0,    0,    0,    0,    0,    0,    0,    0,    0,    0,    0,    0,    0,    0,    0,    0,    0,    0,    0,    0,    0,    0,    0,    0,    0,    0,    0,    0,    0,    0,    0,    0,    0,    0,    0,    0,    0,    0,    0,    0,    0,    0,    0,    0,    0,    0,    0,    0,    0,    0,    0,   -5,    0,    0,    0,  -12,   -4,   -4,   -4,   -5,   -5,   -4,   -5,    0,    0,   -2,   -5,   -5,    0,   -4,    2,   -4,    5,    0,    0,    0,    0,    0,    0,    0,    0,  -11,    0,    0,    0,    0,    0,    0,    0,    0,    0,    0,    0,    0,    0,    0,    0,    0,    0,    0,    0,    0,    0,
       0,    0,    0,    0,    0,    0,    0,    0,    0,    0,    0,    0,    0,    0,    0,    0,    0,    0,    0,    0,    0,    0,    0,    0,    0,    0,    0,    0,    0,    0,    0,    0,    0,    0,    0,    0,    0,    0,    0,    0,    0,    0,    0,    0,    0,    0,    0,    0,    0,    0,    0,    0,    0,    0,    0,    0,    0,    0,    0,    0,    0,    0,    0,    0,    0,    0,    0,    0,    0,    0,    0,    0,    0,    0,    0,    0,    0,    0,    0,    0,    0,    0,   -7,   -4,   -5,    0,  -11,  -18,   -7,   -7,   -4,  -21,    0,   -4,    0,    0,    0,    0,  -11,  -11,    0,    0,    0,    0,    0,   -7,   -7,  -11,    0,   -4,  -11,   -7,    0,    0,    0,    0,    0,    0,    0,    0,    0,    0,    0,    0,    0,    0,    0,    0,    0,    0,    0,    0,
       0,    0,    0,    0,    0,    0,    0,    0,    0,    0,    0,    0,    0,    0,    0,    0,    0,    0,    0,    0,    0,    0,    0,    0,    0,    0,    0,    0,    0,    0,    0,    0,    0,    0,    0,    0,    0,    0,    0,    0,    0,    0,    0,    0,    0,    0,    0,    0,    0,    0,    0,    0,    0,    0,    0,    0,    0,    0,    0,    0,    0,    0,    0,    0,    0,    0,    0,    0,    0,    0,    0,    0,    0,    0,    0,    0,    0,    0,    0,    0,    0,    4,    0,    4,   -2,    0,   11,    0,   -3,   -3,    0,   11,    7,    7,    0,   -5,    5,    0,    0,   -2,    0,    8,    0,    0,    0,    0,    0,    0,    0,   18,    0,    0,    0,    0,    5,    0,    0,    0,    0,    0,    0,    0,    0,    0,    0,    0,    0,    0,    0,    0,    0,    0,
       0,    0,    0,    0,    0,    0,    0,    0,    0,    0,    0,    0,    0,    0,    0,    0,    0,    0,    0,    0,    0,    0,    0,    0,    0,    0,    0,    0,    0,    0,    0,    0,    0,    0,    0,    0,    0,    0,    0,    0,    0,    0,    0,    0,    0,    0,    0,    0,    0,    0,    0,    0,    0,    0,    0,    0,    0,    0,    0,    0,    0,    0,    0,    0,    0,    0,    0,    0,    0,    0,    0,    0,    0,    0,    0,    0,    0,    0,    0,    0,  -11,   -7,   -7,   -4,   -7,  -11,    4,   -5,  -11,  -11,   -7,    0,   -4,   -7,   -7,    0,    0,  -11,  -11,   -4,  -11,    0,    0,  -11,    0,  -11,   -4,  -11,   -7,    0,    0,    0,    0,    0,    0,    0,    0,    0,    0,    0,    0,    0,    0,    0,    0,    0,    0,    0,    0,    0,    0,    0,
       0,    0,    0,    0,    0,    0,    0,    0,    0,    0,    0,    0,    0,    0,    0,    0,    0,    0,    0,    0,    0,    0,    0,    0,    0,    0,    0,    0,    0,    0,    0,    0,    0,    0,    0,    0,    0,    0,    0,    0,    0,    0,    0,    0,    0,    0,    0,    0,    0,    0,    0,    0,    0,    0,    0,    0,    0,    0,    0,    0,    0,    0,    0,    0,    0,    0,    0,    0,    0,    0,    0,    0,    0,    0,    0,    0,    0,    0,    0,    0,    0,    0,    0,    0,   -7,    0,    0,    0,    0,    0,    0,    0,   -4,    0,    0,    0,    0,    0,    2,    0,    0,    0,    0,    0,    0,   -4,    7,   -7,    0,    0,    0,    0,    0,    0,    0,    0,    0,    0,    0,    0,    0,    0,    0,    0,    0,    0,    0,    0,    0,    0,    0,    0,
       0,    0,    0,    0,    0,    0,    0,    0,    0,    0,    0,    0,    0,    0,    0,    0,    0,    0,    0,    0,    0,    0,    0,    0,    0,    0,    0,    0,    0,    0,    0,    0,    0,    0,    0,    0,    0,    0,    0,    0,    0,    0,    0,    0,    0,    0,    0,    0,    0,    0,    0,    0,    0,    0,    0,    0,    0,    0,    0,    0,    0,    0,    0,    0,    0,    0,    0,    0,    0,    0,    0,    0,    0,    0,    0,    0,    0,    0,    0,    0,    0,    0,    0,    0,  -11,    0,    7,  -14,    0,    0,    0,    7,    7,    0,    0,    0,    0,   -2,    0,   -7,    0,    0,    0,   -7,    0,    0,   -4,   -4,    0,    7,   -4,    0,    0,    0,    0,    0,    0,    0,    0,    0,    0,    0,    0,    0,    0,    0,    0,    0,    0,    0,    0,    0,
       0,    0,    0,    0,    0,    0,    0,    0,    0,    0,    0,    0,    0,    0,    0,    0,    0,    0,    0,    0,    0,    0,    0,    0,    0,    0,    0,    0,    0,    0,    0,    0,    0,    0,    0,    0,    0,    0,    0,    0,    0,    0,    0,    0,    0,    0,    0,    0,    0,    0,    0,    0,    0,    0,    0,    0,    0,    0,    0,    0,    0,    0,    0,    0,    0,    0,    0,    0,    0,    0,    0,    0,    0,    0,    0,    0,    0,    0,    0,    0,    0,    0,   -4,    0,   -4,   -4,    7,   -4,   -4,   -4,   -4,    7,    0,    0,   -4,   -7,    0,   -4,   -7,    0,    0,    0,    0,   -4,    0,    0,    0,   -7,    7,    7,   -4,    0,    0,    0,    0,    0,    0,    0,    0,    0,    0,    0,    0,    0,    0,    0,    0,    0,    0,    0,    0,    0,
       0,    0,    0,    0,    0,    0,    0,    0,    0,    0,    0,    0,    0,    0,    0,    0,    0,    0,    0,    0,    0,    0,    0,    0,    0,    0,    0,    0,    0,    0,    0,    0,    0,    0,    0,    0,    0,    0,    0,    0,    0,    0,    0,    0,    0,    0,    0,    0,    0,    0,    0,    0,    0,    0,    0,    0,    0,    0,    0,    0,    0,    0,    0,    0,    0,    0,    0,    0,    0,    0,    0,    0,    0,    0,    0,    0,    0,    0,    0,    0,    0,   -4,  -14,   -4,  -11,  -11,   -4,  -20,   -4,   -4,   -4,   -4,   -4,    0,    0,   -9,    0,    0,   -7,   -7,   -4,    0,    0,   -7,   -4,   -9,    0,   -7,  -11,    0,   -7,   -4,    0,    0,    0,    0,    0,    0,    0,    0,    0,    0,    0,    0,    0,    0,    0,    0,    0,    0,    0,    0,
       0,    0,    0,    0,    0,    0,    0,    0,    0,    0,    0,    0,    0,    0,    0,    0,    0,    0,    0,    0,    0,    0,    0,    0,    0,    0,    0,    0,    0,    0,    0,    0,    0,    0,    0,    0,    0,    0,    0,    0,    0,    0,    0,    0,    0,    0,    0,    0,    0,    0,    0,    0,    0,    0,    0,    0,    0,    0,    0,    0,    0,    0,    0,    0,    0,    0,    0,    0,    0,    0,    0,    0,    0,    0,    0,    0,    0,    0,    0,    0,    0,   -4,    0,    0,    0,    0,    0,   -4,    0,    0,    0,    0,    0,    0,    0,    0,    0,    0,    0,    0,    0,    0,    0,    0,    0,    0,    0,    0,    0,    0,    0,    0,    0,    0,    0,    0,    0,    0,    0,    0,    0,    0,    0,    0,    0,    0,    0,    0,    0,    0,    0,    0,
       0,    0,    0,    0,    0,    0,    0,    0,    0,    0,    0,    0,    0,    0,    0,    0,    0,    0,    0,    0,    0,    0,    0,    0,    0,    0,    0,    0,    0,    0,    0,    0,    0,    0,    0,    0,    0,    0,    0,    0,    0,    0,    0,    0,    0,    0,    0,    0,    0,    0,    0,    0,    0,    0,    0,    0,    0,    0,    0,    0,    0,    0,    0,    0,    0,    0,    0,    0,    0,    0,    0,    0,    0,    0,    0,    0,    0,    0,    0,    0,    0,    0,    0,    0,    0,    0,    0,   -7,    0,    0,   -2,    0,    0,    0,    0,    0,    0,    0,    0,   -4,    0,    0,    0,   -4,    0,    0,   -4,   -7,    0,    0,    0,    0,    0,    0,    0,    0,    0,    0,    0,    0,    0,    0,    0,    0,    0,    0,    0,    0,    0,    0,    0,    0,
       0,    0,    0,    0,    0,    0,    0,    0,    0,    0,    0,    0,    0,    0,    0,    0,    0,    0,    0,    0,    0,    0,    0,    0,    0,    0,    0,    0,    0,    0,    0,    0,    0,    0,    0,    0,    0,    0,    0,    0,    0,    0,    0,    0,    0,    0,    0,    0,    0,    0,    0,    0,    0,    0,    0,    0,    0,    0,    0,    0,    0,    0,    0,    0,    0,    0,    0,    0,    0,    0,    0,    0,    0,    0,    0,    0,    0,    0,    0,    0,    0,   -4,    0,    0,   -5,   -4,    0,  -11,   -7,   -7,    0,    0,   -7,    0,    0,   -7,    0,    0,    0,   -4,   -4,    0,    0,    0,    0,    0,    0,    0,    0,    0,    0,    0,    0,    0,    0,    0,    0,    0,    0,    0,    0,    0,    0,    0,    0,    0,    0,    0,    0,    0,    0,    0,
       0,    0,    0,    0,    0,    0,    0,    0,    0,    0,    0,    0,    0,    0,    0,    0,    0,    0,    0,    0,    0,    0,    0,    0,    0,    0,    0,    0,    0,    0,    0,    0,    0,    0,    0,    0,    0,    0,    0,    0,    0,    0,    0,    0,    0,    0,    0,    0,    0,    0,    0,    0,    0,    0,    0,    0,    0,    0,    0,    0,    0,    0,    0,    0,    0,    0,    0,    0,    0,    0,    0,    0,    0,    0,    0,    0,    0,    0,    0,    0,    0,    0,    0,    0,   -7,   -4,   -4,  -11,    0,    0,   -4,  -11,    0,    0,    0,    0,    0,    0,    0,   -4,    0,    0,    0,   -4,    0,    0,    0,    0,    0,    0,    0,   -2,    0,    0,    0,    0,    0,    0,    0,    0,    0,    0,    0,    0,    0,    0,    0,    0,    0,    0,    0,    0,
       0,    0,    0,    0,    0,    0,    0,    0,    0,    0,    0,    0,    0,    0,    0,    0,    0,    0,    0,    0,    0,    0,    0,    0,    0,    0,    0,    0,    0,    0,    0,    0,    0,    0,    0,    0,    0,    0,    0,    0,    0,    0,    0,    0,    0,    0,    0,    0,    0,    0,    0,    0,    0,    0,    0,    0,    0,    0,    0,    0,    0,    0,    0,    0,    0,    0,    0,    0,    0,    0,    0,    0,    0,    0,    0,    0,    0,    0,    0,    0,    0,    0,    0,    0,   -9,   -4,    0,  -12,   -4,   -4,    0,    0,    0,    0,    0,    0,    0,    0,   -7,    0,   -4,    0,    0,   -2,    0,   -4,    0,    0,    0,   -2,    0,    0,    0,    0,    0,    0,    0,    0,    0,    0,    0,    0,    0,    0,    0,    0,    0,    0,    0,    0,    0,    0,
       0,    0,    0,    0,    0,    0,    0,    0,    0,    0,    0,    0,    0,    0,    0,    0,    0,    0,    0,    0,    0,    0,    0,    0,    0,    0,    0,    0,    0,    0,    0,    0,    0,    0,    0,    0,    0,    0,    0,    0,    0,    0,    0,    0,    0,    0,    0,    0,    0,    0,    0,    0,    0,    0,    0,    0,    0,    0,    0,    0,    0,    0,    0,    0,    0,    0,    0,    0,    0,    0,    0,    0,    0,    0,    0,    0,    0,    0,    0,    0,    0,    0,    0,    0,    0,    0,    0,    0,    0,    0,    0,    0,    0,    0,    0,    0,   -5,    0,    0,    0,    0,    0,    0,    0,    0,    0,    0,    0,    0,    0,    0,    0,    0,    0,    0,    0,    0,    0,    0,    0,    0,    0,    0,    0,    0,    0,    0,    0,    0,    0,    0,    0,
       0,    0,    0,    0,    0,    0,    0,    0,    0,    0,    0,    0,    0,    0,    0,    0,    0,    0,    0,    0,    0,    0,    0,    0,    0,    0,    0,    0,    0,    0,    0,    0,    0,    0,    0,    0,    0,    0,    0,    0,    0,    0,    0,    0,    0,    0,    0,    0,    0,    0,    0,    0,    0,    0,    0,    0,    0,    0,    0,    0,    0,    0,    0,    0,    0,    0,    0,    0,    0,    0,    0,    0,    0,    0,    0,    0,    0,    0,    0,    0,    0,    0,    0,    0,    0,    0,    0,    0,   -5,    0,    0,    0,    0,    0,   -7,    0,    0,    0,    0,    0,    0,    0,    0,    0,    0,    0,    0,    0,    0,    0,    0,    0,    0,    0,    0,    0,    0,    0,    0,    0,    0,    0,    0,    0,    0,    0,    0,    0,    0,    0,    0,    0,
       0,    0,    0,    0,    0,    0,    0,    0,    0,    0,    0,    0,    0,    0,    0,    0,    0,    0,    0,    0,    0,    0,    0,    0,    0,    0,    0,    0,    0,    0,    0,    0,    0,    0,    0,    0,    0,    0,    0,    0,    0,    0,    0,    0,    0,    0,    0,    0,    0,    0,    0,    0,    0,    0,    0,    0,    0,    0,    0,    0,    4,   -2,    0,   11,    0,    0,   -9,    0,    0,   -5,   -5,   11,    4,   -5,    0,    0,    0,    0,    2,    0,  -21,    0,    0,    0,    0,  -21,    0,    0,  -32,  -32,    0,    0,    0,    0,  -27,  -21,    5,  -21,    0,  -16,    0,   -5,    0,    0,    0,    0,    0,    0,    0,    0,    0,    0,    0,    0,    5,    0,    0,    0,    0,    0,    0,    0,    0,    0,    0,    0,    0,    0,    0,    0,    0,    0,
       0,    0,    0,    0,    0,    0,    0,    0,    0,    0,    0,    0,    0,    0,    0,    0,    0,    0,    0,    0,    0,    0,    0,    0,    0,    0,    0,    0,    0,    0,    0,    0,    0,    0,    0,    0,    0,    0,    0,    0,    0,    0,    0,    0,    0,    0,    0,    0,    0,    0,    0,    0,    0,    0,    0,    0,    0,    0,    0,    0,    0,    0,    0,    0,    0,    0,    0,    0,    0,    0,    0,    0,    0,    0,    0,    0,    0,    0,    0,    0,    0,    0,    0,    0,    0,    0,    0,    0,   -4,    0,    0,    0,    0,    0,   -5,    0,    0,    0,    0,    0,    0,    0,    0,    0,    0,    0,    0,    0,    0,    0,    0,    0,    0,    0,    0,    0,    0,    0,    0,    0,    0,    0,    0,    0,    0,    0,    0,    0,    0,    0,    0,    0,
       0,    0,    0,    0,    0,    0,    0,    0,    0,    0,    0,    0,    0,    0,    0,    0,    0,    0,    0,    0,    0,    0,    0,    0,    0,    0,    0,    0,    0,    0,    0,    0,    0,    0,    0,    0,    0,    0,    0,    0,    0,    0,    0,    0,    0,    0,    0,    0,    0,    0,    0,    0,    0,    0,    0,    0,    0,    0,    0,    0,    0,    0,    0,    0,    0,    0,    0,    0,    0,    0,    0,    0,    0,    0,    0,    0,    0,    0,    0,    0,    0,    0,    0,    0,    0,    0,    0,    0,   -4,    0,    0,    0,    0,    0,    0,    0,    0,    0,    0,    0,    0,    0,    0,    0,    0,    0,    0,    0,    0,    0,    0,    0,    0,    0,    0,    0,    0,    0,    0,    0,    0,    0,    0,    0,    0,    0,    0,    0,    0,    0,    0,    0,
       0,    0,    0,    0,    0,    0,    0,    0,    0,    0,    0,    0,    0,    0,    0,    0,    0,    0,    0,    0,    0,    0,    0,    0,    0,    0,    0,    0,    0,    0,    0,    0,    0,    0,    0,    0,    0,    0,    0,    0,    0,    0,    0,    0,    0,    0,    0,    0,    0,    0,    0,    0,    0,    5,  -29,    0,    0,    0,    0,  -16,    0,    0,    0,    0,    0,   -5,  -11,    0,   -5,  -16,   -8,    0,    0,  -16,    0,    0,    0,    0,    0,    0,  -37,    0,    0,    0,    0,  -32,    0,    0,  -32,  -32,    0,    0,    0,    0,  -32,  -32,  -27,  -32,  -16,  -21,    0,  -27,    0,    0,    0,    0,    0,    0,    0,    0,    0,    0,    0,    0,    0,    0,    0,    0,    0,    0,    0,    0,    0,   -5,    0,    0,    0,    0,    0,    0,    0,    0,
       0,    0,    0,    0,    0,    0,    0,    0,    0,    0,    0,    0,    0,    0,    0,    0,    0,    0,    0,    0,    0,    0,    0,    0,    0,    0,    0,    0,    0,    0,    0,    0,    0,    0,    0,    0,    0,    0,    0,    0,    0,    0,    0,    0,    0,    0,    0,    0,    0,    0,    0,    0,    0,    0,    0,    0,    0,    0,    0,    0,    0,    0,    0,    0,    0,    0,    0,    0,    0,    0,    0,  -14,    0,    0,    0,    0,    0,    0,    0,    0,    0,    0,    0,    0,    0,    0,    0,    0,    0,    0,    0,    0,    0,    0,    0,    0,    0,    0,    0,    0,    0,    0,    0,    0,    0,    0,    0,    0,    0,    0,    0,    0,    0,    0,    0,    0,    0,    0,    0,    0,    0,    0,    0,    0,    0,    0,    0,    0,    0,    0,    0,    0,
       0,    0,    0,    0,    0,    0,    0,    0,    0,    0,    0,    0,    0,    0,    0,    0,    0,    0,    0,    0,    0,    0,    0,    0,    0,    0,    0,    0,    0,    0,    0,    0,    0,    0,    0,    0,    0,    0,    0,    0,    0,    0,    0,    0,    0,    0,    0,    0,    0,    0,    0,    0,    0,    0,    0,    0,    0,    0,    0,    0,    0,    0,    0,    0,    0,    0,    0,    0,    0,    0,    0,    0,    0,    0,    0,    0,    0,    0,    0,    0,    0,    0,    0,    0,    0,    0,    0,    0,    0,    0,    0,   -4,    0,    0,    0,   -5,    0,    0,    0,    0,    0,    0,    0,    0,    0,    0,    0,    0,    0,    0,    0,    0,    0,    0,    0,    0,    0,    0,    0,    0,    0,    0,    0,    0,    0,    0,    0,    0,    0,    0,    0,    0,
       0,    0,    0,    0,    0,    0,    0,    0,    0,    0,    0,    0,    0,    0,    0,    0,    0,    0,    0,    0,    0,    0,    0,    0,    0,    0,    0,    0,    0,    0,    0,    0,    0,    0,    0,    0,    0,    0,    0,    0,    0,    0,    0,    0,    0,    0,    0,    0,    0,    0,    0,    0,   -5,    0,    0,    0,    0,    0,    0,    0,    0,    0,    0,    0,    0,    0,    0,    0,    0,    0,    0,    0,    0,    0,    0,    0,    0,    0,    0,    0,    0,    0,    0,    0,    0,    0,    0,    0,    0,    0,    0,    0,    0,    0,    0,    0,    0,    0,    0,    0,    0,    0,    0,    0,    0,    0,    0,    0,    0,    0,    0,    0,    0,    0,    0,    0,    0,    0,    0,    0,    0,    0,    0,    0,    0,    0,    0,    8,    2,  -19,  -12,    0,
       0,    0,    0,    0,    0,    0,    0,    0,    0,    0,    0,    0,    0,    0,    0,    0,    0,    0,    0,    0,    0,    0,    0,    0,    0,    0,    0,    0,    0,    0,    0,    0,    0,    0,    0,    0,    0,    0,    0,    0,    0,    0,    0,    0,    0,    0,    0,    0,    0,    0,    0,    0,    0,    0,    0,    0,    0,    0,    0,    0,    0,    0,    0,    0,    0,    0,    0,    0,    0,    0,    0,    0,    0,    0,    0,    0,    0,    0,    0,    0,    0,    0,    0,    0,    0,    0,    0,    0,    0,    0,    0,    0,    0,    0,    0,    0,    0,    0,    0,    0,    0,    0,    0,    0,    0,    0,    0,    0,    0,    0,    0,    0,    0,    0,    0,    0,    0,    0,    0,    0,    0,    0,    0,    0,    0,    0,    5,  -17,    0,    0,    0,    0,
       0,    0,    0,    0,    0,    0,    0,    0,    0,    0,    0,    0,    0,    0,    0,    0,    0,    0,    0,    0,    0,    0,    0,    0,    0,    0,    0,    0,    0,    0,    0,    0,    0,    0,    0,    0,    0,    0,    0,    0,    0,    0,    0,    0,    0,    0,    0,    0,    0,    0,    0,    0,    0,    0,    0,    0,    0,    0,    0,    0,    0,    0,    0,    0,    0,    0,    0,    0,    0,    0,    0,    0,    0,    0,    0,    0,    0,    0,    0,    0,    0,    0,    0,    0,    0,    0,    0,    0,    0,    0,    0,    0,    0,    0,    0,    0,    0,    0,    0,    0,    0,    0,    0,    0,    0,    0,    0,    0,    0,    0,    0,    0,    0,    0,    0,    0,    0,    0,    0,    0,    0,    0,    0,    0,    0,    0,    0,  -19,    0,    0,    0,    0,
       0,    0,    0,    0,    0,    0,    0,    0,    0,    0,    0,    0,    0,    0,    0,    0,    0,    0,    0,    0,    0,    0,    0,    0,    0,    0,    0,    0,    0,    0,    0,    0,    0,    0,    0,    0,    0,    0,    0,    0,    0,    0,    0,    0,    0,    0,    0,    0,    0,    0,    0,    0,    0,    0,    0,    0,    0,    0,    0,    0,    0,    0,    0,    0,    0,    0,    0,    0,    0,    0,    0,    0,    0,    0,    0,    0,    0,    0,    0,    0,    0,    0,    0,    0,    0,    0,    0,    0,    0,    0,    0,    0,    0,    0,    0,    0,    0,    0,    0,    0,    0,    0,    0,    0,    0,    0,    0,    0,    0,    0,    0,    0,    0,    0,    0,    0,    0,    0,    0,    0,    0,    0,    0,    0,    0,    0,    0,  -12,    0,    0,    0,    0,
       0,    0,    0,    0,    0,    0,    0,    0,    0,    0,    0,    0,    0,    0,    0,    0,    0,    0,    0,    0,    0,    0,    0,    0,    0,    0,    0,    0,    0,    0,    0,    0,    0,    0,    0,    0,    0,    0,    0,    0,    0,    0,    0,    0,    0,    0,    0,    0,    0,    0,    0,    0,    0,    0,    0,    0,    0,    0,    0,    0,    0,    0,    0,    0,    0,    0,    0,    0,    0,    0,    0,    0,    0,    0,    0,    0,    0,    0,    0,    0,    0,    0,    0,    0,    0,    0,    0,    0,    0,    0,    0,    0,    0,    0,    0,    0,    0,    0,    0,    0,    0,    0,    0,    0,    0,    0,    0,    0,    0,    0,    0,   18,    0,  -11,    0,    0,    0,    0,    0,    0,    0,    0,    0,    0,    0,    0,    0,    0,    0,    0,    0,    0,
};

static const EpdFontData ui_script_16 = {
    ui_script_16Bitmaps,
    ui_script_16Glyphs,
    ui_script_16Intervals,
    88,
    42,
    32,
    -10,
    false,
    nullptr,
    0,
    nullptr,
    ui_script_16KernLeftClasses,
    ui_script_16KernRightClasses,
    ui_script_16KernMatrix,
    154,
    166,
    128,
    132,
    nullptr,
    0,
};
