/**
 * generated by fontconvert.py
 * name: ui_script_20
 * size: 20
 * mode: 1-bit
 * Generated by scripts/build_ui_fonts.py
 */
#pragma once
#include "EpdFontData.h"

static const uint8_t ui_script_20Bitmaps[57209] = {
    0x00, 0x0C, 0x00, 0x38, 0x00, 0x78, 0x00, 0xE0, 0x03, 0xC0, 0x07, 0x80, 0x0E, 0x00, 0x38, 0x00,
    0x70, 0x01, 0xE0, 0x03, 0x80, 0x0F, 0x00, 0x1C, 0x00, 0x38, 0x00, 0xE0, 0x01, 0xC0, 0x07, 0x80,
    0x0E, 0x00, 0x1C, 0x00, 0x78, 0x00, 0xE0, 0x01, 0xC0, 0x03, 0x80, 0x07, 0x00, 0x00, 0x00, 0x00,
    0x00, 0x00, 0x01, 0xC0, 0x07, 0xC0, 0x0F, 0x80, 0x1E, 0x00, 0x00, 0x00, 0x00, 0x61, 0x83, 0x9C,
    0x1C, 0xE0, 0xE7, 0x0E, 0x38, 0x73, 0x87, 0x9C, 0x39, 0xE3, 0x8E, 0x18, 0x60, 0x00, 0x00, 0x00,
    0x00, 0x00, 0x60, 0x18, 0x00, 0x1E, 0x07, 0x00, 0x03, 0xC0, 0xF0, 0x00, 0xF8, 0x3C, 0x00, 0x1E,
    0x07, 0x80, 0x03, 0xC0, 0xE0, 0x00, 0xF0, 0x3C, 0x00, 0x1E, 0x07, 0x80, 0x03, 0x80, 0xE0, 0x00,
    0xF0, 0x3C, 0x00, 0x1E, 0x07, 0x00, 0x07, 0x81, 0xE0, 0x00, 0xF0, 0x38, 0x00, 0x1C, 0x07, 0x00,
    0xFF, 0xFF, 0xFE, 0x1F, 0xFF, 0xFF, 0xE1, 0xFF, 0xFF, 0xF8, 0x07, 0x81, 0xC0, 0x00, 0xE0, 0x38,
    0x00, 0x3C, 0x0F, 0x00, 0x07, 0x01, 0xC0, 0x00, 0xE0, 0x38, 0x01, 0xFF, 0xFF, 0xF0, 0xFF, 0xFF,
    0xFF, 0x0F, 0xFF, 0xFF, 0xE0, 0x3C, 0x0F, 0x00, 0x07, 0x81, 0xE0, 0x00, 0xE0, 0x38, 0x00, 0x3C,
    0x0F, 0x00, 0x07, 0x81, 0xE0, 0x00, 0xE0, 0x38, 0x00, 0x1C, 0x07, 0x00, 0x07, 0x81, 0xE0, 0x00,
    0xF0, 0x3C, 0x00, 0x1C, 0x07, 0x00, 0x03, 0x80, 0xE0, 0x00, 0x70, 0x1C, 0x00, 0x06, 0x01, 0x80,
    0x00, 0x00, 0x00, 0x00, 0x00, 0x00, 0x08, 0x00, 0x00, 0x38, 0x00, 0x00, 0x70, 0x00, 0x01, 0xC0,
    0x00, 0x03, 0x80, 0x00, 0x0F, 0x00, 0x00, 0x1C, 0x00, 0x00, 0xFC, 0x00, 0x0F, 0xFC, 0x00, 0x3F,
    0xF8, 0x00, 0xF7, 0x30, 0x03, 0xDC, 0x00, 0x0F, 0x38, 0x00, 0x1C, 0x60, 0x00, 0x3D, 0xC0, 0x00,
    0x7F, 0x00, 0x00, 0x7E, 0x00, 0x00, 0x78, 0x00, 0x00, 0x78, 0x00, 0x00, 0xF8, 0x00, 0x03, 0xF8,
    0x00, 0x06, 0xF0, 0x00, 0x1C, 0xE0, 0x00, 0x31, 0xC0, 0x00, 0xE3, 0x80, 0xC1, 0x8F, 0x03, 0x87,
    0x7C, 0x03, 0xFF, 0xF0, 0x07, 0xFF, 0x80, 0x03, 0xFC, 0x00, 0x00, 0xC0, 0x00, 0x03, 0x80, 0x00,
    0x07, 0x00, 0x00, 0x0C, 0x00, 0x00, 0x18, 0x00, 0x00, 0x30, 0x00, 0x00, 0x40, 0x00, 0x00, 0x00,
    0x38, 0x00, 0x00, 0x7E, 0x00, 0x80, 0x7F, 0x80, 0xE0, 0x3F, 0xC0, 0xF0, 0x38, 0xE0, 0xF8, 0x3C,
    0x70, 0xF8, 0x1C, 0x78, 0xF8, 0x1E, 0x38, 0xF8, 0x0E, 0x3C, 0xF8, 0x07, 0x3C, 0xF8, 0x03, 0xFC,
    0xF8, 0x01, 0xFC, 0xF8, 0x00, 0x7C, 0xF8, 0x00, 0x18, 0x78, 0x00, 0x00, 0x78, 0x00, 0x00, 0x78,
    0x80, 0x00, 0x79, 0xF0, 0x00, 0x79, 0xFC, 0x00, 0x79, 0xFE, 0x00, 0x79, 0xE7, 0x00, 0x79, 0xE3,
    0x80, 0x78, 0xE1, 0xC0, 0x3C, 0xF1, 0xC0, 0x3C, 0x70, 0xE0, 0x3C, 0x38, 0xE0, 0x3C, 0x1C, 0xF0,
    0x1E, 0x0F, 0xF0, 0x1E, 0x07, 0xE0, 0x0E, 0x01, 0xE0, 0x03, 0x00, 0x00, 0x00, 0x00, 0x00, 0x00,
    0x00, 0x0F, 0xC0, 0x00, 0x07, 0xFC, 0x00, 0x03, 0xFF, 0x80, 0x01, 0xFF, 0xF0, 0x00, 0x78, 0x7C,
    0x00, 0x3C, 0x1F, 0x00, 0x0F, 0x07, 0x80, 0x07, 0x83, 0xC0, 0x01, 0xE1, 0xE0, 0x00, 0x70, 0xF0,
    0x00, 0x1C, 0x78, 0x00, 0x07, 0x3C, 0x00, 0x00, 0xFE, 0x00, 0x00, 0x3F, 0x00, 0x30, 0x0F, 0x80,
    0x1E, 0x07, 0xF0, 0x0F, 0x03, 0xFC, 0x07, 0xC1, 0xF7, 0x83, 0xE0, 0xF8, 0xF1, 0xF0, 0x3C, 0x1E,
    0xF8, 0x1E, 0x03, 0xFC, 0x0F, 0x80, 0xFE, 0x03, 0xC0, 0x7F, 0x00, 0xF0, 0x3F, 0xC0, 0x3F, 0xFF,
    0xF8, 0x07, 0xFF, 0x8F, 0x00, 0xFF, 0x81, 0xF0, 0x07, 0x00, 0x7F, 0x00, 0x00, 0x0F, 0xE0, 0x00,
    0x00, 0xF8, 0x00, 0x00, 0x00, 0x00, 0x18, 0x38, 0x70, 0xE3, 0x87, 0x1E, 0x38, 0xE1, 0x80, 0x00,
    0x00, 0x00, 0x01, 0xE0, 0x01, 0xF8, 0x00, 0xFC, 0x00, 0x3C, 0x00, 0x1E, 0x00, 0x0F, 0x00, 0x07,
    0xC0, 0x01, 0xE0, 0x00, 0xF0, 0x00, 0x3C, 0x00, 0x1E, 0x00, 0x07, 0x00, 0x03, 0xC0, 0x00, 0xE0,
    0x00, 0x78, 0x00, 0x1C, 0x00, 0x0F, 0x00, 0x03, 0xC0, 0x00, 0xE0, 0x00, 0x78, 0x00, 0x1C, 0x00,
    0x07, 0x00, 0x01, 0xC0, 0x00, 0xF0, 0x00, 0x38, 0x00, 0x0E, 0x00, 0x03, 0x80, 0x00, 0xE0, 0x00,
    0x38, 0x00, 0x0E, 0x00, 0x03, 0x80, 0x00, 0xE0, 0x00, 0x1C, 0x00, 0x07, 0x00, 0x00, 0xE0, 0x00,
    0x3F, 0x00, 0x07, 0xC0, 0x00, 0x60, 0x00, 0x00, 0x00, 0x00, 0x18, 0x00, 0x3C, 0x00, 0x1C, 0x00,
    0x0E, 0x00, 0x0E, 0x00, 0x0E, 0x00, 0x0E, 0x00, 0x0E, 0x00, 0x0E, 0x00, 0x0E, 0x00, 0x0E, 0x00,
    0x0E, 0x00, 0x0E, 0x00, 0x0E, 0x00, 0x1E, 0x00, 0x1C, 0x00, 0x1C, 0x00, 0x1C, 0x00, 0x3C, 0x00,
    0x3C, 0x00, 0x38, 0x00, 0x78, 0x00, 0x78, 0x00, 0x70, 0x00, 0xF0, 0x00, 0xE0, 0x01, 0xE0, 0x01,
    0xC0, 0x03, 0xC0, 0x07, 0x80, 0x07, 0x80, 0x0F, 0x00, 0x1E, 0x00, 0xFE, 0x00, 0xFC, 0x00, 0x70,
    0x00, 0x00, 0x00, 0x00, 0x20, 0x00, 0xC0, 0x03, 0x80, 0x07, 0x00, 0x9C, 0x01, 0xBB, 0x83, 0xFF,
    0x07, 0xFC, 0x0F, 0xE0, 0x3F, 0x00, 0xFE, 0x03, 0xCC, 0x0F, 0x1C, 0x1C, 0x1C, 0x30, 0x38, 0x00,
    0x00, 0x00, 0x80, 0x00, 0xE0, 0x00, 0x70, 0x00, 0x38, 0x00, 0x1C, 0x00, 0x0E, 0x00, 0x07, 0x00,
    0x3F, 0xFC, 0xFF, 0xFF, 0x3F, 0xFF, 0x80, 0x70, 0x00, 0x38, 0x00, 0x1C, 0x00, 0x0E, 0x00, 0x07,
    0x00, 0x03, 0x80, 0x00, 0x80, 0x00, 0x00, 0x18, 0x30, 0x61, 0xC3, 0x8F, 0x1C, 0x71, 0xC0, 0x07,
    0xE3, 0xFF, 0x9F, 0xFC, 0x38, 0x00, 0x11, 0xEF, 0xFE, 0x70, 0x00, 0x00, 0x10, 0x00, 0x01, 0xC0,
    0x00, 0x1E, 0x00, 0x00, 0xF0, 0x00, 0x0F, 0x00, 0x00, 0x78, 0x00, 0x07, 0x80, 0x00, 0x38, 0x00,
    0x03, 0xC0, 0x00, 0x3C, 0x00, 0x01, 0xC0, 0x00, 0x1E, 0x00, 0x00, 0xE0, 0x00, 0x0F, 0x00, 0x00,
    0xF0, 0x00, 0x07, 0x00, 0x00, 0x78, 0x00, 0x03, 0x80, 0x00, 0x3C, 0x00, 0x01, 0xC0, 0x00, 0x1E,
    0x00, 0x00, 0xE0, 0x00, 0x0F, 0x00, 0x00, 0xF0, 0x00, 0x07, 0x80, 0x00, 0x78, 0x00, 0x03, 0xC0,
    0x00, 0x3C, 0x00, 0x01, 0xE0, 0x00, 0x1E, 0x00, 0x00, 0xF0, 0x00, 0x07, 0x00, 0x00, 0x78, 0x00,
    0x03, 0x80, 0x00, 0x1C, 0x00, 0x00, 0x60, 0x00, 0x00, 0x00, 0x7F, 0x00, 0x3F, 0xE0, 0x3F, 0xF8,
    0x1F, 0xFE, 0x07, 0xA3, 0x83, 0xC0, 0xE1, 0xE0, 0x38, 0x70, 0x0E, 0x3C, 0x03, 0x8E, 0x00, 0xE7,
    0x80, 0x79, 0xC0, 0x1C, 0x70, 0x0F, 0x1C, 0x03, 0xC7, 0x01, 0xE1, 0xC0, 0x78, 0x70, 0x3C, 0x1E,
    0x1E, 0x03, 0xFF, 0x80, 0x7F, 0xC0, 0x1F, 0xE0, 0x01, 0xE0, 0x00, 0x00, 0x00, 0x00, 0x0E, 0x00,
    0x3F, 0x00, 0x7F, 0x01, 0xFE, 0x03, 0xFE, 0x07, 0xDC, 0x1F, 0x9C, 0x3E, 0x3C, 0x7C, 0x38, 0x78,
    0x38, 0x20, 0x78, 0x00, 0x78, 0x00, 0x70, 0x00, 0xF0, 0x00, 0xF0, 0x00, 0xE0, 0x01, 0xE0, 0x01,
    0xE0, 0x01, 0xC0, 0x03, 0xC0, 0x03, 0xC0, 0x03, 0xC0, 0x03, 0x80, 0x01, 0x80, 0x00, 0x00, 0x00,
    0x3F, 0x00, 0x3F, 0xE0, 0x1F, 0xFC, 0x07, 0x8F, 0x01, 0xC1, 0xC0, 0x00, 0xF0, 0x00, 0x3C, 0x00,
    0x1E, 0x00, 0x0F, 0x80, 0x07, 0xC0, 0x03, 0xE0, 0x00, 0xF0, 0x00, 0x78, 0x00, 0x3C, 0x00, 0x1E,
    0x00, 0x0F, 0x00, 0x07, 0x80, 0x03, 0xDF, 0xF1, 0xFF, 0xFE, 0x7F, 0xFF, 0x9F, 0xE0, 0x03, 0xC0,
    0x00, 0x00, 0x00, 0x01, 0xFE, 0x03, 0xFF, 0xC1, 0xFF, 0xE0, 0xF0, 0x78, 0x00, 0x3C, 0x00, 0x7C,
    0x00, 0x7C, 0x00, 0xFC, 0x01, 0xFC, 0x01, 0xF8, 0x03, 0xF8, 0x00, 0xFF, 0x00, 0x7F, 0xC0, 0x01,
    0xF0, 0x00, 0x3C, 0x00, 0x1E, 0x00, 0x0F, 0x00, 0x07, 0x00, 0x0F, 0x80, 0x1F, 0x83, 0xFF, 0x81,
    0xFF, 0x80, 0x7F, 0x00, 0x00, 0x00, 0x00, 0xC0, 0x00, 0xE0, 0x80, 0xF0, 0xE0, 0xF0, 0x70, 0x78,
    0x78, 0x78, 0x78, 0x78, 0x3C, 0x3C, 0x1C, 0x3C, 0x1E, 0x1C, 0x0E, 0x1E, 0x0F, 0x0F, 0x3F, 0x07,
    0xFF, 0x81, 0xFF, 0x80, 0x7F, 0xC0, 0x01, 0xE0, 0x00, 0xE0, 0x00, 0x70, 0x00, 0x78, 0x00, 0x38,
    0x00, 0x1C, 0x00, 0x0E, 0x00, 0x07, 0x00, 0x03, 0x00, 0x00, 0x00, 0x00, 0x00, 0x1C, 0x00, 0xFF,
    0x01, 0xFF, 0x03, 0xFF, 0x07, 0xC0, 0x0F, 0x00, 0x0F, 0x00, 0x1F, 0x00, 0x1F, 0xE0, 0x1F, 0xF0,
    0x07, 0xF8, 0x00, 0x3C, 0x00, 0x1C, 0x00, 0x1C, 0x00, 0x1C, 0x00, 0x1C, 0x00, 0x1C, 0x00, 0x3C,
    0x00, 0x3C, 0x00, 0xF8, 0xE3, 0xF0, 0x7F, 0xE0, 0x7F, 0xC0, 0x3F, 0x00, 0x00, 0x00, 0x00, 0x0C,
    0x00, 0x3E, 0x00, 0xFF, 0x01, 0xFE, 0x03, 0xE0, 0x07, 0xC0, 0x0F, 0x80, 0x0F, 0x00, 0x1E, 0xFC,
    0x3F, 0xFE, 0x3F, 0xFF, 0x3E, 0x07, 0x78, 0x07, 0x70, 0x07, 0xF0, 0x0F, 0xF0, 0x1E, 0xE0, 0x3C,
    0xE0, 0x7C, 0xF1, 0xF8, 0xFF, 0xF0, 0x7F, 0xC0, 0x3F, 0x00, 0x08, 0x00, 0x00, 0x78, 0x07, 0xFC,
    0x1F, 0xFE, 0x1F, 0xDE, 0x1E, 0x1E, 0x00, 0x3E, 0x00, 0x3C, 0x00, 0x78, 0x00, 0x70, 0x00, 0xF0,
    0x01, 0xE0, 0x3F, 0xC0, 0x3F, 0xE0, 0x3F, 0xF0, 0x07, 0xF0, 0x0F, 0x10, 0x0E, 0x00, 0x1E, 0x00,
    0x1C, 0x00, 0x3C, 0x00, 0x38, 0x00, 0x78, 0x00, 0x78, 0x00, 0x7C, 0x00, 0x38, 0x00, 0x00, 0x00,
    0x01, 0xF0, 0x00, 0x7F, 0xC0, 0x1F, 0xFE, 0x03, 0xFF, 0xE0, 0xF0, 0x3C, 0x1C, 0x03, 0xC3, 0x80,
    0x78, 0x70, 0x0E, 0x07, 0x1F, 0xC0, 0xFF, 0xF0, 0x0F, 0xFC, 0x01, 0xFE, 0x00, 0x7E, 0x00, 0x1F,
    0xE0, 0x03, 0xDC, 0x00, 0xF1, 0xC0, 0x3E, 0x38, 0x07, 0x87, 0x01, 0xF0, 0xF0, 0x3C, 0x1C, 0x07,
    0x87, 0x81, 0xE1, 0xE0, 0x3C, 0xFC, 0x03, 0xFF, 0x00, 0x7F, 0x80, 0x07, 0x80, 0x00, 0x03, 0xE0,
    0x1F, 0xC1, 0xFF, 0x8F, 0xCF, 0x3C, 0x3D, 0xE1, 0xEF, 0x07, 0xBC, 0x3C, 0xE1, 0xE3, 0xDF, 0x87,
    0xFC, 0x1F, 0xF0, 0x1F, 0x80, 0x1E, 0x00, 0x70, 0x01, 0xC0, 0x0F, 0x00, 0x38, 0x00, 0xE0, 0x07,
    0x80, 0x1E, 0x00, 0x78, 0x01, 0xF0, 0x07, 0x80, 0x1E, 0x00, 0x30, 0x00, 0x07, 0x07, 0x87, 0xC1,
    0xC0, 0x00, 0x00, 0x00, 0x00, 0x10, 0x3C, 0x1F, 0x1F, 0x07, 0x00, 0x00, 0x80, 0x78, 0x1F, 0x83,
    0xE0, 0x38, 0x00, 0x00, 0x00, 0x00, 0x00, 0x00, 0x00, 0x30, 0x06, 0x00, 0xC0, 0x38, 0x07, 0x01,
    0xE0, 0x38, 0x0E, 0x03, 0x80, 0x00, 0x00, 0x08, 0x00, 0x3E, 0x00, 0x7E, 0x01, 0xF8, 0x07, 0xF0,
    0x0F, 0xC0, 0x3F, 0x00, 0x7C, 0x00, 0x78, 0x00, 0x78, 0x00, 0x3E, 0x00, 0x1F, 0x80, 0x0F, 0xF0,
    0x07, 0xFC, 0x01, 0xFE, 0x00, 0x3E, 0x03, 0xFE, 0x1F, 0xFF, 0x1F, 0xFF, 0x00, 0x00, 0x00, 0x00,
    0x00, 0x00, 0x1F, 0xF0, 0xFF, 0xF8, 0x7F, 0xF8, 0x7C, 0x00, 0x7F, 0x80, 0x3F, 0xC0, 0x0F, 0xF0,
    0x01, 0xF8, 0x00, 0x7C, 0x00, 0x3E, 0x00, 0x1E, 0x00, 0x3E, 0x00, 0xFC, 0x03, 0xF8, 0x0F, 0xE0,
    0x3F, 0x80, 0x7E, 0x00, 0x78, 0x00, 0x30, 0x00, 0x00, 0x38, 0x00, 0x3F, 0xC0, 0x1F, 0xF8, 0x0F,
    0x9E, 0x07, 0x83, 0xC1, 0xE0, 0xF0, 0xF0, 0x38, 0x3C, 0x0E, 0x0F, 0x07, 0x81, 0xC1, 0xE0, 0x00,
    0x70, 0x00, 0x3C, 0x00, 0x1E, 0x00, 0x1F, 0x00, 0x0F, 0x80, 0x07, 0xC0, 0x03, 0xE0, 0x01, 0xF0,
    0x00, 0x78, 0x00, 0x3C, 0x00, 0x0F, 0x00, 0x03, 0x80, 0x00, 0xE0, 0x00, 0x00, 0x00, 0x00, 0x00,
    0x00, 0x00, 0x00, 0x00, 0x00, 0xF0, 0x00, 0x7C, 0x00, 0x1F, 0x00, 0x03, 0x80, 0x00, 0x00, 0x00,
    0xE0, 0x00, 0x00, 0xFF, 0x80, 0x00, 0x7F, 0xF8, 0x00, 0x1F, 0xFF, 0x80, 0x0F, 0xE0, 0xF8, 0x03,
    0xF0, 0x07, 0x80, 0xF8, 0x00, 0x70, 0x3E, 0x00, 0x0F, 0x07, 0x87, 0xC1, 0xE1, 0xE1, 0xFC, 0x1C,
    0x78, 0x7F, 0xC3, 0x9F, 0x1E, 0x78, 0x73, 0xC7, 0x8F, 0x0E, 0xF8, 0xE1, 0xC3, 0xDE, 0x3C, 0x38,
    0x73, 0xC7, 0x0F, 0x1C, 0x70, 0xE3, 0xEF, 0x9E, 0x1C, 0xFF, 0xE3, 0xC3, 0xFF, 0xF8, 0x78, 0x3F,
    0x9E, 0x07, 0x03, 0xC0, 0x00, 0xF0, 0x00, 0x00, 0x0F, 0x00, 0x00, 0x01, 0xF8, 0x00, 0x00, 0x1F,
    0xF8, 0x00, 0x01, 0xFF, 0x00, 0x00, 0x0F, 0xE0, 0x00, 0x00, 0x30, 0x00, 0x00, 0x00, 0x00, 0x60,
    0x00, 0x03, 0xC0, 0x00, 0x1F, 0x80, 0x00, 0x7F, 0x00, 0x03, 0xFC, 0x00, 0x1F, 0x70, 0x00, 0x79,
    0xC0, 0x03, 0xC7, 0x00, 0x0F, 0x1C, 0x00, 0x78, 0xF0, 0x03, 0xE3, 0xC0, 0x0F, 0x0F, 0x00, 0x78,
    0x38, 0x01, 0xC0, 0xE0, 0x0F, 0x03, 0x80, 0x38, 0x3E, 0x01, 0xFF, 0xF8, 0x0F, 0xFF, 0xE0, 0x7F,
    0xFF, 0x81, 0xFE, 0x1E, 0x07, 0x80, 0x78, 0x3C, 0x01, 0xE0, 0xE0, 0x07, 0x07, 0x80, 0x1C, 0x1C,
    0x00, 0x70, 0xF0, 0x01, 0xC3, 0x80, 0x07, 0x1E, 0x00, 0x1C, 0x78, 0x00, 0x7B, 0xC0, 0x01, 0xC6,
    0x00, 0x00, 0x00, 0x00, 0x00, 0x00, 0x00, 0x00, 0x00, 0xFF, 0x80, 0x07, 0xFF, 0x80, 0x0F, 0xFE,
    0x00, 0x78, 0x3C, 0x01, 0xE0, 0x70, 0x07, 0x01, 0xC0, 0x3C, 0x0F, 0x00, 0xE0, 0x78, 0x07, 0x81,
    0xE0, 0x1C, 0x0F, 0x00, 0xF0, 0x78, 0x03, 0xC3, 0xE0, 0x0E, 0x1E, 0x00, 0x7F, 0xF0, 0x01, 0xFF,
    0xF0, 0x0F, 0xFF, 0xE0, 0x3F, 0xCF, 0xC0, 0xF0, 0x0F, 0x87, 0x80, 0x1E, 0x1E, 0x00, 0x38, 0xF0,
    0x00, 0xE3, 0xC0, 0x03, 0x8F, 0x00, 0x1E, 0x78, 0x00, 0x79, 0xE0, 0x03, 0xC7, 0x80, 0x1F, 0x1C,
    0x00, 0xF8, 0x2E, 0x07, 0xC0, 0x3F, 0xFE, 0x00, 0x7F, 0xF0, 0x00, 0xFF, 0x00, 0x00, 0xE0, 0x00,
    0x00, 0x00, 0x00, 0x00, 0x7C, 0x00, 0x1F, 0xE0, 0x03, 0xFF, 0x00, 0x7E, 0xF0, 0x0F, 0x8F, 0x01,
    0xF0, 0xF0, 0x3E, 0x0F, 0x03, 0xC1, 0xF0, 0x7C, 0x1E, 0x0F, 0x83, 0xE0, 0xF0, 0x3C, 0x1E, 0x03,
    0x81, 0xE0, 0x00, 0x3C, 0x00, 0x03, 0xC0, 0x00, 0x78, 0x00, 0x07, 0x80, 0x00, 0x78, 0x00, 0x0F,
    0x00, 0x00, 0xF0, 0x00, 0x0F, 0x00, 0x00, 0xF0, 0x00, 0x0F, 0x00, 0x00, 0xF0, 0x00, 0x0F, 0x00,
    0x38, 0xF0, 0x07, 0x8F, 0x01, 0xF0, 0xF8, 0xFE, 0x07, 0xFF, 0x80, 0x7F, 0xF0, 0x03, 0xFC, 0x00,
    0x0E, 0x00, 0x00, 0x00, 0x7F, 0x00, 0x00, 0x3F, 0xFC, 0x00, 0x07, 0xFF, 0xE0, 0x00, 0x7F, 0xFE,
    0x00, 0x03, 0xC7, 0xE0, 0x00, 0x78, 0x3E, 0x00, 0x0E, 0x03, 0xE0, 0x03, 0xC0, 0x3C, 0x00, 0x78,
    0x03, 0xC0, 0x0E, 0x00, 0x78, 0x03, 0xC0, 0x0F, 0x00, 0x70, 0x00, 0xF0, 0x0E, 0x00, 0x1E, 0x03,
    0xC0, 0x03, 0xC0, 0x70, 0x00, 0x70, 0x0E, 0x00, 0x0E, 0x03, 0xC0, 0x03, 0xC0, 0x70, 0x00, 0x78,
    0x0E, 0x00, 0x0E, 0x03, 0xC0, 0x03, 0xC0, 0x70, 0x00, 0x78, 0x0E, 0x00, 0x1E, 0x03, 0xC0, 0x03,
    0xC0, 0x70, 0x00, 0xF0, 0x0E, 0x00, 0x3E, 0x03, 0xC0, 0x0F, 0x80, 0x78, 0x03, 0xE0, 0x0F, 0x00,
    0xF8, 0x01, 0xC0, 0x7E, 0x00, 0xF8, 0x1F, 0x80, 0x1F, 0x0F, 0xE0, 0x03, 0xFF, 0xF8, 0x00, 0x3F,
    0xFC, 0x00, 0x03, 0xFE, 0x00, 0x00, 0x00, 0x00, 0x00, 0x00, 0x00, 0x00, 0x00, 0x00, 0x00, 0x3F,
    0x80, 0x07, 0xFF, 0xC0, 0x07, 0xFF, 0xE0, 0x07, 0xFF, 0x00, 0x07, 0xF0, 0x00, 0x03, 0xC0, 0x00,
    0x03, 0xE0, 0x00, 0x01, 0xE0, 0x00, 0x01, 0xE0, 0x00, 0x00, 0xF0, 0x00, 0x00, 0xF0, 0x00, 0x00,
    0x70, 0x0E, 0x00, 0x78, 0x7F, 0x80, 0x7F, 0xFF, 0xC0, 0x3F, 0xFF, 0x80, 0x3F, 0xFC, 0x00, 0x1F,
    0xE0, 0x00, 0x1E, 0x00, 0x00, 0x0F, 0x00, 0x00, 0x07, 0x00, 0x00, 0x03, 0x80, 0x00, 0x01, 0xC0,
    0x00, 0x00, 0xE0, 0x00, 0xF0, 0x78, 0x00, 0xF0, 0x3C, 0x01, 0xF8, 0x0F, 0x8F, 0xF8, 0x07, 0xFF,
    0xF0, 0x00, 0xFF, 0xF0, 0x00, 0x3F, 0xC0, 0x00, 0x00, 0x18, 0x00, 0x00, 0x1F, 0xFF, 0x81, 0xFF,
    0xFF, 0xC0, 0xFF, 0xFF, 0xE0, 0x7F, 0x80, 0x00, 0x07, 0x80, 0x00, 0x03, 0x80, 0x00, 0x03, 0xC0,
    0x00, 0x01, 0xC0, 0x00, 0x01, 0xE0, 0x00, 0x00, 0xF0, 0x00, 0x00, 0x70, 0x00, 0x00, 0x78, 0x00,
    0x00, 0x3F, 0xFF, 0x00, 0x3F, 0xFF, 0x80, 0x1F, 0xFF, 0x80, 0x0F, 0x00, 0x00, 0x0F, 0x00, 0x00,
    0x07, 0x80, 0x00, 0x07, 0x80, 0x00, 0x03, 0xC0, 0x00, 0x01, 0xC0, 0x00, 0x01, 0xE0, 0x00, 0x00,
    0xF0, 0x00, 0x00, 0x70, 0x00, 0x00, 0x38, 0x00, 0x00, 0x3C, 0x00, 0x00, 0x1E, 0x00, 0x00, 0x06,
    0x00, 0x00, 0x00, 0x00, 0x00, 0x00, 0x00, 0xFE, 0x00, 0x1F, 0xFC, 0x01, 0xFF, 0xF0, 0x0F, 0x8F,
    0x80, 0xF8, 0x1C, 0x0F, 0x80, 0x00, 0x78, 0x00, 0x07, 0x80, 0x00, 0x78, 0x00, 0x03, 0xC0, 0x00,
    0x1C, 0x00, 0x01, 0xE0, 0x00, 0x0F, 0x00, 0x00, 0xF0, 0x00, 0x07, 0x87, 0xF0, 0x3C, 0x3F, 0xC1,
    0xC1, 0xFE, 0x1E, 0x00, 0x70, 0xF0, 0x03, 0x87, 0x80, 0x3C, 0x38, 0x01, 0xE1, 0xC0, 0x0F, 0x1E,
    0x00, 0xF0, 0xF0, 0x0F, 0x07, 0x80, 0xF8, 0x3C, 0x0F, 0x80, 0xE1, 0xF8, 0x07, 0xFF, 0x80, 0x3F,
    0xF8, 0x00, 0xFF, 0x00, 0x01, 0xC0, 0x00, 0x00, 0x18, 0x00, 0x00, 0x01, 0xC0, 0x00, 0x00, 0x3C,
    0x00, 0x60, 0x03, 0xC0, 0x0F, 0x00, 0x78, 0x00, 0xF0, 0x07, 0x80, 0x1F, 0x00, 0xF0, 0x01, 0xE0,
    0x0F, 0x00, 0x1E, 0x00, 0xE0, 0x03, 0xC0, 0x1E, 0x00, 0x3C, 0x01, 0xC0, 0x03, 0xC0, 0x3C, 0x00,
    0x78, 0x03, 0xC0, 0x07, 0x80, 0x38, 0x00, 0x70, 0x07, 0x80, 0x0F, 0x00, 0x7F, 0xFF, 0xF0, 0x07,
    0xFF, 0xFE, 0x00, 0xFF, 0xFF, 0xE0, 0x0F, 0x00, 0x1E, 0x00, 0xE0, 0x01, 0xC0, 0x1E, 0x00, 0x3C,
    0x01, 0xE0, 0x03, 0xC0, 0x1C, 0x00, 0x38, 0x01, 0xC0, 0x03, 0x80, 0x3C, 0x00, 0x78, 0x03, 0xC0,
    0x07, 0x80, 0x38, 0x00, 0x70, 0x03, 0x80, 0x0F, 0x00, 0x78, 0x00, 0xF0, 0x07, 0x80, 0x0F, 0x00,
    0x70, 0x00, 0xE0, 0x07, 0x00, 0x0E, 0x00, 0xF0, 0x00, 0x20, 0x07, 0x00, 0x00, 0x00, 0x00, 0x00,
    0x00, 0x00, 0x03, 0xFE, 0x00, 0x7F, 0xFF, 0x01, 0xFF, 0xFE, 0x01, 0xFF, 0x80, 0x00, 0x0F, 0x00,
    0x00, 0x0F, 0x00, 0x00, 0x0F, 0x00, 0x00, 0x1E, 0x00, 0x00, 0x1E, 0x00, 0x00, 0x1E, 0x00, 0x00,
    0x1C, 0x00, 0x00, 0x3C, 0x00, 0x00, 0x3C, 0x00, 0x00, 0x38, 0x00, 0x00, 0x78, 0x00, 0x00, 0x78,
    0x00, 0x00, 0x70, 0x00, 0x00, 0xF0, 0x00, 0x00, 0xF0, 0x00, 0x00, 0xF0, 0x00, 0x01, 0xE0, 0x00,
    0x01, 0xE0, 0x00, 0x01, 0xE0, 0x00, 0x01, 0xC0, 0x00, 0x03, 0xC0, 0x00, 0x3F, 0xFF, 0x00, 0xFF,
    0xFF, 0x80, 0xFF, 0xFF, 0x00, 0x03, 0x00, 0x00, 0x00, 0x00, 0x00, 0x00, 0x01, 0xF0, 0x00, 0x3F,
    0xE0, 0x00, 0xFF, 0x80, 0x03, 0xFE, 0x00, 0x00, 0xF8, 0x00, 0x03, 0xC0, 0x00, 0x0F, 0x00, 0x00,
    0x7C, 0x00, 0x01, 0xE0, 0x00, 0x07, 0x80, 0x00, 0x1C, 0x00, 0x00, 0xF0, 0x00, 0x03, 0xC0, 0x00,
    0x1E, 0x00, 0x00, 0x78, 0x00, 0x01, 0xE0, 0x00, 0x07, 0x00, 0x00, 0x3C, 0x00, 0x00, 0xF0, 0x00,
    0x03, 0x80, 0x00, 0x1E, 0x00, 0x00, 0x78, 0x00, 0x01, 0xC0, 0x00, 0x0F, 0x00, 0x00, 0x3C, 0x00,
    0x01, 0xE0, 0x00, 0x07, 0x80, 0x00, 0x1E, 0x00, 0x00, 0xF0, 0x00, 0x03, 0xC0, 0x00, 0x1E, 0x00,
    0x00, 0x78, 0x00, 0x03, 0xC0, 0x00, 0x0F, 0x00, 0x0C, 0x78, 0x00, 0x3F, 0xC0, 0x00, 0xFE, 0x00,
    0x00, 0xF0, 0x00, 0x00, 0x00, 0x18, 0x00, 0x00, 0x0F, 0x00, 0x60, 0x03, 0xC0, 0x7C, 0x01, 0xE0,
    0x3F, 0x00, 0x78, 0x3F, 0x80, 0x3C, 0x1F, 0x80, 0x0F, 0x0F, 0xC0, 0x07, 0x8F, 0xC0, 0x01, 0xE7,
    0xE0, 0x00, 0xF3, 0xE0, 0x00, 0x3D, 0xF0, 0x00, 0x0F, 0xF8, 0x00, 0x07, 0xFC, 0x00, 0x01, 0xFC,
    0x00, 0x00, 0x7E, 0x00, 0x00, 0x3F, 0x80, 0x00, 0x0F, 0xE0, 0x00, 0x07, 0xF8, 0x00, 0x01, 0xEE,
    0x00, 0x00, 0x7B, 0xC0, 0x00, 0x3C, 0xF0, 0x00, 0x0F, 0x1C, 0x00, 0x03, 0xC7, 0x80, 0x01, 0xE1,
    0xE0, 0x00, 0x78, 0x3C, 0x00, 0x1E, 0x07, 0x80, 0x07, 0x01, 0xF0, 0x03, 0xC0, 0x3F, 0x00, 0xF0,
    0x07, 0xE0, 0x38, 0x00, 0xF8, 0x06, 0x00, 0x0E, 0x00, 0x00, 0x10, 0x00, 0x38, 0x00, 0x78, 0x00,
    0xF8, 0x00, 0xF0, 0x01, 0xE0, 0x03, 0xE0, 0x03, 0xC0, 0x07, 0x80, 0x07, 0x80, 0x0F, 0x00, 0x0F,
    0x00, 0x0E, 0x00, 0x1E, 0x00, 0x1C, 0x00, 0x3C, 0x00, 0x3C, 0x00, 0x78, 0x00, 0x78, 0x00, 0x78,
    0x00, 0x70, 0x00, 0xF0, 0x00, 0xF0, 0x00, 0xF0, 0x00, 0xE0, 0x00, 0xE0, 0x00, 0xE0, 0x00, 0xF0,
    0x0E, 0x78, 0xFE, 0x7F, 0xFC, 0x3F, 0xF8, 0x1F, 0xE0, 0x00, 0x00, 0x00, 0x00, 0x00, 0x00, 0x00,
    0x01, 0xC0, 0x00, 0x38, 0x00, 0xF8, 0x00, 0x0E, 0x00, 0x3E, 0x00, 0x07, 0xC0, 0x1F, 0x80, 0x01,
    0xF0, 0x07, 0xE0, 0x00, 0xFC, 0x03, 0xF8, 0x00, 0x3F, 0x01, 0xFE, 0x00, 0x1F, 0xC0, 0x7F, 0x80,
    0x0F, 0xE0, 0x3F, 0xC0, 0x03, 0xF8, 0x0F, 0xF0, 0x01, 0xFE, 0x07, 0xBC, 0x00, 0x7F, 0x81, 0xEF,
    0x00, 0x3F, 0xE0, 0xF3, 0x80, 0x0F, 0x70, 0x7D, 0xE0, 0x07, 0xDC, 0x1E, 0x78, 0x01, 0xE7, 0x0F,
    0x1E, 0x00, 0xF3, 0xC3, 0xC7, 0x00, 0x3C, 0xE1, 0xE1, 0xC0, 0x1E, 0x38, 0xF8, 0xF0, 0x07, 0x8E,
    0x3C, 0x3C, 0x03, 0xC7, 0x9F, 0x0E, 0x00, 0xF1, 0xEF, 0x83, 0x80, 0x78, 0x7B, 0xC1, 0xE0, 0x1E,
    0x1F, 0xF0, 0x78, 0x0F, 0x07, 0xF8, 0x1E, 0x07, 0xC1, 0xFC, 0x07, 0x01, 0xE0, 0x7F, 0x03, 0xC0,
    0xF8, 0x1F, 0x80, 0xF0, 0x3C, 0x03, 0x80, 0x3C, 0x0E, 0x00, 0x00, 0x0F, 0x03, 0x80, 0x00, 0x03,
    0xC0, 0x40, 0x00, 0x00, 0x60, 0x00, 0x00, 0x00, 0x00, 0x10, 0x00, 0x00, 0x00, 0xE0, 0x00, 0x00,
    0x07, 0x80, 0x00, 0x00, 0x1E, 0x00, 0x0E, 0x00, 0x78, 0x00, 0x7C, 0x01, 0xE0, 0x01, 0xF0, 0x07,
    0x80, 0x0F, 0xC0, 0x3C, 0x00, 0x3F, 0x00, 0xF0, 0x01, 0xFC, 0x03, 0xC0, 0x07, 0xF0, 0x0F, 0x00,
    0x3D, 0xE0, 0x78, 0x00, 0xF7, 0x81, 0xE0, 0x03, 0x9E, 0x07, 0x80, 0x1E, 0x78, 0x1E, 0x00, 0x71,
    0xE0, 0x78, 0x03, 0xC7, 0x83, 0xC0, 0x0F, 0x1E, 0x0F, 0x00, 0x78, 0x78, 0x3C, 0x01, 0xE1, 0xE0,
    0xF0, 0x07, 0x07, 0x87, 0x80, 0x3C, 0x1E, 0x1E, 0x00, 0xF0, 0x78, 0x78, 0x07, 0x81, 0xE1, 0xC0,
    0x1E, 0x03, 0x8F, 0x00, 0x78, 0x0E, 0x3C, 0x01, 0xC0, 0x3C, 0xE0, 0x0F, 0x00, 0xF7, 0x80, 0x3C,
    0x03, 0xDE, 0x01, 0xE0, 0x07, 0xF0, 0x07, 0x80, 0x1F, 0xC0, 0x1E, 0x00, 0x3E, 0x00, 0x70, 0x00,
    0x70, 0x01, 0xC0, 0x00, 0x00, 0x03, 0x00, 0x00, 0x00, 0x00, 0x00, 0x00, 0x00, 0x00, 0x00, 0x00,
    0x00, 0x1F, 0x00, 0x00, 0xFE, 0x00, 0x0F, 0xFC, 0x00, 0x78, 0x78, 0x03, 0xC0, 0xE0, 0x1E, 0x03,
    0xC0, 0xF0, 0x0F, 0x03, 0xC0, 0x3C, 0x1E, 0x00, 0xF0, 0x70, 0x03, 0xC3, 0xC0, 0x0F, 0x0E, 0x00,
    0x3C, 0x78, 0x01, 0xF1, 0xE0, 0x07, 0xC7, 0x00, 0x1E, 0x3C, 0x00, 0xF8, 0xF0, 0x03, 0xC3, 0x80,
    0x0F, 0x0E, 0x00, 0x78, 0x78, 0x03, 0xE1, 0xE0, 0x0F, 0x07, 0x80, 0x7C, 0x1E, 0x03, 0xE0, 0x78,
    0x1F, 0x01, 0xE0, 0xFC, 0x07, 0xC7, 0xE0, 0x1F, 0xFF, 0x00, 0x3F, 0xF8, 0x00, 0x7F, 0xC0, 0x00,
    0xFC, 0x00, 0x00, 0x00, 0x3F, 0xC0, 0x00, 0x7F, 0xF0, 0x00, 0xFF, 0xF8, 0x00, 0x7C, 0xFC, 0x00,
    0xF8, 0x3C, 0x00, 0xF0, 0x1E, 0x00, 0xF0, 0x1E, 0x01, 0xE0, 0x1E, 0x01, 0xE0, 0x1E, 0x01, 0xC0,
    0x1E, 0x03, 0xC0, 0x3C, 0x03, 0xC0, 0x38, 0x03, 0x80, 0x78, 0x07, 0x80, 0xF0, 0x07, 0x81, 0xE0,
    0x07, 0x07, 0xE0, 0x0F, 0x1F, 0xC0, 0x0F, 0xFF, 0x00, 0x0F, 0xFE, 0x00, 0x1F, 0xF0, 0x00, 0x1E,
    0x00, 0x00, 0x1E, 0x00, 0x00, 0x3C, 0x00, 0x00, 0x3C, 0x00, 0x00, 0x3C, 0x00, 0x00, 0x38, 0x00,
    0x00, 0x78, 0x00, 0x00, 0x78, 0x00, 0x00, 0x70, 0x00, 0x00, 0x70, 0x00, 0x00, 0x30, 0x00, 0x00,
    0x00, 0x1F, 0x80, 0x01, 0xFE, 0x00, 0x1F, 0xF8, 0x01, 0xF1, 0xE0, 0x1E, 0x07, 0x01, 0xE0, 0x38,
    0x1E, 0x01, 0xC1, 0xF0, 0x0F, 0x0F, 0x00, 0x70, 0xF8, 0x03, 0x87, 0x80, 0x3C, 0x3C, 0x01, 0xE3,
    0xC0, 0x0F, 0x1E, 0x00, 0xF0, 0xF0, 0x07, 0x8F, 0x00, 0x3C, 0x78, 0x03, 0xC3, 0xC0, 0x1E, 0x3C,
    0x01, 0xE1, 0xE0, 0x0F, 0x0F, 0x00, 0xF8, 0x78, 0xC7, 0x83, 0xCF, 0x3C, 0x1E, 0x3F, 0xC0, 0xF1,
    0xFE, 0x07, 0x87, 0xE0, 0x3C, 0x3E, 0x00, 0xE3, 0xF0, 0x07, 0xFF, 0x80, 0x1F, 0xFE, 0x00, 0x7E,
    0xF0, 0x00, 0xC3, 0xC0, 0x00, 0x1E, 0x00, 0x00, 0x00, 0x00, 0x00, 0x00, 0x00, 0x00, 0x0F, 0xF8,
    0x00, 0x1F, 0xFF, 0x00, 0x0F, 0xFF, 0xC0, 0x03, 0xE3, 0xF0, 0x01, 0xE0, 0x78, 0x00, 0xF0, 0x1C,
    0x00, 0xF0, 0x0F, 0x00, 0x78, 0x07, 0x00, 0x78, 0x07, 0x80, 0x3C, 0x03, 0xC0, 0x1C, 0x03, 0xC0,
    0x1E, 0x07, 0xC0, 0x0E, 0x07, 0xC0, 0x0F, 0x0F, 0xC0, 0x07, 0xBF, 0x80, 0x03, 0xFF, 0x80, 0x03,
    0xFF, 0x00, 0x01, 0xFC, 0x00, 0x01, 0xF8, 0x00, 0x00, 0xFE, 0x00, 0x00, 0x77, 0x80, 0x00, 0x7B,
    0xC0, 0x00, 0x38, 0xF0, 0x00, 0x3C, 0x7C, 0x00, 0x1E, 0x1F, 0x00, 0x0E, 0x07, 0xC0, 0x0F, 0x01,
    0xF0, 0x07, 0x80, 0x7C, 0x03, 0x80, 0x1F, 0x83, 0xC0, 0x07, 0xE0, 0xE0, 0x00, 0xF0, 0x00, 0x00,
    0x30, 0x00, 0x00, 0x01, 0xF8, 0x00, 0x07, 0xFC, 0x00, 0x1F, 0xFE, 0x00, 0x7F, 0x8E, 0x00, 0xFC,
    0x0E, 0x01, 0xF8, 0x1E, 0x03, 0xE0, 0x1E, 0x07, 0xC0, 0x3C, 0x0F, 0x80, 0x7C, 0x1F, 0x00, 0x78,
    0x1E, 0x00, 0x60, 0x3C, 0x00, 0x00, 0x3C, 0x00, 0x00, 0x78, 0x00, 0x00, 0x78, 0x00, 0x00, 0x78,
    0x00, 0x00, 0x38, 0x00, 0x00, 0x3C, 0x00, 0x00, 0x1F, 0x00, 0x00, 0x0F, 0x80, 0x00, 0x07, 0xE0,
    0x00, 0x03, 0xF0, 0x00, 0x00, 0xF8, 0x00, 0x00, 0x3C, 0x00, 0x00, 0x1E, 0x00, 0x00, 0x1E, 0x00,
    0xE0, 0x1E, 0x00, 0xF0, 0x1E, 0x00, 0x7F, 0xFE, 0x00, 0x3F, 0xFC, 0x00, 0x1F, 0xF8, 0x00, 0x0F,
    0xE0, 0x00, 0x00, 0x00, 0x00, 0x3F, 0xFF, 0x1F, 0xFF, 0xFD, 0xFF, 0xFF, 0xF7, 0xEF, 0x07, 0x00,
    0x78, 0x00, 0x03, 0x80, 0x00, 0x3C, 0x00, 0x01, 0xE0, 0x00, 0x1E, 0x00, 0x00, 0xF0, 0x00, 0x07,
    0x80, 0x00, 0x78, 0x00, 0x03, 0xC0, 0x00, 0x1E, 0x00, 0x00, 0xE0, 0x00, 0x0F, 0x00, 0x00, 0x78,
    0x00, 0x03, 0x80, 0x00, 0x3C, 0x00, 0x01, 0xE0, 0x00, 0x0E, 0x00, 0x00, 0xF0, 0x00, 0x07, 0x80,
    0x00, 0x38, 0x00, 0x03, 0xC0, 0x00, 0x1E, 0x00, 0x00, 0xE0, 0x00, 0x07, 0x00, 0x00, 0x30, 0x00,
    0x00, 0x00, 0xC0, 0x00, 0x03, 0xC0, 0x18, 0x0F, 0x80, 0x38, 0x1E, 0x00, 0xF0, 0x78, 0x01, 0xE0,
    0xF0, 0x03, 0xC3, 0xC0, 0x07, 0x07, 0x80, 0x1E, 0x1E, 0x00, 0x3C, 0x3C, 0x00, 0x78, 0x78, 0x01,
    0xE1, 0xE0, 0x03, 0xC3, 0xC0, 0x07, 0x87, 0x80, 0x0E, 0x1E, 0x00, 0x3C, 0x3C, 0x00, 0x70, 0x78,
    0x01, 0xE0, 0xF0, 0x03, 0x81, 0xC0, 0x0F, 0x07, 0x80, 0x3E, 0x0F, 0x00, 0x78, 0x1E, 0x01, 0xE0,
    0x3C, 0x03, 0xC0, 0x70, 0x0F, 0x00, 0xE0, 0x3C, 0x01, 0xC0, 0xF8, 0x03, 0x83, 0xE0, 0x07, 0xDF,
    0x80, 0x07, 0xFE, 0x00, 0x0F, 0xF8, 0x00, 0x0F, 0xC0, 0x00, 0x06, 0x00, 0x00, 0x00, 0x00, 0x01,
    0xC0, 0x01, 0x8E, 0x00, 0x1C, 0x70, 0x01, 0xE3, 0x80, 0x1F, 0x1C, 0x00, 0xF1, 0xE0, 0x0F, 0x8F,
    0x00, 0x78, 0x78, 0x07, 0x83, 0xC0, 0x7C, 0x1E, 0x03, 0xC0, 0xE0, 0x3E, 0x07, 0x01, 0xE0, 0x38,
    0x1E, 0x01, 0xC0, 0xF0, 0x1E, 0x0F, 0x00, 0xF0, 0x78, 0x07, 0x87, 0x80, 0x3C, 0x3C, 0x01, 0xE3,
    0xC0, 0x0F, 0x1E, 0x00, 0x78, 0xE0, 0x03, 0xCF, 0x00, 0x1E, 0x70, 0x00, 0xF7, 0x80, 0x07, 0xB8,
    0x00, 0x3F, 0xC0, 0x01, 0xFE, 0x00, 0x0F, 0xE0, 0x00, 0x3F, 0x00, 0x00, 0xF0, 0x00, 0x03, 0x00,
    0x00, 0x00, 0x00, 0x00, 0x00, 0x00, 0x20, 0x02, 0x03, 0x80, 0x38, 0x03, 0x81, 0xC0, 0x1E, 0x03,
    0xC1, 0xE0, 0x1F, 0x01, 0xE0, 0xF0, 0x1F, 0x00, 0xF0, 0x78, 0x0F, 0x80, 0xF0, 0x78, 0x0F, 0xC0,
    0x78, 0x3C, 0x07, 0xC0, 0x7C, 0x1E, 0x07, 0xE0, 0x3C, 0x0F, 0x03, 0xF0, 0x1E, 0x07, 0x03, 0xF8,
    0x1E, 0x07, 0x81, 0xF8, 0x0F, 0x03, 0xC1, 0xFC, 0x0F, 0x81, 0xE0, 0xFE, 0x07, 0x80, 0xE0, 0xFF,
    0x07, 0xC0, 0x70, 0x77, 0x03, 0xC0, 0x78, 0x7F, 0x83, 0xE0, 0x3C, 0x3B, 0xC1, 0xE0, 0x1E, 0x3D,
    0xE1, 0xF0, 0x0F, 0x3C, 0xF0, 0xF0, 0x07, 0x9E, 0x78, 0xF8, 0x03, 0x9E, 0x38, 0x78, 0x01, 0xCF,
    0x1C, 0x78, 0x01, 0xEF, 0x0E, 0x3C, 0x00, 0xFF, 0x07, 0x3C, 0x00, 0x7F, 0x83, 0xFE, 0x00, 0x3F,
    0x81, 0xFE, 0x00, 0x1F, 0x80, 0xFE, 0x00, 0x07, 0x80, 0x3E, 0x00, 0x01, 0x80, 0x1C, 0x00, 0x00,
    0x00, 0x00, 0x00, 0x00, 0x06, 0x00, 0x10, 0x01, 0xE0, 0x03, 0x00, 0x3C, 0x00, 0xE0, 0x07, 0x80,
    0x3C, 0x00, 0xF0, 0x07, 0x80, 0x0E, 0x01, 0xE0, 0x01, 0xC0, 0x78, 0x00, 0x38, 0x1F, 0x00, 0x07,
    0x03, 0xC0, 0x00, 0xF0, 0xF0, 0x00, 0x1E, 0x3C, 0x00, 0x03, 0xCF, 0x00, 0x00, 0x3B, 0xE0, 0x00,
    0x07, 0xF0, 0x00, 0x00, 0xFC, 0x00, 0x00, 0x1F, 0x00, 0x00, 0x03, 0xE0, 0x00, 0x00, 0xF8, 0x00,
    0x00, 0x3F, 0x80, 0x00, 0x0F, 0xF0, 0x00, 0x03, 0xEE, 0x00, 0x00, 0xF9, 0xE0, 0x00, 0x3E, 0x3C,
    0x00, 0x0F, 0x83, 0xC0, 0x03, 0xE0, 0x7C, 0x00, 0xF8, 0x07, 0xC0, 0x3E, 0x00, 0x7C, 0x07, 0x80,
    0x0F, 0xC1, 0xE0, 0x00, 0x70, 0x18, 0x00, 0x00, 0x00, 0x00, 0x00, 0x00, 0x00, 0x00, 0x01, 0x80,
    0x00, 0x1C, 0x00, 0x00, 0xE0, 0x00, 0xE7, 0x00, 0x0F, 0x38, 0x00, 0xF9, 0xC0, 0x0F, 0x8E, 0x00,
    0xF8, 0x78, 0x07, 0x83, 0xC0, 0x78, 0x1E, 0x07, 0x80, 0xF0, 0x78, 0x07, 0x87, 0x80, 0x1C, 0x78,
    0x00, 0xF7, 0xC0, 0x07, 0xFC, 0x00, 0x1F, 0xC0, 0x00, 0x7C, 0x00, 0x03, 0xC0, 0x00, 0x1C, 0x00,
    0x01, 0xE0, 0x00, 0x0F, 0x00, 0x00, 0x78, 0x00, 0x07, 0x80, 0x00, 0x3C, 0x00, 0x01, 0xE0, 0x00,
    0x1E, 0x00, 0x00, 0xF0, 0x00, 0x07, 0x80, 0x00, 0x38, 0x00, 0x01, 0xC0, 0x00, 0x1E, 0x00, 0x00,
    0x60, 0x00, 0x00, 0x00, 0x00, 0x00, 0x00, 0x7F, 0xFC, 0x00, 0x3F, 0xFF, 0xE0, 0x07, 0xFF, 0xF8,
    0x01, 0xF0, 0xFF, 0x00, 0x00, 0x07, 0xC0, 0x00, 0x01, 0xE0, 0x00, 0x00, 0x78, 0x00, 0x00, 0x3C,
    0x00, 0x00, 0x1F, 0x00, 0x00, 0x0F, 0x80, 0x00, 0x07, 0xC0, 0x00, 0x03, 0xE0, 0x00, 0x01, 0xF0,
    0x00, 0x00, 0xF8, 0x00, 0x00, 0x7C, 0x00, 0x00, 0x3E, 0x00, 0x00, 0x1F, 0x00, 0x00, 0x0F, 0x80,
    0x00, 0x07, 0xC0, 0x00, 0x03, 0xE0, 0x00, 0x01, 0xF0, 0x00, 0x00, 0xF8, 0x00, 0x00, 0x7C, 0x00,
    0x00, 0x3E, 0x00, 0x00, 0x1F, 0x00, 0x00, 0x0F, 0x00, 0x00, 0x07, 0x80, 0x00, 0x03, 0xE1, 0xFF,
    0x80, 0xFF, 0xFF, 0xF0, 0x3F, 0xFF, 0xF8, 0x07, 0xFC, 0x00, 0x00, 0x00, 0x00, 0x01, 0x80, 0x00,
    0x03, 0xF0, 0x00, 0x7F, 0xFC, 0x00, 0x1F, 0xF8, 0x00, 0x07, 0xE0, 0x00, 0x03, 0xC0, 0x00, 0x00,
    0xF0, 0x00, 0x00, 0x78, 0x00, 0x00, 0x1E, 0x00, 0x00, 0x0F, 0x00, 0x00, 0x03, 0xC0, 0x00, 0x00,
    0xE0, 0x00, 0x00, 0x78, 0x00, 0x00, 0x1C, 0x00, 0x00, 0x0F, 0x00, 0x00, 0x03, 0xC0, 0x00, 0x00,
    0xE0, 0x00, 0x00, 0x78, 0x00, 0x00, 0x1C, 0x00, 0x00, 0x07, 0x00, 0x00, 0x03, 0xC0, 0x00, 0x00,
    0xE0, 0x00, 0x00, 0x78, 0x00, 0x00, 0x1E, 0x00, 0x00, 0x0F, 0x00, 0x00, 0x03, 0xC0, 0x00, 0x00,
    0xF0, 0x00, 0x00, 0x38, 0x00, 0x00, 0x1E, 0x00, 0x00, 0x07, 0x80, 0x00, 0x01, 0xC0, 0x00, 0x00,
    0xF0, 0x00, 0x00, 0x3C, 0x00, 0x00, 0x0E, 0x07, 0x00, 0x03, 0xFF, 0xE0, 0x01, 0xFF, 0xF8, 0x00,
    0x7F, 0xE0, 0x00, 0x0F, 0x00, 0x00, 0x00, 0x00, 0x18, 0x0E, 0x03, 0x80, 0xE0, 0x38, 0x0F, 0x03,
    0xC0, 0xF0, 0x3C, 0x0F, 0x01, 0xC0, 0x70, 0x1E, 0x07, 0x81, 0xE0, 0x38, 0x0E, 0x03, 0x80, 0xF0,
    0x3C, 0x07, 0x01, 0xC0, 0x78, 0x1E, 0x03, 0x80, 0xE0, 0x3C, 0x0F, 0x01, 0xC0, 0x70, 0x1C, 0x07,
    0x81, 0xE0, 0x38, 0x0E, 0x03, 0x00, 0x00, 0x00, 0x18, 0x00, 0x3F, 0xF8, 0x01, 0xFF, 0xF0, 0x03,
    0xFF, 0xE0, 0x00, 0x03, 0xC0, 0x00, 0x0F, 0x00, 0x00, 0x1E, 0x00, 0x00, 0x38, 0x00, 0x00, 0xF0,
    0x00, 0x01, 0xC0, 0x00, 0x03, 0x80, 0x00, 0x0F, 0x00, 0x00, 0x1C, 0x00, 0x00, 0x38, 0x00, 0x00,
    0xF0, 0x00, 0x01, 0xC0, 0x00, 0x03, 0x80, 0x00, 0x0F, 0x00, 0x00, 0x1E, 0x00, 0x00, 0x38, 0x00,
    0x00, 0x70, 0x00, 0x01, 0xE0, 0x00, 0x03, 0x80, 0x00, 0x07, 0x00, 0x00, 0x1E, 0x00, 0x00, 0x3C,
    0x00, 0x00, 0x70, 0x00, 0x00, 0xE0, 0x00, 0x03, 0xC0, 0x00, 0x07, 0x80, 0x00, 0x0E, 0x00, 0x00,
    0x3C, 0x00, 0x00, 0x78, 0x00, 0x00, 0xE0, 0x00, 0xFF, 0xC0, 0x03, 0xFF, 0x80, 0x07, 0xFF, 0x00,
    0x00, 0x00, 0x00, 0x00, 0x01, 0x80, 0x0F, 0x00, 0xFC, 0x07, 0xF8, 0x1C, 0xE0, 0xE3, 0xC7, 0x87,
    0x1C, 0x0E, 0xF0, 0x3B, 0x80, 0xFE, 0x01, 0xF0, 0x07, 0x00, 0x08, 0x1F, 0xFE, 0x3F, 0xFF, 0x9F,
    0xFF, 0xC0, 0x01, 0xC7, 0x1E, 0x78, 0xE1, 0xC6, 0x00, 0x00, 0x78, 0x00, 0x1F, 0x80, 0x07, 0xF8,
    0x01, 0xF7, 0x80, 0x7C, 0xF8, 0x0F, 0x1E, 0x03, 0xC3, 0xC0, 0xF0, 0xF8, 0x1E, 0x3F, 0x07, 0x8F,
    0xE0, 0xF3, 0xFC, 0x3D, 0xF3, 0xC7, 0xFC, 0x7E, 0xFF, 0x07, 0xCF, 0xC0, 0x78, 0xE0, 0x00, 0x00,
    0x00, 0x00, 0x00, 0x00, 0x00, 0x70, 0x00, 0x38, 0x00, 0x3C, 0x00, 0x1E, 0x00, 0x1E, 0x00, 0x0F,
    0x00, 0x0F, 0x00, 0x07, 0x80, 0x03, 0x80, 0x03, 0xC0, 0x01, 0xC0, 0x00, 0xE0, 0x00, 0xF0, 0x00,
    0x70, 0xF8, 0x79, 0xFE, 0x3D, 0xFF, 0x1F, 0xF3, 0x8F, 0xE1, 0xCF, 0xE1, 0xE7, 0xE0, 0xF3, 0xE0,
    0xF1, 0xE0, 0xF0, 0xE1, 0xF0, 0x21, 0xF8, 0x03, 0xF0, 0x07, 0xF0, 0x03, 0xE0, 0x00, 0x00, 0x00,
    0x00, 0x00, 0x07, 0x80, 0x3F, 0x01, 0xFE, 0x0F, 0xB8, 0x78, 0xE1, 0xE3, 0x8F, 0x1C, 0x3C, 0x20,
    0xE0, 0x07, 0x80, 0x1E, 0x06, 0x70, 0x39, 0xC3, 0xE7, 0xBF, 0x1F, 0xF8, 0x3F, 0x80, 0x78, 0x00,
    0x00, 0x00, 0x00, 0x00, 0x40, 0x00, 0x0E, 0x00, 0x00, 0xF0, 0x00, 0x1E, 0x00, 0x01, 0xE0, 0x00,
    0x3C, 0x00, 0x03, 0xC0, 0x00, 0x78, 0x00, 0x07, 0x80, 0x00, 0x78, 0x00, 0x0F, 0x00, 0x00, 0xF0,
    0x00, 0x0F, 0x00, 0x3C, 0xE0, 0x07, 0xFE, 0x00, 0xFF, 0xE0, 0x1E, 0x3C, 0x03, 0xC1, 0xC0, 0x38,
    0x3C, 0x07, 0x83, 0xC0, 0x78, 0x7C, 0x07, 0x0F, 0xC0, 0xF3, 0xFC, 0x0F, 0xFF, 0xC0, 0x7F, 0xBC,
    0x07, 0xE3, 0xC0, 0x3C, 0x3C, 0x00, 0x03, 0xC0, 0x00, 0x18, 0x00, 0x00, 0x00, 0x1F, 0x01, 0xFC,
    0x1F, 0xF1, 0xE3, 0x9E, 0x1C, 0xE1, 0xCF, 0xFE, 0x7F, 0xE3, 0xFE, 0x3C, 0x01, 0xE0, 0x0F, 0x06,
    0x78, 0xF1, 0xFF, 0x0F, 0xF0, 0x3F, 0x00, 0x00, 0x00, 0x00, 0x07, 0x80, 0x03, 0xF8, 0x00, 0xFF,
    0x80, 0x3E, 0xE0, 0x0F, 0x9C, 0x01, 0xE7, 0x00, 0x78, 0xE0, 0x0F, 0x08, 0x03, 0xC0, 0x00, 0x78,
    0x00, 0x1E, 0x00, 0x03, 0xC0, 0x00, 0x70, 0x00, 0x1E, 0x20, 0x03, 0xFE, 0x00, 0xFF, 0xE0, 0x1F,
    0xF8, 0x03, 0xF0, 0x00, 0x70, 0x00, 0x1E, 0x00, 0x03, 0xC0, 0x00, 0x70, 0x00, 0x0E, 0x00, 0x01,
    0xC0, 0x00, 0x78, 0x00, 0x0F, 0x00, 0x01, 0xC0, 0x00, 0x38, 0x00, 0x07, 0x00, 0x00, 0xE0, 0x00,
    0x1C, 0x00, 0x03, 0x80, 0x00, 0x30, 0x00, 0x00, 0x00, 0x00, 0x00, 0xE0, 0x07, 0xF0, 0x1F, 0xE0,
    0x7F, 0xE0, 0xF3, 0xE3, 0xC7, 0xCF, 0x0F, 0x9E, 0x1E, 0x38, 0x78, 0x71, 0xF1, 0xE7, 0xE1, 0xFF,
    0x83, 0xFF, 0x03, 0xCE, 0x00, 0x3C, 0x00, 0x70, 0x00, 0xE0, 0x01, 0xC0, 0x07, 0x07, 0x0E, 0x0E,
    0x3C, 0x0E, 0x70, 0x1F, 0xE0, 0x1F, 0x80, 0x1E, 0x00, 0x00, 0x00, 0x01, 0x80, 0x00, 0x70, 0x00,
    0x1C, 0x00, 0x0F, 0x00, 0x03, 0xC0, 0x00, 0xE0, 0x00, 0x78, 0x00, 0x1E, 0x00, 0x0F, 0x00, 0x03,
    0xC0, 0x00, 0xF0, 0x00, 0x78, 0x00, 0x1E, 0x00, 0x07, 0x00, 0x03, 0xC3, 0xC0, 0xF1, 0xF8, 0x38,
    0xFE, 0x1E, 0x7F, 0x87, 0xBE, 0xE1, 0xFE, 0x38, 0x7F, 0x0E, 0x3F, 0x83, 0x8F, 0xC0, 0xF3, 0xE0,
    0x3E, 0xF0, 0x0F, 0x98, 0x01, 0x80, 0x00, 0x00, 0x00, 0x03, 0x81, 0xE1, 0xF0, 0xF0, 0x78, 0x10,
    0x00, 0x00, 0x00, 0x00, 0x03, 0x01, 0xC1, 0xE0, 0xF0, 0x70, 0x78, 0x3C, 0x3C, 0x1E, 0x0F, 0x07,
    0x03, 0x80, 0xC0, 0x00, 0x00, 0x00, 0x03, 0x00, 0x03, 0xC0, 0x01, 0xE0, 0x00, 0xF0, 0x00, 0x70,
    0x00, 0x00, 0x00, 0x00, 0x00, 0x00, 0x00, 0x00, 0x00, 0x0C, 0x00, 0x07, 0x00, 0x03, 0x80, 0x01,
    0xC0, 0x00, 0xE0, 0x00, 0x70, 0x00, 0x78, 0x00, 0x3C, 0x00, 0x1C, 0x00, 0x0E, 0x00, 0x07, 0x00,
    0x07, 0x80, 0x03, 0xC0, 0x01, 0xC0, 0x00, 0xE0, 0x00, 0xF0, 0x00, 0x70, 0x00, 0x78, 0x00, 0x3C,
    0x06, 0x3C, 0x03, 0x1E, 0x01, 0xDE, 0x00, 0xFE, 0x00, 0x3F, 0x00, 0x0F, 0x00, 0x00, 0x00, 0x00,
    0x00, 0x30, 0x00, 0x78, 0x00, 0x78, 0x00, 0xF0, 0x00, 0xF0, 0x00, 0xF0, 0x01, 0xE0, 0x01, 0xE0,
    0x03, 0xC0, 0x03, 0xC0, 0x03, 0x80, 0x07, 0x80, 0x07, 0x00, 0x0F, 0x0C, 0x0F, 0x1E, 0x1E, 0x7C,
    0x1E, 0xF8, 0x1F, 0xF0, 0x3F, 0xC0, 0x3F, 0x80, 0x7F, 0x80, 0x7B, 0xC0, 0x7B, 0xC0, 0xF1, 0xE0,
    0xF1, 0xE0, 0xF0, 0xFE, 0xF0, 0x7E, 0x60, 0x3C, 0x00, 0x00, 0x00, 0x40, 0x1C, 0x03, 0x80, 0xF0,
    0x1E, 0x03, 0x80, 0xF0, 0x1C, 0x07, 0x80, 0xE0, 0x1C, 0x07, 0x80, 0xE0, 0x3C, 0x07, 0x00, 0xE0,
    0x3C, 0x07, 0x00, 0xE0, 0x3C, 0x07, 0x00, 0xE0, 0x3C, 0x07, 0x80, 0xE0, 0x1C, 0x03, 0x80, 0x30,
    0x00, 0x00, 0x00, 0x00, 0x00, 0x1C, 0x00, 0x00, 0x1E, 0x00, 0x00, 0x1E, 0x00, 0x00, 0x1C, 0x38,
    0x00, 0x3C, 0x7C, 0x00, 0x3C, 0xFC, 0x70, 0x7B, 0xFC, 0xF8, 0x7F, 0xFF, 0xF8, 0x7F, 0xBF, 0xF8,
    0x7F, 0x3F, 0x38, 0xFE, 0x7E, 0x38, 0xFC, 0x7C, 0x38, 0xF8, 0x78, 0x3C, 0xF0, 0x70, 0x3E, 0x60,
    0x60, 0x1E, 0x00, 0x00, 0x03, 0x00, 0x03, 0xC0, 0x01, 0xE0, 0x80, 0xF1, 0xE0, 0xF9, 0xF8, 0x79,
    0xFC, 0x3F, 0xFE, 0x3F, 0xE7, 0x1F, 0xE3, 0x9F, 0xC1, 0xCF, 0xC0, 0xE7, 0xC0, 0x73, 0xC0, 0x3C,
    0xC0, 0x1E, 0x00, 0x00, 0x00, 0xF0, 0x07, 0xF0, 0x1F, 0xF0, 0x7F, 0xE1, 0xF1, 0xC3, 0xC3, 0x8F,
    0x0F, 0x1E, 0x1E, 0x78, 0x38, 0xF0, 0xF1, 0xE3, 0xC3, 0xCF, 0x87, 0xFE, 0x0F, 0xF8, 0x0F, 0xE0,
    0x0F, 0x00, 0x00, 0x00, 0x00, 0x30, 0x00, 0x1E, 0x00, 0x07, 0x80, 0x01, 0xC0, 0x00, 0xFF, 0xC0,
    0x3F, 0xF8, 0x0F, 0xFE, 0x07, 0xC7, 0xC1, 0xE1, 0xF0, 0x70, 0x78, 0x38, 0x3E, 0x0E, 0x1F, 0x03,
    0x9F, 0x81, 0xFF, 0xC0, 0x7F, 0xE0, 0x1F, 0xC0, 0x07, 0x00, 0x03, 0xC0, 0x00, 0xE0, 0x00, 0x38,
    0x00, 0x1E, 0x00, 0x07, 0x80, 0x01, 0xC0, 0x00, 0x70, 0x00, 0x1C, 0x00, 0x0F, 0x00, 0x03, 0x80,
    0x00, 0x60, 0x00, 0x00, 0x00, 0x70, 0x07, 0xE0, 0x3F, 0xC3, 0xFF, 0x1F, 0x3C, 0xF8, 0xF3, 0xC7,
    0x9E, 0x1E, 0x71, 0xF3, 0xCF, 0xCE, 0xFE, 0x3F, 0xF8, 0x7F, 0xE1, 0xE7, 0x00, 0x3C, 0x00, 0xE0,
    0x03, 0x80, 0x1E, 0x00, 0x78, 0x01, 0xC0, 0x07, 0x00, 0x1C, 0x00, 0xF0, 0x03, 0xC0, 0x07, 0x00,
    0x1C, 0x00, 0x30, 0x00, 0x00, 0x07, 0x00, 0x07, 0x00, 0x0F, 0x0E, 0x0E, 0x3F, 0x1E, 0xFF, 0x1D,
    0xF8, 0x1F, 0xE0, 0x3F, 0x80, 0x3F, 0x00, 0x3E, 0x00, 0x7C, 0x00, 0x78, 0x00, 0x78, 0x00, 0x78,
    0x00, 0x78, 0x00, 0x30, 0x00, 0x00, 0x00, 0x00, 0x20, 0x07, 0xE0, 0x3F, 0xC3, 0xF7, 0x1F, 0x1C,
    0xF8, 0xF3, 0xC7, 0x9E, 0x0C, 0x78, 0x01, 0xC0, 0x07, 0x80, 0x0F, 0x00, 0x3E, 0x00, 0x7C, 0x00,
    0x78, 0x00, 0xF0, 0xFF, 0xC3, 0xFE, 0x03, 0xF0, 0x00, 0x00, 0x00, 0x03, 0x80, 0x1E, 0x00, 0xF0,
    0x03, 0xC0, 0x1E, 0x00, 0x7B, 0x9F, 0xFE, 0x7F, 0xF8, 0x78, 0x01, 0xC0, 0x0F, 0x00, 0x38, 0x01,
    0xE0, 0x07, 0x80, 0x1C, 0x00, 0x70, 0x03, 0xC0, 0x0F, 0x00, 0x3C, 0x08, 0xF0, 0xF1, 0xFF, 0x87,
    0xFC, 0x0F, 0xC0, 0x00, 0x00, 0x0C, 0x00, 0x1C, 0x38, 0x78, 0xF0, 0xF1, 0xE3, 0xC3, 0xC7, 0x87,
    0x8E, 0x1E, 0x3C, 0x3C, 0x78, 0xF0, 0xE1, 0xE1, 0xC7, 0xC3, 0xFF, 0x87, 0xFF, 0x07, 0xCF, 0x07,
    0x0E, 0x00, 0x1C, 0x00, 0x00, 0x00, 0x01, 0x80, 0x0F, 0x01, 0xBC, 0x0E, 0x70, 0x79, 0xC1, 0xC7,
    0x8F, 0x1E, 0x78, 0x39, 0xC0, 0xEF, 0x03, 0xF8, 0x0F, 0xC0, 0x1E, 0x00, 0x70, 0x00, 0x00, 0x00,
    0x00, 0x00, 0x03, 0x00, 0x00, 0x70, 0x70, 0x07, 0x87, 0x03, 0x70, 0xF0, 0x7F, 0x0F, 0x07, 0xF1,
    0xE0, 0xFF, 0x1E, 0x1E, 0xF3, 0xE1, 0xEE, 0x7E, 0x3C, 0xEF, 0xC7, 0xCF, 0xFF, 0xF8, 0xFE, 0xFF,
    0x07, 0xCF, 0xE0, 0x78, 0x78, 0x02, 0x00, 0x00, 0x00, 0x00, 0x38, 0x1C, 0x70, 0x78, 0xF3, 0xF0,
    0xEF, 0xC1, 0xFE, 0x01, 0xF8, 0x03, 0xE0, 0x0F, 0x80, 0x3F, 0x80, 0xFF, 0x83, 0xEF, 0x8F, 0x8F,
    0x9E, 0x0F, 0xC0, 0x0F, 0x80, 0x07, 0x00, 0x00, 0x00, 0x03, 0x00, 0x00, 0x38, 0x0C, 0x01, 0xC0,
    0xE0, 0x0E, 0x07, 0x00, 0x78, 0x78, 0x03, 0xC3, 0xC0, 0x1E, 0x3C, 0x00, 0xF1, 0xE0, 0x07, 0x9E,
    0x00, 0x3C, 0xF0, 0x01, 0xE7, 0x00, 0x0F, 0x78, 0x00, 0x3F, 0x80, 0x01, 0xFC, 0x00, 0x07, 0xC0,
    0x00, 0x1E, 0x00, 0x00, 0xF0, 0x00, 0x0F, 0x00, 0x00, 0xF0, 0x00, 0x07, 0x80, 0x00, 0x78, 0x00,
    0x07, 0xC0, 0x0E, 0x7C, 0x00, 0xFF, 0xC0, 0x03, 0xF8, 0x00, 0x07, 0x00, 0x00, 0x0F, 0xF8, 0x0F,
    0xFE, 0x03, 0xFF, 0x80, 0x07, 0xC0, 0x07, 0xE0, 0x07, 0xC0, 0x0F, 0xC0, 0x0F, 0x80, 0x0F, 0x80,
    0x0F, 0x80, 0x0F, 0x80, 0x0F, 0x80, 0x0F, 0xFF, 0xF7, 0xFF, 0xF9, 0xFE, 0x00, 0x00, 0x06, 0x00,
    0x0F, 0x80, 0x0F, 0xE0, 0x0F, 0x80, 0x07, 0x00, 0x07, 0x80, 0x03, 0x80, 0x03, 0xC0, 0x01, 0xC0,
    0x00, 0xE0, 0x00, 0x70, 0x00, 0x38, 0x00, 0x1C, 0x00, 0x0E, 0x00, 0x0F, 0x00, 0x07, 0x00, 0x03,
    0x80, 0x03, 0xC0, 0x03, 0xC0, 0x03, 0xC0, 0x07, 0xE0, 0x07, 0xE0, 0x00, 0xF0, 0x00, 0x38, 0x00,
    0x1C, 0x00, 0x0E, 0x00, 0x0F, 0x00, 0x07, 0x00, 0x07, 0x80, 0x03, 0xC0, 0x01, 0xC0, 0x01, 0xE0,
    0x00, 0xF0, 0x00, 0x78, 0x00, 0x38, 0x00, 0x1F, 0x80, 0x0F, 0xE0, 0x03, 0xE0, 0x00, 0x00, 0x00,
    0x00, 0x00, 0x00, 0x06, 0x00, 0x0F, 0x00, 0x0F, 0x00, 0x1F, 0x00, 0x1E, 0x00, 0x1E, 0x00, 0x3C,
    0x00, 0x3C, 0x00, 0x38, 0x00, 0x78, 0x00, 0x78, 0x00, 0xF0, 0x00, 0xF0, 0x00, 0xE0, 0x01, 0xE0,
    0x01, 0xC0, 0x03, 0xC0, 0x03, 0xC0, 0x03, 0x80, 0x07, 0x80, 0x07, 0x00, 0x07, 0x00, 0x0F, 0x00,
    0x0E, 0x00, 0x0E, 0x00, 0x1E, 0x00, 0x1E, 0x00, 0x1C, 0x00, 0x3C, 0x00, 0x3C, 0x00, 0x38, 0x00,
    0x38, 0x00, 0x78, 0x00, 0x78, 0x00, 0x70, 0x00, 0x70, 0x00, 0x70, 0x00, 0x30, 0x00, 0x00, 0x00,
    0x00, 0x70, 0x01, 0xF0, 0x01, 0xF0, 0x00, 0xF0, 0x00, 0xE0, 0x01, 0xC0, 0x03, 0x80, 0x07, 0x00,
    0x1C, 0x00, 0x38, 0x00, 0xF0, 0x01, 0xE0, 0x07, 0x80, 0x0E, 0x00, 0x3C, 0x00, 0xF0, 0x01, 0xE0,
    0x07, 0x80, 0x07, 0x00, 0x0E, 0x00, 0x3C, 0x00, 0x70, 0x00, 0xE0, 0x01, 0xC0, 0x03, 0x80, 0x07,
    0x00, 0x0E, 0x00, 0x1C, 0x00, 0x38, 0x00, 0x70, 0x00, 0xE0, 0x03, 0xC0, 0x07, 0x00, 0x7E, 0x01,
    0xF8, 0x03, 0xE0, 0x00, 0x00, 0x00, 0x1F, 0x80, 0x9F, 0xE3, 0xFE, 0xFF, 0xEE, 0x1F, 0xE2, 0x07,
    0xC0, 0x00, 0x00, 0x01, 0xF0, 0x07, 0xC0, 0x1E, 0x00, 0x70, 0x00, 0x00, 0x00, 0x00, 0x20, 0x01,
    0xC0, 0x07, 0x80, 0x1E, 0x00, 0x70, 0x01, 0xC0, 0x0F, 0x00, 0x3C, 0x00, 0xE0, 0x07, 0x80, 0x1C,
    0x00, 0x70, 0x03, 0x80, 0x0E, 0x00, 0x78, 0x01, 0xC0, 0x0F, 0x00, 0x38, 0x01, 0xE0, 0x07, 0x00,
    0x3C, 0x00, 0xF0, 0x03, 0x80, 0x0E, 0x00, 0x00, 0x00, 0x00, 0x00, 0x00, 0x00, 0x70, 0x38, 0x01,
    0xE0, 0xF0, 0x07, 0xC3, 0xC0, 0x1E, 0x1F, 0x00, 0xF8, 0x7C, 0x03, 0xE1, 0xF0, 0x0F, 0x87, 0x80,
    0x3E, 0x1E, 0x00, 0xF8, 0x78, 0x01, 0xE0, 0xF0, 0x03, 0xC1, 0xE0, 0x03, 0xC3, 0xE0, 0x03, 0xC3,
    0xC0, 0x07, 0xC3, 0xE0, 0x07, 0xE3, 0xE0, 0x07, 0xE3, 0xF0, 0x07, 0xF3, 0xF0, 0x03, 0xE3, 0xF0,
    0x01, 0xC1, 0xE0, 0x0F, 0x01, 0xFC, 0x3F, 0xE7, 0x8F, 0x70, 0xFF, 0x07, 0xF0, 0x7F, 0x0F, 0xF0,
    0xFF, 0x1E, 0x7B, 0xE7, 0xFC, 0x3F, 0x81, 0xF0, 0x00, 0xC3, 0x9E, 0x79, 0xC0, 0x00, 0x00, 0x40,
    0x1F, 0x01, 0xFC, 0x1F, 0xE1, 0xE7, 0x8E, 0x3C, 0xF1, 0xC7, 0x1E, 0x78, 0xF3, 0x8F, 0x1C, 0x78,
    0xE7, 0x87, 0xF8, 0x1F, 0x80, 0x70, 0x00, 0x60, 0x30, 0x03, 0xE1, 0xF0, 0x07, 0xE3, 0xF0, 0x0F,
    0xC7, 0xE0, 0x0F, 0xC7, 0xE0, 0x1F, 0x8F, 0x80, 0x1E, 0x0F, 0x00, 0x3C, 0x3E, 0x00, 0xF0, 0x78,
    0x01, 0xE0, 0xF0, 0x0F, 0x87, 0xC0, 0x3C, 0x1E, 0x01, 0xE1, 0xF0, 0x1F, 0x0F, 0x80, 0xF8, 0x7C,
    0x07, 0xC3, 0xE0, 0x3E, 0x1F, 0x01, 0xE0, 0xF0, 0x0F, 0x07, 0x80, 0x0C, 0x04, 0x00, 0x00, 0x03,
    0x00, 0x03, 0xE0, 0x00, 0xF8, 0x00, 0x3C, 0x00, 0x02, 0x00, 0x00, 0x00, 0x00, 0x00, 0x00, 0x00,
    0x00, 0x18, 0x00, 0x0F, 0x00, 0x03, 0xC0, 0x01, 0xE0, 0x00, 0x78, 0x00, 0x3C, 0x00, 0x1F, 0x00,
    0x0F, 0x80, 0x07, 0xC0, 0x03, 0xC0, 0x01, 0xE0, 0x00, 0xF0, 0x00, 0x78, 0x00, 0x1E, 0x0C, 0x07,
    0x03, 0x83, 0xC0, 0xE0, 0xF0, 0x38, 0x3C, 0x1E, 0x0F, 0x0F, 0x03, 0xC7, 0xC0, 0xFF, 0xE0, 0x1F,
    0xF0, 0x03, 0xF0, 0x00, 0x00, 0x00, 0x00, 0x00, 0x00, 0x18, 0x00, 0x00, 0x3C, 0x00, 0x00, 0x1C,
    0x00, 0x00, 0x1E, 0x00, 0x00, 0x0E, 0x00, 0x00, 0x0E, 0x00, 0x00, 0x06, 0x00, 0x00, 0x00, 0x00,
    0x00, 0x60, 0x00, 0x00, 0xF0, 0x00, 0x01, 0xF8, 0x00, 0x01, 0xFC, 0x00, 0x03, 0xFC, 0x00, 0x07,
    0xDC, 0x00, 0x07, 0x9C, 0x00, 0x0F, 0x1C, 0x00, 0x0F, 0x1C, 0x00, 0x1E, 0x3C, 0x00, 0x3E, 0x3C,
    0x00, 0x3C, 0x3C, 0x00, 0x78, 0x38, 0x00, 0x70, 0x38, 0x00, 0xF0, 0x38, 0x00, 0xE0, 0xF8, 0x01,
    0xFF, 0xF8, 0x03, 0xFF, 0xF8, 0x07, 0xFF, 0xF8, 0x07, 0xF8, 0x78, 0x07, 0x80, 0x78, 0x0F, 0x00,
    0x78, 0x0E, 0x00, 0x70, 0x1E, 0x00, 0x70, 0x1C, 0x00, 0x70, 0x3C, 0x00, 0x70, 0x38, 0x00, 0x70,
    0x78, 0x00, 0x70, 0x78, 0x00, 0x78, 0xF0, 0x00, 0x70, 0x60, 0x00, 0x00, 0x00, 0x00, 0x00, 0x00,
    0x00, 0x00, 0x00, 0x00, 0x01, 0x80, 0x00, 0x01, 0xC0, 0x00, 0x01, 0xE0, 0x00, 0x01, 0xE0, 0x00,
    0x01, 0xE0, 0x00, 0x00, 0xE0, 0x00, 0x00, 0x20, 0x00, 0x00, 0x60, 0x00, 0x00, 0x78, 0x00, 0x00,
    0x7E, 0x00, 0x00, 0x3F, 0x80, 0x00, 0x3F, 0xC0, 0x00, 0x3E, 0xE0, 0x00, 0x1E, 0x70, 0x00, 0x1E,
    0x38, 0x00, 0x0F, 0x1C, 0x00, 0x0F, 0x1E, 0x00, 0x0F, 0x8F, 0x00, 0x07, 0x87, 0x80, 0x07, 0x83,
    0x80, 0x03, 0x81, 0xC0, 0x03, 0xC0, 0xE0, 0x01, 0xC1, 0xF0, 0x01, 0xFF, 0xF8, 0x01, 0xFF, 0xFC,
    0x01, 0xFF, 0xFE, 0x00, 0xFF, 0x0F, 0x00, 0x78, 0x07, 0x80, 0x78, 0x03, 0xC0, 0x38, 0x01, 0xC0,
    0x3C, 0x00, 0xE0, 0x1C, 0x00, 0x70, 0x1E, 0x00, 0x38, 0x0E, 0x00, 0x1C, 0x0F, 0x00, 0x0E, 0x07,
    0x80, 0x07, 0x87, 0x80, 0x03, 0x81, 0x80, 0x00, 0x00, 0x00, 0x00, 0x00, 0x00, 0x00, 0x18, 0x00,
    0x00, 0x1E, 0x00, 0x00, 0x1F, 0x80, 0x00, 0x1F, 0xE0, 0x00, 0x1C, 0x70, 0x00, 0x0C, 0x18, 0x00,
    0x00, 0x00, 0x00, 0x00, 0xC0, 0x00, 0x00, 0xF0, 0x00, 0x00, 0xFC, 0x00, 0x00, 0x7F, 0x00, 0x00,
    0x7F, 0x80, 0x00, 0x7D, 0xC0, 0x00, 0x3C, 0xE0, 0x00, 0x3C, 0x70, 0x00, 0x1E, 0x38, 0x00, 0x1E,
    0x3C, 0x00, 0x1F, 0x1E, 0x00, 0x0F, 0x0F, 0x00, 0x0F, 0x07, 0x00, 0x07, 0x03, 0x80, 0x07, 0x81,
    0xC0, 0x03, 0x83, 0xE0, 0x03, 0xFF, 0xF0, 0x03, 0xFF, 0xF8, 0x03, 0xFF, 0xFC, 0x01, 0xFE, 0x1E,
    0x00, 0xF0, 0x0F, 0x00, 0xF0, 0x07, 0x80, 0x70, 0x03, 0x80, 0x78, 0x01, 0xC0, 0x38, 0x00, 0xE0,
    0x3C, 0x00, 0x70, 0x1C, 0x00, 0x38, 0x1E, 0x00, 0x1C, 0x0F, 0x00, 0x0F, 0x0F, 0x00, 0x07, 0x03,
    0x00, 0x00, 0x00, 0x00, 0x00, 0x00, 0x00, 0x00, 0x00, 0x00, 0x00, 0x06, 0x18, 0x00, 0x01, 0xC7,
    0x00, 0x00, 0x79, 0xF0, 0x00, 0x0F, 0x3C, 0x00, 0x00, 0xC3, 0x80, 0x00, 0x00, 0x00, 0x00, 0x00,
    0x00, 0x00, 0x00, 0x60, 0x00, 0x00, 0x1E, 0x00, 0x00, 0x07, 0xE0, 0x00, 0x00, 0xFE, 0x00, 0x00,
    0x3F, 0xC0, 0x00, 0x0F, 0xB8, 0x00, 0x01, 0xE7, 0x00, 0x00, 0x78, 0xE0, 0x00, 0x0F, 0x1C, 0x00,
    0x03, 0xC7, 0x80, 0x00, 0xF8, 0xF0, 0x00, 0x1E, 0x1E, 0x00, 0x07, 0x83, 0x80, 0x00, 0xE0, 0x70,
    0x00, 0x3C, 0x0E, 0x00, 0x07, 0x07, 0xC0, 0x01, 0xFF, 0xF8, 0x00, 0x7F, 0xFF, 0x00, 0x1F, 0xFF,
    0xE0, 0x03, 0xFC, 0x3C, 0x00, 0x78, 0x07, 0x80, 0x1E, 0x00, 0xF0, 0x03, 0x80, 0x1C, 0x00, 0xF0,
    0x03, 0x80, 0x1C, 0x00, 0x70, 0x07, 0x80, 0x0E, 0x00, 0xE0, 0x01, 0xC0, 0x3C, 0x00, 0x38, 0x07,
    0x80, 0x07, 0x81, 0xE0, 0x00, 0xE0, 0x18, 0x00, 0x00, 0x00, 0x00, 0x00, 0x00, 0x00, 0x00, 0x0F,
    0x00, 0x00, 0x0F, 0x80, 0x00, 0x0E, 0xE0, 0x00, 0x06, 0x70, 0x00, 0x03, 0x30, 0x00, 0x01, 0xF8,
    0x00, 0x00, 0x78, 0x00, 0x00, 0xC0, 0x00, 0x00, 0xF8, 0x00, 0x00, 0xFE, 0x00, 0x00, 0xFF, 0x00,
    0x00, 0x7F, 0x80, 0x00, 0x7D, 0xC0, 0x00, 0x3C, 0xE0, 0x00, 0x3C, 0x70, 0x00, 0x3E, 0x38, 0x00,
    0x1E, 0x3C, 0x00, 0x1F, 0x1E, 0x00, 0x0F, 0x0F, 0x00, 0x0F, 0x07, 0x00, 0x07, 0x03, 0x80, 0x07,
    0x81, 0xC0, 0x03, 0x83, 0xE0, 0x03, 0xFF, 0xF0, 0x03, 0xFF, 0xF8, 0x03, 0xFF, 0xFC, 0x01, 0xFE,
    0x1E, 0x01, 0xF0, 0x0F, 0x00, 0xF0, 0x07, 0x80, 0x70, 0x03, 0x80, 0x78, 0x01, 0xC0, 0x38, 0x00,
    0xE0, 0x3C, 0x00, 0x70, 0x1C, 0x00, 0x38, 0x1E, 0x00, 0x1C, 0x0F, 0x00, 0x0F, 0x0F, 0x00, 0x07,
    0x03, 0x00, 0x00, 0x00, 0x00, 0x00, 0x00, 0x00, 0x00, 0x00, 0x03, 0xF8, 0x00, 0x00, 0x70, 0x1F,
    0xF0, 0x00, 0x03, 0xFF, 0xFF, 0xC0, 0x00, 0x1F, 0xFF, 0xC0, 0x00, 0x00, 0xFF, 0xF8, 0x00, 0x00,
    0x07, 0xFF, 0x80, 0x00, 0x00, 0x3E, 0x3C, 0x00, 0x00, 0x01, 0xF0, 0xF0, 0x00, 0x00, 0x07, 0x87,
    0x80, 0x00, 0x00, 0x3C, 0x3E, 0x00, 0x00, 0x01, 0xF0, 0xF0, 0x00, 0x00, 0x07, 0x87, 0xC0, 0x00,
    0x00, 0x3C, 0x1F, 0x7E, 0x00, 0x01, 0xF0, 0xFF, 0xFC, 0x00, 0x07, 0x83, 0xFF, 0xE0, 0x00, 0x3C,
    0x0F, 0xFC, 0x00, 0x03, 0xF0, 0x7E, 0x00, 0x00, 0x0F, 0xFF, 0xE0, 0x00, 0x00, 0x3F, 0xFF, 0x80,
    0x00, 0x00, 0xFF, 0xFC, 0x00, 0x00, 0x07, 0x81, 0xF0, 0x00, 0x00, 0x3E, 0x03, 0xC0, 0x00, 0x00,
    0xF0, 0x1E, 0x00, 0x00, 0x07, 0x80, 0x78, 0x00, 0x00, 0x1E, 0x01, 0xE0, 0x00, 0x00, 0xF0, 0x07,
    0x80, 0x10, 0x07, 0xC0, 0x1E, 0x01, 0xE0, 0x1E, 0x00, 0x7E, 0x3F, 0x80, 0x70, 0x00, 0xFF, 0xFC,
    0x00, 0x80, 0x03, 0xFF, 0xC0, 0x00, 0x00, 0x03, 0xFC, 0x00, 0x00, 0x00, 0x03, 0x80, 0x00, 0xFE,
    0x00, 0x1F, 0xF0, 0x07, 0xFF, 0x00, 0xFC, 0xF0, 0x0F, 0x8F, 0x01, 0xF0, 0xF0, 0x3E, 0x0F, 0x07,
    0xC1, 0xE0, 0x78, 0x1E, 0x0F, 0x03, 0xC1, 0xF0, 0x3C, 0x1E, 0x01, 0x83, 0xC0, 0x00, 0x3C, 0x00,
    0x03, 0x80, 0x00, 0x78, 0x00, 0x07, 0x80, 0x00, 0xF0, 0x00, 0x0F, 0x00, 0x00, 0xF0, 0x00, 0x0F,
    0x00, 0x00, 0xF0, 0x00, 0x0F, 0x00, 0x00, 0xF0, 0x01, 0x0F, 0x00, 0x78, 0xF0, 0x0F, 0x0F, 0x07,
    0xE0, 0x79, 0xFC, 0x07, 0xFF, 0x80, 0x3F, 0xE0, 0x01, 0xF8, 0x00, 0x1C, 0x00, 0x01, 0xC0, 0x00,
    0x0E, 0x00, 0x00, 0x70, 0x00, 0x07, 0x00, 0x0E, 0x70, 0x00, 0xFF, 0x00, 0x07, 0xE0, 0x00, 0x00,
    0x00, 0x00, 0x00, 0x00, 0x02, 0x00, 0x00, 0x03, 0x80, 0x00, 0x03, 0xC0, 0x00, 0x03, 0xC0, 0x00,
    0x03, 0xC0, 0x00, 0x01, 0xC0, 0x00, 0x00, 0xC0, 0x00, 0x00, 0x00, 0x00, 0x00, 0x00, 0x00, 0x00,
    0x3F, 0x80, 0x07, 0xFF, 0xE0, 0x07, 0xFF, 0xE0, 0x07, 0xFF, 0x00, 0x07, 0xF0, 0x00, 0x03, 0xE0,
    0x00, 0x03, 0xE0, 0x00, 0x01, 0xE0, 0x00, 0x01, 0xE0, 0x00, 0x00, 0xF0, 0x00, 0x00, 0xF0, 0x00,
    0x00, 0x70, 0x0E, 0x00, 0x78, 0x7F, 0x80, 0x7F, 0xFF, 0xC0, 0x3F, 0xFF, 0x80, 0x3F, 0xFC, 0x00,
    0x1F, 0xE0, 0x00, 0x1E, 0x00, 0x00, 0x0F, 0x00, 0x00, 0x07, 0x00, 0x00, 0x03, 0x80, 0x00, 0x01,
    0xC0, 0x00, 0x00, 0xE0, 0x00, 0xF0, 0x78, 0x00, 0xF0, 0x3C, 0x01, 0xF8, 0x0F, 0x8F, 0xF8, 0x07,
    0xFF, 0xF0, 0x00, 0xFF, 0xF0, 0x00, 0x3F, 0xC0, 0x00, 0x00, 0x00, 0x00, 0x00, 0x00, 0x03, 0x80,
    0x00, 0x03, 0xF0, 0x00, 0x01, 0xFE, 0x00, 0x00, 0xF3, 0xC0, 0x00, 0x38, 0x70, 0x00, 0x0C, 0x08,
    0x00, 0x00, 0x00, 0x00, 0x00, 0x00, 0x00, 0x00, 0x1F, 0xC0, 0x01, 0xFF, 0xF0, 0x00, 0xFF, 0xFC,
    0x00, 0x7F, 0xF0, 0x00, 0x3F, 0x80, 0x00, 0x0F, 0x00, 0x00, 0x07, 0xC0, 0x00, 0x01, 0xE0, 0x00,
    0x00, 0xF0, 0x00, 0x00, 0x3C, 0x00, 0x00, 0x1E, 0x00, 0x00, 0x07, 0x00, 0xE0, 0x03, 0xC3, 0xFC,
    0x01, 0xFF, 0xFF, 0x00, 0x7F, 0xFF, 0x00, 0x3F, 0xFC, 0x00, 0x0F, 0xF0, 0x00, 0x07, 0x80, 0x00,
    0x01, 0xE0, 0x00, 0x00, 0x70, 0x00, 0x00, 0x1C, 0x00, 0x00, 0x07, 0x00, 0x00, 0x01, 0xC0, 0x01,
    0xE0, 0x78, 0x00, 0xF0, 0x1E, 0x00, 0xFC, 0x03, 0xE3, 0xFE, 0x00, 0xFF, 0xFE, 0x00, 0x0F, 0xFF,
    0x00, 0x01, 0xFE, 0x00, 0x00, 0x00, 0x00, 0x00, 0x00, 0x00, 0x30, 0x00, 0x00, 0x78, 0x00, 0x00,
    0xF0, 0x00, 0x01, 0xE0, 0x00, 0x03, 0xC0, 0x00, 0x01, 0x80, 0x00, 0x00, 0x00, 0x00, 0x00, 0x00,
    0x00, 0x00, 0x00, 0x00, 0x03, 0xFE, 0x00, 0x7F, 0xFF, 0x01, 0xFF, 0xFE, 0x01, 0xFF, 0x80, 0x00,
    0x0F, 0x00, 0x00, 0x0F, 0x00, 0x00, 0x0F, 0x00, 0x00, 0x1E, 0x00, 0x00, 0x1E, 0x00, 0x00, 0x1E,
    0x00, 0x00, 0x1C, 0x00, 0x00, 0x3C, 0x00, 0x00, 0x3C, 0x00, 0x00, 0x38, 0x00, 0x00, 0x78, 0x00,
    0x00, 0x78, 0x00, 0x00, 0x70, 0x00, 0x00, 0xF0, 0x00, 0x00, 0xF0, 0x00, 0x00, 0xE0, 0x00, 0x01,
    0xE0, 0x00, 0x01, 0xE0, 0x00, 0x01, 0xE0, 0x00, 0x01, 0xC0, 0x00, 0x03, 0xC0, 0x00, 0x3F, 0xFF,
    0x00, 0xFF, 0xFF, 0x80, 0xFF, 0xFF, 0x00, 0x03, 0x00, 0x00, 0x00, 0x00, 0x00, 0x00, 0x00, 0x60,
    0x00, 0x00, 0xF0, 0x00, 0x03, 0xF8, 0x00, 0x07, 0xFC, 0x00, 0x07, 0x1E, 0x00, 0x06, 0x0C, 0x00,
    0x00, 0x00, 0x00, 0x00, 0x00, 0x00, 0x00, 0x00, 0x00, 0x03, 0xFE, 0x00, 0x7F, 0xFF, 0x01, 0xFF,
    0xFE, 0x01, 0xFF, 0x80, 0x00, 0x0F, 0x00, 0x00, 0x0F, 0x00, 0x00, 0x0F, 0x00, 0x00, 0x1E, 0x00,
    0x00, 0x1E, 0x00, 0x00, 0x1E, 0x00, 0x00, 0x1C, 0x00, 0x00, 0x3C, 0x00, 0x00, 0x3C, 0x00, 0x00,
    0x38, 0x00, 0x00, 0x78, 0x00, 0x00, 0x78, 0x00, 0x00, 0x70, 0x00, 0x00, 0xF0, 0x00, 0x00, 0xF0,
    0x00, 0x00, 0xF0, 0x00, 0x01, 0xE0, 0x00, 0x01, 0xE0, 0x00, 0x01, 0xE0, 0x00, 0x01, 0xC0, 0x00,
    0x03, 0xC0, 0x00, 0x3F, 0xFF, 0x00, 0xFF, 0xFF, 0x80, 0xFF, 0xFF, 0x00, 0x03, 0x00, 0x00, 0x00,
    0x00, 0x00, 0x00, 0x00, 0x00, 0x00, 0x01, 0x80, 0x00, 0x0F, 0x00, 0x00, 0x3C, 0x00, 0x00, 0x78,
    0x00, 0x00, 0xE0, 0x00, 0x03, 0x80, 0x00, 0x06, 0x00, 0x00, 0x00, 0x00, 0x00, 0x00, 0x00, 0x00,
    0x00, 0x01, 0xF0, 0x00, 0x0F, 0xE0, 0x00, 0xFF, 0xC0, 0x07, 0x87, 0x80, 0x3C, 0x0E, 0x01, 0xE0,
    0x3C, 0x0F, 0x00, 0xF0, 0x3C, 0x03, 0xC1, 0xE0, 0x0F, 0x07, 0x00, 0x3C, 0x3C, 0x00, 0xF0, 0xE0,
    0x03, 0xC7, 0x80, 0x1F, 0x1E, 0x00, 0x7C, 0x70, 0x01, 0xE3, 0xC0, 0x0F, 0x8F, 0x00, 0x3C, 0x38,
    0x00, 0xF0, 0xE0, 0x07, 0x87, 0x80, 0x3E, 0x1E, 0x00, 0xF0, 0x78, 0x07, 0xC1, 0xE0, 0x3E, 0x07,
    0x81, 0xF0, 0x1E, 0x0F, 0xC0, 0x7C, 0x7E, 0x01, 0xFF, 0xF0, 0x03, 0xFF, 0x80, 0x07, 0xFC, 0x00,
    0x0F, 0xC0, 0x00, 0x00, 0x00, 0x08, 0x00, 0x00, 0x38, 0x00, 0x00, 0xF0, 0x00, 0x03, 0xC0, 0x00,
    0x0F, 0x00, 0x00, 0x1C, 0x00, 0x00, 0x30, 0x00, 0x00, 0x00, 0x00, 0x00, 0x00, 0x00, 0x0F, 0x80,
    0x00, 0x3F, 0x80, 0x01, 0xFF, 0x80, 0x07, 0x87, 0x80, 0x1E, 0x07, 0x00, 0x78, 0x0F, 0x01, 0xE0,
    0x1E, 0x03, 0xC0, 0x3C, 0x0F, 0x00, 0x78, 0x1C, 0x00, 0xF0, 0x78, 0x01, 0xE0, 0xE0, 0x03, 0xC3,
    0xC0, 0x0F, 0x87, 0x80, 0x1F, 0x0E, 0x00, 0x3C, 0x3C, 0x00, 0xF8, 0x78, 0x01, 0xE0, 0xE0, 0x03,
    0xC1, 0xC0, 0x0F, 0x07, 0x80, 0x3E, 0x0F, 0x00, 0x78, 0x1E, 0x01, 0xF0, 0x3C, 0x07, 0xC0, 0x78,
    0x1F, 0x00, 0xF0, 0x7E, 0x01, 0xF1, 0xF8, 0x03, 0xFF, 0xE0, 0x03, 0xFF, 0x80, 0x03, 0xFE, 0x00,
    0x03, 0xF0, 0x00, 0x00, 0x00, 0x00, 0x00, 0x00, 0x00, 0xE0, 0x00, 0x00, 0xF1, 0xC0, 0x00, 0x79,
    0xE0, 0x00, 0x3C, 0xF0, 0x00, 0x1C, 0x78, 0x00, 0x00, 0x18, 0x00, 0x00, 0x00, 0x00, 0x00, 0x00,
    0x00, 0x00, 0x00, 0x00, 0x01, 0xF0, 0x00, 0x01, 0xFC, 0x00, 0x03, 0xFF, 0x00, 0x03, 0xC3, 0xC0,
    0x03, 0xC0, 0xE0, 0x03, 0xC0, 0x78, 0x03, 0xC0, 0x3C, 0x01, 0xE0, 0x1E, 0x01, 0xE0, 0x0F, 0x00,
    0xE0, 0x07, 0x80, 0xF0, 0x03, 0xC0, 0x70, 0x01, 0xE0, 0x78, 0x01, 0xF0, 0x3C, 0x00, 0xF8, 0x1C,
    0x00, 0x78, 0x1E, 0x00, 0x7C, 0x0F, 0x00, 0x3C, 0x07, 0x00, 0x1E, 0x03, 0x80, 0x1E, 0x03, 0xC0,
    0x1F, 0x01, 0xE0, 0x0F, 0x00, 0xF0, 0x0F, 0x80, 0x78, 0x0F, 0x80, 0x3C, 0x0F, 0x80, 0x1E, 0x0F,
    0xC0, 0x0F, 0x8F, 0xC0, 0x07, 0xFF, 0xC0, 0x01, 0xFF, 0xC0, 0x00, 0x7F, 0xC0, 0x00, 0x1F, 0x80,
    0x00, 0x00, 0x00, 0x00, 0x00, 0x00, 0x07, 0x00, 0x07, 0xCF, 0x00, 0x0F, 0xFF, 0x00, 0x3F, 0xFE,
    0x00, 0x78, 0x7C, 0x00, 0xF0, 0x78, 0x01, 0xE0, 0x7C, 0x03, 0xC0, 0xFC, 0x03, 0xC1, 0xFC, 0x07,
    0x83, 0xFC, 0x07, 0x07, 0xBC, 0x0F, 0x07, 0x3C, 0x0E, 0x0E, 0x3C, 0x1E, 0x1E, 0x7C, 0x1E, 0x3C,
    0x7C, 0x1C, 0x38, 0x78, 0x3C, 0x78, 0xF8, 0x3C, 0xF0, 0xF0, 0x38, 0xE0, 0xF0, 0x39, 0xE1, 0xE0,
    0x7B, 0xC3, 0xE0, 0x7B, 0x83, 0xC0, 0x7F, 0x07, 0xC0, 0x7F, 0x0F, 0x80, 0x7E, 0x1F, 0x00, 0x7C,
    0x3F, 0x00, 0x7C, 0x7E, 0x00, 0x7F, 0xFC, 0x00, 0x7F, 0xF8, 0x00, 0x7F, 0xF0, 0x00, 0xEF, 0xC0,
    0x00, 0x60, 0x00, 0x00, 0x40, 0x00, 0x00, 0x00, 0x00, 0x00, 0x00, 0x06, 0x00, 0x00, 0x0E, 0x00,
    0x00, 0x1C, 0x00, 0x00, 0x3C, 0x00, 0x00, 0x38, 0x00, 0x00, 0x78, 0x00, 0x00, 0x60, 0x00, 0x00,
    0x00, 0x01, 0x80, 0x00, 0x07, 0x80, 0x30, 0x1F, 0x00, 0x70, 0x3C, 0x01, 0xE0, 0xF0, 0x03, 0xC1,
    0xE0, 0x07, 0x87, 0x80, 0x0E, 0x0F, 0x00, 0x3C, 0x3C, 0x00, 0x78, 0x78, 0x00, 0xF0, 0xF0, 0x03,
    0xC3, 0xC0, 0x07, 0x87, 0x80, 0x0F, 0x0F, 0x00, 0x1C, 0x3C, 0x00, 0x78, 0x78, 0x00, 0xE0, 0xF0,
    0x03, 0xC1, 0xE0, 0x07, 0x03, 0x80, 0x1E, 0x0F, 0x00, 0x7C, 0x1E, 0x00, 0xF0, 0x3C, 0x03, 0xC0,
    0x78, 0x07, 0x80, 0xE0, 0x1E, 0x01, 0xC0, 0x78, 0x03, 0x81, 0xF0, 0x07, 0x07, 0xC0, 0x0F, 0xBF,
    0x00, 0x0F, 0xFC, 0x00, 0x1F, 0xF0, 0x00, 0x1F, 0x80, 0x00, 0x0C, 0x00, 0x00, 0x00, 0x00, 0x00,
    0x00, 0x01, 0xC0, 0x00, 0x07, 0xC0, 0x00, 0x1F, 0x00, 0x00, 0x3C, 0x00, 0x00, 0xF0, 0x00, 0x00,
    0xC0, 0x00, 0x00, 0x00, 0x00, 0xC0, 0x00, 0x03, 0xC0, 0x18, 0x0F, 0x80, 0x38, 0x1E, 0x00, 0xF0,
    0x78, 0x01, 0xE0, 0xF0, 0x03, 0xC3, 0xC0, 0x07, 0x07, 0x80, 0x1E, 0x1E, 0x00, 0x3C, 0x3C, 0x00,
    0x78, 0x78, 0x01, 0xE1, 0xE0, 0x03, 0xC3, 0xC0, 0x07, 0x87, 0x80, 0x0E, 0x1E, 0x00, 0x3C, 0x3C,
    0x00, 0x70, 0x78, 0x01, 0xE0, 0xF0, 0x03, 0x81, 0xC0, 0x0F, 0x07, 0x80, 0x3E, 0x0F, 0x00, 0x78,
    0x1E, 0x01, 0xE0, 0x3C, 0x03, 0xC0, 0x70, 0x0F, 0x00, 0xE0, 0x3C, 0x01, 0xC0, 0xF8, 0x03, 0x83,
    0xE0, 0x07, 0xDF, 0x80, 0x07, 0xFE, 0x00, 0x0F, 0xF8, 0x00, 0x0F, 0xC0, 0x00, 0x06, 0x00, 0x00,
    0x00, 0x00, 0x00, 0x00, 0x0C, 0x30, 0x00, 0x3C, 0xF0, 0x00, 0xFB, 0xE0, 0x01, 0xE7, 0x80, 0x01,
    0x86, 0x00, 0x00, 0x00, 0x00, 0x00, 0x00, 0x00, 0xC0, 0x00, 0x03, 0xC0, 0x18, 0x0F, 0x80, 0x38,
    0x3E, 0x00, 0xF0, 0x78, 0x01, 0xE0, 0xF0, 0x03, 0x83, 0xC0, 0x07, 0x07, 0x80, 0x1E, 0x1E, 0x00,
    0x3C, 0x3C, 0x00, 0x70, 0x78, 0x01, 0xE1, 0xE0, 0x03, 0xC3, 0xC0, 0x07, 0x07, 0x80, 0x1E, 0x1E,
    0x00, 0x3C, 0x3C, 0x00, 0xF0, 0x78, 0x01, 0xE0, 0xE0, 0x07, 0x83, 0xC0, 0x0F, 0x07, 0x80, 0x3C,
    0x0F, 0x00, 0x78, 0x1E, 0x01, 0xE0, 0x38, 0x07, 0xC0, 0x70, 0x0F, 0x00, 0xE0, 0x3C, 0x01, 0xC0,
    0xF0, 0x03, 0xC3, 0xE0, 0x07, 0xFF, 0x80, 0x07, 0xFE, 0x00, 0x0F, 0xF0, 0x00, 0x07, 0xC0, 0x00,
    0x00, 0x00, 0x00, 0x00, 0x02, 0x00, 0x00, 0x38, 0x00, 0x03, 0xC0, 0x00, 0x3E, 0x00, 0x03, 0xC0,
    0x00, 0x1C, 0x00, 0x00, 0xC0, 0x00, 0x00, 0x00, 0x30, 0x00, 0x03, 0x80, 0x00, 0x1C, 0x00, 0x1C,
    0xE0, 0x01, 0xE7, 0x00, 0x1F, 0x38, 0x01, 0xF1, 0xC0, 0x1F, 0x0F, 0x00, 0xF0, 0x78, 0x0F, 0x03,
    0xC0, 0xF0, 0x1E, 0x0F, 0x00, 0xF0, 0xF0, 0x03, 0x8F, 0x00, 0x1E, 0xF8, 0x00, 0xFF, 0x80, 0x03,
    0xF8, 0x00, 0x0F, 0x80, 0x00, 0x78, 0x00, 0x03, 0x80, 0x00, 0x3C, 0x00, 0x01, 0xE0, 0x00, 0x0E,
    0x00, 0x00, 0xF0, 0x00, 0x07, 0x80, 0x00, 0x3C, 0x00, 0x03, 0xC0, 0x00, 0x1E, 0x00, 0x00, 0xF0,
    0x00, 0x07, 0x00, 0x00, 0x38, 0x00, 0x03, 0xC0, 0x00, 0x0C, 0x00, 0x00, 0x00, 0x00, 0x00, 0x00,
    0x00, 0x00, 0x00, 0x1F, 0x00, 0x03, 0xFC, 0x00, 0x3F, 0xE0, 0x03, 0xE7, 0x00, 0x3E, 0x38, 0x01,
    0xE1, 0xC0, 0x1E, 0x1E, 0x01, 0xE0, 0xF0, 0x0F, 0x0F, 0x00, 0xF0, 0xF8, 0x07, 0x8F, 0x80, 0x38,
    0xF8, 0x03, 0xCF, 0x80, 0x1C, 0x78, 0x01, 0xE7, 0x80, 0x0F, 0x3C, 0x00, 0x71, 0xE0, 0x07, 0x87,
    0x80, 0x3C, 0x1E, 0x01, 0xC0, 0xF0, 0x1E, 0x03, 0x80, 0xF0, 0x1E, 0x07, 0x80, 0xF0, 0x39, 0xFF,
    0x03, 0xCF, 0xF8, 0x1E, 0x7F, 0x80, 0xF0, 0xF8, 0x07, 0x00, 0x00, 0x78, 0x00, 0x03, 0xC0, 0x00,
    0x1E, 0x00, 0x00, 0xF0, 0x00, 0x07, 0x80, 0x00, 0x38, 0x00, 0x01, 0xC0, 0x00, 0x0E, 0x00, 0x00,
    0x30, 0x00, 0x00, 0x00, 0x18, 0x00, 0x07, 0x80, 0x00, 0x70, 0x00, 0x0F, 0x00, 0x00, 0xE0, 0x00,
    0x1C, 0x00, 0x01, 0x80, 0x00, 0x20, 0x00, 0x00, 0x00, 0x0F, 0x00, 0x03, 0xF0, 0x00, 0xFF, 0x00,
    0x3E, 0xF0, 0x0F, 0x9F, 0x01, 0xE3, 0xC0, 0x78, 0x78, 0x1E, 0x1F, 0x03, 0xC7, 0xE0, 0xF1, 0xFC,
    0x1E, 0x7F, 0x87, 0xBE, 0x78, 0xFF, 0x8F, 0xDF, 0xE0, 0xF9, 0xF8, 0x0F, 0x1C, 0x00, 0x00, 0x00,
    0x00, 0x00, 0x00, 0x60, 0x00, 0x0F, 0x00, 0x01, 0xF0, 0x00, 0x3E, 0x00, 0x03, 0xC0, 0x00, 0x70,
    0x00, 0x03, 0x00, 0x00, 0x00, 0x00, 0x00, 0x00, 0x07, 0x80, 0x00, 0xFC, 0x00, 0x1F, 0xE0, 0x03,
    0xEF, 0x00, 0x7C, 0xF8, 0x07, 0x8F, 0x00, 0xF0, 0xF0, 0x1E, 0x1F, 0x01, 0xE3, 0xF0, 0x3C, 0x7F,
    0x03, 0xCF, 0xF0, 0x7B, 0xE7, 0x87, 0xFC, 0x7E, 0x7F, 0x83, 0xE3, 0xF0, 0x1E, 0x1C, 0x00, 0x00,
    0x00, 0x00, 0x00, 0x06, 0x00, 0x01, 0xE0, 0x00, 0xFE, 0x00, 0x3F, 0xE0, 0x07, 0x1C, 0x00, 0xC1,
    0x80, 0x00, 0x00, 0x00, 0x00, 0x00, 0x78, 0x00, 0x1F, 0x80, 0x07, 0xF8, 0x01, 0xF7, 0x80, 0x7C,
    0xF8, 0x0F, 0x1E, 0x03, 0xC3, 0xC0, 0xF0, 0xF8, 0x1E, 0x3F, 0x07, 0x8F, 0xE0, 0xF3, 0xFC, 0x3D,
    0xF3, 0xC7, 0xFC, 0x7E, 0xFF, 0x07, 0xCF, 0xC0, 0x78, 0xE0, 0x00, 0x00, 0x00, 0x00, 0x00, 0x00,
    0x00, 0x03, 0xC1, 0x80, 0x3F, 0xBC, 0x01, 0xFF, 0xE0, 0x0C, 0x7E, 0x00, 0x01, 0xC0, 0x00, 0x00,
    0x00, 0x0F, 0x00, 0x00, 0xFC, 0x00, 0x0F, 0xF0, 0x00, 0xFB, 0xC0, 0x0F, 0x9F, 0x00, 0x78, 0xF0,
    0x07, 0x87, 0x80, 0x78, 0x7C, 0x03, 0xC7, 0xE0, 0x3C, 0x7F, 0x01, 0xE7, 0xF8, 0x1E, 0xF9, 0xE0,
    0xFF, 0x8F, 0xC7, 0xF8, 0x3E, 0x1F, 0x80, 0xF0, 0x70, 0x00, 0x00, 0x00, 0x00, 0x00, 0x00, 0x00,
    0x01, 0x86, 0x00, 0x38, 0xF0, 0x07, 0xDF, 0x00, 0x79, 0xE0, 0x03, 0x0C, 0x00, 0x00, 0x00, 0x00,
    0x00, 0x00, 0x78, 0x00, 0x0F, 0xC0, 0x01, 0xFE, 0x00, 0x3E, 0xF0, 0x07, 0xCF, 0x80, 0x78, 0xF0,
    0x0F, 0x0F, 0x01, 0xE1, 0xF0, 0x1E, 0x3F, 0x03, 0xC7, 0xF0, 0x3C, 0xFF, 0x07, 0xBE, 0x78, 0x7F,
    0xC7, 0xE7, 0xF8, 0x3E, 0x3F, 0x01, 0xE1, 0xC0, 0x00, 0x00, 0x00, 0x00, 0x00, 0x07, 0x00, 0x01,
    0xF0, 0x00, 0x77, 0x00, 0x0C, 0xE0, 0x01, 0xD8, 0x00, 0x3F, 0x00, 0x03, 0xC0, 0x00, 0x00, 0x00,
    0xF0, 0x00, 0x3F, 0x00, 0x0F, 0xF0, 0x03, 0xEF, 0x00, 0x78, 0xF0, 0x1E, 0x1C, 0x07, 0x87, 0x81,
    0xF1, 0xF0, 0x3C, 0x7E, 0x0F, 0x1F, 0xC1, 0xE7, 0xF8, 0x39, 0xF7, 0x8F, 0xFC, 0x7D, 0xFE, 0x0F,
    0xDF, 0x80, 0xF1, 0xC0, 0x00, 0x00, 0x00, 0x00, 0x00, 0x00, 0x00, 0x00, 0x7C, 0x3F, 0x80, 0x7F,
    0x3F, 0xC0, 0x7F, 0xFF, 0xF0, 0x7D, 0xFE, 0x38, 0x3C, 0x7E, 0x3C, 0x3C, 0x3E, 0x3C, 0x3C, 0x3F,
    0xFC, 0x1E, 0x3F, 0xFC, 0x1E, 0x3F, 0xBC, 0x0E, 0x3F, 0x80, 0x0F, 0x3D, 0xC0, 0x07, 0xFE, 0xE0,
    0xC3, 0xFE, 0x78, 0xF1, 0xFC, 0x3F, 0xF0, 0xFC, 0x0F, 0xF0, 0x18, 0x03, 0xE0, 0x00, 0x00, 0x20,
    0x03, 0xF0, 0x0F, 0xF0, 0x3F, 0xE0, 0x79, 0xC1, 0xE3, 0x87, 0x8F, 0x0F, 0x0C, 0x1C, 0x00, 0x78,
    0x00, 0xF0, 0x31, 0xE0, 0xF3, 0x83, 0xC7, 0x1F, 0x0F, 0xFC, 0x1F, 0xF0, 0x1F, 0x80, 0x3C, 0x00,
    0x38, 0x00, 0x78, 0x00, 0x70, 0x00, 0x70, 0x18, 0xE0, 0x3F, 0xC0, 0x7F, 0x00, 0x00, 0x00, 0x01,
    0x80, 0x1E, 0x00, 0xF0, 0x03, 0x80, 0x1E, 0x00, 0x70, 0x01, 0x80, 0x08, 0x00, 0x00, 0x1F, 0x01,
    0xFC, 0x1F, 0xF1, 0xE3, 0x9E, 0x1C, 0xE1, 0xCF, 0xFE, 0x7F, 0xE3, 0xFE, 0x3C, 0x01, 0xE0, 0x0F,
    0x06, 0x78, 0xF1, 0xFF, 0x0F, 0xF0, 0x3F, 0x00, 0x00, 0x00, 0x00, 0x06, 0x00, 0x0E, 0x00, 0x1E,
    0x00, 0x3C, 0x00, 0x78, 0x00, 0x70, 0x00, 0x60, 0x00, 0x00, 0x00, 0x00, 0x03, 0xE0, 0x07, 0xF0,
    0x0F, 0xF8, 0x1E, 0x38, 0x3C, 0x38, 0x38, 0x70, 0x7F, 0xF0, 0x7F, 0xE0, 0x7F, 0xC0, 0xF0, 0x00,
    0xF0, 0x00, 0xF0, 0x60, 0xF1, 0xE0, 0x7F, 0xC0, 0x7F, 0x80, 0x3F, 0x00, 0x00, 0x00, 0x00, 0x60,
    0x01, 0xE0, 0x0F, 0xE0, 0x3F, 0xE0, 0x71, 0xC1, 0xC1, 0x80, 0x00, 0x00, 0x00, 0x03, 0xE0, 0x0F,
    0xE0, 0x3F, 0xE0, 0xF1, 0xC3, 0xC3, 0x87, 0x0E, 0x1F, 0xFC, 0x3F, 0xF0, 0x7F, 0xC1, 0xE0, 0x03,
    0xC0, 0x07, 0x83, 0x0F, 0x1E, 0x0F, 0xF8, 0x1F, 0xE0, 0x1F, 0x80, 0x00, 0x00, 0x00, 0x00, 0x03,
    0x0E, 0x07, 0x9E, 0x07, 0x9E, 0x07, 0x9E, 0x07, 0x1C, 0x00, 0x00, 0x00, 0x00, 0x03, 0xE0, 0x07,
    0xF0, 0x0F, 0xF8, 0x1E, 0x38, 0x3C, 0x38, 0x38, 0x70, 0x7F, 0xF0, 0x7F, 0xE0, 0x7F, 0xC0, 0xF0,
    0x00, 0xF0, 0x00, 0xF0, 0x60, 0xF1, 0xE0, 0x7F, 0xC0, 0x7F, 0x80, 0x3F, 0x00, 0x00, 0x00, 0x00,
    0x0C, 0x1C, 0x1E, 0x0E, 0x0F, 0x07, 0x06, 0x00, 0x00, 0x00, 0x00, 0x00, 0x18, 0x1C, 0x3C, 0x3C,
    0x38, 0x78, 0x78, 0xF0, 0xF0, 0xF0, 0xF0, 0xE0, 0x60, 0x00, 0x00, 0x60, 0x0E, 0x01, 0xE0, 0x3E,
    0x07, 0x80, 0x70, 0x02, 0x00, 0x00, 0x00, 0x00, 0x00, 0x00, 0x00, 0x00, 0x18, 0x01, 0xC0, 0x3C,
    0x03, 0xC0, 0x38, 0x07, 0x80, 0x78, 0x0F, 0x00, 0xF0, 0x0F, 0x00, 0xF0, 0x0E, 0x00, 0x60, 0x00,
    0x00, 0x03, 0x00, 0xF8, 0x1F, 0xC3, 0xFE, 0x78, 0xE7, 0x06, 0x00, 0x00, 0x00, 0x00, 0x00, 0x00,
    0x00, 0x01, 0x80, 0x1C, 0x03, 0xC0, 0x3C, 0x03, 0x80, 0x78, 0x07, 0x80, 0xF0, 0x0F, 0x00, 0xF0,
    0x0F, 0x00, 0xE0, 0x06, 0x00, 0x00, 0x00, 0x00, 0x01, 0x86, 0x3C, 0xF7, 0xDF, 0x79, 0xE3, 0x0C,
    0x00, 0x00, 0x00, 0x00, 0x00, 0x00, 0x00, 0x01, 0x80, 0x1C, 0x03, 0xC0, 0x3C, 0x03, 0x80, 0x78,
    0x07, 0x80, 0xF0, 0x0F, 0x00, 0xF0, 0x0F, 0x00, 0xE0, 0x06, 0x00, 0x00, 0x00, 0x00, 0x00, 0x00,
    0x07, 0x80, 0x00, 0xFC, 0x70, 0x1F, 0xFF, 0x01, 0x8F, 0xE0, 0x00, 0x78, 0x00, 0x00, 0x00, 0x00,
    0x00, 0x06, 0x00, 0x00, 0xF0, 0x00, 0x0F, 0x04, 0x00, 0xF1, 0xE0, 0x1F, 0x3F, 0x01, 0xE7, 0xF0,
    0x1F, 0xFF, 0x03, 0xFE, 0x70, 0x3F, 0xC7, 0x07, 0xF0, 0x70, 0x7E, 0x07, 0x07, 0xC0, 0x70, 0x78,
    0x07, 0x83, 0x00, 0x78, 0x00, 0x00, 0x00, 0x00, 0x00, 0x01, 0xC0, 0x03, 0x80, 0x07, 0x80, 0x07,
    0x00, 0x0E, 0x00, 0x0E, 0x00, 0x18, 0x00, 0x00, 0x00, 0x00, 0x03, 0xC0, 0x1F, 0xC0, 0x7F, 0xC1,
    0xFF, 0x87, 0xC7, 0x0F, 0x0E, 0x3C, 0x3C, 0xF8, 0x79, 0xE1, 0xE3, 0xC3, 0xC7, 0x0F, 0x0E, 0x3E,
    0x1F, 0xF8, 0x3F, 0xE0, 0x3F, 0x00, 0x7C, 0x00, 0x00, 0x03, 0x00, 0x03, 0xC0, 0x03, 0xE0, 0x03,
    0xE0, 0x01, 0xE0, 0x00, 0xE0, 0x00, 0x60, 0x00, 0x00, 0x00, 0x00, 0x00, 0x78, 0x00, 0xFE, 0x00,
    0xFF, 0x80, 0xFF, 0xC0, 0xF8, 0xE0, 0x78, 0x70, 0x78, 0x78, 0x7C, 0x3C, 0x3C, 0x3C, 0x1E, 0x1E,
    0x0E, 0x1E, 0x07, 0x1F, 0x03, 0xFF, 0x01, 0xFF, 0x00, 0x7E, 0x00, 0x3E, 0x00, 0x00, 0x00, 0x00,
    0x00, 0x30, 0x00, 0xF8, 0x01, 0xFC, 0x03, 0xCE, 0x03, 0x87, 0x03, 0x02, 0x00, 0x00, 0x00, 0x00,
    0x00, 0xF0, 0x03, 0xF8, 0x07, 0xFC, 0x0F, 0xFC, 0x1F, 0x1C, 0x1E, 0x1C, 0x3C, 0x3C, 0x7C, 0x3C,
    0x78, 0x78, 0x78, 0x78, 0x70, 0xF0, 0x71, 0xF0, 0x7F, 0xE0, 0x7F, 0xC0, 0x3F, 0x00, 0x3E, 0x00,
    0x00, 0x80, 0x00, 0xF8, 0x20, 0x7F, 0x7C, 0x1D, 0xFE, 0x06, 0x3F, 0x00, 0x07, 0x00, 0x00, 0x00,
    0x03, 0xC0, 0x03, 0xF8, 0x01, 0xFF, 0x00, 0xFF, 0xC0, 0x7C, 0x70, 0x1E, 0x1C, 0x0F, 0x0F, 0x07,
    0xC3, 0xC1, 0xE1, 0xE0, 0x78, 0x78, 0x1C, 0x3C, 0x07, 0x1F, 0x01, 0xFF, 0x80, 0x7F, 0xC0, 0x0F,
    0xC0, 0x03, 0xE0, 0x00, 0x00, 0x00, 0x00, 0x61, 0x80, 0x79, 0xE0, 0x7C, 0xF0, 0x3C, 0x70, 0x0C,
    0x30, 0x00, 0x00, 0x00, 0x00, 0x00, 0xF0, 0x01, 0xFC, 0x01, 0xFF, 0x01, 0xFF, 0x81, 0xF1, 0xC0,
    0xF0, 0xE0, 0xF0, 0xF0, 0xF8, 0x78, 0x78, 0x78, 0x3C, 0x3C, 0x1C, 0x3C, 0x0E, 0x3E, 0x07, 0xFE,
    0x03, 0xFE, 0x00, 0xFC, 0x00, 0x7C, 0x00, 0x00, 0x00, 0x00, 0x3C, 0x30, 0x1F, 0xD8, 0x0F, 0xFE,
    0x07, 0xCE, 0x03, 0xE7, 0x80, 0xF3, 0xE0, 0x7B, 0xF8, 0x1D, 0xDE, 0x0F, 0xE7, 0x03, 0xF3, 0xC0,
    0xF9, 0xE0, 0x3C, 0xF8, 0x0E, 0x7C, 0x07, 0xFE, 0x01, 0xFF, 0x00, 0xCF, 0x00, 0x00, 0x00, 0x00,
    0x00, 0x80, 0x03, 0x80, 0x07, 0x00, 0x0F, 0x00, 0x0E, 0x00, 0x1C, 0x00, 0x18, 0x00, 0x30, 0x00,
    0x00, 0x00, 0x00, 0x30, 0x00, 0x70, 0xE1, 0xE3, 0xC3, 0xC7, 0x8F, 0x0F, 0x1E, 0x1E, 0x38, 0x78,
    0xF0, 0xF1, 0xE3, 0xC3, 0x87, 0x87, 0x1F, 0x0F, 0xFE, 0x1F, 0xFC, 0x1F, 0x3C, 0x1C, 0x38, 0x00,
    0x70, 0x00, 0x00, 0x00, 0x0C, 0x00, 0x38, 0x00, 0xF0, 0x03, 0xE0, 0x0F, 0x00, 0x1C, 0x00, 0x10,
    0x00, 0x00, 0x00, 0x00, 0x00, 0x00, 0x30, 0x00, 0x70, 0xE1, 0xE3, 0xC3, 0xC7, 0x8F, 0x0F, 0x1E,
    0x1E, 0x38, 0x78, 0xF0, 0xF1, 0xE3, 0xC3, 0x87, 0x87, 0x1F, 0x0F, 0xFE, 0x1F, 0xFC, 0x1F, 0x3C,
    0x1C, 0x38, 0x00, 0x70, 0x00, 0x00, 0x00, 0x00, 0x00, 0x70, 0x00, 0xFC, 0x01, 0xFC, 0x03, 0xCE,
    0x03, 0x87, 0x02, 0x02, 0x00, 0x00, 0x00, 0x00, 0x0C, 0x00, 0x0E, 0x1C, 0x1E, 0x3C, 0x1E, 0x3C,
    0x3C, 0x3C, 0x3C, 0x3C, 0x38, 0x78, 0x78, 0x78, 0x78, 0xF0, 0x70, 0xF0, 0x71, 0xF0, 0x7F, 0xF0,
    0x7F, 0xF0, 0x3E, 0x78, 0x1C, 0x38, 0x00, 0x38, 0x00, 0x00, 0x00, 0x00, 0x00, 0xE3, 0x80, 0xF3,
    0xC0, 0x79, 0xE0, 0x3C, 0xF0, 0x1C, 0x70, 0x00, 0x00, 0x00, 0x00, 0x00, 0x00, 0x06, 0x00, 0x03,
    0x87, 0x03, 0xC7, 0x81, 0xE3, 0xC1, 0xE1, 0xE0, 0xF0, 0xF0, 0x70, 0xF0, 0x78, 0x78, 0x3C, 0x78,
    0x1C, 0x3C, 0x0E, 0x3E, 0x07, 0xFF, 0x03, 0xFF, 0x80, 0xF9, 0xE0, 0x38, 0x70, 0x00, 0x38, 0x00,
    0x00, 0x00, 0x00, 0x00, 0x18, 0x00, 0x00, 0xE0, 0x00, 0x07, 0x80, 0x00, 0x3C, 0x00, 0x01, 0xE0,
    0x00, 0x07, 0x00, 0x00, 0x18, 0x00, 0x00, 0x00, 0x00, 0x60, 0x00, 0x03, 0x80, 0xC0, 0x0E, 0x07,
    0x00, 0x38, 0x1C, 0x00, 0xF0, 0xF0, 0x03, 0xC3, 0xC0, 0x0F, 0x1E, 0x00, 0x3C, 0x78, 0x00, 0xF3,
    0xC0, 0x03, 0xCF, 0x00, 0x0F, 0x38, 0x00, 0x3D, 0xE0, 0x00, 0x7F, 0x00, 0x01, 0xFC, 0x00, 0x03,
    0xE0, 0x00, 0x07, 0x80, 0x00, 0x1E, 0x00, 0x00, 0xF0, 0x00, 0x07, 0x80, 0x00, 0x1E, 0x00, 0x00,
    0xF0, 0x00, 0x07, 0xC0, 0x07, 0x3E, 0x00, 0x3F, 0xF0, 0x00, 0x7F, 0x00, 0x00, 0x70, 0x00, 0x00,
    0x00, 0x00, 0x00, 0x03, 0x06, 0x00, 0x70, 0x70, 0x07, 0x0E, 0x00, 0x79, 0xE0, 0x03, 0xFC, 0x00,
    0x1F, 0x80, 0x00, 0x00, 0x00, 0x00, 0x00, 0x07, 0x80, 0x00, 0xFC, 0x00, 0x1F, 0xE0, 0x03, 0xEF,
    0x00, 0x7C, 0xF8, 0x07, 0x8F, 0x00, 0xF0, 0xF0, 0x1E, 0x1F, 0x01, 0xE3, 0xF0, 0x3C, 0x7F, 0x03,
    0xCF, 0xF0, 0x7B, 0xE7, 0x87, 0xFC, 0x7E, 0x7F, 0x83, 0xE3, 0xF0, 0x1E, 0x1C, 0x00, 0x00, 0x00,
    0x00, 0x00, 0x78, 0x00, 0x0F, 0xC0, 0x01, 0xFE, 0x00, 0x3E, 0xF0, 0x07, 0xCF, 0x80, 0x78, 0xF0,
    0x0F, 0x0F, 0x01, 0xE1, 0xF0, 0x1E, 0x3F, 0x03, 0xC7, 0xF0, 0x3C, 0xFF, 0x07, 0xBE, 0x78, 0x7F,
    0xC7, 0xE7, 0xF8, 0x3E, 0x3F, 0x03, 0xE1, 0xC0, 0x78, 0x00, 0x0F, 0x00, 0x00, 0xE0, 0x00, 0x1C,
    0x00, 0x01, 0xCE, 0x00, 0x1F, 0xE0, 0x01, 0xF8, 0x00, 0x06, 0x00, 0x00, 0x03, 0x00, 0x03, 0xC0,
    0x03, 0xE0, 0x03, 0xE0, 0x01, 0xE0, 0x00, 0xE0, 0x00, 0x60, 0x00, 0x00, 0x01, 0xE0, 0x01, 0xF8,
    0x01, 0xFE, 0x01, 0xF7, 0x01, 0xE3, 0x80, 0xF1, 0xC0, 0xF1, 0xC0, 0x78, 0x40, 0x38, 0x00, 0x3C,
    0x00, 0x1E, 0x06, 0x0E, 0x07, 0x07, 0x0F, 0x83, 0xDF, 0x81, 0xFF, 0x80, 0x7F, 0x00, 0x1E, 0x00,
    0x00, 0x00, 0x00, 0x00, 0x00, 0x00, 0x00, 0x0C, 0x18, 0x00, 0x3C, 0x70, 0x00, 0x3F, 0xE0, 0x00,
    0x3F, 0x80, 0x00, 0x3E, 0x00, 0x00, 0x30, 0x00, 0x00, 0x00, 0x00, 0x07, 0xC0, 0x00, 0x3F, 0xC0,
    0x00, 0xFF, 0xC0, 0x03, 0xF7, 0x80, 0x0F, 0x8F, 0x00, 0x3E, 0x1E, 0x00, 0xF8, 0x3C, 0x01, 0xE0,
    0xF8, 0x07, 0xC1, 0xE0, 0x1F, 0x07, 0xC0, 0x3C, 0x0F, 0x00, 0xF0, 0x1C, 0x01, 0xE0, 0x00, 0x07,
    0x80, 0x00, 0x0F, 0x00, 0x00, 0x3C, 0x00, 0x00, 0x78, 0x00, 0x00, 0xF0, 0x00, 0x03, 0xC0, 0x00,
    0x07, 0x80, 0x00, 0x0F, 0x00, 0x00, 0x1E, 0x00, 0x00, 0x3C, 0x00, 0x00, 0x78, 0x00, 0x00, 0xF0,
    0x03, 0x81, 0xE0, 0x0F, 0x03, 0xC0, 0x7C, 0x07, 0xC7, 0xF0, 0x07, 0xFF, 0x80, 0x0F, 0xFE, 0x00,
    0x0F, 0xF0, 0x00, 0x07, 0x00, 0x00, 0x00, 0x80, 0x00, 0xE1, 0xC0, 0x79, 0xE0, 0x1F, 0xE0, 0x07,
    0xE0, 0x01, 0xC0, 0x00, 0x00, 0x00, 0x00, 0x01, 0xE0, 0x01, 0xF8, 0x01, 0xFE, 0x01, 0xF7, 0x01,
    0xE3, 0x80, 0xF1, 0xC0, 0xF1, 0xC0, 0x78, 0x40, 0x38, 0x00, 0x3C, 0x00, 0x1E, 0x06, 0x0E, 0x07,
    0x07, 0x0F, 0x83, 0xDF, 0x81, 0xFF, 0x80, 0x7F, 0x00, 0x1E, 0x00, 0x00, 0x00, 0x00, 0x00, 0x00,
    0x00, 0x00, 0x00, 0x03, 0x06, 0x00, 0x00, 0x78, 0xE0, 0x00, 0x03, 0xFE, 0x00, 0x00, 0x1F, 0xC0,
    0x00, 0x00, 0xF0, 0x00, 0x00, 0x06, 0x00, 0x07, 0xF0, 0x00, 0x01, 0xFF, 0xE0, 0x00, 0x1F, 0xFF,
    0x80, 0x00, 0xFF, 0xFC, 0x00, 0x03, 0xC7, 0xE0, 0x00, 0x3C, 0x1F, 0x00, 0x03, 0x80, 0xF8, 0x00,
    0x78, 0x07, 0x80, 0x07, 0x80, 0x3C, 0x00, 0x70, 0x03, 0xC0, 0x0F, 0x00, 0x3C, 0x00, 0xE0, 0x01,
    0xE0, 0x0E, 0x00, 0x1E, 0x01, 0xE0, 0x01, 0xE0, 0x1C, 0x00, 0x1C, 0x01, 0xC0, 0x01, 0xC0, 0x3C,
    0x00, 0x3C, 0x03, 0x80, 0x03, 0xC0, 0x38, 0x00, 0x38, 0x07, 0x80, 0x07, 0x80, 0x70, 0x00, 0x78,
    0x07, 0x00, 0x0F, 0x00, 0xF0, 0x00, 0xF0, 0x0E, 0x00, 0x1E, 0x00, 0xE0, 0x03, 0xE0, 0x1E, 0x00,
    0x7C, 0x01, 0xE0, 0x0F, 0x80, 0x1E, 0x01, 0xF0, 0x01, 0xC0, 0x7E, 0x00, 0x7C, 0x0F, 0xC0, 0x07,
    0xC3, 0xF8, 0x00, 0x7F, 0xFF, 0x00, 0x03, 0xFF, 0xC0, 0x00, 0x1F, 0xF0, 0x00, 0x00, 0x00, 0x00,
    0x00, 0x00, 0x00, 0x40, 0x00, 0x00, 0xE0, 0x00, 0x01, 0xE3, 0x00, 0x01, 0xE7, 0x00, 0x01, 0xE7,
    0x00, 0x03, 0xC7, 0x00, 0x03, 0xCE, 0x00, 0x07, 0x9E, 0x00, 0x07, 0xBC, 0x00, 0x07, 0x90, 0x00,
    0x0F, 0x00, 0x00, 0x0F, 0x00, 0x00, 0x0F, 0x00, 0x03, 0xCE, 0x00, 0x07, 0xFE, 0x00, 0x0F, 0xFE,
    0x00, 0x1E, 0x3C, 0x00, 0x3C, 0x3C, 0x00, 0x38, 0x3C, 0x00, 0x78, 0x3C, 0x00, 0x70, 0x7C, 0x00,
    0x71, 0xFC, 0x00, 0xF3, 0xFC, 0x00, 0xFF, 0xFC, 0x00, 0x7F, 0xBC, 0x00, 0x7E, 0x3C, 0x00, 0x3C,
    0x3C, 0x00, 0x00, 0x3C, 0x00, 0x00, 0x18, 0x00, 0x00, 0xFF, 0x00, 0x00, 0x7F, 0xF8, 0x00, 0x1F,
    0xFF, 0x80, 0x01, 0xF3, 0xF0, 0x00, 0x38, 0x3E, 0x00, 0x1E, 0x07, 0xC0, 0x07, 0x80, 0xF8, 0x01,
    0xC0, 0x1E, 0x00, 0xF0, 0x03, 0x80, 0x3C, 0x00, 0xF0, 0x0E, 0x00, 0x3C, 0x07, 0x80, 0x0F, 0x01,
    0xE0, 0x03, 0xC0, 0x70, 0x00, 0xF0, 0x3F, 0x00, 0x3C, 0x7F, 0xE0, 0x0F, 0x1F, 0xF8, 0x03, 0x81,
    0xE0, 0x01, 0xE0, 0x78, 0x00, 0x78, 0x1C, 0x00, 0x1E, 0x0F, 0x00, 0x0F, 0x03, 0x80, 0x03, 0xC0,
    0xE0, 0x01, 0xE0, 0x78, 0x00, 0x78, 0x1E, 0x00, 0x3C, 0x07, 0x80, 0x1E, 0x01, 0xC0, 0x1F, 0x00,
    0x70, 0x0F, 0xC0, 0x1C, 0x07, 0xE0, 0x1E, 0x07, 0xE0, 0x07, 0x8F, 0xF0, 0x01, 0xFF, 0xF8, 0x00,
    0x3F, 0xF8, 0x00, 0x07, 0xF0, 0x00, 0x00, 0x00, 0x00, 0x40, 0x00, 0x07, 0x00, 0x00, 0x3C, 0x00,
    0x03, 0xC0, 0x00, 0x1E, 0x00, 0x07, 0xF0, 0x01, 0xFF, 0xC0, 0x07, 0xFC, 0x00, 0x07, 0x80, 0x00,
    0x3C, 0x00, 0x03, 0xC0, 0x00, 0x1E, 0x00, 0x00, 0xF0, 0x01, 0xE7, 0x00, 0x1F, 0xF8, 0x01, 0xFF,
    0xC0, 0x1E, 0x3C, 0x01, 0xE1, 0xE0, 0x0E, 0x0F, 0x00, 0xF0, 0x78, 0x07, 0x07, 0xC0, 0x38, 0xFE,
    0x03, 0xCF, 0xF0, 0x1F, 0xFF, 0x80, 0x7F, 0x3C, 0x03, 0xF1, 0xE0, 0x0F, 0x0F, 0x00, 0x00, 0x78,
    0x00, 0x01, 0x80, 0x00, 0x00, 0x00, 0x06, 0x00, 0x00, 0x07, 0x00, 0x00, 0x07, 0xC0, 0x00, 0x03,
    0xC0, 0x00, 0x01, 0xC0, 0x00, 0x00, 0x40, 0x00, 0x00, 0x00, 0x00, 0x00, 0x00, 0x00, 0x00, 0x7F,
    0x00, 0x0F, 0xFF, 0x80, 0x0F, 0xFF, 0xC0, 0x0F, 0xFE, 0x00, 0x0F, 0xE0, 0x00, 0x07, 0x80, 0x00,
    0x07, 0xC0, 0x00, 0x03, 0xC0, 0x00, 0x03, 0xC0, 0x00, 0x01, 0xE0, 0x00, 0x01, 0xE0, 0x00, 0x00,
    0xE0, 0x1C, 0x00, 0xF0, 0xFF, 0x00, 0xFF, 0xFF, 0x80, 0x7F, 0xFF, 0x00, 0x7F, 0xF8, 0x00, 0x3F,
    0xC0, 0x00, 0x3C, 0x00, 0x00, 0x1E, 0x00, 0x00, 0x0E, 0x00, 0x00, 0x07, 0x00, 0x00, 0x03, 0x80,
    0x00, 0x01, 0xC0, 0x01, 0xE0, 0xF0, 0x01, 0xE0, 0x78, 0x03, 0xF0, 0x1F, 0x1F, 0xF0, 0x0F, 0xFF,
    0xE0, 0x01, 0xFF, 0xE0, 0x00, 0x7F, 0x80, 0x00, 0x00, 0x00, 0x00, 0xC0, 0x07, 0x80, 0x1E, 0x00,
    0xF8, 0x01, 0xC0, 0x00, 0x00, 0x00, 0x03, 0xE0, 0x1F, 0xC0, 0xFF, 0x87, 0x8E, 0x3C, 0x38, 0xE1,
    0xC7, 0xFF, 0x1F, 0xF8, 0x7F, 0xC3, 0xC0, 0x0F, 0x00, 0x3C, 0x18, 0xF1, 0xE1, 0xFF, 0x07, 0xF8,
    0x0F, 0xC0, 0x00, 0x00, 0x00, 0x00, 0x00, 0x00, 0x00, 0x3F, 0x80, 0x07, 0xFF, 0xC0, 0x07, 0xFF,
    0xE0, 0x07, 0xFF, 0x00, 0x07, 0xF0, 0x00, 0x03, 0xC0, 0x00, 0x03, 0xE0, 0x00, 0x01, 0xE0, 0x00,
    0x01, 0xE0, 0x00, 0x00, 0xF0, 0x00, 0x00, 0xF0, 0x00, 0x00, 0x70, 0x0E, 0x00, 0x78, 0x7F, 0x80,
    0x7F, 0xFF, 0xC0, 0x3F, 0xFF, 0x80, 0x3F, 0xFC, 0x00, 0x1F, 0xE0, 0x00, 0x1E, 0x00, 0x00, 0x0F,
    0x00, 0x00, 0x07, 0x00, 0x00, 0x03, 0x80, 0x00, 0x01, 0xC0, 0x00, 0x00, 0xE0, 0x00, 0xF0, 0x78,
    0x00, 0xF0, 0x3C, 0x01, 0xF8, 0x0F, 0x8F, 0xF8, 0x07, 0xFF, 0xF8, 0x00, 0xFF, 0xF8, 0x00, 0x3F,
    0xF0, 0x00, 0x00, 0x70, 0x00, 0x00, 0x78, 0x00, 0x00, 0x38, 0xE0, 0x00, 0x1F, 0xE0, 0x00, 0x07,
    0xE0, 0x00, 0x01, 0xC0, 0x00, 0x00, 0x00, 0x00, 0x00, 0x00, 0x1F, 0x01, 0xFC, 0x1F, 0xF1, 0xE3,
    0x9E, 0x1C, 0xE1, 0xCF, 0xFE, 0x7F, 0xE3, 0xFE, 0x3C, 0x01, 0xE0, 0x0F, 0x06, 0x78, 0xF1, 0xFF,
    0x0F, 0xF0, 0x3F, 0x00, 0xE0, 0x0E, 0x00, 0xE0, 0x0E, 0x10, 0x73, 0xC3, 0xFC, 0x0F, 0x80, 0x30,
    0x00, 0x00, 0x00, 0x00, 0x00, 0x00, 0x30, 0x60, 0x00, 0x0E, 0x3C, 0x00, 0x03, 0xFE, 0x00, 0x00,
    0x7F, 0x00, 0x00, 0x0F, 0x80, 0x00, 0x01, 0x80, 0x00, 0x00, 0x00, 0x00, 0x00, 0x00, 0x00, 0x00,
    0x1F, 0xC0, 0x01, 0xFF, 0xF0, 0x00, 0xFF, 0xFC, 0x00, 0x7F, 0xF0, 0x00, 0x3F, 0x80, 0x00, 0x0F,
    0x00, 0x00, 0x07, 0xC0, 0x00, 0x01, 0xE0, 0x00, 0x00, 0xF0, 0x00, 0x00, 0x3C, 0x00, 0x00, 0x1E,
    0x00, 0x00, 0x07, 0x00, 0xE0, 0x03, 0xC3, 0xFC, 0x01, 0xFF, 0xFF, 0x00, 0x7F, 0xFF, 0x00, 0x3F,
    0xFC, 0x00, 0x0F, 0xF0, 0x00, 0x07, 0x80, 0x00, 0x01, 0xE0, 0x00, 0x00, 0x70, 0x00, 0x00, 0x1C,
    0x00, 0x00, 0x07, 0x00, 0x00, 0x01, 0xC0, 0x01, 0xE0, 0x78, 0x00, 0xF0, 0x1E, 0x00, 0xFC, 0x03,
    0xE3, 0xFE, 0x00, 0xFF, 0xFE, 0x00, 0x0F, 0xFF, 0x00, 0x01, 0xFE, 0x00, 0x00, 0x00, 0x00, 0x03,
    0x02, 0x03, 0x8F, 0x03, 0xDE, 0x01, 0xFC, 0x00, 0xF8, 0x00, 0x60, 0x00, 0x00, 0x00, 0x00, 0x03,
    0xE0, 0x07, 0xF0, 0x0F, 0xF8, 0x1E, 0x38, 0x3C, 0x38, 0x38, 0x70, 0x7F, 0xF0, 0x7F, 0xE0, 0x7F,
    0xC0, 0xF0, 0x00, 0xF0, 0x00, 0xF0, 0x60, 0xF1, 0xE0, 0x7F, 0xC0, 0x7F, 0x80, 0x3F, 0x00, 0x00,
    0x00, 0x00, 0x00, 0x00, 0x00, 0x03, 0x06, 0x00, 0x07, 0x06, 0x00, 0x07, 0x0E, 0x00, 0x07, 0x9E,
    0x00, 0x03, 0xFC, 0x00, 0x03, 0xF8, 0x00, 0x00, 0x60, 0x00, 0x00, 0x00, 0x00, 0x1F, 0xC0, 0x00,
    0x7F, 0xF0, 0x00, 0xFF, 0xF8, 0x00, 0xF8, 0xF8, 0x01, 0xF0, 0x38, 0x03, 0xE0, 0x00, 0x03, 0xC0,
    0x00, 0x07, 0x80, 0x00, 0x0F, 0x00, 0x00, 0x0F, 0x00, 0x00, 0x0E, 0x00, 0x00, 0x1E, 0x00, 0x00,
    0x1E, 0x00, 0x00, 0x3C, 0x00, 0x00, 0x3C, 0x3F, 0x80, 0x3C, 0x3F, 0xC0, 0x38, 0x3F, 0xC0, 0x78,
    0x01, 0xC0, 0x78, 0x01, 0xC0, 0x78, 0x03, 0xC0, 0x70, 0x03, 0xC0, 0x70, 0x03, 0xC0, 0xF0, 0x07,
    0x80, 0xF0, 0x0F, 0x00, 0xF0, 0x1F, 0x00, 0xF0, 0x3E, 0x00, 0x70, 0xFC, 0x00, 0x7F, 0xF8, 0x00,
    0x7F, 0xF0, 0x00, 0x3F, 0xC0, 0x00, 0x0E, 0x00, 0x00, 0x00, 0x40, 0x00, 0x38, 0x70, 0x0E, 0x1C,
    0x03, 0x8E, 0x00, 0xFF, 0x80, 0x1F, 0xC0, 0x03, 0xC0, 0x00, 0x00, 0x00, 0x70, 0x00, 0x7E, 0x00,
    0x3F, 0xC0, 0x1F, 0xF8, 0x0F, 0x3E, 0x07, 0x8F, 0x81, 0xC3, 0xE0, 0xF0, 0xF0, 0x38, 0x7C, 0x0E,
    0x3E, 0x03, 0x9F, 0x80, 0xFF, 0xE0, 0x1F, 0xF8, 0x03, 0xDC, 0x00, 0x07, 0x00, 0x01, 0xC0, 0x00,
    0xE0, 0x00, 0x38, 0x00, 0x0E, 0x01, 0x87, 0x80, 0x71, 0xC0, 0x1E, 0xF0, 0x03, 0xF8, 0x00, 0xFE,
    0x00, 0x1F, 0x00, 0x00, 0x00, 0x00, 0x18, 0x03, 0xE0, 0xDF, 0xFF, 0xCF, 0xFC, 0x3E, 0x00, 0x40,
    0x00, 0x00, 0x00, 0x00, 0x00, 0x00, 0x06, 0x00, 0x38, 0x03, 0xC0, 0x1E, 0x00, 0xE0, 0x0F, 0x00,
    0x78, 0x07, 0x80, 0x3C, 0x01, 0xE0, 0x0F, 0x00, 0x70, 0x01, 0x80, 0x00, 0x00, 0x00, 0x00, 0x00,
    0x00, 0x03, 0xFE, 0x00, 0x7F, 0xFF, 0x01, 0xFF, 0xFE, 0x01, 0xFF, 0x80, 0x00, 0x0F, 0x00, 0x00,
    0x0F, 0x00, 0x00, 0x0F, 0x00, 0x00, 0x1E, 0x00, 0x00, 0x1E, 0x00, 0x00, 0x1E, 0x00, 0x00, 0x1C,
    0x00, 0x00, 0x3C, 0x00, 0x00, 0x3C, 0x00, 0x00, 0x38, 0x00, 0x00, 0x78, 0x00, 0x00, 0x78, 0x00,
    0x00, 0x70, 0x00, 0x00, 0xF0, 0x00, 0x00, 0xF0, 0x00, 0x00, 0xF0, 0x00, 0x01, 0xE0, 0x00, 0x01,
    0xE0, 0x00, 0x01, 0xE0, 0x00, 0x01, 0xC0, 0x00, 0x03, 0xC0, 0x00, 0x3F, 0xFF, 0x00, 0xFF, 0xFF,
    0x80, 0xFF, 0xFF, 0x00, 0x0F, 0x00, 0x00, 0x1E, 0x00, 0x00, 0x3C, 0x00, 0x00, 0x38, 0x00, 0x00,
    0x71, 0xC0, 0x00, 0x7F, 0xC0, 0x00, 0x3F, 0x00, 0x00, 0x1C, 0x00, 0x00, 0x00, 0x00, 0x00, 0x00,
    0x00, 0x00, 0x38, 0x00, 0x78, 0x01, 0xF0, 0x03, 0xC0, 0x07, 0x80, 0x04, 0x00, 0x00, 0x00, 0x00,
    0x00, 0x00, 0x00, 0x00, 0x03, 0x00, 0x07, 0x00, 0x1E, 0x00, 0x3C, 0x00, 0x70, 0x01, 0xE0, 0x03,
    0xC0, 0x0F, 0x00, 0x1E, 0x00, 0x3C, 0x00, 0x70, 0x01, 0xE0, 0x07, 0xC0, 0x1E, 0x00, 0x78, 0x01,
    0xE0, 0x03, 0x8C, 0x07, 0x38, 0x0F, 0xF0, 0x0F, 0x80, 0x08, 0x00, 0x00, 0x00, 0xE0, 0x00, 0x01,
    0xE0, 0x00, 0x01, 0xE0, 0x00, 0x01, 0xE0, 0x00, 0x01, 0xC0, 0x00, 0x00, 0x80, 0x00, 0x00, 0x00,
    0x00, 0x00, 0x00, 0x00, 0x00, 0x00, 0x00, 0x03, 0xFE, 0x00, 0x7F, 0xFF, 0x01, 0xFF, 0xFE, 0x01,
    0xFF, 0x80, 0x00, 0x0F, 0x00, 0x00, 0x0F, 0x00, 0x00, 0x0F, 0x00, 0x00, 0x1E, 0x00, 0x00, 0x1E,
    0x00, 0x00, 0x1E, 0x00, 0x00, 0x1C, 0x00, 0x00, 0x3C, 0x00, 0x00, 0x3C, 0x00, 0x00, 0x38, 0x00,
    0x00, 0x78, 0x00, 0x00, 0x78, 0x00, 0x00, 0x70, 0x00, 0x00, 0xF0, 0x00, 0x00, 0xF0, 0x00, 0x00,
    0xF0, 0x00, 0x01, 0xE0, 0x00, 0x01, 0xE0, 0x00, 0x01, 0xE0, 0x00, 0x01, 0xC0, 0x00, 0x03, 0xC0,
    0x00, 0x3F, 0xFF, 0x00, 0xFF, 0xFF, 0x80, 0xFF, 0xFF, 0x00, 0x03, 0x00, 0x00, 0x00, 0x00, 0x00,
    0x00, 0x30, 0x71, 0xE3, 0xC7, 0x1E, 0x3C, 0xF1, 0xE3, 0xC7, 0x8E, 0x0C, 0x00, 0x00, 0x00, 0x00,
    0x00, 0x06, 0x00, 0x0F, 0x00, 0x1E, 0x00, 0x3C, 0x00, 0x78, 0x00, 0x70, 0x00, 0x00, 0x00, 0x40,
    0x00, 0xE0, 0x00, 0xE0, 0x01, 0xE0, 0x01, 0xE0, 0x01, 0xC0, 0x03, 0xC0, 0x03, 0x80, 0x07, 0x80,
    0x07, 0x00, 0x07, 0x00, 0x0F, 0x00, 0x0E, 0x00, 0x1E, 0x00, 0x1C, 0x00, 0x1C, 0x00, 0x3C, 0x00,
    0x38, 0x00, 0x38, 0x00, 0x78, 0x00, 0x70, 0x00, 0x70, 0x00, 0xF0, 0x00, 0xF0, 0x00, 0xE0, 0x00,
    0xE0, 0x00, 0xE0, 0x00, 0x60, 0x00, 0x00, 0x00, 0x00, 0x08, 0x10, 0x01, 0xC1, 0xC0, 0x0F, 0x0E,
    0x00, 0xF0, 0x70, 0x0F, 0x07, 0x80, 0xF8, 0x78, 0x07, 0x83, 0x80, 0x7C, 0x38, 0x03, 0xC0, 0x00,
    0x3C, 0x00, 0x01, 0xE0, 0x00, 0x1E, 0x00, 0x00, 0xF0, 0x00, 0x07, 0x80, 0x00, 0x78, 0x00, 0x03,
    0xC0, 0x00, 0x3C, 0x00, 0x01, 0xE0, 0x00, 0x0E, 0x00, 0x00, 0xF0, 0x00, 0x07, 0x80, 0x00, 0x3C,
    0x00, 0x01, 0xC0, 0x00, 0x1E, 0x00, 0x00, 0xF0, 0x00, 0x07, 0x80, 0x00, 0x3C, 0x00, 0x00, 0xE0,
    0x0C, 0x07, 0xC7, 0xF0, 0x1F, 0xFF, 0x00, 0xFF, 0xE0, 0x01, 0xFC, 0x00, 0x00, 0xC0, 0x00, 0x70,
    0x80, 0x78, 0xE0, 0x3C, 0x70, 0x1E, 0x38, 0x1E, 0x3C, 0x0F, 0x3C, 0x07, 0x1C, 0x07, 0x9C, 0x03,
    0xC0, 0x01, 0xC0, 0x01, 0xE0, 0x00, 0xE0, 0x00, 0xF0, 0x00, 0x70, 0x00, 0x38, 0x00, 0x3C, 0x00,
    0x1C, 0x00, 0x0E, 0x00, 0x0F, 0x00, 0x07, 0x80, 0x03, 0x80, 0x03, 0xC0, 0x01, 0xE0, 0x00, 0xE0,
    0x00, 0x70, 0x00, 0x38, 0x00, 0x0C, 0x00, 0x00, 0x00, 0x00, 0x00, 0x02, 0x00, 0x00, 0xE0, 0x00,
    0x3C, 0x00, 0x0F, 0x80, 0x01, 0xE0, 0x00, 0x78, 0x00, 0x1F, 0x00, 0x03, 0xC0, 0x00, 0xF0, 0x00,
    0x1E, 0x00, 0x07, 0x80, 0x00, 0xF0, 0x00, 0x1C, 0x78, 0x07, 0xFE, 0x00, 0xFF, 0x80, 0x3F, 0xC0,
    0x0F, 0xE0, 0x03, 0xE0, 0x01, 0xFC, 0x00, 0x3F, 0x80, 0x00, 0xE0, 0x00, 0x3C, 0x00, 0x07, 0x80,
    0x00, 0xF0, 0x00, 0x1C, 0x00, 0x03, 0x80, 0x00, 0x70, 0x00, 0x0F, 0x00, 0xE0, 0xF1, 0xFC, 0x1F,
    0xFF, 0x01, 0xFF, 0xC0, 0x1F, 0xE0, 0x00, 0x10, 0x00, 0x70, 0x00, 0xE0, 0x03, 0xC0, 0x07, 0x80,
    0x0E, 0x00, 0x3C, 0x00, 0x70, 0x01, 0xE0, 0x03, 0xB8, 0x07, 0xF0, 0x1F, 0xC0, 0x3F, 0x00, 0xF8,
    0x03, 0xE0, 0x0F, 0x80, 0x3F, 0x00, 0xFC, 0x00, 0xB8, 0x00, 0xF0, 0x01, 0xC0, 0x03, 0x80, 0x0F,
    0x00, 0x1E, 0x00, 0x38, 0x00, 0x70, 0x00, 0xE0, 0x00, 0xC0, 0x00, 0x00, 0x00, 0x00, 0x00, 0xC0,
    0x00, 0x3C, 0x00, 0x0F, 0x80, 0x03, 0xE0, 0x00, 0x78, 0x00, 0x0E, 0x00, 0x01, 0x80, 0x00, 0x00,
    0x00, 0x00, 0x00, 0xC0, 0x00, 0x3C, 0x00, 0x07, 0x82, 0x00, 0xF1, 0xE0, 0x3E, 0x7E, 0x07, 0x9F,
    0xC0, 0xFF, 0xF8, 0x3F, 0xE7, 0x07, 0xF8, 0xE1, 0xFC, 0x1C, 0x3F, 0x03, 0x87, 0xC0, 0x70, 0xF0,
    0x0F, 0x0C, 0x01, 0xE0, 0x00, 0x00, 0x00, 0x20, 0x00, 0x07, 0x0E, 0x00, 0x79, 0xE0, 0x03, 0xFC,
    0x00, 0x1F, 0x80, 0x00, 0xE0, 0x00, 0x00, 0x00, 0x00, 0x00, 0x00, 0x00, 0x00, 0x60, 0x00, 0x0F,
    0x00, 0x00, 0xF0, 0x40, 0x0F, 0x1E, 0x01, 0xF3, 0xF0, 0x1E, 0x7F, 0x01, 0xFF, 0xF0, 0x3F, 0xE7,
    0x03, 0xFC, 0x70, 0x7F, 0x07, 0x07, 0xE0, 0x70, 0x7C, 0x07, 0x07, 0x80, 0x78, 0x30, 0x07, 0x80,
    0x00, 0x00, 0x00, 0x20, 0x80, 0x0E, 0x38, 0x03, 0xCF, 0x00, 0xF3, 0xE0, 0x3C, 0xF0, 0x07, 0x1C,
    0x00, 0xC1, 0x00, 0x00, 0x00, 0x00, 0x00, 0x00, 0x1E, 0x00, 0x0F, 0xE0, 0x03, 0xFE, 0x00, 0xFF,
    0xC0, 0x3E, 0x38, 0x0F, 0x87, 0x01, 0xE1, 0xE0, 0x7C, 0x38, 0x0F, 0x0F, 0x01, 0xE1, 0xE0, 0x78,
    0x78, 0x0F, 0x1E, 0x01, 0xFF, 0x80, 0x1F, 0xE0, 0x03, 0xF8, 0x00, 0x3E, 0x00, 0x00, 0x00, 0x01,
    0x00, 0x01, 0xE0, 0x00, 0xF8, 0x00, 0x3C, 0x00, 0x1E, 0x00, 0x07, 0x00, 0x01, 0x80, 0x00, 0x00,
    0x07, 0x00, 0x01, 0xC0, 0x00, 0xF0, 0xE0, 0x38, 0xFC, 0x1E, 0xFF, 0x07, 0x7E, 0x01, 0xFE, 0x00,
    0xFE, 0x00, 0x3F, 0x00, 0x0F, 0x80, 0x07, 0xC0, 0x01, 0xE0, 0x00, 0x78, 0x00, 0x1E, 0x00, 0x07,
    0x80, 0x00, 0xC0, 0x00, 0x00, 0x00, 0x00, 0x00, 0x06, 0x06, 0x00, 0x03, 0x87, 0x00, 0x01, 0xEF,
    0x80, 0x00, 0x7F, 0x80, 0x00, 0x1F, 0x00, 0x00, 0x07, 0x00, 0x00, 0x00, 0x00, 0x00, 0x00, 0x00,
    0x00, 0x1F, 0xF0, 0x00, 0x3F, 0xFE, 0x00, 0x1F, 0xFF, 0x80, 0x07, 0xC7, 0xE0, 0x03, 0xC0, 0xF0,
    0x01, 0xE0, 0x38, 0x01, 0xE0, 0x1E, 0x00, 0xF0, 0x0E, 0x00, 0xF0, 0x0F, 0x00, 0x78, 0x07, 0x80,
    0x38, 0x07, 0x80, 0x3C, 0x0F, 0x80, 0x1C, 0x0F, 0x80, 0x1E, 0x1F, 0x80, 0x0F, 0x7F, 0x00, 0x07,
    0xFF, 0x00, 0x07, 0xFE, 0x00, 0x03, 0xF8, 0x00, 0x03, 0xF0, 0x00, 0x01, 0xFC, 0x00, 0x00, 0xEF,
    0x00, 0x00, 0xF7, 0x80, 0x00, 0x71, 0xE0, 0x00, 0x78, 0xF8, 0x00, 0x3C, 0x3E, 0x00, 0x1C, 0x0F,
    0x80, 0x1E, 0x03, 0xE0, 0x0F, 0x00, 0xF8, 0x07, 0x00, 0x3F, 0x07, 0x80, 0x0F, 0xC1, 0xC0, 0x01,
    0xE0, 0x00, 0x00, 0x60, 0x00, 0x80, 0x00, 0x70, 0xE0, 0x1E, 0x78, 0x03, 0xFC, 0x00, 0x7E, 0x00,
    0x0F, 0x00, 0x00, 0x00, 0x00, 0x00, 0x07, 0x00, 0x01, 0xC0, 0x00, 0xF0, 0xE0, 0x38, 0xFC, 0x1E,
    0xFF, 0x07, 0x7E, 0x01, 0xFE, 0x00, 0xFE, 0x00, 0x3F, 0x00, 0x0F, 0x80, 0x07, 0xC0, 0x01, 0xE0,
    0x00, 0x78, 0x00, 0x1E, 0x00, 0x07, 0x80, 0x00, 0xC0, 0x00, 0x00, 0x00, 0x00, 0x00, 0x00, 0x00,
    0x00, 0x00, 0x1C, 0x00, 0x00, 0x3C, 0x00, 0x00, 0x7C, 0x00, 0x00, 0xF8, 0x00, 0x00, 0xF0, 0x00,
    0x00, 0xE0, 0x00, 0x00, 0x40, 0x00, 0x01, 0xF8, 0x00, 0x07, 0xFC, 0x00, 0x1F, 0xFE, 0x00, 0x7F,
    0x8E, 0x00, 0xFC, 0x0E, 0x01, 0xF8, 0x1E, 0x03, 0xE0, 0x1E, 0x07, 0xC0, 0x3C, 0x0F, 0x80, 0x7C,
    0x1F, 0x00, 0x78, 0x1E, 0x00, 0x60, 0x3C, 0x00, 0x00, 0x3C, 0x00, 0x00, 0x78, 0x00, 0x00, 0x78,
    0x00, 0x00, 0x78, 0x00, 0x00, 0x38, 0x00, 0x00, 0x3C, 0x00, 0x00, 0x1F, 0x00, 0x00, 0x0F, 0x80,
    0x00, 0x07, 0xE0, 0x00, 0x03, 0xF0, 0x00, 0x00, 0xF8, 0x00, 0x00, 0x3C, 0x00, 0x00, 0x1E, 0x00,
    0x00, 0x1E, 0x00, 0xE0, 0x1E, 0x00, 0xF0, 0x1E, 0x00, 0x7E, 0xFE, 0x00, 0x3F, 0xFC, 0x00, 0x1F,
    0xF8, 0x00, 0x0F, 0xE0, 0x00, 0x00, 0x02, 0x00, 0x03, 0x80, 0x03, 0xC0, 0x03, 0xE0, 0x03, 0xC0,
    0x01, 0xC0, 0x00, 0xC0, 0x00, 0x00, 0x00, 0x20, 0x00, 0xFC, 0x00, 0xFF, 0x01, 0xFB, 0x81, 0xF1,
    0xC1, 0xF1, 0xE0, 0xF1, 0xE0, 0xF0, 0x60, 0x78, 0x00, 0x38, 0x00, 0x1E, 0x00, 0x07, 0x80, 0x03,
    0xE0, 0x00, 0xF8, 0x00, 0x1E, 0x00, 0x07, 0x80, 0xFF, 0xC0, 0x7F, 0xC0, 0x0F, 0xC0, 0x00, 0x00,
    0x01, 0xF8, 0x00, 0x07, 0xFC, 0x00, 0x1F, 0xFE, 0x00, 0x7F, 0x8E, 0x00, 0xFC, 0x0E, 0x01, 0xF8,
    0x1E, 0x03, 0xE0, 0x1E, 0x07, 0xC0, 0x3C, 0x0F, 0x80, 0x7C, 0x1E, 0x00, 0x78, 0x3E, 0x00, 0x60,
    0x3C, 0x00, 0x00, 0x3C, 0x00, 0x00, 0x78, 0x00, 0x00, 0x78, 0x00, 0x00, 0x78, 0x00, 0x00, 0x78,
    0x00, 0x00, 0x3C, 0x00, 0x00, 0x1E, 0x00, 0x00, 0x0F, 0x80, 0x00, 0x07, 0xE0, 0x00, 0x03, 0xF0,
    0x00, 0x00, 0xF8, 0x00, 0x00, 0x3C, 0x00, 0x00, 0x1E, 0x00, 0x00, 0x1E, 0x00, 0xE0, 0x1E, 0x00,
    0xF0, 0x1E, 0x00, 0x7F, 0xFE, 0x00, 0x3F, 0xFC, 0x00, 0x1F, 0xF8, 0x00, 0x0F, 0xE0, 0x00, 0x07,
    0x00, 0x00, 0x07, 0x80, 0x00, 0x03, 0xC0, 0x00, 0x01, 0xC0, 0x00, 0x01, 0xC0, 0x00, 0x3F, 0xC0,
    0x00, 0x3F, 0xC0, 0x00, 0x0F, 0x80, 0x00, 0x00, 0x30, 0x01, 0xF8, 0x07, 0xF8, 0x3F, 0x70, 0xF8,
    0xE3, 0xE3, 0xC7, 0x8F, 0x1E, 0x0C, 0x3C, 0x00, 0x70, 0x00, 0xF0, 0x00, 0xF0, 0x01, 0xF0, 0x01,
    0xF0, 0x00, 0xF0, 0x00, 0xF0, 0x7F, 0xE0, 0xFF, 0x80, 0x7E, 0x00, 0xE0, 0x01, 0xE0, 0x01, 0xE0,
    0x01, 0xC0, 0x03, 0x80, 0xFF, 0x01, 0xFE, 0x00, 0xF8, 0x00, 0x00, 0x02, 0x00, 0x00, 0x03, 0x07,
    0x00, 0x03, 0x9E, 0x00, 0x01, 0xFC, 0x00, 0x00, 0xF8, 0x00, 0x00, 0x70, 0x00, 0x00, 0x00, 0x00,
    0x01, 0xF8, 0x00, 0x07, 0xFC, 0x00, 0x1F, 0xFE, 0x00, 0x7F, 0x8E, 0x00, 0xFC, 0x0E, 0x01, 0xF8,
    0x1E, 0x03, 0xE0, 0x1E, 0x07, 0xC0, 0x3C, 0x0F, 0x80, 0x7C, 0x1F, 0x00, 0x78, 0x1E, 0x00, 0x60,
    0x3C, 0x00, 0x00, 0x3C, 0x00, 0x00, 0x78, 0x00, 0x00, 0x78, 0x00, 0x00, 0x78, 0x00, 0x00, 0x38,
    0x00, 0x00, 0x3C, 0x00, 0x00, 0x1F, 0x00, 0x00, 0x0F, 0x80, 0x00, 0x07, 0xE0, 0x00, 0x03, 0xF0,
    0x00, 0x00, 0xF8, 0x00, 0x00, 0x3C, 0x00, 0x00, 0x1E, 0x00, 0x00, 0x1E, 0x00, 0xE0, 0x1E, 0x00,
    0xF0, 0x1E, 0x00, 0x7F, 0xFE, 0x00, 0x3F, 0xFC, 0x00, 0x1F, 0xF8, 0x00, 0x0F, 0xE0, 0x00, 0x01,
    0x00, 0x00, 0xC1, 0xC0, 0x7B, 0xC0, 0x1F, 0xC0, 0x07, 0xC0, 0x01, 0xC0, 0x00, 0x00, 0x00, 0x00,
    0x00, 0x20, 0x00, 0xFC, 0x00, 0xFF, 0x01, 0xFB, 0x81, 0xF1, 0xC1, 0xF1, 0xE0, 0xF1, 0xE0, 0xF0,
    0x60, 0x78, 0x00, 0x38, 0x00, 0x1E, 0x00, 0x07, 0x80, 0x03, 0xE0, 0x00, 0xF8, 0x00, 0x1E, 0x00,
    0x07, 0x80, 0xFF, 0xC0, 0x7F, 0xC0, 0x0F, 0xC0, 0x00, 0x00, 0x30, 0x00, 0x78, 0x00, 0x70, 0x00,
    0xF0, 0x00, 0xE0, 0x01, 0xE0, 0x0F, 0xFE, 0x1F, 0xFE, 0x1F, 0xFE, 0x07, 0x80, 0x07, 0x00, 0x0F,
    0x00, 0x0E, 0x00, 0x1E, 0x00, 0x1C, 0x00, 0x1C, 0x00, 0x3C, 0x00, 0x3C, 0x00, 0x3C, 0x00, 0x38,
    0x1C, 0x3F, 0xF8, 0x1F, 0xF8, 0x0F, 0xE0, 0x0F, 0x80, 0x1E, 0x00, 0x0E, 0x00, 0x0F, 0x00, 0x07,
    0x80, 0x03, 0x80, 0x63, 0x80, 0x7F, 0x80, 0x7F, 0x00, 0x00, 0x00, 0x00, 0x00, 0x00, 0x07, 0x06,
    0x00, 0x3C, 0xF0, 0x00, 0xFF, 0x00, 0x03, 0xF0, 0x00, 0x0F, 0x00, 0x00, 0x30, 0x00, 0x00, 0x00,
    0x00, 0x00, 0x00, 0x00, 0x00, 0x01, 0xFF, 0xF8, 0xFF, 0xFF, 0xEF, 0xFF, 0xFF, 0xBF, 0x78, 0x38,
    0x03, 0xC0, 0x00, 0x1C, 0x00, 0x01, 0xE0, 0x00, 0x0F, 0x00, 0x00, 0xF0, 0x00, 0x07, 0x80, 0x00,
    0x3C, 0x00, 0x03, 0xC0, 0x00, 0x1E, 0x00, 0x00, 0xF0, 0x00, 0x07, 0x00, 0x00, 0x78, 0x00, 0x03,
    0xC0, 0x00, 0x1C, 0x00, 0x01, 0xE0, 0x00, 0x0F, 0x00, 0x00, 0x70, 0x00, 0x07, 0x80, 0x00, 0x3C,
    0x00, 0x01, 0xC0, 0x00, 0x1E, 0x00, 0x00, 0xF0, 0x00, 0x07, 0x00, 0x00, 0x38, 0x00, 0x01, 0x80,
    0x00, 0x00, 0x00, 0x00, 0x80, 0x00, 0x70, 0x00, 0x1C, 0x00, 0x07, 0x00, 0xE3, 0xC0, 0x79, 0xE0,
    0x3C, 0x70, 0x0F, 0x38, 0x07, 0x80, 0x01, 0xEC, 0x07, 0xFF, 0x81, 0xFF, 0xE0, 0x1E, 0x00, 0x07,
    0x00, 0x03, 0xC0, 0x00, 0xE0, 0x00, 0x78, 0x00, 0x1E, 0x00, 0x07, 0x00, 0x01, 0xC0, 0x00, 0xF0,
    0x00, 0x3C, 0x00, 0x0E, 0x02, 0x03, 0xC3, 0x80, 0x7F, 0xE0, 0x1F, 0xF0, 0x03, 0xF0, 0x00, 0x00,
    0x00, 0x01, 0xFF, 0x00, 0xFF, 0xC0, 0x00, 0x00, 0x00, 0x00, 0x00, 0x00, 0x00, 0x00, 0x38, 0x20,
    0x1C, 0x38, 0x1E, 0x3C, 0x0F, 0x1E, 0x0F, 0x0F, 0x07, 0x87, 0x07, 0x87, 0x83, 0xC3, 0xC1, 0xE3,
    0xC0, 0xE1, 0xE0, 0x71, 0xF0, 0x3F, 0xF8, 0x1F, 0xDC, 0x07, 0xCF, 0x01, 0xC3, 0x80, 0x01, 0xC0,
    0x00, 0x00, 0x00, 0x00, 0x00, 0x00, 0x07, 0xC0, 0x00, 0x0F, 0x80, 0x00, 0x3B, 0x80, 0x00, 0x67,
    0x00, 0x00, 0xEC, 0x00, 0x01, 0xF8, 0x00, 0x01, 0xE0, 0x00, 0xC0, 0x00, 0x03, 0xC0, 0x18, 0x0F,
    0x80, 0x78, 0x1E, 0x00, 0xF0, 0x78, 0x01, 0xC0, 0xF0, 0x03, 0x83, 0xC0, 0x0F, 0x07, 0x80, 0x1E,
    0x1E, 0x00, 0x38, 0x3C, 0x00, 0xF0, 0x78, 0x01, 0xE1, 0xE0, 0x03, 0xC3, 0xC0, 0x0F, 0x07, 0x80,
    0x1E, 0x1E, 0x00, 0x38, 0x3C, 0x00, 0xF0, 0x78, 0x01, 0xC0, 0xE0, 0x07, 0x83, 0xC0, 0x0F, 0x07,
    0x80, 0x3C, 0x0F, 0x00, 0xF8, 0x1E, 0x01, 0xE0, 0x38, 0x07, 0x80, 0x70, 0x0F, 0x00, 0xE0, 0x3C,
    0x01, 0xC0, 0xF0, 0x03, 0xC3, 0xC0, 0x07, 0xFF, 0x00, 0x07, 0xFC, 0x00, 0x0F, 0xF0, 0x00, 0x0F,
    0xC0, 0x00, 0x00, 0x00, 0x00, 0x00, 0x38, 0x00, 0xF8, 0x03, 0xB8, 0x06, 0x70, 0x0C, 0xC0, 0x1D,
    0x80, 0x3F, 0x00, 0x3C, 0x00, 0x00, 0x08, 0x00, 0x38, 0x70, 0xF0, 0xE1, 0xE3, 0xC7, 0x87, 0x8F,
    0x0F, 0x1E, 0x1C, 0x78, 0x78, 0xF0, 0xE1, 0xC3, 0xC3, 0x8F, 0x87, 0xFF, 0x0F, 0xFE, 0x0F, 0x9E,
    0x0E, 0x1C, 0x00, 0x38, 0x00, 0x00, 0x00, 0x00, 0x00, 0x00, 0x06, 0x1C, 0x00, 0x1E, 0x78, 0x00,
    0x79, 0xE0, 0x01, 0xE7, 0x80, 0x03, 0x8E, 0x00, 0x06, 0x18, 0x00, 0x00, 0x00, 0x00, 0xC0, 0x00,
    0x03, 0xC0, 0x18, 0x0F, 0x80, 0x38, 0x1E, 0x00, 0xF0, 0x78, 0x01, 0xE0, 0xF0, 0x03, 0xC3, 0xC0,
    0x07, 0x07, 0x80, 0x1E, 0x1E, 0x00, 0x3C, 0x3C, 0x00, 0x78, 0x78, 0x01, 0xE1, 0xE0, 0x03, 0xC3,
    0xC0, 0x07, 0x87, 0x80, 0x0E, 0x1E, 0x00, 0x3C, 0x3C, 0x00, 0x70, 0x78, 0x01, 0xE0, 0xF0, 0x03,
    0x81, 0xC0, 0x0F, 0x07, 0x80, 0x3E, 0x0F, 0x00, 0x78, 0x1E, 0x01, 0xE0, 0x3C, 0x03, 0xC0, 0x70,
    0x0F, 0x00, 0xE0, 0x3C, 0x01, 0xC0, 0xF8, 0x03, 0x83, 0xE0, 0x07, 0xDF, 0x80, 0x07, 0xFE, 0x00,
    0x0F, 0xF8, 0x00, 0x0F, 0xC0, 0x00, 0x06, 0x00, 0x00, 0x00, 0x20, 0x80, 0x0E, 0x38, 0x03, 0xCF,
    0x00, 0xF3, 0xE0, 0x3C, 0xF0, 0x07, 0x1C, 0x00, 0xC1, 0x00, 0x00, 0x00, 0x00, 0x00, 0x00, 0x00,
    0x00, 0x30, 0x00, 0x07, 0x0E, 0x01, 0xE3, 0xC0, 0x3C, 0x78, 0x0F, 0x0F, 0x01, 0xE1, 0xE0, 0x38,
    0x78, 0x0F, 0x0F, 0x01, 0xE3, 0xC0, 0x38, 0x78, 0x07, 0x1F, 0x00, 0xFF, 0xE0, 0x1F, 0xFC, 0x01,
    0xF3, 0xC0, 0x1C, 0x38, 0x00, 0x07, 0x00, 0x00, 0x00, 0x00, 0x00, 0x18, 0x00, 0x00, 0x0F, 0x00,
    0x60, 0x07, 0xC0, 0x1C, 0x01, 0xE0, 0x0F, 0x00, 0xF0, 0x03, 0xC0, 0x3C, 0x00, 0xF0, 0x1E, 0x00,
    0x38, 0x07, 0x80, 0x1E, 0x03, 0xC0, 0x07, 0x80, 0xF0, 0x01, 0xE0, 0x3C, 0x00, 0xF0, 0x1E, 0x00,
    0x3C, 0x07, 0x80, 0x0E, 0x01, 0xE0, 0x07, 0x80, 0xF0, 0x01, 0xE0, 0x3C, 0x00, 0x70, 0x0F, 0x00,
    0x3C, 0x03, 0x80, 0x1E, 0x01, 0xE0, 0x07, 0x80, 0x78, 0x03, 0xE0, 0x1E, 0x00, 0xF0, 0x07, 0x80,
    0x78, 0x01, 0xC0, 0x1E, 0x00, 0x70, 0x0F, 0x00, 0x1C, 0x07, 0x80, 0x07, 0x03, 0xC0, 0x01, 0xE1,
    0xF0, 0x00, 0x7F, 0xF8, 0x00, 0x0F, 0xFC, 0x00, 0x03, 0xFC, 0x00, 0x00, 0xFE, 0x00, 0x00, 0x78,
    0x00, 0x00, 0x3C, 0x00, 0x00, 0x0E, 0x00, 0x00, 0x07, 0x08, 0x00, 0x01, 0xCE, 0x00, 0x00, 0x7F,
    0x80, 0x00, 0x0F, 0x80, 0x00, 0x01, 0x00, 0x00, 0x00, 0x0C, 0x00, 0x1C, 0x38, 0x78, 0xF0, 0xF1,
    0xE3, 0xC3, 0xC7, 0x87, 0x8E, 0x1E, 0x3C, 0x3C, 0x78, 0xF0, 0xE1, 0xE1, 0xC7, 0xC3, 0xFF, 0x87,
    0xFF, 0x07, 0xCF, 0x07, 0x0E, 0x00, 0x3C, 0x00, 0xF0, 0x03, 0xC0, 0x0F, 0x00, 0x1C, 0x00, 0x71,
    0xC0, 0xFF, 0x80, 0xFC, 0x00, 0xE0, 0x00, 0x00, 0x00, 0x01, 0x80, 0x00, 0xE0, 0x00, 0x78, 0x00,
    0x3C, 0x00, 0x1E, 0x00, 0x07, 0x00, 0x00, 0x80, 0x00, 0x00, 0x00, 0x00, 0x00, 0x00, 0x00, 0xFF,
    0x80, 0x7F, 0xF0, 0x0F, 0xFE, 0x00, 0x0F, 0x80, 0x07, 0xE0, 0x03, 0xE0, 0x03, 0xF0, 0x01, 0xF0,
    0x00, 0xF8, 0x00, 0x7C, 0x00, 0x3E, 0x00, 0x1F, 0x00, 0x0F, 0xFF, 0xF3, 0xFF, 0xFC, 0x7F, 0x80,
    0x00, 0x00, 0x00, 0x00, 0x06, 0x00, 0x07, 0x80, 0x03, 0xC0, 0x03, 0xE0, 0x00, 0xE0, 0x00, 0x00,
    0x00, 0x00, 0x00, 0x00, 0x07, 0xFC, 0x07, 0xFF, 0x01, 0xFF, 0xC0, 0x03, 0xE0, 0x03, 0xF0, 0x03,
    0xE0, 0x07, 0xE0, 0x07, 0xC0, 0x07, 0xC0, 0x07, 0xC0, 0x07, 0xC0, 0x07, 0xC0, 0x07, 0xFF, 0xFB,
    0xFF, 0xFC, 0xFF, 0x00, 0x00, 0x03, 0x02, 0x00, 0x00, 0xE1, 0xC0, 0x00, 0x3D, 0xE0, 0x00, 0x07,
    0xF0, 0x00, 0x00, 0xF8, 0x00, 0x00, 0x1C, 0x00, 0x00, 0x00, 0x00, 0x00, 0x00, 0x00, 0x00, 0x7F,
    0xFC, 0x00, 0x3F, 0xFF, 0xE0, 0x07, 0xFF, 0xF8, 0x01, 0xF0, 0xFF, 0x00, 0x00, 0x07, 0xC0, 0x00,
    0x01, 0xE0, 0x00, 0x00, 0x78, 0x00, 0x00, 0x3C, 0x00, 0x00, 0x1F, 0x00, 0x00, 0x0F, 0x80, 0x00,
    0x07, 0xC0, 0x00, 0x03, 0xE0, 0x00, 0x01, 0xF0, 0x00, 0x00, 0xF8, 0x00, 0x00, 0x7C, 0x00, 0x00,
    0x3E, 0x00, 0x00, 0x1F, 0x00, 0x00, 0x0F, 0x80, 0x00, 0x07, 0xC0, 0x00, 0x03, 0xE0, 0x00, 0x01,
    0xF0, 0x00, 0x00, 0xF8, 0x00, 0x00, 0x7C, 0x00, 0x00, 0x3E, 0x00, 0x00, 0x1F, 0x00, 0x00, 0x0F,
    0x00, 0x00, 0x07, 0x80, 0x00, 0x03, 0xE1, 0xFF, 0x80, 0xFF, 0xFF, 0xF0, 0x3F, 0xFF, 0xF8, 0x07,
    0xFC, 0x00, 0x00, 0x00, 0x00, 0x00, 0x30, 0x60, 0x1E, 0x3C, 0x03, 0xFE, 0x00, 0x7F, 0x00, 0x0F,
    0x80, 0x01, 0x80, 0x00, 0x00, 0x00, 0x00, 0x00, 0x00, 0x00, 0xFF, 0x80, 0x7F, 0xF0, 0x0F, 0xFE,
    0x00, 0x0F, 0x80, 0x07, 0xE0, 0x03, 0xE0, 0x03, 0xF0, 0x01, 0xF0, 0x00, 0xF8, 0x00, 0x7C, 0x00,
    0x3E, 0x00, 0x1F, 0x00, 0x0F, 0xFF, 0xF3, 0xFF, 0xFC, 0x7F, 0x80, 0x00, 0x00, 0x00, 0x3C, 0x00,
    0x00, 0xF0, 0x00, 0x03, 0xC0, 0x00, 0x0F, 0x00, 0x00, 0x3C, 0x07, 0xFF, 0xF0, 0x7F, 0xFF, 0x87,
    0xFF, 0xFC, 0x3F, 0xFF, 0xE0, 0xFC, 0x1F, 0x87, 0xE0, 0x3F, 0x1F, 0x00, 0x7C, 0xF8, 0x00, 0xFB,
    0xE0, 0x03, 0xEF, 0x80, 0x0F, 0xBE, 0x00, 0x3E, 0xF8, 0x00, 0xFB, 0xE0, 0x03, 0xEF, 0x80, 0x0F,
    0xBE, 0x00, 0x3E, 0xF8, 0x00, 0xF9, 0xF0, 0x07, 0xC7, 0xE0, 0x3F, 0x0F, 0xC1, 0xF8, 0x3F, 0xFF,
    0xE0, 0x7F, 0xFF, 0x00, 0x7F, 0xF0, 0x00, 0x7F, 0x00, 0x00, 0x00, 0x1E, 0x00, 0x00, 0x3C, 0x00,
    0x00, 0x78, 0x00, 0x00, 0xF0, 0x00, 0x01, 0xFF, 0x00, 0x7F, 0xFE, 0x00, 0xFF, 0x7C, 0x01, 0xFC,
    0xF8, 0x03, 0xE1, 0xF0, 0x07, 0xC3, 0xE0, 0x0F, 0x87, 0xC0, 0x1F, 0x0F, 0x80, 0x3E, 0x1F, 0x00,
    0x7C, 0x3E, 0x00, 0xF8, 0x7C, 0x01, 0xF0, 0xF8, 0x03, 0xE1, 0xF0, 0x07, 0xC3, 0xE0, 0x0F, 0x87,
    0xC0, 0x1F, 0x0F, 0x80, 0x3E, 0x1F, 0x00, 0x7C, 0x3F, 0x01, 0xF8, 0x3F, 0x07, 0xF0, 0x7F, 0xFF,
    0xE0, 0x7F, 0xFF, 0xC0, 0x7F, 0xEF, 0x80, 0x7F, 0x1F, 0x00, 0x00, 0x00, 0xFC, 0x00, 0x07, 0xFE,
    0x00, 0x1F, 0xFF, 0x00, 0x3F, 0x8F, 0x00, 0xFE, 0x0F, 0x01, 0xF8, 0x0F, 0x03, 0xF0, 0x1E, 0x07,
    0xC0, 0x3E, 0x07, 0x80, 0x3C, 0x0F, 0x00, 0x78, 0x1E, 0x00, 0x30, 0x1E, 0x00, 0x00, 0x3C, 0x00,
    0x00, 0x3C, 0x00, 0x00, 0x38, 0x00, 0x00, 0x38, 0x00, 0x00, 0x3C, 0x00, 0x00, 0x1E, 0x00, 0x00,
    0x1F, 0x00, 0x00, 0x0F, 0xC0, 0x00, 0x07, 0xE0, 0x00, 0x01, 0xF8, 0x00, 0x00, 0x7C, 0x00, 0x00,
    0x3E, 0x00, 0x00, 0x1E, 0x00, 0x00, 0x0F, 0x00, 0x60, 0x0F, 0x00, 0x70, 0x1F, 0x00, 0x7F, 0xFE,
    0x00, 0x3F, 0xFE, 0x00, 0x1F, 0xFC, 0x00, 0x07, 0xE0, 0x00, 0x00, 0x00, 0x00, 0x0C, 0x00, 0x00,
    0x0E, 0x00, 0x00, 0x0C, 0x00, 0x00, 0x1C, 0x00, 0x00, 0x3C, 0x00, 0x00, 0x78, 0x00, 0x00, 0x20,
    0x00, 0x00, 0x00, 0xF8, 0x0F, 0xF0, 0x7F, 0xC3, 0xE7, 0x1F, 0x3C, 0xF0, 0xF3, 0x87, 0x9E, 0x08,
    0x70, 0x01, 0xC0, 0x07, 0x80, 0x0F, 0x00, 0x1F, 0x00, 0x3E, 0x00, 0x78, 0x30, 0xF0, 0xFF, 0xC1,
    0xFE, 0x03, 0xF0, 0x00, 0x00, 0x18, 0x00, 0x70, 0x03, 0x80, 0x0E, 0x00, 0x70, 0x03, 0x80, 0x00,
    0x00, 0x00, 0x00, 0x00, 0x7F, 0xFE, 0x03, 0xFF, 0xFF, 0xC1, 0xFF, 0xFF, 0xE0, 0xFE, 0xF0, 0x60,
    0x00, 0x70, 0x00, 0x00, 0x78, 0x00, 0x00, 0x3C, 0x00, 0x00, 0x3C, 0x00, 0x00, 0x1E, 0x00, 0x00,
    0x0F, 0x00, 0x00, 0x0F, 0x00, 0x00, 0x07, 0x80, 0x00, 0x03, 0xC0, 0x00, 0x03, 0xC0, 0x00, 0x01,
    0xE0, 0x00, 0x00, 0xF0, 0x00, 0x00, 0x70, 0x00, 0x00, 0x78, 0x00, 0x00, 0x3C, 0x00, 0x00, 0x1C,
    0x00, 0x00, 0x1E, 0x00, 0x00, 0x0F, 0x00, 0x00, 0x07, 0x00, 0x00, 0x07, 0x80, 0x00, 0x03, 0xC0,
    0x00, 0x01, 0xC0, 0x00, 0x00, 0xE0, 0x00, 0x00, 0xF0, 0x00, 0x00, 0x70, 0x00, 0x00, 0x18, 0x00,
    0x00, 0x10, 0x00, 0x00, 0x18, 0x00, 0x00, 0x0E, 0x00, 0x00, 0x0E, 0x00, 0x00, 0x0E, 0x00, 0x00,
    0x0E, 0x00, 0x00, 0x00, 0x00, 0x00, 0x00, 0xE0, 0x03, 0xC0, 0x0F, 0x00, 0x1E, 0x00, 0x78, 0x00,
    0xF7, 0x1F, 0xFE, 0x3F, 0xFC, 0x1E, 0x00, 0x38, 0x00, 0xF0, 0x01, 0xC0, 0x03, 0x80, 0x0F, 0x00,
    0x1C, 0x00, 0x38, 0x00, 0x70, 0x01, 0xE0, 0x03, 0xC0, 0x87, 0x87, 0x87, 0xFE, 0x0F, 0xF8, 0x0F,
    0xC0, 0x00, 0x00, 0x10, 0x00, 0x60, 0x00, 0xE0, 0x03, 0x80, 0x07, 0x00, 0x1C, 0x00, 0x70, 0x00,
    0x00, 0x03, 0xE0, 0x00, 0x1F, 0xC0, 0x00, 0xFF, 0x80, 0x07, 0xFF, 0x00, 0x3E, 0x3C, 0x01, 0xF0,
    0xF0, 0x0F, 0x83, 0xC0, 0x7C, 0x0F, 0x01, 0xE0, 0x3C, 0x0F, 0x00, 0xF0, 0x7C, 0x00, 0x01, 0xE0,
    0x00, 0x0F, 0x80, 0x00, 0x3C, 0x00, 0x01, 0xFF, 0xE0, 0x07, 0xFF, 0x80, 0x1F, 0xFC, 0x00, 0xF0,
    0x00, 0x03, 0xC0, 0x00, 0x1F, 0x00, 0x00, 0x78, 0x00, 0x01, 0xE0, 0x00, 0x07, 0x80, 0x00, 0x1E,
    0x00, 0x00, 0x78, 0x00, 0x01, 0xE0, 0x0F, 0x07, 0x80, 0xF8, 0x1F, 0x1F, 0xC0, 0x3F, 0xFE, 0x00,
    0x7F, 0xE0, 0x00, 0xFE, 0x00, 0x00, 0x00, 0x01, 0xFE, 0x00, 0x1F, 0xFF, 0x00, 0xFF, 0xFF, 0x01,
    0xFF, 0xF8, 0x01, 0xFF, 0x00, 0x00, 0x0F, 0x00, 0x00, 0x0F, 0x00, 0x00, 0x0E, 0x00, 0x00, 0x1E,
    0x00, 0x00, 0x1E, 0x00, 0x00, 0x1C, 0x00, 0x00, 0x3C, 0x00, 0x00, 0x3C, 0x00, 0x00, 0x38, 0x00,
    0x00, 0x78, 0x00, 0x00, 0x78, 0x00, 0x00, 0x70, 0x00, 0x00, 0xF0, 0x00, 0x00, 0xF0, 0x00, 0x00,
    0xF0, 0x00, 0x01, 0xE0, 0x00, 0x01, 0xE0, 0x00, 0x01, 0xE0, 0x00, 0x01, 0xC0, 0x00, 0x03, 0xC0,
    0x00, 0x3F, 0xFF, 0x00, 0xFF, 0xFF, 0x80, 0xFF, 0xFF, 0x00, 0x03, 0x00, 0x00, 0x00, 0x00, 0x00,
    0x00, 0x00, 0x70, 0x00, 0x03, 0xE0, 0x00, 0x1F, 0xC0, 0x00, 0xFF, 0x00, 0x03, 0xDC, 0x00, 0x1E,
    0x70, 0x00, 0xF1, 0xC0, 0x03, 0xC7, 0x00, 0x1E, 0x3C, 0x00, 0x78, 0xF0, 0x03, 0xC3, 0xC0, 0x1E,
    0x0F, 0x00, 0x78, 0x38, 0x03, 0xC0, 0xE0, 0x0E, 0x03, 0x80, 0x7F, 0xFE, 0x03, 0xFF, 0xF8, 0x1F,
    0xFF, 0xE0, 0x7F, 0x87, 0x81, 0xE0, 0x1E, 0x0F, 0x00, 0x78, 0x38, 0x01, 0xC1, 0xE0, 0x07, 0x07,
    0x00, 0x1C, 0x3C, 0x00, 0x70, 0xE0, 0x01, 0xC7, 0x80, 0x07, 0x1C, 0x00, 0x1E, 0xF0, 0x00, 0x71,
    0x80, 0x00, 0x00, 0x00, 0x00, 0x00, 0x00, 0x00, 0x04, 0x00, 0xFF, 0xFE, 0x01, 0xFF, 0xFE, 0x01,
    0xFF, 0xFE, 0x00, 0xF0, 0x00, 0x01, 0xE0, 0x00, 0x01, 0xE0, 0x00, 0x03, 0xC0, 0x00, 0x03, 0xC0,
    0x00, 0x03, 0x80, 0x00, 0x07, 0x80, 0x00, 0x07, 0xF0, 0x00, 0x0F, 0xFE, 0x00, 0x0F, 0xFF, 0x00,
    0x0E, 0x3F, 0x80, 0x1E, 0x03, 0xC0, 0x1E, 0x01, 0xE0, 0x3C, 0x01, 0xE0, 0x3C, 0x00, 0xE0, 0x3C,
    0x01, 0xE0, 0x78, 0x01, 0xE0, 0x78, 0x01, 0xE0, 0x78, 0x03, 0xC0, 0x70, 0x07, 0xC0, 0x70, 0x0F,
    0x80, 0x70, 0x3F, 0x00, 0xF1, 0xFE, 0x00, 0x7F, 0xFC, 0x00, 0x7F, 0xF0, 0x00, 0x3F, 0x80, 0x00,
    0x00, 0x00, 0x00, 0x00, 0x0F, 0xC0, 0x00, 0xFF, 0xC0, 0x03, 0xFF, 0x80, 0x0F, 0xFF, 0x00, 0x78,
    0x3C, 0x01, 0xE0, 0x70, 0x0F, 0x03, 0xC0, 0x3C, 0x0F, 0x01, 0xE0, 0x78, 0x07, 0x83, 0xC0, 0x1C,
    0x0F, 0x00, 0xF0, 0x78, 0x03, 0xC3, 0xC0, 0x1E, 0x3C, 0x00, 0x7F, 0xF8, 0x03, 0xFF, 0xF8, 0x0F,
    0xFF, 0xF0, 0x3C, 0x03, 0xE1, 0xE0, 0x07, 0x87, 0x80, 0x0E, 0x1C, 0x00, 0x38, 0xF0, 0x00, 0xE3,
    0xC0, 0x07, 0x9E, 0x00, 0x1E, 0x78, 0x00, 0xF1, 0xE0, 0x07, 0xC7, 0x00, 0x3E, 0x0B, 0x81, 0xF0,
    0x0F, 0xFF, 0x80, 0x1F, 0xFC, 0x00, 0x3F, 0xC0, 0x00, 0x00, 0x00, 0x00, 0x00, 0x0E, 0x00, 0x03,
    0xFF, 0x80, 0x1F, 0xFF, 0xC0, 0x7F, 0xFF, 0xE0, 0x7F, 0xC1, 0xC0, 0x3F, 0x00, 0x00, 0x07, 0x80,
    0x00, 0x03, 0x80, 0x00, 0x03, 0xC0, 0x00, 0x01, 0xE0, 0x00, 0x00, 0xE0, 0x00, 0x00, 0xF0, 0x00,
    0x00, 0x70, 0x00, 0x00, 0x78, 0x00, 0x00, 0x3C, 0x00, 0x00, 0x1C, 0x00, 0x00, 0x1E, 0x00, 0x00,
    0x0E, 0x00, 0x00, 0x07, 0x00, 0x00, 0x07, 0x80, 0x00, 0x03, 0x80, 0x00, 0x03, 0xC0, 0x00, 0x01,
    0xE0, 0x00, 0x00, 0xF0, 0x00, 0x00, 0x70, 0x00, 0x00, 0x78, 0x00, 0x00, 0x3C, 0x00, 0x00, 0x1E,
    0x00, 0x00, 0x06, 0x00, 0x00, 0x00, 0x00, 0x00, 0x00, 0x00, 0x00, 0x00, 0x07, 0xFF, 0x80, 0x00,
    0x7F, 0xFF, 0xC0, 0x00, 0x3F, 0xFF, 0xE0, 0x00, 0x0F, 0xE0, 0x70, 0x00, 0x03, 0xC0, 0x78, 0x00,
    0x01, 0xE0, 0x3C, 0x00, 0x00, 0xE0, 0x1C, 0x00, 0x00, 0xF0, 0x1E, 0x00, 0x00, 0x78, 0x0F, 0x00,
    0x00, 0x38, 0x07, 0x80, 0x00, 0x3C, 0x07, 0x80, 0x00, 0x1E, 0x03, 0xC0, 0x00, 0x0E, 0x01, 0xE0,
    0x00, 0x0F, 0x01, 0xE0, 0x00, 0x07, 0x00, 0xF0, 0x00, 0x07, 0x80, 0x70, 0x00, 0x03, 0x80, 0x78,
    0x00, 0x01, 0xC0, 0x3C, 0x00, 0x01, 0xE0, 0x1C, 0x00, 0x00, 0xE0, 0x1E, 0x00, 0x00, 0xF0, 0x0F,
    0x00, 0x00, 0xF0, 0x0F, 0x00, 0x00, 0xF0, 0x07, 0x80, 0x00, 0x78, 0x03, 0x80, 0x00, 0x78, 0x01,
    0xC0, 0x00, 0x78, 0x03, 0xFE, 0x03, 0xFF, 0xFF, 0xFF, 0x83, 0xFF, 0xFF, 0xFF, 0xC1, 0xFF, 0xFF,
    0xF9, 0xE1, 0xE0, 0x00, 0x00, 0xF0, 0xF0, 0x00, 0x00, 0xF0, 0x70, 0x00, 0x00, 0x78, 0x38, 0x00,
    0x00, 0x78, 0x3C, 0x00, 0x00, 0x3C, 0x1E, 0x00, 0x00, 0x3C, 0x0E, 0x00, 0x00, 0x1E, 0x07, 0x00,
    0x00, 0x06, 0x01, 0x00, 0x00, 0x01, 0x00, 0x00, 0x00, 0x00, 0x00, 0x02, 0x3F, 0x80, 0x07, 0xFF,
    0xC0, 0x07, 0xFF, 0xE0, 0x0F, 0xFF, 0x00, 0x07, 0xF0, 0x00, 0x03, 0xC0, 0x00, 0x03, 0xE0, 0x00,
    0x01, 0xE0, 0x00, 0x01, 0xE0, 0x00, 0x00, 0xF0, 0x00, 0x00, 0xF0, 0x00, 0x00, 0xF0, 0x1E, 0x00,
    0x78, 0xFF, 0x80, 0x7F, 0xFF, 0x80, 0x3F, 0xFF, 0x00, 0x3F, 0xF8, 0x00, 0x1D, 0xC0, 0x00, 0x1E,
    0x00, 0x00, 0x0F, 0x00, 0x00, 0x07, 0x00, 0x00, 0x03, 0x80, 0x00, 0x01, 0xC0, 0x00, 0x40, 0xE0,
    0x00, 0xF0, 0x78, 0x01, 0xF0, 0x3E, 0x07, 0xF0, 0x0F, 0xFF, 0xF0, 0x03, 0xFF, 0xF0, 0x00, 0xFF,
    0xC0, 0x00, 0x1C, 0x00, 0x00, 0x00, 0xC0, 0x00, 0x80, 0x00, 0x01, 0xE0, 0x03, 0x80, 0x00, 0x03,
    0xE0, 0x07, 0x80, 0x20, 0x03, 0xC0, 0x0E, 0x01, 0xE0, 0x03, 0xC0, 0x3C, 0x07, 0xE0, 0x07, 0xC0,
    0x78, 0x1F, 0x80, 0x07, 0x80, 0xF0, 0x7E, 0x00, 0x07, 0x83, 0xC1, 0xF8, 0x00, 0x07, 0x87, 0x87,
    0xC0, 0x00, 0x0F, 0x8F, 0x1F, 0x00, 0x00, 0x0F, 0x3C, 0x7C, 0x00, 0x00, 0x0F, 0x79, 0xF0, 0x00,
    0x00, 0x0F, 0xF7, 0xC0, 0x00, 0x00, 0x1F, 0xFF, 0x00, 0x00, 0x00, 0x1F, 0xF8, 0x00, 0x00, 0x00,
    0x7F, 0xE0, 0x00, 0x00, 0x01, 0xFF, 0xC0, 0x00, 0x00, 0x07, 0xFF, 0xC0, 0x00, 0x00, 0x3F, 0xF7,
    0x80, 0x00, 0x00, 0xFB, 0xC7, 0x80, 0x00, 0x03, 0xE7, 0x8F, 0x80, 0x00, 0x1F, 0x9F, 0x0F, 0x00,
    0x00, 0xFE, 0x3C, 0x0F, 0x00, 0x03, 0xF8, 0x78, 0x1F, 0x00, 0x1F, 0xC1, 0xE0, 0x1E, 0x00, 0x7F,
    0x03, 0xC0, 0x1E, 0x03, 0xF8, 0x07, 0x80, 0x3E, 0x07, 0xE0, 0x1E, 0x00, 0x3E, 0x07, 0x00, 0x3C,
    0x00, 0x3C, 0x00, 0x00, 0x38, 0x00, 0x00, 0x00, 0x00, 0x00, 0x00, 0x00, 0x00, 0x00, 0x03, 0xC0,
    0x00, 0x7F, 0xC0, 0x03, 0xFF, 0x80, 0x1F, 0xFF, 0x00, 0xFC, 0x3C, 0x07, 0xC0, 0xF0, 0x1E, 0x03,
    0xC0, 0x70, 0x0F, 0x00, 0x00, 0x7C, 0x00, 0x01, 0xE0, 0x00, 0x0F, 0x80, 0x00, 0x7C, 0x00, 0x03,
    0xE0, 0x00, 0x1F, 0x80, 0x07, 0xFC, 0x00, 0x3F, 0xE0, 0x00, 0xFF, 0xE0, 0x01, 0xFF, 0x80, 0x00,
    0x1F, 0x00, 0x00, 0x3C, 0x00, 0x00, 0xF0, 0x00, 0x03, 0xC7, 0x00, 0x0F, 0x3E, 0x00, 0x3C, 0xF0,
    0x01, 0xF3, 0xC0, 0x07, 0x87, 0x80, 0x7E, 0x1F, 0x07, 0xF0, 0x3F, 0xFF, 0x80, 0x7F, 0xFC, 0x00,
    0x7F, 0xC0, 0x00, 0x00, 0x00, 0x00, 0x00, 0x00, 0x00, 0x00, 0xE0, 0x00, 0x00, 0x03, 0x80, 0x03,
    0x80, 0x1E, 0x00, 0x1F, 0x00, 0x78, 0x00, 0xFC, 0x03, 0xC0, 0x03, 0xE0, 0x0F, 0x00, 0x1F, 0x80,
    0x78, 0x00, 0xFC, 0x01, 0xE0, 0x07, 0xF0, 0x07, 0x80, 0x3F, 0xC0, 0x3C, 0x01, 0xFE, 0x00, 0xF0,
    0x0F, 0x78, 0x07, 0x80, 0x79, 0xC0, 0x1E, 0x03, 0xCF, 0x00, 0x78, 0x1E, 0x3C, 0x03, 0xC0, 0xF0,
    0xE0, 0x0F, 0x07, 0x87, 0x80, 0x3C, 0x3E, 0x1C, 0x01, 0xE1, 0xF0, 0xF0, 0x07, 0x8F, 0x83, 0xC0,
    0x1C, 0x7C, 0x0E, 0x00, 0xF3, 0xE0, 0x78, 0x03, 0xDF, 0x01, 0xE0, 0x0E, 0xF8, 0x0F, 0x00, 0x3F,
    0xC0, 0x3C, 0x01, 0xFE, 0x00, 0xE0, 0x07, 0xF0, 0x07, 0x80, 0x1F, 0x80, 0x1E, 0x00, 0x7C, 0x00,
    0xF0, 0x03, 0xE0, 0x03, 0xC0, 0x07, 0x00, 0x0E, 0x00, 0x00, 0x00, 0x78, 0x00, 0x00, 0x01, 0xE0,
    0x00, 0x00, 0x01, 0x00, 0x00, 0x00, 0x00, 0x00, 0xC0, 0x00, 0x07, 0x07, 0x80, 0x00, 0x1C, 0x7C,
    0x00, 0x00, 0x7F, 0xE0, 0x00, 0x00, 0xFF, 0x00, 0x00, 0x01, 0xF0, 0x00, 0x00, 0x00, 0x00, 0x00,
    0x0E, 0x00, 0x00, 0x00, 0x38, 0x00, 0x38, 0x01, 0xE0, 0x01, 0xF0, 0x07, 0x80, 0x0F, 0xC0, 0x3C,
    0x00, 0x7E, 0x00, 0xF0, 0x03, 0xF8, 0x07, 0x80, 0x1F, 0xC0, 0x1E, 0x00, 0x7F, 0x00, 0xF8, 0x03,
    0xFC, 0x03, 0xC0, 0x1F, 0xE0, 0x0F, 0x00, 0xF7, 0x80, 0x78, 0x07, 0x9C, 0x01, 0xE0, 0x3C, 0xF0,
    0x0F, 0x81, 0xE3, 0xC0, 0x3C, 0x0F, 0x0E, 0x00, 0xF0, 0x78, 0x78, 0x03, 0xC3, 0xC1, 0xC0, 0x1E,
    0x1F, 0x0F, 0x00, 0x78, 0xF8, 0x3C, 0x01, 0xC7, 0xC0, 0xE0, 0x0F, 0x3E, 0x07, 0x80, 0x3D, 0xF0,
    0x1E, 0x00, 0xEF, 0x80, 0xF0, 0x03, 0xFC, 0x03, 0xC0, 0x1F, 0xE0, 0x0E, 0x00, 0x7F, 0x00, 0x78,
    0x01, 0xF8, 0x01, 0xE0, 0x0F, 0xC0, 0x0F, 0x00, 0x1E, 0x00, 0x3C, 0x00, 0x20, 0x01, 0xE0, 0x00,
    0x00, 0x07, 0x80, 0x00, 0x00, 0x0E, 0x00, 0x00, 0x00, 0x10, 0x00, 0x00, 0x08, 0x00, 0x00, 0x0E,
    0x00, 0x60, 0x03, 0xC0, 0x38, 0x01, 0xE0, 0x3F, 0x00, 0x78, 0x1F, 0x80, 0x3C, 0x1F, 0x80, 0x0F,
    0x0F, 0xC0, 0x07, 0x87, 0xE0, 0x01, 0xE3, 0xE0, 0x00, 0xFB, 0xF0, 0x00, 0x3D, 0xF8, 0x00, 0x0F,
    0xF8, 0x00, 0x07, 0xFC, 0x00, 0x01, 0xFE, 0x00, 0x00, 0xFE, 0x00, 0x00, 0x3F, 0x80, 0x00, 0x0F,
    0xE0, 0x00, 0x07, 0xF8, 0x00, 0x01, 0xEE, 0x00, 0x00, 0x7B, 0xC0, 0x00, 0x3C, 0xF0, 0x00, 0x0F,
    0x1E, 0x00, 0x03, 0xC7, 0x80, 0x01, 0xE0, 0xF0, 0x00, 0x78, 0x1E, 0x00, 0x1E, 0x07, 0xC0, 0x0F,
    0x00, 0xFC, 0x03, 0xC0, 0x1F, 0x80, 0xE0, 0x03, 0xE0, 0x18, 0x00, 0x30, 0x00, 0x00, 0x00, 0x1F,
    0x00, 0x00, 0x3F, 0xF0, 0x00, 0x3F, 0xFF, 0x00, 0x3F, 0xFF, 0xE0, 0x0F, 0xFE, 0x1E, 0x01, 0xFF,
    0x83, 0xC0, 0x3C, 0xF0, 0xF0, 0x00, 0x1C, 0x1E, 0x00, 0x07, 0x83, 0xC0, 0x00, 0xF0, 0x78, 0x00,
    0x3C, 0x1E, 0x00, 0x07, 0x83, 0xC0, 0x00, 0xE0, 0x78, 0x00, 0x3C, 0x0F, 0x00, 0x07, 0x01, 0xC0,
    0x01, 0xE0, 0x78, 0x00, 0x38, 0x0F, 0x00, 0x0F, 0x01, 0xE0, 0x01, 0xC0, 0x78, 0x00, 0x78, 0x0F,
    0x00, 0x1E, 0x01, 0xE0, 0x03, 0xC0, 0x3C, 0x00, 0xF0, 0x0F, 0x00, 0x3C, 0x01, 0xE0, 0x0F, 0x80,
    0x3C, 0x03, 0xE0, 0x0F, 0x00, 0xF8, 0x01, 0xE0, 0x3E, 0x00, 0x7C, 0x0F, 0x80, 0x0F, 0x01, 0xE0,
    0x00, 0xC0, 0x08, 0x00, 0x00, 0x00, 0x00, 0x00, 0x00, 0x00, 0x00, 0x00, 0x00, 0x01, 0xC0, 0x00,
    0x38, 0x00, 0xF8, 0x00, 0x0E, 0x00, 0x3E, 0x00, 0x07, 0xC0, 0x1F, 0x80, 0x01, 0xF0, 0x0F, 0xE0,
    0x00, 0xFC, 0x03, 0xF8, 0x00, 0x7F, 0x01, 0xFE, 0x00, 0x1F, 0xC0, 0x7F, 0x00, 0x0F, 0xE0, 0x3B,
    0xC0, 0x03, 0xF8, 0x1E, 0xF0, 0x01, 0xFE, 0x07, 0x3C, 0x00, 0xF7, 0x83, 0xCE, 0x00, 0x3D, 0xC0,
    0xE7, 0x80, 0x1E, 0x70, 0x79, 0xE0, 0x07, 0xBC, 0x3C, 0x78, 0x03, 0xCF, 0x0F, 0x1C, 0x00, 0xF3,
    0xC7, 0x8F, 0x00, 0x78, 0xE1, 0xC3, 0xC0, 0x3E, 0x38, 0xF0, 0xF0, 0x0F, 0x1E, 0x78, 0x38, 0x07,
    0xC7, 0x9E, 0x1E, 0x01, 0xE1, 0xEF, 0x07, 0x80, 0xF0, 0x7F, 0x81, 0xE0, 0x3C, 0x1F, 0xE0, 0x70,
    0x1E, 0x07, 0xF0, 0x1C, 0x07, 0x81, 0xF8, 0x0F, 0x03, 0xC0, 0x3C, 0x03, 0xC0, 0xF0, 0x00, 0x00,
    0xF0, 0x38, 0x00, 0x00, 0x3C, 0x04, 0x00, 0x00, 0x06, 0x00, 0x00, 0x18, 0x00, 0x00, 0x01, 0xC0,
    0x00, 0x00, 0x3C, 0x00, 0x60, 0x03, 0xC0, 0x0F, 0x00, 0x78, 0x00, 0xF0, 0x07, 0x80, 0x1F, 0x00,
    0xF0, 0x01, 0xE0, 0x0F, 0x00, 0x1E, 0x01, 0xE0, 0x03, 0xC0, 0x1E, 0x00, 0x3C, 0x01, 0xC0, 0x03,
    0xC0, 0x3C, 0x00, 0x78, 0x03, 0xC0, 0x07, 0x80, 0x78, 0x00, 0x70, 0x07, 0x80, 0x0F, 0x00, 0x7F,
    0xFF, 0xF0, 0x0F, 0xFF, 0xFE, 0x00, 0xFF, 0xFF, 0xE0, 0x0F, 0x00, 0x1E, 0x01, 0xE0, 0x01, 0xC0,
    0x1E, 0x00, 0x3C, 0x01, 0xE0, 0x03, 0xC0, 0x1C, 0x00, 0x38, 0x03, 0xC0, 0x03, 0x80, 0x3C, 0x00,
    0x78, 0x03, 0x80, 0x07, 0x00, 0x38, 0x00, 0x70, 0x07, 0x80, 0x0F, 0x00, 0x78, 0x00, 0xF0, 0x07,
    0x00, 0x0F, 0x00, 0x70, 0x00, 0xE0, 0x0F, 0x00, 0x06, 0x00, 0x70, 0x00, 0x00, 0x00, 0x00, 0x03,
    0x00, 0x00, 0x3F, 0x80, 0x01, 0xFF, 0x00, 0x1F, 0xFE, 0x00, 0xFC, 0x78, 0x07, 0xE1, 0xE0, 0x1F,
    0x03, 0xC0, 0xF8, 0x0F, 0x07, 0xC0, 0x3C, 0x1E, 0x00, 0xF0, 0xF8, 0x03, 0xC3, 0xC0, 0x0F, 0x1F,
    0x00, 0x3C, 0x78, 0x01, 0xF1, 0xE0, 0x07, 0x8F, 0x00, 0x1E, 0x3C, 0x00, 0xF8, 0xF0, 0x03, 0xC3,
    0x80, 0x0F, 0x1E, 0x00, 0x78, 0x78, 0x01, 0xC1, 0xE0, 0x0F, 0x07, 0x80, 0x78, 0x1E, 0x03, 0xE0,
    0x78, 0x1F, 0x01, 0xE0, 0xF8, 0x07, 0xC7, 0xC0, 0x0F, 0xFE, 0x00, 0x1F, 0xF0, 0x00, 0x3F, 0x00,
    0x00, 0x00, 0x00, 0x01, 0xE0, 0x00, 0x07, 0xFF, 0xC0, 0x3F, 0xFF, 0xFE, 0x01, 0xFF, 0xFF, 0xE0,
    0x0F, 0xFF, 0x3C, 0x00, 0x7F, 0x01, 0xE0, 0x07, 0xC0, 0x1E, 0x00, 0x3C, 0x00, 0xF0, 0x01, 0xE0,
    0x07, 0x80, 0x1F, 0x00, 0x78, 0x00, 0xF0, 0x03, 0xC0, 0x07, 0x80, 0x1E, 0x00, 0x78, 0x01, 0xF0,
    0x03, 0xC0, 0x0F, 0x00, 0x1E, 0x00, 0x78, 0x01, 0xE0, 0x03, 0xC0, 0x0F, 0x00, 0x3C, 0x00, 0xF0,
    0x01, 0xE0, 0x07, 0x80, 0x0F, 0x00, 0x3C, 0x00, 0x78, 0x03, 0xC0, 0x07, 0x80, 0x1E, 0x00, 0x3C,
    0x00, 0xF0, 0x01, 0xE0, 0x0F, 0x00, 0x0E, 0x00, 0x78, 0x00, 0xF0, 0x03, 0xC0, 0x07, 0x80, 0x1C,
    0x00, 0x3C, 0x01, 0xE0, 0x01, 0xE0, 0x0F, 0x00, 0x0E, 0x00, 0x78, 0x00, 0x00, 0x01, 0x80, 0x00,
    0x00, 0x00, 0x00, 0x18, 0x00, 0x00, 0x7F, 0xC0, 0x00, 0x7F, 0xF0, 0x00, 0x7F, 0xF8, 0x00, 0x78,
    0x7C, 0x00, 0xF0, 0x3E, 0x00, 0xF0, 0x1E, 0x01, 0xE0, 0x1E, 0x01, 0xE0, 0x1E, 0x01, 0xC0, 0x1E,
    0x03, 0xC0, 0x3C, 0x03, 0xC0, 0x3C, 0x03, 0xC0, 0x78, 0x07, 0x80, 0xF0, 0x07, 0x81, 0xF0, 0x07,
    0x03, 0xE0, 0x0F, 0x1F, 0xC0, 0x0F, 0xFF, 0x80, 0x0F, 0xFE, 0x00, 0x1F, 0xF0, 0x00, 0x1E, 0x00,
    0x00, 0x1C, 0x00, 0x00, 0x3C, 0x00, 0x00, 0x3C, 0x00, 0x00, 0x3C, 0x00, 0x00, 0x78, 0x00, 0x00,
    0x78, 0x00, 0x00, 0x78, 0x00, 0x00, 0x70, 0x00, 0x00, 0x70, 0x00, 0x00, 0x20, 0x00, 0x00, 0x00,
    0x03, 0xC0, 0x00, 0xFE, 0x00, 0x3F, 0xF0, 0x07, 0xFF, 0x00, 0xFC, 0xF0, 0x1F, 0x8F, 0x01, 0xF0,
    0xF0, 0x3E, 0x0F, 0x07, 0xC1, 0xE0, 0x78, 0x1E, 0x0F, 0x03, 0xC1, 0xF0, 0x3C, 0x1E, 0x01, 0x83,
    0xC0, 0x00, 0x3C, 0x00, 0x07, 0x80, 0x00, 0x78, 0x00, 0x07, 0x80, 0x00, 0xF0, 0x00, 0x0F, 0x00,
    0x00, 0xF0, 0x00, 0x0F, 0x00, 0x00, 0xF0, 0x00, 0x0F, 0x00, 0x00, 0xF0, 0x03, 0x8F, 0x00, 0x78,
    0xF0, 0x3F, 0x0F, 0x8F, 0xE0, 0x7F, 0xF8, 0x07, 0xFE, 0x00, 0x1F, 0xC0, 0x00, 0x60, 0x00, 0x00,
    0x00, 0x00, 0x3F, 0xFF, 0x1F, 0xFF, 0xFD, 0xFF, 0xFF, 0xF7, 0xEF, 0x07, 0x00, 0x78, 0x00, 0x03,
    0x80, 0x00, 0x3C, 0x00, 0x01, 0xE0, 0x00, 0x1E, 0x00, 0x00, 0xF0, 0x00, 0x07, 0x80, 0x00, 0x78,
    0x00, 0x03, 0xC0, 0x00, 0x1E, 0x00, 0x01, 0xE0, 0x00, 0x0F, 0x00, 0x00, 0x78, 0x00, 0x03, 0x80,
    0x00, 0x3C, 0x00, 0x01, 0xE0, 0x00, 0x0E, 0x00, 0x00, 0xF0, 0x00, 0x07, 0x00, 0x00, 0x38, 0x00,
    0x03, 0xC0, 0x00, 0x1C, 0x00, 0x00, 0xE0, 0x00, 0x07, 0x00, 0x00, 0x00, 0x00, 0x00, 0x00, 0x00,
    0x00, 0x70, 0x00, 0x01, 0xE0, 0x03, 0x87, 0x80, 0x0E, 0x1C, 0x00, 0x78, 0x70, 0x01, 0xE1, 0xC0,
    0x07, 0x07, 0x00, 0x3C, 0x1C, 0x00, 0xF0, 0x70, 0x03, 0x81, 0xC0, 0x1E, 0x07, 0x00, 0xF0, 0x1C,
    0x03, 0xC0, 0x78, 0x1E, 0x01, 0xE0, 0x78, 0x07, 0x83, 0xC0, 0x1E, 0x0F, 0x00, 0x78, 0x78, 0x00,
    0xE3, 0xE0, 0x03, 0xCF, 0x00, 0x0F, 0x78, 0x00, 0x1F, 0xE0, 0x00, 0x7F, 0x00, 0x00, 0xF8, 0x00,
    0x03, 0xC0, 0x00, 0x1F, 0x00, 0x00, 0xF8, 0x00, 0x07, 0xC0, 0x00, 0x3E, 0x00, 0x01, 0xF0, 0x00,
    0x07, 0x80, 0x00, 0x1C, 0x00, 0x00, 0x20, 0x00, 0x00, 0x00, 0x00, 0x00, 0x00, 0x00, 0x20, 0x00,
    0x00, 0x0E, 0x00, 0x00, 0x01, 0xE0, 0x00, 0x00, 0x38, 0x00, 0x00, 0x07, 0x00, 0x00, 0x0F, 0xE0,
    0x00, 0x0F, 0xFE, 0x00, 0x03, 0xFF, 0xE0, 0x01, 0xFF, 0xFF, 0x00, 0x7E, 0x3D, 0xF0, 0x1F, 0x0F,
    0x1F, 0x07, 0xC1, 0xE0, 0xF1, 0xE0, 0x7C, 0x0E, 0x3C, 0x0F, 0x01, 0xCF, 0x03, 0xE0, 0x39, 0xC0,
    0x78, 0x07, 0x38, 0x0F, 0x01, 0xEF, 0x03, 0xE0, 0x3D, 0xC0, 0x78, 0x07, 0xB8, 0x0F, 0x01, 0xE7,
    0x03, 0xC0, 0x3C, 0xE0, 0x78, 0x0F, 0x1C, 0x0F, 0x01, 0xE3, 0xC3, 0xC0, 0x78, 0x38, 0x78, 0x1F,
    0x03, 0xCF, 0x0F, 0xC0, 0x3F, 0xEF, 0xF0, 0x03, 0xFF, 0xF8, 0x00, 0x3F, 0xFE, 0x00, 0x01, 0xFF,
    0x00, 0x00, 0x3C, 0x00, 0x00, 0x07, 0x00, 0x00, 0x00, 0xE0, 0x00, 0x00, 0x3C, 0x00, 0x00, 0x03,
    0x80, 0x00, 0x00, 0x20, 0x00, 0x00, 0x00, 0x00, 0x00, 0x00, 0x0F, 0x00, 0x18, 0x01, 0xE0, 0x07,
    0x00, 0x3C, 0x00, 0xE0, 0x07, 0x80, 0x3C, 0x00, 0xF0, 0x0F, 0x00, 0x0E, 0x03, 0xE0, 0x01, 0xC0,
    0x78, 0x00, 0x38, 0x1E, 0x00, 0x07, 0x87, 0xC0, 0x00, 0xF1, 0xF0, 0x00, 0x1E, 0x7C, 0x00, 0x01,
    0xDF, 0x00, 0x00, 0x3F, 0xC0, 0x00, 0x07, 0xF0, 0x00, 0x00, 0xFC, 0x00, 0x00, 0x1F, 0x00, 0x00,
    0x07, 0xC0, 0x00, 0x01, 0xFC, 0x00, 0x00, 0x7F, 0x80, 0x00, 0x1F, 0xF0, 0x00, 0x07, 0xCF, 0x00,
    0x01, 0xF1, 0xE0, 0x00, 0x7C, 0x1E, 0x00, 0x1F, 0x03, 0xE0, 0x07, 0xC0, 0x3C, 0x01, 0xF0, 0x03,
    0xE0, 0x3C, 0x00, 0x7E, 0x0F, 0x00, 0x03, 0x80, 0xC0, 0x00, 0x00, 0x00, 0x00, 0x00, 0x00, 0x00,
    0x00, 0x00, 0x80, 0x18, 0x00, 0x38, 0x03, 0x80, 0x07, 0x80, 0xF0, 0x01, 0xE0, 0x1E, 0x00, 0x3C,
    0x07, 0x80, 0x0F, 0x00, 0xF0, 0x01, 0xE0, 0x1C, 0x00, 0x3C, 0x07, 0x80, 0x0F, 0x00, 0xF0, 0x01,
    0xE0, 0x3C, 0x00, 0x78, 0x07, 0x80, 0x0F, 0x00, 0xE0, 0x03, 0xC0, 0x3C, 0x00, 0x78, 0x07, 0x80,
    0x0E, 0x01, 0xE0, 0x03, 0xC0, 0x3C, 0x00, 0x78, 0x07, 0x80, 0x0E, 0x00, 0xE0, 0x03, 0xC0, 0x3C,
    0x00, 0x78, 0x07, 0x80, 0x0E, 0x00, 0xE0, 0x03, 0xC0, 0x1C, 0x00, 0x78, 0x07, 0x80, 0x0F, 0x00,
    0x70, 0x01, 0xF0, 0x0F, 0xFF, 0xFF, 0x80, 0xFF, 0xFF, 0xF0, 0x0F, 0xFF, 0xFF, 0x00, 0x7F, 0x01,
    0xE0, 0x00, 0x00, 0x38, 0x00, 0x00, 0x0F, 0x00, 0x00, 0x03, 0xE0, 0x00, 0x00, 0x78, 0x00, 0x00,
    0x0F, 0x00, 0x00, 0x03, 0xC0, 0x00, 0x00, 0x78, 0x00, 0x00, 0x06, 0x00, 0x03, 0x00, 0x00, 0x0E,
    0x00, 0x00, 0x7C, 0x00, 0x01, 0xE0, 0x06, 0x07, 0x80, 0x3C, 0x3C, 0x00, 0xF0, 0xF0, 0x07, 0x87,
    0x80, 0x1E, 0x1E, 0x00, 0x70, 0xF0, 0x03, 0xC3, 0xC0, 0x0F, 0x0E, 0x00, 0x38, 0x38, 0x01, 0xE1,
    0xE0, 0x0F, 0x87, 0x80, 0x7C, 0x1C, 0x03, 0xF0, 0x70, 0x3F, 0xC1, 0xC3, 0xFE, 0x07, 0xFF, 0xF8,
    0x1F, 0xF9, 0xE0, 0x3F, 0xCF, 0x00, 0x7C, 0x3C, 0x00, 0x01, 0xE0, 0x00, 0x07, 0x80, 0x00, 0x1E,
    0x00, 0x00, 0xF0, 0x00, 0x03, 0xC0, 0x00, 0x0F, 0x00, 0x00, 0x3C, 0x00, 0x00, 0xE0, 0x00, 0x07,
    0x80, 0x00, 0x1E, 0x00, 0x00, 0x78, 0x00, 0x00, 0xC0, 0x00, 0x00, 0x30, 0x00, 0x00, 0x60, 0x07,
    0x80, 0x00, 0x0F, 0x00, 0x78, 0x00, 0x00, 0xF0, 0x0F, 0x80, 0xC0, 0x0F, 0x00, 0xF0, 0x1E, 0x01,
    0xE0, 0x1E, 0x01, 0xE0, 0x1E, 0x01, 0xE0, 0x1E, 0x01, 0xE0, 0x3C, 0x03, 0xE0, 0x3C, 0x03, 0xC0,
    0x3C, 0x03, 0xC0, 0x78, 0x03, 0xC0, 0x78, 0x07, 0x80, 0x78, 0x07, 0x80, 0x78, 0x07, 0x80, 0x78,
    0x0F, 0x00, 0xF8, 0x0F, 0x00, 0xF0, 0x0F, 0x00, 0xF0, 0x0F, 0x00, 0xF0, 0x0E, 0x01, 0xE0, 0x1E,
    0x01, 0xE0, 0x1E, 0x01, 0xE0, 0x1E, 0x03, 0xC0, 0x1E, 0x03, 0xC0, 0x3C, 0x03, 0xC0, 0x3C, 0x03,
    0xC0, 0x3C, 0x03, 0xC0, 0x78, 0x03, 0x80, 0x78, 0x07, 0x80, 0x78, 0x07, 0x80, 0x78, 0x07, 0x80,
    0x78, 0x07, 0x00, 0x70, 0x0F, 0x00, 0xF0, 0x0F, 0x00, 0xF0, 0x0F, 0x00, 0xF0, 0x0F, 0x00, 0xF8,
    0x0E, 0x07, 0xE0, 0x07, 0xFF, 0xFF, 0xFE, 0x00, 0x7F, 0xFF, 0xFF, 0xE0, 0x03, 0xFF, 0xFF, 0xE0,
    0x00, 0x00, 0xC0, 0x00, 0x00, 0x00, 0x1E, 0x00, 0x00, 0x00, 0x01, 0xE0, 0x00, 0x00, 0x00, 0x3C,
    0x00, 0xE0, 0x0C, 0x03, 0xC0, 0x1E, 0x01, 0xE0, 0x7C, 0x01, 0xE0, 0x1E, 0x07, 0x80, 0x1C, 0x03,
    0xE0, 0x78, 0x03, 0xC0, 0x3C, 0x0F, 0x00, 0x3C, 0x03, 0xC0, 0xF0, 0x07, 0x80, 0x78, 0x1E, 0x00,
    0x78, 0x07, 0x81, 0xE0, 0x07, 0x80, 0x78, 0x1E, 0x00, 0xF0, 0x0F, 0x03, 0xC0, 0x0F, 0x00, 0xF0,
    0x3C, 0x00, 0xF0, 0x1E, 0x03, 0xC0, 0x0F, 0x01, 0xE0, 0x78, 0x01, 0xE0, 0x1E, 0x07, 0x80, 0x1E,
    0x03, 0xC0, 0x78, 0x01, 0xE0, 0x3C, 0x07, 0x80, 0x3C, 0x03, 0xC0, 0x78, 0x03, 0xC0, 0x7C, 0x07,
    0x00, 0x3C, 0x07, 0x80, 0x78, 0x03, 0xC0, 0x7F, 0x87, 0x80, 0x7F, 0xFF, 0xF8, 0x3F, 0xFF, 0xFF,
    0xFF, 0x81, 0xFF, 0xFF, 0xFF, 0xF8, 0x07, 0xFF, 0xF0, 0x0F, 0x00, 0x00, 0x00, 0x01, 0xF0, 0x00,
    0x00, 0x00, 0x1E, 0x00, 0x00, 0x00, 0x03, 0xE0, 0x00, 0x00, 0x00, 0x3C, 0x00, 0x00, 0x00, 0x07,
    0xC0, 0x00, 0x00, 0x00, 0x78, 0x00, 0x00, 0x00, 0x07, 0x80, 0x00, 0x00, 0x00, 0xF0, 0x00, 0x00,
    0x00, 0x0F, 0x00, 0x00, 0x00, 0x00, 0x60, 0x00, 0x00, 0x00, 0x00, 0x00, 0x00, 0x18, 0x00, 0x00,
    0x00, 0x3C, 0x00, 0x00, 0x00, 0x3C, 0x00, 0x00, 0x00, 0x3C, 0x00, 0x0C, 0x00, 0x78, 0x00, 0x0E,
    0x00, 0xF8, 0x00, 0x1F, 0x00, 0xF0, 0x00, 0x1E, 0x01, 0xF0, 0x00, 0x1E, 0x01, 0xE0, 0x00, 0x3E,
    0x01, 0xE0, 0x00, 0x3C, 0x03, 0xF8, 0x00, 0x7C, 0x03, 0xFC, 0x00, 0x78, 0x07, 0x9F, 0x00, 0x78,
    0x07, 0x87, 0x00, 0xF0, 0x0F, 0x03, 0x80, 0xF0, 0x0F, 0x03, 0xC1, 0xF0, 0x0F, 0x01, 0xC1, 0xE0,
    0x1E, 0x01, 0xE1, 0xE0, 0x1E, 0x01, 0xE3, 0xC0, 0x3E, 0x01, 0xE3, 0xC0, 0x3C, 0x03, 0xC3, 0xC0,
    0x3C, 0x03, 0xC7, 0x80, 0x7C, 0x07, 0xC7, 0x80, 0x78, 0x0F, 0x87, 0x80, 0x78, 0x1F, 0x8F, 0x00,
    0x78, 0x3F, 0x0F, 0x00, 0xF8, 0xFE, 0x0F, 0x00, 0xFF, 0xFC, 0x1E, 0x00, 0x7F, 0xF0, 0x1E, 0x00,
    0x3F, 0xC0, 0x0E, 0x00, 0x06, 0x00, 0x00, 0x00, 0x00, 0x00, 0x00, 0x0E, 0x00, 0x07, 0x80, 0x01,
    0xE0, 0x00, 0x78, 0x00, 0x3C, 0x00, 0x0F, 0x00, 0x07, 0x80, 0x01, 0xE0, 0x00, 0x70, 0x00, 0x3E,
    0x00, 0x0F, 0xF0, 0x07, 0xFE, 0x01, 0xEF, 0xC0, 0x78, 0x78, 0x3C, 0x1E, 0x0F, 0x03, 0x83, 0x80,
    0xE1, 0xE0, 0x38, 0x78, 0x0E, 0x3C, 0x07, 0x8F, 0x01, 0xE3, 0xC0, 0xF1, 0xE0, 0x7C, 0x78, 0x3E,
    0x1C, 0x1F, 0x0F, 0x0F, 0xC3, 0xFF, 0xE0, 0x7F, 0xE0, 0x0F, 0xF0, 0x00, 0xE0, 0x00, 0x00, 0x0C,
    0x00, 0x01, 0xFC, 0x00, 0x1F, 0xF0, 0x01, 0xFF, 0xC0, 0x1F, 0x1F, 0x00, 0xF0, 0x38, 0x07, 0x01,
    0xC0, 0x00, 0x0E, 0x00, 0x00, 0x70, 0x00, 0x03, 0x80, 0x00, 0x1C, 0x00, 0x00, 0xE0, 0x00, 0x07,
    0x00, 0x00, 0x78, 0x07, 0xFF, 0xC0, 0x3F, 0xFC, 0x01, 0xFF, 0xE0, 0x07, 0xFF, 0x00, 0x00, 0xF0,
    0x00, 0x07, 0x80, 0x00, 0x78, 0x00, 0x03, 0xC0, 0x00, 0x3E, 0x00, 0x03, 0xE0, 0x40, 0x1E, 0x07,
    0x01, 0xF0, 0x3C, 0x3F, 0x00, 0xFF, 0xF0, 0x03, 0xFF, 0x00, 0x0F, 0xF0, 0x00, 0x1E, 0x00, 0x00,
    0x00, 0x00, 0x00, 0x00, 0x00, 0x1F, 0xF8, 0x00, 0x0F, 0xFF, 0x00, 0x07, 0xFF, 0xE0, 0x01, 0xFE,
    0x3C, 0x00, 0x7E, 0x07, 0x80, 0x1F, 0x01, 0xE0, 0x07, 0xC0, 0x3C, 0x00, 0xF0, 0x0F, 0x00, 0x3C,
    0x01, 0xE0, 0x07, 0x80, 0x3C, 0x00, 0xE0, 0x0F, 0x00, 0x1C, 0x01, 0xE0, 0x03, 0x80, 0x3C, 0x00,
    0x70, 0x3F, 0x00, 0x0F, 0x1F, 0xE0, 0x00, 0xFF, 0xFC, 0x00, 0x1F, 0xFF, 0x00, 0x00, 0xFF, 0xE0,
    0x00, 0x0F, 0xBC, 0x00, 0x03, 0xE7, 0x80, 0x00, 0xF8, 0xE0, 0x00, 0x3F, 0x3C, 0x00, 0x0F, 0xC7,
    0x80, 0x03, 0xF0, 0xF0, 0x00, 0xFC, 0x3C, 0x00, 0x3E, 0x07, 0x80, 0x0F, 0x80, 0xF0, 0x07, 0xE0,
    0x1E, 0x00, 0xF8, 0x03, 0xC0, 0x1E, 0x00, 0xF0, 0x01, 0x00, 0x0E, 0x00, 0x00, 0x01, 0xC0, 0x00,
    0x00, 0x78, 0x00, 0x1F, 0x80, 0x07, 0xF8, 0x01, 0xF7, 0x80, 0x78, 0xF0, 0x1F, 0x1E, 0x03, 0xC3,
    0xC0, 0xF0, 0xF8, 0x1E, 0x3F, 0x07, 0x8F, 0xE0, 0xE7, 0xFC, 0x3D, 0xF3, 0xC7, 0xFC, 0x7E, 0xFF,
    0x07, 0xCF, 0x80, 0x30, 0xC0, 0x00, 0x00, 0x00, 0x30, 0x00, 0xFF, 0x80, 0x0F, 0xFC, 0x00, 0xFF,
    0xE0, 0x0F, 0x80, 0x00, 0x78, 0x00, 0x03, 0x80, 0x00, 0x1C, 0x00, 0x00, 0xE0, 0x00, 0x07, 0x00,
    0x00, 0x38, 0x00, 0x01, 0xC0, 0x00, 0x4E, 0x00, 0x07, 0x70, 0x00, 0x7B, 0x80, 0x07, 0xDE, 0x00,
    0x3C, 0xF0, 0x03, 0xC7, 0x00, 0x3E, 0x78, 0x01, 0xE3, 0xC0, 0x0F, 0x3E, 0x00, 0x71, 0xE0, 0x03,
    0x9F, 0x00, 0x1F, 0xF0, 0x00, 0xFF, 0x00, 0x03, 0xF0, 0x00, 0x07, 0x00, 0x00, 0x00, 0x00, 0x00,
    0x00, 0x3C, 0x00, 0x07, 0xE0, 0x01, 0xFF, 0x00, 0x3E, 0x70, 0x07, 0xCE, 0x00, 0x78, 0xE0, 0x0F,
    0x1C, 0x01, 0xE3, 0xC0, 0x3C, 0x78, 0x03, 0xCF, 0x00, 0x79, 0xE0, 0x07, 0x7C, 0x00, 0xFF, 0x80,
    0x1F, 0xE0, 0x01, 0xFC, 0x00, 0x1F, 0xC0, 0x01, 0xCE, 0x00, 0x3C, 0xE0, 0x03, 0xCE, 0x00, 0x38,
    0xE0, 0x07, 0x9E, 0x00, 0x79, 0xE0, 0x07, 0x9C, 0x00, 0x7B, 0xC0, 0x07, 0xF8, 0x00, 0x7F, 0x00,
    0x03, 0xE0, 0x00, 0x3C, 0x00, 0x00, 0x01, 0xF8, 0x3F, 0xF0, 0xFF, 0xC7, 0xC0, 0x1E, 0x00, 0x78,
    0x01, 0xC0, 0x0F, 0x00, 0x3C, 0x00, 0xE0, 0x07, 0x80, 0x1E, 0x00, 0x70, 0x01, 0xC0, 0x0F, 0x00,
    0x18, 0x00, 0x00, 0x00, 0x07, 0xC0, 0x1F, 0xE0, 0x3F, 0xE0, 0x03, 0xE0, 0x01, 0xC0, 0x03, 0xC0,
    0x03, 0x80, 0x07, 0x00, 0x0E, 0x00, 0x1C, 0x00, 0x38, 0x00, 0x70, 0x3F, 0xE1, 0xFF, 0xC7, 0xFF,
    0x9F, 0x1E, 0x3C, 0x3C, 0xF0, 0x79, 0xC1, 0xE7, 0x83, 0xCE, 0x0F, 0x1C, 0x3E, 0x38, 0xF8, 0x73,
    0xE0, 0xFF, 0x80, 0xFE, 0x00, 0xF8, 0x00, 0x00, 0x00, 0x03, 0xE0, 0x3F, 0x83, 0xFE, 0x3C, 0x73,
    0xC3, 0x9C, 0x39, 0xFF, 0xCF, 0xFC, 0x7F, 0xC7, 0x80, 0x3C, 0x01, 0xE0, 0xC7, 0x1E, 0x3F, 0xE0,
    0xFE, 0x03, 0xE0, 0x00, 0x00, 0x00, 0x00, 0x00, 0x00, 0x03, 0x00, 0x01, 0xC3, 0xC0, 0xC0, 0xF1,
    0xE0, 0xF0, 0x38, 0xF0, 0xF8, 0x1E, 0x70, 0xF8, 0x07, 0xB8, 0xF8, 0x01, 0xFC, 0xF8, 0x00, 0xFD,
    0xF8, 0x00, 0xFF, 0xF0, 0x00, 0xFF, 0xF0, 0x00, 0xF7, 0xF0, 0x00, 0xF3, 0xDC, 0x01, 0xF3, 0xCF,
    0x01, 0xF1, 0xE3, 0xC1, 0xF0, 0xF1, 0xE0, 0xF0, 0x30, 0x78, 0x70, 0x00, 0x1C, 0x00, 0x00, 0x00,
    0x00, 0x00, 0x07, 0xC0, 0x00, 0xFE, 0x00, 0x1F, 0xF0, 0x01, 0xF7, 0x00, 0x1C, 0x30, 0x00, 0x07,
    0x00, 0x00, 0x70, 0x00, 0x0E, 0x00, 0x01, 0xE0, 0x00, 0x7C, 0x00, 0x0F, 0x80, 0x03, 0xF0, 0x00,
    0x3C, 0x00, 0x03, 0xC0, 0x00, 0x1C, 0x00, 0x00, 0xE0, 0x00, 0x0E, 0x00, 0x00, 0xF8, 0x00, 0x7F,
    0xC0, 0x3F, 0xFC, 0x0F, 0xFF, 0x81, 0xFF, 0xC0, 0x3E, 0x3C, 0x07, 0x87, 0x80, 0x70, 0xF8, 0x06,
    0x1F, 0x00, 0x7F, 0xE0, 0x03, 0xFC, 0x00, 0x0F, 0x00, 0x00, 0x04, 0x00, 0x1C, 0x38, 0x78, 0xF0,
    0xF1, 0xE3, 0xC3, 0xC7, 0x87, 0x8F, 0x0E, 0x3C, 0x3C, 0x78, 0x70, 0xE1, 0xE1, 0xC7, 0xC3, 0xFF,
    0x87, 0xFF, 0x07, 0xCF, 0x07, 0x0E, 0x00, 0x1C, 0x00, 0x00, 0x00, 0x02, 0x03, 0x07, 0x03, 0x9F,
    0x03, 0xFE, 0x01, 0xFC, 0x00, 0xF0, 0x00, 0x00, 0x00, 0x00, 0x00, 0x08, 0x0C, 0x1C, 0x1E, 0x3C,
    0x3C, 0x3C, 0x3C, 0x78, 0x38, 0x78, 0x78, 0xF0, 0x71, 0xF0, 0x71, 0xE0, 0xE3, 0xE0, 0xEF, 0xE0,
    0xFE, 0xE0, 0xFC, 0xE0, 0x78, 0xE0, 0x30, 0xF0, 0x00, 0x60, 0x06, 0x00, 0x0F, 0x06, 0x0F, 0x0F,
    0x0F, 0x1E, 0x1E, 0x3E, 0x1E, 0x78, 0x3C, 0xF0, 0x3F, 0xE0, 0x3F, 0xC0, 0x7F, 0x80, 0x7B, 0x80,
    0xFB, 0xC0, 0xF1, 0xC0, 0xF1, 0xE0, 0xF0, 0xF8, 0x60, 0xF8, 0x00, 0x30, 0x00, 0x00, 0x00, 0x7E,
    0x00, 0xFF, 0x80, 0x7F, 0xE0, 0x1E, 0x70, 0x0E, 0x38, 0x07, 0x3C, 0x07, 0x9E, 0x03, 0x8E, 0x03,
    0xCF, 0x03, 0xC7, 0x81, 0xE3, 0x81, 0xE1, 0xC3, 0xE1, 0xE3, 0xF0, 0xE3, 0xE0, 0x70, 0xE0, 0x10,
    0x00, 0x00, 0x00, 0x00, 0xE0, 0x38, 0x03, 0xC0, 0xF0, 0x0F, 0x83, 0xE0, 0x3F, 0x8F, 0xC0, 0x7F,
    0x3F, 0x81, 0xEE, 0xFE, 0x07, 0x9F, 0xFC, 0x0F, 0x3F, 0x78, 0x3C, 0x7C, 0xF0, 0xF0, 0xF9, 0xE3,
    0xE1, 0xE3, 0xC7, 0x83, 0x87, 0x8E, 0x03, 0x0F, 0x0C, 0x00, 0x0E, 0x00, 0x00, 0x1C, 0x00, 0x00,
    0x00, 0x02, 0x00, 0x03, 0x80, 0x01, 0xE1, 0xC0, 0xE0, 0xF0, 0xF0, 0xF0, 0x78, 0x78, 0x78, 0x38,
    0x3C, 0x3C, 0x1F, 0xFE, 0x1F, 0xFF, 0x0F, 0xFF, 0x07, 0x07, 0x87, 0x83, 0x83, 0xC3, 0xC1, 0xC1,
    0xE0, 0xE0, 0x60, 0x70, 0x00, 0x00, 0x00, 0x00, 0x00, 0xF0, 0x07, 0xF0, 0x1F, 0xF0, 0x7F, 0xE1,
    0xF1, 0xC3, 0xC3, 0x8F, 0x0F, 0x1E, 0x1E, 0x78, 0x38, 0xF0, 0xF1, 0xE3, 0xC3, 0xCF, 0x87, 0xFE,
    0x0F, 0xF8, 0x0F, 0xE0, 0x0F, 0x00, 0x00, 0x00, 0x0F, 0xF8, 0x0F, 0xFE, 0x1F, 0xFE, 0x1E, 0x1E,
    0x1E, 0x1E, 0x3C, 0x1E, 0x3C, 0x1E, 0x3C, 0x3C, 0x7C, 0x3C, 0x78, 0x7C, 0x78, 0x78, 0xF0, 0x78,
    0xF0, 0x78, 0xF0, 0x70, 0xF0, 0x30, 0x60, 0x00, 0x00, 0x00, 0x00, 0x30, 0x00, 0x1E, 0x00, 0x07,
    0x80, 0x01, 0xC0, 0x00, 0xFF, 0xC0, 0x3F, 0xF8, 0x0F, 0xFE, 0x07, 0xC7, 0xC1, 0xE1, 0xF0, 0x70,
    0x78, 0x38, 0x3E, 0x0E, 0x1F, 0x03, 0xBF, 0x81, 0xFF, 0xC0, 0x7F, 0xC0, 0x1F, 0xC0, 0x0F, 0x00,
    0x03, 0xC0, 0x00, 0xE0, 0x00, 0x38, 0x00, 0x1E, 0x00, 0x07, 0x80, 0x01, 0xC0, 0x00, 0x70, 0x00,
    0x3C, 0x00, 0x0F, 0x00, 0x01, 0x80, 0x00, 0x00, 0x00, 0x0F, 0xC0, 0x7F, 0x83, 0xFE, 0x0F, 0x38,
    0x78, 0xE3, 0xC7, 0x8F, 0x0C, 0x38, 0x01, 0xE0, 0x07, 0x81, 0x9C, 0x1E, 0x70, 0xF9, 0xFF, 0xC7,
    0xFE, 0x0F, 0xE0, 0x1E, 0x00, 0x00, 0x00, 0x00, 0xC0, 0x00, 0x0F, 0x00, 0x00, 0x79, 0xC0, 0x03,
    0x9F, 0x00, 0x1D, 0xF8, 0xE1, 0xFF, 0xEF, 0x8F, 0xFF, 0xFE, 0x7F, 0x3F, 0xF7, 0xF3, 0xF7, 0xBF,
    0x1F, 0x3D, 0xF0, 0xF1, 0xEF, 0x8F, 0x8F, 0x78, 0x78, 0x79, 0x81, 0x81, 0xC0, 0x00, 0x00, 0x00,
    0x00, 0x00, 0x03, 0x00, 0x00, 0x38, 0x0C, 0x01, 0xC0, 0xE0, 0x0E, 0x0F, 0x00, 0x78, 0x78, 0x03,
    0xC3, 0xC0, 0x1E, 0x3C, 0x00, 0xF1, 0xE0, 0x07, 0x9E, 0x00, 0x3C, 0xF0, 0x01, 0xE7, 0x00, 0x0F,
    0x78, 0x00, 0x3F, 0x80, 0x01, 0xFC, 0x00, 0x07, 0xC0, 0x00, 0x1E, 0x00, 0x01, 0xE0, 0x00, 0x0F,
    0x00, 0x00, 0xF0, 0x00, 0x07, 0x80, 0x00, 0x78, 0x01, 0x07, 0x80, 0x1F, 0xF8, 0x00, 0x7F, 0x80,
    0x01, 0xF8, 0x00, 0x00, 0x00, 0x00, 0x00, 0x06, 0x00, 0x00, 0x1E, 0x00, 0x00, 0x3C, 0x00, 0x00,
    0x70, 0x00, 0x01, 0xE0, 0x00, 0x7B, 0xCC, 0x03, 0xFF, 0x7E, 0x07, 0xFF, 0xFE, 0x1E, 0xFF, 0xDC,
    0x79, 0xFE, 0x38, 0xE3, 0xF0, 0x73, 0xC7, 0xC1, 0xE7, 0x0F, 0x03, 0x8E, 0x3E, 0x0F, 0x38, 0xFC,
    0x7C, 0x73, 0xFF, 0xF0, 0xFF, 0xDF, 0xC1, 0xFF, 0x9F, 0x03, 0xEF, 0x00, 0x03, 0x9C, 0x00, 0x00,
    0x78, 0x00, 0x00, 0xE0, 0x00, 0x01, 0xC0, 0x00, 0x07, 0x80, 0x00, 0x0F, 0x00, 0x00, 0x1C, 0x00,
    0x00, 0x78, 0x00, 0x00, 0xF0, 0x00, 0x01, 0xE0, 0x00, 0x01, 0x80, 0x00, 0x00, 0x00, 0x00, 0x38,
    0x1C, 0x70, 0x78, 0xF1, 0xF0, 0xEF, 0xC1, 0xFE, 0x01, 0xF8, 0x03, 0xE0, 0x0F, 0x80, 0x3F, 0x80,
    0xFF, 0x83, 0xEF, 0x8F, 0x8F, 0x9E, 0x0F, 0xC0, 0x0F, 0x80, 0x07, 0x00, 0x00, 0x0E, 0x0C, 0x0E,
    0x1E, 0x1E, 0x1E, 0x1E, 0x1E, 0x1E, 0x1C, 0x3C, 0x3C, 0x3C, 0x3C, 0x78, 0x78, 0x78, 0x78, 0x70,
    0x78, 0xF0, 0xFC, 0xF0, 0xFF, 0xF3, 0xFF, 0xFF, 0xFF, 0x7F, 0xDF, 0x3F, 0x1E, 0x00, 0x1E, 0x00,
    0x3C, 0x00, 0x3C, 0x00, 0x38, 0x00, 0x10, 0x0E, 0x00, 0x1E, 0x00, 0x78, 0x38, 0xF0, 0xF3, 0xC3,
    0xE7, 0x8F, 0x9E, 0x3E, 0x3C, 0xF8, 0x7F, 0xF0, 0xFF, 0xC1, 0xFF, 0x81, 0xDE, 0x00, 0x3C, 0x00,
    0x78, 0x00, 0xF0, 0x01, 0xF0, 0x01, 0xC0, 0x00, 0x00, 0x08, 0x00, 0x00, 0x3C, 0x70, 0x00, 0x78,
    0xE0, 0xE1, 0xF3, 0xE1, 0xC3, 0xC7, 0x87, 0xCF, 0x1F, 0x1F, 0x1E, 0x7E, 0x7E, 0x79, 0xF8, 0xFC,
    0xF7, 0xF7, 0xF1, 0xFF, 0xEF, 0xE3, 0xFD, 0xFD, 0xE7, 0xF3, 0xF1, 0xF7, 0x83, 0xC1, 0xE6, 0x03,
    0x01, 0x80, 0x00, 0x00, 0x00, 0x70, 0x00, 0x03, 0xC0, 0x18, 0x3C, 0x61, 0xE1, 0xE3, 0x8F, 0x1E,
    0x1C, 0xF0, 0xF0, 0xE7, 0x87, 0x0F, 0x3C, 0x78, 0x71, 0xC3, 0xC7, 0x9E, 0x1E, 0x3C, 0xF0, 0xE1,
    0xCF, 0xC7, 0x9F, 0xFF, 0x3F, 0xFF, 0xF8, 0xFF, 0xFF, 0xC3, 0xFC, 0x1E, 0x00, 0x01, 0xF0, 0x00,
    0x0F, 0x00, 0x00, 0xF8, 0x00, 0x07, 0x80, 0x00, 0x10, 0x00, 0x1F, 0x87, 0xFC, 0x7F, 0xC7, 0x3C,
    0x07, 0x80, 0x70, 0x0F, 0xC1, 0xFE, 0x1F, 0xF3, 0xC7, 0x3C, 0x77, 0x8F, 0x78, 0xF7, 0x1E, 0x77,
    0xC7, 0xF8, 0x3F, 0x01, 0xE0, 0x06, 0x00, 0x10, 0x1C, 0x00, 0xE0, 0xF0, 0x03, 0xC3, 0x80, 0x0E,
    0x1E, 0x00, 0x78, 0x73, 0xE1, 0xE1, 0xDF, 0xC7, 0x0F, 0xFF, 0x3C, 0x3F, 0x9C, 0xF0, 0xFC, 0x73,
    0x87, 0xE3, 0xDE, 0x1F, 0x1E, 0x78, 0x78, 0xF9, 0xC1, 0xFF, 0xCF, 0x07, 0xFC, 0x3C, 0x03, 0xC0,
    0x70, 0x00, 0x00, 0x00, 0x02, 0x00, 0x38, 0x03, 0xE0, 0x1E, 0x01, 0xF0, 0x0F, 0x00, 0xF8, 0x07,
    0xF0, 0x7F, 0xE3, 0xC3, 0x1C, 0x1D, 0xE1, 0xEF, 0x3F, 0x7F, 0xF3, 0xFF, 0x9F, 0xF0, 0x7E, 0x00,
    0x00, 0x00, 0x03, 0xF0, 0x0F, 0xF0, 0x1F, 0xF0, 0x3F, 0xE0, 0x61, 0xC0, 0x03, 0xC0, 0x07, 0x01,
    0xFE, 0x07, 0xFC, 0x0F, 0xF8, 0x00, 0xE0, 0x03, 0xC0, 0x1F, 0x00, 0xFC, 0x1F, 0xF0, 0x3F, 0x80,
    0x3C, 0x00, 0x00, 0x00, 0x00, 0x38, 0x0E, 0x00, 0xE0, 0x7F, 0x03, 0x83, 0xFE, 0x1E, 0x1F, 0xF8,
    0x78, 0x79, 0xC1, 0xE3, 0xC7, 0x87, 0xBF, 0x1E, 0x3F, 0xF8, 0x78, 0xFF, 0xE1, 0xE7, 0xFF, 0x07,
    0x3F, 0x1C, 0x3C, 0xF8, 0x71, 0xF3, 0xE1, 0xFF, 0x8F, 0x07, 0xFC, 0x3C, 0x0F, 0xE0, 0x70, 0x1F,
    0x00, 0x80, 0x00, 0x00, 0x00, 0xE0, 0x07, 0xF0, 0x1F, 0xF0, 0x71, 0xC1, 0xC3, 0x83, 0x8F, 0x07,
    0x1C, 0x0C, 0x78, 0x1C, 0xE0, 0x3F, 0xF0, 0x3F, 0xF0, 0x3F, 0xE0, 0x73, 0xC1, 0xEF, 0x0F, 0x9E,
    0x7E, 0x78, 0xF8, 0x70, 0xE0, 0xC0, 0x01, 0x86, 0x03, 0x8F, 0x03, 0xCF, 0x07, 0x9E, 0x03, 0x8E,
    0x00, 0x04, 0x00, 0x00, 0x03, 0xE0, 0x07, 0xF0, 0x0F, 0xF8, 0x1E, 0x38, 0x3C, 0x38, 0x38, 0x70,
    0x7F, 0xF0, 0x7F, 0xE0, 0x7F, 0xC0, 0xF0, 0x00, 0xF0, 0x00, 0xF0, 0x60, 0x71, 0xE0, 0x7F, 0xC0,
    0x3F, 0x80, 0x1F, 0x00, 0x00, 0x00, 0x01, 0xE0, 0x1F, 0xE0, 0xFF, 0x87, 0xCF, 0x3E, 0x3D, 0xF0,
    0xF7, 0xF9, 0xBF, 0xE0, 0xFF, 0x83, 0xC0, 0x0E, 0x07, 0x38, 0x3E, 0xF3, 0xF1, 0xFF, 0x87, 0xFC,
    0x0F, 0x80, 0x00, 0x00, 0x02, 0x03, 0x81, 0xE1, 0xF0, 0xF0, 0x30, 0x00, 0x00, 0x00, 0x00, 0x06,
    0x03, 0x83, 0xC1, 0xE0, 0xE0, 0xF0, 0x78, 0x78, 0x3C, 0x1E, 0x0E, 0x07, 0x01, 0x00, 0x18, 0x63,
    0x8E, 0x3C, 0xF7, 0x9E, 0x38, 0xE0, 0x00, 0x00, 0x00, 0x00, 0x00, 0x00, 0x00, 0x18, 0x01, 0xC0,
    0x3C, 0x03, 0xC0, 0x38, 0x07, 0x80, 0x78, 0x0F, 0x00, 0xF0, 0x0F, 0x00, 0xE0, 0x0E, 0x00, 0x60,
    0x00, 0x00, 0x00, 0x10, 0x00, 0xC1, 0xC0, 0x07, 0x3E, 0x00, 0x3F, 0xE0, 0x00, 0xFE, 0x00, 0x03,
    0xC0, 0x00, 0x00, 0x00, 0x00, 0x00, 0x00, 0x60, 0x00, 0x07, 0x01, 0x80, 0x38, 0x1C, 0x01, 0xC1,
    0xE0, 0x0F, 0x0F, 0x00, 0x78, 0x78, 0x03, 0xC7, 0x80, 0x1E, 0x3C, 0x00, 0xF3, 0xC0, 0x07, 0x9E,
    0x00, 0x3C, 0xE0, 0x01, 0xEF, 0x00, 0x07, 0xF0, 0x00, 0x3F, 0x80, 0x00, 0xF8, 0x00, 0x03, 0xC0,
    0x00, 0x3C, 0x00, 0x01, 0xE0, 0x00, 0x1E, 0x00, 0x00, 0xF0, 0x00, 0x0F, 0x00, 0x20, 0xF0, 0x03,
    0xFF, 0x00, 0x0F, 0xF0, 0x00, 0x3F, 0x00, 0x00, 0x00, 0x00, 0x00, 0x00, 0x01, 0x80, 0x00, 0x38,
    0x00, 0x07, 0x00, 0x01, 0xE0, 0x00, 0x3C, 0x03, 0xFF, 0x00, 0xFF, 0xC0, 0x1F, 0xF8, 0x03, 0x80,
    0x00, 0xF0, 0x00, 0x1E, 0x00, 0x03, 0x80, 0x00, 0xF0, 0x00, 0x1E, 0x00, 0x03, 0xC0, 0x00, 0x70,
    0x00, 0x1E, 0x00, 0x03, 0xC0, 0x01, 0xF0, 0x00, 0x7E, 0x00, 0x07, 0x80, 0x00, 0x70, 0x00, 0x00,
    0x00, 0x00, 0x00, 0x00, 0x0E, 0x00, 0x03, 0xFF, 0x80, 0x1F, 0xFF, 0xC0, 0x7F, 0xFF, 0xE0, 0x7F,
    0xC1, 0xC0, 0x3F, 0x00, 0x00, 0x07, 0x80, 0x00, 0x03, 0x80, 0x00, 0x03, 0xC0, 0x00, 0x01, 0xE0,
    0x00, 0x00, 0xE0, 0x00, 0x00, 0xF0, 0x00, 0x00, 0x70, 0x00, 0x00, 0x7F, 0xF8, 0x00, 0xFF, 0xFC,
    0x00, 0xFF, 0xE0, 0x00, 0x3E, 0x00, 0x00, 0x0E, 0x00, 0x00, 0x07, 0x00, 0x00, 0x07, 0x80, 0x00,
    0x03, 0x80, 0x00, 0x03, 0xC0, 0x00, 0x01, 0xE0, 0x00, 0x00, 0xF0, 0x00, 0x00, 0x70, 0x00, 0x00,
    0x78, 0x00, 0x00, 0x3C, 0x00, 0x00, 0x1E, 0x00, 0x00, 0x06, 0x00, 0x00, 0x00, 0x00, 0xFC, 0x0F,
    0xFC, 0x1F, 0xF8, 0x7C, 0x00, 0xF0, 0x01, 0xE0, 0x03, 0xF0, 0x3F, 0xF0, 0x7F, 0xE0, 0x78, 0x00,
    0xF0, 0x01, 0xE0, 0x03, 0x80, 0x07, 0x00, 0x1E, 0x00, 0x18, 0x00, 0x00, 0x00, 0x00, 0x08, 0x00,
    0x00, 0x0E, 0x00, 0x60, 0x03, 0xC0, 0x38, 0x01, 0xE0, 0x3F, 0x00, 0x78, 0x1F, 0x80, 0x3C, 0x1F,
    0x80, 0x0F, 0x0F, 0xC0, 0x07, 0x87, 0xE0, 0x01, 0xE3, 0xE0, 0x00, 0xFB, 0xF0, 0x00, 0x3D, 0xF8,
    0x00, 0x0F, 0xF8, 0x00, 0x07, 0xFC, 0x00, 0x01, 0xFE, 0x00, 0x00, 0xFE, 0x00, 0x00, 0x3F, 0x80,
    0x00, 0x0F, 0xE0, 0x00, 0x07, 0xF8, 0x00, 0x01, 0xEE, 0x00, 0x00, 0x7B, 0xC0, 0x00, 0x3C, 0xF0,
    0x00, 0x0F, 0x1E, 0x00, 0x03, 0xC7, 0x80, 0x01, 0xE0, 0xF0, 0x00, 0x78, 0x1E, 0x00, 0x1E, 0x07,
    0xC0, 0x0F, 0x00, 0xFE, 0x03, 0xC0, 0x1F, 0xE0, 0xE0, 0x03, 0xF8, 0x18, 0x00, 0x3E, 0x00, 0x00,
    0x07, 0x80, 0x00, 0x03, 0xC0, 0x00, 0x00, 0xF0, 0x00, 0x00, 0x78, 0x00, 0x00, 0x1E, 0x00, 0x00,
    0x07, 0x00, 0x00, 0x00, 0x80, 0x00, 0x06, 0x08, 0x0F, 0x1C, 0x0F, 0x1E, 0x0F, 0x3C, 0x1E, 0x7C,
    0x1E, 0xF8, 0x1F, 0xF0, 0x3F, 0xE0, 0x3F, 0x80, 0x7F, 0x80, 0x7B, 0x80, 0x73, 0xC0, 0xF1, 0xC0,
    0xF0, 0xE0, 0xE0, 0xFE, 0xE0, 0x7E, 0xE0, 0xFC, 0x01, 0xF0, 0x03, 0xF0, 0x07, 0xB0, 0x07, 0x70,
    0x0E, 0xF0, 0x0F, 0xE0, 0x07, 0xE0, 0x03, 0xC0, 0x00, 0x00, 0x00, 0x08, 0x00, 0x00, 0x00, 0xE0,
    0x00, 0x00, 0x0F, 0x00, 0x18, 0x00, 0x78, 0x01, 0xE0, 0x03, 0xC0, 0x0F, 0x80, 0x3C, 0x00, 0x78,
    0x01, 0xC0, 0x07, 0x80, 0x1E, 0x00, 0x3C, 0x00, 0xE0, 0x01, 0xC0, 0x0F, 0x00, 0x1E, 0x00, 0x78,
    0x00, 0xF0, 0x07, 0x80, 0x07, 0x00, 0x3C, 0x00, 0x78, 0x01, 0xE0, 0x03, 0xC0, 0x1E, 0x00, 0x1C,
    0x00, 0xFF, 0xFF, 0xE0, 0x07, 0xFF, 0xFF, 0x00, 0x7F, 0xFF, 0xF0, 0x03, 0xC0, 0x07, 0x80, 0x1E,
    0x00, 0x3C, 0x01, 0xE0, 0x01, 0xE0, 0x0F, 0x00, 0x0E, 0x00, 0x78, 0x00, 0xF0, 0x03, 0x80, 0x07,
    0x80, 0x3C, 0x00, 0x38, 0x01, 0xE0, 0x03, 0xC0, 0x0F, 0x00, 0x1E, 0x00, 0x70, 0x00, 0xE0, 0x07,
    0x80, 0x07, 0xF8, 0x3C, 0x00, 0x7F, 0xE1, 0xC0, 0x03, 0xFF, 0x0E, 0x00, 0x0F, 0xF0, 0x70, 0x00,
    0x07, 0x80, 0x00, 0x00, 0x78, 0x00, 0x00, 0x03, 0xC0, 0x00, 0x00, 0x3C, 0x00, 0x00, 0x01, 0xE0,
    0x00, 0x00, 0x1E, 0x00, 0x00, 0x00, 0xF0, 0x00, 0x00, 0x07, 0x00, 0x00, 0x00, 0x10, 0x00, 0x02,
    0x00, 0x01, 0xC0, 0x00, 0x78, 0x78, 0x1C, 0x1E, 0x0F, 0x07, 0x83, 0xC3, 0xC1, 0xE0, 0xF0, 0x78,
    0x78, 0x1F, 0xFF, 0x0F, 0xFF, 0xC3, 0xFF, 0xC0, 0xE0, 0xF0, 0x78, 0x3C, 0x1E, 0x0F, 0xC7, 0x07,
    0xF9, 0xC0, 0xFE, 0x70, 0x07, 0x08, 0x03, 0xC0, 0x00, 0xE0, 0x00, 0x78, 0x00, 0x1C, 0x00, 0x06,
    0x00, 0x00, 0x00, 0x00, 0x00, 0x01, 0x80, 0x00, 0x1C, 0x00, 0x0C, 0xE0, 0x00, 0xE7, 0x00, 0x0F,
    0x38, 0x00, 0xF1, 0xC0, 0x0F, 0x0E, 0x00, 0xF0, 0x78, 0x0F, 0x03, 0xC0, 0xF0, 0x1E, 0x0F, 0x00,
    0xF0, 0xF8, 0x03, 0x8F, 0x80, 0x1E, 0xF8, 0x00, 0xFF, 0x80, 0x03, 0xF8, 0x00, 0x1F, 0x80, 0x00,
    0x78, 0x00, 0x03, 0x80, 0x00, 0x3C, 0x00, 0x01, 0xE0, 0x00, 0x0F, 0x00, 0x00, 0xF0, 0x00, 0x07,
    0x80, 0x00, 0x3C, 0x00, 0x03, 0xC0, 0x00, 0x1E, 0x00, 0x00, 0xF0, 0x00, 0x07, 0x00, 0x00, 0x38,
    0x00, 0x03, 0xC0, 0x00, 0x0C, 0x00, 0x00, 0x00, 0x00, 0x00, 0x00, 0x00, 0x38, 0x00, 0x70, 0x10,
    0xE0, 0xF1, 0xC1, 0xC3, 0x87, 0x87, 0x1E, 0x0E, 0x7C, 0x1C, 0xF0, 0x3B, 0xC0, 0x7F, 0x00, 0xFE,
    0x00, 0xF8, 0x03, 0xE0, 0x07, 0x80, 0x0F, 0x00, 0x3C, 0x00, 0x78, 0x00, 0xF0, 0x03, 0xC0, 0x07,
    0x80, 0x0F, 0x00, 0x1C, 0x00, 0x38, 0x00, 0xF0, 0x00, 0xC0, 0x00, 0x80, 0x00, 0x00, 0x00, 0x00,
    0x18, 0x00, 0x00, 0x70, 0x00, 0x30, 0xE0, 0x00, 0xE1, 0xC0, 0x03, 0xC3, 0x80, 0x0F, 0x07, 0x00,
    0x3C, 0x0E, 0x00, 0xF0, 0x1E, 0x03, 0xC0, 0x3C, 0x0F, 0x00, 0x78, 0x3C, 0x00, 0xF0, 0xF8, 0x00,
    0xE3, 0xE0, 0x01, 0xEF, 0x80, 0x03, 0xFE, 0x00, 0x03, 0xF8, 0x00, 0x07, 0xE0, 0x00, 0x1F, 0xF8,
    0x03, 0xFF, 0xF8, 0x03, 0xFF, 0xF0, 0x00, 0x78, 0x00, 0x00, 0xF0, 0x00, 0x03, 0xC0, 0x00, 0x07,
    0x80, 0x00, 0x0F, 0x00, 0x00, 0x3C, 0x00, 0x00, 0x78, 0x00, 0x00, 0xF0, 0x00, 0x01, 0xE0, 0x00,
    0x03, 0x80, 0x00, 0x0F, 0x00, 0x00, 0x0E, 0x00, 0x00, 0x08, 0x00, 0x00, 0x00, 0x00, 0x00, 0x38,
    0x00, 0x07, 0x03, 0x00, 0xE0, 0xF0, 0x1C, 0x3C, 0x03, 0x87, 0x80, 0x71, 0xE0, 0x0E, 0x78, 0x01,
    0xCF, 0x00, 0x3B, 0xC0, 0x07, 0xF0, 0x00, 0xFC, 0x03, 0xFF, 0x80, 0xFF, 0xF0, 0x0F, 0xFE, 0x00,
    0x1F, 0xC0, 0x03, 0xC0, 0x00, 0x78, 0x00, 0x0F, 0x00, 0x03, 0xC0, 0x00, 0x78, 0x00, 0x0F, 0x00,
    0x01, 0xC0, 0x00, 0x78, 0x00, 0x0E, 0x00, 0x00, 0xC0, 0x00, 0x00, 0x00, 0x00, 0x00, 0x0F, 0xC0,
    0x00, 0xFF, 0xF0, 0x01, 0xFF, 0xF8, 0x01, 0xFF, 0xFC, 0x01, 0xF0, 0x1E, 0x00, 0x00, 0x0E, 0x00,
    0x00, 0x0E, 0x00, 0x00, 0x0F, 0x00, 0x00, 0x0F, 0x00, 0x00, 0x0F, 0x00, 0x00, 0x0E, 0x00, 0x00,
    0x1E, 0x00, 0x00, 0x1E, 0x00, 0x00, 0x1C, 0x00, 0x00, 0x3C, 0x00, 0x3F, 0xFC, 0x7F, 0xFF, 0xF8,
    0x7F, 0xFF, 0xF8, 0x7F, 0xC0, 0x70, 0x70, 0x00, 0xF0, 0x70, 0x01, 0xE0, 0xF0, 0x03, 0xC0, 0x78,
    0x07, 0x80, 0x78, 0x0F, 0x80, 0x3E, 0x7F, 0x00, 0x1F, 0xFC, 0x00, 0x1F, 0xF8, 0x00, 0x07, 0xF0,
    0x00, 0x00, 0xC0, 0x00, 0x01, 0xC0, 0x1F, 0xC0, 0xFF, 0x87, 0x9E, 0x08, 0x3C, 0x00, 0xF0, 0x03,
    0x83, 0xCE, 0x3F, 0xF9, 0xFF, 0xEF, 0x1F, 0x38, 0x7C, 0xE3, 0xE3, 0xFF, 0x07, 0xF8, 0x0F, 0x80,
    0x00, 0x03, 0x00, 0x00, 0x3F, 0x80, 0x01, 0xFF, 0x00, 0x1F, 0xFE, 0x00, 0xFC, 0x78, 0x07, 0xE1,
    0xE0, 0x1F, 0x03, 0xC0, 0xF8, 0x0F, 0x07, 0xC0, 0x3C, 0x1E, 0x00, 0xF0, 0xF8, 0x03, 0xC3, 0xC0,
    0x0F, 0x1F, 0x00, 0x3C, 0x7F, 0xFF, 0xF7, 0xFF, 0xFF, 0x8F, 0xFF, 0xFE, 0x3C, 0x00, 0xF8, 0xF0,
    0x03, 0xC3, 0x80, 0x0F, 0x1E, 0x00, 0x78, 0x78, 0x01, 0xC1, 0xE0, 0x0F, 0x07, 0x80, 0x78, 0x1E,
    0x03, 0xE0, 0x78, 0x1F, 0x01, 0xE0, 0xF8, 0x07, 0xC7, 0xC0, 0x0F, 0xFE, 0x00, 0x1F, 0xF0, 0x00,
    0x3F, 0x00, 0x00, 0x00, 0xF0, 0x07, 0xF0, 0x1F, 0xF0, 0x7F, 0xE1, 0xF1, 0xC3, 0xC3, 0x8F, 0x0F,
    0x1F, 0xFE, 0x7F, 0xFC, 0xF0, 0xF1, 0xE3, 0xC3, 0xCF, 0x87, 0xFE, 0x0F, 0xF8, 0x0F, 0xE0, 0x0F,
    0x00, 0x00, 0x30, 0x63, 0xE6, 0x48, 0x91, 0x00, 0x00, 0x60, 0xC0, 0x0C, 0x7C, 0xF9, 0x80, 0x33,
    0x1C, 0x66, 0x19, 0x80, 0x1B, 0x01, 0xB0, 0xDF, 0x7D, 0xF0, 0xDF, 0x7D, 0xC0, 0xC3, 0x0E, 0x1F,
    0x3C, 0x23, 0xBC, 0xE2, 0x00, 0x00, 0x38, 0xA6, 0x71, 0x1C, 0xCA, 0x38, 0x00, 0xE3, 0xC3, 0x87,
    0x0C, 0x30, 0x18, 0xC6, 0x30, 0x60, 0xC1, 0x80, 0xCB, 0x31, 0xCE, 0xFB, 0x80, 0x1D, 0xF7, 0x30,
    0xC3, 0x00, 0x1D, 0xF7, 0x30, 0xC3, 0x00, 0x1C, 0xEF, 0xBD, 0xCE, 0x61, 0x8C, 0x61, 0x84, 0x00,
    0x3C, 0x1E, 0x66, 0x33, 0x42, 0x21, 0x42, 0x21, 0x66, 0x33, 0x3E, 0x7E, 0x02, 0x60, 0x00, 0x00,
    0x1E, 0x33, 0x21, 0x21, 0x33, 0x7E, 0x60, 0x00, 0x45, 0x14, 0xDE, 0x41, 0x00, 0x44, 0x89, 0xB1,
    0xE1, 0x83, 0x00, 0x06, 0x0C, 0x18, 0x3F, 0xFF, 0xC0, 0x18, 0xC6, 0x30, 0x60, 0xC1, 0x80, 0x0C,
    0x71, 0xBE, 0xE0, 0x0C, 0x63, 0x8C, 0x63, 0xFD, 0xEE, 0x38, 0x01, 0xF6, 0x0C, 0x10, 0x67, 0xD0,
    0xE3, 0xC3, 0x87, 0x0C, 0x30, 0x3C, 0x66, 0x42, 0x42, 0x66, 0x3F, 0x02, 0x00, 0x44, 0x89, 0xB1,
    0xE1, 0x83, 0x00, 0x18, 0xC6, 0x30, 0x60, 0xC1, 0x80, 0x06, 0x0C, 0x18, 0x3F, 0xFF, 0xC0, 0xC3,
    0x0E, 0x1F, 0x3C, 0x00, 0x38, 0xA6, 0x71, 0x1C, 0xCA, 0x38, 0x00, 0x3C, 0xCD, 0x0A, 0x16, 0x67,
    0x80, 0x00, 0x1B, 0x01, 0xB0, 0x00, 0x18, 0xCF, 0x19, 0x80, 0x00, 0x00, 0x60, 0xCC, 0x18, 0x00,
    0x0F, 0xE6, 0xFE, 0x60, 0x00, 0x00, 0x00, 0x06, 0x00, 0x60, 0x00, 0x0F, 0xE3, 0xFE, 0x31, 0x80,
    0x18, 0x01, 0x83, 0x18, 0x30, 0x1B, 0x00, 0x01, 0x8F, 0x18, 0x01, 0x8F, 0x18, 0x00, 0x06, 0x0C,
    0x00, 0xFF, 0xFC, 0xFF, 0xFC, 0x60, 0xC1, 0x83, 0x00, 0x1B, 0x00, 0x1B, 0x00, 0x00, 0x60, 0x30,
    0x03, 0x01, 0x80, 0x18, 0x0C, 0x1B, 0x00, 0xFF, 0xF0, 0x00, 0x1F, 0xFF, 0xFF, 0xFF, 0xF0, 0xFF,
    0xFF, 0xFF, 0xFF, 0xFF, 0xFF, 0xFF, 0xFF, 0xFF, 0xFF, 0xFF, 0xFF, 0xFF, 0xFF, 0xFF, 0xFF, 0xFF,
    0xFC, 0x1B, 0x00, 0x1B, 0x00, 0x77, 0xFF, 0xF7, 0x00, 0x00, 0x00, 0x00, 0x00, 0x00, 0x00, 0x00,
    0x1D, 0xFF, 0xFD, 0xC0, 0x1B, 0x00, 0x1B, 0x00, 0x0F, 0xE3, 0xFE, 0x7F, 0xE7, 0xC0, 0xF8, 0x0F,
    0x00, 0xF0, 0x0F, 0x00, 0xF0, 0x0F, 0x00, 0xF0, 0x0F, 0x00, 0xF0, 0x0F, 0x00, 0xF0, 0x0F, 0x00,
    0xF0, 0x0F, 0x00, 0xF0, 0x0F, 0x00, 0xF0, 0x0F, 0x00, 0xFF, 0xFF, 0xFF, 0xFF, 0xF0, 0xFF, 0xCC,
    0x63, 0x00, 0x3E, 0x00, 0x0F, 0x1E, 0x00, 0x1F, 0x1F, 0x00, 0x1E, 0x0F, 0x80, 0x1E, 0x07, 0xC0,
    0x1E, 0x03, 0xC0, 0x1E, 0x01, 0xE0, 0x1E, 0x01, 0xF0, 0x3E, 0x03, 0xF8, 0x3C, 0x07, 0xF8, 0x3C,
    0x0F, 0xBC, 0x78, 0x1F, 0x3F, 0xF0, 0x1E, 0x1F, 0xE0, 0x1E, 0x0F, 0xC0, 0x3C, 0x07, 0x80, 0x3C,
    0x07, 0xC0, 0x3C, 0x03, 0xC0, 0x7C, 0x01, 0xE0, 0x78, 0x01, 0xF0, 0x78, 0x00, 0xF0, 0x78, 0x00,
    0x78, 0x78, 0x00, 0x7C, 0x78, 0x00, 0x3C, 0x78, 0x00, 0x3E, 0xF0, 0x00, 0x1F, 0x3F, 0xFC, 0x01,
    0xFF, 0xF0, 0x0F, 0xFF, 0xC0, 0x00, 0x3F, 0x00, 0x00, 0x78, 0x00, 0x03, 0xE0, 0x00, 0x0F, 0x00,
    0x00, 0x78, 0x00, 0x03, 0xC0, 0x00, 0x1E, 0x00, 0x00, 0xF0, 0x00, 0x07, 0x80, 0x00, 0x3C, 0x00,
    0x01, 0xE0, 0x00, 0x0F, 0x00, 0x00, 0x78, 0x00, 0x03, 0xC0, 0x00, 0x1E, 0x00, 0x00, 0xF0, 0x00,
    0x07, 0x80, 0x00, 0x3C, 0x00, 0x01, 0xE3, 0xFF, 0xFF, 0xFF, 0xFF, 0xFF, 0xFF, 0xFF, 0xF8, 0x3F,
    0x80, 0xFF, 0x03, 0xFE, 0x00, 0xFC, 0x01, 0xF0, 0x03, 0xC0, 0x0F, 0x00, 0x3C, 0x00, 0xF0, 0x03,
    0xC0, 0x0F, 0x00, 0x3C, 0x00, 0xF0, 0x03, 0xC0, 0x0F, 0x00, 0x3C, 0x00, 0xF0, 0x07, 0xC0, 0x1F,
    0x00, 0xFC, 0x0F, 0x78, 0xF9, 0xEF, 0xC7, 0xBE, 0x0E, 0xF0, 0x38, 0x00, 0x00, 0xFF, 0xFF, 0xFF,
    0xFF, 0xFF, 0xFF, 0xFF, 0xF0, 0x00, 0x70, 0x00, 0x0F, 0x00, 0x00, 0xF0, 0x00, 0x0F, 0x00, 0x00,
    0xF0, 0x00, 0x0F, 0x00, 0x00, 0xF0, 0x00, 0x0F, 0x00, 0x00, 0xF0, 0x00, 0x0F, 0x00, 0x00, 0xF0,
    0x00, 0x0F, 0x00, 0x00, 0xF0, 0x00, 0x0F, 0x00, 0x00, 0xF0, 0x00, 0x0F, 0x00, 0x00, 0xF0, 0x00,
    0x0F, 0x00, 0x00, 0xF0, 0x00, 0x0F, 0x00, 0x00, 0xF0, 0x00, 0x0F, 0x00, 0x7F, 0xFF, 0x87, 0xFF,
    0xFF, 0x3F, 0xFF, 0xFC, 0x00, 0x07, 0xE0, 0x00, 0x0F, 0x80, 0x00, 0x3C, 0x00, 0x01, 0xE0, 0x00,
    0x0F, 0x00, 0x00, 0x78, 0x00, 0x03, 0xC6, 0x00, 0x1E, 0xF0, 0x00, 0xF7, 0x80, 0x07, 0xBC, 0x00,
    0x3D, 0xE0, 0x01, 0xEF, 0x00, 0x0F, 0x78, 0x00, 0x7B, 0xC0, 0x03, 0xDE, 0x00, 0x1E, 0xF0, 0x00,
    0xF7, 0x80, 0x07, 0xBC, 0x00, 0x3D, 0xE0, 0x01, 0xEF, 0x00, 0x0F, 0x78, 0x00, 0x78, 0xFF, 0xFF,
    0xFF, 0x0F, 0x0F, 0x0F, 0x0F, 0x0F, 0x0F, 0x0F, 0x0F, 0x0F, 0x0F, 0x0F, 0x0F, 0x0F, 0x0F, 0x0F,
    0x0F, 0x0F, 0x0F, 0x0F, 0x0F, 0x0F, 0x0F, 0xFF, 0xFF, 0xFF, 0xFF, 0x83, 0xE0, 0xF0, 0x3C, 0x07,
    0x81, 0xE0, 0x3C, 0x07, 0x80, 0xF0, 0x1E, 0x03, 0xC0, 0x78, 0x0F, 0x01, 0xE0, 0x3C, 0x07, 0xC0,
    0xF8, 0x0F, 0x01, 0xE0, 0x3C, 0x07, 0x80, 0xF0, 0x1F, 0x00, 0x7F, 0xFF, 0xE0, 0x7F, 0xFF, 0xF8,
    0x7F, 0xFF, 0xFC, 0x0F, 0x00, 0x7E, 0x0E, 0x00, 0x1E, 0x1E, 0x00, 0x1F, 0x1E, 0x00, 0x0F, 0x1E,
    0x00, 0x0F, 0x1E, 0x00, 0x0F, 0x1E, 0x00, 0x0F, 0x1E, 0x00, 0x0F, 0x1E, 0x00, 0x0F, 0x1E, 0x00,
    0x0F, 0x1E, 0x00, 0x0F, 0x1E, 0x00, 0x0F, 0x1E, 0x00, 0x0F, 0x1E, 0x00, 0x0F, 0x1E, 0x00, 0x0F,
    0x1E, 0x00, 0x0F, 0x1E, 0x00, 0x0F, 0x1E, 0x00, 0x0F, 0x1E, 0x00, 0x0F, 0x1E, 0x00, 0x0F, 0x1E,
    0x00, 0x0F, 0x1E, 0x00, 0x0F, 0xF0, 0x3F, 0x83, 0xC0, 0xFF, 0x8F, 0x03, 0xFF, 0x3C, 0x08, 0x7E,
    0xF0, 0x00, 0xFB, 0xC0, 0x01, 0xEF, 0x00, 0x07, 0xFC, 0x00, 0x0F, 0xF0, 0x00, 0x3F, 0xC0, 0x00,
    0xFF, 0x00, 0x03, 0xFC, 0x00, 0x0F, 0xF0, 0x00, 0x3F, 0xC0, 0x00, 0xFF, 0x00, 0x03, 0xFC, 0x00,
    0x0F, 0xF8, 0x00, 0x7D, 0xE0, 0x01, 0xE7, 0x80, 0x0F, 0x9F, 0x00, 0x3C, 0x3E, 0x01, 0xF0, 0x7E,
    0x3F, 0x80, 0xFF, 0xFC, 0x01, 0xFF, 0xE0, 0x01, 0xFE, 0x00, 0xFF, 0xFF, 0xFF, 0x0F, 0x0F, 0x0F,
    0x0F, 0x0F, 0x0F, 0x0F, 0x0F, 0x0F, 0x0F, 0x0F, 0x7F, 0xFC, 0x0F, 0xFF, 0xE1, 0xFF, 0xFE, 0x00,
    0x07, 0xE0, 0x00, 0x7C, 0x00, 0x07, 0x80, 0x00, 0x78, 0x00, 0x0F, 0x00, 0x01, 0xE0, 0x00, 0x3C,
    0x00, 0x07, 0x80, 0x00, 0xF0, 0x00, 0x1E, 0x00, 0x03, 0xC0, 0x00, 0x78, 0x00, 0x0F, 0x00, 0x01,
    0xE0, 0x00, 0x3C, 0x00, 0x07, 0x80, 0x00, 0xF0, 0x00, 0x1E, 0x00, 0x03, 0xC0, 0x00, 0x78, 0x00,
    0x0F, 0x00, 0x01, 0xE0, 0x00, 0x3C, 0x00, 0x07, 0x80, 0x00, 0xF0, 0x00, 0x1E, 0x00, 0x03, 0xC0,
    0x00, 0x78, 0x00, 0x0F, 0x00, 0x01, 0xE0, 0x7F, 0xE0, 0x1F, 0xFE, 0x0F, 0xFF, 0xC0, 0x01, 0xF8,
    0x00, 0x1F, 0x00, 0x03, 0xE0, 0x00, 0x78, 0x00, 0x1E, 0x00, 0x07, 0xC0, 0x00, 0xF0, 0x00, 0x3C,
    0x00, 0x0F, 0x00, 0x03, 0xC0, 0x00, 0xF0, 0x00, 0x3C, 0x00, 0x0F, 0x00, 0x07, 0xC0, 0x01, 0xE0,
    0x00, 0x78, 0x00, 0x3E, 0x00, 0x1F, 0x00, 0x1F, 0x8F, 0xFF, 0xC3, 0xFF, 0xE0, 0xFF, 0xE0, 0x00,
    0xF0, 0x00, 0x1E, 0x00, 0x03, 0xC0, 0x00, 0x78, 0x00, 0x0F, 0x00, 0x01, 0xE0, 0x00, 0x3C, 0x00,
    0x07, 0xFF, 0xFF, 0xFF, 0xFF, 0xFF, 0xFF, 0xFC, 0x00, 0x0F, 0x00, 0x01, 0xE0, 0x00, 0x7C, 0x00,
    0x0F, 0x00, 0x01, 0xE0, 0x00, 0x7C, 0x00, 0x0F, 0x00, 0x01, 0xE0, 0x00, 0x7C, 0x00, 0x0F, 0x00,
    0x01, 0xE0, 0x00, 0x7C, 0x00, 0x0F, 0x00, 0x01, 0xE0, 0x00, 0x7C, 0x00, 0x0F, 0x00, 0x01, 0xE0,
    0x00, 0x7C, 0x00, 0x0F, 0x00, 0x01, 0xE0, 0x00, 0x7C, 0x00, 0x0F, 0x00, 0x7F, 0xFF, 0xF0, 0x7F,
    0xFF, 0xF8, 0xFF, 0xFF, 0xFC, 0x0E, 0x00, 0x7E, 0x1E, 0x00, 0x1E, 0x1E, 0x00, 0x1F, 0x1E, 0x00,
    0x0F, 0x1E, 0x00, 0x0F, 0x1E, 0x00, 0x0F, 0x1E, 0x00, 0x0F, 0x1E, 0x00, 0x0F, 0x1E, 0x00, 0x0F,
    0x1E, 0x00, 0x0F, 0x1E, 0x00, 0x0F, 0x1E, 0x00, 0x0F, 0x1E, 0x00, 0x0F, 0x1E, 0x00, 0x0F, 0x1E,
    0x00, 0x0F, 0x1E, 0x00, 0x0F, 0x1E, 0x00, 0x0F, 0x1E, 0x00, 0x0F, 0x1E, 0x00, 0x0F, 0x1F, 0xFF,
    0xFF, 0x1F, 0xFF, 0xFF, 0x1F, 0xFF, 0xFF, 0x78, 0x0F, 0xE0, 0x3C, 0x1F, 0xFC, 0x0F, 0x1F, 0xFF,
    0x07, 0x9F, 0x1F, 0xC3, 0xCE, 0x03, 0xE0, 0xEE, 0x00, 0xF8, 0x7E, 0x00, 0x3C, 0x3F, 0x00, 0x1E,
    0x0F, 0x80, 0x07, 0x87, 0x80, 0x03, 0xC3, 0xC0, 0x01, 0xE1, 0xE0, 0x00, 0xF0, 0xF0, 0x00, 0x78,
    0x78, 0x00, 0x3C, 0x78, 0x00, 0x1E, 0x3C, 0x00, 0x0F, 0x1E, 0x00, 0x0F, 0x8F, 0x00, 0x07, 0x87,
    0x80, 0x07, 0xC7, 0xC0, 0x03, 0xC3, 0xC0, 0x03, 0xE1, 0xE0, 0x07, 0xE0, 0xF0, 0xFF, 0xE0, 0x78,
    0x7F, 0xE0, 0x7C, 0x3F, 0xC0, 0x00, 0xFF, 0xFF, 0xFF, 0x0F, 0x0F, 0x0F, 0x0F, 0x0F, 0x0F, 0x0F,
    0x0F, 0x0F, 0x0F, 0x0F, 0x0F, 0x0F, 0x0F, 0x0F, 0x0F, 0x0F, 0x0F, 0x0F, 0x0F, 0x0F, 0x0F, 0x0F,
    0x0F, 0x0F, 0x0F, 0x0F, 0x0F, 0x0F, 0x0F, 0x3F, 0x0F, 0xF1, 0xFF, 0x03, 0xF0, 0x3E, 0x03, 0xC0,
    0x78, 0x0F, 0x01, 0xE0, 0x3C, 0x07, 0x80, 0xF0, 0x1E, 0x03, 0xC0, 0x78, 0x0F, 0x01, 0xE0, 0x3C,
    0x07, 0x80, 0xF0, 0x1E, 0x03, 0xFF, 0xFF, 0xFF, 0xFF, 0xE0, 0x7F, 0xFF, 0xC0, 0x7F, 0xFF, 0xF0,
    0x7F, 0xFF, 0xF8, 0x07, 0x00, 0xFC, 0x0F, 0x00, 0x3E, 0x1E, 0x00, 0x1E, 0x1E, 0x00, 0x1E, 0x1C,
    0x00, 0x1F, 0x3C, 0x00, 0x0F, 0x3C, 0x00, 0x0F, 0x3C, 0x00, 0x0F, 0x3C, 0x00, 0x0F, 0x3C, 0x00,
    0x0F, 0x3C, 0x00, 0x0F, 0x3C, 0x00, 0x0F, 0x3C, 0x00, 0x1F, 0x3C, 0x00, 0x1E, 0x3E, 0x00, 0x1E,
    0x1E, 0x00, 0x3E, 0x1F, 0x00, 0x3C, 0x0F, 0x80, 0x7C, 0x0F, 0xE3, 0xF8, 0x07, 0xFF, 0xF0, 0x03,
    0xFF, 0xE0, 0x00, 0x7F, 0x80, 0x00, 0x00, 0x03, 0xC0, 0x03, 0xDE, 0x00, 0x1E, 0x78, 0x00, 0xF3,
    0xC0, 0x07, 0x9E, 0x00, 0x3C, 0xF0, 0x01, 0xE7, 0xC0, 0x0F, 0x1E, 0x00, 0x78, 0xF0, 0x03, 0xC7,
    0x80, 0x1E, 0x3E, 0x00, 0xF0, 0xF0, 0x07, 0x87, 0x80, 0x78, 0x3C, 0x03, 0xC1, 0xF0, 0x1E, 0x07,
    0x81, 0xF0, 0x3C, 0x0F, 0x01, 0xE0, 0xF8, 0x0F, 0x07, 0x80, 0x38, 0xFC, 0x01, 0xDF, 0xC0, 0x0F,
    0xFC, 0x07, 0xFF, 0x80, 0xFF, 0xF0, 0x07, 0xF8, 0x00, 0x3C, 0x00, 0x00, 0x00, 0x00, 0x00, 0x03,
    0xFC, 0x00, 0x7F, 0xF8, 0x0F, 0xFF, 0xE0, 0xFE, 0x3F, 0x87, 0xC0, 0x3E, 0x7C, 0x00, 0xF3, 0xC0,
    0x07, 0xDE, 0x00, 0x1E, 0xF0, 0x00, 0xF7, 0x80, 0x03, 0xFC, 0x00, 0x1F, 0xF0, 0x00, 0xF7, 0xC0,
    0x07, 0xBF, 0x80, 0x3C, 0xFC, 0x01, 0xE1, 0xE0, 0x0F, 0x00, 0x00, 0x78, 0x00, 0x03, 0xC0, 0x00,
    0x1E, 0x00, 0x00, 0xF0, 0x00, 0x07, 0x80, 0x00, 0x3C, 0x00, 0x01, 0xE0, 0x00, 0x0F, 0x00, 0x00,
    0x78, 0x00, 0x03, 0xC0, 0x00, 0x1E, 0x00, 0x00, 0xF0, 0x00, 0x07, 0x80, 0x00, 0x3C, 0x00, 0x01,
    0xE0, 0x00, 0x0F, 0x00, 0x00, 0x78, 0x03, 0xFC, 0x00, 0xFF, 0xF8, 0x0F, 0xFF, 0xE0, 0xFE, 0x1F,
    0x87, 0xC0, 0x3E, 0x7C, 0x00, 0xF3, 0xC0, 0x03, 0xDE, 0x00, 0x1E, 0xF0, 0x00, 0xF7, 0x80, 0x03,
    0xFC, 0x00, 0x1F, 0xF0, 0x00, 0xF7, 0xC0, 0x07, 0xBF, 0x80, 0x3C, 0xFE, 0x01, 0xE1, 0xF0, 0x1F,
    0x00, 0x00, 0xF0, 0x00, 0x07, 0x80, 0x00, 0x7C, 0x00, 0x07, 0xC0, 0x00, 0x7C, 0x00, 0x1F, 0xE1,
    0xFF, 0xFE, 0x0F, 0xFF, 0xC0, 0x7F, 0xF8, 0x00, 0xF8, 0x01, 0xE7, 0x80, 0x1E, 0x7C, 0x01, 0xE3,
    0xC0, 0x1E, 0x3E, 0x01, 0xE1, 0xE0, 0x3E, 0x1E, 0x03, 0xC1, 0xF0, 0x3C, 0x0F, 0x03, 0xC0, 0xF0,
    0x78, 0x07, 0x87, 0x80, 0x78, 0xF0, 0x07, 0xDF, 0x00, 0x3F, 0xE0, 0x03, 0xFC, 0x00, 0x3F, 0x80,
    0x01, 0xE0, 0x00, 0x1E, 0x00, 0x01, 0xF0, 0x00, 0x0F, 0x00, 0x00, 0xF0, 0x00, 0x0F, 0x80, 0x00,
    0x78, 0x00, 0x07, 0x80, 0x00, 0x78, 0x00, 0x07, 0xC0, 0x00, 0x3C, 0x00, 0x03, 0xC0, 0x00, 0x3C,
    0x00, 0x03, 0xE0, 0x00, 0x1E, 0x00, 0x01, 0xE0, 0x00, 0x1E, 0x00, 0xF8, 0x01, 0xE7, 0xC0, 0x1E,
    0x7C, 0x01, 0xE3, 0xE0, 0x1E, 0x1E, 0x01, 0xE1, 0xF0, 0x1E, 0x0F, 0x81, 0xE0, 0x78, 0x3C, 0x07,
    0xC3, 0xC0, 0x3C, 0x3C, 0x03, 0xE7, 0x80, 0x1F, 0xF8, 0x00, 0xFF, 0x00, 0x0F, 0xE0, 0x00, 0x7C,
    0x00, 0x03, 0xC0, 0x00, 0x3E, 0x00, 0x01, 0xE0, 0x00, 0x1F, 0x00, 0x00, 0xF8, 0x00, 0x07, 0x80,
    0x00, 0x7C, 0xFF, 0xFF, 0xCF, 0xFF, 0xFC, 0xFF, 0xFF, 0xC0, 0x7F, 0xFF, 0xFE, 0xFF, 0xFF, 0xFD,
    0xFF, 0xFF, 0xF8, 0x00, 0x01, 0xE0, 0x00, 0x03, 0xC0, 0x00, 0x07, 0x80, 0x00, 0x1E, 0x00, 0x00,
    0x3C, 0x00, 0x00, 0x78, 0x78, 0x01, 0xE0, 0xF0, 0x03, 0xC1, 0xE0, 0x07, 0x83, 0xC0, 0x1F, 0x07,
    0x80, 0x3C, 0x0F, 0x00, 0x78, 0x1E, 0x00, 0xF0, 0x3C, 0x03, 0xC0, 0x78, 0x07, 0x80, 0xF0, 0x0F,
    0x01, 0xE0, 0x3C, 0x03, 0xC0, 0x78, 0x07, 0x80, 0xF0, 0x0F, 0x03, 0xC0, 0x1E, 0x07, 0x80, 0x3C,
    0x0F, 0x00, 0x78, 0x00, 0x00, 0xF0, 0x00, 0x01, 0xE0, 0x00, 0x03, 0xC0, 0x00, 0x07, 0x80, 0x00,
    0x0F, 0x00, 0x00, 0x1E, 0x00, 0x00, 0x3C, 0x00, 0x00, 0x7F, 0xFC, 0x1F, 0xFF, 0x87, 0xFF, 0xF0,
    0x00, 0x7E, 0x00, 0x07, 0x80, 0x01, 0xF0, 0x00, 0x3C, 0x00, 0x0F, 0x00, 0x03, 0xC0, 0x00, 0xF0,
    0x00, 0x3C, 0x00, 0x0F, 0x00, 0x03, 0xC0, 0x00, 0xF0, 0x00, 0x3C, 0x00, 0x0F, 0x00, 0x03, 0xC0,
    0x00, 0xF0, 0x00, 0x3C, 0x00, 0x0F, 0x00, 0x03, 0xC0, 0x00, 0xF0, 0x00, 0x3C, 0x00, 0x0F, 0x00,
    0x03, 0xC0, 0xF0, 0x1E, 0x03, 0xFC, 0x07, 0x80, 0xFF, 0x01, 0xE0, 0x3F, 0xC0, 0x78, 0x0F, 0xF0,
    0x1E, 0x03, 0xFC, 0x07, 0x80, 0xFF, 0x01, 0xE0, 0x3F, 0xC0, 0xF8, 0x0F, 0xF0, 0x3C, 0x03, 0xFC,
    0x1F, 0x00, 0xFF, 0x0F, 0x80, 0x3F, 0xCF, 0xE0, 0x0F, 0xFF, 0xF0, 0x03, 0xFF, 0xF8, 0x00, 0xFF,
    0xF8, 0x00, 0x7F, 0xE0, 0x00, 0x1E, 0x78, 0x00, 0x07, 0x9E, 0x00, 0x03, 0xE7, 0xC0, 0x00, 0xF0,
    0xF8, 0x00, 0x7C, 0x1F, 0x00, 0x3E, 0x07, 0xF8, 0x7F, 0x00, 0x7F, 0xFF, 0x80, 0x0F, 0xFF, 0xC0,
    0x00, 0xFF, 0x80, 0x00, 0x7F, 0xFF, 0xF0, 0x7F, 0xFF, 0xFC, 0x7F, 0xFF, 0xFE, 0x07, 0x80, 0x7E,
    0x07, 0x80, 0x1F, 0x07, 0x80, 0x0F, 0x07, 0x80, 0x0F, 0x07, 0x80, 0x0F, 0x07, 0x80, 0x0F, 0x07,
    0x80, 0x0F, 0x07, 0x80, 0x0F, 0x07, 0x80, 0x0F, 0x07, 0x80, 0x0F, 0x07, 0x80, 0x0F, 0x07, 0x80,
    0x0F, 0x07, 0x80, 0x0F, 0x07, 0x80, 0x0F, 0x07, 0x80, 0x0F, 0x07, 0x80, 0x0F, 0x07, 0x80, 0x0F,
    0x0F, 0x80, 0x0F, 0x1F, 0x00, 0x0F, 0xFF, 0x00, 0x0F, 0xFE, 0x00, 0x0F, 0xFC, 0x00, 0x0F, 0x03,
    0xFC, 0x00, 0x0F, 0xF0, 0x00, 0x3F, 0xC0, 0x00, 0x0F, 0x00, 0x00, 0x3C, 0x00, 0x00, 0xF0, 0x00,
    0x03, 0xC0, 0x3F, 0xCF, 0x7F, 0xFF, 0x3D, 0xFF, 0xFC, 0xF7, 0xF0, 0xF3, 0xC3, 0xC3, 0xCF, 0x0F,
    0x0F, 0x3C, 0x3C, 0x3C, 0xF0, 0xF0, 0xF0, 0x03, 0xC3, 0xC0, 0x0F, 0x0F, 0x00, 0x3C, 0x3C, 0x00,
    0xF0, 0xF0, 0x03, 0xC3, 0xC0, 0x0F, 0x0F, 0x00, 0x3C, 0xFF, 0x07, 0xFF, 0xF0, 0x7F, 0xFF, 0x0F,
    0xF0, 0xF0, 0x0F, 0x0F, 0x00, 0xF0, 0xF0, 0x0F, 0x0F, 0x00, 0xF0, 0xF0, 0x0F, 0x0F, 0x00, 0xF0,
    0xF0, 0x0F, 0x0F, 0x00, 0xF0, 0xF0, 0x0F, 0x0F, 0x00, 0xF0, 0xF0, 0x0F, 0x0F, 0x00, 0xF0, 0xF0,
    0x0F, 0x0F, 0x00, 0xF0, 0xF0, 0x0F, 0x0F, 0x00, 0xF0, 0xF0, 0x0F, 0x0F, 0x00, 0xF0, 0xF0, 0x0F,
    0x0F, 0x00, 0xF0, 0xF0, 0x0F, 0x0F, 0x00, 0xF0, 0xFF, 0x07, 0xFF, 0xF0, 0x7F, 0xFF, 0x0F, 0xF0,
    0xF0, 0x0F, 0x0F, 0x00, 0xF0, 0xF0, 0x0F, 0x0F, 0x00, 0xF0, 0xF0, 0x0F, 0x0F, 0x00, 0xF0, 0xF0,
    0x0F, 0x0F, 0x00, 0xF0, 0xF0, 0x0F, 0x0F, 0x00, 0xF0, 0xF0, 0x0F, 0x00, 0x00, 0xF0, 0x00, 0x0F,
    0x00, 0x00, 0xF0, 0x00, 0x0F, 0x00, 0x00, 0xF0, 0x00, 0x0F, 0x00, 0x00, 0xF0, 0x00, 0x0F, 0x00,
    0x00, 0xF0, 0x00, 0x0F, 0x00, 0x00, 0xF0, 0xFF, 0x07, 0xFF, 0xF0, 0x7F, 0xFF, 0x0F, 0xF0, 0xF0,
    0x0F, 0x0F, 0x00, 0xF0, 0xF0, 0x0F, 0x0F, 0x00, 0xF0, 0xF0, 0x0F, 0x0F, 0x00, 0xF0, 0xF0, 0x0F,
    0x0F, 0x00, 0xF0, 0xF0, 0x0F, 0x0F, 0x00, 0xF0, 0xF0, 0x0F, 0x1E, 0x38, 0x70, 0xE3, 0xC7, 0x8E,
    0x1C, 0x78, 0xE1, 0xC0, 0x1E, 0x3C, 0x38, 0x78, 0x70, 0xF0, 0xE1, 0xE3, 0xC3, 0x87, 0x87, 0x0E,
    0x1E, 0x1C, 0x38, 0x78, 0x70, 0xE0, 0xE1, 0xC3, 0x80, 0x00, 0x00, 0x00, 0x00, 0x00, 0x40, 0x00,
    0x00, 0x00, 0x00, 0x0E, 0x00, 0x00, 0x00, 0x00, 0x01, 0xF0, 0x00, 0x00, 0x00, 0x00, 0x1F, 0x00,
    0x00, 0x00, 0x00, 0x00, 0xE0, 0x00, 0x00, 0x00, 0x00, 0x0E, 0x00, 0x00, 0x00, 0x00, 0x00, 0x60,
    0x1F, 0xFF, 0xFF, 0xFF, 0xFF, 0xFF, 0xFF, 0xFF, 0xFF, 0xFF, 0xFF, 0xF7, 0xFF, 0xFF, 0xFF, 0xFF,
    0xFF, 0x8F, 0xFF, 0xFF, 0xFF, 0xFF, 0xFC, 0x00, 0x70, 0x00, 0x00, 0x00, 0x00, 0x00, 0x07, 0xD0,
    0x3E, 0x00, 0x00, 0x00, 0x00, 0x00, 0x3F, 0xF6, 0x1F, 0xC3, 0xE0, 0x00, 0x00, 0x01, 0xFF, 0xFF,
    0x0F, 0xF0, 0xFF, 0xE0, 0x00, 0x3F, 0xFF, 0xE3, 0xC3, 0x8F, 0xFF, 0xFF, 0xFF, 0xFF, 0xFF, 0xC1,
    0xB1, 0xC3, 0xF9, 0xFF, 0xFF, 0xFF, 0xFE, 0x00, 0xCC, 0xE0, 0x7C, 0x07, 0xFF, 0xFF, 0xF0, 0x00,
    0x23, 0xF8, 0x0E, 0x00, 0x01, 0xF0, 0x00, 0x00, 0x00, 0xFC, 0x00, 0x00, 0x00, 0x00, 0x00, 0x00,
    0x00, 0x1E, 0x00, 0x00, 0x00, 0x00, 0x00, 0x00, 0x00, 0x07, 0x00, 0x00, 0x00, 0x00, 0x00, 0x00,
    0x00, 0x00, 0x1F, 0x00, 0x00, 0x00, 0x00, 0x00, 0x3F, 0x80, 0x00, 0x00, 0x00, 0x00, 0x7F, 0xC0,
    0x00, 0x00, 0x00, 0x00, 0xE1, 0xC0, 0x00, 0x00, 0x00, 0x00, 0xC0, 0xC0, 0x00, 0x00, 0x00, 0x00,
    0xC0, 0xC0, 0x00, 0x00, 0x00, 0x00, 0xFF, 0xFF, 0xFF, 0xFF, 0xFF, 0xFF, 0xFF, 0xFF, 0xFF, 0xFF,
    0xFF, 0xFF, 0x7F, 0xFF, 0xFF, 0xFF, 0xFF, 0xFF, 0x1F, 0xFF, 0xFF, 0xFF, 0xFF, 0xFC, 0x00, 0x00,
    0x00, 0x00, 0x02, 0x00, 0x00, 0x00, 0x00, 0x01, 0xF8, 0x00, 0x00, 0x00, 0x00, 0x7F, 0x00, 0x00,
    0x00, 0x01, 0x1F, 0xF0, 0x00, 0x00, 0x00, 0xE7, 0x0E, 0x00, 0x00, 0x00, 0x19, 0xC0, 0xC0, 0x00,
    0x00, 0x07, 0xB0, 0x3F, 0xFF, 0xFF, 0xFF, 0xFF, 0xFE, 0xFF, 0xFF, 0xFF, 0xFF, 0xFF, 0xCF, 0xFF,
    0xFF, 0xFC, 0xFF, 0xF0, 0x7F, 0xFF, 0xFF, 0x1F, 0xF8, 0x00, 0x00, 0x00, 0x03, 0x00, 0x00, 0x00,
    0x00, 0x00, 0x00, 0x00, 0x00, 0x00, 0x00, 0x00, 0x00, 0x00, 0x00, 0x00, 0x00, 0x00, 0x00, 0x00,
    0x00, 0x00, 0x00, 0x00, 0x00, 0x00, 0x00, 0x00, 0x00, 0x00, 0x00, 0x40, 0x00, 0x00, 0x00, 0x00,
    0x00, 0x00, 0x00, 0x00, 0x00, 0x00, 0x03, 0x00, 0x00, 0x00, 0x00, 0x00, 0x00, 0x00, 0x00, 0x00,
    0x00, 0x00, 0x0E, 0x00, 0x00, 0x00, 0x00, 0x00, 0x00, 0x00, 0x00, 0x00, 0x00, 0x04, 0x78, 0x00,
    0x00, 0x00, 0x00, 0x00, 0x00, 0x00, 0x00, 0x00, 0x00, 0x30, 0xE0, 0x00, 0x00, 0x00, 0x00, 0x00,
    0x00, 0x00, 0x00, 0x00, 0x01, 0xC3, 0x80, 0x00, 0x00, 0x00, 0x00, 0x00, 0x00, 0x00, 0x00, 0x00,
    0x06, 0x0E, 0x00, 0x00, 0x00, 0x00, 0x00, 0x00, 0x00, 0x00, 0x38, 0x00, 0x38, 0x1C, 0x00, 0x00,
    0x00, 0x00, 0x00, 0x00, 0x00, 0x01, 0xF8, 0x00, 0xE0, 0x70, 0x00, 0x00, 0x00, 0x00, 0x00, 0x00,
    0x00, 0x0F, 0xF8, 0x03, 0xC1, 0xC0, 0x00, 0x00, 0x00, 0x00, 0x00, 0x00, 0x00, 0x7F, 0xFF, 0xFF,
    0xFE, 0x00, 0x00, 0x00, 0x00, 0x00, 0x00, 0x00, 0x01, 0x87, 0xFF, 0xFF, 0xF8, 0x00, 0x00, 0x00,
    0x00, 0x00, 0x00, 0x00, 0x0E, 0x07, 0xFF, 0xBF, 0xE0, 0x00, 0x00, 0x00, 0x00, 0x00, 0x00, 0x00,
    0x30, 0x07, 0xFC, 0x1F, 0x00, 0x00, 0x00, 0x00, 0x00, 0x00, 0x00, 0x00, 0xC0, 0x00, 0x00, 0x00,
    0x00, 0x00, 0x00, 0x00, 0x00, 0x00, 0x00, 0x03, 0x00, 0x00, 0x00, 0x00, 0x00, 0x00, 0x00, 0x00,
    0x00, 0x00, 0x00, 0x0C, 0x00, 0x00, 0x00, 0x0F, 0xFF, 0xFF, 0xFF, 0xFF, 0xFF, 0xFF, 0xC0, 0x38,
    0x00, 0x00, 0x00, 0x3F, 0xFF, 0xFF, 0xFF, 0xFF, 0xFF, 0xFF, 0xFE, 0x70, 0x00, 0x00, 0x00, 0x7F,
    0xFF, 0xFF, 0xFF, 0xFF, 0xFF, 0xFF, 0xFF, 0xF0, 0x00, 0x00, 0x00, 0xFF, 0xFF, 0xFF, 0xFF, 0xFF,
    0xFF, 0xFF, 0xFF, 0xF0, 0x00, 0x00, 0x00, 0x00, 0x00, 0x00, 0x00, 0x00, 0x00, 0x1F, 0xFF, 0xC0,
    0x00, 0x00, 0x00, 0x00, 0x00, 0x00, 0x00, 0x00, 0x00, 0x00, 0x1E, 0x00, 0x00, 0x00, 0x00, 0x00,
    0x00, 0x00, 0x00, 0x00, 0x00, 0x00, 0x08, 0x00, 0x00, 0x00, 0x06, 0x00, 0x00, 0x00, 0x01, 0xC7,
    0xF0, 0x00, 0x00, 0x03, 0xE3, 0xFF, 0xE0, 0x00, 0x3F, 0xE1, 0xEF, 0xFF, 0xFF, 0xFF, 0xE0, 0x60,
    0x7F, 0xFF, 0xFF, 0xC0, 0x00, 0x00, 0x7F, 0xFF, 0x00, 0x00, 0x00, 0x00, 0x00, 0x00, 0x89, 0x03,
    0x03, 0x92, 0x07, 0x03, 0xFC, 0x06, 0x07, 0xF0, 0x0E, 0x06, 0x00, 0x0C, 0x0C, 0x00, 0x1C, 0x18,
    0x00, 0x18, 0x10, 0x00, 0x30, 0x20, 0x00, 0x70, 0x40, 0x00, 0x60, 0x80, 0x00, 0xE1, 0x00, 0x00,
    0xC0, 0x0F, 0xC1, 0xC0, 0x3F, 0x81, 0x80, 0x70, 0x03, 0x01, 0xE0, 0x03, 0x03, 0x80, 0x06, 0x0F,
    0x00, 0x0E, 0x1C, 0x00, 0x0C, 0x78, 0x00, 0x1C, 0xE0, 0x00, 0x1B, 0xC0, 0x00, 0x3F, 0x00, 0x00,
    0x3E, 0x00, 0x00, 0x78, 0x00, 0x00, 0xF0, 0x00, 0x00, 0xC0, 0x00, 0x01, 0x80, 0x00, 0x00, 0x00,
    0x00, 0x00, 0x00, 0x00, 0x00, 0x30, 0x01, 0x80, 0xE0, 0x03, 0x01, 0x80, 0x07, 0x06, 0x00, 0x06,
    0x0E, 0x00, 0x0C, 0x1E, 0x00, 0x1C, 0x0C, 0x00, 0x18, 0x10, 0x00, 0x38, 0x40, 0x00, 0x30, 0xC0,
    0x00, 0x61, 0xF0, 0x00, 0x61, 0xE0, 0x00, 0xC0, 0x0F, 0xC1, 0xC0, 0x3F, 0x81, 0x80, 0x70, 0x03,
    0x81, 0xE0, 0x03, 0x03, 0x80, 0x06, 0x0F, 0x00, 0x06, 0x1C, 0x00, 0x0C, 0x78, 0x00, 0x1C, 0xE0,
    0x00, 0x1B, 0xC0, 0x00, 0x3F, 0x00, 0x00, 0x3E, 0x00, 0x00, 0x78, 0x00, 0x00, 0x70, 0x00, 0x00,
    0xC0, 0x00, 0x00, 0x80, 0x00, 0x00, 0x00, 0x00, 0x00, 0x00, 0x00, 0x00, 0x00, 0x00, 0x00, 0x00,
    0x02, 0x00, 0x00, 0x00, 0x00, 0x60, 0x00, 0x00, 0x00, 0x0E, 0x00, 0x00, 0x3C, 0x00, 0xE0, 0x00,
    0x07, 0xE0, 0x0F, 0x00, 0x00, 0xFF, 0x00, 0xF0, 0x00, 0x1F, 0xF8, 0x07, 0x00, 0x01, 0x87, 0xC0,
    0x70, 0x00, 0x38, 0x3C, 0x03, 0x00, 0x03, 0x01, 0xE0, 0x30, 0x00, 0x30, 0x1E, 0x03, 0x00, 0x03,
    0x00, 0xE0, 0xE0, 0x00, 0x38, 0x0F, 0xFE, 0x03, 0x03, 0xFF, 0xFF, 0xC0, 0x78, 0x1F, 0xFF, 0xF0,
    0x1F, 0x01, 0xFF, 0xF8, 0x07, 0xF0, 0x0F, 0xF7, 0x00, 0x7B, 0x00, 0x00, 0x60, 0x0E, 0x30, 0x00,
    0x06, 0x00, 0x03, 0x00, 0x00, 0x60, 0x00, 0x30, 0x00, 0x0C, 0x00, 0x03, 0x80, 0x01, 0xC0, 0x00,
    0x38, 0x00, 0x78, 0x00, 0x03, 0xC0, 0x1F, 0x00, 0x00, 0x1F, 0xFF, 0xE0, 0x00, 0x00, 0xFF, 0xFC,
    0x00, 0x00, 0x07, 0xFF, 0x00, 0x00, 0x00, 0x3F, 0xC0, 0x00, 0x00, 0x00, 0x00, 0x00, 0x00, 0x30,
    0x01, 0x00, 0xC0, 0x0E, 0x07, 0x00, 0x3C, 0x1C, 0x01, 0xF8, 0xE0, 0x07, 0xE3, 0x80, 0x07, 0x1C,
    0x00, 0x08, 0x60, 0x00, 0x03, 0x80, 0x00, 0x0C, 0x00, 0x00, 0x70, 0x00, 0x01, 0x80, 0x00, 0x0E,
    0x00, 0x00, 0x30, 0x00, 0x01, 0xC0, 0x00, 0x06, 0x10, 0x20, 0x38, 0xF1, 0xE0, 0xC7, 0xE7, 0xC7,
    0x1F, 0xBF, 0x18, 0x3C, 0x78, 0xE0, 0x70, 0xE3, 0x00, 0x00, 0x0C, 0x00, 0x00, 0x00, 0x00, 0x00,
    0x00, 0x00, 0x00, 0x00, 0x00, 0x60, 0x00, 0x04, 0x03, 0x00, 0x00, 0x70, 0x38, 0x00, 0x03, 0xC1,
    0xC0, 0x00, 0x3F, 0x1C, 0x00, 0x01, 0xF8, 0xE0, 0x00, 0x03, 0x8E, 0x00, 0x00, 0x08, 0x60, 0x00,
    0x00, 0x07, 0x00, 0x00, 0x00, 0x30, 0x00, 0x00, 0x03, 0x80, 0x00, 0x00, 0x18, 0x00, 0x00, 0x01,
    0xC0, 0x00, 0x00, 0x0C, 0x00, 0x00, 0x00, 0xE0, 0x00, 0x00, 0x06, 0x10, 0x20, 0x40, 0x71, 0xE3,
    0xC7, 0x83, 0x1F, 0x9F, 0x3E, 0x38, 0xFD, 0xFB, 0xF1, 0x83, 0xC7, 0x8F, 0x1C, 0x0E, 0x1C, 0x38,
    0xC0, 0x00, 0x00, 0x06, 0x00, 0x00, 0x00, 0x00, 0x00, 0x00, 0x00, 0x00, 0x00, 0x01, 0x80, 0x03,
    0xC0, 0x07, 0xE0, 0x03, 0xC0, 0x01, 0x80, 0x00, 0x00, 0x00, 0x00, 0x00, 0x80, 0x03, 0xE0, 0x07,
    0xF0, 0x0F, 0xF8, 0x0E, 0x7C, 0x1C, 0x3C, 0x18, 0x1E, 0x18, 0x0E, 0x18, 0x0E, 0x1C, 0x0E, 0x1F,
    0xFE, 0x1F, 0xFF, 0x0F, 0xF7, 0x07, 0xC7, 0x00, 0x06, 0x00, 0x1E, 0xFF, 0xFE, 0xFF, 0xF8, 0xFF,
    0xE0, 0xFE, 0x00, 0x00, 0x00, 0x00, 0x00, 0x00, 0x40, 0x00, 0xC0, 0x01, 0xC0, 0x00, 0xC0, 0x00,
    0xE0, 0x00, 0xE0, 0x00, 0xE0, 0x00, 0xE0, 0x00, 0xC0, 0x00, 0xC0, 0x00, 0x80, 0x00, 0x00, 0x00,
    0x21, 0x8C, 0x31, 0xC6, 0x38, 0xF3, 0xEF, 0x9C, 0x00, 0x02, 0x07, 0x0F, 0x0E, 0x1C, 0x38, 0x70,
    0x70, 0xE0, 0xC0, 0xC0, 0xC0, 0x00, 0x07, 0xC0, 0x00, 0x00, 0x1F, 0xE0, 0x00, 0x00, 0x3F, 0xF0,
    0x00, 0x00, 0x7F, 0xF8, 0x00, 0x00, 0x70, 0x38, 0x00, 0x00, 0xC0, 0x38, 0x00, 0x00, 0xC0, 0x18,
    0x00, 0x03, 0xE0, 0x18, 0x00, 0x0E, 0xF0, 0x18, 0x00, 0xFE, 0xFF, 0xFF, 0xFF, 0xFC, 0x7F, 0xFF,
    0xFF, 0xF0, 0x3F, 0xFF, 0xFF, 0xC0, 0x0F, 0xFF, 0xFC, 0x00, 0x00, 0x80, 0x00, 0x07, 0xE0, 0x00,
    0x1F, 0xE0, 0x00, 0x7F, 0xE0, 0x01, 0xE0, 0xC0, 0x02, 0x00, 0x00, 0x0C, 0x00, 0x00, 0x1C, 0x00,
    0x00, 0x38, 0x00, 0x00, 0x78, 0x01, 0xC0, 0xFC, 0x1F, 0x80, 0xFF, 0xFE, 0x00, 0xFF, 0xF8, 0x00,
    0xFF, 0xC0, 0x00, 0x7E, 0x00, 0x00, 0xF0, 0x00, 0x03, 0xC0, 0x00, 0x07, 0x00, 0x00, 0x1C, 0x00,
    0x00, 0x30, 0x06, 0x00, 0xE0, 0x7F, 0x81, 0x83, 0xFF, 0x83, 0x0F, 0xFF, 0x06, 0x3F, 0x0F, 0x0C,
    0xF0, 0x0E, 0x1B, 0xC0, 0x0C, 0x3F, 0x00, 0x18, 0x78, 0x00, 0x30, 0xF0, 0x00, 0xE3, 0xF0, 0x03,
    0x87, 0xF8, 0x3F, 0x1C, 0xFF, 0xFC, 0x30, 0xFF, 0xF0, 0xC0, 0xFF, 0x81, 0x80, 0x38, 0x00, 0x00,
    0x00, 0x00, 0x0E, 0x1F, 0xF1, 0xE3, 0x7E, 0x7C, 0x40, 0x40, 0x00, 0x0E, 0x0C, 0x34, 0x1B, 0xB7,
    0xF3, 0xF1, 0x00, 0x80, 0x00, 0x00, 0x00, 0x00, 0x09, 0xE1, 0xFF, 0xF0, 0xF2, 0x30, 0x48, 0x0B,
    0x02, 0x43, 0xC0, 0x00, 0x00, 0x06, 0x00, 0x2E, 0x21, 0xF6, 0x93, 0x2E, 0x13, 0xE3, 0x17, 0xE2,
    0x7C, 0x64, 0x3E, 0x41, 0xC0, 0x00, 0x00, 0x00, 0x00, 0xC8, 0x07, 0x97, 0xFF, 0xE7, 0xF3, 0x80,
    0x00, 0x06, 0x01, 0x80, 0x60, 0x1B, 0x83, 0x30, 0x85, 0x43, 0x3F, 0x00, 0x00, 0x40, 0x03, 0x40,
    0x03, 0x40, 0x03, 0x40, 0x01, 0x40, 0x01, 0x40, 0x01, 0x40, 0x01, 0x40, 0x03, 0x40, 0x1E, 0x40,
    0x70, 0x00, 0xC0, 0x00, 0xFF, 0xFE, 0x00, 0x00, 0x00, 0x60, 0x00, 0x08, 0x30, 0xC1, 0x04, 0x10,
    0x9C, 0x00, 0x04, 0xF7, 0x90, 0x39, 0x66, 0x9E, 0x3B, 0x80, 0x00, 0x00, 0x0C, 0xFB, 0xC4, 0x00,
    0x08, 0x63, 0x0C, 0x71, 0x8E, 0x3C, 0xFB, 0xE7, 0x00, 0x00, 0x00, 0x00, 0x61, 0xEF, 0x9C, 0x30,
    0x00, 0x00, 0x00, 0x80, 0x03, 0x00, 0x06, 0x00, 0x0C, 0x00, 0x18, 0x00, 0x30, 0x00, 0x70, 0x00,
    0xF0, 0x00, 0xFC, 0x00, 0xFC, 0x00, 0xF8, 0x00, 0x20, 0x00, 0xC0, 0x01, 0x80, 0x03, 0x00, 0x06,
    0x00, 0x0C, 0x38, 0x1C, 0x78, 0x38, 0xF0, 0x3F, 0xE0, 0x3F, 0xC0, 0x3E, 0x00, 0x06, 0x00, 0x70,
    0x0F, 0x80, 0xF8, 0x03, 0x00, 0x00, 0x38, 0xE7, 0xCF, 0x7D, 0xF3, 0x8E, 0x00, 0x20, 0x00, 0x80,
    0x1F, 0xC0, 0xFF, 0xC7, 0xFF, 0x3C, 0x3D, 0xC0, 0x26, 0x00, 0x18, 0x00, 0xC0, 0x03, 0xC0, 0x07,
    0xC0, 0x1F, 0xC0, 0x3F, 0x80, 0x3F, 0x00, 0x7C, 0x00, 0x70, 0x01, 0xC0, 0x06, 0x00, 0x18, 0x00,
    0x00, 0x00, 0x00, 0x00, 0x00, 0x70, 0x01, 0xE0, 0x0F, 0x80, 0x1C, 0x00, 0x10, 0x00, 0x00, 0x07,
    0x80, 0x01, 0xF8, 0x00, 0x7F, 0x00, 0x1F, 0xE0, 0x07, 0x80, 0x00, 0xE0, 0x00, 0x38, 0x00, 0x06,
    0x00, 0x01, 0x80, 0x00, 0x30, 0x00, 0x06, 0x00, 0x00, 0xF0, 0x00, 0x1F, 0xF0, 0x01, 0xFF, 0x80,
    0x1F, 0xF0, 0x00, 0xFF, 0x00, 0x00, 0x60, 0x00, 0x18, 0x00, 0x07, 0x00, 0x03, 0xC0, 0x03, 0xF1,
    0xFF, 0xFC, 0x3F, 0xFE, 0x01, 0xFF, 0x00, 0x0F, 0x80, 0x00, 0x00, 0x80, 0x07, 0xE0, 0x0F, 0xE0,
    0x1F, 0xF0, 0x1E, 0x30, 0x38, 0x20, 0x30, 0x00, 0x30, 0x00, 0x38, 0x00, 0x1E, 0x7E, 0x1F, 0xFF,
    0x3F, 0xFE, 0xFF, 0xC0, 0xF0, 0x00, 0x00, 0x00, 0x00, 0x00, 0x78, 0x63, 0xFF, 0x99, 0xF8, 0x00,
    0x00, 0x00, 0x00, 0x00, 0x00, 0xE0, 0x03, 0x80, 0x0E, 0x00, 0x3C, 0x00, 0xF0, 0x03, 0x80, 0x0E,
    0x00, 0x38, 0x00, 0xE0, 0x03, 0x80, 0x0E, 0x00, 0x38, 0x00, 0xE0, 0x03, 0x80, 0x0E, 0x00, 0x38,
    0x00, 0xE0, 0x03, 0x80, 0x0E, 0x00, 0x38, 0x00, 0xE0, 0x03, 0x80, 0x0E, 0x00, 0x38, 0x00, 0xE0,
    0x03, 0x80, 0x0E, 0x00, 0x00, 0x00, 0x39, 0xFC, 0xB0, 0xFD, 0xFF, 0xB0, 0x00, 0x63, 0x8E, 0x38,
    0xF3, 0x8E, 0x38, 0xE3, 0x8E, 0x38, 0xE3, 0x8E, 0x38, 0xE3, 0x8E, 0x38, 0xE3, 0x8E, 0x38, 0xE3,
    0x8E, 0x38, 0x00, 0x00, 0xE0, 0x00, 0xF8, 0x00, 0xE8, 0x00, 0x60, 0x00, 0x38, 0x00, 0x0F, 0x80,
    0x0F, 0xC0, 0x07, 0x00, 0x02, 0x00, 0x00, 0x78, 0x00, 0x7E, 0x00, 0x7F, 0x80, 0x7F, 0xE0, 0x30,
    0xF0, 0x38, 0x3C, 0x18, 0x0E, 0x0C, 0x07, 0x06, 0x01, 0x83, 0x80, 0xE1, 0xFF, 0xF0, 0x7F, 0xF8,
    0x3F, 0xF8, 0x07, 0xCC, 0x00, 0x0E, 0x00, 0x07, 0x00, 0x07, 0x00, 0x07, 0x8C, 0x0F, 0x8F, 0xFF,
    0x83, 0xFF, 0x80, 0x7F, 0x80, 0x06, 0x00, 0x01, 0xC7, 0x1E, 0x79, 0xE7, 0x1C, 0x71, 0xC7, 0x1C,
    0x71, 0xC7, 0x1C, 0x71, 0xC7, 0x1C, 0x71, 0xC7, 0x1C, 0x71, 0xC7, 0x1C, 0x00, 0x03, 0x9F, 0xCA,
    0x0F, 0xDF, 0xFB, 0x00, 0x00, 0x00, 0x00, 0xF0, 0x00, 0x07, 0xE3, 0x80, 0x3F, 0x9F, 0x01, 0xFE,
    0xE8, 0x0F, 0x03, 0x00, 0x78, 0x0E, 0x41, 0xC0, 0x1F, 0x0E, 0x00, 0xFC, 0x30, 0x03, 0x80, 0xC0,
    0x08, 0x03, 0x00, 0x00, 0x0F, 0x80, 0xC0, 0x3F, 0xF3, 0x00, 0x7F, 0xEC, 0x00, 0xFF, 0xB0, 0x00,
    0x7F, 0xC0, 0x00, 0x0F, 0x00, 0x00, 0x6E, 0x00, 0x07, 0xB8, 0x00, 0x3C, 0xF0, 0x07, 0xE1, 0xFF,
    0xFF, 0x03, 0xFF, 0xF0, 0x07, 0xFF, 0x00, 0x0F, 0xE0, 0x00, 0x33, 0x9C, 0xE7, 0xB9, 0xCE, 0x73,
    0x9C, 0xE7, 0x39, 0xCE, 0x73, 0x9C, 0xE7, 0x39, 0xCE, 0x73, 0x9C, 0xE0, 0x00, 0x00, 0x00, 0x40,
    0x00, 0x00, 0x18, 0x00, 0x00, 0x07, 0x00, 0x00, 0x00, 0xE0, 0x00, 0x00, 0x1E, 0x80, 0x00, 0x03,
    0xF0, 0x00, 0x00, 0x3E, 0x00, 0x00, 0x07, 0xC0, 0x00, 0x00, 0xF8, 0x00, 0x00, 0x0F, 0x80, 0x00,
    0x01, 0xF0, 0x00, 0x00, 0xFF, 0x80, 0x01, 0xFC, 0xFF, 0xFF, 0xFF, 0x0F, 0xFF, 0xFF, 0xC0, 0xFF,
    0xFF, 0xC0, 0x07, 0xFF, 0x80, 0x00, 0x00, 0x00, 0x00, 0x00, 0x00, 0x00, 0x00, 0x00, 0x00, 0x00,
    0x00, 0xC0, 0x00, 0x00, 0x3C, 0x00, 0x00, 0x0F, 0xC0, 0x00, 0x01, 0xF0, 0x00, 0x00, 0x1C, 0x00,
    0x00, 0x00, 0x00, 0x00, 0x00, 0xC1, 0x8F, 0x1E, 0xF9, 0xF3, 0xC7, 0x0C, 0x10, 0x00, 0x00, 0x00,
    0x00, 0x0E, 0x00, 0x78, 0x03, 0xE0, 0x0F, 0x80, 0xFE, 0x0E, 0xF8, 0x63, 0xC6, 0x0F, 0x30, 0x3B,
    0x01, 0xD8, 0x0E, 0xC0, 0x37, 0x03, 0x3F, 0xF9, 0xFF, 0x87, 0xFC, 0x1F, 0x80, 0x00, 0x01, 0x00,
    0x00, 0x18, 0x70, 0x00, 0x07, 0x9F, 0x01, 0x01, 0xF3, 0xC0, 0x60, 0x1E, 0x30, 0x1C, 0x01, 0x80,
    0x03, 0x80, 0x00, 0x00, 0x7A, 0x00, 0x00, 0x0F, 0xC0, 0x00, 0x00, 0xF8, 0x00, 0x00, 0x1F, 0x00,
    0x00, 0x03, 0xE0, 0x00, 0x00, 0x3E, 0x00, 0x00, 0x07, 0xC0, 0x00, 0x03, 0xFE, 0x00, 0x07, 0xF3,
    0xFF, 0xFF, 0xFC, 0x3F, 0xFF, 0xFF, 0x03, 0xFF, 0xFF, 0x00, 0x1F, 0xFE, 0x00, 0x00, 0x00, 0x00,
    0x00, 0x00, 0x01, 0x00, 0x00, 0x00, 0x70, 0x00, 0x00, 0x1E, 0x00, 0x00, 0x05, 0x90, 0x00, 0x01,
    0xC7, 0x00, 0x80, 0x7D, 0xE0, 0x30, 0x07, 0x1C, 0x0E, 0x00, 0x40, 0x01, 0xC0, 0x00, 0x00, 0x3D,
    0x00, 0x00, 0x07, 0xE0, 0x00, 0x00, 0x7C, 0x00, 0x00, 0x0F, 0x80, 0x00, 0x01, 0xF0, 0x00, 0x00,
    0x1F, 0x00, 0x00, 0x03, 0xE0, 0x00, 0x01, 0xFF, 0x00, 0x03, 0xF9, 0xFF, 0xFF, 0xFE, 0x1F, 0xFF,
    0xFF, 0x81, 0xFF, 0xFF, 0x80, 0x0F, 0xFF, 0x00, 0x00, 0x1F, 0xC0, 0x00, 0x7F, 0xF8, 0x00, 0x7F,
    0xFF, 0x80, 0xFF, 0xFF, 0xFE, 0x60, 0x3F, 0xFE, 0x00, 0x1F, 0xFC, 0x00, 0x7F, 0xF8, 0x00, 0xFE,
    0x00, 0x03, 0xF0, 0x00, 0x07, 0xC0, 0x00, 0x07, 0x80, 0x00, 0x0E, 0x00, 0x00, 0x1C, 0x00, 0x00,
    0x18, 0x00, 0x00, 0x38, 0x06, 0x00, 0x30, 0x0F, 0x00, 0x30, 0x1F, 0x00, 0x30, 0x0F, 0x00, 0x30,
    0x06, 0x00, 0x30, 0x00, 0x00, 0x38, 0x00, 0x00, 0x38, 0x00, 0x00, 0x1C, 0x00, 0x00, 0x1F, 0x00,
    0x02, 0x0F, 0xFF, 0xFF, 0x07, 0xFF, 0xFE, 0x03, 0xFF, 0xF8, 0x00, 0x7F, 0xC0, 0x1F, 0xC0, 0x00,
    0x7F, 0xF8, 0x00, 0x7F, 0xFF, 0x80, 0xFF, 0xFF, 0xFE, 0x60, 0x3F, 0xFE, 0x00, 0x1F, 0xFC, 0x00,
    0x7F, 0xF8, 0x00, 0xFE, 0x00, 0x03, 0xF0, 0x00, 0x07, 0xC0, 0x00, 0x07, 0x80, 0x00, 0x0E, 0x00,
    0x00, 0x1C, 0x00, 0x00, 0x18, 0x00, 0x00, 0x38, 0x00, 0x00, 0x30, 0x00, 0x00, 0x30, 0x00, 0x00,
    0x30, 0x00, 0x00, 0x30, 0x00, 0x00, 0x30, 0x00, 0x00, 0x38, 0x00, 0x00, 0x38, 0x00, 0x00, 0x1C,
    0x00, 0x00, 0x1F, 0x00, 0x02, 0x0F, 0xFF, 0xFF, 0x07, 0xFF, 0xFE, 0x03, 0xFF, 0xF8, 0x00, 0x7F,
    0xC0, 0x00, 0x00, 0x00, 0x00, 0x18, 0x00, 0x00, 0x3C, 0x00, 0x00, 0x3E, 0x00, 0x00, 0x3C, 0x00,
    0x00, 0x18, 0x00, 0x00, 0x00, 0x00, 0x00, 0x00, 0x00, 0x00, 0x00, 0x00, 0x1F, 0xC0, 0x00, 0x7F,
    0xF8, 0x00, 0x7F, 0xFF, 0x80, 0xFF, 0xFF, 0xFE, 0x60, 0x3F, 0xFE, 0x00, 0x1F, 0xFC, 0x00, 0x7F,
    0xF8, 0x00, 0xFE, 0x00, 0x03, 0xF0, 0x00, 0x07, 0xC0, 0x00, 0x07, 0x80, 0x00, 0x0E, 0x00, 0x00,
    0x1C, 0x00, 0x00, 0x18, 0x00, 0x00, 0x38, 0x00, 0x00, 0x30, 0x00, 0x00, 0x30, 0x00, 0x00, 0x30,
    0x00, 0x00, 0x30, 0x00, 0x00, 0x30, 0x00, 0x00, 0x38, 0x00, 0x00, 0x38, 0x00, 0x00, 0x1C, 0x00,
    0x00, 0x1F, 0x00, 0x02, 0x0F, 0xFF, 0xFF, 0x07, 0xFF, 0xFE, 0x03, 0xFF, 0xF8, 0x00, 0x7F, 0xC0,
    0x00, 0x40, 0x03, 0x80, 0x0E, 0x00, 0x3C, 0x00, 0xF0, 0x01, 0xC0, 0x07, 0x80, 0x0E, 0x00, 0x3C,
    0x00, 0x70, 0x01, 0xC0, 0x03, 0xC0, 0x0F, 0xFF, 0xEF, 0xFF, 0xBF, 0xFC, 0x7F, 0xC0, 0x00, 0x00,
    0x06, 0x00, 0x38, 0x01, 0xF0, 0x07, 0xC0, 0x0E, 0x00, 0x00, 0x00, 0x00, 0x00, 0x00, 0x01, 0x00,
    0x0E, 0x00, 0x38, 0x00, 0xF0, 0x03, 0xC0, 0x07, 0x00, 0x1E, 0x00, 0x38, 0x00, 0xF0, 0x01, 0xC0,
    0x07, 0x00, 0x0F, 0x00, 0x3F, 0xFF, 0xBF, 0xFE, 0xFF, 0xF1, 0xFF, 0x00, 0x00, 0x18, 0x00, 0x38,
    0x00, 0x38, 0x00, 0x3C, 0x00, 0x3C, 0x00, 0x1C, 0x00, 0x1E, 0x00, 0x1E, 0x00, 0x0E, 0x00, 0x06,
    0x00, 0x07, 0x00, 0x03, 0x00, 0x03, 0x00, 0x06, 0x00, 0x06, 0x00, 0x0E, 0x00, 0x0E, 0x00, 0x1C,
    0x00, 0x7C, 0x7F, 0xF8, 0x7F, 0xF0, 0x3F, 0xE0, 0x0F, 0x80, 0x00, 0x00, 0x00, 0x60, 0x00, 0xF0,
    0x01, 0xF8, 0x01, 0xF0, 0x00, 0xE0, 0x00, 0x00, 0x00, 0x00, 0x00, 0x00, 0x00, 0x18, 0x00, 0x38,
    0x00, 0x38, 0x00, 0x3C, 0x00, 0x3C, 0x00, 0x1C, 0x00, 0x1E, 0x00, 0x1E, 0x00, 0x0E, 0x00, 0x06,
    0x00, 0x07, 0x00, 0x03, 0x00, 0x03, 0x00, 0x06, 0x00, 0x06, 0x00, 0x0E, 0x00, 0x0E, 0x00, 0x1C,
    0x00, 0x7C, 0x7F, 0xF8, 0x7F, 0xF0, 0x3F, 0xE0, 0x0F, 0x80, 0x00, 0x00, 0x00, 0x00, 0x00, 0x00,
    0x00, 0x00, 0x00, 0x40, 0x00, 0x00, 0x00, 0x03, 0x00, 0x00, 0x00, 0x00, 0x1C, 0x00, 0x00, 0x00,
    0x08, 0x78, 0x00, 0x00, 0x00, 0x71, 0xE0, 0x00, 0x0C, 0x01, 0x83, 0x80, 0x00, 0x70, 0x0E, 0x0E,
    0x00, 0x01, 0xE0, 0x38, 0x38, 0x00, 0x07, 0x80, 0xC0, 0x70, 0x00, 0x1E, 0x07, 0xC1, 0xC0, 0x00,
    0x7F, 0xFF, 0xFE, 0x00, 0x00, 0xFF, 0xFF, 0xFB, 0x00, 0x03, 0xFF, 0xBF, 0xEC, 0x00, 0x0F, 0xFC,
    0x3F, 0x30, 0x00, 0x1C, 0x00, 0x00, 0xC0, 0x00, 0x70, 0x00, 0x03, 0x00, 0x00, 0x80, 0x00, 0x0C,
    0x00, 0x06, 0x00, 0x00, 0x38, 0x00, 0x38, 0x00, 0x00, 0xE0, 0x03, 0xC0, 0x00, 0x03, 0xC0, 0x3E,
    0x00, 0x00, 0x07, 0xFF, 0xF0, 0x00, 0x00, 0x0F, 0xFF, 0x80, 0x00, 0x00, 0x1F, 0xFC, 0x00, 0x00,
    0x00, 0x3F, 0x80, 0x00, 0x00, 0x00, 0x00, 0x00, 0x00, 0x00, 0x00, 0x00, 0x00, 0x00, 0xC0, 0x00,
    0x00, 0x00, 0x07, 0x80, 0x00, 0x00, 0x00, 0x1E, 0x00, 0x00, 0x00, 0x00, 0xB6, 0x00, 0x00, 0x00,
    0x07, 0x3C, 0x00, 0x00, 0x00, 0x3C, 0xF0, 0x00, 0x00, 0x00, 0x71, 0x80, 0x00, 0x00, 0x00, 0x80,
    0x10, 0x00, 0x00, 0x00, 0x00, 0xC0, 0x00, 0x00, 0x00, 0x07, 0x00, 0x00, 0x00, 0x02, 0x1E, 0x00,
    0x00, 0x00, 0x1C, 0x78, 0x00, 0x03, 0x00, 0x60, 0xE0, 0x00, 0x1C, 0x03, 0x83, 0x80, 0x00, 0x78,
    0x0E, 0x0E, 0x00, 0x01, 0xE0, 0x30, 0x1C, 0x00, 0x07, 0x81, 0xF0, 0x70, 0x00, 0x1F, 0xFF, 0xFF,
    0x80, 0x00, 0x3F, 0xFF, 0xFE, 0xC0, 0x00, 0xFF, 0xEF, 0xFB, 0x00, 0x03, 0xFF, 0x0F, 0xCC, 0x00,
    0x07, 0x00, 0x00, 0x30, 0x00, 0x1C, 0x00, 0x00, 0xC0, 0x00, 0x20, 0x00, 0x03, 0x00, 0x01, 0x80,
    0x00, 0x0E, 0x00, 0x0E, 0x00, 0x00, 0x38, 0x00, 0xF0, 0x00, 0x00, 0xF0, 0x0F, 0x80, 0x00, 0x01,
    0xFF, 0xFC, 0x00, 0x00, 0x03, 0xFF, 0xE0, 0x00, 0x00, 0x07, 0xFF, 0x00, 0x00, 0x00, 0x0F, 0xE0,
    0x00, 0x00, 0x00, 0x00, 0x00, 0x00, 0x03, 0xE0, 0x00, 0x00, 0x00, 0x03, 0xFC, 0x00, 0x00, 0x00,
    0x07, 0xFF, 0x00, 0x00, 0x00, 0x07, 0xFF, 0xC0, 0x00, 0x00, 0x07, 0x81, 0xF0, 0x00, 0x00, 0x07,
    0x80, 0x7C, 0x00, 0x03, 0x07, 0x00, 0x1E, 0x00, 0x03, 0x87, 0x00, 0x06, 0x00, 0x01, 0xE7, 0x00,
    0x03, 0x00, 0x00, 0xF7, 0x00, 0x07, 0x80, 0x00, 0x7F, 0x00, 0x1F, 0x80, 0x00, 0x3F, 0xFF, 0xFF,
    0x80, 0x00, 0x0F, 0xFF, 0xFF, 0x86, 0x00, 0x07, 0xFF, 0xFF, 0x03, 0x00, 0x03, 0xDF, 0xFC, 0x01,
    0x80, 0x00, 0xE0, 0x00, 0x00, 0xC0, 0x00, 0x70, 0x00, 0x00, 0x60, 0x00, 0x10, 0x00, 0x00, 0x30,
    0x00, 0x18, 0x00, 0x00, 0x1C, 0x00, 0x1C, 0x00, 0x00, 0x0E, 0x00, 0x3C, 0x00, 0x00, 0x07, 0x80,
    0x7C, 0x00, 0x00, 0x01, 0xFF, 0xFC, 0x00, 0x00, 0x00, 0x7F, 0xFC, 0x00, 0x00, 0x00, 0x1F, 0xFC,
    0x00, 0x00, 0x00, 0x07, 0xF0, 0x00, 0x00, 0x00, 0x00, 0x00, 0x00, 0x00, 0x00, 0x00, 0x00, 0x00,
    0x00, 0x18, 0x00, 0x00, 0x00, 0x00, 0x1F, 0x00, 0x00, 0x00, 0x00, 0x0F, 0x80, 0x00, 0x00, 0x00,
    0x07, 0x80, 0x00, 0x00, 0x00, 0x01, 0x80, 0x00, 0x00, 0x00, 0x00, 0x00, 0x00, 0x00, 0x00, 0x00,
    0x00, 0x00, 0x00, 0x00, 0x00, 0x00, 0x00, 0x00, 0x00, 0x00, 0x00, 0x00, 0x00, 0x00, 0x00, 0x00,
    0xF8, 0x00, 0x00, 0x00, 0x00, 0xFF, 0x00, 0x00, 0x00, 0x01, 0xFF, 0xC0, 0x00, 0x00, 0x01, 0xFF,
    0xF0, 0x00, 0x00, 0x01, 0xE0, 0x7C, 0x00, 0x00, 0x01, 0xE0, 0x1F, 0x00, 0x00, 0xC1, 0xC0, 0x07,
    0x80, 0x00, 0xE1, 0xC0, 0x01, 0x80, 0x00, 0x79, 0xC0, 0x00, 0xC0, 0x00, 0x3D, 0xC0, 0x01, 0xE0,
    0x00, 0x1F, 0xC0, 0x07, 0xE0, 0x00, 0x0F, 0xFF, 0xFF, 0xE0, 0x00, 0x03, 0xFF, 0xFF, 0xE1, 0x80,
    0x01, 0xFF, 0xFF, 0xC0, 0xC0, 0x00, 0xF7, 0xFF, 0x00, 0x60, 0x00, 0x38, 0x00, 0x00, 0x30, 0x00,
    0x1C, 0x00, 0x00, 0x18, 0x00, 0x04, 0x00, 0x00, 0x0C, 0x00, 0x06, 0x00, 0x00, 0x07, 0x00, 0x07,
    0x00, 0x00, 0x03, 0x80, 0x0F, 0x00, 0x00, 0x01, 0xE0, 0x1F, 0x00, 0x00, 0x00, 0x7F, 0xFF, 0x00,
    0x00, 0x00, 0x1F, 0xFF, 0x00, 0x00, 0x00, 0x07, 0xFF, 0x00, 0x00, 0x00, 0x01, 0xFC, 0x00, 0x00,
    0x00, 0x00, 0x00, 0x00, 0x00, 0x00, 0x06, 0x00, 0x00, 0x00, 0x70, 0x00, 0x00, 0x03, 0xC0, 0x00,
    0x00, 0x1E, 0x00, 0x00, 0x00, 0xF0, 0x00, 0x00, 0x07, 0x80, 0x00, 0x00, 0x38, 0x00, 0x00, 0x01,
    0xE0, 0x00, 0x00, 0x0F, 0x00, 0x00, 0x00, 0x38, 0x00, 0x00, 0x01, 0xC0, 0x00, 0x00, 0x0E, 0x00,
    0x00, 0x00, 0x70, 0x00, 0x00, 0x03, 0x80, 0x78, 0x00, 0x1C, 0x0F, 0xF0, 0x00, 0x61, 0xFF, 0xC0,
    0x03, 0x9F, 0xFF, 0x00, 0x1D, 0xE0, 0x7C, 0x00, 0xFE, 0x01, 0xF0, 0x07, 0xC0, 0x07, 0x80, 0x1C,
    0x00, 0x18, 0x01, 0xC0, 0x00, 0xC0, 0x1C, 0x00, 0x1E, 0x78, 0xC0, 0x07, 0xE3, 0xFF, 0xFF, 0xFE,
    0x0F, 0xFF, 0xFF, 0xE0, 0x1F, 0xFF, 0xFC, 0x00, 0x3F, 0xFF, 0x00, 0x00, 0x00, 0x00, 0x00, 0x00,
    0x06, 0x00, 0x00, 0x00, 0x70, 0x00, 0x00, 0x03, 0xC0, 0x00, 0x00, 0x1E, 0x00, 0x00, 0x00, 0xF0,
    0x0C, 0x00, 0x07, 0x80, 0xF0, 0x00, 0x38, 0x0F, 0xC0, 0x01, 0xE0, 0x3C, 0x00, 0x0F, 0x00, 0xC0,
    0x00, 0x38, 0x00, 0x00, 0x01, 0xC0, 0x00, 0x00, 0x0E, 0x00, 0x00, 0x00, 0x70, 0x00, 0x00, 0x03,
    0x80, 0x78, 0x00, 0x1C, 0x0F, 0xF0, 0x00, 0x61, 0xFF, 0xC0, 0x03, 0x9F, 0xFF, 0x00, 0x1D, 0xE0,
    0x7C, 0x00, 0xFE, 0x01, 0xF0, 0x07, 0xC0, 0x07, 0x80, 0x1C, 0x00, 0x18, 0x01, 0xC0, 0x00, 0xC0,
    0x1C, 0x00, 0x1E, 0x78, 0xC0, 0x07, 0xE3, 0xFF, 0xFF, 0xFE, 0x0F, 0xFF, 0xFF, 0xE0, 0x1F, 0xFF,
    0xFC, 0x00, 0x3F, 0xFF, 0x00, 0x00, 0x02, 0x00, 0x00, 0x0F, 0xC0, 0x00, 0x1F, 0xE0, 0x00, 0x3F,
    0xF0, 0x00, 0x78, 0x30, 0x00, 0x40, 0x00, 0x00, 0xC0, 0x00, 0x00, 0xC0, 0x00, 0x00, 0xE0, 0x00,
    0x00, 0xF0, 0x07, 0x80, 0xF8, 0x1F, 0x00, 0x7F, 0x7F, 0x00, 0x7F, 0xFC, 0x00, 0x1F, 0xF0, 0x00,
    0x0F, 0xC0, 0x00, 0x0F, 0x00, 0x00, 0x1C, 0x00, 0x00, 0x18, 0x00, 0x00, 0x30, 0x00, 0x00, 0x30,
    0x00, 0x00, 0x60, 0x00, 0x00, 0x60, 0x00, 0x00, 0x60, 0x00, 0x00, 0x60, 0x00, 0x00, 0x70, 0x00,
    0x00, 0x70, 0x00, 0x00, 0x38, 0x00, 0x00, 0x3E, 0x00, 0x02, 0x1F, 0xFF, 0xFE, 0x0F, 0xFF, 0xFC,
    0x07, 0xFF, 0xF0, 0x00, 0xFF, 0x80, 0x00, 0x00, 0x00, 0x06, 0x00, 0x00, 0x0F, 0x00, 0x00, 0x1F,
    0x80, 0x00, 0x0F, 0x00, 0x00, 0x06, 0x00, 0x00, 0x00, 0x00, 0x00, 0x00, 0x00, 0x00, 0x00, 0x00,
    0x00, 0x02, 0x00, 0x00, 0x0F, 0xC0, 0x00, 0x1F, 0xE0, 0x00, 0x3F, 0xF0, 0x00, 0x78, 0x30, 0x00,
    0x40, 0x00, 0x00, 0xC0, 0x00, 0x00, 0xC0, 0x00, 0x00, 0xE0, 0x00, 0x00, 0xF0, 0x07, 0x80, 0xF8,
    0x1F, 0x00, 0x7F, 0x7F, 0x00, 0x7F, 0xFC, 0x00, 0x1F, 0xF0, 0x00, 0x0F, 0xC0, 0x00, 0x0F, 0x00,
    0x00, 0x1C, 0x00, 0x00, 0x18, 0x00, 0x00, 0x30, 0x00, 0x00, 0x30, 0x00, 0x00, 0x60, 0x00, 0x00,
    0x60, 0x00, 0x00, 0x60, 0x00, 0x00, 0x60, 0x00, 0x00, 0x70, 0x00, 0x00, 0x70, 0x00, 0x00, 0x38,
    0x00, 0x00, 0x3E, 0x00, 0x02, 0x1F, 0xFF, 0xFE, 0x0F, 0xFF, 0xFC, 0x07, 0xFF, 0xF0, 0x00, 0xFF,
    0x80, 0x00, 0x00, 0x00, 0x00, 0x00, 0x60, 0x00, 0x00, 0x1C, 0x03, 0x00, 0x19, 0x81, 0xF0, 0x07,
    0x80, 0xFC, 0x00, 0x60, 0xFF, 0x80, 0x00, 0x7F, 0xC0, 0x00, 0x3F, 0xC0, 0x00, 0x0F, 0xE0, 0x00,
    0x03, 0xF0, 0x00, 0x00, 0xF0, 0x00, 0x00, 0x18, 0x00, 0x00, 0x03, 0xC0, 0x00, 0x00, 0x7E, 0x00,
    0x00, 0x0F, 0xF0, 0x00, 0x00, 0x7F, 0x80, 0x00, 0x01, 0xF8, 0x00, 0x00, 0x0F, 0x80, 0x00, 0x00,
    0x78, 0x00, 0x00, 0x07, 0x04, 0x00, 0x00, 0x71, 0x80, 0x00, 0x0E, 0x30, 0x00, 0x00, 0xC6, 0x00,
    0x00, 0x38, 0xF0, 0x00, 0x1F, 0x1F, 0xFF, 0xFF, 0xC1, 0xFF, 0xFF, 0xF0, 0x1F, 0xFF, 0xF8, 0x00,
    0xFF, 0xF8, 0x00, 0x00, 0x00, 0x00, 0x00, 0x00, 0x00, 0x18, 0x00, 0x00, 0x0F, 0x80, 0x00, 0x07,
    0xE0, 0x00, 0x07, 0xFC, 0x00, 0x03, 0xFE, 0x00, 0x01, 0xFE, 0x00, 0x00, 0x7F, 0x00, 0x00, 0x1F,
    0x80, 0x00, 0x07, 0x80, 0x00, 0x00, 0xC0, 0x00, 0x00, 0x1E, 0x00, 0x00, 0x03, 0xF0, 0x00, 0x00,
    0x7F, 0x80, 0x00, 0x03, 0xFC, 0x00, 0x00, 0x0F, 0xC0, 0x00, 0x00, 0x7C, 0x00, 0x00, 0x03, 0xC0,
    0x00, 0x00, 0x38, 0x20, 0x00, 0x03, 0x8C, 0x00, 0x00, 0x71, 0x80, 0x00, 0x06, 0x30, 0x00, 0x01,
    0xC7, 0x80, 0x00, 0xF8, 0xFF, 0xFF, 0xFE, 0x0F, 0xFF, 0xFF, 0x80, 0xFF, 0xFF, 0xC0, 0x07, 0xFF,
    0xC0, 0x00, 0x00, 0x00, 0x00, 0x00, 0x00, 0x00, 0x00, 0x00, 0x04, 0x00, 0x00, 0x71, 0xC0, 0x00,
    0x1F, 0x7C, 0x00, 0x03, 0xC7, 0x00, 0x00, 0x32, 0x40, 0x00, 0x00, 0xE0, 0x00, 0x00, 0x1C, 0x00,
    0x00, 0x01, 0x00, 0x00, 0x00, 0x00, 0x00, 0x00, 0x00, 0xF0, 0x00, 0x07, 0xE0, 0x00, 0x3F, 0x8E,
    0x01, 0xFE, 0x38, 0x0F, 0x01, 0xF0, 0x38, 0x06, 0xE1, 0xC0, 0x31, 0x86, 0x00, 0xC6, 0x30, 0x00,
    0x00, 0xC0, 0x00, 0x03, 0x00, 0x00, 0x0F, 0x00, 0x40, 0x3F, 0xE3, 0x00, 0x7F, 0xEC, 0x00, 0xFF,
    0xB0, 0x00, 0xFF, 0xC0, 0x00, 0x0F, 0x00, 0x00, 0x6E, 0x00, 0x03, 0xB8, 0x00, 0x3C, 0xF0, 0x07,
    0xE1, 0xFF, 0xFF, 0x03, 0xFF, 0xF0, 0x0F, 0xFF, 0x00, 0x0F, 0xE0, 0x00, 0x00, 0x00, 0x1E, 0x00,
    0x00, 0x1F, 0x80, 0x00, 0x1F, 0xC0, 0x00, 0x1F, 0xE0, 0x0C, 0x1E, 0x01, 0x8F, 0x0E, 0x01, 0xE7,
    0xCE, 0x00, 0xF3, 0xC6, 0x00, 0x30, 0x46, 0x00, 0x00, 0x03, 0x00, 0x00, 0x01, 0x80, 0x00, 0x00,
    0xF0, 0x00, 0x80, 0x7F, 0xC0, 0xC0, 0x1F, 0xF8, 0x60, 0x07, 0xFC, 0x30, 0x00, 0xFF, 0x18, 0x00,
    0x01, 0x8C, 0x00, 0x01, 0x87, 0x00, 0x01, 0xC3, 0x80, 0x03, 0xC1, 0xE0, 0x0F, 0xC0, 0x7F, 0xFF,
    0xC0, 0x1F, 0xFF, 0x80, 0x0F, 0xFF, 0x00, 0x01, 0xFC, 0x00, 0x00, 0x00, 0x00, 0x3C, 0x04, 0x00,
    0x7E, 0x0E, 0x00, 0xFE, 0x1F, 0x01, 0xFE, 0x0E, 0x83, 0xC0, 0x25, 0xC3, 0x80, 0x73, 0xE7, 0x00,
    0xF1, 0xC6, 0x00, 0x70, 0x8C, 0x00, 0x00, 0x0C, 0x00, 0x00, 0x0C, 0x00, 0x00, 0x0F, 0x00, 0x10,
    0x0F, 0xF8, 0x30, 0x07, 0xFE, 0x30, 0x03, 0xFE, 0x30, 0x00, 0xFF, 0x30, 0x00, 0x03, 0x30, 0x00,
    0x06, 0x38, 0x00, 0x0E, 0x38, 0x00, 0x3C, 0x3C, 0x01, 0xF8, 0x1F, 0xFF, 0xF0, 0x0F, 0xFF, 0xC0,
    0x0F, 0xFF, 0x00, 0x03, 0xF8, 0x00, 0xFF, 0xFF, 0xFF, 0xFF, 0xF0, 0x00, 0x00, 0x00, 0x00, 0x00,
    0x00, 0x06, 0x00, 0x00, 0x00, 0x0E, 0x00, 0x00, 0x00, 0x3E, 0x00, 0x00, 0x00, 0x78, 0x00, 0x00,
    0x00, 0x60, 0x00, 0x00, 0x00, 0x00, 0x00, 0x00, 0x00, 0x00, 0x00, 0x00, 0x00, 0x00, 0x00, 0x00,
    0x0F, 0x80, 0x00, 0x00, 0x3F, 0x80, 0x00, 0x00, 0xFF, 0x80, 0x00, 0x01, 0xFF, 0x80, 0x00, 0x07,
    0x0F, 0x00, 0x00, 0x0C, 0x0F, 0x00, 0x00, 0x18, 0x0E, 0x00, 0x00, 0x30, 0x1D, 0x80, 0x00, 0x60,
    0x3B, 0x00, 0x00, 0xFF, 0xF6, 0x00, 0x01, 0xFF, 0xFC, 0x00, 0x01, 0xFE, 0xF8, 0x00, 0x01, 0xF1,
    0xF8, 0x00, 0x00, 0x03, 0xF8, 0x00, 0x00, 0x1E, 0xF8, 0x00, 0x03, 0xFC, 0xFF, 0xFF, 0xFF, 0xF0,
    0xFF, 0xFF, 0xFF, 0x80, 0xFF, 0xFF, 0xF8, 0x00, 0x7F, 0xFE, 0x00, 0x00, 0x00, 0x00, 0x00, 0x00,
    0x83, 0x00, 0x07, 0x1F, 0x00, 0x3E, 0x78, 0x00, 0xF8, 0xE0, 0x00, 0xC1, 0x00, 0x00, 0x00, 0x00,
    0x00, 0x00, 0x00, 0x0F, 0x00, 0x00, 0x7F, 0x00, 0x03, 0xFE, 0x00, 0x1F, 0xFC, 0x00, 0x70, 0xF0,
    0x01, 0x81, 0xE0, 0x0C, 0x03, 0x80, 0x30, 0x0E, 0x00, 0xC0, 0x1C, 0x03, 0x80, 0x70, 0x0F, 0xFF,
    0xC0, 0x1F, 0xFF, 0xC0, 0x7F, 0xCF, 0x00, 0x7E, 0x3C, 0x00, 0x00, 0xF0, 0x00, 0x03, 0xC0, 0x00,
    0x0B, 0x00, 0x00, 0x6E, 0x00, 0x03, 0x38, 0x00, 0x3C, 0xF8, 0x03, 0xE1, 0xFF, 0xFF, 0x03, 0xFF,
    0xF0, 0x07, 0xFF, 0x80, 0x07, 0xF0, 0x00, 0x00, 0x00, 0x00, 0x00, 0x0C, 0x00, 0x00, 0xE0, 0x00,
    0x1E, 0x00, 0x01, 0xE0, 0x00, 0x1E, 0x00, 0x00, 0xE0, 0x00, 0x0E, 0x00, 0x00, 0xE0, 0x00, 0x0E,
    0x00, 0x00, 0xE0, 0x00, 0x0E, 0x00, 0xE0, 0xE0, 0x18, 0x06, 0x01, 0x00, 0x60, 0x3C, 0x06, 0x01,
    0xF0, 0x70, 0x02, 0x07, 0x00, 0xC0, 0x70, 0x38, 0x03, 0x00, 0x00, 0x30, 0x00, 0x03, 0x00, 0x00,
    0x30, 0x00, 0x03, 0xFF, 0xFF, 0xFF, 0xFF, 0xFF, 0xFF, 0xFF, 0xEF, 0xFF, 0xFC, 0x00, 0x01, 0x80,
    0x00, 0x38, 0x00, 0x03, 0xC0, 0x00, 0x3C, 0x00, 0x03, 0xC0, 0x00, 0x3C, 0x00, 0x03, 0xC0, 0x00,
    0x3C, 0x00, 0x03, 0xC0, 0x00, 0x1C, 0x00, 0x01, 0xC0, 0x00, 0x1C, 0x00, 0x01, 0xC0, 0x00, 0x1C,
    0x00, 0x01, 0xC0, 0x00, 0x1E, 0x00, 0x00, 0xE0, 0x00, 0x0E, 0x00, 0x00, 0xE0, 0x00, 0x0E, 0x00,
    0x00, 0xE0, 0x00, 0x0E, 0x00, 0x00, 0x60, 0x00, 0x06, 0x00, 0x00, 0x70, 0x00, 0x07, 0x40, 0x00,
    0x7C, 0x00, 0x07, 0xC0, 0x00, 0x3C, 0x00, 0x03, 0xC0, 0x00, 0x2C, 0x00, 0x06, 0xE0, 0x00, 0xEE,
    0x00, 0x1C, 0xF0, 0x0F, 0x87, 0xFF, 0xF0, 0x3F, 0xFE, 0x01, 0xFF, 0xC0, 0x0F, 0xE0, 0x00, 0x01,
    0x00, 0x07, 0xC0, 0x1F, 0xE0, 0x1F, 0xE0, 0x38, 0xF0, 0x30, 0x78, 0x20, 0x3C, 0x00, 0x3E, 0x00,
    0x1F, 0x00, 0xFE, 0x3F, 0xFE, 0x7F, 0xFE, 0xFF, 0xFC, 0xFC, 0x00, 0xC0, 0x00, 0xC0, 0x00, 0xC0,
    0x00, 0xC0, 0x00, 0xC0, 0x00, 0xC0, 0x00, 0xE0, 0x00, 0xE0, 0x00, 0xE0, 0x00, 0xE0, 0x00, 0xE0,
    0x00, 0xE0, 0x00, 0xE0, 0x00, 0xC0, 0x00, 0x00, 0x00, 0x00, 0x08, 0x00, 0x01, 0xC0, 0x00, 0x3E,
    0x00, 0x03, 0xC0, 0x00, 0x1C, 0x00, 0x00, 0x00, 0x00, 0x00, 0x04, 0x00, 0x00, 0xC0, 0x00, 0x1E,
    0x00, 0x01, 0xE0, 0x00, 0x1E, 0x00, 0x01, 0xE0, 0x00, 0x0E, 0x40, 0x00, 0xEC, 0x00, 0x0F, 0xC0,
    0x00, 0x7C, 0x00, 0x07, 0xC0, 0x00, 0x2C, 0x00, 0x06, 0xE0, 0x00, 0xEE, 0x00, 0x3C, 0xF0, 0x0F,
    0x87, 0xFF, 0xF0, 0x3F, 0xFE, 0x01, 0xFF, 0xC0, 0x0F, 0xE0, 0x00, 0x00, 0x00, 0x00, 0x00, 0x1C,
    0x00, 0x00, 0x1F, 0x00, 0x00, 0x1F, 0xC0, 0x00, 0x7F, 0xE0, 0x00, 0xFF, 0xF0, 0x00, 0xE7, 0xF8,
    0x01, 0xC3, 0xBC, 0x01, 0x81, 0x9C, 0x01, 0x81, 0x9E, 0x01, 0x81, 0x8E, 0x01, 0xC3, 0x87, 0x01,
    0xE3, 0x07, 0x00, 0xFF, 0x07, 0x00, 0x7F, 0x03, 0x7F, 0xFF, 0xC3, 0xFF, 0xFF, 0xFE, 0x3F, 0xF7,
    0xFE, 0x0F, 0xC0, 0xFC, 0x00, 0x00, 0x0C, 0x00, 0xF0, 0x00, 0xFC, 0x00, 0xFF, 0x00, 0xFF, 0xC0,
    0x70, 0xE0, 0x70, 0x38, 0x30, 0x1C, 0x18, 0x06, 0x0C, 0x03, 0x07, 0x01, 0xC3, 0xFF, 0xE0, 0xFF,
    0xF0, 0x7F, 0xD0, 0x0F, 0x98, 0x00, 0x0C, 0x00, 0x0E, 0x00, 0x0E, 0x00, 0x0F, 0x18, 0x1F, 0x1F,
    0xFF, 0x07, 0xFF, 0x00, 0xFF, 0x00, 0x0C, 0x00, 0x00, 0x00, 0xF0, 0x00, 0x07, 0xE0, 0x00, 0x3F,
    0x80, 0x01, 0xFE, 0x00, 0x0F, 0x00, 0x00, 0x38, 0x00, 0x01, 0xC0, 0x00, 0x06, 0x00, 0x00, 0x30,
    0x00, 0x00, 0xC0, 0x00, 0x03, 0x00, 0x00, 0x0F, 0x00, 0x40, 0x3F, 0xE3, 0x00, 0x7F, 0xEC, 0x00,
    0xFF, 0xB0, 0x00, 0xFF, 0xC0, 0x00, 0x0F, 0x00, 0x00, 0x6E, 0x00, 0x03, 0xB8, 0x00, 0x3C, 0xF0,
    0x07, 0xE1, 0xFF, 0xFF, 0x03, 0xFF, 0xF0, 0x0F, 0xFF, 0x00, 0x0F, 0xE0, 0x00, 0x00, 0x00, 0xF0,
    0x00, 0x07, 0xE0, 0x00, 0x3F, 0x80, 0x01, 0xFE, 0x00, 0x0F, 0x00, 0x00, 0x38, 0x00, 0x01, 0xC0,
    0x00, 0x06, 0x00, 0x00, 0x30, 0x00, 0x00, 0xC0, 0x00, 0x03, 0x00, 0x00, 0x0F, 0x00, 0x40, 0x3F,
    0xE3, 0x00, 0x7F, 0xEC, 0x00, 0xFF, 0xB0, 0x00, 0xFF, 0xC0, 0x00, 0x0F, 0x00, 0x00, 0x6E, 0x00,
    0x03, 0xB8, 0x00, 0x3C, 0xF0, 0x07, 0xE1, 0xFF, 0xFF, 0x03, 0xFF, 0xF0, 0x0F, 0xFF, 0x00, 0x0F,
    0xE0, 0x00, 0x00, 0x00, 0x00, 0x00, 0x00, 0x01, 0x06, 0x00, 0x0F, 0x3C, 0x00, 0x7C, 0xF0, 0x00,
    0xE1, 0x80, 0x01, 0x80, 0x00, 0x00, 0x00, 0x00, 0x00, 0x03, 0x87, 0xDF, 0x8E, 0x38, 0x79, 0xF9,
    0xE0, 0x40, 0x00, 0x03, 0x80, 0xF0, 0x12, 0x1B, 0x47, 0x3C, 0x27, 0x07, 0x80, 0xC0, 0x00, 0x01,
    0xC7, 0x9F, 0x3C, 0x79, 0xF3, 0xC0, 0x00, 0x00, 0x01, 0xC3, 0xCF, 0x8F, 0x04, 0x00, 0x0C, 0x0F,
    0x04, 0x82, 0x41, 0xE0, 0x78, 0x70, 0xF0, 0x60, 0x00, 0x00, 0x01, 0xC7, 0xCF, 0x8F, 0x04, 0x00,
    0x02, 0x03, 0x13, 0x99, 0x9F, 0xFE, 0x60, 0x71, 0xEC, 0xE1, 0xCF, 0xF7, 0x80, 0x00, 0x01, 0xE1,
    0x9F, 0xFD, 0x9F, 0x80, 0x00, 0x00, 0x39, 0xFE, 0xB0, 0xFD, 0xFF, 0xB0, 0x00, 0x39, 0xFE, 0xB0,
    0xFD, 0xFF, 0xB0, 0x00, 0x5B, 0x6F, 0xDB, 0x69, 0x00, 0x01, 0x03, 0xC3, 0xC3, 0x87, 0x81, 0x60,
    0x90, 0x78, 0x18, 0x00, 0x81, 0xC1, 0xC2, 0xE6, 0x7E, 0x3C, 0x00, 0x1F, 0xFF, 0xF8, 0x00, 0x38,
    0xCC, 0x67, 0x61, 0xB0, 0xF0, 0x38, 0x18, 0x00, 0x38, 0x38, 0x7C, 0x4C, 0xCE, 0xC6, 0x00, 0x7B,
    0xFF, 0xFF, 0xFD, 0xE0, 0x18, 0x1E, 0x0D, 0x04, 0xC3, 0xC3, 0xC0, 0x70, 0x1F, 0x03, 0x80, 0x20,
    0x38, 0xCC, 0xE0, 0xE1, 0xC3, 0xD3, 0x9D, 0x06, 0x00, 0x00, 0x03, 0x81, 0xE0, 0xC8, 0x30, 0x0F,
    0xCD, 0xF7, 0xFD, 0x38, 0x00, 0x00, 0x00, 0x60, 0xE3, 0xF7, 0xEF, 0xCF, 0x04, 0x00, 0x20, 0xC1,
    0xC7, 0x87, 0x8F, 0x0E, 0x1E, 0x1C, 0x38, 0x70, 0x70, 0xE1, 0xC3, 0x83, 0x06, 0x0C, 0x18, 0x30,
    0x60, 0xC1, 0x83, 0x60, 0x1B, 0x00, 0xFC, 0x07, 0xE0, 0x7F, 0x03, 0xBF, 0xF9, 0xFF, 0xC7, 0xFC,
    0x3F, 0xC1, 0xE0, 0x07, 0x00, 0x38, 0x01, 0xE0, 0x07, 0x00, 0x38, 0x01, 0xC0, 0x0E, 0x00, 0x70,
    0x03, 0x80, 0x1C, 0x00, 0xE0, 0x07, 0x00, 0x38, 0x00, 0x80, 0x00, 0x00, 0x20, 0x63, 0x70, 0x63,
    0xF0, 0x63, 0xF0, 0x67, 0x78, 0x7F, 0x7F, 0xFE, 0x3F, 0xFE, 0x3F, 0xC8, 0x1F, 0x80, 0x1C, 0x00,
    0x1C, 0x00, 0x0E, 0x00, 0x0E, 0x00, 0x0E, 0x00, 0x0E, 0x00, 0x0E, 0x00, 0x0E, 0x00, 0x06, 0x00,
    0x06, 0x00, 0x06, 0x00, 0x06, 0x00, 0x06, 0x00, 0x06, 0x00, 0x06, 0x00, 0x01, 0x00, 0x38, 0x03,
    0xC0, 0x3C, 0x03, 0xC0, 0x3C, 0x01, 0xC0, 0x18, 0x00, 0xE0, 0x07, 0xC0, 0x3F, 0x80, 0xFE, 0x03,
    0xF0, 0x07, 0x00, 0x38, 0x01, 0x80, 0x18, 0x00, 0xC0, 0x0C, 0x00, 0x60, 0x03, 0x80, 0x1F, 0xFC,
    0xFF, 0xE3, 0xFE, 0x07, 0xE0, 0x02, 0x00, 0x78, 0x0F, 0xC1, 0xFE, 0x39, 0xE3, 0x0F, 0x70, 0x76,
    0x07, 0x60, 0x3C, 0x03, 0xC0, 0x3C, 0x03, 0xC0, 0x3C, 0x07, 0xE0, 0xFF, 0xFE, 0xFF, 0xC7, 0xF8,
    0x3F, 0x00, 0x00, 0x00, 0x7F, 0xF0, 0x7F, 0xF8, 0x7F, 0xF0, 0x3F, 0xF0, 0x00, 0x30, 0x00, 0x30,
    0x00, 0x30, 0x00, 0x30, 0x00, 0x30, 0x00, 0x30, 0x00, 0x30, 0x00, 0x30, 0x00, 0x30, 0x00, 0x38,
    0x00, 0x38, 0x00, 0x38, 0x00, 0x18, 0x00, 0x1C, 0x00, 0x1C, 0x00, 0x1E, 0x00, 0x0E, 0x00, 0x0E,
    0x00, 0x0C, 0x00, 0x00, 0x00, 0x00, 0x18, 0x00, 0x4E, 0x00, 0x3B, 0xC0, 0x0E, 0xF0, 0x03, 0x9E,
    0x01, 0xE7, 0x80, 0x70, 0xF0, 0x3C, 0x3C, 0x0E, 0x07, 0x03, 0x81, 0xE0, 0xC0, 0x38, 0x70, 0x0E,
    0x1C, 0x03, 0xC6, 0x00, 0x73, 0x80, 0x1C, 0xE0, 0x03, 0xB0, 0x00, 0xEC, 0x00, 0x3F, 0x00, 0x07,
    0x80, 0x01, 0xE0, 0x00, 0x78, 0x00, 0x0C, 0x00, 0x02, 0x00, 0x00, 0x00, 0x00, 0x30, 0x00, 0x1E,
    0x00, 0x07, 0x80, 0x01, 0xE0, 0x00, 0x7C, 0x00, 0x37, 0x00, 0x0D, 0xC0, 0x03, 0x78, 0x01, 0xCE,
    0x00, 0x73, 0x80, 0x18, 0xF0, 0x0E, 0x1C, 0x03, 0x87, 0x81, 0xC1, 0xE0, 0x70, 0x3C, 0x1C, 0x0F,
    0x0E, 0x01, 0xE3, 0x80, 0x79, 0xE0, 0x1F, 0x70, 0x03, 0xDC, 0x00, 0xF6, 0x00, 0x1C, 0x80, 0x02,
    0x1E, 0x00, 0xFC, 0x07, 0xF8, 0x1F, 0xE0, 0xE1, 0xC3, 0x07, 0x0C, 0x0C, 0x38, 0x30, 0xFF, 0xC1,
    0xFF, 0x07, 0xFC, 0x07, 0xF0, 0x00, 0xC0, 0x03, 0x80, 0x0E, 0x00, 0x18, 0x00, 0x60, 0x01, 0xC0,
    0x07, 0x00, 0x1C, 0x00, 0x38, 0x00, 0xE0, 0x03, 0x80, 0x04, 0x00, 0x00, 0x00, 0x00, 0x00, 0x18,
    0x40, 0x31, 0xC0, 0xE3, 0xC1, 0xCF, 0xC7, 0x1F, 0x8E, 0x0E, 0x38, 0x08, 0x60, 0x01, 0xC0, 0x03,
    0x00, 0x0E, 0x00, 0x18, 0x00, 0x70, 0x00, 0xC0, 0x03, 0x80, 0x06, 0x10, 0x1C, 0x78, 0x31, 0xF8,
    0xE3, 0xF1, 0x83, 0xC7, 0x03, 0x8C, 0x00, 0x18, 0x00, 0x00, 0x00, 0x00, 0x07, 0x03, 0xC1, 0xF0,
    0x78, 0x1C, 0x06, 0x03, 0x01, 0x81, 0xC1, 0xC0, 0xE0, 0xF0, 0xF0, 0xF8, 0xF0, 0x70, 0x00, 0x00,
    0x00, 0x03, 0x83, 0xC3, 0xC3, 0xC3, 0xC1, 0xC0, 0xE0, 0xE0, 0x60, 0x30, 0x18, 0x0E, 0x07, 0x83,
    0xE0, 0xF0, 0x38, 0x00, 0x00, 0x00, 0x00, 0x00, 0x80, 0x00, 0x80, 0x01, 0x80, 0x01, 0xC0, 0x01,
    0xC0, 0x7F, 0xFF, 0x1F, 0xFC, 0x0F, 0xF8, 0x07, 0xE0, 0x07, 0xF0, 0x07, 0xF0, 0x0E, 0x30, 0x0C,
    0x18, 0x00, 0x08, 0x00, 0x00, 0x00, 0x40, 0x00, 0x00, 0x18, 0x00, 0x00, 0x07, 0x00, 0x00, 0x00,
    0xE0, 0x00, 0x00, 0x1E, 0x80, 0x00, 0x03, 0xF0, 0x00, 0x00, 0x3E, 0x00, 0x00, 0x07, 0xC0, 0x00,
    0x00, 0xF8, 0x00, 0x00, 0x0F, 0x80, 0x00, 0x01, 0xF0, 0x00, 0x00, 0xFF, 0x80, 0x01, 0xFC, 0xFF,
    0xFF, 0xFF, 0x0F, 0xFF, 0xFF, 0xC0, 0xFF, 0xFF, 0xC0, 0x07, 0xFF, 0x80, 0x00, 0x00, 0x0F, 0x00,
    0x00, 0x7F, 0x00, 0x03, 0xFE, 0x00, 0x1F, 0xFC, 0x00, 0x70, 0xF0, 0x01, 0x81, 0xE0, 0x0C, 0x03,
    0x80, 0x30, 0x0E, 0x00, 0xC0, 0x1C, 0x03, 0x80, 0x70, 0x0F, 0xFF, 0xC0, 0x1F, 0xFF, 0xC0, 0x7F,
    0xCF, 0x00, 0x7E, 0x3C, 0x00, 0x00, 0xF0, 0x00, 0x03, 0xC0, 0x00, 0x0B, 0x00, 0x00, 0x6E, 0x00,
    0x03, 0x38, 0x00, 0x3C, 0xF8, 0x03, 0xE1, 0xFF, 0xFF, 0x03, 0xFF, 0xF0, 0x07, 0xFF, 0x80, 0x07,
    0xF0, 0x00, 0x0B, 0x6F, 0xFB, 0x69, 0x20, 0x03, 0x83, 0xE3, 0x8D, 0xFE, 0xDF, 0x80, 0x00, 0x00,
    0x00, 0x00, 0x00, 0x00, 0xE0, 0x38, 0x0E, 0x03, 0xC0, 0xF0, 0x38, 0x0E, 0x03, 0x80, 0xE0, 0x38,
    0x0E, 0x03, 0x80, 0xE0, 0x38, 0x0E, 0x03, 0x80, 0xE0, 0x38, 0x0E, 0x03, 0x80, 0xE0, 0x38, 0x0E,
    0x03, 0x80, 0xE0, 0x38, 0x0E, 0x02, 0x00, 0x03, 0x81, 0xE0, 0xC8, 0x20, 0x0F, 0xCD, 0xF7, 0xFD,
    0x78, 0x00, 0x00, 0x00, 0x60, 0x38, 0x0E, 0x03, 0xC0, 0xF0, 0x38, 0x0E, 0x03, 0x80, 0xE0, 0x38,
    0x0E, 0x03, 0x80, 0xE0, 0x38, 0x0E, 0x03, 0x80, 0xE0, 0x38, 0x0E, 0x03, 0x80, 0xE0, 0x38, 0x0E,
    0x03, 0x80, 0xE0, 0x38, 0x0E, 0x03, 0x00, 0x06, 0x03, 0x80, 0xE0, 0x3C, 0x0F, 0x03, 0xC0, 0xE0,
    0x38, 0x0E, 0x03, 0x80, 0xE0, 0x38, 0x0E, 0x03, 0x80, 0xE0, 0x38, 0x0E, 0x03, 0x80, 0xE0, 0x38,
    0x0E, 0x03, 0x80, 0xE0, 0x38, 0x0E, 0x03, 0x80, 0xE0, 0x38, 0x00, 0x00, 0x00, 0x00, 0x0E, 0x07,
    0x83, 0x20, 0xC0, 0x3F, 0x37, 0xDF, 0xF4, 0xE0, 0x00, 0x00, 0x80, 0x07, 0xE0, 0x0F, 0xE0, 0x1F,
    0xF0, 0x1E, 0x30, 0x38, 0x20, 0x30, 0x00, 0x30, 0x00, 0x38, 0x00, 0x1E, 0x7F, 0x1F, 0xFF, 0x3F,
    0xFE, 0xFF, 0xC0, 0xF0, 0x00, 0x00, 0x00, 0x00, 0x00, 0x00, 0x38, 0x00, 0x00, 0x1C, 0x00, 0x00,
    0x0E, 0x00, 0x00, 0x07, 0x80, 0x00, 0x03, 0xC0, 0x00, 0x01, 0xC0, 0x00, 0x00, 0xE0, 0x00, 0x80,
    0x70, 0x03, 0xF0, 0x38, 0x03, 0xF8, 0x1C, 0x03, 0xFE, 0x0E, 0x01, 0xE3, 0x07, 0x01, 0xC1, 0x03,
    0x80, 0xC0, 0x01, 0xC0, 0x60, 0x00, 0xE0, 0x38, 0x00, 0x70, 0x0F, 0x3F, 0xB8, 0x07, 0xFF, 0xDC,
    0x07, 0xFF, 0xCE, 0x0F, 0xFC, 0x07, 0x03, 0x80, 0x03, 0x80, 0x00, 0x01, 0xC0, 0x00, 0x00, 0xE0,
    0x00, 0x00, 0x70, 0x00, 0x00, 0x38, 0x00, 0x00, 0x1C, 0x00, 0x00, 0x0E, 0x00, 0x00, 0x07, 0x00,
    0x00, 0x00, 0x00, 0x00, 0x00, 0x00, 0x00, 0x00, 0x08, 0x00, 0x00, 0x00, 0x03, 0xE0, 0x00, 0x00,
    0x00, 0x7F, 0x00, 0x00, 0x00, 0x0F, 0xF0, 0x00, 0x00, 0x01, 0xE3, 0x00, 0x00, 0x00, 0x18, 0x30,
    0x00, 0x00, 0x01, 0x00, 0x00, 0x00, 0x00, 0x38, 0x00, 0x00, 0xF0, 0x01, 0xC0, 0x20, 0x1F, 0x80,
    0x1F, 0x7F, 0x03, 0xFC, 0x00, 0xFF, 0xF0, 0x7F, 0xE0, 0x3F, 0xFE, 0x07, 0x0E, 0x07, 0xFC, 0x00,
    0xE0, 0x70, 0x70, 0x00, 0x0C, 0x07, 0x00, 0x00, 0x00, 0xC0, 0x30, 0x00, 0x00, 0x0C, 0x03, 0x00,
    0x00, 0x00, 0xE0, 0x38, 0x00, 0x00, 0x0F, 0xFF, 0x80, 0x00, 0x00, 0x7F, 0xF8, 0x00, 0x00, 0x07,
    0xFD, 0x00, 0x00, 0x00, 0x1F, 0x30, 0x00, 0x00, 0x00, 0x03, 0x00, 0x00, 0x00, 0x00, 0x70, 0x00,
    0x00, 0x00, 0x0E, 0x00, 0x00, 0x00, 0x01, 0xE0, 0x00, 0x00, 0x60, 0x7C, 0x00, 0x00, 0x0F, 0xFF,
    0x80, 0x00, 0x00, 0x7F, 0xF0, 0x00, 0x00, 0x01, 0xFE, 0x00, 0x00, 0x00, 0x03, 0x00, 0x00, 0x00,
    0x00, 0x00, 0x20, 0x00, 0x00, 0x00, 0x07, 0x80, 0x00, 0x00, 0x00, 0x78, 0x00, 0x00, 0x00, 0x03,
    0x80, 0x00, 0x00, 0x00, 0x38, 0x00, 0x08, 0x00, 0x03, 0x00, 0x03, 0xE0, 0x00, 0x30, 0x00, 0x7F,
    0x00, 0x06, 0x00, 0x0F, 0xF0, 0x00, 0x40, 0x01, 0xE3, 0x00, 0x00, 0x00, 0x18, 0x30, 0x00, 0x00,
    0x01, 0x00, 0x00, 0x00, 0x00, 0x38, 0x00, 0x00, 0xF0, 0x01, 0xC0, 0x20, 0x1F, 0x80, 0x1F, 0x7F,
    0x03, 0xFC, 0x00, 0xFF, 0xF0, 0x7F, 0xE0, 0x3F, 0xFE, 0x07, 0x0E, 0x07, 0xFC, 0x00, 0xE0, 0xF0,
    0x70, 0x00, 0x0C, 0x07, 0x00, 0x00, 0x00, 0xC0, 0x30, 0x00, 0x00, 0x0C, 0x03, 0x00, 0x00, 0x00,
    0xE0, 0x38, 0x00, 0x00, 0x0F, 0xFF, 0x80, 0x00, 0x00, 0x7F, 0xF8, 0x00, 0x00, 0x07, 0xFD, 0x00,
    0x00, 0x00, 0x1F, 0x30, 0x00, 0x00, 0x00, 0x03, 0x00, 0x00, 0x00, 0x00, 0x70, 0x00, 0x00, 0x00,
    0x0E, 0x00, 0x00, 0x00, 0x01, 0xE0, 0x00, 0x00, 0x60, 0x7C, 0x00, 0x00, 0x0F, 0xFF, 0x80, 0x00,
    0x00, 0x7F, 0xF0, 0x00, 0x00, 0x01, 0xFE, 0x00, 0x00, 0x00, 0x03, 0x00, 0x00, 0x00, 0x00, 0x00,
    0x00, 0x00, 0x00, 0x40, 0x00, 0x00, 0x00, 0x01, 0xF8, 0x00, 0x00, 0x00, 0x01, 0xFC, 0x00, 0x00,
    0x00, 0x01, 0xFF, 0x00, 0x00, 0x00, 0x00, 0xF1, 0x80, 0x00, 0x00, 0x00, 0xE0, 0x80, 0x00, 0x00,
    0x00, 0x60, 0x00, 0x00, 0x00, 0x00, 0x30, 0x00, 0x00, 0x00, 0xF0, 0x1C, 0x00, 0x00, 0x00, 0xFC,
    0x07, 0x9F, 0xC0, 0x00, 0xFE, 0x03, 0xFF, 0xE0, 0x00, 0xFF, 0x03, 0xFF, 0xE0, 0x00, 0xF0, 0x07,
    0xFE, 0x00, 0x00, 0x70, 0x03, 0xC0, 0x00, 0x00, 0x70, 0x00, 0x00, 0x00, 0x00, 0x30, 0x00, 0x00,
    0x00, 0x00, 0x30, 0x00, 0x00, 0x00, 0x00, 0x18, 0x00, 0x00, 0x00, 0x00, 0x0C, 0x00, 0x00, 0x00,
    0x00, 0x07, 0x80, 0x00, 0x00, 0x04, 0x03, 0xFE, 0x00, 0x00, 0x06, 0x00, 0xFF, 0xC0, 0x00, 0x03,
    0x00, 0x3F, 0xE0, 0x00, 0x01, 0x80, 0x07, 0xF8, 0x00, 0x00, 0xC0, 0x00, 0x0C, 0x00, 0x00, 0x60,
    0x00, 0x0C, 0x00, 0x00, 0x38, 0x00, 0x0E, 0x00, 0x00, 0x1C, 0x00, 0x1E, 0x00, 0x00, 0x0F, 0x00,
    0x7E, 0x00, 0x00, 0x03, 0xFF, 0xFE, 0x00, 0x00, 0x00, 0xFF, 0xFC, 0x00, 0x00, 0x00, 0x7F, 0xF8,
    0x00, 0x00, 0x00, 0x0F, 0xE0, 0x00, 0x00, 0x00, 0x00, 0x00, 0x30, 0x00, 0x00, 0x06, 0x00, 0x00,
    0x00, 0xC0, 0x00, 0x00, 0x1B, 0x80, 0x00, 0x01, 0xF8, 0x00, 0x00, 0x33, 0x00, 0x80, 0x3F, 0xE0,
    0x30, 0x01, 0xF0, 0x0E, 0x00, 0x00, 0x01, 0xC0, 0x00, 0x00, 0x3F, 0x00, 0x00, 0x07, 0xE0, 0x00,
    0x00, 0x7C, 0x00, 0x00, 0x0F, 0x80, 0x00, 0x01, 0xF0, 0x00, 0x00, 0x1F, 0x00, 0x00, 0x03, 0xF0,
    0x00, 0x01, 0xDF, 0x00, 0x03, 0xF9, 0xFF, 0xFF, 0xFE, 0x1F, 0xFF, 0xFF, 0x81, 0xFF, 0xFF, 0x80,
    0x0F, 0xFF, 0x00, 0x00, 0x00, 0x10, 0x00, 0x00, 0x07, 0x00, 0x00, 0x00, 0xF0, 0x00, 0x00, 0x1C,
    0x00, 0x00, 0x01, 0x00, 0x00, 0x00, 0x00, 0x00, 0x00, 0x07, 0x00, 0x10, 0x01, 0xE0, 0x06, 0x00,
    0x3C, 0x01, 0xC0, 0x03, 0x00, 0x38, 0x00, 0x00, 0x07, 0xA0, 0x00, 0x00, 0xFC, 0x00, 0x00, 0x0F,
    0x80, 0x00, 0x01, 0xF0, 0x00, 0x00, 0x3E, 0x00, 0x00, 0x03, 0xE0, 0x00, 0x00, 0x7C, 0x00, 0x00,
    0x3F, 0xE0, 0x00, 0x7F, 0x3F, 0xFF, 0xFF, 0xC3, 0xFF, 0xFF, 0xF0, 0x3F, 0xFF, 0xF0, 0x01, 0xFF,
    0xE0, 0x00, 0x00, 0x00, 0x00, 0x40, 0x00, 0x00, 0x18, 0x00, 0x00, 0x07, 0x00, 0x00, 0x00, 0xE0,
    0x00, 0x00, 0x1E, 0x80, 0x00, 0x03, 0xF0, 0x00, 0x00, 0x3E, 0x00, 0x00, 0x07, 0xC0, 0x00, 0x00,
    0xF8, 0x00, 0x00, 0x0F, 0x80, 0x00, 0x01, 0xF0, 0x00, 0x00, 0xFF, 0x80, 0x01, 0xFC, 0xFF, 0xFF,
    0xFF, 0x0F, 0xFF, 0xFF, 0xC0, 0xFF, 0xFF, 0xC0, 0x07, 0xFF, 0x80, 0x00, 0x00, 0x00, 0x00, 0x00,
    0x00, 0x00, 0x00, 0x06, 0x00, 0x00, 0x01, 0xE0, 0x00, 0x00, 0x3C, 0x00, 0x00, 0x03, 0x00, 0x00,
    0x00, 0x00, 0x00, 0x00, 0x04, 0x00, 0x00, 0x01, 0xC0, 0x00, 0x00, 0x7C, 0x00, 0x00, 0x07, 0x00,
    0x00, 0x00, 0x40, 0x00, 0x00, 0x01, 0x00, 0x00, 0x18, 0x70, 0x00, 0x07, 0x9F, 0x01, 0x01, 0xF3,
    0xC0, 0x60, 0x1E, 0x30, 0x1C, 0x01, 0x80, 0x03, 0x80, 0x00, 0x00, 0x7A, 0x00, 0x00, 0x0F, 0xC0,
    0x00, 0x00, 0xF8, 0x00, 0x00, 0x1F, 0x00, 0x00, 0x03, 0xE0, 0x00, 0x00, 0x3E, 0x00, 0x00, 0x07,
    0xC0, 0x00, 0x03, 0xFE, 0x00, 0x07, 0xF3, 0xFF, 0xFF, 0xFC, 0x3F, 0xFF, 0xFF, 0x03, 0xFF, 0xFF,
    0x00, 0x1F, 0xFE, 0x00, 0x00, 0x19, 0x80, 0x00, 0x03, 0x30, 0x00, 0x00, 0x3C, 0x00, 0x00, 0x00,
    0x00, 0x00, 0x00, 0x01, 0x00, 0x00, 0x18, 0x70, 0x00, 0x07, 0x9E, 0x00, 0x00, 0xF3, 0xC0, 0x00,
    0x0C, 0xB0, 0x04, 0x00, 0x38, 0x01, 0x80, 0x0F, 0x00, 0x70, 0x00, 0xC0, 0x0E, 0x00, 0x00, 0x01,
    0xE8, 0x00, 0x00, 0x3F, 0x00, 0x00, 0x03, 0xE0, 0x00, 0x00, 0x7C, 0x00, 0x00, 0x0F, 0x80, 0x00,
    0x00, 0xF8, 0x00, 0x00, 0x1F, 0x00, 0x00, 0x0F, 0xF8, 0x00, 0x1F, 0xCF, 0xFF, 0xFF, 0xF0, 0xFF,
    0xFF, 0xFC, 0x0F, 0xFF, 0xFC, 0x00, 0x7F, 0xF8, 0x00, 0x00, 0x00, 0x00, 0x40, 0x00, 0x00, 0x18,
    0x00, 0x00, 0x07, 0x00, 0x00, 0x00, 0xE0, 0x00, 0x00, 0x1E, 0x80, 0x00, 0x03, 0xF0, 0x00, 0x00,
    0x3E, 0x00, 0x00, 0x07, 0xC0, 0x00, 0x00, 0xF8, 0x00, 0x00, 0x0F, 0x80, 0x00, 0x01, 0xF0, 0x00,
    0x00, 0xFF, 0x80, 0x01, 0xFC, 0xFF, 0xFF, 0xFF, 0x0F, 0xFF, 0xFF, 0xC0, 0xFF, 0xFF, 0xC0, 0x07,
    0xFF, 0x80, 0x00, 0x00, 0x00, 0x00, 0x00, 0x00, 0x00, 0x00, 0x00, 0x40, 0x00, 0x07, 0x1C, 0x00,
    0x01, 0xE7, 0x80, 0x00, 0x3C, 0x70, 0x00, 0x03, 0x24, 0x00, 0x00, 0x0E, 0x00, 0x00, 0x03, 0xC0,
    0x00, 0x00, 0x10, 0x00, 0x00, 0x00, 0x00, 0x00, 0x00, 0x46, 0x00, 0x00, 0x1D, 0xE0, 0x00, 0x03,
    0xB8, 0x00, 0x00, 0x22, 0x00, 0x00, 0x02, 0x20, 0x04, 0x00, 0xEE, 0x01, 0x80, 0x3D, 0xC0, 0x70,
    0x03, 0x10, 0x0E, 0x00, 0x00, 0x01, 0xE8, 0x00, 0x00, 0x3F, 0x00, 0x00, 0x03, 0xE0, 0x00, 0x00,
    0x7C, 0x00, 0x00, 0x0F, 0x80, 0x00, 0x00, 0xF8, 0x00, 0x00, 0x1F, 0x00, 0x00, 0x0F, 0xF8, 0x00,
    0x1F, 0xCF, 0xFF, 0xFF, 0xF0, 0xFF, 0xFF, 0xFC, 0x0F, 0xFF, 0xFC, 0x00, 0x7F, 0xF8, 0x00, 0x00,
    0x00, 0x00, 0x40, 0x00, 0x00, 0x18, 0x00, 0x00, 0x07, 0x00, 0x00, 0x00, 0xE0, 0x00, 0x00, 0x1E,
    0x80, 0x00, 0x03, 0xF0, 0x00, 0x00, 0x3E, 0x00, 0x00, 0x07, 0xC0, 0x00, 0x00, 0xF8, 0x00, 0x00,
    0x0F, 0x80, 0x00, 0x01, 0xF0, 0x00, 0x00, 0xFF, 0x80, 0x01, 0xFC, 0xFF, 0xFF, 0xFF, 0x0F, 0xFF,
    0xFF, 0xC0, 0xFF, 0xFF, 0xC0, 0x07, 0xFF, 0x80, 0x00, 0x00, 0x00, 0x00, 0x00, 0x00, 0x00, 0x00,
    0x19, 0x80, 0x00, 0x07, 0xF8, 0x00, 0x00, 0xE6, 0x00, 0x00, 0x00, 0x00, 0x00, 0x00, 0x88, 0x00,
    0x00, 0x3B, 0x80, 0x00, 0x07, 0x70, 0x00, 0x00, 0x44, 0x00, 0x00, 0x00, 0x1C, 0x00, 0x00, 0x3E,
    0x00, 0x00, 0x74, 0x00, 0x00, 0x60, 0x00, 0x00, 0x72, 0x00, 0x00, 0x3E, 0x00, 0x00, 0x7E, 0x00,
    0x00, 0x70, 0x00, 0x00, 0x40, 0x00, 0x1F, 0xC0, 0x00, 0x7F, 0xF8, 0x00, 0x7F, 0xFF, 0x80, 0xFF,
    0xFF, 0xFE, 0x60, 0x3F, 0xFE, 0x00, 0x1F, 0xFC, 0x00, 0x7F, 0xF8, 0x00, 0xFE, 0x00, 0x03, 0xF0,
    0x00, 0x07, 0xC0, 0x00, 0x07, 0x80, 0x00, 0x0E, 0x00, 0x00, 0x1C, 0x00, 0x00, 0x18, 0x00, 0x00,
    0x38, 0x00, 0x00, 0x30, 0x00, 0x00, 0x30, 0x00, 0x00, 0x30, 0x00, 0x00, 0x30, 0x00, 0x00, 0x30,
    0x00, 0x00, 0x38, 0x00, 0x00, 0x38, 0x00, 0x00, 0x1C, 0x00, 0x00, 0x1F, 0x00, 0x02, 0x0F, 0xFF,
    0xFF, 0x07, 0xFF, 0xFE, 0x03, 0xFF, 0xF8, 0x00, 0xFF, 0xC0, 0x00, 0x00, 0x00, 0x00, 0x18, 0x00,
    0x00, 0x3C, 0x00, 0x00, 0x3C, 0x00, 0x00, 0x18, 0x00, 0x00, 0x00, 0x00, 0x00, 0x1C, 0x00, 0x00,
    0x3E, 0x00, 0x00, 0x3C, 0x00, 0x00, 0x18, 0x00, 0x00, 0x00, 0x00, 0x00, 0x00, 0x00, 0x1F, 0xC0,
    0x00, 0x7F, 0xF8, 0x00, 0x7F, 0xFF, 0x80, 0xFF, 0xFF, 0xFE, 0x60, 0x3F, 0xFE, 0x00, 0x1F, 0xFC,
    0x00, 0x7F, 0xF8, 0x00, 0xFE, 0x00, 0x03, 0xF0, 0x00, 0x07, 0xC0, 0x00, 0x07, 0x80, 0x00, 0x0E,
    0x00, 0x00, 0x1C, 0x00, 0x00, 0x18, 0x00, 0x00, 0x38, 0x00, 0x00, 0x30, 0x00, 0x00, 0x30, 0x00,
    0x00, 0x30, 0x00, 0x00, 0x30, 0x00, 0x00, 0x30, 0x00, 0x00, 0x38, 0x00, 0x00, 0x38, 0x00, 0x00,
    0x1C, 0x00, 0x00, 0x1F, 0x00, 0x02, 0x0F, 0xFF, 0xFF, 0x07, 0xFF, 0xFE, 0x03, 0xFF, 0xF8, 0x00,
    0x7F, 0xC0, 0x1F, 0xC0, 0x00, 0x7F, 0xF8, 0x00, 0x7F, 0xFF, 0x80, 0xFF, 0xFF, 0xFE, 0x60, 0x3F,
    0xFE, 0x00, 0x1F, 0xFC, 0x00, 0x7F, 0xF8, 0x00, 0xFE, 0x00, 0x03, 0xF0, 0x00, 0x07, 0xC0, 0x00,
    0x07, 0x80, 0x00, 0x0E, 0x00, 0x00, 0x1C, 0x00, 0x00, 0x18, 0x00, 0x00, 0x38, 0x21, 0xC0, 0x30,
    0x73, 0xE0, 0x30, 0xFB, 0xE0, 0x30, 0xF1, 0xC0, 0x30, 0x60, 0x80, 0x30, 0x00, 0x00, 0x38, 0x00,
    0x00, 0x38, 0x00, 0x00, 0x1C, 0x00, 0x00, 0x1F, 0x00, 0x02, 0x0F, 0xFF, 0xFF, 0x07, 0xFF, 0xFE,
    0x03, 0xFF, 0xF8, 0x00, 0x7F, 0xC0, 0x1F, 0xC0, 0x00, 0x7F, 0xF8, 0x00, 0x7F, 0xFF, 0x80, 0xFF,
    0xFF, 0xFE, 0x60, 0x3F, 0xFE, 0x00, 0x1F, 0xFC, 0x00, 0x7F, 0xF8, 0x00, 0xFE, 0x00, 0x03, 0xF0,
    0x00, 0x07, 0xC0, 0x00, 0x07, 0x80, 0x00, 0x0E, 0x00, 0x00, 0x1C, 0x0E, 0x00, 0x18, 0x1F, 0x00,
    0x38, 0x1E, 0x00, 0x30, 0x0C, 0x00, 0x30, 0x00, 0x00, 0x30, 0x06, 0x00, 0x30, 0x0F, 0x00, 0x30,
    0x0F, 0x00, 0x38, 0x06, 0x00, 0x38, 0x00, 0x00, 0x1C, 0x00, 0x00, 0x1F, 0x00, 0x02, 0x0F, 0xFF,
    0xFF, 0x07, 0xFF, 0xFE, 0x03, 0xFF, 0xF8, 0x00, 0x7F, 0xC0, 0x00, 0x00, 0x00, 0x00, 0x08, 0x00,
    0x00, 0x1C, 0x00, 0x00, 0x1C, 0x00, 0x00, 0x49, 0x00, 0x00, 0xE3, 0x80, 0x01, 0xF7, 0xC0, 0x00,
    0xE3, 0x80, 0x00, 0x40, 0x00, 0x00, 0x00, 0x00, 0x00, 0x00, 0x00, 0x1F, 0xC0, 0x00, 0x7F, 0xF8,
    0x00, 0x7F, 0xFF, 0x80, 0xFF, 0xFF, 0xFE, 0x60, 0x3F, 0xFE, 0x00, 0x1F, 0xFC, 0x00, 0x7F, 0xF8,
    0x00, 0xFE, 0x00, 0x03, 0xF0, 0x00, 0x07, 0xC0, 0x00, 0x07, 0x80, 0x00, 0x0E, 0x00, 0x00, 0x1C,
    0x00, 0x00, 0x18, 0x00, 0x00, 0x38, 0x00, 0x00, 0x30, 0x00, 0x00, 0x30, 0x00, 0x00, 0x30, 0x00,
    0x00, 0x30, 0x00, 0x00, 0x30, 0x00, 0x00, 0x38, 0x00, 0x00, 0x38, 0x00, 0x00, 0x1C, 0x00, 0x00,
    0x1F, 0x00, 0x02, 0x0F, 0xFF, 0xFF, 0x07, 0xFF, 0xFE, 0x03, 0xFF, 0xF8, 0x00, 0x7F, 0xC0, 0x1F,
    0xC0, 0x00, 0x7F, 0xF8, 0x00, 0x7F, 0xFF, 0x80, 0xFF, 0xFF, 0xFE, 0x60, 0x3F, 0xFE, 0x00, 0x1F,
    0xFC, 0x00, 0x7F, 0xF8, 0x00, 0xFE, 0x00, 0x03, 0xF0, 0x00, 0x07, 0xC0, 0x00, 0x07, 0x80, 0x00,
    0x0E, 0x00, 0x00, 0x1C, 0x00, 0x00, 0x18, 0x00, 0xC0, 0x38, 0x31, 0xE0, 0x30, 0x79, 0xE0, 0x30,
    0x71, 0xC0, 0x30, 0x36, 0x00, 0x30, 0x0F, 0x00, 0x30, 0x0F, 0x00, 0x38, 0x06, 0x00, 0x38, 0x00,
    0x00, 0x1C, 0x00, 0x00, 0x1F, 0x00, 0x02, 0x0F, 0xFF, 0xFF, 0x07, 0xFF, 0xFE, 0x03, 0xFF, 0xF8,
    0x00, 0x7F, 0xC0, 0x1F, 0xC0, 0x00, 0x7F, 0xF8, 0x00, 0x7F, 0xFF, 0x80, 0xFF, 0xFF, 0xFE, 0x60,
    0x3F, 0xFE, 0x00, 0x1F, 0xFC, 0x00, 0x7F, 0xF8, 0x00, 0xFE, 0x00, 0x03, 0xF0, 0x00, 0x07, 0xC0,
    0x00, 0x07, 0x80, 0x00, 0x0E, 0x00, 0x00, 0x1C, 0x00, 0x00, 0x18, 0x39, 0x80, 0x38, 0x3B, 0xC0,
    0x30, 0x19, 0x80, 0x30, 0x00, 0x00, 0x30, 0x19, 0x80, 0x30, 0x3F, 0xC0, 0x30, 0x19, 0x80, 0x38,
    0x00, 0x00, 0x38, 0x00, 0x00, 0x1C, 0x00, 0x00, 0x1F, 0x00, 0x02, 0x0F, 0xFF, 0xFF, 0x07, 0xFF,
    0xFE, 0x03, 0xFF, 0xF8, 0x00, 0x7F, 0xC0, 0x00, 0x00, 0x18, 0x00, 0x60, 0x01, 0x80, 0x06, 0xE0,
    0x0F, 0xC0, 0x31, 0x87, 0xFC, 0x07, 0xE0, 0x00, 0x00, 0x00, 0x00, 0x10, 0x00, 0xC0, 0x07, 0x80,
    0x1E, 0x00, 0x3C, 0x00, 0xF0, 0x01, 0xE0, 0x07, 0x80, 0x0E, 0x00, 0x3C, 0x00, 0x70, 0x01, 0xF0,
    0x03, 0xFF, 0xFF, 0xFF, 0xEF, 0xFF, 0x1F, 0xF0, 0x00, 0x20, 0x00, 0xC0, 0x03, 0xC0, 0x07, 0x80,
    0x0F, 0x00, 0x0F, 0x00, 0x1E, 0x00, 0x1E, 0x00, 0x1C, 0x00, 0x38, 0x00, 0x38, 0x00, 0x74, 0x00,
    0xDF, 0xFF, 0xBF, 0xFF, 0x3F, 0xFC, 0x3F, 0xE0, 0x0C, 0xC0, 0x19, 0x80, 0x1E, 0x00, 0x00, 0x00,
    0x00, 0x40, 0x03, 0x80, 0x0E, 0x00, 0x3C, 0x00, 0xF0, 0x01, 0xC0, 0x07, 0x80, 0x0E, 0x00, 0x3C,
    0x00, 0x70, 0x01, 0xC0, 0x03, 0xC0, 0x0F, 0xFF, 0xEF, 0xFF, 0xBF, 0xFC, 0x7F, 0xC0, 0x00, 0x00,
    0x00, 0x00, 0x00, 0x03, 0x80, 0x1F, 0x00, 0x7C, 0x01, 0xE0, 0x01, 0x00, 0x00, 0x00, 0x00, 0x00,
    0x18, 0x00, 0x60, 0x01, 0x80, 0x06, 0xE0, 0x0F, 0xC0, 0x31, 0x87, 0xFC, 0x07, 0xE0, 0x00, 0x00,
    0x00, 0x00, 0x10, 0x00, 0xC0, 0x07, 0x80, 0x1E, 0x00, 0x3C, 0x00, 0xF0, 0x01, 0xE0, 0x07, 0x80,
    0x0E, 0x00, 0x3C, 0x00, 0x70, 0x01, 0xF0, 0x03, 0xFF, 0xFF, 0xFF, 0xEF, 0xFF, 0x1F, 0xF0, 0x00,
    0x00, 0x00, 0x00, 0x00, 0x00, 0xC0, 0x07, 0x80, 0x3F, 0x00, 0x78, 0x00, 0xC0, 0x00, 0x00, 0x00,
    0x20, 0x21, 0xC1, 0xC7, 0x8F, 0xBE, 0x3C, 0x70, 0x20, 0x80, 0x00, 0x00, 0x00, 0x00, 0x40, 0x03,
    0x80, 0x0E, 0x00, 0x3C, 0x00, 0xF0, 0x01, 0xC0, 0x07, 0x80, 0x0E, 0x00, 0x3C, 0x00, 0x70, 0x01,
    0xC0, 0x03, 0xC0, 0x0F, 0xFF, 0xEF, 0xFF, 0xBF, 0xFC, 0x7F, 0xC0, 0x00, 0x40, 0x03, 0x80, 0x0E,
    0x00, 0x3C, 0x00, 0xF0, 0x01, 0xC0, 0x07, 0x80, 0x0E, 0x00, 0x3C, 0x00, 0x70, 0x01, 0xC0, 0x03,
    0xC0, 0x0F, 0xFF, 0xEF, 0xFF, 0xBF, 0xFC, 0x7F, 0xC0, 0x00, 0x00, 0x00, 0x00, 0x08, 0x1C, 0x70,
    0xFB, 0xE3, 0xE7, 0x07, 0x0C, 0x08, 0x00, 0x00, 0x00, 0x06, 0x00, 0x38, 0x00, 0xF0, 0x01, 0xB0,
    0x31, 0xE1, 0xE7, 0x87, 0x9C, 0x0C, 0x00, 0x00, 0x00, 0x00, 0x00, 0x10, 0x00, 0xE0, 0x03, 0x80,
    0x0F, 0x00, 0x3C, 0x00, 0x70, 0x01, 0xE0, 0x03, 0x80, 0x0F, 0x00, 0x1C, 0x00, 0x70, 0x00, 0xF0,
    0x03, 0xFF, 0xFB, 0xFF, 0xEF, 0xFF, 0x1F, 0xF0, 0x00, 0x20, 0x21, 0xC1, 0xEF, 0x8F, 0x9C, 0x1D,
    0x20, 0x2E, 0x00, 0x3C, 0x00, 0xE0, 0x00, 0x00, 0x00, 0x00, 0x04, 0x00, 0x38, 0x00, 0xE0, 0x03,
    0xC0, 0x0F, 0x00, 0x1C, 0x00, 0x78, 0x00, 0xE0, 0x03, 0xC0, 0x07, 0x00, 0x1C, 0x00, 0x3C, 0x00,
    0xFF, 0xFE, 0xFF, 0xFB, 0xFF, 0xC7, 0xFC, 0x00, 0x04, 0x40, 0x3B, 0x81, 0xEE, 0x01, 0x10, 0x00,
    0x00, 0x39, 0x80, 0xEE, 0x01, 0x98, 0x00, 0x00, 0x00, 0x00, 0x04, 0x00, 0x38, 0x00, 0xE0, 0x03,
    0xC0, 0x0F, 0x00, 0x1C, 0x00, 0x78, 0x00, 0xE0, 0x03, 0xC0, 0x07, 0x00, 0x1C, 0x00, 0x3C, 0x00,
    0xFF, 0xFE, 0xFF, 0xFB, 0xFF, 0xC7, 0xFC, 0x00, 0x01, 0x80, 0x03, 0x00, 0x06, 0x00, 0x0D, 0xC0,
    0x0F, 0xC0, 0x18, 0xC1, 0xFF, 0x00, 0xFC, 0x00, 0x00, 0x00, 0x00, 0x00, 0x40, 0x01, 0x80, 0x07,
    0x80, 0x0F, 0x00, 0x0E, 0x00, 0x1E, 0x00, 0x3C, 0x00, 0x38, 0x00, 0x78, 0x00, 0x70, 0x00, 0x60,
    0x00, 0xC0, 0x01, 0x80, 0x03, 0x00, 0x0E, 0x00, 0x18, 0x00, 0x70, 0x01, 0xE0, 0x07, 0x9F, 0xFE,
    0x3F, 0xFC, 0x3F, 0xE0, 0x1F, 0x80, 0x00, 0x00, 0x03, 0x0C, 0x03, 0x98, 0x01, 0xD8, 0x01, 0xD0,
    0x00, 0xF0, 0x00, 0xF0, 0x00, 0x60, 0x00, 0x00, 0x00, 0x00, 0x00, 0x10, 0x00, 0x38, 0x00, 0x38,
    0x00, 0x3C, 0x00, 0x3C, 0x00, 0x3C, 0x00, 0x1E, 0x00, 0x1E, 0x00, 0x0E, 0x00, 0x0E, 0x00, 0x07,
    0x00, 0x07, 0x00, 0x03, 0x00, 0x06, 0x00, 0x06, 0x00, 0x0E, 0x00, 0x0E, 0x00, 0x1C, 0x00, 0x7C,
    0x7F, 0xF8, 0x7F, 0xF0, 0x3F, 0xE0, 0x0F, 0x80, 0x00, 0x00, 0x00, 0x30, 0x00, 0xE0, 0x01, 0xC0,
    0x03, 0xC0, 0x07, 0x80, 0x07, 0x00, 0x0E, 0x00, 0x0E, 0x00, 0x1C, 0x00, 0x18, 0x00, 0x30, 0x00,
    0x20, 0x00, 0xC0, 0x01, 0x80, 0x07, 0x00, 0x0C, 0x00, 0x38, 0x00, 0xE0, 0x07, 0xCF, 0xFF, 0x0F,
    0xFE, 0x07, 0xFE, 0x03, 0xCC, 0x01, 0x98, 0x01, 0xE0, 0x00, 0x00, 0x00, 0x18, 0x00, 0x38, 0x00,
    0x38, 0x00, 0x3C, 0x00, 0x3C, 0x00, 0x1C, 0x00, 0x1E, 0x00, 0x1E, 0x00, 0x0E, 0x00, 0x06, 0x00,
    0x07, 0x00, 0x03, 0x00, 0x03, 0x00, 0x06, 0x00, 0x06, 0x00, 0x0E, 0x00, 0x0E, 0x00, 0x1C, 0x00,
    0x7C, 0x7F, 0xF8, 0x7F, 0xF0, 0x3F, 0xE0, 0x0F, 0x80, 0x00, 0x00, 0x00, 0x00, 0x02, 0x00, 0x07,
    0x00, 0x0F, 0x80, 0x0F, 0x80, 0x07, 0x00, 0x02, 0x00, 0x00, 0x10, 0x00, 0x60, 0x01, 0xE0, 0x03,
    0xC0, 0x03, 0x80, 0x07, 0x80, 0x0F, 0x00, 0x0E, 0x00, 0x1E, 0x00, 0x1C, 0x00, 0x18, 0x00, 0x30,
    0x00, 0x60, 0x00, 0xC0, 0x03, 0x80, 0x06, 0x00, 0x1C, 0x00, 0x78, 0x01, 0xE7, 0xFF, 0x8F, 0xFF,
    0x0F, 0xF8, 0x07, 0xE0, 0x00, 0x00, 0x00, 0x00, 0x41, 0x00, 0xE6, 0x00, 0xCC, 0x01, 0xF0, 0x01,
    0xE0, 0x03, 0x80, 0x02, 0x00, 0x00, 0x18, 0x00, 0x38, 0x00, 0x38, 0x00, 0x3C, 0x00, 0x3C, 0x00,
    0x1C, 0x00, 0x1E, 0x00, 0x1E, 0x03, 0x8E, 0x07, 0xC6, 0x07, 0xC7, 0x07, 0x83, 0x03, 0x03, 0x00,
    0x06, 0x00, 0x06, 0x00, 0x0E, 0x00, 0x0E, 0x00, 0x1C, 0x00, 0x7C, 0x7F, 0xF8, 0x7F, 0xF0, 0x3F,
    0xE0, 0x0F, 0x80, 0x00, 0x00, 0x00, 0x00, 0x02, 0x00, 0x07, 0x00, 0x0F, 0x80, 0x0F, 0x80, 0x07,
    0x00, 0x02, 0x00, 0x00, 0x00, 0x02, 0x0C, 0x07, 0x1E, 0x0F, 0x9E, 0x07, 0x9C, 0x03, 0x00, 0x00,
    0x00, 0x00, 0x00, 0x00, 0x18, 0x00, 0x38, 0x00, 0x38, 0x00, 0x3C, 0x00, 0x3C, 0x00, 0x1C, 0x00,
    0x1E, 0x00, 0x1E, 0x00, 0x0E, 0x00, 0x06, 0x00, 0x07, 0x00, 0x03, 0x00, 0x03, 0x00, 0x06, 0x00,
    0x06, 0x00, 0x0E, 0x00, 0x0E, 0x00, 0x1C, 0x00, 0x7C, 0x7F, 0xF8, 0x7F, 0xF0, 0x3F, 0xE0, 0x0F,
    0x80, 0x00, 0x20, 0x00, 0x70, 0x00, 0xF0, 0x00, 0x64, 0x03, 0x0E, 0x07, 0x9E, 0x07, 0x8E, 0x03,
    0x04, 0x00, 0x00, 0x00, 0x00, 0x00, 0x18, 0x00, 0x38, 0x00, 0x38, 0x00, 0x3C, 0x00, 0x3C, 0x00,
    0x1C, 0x00, 0x1E, 0x00, 0x1E, 0x00, 0x0E, 0x00, 0x06, 0x00, 0x07, 0x00, 0x03, 0x00, 0x03, 0x00,
    0x06, 0x00, 0x06, 0x00, 0x0E, 0x00, 0x0E, 0x00, 0x1C, 0x00, 0x7C, 0x7F, 0xF8, 0x7F, 0xF0, 0x3F,
    0xE0, 0x0F, 0x80, 0x01, 0x00, 0x03, 0x98, 0x03, 0xB8, 0x01, 0x18, 0x00, 0x00, 0x01, 0x98, 0x03,
    0xFC, 0x01, 0x98, 0x00, 0x00, 0x00, 0x00, 0x00, 0x18, 0x00, 0x38, 0x00, 0x38, 0x00, 0x3C, 0x00,
    0x3C, 0x00, 0x1C, 0x00, 0x1E, 0x00, 0x1E, 0x00, 0x0E, 0x00, 0x06, 0x00, 0x07, 0x00, 0x03, 0x00,
    0x03, 0x00, 0x06, 0x00, 0x06, 0x00, 0x0E, 0x00, 0x0E, 0x00, 0x1C, 0x00, 0x7C, 0x7F, 0xF8, 0x7F,
    0xF0, 0x3F, 0xE0, 0x0F, 0x80, 0x00, 0x00, 0x00, 0x00, 0x00, 0x00, 0x00, 0x00, 0xC0, 0x00, 0x00,
    0x00, 0x07, 0x80, 0x00, 0x00, 0x00, 0x3F, 0x00, 0x00, 0x00, 0x00, 0x78, 0x00, 0x00, 0x00, 0x00,
    0xC0, 0x00, 0x00, 0x00, 0x00, 0x01, 0x00, 0x00, 0x00, 0x00, 0x0C, 0x00, 0x00, 0x00, 0x00, 0x70,
    0x00, 0x00, 0x00, 0x21, 0xE0, 0x00, 0x00, 0x01, 0xC7, 0x80, 0x00, 0x30, 0x06, 0x0E, 0x00, 0x01,
    0xC0, 0x38, 0x38, 0x00, 0x07, 0x80, 0xE0, 0xE0, 0x00, 0x1E, 0x03, 0x01, 0xC0, 0x00, 0x78, 0x1F,
    0x07, 0x00, 0x01, 0xFF, 0xFF, 0xF8, 0x00, 0x03, 0xFF, 0xFF, 0xEC, 0x00, 0x0F, 0xFE, 0xFF, 0xB0,
    0x00, 0x3F, 0xF0, 0xFC, 0xC0, 0x00, 0x70, 0x00, 0x03, 0x00, 0x01, 0xC0, 0x00, 0x0C, 0x00, 0x02,
    0x00, 0x00, 0x30, 0x00, 0x18, 0x04, 0x00, 0xE0, 0x00, 0xE0, 0x38, 0x03, 0x80, 0x0F, 0x01, 0xF0,
    0x0F, 0x00, 0xF8, 0x07, 0xC0, 0x1F, 0xFF, 0xC0, 0x0E, 0x00, 0x3F, 0xFE, 0x00, 0x10, 0x00, 0x7F,
    0xF0, 0x00, 0x00, 0x00, 0xFE, 0x00, 0x00, 0x00, 0x00, 0x00, 0x00, 0x00, 0x00, 0x00, 0x00, 0x00,
    0x00, 0x00, 0x40, 0x00, 0x00, 0x00, 0x03, 0x00, 0x00, 0x00, 0x00, 0x1C, 0x00, 0x00, 0x00, 0x08,
    0x78, 0x00, 0x00, 0x00, 0x71, 0xE0, 0x00, 0x0C, 0x01, 0x83, 0x80, 0x00, 0x70, 0x0E, 0x0E, 0x00,
    0x01, 0xE0, 0x38, 0x38, 0x00, 0x07, 0x80, 0xC0, 0x70, 0x00, 0x1E, 0x07, 0xC1, 0xC0, 0x00, 0x7F,
    0xFF, 0xFE, 0x00, 0x00, 0xFF, 0xFF, 0xFB, 0x00, 0x03, 0xFF, 0xBF, 0xEC, 0x00, 0x0F, 0xFC, 0x3F,
    0x30, 0x00, 0x1C, 0x00, 0x00, 0xC0, 0x00, 0x70, 0x00, 0x03, 0x00, 0x00, 0x80, 0x0C, 0x0C, 0x00,
    0x06, 0x0C, 0x78, 0x38, 0x00, 0x38, 0x7B, 0xE0, 0xE0, 0x03, 0xC1, 0xE7, 0x03, 0xC0, 0x3E, 0x03,
    0x68, 0x07, 0xFF, 0xF0, 0x03, 0xC0, 0x0F, 0xFF, 0x80, 0x0F, 0x00, 0x1F, 0xFC, 0x00, 0x18, 0x00,
    0x3F, 0x80, 0x00, 0x00, 0x00, 0x00, 0x00, 0x00, 0x00, 0x00, 0x00, 0x00, 0x00, 0xC0, 0x00, 0x00,
    0x00, 0x07, 0x80, 0x00, 0x00, 0x00, 0x1E, 0x00, 0x00, 0x00, 0x00, 0xB6, 0x00, 0x00, 0x00, 0x07,
    0x3C, 0x00, 0x00, 0x00, 0x3C, 0xF0, 0x00, 0x00, 0x00, 0x71, 0x80, 0x00, 0x00, 0x00, 0x80, 0x10,
    0x00, 0x00, 0x00, 0x00, 0xC0, 0x00, 0x00, 0x00, 0x07, 0x00, 0x00, 0x00, 0x02, 0x1E, 0x00, 0x00,
    0x00, 0x1C, 0x78, 0x00, 0x03, 0x00, 0x60, 0xE0, 0x00, 0x1C, 0x03, 0x83, 0x80, 0x00, 0x78, 0x0E,
    0x0E, 0x00, 0x01, 0xE0, 0x30, 0x1C, 0x00, 0x07, 0x81, 0xF0, 0x70, 0x00, 0x1F, 0xFF, 0xFF, 0x80,
    0x00, 0x3F, 0xFF, 0xFE, 0xC0, 0x00, 0xFF, 0xEF, 0xFB, 0x00, 0x03, 0xFF, 0x0F, 0xCC, 0x00, 0x07,
    0x00, 0x00, 0x30, 0x00, 0x1C, 0x00, 0x00, 0xC0, 0x00, 0x20, 0x03, 0x03, 0x00, 0x01, 0x83, 0x1E,
    0x0E, 0x00, 0x0E, 0x1E, 0xF8, 0x38, 0x00, 0xF0, 0x79, 0xC0, 0xF0, 0x0F, 0x80, 0xDA, 0x01, 0xFF,
    0xFC, 0x00, 0xF0, 0x03, 0xFF, 0xE0, 0x03, 0xC0, 0x07, 0xFF, 0x00, 0x06, 0x00, 0x0F, 0xE0, 0x00,
    0x00, 0x00, 0x00, 0x00, 0x00, 0x03, 0xE0, 0x00, 0x00, 0x00, 0x03, 0xFC, 0x00, 0x00, 0x00, 0x07,
    0xFF, 0x00, 0x00, 0x00, 0x07, 0xFF, 0xC0, 0x00, 0x00, 0x07, 0x81, 0xF0, 0x00, 0x00, 0x07, 0x80,
    0x7C, 0x00, 0x03, 0x07, 0x00, 0x1E, 0x00, 0x03, 0x87, 0x00, 0x06, 0x00, 0x01, 0xE7, 0x00, 0x03,
    0x00, 0x00, 0xF7, 0x00, 0x07, 0x80, 0x00, 0x7F, 0x00, 0x1F, 0x80, 0x00, 0x3F, 0xFF, 0xFF, 0x80,
    0x00, 0x0F, 0xFF, 0xFF, 0x86, 0x00, 0x07, 0xFF, 0xFF, 0x03, 0x00, 0x03, 0xDF, 0xFC, 0x01, 0x80,
    0x00, 0xE0, 0x00, 0x00, 0xC0, 0x00, 0x70, 0x00, 0x00, 0x60, 0x00, 0x10, 0x00, 0x40, 0x30, 0x00,
    0x18, 0x08, 0x70, 0x1C, 0x00, 0x1C, 0x0E, 0x7C, 0x0E, 0x00, 0x3C, 0x0F, 0xBE, 0x07, 0x80, 0x7C,
    0x07, 0x8E, 0x01, 0xFF, 0xFC, 0x01, 0x82, 0x00, 0x7F, 0xFC, 0x00, 0x00, 0x00, 0x1F, 0xFC, 0x00,
    0x00, 0x00, 0x07, 0xF0, 0x00, 0x00, 0x00, 0x00, 0x00, 0x00, 0x00, 0x00, 0x00, 0x00, 0x00, 0x00,
    0x0C, 0x00, 0x00, 0x00, 0x00, 0x0F, 0x00, 0x00, 0x00, 0x00, 0x07, 0x00, 0x00, 0x00, 0x00, 0x09,
    0x30, 0x00, 0x00, 0x00, 0x0E, 0x3C, 0x00, 0x00, 0x00, 0x0F, 0xBC, 0x00, 0x00, 0x00, 0x03, 0x8E,
    0x00, 0x00, 0x00, 0x00, 0x80, 0x00, 0x00, 0x00, 0x00, 0x00, 0x00, 0x00, 0x00, 0x00, 0x00, 0x00,
    0x00, 0x00, 0x00, 0x00, 0x00, 0x00, 0x00, 0x00, 0x00, 0x3E, 0x00, 0x00, 0x00, 0x00, 0x3F, 0xC0,
    0x00, 0x00, 0x00, 0x7F, 0xF0, 0x00, 0x00, 0x00, 0x7F, 0xFC, 0x00, 0x00, 0x00, 0x78, 0x1F, 0x00,
    0x00, 0x00, 0x78, 0x07, 0xC0, 0x00, 0x30, 0x70, 0x01, 0xE0, 0x00, 0x38, 0x70, 0x00, 0x60, 0x00,
    0x1E, 0x70, 0x00, 0x30, 0x00, 0x0F, 0x70, 0x00, 0x78, 0x00, 0x07, 0xF0, 0x01, 0xF8, 0x00, 0x03,
    0xFF, 0xFF, 0xF8, 0x00, 0x00, 0xFF, 0xFF, 0xF8, 0x60, 0x00, 0x7F, 0xFF, 0xF0, 0x30, 0x00, 0x3D,
    0xFF, 0xC0, 0x18, 0x00, 0x0E, 0x00, 0x00, 0x0C, 0x00, 0x07, 0x00, 0x00, 0x06, 0x00, 0x01, 0x00,
    0x00, 0x03, 0x00, 0x01, 0x80, 0x00, 0x01, 0xC0, 0x01, 0xC0, 0x00, 0x00, 0xE0, 0x03, 0xC0, 0x00,
    0x00, 0x78, 0x07, 0xC0, 0x00, 0x00, 0x1F, 0xFF, 0xC0, 0x00, 0x00, 0x07, 0xFF, 0xC0, 0x00, 0x00,
    0x01, 0xFF, 0xC0, 0x00, 0x00, 0x00, 0x7F, 0x00, 0x00, 0x00, 0x00, 0x00, 0x00, 0x00, 0x00, 0x06,
    0x00, 0x00, 0x00, 0x70, 0x00, 0x00, 0x03, 0xC0, 0x30, 0x00, 0x1E, 0x03, 0xC0, 0x00, 0xF0, 0x0E,
    0x00, 0x07, 0x81, 0x2C, 0x00, 0x38, 0x1C, 0xF0, 0x01, 0xE1, 0xF7, 0x80, 0x0F, 0x07, 0x18, 0x00,
    0x38, 0x10, 0x00, 0x01, 0xC0, 0x00, 0x00, 0x0E, 0x00, 0x00, 0x00, 0x70, 0x00, 0x00, 0x03, 0x80,
    0x78, 0x00, 0x1C, 0x0F, 0xF0, 0x00, 0x61, 0xFF, 0xC0, 0x03, 0x9F, 0xFF, 0x00, 0x1D, 0xE0, 0x7C,
    0x00, 0xFE, 0x01, 0xF0, 0x07, 0xC0, 0x07, 0x80, 0x1C, 0x00, 0x18, 0x01, 0xC0, 0x00, 0xC0, 0x1C,
    0x00, 0x1E, 0x78, 0xC0, 0x07, 0xE3, 0xFF, 0xFF, 0xFE, 0x0F, 0xFF, 0xFF, 0xE0, 0x1F, 0xFF, 0xFC,
    0x00, 0x3F, 0xFF, 0x00, 0x00, 0x00, 0x00, 0x00, 0x02, 0x00, 0x00, 0x07, 0x00, 0x00, 0x0F, 0x00,
    0x00, 0x07, 0x40, 0x00, 0x38, 0xE0, 0x00, 0x7D, 0xF0, 0x00, 0x78, 0xE0, 0x00, 0x30, 0x40, 0x00,
    0x00, 0x00, 0x00, 0x00, 0x00, 0x00, 0x02, 0x00, 0x00, 0x0F, 0xC0, 0x00, 0x1F, 0xE0, 0x00, 0x3F,
    0xF0, 0x00, 0x78, 0x30, 0x00, 0x40, 0x00, 0x00, 0xC0, 0x00, 0x00, 0xC0, 0x00, 0x00, 0xE0, 0x00,
    0x00, 0xF0, 0x07, 0x80, 0xF8, 0x1F, 0x00, 0x7F, 0x7F, 0x00, 0x7F, 0xFC, 0x00, 0x1F, 0xF0, 0x00,
    0x0F, 0xC0, 0x00, 0x0F, 0x00, 0x00, 0x1C, 0x00, 0x00, 0x18, 0x00, 0x00, 0x30, 0x00, 0x00, 0x30,
    0x00, 0x00, 0x60, 0x00, 0x00, 0x60, 0x00, 0x00, 0x60, 0x00, 0x00, 0x60, 0x00, 0x00, 0x70, 0x00,
    0x00, 0x70, 0x00, 0x00, 0x38, 0x00, 0x00, 0x3E, 0x00, 0x02, 0x1F, 0xFF, 0xFE, 0x0F, 0xFF, 0xFC,
    0x07, 0xFF, 0xF0, 0x00, 0xFF, 0x80, 0x00, 0x00, 0x07, 0xC0, 0x00, 0x00, 0x1F, 0xC0, 0x00, 0x00,
    0x7F, 0xC0, 0x00, 0x00, 0xFF, 0xC0, 0x00, 0x03, 0x87, 0x80, 0x00, 0x06, 0x07, 0x80, 0x00, 0x0C,
    0x07, 0x00, 0x00, 0x18, 0x0E, 0xC0, 0x00, 0x30, 0x1D, 0x80, 0x00, 0x7F, 0xFB, 0x00, 0x00, 0xFF,
    0xFE, 0x00, 0x00, 0xFF, 0x7C, 0x00, 0x00, 0xF8, 0xFC, 0x00, 0x00, 0x01, 0xFC, 0x00, 0x00, 0x0F,
    0x7C, 0x00, 0x01, 0xFE, 0x7F, 0xFF, 0xFF, 0xF8, 0x7F, 0xFF, 0xFF, 0xC0, 0x7F, 0xFF, 0xFC, 0x00,
    0x3F, 0xFF, 0x00, 0x00, 0x00, 0x00, 0x07, 0xC0, 0x00, 0x00, 0x1F, 0xC0, 0x00, 0x00, 0x7F, 0xC0,
    0x00, 0x00, 0xFF, 0xC0, 0x00, 0x03, 0x87, 0x80, 0x00, 0x06, 0x07, 0x80, 0x00, 0x0C, 0x07, 0x00,
    0x00, 0x18, 0x0E, 0xC0, 0x00, 0x30, 0x1D, 0x80, 0x00, 0x7F, 0xFB, 0x00, 0x00, 0xFF, 0xFE, 0x00,
    0x00, 0xFF, 0x7C, 0x00, 0x00, 0xF8, 0xFC, 0x00, 0x00, 0x01, 0xFC, 0x00, 0x00, 0x0F, 0x7C, 0x00,
    0x01, 0xFE, 0x7F, 0xFF, 0xFF, 0xF8, 0x7F, 0xFF, 0xFF, 0xC0, 0x7F, 0xFF, 0xFC, 0x00, 0x3F, 0xFF,
    0x00, 0x00, 0x00, 0x00, 0x00, 0x00, 0x00, 0x00, 0x00, 0x00, 0x00, 0x00, 0x20, 0x00, 0x00, 0x00,
    0xE0, 0x00, 0x00, 0x03, 0xE0, 0x00, 0x00, 0x07, 0xC0, 0x00, 0x00, 0x07, 0x00, 0x00, 0x00, 0x04,
    0x00, 0x00, 0x00, 0x00, 0x00, 0x00, 0x00, 0x06, 0x00, 0x00, 0x00, 0x0E, 0x00, 0x00, 0x00, 0x3E,
    0x00, 0x00, 0x00, 0x78, 0x00, 0x00, 0x00, 0x60, 0x00, 0x00, 0x00, 0x00, 0x00, 0x00, 0x00, 0x00,
    0x00, 0x00, 0x00, 0x00, 0x00, 0x00, 0x0F, 0x80, 0x00, 0x00, 0x3F, 0x80, 0x00, 0x00, 0xFF, 0x80,
    0x00, 0x01, 0xFF, 0x80, 0x00, 0x07, 0x0F, 0x00, 0x00, 0x0C, 0x0F, 0x00, 0x00, 0x18, 0x0E, 0x00,
    0x00, 0x30, 0x1D, 0x80, 0x00, 0x60, 0x3B, 0x00, 0x00, 0xFF, 0xF6, 0x00, 0x01, 0xFF, 0xFC, 0x00,
    0x01, 0xFE, 0xF8, 0x00, 0x01, 0xF1, 0xF8, 0x00, 0x00, 0x03, 0xF8, 0x00, 0x00, 0x1E, 0xF8, 0x00,
    0x03, 0xFC, 0xFF, 0xFF, 0xFF, 0xF0, 0xFF, 0xFF, 0xFF, 0x80, 0xFF, 0xFF, 0xF8, 0x00, 0x7F, 0xFE,
    0x00, 0x00, 0x00, 0x00, 0x00, 0x00, 0x00, 0x00, 0x00, 0x00, 0x00, 0x00, 0x40, 0x00, 0x00, 0x01,
    0xC0, 0x00, 0x00, 0x07, 0xC0, 0x00, 0x00, 0x0F, 0x80, 0x00, 0x00, 0x0E, 0x00, 0x00, 0x00, 0x08,
    0x00, 0x00, 0x00, 0x00, 0x00, 0x00, 0x00, 0x02, 0x00, 0x00, 0x00, 0x0E, 0x00, 0x00, 0x00, 0x3C,
    0x00, 0x00, 0x00, 0x3A, 0x00, 0x00, 0x03, 0x8E, 0x00, 0x00, 0x0F, 0xBC, 0x00, 0x00, 0x1E, 0x38,
    0x00, 0x00, 0x18, 0x20, 0x00, 0x00, 0x00, 0x00, 0x00, 0x00, 0x00, 0x00, 0x00, 0x00, 0x3E, 0x00,
    0x00, 0x00, 0xFE, 0x00, 0x00, 0x03, 0xFE, 0x00, 0x00, 0x07, 0xFE, 0x00, 0x00, 0x1C, 0x3C, 0x00,
    0x00, 0x30, 0x3C, 0x00, 0x00, 0x60, 0x38, 0x00, 0x00, 0xC0, 0x76, 0x00, 0x01, 0x80, 0xEC, 0x00,
    0x03, 0xFF, 0xD8, 0x00, 0x07, 0xFF, 0xF0, 0x00, 0x07, 0xFB, 0xE0, 0x00, 0x07, 0xC7, 0xE0, 0x00,
    0x00, 0x0F, 0xE0, 0x00, 0x00, 0x7B, 0xE0, 0x00, 0x0F, 0xF3, 0xFF, 0xFF, 0xFF, 0xC3, 0xFF, 0xFF,
    0xFE, 0x03, 0xFF, 0xFF, 0xE0, 0x01, 0xFF, 0xF8, 0x00, 0x00, 0x00, 0x00, 0x07, 0xC0, 0x00, 0x00,
    0x1F, 0xC0, 0x00, 0x00, 0x7F, 0xC0, 0x00, 0x00, 0xFF, 0xC0, 0x00, 0x03, 0x87, 0x80, 0x00, 0x06,
    0x07, 0x80, 0x00, 0x0C, 0x07, 0x00, 0x00, 0x18, 0x0E, 0xC0, 0x00, 0x30, 0x1D, 0x80, 0x00, 0x7F,
    0xFB, 0x00, 0x00, 0xFF, 0xFE, 0x00, 0x00, 0xFF, 0x7C, 0x00, 0x00, 0xF8, 0xFC, 0x00, 0x00, 0x01,
    0xFC, 0x00, 0x00, 0x0F, 0x7C, 0x00, 0x01, 0xFE, 0x7F, 0xFF, 0xFF, 0xF8, 0x7F, 0xFF, 0xFF, 0xC0,
    0x7F, 0xFF, 0xFC, 0x00, 0x3F, 0xFF, 0x00, 0x00, 0x00, 0x00, 0x00, 0x00, 0x00, 0x00, 0x02, 0x00,
    0x00, 0x01, 0x8E, 0x00, 0x00, 0x07, 0x9E, 0x00, 0x00, 0x0F, 0x38, 0x00, 0x00, 0x0D, 0xA0, 0x00,
    0x00, 0x07, 0x80, 0x00, 0x00, 0x0F, 0x00, 0x00, 0x00, 0x0C, 0x00, 0x00, 0x00, 0x00, 0x00, 0x00,
    0x00, 0x08, 0x00, 0x00, 0x00, 0x39, 0x80, 0x00, 0x00, 0x77, 0x00, 0x00, 0x00, 0x66, 0x00, 0x00,
    0x00, 0x00, 0x00, 0x00, 0x01, 0x98, 0x00, 0x00, 0x07, 0xB8, 0x00, 0x00, 0x06, 0x60, 0x00, 0x00,
    0x00, 0x00, 0x00, 0x00, 0x00, 0x00, 0x00, 0x00, 0x1F, 0x00, 0x00, 0x00, 0x7F, 0x00, 0x00, 0x01,
    0xFF, 0x00, 0x00, 0x03, 0xFF, 0x00, 0x00, 0x0E, 0x1E, 0x00, 0x00, 0x18, 0x1E, 0x00, 0x00, 0x30,
    0x1C, 0x00, 0x00, 0x60, 0x3B, 0x00, 0x00, 0xC0, 0x76, 0x00, 0x01, 0xFF, 0xEC, 0x00, 0x03, 0xFF,
    0xF8, 0x00, 0x03, 0xFD, 0xF0, 0x00, 0x03, 0xE3, 0xF0, 0x00, 0x00, 0x07, 0xF0, 0x00, 0x00, 0x3D,
    0xF0, 0x00, 0x07, 0xF9, 0xFF, 0xFF, 0xFF, 0xE1, 0xFF, 0xFF, 0xFF, 0x01, 0xFF, 0xFF, 0xF0, 0x00,
    0xFF, 0xFC, 0x00, 0x00, 0x00, 0x00, 0x00, 0x00, 0x18, 0x00, 0x00, 0xF0, 0x00, 0x07, 0xE0, 0x00,
    0x1F, 0x00, 0x00, 0x18, 0x00, 0x00, 0x00, 0x00, 0x00, 0x00, 0x00, 0x00, 0x00, 0x00, 0x3C, 0x00,
    0x01, 0xFC, 0x00, 0x0F, 0xF8, 0x00, 0x7F, 0xF0, 0x01, 0xC3, 0xC0, 0x06, 0x07, 0x80, 0x30, 0x0E,
    0x00, 0xC0, 0x38, 0x03, 0x00, 0x70, 0x0E, 0x01, 0xC0, 0x3F, 0xFF, 0x00, 0x7F, 0xFF, 0x01, 0xFF,
    0x3C, 0x01, 0xF8, 0xF0, 0x00, 0x03, 0xC0, 0x00, 0x0F, 0x00, 0x00, 0x2C, 0x00, 0x01, 0xB8, 0x00,
    0x0C, 0xE0, 0x00, 0xF3, 0xE0, 0x0F, 0x87, 0xFF, 0xFC, 0x0F, 0xFF, 0xC0, 0x1F, 0xFE, 0x00, 0x1F,
    0xC0, 0x00, 0x00, 0x00, 0x00, 0x00, 0x08, 0x00, 0x00, 0x70, 0x00, 0x03, 0xC0, 0x00, 0x06, 0x40,
    0x00, 0xC3, 0x80, 0x07, 0x9F, 0x00, 0x1E, 0x38, 0x00, 0x30, 0x40, 0x00, 0x00, 0x00, 0x00, 0x00,
    0x00, 0x03, 0xC0, 0x00, 0x1F, 0xC0, 0x00, 0xFF, 0x80, 0x07, 0xFF, 0x00, 0x1C, 0x3C, 0x00, 0x60,
    0x78, 0x03, 0x00, 0xE0, 0x0C, 0x03, 0x80, 0x30, 0x07, 0x00, 0xE0, 0x1C, 0x03, 0xFF, 0xF0, 0x07,
    0xFF, 0xF0, 0x1F, 0xF3, 0xC0, 0x1F, 0x8F, 0x00, 0x00, 0x3C, 0x00, 0x00, 0xF0, 0x00, 0x02, 0xC0,
    0x00, 0x1B, 0x80, 0x00, 0xCE, 0x00, 0x0F, 0x3E, 0x00, 0xF8, 0x7F, 0xFF, 0xC0, 0xFF, 0xFC, 0x01,
    0xFF, 0xE0, 0x01, 0xFC, 0x00, 0x00, 0x00, 0x00, 0x00, 0x00, 0x00, 0x18, 0x00, 0x00, 0x0F, 0x80,
    0x00, 0x07, 0xE0, 0x00, 0x07, 0xFC, 0x00, 0x03, 0xFE, 0x00, 0x01, 0xFE, 0x00, 0x00, 0x7F, 0x00,
    0x00, 0x1F, 0x80, 0x00, 0x07, 0x80, 0x00, 0x00, 0xC0, 0x00, 0x00, 0x1E, 0x00, 0x00, 0x03, 0xF0,
    0x00, 0x00, 0x7F, 0x80, 0x00, 0x03, 0xFC, 0x00, 0x00, 0x0F, 0xC0, 0x00, 0x00, 0x7C, 0x00, 0x00,
    0x03, 0xC0, 0x00, 0x00, 0x38, 0x20, 0x00, 0x03, 0x8C, 0x00, 0x00, 0x71, 0x80, 0x00, 0x06, 0x30,
    0x00, 0x01, 0xC7, 0x80, 0x00, 0xF8, 0xFF, 0xFF, 0xFE, 0x0F, 0xFF, 0xFF, 0x80, 0xFF, 0xFF, 0xC0,
    0x07, 0xFF, 0xC0, 0x00, 0x00, 0x00, 0x00, 0x00, 0x00, 0x00, 0x00, 0x1C, 0x00, 0x00, 0x00, 0x00,
    0x7C, 0x00, 0x00, 0x00, 0x01, 0xFC, 0x00, 0x00, 0x00, 0x03, 0xF8, 0x00, 0x00, 0x00, 0x07, 0xC0,
    0x00, 0x00, 0x00, 0x0F, 0x80, 0x00, 0x00, 0x00, 0x1E, 0x00, 0x00, 0x00, 0x00, 0x38, 0x00, 0x00,
    0x00, 0x00, 0x30, 0x00, 0x00, 0x00, 0x00, 0x30, 0x00, 0x00, 0x00, 0x00, 0x3F, 0xFF, 0xFF, 0x80,
    0x00, 0x3F, 0xFF, 0xFF, 0xF8, 0x00, 0x1F, 0xFF, 0xFF, 0xFC, 0x00, 0x0F, 0xFF, 0xFF, 0xFE, 0x00,
    0x00, 0x00, 0x00, 0x1F, 0x00, 0x00, 0x00, 0x00, 0x07, 0x00, 0x00, 0x00, 0x00, 0x03, 0xFF, 0xFF,
    0xFF, 0xFF, 0xFF, 0x7F, 0xFF, 0xFF, 0xFF, 0xFF, 0x7F, 0xFF, 0xFF, 0xFF, 0xFE, 0x3F, 0xFF, 0xFF,
    0xFF, 0xF0, 0x00, 0x00, 0x00, 0xC0, 0x00, 0x00, 0x7C, 0x00, 0x00, 0x3F, 0x00, 0x00, 0x1F, 0xE0,
    0x00, 0x0F, 0xF0, 0x00, 0x07, 0xFC, 0x00, 0x03, 0xFD, 0x80, 0x00, 0xFF, 0x30, 0x00, 0x3E, 0x66,
    0x00, 0x06, 0x07, 0xC0, 0x00, 0xF0, 0x70, 0x00, 0x1F, 0x80, 0x00, 0x03, 0xFC, 0x00, 0x00, 0x1F,
    0xC0, 0x00, 0x00, 0x7E, 0x00, 0x00, 0x03, 0xE0, 0x00, 0x00, 0x3E, 0x00, 0x00, 0x03, 0xC1, 0x00,
    0x00, 0x3C, 0x60, 0x00, 0x03, 0x8C, 0x00, 0x00, 0x71, 0x80, 0x00, 0x0E, 0x3C, 0x00, 0x0F, 0xC7,
    0xFF, 0xFF, 0xF0, 0x7F, 0xFF, 0xFC, 0x07, 0xFF, 0xFE, 0x00, 0x3F, 0xFE, 0x00, 0x00, 0x00, 0x00,
    0x00, 0x00, 0x0C, 0x00, 0x00, 0xE0, 0x08, 0x1E, 0x01, 0xC1, 0xE0, 0x3E, 0x1E, 0x03, 0xE0, 0xE0,
    0x1C, 0x0E, 0x00, 0x80, 0xE0, 0x00, 0x0E, 0x00, 0x00, 0xE0, 0x00, 0x0E, 0x00, 0xE0, 0xE0, 0x18,
    0x06, 0x01, 0x00, 0x60, 0x3C, 0x06, 0x01, 0xF0, 0x70, 0x02, 0x07, 0x00, 0xC0, 0x70, 0x38, 0x03,
    0x00, 0x00, 0x30, 0x00, 0x03, 0x00, 0x00, 0x30, 0x00, 0x03, 0xFF, 0xFF, 0xFF, 0xFF, 0xFF, 0xFF,
    0xFF, 0xEF, 0xFF, 0xFC, 0x00, 0x00, 0x00, 0x00, 0x0C, 0x00, 0x00, 0xE0, 0x00, 0x1E, 0x00, 0x01,
    0xE0, 0x0C, 0x1E, 0x01, 0xC0, 0xE0, 0x08, 0x0E, 0x03, 0x30, 0xE0, 0x73, 0x8E, 0x03, 0x10, 0xE0,
    0x00, 0x0E, 0x00, 0xE0, 0xE0, 0x18, 0x06, 0x01, 0x00, 0x60, 0x3C, 0x06, 0x01, 0xF0, 0x70, 0x02,
    0x07, 0x00, 0xC0, 0x70, 0x38, 0x03, 0x00, 0x00, 0x30, 0x00, 0x03, 0x00, 0x00, 0x30, 0x00, 0x03,
    0xFF, 0xFF, 0xFF, 0xFF, 0xFF, 0xFF, 0xFF, 0xEF, 0xFF, 0xFC, 0x00, 0x00, 0x00, 0x00, 0x0C, 0x00,
    0x00, 0xE0, 0x00, 0x1E, 0x00, 0x01, 0xE0, 0x00, 0x1E, 0x00, 0x00, 0xE0, 0x00, 0x0E, 0x00, 0x00,
    0xE0, 0x00, 0x0E, 0x00, 0x00, 0xE0, 0x00, 0x0E, 0x00, 0xE0, 0xE0, 0x18, 0x06, 0x01, 0x00, 0x60,
    0x3C, 0x06, 0x01, 0xF0, 0x70, 0x02, 0x07, 0x00, 0xC0, 0x70, 0x38, 0x03, 0x00, 0x00, 0x30, 0x00,
    0x03, 0x00, 0x00, 0x30, 0x00, 0x03, 0xFF, 0xFF, 0xFF, 0xFF, 0xFF, 0xFF, 0xFF, 0xEF, 0xFF, 0xFC,
    0x00, 0x00, 0x00, 0x00, 0x00, 0x00, 0x06, 0x00, 0x18, 0xF0, 0x03, 0xDF, 0x00, 0x3C, 0xE0, 0x01,
    0xB4, 0x00, 0x07, 0x80, 0x00, 0x78, 0x00, 0x03, 0x00, 0x00, 0x00, 0x00, 0x00, 0x00, 0x00, 0x00,
    0x00, 0x00, 0x18, 0x00, 0x00, 0x0F, 0x00, 0x00, 0x0F, 0xC0, 0x00, 0x07, 0xE0, 0x00, 0x03, 0xF1,
    0x80, 0x01, 0xF8, 0xF8, 0x00, 0xFC, 0x7E, 0x00, 0x7E, 0x7F, 0xC0, 0x0E, 0x3F, 0xE0, 0x01, 0x1F,
    0xE0, 0x00, 0x07, 0xF0, 0x00, 0x01, 0xF8, 0x00, 0x00, 0x78, 0x00, 0x00, 0x0C, 0x00, 0x00, 0x01,
    0xE0, 0x00, 0x00, 0x3F, 0x00, 0x00, 0x07, 0xF8, 0x00, 0x00, 0x3F, 0xC0, 0x00, 0x00, 0xFC, 0x00,
    0x00, 0x07, 0xC0, 0x00, 0x00, 0x3C, 0x00, 0x00, 0x03, 0x82, 0x00, 0x00, 0x38, 0xC0, 0x00, 0x07,
    0x18, 0x00, 0x00, 0x63, 0x00, 0x00, 0x1C, 0x78, 0x00, 0x0F, 0x8F, 0xFF, 0xFF, 0xE0, 0xFF, 0xFF,
    0xF8, 0x0F, 0xFF, 0xFC, 0x00, 0x7F, 0xFC, 0x00, 0x00, 0x00, 0x00, 0x00, 0x00, 0x00, 0x38, 0x00,
    0x00, 0x1F, 0x00, 0x00, 0x1F, 0xC0, 0x00, 0x0F, 0xC0, 0x00, 0x07, 0xE1, 0x80, 0x03, 0xF0, 0xF8,
    0x01, 0xF8, 0x7E, 0x00, 0x7C, 0x3F, 0xC0, 0x0C, 0x1F, 0xE0, 0x00, 0x0F, 0xF8, 0x00, 0x07, 0xFB,
    0x00, 0x01, 0xFE, 0x60, 0x00, 0x7C, 0xCC, 0x00, 0x0C, 0x0F, 0x80, 0x01, 0xE0, 0xE0, 0x00, 0x3F,
    0x00, 0x00, 0x07, 0xF8, 0x00, 0x00, 0x3F, 0x80, 0x00, 0x00, 0xFC, 0x00, 0x00, 0x07, 0xC0, 0x00,
    0x00, 0x7C, 0x00, 0x00, 0x07, 0x82, 0x00, 0x00, 0x78, 0xC0, 0x00, 0x07, 0x18, 0x00, 0x00, 0xE3,
    0x00, 0x00, 0x1C, 0x78, 0x00, 0x1F, 0x8F, 0xFF, 0xFF, 0xE0, 0xFF, 0xFF, 0xF8, 0x0F, 0xFF, 0xFC,
    0x00, 0x7F, 0xFC, 0x00, 0x00, 0x01, 0x00, 0x00, 0x00, 0x70, 0x18, 0x00, 0x4E, 0x0F, 0x00, 0x1C,
    0x8F, 0xC0, 0x03, 0x87, 0xE0, 0x00, 0x23, 0xF1, 0x80, 0x01, 0xF8, 0xF8, 0x00, 0xFC, 0x7E, 0x00,
    0x7E, 0x7F, 0xC0, 0x0E, 0x3F, 0xE0, 0x01, 0x1F, 0xE0, 0x00, 0x07, 0xF0, 0x00, 0x01, 0xF8, 0x00,
    0x00, 0x78, 0x00, 0x00, 0x0C, 0x00, 0x00, 0x01, 0xE0, 0x00, 0x00, 0x3F, 0x00, 0x00, 0x07, 0xF8,
    0x00, 0x00, 0x3F, 0xC0, 0x00, 0x00, 0xFC, 0x00, 0x00, 0x07, 0xC0, 0x00, 0x00, 0x3C, 0x00, 0x00,
    0x03, 0x82, 0x00, 0x00, 0x38, 0xC0, 0x00, 0x07, 0x18, 0x00, 0x00, 0x63, 0x00, 0x00, 0x1C, 0x78,
    0x00, 0x0F, 0x8F, 0xFF, 0xFF, 0xE0, 0xFF, 0xFF, 0xF8, 0x0F, 0xFF, 0xFC, 0x00, 0x7F, 0xFC, 0x00,
    0x00, 0x00, 0x00, 0x00, 0x00, 0x00, 0x18, 0x00, 0x00, 0x0F, 0x00, 0x00, 0x0F, 0xC0, 0x00, 0x07,
    0xE0, 0x00, 0x03, 0xF1, 0x80, 0x01, 0xF8, 0xF8, 0x00, 0xFC, 0x7E, 0x00, 0x7E, 0x7F, 0xC0, 0x0E,
    0x3F, 0xE0, 0x01, 0x1F, 0xE0, 0x00, 0x07, 0xF0, 0x00, 0x01, 0xF8, 0x00, 0x00, 0x78, 0x00, 0x00,
    0x0C, 0x00, 0x00, 0x01, 0xE0, 0x00, 0x00, 0x3F, 0x00, 0x00, 0x07, 0xF8, 0x00, 0x00, 0x3F, 0xC0,
    0x00, 0x00, 0xFC, 0x00, 0x00, 0x07, 0xC0, 0x00, 0x00, 0x3C, 0x00, 0x00, 0x03, 0x82, 0x00, 0x00,
    0x38, 0xC0, 0x00, 0x07, 0x18, 0x00, 0x00, 0x63, 0x00, 0x00, 0x1C, 0x78, 0x00, 0x0F, 0x8F, 0xFF,
    0xFF, 0xE0, 0xFF, 0xFF, 0xF8, 0x0F, 0xFF, 0xFC, 0x00, 0x7F, 0xFC, 0x00, 0x00, 0x00, 0x00, 0x00,
    0x00, 0x00, 0x00, 0x00, 0x00, 0x40, 0x00, 0x06, 0x1C, 0x00, 0x01, 0xE7, 0xC0, 0x00, 0x7C, 0xF0,
    0x00, 0x07, 0x8E, 0x00, 0x00, 0x60, 0x00, 0x00, 0x00, 0x00, 0x00, 0x00, 0x00, 0x00, 0x00, 0x00,
    0x00, 0x18, 0x00, 0x00, 0x0F, 0x00, 0x00, 0x0F, 0xC0, 0x00, 0x07, 0xE0, 0x00, 0x03, 0xF1, 0x80,
    0x01, 0xF8, 0xF8, 0x00, 0xFC, 0x7E, 0x00, 0x7E, 0x7F, 0xC0, 0x0E, 0x3F, 0xE0, 0x01, 0x1F, 0xE0,
    0x00, 0x07, 0xF0, 0x00, 0x01, 0xF8, 0x00, 0x00, 0x78, 0x00, 0x00, 0x0C, 0x00, 0x00, 0x01, 0xE0,
    0x00, 0x00, 0x3F, 0x00, 0x00, 0x07, 0xF8, 0x00, 0x00, 0x3F, 0xC0, 0x00, 0x00, 0xFC, 0x00, 0x00,
    0x07, 0xC0, 0x00, 0x00, 0x3C, 0x00, 0x00, 0x03, 0x82, 0x00, 0x00, 0x38, 0xC0, 0x00, 0x07, 0x18,
    0x00, 0x00, 0x63, 0x00, 0x00, 0x1C, 0x78, 0x00, 0x0F, 0x8F, 0xFF, 0xFF, 0xE0, 0xFF, 0xFF, 0xF8,
    0x0F, 0xFF, 0xFC, 0x00, 0x7F, 0xFC, 0x00, 0x00, 0x00, 0x00, 0x00, 0x00, 0x00, 0x00, 0x00, 0x06,
    0x00, 0x00, 0x01, 0xE0, 0x00, 0x00, 0x3C, 0x00, 0x00, 0x03, 0x00, 0x00, 0x00, 0x00, 0x00, 0x00,
    0x04, 0x00, 0x00, 0x01, 0xC0, 0x00, 0x00, 0x7C, 0x00, 0x00, 0x07, 0x00, 0x00, 0x00, 0x40, 0x00,
    0x00, 0x08, 0x00, 0x00, 0x03, 0x80, 0x00, 0x00, 0x74, 0x00, 0x00, 0x01, 0xC0, 0x60, 0x01, 0x38,
    0x3C, 0x00, 0x72, 0x3F, 0x00, 0x0E, 0x1F, 0x80, 0x00, 0x8F, 0xC6, 0x00, 0x07, 0xE3, 0xE0, 0x03,
    0xF1, 0xF8, 0x01, 0xF9, 0xFF, 0x00, 0x38, 0xFF, 0x80, 0x04, 0x7F, 0x80, 0x00, 0x1F, 0xC0, 0x00,
    0x07, 0xE0, 0x00, 0x01, 0xE0, 0x00, 0x00, 0x30, 0x00, 0x00, 0x07, 0x80, 0x00, 0x00, 0xFC, 0x00,
    0x00, 0x1F, 0xE0, 0x00, 0x00, 0xFF, 0x00, 0x00, 0x03, 0xF0, 0x00, 0x00, 0x1F, 0x00, 0x00, 0x00,
    0xF0, 0x00, 0x00, 0x0E, 0x08, 0x00, 0x00, 0xE3, 0x00, 0x00, 0x1C, 0x60, 0x00, 0x01, 0x8C, 0x00,
    0x00, 0x71, 0xE0, 0x00, 0x3E, 0x3F, 0xFF, 0xFF, 0x83, 0xFF, 0xFF, 0xE0, 0x3F, 0xFF, 0xF0, 0x01,
    0xFF, 0xF0, 0x00, 0x00, 0x00, 0x00, 0x01, 0x82, 0x00, 0x1C, 0x60, 0x00, 0xE6, 0x00, 0x0E, 0xC0,
    0x00, 0x7C, 0x00, 0x07, 0x80, 0x00, 0x38, 0x00, 0x00, 0x00, 0x00, 0x00, 0x00, 0x01, 0x80, 0x00,
    0x38, 0x00, 0x03, 0xC0, 0x00, 0x3C, 0x00, 0x03, 0xC0, 0x00, 0x3C, 0x00, 0x03, 0xC0, 0x00, 0x3C,
    0x00, 0x03, 0xC0, 0x00, 0x1C, 0x00, 0x01, 0xC0, 0x00, 0x1C, 0x00, 0x01, 0xC0, 0x00, 0x1C, 0x00,
    0x01, 0xC0, 0x00, 0x1E, 0x00, 0x00, 0xE0, 0x00, 0x0E, 0x00, 0x00, 0xE0, 0x00, 0x0E, 0x00, 0x00,
    0xE0, 0x00, 0x0E, 0x00, 0x00, 0x60, 0x00, 0x06, 0x00, 0x00, 0x70, 0x00, 0x07, 0xC0, 0x00, 0x7C,
    0x00, 0x07, 0xC0, 0x00, 0x3C, 0x00, 0x03, 0xC0, 0x00, 0x2C, 0x00, 0x06, 0xE0, 0x00, 0xEE, 0x00,
    0x1C, 0xF0, 0x0F, 0x87, 0xFF, 0xF0, 0x3F, 0xFE, 0x01, 0xFF, 0xC0, 0x0F, 0xE0, 0x00, 0x00, 0x00,
    0x00, 0x00, 0x30, 0x00, 0x07, 0x80, 0x00, 0xFC, 0x00, 0x07, 0x80, 0x00, 0x30, 0x00, 0x00, 0x00,
    0x00, 0x00, 0x00, 0x01, 0x80, 0x00, 0x38, 0x00, 0x03, 0xC0, 0x00, 0x3C, 0x00, 0x03, 0xC0, 0x00,
    0x3C, 0x00, 0x03, 0xC0, 0x00, 0x3C, 0x00, 0x03, 0xC0, 0x00, 0x1C, 0x00, 0x01, 0xC0, 0x00, 0x1C,
    0x00, 0x01, 0xC0, 0x00, 0x1C, 0x00, 0x01, 0xC0, 0x00, 0x1E, 0x00, 0x00, 0xE0, 0x00, 0x0E, 0x00,
    0x00, 0xE0, 0x00, 0x0E, 0x00, 0x00, 0xE0, 0x00, 0x0E, 0x00, 0x00, 0x60, 0x00, 0x06, 0x00, 0x00,
    0x70, 0x00, 0x07, 0x40, 0x00, 0x7C, 0x00, 0x07, 0xC0, 0x00, 0x3C, 0x00, 0x03, 0xC0, 0x00, 0x2C,
    0x00, 0x06, 0xE0, 0x00, 0xEE, 0x00, 0x1C, 0xF0, 0x0F, 0x87, 0xFF, 0xF0, 0x3F, 0xFE, 0x01, 0xFF,
    0xC0, 0x0F, 0xE0, 0x00, 0x00, 0x00, 0x00, 0x00, 0x08, 0x00, 0x00, 0xE0, 0x00, 0x0F, 0x00, 0x00,
    0x92, 0x00, 0x0E, 0x38, 0x00, 0xFB, 0xE0, 0x03, 0x8E, 0x00, 0x08, 0x00, 0x00, 0x00, 0x00, 0x00,
    0x60, 0x00, 0x07, 0x00, 0x00, 0x3C, 0x00, 0x01, 0xE0, 0x00, 0x0F, 0x00, 0x00, 0x78, 0x00, 0x03,
    0xC0, 0x00, 0x1E, 0x00, 0x00, 0xF0, 0x00, 0x03, 0x80, 0x00, 0x1C, 0x00, 0x00, 0xE0, 0x00, 0x07,
    0x00, 0x00, 0x38, 0x00, 0x01, 0xC0, 0x00, 0x0F, 0x00, 0x00, 0x38, 0x00, 0x01, 0xC0, 0x00, 0x0E,
    0x00, 0x00, 0x70, 0x00, 0x03, 0x80, 0x00, 0x1C, 0x00, 0x00, 0x60, 0x00, 0x03, 0x00, 0x00, 0x1C,
    0x00, 0x00, 0xE4, 0x00, 0x07, 0x60, 0x00, 0x3B, 0x00, 0x00, 0xD8, 0x00, 0x06, 0xC0, 0x00, 0x26,
    0x00, 0x03, 0x38, 0x00, 0x39, 0xC0, 0x03, 0x8F, 0x00, 0xF8, 0x3F, 0xFF, 0x80, 0xFF, 0xF8, 0x03,
    0xFF, 0x80, 0x0F, 0xE0, 0x00, 0x00, 0x01, 0x80, 0x00, 0x38, 0x00, 0x03, 0xC0, 0x00, 0x3C, 0x00,
    0x03, 0xC0, 0x00, 0x3C, 0x00, 0x03, 0xC0, 0x00, 0x3C, 0x00, 0x03, 0xC0, 0x00, 0x1C, 0x00, 0x01,
    0xC0, 0x00, 0x1C, 0x00, 0x01, 0xC0, 0x00, 0x1C, 0x00, 0x01, 0xC0, 0x00, 0x1E, 0x00, 0x00, 0xE0,
    0x00, 0x0E, 0x00, 0x00, 0xE0, 0x00, 0x0E, 0x00, 0x00, 0xE0, 0x00, 0x0E, 0x00, 0x00, 0x60, 0x00,
    0x06, 0x00, 0x00, 0x70, 0x00, 0x07, 0x40, 0x00, 0x7C, 0x00, 0x07, 0xC0, 0x00, 0x3C, 0x00, 0x03,
    0xC0, 0x00, 0x2C, 0x00, 0x06, 0xE0, 0x00, 0xEE, 0x00, 0x1C, 0xF0, 0x0F, 0x87, 0xFF, 0xF0, 0x3F,
    0xFE, 0x01, 0xFF, 0xC0, 0x0F, 0xE0, 0x00, 0x00, 0x00, 0x00, 0x10, 0x00, 0x63, 0x80, 0x0F, 0x3C,
    0x00, 0xF3, 0x80, 0x06, 0xD0, 0x00, 0x1E, 0x00, 0x01, 0xE0, 0x00, 0x0C, 0x00, 0x00, 0x00, 0x00,
    0x00, 0x00, 0x00, 0x08, 0x00, 0x01, 0xC0, 0x00, 0x3E, 0x00, 0x03, 0xC0, 0x00, 0x1C, 0x00, 0x00,
    0x00, 0x00, 0x00, 0x04, 0x00, 0x00, 0xC0, 0x00, 0x1E, 0x00, 0x01, 0xE0, 0x00, 0x1E, 0x00, 0x01,
    0xE0, 0x00, 0x0E, 0x40, 0x00, 0xEC, 0x00, 0x0F, 0xC0, 0x00, 0x7C, 0x00, 0x07, 0xC0, 0x00, 0x2C,
    0x00, 0x06, 0xE0, 0x00, 0xEE, 0x00, 0x3C, 0xF0, 0x0F, 0x87, 0xFF, 0xF0, 0x3F, 0xFE, 0x01, 0xFF,
    0xC0, 0x0F, 0xE0, 0x00, 0x00, 0x00, 0x00, 0x00, 0x00, 0x08, 0x00, 0x01, 0xC0, 0x00, 0x3E, 0x00,
    0x03, 0xC0, 0x00, 0x1C, 0x00, 0x00, 0x80, 0x00, 0x00, 0x00, 0x00, 0x00, 0x04, 0x00, 0x00, 0xC0,
    0x00, 0x1E, 0x00, 0x01, 0xE0, 0x00, 0x1E, 0x00, 0x01, 0xE0, 0x00, 0x0E, 0x40, 0x00, 0xEC, 0x00,
    0x0F, 0xC0, 0x00, 0x7C, 0x00, 0x07, 0xC0, 0x00, 0x2C, 0x00, 0x06, 0xE0, 0x00, 0xEE, 0x00, 0x3C,
    0xF0, 0x0F, 0x87, 0xFF, 0xF0, 0x3F, 0xFE, 0x01, 0xFF, 0xC0, 0x0F, 0xE0, 0x00, 0x03, 0x00, 0x00,
    0x30, 0x00, 0x03, 0x00, 0x00, 0x37, 0x00, 0x01, 0xF8, 0x00, 0x18, 0xC0, 0x0F, 0xF8, 0x00, 0x3F,
    0x00, 0x00, 0x00, 0x40, 0x00, 0x0C, 0x00, 0x01, 0xC0, 0x00, 0x1E, 0x00, 0x01, 0xE0, 0x00, 0x1E,
    0x00, 0x01, 0xE0, 0x00, 0x0E, 0xC0, 0x00, 0xEC, 0x00, 0x07, 0xC0, 0x00, 0x7C, 0x00, 0x07, 0xC0,
    0x00, 0x2C, 0x00, 0x06, 0xE0, 0x00, 0xEE, 0x00, 0x3C, 0xF0, 0x0F, 0x87, 0xFF, 0xF0, 0x3F, 0xFE,
    0x01, 0xFF, 0xC0, 0x0F, 0xE0, 0x00, 0x00, 0x80, 0x00, 0x1C, 0x00, 0x03, 0xE0, 0x00, 0x3E, 0x00,
    0x01, 0xC0, 0x00, 0x08, 0x00, 0x00, 0x00, 0x40, 0x00, 0x0C, 0x00, 0x01, 0xC0, 0x00, 0x1E, 0x00,
    0x01, 0xE0, 0x00, 0x1E, 0x00, 0x01, 0xE4, 0x00, 0x0E, 0xC0, 0x00, 0xFC, 0x00, 0x07, 0xC0, 0x00,
    0x7C, 0x00, 0x03, 0xC0, 0x00, 0x6C, 0x00, 0x0E, 0xE0, 0x01, 0xCF, 0x00, 0x7C, 0x78, 0x1F, 0x87,
    0xFF, 0xF0, 0x3F, 0xFC, 0x01, 0xFF, 0x00, 0x07, 0xE0, 0x00, 0x66, 0x00, 0x06, 0x60, 0x00, 0x3C,
    0x00, 0x00, 0x00, 0x00, 0x00, 0x00, 0x00, 0x08, 0x00, 0x01, 0xC0, 0x00, 0x1E, 0x00, 0x04, 0xD8,
    0x00, 0xE3, 0xC0, 0x0F, 0x7C, 0x00, 0xE3, 0x80, 0x06, 0x00, 0x00, 0x00, 0x04, 0x00, 0x00, 0xC0,
    0x00, 0x1E, 0x00, 0x01, 0xE0, 0x00, 0x1E, 0x00, 0x01, 0xE0, 0x00, 0x0E, 0x40, 0x00, 0xEC, 0x00,
    0x0F, 0xC0, 0x00, 0x7C, 0x00, 0x07, 0xC0, 0x00, 0x2C, 0x00, 0x06, 0xE0, 0x00, 0xEE, 0x00, 0x3C,
    0xF0, 0x0F, 0x87, 0xFF, 0xF0, 0x3F, 0xFE, 0x01, 0xFF, 0xC0, 0x0F, 0xE0, 0x00, 0x00, 0x00, 0x00,
    0x00, 0x1C, 0x00, 0x00, 0x1F, 0x00, 0x00, 0x1F, 0xC0, 0x00, 0x7F, 0xE0, 0x00, 0xFF, 0xF0, 0x00,
    0xE7, 0xF8, 0x01, 0xC3, 0xBC, 0x01, 0x81, 0x9C, 0x01, 0x81, 0x9E, 0x01, 0x81, 0x8E, 0x01, 0xC3,
    0x87, 0x01, 0xE3, 0x07, 0x00, 0xFF, 0x07, 0x00, 0x7F, 0x03, 0x7F, 0xFF, 0xC3, 0xFF, 0xFF, 0xFE,
    0x3F, 0xF7, 0xFE, 0x0F, 0xC0, 0xFC, 0x00, 0x00, 0x0C, 0x00, 0x00, 0x00, 0x00, 0x18, 0x00, 0x00,
    0x3C, 0x00, 0x00, 0x3E, 0x00, 0x00, 0x3C, 0x00, 0x00, 0x18, 0x00, 0x00, 0x00, 0x00, 0x00, 0x00,
    0x00, 0x00, 0x00, 0x00, 0x1F, 0xC0, 0x00, 0x7F, 0xF8, 0x00, 0x7F, 0xFF, 0x80, 0xFF, 0xFF, 0xFE,
    0x60, 0x3F, 0xFE, 0x00, 0x1F, 0xFC, 0x00, 0x7F, 0xF8, 0x00, 0xFE, 0x00, 0x03, 0xF0, 0x00, 0x07,
    0xC0, 0x00, 0x07, 0x80, 0x00, 0x0E, 0x00, 0x00, 0x1C, 0x00, 0x00, 0x18, 0x00, 0xC0, 0x38, 0x31,
    0xE0, 0x30, 0x79, 0xE0, 0x30, 0x71, 0xC0, 0x30, 0x36, 0x00, 0x30, 0x0F, 0x00, 0x30, 0x0F, 0x00,
    0x38, 0x06, 0x00, 0x38, 0x00, 0x00, 0x1C, 0x00, 0x00, 0x1F, 0x00, 0x02, 0x0F, 0xFF, 0xFF, 0x07,
    0xFF, 0xFE, 0x03, 0xFF, 0xF8, 0x00, 0x7F, 0xC0, 0x0E, 0x01, 0xF0, 0x3A, 0x03, 0x00, 0x39, 0x01,
    0xF0, 0x3F, 0x03, 0x80, 0x00, 0x00, 0xC0, 0x1E, 0x01, 0xF0, 0x0F, 0x81, 0xFC, 0x3B, 0xE3, 0x1E,
    0x60, 0xF6, 0x07, 0xC0, 0x7C, 0x03, 0xC0, 0x3E, 0x06, 0xFF, 0xEF, 0xFC, 0x7F, 0xC3, 0xF0, 0x00,
    0x01, 0xC0, 0x1E, 0x01, 0xF0, 0x0F, 0x81, 0xFC, 0x3B, 0xE3, 0x1E, 0x60, 0xF6, 0x07, 0xC0, 0x7C,
    0x07, 0xC0, 0x3E, 0x06, 0xFF, 0xEF, 0xFC, 0x7F, 0xC3, 0xF0, 0x0E, 0x01, 0xF0, 0x3A, 0x03, 0x00,
    0x39, 0x01, 0xF0, 0x3F, 0x03, 0x80, 0x00, 0x00, 0xC0, 0x1E, 0x01, 0xF0, 0x0F, 0x81, 0xFC, 0x3B,
    0xE3, 0x1E, 0x60, 0xF6, 0x07, 0xC0, 0x7C, 0x03, 0xC0, 0x3E, 0x06, 0xFF, 0xEF, 0xFC, 0x7F, 0xC3,
    0xF0, 0x00, 0xC1, 0x8F, 0x1E, 0xF9, 0xF3, 0xC7, 0x0C, 0x10, 0x00, 0x00, 0x00, 0x00, 0x0E, 0x00,
    0x78, 0x03, 0xE0, 0x0F, 0x80, 0xFE, 0x0E, 0xF8, 0x63, 0xC6, 0x0F, 0x30, 0x3B, 0x01, 0xD8, 0x0E,
    0xC0, 0x37, 0x03, 0x3F, 0xF9, 0xFF, 0x87, 0xFC, 0x1F, 0x80, 0x00, 0x78, 0x00, 0x7E, 0x00, 0x7F,
    0x80, 0x7F, 0xC0, 0x30, 0xF0, 0x38, 0x38, 0x18, 0x0C, 0x0C, 0x07, 0x06, 0x01, 0x83, 0x80, 0xC1,
    0xFF, 0xE0, 0x7F, 0xF0, 0x3F, 0xD8, 0x0F, 0xCC, 0x00, 0x0E, 0x00, 0x06, 0x00, 0x07, 0x03, 0xC7,
    0x03, 0xF7, 0x81, 0x9F, 0x86, 0xCF, 0xC3, 0xFF, 0xC0, 0xFF, 0xC0, 0x1F, 0x80, 0x00, 0x00, 0x00,
    0x00, 0x78, 0x00, 0x3F, 0x00, 0x1F, 0xE0, 0x0F, 0xFC, 0x03, 0x87, 0x01, 0xC0, 0xE0, 0x60, 0x38,
    0x18, 0x06, 0x06, 0x01, 0x81, 0xC0, 0x70, 0x7F, 0xFC, 0x0F, 0xFF, 0x03, 0xFE, 0x80, 0x3E, 0x60,
    0x00, 0x18, 0x07, 0x8E, 0x03, 0xFF, 0x00, 0x0F, 0xC0, 0x00, 0xE0, 0x00, 0xF8, 0x7F, 0xFC, 0x1F,
    0xFE, 0x01, 0xFF, 0x00, 0x1F, 0x00, 0x00, 0x00, 0x01, 0x04, 0x00, 0xC6, 0x00, 0x73, 0x00, 0x1B,
    0x00, 0x0F, 0x80, 0x03, 0x80, 0x01, 0xC0, 0x00, 0x00, 0x00, 0x00, 0x00, 0x00, 0x00, 0x1E, 0x00,
    0x1F, 0x80, 0x1F, 0xE0, 0x1F, 0xF8, 0x0C, 0x3C, 0x0E, 0x0F, 0x06, 0x03, 0x83, 0x01, 0xC1, 0x80,
    0x60, 0xE0, 0x38, 0x7F, 0xFC, 0x1F, 0xFE, 0x0F, 0xFE, 0x01, 0xF3, 0x00, 0x01, 0x80, 0x01, 0xC0,
    0x01, 0xC0, 0x01, 0xE3, 0x03, 0xE3, 0xFF, 0xE0, 0xFF, 0xE0, 0x1F, 0xE0, 0x01, 0x80, 0x00, 0x00,
    0x20, 0x00, 0x3C, 0x00, 0x1E, 0x00, 0x07, 0x00, 0x03, 0x80, 0x01, 0x80, 0x00, 0xC0, 0x00, 0xC0,
    0x00, 0x40, 0x00, 0x00, 0x00, 0x00, 0x00, 0x00, 0x00, 0x0F, 0x00, 0x0F, 0xC0, 0x0F, 0xF0, 0x0F,
    0xFC, 0x07, 0x0E, 0x07, 0x07, 0x83, 0x01, 0xC1, 0x80, 0x60, 0xC0, 0x30, 0x70, 0x1C, 0x3F, 0xFE,
    0x0F, 0xFF, 0x07, 0xFD, 0x00, 0xF9, 0x80, 0x00, 0xC0, 0x00, 0xE0, 0x00, 0xE0, 0x00, 0xF1, 0x81,
    0xF1, 0xFF, 0xF0, 0x7F, 0xF0, 0x0F, 0xF0, 0x00, 0xC0, 0x00, 0x00, 0x00, 0x00, 0x30, 0x00, 0x18,
    0x00, 0x1C, 0x00, 0x06, 0x00, 0x03, 0x00, 0x01, 0x80, 0x00, 0xC0, 0x00, 0x60, 0x00, 0x30, 0x00,
    0x18, 0x00, 0x00, 0x00, 0x00, 0x00, 0x00, 0x00, 0x00, 0x00, 0x00, 0x00, 0x00, 0x00, 0x00, 0x00,
    0x00, 0x00, 0x00, 0x00, 0x00, 0x0F, 0x00, 0x0F, 0xC0, 0x0F, 0xF0, 0x0F, 0xFC, 0x07, 0x0E, 0x07,
    0x03, 0x83, 0x01, 0xC1, 0x80, 0x60, 0xC0, 0x30, 0x70, 0x1C, 0x3F, 0xFE, 0x0F, 0xFF, 0x07, 0xFD,
    0x00, 0xF9, 0x80, 0x00, 0xC0, 0x00, 0xE0, 0x00, 0xE0, 0x00, 0xF1, 0x81, 0xF1, 0xFF, 0xF0, 0x7F,
    0xF0, 0x0F, 0xF0, 0x00, 0xC0, 0x00, 0x00, 0x00, 0x00, 0x30, 0x00, 0x3C, 0x00, 0x1E, 0x00, 0x1B,
    0x80, 0x0C, 0xC0, 0x04, 0x30, 0x00, 0x00, 0x00, 0x00, 0x00, 0x00, 0x00, 0x3C, 0x00, 0x3F, 0x00,
    0x3F, 0xC0, 0x3F, 0xF0, 0x1C, 0x38, 0x1C, 0x0E, 0x0C, 0x07, 0x06, 0x01, 0x83, 0x00, 0xC1, 0xC0,
    0x70, 0xFF, 0xF8, 0x3F, 0xFC, 0x1F, 0xF4, 0x03, 0xE6, 0x00, 0x03, 0x00, 0x03, 0x80, 0x03, 0x80,
    0x03, 0xC6, 0x07, 0xC7, 0xFF, 0xC1, 0xFF, 0xC0, 0x3F, 0xC0, 0x03, 0x00, 0x00, 0x00, 0x08, 0x01,
    0x0E, 0x01, 0xCF, 0x81, 0xF7, 0xC0, 0xF1, 0xC0, 0x30, 0x00, 0x00, 0x00, 0x00, 0x00, 0x00, 0xF0,
    0x00, 0xFC, 0x00, 0xFF, 0x00, 0xFF, 0xC0, 0x70, 0xE0, 0x70, 0x38, 0x30, 0x1C, 0x18, 0x06, 0x0C,
    0x03, 0x07, 0x01, 0xC3, 0xFF, 0xE0, 0xFF, 0xF0, 0x7F, 0xD0, 0x0F, 0x98, 0x00, 0x0C, 0x00, 0x0E,
    0x00, 0x0E, 0x00, 0x0F, 0x18, 0x1F, 0x1F, 0xFF, 0x07, 0xFF, 0x00, 0xFF, 0x00, 0x0C, 0x00, 0x00,
    0x00, 0x00, 0x30, 0x00, 0x3C, 0x00, 0x1E, 0x00, 0x06, 0xC0, 0x18, 0xF0, 0x1E, 0x78, 0x0F, 0x38,
    0x03, 0x00, 0x00, 0x00, 0x00, 0x00, 0x00, 0x1E, 0x00, 0x1F, 0x80, 0x1F, 0xE0, 0x1F, 0xF8, 0x0E,
    0x1C, 0x0E, 0x07, 0x06, 0x03, 0x83, 0x00, 0xC1, 0x80, 0x60, 0xE0, 0x38, 0x7F, 0xFC, 0x1F, 0xFE,
    0x0F, 0xFA, 0x01, 0xF3, 0x00, 0x01, 0x80, 0x01, 0xC0, 0x01, 0xC0, 0x01, 0xE3, 0x03, 0xE3, 0xFF,
    0xE0, 0xFF, 0xE0, 0x1F, 0xE0, 0x01, 0x80, 0x00, 0x00, 0x00, 0xF0, 0x00, 0x07, 0xE0, 0x00, 0x3F,
    0x80, 0x01, 0xFE, 0x00, 0x0F, 0x00, 0x00, 0x38, 0x00, 0x01, 0xC0, 0x00, 0x06, 0x00, 0x00, 0x30,
    0x00, 0x00, 0xC0, 0x00, 0x03, 0x00, 0x00, 0x0F, 0x00, 0x40, 0x3F, 0xE3, 0x00, 0x7F, 0xEC, 0x00,
    0xFF, 0xB0, 0x00, 0xFF, 0xC0, 0x00, 0x0F, 0x00, 0x00, 0x6E, 0x00, 0x03, 0xB8, 0x00, 0x3C, 0xF0,
    0x07, 0xE1, 0xFF, 0xFF, 0x03, 0xFF, 0xF0, 0x0F, 0xFF, 0x00, 0x0F, 0xE0, 0x00, 0x00, 0x00, 0x01,
    0xE0, 0x00, 0x00, 0x1F, 0x80, 0x00, 0x01, 0xFC, 0x00, 0x00, 0x1F, 0xE0, 0x00, 0x01, 0xE0, 0x00,
    0x00, 0x0E, 0x00, 0x00, 0x00, 0xE0, 0x00, 0x00, 0x06, 0x00, 0x00, 0x00, 0x60, 0x00, 0x00, 0x03,
    0x00, 0x00, 0x00, 0x18, 0x00, 0x00, 0x00, 0xF0, 0x00, 0x38, 0x07, 0xFC, 0x07, 0xC0, 0x1F, 0xF8,
    0x7E, 0x00, 0x7F, 0xCF, 0xB0, 0x00, 0xFF, 0x71, 0x80, 0x00, 0x1B, 0x0C, 0x00, 0x01, 0x80, 0x70,
    0x00, 0x1C, 0x03, 0x80, 0x03, 0xC0, 0x1E, 0x00, 0xFC, 0x00, 0x7F, 0xFF, 0xC0, 0x01, 0xFF, 0xF8,
    0x00, 0x0F, 0xFF, 0x00, 0x00, 0x1F, 0xC0, 0x00, 0x00, 0x00, 0x3C, 0x00, 0x00, 0x7E, 0x61, 0x80,
    0xFE, 0x71, 0x81, 0xFE, 0x3B, 0x03, 0xC0, 0x3B, 0x03, 0x80, 0x1F, 0x07, 0x00, 0x1E, 0x06, 0x00,
    0x0E, 0x0C, 0x00, 0x00, 0x0C, 0x00, 0x00, 0x0C, 0x00, 0x00, 0x0F, 0x00, 0x10, 0x0F, 0xF8, 0x30,
    0x07, 0xFE, 0x30, 0x03, 0xFE, 0x30, 0x00, 0xFF, 0x30, 0x00, 0x03, 0x30, 0x00, 0x06, 0x38, 0x00,
    0x0E, 0x38, 0x00, 0x3C, 0x3C, 0x01, 0xF8, 0x1F, 0xFF, 0xF0, 0x0F, 0xFF, 0xC0, 0x0F, 0xFF, 0x00,
    0x03, 0xF8, 0x00, 0x00, 0x00, 0x00, 0x30, 0x00, 0x3C, 0x00, 0x3E, 0x00, 0x1F, 0x00, 0x07, 0x00,
    0x00, 0x00, 0x00, 0x00, 0x00, 0x00, 0x00, 0x78, 0x00, 0x7E, 0x00, 0x7F, 0x80, 0x7F, 0xE0, 0x38,
    0x70, 0x38, 0x1C, 0x18, 0x0E, 0x0C, 0x03, 0x06, 0x01, 0x83, 0x80, 0xE1, 0xFF, 0xF0, 0x7F, 0xF8,
    0x3F, 0xE8, 0x07, 0xCC, 0x00, 0x06, 0x00, 0x07, 0x00, 0x07, 0x00, 0x07, 0x8C, 0x0F, 0x8F, 0xFF,
    0x83, 0xFF, 0x80, 0x7F, 0x80, 0x06, 0x00, 0x00, 0x00, 0xF0, 0x00, 0x07, 0xE0, 0x00, 0x3F, 0x80,
    0x01, 0xFE, 0x00, 0x0F, 0x00, 0x00, 0x38, 0x00, 0x01, 0xC0, 0x00, 0x06, 0x00, 0x00, 0x30, 0x00,
    0x00, 0xC0, 0x00, 0x03, 0x00, 0x00, 0x0F, 0x00, 0x40, 0x3F, 0xE3, 0x00, 0x7F, 0xEC, 0x00, 0xFF,
    0xB0, 0x00, 0xFF, 0xC0, 0x00, 0x0F, 0x00, 0x00, 0x6E, 0x00, 0x03, 0xB8, 0x00, 0x3C, 0xF0, 0x07,
    0xE1, 0xFF, 0xFF, 0x03, 0xFF, 0xF0, 0x0F, 0xFF, 0x00, 0x0F, 0xE0, 0x00, 0x00, 0x00, 0x00, 0x0C,
    0x00, 0x00, 0x78, 0x00, 0x03, 0xE0, 0x00, 0x07, 0x00, 0x00, 0x00, 0x00, 0x00, 0x30, 0x00, 0x01,
    0xE0, 0x00, 0x07, 0x80, 0x00, 0x0C, 0x00, 0x00, 0x00, 0x00, 0x00, 0x00, 0xF0, 0x00, 0x07, 0xE0,
    0x00, 0x3F, 0x80, 0x01, 0xFE, 0x00, 0x0F, 0x00, 0x00, 0x38, 0x00, 0x01, 0xC0, 0x00, 0x06, 0x00,
    0x00, 0x30, 0x00, 0x00, 0xC0, 0x00, 0x03, 0x00, 0x00, 0x0F, 0x00, 0x40, 0x3F, 0xE3, 0x00, 0x7F,
    0xEC, 0x00, 0xFF, 0xB0, 0x00, 0xFF, 0xC0, 0x00, 0x0F, 0x00, 0x00, 0x6E, 0x00, 0x03, 0xB8, 0x00,
    0x3C, 0xF0, 0x07, 0xE1, 0xFF, 0xFF, 0x03, 0xFF, 0xF0, 0x0F, 0xFF, 0x00, 0x0F, 0xE0, 0x00, 0x00,
    0x00, 0x00, 0x01, 0x80, 0x01, 0x8F, 0x00, 0x0F, 0x3C, 0x00, 0x3C, 0x60, 0x00, 0x6C, 0x00, 0x00,
    0x78, 0x00, 0x01, 0xE0, 0x00, 0x03, 0x00, 0x00, 0x00, 0x00, 0x00, 0x00, 0x00, 0x00, 0x00, 0x00,
    0xC0, 0x00, 0x00, 0x0E, 0x00, 0x00, 0x03, 0xE0, 0x00, 0x00, 0x7E, 0x00, 0x00, 0x0F, 0xC0, 0x00,
    0x00, 0xF0, 0x00, 0x00, 0x0E, 0x00, 0x00, 0x00, 0x60, 0x00, 0x00, 0x07, 0xC0, 0x00, 0x07, 0xBF,
    0xFF, 0xFF, 0xFF, 0xFF, 0xFF, 0xFF, 0xEF, 0xFF, 0xFF, 0xFC, 0x0F, 0xFF, 0xFF, 0x00, 0x03, 0x80,
    0x00, 0x00, 0x3E, 0x00, 0x00, 0x03, 0xA0, 0x00, 0x00, 0x18, 0x00, 0x00, 0x00, 0xE4, 0x00, 0x00,
    0x03, 0xE0, 0x00, 0x00, 0x3E, 0x00, 0x00, 0x01, 0x80, 0x00, 0x00, 0x00, 0x00, 0x00, 0x00, 0x00,
    0xC0, 0x00, 0x00, 0x0E, 0x00, 0x00, 0x01, 0xE0, 0x00, 0x00, 0x7E, 0x00, 0x00, 0x0F, 0xE0, 0x00,
    0x00, 0xF8, 0x00, 0x00, 0x0E, 0x00, 0x00, 0x00, 0x60, 0x00, 0x00, 0x07, 0xC0, 0x00, 0x07, 0xBF,
    0xFF, 0xFF, 0xFF, 0xFF, 0xFF, 0xFF, 0xEF, 0xFF, 0xFF, 0xFC, 0x0F, 0xFF, 0xFF, 0x00, 0x1F, 0x8F,
    0xE7, 0xF9, 0xFC, 0x00, 0x01, 0xC0, 0x1E, 0x01, 0xF0, 0x0F, 0x81, 0xFC, 0x3B, 0xE3, 0x1E, 0x60,
    0xF6, 0x07, 0xC0, 0x7C, 0x07, 0xC0, 0x3E, 0x06, 0xFF, 0xEF, 0xFC, 0x7F, 0xC3, 0xF0, 0x02, 0x00,
    0x00, 0x10, 0x00, 0x00, 0x80, 0x00, 0x04, 0x00, 0x00, 0x20, 0x00, 0x01, 0x00, 0x70, 0x08, 0x06,
    0xC0, 0x40, 0x43, 0x02, 0x1A, 0x10, 0x11, 0xE1, 0x8F, 0xFF, 0xF0, 0xE0, 0x00, 0x0C, 0x00, 0x00,
    0x7F, 0xF0, 0x00, 0x00, 0x00, 0x01, 0x24, 0x01, 0x34, 0x01, 0x00, 0x01, 0x1C, 0x01, 0x36, 0x01,
    0x22, 0x01, 0x3F, 0x01, 0x02, 0x03, 0x06, 0x1F, 0xFC, 0x70, 0x00, 0x40, 0x00, 0x7F, 0xC0, 0x00,
    0x01, 0x81, 0x60, 0x90, 0xE8, 0x7C, 0x60, 0xE0, 0x00, 0x00, 0x02, 0x06, 0x02, 0xC2, 0x72, 0x1A,
    0x0E, 0x06, 0x0E, 0x18, 0x3E, 0x7C, 0x13, 0xE1, 0xE0, 0xC0, 0x60, 0x11, 0x84, 0x41, 0x00, 0x60,
    0x0F, 0xE0, 0x00, 0x00, 0x18, 0x38, 0x18, 0x66, 0xE7, 0x62, 0x00, 0x00, 0x00, 0x00, 0x08, 0x00,
    0xB0, 0x11, 0x20, 0x22, 0x50, 0x7F, 0xA0, 0x40, 0x41, 0x00, 0xC6, 0x00, 0xF0, 0x00, 0x00, 0x00,
    0x00, 0x00, 0x01, 0x00, 0x00, 0x00, 0x00, 0x00, 0x07, 0x00, 0x00, 0x00, 0x00, 0x00, 0x1F, 0x00,
    0x00, 0x00, 0x00, 0x00, 0xFF, 0x80, 0x00, 0x00, 0x00, 0x1F, 0xC7, 0xE0, 0x00, 0x00, 0x00, 0xFF,
    0x07, 0xF8, 0x00, 0x00, 0x07, 0x86, 0x0C, 0x3C, 0x00, 0x00, 0x3C, 0x0C, 0x38, 0x1C, 0x00, 0x00,
    0xE0, 0x7F, 0xFC, 0x0E, 0x00, 0x03, 0x87, 0xFF, 0xFF, 0x0E, 0x00, 0x0E, 0x1E, 0x04, 0x0F, 0x0E,
    0x00, 0x3C, 0xE0, 0x00, 0x07, 0x9E, 0x00, 0xFF, 0x80, 0x00, 0x03, 0xFE, 0x03, 0xFC, 0x00, 0x00,
    0x03, 0xFE, 0x07, 0xF0, 0x00, 0x00, 0x01, 0xFE, 0x1F, 0x80, 0x00, 0x00, 0x00, 0xFC, 0x3E, 0x00,
    0x00, 0x00, 0x00, 0xF8, 0x38, 0x00, 0x00, 0x00, 0x00, 0xF0, 0xF0, 0x00, 0x00, 0x00, 0x01, 0xE1,
    0xC0, 0x00, 0x00, 0x00, 0x01, 0xE7, 0x00, 0x00, 0x00, 0x00, 0x03, 0xCE, 0x00, 0x00, 0x00, 0x00,
    0x03, 0x9C, 0x00, 0x00, 0x00, 0x00, 0x07, 0x78, 0x00, 0x00, 0x00, 0x00, 0x0F, 0xE0, 0x00, 0x00,
    0x00, 0x00, 0x0F, 0xC0, 0x00, 0x00, 0x00, 0x00, 0x1F, 0x80, 0x00, 0x00, 0x00, 0x00, 0x3F, 0x00,
    0x00, 0x00, 0x00, 0x00, 0x7E, 0x00, 0x00, 0x00, 0x00, 0x00, 0xFC, 0x00, 0x00, 0x00, 0x00, 0x01,
    0xF8, 0x00, 0x00, 0x00, 0x00, 0x03, 0xF0, 0x00, 0x00, 0x00, 0x00, 0x07, 0xF0, 0x00, 0x00, 0x00,
    0x00, 0x1E, 0xE0, 0x00, 0x00, 0x00, 0x00, 0x39, 0xC0, 0x00, 0x00, 0x00, 0x00, 0x73, 0xC0, 0x00,
    0x00, 0x00, 0x01, 0xE3, 0x80, 0x00, 0x00, 0x00, 0x03, 0xC7, 0x80, 0x00, 0x00, 0x00, 0x0F, 0x07,
    0x00, 0x00, 0x00, 0x00, 0x1E, 0x1F, 0x00, 0x00, 0x00, 0x00, 0x7C, 0x3F, 0x00, 0x00, 0x00, 0x01,
    0xF8, 0x3F, 0xC0, 0x00, 0x00, 0x1F, 0xF0, 0x7F, 0xC0, 0x00, 0x00, 0x7F, 0xC0, 0x7F, 0xC0, 0x00,
    0x01, 0xFF, 0x00, 0x79, 0xC0, 0x00, 0x0F, 0x3C, 0x00, 0x70, 0xE0, 0x20, 0x78, 0x70, 0x00, 0x70,
    0xFF, 0xFF, 0xE1, 0xC0, 0x00, 0x70, 0x3F, 0xFE, 0x07, 0x00, 0x00, 0x78, 0x18, 0x70, 0x3C, 0x00,
    0x00, 0x3C, 0x30, 0x61, 0xE0, 0x00, 0x00, 0x1F, 0xE0, 0xFF, 0x00, 0x00, 0x00, 0x07, 0xE3, 0xF0,
    0x00, 0x00, 0x00, 0x01, 0xFF, 0x00, 0x00, 0x00, 0x00, 0x00, 0xF8, 0x00, 0x00, 0x00, 0x00, 0x00,
    0xE0, 0x00, 0x00, 0x00, 0x00, 0x00, 0x00, 0x00, 0x00, 0x00, 0x00, 0x00, 0x00, 0x00, 0x00, 0x00,
    0xC0, 0x00, 0x00, 0x00, 0x07, 0x80, 0x00, 0x00, 0x00, 0x33, 0x00, 0x00, 0x00, 0x01, 0x86, 0x00,
    0x00, 0x00, 0x0C, 0x0C, 0x00, 0x00, 0x3F, 0xFF, 0xFF, 0xF0, 0x00, 0xC3, 0x00, 0x30, 0xC0, 0x03,
    0x18, 0x00, 0x63, 0x00, 0x0C, 0xC0, 0x00, 0xCC, 0x00, 0x36, 0x00, 0x01, 0xB0, 0x00, 0xF0, 0x00,
    0x03, 0xC0, 0x03, 0x80, 0x00, 0x07, 0x00, 0x0C, 0x00, 0x00, 0x0C, 0x00, 0x70, 0x00, 0x00, 0x38,
    0x03, 0xC0, 0x1E, 0x00, 0xF0, 0x1B, 0x00, 0xCC, 0x03, 0x60, 0xCC, 0x06, 0x18, 0x0C, 0xC6, 0x30,
    0x18, 0x60, 0x31, 0x98, 0xC0, 0x61, 0x80, 0xC6, 0x33, 0x01, 0x86, 0x03, 0x30, 0x6C, 0x03, 0x30,
    0x0D, 0x80, 0xF0, 0x07, 0x80, 0x3C, 0x01, 0xC0, 0x00, 0x00, 0xE0, 0x03, 0x00, 0x00, 0x03, 0x00,
    0x0E, 0x00, 0x00, 0x1C, 0x00, 0x3C, 0x00, 0x00, 0xF0, 0x00, 0xD8, 0x00, 0x06, 0xC0, 0x03, 0x30,
    0x00, 0x33, 0x00, 0x0C, 0x60, 0x01, 0x8C, 0x00, 0x30, 0xC0, 0x0C, 0x30, 0x00, 0xFF, 0xFF, 0xFF,
    0xC0, 0x00, 0x03, 0x03, 0x00, 0x00, 0x00, 0x06, 0x18, 0x00, 0x00, 0x00, 0x0C, 0xC0, 0x00, 0x00,
    0x00, 0x1E, 0x00, 0x00, 0x00, 0x00, 0x30, 0x00, 0x00, 0x00, 0x00, 0x00, 0x00, 0x00, 0x76, 0xE3,
    0xB7, 0x00, 0x76, 0xE3, 0x18, 0xED, 0xC0, 0x1C, 0x3F, 0x7E, 0x06, 0x0C, 0x78, 0x30, 0x31, 0xC9,
    0x83, 0x7F, 0x08, 0x20, 0x82, 0x08, 0x00, 0x00, 0x00, 0x00, 0x08, 0x00, 0xB0, 0x11, 0x20, 0x22,
    0x50, 0x7F, 0xA0, 0x40, 0x41, 0x00, 0xC6, 0x00, 0xF0, 0x00, 0x00, 0x00, 0x00, 0x01, 0xE1, 0x9F,
    0xFD, 0x9F, 0x80, 0x00, 0x00, 0x1C, 0x3E, 0x33, 0x33, 0x3F, 0x1F, 0x07, 0x7E, 0x3C, 0x08, 0x07,
    0x01, 0x80, 0x60, 0x3F, 0xFC, 0x08, 0x06, 0x03, 0x80, 0x60, 0x3F, 0xFC, 0x00, 0x32, 0x36, 0x06,
    0x87, 0x83, 0x83, 0xC6, 0xFE, 0x78, 0x00, 0x00, 0x00, 0x0E, 0x00, 0x01, 0xB0, 0x00, 0x31, 0x80,
    0x06, 0x6C, 0x00, 0xCB, 0x60, 0x09, 0x1B, 0x01, 0x2E, 0xC8, 0x24, 0x96, 0x44, 0x90, 0x92, 0xDA,
    0x0D, 0xB6, 0xD1, 0xB6, 0x27, 0x16, 0x41, 0x31, 0x48, 0x0B, 0x15, 0x00, 0xB1, 0x50, 0x0B, 0x15,
    0x00, 0xB1, 0x50, 0x0B, 0x15, 0x00, 0xB1, 0x50, 0x0B, 0x15, 0x00, 0xB1, 0x50, 0x0B, 0x15, 0x00,
    0xB1, 0x50, 0x0B, 0xF5, 0x01, 0xA0, 0x58, 0x33, 0xFC, 0xC6, 0x00, 0x06, 0xFF, 0xFF, 0xF0, 0x00,
    0xC4, 0xA2, 0x50, 0x80, 0x01, 0xCC, 0xB2, 0x70, 0x80, 0x7B, 0xFF, 0xFF, 0xFD, 0xE0, 0x31, 0xC9,
    0x83, 0x7F, 0x08, 0x20, 0x82, 0x08, 0x00, 0x00, 0x80, 0x07, 0x00, 0x3C, 0x00, 0xB8, 0x06, 0x60,
    0x19, 0xC0, 0x42, 0x00, 0x00, 0x00, 0x00, 0x01, 0x00, 0x0E, 0x00, 0x38, 0x00, 0xE0, 0x03, 0xC0,
    0x07, 0x00, 0x1E, 0x00, 0x38, 0x00, 0xF0, 0x01, 0xC0, 0x07, 0x00, 0x0F, 0x00, 0x3F, 0xFF, 0xBF,
    0xFE, 0xFF, 0xF1, 0xFF, 0x00, 0x00, 0x20, 0x00, 0x70, 0x00, 0xF0, 0x00, 0xF8, 0x01, 0x98, 0x01,
    0x9C, 0x01, 0x04, 0x00, 0x00, 0x00, 0x00, 0x00, 0x18, 0x00, 0x38, 0x00, 0x38, 0x00, 0x3C, 0x00,
    0x3C, 0x00, 0x1C, 0x00, 0x1E, 0x00, 0x1E, 0x00, 0x0E, 0x00, 0x06, 0x00, 0x07, 0x00, 0x03, 0x00,
    0x03, 0x00, 0x06, 0x00, 0x06, 0x00, 0x0E, 0x00, 0x0E, 0x00, 0x1C, 0x00, 0x7C, 0x7F, 0xF8, 0x7F,
    0xF0, 0x3F, 0xE0, 0x0F, 0x80, 0x00, 0x60, 0xE3, 0xF7, 0xEF, 0xCF, 0x04, 0x00, 0x20, 0xC1, 0xC7,
    0x87, 0x8F, 0x0E, 0x1E, 0x1C, 0x38, 0x70, 0x70, 0xE1, 0xC3, 0x83, 0x06, 0x0C, 0x18, 0x30, 0x60,
    0xC1, 0x83, 0x60, 0x1B, 0x00, 0xFC, 0x07, 0xE0, 0x7F, 0x03, 0xBF, 0xF9, 0xFF, 0xC7, 0xFC, 0x3F,
    0xC1, 0xE0, 0x07, 0x00, 0x38, 0x01, 0xE0, 0x07, 0x00, 0x38, 0x01, 0xC0, 0x0E, 0x00, 0x70, 0x03,
    0x80, 0x1C, 0x00, 0xE0, 0x07, 0x00, 0x38, 0x00, 0x80, 0x00, 0x00, 0x20, 0x63, 0x70, 0x63, 0xF0,
    0x63, 0xF0, 0x67, 0x78, 0x7F, 0x7F, 0xFE, 0x3F, 0xFE, 0x3F, 0xC8, 0x1F, 0x80, 0x1C, 0x00, 0x1C,
    0x00, 0x0E, 0x00, 0x0E, 0x00, 0x0E, 0x00, 0x0E, 0x00, 0x0E, 0x00, 0x0E, 0x00, 0x06, 0x00, 0x06,
    0x00, 0x06, 0x00, 0x06, 0x00, 0x06, 0x00, 0x06, 0x00, 0x06, 0x00, 0x00, 0x70, 0x60, 0xF8, 0x70,
    0xFC, 0xF1, 0xC4, 0x79, 0x80, 0x79, 0xC0, 0x3D, 0xFF, 0x3F, 0xFE, 0x3F, 0xFE, 0x1F, 0xF8, 0x1E,
    0x00, 0x1E, 0x00, 0x0E, 0x00, 0x0E, 0x00, 0x0E, 0x00, 0x0E, 0x00, 0x0E, 0x00, 0x06, 0x00, 0x06,
    0x00, 0x06, 0x00, 0x06, 0x00, 0x06, 0x00, 0x06, 0x00, 0x06, 0x00, 0x00, 0x00, 0x04, 0x00, 0x0C,
    0x00, 0x1C, 0x00, 0x3C, 0x00, 0x7C, 0x01, 0xFC, 0x03, 0xFC, 0x0E, 0x78, 0x38, 0x78, 0x60, 0xF9,
    0xC0, 0xF3, 0x00, 0xE6, 0x01, 0xFC, 0x01, 0xF0, 0x03, 0xE0, 0x03, 0xC0, 0x07, 0x82, 0x0F, 0x06,
    0x1F, 0x1C, 0x7F, 0xFF, 0xCF, 0xFF, 0x9F, 0xFE, 0x0F, 0x78, 0x03, 0x00, 0x0F, 0xC0, 0x1F, 0xF0,
    0x3F, 0xF8, 0x38, 0x38, 0x60, 0x00, 0x60, 0x00, 0x60, 0x00, 0x70, 0x06, 0x78, 0x1F, 0x7F, 0xFE,
    0x3F, 0xFC, 0x1F, 0xF8, 0x07, 0xE0, 0x07, 0xC0, 0x0F, 0x80, 0x0F, 0x00, 0x1E, 0x00, 0x3C, 0x00,
    0x38, 0x00, 0x70, 0x00, 0x70, 0x00, 0x60, 0x00, 0x40, 0x00, 0x00, 0x00, 0x00, 0x00, 0x18, 0x00,
    0x4E, 0x00, 0x3B, 0xC0, 0x0E, 0xF0, 0x03, 0x9E, 0x01, 0xE7, 0x80, 0x70, 0xF0, 0x3C, 0x3C, 0x0E,
    0x07, 0x03, 0x81, 0xE0, 0xC0, 0x38, 0x70, 0x0E, 0x1C, 0x03, 0xC6, 0x00, 0x73, 0x80, 0x1C, 0xE0,
    0x03, 0xB0, 0x00, 0xEC, 0x00, 0x3F, 0x00, 0x07, 0x80, 0x01, 0xE0, 0x00, 0x78, 0x00, 0x0C, 0x00,
    0x02, 0x00, 0x00, 0x00, 0x00, 0x30, 0x00, 0x1E, 0x00, 0x07, 0x80, 0x01, 0xE0, 0x00, 0x7C, 0x00,
    0x37, 0x00, 0x0D, 0xC0, 0x03, 0x78, 0x01, 0xCE, 0x00, 0x73, 0x80, 0x18, 0xF0, 0x0E, 0x1C, 0x03,
    0x87, 0x81, 0xC1, 0xE0, 0x70, 0x3C, 0x1C, 0x0F, 0x0E, 0x01, 0xE3, 0x80, 0x79, 0xE0, 0x1F, 0x70,
    0x03, 0xDC, 0x00, 0xF6, 0x00, 0x1C, 0x80, 0x02, 0x1E, 0x00, 0xFC, 0x07, 0xF8, 0x1F, 0xE0, 0xE1,
    0xC3, 0x07, 0x0C, 0x0C, 0x38, 0x30, 0xFF, 0xC1, 0xFF, 0x07, 0xFC, 0x07, 0xF0, 0x00, 0xC0, 0x03,
    0x80, 0x0E, 0x00, 0x18, 0x00, 0x60, 0x01, 0xC0, 0x07, 0x00, 0x1C, 0x00, 0x38, 0x00, 0xE0, 0x03,
    0x80, 0x04, 0x00, 0x00, 0x00, 0x00, 0x00, 0x00, 0x00, 0x00, 0x00, 0x00, 0xC0, 0x00, 0x00, 0x00,
    0x07, 0x80, 0x00, 0x00, 0x00, 0x1E, 0x00, 0x00, 0x00, 0x00, 0xB6, 0x00, 0x00, 0x00, 0x07, 0x3C,
    0x00, 0x00, 0x00, 0x3C, 0xF0, 0x00, 0x00, 0x00, 0x71, 0x80, 0x00, 0x00, 0x00, 0x80, 0x10, 0x00,
    0x00, 0x00, 0x00, 0xC0, 0x00, 0x00, 0x00, 0x07, 0x00, 0x00, 0x00, 0x02, 0x1E, 0x00, 0x00, 0x00,
    0x1C, 0x78, 0x00, 0x03, 0x00, 0x60, 0xE0, 0x00, 0x1C, 0x03, 0x83, 0x80, 0x00, 0x78, 0x0E, 0x0E,
    0x00, 0x01, 0xE0, 0x30, 0x1C, 0x00, 0x07, 0x81, 0xF0, 0x70, 0x00, 0x1F, 0xFF, 0xFF, 0x80, 0x00,
    0x3F, 0xFF, 0xFE, 0xC0, 0x00, 0xFF, 0xEF, 0xFB, 0x00, 0x03, 0xFF, 0x0F, 0xCC, 0x00, 0x07, 0x00,
    0x00, 0x30, 0x00, 0x1C, 0x00, 0x00, 0xC0, 0x00, 0x20, 0x00, 0x03, 0x00, 0x01, 0x80, 0x40, 0x0E,
    0x00, 0x0E, 0x03, 0x80, 0x38, 0x00, 0xF0, 0x1F, 0x00, 0xF0, 0x0F, 0x80, 0x7C, 0x01, 0xFF, 0xFC,
    0x00, 0xE0, 0x03, 0xFF, 0xE0, 0x01, 0x00, 0x07, 0xFF, 0x00, 0x00, 0x00, 0x0F, 0xE0, 0x00, 0x00,
    0x00, 0x00, 0x00, 0x00, 0x00, 0x00, 0x00, 0x00, 0x00, 0x18, 0x00, 0x00, 0x00, 0x00, 0x1F, 0x00,
    0x00, 0x00, 0x00, 0x0F, 0x80, 0x00, 0x00, 0x00, 0x07, 0x80, 0x00, 0x00, 0x00, 0x01, 0x80, 0x00,
    0x00, 0x00, 0x00, 0x00, 0x00, 0x00, 0x00, 0x00, 0x00, 0x00, 0x00, 0x00, 0x00, 0x00, 0x00, 0x00,
    0x00, 0x00, 0x00, 0x00, 0x00, 0x00, 0x00, 0x00, 0xF8, 0x00, 0x00, 0x00, 0x00, 0xFF, 0x00, 0x00,
    0x00, 0x01, 0xFF, 0xC0, 0x00, 0x00, 0x01, 0xFF, 0xF0, 0x00, 0x00, 0x01, 0xE0, 0x7C, 0x00, 0x00,
    0x01, 0xE0, 0x1F, 0x00, 0x00, 0xC1, 0xC0, 0x07, 0x80, 0x00, 0xE1, 0xC0, 0x01, 0x80, 0x00, 0x79,
    0xC0, 0x00, 0xC0, 0x00, 0x3D, 0xC0, 0x01, 0xE0, 0x00, 0x1F, 0xC0, 0x07, 0xE0, 0x00, 0x0F, 0xFF,
    0xFF, 0xE0, 0x00, 0x03, 0xFF, 0xFF, 0xE1, 0x80, 0x01, 0xFF, 0xFF, 0xC0, 0xC0, 0x00, 0xF7, 0xFF,
    0x00, 0x60, 0x00, 0x38, 0x00, 0x00, 0x30, 0x00, 0x1C, 0x00, 0x00, 0x18, 0x00, 0x04, 0x00, 0x00,
    0x0C, 0x00, 0x06, 0x00, 0x40, 0x07, 0x00, 0x07, 0x00, 0x70, 0x03, 0x80, 0x0F, 0x00, 0x7C, 0x01,
    0xE0, 0x1F, 0x00, 0x3C, 0x00, 0x7F, 0xFF, 0x00, 0x0E, 0x00, 0x1F, 0xFF, 0x00, 0x02, 0x00, 0x07,
    0xFF, 0x00, 0x00, 0x00, 0x01, 0xFC, 0x00, 0x00, 0x00, 0x00, 0x00, 0x00, 0x00, 0x06, 0x00, 0x00,
    0x0F, 0x00, 0x00, 0x1F, 0x80, 0x00, 0x0F, 0x00, 0x00, 0x06, 0x00, 0x00, 0x00, 0x00, 0x00, 0x00,
    0x00, 0x00, 0x00, 0x00, 0x00, 0x02, 0x00, 0x00, 0x0F, 0xC0, 0x00, 0x1F, 0xE0, 0x00, 0x3F, 0xF0,
    0x00, 0x78, 0x30, 0x00, 0x40, 0x00, 0x00, 0xC0, 0x00, 0x00, 0xC0, 0x00, 0x00, 0xE0, 0x00, 0x00,
    0xF0, 0x07, 0x80, 0xF8, 0x1F, 0x00, 0x7F, 0x7F, 0x00, 0x7F, 0xFC, 0x00, 0x1F, 0xF0, 0x00, 0x0F,
    0xC0, 0x00, 0x0F, 0x00, 0x00, 0x1C, 0x00, 0x00, 0x18, 0x00, 0x00, 0x30, 0x08, 0x00, 0x30, 0x1C,
    0x00, 0x60, 0x3E, 0x00, 0x60, 0x3E, 0x00, 0x60, 0x3C, 0x00, 0x60, 0x08, 0x00, 0x70, 0x00, 0x00,
    0x70, 0x00, 0x00, 0x38, 0x00, 0x00, 0x3E, 0x00, 0x02, 0x1F, 0xFF, 0xFE, 0x0F, 0xFF, 0xFC, 0x07,
    0xFF, 0xF0, 0x00, 0xFF, 0x80, 0x00, 0x80, 0x07, 0xE0, 0x0F, 0xE0, 0x1F, 0xF0, 0x1E, 0x30, 0x38,
    0x20, 0x30, 0x00, 0x30, 0x00, 0x38, 0x00, 0x1E, 0x7E, 0x1F, 0xFF, 0x3F, 0xFE, 0xFF, 0xC0, 0xF0,
    0x00, 0x00, 0x00, 0x00, 0x00, 0x00, 0x00, 0x02, 0x40, 0x06, 0xC0, 0x06, 0xC0, 0x02, 0x60, 0x02,
    0x60, 0x02, 0x60, 0x02, 0x40, 0x00, 0x00, 0x01, 0x00, 0x03, 0xE0, 0x03, 0xF8, 0x03, 0xFE, 0x01,
    0xCF, 0x81, 0x83, 0xC0, 0xC0, 0xF0, 0x00, 0x3C, 0x00, 0x1F, 0x00, 0x7F, 0x8F, 0xFF, 0x8F, 0xFF,
    0xC7, 0xFF, 0xE3, 0xE0, 0x03, 0x00, 0x01, 0x80, 0x00, 0xC0, 0x00, 0x30, 0xC8, 0x18, 0x6C, 0x0C,
    0x32, 0x06, 0x09, 0x03, 0x04, 0x81, 0x82, 0x40, 0xE1, 0x20, 0x70, 0x00, 0x38, 0x00, 0x1C, 0x00,
    0x08, 0x00, 0x00, 0x00, 0x00, 0x00, 0x00, 0x1C, 0x00, 0x00, 0x1C, 0x00, 0x00, 0x3C, 0x00, 0x00,
    0x2E, 0x00, 0x00, 0x67, 0x00, 0x00, 0x63, 0x00, 0x00, 0x00, 0x00, 0x00, 0x00, 0x00, 0x00, 0x00,
    0x00, 0x00, 0x00, 0x00, 0x00, 0x1C, 0x00, 0x00, 0x1F, 0x00, 0x00, 0x3F, 0xC0, 0x00, 0x7F, 0xE0,
    0x00, 0xFF, 0xF0, 0x00, 0xE7, 0xF8, 0x01, 0xC3, 0xBC, 0x01, 0x81, 0x9C, 0x01, 0x81, 0x9E, 0x01,
    0x81, 0x8E, 0x01, 0xC3, 0x87, 0x01, 0xE3, 0x07, 0x00, 0xFF, 0x07, 0x00, 0x7F, 0x03, 0x7F, 0xFF,
    0xC3, 0xFF, 0xFF, 0xFE, 0x3F, 0xF7, 0xFE, 0x0F, 0xC0, 0xFC, 0x00, 0x00, 0x0C, 0x00, 0x00, 0x00,
    0x40, 0x00, 0x00, 0x18, 0x00, 0x00, 0x07, 0x00, 0x00, 0x00, 0xE0, 0x00, 0x00, 0x1E, 0x80, 0x00,
    0x03, 0xF0, 0x00, 0x00, 0x3E, 0x00, 0x00, 0x07, 0xC0, 0x00, 0x00, 0xF8, 0x00, 0x00, 0x0F, 0x80,
    0x00, 0x01, 0xF0, 0x00, 0x00, 0xFF, 0x80, 0x01, 0xFC, 0xFF, 0xFF, 0xFF, 0x0F, 0xFF, 0xFF, 0xC0,
    0xFF, 0xFF, 0xC0, 0x07, 0xFF, 0x80, 0x00, 0x00, 0x00, 0x00, 0x00, 0x00, 0x00, 0x00, 0x00, 0x00,
    0x00, 0x00, 0x8C, 0x00, 0x03, 0xBB, 0xC0, 0x00, 0x77, 0x30, 0x00, 0x04, 0x40, 0x00, 0x00, 0x00,
    0x00, 0x00, 0x00, 0x00, 0x00, 0x00, 0x01, 0x00, 0x00, 0x00, 0x70, 0x00, 0x00, 0x1E, 0x00, 0x00,
    0x05, 0x90, 0x00, 0x01, 0xC7, 0x00, 0x80, 0x7D, 0xE0, 0x30, 0x07, 0x1C, 0x0E, 0x00, 0x40, 0x01,
    0xC0, 0x00, 0x00, 0x3D, 0x00, 0x00, 0x07, 0xE0, 0x00, 0x00, 0x7C, 0x00, 0x00, 0x0F, 0x80, 0x00,
    0x01, 0xF0, 0x00, 0x00, 0x1F, 0x00, 0x00, 0x03, 0xE0, 0x00, 0x01, 0xFF, 0x00, 0x03, 0xF9, 0xFF,
    0xFF, 0xFE, 0x1F, 0xFF, 0xFF, 0x81, 0xFF, 0xFF, 0x80, 0x0F, 0xFF, 0x00, 0x00, 0x00, 0x00, 0x00,
    0x00, 0x00, 0x00, 0x00, 0x00, 0x00, 0x00, 0x01, 0x80, 0x00, 0x00, 0x78, 0x00, 0x00, 0x1F, 0x80,
    0x00, 0x03, 0xE0, 0x00, 0x00, 0x38, 0x00, 0x00, 0x00, 0x00, 0x00, 0x00, 0x00, 0x00, 0x40, 0x00,
    0x00, 0x18, 0x00, 0x00, 0x07, 0x00, 0x00, 0x00, 0xE0, 0x00, 0x00, 0x1E, 0x80, 0x00, 0x03, 0xF0,
    0x00, 0x00, 0x3E, 0x00, 0x00, 0x07, 0xC0, 0x00, 0x00, 0xF8, 0x00, 0x00, 0x0F, 0x80, 0x00, 0x01,
    0xF0, 0x00, 0x00, 0xFF, 0x80, 0x01, 0xFC, 0xFF, 0xFF, 0xFF, 0x0F, 0xFF, 0xFF, 0xC0, 0xFF, 0xFF,
    0xC0, 0x07, 0xFF, 0x80, 0x00, 0x00, 0x00, 0x00, 0x00, 0x00, 0x00, 0x00, 0x00, 0x00, 0x00, 0x00,
    0xC0, 0x00, 0x00, 0x3C, 0x00, 0x00, 0x07, 0x00, 0x00, 0x03, 0x0C, 0x00, 0x00, 0xF3, 0xC0, 0x00,
    0x1E, 0x78, 0x00, 0x03, 0x86, 0x00, 0x00, 0x00, 0x00, 0x00, 0x00, 0x01, 0x00, 0x00, 0x18, 0x70,
    0x00, 0x07, 0x9F, 0x01, 0x01, 0xF3, 0xC0, 0x60, 0x1E, 0x30, 0x1C, 0x01, 0x80, 0x03, 0x80, 0x00,
    0x00, 0x7A, 0x00, 0x00, 0x0F, 0xC0, 0x00, 0x00, 0xF8, 0x00, 0x00, 0x1F, 0x00, 0x00, 0x03, 0xE0,
    0x00, 0x00, 0x3E, 0x00, 0x00, 0x07, 0xC0, 0x00, 0x03, 0xFE, 0x00, 0x07, 0xF3, 0xFF, 0xFF, 0xFC,
    0x3F, 0xFF, 0xFF, 0x03, 0xFF, 0xFF, 0x00, 0x1F, 0xFE, 0x00, 0x00, 0x00, 0x00, 0x00, 0x00, 0x00,
    0x00, 0x00, 0x00, 0x00, 0x00, 0x03, 0x00, 0x00, 0x00, 0xF0, 0x00, 0x00, 0x1C, 0x00, 0x00, 0x0C,
    0x30, 0x00, 0x03, 0xCF, 0x00, 0x00, 0x79, 0xE0, 0x00, 0x0E, 0x18, 0x00, 0x00, 0x00, 0x00, 0x00,
    0x00, 0x00, 0x00, 0x00, 0x03, 0x00, 0x00, 0x00, 0xF0, 0x00, 0x00, 0x3F, 0x00, 0x20, 0x03, 0xC0,
    0x0C, 0x00, 0x30, 0x03, 0x80, 0x00, 0x00, 0x70, 0x00, 0x00, 0x0F, 0x40, 0x00, 0x01, 0xF8, 0x00,
    0x00, 0x1F, 0x00, 0x00, 0x03, 0xE0, 0x00, 0x00, 0x7C, 0x00, 0x00, 0x07, 0xC0, 0x00, 0x00, 0xF8,
    0x00, 0x00, 0x7F, 0xC0, 0x00, 0xFE, 0x7F, 0xFF, 0xFF, 0x87, 0xFF, 0xFF, 0xE0, 0x7F, 0xFF, 0xE0,
    0x03, 0xFF, 0xC0, 0x00, 0x00, 0x00, 0x00, 0x00, 0x00, 0x00, 0x00, 0x00, 0x20, 0x00, 0x03, 0x0E,
    0x00, 0x00, 0xF3, 0xE0, 0x00, 0x3E, 0x78, 0x00, 0x03, 0xC6, 0x00, 0x00, 0x30, 0x00, 0x00, 0x00,
    0x00, 0x00, 0x00, 0x00, 0x00, 0x40, 0x00, 0x00, 0x18, 0x00, 0x00, 0x07, 0x00, 0x00, 0x00, 0xE0,
    0x00, 0x00, 0x1E, 0x80, 0x00, 0x03, 0xF0, 0x00, 0x00, 0x3E, 0x00, 0x00, 0x07, 0xC0, 0x00, 0x00,
    0xF8, 0x00, 0x00, 0x0F, 0x80, 0x00, 0x01, 0xF0, 0x00, 0x00, 0xFF, 0x80, 0x01, 0xFC, 0xFF, 0xFF,
    0xFF, 0x0F, 0xFF, 0xFF, 0xC0, 0xFF, 0xFF, 0xC0, 0x07, 0xFF, 0x80, 0x00, 0x00, 0x00, 0x00, 0x00,
    0x00, 0x00, 0x00, 0x00, 0x00, 0x00, 0x00, 0xC0, 0x00, 0x00, 0x3C, 0x00, 0x00, 0x07, 0x80, 0x00,
    0x01, 0xB8, 0x00, 0x00, 0x33, 0x00, 0x00, 0x0C, 0x70, 0x00, 0x00, 0x00, 0x00, 0x00, 0x00, 0x00,
    0x00, 0x00, 0x18, 0x20, 0x00, 0x03, 0x8C, 0x00, 0x00, 0x39, 0x80, 0x00, 0x07, 0x60, 0x00, 0x00,
    0x7C, 0x00, 0x80, 0x0F, 0x00, 0x30, 0x00, 0xE0, 0x0E, 0x00, 0x00, 0x01, 0xC0, 0x00, 0x00, 0x3D,
    0x00, 0x00, 0x07, 0xE0, 0x00, 0x00, 0x7C, 0x00, 0x00, 0x0F, 0x80, 0x00, 0x01, 0xF0, 0x00, 0x00,
    0x1F, 0x00, 0x00, 0x03, 0xE0, 0x00, 0x01, 0xDF, 0x00, 0x03, 0xF9, 0xFF, 0xFF, 0xFE, 0x1F, 0xFF,
    0xFF, 0x81, 0xFF, 0xFF, 0x80, 0x0F, 0xFF, 0x00, 0x00, 0x00, 0x01, 0x00, 0x00, 0xC3, 0x80, 0x01,
    0xE7, 0xC0, 0x01, 0xE7, 0x80, 0x01, 0xE3, 0x80, 0x00, 0xC0, 0x00, 0x00, 0x00, 0x00, 0x00, 0x00,
    0x00, 0x1F, 0xC0, 0x00, 0x7F, 0xF8, 0x00, 0x7F, 0xFF, 0x80, 0xFF, 0xFF, 0xFE, 0x60, 0x3F, 0xFE,
    0x00, 0x1F, 0xFC, 0x00, 0x7F, 0xF8, 0x00, 0xFE, 0x00, 0x03, 0xF0, 0x00, 0x07, 0xC0, 0x00, 0x07,
    0x80, 0x00, 0x0E, 0x00, 0x00, 0x1C, 0x00, 0x00, 0x18, 0x00, 0x00, 0x38, 0x00, 0x00, 0x30, 0x00,
    0x00, 0x30, 0x00, 0x00, 0x30, 0x00, 0x00, 0x30, 0x00, 0x00, 0x30, 0x00, 0x00, 0x38, 0x00, 0x00,
    0x38, 0x00, 0x00, 0x1C, 0x00, 0x00, 0x1F, 0x00, 0x02, 0x0F, 0xFF, 0xFF, 0x07, 0xFF, 0xFE, 0x03,
    0xFF, 0xF8, 0x00, 0x7F, 0xC0, 0x1F, 0xC0, 0x00, 0x7F, 0xF8, 0x00, 0x7F, 0xFF, 0x80, 0xFF, 0xFF,
    0xFE, 0x60, 0x3F, 0xFE, 0x00, 0x1F, 0xFC, 0x00, 0x7F, 0xF8, 0x00, 0xFE, 0x00, 0x03, 0xF0, 0x00,
    0x07, 0xC0, 0x00, 0x07, 0x80, 0x00, 0x0E, 0x00, 0x00, 0x1C, 0x06, 0x00, 0x18, 0x0F, 0x00, 0x38,
    0x0F, 0x00, 0x30, 0x06, 0xC0, 0x30, 0x31, 0xE0, 0x30, 0x79, 0xE0, 0x30, 0x78, 0xC0, 0x30, 0x30,
    0x00, 0x38, 0x00, 0x00, 0x38, 0x00, 0x00, 0x1C, 0x00, 0x00, 0x1F, 0x00, 0x02, 0x0F, 0xFF, 0xFF,
    0x07, 0xFF, 0xFE, 0x03, 0xFF, 0xF8, 0x00, 0x7F, 0xC0, 0x00, 0x00, 0x18, 0x00, 0x60, 0x01, 0x80,
    0x06, 0xE0, 0x0F, 0xC0, 0x31, 0x87, 0xFC, 0x07, 0xE0, 0x00, 0x00, 0x00, 0x00, 0x10, 0x00, 0xC0,
    0x07, 0x80, 0x1E, 0x00, 0x3C, 0x00, 0xF0, 0x01, 0xE0, 0x07, 0x80, 0x0E, 0x00, 0x3C, 0x00, 0x70,
    0x01, 0xF0, 0x03, 0xFF, 0xFF, 0xFF, 0xEF, 0xFF, 0x1F, 0xF0, 0x00, 0x00, 0x00, 0x00, 0x30, 0x01,
    0xE0, 0x07, 0x80, 0x0C, 0x00, 0x00, 0x00, 0xE0, 0x07, 0xC0, 0x1E, 0x00, 0x38, 0x00, 0x00, 0x00,
    0x40, 0x03, 0x80, 0x0E, 0x00, 0x3C, 0x00, 0xF0, 0x01, 0xC0, 0x07, 0x80, 0x0E, 0x00, 0x3C, 0x00,
    0x70, 0x01, 0xC0, 0x03, 0xC0, 0x0F, 0xFF, 0xEF, 0xFF, 0xBF, 0xFC, 0x7F, 0xC0, 0x00, 0x00, 0x00,
    0x00, 0x40, 0x03, 0x80, 0x1E, 0x00, 0x7C, 0x01, 0x30, 0x0C, 0xE0, 0x20, 0x80, 0x00, 0x00, 0x00,
    0x00, 0x00, 0x0C, 0x00, 0x0E, 0x00, 0x07, 0x00, 0x03, 0xC0, 0x01, 0xE0, 0x00, 0xF0, 0x00, 0x3C,
    0x00, 0x1E, 0x00, 0x07, 0x00, 0x01, 0xC0, 0x00, 0xE0, 0x00, 0x30, 0x00, 0x10, 0x00, 0x18, 0x0F,
    0xFF, 0x07, 0xFF, 0x80, 0x0E, 0x00, 0x0F, 0x00, 0x1F, 0x07, 0xFF, 0x83, 0xFF, 0x80, 0x7F, 0x00,
    0x0C, 0x00, 0x00, 0x00, 0x00, 0x00, 0x00, 0x00, 0x00, 0x02, 0x20, 0x00, 0x00, 0x00, 0x1D, 0xC0,
    0x00, 0x00, 0x00, 0x77, 0x00, 0x00, 0x00, 0x00, 0x88, 0x00, 0x00, 0x00, 0x01, 0x10, 0x00, 0x00,
    0x00, 0x0E, 0xE0, 0x00, 0x00, 0x00, 0x7B, 0x80, 0x00, 0x00, 0x00, 0xC4, 0x10, 0x00, 0x00, 0x00,
    0x00, 0xC0, 0x00, 0x00, 0x00, 0x07, 0x00, 0x00, 0x00, 0x02, 0x1E, 0x00, 0x00, 0x00, 0x1C, 0x78,
    0x00, 0x03, 0x00, 0x60, 0xE0, 0x00, 0x1C, 0x03, 0x83, 0x80, 0x00, 0x78, 0x0E, 0x0E, 0x00, 0x01,
    0xE0, 0x30, 0x1C, 0x00, 0x07, 0x81, 0xF0, 0x70, 0x00, 0x1F, 0xFF, 0xFF, 0x80, 0x00, 0x3F, 0xFF,
    0xFE, 0xC0, 0x00, 0xFF, 0xEF, 0xFB, 0x00, 0x03, 0xFF, 0x0F, 0xCC, 0x00, 0x07, 0x00, 0x00, 0x30,
    0x00, 0x1C, 0x00, 0x00, 0xC0, 0x00, 0x20, 0x00, 0x03, 0x00, 0x01, 0x80, 0x00, 0x0E, 0x00, 0x0E,
    0x00, 0x00, 0x38, 0x00, 0xF0, 0x00, 0x00, 0xF0, 0x0F, 0x80, 0x00, 0x01, 0xFF, 0xFC, 0x00, 0x00,
    0x03, 0xFF, 0xE0, 0x00, 0x00, 0x07, 0xFF, 0x00, 0x00, 0x00, 0x0F, 0xE0, 0x00, 0x00, 0x00, 0x00,
    0x40, 0x00, 0x30, 0xE0, 0x00, 0x79, 0xF0, 0x00, 0xF9, 0xE0, 0x00, 0x78, 0xE0, 0x00, 0x30, 0x00,
    0x00, 0x00, 0x00, 0x00, 0x00, 0x00, 0x00, 0x02, 0x00, 0x00, 0x0F, 0xC0, 0x00, 0x1F, 0xE0, 0x00,
    0x3F, 0xF0, 0x00, 0x78, 0x30, 0x00, 0x40, 0x00, 0x00, 0xC0, 0x00, 0x00, 0xC0, 0x00, 0x00, 0xE0,
    0x00, 0x00, 0xF0, 0x07, 0x80, 0xF8, 0x1F, 0x00, 0x7F, 0x7F, 0x00, 0x7F, 0xFC, 0x00, 0x1F, 0xF0,
    0x00, 0x0F, 0xC0, 0x00, 0x0F, 0x00, 0x00, 0x1C, 0x00, 0x00, 0x18, 0x00, 0x00, 0x30, 0x00, 0x00,
    0x30, 0x00, 0x00, 0x60, 0x00, 0x00, 0x60, 0x00, 0x00, 0x60, 0x00, 0x00, 0x60, 0x00, 0x00, 0x70,
    0x00, 0x00, 0x70, 0x00, 0x00, 0x38, 0x00, 0x00, 0x3E, 0x00, 0x02, 0x1F, 0xFF, 0xFE, 0x0F, 0xFF,
    0xFC, 0x07, 0xFF, 0xF0, 0x00, 0xFF, 0x80, 0x00, 0x00, 0x00, 0x30, 0xE0, 0x00, 0x79, 0xE0, 0x00,
    0x79, 0xE0, 0x00, 0x32, 0xC0, 0x00, 0x07, 0x00, 0x00, 0x0F, 0x00, 0x00, 0x07, 0x00, 0x00, 0x00,
    0x00, 0x00, 0x00, 0x00, 0x00, 0x02, 0x00, 0x00, 0x0F, 0xC0, 0x00, 0x1F, 0xE0, 0x00, 0x3F, 0xF0,
    0x00, 0x78, 0x30, 0x00, 0x40, 0x00, 0x00, 0xC0, 0x00, 0x00, 0xC0, 0x00, 0x00, 0xE0, 0x00, 0x00,
    0xF0, 0x07, 0x80, 0xF8, 0x1F, 0x00, 0x7F, 0x7F, 0x00, 0x7F, 0xFC, 0x00, 0x1F, 0xF0, 0x00, 0x0F,
    0xC0, 0x00, 0x0F, 0x00, 0x00, 0x1C, 0x00, 0x00, 0x18, 0x00, 0x00, 0x30, 0x00, 0x00, 0x30, 0x00,
    0x00, 0x60, 0x00, 0x00, 0x60, 0x00, 0x00, 0x60, 0x00, 0x00, 0x60, 0x00, 0x00, 0x70, 0x00, 0x00,
    0x70, 0x00, 0x00, 0x38, 0x00, 0x00, 0x3E, 0x00, 0x02, 0x1F, 0xFF, 0xFE, 0x0F, 0xFF, 0xFC, 0x07,
    0xFF, 0xF0, 0x00, 0xFF, 0x80, 0x00, 0x00, 0x00, 0x06, 0x00, 0x00, 0x0F, 0x00, 0x00, 0x0F, 0x00,
    0x00, 0x06, 0x00, 0x00, 0x00, 0x00, 0x00, 0x06, 0x00, 0x00, 0x0F, 0x00, 0x00, 0x0F, 0x00, 0x00,
    0x06, 0x00, 0x00, 0x00, 0x00, 0x00, 0x00, 0x00, 0x00, 0x02, 0x00, 0x00, 0x0F, 0xC0, 0x00, 0x1F,
    0xE0, 0x00, 0x3F, 0xF0, 0x00, 0x78, 0x30, 0x00, 0x40, 0x00, 0x00, 0xC0, 0x00, 0x00, 0xC0, 0x00,
    0x00, 0xE0, 0x00, 0x00, 0xF0, 0x07, 0x80, 0xF8, 0x1F, 0x00, 0x7F, 0x7F, 0x00, 0x7F, 0xFC, 0x00,
    0x1F, 0xF0, 0x00, 0x0F, 0xC0, 0x00, 0x0F, 0x00, 0x00, 0x1C, 0x00, 0x00, 0x18, 0x00, 0x00, 0x30,
    0x00, 0x00, 0x30, 0x00, 0x00, 0x60, 0x00, 0x00, 0x60, 0x00, 0x00, 0x60, 0x00, 0x00, 0x60, 0x00,
    0x00, 0x70, 0x00, 0x00, 0x70, 0x00, 0x00, 0x38, 0x00, 0x00, 0x3E, 0x00, 0x02, 0x1F, 0xFF, 0xFE,
    0x0F, 0xFF, 0xFC, 0x07, 0xFF, 0xF0, 0x00, 0xFF, 0x80, 0x00, 0x00, 0x07, 0xC0, 0x00, 0x00, 0x1F,
    0xC0, 0x00, 0x00, 0x7F, 0xC0, 0x00, 0x00, 0xFF, 0xC0, 0x00, 0x03, 0x87, 0x80, 0x00, 0x06, 0x07,
    0x80, 0x00, 0x0C, 0x07, 0x00, 0x00, 0x18, 0x0E, 0xC0, 0x00, 0x30, 0x1D, 0x80, 0x00, 0x7F, 0xFB,
    0x00, 0x00, 0xFF, 0xFE, 0x00, 0x00, 0xFF, 0x7C, 0x00, 0x00, 0xF8, 0xFC, 0x00, 0x00, 0x01, 0xFC,
    0x00, 0x00, 0x0F, 0x7C, 0x00, 0x01, 0xFE, 0x7F, 0xFF, 0xFF, 0xF8, 0x7F, 0xFF, 0xFF, 0xC0, 0x7F,
    0xFF, 0xFC, 0x00, 0x3F, 0xFF, 0x00, 0x00, 0x00, 0x00, 0x00, 0x00, 0x00, 0x00, 0x00, 0x00, 0x00,
    0x01, 0x06, 0x00, 0x00, 0x07, 0x1E, 0x00, 0x00, 0x1F, 0x7C, 0x00, 0x00, 0x3C, 0x70, 0x00, 0x00,
    0x38, 0x40, 0x00, 0x00, 0x00, 0x00, 0x00, 0x00, 0x07, 0xC0, 0x00, 0x00, 0x1F, 0xC0, 0x00, 0x00,
    0x7F, 0xC0, 0x00, 0x00, 0xFF, 0xC0, 0x00, 0x03, 0x87, 0x80, 0x00, 0x06, 0x07, 0x80, 0x00, 0x0C,
    0x07, 0x00, 0x00, 0x18, 0x0E, 0xC0, 0x00, 0x30, 0x1D, 0x80, 0x00, 0x7F, 0xFB, 0x00, 0x00, 0xFF,
    0xFE, 0x00, 0x00, 0xFF, 0x7C, 0x00, 0x00, 0xF8, 0xFC, 0x00, 0x00, 0x01, 0xFC, 0x00, 0x00, 0x0F,
    0x7C, 0x00, 0x01, 0xFE, 0x7F, 0xFF, 0xFF, 0xF8, 0x7F, 0xFF, 0xFF, 0xC0, 0x7F, 0xFF, 0xFC, 0x00,
    0x3F, 0xFF, 0x00, 0x00, 0x00, 0x00, 0x00, 0x00, 0x00, 0x00, 0x00, 0x00, 0x00, 0x00, 0x70, 0x00,
    0x00, 0x00, 0xE0, 0x00, 0x00, 0x01, 0xC0, 0x00, 0x00, 0x09, 0x70, 0x00, 0x00, 0x39, 0xE0, 0x00,
    0x00, 0xFB, 0xC0, 0x00, 0x00, 0xE3, 0x00, 0x00, 0x00, 0x80, 0x00, 0x00, 0x00, 0x00, 0x00, 0x01,
    0xC0, 0x00, 0x00, 0x7C, 0x03, 0x00, 0x07, 0x01, 0xF0, 0x00, 0x40, 0xFC, 0x00, 0x00, 0xFF, 0x80,
    0x00, 0x7F, 0xC0, 0x00, 0x3F, 0xC0, 0x00, 0x0F, 0xE0, 0x00, 0x03, 0xF0, 0x00, 0x00, 0xF0, 0x00,
    0x00, 0x18, 0x00, 0x00, 0x03, 0xC0, 0x00, 0x00, 0x7E, 0x00, 0x00, 0x0F, 0xF0, 0x00, 0x00, 0x7F,
    0x80, 0x00, 0x01, 0xF8, 0x00, 0x00, 0x0F, 0x80, 0x00, 0x00, 0x78, 0x00, 0x00, 0x07, 0x04, 0x00,
    0x00, 0x71, 0x80, 0x00, 0x0E, 0x30, 0x00, 0x00, 0xC6, 0x00, 0x00, 0x38, 0xF0, 0x00, 0x1F, 0x1F,
    0xFF, 0xFF, 0xC1, 0xFF, 0xFF, 0xF0, 0x1F, 0xFF, 0xF8, 0x00, 0xFF, 0xF8, 0x00, 0x00, 0x00, 0x00,
    0x00, 0x03, 0x00, 0x00, 0x00, 0x70, 0x00, 0x00, 0x0D, 0x80, 0x00, 0x00, 0x78, 0x0C, 0x00, 0x66,
    0x07, 0xC0, 0x0E, 0x03, 0xF0, 0x01, 0x83, 0xFE, 0x00, 0x01, 0xFF, 0x00, 0x00, 0xFF, 0x00, 0x00,
    0x3F, 0x80, 0x00, 0x0F, 0xC0, 0x00, 0x03, 0xC0, 0x00, 0x00, 0x60, 0x00, 0x00, 0x0F, 0x00, 0x00,
    0x01, 0xF8, 0x00, 0x00, 0x3F, 0xC0, 0x00, 0x01, 0xFE, 0x00, 0x00, 0x07, 0xE0, 0x00, 0x00, 0x3E,
    0x00, 0x00, 0x01, 0xE0, 0x00, 0x00, 0x1C, 0x10, 0x00, 0x01, 0xC6, 0x00, 0x00, 0x38, 0xC0, 0x00,
    0x03, 0x18, 0x00, 0x00, 0xE3, 0xC0, 0x00, 0x7C, 0x7F, 0xFF, 0xFF, 0x07, 0xFF, 0xFF, 0xC0, 0x7F,
    0xFF, 0xE0, 0x03, 0xFF, 0xE0, 0x00, 0x00, 0x00, 0x00, 0x00, 0x00, 0x00, 0x18, 0x00, 0x00, 0x0F,
    0x80, 0x00, 0x07, 0xE0, 0x00, 0x07, 0xFC, 0x00, 0x03, 0xFE, 0x00, 0x01, 0xFE, 0x00, 0x00, 0x7F,
    0x00, 0x00, 0x1F, 0x80, 0x00, 0x07, 0x80, 0x00, 0x00, 0xC0, 0x00, 0x00, 0x1E, 0x00, 0x00, 0x03,
    0xF0, 0x00, 0x00, 0x7F, 0x80, 0x00, 0x03, 0xFC, 0x00, 0x00, 0x0F, 0xC0, 0x00, 0x00, 0x7C, 0x00,
    0x00, 0x03, 0xC0, 0x00, 0x00, 0x38, 0x20, 0x00, 0x03, 0x8C, 0x00, 0x00, 0x71, 0x80, 0x00, 0x06,
    0x30, 0x00, 0x01, 0xC7, 0x80, 0x00, 0xF8, 0xFF, 0xFF, 0xFE, 0x0F, 0xFF, 0xFF, 0x80, 0xFF, 0xFF,
    0xC0, 0x07, 0xFF, 0xC0, 0x00, 0x00, 0x00, 0x00, 0x00, 0x00, 0x00, 0x00, 0x00, 0x00, 0x00, 0x00,
    0x0C, 0x00, 0x00, 0x03, 0xC0, 0x00, 0x00, 0x78, 0x00, 0x00, 0x30, 0xC0, 0x00, 0x0F, 0x3C, 0x00,
    0x01, 0xE7, 0x80, 0x00, 0x18, 0x60, 0x00, 0x00, 0x00, 0x00, 0x02, 0x00, 0x07, 0x00, 0x0F, 0x80,
    0x0F, 0x80, 0x07, 0x00, 0x02, 0x00, 0x00, 0x00, 0x00, 0x00, 0x01, 0x00, 0x07, 0xC0, 0x1F, 0xE0,
    0x1F, 0xE0, 0x38, 0xF0, 0x30, 0x78, 0x20, 0x3C, 0x00, 0x3E, 0x00, 0x1F, 0x00, 0xFE, 0x3F, 0xFE,
    0x7F, 0xFE, 0xFF, 0xFC, 0xFC, 0x00, 0xC0, 0x00, 0xC0, 0x00, 0xC0, 0x00, 0xC0, 0x00, 0xC0, 0x00,
    0xC0, 0x00, 0xE0, 0x00, 0xE0, 0x00, 0xE0, 0x00, 0xE0, 0x00, 0xE0, 0x00, 0xE0, 0x00, 0xE0, 0x00,
    0xC0, 0x00, 0x01, 0x00, 0x07, 0xC0, 0x1F, 0xE0, 0x1F, 0xE0, 0x38, 0xF0, 0x30, 0x78, 0x20, 0x3C,
    0x00, 0x3E, 0x00, 0x1F, 0x00, 0xFE, 0x3F, 0xFE, 0x7F, 0xFE, 0xFF, 0xFC, 0xFC, 0x00, 0xC0, 0x00,
    0xC0, 0x00, 0xC0, 0x00, 0xC0, 0x00, 0xC0, 0x40, 0xC0, 0xE0, 0xE1, 0xF0, 0xE1, 0xF0, 0xE1, 0xE0,
    0xE0, 0x40, 0xE0, 0x00, 0xE0, 0x00, 0xE0, 0x00, 0xC0, 0x00, 0x00, 0x00, 0x00, 0x08, 0x00, 0x01,
    0xC0, 0x00, 0x3E, 0x00, 0x03, 0xC0, 0x00, 0x1C, 0x00, 0x00, 0x00, 0x00, 0x00, 0x04, 0x00, 0x00,
    0xC0, 0x00, 0x1E, 0x00, 0x01, 0xE0, 0x00, 0x1E, 0x00, 0x01, 0xE0, 0x00, 0x0E, 0x40, 0x00, 0xEC,
    0x00, 0x0F, 0xC0, 0x00, 0x7C, 0x00, 0x07, 0xC0, 0x00, 0x2C, 0x00, 0x06, 0xE0, 0x00, 0xEE, 0x00,
    0x3C, 0xF0, 0x0F, 0x87, 0xFF, 0xF0, 0x3F, 0xFE, 0x01, 0xFF, 0xC0, 0x0F, 0xE0, 0x00, 0x00, 0x00,
    0x00, 0x00, 0x00, 0x43, 0x80, 0x0E, 0x7C, 0x01, 0xF7, 0xC0, 0x1E, 0x38, 0x00, 0xC1, 0x00, 0x00,
    0x00, 0x00, 0x06, 0x00, 0x00, 0x60, 0x00, 0x06, 0x00, 0x00, 0x6E, 0x00, 0x03, 0xF0, 0x00, 0x31,
    0x80, 0x1F, 0xF0, 0x00, 0x7E, 0x00, 0x00, 0x00, 0x00, 0x00, 0x00, 0x01, 0xC0, 0x00, 0x3E, 0x00,
    0x03, 0xE0, 0x00, 0x3C, 0x00, 0x00, 0x80, 0x00, 0x00, 0x00, 0x00, 0x00, 0xC0, 0x00, 0x1C, 0x00,
    0x01, 0xE0, 0x00, 0x1E, 0x00, 0x01, 0xE0, 0x00, 0x1E, 0x00, 0x00, 0xEC, 0x00, 0x0E, 0xC0, 0x00,
    0xFC, 0x00, 0x07, 0xC0, 0x00, 0x7C, 0x00, 0x02, 0xC0, 0x00, 0x6E, 0x00, 0x0E, 0xE0, 0x03, 0xCF,
    0x00, 0xF8, 0x7F, 0xFF, 0x03, 0xFF, 0xE0, 0x1F, 0xFC, 0x00, 0xFE, 0x00, 0x00, 0x00, 0x00, 0xE3,
    0x00, 0x06, 0x30, 0x00, 0x76, 0x00, 0x03, 0x60, 0x00, 0x3C, 0x00, 0x01, 0xC0, 0x00, 0x18, 0x00,
    0x00, 0x00, 0x00, 0x00, 0x00, 0x01, 0xC0, 0x00, 0x3E, 0x00, 0x03, 0xE0, 0x00, 0x1C, 0x00, 0x00,
    0x80, 0x00, 0x00, 0x00, 0x00, 0x00, 0xC0, 0x00, 0x1C, 0x00, 0x01, 0xE0, 0x00, 0x1E, 0x00, 0x01,
    0xE0, 0x00, 0x1E, 0x00, 0x00, 0xEC, 0x00, 0x0E, 0xC0, 0x00, 0xFC, 0x00, 0x07, 0xC0, 0x00, 0x7C,
    0x00, 0x02, 0xC0, 0x00, 0x6E, 0x00, 0x0E, 0xE0, 0x03, 0xCF, 0x00, 0xF8, 0x7F, 0xFF, 0x03, 0xFF,
    0xE0, 0x1F, 0xFC, 0x00, 0xFE, 0x00, 0x00, 0x00, 0x80, 0x00, 0x06, 0x00, 0x00, 0x3C, 0x00, 0x00,
    0xF0, 0x00, 0x03, 0xC0, 0x00, 0x0F, 0x00, 0x00, 0x3C, 0x00, 0x00, 0xF0, 0x00, 0x01, 0xC0, 0x00,
    0x07, 0x00, 0x00, 0x1C, 0x00, 0x00, 0x70, 0x00, 0x01, 0xC0, 0x00, 0x07, 0x80, 0x03, 0xFF, 0xC0,
    0x0F, 0xFF, 0x00, 0x00, 0xE0, 0x00, 0x03, 0x80, 0x00, 0x0E, 0x00, 0x00, 0x38, 0x00, 0x00, 0x60,
    0x00, 0x01, 0x80, 0x00, 0x07, 0x00, 0x00, 0x1C, 0x00, 0x00, 0x70, 0x00, 0x01, 0xC4, 0x00, 0x03,
    0x30, 0x00, 0x0C, 0xC0, 0x00, 0x33, 0x00, 0x00, 0xCC, 0x00, 0x03, 0x30, 0x00, 0x18, 0xE0, 0x00,
    0xE3, 0x80, 0x07, 0x0F, 0x00, 0x7C, 0x1F, 0xFF, 0xE0, 0x3F, 0xFE, 0x00, 0x7F, 0xF0, 0x00, 0xFE,
    0x00, 0x00, 0x00, 0x00, 0x00, 0x60, 0x00, 0xF0, 0x00, 0xE0, 0x00, 0x60, 0x00, 0x00, 0x00, 0x60,
    0x00, 0xF0, 0x00, 0xF0, 0x00, 0x60, 0x00, 0x00, 0x00, 0x00, 0x00, 0x18, 0x00, 0x38, 0x00, 0x38,
    0x00, 0x3C, 0x00, 0x3C, 0x00, 0x1C, 0x00, 0x1E, 0x00, 0x1E, 0x00, 0x0E, 0x00, 0x06, 0x00, 0x07,
    0x00, 0x03, 0x00, 0x03, 0x00, 0x06, 0x00, 0x06, 0x00, 0x0E, 0x00, 0x0E, 0x00, 0x1C, 0x00, 0x7C,
    0x7F, 0xF8, 0x7F, 0xF0, 0x3F, 0xE0, 0x0F, 0x80, 0x00, 0x70, 0x00, 0xF8, 0x01, 0xD0, 0x01, 0x80,
    0x01, 0xC8, 0x00, 0xF8, 0x01, 0xF0, 0x01, 0x80, 0x00, 0x00, 0x00, 0x18, 0x00, 0x38, 0x00, 0x3C,
    0x00, 0x3C, 0x00, 0x1C, 0x00, 0x1E, 0x00, 0x1E, 0x00, 0x0E, 0x00, 0x06, 0x00, 0x07, 0x00, 0x03,
    0x00, 0x03, 0x00, 0x02, 0x00, 0x06, 0x00, 0x06, 0x00, 0x0E, 0x00, 0x1C, 0x00, 0x7C, 0x7F, 0xF8,
    0x7F, 0xF0, 0x3F, 0xE0, 0x0F, 0x80, 0x00, 0x00, 0x00, 0x20, 0x00, 0x00, 0x00, 0x01, 0xC0, 0x00,
    0x00, 0x00, 0x0F, 0x80, 0x00, 0x00, 0x00, 0x1C, 0x00, 0x00, 0x00, 0x00, 0x20, 0x00, 0x00, 0x00,
    0x00, 0x00, 0x00, 0x00, 0x00, 0x03, 0x80, 0x00, 0x00, 0x00, 0x1E, 0x00, 0x00, 0x00, 0x00, 0x78,
    0x00, 0x00, 0x00, 0x00, 0xC0, 0x40, 0x00, 0x00, 0x00, 0x03, 0x00, 0x00, 0x00, 0x00, 0x1C, 0x00,
    0x00, 0x00, 0x08, 0x78, 0x00, 0x00, 0x00, 0x71, 0xE0, 0x00, 0x0C, 0x01, 0x83, 0x80, 0x00, 0x70,
    0x0E, 0x0E, 0x00, 0x01, 0xE0, 0x38, 0x38, 0x00, 0x07, 0x80, 0xC0, 0x70, 0x00, 0x1E, 0x07, 0xC1,
    0xC0, 0x00, 0x7F, 0xFF, 0xFE, 0x00, 0x00, 0xFF, 0xFF, 0xFB, 0x00, 0x03, 0xFF, 0xBF, 0xEC, 0x00,
    0x0F, 0xFC, 0x3F, 0x30, 0x00, 0x1C, 0x00, 0x00, 0xC0, 0x00, 0x70, 0x00, 0x03, 0x00, 0x00, 0x80,
    0x00, 0x0C, 0x00, 0x06, 0x00, 0x00, 0x38, 0x00, 0x38, 0x00, 0x00, 0xE0, 0x03, 0xC0, 0x00, 0x03,
    0xC0, 0x3E, 0x00, 0x00, 0x07, 0xFF, 0xF0, 0x00, 0x00, 0x0F, 0xFF, 0x80, 0x00, 0x00, 0x1F, 0xFC,
    0x00, 0x00, 0x00, 0x3F, 0x80, 0x00, 0x00, 0x00, 0x1F, 0xC0, 0x00, 0x7F, 0xFC, 0x00, 0x7F, 0xFF,
    0xFC, 0xFF, 0xFF, 0xFE, 0x40, 0x3F, 0xFC, 0x00, 0x3F, 0xFC, 0x00, 0xFF, 0x80, 0x01, 0xFC, 0x00,
    0x03, 0xE0, 0x00, 0x07, 0xC0, 0x00, 0x0F, 0x00, 0x00, 0x0E, 0x10, 0x00, 0x1C, 0x30, 0x00, 0x18,
    0x30, 0x00, 0x38, 0x37, 0x80, 0x30, 0x1F, 0xC0, 0x30, 0x18, 0xC0, 0x30, 0xFF, 0xC0, 0x30, 0x3F,
    0x00, 0x30, 0x00, 0x00, 0x38, 0x00, 0x00, 0x38, 0x00, 0x00, 0x1C, 0x00, 0x00, 0x1F, 0x00, 0x06,
    0x0F, 0xFF, 0xFF, 0x07, 0xFF, 0xFE, 0x03, 0xFF, 0xF0, 0x00, 0xFF, 0x80, 0x06, 0x00, 0x00, 0x3F,
    0xF0, 0x00, 0x7F, 0xFF, 0x00, 0xFF, 0xFF, 0xFE, 0x60, 0xFF, 0xFC, 0x00, 0x1F, 0xFC, 0x00, 0x7F,
    0xF8, 0x00, 0xFE, 0x00, 0x01, 0xF0, 0x00, 0x03, 0xC0, 0x00, 0x07, 0x80, 0x00, 0x0E, 0x18, 0x00,
    0x1C, 0x18, 0x00, 0x1C, 0x1B, 0x00, 0x18, 0x0F, 0x80, 0x30, 0x18, 0xC0, 0x30, 0x7F, 0x80, 0x30,
    0x1F, 0x00, 0x30, 0x00, 0x00, 0x30, 0x11, 0x80, 0x30, 0x3B, 0xC0, 0x38, 0x39, 0x80, 0x1C, 0x00,
    0x00, 0x1E, 0x00, 0x00, 0x0F, 0x80, 0x3E, 0x0F, 0xFF, 0xFE, 0x03, 0xFF, 0xF8, 0x01, 0xFF, 0xE0,
    0x00, 0x0C, 0x00, 0x00, 0x00, 0x00, 0x00, 0x00, 0x00, 0x00, 0x03, 0x00, 0x00, 0x00, 0x00, 0x0C,
    0x00, 0x00, 0x00, 0x00, 0x37, 0x00, 0x00, 0x00, 0x00, 0x7E, 0x00, 0x00, 0x00, 0x01, 0x98, 0x00,
    0x00, 0x00, 0x3F, 0xE0, 0x00, 0x00, 0x00, 0x3F, 0x00, 0x00, 0x00, 0x00, 0x00, 0x00, 0x00, 0x00,
    0x03, 0x38, 0x00, 0x00, 0x00, 0x1E, 0xE0, 0x00, 0x00, 0x00, 0x31, 0x00, 0x00, 0x00, 0x00, 0x00,
    0x10, 0x00, 0x00, 0x00, 0x00, 0xC0, 0x00, 0x00, 0x00, 0x07, 0x00, 0x00, 0x00, 0x03, 0x1E, 0x00,
    0x00, 0x00, 0x1C, 0x78, 0x00, 0x03, 0x00, 0x60, 0xE0, 0x00, 0x1C, 0x03, 0x83, 0x80, 0x00, 0x78,
    0x0E, 0x0E, 0x00, 0x01, 0xE0, 0x30, 0x1C, 0x00, 0x07, 0x81, 0xF0, 0x70, 0x00, 0x1F, 0xFF, 0xFF,
    0x80, 0x00, 0x3F, 0xFF, 0xFE, 0xC0, 0x00, 0xFF, 0xEF, 0xFB, 0x00, 0x03, 0xFF, 0x0F, 0xCC, 0x00,
    0x07, 0x00, 0x00, 0x30, 0x00, 0x1C, 0x00, 0x00, 0xC0, 0x00, 0x20, 0x00, 0x03, 0x00, 0x01, 0x80,
    0x00, 0x0E, 0x00, 0x0E, 0x00, 0x00, 0x38, 0x00, 0xF0, 0x00, 0x00, 0xF0, 0x0F, 0x80, 0x00, 0x01,
    0xFF, 0xFC, 0x00, 0x00, 0x03, 0xFF, 0xE0, 0x00, 0x00, 0x07, 0xFF, 0x00, 0x00, 0x00, 0x0F, 0xE0,
    0x00, 0x00, 0x00, 0x00, 0x00, 0x01, 0x80, 0x01, 0x80, 0x01, 0xB0, 0x00, 0xF8, 0x01, 0x8C, 0x07,
    0xF8, 0x01, 0xF0, 0x00, 0x00, 0x01, 0x98, 0x03, 0x9C, 0x01, 0x98, 0x00, 0x00, 0x00, 0x00, 0x00,
    0x00, 0x00, 0x18, 0x00, 0x38, 0x00, 0x38, 0x00, 0x3C, 0x00, 0x3C, 0x00, 0x1E, 0x00, 0x1E, 0x00,
    0x0E, 0x00, 0x0E, 0x00, 0x07, 0x00, 0x07, 0x00, 0x03, 0x00, 0x06, 0x00, 0x06, 0x00, 0x0E, 0x00,
    0x1E, 0x00, 0x3C, 0x00, 0x7C, 0x7F, 0xF8, 0x7F, 0xF0, 0x3F, 0xE0, 0x0F, 0x80, 0x00, 0x20, 0x00,
    0x00, 0x60, 0x00, 0x00, 0x60, 0x00, 0x00, 0x6E, 0x00, 0x00, 0x3F, 0x80, 0x00, 0x31, 0x80, 0x00,
    0xE1, 0x80, 0x00, 0xFF, 0x00, 0x00, 0x7E, 0x00, 0x00, 0x00, 0x00, 0x00, 0x00, 0x00, 0x1F, 0xC0,
    0x00, 0x7F, 0xF8, 0x00, 0x7F, 0xFF, 0x80, 0xFF, 0xFF, 0xFE, 0x40, 0x7F, 0xFC, 0x00, 0x3F, 0xFC,
    0x00, 0x7F, 0xF8, 0x01, 0xFE, 0x00, 0x03, 0xF0, 0x00, 0x07, 0xC0, 0x00, 0x0F, 0x80, 0x00, 0x0E,
    0x00, 0x00, 0x1C, 0x00, 0x00, 0x18, 0x00, 0x00, 0x38, 0x00, 0x00, 0x30, 0x00, 0x00, 0x30, 0x00,
    0x00, 0x30, 0x00, 0x00, 0x30, 0x00, 0x00, 0x30, 0x00, 0x00, 0x38, 0x00, 0x00, 0x38, 0x00, 0x00,
    0x1C, 0x00, 0x00, 0x1F, 0x00, 0x02, 0x0F, 0xFF, 0xFF, 0x07, 0xFF, 0xFE, 0x03, 0xFF, 0xF0, 0x00,
    0xFF, 0x80, 0x00, 0x31, 0x0C, 0xC3, 0xF0, 0x78, 0x18, 0x06, 0x00, 0x8C, 0x27, 0x09, 0xC2, 0x78,
    0x9E, 0x07, 0x81, 0xC0, 0x70, 0x1C, 0x07, 0x01, 0xC0, 0x70, 0x1C, 0x07, 0x01, 0xC0, 0x70, 0x1C,
    0x07, 0x01, 0xC0, 0x70, 0x1C, 0x07, 0x00, 0x00, 0x08, 0x93, 0x96, 0x3F, 0xC7, 0xF0, 0x60, 0x0C,
    0x01, 0x8C, 0x13, 0x82, 0x70, 0x4F, 0x09, 0xE0, 0x3C, 0x07, 0x00, 0xE0, 0x1C, 0x03, 0x80, 0x70,
    0x0E, 0x01, 0xC0, 0x38, 0x07, 0x00, 0xE0, 0x1C, 0x03, 0x80, 0x70, 0x0E, 0x01, 0xC0, 0x38, 0x01,
    0x00, 0x00, 0x84, 0x00, 0x03, 0x30, 0x00, 0x0F, 0xC0, 0x00, 0x1E, 0x00, 0xF0, 0x60, 0x07, 0xE1,
    0x80, 0x3F, 0x86, 0x01, 0xFE, 0x08, 0x0F, 0x00, 0x20, 0x38, 0x00, 0x81, 0xC0, 0x02, 0x06, 0x00,
    0x00, 0x30, 0x00, 0x00, 0xC0, 0x00, 0x03, 0x00, 0x00, 0x0F, 0x00, 0x40, 0x3F, 0xE3, 0x00, 0x7F,
    0xEC, 0x00, 0xFF, 0xB0, 0x00, 0xFF, 0xC0, 0x00, 0x0F, 0x00, 0x00, 0x6E, 0x00, 0x03, 0xB8, 0x00,
    0x3C, 0xF0, 0x07, 0xE1, 0xFF, 0xFF, 0x03, 0xFF, 0xF0, 0x0F, 0xFF, 0x00, 0x0F, 0xE0, 0x00, 0x02,
    0x80, 0x00, 0x8A, 0x00, 0x03, 0x38, 0x00, 0x0F, 0xC0, 0x00, 0x1C, 0x00, 0xF0, 0x60, 0x07, 0xE1,
    0x80, 0x3F, 0x86, 0x01, 0xFE, 0x08, 0x0F, 0x00, 0x20, 0x38, 0x00, 0x81, 0xC0, 0x02, 0x06, 0x00,
    0x00, 0x30, 0x00, 0x00, 0xC0, 0x00, 0x03, 0x00, 0x00, 0x0F, 0x00, 0x40, 0x3F, 0xE3, 0x00, 0x7F,
    0xEC, 0x00, 0xFF, 0xB0, 0x00, 0xFF, 0xC0, 0x00, 0x0F, 0x00, 0x00, 0x6E, 0x00, 0x03, 0xB8, 0x00,
    0x3C, 0xF0, 0x07, 0xE1, 0xFF, 0xFF, 0x03, 0xFF, 0xF0, 0x0F, 0xFF, 0x00, 0x0F, 0xE0, 0x00, 0x00,
    0x00, 0x20, 0x00, 0x03, 0xC0, 0x00, 0x3F, 0x80, 0x01, 0xFE, 0x00, 0x07, 0x88, 0x00, 0x3C, 0x00,
    0x01, 0xC0, 0x00, 0x06, 0x00, 0x00, 0x38, 0x00, 0x00, 0xC0, 0x00, 0x03, 0x00, 0x00, 0x0C, 0x00,
    0x40, 0x3F, 0x03, 0x00, 0x7F, 0xCC, 0x01, 0xFF, 0xB0, 0x01, 0xFE, 0xC0, 0x00, 0x3F, 0x00, 0x00,
    0x6C, 0x00, 0x03, 0xB8, 0x00, 0x1C, 0xF0, 0x03, 0xE1, 0xE0, 0x7F, 0x07, 0xFF, 0xF8, 0x0F, 0xFF,
    0x80, 0x1F, 0xF8, 0x00, 0x0E, 0x00, 0x00, 0x00, 0x00, 0x00, 0xC4, 0x00, 0x07, 0xB0, 0x00, 0x17,
    0x80, 0x00, 0xCE, 0x00, 0x01, 0x30, 0x00, 0x06, 0x00, 0x00, 0x18, 0x00, 0x00, 0x30, 0x00, 0x00,
    0xC0, 0x00, 0x01, 0x00, 0x00, 0x06, 0x00, 0x00, 0x18, 0x00, 0x00, 0x00, 0x00, 0x02, 0x00, 0x31,
    0x80, 0x0C, 0x60, 0x01, 0xF0, 0x00, 0x78, 0x00, 0x18, 0x00, 0x02, 0x00, 0x00, 0x81, 0xE0, 0x20,
    0xFC, 0x08, 0x7F, 0x82, 0x3F, 0xF0, 0x8E, 0x1C, 0x07, 0x03, 0x81, 0x80, 0xE0, 0x60, 0x18, 0x18,
    0x06, 0x07, 0x01, 0xC1, 0xFF, 0xF0, 0x3F, 0xFC, 0x0F, 0xFA, 0x00, 0xF9, 0x80, 0x00, 0x60, 0x00,
    0x38, 0x00, 0x1C, 0x00, 0x0F, 0x0C, 0x0F, 0x87, 0xFF, 0xC0, 0xFF, 0xE0, 0x0F, 0xF0, 0x00, 0x60,
    0x00, 0x44, 0x80, 0x31, 0x20, 0x06, 0x78, 0x01, 0xFC, 0x00, 0x38, 0x00, 0x0C, 0x00, 0x03, 0x00,
    0x00, 0x40, 0xF0, 0x10, 0x7E, 0x04, 0x3F, 0xC1, 0x1F, 0xF0, 0x46, 0x1E, 0x03, 0x83, 0x80, 0xC0,
    0x70, 0x30, 0x1C, 0x0C, 0x03, 0x03, 0x80, 0xC0, 0xFF, 0xF0, 0x1F, 0xFC, 0x07, 0xFF, 0x00, 0xFC,
    0xC0, 0x00, 0x70, 0x00, 0x18, 0x00, 0x0E, 0x00, 0x07, 0x04, 0x0F, 0xC3, 0xFF, 0xE0, 0x7F, 0xF0,
    0x07, 0xF0, 0x00, 0x30, 0x00, 0x02, 0x00, 0x00, 0x03, 0x10, 0x00, 0x00, 0x19, 0x80, 0x00, 0x00,
    0xFC, 0x00, 0x00, 0x03, 0xC0, 0x00, 0x00, 0x18, 0x00, 0x00, 0x00, 0xC0, 0x00, 0x00, 0x02, 0x00,
    0x00, 0x00, 0x10, 0x00, 0x00, 0x00, 0x80, 0x00, 0x00, 0x04, 0x06, 0x00, 0x00, 0x20, 0x70, 0x00,
    0x00, 0x0F, 0x00, 0x00, 0x03, 0xF0, 0x00, 0x00, 0x3F, 0x00, 0x00, 0x07, 0xC0, 0x00, 0x00, 0x38,
    0x00, 0x00, 0x03, 0x00, 0x00, 0x00, 0x1E, 0x00, 0x00, 0x3E, 0xFF, 0xFF, 0xFF, 0xFF, 0xFF, 0xFF,
    0xFF, 0x3F, 0xFF, 0xFF, 0xF0, 0x3F, 0xFF, 0xFC, 0x00, 0x00, 0x00, 0x00, 0x02, 0x24, 0x00, 0x00,
    0x19, 0x20, 0x00, 0x00, 0xFF, 0x00, 0x00, 0x07, 0xF0, 0x00, 0x00, 0x18, 0x00, 0x00, 0x00, 0xC0,
    0x00, 0x00, 0x06, 0x00, 0x00, 0x00, 0x10, 0x00, 0x00, 0x00, 0x80, 0x00, 0x00, 0x04, 0x06, 0x00,
    0x00, 0x20, 0x70, 0x00, 0x00, 0x0F, 0x80, 0x00, 0x03, 0xF8, 0x00, 0x00, 0x7F, 0x00, 0x00, 0x07,
    0xC0, 0x00, 0x00, 0x70, 0x00, 0x00, 0x03, 0x00, 0x00, 0x00, 0x3E, 0x00, 0x00, 0x3D, 0xFF, 0xFF,
    0xFF, 0xFF, 0xFF, 0xFF, 0xFF, 0x7F, 0xFF, 0xFF, 0xE0, 0x7F, 0xFF, 0xF8, 0x00, 0x1F, 0xC0, 0x00,
    0x7F, 0xF8, 0x00, 0x7F, 0xFF, 0x80, 0xFF, 0xFF, 0xFE, 0x40, 0x3F, 0xFC, 0x00, 0x1F, 0xFC, 0x00,
    0x7F, 0xF8, 0x01, 0xFE, 0x00, 0x03, 0xF0, 0x00, 0x07, 0xC0, 0x00, 0x0F, 0x80, 0x00, 0x0E, 0x18,
    0xC0, 0x1C, 0x3D, 0x80, 0x18, 0x27, 0x80, 0x38, 0x27, 0x00, 0x30, 0x32, 0x00, 0x30, 0x30, 0x00,
    0x30, 0x18, 0x00, 0x30, 0x18, 0x00, 0x30, 0x0C, 0x00, 0x38, 0x0C, 0x00, 0x38, 0x04, 0x00, 0x1C,
    0x04, 0x00, 0x1F, 0x00, 0x02, 0x0F, 0xFF, 0xFF, 0x07, 0xFF, 0xFC, 0x03, 0xFF, 0xF0, 0x00, 0xFF,
    0x80, 0x00, 0x00, 0x00, 0x00, 0x00, 0x00, 0x00, 0x06, 0x20, 0x00, 0x00, 0x00, 0x3D, 0x80, 0x00,
    0x00, 0x00, 0xBC, 0x00, 0x00, 0x00, 0x06, 0x60, 0x00, 0x00, 0x00, 0x09, 0x80, 0x00, 0x00, 0x00,
    0x30, 0x00, 0x00, 0x00, 0x00, 0xC0, 0x00, 0x00, 0x00, 0x01, 0x80, 0x00, 0x00, 0x00, 0x06, 0x00,
    0x00, 0x00, 0x00, 0x08, 0x00, 0x00, 0x00, 0x00, 0x30, 0x04, 0x00, 0x00, 0x00, 0x00, 0x30, 0x00,
    0x00, 0x00, 0x01, 0xC0, 0x00, 0x00, 0x00, 0x87, 0x80, 0x00, 0x00, 0x06, 0x1E, 0x00, 0x00, 0xC0,
    0x18, 0x38, 0x00, 0x07, 0x00, 0xE0, 0xE0, 0x00, 0x1E, 0x03, 0x03, 0x80, 0x00, 0x78, 0x0C, 0x07,
    0x00, 0x01, 0xE0, 0x7C, 0x1C, 0x00, 0x07, 0xFF, 0xFF, 0xE0, 0x00, 0x0F, 0xFF, 0xFF, 0xB0, 0x00,
    0x3F, 0xFB, 0xFE, 0xC0, 0x00, 0xFF, 0xC3, 0xF3, 0x00, 0x01, 0xC0, 0x00, 0x0C, 0x00, 0x07, 0x00,
    0x00, 0x30, 0x00, 0x08, 0x00, 0x00, 0xC0, 0x00, 0x60, 0x00, 0x03, 0x80, 0x03, 0x80, 0x00, 0x0E,
    0x00, 0x3C, 0x00, 0x00, 0x3C, 0x03, 0xE0, 0x00, 0x00, 0x7F, 0xFF, 0x00, 0x00, 0x00, 0xFF, 0xF8,
    0x00, 0x00, 0x01, 0xFF, 0xC0, 0x00, 0x00, 0x03, 0xF8, 0x00, 0x00, 0x00, 0x00, 0x00, 0x00, 0x00,
    0x00, 0x00, 0x00, 0x00, 0xE0, 0x00, 0x00, 0x00, 0x03, 0x80, 0x00, 0x00, 0x00, 0x1F, 0x00, 0x00,
    0x00, 0x00, 0x6C, 0x00, 0x00, 0x00, 0x03, 0x38, 0x00, 0x00, 0x00, 0x0C, 0x60, 0x00, 0x00, 0x00,
    0x00, 0x04, 0x00, 0x00, 0x00, 0x00, 0x30, 0x00, 0x00, 0x00, 0x01, 0xE0, 0x00, 0x00, 0x00, 0x87,
    0x80, 0x00, 0x00, 0x07, 0x1E, 0x00, 0x00, 0xC0, 0x18, 0x38, 0x00, 0x07, 0x00, 0xE0, 0xE0, 0x00,
    0x1E, 0x03, 0x83, 0x80, 0x00, 0x78, 0x0C, 0x07, 0x00, 0x01, 0xE0, 0x7C, 0x1C, 0x00, 0x07, 0xFF,
    0xFF, 0xE0, 0x00, 0x0F, 0xFF, 0xFF, 0xB0, 0x00, 0x3F, 0xFB, 0xFE, 0xC0, 0x00, 0xFF, 0xC3, 0xF3,
    0x00, 0x01, 0xC0, 0x00, 0x0C, 0x00, 0x07, 0x00, 0x00, 0x30, 0x00, 0x08, 0x00, 0x00, 0xC0, 0x00,
    0x60, 0x00, 0x03, 0x80, 0x03, 0x80, 0x00, 0x0E, 0x00, 0x3C, 0x00, 0x00, 0x3C, 0x03, 0xE0, 0x00,
    0x00, 0x7F, 0xFF, 0x00, 0x00, 0x00, 0xFF, 0xF8, 0x00, 0x00, 0x01, 0xFF, 0xC0, 0x00, 0x00, 0x03,
    0xF8, 0x00, 0x00, 0x00, 0x00, 0x00, 0x00, 0x00, 0x0C, 0x00, 0x00, 0xE0, 0x00, 0x1E, 0x00, 0x01,
    0xE0, 0x00, 0x1E, 0x00, 0x00, 0xE0, 0x01, 0x0E, 0x03, 0x38, 0xE0, 0x77, 0x8E, 0x03, 0x10, 0xE0,
    0x00, 0x0E, 0x00, 0xE0, 0xE0, 0x18, 0x06, 0x01, 0x00, 0x60, 0x3C, 0x06, 0x01, 0xF0, 0x70, 0x02,
    0x07, 0x00, 0xC0, 0x70, 0x38, 0x03, 0x00, 0x00, 0x30, 0x00, 0x03, 0x00, 0x00, 0x30, 0x00, 0x03,
    0xFF, 0xFF, 0xFF, 0xFF, 0xFF, 0xFF, 0xFF, 0xEF, 0xFF, 0xFC, 0x03, 0xFC, 0x01, 0xFF, 0xE0, 0x7F,
    0xFE, 0x1F, 0xFF, 0xE7, 0xE0, 0x7E, 0xF8, 0x07, 0xC6, 0x00, 0xF8, 0x00, 0x1F, 0x00, 0x03, 0xE0,
    0x0F, 0xFC, 0x3F, 0xFF, 0x9F, 0xFF, 0xF7, 0xFF, 0x3F, 0xFC, 0x07, 0xFE, 0x00, 0xFF, 0xC0, 0x1F,
    0xF8, 0x03, 0xFF, 0x00, 0xFF, 0xF0, 0x3F, 0xBF, 0xFF, 0xF7, 0xFF, 0xFE, 0x7F, 0xF7, 0xC3, 0xF8,
    0xF8, 0x00, 0x00, 0x00, 0x00, 0x00, 0x00, 0x00, 0x00, 0x00, 0x00, 0x78, 0x00, 0x1F, 0x80, 0x03,
    0xF0, 0x00, 0x7E, 0x00, 0x07, 0x80, 0x00, 0x3F, 0x00, 0x00, 0x03, 0xF8, 0x00, 0x00, 0x3F, 0x80,
    0x00, 0x00, 0x38, 0x00, 0x00, 0x07, 0x80, 0x00, 0x00, 0x70, 0x00, 0x00, 0x0F, 0x00, 0x00, 0x00,
    0x00, 0x00, 0x00, 0x00, 0x00, 0x00, 0x00, 0x00, 0x00, 0x00, 0x1F, 0x80, 0x00, 0x03, 0xF8, 0x00,
    0x00, 0x3F, 0xC0, 0x00, 0x03, 0xFC, 0x00, 0x00, 0x7F, 0xE0, 0x00, 0x07, 0xBE, 0x00, 0x00, 0x79,
    0xE0, 0x00, 0x0F, 0x9F, 0x00, 0x00, 0xF9, 0xF0, 0x00, 0x1F, 0x0F, 0x00, 0x01, 0xF0, 0xF8, 0x00,
    0x1F, 0x0F, 0x80, 0x03, 0xE0, 0xFC, 0x00, 0x3E, 0x07, 0xC0, 0x03, 0xE0, 0x7C, 0x00, 0x7C, 0x03,
    0xE0, 0x07, 0xC0, 0x3E, 0x00, 0x7C, 0x03, 0xE0, 0x0F, 0xFF, 0xFF, 0x00, 0xFF, 0xFF, 0xF0, 0x1F,
    0xFF, 0xFF, 0x01, 0xFF, 0xFF, 0xF8, 0x1F, 0x00, 0x0F, 0x83, 0xF0, 0x00, 0xFC, 0x3E, 0x00, 0x07,
    0xC3, 0xE0, 0x00, 0x7C, 0x7C, 0x00, 0x07, 0xE7, 0xC0, 0x00, 0x3E, 0x7C, 0x00, 0x03, 0xEF, 0x80,
    0x00, 0x1F, 0x03, 0xF0, 0x00, 0x7F, 0x00, 0x0F, 0xE0, 0x00, 0x1C, 0x00, 0x07, 0x80, 0x00, 0xE0,
    0x00, 0x00, 0x00, 0x00, 0x00, 0x00, 0x00, 0x00, 0x7F, 0x80, 0x3F, 0xFC, 0x0F, 0xFF, 0xC3, 0xFF,
    0xFC, 0xFC, 0x0F, 0xDF, 0x00, 0xF8, 0xC0, 0x1F, 0x00, 0x03, 0xE0, 0x00, 0x7C, 0x01, 0xFF, 0x87,
    0xFF, 0xF3, 0xFF, 0xFE, 0xFF, 0xE7, 0xFF, 0x80, 0xFF, 0xC0, 0x1F, 0xF8, 0x03, 0xFF, 0x00, 0x7F,
    0xE0, 0x1F, 0xFE, 0x07, 0xF7, 0xFF, 0xFE, 0xFF, 0xFF, 0xCF, 0xFE, 0xF8, 0x7F, 0x1F, 0x00, 0x01,
    0xF0, 0x00, 0x1E, 0x00, 0x03, 0xC0, 0x00, 0x3C, 0x00, 0x07, 0x80, 0x00, 0x78, 0x00, 0x00, 0x00,
    0x0F, 0x00, 0x01, 0xF8, 0x00, 0x3F, 0xC0, 0x07, 0xFE, 0x00, 0x79, 0xE0, 0x0F, 0x0F, 0x01, 0xE0,
    0x78, 0x00, 0x00, 0x00, 0x00, 0x00, 0x03, 0xFC, 0x00, 0xFF, 0xF0, 0x1F, 0xFF, 0x83, 0xFF, 0xFC,
    0x7E, 0x07, 0xE7, 0xC0, 0x3E, 0x18, 0x03, 0xE0, 0x00, 0x3E, 0x00, 0x03, 0xE0, 0x07, 0xFE, 0x0F,
    0xFF, 0xE3, 0xFF, 0xFE, 0x7F, 0xF3, 0xEF, 0xE0, 0x3E, 0xF8, 0x03, 0xEF, 0x80, 0x3E, 0xF8, 0x03,
    0xEF, 0x80, 0x7E, 0xFC, 0x0F, 0xE7, 0xFF, 0xFE, 0x7F, 0xFF, 0xE3, 0xFF, 0xBE, 0x0F, 0xE3, 0xE0,
    0x00, 0x01, 0xE0, 0x00, 0x00, 0x1F, 0x00, 0x00, 0x00, 0xF0, 0x00, 0x00, 0x0F, 0x80, 0x00, 0x00,
    0x78, 0x00, 0x00, 0x03, 0x80, 0x00, 0x00, 0x00, 0x00, 0x00, 0xF0, 0x00, 0x00, 0x1F, 0x80, 0x00,
    0x03, 0xFC, 0x00, 0x00, 0x7D, 0xE0, 0x00, 0x0F, 0x9F, 0x00, 0x01, 0xF0, 0xF8, 0x00, 0x00, 0x00,
    0x00, 0x00, 0x00, 0x00, 0x00, 0x00, 0x00, 0x00, 0x00, 0x1F, 0x80, 0x00, 0x03, 0xF8, 0x00, 0x00,
    0x3F, 0xC0, 0x00, 0x03, 0xFC, 0x00, 0x00, 0x7F, 0xE0, 0x00, 0x07, 0xBE, 0x00, 0x00, 0x79, 0xE0,
    0x00, 0x0F, 0x9F, 0x00, 0x00, 0xF9, 0xF0, 0x00, 0x1F, 0x0F, 0x00, 0x01, 0xF0, 0xF8, 0x00, 0x1F,
    0x0F, 0x80, 0x03, 0xE0, 0xFC, 0x00, 0x3E, 0x07, 0xC0, 0x03, 0xE0, 0x7C, 0x00, 0x7C, 0x03, 0xE0,
    0x07, 0xC0, 0x3E, 0x00, 0x7C, 0x03, 0xE0, 0x0F, 0xFF, 0xFF, 0x00, 0xFF, 0xFF, 0xF0, 0x1F, 0xFF,
    0xFF, 0x01, 0xFF, 0xFF, 0xF8, 0x1F, 0x00, 0x0F, 0x83, 0xF0, 0x00, 0xFC, 0x3E, 0x00, 0x07, 0xC3,
    0xE0, 0x00, 0x7C, 0x7C, 0x00, 0x07, 0xE7, 0xC0, 0x00, 0x3E, 0x7C, 0x00, 0x03, 0xEF, 0x80, 0x00,
    0x1F, 0x00, 0x3E, 0x00, 0x03, 0xC0, 0x00, 0x3C, 0x00, 0x07, 0x80, 0x00, 0x78, 0x00, 0x07, 0x00,
    0x00, 0x00, 0x07, 0x80, 0x01, 0xF8, 0x00, 0x7F, 0x80, 0x1F, 0xF8, 0x03, 0xCF, 0x00, 0xF0, 0xF0,
    0x3C, 0x0F, 0x00, 0x00, 0x00, 0x00, 0x00, 0x03, 0xFC, 0x01, 0xFF, 0xE0, 0x7F, 0xFE, 0x1F, 0xFF,
    0xE7, 0xE0, 0x7E, 0xF8, 0x07, 0xC6, 0x00, 0xF8, 0x00, 0x1F, 0x00, 0x03, 0xE0, 0x0F, 0xFC, 0x3F,
    0xFF, 0x9F, 0xFF, 0xF7, 0xFF, 0x3F, 0xFC, 0x07, 0xFE, 0x00, 0xFF, 0xC0, 0x1F, 0xF8, 0x03, 0xFF,
    0x00, 0xFF, 0xF0, 0x3F, 0xBF, 0xFF, 0xF7, 0xFF, 0xFE, 0x7F, 0xF7, 0xC3, 0xF8, 0xF8, 0x00, 0x01,
    0xF0, 0x00, 0x00, 0x1F, 0x80, 0x00, 0x01, 0xF8, 0x00, 0x00, 0x03, 0x80, 0x00, 0x00, 0x70, 0x00,
    0x00, 0x07, 0x00, 0x00, 0x00, 0x00, 0x00, 0x00, 0xF0, 0x00, 0x00, 0x1F, 0x80, 0x00, 0x03, 0xFC,
    0x00, 0x00, 0x7D, 0xE0, 0x00, 0x0F, 0x9E, 0x00, 0x01, 0xF0, 0xF0, 0x00, 0x00, 0x00, 0x00, 0x00,
    0x00, 0x00, 0x00, 0x00, 0x00, 0x00, 0x00, 0x1F, 0x80, 0x00, 0x03, 0xF8, 0x00, 0x00, 0x3F, 0xC0,
    0x00, 0x03, 0xFC, 0x00, 0x00, 0x7F, 0xC0, 0x00, 0x07, 0xFE, 0x00, 0x00, 0x79, 0xE0, 0x00, 0x0F,
    0x9F, 0x00, 0x00, 0xF9, 0xF0, 0x00, 0x1F, 0x0F, 0x00, 0x01, 0xF0, 0xF8, 0x00, 0x1F, 0x0F, 0x80,
    0x03, 0xE0, 0x78, 0x00, 0x3E, 0x07, 0xC0, 0x03, 0xE0, 0x7C, 0x00, 0x7C, 0x03, 0xE0, 0x07, 0xC0,
    0x3E, 0x00, 0x7C, 0x03, 0xE0, 0x0F, 0xFF, 0xFF, 0x00, 0xFF, 0xFF, 0xF0, 0x1F, 0xFF, 0xFF, 0x01,
    0xFF, 0xFF, 0xF8, 0x1F, 0x00, 0x0F, 0x83, 0xF0, 0x00, 0xFC, 0x3E, 0x00, 0x07, 0xC3, 0xE0, 0x00,
    0x7C, 0x7C, 0x00, 0x07, 0xE7, 0xC0, 0x00, 0x3E, 0x7C, 0x00, 0x03, 0xEF, 0x80, 0x00, 0x1F, 0x00,
    0x1F, 0x00, 0x03, 0xF0, 0x00, 0x7E, 0x00, 0x01, 0xC0, 0x00, 0x78, 0x00, 0x0E, 0x00, 0x00, 0x00,
    0x07, 0x80, 0x01, 0xF8, 0x00, 0x7F, 0x80, 0x1F, 0xF0, 0x03, 0xCF, 0x00, 0xF0, 0xF0, 0x3C, 0x0E,
    0x00, 0x00, 0x00, 0x00, 0x00, 0x03, 0xFC, 0x01, 0xFF, 0xE0, 0x7F, 0xFE, 0x1F, 0xFF, 0xE7, 0xE0,
    0x7E, 0xF8, 0x07, 0xC6, 0x00, 0xF8, 0x00, 0x1F, 0x00, 0x03, 0xE0, 0x0F, 0xFC, 0x3F, 0xFF, 0x9F,
    0xFF, 0xF7, 0xFF, 0x3F, 0xFC, 0x07, 0xFE, 0x00, 0xFF, 0xC0, 0x1F, 0xF8, 0x03, 0xFF, 0x00, 0xFF,
    0xF0, 0x3F, 0xBF, 0xFF, 0xF7, 0xFF, 0xFE, 0x7F, 0xF7, 0xC3, 0xF8, 0xF8, 0x07, 0xC7, 0x00, 0xFF,
    0xE0, 0x3F, 0xFC, 0x07, 0x1F, 0x00, 0x00, 0x00, 0x00, 0x00, 0x00, 0x3C, 0x00, 0x0F, 0xC0, 0x03,
    0xFC, 0x00, 0xFB, 0xC0, 0x1E, 0x7C, 0x07, 0x87, 0x80, 0xE0, 0x78, 0x00, 0x00, 0x00, 0x00, 0x00,
    0x1F, 0xE0, 0x0F, 0xFF, 0x03, 0xFF, 0xF0, 0xFF, 0xFF, 0x3F, 0x03, 0xF7, 0xC0, 0x3E, 0x30, 0x07,
    0xC0, 0x00, 0xF8, 0x00, 0x1F, 0x00, 0x7F, 0xE1, 0xFF, 0xFC, 0xFF, 0xFF, 0xBF, 0xF9, 0xFF, 0xE0,
    0x3F, 0xF0, 0x07, 0xFE, 0x00, 0xFF, 0xC0, 0x1F, 0xF8, 0x07, 0xFF, 0x81, 0xFD, 0xFF, 0xFF, 0xBF,
    0xFF, 0xF3, 0xFF, 0xBE, 0x1F, 0xC7, 0xC0, 0x00, 0x0F, 0x00, 0x00, 0x01, 0xF8, 0x00, 0x00, 0x3F,
    0xC0, 0x00, 0x07, 0xFE, 0x00, 0x00, 0xF9, 0xF0, 0x00, 0x1F, 0x0F, 0x00, 0x01, 0xE0, 0x78, 0x00,
    0x00, 0x00, 0x00, 0x00, 0x00, 0x00, 0x00, 0x00, 0x00, 0x00, 0x00, 0x1F, 0x80, 0x00, 0x03, 0xFC,
    0x00, 0x00, 0x3F, 0xC0, 0x00, 0x07, 0xFC, 0x00, 0x00, 0x7F, 0xE0, 0x00, 0x07, 0xBE, 0x00, 0x00,
    0xF9, 0xE0, 0x00, 0x0F, 0x9F, 0x00, 0x00, 0xF9, 0xF0, 0x00, 0x1F, 0x1F, 0x00, 0x01, 0xF0, 0xF8,
    0x00, 0x1F, 0x0F, 0x80, 0x03, 0xE0, 0xFC, 0x00, 0x3E, 0x07, 0xC0, 0x03, 0xE0, 0x7C, 0x00, 0x7C,
    0x03, 0xE0, 0x07, 0xC0, 0x3E, 0x00, 0xFC, 0x03, 0xE0, 0x0F, 0xFF, 0xFF, 0x00, 0xFF, 0xFF, 0xF0,
    0x1F, 0xFF, 0xFF, 0x81, 0xFF, 0xFF, 0xF8, 0x1F, 0x00, 0x0F, 0x83, 0xF0, 0x00, 0xFC, 0x3E, 0x00,
    0x07, 0xC3, 0xE0, 0x00, 0x7C, 0x7C, 0x00, 0x07, 0xE7, 0xC0, 0x00, 0x3E, 0x7C, 0x00, 0x03, 0xEF,
    0x80, 0x00, 0x1F, 0x00, 0x00, 0x00, 0x00, 0x00, 0x00, 0x00, 0x00, 0x00, 0x00, 0x00, 0x00, 0x00,
    0x00, 0x00, 0x0F, 0x00, 0x00, 0x01, 0xF8, 0x00, 0x00, 0x1F, 0x80, 0x00, 0x01, 0xF8, 0x00, 0x00,
    0x0F, 0x00, 0x00, 0x00, 0xF0, 0x00, 0x3F, 0x00, 0x0F, 0xF0, 0x03, 0xCF, 0x00, 0xF0, 0xF0, 0x3E,
    0x1F, 0x00, 0x00, 0x00, 0x00, 0x00, 0x00, 0x00, 0x00, 0x7F, 0x80, 0x3F, 0xFC, 0x0F, 0xFF, 0xC3,
    0xFF, 0xFC, 0xFC, 0x0F, 0xDF, 0x00, 0xF8, 0xC0, 0x1F, 0x00, 0x03, 0xE0, 0x00, 0x7C, 0x01, 0xFF,
    0x87, 0xFF, 0xF3, 0xFF, 0xFE, 0xFF, 0xE7, 0xFF, 0x80, 0xFF, 0xC0, 0x1F, 0xF8, 0x03, 0xFF, 0x00,
    0x7F, 0xE0, 0x1F, 0xFE, 0x07, 0xF7, 0xFF, 0xFE, 0xFF, 0xFF, 0xCF, 0xFE, 0xF8, 0x7F, 0x1F, 0x00,
    0x00, 0x00, 0x00, 0x00, 0x00, 0x00, 0x00, 0x00, 0x00, 0x0F, 0x00, 0x03, 0xF0, 0x00, 0x7E, 0x00,
    0x0F, 0xC0, 0x00, 0xF0, 0x00, 0x00, 0x01, 0xE0, 0x00, 0x00, 0x3C, 0x00, 0x00, 0x03, 0xC0, 0x00,
    0x00, 0x78, 0x00, 0x00, 0x07, 0x80, 0x00, 0x00, 0x70, 0x00, 0x00, 0x00, 0x00, 0x00, 0x0E, 0x07,
    0x00, 0x00, 0xE0, 0x70, 0x00, 0x0F, 0x0F, 0x00, 0x00, 0x7F, 0xE0, 0x00, 0x03, 0xFC, 0x00, 0x00,
    0x1F, 0x80, 0x00, 0x00, 0x00, 0x00, 0x00, 0x00, 0x00, 0x00, 0x00, 0x00, 0x00, 0x00, 0x1F, 0x80,
    0x00, 0x01, 0xF8, 0x00, 0x00, 0x3F, 0xC0, 0x00, 0x03, 0xFC, 0x00, 0x00, 0x7F, 0xC0, 0x00, 0x07,
    0xBE, 0x00, 0x00, 0x79, 0xE0, 0x00, 0x0F, 0x9E, 0x00, 0x00, 0xF9, 0xF0, 0x00, 0x0F, 0x0F, 0x00,
    0x01, 0xF0, 0xF8, 0x00, 0x1F, 0x0F, 0x80, 0x03, 0xE0, 0xF8, 0x00, 0x3E, 0x07, 0xC0, 0x03, 0xE0,
    0x7C, 0x00, 0x7C, 0x03, 0xC0, 0x07, 0xC0, 0x3E, 0x00, 0x7C, 0x03, 0xE0, 0x0F, 0xFF, 0xFF, 0x00,
    0xFF, 0xFF, 0xF0, 0x0F, 0xFF, 0xFF, 0x01, 0xFF, 0xFF, 0xF8, 0x1F, 0x00, 0x0F, 0x83, 0xF0, 0x00,
    0xFC, 0x3E, 0x00, 0x07, 0xC3, 0xE0, 0x00, 0x7C, 0x7C, 0x00, 0x07, 0xE7, 0xC0, 0x00, 0x3E, 0x7C,
    0x00, 0x03, 0xEF, 0x80, 0x00, 0x1F, 0x00, 0x1E, 0x00, 0x07, 0x80, 0x00, 0xF0, 0x00, 0x3C, 0x00,
    0x07, 0x80, 0x00, 0xE0, 0x00, 0x00, 0x00, 0x00, 0x00, 0x0E, 0x07, 0x01, 0xE1, 0xE0, 0x1F, 0xF8,
    0x01, 0xFE, 0x00, 0x1F, 0x80, 0x00, 0x00, 0x00, 0x00, 0x00, 0x00, 0x00, 0x03, 0xFC, 0x01, 0xFF,
    0xE0, 0x7F, 0xFE, 0x1F, 0xFF, 0xE7, 0xE0, 0x7E, 0xF8, 0x07, 0xC6, 0x00, 0xF8, 0x00, 0x1F, 0x00,
    0x03, 0xE0, 0x0F, 0xFC, 0x3F, 0xFF, 0x9F, 0xFF, 0xF7, 0xFF, 0x3F, 0xFC, 0x07, 0xFE, 0x00, 0xFF,
    0xC0, 0x1F, 0xF8, 0x03, 0xFF, 0x00, 0xFF, 0xF0, 0x3F, 0xBF, 0xFF, 0xF7, 0xFF, 0xFE, 0x7F, 0xF7,
    0xC3, 0xF8, 0xF8, 0x0F, 0x80, 0x00, 0xF0, 0x00, 0x0F, 0x00, 0x01, 0xE0, 0x00, 0x1E, 0x00, 0x03,
    0xC0, 0x00, 0x00, 0x00, 0x00, 0x00, 0x1C, 0x07, 0x03, 0xC1, 0xE0, 0x3F, 0xF8, 0x03, 0xFE, 0x00,
    0x3F, 0x80, 0x00, 0x00, 0x00, 0x00, 0x00, 0x00, 0x00, 0x03, 0xFC, 0x01, 0xFF, 0xE0, 0x7F, 0xFE,
    0x1F, 0xFF, 0xE7, 0xE0, 0x7E, 0xF8, 0x07, 0xC6, 0x00, 0xF8, 0x00, 0x1F, 0x00, 0x03, 0xE0, 0x0F,
    0xFC, 0x3F, 0xFF, 0x9F, 0xFF, 0xF7, 0xFF, 0x3F, 0xFC, 0x07, 0xFE, 0x00, 0xFF, 0xC0, 0x1F, 0xF8,
    0x03, 0xFF, 0x00, 0xFF, 0xF0, 0x3F, 0xBF, 0xFF, 0xF7, 0xFF, 0xFE, 0x7F, 0xF7, 0xC3, 0xF8, 0xF8,
    0x07, 0xC7, 0x00, 0xFF, 0xE0, 0x3F, 0xFC, 0x07, 0x1F, 0x00, 0x00, 0x00, 0x00, 0x00, 0x00, 0x00,
    0x00, 0x70, 0x38, 0x0F, 0x0F, 0x00, 0xFF, 0xC0, 0x0F, 0xF0, 0x00, 0xFC, 0x00, 0x00, 0x00, 0x00,
    0x00, 0x00, 0x00, 0x00, 0x1F, 0xE0, 0x0F, 0xFF, 0x03, 0xFF, 0xF0, 0xFF, 0xFF, 0x3F, 0x03, 0xF7,
    0xC0, 0x3E, 0x30, 0x07, 0xC0, 0x00, 0xF8, 0x00, 0x1F, 0x00, 0x7F, 0xE1, 0xFF, 0xFC, 0xFF, 0xFF,
    0xBF, 0xF9, 0xFF, 0xE0, 0x3F, 0xF0, 0x07, 0xFE, 0x00, 0xFF, 0xC0, 0x1F, 0xF8, 0x07, 0xFF, 0x81,
    0xFD, 0xFF, 0xFF, 0xBF, 0xFF, 0xF3, 0xFF, 0xBE, 0x1F, 0xC7, 0xC0, 0x0E, 0x07, 0x01, 0xC0, 0xE0,
    0x3C, 0x3C, 0x03, 0xFF, 0x00, 0x3F, 0xC0, 0x03, 0xF0, 0x00, 0x00, 0x00, 0x00, 0x00, 0x00, 0x00,
    0x00, 0x7F, 0x80, 0x3F, 0xFC, 0x0F, 0xFF, 0xC3, 0xFF, 0xFC, 0xFC, 0x0F, 0xDF, 0x00, 0xF8, 0xC0,
    0x1F, 0x00, 0x03, 0xE0, 0x00, 0x7C, 0x01, 0xFF, 0x87, 0xFF, 0xF3, 0xFF, 0xFE, 0xFF, 0xE7, 0xFF,
    0x80, 0xFF, 0xC0, 0x1F, 0xF8, 0x03, 0xFF, 0x00, 0x7F, 0xE0, 0x1F, 0xFE, 0x07, 0xF7, 0xFF, 0xFE,
    0xFF, 0xFF, 0xCF, 0xFE, 0xF8, 0x7F, 0x1F, 0x00, 0x00, 0x00, 0x00, 0x00, 0x00, 0x00, 0x00, 0x00,
    0x00, 0x0F, 0x00, 0x03, 0xF0, 0x00, 0x7E, 0x00, 0x0F, 0xC0, 0x00, 0xF0, 0x00, 0x00, 0x00, 0x1F,
    0x01, 0xFC, 0x1F, 0xF1, 0xE3, 0x9E, 0x1C, 0xE1, 0xCF, 0xFE, 0x7F, 0xE3, 0xFE, 0x3C, 0x01, 0xE0,
    0x0F, 0x06, 0x78, 0xF1, 0xFF, 0x0F, 0xF0, 0x3F, 0x00, 0x00, 0x00, 0x00, 0x30, 0x03, 0x80, 0x3C,
    0x01, 0xE0, 0x06, 0x00, 0x01, 0xF0, 0x00, 0x0F, 0xC0, 0x00, 0x7F, 0x00, 0x00, 0x70, 0x00, 0x07,
    0x80, 0x00, 0x38, 0x00, 0x00, 0x00, 0x00, 0x00, 0x00, 0x00, 0x00, 0x00, 0x0F, 0xE0, 0x01, 0xFF,
    0xC0, 0x3F, 0xFF, 0x03, 0xFF, 0xFC, 0x1F, 0x83, 0xF1, 0xF0, 0x0F, 0xCF, 0x80, 0x3E, 0xF8, 0x01,
    0xF7, 0xC0, 0x07, 0xBF, 0xFF, 0xFF, 0xFF, 0xFF, 0xFF, 0xFF, 0xFF, 0xFF, 0xFF, 0xFF, 0xE0, 0x00,
    0x1F, 0x00, 0x00, 0xF8, 0x00, 0x03, 0xE0, 0x06, 0x1F, 0x00, 0x7C, 0x7E, 0x07, 0xE3, 0xFF, 0xFE,
    0x0F, 0xFF, 0xE0, 0x1F, 0xFE, 0x00, 0x3F, 0xC0, 0x01, 0x00, 0x03, 0xE0, 0x83, 0xF9, 0xE1, 0xDF,
    0xE0, 0xC7, 0xE0, 0x00, 0xE0, 0x00, 0x00, 0x07, 0xC0, 0x07, 0xF0, 0x07, 0xFC, 0x07, 0x8E, 0x07,
    0x87, 0x03, 0x87, 0x03, 0xFF, 0x81, 0xFF, 0x80, 0xFF, 0x80, 0xF0, 0x00, 0x78, 0x00, 0x3C, 0x18,
    0x1E, 0x3C, 0x07, 0xFC, 0x03, 0xFC, 0x00, 0xFC, 0x00, 0x00, 0x00, 0x00, 0x01, 0xF0, 0x00, 0x0F,
    0x00, 0x00, 0x78, 0x00, 0x07, 0x80, 0x00, 0x38, 0x00, 0x03, 0xC0, 0x00, 0x00, 0x00, 0x0E, 0x00,
    0x00, 0xF8, 0x00, 0x0F, 0xE0, 0x00, 0xF7, 0x80, 0x0F, 0x3E, 0x00, 0xF0, 0xF8, 0x07, 0x83, 0xC0,
    0x00, 0x00, 0x00, 0x00, 0x00, 0x01, 0xFC, 0x00, 0x3F, 0xF8, 0x07, 0xFF, 0xE0, 0x7F, 0xFF, 0x83,
    0xF0, 0x7E, 0x3E, 0x01, 0xF9, 0xF0, 0x07, 0xDF, 0x00, 0x3E, 0xF8, 0x00, 0xF7, 0xFF, 0xFF, 0xFF,
    0xFF, 0xFF, 0xFF, 0xFF, 0xFF, 0xFF, 0xFF, 0xFC, 0x00, 0x03, 0xE0, 0x00, 0x1F, 0x00, 0x00, 0x7C,
    0x00, 0xC3, 0xE0, 0x0F, 0x8F, 0xC0, 0xFC, 0x7F, 0xFF, 0xC1, 0xFF, 0xFC, 0x03, 0xFF, 0xC0, 0x07,
    0xF8, 0x00, 0x00, 0x3E, 0x00, 0x03, 0xC0, 0x00, 0x78, 0x00, 0x07, 0x80, 0x00, 0x70, 0x00, 0x0F,
    0x00, 0x00, 0x00, 0x07, 0x00, 0x01, 0xF8, 0x00, 0x7F, 0x00, 0x1E, 0xF0, 0x07, 0x8F, 0x01, 0xF0,
    0xF0, 0x00, 0x00, 0x00, 0x00, 0x00, 0x00, 0x00, 0xFF, 0xFF, 0xFF, 0xFF, 0xFF, 0xFF, 0xFF, 0xFF,
    0xFF, 0xFF, 0x80, 0x01, 0xF0, 0x00, 0x3E, 0x00, 0x07, 0xC0, 0x00, 0xF8, 0x00, 0x1F, 0x00, 0x03,
    0xE0, 0x00, 0x7C, 0x00, 0x0F, 0x80, 0x01, 0xFF, 0xFF, 0xBF, 0xFF, 0xF7, 0xFF, 0xFE, 0xFF, 0xFF,
    0xDF, 0x00, 0x03, 0xE0, 0x00, 0x7C, 0x00, 0x0F, 0x80, 0x01, 0xF0, 0x00, 0x3E, 0x00, 0x07, 0xC0,
    0x00, 0xF8, 0x00, 0x1F, 0x00, 0x03, 0xFF, 0xFF, 0xFF, 0xFF, 0xFF, 0xFF, 0xFF, 0xFF, 0xFF, 0xC0,
    0x00, 0x1E, 0x00, 0x00, 0xF8, 0x00, 0x03, 0xC0, 0x00, 0x0F, 0x00, 0x00, 0x78, 0x00, 0x01, 0xE0,
    0x00, 0x00, 0x00, 0x0E, 0x00, 0x00, 0xF8, 0x00, 0x0F, 0xE0, 0x00, 0xF7, 0x80, 0x0F, 0x3E, 0x00,
    0xF0, 0xF8, 0x07, 0x83, 0xC0, 0x00, 0x00, 0x00, 0x00, 0x00, 0x01, 0xFC, 0x00, 0x3F, 0xF8, 0x07,
    0xFF, 0xE0, 0x7F, 0xFF, 0x83, 0xF0, 0x7E, 0x3E, 0x01, 0xF9, 0xF0, 0x07, 0xDF, 0x00, 0x3E, 0xF8,
    0x00, 0xF7, 0xFF, 0xFF, 0xFF, 0xFF, 0xFF, 0xFF, 0xFF, 0xFF, 0xFF, 0xFF, 0xFC, 0x00, 0x03, 0xE0,
    0x00, 0x1F, 0x00, 0x00, 0x7C, 0x00, 0xC3, 0xE0, 0x0F, 0x8F, 0xC0, 0xFC, 0x7F, 0xFF, 0xC1, 0xFF,
    0xFC, 0x03, 0xFF, 0xC0, 0x07, 0xF8, 0x00, 0x00, 0x0F, 0x80, 0x00, 0x7E, 0x00, 0x03, 0xF0, 0x00,
    0x03, 0x80, 0x00, 0x38, 0x00, 0x01, 0x80, 0x00, 0x00, 0x00, 0x0F, 0x00, 0x00, 0xFC, 0x00, 0x0F,
    0xF0, 0x00, 0xFF, 0x80, 0x0F, 0x9E, 0x00, 0xF8, 0x78, 0x07, 0x81, 0xC0, 0x00, 0x00, 0x00, 0x00,
    0x00, 0x01, 0xFC, 0x00, 0x3F, 0xF8, 0x07, 0xFF, 0xE0, 0x7F, 0xFF, 0x83, 0xF0, 0x7E, 0x3E, 0x01,
    0xF9, 0xF0, 0x07, 0xDF, 0x00, 0x3E, 0xF8, 0x00, 0xF7, 0xFF, 0xFF, 0xFF, 0xFF, 0xFF, 0xFF, 0xFF,
    0xFF, 0xFF, 0xFF, 0xFC, 0x00, 0x03, 0xE0, 0x00, 0x1F, 0x00, 0x00, 0x7C, 0x00, 0xC3, 0xE0, 0x0F,
    0x8F, 0xC0, 0xFC, 0x7F, 0xFF, 0xC1, 0xFF, 0xFC, 0x03, 0xFF, 0xC0, 0x07, 0xF8, 0x00, 0x00, 0xF0,
    0x00, 0x0F, 0xC0, 0x00, 0xFF, 0x00, 0x0F, 0x3C, 0x00, 0xF0, 0xF0, 0x07, 0x07, 0xC0, 0x00, 0x00,
    0x00, 0x00, 0x00, 0x00, 0x00, 0x00, 0x0F, 0xE0, 0x01, 0xFF, 0xC0, 0x3F, 0xFF, 0x03, 0xFF, 0xFC,
    0x1F, 0x83, 0xF1, 0xF0, 0x0F, 0x8F, 0x80, 0x3E, 0xF8, 0x01, 0xF7, 0xC0, 0x07, 0xBF, 0xFF, 0xFF,
    0xFF, 0xFF, 0xFF, 0xFF, 0xFF, 0xFF, 0xFF, 0xFF, 0xE0, 0x00, 0x1F, 0x00, 0x00, 0xF8, 0x00, 0x03,
    0xE0, 0x06, 0x1F, 0x00, 0x7C, 0x7E, 0x07, 0xE3, 0xFF, 0xFE, 0x0F, 0xFF, 0xE0, 0x1F, 0xFE, 0x00,
    0x3F, 0xC0, 0x00, 0x00, 0x00, 0x00, 0x00, 0x00, 0x00, 0x00, 0x00, 0x00, 0x00, 0x0F, 0x00, 0x00,
    0xFC, 0x00, 0x07, 0xE0, 0x00, 0x3F, 0x00, 0x00, 0xF0, 0x00, 0xFC, 0xFE, 0xFF, 0x0E, 0x1E, 0x1C,
    0x00, 0x00, 0x00, 0x3E, 0x3E, 0x3E, 0x3E, 0x3E, 0x3E, 0x3E, 0x3E, 0x3E, 0x3E, 0x3E, 0x3E, 0x3E,
    0x3E, 0x3E, 0x3E, 0x3E, 0x3E, 0x3E, 0x3E, 0x3E, 0x3E, 0x3E, 0x00, 0x00, 0x03, 0x80, 0x1E, 0x01,
    0xF0, 0x0F, 0x00, 0x78, 0x01, 0x00, 0x00, 0x00, 0x00, 0x00, 0x00, 0x00, 0x03, 0x00, 0x1C, 0x01,
    0xE0, 0x0F, 0x00, 0x70, 0x07, 0x80, 0x3C, 0x03, 0xC0, 0x1E, 0x00, 0xF0, 0x07, 0x00, 0x38, 0x00,
    0xC0, 0x00, 0x00, 0x00, 0x0C, 0x00, 0xF0, 0x07, 0x80, 0x3C, 0x01, 0xC0, 0x00, 0x00, 0x00, 0x00,
    0x00, 0x00, 0x1F, 0x00, 0x00, 0xFE, 0x00, 0x0F, 0xFC, 0x00, 0x78, 0x78, 0x03, 0xC0, 0xE0, 0x1E,
    0x03, 0xC0, 0xF0, 0x0F, 0x03, 0xC0, 0x3C, 0x1E, 0x00, 0xF0, 0x70, 0x03, 0xC3, 0xC0, 0x0F, 0x0E,
    0x00, 0x3C, 0x78, 0x01, 0xF1, 0xE0, 0x07, 0xC7, 0x00, 0x1E, 0x3C, 0x00, 0xF8, 0xF0, 0x03, 0xC3,
    0x80, 0x0F, 0x0E, 0x00, 0x78, 0x78, 0x03, 0xE1, 0xE0, 0x0F, 0x07, 0x80, 0x7C, 0x1E, 0x03, 0xE0,
    0x78, 0x1F, 0x01, 0xE0, 0xFC, 0x07, 0xC7, 0xE0, 0x1F, 0xFF, 0x00, 0x3F, 0xF8, 0x00, 0x7F, 0xC0,
    0x00, 0xFC, 0x00, 0x01, 0x00, 0x00, 0x0E, 0x00, 0x00, 0x78, 0x00, 0x01, 0xE0, 0x00, 0x07, 0x00,
    0x00, 0x00, 0x00, 0x00, 0x00, 0xF0, 0x07, 0xF0, 0x1F, 0xF0, 0x7F, 0xE1, 0xF1, 0xC3, 0xC3, 0x8F,
    0x0F, 0x3E, 0x1E, 0x78, 0x78, 0xF0, 0xF1, 0xC3, 0xC3, 0x8F, 0x87, 0xFE, 0x0F, 0xF8, 0x0F, 0xC0,
    0x1F, 0x00, 0x00, 0x00, 0x00, 0x00, 0xC0, 0x03, 0xC0, 0x0F, 0x80, 0x1E, 0x00, 0x18, 0x00, 0x00,
    0x01, 0xF8, 0x00, 0x0F, 0xC0, 0x00, 0x7F, 0x00, 0x00, 0x78, 0x00, 0x03, 0x80, 0x00, 0x38, 0x00,
    0x00, 0x00, 0x00, 0x00, 0x00, 0x00, 0x00, 0x00, 0x0F, 0xE0, 0x01, 0xFF, 0xC0, 0x3F, 0xFF, 0x83,
    0xFF, 0xFE, 0x1F, 0x83, 0xF1, 0xF8, 0x0F, 0xCF, 0x80, 0x3E, 0xF8, 0x00, 0xFF, 0xC0, 0x07, 0xFE,
    0x00, 0x3F, 0xF0, 0x01, 0xFF, 0x80, 0x0F, 0xFC, 0x00, 0x7F, 0xE0, 0x03, 0xFF, 0x00, 0x1F, 0xF8,
    0x00, 0xFB, 0xE0, 0x0F, 0x9F, 0x80, 0xFC, 0x7E, 0x0F, 0xC3, 0xFF, 0xFE, 0x0F, 0xFF, 0xE0, 0x1F,
    0xFC, 0x00, 0x3F, 0x80, 0x00, 0x00, 0x1F, 0x00, 0x00, 0x01, 0xE0, 0x00, 0x00, 0x3C, 0x00, 0x00,
    0x03, 0xC0, 0x00, 0x00, 0x78, 0x00, 0x00, 0x07, 0x00, 0x00, 0x00, 0x00, 0x00, 0x00, 0x00, 0x00,
    0x00, 0x1F, 0x80, 0x00, 0x03, 0xF8, 0x00, 0x00, 0x3F, 0xC0, 0x00, 0x07, 0x9E, 0x00, 0x00, 0xF1,
    0xF0, 0x00, 0x1F, 0x0F, 0x00, 0x01, 0xE0, 0x70, 0x00, 0x00, 0x00, 0x00, 0x00, 0x00, 0x00, 0x00,
    0x07, 0xFC, 0x00, 0x01, 0xFF, 0xF0, 0x00, 0x7F, 0xFF, 0xC0, 0x0F, 0xFF, 0xFE, 0x01, 0xFC, 0x07,
    0xF0, 0x1F, 0x80, 0x1F, 0x83, 0xE0, 0x00, 0xFC, 0x7E, 0x00, 0x07, 0xC7, 0xC0, 0x00, 0x7E, 0x7C,
    0x00, 0x03, 0xEF, 0x80, 0x00, 0x3E, 0xF8, 0x00, 0x01, 0xEF, 0x80, 0x00, 0x1E, 0xF8, 0x00, 0x01,
    0xFF, 0x80, 0x00, 0x1F, 0xF8, 0x00, 0x01, 0xFF, 0x80, 0x00, 0x1F, 0xF8, 0x00, 0x01, 0xEF, 0x80,
    0x00, 0x1E, 0xF8, 0x00, 0x03, 0xE7, 0xC0, 0x00, 0x3E, 0x7C, 0x00, 0x07, 0xE7, 0xE0, 0x00, 0x7C,
    0x3E, 0x00, 0x0F, 0xC1, 0xF8, 0x01, 0xF8, 0x1F, 0xC0, 0x7F, 0x00, 0xFF, 0xFF, 0xE0, 0x07, 0xFF,
    0xFC, 0x00, 0x1F, 0xFF, 0x80, 0x00, 0x7F, 0xC0, 0x00, 0x00, 0x00, 0xF0, 0x00, 0x0F, 0x80, 0x00,
    0x78, 0x00, 0x07, 0x80, 0x00, 0x3C, 0x00, 0x03, 0xC0, 0x00, 0x00, 0x00, 0x0E, 0x00, 0x00, 0xF8,
    0x00, 0x0F, 0xE0, 0x00, 0xF7, 0x80, 0x0F, 0x1E, 0x00, 0xF8, 0xF8, 0x07, 0x83, 0xC0, 0x00, 0x00,
    0x00, 0x00, 0x00, 0x01, 0xFC, 0x00, 0x3F, 0xF8, 0x07, 0xFF, 0xF0, 0x7F, 0xFF, 0xC3, 0xF0, 0x7E,
    0x3F, 0x01, 0xF9, 0xF0, 0x07, 0xDF, 0x00, 0x1F, 0xF8, 0x00, 0xFF, 0xC0, 0x07, 0xFE, 0x00, 0x3F,
    0xF0, 0x01, 0xFF, 0x80, 0x0F, 0xFC, 0x00, 0x7F, 0xE0, 0x03, 0xFF, 0x00, 0x1F, 0x7C, 0x01, 0xF3,
    0xF0, 0x1F, 0x8F, 0xC1, 0xF8, 0x7F, 0xFF, 0xC1, 0xFF, 0xFC, 0x03, 0xFF, 0x80, 0x07, 0xF0, 0x00,
    0x00, 0x03, 0xE0, 0x00, 0x00, 0x1E, 0x00, 0x00, 0x00, 0xF0, 0x00, 0x00, 0x0F, 0x00, 0x00, 0x00,
    0x78, 0x00, 0x00, 0x03, 0x80, 0x00, 0x00, 0x00, 0x00, 0x00, 0x00, 0x00, 0x00, 0x1F, 0x80, 0x00,
    0x03, 0xF8, 0x00, 0x00, 0x3F, 0xC0, 0x00, 0x07, 0x9E, 0x00, 0x00, 0xF1, 0xF0, 0x00, 0x1F, 0x0F,
    0x00, 0x01, 0xE0, 0x70, 0x00, 0x00, 0x00, 0x00, 0x00, 0x00, 0x00, 0x00, 0x07, 0xFC, 0x00, 0x01,
    0xFF, 0xF0, 0x00, 0x7F, 0xFF, 0xC0, 0x0F, 0xFF, 0xFE, 0x01, 0xFC, 0x07, 0xF0, 0x1F, 0x80, 0x1F,
    0x83, 0xE0, 0x00, 0xFC, 0x7E, 0x00, 0x07, 0xC7, 0xC0, 0x00, 0x7E, 0x7C, 0x00, 0x03, 0xEF, 0x80,
    0x00, 0x3E, 0xF8, 0x00, 0x01, 0xEF, 0x80, 0x00, 0x1E, 0xF8, 0x00, 0x01, 0xFF, 0x80, 0x00, 0x1F,
    0xF8, 0x00, 0x01, 0xFF, 0x80, 0x00, 0x1F, 0xF8, 0x00, 0x01, 0xEF, 0x80, 0x00, 0x1E, 0xF8, 0x00,
    0x03, 0xE7, 0xC0, 0x00, 0x3E, 0x7C, 0x00, 0x07, 0xE7, 0xE0, 0x00, 0x7C, 0x3E, 0x00, 0x0F, 0xC1,
    0xF8, 0x01, 0xF8, 0x1F, 0xC0, 0x7F, 0x00, 0xFF, 0xFF, 0xE0, 0x07, 0xFF, 0xFC, 0x00, 0x1F, 0xFF,
    0x80, 0x00, 0x7F, 0xC0, 0x00, 0x00, 0x1E, 0x00, 0x00, 0x78, 0x00, 0x03, 0xC0, 0x00, 0x0F, 0x00,
    0x00, 0x38, 0x00, 0x01, 0xE0, 0x00, 0x00, 0x00, 0x0E, 0x00, 0x00, 0xF8, 0x00, 0x0F, 0xE0, 0x00,
    0xF7, 0x80, 0x0F, 0x1E, 0x00, 0xF8, 0xF8, 0x07, 0x83, 0xC0, 0x00, 0x00, 0x00, 0x00, 0x00, 0x01,
    0xFC, 0x00, 0x3F, 0xF8, 0x07, 0xFF, 0xF0, 0x7F, 0xFF, 0xC3, 0xF0, 0x7E, 0x3F, 0x01, 0xF9, 0xF0,
    0x07, 0xDF, 0x00, 0x1F, 0xF8, 0x00, 0xFF, 0xC0, 0x07, 0xFE, 0x00, 0x3F, 0xF0, 0x01, 0xFF, 0x80,
    0x0F, 0xFC, 0x00, 0x7F, 0xE0, 0x03, 0xFF, 0x00, 0x1F, 0x7C, 0x01, 0xF3, 0xF0, 0x1F, 0x8F, 0xC1,
    0xF8, 0x7F, 0xFF, 0xC1, 0xFF, 0xFC, 0x03, 0xFF, 0x80, 0x07, 0xF0, 0x00, 0x00, 0x0F, 0x80, 0x00,
    0x7E, 0x00, 0x03, 0xF0, 0x00, 0x03, 0x80, 0x00, 0x38, 0x00, 0x01, 0xC0, 0x00, 0x00, 0x00, 0x0F,
    0x00, 0x00, 0xFC, 0x00, 0x0F, 0xF0, 0x00, 0xFF, 0x80, 0x0F, 0x9E, 0x00, 0xF8, 0x78, 0x07, 0x81,
    0xC0, 0x00, 0x00, 0x00, 0x00, 0x00, 0x01, 0xFC, 0x00, 0x3F, 0xF8, 0x07, 0xFF, 0xF0, 0x7F, 0xFF,
    0xC3, 0xF0, 0x7E, 0x3F, 0x01, 0xF9, 0xF0, 0x07, 0xDF, 0x00, 0x1F, 0xF8, 0x00, 0xFF, 0xC0, 0x07,
    0xFE, 0x00, 0x3F, 0xF0, 0x01, 0xFF, 0x80, 0x0F, 0xFC, 0x00, 0x7F, 0xE0, 0x03, 0xFF, 0x00, 0x1F,
    0x7C, 0x01, 0xF3, 0xF0, 0x1F, 0x8F, 0xC1, 0xF8, 0x7F, 0xFF, 0xC1, 0xFF, 0xFC, 0x03, 0xFF, 0x80,
    0x07, 0xF0, 0x00, 0x03, 0xE3, 0x80, 0x3F, 0xFC, 0x03, 0xFF, 0xC0, 0x1C, 0x7C, 0x00, 0x00, 0x00,
    0x00, 0x00, 0x00, 0x03, 0xE0, 0x00, 0x3F, 0x80, 0x03, 0xFC, 0x00, 0x1E, 0xF0, 0x01, 0xE3, 0xC0,
    0x1E, 0x0F, 0x00, 0xE0, 0x38, 0x00, 0x00, 0x00, 0x00, 0x00, 0x00, 0x3F, 0x80, 0x07, 0xFF, 0x00,
    0xFF, 0xFE, 0x0F, 0xFF, 0xF8, 0x7E, 0x0F, 0xC7, 0xE0, 0x3F, 0x3E, 0x00, 0xFB, 0xE0, 0x03, 0xFF,
    0x00, 0x1F, 0xF8, 0x00, 0xFF, 0xC0, 0x07, 0xFE, 0x00, 0x3F, 0xF0, 0x01, 0xFF, 0x80, 0x0F, 0xFC,
    0x00, 0x7F, 0xE0, 0x03, 0xEF, 0x80, 0x3E, 0x7E, 0x03, 0xF1, 0xF8, 0x3F, 0x0F, 0xFF, 0xF8, 0x3F,
    0xFF, 0x80, 0x7F, 0xF0, 0x00, 0xFE, 0x00, 0x00, 0x0F, 0x00, 0x00, 0x01, 0xF8, 0x00, 0x00, 0x3F,
    0xC0, 0x00, 0x07, 0xBE, 0x00, 0x00, 0xF9, 0xE0, 0x00, 0x1F, 0x0F, 0x00, 0x01, 0xE0, 0x78, 0x00,
    0x00, 0x00, 0x00, 0x00, 0x00, 0x00, 0x00, 0x00, 0x00, 0x00, 0x00, 0x7F, 0xC0, 0x00, 0x1F, 0xFF,
    0x00, 0x07, 0xFF, 0xFC, 0x00, 0xFF, 0xFF, 0xE0, 0x1F, 0xC0, 0x7F, 0x01, 0xF8, 0x01, 0xF8, 0x3E,
    0x00, 0x0F, 0xC7, 0xE0, 0x00, 0x7C, 0x7C, 0x00, 0x07, 0xE7, 0xC0, 0x00, 0x3E, 0xF8, 0x00, 0x03,
    0xEF, 0x80, 0x00, 0x1E, 0xF8, 0x00, 0x01, 0xEF, 0x80, 0x00, 0x1F, 0xF8, 0x00, 0x01, 0xFF, 0x80,
    0x00, 0x1F, 0xF8, 0x00, 0x01, 0xFF, 0x80, 0x00, 0x1E, 0xF8, 0x00, 0x01, 0xEF, 0x80, 0x00, 0x3E,
    0x7C, 0x00, 0x03, 0xE7, 0xC0, 0x00, 0x7E, 0x7E, 0x00, 0x07, 0xC3, 0xE0, 0x00, 0xFC, 0x1F, 0x80,
    0x1F, 0x81, 0xFC, 0x07, 0xF0, 0x0F, 0xFF, 0xFE, 0x00, 0x7F, 0xFF, 0xC0, 0x01, 0xFF, 0xF8, 0x00,
    0x07, 0xFC, 0x00, 0x00, 0x00, 0x00, 0x00, 0x00, 0x00, 0x00, 0x00, 0x00, 0x00, 0x00, 0x00, 0x00,
    0x00, 0x00, 0x0F, 0x00, 0x00, 0x01, 0xF8, 0x00, 0x00, 0x1F, 0x80, 0x00, 0x01, 0xF8, 0x00, 0x00,
    0x0F, 0x00, 0x00, 0x00, 0x78, 0x00, 0x07, 0xE0, 0x00, 0x7F, 0x80, 0x07, 0x9E, 0x00, 0x78, 0x70,
    0x07, 0x83, 0xC0, 0x00, 0x00, 0x00, 0x00, 0x00, 0x00, 0x00, 0x00, 0x0F, 0xE0, 0x01, 0xFF, 0xC0,
    0x3F, 0xFF, 0x83, 0xFF, 0xFE, 0x1F, 0x83, 0xF1, 0xF8, 0x0F, 0xCF, 0x80, 0x3E, 0xF8, 0x00, 0xFF,
    0xC0, 0x07, 0xFE, 0x00, 0x3F, 0xF0, 0x01, 0xFF, 0x80, 0x0F, 0xFC, 0x00, 0x7F, 0xE0, 0x03, 0xFF,
    0x00, 0x1F, 0xF8, 0x00, 0xFB, 0xE0, 0x0F, 0x9F, 0x80, 0xFC, 0x7E, 0x0F, 0xC3, 0xFF, 0xFE, 0x0F,
    0xFF, 0xE0, 0x1F, 0xFC, 0x00, 0x3F, 0x80, 0x00, 0x00, 0x00, 0x00, 0x00, 0x00, 0x00, 0x00, 0x00,
    0x00, 0x00, 0x07, 0x80, 0x00, 0x7E, 0x00, 0x03, 0xF0, 0x00, 0x1F, 0x80, 0x00, 0x78, 0x00, 0x00,
    0x1F, 0x00, 0x00, 0x78, 0x00, 0x03, 0xE0, 0x00, 0x0F, 0x00, 0x00, 0x78, 0x3C, 0x01, 0xE0, 0xF0,
    0x00, 0x03, 0xC0, 0x00, 0x0F, 0x00, 0x00, 0x3C, 0x07, 0xFF, 0xF0, 0x7F, 0xFF, 0x87, 0xFF, 0xFC,
    0x3F, 0xFF, 0xE0, 0xFC, 0x1F, 0x87, 0xE0, 0x3F, 0x1F, 0x00, 0x7C, 0xF8, 0x00, 0xFB, 0xE0, 0x03,
    0xEF, 0x80, 0x0F, 0xBE, 0x00, 0x3E, 0xF8, 0x00, 0xFB, 0xE0, 0x03, 0xEF, 0x80, 0x0F, 0xBE, 0x00,
    0x3E, 0xF8, 0x00, 0xF9, 0xF0, 0x07, 0xC7, 0xE0, 0x3F, 0x0F, 0xC1, 0xF8, 0x3F, 0xFF, 0xE0, 0x7F,
    0xFF, 0x00, 0x7F, 0xF0, 0x00, 0x7F, 0x00, 0x07, 0xC0, 0x00, 0x0F, 0x00, 0x00, 0x3E, 0x00, 0x00,
    0x78, 0x00, 0x00, 0xF0, 0x3C, 0x03, 0xC0, 0xF0, 0x00, 0x03, 0xC0, 0x00, 0x0F, 0x00, 0x00, 0x3C,
    0x07, 0xFF, 0xF0, 0x7F, 0xFF, 0x87, 0xFF, 0xFC, 0x3F, 0xFF, 0xE0, 0xFC, 0x1F, 0x87, 0xE0, 0x3F,
    0x1F, 0x00, 0x7C, 0xF8, 0x00, 0xFB, 0xE0, 0x03, 0xEF, 0x80, 0x0F, 0xBE, 0x00, 0x3E, 0xF8, 0x00,
    0xFB, 0xE0, 0x03, 0xEF, 0x80, 0x0F, 0xBE, 0x00, 0x3E, 0xF8, 0x00, 0xF9, 0xF0, 0x07, 0xC7, 0xE0,
    0x3F, 0x0F, 0xC1, 0xF8, 0x3F, 0xFF, 0xE0, 0x7F, 0xFF, 0x00, 0x7F, 0xF0, 0x00, 0x7F, 0x00, 0x00,
    0x3F, 0x00, 0x00, 0x03, 0xF8, 0x00, 0x00, 0x3F, 0x80, 0x00, 0x00, 0x78, 0x00, 0x00, 0x07, 0x80,
    0x00, 0x00, 0x70, 0x1E, 0x00, 0x0F, 0x01, 0xF0, 0x00, 0x00, 0x1F, 0x00, 0x00, 0x01, 0xF0, 0x00,
    0x00, 0x1F, 0x00, 0x7F, 0xFF, 0xF0, 0x1F, 0xFF, 0xFE, 0x07, 0xFF, 0xFF, 0xC0, 0xFF, 0xFF, 0xE0,
    0x1F, 0xC0, 0x7F, 0x01, 0xF8, 0x01, 0xF8, 0x3E, 0x00, 0x0F, 0xC7, 0xE0, 0x00, 0x7C, 0x7C, 0x00,
    0x07, 0xE7, 0xC0, 0x00, 0x3E, 0xF8, 0x00, 0x03, 0xEF, 0x80, 0x00, 0x1E, 0xF8, 0x00, 0x01, 0xEF,
    0x80, 0x00, 0x1F, 0xF8, 0x00, 0x01, 0xFF, 0x80, 0x00, 0x1F, 0xF8, 0x00, 0x01, 0xFF, 0x80, 0x00,
    0x1E, 0xF8, 0x00, 0x01, 0xEF, 0x80, 0x00, 0x3E, 0x7C, 0x00, 0x03, 0xE7, 0xC0, 0x00, 0x7E, 0x7E,
    0x00, 0x07, 0xC3, 0xE0, 0x00, 0xFC, 0x1F, 0x80, 0x1F, 0x81, 0xFC, 0x07, 0xF0, 0x0F, 0xFF, 0xFE,
    0x00, 0x7F, 0xFF, 0xC0, 0x01, 0xFF, 0xF8, 0x00, 0x07, 0xFC, 0x00, 0x01, 0xF8, 0x00, 0x07, 0xE0,
    0x00, 0x1F, 0xC0, 0x00, 0x0F, 0x00, 0x00, 0x38, 0x3C, 0x01, 0xC0, 0xF0, 0x00, 0x03, 0xC0, 0x00,
    0x0F, 0x00, 0x00, 0x3C, 0x07, 0xFF, 0xF0, 0x7F, 0xFF, 0x87, 0xFF, 0xFC, 0x3F, 0xFF, 0xE0, 0xFC,
    0x1F, 0x87, 0xE0, 0x3F, 0x1F, 0x00, 0x7C, 0xF8, 0x00, 0xFB, 0xE0, 0x03, 0xEF, 0x80, 0x0F, 0xBE,
    0x00, 0x3E, 0xF8, 0x00, 0xFB, 0xE0, 0x03, 0xEF, 0x80, 0x0F, 0xBE, 0x00, 0x3E, 0xF8, 0x00, 0xF9,
    0xF0, 0x07, 0xC7, 0xE0, 0x3F, 0x0F, 0xC1, 0xF8, 0x3F, 0xFF, 0xE0, 0x7F, 0xFF, 0x00, 0x7F, 0xF0,
    0x00, 0x7F, 0x00, 0x03, 0xFF, 0x00, 0x1F, 0xFC, 0x00, 0x7F, 0xE0, 0x00, 0x00, 0x0F, 0x00, 0x00,
    0x3C, 0x00, 0x00, 0xF0, 0x00, 0x03, 0xC0, 0x7F, 0xFF, 0x07, 0xFF, 0xFC, 0x7F, 0xFF, 0xC3, 0xFF,
    0xFE, 0x0F, 0xC1, 0xF8, 0x7E, 0x03, 0xF1, 0xF0, 0x07, 0xCF, 0x80, 0x0F, 0xBE, 0x00, 0x3E, 0xF8,
    0x00, 0xFB, 0xE0, 0x03, 0xEF, 0x80, 0x0F, 0xBE, 0x00, 0x3E, 0xF8, 0x00, 0xFB, 0xE0, 0x03, 0xEF,
    0x80, 0x0F, 0x9F, 0x00, 0x7C, 0x7E, 0x03, 0xF0, 0xFC, 0x1F, 0x83, 0xFF, 0xFE, 0x07, 0xFF, 0xF0,
    0x07, 0xFF, 0x00, 0x07, 0xF0, 0x00, 0x00, 0x00, 0x3C, 0x00, 0x00, 0xF0, 0x00, 0x03, 0xC0, 0x00,
    0x0F, 0x00, 0x00, 0x3C, 0x07, 0xFF, 0xF0, 0x7F, 0xFF, 0xC7, 0xFF, 0xFC, 0x3F, 0xFF, 0xE0, 0xFC,
    0x1F, 0x87, 0xE0, 0x3F, 0x1F, 0x00, 0x7C, 0xF8, 0x00, 0xFB, 0xE0, 0x03, 0xEF, 0x80, 0x0F, 0xBE,
    0x00, 0x3E, 0xF8, 0x00, 0xFB, 0xE0, 0x03, 0xEF, 0x80, 0x0F, 0xBE, 0x00, 0x3E, 0xF8, 0x00, 0xF9,
    0xF0, 0x07, 0xC7, 0xE0, 0x3F, 0x0F, 0xC1, 0xF8, 0x3F, 0xFF, 0xE0, 0x7F, 0xFF, 0x00, 0x7F, 0xF0,
    0x00, 0x7F, 0x00, 0x00, 0x00, 0x00, 0x00, 0x00, 0x00, 0x00, 0x00, 0x00, 0x00, 0x00, 0x00, 0x78,
    0x00, 0x03, 0xF0, 0x00, 0x0F, 0xC0, 0x00, 0x3F, 0x00, 0x00, 0x78, 0x00, 0x06, 0x00, 0x07, 0x0E,
    0x0F, 0x1E, 0x0F, 0x1E, 0x1E, 0x1E, 0x1E, 0x1E, 0x1C, 0x3C, 0x3C, 0x3C, 0x3C, 0x78, 0x38, 0x78,
    0x38, 0xF8, 0x3F, 0xF8, 0x3F, 0xF8, 0x1F, 0x3C, 0x0E, 0x1C, 0x00, 0x1C, 0x00, 0x00, 0x30, 0x00,
    0x78, 0x00, 0x78, 0x00, 0x70, 0x00, 0x20, 0x00, 0x00, 0xFC, 0x00, 0x00, 0xFE, 0x00, 0x00, 0xFE,
    0x00, 0x00, 0x0E, 0x00, 0x00, 0x1E, 0x00, 0x00, 0x1C, 0x00, 0x00, 0x3C, 0x00, 0x00, 0x00, 0x00,
    0x00, 0x00, 0x00, 0x00, 0x00, 0x00, 0xF8, 0x00, 0x1F, 0xF8, 0x00, 0x1F, 0xF8, 0x00, 0x1F, 0xF8,
    0x00, 0x1F, 0xF8, 0x00, 0x1F, 0xF8, 0x00, 0x1F, 0xF8, 0x00, 0x1F, 0xF8, 0x00, 0x1F, 0xF8, 0x00,
    0x1F, 0xF8, 0x00, 0x1F, 0xF8, 0x00, 0x1F, 0xF8, 0x00, 0x1F, 0xF8, 0x00, 0x1F, 0xF8, 0x00, 0x1F,
    0xF8, 0x00, 0x1F, 0xF8, 0x00, 0x1F, 0xF8, 0x00, 0x1F, 0xF8, 0x00, 0x1F, 0xF8, 0x00, 0x1F, 0xF8,
    0x00, 0x1F, 0xF8, 0x00, 0x1F, 0xF8, 0x00, 0x1F, 0xF8, 0x00, 0x1F, 0x7C, 0x00, 0x3E, 0x7E, 0x00,
    0x7E, 0x3F, 0x81, 0xFC, 0x1F, 0xFF, 0xF8, 0x0F, 0xFF, 0xF0, 0x07, 0xFF, 0xE0, 0x00, 0xFF, 0x00,
    0x03, 0xF0, 0x00, 0x7F, 0x00, 0x0F, 0xE0, 0x00, 0x3C, 0x00, 0x07, 0x00, 0x01, 0xC0, 0x00, 0x00,
    0x00, 0x00, 0x00, 0x00, 0x00, 0x1F, 0x00, 0x7F, 0xE0, 0x0F, 0xFC, 0x01, 0xFF, 0x80, 0x3F, 0xF0,
    0x07, 0xFE, 0x00, 0xFF, 0xC0, 0x1F, 0xF8, 0x03, 0xFF, 0x00, 0x7F, 0xE0, 0x0F, 0xFC, 0x01, 0xFF,
    0x80, 0x3F, 0xF0, 0x07, 0xFE, 0x00, 0xFF, 0xC0, 0x1F, 0xF8, 0x03, 0xFF, 0x00, 0x7F, 0xF0, 0x1F,
    0xBF, 0x07, 0xF7, 0xFF, 0xFE, 0x7F, 0xF7, 0xC7, 0xFC, 0xF8, 0x7F, 0x1F, 0x00, 0x3E, 0x00, 0x00,
    0x78, 0x00, 0x01, 0xF0, 0x00, 0x03, 0xC0, 0x00, 0x0F, 0x01, 0xE0, 0x1E, 0x03, 0xC0, 0x00, 0x07,
    0x80, 0x00, 0x0F, 0x00, 0x00, 0x1F, 0xF0, 0x07, 0xFF, 0xE0, 0x0F, 0xF7, 0xC0, 0x1F, 0xCF, 0x80,
    0x3E, 0x1F, 0x00, 0x7C, 0x3E, 0x00, 0xF8, 0x7C, 0x01, 0xF0, 0xF8, 0x03, 0xE1, 0xF0, 0x07, 0xC3,
    0xE0, 0x0F, 0x87, 0xC0, 0x1F, 0x0F, 0x80, 0x3E, 0x1F, 0x00, 0x7C, 0x3E, 0x00, 0xF8, 0x7C, 0x01,
    0xF0, 0xF8, 0x03, 0xE1, 0xF0, 0x07, 0xC3, 0xF0, 0x1F, 0x83, 0xF0, 0x7F, 0x07, 0xFF, 0xFE, 0x07,
    0xFF, 0xFC, 0x07, 0xFE, 0xF8, 0x07, 0xF1, 0xF0, 0x0F, 0x80, 0x00, 0x0F, 0x00, 0x00, 0x1F, 0x00,
    0x00, 0x1E, 0x00, 0x00, 0x1E, 0x01, 0xE0, 0x3C, 0x03, 0xC0, 0x00, 0x07, 0x80, 0x00, 0x0F, 0x00,
    0x00, 0x1F, 0xF0, 0x07, 0xFF, 0xE0, 0x0F, 0xF7, 0xC0, 0x1F, 0xCF, 0x80, 0x3E, 0x1F, 0x00, 0x7C,
    0x3E, 0x00, 0xF8, 0x7C, 0x01, 0xF0, 0xF8, 0x03, 0xE1, 0xF0, 0x07, 0xC3, 0xE0, 0x0F, 0x87, 0xC0,
    0x1F, 0x0F, 0x80, 0x3E, 0x1F, 0x00, 0x7C, 0x3E, 0x00, 0xF8, 0x7C, 0x01, 0xF0, 0xF8, 0x03, 0xE1,
    0xF0, 0x07, 0xC3, 0xF0, 0x1F, 0x83, 0xF0, 0x7F, 0x07, 0xFF, 0xFE, 0x07, 0xFF, 0xFC, 0x07, 0xFE,
    0xF8, 0x07, 0xF1, 0xF0, 0x03, 0xF0, 0x00, 0x07, 0xF0, 0x00, 0x0F, 0xE0, 0x00, 0x03, 0xC0, 0x00,
    0x07, 0x01, 0xE0, 0x1C, 0x03, 0xC0, 0x00, 0x07, 0x80, 0x00, 0x0F, 0x00, 0x00, 0x1F, 0xF0, 0x07,
    0xFF, 0xE0, 0x0F, 0xFF, 0xC0, 0x1F, 0xCF, 0x80, 0x3E, 0x1F, 0x00, 0x7C, 0x3E, 0x00, 0xF8, 0x7C,
    0x01, 0xF0, 0xF8, 0x03, 0xE1, 0xF0, 0x07, 0xC3, 0xE0, 0x0F, 0x87, 0xC0, 0x1F, 0x0F, 0x80, 0x3E,
    0x1F, 0x00, 0x7C, 0x3E, 0x00, 0xF8, 0x7C, 0x01, 0xF0, 0xF8, 0x03, 0xE1, 0xF0, 0x07, 0xC3, 0xF0,
    0x1F, 0x83, 0xF0, 0x7F, 0x07, 0xFF, 0xFE, 0x07, 0xFF, 0xFC, 0x07, 0xFE, 0xF8, 0x07, 0xF1, 0xF0,
    0x0F, 0xFF, 0x00, 0x3F, 0xFC, 0x00, 0x7F, 0xF8, 0x00, 0x00, 0x00, 0xF0, 0x00, 0x01, 0xE0, 0x00,
    0x03, 0xC0, 0x00, 0x07, 0xFC, 0x01, 0xFF, 0xF8, 0x03, 0xFF, 0xF0, 0x07, 0xF3, 0xE0, 0x0F, 0x87,
    0xC0, 0x1F, 0x0F, 0x80, 0x3E, 0x1F, 0x00, 0x7C, 0x3E, 0x00, 0xF8, 0x7C, 0x01, 0xF0, 0xF8, 0x03,
    0xE1, 0xF0, 0x07, 0xC3, 0xE0, 0x0F, 0x87, 0xC0, 0x1F, 0x0F, 0x80, 0x3E, 0x1F, 0x00, 0x7C, 0x3E,
    0x00, 0xF8, 0x7C, 0x01, 0xF0, 0xFC, 0x07, 0xE0, 0xFC, 0x1F, 0xC1, 0xFF, 0xFF, 0x81, 0xFF, 0xFF,
    0x01, 0xFF, 0xBE, 0x01, 0xFC, 0x7C, 0x00, 0x00, 0x00, 0x1E, 0x00, 0x00, 0x3C, 0x00, 0x00, 0x78,
    0x00, 0x00, 0xF0, 0x00, 0x01, 0xFF, 0x00, 0x7F, 0xFE, 0x00, 0xFF, 0xFC, 0x01, 0xFC, 0xF8, 0x03,
    0xE1, 0xF0, 0x07, 0xC3, 0xE0, 0x0F, 0x87, 0xC0, 0x1F, 0x0F, 0x80, 0x3E, 0x1F, 0x00, 0x7C, 0x3E,
    0x00, 0xF8, 0x7C, 0x01, 0xF0, 0xF8, 0x03, 0xE1, 0xF0, 0x07, 0xC3, 0xE0, 0x0F, 0x87, 0xC0, 0x1F,
    0x0F, 0x80, 0x3E, 0x1F, 0x00, 0x7C, 0x3F, 0x01, 0xF8, 0x3F, 0x07, 0xF0, 0x7F, 0xFF, 0xE0, 0x7F,
    0xFF, 0xC0, 0x7F, 0xEF, 0x80, 0x7F, 0x1F, 0x00, 0x00, 0x00, 0x00, 0x00, 0x00, 0x00, 0x00, 0x00,
    0x00, 0x00, 0x00, 0x00, 0xF0, 0x00, 0x03, 0xF0, 0x00, 0x07, 0xE0, 0x00, 0x0F, 0xC0, 0x00, 0x0F,
    0x00, 0x00, 0xFF, 0xFF, 0xFF, 0xFF, 0xFF, 0xFF, 0xFF, 0xFC, 0x00, 0x30, 0x66, 0x38, 0xDC, 0x1E,
    0x07, 0x83, 0xF1, 0xBE, 0xCD, 0x83, 0x00, 0xC0, 0x30, 0x0C, 0x03, 0x00, 0xC0, 0x30, 0x0C, 0x03,
    0x00, 0xC0, 0x30, 0x0C, 0x03, 0x00, 0xC0, 0x30, 0x0C, 0x03, 0x00, 0xC0, 0x30, 0x0C, 0x03, 0x00,
    0xC0, 0x04, 0x00, 0xC0, 0x0C, 0x00, 0xC7, 0xFC, 0x83, 0x10, 0xC2, 0x30, 0x44, 0x08, 0x01, 0x00,
    0x20, 0x04, 0x00, 0x80, 0x10, 0x02, 0x00, 0x40, 0x08, 0x01, 0x00, 0x20, 0x04, 0x00, 0x80, 0x10,
    0x02, 0x00, 0x40, 0x08, 0x01, 0x00, 0x20, 0x04, 0x00, 0x80, 0x10, 0x00, 0x00, 0x03, 0x01, 0x80,
    0xC0, 0x7F, 0xCC, 0x11, 0x84, 0x31, 0x04, 0x40, 0x10, 0x04, 0x01, 0x00, 0x40, 0x10, 0x04, 0x01,
    0x00, 0x40, 0x10, 0x04, 0x01, 0x00, 0x40, 0x10, 0x04, 0x01, 0x00, 0x40, 0x10, 0x04, 0x01, 0x00,
    0x40, 0x10, 0x04, 0x1F, 0xFF, 0x1F, 0xFF, 0xE3, 0xFF, 0xF8, 0x1F, 0xFF, 0xF8, 0xFF, 0xFF, 0xF8,
    0xFF, 0xFF, 0xF0, 0x00, 0x1C, 0x71, 0xE3, 0x87, 0x1E, 0x3E, 0x7C, 0xF8, 0xE0, 0x18, 0x79, 0xFB,
    0xE7, 0xC3, 0x8F, 0x1C, 0x78, 0xE1, 0x80, 0x00, 0x00, 0x38, 0x71, 0xE3, 0xCF, 0x1E, 0x38, 0x70,
    0xE1, 0xC7, 0xCF, 0x9F, 0x3E, 0x7C, 0xFD, 0xF3, 0xE3, 0x87, 0x00, 0x00, 0x00, 0xF1, 0xE7, 0xCF,
    0x9F, 0x3E, 0x7C, 0xF8, 0xF1, 0xE3, 0x87, 0x0E, 0x1C, 0x70, 0xF3, 0xC7, 0x8E, 0x1C, 0x00, 0x18,
    0x30, 0xF1, 0xE7, 0xEF, 0xDF, 0x3E, 0x7C, 0x78, 0x70, 0xE3, 0xC7, 0x8E, 0x1C, 0x70, 0xF1, 0xC3,
    0x86, 0x0C, 0x00, 0x00, 0x00, 0x00, 0xC0, 0xE0, 0xE7, 0x87, 0x87, 0xFE, 0x3E, 0x1E, 0x70, 0x70,
    0x78, 0x03, 0x00, 0x78, 0x0C, 0xC7, 0x8C, 0x7F, 0x88, 0xF0, 0x00, 0x00, 0x00, 0x00, 0x00, 0x00,
    0x00, 0x00, 0x60, 0x0E, 0x01, 0xE0, 0x0E, 0x00, 0xE0, 0x0E, 0x00, 0xE0, 0x0E, 0x00, 0xE0, 0x0E,
    0x00, 0xE0, 0x0E, 0x00, 0xE0, 0x0E, 0x00, 0xE0, 0x0E, 0x00, 0xE0, 0x0E, 0x00, 0x60, 0x06, 0x00,
    0x60, 0x06, 0x00, 0x60, 0x07, 0xE0, 0x7F, 0x03, 0xF0, 0x0F, 0x40, 0x00, 0x00, 0x00, 0xC0, 0x00,
    0x00, 0x00, 0xC0, 0x00, 0x00, 0x00, 0xC0, 0x00, 0x00, 0x30, 0xC0, 0x00, 0x00, 0x70, 0xE0, 0x00,
    0x00, 0xE0, 0xE0, 0x00, 0x01, 0xE0, 0xF8, 0x00, 0x1F, 0xF0, 0x7F, 0xFF, 0xFF, 0xFF, 0x3F, 0xFF,
    0xFE, 0x7F, 0x1F, 0xFF, 0xF8, 0x3F, 0x07, 0xFF, 0x80, 0x0F, 0x00, 0x00, 0x00, 0x00, 0x00, 0x00,
    0x00, 0x00, 0x00, 0x00, 0x40, 0x00, 0x00, 0x38, 0xE0, 0x00, 0x00, 0x7D, 0xF0, 0x00, 0x00, 0x38,
    0xE0, 0x00, 0x00, 0x1A, 0x40, 0x00, 0x00, 0x07, 0x00, 0x00, 0x00, 0x07, 0x80, 0x00, 0x00, 0x03,
    0x00, 0x00, 0x00, 0x00, 0x00, 0x00, 0x00, 0x20, 0x01, 0x80, 0x0F, 0x00, 0x3C, 0x00, 0xF0, 0x03,
    0xC0, 0x07, 0x00, 0x1C, 0x00, 0x38, 0x00, 0xE0, 0x03, 0x00, 0x1C, 0xFF, 0xF3, 0xFF, 0x8F, 0xFC,
    0x3F, 0x00, 0x00, 0x00, 0x00, 0x00, 0x02, 0x03, 0x1C, 0x1E, 0xF8, 0x71, 0xC0, 0xD2, 0x00, 0xE0,
    0x03, 0xC0, 0x06, 0x00, 0x00, 0x00, 0x00, 0x10, 0x00, 0x30, 0x00, 0x70, 0x00, 0x60, 0x00, 0xE0,
    0x01, 0xF0, 0xFF, 0xFF, 0xFF, 0xFF, 0xFF, 0x3F, 0xFC, 0x0F, 0x00, 0x00, 0x00, 0x00, 0x00, 0x10,
    0x06, 0x38, 0x0F, 0x7C, 0x0F, 0x38, 0x06, 0xD0, 0x01, 0xE0, 0x01, 0xE0, 0x00, 0xC0, 0x00, 0x00,
    0x1F, 0x80, 0x00, 0x0F, 0xFC, 0x00, 0x01, 0xFF, 0xF0, 0x00, 0x7F, 0xFF, 0xC0, 0x06, 0x07, 0xFF,
    0xE0, 0x00, 0x1F, 0xFC, 0x00, 0x07, 0xFF, 0x00, 0x03, 0xFF, 0xC0, 0x00, 0xFC, 0xC0, 0x00, 0x7C,
    0x18, 0x00, 0x1E, 0x03, 0x80, 0x07, 0x00, 0x3F, 0xE0, 0xC0, 0x03, 0xFE, 0x30, 0x06, 0x3F, 0xC6,
    0x31, 0xE1, 0xF9, 0x8F, 0x3C, 0x00, 0x31, 0xE3, 0x00, 0x06, 0x1B, 0x00, 0x00, 0xC0, 0xF0, 0x00,
    0x18, 0x1E, 0x00, 0x03, 0x81, 0x80, 0x00, 0x78, 0x00, 0x00, 0x07, 0x80, 0x07, 0x00, 0x7F, 0xFF,
    0xE0, 0x0F, 0xFF, 0xF0, 0x00, 0x7F, 0xF8, 0x00, 0x03, 0xF8, 0x00, 0x00, 0x07, 0xE0, 0x00, 0x03,
    0xFE, 0x00, 0x01, 0xFF, 0xC0, 0x00, 0x7F, 0xFC, 0x00, 0x18, 0x1F, 0x80, 0x00, 0x01, 0xFC, 0x00,
    0x00, 0x3F, 0xF8, 0x00, 0x07, 0xFE, 0x00, 0x07, 0xFF, 0x00, 0x1F, 0xE0, 0x0F, 0xFF, 0xE0, 0x03,
    0xFF, 0xE0, 0x00, 0xFF, 0xF0, 0x00, 0x3F, 0xE0, 0x00, 0x00, 0x00, 0x00, 0x00, 0x00, 0x00, 0x80,
    0x00, 0x18, 0x70, 0x00, 0x0F, 0x3C, 0x00, 0x03, 0xC7, 0x00, 0x00, 0x64, 0x80, 0x00, 0x03, 0x80,
    0x00, 0x01, 0xE0, 0x00, 0x00, 0x30, 0x00, 0x00, 0x00, 0x00, 0x07, 0xE0, 0x00, 0x00, 0x7F, 0xC0,
    0x00, 0x07, 0xFF, 0x80, 0x00, 0x3F, 0xFE, 0x00, 0x01, 0x81, 0xFC, 0x00, 0x00, 0x03, 0xFE, 0x00,
    0x00, 0x07, 0xFE, 0x00, 0x00, 0x3F, 0xF0, 0x00, 0x07, 0xFF, 0x00, 0x01, 0xFD, 0xC0, 0x3F, 0xFF,
    0x87, 0xFF, 0xFF, 0xF8, 0x1F, 0xFF, 0xFF, 0x00, 0x7F, 0xFF, 0xC0, 0x00, 0xFC, 0x00, 0x00, 0x00,
    0x00, 0x00, 0x04, 0x00, 0x00, 0x1C, 0x70, 0x00, 0x01, 0xF7, 0xC0, 0x00, 0x0F, 0x1C, 0x00, 0x00,
    0x32, 0x40, 0x00, 0x00, 0x38, 0x00, 0x00, 0x01, 0xE0, 0x00, 0x00, 0x06, 0x00, 0x00, 0x00, 0x00,
    0x00, 0x00, 0x00, 0x00, 0x0C, 0x00, 0x03, 0xC0, 0x00, 0x38, 0x00, 0x12, 0xC0, 0x07, 0x3C, 0x01,
    0xE7, 0x80, 0x1C, 0x60, 0x01, 0x00, 0x00, 0x00, 0x00, 0x00, 0x00, 0x00, 0x0C, 0x00, 0x03, 0x80,
    0x00, 0x70, 0x00, 0x0F, 0x00, 0x01, 0xE0, 0x00, 0x1E, 0x00, 0x03, 0xC0, 0x00, 0x38, 0x00, 0x07,
    0x00, 0x00, 0x70, 0x00, 0x0F, 0xC0, 0x00, 0xF8, 0x00, 0x1F, 0x00, 0x06, 0xE0, 0x00, 0xC0, 0x00,
    0x38, 0x00, 0x0E, 0x00, 0x03, 0xC0, 0x01, 0xF0, 0x1F, 0xFE, 0x03, 0xFF, 0x00, 0x1F, 0xC0, 0x00,
    0x40, 0x00, 0x00, 0x00, 0x00, 0x00, 0x00, 0x00, 0x01, 0xC0, 0x00, 0x00, 0x1F, 0x00, 0x00, 0x03,
    0xFC, 0x00, 0x00, 0x3F, 0xE0, 0x00, 0x03, 0xFE, 0x00, 0x00, 0x3F, 0xC0, 0x00, 0x03, 0xFC, 0x00,
    0x00, 0x1F, 0xC0, 0x00, 0x00, 0xF8, 0x00, 0x00, 0x03, 0x80, 0x00, 0x00, 0x0F, 0x80, 0x00, 0x00,
    0x1F, 0x80, 0x00, 0x00, 0x3F, 0x80, 0x00, 0x00, 0x3F, 0x00, 0x00, 0x00, 0x3E, 0x00, 0x00, 0x00,
    0x7C, 0x00, 0x00, 0x00, 0x78, 0x00, 0x00, 0x00, 0xE0, 0x10, 0x00, 0x01, 0xC0, 0xC0, 0x00, 0x07,
    0x03, 0x00, 0x00, 0x0C, 0x0C, 0x00, 0x00, 0x30, 0x3C, 0x00, 0x07, 0xE0, 0xFF, 0xFF, 0xFF, 0xFD,
    0xFF, 0xFF, 0xF7, 0xF3, 0xFF, 0xFF, 0x0F, 0xC1, 0xFF, 0xE0, 0x0F, 0x00, 0x00, 0x00, 0x00, 0xC0,
    0x03, 0xE0, 0x07, 0xF0, 0x0F, 0xF0, 0x1F, 0xE0, 0x3F, 0xC0, 0x7F, 0x00, 0x7E, 0x00, 0x3C, 0x00,
    0x18, 0x00, 0x1F, 0x00, 0x0F, 0xE0, 0x03, 0xFC, 0x00, 0xFF, 0x00, 0x07, 0xC0, 0x00, 0xF0, 0x00,
    0x3C, 0x00, 0x0F, 0x00, 0x03, 0x80, 0x00, 0xE0, 0x00, 0x70, 0x00, 0x30, 0x00, 0xF8, 0xFF, 0xF8,
    0x7F, 0xF8, 0x3F, 0xF8, 0x1F, 0xC0, 0x00, 0x00, 0x00, 0x00, 0x00, 0x1E, 0x00, 0x07, 0xE0, 0x03,
    0xFC, 0x00, 0xFF, 0x80, 0x3F, 0xE0, 0x0F, 0xF0, 0x03, 0xFC, 0x00, 0x7E, 0x00, 0x07, 0x80, 0x00,
    0xE0, 0x00, 0x07, 0xC0, 0x00, 0x3F, 0x00, 0x01, 0xF8, 0x00, 0x07, 0xE0, 0x00, 0x1F, 0x00, 0x00,
    0xF8, 0x00, 0x07, 0x80, 0x00, 0x3C, 0x00, 0x01, 0xC0, 0x00, 0x0E, 0x00, 0x00, 0xE0, 0x00, 0x0E,
    0x00, 0x07, 0xF0, 0xFF, 0xFF, 0xFF, 0xFF, 0x3F, 0xFF, 0xC1, 0xFF, 0xE0, 0x07, 0x00, 0x00, 0x00,
    0x00, 0x00, 0x00, 0x03, 0x80, 0x00, 0x00, 0x3E, 0x00, 0x00, 0x03, 0xF0, 0x00, 0x00, 0x3F, 0x00,
    0x00, 0x03, 0xF1, 0xC0, 0x00, 0x3F, 0x1F, 0x00, 0x03, 0xE3, 0xFC, 0x00, 0x3E, 0x3F, 0xE0, 0x00,
    0xE3, 0xFE, 0x00, 0x02, 0x3F, 0xC0, 0x00, 0x03, 0xFC, 0x00, 0x00, 0x1F, 0xC0, 0x00, 0x00, 0xF8,
    0x00, 0x00, 0x03, 0x80, 0x00, 0x00, 0x0F, 0x80, 0x00, 0x00, 0x1F, 0x80, 0x00, 0x00, 0x3F, 0x80,
    0x00, 0x00, 0x3F, 0x00, 0x00, 0x00, 0x3E, 0x00, 0x00, 0x00, 0x7C, 0x00, 0x00, 0x00, 0x78, 0x00,
    0x00, 0x00, 0xE0, 0x10, 0x00, 0x01, 0xC0, 0xC0, 0x00, 0x07, 0x03, 0x00, 0x00, 0x0C, 0x0C, 0x00,
    0x00, 0x30, 0x3C, 0x00, 0x07, 0xE0, 0xFF, 0xFF, 0xFF, 0xFD, 0xFF, 0xFF, 0xF7, 0xF3, 0xFF, 0xFF,
    0x0F, 0xC1, 0xFF, 0xE0, 0x0F, 0x00, 0x00, 0x00, 0x00, 0x60, 0x00, 0x78, 0x00, 0xFC, 0x00, 0xFC,
    0x00, 0xFC, 0x30, 0xFC, 0x7C, 0xFC, 0x7F, 0xFC, 0x7F, 0xB8, 0x7F, 0x88, 0x7F, 0x80, 0x7F, 0x00,
    0x3F, 0x00, 0x0F, 0x00, 0x03, 0x00, 0x01, 0xF0, 0x00, 0x7F, 0x00, 0x0F, 0xF0, 0x01, 0xFE, 0x00,
    0x07, 0xC0, 0x00, 0x78, 0x00, 0x0F, 0x00, 0x01, 0xE0, 0x00, 0x38, 0x00, 0x07, 0x00, 0x01, 0xC0,
    0x00, 0x60, 0x00, 0xF8, 0x7F, 0xFC, 0x1F, 0xFE, 0x07, 0xFF, 0x01, 0xFC, 0x00, 0x00, 0x00, 0x80,
    0x00, 0x3C, 0x00, 0x0F, 0x80, 0x03, 0xF0, 0x00, 0xFC, 0x00, 0x3F, 0x1E, 0x0F, 0x87, 0xE3, 0xE3,
    0xFC, 0x78, 0xFF, 0x86, 0x3F, 0xE0, 0x0F, 0xF0, 0x03, 0xFC, 0x00, 0x7E, 0x00, 0x07, 0x80, 0x00,
    0xE0, 0x00, 0x07, 0xC0, 0x00, 0x3F, 0x00, 0x01, 0xF8, 0x00, 0x07, 0xE0, 0x00, 0x1F, 0x00, 0x00,
    0xF8, 0x00, 0x07, 0x80, 0x00, 0x3C, 0x00, 0x01, 0xC0, 0x00, 0x0E, 0x00, 0x00, 0xE0, 0x00, 0x0E,
    0x00, 0x07, 0xF0, 0xFF, 0xFF, 0xFF, 0xFF, 0x3F, 0xFF, 0xC1, 0xFF, 0xE0, 0x07, 0x00, 0x00, 0x00,
    0x00, 0x00, 0x3F, 0xF4, 0x00, 0x1F, 0xFF, 0x00, 0x07, 0xFF, 0xC0, 0x01, 0xFF, 0xF0, 0x00, 0x1F,
    0x0C, 0x00, 0x03, 0xE3, 0x00, 0x00, 0x3C, 0xC0, 0x00, 0x03, 0x38, 0x00, 0x01, 0xCF, 0x00, 0x00,
    0xE1, 0xE0, 0x01, 0xF0, 0x7F, 0xFF, 0xF8, 0x0F, 0xFF, 0xF8, 0x01, 0xFF, 0xF8, 0x00, 0x1F, 0xF0,
    0x00, 0x00, 0x20, 0x01, 0x80, 0x0F, 0x00, 0x3C, 0x00, 0xF0, 0x03, 0xC0, 0x07, 0x00, 0x1C, 0x00,
    0x38, 0x00, 0xE0, 0x03, 0x00, 0x1C, 0xFF, 0xF3, 0xFF, 0x8F, 0xFC, 0x3F, 0x00, 0x00, 0x00, 0x00,
    0x00, 0x02, 0x06, 0x1C, 0x1C, 0xF8, 0xFB, 0xE3, 0xC7, 0x06, 0x08, 0x00, 0x00, 0x00, 0x10, 0x00,
    0x30, 0x00, 0x70, 0x00, 0x60, 0x00, 0xE0, 0x01, 0xF0, 0xFF, 0xFF, 0xFF, 0xFF, 0xFF, 0x3F, 0xFC,
    0x0F, 0x00, 0x00, 0x00, 0x00, 0x00, 0x10, 0x04, 0x38, 0x0E, 0x7C, 0x1F, 0x7C, 0x1E, 0x38, 0x0C,
    0x10, 0x00, 0x00, 0x1C, 0x18, 0xFF, 0xE7, 0xFE, 0x00, 0x00, 0x00, 0x00, 0x00, 0x00, 0x18, 0x00,
    0xE0, 0x07, 0x80, 0x0E, 0x00, 0x38, 0x00, 0xE0, 0x03, 0x80, 0x0E, 0x00, 0x38, 0x00, 0xE0, 0x03,
    0x80, 0x0E, 0x00, 0x38, 0x00, 0xE0, 0x03, 0x80, 0x0E, 0x00, 0x38, 0x00, 0xE0, 0x03, 0x80, 0x06,
    0x00, 0x18, 0x00, 0x60, 0x01, 0x80, 0x06, 0x00, 0x1F, 0x80, 0x7F, 0x00, 0xFC, 0x00, 0xF0, 0x38,
    0x1F, 0x0E, 0x83, 0x00, 0xE4, 0x1F, 0x0F, 0x83, 0x00, 0x00, 0x02, 0x01, 0x80, 0xE0, 0x78, 0x0E,
    0x03, 0x80, 0xE0, 0x38, 0x0E, 0x03, 0x80, 0xE0, 0x38, 0x0E, 0x03, 0x80, 0xE0, 0x38, 0x0E, 0x03,
    0x80, 0xE0, 0x18, 0x06, 0x01, 0x80, 0x60, 0x18, 0x07, 0xE1, 0xFC, 0x3F, 0x03, 0xC0, 0x00, 0xF0,
    0x00, 0x3E, 0x00, 0x0E, 0x40, 0x01, 0x80, 0x00, 0x30, 0x00, 0x07, 0xF0, 0x00, 0x7E, 0x00, 0x1F,
    0x80, 0x03, 0x80, 0x00, 0x4C, 0x00, 0x07, 0xE0, 0x01, 0xFE, 0x00, 0x3F, 0xC0, 0x0E, 0x3C, 0x01,
    0x83, 0x80, 0x60, 0x38, 0x0C, 0x03, 0x01, 0x80, 0x60, 0x30, 0x0C, 0x07, 0x80, 0xC0, 0xFF, 0xFE,
    0x0F, 0xFF, 0xC0, 0xFF, 0xF8, 0x07, 0xFF, 0x00, 0x03, 0x00, 0x00, 0xE0, 0x00, 0x38, 0x00, 0x0F,
    0x06, 0x07, 0xC1, 0xFF, 0xF0, 0x1F, 0xFC, 0x00, 0xFF, 0x00, 0x03, 0x00, 0x00, 0x00, 0x18, 0x1C,
    0x1E, 0x07, 0x03, 0x81, 0xC0, 0xE0, 0x70, 0x38, 0x1C, 0x0E, 0x07, 0x03, 0x81, 0xC0, 0xE0, 0x70,
    0x38, 0x1C, 0x0E, 0x03, 0x01, 0x80, 0xC0, 0x60, 0x30, 0x1F, 0x8F, 0xE3, 0xF0, 0x78, 0x00, 0x70,
    0x7C, 0x76, 0x30, 0x1F, 0x87, 0xC7, 0xC3, 0x00, 0x00, 0x38, 0x00, 0x00, 0x1F, 0x00, 0x00, 0x0E,
    0x80, 0x00, 0x03, 0x00, 0x00, 0x00, 0xE4, 0x00, 0x00, 0x1F, 0x00, 0x00, 0x0F, 0xC0, 0x00, 0x03,
    0x80, 0x00, 0x00, 0x80, 0x00, 0xFF, 0xD0, 0x00, 0x7F, 0xFC, 0x00, 0x1F, 0xFF, 0x00, 0x07, 0xFF,
    0xC0, 0x00, 0x7C, 0x30, 0x00, 0x0F, 0x8C, 0x00, 0x00, 0xF3, 0x00, 0x00, 0x0C, 0xE0, 0x00, 0x07,
    0x3C, 0x00, 0x03, 0x87, 0x80, 0x07, 0xC1, 0xFF, 0xFF, 0xE0, 0x3F, 0xFF, 0xE0, 0x07, 0xFF, 0xE0,
    0x00, 0x7F, 0xC0, 0x00, 0x07, 0x03, 0xE1, 0xD0, 0x60, 0x1C, 0x83, 0xE1, 0xF8, 0x70, 0x00, 0x00,
    0x00, 0x38, 0x0E, 0x03, 0x80, 0xE0, 0x3C, 0x0F, 0x01, 0xC0, 0x70, 0x1C, 0x03, 0x03, 0xFF, 0xEF,
    0xFB, 0xF8, 0xF8, 0x00, 0x03, 0x80, 0x3E, 0x03, 0xA0, 0x18, 0x00, 0xE4, 0x03, 0xE0, 0x3F, 0x01,
    0xC0, 0x00, 0x00, 0x00, 0x00, 0x30, 0x03, 0x80, 0x18, 0x01, 0xC0, 0x1C, 0x01, 0xF0, 0xFF, 0xFF,
    0xFF, 0xFF, 0x3F, 0xE0, 0x70, 0x00, 0x18, 0x1C, 0x1E, 0x07, 0x03, 0x81, 0xC0, 0xE0, 0x70, 0x38,
    0x1C, 0x0E, 0x07, 0x03, 0x81, 0xC0, 0xE0, 0x70, 0x38, 0x1C, 0x0E, 0x03, 0x01, 0x80, 0xC0, 0x60,
    0x30, 0x1F, 0x8F, 0xE3, 0xF0, 0x78, 0x40, 0x00, 0x00, 0x00, 0xC0, 0x00, 0x00, 0x00, 0xC0, 0x00,
    0x00, 0x00, 0xC0, 0x00, 0x00, 0x30, 0xC0, 0x00, 0x00, 0x70, 0xE0, 0x00, 0x00, 0xE0, 0xE0, 0x00,
    0x01, 0xE0, 0xF8, 0x00, 0x1F, 0xF0, 0x7F, 0xFF, 0xFF, 0xFF, 0x3F, 0xFF, 0xFE, 0x7F, 0x1F, 0xFF,
    0xF8, 0x3F, 0x07, 0xFF, 0x80, 0x0F, 0x00, 0x00, 0x00, 0x00, 0x00, 0x00, 0x00, 0x00, 0x00, 0x00,
    0x00, 0x00, 0x00, 0x06, 0x00, 0x00, 0x00, 0x0F, 0x00, 0x00, 0x00, 0x1F, 0x80, 0x00, 0x00, 0x0F,
    0x00, 0x00, 0x00, 0x06, 0x00, 0x00, 0x00, 0x00, 0x00, 0x00, 0x01, 0x00, 0xC0, 0x38, 0x1E, 0x03,
    0x80, 0xE0, 0x38, 0x0E, 0x01, 0xC0, 0x70, 0x18, 0x0E, 0xFF, 0xBF, 0xCF, 0xE3, 0xC0, 0x00, 0x00,
    0x00, 0x00, 0x18, 0x07, 0x03, 0xE0, 0xF0, 0x18, 0x00, 0x00, 0x00, 0x80, 0x0C, 0x00, 0xE0, 0x06,
    0x00, 0x70, 0x07, 0xC3, 0xFF, 0xFF, 0xFF, 0xF9, 0xFF, 0x83, 0xC0, 0x00, 0x00, 0x00, 0x00, 0x01,
    0x80, 0x1E, 0x01, 0xF0, 0x0F, 0x80, 0x18, 0x00, 0x00, 0x00, 0x20, 0x0C, 0x38, 0x0F, 0x3C, 0x0F,
    0x9E, 0x03, 0x86, 0x00, 0xC0, 0x00, 0x00, 0x00, 0x00, 0x20, 0x00, 0x30, 0x00, 0x38, 0x00, 0x1C,
    0x00, 0x3E, 0x00, 0x7F, 0x00, 0xFF, 0x80, 0xF9, 0xC0, 0x70, 0x60, 0x60, 0x30, 0x60, 0x18, 0x38,
    0x0C, 0x1F, 0x86, 0x07, 0xFF, 0x01, 0xFE, 0xF8, 0x3E, 0x7E, 0x00, 0x1F, 0x00, 0x07, 0x80, 0x00,
    0x01, 0x00, 0x00, 0x00, 0xC3, 0x80, 0x00, 0x00, 0xE7, 0xC0, 0x00, 0x01, 0xF7, 0xC0, 0x00, 0x01,
    0xE3, 0x80, 0x00, 0x00, 0x40, 0x00, 0x00, 0x00, 0x00, 0x00, 0x00, 0x40, 0x00, 0x00, 0x00, 0xC0,
    0x00, 0x00, 0x00, 0xC0, 0x00, 0x00, 0x00, 0xC0, 0x00, 0x00, 0x30, 0xC0, 0x00, 0x00, 0x70, 0xE0,
    0x00, 0x00, 0xE0, 0xE0, 0x00, 0x01, 0xE0, 0xF8, 0x00, 0x1F, 0xF0, 0x7F, 0xFF, 0xFF, 0xFF, 0x3F,
    0xFF, 0xFE, 0x7F, 0x1F, 0xFF, 0xF8, 0x3F, 0x07, 0xFF, 0x80, 0x0F, 0x00, 0x83, 0x1C, 0x79, 0xEF,
    0x9E, 0x70, 0xC3, 0x00, 0x00, 0x00, 0x00, 0x01, 0x00, 0x30, 0x03, 0x80, 0x78, 0x03, 0x80, 0x38,
    0x03, 0x80, 0x38, 0x01, 0xC0, 0x1C, 0x01, 0x80, 0x38, 0xFF, 0x8F, 0xF0, 0xFE, 0x0F, 0x00, 0x00,
    0x00, 0x04, 0x38, 0x0E, 0x7C, 0x1F, 0x7C, 0x1E, 0x38, 0x0C, 0x10, 0x00, 0x00, 0x00, 0x00, 0x00,
    0x00, 0x00, 0x10, 0x00, 0x30, 0x00, 0x70, 0x00, 0x60, 0x00, 0xE0, 0x01, 0xF0, 0xFF, 0xFF, 0xFF,
    0xFF, 0xFF, 0x3F, 0xFC, 0x0F, 0x00, 0x00, 0x00, 0x00, 0x00, 0x0C, 0x00, 0x00, 0x00, 0x1E, 0x00,
    0x00, 0x00, 0x1E, 0x00, 0x00, 0x00, 0x4D, 0x80, 0x00, 0x00, 0x63, 0xC0, 0x00, 0x00, 0xF3, 0xC0,
    0x00, 0x00, 0xE3, 0x80, 0x00, 0x00, 0x60, 0x00, 0x00, 0x00, 0x00, 0x00, 0x00, 0x40, 0x00, 0x00,
    0x00, 0xC0, 0x00, 0x00, 0x00, 0xC0, 0x00, 0x00, 0x00, 0xC0, 0x00, 0x00, 0x30, 0xC0, 0x00, 0x00,
    0x70, 0xE0, 0x00, 0x00, 0xE0, 0xE0, 0x00, 0x01, 0xE0, 0xF8, 0x00, 0x1F, 0xF0, 0x7F, 0xFF, 0xFF,
    0xFF, 0x3F, 0xFF, 0xFE, 0x7F, 0x1F, 0xFF, 0xF8, 0x3F, 0x07, 0xFF, 0x80, 0x0F, 0x00, 0x00, 0x60,
    0x0F, 0x00, 0xF0, 0x16, 0xC3, 0x9E, 0x79, 0xE7, 0x8C, 0x10, 0x00, 0x00, 0x00, 0x00, 0x10, 0x03,
    0x00, 0x38, 0x07, 0x80, 0x38, 0x03, 0x80, 0x38, 0x03, 0x80, 0x1C, 0x01, 0xC0, 0x18, 0x03, 0x8F,
    0xF8, 0xFF, 0x0F, 0xE0, 0xF0, 0x00, 0x00, 0x80, 0x01, 0xC0, 0x01, 0xE0, 0x01, 0xD0, 0x06, 0x38,
    0x0F, 0x7C, 0x0F, 0x38, 0x06, 0x10, 0x00, 0x00, 0x00, 0x00, 0x00, 0x00, 0x00, 0x10, 0x00, 0x30,
    0x00, 0x70, 0x00, 0x60, 0x00, 0xE0, 0x01, 0xF0, 0xFF, 0xFF, 0xFF, 0xFF, 0xFF, 0x3F, 0xFC, 0x0F,
    0x1F, 0x80, 0x00, 0x0F, 0xFC, 0x00, 0x01, 0xFF, 0xF0, 0x00, 0x7F, 0xFF, 0xC0, 0x06, 0x07, 0xFF,
    0xE0, 0x00, 0x1F, 0xFC, 0x00, 0x07, 0xFF, 0x00, 0x03, 0xFF, 0xC0, 0x00, 0xFC, 0xC0, 0x00, 0x7C,
    0x18, 0x00, 0x1E, 0x03, 0x80, 0x07, 0x00, 0x3F, 0xE0, 0xC0, 0x03, 0xFE, 0x30, 0x00, 0x3F, 0xC6,
    0x06, 0x01, 0xF9, 0x81, 0xE0, 0x00, 0x30, 0x7E, 0x00, 0x06, 0x07, 0x80, 0x00, 0xC0, 0x60, 0x00,
    0x18, 0x00, 0x00, 0x03, 0x80, 0x00, 0x00, 0x78, 0x00, 0x00, 0x07, 0x80, 0x07, 0x00, 0x7F, 0xFF,
    0xE0, 0x0F, 0xFF, 0xF0, 0x00, 0x7F, 0xF8, 0x00, 0x03, 0xF8, 0x00, 0x00, 0x07, 0xE0, 0x00, 0x03,
    0xFE, 0x00, 0x01, 0xFF, 0xC0, 0x00, 0x7F, 0xFC, 0x00, 0x18, 0x1F, 0x80, 0x00, 0x01, 0xFC, 0x00,
    0x00, 0x3F, 0xF8, 0x00, 0x07, 0xFE, 0x00, 0x07, 0xFF, 0x00, 0x1F, 0xE0, 0x0F, 0xFF, 0xE0, 0x03,
    0xFF, 0xE0, 0x00, 0xFF, 0xF0, 0x00, 0x3F, 0xE0, 0x00, 0x00, 0x00, 0x00, 0x00, 0x00, 0x00, 0x00,
    0x00, 0x02, 0x00, 0x00, 0x01, 0xC0, 0x00, 0x00, 0xF8, 0x00, 0x00, 0x3E, 0x00, 0x00, 0x07, 0x00,
    0x00, 0x00, 0x80, 0x00, 0x07, 0xE0, 0x00, 0x00, 0x7F, 0xC0, 0x00, 0x07, 0xFF, 0x80, 0x00, 0x3F,
    0xFE, 0x00, 0x01, 0x81, 0xFC, 0x00, 0x00, 0x03, 0xFE, 0x00, 0x00, 0x07, 0xFE, 0x00, 0x00, 0x3F,
    0xF0, 0x00, 0x07, 0xFF, 0x00, 0x01, 0xFD, 0xC0, 0x3F, 0xFF, 0x87, 0xFF, 0xFF, 0xF8, 0x1F, 0xFF,
    0xFF, 0x00, 0x7F, 0xFF, 0xC0, 0x00, 0xFC, 0x00, 0x00, 0x00, 0x00, 0x00, 0x00, 0x00, 0x00, 0x03,
    0x00, 0x00, 0x00, 0x3C, 0x00, 0x00, 0x03, 0xF0, 0x00, 0x00, 0x0F, 0x00, 0x00, 0x00, 0x30, 0x00,
    0x00, 0x00, 0x00, 0x00, 0x1F, 0x80, 0x00, 0x0F, 0xFC, 0x00, 0x01, 0xFF, 0xF0, 0x00, 0x7F, 0xFF,
    0xC0, 0x06, 0x07, 0xFF, 0xE0, 0x00, 0x1F, 0xFC, 0x00, 0x07, 0xFF, 0x00, 0x03, 0xFF, 0xC0, 0x00,
    0xFC, 0xC0, 0x00, 0x7C, 0x18, 0x00, 0x1E, 0x03, 0x80, 0x07, 0x00, 0x3F, 0xE0, 0xC0, 0x03, 0xFE,
    0x30, 0x00, 0x3F, 0xC6, 0x00, 0x01, 0xF9, 0x80, 0x00, 0x00, 0x30, 0x00, 0x00, 0x06, 0x00, 0x00,
    0x00, 0xC0, 0x00, 0x00, 0x18, 0x00, 0x00, 0x03, 0x80, 0x00, 0x00, 0x78, 0x00, 0x00, 0x07, 0x80,
    0x07, 0x00, 0x7F, 0xFF, 0xE0, 0x0F, 0xFF, 0xF0, 0x00, 0x7F, 0xF8, 0x00, 0x03, 0xF8, 0x00, 0x00,
    0x07, 0xE0, 0x00, 0x03, 0xFE, 0x00, 0x01, 0xFF, 0xC0, 0x00, 0x7F, 0xFC, 0x00, 0x18, 0x1F, 0x80,
    0x00, 0x01, 0xFC, 0x00, 0x00, 0x3F, 0xF8, 0x00, 0x07, 0xFE, 0x00, 0x07, 0xFF, 0x00, 0x1F, 0xE0,
    0x0F, 0xFF, 0xE0, 0x03, 0xFF, 0xE0, 0x00, 0xFF, 0xF0, 0x00, 0x3F, 0xE0, 0x00, 0x00, 0x07, 0xE0,
    0x00, 0x00, 0x7F, 0xC0, 0x00, 0x07, 0xFF, 0x80, 0x00, 0x3F, 0xFE, 0x00, 0x01, 0x81, 0xFC, 0x00,
    0x00, 0x03, 0xFE, 0x00, 0x00, 0x07, 0xFE, 0x00, 0x00, 0x3F, 0xF0, 0x00, 0x07, 0xFF, 0x00, 0x01,
    0xFD, 0xC0, 0x3F, 0xFF, 0x87, 0xFF, 0xFF, 0xF8, 0x1F, 0xFF, 0xFF, 0x00, 0x7F, 0xFF, 0xC0, 0x00,
    0xFC, 0x00, 0x00, 0x00, 0x00, 0x01, 0x00, 0x00, 0x00, 0x70, 0x00, 0x00, 0x1F, 0x00, 0x00, 0x03,
    0xC0, 0x00, 0x00, 0x38, 0x00, 0x00, 0x02, 0x00, 0x00, 0x00, 0x00, 0x00, 0x00, 0x00, 0x00, 0x03,
    0xF0, 0x00, 0x01, 0xFF, 0x80, 0x00, 0x3F, 0xFE, 0x00, 0x0F, 0xFF, 0xF8, 0x00, 0xC0, 0xFF, 0xFC,
    0x00, 0x03, 0xFF, 0x80, 0x00, 0xFF, 0xE0, 0x00, 0x7F, 0xF8, 0x00, 0x1F, 0x98, 0x00, 0x0F, 0x83,
    0x00, 0x03, 0xC0, 0x70, 0x00, 0xE0, 0x07, 0xFC, 0x18, 0x00, 0x7F, 0xC6, 0x00, 0x07, 0xF8, 0xC0,
    0x00, 0x3F, 0x30, 0x00, 0x00, 0x06, 0x00, 0x00, 0x00, 0xC0, 0x00, 0x00, 0x18, 0x00, 0x00, 0x03,
    0x00, 0x00, 0x00, 0x70, 0x00, 0x00, 0x0F, 0x00, 0x00, 0x00, 0xF0, 0x00, 0xE0, 0x0F, 0xFF, 0xFC,
    0x01, 0xFF, 0xFE, 0x00, 0x0F, 0xFF, 0x00, 0x00, 0x7F, 0x00, 0x00, 0x00, 0x08, 0x00, 0x00, 0x07,
    0x00, 0x00, 0x03, 0xE0, 0x00, 0x00, 0xF8, 0x00, 0x00, 0x1C, 0x00, 0x00, 0x02, 0x00, 0x00, 0x00,
    0x00, 0x00, 0x00, 0x00, 0x00, 0x00, 0x00, 0x00, 0x01, 0xF8, 0x00, 0x00, 0xFF, 0x80, 0x00, 0x7F,
    0xF0, 0x00, 0x1F, 0xFF, 0x00, 0x06, 0x07, 0xE0, 0x00, 0x00, 0x7F, 0x00, 0x00, 0x0F, 0xFE, 0x00,
    0x01, 0xFF, 0x80, 0x01, 0xFF, 0xC0, 0x07, 0xF8, 0x03, 0xFF, 0xF8, 0x00, 0xFF, 0xF8, 0x00, 0x3F,
    0xFC, 0x00, 0x0F, 0xF8, 0x00, 0x00, 0x00, 0x08, 0x00, 0x00, 0x00, 0xE0, 0x00, 0x00, 0x0F, 0x80,
    0x00, 0x00, 0x7C, 0x00, 0x00, 0x01, 0xC0, 0x00, 0x00, 0x04, 0x00, 0x00, 0x00, 0x00, 0x00, 0x00,
    0x00, 0x00, 0x00, 0x00, 0x00, 0x00, 0x00, 0x3F, 0x00, 0x00, 0x03, 0xFE, 0x00, 0x00, 0x3F, 0xFC,
    0x00, 0x01, 0xFF, 0xF0, 0x00, 0x0C, 0x0F, 0xE0, 0x00, 0x00, 0x1F, 0xF0, 0x00, 0x00, 0x3F, 0xF0,
    0x00, 0x01, 0xFF, 0x80, 0x00, 0x3F, 0xF8, 0x00, 0x0F, 0xEE, 0x01, 0xFF, 0xFC, 0x3F, 0xFF, 0xFF,
    0xC0, 0xFF, 0xFF, 0xF8, 0x03, 0xFF, 0xFE, 0x00, 0x07, 0xE0, 0x00, 0x20, 0x00, 0x0C, 0x00, 0x03,
    0x80, 0x00, 0x78, 0x00, 0x07, 0x00, 0x00, 0xE0, 0x00, 0x1E, 0x00, 0x01, 0xC0, 0x00, 0x38, 0x00,
    0x07, 0x80, 0x00, 0x70, 0x00, 0x0F, 0x0C, 0x00, 0xF1, 0xFF, 0xFF, 0xFF, 0xFF, 0xFF, 0xFF, 0x9F,
    0x7F, 0xC0, 0xE0, 0x00, 0x00, 0x00, 0x30, 0x00, 0x0F, 0x00, 0x03, 0xE0, 0x00, 0x7C, 0x00, 0x07,
    0x00, 0x00, 0x00, 0x00, 0x00, 0x00, 0x00, 0x00, 0x00, 0x04, 0x00, 0x01, 0x80, 0x00, 0x70, 0x00,
    0x0F, 0x00, 0x00, 0xE0, 0x00, 0x1C, 0x00, 0x03, 0xC0, 0x00, 0x38, 0x00, 0x07, 0x00, 0x00, 0xF0,
    0x00, 0x0E, 0x00, 0x01, 0xE1, 0x80, 0x1E, 0x3F, 0xFF, 0xFF, 0xFF, 0xFF, 0xFF, 0xF3, 0xEF, 0xF8,
    0x1C, 0x00, 0x00, 0x00, 0x03, 0x00, 0x00, 0xE0, 0x00, 0x1C, 0x00, 0x03, 0xC0, 0x00, 0x78, 0x00,
    0x07, 0x80, 0x00, 0xF0, 0x00, 0x0E, 0x00, 0x01, 0xC0, 0x00, 0x1C, 0x00, 0x03, 0xF0, 0x00, 0x3E,
    0x00, 0x07, 0xC0, 0x01, 0xB8, 0x00, 0x30, 0x00, 0x0E, 0x00, 0x03, 0x80, 0x00, 0xF0, 0x00, 0x7C,
    0x07, 0xFF, 0x80, 0xFF, 0xC0, 0x07, 0xF0, 0x00, 0x10, 0x00, 0x00, 0x00, 0x00, 0x0C, 0x00, 0x03,
    0xC0, 0x00, 0xF8, 0x00, 0x0F, 0x00, 0x00, 0xC0, 0x00, 0x00, 0x00, 0x00, 0x00, 0x00, 0x00, 0x00,
    0x03, 0x00, 0x00, 0xE0, 0x00, 0x1C, 0x00, 0x03, 0xC0, 0x00, 0x78, 0x00, 0x07, 0x80, 0x00, 0xF0,
    0x00, 0x0E, 0x00, 0x01, 0xC0, 0x00, 0x1C, 0x00, 0x03, 0xF0, 0x00, 0x3E, 0x00, 0x07, 0xC0, 0x01,
    0xB8, 0x00, 0x30, 0x00, 0x0E, 0x00, 0x03, 0x80, 0x00, 0xF0, 0x00, 0x7C, 0x07, 0xFF, 0x80, 0xFF,
    0xC0, 0x07, 0xF0, 0x00, 0x10, 0x00, 0x00, 0x00, 0x00, 0x08, 0x18, 0x00, 0x00, 0x00, 0x18, 0x38,
    0x00, 0x00, 0xC0, 0x18, 0x30, 0x00, 0x01, 0xC0, 0x38, 0x70, 0x00, 0x01, 0xE0, 0x30, 0x60, 0x00,
    0x01, 0xE0, 0x30, 0x60, 0x00, 0x01, 0xE0, 0x70, 0xF0, 0x00, 0x01, 0xFF, 0xFF, 0xFF, 0x00, 0x00,
    0xFF, 0xFF, 0xFF, 0xC0, 0x00, 0xFF, 0xFF, 0x9F, 0xC0, 0x00, 0xFF, 0x9F, 0x07, 0xC0, 0x00, 0x70,
    0x00, 0x00, 0xC0, 0x00, 0x70, 0x00, 0x00, 0xC0, 0x00, 0x20, 0x00, 0x00, 0xC0, 0x00, 0x60, 0x00,
    0x00, 0xE0, 0x00, 0xE0, 0x00, 0x00, 0xE0, 0x03, 0xC0, 0x00, 0x00, 0xF0, 0x0F, 0x80, 0x00, 0x00,
    0x7F, 0xFF, 0x00, 0x00, 0x00, 0x3F, 0xFE, 0x00, 0x00, 0x00, 0x1F, 0xFC, 0x00, 0x00, 0x00, 0x0F,
    0xE0, 0x00, 0x00, 0x00, 0x00, 0x00, 0x00, 0x00, 0x00, 0x00, 0x40, 0x00, 0x00, 0x30, 0x00, 0x00,
    0x0E, 0x00, 0x00, 0x47, 0x80, 0x00, 0x30, 0xE0, 0x00, 0x1C, 0x38, 0x0C, 0x06, 0x0E, 0x07, 0x01,
    0x81, 0xC1, 0x80, 0xE0, 0x70, 0xE0, 0x3C, 0x1F, 0xFF, 0xFF, 0xFE, 0xFF, 0xFF, 0xFF, 0xBF, 0xFF,
    0xBF, 0xEF, 0x1F, 0xC1, 0xF0, 0x00, 0x00, 0xC1, 0x80, 0x00, 0x0E, 0x1C, 0x00, 0x00, 0x60, 0xE0,
    0x06, 0x03, 0x06, 0x00, 0x70, 0x38, 0x70, 0x03, 0x01, 0x83, 0x80, 0x38, 0x0C, 0x1C, 0x1F, 0xFF,
    0xFF, 0xFE, 0xFF, 0xFF, 0xFF, 0xFF, 0xFF, 0xFF, 0xEF, 0xF8, 0xFF, 0x3E, 0x1E, 0x00, 0x00, 0x00,
    0x00, 0x00, 0x00, 0x00, 0x00, 0x30, 0x00, 0x00, 0x00, 0x00, 0x78, 0x00, 0x00, 0x00, 0x00, 0x78,
    0x00, 0x00, 0x00, 0x00, 0x96, 0x00, 0x00, 0x00, 0x01, 0xCF, 0x00, 0x00, 0x00, 0x03, 0xCF, 0x00,
    0x00, 0x00, 0x01, 0xC6, 0x00, 0x00, 0x00, 0x00, 0x80, 0x00, 0x00, 0x00, 0x00, 0x00, 0x00, 0x00,
    0x00, 0x00, 0x00, 0x00, 0x00, 0x00, 0x00, 0x08, 0x18, 0x00, 0x00, 0x00, 0x18, 0x38, 0x00, 0x00,
    0xC0, 0x18, 0x30, 0x00, 0x01, 0xC0, 0x38, 0x70, 0x00, 0x01, 0xE0, 0x30, 0x60, 0x00, 0x01, 0xE0,
    0x30, 0x60, 0x00, 0x01, 0xE0, 0x70, 0xF0, 0x00, 0x01, 0xFF, 0xFF, 0xFF, 0x00, 0x00, 0xFF, 0xFF,
    0xFF, 0xC0, 0x00, 0xFF, 0xFF, 0x9F, 0xC0, 0x00, 0xFF, 0x9F, 0x07, 0xC0, 0x00, 0x70, 0x00, 0x00,
    0xC0, 0x00, 0x70, 0x00, 0x00, 0xC0, 0x00, 0x20, 0x00, 0x00, 0xC0, 0x00, 0x60, 0x00, 0x00, 0xE0,
    0x00, 0xE0, 0x00, 0x00, 0xE0, 0x03, 0xC0, 0x00, 0x00, 0xF0, 0x0F, 0x80, 0x00, 0x00, 0x7F, 0xFF,
    0x00, 0x00, 0x00, 0x3F, 0xFE, 0x00, 0x00, 0x00, 0x1F, 0xFC, 0x00, 0x00, 0x00, 0x0F, 0xE0, 0x00,
    0x00, 0x00, 0x00, 0x00, 0x00, 0x00, 0x00, 0x40, 0x00, 0x00, 0x38, 0x00, 0x00, 0x0E, 0x00, 0x00,
    0x09, 0x30, 0x00, 0x07, 0x1E, 0x00, 0x03, 0xEF, 0x80, 0x00, 0x71, 0xC0, 0x00, 0x08, 0x01, 0x00,
    0x00, 0x00, 0xC0, 0x00, 0x00, 0x38, 0x00, 0x01, 0x1E, 0x00, 0x00, 0xC3, 0x80, 0x00, 0x70, 0xE0,
    0x30, 0x18, 0x38, 0x1C, 0x06, 0x07, 0x06, 0x03, 0x81, 0xC3, 0x80, 0xF0, 0x7F, 0xFF, 0xFF, 0xFB,
    0xFF, 0xFF, 0xFE, 0xFF, 0xFE, 0xFF, 0xBC, 0x7F, 0x07, 0xC0, 0x00, 0x00, 0x00, 0x00, 0x00, 0x18,
    0x00, 0x00, 0x01, 0xE0, 0x00, 0x00, 0x07, 0x00, 0x00, 0x00, 0x96, 0x00, 0x00, 0x0E, 0x78, 0x00,
    0x00, 0xF3, 0xC0, 0x00, 0x03, 0x8C, 0x00, 0x00, 0x08, 0x00, 0x00, 0x00, 0x00, 0x00, 0x00, 0x00,
    0x00, 0x00, 0x00, 0x01, 0x83, 0x00, 0x00, 0x1C, 0x38, 0x00, 0x00, 0xC1, 0xC0, 0x0C, 0x06, 0x0C,
    0x00, 0xE0, 0x70, 0xE0, 0x06, 0x03, 0x07, 0x00, 0x70, 0x18, 0x38, 0x3F, 0xFF, 0xFF, 0xFD, 0xFF,
    0xFF, 0xFF, 0xFF, 0xFF, 0xFF, 0xDF, 0xF1, 0xFE, 0x7C, 0x3C, 0x00, 0x00, 0x00, 0x03, 0xE0, 0x00,
    0x00, 0x00, 0x00, 0x7F, 0x80, 0x00, 0x00, 0x00, 0x1F, 0xFC, 0x00, 0x00, 0x00, 0x03, 0xFF, 0xE0,
    0x00, 0x00, 0x00, 0x78, 0x1F, 0x00, 0x00, 0x00, 0x0F, 0x00, 0xF8, 0x00, 0x00, 0xC1, 0xC0, 0x07,
    0x80, 0x00, 0x1C, 0x38, 0x00, 0x30, 0x00, 0x01, 0xE7, 0x00, 0x03, 0x00, 0x00, 0x1E, 0xE0, 0x00,
    0xF0, 0x00, 0x01, 0xFC, 0x00, 0x7E, 0x00, 0x00, 0x1F, 0xFF, 0xFF, 0xFE, 0x00, 0x00, 0xFF, 0xFF,
    0xFF, 0xFC, 0x00, 0x0F, 0xFF, 0xFE, 0x3F, 0xC0, 0x00, 0xF7, 0xFF, 0x00, 0xFC, 0x00, 0x07, 0x00,
    0x00, 0x00, 0xC0, 0x00, 0x70, 0x00, 0x00, 0x0C, 0x00, 0x02, 0x00, 0x00, 0x00, 0xC0, 0x00, 0x60,
    0x00, 0x00, 0x0E, 0x00, 0x0E, 0x00, 0x00, 0x00, 0xE0, 0x03, 0xC0, 0x00, 0x00, 0x0F, 0x00, 0xF8,
    0x00, 0x00, 0x00, 0x7F, 0xFF, 0x00, 0x00, 0x00, 0x03, 0xFF, 0xE0, 0x00, 0x00, 0x00, 0x1F, 0xFC,
    0x00, 0x00, 0x00, 0x00, 0xFE, 0x00, 0x00, 0x00, 0x00, 0x00, 0x00, 0x0F, 0x80, 0x00, 0x00, 0x7F,
    0xC0, 0x00, 0x01, 0xFF, 0xC0, 0x00, 0x07, 0xFF, 0xC0, 0x00, 0x1E, 0x07, 0xC0, 0x00, 0xF0, 0x07,
    0x80, 0x41, 0xC0, 0x07, 0x81, 0x87, 0x00, 0x06, 0x07, 0x1C, 0x00, 0x1C, 0x0E, 0x70, 0x00, 0x78,
    0x3F, 0xC0, 0x07, 0xE7, 0xFF, 0xFF, 0xFF, 0x8F, 0xFF, 0xFF, 0xFE, 0x1F, 0x1F, 0xFF, 0xF0, 0x3C,
    0x07, 0xFF, 0x00, 0x00, 0x00, 0x00, 0x0F, 0x80, 0x00, 0x00, 0x0F, 0xF8, 0x00, 0x00, 0x07, 0xFF,
    0x00, 0x00, 0x03, 0xFF, 0xE0, 0x00, 0x01, 0xE0, 0x7C, 0x00, 0x00, 0xE0, 0x0F, 0x80, 0x10, 0x70,
    0x01, 0xE0, 0x0C, 0x38, 0x00, 0x30, 0x07, 0x1C, 0x00, 0x1C, 0x01, 0xCE, 0x00, 0x0F, 0x00, 0xFF,
    0x00, 0x1F, 0x83, 0xFF, 0xFF, 0xFF, 0xFE, 0xFF, 0xFF, 0xFF, 0xFF, 0xFE, 0x3F, 0xFF, 0xE3, 0xFF,
    0x01, 0xFF, 0xC0, 0x3C, 0x00, 0x00, 0x00, 0x00, 0x00, 0x00, 0x00, 0x00, 0x03, 0x00, 0x00, 0x00,
    0x00, 0x00, 0x7C, 0x00, 0x00, 0x00, 0x00, 0x07, 0xC0, 0x00, 0x00, 0x00, 0x00, 0x78, 0x00, 0x00,
    0x00, 0x00, 0x03, 0x00, 0x00, 0x00, 0x00, 0x00, 0x00, 0x00, 0x00, 0x00, 0x00, 0x00, 0x00, 0x00,
    0x00, 0x00, 0x00, 0x00, 0x00, 0x00, 0x00, 0x00, 0x00, 0x00, 0x00, 0x00, 0x00, 0x00, 0x03, 0xE0,
    0x00, 0x00, 0x00, 0x00, 0x7F, 0x80, 0x00, 0x00, 0x00, 0x1F, 0xFC, 0x00, 0x00, 0x00, 0x03, 0xFF,
    0xE0, 0x00, 0x00, 0x00, 0x78, 0x1F, 0x00, 0x00, 0x00, 0x0F, 0x00, 0xF8, 0x00, 0x00, 0xC1, 0xC0,
    0x07, 0x80, 0x00, 0x1C, 0x38, 0x00, 0x30, 0x00, 0x01, 0xE7, 0x00, 0x03, 0x00, 0x00, 0x1E, 0xE0,
    0x00, 0xF0, 0x00, 0x01, 0xFC, 0x00, 0x7E, 0x00, 0x00, 0x1F, 0xFF, 0xFF, 0xFE, 0x00, 0x00, 0xFF,
    0xFF, 0xFF, 0xFC, 0x00, 0x0F, 0xFF, 0xFE, 0x3F, 0xC0, 0x00, 0xF7, 0xFF, 0x00, 0xFC, 0x00, 0x07,
    0x00, 0x00, 0x00, 0xC0, 0x00, 0x70, 0x00, 0x00, 0x0C, 0x00, 0x02, 0x00, 0x00, 0x00, 0xC0, 0x00,
    0x60, 0x00, 0x00, 0x0E, 0x00, 0x0E, 0x00, 0x00, 0x00, 0xE0, 0x03, 0xC0, 0x00, 0x00, 0x0F, 0x00,
    0xF8, 0x00, 0x00, 0x00, 0x7F, 0xFF, 0x00, 0x00, 0x00, 0x03, 0xFF, 0xE0, 0x00, 0x00, 0x00, 0x1F,
    0xFC, 0x00, 0x00, 0x00, 0x00, 0xFE, 0x00, 0x00, 0x00, 0x00, 0x00, 0x00, 0x00, 0x00, 0x00, 0x01,
    0x80, 0x00, 0x00, 0x07, 0x80, 0x00, 0x00, 0x1F, 0x00, 0x00, 0x00, 0x1E, 0x00, 0x00, 0x00, 0x18,
    0x00, 0x00, 0x00, 0x00, 0x00, 0x00, 0x00, 0x00, 0x00, 0x00, 0x00, 0x00, 0x00, 0x00, 0x00, 0x00,
    0x00, 0x00, 0x00, 0x3E, 0x00, 0x00, 0x01, 0xFF, 0x00, 0x00, 0x07, 0xFF, 0x00, 0x00, 0x1F, 0xFF,
    0x00, 0x00, 0x78, 0x1F, 0x00, 0x03, 0xC0, 0x1E, 0x01, 0x07, 0x00, 0x1E, 0x06, 0x1C, 0x00, 0x18,
    0x1C, 0x70, 0x00, 0x70, 0x39, 0xC0, 0x01, 0xE0, 0xFF, 0x00, 0x1F, 0x9F, 0xFF, 0xFF, 0xFE, 0x3F,
    0xFF, 0xFF, 0xF8, 0x7C, 0x7F, 0xFF, 0xC0, 0xF0, 0x1F, 0xFC, 0x00, 0x00, 0x00, 0x00, 0x00, 0x00,
    0x00, 0x30, 0x00, 0x00, 0x00, 0x1E, 0x00, 0x00, 0x00, 0x0F, 0x80, 0x00, 0x00, 0x01, 0xE0, 0x00,
    0x00, 0x00, 0x30, 0x00, 0x00, 0x00, 0x00, 0x00, 0x00, 0x00, 0x00, 0x00, 0x00, 0x00, 0x00, 0x00,
    0x00, 0x00, 0x00, 0x00, 0x00, 0x00, 0x00, 0x00, 0xF8, 0x00, 0x00, 0x00, 0xFF, 0x80, 0x00, 0x00,
    0x7F, 0xF0, 0x00, 0x00, 0x3F, 0xFE, 0x00, 0x00, 0x1E, 0x07, 0xC0, 0x00, 0x0E, 0x00, 0xF8, 0x01,
    0x07, 0x00, 0x1E, 0x00, 0xC3, 0x80, 0x03, 0x00, 0x71, 0xC0, 0x01, 0xC0, 0x1C, 0xE0, 0x00, 0xF0,
    0x0F, 0xF0, 0x01, 0xF8, 0x3F, 0xFF, 0xFF, 0xFF, 0xEF, 0xFF, 0xFF, 0xFF, 0xFF, 0xE3, 0xFF, 0xFE,
    0x3F, 0xF0, 0x1F, 0xFC, 0x03, 0xC0, 0x00, 0x00, 0x00, 0x00, 0x00, 0xC0, 0x00, 0x00, 0x01, 0xC0,
    0x00, 0x00, 0x01, 0xE0, 0x00, 0x00, 0x01, 0xE0, 0x00, 0x00, 0x01, 0xE0, 0x00, 0x00, 0x01, 0xE0,
    0x00, 0x00, 0x01, 0xC0, 0x00, 0x00, 0x01, 0xE0, 0x00, 0x00, 0x01, 0xE0, 0x00, 0x00, 0x00, 0xE0,
    0x00, 0x00, 0x00, 0xE0, 0x00, 0x00, 0x00, 0xE0, 0x00, 0x00, 0x00, 0xE0, 0x00, 0x00, 0x00, 0xE0,
    0x1E, 0x00, 0x00, 0x60, 0x7F, 0x80, 0x00, 0x71, 0xFF, 0xC0, 0x00, 0x73, 0xFF, 0xE0, 0x00, 0x77,
    0x81, 0xF0, 0x00, 0x7F, 0x00, 0xF8, 0x00, 0x7C, 0x00, 0x78, 0x00, 0x38, 0x00, 0x30, 0x00, 0x70,
    0x00, 0x30, 0x00, 0xE0, 0x00, 0xF0, 0x78, 0xC0, 0x07, 0xE0, 0x7F, 0xFF, 0xFF, 0xFF, 0x3F, 0xFF,
    0xFF, 0xFF, 0x0F, 0xFF, 0xFE, 0x3F, 0x03, 0xFF, 0xF0, 0x0F, 0x00, 0x00, 0x00, 0x01, 0x80, 0x00,
    0x00, 0xE0, 0x00, 0x00, 0x38, 0x00, 0x00, 0x0F, 0x00, 0x00, 0x03, 0xC0, 0x00, 0x00, 0xE0, 0x00,
    0x00, 0x38, 0x00, 0x00, 0x0E, 0x00, 0x00, 0x03, 0x80, 0x00, 0x00, 0x60, 0x00, 0x00, 0x1C, 0x00,
    0x00, 0x07, 0x00, 0x00, 0x01, 0xC0, 0x18, 0x00, 0x70, 0x1F, 0x80, 0x1C, 0x1F, 0xF8, 0x07, 0x0F,
    0xFF, 0x00, 0xC7, 0xC7, 0xE0, 0x33, 0xC0, 0x78, 0x0D, 0xC0, 0x0F, 0x03, 0xE0, 0x01, 0xC0, 0xF0,
    0x00, 0x60, 0x38, 0x00, 0x78, 0x1C, 0x00, 0x7C, 0x06, 0x00, 0xFE, 0x3F, 0xFF, 0xFF, 0x0F, 0xFF,
    0xFF, 0x03, 0xFF, 0xFE, 0x00, 0xFF, 0xF0, 0x00, 0x00, 0x00, 0x00, 0x00, 0x00, 0x60, 0x00, 0x00,
    0x0E, 0x00, 0x00, 0x00, 0xE0, 0x00, 0x00, 0x0F, 0x00, 0x00, 0x00, 0xF0, 0x00, 0x00, 0x0E, 0x00,
    0x00, 0x00, 0xE0, 0x00, 0x00, 0x0E, 0x00, 0x00, 0x00, 0xE0, 0x00, 0x00, 0x06, 0x00, 0x00, 0x00,
    0x70, 0x00, 0x00, 0x07, 0x00, 0x00, 0x00, 0x70, 0x06, 0x00, 0x07, 0x01, 0xF8, 0x00, 0x70, 0x7F,
    0xE0, 0x07, 0x0F, 0xFF, 0x00, 0x31, 0xF1, 0xF8, 0x03, 0x3C, 0x07, 0x80, 0x37, 0x00, 0x3C, 0x03,
    0xE0, 0x01, 0xC0, 0x3C, 0x00, 0x18, 0x03, 0x80, 0x07, 0x80, 0x70, 0x01, 0xF0, 0x06, 0x00, 0xFE,
    0x0F, 0xFF, 0xFF, 0xFE, 0xFF, 0xFF, 0xE7, 0xFF, 0xFF, 0xF0, 0x3F, 0xFF, 0xE0, 0x00, 0xF0, 0x00,
    0x00, 0x00, 0x00, 0x00, 0xC0, 0x00, 0x00, 0x01, 0xC0, 0x00, 0x00, 0x01, 0xE0, 0x00, 0x00, 0x01,
    0xE0, 0x00, 0x00, 0x01, 0xE0, 0x18, 0x00, 0x01, 0xE0, 0x3C, 0x00, 0x01, 0xC0, 0x3E, 0x00, 0x01,
    0xE0, 0x3C, 0x00, 0x01, 0xE0, 0x18, 0x00, 0x00, 0xE0, 0x00, 0x00, 0x00, 0xE0, 0x00, 0x00, 0x00,
    0xE0, 0x00, 0x00, 0x00, 0xE0, 0x00, 0x00, 0x00, 0xE0, 0x1E, 0x00, 0x00, 0x60, 0x7F, 0x80, 0x00,
    0x71, 0xFF, 0xC0, 0x00, 0x73, 0xFF, 0xE0, 0x00, 0x77, 0x81, 0xF0, 0x00, 0x7F, 0x00, 0xF8, 0x00,
    0x7C, 0x00, 0x78, 0x00, 0x38, 0x00, 0x30, 0x00, 0x70, 0x00, 0x30, 0x00, 0xE0, 0x00, 0xF0, 0x78,
    0xC0, 0x07, 0xE0, 0x7F, 0xFF, 0xFF, 0xFF, 0x3F, 0xFF, 0xFF, 0xFF, 0x0F, 0xFF, 0xFE, 0x3F, 0x03,
    0xFF, 0xF0, 0x0F, 0x00, 0x00, 0x00, 0x01, 0x80, 0x00, 0x00, 0xE0, 0x00, 0x00, 0x38, 0x00, 0x00,
    0x0F, 0x00, 0x40, 0x03, 0xC0, 0x38, 0x00, 0xE0, 0x1F, 0x00, 0x38, 0x07, 0xC0, 0x0E, 0x00, 0xE0,
    0x03, 0x80, 0x10, 0x00, 0x60, 0x00, 0x00, 0x1C, 0x00, 0x00, 0x07, 0x00, 0x00, 0x01, 0xC0, 0x18,
    0x00, 0x70, 0x1F, 0x80, 0x1C, 0x1F, 0xF8, 0x07, 0x0F, 0xFF, 0x00, 0xC7, 0xC7, 0xE0, 0x33, 0xC0,
    0x78, 0x0D, 0xC0, 0x0F, 0x03, 0xE0, 0x01, 0xC0, 0xF0, 0x00, 0x60, 0x38, 0x00, 0x78, 0x1C, 0x00,
    0x7C, 0x06, 0x00, 0xFE, 0x3F, 0xFF, 0xFF, 0x0F, 0xFF, 0xFF, 0x03, 0xFF, 0xFE, 0x00, 0xFF, 0xF0,
    0x00, 0x00, 0x00, 0x00, 0x00, 0x00, 0x60, 0x00, 0x00, 0x0E, 0x00, 0x00, 0x00, 0xE0, 0x00, 0x00,
    0x0F, 0x00, 0x40, 0x00, 0xF0, 0x0E, 0x00, 0x0E, 0x01, 0xF0, 0x00, 0xE0, 0x1F, 0x00, 0x0E, 0x00,
    0xE0, 0x00, 0xE0, 0x04, 0x00, 0x06, 0x00, 0x00, 0x00, 0x70, 0x00, 0x00, 0x07, 0x00, 0x00, 0x00,
    0x70, 0x06, 0x00, 0x07, 0x01, 0xF8, 0x00, 0x70, 0x7F, 0xE0, 0x07, 0x0F, 0xFF, 0x00, 0x31, 0xF1,
    0xF8, 0x03, 0x3C, 0x07, 0x80, 0x37, 0x00, 0x3C, 0x03, 0xE0, 0x01, 0xC0, 0x3C, 0x00, 0x18, 0x03,
    0x80, 0x07, 0x80, 0x70, 0x01, 0xF0, 0x06, 0x00, 0xFE, 0x0F, 0xFF, 0xFF, 0xFE, 0xFF, 0xFF, 0xE7,
    0xFF, 0xFF, 0xF0, 0x3F, 0xFF, 0xE0, 0x00, 0xF0, 0x00, 0x80, 0x00, 0x7F, 0xC0, 0x0F, 0xFF, 0x00,
    0xFF, 0xFC, 0x0F, 0xC1, 0xE0, 0x7C, 0x07, 0x01, 0xF0, 0x38, 0x03, 0xC1, 0xC0, 0x0E, 0x1C, 0x00,
    0x39, 0xE0, 0x00, 0xFE, 0x00, 0x07, 0xE0, 0x00, 0x3F, 0xFC, 0x03, 0xFF, 0xE0, 0x38, 0xFF, 0x03,
    0x81, 0xF8, 0x18, 0x00, 0x01, 0x80, 0x00, 0x0C, 0x00, 0x00, 0x60, 0x00, 0x03, 0x00, 0x00, 0x18,
    0x00, 0x00, 0xE0, 0x00, 0x03, 0x80, 0x06, 0x1F, 0xFF, 0xF0, 0x7F, 0xFF, 0x01, 0xFF, 0xE0, 0x03,
    0xFC, 0x00, 0x00, 0x40, 0x00, 0x0F, 0xC0, 0x00, 0xFF, 0x80, 0x0F, 0xFE, 0x00, 0xF0, 0x60, 0x06,
    0x00, 0x00, 0x70, 0x00, 0x03, 0x80, 0x00, 0x1C, 0x00, 0x00, 0xF0, 0x00, 0x03, 0xE0, 0x1E, 0x1F,
    0xEF, 0xFF, 0xFF, 0xFF, 0x7F, 0xFF, 0xF3, 0xFF, 0xF0, 0x1F, 0xF0, 0x00, 0x00, 0x60, 0x01, 0xFF,
    0x01, 0xFF, 0xE0, 0xFF, 0xFC, 0x3E, 0x1F, 0x0E, 0x01, 0xC3, 0xC0, 0x70, 0x38, 0x1C, 0x07, 0x0E,
    0x00, 0xE7, 0x80, 0x3F, 0xC0, 0x07, 0xE0, 0xFF, 0xFF, 0xFF, 0xFF, 0xFF, 0xF1, 0xFF, 0xE0, 0x1F,
    0x00, 0x80, 0x00, 0x0E, 0x00, 0x00, 0xF8, 0x00, 0x0F, 0x80, 0x00, 0x3C, 0x00, 0x00, 0x40, 0x00,
    0x00, 0x00, 0x00, 0x00, 0x00, 0x00, 0x80, 0x00, 0x7F, 0xC0, 0x0F, 0xFF, 0x00, 0xFF, 0xFC, 0x0F,
    0xC1, 0xE0, 0x7C, 0x07, 0x01, 0xF0, 0x38, 0x03, 0xC1, 0xC0, 0x0E, 0x1C, 0x00, 0x39, 0xE0, 0x00,
    0xFE, 0x00, 0x07, 0xE0, 0x00, 0x3F, 0xFC, 0x03, 0xFF, 0xE0, 0x38, 0xFF, 0x03, 0x81, 0xF8, 0x18,
    0x00, 0x01, 0x80, 0x00, 0x0C, 0x00, 0x00, 0x60, 0x00, 0x03, 0x00, 0x00, 0x18, 0x00, 0x00, 0xE0,
    0x00, 0x03, 0x80, 0x06, 0x1F, 0xFF, 0xF0, 0x7F, 0xFF, 0x01, 0xFF, 0xE0, 0x03, 0xFC, 0x00, 0x00,
    0x40, 0x00, 0x07, 0x00, 0x00, 0x7C, 0x00, 0x03, 0xE0, 0x00, 0x0E, 0x00, 0x00, 0x20, 0x00, 0x00,
    0x00, 0x00, 0x00, 0x00, 0x00, 0x40, 0x00, 0x0F, 0xC0, 0x00, 0xFF, 0x80, 0x0F, 0xFE, 0x00, 0xF0,
    0x60, 0x06, 0x00, 0x00, 0x70, 0x00, 0x03, 0x80, 0x00, 0x1C, 0x00, 0x00, 0xF0, 0x00, 0x03, 0xE0,
    0x1E, 0x1F, 0xEF, 0xFF, 0xFF, 0xFF, 0x7F, 0xFF, 0xF3, 0xFF, 0xF0, 0x1F, 0xF0, 0x00, 0x00, 0x40,
    0x00, 0x38, 0x00, 0x1F, 0x00, 0x0F, 0x80, 0x01, 0xE0, 0x00, 0x10, 0x00, 0x00, 0x00, 0x00, 0x00,
    0x00, 0x60, 0x01, 0xFF, 0x01, 0xFF, 0xE0, 0xFF, 0xFC, 0x3E, 0x1F, 0x0E, 0x01, 0xC3, 0xC0, 0x70,
    0x38, 0x1C, 0x07, 0x0E, 0x00, 0xE7, 0x80, 0x3F, 0xC0, 0x07, 0xE0, 0xFF, 0xFF, 0xFF, 0xFF, 0xFF,
    0xF1, 0xFF, 0xE0, 0x1F, 0x00, 0x00, 0x00, 0x00, 0x00, 0x00, 0x01, 0x00, 0x00, 0x00, 0x03, 0x80,
    0x00, 0x00, 0x07, 0xC0, 0x00, 0x00, 0x07, 0xC0, 0x00, 0x00, 0x03, 0x80, 0x00, 0x00, 0x00, 0x00,
    0x00, 0x00, 0x00, 0x00, 0x00, 0x00, 0x00, 0x80, 0x00, 0x00, 0x07, 0xE0, 0x00, 0x00, 0x0F, 0xE0,
    0x00, 0x00, 0x1F, 0xF0, 0x00, 0x00, 0x3E, 0x70, 0xC0, 0x00, 0x78, 0x38, 0xC0, 0x00, 0x70, 0x38,
    0xC0, 0x00, 0x70, 0x18, 0xC0, 0x00, 0x60, 0x18, 0xC0, 0x00, 0x70, 0x18, 0xE0, 0x00, 0x78, 0x78,
    0xF0, 0x00, 0x3D, 0xF0, 0xF8, 0x00, 0x3F, 0xE0, 0x7F, 0xFF, 0xFF, 0xFF, 0x3F, 0xFF, 0xFF, 0xFF,
    0x1F, 0xFF, 0xFF, 0xFF, 0x07, 0xFF, 0xC0, 0x3F, 0x00, 0x00, 0x01, 0x80, 0x03, 0xC0, 0x07, 0xE0,
    0x03, 0xC0, 0x01, 0x80, 0x00, 0x00, 0x00, 0x00, 0x00, 0x80, 0x03, 0xE0, 0x07, 0xF0, 0x0F, 0xF8,
    0x0E, 0x7C, 0x1C, 0x3C, 0x18, 0x1E, 0x18, 0x0E, 0x18, 0x0E, 0x1C, 0x0E, 0x1F, 0xFE, 0x1F, 0xFF,
    0x0F, 0xF7, 0x07, 0xC7, 0x00, 0x06, 0x00, 0x1E, 0xFF, 0xFE, 0xFF, 0xF8, 0xFF, 0xE0, 0xFE, 0x00,
    0x00, 0x00, 0x00, 0xE0, 0x00, 0xF8, 0x00, 0x7C, 0x00, 0x3C, 0x00, 0x0C, 0x00, 0x00, 0x00, 0x00,
    0x00, 0x00, 0x40, 0x01, 0xF8, 0x03, 0xFC, 0x01, 0xFF, 0x01, 0xF3, 0x81, 0xE0, 0xE0, 0xE0, 0x70,
    0x60, 0x18, 0x30, 0x0C, 0x1C, 0x06, 0x0F, 0x0F, 0x03, 0xFF, 0x0F, 0xFF, 0xFF, 0xFF, 0xFF, 0xFF,
    0xFF, 0xF8, 0x3F, 0x00, 0x00, 0x00, 0x00, 0x00, 0x60, 0x00, 0x1C, 0x78, 0x00, 0x1F, 0x3E, 0x00,
    0x0F, 0x9E, 0x00, 0x03, 0x86, 0x00, 0x00, 0x80, 0x00, 0x00, 0x00, 0x00, 0x00, 0x02, 0x00, 0x00,
    0x07, 0xC0, 0x00, 0x07, 0xF0, 0x00, 0x07, 0xFC, 0x00, 0x07, 0x1F, 0x00, 0x03, 0x07, 0x80, 0x03,
    0x81, 0xE0, 0x01, 0x80, 0x70, 0x00, 0xC0, 0x3C, 0x00, 0x70, 0x0E, 0x00, 0x3C, 0x07, 0x00, 0x1F,
    0xFF, 0xE0, 0x07, 0xFF, 0xFE, 0x01, 0xFF, 0xFF, 0x00, 0x1F, 0xFF, 0x80, 0x00, 0x18, 0xC0, 0x00,
    0x0C, 0x60, 0x00, 0x04, 0x30, 0x00, 0x06, 0x1C, 0x00, 0x06, 0x0E, 0x00, 0x0F, 0x03, 0xC0, 0x1F,
    0x01, 0xFF, 0xFF, 0x00, 0x7F, 0xFE, 0x00, 0x1F, 0xFE, 0x00, 0x03, 0xF8, 0x00, 0x00, 0x00, 0x00,
    0x00, 0x30, 0x0C, 0x78, 0x1E, 0x78, 0x3E, 0x78, 0x1C, 0x30, 0x08, 0x00, 0x00, 0x00, 0x00, 0x80,
    0x03, 0xE0, 0x07, 0xF0, 0x0F, 0xF8, 0x0E, 0x7C, 0x1C, 0x3C, 0x18, 0x1E, 0x18, 0x0E, 0x18, 0x0E,
    0x1C, 0x0E, 0x1F, 0xFE, 0x1F, 0xFF, 0x0F, 0xF7, 0x07, 0xC7, 0x00, 0x06, 0x00, 0x1E, 0xFF, 0xFE,
    0xFF, 0xF8, 0xFF, 0xE0, 0xFE, 0x00, 0x00, 0x00, 0x00, 0x08, 0x03, 0x0E, 0x03, 0xCF, 0x81, 0xE7,
    0x80, 0xF0, 0x80, 0x10, 0x00, 0x00, 0x00, 0x00, 0x40, 0x01, 0xF8, 0x03, 0xFC, 0x01, 0xFF, 0x01,
    0xF3, 0x81, 0xE0, 0xE0, 0xE0, 0x70, 0x60, 0x18, 0x30, 0x0C, 0x1C, 0x06, 0x0F, 0x0F, 0x03, 0xFF,
    0x0F, 0xFF, 0xFF, 0xFF, 0xFF, 0xFF, 0xFF, 0xF8, 0x3F, 0x00, 0x00, 0x00, 0x00, 0x00, 0x00, 0x18,
    0x00, 0x00, 0x01, 0xC0, 0x00, 0x00, 0x1E, 0x00, 0x00, 0x00, 0x70, 0x00, 0x00, 0x03, 0x80, 0x00,
    0x00, 0x1C, 0x00, 0x00, 0x00, 0xE0, 0x00, 0x00, 0x07, 0x00, 0x00, 0x00, 0x38, 0x00, 0x00, 0x01,
    0xC0, 0x00, 0x00, 0x0E, 0x00, 0x01, 0xC0, 0x70, 0x00, 0x1C, 0x03, 0x80, 0x00, 0x80, 0x1C, 0x00,
    0x07, 0x00, 0xE0, 0x00, 0x3E, 0x07, 0x00, 0x00, 0x30, 0x38, 0x00, 0x07, 0x00, 0xC1, 0x80, 0xE0,
    0x06, 0x0C, 0x00, 0x00, 0x30, 0x60, 0x00, 0x01, 0x83, 0x80, 0x00, 0x0C, 0x1E, 0x00, 0x00, 0xE0,
    0xFF, 0xFF, 0xFF, 0xF3, 0xFF, 0xFF, 0xFF, 0xCF, 0xFF, 0xFE, 0x3E, 0x1F, 0xFF, 0x00, 0xF0, 0x00,
    0x00, 0x00, 0x00, 0xC0, 0x03, 0xE0, 0x07, 0xF0, 0x0F, 0xF0, 0x1F, 0xE0, 0x3F, 0xC0, 0x7F, 0x00,
    0x7E, 0x00, 0x3C, 0x00, 0x18, 0x00, 0x1F, 0x00, 0x0F, 0xE0, 0x03, 0xFC, 0x00, 0xFF, 0x00, 0x07,
    0xC0, 0x00, 0xF0, 0x00, 0x3C, 0x00, 0x0F, 0x00, 0x03, 0x80, 0x00, 0xE0, 0x00, 0x70, 0x00, 0x30,
    0x00, 0xF8, 0xFF, 0xF8, 0x7F, 0xF8, 0x3F, 0xF8, 0x1F, 0xC0, 0x00, 0x00, 0x00, 0x00, 0x00, 0x1E,
    0x00, 0x07, 0xE0, 0x03, 0xFC, 0x00, 0xFF, 0x80, 0x3F, 0xE0, 0x0F, 0xF0, 0x03, 0xFC, 0x00, 0x7E,
    0x00, 0x07, 0x80, 0x00, 0xE0, 0x00, 0x07, 0xC0, 0x00, 0x3F, 0x00, 0x01, 0xF8, 0x00, 0x07, 0xE0,
    0x00, 0x1F, 0x00, 0x00, 0xF8, 0x00, 0x07, 0x80, 0x00, 0x3C, 0x00, 0x01, 0xC0, 0x00, 0x0E, 0x00,
    0x00, 0xE0, 0x00, 0x0E, 0x00, 0x07, 0xF0, 0xFF, 0xFF, 0xFF, 0xFF, 0x3F, 0xFF, 0xC1, 0xFF, 0xE0,
    0x07, 0x00, 0x00, 0x00, 0x00, 0x03, 0x00, 0x00, 0x0E, 0x00, 0x00, 0x1E, 0x00, 0x00, 0x3C, 0x00,
    0x00, 0x78, 0x00, 0x00, 0xF0, 0x00, 0x01, 0xC0, 0x00, 0x03, 0xC0, 0x00, 0x07, 0x80, 0x00, 0x07,
    0x00, 0x00, 0x0E, 0x00, 0x00, 0x1C, 0x00, 0x00, 0x38, 0x00, 0x00, 0x70, 0x00, 0x00, 0xE0, 0x00,
    0x01, 0xC0, 0x00, 0x01, 0xC0, 0x00, 0x03, 0x80, 0x00, 0x07, 0x00, 0x00, 0x0E, 0x00, 0x00, 0x1C,
    0x00, 0x00, 0x38, 0x00, 0x00, 0x30, 0x00, 0x00, 0x60, 0x00, 0x00, 0xF8, 0x00, 0x01, 0xFE, 0x00,
    0x03, 0xFC, 0x00, 0x07, 0xF8, 0x00, 0x06, 0x30, 0x00, 0x0C, 0x60, 0x00, 0x10, 0xC0, 0x00, 0x61,
    0xC0, 0x01, 0xC3, 0x80, 0x0F, 0x07, 0x80, 0x7C, 0x07, 0xFF, 0xF0, 0x07, 0xFF, 0xC0, 0x07, 0xFF,
    0x00, 0x07, 0xF0, 0x00, 0x00, 0x08, 0x70, 0xE1, 0xC3, 0x87, 0x0E, 0x1C, 0x18, 0x30, 0x60, 0xC1,
    0xC3, 0x87, 0x0E, 0x1C, 0x38, 0x70, 0x60, 0xC1, 0x83, 0x07, 0xFB, 0xF7, 0xCF, 0x00, 0x00, 0x00,
    0x80, 0x70, 0x0E, 0x01, 0xC0, 0x38, 0x07, 0x00, 0xE0, 0x1C, 0x03, 0x80, 0x70, 0x0E, 0x01, 0xC0,
    0x38, 0x07, 0x00, 0xE0, 0x1C, 0x03, 0x80, 0x30, 0x06, 0x00, 0xC0, 0x18, 0x03, 0x00, 0x60, 0x0C,
    0x1F, 0xFF, 0xFF, 0xFF, 0xFF, 0x1E, 0x00, 0x38, 0x00, 0x0F, 0xC0, 0x03, 0xFE, 0x00, 0xFF, 0xE0,
    0x1F, 0xCF, 0x03, 0xF8, 0x70, 0x7F, 0x07, 0x06, 0x60, 0x78, 0xCF, 0x03, 0x8C, 0xF8, 0x3C, 0xC7,
    0xFB, 0xFC, 0x3F, 0xFF, 0xC1, 0xFF, 0xFC, 0x03, 0xF7, 0xE0, 0x00, 0x0E, 0x00, 0x00, 0xE0, 0x00,
    0x0E, 0x00, 0x00, 0xE0, 0x00, 0x06, 0x00, 0x00, 0x60, 0x00, 0x07, 0x00, 0x00, 0x70, 0x00, 0x07,
    0x00, 0x00, 0x70, 0x00, 0x07, 0x00, 0x00, 0x40, 0x00, 0x00, 0x00, 0x1C, 0x00, 0x1F, 0x80, 0x0F,
    0xF0, 0x03, 0xFE, 0x01, 0xC7, 0x80, 0xE0, 0xE0, 0x38, 0x3C, 0x1C, 0x0F, 0x07, 0x01, 0xC3, 0xF0,
    0x77, 0xFF, 0xFF, 0xFF, 0xFF, 0xF8, 0xFF, 0xBC, 0x07, 0xE0, 0x00, 0xE0, 0x00, 0x7C, 0x00, 0x3F,
    0x80, 0x1F, 0xE0, 0x0F, 0x1C, 0x03, 0x87, 0x01, 0xC1, 0xC0, 0x60, 0x78, 0x1C, 0x0E, 0x07, 0xC3,
    0xCF, 0xFE, 0x7F, 0xFF, 0xFF, 0xFF, 0xFF, 0xFC, 0x3F, 0x70, 0x00, 0x80, 0x00, 0x03, 0x80, 0x00,
    0x0F, 0x80, 0x00, 0x1F, 0x00, 0x00, 0x1C, 0x00, 0x00, 0x10, 0x00, 0x00, 0x00, 0x10, 0x00, 0x00,
    0x60, 0x00, 0x01, 0xC0, 0x00, 0x03, 0xC0, 0x00, 0x07, 0x80, 0x00, 0x0F, 0x00, 0x00, 0x1F, 0xC0,
    0x00, 0x1F, 0xF0, 0x00, 0x3F, 0xE0, 0x00, 0x7F, 0xC0, 0x00, 0x71, 0x80, 0x00, 0xE3, 0x00, 0x00,
    0x86, 0x00, 0x03, 0x0E, 0x00, 0x0E, 0x1C, 0x00, 0x78, 0x3C, 0x03, 0xE0, 0x3F, 0xFF, 0x80, 0x3F,
    0xFE, 0x00, 0x3F, 0xF8, 0x00, 0x3F, 0x80, 0x00, 0x00, 0x01, 0x80, 0xF0, 0x7C, 0x0F, 0x01, 0x80,
    0x00, 0x00, 0x00, 0x00, 0x40, 0x30, 0x0E, 0x07, 0x80, 0xE0, 0x38, 0x0E, 0x03, 0x80, 0x70, 0x1C,
    0x06, 0x03, 0xBF, 0xEF, 0xF3, 0xF8, 0xF0, 0x00, 0x00, 0x00, 0x10, 0x01, 0xC0, 0x1F, 0x00, 0xF8,
    0x03, 0x80, 0x08, 0x00, 0x00, 0x00, 0x00, 0x00, 0x00, 0x20, 0x03, 0x00, 0x38, 0x01, 0x80, 0x1C,
    0x01, 0xF0, 0xFF, 0xFF, 0xFF, 0xFE, 0x7F, 0xE0, 0xF0, 0x00, 0x10, 0x00, 0x18, 0x00, 0x1C, 0x00,
    0x0E, 0x00, 0x1F, 0x00, 0x3F, 0x80, 0x7F, 0xC0, 0x7C, 0xE0, 0x38, 0x30, 0x30, 0x18, 0x30, 0x0C,
    0x1C, 0x06, 0x0F, 0xC3, 0x03, 0xFF, 0x80, 0xFF, 0x7C, 0x1F, 0x3F, 0x00, 0x0F, 0x80, 0x03, 0xC0,
    0x00, 0x00, 0x00, 0x1C, 0x00, 0x01, 0xF0, 0x00, 0x1F, 0xC0, 0x07, 0xFE, 0x00, 0x7F, 0xF0, 0x0E,
    0x3F, 0x81, 0xC3, 0xBC, 0x18, 0x19, 0xC1, 0x81, 0x9E, 0x18, 0x18, 0xE1, 0xC3, 0x87, 0x0E, 0x30,
    0x70, 0xFF, 0x07, 0x07, 0xF0, 0x37, 0xFF, 0xC3, 0xFF, 0xFF, 0xEF, 0xF7, 0xFE, 0xFC, 0x0F, 0xC0,
    0x00, 0x0C, 0x00, 0x30, 0x00, 0x3C, 0x00, 0x1E, 0x00, 0x1F, 0x00, 0x1F, 0x80, 0x1D, 0xC0, 0x0E,
    0xE0, 0x0E, 0x78, 0x07, 0x3C, 0x07, 0x0E, 0x03, 0x87, 0x01, 0x83, 0x01, 0xC1, 0x80, 0xE3, 0x83,
    0xFF, 0xFF, 0xFF, 0xFF, 0xFF, 0xFF, 0xFF, 0xFF, 0xDF, 0x0F, 0x0F, 0x81, 0xC1, 0xE0, 0x70, 0xF0,
    0x38, 0x3C, 0x0C, 0x1F, 0x8E, 0x07, 0xFE, 0x01, 0xFF, 0x00, 0x7F, 0x00, 0x06, 0x00, 0x00, 0x60,
    0x00, 0x3F, 0x00, 0x0F, 0xF0, 0x01, 0xFE, 0x00, 0x71, 0xE0, 0x0C, 0x1C, 0x03, 0x01, 0xC0, 0x60,
    0x38, 0x0C, 0x03, 0x01, 0x80, 0x60, 0x3C, 0x0E, 0x07, 0xFF, 0xF0, 0x7F, 0xFE, 0x07, 0xFF, 0xC0,
    0x3F, 0xF8, 0x00, 0x18, 0x00, 0x07, 0x00, 0x01, 0xC0, 0x00, 0x78, 0x30, 0x3E, 0x0F, 0xFF, 0x80,
    0xFF, 0xE0, 0x07, 0xF8, 0x00, 0x18, 0x00, 0x00, 0x00, 0x00, 0x00, 0x00, 0x3F, 0xF4, 0x00, 0x1F,
    0xFF, 0x00, 0x07, 0xFF, 0xC0, 0x01, 0xFF, 0xF0, 0x00, 0x1F, 0x0C, 0x00, 0x03, 0xE3, 0x00, 0x00,
    0x3C, 0xC0, 0x00, 0x03, 0x38, 0x00, 0x01, 0xCF, 0x00, 0x00, 0xE1, 0xE0, 0x01, 0xF0, 0x7F, 0xFF,
    0xF8, 0x0F, 0xFF, 0xF8, 0x01, 0xFF, 0xF8, 0x00, 0x1F, 0xF0, 0x00, 0x00, 0x00, 0x00, 0x00, 0x00,
    0x3F, 0xF4, 0x00, 0x1F, 0xFF, 0x00, 0x07, 0xFF, 0xC0, 0x01, 0xFF, 0xF0, 0x00, 0x1F, 0x0C, 0x00,
    0x03, 0xE3, 0x00, 0x00, 0x3C, 0xC0, 0x00, 0x03, 0x38, 0x00, 0x01, 0xCF, 0x00, 0x00, 0xE1, 0xE0,
    0x01, 0xF0, 0x7F, 0xFF, 0xF8, 0x0F, 0xFF, 0xF8, 0x01, 0xFF, 0xF8, 0x00, 0x1F, 0xF0, 0x00, 0x00,
    0x00, 0x00, 0x00, 0x02, 0x00, 0x00, 0x21, 0xC0, 0x00, 0x1C, 0xF8, 0x00, 0x0F, 0xBC, 0x00, 0x03,
    0xC7, 0x00, 0x00, 0x60, 0x80, 0x00, 0x00, 0x00, 0x00, 0x00, 0x20, 0x01, 0x80, 0x0F, 0x00, 0x3C,
    0x00, 0xF0, 0x03, 0xC0, 0x07, 0x00, 0x1C, 0x00, 0x38, 0x00, 0xE0, 0x03, 0x00, 0x1C, 0xFF, 0xF3,
    0xFF, 0x8F, 0xFC, 0x3F, 0x00, 0x00, 0x00, 0x00, 0x00, 0x02, 0x06, 0x1C, 0x1C, 0xF8, 0xFB, 0xE3,
    0xC7, 0x06, 0x08, 0x00, 0x00, 0x00, 0x10, 0x00, 0x30, 0x00, 0x70, 0x00, 0x60, 0x00, 0xE0, 0x01,
    0xF0, 0xFF, 0xFF, 0xFF, 0xFF, 0xFF, 0x3F, 0xFC, 0x0F, 0x00, 0x00, 0x00, 0x00, 0x00, 0x10, 0x04,
    0x38, 0x0E, 0x7C, 0x1F, 0x7C, 0x1E, 0x38, 0x0C, 0x10, 0x00, 0x00, 0x1C, 0x10, 0x0C, 0x7F, 0xF0,
    0x1C, 0xEF, 0xE0, 0x1C, 0x00, 0x00, 0x1C, 0x00, 0x00, 0x1E, 0x00, 0x00, 0x1C, 0x03, 0x00, 0x1C,
    0x03, 0x80, 0x1C, 0x07, 0xC0, 0x1C, 0x03, 0xF0, 0x1C, 0x03, 0xF8, 0x0C, 0x01, 0xFC, 0x0C, 0x00,
    0x3E, 0x0C, 0x00, 0x1F, 0x0C, 0x00, 0x07, 0x8C, 0x00, 0x03, 0xCC, 0x00, 0x01, 0xF8, 0x00, 0x00,
    0xF8, 0x00, 0x00, 0x78, 0x00, 0x00, 0x38, 0x00, 0x00, 0x78, 0x00, 0x00, 0xEC, 0x00, 0x01, 0xCC,
    0x00, 0x03, 0x86, 0x00, 0x07, 0x02, 0x00, 0x1F, 0xFF, 0x00, 0x3F, 0xFE, 0x00, 0x3F, 0xFE, 0x00,
    0x3F, 0xFC, 0x1C, 0x10, 0x00, 0x01, 0xFF, 0xC0, 0x0C, 0x0E, 0xFE, 0x00, 0x70, 0x00, 0x00, 0x01,
    0xC0, 0x00, 0x00, 0x07, 0x00, 0x00, 0x00, 0x1C, 0x00, 0x60, 0x00, 0x70, 0x01, 0xC0, 0x01, 0xC0,
    0x0F, 0x80, 0x07, 0x00, 0x1F, 0x00, 0x1C, 0x00, 0x7E, 0x00, 0x70, 0x00, 0xF8, 0x03, 0xC0, 0x00,
    0xF0, 0x0F, 0x00, 0x01, 0xE0, 0x3C, 0x00, 0x03, 0x80, 0xF0, 0x00, 0x07, 0x03, 0xC0, 0x00, 0x1C,
    0x1B, 0x00, 0x00, 0x38, 0x6C, 0x00, 0x00, 0x61, 0xB0, 0x00, 0x01, 0xCE, 0xC0, 0x00, 0x03, 0x3B,
    0x00, 0x00, 0x0D, 0xCC, 0x00, 0x00, 0x1F, 0x10, 0x00, 0x00, 0x7C, 0x40, 0x00, 0x03, 0xE1, 0x00,
    0x00, 0x3F, 0x87, 0xE0, 0x07, 0xFC, 0x1F, 0xC1, 0xFF, 0xE0, 0x3F, 0x07, 0xFE, 0x00, 0x3C, 0x38,
    0x00, 0x07, 0xC0, 0x00, 0xC8, 0x00, 0x0C, 0x00, 0x0C, 0x7C, 0x01, 0xC7, 0xC0, 0x1C, 0xE0, 0x01,
    0xE8, 0x00, 0x1E, 0x00, 0x01, 0xE1, 0x00, 0x1C, 0x3C, 0x01, 0xC3, 0xE0, 0x1C, 0x3F, 0x00, 0xC1,
    0xF8, 0x0C, 0x0F, 0xC0, 0xC0, 0x3E, 0x0C, 0x00, 0xF0, 0xC0, 0x07, 0x8C, 0x00, 0x3C, 0xC0, 0x01,
    0xFC, 0x00, 0x0F, 0x80, 0x00, 0x78, 0x00, 0x03, 0x80, 0x00, 0x7C, 0x00, 0x0E, 0xC0, 0x01, 0xC6,
    0x00, 0x38, 0x60, 0x07, 0x03, 0x01, 0xFF, 0xF0, 0x3F, 0xFF, 0x03, 0xFF, 0xE0, 0x3F, 0xFE, 0x38,
    0x00, 0x00, 0x1F, 0x00, 0x00, 0x0E, 0x80, 0x00, 0x03, 0x00, 0x00, 0x00, 0xC0, 0x00, 0x08, 0x1F,
    0x00, 0x06, 0x07, 0xC0, 0x03, 0x83, 0x80, 0x00, 0xE0, 0x80, 0x00, 0x38, 0x00, 0x00, 0x0E, 0x02,
    0x00, 0x03, 0x81, 0xE0, 0x00, 0xE0, 0x7C, 0x00, 0x38, 0x1F, 0x00, 0x0E, 0x03, 0xE0, 0x03, 0x80,
    0xFC, 0x01, 0xE0, 0x07, 0x80, 0x78, 0x00, 0xE0, 0x1E, 0x00, 0x1C, 0x07, 0x80, 0x07, 0x01, 0xE0,
    0x00, 0xE0, 0xD8, 0x00, 0x18, 0x36, 0x00, 0x07, 0x0D, 0x80, 0x00, 0xC7, 0x60, 0x00, 0x19, 0xC8,
    0x00, 0x06, 0xE2, 0x00, 0x00, 0xF8, 0x80, 0x00, 0x7C, 0x20, 0x00, 0x7F, 0x0F, 0x80, 0xFF, 0x83,
    0xF3, 0xFF, 0xC0, 0x7C, 0xFF, 0xC0, 0x0F, 0x00, 0x03, 0x00, 0x01, 0xC0, 0x00, 0x70, 0x00, 0x1E,
    0x00, 0x07, 0x80, 0x01, 0xE4, 0x00, 0x73, 0x80, 0x1C, 0xF8, 0x07, 0x3F, 0x00, 0xC7, 0xE0, 0x31,
    0xFC, 0x0C, 0x0F, 0x83, 0x00, 0xF0, 0xC0, 0x1E, 0x30, 0x03, 0xCC, 0x00, 0x7F, 0x00, 0x0F, 0x80,
    0x01, 0xE0, 0x00, 0x38, 0x00, 0x1F, 0x00, 0x0E, 0xC0, 0x07, 0x38, 0x03, 0x86, 0x01, 0xC0, 0xC1,
    0xFF, 0xF0, 0xFF, 0xFC, 0x3F, 0xFE, 0x0F, 0xFF, 0x80, 0x00, 0x00, 0x00, 0x00, 0x00, 0x00, 0x0E,
    0x00, 0x07, 0xC0, 0x03, 0x20, 0x00, 0xC0, 0x00, 0x3F, 0x00, 0x07, 0xC0, 0x03, 0xE0, 0x00, 0xC0,
    0x00, 0x00, 0x00, 0x00, 0x00, 0x00, 0x00, 0x00, 0x00, 0x08, 0x00, 0x00, 0x0C, 0x00, 0x00, 0x0E,
    0x00, 0x00, 0x07, 0x00, 0x00, 0x03, 0x80, 0x00, 0x01, 0xC1, 0xC0, 0x00, 0xE0, 0xF0, 0x00, 0x70,
    0x7C, 0x00, 0x38, 0x3F, 0x00, 0x1C, 0x0F, 0xC0, 0x1E, 0x03, 0xE0, 0x0F, 0x00, 0x78, 0x07, 0x80,
    0x1E, 0x03, 0xC0, 0x07, 0x01, 0xE0, 0x01, 0xC1, 0xB0, 0x00, 0x60, 0xD8, 0x00, 0x38, 0x6C, 0x00,
    0x0C, 0x76, 0x00, 0x07, 0x3B, 0x00, 0x01, 0xB9, 0x80, 0x00, 0xFC, 0x40, 0x00, 0x3E, 0x20, 0x00,
    0x3E, 0x10, 0x00, 0x7F, 0x0F, 0xC3, 0xFF, 0x07, 0xEF, 0xFF, 0x01, 0xF7, 0xFE, 0x00, 0x78, 0x00,
    0x00, 0x00, 0x00, 0x00, 0x00, 0x00, 0x00, 0x00, 0x07, 0x00, 0x00, 0x07, 0xC0, 0x00, 0x07, 0x40,
    0x00, 0x03, 0x00, 0x00, 0x01, 0xF8, 0x00, 0x00, 0x7C, 0x00, 0x00, 0x7C, 0x00, 0x00, 0x30, 0x00,
    0x00, 0x00, 0x00, 0x00, 0x00, 0x00, 0x01, 0x80, 0x00, 0x70, 0x00, 0x0E, 0x00, 0x01, 0xC0, 0x00,
    0x3C, 0x00, 0x07, 0x98, 0x00, 0xE3, 0x80, 0x1C, 0xF8, 0x03, 0x8F, 0x80, 0x71, 0xF8, 0x06, 0x1F,
    0xC0, 0xC0, 0x7C, 0x18, 0x07, 0xC3, 0x00, 0x3C, 0x60, 0x03, 0xCC, 0x00, 0x3F, 0x00, 0x03, 0xE0,
    0x00, 0x3C, 0x00, 0x03, 0x80, 0x00, 0xF0, 0x00, 0x3B, 0x00, 0x0E, 0x60, 0x03, 0x86, 0x00, 0xE0,
    0x40, 0x7F, 0xFC, 0x1F, 0xFF, 0x03, 0xFF, 0xE0, 0x7F, 0xF8, 0x00, 0x00, 0x00, 0x00, 0x00, 0x04,
    0x00, 0x00, 0x03, 0x00, 0x00, 0x01, 0xC0, 0x00, 0x00, 0x70, 0x00, 0x00, 0x1C, 0x00, 0x00, 0x07,
    0x01, 0x80, 0x01, 0xC0, 0xF8, 0x00, 0x70, 0x3E, 0x00, 0x1C, 0x07, 0xC0, 0x07, 0x01, 0xF8, 0x03,
    0xC0, 0x3F, 0x00, 0xF0, 0x01, 0xC0, 0x3C, 0x00, 0x38, 0x0F, 0x00, 0x0F, 0x03, 0xC0, 0x01, 0xC0,
    0xB0, 0x00, 0x38, 0x6C, 0x00, 0x06, 0x1B, 0x00, 0x01, 0x86, 0xC0, 0x00, 0x33, 0xB0, 0x00, 0x0D,
    0xCC, 0x00, 0x01, 0xF1, 0x00, 0x00, 0x7C, 0x40, 0x00, 0x3E, 0x10, 0x00, 0x3F, 0x87, 0xE0, 0x7F,
    0xC1, 0xFD, 0xFF, 0xE0, 0x3F, 0x7F, 0xE0, 0x03, 0xC0,
};

static const EpdGlyph ui_script_20Glyphs[] = {
    { 0, 0, 161, 0, 0, 0, 0 }, // U+0020
    { 15, 31, 140, 2, 31, 59, 0 }, // !
    { 13, 11, 158, 6, 29, 18, 59 }, // "
    { 27, 40, 373, 2, 33, 135, 77 }, // #
    { 23, 37, 300, 1, 32, 107, 212 }, // $
    { 25, 30, 400, 4, 26, 94, 319 }, // %
    { 26, 32, 376, 2, 29, 104, 413 }, // &
    { 7, 11, 78, 6, 29, 10, 517 }, // '
    { 18, 39, 220, 6, 33, 88, 527 }, // (
    { 16, 38, 220, 1, 32, 76, 615 }, // )
    { 15, 16, 242, 8, 32, 30, 691 }, // *
    { 17, 17, 297, 4, 17, 37, 721 }, // +
    { 7, 10, 132, 1, 6, 9, 758 }, // ,
    { 13, 4, 217, 3, 11, 7, 767 }, // -
    { 6, 5, 132, 3, 7, 4, 774 }, // .
    { 21, 36, 220, 0, 31, 95, 778 }, // /
    { 18, 22, 300, 5, 22, 50, 873 }, // 0
    { 16, 25, 300, 6, 24, 50, 923 }, // 1
    { 18, 23, 300, 4, 24, 52, 973 }, // 2
    { 17, 24, 300, 5, 24, 51, 1025 }, // 3
    { 17, 26, 300, 7, 25, 56, 1076 }, // 4
    { 16, 24, 293, 5, 24, 48, 1132 }, // 5
    { 16, 24, 309, 5, 24, 48, 1180 }, // 6
    { 16, 26, 298, 7, 24, 52, 1228 }, // 7
    { 19, 26, 300, 4, 24, 62, 1280 }, // 8
    { 14, 26, 295, 8, 24, 46, 1342 }, // 9
    { 9, 13, 132, 3, 15, 15, 1388 }, // :
    { 11, 19, 132, 1, 15, 27, 1403 }, // ;
    { 16, 16, 297, 4, 18, 32, 1430 }, // <
    { 16, 9, 297, 4, 14, 18, 1462 }, // =
    { 16, 16, 297, 5, 17, 32, 1480 }, // >
    { 18, 31, 249, 5, 31, 70, 1512 }, // ?
    { 27, 28, 429, 3, 22, 95, 1582 }, // @
    { 22, 32, 339, 1, 29, 88, 1677 }, // A
    { 22, 33, 348, 2, 29, 91, 1765 }, // B
    { 20, 33, 317, 4, 30, 83, 1856 }, // C
    { 27, 35, 389, 2, 30, 119, 1939 }, // D
    { 25, 30, 355, 3, 29, 94, 2058 }, // E
    { 25, 29, 308, 3, 28, 91, 2152 }, // F
    { 21, 32, 328, 4, 29, 84, 2243 }, // G
    { 28, 34, 380, 3, 30, 119, 2327 }, // H
    { 24, 31, 271, 2, 28, 93, 2446 }, // I
    { 22, 38, 208, -2, 29, 105, 2539 }, // J
    { 26, 31, 337, 3, 28, 101, 2644 }, // K
    { 16, 32, 284, 4, 29, 64, 2745 }, // L
    { 34, 33, 484, 1, 30, 141, 2809 }, // M
    { 30, 36, 408, 2, 31, 135, 2950 }, // N
    { 22, 31, 335, 3, 28, 86, 3085 }, // O
    { 24, 31, 311, 2, 28, 93, 3171 }, // P
    { 21, 34, 330, 4, 28, 90, 3264 }, // Q
    { 25, 33, 361, 3, 29, 104, 3354 }, // R
    { 24, 32, 328, 5, 29, 96, 3458 }, // S
    { 21, 30, 305, 7, 27, 79, 3554 }, // T
    { 23, 32, 321, 5, 29, 92, 3633 }, // U
    { 21, 33, 327, 8, 29, 87, 3725 }, // V
    { 33, 30, 480, 5, 27, 124, 3812 }, // W
    { 27, 32, 349, 2, 28, 108, 3936 }, // X
    { 21, 34, 336, 8, 30, 90, 4044 }, // Y
    { 26, 31, 348, 2, 28, 101, 4134 }, // Z
    { 26, 38, 220, 1, 32, 124, 4235 }, // [
    { 10, 37, 220, 7, 32, 47, 4359 }, // <backslash>
    { 23, 38, 220, -2, 32, 110, 4406 }, // ]
    { 14, 13, 297, 5, 24, 23, 4516 }, // ^
    { 17, 3, 297, 1, 3, 7, 4539 }, // _
    { 6, 9, 235, 10, 26, 7, 4546 }, // `
    { 19, 17, 295, 2, 16, 41, 4553 }, // a
    { 17, 29, 294, 4, 29, 62, 4594 }, // b
    { 14, 19, 241, 3, 18, 34, 4656 }, // c
    { 20, 29, 266, 3, 27, 73, 4690 }, // d
    { 13, 18, 221, 4, 17, 30, 4763 }, // e
    { 19, 34, 198, 2, 28, 81, 4793 }, // f
    { 15, 26, 241, 2, 17, 49, 4874 }, // g
    { 18, 27, 313, 4, 28, 61, 4923 }, // h
    { 9, 25, 129, 4, 24, 29, 4984 }, // i
    { 17, 34, 140, -4, 25, 73, 5013 }, // j
    { 16, 30, 247, 3, 29, 60, 5086 }, // k
    { 11, 29, 117, 3, 28, 40, 5146 }, // l
    { 24, 16, 377, 3, 17, 48, 5186 }, // m
    { 17, 16, 304, 3, 17, 34, 5234 }, // n
    { 15, 16, 239, 3, 16, 30, 5268 }, // o
    { 18, 29, 252, 1, 20, 66, 5298 }, // p
    { 14, 28, 251, 4, 17, 49, 5364 }, // q
    { 16, 17, 240, 3, 17, 34, 5413 }, // r
    { 14, 19, 231, 4, 19, 34, 5447 }, // s
    { 14, 25, 221, 4, 24, 44, 5481 }, // t
    { 15, 17, 247, 4, 15, 32, 5525 }, // u
    { 14, 15, 221, 4, 16, 27, 5557 }, // v
    { 20, 16, 345, 5, 17, 40, 5584 }, // w
    { 15, 16, 229, 2, 16, 30, 5624 }, // x
    { 21, 27, 227, -3, 18, 71, 5654 }, // y
    { 17, 15, 210, 1, 15, 32, 5725 }, // z
    { 17, 39, 220, 6, 32, 83, 5757 }, // {
    { 16, 40, 220, 3, 33, 80, 5840 }, // |
    { 15, 36, 220, 3, 31, 68, 5920 }, // }
    { 17, 6, 297, 4, 14, 13, 5988 }, // ~
    { 0, 0, 161, 0, 0, 0, 6001 }, // U+00A0
    { 14, 32, 140, 0, 22, 56, 6001 }, // U+00A1
    { 23, 20, 431, 4, 20, 58, 6057 }, // U+00AB
    { 12, 14, 189, 8, 31, 21, 6115 }, // U+00B0
    { 6, 7, 125, 5, 16, 6, 6136 }, // U+00B7
    { 13, 15, 189, 7, 28, 25, 6142 }, // U+00BA
    { 22, 20, 472, 7, 19, 55, 6167 }, // U+00BB
    { 18, 31, 249, 1, 22, 70, 6222 }, // U+00BF
    { 24, 41, 335, 1, 38, 123, 6292 }, // U+00C0
    { 25, 40, 335, 1, 37, 125, 6415 }, // U+00C1
    { 25, 39, 335, 1, 36, 122, 6540 }, // U+00C2
    { 27, 40, 335, 1, 37, 135, 6662 }, // U+00C4
    { 25, 39, 335, 1, 36, 122, 6797 }, // U+00C5
    { 38, 31, 523, 2, 28, 148, 6919 }, // U+00C6
    { 20, 41, 321, 4, 29, 103, 7067 }, // U+00C7
    { 25, 38, 365, 2, 37, 119, 7170 }, // U+00C9
    { 26, 38, 365, 2, 37, 124, 7289 }, // U+00CA
    { 24, 40, 267, 2, 37, 120, 7413 }, // U+00CD
    { 24, 39, 267, 2, 36, 117, 7533 }, // U+00CE
    { 22, 41, 331, 3, 38, 113, 7650 }, // U+00D2
    { 23, 39, 331, 3, 36, 113, 7763 }, // U+00D3
    { 25, 40, 331, 3, 37, 125, 7876 }, // U+00D6
    { 24, 34, 331, 3, 29, 102, 8001 }, // U+00D8
    { 23, 41, 321, 5, 38, 118, 8103 }, // U+00D9
    { 23, 40, 321, 5, 37, 115, 8221 }, // U+00DA
    { 23, 40, 321, 5, 37, 115, 8336 }, // U+00DC
    { 21, 41, 336, 8, 37, 108, 8451 }, // U+00DD
    { 21, 38, 265, 1, 29, 100, 8559 }, // U+00DF
    { 19, 26, 291, 2, 25, 62, 8659 }, // U+00E0
    { 20, 26, 291, 2, 25, 65, 8721 }, // U+00E1
    { 19, 25, 291, 2, 24, 60, 8786 }, // U+00E2
    { 21, 24, 291, 2, 23, 63, 8846 }, // U+00E3
    { 20, 25, 291, 2, 24, 63, 8909 }, // U+00E4
    { 19, 25, 291, 3, 24, 60, 8972 }, // U+00E5
    { 25, 17, 383, 2, 17, 54, 9032 }, // U+00E6
    { 15, 26, 237, 2, 17, 49, 9086 }, // U+00E7
    { 13, 26, 217, 4, 25, 43, 9135 }, // U+00E8
    { 16, 26, 217, 4, 25, 52, 9178 }, // U+00E9
    { 15, 25, 217, 4, 24, 47, 9230 }, // U+00EA
    { 16, 25, 217, 4, 24, 50, 9277 }, // U+00EB
    { 8, 27, 125, 4, 26, 27, 9327 }, // U+00EC
    { 12, 26, 125, 4, 25, 39, 9354 }, // U+00ED
    { 12, 25, 125, 4, 24, 38, 9393 }, // U+00EE
    { 12, 25, 125, 4, 24, 38, 9431 }, // U+00EF
    { 20, 23, 300, 3, 24, 58, 9469 }, // U+00F1
    { 15, 26, 235, 3, 26, 49, 9527 }, // U+00F2
    { 17, 25, 235, 3, 25, 54, 9576 }, // U+00F3
    { 16, 25, 235, 3, 25, 50, 9630 }, // U+00F4
    { 18, 23, 235, 3, 23, 52, 9680 }, // U+00F5
    { 17, 24, 235, 3, 24, 51, 9732 }, // U+00F6
    { 18, 18, 235, 2, 17, 41, 9783 }, // U+00F8
    { 15, 27, 247, 4, 25, 51, 9824 }, // U+00F9
    { 15, 27, 247, 4, 25, 51, 9875 }, // U+00FA
    { 16, 26, 247, 4, 24, 52, 9926 }, // U+00FB
    { 17, 26, 247, 4, 24, 56, 9978 }, // U+00FC
    { 22, 34, 227, -3, 25, 94, 10034 }, // U+00FD
    { 20, 26, 291, 2, 25, 65, 10128 }, // U+0103
    { 20, 23, 291, 2, 16, 58, 10193 }, // U+0105
    { 17, 26, 237, 3, 25, 56, 10251 }, // U+0107
    { 23, 40, 321, 4, 37, 115, 10307 }, // U+010C
    { 17, 26, 237, 3, 25, 56, 10422 }, // U+010D
    { 28, 42, 385, 1, 37, 147, 10478 }, // U+010E
    { 24, 29, 306, 3, 27, 87, 10625 }, // U+010F
    { 26, 34, 385, 2, 30, 111, 10712 }, // U+0110
    { 21, 29, 262, 3, 27, 77, 10823 }, // U+0111
    { 25, 37, 365, 2, 36, 116, 10900 }, // U+0116
    { 14, 25, 217, 4, 24, 44, 11016 }, // U+0117
    { 25, 37, 365, 2, 29, 116, 11060 }, // U+0118
    { 13, 25, 217, 4, 17, 41, 11176 }, // U+0119
    { 26, 38, 365, 2, 37, 124, 11217 }, // U+011A
    { 16, 26, 217, 4, 25, 52, 11341 }, // U+011B
    { 24, 40, 332, 4, 37, 120, 11393 }, // U+011E
    { 18, 34, 237, 2, 25, 77, 11513 }, // U+011F
    { 13, 24, 125, 4, 23, 39, 11590 }, // U+0129
    { 24, 38, 267, 2, 28, 114, 11629 }, // U+012E
    { 15, 32, 125, -2, 24, 60, 11743 }, // U+012F
    { 24, 39, 267, 2, 36, 117, 11803 }, // U+0130
    { 7, 15, 125, 4, 14, 14, 11920 }, // U+0131
    { 16, 37, 113, 3, 36, 74, 11934 }, // U+013A
    { 21, 32, 284, 3, 29, 84, 12008 }, // U+013D
    { 17, 29, 201, 3, 28, 62, 12092 }, // U+013E
    { 19, 32, 284, 1, 29, 76, 12154 }, // U+0141
    { 15, 29, 150, 2, 28, 55, 12230 }, // U+0142
    { 19, 24, 300, 3, 25, 57, 12285 }, // U+0144
    { 20, 24, 300, 3, 25, 60, 12342 }, // U+0148
    { 19, 25, 235, 3, 25, 60, 12402 }, // U+0151
    { 18, 25, 240, 3, 25, 57, 12462 }, // U+0155
    { 25, 40, 332, 3, 36, 125, 12519 }, // U+0158
    { 18, 25, 240, 3, 25, 57, 12644 }, // U+0159
    { 24, 40, 324, 5, 37, 120, 12701 }, // U+015A
    { 17, 27, 227, 4, 27, 58, 12821 }, // U+015B
    { 24, 40, 324, 5, 29, 120, 12879 }, // U+015E
    { 15, 27, 227, 3, 19, 51, 12999 }, // U+015F
    { 24, 39, 324, 5, 36, 117, 13050 }, // U+0160
    { 17, 27, 227, 4, 27, 58, 13167 }, // U+0161
    { 16, 33, 221, 2, 24, 66, 13225 }, // U+0163
    { 21, 39, 305, 7, 36, 103, 13291 }, // U+0164
    { 18, 28, 233, 4, 27, 63, 13394 }, // U+0165
    { 17, 23, 247, 4, 21, 49, 13457 }, // U+016B
    { 23, 40, 321, 5, 37, 115, 13506 }, // U+016E
    { 15, 26, 247, 4, 24, 49, 13621 }, // U+016F
    { 23, 40, 321, 5, 37, 115, 13670 }, // U+0170
    { 19, 27, 247, 4, 25, 65, 13785 }, // U+0171
    { 26, 39, 321, 2, 29, 127, 13850 }, // U+0172
    { 15, 25, 247, 4, 15, 47, 13977 }, // U+0173
    { 18, 25, 210, 1, 25, 57, 14024 }, // U+017A
    { 17, 24, 210, 1, 24, 51, 14081 }, // U+017C
    { 26, 39, 348, 2, 36, 127, 14132 }, // U+017D
    { 18, 25, 210, 1, 25, 57, 14259 }, // U+017E
    { 22, 28, 398, 2, 28, 77, 14316 }, // U+01A1
    { 23, 28, 421, 3, 28, 81, 14393 }, // U+01B0
    { 24, 40, 324, 5, 29, 120, 14474 }, // U+0218
    { 14, 26, 227, 4, 18, 46, 14594 }, // U+0219
    { 25, 37, 305, 3, 28, 116, 14640 }, // U+021A
    { 15, 32, 221, 3, 24, 60, 14756 }, // U+021B
    { 22, 31, 325, 3, 28, 86, 14816 }, // U+0404
    { 24, 30, 271, 2, 27, 90, 14902 }, // U+0406
    { 22, 31, 339, 1, 28, 86, 14992 }, // U+0410
    { 24, 31, 348, 4, 29, 93, 15078 }, // U+0411
    { 22, 32, 345, 2, 28, 88, 15171 }, // U+0412
    { 25, 29, 308, 3, 27, 91, 15259 }, // U+0413
    { 33, 39, 491, 1, 30, 161, 15350 }, // U+0414
    { 25, 30, 369, 3, 28, 94, 15511 }, // U+0415
    { 39, 31, 550, 1, 28, 152, 15605 }, // U+0416
    { 22, 32, 372, 4, 30, 88, 15757 }, // U+0417
    { 30, 34, 421, 3, 30, 128, 15845 }, // U+0418
    { 30, 40, 421, 3, 36, 150, 15973 }, // U+0419
    { 26, 30, 337, 3, 28, 98, 16123 }, // U+041A
    { 27, 31, 427, 3, 28, 105, 16221 }, // U+041B
    { 34, 31, 484, 1, 29, 132, 16326 }, // U+041C
    { 28, 33, 380, 3, 30, 116, 16458 }, // U+041D
    { 22, 30, 335, 3, 28, 83, 16574 }, // U+041E
    { 29, 31, 403, 3, 29, 113, 16657 }, // U+041F
    { 24, 31, 315, 2, 28, 93, 16770 }, // U+0420
    { 20, 32, 325, 4, 29, 80, 16863 }, // U+0421
    { 21, 30, 305, 7, 27, 79, 16943 }, // U+0422
    { 22, 34, 355, 7, 30, 94, 17022 }, // U+0423
    { 27, 36, 432, 4, 31, 122, 17116 }, // U+0424
    { 27, 31, 349, 2, 28, 105, 17238 }, // U+0425
    { 27, 37, 442, 5, 27, 125, 17343 }, // U+0426
    { 22, 34, 366, 7, 30, 94, 17468 }, // U+0427
    { 36, 30, 555, 4, 29, 135, 17562 }, // U+0428
    { 36, 38, 567, 2, 27, 171, 17697 }, // U+0429
    { 32, 31, 441, 3, 30, 124, 17868 }, // U+042B
    { 18, 31, 306, 4, 29, 70, 17992 }, // U+042C
    { 21, 31, 331, 3, 29, 82, 18062 }, // U+042D
    { 27, 33, 385, 3, 30, 112, 18144 }, // U+042F
    { 19, 16, 295, 2, 16, 38, 18256 }, // U+0430
    { 21, 27, 229, 4, 27, 71, 18294 }, // U+0431
    { 20, 29, 227, 3, 29, 73, 18365 }, // U+0432
    { 14, 17, 199, 3, 16, 30, 18438 }, // U+0433
    { 15, 28, 250, 4, 27, 53, 18468 }, // U+0434
    { 13, 17, 221, 4, 16, 28, 18521 }, // U+0435
    { 25, 19, 362, 2, 17, 60, 18549 }, // U+0436
    { 20, 29, 205, -5, 16, 73, 18609 }, // U+0437
    { 15, 17, 247, 4, 16, 32, 18682 }, // U+0438
    { 16, 24, 281, 4, 24, 48, 18714 }, // U+0439
    { 16, 18, 258, 4, 17, 36, 18762 }, // U+043A
    { 17, 16, 248, 1, 16, 34, 18798 }, // U+043B
    { 23, 17, 359, 2, 16, 49, 18832 }, // U+043C
    { 17, 18, 288, 3, 17, 39, 18881 }, // U+043D
    { 15, 16, 239, 3, 16, 30, 18920 }, // U+043E
    { 16, 17, 277, 4, 17, 34, 18950 }, // U+043F
    { 18, 28, 252, 1, 18, 63, 18984 }, // U+0440
    { 14, 17, 241, 3, 17, 30, 19047 }, // U+0441
    { 21, 16, 353, 4, 17, 42, 19077 }, // U+0442
    { 21, 27, 227, -3, 17, 71, 19119 }, // U+0443
    { 23, 30, 378, 4, 19, 87, 19190 }, // U+0444
    { 15, 16, 229, 2, 16, 30, 19277 }, // U+0445
    { 16, 22, 291, 3, 16, 44, 19307 }, // U+0446
    { 15, 18, 228, 3, 17, 34, 19351 }, // U+0447
    { 23, 14, 391, 3, 15, 41, 19385 }, // U+0448
    { 21, 21, 351, 3, 16, 56, 19426 }, // U+0449
    { 12, 18, 225, 3, 17, 27, 19482 }, // U+044A
    { 22, 17, 363, 4, 16, 47, 19509 }, // U+044B
    { 13, 18, 227, 4, 17, 30, 19556 }, // U+044C
    { 15, 17, 211, 1, 16, 32, 19586 }, // U+044D
    { 22, 18, 358, 4, 17, 50, 19618 }, // U+044E
    { 15, 18, 244, 3, 18, 34, 19668 }, // U+044F
    { 16, 24, 221, 4, 23, 48, 19702 }, // U+0451
    { 14, 17, 244, 3, 16, 30, 19750 }, // U+0454
    { 9, 23, 129, 4, 23, 26, 19780 }, // U+0456
    { 12, 23, 125, 4, 23, 35, 19806 }, // U+0457
    { 21, 34, 239, -3, 24, 90, 19841 }, // U+045E
    { 19, 23, 228, 1, 21, 55, 19931 }, // U+0491
    { 25, 29, 340, 5, 27, 91, 19986 }, // U+0492
    { 15, 17, 187, 1, 16, 32, 20077 }, // U+0493
    { 26, 37, 377, 3, 28, 121, 20109 }, // U+049A
    { 16, 26, 285, 4, 17, 52, 20230 }, // U+049B
    { 29, 41, 429, 2, 30, 149, 20282 }, // U+04A2
    { 18, 23, 286, 3, 17, 52, 20431 }, // U+04A3
    { 21, 33, 336, 8, 29, 87, 20483 }, // U+04AE
    { 15, 27, 252, 4, 16, 51, 20570 }, // U+04AF
    { 23, 33, 370, 8, 29, 95, 20621 }, // U+04B0
    { 19, 27, 300, 3, 15, 65, 20716 }, // U+04B1
    { 24, 29, 332, 4, 27, 87, 20781 }, // U+04D8
    { 14, 16, 217, 3, 16, 28, 20868 }, // U+04D9
    { 22, 30, 335, 3, 28, 83, 20896 }, // U+04E8
    { 15, 16, 239, 3, 16, 30, 20979 }, // U+04E9
    { 7, 7, 0, 1, -2, 7, 21009 }, // U+0591
    { 7, 7, 0, 2, 35, 7, 21016 }, // U+0592
    { 5, 7, 0, 2, 34, 5, 21023 }, // U+0593
    { 3, 7, 0, 2, 35, 3, 21028 }, // U+0594
    { 6, 7, 0, 2, 34, 6, 21031 }, // U+0595
    { 6, 5, 0, 2, -3, 4, 21037 }, // U+0596
    { 5, 5, 0, 2, 32, 4, 21041 }, // U+0597
    { 9, 7, 0, 2, 33, 8, 21045 }, // U+0598
    { 6, 6, 0, 2, 33, 5, 21053 }, // U+0599
    { 6, 7, 0, 2, -3, 6, 21058 }, // U+059A
    { 6, 6, 0, 2, -2, 5, 21064 }, // U+059B
    { 6, 6, 0, 2, 32, 5, 21069 }, // U+059C
    { 6, 6, 0, 2, 32, 5, 21074 }, // U+059D
    { 11, 6, 0, 2, 32, 9, 21079 }, // U+059E
    { 16, 8, 0, 1, 34, 16, 21088 }, // U+059F
    { 8, 8, 0, 1, 34, 8, 21104 }, // U+05A0
    { 6, 6, 0, 1, 32, 5, 21112 }, // U+05A1
    { 7, 6, 0, 1, -3, 6, 21117 }, // U+05A2
    { 7, 6, 0, 2, -3, 6, 21123 }, // U+05A3
    { 6, 7, 0, 2, -3, 6, 21129 }, // U+05A4
    { 6, 5, 0, 2, -3, 4, 21135 }, // U+05A5
    { 11, 5, 0, 2, -4, 7, 21139 }, // U+05A6
    { 6, 8, 0, 2, -2, 6, 21146 }, // U+05A7
    { 6, 6, 0, 2, 32, 5, 21152 }, // U+05A8
    { 8, 8, 0, 1, 34, 8, 21157 }, // U+05A9
    { 7, 6, 0, 1, -3, 6, 21165 }, // U+05AA
    { 6, 7, 0, 2, 34, 6, 21171 }, // U+05AB
    { 7, 6, 0, 2, 33, 6, 21177 }, // U+05AC
    { 6, 5, 0, 2, -3, 4, 21183 }, // U+05AD
    { 9, 7, 0, 2, 33, 8, 21187 }, // U+05AE
    { 7, 7, 0, 1, 33, 7, 21195 }, // U+05AF
    { 3, 7, 0, 2, -2, 3, 21202 }, // U+05B0
    { 11, 7, 0, 2, -2, 10, 21205 }, // U+05B1
    { 12, 7, 0, 2, -2, 11, 21215 }, // U+05B2
    { 12, 7, 0, 2, -2, 11, 21226 }, // U+05B3
    { 3, 3, 0, 2, -2, 2, 21237 }, // U+05B4
    { 7, 3, 0, 2, -2, 3, 21239 }, // U+05B5
    { 7, 7, 0, 2, -2, 7, 21242 }, // U+05B6
    { 7, 2, 0, 2, -3, 2, 21249 }, // U+05B7
    { 7, 6, 0, 2, -3, 6, 21251 }, // U+05B8
    { 3, 3, 0, 2, 31, 2, 21257 }, // U+05B9
    { 3, 3, 0, 2, 31, 2, 21259 }, // U+05BA
    { 9, 7, 0, 2, -2, 8, 21261 }, // U+05BB
    { 3, 3, 0, 2, 14, 2, 21269 }, // U+05BC
    { 2, 6, 0, 2, -3, 2, 21271 }, // U+05BD
    { 11, 4, 216, 1, 26, 6, 21273 }, // U+05BE
    { 8, 2, 0, 2, 30, 2, 21279 }, // U+05BF
    { 3, 42, 350, 10, 32, 16, 21281 }, // U+05C0
    { 3, 3, 0, 2, 31, 2, 21297 }, // U+05C1
    { 3, 3, 0, 2, 31, 2, 21299 }, // U+05C2
    { 5, 23, 164, 3, 23, 15, 21301 }, // U+05C3
    { 3, 3, 0, 2, 31, 2, 21316 }, // U+05C4
    { 3, 3, 0, 2, -2, 2, 21318 }, // U+05C5
    { 12, 25, 265, 3, 25, 38, 21320 }, // U+05C6
    { 5, 5, 0, 2, -3, 4, 21358 }, // U+05C7
    { 24, 25, 421, 1, 25, 75, 21362 }, // U+05D0
    { 21, 25, 381, 1, 25, 66, 21437 }, // U+05D1
    { 14, 26, 249, 1, 25, 46, 21503 }, // U+05D2
    { 20, 25, 361, 2, 25, 63, 21549 }, // U+05D3
    { 21, 25, 418, 2, 25, 66, 21612 }, // U+05D4
    { 8, 25, 201, 1, 25, 25, 21678 }, // U+05D5
    { 11, 25, 220, 2, 25, 35, 21703 }, // U+05D6
    { 24, 25, 441, 1, 25, 75, 21738 }, // U+05D7
    { 22, 25, 423, 2, 25, 69, 21813 }, // U+05D8
    { 8, 14, 197, 1, 25, 14, 21882 }, // U+05D9
    { 19, 33, 363, 1, 25, 79, 21896 }, // U+05DA
    { 18, 25, 343, 1, 25, 57, 21975 }, // U+05DB
    { 19, 32, 348, 1, 32, 76, 22032 }, // U+05DC
    { 24, 25, 456, 2, 25, 75, 22108 }, // U+05DD
    { 25, 25, 440, 1, 25, 79, 22183 }, // U+05DE
    { 8, 33, 219, 2, 25, 33, 22262 }, // U+05DF
    { 11, 25, 253, 2, 25, 35, 22295 }, // U+05E0
    { 24, 25, 429, 1, 25, 75, 22330 }, // U+05E1
    { 21, 28, 395, 2, 26, 74, 22405 }, // U+05E2
    { 21, 33, 413, 2, 25, 87, 22479 }, // U+05E3
    { 21, 25, 401, 2, 25, 66, 22566 }, // U+05E4
    { 20, 33, 353, 1, 25, 83, 22632 }, // U+05E5
    { 20, 25, 371, 2, 25, 63, 22715 }, // U+05E6
    { 23, 33, 418, 2, 25, 95, 22778 }, // U+05E7
    { 18, 25, 349, 1, 25, 57, 22873 }, // U+05E8
    { 26, 25, 487, 3, 25, 82, 22930 }, // U+05E9
    { 24, 25, 457, 1, 25, 75, 23012 }, // U+05EA
    { 22, 21, 422, 1, 32, 58, 23087 }, // U+05EF
    { 20, 25, 393, 1, 25, 63, 23145 }, // U+05F0
    { 20, 25, 401, 1, 25, 63, 23208 }, // U+05F1
    { 20, 14, 399, 1, 25, 35, 23271 }, // U+05F2
    { 7, 11, 124, 0, 25, 10, 23306 }, // U+05F3
    { 15, 11, 243, 0, 25, 21, 23316 }, // U+05F4
    { 45, 11, 759, 1, 10, 62, 23337 }, // U+0600
    { 66, 11, 1096, 1, 1, 91, 23399 }, // U+0601
    { 48, 10, 822, 2, 9, 60, 23490 }, // U+0602
    { 43, 13, 721, 1, 8, 70, 23550 }, // U+0603
    { 94, 25, 1548, 2, 20, 294, 23620 }, // U+0604
    { 42, 6, 667, 0, 38, 32, 23914 }, // U+0605
    { 23, 30, 359, 0, 29, 87, 23946 }, // U+0606
    { 23, 30, 359, -1, 30, 87, 24033 }, // U+0607
    { 36, 29, 662, 2, 18, 131, 24120 }, // U+0608
    { 22, 25, 369, 0, 22, 69, 24251 }, // U+0609
    { 29, 25, 482, 0, 22, 91, 24320 }, // U+060A
    { 16, 42, 280, 0, 28, 84, 24411 }, // U+060B
    { 6, 12, 141, 2, 10, 9, 24495 }, // U+060C
    { 8, 14, 200, 2, 7, 14, 24504 }, // U+060D
    { 32, 13, 569, 3, 13, 52, 24518 }, // U+060E
    { 23, 36, 432, 1, 23, 104, 24570 }, // U+060F
    { 8, 9, 0, 0, 40, 9, 24674 }, // U+0610
    { 9, 9, 0, 0, 40, 11, 24683 }, // U+0611
    { 11, 10, 0, 0, 41, 14, 24694 }, // U+0612
    { 12, 12, 0, 0, 42, 18, 24708 }, // U+0613
    { 15, 5, 0, 0, 36, 10, 24726 }, // U+0614
    { 10, 9, 0, -1, 53, 12, 24736 }, // U+0615
    { 16, 14, 0, 0, 57, 28, 24748 }, // U+0616
    { 6, 13, 0, -1, 56, 10, 24776 }, // U+0617
    { 6, 4, 0, -1, 35, 3, 24786 }, // U+0618
    { 6, 7, 0, 0, 38, 6, 24789 }, // U+0619
    { 7, 5, 0, -1, -1, 5, 24795 }, // U+061A
    { 6, 22, 141, 2, 18, 17, 24800 }, // U+061B
    { 0, 0, 0, 0, 0, 0, 24817 }, // U+061C
    { 15, 23, 288, 2, 23, 44, 24817 }, // U+061D
    { 12, 11, 237, 1, 8, 17, 24861 }, // U+061E
    { 14, 27, 283, 2, 24, 48, 24878 }, // U+061F
    { 19, 25, 362, 3, 14, 60, 24926 }, // U+0620
    { 16, 15, 291, 2, 13, 30, 24986 }, // U+0621
    { 14, 35, 159, -2, 34, 62, 25016 }, // U+0622
    { 6, 38, 159, 2, 37, 29, 25078 }, // U+0623
    { 17, 32, 312, 1, 23, 68, 25107 }, // U+0624
    { 6, 39, 159, 2, 28, 30, 25175 }, // U+0625
    { 22, 25, 412, 3, 14, 69, 25205 }, // U+0626
    { 5, 28, 159, 3, 28, 18, 25274 }, // U+0627
    { 27, 26, 515, 3, 17, 88, 25292 }, // U+0628
    { 13, 25, 272, 2, 25, 41, 25380 }, // U+0629
    { 27, 19, 515, 3, 19, 65, 25421 }, // U+062A
    { 27, 22, 515, 3, 22, 75, 25486 }, // U+062B
    { 24, 28, 424, 2, 16, 84, 25561 }, // U+062C
    { 24, 28, 424, 2, 16, 84, 25645 }, // U+062D
    { 24, 37, 424, 2, 25, 111, 25729 }, // U+062E
    { 14, 17, 276, 1, 17, 30, 25840 }, // U+062F
    { 14, 26, 276, 1, 26, 46, 25870 }, // U+0630
    { 16, 23, 257, -2, 15, 46, 25916 }, // U+0631
    { 16, 32, 257, -2, 24, 64, 25962 }, // U+0632
    { 38, 26, 675, 3, 15, 124, 26026 }, // U+0633
    { 38, 33, 675, 3, 22, 157, 26150 }, // U+0634
    { 41, 26, 731, 3, 15, 134, 26307 }, // U+0635
    { 41, 36, 731, 3, 25, 185, 26441 }, // U+0636
    { 29, 29, 513, 1, 29, 106, 26626 }, // U+0637
    { 29, 29, 513, 1, 29, 106, 26732 }, // U+0638
    { 24, 32, 403, 3, 20, 96, 26838 }, // U+0639
    { 24, 41, 403, 3, 29, 123, 26934 }, // U+063A
    { 27, 29, 481, 3, 29, 98, 27057 }, // U+063B
    { 27, 39, 481, 3, 28, 132, 27155 }, // U+063C
    { 22, 25, 412, 3, 14, 69, 27287 }, // U+063D
    { 25, 25, 412, 0, 14, 79, 27356 }, // U+063E
    { 24, 25, 412, 1, 14, 75, 27435 }, // U+063F
    { 9, 4, 140, 0, 4, 5, 27510 }, // U+0640
    { 31, 29, 565, 3, 29, 113, 27515 }, // U+0641
    { 22, 33, 431, 3, 22, 91, 27628 }, // U+0642
    { 20, 28, 372, 1, 28, 70, 27719 }, // U+0643
    { 20, 39, 397, 3, 28, 98, 27789 }, // U+0644
    { 16, 28, 326, 3, 15, 56, 27887 }, // U+0645
    { 20, 27, 391, 3, 16, 68, 27943 }, // U+0646
    { 24, 20, 421, 0, 19, 60, 28011 }, // U+0647
    { 17, 23, 312, 1, 14, 49, 28071 }, // U+0648
    { 22, 25, 412, 3, 14, 69, 28120 }, // U+0649
    { 22, 33, 412, 3, 14, 91, 28189 }, // U+064A
    { 9, 9, 0, 1, 40, 11, 28280 }, // U+064B
    { 11, 8, 0, -1, 39, 11, 28291 }, // U+064C
    { 9, 8, 0, 1, -1, 9, 28302 }, // U+064D
    { 9, 6, 0, 0, 37, 7, 28311 }, // U+064E
    { 9, 9, 0, 0, 40, 11, 28318 }, // U+064F
    { 9, 6, 0, 0, -1, 7, 28329 }, // U+0650
    { 8, 7, 0, 0, 38, 7, 28336 }, // U+0651
    { 6, 7, 0, 0, 37, 6, 28343 }, // U+0652
    { 13, 5, 0, -1, 35, 9, 28349 }, // U+0653
    { 6, 9, 0, 0, 39, 7, 28358 }, // U+0654
    { 6, 9, 0, 0, -1, 7, 28365 }, // U+0655
    { 3, 12, 0, 0, 0, 5, 28372 }, // U+0656
    { 9, 9, 0, -1, 39, 11, 28377 }, // U+0657
    { 8, 6, 0, 0, 37, 6, 28388 }, // U+0658
    { 10, 3, 0, -1, 35, 4, 28394 }, // U+0659
    { 9, 8, 0, -1, 39, 9, 28398 }, // U+065A
    { 8, 8, 0, 0, 39, 8, 28407 }, // U+065B
    { 6, 6, 0, 0, -2, 5, 28415 }, // U+065C
    { 9, 9, 0, -1, 40, 11, 28420 }, // U+065D
    { 9, 9, 0, -1, 39, 11, 28431 }, // U+065E
    { 10, 9, 0, -1, 0, 12, 28442 }, // U+065F
    { 7, 9, 209, 3, 14, 8, 28454 }, // U+0660
    { 7, 24, 211, 3, 24, 21, 28462 }, // U+0661
    { 13, 24, 275, 3, 24, 39, 28483 }, // U+0662
    { 16, 25, 319, 3, 25, 50, 28522 }, // U+0663
    { 13, 25, 280, 3, 25, 41, 28572 }, // U+0664
    { 12, 19, 255, 2, 22, 29, 28613 }, // U+0665
    { 16, 25, 297, 0, 25, 50, 28642 }, // U+0666
    { 18, 24, 291, 0, 24, 54, 28692 }, // U+0667
    { 18, 24, 291, 0, 24, 54, 28746 }, // U+0668
    { 14, 25, 289, 2, 25, 44, 28800 }, // U+0669
    { 15, 25, 267, 0, 22, 47, 28844 }, // U+066A
    { 9, 18, 148, -2, 8, 21, 28891 }, // U+066B
    { 9, 18, 148, 0, 25, 21, 28912 }, // U+066C
    { 16, 15, 267, 0, 17, 30, 28933 }, // U+066D
    { 27, 17, 515, 3, 17, 58, 28963 }, // U+066E
    { 22, 25, 431, 3, 14, 69, 29021 }, // U+066F
    { 3, 12, 0, 0, 43, 5, 29090 }, // U+0670
    { 10, 38, 159, 0, 37, 48, 29095 }, // U+0671
    { 10, 38, 159, -1, 38, 48, 29143 }, // U+0672
    { 10, 40, 159, -1, 28, 50, 29191 }, // U+0673
    { 16, 15, 291, 2, 22, 30, 29241 }, // U+0674
    { 25, 30, 450, 3, 29, 94, 29271 }, // U+0675
    { 36, 31, 603, 1, 22, 140, 29365 }, // U+0676
    { 36, 35, 603, 1, 26, 158, 29505 }, // U+0677
    { 41, 33, 703, 3, 22, 170, 29663 }, // U+0678
    { 27, 22, 515, 3, 22, 75, 29833 }, // U+0679
    { 27, 23, 515, 3, 23, 78, 29908 }, // U+067A
    { 27, 29, 515, 3, 17, 98, 29986 }, // U+067B
    { 27, 23, 515, 3, 19, 78, 30084 }, // U+067C
    { 27, 21, 515, 3, 21, 71, 30162 }, // U+067D
    { 27, 28, 515, 3, 17, 95, 30233 }, // U+067E
    { 27, 21, 515, 3, 21, 71, 30328 }, // U+067F
    { 27, 27, 515, 3, 17, 92, 30399 }, // U+0680
    { 24, 37, 424, 2, 25, 111, 30491 }, // U+0681
    { 24, 40, 424, 2, 28, 120, 30602 }, // U+0682
    { 24, 28, 424, 2, 16, 84, 30722 }, // U+0683
    { 24, 28, 424, 2, 16, 84, 30806 }, // U+0684
    { 24, 39, 424, 2, 27, 117, 30890 }, // U+0685
    { 24, 28, 424, 2, 16, 84, 31007 }, // U+0686
    { 24, 28, 424, 2, 16, 84, 31091 }, // U+0687
    { 14, 28, 276, 1, 28, 49, 31175 }, // U+0688
    { 15, 21, 276, 1, 17, 40, 31224 }, // U+0689
    { 14, 26, 276, 1, 17, 46, 31264 }, // U+068A
    { 14, 37, 276, 1, 28, 65, 31310 }, // U+068B
    { 14, 25, 276, 1, 25, 44, 31375 }, // U+068C
    { 14, 25, 276, 1, 17, 44, 31419 }, // U+068D
    { 14, 28, 276, 1, 28, 49, 31463 }, // U+068E
    { 14, 27, 276, 1, 27, 48, 31512 }, // U+068F
    { 14, 27, 276, 1, 27, 48, 31560 }, // U+0690
    { 15, 33, 257, -1, 25, 62, 31608 }, // U+0691
    { 16, 33, 257, -2, 25, 66, 31670 }, // U+0692
    { 15, 27, 257, -1, 15, 51, 31736 }, // U+0693
    { 16, 31, 257, -2, 15, 62, 31787 }, // U+0694
    { 15, 32, 257, -1, 15, 60, 31849 }, // U+0695
    { 16, 31, 257, -2, 15, 62, 31909 }, // U+0696
    { 16, 31, 257, -2, 23, 62, 31971 }, // U+0697
    { 16, 33, 257, -2, 25, 66, 32033 }, // U+0698
    { 16, 33, 257, -2, 25, 66, 32099 }, // U+0699
    { 38, 31, 675, 3, 20, 148, 32165 }, // U+069A
    { 38, 26, 675, 3, 15, 124, 32313 }, // U+069B
    { 38, 33, 675, 3, 22, 157, 32437 }, // U+069C
    { 41, 26, 731, 3, 15, 134, 32594 }, // U+069D
    { 41, 38, 731, 3, 27, 195, 32728 }, // U+069E
    { 29, 29, 513, 1, 29, 106, 32923 }, // U+069F
    { 24, 43, 403, 3, 31, 129, 33029 }, // U+06A0
    { 31, 20, 565, 3, 20, 78, 33158 }, // U+06A1
    { 31, 28, 565, 3, 20, 109, 33236 }, // U+06A2
    { 31, 37, 565, 3, 29, 144, 33345 }, // U+06A3
    { 31, 31, 565, 3, 31, 121, 33489 }, // U+06A4
    { 31, 30, 565, 3, 20, 117, 33610 }, // U+06A5
    { 31, 30, 565, 3, 30, 117, 33727 }, // U+06A6
    { 22, 34, 431, 3, 23, 94, 33844 }, // U+06A7
    { 22, 36, 431, 3, 25, 99, 33938 }, // U+06A8
    { 27, 28, 481, 3, 28, 95, 34037 }, // U+06A9
    { 40, 22, 677, 0, 22, 110, 34132 }, // U+06AA
    { 27, 27, 481, 3, 27, 92, 34242 }, // U+06AB
    { 20, 28, 372, 1, 28, 70, 34334 }, // U+06AC
    { 20, 28, 372, 1, 28, 70, 34404 }, // U+06AD
    { 20, 39, 372, 1, 28, 98, 34474 }, // U+06AE
    { 27, 32, 481, 3, 32, 108, 34572 }, // U+06AF
    { 27, 32, 481, 3, 32, 108, 34680 }, // U+06B0
    { 27, 32, 481, 3, 32, 108, 34788 }, // U+06B1
    { 27, 41, 481, 3, 32, 139, 34896 }, // U+06B2
    { 27, 44, 481, 3, 32, 149, 35035 }, // U+06B3
    { 27, 34, 481, 3, 34, 115, 35184 }, // U+06B4
    { 20, 49, 397, 3, 38, 123, 35299 }, // U+06B5
    { 20, 47, 397, 3, 36, 118, 35422 }, // U+06B6
    { 21, 49, 397, 3, 38, 129, 35540 }, // U+06B7
    { 20, 49, 397, 3, 28, 123, 35669 }, // U+06B8
    { 20, 35, 391, 3, 16, 88, 35792 }, // U+06B9
    { 20, 21, 391, 3, 10, 53, 35880 }, // U+06BA
    { 20, 29, 391, 3, 18, 73, 35933 }, // U+06BB
    { 20, 31, 391, 3, 15, 78, 36006 }, // U+06BC
    { 20, 29, 391, 3, 18, 73, 36084 }, // U+06BD
    { 24, 20, 421, 0, 19, 60, 36157 }, // U+06BE
    { 24, 37, 424, 2, 25, 111, 36217 }, // U+06BF
    { 12, 26, 272, 3, 26, 39, 36328 }, // U+06C0
    { 12, 18, 272, 3, 18, 27, 36367 }, // U+06C1
    { 12, 26, 272, 3, 26, 39, 36394 }, // U+06C2
    { 13, 25, 272, 2, 25, 41, 36433 }, // U+06C3
    { 17, 25, 312, 0, 14, 54, 36474 }, // U+06C4
    { 18, 24, 312, 0, 14, 54, 36528 }, // U+06C5
    { 17, 34, 312, 1, 25, 73, 36582 }, // U+06C6
    { 17, 35, 312, 1, 26, 75, 36655 }, // U+06C7
    { 17, 43, 312, 1, 34, 92, 36730 }, // U+06C8
    { 17, 33, 312, 1, 24, 71, 36822 }, // U+06C9
    { 17, 31, 312, 1, 22, 66, 36893 }, // U+06CA
    { 17, 34, 312, 1, 25, 73, 36959 }, // U+06CB
    { 22, 25, 412, 3, 14, 69, 37032 }, // U+06CC
    { 29, 25, 412, -4, 14, 91, 37101 }, // U+06CD
    { 24, 25, 412, 1, 14, 75, 37192 }, // U+06CE
    { 17, 32, 312, 1, 23, 68, 37267 }, // U+06CF
    { 22, 36, 412, 3, 14, 99, 37335 }, // U+06D0
    { 22, 35, 412, 3, 14, 97, 37434 }, // U+06D1
    { 29, 14, 515, 3, 14, 51, 37531 }, // U+06D2
    { 29, 22, 515, 3, 22, 80, 37582 }, // U+06D3
    { 10, 4, 162, 0, 4, 5, 37662 }, // U+06D4
    { 12, 18, 272, 3, 18, 27, 37667 }, // U+06D5
    { 21, 14, 0, 0, 58, 37, 37694 }, // U+06D6
    { 16, 14, 0, -1, 58, 28, 37731 }, // U+06D7
    { 9, 9, 0, 0, 52, 11, 37759 }, // U+06D8
    { 8, 11, 0, -1, 55, 11, 37770 }, // U+06D9
    { 10, 11, 0, 0, 54, 14, 37781 }, // U+06DA
    { 8, 8, 0, 0, 51, 8, 37795 }, // U+06DB
    { 15, 11, 0, 0, 54, 21, 37803 }, // U+06DC
    { 47, 56, 840, 3, 44, 329, 37824 }, // U+06DD
    { 38, 38, 614, 0, 30, 181, 38153 }, // U+06DE
    { 5, 5, 0, 0, 36, 4, 38334 }, // U+06DF
    { 5, 7, 0, 0, 38, 5, 38338 }, // U+06E0
    { 8, 7, 0, -1, 38, 7, 38343 }, // U+06E1
    { 6, 12, 0, 0, 42, 9, 38350 }, // U+06E2
    { 15, 11, 0, 0, -1, 21, 38359 }, // U+06E3
    { 13, 5, 0, -1, 35, 9, 38380 }, // U+06E4
    { 8, 9, 137, 0, 8, 9, 38389 }, // U+06E5
    { 11, 5, 196, 1, 5, 7, 38398 }, // U+06E6
    { 11, 5, 0, 0, 36, 7, 38405 }, // U+06E7
    { 8, 10, 0, 0, 54, 10, 38412 }, // U+06E8
    { 20, 29, 340, 1, 27, 73, 38422 }, // U+06E9
    { 6, 6, 0, 0, -1, 5, 38495 }, // U+06EA
    { 6, 6, 0, 0, 37, 5, 38500 }, // U+06EB
    { 6, 6, 0, 0, 37, 5, 38505 }, // U+06EC
    { 6, 12, 0, 0, -1, 9, 38510 }, // U+06ED
    { 14, 26, 276, 1, 26, 46, 38519 }, // U+06EE
    { 16, 32, 257, -2, 24, 64, 38565 }, // U+06EF
    { 7, 9, 209, 3, 14, 8, 38629 }, // U+06F0
    { 7, 24, 211, 3, 24, 21, 38637 }, // U+06F1
    { 13, 24, 275, 3, 24, 39, 38658 }, // U+06F2
    { 16, 25, 319, 3, 25, 50, 38697 }, // U+06F3
    { 16, 25, 311, 3, 24, 50, 38747 }, // U+06F4
    { 15, 24, 303, 2, 24, 45, 38797 }, // U+06F5
    { 16, 25, 296, 2, 24, 50, 38842 }, // U+06F6
    { 18, 24, 291, 0, 24, 54, 38892 }, // U+06F7
    { 18, 24, 291, 0, 24, 54, 38946 }, // U+06F8
    { 14, 25, 289, 2, 25, 44, 39000 }, // U+06F9
    { 38, 33, 675, 3, 22, 157, 39044 }, // U+06FA
    { 41, 36, 731, 3, 25, 185, 39201 }, // U+06FB
    { 24, 41, 403, 3, 29, 123, 39386 }, // U+06FC
    { 16, 25, 291, 2, 13, 50, 39509 }, // U+06FD
    { 17, 28, 326, 2, 15, 60, 39559 }, // U+06FE
    { 24, 30, 421, 0, 29, 90, 39619 }, // U+06FF
    { 27, 25, 515, 3, 17, 85, 39709 }, // U+0750
    { 27, 31, 515, 3, 22, 105, 39794 }, // U+0751
    { 27, 28, 515, 3, 17, 95, 39899 }, // U+0752
    { 27, 30, 515, 3, 19, 102, 39994 }, // U+0753
    { 27, 29, 515, 3, 20, 98, 40096 }, // U+0754
    { 27, 27, 515, 3, 17, 92, 40194 }, // U+0755
    { 27, 22, 515, 3, 22, 75, 40286 }, // U+0756
    { 24, 36, 424, 2, 24, 108, 40361 }, // U+0757
    { 24, 28, 424, 2, 16, 84, 40469 }, // U+0758
    { 14, 40, 276, 1, 28, 70, 40553 }, // U+0759
    { 14, 27, 276, 1, 17, 48, 40623 }, // U+075A
    { 17, 24, 257, -1, 15, 51, 40671 }, // U+075B
    { 38, 33, 675, 3, 22, 157, 40722 }, // U+075C
    { 24, 40, 403, 3, 28, 120, 40879 }, // U+075D
    { 24, 42, 403, 3, 30, 126, 40999 }, // U+075E
    { 24, 44, 403, 3, 32, 132, 41125 }, // U+075F
    { 31, 28, 565, 3, 20, 109, 41257 }, // U+0760
    { 31, 30, 565, 3, 20, 117, 41366 }, // U+0761
    { 27, 29, 481, 3, 29, 98, 41483 }, // U+0762
    { 27, 31, 481, 3, 31, 105, 41581 }, // U+0763
    { 27, 39, 481, 3, 28, 132, 41686 }, // U+0764
    { 16, 36, 326, 3, 23, 72, 41818 }, // U+0765
    { 16, 28, 326, 3, 15, 56, 41890 }, // U+0766
    { 20, 35, 391, 3, 16, 88, 41946 }, // U+0767
    { 20, 36, 391, 3, 25, 90, 42034 }, // U+0768
    { 20, 36, 391, 3, 25, 90, 42124 }, // U+0769
    { 22, 39, 397, 3, 28, 108, 42214 }, // U+076A
    { 16, 35, 257, -2, 27, 70, 42322 }, // U+076B
    { 16, 31, 257, -2, 23, 62, 42392 }, // U+076C
    { 38, 34, 675, 3, 23, 162, 42454 }, // U+076D
    { 24, 28, 424, 2, 16, 84, 42616 }, // U+076E
    { 24, 29, 424, 2, 16, 87, 42700 }, // U+076F
    { 38, 37, 675, 3, 26, 176, 42787 }, // U+0770
    { 16, 37, 257, -1, 29, 74, 42963 }, // U+0771
    { 24, 39, 424, 2, 27, 117, 43037 }, // U+0772
    { 10, 29, 159, -2, 29, 37, 43154 }, // U+0773
    { 11, 29, 159, -2, 29, 40, 43191 }, // U+0774
    { 22, 29, 412, 3, 18, 80, 43231 }, // U+0775
    { 22, 29, 412, 3, 18, 80, 43311 }, // U+0776
    { 22, 40, 412, 3, 15, 110, 43391 }, // U+0777
    { 18, 30, 312, 0, 21, 68, 43501 }, // U+0778
    { 18, 30, 312, 0, 21, 68, 43569 }, // U+0779
    { 29, 23, 515, 2, 23, 84, 43637 }, // U+077A
    { 29, 23, 515, 3, 23, 84, 43721 }, // U+077B
    { 24, 28, 424, 2, 16, 84, 43805 }, // U+077C
    { 38, 36, 675, 3, 25, 171, 43889 }, // U+077D
    { 38, 32, 675, 3, 21, 152, 44060 }, // U+077E
    { 20, 28, 372, 1, 28, 70, 44212 }, // U+077F
    { 19, 32, 376, 2, 23, 76, 44282 }, // U+1EA1
    { 28, 40, 470, 1, 40, 140, 44358 }, // U+1EA2
    { 19, 32, 376, 2, 32, 76, 44498 }, // U+1EA3
    { 20, 39, 376, 2, 39, 98, 44574 }, // U+1EA5
    { 28, 46, 470, 1, 46, 161, 44672 }, // U+1EA6
    { 19, 39, 376, 2, 39, 93, 44833 }, // U+1EA7
    { 28, 46, 470, 1, 46, 161, 44926 }, // U+1EA8
    { 19, 39, 376, 2, 39, 93, 45087 }, // U+1EA9
    { 19, 38, 376, 2, 38, 91, 45180 }, // U+1EAB
    { 28, 49, 470, 1, 40, 172, 45271 }, // U+1EAC
    { 19, 41, 376, 2, 32, 98, 45443 }, // U+1EAD
    { 28, 46, 470, 1, 46, 161, 45541 }, // U+1EAE
    { 19, 39, 376, 2, 39, 93, 45702 }, // U+1EAF
    { 19, 39, 376, 2, 39, 93, 45795 }, // U+1EB1
    { 19, 38, 376, 2, 38, 91, 45888 }, // U+1EB5
    { 19, 41, 376, 2, 32, 98, 45979 }, // U+1EB7
    { 13, 24, 217, 4, 17, 39, 46077 }, // U+1EB9
    { 21, 32, 388, 2, 32, 84, 46116 }, // U+1EBB
    { 17, 24, 217, 4, 23, 51, 46200 }, // U+1EBD
    { 21, 39, 388, 2, 39, 103, 46251 }, // U+1EBF
    { 19, 46, 401, 3, 46, 110, 46354 }, // U+1EC0
    { 21, 39, 388, 2, 39, 103, 46464 }, // U+1EC1
    { 21, 39, 388, 2, 39, 103, 46567 }, // U+1EC3
    { 21, 41, 388, 2, 32, 108, 46670 }, // U+1EC7
    { 8, 32, 165, 1, 32, 32, 46778 }, // U+1EC9
    { 13, 32, 125, 0, 24, 52, 46810 }, // U+1ECB
    { 22, 37, 331, 3, 28, 102, 46862 }, // U+1ECC
    { 15, 23, 235, 3, 16, 44, 46964 }, // U+1ECD
    { 21, 32, 399, 2, 32, 84, 47008 }, // U+1ECF
    { 28, 47, 510, 2, 47, 165, 47092 }, // U+1ED0
    { 21, 39, 399, 2, 39, 103, 47257 }, // U+1ED1
    { 28, 47, 510, 2, 47, 165, 47360 }, // U+1ED2
    { 21, 39, 399, 2, 39, 103, 47525 }, // U+1ED3
    { 21, 39, 399, 2, 39, 103, 47628 }, // U+1ED5
    { 21, 38, 399, 2, 38, 100, 47731 }, // U+1ED7
    { 28, 49, 510, 2, 40, 172, 47831 }, // U+1ED8
    { 21, 41, 399, 2, 32, 108, 48003 }, // U+1ED9
    { 22, 32, 398, 2, 32, 88, 48111 }, // U+1EDB
    { 22, 32, 398, 2, 32, 88, 48199 }, // U+1EDD
    { 28, 40, 510, 2, 40, 140, 48287 }, // U+1EDE
    { 22, 32, 398, 2, 32, 88, 48427 }, // U+1EDF
    { 22, 30, 398, 2, 30, 83, 48515 }, // U+1EE1
    { 22, 37, 398, 2, 28, 102, 48598 }, // U+1EE3
    { 16, 22, 247, 3, 15, 44, 48700 }, // U+1EE5
    { 24, 40, 491, 3, 40, 120, 48744 }, // U+1EE6
    { 19, 32, 398, 3, 32, 76, 48864 }, // U+1EE7
    { 23, 32, 421, 3, 32, 92, 48940 }, // U+1EE9
    { 23, 32, 421, 3, 32, 92, 49032 }, // U+1EEB
    { 23, 32, 421, 3, 32, 92, 49124 }, // U+1EED
    { 23, 30, 421, 3, 30, 87, 49216 }, // U+1EEF
    { 23, 37, 421, 3, 28, 107, 49303 }, // U+1EF1
    { 2, 31, 0, -1, 29, 8, 49410 }, // U+200C
    { 10, 31, 0, -5, 29, 39, 49418 }, // U+200D
    { 11, 31, 0, -1, 29, 43, 49457 }, // U+200E
    { 10, 31, 0, -9, 29, 39, 49500 }, // U+200F
    { 18, 3, 297, 3, 10, 7, 49539 }, // U+2013
    { 23, 3, 377, 3, 10, 9, 49546 }, // U+2014
    { 7, 11, 78, 6, 29, 10, 49555 }, // U+2018
    { 7, 11, 78, 7, 29, 10, 49565 }, // U+2019
    { 14, 11, 178, 6, 29, 20, 49575 }, // U+201C
    { 14, 11, 178, 7, 29, 20, 49595 }, // U+201D
    { 14, 11, 178, 0, 6, 20, 49615 }, // U+201E
    { 22, 5, 396, 3, 7, 14, 49635 }, // U+2026
    { 12, 38, 169, 0, 38, 57, 49649 }, // U+FB51
    { 32, 23, 545, 3, 12, 92, 49706 }, // U+FB57
    { 14, 27, 229, 0, 16, 48, 49798 }, // U+FB58
    { 16, 21, 240, 0, 10, 42, 49846 }, // U+FB59
    { 27, 27, 444, 2, 15, 92, 49888 }, // U+FB7B
    { 26, 24, 424, 0, 14, 78, 49980 }, // U+FB7C
    { 29, 24, 444, 0, 14, 87, 50058 }, // U+FB7D
    { 19, 34, 269, -2, 25, 81, 50145 }, // U+FB8B
    { 30, 28, 517, 3, 28, 105, 50226 }, // U+FB8F
    { 17, 28, 277, 0, 28, 60, 50331 }, // U+FB90
    { 20, 28, 306, 0, 28, 70, 50391 }, // U+FB91
    { 30, 32, 517, 3, 32, 120, 50461 }, // U+FB93
    { 18, 32, 277, -1, 32, 72, 50581 }, // U+FB94
    { 20, 32, 306, 0, 32, 80, 50653 }, // U+FB95
    { 26, 16, 458, 3, 5, 52, 50733 }, // U+FBFD
    { 14, 25, 229, 0, 16, 44, 50785 }, // U+FBFE
    { 16, 19, 240, 0, 10, 38, 50829 }, // U+FBFF
    { 14, 34, 169, -2, 34, 60, 50867 }, // U+FE82
    { 10, 37, 169, 2, 37, 47, 50927 }, // U+FE84
    { 19, 33, 312, 1, 24, 79, 50974 }, // U+FE86
    { 9, 39, 169, 3, 29, 44, 51053 }, // U+FE88
    { 26, 23, 458, 3, 12, 75, 51097 }, // U+FE8A
    { 10, 25, 183, 0, 25, 32, 51172 }, // U+FE8B
    { 13, 20, 195, 0, 20, 33, 51204 }, // U+FE8C
    { 9, 29, 169, 3, 29, 33, 51237 }, // U+FE8E
    { 32, 21, 545, 3, 12, 84, 51270 }, // U+FE90
    { 10, 25, 183, 0, 16, 32, 51354 }, // U+FE91
    { 13, 19, 195, 0, 10, 31, 51386 }, // U+FE92
    { 17, 25, 301, 3, 25, 54, 51417 }, // U+FE94
    { 32, 19, 545, 3, 19, 76, 51471 }, // U+FE96
    { 12, 24, 183, 0, 24, 36, 51547 }, // U+FE97
    { 16, 19, 240, 0, 19, 38, 51583 }, // U+FE98
    { 32, 22, 545, 3, 22, 88, 51621 }, // U+FE9A
    { 12, 27, 183, 0, 27, 41, 51709 }, // U+FE9B
    { 16, 21, 240, 0, 21, 42, 51750 }, // U+FE9C
    { 27, 27, 444, 2, 15, 92, 51792 }, // U+FE9E
    { 26, 22, 424, 0, 14, 72, 51884 }, // U+FE9F
    { 29, 22, 444, 0, 14, 80, 51956 }, // U+FEA0
    { 27, 27, 444, 2, 15, 92, 52036 }, // U+FEA2
    { 26, 14, 424, 0, 14, 46, 52128 }, // U+FEA3
    { 29, 14, 444, 0, 14, 51, 52174 }, // U+FEA4
    { 27, 36, 444, 2, 24, 122, 52225 }, // U+FEA6
    { 26, 23, 424, 0, 23, 75, 52347 }, // U+FEA7
    { 29, 23, 444, 0, 23, 84, 52422 }, // U+FEA8
    { 19, 17, 316, 1, 17, 41, 52506 }, // U+FEAA
    { 19, 26, 316, 1, 26, 62, 52547 }, // U+FEAC
    { 19, 24, 269, -2, 15, 57, 52609 }, // U+FEAE
    { 19, 32, 269, -2, 23, 76, 52666 }, // U+FEB0
    { 40, 22, 678, 3, 11, 110, 52742 }, // U+FEB2
    { 26, 15, 439, 0, 15, 49, 52852 }, // U+FEB3
    { 29, 11, 442, 0, 11, 40, 52901 }, // U+FEB4
    { 40, 33, 678, 3, 22, 165, 52941 }, // U+FEB6
    { 26, 22, 439, 0, 22, 72, 53106 }, // U+FEB7
    { 29, 22, 442, 0, 22, 80, 53178 }, // U+FEB8
    { 44, 26, 733, 3, 15, 143, 53258 }, // U+FEBA
    { 31, 15, 524, 0, 15, 59, 53401 }, // U+FEBB
    { 34, 15, 519, 0, 15, 64, 53460 }, // U+FEBC
    { 44, 36, 733, 3, 25, 198, 53524 }, // U+FEBE
    { 31, 25, 524, 0, 25, 97, 53722 }, // U+FEBF
    { 34, 25, 519, 0, 25, 107, 53819 }, // U+FEC0
    { 32, 29, 517, 1, 29, 116, 53926 }, // U+FEC2
    { 26, 29, 440, 0, 29, 95, 54042 }, // U+FEC3
    { 28, 29, 419, 0, 29, 102, 54137 }, // U+FEC4
    { 32, 29, 517, 1, 29, 116, 54239 }, // U+FEC6
    { 26, 29, 440, 0, 29, 95, 54355 }, // U+FEC7
    { 28, 29, 419, 0, 29, 102, 54450 }, // U+FEC8
    { 21, 28, 318, 2, 16, 74, 54552 }, // U+FECA
    { 21, 16, 337, 0, 16, 42, 54626 }, // U+FECB
    { 18, 16, 276, 0, 16, 36, 54668 }, // U+FECC
    { 21, 36, 318, 2, 24, 95, 54704 }, // U+FECE
    { 21, 24, 337, 0, 24, 63, 54799 }, // U+FECF
    { 18, 24, 276, 0, 24, 54, 54862 }, // U+FED0
    { 32, 25, 545, 3, 25, 100, 54916 }, // U+FED2
    { 16, 28, 280, 0, 28, 56, 55016 }, // U+FED3
    { 17, 24, 258, 0, 24, 51, 55072 }, // U+FED4
    { 25, 34, 428, 3, 23, 107, 55123 }, // U+FED6
    { 16, 28, 280, 0, 28, 56, 55230 }, // U+FED7
    { 17, 24, 258, 0, 24, 51, 55286 }, // U+FED8
    { 29, 28, 491, 3, 28, 102, 55337 }, // U+FEDA
    { 17, 28, 277, 0, 28, 60, 55439 }, // U+FEDB
    { 20, 28, 306, 0, 28, 70, 55499 }, // U+FEDC
    { 23, 40, 394, 3, 29, 115, 55569 }, // U+FEDE
    { 7, 29, 141, 0, 29, 26, 55684 }, // U+FEDF
    { 11, 29, 163, 0, 29, 40, 55710 }, // U+FEE0
    { 20, 27, 352, 3, 14, 68, 55750 }, // U+FEE2
    { 18, 14, 304, -1, 14, 32, 55818 }, // U+FEE3
    { 18, 14, 275, 0, 14, 32, 55850 }, // U+FEE4
    { 23, 27, 390, 3, 16, 78, 55882 }, // U+FEE6
    { 10, 25, 183, 0, 25, 32, 55960 }, // U+FEE7
    { 13, 20, 195, 0, 20, 33, 55992 }, // U+FEE8
    { 17, 18, 301, 3, 18, 39, 56025 }, // U+FEEA
    { 20, 20, 339, -1, 19, 50, 56064 }, // U+FEEB
    { 17, 28, 254, 0, 18, 60, 56114 }, // U+FEEC
    { 19, 24, 312, 1, 15, 57, 56174 }, // U+FEEE
    { 26, 16, 458, 3, 5, 52, 56231 }, // U+FEF0
    { 26, 24, 458, 3, 5, 78, 56283 }, // U+FEF2
    { 14, 25, 229, 0, 16, 44, 56361 }, // U+FEF3
    { 16, 19, 240, 0, 10, 38, 56405 }, // U+FEF4
    { 24, 29, 345, -4, 29, 87, 56443 }, // U+FEF5
    { 30, 29, 407, -3, 29, 109, 56530 }, // U+FEF6
    { 20, 32, 345, -1, 32, 80, 56639 }, // U+FEF7
    { 26, 32, 407, 1, 32, 104, 56719 }, // U+FEF8
    { 18, 41, 345, 1, 29, 93, 56823 }, // U+FEF9
    { 25, 41, 407, 1, 29, 129, 56916 }, // U+FEFA
    { 19, 29, 345, 1, 29, 69, 57045 }, // U+FEFB
    { 26, 29, 407, 1, 29, 95, 57114 }, // U+FEFC
};

static const EpdUnicodeInterval ui_script_20Intervals[] = {
    { 0x20, 0x7E, 0x0 },
    { 0xA0, 0xA1, 0x5F },
    { 0xAB, 0xAB, 0x61 },
    { 0xB0, 0xB0, 0x62 },
    { 0xB7, 0xB7, 0x63 },
    { 0xBA, 0xBB, 0x64 },
    { 0xBF, 0xC2, 0x66 },
    { 0xC4, 0xC7, 0x6A },
    { 0xC9, 0xCA, 0x6E },
    { 0xCD, 0xCE, 0x70 },
    { 0xD2, 0xD3, 0x72 },
    { 0xD6, 0xD6, 0x74 },
    { 0xD8, 0xDA, 0x75 },
    { 0xDC, 0xDD, 0x78 },
    { 0xDF, 0xEF, 0x7A },
    { 0xF1, 0xF6, 0x8B },
    { 0xF8, 0xFD, 0x91 },
    { 0x103, 0x103, 0x97 },
    { 0x105, 0x105, 0x98 },
    { 0x107, 0x107, 0x99 },
    { 0x10C, 0x111, 0x9A },
    { 0x116, 0x11B, 0xA0 },
    { 0x11E, 0x11F, 0xA6 },
    { 0x129, 0x129, 0xA8 },
    { 0x12E, 0x131, 0xA9 },
    { 0x13A, 0x13A, 0xAD },
    { 0x13D, 0x13E, 0xAE },
    { 0x141, 0x142, 0xB0 },
    { 0x144, 0x144, 0xB2 },
    { 0x148, 0x148, 0xB3 },
    { 0x151, 0x151, 0xB4 },
    { 0x155, 0x155, 0xB5 },
    { 0x158, 0x15B, 0xB6 },
    { 0x15E, 0x161, 0xBA },
    { 0x163, 0x165, 0xBE },
    { 0x16B, 0x16B, 0xC1 },
    { 0x16E, 0x173, 0xC2 },
    { 0x17A, 0x17A, 0xC8 },
    { 0x17C, 0x17E, 0xC9 },
    { 0x1A1, 0x1A1, 0xCC },
    { 0x1B0, 0x1B0, 0xCD },
    { 0x218, 0x21B, 0xCE },
    { 0x404, 0x404, 0xD2 },
    { 0x406, 0x406, 0xD3 },
    { 0x410, 0x429, 0xD4 },
    { 0x42B, 0x42D, 0xEE },
    { 0x42F, 0x44F, 0xF1 },
    { 0x451, 0x451, 0x112 },
    { 0x454, 0x454, 0x113 },
    { 0x456, 0x457, 0x114 },
    { 0x45E, 0x45E, 0x116 },
    { 0x491, 0x493, 0x117 },
    { 0x49A, 0x49B, 0x11A },
    { 0x4A2, 0x4A3, 0x11C },
    { 0x4AE, 0x4B1, 0x11E },
    { 0x4D8, 0x4D9, 0x122 },
    { 0x4E8, 0x4E9, 0x124 },
    { 0x591, 0x5C7, 0x126 },
    { 0x5D0, 0x5EA, 0x15D },
    { 0x5EF, 0x5F4, 0x178 },
    { 0x600, 0x6FF, 0x17E },
    { 0x750, 0x77F, 0x27E },
    { 0x1EA1, 0x1EA3, 0x2AE },
    { 0x1EA5, 0x1EA9, 0x2B1 },
    { 0x1EAB, 0x1EAF, 0x2B6 },
    { 0x1EB1, 0x1EB1, 0x2BB },
    { 0x1EB5, 0x1EB5, 0x2BC },
    { 0x1EB7, 0x1EB7, 0x2BD },
    { 0x1EB9, 0x1EB9, 0x2BE },
    { 0x1EBB, 0x1EBB, 0x2BF },
    { 0x1EBD, 0x1EBD, 0x2C0 },
    { 0x1EBF, 0x1EC1, 0x2C1 },
    { 0x1EC3, 0x1EC3, 0x2C4 },
    { 0x1EC7, 0x1EC7, 0x2C5 },
    { 0x1EC9, 0x1EC9, 0x2C6 },
    { 0x1ECB, 0x1ECD, 0x2C7 },
    { 0x1ECF, 0x1ED3, 0x2CA },
    { 0x1ED5, 0x1ED5, 0x2CF },
    { 0x1ED7, 0x1ED9, 0x2D0 },
    { 0x1EDB, 0x1EDB, 0x2D3 },
    { 0x1EDD, 0x1EDF, 0x2D4 },
    { 0x1EE1, 0x1EE1, 0x2D7 },
    { 0x1EE3, 0x1EE3, 0x2D8 },
    { 0x1EE5, 0x1EE7, 0x2D9 },
    { 0x1EE9, 0x1EE9, 0x2DC },
    { 0x1EEB, 0x1EEB, 0x2DD },
    { 0x1EED, 0x1EED, 0x2DE },
    { 0x1EEF, 0x1EEF, 0x2DF },
    { 0x1EF1, 0x1EF1, 0x2E0 },
    { 0x200C, 0x200F, 0x2E1 },
    { 0x2013, 0x2014, 0x2E5 },
    { 0x2018, 0x2019, 0x2E7 },
    { 0x201C, 0x201E, 0x2E9 },
    { 0x2026, 0x2026, 0x2EC },
    { 0xFB51, 0xFB51, 0x2ED },
    { 0xFB57, 0xFB59, 0x2EE },
    { 0xFB7B, 0xFB7D, 0x2F1 },
    { 0xFB8B, 0xFB8B, 0x2F4 },
    { 0xFB8F, 0xFB91, 0x2F5 },
    { 0xFB93, 0xFB95, 0x2F8 },
    { 0xFBFD, 0xFBFF, 0x2FB },
    { 0xFE82, 0xFE82, 0x2FE },
    { 0xFE84, 0xFE84, 0x2FF },
    { 0xFE86, 0xFE86, 0x300 },
    { 0xFE88, 0xFE88, 0x301 },
    { 0xFE8A, 0xFE8C, 0x302 },
    { 0xFE8E, 0xFE8E, 0x305 },
    { 0xFE90, 0xFE92, 0x306 },
    { 0xFE94, 0xFE94, 0x309 },
    { 0xFE96, 0xFE98, 0x30A },
    { 0xFE9A, 0xFE9C, 0x30D },
    { 0xFE9E, 0xFEA0, 0x310 },
    { 0xFEA2, 0xFEA4, 0x313 },
    { 0xFEA6, 0xFEA8, 0x316 },
    { 0xFEAA, 0xFEAA, 0x319 },
    { 0xFEAC, 0xFEAC, 0x31A },
    { 0xFEAE, 0xFEAE, 0x31B },
    { 0xFEB0, 0xFEB0, 0x31C },
    { 0xFEB2, 0xFEB4, 0x31D },
    { 0xFEB6, 0xFEB8, 0x320 },
    { 0xFEBA, 0xFEBC, 0x323 },
    { 0xFEBE, 0xFEC0, 0x326 },
    { 0xFEC2, 0xFEC4, 0x329 },
    { 0xFEC6, 0xFEC8, 0x32C },
    { 0xFECA, 0xFECC, 0x32F },
    { 0xFECE, 0xFED0, 0x332 },
    { 0xFED2, 0xFED4, 0x335 },
    { 0xFED6, 0xFED8, 0x338 },
    { 0xFEDA, 0xFEDC, 0x33B },
    { 0xFEDE, 0xFEE0, 0x33E },
    { 0xFEE2, 0xFEE4, 0x341 },
    { 0xFEE6, 0xFEE8, 0x344 },
    { 0xFEEA, 0xFEEC, 0x347 },
    { 0xFEEE, 0xFEEE, 0x34A },
    { 0xFEF0, 0xFEF0, 0x34B },
    { 0xFEF2, 0xFEFC, 0x34C },
};

static const EpdKernClassEntry ui_script_20KernLeftClasses[] = {
    { 0x0041, 1 }, // A
    { 0x0042, 2 }, // B
    { 0x0043, 3 }, // C
    { 0x0044, 4 }, // D
    { 0x0045, 5 }, // E
    { 0x0046, 6 }, // F
    { 0x0047, 7 }, // G
    { 0x0048, 8 }, // H
    { 0x0049, 9 }, // I
    { 0x004A, 10 }, // J
    { 0x004B, 11 }, // K
    { 0x004C, 12 }, // L
    { 0x004D, 13 }, // M
    { 0x004E, 14 }, // N
    { 0x004F, 15 }, // O
    { 0x0050, 16 }, // P
    { 0x0051, 17 }, // Q
    { 0x0052, 18 }, // R
    { 0x0053, 19 }, // S
    { 0x0054, 20 }, // T
    { 0x0055, 21 }, // U
    { 0x0056, 22 }, // V
    { 0x0057, 23 }, // W
    { 0x0058, 24 }, // X
    { 0x0059, 25 }, // Y
    { 0x005A, 26 }, // Z
    { 0x0061, 27 }, // a
    { 0x0062, 28 }, // b
    { 0x0063, 29 }, // c
    { 0x0064, 30 }, // d
    { 0x0065, 31 }, // e
    { 0x0066, 32 }, // f
    { 0x0067, 33 }, // g
    { 0x0068, 34 }, // h
    { 0x0069, 35 }, // i
    { 0x006A, 36 }, // j
    { 0x006B, 37 }, // k
    { 0x006C, 38 }, // l
    { 0x006D, 39 }, // m
    { 0x006E, 40 }, // n
    { 0x006F, 41 }, // o
    { 0x0070, 42 }, // p
    { 0x0071, 43 }, // q
    { 0x0072, 44 }, // r
    { 0x0073, 45 }, // s
    { 0x0074, 46 }, // t
    { 0x0075, 47 }, // u
    { 0x0076, 48 }, // v
    { 0x0077, 49 }, // w
    { 0x0078, 50 }, // x
    { 0x0079, 51 }, // y
    { 0x007A, 52 }, // z
    { 0x01B0, 53 }, // U+01B0
    { 0x0406, 54 }, // U+0406
    { 0x0410, 55 }, // U+0410
    { 0x0411, 56 }, // U+0411
    { 0x0412, 57 }, // U+0412
    { 0x0413, 58 }, // U+0413
    { 0x0414, 59 }, // U+0414
    { 0x0415, 60 }, // U+0415
    { 0x0416, 61 }, // U+0416
    { 0x0417, 62 }, // U+0417
    { 0x0418, 63 }, // U+0418
    { 0x0419, 63 }, // U+0419
    { 0x041A, 64 }, // U+041A
    { 0x041B, 65 }, // U+041B
    { 0x041C, 66 }, // U+041C
    { 0x041D, 67 }, // U+041D
    { 0x041E, 68 }, // U+041E
    { 0x041F, 69 }, // U+041F
    { 0x0420, 70 }, // U+0420
    { 0x0421, 71 }, // U+0421
    { 0x0422, 72 }, // U+0422
    { 0x0423, 73 }, // U+0423
    { 0x0424, 74 }, // U+0424
    { 0x0425, 75 }, // U+0425
    { 0x0426, 76 }, // U+0426
    { 0x0427, 77 }, // U+0427
    { 0x0428, 78 }, // U+0428
    { 0x0429, 79 }, // U+0429
    { 0x042B, 80 }, // U+042B
    { 0x042C, 81 }, // U+042C
    { 0x042D, 82 }, // U+042D
    { 0x042F, 83 }, // U+042F
    { 0x0430, 84 }, // U+0430
    { 0x0431, 85 }, // U+0431
    { 0x0432, 86 }, // U+0432
    { 0x0433, 87 }, // U+0433
    { 0x0434, 88 }, // U+0434
    { 0x0435, 89 }, // U+0435
    { 0x0436, 90 }, // U+0436
    { 0x0437, 91 }, // U+0437
    { 0x0438, 92 }, // U+0438
    { 0x0439, 93 }, // U+0439
    { 0x043A, 94 }, // U+043A
    { 0x043B, 95 }, // U+043B
    { 0x043C, 96 }, // U+043C
    { 0x043D, 97 }, // U+043D
    { 0x043E, 98 }, // U+043E
    { 0x043F, 99 }, // U+043F
    { 0x0440, 100 }, // U+0440
    { 0x0441, 101 }, // U+0441
    { 0x0442, 102 }, // U+0442
    { 0x0443, 103 }, // U+0443
    { 0x0444, 104 }, // U+0444
    { 0x0445, 105 }, // U+0445
    { 0x0446, 106 }, // U+0446
    { 0x0447, 107 }, // U+0447
    { 0x0448, 108 }, // U+0448
    { 0x0449, 109 }, // U+0449
    { 0x044A, 110 }, // U+044A
    { 0x044B, 111 }, // U+044B
    { 0x044C, 112 }, // U+044C
    { 0x044D, 113 }, // U+044D
    { 0x044E, 114 }, // U+044E
    { 0x044F, 115 }, // U+044F
    { 0x045E, 116 }, // U+045E
    { 0x0491, 117 }, // U+0491
    { 0x049A, 118 }, // U+049A
    { 0x049B, 119 }, // U+049B
    { 0x04A3, 120 }, // U+04A3
    { 0x04AE, 121 }, // U+04AE
    { 0x04D8, 122 }, // U+04D8
    { 0x04D9, 123 }, // U+04D9
    { 0x04E8, 122 }, // U+04E8
    { 0x04E9, 123 }, // U+04E9
    { 0x05D0, 124 }, // U+05D0
    { 0x05D1, 125 }, // U+05D1
    { 0x05D2, 126 }, // U+05D2
    { 0x05D3, 127 }, // U+05D3
    { 0x05D5, 128 }, // U+05D5
    { 0x05D6, 129 }, // U+05D6
    { 0x05D8, 130 }, // U+05D8
    { 0x05D9, 131 }, // U+05D9
    { 0x05DB, 132 }, // U+05DB
    { 0x05DC, 133 }, // U+05DC
    { 0x05DE, 134 }, // U+05DE
    { 0x05E0, 135 }, // U+05E0
    { 0x05E1, 136 }, // U+05E1
    { 0x05E2, 137 }, // U+05E2
    { 0x05E4, 138 }, // U+05E4
    { 0x05E6, 139 }, // U+05E6
    { 0x05E8, 140 }, // U+05E8
    { 0x05E9, 141 }, // U+05E9
    { 0x05EA, 142 }, // U+05EA
    { 0x1EA2, 143 }, // U+1EA2
    { 0x1EA6, 143 }, // U+1EA6
    { 0x1EA8, 143 }, // U+1EA8
    { 0x1EAC, 143 }, // U+1EAC
    { 0x1EAE, 143 }, // U+1EAE
    { 0x1EBB, 144 }, // U+1EBB
    { 0x1EBF, 144 }, // U+1EBF
    { 0x1EC1, 144 }, // U+1EC1
    { 0x1EC3, 144 }, // U+1EC3
    { 0x1EC7, 144 }, // U+1EC7
    { 0x1ECF, 144 }, // U+1ECF
    { 0x1ED0, 145 }, // U+1ED0
    { 0x1ED1, 144 }, // U+1ED1
    { 0x1ED2, 145 }, // U+1ED2
    { 0x1ED3, 144 }, // U+1ED3
    { 0x1ED5, 144 }, // U+1ED5
    { 0x1ED7, 144 }, // U+1ED7
    { 0x1ED8, 145 }, // U+1ED8
    { 0x1ED9, 144 }, // U+1ED9
    { 0x1EDB, 144 }, // U+1EDB
    { 0x1EDD, 144 }, // U+1EDD
    { 0x1EDE, 145 }, // U+1EDE
    { 0x1EDF, 144 }, // U+1EDF
    { 0x1EE1, 144 }, // U+1EE1
    { 0x1EE3, 144 }, // U+1EE3
    { 0x1EE6, 146 }, // U+1EE6
    { 0x1EED, 53 }, // U+1EED
    { 0x2018, 147 }, // U+2018
};

static const EpdKernClassEntry ui_script_20KernRightClasses[] = {
    { 0x0041, 1 }, // A
    { 0x0042, 2 }, // B
    { 0x0043, 3 }, // C
    { 0x0044, 4 }, // D
    { 0x0045, 5 }, // E
    { 0x0046, 6 }, // F
    { 0x0047, 7 }, // G
    { 0x0048, 8 }, // H
    { 0x0049, 9 }, // I
    { 0x004A, 10 }, // J
    { 0x004B, 11 }, // K
    { 0x004C, 12 }, // L
    { 0x004D, 13 }, // M
    { 0x004E, 14 }, // N
    { 0x004F, 15 }, // O
    { 0x0050, 16 }, // P
    { 0x0051, 17 }, // Q
    { 0x0052, 18 }, // R
    { 0x0053, 19 }, // S
    { 0x0054, 20 }, // T
    { 0x0055, 21 }, // U
    { 0x0056, 22 }, // V
    { 0x0057, 23 }, // W
    { 0x0058, 24 }, // X
    { 0x0059, 25 }, // Y
    { 0x005A, 26 }, // Z
    { 0x0061, 27 }, // a
    { 0x0062, 28 }, // b
    { 0x0063, 29 }, // c
    { 0x0064, 30 }, // d
    { 0x0065, 31 }, // e
    { 0x0066, 32 }, // f
    { 0x0067, 33 }, // g
    { 0x0068, 34 }, // h
    { 0x0069, 35 }, // i
    { 0x006A, 36 }, // j
    { 0x006B, 37 }, // k
    { 0x006C, 38 }, // l
    { 0x006D, 39 }, // m
    { 0x006E, 40 }, // n
    { 0x006F, 41 }, // o
    { 0x0070, 42 }, // p
    { 0x0071, 43 }, // q
    { 0x0072, 44 }, // r
    { 0x0073, 45 }, // s
    { 0x0074, 46 }, // t
    { 0x0075, 47 }, // u
    { 0x0076, 48 }, // v
    { 0x0077, 49 }, // w
    { 0x0078, 50 }, // x
    { 0x0079, 51 }, // y
    { 0x007A, 52 }, // z
    { 0x01A1, 53 }, // U+01A1
    { 0x0406, 54 }, // U+0406
    { 0x0410, 55 }, // U+0410
    { 0x0411, 56 }, // U+0411
    { 0x0412, 57 }, // U+0412
    { 0x0413, 58 }, // U+0413
    { 0x0414, 59 }, // U+0414
    { 0x0415, 60 }, // U+0415
    { 0x0416, 61 }, // U+0416
    { 0x0417, 62 }, // U+0417
    { 0x041A, 63 }, // U+041A
    { 0x041B, 64 }, // U+041B
    { 0x041C, 65 }, // U+041C
    { 0x041D, 66 }, // U+041D
    { 0x041E, 67 }, // U+041E
    { 0x041F, 68 }, // U+041F
    { 0x0420, 69 }, // U+0420
    { 0x0421, 70 }, // U+0421
    { 0x0422, 71 }, // U+0422
    { 0x0423, 72 }, // U+0423
    { 0x0424, 73 }, // U+0424
    { 0x0425, 74 }, // U+0425
    { 0x0426, 75 }, // U+0426
    { 0x0427, 76 }, // U+0427
    { 0x0429, 77 }, // U+0429
    { 0x042C, 78 }, // U+042C
    { 0x042D, 79 }, // U+042D
    { 0x042F, 80 }, // U+042F
    { 0x0430, 81 }, // U+0430
    { 0x0431, 82 }, // U+0431
    { 0x0432, 83 }, // U+0432
    { 0x0433, 84 }, // U+0433
    { 0x0434, 85 }, // U+0434
    { 0x0435, 86 }, // U+0435
    { 0x0436, 87 }, // U+0436
    { 0x0437, 88 }, // U+0437
    { 0x0438, 89 }, // U+0438
    { 0x0439, 90 }, // U+0439
    { 0x043A, 91 }, // U+043A
    { 0x043B, 92 }, // U+043B
    { 0x043C, 93 }, // U+043C
    { 0x043D, 94 }, // U+043D
    { 0x043E, 95 }, // U+043E
    { 0x043F, 96 }, // U+043F
    { 0x0440, 97 }, // U+0440
    { 0x0441, 98 }, // U+0441
    { 0x0442, 99 }, // U+0442
    { 0x0443, 100 }, // U+0443
    { 0x0444, 101 }, // U+0444
    { 0x0445, 102 }, // U+0445
    { 0x0446, 103 }, // U+0446
    { 0x0447, 104 }, // U+0447
    { 0x0448, 105 }, // U+0448
    { 0x0449, 106 }, // U+0449
    { 0x044A, 107 }, // U+044A
    { 0x044B, 108 }, // U+044B
    { 0x044C, 109 }, // U+044C
    { 0x044D, 110 }, // U+044D
    { 0x044E, 111 }, // U+044E
    { 0x044F, 112 }, // U+044F
    { 0x0451, 113 }, // U+0451
    { 0x0454, 114 }, // U+0454
    { 0x0456, 115 }, // U+0456
    { 0x0457, 116 }, // U+0457
    { 0x045E, 117 }, // U+045E
    { 0x0491, 118 }, // U+0491
    { 0x0493, 119 }, // U+0493
    { 0x049A, 120 }, // U+049A
    { 0x049B, 121 }, // U+049B
    { 0x04A2, 122 }, // U+04A2
    { 0x04A3, 123 }, // U+04A3
    { 0x04AE, 124 }, // U+04AE
    { 0x04D9, 125 }, // U+04D9
    { 0x04E8, 126 }, // U+04E8
    { 0x04E9, 125 }, // U+04E9
    { 0x05D0, 127 }, // U+05D0
    { 0x05D1, 128 }, // U+05D1
    { 0x05D2, 129 }, // U+05D2
    { 0x05D3, 130 }, // U+05D3
    { 0x05D4, 131 }, // U+05D4
    { 0x05D6, 132 }, // U+05D6
    { 0x05D7, 133 }, // U+05D7
    { 0x05D8, 134 }, // U+05D8
    { 0x05D9, 135 }, // U+05D9
    { 0x05DA, 136 }, // U+05DA
    { 0x05DB, 137 }, // U+05DB
    { 0x05DC, 138 }, // U+05DC
    { 0x05DD, 139 }, // U+05DD
    { 0x05DE, 140 }, // U+05DE
    { 0x05E1, 141 }, // U+05E1
    { 0x05E2, 142 }, // U+05E2
    { 0x05E3, 143 }, // U+05E3
    { 0x05E4, 144 }, // U+05E4
    { 0x05E5, 145 }, // U+05E5
    { 0x05E7, 146 }, // U+05E7
    { 0x05E8, 147 }, // U+05E8
    { 0x05E9, 148 }, // U+05E9
    { 0x05EA, 149 }, // U+05EA
    { 0x1EA1, 150 }, // U+1EA1
    { 0x1EA2, 151 }, // U+1EA2
    { 0x1EA3, 150 }, // U+1EA3
    { 0x1EA5, 150 }, // U+1EA5
    { 0x1EA6, 151 }, // U+1EA6
    { 0x1EA7, 150 }, // U+1EA7
    { 0x1EA8, 151 }, // U+1EA8
    { 0x1EA9, 150 }, // U+1EA9
    { 0x1EAB, 150 }, // U+1EAB
    { 0x1EAC, 151 }, // U+1EAC
    { 0x1EAD, 150 }, // U+1EAD
    { 0x1EAE, 151 }, // U+1EAE
    { 0x1EAF, 150 }, // U+1EAF
    { 0x1EB1, 150 }, // U+1EB1
    { 0x1EB5, 150 }, // U+1EB5
    { 0x1EB7, 150 }, // U+1EB7
    { 0x1EBB, 53 }, // U+1EBB
    { 0x1EBF, 53 }, // U+1EBF
    { 0x1EC1, 53 }, // U+1EC1
    { 0x1EC3, 53 }, // U+1EC3
    { 0x1EC7, 53 }, // U+1EC7
    { 0x1EC9, 152 }, // U+1EC9
    { 0x1ECF, 53 }, // U+1ECF
    { 0x1ED0, 153 }, // U+1ED0
    { 0x1ED1, 53 }, // U+1ED1
    { 0x1ED2, 153 }, // U+1ED2
    { 0x1ED3, 53 }, // U+1ED3
    { 0x1ED5, 53 }, // U+1ED5
    { 0x1ED7, 53 }, // U+1ED7
    { 0x1ED8, 153 }, // U+1ED8
    { 0x1ED9, 53 }, // U+1ED9
    { 0x1EDB, 53 }, // U+1EDB
    { 0x1EDD, 53 }, // U+1EDD
    { 0x1EDE, 153 }, // U+1EDE
    { 0x1EDF, 53 }, // U+1EDF
    { 0x1EE1, 53 }, // U+1EE1
    { 0x1EE3, 53 }, // U+1EE3
    { 0x1EE6, 154 }, // U+1EE6
    { 0x2018, 155 }, // U+2018
};

static const int8_t ui_script_20KernMatrix[] = {
       0,    0,  -13,    0,   -7,    0,   -7,   -7,    7,    7,    0,   -7,    7,    0,  -13,   -7,  -13,    0,  -23,  -33,  -13,  -27,  -13,   -7,  -43,   -7,    0,    0,    0,    0,    0,    0,    0,    0,    0,    7,    0,    0,    0,   -7,    0,    0,   -7,   -7,   -7,    0,   -7,   -3,    0,    7,   -7,   13,    0,    0,    0,    0,    0,    0,    0,    0,    0,    0,    0,    0,    0,    0,    0,    0,    0,    0,    0,    0,    0,    0,    0,    0,    0,    0,    0,    0,    0,    0,    0,    0,    0,    0,    0,    0,    0,    0,    0,    0,    0,    0,    0,    0,    0,    0,    0,    0,    0,    0,    0,    0,    0,    0,    0,    0,    0,    0,    0,    0,    0,    0,    0,    0,    0,    0,    0,    0,    0,    0,    0,    0,    0,    0,    0,    0,    0,    0,    0,    0,    0,    0,    0,    0,    0,    0,    0,    0,    0,    0,    0,    0,    0,    0,    0,    0,    0,    0,    0,    0,    0,    0,    0,
       0,    0,  -13,    0,    0,  -13,    0,    0,   -7,   -7,    0,    0,    0,    0,    0,   -7,    0,   -7,  -13,  -27,  -13,  -33,  -33,  -27,  -43,  -20,    0,    0,    0,    0,    0,    7,    7,    0,    7,    7,    7,    7,    7,    0,    0,    0,    0,    0,    0,    0,    0,    0,    0,    7,    0,   27,    0,    0,    0,    0,    0,    0,    0,    0,    0,    0,    0,    0,    0,    0,    0,    0,    0,    0,    0,    0,    0,    0,    0,    0,    0,    0,    0,    0,    0,    0,    0,    0,    0,    0,    0,    0,    0,    0,    0,    0,    0,    0,    0,    0,    0,    0,    0,    0,    0,    0,    0,    0,    0,    0,    0,    0,    0,    0,    0,    0,    0,    0,    0,    0,    0,    0,    0,    0,    0,    0,    0,    0,    0,    0,    0,    0,    0,    0,    0,    0,    0,    0,    0,    0,    0,    0,    0,    0,    0,    0,    0,    0,    0,    0,    0,    0,    0,    0,    0,    0,    0,    0,    0,
     -13,    0,   -7,    0,   -7,    0,   -7,    0,    0,   -7,   -7,    0,    0,    0,   -7,   -7,  -13,    0,   -7,  -13,   -7,  -13,  -13,  -20,  -23,  -27,    0,    0,   -3,   -7,    0,    0,    0,    0,    0,    7,    0,    3,    0,   -3,    0,    0,    0,    0,   -7,    7,   -7,  -13,   -7,   13,    0,   13,    0,    0,    0,    0,    0,    0,    0,    0,    0,    0,    0,    0,    0,    0,    0,    0,    0,    0,    0,    0,    0,    0,    0,    0,    0,    0,    0,    0,    0,    0,    0,    0,    0,    0,    0,    0,    0,    0,    0,    0,    0,    0,    0,    0,    0,    0,    0,    0,    0,    0,    0,    0,    0,    0,    0,    0,    0,    0,    0,    0,    0,    0,    0,    0,    0,    0,    0,    0,    0,    0,    0,    0,    0,    0,    0,    0,    0,    0,    0,    0,    0,    0,    0,    0,    0,    0,    0,    0,    0,    0,    0,    0,    0,    0,    0,    0,    0,    0,    0,    0,    0,    0,    0,
      -7,    0,    0,    0,    0,   -7,    0,    0,   -7,   -7,    0,    0,   -3,    0,    0,    0,    0,    0,    0,  -27,    0,  -20,   -7,  -33,  -33,  -20,    0,    7,    7,    0,    7,   13,    7,    7,   10,    3,    7,    7,   13,    0,    7,    7,    7,    7,    7,   13,    0,   20,   13,   13,    7,   20,    0,    0,    0,    0,    0,    0,    0,    0,    0,    0,    0,    0,    0,    0,    0,    0,    0,    0,    0,    0,    0,    0,    0,    0,    0,    0,    0,    0,    0,    0,    0,    0,    0,    0,    0,    0,    0,    0,    0,    0,    0,    0,    0,    0,    0,    0,    0,    0,    0,    0,    0,    0,    0,    0,    0,    0,    0,    0,    0,    0,    0,    0,    0,    0,    0,    0,    0,    0,    0,    0,    0,    0,    0,    0,    0,    0,    0,    0,    0,    0,    0,    0,    0,    0,    0,    0,    0,    0,    0,    0,    0,    0,    0,    0,    0,    0,    0,    0,    0,    0,    0,    0,    0,
       0,    0,   -7,   -7,    0,    0,   -7,    0,    0,   -7,    0,    0,    0,    0,   -7,    0,  -13,    0,  -27,   -7,  -13,  -17,  -20,  -27,  -33,  -13,    0,    0,    0,    0,    0,    0,    0,    0,    0,    0,    0,    0,    0,    0,    0,    0,    0,    0,    0,    0,    0,   -7,   -7,    7,   -7,   13,    0,    0,    0,    0,    0,    0,    0,    0,    0,    0,    0,    0,    0,    0,    0,    0,    0,    0,    0,    0,    0,    0,    0,    0,    0,    0,    0,    0,    0,    0,    0,    0,    0,    0,    0,    0,    0,    0,    0,    0,    0,    0,    0,    0,    0,    0,    0,    0,    0,    0,    0,    0,    0,    0,    0,    0,    0,    0,    0,    0,    0,    0,    0,    0,    0,    0,    0,    0,    0,    0,    0,    0,    0,    0,    0,    0,    0,    0,    0,    0,    0,    0,    0,    0,    0,    0,    0,    0,    0,    0,    0,    0,    0,    0,    0,    0,    0,    0,    0,    0,    0,    0,    0,
     -27,    0,   -7,   13,    0,   13,    0,    0,    7,   13,    0,    7,   -7,    7,    7,   -7,    7,    0,    7,  -20,    0,    7,    7,    0,    7,   -7,  -20,    0,  -13,  -13,  -10,    7,   -7,   13,    7,    7,    7,   13,    0,  -13,  -13,   -7,   -7,   -7,    0,    7,   -7,    7,    0,    0,    0,    7,    0,    0,    0,    0,    0,    0,    0,    0,    0,    0,    0,    0,    0,    0,    0,    0,    0,    0,    0,    0,    0,    0,    0,    0,    0,    0,    0,    0,    0,    0,    0,    0,    0,    0,    0,    0,    0,    0,    0,    0,    0,    0,    0,    0,    0,    0,    0,    0,    0,    0,    0,    0,    0,    0,    0,    0,    0,    0,    0,    0,    0,    0,    0,    0,    0,    0,    0,    0,    0,    0,    0,    0,    0,    0,    0,    0,    0,    0,    0,    0,    0,    0,    0,    0,    0,    0,    0,    0,    0,    0,    0,    0,    0,    0,    0,    0,    0,    0,    0,    0,    0,    0,    0,
      -7,    0,    0,    0,    0,    0,    0,    0,   -7,   -7,    0,    0,   -7,    7,    0,  -13,    0,    0,   -7,    0,   -7,   -7,  -13,  -27,  -27,  -13,    0,    0,    0,    0,    0,    7,    0,    7,    7,    7,    7,    7,    7,    0,    0,    0,    0,    0,    0,    7,    0,    7,    0,    7,    0,    7,    0,    0,    0,    0,    0,    0,    0,    0,    0,    0,    0,    0,    0,    0,    0,    0,    0,    0,    0,    0,    0,    0,    0,    0,    0,    0,    0,    0,    0,    0,    0,    0,    0,    0,    0,    0,    0,    0,    0,    0,    0,    0,    0,    0,    0,    0,    0,    0,    0,    0,    0,    0,    0,    0,    0,    0,    0,    0,    0,    0,    0,    0,    0,    0,    0,    0,    0,    0,    0,    0,    0,    0,    0,    0,    0,    0,    0,    0,    0,    0,    0,    0,    0,    0,    0,    0,    0,    0,    0,    0,    0,    0,    0,    0,    0,    0,    0,    0,    0,    0,    0,    0,    0,
       0,    0,    0,    0,    0,    0,    0,    0,    0,    0,    0,    0,    0,    0,    0,    0,    0,    0,    0,    0,    0,    0,    0,    0,    0,    0,    0,    7,    0,    0,    0,    7,    0,    7,    7,   13,    7,    7,    7,    0,    0,    0,    0,    0,    0,   13,    0,    7,    0,   13,    7,   13,    0,    0,    0,    0,    0,    0,    0,    0,    0,    0,    0,    0,    0,    0,    0,    0,    0,    0,    0,    0,    0,    0,    0,    0,    0,    0,    0,    0,    0,    0,    0,    0,    0,    0,    0,    0,    0,    0,    0,    0,    0,    0,    0,    0,    0,    0,    0,    0,    0,    0,    0,    0,    0,    0,    0,    0,    0,    0,    0,    0,    0,    0,    0,    0,    0,    0,    0,    0,    0,    0,    0,    0,    0,    0,    0,    0,    0,    0,    0,    0,    0,    0,    0,    0,    0,    0,    0,    0,    0,    0,    0,    0,    0,    0,    0,    0,    0,    0,    0,    0,    0,    0,    0,
       7,    0,    0,   20,    0,   27,    0,    0,   20,   27,    7,    7,   20,   13,    0,    0,    0,    7,    0,    0,    7,   20,   13,    7,   20,   13,   -7,    7,   -7,   -7,   -7,   13,   -7,   20,   13,   20,   13,   13,    0,   -7,   -7,    7,  -13,   -7,   -7,    7,   -7,  -13,  -17,    7,   -7,   13,    0,    0,    0,    0,    0,    0,    0,    0,    0,    0,    0,    0,    0,    0,    0,    0,    0,    0,    0,    0,    0,    0,    0,    0,    0,    0,    0,    0,    0,    0,    0,    0,    0,    0,    0,    0,    0,    0,    0,    0,    0,    0,    0,    0,    0,    0,    0,    0,    0,    0,    0,    0,    0,    0,    0,    0,    0,    0,    0,    0,    0,    0,    0,    0,    0,    0,    0,    0,    0,    0,    0,    0,    0,    0,    0,    0,    0,    0,    0,    0,    0,    0,    0,    0,    0,    0,    0,    0,    0,    0,    0,    0,    0,    0,    0,    0,    0,    0,    0,    0,    0,    0,    0,
       0,    0,    0,    0,    0,    0,    0,    0,   -7,    7,    0,    0,    0,    0,   -7,   -7,   -7,   -7,    0,    7,   -7,    0,    0,  -17,  -13,  -13,   -7,    7,   -7,   -7,   -7,    7,    0,    7,    7,   13,    7,   13,    0,   -7,   -7,    7,   -7,    0,    0,   13,  -13,    0,    0,    0,    0,    7,    0,    0,    0,    0,    0,    0,    0,    0,    0,    0,    0,    0,    0,    0,    0,    0,    0,    0,    0,    0,    0,    0,    0,    0,    0,    0,    0,    0,    0,    0,    0,    0,    0,    0,    0,    0,    0,    0,    0,    0,    0,    0,    0,    0,    0,    0,    0,    0,    0,    0,    0,    0,    0,    0,    0,    0,    0,    0,    0,    0,    0,    0,    0,    0,    0,    0,    0,    0,    0,    0,    0,    0,    0,    0,    0,    0,    0,    0,    0,    0,    0,    0,    0,    0,    0,    0,    0,    0,    0,    0,    0,    0,    0,    0,    0,    0,    0,    0,    0,    0,    0,    0,    0,
       0,    0,   -7,    7,    0,   13,   -7,    0,    0,   13,    0,    0,   13,    0,   -7,    0,    0,    0,    0,   -7,    0,    0,    0,   -7,    0,    0,  -27,    0,  -27,  -27,  -27,    7,  -27,    7,    7,   27,    7,    7,    0,  -27,  -33,    7,  -33,    0,  -27,    7,  -40,  -20,  -27,   -7,  -20,    0,    0,    0,    0,    0,    0,    0,    0,    0,    0,    0,    0,    0,    0,    0,    0,    0,    0,    0,    0,    0,    0,    0,    0,    0,    0,    0,    0,    0,    0,    0,    0,    0,    0,    0,    0,    0,    0,    0,    0,    0,    0,    0,    0,    0,    0,    0,    0,    0,    0,    0,    0,    0,    0,    0,    0,    0,    0,    0,    0,    0,    0,    0,    0,    0,    0,    0,    0,    0,    0,    0,    0,    0,    0,    0,    0,    0,    0,    0,    0,    0,    0,    0,    0,    0,    0,    0,    0,    0,    0,    0,    0,    0,    0,    0,    0,    0,    0,    0,    0,    0,    0,    0,    0,
       0,    0,  -13,    0,  -13,    0,  -13,    0,  -27,    0,    0,  -13,    0,    0,  -17,    0,  -20,    0,  -43,  -47,  -30,  -47,  -27,    0,  -60,   -7,    0,   -7,    0,    0,    0,    7,   -7,   -7,    7,   13,    7,    7,    0,  -13,    0,    7,  -27,    0,   -7,   -7,  -27,  -40,  -27,    7,  -13,   20,    0,    0,    0,    0,    0,    0,    0,    0,    0,    0,    0,    0,    0,    0,    0,    0,    0,    0,    0,    0,    0,    0,    0,    0,    0,    0,    0,    0,    0,    0,    0,    0,    0,    0,    0,    0,    0,    0,    0,    0,    0,    0,    0,    0,    0,    0,    0,    0,    0,    0,    0,    0,    0,    0,    0,    0,    0,    0,    0,    0,    0,    0,    0,    0,    0,    0,    0,    0,    0,    0,    0,    0,    0,    0,    0,    0,    0,    0,    0,    0,    0,    0,    0,    0,    0,    0,    0,    0,    0,    0,    0,    0,    0,    0,    0,    0,    0,    0,    0,    0,    0,    0,    0,
       0,    0,    0,    0,    0,    0,    0,    0,    0,    7,    0,    0,    0,    0,    0,   -7,   -7,    0,  -13,  -20,  -13,  -13,  -20,   -7,  -33,   -7,    0,    7,    0,    0,    0,    7,    0,    7,    7,    0,    7,    7,    0,    0,    0,    7,   -7,    0,    0,   13,   -7,    7,    0,    7,   -7,    7,    0,    0,    0,    0,    0,    0,    0,    0,    0,    0,    0,    0,    0,    0,    0,    0,    0,    0,    0,    0,    0,    0,    0,    0,    0,    0,    0,    0,    0,    0,    0,    0,    0,    0,    0,    0,    0,    0,    0,    0,    0,    0,    0,    0,    0,    0,    0,    0,    0,    0,    0,    0,    0,    0,    0,    0,    0,    0,    0,    0,    0,    0,    0,    0,    0,    0,    0,    0,    0,    0,    0,    0,    0,    0,    0,    0,    0,    0,    0,    0,    0,    0,    0,    0,    0,    0,    0,    0,    0,    0,    0,    0,    0,    0,    0,    0,    0,    0,    0,    0,    0,    0,    0,
       0,    0,    0,    0,    0,    0,    0,    0,    0,    0,    0,    0,    0,    0,    0,    0,    0,    0,    0,    0,    0,    0,   -7,  -13,  -13,   -7,    0,    7,    0,    0,    7,    7,    7,    7,   13,   13,   13,   13,    7,    0,    0,    0,    7,    0,    0,   13,    0,   20,    0,   20,    7,   27,    0,    0,    0,    0,    0,    0,    0,    0,    0,    0,    0,    0,    0,    0,    0,    0,    0,    0,    0,    0,    0,    0,    0,    0,    0,    0,    0,    0,    0,    0,    0,    0,    0,    0,    0,    0,    0,    0,    0,    0,    0,    0,    0,    0,    0,    0,    0,    0,    0,    0,    0,    0,    0,    0,    0,    0,    0,    0,    0,    0,    0,    0,    0,    0,    0,    0,    0,    0,    0,    0,    0,    0,    0,    0,    0,    0,    0,    0,    0,    0,    0,    0,    0,    0,    0,    0,    0,    0,    0,    0,    0,    0,    0,    0,    0,    0,    0,    0,    0,    0,    0,    0,    0,
      -7,    0,    0,   -7,    0,    0,    0,    0,   -7,    0,    0,    7,    0,    0,    0,    0,    7,    0,    0,   -7,    0,   -7,   -7,  -27,  -27,  -13,    0,    0,    0,    0,    0,   13,   13,    7,   13,   13,    7,   13,   13,    0,    7,    7,    7,    0,    7,   13,    0,   20,    7,   20,   13,   20,    0,    0,    0,    0,    0,    0,    0,    0,    0,    0,    0,    0,    0,    0,    0,    0,    0,    0,    0,    0,    0,    0,    0,    0,    0,    0,    0,    0,    0,    0,    0,    0,    0,    0,    0,    0,    0,    0,    0,    0,    0,    0,    0,    0,    0,    0,    0,    0,    0,    0,    0,    0,    0,    0,    0,    0,    0,    0,    0,    0,    0,    0,    0,    0,    0,    0,    0,    0,    0,    0,    0,    0,    0,    0,    0,    0,    0,    0,    0,    0,    0,    0,    0,    0,    0,    0,    0,    0,    0,    0,    0,    0,    0,    0,    0,    0,    0,    0,    0,    0,    0,    0,    0,
     -27,    0,    0,   -7,    0,    0,    0,    0,   -7,   -7,    0,    0,  -20,   -7,    0,    0,    0,    0,    7,    0,    0,    0,    0,  -23,  -13,  -33,  -27,    0,  -20,  -27,  -13,    7,   -7,    7,    7,   13,    7,    7,    7,   -7,  -20,    0,  -20,    0,  -13,   13,  -20,    7,    0,    7,    0,    7,    0,    0,    0,    0,    0,    0,    0,    0,    0,    0,    0,    0,    0,    0,    0,    0,    0,    0,    0,    0,    0,    0,    0,    0,    0,    0,    0,    0,    0,    0,    0,    0,    0,    0,    0,    0,    0,    0,    0,    0,    0,    0,    0,    0,    0,    0,    0,    0,    0,    0,    0,    0,    0,    0,    0,    0,    0,    0,    0,    0,    0,    0,    0,    0,    0,    0,    0,    0,    0,    0,    0,    0,    0,    0,    0,    0,    0,    0,    0,    0,    0,    0,    0,    0,    0,    0,    0,    0,    0,    0,    0,    0,    0,    0,    0,    0,    0,    0,    0,    0,    0,    0,    0,
       0,    0,    0,    0,    0,    0,    0,    0,    0,   53,    0,    0,    0,    0,    0,    0,    0,    0,    0,   -7,    0,   -7,   -7,  -13,  -20,   -7,    0,    7,    0,    0,    0,   13,   13,    7,   13,   60,    7,   13,   13,    0,    0,   13,    0,    0,    0,   20,    0,   13,    0,   13,   33,   27,    0,    0,    0,    0,    0,    0,    0,    0,    0,    0,    0,    0,    0,    0,    0,    0,    0,    0,    0,    0,    0,    0,    0,    0,    0,    0,    0,    0,    0,    0,    0,    0,    0,    0,    0,    0,    0,    0,    0,    0,    0,    0,    0,    0,    0,    0,    0,    0,    0,    0,    0,    0,    0,    0,    0,    0,    0,    0,    0,    0,    0,    0,    0,    0,    0,    0,    0,    0,    0,    0,    0,    0,    0,    0,    0,    0,    0,    0,    0,    0,    0,    0,    0,    0,    0,    0,    0,    0,    0,    0,    0,    0,    0,    0,    0,    0,    0,    0,    0,    0,    0,    0,    0,
     -17,   -7,  -13,    7,  -13,    7,   -7,    0,   -7,   20,    0,   -7,  -13,    7,   -7,    0,   -7,    0,    0,   -7,  -13,   -7,   -7,  -13,  -20,  -30,   -7,    0,   -7,   -7,   -7,   13,   -7,    0,    0,   20,    0,    0,    0,   -7,   -7,   13,  -20,   -7,   -7,    7,  -20,    0,   -7,    7,    7,   13,    0,    0,    0,    0,    0,    0,    0,    0,    0,    0,    0,    0,    0,    0,    0,    0,    0,    0,    0,    0,    0,    0,    0,    0,    0,    0,    0,    0,    0,    0,    0,    0,    0,    0,    0,    0,    0,    0,    0,    0,    0,    0,    0,    0,    0,    0,    0,    0,    0,    0,    0,    0,    0,    0,    0,    0,    0,    0,    0,    0,    0,    0,    0,    0,    0,    0,    0,    0,    0,    0,    0,    0,    0,    0,    0,    0,    0,    0,    0,    0,    0,    0,    0,    0,    0,    0,    0,    0,    0,    0,    0,    0,    0,    0,    0,    0,    0,    0,    0,    0,    0,    0,    0,
       0,    0,    0,   13,   -7,   20,    0,    0,    7,   20,    0,   13,    0,    7,    7,    0,    0,    0,    0,    0,    0,   13,    7,    0,    7,   -7,   -7,    7,  -13,  -17,  -13,   13,  -13,   13,   13,   20,    7,   13,    0,  -13,   -7,    0,  -13,   -7,   -7,   13,  -13,  -33,  -20,    7,  -10,   13,    0,    0,    0,    0,    0,    0,    0,    0,    0,    0,    0,    0,    0,    0,    0,    0,    0,    0,    0,    0,    0,    0,    0,    0,    0,    0,    0,    0,    0,    0,    0,    0,    0,    0,    0,    0,    0,    0,    0,    0,    0,    0,    0,    0,    0,    0,    0,    0,    0,    0,    0,    0,    0,    0,    0,    0,    0,    0,    0,    0,    0,    0,    0,    0,    0,    0,    0,    0,    0,    0,    0,    0,    0,    0,    0,    0,    0,    0,    0,    0,    0,    0,    0,    0,    0,    0,    0,    0,    0,    0,    0,    0,    0,    0,    0,    0,    0,    0,    0,    0,    0,    0,    0,
     -33,    0,   -7,    7,   -7,   20,   -7,    0,    7,    0,    0,    0,  -20,    0,    0,    0,    0,    0,    0,  -20,    0,    7,    0,   -7,    0,   -7,  -60,    0,  -53,  -73,  -60,   13,  -53,   13,    0,   13,    7,   13,  -33,  -60,  -60,  -53,  -80,  -53,  -53,    7,  -60,  -47,  -67,  -40,  -33,  -27,    0,    0,    0,    0,    0,    0,    0,    0,    0,    0,    0,    0,    0,    0,    0,    0,    0,    0,    0,    0,    0,    0,    0,    0,    0,    0,    0,    0,    0,    0,    0,    0,    0,    0,    0,    0,    0,    0,    0,    0,    0,    0,    0,    0,    0,    0,    0,    0,    0,    0,    0,    0,    0,    0,    0,    0,    0,    0,    0,    0,    0,    0,    0,    0,    0,    0,    0,    0,    0,    0,    0,    0,    0,    0,    0,    0,    0,    0,    0,    0,    0,    0,    0,    0,    0,    0,    0,    0,    0,    0,    0,    0,    0,    0,    0,    0,    0,    0,    0,    0,    0,    0,    0,
       0,    0,    0,    0,    7,    7,    0,    0,    0,    0,    0,    0,    0,    0,    0,    0,   20,    7,    0,   13,    7,    7,    0,   -7,   -7,   -7,    0,   13,    0,    0,    0,   20,    7,   20,   20,   27,   13,   20,   20,    0,    0,    7,    0,    7,    7,   33,    7,   33,    7,   20,    7,   20,    0,    0,    0,    0,    0,    0,    0,    0,    0,    0,    0,    0,    0,    0,    0,    0,    0,    0,    0,    0,    0,    0,    0,    0,    0,    0,    0,    0,    0,    0,    0,    0,    0,    0,    0,    0,    0,    0,    0,    0,    0,    0,    0,    0,    0,    0,    0,    0,    0,    0,    0,    0,    0,    0,    0,    0,    0,    0,    0,    0,    0,    0,    0,    0,    0,    0,    0,    0,    0,    0,    0,    0,    0,    0,    0,    0,    0,    0,    0,    0,    0,    0,    0,    0,    0,    0,    0,    0,    0,    0,    0,    0,    0,    0,    0,    0,    0,    0,    0,    0,    0,    0,    0,
     -37,    0,  -13,    0,  -13,    7,   -7,    0,    0,    0,    0,    0,  -20,   -7,   -7,  -13,   -7,    0,    0,   13,   -7,    0,    0,  -13,   -7,  -13,  -33,    0,  -20,  -20,  -20,    0,  -20,    0,    0,    0,    0,    0,   -7,  -20,  -20,  -13,  -20,  -13,  -20,    0,  -20,    0,  -20,    0,    0,    0,    0,    0,    0,    0,    0,    0,    0,    0,    0,    0,    0,    0,    0,    0,    0,    0,    0,    0,    0,    0,    0,    0,    0,    0,    0,    0,    0,    0,    0,    0,    0,    0,    0,    0,    0,    0,    0,    0,    0,    0,    0,    0,    0,    0,    0,    0,    0,    0,    0,    0,    0,    0,    0,    0,    0,    0,    0,    0,    0,    0,    0,    0,    0,    0,    0,    0,    0,    0,    0,    0,    0,    0,    0,    0,    0,    0,    0,    0,    0,    0,    0,    0,    0,    0,    0,    0,    0,    0,    0,    0,    0,    0,    0,    0,    0,    0,    0,    0,    0,    0,    0,    0,    0,
     -13,    0,    0,   13,    0,   13,    0,    0,    7,   13,    0,    7,   -7,    0,    0,    0,    0,    0,    7,   20,    0,    7,    0,   -7,    7,   -7,    0,   13,    0,   -7,    7,   20,    0,   20,   20,   27,   13,   27,    7,    0,    0,    0,    0,    0,    0,   27,    0,   20,    0,   13,   13,   20,    0,    0,    0,    0,    0,    0,    0,    0,    0,    0,    0,    0,    0,    0,    0,    0,    0,    0,    0,    0,    0,    0,    0,    0,    0,    0,    0,    0,    0,    0,    0,    0,    0,    0,    0,    0,    0,    0,    0,    0,    0,    0,    0,    0,    0,    0,    0,    0,    0,    0,    0,    0,    0,    0,    0,    0,    0,    0,    0,    0,    0,    0,    0,    0,    0,    0,    0,    0,    0,    0,    0,    0,    0,    0,    0,    0,    0,    0,    0,    0,    0,    0,    0,    0,    0,    0,    0,    0,    0,    0,    0,    0,    0,    0,    0,    0,    0,    0,    0,    0,    0,    0,    0,
     -17,    0,  -13,    0,   -7,    0,  -13,    0,   -7,    0,    0,    0,  -17,   -7,  -13,   -7,  -17,    0,  -13,    0,  -13,    0,    0,  -20,  -13,    0,    0,    0,    0,    0,   -7,    7,   -7,    0,    7,   20,    7,   13,    7,    0,   -7,    7,  -27,    0,    0,    0,  -20,  -13,  -20,    7,  -13,   20,    0,    0,    0,    0,    0,    0,    0,    0,    0,    0,    0,    0,    0,    0,    0,    0,    0,    0,    0,    0,    0,    0,    0,    0,    0,    0,    0,    0,    0,    0,    0,    0,    0,    0,    0,    0,    0,    0,    0,    0,    0,    0,    0,    0,    0,    0,    0,    0,    0,    0,    0,    0,    0,    0,    0,    0,    0,    0,    0,    0,    0,    0,    0,    0,    0,    0,    0,    0,    0,    0,    0,    0,    0,    0,    0,    0,    0,    0,    0,    0,    0,    0,    0,    0,    0,    0,    0,    0,    0,    0,    0,    0,    0,    0,    0,    0,    0,    0,    0,    0,    0,    0,    0,
     -37,    0,  -20,    7,  -20,   13,  -20,   -7,    7,    7,    0,    0,  -23,    0,  -13,   -7,   -7,   -7,   -7,  -10,    0,    0,    0,  -20,   -7,  -27,  -47,    0,  -40,  -40,  -40,    0,  -40,    0,    0,    0,    0,    0,  -20,  -40,  -40,  -33,  -40,  -40,  -40,    0,  -40,  -13,  -33,  -33,  -27,  -20,    0,    0,    0,    0,    0,    0,    0,    0,    0,    0,    0,    0,    0,    0,    0,    0,    0,    0,    0,    0,    0,    0,    0,    0,    0,    0,    0,    0,    0,    0,    0,    0,    0,    0,    0,    0,    0,    0,    0,    0,    0,    0,    0,    0,    0,    0,    0,    0,    0,    0,    0,    0,    0,    0,    0,    0,    0,    0,    0,    0,    0,    0,    0,    0,    0,    0,    0,    0,    0,    0,    0,    0,    0,    0,    0,    0,    0,    0,    0,    0,    0,    0,    0,    0,    0,    0,    0,    0,    0,    0,    0,    0,    0,    0,    0,    0,    0,    0,    0,    0,    0,    0,    0,
     -13,   -7,  -13,   -7,  -13,    0,  -13,    0,    0,    0,    0,   -7,    0,    0,  -20,   -7,   -7,   -7,  -13,    0,   -7,    0,   -7,   -7,  -13,   -7,  -13,   -7,   -7,  -20,  -27,    0,  -27,    0,    0,    7,    7,    0,   -7,  -33,  -20,   -7,  -33,  -27,  -20,   -7,  -20,  -13,  -27,   -7,  -20,    7,    0,    0,    0,    0,    0,    0,    0,    0,    0,    0,    0,    0,    0,    0,    0,    0,    0,    0,    0,    0,    0,    0,    0,    0,    0,    0,    0,    0,    0,    0,    0,    0,    0,    0,    0,    0,    0,    0,    0,    0,    0,    0,    0,    0,    0,    0,    0,    0,    0,    0,    0,    0,    0,    0,    0,    0,    0,    0,    0,    0,    0,    0,    0,    0,    0,    0,    0,    0,    0,    0,    0,    0,    0,    0,    0,    0,    0,    0,    0,    0,    0,    0,    0,    0,    0,    0,    0,    0,    0,    0,    0,    0,    0,    0,    0,    0,    0,    0,    0,    0,    0,    0,    0,
       0,    0,    0,    0,    0,    0,    0,    0,    0,    0,    0,    0,    0,    0,    0,    0,    0,    0,    0,    0,    0,    0,    0,    0,    0,    0,    0,    0,    0,    0,    0,    0,    0,    0,    0,    0,    0,    0,    0,    0,    0,    0,    0,    0,    0,    0,    0,  -13,   -7,    0,  -13,    0,    0,    0,    0,    0,    0,    0,    0,    0,    0,    0,    0,    0,    0,    0,    0,    0,    0,    0,    0,    0,    0,    0,    0,    0,    0,    0,    0,    0,    0,    0,    0,    0,    0,    0,    0,    0,    0,    0,    0,    0,    0,    0,    0,    0,    0,    0,    0,    0,    0,    0,    0,    0,    0,    0,    0,    0,    0,    0,    0,    0,    0,    0,    0,    0,    0,    0,    0,    0,    0,    0,    0,    0,    0,    0,    0,    0,    0,    0,    0,    0,    0,    0,    0,    0,    0,    0,    0,    0,    0,    0,    0,    0,    0,    0,    0,    0,    0,    0,    0,    0,    0,    0,    0,
       0,    0,    0,    0,    0,    0,    0,    0,    0,    0,    0,    0,    0,    0,    0,    0,    0,    0,    0,    0,    0,    0,    0,    0,    0,    0,   -7,    0,   -7,   -7,    0,    0,    0,   -3,    0,   -3,    0,    0,    0,    0,    0,    0,    0,    0,    0,    0,   -7,    0,    0,   -7,   -7,    0,    0,    0,    0,    0,    0,    0,    0,    0,    0,    0,    0,    0,    0,    0,    0,    0,    0,    0,    0,    0,    0,    0,    0,    0,    0,    0,    0,    0,    0,    0,    0,    0,    0,    0,    0,    0,    0,    0,    0,    0,    0,    0,    0,    0,    0,    0,    0,    0,    0,    0,    0,    0,    0,    0,    0,    0,    0,    0,    0,    0,    0,    0,    0,    0,    0,    0,    0,    0,    0,    0,    0,    0,    0,    0,    0,    0,    0,    0,    0,    0,    0,    0,    0,    0,    0,    0,    0,    0,    0,    0,    0,    0,    0,    0,    0,    0,    0,    0,    0,    0,    0,    0,    0,
       0,    0,    0,    0,    0,    0,    0,    0,    0,    0,    0,    0,    0,    0,    0,    0,    0,    0,    0,    0,    0,    0,    0,    0,    0,    0,    0,    0,    0,    0,    0,    0,    0,    0,    0,    0,    0,    7,    0,    0,    0,    0,    0,    0,    0,    0,    0,    0,   -7,    0,   -3,    0,    0,    0,    0,    0,    0,    0,    0,    0,    0,    0,    0,    0,    0,    0,    0,    0,    0,    0,    0,    0,    0,    0,    0,    0,    0,    0,    0,    0,    0,    0,    0,    0,    0,    0,    0,    0,    0,    0,    0,    0,    0,    0,    0,    0,    0,    0,    0,    0,    0,    0,    0,    0,    0,    0,    0,    0,    0,    0,    0,    0,    0,    0,    0,    0,    0,    0,    0,    0,    0,    0,    0,    0,    0,    0,    0,    0,    0,    0,    0,    0,    0,    0,    0,    0,    0,    0,    0,    0,    0,    0,    0,    0,    0,    0,    0,    0,    0,    0,    0,    0,    0,    0,    0,
       0,    0,    0,    0,    0,    0,    0,    0,    0,    0,    0,    0,    0,    0,    0,    0,    0,    0,    0,    0,    0,    0,    0,    0,    0,    0,    0,    0,    0,    0,    0,    0,    0,    0,    0,    0,    0,    0,    0,   -7,    0,    0,    0,    0,    0,    7,   -7,    0,    0,    0,    0,    0,    0,    0,    0,    0,    0,    0,    0,    0,    0,    0,    0,    0,    0,    0,    0,    0,    0,    0,    0,    0,    0,    0,    0,    0,    0,    0,    0,    0,    0,    0,    0,    0,    0,    0,    0,    0,    0,    0,    0,    0,    0,    0,    0,    0,    0,    0,    0,    0,    0,    0,    0,    0,    0,    0,    0,    0,    0,    0,    0,    0,    0,    0,    0,    0,    0,    0,    0,    0,    0,    0,    0,    0,    0,    0,    0,    0,    0,    0,    0,    0,    0,    0,    0,    0,    0,    0,    0,    0,    0,    0,    0,    0,    0,    0,    0,    0,    0,    0,    0,    0,    0,    0,    0,
       0,    0,    0,    0,    0,    0,    0,    0,    0,    0,    0,    0,    0,    0,    0,    0,    0,    0,    0,    0,    0,    0,    0,    0,    0,    0,    0,    0,    0,    0,    0,    0,    0,    0,    0,    0,    0,    7,    0,    0,    0,    0,    0,    0,    0,    0,    0,    0,    0,    0,    0,    0,    0,    0,    0,    0,    0,    0,    0,    0,    0,    0,    0,    0,    0,    0,    0,    0,    0,    0,    0,    0,    0,    0,    0,    0,    0,    0,    0,    0,    0,    0,    0,    0,    0,    0,    0,    0,    0,    0,    0,    0,    0,    0,    0,    0,    0,    0,    0,    0,    0,    0,    0,    0,    0,    0,    0,    0,    0,    0,    0,    0,    0,    0,    0,    0,    0,    0,    0,    0,    0,    0,    0,    0,    0,    0,    0,    0,    0,    0,    0,    0,    0,    0,    0,    0,    0,    0,    0,    0,    0,    0,    0,    0,    0,    0,    0,    0,    0,    0,    0,    0,    0,    0,    0,
       0,    0,    0,    0,    0,    0,    0,    0,    0,    0,    0,    0,    0,    0,    0,    0,    0,    0,    0,    0,    0,    0,    0,    0,    0,    0,   -7,    0,    0,    0,    0,    7,    0,    7,    7,    7,    0,   13,    7,    0,    0,    0,    0,    0,    0,   27,    0,    7,    0,    0,    7,    0,    0,    0,    0,    0,    0,    0,    0,    0,    0,    0,    0,    0,    0,    0,    0,    0,    0,    0,    0,    0,    0,    0,    0,    0,    0,    0,    0,    0,    0,    0,    0,    0,    0,    0,    0,    0,    0,    0,    0,    0,    0,    0,    0,    0,    0,    0,    0,    0,    0,    0,    0,    0,    0,    0,    0,    0,    0,    0,    0,    0,    0,    0,    0,    0,    0,    0,    0,    0,    0,    0,    0,    0,    0,    0,    0,    0,    0,    0,    0,    0,    0,    0,    0,    0,    0,    0,    0,    0,    0,    0,    0,    0,    0,    0,    0,    0,    0,    0,    0,    0,    0,    0,    0,
       0,    0,    0,    0,    0,    0,    0,    0,    0,    0,    0,    0,    0,    0,    0,    0,    0,    0,    0,    0,    0,    0,    0,    0,    0,    0,    0,    0,    0,    0,    0,    0,    0,    0,    7,    0,    0,    0,    0,    0,    0,    0,    0,    0,    0,    0,    0,    0,    0,    0,    7,    0,    0,    0,    0,    0,    0,    0,    0,    0,    0,    0,    0,    0,    0,    0,    0,    0,    0,    0,    0,    0,    0,    0,    0,    0,    0,    0,    0,    0,    0,    0,    0,    0,    0,    0,    0,    0,    0,    0,    0,    0,    0,    0,    0,    0,    0,    0,    0,    0,    0,    0,    0,    0,    0,    0,    0,    0,    0,    0,    0,    0,    0,    0,    0,    0,    0,    0,    0,    0,    0,    0,    0,    0,    0,    0,    0,    0,    0,    0,    0,    0,    0,    0,    0,    0,    0,    0,    0,    0,    0,    0,    0,    0,    0,    0,    0,    0,    0,    0,    0,    0,    0,    0,    0,
       0,    0,    0,    0,    0,    0,    0,    0,    0,    0,    0,    0,    0,    0,    0,    0,    0,    0,    0,    0,    0,    0,    0,    0,    0,    0,    0,    0,    0,    0,    0,   -7,  -13,    0,    0,    0,    0,    0,    0,    0,    0,    0,   -7,    0,   -7,    0,    0,  -20,  -10,    0,  -20,    0,    0,    0,    0,    0,    0,    0,    0,    0,    0,    0,    0,    0,    0,    0,    0,    0,    0,    0,    0,    0,    0,    0,    0,    0,    0,    0,    0,    0,    0,    0,    0,    0,    0,    0,    0,    0,    0,    0,    0,    0,    0,    0,    0,    0,    0,    0,    0,    0,    0,    0,    0,    0,    0,    0,    0,    0,    0,    0,    0,    0,    0,    0,    0,    0,    0,    0,    0,    0,    0,    0,    0,    0,    0,    0,    0,    0,    0,    0,    0,    0,    0,    0,    0,    0,    0,    0,    0,    0,    0,    0,    0,    0,    0,    0,    0,    0,    0,    0,    0,    0,    0,    0,    0,
       0,    0,    0,    0,    0,    0,    0,    0,    0,    0,    0,    0,    0,    0,    0,    0,    0,    0,    0,    0,    0,    0,    0,    0,    0,    0,    0,    0,    0,    0,    0,    7,    0,    0,    0,    0,    0,    0,    0,    0,    0,    0,    0,    0,    0,    0,    0,    7,    0,    0,    0,    0,    0,    0,    0,    0,    0,    0,    0,    0,    0,    0,    0,    0,    0,    0,    0,    0,    0,    0,    0,    0,    0,    0,    0,    0,    0,    0,    0,    0,    0,    0,    0,    0,    0,    0,    0,    0,    0,    0,    0,    0,    0,    0,    0,    0,    0,    0,    0,    0,    0,    0,    0,    0,    0,    0,    0,    0,    0,    0,    0,    0,    0,    0,    0,    0,    0,    0,    0,    0,    0,    0,    0,    0,    0,    0,    0,    0,    0,    0,    0,    0,    0,    0,    0,    0,    0,    0,    0,    0,    0,    0,    0,    0,    0,    0,    0,    0,    0,    0,    0,    0,    0,    0,    0,
       0,    0,    0,    0,    0,    0,    0,    0,    0,    0,    0,    0,    0,    0,    0,    0,    0,    0,    0,    0,    0,    0,    0,    0,    0,    0,    0,    0,    0,    0,    0,    0,    0,    0,    0,    0,    0,    0,    0,    0,    0,    0,    0,    0,    0,    7,   -7,    0,    0,    7,    7,    7,    0,    0,    0,    0,    0,    0,    0,    0,    0,    0,    0,    0,    0,    0,    0,    0,    0,    0,    0,    0,    0,    0,    0,    0,    0,    0,    0,    0,    0,    0,    0,    0,    0,    0,    0,    0,    0,    0,    0,    0,    0,    0,    0,    0,    0,    0,    0,    0,    0,    0,    0,    0,    0,    0,    0,    0,    0,    0,    0,    0,    0,    0,    0,    0,    0,    0,    0,    0,    0,    0,    0,    0,    0,    0,    0,    0,    0,    0,    0,    0,    0,    0,    0,    0,    0,    0,    0,    0,    0,    0,    0,    0,    0,    0,    0,    0,    0,    0,    0,    0,    0,    0,    0,
       0,    0,    0,    0,    0,    0,    0,    0,    0,    0,    0,    0,    0,    0,    0,    0,    0,    0,    0,    0,    0,    0,    0,    0,    0,    0,    0,    0,   13,    0,    7,   13,    0,    7,    7,    0,   13,   13,    7,    0,    7,    0,    0,    7,    0,    7,    7,    7,    0,    0,   -7,    7,    0,    0,    0,    0,    0,    0,    0,    0,    0,    0,    0,    0,    0,    0,    0,    0,    0,    0,    0,    0,    0,    0,    0,    0,    0,    0,    0,    0,    0,    0,    0,    0,    0,    0,    0,    0,    0,    0,    0,    0,    0,    0,    0,    0,    0,    0,    0,    0,    0,    0,    0,    0,    0,    0,    0,    0,    0,    0,    0,    0,    0,    0,    0,    0,    0,    0,    0,    0,    0,    0,    0,    0,    0,    0,    0,    0,    0,    0,    0,    0,    0,    0,    0,    0,    0,    0,    0,    0,    0,    0,    0,    0,    0,    0,    0,    0,    0,    0,    0,    0,    0,    0,    0,
       0,    0,    0,    0,    0,    0,    0,    0,    0,    0,    0,    0,    0,    0,    0,    0,    0,    0,    0,    0,    0,    0,    0,    0,    0,    0,    0,    0,    0,    0,    0,    0,    0,    0,    0,    0,    0,    7,    0,    0,    0,    0,    0,    0,    0,    7,    0,    0,    0,    0,    0,   13,    0,    0,    0,    0,    0,    0,    0,    0,    0,    0,    0,    0,    0,    0,    0,    0,    0,    0,    0,    0,    0,    0,    0,    0,    0,    0,    0,    0,    0,    0,    0,    0,    0,    0,    0,    0,    0,    0,    0,    0,    0,    0,    0,    0,    0,    0,    0,    0,    0,    0,    0,    0,    0,    0,    0,    0,    0,    0,    0,    0,    0,    0,    0,    0,    0,    0,    0,    0,    0,    0,    0,    0,    0,    0,    0,    0,    0,    0,    0,    0,    0,    0,    0,    0,    0,    0,    0,    0,    0,    0,    0,    0,    0,    0,    0,    0,    0,    0,    0,    0,    0,    0,    0,
       0,    0,    0,    0,    0,    0,    0,    0,    0,    0,    0,    0,    0,    0,    0,    0,    0,    0,    0,    0,    0,    0,    0,    0,    0,    0,    0,    0,    0,    7,    0,    0,    0,    0,    0,    0,    0,    0,    0,    0,   13,    0,    0,    0,    0,    0,    0,  -10,   -7,    0,   -7,    0,    0,    0,    0,    0,    0,    0,    0,    0,    0,    0,    0,    0,    0,    0,    0,    0,    0,    0,    0,    0,    0,    0,    0,    0,    0,    0,    0,    0,    0,    0,    0,    0,    0,    0,    0,    0,    0,    0,    0,    0,    0,    0,    0,    0,    0,    0,    0,    0,    0,    0,    0,    0,    0,    0,    0,    0,    0,    0,    0,    0,    0,    0,    0,    0,    0,    0,    0,    0,    0,    0,    0,    0,    0,    0,    0,    0,    0,    0,    0,    0,    0,    0,    0,    0,    0,    0,    0,    0,    0,    0,    0,    0,    0,    0,    0,    0,    0,    0,    0,    0,    0,    0,    0,
       0,    0,    0,    0,    0,    0,    0,    0,    0,    0,    0,    0,    0,    0,    0,    0,    0,    0,    0,    0,    0,    0,    0,    0,    0,    0,    0,  -10,    0,    0,    0,    0,    0,    0,    0,    0,    0,    0,    0,    0,    0,    0,    0,    0,   -3,   -7,   -7,  -13,  -13,    0,  -13,    0,    0,    0,    0,    0,    0,    0,    0,    0,    0,    0,    0,    0,    0,    0,    0,    0,    0,    0,    0,    0,    0,    0,    0,    0,    0,    0,    0,    0,    0,    0,    0,    0,    0,    0,    0,    0,    0,    0,    0,    0,    0,    0,    0,    0,    0,    0,    0,    0,    0,    0,    0,    0,    0,    0,    0,    0,    0,    0,    0,    0,    0,    0,    0,    0,    0,    0,    0,    0,    0,    0,    0,    0,    0,    0,    0,    0,    0,    0,    0,    0,    0,    0,    0,    0,    0,    0,    0,    0,    0,    0,    0,    0,    0,    0,    0,    0,    0,    0,    0,    0,    0,    0,    0,
       0,    0,    0,    0,    0,    0,    0,    0,    0,    0,    0,    0,    0,    0,    0,    0,    0,    0,    0,    0,    0,    0,    0,    0,    0,    0,    0,    0,    0,    0,    0,    0,    0,    0,    0,   -3,    0,    0,    0,    0,    0,    0,    0,    0,    0,    0,   -7,    3,   -7,    0,   -7,    0,    0,    0,    0,    0,    0,    0,    0,    0,    0,    0,    0,    0,    0,    0,    0,    0,    0,    0,    0,    0,    0,    0,    0,    0,    0,    0,    0,    0,    0,    0,    0,    0,    0,    0,    0,    0,    0,    0,    0,    0,    0,    0,    0,    0,    0,    0,    0,    0,    0,    0,    0,    0,    0,    0,    0,    0,    0,    0,    0,    0,    0,    0,    0,    0,    0,    0,    0,    0,    0,    0,    0,    0,    0,    0,    0,    0,    0,    0,    0,    0,    0,    0,    0,    0,    0,    0,    0,    0,    0,    0,    0,    0,    0,    0,    0,    0,    0,    0,    0,    0,    0,    0,    0,
       0,    0,    0,    0,    0,    0,    0,    0,    0,    0,    0,    0,    0,    0,    0,    0,    0,    0,    0,    0,    0,    0,    0,    0,    0,    0,    0,    0,    0,    0,    0,    0,    0,    0,    0,    0,    0,    0,    0,   -7,    0,    0,    0,    0,    0,    0,   -7,    0,    0,    0,   -7,    0,    0,    0,    0,    0,    0,    0,    0,    0,    0,    0,    0,    0,    0,    0,    0,    0,    0,    0,    0,    0,    0,    0,    0,    0,    0,    0,    0,    0,    0,    0,    0,    0,    0,    0,    0,    0,    0,    0,    0,    0,    0,    0,    0,    0,    0,    0,    0,    0,    0,    0,    0,    0,    0,    0,    0,    0,    0,    0,    0,    0,    0,    0,    0,    0,    0,    0,    0,    0,    0,    0,    0,    0,    0,    0,    0,    0,    0,    0,    0,    0,    0,    0,    0,    0,    0,    0,    0,    0,    0,    0,    0,    0,    0,    0,    0,    0,    0,    0,    0,    0,    0,    0,    0,
       0,    0,    0,    0,    0,    0,    0,    0,    0,    0,    0,    0,    0,    0,    0,    0,    0,    0,    0,    0,    0,    0,    0,    0,    0,    0,    0,    0,    0,    0,    0,    0,    0,   -7,    0,    7,    0,    0,    0,   -7,   -7,    0,    0,    0,    0,    0,   -7,    0,    0,    0,    0,    0,    0,    0,    0,    0,    0,    0,    0,    0,    0,    0,    0,    0,    0,    0,    0,    0,    0,    0,    0,    0,    0,    0,    0,    0,    0,    0,    0,    0,    0,    0,    0,    0,    0,    0,    0,    0,    0,    0,    0,    0,    0,    0,    0,    0,    0,    0,    0,    0,    0,    0,    0,    0,    0,    0,    0,    0,    0,    0,    0,    0,    0,    0,    0,    0,    0,    0,    0,    0,    0,    0,    0,    0,    0,    0,    0,    0,    0,    0,    0,    0,    0,    0,    0,    0,    0,    0,    0,    0,    0,    0,    0,    0,    0,    0,    0,    0,    0,    0,    0,    0,    0,    0,    0,
       0,    0,    0,    0,    0,    0,    0,    0,    0,    0,    0,    0,    0,    0,    0,    0,    0,    0,    0,    0,    0,    0,    0,    0,    0,    0,   -3,    0,    0,    0,    0,    0,    0,    0,    3,    0,    0,    0,    0,    0,    0,    0,    0,    0,    0,    0,    0,   13,    0,    0,    0,    0,    0,    0,    0,    0,    0,    0,    0,    0,    0,    0,    0,    0,    0,    0,    0,    0,    0,    0,    0,    0,    0,    0,    0,    0,    0,    0,    0,    0,    0,    0,    0,    0,    0,    0,    0,    0,    0,    0,    0,    0,    0,    0,    0,    0,    0,    0,    0,    0,    0,    0,    0,    0,    0,    0,    0,    0,    0,    0,    0,    0,    0,    0,    0,    0,    0,    0,    0,    0,    0,    0,    0,    0,    0,    0,    0,    0,    0,    0,    0,    0,    0,    0,    0,    0,    0,    0,    0,    0,    0,    0,    0,    0,    0,    0,    0,    0,    0,    0,    0,    0,    0,    0,    0,
       0,    0,    0,    0,    0,    0,    0,    0,    0,    0,    0,    0,    0,    0,    0,    0,    0,    0,    0,    0,    0,    0,    0,    0,    0,    0,    0,    0,    0,    0,    0,    7,    0,    0,    0,    0,    0,    0,    0,    0,    0,    0,    0,    0,    0,    7,    0,   13,    0,   10,    0,   13,    0,    0,    0,    0,    0,    0,    0,    0,    0,    0,    0,    0,    0,    0,    0,    0,    0,    0,    0,    0,    0,    0,    0,    0,    0,    0,    0,    0,    0,    0,    0,    0,    0,    0,    0,    0,    0,    0,    0,    0,    0,    0,    0,    0,    0,    0,    0,    0,    0,    0,    0,    0,    0,    0,    0,    0,    0,    0,    0,    0,    0,    0,    0,    0,    0,    0,    0,    0,    0,    0,    0,    0,    0,    0,    0,    0,    0,    0,    0,    0,    0,    0,    0,    0,    0,    0,    0,    0,    0,    0,    0,    0,    0,    0,    0,    0,    0,    0,    0,    0,    0,    0,    0,
       0,    0,    0,    0,    0,    0,    0,    0,    0,    0,    0,    0,    0,    0,    0,    0,    0,    0,    0,    0,    0,    0,    0,    0,    0,    0,    0,    0,    0,    0,    0,    0,    0,    0,    3,    0,    0,    0,    0,    0,    0,    0,    0,    0,    0,    0,    0,    7,    0,   13,    0,   20,    0,    0,    0,    0,    0,    0,    0,    0,    0,    0,    0,    0,    0,    0,    0,    0,    0,    0,    0,    0,    0,    0,    0,    0,    0,    0,    0,    0,    0,    0,    0,    0,    0,    0,    0,    0,    0,    0,    0,    0,    0,    0,    0,    0,    0,    0,    0,    0,    0,    0,    0,    0,    0,    0,    0,    0,    0,    0,    0,    0,    0,    0,    0,    0,    0,    0,    0,    0,    0,    0,    0,    0,    0,    0,    0,    0,    0,    0,    0,    0,    0,    0,    0,    0,    0,    0,    0,    0,    0,    0,    0,    0,    0,    0,    0,    0,    0,    0,    0,    0,    0,    0,    0,
       0,    0,    0,    0,    0,    0,    0,    0,    0,    0,    0,    0,    0,    0,    0,    0,    0,    0,    0,    0,    0,    0,    0,    0,    0,    0,    0,   -7,    0,    0,    0,    7,    0,    0,    7,    0,    7,    7,    0,    0,    0,    0,    0,    0,    0,    0,    0,    0,    0,    7,    0,   20,    0,    0,    0,    0,    0,    0,    0,    0,    0,    0,    0,    0,    0,    0,    0,    0,    0,    0,    0,    0,    0,    0,    0,    0,    0,    0,    0,    0,    0,    0,    0,    0,    0,    0,    0,    0,    0,    0,    0,    0,    0,    0,    0,    0,    0,    0,    0,    0,    0,    0,    0,    0,    0,    0,    0,    0,    0,    0,    0,    0,    0,    0,    0,    0,    0,    0,    0,    0,    0,    0,    0,    0,    0,    0,    0,    0,    0,    0,    0,    0,    0,    0,    0,    0,    0,    0,    0,    0,    0,    0,    0,    0,    0,    0,    0,    0,    0,    0,    0,    0,    0,    0,    0,
       0,    0,    0,    0,    0,    0,    0,    0,    0,    0,    0,    0,    0,    0,    0,    0,    0,    0,    0,    0,    0,    0,    0,    0,    0,    0,   -7,    0,    0,    0,    0,    7,    0,    0,    7,    0,    0,    0,    0,    0,    0,    0,    0,    0,    0,    7,    0,   13,    0,   13,    7,    7,    0,    0,    0,    0,    0,    0,    0,    0,    0,    0,    0,    0,    0,    0,    0,    0,    0,    0,    0,    0,    0,    0,    0,    0,    0,    0,    0,    0,    0,    0,    0,    0,    0,    0,    0,    0,    0,    0,    0,    0,    0,    0,    0,    0,    0,    0,    0,    0,    0,    0,    0,    0,    0,    0,    0,    0,    0,    0,    0,    0,    0,    0,    0,    0,    0,    0,    0,    0,    0,    0,    0,    0,    0,    0,    0,    0,    0,    0,    0,    0,    0,    0,    0,    0,    0,    0,    0,    0,    0,    0,    0,    0,    0,    0,    0,    0,    0,    0,    0,    0,    0,    0,    0,
       0,    0,    0,    0,    0,    0,    0,    0,    0,    0,    0,    0,    0,    0,    0,    0,    0,    0,    0,    0,    0,    0,    0,    0,    0,    0,    0,    0,    0,    0,    0,    0,    0,    0,    7,    0,    0,    0,    0,    0,    0,    0,    0,    0,    0,    0,    0,    0,    0,    7,    0,    0,    0,    0,    0,    0,    0,    0,    0,    0,    0,    0,    0,    0,    0,    0,    0,    0,    0,    0,    0,    0,    0,    0,    0,    0,    0,    0,    0,    0,    0,    0,    0,    0,    0,    0,    0,    0,    0,    0,    0,    0,    0,    0,    0,    0,    0,    0,    0,    0,    0,    0,    0,    0,    0,    0,    0,    0,    0,    0,    0,    0,    0,    0,    0,    0,    0,    0,    0,    0,    0,    0,    0,    0,    0,    0,    0,    0,    0,    0,    0,    0,    0,    0,    0,    0,    0,    0,    0,    0,    0,    0,    0,    0,    0,    0,    0,    0,    0,    0,    0,    0,    0,    0,    0,
       0,    0,    0,    0,    0,    0,    0,    0,    0,    0,    0,    0,    0,    0,    0,    0,    0,    0,    0,    0,    0,    0,    0,    0,    0,    0,    0,    0,    0,    0,    0,    7,    0,    0,    7,    0,    7,    7,    0,   -7,    0,    7,   -7,    0,    0,    0,   -3,    7,    0,   10,   -7,    7,    0,    0,    0,    0,    0,    0,    0,    0,    0,    0,    0,    0,    0,    0,    0,    0,    0,    0,    0,    0,    0,    0,    0,    0,    0,    0,    0,    0,    0,    0,    0,    0,    0,    0,    0,    0,    0,    0,    0,    0,    0,    0,    0,    0,    0,    0,    0,    0,    0,    0,    0,    0,    0,    0,    0,    0,    0,    0,    0,    0,    0,    0,    0,    0,    0,    0,    0,    0,    0,    0,    0,    0,    0,    0,    0,    0,    0,    0,    0,    0,    0,    0,    0,    0,    0,    0,    0,    0,    0,    0,    0,    0,    0,    0,    0,    0,    0,    0,    0,    0,    0,    0,    0,
       0,    0,    0,    0,    0,    0,    0,    0,    0,    0,    0,    0,    0,    0,    0,    0,    0,    0,    0,    0,    0,    0,    0,    0,    0,    0,   -7,    0,    0,   -7,    7,    0,    0,    0,    0,    0,    0,    0,    0,   -7,    0,    0,    0,    0,    0,    7,   -7,    7,    0,    7,    0,    0,    0,    0,    0,    0,    0,    0,    0,    0,    0,    0,    0,    0,    0,    0,    0,    0,    0,    0,    0,    0,    0,    0,    0,    0,    0,    0,    0,    0,    0,    0,    0,    0,    0,    0,    0,    0,    0,    0,    0,    0,    0,    0,    0,    0,    0,    0,    0,    0,    0,    0,    0,    0,    0,    0,    0,    0,    0,    0,    0,    0,    0,    0,    0,    0,    0,    0,    0,    0,    0,    0,    0,    0,    0,    0,    0,    0,    0,    0,    0,    0,    0,    0,    0,    0,    0,    0,    0,    0,    0,    0,    0,    0,    0,    0,    0,    0,    0,    0,    0,    0,    0,    0,    0,
       0,    0,    0,    0,    0,    0,    0,    0,    0,    0,    0,    0,    0,    0,    0,    0,    0,    0,    0,    0,    0,    0,    0,    0,    0,    0,    0,    0,    0,    0,    0,    7,    0,    0,    7,    0,    0,    0,    0,    0,    0,    0,    0,    0,    0,    7,    0,    7,    0,    7,    0,   13,    0,    0,    0,    0,    0,    0,    0,    0,    0,    0,    0,    0,    0,    0,    0,    0,    0,    0,    0,    0,    0,    0,    0,    0,    0,    0,    0,    0,    0,    0,    0,    0,    0,    0,    0,    0,    0,    0,    0,    0,    0,    0,    0,    0,    0,    0,    0,    0,    0,    0,    0,    0,    0,    0,    0,    0,    0,    0,    0,    0,    0,    0,    0,    0,    0,    0,    0,    0,    0,    0,    0,    0,    0,    0,    0,    0,    0,    0,    0,    0,    0,    0,    0,    0,    0,    0,    0,    0,    0,    0,    0,    0,    0,    0,    0,    0,    0,    0,    0,    0,    0,    0,    0,
       0,    0,    0,    0,    0,    0,    0,    0,    0,    0,    0,    0,    0,    0,    0,    0,    0,    0,    0,    0,    0,    0,    0,    0,    0,    0,    0,    0,    0,    0,    0,    0,    0,    0,    0,    0,    0,    0,    0,    0,    0,    0,    0,    0,    0,    0,    0,    0,    0,    0,    0,    0,  -28,    0,    0,    0,    0,    0,    0,    0,    0,    0,    0,    0,    0,    0,    0,    0,    0,    0,    0,    0,    0,    0,    0,    0,    0,    0,    0,    0,    0,    0,    0,    0,    0,    0,    0,    0,    0,    0,    0,    0,    0,    0,    0,    0,    0,    0,    0,    0,    0,    0,    0,    0,    0,    0,    0,    0,    0,    0,    0,    0,    0,    0,    0,    0,    0,    0,    0,    0,    0,    0,    0,    0,    0,    0,    0,    0,    0,    0,    0,    0,    0,    0,    0,    0,    0,    0,    0,    0,    0,    0,    0,    0,    0,    0,    0,    0,    0,    0,    0,    0,    0,    0,    0,
       0,    0,    0,    0,    0,    0,    0,    0,    0,    0,    0,    0,    0,    0,    0,    0,    0,    0,    0,    0,    0,    0,    0,    0,    0,    0,    0,    0,    0,    0,    0,    0,    0,    0,    0,    0,    0,    0,    0,    0,    0,    0,    0,    0,    0,    0,    0,    0,    0,    0,    0,    0,    0,   20,    7,    0,    0,    0,    0,    0,    0,    0,    7,    0,   20,    0,    0,    0,    0,    0,    0,    0,    0,    7,    0,    0,    0,    0,    0,    0,   -7,    0,    0,    0,    0,   -7,    0,    0,   -7,   -7,    0,    0,    0,    0,   -7,   -7,    7,   -7,    0,   -7,    0,    7,    0,    0,    0,    0,    0,    0,    0,    0,    0,    0,    0,    0,   13,    0,    0,    0,    0,    0,    0,    0,    0,   20,    0,    0,    0,    0,    0,    0,    0,    0,    0,    0,    0,    0,    0,    0,    0,    0,    0,    0,    0,    0,    0,    0,    0,    0,    0,    0,    0,    0,    0,    0,    0,
       0,    0,    0,    0,    0,    0,    0,    0,    0,    0,    0,    0,    0,    0,    0,    0,    0,    0,    0,    0,    0,    0,    0,    0,    0,    0,    0,    0,    0,    0,    0,    0,    0,    0,    0,    0,    0,    0,    0,    0,    0,    0,    0,    0,    0,    0,    0,    0,    0,    0,    0,    0,    0,    7,    0,    0,    0,    0,   -2,   -7,    0,   -5,    0,    0,    7,   -7,  -13,    0,   -2,  -13,  -33,  -13,    0,   -7,   -5,  -22,    0,    0,   -5,    0,    0,    0,    0,    0,    0,    0,    0,    0,   -7,   -7,   -2,    0,    0,    0,    0,   -7,    0,    0,    0,    2,    0,    7,    0,    0,    0,    0,    0,    0,    0,    0,    0,    0,    0,    0,    0,    0,    0,    0,    0,    0,   -2,    0,    0,  -43,    0,    0,    0,    0,    0,    0,    0,    0,    0,    0,    0,    0,    0,    0,    0,    0,    0,    0,    0,    0,    0,    0,    0,    0,    0,    0,    0,    0,    0,    0,    0,
       0,    0,    0,    0,    0,    0,    0,    0,    0,    0,    0,    0,    0,    0,    0,    0,    0,    0,    0,    0,    0,    0,    0,    0,    0,    0,    0,    0,    0,    0,    0,    0,    0,    0,    0,    0,    0,    0,    0,    0,    0,    0,    0,    0,    0,    0,    0,    0,    0,    0,    0,    0,    0,    0,    0,    0,    0,    0,  -27,    0,    0,   -5,    0,  -11,    5,    0,    0,    0,    0,    0,    5,   -9,    0,    0,   -9,  -31,    0,    0,    0,  -13,    0,    0,    0,    0,    0,    0,    0,    0,    0,    0,    0,    0,    0,    0,    0,    0,    0,    0,    0,    0,    0,    0,    0,    0,    0,    0,    0,    0,    0,    0,    0,    0,    0,    0,    0,    0,    0,    0,    0,    0,    0,    0,    0,    0,    0,    0,    0,    0,    0,    0,    0,    0,    0,    0,    0,    0,    0,    0,    0,    0,    0,    0,    0,    0,    0,    0,    0,    0,    0,    0,    0,    0,    0,    0,    0,
       0,    0,    0,    0,    0,    0,    0,    0,    0,    0,    0,    0,    0,    0,    0,    0,    0,    0,    0,    0,    0,    0,    0,    0,    0,    0,    0,    0,    0,    0,    0,    0,    0,    0,    0,    0,    0,    0,    0,    0,    0,    0,    0,    0,    0,    0,    0,    0,    0,    0,    0,    0,    0,   -7,    9,    0,    0,    0,    0,    0,   18,   11,    0,    9,    5,    0,    0,    0,    2,  -13,   -9,    0,    0,  -15,    0,   -5,    0,    0,    0,    0,    0,    0,    0,    0,    0,    0,    0,    0,    0,    0,    0,    0,    0,    0,   22,    7,    0,    0,    7,    0,    0,    7,    0,    0,    0,    0,    0,    0,    0,    0,    0,    0,    0,   22,    7,    0,    0,    0,    0,    0,    0,    0,    0,  -43,   22,    0,    0,    0,    0,    0,    0,    0,    0,    0,    0,    0,    0,    0,    0,    0,    0,    0,    0,    0,    0,    0,    0,    0,    0,    0,    0,    0,    0,    0,    0,
       0,    0,    0,    0,    0,    0,    0,    0,    0,    0,    0,    0,    0,    0,    0,    0,    0,    0,    0,    0,    0,    0,    0,    0,    0,    0,   -2,    0,    0,    0,    0,    0,    0,    0,    0,    0,    0,    0,    0,    0,    0,    0,    0,    0,    0,    0,    0,    0,    0,    0,    0,    0,    0,    0,  -18,    0,   -7,    0,  -60,   -9,    0,  -15,    0,   -2,  -35,    0,   -9,    0,    0,    0,    0,    0,   -5,   -2,   -7,   -5,    0,    0,    0,  -25, -128,  -35,  -11, -102,    0, -105,  -87,  -87, -128, -128, -109, -113, -128, -128, -128, -128, -125, -128, -128, -128, -128, -128, -128, -128, -128, -128, -118, -128, -128, -128, -120, -102, -122, -128,  -45,  -15, -127, -128, -120,    0, -109,    0, -128,    0, -128,   -9,    0,    0,    0,    0,    0,    0,    0,    0,    0,    0,    0,    0,    0,    0,    0,    0,    0,    0,    0,    0,    0,    0,    0,    0,    0,    0,    0,    0,    0,
       0,    0,    0,    0,    0,    0,    0,    0,    0,    0,    0,    0,    0,    0,    0,    0,    0,    0,    0,    0,    0,    0,    0,    0,    0,    0,    0,    0,    0,    0,    0,    0,    0,    0,    0,    0,    0,    0,    0,    0,    0,    0,    0,    0,    0,    0,    0,    0,    0,    0,    0,    0,    0,    0,    0,    0,    0,    0,    0,   -5,    0,   -2,    0,    0,   13,    0,    0,    0,    0,    5,    0,  -20,   -7,    0,    0,  -20,    0,    0,   -5,   -2,    0,    0,    0,    0,    0,    0,    0,    0,   -9,   -9,    0,    0,    0,    0,    0,    0,    0,    0,    0,   13,    0,    0,    0,    0,    0,    0,    0,    0,    0,    0,    0,    0,    0,    0,    0,    0,   13,    0,    0,    0,    0,    0,    0,    0,    0,    0,    0,    0,    0,    0,    0,    0,    0,    0,    0,    0,    0,    0,    0,    0,    0,    0,    0,    0,    0,    0,    0,    0,    0,    0,    0,    0,    0,    0,    0,
       0,    0,    0,    0,    0,    0,    0,    0,    0,    0,    0,    0,    0,    0,    0,    0,    0,    0,    0,    0,    0,    0,    0,    0,    0,    0,    0,    0,    0,    0,    0,    0,    0,    0,    0,    0,    0,    0,    0,    0,    0,    0,    0,    0,    0,    0,    0,    0,    0,    0,    0,    0,    0,    0,    0,    0,    0,    0,    0,    0,    0,    0,    0,    0,    0,    0,   -7,    0,    0,   -7,   -7,   -5,    0,  -22,    0,    0,    0,    0,    0,   -5,    0,    0,    0,    0,    0,    0,    0,    0,    0,    0,    0,    0,    0,    0,    0,    0,    0,    0,    0,   -7,    0,    7,    0,    0,    0,    0,    0,    0,    0,    0,    0,    0,    0,    0,    0,    0,    0,    0,    0,    0,    0,    0,    0,  -33,    0,    0,    0,    0,    0,    0,    0,    0,    0,    0,    0,    0,    0,    0,    0,    0,    0,    0,    0,    0,    0,    0,    0,    0,    0,    0,    0,    0,    0,    0,    0,
       0,    0,    0,    0,    0,    0,    0,    0,    0,    0,    0,    0,    0,    0,    0,    0,    0,    0,    0,    0,    0,    0,    0,    0,    0,    0,    0,    0,    0,    0,    0,    0,    0,    0,    0,    0,    0,    0,    0,    0,    0,    0,    0,    0,    0,    0,    0,    0,    0,    0,    0,    0,    0,    0,    0,   -2,    0,    0,   -7,    0,    9,   -5,    0,   -2,    9,    0,    0,    0,    0,    0,    0,  -11,  -13,    0,    0,  -15,    0,    0,    0,    0,    0,    0,    0,    0,    0,    0,    0,    0,    0,    0,    0,    0,    0,    0,    0,    0,    0,    0,    0,    0,    0,    0,    0,    0,    0,    0,    0,    0,    0,    0,    0,    0,    0,    0,    0,    0,    0,    0,    0,    0,    0,    0,    0,    0,    0,    0,    0,    0,    0,    0,    0,    0,    0,    0,    0,    0,    0,    0,    0,    0,    0,    0,    0,    0,    0,    0,    0,    0,    0,    0,    0,    0,    0,    0,    0,
       0,    0,    0,    0,    0,    0,    0,    0,    0,    0,    0,    0,    0,    0,    0,    0,    0,    0,    0,    0,    0,    0,    0,    0,    0,    0,    0,    0,    0,    0,    0,    0,    0,    0,    0,    0,    0,    0,    0,    0,    0,    0,    0,    0,    0,    0,    0,    0,    0,    0,    0,    0,    0,    0,    0,    0,    0,    0,   -9,    0,    0,    0,    0,    0,    2,    0,    0,    0,    0,    0,    0,  -29,  -13,   -5,   -7,   -7,    0,    0,    0,  -20,    0,    0,    0,    0,    0,    0,    0,    0,   -5,   -5,    0,    0,    0,    0,    0,    0,    0,    0,    0,    0,    0,    0,    0,    0,    0,    0,    0,    0,    0,    0,    0,    0,    0,    0,    0,    0,    0,    0,    0,    0,    0,    0,    0,    0,    0,    0,    0,    0,    0,    0,    0,    0,    0,    0,    0,    0,    0,    0,    0,    0,    0,    0,    0,    0,    0,    0,    0,    0,    0,    0,    0,    0,    0,    0,    0,
       0,    0,    0,    0,    0,    0,    0,    0,    0,    0,    0,    0,    0,    0,    0,    0,    0,    0,    0,    0,    0,    0,    0,    0,    0,    0,    0,    0,    0,    0,    0,    0,    0,    0,    0,    0,    0,    0,    0,    0,    0,    0,    0,    0,    0,    0,    0,    0,    0,    0,    0,    0,    0,    0,    0,    0,    0,    0,    0,    0,    0,    0,    0,    0,    0,    0,    0,    0,    0,    0,    0,    9,    5,    0,    0,    0,    0,    0,    0,    0,    0,    0,    0,    0,    0,    0,    0,    0,    0,    0,    0,    0,    0,    0,    0,    0,    0,    0,    0,    0,    0,    0,    0,    0,    0,    0,    0,    0,    0,    0,    0,    0,    0,    0,    0,    0,    0,    0,    0,    0,    0,    0,    0,    0,    0,    0,    0,    0,    0,    0,    0,    0,    0,    0,    0,    0,    0,    0,    0,    0,    0,    0,    0,    0,    0,    0,    0,    0,    0,    0,    0,    0,    0,    0,    0,
       0,    0,    0,    0,    0,    0,    0,    0,    0,    0,    0,    0,    0,    0,    0,    0,    0,    0,    0,    0,    0,    0,    0,    0,    0,    0,    0,    0,    0,    0,    0,    0,    0,    0,    0,    0,    0,    0,    0,    0,    0,    0,    0,    0,    0,    0,    0,    0,    0,    0,    0,    0,    0,    0,    0,    0,    0,    0,    0,    0,    5,   -2,    0,   13,   13,    0,   -7,    0,    0,   -7,    7,   13,    5,   -7,    0,    0,    0,    0,    2,    0,  -27,    0,    0,    0,    0,  -27,    0,    0,  -80,  -40,    0,    0,    0,    0,  -33,  -27,    7,  -27,    0,  -20,    0,   -7,    0,    0,    0,    0,    0,    0,    0,    0,    0,    0,    0,    0,    7,    0,    0,    0,    0,    0,    0,    0,    0,    0,    0,    0,    0,    0,    0,    0,    0,    0,    0,    0,    0,    0,    0,    0,    0,    0,    0,    0,    0,    0,    0,    0,    0,    0,    0,    0,    0,    0,    0,    0,    0,
       0,    0,    0,    0,    0,    0,    0,    0,    0,    0,    0,    0,    0,    0,    0,    0,    0,    0,    0,    0,    0,    0,    0,    0,    0,    0,    0,    0,    0,    0,    0,    0,    0,    0,    0,    0,    0,    0,    0,    0,    0,    0,    0,    0,    0,    0,    0,    0,    0,    0,    0,    0,    0,    0,    0,   -9,  -13,  -13,  -25,    0,    0,  -11,    0,    0,    0,    0,    0,    0,    0,    0,    0,   -9,    0,    0,    0,  -25,    0,    0,  -15,  -25,  -13,    0,    0,    0,    0,  -13,    0,    0,    0,    0,    0,    0,    0,    0,    0,    0,    0,    0,    0,    0,    0,    0,    0,    0,    0,    0,    0,    0,    0,    0,    0,    0,  -13,    0,    0,    0,    0,    0,    0,    0,    0,    0,    0,    0,    0,    0,    0,    0,    0,    0,    0,    0,    0,    0,    0,    0,    0,    0,    0,    0,    0,    0,    0,    0,    0,    0,    0,    0,    0,    0,    0,    0,    0,    0,    0,
       0,    0,    0,    0,    0,    0,    0,    0,    0,    0,    0,    0,    0,    0,    0,    0,    0,    0,    0,    0,    0,    0,    0,    0,    0,    0,    0,    0,    0,    0,    0,    0,    0,    0,    0,    0,    0,    0,    0,    0,    0,    0,    0,    0,    0,    0,    0,    0,    0,    0,    0,    0,    0,    0,    0,    0,    0,    0,    0,    0,    0,    0,    0,    5,    0,    0,    0,    0,   -7,    0,   -2,    5,    0,   -2,    0,    0,    0,    0,   -2,   -2,    0,    0,    0,    0,    0,    0,    0,    0,  -13,   -7,    0,    0,    0,    0,    0,    0,    7,    0,    0,    7,    0,    7,    0,    0,    0,    0,    0,    0,    0,    0,    0,    0,    0,    0,    7,    0,    0,    0,    0,    0,    0,    0,    0,  -33,    0,    0,    0,    0,    0,    0,    0,    0,    0,    0,    0,    0,    0,    0,    0,    0,    0,    0,    0,    0,    0,    0,    0,    0,    0,    0,    0,    0,    0,    0,    0,
       0,    0,    0,    0,    0,    0,    0,    0,    0,    0,    0,    0,    0,    0,    0,    0,    0,    0,    0,    0,    0,    0,    0,    0,    0,    0,    0,    0,    0,    0,    0,    0,    0,    0,    0,    0,    0,    0,    0,    0,    0,    0,    0,    0,    0,    0,    0,    0,    0,    0,    0,    0,    0,    0,    0,    0,    0,    0,    0,    0,    0,    0,    0,    0,    0,    0,    0,    0,    0,    0,    0,    5,    0,    0,    0,    0,    0,    0,    0,    0,    0,    0,    0,    0,    0,    0,    0,    0,    0,    0,    0,    0,    0,    0,    0,    0,    0,    0,    7,    7,    0,   13,    0,    0,    0,    0,    0,    0,    0,    0,    0,    0,    0,    0,    7,    0,    0,    0,    0,    0,    0,    0,    0,    0,    0,    0,    0,    0,    0,    0,    0,    0,    0,    0,    0,    0,    0,    0,    0,    0,    0,    0,    0,    0,    0,    0,    0,    0,    0,    0,    0,    0,    0,    0,    0,
       0,    0,    0,    0,    0,    0,    0,    0,    0,    0,    0,    0,    0,    0,    0,    0,    0,    0,    0,    0,    0,    0,    0,    0,    0,    0,    0,    0,    0,    0,    0,    0,    0,    0,    0,    0,    0,    0,    0,    0,    0,    0,    0,    0,    0,    0,    0,    0,    0,    0,    0,    0,    0,   -7,   -7,    0,    0,    0,  -29,    0,    0,    0,    0,    0,    0,    0,    0,    0,    0,    0,   -7,  -18,    0,  -18,    0,    0,    0,    0,    0,    0,    0,    0,    0,    0,    0,    0,    0,    0,    0,    0,    0,    0,    0,    0,    7,    0,    7,    0,   13,   13,    0,   20,    0,    0,    0,    0,    0,    0,    0,    0,    0,    0,    0,    0,   13,    0,    0,    0,    0,    0,    0,    0,    0,  -27,    0,    0,    0,    0,    0,    0,    0,    0,    0,    0,    0,    0,    0,    0,    0,    0,    0,    0,    0,    0,    0,    0,    0,    0,    0,    0,    0,    0,    0,    0,    0,
       0,    0,    0,    0,    0,    0,    0,    0,    0,    0,    0,    0,    0,    0,    0,    0,    0,    0,    0,    0,    0,    0,    0,    0,    0,    0,    0,    0,    0,    0,    0,    0,    0,    0,    0,    0,    0,    0,    0,    0,    0,    0,    0,    0,    0,    0,    0,    0,    0,    0,    0,    0,    0,    0,    0,    0,    0,    0,    0,    0,    0,    0,    0,    0,    0,    0,    0,    0,    0,    0,    0,    0,    0,    0,    0,    0,    0,    0,    0,   -5,   -5,    0,    0,    0,    0,    0,    0,    0,    0,    0,    0,    0,    0,    0,    0,    0,    0,    0,    0,    0,    0,    0,    0,    0,    0,    0,    0,    0,    0,    0,    0,    0,    0,    0,    0,    0,    0,    0,    0,    0,    0,    0,    0,    0,    0,    0,    0,    0,    0,    0,    0,    0,    0,    0,    0,    0,    0,    0,    0,    0,    0,    0,    0,    0,    0,    0,    0,    0,    0,    0,    0,    0,    0,    0,    0,
       0,    0,    0,    0,    0,    0,    0,    0,    0,    0,    0,    0,    0,    0,    0,    0,    0,    0,    0,    0,    0,    0,    0,    0,    0,    0,    0,    0,    0,    0,    0,    0,    0,    0,    0,    0,    0,    0,    0,    0,    0,    0,    0,    0,    0,    0,    0,    0,    0,    0,    0,    0,    0,   -7,  -18,    0,    0,    0,  -53,    0,   -5,   -7,    0,   -2,  -11,   -2,    0,    0,    0,    0,    0,   -5,    0,  -23,   -2,    0,    0,    0,    0,   -5,  -29,   -5,    0,   -5,   -2,  -15,   -5,   -2,  -11,   -7,   -7,  -15,  -27,   -2,  -20,   -2,   -2,  -11,    5,   13,  -20,   13,   -9,   13,   -7,   -9,   29,  -27,  -11,   15,   -9,    0,    0,    0,    7,    0,   13,   -5,    0,    0,   -7,   -2,   -2,  -13,    0,    0,    0,    0,    0,    0,    0,    0,    0,    0,    0,    0,    0,    0,    0,    0,    0,    0,    0,    0,    0,    0,    0,    0,    0,    0,    0,    0,    0,    0,    0,
       0,    0,    0,    0,    0,    0,    0,    0,    0,    0,    0,    0,    0,    0,    0,    0,    0,    0,    0,    0,    0,    0,    0,    0,    0,    0,    0,    0,    0,    0,    0,    0,    0,    0,    0,    0,    0,    0,    0,    0,    0,    0,    0,    0,    0,    0,    0,    0,    0,    0,    0,    0,    0,    0,  -13,    0,    0,    0,   -2,   -9,    9,   -7,   -7,    0,    0,    0,   -7,    0,   -7,   -7,  -13,    0,    0,  -20,    0,   -2,    0,    0,   -2,    0,    0,    0,   -5,    0,    0,    0,    0,    0,  -15,   -7,    0,    0,    0,    0,   -9,   -3,    0,   -3,    0,    0,    0,   13,    0,    0,    0,    0,    0,    0,    0,    0,    0,    0,    0,    0,    0,    0,    0,    0,    0,    0,    0,    0,    0,  -23,    0,    0,    0,    0,    0,    0,    0,    0,    0,    0,    0,    0,    0,    0,    0,    0,    0,    0,    0,    0,    0,    0,    0,    0,    0,    0,    0,    0,    0,    0,    0,
       0,    0,    0,    0,    0,    0,    0,    0,    0,    0,    0,    0,    0,    0,    0,    0,    0,    0,    0,    0,    0,    0,    0,    0,    0,    0,    0,    0,    0,    0,    0,    0,    0,    0,    0,    0,    0,    0,    0,    0,    0,    0,    0,    0,    0,    0,    0,    0,    0,    0,    0,    0,    0,    7,  -33,    0,   -5,    0,  -40,   -7,    0,   -9,    0,    0,  -11,    0,    0,    0,    0,   -7,  -20,   -9,    0,   -7,    0,   -5,    0,    0,   -2,  -11,  -60,  -13,   -9,  -35,    0,  -71,  -42,  -58,  -67,  -18,  -67,  -47,  -65,  -40,  -73,  -51,  -53,  -60,  -55,  -35,  -73,  -45,  -75,  -60,  -75,  -69,  -35,  -75,  -71,  -45,  -73,    0,   -7,    0,    0,    0,    0,  -35,    0,    0,  -67,    0,  -40,    0,    0,    0,    0,    0,    0,    0,    0,    0,    0,    0,    0,    0,    0,    0,    0,    0,    0,    0,    0,    0,    0,    0,    0,    0,    0,    0,    0,    0,    0,    0,    0,
       0,    0,    0,    0,    0,    0,    0,    0,    0,    0,    0,    0,    0,    0,    0,    0,    0,    0,    0,    0,    0,    0,    0,    0,    0,    0,    0,    0,    0,    0,    0,    0,    0,    0,    0,    0,    0,    0,    0,    0,    0,    0,    0,    0,    0,    0,    0,    0,    0,    0,    0,    0,    0,    0,  -13,   -5,  -15,   -5,  -47,   -9,   -2,  -13,   -5,  -22,   -2,    0,   -5,   -2,    0,   -2,   -5,    0,    0,    0,   -5,   -9,    0,   -5,   -5,  -40,  -42,  -31,  -18,  -29,  -13,  -35,  -25,  -29,  -31,  -31,  -38,  -31,  -49,  -25,  -38,  -31,  -25,  -33,  -29,   -9,  -51,  -22,  -31,  -25,  -29,  -35,   -2,  -55,  -42,  -25,  -38,    0,  -35,  -38,    0,    0,   -9,  -29,    0,   -5,  -38,    0,  -25,    0,  -38,   -5,    0,    0,    0,    0,    0,    0,    0,    0,    0,    0,    0,    0,    0,    0,    0,    0,    0,    0,    0,    0,    0,    0,    0,    0,    0,    0,    0,    0,    0,
       0,    0,    0,    0,    0,    0,    0,    0,    0,    0,    0,    0,    0,    0,    0,    0,    0,    0,    0,    0,    0,    0,    0,    0,    0,    0,    0,    0,    0,    0,    0,    0,    0,    0,    0,    0,    0,    0,    0,    0,    0,    0,    0,    0,    0,    0,    0,    0,    0,    0,    0,    0,    0,    0,    5,    0,    0,    0,  -25,    0,    0,   -5,    0,   -9,    2,    0,    0,    0,    0,    0,    0,   -5,    0,    0,    0,    0,    0,   -2,    0,  -13,    0,    0,    0,    0,    0,    0,    0,    0,    0,    0,    0,    0,    0,    0,    0,    0,    0,    0,    0,    0,    0,    0,    0,    0,    0,    0,    0,    0,    0,    0,    0,    0,    0,    0,    0,    0,    0,    0,    0,    0,    0,    0,    0,    0,    0,    0,    0,    0,    0,    0,    0,    0,    0,    0,    0,    0,    0,    0,    0,    0,    0,    0,    0,    0,    0,    0,    0,    0,    0,    0,    0,    0,    0,    0,    0,
       0,    0,    0,    0,    0,    0,    0,    0,    0,    0,    0,    0,    0,    0,    0,    0,    0,    0,    0,    0,    0,    0,    0,    0,    0,    0,    0,    0,    0,    0,    0,    0,    0,    0,    0,    0,    0,    0,    0,    0,    0,    0,    0,    0,    0,    0,    0,    0,    0,    0,    0,    0,    0,   -7,   -3,    0,    0,    0,    0,   -7,    0,   -5,    0,    0,   10,    0,   -9,    0,   -7,  -13,    0,    0,    0,  -20,    0,    0,    0,    0,    0,    0,    0,    0,    0,    0,    0,   -7,    0,    0,  -20,  -20,    0,    0,    0,    0,   -7,    0,    7,    0,    7,  -13,    0,    7,    0,    0,    0,    0,    0,    0,    0,    0,    0,    0,    0,    0,    7,    0,    0,    0,    0,    0,    0,    0,    0,  -13,    0,    0,    0,    0,    0,    0,    0,    0,    0,    0,    0,    0,    0,    0,    0,    0,    0,    0,    0,    0,    0,    0,    0,    0,    0,    0,    0,    0,    0,    0,    0,
       0,    0,    0,    0,    0,    0,    0,    0,    0,    0,    0,    0,    0,    0,    0,    0,    0,    0,    0,    0,    0,    0,    0,    0,    0,    0,    0,    0,    0,    0,    0,    0,    0,    0,    0,    0,    0,    0,    0,    0,    0,    0,    0,    0,    0,    0,    0,    0,    0,    0,    0,    0,    0,    0,   -5,  -11,   -9,    0,    0,    0,    0,  -25,    0,    0,    9,    0,   -5,    0,    0,    0,    0,  -13,   -9,    0,    0,  -13,    0,    0,   -5,   -9,    0,    0,    0,    0,    0,    0,    0,    0,    0,    0,    0,    0,    0,    0,    0,    0,    0,    0,    0,    0,    0,    0,    0,    0,    0,    0,    0,    0,    0,    0,    0,    0,    0,    0,    0,    0,    0,    0,    0,    0,    0,    0,    0,    0,    0,   -5,    0,    0,    0,    0,    0,    0,    0,    0,    0,    0,    0,    0,    0,    0,    0,    0,    0,    0,    0,    0,    0,    0,    0,    0,    0,    0,    0,    0,    0,
       0,    0,    0,    0,    0,    0,    0,    0,    0,    0,    0,    0,    0,    0,    0,    0,    0,    0,    0,    0,    0,    0,    0,    0,    0,    0,    0,    0,    0,    0,    0,    0,    0,    0,    0,    0,    0,    0,    0,    0,    0,    0,    0,    0,    0,    0,    0,    0,    0,    0,    0,    0,    0,    0,    0,    0,    0,    0,   -7,    0,    0,   -9,    0,   -5,    0,    0,    0,    0,    0,    0,    0,   -5,    0,    0,    0,    0,    0,    0,    0,    0,    0,    0,    0,    0,    0,    0,    0,    0,    0,    0,    0,    0,    0,    0,    0,    0,    0,    0,    0,    0,    0,    0,    0,    0,    0,    0,    0,    0,    0,    0,    0,    0,    0,    0,    0,    0,    0,    0,    0,    0,    0,    0,    0,    0,    0,    0,    0,    0,    0,    0,    0,    0,    0,    0,    0,    0,    0,    0,    0,    0,    0,    0,    0,    0,    0,    0,    0,    0,    0,    0,    0,    0,    0,    0,    0,
       0,    0,    0,    0,    0,    0,    0,    0,    0,    0,    0,    0,    0,    0,    0,    0,    0,    0,    0,    0,    0,    0,    0,    0,    0,    0,    0,    0,    0,    0,    0,    0,    0,    0,    0,    0,    0,    0,    0,    0,    0,    0,    0,    0,    0,    0,    0,    0,    0,    0,    0,    0,    0,    0,    0,    0,    0,    0,    0,    0,    0,    0,    0,    0,    0,    0,    0,    0,    0,    0,    0,   -9,    0,    0,    0,    0,    0,    0,    0,   -9,    0,    0,    0,    0,    0,  -20,    0,    0,    0,    0,    0,    0,    0,    0,    0,    0,    0,    0,    0,    0,    0,    0,    0,    0,    0,    0,    0,    0,    0,    0,    0,    0,  -20,    0,    0,    0,    0,    0,    0,    0,    0,    0,    0,    0,    0,    0,    0,    0,    0,    0,    0,    0,    0,    0,    0,    0,    0,    0,    0,    0,    0,    0,    0,    0,    0,    0,    0,    0,    0,    0,    0,    0,    0,    0,    0,
       0,    0,    0,    0,    0,    0,    0,    0,    0,    0,    0,    0,    0,    0,    0,    0,    0,    0,    0,    0,    0,    0,    0,    0,    0,    0,    0,    0,    0,    0,    0,    0,    0,    0,    0,    0,    0,    0,    0,    0,    0,    0,    0,    0,    0,    0,    0,    0,    0,    0,    0,    0,    0,    0,    0,    0,    0,   -9,   -7,    0,    0,   -5,    0,   -5,    0,    0,    0,    0,    0,    0,  -20,  -38,   -7,    0,    0,  -20,    0,    0,   -5,  -22,    0,    0,    0,    0,    0,    0,    0,    0,    0,    0,    0,    0,    0,    0,    0,    0,    0,    0,    0,    0,    0,    0,    0,    0,    0,    0,    0,    0,    0,    0,    0,    0,    0,    0,    0,    0,    0,    0,    0,    0,    0,    0,    0,    0,    0,    0,    0,    0,    0,    0,    0,    0,    0,    0,    0,    0,    0,    0,    0,    0,    0,    0,    0,    0,    0,    0,    0,    0,    0,    0,    0,    0,    0,    0,    0,
       0,    0,    0,    0,    0,    0,    0,    0,    0,    0,    0,    0,    0,    0,    0,    0,    0,    0,    0,    0,    0,    0,    0,    0,    0,    0,    0,    0,    0,    0,    0,    0,    0,    0,    0,    0,    0,    0,    0,    0,    0,    0,    0,    0,    0,    0,    0,    0,    0,    0,    0,    0,    0,    0,    0,    0,    0,    0,  -11,    0,    0,    0,    0,    0,    0,    0,    0,    0,    0,    0,    0,    0,    0,    0,    0,    0,    0,    0,    0,    0,    0,    0,    0,    0,    0,    0,    0,    0,    0,    0,    0,    0,    0,    0,    0,    0,    0,    0,    0,    0,    0,    0,    0,    0,    0,    0,    0,    0,    0,    0,    0,    0,    0,    0,    0,    0,    0,    0,    0,    0,    0,    0,    0,    0,    0,    0,    0,    0,    0,    0,    0,    0,    0,    0,    0,    0,    0,    0,    0,    0,    0,    0,    0,    0,    0,    0,    0,    0,    0,    0,    0,    0,    0,    0,    0,
       0,    0,    0,    0,    0,    0,    0,    0,    0,    0,    0,    0,    0,    0,    0,    0,    0,    0,    0,    0,    0,    0,    0,    0,    0,    0,    0,    0,    0,    0,    0,    0,    0,    0,    0,    0,    0,    0,    0,    0,    0,    0,    0,    0,    0,    0,    0,    0,    0,    0,    0,    0,    0,    0,    0,    0,    0,    0,  -25,    0,    0,   -9,    0,  -11,    0,    0,    0,    0,    0,    0,  -22,  -33,    0,   -2,    0,  -18,    0,    0,    0,  -27,    0,    0,    0,    0,    0,    0,    0,    0,    0,    0,    0,    0,    0,    0,    0,    0,    0,    0,    0,    0,    0,    0,    0,    0,    0,    0,    0,    0,    0,    0,    0,    0,    0,    0,    0,    0,    0,    0,    0,    0,    0,    0,    0,    0,    0,    0,    0,    0,    0,    0,    0,    0,    0,    0,    0,    0,    0,    0,    0,    0,    0,    0,    0,    0,    0,    0,    0,    0,    0,    0,    0,    0,    0,    0,    0,
       0,    0,    0,    0,    0,    0,    0,    0,    0,    0,    0,    0,    0,    0,    0,    0,    0,    0,    0,    0,    0,    0,    0,    0,    0,    0,    0,    0,    0,    0,    0,    0,    0,    0,    0,    0,    0,    0,    0,    0,    0,    0,    0,    0,    0,    0,    0,    0,    0,    0,    0,    0,    0,    0,    0,    0,    0,    0,  -45,    0,    0,    0,    0,  -22,    0,    0,    0,    0,    0,    0,   -7,  -20,    0,   -2,   -5,   -7,    0,    0,    0,  -18,    0,    0,    0,    0,    0,    0,    0,    0,    0,    0,    0,    0,    0,    0,    0,    0,    0,    0,    0,    0,    0,    0,    0,    0,    0,    0,    0,    0,    0,    0,    0,    0,    0,    0,    0,    0,    0,    0,    0,    0,    0,    0,    0,    0,    0,    0,    0,    0,    0,    0,    0,    0,    0,    0,    0,    0,    0,    0,    0,    0,    0,    0,    0,    0,    0,    0,    0,    0,    0,    0,    0,    0,    0,    0,    0,
       0,    0,    0,    0,    0,    0,    0,    0,    0,    0,    0,    0,    0,    0,    0,    0,    0,    0,    0,    0,    0,    0,    0,    0,    0,    0,    0,    0,    0,    0,    0,    0,    0,    0,    0,    0,    0,    0,    0,    0,    0,    0,    0,    0,    0,    0,    0,    0,    0,    0,    0,    0,    0,    0,    0,    0,    0,    0,    0,    0,    0,    0,    0,    0,    0,    0,    0,    0,    0,   -2,    0,   -9,    0,    0,    0,    0,   -9,    0,    0,    0,    0,    0,    0,    0,    0,    0,    0,    0,    0,    0,    0,    0,    0,    0,    0,    0,    0,    0,    0,    0,    0,    0,    0,    0,    0,    0,    0,    0,    0,    0,    0,    0,    0,    0,    0,    0,    0,    0,    0,    0,    0,    0,    0,    0,    0,    0,    0,    0,    0,    0,    0,    0,    0,    0,    0,    0,    0,    0,    0,    0,    0,    0,    0,    0,    0,    0,    0,    0,    0,    0,    0,    0,    0,    0,    0,
       0,    0,    0,    0,    0,    0,    0,    0,    0,    0,    0,    0,    0,    0,    0,    0,    0,    0,    0,    0,    0,    0,    0,    0,    0,    0,    0,    0,    0,    0,    0,    0,    0,    0,    0,    0,    0,    0,    0,    0,    0,    0,    0,    0,    0,    0,    0,    0,    0,    0,    0,    0,    0,    0,    0,    0,    0,    0,    0,    0,    0,    0,    0,    0,    0,    0,    0,    0,    0,    0,    0,    0,    0,    0,    0,    0,    0,    0,    0,    0,    0,    0,    0,    0,    0,    0,   13,   -5,    0,    0,    0,   25,    9,    0,    0,    0,    0,    0,    0,  -13,    0,    0,    0,   -5,    0,    0,    0,    0,    9,   18,    0,    0,    0,    0,    0,    0,    0,    0,    0,    0,    0,    0,    0,    0,    0,    0,    0,    0,    0,    0,    0,    0,    0,    0,    0,    0,    0,    0,    0,    0,    0,    0,    0,    0,    0,    0,    0,    0,    0,    0,    0,    0,    0,    0,    0,
       0,    0,    0,    0,    0,    0,    0,    0,    0,    0,    0,    0,    0,    0,    0,    0,    0,    0,    0,    0,    0,    0,    0,    0,    0,    0,    0,    0,    0,    0,    0,    0,    0,    0,    0,    0,    0,    0,    0,    0,    0,    0,    0,    0,    0,    0,    0,    0,    0,    0,    0,    0,    0,    0,    0,    0,    0,    0,    0,    0,    0,    0,    0,    0,    0,    0,    0,    0,    0,    0,    0,    0,    0,    0,    0,    0,    0,    0,    0,    0,  -13,    0,    0,  -13,   -2,  -13,  -13,  -25,  -18,    5,  -18,  -22,  -13,  -20,   -9,  -25,  -15,  -13,  -18,  -13,  -22,    0,    0,   -9,  -13,  -18,   -5,  -33,  -15,   -9,  -27,  -13,    0,    0,    0,    0,    0,    0,    0,    0,    0,    0,    0,    0,    0,    0,    0,    0,    0,    0,    0,    0,    0,    0,    0,    0,    0,    0,    0,    0,    0,    0,    0,    0,    0,    0,    0,    0,    0,    0,    0,    0,    0,    0,   58,
       0,    0,    0,    0,    0,    0,    0,    0,    0,    0,    0,    0,    0,    0,    0,    0,    0,    0,    0,    0,    0,    0,    0,    0,    0,    0,    0,    0,    0,    0,    0,    0,    0,    0,    0,    0,    0,    0,    0,    0,    0,    0,    0,    0,    0,    0,    0,    0,    0,    0,    0,    0,    0,    0,    0,    0,    0,    0,    0,    0,    0,    0,    0,    0,    0,    0,    0,    0,    0,    0,    0,    0,    0,    0,    0,    0,    0,    0,    0,    0,   -5,    0,    0,    0,    2,  -15,   -5,  -18,  -31,    0,   -5,  -27,  -13,   -7,  -25,   -9,    0,   -9,   -9,   -5,  -18,    0,    0,    0,   -5,   -5,    5,  -40,   -9,    0,  -13,    0,    0,    0,   13,    0,    0,    0,    0,    0,    0,    0,    0,    0,    0,    0,    0,    0,    0,    0,    0,    0,    0,    0,    0,    0,    0,    0,    0,    0,    0,    0,    0,    0,    0,    0,    0,    0,    0,    0,    0,    0,    0,    0,    0,
       0,    0,    0,    0,    0,    0,    0,    0,    0,    0,    0,    0,    0,    0,    0,    0,    0,    0,    0,    0,    0,    0,    0,    0,    0,    0,    0,    0,    0,    0,    0,    0,    0,    0,    0,    0,    0,    0,    0,    0,    0,    0,    0,    0,    0,    0,    0,    0,    0,    0,    0,    0,    0,    0,    0,    0,    0,    0,    0,    0,    0,    0,    0,    0,    0,    0,    0,    0,    0,    0,    0,    0,    0,    0,    0,    0,    0,    0,    0,    0,   -9,   -5,    0,    0,   -7,    0,    0,    0,    0,    0,    0,  -20,  -13,    0,  -13,    0,    0,    0,    0,    2,  -15,    5,    0,    7,    0,    0,   15,  -13,  -13,    9,    0,    2,    0,    0,    0,    0,    0,    0,    0,    0,    0,    0,    0,    0,    0,    0,    0,    0,    0,    0,    0,    0,    0,    0,    0,    0,    0,    0,    0,    0,    0,    0,    0,    0,    0,    0,    0,    0,    0,    0,    0,    0,    0,    0,    0,
       0,    0,    0,    0,    0,    0,    0,    0,    0,    0,    0,    0,    0,    0,    0,    0,    0,    0,    0,    0,    0,    0,    0,    0,    0,    0,    0,    0,    0,    0,    0,    0,    0,    0,    0,    0,    0,    0,    0,    0,    0,    0,    0,    0,    0,    0,    0,    0,    0,    0,    0,    0,    0,    0,    0,    0,    0,    0,    0,    0,    0,    0,    0,    0,    0,    0,    0,    0,    0,    0,    0,    0,    0,    0,    0,    0,    0,    0,    0,    0,    0,    0,    0,    0,    0,    0,    0,    0,    0,    0,    0,   -7,   -5,    0,    0,    0,    0,    0,    0,   -5,   -5,    0,    0,    5,    0,    0,   25,  -13,    0,    5,   -2,   -5,    0,    0,    0,    0,    0,    0,    0,    0,    0,    0,    0,    0,    0,    0,    0,    0,    0,    0,    0,    0,    0,    0,    0,    0,    0,    0,    0,    0,    0,    0,    0,    0,    0,    0,    0,    0,    0,    0,    0,    0,    0,    0,    0,
       0,    0,    0,    0,    0,    0,    0,    0,    0,    0,    0,    0,    0,    0,    0,    0,    0,    0,    0,    0,    0,    0,    0,    0,    0,    0,    0,    0,    0,    0,    0,    0,    0,    0,    0,    0,    0,    0,    0,    0,    0,    0,    0,    0,    0,    0,    0,    0,    0,    0,    0,    0,    0,    0,    0,    0,    0,    0,    0,    0,    0,    0,    0,    0,    0,    0,    0,    0,    0,    0,    0,    0,    0,    0,    0,    0,    0,    0,    0,    0,    0,    0,    0,    0,   -5,    0,    5,   -5,   -5,   -5,    0,   -2,    5,    0,    0,    0,    0,    0,    0,   -2,    0,    5,    0,    0,    0,    0,    5,   -9,    0,    5,    0,    0,    0,    0,    0,    0,    0,    0,    0,    0,    0,    0,    0,    0,    0,    0,    0,    0,    0,    0,    0,    0,    0,    0,    0,    0,    0,    0,    0,    0,    0,    0,    0,    0,    0,    0,    0,    0,    0,    0,    0,    0,    0,    0,    0,
       0,    0,    0,    0,    0,    0,    0,    0,    0,    0,    0,    0,    0,    0,    0,    0,    0,    0,    0,    0,    0,    0,    0,    0,    0,    0,    0,    0,    0,    0,    0,    0,    0,    0,    0,    0,    0,    0,    0,    0,    0,    0,    0,    0,    0,    0,    0,    0,    0,    0,    0,    0,    0,    0,    0,    0,    0,    0,    0,    0,    0,    0,    0,    0,    0,    0,    0,    0,    0,    0,    0,    0,    0,    0,    0,    0,    0,    0,    0,    0,  -20,   -5,   -5,    0,   -9,    0,    0,    0,   -5,   -5,    0,    0,    0,    0,    0,    0,    0,   -5,    0,    0,   -5,    0,    0,    0,    0,    0,    5,  -13,   -5,    5,    0,    0,    0,    0,    0,    0,    0,    0,    0,    0,    0,    0,    0,    0,    0,    0,    0,    0,    0,    0,    0,    0,    0,    0,    0,    0,    0,    0,    0,    0,    0,    0,    0,    0,    0,    0,    0,    0,    0,    0,    0,    0,    0,    0,    0,
       0,    0,    0,    0,    0,    0,    0,    0,    0,    0,    0,    0,    0,    0,    0,    0,    0,    0,    0,    0,    0,    0,    0,    0,    0,    0,    0,    0,    0,    0,    0,    0,    0,    0,    0,    0,    0,    0,    0,    0,    0,    0,    0,    0,    0,    0,    0,    0,    0,    0,    0,    0,    0,    0,    0,    0,    0,    0,    0,    0,    0,    0,    0,    0,    0,    0,    0,    0,    0,    0,    0,    0,    0,    0,    0,    0,    0,    0,    0,    0,   -5,    0,   -5,    0,   -5,    0,    0,   33,   -5,   -5,   -5,   -5,   -5,   -5,    0,   -5,    0,    0,    0,    9,    0,    0,    0,    2,    2,   -9,    0,  -18,    0,    0,   -5,   -5,    0,    0,    0,    0,    0,    0,    0,    0,    0,    0,    0,    0,    0,    0,    0,    0,    0,    0,    0,    0,    0,    0,    0,    0,    0,    0,    0,    0,    0,    0,    0,    0,    0,    0,    0,    0,    0,    0,    0,    0,    0,    0,  -20,
       0,    0,    0,    0,    0,    0,    0,    0,    0,    0,    0,    0,    0,    0,    0,    0,    0,    0,    0,    0,    0,    0,    0,    0,    0,    0,    0,    0,    0,    0,    0,    0,    0,    0,    0,    0,    0,    0,    0,    0,    0,    0,    0,    0,    0,    0,    0,    0,    0,    0,    0,    0,    0,    0,    0,    0,    0,    0,    0,    0,    0,    0,    0,    0,    0,    0,    0,    0,    0,    0,    0,    0,    0,    0,    0,    0,    0,    0,    0,    0,    0,    0,    0,    0,   -2,    0,    9,   -5,    0,    0,    0,   20,    0,    0,    5,    0,    0,    0,    0,    5,    0,    7,    0,    5,    9,    0,   13,    0,    0,   13,    0,    0,    0,    0,    7,    0,    0,   11,    0,    0,    0,    0,    0,    0,    0,    0,    0,    0,    0,    0,    0,    0,    0,    0,    0,    0,    0,    0,    0,    0,    0,    0,    0,    0,    0,    0,    0,    0,    0,    0,    0,    0,    0,    0,    0,
       0,    0,    0,    0,    0,    0,    0,    0,    0,    0,    0,    0,    0,    0,    0,    0,    0,    0,    0,    0,    0,    0,    0,    0,    0,    0,    0,    0,    0,    0,    0,    0,    0,    0,    0,    0,    0,    0,    0,    0,    0,    0,    0,    0,    0,    0,    0,    0,    0,    0,    0,    0,    0,    0,    0,    0,    0,    0,    0,    0,    0,    0,    0,    0,    0,    0,    0,    0,    0,    0,    0,    0,    0,    0,    0,    0,    0,    0,    0,    0,    0,    0,    0,    0,   -2,    0,    9,   -5,    0,    0,    0,   20,    0,    0,    5,    0,    0,    0,    0,    5,    0,    7,    0,    5,    9,    0,   13,    0,    0,   13,    0,    0,    0,    0,    7,    0,    0,    0,    0,    0,    0,    0,    0,    0,    0,    0,    0,    0,    0,    0,    0,    0,    0,    0,    0,    0,    0,    0,    0,    0,    0,    0,    0,    0,    0,    0,    0,    0,    0,    0,    0,    0,    0,    0,    0,
       0,    0,    0,    0,    0,    0,    0,    0,    0,    0,    0,    0,    0,    0,    0,    0,    0,    0,    0,    0,    0,    0,    0,    0,    0,    0,    0,    0,    0,    0,    0,    0,    0,    0,    0,    0,    0,    0,    0,    0,    0,    0,    0,    0,    0,    0,    0,    0,    0,    0,    0,    0,    0,    0,    0,    0,    0,    0,    0,    0,    0,    0,    0,    0,    0,    0,    0,    0,    0,    0,    0,    0,    0,    0,    0,    0,    0,    0,    0,    0,    0,   -5,    0,    0,  -13,   -5,    5,    0,    0,    0,    0,    0,    0,    0,   -5,    0,    0,    0,    0,    0,    0,    0,    0,    0,    0,   -5,    7,    0,   -9,    0,    0,    0,    0,    0,    0,    0,    0,    0,    0,    0,    0,    0,    0,    0,    0,    0,    0,    0,    0,    0,    0,    0,    0,    0,    0,    0,    0,    0,    0,    0,    0,    0,    0,    0,    0,    0,    0,    0,    0,    0,    0,    0,    0,    0,    0,
       0,    0,    0,    0,    0,    0,    0,    0,    0,    0,    0,    0,    0,    0,    0,    0,    0,    0,    0,    0,    0,    0,    0,    0,    0,    0,    0,    0,    0,    0,    0,    0,    0,    0,    0,    0,    0,    0,    0,    0,    0,    0,    0,    0,    0,    0,    0,    0,    0,    0,    0,    0,    0,    0,    0,    0,    0,    0,    0,    0,    0,    0,    0,    0,    0,    0,    0,    0,    0,    0,    0,    0,    0,    0,    0,    0,    0,    0,    0,    0,    0,    0,    0,    5,    0,    0,    5,    0,    0,    0,    0,    0,    0,    0,   -2,    0,    0,    0,    0,    5,    0,    0,    0,    7,    0,    0,    0,    0,    0,    0,    0,   15,    0,   -2,    0,    0,    0,    0,    0,    0,    0,    0,    0,    0,   -2,    0,    0,    0,    0,    0,    0,    0,    0,    0,    0,    0,    0,    0,    0,    0,    0,    0,    0,    0,    0,    0,    0,    0,    0,    0,    0,    0,    0,    0,    0,
       0,    0,    0,    0,    0,    0,    0,    0,    0,    0,    0,    0,    0,    0,    0,    0,    0,    0,    0,    0,    0,    0,    0,    0,    0,    0,    0,    0,    0,    0,    0,    0,    0,    0,    0,    0,    0,    0,    0,    0,    0,    0,    0,    0,    0,    0,    0,    0,    0,    0,    0,    0,    0,    0,    0,    0,    0,    0,    0,    0,    0,    0,    0,    0,    0,    0,    0,    0,    0,    0,    0,    0,    0,    0,    0,    0,    0,    0,    0,    0,    0,   -5,   -5,    0,   -9,   -5,    5,  -13,  -15,    0,   -5,    0,    0,    0,   -5,    0,    0,    0,   -9,   -9,   -5,    0,    0,   -5,   -5,   -9,   -5,   -9,  -13,    0,   -9,    0,    0,    0,    0,    0,    0,    0,    0,    0,    0,    0,    0,    0,    0,    0,    0,    0,    0,    0,    0,    0,    0,    0,    0,    0,    0,    0,    0,    0,    0,    0,    0,    0,    0,    0,    0,    0,    0,    0,    0,    0,    0,    0,    0,
       0,    0,    0,    0,    0,    0,    0,    0,    0,    0,    0,    0,    0,    0,    0,    0,    0,    0,    0,    0,    0,    0,    0,    0,    0,    0,    0,    0,    0,    0,    0,    0,    0,    0,    0,    0,    0,    0,    0,    0,    0,    0,    0,    0,    0,    0,    0,    0,    0,    0,    0,    0,    0,    0,    0,    0,    0,    0,    0,    0,    0,    0,    0,    0,    0,    0,    0,    0,    0,    0,    0,    0,    0,    0,    0,    0,    0,    0,    0,    0,  -13,    0,   -9,    0,   -9,    0,    0,  -13,   -5,   -5,    0,   -5,   -5,    0,    0,    0,    0,    0,    0,   -5,   -5,    0,    0,    0,    0,    0,    0,    0,   -5,    0,    0,    0,    0,    0,    0,    0,    0,    0,    0,    0,    0,    0,    0,    0,    0,    0,    0,    0,    0,    0,    0,    0,    0,    0,    0,    0,    0,    0,    0,    0,    0,    0,    0,    0,    0,    0,    0,    0,    0,    0,    0,    0,    0,    0,    0,
       0,    0,    0,    0,    0,    0,    0,    0,    0,    0,    0,    0,    0,    0,    0,    0,    0,    0,    0,    0,    0,    0,    0,    0,    0,    0,    0,    0,    0,    0,    0,    0,    0,    0,    0,    0,    0,    0,    0,    0,    0,    0,    0,    0,    0,    0,    0,    0,    0,    0,    0,    0,    0,    0,    0,    0,    0,    0,    0,    0,    0,    0,    0,    0,    0,    0,    0,    0,    0,    0,    0,    0,    0,    0,    0,    0,    0,    0,    0,    0,    0,    0,    0,    0,  -13,    0,    0,  -11,   -7,   -7,  -15,  -23,   -5,    0,    0,   -7,    0,    0,    0,   -9,    0,    0,    0,    0,   -5,   -5,   -5,    0,    0,    0,  -13,   -7,    0,    0,    0,    0,    0,    0,    0,    0,    0,    0,    0,    0,    0,    0,    0,    0,    0,    0,    0,    0,    0,    0,    0,    0,    0,    0,    0,    0,    0,    0,    0,    0,    0,    0,    0,    0,    0,    0,    0,    0,    0,    0,    0,
       0,    0,    0,    0,    0,    0,    0,    0,    0,    0,    0,    0,    0,    0,    0,    0,    0,    0,    0,    0,    0,    0,    0,    0,    0,    0,    0,    0,    0,    0,    0,    0,    0,    0,    0,    0,    0,    0,    0,    0,    0,    0,    0,    0,    0,    0,    0,    0,    0,    0,    0,    0,    0,    0,    0,    0,    0,    0,    0,    0,    0,    0,    0,    0,    0,    0,    0,    0,    0,    0,    0,    0,    0,    0,    0,    0,    0,    0,    0,    0,    0,    0,    0,    0,    0,    0,    0,    0,   -7,   -7,    0,    0,    0,    0,    0,    0,    0,    0,    0,  -13,    0,    0,    0,    0,    0,    0,    0,    0,    0,    0,    0,    0,    0,    0,    0,    0,    0,    0,    0,    0,    0,    0,    0,    0,    0,    0,    0,    0,    0,    0,    0,    0,    0,    0,    0,    0,    0,    0,    0,    0,    0,    0,    0,    0,    0,    0,    0,    0,    0,    0,    0,    0,    0,    0,    0,
       0,    0,    0,    0,    0,    0,    0,    0,    0,    0,    0,    0,    0,    0,    0,    0,    0,    0,    0,    0,    0,    0,    0,    0,    0,    0,    0,    0,    0,    0,    0,    0,    0,    0,    0,    0,    0,    0,    0,    0,    0,    0,    0,    0,    0,    0,    0,    0,    0,    0,    0,    0,    0,    0,    0,    0,    0,    0,    0,    0,    0,    0,    0,    0,    0,    0,    0,    0,    0,    0,    0,    0,    0,    0,    0,    0,    0,    0,    0,    0,    0,    0,   -5,   -5,  -13,    0,   -9,   -9,   -7,   -7,   -9,  -11,    0,    0,    0,   -7,    0,    0,    0,  -11,    0,    0,    0,    0,    0,   -5,   -9,  -27,    0,    0,   -5,    0,    0,    0,    0,    0,    0,    0,    0,    0,    0,    0,    0,    0,    0,    0,    0,    0,    0,    0,    0,    0,    0,    0,    0,    0,    0,    0,    0,    0,    0,    0,    0,    0,    0,    0,    0,    0,    0,    0,    0,    0,    0,    0,    0,
       0,    0,    0,    0,    0,    0,    0,    0,    0,    0,    0,    0,    0,    0,    0,    0,    0,    0,    0,    0,    0,    0,    0,    0,    0,    0,    0,    0,    0,    0,    0,    0,    0,    0,    0,    0,    0,    0,    0,    0,    0,    0,    0,    0,    0,    0,    0,    0,    0,    0,    0,    0,    0,    0,    0,    0,    0,    0,    0,    0,    0,    0,    0,    0,    0,    0,    0,    0,    0,    0,    0,    0,    0,    0,    0,    0,    0,    0,    0,    0,    0,    0,    0,    0,    0,    0,    0,   -9,  -11,  -11,    0,    0,    0,    0,    0,    0,    0,    0,    0,  -12,    0,    0,    0,   -5,    0,    0,    0,   -5,    0,    0,   -9,   -7,    0,    0,    0,    0,    0,    0,    0,    0,    0,    0,    0,    0,    0,    0,    0,    0,    0,    0,    0,    0,    0,    0,    0,    0,    0,    0,    0,    0,    0,    0,    0,    0,    0,    0,    0,    0,    0,    0,    0,    0,    0,    0,    0,
       0,    0,    0,    0,    0,    0,    0,    0,    0,    0,    0,    0,    0,    0,    0,    0,    0,    0,    0,    0,    0,    0,    0,    0,    0,    0,    0,    0,    0,    0,    0,    0,    0,    0,    0,    0,    0,    0,    0,    0,    0,    0,    0,    0,    0,    0,    0,    0,    0,    0,    0,    0,    0,    0,    0,    0,    0,    0,    0,    0,    0,    0,    0,    0,    0,    0,    0,    0,    0,    0,    0,    0,    0,    0,    0,    0,    0,    0,    0,    0,   20,    0,   13,    5,    0,    0,   18,    0,    0,    0,    0,   13,    9,    5,   13,    0,   25,    0,    0,   -5,    5,    9,    0,    0,    5,    0,    0,    0,   13,   18,    0,   13,    0,    0,    0,    0,    0,    0,    0,    0,    0,    0,    0,    0,    0,    0,    0,    0,    0,    0,    0,    0,    0,    0,    0,    0,    0,    0,    0,    0,    0,    0,    0,    0,    0,    0,    0,    0,    0,    0,    0,    0,    0,    0,    0,
       0,    0,    0,    0,    0,    0,    0,    0,    0,    0,    0,    0,    0,    0,    0,    0,    0,    0,    0,    0,    0,    0,    0,    0,    0,    0,    0,    0,    0,    0,    0,    0,    0,    0,    0,    0,    0,    0,    0,    0,    0,    0,    0,    0,    0,    0,    0,    0,    0,    0,    0,    0,    0,    0,    0,    0,    0,    0,    0,    0,    0,    0,    0,    0,    0,    0,    0,    0,    0,    0,    0,    0,    0,    0,    0,    0,    0,    0,    0,    0,   -7,    0,    0,    0,  -15,   -5,   -5,   -5,   -7,   -7,   -5,   -7,    0,    0,   -2,   -7,   -7,    0,   -5,    2,   -5,    7,    0,    0,    0,    0,    0,    0,    0,    0,  -13,    0,    0,    0,    0,    0,    0,    0,    0,    0,    0,    0,    0,    0,    0,    0,    0,    0,    0,    0,    0,    0,    0,    0,    0,    0,    0,    0,    0,    0,    0,    0,    0,    0,    0,    0,    0,    0,    0,    0,    0,    0,    0,    0,    0,
       0,    0,    0,    0,    0,    0,    0,    0,    0,    0,    0,    0,    0,    0,    0,    0,    0,    0,    0,    0,    0,    0,    0,    0,    0,    0,    0,    0,    0,    0,    0,    0,    0,    0,    0,    0,    0,    0,    0,    0,    0,    0,    0,    0,    0,    0,    0,    0,    0,    0,    0,    0,    0,    0,    0,    0,    0,    0,    0,    0,    0,    0,    0,    0,    0,    0,    0,    0,    0,    0,    0,    0,    0,    0,    0,    0,    0,    0,    0,    0,    0,    0,   -9,   -5,   -7,    0,  -13,  -22,   -9,   -9,   -5,  -27,    0,   -5,    0,    0,    0,    0,  -13,  -13,    0,    0,    0,    0,    0,   -9,   -9,  -13,    0,   -5,  -13,   -9,    0,    0,    0,    0,    0,    0,    0,    0,    0,    0,    0,    0,    0,    0,    0,    0,    0,    0,    0,    0,    0,    0,    0,    0,    0,    0,    0,    0,    0,    0,    0,    0,    0,    0,    0,    0,    0,    0,    0,    0,    0,    0,    0,
       0,    0,    0,    0,    0,    0,    0,    0,    0,    0,    0,    0,    0,    0,    0,    0,    0,    0,    0,    0,    0,    0,    0,    0,    0,    0,    0,    0,    0,    0,    0,    0,    0,    0,    0,    0,    0,    0,    0,    0,    0,    0,    0,    0,    0,    0,    0,    0,    0,    0,    0,    0,    0,    0,    0,    0,    0,    0,    0,    0,    0,    0,    0,    0,    0,    0,    0,    0,    0,    0,    0,    0,    0,    0,    0,    0,    0,    0,    0,    0,    0,    5,    0,    5,   -2,    0,   13,    0,   -3,   -3,    0,   13,    9,    9,    0,   -7,    7,    0,    0,   -2,    0,   10,    0,    0,    0,    0,    0,    0,    0,   22,    0,    0,    0,    0,    7,    0,    0,    0,    0,    0,    0,    0,    0,    0,    0,    0,    0,    0,    0,    0,    0,    0,    0,    0,    0,    0,    0,    0,    0,    0,    0,    0,    0,    0,    0,    0,    0,    0,    0,    0,    0,    0,    0,    0,    0,
       0,    0,    0,    0,    0,    0,    0,    0,    0,    0,    0,    0,    0,    0,    0,    0,    0,    0,    0,    0,    0,    0,    0,    0,    0,    0,    0,    0,    0,    0,    0,    0,    0,    0,    0,    0,    0,    0,    0,    0,    0,    0,    0,    0,    0,    0,    0,    0,    0,    0,    0,    0,    0,    0,    0,    0,    0,    0,    0,    0,    0,    0,    0,    0,    0,    0,    0,    0,    0,    0,    0,    0,    0,    0,    0,    0,    0,    0,    0,    0,  -13,   -9,   -9,   -5,   -9,  -13,    5,   -7,  -13,  -13,   -9,    0,   -5,   -9,   -9,    0,    0,  -13,  -13,   -5,  -13,    0,    0,  -13,    0,  -13,   -5,  -13,   -9,    0,    0,    0,    0,    0,    0,    0,    0,    0,    0,    0,    0,    0,    0,    0,    0,    0,    0,    0,    0,    0,    0,    0,    0,    0,    0,    0,    0,    0,    0,    0,    0,    0,    0,    0,    0,    0,    0,    0,    0,    0,    0,    0,    0,    0,    0,
       0,    0,    0,    0,    0,    0,    0,    0,    0,    0,    0,    0,    0,    0,    0,    0,    0,    0,    0,    0,    0,    0,    0,    0,    0,    0,    0,    0,    0,    0,    0,    0,    0,    0,    0,    0,    0,    0,    0,    0,    0,    0,    0,    0,    0,    0,    0,    0,    0,    0,    0,    0,    0,    0,    0,    0,    0,    0,    0,    0,    0,    0,    0,    0,    0,    0,    0,    0,    0,    0,    0,    0,    0,    0,    0,    0,    0,    0,    0,    0,    0,    0,    0,    0,   -9,    0,    0,    0,    0,    0,    0,    0,   -5,    0,    0,    0,    0,    0,    2,    0,    0,    0,    0,    0,    0,   -5,    9,   -9,    0,    0,    0,    0,    0,    0,    0,    0,    0,    0,    0,    0,    0,    0,    0,    0,    0,    0,    0,    0,    0,    0,    0,    0,    0,    0,    0,    0,    0,    0,    0,    0,    0,    0,    0,    0,    0,    0,    0,    0,    0,    0,    0,    0,    0,    0,    0,
       0,    0,    0,    0,    0,    0,    0,    0,    0,    0,    0,    0,    0,    0,    0,    0,    0,    0,    0,    0,    0,    0,    0,    0,    0,    0,    0,    0,    0,    0,    0,    0,    0,    0,    0,    0,    0,    0,    0,    0,    0,    0,    0,    0,    0,    0,    0,    0,    0,    0,    0,    0,    0,    0,    0,    0,    0,    0,    0,    0,    0,    0,    0,    0,    0,    0,    0,    0,    0,    0,    0,    0,    0,    0,    0,    0,    0,    0,    0,    0,    0,    0,    0,    0,  -13,    0,    9,  -18,    0,    0,    0,    9,    9,    0,    0,    0,    0,   -2,    0,   -9,    0,    0,    0,   -9,    0,    0,   -5,   -5,    0,    9,   -5,    0,    0,    0,    0,    0,    0,    0,    0,    0,    0,    0,    0,    0,    0,    0,    0,    0,    0,    0,    0,    0,    0,    0,    0,    0,    0,    0,    0,    0,    0,    0,    0,    0,    0,    0,    0,    0,    0,    0,    0,    0,    0,    0,    0,
       0,    0,    0,    0,    0,    0,    0,    0,    0,    0,    0,    0,    0,    0,    0,    0,    0,    0,    0,    0,    0,    0,    0,    0,    0,    0,    0,    0,    0,    0,    0,    0,    0,    0,    0,    0,    0,    0,    0,    0,    0,    0,    0,    0,    0,    0,    0,    0,    0,    0,    0,    0,    0,    0,    0,    0,    0,    0,    0,    0,    0,    0,    0,    0,    0,    0,    0,    0,    0,    0,    0,    0,    0,    0,    0,    0,    0,    0,    0,    0,    0,    0,   -5,    0,   -5,   -5,    9,   -5,   -5,   -5,   -5,    9,    0,    0,   -5,   -9,    0,   -5,   -9,    0,    0,    0,    0,   -5,    0,    0,    0,   -9,    9,    9,   -5,    0,    0,    0,    0,    0,    0,    0,    0,    0,    0,    0,    0,    0,    0,    0,    0,    0,    0,    0,    0,    0,    0,    0,    0,    0,    0,    0,    0,    0,    0,    0,    0,    0,    0,    0,    0,    0,    0,    0,    0,    0,    0,    0,    0,
       0,    0,    0,    0,    0,    0,    0,    0,    0,    0,    0,    0,    0,    0,    0,    0,    0,    0,    0,    0,    0,    0,    0,    0,    0,    0,    0,    0,    0,    0,    0,    0,    0,    0,    0,    0,    0,    0,    0,    0,    0,    0,    0,    0,    0,    0,    0,    0,    0,    0,    0,    0,    0,    0,    0,    0,    0,    0,    0,    0,    0,    0,    0,    0,    0,    0,    0,    0,    0,    0,    0,    0,    0,    0,    0,    0,    0,    0,    0,    0,    0,   -5,  -18,   -5,  -13,  -13,   -5,  -25,   -5,   -5,   -5,   -5,   -5,    0,    0,  -11,    0,    0,   -9,   -9,   -5,    0,    0,   -9,   -5,  -11,    0,   -9,  -13,    0,   -9,   -5,    0,    0,    0,    0,    0,    0,    0,    0,    0,    0,    0,    0,    0,    0,    0,    0,    0,    0,    0,    0,    0,    0,    0,    0,    0,    0,    0,    0,    0,    0,    0,    0,    0,    0,    0,    0,    0,    0,    0,    0,    0,    0,    0,
       0,    0,    0,    0,    0,    0,    0,    0,    0,    0,    0,    0,    0,    0,    0,    0,    0,    0,    0,    0,    0,    0,    0,    0,    0,    0,    0,    0,    0,    0,    0,    0,    0,    0,    0,    0,    0,    0,    0,    0,    0,    0,    0,    0,    0,    0,    0,    0,    0,    0,    0,    0,    0,    0,    0,    0,    0,    0,    0,    0,    0,    0,    0,    0,    0,    0,    0,    0,    0,    0,    0,    0,    0,    0,    0,    0,    0,    0,    0,    0,    0,   -5,    0,    0,    0,    0,    0,   -5,    0,    0,    0,    0,    0,    0,    0,    0,    0,    0,    0,    0,    0,    0,    0,    0,    0,    0,    0,    0,    0,    0,    0,    0,    0,    0,    0,    0,    0,    0,    0,    0,    0,    0,    0,    0,    0,    0,    0,    0,    0,    0,    0,    0,    0,    0,    0,    0,    0,    0,    0,    0,    0,    0,    0,    0,    0,    0,    0,    0,    0,    0,    0,    0,    0,    0,    0,
       0,    0,    0,    0,    0,    0,    0,    0,    0,    0,    0,    0,    0,    0,    0,    0,    0,    0,    0,    0,    0,    0,    0,    0,    0,    0,    0,    0,    0,    0,    0,    0,    0,    0,    0,    0,    0,    0,    0,    0,    0,    0,    0,    0,    0,    0,    0,    0,    0,    0,    0,    0,    0,    0,    0,    0,    0,    0,    0,    0,    0,    0,    0,    0,    0,    0,    0,    0,    0,    0,    0,    0,    0,    0,    0,    0,    0,    0,    0,    0,    0,    0,    0,    0,    0,    0,    0,   -9,    0,    0,   -2,    0,    0,    0,    0,    0,    0,    0,    0,   -5,    0,    0,    0,   -5,    0,    0,   -5,   -9,    0,    0,    0,    0,    0,    0,    0,    0,    0,    0,    0,    0,    0,    0,    0,    0,    0,    0,    0,    0,    0,    0,    0,    0,    0,    0,    0,    0,    0,    0,    0,    0,    0,    0,    0,    0,    0,    0,    0,    0,    0,    0,    0,    0,    0,    0,    0,
       0,    0,    0,    0,    0,    0,    0,    0,    0,    0,    0,    0,    0,    0,    0,    0,    0,    0,    0,    0,    0,    0,    0,    0,    0,    0,    0,    0,    0,    0,    0,    0,    0,    0,    0,    0,    0,    0,    0,    0,    0,    0,    0,    0,    0,    0,    0,    0,    0,    0,    0,    0,    0,    0,    0,    0,    0,    0,    0,    0,    0,    0,    0,    0,    0,    0,    0,    0,    0,    0,    0,    0,    0,    0,    0,    0,    0,    0,    0,    0,    0,   -5,    0,    0,   -7,   -5,    0,  -13,   -9,   -9,    0,    0,   -9,    0,    0,   -9,    0,    0,    0,   -5,   -5,    0,    0,    0,    0,    0,    0,    0,    0,    0,    0,    0,    0,    0,    0,    0,    0,    0,    0,    0,    0,    0,    0,    0,    0,    0,    0,    0,    0,    0,    0,    0,    0,    0,    0,    0,    0,    0,    0,    0,    0,    0,    0,    0,    0,    0,    0,    0,    0,    0,    0,    0,    0,    0,    0,
       0,    0,    0,    0,    0,    0,    0,    0,    0,    0,    0,    0,    0,    0,    0,    0,    0,    0,    0,    0,    0,    0,    0,    0,    0,    0,    0,    0,    0,    0,    0,    0,    0,    0,    0,    0,    0,    0,    0,    0,    0,    0,    0,    0,    0,    0,    0,    0,    0,    0,    0,    0,    0,    0,    0,    0,    0,    0,    0,    0,    0,    0,    0,    0,    0,    0,    0,    0,    0,    0,    0,    0,    0,    0,    0,    0,    0,    0,    0,    0,    0,    0,    0,    0,   -9,   -5,   -5,  -13,    0,    0,   -5,  -13,    0,    0,    0,    0,    0,    0,    0,   -5,    0,    0,    0,   -5,    0,    0,    0,    0,    0,    0,    0,   -2,    0,    0,    0,    0,    0,    0,    0,    0,    0,    0,    0,    0,    0,    0,    0,    0,    0,    0,    0,    0,    0,    0,    0,    0,    0,    0,    0,    0,    0,    0,    0,    0,    0,    0,    0,    0,    0,    0,    0,    0,    0,    0,    0,
       0,    0,    0,    0,    0,    0,    0,    0,    0,    0,    0,    0,    0,    0,    0,    0,    0,    0,    0,    0,    0,    0,    0,    0,    0,    0,    0,    0,    0,    0,    0,    0,    0,    0,    0,    0,    0,    0,    0,    0,    0,    0,    0,    0,    0,    0,    0,    0,    0,    0,    0,    0,    0,    0,    0,    0,    0,    0,    0,    0,    0,    0,    0,    0,    0,    0,    0,    0,    0,    0,    0,    0,    0,    0,    0,    0,    0,    0,    0,    0,    0,    0,    0,    0,  -11,   -5,    0,  -15,   -5,   -5,    0,    0,    0,    0,    0,    0,    0,    0,   -9,    0,   -5,    0,    0,   -2,    0,   -5,    0,    0,    0,   -2,    0,    0,    0,    0,    0,    0,    0,    0,    0,    0,    0,    0,    0,    0,    0,    0,    0,    0,    0,    0,    0,    0,    0,    0,    0,    0,    0,    0,    0,    0,    0,    0,    0,    0,    0,    0,    0,    0,    0,    0,    0,    0,    0,    0,    0,
       0,    0,    0,    0,    0,    0,    0,    0,    0,    0,    0,    0,    0,    0,    0,    0,    0,    0,    0,    0,    0,    0,    0,    0,    0,    0,    0,    0,    0,    0,    0,    0,    0,    0,    0,    0,    0,    0,    0,    0,    0,    0,    0,    0,    0,    0,    0,    0,    0,    0,    0,    0,    0,    0,    0,    0,    0,    0,    0,    0,    0,    0,    0,    0,    0,    0,    0,    0,    0,    0,    0,    0,    0,    0,    0,    0,    0,    0,    0,    0,    0,    0,    0,    0,    0,    0,    0,    0,    0,    0,    0,    0,    0,    0,    0,    0,   -7,    0,    0,    0,    0,    0,    0,    0,    0,    0,    0,    0,    0,    0,    0,    0,    0,    0,    0,    0,    0,    0,    0,    0,    0,    0,    0,    0,    0,    0,    0,    0,    0,    0,    0,    0,    0,    0,    0,    0,    0,    0,    0,    0,    0,    0,    0,    0,    0,    0,    0,    0,    0,    0,    0,    0,    0,    0,    0,
       0,    0,    0,    0,    0,    0,    0,    0,    0,    0,    0,    0,    0,    0,    0,    0,    0,    0,    0,    0,    0,    0,    0,    0,    0,    0,    0,    0,    0,    0,    0,    0,    0,    0,    0,    0,    0,    0,    0,    0,    0,    0,    0,    0,    0,    0,    0,    0,    0,    0,    0,    0,    0,    0,    0,    0,    0,    0,    0,    0,    0,    0,    0,    0,    0,    0,    0,    0,    0,    0,    0,    0,    0,    0,    0,    0,    0,    0,    0,    0,    0,    0,    0,    0,    0,    0,    0,    0,   -7,    0,    0,    0,    0,    0,   -9,    0,    0,    0,    0,    0,    0,    0,    0,    0,    0,    0,    0,    0,    0,    0,    0,    0,    0,    0,    0,    0,    0,    0,    0,    0,    0,    0,    0,    0,    0,    0,    0,    0,    0,    0,    0,    0,    0,    0,    0,    0,    0,    0,    0,    0,    0,    0,    0,    0,    0,    0,    0,    0,    0,    0,    0,    0,    0,    0,    0,
       0,    0,    0,    0,    0,    0,    0,    0,    0,    0,    0,    0,    0,    0,    0,    0,    0,    0,    0,    0,    0,    0,    0,    0,    0,    0,    0,    0,    0,    0,    0,    0,    0,    0,    0,    0,    0,    0,    0,    0,    0,    0,    0,    0,    0,    0,    0,    0,    0,    0,    0,    0,    0,    0,    0,    0,    0,    0,    0,    0,    5,   -2,    0,   13,    0,    0,  -11,    0,    0,   -7,   -7,   13,    5,   -7,    0,    0,    0,    0,    2,    0,  -27,    0,    0,    0,    0,  -27,    0,    0,  -40,  -40,    0,    0,    0,    0,  -33,  -27,    7,  -27,    0,  -20,    0,   -7,    0,    0,    0,    0,    0,    0,    0,    0,    0,    0,    0,    0,    7,    0,    0,    0,    0,    0,    0,    0,    0,    0,    0,    0,    0,    0,    0,    0,    0,    0,    0,    0,    0,    0,    0,    0,    0,    0,    0,    0,    0,    0,    0,    0,    0,    0,    0,    0,    0,    0,    0,    0,    0,
       0,    0,    0,    0,    0,    0,    0,    0,    0,    0,    0,    0,    0,    0,    0,    0,    0,    0,    0,    0,    0,    0,    0,    0,    0,    0,    0,    0,    0,    0,    0,    0,    0,    0,    0,    0,    0,    0,    0,    0,    0,    0,    0,    0,    0,    0,    0,    0,    0,    0,    0,    0,    0,    0,    0,    0,    0,    0,    0,    0,    0,    0,    0,    0,    0,    0,    0,    0,    0,    0,    0,    0,    0,    0,    0,    0,    0,    0,    0,    0,    0,    0,    0,    0,    0,    0,    0,    0,   -5,    0,    0,    0,    0,    0,   -7,    0,    0,    0,    0,    0,    0,    0,    0,    0,    0,    0,    0,    0,    0,    0,    0,    0,    0,    0,    0,    0,    0,    0,    0,    0,    0,    0,    0,    0,    0,    0,    0,    0,    0,    0,    0,    0,    0,    0,    0,    0,    0,    0,    0,    0,    0,    0,    0,    0,    0,    0,    0,    0,    0,    0,    0,    0,    0,    0,    0,
       0,    0,    0,    0,    0,    0,    0,    0,    0,    0,    0,    0,    0,    0,    0,    0,    0,    0,    0,    0,    0,    0,    0,    0,    0,    0,    0,    0,    0,    0,    0,    0,    0,    0,    0,    0,    0,    0,    0,    0,    0,    0,    0,    0,    0,    0,    0,    0,    0,    0,    0,    0,    0,    0,    0,    0,    0,    0,    0,    0,    0,    0,    0,    0,    0,    0,    0,    0,    0,    0,    0,    0,    0,    0,    0,    0,    0,    0,    0,    0,    0,    0,    0,    0,    0,    0,    0,    0,   -5,    0,    0,    0,    0,    0,    0,    0,    0,    0,    0,    0,    0,    0,    0,    0,    0,    0,    0,    0,    0,    0,    0,    0,    0,    0,    0,    0,    0,    0,    0,    0,    0,    0,    0,    0,    0,    0,    0,    0,    0,    0,    0,    0,    0,    0,    0,    0,    0,    0,    0,    0,    0,    0,    0,    0,    0,    0,    0,    0,    0,    0,    0,    0,    0,    0,    0,
       0,    0,    0,    0,    0,    0,    0,    0,    0,    0,    0,    0,    0,    0,    0,    0,    0,    0,    0,    0,    0,    0,    0,    0,    0,    0,    0,    0,    0,    0,    0,    0,    0,    0,    0,    0,    0,    0,    0,    0,    0,    0,    0,    0,    0,    0,    0,    0,    0,    0,    0,    0,    0,    7,  -37,    0,    0,    0,    0,  -20,    0,    0,    0,    0,    0,   -7,  -13,    0,   -7,  -20,  -10,    0,    0,  -20,    0,    0,    0,    0,    0,    0,  -47,    0,    0,    0,    0,  -40,    0,    0,  -40,  -40,    0,    0,    0,    0,  -40,  -40,  -33,  -40,  -20,  -27,    0,  -33,    0,    0,    0,    0,    0,    0,    0,    0,    0,    0,    0,    0,    0,    0,    0,    0,    0,    0,    0,    0,    0,   -7,    0,    0,    0,    0,    0,    0,    0,    0,    0,    0,    0,    0,    0,    0,    0,    0,    0,    0,    0,    0,    0,    0,    0,    0,    0,    0,    0,    0,    0,    0,    0,
       0,    0,    0,    0,    0,    0,    0,    0,    0,    0,    0,    0,    0,    0,    0,    0,    0,    0,    0,    0,    0,    0,    0,    0,    0,    0,    0,    0,    0,    0,    0,    0,    0,    0,    0,    0,    0,    0,    0,    0,    0,    0,    0,    0,    0,    0,    0,    0,    0,    0,    0,    0,    0,    0,    0,    0,    0,    0,    0,    0,    0,    0,    0,    0,    0,    0,    0,    0,    0,    0,    0,  -18,    0,    0,    0,    0,    0,    0,    0,    0,    0,    0,    0,    0,    0,    0,    0,    0,    0,    0,    0,    0,    0,    0,    0,    0,    0,    0,    0,    0,    0,    0,    0,    0,    0,    0,    0,    0,    0,    0,    0,    0,    0,    0,    0,    0,    0,    0,    0,    0,    0,    0,    0,    0,    0,    0,    0,    0,    0,    0,    0,    0,    0,    0,    0,    0,    0,    0,    0,    0,    0,    0,    0,    0,    0,    0,    0,    0,    0,    0,    0,    0,    0,    0,    0,
       0,    0,    0,    0,    0,    0,    0,    0,    0,    0,    0,    0,    0,    0,    0,    0,    0,    0,    0,    0,    0,    0,    0,    0,    0,    0,    0,    0,    0,    0,    0,    0,    0,    0,    0,    0,    0,    0,    0,    0,    0,    0,    0,    0,    0,    0,    0,    0,    0,    0,    0,    0,    0,    0,    0,    0,    0,    0,    0,    0,    0,    0,    0,    0,    0,    0,    0,    0,    0,    0,    0,    0,    0,    0,    0,    0,    0,    0,    0,    0,    0,    0,    0,    0,    0,    0,    0,    0,    0,    0,    0,   -5,    0,    0,    0,   -7,    0,    0,    0,    0,    0,    0,    0,    0,    0,    0,    0,    0,    0,    0,    0,    0,    0,    0,    0,    0,    0,    0,    0,    0,    0,    0,    0,    0,    0,    0,    0,    0,    0,    0,    0,    0,    0,    0,    0,    0,    0,    0,    0,    0,    0,    0,    0,    0,    0,    0,    0,    0,    0,    0,    0,    0,    0,    0,    0,
       0,    0,    0,    0,    0,    0,    0,    0,    0,    0,    0,    0,    0,    0,    0,    0,    0,    0,    0,    0,    0,    0,    0,    0,    0,    0,    0,    0,    0,    0,    0,    0,    0,    0,    0,    0,    0,    0,    0,    0,    0,    0,    0,    0,    0,    0,    0,    0,    0,    0,    0,    0,    0,    0,    0,    0,    0,    0,    0,    0,    0,    0,    0,    0,    0,    0,    0,    0,    0,    0,    0,    0,    0,    0,    0,    0,    0,    0,    0,    0,    0,    0,    0,    0,    0,    0,    0,    0,    0,    0,    0,    0,    0,    0,    0,    0,    0,    0,    0,    0,    0,    0,    0,    0,    0,    0,    0,    0,    0,    0,    0,    0,    0,    0,    0,    0,    0,    0,    0,    0,    0,    0,    0,    0,    0,    0,    0,    0,    0,    0,    0,    0,    0,    0,  -13,    0,   -4,   -4,    0,    0,    0,    0,    0,  -13,    0,   -7,    0,  -13,    0,    0,    0,    0,    0,    0,    0,
       0,    0,    0,    0,    0,    0,    0,    0,    0,    0,    0,    0,    0,    0,    0,    0,    0,    0,    0,    0,    0,    0,    0,    0,    0,    0,    0,    0,    0,    0,    0,    0,    0,    0,    0,    0,    0,    0,    0,    0,    0,    0,    0,    0,    0,    0,    0,    0,    0,    0,    0,    0,    0,    0,    0,    0,    0,    0,    0,    0,    0,    0,    0,    0,    0,    0,    0,    0,    0,    0,    0,    0,    0,    0,    0,    0,    0,    0,    0,    0,    0,    0,    0,    0,    0,    0,    0,    0,    0,    0,    0,    0,    0,    0,    0,    0,    0,    0,    0,    0,    0,    0,    0,    0,    0,    0,    0,    0,    0,    0,    0,    0,    0,    0,    0,    0,    0,    0,    0,    0,    0,    0,    0,    0,    0,    0,    0,    0,    0,   -8,    0,    0,    0,    0,    0,  -13,    0,    0,    0,    0,  -21,    0,    0,  -21,    0,    0,  -17,    0,    0,    0,    0,    0,    0,    0,    0,
       0,    0,    0,    0,    0,    0,    0,    0,    0,    0,    0,    0,    0,    0,    0,    0,    0,    0,    0,    0,    0,    0,    0,    0,    0,    0,    0,    0,    0,    0,    0,    0,    0,    0,    0,    0,    0,    0,    0,    0,    0,    0,    0,    0,    0,    0,    0,    0,    0,    0,    0,    0,    0,    0,    0,    0,    0,    0,    0,    0,    0,    0,    0,    0,    0,    0,    0,    0,    0,    0,    0,    0,    0,    0,    0,    0,    0,    0,    0,    0,    0,    0,    0,    0,    0,    0,    0,    0,    0,    0,    0,    0,    0,    0,    0,    0,    0,    0,    0,    0,    0,    0,    0,    0,    0,    0,    0,    0,    0,    0,    0,    0,    0,    0,    0,    0,    0,    0,    0,    0,    0,    0,    0,    0,    0,    0,    0,    3,    0,    0,    0,    0,    0,  -13,  -21,    0,   -8,  -11,    0,  -15,    0,    0,    0,  -17,    0,    0,    0,    0,    0,    0,    0,    0,    0,    0,    0,
       0,    0,    0,    0,    0,    0,    0,    0,    0,    0,    0,    0,    0,    0,    0,    0,    0,    0,    0,    0,    0,    0,    0,    0,    0,    0,    0,    0,    0,    0,    0,    0,    0,    0,    0,    0,    0,    0,    0,    0,    0,    0,    0,    0,    0,    0,    0,    0,    0,    0,    0,    0,    0,    0,    0,    0,    0,    0,    0,    0,    0,    0,    0,    0,    0,    0,    0,    0,    0,    0,    0,    0,    0,    0,    0,    0,    0,    0,    0,    0,    0,    0,    0,    0,    0,    0,    0,    0,    0,    0,    0,    0,    0,    0,    0,    0,    0,    0,    0,    0,    0,    0,    0,    0,    0,    0,    0,    0,    0,    0,    0,    0,    0,    0,    0,    0,    0,    0,    0,    0,    0,    0,    0,    0,    0,    0,    0,  -27,    0,    0,  -13,    0,    0,  -13,    0,  -33,  -24,    0,  -17,   -8,  -21,    0,  -33,  -24,    0,    0,  -24,    0,    0,    0,    0,    0,    0,    0,    0,
       0,    0,    0,    0,    0,    0,    0,    0,    0,    0,    0,    0,    0,    0,    0,    0,    0,    0,    0,    0,    0,    0,    0,    0,    0,    0,    0,    0,    0,    0,    0,    0,    0,    0,    0,    0,    0,    0,    0,    0,    0,    0,    0,    0,    0,    0,    0,    0,    0,    0,    0,    0,    0,    0,    0,    0,    0,    0,    0,    0,    0,    0,    0,    0,    0,    0,    0,    0,    0,    0,    0,    0,    0,    0,    0,    0,    0,    0,    0,    0,    0,    0,    0,    0,    0,    0,    0,    0,    0,    0,    0,    0,    0,    0,    0,    0,    0,    0,    0,    0,    0,    0,    0,    0,    0,    0,    0,    0,    0,    0,    0,    0,    0,    0,    0,    0,    0,    0,    0,    0,    0,    0,    0,    0,    0,    0,    0,   -4,    0,    0,    0,    0,    0,  -11,    0,    0,    0,    0,   -7,    0,   -5,    0,    0,  -13,    0,    0,   -7,    0,    0,    0,    0,    0,    0,    0,    0,
       0,    0,    0,    0,    0,    0,    0,    0,    0,    0,    0,    0,    0,    0,    0,    0,    0,    0,    0,    0,    0,    0,    0,    0,    0,    0,    0,    0,    0,    0,    0,    0,    0,    0,    0,    0,    0,    0,    0,    0,    0,    0,    0,    0,    0,    0,    0,    0,    0,    0,    0,    0,    0,    0,    0,    0,    0,    0,    0,    0,    0,    0,    0,    0,    0,    0,    0,    0,    0,    0,    0,    0,    0,    0,    0,    0,    0,    0,    0,    0,    0,    0,    0,    0,    0,    0,    0,    0,    0,    0,    0,    0,    0,    0,    0,    0,    0,    0,    0,    0,    0,    0,    0,    0,    0,    0,    0,    0,    0,    0,    0,    0,    0,    0,    0,    0,    0,    0,    0,    0,    0,    0,    0,    0,    0,    0,    0,  -13,    0,    0,    0,    0,    0,    0,    0,    0,    0,    0,    0,    0,    0,    0,    0,    0,    0,    0,    0,    0,    0,    0,    0,    0,    0,    0,    0,
       0,    0,    0,    0,    0,    0,    0,    0,    0,    0,    0,    0,    0,    0,    0,    0,    0,    0,    0,    0,    0,    0,    0,    0,    0,    0,    0,    0,    0,    0,    0,    0,    0,    0,    0,    0,    0,    0,    0,    0,    0,    0,    0,    0,    0,    0,    0,    0,    0,    0,    0,    0,    0,    0,    0,    0,    0,    0,    0,    0,    0,    0,    0,    0,    0,    0,    0,    0,    0,    0,    0,    0,    0,    0,    0,    0,    0,    0,    0,    0,    0,    0,    0,    0,    0,    0,    0,    0,    0,    0,    0,    0,    0,    0,    0,    0,    0,    0,    0,    0,    0,    0,    0,    0,    0,    0,    0,    0,    0,    0,    0,    0,    0,    0,    0,    0,    0,    0,    0,    0,    0,    0,    0,    0,    0,    0,    0,    0,    0,   -8,    0,    0,    0,  -13,    0,  -13,   -4,    0,    0,    0,    0,    0,   -7,  -15,  -13,  -13,   -8,    0,    0,    0,    0,    0,    0,    0,    0,
       0,    0,    0,    0,    0,    0,    0,    0,    0,    0,    0,    0,    0,    0,    0,    0,    0,    0,    0,    0,    0,    0,    0,    0,    0,    0,    0,    0,    0,    0,    0,    0,    0,    0,    0,    0,    0,    0,    0,    0,    0,    0,    0,    0,    0,    0,    0,    0,    0,    0,    0,    0,    0,    0,    0,    0,    0,    0,    0,    0,    0,    0,    0,    0,    0,    0,    0,    0,    0,    0,    0,    0,    0,    0,    0,    0,    0,    0,    0,    0,    0,    0,    0,    0,    0,    0,    0,    0,    0,    0,    0,    0,    0,    0,    0,    0,    0,    0,    0,    0,    0,    0,    0,    0,    0,    0,    0,    0,    0,    0,    0,    0,    0,    0,    0,    0,    0,    0,    0,    0,    0,    0,    0,    0,    0,    0,    0,  -43,    0,    0,  -13,    0,   -5,   -5,    0,    0,   -5,    0,  -20,   -5,   -5,    0,    0,  -15,    0,    0,  -13,    0,  -13,    0,    0,    0,    0,    0,    0,
       0,    0,    0,    0,    0,    0,    0,    0,    0,    0,    0,    0,    0,    0,    0,    0,    0,    0,    0,    0,    0,    0,    0,    0,    0,    0,    0,    0,    0,    0,    0,    0,    0,    0,    0,    0,    0,    0,    0,    0,    0,    0,    0,    0,    0,    0,    0,    0,    0,    0,    0,    0,    0,    0,    0,    0,    0,    0,    0,    0,    0,    0,    0,    0,    0,    0,    0,    0,    0,    0,    0,    0,    0,    0,    0,    0,    0,    0,    0,    0,    0,    0,    0,    0,    0,    0,    0,    0,    0,    0,    0,    0,    0,    0,    0,    0,    0,    0,    0,    0,    0,    0,    0,    0,    0,    0,    0,    0,    0,    0,    0,    0,    0,    0,    0,    0,    0,    0,    0,    0,    0,    0,    0,    0,    0,    0,    0,    0,    0,    0,    0,    0,    0,  -13,    0,    0,   -8,    0,    0,  -11,  -11,    0,  -17,  -17,    0,    0,    0,    0,    0,    0,    0,    0,    0,    0,    0,
       0,    0,    0,    0,    0,    0,    0,    0,    0,    0,    0,    0,    0,    0,    0,    0,    0,    0,    0,    0,    0,    0,    0,    0,    0,    0,    0,    0,    0,    0,    0,    0,    0,    0,    0,    0,    0,    0,    0,    0,    0,    0,    0,    0,    0,    0,    0,    0,    0,    0,    0,    0,    0,    0,    0,    0,    0,    0,    0,    0,    0,    0,    0,    0,    0,    0,    0,    0,    0,    0,    0,    0,    0,    0,    0,    0,    0,    0,    0,    0,    0,    0,    0,    0,    0,    0,    0,    0,    0,    0,    0,    0,    0,    0,    0,    0,    0,    0,    0,    0,    0,    0,    0,    0,    0,    0,    0,    0,    0,    0,    0,    0,    0,    0,    0,    0,    0,    0,    0,    0,    0,    0,    0,    0,    0,    0,    0,  -27,   -3,    0,    0,    0,    0,  -13,    0,  -20,  -17,    0,    0,    0,  -13,    0,  -25,  -11,    0,    0,    0,   13,   -4,    0,    0,    0,    0,    0,    0,
       0,    0,    0,    0,    0,    0,    0,    0,    0,    0,    0,    0,    0,    0,    0,    0,    0,    0,    0,    0,    0,    0,    0,    0,    0,    0,    0,    0,    0,    0,    0,    0,    0,    0,    0,    0,    0,    0,    0,    0,    0,    0,    0,    0,    0,    0,    0,    0,    0,    0,    0,    0,    0,    0,    0,    0,    0,    0,    0,    0,    0,    0,    0,    0,    0,    0,    0,    0,    0,    0,    0,    0,    0,    0,    0,    0,    0,    0,    0,    0,    0,    0,    0,    0,    0,    0,    0,    0,    0,    0,    0,    0,    0,    0,    0,    0,    0,    0,    0,    0,    0,    0,    0,    0,    0,    0,    0,    0,    0,    0,    0,    0,    0,    0,    0,    0,    0,    0,    0,    0,    0,    0,    0,    0,    0,    0,    0,    0,    0,    0,    0,    0,    0,    0,    0,    0,  -13,    0,   -8,  -13,  -15,    0,    0,  -19,    0,    0,    0,    0,    0,    0,    0,    0,    0,    0,    0,
       0,    0,    0,    0,    0,    0,    0,    0,    0,    0,    0,    0,    0,    0,    0,    0,    0,    0,    0,    0,    0,    0,    0,    0,    0,    0,    0,    0,    0,    0,    0,    0,    0,    0,    0,    0,    0,    0,    0,    0,    0,    0,    0,    0,    0,    0,    0,    0,    0,    0,    0,    0,    0,    0,    0,    0,    0,    0,    0,    0,    0,    0,    0,    0,    0,    0,    0,    0,    0,    0,    0,    0,    0,    0,    0,    0,    0,    0,    0,    0,    0,    0,    0,    0,    0,    0,    0,    0,    0,    0,    0,    0,    0,    0,    0,    0,    0,    0,    0,    0,    0,    0,    0,    0,    0,    0,    0,    0,    0,    0,    0,    0,    0,    0,    0,    0,    0,    0,    0,    0,    0,    0,    0,    0,    0,    0,    0,    0,    0,    0,    0,    0,    0,  -11,   -9,    0,  -17,    0,    0,    0,    0,    0,    0,    0,    0,    0,    0,    0,    0,    0,    0,    0,    0,    0,    0,
       0,    0,    0,    0,    0,    0,    0,    0,    0,    0,    0,    0,    0,    0,    0,    0,    0,    0,    0,    0,    0,    0,    0,    0,    0,    0,    0,    0,    0,    0,    0,    0,    0,    0,    0,    0,    0,    0,    0,    0,    0,    0,    0,    0,    0,    0,    0,    0,    0,    0,    0,    0,    0,    0,    0,    0,    0,    0,    0,    0,    0,    0,    0,    0,    0,    0,    0,    0,    0,    0,    0,    0,    0,    0,    0,    0,    0,    0,    0,    0,    0,    0,    0,    0,    0,    0,    0,    0,    0,    0,    0,    0,    0,    0,    0,    0,    0,    0,    0,    0,    0,    0,    0,    0,    0,    0,    0,    0,    0,    0,    0,    0,    0,    0,    0,    0,    0,    0,    0,    0,    0,    0,    0,    0,    0,    0,    0,    0,    0,    0,    0,    0,    0,   -3,    0,  -20,    0,   -3,    0,    0,   -3,    0,  -21,   -8,    0,    0,   -7,    0,    0,    0,    0,    0,    0,    0,    0,
       0,    0,    0,    0,    0,    0,    0,    0,    0,    0,    0,    0,    0,    0,    0,    0,    0,    0,    0,    0,    0,    0,    0,    0,    0,    0,    0,    0,    0,    0,    0,    0,    0,    0,    0,    0,    0,    0,    0,    0,    0,    0,    0,    0,    0,    0,    0,    0,    0,    0,    0,    0,    0,    0,    0,    0,    0,    0,    0,    0,    0,    0,    0,    0,    0,    0,    0,    0,    0,    0,    0,    0,    0,    0,    0,    0,    0,    0,    0,    0,    0,    0,    0,    0,    0,    0,    0,    0,    0,    0,    0,    0,    0,    0,    0,    0,    0,    0,    0,    0,    0,    0,    0,    0,    0,    0,    0,    0,    0,    0,    0,    0,    0,    0,    0,    0,    0,    0,    0,    0,    0,    0,    0,    0,    0,    0,    0,    0,    0,    0,    0,    0,    0,   -5,    0,    0,    0,    0,    0,    0,  -17,    0,    0,    0,    0,    0,    0,    0,    0,    0,    0,    0,    0,    0,    0,
       0,    0,    0,    0,    0,    0,    0,    0,    0,    0,    0,    0,    0,    0,    0,    0,    0,    0,    0,    0,    0,    0,    0,    0,    0,    0,    0,    0,    0,    0,    0,    0,    0,    0,    0,    0,    0,    0,    0,    0,    0,    0,    0,    0,    0,    0,    0,    0,    0,    0,    0,    0,    0,    0,    0,    0,    0,    0,    0,    0,    0,    0,    0,    0,    0,    0,    0,    0,    0,    0,    0,    0,    0,    0,    0,    0,    0,    0,    0,    0,    0,    0,    0,    0,    0,    0,    0,    0,    0,    0,    0,    0,    0,    0,    0,    0,    0,    0,    0,    0,    0,    0,    0,    0,    0,    0,    0,    0,    0,    0,    0,    0,    0,    0,    0,    0,    0,    0,    0,    0,    0,    0,    0,    0,    0,    0,    0,    0,    0,    0,    0,    0,    0,    0,    0,   -5,  -13,   -5,    0,    0,   -5,    0,  -18,   -3,    0,    0,    0,   -5,    0,    0,    0,    0,    0,    0,    0,
       0,    0,    0,    0,    0,    0,    0,    0,    0,    0,    0,    0,    0,    0,    0,    0,    0,    0,    0,    0,    0,    0,    0,    0,    0,    0,    0,    0,    0,    0,    0,    0,    0,    0,    0,    0,    0,    0,    0,    0,    0,    0,    0,    0,    0,    0,    0,    0,    0,    0,    0,    0,    0,    0,    0,    0,    0,    0,    0,    0,    0,    0,    0,    0,    0,    0,    0,    0,    0,    0,    0,    0,    0,    0,    0,    0,    0,    0,    0,    0,    0,    0,    0,    0,    0,    0,    0,    0,    0,    0,    0,    0,    0,    0,    0,    0,    0,    0,    0,    0,    0,    0,    0,    0,    0,    0,    0,    0,    0,    0,    0,    0,    0,    0,    0,    0,    0,    0,    0,    0,    0,    0,    0,    0,    0,    0,   -8,  -17,    0,  -13,    0,    0,    0,    0,  -13,    0,    0,    0,  -17,    0,  -21,    0,    0,  -17,    0,    0,    0,    0,    0,    0,    0,    0,    0,    0,    0,
       0,    0,    0,    0,    0,    0,    0,    0,    0,    0,    0,    0,    0,    0,    0,    0,    0,    0,    0,    0,    0,    0,    0,    0,    0,    0,    0,    0,    0,    0,    0,    0,    0,    0,    0,    0,    0,    0,    0,    0,    0,    0,    0,    0,    0,    0,    0,    0,    0,    0,    0,    0,    0,    0,    0,    0,    0,    0,    0,    0,    0,    0,    0,    0,    0,    0,    0,    0,    0,    0,    0,    0,    0,    0,    0,    0,    0,    0,    0,    0,    0,    0,    0,    0,    0,    0,    0,    0,    0,    0,    0,    0,    0,    0,    0,    0,    0,    0,    0,    0,    0,    0,    0,    0,    0,    0,    0,    0,    0,    0,    0,    0,    0,    0,    0,    0,    0,    0,    0,    0,    0,    0,    0,    0,    0,    0,    0,  -27,    0,    0,    0,    0,    0,  -13,    0,  -10,  -13,    0,    0,   -5,   -7,    0,  -20,   -7,    0,    0,  -13,    0,  -15,    0,    0,    0,    0,    0,    0,
       0,    0,    0,    0,    0,    0,    0,    0,    0,    0,    0,    0,    0,    0,    0,    0,    0,    0,    0,    0,    0,    0,    0,    0,    0,    0,    0,    0,    0,    0,    0,    0,    0,    0,    0,    0,    0,    0,    0,    0,    0,    0,    0,    0,    0,    0,    0,    0,    0,    0,    0,    0,    0,    0,    0,    0,    0,    0,    0,    0,    0,    0,    0,    0,    0,    0,    0,    0,    0,    0,    0,    0,    0,    0,    0,    0,    0,    0,    0,    0,    0,    0,    0,    0,    0,    0,    0,    0,    0,    0,    0,    0,    0,    0,    0,    0,    0,    0,    0,    0,    0,    0,    0,    0,    0,    0,    0,    0,    0,    0,    0,    0,    0,    0,    0,    0,    0,    0,    0,    0,    0,    0,    0,    0,    0,    0,    0,  -16,    0,    0,    0,    0,    0,   -3,    0,    0,  -16,    0,   -5,    0,   -7,    0,    0,   -5,    0,    0,   -5,    0,    0,    0,    0,    0,    0,    0,    0,
       0,    0,    0,    0,    0,    0,    0,    0,    0,    0,    0,    0,    0,    0,    0,    0,    0,    0,    0,    0,    0,    0,    0,    0,    0,    0,    0,    0,    0,    0,    0,    0,    0,    0,    0,    0,    0,    0,    0,    0,    0,    0,    0,    0,    0,    0,    0,    0,    0,    0,    0,    0,    0,    0,    0,    0,    0,    0,    0,    0,    0,    0,    0,    0,    0,    0,    0,    0,    0,    0,    0,    0,    0,    0,    0,    0,    0,    0,    0,    0,    0,    0,    0,    0,    0,    0,    0,    0,    0,    0,    0,    0,    0,    0,    0,    0,    0,    0,    0,    0,    0,    0,    0,    0,    0,    0,    0,    0,    0,    0,    0,    0,    0,    0,    0,    0,    0,    0,    0,    0,    0,    0,    0,    0,    0,    0,    0,    0,    0,  -29,    0,  -33,    0,    0,   -9,    0,  -13,   -3,    0,  -23,  -27,  -27,    0,  -17,    0,    0,    0,  -13,    0,    0,    0,    0,    0,    0,    0,
       0,    0,    0,    0,    0,    0,    0,    0,    0,    0,    0,    0,    0,    0,    0,    0,    0,    0,    0,    0,    0,    0,    0,    0,    0,    0,    0,    0,    0,    0,    0,    0,    0,    0,    0,    0,    0,    0,    0,    0,    0,    0,    0,    0,    0,    0,    0,    0,    0,    0,    0,    0,   -6,    0,    0,    0,    0,    0,    0,    0,    0,    0,    0,    0,    0,    0,    0,    0,    0,    0,    0,    0,    0,    0,    0,    0,    0,    0,    0,    0,    0,    0,    0,    0,    0,    0,    0,    0,    0,    0,    0,    0,    0,    0,    0,    0,    0,    0,    0,    0,    0,    0,    0,    0,    0,    0,    0,    0,    0,    0,    0,    0,    0,    0,    0,    0,    0,    0,    0,    0,    0,    0,    0,    0,    0,    0,    0,    0,    0,    0,    0,    0,    0,    0,    0,    0,    0,    0,    0,    0,    0,    0,    0,    0,    0,    0,    0,    0,    0,    0,    9,    3,  -24,  -15,    0,
       0,    0,    0,    0,    0,    0,    0,    0,    0,    0,    0,    0,    0,    0,    0,    0,    0,    0,    0,    0,    0,    0,    0,    0,    0,    0,    0,    0,    0,    0,    0,    0,    0,    0,    0,    0,    0,    0,    0,    0,    0,    0,    0,    0,    0,    0,    0,    0,    0,    0,    0,    0,    0,    0,    0,    0,    0,    0,    0,    0,    0,    0,    0,    0,    0,    0,    0,    0,    0,    0,    0,    0,    0,    0,    0,    0,    0,    0,    0,    0,    0,    0,    0,    0,    0,    0,    0,    0,    0,    0,    0,    0,    0,    0,    0,    0,    0,    0,    0,    0,    0,    0,    0,    0,    0,    0,    0,    0,    0,    0,    0,    0,    0,    0,    0,    0,    0,    0,    0,    0,    0,    0,    0,    0,    0,    0,    0,    0,    0,    0,    0,    0,    0,    0,    0,    0,    0,    0,    0,    0,    0,    0,    0,    0,    0,    0,    0,    0,    0,    6,  -21,    0,    0,    0,    0,
       0,    0,    0,    0,    0,    0,    0,    0,    0,    0,    0,    0,    0,    0,    0,    0,    0,    0,    0,    0,    0,    0,    0,    0,    0,    0,    0,    0,    0,    0,    0,    0,    0,    0,    0,    0,    0,    0,    0,    0,    0,    0,    0,    0,    0,    0,    0,    0,    0,    0,    0,    0,    0,    0,    0,    0,    0,    0,    0,    0,    0,    0,    0,    0,    0,    0,    0,    0,    0,    0,    0,    0,    0,    0,    0,    0,    0,    0,    0,    0,    0,    0,    0,    0,    0,    0,    0,    0,    0,    0,    0,    0,    0,    0,    0,    0,    0,    0,    0,    0,    0,    0,    0,    0,    0,    0,    0,    0,    0,    0,    0,    0,    0,    0,    0,    0,    0,    0,    0,    0,    0,    0,    0,    0,    0,    0,    0,    0,    0,    0,    0,    0,    0,    0,    0,    0,    0,    0,    0,    0,    0,    0,    0,    0,    0,    0,    0,    0,    0,    0,  -24,    0,    0,    0,    0,
       0,    0,    0,    0,    0,    0,    0,    0,    0,    0,    0,    0,    0,    0,    0,    0,    0,    0,    0,    0,    0,    0,    0,    0,    0,    0,    0,    0,    0,    0,    0,    0,    0,    0,    0,    0,    0,    0,    0,    0,    0,    0,    0,    0,    0,    0,    0,    0,    0,    0,    0,    0,    0,    0,    0,    0,    0,    0,    0,    0,    0,    0,    0,    0,    0,    0,    0,    0,    0,    0,    0,    0,    0,    0,    0,    0,    0,    0,    0,    0,    0,    0,    0,    0,    0,    0,    0,    0,    0,    0,    0,    0,    0,    0,    0,    0,    0,    0,    0,    0,    0,    0,    0,    0,    0,    0,    0,    0,    0,    0,    0,    0,    0,    0,    0,    0,    0,    0,    0,    0,    0,    0,    0,    0,    0,    0,    0,    0,    0,    0,    0,    0,    0,    0,    0,    0,    0,    0,    0,    0,    0,    0,    0,    0,    0,    0,    0,    0,    0,    0,  -15,    0,    0,    0,    0,
       0,    0,    0,    0,    0,    0,    0,    0,    0,    0,    0,    0,    0,    0,    0,    0,    0,    0,    0,    0,    0,    0,    0,    0,    0,    0,    0,    0,    0,    0,    0,    0,    0,    0,    0,    0,    0,    0,    0,    0,    0,    0,    0,    0,    0,    0,    0,    0,    0,    0,    0,    0,    0,    0,    0,    0,    0,    0,    0,    0,    0,    0,    0,    0,    0,    0,    0,    0,    0,    0,    0,    0,    0,    0,    0,    0,    0,    0,    0,    0,    0,    0,    0,    0,    0,    0,    0,    0,    0,    0,    0,    0,    0,    0,    0,    0,    0,    0,    0,    0,    0,    0,    0,    0,    0,    0,    0,    0,    0,    0,    0,   22,    0,  -13,    0,    0,    0,    0,    0,    0,    0,    0,    0,    0,    0,    0,    0,    0,    0,    0,    0,    0,    0,    0,    0,    0,    0,    0,    0,    0,    0,    0,    0,    0,    0,    0,    0,    0,    0,    0,    0,    0,    0,    0,    0,
};

static const EpdFontData ui_script_20 = {
    ui_script_20Bitmaps,
    ui_script_20Glyphs,
    ui_script_20Intervals,
    136,
    53,
    40,
    -13,
    false,
    nullptr,
    0,
    nullptr,
    ui_script_20KernLeftClasses,
    ui_script_20KernRightClasses,
    ui_script_20KernMatrix,
    173,
    189,
    147,
    155,
    nullptr,
    0,
};
